face_index,centroid_x,centroid_y,centroid_z,normal_x,normal_y,normal_z
0,2.247780,0.253533,3.344063,0.724629,-0.084073,-0.683992
1,0.938597,2.649980,4.686903,0.847865,-0.355749,-0.393152
2,0.933954,2.650643,4.687763,-0.852443,-0.198910,-0.483503
3,-2.250587,1.348673,4.516723,-0.235438,-0.862217,-0.448499
4,-2.757160,2.616400,4.468380,0.378442,-0.492416,-0.783778
5,-2.060000,2.437430,4.507720,-0.087393,0.733949,-0.673559
6,-2.062133,2.434867,4.511293,-0.673522,-0.735627,0.072251
7,-2.057310,2.435303,4.511143,0.786665,-0.616780,0.027203
8,1.728360,0.073103,2.885580,-0.359435,0.618782,-0.698509
9,-1.036160,-0.083478,1.471837,-0.676191,-0.032443,-0.736011
10,-2.632587,2.546550,4.474873,0.986271,-0.160952,0.036925
11,-2.636697,2.548980,4.471393,-0.090679,0.475788,-0.874873
12,-2.637460,2.545027,4.474550,-0.549995,-0.832367,0.068342
13,-1.377913,0.389558,4.595060,0.787303,0.007135,-0.616524
14,-0.852627,0.447278,4.634017,-0.289987,0.023620,-0.956739
15,-0.850097,0.445814,4.637810,0.871659,-0.468047,0.145402
16,1.444687,0.823098,2.824227,0.107808,0.038930,-0.993409
17,2.133673,0.864203,3.065980,-0.165028,-0.985986,-0.024432
18,1.146703,-0.040885,2.154013,-0.059550,-0.069693,-0.995789
19,1.753070,1.655350,4.779430,-0.312095,0.774541,-0.550166
20,0.757506,-0.064828,1.451900,0.303962,-0.029053,-0.952241
21,1.552530,0.831549,2.849397,0.424057,-0.690809,-0.585626
22,1.548527,0.833742,2.851543,-0.926287,0.287164,-0.243986
23,-0.857969,0.247025,4.636250,-0.381704,-0.011940,-0.924207
24,1.443473,0.051695,2.853180,-0.886732,-0.448117,-0.113568
25,1.445997,0.056462,2.852720,-0.009210,0.924916,-0.380060
26,1.448730,0.051246,2.851960,0.697602,-0.424920,-0.576884
27,1.963047,0.861337,3.044517,-0.712293,-0.147363,-0.686238
28,2.220043,0.752107,3.446573,0.181491,-0.590452,-0.786402
29,2.232797,0.547242,3.350707,-0.669933,-0.742047,-0.023573
30,2.236240,0.549738,3.348540,0.033704,0.730278,-0.682318
31,-1.661750,-0.038458,4.534197,0.653005,-0.650000,-0.388696
32,-0.551281,0.443162,4.653293,-0.010986,-0.835933,-0.548722
33,0.118619,0.438501,4.333483,0.075913,-0.844922,-0.529476
34,-2.833693,0.234423,4.493607,0.622056,-0.261301,-0.738084
35,-2.828407,0.222119,4.500237,0.411691,-0.085294,-0.907323
36,-1.653800,2.546907,4.522147,0.223384,-0.471890,-0.852889
37,0.462481,-0.064531,1.668053,-0.509951,0.035446,-0.859473
38,-2.251523,1.052233,4.530337,0.725069,-0.688106,0.028008
39,-3.147767,0.165762,4.472703,-0.035172,0.287216,-0.957220
40,-3.144740,0.163975,4.476017,0.961777,-0.272103,0.030753
41,-1.384217,0.400390,4.593453,0.118857,0.230927,-0.965684
42,-0.761026,0.348584,4.643170,0.360141,0.932729,-0.017736
43,-1.270187,0.715692,4.599080,0.728657,-0.272821,-0.628194
44,-0.242078,0.603516,4.671180,-0.064921,-0.574830,-0.815693
45,-3.058833,0.148343,4.483240,0.327576,-0.944477,0.025631
46,-3.059747,0.151612,4.479823,0.392270,0.697285,-0.599931
47,-1.444393,0.041559,4.592420,0.649513,-0.706978,-0.279848
48,0.100388,0.364607,4.639687,0.336435,0.629631,-0.700269
49,-2.649540,0.071575,4.515253,0.428445,0.885720,0.178702
50,-3.062017,0.287944,4.471043,0.960473,-0.272258,0.058019
51,-2.451943,1.153183,4.503640,-0.799449,0.197151,-0.567462
52,-3.071060,0.577079,4.471330,0.439471,-0.893877,-0.088594
53,-2.743597,0.253813,4.503040,0.932502,-0.360940,0.012768
54,-1.757987,1.344310,4.557123,0.822102,-0.555701,0.123874
55,-3.049593,0.043285,4.481503,-0.159419,-0.959727,-0.231321
56,-2.750373,0.055745,4.508520,0.486218,-0.865361,-0.121418
57,-2.980857,0.741246,4.469180,-0.775353,0.208875,-0.595986
58,-2.977820,0.742919,4.472613,0.810035,0.585275,0.035995
59,-2.978847,0.738271,4.472320,0.528529,-0.847154,-0.054664
60,-2.767433,0.261236,4.494063,-0.347215,-0.736650,-0.580335
61,-3.143187,0.749579,4.460717,0.843799,-0.087148,0.529537
62,-3.151977,1.154240,4.455703,0.850538,-0.479166,0.216760
63,-2.982633,0.371919,4.493000,0.900926,-0.194961,0.387715
64,-2.985490,0.373853,4.488770,0.094890,0.294661,-0.950879
65,-2.971323,0.678577,4.472023,-0.169486,0.744700,-0.645520
66,-1.752160,1.240613,4.557330,0.009140,-0.394467,-0.918864
67,-1.563410,1.151640,4.585007,0.515369,-0.856930,0.008183
68,-2.970423,0.943279,4.468780,0.963962,-0.026051,-0.264760
69,-3.147160,0.273652,4.465430,-0.221551,0.937057,-0.269886
70,-2.272380,2.242717,4.484893,-0.016736,0.867423,-0.497290
71,-2.276080,2.237310,4.483923,-0.716176,-0.154357,-0.680636
72,-2.271443,2.238003,4.484977,0.818380,-0.571267,0.062519
73,-3.047910,0.946909,4.465147,0.030850,-0.362184,-0.931596
74,-1.751313,2.334223,4.527487,0.403910,0.044355,-0.913723
75,-1.752813,2.331837,4.531683,-0.376424,-0.884285,0.276307
76,-3.062870,0.367323,4.480030,0.560689,0.827268,-0.035437
77,-2.829463,0.642281,4.480780,0.825469,0.239996,-0.510885
78,-1.568377,0.953322,4.583163,0.387952,-0.741545,-0.547361
79,-2.975533,0.940945,4.466760,-0.361753,-0.746111,-0.558975
80,-2.968163,0.676582,4.475447,0.925584,-0.376534,0.038947
81,-3.145800,0.749805,4.455623,0.290748,-0.044591,-0.955760
82,-2.131753,2.343523,4.506157,-0.639705,-0.754061,-0.148893
83,-2.128617,2.346197,4.503463,0.097148,0.726475,-0.680291
84,-2.127297,2.344263,4.507583,0.755274,-0.581437,0.302476
85,-1.658457,1.650330,4.549147,0.058919,-0.851763,-0.520604
86,-3.146043,0.657963,4.460360,-0.023789,0.137474,-0.990220
87,-2.247863,2.601850,4.489270,-0.202948,-0.702323,-0.682316
88,-2.047190,1.748663,4.522000,-0.635166,-0.767224,-0.089065
89,-3.144060,0.654757,4.464287,0.670773,-0.700426,0.243858
90,-2.844907,2.150840,4.447207,0.819851,0.565692,0.088530
91,-2.847363,2.148800,4.443590,-0.052135,-0.782318,-0.620694
92,-3.017450,2.616040,4.458437,-0.300917,-0.910204,0.284567
93,-2.544750,2.623170,4.466590,-0.199557,0.098551,-0.974918
94,-2.544583,2.620047,4.470727,-0.144829,-0.917379,0.370729
95,-2.541413,2.624223,4.470500,0.942805,0.283196,0.175837
96,-1.760303,1.346057,4.553407,-0.702414,-0.163594,-0.692714
97,-1.238863,-0.021920,4.559237,-0.025144,0.984305,-0.174676
98,-3.057697,-0.025869,4.470000,0.253628,0.550703,-0.795235
99,-1.474317,0.238321,4.597137,-0.125344,-0.830168,-0.543241
100,-1.045313,0.454985,4.620457,-0.232898,0.926130,-0.296719
101,2.235927,0.452464,3.256377,-0.075885,0.982703,-0.168924
102,0.092435,1.425210,4.214970,0.933859,0.105821,-0.341626
103,0.106243,1.434623,4.226410,0.221412,-0.298429,-0.928395
104,-1.180487,0.699455,4.596373,-0.444823,-0.834575,-0.324988
105,-2.655420,2.619497,4.468070,0.734454,0.678518,0.013814
106,1.445300,1.651383,4.854853,-0.888320,0.439288,-0.133842
107,0.729812,2.564343,4.669193,0.139113,-0.569219,-0.810332
108,0.726955,2.563973,4.673280,-0.669694,-0.630338,0.392662
109,1.036143,2.644693,4.766127,0.496652,-0.765074,-0.409876
110,-1.946607,2.043103,4.518673,-0.176105,-0.775279,-0.606571
111,-1.550427,1.551187,4.582273,0.880249,-0.117339,-0.459776
112,-1.554383,1.549800,4.584730,-0.696773,-0.712497,-0.082801
113,-2.534613,2.441687,4.467297,0.124913,-0.503719,-0.854789
114,-1.521247,1.738807,4.598023,-0.151575,-0.158263,-0.975693
115,0.857458,1.643923,4.740017,-0.553093,-0.829922,0.072924
116,-2.746380,1.949183,4.452920,0.786807,0.030118,-0.616463
117,-2.466990,2.447987,4.468270,0.548340,-0.835761,-0.028774
118,-2.743263,2.140747,4.456670,-0.523937,-0.851255,-0.029227
119,-3.143383,1.945020,4.437033,0.703963,0.710140,0.011726
120,-2.650863,2.158773,4.463237,0.000598,0.749491,-0.662015
121,-3.247203,2.447203,4.427830,0.338950,-0.009489,-0.940756
122,-2.658033,2.616470,4.464763,0.001031,-0.633024,-0.774132
123,-3.153180,2.354360,4.429063,0.585487,0.742219,-0.326062
124,-3.153777,2.349767,4.430293,0.578662,-0.814635,0.038987
125,-2.623763,2.341250,4.468707,-0.514034,-0.848634,-0.124857
126,-2.842477,2.424610,4.446393,0.445094,-0.711293,-0.544016
127,-2.187330,2.271583,4.498850,0.801073,-0.375979,0.465750
128,-2.189593,2.271557,4.494157,-0.330888,-0.546018,-0.769661
129,-2.469330,2.450827,4.465067,-0.814578,0.116894,-0.568154
130,-2.466283,2.452717,4.468230,0.794114,0.606275,-0.042583
131,-2.849837,1.852053,4.450800,0.706558,0.701208,0.095308
132,0.049034,-0.104503,0.443369,-0.646524,-0.752081,-0.127987
133,-2.969197,2.345333,4.435540,0.349733,0.841524,-0.411734
134,-2.970030,2.340323,4.435007,0.507655,-0.851155,-0.133496
135,-2.554460,2.548810,4.467630,0.010432,0.698689,-0.715349
136,-2.325123,2.604267,4.476290,-0.020017,-0.996655,0.079229
137,-2.453370,2.610230,4.466120,0.734252,0.657206,-0.170158
138,-2.140677,2.431090,4.500150,0.015745,-0.899876,0.435861
139,-2.551767,2.546373,4.471243,0.827715,-0.555177,0.081650
140,-2.456093,2.606813,4.463560,-0.000948,-0.848986,-0.528414
141,2.513470,1.849297,4.757617,-0.823876,0.552063,0.128274
142,-2.257240,0.749193,4.534570,0.717769,0.695376,0.035511
143,-1.714837,2.539933,4.520930,0.670247,0.084222,-0.737343
144,1.361473,1.557043,4.844140,0.926451,-0.336427,-0.168837
145,-0.651073,0.809939,4.667683,-0.317800,-0.700261,-0.639247
146,1.885987,1.748997,4.803100,-0.288981,-0.948949,0.126436
147,2.241433,0.257729,3.261377,-0.641489,0.764052,0.068675
148,0.753308,-0.064766,1.454090,-0.957726,-0.010452,-0.287491
149,-0.754805,0.556038,4.644607,0.641246,-0.748814,0.167574
150,-0.756726,0.558249,4.640887,0.068686,-0.090344,-0.993539
151,-0.863357,1.440780,4.643617,0.955840,-0.282750,0.080139
152,0.750780,-0.056128,1.652793,-0.234554,0.489976,-0.839588
153,1.915857,1.762087,4.797143,-0.233402,0.742626,-0.627718
154,1.083083,2.696490,4.807630,0.245502,0.047247,-0.968244
155,2.631103,1.827117,4.838757,-0.299529,-0.946748,-0.118112
156,2.233380,0.648287,3.243437,0.052299,-0.988933,0.138840
157,-0.661062,-0.072759,1.538467,0.002074,0.559035,-0.829141
158,-0.520644,-0.018106,4.613227,-0.359856,-0.243343,-0.900715
159,-0.516874,-0.017731,4.616283,0.982778,-0.182786,-0.027131
160,0.166014,0.309885,3.503493,0.726562,0.415282,-0.547402
161,0.159713,0.309533,3.503087,-0.691775,0.336101,-0.639127
162,0.716526,2.204767,4.701057,-0.009004,0.590884,-0.806706
163,0.087998,1.435790,4.228183,-0.701740,0.616258,-0.357472
164,0.956418,-0.058389,1.436060,0.334592,0.848370,-0.410265
165,1.201510,-0.041448,2.399410,0.667534,-0.510731,-0.541805
166,-1.658423,2.045270,4.541420,0.376947,-0.888316,-0.262308
167,-1.664633,2.337960,4.535310,-0.746365,-0.643164,-0.171115
168,1.343933,1.769437,4.832477,-0.777598,-0.625186,0.066961
169,0.903647,-0.067860,1.292650,-0.364816,-0.100472,-0.925643
170,-3.083140,2.556867,4.439473,0.702897,-0.558599,-0.440344
171,-2.250017,2.561117,4.489090,0.353426,-0.050866,-0.934079
172,-1.855447,2.430517,4.509097,-0.170228,-0.800270,-0.574970
173,-1.975327,2.416240,4.496973,0.266921,-0.050177,-0.962411
174,-2.656167,1.849200,4.468447,-0.731803,-0.656903,-0.181503
175,-2.653063,1.852133,4.465840,0.079799,0.802393,-0.591437
176,-2.651560,1.849467,4.469430,0.736122,-0.664524,0.128578
177,-3.054543,2.045127,4.444373,0.592778,-0.804600,-0.035118
178,-2.653490,2.244800,4.460043,0.801067,0.593866,0.074935
179,-3.014240,2.619730,4.457710,0.975820,0.171458,0.135561
180,-2.827770,1.443987,4.462940,0.937892,0.112087,-0.328321
181,-3.126713,2.529910,4.439430,0.808984,-0.145739,-0.569478
182,-0.942025,-0.065194,1.935550,-0.427915,0.577174,-0.695528
183,-0.942280,-0.071814,1.936063,-0.474759,-0.642878,-0.601092
184,-0.938746,-0.068575,1.936577,0.987382,-0.025872,0.156228
185,-2.550067,2.047513,4.470480,0.036667,-0.769737,-0.637307
186,-2.650097,2.041700,4.461887,-0.209491,-0.870426,-0.445502
187,-2.646567,2.046077,4.461467,0.851989,0.366556,-0.373834
188,-3.147070,1.348547,4.444153,-0.089765,-0.841906,-0.532106
189,-3.150063,1.448557,4.442720,0.440011,-0.887121,0.139310
190,-3.149953,0.953285,4.454857,-0.329187,-0.081401,-0.940750
191,-3.147240,0.951561,4.458693,0.795253,-0.586665,0.152958
192,-0.743945,-0.079968,1.440037,-0.525817,-0.022386,-0.850303
193,-0.739406,-0.080203,1.441343,0.872203,-0.096949,-0.479439
194,-3.051057,1.841953,4.441473,0.195007,-0.772006,-0.604961
195,-3.049353,1.844907,4.444973,0.609332,0.790897,0.056537
196,-3.244263,2.135987,4.422603,0.063033,-0.096513,-0.993334
197,-3.046157,1.150180,4.460357,-0.348891,-0.876874,-0.330706
198,-3.042800,1.154493,4.458957,0.633715,0.337981,-0.695827
199,-3.054040,0.856900,4.468220,0.097467,0.440920,-0.892239
200,-3.052103,0.854414,4.471900,0.670238,-0.734350,0.107294
201,-3.135880,1.842940,4.434410,0.845641,-0.021283,-0.533328
202,-2.947847,1.845857,4.440183,0.935211,0.173736,-0.308538
203,-2.648593,1.748840,4.474137,0.727899,-0.676160,0.113889
204,-3.147870,1.763127,4.433303,0.189951,0.775744,-0.601781
205,-3.146177,1.760077,4.436573,0.515156,-0.856920,-0.017367
206,-2.951557,1.938623,4.438190,0.804564,0.101921,-0.585055
207,-3.056547,2.047967,4.441160,0.086864,0.788222,-0.609230
208,-3.036930,2.144177,4.438667,0.768816,0.035738,-0.638470
209,-2.849710,1.941337,4.448547,0.042680,-0.891352,-0.451298
210,-2.847160,1.945700,4.450247,0.788238,0.580823,-0.203288
211,-3.017457,2.619620,4.453957,-0.303135,0.076648,-0.949860
212,-2.981690,2.438017,4.429077,-0.438188,-0.759913,-0.480128
213,-2.841673,2.545577,4.451163,0.819222,0.573207,0.017574
214,-3.154080,2.247333,4.433777,0.003279,0.826232,-0.563320
215,-3.232380,2.506077,4.407790,0.380829,-0.607106,-0.697418
216,-3.259137,2.356610,4.426967,0.328460,-0.732907,-0.595786
217,-2.953930,2.253300,4.429570,-0.702295,0.043037,-0.710584
218,-2.951867,2.250733,4.432990,0.723868,-0.689100,0.034011
219,-3.302553,2.324290,4.424390,-0.295304,-0.954491,0.041749
220,-3.151940,2.244253,4.436787,0.719742,-0.691034,-0.066662
221,-2.735100,2.453813,4.459920,0.805038,-0.592713,-0.024614
222,-2.739787,2.453283,4.459403,-0.612996,-0.768405,-0.183820
223,-2.843203,2.541527,4.448847,-0.048523,-0.804451,-0.592033
224,-3.232197,1.770530,4.425003,-0.222317,-0.405027,-0.886864
225,-2.752437,2.243170,4.458030,0.706598,-0.706941,0.030885
226,-2.547943,2.049813,4.474103,0.726030,0.681611,0.091027
227,-2.545683,2.148907,4.469000,0.891707,-0.013793,-0.452403
228,-1.563107,2.136453,4.565703,0.233291,0.209427,-0.949587
229,-1.563040,2.134070,4.569877,0.314137,-0.896104,0.313554
230,-2.142920,1.746653,4.513343,0.908267,-0.009149,-0.418291
231,-2.051353,1.455293,4.534773,0.676504,-0.730739,0.091452
232,-1.554890,1.744023,4.577820,0.913007,-0.373783,-0.163416
233,-1.559527,1.743630,4.579023,-0.816465,-0.416231,-0.400172
234,-2.145267,1.654503,4.517363,0.477005,-0.048194,-0.877578
235,-0.854877,1.343103,4.643947,0.559402,0.114934,-0.820889
236,-1.246713,0.598189,4.596133,-0.912480,-0.228796,-0.339165
237,-1.254960,0.550111,4.603043,0.626956,0.160929,-0.762252
238,0.115034,1.434910,4.233217,0.431706,-0.879345,0.200956
239,-1.743773,2.151723,4.524560,0.063819,-0.641241,-0.764681
240,-2.462313,1.360930,4.494613,0.891002,0.063371,-0.449555
241,-2.450413,1.359970,4.499933,0.144742,0.064081,-0.987392
242,-3.045660,1.046087,4.463167,0.883512,0.166785,-0.437709
243,-1.352490,-0.036406,4.557827,-0.844840,-0.421496,-0.329525
244,-1.642427,0.656705,4.569530,0.806516,0.008137,-0.591156
245,-1.342080,0.245221,4.603743,0.857316,-0.054266,-0.511922
246,-1.242720,0.043441,4.605163,-0.025542,-0.493229,-0.869525
247,-1.049553,0.247698,4.623280,-0.133149,-0.781221,-0.609889
248,-1.047057,0.249665,4.626767,0.839889,0.540370,0.050869
249,-0.946849,0.148487,4.631563,0.032535,0.494791,-0.868403
250,-0.658928,0.050178,4.650980,0.792747,-0.579782,-0.188165
251,-0.661295,0.053801,4.649053,0.092984,0.547153,-0.831852
252,-1.335083,0.439778,4.599067,-0.294845,0.171953,-0.939946
253,-1.047727,0.342445,4.624977,0.337585,0.150163,-0.929240
254,-1.531367,0.137664,4.604190,0.670524,-0.737805,0.077731
255,-1.242893,0.248335,4.608923,0.810033,0.043726,-0.584751
256,-1.845623,0.142730,4.580510,0.800894,0.587945,0.113531
257,-1.382553,0.415397,4.596420,0.061887,0.084204,-0.994525
258,-1.251520,0.345655,4.606313,0.575830,-0.039170,-0.816631
259,-1.448113,0.557340,4.592257,0.253528,0.831927,-0.493580
260,-1.059923,0.140149,4.620907,-0.120821,-0.272116,-0.954649
261,-1.489763,0.237438,4.605180,-0.167352,-0.980261,-0.105272
262,-1.904270,-0.039163,4.553773,0.498178,-0.588155,-0.637097
263,-1.903953,-0.033653,4.556153,0.449405,0.860065,-0.241504
264,-2.446397,0.948968,4.510953,0.076551,0.732379,-0.676580
265,-2.444437,0.946782,4.514687,0.680126,-0.722000,0.127060
266,-3.070137,0.581702,4.471567,0.829198,0.558527,-0.021848
267,-2.537917,0.275509,4.522250,0.674845,-0.737412,0.028412
268,-1.447333,0.553550,4.595057,0.560163,-0.826706,-0.052671
269,-1.344050,0.547886,4.598540,0.201776,-0.917940,-0.341574
270,-1.157950,0.621666,4.608207,-0.773890,-0.160086,-0.612753
271,-1.153527,0.625269,4.609027,0.406978,0.852369,-0.328384
272,-1.153483,0.620326,4.610263,0.628932,-0.777155,0.021773
273,-1.230423,0.616106,4.595177,0.024482,-0.294212,-0.955426
274,-1.241957,0.600949,4.594767,0.663105,0.293445,-0.688608
275,-1.236397,0.588260,4.597393,0.844643,-0.073570,-0.530250
276,-1.248290,0.578006,4.599603,-0.896073,0.261655,-0.358596
277,-1.243887,0.575628,4.598387,0.536846,-0.580155,-0.612550
278,-1.246287,0.561802,4.604350,0.088179,-0.193917,-0.977047
279,-1.027927,0.620103,4.619810,-0.302491,-0.944839,-0.125610
280,-1.026283,0.623661,4.616977,0.793356,0.381998,-0.473987
281,-1.330103,0.610062,4.601327,0.969042,-0.155796,0.191536
282,-1.251643,0.449535,4.602360,0.016643,0.782403,-0.622551
283,-1.249477,0.447336,4.605943,0.727547,-0.681559,0.078441
284,-1.254197,0.735658,4.615013,0.987182,0.125400,0.098728
285,-1.229020,-0.000727,4.595833,-0.516297,-0.831380,-0.205535
286,-2.751893,0.059242,4.505650,-0.741243,0.314472,-0.593014
287,-1.474463,0.244086,4.597187,-0.254025,0.816758,-0.518051
288,-1.150320,0.250357,4.616190,0.183142,0.820389,-0.541684
289,-1.152403,0.245528,4.616223,-0.828548,-0.479658,-0.288855
290,-1.147233,0.244704,4.616723,0.827893,-0.360139,-0.429993
291,-2.818343,0.483737,4.497510,0.936224,0.226114,-0.268994
292,-1.040810,-0.073852,1.849787,0.163504,-0.744097,-0.647754
293,-1.040570,-0.068251,1.850440,0.136453,0.846702,-0.514273
294,-2.862397,0.153221,4.496997,-0.506730,0.740345,-0.441717
295,-3.045517,0.438850,4.474517,0.749045,-0.371499,-0.548563
296,-2.749167,0.060248,4.509400,0.858918,0.491437,0.144045
297,-2.852997,-0.006723,4.484153,0.000065,0.875158,-0.483836
298,-2.850173,-0.010366,4.486440,0.763294,-0.611518,-0.208392
299,-2.848527,0.158410,4.494383,-0.227676,0.625381,-0.746366
300,-2.854377,0.147745,4.493367,0.430853,-0.609605,-0.665393
301,-2.944637,0.054366,4.483073,0.098229,-0.800480,-0.591255
302,-2.942773,0.057208,4.486400,0.640610,0.767850,0.005055
303,-3.141743,0.040285,4.467863,0.345037,-0.187821,-0.919605
304,-3.140147,0.041766,4.473057,0.797781,0.233521,0.555890
305,-3.056450,-0.029352,4.473613,0.470681,-0.876212,0.103499
306,-2.913390,-0.011730,4.482823,-0.127226,0.173696,-0.976547
307,-2.910080,-0.013057,4.486653,0.934588,-0.251832,0.251248
308,-2.448180,0.348134,4.523723,0.012941,-0.771295,-0.636346
309,-2.446007,0.350606,4.527203,0.728554,0.683333,0.047602
310,-2.648000,0.067106,4.514663,0.838117,-0.545214,-0.017381
311,-2.754173,0.261047,4.494887,0.454631,0.601178,-0.657188
312,-2.546283,0.445141,4.513090,0.045453,-0.834868,-0.548570
313,-2.545653,0.449311,4.515307,0.708897,0.705267,0.008030
314,-2.050283,0.949582,4.543823,-0.813615,-0.083451,-0.575384
315,-2.146817,0.945469,4.539017,0.762742,0.646701,-0.001741
316,-3.131400,0.343849,4.467367,0.354228,-0.108717,-0.928818
317,-2.756463,0.156449,4.503150,-0.675077,-0.039274,-0.736702
318,-2.754213,0.153934,4.506843,0.642999,-0.759321,0.099917
319,-2.754440,0.158643,4.506800,0.664056,0.740955,0.100078
320,-2.946110,0.135607,4.485363,-0.061574,-0.440635,-0.895572
321,-2.943543,0.137288,4.489410,0.865902,0.449079,0.220321
322,-2.983433,0.400422,4.490130,0.957746,0.172714,0.229983
323,-2.986020,0.389116,4.486550,0.262628,-0.315976,-0.911694
324,-2.816503,0.469922,4.503133,0.948206,-0.147170,0.281507
325,-2.640593,0.842809,4.506390,0.983191,0.101953,0.151464
326,-3.143517,0.269732,4.464657,0.889293,-0.240367,-0.389079
327,-2.835237,0.167642,4.499737,0.001232,0.789296,-0.614012
328,-3.062047,0.362615,4.479913,0.805223,-0.588784,-0.070347
329,-3.136953,0.537971,4.465627,0.136611,-0.176600,-0.974756
330,-3.060170,0.749549,4.465513,-0.408278,-0.018649,-0.912667
331,-3.058733,0.747251,4.469677,0.642102,-0.716759,0.271961
332,-3.198677,0.653623,4.450533,0.657346,0.336373,-0.674351
333,-1.755350,1.148150,4.557307,0.019884,0.341083,-0.939823
334,-1.753707,1.145037,4.560660,0.662254,-0.748329,0.037740
335,-2.733083,0.457353,4.501010,0.096639,0.517823,-0.850012
336,-2.730797,0.455216,4.505150,0.762545,-0.605565,0.227633
337,-3.134990,0.539970,4.469883,0.700825,0.654033,0.284754
338,-2.973423,0.845605,4.469960,0.548761,-0.835779,-0.018280
339,-2.763610,0.269323,4.498767,0.394905,0.836149,-0.380663
340,-3.133687,0.463225,4.460807,0.140887,0.757466,-0.637493
341,-3.131950,0.460199,4.464113,0.570712,-0.821144,-0.003271
342,-3.049763,0.048133,4.480103,0.428077,0.600145,-0.675705
343,-2.253530,0.345736,4.539493,0.108008,-0.836651,-0.536981
344,-2.760250,0.255445,4.505487,-0.180253,-0.882242,-0.434922
345,-0.672169,-0.079622,1.446563,0.606808,-0.078706,-0.790942
346,-2.831710,0.249982,4.493823,0.936261,0.051318,-0.347538
347,-2.251380,0.349093,4.542517,0.700489,0.711578,-0.054512
348,-2.442050,0.638231,4.517027,-0.173219,-0.822394,-0.541907
349,-2.816887,0.072342,4.503767,0.936994,0.190321,0.292952
350,-2.833000,0.165442,4.503457,0.810383,-0.572008,0.126831
351,-1.453340,0.247806,4.596057,-0.075512,0.860996,-0.502974
352,-1.490510,0.245968,4.600820,0.090266,-0.147990,-0.984861
353,-1.364703,0.022251,4.591330,0.718514,-0.122755,-0.684594
354,-0.553466,-0.077988,1.552487,-0.252378,-0.440065,-0.861770
355,-0.540612,-0.070110,1.629207,0.005721,0.564339,-0.825523
356,-0.540470,-0.076751,1.629550,0.031391,-0.645640,-0.762997
357,-0.742612,-0.065518,2.112430,0.011854,-0.465379,-0.885032
358,-0.742342,-0.058994,2.113630,0.062071,0.746758,-0.662193
359,-0.743442,-0.073128,1.831237,-0.242639,-0.616638,-0.748922
360,-0.743773,-0.066474,1.831110,-0.301231,0.560692,-0.771287
361,-0.858006,-0.072778,1.649290,-0.239277,0.764968,-0.597972
362,0.207385,0.433975,2.913913,-0.112208,-0.992640,-0.045548
363,0.151283,0.455835,3.516103,-0.598076,-0.258585,-0.758577
364,0.112724,0.539311,4.462880,0.617612,0.200122,-0.760597
365,0.341738,-0.090914,0.544384,0.048387,0.514328,-0.856228
366,-0.661006,-0.079405,1.538813,0.012144,-0.641979,-0.766626
367,-0.741318,-0.060784,2.242667,-0.288433,-0.139162,-0.947333
368,-0.345273,-0.088151,0.947814,0.566345,0.824146,0.006072
369,-0.344903,-0.093940,0.947275,0.682725,-0.726129,-0.081380
370,-0.348895,-0.091175,0.944405,-0.445711,0.054712,-0.893503
371,-0.738488,-0.079418,1.541980,0.905987,-0.305721,0.292785
372,-0.836984,-0.060696,2.279640,0.887779,0.341331,-0.308776
373,-0.774492,-0.020268,4.586240,0.760271,-0.355274,-0.543846
374,-0.031406,0.613192,4.688720,-0.209154,-0.977669,0.020418
375,0.456710,0.650497,2.816160,0.785859,-0.050214,-0.616364
376,0.454091,0.648459,2.819523,-0.748588,-0.662950,0.010592
377,0.444764,-0.062678,1.746513,-0.265928,0.095318,-0.959269
378,-0.451008,0.355312,4.666603,-0.649765,-0.746387,-0.143914
379,-0.630178,-0.023937,4.578883,0.472686,0.038318,-0.880398
380,-0.654913,0.172002,4.650610,0.313075,0.625790,-0.714402
381,-0.460811,0.035732,4.649587,-0.353770,-0.568895,-0.742432
382,-0.456572,0.039288,4.650810,0.870465,0.353012,-0.343037
383,-0.375645,0.144676,4.674470,-0.247954,-0.071702,-0.966115
384,-1.283123,0.711114,4.592643,-0.267356,-0.715464,-0.645470
385,-0.330462,0.960931,4.689950,0.641849,-0.264042,-0.719939
386,-1.262833,0.728179,4.602610,0.730627,-0.232445,-0.641992
387,-0.762100,0.345207,4.639903,0.362161,-0.733713,-0.574895
388,-1.031243,0.552149,4.620563,0.583622,-0.811230,0.035939
389,-1.146340,0.539607,4.609650,-0.017968,-0.795244,-0.606023
390,-1.143457,0.542224,4.613053,0.836022,0.546429,0.049825
391,0.099713,1.348473,4.224147,0.520730,0.066421,-0.851134
392,-0.271524,1.145607,4.687330,-0.622549,0.612221,-0.487461
393,0.243618,0.657355,2.797880,0.395036,0.755168,-0.523133
394,0.233600,0.654567,2.795670,-0.918487,0.223275,-0.326389
395,-0.870081,1.140637,4.647543,-0.124806,-0.956102,-0.265127
396,-0.239079,0.156690,4.686667,0.801251,-0.598190,-0.012883
397,-2.652980,1.455967,4.482800,0.567949,-0.814176,0.120632
398,0.126865,0.390541,4.246810,0.104117,0.984489,-0.141211
399,-0.260137,0.541424,4.671350,0.129865,-0.764768,-0.631082
400,0.112749,1.340560,4.233710,0.729132,0.253261,-0.635787
401,-0.048762,0.054390,4.685237,0.453536,-0.889889,-0.049024
402,-0.497554,-0.025443,4.516863,-0.715203,-0.373971,-0.590449
403,0.553769,0.646621,2.820027,0.819423,-0.024911,-0.572647
404,0.550999,0.644162,2.823187,-0.695213,-0.717418,-0.044611
405,-1.147153,0.452765,4.613127,0.144051,0.795064,-0.589170
406,-1.145467,0.450119,4.616657,0.623125,-0.779310,0.066270
407,-0.548682,0.039398,4.652403,0.443029,-0.886049,-0.136536
408,-0.495712,-0.020646,4.519543,-0.150189,0.987918,-0.038236
409,-0.492548,-0.024629,4.518233,0.937380,-0.200842,-0.284573
410,-0.420611,-0.008898,4.636370,-0.207910,0.733181,-0.647471
411,-0.366427,-0.013675,4.640617,0.554899,-0.674151,-0.487450
412,-0.855332,0.563378,4.634360,0.704873,-0.707917,0.044802
413,-1.454117,0.237224,4.596573,0.027362,-0.850184,-0.525774
414,-1.154443,0.346759,4.615523,-0.844522,0.121686,-0.521512
415,-1.150747,0.343199,4.617243,0.446665,-0.849892,-0.279597
416,-1.150670,0.347860,4.618207,0.695124,0.718865,-0.005954
417,-1.140347,0.731703,4.623470,0.979961,0.149037,0.132152
418,-0.538876,0.168224,4.663010,0.399181,0.174977,-0.900021
419,0.154133,0.551109,3.485437,-0.859981,-0.510216,-0.010622
420,-0.356882,0.372853,4.671177,0.943132,-0.174630,-0.282853
421,-0.567420,0.236833,4.655600,0.268939,-0.757607,-0.594730
422,-0.029628,-0.019307,4.646160,-0.598258,0.097784,-0.795314
423,-0.445748,0.123403,4.671563,-0.684215,-0.701278,-0.200149
424,-0.950898,0.041902,4.620003,-0.155385,-0.208019,-0.965704
425,-0.565855,0.240411,4.658897,0.618083,0.785731,0.024484
426,-0.361672,0.371924,4.671050,-0.587714,-0.803706,-0.092993
427,-0.421935,-0.014307,4.637687,-0.575379,-0.767817,-0.281772
428,-0.417546,-0.012085,4.638793,0.972814,-0.227329,0.044222
429,-0.769441,-0.020760,4.597953,0.774814,-0.613073,-0.154287
430,-0.356860,0.044151,4.662137,-0.378770,-0.280080,-0.882093
431,-0.654820,0.278591,4.647360,0.047070,0.517800,-0.854206
432,-0.549882,0.043084,4.649620,-0.653542,0.398057,-0.643765
433,-0.442972,0.126354,4.668990,0.809027,0.145503,-0.569478
434,-0.274924,-0.025889,4.621300,0.615476,-0.399500,-0.679403
435,-0.278956,-0.024481,4.623507,-0.980562,-0.049001,-0.189991
436,0.052819,0.241847,4.699980,-0.127991,-0.130874,-0.983102
437,-0.258593,0.069734,4.680753,-0.792271,-0.608027,-0.051088
438,0.127406,0.386510,4.244157,0.252686,-0.325367,-0.911200
439,-0.024484,-0.020145,4.647850,0.962235,0.018770,-0.271571
440,2.229950,0.348834,3.447537,-0.150444,0.187481,-0.970679
441,2.229293,0.345689,3.451573,-0.241357,-0.947104,0.211522
442,0.102912,0.235048,4.645990,0.462076,0.588034,-0.663854
443,1.162280,1.561927,4.844677,0.628305,-0.481840,-0.610788
444,1.158123,1.561697,4.847640,-0.978478,-0.195543,-0.065907
445,-0.253902,0.439536,4.679077,0.149771,0.819726,-0.552828
446,-0.028707,0.425613,4.691433,0.774879,-0.538581,-0.330897
447,-0.548895,0.445694,4.656577,0.748795,0.662733,-0.009509
448,-0.255569,0.834651,4.695607,-0.442707,-0.827891,-0.344395
449,0.067911,0.548851,4.686077,0.794062,0.601655,-0.086471
450,0.063737,0.546540,4.683183,-0.380654,-0.145766,-0.913157
451,-0.254728,0.071271,4.677863,0.425047,-0.096287,-0.900035
452,0.109960,0.390228,4.498163,0.077119,0.684811,-0.724628
453,0.118109,0.345289,4.320083,0.366675,0.256566,-0.894273
454,0.113633,0.344524,4.322247,-0.836521,-0.546272,0.042657
455,-0.639524,0.451678,4.648290,0.888717,-0.226649,-0.398513
456,-1.649770,0.949421,4.560383,-0.214813,-0.828902,-0.516504
457,-1.646907,0.951607,4.563433,0.861726,0.502134,-0.072737
458,0.011450,-0.014587,4.668870,0.651230,-0.729691,-0.208449
459,0.009088,-0.010721,4.666503,-0.612364,0.280508,-0.739139
460,-0.450933,0.756842,4.679950,0.890527,-0.444883,-0.095083
461,-0.127355,0.070785,4.686010,-0.904730,-0.421547,-0.061328
462,-0.148816,-0.089276,0.943793,-0.726970,0.015913,-0.686485
463,0.113190,-0.011837,4.651280,-0.878932,-0.434218,-0.197317
464,-0.943601,0.232108,4.630160,-0.187766,-0.745308,-0.639735
465,-0.940971,0.233665,4.633820,0.894499,0.434689,0.104482
466,-0.565881,0.351043,4.651213,-0.799333,0.360362,-0.480838
467,0.076215,0.161055,4.696560,-0.598265,0.027947,-0.800811
468,0.064469,0.159598,4.700900,-0.086663,0.501683,-0.860699
469,0.046890,0.253627,4.696907,0.272333,-0.320770,-0.907161
470,-0.455619,0.755577,4.679667,-0.520432,-0.834371,-0.181592
471,-0.150607,0.718186,4.687690,-0.024297,-0.977035,-0.211688
472,0.091195,0.152828,4.681953,0.784188,0.557673,-0.272120
473,0.086414,0.151479,4.682340,-0.866220,0.190962,-0.461731
474,0.048212,0.704524,4.681893,0.831549,0.220267,-0.509910
475,0.043425,0.701254,4.681657,-0.485100,-0.622962,-0.613674
476,-0.788867,1.244157,4.648600,0.601310,-0.788102,-0.131614
477,-0.793136,1.246803,4.646427,-0.757181,-0.031103,-0.652465
478,0.118952,0.532454,4.332813,0.226312,-0.006566,-0.974033
479,0.106200,0.539958,4.463340,-0.666263,0.327290,-0.670056
480,-0.252089,0.436636,4.682460,0.637035,-0.770478,0.023432
481,-1.457960,2.259690,4.586573,-0.380297,0.137243,-0.914625
482,-1.455343,2.257407,4.590133,0.688045,-0.721987,0.073001
483,-0.447161,0.816086,4.682353,-0.687813,0.630789,-0.359192
484,1.255533,1.942543,4.828220,-0.135558,-0.915224,0.379459
485,-0.749481,0.753815,4.661280,-0.667389,-0.706695,-0.234891
486,1.568510,0.109286,2.846843,0.359541,-0.369177,-0.856994
487,-0.454194,0.460111,4.661797,0.719323,0.693053,-0.047449
488,-0.864528,0.162956,4.634773,0.054432,0.723720,-0.687944
489,-0.748286,0.248936,4.642067,-0.124455,0.192343,-0.973404
490,-0.645229,0.449977,4.648100,-0.520502,-0.793209,-0.316065
491,-0.644254,0.455167,4.647323,-0.220651,0.802075,-0.554968
492,-0.976623,0.632338,4.620557,0.211884,0.837673,-0.503397
493,-0.950585,0.454949,4.624040,0.716563,-0.556661,-0.420316
494,-1.533713,0.888449,4.603663,-0.141364,-0.223958,-0.964292
495,-1.532190,0.898147,4.603577,0.164489,0.216722,-0.962276
496,0.076469,1.338783,4.120447,0.390618,0.042638,-0.919565
497,0.071887,1.337540,4.122997,-0.809858,-0.586395,0.016433
498,-0.269036,1.059673,4.683667,-0.389448,0.402591,-0.828402
499,-0.268173,1.056453,4.687103,0.153348,-0.987494,0.036599
500,0.101778,0.640220,4.642973,-0.955394,0.185481,-0.229823
501,1.956487,1.842847,4.796353,0.259367,-0.541783,-0.799499
502,0.550678,0.343478,2.827820,0.159544,-0.840723,-0.517427
503,0.085448,1.414527,4.206653,0.392746,-0.892855,0.220365
504,0.207522,-0.057983,1.862947,-0.360937,0.608179,-0.706996
505,1.248863,1.746860,4.832193,0.210899,-0.721795,-0.659192
506,1.246003,1.748423,4.835760,-0.902775,0.424082,0.071781
507,-1.524770,1.116013,4.603397,0.042682,-0.619512,-0.783826
508,-0.658310,0.629414,4.643487,0.096545,-0.774291,-0.625422
509,-0.972056,0.358013,4.629033,0.732841,-0.671241,0.111262
510,-0.974574,0.360020,4.625327,-0.718895,-0.126941,-0.683430
511,-0.972583,0.362755,4.628707,0.610232,0.792093,0.014344
512,0.155204,0.638670,3.479003,-0.503136,-0.774941,-0.382518
513,0.161259,0.639595,3.480770,0.819497,-0.573074,0.003353
514,0.157950,0.642597,3.479040,0.006200,0.877078,-0.480309
515,-0.857477,0.565838,4.630887,0.040970,0.795735,-0.604258
516,-0.650358,0.552787,4.646617,0.829246,-0.241741,-0.503897
517,-2.047333,0.947405,4.547040,0.738533,-0.673738,-0.025432
518,-0.948728,0.551222,4.624020,0.845896,0.075017,-0.528046
519,-0.850820,0.762501,4.651550,-0.094463,0.858440,-0.504141
520,-0.956501,0.455936,4.623710,-0.795086,-0.499164,-0.344491
521,-0.953503,0.460140,4.623253,0.169949,0.854054,-0.491639
522,-0.981617,0.628094,4.619687,-0.742430,0.026776,-0.669389
523,-0.976868,0.627462,4.620633,0.642286,-0.765101,0.045705
524,-0.909632,0.881328,4.645847,0.379016,0.268107,-0.885701
525,-0.252162,0.771889,4.695920,0.280822,0.541083,-0.792697
526,-0.758516,0.449229,4.641663,0.561180,-0.827679,0.004948
527,-1.032937,-0.025202,4.580437,-0.716160,-0.449252,-0.534123
528,-0.855825,0.244598,4.640007,0.626958,-0.768471,0.127970
529,-0.862216,0.160370,4.638300,0.706702,-0.705135,0.057938
530,-0.771783,-0.010706,4.594243,-0.001392,0.929565,-0.368655
531,0.093236,1.363267,4.220457,0.506104,-0.081823,-0.858582
532,0.089064,1.365997,4.222290,-0.690020,0.673942,-0.263961
533,-0.760370,0.452137,4.638317,-0.736276,0.162733,-0.656823
534,-0.141447,0.438724,4.684367,0.221200,0.753067,-0.619646
535,-0.361417,0.376406,4.669133,-0.141511,0.807683,-0.572383
536,0.106508,0.455672,4.462293,-0.759865,-0.368293,-0.535691
537,0.111767,0.456074,4.463053,0.877938,-0.061650,-0.474789
538,0.114896,0.530898,4.336417,-0.843534,-0.531247,0.078912
539,-0.150405,0.594932,4.674433,0.605568,0.095573,-0.790034
540,-0.030826,0.431057,4.691033,0.160572,0.858195,-0.487563
541,-0.034228,0.426296,4.690817,-0.790439,-0.344882,-0.506224
542,-0.139838,0.435984,4.687907,0.523140,-0.849877,0.063505
543,-0.348974,0.523039,4.669023,0.141248,-0.834973,-0.531855
544,1.346913,0.139616,2.798990,0.519004,0.494786,-0.697009
545,-0.649700,0.751278,4.667157,-0.472823,-0.845942,-0.246618
546,-0.045828,0.550499,4.685590,0.900748,-0.057275,-0.430550
547,-0.050456,0.555177,4.685043,0.008791,0.844391,-0.535655
548,-0.050678,0.550319,4.685227,-0.696019,-0.704708,-0.137636
549,0.110248,0.385432,4.498457,0.157172,-0.799317,-0.579991
550,0.108454,0.677847,4.578777,-0.884211,0.262193,-0.386556
551,-0.043250,0.752715,4.710480,0.016965,-0.840517,-0.541520
552,-0.042214,0.757554,4.709913,-0.187016,0.880371,-0.435858
553,-0.856570,1.339223,4.647717,0.086537,-0.968905,0.231806
554,-0.798769,1.329253,4.655897,-0.063638,-0.269901,-0.960783
555,-0.859788,1.055367,4.652323,0.930588,0.356167,0.084557
556,-1.520963,1.210410,4.602543,-0.935896,0.074762,-0.344253
557,-1.516537,1.209667,4.600657,0.639139,-0.680053,-0.359206
558,-0.914399,1.357823,4.638910,-0.677541,-0.735485,-0.000323
559,-0.328841,1.048143,4.687107,0.525465,0.009458,-0.850763
560,-0.333223,1.045387,4.689823,-0.470375,-0.880911,-0.052374
561,-0.333798,1.050647,4.689527,-0.612918,0.759427,-0.218182
562,-0.445433,0.810871,4.682500,-0.124042,-0.872347,-0.472890
563,-0.256793,0.437237,4.682077,-0.791426,-0.604038,-0.093711
564,-0.909286,1.062270,4.642320,-0.634247,-0.771948,0.042754
565,-1.868613,0.458097,4.562517,0.294037,-0.579496,-0.760083
566,-1.349567,0.620198,4.593363,-0.262906,-0.273671,-0.925194
567,-1.339083,0.619204,4.594813,0.525348,0.549426,-0.649723
568,-0.554078,0.832706,4.665090,0.727073,0.674208,-0.129650
569,-0.647716,0.812198,4.670473,0.912574,0.391839,-0.116921
570,-1.364090,0.627176,4.592313,0.400389,-0.298120,-0.866494
571,-1.455220,0.756121,4.607820,-0.653978,0.530709,-0.539130
572,-1.452663,0.752348,4.609247,0.570810,-0.689044,-0.446535
573,-1.656017,1.240240,4.555827,0.151988,-0.823873,-0.546016
574,-1.435323,0.623190,4.591953,0.827530,0.557170,-0.068965
575,-1.177947,0.703064,4.594403,0.875292,0.323072,-0.359845
576,0.073955,1.263710,4.160143,0.024608,0.663566,-0.747713
577,-1.449027,0.713494,4.589233,-0.578553,-0.592467,-0.560588
578,-0.906701,1.064750,4.638880,0.684534,0.037012,-0.728040
579,-1.444983,0.454149,4.593780,-0.055259,0.989399,-0.134297
580,-1.433513,0.449822,4.592457,0.487331,0.701842,-0.519544
581,-1.436410,0.445423,4.592057,0.072885,-0.709053,-0.701378
582,-1.445910,0.717232,4.588537,0.879559,0.334965,-0.337897
583,-1.438220,0.620727,4.588910,-0.144950,-0.809931,-0.568333
584,-1.517970,1.070157,4.607077,0.047681,-0.992198,0.115192
585,-1.661073,0.853630,4.567810,-0.412039,0.755380,-0.509534
586,-1.746777,1.551217,4.551537,0.886780,-0.393147,-0.243014
587,-1.750380,1.555390,4.548953,0.061430,0.800847,-0.595710
588,-1.751543,1.551357,4.551233,-0.733899,-0.675833,-0.068127
589,-1.527097,0.881134,4.609340,0.357273,-0.919409,-0.164449
590,-2.148190,1.255273,4.531603,0.674658,-0.737722,0.024535
591,-2.043430,1.254420,4.539297,0.699074,-0.715047,0.001689
592,-2.145470,1.456920,4.523653,0.625555,-0.748659,0.219523
593,-3.048163,1.651497,4.440907,0.174354,-0.238255,-0.955424
594,-1.954917,1.653977,4.524487,-0.826907,0.160342,-0.538994
595,-2.146470,1.352403,4.528960,0.048956,-0.194064,-0.979767
596,-2.252677,0.949248,4.530630,0.687653,-0.726025,0.004582
597,-2.254890,0.952096,4.527297,0.087919,0.789007,-0.608061
598,-1.847383,1.441843,4.548587,-0.224033,-0.895331,-0.384957
599,-2.655860,2.242677,4.456477,-0.709539,0.103230,-0.697064
600,-2.251653,1.154657,4.522530,0.864592,-0.023614,-0.501919
601,-2.453743,1.750083,4.484783,-0.140868,-0.854616,-0.499787
602,1.022503,1.947603,4.767563,-0.557637,-0.210261,-0.803014
603,-1.574780,2.237990,4.562197,0.795005,-0.531097,0.293091
604,-1.875760,2.351777,4.509630,-0.771133,0.112175,-0.626714
605,-1.872433,2.347547,4.512293,0.220385,-0.958813,-0.179188
606,-1.871380,2.352367,4.511860,0.811137,0.576726,-0.097182
607,-1.659950,2.337600,4.536043,0.727950,-0.682542,0.065002
608,-1.661830,2.340693,4.532617,0.149072,0.823118,-0.547955
609,-1.940970,2.344537,4.509050,-0.427201,-0.426356,-0.797320
610,-1.993837,2.388213,4.493163,-0.683926,0.109497,-0.721288
611,-1.947483,2.549117,4.506203,-0.162220,-0.374451,-0.912946
612,-1.944513,2.551250,4.509803,0.906066,0.409387,0.106987
613,-2.234560,2.174723,4.502547,-0.295221,-0.954450,0.043235
614,-2.445037,2.137820,4.473967,0.104707,-0.707674,-0.698737
615,-1.951287,1.655783,4.527513,0.790847,0.602686,-0.106444
616,-1.952087,1.650750,4.527243,0.513087,-0.851640,-0.107007
617,-2.352873,2.051663,4.487290,-0.662429,-0.735752,-0.140915
618,-2.059383,2.049600,4.511917,-0.714606,0.196758,-0.671286
619,-2.146053,1.744563,4.516263,-0.652250,-0.754457,-0.073243
620,-2.455930,2.051103,4.477770,-0.761394,-0.032189,-0.647489
621,-3.051023,1.449757,4.452257,0.856016,-0.511932,-0.071849
622,-3.053480,1.454777,4.449533,0.287226,0.650771,-0.702850
623,-2.213070,2.191657,4.498053,0.683828,-0.437730,-0.583756
624,-3.207367,0.946628,4.454740,0.928069,0.004228,0.372384
625,-1.523773,1.436120,4.601427,0.691984,0.525467,-0.495017
626,-1.528520,1.434153,4.600760,-0.637281,-0.529403,-0.560004
627,-2.834147,1.351820,4.465627,0.863271,-0.023830,-0.504178
628,-3.054070,1.347253,4.450550,0.652462,-0.030925,-0.757190
629,-1.659043,1.360740,4.554600,-0.138384,0.806739,-0.574475
630,-1.655817,1.358197,4.557523,0.864022,-0.494789,-0.093002
631,-1.660493,1.357603,4.557817,-0.615280,-0.788280,-0.006689
632,-2.648507,2.156650,4.466957,0.797765,-0.591177,0.118665
633,-2.547130,2.241967,4.473807,0.159291,-0.785058,-0.598590
634,-2.221910,2.187470,4.496920,-0.652454,0.421274,-0.629946
635,-2.651230,1.951630,4.460517,0.176096,0.775157,-0.606730
636,-2.344127,2.247687,4.477843,0.807605,-0.281388,-0.518262
637,-2.952273,1.842147,4.439090,-0.203288,-0.843868,-0.496549
638,-2.453657,2.048777,4.481200,0.752615,-0.657625,0.033162
639,-2.645510,1.355403,4.488657,0.909980,0.022799,0.414025
640,-2.647743,1.355590,4.482700,0.415419,0.064856,-0.907315
641,-2.363397,2.148013,4.477437,-0.819667,0.100219,-0.564005
642,-2.360403,2.144870,4.480130,0.543037,-0.828697,-0.135547
643,-2.360107,2.149660,4.480550,0.730128,0.683164,-0.014147
644,-2.259573,1.959327,4.497830,-0.546872,-0.835472,-0.054017
645,-2.357897,2.354087,4.474413,0.020045,0.885127,-0.464918
646,-2.354877,2.349387,4.475377,0.828242,-0.470558,-0.304285
647,-1.985883,2.394603,4.492977,0.388239,0.122865,-0.913332
648,-2.017437,2.540567,4.503187,-0.804550,-0.243070,-0.541863
649,-2.175380,2.353593,4.492487,0.564743,0.176354,-0.806204
650,-1.657840,2.050467,4.540640,0.477434,0.760329,-0.440404
651,0.119398,0.443145,4.332657,0.436276,0.781407,-0.446168
652,-2.340093,1.849547,4.490170,0.844806,0.060815,-0.531605
653,-1.937137,2.345417,4.511900,0.966526,-0.255649,0.021724
654,0.204250,0.597000,2.996683,-0.034072,-0.984121,0.174197
655,-1.126330,-0.073955,1.803910,0.290870,-0.145705,-0.945603
656,-2.059817,2.248557,4.508533,0.161365,-0.590822,-0.790500
657,-2.060797,2.246800,4.514853,-0.021537,-0.919706,0.392016
658,-0.495033,-0.062949,2.043283,-0.628704,0.284568,-0.723707
659,-0.490576,-0.062944,2.045270,0.945857,0.011267,-0.324389
660,-1.454007,0.054174,4.593097,-0.930460,-0.175601,-0.321572
661,-1.452520,0.065757,4.595303,-0.309014,0.406824,-0.859654
662,-0.753475,-0.074342,1.750003,-0.596170,-0.053903,-0.801047
663,-1.133893,-0.075952,1.636537,-0.193667,0.540069,-0.819035
664,-1.213607,-0.075611,1.783503,-0.178277,-0.422355,-0.888726
665,-0.864709,-0.077922,1.565277,-0.759308,-0.029142,-0.650078
666,-0.853057,-0.075630,1.651207,0.990997,0.056228,-0.121502
667,-0.943898,-0.086581,1.362693,-0.511597,-0.343634,-0.787518
668,-0.950849,-0.082556,1.466017,-0.014998,0.999391,-0.031498
669,-0.938230,-0.085346,1.364263,0.920009,-0.031668,-0.390616
670,-1.133573,-0.082585,1.636977,-0.135937,-0.659311,-0.739480
671,-1.130853,-0.079002,1.638697,0.851055,0.075524,0.519616
672,-1.245543,-0.074298,1.870360,0.645581,-0.583905,-0.492219
673,-0.817532,-0.087070,1.156307,0.071426,0.957401,-0.279788
674,-0.949050,-0.085956,1.463287,-0.052821,-0.581876,-0.811560
675,-0.748381,-0.085329,1.244853,0.521383,0.365022,-0.771310
676,-1.031457,-0.083400,1.472350,0.782217,-0.009795,-0.622930
677,-1.199843,-0.078517,1.670980,0.312545,-0.032239,-0.949356
678,-1.123850,-0.080975,1.577520,0.544145,0.072332,-0.835868
679,-1.048907,-0.078382,1.638673,-0.428628,0.031777,-0.902922
680,-1.212170,-0.070581,1.786073,0.062120,0.974207,-0.216937
681,-1.209540,-0.074952,1.787623,0.881830,-0.388472,0.267331
682,-1.144817,-0.075646,1.736400,0.882211,0.045068,0.468693
683,-0.354213,-0.060799,2.024633,0.824838,0.428918,-0.368337
684,-1.123747,-0.066396,1.955930,0.664116,0.556601,-0.499144
685,-1.065990,-0.068841,1.951850,0.835530,-0.004958,-0.549422
686,-0.839038,-0.066857,1.926303,0.420762,0.341094,-0.840603
687,-0.957307,-0.067623,2.035190,0.265423,-0.444585,-0.855508
688,-0.748720,-0.074027,1.750823,0.856991,-0.508326,0.084680
689,-0.947678,-0.077065,1.762803,0.214578,-0.919364,-0.329738
690,1.719470,0.147099,2.891597,-0.878318,0.421093,-0.226361
691,-1.044487,-0.078600,1.640323,0.910019,-0.033636,-0.413201
692,-0.958846,-0.062782,2.037450,-0.182269,0.962985,-0.198591
693,-0.944972,-0.063030,2.146243,-0.776632,0.015036,-0.629775
694,0.042082,0.052417,4.691070,0.950478,-0.123236,-0.285314
695,0.037611,0.050110,4.691513,-0.410956,-0.895448,-0.171139
696,-1.349957,-0.031294,4.559167,-0.156592,0.959619,-0.233690
697,-0.541774,-0.088494,1.250467,0.780848,-0.614428,-0.112938
698,-0.541751,-0.081861,1.250723,0.785172,0.615803,-0.065508
699,-0.544588,-0.085095,1.248700,-0.777375,0.027053,-0.628456
700,0.059560,-0.064280,1.742737,-0.666375,0.004646,-0.745602
701,0.520778,-0.086479,0.765595,0.246771,-0.092589,-0.964640
702,0.517805,-0.089113,0.769671,-0.683905,-0.707839,0.176743
703,0.518334,-0.083207,0.769239,-0.551086,0.824166,0.130598
704,-0.782350,-0.014883,4.590237,-0.515228,0.827015,-0.224914
705,0.349226,-0.094189,0.643705,0.448755,-0.614027,-0.649300
706,0.547425,-0.083897,0.846949,-0.615896,-0.036665,-0.786974
707,0.245929,-0.068568,1.718923,-0.000269,-0.698288,-0.715817
708,-0.541804,-0.094299,1.039223,0.319412,-0.933357,-0.163769
709,1.041650,-0.049902,1.739873,-0.508892,0.077171,-0.857365
710,0.336984,-0.090827,0.548999,-0.847482,0.530646,0.013748
711,0.227934,-0.100800,0.420473,0.344252,-0.030249,-0.938390
712,-0.051084,-0.109222,0.240407,0.630385,0.048881,-0.774742
713,0.250667,-0.101913,0.442131,0.393856,-0.816812,-0.421540
714,-0.208855,-0.108454,0.283756,0.130903,-0.192717,-0.972484
715,-0.122890,-0.111769,0.186332,0.182387,0.500808,-0.846124
716,-0.054365,-0.097049,0.647076,-0.907682,-0.299062,-0.294406
717,0.250193,-0.095544,0.441000,0.429633,0.729436,-0.532296
718,0.346603,-0.091666,0.747220,-0.766488,-0.630743,-0.121079
719,0.242414,-0.081165,1.046610,0.197847,0.578713,-0.791169
720,-0.246760,-0.092928,0.745745,0.800775,0.594224,0.075212
721,-1.662007,2.491167,4.513963,-0.677916,-0.733821,-0.044013
722,0.429319,-0.088466,0.653639,-0.878644,0.289046,-0.380049
723,-0.857660,-0.078393,1.649513,-0.276873,-0.818643,-0.503155
724,-0.641452,-0.062649,2.016050,0.141511,0.475048,-0.868507
725,-0.837542,-0.063956,2.129887,-0.177442,-0.318808,-0.931061
726,0.465434,-0.054647,1.939230,0.881112,0.426421,-0.204468
727,2.110533,0.905230,3.239507,-0.365709,-0.903620,0.222999
728,2.559987,1.627440,4.786430,-0.721019,-0.425731,-0.546704
729,1.448707,0.547138,2.828887,-0.256613,-0.022191,-0.966259
730,1.371493,0.737506,2.803610,0.054539,0.727070,-0.684394
731,1.368303,0.731701,2.803150,-0.535612,-0.347403,-0.769695
732,1.564287,0.111252,2.849537,-0.909924,0.397119,-0.119727
733,0.347656,-0.083450,0.842451,-0.074450,0.530145,-0.844632
734,0.347904,-0.090057,0.843099,-0.028768,-0.688055,-0.725088
735,2.244507,0.255247,3.258450,-0.069933,-0.658446,-0.749372
736,1.647643,0.744519,2.878750,-0.978238,0.146579,-0.146850
737,2.241250,0.254103,3.343150,-0.514477,0.023698,-0.857176
738,1.543767,0.653962,2.854407,-0.860732,0.221773,-0.458210
739,1.547507,0.650593,2.855160,0.695739,-0.488239,-0.526849
740,0.829502,-0.063126,1.535137,-0.242659,-0.968585,-0.054405
741,1.143080,0.351457,2.785567,-0.900615,-0.418073,0.118773
742,1.298330,-0.041599,1.997490,0.401301,0.615344,-0.678461
743,-0.537499,-0.066706,2.045793,0.734025,-0.543671,-0.406976
744,-0.538435,-0.060154,2.045500,0.557907,0.689198,-0.462326
745,0.819478,-0.070404,1.173110,0.087352,0.990812,-0.103255
746,0.841715,2.247157,4.685703,0.088154,0.338268,-0.936912
747,-0.128594,-0.051863,2.252683,0.019800,0.423613,-0.905627
748,-0.129941,-0.055466,2.255540,-0.051352,-0.995914,-0.074291
749,-1.657223,2.491447,4.514267,0.762398,-0.645432,0.046545
750,-1.659567,2.493820,4.510790,-0.008488,0.797925,-0.602697
751,1.519523,2.642727,4.839233,-0.428742,-0.849405,0.307719
752,-2.422597,1.511283,4.499313,-0.867813,-0.210657,-0.450026
753,-1.961890,2.422463,4.502277,0.557175,-0.183944,-0.809766
754,-2.202680,2.204293,4.501093,0.714803,-0.401860,-0.572333
755,-2.048033,2.353797,4.509240,0.988880,-0.133285,-0.065960
756,-2.254987,2.141887,4.490107,0.675263,0.563032,-0.476461
757,-2.256510,2.137987,4.492520,-0.053060,-0.983811,-0.171174
758,-1.735533,2.453223,4.519870,0.503388,-0.707928,-0.495417
759,-1.517537,1.992703,4.599863,0.188348,0.720618,-0.667259
760,-1.520030,1.988917,4.601593,-0.215866,-0.928927,-0.300827
761,-1.983170,2.522170,4.498190,0.072865,-0.879469,-0.470347
762,-2.255777,2.337180,4.485377,0.567483,0.066384,-0.820704
763,-2.257407,2.334347,4.489507,-0.259782,-0.932967,0.249172
764,-2.056133,2.491950,4.498297,0.317999,-0.945531,-0.069625
765,-1.850370,2.163687,4.517637,-0.695632,-0.321004,-0.642692
766,-2.057097,2.045977,4.514810,0.443210,-0.890046,-0.106693
767,-1.745677,2.247700,4.534230,0.483088,-0.142406,-0.863913
768,1.620377,2.692163,4.779230,-0.054320,-0.290365,-0.955373
769,-2.977143,2.441800,4.427827,0.823432,0.052161,-0.565012
770,-2.150577,1.857073,4.513010,0.819752,-0.571653,0.034921
771,-2.342950,1.846803,4.493050,-0.638420,-0.761622,-0.111136
772,-2.221143,1.747333,4.499303,-0.143708,-0.437487,-0.887667
773,-2.218857,1.748110,4.503587,0.936437,0.142008,0.320812
774,-2.453987,1.855983,4.481350,-0.667111,-0.738999,-0.094038
775,-2.450333,1.753233,4.486893,0.789139,0.549643,-0.274138
776,-2.455463,1.952990,4.475730,-0.814053,0.049147,-0.578707
777,-2.453030,1.955073,4.479253,0.692929,0.718373,0.061555
778,-2.453000,1.950350,4.478810,0.706874,-0.703652,-0.072124
779,0.658471,2.528743,4.698220,0.744928,-0.619712,-0.247062
780,-2.451310,1.858587,4.478363,0.031868,0.803912,-0.593894
781,-2.449277,1.856287,4.482013,0.751156,-0.651698,0.105136
782,-2.741837,2.532563,4.467173,0.558341,-0.828804,-0.036601
783,-2.544967,1.848157,4.478247,0.707138,0.051387,-0.705205
784,-2.548803,1.844473,4.480580,-0.350068,-0.929602,-0.115292
785,-1.757020,1.448627,4.551440,-0.642139,0.338650,-0.687731
786,-2.649657,1.949133,4.464203,0.606708,-0.786519,0.115292
787,-2.744693,1.850363,4.459920,0.731127,-0.660650,0.170277
788,-2.954750,1.344780,4.450807,-0.598585,-0.496460,-0.628668
789,-2.046510,1.149947,4.541423,0.857131,-0.450317,0.250081
790,-2.045720,1.257157,4.535970,0.055790,0.792328,-0.607540
791,-2.050540,1.347487,4.534643,0.690479,-0.719674,0.072853
792,-2.051090,1.849727,4.518790,0.056852,-0.825711,-0.561221
793,-2.268337,1.826167,4.496647,0.419635,-0.889956,-0.178562
794,-2.268773,1.830523,4.494380,0.427037,0.850127,-0.308095
795,-2.221557,2.181493,4.504347,0.610472,-0.757456,0.231481
796,-2.227863,2.019763,4.501737,0.233219,-0.971018,-0.052275
797,-2.163047,2.157940,4.501787,0.124290,0.296243,-0.946991
798,-2.172550,2.146483,4.494110,-0.075446,0.743138,-0.664871
799,-2.171370,2.142690,4.497123,0.576578,-0.816299,-0.034834
800,-2.156170,2.237100,4.505560,-0.099797,-0.990751,0.091941
801,-2.155547,2.240413,4.501933,-0.382123,0.484574,-0.786873
802,-2.152563,2.240480,4.505890,0.981429,0.023721,0.190355
803,-1.955837,2.147220,4.518753,0.190228,0.298010,-0.935416
804,-1.954527,2.145137,4.522843,0.557485,-0.790287,0.254278
805,-1.847243,2.162387,4.521057,0.929467,-0.368045,0.025165
806,-1.561727,1.961340,4.572450,0.723146,-0.589143,0.360514
807,-1.946370,1.753607,4.525477,0.694721,-0.713594,0.090257
808,-1.952237,1.343443,4.539963,-0.041811,-0.498775,-0.865722
809,-1.948333,1.755977,4.521860,0.079999,0.797194,-0.598399
810,-1.951073,1.753703,4.524977,-0.721836,-0.689462,-0.059950
811,-2.357767,1.659953,4.495003,-0.509509,0.471265,-0.719938
812,-2.550510,1.549070,4.486250,0.195098,0.042931,-0.979844
813,-2.440600,1.352043,4.498757,0.063123,0.470674,-0.880046
814,-2.432607,1.350527,4.503960,0.934112,-0.201455,0.294705
815,-1.950957,1.252460,4.545700,0.856191,-0.363967,-0.366694
816,-1.950087,1.346287,4.543293,0.736660,0.676007,0.018600
817,-1.752473,1.043810,4.556743,0.024020,-0.854890,-0.518253
818,-2.347297,1.551350,4.498160,0.634489,0.360258,-0.683841
819,-2.459060,1.552807,4.488517,-0.655256,-0.100145,-0.748739
820,-1.854597,1.756890,4.532347,-0.758336,-0.093055,-0.645187
821,-2.453560,1.447903,4.494167,-0.515316,-0.719416,-0.465715
822,-2.355657,1.737213,4.492397,0.706104,-0.251690,-0.661868
823,-2.239413,1.855797,4.501443,-0.018190,-0.640050,-0.768118
824,-2.246013,1.454777,4.511013,0.856766,0.041475,-0.514036
825,-1.947243,1.462317,4.538487,0.643650,-0.761669,0.074671
826,-0.798638,1.087257,4.652570,-0.092439,0.013815,-0.995623
827,-1.562540,1.964440,4.568523,0.263561,0.821018,-0.506424
828,-1.565933,1.961087,4.569850,-0.561285,-0.702169,-0.438085
829,-1.557800,1.654203,4.577197,0.945809,-0.198633,0.256887
830,-1.850993,1.942333,4.530857,0.266224,-0.957824,-0.108159
831,-2.143613,2.047587,4.509703,-0.563211,-0.825944,0.024700
832,-1.853717,2.045570,4.526377,0.255543,-0.964189,0.070972
833,-1.854313,2.049023,4.522557,-0.508179,0.283322,-0.813316
834,0.639650,2.521410,4.691503,0.224497,-0.291342,-0.929904
835,-2.348780,1.725523,4.496343,-0.304489,-0.106506,-0.946543
836,-2.348663,1.661430,4.495740,0.719747,-0.413788,-0.557445
837,-2.152647,1.954833,4.509243,0.391032,-0.912743,0.118300
838,-2.153440,1.957917,4.505547,0.412651,0.668632,-0.618587
839,-2.268853,1.543223,4.502733,0.008691,-0.775108,-0.631769
840,-1.753187,1.444733,4.552230,0.340008,-0.890953,-0.300993
841,-2.256587,1.961673,4.494827,0.658528,0.369360,-0.655678
842,-1.753513,1.847417,4.540130,-0.087222,-0.510874,-0.855220
843,-2.350380,2.054500,4.484463,0.066067,0.805764,-0.588540
844,-2.260030,2.054483,4.493753,0.754585,-0.645092,-0.120243
845,-2.752553,2.247943,4.457693,0.678184,0.731468,-0.070868
846,-2.453903,2.361067,4.467653,0.641267,-0.739296,-0.205469
847,-2.175180,2.350803,4.497680,0.616845,-0.556082,0.557024
848,-1.852710,2.432357,4.512540,0.869755,0.492232,0.035125
849,-1.570350,2.431310,4.559607,-0.228717,-0.673330,-0.703076
850,-1.740657,2.455657,4.520227,-0.938736,-0.057554,-0.339797
851,-1.993840,2.377050,4.498160,-0.386578,-0.919093,0.076323
852,-2.549070,2.346777,4.468730,-0.813663,-0.119932,-0.568831
853,-2.546297,2.344957,4.472083,0.783962,-0.620725,0.010232
854,-2.262653,2.057480,4.490923,-0.034826,0.871011,-0.490028
855,-2.264850,2.054360,4.493877,-0.708664,-0.700435,-0.084773
856,-1.943747,2.045113,4.521843,0.810741,0.583420,-0.048172
857,-2.155230,1.856257,4.512897,-0.623171,-0.782086,-0.000323
858,-2.153110,1.859093,4.509567,-0.120423,0.772664,-0.623289
859,-2.236967,1.857567,4.505510,0.856245,0.462461,0.230163
860,-1.964957,1.952420,4.519740,-0.683613,-0.244995,-0.687496
861,-1.962297,1.951163,4.523573,0.817454,-0.551703,0.165505
862,-1.746263,1.750267,4.540893,0.710520,-0.058160,-0.701269
863,-1.516050,2.050437,4.597300,0.560245,-0.385515,-0.733146
864,-2.160367,2.150513,4.507457,0.578481,-0.813617,0.058192
865,-2.144753,2.160030,4.508513,0.336592,-0.923431,0.184338
866,-2.146253,2.163663,4.505857,0.137533,0.295551,-0.945375
867,-2.139247,2.447867,4.491690,0.874900,0.239455,-0.420965
868,-2.146280,2.553050,4.488760,0.134264,-0.127505,-0.982708
869,-2.261177,2.461357,4.487977,0.618445,-0.783847,0.055767
870,-2.459033,2.362457,4.467327,-0.883242,-0.042115,-0.467022
871,-2.454323,2.366363,4.467970,0.261376,0.863080,-0.432176
872,-2.740970,2.537193,4.467757,0.804558,0.577392,0.138938
873,-2.743503,2.535653,4.463983,-0.731811,0.218322,-0.645592
874,-3.059507,2.437333,4.437283,0.002173,-0.972568,-0.232607
875,-3.057637,2.441877,4.437857,0.856168,0.479797,-0.191757
876,-2.549637,1.757037,4.482210,0.621148,0.741087,-0.254883
877,-2.844950,2.251033,4.446500,0.557223,-0.029528,-0.829837
878,-2.960780,2.157767,4.430340,0.056295,0.700273,-0.711652
879,-2.958437,2.155543,4.433933,0.665597,-0.741962,0.080457
880,-2.755077,2.245287,4.454613,-0.816701,-0.060438,-0.573887
881,-2.846040,2.051177,4.453613,0.838900,-0.333952,0.429795
882,-2.848153,2.053570,4.449783,0.122375,0.479388,-0.869029
883,-2.740723,2.143350,4.453533,0.888007,0.114365,-0.445381
884,-3.052160,1.742173,4.437990,0.129203,-0.712032,-0.690158
885,-3.050273,1.744757,4.441673,0.641227,0.759782,0.107514
886,-3.046523,1.649773,4.446250,0.443058,-0.743360,0.501114
887,-2.650913,1.751153,4.470403,-0.644349,-0.094968,-0.758812
888,-2.964843,1.648767,4.443667,0.545190,0.780123,-0.306881
889,-2.854430,1.741673,4.450833,-0.015884,-0.113886,-0.993367
890,-2.042300,1.750390,4.521117,0.902804,-0.223661,-0.367316
891,-2.046513,1.753957,4.520440,-0.366121,0.768176,-0.525224
892,-3.144480,1.351013,4.447323,0.797750,0.601700,-0.039395
893,-2.853303,1.739167,4.455693,0.379717,-0.833447,0.401474
894,-3.228030,1.772033,4.428173,0.980931,-0.065961,0.182821
895,-2.278180,1.680283,4.496343,0.347020,0.874641,-0.338497
896,-0.949863,-0.075444,1.579957,-0.647873,0.308948,-0.696284
897,-1.065150,-0.074411,1.768027,0.990280,-0.047911,0.130573
898,-1.068313,-0.074559,1.764487,0.046622,-0.098715,-0.994023
899,-2.249520,1.744760,4.494683,0.290417,-0.720396,-0.629832
900,-0.945585,-0.072528,1.764803,0.847700,0.453116,0.275845
901,-0.944611,-0.075644,1.580900,0.873000,0.481079,-0.080220
902,-2.350187,0.938189,4.517520,-0.006920,-0.816608,-0.577151
903,-2.348000,0.940488,4.521023,0.755463,0.652751,0.056506
904,0.654372,2.538643,4.694020,-0.045835,0.546793,-0.836012
905,0.639506,2.224447,4.462403,-0.237243,0.022242,-0.971196
906,1.648530,0.452811,2.887243,-0.263246,0.946160,-0.188369
907,1.853437,2.636857,4.754553,-0.615033,-0.775523,-0.142476
908,1.754270,2.047287,4.778027,0.227503,-0.888422,-0.398683
909,1.148967,1.848800,4.825337,0.060379,0.697575,-0.713963
910,0.646979,2.229573,4.611210,0.907298,0.166824,-0.385980
911,2.222057,0.628821,3.497743,0.747243,0.124010,-0.652878
912,2.584977,1.784360,4.818663,-0.669211,-0.361832,-0.649025
913,1.918043,2.411930,4.770520,0.552205,-0.807394,-0.207807
914,1.913953,2.414367,4.770217,-0.893643,-0.152616,-0.422032
915,2.517800,1.848450,4.753480,0.257118,0.341059,-0.904195
916,-0.354672,0.754488,4.685630,-0.791011,-0.573354,-0.213463
917,1.882490,1.759207,4.796617,0.480521,0.458050,-0.747857
918,-0.350619,0.618968,4.664743,0.414327,0.125060,-0.901495
919,2.659767,1.959063,4.821440,-0.923569,0.376902,0.070469
920,1.553540,2.048977,4.846527,0.211256,-0.528869,-0.821991
921,1.554017,0.742928,2.853290,0.404350,0.666528,-0.626291
922,2.226197,0.530341,3.503793,0.632462,0.030183,-0.774003
923,1.998063,1.669840,4.830950,-0.506227,-0.772433,0.383513
924,2.206320,0.806129,3.457703,0.586662,-0.054280,-0.808011
925,-0.858733,1.243053,4.643520,0.031493,-0.347458,-0.937166
926,-0.770475,0.990014,4.643140,0.986371,-0.099342,-0.131165
927,-0.556242,0.828503,4.662743,0.126457,-0.843617,-0.521842
928,-0.862551,1.053490,4.648800,0.051647,-0.224290,-0.973153
929,-0.805097,1.097957,4.655283,-0.519260,0.181762,-0.835064
930,0.082963,1.408943,4.188460,0.821294,0.189130,-0.538244
931,0.102946,1.340200,4.231780,-0.659121,-0.739207,-0.138319
932,-0.909458,0.961945,4.643257,0.502047,-0.062317,-0.862592
933,-1.050697,0.723338,4.632543,0.972918,0.156043,0.170532
934,-0.940866,0.745319,4.639227,-0.238832,-0.098552,-0.966047
935,-0.774529,0.990736,4.640330,-0.510341,0.636786,-0.577976
936,-0.774414,0.987392,4.643730,-0.208317,-0.976815,0.049351
937,-0.147321,0.362042,4.686400,-0.209899,0.941026,-0.265353
938,-0.150726,0.356599,4.686270,-0.931965,-0.213332,-0.293138
939,-0.145783,0.357327,4.684940,0.750670,-0.458204,-0.475966
940,0.075511,0.644455,4.675953,-0.626339,-0.034278,-0.778797
941,0.080634,0.645979,4.677700,0.789756,0.547516,-0.276606
942,-0.448216,0.357908,4.663810,0.891876,0.073056,-0.446341
943,-0.247015,-0.086538,0.938889,-0.060396,0.548125,-0.834213
944,0.763149,1.752123,4.729567,-0.644327,-0.726660,-0.238347
945,0.767706,1.754200,4.727963,0.932294,-0.153934,-0.327311
946,0.763950,1.757010,4.729550,-0.478685,0.830497,-0.284845
947,-0.441787,0.815049,4.682857,0.931907,0.303233,-0.198998
948,-0.272520,0.946671,4.693677,0.679563,-0.733527,-0.011472
949,-0.453996,0.759373,4.677100,-0.208084,0.870610,-0.445802
950,-0.349997,0.753771,4.686117,0.674124,-0.736955,-0.049537
951,-0.351764,0.757315,4.683147,0.180884,0.875961,-0.447184
952,-0.272595,0.951573,4.693190,0.659739,0.734721,-0.157892
953,-0.344275,0.842436,4.690647,0.081328,-0.533817,-0.841680
954,-0.064383,0.375654,4.689443,-0.736802,0.116790,-0.665945
955,-0.062461,0.372786,4.692903,0.545858,-0.837115,0.035729
956,-0.043889,0.709540,4.687827,0.407559,-0.912742,0.028253
957,-0.030304,0.616300,4.685347,0.653841,0.410635,-0.635509
958,0.112518,0.593000,4.508693,0.936585,-0.258380,-0.236745
959,-0.449172,0.648503,4.656440,0.776457,-0.167817,-0.607414
960,-0.562794,0.345874,4.651240,0.149578,-0.805612,-0.573250
961,0.022516,0.390109,4.697377,0.645220,-0.459159,-0.610626
962,2.567813,1.620767,4.790910,0.626164,-0.506783,-0.592528
963,1.949420,1.655210,4.810127,0.179243,0.776670,-0.603867
964,1.946760,1.651957,4.812360,-0.595317,-0.751740,-0.283697
965,1.875803,1.754220,4.792800,-0.463403,-0.875980,-0.133855
966,1.871267,1.761437,4.790077,0.532402,0.505837,-0.678732
967,0.074424,0.803614,4.671143,-0.582874,-0.285906,-0.760602
968,0.077719,0.807686,4.672790,0.467519,0.841660,-0.270248
969,2.212450,0.761644,3.501677,-0.393700,-0.607910,-0.689526
970,2.044630,1.709187,4.798463,0.839274,0.286135,-0.462327
971,2.039143,1.708810,4.798963,-0.831523,0.331833,-0.445484
972,2.009517,1.564297,4.826563,-0.525478,-0.159504,-0.835722
973,2.000017,1.671893,4.826390,-0.100422,-0.035147,-0.994324
974,2.231590,0.454747,3.351800,-0.710806,0.698847,0.079795
975,2.235253,0.452653,3.349437,0.106598,-0.564946,-0.818213
976,0.078240,1.407010,4.189043,-0.725693,-0.435055,-0.533007
977,0.136672,0.030256,4.655057,-0.197163,0.925453,-0.323516
978,0.043561,0.065146,4.691630,0.944475,-0.070988,-0.320825
979,0.041252,0.075258,4.691610,0.632516,0.256774,-0.730746
980,2.237857,0.556958,3.256087,0.400964,-0.817409,-0.413607
981,2.236527,0.651843,3.242970,0.596969,0.510436,-0.618937
982,2.229887,0.651451,3.242677,-0.596241,0.439393,-0.671886
983,1.646500,0.553658,2.883530,0.278093,-0.863336,-0.421088
984,2.163667,0.874796,3.253223,-0.733298,0.287377,-0.616189
985,2.230727,0.648557,3.344453,-0.614300,-0.753441,0.234439
986,2.234133,0.650141,3.341527,0.022167,0.449402,-0.893054
987,1.853597,0.841904,2.916280,-0.007191,0.058651,-0.998253
988,0.462883,-0.058867,1.824037,0.370062,0.278470,-0.886289
989,0.460695,-0.063175,1.826653,-0.465725,-0.879885,-0.094347
990,0.459257,-0.057360,1.827880,-0.816652,0.539384,0.205291
991,1.736670,0.082141,2.899933,-0.937863,0.016417,0.346618
992,2.234630,0.449417,3.259880,-0.704991,-0.513431,0.489261
993,2.236967,0.448546,3.253763,-0.255688,-0.680569,-0.686621
994,2.219567,0.530453,3.503700,-0.608916,0.051709,-0.791547
995,2.225180,0.448298,3.450843,-0.928084,-0.075713,0.364592
996,1.328443,-0.014134,2.879290,-0.237406,0.970761,-0.035512
997,1.658653,0.060426,2.867487,0.233828,0.806110,-0.543610
998,1.655750,0.056408,2.868667,-0.800841,-0.491250,-0.342531
999,0.122403,0.704811,4.513217,0.073405,0.953902,-0.291004
1000,0.112961,0.673758,4.577367,0.158076,-0.683097,-0.713015
1001,0.080413,0.453838,4.688303,0.916034,-0.116815,-0.383714
1002,-0.020377,0.123243,4.700877,0.130473,-0.044617,-0.990447
1003,-0.028040,0.136450,4.695900,0.231098,-0.330260,-0.915162
1004,-0.135155,0.195195,4.686867,0.220516,0.276328,-0.935423
1005,-0.042352,0.158028,4.693027,0.011748,0.774549,-0.632405
1006,-0.045252,0.240668,4.693877,0.758589,0.620454,-0.198949
1007,0.064403,0.154322,4.701753,-0.403143,-0.892270,-0.203299
1008,-0.046469,0.234859,4.693110,0.461404,-0.798960,-0.385706
1009,-0.050069,0.238860,4.691860,-0.831060,0.240273,-0.501605
1010,0.021577,0.393653,4.700363,-0.277308,0.955771,-0.097989
1011,0.098421,0.232479,4.646577,-0.648651,-0.644350,-0.405049
1012,0.097002,0.132760,4.666423,-0.918485,-0.394820,-0.022436
1013,0.102039,0.741592,4.680660,0.008663,-0.988545,-0.150680
1014,0.111066,0.208380,4.568447,0.207402,0.957418,-0.200836
1015,0.099274,0.447933,4.627083,0.039162,-0.900578,-0.432926
1016,0.100848,0.452385,4.626137,0.520993,0.441928,-0.730251
1017,-0.156028,0.586147,4.675160,-0.803427,-0.044510,-0.593737
1018,1.255610,1.945550,4.823797,-0.111442,0.017875,-0.993610
1019,-0.154027,0.573403,4.680787,-0.363937,-0.916490,-0.166122
1020,-0.148404,0.582188,4.680060,0.956784,-0.211114,-0.199990
1021,1.358403,1.561173,4.843263,-0.145791,0.878537,-0.454881
1022,-1.264627,0.150494,4.606087,0.374703,0.693811,-0.614999
1023,-1.265337,0.145693,4.607917,0.273683,-0.946438,-0.171327
1024,0.107163,0.640742,4.640817,0.490363,0.325240,-0.808556
1025,-0.773312,0.154635,4.645220,0.736857,0.675202,0.033816
1026,-1.489447,0.366455,4.595287,0.050306,0.980460,-0.190178
1027,-1.332000,0.439938,4.602867,0.970580,0.187918,0.150534
1028,-1.035957,0.553123,4.619770,-0.889103,-0.410439,-0.202571
1029,-1.852273,0.367629,4.566730,-0.512706,-0.075213,-0.855264
1030,-1.524070,0.748143,4.595097,0.546651,0.226005,-0.806285
1031,-1.539380,0.909398,4.604107,0.222867,0.072764,-0.972129
1032,-1.342640,0.729937,4.593960,0.717871,0.099575,-0.689018
1033,-1.346063,0.718144,4.589360,0.736773,0.007140,-0.676103
1034,-1.355960,0.714543,4.585640,-0.681861,-0.513925,-0.520526
1035,-0.866680,1.441963,4.640027,-0.252964,0.220709,-0.941964
1036,-1.849847,0.365716,4.570570,0.795897,-0.585415,0.154394
1037,-2.439500,0.163073,4.533330,0.725851,-0.109518,-0.679077
1038,-2.246033,0.151949,4.551623,0.701956,0.710816,0.044705
1039,-1.421350,0.450901,4.595477,-0.109278,-0.291154,-0.950414
1040,-0.842200,-0.060751,2.278867,-0.702833,0.239127,-0.669959
1041,-2.439187,0.640291,4.520317,0.879334,0.476189,-0.004032
1042,-1.576307,0.156952,4.591470,0.731396,-0.490172,-0.474121
1043,-1.577587,0.160984,4.594117,-0.106456,0.983366,-0.147170
1044,-1.757610,0.049955,4.576807,-0.020964,0.725172,-0.688248
1045,-1.755483,0.047090,4.579973,0.663513,-0.746886,-0.043714
1046,-1.557497,0.246035,4.593640,0.675964,-0.379238,-0.631864
1047,-1.560273,0.057253,4.590923,-0.600371,-0.682235,-0.417265
1048,-1.337383,0.065302,4.602227,-0.608420,-0.375629,-0.699091
1049,-1.438270,0.336904,4.599713,-0.628868,0.399997,-0.666729
1050,-1.434830,0.337601,4.603017,0.984885,0.173021,-0.008132
1051,-1.444657,0.145142,4.605750,0.687360,0.185537,-0.702220
1052,-1.334227,0.064393,4.605767,0.971902,-0.226632,0.063593
1053,-1.347167,-0.035609,4.557533,0.837960,-0.294860,-0.459217
1054,-1.155943,0.052921,4.615603,0.676433,0.728200,0.110281
1055,-1.421403,-0.026050,4.574643,0.536738,0.586173,-0.606888
1056,-1.227157,0.003601,4.593573,0.034262,0.638283,-0.769039
1057,-0.689445,-0.063277,2.339267,-0.298405,-0.631564,-0.715598
1058,-1.236090,-0.026473,4.559137,0.809960,-0.436688,-0.391495
1059,-1.241440,-0.026610,4.559137,-0.790872,-0.473232,-0.388038
1060,-0.643045,-0.072316,1.816147,-0.199312,-0.483913,-0.852117
1061,-0.043869,-0.067622,1.749833,0.886896,-0.413921,-0.205147
1062,-0.021396,-0.062454,1.975677,0.550209,-0.550812,-0.627596
1063,-1.143777,-0.029387,4.569823,-0.561952,-0.800622,-0.207880
1064,-0.900801,-0.026005,4.562410,-0.685079,-0.475856,-0.551569
1065,-1.505313,0.240129,4.597923,0.412729,0.299206,-0.860309
1066,-1.557577,0.061669,4.589857,0.400448,0.624683,-0.670383
1067,-1.342497,0.150013,4.607557,0.794512,-0.086496,-0.601057
1068,0.252192,0.551909,2.803927,-0.452238,-0.883363,0.123092
1069,-1.848057,0.140527,4.576793,0.014588,-0.732597,-0.680506
1070,-2.050610,0.548908,4.551897,-0.555900,-0.791872,-0.252811
1071,-1.947053,0.244029,4.564643,0.067488,-0.798932,-0.597622
1072,-1.943477,0.247985,4.567597,0.920544,0.353052,-0.167189
1073,0.208625,0.087319,3.012020,0.619868,0.755954,-0.210469
1074,0.205242,0.083794,3.011657,-0.996394,-0.064462,0.055177
1075,-2.256350,0.455507,4.537663,-0.528986,0.034584,-0.847925
1076,-2.254180,0.453240,4.541373,0.725624,-0.678225,0.116101
1077,-1.050783,-0.077862,1.544797,0.624819,0.298837,-0.721317
1078,-0.308949,-0.059731,2.200867,-0.905026,-0.046401,-0.422818
1079,-0.304433,-0.059581,2.199463,0.469329,-0.001352,-0.883023
1080,-0.821153,-0.062226,2.025280,0.743213,0.625778,0.236720
1081,-0.628069,-0.068239,1.937417,-0.698193,-0.074340,-0.712039
1082,-0.653149,-0.062417,2.124100,-0.590266,-0.017379,-0.807021
1083,-0.648458,-0.062615,2.125127,0.849142,-0.080152,-0.522047
1084,-0.822620,-0.065740,2.022427,-0.422576,-0.055444,-0.904630
1085,-0.143591,-0.080451,1.337420,-0.373560,-0.322247,-0.869833
1086,-0.140911,-0.075871,1.339760,0.319496,0.916004,-0.242609
1087,-0.043063,-0.100716,0.551564,0.201510,-0.436269,-0.876962
1088,-0.138410,-0.084992,1.250253,0.808941,-0.587749,0.012837
1089,-0.282522,-0.100839,0.623018,0.116945,-0.139686,-0.983266
1090,0.447741,0.816967,2.794177,-0.845844,-0.461632,-0.267290
1091,-0.683749,-0.055291,2.337510,-0.051035,0.993888,-0.097885
1092,-0.701171,-0.054827,2.341497,0.076285,0.996312,0.039273
1093,-0.838112,-0.086629,1.256590,0.821503,-0.053937,-0.567647
1094,0.196709,0.156091,3.038503,-0.218012,0.959748,-0.177072
1095,-0.241791,-0.074642,1.560537,0.681295,-0.129450,-0.720472
1096,-0.625811,-0.064660,1.939743,0.732575,0.680469,-0.017195
1097,-0.336482,-0.078231,1.464037,-0.549599,0.015544,-0.835284
1098,0.949871,0.836632,2.819997,0.095310,0.883982,-0.457704
1099,0.339570,-0.080819,1.143393,-0.834220,-0.284984,-0.472083
1100,0.245045,-0.086906,0.744620,-0.869282,0.493171,0.033631
1101,0.151736,-0.091307,0.743708,0.853740,-0.112045,-0.508502
1102,0.146823,-0.090255,0.743833,-0.844212,0.091549,-0.528134
1103,0.348727,-0.087262,0.746042,-0.186358,0.976240,0.110576
1104,0.351633,-0.090254,0.743232,0.226331,-0.352044,-0.908207
1105,-0.053481,-0.091087,0.844452,0.710374,-0.025563,-0.703360
1106,-0.056000,-0.087673,0.846674,-0.804328,0.592627,-0.043010
1107,0.152394,-0.096640,0.646962,-0.595376,-0.507290,-0.623045
1108,0.153381,-0.092086,0.647772,-0.303676,0.871228,-0.385671
1109,0.348075,-0.087726,0.643315,0.223426,0.650757,-0.725669
1110,0.345039,-0.091523,0.644807,-0.970172,-0.161942,0.180392
1111,-0.047643,-0.085160,1.038863,0.671824,0.015796,-0.740542
1112,0.313432,-0.093081,0.468121,-0.725169,0.672720,-0.146896
1113,0.316323,-0.096564,0.466095,0.777993,-0.043658,-0.626755
1114,0.313021,-0.099693,0.468072,-0.802760,-0.575455,-0.156295
1115,-1.208917,-0.067893,1.954017,0.750195,0.488305,-0.445832
1116,0.459060,-0.085167,0.838850,-0.401285,0.152607,-0.903151
1117,-0.041308,-0.078003,1.345377,0.661307,0.045365,-0.748743
1118,-0.249035,-0.096211,0.743230,-0.648228,0.014486,-0.761309
1119,-0.146651,-0.103317,0.447026,0.832573,-0.022106,-0.553474
1120,0.163742,-0.102239,0.474162,-0.603681,-0.554783,-0.572525
1121,0.164296,-0.095633,0.474365,-0.500117,0.681213,-0.534631
1122,0.050530,-0.100088,0.441093,-0.193673,0.567391,-0.800348
1123,0.205741,-0.105020,0.288977,-0.294159,0.005857,-0.955739
1124,0.047713,-0.110955,0.190337,-0.867547,0.431664,-0.247037
1125,0.146658,-0.101515,0.433975,0.116058,0.064199,-0.991165
1126,0.265937,-0.100750,0.385926,-0.126345,-0.074891,-0.989155
1127,0.236933,-0.093226,0.431431,0.604319,0.555058,-0.571586
1128,0.232582,-0.093625,0.433780,-0.599464,0.659303,0.453830
1129,-0.229420,-0.105801,0.351425,0.942798,-0.101662,0.317484
1130,-0.233245,-0.108728,0.350059,-0.371689,-0.654534,-0.658356
1131,-0.232366,-0.102222,0.349531,-0.199885,0.616586,-0.761490
1132,-0.140939,-0.095939,0.581573,-0.541154,0.840861,-0.010226
1133,-0.137815,-0.099424,0.579684,0.505448,-0.186631,-0.842432
1134,0.952952,-0.061547,1.437440,-0.980400,0.026570,0.195217
1135,0.247713,-0.091966,0.540744,-0.027118,0.932426,-0.360342
1136,-0.434841,-0.094508,0.656309,0.938717,0.027821,0.343565
1137,0.246166,-0.087816,0.848899,-0.802084,-0.041619,-0.595759
1138,-0.670536,-0.073595,1.651893,-0.011901,-0.990888,-0.134164
1139,-0.668469,-0.069570,1.649760,0.025103,0.596427,-0.802274
1140,-0.446774,-0.065620,1.968300,0.995313,0.014028,-0.095684
1141,-0.450563,-0.065843,1.965373,-0.143075,-0.053290,-0.988276
1142,-0.046652,-0.064245,1.751860,-0.176410,0.979893,-0.093218
1143,0.055627,-0.077888,1.241107,0.166306,0.448829,-0.878006
1144,-0.146954,-0.074992,1.437863,0.869998,0.486820,-0.078162
1145,-0.056467,-0.081432,1.245460,0.746393,-0.108880,-0.656539
1146,0.344237,-0.079848,1.143553,0.756446,-0.013965,-0.653907
1147,0.352288,-0.066033,1.535930,0.211278,0.939889,-0.268274
1148,0.245483,-0.061986,1.718267,-0.083895,0.537311,-0.839201
1149,-0.045528,-0.073227,1.410500,0.025775,0.650502,-0.759067
1150,-0.045482,-0.079846,1.410277,0.034527,-0.597494,-0.801130
1151,-0.543551,-0.089566,1.036703,-0.259869,0.371781,-0.891205
1152,-0.539759,-0.088994,1.040840,0.853559,0.452571,0.258101
1153,-0.246718,-0.092279,0.849680,0.765035,-0.159264,-0.623984
1154,-0.246571,-0.101839,0.543325,0.586489,0.216040,-0.780613
1155,-0.251195,-0.102373,0.544787,-0.909710,0.068531,-0.409550
1156,-0.508263,-0.102014,0.692014,-0.659977,-0.440417,-0.608657
1157,-0.411585,-0.100862,0.579685,0.282243,-0.009287,-0.959298
1158,-0.751926,-0.088757,1.146057,0.393595,0.103666,-0.913420
1159,-0.750539,-0.089111,1.150580,0.879207,-0.002223,0.476434
1160,-0.258756,-0.078807,1.464790,-0.784527,0.040129,-0.618795
1161,-0.444122,-0.102346,0.670405,-0.250522,-0.833243,-0.492894
1162,-0.151431,-0.103694,0.446805,-0.677460,-0.155460,-0.718944
1163,0.057902,-0.101106,0.494886,-0.075791,-0.095038,-0.992584
1164,0.150244,-0.098991,0.540863,-0.265543,-0.561649,-0.783605
1165,0.152313,-0.093910,0.542211,0.312779,0.858210,-0.406996
1166,-0.350819,-0.091954,1.039873,0.095490,-0.522502,-0.847274
1167,0.142956,-0.101594,0.436960,-0.999268,0.032685,0.019873
1168,-0.121382,-0.110530,0.192539,0.492785,0.755740,0.431300
1169,0.052345,-0.111910,0.188359,0.654092,0.059701,-0.754055
1170,-0.049609,-0.097052,0.646841,0.679150,-0.080741,-0.729545
1171,0.058589,-0.097490,0.497995,0.142038,0.977942,0.153152
1172,0.045129,-0.104415,0.343640,-0.955821,0.275036,0.103739
1173,-0.208599,-0.105585,0.287618,0.025783,0.956521,0.290521
1174,0.150081,-0.101308,0.339347,0.237182,0.693251,-0.680549
1175,0.146698,-0.104955,0.340760,-0.980178,-0.103561,0.168896
1176,0.150755,-0.107799,0.339277,0.372881,-0.614974,-0.694814
1177,0.048757,-0.106112,0.341042,0.594530,0.366343,-0.715770
1178,0.224118,-0.102921,0.351567,-0.330017,0.094463,-0.939237
1179,0.223583,-0.101198,0.422822,-0.960732,-0.149815,-0.233559
1180,-0.029482,0.053157,0.156126,0.982144,0.027186,-0.186155
1181,-0.033822,0.053599,0.153602,-0.609367,-0.373814,-0.699239
1182,0.047794,-0.095027,0.647036,-0.762777,-0.056843,-0.644159
1183,-0.151800,-0.100723,0.533740,0.168515,-0.054867,-0.984171
1184,-0.067534,-0.098117,0.515842,-0.151787,0.986215,0.065890
1185,-0.066303,-0.101902,0.512306,0.212066,-0.152803,-0.965235
1186,-0.246753,-0.099587,0.745612,0.802021,-0.595070,0.051513
1187,-0.152176,-0.092920,0.848311,-0.695976,-0.049278,-0.716373
1188,-0.349128,-0.102621,0.547417,0.407514,-0.124060,-0.904733
1189,0.245862,-0.093512,0.744860,-0.723440,-0.686138,0.076482
1190,-0.081786,0.119424,0.283495,0.500084,0.304214,-0.810784
1191,-0.431871,-0.097892,0.625172,-0.129060,0.859147,-0.495187
1192,0.140283,-0.107927,0.246866,-0.830595,0.084532,-0.550424
1193,-0.321408,-0.103479,0.466477,0.570472,-0.043442,-0.820167
1194,-0.147748,-0.097592,0.645050,-0.350823,-0.024128,-0.936131
1195,-0.249365,-0.103801,0.442019,0.625120,-0.103625,-0.773619
1196,-0.149570,-0.095066,0.747492,0.660931,0.024864,-0.750035
1197,-0.500911,-0.102214,0.692946,0.695212,-0.718235,-0.028618
1198,-0.232530,-0.097176,0.588726,-0.507721,0.611526,-0.606840
1199,-0.348573,-0.101046,0.624176,-0.762995,-0.021314,-0.646053
1200,-0.350602,-0.085327,1.040497,0.134263,0.663838,-0.735726
1201,-0.243583,-0.098921,0.647238,0.990018,0.096122,-0.103073
1202,-0.231929,-0.103377,0.589382,-0.370016,-0.809040,-0.456665
1203,-0.227826,-0.099796,0.589558,0.977772,0.074016,-0.196174
1204,0.448356,-0.087470,0.741605,-0.647256,0.009825,-0.762209
1205,-0.147446,-0.093359,0.848476,0.835617,-0.472656,-0.279892
1206,-0.345134,-0.100706,0.745332,0.755184,-0.636448,0.156944
1207,-0.345167,-0.094106,0.745497,0.748960,0.635171,0.188724
1208,-0.347312,-0.097348,0.742673,-0.514161,0.018918,-0.857485
1209,-0.248401,-0.087249,1.040833,0.674888,-0.003055,-0.737914
1210,-0.149203,-0.102798,0.338912,0.025763,0.663368,-0.747849
1211,-0.149200,-0.109423,0.338517,0.026321,-0.569815,-0.821351
1212,-0.148752,-0.082652,1.043760,-0.357438,0.887545,-0.290694
1213,-0.764148,-0.083840,1.345730,0.667709,-0.162391,-0.726495
1214,0.193304,0.743137,2.973407,-0.656286,-0.745100,0.118805
1215,0.194077,0.748199,2.972880,-0.330205,0.870028,-0.366083
1216,0.344494,0.448908,2.814433,-0.682913,-0.134228,-0.718062
1217,0.834379,-0.070070,1.251380,-0.879942,-0.366755,0.301982
1218,2.220217,0.453508,3.506923,-0.619211,0.213254,-0.755712
1219,0.098885,0.745151,4.680030,-0.892729,0.426964,-0.144001
1220,-0.049110,-0.068556,1.749930,-0.769458,-0.293753,-0.567136
1221,0.056370,-0.084376,1.037980,-0.634762,0.212591,-0.742888
1222,-0.148869,-0.073612,1.541970,-0.833179,-0.075778,-0.547787
1223,-0.146221,-0.070032,1.543617,0.758515,0.619279,-0.202853
1224,-0.145835,-0.076679,1.543950,0.826038,-0.544837,-0.144268
1225,-0.056712,-0.071918,1.634320,-0.499993,-0.863396,-0.067487
1226,0.207411,-0.064500,1.863500,-0.383299,-0.705903,-0.595637
1227,0.441757,-0.070656,1.557583,-0.370899,-0.535180,-0.758957
1228,0.443751,-0.065072,1.558770,-0.151898,0.903330,-0.401151
1229,-0.021842,-0.055803,1.975630,0.472171,0.610389,-0.635987
1230,-0.853335,-0.081144,1.341610,-0.096881,0.630790,-0.769882
1231,-0.854433,-0.086985,1.343087,-0.006832,-0.843150,-0.537634
1232,-1.756037,0.367702,4.576457,-0.044425,0.854475,-0.517590
1233,-0.646423,-0.070573,1.737730,0.584065,-0.018925,-0.811486
1234,-0.859999,-0.077970,1.564927,0.665698,-0.042934,-0.744985
1235,-0.856104,-0.073959,1.723183,-0.261606,-0.011356,-0.965108
1236,-0.850269,-0.080765,1.465957,-0.579193,-0.056979,-0.813197
1237,-0.845572,-0.080778,1.467197,0.878561,-0.065100,-0.473173
1238,-0.334610,-0.081619,1.466917,0.759210,-0.636434,0.136205
1239,-0.908341,-0.088837,1.279600,0.912164,-0.218844,-0.346502
1240,-0.190059,-0.062865,1.910687,0.579953,0.037820,-0.813771
1241,-2.834110,0.751891,4.482217,-0.281045,-0.910094,-0.304536
1242,-2.829950,0.755903,4.480593,0.864331,0.053112,-0.500111
1243,-0.449771,-0.096557,0.940342,0.293616,-0.922691,-0.249860
1244,-0.451787,-0.091629,0.937870,-0.235467,0.370309,-0.898569
1245,-0.447763,-0.091446,0.941922,0.852754,0.466654,0.234617
1246,-0.251447,-0.092439,0.849333,-0.665313,-0.204725,-0.717946
1247,-0.049186,-0.091322,0.746012,-0.670272,-0.064052,-0.739346
1248,-0.449877,-0.088076,1.037767,0.312118,0.457807,-0.832463
1249,0.038513,-0.077269,1.357527,-0.705181,0.098459,-0.702158
1250,0.539347,-0.078910,1.054537,-0.563091,0.085753,-0.821934
1251,0.244999,-0.077336,1.125237,0.083137,0.680519,-0.727998
1252,0.245333,-0.083949,1.124677,0.144603,-0.537102,-0.831030
1253,0.251632,-0.078323,1.241260,-0.648852,-0.011807,-0.760823
1254,0.154057,-0.087144,0.848958,-0.169302,0.941878,-0.290178
1255,0.018142,-0.070154,1.597503,0.596131,-0.052159,-0.801191
1256,0.852164,-0.062718,1.355667,-0.333900,0.821835,-0.461625
1257,0.259761,0.343729,2.818733,-0.366472,-0.927728,0.070840
1258,0.263336,0.346761,2.814330,0.400086,-0.277430,-0.873478
1259,0.554197,0.745539,2.821767,0.379346,-0.920290,-0.095719
1260,1.657277,0.256200,2.889453,-0.288246,-0.647462,-0.705483
1261,1.668027,0.256178,2.891650,0.615883,0.272192,-0.739324
1262,-0.470871,-0.050002,2.302800,-0.406368,0.900615,-0.154135
1263,-0.154269,-0.063539,2.010013,0.136828,-0.934713,-0.328010
1264,-0.151891,-0.058198,2.009357,0.654705,0.502640,-0.564548
1265,-0.157654,-0.059239,2.009917,-0.868791,0.343035,-0.357113
1266,-0.013611,-0.056829,2.080780,-0.874685,-0.075343,-0.478800
1267,0.747701,2.153210,4.704300,0.127902,0.131545,-0.983024
1268,0.444455,0.545603,2.818750,-0.828449,0.020529,-0.559688
1269,0.117914,-0.012561,4.650153,0.755593,-0.482885,-0.442608
1270,0.115391,-0.007547,4.650357,0.084884,0.961440,-0.261589
1271,0.642402,0.746343,2.824263,-0.810408,-0.063108,-0.582458
1272,0.460755,-0.055012,1.938350,-0.575072,-0.030080,-0.817550
1273,0.351122,0.812719,2.793347,-0.063763,-0.155824,-0.985725
1274,0.166177,0.726715,3.396447,-0.206893,0.948242,-0.240901
1275,0.248031,0.745386,2.794847,-0.010273,-0.906377,-0.422345
1276,-0.140899,-0.081732,1.247753,-0.683042,-0.020361,-0.730095
1277,-0.138466,-0.078332,1.250120,0.798940,0.601308,-0.011074
1278,0.192816,0.158506,3.050697,-0.245399,0.884715,-0.396307
1279,0.751017,-0.062717,1.653677,-0.191405,-0.708786,-0.678960
1280,0.186461,0.183250,3.291590,-0.788421,0.613856,-0.039671
1281,0.168182,0.329950,3.432793,0.144052,0.773192,-0.617594
1282,0.195264,0.743739,2.984030,-0.580791,-0.786026,0.211767
1283,1.145337,-0.048562,1.840950,0.531681,-0.768355,-0.356295
1284,1.142270,-0.044286,1.839630,-0.644299,0.304026,-0.701745
1285,-0.714198,-0.053893,2.351970,0.119954,0.992605,-0.018629
1286,-0.688093,-0.060948,2.238793,-0.919117,-0.259653,-0.296317
1287,0.183164,0.211673,3.334117,-0.689698,-0.676030,-0.259424
1288,0.267163,0.653159,2.813647,0.584910,0.717581,-0.378097
1289,0.239035,0.836221,2.781833,-0.078564,-0.963641,-0.255388
1290,0.255974,0.652226,2.801347,0.484723,0.648607,-0.586816
1291,0.762999,-0.051874,1.870500,-0.846072,-0.050351,-0.530686
1292,0.767688,-0.051797,1.869960,0.623521,-0.030866,-0.781197
1293,0.343074,0.345978,2.822657,-0.939735,0.340850,0.026818
1294,0.346498,0.342442,2.818873,-0.135896,-0.490021,-0.861053
1295,0.446316,0.444033,2.819870,-0.091158,-0.622308,-0.777446
1296,0.850615,0.446061,2.825393,0.114840,-0.860888,-0.495666
1297,0.845756,0.450508,2.824880,-0.794528,0.011356,-0.607121
1298,0.546873,0.542387,2.822783,-0.043954,-0.685692,-0.726564
1299,1.104340,-0.052785,1.595920,-0.432470,-0.061783,-0.899529
1300,0.859490,1.646310,4.736467,0.735097,0.113562,-0.668384
1301,0.554731,0.814418,2.807363,0.208774,-0.208767,-0.955421
1302,0.028991,-0.060823,1.868133,0.737250,-0.000379,-0.675620
1303,0.181101,0.565762,3.160877,-0.090452,0.480911,-0.872091
1304,0.203464,0.476497,3.026347,0.716173,0.678483,-0.163573
1305,0.212912,0.151790,2.988527,0.075451,-0.910591,-0.406364
1306,0.547601,0.346051,2.830377,-0.714925,0.666424,-0.211569
1307,0.856965,-0.045830,2.649610,-0.674759,-0.615753,-0.406876
1308,0.552016,0.447754,2.824727,0.802377,-0.054105,-0.594360
1309,0.445627,0.347852,2.826023,-0.077768,0.000531,-0.996971
1310,0.457262,0.807641,2.798610,0.212564,-0.666343,-0.714705
1311,0.549498,0.450491,2.827767,-0.700134,0.709457,-0.080521
1312,0.540421,0.817885,2.804243,0.135285,-0.208231,-0.968679
1313,0.954907,0.810233,2.790520,0.257317,0.806691,-0.532013
1314,0.951595,0.808088,2.793643,-0.953755,-0.300417,-0.010027
1315,0.956105,0.806340,2.793173,0.423028,-0.891275,-0.163326
1316,0.199186,0.854769,2.781830,0.597649,-0.510770,-0.618005
1317,0.193963,0.855091,2.783883,-0.912895,-0.402115,-0.070183
1318,1.244980,0.810163,2.763247,0.004140,-0.357310,-0.933977
1319,1.010523,0.847840,2.829637,-0.947818,0.154612,0.278810
1320,0.131386,1.253343,4.220350,-0.417214,-0.565217,-0.711662
1321,0.160748,0.555832,3.472413,-0.047711,0.969256,-0.241386
1322,0.158605,0.550944,3.471653,-0.410357,-0.605834,-0.681595
1323,1.249830,0.655863,2.755387,-0.162749,0.876859,-0.452362
1324,0.244805,0.556802,2.793577,0.068325,0.263484,-0.962241
1325,0.749334,0.750828,2.818323,-0.652476,-0.735405,0.182907
1326,0.522664,0.831789,2.797307,-0.985505,0.135332,-0.102295
1327,0.549987,0.748318,2.820553,-0.945999,0.072965,-0.315852
1328,0.201903,0.743749,2.961590,-0.022315,0.715983,-0.697761
1329,0.201129,0.738686,2.962117,-0.242360,-0.872647,-0.423967
1330,0.243693,0.840623,2.780370,0.833943,-0.101114,-0.542509
1331,0.238726,0.841002,2.780467,-0.704846,0.656286,-0.269223
1332,0.946568,0.834387,2.822830,-0.910503,-0.358596,0.205898
1333,0.197236,0.784421,2.791127,0.537272,-0.348005,-0.768265
1334,0.354076,0.802584,2.797423,-0.222960,-0.709135,-0.668892
1335,-0.156045,-0.063286,1.849927,-0.388004,-0.039326,-0.920818
1336,-0.217212,-0.066538,1.917857,-0.307408,-0.699053,-0.645620
1337,-0.464204,-0.054886,2.293767,-0.414940,0.113033,-0.902800
1338,-0.454237,-0.055355,2.293250,0.868272,0.268106,-0.417400
1339,0.263572,0.448511,2.815460,-0.246829,-0.651564,-0.717314
1340,0.267184,0.451739,2.817430,0.855317,0.459563,-0.239238
1341,0.974949,0.763337,2.791017,0.667125,-0.651421,-0.361380
1342,-0.842809,-0.086755,1.255803,-0.593675,-0.091299,-0.799509
1343,0.253810,0.450916,2.806037,0.543562,-0.760683,-0.354826
1344,0.245096,0.451241,2.804517,-0.538254,-0.832944,0.128400
1345,0.247183,0.454410,2.800920,0.093444,0.937401,-0.335481
1346,-0.199610,-0.065814,1.915913,-0.373400,-0.901190,-0.220066
1347,-0.151674,-0.063334,1.851727,0.945921,-0.051042,-0.320355
1348,-0.247807,-0.067994,1.848980,0.753937,-0.285241,-0.591791
1349,-0.456876,-0.071515,1.827857,-0.076020,-0.577435,-0.812890
1350,-0.456594,-0.064896,1.828187,-0.023388,0.659636,-0.751221
1351,1.229090,-0.042188,1.957930,-0.980853,0.181674,0.070155
1352,0.515943,-0.050421,1.981733,-0.335576,0.664872,-0.667333
1353,-0.268668,-0.056315,2.307413,0.095495,0.105788,-0.989793
1354,0.515753,-0.056991,1.981650,-0.372885,-0.627057,-0.683927
1355,1.143533,-0.042612,1.972223,0.760974,0.079403,-0.643905
1356,1.130230,-0.049939,1.645737,-0.429844,0.218382,-0.876096
1357,-1.848330,2.245140,4.521503,-0.623240,-0.780830,0.043322
1358,1.233090,-0.041054,1.954950,0.448789,0.436509,-0.779775
1359,1.248787,0.650875,2.756443,-0.647446,-0.727130,-0.228244
1360,1.311690,0.354845,2.792163,-0.513722,0.838903,-0.179810
1361,1.315003,0.351338,2.789917,0.670286,-0.206191,-0.712883
1362,1.311133,0.349659,2.793140,-0.684741,-0.719830,0.113907
1363,1.214873,-0.037583,2.327153,0.350214,0.059101,-0.934803
1364,0.955968,-0.064119,1.434580,0.342470,-0.665602,-0.663090
1365,0.749835,-0.042642,2.636873,-0.436430,0.695978,-0.570214
1366,0.831008,-0.059309,1.532133,0.622930,0.370624,-0.688909
1367,0.921572,-0.065639,1.346750,0.120425,-0.321720,-0.939145
1368,0.917591,-0.062472,1.350020,-0.874390,0.469646,-0.121964
1369,0.665666,-0.061019,1.670437,-0.900026,-0.061086,-0.431534
1370,0.342694,-0.080983,1.248747,0.149449,-0.583530,-0.798222
1371,0.342732,-0.074321,1.248817,0.156201,0.598468,-0.785771
1372,1.311467,-0.027190,2.622107,0.504015,0.203176,-0.839457
1373,0.947756,-0.054225,1.662647,-0.915063,-0.096034,-0.391711
1374,0.938664,-0.043692,2.012710,0.601778,0.059704,-0.796429
1375,1.058453,-0.053472,1.559010,0.785661,0.070776,-0.614596
1376,0.938665,-0.043221,1.923950,-0.254653,0.956031,-0.145454
1377,0.670279,-0.060621,1.669310,0.525906,0.064043,-0.848128
1378,1.127750,-0.051555,1.746970,-0.697749,-0.691758,-0.186054
1379,1.184887,2.709030,4.777310,0.431444,0.668426,-0.605857
1380,0.977486,2.645347,4.715490,-0.726744,0.485265,-0.486169
1381,1.440943,2.419917,4.823457,0.584737,-0.495916,-0.641988
1382,1.437040,2.420910,4.825933,-0.947054,0.225207,-0.228846
1383,0.966460,2.377237,4.716120,-0.955403,0.032998,-0.293456
1384,0.848206,2.621237,4.639880,0.237038,-0.311716,-0.920134
1385,0.844194,2.623267,4.642960,-0.964175,0.264748,0.016607
1386,1.021917,2.575300,4.749587,0.215000,-0.959311,0.183022
1387,0.650401,2.527480,4.692117,0.215061,-0.294831,-0.931034
1388,1.031053,2.644500,4.770370,-0.457306,-0.801377,0.385573
1389,1.031910,2.647213,4.766343,-0.501244,0.649583,-0.571661
1390,0.104180,0.745402,4.678683,0.673971,0.501128,-0.542802
1391,0.749407,2.610373,4.658900,-0.325035,0.018724,-0.945516
1392,0.973699,2.587960,4.702243,-0.025319,-0.367972,-0.929492
1393,-1.210200,0.640137,4.597243,0.879635,0.468834,-0.080233
1394,-1.224057,0.632973,4.592613,-0.111710,0.138102,-0.984098
1395,1.022707,1.643930,4.779737,-0.842982,0.294057,-0.450458
1396,0.044511,0.749230,4.717380,-0.568419,-0.821162,-0.050925
1397,0.842763,2.153727,4.721603,-0.415218,-0.270257,-0.868651
1398,1.077163,2.046223,4.814547,-0.935179,0.348057,-0.065551
1399,1.063310,1.849490,4.814573,-0.722908,0.655639,-0.218040
1400,1.940237,1.850763,4.795543,-0.784751,0.347336,-0.513346
1401,0.793316,2.441233,4.660570,0.530599,-0.745938,-0.402543
1402,0.640643,2.451340,4.676293,-0.521810,-0.853062,0.000273
1403,-1.568703,2.364117,4.560393,-0.424435,0.705636,-0.567391
1404,0.763185,2.437113,4.647483,0.002990,-0.199391,-0.979915
1405,0.762390,2.434123,4.652737,-0.191229,-0.931957,0.308039
1406,0.661235,1.553170,4.653583,0.962057,-0.111020,-0.249240
1407,0.640119,2.142557,4.421557,0.842349,-0.351094,-0.408878
1408,0.635192,2.141257,4.422550,-0.643866,-0.756470,-0.114842
1409,1.155297,1.745113,4.831420,-0.047592,-0.956725,-0.287074
1410,1.152803,1.749253,4.832873,-0.656405,0.650972,-0.381271
1411,-0.037963,0.143965,4.697610,-0.898454,-0.427832,-0.098692
1412,-0.044888,0.155531,4.696170,-0.646885,-0.760917,-0.050450
1413,0.101367,0.550125,4.620503,-0.013208,-0.594687,-0.803849
1414,-0.346223,0.255895,4.673397,0.082757,-0.792754,-0.603898
1415,-0.348807,0.258510,4.676350,-0.691698,0.714100,-0.107779
1416,-0.647753,0.754893,4.664763,-0.022514,0.809588,-0.586566
1417,-0.243271,0.832281,4.698670,0.603463,-0.790348,0.105749
1418,-0.144410,0.437149,4.687690,-0.861213,-0.508240,-0.001864
1419,-0.249367,0.236959,4.680857,-0.015132,-0.792356,-0.609871
1420,0.125058,0.155763,4.370427,0.214294,0.507366,-0.834660
1421,0.100095,0.359917,4.640093,0.232566,-0.805733,-0.544709
1422,0.075029,0.454137,4.687200,-0.563379,-0.081702,-0.822149
1423,0.066699,0.351868,4.691650,-0.079265,-0.043384,-0.995909
1424,0.755841,0.450887,2.827990,0.021122,-0.999661,0.015211
1425,0.035311,0.064870,4.689517,-0.815489,0.120877,-0.566009
1426,-0.050399,0.058227,4.682127,-0.498704,0.275854,-0.821705
1427,-0.241700,0.158965,4.683387,-0.118057,0.769885,-0.627168
1428,0.117814,0.270679,4.319383,-0.178217,-0.166936,-0.969727
1429,0.107914,0.192040,4.566243,-0.937262,-0.306925,-0.165336
1430,0.124016,0.150959,4.372620,0.186121,-0.979632,-0.075373
1431,0.337146,-0.007021,2.845890,-0.832322,-0.281535,-0.477471
1432,-0.368858,-0.009641,4.639487,-0.837673,0.391208,-0.381131
1433,-0.009327,0.209214,4.698917,-0.437894,-0.692429,-0.573403
1434,2.607380,1.784387,4.826703,0.396000,-0.918185,-0.010987
1435,0.157118,0.456027,3.517520,0.884747,-0.152411,-0.440447
1436,0.101505,0.133167,4.664663,0.428790,0.372917,-0.822844
1437,-0.123961,0.072335,4.682907,0.699824,-0.165655,-0.694842
1438,0.099744,0.141985,4.675083,0.484081,0.791981,-0.372063
1439,0.090460,0.140228,4.677230,-0.802286,-0.560005,-0.206716
1440,0.112536,0.198033,4.564323,0.431248,0.106737,-0.895897
1441,0.120230,0.154582,4.373850,-0.976311,0.216155,0.009699
1442,-0.030274,0.148432,4.695057,0.660081,0.395543,-0.638622
1443,0.164250,0.452414,3.445473,0.171020,0.840996,-0.513301
1444,0.164002,0.447706,3.444830,0.106864,-0.621059,-0.776444
1445,1.000904,0.085443,2.798373,0.117553,0.967747,-0.222817
1446,1.000583,0.080968,2.795980,0.445182,-0.668469,-0.595788
1447,0.997562,0.082159,2.799560,-0.989129,-0.007447,0.146865
1448,0.851205,0.346549,2.830237,-0.701871,-0.694553,0.158026
1449,0.206199,0.346225,3.012460,-0.056825,-0.995200,0.079677
1450,1.121130,-0.030610,2.730873,0.438029,-0.339634,-0.832333
1451,1.096670,0.146708,2.798183,0.386196,0.842555,-0.375438
1452,1.115750,0.149079,2.795833,-0.529513,0.736687,-0.420605
1453,1.087567,0.145983,2.792113,0.206697,0.689728,-0.693939
1454,-0.158703,-0.057856,2.125040,0.353610,-0.053658,-0.933853
1455,0.779702,-0.047969,1.967800,-0.284056,-0.096721,-0.953917
1456,-0.356885,-0.065703,2.024877,-0.053072,-0.919367,-0.389804
1457,-0.743806,-0.073188,1.658180,0.759734,-0.075721,-0.645810
1458,-0.440697,-0.062868,2.178193,0.053509,-0.641225,-0.765485
1459,-0.469105,-0.061629,2.299497,-0.500587,-0.701380,-0.507423
1460,-0.359789,-0.060428,2.024517,-0.779952,0.401179,-0.480343
1461,-0.753318,-0.065204,1.931823,0.465536,0.395655,-0.791665
1462,-0.318821,-0.063536,1.943943,-0.607063,-0.141459,-0.781962
1463,-0.314144,-0.062971,1.944653,0.812828,0.028750,-0.581795
1464,-1.213477,-0.068824,1.954803,-0.823953,-0.031560,-0.565779
1465,0.264721,-0.046928,2.779373,-0.140176,0.977281,-0.158971
1466,-0.739925,-0.056968,2.245737,0.651159,0.738552,0.174737
1467,-0.350052,-0.061889,2.262060,0.659963,-0.751176,-0.013543
1468,-0.349055,-0.055410,2.262077,0.836353,0.545785,0.051308
1469,-0.352303,-0.058221,2.259733,-0.652577,0.102273,-0.750789
1470,-0.625192,-0.071275,1.939827,0.846171,-0.532910,-0.001639
1471,-0.531491,-0.059116,2.126993,0.462330,0.529943,-0.710923
1472,-0.531555,-0.065750,2.127587,0.450791,-0.656628,-0.604671
1473,-0.564663,-0.067158,1.919290,0.629179,0.062847,-0.774716
1474,-0.544256,-0.067156,1.731637,0.836152,0.543683,-0.072509
1475,-0.549135,-0.067076,1.731493,-0.711836,0.004731,-0.702329
1476,-0.254488,-0.079616,1.341720,0.202775,0.222508,-0.953610
1477,-0.540372,-0.087778,1.160047,0.757775,-0.021811,-0.652151
1478,-0.256932,-0.058182,2.149503,-0.062331,0.997902,0.017519
1479,-0.288472,-0.062378,2.302657,0.001596,-0.728478,-0.685067
1480,0.266104,-0.051508,2.776737,0.425343,-0.374469,-0.823928
1481,0.262389,0.050732,2.817167,-0.581670,-0.644887,-0.495762
1482,0.266745,0.051934,2.819250,0.954478,0.131414,-0.267774
1483,0.262645,0.054943,2.820147,-0.267623,0.963516,0.003884
1484,0.184448,0.170983,3.103233,-0.421393,0.868761,-0.260160
1485,0.190909,0.169425,3.103120,0.762106,0.583446,-0.280687
1486,0.186900,0.167075,3.101767,-0.216862,-0.866636,-0.449346
1487,-0.704453,-0.058889,2.341803,-0.309229,-0.616317,-0.724245
1488,-0.252521,-0.066485,1.848513,-0.945906,-0.199404,-0.255930
1489,-1.719390,-0.026567,4.561413,0.514461,0.203110,-0.833112
1490,-1.563050,0.662290,4.575497,-0.520415,-0.849665,-0.085073
1491,-0.227624,-0.052937,2.438710,-0.942778,-0.094745,-0.319677
1492,0.345823,0.056055,2.817227,-0.913612,-0.121619,-0.387971
1493,0.949035,0.145849,2.821640,-0.139027,-0.989776,-0.031866
1494,0.210425,0.080951,2.999690,-0.035721,-0.946085,-0.321944
1495,0.448989,-0.083322,0.947864,0.710940,-0.059018,-0.700772
1496,0.444283,-0.083191,0.948222,-0.760541,-0.021615,-0.648930
1497,1.248307,0.746479,2.755143,-0.565607,-0.723391,0.395971
1498,0.939036,-0.048247,1.921280,-0.151958,-0.438420,-0.885831
1499,0.953151,-0.056351,1.537600,-0.316078,0.920892,0.228152
1500,0.935454,-0.046122,1.835140,-0.717362,0.674132,-0.175891
1501,0.847388,0.810673,2.811277,-0.934239,-0.300062,0.192767
1502,0.189457,0.179809,3.289530,0.087223,-0.501605,-0.860689
1503,1.141793,0.646053,2.779477,0.613120,-0.773226,-0.161882
1504,1.139203,0.649455,2.776793,0.049672,0.774287,-0.630882
1505,1.137287,0.647163,2.780483,-0.841859,-0.515862,0.158618
1506,1.005907,-0.043913,1.925060,-0.761008,0.564622,-0.319482
1507,1.006037,-0.050484,1.925950,-0.736713,-0.658444,-0.153968
1508,1.009207,-0.047345,1.923947,0.871402,-0.048875,-0.488129
1509,0.760348,0.816680,2.805920,-0.080546,-0.501027,-0.861675
1510,0.210961,0.227656,2.981380,0.098271,0.759700,-0.642805
1511,0.211581,0.222936,2.981713,0.317875,-0.725300,-0.610651
1512,0.754952,0.342627,2.829357,-0.750069,-0.587919,-0.302900
1513,1.852760,0.038586,2.878213,-0.198417,0.929249,-0.311653
1514,1.248103,0.348242,2.763377,-0.691856,-0.659602,-0.293701
1515,2.237120,0.354039,3.346223,-0.630052,0.776553,0.000615
1516,1.732360,0.640317,2.883967,-0.771344,0.088542,-0.630230
1517,0.898084,-0.043789,2.525513,0.372999,0.741288,-0.558000
1518,1.243147,0.250196,2.768913,-0.928460,0.161516,0.334478
1519,1.385140,-0.022379,2.752963,0.577682,-0.136008,-0.804851
1520,1.319070,0.653841,2.789363,-0.920502,-0.168446,-0.352564
1521,1.328823,0.258073,2.794637,0.251792,0.392214,-0.884742
1522,1.241677,0.078407,2.775457,-0.922843,-0.333402,-0.192884
1523,1.446733,0.353220,2.839510,-0.952870,-0.075392,0.293862
1524,0.853595,0.348590,2.826377,0.660640,-0.112064,-0.742292
1525,0.851574,0.351418,2.829830,-0.612940,0.789225,0.037793
1526,1.297713,-0.047142,1.998790,0.219303,-0.917658,-0.331377
1527,1.146173,0.553515,2.777627,-0.202233,0.682661,-0.702193
1528,1.144503,0.550804,2.781500,-0.655741,-0.735460,0.170594
1529,0.938208,-0.049760,1.833303,0.784320,-0.090649,-0.613698
1530,0.565710,2.440187,4.677227,0.950706,0.102391,-0.292702
1531,0.736598,-0.061772,1.540293,-0.098637,0.376425,-0.921181
1532,1.548773,0.740243,2.854270,-0.925665,-0.014310,-0.378075
1533,1.373563,0.556611,2.809297,-0.547615,0.440622,-0.711315
1534,1.549160,0.547593,2.859543,-0.673050,-0.704983,-0.223613
1535,1.549400,0.552328,2.859400,-0.618976,0.735626,-0.275180
1536,1.373250,0.552604,2.811983,-0.616734,-0.777254,0.124563
1537,1.329667,0.755126,2.784950,0.689780,0.446958,-0.569589
1538,1.240567,0.550648,2.759033,-0.496757,-0.787154,-0.365542
1539,1.240843,0.555631,2.759450,-0.507498,0.808141,-0.298920
1540,0.646617,0.645088,2.830070,0.743823,-0.667613,-0.031958
1541,1.060133,0.556121,2.794533,-0.653726,0.756712,-0.005399
1542,1.140750,0.743265,2.770917,0.648920,-0.749499,-0.130972
1543,1.447273,0.749097,2.821857,0.032296,0.796470,-0.603814
1544,1.444577,0.746596,2.824810,-0.629133,-0.771187,-0.097278
1545,1.245163,0.247543,2.763220,-0.538701,-0.351307,-0.765757
1546,1.325190,0.754320,2.786673,-0.896341,-0.232607,-0.377449
1547,1.363050,0.451510,2.809637,-0.581913,0.549424,-0.599592
1548,1.342090,-0.042912,1.951370,0.203410,0.130593,-0.970345
1549,1.138673,-0.043053,1.971983,-0.750084,-0.058457,-0.658754
1550,0.531812,0.826315,2.797220,0.033624,-0.862017,-0.505763
1551,1.449953,0.355626,2.836990,0.315074,-0.007018,-0.949041
1552,1.339543,-0.040687,1.955347,-0.777487,0.525498,0.345494
1553,1.341117,-0.046655,1.954873,-0.406175,-0.883337,0.233961
1554,1.121647,-0.046894,2.021760,-0.003028,-0.571035,-0.820920
1555,0.936262,-0.040580,2.015370,-0.846728,0.520598,0.109681
1556,2.238543,0.562073,3.257187,0.241380,0.874473,-0.420752
1557,2.226733,0.822158,3.239847,0.212949,-0.166013,-0.962856
1558,0.123618,0.700250,4.511527,0.419034,-0.519730,-0.744507
1559,2.245513,0.152387,3.354557,-0.333038,-0.561042,-0.757838
1560,2.245897,0.157653,3.356547,-0.317872,0.931594,-0.176323
1561,2.225473,0.543620,3.440837,-0.046831,0.594321,-0.802863
1562,2.234413,0.559222,3.258817,-0.991452,0.129199,0.018173
1563,2.237733,0.349387,3.341510,-0.518800,-0.065129,-0.852411
1564,2.228937,0.449881,3.448380,0.133668,0.516573,-0.845746
1565,1.167100,-0.031603,2.564643,-0.113675,0.808858,-0.576912
1566,1.166530,-0.037337,2.564560,-0.235504,-0.764294,-0.600327
1567,2.215660,0.628572,3.496953,-0.614237,0.158378,-0.773065
1568,1.651990,0.145378,2.888540,-0.666590,-0.727039,-0.164535
1569,1.657287,0.154967,2.888240,-0.306036,0.653025,-0.692748
1570,1.678740,0.163302,2.898927,0.823354,-0.057004,-0.564657
1571,0.107775,0.591614,4.507423,-0.474174,-0.649340,-0.594573
1572,0.101140,0.554860,4.621323,0.100390,0.984134,-0.146293
1573,2.232257,0.253524,3.450777,0.184258,0.307431,-0.933560
1574,2.221303,0.351886,3.507063,-0.596937,0.090843,-0.797128
1575,0.086731,0.781076,4.539853,0.469200,-0.195910,-0.861087
1576,0.135128,1.256390,4.220663,0.693129,0.663604,-0.281429
1577,-1.846323,1.650953,4.541240,0.766892,-0.630496,0.119797
1578,-0.909767,1.452393,4.635790,0.677534,-0.302099,-0.670585
1579,-1.844417,2.246203,4.519040,0.827492,-0.093268,-0.553677
1580,-1.663347,1.954240,4.544073,-0.696980,-0.714319,-0.062982
1581,-1.660590,1.956583,4.540980,0.055565,0.786691,-0.614842
1582,-1.658673,1.954387,4.544683,0.718930,-0.684229,0.122352
1583,-1.753913,1.653877,4.546770,0.715104,-0.697017,0.052857
1584,-1.849553,1.946880,4.529253,0.518922,0.706838,-0.480728
1585,-1.734637,2.044527,4.538330,0.819337,-0.138374,-0.556363
1586,-1.658507,1.555900,4.553000,-0.781600,-0.127642,-0.610581
1587,-1.653117,1.854930,4.549510,0.838306,-0.506903,0.200731
1588,-1.655030,1.858183,4.545927,0.149800,0.841502,-0.519070
1589,-1.657580,1.854777,4.547973,-0.612547,-0.719855,-0.326489
1590,-1.552853,2.039530,4.574700,0.816216,-0.267997,-0.511830
1591,-2.225460,2.023847,4.502420,0.915981,0.368989,0.157560
1592,-2.141683,2.050330,4.506290,0.480016,0.072609,-0.874250
1593,-2.228733,2.023267,4.498590,-0.565763,0.448756,-0.691759
1594,-2.348227,2.051867,4.488090,0.799578,-0.589748,0.113453
1595,-2.051890,2.350967,4.509733,-0.322918,-0.942035,0.091066
1596,-2.051620,2.354730,4.506177,-0.492075,0.553449,-0.671979
1597,0.641100,2.455260,4.673407,-0.210297,0.608153,-0.765457
1598,-2.235063,1.951030,4.501983,0.146284,-0.010746,-0.989184
1599,-2.266973,1.970080,4.493013,0.166389,0.761561,-0.626370
1600,-2.245690,1.960603,4.500013,0.171386,-0.029202,-0.984771
1601,1.940170,1.958063,4.793253,-0.702540,0.646596,-0.297239
1602,-1.651327,2.153140,4.533940,0.468653,-0.315916,-0.824962
1603,-1.557713,2.040440,4.575327,-0.838509,-0.007458,-0.544836
1604,-1.665017,2.243077,4.537183,-0.727225,-0.100292,-0.679033
1605,0.851090,0.810148,2.807640,0.528003,-0.618554,-0.581897
1606,1.345587,1.649287,4.841180,-0.915694,0.394985,-0.074106
1607,1.444687,2.064437,4.842217,-0.780772,-0.257477,-0.569298
1608,1.651010,2.663580,4.817987,0.089404,-0.597683,-0.796732
1609,1.725603,2.188740,4.536903,-0.987395,0.123064,-0.099535
1610,1.343417,2.303093,4.662903,0.728841,-0.530008,-0.433453
1611,1.857263,2.639700,4.754187,0.836980,0.008588,-0.547167
1612,1.081160,2.045060,4.811550,0.444057,-0.078238,-0.892576
1613,1.823763,2.595800,4.782700,-0.977348,-0.022534,0.210433
1614,1.826910,2.598260,4.779673,0.207272,0.596976,-0.775022
1615,1.827377,2.592650,4.781240,0.414749,-0.867689,-0.274043
1616,1.195060,2.701203,4.758260,-0.774031,0.179980,-0.607029
1617,0.751410,0.753285,2.814380,-0.132105,0.571701,-0.809757
1618,2.171857,2.584613,4.739187,-0.976351,0.013744,0.215753
1619,1.843783,2.693260,4.689730,-0.824877,-0.502628,-0.258733
1620,1.622253,2.298993,4.821863,0.274202,-0.915622,0.294025
1621,1.619020,2.301650,4.818020,-0.559777,-0.153888,-0.814228
1622,1.552690,2.347933,4.778710,-0.325740,-0.488878,-0.809254
1623,1.448880,1.649470,4.852040,0.277179,-0.763500,-0.583301
1624,1.785423,2.341287,4.680003,0.143060,0.825699,-0.545670
1625,1.907973,2.614297,4.752637,-0.001479,0.785943,-0.618297
1626,1.906447,2.609457,4.752723,-0.736750,-0.671200,-0.081794
1627,1.858190,1.770960,4.789433,0.220129,0.752765,-0.620394
1628,1.853367,1.766917,4.790070,-0.864824,-0.156443,-0.477079
1629,1.853957,1.641537,4.796903,0.267321,0.867622,-0.419252
1630,1.865647,1.646687,4.802083,0.206040,-0.457206,-0.865165
1631,2.573567,1.863273,4.818720,-0.756662,-0.082864,-0.648534
1632,2.554177,1.735547,4.773200,-0.971078,0.155572,0.181120
1633,2.515440,1.844277,4.756283,-0.277053,-0.956217,-0.094289
1634,1.148577,2.243670,4.826127,0.102279,0.578411,-0.809309
1635,2.036123,1.694377,4.795137,-0.856954,0.231351,-0.460550
1636,2.578220,1.926120,4.825893,0.496223,0.330169,-0.802964
1637,2.045843,1.693873,4.797630,0.874938,-0.172880,-0.452323
1638,2.040553,1.688193,4.795100,0.412880,-0.530955,-0.740011
1639,2.556820,1.733243,4.769847,-0.010350,-0.548535,-0.836064
1640,1.862850,1.758863,4.793533,-0.206166,-0.883999,-0.419573
1641,2.594187,1.782293,4.827197,-0.042112,-0.938580,0.342483
1642,1.651623,0.831636,2.867627,-0.034684,-0.985034,0.168834
1643,2.569683,1.608627,4.799393,0.609741,-0.085029,-0.788026
1644,2.566027,1.606150,4.801600,-0.899823,-0.436249,-0.002177
1645,1.647973,1.562240,4.868447,-0.704304,-0.702511,0.102146
1646,1.650023,1.564727,4.864787,0.655769,-0.009842,-0.754897
1647,1.925603,1.578933,4.799660,-0.925742,0.370551,-0.075460
1648,1.648493,1.646327,4.864297,0.534470,-0.845071,-0.013981
1649,1.929590,1.747387,4.798473,-0.571341,-0.518942,-0.635821
1650,1.938863,1.742303,4.798053,-0.114574,-0.538751,-0.834638
1651,1.903947,1.754747,4.794727,-0.283270,0.564057,-0.775627
1652,1.874340,1.549727,4.801947,0.240819,-0.024273,-0.970266
1653,1.756957,1.837397,4.770870,0.066312,-0.821582,-0.566220
1654,1.840080,1.639063,4.794077,-0.643576,0.760027,-0.090382
1655,1.830963,1.558597,4.774903,-0.401457,-0.386902,-0.830144
1656,1.914120,1.752720,4.794390,0.246678,-0.914200,-0.321541
1657,2.222357,0.541008,3.443447,-0.561459,-0.822178,0.093744
1658,2.196187,0.810021,3.457007,-0.737701,-0.670989,0.074638
1659,2.168183,0.873120,3.254463,0.808051,-0.373486,-0.455589
1660,2.216110,0.754344,3.448783,-0.728401,0.681608,-0.069589
1661,1.743423,0.226292,2.892610,-0.419932,-0.439046,-0.794289
1662,1.349080,1.645423,4.839083,0.102172,-0.655813,-0.747978
1663,1.447760,0.644559,2.827630,0.179190,-0.887133,-0.425306
1664,1.294770,-0.043488,2.000363,-0.974561,0.147921,0.168374
1665,1.648740,0.265457,2.891540,-0.906732,0.382721,-0.177091
1666,1.048523,0.047929,2.832973,-0.645617,0.699098,-0.307312
1667,1.845087,0.048675,2.890410,-0.492780,0.721505,-0.486414
1668,0.827169,-0.058536,1.535497,-0.914194,0.401900,0.052209
1669,0.643840,0.647236,2.826857,-0.819872,-0.048248,-0.570510
1670,0.985614,-0.044690,2.388370,0.377995,-0.019907,-0.925594
1671,1.363873,0.648467,2.811903,-0.917675,0.146120,0.369488
1672,1.365820,0.649012,2.805570,-0.560996,0.246046,-0.790408
1673,1.341407,1.854713,4.827467,0.118021,0.318505,-0.940545
1674,1.342427,1.851700,4.831293,0.417700,-0.898340,0.136059
1675,1.334683,0.808601,2.785287,0.419235,-0.259113,-0.870116
1676,1.249543,0.748118,2.750640,-0.175464,-0.207555,-0.962358
1677,0.952173,-0.053913,1.660937,0.412603,-0.002601,-0.910907
1678,0.346433,-0.065760,1.670957,0.508038,-0.069581,-0.858520
1679,1.329790,0.809721,2.787767,-0.986884,0.053101,-0.152449
1680,1.323740,0.551658,2.785107,-0.339950,-0.900484,-0.271224
1681,1.246633,0.448011,2.760507,-0.254525,0.795851,-0.549398
1682,1.323453,0.654271,2.787477,0.817153,-0.413710,-0.401379
1683,1.061633,-0.050602,1.657490,0.608444,0.340270,-0.716947
1684,1.058847,-0.055183,1.658997,-0.355704,-0.874043,-0.330942
1685,1.056723,-0.049511,1.659887,-0.865121,0.487656,-0.117292
1686,1.053007,-0.051334,1.559420,-0.603630,0.725055,-0.331550
1687,1.054357,-0.056160,1.560590,-0.366503,-0.930239,-0.018197
1688,0.756308,-0.074404,1.252607,-0.334485,-0.942397,-0.002780
1689,0.755563,-0.069584,1.250320,-0.358094,0.524442,-0.772482
1690,0.846312,-0.054241,1.752813,-0.795304,0.021013,-0.605847
1691,1.722973,0.135929,2.891837,-0.407975,-0.576780,-0.707730
1692,1.060330,-0.030807,2.741673,0.729325,-0.324748,-0.602183
1693,0.981445,-0.045799,2.390330,-0.945379,-0.325594,-0.015750
1694,0.555066,0.750438,2.820297,0.571802,0.644610,-0.507464
1695,1.900213,1.749540,4.802713,0.145840,-0.974734,0.169190
1696,0.607420,1.569303,4.704177,-0.449598,-0.864658,0.224114
1697,0.611551,1.578393,4.702820,0.899744,-0.074325,-0.430043
1698,1.016473,-0.056785,1.488663,-0.640791,-0.002110,-0.767712
1699,0.852275,-0.068406,1.355217,-0.249139,-0.763792,-0.595442
1700,0.450904,-0.075643,1.151287,0.069296,0.519000,-0.851961
1701,0.451259,-0.082266,1.151913,0.132563,-0.658882,-0.740474
1702,0.838052,-0.070117,1.246967,0.135114,-0.391152,-0.910354
1703,0.610289,-0.082099,0.885228,-0.104249,0.042931,-0.993624
1704,0.345151,-0.075221,1.341113,-0.933846,-0.054252,-0.353536
1705,-0.254655,-0.088667,1.146083,0.817017,-0.568111,0.098658
1706,-0.254824,-0.082005,1.146093,0.787179,0.608526,0.100229
1707,-0.256857,-0.085386,1.143463,-0.610120,-0.014288,-0.792180
1708,0.152077,-0.073414,1.362087,0.814732,0.540235,-0.210613
1709,-0.145909,-0.086054,0.945687,0.562592,0.826652,-0.011665
1710,-0.154262,-0.095167,0.747955,-0.773408,-0.005719,-0.633883
1711,-0.350273,-0.099408,0.669679,-0.012798,0.996202,-0.086129
1712,0.247739,-0.090020,0.742163,0.636871,0.050811,-0.769294
1713,-0.044465,-0.091051,0.746257,0.870836,0.481255,-0.100187
1714,0.052578,-0.095065,0.646727,0.685092,-0.067408,-0.725331
1715,-0.142883,-0.113874,0.243048,-0.231238,-0.554507,-0.799407
1716,-0.141392,-0.107446,0.243397,0.054626,0.678568,-0.732503
1717,0.254350,-0.085415,0.944783,-0.600685,-0.040247,-0.798472
1718,-0.046991,-0.111297,0.187486,0.680738,-0.129472,-0.720994
1719,0.050936,-0.108333,0.236776,0.163329,0.271864,-0.948374
1720,0.049195,-0.114252,0.239154,-0.167275,-0.851314,-0.497277
1721,0.433463,-0.090928,0.653235,0.608904,-0.594673,-0.524977
1722,0.406918,-0.091552,0.585841,-0.361334,-0.091457,-0.927940
1723,0.152411,-0.091482,0.847737,-0.653260,-0.403326,-0.640765
1724,-0.741503,-0.076223,1.539987,-0.053579,0.995876,-0.073217
1725,-0.648645,-0.083137,1.351563,0.970830,-0.237598,0.032191
1726,-0.652650,-0.081281,1.349433,-0.520244,-0.146228,-0.841406
1727,-0.749257,-0.072461,1.658447,-0.834753,0.185174,-0.518554
1728,-0.360112,-0.067168,1.835533,0.654560,0.017354,-0.755811
1729,-0.439864,-0.080930,1.365853,-0.785700,-0.178276,-0.592363
1730,-0.446297,-0.079431,1.537493,-0.192189,-0.605283,-0.772461
1731,-3.152403,1.252980,4.447207,-0.396707,0.111531,-0.911145
1732,-3.300913,2.327460,4.420983,0.128375,0.317871,-0.939403
1733,-3.040710,2.354223,4.446490,0.741229,-0.390745,0.545800
1734,-3.041007,2.354997,4.439910,0.685278,-0.245809,-0.685545
1735,-3.118297,2.457177,4.435347,0.754977,-0.654264,0.044138
1736,-3.035647,2.247070,4.441030,0.927582,0.373615,0.001989
1737,-3.052757,1.950550,4.438840,-0.290040,-0.601335,-0.744495
1738,-3.038800,2.245847,4.437693,-0.319658,-0.710783,-0.626584
1739,-2.958253,2.031570,4.442363,-0.123582,-0.936542,0.328049
1740,-2.956843,2.034663,4.438360,0.325758,0.046681,-0.944300
1741,-3.229923,2.056230,4.425973,0.561307,-0.818435,0.122873
1742,-3.203447,1.064637,4.445097,0.746389,-0.114333,-0.655615
1743,-3.151403,2.116810,4.428890,0.284560,-0.588941,-0.756422
1744,-3.214157,1.554023,4.429930,0.861087,-0.056826,-0.505271
1745,-3.231300,2.058927,4.422267,0.244980,0.756998,-0.605755
1746,-3.229753,1.950030,4.430600,0.702495,0.710789,0.035766
1747,-3.048303,1.556327,4.447323,0.761627,-0.635409,0.127196
1748,-3.231780,1.947490,4.427167,0.048985,-0.819146,-0.571489
1749,-3.138813,1.546327,4.438747,0.479955,-0.877291,-0.001973
1750,-3.155113,1.155123,4.451740,-0.284071,-0.157500,-0.945779
1751,-2.971550,1.156420,4.460687,0.275753,0.867338,-0.414349
1752,-3.149287,1.453203,4.442363,0.806831,0.589467,0.039405
1753,-3.047533,1.253293,4.454260,0.819233,0.079013,-0.567992
1754,-2.750700,1.355523,4.477067,0.603747,-0.789034,0.113644
1755,-2.752380,1.358167,4.473363,0.200030,0.737133,-0.645464
1756,-3.199920,0.857425,4.443617,0.799819,0.032477,-0.599362
1757,-2.831840,1.439920,4.464527,-0.174002,-0.952350,-0.250506
1758,-3.148747,1.253737,4.450503,0.890879,0.452731,0.037017
1759,-3.150583,1.249110,4.450737,-0.005854,-0.973204,0.229868
1760,-3.201623,0.769930,4.452307,0.886432,-0.125972,-0.445386
1761,-2.668100,0.955715,4.494837,0.262554,0.945196,-0.194090
1762,-1.643223,0.747850,4.568117,0.802549,0.594474,-0.050164
1763,-1.564200,0.847551,4.583773,0.311714,0.157094,-0.937100
1764,-1.512527,0.742141,4.606993,0.983214,-0.155780,0.094986
1765,-1.744180,0.646826,4.568867,0.817332,0.204636,-0.538603
1766,-1.516973,1.534057,4.600160,0.298733,0.095125,-0.949584
1767,-2.354377,1.652407,4.499197,0.656100,-0.751495,-0.069195
1768,-2.455947,1.648077,4.486380,0.282985,-0.824958,-0.489248
1769,-1.950923,1.548810,4.535303,-0.588965,-0.808157,0.001668
1770,-2.045863,1.651220,4.527957,0.700203,0.713826,-0.012936
1771,-1.954563,1.256790,4.545103,-0.123256,0.883932,-0.451079
1772,-1.949570,1.464880,4.534910,-0.042880,0.500804,-0.864498
1773,-1.653343,1.443633,4.559987,0.653745,-0.738597,0.164595
1774,-2.456937,1.550750,4.492370,0.738473,-0.654472,0.162244
1775,-2.048163,1.648440,4.524683,0.064276,-0.807920,-0.585777
1776,-2.358047,1.054610,4.513720,-0.687010,0.089412,-0.721126
1777,-1.848447,1.556183,4.545347,0.739846,-0.669444,0.066879
1778,-1.854760,1.343297,4.549300,0.077686,-0.758955,-0.646492
1779,-1.944917,1.048360,4.549150,0.664532,0.029510,-0.746677
1780,-0.836390,-0.059527,2.132533,0.537821,0.842402,0.033279
1781,-1.069787,-0.068436,2.032920,-0.011236,-0.532905,-0.846101
1782,-1.068903,-0.062638,2.034590,0.203279,0.874272,-0.440824
1783,-1.124003,-0.072964,1.956640,0.615192,-0.699770,-0.363127
1784,-1.126763,-0.069261,2.072937,0.680046,-0.024766,-0.732751
1785,-0.940150,-0.062744,2.145890,0.810869,0.396143,-0.430769
1786,-0.440292,-0.056229,2.177760,0.124656,0.525479,-0.841625
1787,-0.224417,-0.049287,2.439610,0.600772,0.709400,-0.368544
1788,0.209718,0.349459,3.012063,0.840551,0.421359,-0.340487
1789,0.202399,0.655096,2.989973,0.040521,-0.857661,-0.512616
1790,0.969161,-0.037427,2.726420,-0.477720,-0.679936,-0.556301
1791,0.254575,0.739852,2.805830,-0.000133,-0.880096,-0.474795
1792,0.192475,0.653152,3.014237,-0.830992,-0.012949,-0.556134
1793,0.205173,0.599928,2.992887,0.235413,0.221825,-0.946242
1794,0.187648,0.728386,3.023000,-0.317521,-0.934750,0.159444
1795,0.447015,0.543175,2.822007,0.664769,-0.746836,-0.017837
1796,0.448463,0.244048,2.826777,-0.026923,-0.632302,-0.774254
1797,0.256247,0.647827,2.804073,-0.030225,-0.972807,-0.229636
1798,0.353586,0.650356,2.813053,0.638118,-0.765763,0.080072
1799,0.180100,0.649728,3.136930,-0.033156,0.595978,-0.802316
1800,0.255566,0.558565,2.800303,0.607249,0.351276,-0.712638
1801,0.237490,0.288190,2.798763,0.081363,-0.252868,-0.964073
1802,0.176958,0.647024,3.139453,-0.517775,-0.853346,0.060903
1803,0.645148,0.349685,2.833250,-0.241122,0.301533,-0.922463
1804,0.200499,0.083273,3.029337,-0.764786,-0.015974,-0.644087
1805,0.186966,0.214422,3.332823,0.152918,0.843511,-0.514884
1806,0.189691,0.210893,3.334777,0.550127,-0.824209,-0.134313
1807,0.936832,-0.047218,2.015303,-0.745306,-0.659430,0.098341
1808,0.549576,0.445752,2.828303,-0.686801,-0.722264,0.081481
1809,0.198601,0.476247,3.018663,-0.945773,-0.211099,-0.246882
1810,0.204451,0.472152,3.013253,0.706819,0.683630,-0.181817
1811,1.127080,-0.044958,1.747073,-0.823095,0.542765,-0.167096
1812,0.262426,0.552223,2.806143,0.758189,-0.113362,-0.642104
1813,0.178384,0.653097,3.266330,0.007722,-0.068933,-0.997591
1814,0.203616,0.349670,3.010347,-0.511358,0.468076,-0.720707
1815,1.244363,0.036281,2.849063,-0.955491,0.074024,0.285584
1816,0.364173,-0.060596,1.861323,0.359257,0.056693,-0.931515
1817,0.359828,-0.060884,1.863247,-0.935934,-0.029374,-0.350950
1818,0.263770,-0.027769,2.818333,0.405165,-0.725276,-0.556611
1819,-0.223710,-0.055855,2.439473,0.736171,-0.549722,-0.394789
1820,0.851030,0.249593,2.833290,-0.733673,0.679148,0.021970
1821,1.069853,0.152241,2.796530,-0.052691,0.735394,-0.675588
1822,0.349914,0.745395,2.804740,-0.538780,-0.017613,-0.842262
1823,0.645448,0.744017,2.827420,0.699747,-0.713540,-0.034846
1824,0.636178,-0.046497,2.670037,-0.484743,-0.669835,-0.562446
1825,0.260246,-0.024540,2.819150,-0.303157,0.874503,-0.378603
1826,0.341851,-0.007085,2.844953,0.758001,0.476022,-0.445912
1827,2.598170,1.786453,4.818170,0.302094,0.139536,-0.943011
1828,0.732402,-0.048207,2.592137,0.156019,0.201032,-0.967080
1829,0.576216,-0.044763,2.550793,0.229358,0.966690,-0.113600
1830,2.603087,1.793903,4.823187,0.287587,0.616337,-0.733091
1831,0.199874,0.465475,3.010713,-0.852304,0.409455,-0.325461
1832,0.240738,0.559515,2.798107,-0.649726,0.742563,-0.162654
1833,0.198531,0.148616,3.030843,-0.801535,-0.069255,-0.593923
1834,0.341783,-0.065695,1.672287,-0.887059,-0.050029,-0.458937
1835,0.346704,-0.066832,1.746920,-0.061744,-0.616697,-0.784775
1836,0.568774,-0.062847,1.748943,-0.173793,-0.970705,-0.165914
1837,0.152350,-0.083793,0.944639,0.861700,0.436981,-0.257915
1838,0.147522,-0.084021,0.944630,-0.722479,-0.040580,-0.690201
1839,-0.347699,-0.086874,1.245537,0.829892,-0.557821,0.010752
1840,-0.348270,-0.080278,1.245493,0.721625,0.692279,0.002689
1841,-0.350621,-0.083820,1.243173,-0.678201,-0.063553,-0.732123
1842,0.347128,-0.060205,1.746877,0.016651,0.609446,-0.792652
1843,0.194087,0.978852,2.767857,-0.332333,-0.252273,-0.908798
1844,-0.146757,-0.087598,1.041697,0.236625,-0.444610,-0.863904
1845,-0.148468,-0.083714,1.146860,-0.837447,-0.022535,-0.546053
1846,-0.523232,-0.098081,0.757297,0.968289,0.064528,0.241357
1847,-0.526828,-0.101636,0.756149,-0.268053,-0.805050,-0.529190
1848,-0.526957,-0.095317,0.754979,-0.295862,0.551224,-0.780139
1849,0.525595,-0.063753,1.661213,0.415492,-0.096294,-0.904485
1850,-0.428264,-0.101634,0.626578,0.960112,-0.270574,-0.070534
1851,-0.044636,-0.095068,0.553576,-0.170698,0.900042,-0.400981
1852,0.249523,-0.097321,0.538958,0.255286,-0.513160,-0.819449
1853,0.244896,-0.096104,0.542457,-0.912699,-0.367821,0.178012
1854,-0.047456,-0.099264,0.443094,0.350753,0.886902,-0.300627
1855,-0.082345,0.115301,0.285733,-0.308956,-0.942579,0.126853
1856,0.048576,-0.096299,0.542139,-0.620039,0.374211,-0.689578
1857,0.042087,-0.086935,0.940351,0.739954,0.015792,-0.672472
1858,0.250899,-0.087403,0.848279,0.633982,0.082924,-0.768889
1859,-0.046035,-0.078181,1.345697,-0.763931,-0.008549,-0.645241
1860,-0.046278,-0.106298,0.342417,0.782821,0.269861,-0.560684
1861,-0.051153,-0.106337,0.343111,-0.815622,0.337263,-0.470122
1862,-0.049690,-0.104027,0.441488,-0.529663,-0.402796,-0.746467
1863,0.264805,-0.097672,0.390060,-0.469474,0.850367,0.237633
1864,0.548011,-0.080772,0.944000,0.790116,0.389874,-0.472986
1865,0.543190,-0.081606,0.944672,-0.841901,0.067323,-0.535416
1866,0.346245,-0.085530,0.952731,-0.709604,-0.388732,-0.587665
1867,0.348214,-0.080808,0.954733,-0.150705,0.983050,0.104409
1868,0.351382,-0.084831,0.953569,0.897247,-0.209376,-0.388729
1869,0.346826,-0.079464,1.036687,-0.021997,0.567892,-0.822809
1870,0.228971,0.953468,2.771573,0.612539,-0.790439,-0.001139
1871,0.242787,-0.086167,1.048470,0.303754,-0.927876,-0.216288
1872,0.234342,-0.070235,1.518370,0.287464,-0.030815,-0.957296
1873,0.154941,-0.083846,1.037160,-0.553841,0.243455,-0.796235
1874,-0.256738,-0.079733,1.241330,0.758942,0.647017,0.073325
1875,-0.041382,-0.071173,1.529083,0.893728,0.429634,-0.129093
1876,-0.636348,-0.092732,0.950701,0.891796,0.333784,0.305430
1877,-0.654022,-0.091356,1.044857,0.987415,0.092545,-0.128244
1878,-0.638947,-0.097355,0.948872,0.139183,-0.930991,-0.337467
1879,-0.640273,-0.091898,0.946781,-0.197719,0.454804,-0.868366
1880,-0.449290,-0.095918,0.840640,-0.428949,-0.157880,-0.889425
1881,-0.446066,-0.092834,0.843462,0.584675,0.811265,-0.002239
1882,-0.445401,-0.098711,0.844185,0.698167,-0.715761,-0.015790
1883,-0.658094,-0.089104,1.043297,-0.592984,0.513283,-0.620412
1884,-0.545112,-0.087756,1.159800,-0.674681,-0.015556,-0.737946
1885,-0.440845,-0.099099,0.672124,0.923113,-0.015387,0.384221
1886,-0.347892,-0.097611,0.842574,-0.023074,-0.569895,-0.821393
1887,-0.433515,-0.103573,0.624582,-0.380534,-0.623543,-0.682926
1888,-0.431218,-0.101531,0.641434,0.917700,-0.293419,0.267827
1889,-0.503043,-0.096939,0.691441,0.086822,0.861940,-0.499521
1890,-0.346036,-0.104303,0.626516,0.752972,-0.658038,-0.004522
1891,-0.345641,-0.097702,0.625832,0.825290,0.549592,-0.129788
1892,-0.247434,-0.096022,0.646916,-0.654634,0.480753,-0.583378
1893,-0.246712,-0.102567,0.647745,-0.520140,-0.738514,-0.429011
1894,-0.436168,-0.094131,0.643400,-0.275673,0.942251,-0.190177
1895,-0.347429,-0.102909,0.668175,0.216836,-0.635558,-0.740978
1896,-0.348002,-0.090947,0.842687,-0.042256,0.596197,-0.801725
1897,-0.442226,-0.100026,0.747721,0.736769,-0.640332,-0.217134
1898,-0.254496,-0.076714,1.464997,0.879754,0.372485,-0.295446
1899,-0.443506,-0.094620,0.748339,0.425072,0.897562,0.117027
1900,-0.458818,-0.088443,1.247123,-0.093293,-0.791391,-0.604150
1901,-0.549391,-0.077940,1.352957,0.097324,0.566111,-0.818564
1902,-0.549319,-0.084603,1.353117,0.109920,-0.602399,-0.790591
1903,0.148495,-0.076447,1.360937,-0.801748,0.018261,-0.597383
1904,-0.336574,-0.075052,1.653977,0.802222,-0.586355,0.112371
1905,-0.336587,-0.068394,1.653727,0.799812,0.596400,0.067880
1906,-0.338751,-0.071825,1.651270,-0.618577,-0.030750,-0.785122
1907,-0.258876,-0.083163,1.238903,-0.643109,-0.029659,-0.765200
1908,-0.256368,-0.086373,1.241277,0.826121,-0.559894,0.063576
1909,-0.351243,-0.090604,1.147953,0.186747,-0.957098,-0.221560
1910,-0.351304,-0.085188,1.145113,0.171758,0.365335,-0.914893
1911,-0.334245,-0.074971,1.466800,0.824604,0.553833,0.115314
1912,-0.447321,-0.086793,1.141650,-0.625142,0.313363,-0.714844
1913,-0.442835,-0.087925,1.142800,0.876868,-0.023332,-0.480165
1914,-0.651134,-0.070592,1.738573,-0.838505,-0.024223,-0.544355
1915,-0.912353,-0.085807,1.280200,-0.294891,0.925854,-0.236293
1916,-0.648477,-0.082366,1.245273,0.058698,0.589470,-0.805655
1917,-0.646266,-0.088780,1.158140,0.736022,-0.034008,-0.676103
1918,-0.442875,-0.070710,1.639307,-0.205837,0.330390,-0.921126
1919,-0.457158,-0.082741,1.247100,0.160212,0.721957,-0.673135
1920,-0.352357,-0.083988,1.347050,-0.079378,-0.902141,-0.424076
1921,-0.149027,-0.080658,1.436920,0.371045,-0.877023,-0.305216
1922,-0.151737,-0.076091,1.435207,-0.562739,0.331942,-0.757059
1923,-0.348889,-0.080934,1.350043,0.956197,0.143625,0.255067
1924,-0.352851,-0.078630,1.345883,0.021334,0.687310,-0.726051
1925,0.440582,-0.069435,1.460813,-0.506523,0.055111,-0.860463
1926,0.142274,-0.064905,1.660530,-0.791758,0.331345,-0.513156
1927,0.243242,-0.069491,1.439263,-0.846446,0.527066,0.075698
1928,0.247910,-0.069234,1.438647,0.609600,-0.000164,-0.792709
1929,0.145500,-0.072028,1.457170,0.052575,0.998602,0.005437
1930,0.147145,-0.075864,1.454633,0.579122,-0.155211,-0.800329
1931,0.245481,-0.073052,1.342080,-0.225952,0.511456,-0.829071
1932,0.648181,-0.073228,1.152617,-0.889351,0.282189,-0.359756
1933,0.142025,-0.076042,1.246650,-0.823016,0.549603,-0.143459
1934,0.146711,-0.076576,1.247047,0.771183,0.002172,-0.636610
1935,0.350867,-0.077020,1.338960,0.328720,-0.451903,-0.829293
1936,0.524129,-0.060104,1.664050,-0.716259,0.669120,0.198118
1937,0.641958,0.547372,2.829173,-0.812037,-0.085205,-0.577353
1938,1.546653,1.749003,4.858210,0.018506,0.389928,-0.920659
1939,1.544607,1.746450,4.861680,-0.563045,-0.825267,0.043770
1940,-0.043476,0.714081,4.685340,0.490052,0.633503,-0.598768
1941,-0.048356,0.711944,4.686713,-0.951065,-0.077381,-0.299145
1942,0.071734,1.259350,4.161250,-0.383010,-0.899730,-0.209260
1943,0.570038,1.498213,4.708697,0.129608,-0.186094,-0.973946
1944,0.951410,1.553600,4.743830,0.377903,-0.420726,-0.824730
1945,0.556930,1.539107,4.709633,-0.184992,-0.946356,0.264932
1946,0.557331,1.542933,4.706653,-0.131217,0.184083,-0.974113
1947,0.612365,1.595073,4.694247,0.352157,-0.063939,-0.933754
1948,0.547842,1.656407,4.704937,-0.849903,-0.525459,0.039466
1949,1.853973,1.636793,4.795897,0.488290,-0.556249,-0.672428
1950,1.928873,1.577137,4.796630,0.323776,-0.772930,-0.545663
1951,0.978731,1.496997,4.742897,0.041396,0.055157,-0.997619
1952,0.977089,1.492993,4.746993,-0.523694,-0.847598,0.085572
1953,1.555520,0.059613,2.854263,-0.627329,-0.776598,-0.057918
1954,1.663097,0.160846,2.898030,-0.449881,0.888469,0.090714
1955,2.238500,0.351233,3.262217,-0.402723,-0.755228,-0.517151
1956,1.852473,0.030526,2.868787,-0.229315,-0.400021,-0.887354
1957,1.739950,0.451950,2.889610,-0.283403,0.071142,-0.956358
1958,2.239457,0.356618,3.262287,-0.242059,0.852405,-0.463479
1959,1.749323,0.821726,2.886587,0.366273,-0.159249,-0.916779
1960,1.646337,0.347363,2.887050,-0.679418,0.085217,-0.728786
1961,2.226060,0.754487,3.350670,-0.697745,0.715655,0.031469
1962,2.229857,0.752735,3.348283,0.143372,-0.589984,-0.794584
1963,1.322220,0.556230,2.784867,-0.807309,0.476725,-0.347829
1964,1.547433,0.451843,2.856987,-0.378240,0.007081,-0.925680
1965,1.646900,0.448198,2.887350,-0.858638,-0.479662,-0.180737
1966,2.109607,0.909790,3.236153,-0.621159,0.352365,-0.700000
1967,1.851233,0.846333,2.920617,-0.442579,0.874182,-0.199822
1968,1.725533,0.060572,2.883120,-0.520757,-0.676035,-0.521335
1969,1.727543,0.341681,2.890640,-0.903766,0.087938,-0.418896
1970,0.888526,-0.047612,2.522473,-0.352253,-0.149278,-0.923923
1971,1.673890,0.419379,2.897177,-0.476966,0.375678,-0.794588
1972,1.328643,-0.018140,2.876550,-0.484682,-0.644936,-0.590882
1973,1.247740,0.145492,2.768667,-0.271061,0.961925,-0.035016
1974,1.139627,-0.038940,2.203023,-0.326246,0.861591,-0.388876
1975,1.138063,-0.044748,2.202473,-0.461927,-0.614347,-0.639688
1976,1.037267,0.444914,2.801337,-0.059299,-0.992169,0.109929
1977,0.922584,-0.049383,2.539280,0.437444,-0.373970,-0.817795
1978,1.381460,-0.024956,2.755943,-0.759186,-0.650813,-0.008845
1979,1.381940,-0.018677,2.755227,-0.652979,0.738632,-0.167455
1980,1.664290,0.249963,2.899177,-0.402938,-0.900859,0.161533
1981,1.113097,-0.031599,2.633517,0.146242,0.911564,-0.384271
1982,1.355617,0.054190,2.836803,-0.064407,0.157035,-0.985491
1983,1.127193,0.146116,2.787433,0.229044,-0.891497,-0.390861
1984,1.127983,0.151332,2.787170,-0.454677,0.637103,-0.622390
1985,1.733037,0.131680,2.892083,-0.077167,-0.551878,-0.830347
1986,1.668997,0.155839,2.891377,0.629936,-0.247371,-0.736198
1987,1.663700,0.146250,2.891677,0.616291,-0.514934,-0.595843
1988,1.733127,0.554733,2.884933,-0.791289,-0.117224,-0.600100
1989,1.249300,0.142173,2.765520,0.248161,-0.416625,-0.874551
1990,1.454620,0.454597,2.831600,0.094254,0.766160,-0.635700
1991,1.451743,0.452273,2.834593,-0.685856,-0.722657,-0.085842
1992,1.550283,0.361347,2.860513,0.160816,0.812778,-0.559938
1993,1.547063,0.358725,2.863000,-0.705056,-0.676386,-0.213070
1994,1.749200,0.214923,2.901383,-0.082531,-0.992598,0.089090
1995,1.731423,0.249116,2.894040,-0.666039,0.714886,-0.212910
1996,1.556160,0.064399,2.852410,-0.349033,0.843024,-0.409251
1997,0.953282,0.655930,2.804443,0.616358,0.244372,-0.748589
1998,0.951510,0.652727,2.807737,-0.476322,-0.879244,-0.006906
1999,1.154083,0.084011,2.780167,0.887402,0.067588,-0.456014
2000,1.149237,0.082958,2.779010,-0.809986,0.246657,-0.532055
2001,1.253360,-0.021943,2.789327,0.189327,0.182830,-0.964743
2002,1.260070,-0.032054,2.661580,0.191728,-0.759155,-0.622033
2003,1.254607,-0.029110,2.663377,-0.960076,-0.138091,-0.243278
2004,1.259197,-0.026910,2.662107,0.373867,0.877342,-0.300825
2005,0.954868,-0.038014,2.683653,0.766090,-0.238455,-0.596863
2006,1.244640,0.082018,2.774640,-0.049483,0.860477,-0.507081
2007,1.051280,0.044067,2.831040,0.692910,-0.294514,-0.658132
2008,1.318470,0.149174,2.794630,-0.565628,0.204472,-0.798909
2009,1.118337,0.140444,2.795080,0.228508,-0.887738,-0.399632
2010,1.249407,0.352817,2.762243,-0.037156,0.877595,-0.477960
2011,0.937520,-0.022154,2.883357,-0.897431,-0.396531,0.193339
2012,1.058333,0.149314,2.798537,-0.443315,0.265189,-0.856240
2013,1.066573,0.143965,2.799380,-0.108992,-0.987115,-0.117153
2014,0.950008,-0.037458,2.684057,-0.803314,-0.093240,-0.588211
2015,1.031083,-0.022087,2.844713,-0.807464,-0.588810,0.036126
2016,1.049800,-0.041678,2.539713,-0.278769,-0.293141,-0.914525
2017,1.147750,0.251946,2.785243,-0.222888,-0.046917,-0.973714
2018,1.237927,-0.020282,2.843433,-0.910557,-0.171438,0.376158
2019,1.846110,0.036083,2.880757,-0.729196,-0.627205,0.273655
2020,1.739680,0.080538,2.890027,0.114468,0.605387,-0.787657
2021,1.733423,0.236387,2.893140,-0.554162,-0.420160,-0.718589
2022,1.043747,0.153034,2.806677,-0.908201,-0.274163,0.316236
2023,1.141133,0.150742,2.789543,0.520865,-0.829263,-0.202540
2024,1.058327,0.080613,2.792217,0.382689,-0.764905,-0.518140
2025,1.085577,0.138113,2.798757,-0.496668,-0.862936,-0.093076
2026,0.899121,-0.050175,2.526150,0.453812,-0.649996,-0.609557
2027,0.908210,-0.053809,2.533940,0.416983,-0.389606,-0.821177
2028,0.756119,0.454189,2.824623,0.572286,0.565068,-0.594295
2029,1.049613,0.448019,2.794030,0.023042,-0.508744,-0.860610
2030,1.095050,0.137204,2.793497,-0.040632,-0.718740,-0.694091
2031,1.147340,0.038312,2.840227,-0.870652,-0.228552,-0.435579
2032,1.152190,0.039689,2.840067,0.577277,0.686196,-0.442591
2033,1.249423,-0.022981,2.792423,-0.969398,-0.173988,0.173196
2034,1.035297,-0.022152,2.842430,0.647942,-0.428261,-0.629891
2035,1.053560,0.083494,2.793257,-0.962387,0.065893,-0.263570
2036,1.316443,0.454687,2.789237,0.511981,-0.815975,-0.268441
2037,1.312323,0.456745,2.790443,-0.803685,0.331695,-0.494033
2038,0.949693,0.149298,2.818420,0.494442,0.483258,-0.722488
2039,1.045747,0.154196,2.802463,0.326966,-0.222284,-0.918522
2040,1.333503,0.080624,2.793467,0.375861,-0.835252,-0.401351
2041,0.634749,-0.076661,0.952851,-0.035250,0.843408,-0.536116
2042,0.636685,-0.082385,0.952184,0.440187,-0.562313,-0.700028
2043,0.631805,-0.081084,0.954553,-0.940446,-0.328363,0.087976
2044,1.112510,-0.037256,2.631677,-0.003464,-0.524388,-0.851472
2045,1.107530,0.134509,2.798550,0.459815,-0.715634,-0.525773
2046,1.430977,0.013413,2.624773,-0.550904,-0.391486,-0.737050
2047,1.137463,0.745747,2.768197,-0.896245,-0.028534,-0.442641
2048,0.946468,2.049937,4.732837,-0.717267,0.062248,-0.694012
2049,1.025193,2.052990,4.769937,-0.816661,0.538962,-0.206362
2050,1.489307,2.647880,4.792283,0.263204,-0.883052,-0.388513
2051,1.193087,2.694760,4.768040,-0.720964,-0.679857,-0.134188
2052,1.200810,2.693620,4.765230,0.499876,-0.864432,-0.053684
2053,1.872007,1.839290,4.791047,0.105147,-0.691625,-0.714562
2054,1.753870,1.841100,4.773170,-0.871920,0.477542,-0.108210
2055,2.560173,1.618757,4.798007,-0.910748,-0.412953,0.002885
2056,1.869990,1.549183,4.805560,-0.983172,-0.176658,0.046526
2057,1.766847,1.757107,4.751797,-0.144032,-0.753476,-0.641505
2058,1.767287,1.761810,4.753383,-0.044506,0.924041,-0.379693
2059,1.879340,1.827273,4.800100,-0.063668,-0.190878,-0.979547
2060,1.737117,1.741623,4.820447,0.073419,0.082972,-0.993844
2061,1.752877,1.649730,4.779580,-0.224413,-0.807046,-0.546182
2062,1.748797,1.650963,4.794237,-0.495794,-0.861855,0.106747
2063,2.624773,1.650880,4.809317,0.146062,-0.302847,-0.941780
2064,2.623787,1.647830,4.814703,-0.156969,-0.948155,0.276337
2065,1.734180,1.568300,4.831853,-0.082518,0.720330,-0.688706
2066,1.262010,1.676433,4.831583,0.754235,-0.056554,-0.654165
2067,2.561263,1.637090,4.784807,-0.268818,0.913248,-0.306130
2068,1.439363,1.563877,4.855650,-0.671337,0.070146,-0.737825
2069,1.761217,1.530353,4.751567,0.408122,-0.912641,0.022862
2070,1.756183,1.533113,4.750087,-0.837213,-0.199910,-0.509029
2071,1.563987,1.658703,4.858410,0.810504,-0.166254,-0.561644
2072,1.561060,1.656997,4.861750,-0.809868,-0.586573,0.006771
2073,1.549887,1.565883,4.866210,0.652854,-0.725381,-0.218183
2074,1.548073,1.570513,4.864380,0.183933,0.862785,-0.470926
2075,1.544933,1.567067,4.866443,-0.894550,-0.415482,-0.164788
2076,1.739180,1.656993,4.806237,-0.353272,-0.928711,0.112676
2077,1.743933,1.658650,4.795267,-0.412700,0.836090,-0.361431
2078,1.648803,1.650770,4.862320,0.454864,0.683392,-0.571029
2079,1.644163,1.647830,4.862647,-0.960835,-0.053891,-0.271829
2080,1.552223,1.846380,4.859190,-0.699947,-0.710183,0.075591
2081,1.636967,1.742527,4.859687,-0.371788,0.303554,-0.877285
2082,1.636787,1.739527,4.863710,-0.375550,-0.889753,0.259426
2083,1.450930,1.737047,4.850943,0.296732,-0.858927,-0.417366
2084,1.307140,2.256073,4.682223,-0.324898,-0.944797,-0.042425
2085,1.291567,2.255700,4.682970,0.151433,-0.971128,-0.184334
2086,1.245793,2.354800,4.785397,0.158147,-0.978601,-0.131646
2087,2.576637,1.923047,4.829213,-0.370559,-0.928807,0.001705
2088,1.674850,2.371137,4.782390,-0.512385,-0.261476,-0.817980
2089,2.577877,1.860963,4.819773,0.674720,-0.717970,-0.171089
2090,2.632267,1.830673,4.835847,-0.052698,0.639860,-0.766682
2091,2.662440,1.957097,4.817977,0.129968,-0.303997,-0.943766
2092,1.968733,2.438780,4.832893,-0.688136,-0.231850,-0.687542
2093,2.192900,2.247417,4.708750,-0.422166,0.023148,-0.906223
2094,2.194110,2.243523,4.713130,-0.113819,-0.970730,0.211491
2095,2.081113,2.206683,4.583690,-0.359799,-0.927531,0.101145
2096,2.080560,2.211457,4.580600,-0.493294,0.377558,-0.783653
2097,1.547053,2.356080,4.805753,-0.998764,-0.023308,0.043901
2098,2.199910,0.866576,3.172220,-0.999898,0.011386,0.008612
2099,1.726800,2.418670,4.801687,-0.910551,-0.361919,-0.199778
2100,2.012227,2.651530,4.662347,0.145132,-0.988283,0.047251
2101,2.178930,0.861750,3.356440,-0.737616,0.499871,-0.453930
2102,1.734837,0.759883,2.885263,-0.869813,0.397572,-0.292168
2103,1.795803,0.830321,2.900853,-0.766861,-0.624803,-0.146786
2104,1.052130,0.646831,2.792403,0.046810,-0.984525,0.168879
2105,0.970594,0.764093,2.793473,-0.972823,-0.202750,-0.111834
2106,0.973820,0.767734,2.792867,-0.012897,0.949032,-0.314914
2107,1.050470,0.650446,2.788703,-0.633427,0.200871,-0.747276
2108,1.840097,1.634320,4.793070,-0.278860,-0.785568,-0.552377
2109,1.756017,1.479327,4.776600,0.367319,-0.607431,-0.704347
2110,1.944727,1.491573,4.810577,0.371394,-0.180307,-0.910800
2111,1.940937,1.490780,4.813867,-0.870278,-0.489312,0.056475
2112,1.953763,1.542270,4.807460,-0.128119,-0.957474,-0.258513
2113,1.827927,1.561997,4.779727,-0.966817,0.246371,0.067578
2114,2.048740,1.715027,4.808347,0.782478,0.284936,-0.553660
2115,1.725757,2.069820,4.820180,-0.289756,0.906278,-0.307735
2116,2.056317,0.903623,3.278147,-0.945086,0.191502,0.264840
2117,2.204410,0.870398,3.170313,0.045796,0.899791,-0.433912
2118,0.850174,0.814409,2.809833,-0.137138,0.951041,-0.276972
2119,0.648061,0.814794,2.815823,-0.811671,0.460091,-0.359871
2120,0.949073,0.817376,2.803937,-0.961649,-0.272014,0.035211
2121,0.900039,0.797042,2.798470,-0.532072,-0.846573,0.014580
2122,0.858941,-0.032182,2.758997,-0.252259,-0.355704,-0.899911
2123,0.844681,0.741453,2.818287,-0.369864,-0.915420,0.158767
2124,0.846786,0.745071,2.815687,0.423049,0.114250,-0.898875
2125,0.545218,0.249974,2.832137,-0.800425,-0.058134,-0.596607
2126,0.168401,0.325017,3.432600,0.364736,-0.889415,-0.275515
2127,0.197042,0.201750,3.045600,0.183231,0.411091,-0.892990
2128,-0.683546,-0.060579,2.236837,0.640137,-0.178454,-0.747248
2129,0.757267,0.347674,2.828490,-0.124856,0.884469,-0.449584
2130,0.550437,0.141257,2.834340,0.110703,-0.791979,-0.600428
2131,0.547654,0.144183,2.836937,-0.650620,0.734373,-0.193368
2132,0.350261,0.059318,2.817517,0.376985,0.901974,-0.210538
2133,0.350931,0.054008,2.817603,0.557026,-0.721190,-0.411835
2134,-0.589206,-0.056018,2.301733,0.975628,0.023734,-0.218144
2135,0.744205,0.055393,2.832633,-0.942836,-0.189624,-0.274048
2136,0.747569,0.058783,2.834673,0.296259,0.947948,-0.116728
2137,0.748739,0.054128,2.833867,0.757942,-0.500276,-0.418626
2138,0.648909,0.054306,2.830683,0.265994,-0.254636,-0.929735
2139,0.646228,0.055645,2.834347,-0.725133,0.674225,0.140009
2140,1.040480,-0.038395,2.640523,-0.878779,0.156156,-0.450958
2141,1.241400,-0.020398,2.840197,0.509271,-0.719209,-0.472632
2142,0.640598,-0.036051,2.746683,-0.317107,-0.528515,-0.787474
2143,1.358360,0.353920,2.805730,-0.377774,-0.376613,-0.845842
2144,1.355950,0.353686,2.811873,-0.841669,-0.421348,0.337728
2145,-0.049211,-0.059597,1.840873,0.115324,0.480465,-0.869399
2146,1.245723,0.141331,2.770077,-0.695969,-0.638539,0.328474
2147,1.043463,-0.042036,2.640853,0.732425,-0.559432,-0.388058
2148,0.758682,0.650368,2.819227,0.853860,0.063890,-0.516567
2149,0.443167,0.052458,2.823843,0.388972,0.069162,-0.918650
2150,0.759241,-0.034404,2.748123,-0.196037,-0.548738,-0.812685
2151,0.761133,-0.029244,2.749737,0.324496,0.871088,-0.368657
2152,0.944807,0.252248,2.818950,-0.777797,-0.609779,0.152322
2153,1.019300,0.531495,2.800567,-0.944719,-0.004448,-0.327850
2154,0.845364,0.051815,2.832177,-0.792036,0.606770,0.067144
2155,0.919813,-0.045764,2.541577,-0.139847,0.989622,0.033029
2156,0.647189,0.147826,2.840083,-0.458278,-0.024863,-0.888461
2157,0.850583,-0.017856,2.837597,-0.033577,0.976422,-0.213242
2158,0.849435,-0.022610,2.836477,0.148522,-0.655850,-0.740136
2159,0.853404,0.247105,2.829887,0.735272,0.026484,-0.677254
2160,0.851475,0.244901,2.833590,-0.632453,-0.765488,0.118453
2161,0.940533,-0.021160,2.879393,0.152923,0.384549,-0.910350
2162,0.852993,0.146318,2.830867,0.787150,0.037639,-0.615612
2163,0.850572,0.143702,2.834090,-0.691487,-0.721764,-0.030051
2164,0.850581,0.148482,2.834393,-0.694180,0.717220,0.060912
2165,1.032133,-0.017787,2.842870,-0.107631,0.968101,-0.226265
2166,1.329403,0.083278,2.793890,-0.948162,-0.057045,-0.312626
2167,0.945714,0.255831,2.816020,0.005007,0.723332,-0.690483
2168,0.761535,0.550566,2.819717,0.014060,0.633579,-0.773550
2169,0.759270,0.548287,2.823277,-0.668467,-0.740482,0.069555
2170,1.200437,-0.034930,2.399667,0.462023,0.737458,-0.492636
2171,1.121453,-0.040296,2.022233,-0.039673,0.681240,-0.730985
2172,0.853679,-0.047417,2.037183,-0.404972,-0.599167,-0.690650
2173,0.965334,-0.050496,1.743793,-0.119561,0.977830,-0.171912
2174,0.963569,-0.054977,1.741343,-0.546648,-0.344846,-0.763058
2175,0.846531,0.653510,2.820343,-0.655273,0.032985,-0.754672
2176,0.849594,0.651360,2.823237,0.655919,-0.749347,-0.090830
2177,0.555764,-0.065913,1.443223,-0.026568,0.823138,-0.567220
2178,0.554177,-0.071726,1.442150,-0.042500,-0.666386,-0.744394
2179,1.197297,-0.038790,2.399437,-0.977813,-0.155503,-0.140358
2180,1.024417,0.535201,2.798840,0.074172,0.722620,-0.687254
2181,1.444280,0.648019,2.828943,-0.675615,0.592617,-0.438577
2182,-0.275641,0.948793,4.690510,-0.847944,-0.065148,-0.526068
2183,-0.140637,0.740265,4.695207,0.093080,0.259990,-0.961115
2184,-0.148083,0.730157,4.688507,0.639465,0.313075,-0.702189
2185,-0.153116,0.729829,4.690597,-0.971344,0.212140,-0.107177
2186,-0.259888,0.845016,4.691640,0.131933,0.133578,-0.982217
2187,-0.247590,0.842646,4.694703,0.415139,0.311560,-0.854745
2188,-0.348247,0.466579,4.671277,0.369707,-0.924520,0.092622
2189,-0.253745,0.762620,4.694443,-0.077649,-0.164518,-0.983313
2190,-0.349356,0.469525,4.667640,0.316378,0.648487,-0.692365
2191,-0.452434,0.646615,4.659677,-0.791684,-0.610755,-0.014649
2192,-0.347323,0.526337,4.672017,0.581277,0.809585,-0.081787
2193,0.749155,-0.049189,2.636833,-0.569337,-0.584592,-0.578021
2194,0.642458,-0.031565,2.748403,0.287762,0.930169,-0.227986
2195,0.755065,0.142939,2.834330,-0.710985,0.698194,0.083813
2196,0.348164,0.142104,2.822460,-0.081406,-0.816789,-0.571165
2197,0.351157,0.145050,2.825100,0.725687,0.665762,-0.173603
2198,0.545478,0.059265,2.826723,-0.637047,-0.193178,-0.746226
2199,0.425802,-0.044379,2.922380,0.260139,0.790176,-0.554932
2200,0.426321,-0.050145,2.922597,0.400641,-0.770314,-0.496088
2201,1.247517,0.033576,2.845630,0.168599,-0.864370,-0.473750
2202,1.248240,0.038258,2.846837,0.217677,0.853879,-0.472766
2203,0.755686,0.652485,2.822190,-0.774805,0.623813,-0.102641
2204,0.646572,0.445371,2.831277,-0.208413,-0.526705,-0.824103
2205,0.854931,-0.042277,2.039277,-0.115007,0.932600,-0.342097
2206,1.211217,-0.037286,2.523980,-0.122335,-0.608331,-0.784199
2207,1.211347,-0.030633,2.523897,-0.099180,0.592923,-0.799128
2208,1.088600,-0.046372,2.306137,0.048526,-0.536268,-0.842652
2209,1.087950,-0.039886,2.306940,-0.077514,0.722964,-0.686524
2210,0.957455,0.819584,2.801993,0.199124,0.698378,-0.687472
2211,0.636989,-0.040096,2.669507,-0.315311,0.669137,-0.672930
2212,1.240147,-0.015928,2.839200,-0.447710,0.736645,-0.506863
2213,0.954340,0.044723,2.832430,-0.055724,-0.887367,-0.457684
2214,1.162117,-0.022060,2.845070,-0.485529,-0.394398,-0.780200
2215,0.848328,0.049511,2.828647,0.142448,-0.417917,-0.897248
2216,0.646253,-0.066003,1.463017,0.709379,-0.053636,-0.702783
2217,0.641429,-0.066116,1.463370,-0.771715,-0.092080,-0.629267
2218,0.247259,-0.078638,1.343743,0.002428,-0.904142,-0.427225
2219,0.152960,-0.060724,1.744817,0.727402,0.629835,-0.272386
2220,0.152907,-0.067342,1.744343,0.717539,-0.596145,-0.360207
2221,0.149529,-0.063911,1.743257,-0.892422,0.039293,-0.449488
2222,0.544588,-0.078757,1.143220,0.022791,-0.949126,-0.314070
2223,0.749476,-0.070314,1.345917,-0.384346,-0.912452,0.140390
2224,0.748582,-0.065237,1.347147,-0.663599,0.738228,0.121059
2225,0.752006,-0.067436,1.342230,0.093173,0.249896,-0.963779
2226,0.836941,-0.065220,1.249677,-0.174393,0.972301,-0.155623
2227,0.634467,-0.061117,1.551690,-0.783928,0.617112,-0.068048
2228,0.634509,-0.067720,1.552207,-0.775922,-0.630114,0.030017
2229,0.637198,-0.064571,1.549787,0.712109,-0.050228,-0.700270
2230,-0.145603,-0.080309,1.148553,0.786159,0.584498,-0.200790
2231,-0.145561,-0.086971,1.148763,0.793534,-0.585931,-0.164281
2232,0.451912,-0.076555,1.249490,0.779544,0.060268,-0.623441
2233,0.449409,-0.080092,1.251727,-0.697187,-0.710518,-0.095362
2234,0.448561,-0.073511,1.251303,-0.852220,0.493790,-0.172893
2235,0.653905,-0.071840,1.256700,0.673796,-0.026613,-0.738438
2236,0.744324,-0.070335,1.154600,-0.297455,0.953128,0.055382
2237,0.743842,-0.074866,1.152090,-0.274947,-0.376290,-0.884765
2238,0.848286,-0.057455,1.643340,-0.635774,-0.129636,-0.760911
2239,0.649187,-0.071877,1.256930,-0.767438,-0.036475,-0.640085
2240,0.852851,-0.056919,1.644403,0.849988,0.034867,-0.525647
2241,0.851038,-0.054296,1.752253,0.626620,0.004824,-0.779310
2242,0.229767,1.045653,2.766293,0.283237,0.009907,-0.958999
2243,0.643341,0.248141,2.835490,-0.734664,-0.094181,-0.671862
2244,0.351210,-0.071237,1.533650,-0.024418,-0.498030,-0.866816
2245,0.193072,1.048727,2.763223,0.064707,-0.023717,-0.997622
2246,0.205655,1.044393,2.763720,0.020475,-0.001397,-0.999789
2247,0.218096,1.049657,2.764803,0.097986,0.118144,-0.988150
2248,0.651104,-0.077731,1.046500,-0.710503,0.029911,-0.703058
2249,0.053447,-0.088609,0.743244,0.580776,0.807964,-0.099469
2250,0.051377,-0.092833,0.740991,-0.500745,-0.261145,-0.825262
2251,-0.435117,-0.080641,1.365850,0.720972,-0.106412,-0.684745
2252,-0.059060,-0.077740,1.247530,-0.427018,0.894879,-0.129793
2253,-0.734391,-0.094172,1.060383,0.899814,-0.423947,-0.102977
2254,0.816631,-0.073689,1.175577,-0.897268,-0.409488,0.165014
2255,0.820950,-0.074570,1.170773,-0.021857,-0.588130,-0.808471
2256,0.718949,-0.076286,1.051830,0.379601,-0.024891,-0.924815
2257,0.717582,-0.079533,1.055097,-0.741573,-0.597498,0.305067
2258,0.717450,-0.072877,1.054863,-0.764979,0.587511,0.263890
2259,0.544394,-0.074071,1.141303,-0.038147,0.619829,-0.783810
2260,0.543631,-0.074633,1.251270,-0.853363,-0.101866,-0.511268
2261,0.637856,-0.066695,1.338950,-0.114622,0.380669,-0.917580
2262,0.736061,-0.066298,1.543367,-0.257264,-0.966291,-0.009899
2263,0.537752,-0.068024,1.356773,-0.806307,0.575924,0.134836
2264,0.043248,-0.077402,1.357560,0.717341,0.058669,-0.694247
2265,0.053859,-0.082702,1.243427,-0.334622,-0.915115,-0.224929
2266,0.153241,-0.066820,1.553860,-0.192834,0.608688,-0.769619
2267,0.153076,-0.073443,1.554010,-0.223683,-0.632407,-0.741638
2268,-0.041726,-0.082266,1.143867,-0.619449,-0.022204,-0.784723
2269,0.052185,-0.089330,0.846305,0.778720,-0.013378,-0.627229
2270,0.047890,-0.087083,0.846559,-0.804737,0.568614,-0.170517
2271,-0.144945,-0.091900,0.944531,0.750808,-0.659828,-0.030248
2272,-0.048002,-0.084469,0.937509,0.121506,0.508564,-0.852408
2273,0.053314,-0.081777,1.148167,-0.759435,0.099362,-0.642951
2274,0.151669,-0.078151,1.135943,-0.017626,0.532170,-0.846454
2275,0.151839,-0.084801,1.136367,0.012267,-0.635414,-0.772074
2276,0.050419,-0.071279,1.559933,0.860890,-0.008472,-0.508720
2277,0.147660,-0.065405,1.660290,0.790743,0.184434,-0.583703
2278,0.647714,-0.059788,1.729140,0.710121,0.063328,-0.701226
2279,0.567999,-0.057806,1.746643,-0.278364,0.489246,-0.826530
2280,1.247380,-0.044508,1.790130,-0.021640,-0.114746,-0.993159
2281,0.756190,0.647802,2.822443,-0.591615,-0.805907,-0.022489
2282,1.032567,0.803987,2.782777,-0.703115,-0.117057,-0.701375
2283,1.037480,0.802115,2.784190,0.615647,-0.787696,-0.022655
2284,0.165504,0.721538,3.394970,-0.323769,-0.622512,-0.712498
2285,0.353514,-0.072328,1.423427,-0.277328,-0.073500,-0.957960
2286,0.650956,0.810180,2.815580,0.035522,-0.945635,-0.323286
2287,0.451846,0.751917,2.815237,-0.969035,-0.079131,-0.233903
2288,0.456543,0.753553,2.813143,0.456280,0.651152,-0.606473
2289,0.456103,0.749851,2.816220,0.354623,-0.932600,0.067086
2290,0.192200,0.731374,3.022427,0.977595,0.000103,-0.210493
2291,0.968990,-0.032854,2.728693,-0.160439,0.959934,-0.229753
2292,0.208502,0.654859,2.997233,0.621390,-0.774224,-0.120215
2293,0.242159,0.648739,2.802593,-0.048639,-0.975020,-0.216725
2294,0.169800,0.675542,3.367873,-0.102967,-0.554497,-0.825791
2295,0.180284,0.531237,3.311653,-0.057540,-0.568129,-0.820926
2296,0.180834,0.535821,3.312607,0.110282,0.828180,-0.549505
2297,0.192249,0.478963,3.030607,-0.687985,-0.062510,-0.723027
2298,0.159460,0.556995,3.502000,0.308090,-0.950714,0.034963
2299,1.356467,1.555800,4.843343,-0.713775,-0.605349,-0.352247
2300,0.149000,0.560211,3.512963,-0.741276,0.338156,-0.579794
2301,1.731257,1.564963,4.834263,-0.867239,-0.452977,0.206660
2302,1.736623,1.563940,4.832550,0.620539,-0.737052,-0.267741
2303,1.241963,2.358337,4.786193,-0.973091,0.196825,0.119809
2304,1.553247,2.679810,4.753997,-0.418320,-0.126041,-0.899512
2305,1.286690,2.614003,4.817593,-0.028320,-0.972339,0.231850
2306,1.287923,2.617557,4.813357,0.378029,0.048634,-0.924516
2307,1.060383,2.715620,4.796110,-0.596774,-0.612942,-0.517844
2308,1.348803,1.769117,4.832313,0.687217,-0.726239,0.017599
2309,1.941547,1.953510,4.792140,0.005961,-0.891043,-0.453880
2310,1.553880,1.949533,4.851347,0.821488,-0.265102,-0.504855
2311,0.777816,2.436670,4.660453,-0.005190,-0.904883,0.425628
2312,1.265990,2.255503,4.674103,-0.954394,-0.197111,0.224233
2313,1.568877,2.434563,4.835450,0.150998,-0.162654,-0.975061
2314,1.448700,1.852870,4.851047,-0.280824,0.202744,-0.938100
2315,1.450697,1.850543,4.854680,0.648259,-0.755743,0.092806
2316,1.555197,1.847903,4.855780,0.376522,-0.045165,-0.925306
2317,1.860170,1.843913,4.786677,-0.191652,-0.746755,-0.636888
2318,1.857283,1.854867,4.782543,-0.739448,0.630682,-0.235495
2319,1.945807,1.842927,4.795323,-0.148086,-0.692882,-0.705681
2320,1.856957,2.043893,4.773000,0.241281,-0.682523,-0.689889
2321,1.727357,2.141513,4.819547,-0.579085,-0.712283,-0.396628
2322,2.188947,2.230673,4.671037,-0.622227,0.385773,-0.681185
2323,1.045720,2.416973,4.778770,-0.558879,-0.514170,-0.650603
2324,2.120950,2.584360,4.594697,-0.297104,-0.175966,-0.938491
2325,2.174960,2.582067,4.736460,0.347548,-0.326049,-0.879149
2326,1.770067,2.708023,4.720930,0.579799,0.278684,-0.765616
2327,2.012713,2.656023,4.659163,0.073729,0.272764,-0.959252
2328,1.146083,2.241233,4.829613,-0.792369,-0.607636,0.054132
2329,2.080187,2.584997,4.651550,-0.419414,0.771446,-0.478501
2330,2.080797,2.579893,4.651087,0.257112,-0.788902,-0.558146
2331,2.226760,0.821668,3.340033,-0.116828,0.479250,-0.869868
2332,2.224277,0.818446,3.342460,-0.156979,-0.977774,0.138979
2333,1.751530,2.051330,4.776903,-0.370397,0.696561,-0.614498
2334,1.748440,2.127227,4.757250,-0.575107,0.800458,-0.168872
2335,1.748157,2.121917,4.757403,-0.534312,-0.799966,0.273067
2336,1.752003,2.124327,4.755727,0.600252,-0.055069,-0.797913
2337,2.222550,0.823236,3.243067,-0.875584,0.475972,0.082487
2338,2.156107,0.869767,3.143847,0.329510,-0.935216,-0.129596
2339,2.054857,0.898975,3.266463,-0.985247,-0.166944,0.037666
2340,2.489780,1.746237,4.717813,-0.545698,0.805312,-0.231704
2341,2.481453,1.861453,4.725060,-0.780922,-0.297670,-0.549138
2342,1.426920,2.343000,4.794480,-0.848202,-0.154972,-0.506496
2343,2.001967,2.431050,4.855620,-0.532341,-0.171621,-0.828951
2344,1.748373,1.939307,4.779543,-0.538722,-0.753920,-0.376010
2345,1.631313,1.955927,4.854430,-0.961485,-0.171665,-0.214658
2346,1.733107,1.941773,4.822873,-0.279975,-0.131972,-0.950893
2347,1.852297,2.047407,4.774600,-0.790608,0.380825,-0.479490
2348,1.636357,1.844280,4.862717,-0.896185,0.442752,0.028696
2349,1.446777,1.740907,4.850867,-0.817333,0.256906,-0.515719
2350,1.852917,1.951377,4.772867,0.289514,-0.813592,-0.504232
2351,1.357023,1.948770,4.824393,0.061039,-0.789538,-0.610658
2352,1.731480,1.940850,4.827487,-0.791433,-0.421745,0.442453
2353,1.635753,1.954593,4.855890,0.711326,-0.629722,-0.312195
2354,0.997581,2.306907,4.648757,-0.983824,0.150494,0.097167
2355,1.001329,2.304753,4.646760,0.131596,-0.695026,-0.706839
2356,1.163437,2.294640,4.765137,-0.315777,0.715839,-0.622784
2357,1.166640,2.291543,4.766690,0.340471,-0.885456,-0.316301
2358,0.851975,2.567697,4.677703,-0.334427,0.131686,-0.933176
2359,1.352567,2.052947,4.828353,-0.613956,0.116102,-0.780755
2360,1.259810,2.070640,4.815203,0.009371,0.495474,-0.868572
2361,1.256537,2.069157,4.819367,-0.912606,-0.315163,0.260427
2362,0.856410,1.562053,4.741270,0.671985,-0.738844,0.050457
2363,-0.010031,0.212779,4.702083,-0.230807,0.971871,-0.046845
2364,1.263883,2.286690,4.754630,-0.483309,-0.092845,-0.870513
2365,0.948578,2.047160,4.736020,0.761425,-0.647972,-0.019080
2366,1.346427,1.771710,4.828927,0.026197,0.741110,-0.670872
2367,2.489167,1.741277,4.718413,-0.561820,-0.827248,0.004267
2368,1.142013,2.046727,4.827203,0.186621,-0.930412,0.315445
2369,0.948824,1.947500,4.740160,-0.656711,-0.736232,0.163383
2370,1.018557,2.578713,4.751043,-0.948998,0.314471,0.022589
2371,1.140723,2.049603,4.822673,-0.373567,-0.041355,-0.926681
2372,1.140490,1.949103,4.826330,-0.152419,-0.189148,-0.970047
2373,0.992296,2.394160,4.729890,0.722075,-0.083459,-0.686762
2374,1.146033,1.846393,4.828530,-0.723201,-0.689770,-0.034614
2375,2.493643,1.743603,4.715957,0.772993,-0.169538,-0.611342
2376,1.146887,1.659773,4.837647,-0.951464,0.203757,-0.230651
2377,1.151397,1.656413,4.835833,0.226393,-0.672880,-0.704258
2378,1.070763,2.711433,4.799447,0.580913,-0.349357,-0.735180
2379,1.345687,2.408707,4.806327,-0.002472,0.472108,-0.881538
2380,1.348760,2.405507,4.809903,0.818732,-0.573943,-0.016368
2381,1.343380,2.405317,4.809817,-0.789576,-0.596282,0.144975
2382,1.773520,2.661383,4.763013,-0.825446,-0.563522,0.032889
2383,1.146233,2.416313,4.802150,0.353427,0.517540,-0.779257
2384,1.145053,2.407733,4.800753,-0.321211,-0.022956,-0.946729
2385,2.062790,0.898276,3.261080,0.750528,-0.577430,-0.321375
2386,2.057510,0.903003,3.255367,-0.105743,0.327287,-0.938990
2387,2.204340,0.864971,3.169360,0.279916,-0.671771,-0.685836
2388,2.180950,0.857119,3.356493,0.257277,-0.875549,-0.408928
2389,2.151707,0.873034,3.143623,-0.979957,0.037656,-0.195618
2390,2.060137,0.894247,3.272177,0.354317,-0.933960,-0.046670
2391,1.652703,0.745472,2.877087,0.535609,0.282853,-0.795687
2392,2.041203,0.869366,3.048093,0.568288,-0.150106,-0.809023
2393,1.746580,0.825040,2.888627,-0.936008,0.294102,0.193375
2394,2.060367,0.884016,3.127193,-0.442685,0.265472,-0.856478
2395,2.060703,0.878762,3.130660,-0.366240,-0.927958,-0.069014
2396,1.652040,0.834493,2.863770,-0.486824,0.438973,-0.755186
2397,1.644217,0.654405,2.882540,-0.802985,-0.595705,-0.018736
2398,1.811287,0.845698,2.894287,0.768803,-0.367281,-0.523495
2399,1.804083,0.853857,2.896160,-0.716603,0.538948,-0.442735
2400,1.802053,0.840996,2.893253,-0.352473,-0.031877,-0.935279
2401,1.996617,0.885120,3.162827,-0.765994,-0.069368,-0.639094
2402,2.036463,0.870230,3.049427,-0.892366,0.113628,-0.436775
2403,2.132340,0.868557,3.062877,-0.478666,0.314893,-0.819586
2404,1.940067,0.858365,2.959070,0.745335,-0.174523,-0.643442
2405,1.936920,0.855741,2.961943,-0.770360,-0.635980,0.045538
2406,1.937030,0.862134,2.960337,-0.749220,0.606193,-0.266831
2407,1.738537,0.757971,2.883057,0.421017,-0.803429,-0.421006
2408,1.647463,0.656420,2.879287,0.134366,0.646617,-0.750888
2409,2.156763,0.875098,3.141583,0.402693,0.489472,-0.773470
2410,2.227713,0.753294,3.260643,-0.732441,-0.580126,-0.356349
2411,2.234263,0.752546,3.260003,0.502466,-0.721131,-0.476968
2412,1.642567,0.557874,2.882950,-0.759030,0.270173,-0.592352
2413,1.365623,0.446684,2.810323,0.253282,-0.846607,-0.468086
2414,1.145663,0.353047,2.781870,0.185859,0.735293,-0.651767
2415,1.320143,0.250629,2.795133,-0.777419,0.226112,-0.586935
2416,1.355580,0.128934,2.806763,-0.474588,-0.849464,-0.230601
2417,1.359353,0.132347,2.805317,0.701220,0.211383,-0.680887
2418,1.320543,0.255910,2.803203,-0.866572,0.397752,0.301406
2419,1.032473,0.255900,2.802627,-0.439967,0.698008,-0.564991
2420,1.031877,0.252499,2.806213,-0.440574,-0.890716,0.111894
2421,0.752439,0.454160,2.827827,-0.998215,0.048514,-0.034845
2422,1.073380,0.353371,2.794947,-0.438741,0.454532,-0.775182
2423,0.169204,0.251841,3.455497,-0.086988,0.096332,-0.991541
2424,0.170595,0.248395,3.458423,0.339449,-0.939576,0.044406
2425,0.210629,0.143274,3.015607,0.748511,-0.634173,-0.193792
2426,0.206697,0.146139,3.013727,-0.980952,-0.079850,-0.177077
2427,0.213651,0.157169,2.987273,0.298104,0.665438,-0.684344
2428,0.207785,0.157713,2.998943,-0.862609,0.502233,-0.060569
2429,0.439126,0.050542,2.826563,-0.921606,-0.388124,-0.001302
2430,-0.672889,-0.059237,2.331817,0.169113,-0.431477,-0.886131
2431,-0.010222,-0.059877,2.082400,0.773713,-0.602364,-0.196280
2432,-0.010546,-0.053275,2.081953,0.712592,0.643108,-0.280401
2433,0.353711,0.550350,2.817953,-0.737608,-0.667706,-0.100512
2434,0.858023,-0.039983,2.650580,-0.294200,0.857531,-0.422005
2435,0.191516,0.740827,2.999467,-0.390327,-0.675756,-0.625299
2436,0.202011,0.780763,2.805107,0.745071,-0.634062,-0.206966
2437,0.239859,0.751536,2.793113,-0.914594,0.348212,-0.205586
2438,0.250092,0.750695,2.794670,0.600420,0.678384,-0.423427
2439,0.258895,0.749610,2.807340,0.613003,0.727753,-0.307575
2440,0.184925,0.736690,3.009597,-0.556841,-0.628260,-0.543339
2441,0.195130,0.755238,2.984377,-0.535084,0.670979,-0.513296
2442,-0.475490,-0.070020,1.736490,0.198610,-0.070521,-0.977538
2443,-0.339557,-0.077863,1.564493,0.265337,-0.713482,-0.648491
2444,-0.327806,-0.068488,1.752883,0.003776,0.993725,-0.111788
2445,0.041571,-0.077337,1.461113,-0.053816,-0.730642,-0.680636
2446,0.040822,-0.072147,1.462170,0.094075,0.899754,-0.426138
2447,-0.553738,-0.074363,1.555730,0.196549,0.978902,0.055849
2448,-0.447071,-0.075119,1.457480,0.348495,0.905737,-0.241228
2449,-0.445700,-0.080738,1.456480,0.526200,-0.602457,-0.600132
2450,-0.329371,-0.072155,1.750330,-0.436966,-0.442247,-0.783249
2451,-0.251023,-0.078955,1.347183,0.917301,0.358673,0.172950
2452,-0.546391,-0.093420,0.946349,-0.797186,-0.079045,-0.598537
2453,-0.543725,-0.089822,0.948204,0.733300,0.659734,-0.164385
2454,-0.543206,-0.096452,0.948388,0.827653,-0.545772,-0.130857
2455,-0.452321,-0.092896,1.039583,-0.361758,-0.871391,-0.331375
2456,-0.624537,-0.095574,0.872318,-0.725821,0.209681,-0.655147
2457,-0.711729,-0.091826,0.986605,0.381841,0.011870,-0.924152
2458,-0.737474,-0.090399,1.059600,0.057613,0.991900,-0.113205
2459,-0.552638,-0.095515,0.840713,0.159692,0.205150,-0.965615
2460,-0.739545,-0.094228,1.057273,-0.512761,-0.554964,-0.655050
2461,-0.620590,-0.093226,0.874800,0.806821,0.586003,-0.075094
2462,-0.621504,-0.099562,0.873785,0.616615,-0.733262,-0.286555
2463,-0.446946,-0.097429,0.744948,-0.429937,0.001277,-0.902858
2464,-0.648345,-0.089018,1.245383,0.082604,-0.612848,-0.785872
2465,-0.817983,-0.092111,1.153530,-0.125912,-0.512285,-0.849535
2466,-0.814884,-0.090960,1.158260,0.853264,-0.308163,0.420685
2467,0.195799,0.788696,2.792557,0.097922,0.939933,-0.327012
2468,-0.969696,-0.070959,1.858510,0.445683,-0.041611,-0.894223
2469,-0.446070,-0.072780,1.537387,-0.151291,0.591942,-0.791654
2470,-0.341101,-0.072973,1.565293,0.247361,0.934677,-0.255325
2471,0.056342,-0.078813,1.150273,0.866877,0.494209,-0.065438
2472,-0.437833,-0.070617,1.643083,0.933798,0.351407,-0.067337
2473,-0.246598,-0.074231,1.560800,-0.764720,-0.006100,-0.644334
2474,-0.130552,-0.066222,1.734847,-0.377976,-0.017244,-0.925655
2475,0.062523,-0.061007,1.745183,0.774339,0.629963,-0.059550
2476,0.062451,-0.067598,1.745207,0.760382,-0.647154,-0.054876
2477,-0.255670,-0.068335,1.765150,-0.960186,0.006239,-0.279290
2478,-0.252213,-0.065058,1.765657,0.715880,0.519177,-0.466874
2479,-0.252459,-0.071680,1.766353,0.672191,-0.655827,-0.343584
2480,-0.227329,-0.074303,1.635663,-0.225464,-0.616781,-0.754153
2481,-0.227426,-0.067651,1.635583,-0.243242,0.591599,-0.768663
2482,-0.057340,-0.066435,1.633520,-0.670076,0.732903,-0.117688
2483,-0.149887,-0.066294,1.653020,0.088686,0.551837,-0.829223
2484,-0.053145,-0.068839,1.633187,0.792671,0.001920,-0.609647
2485,0.045797,-0.071225,1.558793,-0.518665,0.007428,-0.854945
2486,-0.046318,-0.070643,1.528913,-0.717458,0.079192,-0.692086
2487,-0.472890,-0.069591,1.740403,0.970416,0.060743,0.233673
2488,-0.559953,-0.068982,1.825527,0.718692,0.007183,-0.695291
2489,-0.642443,-0.068712,1.819257,0.001271,0.998868,-0.047551
2490,-1.246927,-0.068507,1.870967,0.291949,0.894881,-0.337571
2491,-0.941160,-0.076982,1.648553,-0.656165,-0.041145,-0.753495
2492,-0.735781,-0.066232,2.038910,-0.505064,-0.007366,-0.863050
2493,-0.936376,-0.077107,1.648990,0.926876,-0.062392,-0.370146
2494,-0.845393,-0.070590,1.860563,-0.865383,-0.022145,-0.500621
2495,-0.840800,-0.070424,1.859370,0.512525,0.027561,-0.858230
2496,-0.949672,-0.071948,1.760527,-0.133108,0.450595,-0.882749
2497,-0.731165,-0.066184,2.040203,0.900127,0.007183,-0.435568
2498,-0.741788,-0.079965,1.536960,-0.092888,-0.588582,-0.803084
2499,-0.546303,-0.075660,1.432563,-0.029291,0.464610,-0.885031
2500,-0.225201,-0.059049,1.925910,0.351668,0.798868,-0.487996
2501,-0.204683,-0.059727,1.912183,-0.259048,0.561334,-0.786002
2502,0.024263,-0.061030,1.867953,-0.678854,-0.062727,-0.731589
2503,-0.033424,-0.051689,2.238237,-0.828661,0.552080,-0.092352
2504,-0.033092,-0.058330,2.238597,-0.769246,-0.638332,-0.028157
2505,-0.030607,-0.054995,2.236237,0.749845,0.001554,-0.661612
2506,-0.669083,-0.059566,2.337260,0.864089,-0.491625,0.107956
2507,0.263633,0.145921,2.827433,-0.592825,-0.805298,0.007343
2508,0.350974,0.246494,2.819327,0.668966,-0.226663,-0.707890
2509,0.212571,0.152664,3.005877,0.959225,-0.182103,-0.216163
2510,0.207046,0.152334,3.000197,-0.884550,-0.463662,-0.050875
2511,0.262610,0.252970,2.818807,0.026856,0.630035,-0.776102
2512,0.259934,0.250023,2.822040,-0.701512,-0.712582,-0.010369
2513,0.264639,0.149813,2.824457,0.056722,0.494701,-0.867210
2514,0.349003,0.249658,2.822353,-0.621631,0.779446,-0.077714
2515,0.351950,0.653554,2.809550,-0.142104,0.339375,-0.929855
2516,0.204587,0.438034,2.913280,-0.488118,0.587125,-0.645775
2517,0.181365,0.561199,3.162250,0.023480,-0.950150,-0.310908
2518,0.205724,0.461380,3.005303,0.364203,-0.457694,-0.811093
2519,0.055832,-0.056078,2.083063,0.753499,-0.021225,-0.657107
2520,0.051562,-0.053505,2.083930,-0.727505,0.674160,-0.127458
2521,0.157556,-0.060309,1.802300,0.184162,0.716380,-0.672966
2522,0.158458,-0.066828,1.801877,0.359215,-0.548384,-0.755143
2523,1.119240,-0.026178,2.733460,0.025461,0.999168,-0.031868
2524,0.052522,-0.059243,2.085217,-0.522751,-0.851096,-0.048648
2525,1.116467,-0.030400,2.733723,-0.906039,-0.419397,0.056559
2526,0.946248,0.149658,2.822280,-0.930112,0.329297,0.162650
2527,1.057283,-0.032639,2.745243,-0.744864,-0.626288,0.230089
2528,1.342813,0.137043,2.805070,-0.510886,-0.828277,-0.230112
2529,0.669011,-0.047867,2.569223,-0.941892,0.134319,-0.307891
2530,0.574382,-0.049348,2.547897,-0.248194,-0.320477,-0.914163
2531,0.673282,-0.048269,2.567113,0.671922,0.167060,-0.721534
2532,0.464811,-0.016159,2.862527,-0.526634,-0.847662,0.064236
2533,0.445391,0.143564,2.829067,0.001955,-0.567277,-0.823525
2534,0.573315,-0.045359,2.756923,0.076622,-0.555540,-0.827952
2535,0.572247,-0.040881,2.759167,-0.719795,0.693692,0.026208
2536,0.469189,-0.014982,2.861083,0.567242,0.255188,-0.783017
2537,0.463966,-0.011561,2.863413,-0.353263,0.858293,-0.372208
2538,0.757386,0.140603,2.830720,0.572525,-0.038059,-0.819003
2539,0.758306,0.254122,2.831130,-0.855704,-0.298305,-0.422830
2540,1.073077,0.349137,2.798407,-0.529274,-0.808704,0.256647
2541,1.052610,0.740398,2.784647,0.118492,-0.381066,-0.916923
2542,1.373953,0.830380,2.823053,-0.748314,-0.663326,0.004964
2543,1.377527,0.833125,2.819763,0.287508,0.132102,-0.948624
2544,0.942244,0.350707,2.815250,-0.876684,0.034024,-0.479861
2545,1.244980,0.443547,2.762743,-0.540654,-0.812371,-0.218509
2546,1.083170,0.252269,2.795277,0.030927,-0.385781,-0.922072
2547,1.148783,0.443036,2.779540,-0.137796,-0.837394,-0.528946
2548,1.146887,0.446067,2.782900,-0.705877,0.707486,0.034656
2549,1.210827,-0.035560,2.330487,-0.840276,0.541503,0.026672
2550,0.956669,0.048446,2.834283,0.555960,0.748017,-0.362462
2551,0.949448,0.251653,2.818360,0.803469,-0.485342,-0.344790
2552,0.956992,0.446573,2.813583,-0.808579,-0.560842,0.177922
2553,1.025277,0.453078,2.800090,-0.155344,0.503512,-0.849908
2554,1.023503,0.449401,2.803517,-0.743855,-0.648250,0.162640
2555,1.013620,0.843994,2.828603,0.247000,-0.961242,0.122491
2556,1.082223,0.256537,2.797883,-0.438197,0.895546,0.077343
2557,1.030290,0.350466,2.801323,-0.094375,-0.082866,-0.992082
2558,1.009760,0.737218,2.799673,-0.954075,0.269942,0.129891
2559,0.853734,0.549087,2.820747,-0.005329,-0.756171,-0.654352
2560,0.851514,0.551318,2.824350,-0.742726,0.664223,0.084659
2561,1.065853,0.446902,2.793957,-0.163956,-0.432623,-0.886541
2562,1.013357,0.848036,2.825467,0.159813,0.374174,-0.913484
2563,0.959540,0.447823,2.809717,0.655987,-0.218028,-0.722596
2564,0.957884,0.451247,2.812983,-0.462381,0.886496,-0.018111
2565,0.762046,0.258563,2.831193,0.166333,0.879198,-0.446480
2566,1.039060,-0.043679,2.013563,-0.872462,0.008711,-0.488605
2567,0.537833,-0.074689,1.356833,-0.791961,-0.592959,0.145597
2568,0.860241,-0.066239,1.434643,-0.169468,-0.617666,-0.767964
2569,0.860044,-0.059605,1.434690,-0.206066,0.617262,-0.759292
2570,0.449509,-0.073071,1.349307,-0.880734,0.187727,-0.434817
2571,0.548490,-0.075700,1.250720,0.817987,-0.352003,-0.454963
2572,0.454269,-0.072236,1.350320,0.837663,0.212648,-0.503092
2573,0.539751,-0.071358,1.354070,0.570867,-0.000396,-0.821042
2574,1.244877,-0.042364,1.797610,-0.497830,0.836795,0.227903
2575,0.645266,-0.063317,1.731160,-0.628885,-0.776721,0.034753
2576,0.644275,-0.056933,1.730733,-0.834487,0.548431,-0.053420
2577,0.549108,-0.065457,1.530500,0.675596,-0.074047,-0.733544
2578,0.546937,-0.061888,1.532693,-0.762158,0.647372,0.004952
2579,0.546517,-0.068526,1.532977,-0.837504,-0.543568,0.055861
2580,0.249545,-0.068338,1.647817,-0.813352,-0.030516,-0.580972
2581,0.252664,-0.064960,1.649273,0.818124,0.522253,-0.240678
2582,1.061607,0.552371,2.791503,-0.240817,-0.846115,-0.475497
2583,1.041113,0.452846,2.795450,-0.263585,0.541675,-0.798192
2584,0.951354,0.827791,2.808917,0.149346,0.717102,-0.680779
2585,0.901924,0.800328,2.795077,0.615068,0.139965,-0.775952
2586,1.006453,0.648634,2.794163,0.728031,-0.220703,-0.649046
2587,0.949249,0.821652,2.814403,-0.917049,-0.329521,0.224583
2588,1.020567,0.739726,2.790293,-0.377646,0.406297,-0.832050
2589,1.039703,0.736246,2.789890,-0.214505,-0.649109,-0.729825
2590,1.023060,0.735772,2.791007,0.290115,-0.937282,-0.193224
2591,0.997420,0.637669,2.800167,-0.996509,-0.009822,0.082902
2592,0.156431,0.560206,3.488453,-0.020306,0.959571,-0.280732
2593,0.151948,0.559068,3.497007,-0.999298,0.037445,-0.001203
2594,0.947239,0.548971,2.809630,-0.862202,-0.025728,-0.505910
2595,0.944397,0.737176,2.804757,0.332074,0.472008,-0.816661
2596,0.940624,0.736895,2.808587,-0.975505,0.163243,0.147451
2597,0.944329,0.733648,2.808217,0.125017,-0.990867,0.050534
2598,1.000175,0.647730,2.794303,-0.760694,0.320373,-0.564540
2599,0.175054,0.368586,3.365963,0.294326,-0.027213,-0.955318
2600,0.181398,0.529626,3.214887,-0.551846,-0.512209,-0.658110
2601,0.181161,0.536160,3.216077,-0.595034,0.671095,-0.442229
2602,1.052753,-0.050431,1.840550,-0.108952,-0.922331,-0.370723
2603,0.195166,0.556538,3.027067,0.799052,0.339291,-0.496384
2604,0.188805,0.556653,3.025500,-0.464826,0.361929,-0.808050
2605,1.130513,-0.047913,1.745187,0.812464,0.091531,-0.575781
2606,0.934901,-0.052728,1.835410,-0.820435,-0.557878,-0.125133
2607,1.244303,-0.048574,1.798340,-0.674308,-0.738316,-0.014063
2608,0.745088,-0.059820,1.734163,0.242744,-0.622583,-0.743953
2609,1.053367,-0.044923,1.838057,-0.239552,0.495130,-0.835141
2610,0.857291,-0.052968,1.847017,-0.433605,-0.436220,-0.788478
2611,0.744355,-0.053238,1.733980,0.104429,0.618709,-0.778649
2612,1.153440,0.810891,2.773917,-0.320592,-0.518646,-0.792608
2613,1.307037,-0.029101,2.623483,-0.968506,-0.222287,-0.112185
2614,0.952168,0.047959,2.835777,-0.869457,0.473308,0.141510
2615,1.449317,0.116172,2.835593,-0.783659,0.590683,0.192281
2616,1.451347,0.113851,2.829730,-0.405669,0.157626,-0.900326
2617,1.330780,0.140729,2.794400,-0.182554,-0.801510,-0.569434
2618,1.057153,-0.026910,2.741997,-0.770274,0.493099,-0.404390
2619,0.211111,0.437260,2.914083,0.750313,0.440268,-0.493147
2620,0.356896,0.552276,2.815050,0.716170,-0.050653,-0.696085
2621,-0.593262,-0.056074,2.299223,-0.254641,0.006622,-0.967013
2622,-0.785059,-0.024445,4.582233,-0.713324,-0.253554,-0.653360
2623,-1.028460,-0.017706,4.596877,0.973733,-0.192191,0.122095
2624,-1.663743,-0.033315,4.533993,-0.055664,0.801009,-0.596059
2625,-1.748270,0.149947,4.583217,-0.235178,0.860329,-0.452245
2626,-1.942183,0.061622,4.566787,0.875184,-0.055626,-0.480582
2627,-1.760947,0.244510,4.578833,-0.597848,0.136060,-0.789978
2628,-1.649487,0.048956,4.578610,0.301125,-0.051167,-0.952211
2629,-1.852650,0.241363,4.578603,0.744907,0.666043,0.038717
2630,-1.146703,0.140363,4.618543,-0.161097,-0.272954,-0.948443
2631,-2.050180,0.456079,4.551710,-0.032384,0.872030,-0.488380
2632,-2.047840,0.453435,4.554843,0.753710,-0.655335,-0.049577
2633,-2.047800,0.952184,4.547007,0.619469,0.784137,-0.037257
2634,-1.758823,0.241912,4.582217,0.694200,-0.719553,0.018147
2635,-1.846753,0.055686,4.571493,0.512899,0.108359,-0.851583
2636,-2.681630,0.856715,4.498293,0.972769,-0.144541,0.181186
2637,-2.356493,1.052057,4.517560,0.504818,-0.849080,0.155633
2638,-2.142590,0.254814,4.550467,0.836738,-0.041493,-0.546030
2639,-2.551100,1.940307,4.475433,0.576785,-0.076174,-0.813337
2640,-2.043137,0.053201,4.560373,0.732110,-0.670916,-0.117846
2641,-2.139740,0.059708,4.558060,0.737537,-0.674286,-0.037108
2642,-2.141977,0.062805,4.554970,0.040332,0.850651,-0.524182
2643,-1.854737,0.238870,4.575177,0.016245,-0.845982,-0.532963
2644,-2.349210,0.064860,4.536600,0.180989,0.858954,-0.478999
2645,-2.248630,0.054648,4.551200,0.799433,-0.586460,-0.130274
2646,-2.051157,0.249168,4.557553,0.752513,0.657316,-0.040742
2647,-2.057070,0.148989,4.564427,0.584441,0.811377,-0.009795
2648,-2.053673,0.246393,4.554397,0.002403,-0.827341,-0.561695
2649,-1.939120,0.148431,4.569980,0.821540,-0.101360,-0.561068
2650,-2.645730,0.360110,4.510023,0.750285,0.614814,0.243054
2651,-1.653960,0.151639,4.589507,0.679137,-0.733793,-0.017879
2652,-1.422827,-0.031320,4.575777,-0.003224,-0.914994,-0.403455
2653,-1.656233,0.154398,4.586243,0.063091,0.805989,-0.588558
2654,-1.744107,0.146147,4.583803,0.894526,-0.240808,-0.376610
2655,-2.359133,0.257060,4.537457,0.075933,0.429929,-0.899664
2656,-2.144263,0.150508,4.556970,0.958350,-0.015129,-0.285194
2657,-2.357190,0.254646,4.541143,0.674432,-0.729990,0.110708
2658,-1.436970,0.242557,4.603470,0.971309,-0.166128,0.170180
2659,-1.159173,0.051598,4.612247,-0.898603,0.152619,-0.411363
2660,-1.155970,0.048361,4.613970,0.660630,-0.647009,-0.380720
2661,-1.048423,0.041368,4.612487,0.345094,-0.459128,-0.818604
2662,-1.031467,-0.014910,4.584913,-0.595789,0.700046,-0.393664
2663,-1.028493,-0.019143,4.584487,0.990068,-0.097254,-0.101527
2664,-0.833010,0.336538,4.635423,0.816436,-0.081694,-0.571628
2665,-0.836065,0.339628,4.637997,-0.624843,0.759328,-0.181638
2666,-0.662712,0.633791,4.644440,-0.887777,0.204565,-0.412316
2667,-0.657470,0.634598,4.644250,0.692368,0.715877,-0.090264
2668,-0.553646,0.542508,4.653143,0.214673,-0.697405,-0.683770
2669,-0.744722,0.754012,4.661913,0.763413,-0.644391,-0.044280
2670,-0.746881,0.757061,4.658873,0.018897,0.905993,-0.422870
2671,-0.551821,0.763437,4.670143,0.091034,0.799599,-0.593594
2672,-0.549901,0.760239,4.673170,0.595652,-0.799279,-0.079700
2673,-0.845175,0.649142,4.629117,0.800724,0.064693,-0.595529
2674,-0.848119,0.646511,4.631917,-0.712911,-0.686961,-0.140864
2675,-0.448094,0.573264,4.657487,-0.162137,-0.199417,-0.966408
2676,-0.665154,0.328146,4.646217,-0.187306,-0.667693,-0.720487
2677,-0.762069,0.623894,4.637507,0.408426,-0.696760,-0.589672
2678,-0.457810,0.458340,4.658897,-0.585824,-0.021665,-0.810149
2679,-0.442046,0.253171,4.662827,0.682464,-0.044769,-0.729547
2680,-0.537627,0.660924,4.648193,0.612276,-0.211551,-0.761816
2681,-0.250413,0.370301,4.678730,0.780665,-0.584591,-0.220944
2682,-0.255750,0.371297,4.677250,-0.696785,-0.192755,-0.690895
2683,-0.252008,0.375696,4.678833,0.252544,0.923481,-0.288800
2684,-0.560713,0.351464,4.651970,0.832689,0.495915,-0.246370
2685,1.631263,2.053187,4.853937,0.238522,-0.689641,-0.683742
2686,0.970344,2.373980,4.718500,0.163082,-0.905204,0.392441
2687,2.067700,2.256547,4.712877,-0.254607,0.083634,-0.963421
2688,1.628397,2.054730,4.857440,-0.904880,0.422375,0.052841
2689,1.723320,1.841503,4.829200,-0.557212,-0.803011,-0.211397
2690,1.307783,2.260607,4.680557,0.383810,0.430106,-0.817128
2691,1.549833,1.953743,4.851547,-0.280834,0.815015,-0.506835
2692,1.549583,1.949357,4.853443,-0.713092,-0.691040,0.118169
2693,1.537450,2.136507,4.850713,-0.722310,-0.688340,-0.066763
2694,1.540477,2.138760,4.847653,0.850529,-0.068562,-0.521439
2695,1.858633,2.125640,4.778770,-0.081605,-0.957659,-0.276099
2696,1.856757,2.130297,4.778317,-0.738620,0.473962,-0.479375
2697,1.726620,1.844357,4.826903,0.486332,0.357686,-0.797209
2698,1.738117,1.658480,4.824263,-0.393832,-0.915274,-0.084672
2699,1.454640,1.943170,4.846427,-0.403703,-0.327614,-0.854220
2700,1.725923,2.064973,4.819817,0.355662,-0.671779,-0.649782
2701,1.921757,2.059707,4.795903,-0.817722,-0.360852,0.448460
2702,1.922997,2.060017,4.789383,-0.590138,-0.304188,-0.747801
2703,1.696197,2.227960,4.828700,-0.932648,-0.326097,0.154364
2704,2.053897,2.189710,4.752257,-0.449946,0.857759,-0.248592
2705,2.055563,2.184670,4.750090,-0.008408,-0.535909,-0.844234
2706,1.765663,2.226940,4.649650,0.698454,0.089718,-0.710009
2707,1.761583,2.225333,4.651547,-0.741109,-0.601791,-0.297666
2708,1.848947,1.955220,4.773317,-0.744355,0.416388,-0.522070
2709,1.743183,1.663927,4.810483,-0.292647,0.918110,-0.267267
2710,1.748857,1.944610,4.780313,-0.342008,0.888154,-0.306941
2711,1.847593,2.695000,4.687437,0.744918,0.076826,-0.662717
2712,1.039507,2.373980,4.745063,0.235080,0.536475,-0.810514
2713,1.037397,2.369450,4.747040,-0.422998,-0.869940,-0.253528
2714,1.174113,2.711643,4.772533,0.430477,0.668222,-0.606769
2715,1.855717,2.252543,4.739903,-0.137503,0.184596,-0.973148
2716,1.852650,2.249230,4.744330,-0.827075,-0.561620,0.023006
2717,1.729357,2.185033,4.537023,0.251128,-0.967522,-0.028926
2718,1.741600,2.404280,4.789493,0.530126,-0.408248,-0.743169
2719,1.639157,2.139583,4.849040,-0.246249,-0.711788,-0.657814
2720,1.675050,2.249660,4.673757,-0.723184,-0.585258,-0.366714
2721,1.975647,2.230450,4.801953,0.061346,-0.707018,-0.704529
2722,1.639487,1.842630,4.859293,0.240477,-0.593808,-0.767830
2723,1.739627,1.495817,4.817270,-0.715560,0.489220,-0.498635
2724,1.744880,1.493570,4.816550,0.710205,-0.120032,-0.693687
2725,1.751987,1.482310,4.778190,-0.996471,-0.030838,0.078067
2726,1.755870,1.485737,4.777260,0.335950,0.754381,-0.563957
2727,1.951947,1.547383,4.806783,-0.394908,0.636865,-0.662156
2728,1.457667,2.148560,4.840883,0.782417,-0.057886,-0.620058
2729,1.454680,2.146103,4.844240,-0.596194,-0.801947,0.037866
2730,1.290483,2.264760,4.677933,0.188454,0.535339,-0.823345
2731,1.449027,2.062903,4.844810,0.789879,-0.604762,-0.101756
2732,2.191067,2.226347,4.671940,0.049531,-0.928765,-0.367345
2733,1.352727,2.287987,4.763520,-0.932092,-0.333808,-0.140628
2734,1.730213,2.190003,4.534670,0.489789,0.472230,-0.732875
2735,1.252500,2.225260,4.809883,0.044645,0.511276,-0.858256
2736,1.253810,2.412247,4.799973,0.540623,0.266350,-0.797987
2737,1.055980,2.415950,4.790893,0.210223,-0.968446,0.133862
2738,1.549467,2.052643,4.848787,-0.762188,0.557699,-0.328696
2739,1.202783,2.700063,4.755450,0.691680,-0.134341,-0.709599
2740,1.246453,2.359483,4.783063,0.321327,0.525442,-0.787819
2741,1.022993,2.578790,4.746233,-0.061351,0.340075,-0.938395
2742,1.775303,2.665847,4.762967,0.163832,0.703614,-0.691438
2743,1.148690,2.144157,4.821297,-0.687357,-0.123006,-0.715828
2744,1.151637,2.142080,4.824793,0.774817,-0.630202,0.050037
2745,1.555440,2.239867,4.845513,0.199778,-0.977576,0.066589
2746,1.339740,2.306463,4.661687,-0.781195,0.255036,-0.569817
2747,1.252993,2.133890,4.818353,-0.634556,-0.105318,-0.765667
2748,1.351607,2.148973,4.826730,-0.957748,0.282636,-0.053244
2749,1.276777,2.257583,4.672007,0.153990,0.297147,-0.942333
2750,1.434717,2.341250,4.801420,0.190863,-0.941964,0.276180
2751,1.278503,2.253057,4.675377,0.221709,-0.955975,0.192243
2752,1.357270,2.287487,4.761450,0.635140,-0.075221,-0.768725
2753,1.458660,2.344627,4.814337,-0.437622,-0.750754,0.494828
2754,1.249417,2.223793,4.814107,-0.952183,-0.183019,0.244646
2755,1.253990,2.222213,4.813403,0.492637,-0.868292,0.058122
2756,1.390267,2.346530,4.742260,-0.171799,-0.418971,-0.891599
2757,1.440317,2.347637,4.794693,0.337580,0.157133,-0.928089
2758,1.188470,2.696557,4.778707,-0.615669,-0.735649,-0.282441
2759,1.369873,2.616187,4.815617,0.279422,-0.742644,-0.608607
2760,1.056590,2.728260,4.792563,-0.720504,0.233569,-0.652932
2761,0.953933,2.268170,4.657037,0.833415,0.148960,-0.532193
2762,0.949542,2.269740,4.658350,-0.912194,0.032544,-0.408464
2763,0.896738,2.545333,4.703063,-0.498377,0.413379,-0.762062
2764,0.898281,2.540123,4.705070,-0.153671,-0.981508,-0.114135
2765,0.982539,2.579870,4.707833,0.208071,-0.837043,-0.506030
2766,0.790232,2.444577,4.658913,-0.160169,0.738716,-0.654710
2767,0.850384,2.565253,4.682740,-0.756730,-0.515232,0.402363
2768,0.929191,2.206500,4.739693,-0.136705,-0.988091,-0.070619
2769,1.437163,2.244757,4.835593,-0.645134,-0.006325,-0.764044
2770,1.355167,2.145177,4.825477,0.224708,-0.633425,-0.740458
2771,1.261790,2.067713,4.818600,0.497728,-0.863280,0.083755
2772,1.598117,2.286927,4.745973,0.692005,0.337289,-0.638252
2773,1.452263,2.342967,4.800873,0.513534,-0.295095,-0.805731
2774,1.554397,2.242973,4.841983,0.208995,0.516794,-0.830208
2775,1.784710,2.336650,4.680527,-0.094925,-0.776529,-0.622890
2776,1.807817,2.386327,4.753353,0.923232,-0.293105,-0.248458
2777,1.678597,2.253560,4.672253,0.515763,0.405054,-0.754931
2778,1.734450,2.406770,4.795933,-0.816745,-0.565972,-0.112269
2779,1.649950,2.235077,4.843230,-0.514218,-0.829439,-0.218198
2780,1.724803,2.637323,4.810553,0.926594,-0.163072,-0.338866
2781,1.353913,2.050247,4.832080,0.576465,-0.806263,0.132772
2782,1.171267,2.707390,4.772733,-0.376634,-0.861464,-0.340626
2783,1.177897,2.702500,4.778500,-0.358484,-0.886861,-0.291491
2784,1.252177,2.683140,4.761383,-0.882649,-0.051730,-0.467178
2785,1.256747,2.685487,4.761937,0.777079,0.304820,-0.550665
2786,1.488407,2.649617,4.777573,-0.784697,-0.536671,0.310217
2787,1.653013,2.419633,4.837523,0.160109,-0.217538,-0.962830
2788,1.248743,2.403883,4.799470,-0.255333,-0.225184,-0.940264
2789,1.141350,2.429163,4.802970,-0.096765,-0.405394,-0.909006
2790,1.073530,2.419883,4.790917,0.555438,0.072861,-0.828360
2791,1.700913,2.227820,4.829280,0.736199,-0.610576,-0.291904
2792,1.554893,2.358577,4.807930,0.591126,-0.785738,0.182169
2793,1.732853,2.247627,4.759307,0.452800,-0.377719,-0.807651
2794,1.551630,2.242703,4.846320,-0.955663,0.013301,0.294163
2795,1.756997,2.370313,4.754750,0.872500,-0.137830,-0.468771
2796,1.675177,2.292890,4.773690,-0.946165,0.309483,0.094826
2797,1.567317,2.431897,4.840307,-0.276060,-0.893337,0.354598
2798,1.699207,2.232010,4.827820,0.104366,0.733449,-0.671685
2799,1.677797,2.291193,4.770153,0.271707,-0.545058,-0.793150
2800,2.067303,2.253210,4.716560,-0.286723,-0.862273,0.417462
2801,1.438973,2.242297,4.839567,0.536017,-0.823227,0.187038
2802,1.246873,1.853223,4.831240,0.711178,-0.702890,-0.013072
2803,1.246283,1.857457,4.829193,0.116350,0.835039,-0.537748
2804,1.242213,1.853317,4.830377,-0.882789,-0.298433,-0.362795
2805,0.938024,2.159550,4.742367,-0.752270,-0.658584,0.018911
2806,1.071220,2.417030,4.795163,-0.201528,-0.900796,0.384646
2807,0.855725,2.564550,4.680727,0.697544,-0.706050,-0.122169
2808,0.845089,2.361260,4.692633,-0.263007,0.683292,-0.681130
2809,0.657569,1.556663,4.653347,-0.155981,0.936156,-0.315091
2810,0.751523,2.607163,4.662473,0.084832,-0.914933,0.394590
2811,1.128100,2.364573,4.760867,-0.002075,-0.817639,-0.575728
2812,0.752218,2.358450,4.654217,-0.873408,0.121435,-0.471605
2813,0.844246,2.271897,4.582323,0.897512,0.214874,-0.385099
2814,0.843182,2.362447,4.706200,-0.647301,-0.707303,0.284119
2815,0.851653,2.223440,4.720630,-0.224422,-0.974481,0.004720
2816,0.846305,2.230223,4.711030,-0.562229,-0.710603,-0.423016
2817,0.633964,2.372233,4.671263,0.232856,-0.908420,0.347205
2818,0.632106,2.375103,4.666447,-0.045629,-0.162653,-0.985628
2819,0.978087,2.388033,4.722117,0.658884,0.273659,-0.700702
2820,0.932344,2.210460,4.739793,0.692776,0.431704,-0.577661
2821,0.927515,2.211037,4.741073,-0.764502,0.613688,-0.197290
2822,1.022030,2.148267,4.769943,-0.586313,-0.540418,-0.603478
2823,-1.563280,2.361397,4.560427,0.946246,0.167855,-0.276484
2824,-1.567610,2.359540,4.561357,-0.444405,-0.887573,-0.121322
2825,0.744260,2.150457,4.708113,-0.794634,-0.605851,0.038754
2826,0.550857,2.235997,4.572443,0.105801,-0.635081,-0.765165
2827,0.946545,1.867070,4.741010,-0.807478,-0.303478,-0.505846
2828,0.988100,2.396413,4.729527,-0.479548,0.548617,-0.684875
2829,1.143750,2.650203,4.817530,-0.163267,-0.936018,0.311793
2830,0.959354,2.591053,4.697730,0.533015,0.047785,-0.844755
2831,0.955687,2.589567,4.701277,-0.542401,-0.827668,0.144106
2832,2.166303,2.584723,4.642183,0.158020,-0.514834,-0.842601
2833,2.161650,2.585220,4.646367,-0.908574,-0.401101,0.116670
2834,0.839454,2.243120,4.688570,-0.311851,-0.950108,-0.006640
2835,0.847343,2.235407,4.697747,-0.722067,-0.664851,-0.191290
2836,1.061633,2.422757,4.786837,0.061048,0.715325,-0.696120
2837,1.080460,2.145673,4.815417,0.436747,0.576105,-0.690909
2838,1.076410,2.144023,4.817720,-0.818909,-0.527462,-0.226211
2839,0.858273,2.040727,4.728570,0.956657,-0.019855,-0.290538
2840,1.085920,2.215150,4.819110,-0.555537,0.718832,-0.417922
2841,1.089170,2.211940,4.817587,0.137926,-0.896253,-0.421553
2842,0.640224,2.240567,4.619567,-0.910358,0.333358,-0.245197
2843,0.564240,1.953530,4.689237,0.613640,-0.068756,-0.786587
2844,0.562511,1.951373,4.693187,-0.711471,-0.672448,0.204015
2845,1.257983,1.672853,4.834400,-0.423900,-0.877837,-0.222958
2846,1.067367,1.846833,4.812257,0.327948,-0.461265,-0.824430
2847,1.064157,1.845010,4.817417,-0.384128,-0.865917,0.320363
2848,1.212610,1.562090,4.851833,-0.031317,-0.998812,0.037341
2849,0.949611,1.741883,4.742873,0.032146,-0.863256,-0.503741
2850,0.947097,1.744947,4.745450,-0.632811,0.746692,-0.204942
2851,1.212740,1.565503,4.848370,-0.536539,0.519648,-0.664900
2852,1.083217,1.744013,4.826047,-0.449391,-0.863625,-0.228473
2853,1.019753,1.747387,4.774427,-0.662341,0.633632,-0.399769
2854,1.023260,1.743963,4.772910,0.183956,-0.832769,-0.522165
2855,0.947202,1.553983,4.747000,-0.993129,0.105210,-0.051245
2856,0.853699,2.036923,4.730027,-0.238692,-0.919653,-0.311872
2857,0.551529,1.649500,4.697160,-0.855110,-0.513170,0.073775
2858,-0.911206,1.360167,4.635703,0.749839,-0.052175,-0.659560
2859,0.560511,2.441747,4.675867,-0.579721,0.576748,-0.575573
2860,-0.799399,1.075293,4.656163,-0.326789,-0.908423,-0.260723
2861,-0.910553,1.163373,4.637633,0.802574,-0.189414,-0.565683
2862,-1.865770,0.854842,4.553937,-0.743576,-0.298708,-0.598221
2863,-1.517070,1.074337,4.604490,0.198334,0.275378,-0.940654
2864,0.082622,1.418800,4.201617,0.641450,0.702636,-0.307969
2865,0.087797,1.426710,4.214663,-0.698449,0.591102,-0.403444
2866,-1.756190,1.656060,4.543267,-0.782359,-0.027121,-0.622237
2867,-2.270197,1.547640,4.501470,-0.064277,0.571494,-0.818085
2868,-1.567043,1.452543,4.578183,-0.936756,0.066297,-0.343646
2869,-1.655547,1.553797,4.556313,0.752688,-0.658358,0.005149
2870,-1.939883,2.236700,4.511080,-0.108950,-0.609204,-0.785494
2871,-2.349513,1.711220,4.498183,-0.304051,-0.105417,-0.946805
2872,1.074907,2.696360,4.813433,-0.811410,-0.510720,0.284215
2873,-1.749727,1.945343,4.536997,0.031229,-0.915954,-0.400066
2874,-1.516777,1.531183,4.604610,0.314257,-0.874770,0.368808
2875,-1.514150,1.336830,4.608787,0.470742,-0.807359,0.355771
2876,-1.445320,0.056744,4.592477,0.650784,0.339935,-0.678914
2877,-1.559207,1.346453,4.584020,-0.862617,-0.341157,-0.373501
2878,-1.554723,1.346647,4.582500,0.884129,-0.418394,-0.207999
2879,-1.515963,1.339290,4.604013,-0.042016,-0.113040,-0.992702
2880,-1.562670,1.453270,4.576390,0.728147,0.623501,-0.284690
2881,-1.563830,1.449043,4.578737,0.102077,-0.983467,-0.149573
2882,-1.570307,1.247793,4.579657,-0.869970,-0.301946,-0.389848
2883,-0.914835,1.255420,4.641790,-0.537219,-0.417235,-0.733015
2884,-0.270315,1.140950,4.687073,0.322700,-0.839962,-0.436266
2885,-1.053490,0.719614,4.631177,0.152153,-0.959653,-0.236467
2886,-1.053740,0.723781,4.628790,-0.565867,0.622674,-0.540437
2887,-0.847798,0.759577,4.654293,0.833923,-0.537458,-0.125343
2888,-1.032177,0.555737,4.617390,0.257163,0.781924,-0.567857
2889,-0.914636,1.161580,4.640257,-0.781101,-0.612633,-0.120671
2890,-1.041817,0.450577,4.618127,0.804711,-0.118333,-0.581754
2891,-0.858759,0.849911,4.653883,-0.080841,-0.988520,0.127641
2892,-1.656163,0.851087,4.568837,0.988773,0.057320,-0.137997
2893,-1.660630,0.848727,4.568950,-0.400022,-0.878206,-0.262178
2894,-1.648337,1.150903,4.563260,-0.631565,-0.725511,-0.273421
2895,-1.846617,1.246827,4.554327,0.572882,-0.160166,-0.803836
2896,-1.843467,1.137800,4.556647,0.840726,-0.013052,-0.541304
2897,-1.850900,1.050783,4.559047,0.680194,-0.725651,0.103763
2898,-1.522663,0.078219,4.599330,-0.328469,-0.581691,-0.744140
2899,-1.560050,1.656547,4.573610,-0.180766,0.766143,-0.616724
2900,-1.561500,1.651763,4.575250,-0.370133,-0.866808,-0.334132
2901,-1.657350,1.748997,4.542640,0.160922,-0.791866,-0.589111
2902,-1.843613,1.446030,4.548163,0.883592,0.256960,-0.391454
2903,-1.654867,1.446173,4.556167,-0.607256,0.020540,-0.794241
2904,-1.519993,1.736673,4.602843,0.732896,-0.553262,0.395934
2905,1.007480,2.260203,4.688467,-0.635608,-0.758785,0.142296
2906,1.011303,2.261260,4.685537,0.507493,0.036114,-0.860899
2907,1.151883,2.397283,4.804103,0.201769,-0.976528,-0.075380
2908,1.492260,2.650890,4.773723,0.712351,-0.651670,-0.260542
2909,1.368207,2.621100,4.816053,-0.259716,0.844858,-0.467721
2910,1.767837,2.703820,4.722920,-0.034724,-0.984807,0.170144
2911,1.765227,2.708490,4.722643,-0.901695,0.389974,-0.186728
2912,1.720433,2.636767,4.808810,-0.760695,0.219125,-0.611006
2913,1.085047,2.674140,4.814207,-0.993746,-0.077196,0.080678
2914,1.520620,2.645787,4.834703,-0.154726,0.089801,-0.983868
2915,1.485580,2.655923,4.760073,0.134255,-0.083622,-0.987412
2916,1.481727,2.654650,4.763923,-0.946736,-0.290203,0.139546
2917,1.658373,2.713250,4.771037,0.243250,-0.280807,-0.928427
2918,1.654273,2.714697,4.773977,-0.973534,0.219705,0.062934
2919,1.143537,2.653250,4.813043,-0.459665,0.144658,-0.876232
2920,1.089530,2.672943,4.812500,0.523055,-0.830338,-0.192231
2921,1.084120,2.683183,4.806850,0.289108,0.111748,-0.950752
2922,0.979741,2.640273,4.716033,-0.146323,-0.975987,-0.161364
2923,0.775528,2.443003,4.653543,0.568019,0.078944,-0.819220
2924,0.843346,2.339003,4.683577,-0.056542,-0.682450,-0.728742
2925,0.564592,2.237183,4.637863,-0.304510,0.149120,-0.940764
2926,0.641598,2.221323,4.465990,0.409665,-0.873120,0.264266
2927,0.756576,2.356827,4.655293,0.520132,-0.833294,-0.187304
2928,0.849207,1.956980,4.733097,-0.679546,-0.682165,-0.269939
2929,0.853542,1.959020,4.731333,0.942580,-0.158287,-0.294088
2930,0.542149,2.031703,4.688837,0.723945,-0.542890,-0.425646
2931,0.940017,2.163850,4.739817,-0.149278,0.640997,-0.752887
2932,0.839284,2.271663,4.580963,-0.679198,0.115816,-0.724760
2933,0.841568,2.267917,4.584197,-0.068136,-0.911762,0.405027
2934,0.642346,1.774103,4.673147,-0.290618,-0.951699,-0.099044
2935,0.942457,2.161150,4.742850,0.909034,-0.416650,0.007767
2936,0.967559,2.324193,4.675430,0.680389,-0.719681,-0.138312
2937,0.971828,2.377303,4.714043,0.524477,0.003230,-0.851418
2938,0.556252,1.659480,4.698903,0.291517,0.442632,-0.847994
2939,0.554847,1.651473,4.693973,0.314948,0.478841,-0.819462
2940,0.952876,1.949147,4.737907,0.763137,-0.158429,-0.626517
2941,0.949477,1.952570,4.739673,-0.496320,0.816142,-0.295936
2942,0.569295,2.171080,4.675853,0.780251,-0.504364,-0.369899
2943,0.853562,2.041720,4.729247,-0.662473,0.663653,-0.347410
2944,1.028283,2.244240,4.756920,-0.103401,-0.403937,-0.908924
2945,0.714237,2.205843,4.542527,-0.503751,0.780122,-0.371004
2946,0.718773,2.202053,4.539540,0.350739,0.065983,-0.934146
2947,0.714881,2.200910,4.542420,-0.500019,-0.819363,0.280402
2948,0.642256,1.849827,4.649390,-0.501656,-0.665417,-0.552776
2949,0.559369,1.644400,4.697193,0.442086,-0.892222,-0.092200
2950,0.609723,2.026363,4.673290,-0.914298,0.209318,-0.346765
2951,0.701301,2.059130,4.696103,-0.872084,-0.296188,-0.389542
2952,0.852333,1.750003,4.732433,-0.740934,-0.112192,-0.662140
2953,0.856121,1.754367,4.734460,0.398036,0.806220,-0.437694
2954,0.770709,1.485997,4.722983,0.072446,-0.127566,-0.989181
2955,0.605273,1.582820,4.697630,-0.925549,0.026211,-0.377720
2956,0.752138,1.554393,4.722767,-0.676093,0.722006,-0.146988
2957,0.656639,1.551840,4.651907,-0.649199,-0.701193,-0.294734
2958,0.755522,1.551763,4.720103,0.178383,-0.649156,-0.739442
2959,0.854404,1.564540,4.737780,-0.215947,0.351583,-0.910910
2960,0.543397,1.790013,4.692727,0.246131,0.505674,-0.826869
2961,0.752567,1.667143,4.727780,0.213389,0.742414,-0.635049
2962,0.749168,1.665173,4.730617,-0.791564,-0.598200,-0.124833
2963,0.951135,1.652207,4.750383,-0.507337,-0.633083,-0.584650
2964,1.025220,1.639870,4.780003,0.100762,-0.960604,-0.259012
2965,1.016373,1.542007,4.770297,-0.304656,-0.863917,-0.401040
2966,1.014860,1.546590,4.770327,-0.762398,0.513394,-0.393923
2967,1.065810,1.554993,4.821047,-0.282934,-0.288773,-0.914636
2968,0.850063,2.243873,4.697833,0.956866,-0.011379,-0.290308
2969,0.852728,2.233127,4.705423,0.957208,0.085323,-0.276536
2970,0.641939,1.654167,4.651523,0.103954,-0.658797,-0.745104
2971,0.950645,1.866973,4.743430,0.783343,-0.619290,0.053429
2972,0.750750,1.961133,4.713973,-0.375462,-0.226002,-0.898861
2973,0.722814,2.330907,4.408107,0.024940,-0.605713,-0.795292
2974,0.583418,2.191177,4.516817,-0.384991,0.580012,-0.717892
2975,0.952933,1.656543,4.749853,0.253671,0.878371,-0.405111
2976,1.082327,1.748757,4.825620,-0.734303,0.572010,-0.365520
2977,1.063037,1.553367,4.826853,-0.793457,-0.588619,0.154769
2978,0.755853,1.843837,4.722583,-0.108891,-0.035438,-0.993422
2979,0.836172,1.854967,4.732640,-0.870506,0.201670,-0.448941
2980,0.840456,1.851150,4.732717,0.312504,-0.842181,-0.439401
2981,0.642745,1.961767,4.663087,-0.649237,-0.491111,-0.580777
2982,0.753780,2.049457,4.713770,-0.616109,-0.150952,-0.773061
2983,0.699751,1.955600,4.688727,-0.273858,-0.427432,-0.861571
2984,0.638358,2.308453,4.591740,0.107506,-0.921562,0.373049
2985,0.706049,2.058763,4.694977,0.830918,-0.541045,-0.129788
2986,0.646012,2.145750,4.648523,-0.642576,0.471750,-0.603778
2987,0.536155,2.032020,4.688350,-0.784602,-0.547254,-0.291398
2988,0.613443,2.021937,4.673780,0.079618,-0.987717,-0.134447
2989,0.614725,2.026763,4.673313,0.712841,0.550957,-0.433940
2990,0.584182,2.185403,4.517897,-0.028385,-0.888894,-0.457233
2991,0.701039,2.142410,4.685167,-0.636015,0.433416,-0.638464
2992,0.643135,2.221070,4.600260,0.844654,0.190198,-0.500384
2993,0.758372,2.054260,4.714263,0.198153,0.700344,-0.685751
2994,0.648584,2.141773,4.648270,0.170338,-0.981246,-0.090230
2995,-1.716863,2.537557,4.524703,-0.480856,-0.863665,0.151193
2996,-2.043070,2.154863,4.509113,0.779503,-0.142515,-0.609971
2997,-1.566770,2.432833,4.563337,0.984757,0.006090,0.173830
2998,-2.263073,2.464137,4.484463,0.131999,0.740503,-0.658962
2999,-2.442110,1.443320,4.502497,0.995307,0.001941,0.096744
3000,-3.211517,1.326710,4.440827,0.270305,-0.674347,-0.687162
3001,-2.646463,1.660660,4.472747,0.035079,0.794057,-0.606831
3002,-2.551987,1.652490,4.479130,-0.069060,-0.722148,-0.688283
3003,-2.459587,1.652727,4.485250,-0.778234,0.256934,-0.573006
3004,-2.848547,1.649413,4.454770,0.242372,0.341258,-0.908184
3005,-2.455370,1.652730,4.487683,0.763690,0.630986,0.136508
3006,-2.749550,1.454000,4.475530,0.704318,-0.709711,-0.015708
3007,-2.555983,1.245727,4.493627,-0.610141,-0.365318,-0.703044
3008,-2.955540,1.565877,4.447747,0.275962,-0.242769,-0.930004
3009,-2.563903,1.160467,4.498007,0.211055,0.958634,-0.190990
3010,-2.552537,1.153157,4.497000,0.455973,0.013711,-0.889888
3011,-2.539393,1.149987,4.499283,-0.579104,-0.207391,-0.788434
3012,-2.746663,1.852513,4.456047,0.086915,0.734416,-0.673111
3013,-2.760400,1.745877,4.460793,-0.607657,-0.076814,-0.790476
3014,-2.953497,1.565010,4.453190,0.821519,-0.211483,0.529511
3015,-2.951560,1.344367,4.454350,0.986288,-0.152293,0.063586
3016,-2.852007,1.849687,4.447150,0.068892,-0.740427,-0.668596
3017,-2.748577,1.546420,4.468660,0.299492,-0.241900,-0.922924
3018,-2.350563,1.251780,4.512597,0.682053,0.729296,0.054133
3019,-2.352547,1.249260,4.509097,0.082920,-0.814177,-0.574665
3020,-2.758447,1.743670,4.464850,0.621288,-0.753706,0.214311
3021,-2.758447,1.748507,4.464380,0.668344,0.739490,0.080438
3022,-2.150817,1.546907,4.518237,0.141555,-0.800622,-0.582209
3023,-2.644387,1.658317,4.476287,0.713171,-0.697926,0.065480
3024,-2.246097,1.352207,4.517803,0.967254,0.112725,-0.227403
3025,-2.038747,1.556727,4.527133,0.696366,-0.118688,-0.707805
3026,-2.552583,1.452240,4.490280,0.658373,-0.554034,-0.509501
3027,-2.647063,1.554167,4.475983,0.890587,-0.055943,-0.451358
3028,-1.753067,0.759707,4.564587,-0.596671,0.014528,-0.802355
3029,-1.558883,0.351172,4.590680,0.746221,-0.661662,0.073197
3030,-1.561373,0.353286,4.587100,-0.006661,0.727907,-0.685643
3031,-1.444357,0.242928,4.595033,0.391415,-0.181125,-0.902213
3032,-1.531297,0.142469,4.604477,0.669123,0.725495,0.161033
3033,-1.519550,0.078721,4.603017,0.962004,0.249630,0.110604
3034,-1.657983,0.246256,4.591387,0.771437,0.636255,-0.008041
3035,-1.456613,0.080302,4.598960,0.378518,-0.515063,-0.769048
3036,-1.489100,0.362260,4.592743,0.616995,-0.639875,-0.458124
3037,-1.414093,0.449733,4.600300,0.925990,-0.342502,0.158854
3038,-2.038167,0.842700,4.544153,0.958290,-0.058116,-0.279828
3039,-1.537123,0.746738,4.590600,-0.003893,-0.601336,-0.798987
3040,-1.857193,0.947148,4.555490,-0.115715,-0.542602,-0.831981
3041,-1.646210,0.557189,4.579857,0.609041,-0.778380,0.152294
3042,-1.648023,0.559519,4.576030,0.162144,0.686710,-0.708618
3043,-2.051547,0.647456,4.548223,0.724858,-0.688749,0.014382
3044,-1.742313,0.949589,4.561357,0.807758,-0.054322,-0.587007
3045,-1.565020,1.058320,4.585690,-0.931525,-0.207987,-0.298333
3046,-2.049007,0.353956,4.553583,0.176468,0.189360,-0.965920
3047,-1.852833,1.053360,4.555383,0.126382,0.754044,-0.644551
3048,-1.855110,0.949719,4.558883,0.676797,0.735895,0.020106
3049,-2.049113,1.048797,4.540263,0.042322,0.747758,-0.662621
3050,-2.047100,1.046637,4.543983,0.720458,-0.682440,0.123352
3051,-2.254047,1.054513,4.526907,-0.774665,-0.056550,-0.629838
3052,-2.053247,0.744384,4.548383,0.494209,-0.800040,0.340137
3053,-2.349750,0.850459,4.520917,0.874393,-0.097755,-0.475269
3054,-2.146827,0.350585,4.549480,0.049969,-0.771855,-0.633832
3055,-2.144747,0.352918,4.553107,0.715965,0.691994,0.092401
3056,-1.862737,0.853806,4.557423,0.889807,-0.452874,0.056106
3057,-1.949627,0.348421,4.561657,0.111844,-0.821919,-0.558516
3058,-1.947737,0.351384,4.564930,0.648018,0.761595,-0.006820
3059,-2.045183,0.057325,4.557967,0.152502,0.884700,-0.440510
3060,-1.560320,0.443645,4.586003,-0.580574,0.074619,-0.810781
3061,-2.355503,1.056760,4.517200,0.818814,0.571956,0.049089
3062,-2.446167,1.440190,4.501970,-0.365482,-0.920643,-0.137256
3063,-2.049070,1.151317,4.537273,-0.126170,0.095170,-0.987433
3064,-2.831103,0.946911,4.480720,0.894008,-0.007516,-0.447989
3065,-2.456340,1.252863,4.502883,-0.758802,-0.257859,-0.598104
3066,-2.972620,0.850324,4.470060,0.806514,0.591087,0.012330
3067,-2.975500,0.848507,4.466693,-0.786035,0.146536,-0.600563
3068,-2.975507,1.152233,4.460160,-0.831109,-0.250857,-0.496314
3069,-2.970817,1.151577,4.461907,0.728105,-0.685029,-0.024464
3070,-2.981923,1.248987,4.462380,0.600457,0.758573,-0.253018
3071,-2.982520,1.243870,4.462907,0.502785,-0.856453,-0.117028
3072,-3.151920,1.451353,4.438900,-0.674341,0.056198,-0.736278
3073,-3.207467,1.435773,4.434843,0.565340,0.065850,-0.822225
3074,-3.234517,1.861567,4.426640,0.735603,-0.145197,-0.661669
3075,-2.965210,1.643483,4.443347,0.334781,-0.879027,-0.339460
3076,-2.941093,1.747980,4.438007,0.779150,-0.122358,-0.614780
3077,-2.748973,1.648163,4.468927,0.701801,-0.708385,0.075264
3078,-2.447413,1.153480,4.505733,0.811546,0.582290,-0.048287
3079,-2.654553,1.458483,4.479083,0.207521,0.744868,-0.634119
3080,-2.454443,1.256293,4.505890,0.431393,0.898219,-0.084282
3081,-2.453207,1.251680,4.506310,0.857086,-0.513221,0.044814
3082,-2.053707,1.457340,4.531157,-0.777799,-0.037832,-0.627374
3083,-2.051213,1.460043,4.534313,0.696847,0.715579,-0.048487
3084,-1.948520,1.551340,4.531997,0.817795,0.081863,-0.569657
3085,-1.855053,1.847623,4.531337,0.237614,-0.793443,-0.560347
3086,-2.846550,1.647533,4.459443,0.840708,-0.222579,0.493628
3087,-2.533620,1.046810,4.495467,0.747316,0.624042,0.228235
3088,-2.751107,1.650443,4.465347,0.047807,0.783517,-0.619528
3089,-2.745100,0.949080,4.485140,0.047173,-0.860865,-0.506642
3090,-2.741743,0.953806,4.486623,0.839624,0.429367,-0.332680
3091,-3.140423,1.646117,4.434837,0.977902,-0.172221,0.118525
3092,-3.143497,1.647260,4.431217,-0.488835,-0.241485,-0.838287
3093,-3.219203,1.551063,4.430453,-0.504231,-0.752814,-0.423110
3094,-3.213127,1.650403,4.426917,0.823688,-0.080543,-0.561294
3095,-3.145703,1.942647,4.433660,0.006766,-0.800031,-0.599920
3096,-3.300167,2.128320,4.414813,0.202845,-0.151914,-0.967355
3097,-3.239527,2.265677,4.428063,0.855897,-0.514897,0.048185
3098,-3.244143,2.264567,4.427840,-0.580861,-0.813731,-0.021011
3099,-3.242123,2.267620,4.424587,-0.153083,0.763043,-0.627957
3100,-2.750380,2.050693,4.453503,-0.700158,0.024423,-0.713570
3101,-3.048577,1.951730,4.441643,0.976187,0.211310,0.049061
3102,-2.761197,2.342107,4.449507,0.732138,-0.664549,0.149495
3103,-2.842553,2.346650,4.445423,0.891130,0.219781,-0.396967
3104,-2.846983,2.342777,4.444357,-0.172435,-0.847002,-0.502846
3105,-2.747917,2.047937,4.456913,0.638429,-0.769394,0.021002
3106,-2.763210,2.344250,4.445703,-0.668588,-0.070855,-0.740249
3107,-3.120360,2.459747,4.431920,0.005732,0.815791,-0.578318
3108,-2.233253,2.178003,4.499087,-0.219523,0.559957,-0.798911
3109,-2.654303,2.240110,4.460177,0.560730,-0.819902,0.115513
3110,-2.621070,2.344393,4.465947,0.832390,0.169638,-0.527589
3111,-2.440823,2.543670,4.473877,-0.243861,-0.967219,-0.070842
3112,-2.351733,2.550410,4.477133,-0.040502,-0.111544,-0.992934
3113,-2.549060,2.146650,4.471657,-0.680347,-0.718360,-0.145216
3114,-2.349943,2.548233,4.481223,0.706184,-0.493495,0.507708
3115,-2.089967,2.550677,4.491613,0.312644,-0.755262,-0.576049
3116,-2.348237,2.441853,4.473623,0.435451,-0.220846,-0.872702
3117,-2.458083,2.250487,4.472237,0.118251,0.799444,-0.588987
3118,-2.456030,2.247617,4.475483,0.599159,-0.800255,-0.024506
3119,-2.054383,2.496733,4.497780,0.719847,0.661505,-0.210314
3120,-2.059617,2.495087,4.496240,-0.751247,0.207158,-0.626669
3121,-1.856037,2.550407,4.513047,0.239813,-0.865581,0.439613
3122,-1.855930,2.552500,4.507000,0.263335,-0.411165,-0.872696
3123,-2.005337,2.537733,4.500310,0.091183,-0.141657,-0.985707
3124,-1.982870,2.526900,4.496997,0.599539,0.768538,-0.223387
3125,-1.995463,2.525657,4.498630,-0.367412,-0.800880,-0.472863
3126,-2.324400,2.607367,4.472767,0.678896,0.518819,-0.519545
3127,-2.146153,2.609793,4.482653,-0.450225,-0.890782,0.061681
3128,-2.143660,2.613433,4.479573,0.557591,0.083739,-0.825881
3129,-2.436803,2.546367,4.474857,0.960534,-0.165781,0.223364
3130,-2.439487,2.547337,4.470850,-0.268793,0.656750,-0.704578
3131,-2.142067,2.437590,4.491377,-0.204343,-0.443585,-0.872626
3132,-2.149527,2.448583,4.490813,-0.734883,-0.255385,-0.628272
3133,-2.641810,2.457333,4.467530,0.476267,0.646602,-0.595883
3134,-2.640993,2.452837,4.469880,0.267558,-0.961040,-0.069395
3135,-3.136883,2.054357,4.433327,0.866043,-0.184328,-0.464751
3136,-2.985963,1.453447,4.459803,0.033011,-0.026230,-0.999111
3137,-2.984293,1.451410,4.464377,0.652659,-0.652507,0.385060
3138,-3.211847,1.278917,4.439790,0.753220,-0.098366,-0.650372
3139,-2.837213,0.348776,4.482417,0.814387,-0.135999,-0.564161
3140,-3.141163,0.853304,4.461627,0.849630,-0.062347,-0.523681
3141,-3.045047,0.949933,4.468533,0.912549,0.253605,0.320840
3142,-2.666487,0.950623,4.493977,0.773486,-0.619725,-0.132893
3143,-2.671220,0.951971,4.494137,-0.836387,-0.177417,-0.518633
3144,-1.345417,0.552650,4.596923,0.001578,0.826342,-0.563166
3145,-3.144297,1.057767,4.451297,-0.066255,0.828297,-0.556358
3146,-3.141760,1.055200,4.454593,0.823116,-0.567747,0.012011
3147,-2.756773,1.251487,4.480813,0.854801,-0.499863,0.139470
3148,-2.751537,1.457133,4.472347,0.115714,0.860069,-0.496881
3149,-2.547730,0.841019,4.511100,0.691907,-0.718860,-0.067126
3150,-2.252540,1.249467,4.523233,0.649680,0.757669,0.062073
3151,-2.733410,0.861235,4.501027,0.540673,0.827887,0.149252
3152,-1.357013,0.554124,4.598783,0.022910,0.816163,-0.577367
3153,-2.757177,1.045013,4.484107,-0.762082,-0.119093,-0.636433
3154,-2.733183,0.852517,4.496030,0.674944,-0.126567,-0.726933
3155,-2.648613,1.254793,4.493080,0.746964,0.653201,0.123988
3156,-2.650947,1.252270,4.489337,0.058310,-0.644495,-0.762382
3157,-2.484383,1.074783,4.494543,0.190309,-0.549410,-0.813592
3158,-2.433810,1.052120,4.510930,0.847144,-0.373753,0.377698
3159,-2.146847,1.148210,4.533760,0.098821,-0.005668,-0.995089
3160,-2.465937,1.358030,4.496770,-0.569708,-0.793221,-0.215018
3161,-1.949620,0.748161,4.555810,0.765288,0.635336,0.103357
3162,-1.962013,0.543297,4.553360,0.504009,-0.844554,0.180838
3163,-1.963590,0.545813,4.549423,-0.667537,0.040653,-0.743466
3164,-1.961273,0.547950,4.552950,0.797422,0.600018,0.064007
3165,-2.055083,0.746354,4.543907,-0.527299,-0.161702,-0.834151
3166,-2.052973,0.749098,4.547297,0.701750,0.711972,0.025346
3167,-2.258870,0.845386,4.526000,-0.778969,0.031619,-0.626265
3168,-2.350240,0.346885,4.536173,0.647904,0.761694,-0.006536
3169,-2.152197,0.848158,4.539483,0.862924,-0.455874,0.218040
3170,-2.551467,0.058338,4.526047,0.770503,0.484117,0.414675
3171,-2.043187,0.838730,4.542977,-0.049365,-0.854949,-0.516358
3172,-2.351623,0.754512,4.522100,0.035236,0.715606,-0.697615
3173,-1.956693,0.455549,4.555397,-0.782310,-0.149328,-0.604725
3174,-1.950380,0.945640,4.550340,0.655097,0.755068,0.026836
3175,-1.561200,0.665732,4.572490,-0.203848,0.780540,-0.590934
3176,-1.558567,0.663777,4.575913,0.895094,-0.443833,0.042655
3177,-1.650483,0.460662,4.578367,-0.097150,0.559541,-0.823089
3178,-1.648013,0.459252,4.582153,0.771890,-0.616319,0.156000
3179,-1.654163,1.045430,4.562537,0.575605,-0.806118,-0.137304
3180,-1.644080,1.153180,4.561593,0.952357,-0.078206,-0.294787
3181,-1.653740,1.050270,4.561997,0.519643,0.817291,-0.249012
3182,-1.658170,1.047360,4.560510,-0.880785,0.024277,-0.472894
3183,-1.565730,1.250243,4.578467,0.611726,0.367452,-0.700550
3184,-1.561120,1.055777,4.586630,0.312386,-0.949919,0.008228
3185,-1.560990,1.059627,4.583540,0.565166,0.713709,-0.413772
3186,-0.733995,0.810101,4.664643,0.067374,-0.667069,-0.741943
3187,-0.855462,0.853411,4.653540,0.997867,0.058654,0.028672
3188,-0.858847,0.853245,4.650113,-0.536355,0.434255,-0.723703
3189,-1.567933,1.153343,4.583597,-0.871306,-0.090351,-0.482351
3190,-1.562940,1.156343,4.583277,0.435338,0.770141,-0.466223
3191,-0.852533,0.759161,4.654473,-0.653815,-0.752237,-0.081638
3192,-1.143297,0.730216,4.619860,-0.293035,-0.220369,-0.930359
3193,-0.863502,0.943500,4.650490,0.073839,0.327824,-0.941849
3194,-0.869037,1.144943,4.645340,-0.311260,0.740748,-0.595323
3195,-0.910133,1.256733,4.642613,0.995455,-0.071714,-0.062654
3196,-1.952463,0.943095,4.546920,0.065684,-0.780948,-0.621133
3197,-1.740150,0.556959,4.571260,0.798264,0.007737,-0.602259
3198,-1.646053,0.744968,4.565063,-0.064126,-0.773211,-0.630898
3199,-1.553413,0.547414,4.581240,0.235771,-0.460309,-0.855878
3200,-1.750667,0.757650,4.568113,0.792014,-0.607477,0.060710
3201,-1.849653,0.656375,4.557960,0.394384,-0.086074,-0.914906
3202,-1.945130,0.648006,4.551183,-0.105964,0.788536,-0.605791
3203,-1.942667,0.646150,4.554763,0.828368,-0.554718,0.078074
3204,-1.950883,0.454341,4.555773,0.655204,-0.615801,-0.437604
3205,-1.737010,0.849492,4.568430,0.985901,-0.001331,0.167323
3206,-1.741133,0.851210,4.565663,-0.263578,0.319837,-0.910072
3207,-1.847617,0.745576,4.563270,0.786376,0.617493,-0.017773
3208,-1.849997,0.742537,4.560150,0.003764,-0.846025,-0.533130
3209,-1.945370,0.844817,4.552773,0.433666,0.031983,-0.900506
3210,-1.864210,0.858288,4.557017,0.392816,0.916991,-0.069450
3211,-1.951877,1.145450,4.545350,0.865162,-0.172173,-0.471010
3212,-1.750317,1.046780,4.559837,0.722215,0.689894,-0.049518
3213,-2.149060,0.942608,4.535773,0.024440,-0.855137,-0.517825
3214,-2.254147,0.845396,4.526600,0.714154,0.699235,0.032471
3215,-2.155247,0.849655,4.535427,-0.207780,-0.160325,-0.964947
3216,-2.251860,1.056957,4.530327,0.650125,0.759365,0.026492
3217,-2.524140,1.037713,4.497670,0.545273,0.837953,-0.022634
3218,-2.146873,0.649493,4.538457,0.766973,0.020653,-0.641347
3219,-2.644443,1.151487,4.495690,0.813243,-0.297045,0.500400
3220,-2.645880,1.153630,4.490250,0.454023,0.238215,-0.858555
3221,-2.547550,1.239653,4.494960,0.546759,-0.094531,-0.831937
3222,-2.538100,1.227370,4.500527,0.271723,0.063744,-0.960262
3223,-2.749143,0.349078,4.508980,0.407398,-0.862605,0.299900
3224,-2.757947,1.256033,4.480303,0.467431,0.883836,-0.018507
3225,-2.833020,0.847234,4.480453,0.884806,-0.011985,-0.465805
3226,-2.657167,1.054067,4.492037,0.637391,-0.619741,-0.457880
3227,-2.483897,1.078443,4.497777,0.582043,0.804440,0.118757
3228,-2.346557,1.153227,4.512493,0.612487,-0.020649,-0.790211
3229,-2.542170,1.048777,4.495413,-0.237937,0.230984,-0.943415
3230,-2.556103,1.057433,4.500287,-0.109449,0.159666,-0.981085
3231,-2.535507,1.037380,4.494550,-0.430399,-0.573111,-0.697352
3232,-2.626097,0.935216,4.503710,0.980345,0.085200,0.177943
3233,-2.755243,1.047777,4.487503,0.592097,0.805647,0.018810
3234,-2.754603,1.043040,4.487623,0.785438,-0.616535,0.054517
3235,-2.523237,1.033063,4.497220,0.719135,-0.678048,-0.151974
3236,-2.747437,1.150133,4.480120,0.759954,0.032402,-0.649169
3237,-2.835850,1.245603,4.471860,0.891349,0.091546,-0.443978
3238,-2.834657,1.045140,4.476380,0.828187,0.029881,-0.559655
3239,-2.759330,1.252760,4.477050,-0.704645,-0.256072,-0.661742
3240,-2.983583,1.039847,4.475610,0.807980,-0.504292,0.304727
3241,-2.548367,0.751512,4.512333,-0.005637,0.771754,-0.635896
3242,-3.048390,0.650235,4.474337,0.679192,0.732221,0.050503
3243,-2.684837,0.855477,4.494833,-0.483564,-0.624965,-0.612849
3244,-2.684473,0.860383,4.496797,-0.053234,0.954790,-0.292475
3245,-2.653640,0.554878,4.501860,-0.636026,-0.001663,-0.771666
3246,-2.629283,0.937049,4.500540,-0.354007,0.562371,-0.747274
3247,-2.629170,0.931665,4.502493,-0.298868,-0.925089,-0.234283
3248,-2.643630,0.842396,4.502560,-0.412295,0.327688,-0.850079
3249,-2.501070,0.985431,4.495297,-0.275424,-0.034967,-0.960687
3250,-2.498880,0.983430,4.499460,0.777765,-0.573637,0.256950
3251,-2.046693,0.551851,4.550140,0.909534,0.065608,-0.410419
3252,-2.650893,0.552722,4.505223,0.794542,-0.607125,0.010123
3253,-2.538083,0.280289,4.520983,0.081346,0.728250,-0.680466
3254,-2.449433,0.546429,4.521283,0.118136,-0.885699,-0.448977
3255,-2.663403,0.266165,4.509423,0.372237,0.779432,-0.503910
3256,-2.639683,0.641172,4.506533,0.137576,-0.982395,0.126382
3257,-2.640167,0.644413,4.502770,-0.541793,0.335801,-0.770518
3258,-2.637007,0.645330,4.506463,0.957317,0.268136,0.107922
3259,-2.747663,0.480563,4.498343,0.103896,-0.182878,-0.977630
3260,-2.649790,0.449975,4.504917,-0.022849,-0.861236,-0.507691
3261,-2.662870,0.262869,4.512977,0.527759,-0.836265,0.148769
3262,-2.352197,0.344132,4.532873,0.076498,-0.811425,-0.579428
3263,-2.254590,0.656775,4.529967,0.086300,0.828088,-0.553915
3264,-2.819410,0.071831,4.499517,-0.191668,0.122028,-0.973844
3265,-2.843497,0.154230,4.501727,0.687748,-0.717780,0.108603
3266,-2.868817,0.137556,4.493687,0.396978,-0.641307,-0.656608
3267,-1.752680,0.363259,4.577537,0.855823,-0.420475,-0.301276
3268,-2.861830,0.055031,4.494400,0.348530,-0.324497,-0.879334
3269,-2.718637,-0.007999,4.497437,0.880510,-0.473517,-0.021993
3270,-2.822867,0.481308,4.495613,-0.286396,-0.112560,-0.951477
3271,-2.540993,0.545176,4.510823,0.008673,-0.811190,-0.584718
3272,-2.646330,0.356466,4.506983,0.243561,-0.667493,-0.703656
3273,-2.444087,0.457488,4.521273,0.096962,0.852324,-0.513947
3274,-2.539430,0.548377,4.513970,0.763330,0.644650,0.041874
3275,-2.252640,0.653890,4.533310,0.696710,-0.717070,0.020117
3276,-2.252747,0.549702,4.538893,0.744559,0.667292,0.018807
3277,-2.143150,0.547947,4.542167,0.021009,-0.795170,-0.606022
3278,-2.453213,0.550960,4.521537,-0.800013,0.335960,-0.497101
3279,-2.448680,0.550807,4.523030,0.768281,0.639696,0.023107
3280,-2.445553,0.748270,4.517763,0.779781,-0.583288,0.227414
3281,-2.351260,0.750137,4.523950,0.713592,-0.699014,0.046535
3282,-2.673533,0.707333,4.497440,0.522475,0.830550,-0.192890
3283,-2.695317,0.718624,4.498017,0.368837,0.721766,-0.585673
3284,-2.257410,0.744453,4.535003,0.643023,-0.748088,0.163969
3285,-2.550593,0.843287,4.508040,-0.818040,0.023760,-0.574670
3286,-2.547690,0.845783,4.511240,0.633074,0.773860,-0.018904
3287,-2.448007,0.749618,4.513730,-0.075475,0.390011,-0.917712
3288,-2.730407,0.620848,4.504583,0.879680,0.186053,0.437661
3289,-2.733107,0.620207,4.500540,-0.022205,0.118033,-0.992761
3290,-2.643497,0.740206,4.505357,0.122845,-0.822457,-0.555404
3291,-2.642003,0.743301,4.508770,0.727326,0.679317,0.097597
3292,-2.349080,0.648308,4.527840,0.803723,0.553568,0.218155
3293,-2.685297,0.711377,4.493307,0.328564,0.868891,-0.370234
3294,-2.686423,0.706514,4.492553,-0.276785,-0.498382,-0.821587
3295,-2.053997,0.649655,4.544843,-0.813783,-0.034404,-0.580150
3296,-2.051670,0.652172,4.548117,0.681091,0.731990,-0.017464
3297,-2.346800,0.059958,4.538567,0.825016,-0.539778,-0.167296
3298,-2.651117,0.069274,4.511390,-0.678476,-0.138569,-0.721435
3299,-2.250903,0.059457,4.549853,0.126246,0.838689,-0.529777
3300,-2.536157,0.349420,4.517333,0.850821,-0.005682,-0.525425
3301,-2.655323,0.152757,4.519600,0.710309,0.697085,0.097638
3302,-2.250343,0.151636,4.549740,-0.826584,0.272179,-0.492623
3303,-2.440867,0.052356,4.532190,0.811040,0.131725,-0.569967
3304,-2.246443,0.254933,4.541390,0.847077,0.018059,-0.531163
3305,-2.142293,0.450520,4.546810,0.438927,0.227044,-0.869364
3306,-2.140993,0.550220,4.545773,0.747545,0.658442,0.087353
3307,-1.952340,0.459475,4.556390,0.212610,0.944613,-0.250007
3308,-2.246300,0.147646,4.549693,0.247494,-0.872454,-0.421392
3309,-2.148647,0.153524,4.557773,-0.473068,0.797422,-0.374600
3310,-2.058800,0.145898,4.561153,0.190630,-0.814063,-0.548600
3311,-2.557853,0.134421,4.526220,0.448670,-0.840386,-0.304051
3312,-2.559797,0.138343,4.524120,0.183332,0.886119,-0.425655
3313,-2.656607,0.149459,4.516277,0.157818,-0.819674,-0.550661
3314,-1.557173,0.441827,4.589060,0.663182,-0.748154,-0.021351
3315,-2.553953,0.057664,4.521333,-0.267788,0.401999,-0.875606
3316,-2.553407,0.053967,4.524633,0.253954,-0.967206,0.004334
3317,-2.346233,0.159937,4.541943,0.702081,-0.712010,-0.011137
3318,-2.441327,0.257250,4.527733,0.813184,0.050762,-0.579788
3319,-2.550460,-0.015462,4.514427,0.900752,-0.416659,-0.122641
3320,-2.553133,-0.010165,4.513567,0.229742,0.912465,-0.338565
3321,-2.555587,-0.015036,4.512097,-0.564725,-0.402004,-0.720749
3322,-2.348323,0.162756,4.538683,0.072094,0.855745,-0.512351
3323,-2.855777,0.437858,4.483653,0.353428,-0.935300,-0.017373
3324,-2.647030,0.453566,4.507200,0.710498,0.665770,-0.227911
3325,-2.769427,0.541015,4.497850,0.730399,0.677482,0.086805
3326,-2.770970,0.538001,4.494440,0.105304,-0.832729,-0.543574
3327,-2.784750,0.331810,4.497963,0.276879,-0.960564,-0.025592
3328,-2.821027,0.467493,4.501237,-0.438434,-0.875407,-0.203565
3329,-2.749420,0.353832,4.508610,0.652795,0.757510,-0.006129
3330,-2.736053,0.471313,4.501167,0.076047,-0.183961,-0.979987
3331,-3.050457,0.647783,4.470840,0.058027,-0.781797,-0.620827
3332,-2.855697,0.441763,4.480727,0.483740,0.741447,-0.465029
3333,-2.753273,0.742610,4.488780,-0.138975,-0.790191,-0.596895
3334,-2.750450,0.663697,4.491950,0.464743,-0.545642,-0.697344
3335,-2.349190,0.555872,4.526947,0.122587,0.717717,-0.685460
3336,-2.347393,0.553739,4.530760,0.636674,-0.755332,0.155304
3337,-2.144480,0.749231,4.536953,0.841509,0.013121,-0.540084
3338,-2.254243,0.840638,4.526480,0.070278,-0.839806,-0.538318
3339,-2.536770,1.148230,4.503287,0.755749,-0.625244,0.194715
3340,-2.351580,0.646362,4.523783,0.051380,-0.639079,-0.767423
3341,-2.259337,0.746639,4.531140,-0.704948,-0.039457,-0.708160
3342,-2.442083,0.454491,4.524570,0.725385,-0.688143,0.016606
3343,-2.441353,0.841890,4.511887,0.792668,0.031965,-0.608815
3344,-2.546013,0.749239,4.515903,0.767332,-0.637076,0.073052
3345,-2.672247,0.693182,4.493440,0.952010,-0.101022,-0.288914
3346,-2.747767,0.746088,4.489940,0.896405,-0.107602,-0.429977
3347,-2.547327,0.649280,4.511070,0.790444,-0.133900,-0.597721
3348,-2.723273,0.550136,4.500107,0.321280,-0.647743,-0.690803
3349,-2.722063,0.553005,4.504083,0.579119,0.788355,0.207647
3350,-2.682433,0.669632,4.496163,-0.245855,-0.954508,-0.168731
3351,-2.683067,0.679589,4.493030,-0.480147,0.175662,-0.859419
3352,-2.825667,0.511799,4.499350,0.289799,0.710675,-0.641060
3353,-2.825947,0.552387,4.488513,0.909969,0.348194,-0.225206
3354,-2.675423,0.680857,4.499293,0.917434,-0.330689,0.221268
3355,-2.677597,0.690620,4.491153,-0.621740,0.109544,-0.775525
3356,-2.525233,0.975311,4.496380,-0.008269,-0.051841,-0.998621
3357,-2.819803,0.499655,4.500593,0.850546,0.093776,-0.517473
3358,-2.515277,0.983226,4.496390,0.009745,0.057069,-0.998323
3359,-2.540017,0.975664,4.493793,0.578522,-0.114751,-0.807554
3360,-2.828737,0.547996,4.488477,-0.097893,-0.947287,-0.305064
3361,-2.146023,1.048310,4.534437,0.797310,0.032781,-0.602679
3362,-2.050473,1.352227,4.534517,0.706791,0.706533,0.035471
3363,-1.853170,1.555973,4.544880,-0.700764,-0.709457,-0.074841
3364,-1.850517,1.558600,4.541820,0.022833,0.804713,-0.593224
3365,-2.235017,1.742127,4.500100,0.114777,-0.075973,-0.990482
3366,-1.146340,-0.074636,1.732053,0.056327,0.304894,-0.950719
3367,-1.662740,2.241183,4.540913,0.743765,-0.656723,0.124613
3368,-1.848570,1.652860,4.537527,-0.740215,-0.123744,-0.660885
3369,-2.279547,1.675960,4.494467,0.264465,-0.870176,-0.415754
3370,-2.249020,1.651133,4.500783,-0.201375,0.570257,-0.796402
3371,-2.246393,1.650520,4.504937,0.942001,-0.214152,0.258403
3372,-2.250670,1.648107,4.504290,-0.327796,-0.942287,0.068156
3373,-2.458773,1.459573,4.498700,0.404823,0.905738,-0.125525
3374,-2.151073,1.551720,4.518573,0.649047,0.759342,0.046232
3375,-2.358310,1.452497,4.498400,-0.339284,-0.807827,-0.481978
3376,-2.417257,1.510807,4.499030,0.741824,-0.639166,-0.202887
3377,-2.254323,1.246860,4.519717,0.128567,-0.820862,-0.556467
3378,-2.551607,1.253793,4.497690,0.824324,0.566034,-0.009756
3379,-2.538647,1.223757,4.504053,0.094356,-0.970125,0.223507
3380,-2.511507,1.406887,4.497660,-0.262196,-0.374511,-0.889379
3381,-2.550340,1.354393,4.492120,0.755185,-0.540441,-0.370970
3382,-2.554260,1.357353,4.490470,-0.277859,0.778050,-0.563412
3383,-2.508477,1.406993,4.501347,0.831428,-0.336573,0.442093
3384,-2.364450,1.462380,4.496580,0.505925,0.683423,-0.526282
3385,-2.371630,1.457290,4.500650,-0.395074,-0.813577,-0.426626
3386,-2.449503,1.451033,4.494693,0.614509,0.502268,-0.608363
3387,-2.549510,1.654370,4.482820,0.811758,0.573717,0.109072
3388,-2.352923,1.350447,4.512647,0.625477,0.780052,0.017252
3389,-2.354617,1.347200,4.509323,0.207143,-0.801317,-0.561234
3390,-2.149730,1.258360,4.528327,0.056858,0.346113,-0.936468
3391,-2.155857,1.551223,4.518093,-0.793154,0.000303,-0.609021
3392,-2.052657,1.349783,4.531073,-0.762373,-0.006570,-0.647105
3393,-2.418573,1.516010,4.499133,0.051555,0.869525,-0.491191
3394,-2.355743,1.546687,4.498960,-0.633639,-0.746586,-0.202756
3395,-2.149920,1.457213,4.522097,-0.724433,-0.641072,-0.253423
3396,-2.284443,1.551173,4.498337,0.252930,-0.633755,-0.731014
3397,-2.367287,1.567183,4.492810,0.334272,-0.687097,-0.645104
3398,-2.358470,1.555780,4.495450,-0.050079,0.018315,-0.998577
3399,-2.344873,1.538163,4.504723,-0.396887,-0.917868,-0.000523
3400,-2.340703,1.540583,4.504097,0.950421,-0.228091,-0.211362
3401,-2.353323,1.458900,4.504200,0.568750,0.715213,-0.406195
3402,-2.347183,1.449017,4.506020,0.642692,-0.740718,0.195662
3403,-2.146393,1.459487,4.519800,0.241988,0.806235,-0.539840
3404,-2.255940,1.544377,4.508363,0.737158,-0.654615,0.167560
3405,-1.852233,1.754950,4.535940,0.762884,-0.641496,0.080572
3406,-1.943347,1.846140,4.526503,0.029063,-0.166820,-0.985559
3407,-1.576827,2.239427,4.557957,-0.094659,0.100447,-0.990429
3408,-1.562930,1.838813,4.574067,-0.069733,-0.789219,-0.610139
3409,-1.748337,1.949390,4.539033,0.806150,0.588097,-0.065301
3410,-2.057043,1.943027,4.513647,-0.102856,-0.403941,-0.908984
3411,-2.053710,1.946237,4.516893,0.819803,0.571640,-0.033918
3412,-1.936537,2.240217,4.513803,0.966833,0.253728,0.029258
3413,-2.346737,1.709263,4.502137,0.591290,-0.736399,0.328773
3414,-2.550297,1.751923,4.482583,0.485379,-0.858382,-0.166097
3415,-2.844683,1.547457,4.459973,0.824000,0.035457,-0.565479
3416,-2.435827,1.053503,4.506440,0.135900,0.274994,-0.951793
3417,-2.448543,1.148610,4.505633,0.218186,-0.913773,-0.342657
3418,-2.547820,0.931684,4.506147,0.189231,-0.965449,0.179164
3419,-2.548243,0.934692,4.502230,0.449556,0.481819,-0.752163
3420,-2.253137,0.545003,4.538667,0.644978,-0.762517,-0.050703
3421,-2.255433,0.547655,4.535507,-0.816666,0.095237,-0.569198
3422,-2.561787,1.150980,4.496457,-0.132875,-0.776109,-0.616441
3423,-2.346437,0.457691,4.530280,0.504849,0.109640,-0.856216
3424,-2.833447,1.149757,4.474947,0.826566,-0.066646,-0.558881
3425,-2.745473,0.835627,4.492030,0.224757,-0.836747,-0.499339
3426,-2.739467,0.846633,4.490843,0.717639,-0.120786,-0.685861
3427,-2.751970,0.351485,4.505323,-0.493160,-0.096007,-0.864625
3428,-2.784700,0.335498,4.494897,0.518542,0.731448,-0.442829
3429,-2.711853,0.012519,4.495267,0.913916,-0.182104,-0.362760
3430,-2.716270,0.015886,4.495047,-0.294468,0.897235,-0.329026
3431,-2.720533,0.004970,4.490917,-0.682946,0.180726,-0.707759
3432,-2.716117,0.001603,4.491137,0.891761,-0.222955,-0.393768
3433,-1.834147,0.539897,4.566467,0.474369,0.220068,-0.852375
3434,-1.379607,0.376707,4.596270,0.725955,-0.497067,-0.475304
3435,-1.736373,0.457574,4.573163,-0.072786,0.787037,-0.612597
3436,-1.733887,0.455348,4.576543,0.777935,-0.628152,0.015556
3437,-1.952293,0.746410,4.552153,-0.204609,-0.354322,-0.912464
3438,-1.350733,0.344292,4.605227,-0.001830,0.076221,-0.997089
3439,-1.643530,0.351474,4.581617,0.808364,0.132045,-0.573683
3440,-2.986220,1.041000,4.471300,-0.211659,-0.252948,-0.944043
3441,-2.620087,1.037807,4.503067,0.940105,-0.203561,0.273432
3442,-2.622497,1.038177,4.498920,-0.219054,0.508488,-0.832740
3443,-3.140140,1.549670,4.435450,0.302801,0.763257,-0.570745
3444,-3.050553,1.558453,4.443573,0.027365,0.735488,-0.676985
3445,-3.210350,0.946713,4.450697,-0.081616,0.032264,-0.996141
3446,-1.533300,0.140241,4.600613,-0.667933,0.054018,-0.742259
3447,-1.658637,0.241588,4.591477,0.602119,-0.798168,0.019516
3448,-1.660740,0.244095,4.588083,-0.793194,0.099439,-0.600795
3449,-2.348527,1.942913,4.487347,0.078954,-0.802247,-0.591749
3450,-2.345247,1.947167,4.489917,0.908875,0.399473,-0.119866
3451,-1.985887,2.383440,4.497973,0.856628,-0.515563,0.019594
3452,0.603382,1.720103,4.701703,-0.554331,-0.281047,-0.783409
3453,0.590879,1.727833,4.699937,-0.125401,-0.717881,-0.684778
3454,0.714297,2.202990,4.704833,-0.655328,-0.739332,0.154705
3455,0.839259,2.349317,4.688203,-0.741265,0.326855,-0.586253
3456,0.637941,2.207737,4.596157,0.178828,-0.791949,-0.583812
3457,0.639920,2.229830,4.606337,-0.910372,0.330400,-0.249116
3458,0.634726,2.216497,4.602233,-0.774474,0.516663,-0.365035
3459,0.636965,2.311290,4.586987,-0.329207,-0.144914,-0.933072
3460,0.561638,2.436590,4.677723,-0.249052,-0.957388,-0.146226
3461,0.576871,2.546170,4.686197,-0.960218,-0.271534,-0.065191
3462,0.580103,1.730873,4.706057,-0.549244,-0.820650,0.157684
3463,1.026723,2.048433,4.769183,-0.308673,-0.854308,-0.418186
3464,0.701867,2.137950,4.686720,-0.310675,-0.945492,-0.097603
3465,1.125060,2.368193,4.761760,-0.909741,0.310728,-0.275354
3466,0.727608,2.245400,4.653197,-0.498760,0.793771,-0.348090
3467,0.729688,2.240790,4.651697,0.203086,-0.690680,-0.694059
3468,0.567769,2.373350,4.682217,-0.633861,-0.760274,0.142138
3469,0.647442,1.961330,4.664387,0.852319,-0.516496,-0.082367
3470,0.645545,1.777360,4.671000,0.362070,0.472260,-0.803664
3471,0.540839,1.786620,4.695063,-0.051729,-0.998656,0.003047
3472,0.581429,2.545623,4.683740,0.459136,-0.207138,-0.863880
3473,0.585025,1.736107,4.698963,0.142379,0.550183,-0.822816
3474,-0.166032,0.248265,4.688143,-0.845084,0.507973,-0.166723
3475,0.136815,0.025034,4.653433,-0.302545,-0.674390,-0.673547
3476,0.221811,0.038069,4.670613,0.481429,-0.328802,-0.812474
3477,0.217451,0.040337,4.672110,-0.979784,0.167588,-0.109257
3478,-0.160995,0.249054,4.688547,0.649817,0.758469,-0.049631
3479,-0.162711,0.245258,4.685677,0.172146,-0.819132,-0.547164
3480,0.556539,1.846947,4.697703,0.412166,-0.184263,-0.892282
3481,0.574251,1.835810,4.703520,0.145805,0.069157,-0.986893
3482,0.589532,1.833140,4.701327,-0.594355,-0.694382,-0.405681
3483,0.604562,1.822510,4.704243,0.964338,-0.188816,-0.185474
3484,0.695912,1.957410,4.693817,-0.991838,-0.089518,0.090790
3485,0.600498,1.821780,4.701940,-0.717455,-0.489100,-0.496024
3486,0.544857,1.846997,4.695263,-0.176894,-0.514132,-0.839272
3487,0.566491,2.174797,4.676740,-0.487411,0.672053,-0.557473
3488,0.565251,2.171003,4.679297,-0.709984,-0.616737,0.339938
3489,0.571457,2.375510,4.678043,0.311470,-0.206450,-0.927559
3490,0.608047,1.721527,4.703697,0.968756,0.077896,-0.235467
3491,1.060393,1.642857,4.812730,-0.433710,-0.839004,0.328584
3492,1.062880,1.644407,4.807260,0.430020,-0.435708,-0.790722
3493,1.020197,1.841123,4.775070,-0.891008,-0.205145,-0.404993
3494,1.025077,1.840760,4.773897,0.627116,-0.295819,-0.720567
3495,0.962378,2.325927,4.671800,-0.348072,-0.376037,-0.858745
3496,1.981883,2.135587,4.801007,-0.805934,-0.273731,-0.524921
3497,1.803780,2.388487,4.751213,-0.677880,0.075488,-0.731287
3498,1.722547,2.065083,4.823320,-0.942227,-0.057145,0.330065
3499,1.974067,2.235653,4.802990,-0.189744,0.864879,-0.464739
3500,1.989483,2.242563,4.659287,-0.331843,-0.129895,-0.934349
3501,1.940670,2.152277,4.793277,-0.664445,-0.746337,-0.038652
3502,1.940927,2.156957,4.792063,-0.607333,0.677233,-0.415333
3503,1.752167,2.369547,4.753883,-0.754338,-0.315087,-0.575930
3504,1.728197,2.250247,4.760890,-0.936135,0.232298,-0.263985
3505,1.731787,2.143993,4.819450,0.530650,0.573539,-0.624071
3506,1.971737,2.232007,4.806447,-0.868737,-0.336243,0.363644
3507,1.953697,2.253017,4.761260,-0.359507,-0.257006,-0.897052
3508,1.804160,2.385103,4.756617,-0.595141,-0.664580,0.451819
3509,1.678727,2.367340,4.786203,0.212017,-0.971658,-0.104549
3510,1.720000,2.422007,4.814540,-0.696033,-0.203066,-0.688696
3511,1.548230,2.356423,4.790187,-0.968514,0.182476,-0.169363
3512,1.366070,2.237697,4.818783,-0.028085,-0.998053,-0.055682
3513,1.363577,2.241947,4.818107,-0.342071,0.545403,-0.765195
3514,1.595183,2.283540,4.747723,-0.213769,-0.952311,-0.217732
3515,1.652160,2.238670,4.840773,0.786675,0.300236,-0.539445
3516,1.063500,2.710220,4.807523,-0.782986,-0.544756,0.300288
3517,1.066970,2.724073,4.795900,0.769366,0.416976,-0.483950
3518,1.350400,2.663587,4.763220,-0.933450,-0.220371,-0.283032
3519,1.355447,2.665180,4.761393,0.540700,0.086274,-0.836779
3520,1.064900,1.951307,4.814850,-0.857441,-0.512765,0.043213
3521,1.068520,1.953673,4.810587,0.027050,0.064196,-0.997571
3522,1.978293,1.939057,4.802030,-0.474491,0.081548,-0.876475
3523,-0.774047,0.150422,4.643033,0.059914,-0.838757,-0.541200
3524,-0.778066,0.154732,4.644543,-0.816091,0.372042,-0.442245
3525,-0.899489,-0.020707,4.564650,-0.280753,0.953083,-0.113186
3526,-0.914471,-0.009523,4.600000,0.476919,0.691737,-0.542261
3527,-0.917314,-0.014556,4.599410,-0.283842,-0.655004,-0.700288
3528,-0.896339,-0.024501,4.564010,0.962174,-0.139118,-0.234239
3529,-0.962454,-0.008838,4.581893,-0.812595,0.042368,-0.581286
3530,-1.140000,-0.026601,4.568607,0.995302,-0.046751,0.084785
3531,-1.094930,-0.000641,4.590940,0.385996,-0.051558,-0.921059
3532,-1.091177,0.005370,4.594947,0.572592,0.519306,-0.634397
3533,-1.104590,0.000304,4.591603,-0.698396,-0.192651,-0.689296
3534,-0.848030,0.041345,4.625157,0.290888,-0.349437,-0.890661
3535,-0.756912,0.031655,4.629977,-0.297381,-0.303886,-0.905107
3536,-0.854597,-0.013789,4.608197,0.542233,-0.695683,-0.471178
3537,-0.856729,-0.009294,4.607203,-0.674763,0.501691,-0.541296
3538,-1.143217,-0.023758,4.566353,-0.457569,0.247268,-0.854101
3539,-0.957447,-0.014702,4.581483,0.869127,-0.350901,-0.348549
3540,-0.959435,-0.004458,4.585010,0.723311,0.636366,-0.268068
3541,-0.176594,-0.059749,2.307080,0.157443,-0.587234,-0.793957
3542,-0.176055,-0.053124,2.307357,0.255487,0.617851,-0.743630
3543,-0.253808,-0.061392,2.147833,0.839435,-0.292717,-0.457892
3544,-0.259329,-0.061729,2.147377,-0.750356,-0.514482,-0.415059
3545,-0.280354,-0.059280,2.302863,0.395728,0.424915,-0.814154
3546,-0.303632,-0.059137,2.304210,-0.697145,-0.543340,-0.467729
3547,0.192642,0.782816,2.806827,-0.948920,-0.258413,-0.181038
3548,0.196444,0.777727,2.816403,-0.264005,-0.964411,-0.014567
3549,0.196275,0.775694,2.832053,-0.309717,-0.864432,-0.396020
3550,0.039370,-0.083665,0.942508,-0.829258,0.555537,-0.060916
3551,0.039650,-0.090320,0.942659,-0.779656,-0.625280,-0.034076
3552,0.454797,-0.084959,1.037077,-0.024767,-0.596162,-0.802482
3553,0.454728,-0.078294,1.036980,-0.036939,0.572010,-0.819415
3554,0.225563,0.955648,2.768570,-0.838498,-0.041990,-0.543284
3555,2.222193,0.645689,3.446720,0.142263,-0.051977,-0.988463
3556,2.218397,0.645721,3.449767,-0.692982,-0.541776,0.475662
3557,2.227873,0.351997,3.507440,0.680857,0.112163,-0.723777
3558,2.231740,0.249310,3.452923,0.016561,-0.973955,-0.226138
3559,2.227473,0.262634,3.509757,0.600796,-0.263428,-0.754752
3560,2.223363,0.262424,3.512253,-0.972174,0.195349,-0.129294
3561,-0.246943,-0.093200,0.939131,-0.047943,-0.608526,-0.792084
3562,0.046588,0.752077,4.714223,0.563631,0.276399,-0.778411
3563,0.250478,-0.092371,0.641486,-0.584614,-0.098017,-0.805369
3564,-0.049360,-0.107573,0.190403,-0.133303,0.974389,0.181099
3565,0.120711,-0.113227,0.190320,-0.797250,0.235031,-0.556016
3566,-1.135393,-0.064611,2.097537,0.336607,0.928011,-0.159658
3567,-1.125403,-0.069707,2.084467,0.718937,-0.626085,0.301905
3568,-1.131700,-0.074008,2.092947,0.807138,-0.525422,0.269185
3569,-0.347560,-0.102181,0.551905,0.893473,0.008222,0.449041
3570,0.952693,-0.059512,1.533870,0.096628,-0.270938,-0.957735
3571,-3.065257,0.289186,4.467517,-0.283184,0.697454,-0.658304
3572,-3.199190,0.155485,4.468253,0.875612,-0.089244,0.474699
3573,-3.201540,0.155287,4.463133,0.213803,-0.145324,-0.966007
