vertex_index,x,y,z,nx,ny,nz
0,2.244210,0.246384,3.341160,0.135006,-0.038786,-0.990085
1,2.245530,0.260934,3.340770,0.135006,-0.038786,-0.990085
2,2.253600,0.253282,3.350260,0.724629,-0.084073,-0.683992
3,0.935705,2.641300,4.688520,-0.004414,-0.534664,-0.845053
4,0.937494,2.655510,4.679520,-0.004414,-0.534664,-0.845053
5,0.942593,2.653130,4.692670,0.847865,-0.355749,-0.393152
6,0.928663,2.655120,4.695250,-0.852443,-0.198910,-0.483503
7,-2.248310,1.352350,4.508460,0.587026,-0.601204,-0.542175
8,-2.244550,1.344920,4.520770,0.587026,-0.601204,-0.542175
9,-2.258900,1.348750,4.520940,-0.235438,-0.862217,-0.448499
10,-2.760640,2.622830,4.462660,0.378442,-0.492416,-0.783778
11,-2.749550,2.617760,4.471200,0.378442,-0.492416,-0.783778
12,-2.761290,2.608610,4.471280,0.378442,-0.492416,-0.783778
13,-2.052880,2.440930,4.510610,0.728849,0.122124,-0.673695
14,-2.059770,2.431740,4.501490,0.009619,-0.455583,-0.890141
15,-2.067350,2.439620,4.511060,-0.784588,-0.001731,-0.620015
16,-2.059280,2.433240,4.521330,0.083146,-0.993854,0.073087
17,1.730920,0.062669,2.875020,-0.296040,-0.051477,-0.953788
18,1.718180,0.065496,2.884080,-0.584715,-0.038033,-0.810347
19,1.735980,0.091143,2.897640,-0.733790,0.554137,-0.393044
20,-1.033550,-0.093487,1.469880,0.077747,-0.030973,-0.996492
21,-1.041120,-0.083398,1.476390,-0.676191,-0.032443,-0.736011
22,-1.033810,-0.073549,1.469240,0.077747,-0.030973,-0.996492
23,-2.633110,2.541530,4.466970,0.257155,-0.622966,-0.738772
24,-2.631180,2.554990,4.474090,0.707285,0.248639,-0.661761
25,-2.633470,2.543130,4.483560,0.400253,-0.911302,0.096575
26,-2.645800,2.550420,4.473120,-0.587773,-0.327136,-0.739936
27,-1.377250,0.407956,4.596120,0.465707,0.050092,-0.883520
28,-1.373580,0.381464,4.600500,0.784369,-0.253947,-0.565929
29,-1.382910,0.379255,4.588560,0.499462,-0.157345,-0.851928
30,-0.858831,0.451045,4.635990,-0.289987,0.023620,-0.956739
31,-0.845203,0.453096,4.631910,0.532297,-0.406701,-0.742465
32,-0.853848,0.437692,4.634150,0.532297,-0.406701,-0.742465
33,-0.851241,0.446654,4.647370,0.871659,-0.468047,0.145402
34,1.440290,0.828724,2.823970,0.107808,0.038930,-0.993409
35,1.454670,0.826413,2.825440,0.107808,0.038930,-0.993409
36,1.439100,0.814157,2.823270,0.107808,0.038930,-0.993409
37,2.123860,0.865826,3.066780,-0.512570,-0.534388,-0.672087
38,2.138590,0.863595,3.057320,-0.512570,-0.534388,-0.672087
39,2.138570,0.863189,3.073840,-0.165028,-0.985986,-0.024432
40,1.150690,-0.050102,2.154420,-0.059550,-0.069693,-0.995789
41,1.137840,-0.040408,2.154510,-0.059550,-0.069693,-0.995789
42,1.151580,-0.032144,2.153110,-0.059550,-0.069693,-0.995789
43,1.758660,1.661360,4.784720,-0.306263,0.857220,-0.413977
44,1.756640,1.652690,4.773660,-0.439395,-0.026622,-0.897899
45,1.743910,1.652000,4.779910,-0.891984,-0.145061,-0.428162
46,0.763967,-0.064753,1.453960,0.303962,-0.029053,-0.952241
47,0.754292,-0.074858,1.451180,-0.466273,-0.028175,-0.884192
48,0.754260,-0.054872,1.450560,-0.466273,-0.028175,-0.884192
49,1.552050,0.837262,2.842310,-0.478114,-0.384264,-0.789777
50,1.559560,0.831767,2.854230,0.424057,-0.690809,-0.585626
51,1.545980,0.825618,2.851650,-0.478114,-0.384264,-0.789777
52,1.547550,0.838346,2.860670,-0.926287,0.287164,-0.243986
53,-0.849021,0.248904,4.632530,0.214839,-0.683628,-0.697493
54,-0.862768,0.238656,4.638340,0.214839,-0.683628,-0.697493
55,-0.862119,0.253515,4.637880,-0.381704,-0.011940,-0.924207
56,1.447390,0.043154,2.856300,-0.167517,-0.773269,-0.611550
57,1.439190,0.058802,2.858580,-0.793859,0.422473,-0.437384
58,1.443840,0.053128,2.844660,-0.280580,-0.006967,-0.959805
59,1.454960,0.057455,2.854920,0.537605,0.390477,-0.747334
60,1.956420,0.863875,3.050850,-0.712293,-0.147363,-0.686238
61,1.968010,0.868159,3.037900,-0.712293,-0.147363,-0.686238
62,1.964710,0.851978,3.044800,-0.712293,-0.147363,-0.686238
63,2.219930,0.757764,3.442300,-0.536253,0.089380,-0.839311
64,2.229820,0.750482,3.450050,0.181491,-0.590452,-0.786402
65,2.210380,0.748076,3.447370,-0.536253,0.089380,-0.839311
66,2.226530,0.552877,3.351420,-0.669453,-0.012384,-0.742752
67,2.235800,0.544769,3.343200,-0.669453,-0.012384,-0.742752
68,2.236060,0.544080,3.357500,-0.669933,-0.742047,-0.023573
69,2.246390,0.551568,3.351000,0.033704,0.730278,-0.682318
70,-1.662470,-0.043722,4.541790,0.653005,-0.650000,-0.388696
71,-1.666930,-0.039083,4.526540,0.514230,0.129999,-0.847743
72,-1.655850,-0.032568,4.534260,0.514230,0.129999,-0.847743
73,-0.558645,0.441167,4.656480,-0.010986,-0.835933,-0.548722
74,-0.550788,0.447687,4.646390,0.783848,-0.184007,-0.593064
75,-0.544409,0.440632,4.657010,0.783848,-0.184007,-0.593064
76,0.128119,0.439037,4.333990,0.464047,-0.057544,-0.883940
77,0.115067,0.433578,4.340830,0.075913,-0.844922,-0.529476
78,0.112672,0.442888,4.325630,0.464047,-0.057544,-0.883940
79,-2.835400,0.255518,4.484700,0.815547,-0.109895,-0.568161
80,-2.828560,0.230279,4.499400,0.731804,-0.018446,-0.681265
81,-2.837120,0.217471,4.496720,0.523719,-0.175592,-0.833598
82,-2.819540,0.218607,4.504590,0.411691,-0.085294,-0.907323
83,-1.652450,2.554950,4.518050,0.223384,-0.471890,-0.852889
84,-1.647100,2.543150,4.525980,0.223384,-0.471890,-0.852889
85,-1.661850,2.542620,4.522410,0.223384,-0.471890,-0.852889
86,0.459185,-0.074447,1.669600,-0.509951,0.035446,-0.859473
87,0.459726,-0.054540,1.670100,-0.509951,0.035446,-0.859473
88,0.468532,-0.064606,1.664460,-0.509951,0.035446,-0.859473
89,-2.249600,1.054670,4.540410,0.997879,0.051707,0.039547
90,-2.256160,1.047340,4.530150,-0.051731,-0.776707,-0.627734
91,-2.248810,1.054690,4.520450,0.408738,0.020207,-0.912428
92,-3.141840,0.174109,4.474990,0.707112,0.011533,-0.707007
93,-3.146860,0.155764,4.469670,0.707112,0.011533,-0.707007
94,-3.154600,0.167414,4.473450,-0.035172,0.287216,-0.957220
95,-3.145520,0.162051,4.483390,0.961777,-0.272103,0.030753
96,-1.392490,0.413960,4.595680,0.090663,0.158072,-0.983257
97,-0.764259,0.350021,4.653100,0.360141,0.932729,-0.017736
98,-0.754771,0.346171,4.643290,0.756124,0.208335,-0.620381
99,-0.764049,0.349560,4.633120,0.756124,0.208335,-0.620381
100,-1.281340,0.716712,4.585700,0.278316,-0.569470,-0.773462
101,-1.252880,0.725327,4.614970,0.952338,-0.081822,-0.293868
102,-1.276340,0.705037,4.596570,0.275105,-0.589380,-0.759571
103,-0.235520,0.598320,4.674320,-0.064921,-0.574830,-0.815693
104,-0.250538,0.601648,4.673170,-0.064921,-0.574830,-0.815693
105,-0.240175,0.610581,4.666050,-0.064921,-0.574830,-0.815693
106,-3.061770,0.147052,4.473200,0.754976,-0.259255,-0.602327
107,-3.052470,0.150553,4.483350,0.754976,-0.259255,-0.602327
108,-3.062260,0.147424,4.493170,0.327576,-0.944477,0.025631
109,-3.065000,0.157232,4.482920,0.392270,0.697285,-0.599931
110,-1.446120,0.036382,4.601490,0.649513,-0.706978,-0.279848
111,-1.448070,0.042104,4.582510,-0.094655,-0.354484,-0.930259
112,-1.438990,0.046191,4.593260,0.784863,-0.221548,-0.578712
113,0.092186,0.362098,4.633490,0.412282,-0.127599,-0.902077
114,0.098648,0.370034,4.643730,0.336435,0.629631,-0.700269
115,0.110330,0.361690,4.641840,0.412282,-0.127599,-0.902077
116,-2.646970,0.068359,4.525030,0.958486,0.257682,0.122082
117,-2.645330,0.071502,4.505520,0.461929,0.248900,-0.851276
118,-2.656320,0.074863,4.515210,-0.261342,0.780952,-0.567287
119,-3.063450,0.285016,4.481030,0.960473,-0.272258,0.058019
120,-3.062440,0.284349,4.461180,0.677339,0.425227,-0.600329
121,-3.060160,0.294468,4.470920,0.677339,0.425227,-0.600329
122,-2.452650,1.160910,4.507320,0.012178,0.784628,-0.619847
123,-2.447140,1.152340,4.496580,0.290141,0.072681,-0.954220
124,-2.456040,1.146300,4.507020,-0.448490,-0.552931,-0.702228
125,-3.067350,0.577937,4.481080,0.963389,-0.254655,-0.083866
126,-3.077100,0.574087,4.471560,0.439471,-0.893877,-0.088594
127,-3.068730,0.579214,4.461350,0.963389,-0.254655,-0.083866
128,-2.744400,0.251375,4.492800,0.475102,-0.331581,-0.815066
129,-2.740840,0.260970,4.504040,0.910984,0.326131,-0.252482
130,-2.745550,0.249093,4.512280,0.497144,-0.821591,-0.278992
131,-1.757520,1.347260,4.567260,0.822102,-0.555701,0.123874
132,-1.761760,1.338620,4.556640,0.129418,-0.777769,-0.615083
133,-1.754680,1.347050,4.547470,0.129418,-0.777769,-0.615083
134,-3.041080,0.042161,4.480300,0.265469,-0.355314,-0.896258
135,-3.053230,0.042017,4.489270,-0.159419,-0.959727,-0.231321
136,-3.054470,0.045677,4.474940,0.265469,-0.355314,-0.896258
137,-2.748080,0.055588,4.518820,0.963341,-0.267791,0.016205
138,-2.756260,0.052570,4.507570,-0.272023,-0.587607,-0.762051
139,-2.746780,0.059075,4.499170,0.411565,0.064810,-0.909073
140,-2.975830,0.740788,4.462480,0.373250,-0.014644,-0.927615
141,-2.984910,0.734503,4.472090,-0.261388,-0.675941,-0.689042
142,-2.981830,0.748447,4.472970,0.035668,0.816732,-0.575914
143,-2.975800,0.739522,4.482390,0.981303,-0.191983,-0.013686
144,-2.777280,0.270796,4.487820,0.049302,0.102862,-0.993473
145,-2.780620,0.261538,4.501570,-0.266080,-0.816646,-0.512144
146,-3.141830,0.741468,4.457220,0.930639,-0.108063,-0.349620
147,-3.140090,0.757100,4.457020,0.930639,-0.108063,-0.349620
148,-3.147640,0.750169,4.467910,0.843799,-0.087148,0.529537
149,-3.152530,1.157400,4.464860,0.850538,-0.479166,0.216760
150,-3.156220,1.145770,4.453630,0.505111,-0.567706,-0.650056
151,-3.147180,1.159550,4.448620,0.505111,-0.567706,-0.650056
152,-2.980090,0.380311,4.491310,0.867159,0.086819,-0.490405
153,-2.986520,0.370206,4.501170,0.900926,-0.194961,0.387715
154,-2.981290,0.365240,4.486520,0.867159,0.086819,-0.490405
155,-2.995090,0.376009,4.488480,0.188496,-0.011238,-0.982010
156,-2.969020,0.673447,4.465500,0.729191,0.355065,-0.584987
157,-2.979390,0.679287,4.474960,-0.169486,0.744700,-0.645520
158,-2.965560,0.682998,4.475610,0.729191,0.355065,-0.584987
159,-1.761430,1.237580,4.558540,0.009140,-0.394467,-0.918864
160,-1.748110,1.248860,4.553830,0.009140,-0.394467,-0.918864
161,-1.746940,1.235400,4.559620,0.009140,-0.394467,-0.918864
162,-1.563190,1.151680,4.575340,0.187157,-0.266474,-0.945497
163,-1.556030,1.156120,4.589360,0.897862,-0.081965,-0.432580
164,-1.571010,1.147120,4.590320,-0.318504,-0.847658,-0.424301
165,-2.972930,0.945144,4.459470,0.470616,-0.603430,-0.643734
166,-2.968210,0.949260,4.476250,0.963962,-0.026051,-0.264760
167,-2.970130,0.935433,4.470620,0.470616,-0.603430,-0.643734
168,-3.155470,0.272975,4.469900,-0.221551,0.937057,-0.269886
169,-3.139220,0.276866,4.470070,0.571431,0.596205,-0.563921
170,-3.146790,0.271116,4.456320,0.571431,0.596205,-0.563921
171,-2.270450,2.238630,4.477700,0.407169,-0.116160,-0.905936
172,-2.280300,2.243720,4.486910,-0.469861,0.457137,-0.755153
173,-2.266390,2.245800,4.490070,0.836059,0.308871,-0.453436
174,-2.277490,2.229580,4.487160,0.106610,-0.756909,-0.644766
175,-3.044320,0.955849,4.461790,0.835549,-0.096166,-0.540934
176,-3.042450,0.942453,4.467060,0.835549,-0.096166,-0.540934
177,-3.056960,0.942426,4.466590,0.030850,-0.362184,-0.931596
178,-1.745080,2.328000,4.529940,0.026059,-0.796317,-0.604318
179,-1.759430,2.332190,4.523800,0.026059,-0.796317,-0.604318
180,-1.749430,2.342480,4.528720,0.403910,0.044355,-0.913723
181,-1.753930,2.335320,4.541310,-0.376424,-0.884285,0.276307
182,-3.060820,0.365497,4.469830,0.982244,0.171496,-0.076070
183,-3.068550,0.371194,4.480520,0.560689,0.827268,-0.035437
184,-3.059240,0.365279,4.489740,0.982244,0.171496,-0.076070
185,-2.833500,0.640540,4.473440,0.825469,0.239996,-0.510885
186,-2.829590,0.650103,4.484250,0.825469,0.239996,-0.510885
187,-2.825300,0.636199,4.484650,0.825469,0.239996,-0.510885
188,-1.565910,0.959132,4.577040,0.387952,-0.741545,-0.547361
189,-1.563060,0.951603,4.589260,0.387952,-0.741545,-0.547361
190,-1.576160,0.949230,4.583190,0.387952,-0.741545,-0.547361
191,-2.983540,0.942257,4.470190,-0.361753,-0.746111,-0.558975
192,-2.969910,0.673300,4.485230,0.925584,-0.376534,0.038947
193,-3.155480,0.750847,4.452630,0.290748,-0.044591,-0.955760
194,-2.132530,2.342130,4.516550,0.085654,-0.989801,0.113828
195,-2.136490,2.347930,4.504190,-0.547319,-0.027828,-0.836461
196,-2.126240,2.340510,4.497730,0.324445,-0.458442,-0.827385
197,-2.123120,2.350150,4.508470,0.903361,0.153706,-0.400392
198,-1.666150,1.648280,4.551630,0.058919,-0.851763,-0.520604
199,-1.657160,1.654690,4.542160,0.058919,-0.851763,-0.520604
200,-1.652060,1.648020,4.553650,0.058919,-0.851763,-0.520604
201,-3.137270,0.659913,4.460420,0.569074,-0.495161,-0.656484
202,-3.148540,0.648671,4.459130,0.569074,-0.495161,-0.656484
203,-3.152320,0.665304,4.461530,-0.023789,0.137474,-0.990220
204,-2.246890,2.596410,4.494580,-0.202948,-0.702323,-0.682316
205,-2.257190,2.605060,4.488740,-0.202948,-0.702323,-0.682316
206,-2.239510,2.604080,4.484490,-0.202948,-0.702323,-0.682316
207,-2.046110,1.748850,4.512690,-0.082608,-0.258903,-0.962364
208,-2.041410,1.743220,4.527670,0.238265,-0.882132,-0.406292
209,-2.054050,1.753920,4.525640,-0.852374,0.000811,-0.522932
210,-3.146370,0.655686,4.473310,0.670773,-0.700426,0.243858
211,-2.841130,2.145330,4.447440,0.800611,-0.225908,-0.554966
212,-2.845870,2.153810,4.437150,0.800611,-0.225908,-0.554966
213,-2.847720,2.153380,4.457030,0.819851,0.565692,0.088530
214,-2.855090,2.147260,4.446180,-0.052135,-0.782318,-0.620694
215,-3.012060,2.612130,4.451630,0.507094,-0.672763,-0.538745
216,-3.015320,2.618160,4.467470,0.621893,-0.680721,0.387129
217,-3.024970,2.617830,4.456210,-0.492827,-0.680072,-0.542792
218,-2.543380,2.632770,4.467280,0.642866,0.330188,-0.691158
219,-2.537980,2.616500,4.464530,0.601540,-0.625594,-0.496772
220,-2.552890,2.620240,4.467960,-0.320567,-0.762196,-0.562401
221,-2.542880,2.623400,4.479690,0.689942,-0.548324,0.472569
222,-1.764470,1.352500,4.556110,-0.702414,-0.163594,-0.692714
223,-1.246890,-0.021317,4.563790,-0.731706,0.458269,-0.504575
224,-1.230840,-0.020907,4.563790,0.705819,0.492496,-0.509183
225,-1.238860,-0.023536,4.550130,-0.005507,0.147671,-0.989021
226,-3.063540,-0.019554,4.472510,0.253628,0.550703,-0.795235
227,-3.049240,-0.025562,4.472910,0.687769,-0.309088,-0.656839
228,-3.060310,-0.032492,4.464580,0.687769,-0.309088,-0.656839
229,-1.497990,0.239276,4.601140,-0.547278,-0.212355,-0.809563
230,-1.461060,0.242364,4.587900,-0.046750,0.010498,-0.998851
231,-1.463900,0.233324,4.602370,-0.085428,-0.939991,-0.330331
232,-1.051060,0.456088,4.628410,-0.232898,0.926130,-0.296719
233,-1.038250,0.457166,4.621720,0.432099,0.610424,-0.663832
234,-1.046630,0.451701,4.611240,0.432099,0.610424,-0.663832
235,2.242930,0.451646,3.248470,-0.343238,0.312763,-0.885645
236,2.228930,0.451488,3.253840,-0.901902,0.214238,-0.375067
237,2.235920,0.454259,3.266820,-0.808601,0.485934,0.331710
238,0.097031,1.424740,4.227390,0.682536,-0.602564,-0.413595
239,0.086740,1.412320,4.195410,0.094173,-0.326156,-0.940613
240,0.093533,1.438570,4.222110,0.214004,0.663477,-0.716938
241,0.128166,1.440560,4.229730,0.426694,-0.769461,-0.475249
242,-1.181340,0.703677,4.586700,0.449789,-0.534461,-0.715570
243,-1.174260,0.695912,4.596950,0.449789,-0.534461,-0.715570
244,-1.185860,0.698777,4.605470,-0.444823,-0.834575,-0.324988
245,-2.657430,2.621470,4.478010,0.734454,0.678518,0.013814
246,-2.650000,2.613650,4.467080,0.694630,0.042967,-0.718083
247,-2.658830,2.623370,4.459120,0.694630,0.042967,-0.718083
248,1.445280,1.654410,4.864920,-0.888320,0.439288,-0.133842
249,1.448260,1.654440,4.845240,-0.613322,-0.325369,-0.719702
250,1.442360,1.645300,4.854400,-0.613322,-0.325369,-0.719702
251,0.720038,2.566700,4.665860,-0.385442,-0.871420,-0.303417
252,0.734795,2.569310,4.666560,0.139113,-0.569219,-0.810332
253,0.734602,2.557020,4.675160,-0.385442,-0.871420,-0.303417
254,0.726225,2.568200,4.678820,-0.669694,-0.630338,0.392662
255,1.038360,2.642000,4.773840,0.025107,-0.999564,-0.015508
256,1.029140,2.641940,4.762780,-0.554716,-0.469829,-0.686696
257,1.040930,2.650140,4.761760,-0.004646,-0.116856,-0.993138
258,-1.939670,2.039410,4.521380,0.681082,-0.205901,-0.702661
259,-1.953590,2.041680,4.522520,-0.176105,-0.775279,-0.606571
260,-1.946560,2.048220,4.512120,0.681082,-0.205901,-0.702661
261,-1.548750,1.543990,4.587320,0.181965,-0.823000,-0.538107
262,-1.554570,1.551190,4.574340,0.181965,-0.823000,-0.538107
263,-1.547960,1.558380,4.585160,0.880249,-0.117339,-0.459776
264,-1.559830,1.554220,4.592530,-0.696773,-0.712497,-0.082801
265,-2.539400,2.448860,4.462370,0.124913,-0.503719,-0.854789
266,-2.525130,2.439960,4.469700,0.124913,-0.503719,-0.854789
267,-2.539310,2.436240,4.469820,0.124913,-0.503719,-0.854789
268,-1.513270,1.740990,4.596430,0.535076,-0.654922,-0.533638
269,-1.523580,1.729780,4.599850,0.535076,-0.654922,-0.533638
270,-1.526890,1.745650,4.597790,-0.151575,-0.158263,-0.975693
271,0.853881,1.645440,4.730150,0.191757,-0.754745,-0.627367
272,0.863666,1.639780,4.739950,0.191757,-0.754745,-0.627367
273,0.854826,1.646550,4.749950,-0.553093,-0.829922,0.072924
274,-2.744000,1.956600,4.456320,0.786807,0.030118,-0.616463
275,-2.743530,1.942070,4.456210,0.786807,0.030118,-0.616463
276,-2.751610,1.948880,4.446230,0.786807,0.030118,-0.616463
277,-2.464650,2.449870,4.458160,0.327677,-0.064874,-0.942560
278,-2.463590,2.449880,4.478070,0.984351,-0.168270,-0.052322
279,-2.472730,2.444210,4.468580,-0.274025,-0.739892,-0.614386
280,-2.744180,2.141670,4.446210,0.383591,-0.776402,-0.500057
281,-2.737690,2.137270,4.458020,0.383591,-0.776402,-0.500057
282,-2.747920,2.143300,4.465780,-0.523937,-0.851255,-0.029227
283,-3.145800,1.947580,4.427080,0.766760,-0.096978,-0.634566
284,-3.145790,1.947240,4.447070,0.703963,0.710140,0.011726
285,-3.138560,1.940240,4.436950,0.766760,-0.096978,-0.634566
286,-2.658600,2.160920,4.465660,0.000598,0.749491,-0.662015
287,-2.644470,2.162110,4.467020,0.815814,0.161774,-0.555226
288,-2.649520,2.153290,4.457030,0.815814,0.161774,-0.555226
289,-3.256420,2.446140,4.424520,0.338950,-0.009489,-0.940756
290,-3.244680,2.455050,4.428660,0.338950,-0.009489,-0.940756
291,-3.240510,2.440420,4.430310,0.338950,-0.009489,-0.940756
292,-2.665270,2.612390,4.468090,0.001031,-0.633024,-0.774132
293,-3.152760,2.349990,4.419870,0.969149,-0.060286,-0.238989
294,-3.158720,2.358900,4.429450,0.585487,0.742219,-0.326062
295,-3.148060,2.354190,4.437870,0.969149,-0.060286,-0.238989
296,-3.160510,2.345120,4.433140,0.578662,-0.814635,0.038987
297,-2.625580,2.343830,4.458650,0.320272,-0.683082,-0.656372
298,-2.617530,2.337390,4.469280,0.320272,-0.683082,-0.656372
299,-2.628180,2.342530,4.478190,-0.514034,-0.848634,-0.124857
300,-2.835360,2.425670,4.450830,0.445094,-0.711293,-0.544016
301,-2.847940,2.419190,4.449010,0.445094,-0.711293,-0.544016
302,-2.844130,2.428970,4.439340,0.445094,-0.711293,-0.544016
303,-2.189670,2.277090,4.507320,0.801073,-0.375979,0.465750
304,-2.190510,2.265130,4.499110,0.435896,-0.854759,-0.281748
305,-2.181810,2.272530,4.490120,0.435896,-0.854759,-0.281748
306,-2.196460,2.277010,4.493240,-0.330888,-0.546018,-0.769661
307,-2.470610,2.458400,4.468460,-0.021614,0.763820,-0.645068
308,-2.844980,1.847180,4.450650,0.803448,-0.040635,-0.593987
309,-2.851740,1.855310,4.440950,0.803448,-0.040635,-0.593987
310,-2.852790,1.853670,4.460800,0.706558,0.701208,0.095308
311,0.054190,-0.107503,0.434950,-0.663851,-0.145926,-0.733490
312,0.051744,-0.108015,0.450312,-0.646524,-0.752081,-0.127987
313,0.041167,-0.097992,0.444844,-0.663851,-0.145926,-0.733490
314,-2.969660,2.341690,4.427700,0.843793,-0.009479,-0.536585
315,-2.976110,2.349870,4.438940,0.349733,0.841524,-0.411734
316,-2.961820,2.344440,4.439980,0.843793,-0.009479,-0.536585
317,-2.978610,2.334840,4.437340,0.507655,-0.851155,-0.133496
318,-2.562140,2.551730,4.470370,0.010432,0.698689,-0.715349
319,-2.547930,2.552040,4.470880,0.790332,0.135325,-0.597547
320,-2.553310,2.542660,4.461640,0.790332,0.135325,-0.597547
321,-2.318350,2.604230,4.477540,0.712010,-0.516368,-0.475822
322,-2.330320,2.605100,4.485460,-0.020017,-0.996655,0.079229
323,-2.326700,2.603470,4.465870,0.712010,-0.516368,-0.475822
324,-2.454820,2.614320,4.475660,0.734252,0.657206,-0.170158
325,-2.448610,2.605000,4.466460,0.711404,-0.186053,-0.677709
326,-2.456680,2.611370,4.456240,0.711404,-0.186053,-0.677709
327,-2.141140,2.435630,4.509540,0.015745,-0.899876,0.435861
328,-2.148110,2.429410,4.496950,-0.419371,-0.876812,-0.235221
329,-2.132780,2.428230,4.493960,0.601249,-0.717653,-0.351388
330,-2.554060,2.544420,4.481210,0.827715,-0.555177,0.081650
331,-2.462990,2.604070,4.467980,-0.000948,-0.848986,-0.528414
332,2.510370,1.846310,4.750560,-0.698031,-0.149742,-0.700235
333,2.511480,1.844530,4.765350,-0.938350,-0.344471,0.028966
334,2.518560,1.857050,4.756940,-0.432032,0.680814,-0.591473
335,-2.256250,0.747639,4.544990,0.988700,-0.038299,0.144934
336,-2.253440,0.745743,4.525320,0.501843,-0.102420,-0.858873
337,-2.262030,0.754197,4.533400,0.013644,0.698082,-0.715888
338,-1.709950,2.533700,4.524660,0.190637,-0.784571,-0.590006
339,-1.721090,2.538220,4.515050,0.190637,-0.784571,-0.590006
340,-1.713470,2.547880,4.523080,0.670247,0.084222,-0.737343
341,1.359730,1.556970,4.834720,0.129382,-0.117624,-0.984594
342,1.365250,1.565140,4.848730,0.686711,0.476870,-0.548656
343,1.359440,1.549020,4.848970,0.193847,-0.858397,-0.474950
344,-0.650466,0.815774,4.660990,0.588721,-0.305283,-0.748472
345,-0.644465,0.804570,4.670280,0.588721,-0.305283,-0.748472
346,-0.658288,0.809474,4.671780,-0.317800,-0.700261,-0.639247
347,1.888420,1.749620,4.813340,-0.073348,-0.985734,0.151484
348,1.879380,1.750890,4.802210,-0.257736,-0.954091,-0.152585
349,1.890160,1.746480,4.793750,0.065316,-0.511186,-0.856985
350,2.245540,0.260569,3.268140,-0.641489,0.764052,0.068675
351,2.243730,0.260314,3.254070,-0.718417,0.106644,-0.687389
352,2.235030,0.252304,3.261920,-0.718417,0.106644,-0.687389
353,0.751373,-0.064567,1.460530,-0.957726,-0.010452,-0.287491
354,-0.746864,0.562081,4.641220,0.516344,-0.610332,-0.600736
355,-0.755506,0.556925,4.651250,0.641246,-0.748814,0.167574
356,-0.762046,0.549109,4.641350,0.516344,-0.610332,-0.600736
357,-0.761268,0.563557,4.640090,0.068686,-0.090344,-0.993539
358,-0.860519,1.449380,4.640110,0.631042,-0.055701,-0.773747
359,-0.864343,1.440180,4.653260,0.955840,-0.282750,0.080139
360,-0.865209,1.432780,4.637480,0.631042,-0.055701,-0.773747
361,0.757193,-0.059781,1.648870,-0.267517,-0.137420,-0.953703
362,0.743421,-0.059759,1.652730,-0.267517,-0.137420,-0.953703
363,0.751727,-0.048843,1.656780,-0.234554,0.489976,-0.839588
364,1.925890,1.768500,4.801000,-0.233402,0.742626,-0.627718
365,1.930140,1.759160,4.788370,0.013760,-0.177847,-0.983962
366,1.891540,1.758600,4.802060,0.113698,0.614736,-0.780495
367,1.069820,2.699420,4.804410,-0.432017,-0.591627,-0.680689
368,1.081450,2.711330,4.807940,0.639812,0.092769,-0.762912
369,1.097980,2.678720,4.810540,0.515476,-0.456085,-0.725445
370,2.638320,1.825760,4.831330,-0.352033,-0.306718,-0.884306
371,2.631700,1.825640,4.849080,-0.299529,-0.946748,-0.118112
372,2.623290,1.829950,4.835860,-0.352033,-0.306718,-0.884306
373,2.223240,0.648171,3.246430,-0.579185,-0.585146,-0.567582
374,2.233740,0.647342,3.236570,0.067015,-0.469334,-0.880474
375,2.243160,0.649348,3.247310,0.691729,-0.509789,-0.511494
376,-0.661395,-0.065857,1.543120,0.002074,0.559035,-0.829141
377,-0.653796,-0.076148,1.536200,0.008898,-0.051905,-0.998612
378,-0.667995,-0.076274,1.536080,0.008898,-0.051905,-0.998612
379,-0.518800,-0.027915,4.615140,0.520820,-0.356283,-0.775764
380,-0.527452,-0.016156,4.615420,-0.359856,-0.243343,-0.900715
381,-0.515680,-0.010246,4.609120,0.520820,-0.356283,-0.775764
382,-0.516143,-0.015031,4.624590,0.982778,-0.182786,-0.027131
383,0.172092,0.307472,3.509730,0.726562,0.415282,-0.547402
384,0.163581,0.304818,3.496420,0.024761,0.534845,-0.844587
385,0.162369,0.317365,3.504330,0.024761,0.534845,-0.844587
386,0.153188,0.306417,3.508510,-0.691775,0.336101,-0.639127
387,0.708829,2.207480,4.703130,-0.704793,-0.157489,-0.691711
388,0.722945,2.208760,4.703910,-0.009004,0.590884,-0.806706
389,0.717804,2.198060,4.696130,-0.704793,-0.157489,-0.691711
390,0.083118,1.429240,4.226470,-0.038577,0.875605,-0.481486
391,0.087342,1.439560,4.235970,-0.701740,0.616258,-0.357472
392,0.951130,-0.060153,1.428100,-0.485639,0.141527,-0.862627
393,0.954538,-0.053648,1.444330,-0.582582,0.789281,-0.193994
394,0.963585,-0.061365,1.435750,0.528068,0.142548,-0.837153
395,1.198440,-0.048781,2.402540,-0.309432,-0.664414,-0.680299
396,1.198230,-0.038362,2.392460,-0.237196,-0.000786,-0.971462
397,1.207860,-0.037201,2.403230,0.729525,0.146432,-0.668095
398,-1.660320,2.047170,4.532260,0.767210,-0.114928,-0.631016
399,-1.649890,2.047890,4.544810,0.767210,-0.114928,-0.631016
400,-1.665060,2.040750,4.547190,0.376947,-0.888316,-0.262308
401,-1.669450,2.343640,4.534970,-0.627443,0.189038,-0.755368
402,-1.660640,2.335880,4.525710,0.140978,-0.326313,-0.934690
403,-1.663810,2.334360,4.545250,-0.013845,-0.996716,-0.079780
404,1.346560,1.767240,4.842470,-0.066600,-0.995832,0.062310
405,1.339430,1.775020,4.832310,-0.773880,0.119392,-0.621977
406,1.345810,1.766050,4.822650,-0.060876,-0.446320,-0.892800
407,0.895639,-0.065591,1.295560,-0.364816,-0.100472,-0.925643
408,0.909584,-0.059935,1.289450,-0.364816,-0.100472,-0.925643
409,0.905719,-0.078054,1.292940,-0.364816,-0.100472,-0.925643
410,-3.086040,2.559700,4.431250,0.702897,-0.558599,-0.440344
411,-3.077300,2.561380,4.443070,0.702897,-0.558599,-0.440344
412,-3.086080,2.549520,4.444100,0.702897,-0.558599,-0.440344
413,-2.259100,2.562460,4.485580,0.353426,-0.050866,-0.934079
414,-2.245510,2.568190,4.490410,0.353426,-0.050866,-0.934079
415,-2.245440,2.552700,4.491280,0.353426,-0.050866,-0.934079
416,-1.863140,2.430060,4.512010,-0.170228,-0.800270,-0.574970
417,-1.853790,2.434990,4.502380,0.747545,-0.329183,-0.576902
418,-1.849410,2.426500,4.512900,0.747545,-0.329183,-0.576902
419,-1.959110,2.439850,4.500240,0.418665,-0.118940,-0.900318
420,-1.976530,2.398970,4.497540,0.726433,-0.339881,-0.597307
421,-1.990340,2.409900,4.493140,-0.176285,0.138532,-0.974542
422,-2.656030,1.846270,4.478500,0.003266,-0.999194,-0.040019
423,-2.660540,1.854270,4.467730,-0.638204,0.142411,-0.756581
424,-2.651930,1.847060,4.459110,0.190826,-0.362400,-0.912278
425,-2.646720,1.855070,4.470680,0.860547,0.145409,-0.488175
426,-3.056830,2.043000,4.454500,0.592778,-0.804600,-0.035118
427,-3.057970,2.043030,4.434570,0.725588,-0.017485,-0.687908
428,-3.048830,2.049350,4.444050,0.725588,-0.017485,-0.687908
429,-2.657470,2.250270,4.459240,0.097494,0.742532,-0.662678
430,-2.652800,2.242570,4.470340,0.977246,-0.162207,0.136669
431,-2.650200,2.241560,4.450550,0.479701,-0.106546,-0.870939
432,-3.015340,2.628900,4.454030,0.620008,0.228676,-0.750532
433,-2.828040,1.452280,4.465000,0.937892,0.112087,-0.328321
434,-2.824940,1.437530,4.468820,0.599317,-0.659236,-0.454123
435,-2.830330,1.442150,4.455000,0.599317,-0.659236,-0.454123
436,-3.131990,2.529340,4.432080,0.808984,-0.145739,-0.569478
437,-3.124250,2.536980,4.441120,0.808984,-0.145739,-0.569478
438,-3.123900,2.523410,4.445090,0.808984,-0.145739,-0.569478
439,-0.938911,-0.058354,1.939310,0.587197,0.578627,-0.566030
440,-0.937653,-0.069159,1.929570,0.486585,-0.085976,-0.869392
441,-0.949511,-0.068069,1.937770,-0.570860,-0.041552,-0.819995
442,-0.939675,-0.078213,1.940850,0.537992,-0.701846,-0.466880
443,-2.549520,2.052830,4.464090,0.809415,-0.093524,-0.579741
444,-2.543180,2.044720,4.474250,0.809415,-0.093524,-0.579741
445,-2.557500,2.044990,4.473100,0.036667,-0.769737,-0.637307
446,-2.649790,2.045760,4.453810,0.555449,-0.435602,-0.708327
447,-2.642020,2.038480,4.464380,0.555449,-0.435602,-0.708327
448,-2.658480,2.040860,4.467470,-0.209491,-0.870426,-0.445502
449,-2.647890,2.053990,4.466210,0.851989,0.366556,-0.373834
450,-3.140280,1.345480,4.447860,0.752344,-0.255255,-0.607309
451,-3.154500,1.347230,4.447490,-0.089765,-0.841906,-0.532106
452,-3.146430,1.352930,4.437110,0.752344,-0.255255,-0.607309
453,-3.145870,1.449140,4.433190,0.506982,-0.182938,-0.842320
454,-3.148210,1.451040,4.452680,0.963351,-0.229977,0.138081
455,-3.156110,1.445490,4.442290,-0.223251,-0.791637,-0.568744
456,-3.141640,0.957303,4.451600,0.411283,-0.589539,-0.695191
457,-3.152430,0.943962,4.456530,0.411283,-0.589539,-0.695191
458,-3.155790,0.958590,4.456440,-0.329187,-0.081401,-0.940750
459,-3.147650,0.953419,4.467950,0.795253,-0.586665,0.152958
460,-0.741815,-0.090234,1.438990,0.251134,-0.086519,-0.964078
461,-0.749638,-0.079308,1.443540,-0.525817,-0.022386,-0.850303
462,-0.740381,-0.070360,1.437580,0.251134,-0.086519,-0.964078
463,-0.736023,-0.080013,1.447460,0.872203,-0.096949,-0.479439
464,-3.057980,1.838060,4.444210,0.195007,-0.772006,-0.604961
465,-3.051260,1.847100,4.434840,0.826066,0.019401,-0.563239
466,-3.043930,1.840700,4.445370,0.826066,0.019401,-0.563239
467,-3.052870,1.846920,4.454710,0.609332,0.790897,0.056537
468,-3.234760,2.132450,4.423550,0.063033,-0.096513,-0.993334
469,-3.250300,2.130020,4.422800,0.063033,-0.096513,-0.993334
470,-3.247730,2.145490,4.421460,0.063033,-0.096513,-0.993334
471,-3.049750,1.154520,4.452640,0.238574,-0.451387,-0.859844
472,-3.037860,1.147070,4.459850,0.238574,-0.451387,-0.859844
473,-3.050860,1.148950,4.468580,-0.348891,-0.876874,-0.330706
474,-3.040790,1.161890,4.464380,0.633715,0.337981,-0.695827
475,-3.059710,0.861553,4.469900,0.097467,0.440920,-0.892239
476,-3.045260,0.860524,4.470970,0.675505,-0.258189,-0.690674
477,-3.057150,0.848623,4.463790,0.675505,-0.258189,-0.690674
478,-3.053900,0.854095,4.480940,0.670238,-0.734350,0.107294
479,-3.133650,1.835820,4.438230,0.845641,-0.021283,-0.533328
480,-3.140350,1.843000,4.427320,0.845641,-0.021283,-0.533328
481,-3.133640,1.850000,4.437680,0.845641,-0.021283,-0.533328
482,-2.946710,1.852270,4.447240,0.935211,0.173736,-0.308538
483,-2.945870,1.838780,4.442190,0.572768,-0.524413,-0.630022
484,-2.950960,1.846520,4.431120,0.572768,-0.524413,-0.630022
485,-2.653020,1.743900,4.473100,0.082827,-0.764451,-0.639339
486,-2.644510,1.751680,4.464900,0.082827,-0.764451,-0.639339
487,-2.648250,1.750940,4.484410,0.727899,-0.676160,0.113889
488,-3.149400,1.758340,4.426650,0.748628,-0.086187,-0.657364
489,-3.154040,1.767350,4.436800,0.189951,0.775744,-0.601781
490,-3.140170,1.763690,4.436460,0.748628,-0.086187,-0.657364
491,-3.148960,1.758200,4.446610,0.515156,-0.856920,-0.017367
492,-2.948170,1.931980,4.441690,0.804564,0.101921,-0.585055
493,-2.956320,1.937880,4.431510,0.804564,0.101921,-0.585055
494,-2.950180,1.946010,4.441370,0.804564,0.101921,-0.585055
495,-3.062840,2.051520,4.444860,0.086864,0.788222,-0.609230
496,-3.042310,2.145100,4.432240,0.768816,0.035738,-0.638470
497,-3.034090,2.150850,4.442460,0.768816,0.035738,-0.638470
498,-3.034390,2.136580,4.441300,0.768816,0.035738,-0.638470
499,-2.849530,1.945470,4.440400,0.753720,-0.281679,-0.593771
500,-2.842070,1.939630,4.452640,0.753720,-0.281679,-0.593771
501,-2.857530,1.938910,4.452600,0.042680,-0.891352,-0.451298
502,-2.849880,1.952000,4.457700,0.788238,0.580823,-0.203288
503,-2.982010,2.443380,4.420880,0.291915,-0.536292,-0.791945
504,-2.975430,2.434070,4.429610,0.291915,-0.536292,-0.791945
505,-2.987630,2.436600,4.436740,-0.438188,-0.759913,-0.480128
506,-2.842190,2.546600,4.441870,0.779536,-0.233896,-0.581047
507,-2.846390,2.552090,4.458590,0.819222,0.573207,0.017574
508,-2.836440,2.538040,4.453030,0.779536,-0.233896,-0.581047
509,-3.154570,2.242490,4.426670,0.746568,0.139601,-0.650498
510,-3.161050,2.249770,4.437310,0.003279,0.826232,-0.563320
511,-3.146620,2.249740,4.437350,0.746568,0.139601,-0.650498
512,-3.234230,2.498150,4.413680,0.380829,-0.607106,-0.697418
513,-3.238320,2.510300,4.400870,0.380829,-0.607106,-0.697418
514,-3.224590,2.509780,4.408820,0.380829,-0.607106,-0.697418
515,-3.266210,2.352600,4.428000,0.328460,-0.732907,-0.595786
516,-3.258720,2.362460,4.420000,0.328460,-0.732907,-0.595786
517,-3.252480,2.354770,4.432900,0.328460,-0.732907,-0.595786
518,-2.956580,2.245720,4.431730,0.023055,-0.690428,-0.723034
519,-2.957180,2.259870,4.433180,-0.702295,0.043037,-0.710584
520,-2.948030,2.254310,4.423800,0.023055,-0.690428,-0.723034
521,-2.950990,2.252170,4.443440,0.723868,-0.689100,0.034011
522,-3.303730,2.325070,4.433900,-0.295304,-0.954491,0.041749
523,-3.310440,2.326510,4.419360,-0.149971,-0.571947,-0.806464
524,-3.293490,2.321290,4.419910,-0.149971,-0.571947,-0.806464
525,-3.154630,2.240530,4.446340,0.719742,-0.691034,-0.066662
526,-2.736180,2.452780,4.449480,0.138128,-0.979002,-0.149919
527,-2.731140,2.459140,4.461170,0.805038,-0.592713,-0.024614
528,-2.737980,2.449520,4.469110,0.138128,-0.979002,-0.149919
529,-2.745200,2.457550,4.459620,-0.612996,-0.768405,-0.183820
530,-2.850980,2.539940,4.451640,-0.048523,-0.804451,-0.592033
531,-3.241830,1.771380,4.427030,-0.222317,-0.405027,-0.886864
532,-3.226270,1.777050,4.420540,0.667147,-0.414200,-0.619156
533,-3.228490,1.763160,4.427440,0.667147,-0.414200,-0.619156
534,-2.757300,2.238330,4.458510,-0.116328,-0.810762,-0.573700
535,-2.750280,2.244880,4.447830,0.346474,-0.059381,-0.936178
536,-2.749730,2.246300,4.467750,0.999427,0.017701,-0.028856
537,-2.551130,2.051890,4.483970,0.726030,0.681611,0.091027
538,-2.543860,2.141490,4.472820,0.218249,-0.756015,-0.617096
539,-2.549540,2.149180,4.461390,0.218249,-0.756015,-0.617096
540,-2.543650,2.156050,4.472790,0.891707,-0.013793,-0.452403
541,-1.553790,2.136670,4.568040,0.504860,-0.633281,-0.586576
542,-1.568990,2.129480,4.562720,0.504860,-0.633281,-0.586576
543,-1.566540,2.143210,4.566350,0.233291,0.209427,-0.949587
544,-1.566340,2.136060,4.578870,0.314137,-0.896104,0.313554
545,-2.140880,1.739930,4.517920,0.271340,-0.809310,-0.520954
546,-2.146420,1.745900,4.505760,0.271340,-0.809310,-0.520954
547,-2.141460,1.754130,4.516350,0.908267,-0.009149,-0.418291
548,-2.048460,1.456710,4.524690,0.404919,-0.093698,-0.909539
549,-2.049060,1.458640,4.544550,0.999450,-0.011033,0.031267
550,-2.056540,1.450530,4.535080,-0.107483,-0.815520,-0.568660
551,-1.557240,1.736600,4.581670,0.098994,-0.810080,-0.577902
552,-1.555770,1.745590,4.569320,0.098994,-0.810080,-0.577902
553,-1.551660,1.749880,4.582470,0.913007,-0.373783,-0.163416
554,-1.565570,1.748700,4.586080,-0.816465,-0.416231,-0.400172
555,-2.153660,1.657620,4.512630,0.477005,-0.048194,-0.877578
556,-2.140840,1.660320,4.519450,0.477005,-0.048194,-0.877578
557,-2.141300,1.645570,4.520010,0.477005,-0.048194,-0.877578
558,-0.855320,1.352570,4.644970,0.559402,0.114934,-0.820889
559,-0.848910,1.339870,4.647560,0.528550,-0.698775,-0.482026
560,-0.860400,1.336870,4.639310,0.528550,-0.698775,-0.482026
561,-1.251060,0.619087,4.593730,-0.235355,0.061015,-0.969992
562,-1.241490,0.587324,4.589410,-0.104910,-0.035863,-0.993835
563,-1.247590,0.588156,4.605260,-0.932837,0.016948,-0.359900
564,-1.248690,0.545846,4.607300,0.380215,-0.017539,-0.924732
565,-1.260400,0.545948,4.597690,0.626956,0.160929,-0.762252
566,-1.255790,0.558539,4.604140,-0.262768,-0.160248,-0.951459
567,0.119906,1.439430,4.242530,0.431706,-0.879345,0.200956
568,-1.750320,2.147220,4.527790,0.063819,-0.641241,-0.764681
569,-1.745120,2.158160,4.519050,0.063819,-0.641241,-0.764681
570,-1.735880,2.149790,4.526840,0.063819,-0.641241,-0.764681
571,-2.460640,1.368380,4.498980,0.583222,0.071767,-0.809137
572,-2.460020,1.353420,4.498100,0.174464,-0.525505,-0.832711
573,-2.466280,1.360990,4.486760,0.309514,-0.703090,-0.640207
574,-2.430580,1.358110,4.502720,0.839948,0.226757,-0.493020
575,-3.042580,1.039280,4.466790,0.883512,0.166785,-0.437709
576,-3.049280,1.045510,4.455640,0.883512,0.166785,-0.437709
577,-3.045120,1.053470,4.467070,0.883512,0.166785,-0.437709
578,-1.350720,-0.033695,4.549820,-0.084661,0.110899,-0.990219
579,-1.349190,-0.044235,4.559380,-0.006457,-0.672308,-0.740243
580,-1.357560,-0.031289,4.564280,-0.789324,0.424146,-0.443923
581,-1.639640,0.650032,4.573240,0.806516,0.008137,-0.591156
582,-1.647380,0.655822,4.562760,0.806516,0.008137,-0.591156
583,-1.640260,0.664262,4.572590,0.806516,0.008137,-0.591156
584,-1.339430,0.239101,4.608830,0.857316,-0.054266,-0.511922
585,-1.346360,0.243387,4.596770,0.857316,-0.054266,-0.511922
586,-1.340450,0.253174,4.605630,0.857316,-0.054266,-0.511922
587,-1.238280,0.050163,4.601220,-0.025542,-0.493229,-0.869525
588,-1.238250,0.037468,4.608420,-0.025542,-0.493229,-0.869525
589,-1.251630,0.042692,4.605850,-0.025542,-0.493229,-0.869525
590,-1.043250,0.243727,4.626990,0.757707,-0.258221,-0.599335
591,-1.057050,0.246727,4.626160,-0.133149,-0.781221,-0.609889
592,-1.048360,0.252639,4.616690,0.757707,-0.258221,-0.599335
593,-1.049560,0.252628,4.636620,0.839889,0.540370,0.050869
594,-0.943503,0.140346,4.627050,0.032535,0.494791,-0.868403
595,-0.955827,0.152231,4.633360,0.032535,0.494791,-0.868403
596,-0.941217,0.152885,4.634280,0.032535,0.494791,-0.868403
597,-0.664228,0.045446,4.643230,0.655465,-0.024146,-0.754840
598,-0.652527,0.058280,4.652980,0.655465,-0.024146,-0.754840
599,-0.660028,0.046807,4.656730,0.792747,-0.579782,-0.188165
600,-0.667130,0.057676,4.650950,0.092984,0.547153,-0.831852
601,-1.329500,0.432534,4.595990,0.614483,0.327250,-0.717856
602,-1.342360,0.437596,4.600950,-0.294845,0.171953,-0.939946
603,-1.333390,0.449205,4.600260,0.614483,0.327250,-0.717856
604,-1.048430,0.352710,4.626380,0.337585,0.150163,-0.929240
605,-1.039790,0.336009,4.626820,0.337585,0.150163,-0.929240
606,-1.054960,0.338615,4.621730,0.337585,0.150163,-0.929240
607,-1.530530,0.139519,4.614580,0.984446,-0.009046,0.175457
608,-1.536540,0.132836,4.602990,0.002718,-0.717131,-0.696933
609,-1.527030,0.140637,4.595000,0.542396,0.048267,-0.838735
610,-1.247740,0.248476,4.602220,0.810033,0.043726,-0.584751
611,-1.240620,0.255389,4.612600,0.810033,0.043726,-0.584751
612,-1.240320,0.241139,4.611950,0.810033,0.043726,-0.584751
613,-1.848450,0.144663,4.590440,0.800894,0.587945,0.113531
614,-1.841620,0.137296,4.580410,0.812483,-0.144120,-0.564890
615,-1.846800,0.146231,4.570680,0.812483,-0.144120,-0.564890
616,-1.377920,0.424275,4.597460,0.061887,0.084204,-0.994525
617,-1.259280,0.347980,4.600730,0.575830,-0.039170,-0.816631
618,-1.247960,0.351567,4.608540,0.575830,-0.039170,-0.816631
619,-1.247320,0.337417,4.609670,0.575830,-0.039170,-0.816631
620,-1.440740,0.557895,4.596980,0.830249,0.005327,-0.557367
621,-1.449000,0.553085,4.584630,0.830249,0.005327,-0.557367
622,-1.454600,0.561039,4.595160,0.253528,0.831927,-0.493580
623,-1.063270,0.148324,4.619000,-0.120821,-0.272116,-0.954649
624,-1.051350,0.137313,4.620630,-0.120821,-0.272116,-0.954649
625,-1.065150,0.134810,4.623090,-0.120821,-0.272116,-0.954649
626,-1.507400,0.239713,4.612030,-0.167352,-0.980261,-0.105272
627,-1.897440,-0.036830,4.556960,0.717580,0.205910,-0.665342
628,-1.908070,-0.046202,4.557300,0.498178,-0.588155,-0.637097
629,-1.907300,-0.034457,4.547060,0.717580,0.205910,-0.665342
630,-1.907120,-0.029671,4.564440,0.449405,0.860065,-0.241504
631,-2.439360,0.951537,4.514530,0.809088,0.011098,-0.587583
632,-2.446270,0.943326,4.504860,0.809088,0.011098,-0.587583
633,-2.453560,0.952042,4.513470,0.076551,0.732379,-0.676580
634,-2.447680,0.945484,4.524670,0.680126,-0.722000,0.127060
635,-3.074330,0.587955,4.472270,0.829198,0.558527,-0.021848
636,-2.530330,0.282531,4.524310,0.757296,-0.009175,-0.653007
637,-2.544610,0.269599,4.527850,0.674845,-0.737412,0.028412
638,-2.538810,0.274396,4.514590,0.757296,-0.009175,-0.653007
639,-1.452260,0.549670,4.603560,0.560163,-0.826706,-0.052671
640,-1.358760,0.547875,4.589880,0.218232,-0.098299,-0.970933
641,-1.334620,0.551291,4.594960,0.218232,-0.098299,-0.970933
642,-1.338770,0.544492,4.610780,0.201776,-0.917940,-0.341574
643,-1.151940,0.621307,4.600710,0.351651,-0.150640,-0.923931
644,-1.160890,0.614431,4.613810,-0.129722,-0.838733,-0.528866
645,-1.161020,0.629260,4.610100,-0.299620,0.565318,-0.768533
646,-1.147620,0.625239,4.616270,0.956565,0.069453,-0.283126
647,-1.206890,0.632797,4.590640,0.638063,0.150935,-0.755046
648,-1.233320,0.596435,4.601160,0.484203,-0.133592,-0.864697
649,-1.234380,0.581022,4.601610,0.521353,-0.181302,-0.833859
650,-1.029910,0.622090,4.609640,0.512527,-0.587680,-0.626057
651,-1.021480,0.617958,4.620420,0.512527,-0.587680,-0.626057
652,-1.032390,0.620261,4.629370,-0.302491,-0.944839,-0.125610
653,-1.027460,0.630936,4.620870,0.793356,0.381998,-0.473987
654,-1.332470,0.607615,4.611310,0.969042,-0.155796,0.191536
655,-1.328890,0.605823,4.591740,0.638958,-0.388611,-0.663863
656,-1.328950,0.616748,4.600930,0.927123,0.244209,-0.284261
657,-1.244820,0.452318,4.606040,0.802460,0.108740,-0.586714
658,-1.251140,0.444408,4.595930,0.802460,0.108740,-0.586714
659,-1.258970,0.451879,4.605110,0.016643,0.782403,-0.622551
660,-1.252470,0.445282,4.615860,0.727547,-0.681559,0.078441
661,-1.254280,0.742497,4.607160,0.951777,-0.059310,-0.301003
662,-1.255430,0.739150,4.622910,0.987182,0.125400,0.098728
663,-1.222700,-0.002824,4.588440,-0.436514,-0.174863,-0.882541
664,-1.227890,-0.003754,4.605240,-0.516297,-0.831380,-0.205535
665,-1.236470,0.004398,4.593820,-0.436514,-0.174863,-0.882541
666,-2.752640,0.066081,4.510210,0.126531,0.866564,-0.482760
667,-1.464340,0.250617,4.602520,-0.029438,0.426837,-0.903849
668,-1.158050,0.253766,4.618740,-0.583740,0.308175,-0.751183
669,-1.142540,0.251294,4.620240,0.685045,0.311851,-0.658378
670,-1.150370,0.246010,4.609590,-0.074514,-0.134186,-0.988151
671,-1.148790,0.236807,4.620340,-0.000593,-0.759693,-0.650281
672,-2.814730,0.465790,4.495000,0.530976,-0.644836,-0.549774
673,-2.824940,0.506054,4.493310,0.468397,0.081850,-0.879718
674,-2.815360,0.479367,4.504220,0.991076,-0.029419,-0.130012
675,-1.041010,-0.080028,1.856830,0.163504,-0.744097,-0.647754
676,-1.047830,-0.070732,1.844430,0.249031,0.085184,-0.964742
677,-1.033590,-0.070797,1.848100,0.249031,0.085184,-0.964742
678,-1.040290,-0.063225,1.858790,0.136453,0.846702,-0.514273
679,-2.843130,0.169322,4.501880,-0.262445,0.794162,-0.548115
680,-2.869060,0.143269,4.487960,-0.099034,0.089366,-0.991063
681,-2.875000,0.147073,4.501150,-0.506730,0.740345,-0.441717
682,-3.045770,0.431616,4.479070,0.749045,-0.371499,-0.548563
683,-3.050080,0.440158,4.467400,0.749045,-0.371499,-0.548563
684,-3.040700,0.444777,4.477080,0.749045,-0.371499,-0.548563
685,-2.859940,-0.004182,4.488750,0.000065,0.875158,-0.483836
686,-2.845720,-0.005056,4.487170,0.717662,0.247858,-0.650790
687,-2.853330,-0.010932,4.476540,0.717662,0.247858,-0.650790
688,-2.851470,-0.015109,4.495610,0.763294,-0.611518,-0.208392
689,-2.833390,0.162640,4.493310,0.581047,-0.116695,-0.805461
690,-2.860680,0.137327,4.498830,0.607667,-0.733615,-0.304221
691,-2.937260,0.052607,4.486680,0.782913,-0.034577,-0.621169
692,-2.951450,0.051191,4.486240,0.098229,-0.800480,-0.591255
693,-2.945200,0.059299,4.476300,0.782913,-0.034577,-0.621169
694,-2.945860,0.059719,4.496220,0.640610,0.767850,0.005055
695,-3.138330,0.049215,4.467320,0.952213,0.038078,-0.303052
696,-3.136630,0.034957,4.470870,0.952213,0.038078,-0.303052
697,-3.150270,0.036682,4.465400,0.345037,-0.187821,-0.919605
698,-3.145480,0.041125,4.480980,0.797781,0.233521,0.555890
699,-3.059800,-0.030001,4.483350,0.470681,-0.876212,0.103499
700,-2.923050,-0.011404,4.484140,-0.127226,0.173696,-0.976547
701,-2.906860,-0.004492,4.483260,0.741981,-0.071808,-0.666564
702,-2.910260,-0.019295,4.481070,0.741981,-0.071808,-0.666564
703,-2.913120,-0.015383,4.495630,0.934588,-0.251832,0.251248
704,-2.441060,0.345327,4.527270,0.779799,-0.092506,-0.619158
705,-2.455410,0.345573,4.526680,0.012941,-0.771295,-0.636346
706,-2.448070,0.353501,4.517220,0.779799,-0.092506,-0.619158
707,-2.448890,0.352989,4.537120,0.728554,0.683333,0.047602
708,-2.651700,0.061458,4.513440,0.156624,-0.670862,-0.724854
709,-2.545950,0.449713,4.506160,0.805044,-0.138311,-0.576866
710,-2.539320,0.442925,4.517040,0.805044,-0.138311,-0.576866
711,-2.553580,0.442786,4.516070,0.045453,-0.834868,-0.548570
712,-2.551690,0.455294,4.522720,0.708897,0.705267,0.008030
713,-2.052000,0.942279,4.547310,-0.077443,-0.781000,-0.619711
714,-2.053400,0.956618,4.547210,-0.204196,0.736959,-0.644357
715,-2.045450,0.949850,4.536950,0.340722,0.020202,-0.939947
716,-2.150000,0.949249,4.548350,0.762742,0.646701,-0.001741
717,-2.142350,0.940204,4.540060,0.814934,-0.215785,-0.537884
718,-2.148100,0.946955,4.528640,0.814934,-0.215785,-0.537884
719,-3.127790,0.335164,4.469760,0.354228,-0.108717,-0.928818
720,-3.140320,0.345257,4.463800,0.354228,-0.108717,-0.928818
721,-3.126090,0.351126,4.468540,0.354228,-0.108717,-0.928818
722,-2.750190,0.156101,4.497420,0.532996,-0.007390,-0.846085
723,-2.759260,0.149560,4.506080,-0.031390,-0.781481,-0.623138
724,-2.759940,0.163687,4.505950,-0.011631,0.740556,-0.671894
725,-2.753190,0.156141,4.517030,0.988400,-0.013889,0.151237
726,-2.939330,0.130032,4.487640,0.765860,0.008040,-0.642957
727,-2.954230,0.133171,4.487120,-0.061574,-0.440635,-0.895572
728,-2.944770,0.143617,4.481330,0.765860,0.008040,-0.642957
729,-2.946530,0.138214,4.499260,0.865902,0.449079,0.220321
730,-2.982880,0.411029,4.479860,0.868475,-0.101952,-0.485137
731,-2.987330,0.409926,4.499220,0.957746,0.172714,0.229983
732,-2.819420,0.464609,4.510180,0.445117,-0.892882,0.068057
733,-2.642000,0.841072,4.516690,0.983191,0.101953,0.151464
734,-2.638670,0.836755,4.497980,0.571303,0.429947,-0.699112
735,-2.641110,0.850599,4.504500,0.571303,0.429947,-0.699112
736,-3.144540,0.261214,4.467580,0.889293,-0.240367,-0.389079
737,-2.829190,0.170965,4.504020,0.835661,0.223726,-0.501615
738,-3.066080,0.357068,4.480170,0.805223,-0.588784,-0.070347
739,-3.128150,0.533613,4.467650,0.706416,0.402737,-0.582048
740,-3.143290,0.532830,4.465670,0.136611,-0.176600,-0.974756
741,-3.139420,0.547470,4.463560,0.706416,0.402737,-0.582048
742,-3.063810,0.741801,4.467300,0.233125,-0.733210,-0.638792
743,-3.064490,0.756688,4.467300,-0.408278,-0.018649,-0.912667
744,-3.052210,0.750159,4.461940,0.233125,-0.733210,-0.638792
745,-3.060180,0.749792,4.479790,0.642102,-0.716759,0.271961
746,-3.199920,0.661900,4.453450,0.657346,0.336373,-0.674351
747,-3.192370,0.648549,4.454150,0.657346,0.336373,-0.674351
748,-3.203740,0.650420,4.444000,0.657346,0.336373,-0.674351
749,-1.745960,1.151800,4.558830,0.567481,-0.338794,-0.750456
750,-1.759610,1.139480,4.554070,0.567481,-0.338794,-0.750456
751,-1.760480,1.153170,4.559020,0.019884,0.341083,-0.939823
752,-1.755550,1.143830,4.569080,0.662254,-0.748329,0.037740
753,-2.732520,0.449779,4.496460,0.807092,-0.082422,-0.584644
754,-2.740740,0.461474,4.502650,0.092434,0.178708,-0.979551
755,-2.725990,0.460806,4.503920,0.807092,-0.082422,-0.584644
756,-2.733880,0.455062,4.515070,0.762545,-0.605565,0.227633
757,-3.137400,0.538827,4.478440,0.700825,0.654033,0.284754
758,-2.979180,0.841827,4.469880,-0.248142,-0.720813,-0.647189
759,-2.970550,0.847709,4.460020,0.370166,-0.046964,-0.927778
760,-2.970540,0.847279,4.479980,0.984080,-0.177674,-0.004321
761,-2.772710,0.276204,4.504440,0.394905,0.836149,-0.380663
762,-3.135180,0.457993,4.454260,0.741488,-0.066353,-0.667677
763,-3.140010,0.467257,4.464200,0.140887,0.757466,-0.637493
764,-3.125870,0.464425,4.463960,0.741488,-0.066353,-0.667677
765,-3.134800,0.458178,4.474120,0.570712,-0.821144,-0.003271
766,-3.053740,0.056562,4.485070,0.428077,0.600145,-0.675705
767,-2.253470,0.350367,4.532290,0.800856,-0.123891,-0.585902
768,-2.246360,0.344212,4.543310,0.800856,-0.123891,-0.585902
769,-2.260760,0.342629,4.542880,0.108008,-0.836651,-0.536981
770,-2.754580,0.255705,4.502610,-0.180253,-0.882242,-0.434922
771,-0.669919,-0.089578,1.449280,0.606808,-0.078706,-0.790942
772,-0.677757,-0.079561,1.442270,0.606808,-0.078706,-0.790942
773,-0.668830,-0.069726,1.448140,0.606808,-0.078706,-0.790942
774,-2.831170,0.264149,4.497370,0.936261,0.051318,-0.347538
775,-2.254310,0.352700,4.551950,0.700489,0.711578,-0.054512
776,-2.440410,0.642463,4.510080,0.737577,-0.361631,-0.570265
777,-2.436000,0.634411,4.520890,0.737577,-0.361631,-0.570265
778,-2.449740,0.637819,4.520110,-0.173219,-0.822394,-0.541907
779,-2.819690,0.071115,4.513530,0.936994,0.190321,0.292952
780,-2.813440,0.065035,4.497490,0.705311,0.295579,-0.644337
781,-2.817530,0.080876,4.500280,0.705311,0.295579,-0.644337
782,-2.836420,0.162722,4.513040,0.752518,-0.647866,0.118259
783,-1.434620,0.250437,4.597750,0.758884,0.499910,-0.417355
784,-1.509200,0.248011,4.598800,0.262186,0.078821,-0.961793
785,-1.370840,0.024868,4.584420,0.718514,-0.122755,-0.684594
786,-1.358720,0.027548,4.596660,0.718514,-0.122755,-0.684594
787,-1.364550,0.014337,4.592910,0.718514,-0.122755,-0.684594
788,-0.553275,-0.085761,1.556400,-0.252378,-0.440065,-0.861770
789,-0.561264,-0.072641,1.552040,-0.057493,0.554891,-0.829934
790,-0.545859,-0.075562,1.549020,-0.057493,0.554891,-0.829934
791,-0.533244,-0.073398,1.627010,0.023325,-0.051099,-0.998421
792,-0.547647,-0.073720,1.626690,0.023325,-0.051099,-0.998421
793,-0.540944,-0.063212,1.633920,0.005721,0.564339,-0.825523
794,-0.540520,-0.083135,1.634950,0.031391,-0.645640,-0.762997
795,-0.742921,-0.072980,2.116350,0.011854,-0.465379,-0.885032
796,-0.749648,-0.061437,2.110190,0.046956,0.178728,-0.982777
797,-0.735268,-0.062136,2.110750,0.046956,0.178728,-0.982777
798,-0.742109,-0.053409,2.119950,0.062071,0.746758,-0.662193
799,-0.741364,-0.079610,1.835900,-0.242639,-0.616638,-0.748922
800,-0.751146,-0.070174,1.831300,-0.336649,-0.034630,-0.940993
801,-0.737816,-0.069601,1.826510,-0.336649,-0.034630,-0.940993
802,-0.742357,-0.059647,1.835520,-0.301231,0.560692,-0.771287
803,-0.853118,-0.067027,1.654690,0.567100,0.619512,-0.542773
804,-0.853973,-0.075987,1.643570,0.328018,-0.064218,-0.942486
805,-0.866928,-0.075318,1.649610,-0.424019,-0.044095,-0.904579
806,0.197161,0.435028,2.916160,-0.599498,-0.404957,-0.690371
807,0.208262,0.434193,2.907010,0.075467,-0.338419,-0.937964
808,0.216733,0.432705,2.918570,0.637314,-0.551687,-0.538027
809,0.143964,0.456637,3.521600,-0.598076,-0.258585,-0.758577
810,0.154955,0.462488,3.510940,0.220598,-0.316267,-0.922666
811,0.154929,0.448379,3.515770,0.220598,-0.316267,-0.922666
812,0.108501,0.533608,4.457950,-0.031891,0.345719,-0.937796
813,0.110175,0.547027,4.462840,-0.031891,0.345719,-0.937796
814,0.119497,0.537299,4.467850,0.617612,0.200122,-0.760597
815,0.341483,-0.083636,0.548741,-0.511537,0.668936,-0.539310
816,0.349095,-0.094710,0.542519,0.048387,0.514328,-0.856228
817,0.334635,-0.094395,0.541891,-0.511537,0.668936,-0.539310
818,-0.661227,-0.085794,1.544160,0.012144,-0.641979,-0.766626
819,-0.745574,-0.051236,2.242560,0.347788,0.574707,-0.740780
820,-0.734650,-0.060399,2.240580,0.347788,0.574707,-0.740780
821,-0.743729,-0.070717,2.244860,-0.288433,-0.139162,-0.947333
822,-0.340968,-0.091167,0.955544,0.995139,0.078091,-0.059998
823,-0.341906,-0.090415,0.940965,0.622267,0.090576,-0.777547
824,-0.352946,-0.082872,0.946934,0.096139,0.700407,-0.707239
825,-0.351834,-0.100237,0.945316,0.196331,-0.556169,-0.807546
826,-0.740809,-0.086573,1.541690,0.619746,-0.681640,-0.388951
827,-0.734701,-0.076335,1.533480,0.665746,0.298502,-0.683870
828,-0.739955,-0.075347,1.550770,0.762074,0.617017,0.196299
829,-0.840300,-0.051629,2.280130,0.160425,0.503499,-0.848972
830,-0.833178,-0.064019,2.286910,0.887779,0.341331,-0.308776
831,-0.837475,-0.066439,2.271880,0.160425,0.503499,-0.848972
832,-0.781160,-0.018142,4.575530,0.093516,0.352107,-0.931276
833,-0.759457,-0.008559,4.599610,0.784557,0.321049,-0.530470
834,-0.782860,-0.034102,4.583580,0.051837,-0.730579,-0.680858
835,-0.035090,0.613773,4.678790,0.469364,-0.598502,-0.649224
836,-0.024068,0.611623,4.688740,0.469364,-0.598502,-0.649224
837,-0.035060,0.614181,4.698630,-0.209154,-0.977669,0.020418
838,0.458826,0.643111,2.819460,0.039800,-0.761556,-0.646876
839,0.451589,0.651125,2.809580,0.039800,-0.761556,-0.646876
840,0.459714,0.657254,2.819440,0.785859,-0.050214,-0.616364
841,0.451858,0.651140,2.829530,-0.748588,-0.662950,0.010592
842,0.442243,-0.052535,1.748220,-0.265928,0.095318,-0.959269
843,0.451572,-0.063140,1.744580,-0.265928,0.095318,-0.959269
844,0.440476,-0.072359,1.746740,-0.265928,0.095318,-0.959269
845,-0.451917,0.358063,4.656440,0.261015,-0.725906,-0.636342
846,-0.445919,0.350761,4.667230,0.261015,-0.725906,-0.636342
847,-0.455189,0.357113,4.676140,-0.649765,-0.746387,-0.143914
848,-0.622706,-0.024517,4.582870,0.472686,0.038318,-0.880398
849,-0.634233,-0.031207,4.576390,0.472686,0.038318,-0.880398
850,-0.633596,-0.016088,4.577390,0.472686,0.038318,-0.880398
851,-0.655072,0.165677,4.645000,0.313075,0.625790,-0.714402
852,-0.661623,0.176957,4.652010,0.313075,0.625790,-0.714402
853,-0.648043,0.173371,4.654820,0.313075,0.625790,-0.714402
854,-0.467155,0.031686,4.655710,-0.353770,-0.568895,-0.742432
855,-0.461053,0.043487,4.643760,0.423035,-0.176750,-0.888708
856,-0.454225,0.032024,4.649290,0.423035,-0.176750,-0.888708
857,-0.454438,0.042354,4.659380,0.870465,0.353012,-0.343037
858,-0.367031,0.148574,4.671970,-0.247954,-0.071702,-0.966115
859,-0.378289,0.135361,4.675840,-0.247954,-0.071702,-0.966115
860,-0.381614,0.150093,4.675600,-0.247954,-0.071702,-0.966115
861,-1.291690,0.711594,4.595660,-0.267356,-0.715464,-0.645470
862,-0.324335,0.966773,4.693270,0.641849,-0.264042,-0.719939
863,-0.330220,0.953449,4.692910,0.641849,-0.264042,-0.719939
864,-0.336832,0.962570,4.683670,0.641849,-0.264042,-0.719939
865,-0.767480,0.339890,4.643300,0.362161,-0.733713,-0.574895
866,-1.032650,0.550678,4.610210,0.058386,-0.343308,-0.937406
867,-1.024870,0.556805,4.622170,0.844715,-0.029443,-0.534405
868,-1.036210,0.548963,4.629310,-0.240487,-0.961747,-0.131180
869,-1.154960,0.537889,4.612160,-0.017968,-0.795244,-0.606023
870,-1.144440,0.544647,4.602980,0.801984,-0.243928,-0.545271
871,-1.139620,0.536285,4.613810,0.801984,-0.243928,-0.545271
872,-1.146310,0.545740,4.622370,0.836022,0.546429,0.049825
873,0.084908,1.359250,4.215930,-0.470196,-0.088355,-0.878128
874,0.098485,1.357500,4.224100,0.634637,0.088081,-0.767774
875,0.115745,1.328670,4.232410,0.076375,-0.530121,-0.844475
876,-0.278664,1.137900,4.686770,-0.300595,-0.228307,-0.926023
877,-0.269657,1.153150,4.694420,-0.622549,0.612221,-0.487461
878,-0.266250,1.145770,4.680800,-0.300595,-0.228307,-0.926023
879,0.259548,0.657529,2.810160,0.508329,0.714829,-0.480230
880,0.236620,0.652724,2.785910,-0.085775,-0.152371,-0.984594
881,0.234686,0.661813,2.797570,-0.374560,0.700132,-0.607882
882,0.229493,0.649163,2.803530,-0.721771,-0.561031,-0.405329
883,-0.869479,1.137750,4.657670,-0.124806,-0.956102,-0.265127
884,-0.876898,1.142010,4.645800,-0.441190,-0.217885,-0.870562
885,-0.863865,1.142150,4.639160,-0.441190,-0.217885,-0.870562
886,-0.241025,0.153867,4.696700,0.801251,-0.598190,-0.012883
887,-0.241518,0.153635,4.676810,0.717801,0.180392,-0.672473
888,-0.234694,0.162567,4.686490,0.717801,0.180392,-0.672473
889,-2.647480,1.459830,4.482980,0.831474,-0.074313,-0.550571
890,-2.656640,1.454870,4.492630,0.567949,-0.814176,0.120632
891,-2.654820,1.453200,4.472790,0.831474,-0.074313,-0.550571
892,0.137328,0.389305,4.245910,0.276158,0.510148,-0.814546
893,0.118544,0.390484,4.240280,0.276158,0.510148,-0.814546
894,0.124722,0.391833,4.254240,0.104117,0.984489,-0.141211
895,-0.252355,0.540319,4.674290,0.129865,-0.764768,-0.631082
896,-0.266264,0.537462,4.674890,0.129865,-0.764768,-0.631082
897,-0.261791,0.546490,4.664870,0.129865,-0.764768,-0.631082
898,0.124016,1.335510,4.244620,0.729132,0.253261,-0.635787
899,-0.048213,0.054099,4.695590,0.453536,-0.889889,-0.049024
900,-0.055206,0.051246,4.682700,-0.042355,-0.575792,-0.816498
901,-0.042866,0.057825,4.677420,-0.042355,-0.575792,-0.816498
902,-0.494459,-0.033740,4.518370,0.207593,-0.537083,-0.817586
903,-0.503951,-0.021792,4.522300,-0.701677,0.497800,-0.509750
904,-0.494251,-0.020796,4.509920,0.139618,0.321788,-0.936461
905,0.556501,0.653644,2.823630,0.819423,-0.024911,-0.572647
906,0.555819,0.639486,2.823270,0.127605,-0.762622,-0.634133
907,0.548988,0.646733,2.813180,0.127605,-0.762622,-0.634133
908,0.548190,0.646267,2.833110,-0.695213,-0.717418,-0.044611
909,-1.140110,0.454441,4.617110,0.826196,0.016967,-0.563128
910,-1.147220,0.447852,4.606480,0.826196,0.016967,-0.563128
911,-1.154130,0.456003,4.615790,0.144051,0.795064,-0.589170
912,-1.149070,0.448065,4.626380,0.623125,-0.779310,0.066270
913,-0.554967,0.036515,4.650720,-0.222978,-0.516887,-0.826504
914,-0.543999,0.043089,4.643650,-0.222978,-0.516887,-0.826504
915,-0.547079,0.038592,4.662840,0.443029,-0.886049,-0.136536
916,-0.488935,-0.019350,4.526410,0.679177,0.679078,-0.278516
917,-0.417650,-0.014399,4.629190,0.294023,-0.293591,-0.909590
918,-0.428675,-0.009481,4.638300,-0.644244,-0.028488,-0.764289
919,-0.415508,-0.002815,4.641620,0.696844,0.460844,-0.549574
920,-0.362589,-0.017171,4.649820,0.554899,-0.674151,-0.487450
921,-0.372203,-0.017268,4.639010,-0.295706,-0.295883,-0.908302
922,-0.364490,-0.006588,4.633020,-0.295706,-0.295883,-0.908302
923,-0.857263,0.560818,4.624290,0.796437,0.093775,-0.597406
924,-0.850443,0.568258,4.634550,0.796437,0.093775,-0.597406
925,-0.858291,0.561057,4.644240,0.704873,-0.707917,0.044802
926,-1.437390,0.235983,4.599450,0.709174,-0.596947,-0.375136
927,-1.156700,0.353712,4.620800,-0.148873,0.837597,-0.525613
928,-1.149700,0.346836,4.607860,0.271713,0.123449,-0.954428
929,-1.156930,0.339730,4.617910,-0.344941,-0.631352,-0.694558
930,-1.145610,0.343031,4.625960,0.964165,-0.110643,-0.241129
931,-1.142040,0.734218,4.633190,0.979961,0.149037,0.132152
932,-1.138470,0.722236,4.620230,0.650803,-0.067581,-0.756233
933,-1.140530,0.738654,4.616990,0.650803,-0.067581,-0.756233
934,-0.538023,0.177852,4.665260,0.399181,0.174977,-0.900021
935,-0.532497,0.163908,4.665000,0.399181,0.174977,-0.900021
936,-0.546107,0.162912,4.658770,0.399181,0.174977,-0.900021
937,0.151836,0.555263,3.471890,-0.760939,0.332305,-0.557266
938,0.158791,0.543408,3.478240,-0.695255,-0.610814,-0.378850
939,0.151772,0.554657,3.506180,-0.487979,-0.666261,-0.563890
940,-0.355779,0.366738,4.678630,0.321159,-0.884034,-0.339618
941,-0.359853,0.371639,4.662020,-0.001914,-0.284662,-0.958626
942,-0.355014,0.380183,4.672880,0.601724,0.475191,-0.641968
943,-0.567628,0.242121,4.648770,0.840872,0.026661,-0.540577
944,-0.560503,0.236180,4.659560,0.840872,0.026661,-0.540577
945,-0.574128,0.232199,4.658470,0.268939,-0.757607,-0.594730
946,-0.037294,-0.018707,4.652000,-0.598258,0.097784,-0.795314
947,-0.025698,-0.011855,4.644120,0.321173,0.102847,-0.941419
948,-0.025892,-0.027359,4.642360,0.321173,0.102847,-0.941419
949,-0.448898,0.123589,4.681680,-0.684215,-0.701278,-0.200149
950,-0.447961,0.128186,4.662370,0.130353,-0.580449,-0.803795
951,-0.440386,0.118435,4.670640,0.130353,-0.580449,-0.803795
952,-0.942530,0.046297,4.617710,-0.155385,-0.208019,-0.965704
953,-0.949996,0.034698,4.621410,-0.155385,-0.208019,-0.965704
954,-0.960169,0.044711,4.620890,-0.155385,-0.208019,-0.965704
955,-0.569435,0.242932,4.668360,0.618083,0.785731,0.024484
956,-0.369384,0.377396,4.672500,-0.738701,0.004029,-0.674022
957,-0.419479,-0.019040,4.645570,0.362098,-0.906666,-0.216429
958,-0.766005,-0.019618,4.610670,0.774814,-0.613073,-0.154287
959,-0.364709,0.045402,4.665110,-0.378770,-0.280080,-0.882093
960,-0.352557,0.050384,4.658310,-0.378770,-0.280080,-0.882093
961,-0.353314,0.036668,4.662990,-0.378770,-0.280080,-0.882093
962,-0.647217,0.282486,4.650140,0.047070,0.517800,-0.854206
963,-0.654325,0.270908,4.642730,0.047070,0.517800,-0.854206
964,-0.662917,0.282379,4.649210,0.047070,0.517800,-0.854206
965,-0.550681,0.049649,4.654490,-0.653542,0.398057,-0.643765
966,-0.440568,0.132441,4.673960,0.809027,0.145503,-0.569478
967,-0.277580,-0.019454,4.615110,-0.349643,-0.429529,-0.832619
968,-0.268803,-0.023873,4.625660,0.615476,-0.399500,-0.679403
969,-0.278390,-0.034341,4.623130,-0.349643,-0.429529,-0.832619
970,-0.280897,-0.019650,4.632280,-0.980562,-0.049001,-0.189991
971,0.055962,0.261008,4.697020,0.074066,-0.231752,-0.969951
972,0.059813,0.229448,4.700720,-0.127991,-0.130874,-0.983102
973,0.042682,0.235084,4.702200,0.074066,-0.231752,-0.969951
974,-0.262840,0.075873,4.673540,-0.296346,-0.568375,-0.767548
975,-0.252260,0.061539,4.680070,-0.296346,-0.568375,-0.767548
976,-0.260680,0.071789,4.688650,-0.792271,-0.608027,-0.051088
977,0.126346,0.379740,4.246280,0.252686,-0.325367,-0.911200
978,-0.021861,-0.021222,4.657070,0.962235,0.018770,-0.271571
979,2.236820,0.342352,3.445220,-0.342730,-0.664484,-0.664076
980,2.220420,0.347313,3.448720,-0.342730,-0.664484,-0.664076
981,2.232610,0.356836,3.448670,-0.150444,0.187481,-0.970679
982,2.230640,0.347402,3.460780,-0.241357,-0.947104,0.211522
983,0.110702,0.236457,4.652660,0.462076,0.588034,-0.663854
984,0.104229,0.229509,4.642000,-0.171717,-0.051831,-0.983782
985,0.093805,0.239179,4.643310,-0.171717,-0.051831,-0.983782
986,1.159580,1.554320,4.847900,-0.343474,-0.664425,-0.663751
987,1.158090,1.565180,4.837800,-0.343474,-0.664425,-0.663751
988,1.169170,1.566280,4.848330,0.628305,-0.481840,-0.610788
989,1.156700,1.565590,4.857220,-0.978478,-0.195543,-0.065907
990,-0.260995,0.442763,4.681940,-0.685467,0.230414,-0.690684
991,-0.246882,0.440960,4.683090,0.828562,0.051861,-0.557491
992,-0.253829,0.434885,4.672200,0.038913,-0.329881,-0.943220
993,-0.032885,0.417650,4.694610,-0.012784,-0.725829,-0.687756
994,-0.030557,0.427255,4.684430,0.102996,-0.066022,-0.992488
995,-0.022680,0.431934,4.695260,0.728889,0.249038,-0.637731
996,-0.551488,0.448764,4.666330,0.748795,0.662733,-0.009509
997,-0.244545,0.830377,4.691710,0.338218,-0.584846,-0.737268
998,-0.250173,0.827858,4.705000,0.097806,-0.984557,-0.145195
999,-0.271989,0.845718,4.690110,-0.203222,-0.454027,-0.867502
1000,0.062239,0.555799,4.682330,0.352172,0.388360,-0.851558
1001,0.070126,0.547269,4.695410,0.794062,0.601655,-0.086471
1002,0.071368,0.543486,4.680490,0.352172,0.388360,-0.851558
1003,0.057605,0.540335,4.686730,-0.380654,-0.145766,-0.913157
1004,-0.249084,0.076400,4.679980,0.425047,-0.096287,-0.900035
1005,0.100835,0.386829,4.493980,0.176102,-0.086067,-0.980602
1006,0.108713,0.395645,4.503150,0.077119,0.684811,-0.724628
1007,0.120331,0.388210,4.497360,0.176102,-0.086067,-0.980602
1008,0.109358,0.350744,4.318060,-0.462968,-0.285466,-0.839149
1009,0.127607,0.346657,4.324370,0.366675,0.256566,-0.894273
1010,0.117363,0.338467,4.317820,-0.462968,-0.285466,-0.839149
1011,0.114179,0.344361,4.330860,-0.836521,-0.546272,0.042657
1012,-0.636387,0.459688,4.650730,0.514422,0.443088,-0.734196
1013,-0.639313,0.444118,4.653060,0.283551,-0.785363,-0.550276
1014,-0.642872,0.451227,4.641080,0.001820,-0.148438,-0.988920
1015,-1.648960,0.953656,4.553250,0.692577,-0.349834,-0.630835
1016,-1.643320,0.945527,4.563950,0.692577,-0.349834,-0.630835
1017,-1.657030,0.949080,4.563950,-0.214813,-0.828902,-0.516504
1018,-1.648440,0.955639,4.573100,0.861726,0.502134,-0.072737
1019,0.012104,-0.016906,4.679030,0.651230,-0.729691,-0.208449
1020,0.006302,-0.018339,4.665920,0.037037,-0.428046,-0.902998
1021,0.015943,-0.008518,4.661660,0.037037,-0.428046,-0.902998
1022,0.005017,-0.005308,4.671930,-0.612364,0.280508,-0.739139
1023,-0.447698,0.763029,4.681300,0.704063,0.439214,-0.558020
1024,-0.452565,0.751641,4.689000,0.272099,-0.940524,-0.203415
1025,-0.452536,0.755856,4.669550,0.107367,-0.171430,-0.979328
1026,-0.129101,0.075859,4.676890,-0.209286,-0.599752,-0.772332
1027,-0.124061,0.063889,4.684820,-0.209286,-0.599752,-0.772332
1028,-0.128903,0.072608,4.696320,-0.904730,-0.421547,-0.061328
1029,-0.142350,-0.088599,0.936961,0.429914,0.065692,-0.900477
1030,-0.150604,-0.098382,0.945475,0.024734,-0.668103,-0.743657
1031,-0.153495,-0.080846,0.948943,-0.148555,0.761467,-0.630952
1032,0.116338,-0.020321,4.655930,-0.109627,-0.815148,-0.568784
1033,0.108770,-0.005280,4.656540,-0.750617,0.498385,-0.433805
1034,0.114463,-0.009910,4.641370,-0.146554,0.055725,-0.987632
1035,-0.937937,0.227376,4.634010,0.752333,-0.330660,-0.569788
1036,-0.951436,0.231927,4.632670,-0.187766,-0.745308,-0.639735
1037,-0.941431,0.237020,4.623800,0.752333,-0.330660,-0.569788
1038,-0.943545,0.236599,4.643650,0.894499,0.434689,0.104482
1039,-0.564564,0.359683,4.655500,0.029678,0.761879,-0.647039
1040,-0.562271,0.350532,4.644830,0.125295,0.179307,-0.975782
1041,-0.570807,0.342913,4.653310,-0.493781,-0.338368,-0.801054
1042,0.063192,0.169105,4.706570,-0.365575,0.282686,-0.886817
1043,0.085362,0.164889,4.689860,-0.078012,0.711947,-0.697887
1044,0.080090,0.149172,4.693250,-0.396690,-0.316333,-0.861725
1045,0.050124,0.160517,4.702880,-0.396690,-0.316333,-0.861725
1046,0.042026,0.264788,4.691500,0.272333,-0.320770,-0.907161
1047,-0.461755,0.759234,4.680450,-0.757199,0.037666,-0.652097
1048,-0.153912,0.720203,4.678760,-0.330666,-0.181953,-0.926041
1049,-0.141405,0.717669,4.689020,0.409928,-0.500759,-0.762364
1050,-0.156504,0.716686,4.695290,-0.768602,-0.590474,-0.246153
1051,0.094434,0.153220,4.692090,0.646786,0.688291,-0.328517
1052,0.093790,0.140375,4.663910,-0.370594,0.449399,-0.812835
1053,0.049939,0.696562,4.681270,0.278758,-0.324014,-0.904051
1054,0.043023,0.708134,4.674990,0.278758,-0.324014,-0.904051
1055,0.051675,0.708876,4.689420,0.831549,0.220267,-0.509910
1056,0.037313,0.699065,4.688710,-0.485100,-0.622962,-0.613674
1057,-0.787058,1.247080,4.639360,-0.136176,-0.715696,-0.685008
1058,-0.784014,1.246480,4.656860,0.601310,-0.788102,-0.131614
1059,-0.795529,1.238910,4.649580,-0.136176,-0.715696,-0.685008
1060,-0.796821,1.254420,4.650340,-0.757181,-0.031103,-0.652465
1061,0.110547,0.536974,4.330830,-0.508826,-0.443362,-0.737920
1062,0.127978,0.535493,4.334890,0.226312,-0.006566,-0.974033
1063,0.118331,0.524895,4.332720,-0.508826,-0.443362,-0.737920
1064,0.099923,0.539239,4.469230,-0.666263,0.327290,-0.670056
1065,-0.255556,0.434062,4.692090,-0.111478,-0.992470,-0.050745
1066,-1.462730,2.265710,4.589460,-0.380297,0.137243,-0.914625
1067,-1.449510,2.262290,4.583450,0.287606,-0.546475,-0.786542
1068,-1.461640,2.251070,4.586810,0.287606,-0.546475,-0.786542
1069,-1.454880,2.258860,4.600140,0.688045,-0.721987,0.073001
1070,-0.443426,0.822811,4.687010,0.218889,0.837577,-0.500553
1071,-0.443695,0.815172,4.674110,0.121750,0.120189,-0.985257
1072,-0.454363,0.810276,4.685940,-0.683749,-0.203441,-0.700785
1073,1.256180,1.946150,4.837150,-0.135558,-0.915224,0.379459
1074,1.247560,1.942240,4.824640,-0.221506,-0.804732,-0.550764
1075,1.262860,1.939240,4.822870,-0.221506,-0.804732,-0.550764
1076,-0.748122,0.749374,4.670780,0.069433,-0.976949,-0.201864
1077,-0.754600,0.758523,4.661660,-0.686279,0.210911,-0.696087
1078,-0.745722,0.753549,4.651400,0.137444,-0.172188,-0.975428
1079,1.567960,0.117695,2.842990,-0.490771,0.024916,-0.870932
1080,1.576180,0.106526,2.851250,0.359541,-0.369177,-0.856994
1081,1.561390,0.103636,2.846290,-0.490771,0.024916,-0.870932
1082,-0.461016,0.467135,4.660980,0.121662,0.611857,-0.781556
1083,-0.451227,0.457650,4.670840,0.719323,0.693053,-0.047449
1084,-0.450340,0.455547,4.653570,0.121662,0.611857,-0.781556
1085,-0.864692,0.157091,4.628590,0.770208,0.018807,-0.637516
1086,-0.871736,0.166366,4.637790,0.054432,0.723720,-0.687944
1087,-0.857156,0.165412,4.637940,0.770208,0.018807,-0.637516
1088,-0.755049,0.242502,4.641660,-0.124455,0.192343,-0.973404
1089,-0.750622,0.256905,4.643940,-0.124455,0.192343,-0.973404
1090,-0.739187,0.247401,4.640600,-0.124455,0.192343,-0.973404
1091,-0.653503,0.454585,4.650160,-0.648023,0.007752,-0.761582
1092,-0.969854,0.633645,4.625580,0.878975,0.074680,-0.470983
1093,-0.975913,0.627828,4.613350,0.345453,-0.219795,-0.912334
1094,-0.984101,0.635542,4.622740,-0.342168,0.557514,-0.756372
1095,-0.953495,0.447911,4.628400,-0.060120,-0.808388,-0.585572
1096,-0.953759,0.456413,4.616690,-0.052657,-0.070764,-0.996102
1097,-0.944501,0.460523,4.627030,0.678725,0.227688,-0.698205
1098,-1.545230,0.901976,4.602210,0.012002,-0.003756,-0.999921
1099,-1.520590,0.884873,4.602570,0.365709,-0.492521,-0.789734
1100,-1.535320,0.878498,4.606210,0.133187,-0.705304,-0.696281
1101,-1.530750,0.907592,4.605950,0.194268,0.145183,-0.970145
1102,0.067855,1.342940,4.116980,-0.369539,-0.479294,-0.796065
1103,0.085310,1.341970,4.124350,0.390618,0.042638,-0.919565
1104,0.076243,1.331440,4.120010,-0.369539,-0.479294,-0.796065
1105,0.071563,1.338240,4.132000,-0.809858,-0.586395,0.016433
1106,-0.276715,1.055050,4.685030,-0.233225,-0.577780,-0.782161
1107,-0.268706,1.066810,4.686980,-0.389448,0.402591,-0.828402
1108,-0.261686,1.057160,4.678990,-0.233225,-0.577780,-0.782161
1109,-0.266118,1.057150,4.697290,0.153348,-0.987494,0.036599
1110,0.102485,0.634627,4.635520,-0.372883,0.409518,-0.832618
1111,0.099143,0.637039,4.651360,-0.955394,0.185481,-0.229823
1112,0.103706,0.648995,4.642040,-0.372883,0.409518,-0.832618
1113,1.945800,1.851120,4.787280,-0.368077,-0.136227,-0.919762
1114,1.968220,1.843230,4.799900,0.259367,-0.541783,-0.799499
1115,1.955440,1.834190,4.801880,0.057068,-0.633174,-0.771903
1116,0.543012,0.340897,2.829650,-0.595340,-0.186839,-0.781448
1117,0.552151,0.347955,2.821000,-0.595340,-0.186839,-0.781448
1118,0.556870,0.341582,2.832810,0.159544,-0.840723,-0.517427
1119,0.072572,1.406520,4.197160,-0.237098,-0.945630,-0.222638
1120,0.210044,-0.051065,1.867610,-0.360937,0.608179,-0.706996
1121,0.212608,-0.061854,1.857020,-0.495026,-0.065001,-0.866443
1122,0.199915,-0.061029,1.864210,-0.495026,-0.065001,-0.866443
1123,1.242960,1.741960,4.835670,-0.724338,-0.311681,-0.614971
1124,1.246930,1.752070,4.825870,-0.724338,-0.311681,-0.614971
1125,1.256700,1.746550,4.835040,0.210899,-0.721795,-0.659192
1126,1.248120,1.751240,4.845740,-0.902775,0.424082,0.071781
1127,-1.519110,1.121460,4.599400,0.042682,-0.619512,-0.783826
1128,-1.521640,1.110430,4.607980,0.042682,-0.619512,-0.783826
1129,-1.533560,1.116150,4.602810,0.042682,-0.619512,-0.783826
1130,-0.658805,0.634923,4.636590,0.095429,0.302433,-0.948382
1131,-0.650201,0.627870,4.646650,0.739533,-0.054758,-0.670890
1132,-0.665925,0.625449,4.647220,-0.555674,-0.400112,-0.728792
1133,-0.976690,0.352927,4.628870,0.014199,-0.812670,-0.582552
1134,-0.968762,0.359983,4.619220,0.474744,-0.018501,-0.879929
1135,-0.970716,0.361130,4.639010,0.991683,0.089233,0.092744
1136,-0.978270,0.367151,4.627890,-0.114420,0.700388,-0.704531
1137,0.160640,0.638657,3.471880,0.297697,-0.147614,-0.943179
1138,0.157450,0.634173,3.485160,0.220366,-0.938980,-0.264113
1139,0.147523,0.643180,3.479970,-0.496478,0.102042,-0.862031
1140,0.165688,0.645954,3.485270,0.825004,0.303749,-0.476555
1141,-0.864725,0.568439,4.633820,0.040970,0.795735,-0.604258
1142,-0.654625,0.552944,4.639520,0.829246,-0.241741,-0.503897
1143,-0.646609,0.559576,4.649530,0.829246,-0.241741,-0.503897
1144,-0.649841,0.545842,4.650800,0.829246,-0.241741,-0.503897
1145,-2.044550,0.950085,4.556860,0.995658,0.080942,-0.045963
1146,-0.947535,0.558953,4.627030,0.845896,0.075017,-0.528046
1147,-0.945610,0.544708,4.628090,0.845896,0.075017,-0.528046
1148,-0.953040,0.550004,4.616940,0.845896,0.075017,-0.528046
1149,-0.858241,0.764010,4.655510,-0.782546,0.111066,-0.612605
1150,-0.844036,0.765256,4.654970,0.722990,0.313832,-0.615464
1151,-0.850183,0.758237,4.644170,0.008641,-0.256527,-0.966499
1152,-0.962250,0.463485,4.626040,-0.566936,0.321849,-0.758286
1153,-0.984836,0.620912,4.622970,-0.103063,-0.759855,-0.641871
1154,-0.912827,0.872872,4.641920,0.379016,0.268107,-0.885701
1155,-0.914090,0.890085,4.646590,0.379016,0.268107,-0.885701
1156,-0.901980,0.881026,4.649030,0.379016,0.268107,-0.885701
1157,-0.262946,0.773677,4.693320,0.111216,0.206131,-0.972184
1158,-0.251172,0.778803,4.700990,0.280822,0.541083,-0.792697
1159,-0.242369,0.763188,4.693450,0.111216,0.206131,-0.972184
1160,-0.754871,0.451643,4.632030,-0.184799,-0.701792,-0.687995
1161,-0.756356,0.450755,4.651910,0.561180,-0.827679,0.004948
1162,-0.764322,0.445289,4.641050,-0.184799,-0.701792,-0.687995
1163,-1.029870,-0.020571,4.572430,0.226240,0.094784,-0.969449
1164,-1.030010,-0.033866,4.583800,0.320081,-0.797110,-0.512020
1165,-1.038930,-0.021168,4.585080,-0.806701,0.154210,-0.570485
1166,-0.855686,0.246234,4.649150,0.626958,-0.768471,0.127970
1167,-0.864801,0.158607,4.648370,0.706702,-0.705135,0.057938
1168,-0.774731,-0.005417,4.607590,-0.268404,0.912611,-0.308382
1169,0.096317,1.373050,4.221340,-0.143416,0.461729,-0.875350
1170,0.085968,1.365690,4.229600,-0.690020,0.673942,-0.263961
1171,-0.761917,0.459480,4.641870,-0.736276,0.162733,-0.656823
1172,-0.147854,0.442987,4.687260,-0.691822,0.264645,-0.671822
1173,-0.134138,0.439493,4.687910,0.796778,-0.103631,-0.595319
1174,-0.142349,0.433693,4.677930,-0.055596,-0.400302,-0.914695
1175,0.108184,0.461834,4.455680,0.106904,-0.389275,-0.914897
1176,0.110617,0.447578,4.462030,0.106904,-0.389275,-0.914897
1177,0.100724,0.457604,4.469170,-0.759865,-0.368293,-0.535691
1178,0.116500,0.458809,4.471450,0.877938,-0.061650,-0.474789
1179,0.115810,0.530826,4.345700,-0.843534,-0.531247,0.078912
1180,-0.155187,0.608178,4.672370,-0.141451,0.036505,-0.989272
1181,-0.143957,0.602161,4.680250,0.843045,-0.062346,-0.534217
1182,-0.152070,0.574458,4.670680,0.170513,-0.363242,-0.915959
1183,-0.039243,0.433982,4.693410,-0.490672,0.399876,-0.774170
1184,-0.143026,0.434767,4.697880,-0.241322,-0.969447,0.044001
1185,-0.355373,0.519640,4.672660,0.141248,-0.834973,-0.531855
1186,-0.350212,0.527386,4.661870,0.761929,-0.026772,-0.647107
1187,-0.341336,0.522091,4.672540,0.761929,-0.026772,-0.647107
1188,1.326340,0.146095,2.788270,0.137262,-0.170318,-0.975782
1189,1.361970,0.139783,2.810320,0.618979,0.358216,-0.698961
1190,1.352430,0.132970,2.798380,0.008239,-0.338463,-0.940944
1191,-0.649027,0.747977,4.677190,-0.472823,-0.845942,-0.246618
1192,-0.656374,0.755404,4.665800,-0.510663,-0.037479,-0.858963
1193,-0.643698,0.750453,4.658480,-0.510663,-0.037479,-0.858963
1194,-0.044316,0.543156,4.689730,0.210561,-0.783691,-0.584373
1195,-0.049516,0.550610,4.677860,-0.094640,-0.207125,-0.973726
1196,-0.043652,0.557730,4.689180,0.589521,0.510173,-0.626250
1197,-0.058201,0.557190,4.688090,-0.706902,0.143682,-0.692565
1198,0.109579,0.381256,4.504030,0.157172,-0.799317,-0.579991
1199,0.107934,0.684782,4.584670,-0.884211,0.262193,-0.386556
1200,0.112009,0.679432,4.571720,-0.524934,-0.304278,-0.794896
1201,0.105419,0.669327,4.579940,-0.524934,-0.304278,-0.794896
1202,-0.044322,0.747037,4.719260,0.016965,-0.840517,-0.541520
1203,-0.050181,0.754592,4.707350,-0.171274,0.040141,-0.984405
1204,-0.035246,0.756517,4.704830,-0.171274,0.040141,-0.984405
1205,-0.041213,0.761552,4.717560,-0.187016,0.880371,-0.435858
1206,-0.860400,1.340930,4.656280,0.086537,-0.968905,0.231806
1207,-0.808202,1.331430,4.655910,-0.063638,-0.269901,-0.960783
1208,-0.791331,1.335070,4.653770,-0.063638,-0.269901,-0.960783
1209,-0.796774,1.321260,4.658010,-0.063638,-0.269901,-0.960783
1210,-0.855927,1.045600,4.650970,0.737922,0.099075,-0.667574
1211,-0.862462,1.063750,4.646440,0.737922,0.099075,-0.667574
1212,-0.860975,1.056750,4.659560,0.930588,0.356167,0.084557
1213,-1.517260,1.213010,4.593040,-0.304579,-0.621246,-0.722001
1214,-1.521600,1.203760,4.602830,-0.304579,-0.621246,-0.722001
1215,-1.524030,1.214460,4.611760,-0.935896,0.074762,-0.344253
1216,-1.510750,1.212230,4.606100,0.639139,-0.680053,-0.359206
1217,-0.917018,1.360240,4.629090,0.070186,-0.764654,-0.640608
1218,-0.908686,1.352560,4.639170,0.070186,-0.764654,-0.640608
1219,-0.917494,1.360670,4.648470,-0.677541,-0.735485,-0.000323
1220,-0.335747,1.047150,4.682830,-0.546126,-0.131090,-0.827382
1221,-0.326250,1.056530,4.688800,-0.066270,0.582643,-0.810022
1222,-0.324525,1.040750,4.689690,0.043853,-0.693703,-0.718925
1223,-0.339398,1.048260,4.696950,-0.964507,-0.108164,-0.240889
1224,-0.438241,0.807165,4.687450,0.676050,-0.476255,-0.562260
1225,-0.913100,1.064880,4.632870,0.049982,-0.730465,-0.681118
1226,-0.903200,1.057240,4.641790,0.049982,-0.730465,-0.681118
1227,-0.911559,1.064690,4.652300,-0.634247,-0.771948,0.042754
1228,-1.860790,0.457340,4.566120,0.294037,-0.579496,-0.760083
1229,-1.874280,0.452620,4.564500,0.294037,-0.579496,-0.760083
1230,-1.870770,0.464330,4.556930,0.294037,-0.579496,-0.760083
1231,-1.359410,0.635041,4.591770,0.161974,0.170190,-0.972008
1232,-1.360400,0.619731,4.596580,0.072907,-0.303220,-0.950128
1233,-0.556347,0.833228,4.655080,0.785188,-0.155845,-0.599326
1234,-0.557178,0.837674,4.673540,0.727073,0.674208,-0.129650
1235,-0.548709,0.827216,4.666650,0.785188,-0.155845,-0.599326
1236,-0.648216,0.816251,4.680150,0.912574,0.391839,-0.116921
1237,-1.372460,0.626757,4.588590,0.400389,-0.298120,-0.866494
1238,-1.448440,0.759772,4.603190,-0.083022,-0.158057,-0.983934
1239,-1.459770,0.748604,4.605940,-0.083022,-0.158057,-0.983934
1240,-1.457450,0.759986,4.614330,-0.653978,0.530709,-0.539130
1241,-1.449780,0.748669,4.618610,0.570810,-0.689044,-0.446535
1242,-1.649450,1.238500,4.560280,0.151988,-0.823873,-0.546016
1243,-1.663390,1.237340,4.558150,0.151988,-0.823873,-0.546016
1244,-1.655210,1.244880,4.549050,0.151988,-0.823873,-0.546016
1245,-1.436980,0.626861,4.601730,0.827530,0.557170,-0.068965
1246,-1.431250,0.617171,4.592200,0.705549,-0.261266,-0.658742
1247,-1.437740,0.625539,4.581930,0.705549,-0.261266,-0.658742
1248,-1.178240,0.709602,4.599560,0.875292,0.323072,-0.359845
1249,0.079798,1.269980,4.165900,0.024608,0.663566,-0.747713
1250,0.078397,1.257930,4.155160,-0.341720,-0.225171,-0.912428
1251,0.063671,1.263220,4.159370,-0.341720,-0.225171,-0.912428
1252,-1.449910,0.721172,4.582030,0.306545,-0.262240,-0.915019
1253,-1.443130,0.709139,4.587750,0.306545,-0.262240,-0.915019
1254,-1.454040,0.710170,4.597920,-0.578553,-0.592467,-0.560588
1255,-0.903803,1.072130,4.641980,0.684534,0.037012,-0.728040
1256,-1.450950,0.454884,4.601650,-0.055259,0.989399,-0.134297
1257,-1.437000,0.454903,4.596050,-0.126521,0.536918,-0.834093
1258,-1.447000,0.452660,4.583640,0.019992,0.317989,-0.947884
1259,-1.416540,0.441903,4.597680,0.720832,-0.138399,-0.679151
1260,-1.445690,0.441706,4.594850,0.072885,-0.709053,-0.701378
1261,-1.444690,0.721386,4.595830,0.879559,0.334965,-0.337897
1262,-1.445670,0.619471,4.592600,-0.144950,-0.809931,-0.568333
1263,-1.508460,1.070390,4.605150,0.219539,-0.639676,-0.736626
1264,-1.519810,1.070980,4.614930,0.047681,-0.992198,0.115192
1265,-1.525640,1.069100,4.601150,0.219539,-0.639676,-0.736626
1266,-1.656210,0.858954,4.571770,0.485284,0.683835,-0.544857
1267,-1.657400,0.850062,4.559550,0.185109,-0.145794,-0.971843
1268,-1.669610,0.851874,4.572110,-0.720568,-0.108987,-0.684765
1269,-1.749740,1.550310,4.542190,-0.047728,-0.313170,-0.948497
1270,-1.743550,1.557720,4.552790,0.712964,0.306551,-0.630641
1271,-1.747040,1.545620,4.559630,0.136041,-0.951229,-0.276868
1272,-1.757850,1.558140,4.551880,-0.705512,0.131156,-0.696456
1273,-1.525380,0.880030,4.619240,0.357273,-0.919409,-0.164449
1274,-2.140450,1.262310,4.530350,0.593319,-0.317627,-0.739652
1275,-2.150070,1.253820,4.539600,0.674658,-0.737722,0.024535
1276,-2.154050,1.249690,4.524860,0.593319,-0.317627,-0.739652
1277,-2.038500,1.259240,4.539350,0.777406,0.079588,-0.623943
1278,-2.045960,1.251970,4.549240,0.699074,-0.715047,0.001689
1279,-2.045830,1.252050,4.529300,0.777406,0.079588,-0.623943
1280,-2.151200,1.454650,4.532240,-0.070949,-0.997183,-0.024324
1281,-2.144590,1.454640,4.513370,0.281985,-0.363965,-0.887701
1282,-2.140620,1.461470,4.525350,0.936286,0.062138,-0.345698
1283,-3.051690,1.643930,4.442150,0.495731,-0.788157,-0.364774
1284,-3.054220,1.658560,4.438040,0.174354,-0.238255,-0.955424
1285,-3.038580,1.652000,4.442530,0.495731,-0.788157,-0.364774
1286,-1.950490,1.652950,4.517390,0.271053,-0.051396,-0.961191
1287,-1.958330,1.646940,4.527630,-0.314815,-0.693488,-0.648048
1288,-1.955930,1.662040,4.528440,-0.036058,0.762989,-0.645405
1289,-2.156780,1.351620,4.528600,0.048956,-0.194064,-0.979767
1290,-2.143350,1.360410,4.527530,0.048956,-0.194064,-0.979767
1291,-2.139280,1.345180,4.530750,0.048956,-0.194064,-0.979767
1292,-2.255020,0.946965,4.520620,0.787610,0.063960,-0.612845
1293,-2.247720,0.953943,4.530730,0.787610,0.063960,-0.612845
1294,-2.255290,0.946835,4.540540,0.687653,-0.726025,0.004582
1295,-2.261930,0.955380,4.530540,0.087919,0.789007,-0.608061
1296,-1.847320,1.445700,4.539580,0.548615,-0.530990,-0.645811
1297,-1.840440,1.439150,4.550810,0.548615,-0.530990,-0.645811
1298,-1.854390,1.440680,4.555370,-0.224033,-0.895331,-0.384957
1299,-2.659910,2.236200,4.459640,-0.159178,-0.766608,-0.622073
1300,-2.249710,1.147590,4.526210,0.864592,-0.023614,-0.501919
1301,-2.255770,1.154630,4.515440,0.864592,-0.023614,-0.501919
1302,-2.249480,1.161750,4.525940,0.864592,-0.023614,-0.501919
1303,-2.460250,1.748070,4.490060,-0.140868,-0.854616,-0.499787
1304,-2.454510,1.754510,4.477430,0.614696,-0.289178,-0.733842
1305,-2.446470,1.747670,4.486860,0.614696,-0.289178,-0.733842
1306,1.030330,1.946260,4.762480,-0.557637,-0.210261,-0.803014
1307,1.017190,1.941810,4.772770,-0.557637,-0.210261,-0.803014
1308,1.019990,1.954740,4.767440,-0.557637,-0.210261,-0.803014
1309,-1.577340,2.239430,4.571750,0.795005,-0.531097,0.293091
1310,-1.578200,2.230080,4.557140,0.649632,-0.399465,-0.646842
1311,-1.568800,2.244460,4.557700,0.649632,-0.399465,-0.646842
1312,-1.870580,2.349730,4.502890,0.337314,-0.079677,-0.938014
1313,-1.879930,2.345570,4.513650,-0.426233,-0.655227,-0.623701
1314,-1.876770,2.360030,4.512350,0.039999,0.688828,-0.723820
1315,-1.866790,2.347340,4.520340,0.909471,-0.336878,-0.243670
1316,-1.655400,2.342560,4.537170,0.867458,0.139043,-0.477686
1317,-1.939790,2.335500,4.513250,0.462884,-0.585342,-0.665667
1318,-1.947520,2.347640,4.510900,-0.427201,-0.426356,-0.797320
1319,-1.935600,2.350470,4.503000,0.462884,-0.585342,-0.665667
1320,-1.990780,2.374940,4.488250,0.151061,-0.578117,-0.801849
1321,-2.000390,2.379800,4.498100,-0.718896,-0.543683,-0.433125
1322,-1.955380,2.546670,4.508610,-0.162220,-0.374451,-0.912946
1323,-1.946580,2.557730,4.502510,0.677879,0.031837,-0.734484
1324,-1.940490,2.542950,4.507490,0.677879,0.031837,-0.734484
1325,-1.946470,2.553070,4.519410,0.906066,0.409387,0.106987
1326,-2.241750,2.176860,4.500620,-0.516911,-0.396154,-0.758857
1327,-2.228750,2.172540,4.494020,-0.080268,-0.642765,-0.761846
1328,-2.233180,2.174770,4.513000,0.178892,-0.971440,0.155891
1329,-2.437160,2.135240,4.477760,0.104707,-0.707674,-0.698737
1330,-2.451260,2.134230,4.476670,0.104707,-0.707674,-0.698737
1331,-2.446690,2.143990,4.467470,0.104707,-0.707674,-0.698737
1332,-1.947440,1.652360,4.536710,0.969800,-0.185160,-0.158754
1333,-2.351830,2.048780,4.497440,0.102899,-0.994478,-0.020603
1334,-2.358290,2.056680,4.486560,-0.631202,0.074102,-0.772071
1335,-2.348500,2.049530,4.477870,0.194614,-0.357237,-0.913514
1336,-2.063230,2.043010,4.514080,-0.252033,-0.643825,-0.722474
1337,-2.061370,2.056930,4.516180,-0.714606,0.196758,-0.671286
1338,-2.053550,2.048860,4.505490,-0.252033,-0.643825,-0.722474
1339,-2.150860,1.747860,4.525110,-0.652250,-0.754457,-0.073243
1340,-2.458050,2.043720,4.480630,-0.009504,-0.746752,-0.665034
1341,-2.459090,2.057860,4.481150,-0.761394,-0.032189,-0.647489
1342,-2.450650,2.051730,4.471530,-0.009504,-0.746752,-0.665034
1343,-3.053210,1.445050,4.459740,0.856016,-0.511932,-0.071849
1344,-3.052820,1.447980,4.443510,0.823684,0.100031,-0.558156
1345,-3.047040,1.456240,4.453520,0.823684,0.100031,-0.558156
1346,-3.060580,1.460110,4.451570,0.287226,0.650771,-0.702850
1347,-2.202740,2.197170,4.506020,0.738943,-0.646408,-0.190051
1348,-2.207720,2.205260,4.494120,0.051783,0.016124,-0.998528
1349,-3.210920,0.946254,4.463600,0.928069,0.004228,0.372384
1350,-3.205440,0.938550,4.450030,0.804546,0.034685,-0.592876
1351,-3.205740,0.955081,4.450590,0.804546,0.034685,-0.592876
1352,-1.531260,1.441630,4.596810,0.051780,-0.003725,-0.998652
1353,-1.518170,1.436940,4.610130,0.691984,0.525467,-0.495017
1354,-1.521890,1.429790,4.597340,0.051780,-0.003725,-0.998652
1355,-1.532410,1.431040,4.608130,-0.637281,-0.529403,-0.560004
1356,-2.838390,1.351420,4.458380,0.863271,-0.023830,-0.504178
1357,-2.831950,1.359180,4.469040,0.863271,-0.023830,-0.504178
1358,-2.832100,1.344860,4.469460,0.863271,-0.023830,-0.504178
1359,-3.050050,1.340740,4.454280,0.652462,-0.030925,-0.757190
1360,-3.060310,1.344880,4.445270,0.652462,-0.030925,-0.757190
1361,-3.051850,1.356140,4.452100,0.652462,-0.030925,-0.757190
1362,-1.652450,1.364050,4.557660,0.701701,0.301660,-0.645458
1363,-1.658200,1.355900,4.547600,0.012280,-0.338591,-0.940853
1364,-1.666480,1.362270,4.558540,-0.791753,0.019392,-0.610534
1365,-1.656800,1.354640,4.567310,0.189770,-0.978878,-0.076056
1366,-2.651530,2.154550,4.476820,0.797765,-0.591177,0.118665
1367,-2.553870,2.238210,4.476940,0.159291,-0.785058,-0.598590
1368,-2.547770,2.246920,4.467140,0.159291,-0.785058,-0.598590
1369,-2.539750,2.240770,4.477340,0.159291,-0.785058,-0.598590
1370,-2.229260,2.184610,4.502620,-0.449402,0.505709,-0.736408
1371,-2.644340,1.953300,4.464650,0.846870,-0.012292,-0.531657
1372,-2.651080,1.946550,4.454070,0.846870,-0.012292,-0.531657
1373,-2.658270,1.955040,4.462830,0.176096,0.775157,-0.606730
1374,-2.347990,2.249700,4.470730,0.807605,-0.281388,-0.518262
1375,-2.339640,2.253350,4.481760,0.807605,-0.281388,-0.518262
1376,-2.344750,2.240010,4.481040,0.807605,-0.281388,-0.518262
1377,-2.959990,1.841140,4.443960,-0.203288,-0.843868,-0.496549
1378,-2.452270,2.050880,4.491440,0.752615,-0.657625,0.033162
1379,-2.644000,1.362810,4.484930,0.935399,0.061863,-0.348139
1380,-2.649240,1.355490,4.496850,0.909980,0.022799,0.414025
1381,-2.643290,1.347910,4.484190,0.935399,0.061863,-0.348139
1382,-2.655940,1.356050,4.478980,0.415419,0.064856,-0.907315
1383,-2.358500,2.147730,4.470270,0.322063,0.036109,-0.946029
1384,-2.366290,2.140970,4.480390,-0.264169,-0.695659,-0.668037
1385,-2.365400,2.155340,4.481650,-0.091579,0.801222,-0.591317
1386,-2.356420,2.145910,4.489730,0.986820,-0.112801,-0.116027
1387,-2.266540,1.964620,4.486490,-0.240034,-0.230734,-0.942945
1388,-2.243190,1.948410,4.500810,0.130380,-0.544279,-0.828711
1389,-2.268990,1.964950,4.506190,-0.546872,-0.835472,-0.054017
1390,-2.364860,2.357100,4.479850,0.020045,0.885127,-0.464918
1391,-2.350770,2.355410,4.477240,0.696551,0.340413,-0.631614
1392,-2.358060,2.349750,4.466150,0.696551,0.340413,-0.631614
1393,-2.355800,2.343000,4.482740,0.828242,-0.470558,-0.304285
1394,-2.016250,2.548870,4.497700,-0.412525,-0.222479,-0.883361
1395,-2.013140,2.532780,4.500300,-0.371563,-0.395106,-0.840138
1396,-2.022920,2.540050,4.511560,-0.804550,-0.243070,-0.541863
1397,-2.174830,2.344350,4.490850,0.933418,-0.299973,-0.196844
1398,-2.181870,2.359580,4.489250,0.564743,0.176354,-0.806204
1399,-2.169440,2.356850,4.497360,0.933418,-0.299973,-0.196844
1400,-1.663310,2.056340,4.544850,0.477434,0.760329,-0.440404
1401,0.117402,0.447510,4.338350,0.436276,0.781407,-0.446168
1402,-2.338120,1.856750,4.494130,0.844806,0.060815,-0.531605
1403,-2.337560,1.842240,4.493360,0.212101,-0.720211,-0.660537
1404,-2.344600,1.849650,4.483020,0.212101,-0.720211,-0.660537
1405,-1.936020,2.350280,4.519450,0.966526,-0.255649,0.021724
1406,0.214021,0.596226,2.994220,0.182458,-0.690805,-0.699641
1407,0.201912,0.598718,3.005930,-0.034072,-0.984121,0.174197
1408,0.196816,0.596057,2.989900,0.182458,-0.690805,-0.699641
1409,-1.128780,-0.083843,1.804680,0.290870,-0.145705,-0.945603
1410,-1.132740,-0.066632,1.800810,0.290870,-0.145705,-0.945603
1411,-1.117470,-0.071389,1.806240,0.290870,-0.145705,-0.945603
1412,-2.052850,2.245500,4.512240,0.089150,-0.963070,-0.254063
1413,-2.066950,2.244820,4.509870,0.089150,-0.963070,-0.254063
1414,-2.059650,2.255350,4.503490,0.161365,-0.590822,-0.790500
1415,-2.062590,2.250080,4.522450,-0.021537,-0.919706,0.392016
1416,-0.500938,-0.063872,2.048050,-0.628704,0.284568,-0.723707
1417,-0.491261,-0.053835,2.043590,0.279605,0.260811,-0.924012
1418,-0.492900,-0.071139,2.038210,0.279605,0.260811,-0.924012
1419,-0.487568,-0.063858,2.054010,0.945857,0.011267,-0.324389
1420,-1.453360,0.047188,4.595040,-0.930460,-0.175601,-0.321572
1421,-1.460590,0.073229,4.601740,-0.385013,-0.370227,-0.845398
1422,-1.448900,0.081939,4.601660,0.187817,0.043632,-0.981234
1423,-0.745806,-0.070248,1.744020,0.275342,-0.593529,-0.756248
1424,-0.752880,-0.081174,1.750020,0.275342,-0.593529,-0.756248
1425,-0.761740,-0.071605,1.755970,-0.596170,-0.053903,-0.801047
1426,-1.141300,-0.079695,1.635820,-0.206332,-0.074646,-0.975631
1427,-1.133140,-0.068944,1.640980,0.692654,0.648616,-0.315481
1428,-1.127240,-0.079218,1.632810,0.787842,-0.002930,-0.615871
1429,-1.213390,-0.083859,1.787380,0.567204,-0.653689,-0.500969
1430,-1.221280,-0.070744,1.782730,-0.093587,0.444620,-0.890817
1431,-1.206150,-0.072228,1.780400,0.719806,0.196376,-0.665819
1432,-0.862559,-0.088054,1.563220,-0.066862,-0.051481,-0.996433
1433,-0.869132,-0.077627,1.570430,-0.759308,-0.029142,-0.650078
1434,-0.862435,-0.068086,1.562180,-0.066862,-0.051481,-0.996433
1435,-0.852080,-0.083874,1.655360,0.586720,-0.626395,-0.513214
1436,-0.951801,-0.085487,1.367350,-0.511597,-0.343634,-0.787518
1437,-0.940813,-0.079799,1.357730,0.313639,-0.288212,-0.904745
1438,-0.939080,-0.094457,1.363000,0.313639,-0.288212,-0.904745
1439,-0.941848,-0.082598,1.460410,-0.071901,0.442648,-0.893808
1440,-0.956679,-0.082786,1.461510,-0.071901,0.442648,-0.893808
1441,-0.954019,-0.082285,1.476130,-0.014998,0.999391,-0.031498
1442,-0.934797,-0.081781,1.372060,0.920009,-0.031668,-0.390616
1443,-1.132180,-0.088843,1.642300,0.753574,-0.615181,-0.231687
1444,-1.249990,-0.081878,1.873520,0.645581,-0.583905,-0.492219
1445,-1.248220,-0.071079,1.863030,0.726741,0.241058,-0.643225
1446,-1.238420,-0.069938,1.874530,0.726741,0.241058,-0.643225
1447,-0.825683,-0.087715,1.152020,-0.044841,0.366320,-0.929408
1448,-0.816384,-0.084262,1.166210,0.812128,0.570206,0.123745
1449,-0.810528,-0.089234,1.150690,0.773981,0.135835,-0.618468
1450,-0.948622,-0.092485,1.467940,-0.052821,-0.581876,-0.811560
1451,-0.741903,-0.092983,1.245610,0.521383,0.365022,-0.771310
1452,-0.754479,-0.086832,1.240020,0.521383,0.365022,-0.771310
1453,-0.748760,-0.076173,1.248930,0.521383,0.365022,-0.771310
1454,-1.027010,-0.083165,1.477930,0.782217,-0.009795,-0.622930
1455,-1.192280,-0.077340,1.673430,0.312545,-0.032239,-0.949356
1456,-1.202360,-0.088781,1.670500,0.312545,-0.032239,-0.949356
1457,-1.204890,-0.069431,1.669010,0.312545,-0.032239,-0.949356
1458,-1.119140,-0.072726,1.581300,0.544145,0.072332,-0.835868
1459,-1.120020,-0.088756,1.579340,0.544145,0.072332,-0.835868
1460,-1.132390,-0.081443,1.571920,0.544145,0.072332,-0.835868
1461,-1.046320,-0.088481,1.637090,0.343507,-0.001327,-0.939149
1462,-1.054950,-0.078160,1.641550,-0.428628,0.031777,-0.902922
1463,-1.045450,-0.068505,1.637380,0.343507,-0.001327,-0.939149
1464,-1.209080,-0.068770,1.795090,0.848834,0.526714,0.045317
1465,-1.144640,-0.065481,1.735090,0.844305,0.314824,-0.433629
1466,-1.148830,-0.078930,1.744270,0.882211,0.045068,0.468693
1467,-1.140980,-0.082528,1.729840,0.844305,0.314824,-0.433629
1468,-0.356517,-0.062563,2.017420,0.070107,-0.029773,-0.997095
1469,-0.357417,-0.052004,2.027700,0.037782,0.698737,-0.714380
1470,-0.348705,-0.067830,2.028780,0.649728,-0.412895,-0.638257
1471,-1.125810,-0.070427,1.948690,0.825680,-0.092403,-0.556519
1472,-1.127770,-0.059309,1.958480,0.664116,0.556601,-0.499144
1473,-1.117660,-0.069453,1.960620,0.825680,-0.092403,-0.556519
1474,-1.063500,-0.059239,1.955550,0.835530,-0.004958,-0.549422
1475,-1.064380,-0.078992,1.954390,0.835530,-0.004958,-0.549422
1476,-1.070090,-0.068292,1.945610,0.835530,-0.004958,-0.549422
1477,-0.845709,-0.067977,1.922510,0.420762,0.341094,-0.840603
1478,-0.838270,-0.058029,1.930270,0.420762,0.341094,-0.840603
1479,-0.833136,-0.074565,1.926130,0.420762,0.341094,-0.840603
1480,-0.958043,-0.076222,2.039430,0.265423,-0.444585,-0.855508
1481,-0.964098,-0.064962,2.031700,0.070613,0.440211,-0.895113
1482,-0.949781,-0.061687,2.034440,0.070613,0.440211,-0.895113
1483,-0.747473,-0.070658,1.758430,0.856991,-0.508326,0.084680
1484,-0.944114,-0.079345,1.771480,0.914695,-0.401472,-0.046405
1485,-0.956375,-0.077605,1.758650,0.062549,-0.359899,-0.930892
1486,-0.942545,-0.074245,1.758280,0.761598,-0.066912,-0.644586
1487,1.720730,0.153771,2.899120,-0.878318,0.421093,-0.226361
1488,1.722520,0.148307,2.882010,-0.667879,-0.091419,-0.738634
1489,1.715160,0.139218,2.893660,-0.805301,-0.097470,-0.584800
1490,-1.041690,-0.078813,1.646500,0.910019,-0.033636,-0.413201
1491,-0.962660,-0.061697,2.046210,-0.182269,0.962985,-0.198591
1492,-0.944500,-0.053851,2.145880,0.030086,0.361324,-0.931955
1493,-0.939744,-0.070393,2.139620,0.030086,0.361324,-0.931955
1494,-0.950673,-0.064845,2.153230,-0.776632,0.015036,-0.629775
1495,0.043600,0.045946,4.698920,0.435162,-0.821639,-0.368161
1496,0.039020,0.051415,4.681300,0.104725,-0.323670,-0.940356
1497,0.043628,0.059890,4.692990,0.947954,-0.097161,-0.303222
1498,0.030213,0.052969,4.694320,-0.753753,-0.476038,-0.453039
1499,-1.341590,-0.028898,4.563400,0.578703,0.564595,-0.588502
1500,-0.540013,-0.084893,1.243050,0.326953,0.035260,-0.944383
1501,-0.538399,-0.085445,1.257210,0.993570,0.000872,-0.113216
1502,-0.546910,-0.095145,1.251140,0.003672,-0.620984,-0.783815
1503,-0.546840,-0.075246,1.251910,0.008243,0.679554,-0.733580
1504,0.057097,-0.054355,1.745000,0.104732,0.615616,-0.781056
1505,0.064703,-0.064353,1.738140,0.432757,-0.008029,-0.901475
1506,0.056881,-0.074131,1.745070,0.091203,-0.623348,-0.776607
1507,0.525503,-0.077897,0.765980,-0.264527,0.635928,-0.724997
1508,0.523914,-0.095614,0.767274,-0.362701,-0.664135,-0.653738
1509,0.512918,-0.085925,0.763531,-0.787013,0.049709,-0.614930
1510,0.516582,-0.085800,0.778207,-0.966373,0.091025,0.240493
1511,-0.791158,-0.021091,4.587590,-0.760518,0.354993,-0.543684
1512,0.356449,-0.089521,0.644283,0.439070,0.023992,-0.898132
1513,0.347341,-0.100911,0.648759,-0.498541,-0.741925,-0.448335
1514,0.343889,-0.092134,0.638073,-0.533515,-0.145359,-0.833206
1515,0.543791,-0.074244,0.849343,-0.615896,-0.036665,-0.786974
1516,0.552968,-0.083324,0.842584,-0.615896,-0.036665,-0.786974
1517,0.545515,-0.094124,0.848920,-0.615896,-0.036665,-0.786974
1518,0.246899,-0.074592,1.724800,-0.000269,-0.698288,-0.715817
1519,0.238254,-0.065999,1.716420,-0.053758,-0.102822,-0.993246
1520,0.252633,-0.065112,1.715550,-0.053758,-0.102822,-0.993246
1521,-0.538859,-0.094855,1.048140,0.922737,-0.378218,0.074208
1522,-0.550235,-0.096571,1.035730,0.049760,-0.469304,-0.881633
1523,-0.536318,-0.091470,1.033800,0.718970,-0.066501,-0.691852
1524,1.035050,-0.057021,1.743150,-0.508892,0.077171,-0.857365
1525,1.040710,-0.039806,1.741340,-0.508892,0.077171,-0.857365
1526,1.049190,-0.052879,1.735130,-0.508892,0.077171,-0.857365
1527,0.334835,-0.094451,0.556366,-0.847482,0.530646,0.013748
1528,0.234834,-0.099657,0.422967,0.651928,-0.069173,-0.755120
1529,0.225810,-0.111119,0.420026,-0.461303,-0.134740,-0.876952
1530,0.223159,-0.091623,0.418425,-0.391500,0.691020,-0.607634
1531,-0.046762,-0.100453,0.244477,0.630385,0.048881,-0.774742
1532,-0.049349,-0.119641,0.241161,0.630385,0.048881,-0.774742
1533,-0.057142,-0.107571,0.235582,0.630385,0.048881,-0.774742
1534,0.262941,-0.098576,0.447134,0.651928,-0.069173,-0.755120
1535,0.254225,-0.107505,0.456292,0.393856,-0.816812,-0.421540
1536,-0.216076,-0.103625,0.281827,0.151260,0.737358,-0.658349
1537,-0.199133,-0.104848,0.284350,0.151260,0.737358,-0.658349
1538,-0.211355,-0.116889,0.285091,0.130903,-0.192717,-0.972484
1539,-0.127331,-0.104887,0.189448,0.454494,0.845849,-0.279240
1540,-0.114486,-0.112329,0.187812,0.454494,0.845849,-0.279240
1541,-0.126852,-0.118091,0.181736,0.182387,0.500808,-0.846124
1542,-0.054939,-0.089354,0.641027,-0.204819,-0.340394,-0.917704
1543,-0.051122,-0.106282,0.646454,-0.204819,-0.340394,-0.917704
1544,-0.057036,-0.095513,0.653747,-0.907682,-0.299062,-0.294406
1545,0.252805,-0.088398,0.452900,0.003979,0.995324,-0.096516
1546,0.343425,-0.089276,0.754890,-0.940057,0.340860,-0.010362
1547,0.344241,-0.087469,0.740310,-0.641527,0.331329,-0.691856
1548,0.352143,-0.098252,0.746459,-0.354854,-0.645639,-0.676186
1549,0.236368,-0.086563,1.041150,0.425684,-0.296317,-0.854979
1550,0.238916,-0.073954,1.051010,0.197847,0.578713,-0.791169
1551,0.251958,-0.082979,1.047670,0.425684,-0.296317,-0.854979
1552,-0.243735,-0.096116,0.738719,0.494532,0.017834,-0.868977
1553,-0.251695,-0.086270,0.745684,0.164065,0.654668,-0.737897
1554,-0.244851,-0.096398,0.752832,0.996889,-0.000526,0.078819
1555,-1.660080,2.488780,4.524080,0.061138,-0.998128,0.001832
1556,-1.667110,2.495900,4.513650,-0.726163,0.067817,-0.684170
1557,-1.658830,2.488820,4.504160,0.080989,-0.372579,-0.924460
1558,0.426464,-0.097926,0.653044,-0.271753,-0.307908,-0.911780
1559,0.428233,-0.082007,0.661061,-0.878644,0.289046,-0.380049
1560,0.433259,-0.085466,0.646811,-0.271753,-0.307908,-0.911780
1561,-0.648348,-0.066866,2.012620,0.141511,0.475048,-0.868507
1562,-0.642917,-0.055759,2.019580,0.141511,0.475048,-0.868507
1563,-0.633091,-0.065323,2.015950,0.141511,0.475048,-0.868507
1564,-0.830424,-0.063167,2.128260,0.327612,0.475987,-0.816154
1565,-0.839461,-0.073411,2.133490,-0.177442,-0.318808,-0.931061
1566,-0.842742,-0.055289,2.127910,0.327612,0.475987,-0.816154
1567,0.467896,-0.062433,1.933600,0.268905,0.348249,-0.898005
1568,0.460905,-0.045921,1.937910,0.268905,0.348249,-0.898005
1569,0.467502,-0.055587,1.946180,0.881112,0.426421,-0.204468
1570,2.116380,0.904713,3.247000,-0.365709,-0.903620,0.222999
1571,2.103380,0.908501,3.241030,-0.804349,-0.449301,-0.388781
1572,2.111840,0.902476,3.230490,-0.804349,-0.449301,-0.388781
1573,2.552270,1.636130,4.789840,-0.881529,0.353866,-0.312548
1574,2.564220,1.634730,4.775170,-0.022348,0.184101,-0.982653
1575,2.563470,1.611460,4.794280,-0.308010,-0.509570,-0.803410
1576,1.445180,0.555988,2.829620,-0.256613,-0.022191,-0.966259
1577,1.457440,0.543973,2.826640,-0.256613,-0.022191,-0.966259
1578,1.443500,0.541452,2.830400,-0.256613,-0.022191,-0.966259
1579,1.375110,0.732152,2.798210,-0.304870,0.240607,-0.921500
1580,1.363380,0.738162,2.803660,-0.304870,0.240607,-0.921500
1581,1.375990,0.742205,2.808960,0.054539,0.727070,-0.684394
1582,1.366420,0.724790,2.807580,-0.535612,-0.347403,-0.769695
1583,1.563510,0.112425,2.859330,-0.909924,0.397119,-0.119727
1584,0.347680,-0.076331,0.846917,-0.074450,0.530145,-0.844632
1585,0.354870,-0.086788,0.839720,-0.065286,-0.099878,-0.992855
1586,0.340418,-0.087232,0.840715,-0.065286,-0.099878,-0.992855
1587,0.348423,-0.096152,0.848862,-0.028768,-0.688055,-0.725088
1588,2.254760,0.253122,3.259360,-0.069933,-0.658446,-0.749372
1589,1.647880,0.738805,2.871470,-0.392970,0.381253,-0.836792
1590,1.645910,0.741567,2.887350,-0.978238,0.146579,-0.146850
1591,1.649140,0.753185,2.877430,-0.392970,0.381253,-0.836792
1592,2.234010,0.254991,3.347520,-0.514477,0.023698,-0.857176
1593,1.540720,0.657413,2.861800,-0.860732,0.221773,-0.458210
1594,1.548120,0.658654,2.848500,-0.159612,-0.257775,-0.952930
1595,1.542460,0.645819,2.852920,-0.159612,-0.257775,-0.952930
1596,1.551940,0.647307,2.864060,0.695739,-0.488239,-0.526849
1597,0.825290,-0.061544,1.525760,-0.432220,-0.142517,-0.890435
1598,0.837367,-0.065077,1.534780,0.370282,-0.582254,-0.723790
1599,0.825848,-0.062758,1.544870,-0.898042,-0.439906,-0.001705
1600,1.140100,0.357946,2.785810,-0.755273,0.335202,-0.563207
1601,1.143350,0.348030,2.775550,-0.755273,0.335202,-0.563207
1602,1.145790,0.348396,2.795340,-0.900615,-0.418073,0.118773
1603,1.296670,-0.034210,2.003210,-0.529665,0.705220,-0.471296
1604,1.305500,-0.045173,1.998490,0.507345,-0.247142,-0.825544
1605,1.292820,-0.045415,1.990770,-0.484725,-0.138005,-0.863711
1606,-0.539788,-0.064029,2.038090,0.826068,0.093051,-0.555836
1607,-0.531796,-0.062342,2.050250,0.826068,0.093051,-0.555836
1608,-0.540914,-0.073746,2.049040,0.734025,-0.543671,-0.406976
1609,-0.543721,-0.054090,2.048160,0.557907,0.689198,-0.462326
1610,0.815866,-0.069067,1.182890,-0.810843,0.581989,0.061829
1611,0.828824,-0.071711,1.168480,0.065571,0.403148,-0.912782
1612,0.813745,-0.070435,1.167960,-0.666699,0.341911,-0.662276
1613,0.847509,2.254750,4.688990,0.635392,0.198754,-0.746173
1614,0.845799,2.241070,4.683890,0.284014,-0.709106,-0.645372
1615,0.831838,2.245650,4.684230,-0.195097,-0.533615,-0.822917
1616,-0.119593,-0.055668,2.251100,-0.027794,-0.504124,-0.863184
1617,-0.137945,-0.054725,2.251140,-0.027794,-0.504124,-0.863184
1618,-0.128244,-0.045195,2.255810,0.019800,0.423613,-0.905627
1619,-0.132285,-0.056005,2.264380,-0.051352,-0.995914,-0.074291
1620,-1.652760,2.496740,4.514560,0.794277,0.160658,-0.585930
1621,1.521350,2.645140,4.848440,-0.428742,-0.849405,0.307719
1622,1.512000,2.645360,4.836020,-0.497654,-0.647884,-0.576703
1623,1.525220,2.637680,4.833240,-0.497654,-0.647884,-0.576703
1624,-2.418600,1.511660,4.491430,0.115044,-0.135419,-0.984087
1625,-2.422620,1.503290,4.503100,-0.116758,-0.787560,-0.605076
1626,-2.426570,1.518900,4.503410,-0.579173,0.467497,-0.667837
1627,-1.950030,2.428570,4.509050,0.557175,-0.183944,-0.809766
1628,-2.197580,2.210450,4.503140,0.714803,-0.401860,-0.572333
1629,-2.049290,2.349120,4.499850,0.161458,-0.433976,-0.886339
1630,-2.047000,2.361780,4.508600,0.504974,0.427073,-0.750073
1631,-2.047810,2.350490,4.519270,0.526415,-0.849996,0.019845
1632,-2.248480,2.137310,4.493920,0.627362,-0.424268,-0.653004
1633,-2.258750,2.139870,4.482390,0.627362,-0.424268,-0.653004
1634,-2.257730,2.148480,4.494010,0.675263,0.563032,-0.476461
1635,-2.262300,2.136780,4.501250,-0.053060,-0.983811,-0.171174
1636,-1.728110,2.454240,4.525960,0.503388,-0.707928,-0.495417
1637,-1.740870,2.447840,4.522140,-0.358694,-0.630700,-0.688154
1638,-1.737620,2.457590,4.511510,-0.358694,-0.630700,-0.688154
1639,-1.510560,1.988210,4.596980,-0.027779,-0.210280,-0.977246
1640,-1.525650,1.991830,4.596630,-0.027779,-0.210280,-0.977246
1641,-1.516400,1.998070,4.605980,0.188348,0.720618,-0.667259
1642,-1.523880,1.986710,4.611170,-0.215866,-0.928927,-0.300827
1643,-1.987520,2.517360,4.506510,-0.151100,-0.862004,-0.483858
1644,-1.985730,2.526830,4.489080,0.315975,-0.044025,-0.947745
1645,-1.976260,2.522320,4.498980,0.691439,-0.114071,-0.713372
1646,-2.262320,2.333320,4.480540,0.284191,-0.800371,-0.527865
1647,-2.255210,2.346100,4.486490,0.567483,0.066384,-0.820704
1648,-2.249800,2.332120,4.489100,0.284191,-0.800371,-0.527865
1649,-2.260100,2.337600,4.498880,-0.259782,-0.932967,0.249172
1650,-2.053920,2.493390,4.488850,0.314382,-0.160523,-0.935626
1651,-2.049390,2.493700,4.505330,0.933459,-0.255459,-0.251783
1652,-2.065090,2.488760,4.500710,-0.392610,-0.669116,-0.630984
1653,-1.845560,2.165970,4.511290,0.245018,-0.722000,-0.647057
1654,-1.849690,2.156180,4.520650,0.245018,-0.722000,-0.647057
1655,-1.855860,2.168910,4.520970,-0.695632,-0.321004,-0.642692
1656,-2.054510,2.046060,4.524860,0.443210,-0.890046,-0.106693
1657,-1.753820,2.244220,4.530250,0.483088,-0.142406,-0.863913
1658,-1.741840,2.256590,4.534910,0.483088,-0.142406,-0.863913
1659,-1.741370,2.242290,4.537530,0.483088,-0.142406,-0.863913
1660,1.616200,2.699920,4.777110,-0.054320,-0.290365,-0.955373
1661,1.628340,2.692220,4.778760,-0.054320,-0.290365,-0.955373
1662,1.616590,2.684350,4.781820,-0.054320,-0.290365,-0.955373
1663,-2.973990,2.447950,4.432990,0.823432,0.052161,-0.565012
1664,-2.152330,1.853950,4.503040,0.079670,-0.392848,-0.916146
1665,-2.146520,1.862890,4.513000,0.747340,0.214811,-0.628760
1666,-2.152880,1.854380,4.522990,0.143660,-0.989304,0.025284
1667,-2.346690,1.848520,4.502770,-0.638420,-0.761622,-0.111136
1668,-2.217180,1.739870,4.502340,0.778438,-0.290153,-0.556637
1669,-2.229330,1.747980,4.500310,0.218982,-0.430388,-0.875679
1670,-2.216920,1.754150,4.495260,0.778438,-0.290153,-0.556637
1671,-2.222470,1.750310,4.513160,0.936437,0.142008,0.320812
1672,-2.458980,1.860580,4.480650,-0.676787,0.069157,-0.732923
1673,-2.450100,1.853690,4.471800,0.151478,-0.366083,-0.918171
1674,-2.452880,1.853680,4.491600,0.060322,-0.998147,0.007965
1675,-2.450020,1.757520,4.496390,0.789139,0.549643,-0.274138
1676,-2.457810,1.945560,4.478400,-0.115343,-0.704361,-0.700408
1677,-2.457900,1.959730,4.479730,-0.129769,0.822299,-0.554062
1678,-2.450680,1.953680,4.469060,0.354929,0.090950,-0.930459
1679,-2.450510,1.951810,4.488970,0.999916,0.010515,-0.007550
1680,0.646506,2.515660,4.694960,0.541247,-0.515624,-0.664217
1681,0.662911,2.536500,4.692150,0.541446,-0.056475,-0.838837
1682,0.665997,2.534070,4.707550,0.744928,-0.619712,-0.247062
1683,-2.444850,1.861490,4.482640,0.837002,0.162706,-0.522451
1684,-2.739930,2.533390,4.477540,0.980738,-0.180915,0.073642
1685,-2.747530,2.528770,4.466220,-0.186175,-0.655196,-0.732159
1686,-2.738050,2.535530,4.457760,0.448404,0.032990,-0.893222
1687,-2.541910,1.856230,4.481900,0.707138,0.051387,-0.705205
1688,-2.541560,1.841670,4.481190,0.284794,-0.700451,-0.654416
1689,-2.551430,1.846570,4.471650,0.284794,-0.700451,-0.654416
1690,-2.553420,1.845180,4.488900,-0.350068,-0.929602,-0.115292
1691,-1.760590,1.455220,4.558020,-0.642139,0.338650,-0.687731
1692,-1.749730,1.448620,4.544630,-0.257762,-0.471195,-0.843525
1693,-1.760740,1.442040,4.551670,-0.257762,-0.471195,-0.843525
1694,-2.653550,1.947550,4.473890,0.606708,-0.786519,0.115292
1695,-2.748370,1.848810,4.469680,0.731127,-0.660650,0.170277
1696,-2.745560,1.846850,4.450010,0.849423,0.076596,-0.522124
1697,-2.740150,1.855430,4.460070,0.849423,0.076596,-0.522124
1698,-2.961260,1.348940,4.453720,-0.598585,-0.496460,-0.628668
1699,-2.950410,1.347660,4.444400,0.410846,-0.687479,-0.598814
1700,-2.952580,1.337740,4.454300,0.410846,-0.687479,-0.598814
1701,-2.049290,1.141860,4.536390,0.666130,-0.323648,-0.671954
1702,-2.041470,1.157000,4.536850,0.666130,-0.323648,-0.671954
1703,-2.048770,1.150980,4.551030,0.857131,-0.450317,0.250081
1704,-2.052830,1.260180,4.539260,0.055790,0.792328,-0.607540
1705,-2.048870,1.350110,4.544730,0.996965,-0.009376,0.077290
1706,-2.055420,1.342780,4.534400,-0.077418,-0.782055,-0.618382
1707,-2.047330,1.349570,4.524800,0.432546,-0.028567,-0.901159
1708,-2.044210,1.847570,4.522660,0.056852,-0.825711,-0.561221
1709,-2.058340,1.847270,4.521670,0.056852,-0.825711,-0.561221
1710,-2.050720,1.854340,4.512040,0.056852,-0.825711,-0.561221
1711,-2.273980,1.821930,4.504500,0.419635,-0.889956,-0.178562
1712,-2.269250,1.827820,4.486260,0.866266,-0.040750,-0.497919
1713,-2.261780,1.828750,4.499180,0.866266,-0.040750,-0.497919
1714,-2.275290,1.835000,4.497700,0.427037,0.850127,-0.308095
1715,-2.225480,2.019780,4.512060,0.882908,-0.462527,0.080888
1716,-2.235300,2.018040,4.500570,-0.343554,-0.539554,-0.768669
1717,-2.222810,2.021470,4.492580,0.489422,-0.113987,-0.864565
1718,-2.151450,2.171530,4.507560,0.130915,0.295904,-0.946204
1719,-2.151660,2.156370,4.502790,0.453488,-0.313085,-0.834462
1720,-2.186030,2.145920,4.495010,0.025459,0.541756,-0.840150
1721,-2.179960,2.137160,4.484530,0.580178,-0.084701,-0.810073
1722,-2.182490,2.134540,4.504050,0.578156,-0.815842,0.011691
1723,-2.154450,2.237890,4.515940,0.658574,-0.722366,0.210873
1724,-2.163400,2.237690,4.504070,-0.488965,-0.513576,-0.705091
1725,-2.150660,2.235720,4.496670,0.443436,-0.394541,-0.804800
1726,-2.152580,2.247830,4.505060,0.607450,0.515203,-0.604625
1727,-1.946840,2.150130,4.521510,0.664703,-0.437625,-0.605519
1728,-1.959880,2.138930,4.515290,0.664703,-0.437625,-0.605519
1729,-1.960790,2.152600,4.519460,0.190228,0.298010,-0.935416
1730,-1.956860,2.146350,4.531730,0.557485,-0.790287,0.254278
1731,-1.846480,2.165010,4.531230,0.929467,-0.368045,0.025165
1732,-1.558360,1.959500,4.562690,0.520685,-0.317521,-0.792507
1733,-1.558320,1.967290,4.575340,0.963549,0.226432,-0.142486
1734,-1.568500,1.957230,4.579320,0.124153,-0.990478,-0.059499
1735,-1.947710,1.751020,4.515340,0.091002,-0.382153,-0.919607
1736,-1.941590,1.758310,4.525870,0.832797,0.089868,-0.546235
1737,-1.949810,1.751490,4.535220,-0.019318,-0.999580,0.021591
1738,-1.954790,1.351630,4.535370,0.626056,0.159685,-0.763253
1739,-1.943650,1.339310,4.541930,0.626056,0.159685,-0.763253
1740,-1.958270,1.339390,4.542590,-0.041811,-0.498775,-0.865722
1741,-1.955700,1.758600,4.524370,-0.693328,0.116375,-0.711164
1742,-2.368080,1.659400,4.501940,-0.509509,0.471265,-0.719938
1743,-2.342980,1.674010,4.493740,0.162240,0.044355,-0.985754
1744,-2.362240,1.646450,4.489330,0.172430,-0.329626,-0.928232
1745,-2.557370,1.544640,4.484690,0.195098,0.042931,-0.979844
1746,-2.552540,1.558980,4.486280,0.195098,0.042931,-0.979844
1747,-2.541620,1.543590,4.487780,0.195098,0.042931,-0.979844
1748,-2.431200,1.344600,4.495450,0.839948,0.226757,-0.493020
1749,-2.436040,1.348870,4.513710,0.934112,-0.201455,0.294705
1750,-1.954760,1.252510,4.536770,0.603221,0.427943,-0.673045
1751,-1.947380,1.259030,4.547530,0.603221,0.427943,-0.673045
1752,-1.950730,1.245840,4.552800,0.856191,-0.363967,-0.366694
1753,-1.951820,1.347920,4.552580,0.736660,0.676007,0.018600
1754,-1.745340,1.041630,4.560670,0.783795,-0.173301,-0.596349
1755,-1.759720,1.041620,4.560020,0.024020,-0.854890,-0.518253
1756,-1.752360,1.048180,4.549540,0.783795,-0.173301,-0.596349
1757,-2.338810,1.548210,4.504380,0.868422,0.072418,-0.490510
1758,-2.343580,1.537610,4.494370,0.227403,-0.595450,-0.770537
1759,-2.359500,1.568230,4.495730,0.480319,-0.169508,-0.860558
1760,-2.462920,1.559870,4.490950,-0.655256,-0.100145,-0.748739
1761,-2.452760,1.553130,4.482960,0.086743,-0.786594,-0.611348
1762,-2.461500,1.545420,4.491640,0.086743,-0.786594,-0.611348
1763,-1.857860,1.763770,4.535190,-0.758336,-0.093055,-0.645187
1764,-1.849280,1.757220,4.526050,0.004908,-0.792835,-0.609416
1765,-1.856650,1.749680,4.535800,0.004908,-0.792835,-0.609416
1766,-2.465050,1.460760,4.487020,-0.175477,0.295903,-0.938962
1767,-2.441230,1.439490,4.493520,0.494233,-0.560421,-0.664576
1768,-2.454400,1.443460,4.501960,-0.450115,-0.838122,-0.308137
1769,-2.360850,1.746460,4.483340,0.706104,-0.251690,-0.661868
1770,-2.350370,1.746540,4.494490,0.236794,-0.211194,-0.948328
1771,-2.355750,1.718640,4.499360,0.237035,-0.210537,-0.948414
1772,-2.236910,1.862150,4.496090,0.828471,-0.175559,-0.531803
1773,-2.233350,1.850960,4.505330,0.828471,-0.175559,-0.531803
1774,-2.247980,1.854280,4.502910,-0.018190,-0.640050,-0.768118
1775,-2.250200,1.454340,4.504000,0.856766,0.041475,-0.514036
1776,-2.244370,1.462060,4.514340,0.856766,0.041475,-0.514036
1777,-2.243470,1.447930,4.514700,0.856766,0.041475,-0.514036
1778,-1.948560,1.462220,4.548850,0.643650,-0.761669,0.074671
1779,-1.952170,1.457390,4.530700,0.585511,-0.254239,-0.769766
1780,-1.941000,1.467340,4.535910,0.585511,-0.254239,-0.769766
1781,-0.797101,1.109070,4.652730,-0.315299,0.100809,-0.943623
1782,-0.790273,1.073320,4.651600,-0.262301,-0.559734,-0.786064
1783,-0.808539,1.079380,4.653380,-0.467411,-0.475238,-0.745436
1784,-1.570940,1.966530,4.567540,-0.298492,0.119155,-0.946945
1785,-1.561160,1.647960,4.584740,0.474400,-0.878005,-0.063656
1786,-1.555430,1.652340,4.567030,0.485227,-0.203436,-0.850394
1787,-1.556810,1.662310,4.579820,0.751328,0.557336,-0.353386
1788,-1.851640,1.943200,4.521590,0.775045,-0.247757,-0.581311
1789,-1.842300,1.944450,4.533510,0.775045,-0.247757,-0.581311
1790,-1.859040,1.939350,4.537470,0.266224,-0.957824,-0.108159
1791,-2.144380,2.048380,4.518750,-0.563211,-0.825944,0.024700
1792,-2.150320,2.051920,4.501680,-0.073074,-0.661694,-0.746204
1793,-2.136140,2.042460,4.508680,-0.073074,-0.661694,-0.746204
1794,-1.860800,2.043570,4.524710,-0.243271,-0.655626,-0.714824
1795,-1.847900,2.046470,4.517660,-0.243271,-0.655626,-0.714824
1796,-1.852450,2.046670,4.536760,0.255543,-0.964189,0.070972
1797,-1.854240,2.057030,4.525300,-0.508179,0.283322,-0.813316
1798,0.630658,2.518290,4.690310,0.224497,-0.291342,-0.929904
1799,0.641786,2.530280,4.689240,0.094385,0.140532,-0.985567
1800,-2.340220,1.711390,4.495180,0.265199,-0.777222,-0.570609
1801,-2.340770,1.663830,4.504150,0.720791,-0.610480,-0.328290
1802,-2.156810,1.954300,4.518890,0.391032,-0.912743,0.118300
1803,-2.154590,1.952690,4.499130,0.822063,-0.249693,-0.511728
1804,-2.146540,1.957510,4.509710,0.822063,-0.249693,-0.511728
1805,-2.159190,1.963550,4.507800,0.412651,0.668632,-0.618587
1806,-2.252100,1.546340,4.499140,0.716131,-0.088464,-0.692337
1807,-2.260650,1.538990,4.508040,0.444471,-0.852009,-0.276634
1808,-2.293810,1.544340,4.501020,-0.037939,-0.138973,-0.989569
1809,-1.749090,1.443540,4.560390,0.340008,-0.890953,-0.300993
1810,-2.260030,1.971990,4.497180,0.265993,0.399335,-0.877370
1811,-1.749260,1.854910,4.535220,-0.087222,-0.510874,-0.855220
1812,-1.748430,1.842280,4.542680,-0.087222,-0.510874,-0.855220
1813,-1.762850,1.845060,4.542490,-0.087222,-0.510874,-0.855220
1814,-2.344350,2.057290,4.488960,0.856398,0.213708,-0.470012
1815,-2.262620,2.053350,4.483580,-0.014279,-0.243945,-0.969684
1816,-2.255440,2.059730,4.494410,0.741774,0.232829,-0.628937
1817,-2.262030,2.050370,4.503270,0.033720,-0.988028,-0.150544
1818,-2.757650,2.252650,4.457500,-0.147228,0.713225,-0.685298
1819,-2.460440,2.354550,4.470700,-0.228502,-0.737903,-0.635047
1820,-2.454960,2.362380,4.459630,0.118264,-0.111561,-0.986695
1821,-2.446310,2.366270,4.472630,0.811685,0.111310,-0.573391
1822,-2.181270,2.351210,4.504830,0.616845,-0.556082,0.557024
1823,-1.854930,2.435580,4.522340,0.869755,0.492232,0.035125
1824,-1.579130,2.432660,4.561170,-0.228717,-0.673330,-0.703076
1825,-1.565090,2.435670,4.553720,0.663881,-0.585906,-0.464732
1826,-1.566830,2.425600,4.563930,0.663881,-0.585906,-0.464732
1827,-1.743480,2.461540,4.527030,-0.938736,-0.057554,-0.339797
1828,-1.990350,2.376410,4.508130,0.310727,-0.948382,0.063406
1829,-2.550590,2.339540,4.472430,-0.032000,-0.797981,-0.601832
1830,-2.552240,2.353580,4.471830,-0.813663,-0.119932,-0.568831
1831,-2.544380,2.347210,4.461930,-0.032000,-0.797981,-0.601832
1832,-2.543920,2.348120,4.481890,0.783962,-0.620725,0.010232
1833,-2.269900,2.059360,4.494780,-0.778419,0.178590,-0.601805
1834,-1.945010,2.047710,4.532030,0.810741,0.583420,-0.048172
1835,-2.160480,1.860440,4.512660,-0.766180,-0.009708,-0.642553
1836,-2.240640,1.859590,4.515110,0.856245,0.462461,0.230163
1837,-1.966430,1.945110,4.523810,0.139153,-0.828316,-0.542706
1838,-1.969390,1.959150,4.521750,-0.683613,-0.244995,-0.687496
1839,-1.959050,1.953000,4.513660,0.139153,-0.828316,-0.542706
1840,-1.961410,1.955380,4.533250,0.817454,-0.551703,0.165505
1841,-1.743680,1.742800,4.544130,0.710520,-0.058160,-0.701269
1842,-1.752250,1.750480,4.534810,0.710520,-0.058160,-0.701269
1843,-1.742860,1.757520,4.543740,0.710520,-0.058160,-0.701269
1844,-1.508870,2.052180,4.601870,0.560245,-0.385515,-0.733146
1845,-1.520640,2.042340,4.598050,0.560245,-0.385515,-0.733146
1846,-1.518640,2.056790,4.591980,0.560245,-0.385515,-0.733146
1847,-2.146950,2.160630,4.515530,0.462565,-0.878068,0.122597
1848,-2.135650,2.163090,4.507220,0.433139,-0.573602,-0.695249
1849,-2.145310,2.455130,4.483220,0.132259,-0.015047,-0.991101
1850,-2.139650,2.460240,4.497890,0.874900,0.239455,-0.420965
1851,-2.155000,2.556970,4.487060,0.134264,-0.127505,-0.982708
1852,-2.139650,2.558490,4.488960,0.134264,-0.127505,-0.982708
1853,-2.144190,2.543690,4.490260,0.134264,-0.127505,-0.982708
1854,-2.264240,2.459650,4.497960,0.618445,-0.783847,0.055767
1855,-2.263780,2.458600,4.478100,0.778639,-0.044973,-0.625859
1856,-2.255510,2.465820,4.487870,0.778639,-0.044973,-0.625859
1857,-2.461700,2.370440,4.471650,-0.454844,0.600468,-0.657689
1858,-2.744930,2.542660,4.467970,0.076890,0.841025,-0.535504
1859,-3.052880,2.435780,4.443840,0.797068,-0.457594,-0.394070
1860,-3.067150,2.436700,4.439860,0.002173,-0.972568,-0.232607
1861,-3.058490,2.439520,4.428150,0.797068,-0.457594,-0.394070
1862,-3.061540,2.450330,4.441580,0.856168,0.479797,-0.191757
1863,-2.549960,1.754030,4.472680,0.930090,-0.098592,-0.353854
1864,-2.555480,1.762660,4.484320,0.621148,0.741087,-0.254883
1865,-2.543470,1.754420,4.489630,0.930090,-0.098592,-0.353854
1866,-2.852660,2.247460,4.441450,0.557223,-0.029528,-0.829837
1867,-2.841290,2.259960,4.448640,0.557223,-0.029528,-0.829837
1868,-2.840900,2.245680,4.449410,0.557223,-0.029528,-0.829837
1869,-2.967530,2.161480,4.433460,0.056295,0.700273,-0.711652
1870,-2.953430,2.159940,4.433060,0.752104,-0.043434,-0.657611
1871,-2.961380,2.151880,4.424500,0.752104,-0.043434,-0.657611
1872,-2.960500,2.154810,4.444240,0.665597,-0.741962,0.080457
1873,-2.850770,2.050320,4.462180,0.838900,-0.333952,0.429795
1874,-2.844340,2.045430,4.445830,0.901057,0.136326,-0.411718
1875,-2.843010,2.057780,4.452830,0.901057,0.136326,-0.411718
1876,-2.857110,2.057500,4.450690,0.122375,0.479388,-0.869029
1877,-2.740300,2.151110,4.456370,0.888007,0.114365,-0.445381
1878,-3.052520,1.748040,4.431870,0.796625,0.049374,-0.602454
1879,-3.044730,1.740100,4.441520,0.796625,0.049374,-0.602454
1880,-3.059230,1.738380,4.440580,0.129203,-0.712032,-0.690158
1881,-3.053570,1.746130,4.451630,0.641227,0.759782,0.107514
1882,-3.049300,1.653390,4.454070,0.443058,-0.743360,0.501114
1883,-2.655210,1.757880,4.473210,-0.644349,-0.094968,-0.758812
1884,-2.957190,1.644930,4.447510,0.802669,-0.090216,-0.589562
1885,-2.966410,1.646350,4.434740,0.802669,-0.090216,-0.589562
1886,-2.970930,1.655020,4.448750,0.545190,0.780123,-0.306881
1887,-2.858940,1.749920,4.449960,-0.015884,-0.113886,-0.993367
1888,-2.845060,1.740570,4.450810,0.309698,-0.806379,-0.503825
1889,-2.859290,1.734530,4.451730,0.309698,-0.806379,-0.503825
1890,-2.039380,1.759100,4.522990,0.456664,0.463329,-0.759463
1891,-3.146730,1.354630,4.457000,0.797750,0.601700,-0.039395
1892,-2.855560,1.742400,4.464540,0.379717,-0.833447,0.401474
1893,-3.229330,1.775890,4.436540,0.980931,-0.065961,0.182821
1894,-2.280420,1.684770,4.505640,0.347020,0.874641,-0.338497
1895,-2.271290,1.677560,4.496370,0.629752,0.004598,-0.776783
1896,-2.282830,1.678520,4.487020,0.629752,0.004598,-0.776783
1897,-0.943609,-0.078842,1.572630,0.199158,0.698897,-0.686934
1898,-0.957627,-0.078737,1.585720,-0.647873,0.308948,-0.696284
1899,-0.948352,-0.068753,1.581520,0.199158,0.698897,-0.686934
1900,-1.066000,-0.073711,1.774730,0.990280,-0.047911,0.130573
1901,-1.065330,-0.084663,1.765630,0.763956,-0.108029,-0.636161
1902,-1.064120,-0.064859,1.763720,0.763956,-0.108029,-0.636161
1903,-1.075490,-0.074156,1.764110,0.046622,-0.098715,-0.994023
1904,-2.260690,1.747770,4.486090,0.290417,-0.720396,-0.629832
1905,-2.258540,1.738530,4.497650,0.218982,-0.430388,-0.875679
1906,-0.950096,-0.063996,1.764650,0.548767,0.694000,-0.466068
1907,-0.941873,-0.079338,1.588550,0.873000,0.481079,-0.080220
1908,-2.349330,0.942910,4.510830,0.808003,-0.176874,-0.562003
1909,-2.343570,0.935320,4.521500,0.808003,-0.176874,-0.562003
1910,-2.357660,0.936337,4.520230,-0.006920,-0.816608,-0.577151
1911,-2.351100,0.943235,4.530740,0.755463,0.652751,0.056506
1912,0.658419,2.549150,4.700670,-0.045835,0.546793,-0.836012
1913,0.648877,2.222950,4.460080,0.154005,-0.759994,-0.631421
1914,0.633526,2.216840,4.463690,0.154005,-0.759994,-0.631421
1915,0.636116,2.233550,4.463440,-0.237243,0.022242,-0.971196
1916,1.655320,0.455024,2.888870,-0.263246,0.946160,-0.188369
1917,1.647730,0.450571,2.877110,-0.883487,0.367369,-0.290672
1918,1.642540,0.452838,2.895750,-0.883487,0.367369,-0.290672
1919,1.859930,2.631050,4.758130,0.210373,-0.726942,-0.653681
1920,1.848620,2.639720,4.759760,-0.615033,-0.775523,-0.142476
1921,1.851760,2.639800,4.745770,0.210373,-0.726942,-0.653681
1922,1.744370,2.046020,4.775200,-0.137261,-0.184297,-0.973239
1923,1.759240,2.051210,4.772120,-0.137261,-0.184297,-0.973239
1924,1.759200,2.044630,4.786760,0.227503,-0.888422,-0.398683
1925,1.149960,1.842730,4.819490,-0.662901,0.007806,-0.748666
1926,1.141410,1.851310,4.827150,-0.662901,0.007806,-0.748666
1927,1.155530,1.852360,4.829370,0.060379,0.697575,-0.713963
1928,0.643981,2.244120,4.610450,-0.003800,0.621080,-0.783738
1929,0.649990,2.238440,4.622120,0.907298,0.166824,-0.385980
1930,0.646966,2.206160,4.601060,0.685427,-0.394501,-0.612012
1931,2.228060,0.628693,3.504590,0.747243,0.124010,-0.652878
1932,2.219000,0.621741,3.492900,0.091118,0.193455,-0.976869
1933,2.219110,0.636030,3.495740,0.091118,0.193455,-0.976869
1934,2.592060,1.777920,4.814950,0.221402,-0.775566,-0.591167
1935,2.578400,1.782700,4.826370,-0.469951,-0.859145,-0.202523
1936,2.584470,1.792460,4.814670,-0.262060,0.174768,-0.949095
1937,1.923510,2.414750,4.774090,0.552205,-0.807394,-0.207807
1938,1.912240,2.406360,4.776740,-0.285037,-0.801430,-0.525798
1939,1.918380,2.414680,4.760730,-0.285037,-0.801430,-0.525798
1940,1.911240,2.422060,4.773180,-0.893643,-0.152616,-0.422032
1941,2.524470,1.841990,4.752940,-0.016996,-0.524458,-0.851266
1942,-0.353764,0.749724,4.695060,-0.087129,-0.976717,-0.196043
1943,-0.359066,0.760356,4.686150,-0.643030,0.318926,-0.696274
1944,-0.351187,0.753384,4.675680,0.084992,-0.213927,-0.973145
1945,1.865770,1.772540,4.794040,0.359407,0.619416,-0.697961
1946,-0.357006,0.612567,4.660920,0.414327,0.125060,-0.901495
1947,-0.351173,0.628708,4.665840,0.414327,0.125060,-0.901495
1948,-0.343679,0.615630,4.667470,0.414327,0.125060,-0.901495
1949,2.655770,1.949640,4.819460,-0.671251,0.061665,-0.738661
1950,2.661140,1.960830,4.829990,-0.923569,0.376902,0.070469
1951,2.662390,1.966720,4.814870,-0.671251,0.061665,-0.738661
1952,1.559610,2.044200,4.851160,0.211256,-0.528869,-0.821991
1953,1.545740,2.046120,4.846360,-0.431730,0.022592,-0.901720
1954,1.555270,2.056610,4.842060,-0.431730,0.022592,-0.901720
1955,1.561530,0.743538,2.858790,0.404350,0.666528,-0.626291
1956,1.552160,0.737289,2.846090,-0.399137,0.499362,-0.768978
1957,1.548360,0.747957,2.854990,-0.399137,0.499362,-0.768978
1958,2.232750,0.530129,3.509140,0.632462,0.030183,-0.774003
1959,2.222800,0.523217,3.500740,0.015018,0.052232,-0.998522
1960,2.223040,0.537677,3.501500,0.015018,0.052232,-0.998522
1961,1.990400,1.673060,4.827320,-0.513943,-0.684169,-0.517470
1962,2.004520,1.663270,4.826240,-0.513943,-0.684169,-0.517470
1963,1.999270,1.673190,4.839290,-0.506227,-0.772433,0.383513
1964,2.191960,0.813530,3.446780,-0.144891,-0.695747,-0.703521
1965,2.215770,0.810812,3.464250,0.586662,-0.054280,-0.808011
1966,2.211230,0.794046,3.462080,-0.144891,-0.695747,-0.703521
1967,-0.857160,1.251800,4.640330,0.031493,-0.347458,-0.937166
1968,-0.852541,1.236440,4.646180,0.031493,-0.347458,-0.937166
1969,-0.866498,1.240920,4.644050,0.031493,-0.347458,-0.937166
1970,-0.769473,0.986812,4.653100,0.584792,-0.808849,-0.061492
1971,-0.772133,0.986385,4.633420,0.110297,-0.342141,-0.933153
1972,-0.769819,0.996844,4.642900,0.471726,0.532585,-0.702729
1973,-0.563671,0.825066,4.666500,0.126457,-0.843617,-0.521842
1974,-0.869263,1.051120,4.648990,0.051647,-0.224290,-0.973153
1975,-0.809652,1.105420,4.659740,-0.519260,0.181762,-0.835064
1976,0.084141,1.399670,4.187000,0.086652,-0.222906,-0.970981
1977,0.078007,1.414840,4.182970,-0.095026,0.301829,-0.948614
1978,0.108186,1.332680,4.247000,-0.659121,-0.739207,-0.138319
1979,-0.917297,0.963249,4.638600,0.502047,-0.062317,-0.862592
1980,-0.904450,0.969301,4.645640,0.502047,-0.062317,-0.862592
1981,-0.906627,0.953285,4.645530,0.502047,-0.062317,-0.862592
1982,-1.048760,0.722578,4.622190,0.423958,0.018433,-0.905494
1983,-1.052040,0.729969,4.634140,0.426959,0.816802,-0.387996
1984,-1.051290,0.717468,4.641300,0.812814,-0.580572,-0.047635
1985,-0.936093,0.737542,4.638840,-0.238832,-0.098552,-0.966047
1986,-0.948884,0.744720,4.641270,-0.238832,-0.098552,-0.966047
1987,-0.937621,0.753694,4.637570,-0.238832,-0.098552,-0.966047
1988,-0.781636,0.988980,4.644670,-0.752724,-0.356148,-0.553683
1989,-0.139158,0.364461,4.688520,0.521540,0.465652,-0.714957
1990,-0.148817,0.359388,4.678170,-0.095599,0.083673,-0.991897
1991,-0.153989,0.362278,4.692510,-0.779597,0.496826,-0.381304
1992,-0.149373,0.348131,4.688130,-0.174829,-0.647581,-0.741669
1993,0.069819,0.639036,4.680770,-0.626339,-0.034278,-0.778797
1994,0.074776,0.653641,4.676140,0.137917,0.433148,-0.890709
1995,0.081938,0.640688,4.670950,0.137917,0.433148,-0.890709
1996,0.085188,0.643609,4.686010,0.789756,0.547516,-0.276606
1997,-0.446812,0.364901,4.667760,0.891876,0.073056,-0.446341
1998,-0.254199,-0.090015,0.937124,-0.066424,-0.037033,-0.997104
1999,-0.246766,-0.079701,0.943363,-0.060396,0.548125,-0.834213
2000,-0.240079,-0.089898,0.936179,-0.066424,-0.037033,-0.997104
2001,0.756730,1.755390,4.736960,-0.903288,0.083521,-0.420826
2002,0.764719,1.754020,4.719540,-0.047345,-0.024782,-0.998571
2003,0.767998,1.746960,4.732200,0.265282,-0.811223,-0.521098
2004,0.770401,1.761620,4.732150,0.445179,0.663989,-0.600779
2005,-0.268650,0.950113,4.702880,0.992099,0.000884,-0.125458
2006,-0.277788,0.941773,4.694840,-0.172285,-0.817197,-0.550006
2007,-0.271123,0.948128,4.683310,0.281753,-0.091445,-0.955119
2008,-0.345040,0.758205,4.687610,0.856253,0.139208,-0.497445
2009,-0.278012,0.956478,4.693380,-0.192937,0.686407,-0.701156
2010,-0.352106,0.837359,4.693110,0.081328,-0.533817,-0.841680
2011,-0.342934,0.850566,4.685620,0.081328,-0.533817,-0.841680
2012,-0.337786,0.839383,4.693210,0.081328,-0.533817,-0.841680
2013,-0.058871,0.374712,4.683180,-0.195647,-0.738068,-0.645739
2014,-0.068156,0.369054,4.692460,-0.195647,-0.738068,-0.645739
2015,-0.066122,0.383195,4.692690,-0.736802,0.116790,-0.665945
2016,-0.060356,0.374593,4.703070,0.545858,-0.837115,0.035729
2017,-0.050482,0.706812,4.694800,-0.467927,-0.852439,-0.233222
2018,-0.045343,0.708587,4.678000,-0.007497,-0.375436,-0.926818
2019,-0.035841,0.713222,4.690680,0.816292,-0.253941,-0.518828
2020,-0.031753,0.623503,4.688510,0.653841,0.410635,-0.635509
2021,0.111138,0.583713,4.513370,0.351680,-0.690352,-0.632246
2022,0.111136,0.596845,4.499030,0.351680,-0.690352,-0.632246
2023,0.115280,0.598443,4.513680,0.936585,-0.258380,-0.236745
2024,-0.445111,0.655238,4.659770,0.776457,-0.167817,-0.607414
2025,-0.448097,0.640988,4.659890,-0.015277,-0.781167,-0.624135
2026,-0.454307,0.649283,4.649660,-0.015277,-0.781167,-0.624135
2027,-0.555305,0.344176,4.655580,0.746257,-0.235286,-0.622689
2028,0.028494,0.395580,4.699580,0.391281,0.528156,-0.753625
2029,0.021710,0.383293,4.701650,0.645220,-0.459159,-0.610626
2030,0.017344,0.391455,4.690900,0.391281,0.528156,-0.753625
2031,2.575750,1.616110,4.803280,0.635376,-0.304249,-0.709740
2032,1.954090,1.658450,4.815680,0.179243,0.776670,-0.603867
2033,1.953280,1.649820,4.804340,-0.424321,0.025424,-0.905155
2034,1.940890,1.657360,4.810360,-0.424321,0.025424,-0.905155
2035,1.946110,1.648690,4.822380,-0.595317,-0.751740,-0.283697
2036,1.857870,1.765290,4.782440,-0.299029,-0.155737,-0.941450
2037,0.069643,0.811828,4.671720,-0.098026,0.472265,-0.875989
2038,0.082085,0.802929,4.665530,-0.098026,0.472265,-0.875989
2039,0.071544,0.796086,4.676180,-0.582874,-0.285906,-0.760602
2040,0.081428,0.808300,4.681120,0.467519,0.841660,-0.270248
2041,2.204790,0.762030,3.505710,-0.393700,-0.607910,-0.689526
2042,2.214050,0.767557,3.495550,-0.393700,-0.607910,-0.689526
2043,2.218510,0.755345,3.503770,-0.393700,-0.607910,-0.689526
2044,2.042670,1.727000,4.805930,0.007057,0.562705,-0.826628
2045,2.049480,1.700740,4.802040,0.853433,0.057699,-0.517999
2046,2.041740,1.699820,4.787420,0.037138,0.138976,-0.989599
2047,2.033020,1.699610,4.803540,-0.845399,0.281979,-0.453639
2048,2.017220,1.563090,4.821950,-0.525478,-0.159504,-0.835722
2049,2.006360,1.557790,4.829790,-0.525478,-0.159504,-0.835722
2050,2.004970,1.572010,4.827950,-0.525478,-0.159504,-0.835722
2051,2.005130,1.679350,4.825610,-0.100422,-0.035147,-0.994324
2052,2.234870,0.458847,3.345110,-0.627122,0.138980,-0.766422
2053,2.225610,0.448772,3.350860,-0.627122,0.138980,-0.766422
2054,2.234290,0.456622,3.359430,-0.710806,0.698847,0.079795
2055,2.245280,0.450340,3.352340,0.106598,-0.564946,-0.818213
2056,0.142540,0.028742,4.647150,-0.437118,0.219618,-0.872179
2057,0.128785,0.028171,4.653900,-0.437118,0.219618,-0.872179
2058,0.138692,0.033854,4.664120,-0.197163,0.925453,-0.323516
2059,0.048035,0.084133,4.700600,0.828023,0.097550,-0.552143
2060,0.036700,0.090226,4.692930,-0.134246,0.277080,-0.951422
2061,2.245880,0.560189,3.257480,0.609133,0.054114,-0.791220
2062,2.233490,0.551637,3.262370,-0.596886,-0.695667,-0.399719
2063,2.234200,0.559049,3.248410,-0.316963,-0.033900,-0.947832
2064,2.232680,0.658840,3.245030,0.000454,0.592672,-0.805444
2065,1.648450,0.558178,2.875550,-0.379007,-0.467448,-0.798652
2066,1.651630,0.551613,2.891110,0.278093,-0.863336,-0.421088
2067,1.639420,0.551182,2.883930,-0.379007,-0.467448,-0.798652
2068,2.159160,0.877076,3.259650,-0.733298,0.287377,-0.616189
2069,2.169300,0.881444,3.249620,0.069356,-0.079891,-0.994388
2070,2.162540,0.865867,3.250400,0.069356,-0.079891,-0.994388
2071,2.234070,0.643951,3.338410,-0.632354,-0.324691,-0.703352
2072,2.233930,0.648300,3.352020,-0.614300,-0.753441,0.234439
2073,2.224180,0.653421,3.342930,-0.632354,-0.324691,-0.703352
2074,2.244150,0.653052,3.343240,0.022167,0.449402,-0.893054
2075,1.858150,0.848930,2.916660,-0.284014,0.589051,-0.756541
2076,1.857620,0.834568,2.915820,-0.007191,0.058651,-0.998253
2077,1.845020,0.842214,2.916360,-0.284014,0.589051,-0.756541
2078,0.455763,-0.059929,1.820730,-0.678444,-0.012673,-0.734543
2079,0.464286,-0.049613,1.827530,-0.386939,0.708614,-0.590038
2080,0.468600,-0.067058,1.823850,-0.082873,-0.521004,-0.849522
2081,0.457723,-0.062537,1.835380,-0.963148,-0.255738,0.083326
2082,1.741450,0.086930,2.912640,-0.937863,0.016417,0.346618
2083,1.732580,0.068350,2.889520,-0.937863,0.016417,0.346618
2084,2.239040,0.442504,3.258980,-0.621738,-0.772740,-0.127729
2085,2.212860,0.530464,3.508860,-0.608916,0.051709,-0.791547
2086,2.225030,0.457392,3.452350,-0.772713,0.428816,-0.468008
2087,2.222670,0.443415,3.443440,-0.772713,0.428816,-0.468008
2088,2.227840,0.444087,3.456740,-0.928084,-0.075713,0.364592
2089,1.331910,-0.012930,2.889030,-0.237406,0.970761,-0.035512
2090,1.331550,-0.013737,2.869360,-0.714994,0.322624,-0.620240
2091,1.321870,-0.015735,2.879480,-0.714994,0.322624,-0.620240
2092,1.650370,0.064389,2.869800,-0.516345,0.286724,-0.806955
2093,1.665200,0.062009,2.872650,0.233828,0.806110,-0.543610
2094,1.660390,0.054880,2.860010,-0.516345,0.286724,-0.806955
2095,1.656490,0.049956,2.876190,-0.800841,-0.491250,-0.342531
2096,0.115902,0.702905,4.505330,0.401636,0.354112,-0.844567
2097,0.118546,0.707305,4.520420,0.073405,0.953902,-0.291004
2098,0.132762,0.704222,4.513900,0.401636,0.354112,-0.844567
2099,0.121455,0.672516,4.580440,0.158076,-0.683097,-0.713015
2100,0.079430,0.462334,4.683370,0.277253,-0.156071,-0.948036
2101,0.083556,0.454487,4.695610,0.916034,-0.116815,-0.383714
2102,0.078252,0.444692,4.685930,0.277253,-0.156071,-0.948036
2103,-0.013833,0.131206,4.701380,0.497198,0.036422,-0.866872
2104,-0.018007,0.113229,4.701640,0.130473,-0.044617,-0.990447
2105,-0.029291,0.125294,4.699610,-0.518862,-0.384071,-0.763722
2106,-0.040996,0.152850,4.686710,-0.182173,-0.274345,-0.944218
2107,-0.143421,0.200280,4.686420,0.220516,0.276328,-0.935423
2108,-0.129205,0.199294,4.689480,0.220516,0.276328,-0.935423
2109,-0.132838,0.186012,4.684700,0.220516,0.276328,-0.935423
2110,-0.050067,0.159993,4.695290,-0.680987,0.014616,-0.732149
2111,-0.035991,0.161241,4.697080,0.362438,0.631240,-0.685693
2112,-0.046065,0.238892,4.685240,0.164265,0.094793,-0.981851
2113,-0.050247,0.247558,4.696320,-0.065164,0.773930,-0.629910
2114,-0.039446,0.235555,4.700070,0.894045,-0.130815,-0.428452
2115,0.062996,0.153277,4.709130,-0.403143,-0.892270,-0.203299
2116,-0.053897,0.230130,4.694020,-0.332485,-0.502507,-0.798085
2117,0.018893,0.393925,4.710610,-0.277308,0.955771,-0.097989
2118,0.097229,0.228748,4.654420,-0.648651,-0.644350,-0.405049
2119,0.099715,0.126766,4.660830,-0.501157,-0.022416,-0.865066
2120,0.097501,0.131138,4.674530,-0.868539,-0.481936,-0.115662
2121,0.111292,0.741217,4.683650,0.627225,-0.447854,-0.637193
2122,0.095407,0.740462,4.687690,-0.812548,-0.516150,-0.270842
2123,0.099417,0.743096,4.670640,-0.237486,-0.146699,-0.960250
2124,0.103412,0.208514,4.561180,-0.522537,0.452790,-0.722451
2125,0.108416,0.210243,4.574590,0.207402,0.957418,-0.200836
2126,0.121369,0.206384,4.569570,0.385603,0.642513,-0.662183
2127,0.109582,0.447316,4.629300,0.408849,-0.334762,-0.848986
2128,0.095619,0.445233,4.632370,0.039162,-0.900578,-0.432926
2129,0.092620,0.451251,4.619580,0.408849,-0.334762,-0.848986
2130,0.100343,0.458588,4.629530,0.520993,0.441928,-0.730251
2131,-0.160828,0.575806,4.682430,-0.689837,-0.567889,-0.449028
2132,1.256410,1.955170,4.823880,-0.111442,0.017875,-0.993610
2133,-0.149184,0.569946,4.689250,0.447257,-0.850690,-0.276203
2134,1.350230,1.561410,4.846340,-0.710181,0.225711,-0.666857
2135,-1.256390,0.148176,4.608490,0.617501,-0.240593,-0.748871
2136,-1.268400,0.146392,4.599160,0.617501,-0.240593,-0.748871
2137,-1.269090,0.156914,4.610610,0.374703,0.693811,-0.614999
2138,-1.271220,0.142510,4.616100,0.273683,-0.946438,-0.171327
2139,0.115298,0.638603,4.644890,0.490363,0.325240,-0.808556
2140,-0.773265,0.155048,4.635950,0.238952,0.249573,-0.938411
2141,-0.779363,0.160893,4.652120,-0.070313,0.929347,-0.362449
2142,-0.767307,0.147963,4.647590,0.831128,-0.170607,-0.529263
2143,-1.482760,0.366206,4.595770,0.673532,0.343765,-0.654355
2144,-1.492150,0.364655,4.585290,0.673532,0.343765,-0.654355
2145,-1.493430,0.368505,4.604800,0.050306,0.980460,-0.190178
2146,-1.333110,0.438074,4.612350,0.970580,0.187918,0.150534
2147,-1.039010,0.559727,4.619790,-0.594240,0.349323,-0.724467
2148,-1.854230,0.359248,4.568640,0.282087,-0.658052,-0.698137
2149,-1.857510,0.373647,4.569340,-0.512706,-0.075213,-0.855264
2150,-1.845080,0.369992,4.562210,0.282087,-0.658052,-0.698137
2151,-1.512850,0.735287,4.599100,0.699546,-0.470251,-0.538052
2152,-1.548370,0.758769,4.581600,0.312718,-0.216253,-0.924901
2153,-1.510990,0.750374,4.604590,0.905997,0.041588,-0.421236
2154,-1.542160,0.918625,4.604160,0.222867,0.072764,-0.972129
2155,-1.333190,0.727752,4.603490,0.728148,0.053418,-0.683335
2156,-1.355220,0.719881,4.579400,0.028154,-0.323951,-0.945655
2157,-1.339510,0.742177,4.598990,0.717871,0.099575,-0.689018
2158,-1.349780,0.706799,4.585190,0.042218,-0.389631,-0.920003
2159,-1.362880,0.716948,4.592330,-0.681861,-0.513925,-0.520526
2160,-0.874311,1.443730,4.642490,-0.252964,0.220709,-0.941964
2161,-1.850230,0.367909,4.580860,0.795897,-0.585415,0.154394
2162,-2.445630,0.164547,4.526540,0.725851,-0.109518,-0.679077
2163,-2.435000,0.169769,4.537060,0.725851,-0.109518,-0.679077
2164,-2.437870,0.154902,4.536390,0.725851,-0.109518,-0.679077
2165,-2.252450,0.157962,4.556770,-0.114611,0.903985,-0.411916
2166,-2.240320,0.145992,4.556630,0.918093,-0.156300,-0.364246
2167,-2.245330,0.151893,4.541470,0.273874,0.198428,-0.941074
2168,-1.410510,0.455896,4.592700,0.627293,-0.486693,-0.607975
2169,-0.848824,-0.064186,2.284590,-0.702833,0.239127,-0.669959
2170,-2.441150,0.643998,4.529980,0.879334,0.476189,-0.004032
2171,-1.578510,0.149766,4.595500,0.731396,-0.490172,-0.474121
2172,-1.579640,0.159242,4.583960,0.618846,0.488384,-0.615232
2173,-1.570770,0.161847,4.594950,0.618846,0.488384,-0.615232
2174,-1.582350,0.161864,4.603440,-0.106456,0.983366,-0.147170
2175,-1.749570,0.052393,4.579130,0.659550,-0.022289,-0.751330
2176,-1.759500,0.044067,4.570660,0.659550,-0.022289,-0.751330
2177,-1.763760,0.053406,4.580630,-0.020964,0.725172,-0.688248
2178,-1.757380,0.044811,4.590130,0.663513,-0.746886,-0.043714
2179,-1.558700,0.238009,4.597170,0.675964,-0.379238,-0.631864
2180,-1.562140,0.249172,4.586790,0.675964,-0.379238,-0.631864
2181,-1.551650,0.250925,4.596960,0.675964,-0.379238,-0.631864
2182,-1.566080,0.064505,4.587420,-0.180540,-0.051972,-0.982194
2183,-1.553460,0.054494,4.585630,-0.180540,-0.051972,-0.982194
2184,-1.561280,0.052758,4.599720,-0.600371,-0.682235,-0.417265
2185,-1.343760,0.069724,4.605400,-0.608420,-0.375629,-0.699091
2186,-1.332600,0.068696,4.596240,0.383422,-0.635300,-0.670360
2187,-1.335790,0.057485,4.605040,0.383422,-0.635300,-0.670360
2188,-1.444630,0.333033,4.603390,-0.628868,0.399997,-0.666729
2189,-1.436070,0.344624,4.602270,0.373097,0.600510,-0.707239
2190,-1.434110,0.333054,4.593480,0.373097,0.600510,-0.707239
2191,-1.434310,0.335124,4.613300,0.984885,0.173021,-0.008132
2192,-1.439840,0.138917,4.608820,0.687360,0.185537,-0.702220
2193,-1.450460,0.143895,4.599740,0.687360,0.185537,-0.702220
2194,-1.443670,0.152614,4.608690,0.687360,0.185537,-0.702220
2195,-1.334290,0.066999,4.616020,0.971902,-0.226632,0.063593
2196,-1.155480,0.054081,4.605100,0.186630,0.328438,-0.925904
2197,-1.160980,0.057195,4.618270,-0.232152,0.920395,-0.314609
2198,-1.151370,0.047485,4.623440,0.978420,0.059413,-0.197898
2199,-1.421620,-0.019291,4.580980,0.536738,0.586173,-0.606888
2200,-1.415250,-0.031097,4.575210,0.448735,-0.276569,-0.849792
2201,-1.427340,-0.027761,4.567740,0.448735,-0.276569,-0.849792
2202,-1.222300,0.009228,4.598460,0.034262,0.638283,-0.769039
2203,-0.679996,-0.055950,2.328860,-0.277694,0.456008,-0.845543
2204,-0.672956,-0.066766,2.335470,0.405014,-0.804171,-0.435055
2205,-0.715383,-0.067115,2.353470,-0.303833,-0.623974,-0.719960
2206,-1.238570,-0.034976,4.563490,0.015929,-0.759324,-0.650517
2207,-0.642297,-0.079058,1.819800,-0.199312,-0.483913,-0.852117
2208,-0.651788,-0.068845,1.816220,-0.187651,0.487939,-0.852468
2209,-0.635051,-0.069047,1.812420,-0.187651,0.487939,-0.852468
2210,-0.047266,-0.075489,1.751020,0.111416,-0.671388,-0.732683
2211,-0.044449,-0.064818,1.741670,0.223954,0.246567,-0.942894
2212,-0.039892,-0.062558,1.756810,0.743105,0.591956,-0.312063
2213,-0.025621,-0.059444,1.969330,0.628583,0.036630,-0.776880
2214,-0.014619,-0.058640,1.978270,0.628583,0.036630,-0.776880
2215,-0.023947,-0.069279,1.979430,0.550209,-0.550812,-0.627596
2216,-1.139660,-0.030382,4.562530,0.391217,-0.510986,-0.765404
2217,-1.141010,-0.033153,4.576850,0.451556,-0.882975,-0.128266
2218,-1.150660,-0.024625,4.570090,-0.648256,-0.351847,-0.675254
2219,-0.906891,-0.022604,4.567040,-0.762967,0.376990,-0.525129
2220,-0.898071,-0.021427,4.555070,0.132045,0.256391,-0.957511
2221,-0.897440,-0.033985,4.565120,0.267570,-0.593832,-0.758795
2222,-1.508750,0.233100,4.593830,0.412729,0.299206,-0.860309
2223,-1.553190,0.066008,4.596520,0.400448,0.624683,-0.670383
2224,-1.347700,0.149864,4.600700,0.794512,-0.086496,-0.601057
2225,-1.339690,0.157286,4.610220,0.794512,-0.086496,-0.601057
2226,-1.340100,0.142888,4.611750,0.794512,-0.086496,-0.601057
2227,0.267490,0.545388,2.813330,0.262696,-0.855805,-0.445633
2228,0.238443,0.559240,2.806020,-0.991307,-0.126661,-0.035589
2229,0.250644,0.551100,2.792430,0.191576,-0.657594,-0.728607
2230,-1.855750,0.138055,4.579290,0.014588,-0.732597,-0.680506
2231,-2.050310,0.551819,4.542120,0.338349,-0.694874,-0.634563
2232,-2.044540,0.544081,4.553670,0.338349,-0.694874,-0.634563
2233,-2.056980,0.550825,4.559900,-0.555900,-0.791872,-0.252811
2234,-1.954890,0.241731,4.566830,0.067488,-0.798932,-0.597622
2235,-1.945640,0.249095,4.558030,0.744767,-0.336099,-0.576506
2236,-1.940630,0.241260,4.569070,0.744767,-0.336099,-0.576506
2237,-1.944160,0.253599,4.575690,0.920544,0.353052,-0.167189
2238,0.205282,0.093231,3.023410,-0.469175,0.861644,-0.193504
2239,0.216663,0.083932,3.023530,0.619868,0.755954,-0.210469
2240,0.203929,0.084793,2.989120,-0.235705,0.153638,-0.959603
2241,0.206514,0.073357,3.022440,-0.706451,-0.650412,-0.279089
2242,-2.249010,0.457365,4.533160,0.197778,-0.647372,-0.736066
2243,-2.259330,0.447356,4.539190,0.197778,-0.647372,-0.736066
2244,-2.260710,0.461799,4.540640,-0.528986,0.034584,-0.847925
2245,-2.254200,0.454998,4.551770,0.725624,-0.678225,0.116101
2246,-1.057170,-0.081493,1.537760,0.624819,0.298837,-0.721317
2247,-1.052320,-0.071117,1.546260,0.624819,0.298837,-0.721317
2248,-1.042860,-0.080976,1.550370,0.624819,0.298837,-0.721317
2249,-0.311797,-0.059707,2.206960,-0.905026,-0.046401,-0.422818
2250,-0.307929,-0.049768,2.197590,-0.316310,-0.034668,-0.948022
2251,-0.307121,-0.069719,2.198050,-0.316310,-0.034668,-0.948022
2252,-0.298248,-0.059255,2.202750,0.469329,-0.001352,-0.883023
2253,-0.825991,-0.055765,2.023390,0.342934,0.609994,-0.714355
2254,-0.821114,-0.065174,2.032950,0.743213,0.625778,0.236720
2255,-0.816355,-0.065738,2.019500,0.342934,0.609994,-0.714355
2256,-0.631514,-0.058520,1.939780,0.036235,0.638790,-0.768528
2257,-0.623037,-0.067831,1.932440,0.424623,0.028151,-0.904932
2258,-0.629656,-0.078365,1.940030,0.155983,-0.640102,-0.752289
2259,-0.650907,-0.072625,2.122680,0.190693,-0.071843,-0.979017
2260,-0.658744,-0.061848,2.128180,-0.590266,-0.017379,-0.807021
2261,-0.649796,-0.052778,2.121440,0.190693,-0.071843,-0.979017
2262,-0.644671,-0.062443,2.131260,0.849142,-0.080152,-0.522047
2263,-0.825514,-0.075717,2.024390,-0.422576,-0.055444,-0.904630
2264,-0.149777,-0.073388,1.337460,-0.042835,0.470436,-0.881394
2265,-0.136976,-0.078780,1.333960,-0.042835,0.470436,-0.881394
2266,-0.144021,-0.089184,1.340840,-0.373560,-0.322247,-0.869833
2267,-0.135980,-0.075446,1.347860,0.319496,0.916004,-0.242609
2268,-0.042596,-0.108872,0.555729,0.201510,-0.436269,-0.876962
2269,-0.050512,-0.098363,0.548682,0.022659,0.341049,-0.939772
2270,-0.036080,-0.094913,0.550282,0.022659,0.341049,-0.939772
2271,-0.143281,-0.091695,1.250260,0.132702,-0.640966,-0.756011
2272,-0.135966,-0.081783,1.243140,0.441327,-0.014331,-0.897232
2273,-0.135984,-0.081497,1.257360,0.999964,0.008432,0.001096
2274,-0.286215,-0.091124,0.621199,0.116945,-0.139686,-0.983266
2275,-0.275614,-0.100558,0.623800,0.116945,-0.139686,-0.983266
2276,-0.285737,-0.110835,0.624056,0.116945,-0.139686,-0.983266
2277,0.440572,0.830343,2.793760,-0.845844,-0.461632,-0.267290
2278,0.449259,0.819278,2.785380,-0.389928,-0.694526,-0.604641
2279,0.453391,0.801279,2.803390,-0.389928,-0.694526,-0.604641
2280,-0.705536,-0.054928,2.352550,0.027519,0.998688,-0.043195
2281,-0.665715,-0.054994,2.331120,0.762588,0.399253,-0.508976
2282,-0.717980,-0.053602,2.343080,-0.285045,0.464987,-0.838175
2283,-0.840155,-0.077012,1.252720,0.163482,-0.104217,-0.981026
2284,-0.834201,-0.085992,1.262190,0.821503,-0.053937,-0.567647
2285,-0.839981,-0.096883,1.254860,0.163482,-0.104217,-0.981026
2286,0.204480,0.154828,3.022090,-0.896154,0.403215,-0.185273
2287,0.185112,0.155242,3.048180,-0.654459,0.571618,-0.494910
2288,0.200535,0.158203,3.045240,-0.233299,0.928573,-0.288660
2289,-0.245134,-0.084574,1.559160,-0.060714,-0.098649,-0.993268
2290,-0.243556,-0.064804,1.557100,-0.060714,-0.098649,-0.993268
2291,-0.236683,-0.074548,1.565350,0.681295,-0.129450,-0.720472
2292,-0.622882,-0.067630,1.947010,0.995590,0.093054,-0.011877
2293,-0.339819,-0.088018,1.466050,0.218755,-0.647973,-0.729573
2294,-0.338723,-0.068074,1.465700,0.286997,0.594206,-0.751367
2295,-0.330905,-0.078602,1.460360,0.580457,-0.046160,-0.812982
2296,0.945016,0.841336,2.828070,-0.813577,0.524344,-0.251307
2297,0.959904,0.834377,2.817730,0.149055,0.801055,-0.579735
2298,0.944694,0.834184,2.814190,-0.789806,0.383804,-0.478436
2299,0.335843,-0.080023,1.149500,-0.834220,-0.284984,-0.472083
2300,0.339654,-0.072278,1.138090,-0.066610,-0.256039,-0.964369
2301,0.343214,-0.090154,1.142590,-0.066610,-0.256039,-0.964369
2302,0.243471,-0.090188,0.752062,-0.990411,-0.119993,0.068472
2303,0.249102,-0.079711,0.743972,-0.246198,0.576254,-0.779306
2304,0.242563,-0.090818,0.737825,-0.489342,-0.092027,-0.867223
2305,0.156536,-0.091537,0.751818,0.853740,-0.112045,-0.508502
2306,0.148374,-0.099200,0.739803,0.009189,-0.019767,-0.999762
2307,0.150298,-0.083183,0.739504,0.009189,-0.019767,-0.999762
2308,0.141796,-0.088382,0.752193,-0.844212,0.091549,-0.528134
2309,0.358516,-0.085040,0.742926,0.039436,0.615806,-0.786910
2310,-0.051093,-0.100987,0.847224,0.710374,-0.025563,-0.703360
2311,-0.058265,-0.091258,0.839627,-0.099733,0.601948,-0.792283
2312,-0.051085,-0.081014,0.846506,-0.099733,0.601948,-0.792283
2313,-0.058650,-0.090746,0.853888,-0.804328,0.592627,-0.043010
2314,0.158717,-0.094155,0.638896,-0.642466,0.260072,-0.720833
2315,0.154516,-0.102419,0.649639,-0.595376,-0.507290,-0.623045
2316,0.143948,-0.093347,0.652351,-0.642466,0.260072,-0.720833
2317,0.157477,-0.088756,0.652068,-0.303676,0.871228,-0.385671
2318,0.343887,-0.081523,0.647588,-0.713978,0.467365,-0.521350
2319,-0.044540,-0.094919,1.041470,0.671824,0.015796,-0.740542
2320,-0.052718,-0.085588,1.034250,0.671824,0.015796,-0.740542
2321,-0.045671,-0.074974,1.040870,0.671824,0.015796,-0.740542
2322,0.319105,-0.086803,0.468868,0.052902,0.629993,-0.774797
2323,0.311992,-0.096255,0.460697,-0.293004,0.025411,-0.955773
2324,0.309198,-0.096187,0.474799,-0.978969,0.062319,-0.194259
2325,0.317872,-0.106636,0.468719,-0.024804,-0.620018,-0.784195
2326,-1.208160,-0.075088,1.947410,-0.066306,0.410598,-0.909403
2327,-1.213880,-0.059489,1.954870,-0.066306,0.410598,-0.909403
2328,-1.204710,-0.069103,1.959770,0.750195,0.488305,-0.445832
2329,0.456569,-0.075466,0.841596,-0.401285,0.152607,-0.903151
2330,0.465325,-0.085192,0.836062,-0.401285,0.152607,-0.903151
2331,0.455286,-0.094842,0.838892,-0.401285,0.152607,-0.903151
2332,-0.043504,-0.088015,1.342830,-0.073395,0.026330,-0.996955
2333,-0.044217,-0.068043,1.343410,-0.073395,0.026330,-0.996955
2334,-0.036201,-0.077952,1.349890,0.661307,0.045365,-0.748743
2335,-0.251674,-0.106247,0.745286,0.165403,-0.624414,-0.763380
2336,-0.149275,-0.094167,0.442713,0.119864,-0.137214,-0.983262
2337,-0.142803,-0.102188,0.452769,0.832573,-0.022106,-0.553474
2338,-0.147875,-0.113596,0.445595,0.119864,-0.137214,-0.983262
2339,0.166966,-0.109272,0.477578,-0.603681,-0.554783,-0.572525
2340,0.157005,-0.098451,0.477595,-0.703735,0.080606,-0.705875
2341,0.167256,-0.098994,0.467313,-0.703735,0.080606,-0.705875
2342,0.168627,-0.089454,0.478186,-0.500117,0.681213,-0.534631
2343,0.056232,-0.094768,0.443484,-0.193673,0.567391,-0.800348
2344,0.210950,-0.113358,0.287323,-0.294159,0.005857,-0.955739
2345,0.196504,-0.105724,0.291816,-0.294159,0.005857,-0.955739
2346,0.209769,-0.095978,0.287793,-0.294159,0.005857,-0.955739
2347,0.044180,-0.113133,0.198941,-0.867547,0.431664,-0.247037
2348,0.052387,-0.102236,0.189161,-0.187996,0.432759,-0.881690
2349,0.046573,-0.117497,0.182910,-0.187996,0.432759,-0.881690
2350,0.143232,-0.091482,0.434224,-0.670939,0.073599,-0.737851
2351,0.154183,-0.101831,0.434836,0.116058,0.064199,-0.991165
2352,0.142559,-0.111232,0.432866,-0.670939,0.073599,-0.737851
2353,0.271522,-0.092433,0.384583,-0.483091,0.628757,-0.609335
2354,0.270317,-0.108046,0.385919,-0.126345,-0.074891,-0.989155
2355,0.255973,-0.101770,0.387276,-0.483091,0.628757,-0.609335
2356,0.221781,-0.100853,0.430014,-0.942152,0.307663,0.133015
2357,-0.227210,-0.106654,0.344589,0.628704,-0.146934,-0.763637
2358,-0.229206,-0.095615,0.354051,0.737691,0.511304,-0.440885
2359,-0.231844,-0.115133,0.355635,0.567099,-0.750887,-0.338478
2360,-0.240682,-0.104398,0.349952,-0.373323,-0.024786,-0.927370
2361,-0.146178,-0.099394,0.574660,-0.033205,0.608404,-0.792932
2362,-0.143516,-0.097501,0.589445,-0.541154,0.840861,-0.010226
2363,-0.133124,-0.090921,0.580615,-0.033205,0.608404,-0.792932
2364,-0.134144,-0.107956,0.583777,0.505448,-0.186631,-0.842432
2365,0.953188,-0.070839,1.439890,-0.627287,-0.628370,-0.460067
2366,0.257148,-0.092605,0.538380,0.179280,0.329432,-0.927002
2367,0.242726,-0.094341,0.534974,-0.636376,0.117792,-0.762333
2368,0.243266,-0.088953,0.548877,-0.845592,0.507998,-0.164050
2369,-0.441452,-0.089508,0.673966,0.564400,0.807985,0.169155
2370,-0.437424,-0.100482,0.663849,0.643252,-0.752825,-0.139577
2371,-0.425648,-0.093534,0.631111,0.700838,0.708266,0.084762
2372,0.247433,-0.077594,0.846479,-0.122204,0.030027,-0.992051
2373,0.249060,-0.097469,0.845677,-0.122204,0.030027,-0.992051
2374,0.242004,-0.088384,0.854542,-0.802084,-0.041619,-0.595759
2375,-0.675171,-0.074804,1.661230,-0.011901,-0.990888,-0.134164
2376,-0.675356,-0.072886,1.647080,0.012992,-0.388167,-0.921498
2377,-0.661082,-0.073096,1.647370,0.012992,-0.388167,-0.921498
2378,-0.668970,-0.062730,1.654830,0.025103,0.596427,-0.802274
2379,-0.446912,-0.075769,1.965380,0.617820,-0.028463,-0.785804
2380,-0.447291,-0.055836,1.964360,0.617820,-0.028463,-0.785804
2381,-0.446120,-0.065254,1.975160,0.995313,0.014028,-0.095684
2382,-0.457487,-0.065922,1.966380,-0.143075,-0.053290,-0.988276
2383,-0.055615,-0.065361,1.757100,-0.704710,0.511202,-0.491992
2384,0.062087,-0.084598,1.238900,-0.139193,-0.385608,-0.912103
2385,0.048530,-0.079633,1.238870,-0.139193,-0.385608,-0.912103
2386,0.056265,-0.069432,1.245550,0.166306,0.448829,-0.878006
2387,-0.151344,-0.066978,1.438910,0.254083,0.677062,-0.690673
2388,-0.143215,-0.080680,1.444050,0.915052,-0.287706,-0.282675
2389,-0.146303,-0.077316,1.430630,0.428767,-0.006464,-0.903392
2390,-0.056302,-0.090371,1.247130,0.746393,-0.108880,-0.656539
2391,-0.062382,-0.080620,1.238600,0.276092,0.679478,-0.679766
2392,-0.050716,-0.073305,1.250650,0.276092,0.679478,-0.679766
2393,0.349843,-0.077113,1.149980,0.756446,-0.013965,-0.653907
2394,0.353595,-0.063695,1.545150,0.211278,0.939889,-0.268274
2395,0.359011,-0.068678,1.531960,0.151634,0.358562,-0.921108
2396,0.344257,-0.065726,1.530680,0.151634,0.358562,-0.921108
2397,0.245563,-0.054846,1.722830,-0.083895,0.537311,-0.839201
2398,-0.038068,-0.076405,1.408030,0.038599,0.033930,-0.998679
2399,-0.052742,-0.076489,1.407460,0.038599,0.033930,-0.998679
2400,-0.045775,-0.066788,1.416010,0.025775,0.650502,-0.759067
2401,-0.045636,-0.086644,1.415340,0.034527,-0.597494,-0.801130
2402,-0.544101,-0.080657,1.040580,0.495976,0.688673,-0.528903
2403,-0.249060,-0.083354,0.844531,0.071538,-0.261113,-0.962654
2404,-0.242303,-0.090844,0.854727,0.765035,-0.159264,-0.623984
2405,-0.248792,-0.102640,0.849782,0.071538,-0.261113,-0.962654
2406,-0.249172,-0.110864,0.538873,-0.255373,0.224837,-0.940337
2407,-0.249867,-0.091984,0.543576,-0.255373,0.224837,-0.940337
2408,-0.240674,-0.102668,0.547526,0.586489,0.216040,-0.780613
2409,-0.254546,-0.104272,0.551913,-0.909710,0.068531,-0.409550
2410,-0.508819,-0.110088,0.698460,0.026636,-0.875900,-0.481757
2411,-0.515215,-0.094262,0.693944,-0.435228,0.320086,-0.841500
2412,-0.500754,-0.101691,0.683639,0.366784,-0.133166,-0.920726
2413,-0.402658,-0.100546,0.582308,0.282243,-0.009287,-0.959298
2414,-0.417211,-0.109818,0.578116,0.282243,-0.009287,-0.959298
2415,-0.414885,-0.092221,0.578630,0.282243,-0.009287,-0.959298
2416,-0.748341,-0.098638,1.146480,0.943134,0.075168,-0.323802
2417,-0.758148,-0.088805,1.143370,0.393595,0.103666,-0.913420
2418,-0.749288,-0.078829,1.148320,0.943134,0.075168,-0.323802
2419,-0.753987,-0.089866,1.156940,0.879207,-0.002223,0.476434
2420,-0.258122,-0.068417,1.464660,0.094513,0.409522,-0.907391
2421,-0.254010,-0.083015,1.458500,0.094513,0.409522,-0.907391
2422,-0.264136,-0.084990,1.471210,-0.784527,0.040129,-0.618795
2423,-0.443660,-0.107308,0.678558,0.618029,-0.779788,-0.099858
2424,-0.451281,-0.099249,0.668807,-0.250522,-0.833243,-0.492894
2425,-0.157143,-0.103319,0.452106,-0.677460,-0.155460,-0.718944
2426,0.067936,-0.098197,0.493841,0.054298,0.723654,-0.688024
2427,0.056823,-0.109492,0.495771,-0.075791,-0.095038,-0.992584
2428,0.048946,-0.095628,0.495045,0.054298,0.723654,-0.688024
2429,0.143675,-0.092538,0.538464,0.038469,0.241521,-0.969633
2430,0.156910,-0.097726,0.537697,0.038469,0.241521,-0.969633
2431,0.150146,-0.106709,0.546428,-0.265543,-0.561649,-0.783605
2432,0.156355,-0.091465,0.550471,0.312779,0.858210,-0.406996
2433,-0.351915,-0.099008,1.044100,0.095490,-0.522502,-0.847274
2434,-0.357290,-0.088104,1.036770,0.143075,0.088015,-0.985790
2435,-0.343251,-0.088749,1.038750,0.143075,0.088015,-0.985790
2436,0.143076,-0.102068,0.443790,-0.999268,0.032685,0.019873
2437,-0.122328,-0.114375,0.200357,0.492785,0.755740,0.431300
2438,0.058076,-0.115996,0.193007,0.654092,0.059701,-0.754055
2439,-0.042765,-0.095521,0.653042,0.679150,-0.080741,-0.729545
2440,0.058883,-0.098645,0.505099,0.142038,0.977942,0.153152
2441,0.044393,-0.109366,0.349977,-0.955821,0.275036,0.103739
2442,0.047608,-0.096348,0.345085,-0.377395,0.669966,-0.639311
2443,0.043388,-0.107530,0.335857,-0.377395,0.669966,-0.639311
2444,-0.210587,-0.108283,0.296676,0.025783,0.956521,0.290521
2445,0.146267,-0.095195,0.344245,-0.689389,0.547144,-0.474738
2446,0.158439,-0.103727,0.339796,0.404920,0.051955,-0.912875
2447,0.145538,-0.105002,0.334001,-0.550264,-0.047988,-0.833611
2448,0.148288,-0.114669,0.344033,-0.563450,-0.666657,-0.487947
2449,0.055275,-0.114457,0.342185,0.594530,0.366343,-0.715770
2450,0.223927,-0.093151,0.352617,-0.330017,0.094463,-0.939237
2451,0.232354,-0.107539,0.348209,-0.330017,0.094463,-0.939237
2452,0.216073,-0.108072,0.353876,-0.330017,0.094463,-0.939237
2453,-0.027534,0.053405,0.166437,0.982144,0.027186,-0.186155
2454,-0.029722,0.046404,0.153874,0.365006,-0.339401,-0.866936
2455,-0.031189,0.059661,0.148066,0.365006,-0.339401,-0.866936
2456,-0.040556,0.054731,0.158865,-0.609367,-0.373814,-0.699239
2457,0.050085,-0.085335,0.643468,-0.056403,-0.090213,-0.994324
2458,0.050041,-0.105213,0.645274,-0.056403,-0.090213,-0.994324
2459,0.043255,-0.094533,0.652367,-0.762777,-0.056843,-0.644159
2460,-0.156937,-0.091551,0.532349,0.168515,-0.054867,-0.984171
2461,-0.144525,-0.099510,0.534918,0.168515,-0.054867,-0.984171
2462,-0.153937,-0.111108,0.533953,0.168515,-0.054867,-0.984171
2463,-0.075537,-0.098946,0.509809,0.049103,0.678888,-0.732598
2464,-0.069116,-0.098935,0.524436,-0.151787,0.986215,0.065890
2465,-0.057950,-0.096471,0.513281,0.049103,0.678888,-0.732598
2466,-0.065423,-0.110291,0.513827,0.212066,-0.152803,-0.965235
2467,-0.152192,-0.102032,0.848953,0.123213,-0.460528,-0.879052
2468,-0.158550,-0.090344,0.854326,-0.695976,-0.049278,-0.716373
2469,-0.145786,-0.086384,0.841653,0.123213,-0.460528,-0.879052
2470,-0.346489,-0.112521,0.549963,0.940465,-0.083737,-0.329413
2471,-0.355370,-0.102641,0.544608,0.407514,-0.124060,-0.904733
2472,-0.345524,-0.092702,0.547680,0.940465,-0.083737,-0.329413
2473,0.251553,-0.099531,0.744692,-0.091705,-0.673021,-0.733917
2474,-0.074204,0.112617,0.285617,0.200159,-0.668527,-0.716246
2475,-0.087327,0.116000,0.278792,0.200159,-0.668527,-0.716246
2476,-0.083827,0.129656,0.286075,0.500084,0.304214,-0.810784
2477,-0.428562,-0.100790,0.619281,0.404775,0.046979,-0.913209
2478,-0.441403,-0.099352,0.625123,-0.576755,0.280119,-0.767390
2479,0.144671,-0.113926,0.239323,-0.830595,0.084532,-0.550424
2480,0.134389,-0.109626,0.255499,-0.830595,0.084532,-0.550424
2481,0.141788,-0.100229,0.245777,-0.830595,0.084532,-0.550424
2482,-0.314045,-0.099665,0.471396,0.570472,-0.043442,-0.820167
2483,-0.322386,-0.113591,0.466332,0.570472,-0.043442,-0.820167
2484,-0.327793,-0.097182,0.461702,0.570472,-0.043442,-0.820167
2485,-0.150891,-0.107607,0.646486,-0.350823,-0.024128,-0.936131
2486,-0.151706,-0.087842,0.646282,-0.350823,-0.024128,-0.936131
2487,-0.140647,-0.097326,0.642382,-0.350823,-0.024128,-0.936131
2488,-0.247625,-0.113800,0.444764,0.625120,-0.103625,-0.773619
2489,-0.255061,-0.103353,0.437356,0.625120,-0.103625,-0.773619
2490,-0.245409,-0.094251,0.443936,0.625120,-0.103625,-0.773619
2491,-0.152275,-0.085091,0.745439,-0.080999,0.013787,-0.996619
2492,-0.144561,-0.095034,0.751907,0.660931,0.024864,-0.750035
2493,-0.151874,-0.105072,0.745130,-0.080999,0.013787,-0.996619
2494,-0.493161,-0.094863,0.696740,0.819273,0.150548,-0.553288
2495,-0.240351,-0.100792,0.591626,-0.630101,-0.141789,-0.763459
2496,-0.228043,-0.090049,0.592154,0.406708,0.593160,-0.694802
2497,-0.229195,-0.100686,0.582399,0.238912,-0.079152,-0.967810
2498,-0.351469,-0.110529,0.627909,-0.010656,-0.722197,-0.691606
2499,-0.350283,-0.090726,0.625855,0.066223,0.561589,-0.824762
2500,-0.343968,-0.101883,0.618765,0.344862,-0.117255,-0.931301
2501,-0.351265,-0.079127,1.045970,0.134263,0.663838,-0.735726
2502,-0.244343,-0.088619,0.649549,0.350333,0.602587,-0.717047
2503,-0.242178,-0.108252,0.652035,0.490799,-0.670993,-0.555774
2504,-0.244229,-0.099892,0.640131,0.258978,-0.093150,-0.961381
2505,-0.226240,-0.108654,0.594121,0.525841,-0.635955,-0.564848
2506,0.445734,-0.077510,0.743960,-0.647256,0.009825,-0.762209
2507,0.453623,-0.087424,0.737133,-0.647256,0.009825,-0.762209
2508,0.445710,-0.097477,0.743723,-0.647256,0.009825,-0.762209
2509,-0.144360,-0.091662,0.854823,0.835617,-0.472656,-0.279892
2510,-0.340837,-0.097219,0.738793,0.631197,0.022465,-0.775297
2511,-0.344065,-0.097586,0.752838,0.974595,-0.000827,0.223972
2512,-0.350501,-0.107312,0.744365,0.249904,-0.640282,-0.726352
2513,-0.350598,-0.087512,0.744860,0.243448,0.678184,-0.693397
2514,-0.245650,-0.097136,1.043390,0.674888,-0.003055,-0.737914
2515,-0.253555,-0.087432,1.036120,0.674888,-0.003055,-0.737914
2516,-0.245997,-0.077178,1.042990,0.674888,-0.003055,-0.737914
2517,-0.149520,-0.096483,0.344503,0.025763,0.663368,-0.747849
2518,-0.141809,-0.105967,0.336356,0.033114,0.059480,-0.997680
2519,-0.156280,-0.105945,0.335877,0.033114,0.059480,-0.997680
2520,-0.149510,-0.116358,0.343318,0.026321,-0.569815,-0.821351
2521,-0.140480,-0.080611,1.039820,-0.097231,0.356478,-0.929231
2522,-0.153632,-0.086154,1.039070,-0.097231,0.356478,-0.929231
2523,-0.152143,-0.081191,1.052390,-0.357438,0.887545,-0.290694
2524,-0.770897,-0.082781,1.339290,0.667709,-0.162391,-0.726495
2525,-0.757804,-0.075830,1.349770,0.667709,-0.162391,-0.726495
2526,-0.763742,-0.092909,1.348130,0.667709,-0.162391,-0.726495
2527,0.192076,0.742117,2.960230,-0.760347,-0.032624,-0.648697
2528,0.202027,0.734835,2.969530,-0.441649,-0.889935,-0.113852
2529,0.185808,0.752458,2.990460,-0.974493,0.073462,-0.212056
2530,0.204348,0.750023,2.967950,-0.283758,0.741623,-0.607846
2531,0.350720,0.449509,2.808400,-0.682913,-0.134228,-0.718062
2532,0.342370,0.441224,2.817890,-0.682913,-0.134228,-0.718062
2533,0.340393,0.455990,2.817010,-0.682913,-0.134228,-0.718062
2534,0.830829,-0.067127,1.244610,-0.752435,0.179929,-0.633614
2535,0.837820,-0.078886,1.250700,-0.608290,-0.618971,-0.496848
2536,0.834487,-0.064195,1.258830,-0.860939,0.494471,0.119513
2537,2.213230,0.452381,3.512330,-0.619211,0.213254,-0.755712
2538,2.224170,0.461715,3.506000,-0.619211,0.213254,-0.755712
2539,2.223250,0.446428,3.502440,-0.619211,0.213254,-0.755712
2540,0.101831,0.751894,4.681760,-0.186158,0.789785,-0.584453
2541,0.061647,-0.084870,1.033330,-0.634762,0.212591,-0.742888
2542,0.051807,-0.093808,1.039180,-0.634762,0.212591,-0.742888
2543,0.055656,-0.074452,1.041430,-0.634762,0.212591,-0.742888
2544,-0.151291,-0.063608,1.544270,-0.080306,0.584568,-0.807360
2545,-0.145181,-0.073680,1.536370,0.226581,-0.035841,-0.973333
2546,-0.150135,-0.083547,1.545270,-0.007681,-0.667616,-0.744466
2547,-0.142190,-0.072810,1.550210,0.975809,0.045843,-0.213766
2548,-0.059377,-0.069652,1.625080,-0.347754,-0.066464,-0.935227
2549,-0.049085,-0.076657,1.638440,0.258058,-0.759574,-0.597037
2550,-0.061673,-0.069445,1.639440,-0.981769,-0.109492,-0.155375
2551,0.209710,-0.070617,1.869270,-0.383299,-0.705903,-0.595637
2552,0.444101,-0.077935,1.561570,-0.370899,-0.535180,-0.758957
2553,0.434119,-0.066776,1.558580,-0.394668,0.277922,-0.875783
2554,0.447050,-0.067258,1.552600,-0.394668,0.277922,-0.875783
2555,0.450084,-0.061183,1.565130,-0.151898,0.903330,-0.401151
2556,-0.025286,-0.049326,1.979290,0.472171,0.610389,-0.635987
2557,-0.846227,-0.084031,1.338350,-0.078056,-0.159825,-0.984054
2558,-0.860707,-0.084718,1.339610,-0.078056,-0.159825,-0.984054
2559,-0.853072,-0.074684,1.346870,-0.096881,0.630790,-0.769882
2560,-0.856366,-0.092207,1.351300,-0.006832,-0.843150,-0.537634
2561,-1.762970,0.370663,4.581940,-0.044425,0.854475,-0.517590
2562,-1.749080,0.369574,4.578950,0.658724,0.352338,-0.664787
2563,-1.756060,0.362869,4.568480,0.658724,0.352338,-0.664787
2564,-0.640749,-0.070398,1.741810,0.584065,-0.018925,-0.811486
2565,-0.649167,-0.080639,1.735990,-0.184352,-0.031262,-0.982363
2566,-0.649354,-0.060682,1.735390,-0.184352,-0.031262,-0.982363
2567,-0.855002,-0.077770,1.569380,0.665698,-0.042934,-0.744985
2568,-0.860021,-0.064170,1.724130,-0.261606,-0.011356,-0.965108
2569,-0.849319,-0.073597,1.721340,-0.261606,-0.011356,-0.965108
2570,-0.858971,-0.084110,1.724080,-0.261606,-0.011356,-0.965108
2571,-0.856081,-0.080248,1.470060,-0.579193,-0.056979,-0.813197
2572,-0.847104,-0.071168,1.463030,0.225704,-0.092040,-0.969838
2573,-0.847622,-0.090879,1.464780,0.225704,-0.092040,-0.969838
2574,-0.841990,-0.080287,1.473780,0.878561,-0.065100,-0.473173
2575,-0.333106,-0.078236,1.474340,0.986316,-0.051439,0.156633
2576,-0.908890,-0.096461,1.282970,0.912164,-0.218844,-0.346502
2577,-0.911541,-0.087988,1.270640,0.558730,0.639955,-0.527521
2578,-0.904592,-0.082061,1.285190,0.558730,0.639955,-0.527521
2579,-0.188752,-0.052491,1.912100,0.184622,0.344703,-0.920377
2580,-0.184878,-0.071446,1.913980,0.151579,-0.633583,-0.758681
2581,-0.196546,-0.064658,1.905980,-0.238687,-0.334163,-0.911791
2582,-2.840560,0.751446,4.489500,-0.281045,-0.910094,-0.304536
2583,-2.834290,0.755031,4.473000,0.444480,-0.653045,-0.613164
2584,-2.827480,0.749197,4.484150,0.444480,-0.653045,-0.613164
2585,-2.828080,0.763481,4.484630,0.864331,0.053112,-0.500111
2586,-0.458316,-0.098322,0.936822,0.045582,-0.433005,-0.900238
2587,-0.444755,-0.093575,0.935225,0.722492,-0.050314,-0.689546
2588,-0.446242,-0.097772,0.948979,0.929106,-0.369607,-0.012354
2589,-0.452291,-0.082990,0.941562,0.500294,0.678335,-0.538115
2590,-0.256488,-0.091324,0.853687,-0.665313,-0.204725,-0.717946
2591,-0.056730,-0.093728,0.753060,-0.670272,-0.064052,-0.739346
2592,-0.048692,-0.083684,0.744903,0.209205,0.435178,-0.875702
2593,-0.042134,-0.096556,0.740073,0.209205,0.435178,-0.875702
2594,-0.449186,-0.079885,1.042530,0.312118,0.457807,-0.832463
2595,-0.443749,-0.095157,1.036170,-0.040158,-0.334577,-0.941512
2596,-0.456696,-0.089185,1.034600,-0.040158,-0.334577,-0.941512
2597,0.033744,-0.077671,1.362260,-0.705181,0.098459,-0.702158
2598,0.041169,-0.067136,1.356280,0.008653,0.111814,-0.993692
2599,0.040626,-0.087000,1.354040,0.008653,0.111814,-0.993692
2600,0.540742,-0.069716,1.054540,-0.563091,0.085753,-0.821934
2601,0.545584,-0.086517,1.049470,-0.563091,0.085753,-0.821934
2602,0.531714,-0.080498,1.059600,-0.563091,0.085753,-0.821934
2603,0.252727,-0.080138,1.123500,0.143949,0.090651,-0.985424
2604,0.238485,-0.080676,1.121370,0.143949,0.090651,-0.985424
2605,0.243786,-0.071193,1.130840,0.083137,0.680519,-0.727998
2606,0.244787,-0.091033,1.129160,0.144603,-0.537102,-0.831030
2607,0.249360,-0.068148,1.243040,-0.648852,-0.011807,-0.760823
2608,0.256940,-0.078744,1.236740,-0.648852,-0.011807,-0.760823
2609,0.248597,-0.088078,1.244000,-0.648852,-0.011807,-0.760823
2610,0.158832,-0.089134,0.839713,-0.607507,0.397750,-0.687553
2611,0.144434,-0.087514,0.853372,-0.607507,0.397750,-0.687553
2612,0.158906,-0.084784,0.853789,-0.169302,0.941878,-0.290178
2613,0.021575,-0.077721,1.600550,0.596131,-0.052159,-0.801191
2614,0.011042,-0.070150,1.592220,0.596131,-0.052159,-0.801191
2615,0.021810,-0.062590,1.599740,0.596131,-0.052159,-0.801191
2616,0.856498,-0.057260,1.362250,-0.333900,0.821835,-0.461625
2617,0.856782,-0.064772,1.348670,-0.482412,0.048025,-0.874627
2618,0.843213,-0.066123,1.356080,-0.482412,0.048025,-0.874627
2619,0.256376,0.345676,2.826720,-0.366472,-0.927728,0.070840
2620,0.255222,0.344946,2.811190,0.023208,-0.832081,-0.554168
2621,0.267685,0.340565,2.818290,0.023208,-0.832081,-0.554168
2622,0.267100,0.354771,2.813510,0.400086,-0.277430,-0.873478
2623,0.552690,0.745943,2.811910,-0.027543,-0.251186,-0.967547
2624,0.562568,0.748517,2.826310,0.820287,-0.237751,-0.520196
2625,0.547333,0.742157,2.827080,-0.515470,-0.770791,-0.374396
2626,1.651360,0.267162,2.881810,-0.315172,0.276443,-0.907880
2627,1.675420,0.243931,2.893300,0.241980,-0.714390,-0.656576
2628,1.645050,0.257506,2.893250,-0.881791,-0.408353,-0.235993
2629,1.677300,0.257441,2.899840,0.615883,0.272192,-0.739324
2630,-0.474099,-0.049357,2.315080,-0.406368,0.900615,-0.154135
2631,-0.457775,-0.045953,2.291930,0.188016,0.675610,-0.712882
2632,-0.480739,-0.054696,2.301390,-0.795477,0.174746,-0.580242
2633,-0.162341,-0.066306,2.014530,-0.628753,-0.508249,-0.588518
2634,-0.155417,-0.061127,2.002660,-0.121788,-0.118296,-0.985482
2635,-0.145050,-0.063185,2.012850,0.623841,-0.340534,-0.703462
2636,-0.155205,-0.050284,2.012560,-0.168699,0.666391,-0.726267
2637,-0.015860,-0.046796,2.083310,-0.168535,0.590328,-0.789372
2638,-0.010085,-0.057088,2.074380,0.150187,-0.059285,-0.986878
2639,-0.014887,-0.066603,2.084650,-0.104974,-0.704564,-0.701833
2640,0.754853,2.158960,4.706000,0.127902,0.131545,-0.983024
2641,0.748929,2.144020,4.703230,-0.533617,-0.379609,-0.755744
2642,0.739321,2.156650,4.703670,-0.533617,-0.379609,-0.755744
2643,0.442422,0.552971,2.822030,-0.828449,0.020529,-0.559688
2644,0.449102,0.545275,2.811860,-0.173710,-0.770816,-0.612917
2645,0.441842,0.538562,2.822360,-0.173710,-0.770816,-0.612917
2646,0.122941,-0.007450,4.653160,0.702520,0.400005,-0.588610
2647,0.647367,0.746391,2.817350,-0.110855,-0.778014,-0.618389
2648,0.640466,0.739116,2.827740,-0.110855,-0.778014,-0.618389
2649,0.639373,0.753521,2.827700,-0.810408,-0.063108,-0.582458
2650,0.453464,-0.056682,1.943540,-0.575072,-0.030080,-0.817550
2651,0.346850,0.826592,2.791430,-0.063763,-0.155824,-0.985725
2652,0.366035,0.801978,2.794080,-0.151790,-0.457905,-0.875947
2653,0.340481,0.809588,2.794530,-0.151790,-0.457905,-0.875947
2654,0.170983,0.725808,3.388750,-0.466018,0.286051,-0.837259
2655,0.156794,0.724615,3.396240,-0.466018,0.286051,-0.837259
2656,0.170753,0.729721,3.404350,-0.206893,0.948242,-0.240901
2657,0.241827,0.750869,2.783230,-0.154646,0.058920,-0.986211
2658,0.266481,0.741382,2.802990,0.625684,-0.185427,-0.757718
2659,0.235784,0.743906,2.798320,-0.740196,-0.446714,-0.502550
2660,-0.143449,-0.071717,1.249860,0.122150,0.612282,-0.781147
2661,0.192802,0.162074,3.058670,-0.245399,0.884715,-0.396307
2662,0.752437,-0.068612,1.659430,-0.191405,-0.708786,-0.678960
2663,0.190949,0.188562,3.284580,-0.611491,0.097890,-0.785173
2664,0.180415,0.175457,3.291150,-0.611491,0.097890,-0.785173
2665,0.188018,0.185732,3.299040,-0.788421,0.613856,-0.039671
2666,0.164812,0.336454,3.440150,0.144052,0.773192,-0.617594
2667,0.176846,0.328397,3.432870,0.491860,-0.112356,-0.863394
2668,0.162887,0.324999,3.425360,0.491860,-0.112356,-0.863394
2669,0.197957,0.743923,2.992100,-0.538606,-0.810740,-0.229355
2670,1.150780,-0.048120,1.848120,0.531681,-0.768355,-0.356295
2671,1.137750,-0.053311,1.839870,-0.097008,-0.399966,-0.911382
2672,1.147480,-0.044255,1.834860,-0.097008,-0.399966,-0.911382
2673,1.141580,-0.035292,1.844160,-0.644299,0.304026,-0.701745
2674,-0.719078,-0.053147,2.360280,0.119954,0.992605,-0.018629
2675,-0.685114,-0.070404,2.237840,-0.239330,-0.375840,-0.895246
2676,-0.691306,-0.059076,2.247120,-0.919117,-0.259653,-0.296317
2677,-0.687858,-0.053365,2.231420,-0.239330,-0.375840,-0.895246
2678,0.187139,0.210537,3.326510,0.073971,-0.205091,-0.975944
2679,0.185263,0.206948,3.340850,-0.089623,-0.963350,-0.252831
2680,0.177090,0.217535,3.334990,-0.560933,0.175017,-0.809150
2681,0.270185,0.655524,2.822810,0.584910,0.717581,-0.378097
2682,0.271755,0.646425,2.807970,0.643871,-0.296263,-0.705449
2683,0.238977,0.838426,2.773530,-0.218132,-0.092629,-0.971513
2684,0.246515,0.834549,2.785840,0.493707,-0.695913,-0.521496
2685,0.231614,0.835687,2.786130,-0.789988,-0.309936,-0.529016
2686,0.759415,-0.051627,1.876190,-0.846072,-0.050351,-0.530686
2687,0.764561,-0.042081,1.867080,-0.166942,-0.060923,-0.984083
2688,0.765020,-0.061914,1.868230,-0.166942,-0.060923,-0.984083
2689,0.773484,-0.051395,1.874570,0.623521,-0.030866,-0.781197
2690,0.344426,0.350332,2.814710,-0.785492,-0.108934,-0.609209
2691,0.340316,0.338416,2.822140,-0.785492,-0.108934,-0.609209
2692,0.344479,0.349187,2.831120,-0.939735,0.340850,0.026818
2693,0.354752,0.338577,2.819770,-0.135896,-0.490021,-0.861053
2694,0.454109,0.440530,2.821760,-0.091158,-0.622308,-0.777446
2695,0.439794,0.440703,2.823300,-0.091158,-0.622308,-0.777446
2696,0.445046,0.450865,2.814550,-0.091158,-0.622308,-0.777446
2697,0.842994,0.443336,2.828360,-0.438753,-0.548391,-0.711873
2698,0.850949,0.450316,2.818080,-0.438753,-0.548391,-0.711873
2699,0.857901,0.444530,2.829740,0.114840,-0.860888,-0.495666
2700,0.843324,0.457871,2.828200,-0.794528,0.011356,-0.607121
2701,0.554035,0.538742,2.825790,-0.043954,-0.685692,-0.726564
2702,0.539473,0.539792,2.825680,-0.043954,-0.685692,-0.726564
2703,0.547110,0.548627,2.816880,-0.043954,-0.685692,-0.726564
2704,1.107830,-0.062509,1.594910,-0.432470,-0.061783,-0.899529
2705,1.096320,-0.051972,1.599720,-0.432470,-0.061783,-0.899529
2706,1.108870,-0.043873,1.593130,-0.432470,-0.061783,-0.899529
2707,0.860923,1.653710,4.739300,0.735097,0.113562,-0.668384
2708,0.550334,0.822713,2.804590,0.132626,-0.585872,-0.799477
2709,0.564239,0.813736,2.809590,0.208774,-0.208767,-0.955421
2710,0.549619,0.806804,2.807910,0.172149,-0.208644,-0.962721
2711,0.027150,-0.071013,1.866130,0.041421,-0.044761,-0.998139
2712,0.026308,-0.051054,1.865200,0.041421,-0.044761,-0.998139
2713,0.033515,-0.060401,1.873070,0.737250,-0.000379,-0.675620
2714,0.181181,0.572747,3.164720,-0.090452,0.480911,-0.872091
2715,0.190822,0.562755,3.158210,-0.052551,-0.368197,-0.928262
2716,0.171299,0.561785,3.159700,-0.052551,-0.368197,-0.928262
2717,0.202005,0.481401,3.040300,0.716173,0.678483,-0.163573
2718,0.214968,0.460413,3.010000,0.734095,0.150022,-0.662267
2719,0.193419,0.487677,3.028740,-0.346277,0.704899,-0.619039
2720,0.222077,0.153195,2.987080,0.316926,-0.207989,-0.925364
2721,0.209611,0.147811,2.996830,-0.045936,-0.553812,-0.831373
2722,0.207048,0.154364,2.981670,-0.461541,-0.090451,-0.882496
2723,0.547640,0.349300,2.840480,-0.714925,0.666424,-0.211569
2724,0.860319,-0.052479,2.654110,-0.674759,-0.615753,-0.406876
2725,0.850729,-0.041269,2.653050,-0.746595,0.186292,-0.638663
2726,0.859847,-0.043741,2.641670,-0.746595,0.186292,-0.638663
2727,0.554609,0.441027,2.828840,0.123265,-0.828012,-0.546994
2728,0.547063,0.446992,2.818110,-0.370329,-0.107845,-0.922619
2729,0.554375,0.455243,2.827230,0.108050,0.692572,-0.713210
2730,0.455126,0.343355,2.825280,-0.077768,0.000531,-0.996971
2731,0.441022,0.343027,2.826380,-0.077768,0.000531,-0.996971
2732,0.440734,0.357175,2.826410,-0.077768,0.000531,-0.996971
2733,0.469135,0.802365,2.807060,0.212564,-0.666343,-0.714705
2734,0.547056,0.449238,2.837960,-0.999957,-0.009234,0.000692
2735,0.521310,0.824139,2.800230,-0.635987,-0.377623,-0.672995
2736,0.962996,0.809565,2.793420,0.696730,-0.086622,-0.712085
2737,0.952260,0.806322,2.783310,-0.203334,-0.226667,-0.952511
2738,0.949465,0.814811,2.794830,-0.694412,0.527146,-0.489805
2739,0.953060,0.803132,2.802790,-0.418080,-0.902951,-0.099443
2740,0.197168,0.847459,2.785920,-0.265830,-0.769787,-0.580313
2741,0.193731,0.857255,2.774500,-0.265830,-0.769787,-0.580313
2742,0.206660,0.859594,2.785070,0.597649,-0.510770,-0.618005
2743,0.190989,0.860560,2.791230,-0.912895,-0.402115,-0.070183
2744,1.246740,0.818565,2.760040,0.004140,-0.357310,-0.933977
2745,1.251760,0.804874,2.765300,0.004140,-0.357310,-0.933977
2746,1.236440,0.807049,2.764400,0.004140,-0.357310,-0.933977
2747,1.011820,0.857099,2.828910,-0.690230,0.463175,-0.555924
2748,1.007140,0.841447,2.821680,-0.572964,-0.525390,-0.629029
2749,1.012610,0.844973,2.838320,-0.613988,-0.706689,0.351581
2750,0.124755,1.249550,4.227250,-0.417214,-0.565217,-0.711662
2751,0.128767,1.260980,4.215820,0.266483,0.095024,-0.959144
2752,0.140635,1.249500,4.217980,0.266483,0.095024,-0.959144
2753,0.165219,0.558071,3.480520,0.782406,0.055714,-0.620272
2754,0.165188,0.554162,3.464830,-0.419242,0.332618,-0.844749
2755,1.256970,0.659357,2.759590,-0.162749,0.876859,-0.452362
2756,1.250860,0.651893,2.747320,-0.758132,0.140107,-0.636871
2757,1.241660,0.656340,2.759250,-0.758132,0.140107,-0.636871
2758,0.236862,0.554893,2.792490,-0.359496,0.622067,-0.695554
2759,0.246910,0.564412,2.795810,-0.030306,0.780433,-0.624504
2760,0.752430,0.750565,2.828310,-0.652476,-0.735405,0.182907
2761,0.743588,0.755684,2.817350,-0.771086,-0.160888,-0.616069
2762,0.751983,0.746236,2.809310,-0.771086,-0.160888,-0.616069
2763,0.522890,0.839137,2.804850,-0.985505,0.135332,-0.102295
2764,0.523792,0.832092,2.786840,-0.708726,-0.541056,-0.452731
2765,0.549939,0.756854,2.822670,-0.324130,0.621566,-0.713159
2766,0.209285,0.739106,2.956590,-0.227555,-0.134692,-0.964405
2767,0.245587,0.848893,2.781740,0.130156,0.559727,-0.818392
2768,0.949994,0.827640,2.826230,-0.913917,-0.344112,0.215274
2769,0.205971,0.788605,2.795340,0.807690,0.293062,-0.511616
2770,0.196483,0.778063,2.793480,-0.205019,-0.897600,-0.390232
2771,0.189255,0.786596,2.784560,0.454466,0.423511,-0.783645
2772,0.355713,0.796187,2.803660,-0.222960,-0.709135,-0.668892
2773,-0.152414,-0.053526,1.847980,0.409090,-0.066262,-0.910085
2774,-0.153102,-0.073432,1.849120,0.409090,-0.066262,-0.910085
2775,-0.162618,-0.062901,1.852680,-0.388004,-0.039326,-0.920818
2776,-0.226340,-0.072927,1.929120,-0.307408,-0.699053,-0.645620
2777,-0.228751,-0.062031,1.918470,0.038863,0.087645,-0.995393
2778,-0.454099,-0.064008,2.287980,0.338738,-0.399163,-0.852013
2779,-0.450838,-0.056104,2.299840,0.868272,0.268106,-0.417400
2780,0.262680,0.455807,2.809140,0.427719,0.123578,-0.895424
2781,0.271617,0.443427,2.817310,0.529197,-0.166982,-0.831906
2782,0.256419,0.446300,2.819930,-0.033416,-0.974797,-0.220579
2783,0.267256,0.455984,2.825840,0.855317,0.459563,-0.239238
2784,0.981404,0.768243,2.794090,0.662916,0.301564,-0.685275
2785,0.971725,0.757321,2.795910,-0.298760,-0.834782,-0.462473
2786,0.971718,0.764448,2.783050,-0.160936,-0.039750,-0.986164
2787,-0.848291,-0.086370,1.259830,-0.593675,-0.091299,-0.799509
2788,0.242331,0.450642,2.789040,-0.400624,-0.095814,-0.911219
2789,0.236538,0.456781,2.804580,-0.886699,0.208228,-0.412803
2790,-0.217405,-0.061338,1.927780,-0.030364,-0.142958,-0.989263
2791,-0.149507,-0.063044,1.858080,0.945921,-0.051042,-0.320355
2792,-0.241130,-0.067172,1.857090,0.753937,-0.285241,-0.591791
2793,-0.250754,-0.074954,1.848580,-0.192900,-0.486997,-0.851835
2794,-0.251537,-0.061858,1.841270,-0.192900,-0.486997,-0.851835
2795,-0.456540,-0.078420,1.832730,-0.076020,-0.577435,-0.812890
2796,-0.464206,-0.067782,1.825890,-0.063340,0.052376,-0.996617
2797,-0.449881,-0.068344,1.824950,-0.063340,0.052376,-0.996617
2798,-0.455695,-0.058563,1.833720,-0.023388,0.659636,-0.751221
2799,1.227760,-0.045971,1.949130,-0.492145,0.571803,-0.656380
2800,1.228630,-0.047904,1.966300,-0.980853,0.181674,0.070155
2801,1.230880,-0.032690,1.958360,-0.492145,0.571803,-0.656380
2802,0.518672,-0.043988,1.986770,-0.335576,0.664872,-0.667333
2803,0.521161,-0.053782,1.975760,-0.464203,0.024777,-0.885382
2804,0.507997,-0.053491,1.982670,-0.464203,0.024777,-0.885382
2805,-0.265076,-0.066139,2.306710,0.251406,-0.192079,-0.948631
2806,-0.275477,-0.056375,2.306750,0.252752,0.273066,-0.928198
2807,-0.265451,-0.046432,2.308780,0.095495,0.105788,-0.989793
2808,0.518102,-0.063699,1.986520,-0.372885,-0.627057,-0.683927
2809,1.140150,-0.033002,1.969410,0.008358,0.016077,-0.999836
2810,1.148510,-0.042246,1.978150,0.760974,0.079403,-0.643905
2811,1.141940,-0.052589,1.969110,0.008358,0.016077,-0.999836
2812,1.124510,-0.056892,1.646810,-0.429844,0.218382,-0.876096
2813,1.128570,-0.041519,1.648650,-0.429844,0.218382,-0.876096
2814,1.137610,-0.051407,1.641750,-0.429844,0.218382,-0.876096
2815,-1.849610,2.245600,4.511380,0.197806,-0.846516,-0.494251
2816,-1.841270,2.239690,4.524840,0.197806,-0.846516,-0.494251
2817,-1.854110,2.250130,4.528290,-0.623240,-0.780830,0.043322
2818,1.240630,-0.044501,1.957360,0.448789,0.436509,-0.779775
2819,1.253840,0.644393,2.762760,-0.647446,-0.727130,-0.228244
2820,1.319220,0.359329,2.791570,0.141646,0.572423,-0.807631
2821,1.308240,0.350914,2.783680,-0.487042,-0.109830,-0.866445
2822,1.307610,0.354292,2.801240,-0.993614,0.098720,-0.054639
2823,1.317550,0.343770,2.794500,-0.013105,-0.839587,-0.543068
2824,1.221990,-0.043586,2.329440,0.350214,0.059101,-0.934803
2825,1.207050,-0.041101,2.324000,-0.410444,0.503027,-0.760592
2826,1.215580,-0.028063,2.328020,-0.410444,0.503027,-0.760592
2827,0.754230,-0.036505,2.641000,-0.436430,0.695978,-0.570214
2828,0.753160,-0.046253,2.629920,-0.657151,0.072778,-0.750237
2829,0.742115,-0.045167,2.639700,-0.657151,0.072778,-0.750237
2830,0.830368,-0.051306,1.535860,-0.279363,0.740959,-0.610685
2831,0.929846,-0.069110,1.349000,0.120425,-0.321720,-0.939145
2832,0.913685,-0.070430,1.347380,-0.575513,0.112914,-0.809960
2833,0.921186,-0.057376,1.343870,-0.575513,0.112914,-0.809960
2834,0.917903,-0.059609,1.358810,-0.874390,0.469646,-0.121964
2835,0.666341,-0.050925,1.667600,-0.280612,0.002218,-0.959819
2836,0.667929,-0.070720,1.667090,-0.280612,0.002218,-0.959819
2837,0.662728,-0.061413,1.676620,-0.900026,-0.061086,-0.431534
2838,0.336150,-0.077575,1.245030,0.189459,0.009260,-0.981845
2839,0.350044,-0.077682,1.247710,0.189459,0.009260,-0.981845
2840,0.341888,-0.087691,1.253500,0.149449,-0.583530,-0.798222
2841,0.342002,-0.067706,1.253710,0.156201,0.598468,-0.785771
2842,1.309320,-0.036560,2.618550,-0.438562,-0.018044,-0.898520
2843,1.305490,-0.020655,2.620100,-0.438562,-0.018044,-0.898520
2844,1.319590,-0.024356,2.627670,0.504015,0.203176,-0.839457
2845,0.945093,-0.054193,1.668860,-0.915063,-0.096034,-0.391711
2846,0.948223,-0.044290,1.659120,-0.358991,-0.070472,-0.930677
2847,0.949952,-0.064191,1.659960,-0.358991,-0.070472,-0.930677
2848,0.942251,-0.053434,2.014690,-0.154091,-0.643863,-0.749464
2849,0.933201,-0.044121,2.008550,-0.538656,-0.038208,-0.841659
2850,0.940540,-0.033521,2.014890,-0.262860,0.622732,-0.736960
2851,1.052650,-0.055307,1.551380,-0.292426,-0.218147,-0.931074
2852,1.059330,-0.045315,1.561070,0.145663,0.636833,-0.757117
2853,1.063380,-0.059793,1.564580,0.365552,-0.749545,-0.551864
2854,0.945446,-0.042427,1.917300,-0.332351,0.423079,-0.842940
2855,0.931658,-0.045507,1.921190,-0.332351,0.423079,-0.842940
2856,0.938891,-0.041729,1.933360,-0.254653,0.956031,-0.145454
2857,0.676568,-0.060216,1.673240,0.525906,0.064043,-0.848128
2858,1.133540,-0.057648,1.747910,0.117458,-0.614584,-0.780058
2859,1.123240,-0.048781,1.753570,-0.969678,-0.094997,-0.225166
2860,1.126470,-0.048236,1.739430,-0.245002,-0.009988,-0.969471
2861,1.185850,2.702000,4.770240,-0.364293,-0.014383,-0.931173
2862,1.172300,2.720100,4.780560,0.430961,0.668324,-0.606313
2863,1.196510,2.704990,4.781130,0.431444,0.668426,-0.605857
2864,0.972343,2.640930,4.718770,-0.732055,-0.411464,-0.542948
2865,0.979385,2.653480,4.720770,-0.726744,0.485265,-0.486169
2866,0.980731,2.641630,4.706930,-0.732055,-0.411464,-0.542948
2867,1.440380,2.426640,4.817750,-0.369229,-0.275874,-0.887448
2868,1.446850,2.420210,4.828610,0.584737,-0.495916,-0.641988
2869,1.435600,2.412900,4.824010,-0.369229,-0.275874,-0.887448
2870,1.435140,2.423190,4.836040,-0.947054,0.225207,-0.228846
2871,0.968086,2.385620,4.711770,-0.274095,0.283466,-0.918977
2872,0.967660,2.370440,4.711450,-0.247767,-0.746682,-0.617315
2873,0.963635,2.375650,4.725140,-0.670037,-0.737593,0.083708
2874,0.841712,2.614380,4.640530,-0.626448,-0.040464,-0.778413
2875,0.845853,2.629720,4.636400,-0.626448,-0.040464,-0.778413
2876,0.857052,2.619610,4.642710,0.237038,-0.311716,-0.920134
2877,0.845017,2.625700,4.651950,-0.964175,0.264748,0.016607
2878,1.017940,2.576260,4.759290,-0.735158,-0.645859,0.205936
2879,1.016560,2.573150,4.744610,-0.579947,-0.599444,-0.551659
2880,1.031250,2.576490,4.744860,0.155395,-0.626275,-0.763959
2881,1.025660,2.649560,4.774490,-0.970021,-0.153610,-0.188314
2882,0.757500,2.604930,4.656010,-0.222600,-0.830532,-0.510554
2883,0.742683,2.605760,4.661120,-0.222600,-0.830532,-0.510554
2884,0.748037,2.620430,4.659570,-0.325035,0.018724,-0.945516
2885,0.958279,2.600750,4.697600,0.271057,-0.170947,-0.947262
2886,0.989431,2.584360,4.703240,0.097047,-0.639900,-0.762306
2887,0.973388,2.578770,4.705890,-0.008953,-0.743855,-0.668281
2888,-1.214220,0.647034,4.593470,0.531073,0.419738,-0.736058
2889,-1.209490,0.640581,4.607620,0.879635,0.468834,-0.080233
2890,1.017160,1.637440,4.785880,-0.606319,-0.544502,-0.579565
2891,1.023670,1.651660,4.782980,-0.842982,0.294057,-0.450458
2892,1.027290,1.642690,4.770350,-0.606319,-0.544502,-0.579565
2893,0.042911,0.749695,4.727730,-0.568419,-0.821162,-0.050925
2894,0.039210,0.753397,4.709350,-0.004825,-0.549011,-0.835801
2895,0.051411,0.744597,4.715060,-0.004825,-0.549011,-0.835801
2896,0.851045,2.152230,4.718110,-0.415218,-0.270257,-0.868651
2897,0.839147,2.147400,4.725300,-0.415218,-0.270257,-0.868651
2898,0.838096,2.161550,4.721400,-0.415218,-0.270257,-0.868651
2899,1.074710,2.038570,4.808910,-0.442468,0.243089,-0.863209
2900,1.076250,2.045610,4.824320,-0.935179,0.348057,-0.065551
2901,1.080530,2.054490,4.810410,-0.442468,0.243089,-0.863209
2902,1.069840,1.854770,4.808800,-0.349028,0.171769,-0.921236
2903,1.059880,1.844400,4.810640,-0.725953,-0.367367,-0.581406
2904,1.060210,1.849300,4.824280,-0.978408,-0.185846,0.090434
2905,1.938730,1.857700,4.802540,-0.784751,0.347336,-0.513346
2906,1.936180,1.843470,4.796810,-0.592877,-0.219616,-0.774768
2907,0.770199,2.431190,4.648710,-0.504495,-0.506963,-0.698909
2908,0.807801,2.450900,4.661750,0.330655,-0.006447,-0.943730
2909,0.801948,2.441610,4.671250,0.303254,-0.952816,0.013324
2910,0.644963,2.448700,4.684760,-0.521810,-0.853062,0.000273
2911,0.632240,2.456480,4.676810,-0.673540,-0.225317,-0.703972
2912,0.644725,2.448840,4.667310,-0.673540,-0.225317,-0.703972
2913,-1.576880,2.363570,4.565830,-0.773316,-0.161934,-0.612993
2914,-1.563890,2.369140,4.563040,0.394745,0.660788,-0.638385
2915,-1.565340,2.359640,4.552310,0.097611,-0.269461,-0.958052
2916,0.763688,2.446180,4.645640,0.301895,-0.063681,-0.951212
2917,0.755668,2.433970,4.648100,-0.141617,-0.851143,-0.505470
2918,0.761302,2.437210,4.661400,-0.098819,-0.924117,0.369109
2919,0.658655,1.553520,4.643470,0.036821,-0.023512,-0.999045
2920,0.663919,1.560230,4.660800,0.627705,0.642547,-0.439454
2921,0.661130,1.545760,4.656480,0.304814,-0.791330,-0.529987
2922,0.635616,2.142440,4.412380,0.159922,-0.892392,-0.421974
2923,0.643962,2.149700,4.423340,0.842349,-0.351094,-0.408878
2924,0.640779,2.135530,4.428950,0.159922,-0.892392,-0.421974
2925,0.629182,2.145800,4.426320,-0.643866,-0.756470,-0.114842
2926,1.161770,1.743180,4.836790,-0.047592,-0.956725,-0.287074
2927,1.147460,1.744660,4.834230,-0.691730,-0.300425,-0.656699
2928,1.156660,1.747500,4.823240,-0.691730,-0.300425,-0.656699
2929,1.154290,1.755600,4.841150,-0.656405,0.650972,-0.381271
2930,-0.043600,0.153751,4.706510,-0.790308,-0.607943,-0.076273
2931,0.093016,0.555046,4.617000,0.084597,0.377901,-0.921973
2932,0.109562,0.553489,4.617880,0.084597,0.377901,-0.921973
2933,0.101524,0.541840,4.626630,-0.013208,-0.594687,-0.803849
2934,-0.344747,0.261013,4.666880,-0.647854,-0.083680,-0.757155
2935,-0.339967,0.253262,4.677710,0.082757,-0.792754,-0.603898
2936,-0.353956,0.253409,4.675600,-0.647854,-0.083680,-0.757155
2937,-0.347718,0.261107,4.686570,-0.691698,0.714100,-0.107779
2938,-0.643186,0.758821,4.670010,-0.022514,0.809588,-0.586566
2939,-0.235095,0.838608,4.699300,0.753429,-0.354145,-0.554010
2940,-0.248135,0.242044,4.674220,-0.015132,-0.792356,-0.609871
2941,-0.242882,0.233885,4.684690,-0.015132,-0.792356,-0.609871
2942,-0.257084,0.234949,4.683660,-0.015132,-0.792356,-0.609871
2943,0.119264,0.150582,4.365790,-0.464935,-0.395619,-0.792036
2944,0.122275,0.163787,4.374590,-0.570401,0.541585,-0.617518
2945,0.133634,0.152919,4.370900,0.363784,-0.429061,-0.826782
2946,0.097769,0.355962,4.644950,0.232566,-0.805733,-0.544709
2947,0.067406,0.455386,4.692300,-0.563379,-0.081702,-0.822149
2948,0.070151,0.360940,4.690980,-0.079265,-0.043384,-0.995909
2949,0.072531,0.345574,4.691460,-0.079265,-0.043384,-0.995909
2950,0.057414,0.349090,4.692510,-0.079265,-0.043384,-0.995909
2951,0.751934,0.450954,2.837840,-0.716482,-0.697457,-0.014397
2952,0.752616,0.450665,2.817900,-0.239981,-0.277800,-0.930181
2953,0.762972,0.451041,2.828230,0.633894,-0.464243,-0.618592
2954,-0.053125,0.065611,4.686260,-0.498704,0.275854,-0.821705
2955,-0.248887,0.160692,4.686860,-0.118057,0.769885,-0.627168
2956,0.127546,0.266756,4.318270,-0.178217,-0.166936,-0.969727
2957,0.107941,0.267761,4.321700,-0.178217,-0.166936,-0.969727
2958,0.117954,0.277519,4.318180,-0.178217,-0.166936,-0.969727
2959,0.112828,0.179200,4.562220,-0.424288,-0.167856,-0.889834
2960,0.107501,0.188405,4.575330,-0.937262,-0.306925,-0.165336
2961,0.119150,0.149377,4.381170,-0.717877,-0.693608,-0.059664
2962,0.342831,-0.013483,2.839790,-0.078516,0.205466,-0.975510
2963,0.331798,-0.006610,2.854970,-0.832322,-0.281535,-0.477471
2964,0.336809,-0.000971,2.842910,-0.078516,0.205466,-0.975510
2965,-0.369881,-0.005067,4.646430,-0.837673,0.391208,-0.381131
2966,-0.006595,0.213115,4.692120,-0.701006,0.292942,-0.650212
2967,-0.004788,0.203310,4.702580,-0.437894,-0.692429,-0.573403
2968,-0.016598,0.211218,4.702050,-0.701006,0.292942,-0.650212
2969,2.617980,1.788980,4.824890,0.648232,-0.286236,-0.705594
2970,2.612100,1.786260,4.840270,0.184409,-0.967550,0.172741
2971,0.161469,0.457214,3.525850,0.884747,-0.152411,-0.440447
2972,0.111009,0.132359,4.669250,0.479919,0.612416,-0.628192
2973,-0.118722,0.077258,4.687010,0.699824,-0.165655,-0.694842
2974,0.174392,0.449806,3.444580,0.207757,0.164433,-0.964261
2975,0.154965,0.451364,3.440660,0.207757,0.164433,-0.964261
2976,0.163393,0.456071,3.451180,0.171020,0.840996,-0.513301
2977,0.162649,0.441947,3.449250,0.106864,-0.621059,-0.776444
2978,1.007880,0.084411,2.797570,0.542409,0.288468,-0.789037
2979,0.996016,0.083934,2.789240,-0.410729,0.123669,-0.903331
2980,0.998817,0.087984,2.808310,-0.670922,0.739220,-0.058467
2981,0.997852,0.074560,2.801130,-0.556827,-0.691921,-0.459553
2982,0.850186,0.349844,2.840190,-0.986592,0.071039,0.146936
2983,0.847181,0.348444,2.820690,-0.540260,-0.035745,-0.840739
2984,0.856249,0.341360,2.829830,-0.041362,-0.809171,-0.586115
2985,0.195885,0.346942,3.014060,-0.564913,-0.524090,-0.637341
2986,0.208519,0.345424,3.004110,0.233834,-0.409668,-0.881756
2987,0.214192,0.346309,3.019210,0.779242,-0.570558,-0.259318
2988,1.120510,-0.039097,2.734010,-0.395967,-0.642190,-0.656355
2989,1.114050,-0.026303,2.725390,-0.537967,0.304252,-0.786144
2990,1.128830,-0.026430,2.733220,0.392190,0.558075,-0.731258
2991,1.105950,0.139173,2.790820,0.048749,0.004466,-0.998801
2992,1.079670,0.154534,2.798260,0.173245,0.819694,-0.545974
2993,1.104390,0.146416,2.805470,-0.080773,0.890052,-0.448645
2994,1.136910,0.161649,2.791210,-0.495591,0.691775,-0.525202
2995,1.077080,0.144243,2.787260,-0.153222,-0.295510,-0.942972
2996,-0.155782,-0.067844,2.126720,0.353610,-0.053658,-0.933853
2997,-0.165085,-0.057796,2.122620,0.353610,-0.053658,-0.933853
2998,-0.155242,-0.047926,2.125780,0.353610,-0.053658,-0.933853
2999,0.775829,-0.057602,1.969930,-0.284056,-0.096721,-0.953917
3000,0.776135,-0.037987,1.967850,-0.284056,-0.096721,-0.953917
3001,0.787141,-0.048316,1.965620,-0.284056,-0.096721,-0.953917
3002,-0.365434,-0.066716,2.028430,-0.635248,-0.395160,-0.663557
3003,-0.748178,-0.080383,1.653880,-0.064015,0.093398,-0.993569
3004,-0.745451,-0.064366,1.655210,-0.064015,0.093398,-0.993569
3005,-0.737788,-0.074815,1.665450,0.759734,-0.075721,-0.645810
3006,-0.433164,-0.060098,2.176400,0.109904,-0.071400,-0.991374
3007,-0.441729,-0.069157,2.183390,0.053509,-0.641225,-0.765485
3008,-0.447199,-0.059347,2.174790,0.109904,-0.071400,-0.991374
3009,-0.472477,-0.066185,2.309120,-0.500587,-0.701380,-0.507423
3010,-0.745275,-0.069192,1.934560,0.465536,0.395655,-0.791665
3011,-0.760217,-0.068258,1.926240,0.465536,0.395655,-0.791665
3012,-0.754463,-0.058161,1.934670,0.465536,0.395655,-0.791665
3013,-0.324191,-0.063691,1.948140,-0.607063,-0.141459,-0.781962
3014,-0.317184,-0.053574,1.940870,0.148697,-0.081450,-0.985523
3015,-0.315089,-0.073344,1.942820,0.148697,-0.081450,-0.985523
3016,-0.310158,-0.061994,1.950270,0.812828,0.028750,-0.581795
3017,-1.218390,-0.071895,1.962130,-0.823953,-0.031560,-0.565779
3018,0.274233,-0.045737,2.778310,0.240086,0.507517,-0.827517
3019,0.258971,-0.048968,2.771900,0.240086,0.507517,-0.827517
3020,0.260958,-0.046079,2.787910,-0.140176,0.977281,-0.158971
3021,-0.739551,-0.059269,2.254070,0.651159,0.738552,0.174737
3022,-0.346958,-0.059302,2.269290,0.990401,-0.135947,0.024997
3023,-0.356701,-0.067735,2.262260,0.007367,-0.647180,-0.762302
3024,-0.346496,-0.058632,2.254630,0.479065,-0.021276,-0.877522
3025,-0.353712,-0.048296,2.262310,0.189246,0.667348,-0.720301
3026,-0.524209,-0.062321,2.129340,0.568415,-0.078861,-0.818954
3027,-0.535993,-0.062933,2.121220,0.568415,-0.078861,-0.818954
3028,-0.534270,-0.052095,2.130420,0.462330,0.529943,-0.710923
3029,-0.534464,-0.071995,2.132200,0.450791,-0.656628,-0.604671
3030,-0.561045,-0.076876,1.921440,0.629179,0.062847,-0.774716
3031,-0.570135,-0.067601,1.914810,0.629179,0.062847,-0.774716
3032,-0.562809,-0.056997,1.921620,0.629179,0.062847,-0.774716
3033,-0.541638,-0.070182,1.739140,0.836152,0.543683,-0.072509
3034,-0.542301,-0.071109,1.724540,0.129850,0.572824,-0.809328
3035,-0.548829,-0.060177,1.731230,0.129850,0.572824,-0.809328
3036,-0.556274,-0.069943,1.738710,-0.711836,0.004731,-0.702329
3037,-0.247624,-0.085100,1.341900,0.754851,0.391675,-0.526109
3038,-0.262627,-0.082013,1.339430,0.202775,0.222508,-0.953610
3039,-0.253214,-0.071734,1.343830,0.754851,0.391675,-0.526109
3040,-0.542519,-0.077842,1.157220,0.059648,-0.026823,-0.997859
3041,-0.535960,-0.087670,1.165170,0.757775,-0.021811,-0.652151
3042,-0.542638,-0.097823,1.157750,0.059648,-0.026823,-0.997859
3043,-0.257344,-0.058027,2.139200,-0.067847,0.302772,-0.950645
3044,-0.265008,-0.058765,2.153970,-0.792274,0.471277,-0.387555
3045,-0.248445,-0.057755,2.155340,0.682853,0.619655,-0.386962
3046,-0.299829,-0.065669,2.306130,-0.375548,-0.686693,-0.622429
3047,-0.300510,-0.055326,2.295130,-0.227974,-0.089570,-0.969539
3048,0.265109,-0.059819,2.780000,0.425343,-0.374469,-0.823928
3049,0.263639,0.055260,2.809810,-0.009077,0.298267,-0.954439
3050,0.267914,0.043955,2.819500,0.375516,-0.517203,-0.769083
3051,0.255614,0.052982,2.822190,-0.823058,0.308786,-0.476684
3052,0.268683,0.056586,2.828440,0.520662,0.829998,-0.200038
3053,0.188918,0.174917,3.109130,0.214736,0.915257,-0.340871
3054,0.187536,0.170165,3.095500,0.009143,0.109434,-0.993952
3055,0.176890,0.167867,3.105070,-0.668789,0.002226,-0.743449
3056,0.196273,0.163193,3.104730,0.571434,-0.296794,-0.765099
3057,-0.255273,-0.062643,1.855690,-0.945906,-0.199404,-0.255930
3058,-1.727030,-0.027041,4.556580,0.514461,0.203110,-0.833112
3059,-1.715930,-0.019183,4.565350,0.514461,0.203110,-0.833112
3060,-1.715210,-0.033477,4.562310,0.514461,0.203110,-0.833112
3061,-1.560910,0.659975,4.585530,0.278088,-0.960040,-0.031483
3062,-1.568810,0.665842,4.575260,-0.729269,-0.069602,-0.680678
3063,-1.559430,0.661054,4.565700,0.176457,-0.322809,-0.929870
3064,-0.227710,-0.062982,2.441940,-0.209942,-0.654869,-0.725997
3065,-0.229829,-0.043280,2.442350,-0.347538,0.624598,-0.699353
3066,-0.225334,-0.052547,2.431840,-0.040224,0.016499,-0.999054
3067,0.349197,0.057718,2.808760,0.035645,0.126887,-0.991276
3068,0.345141,0.047259,2.821590,-0.293393,-0.693448,-0.658066
3069,0.343131,0.063188,2.821330,-0.478992,0.696541,-0.534226
3070,0.946591,0.145861,2.831930,-0.846182,-0.522744,0.103510
3071,0.943587,0.146904,2.812640,-0.505291,-0.178537,-0.844278
3072,0.956927,0.144782,2.820350,0.364278,-0.519149,-0.773166
3073,0.220831,0.084703,2.987510,-0.035721,-0.946085,-0.321944
3074,0.446862,-0.073469,0.944876,-0.036659,-0.059595,-0.997549
3075,0.453706,-0.083142,0.952634,0.710940,-0.059018,-0.700772
3076,0.446399,-0.093354,0.946081,-0.036659,-0.059595,-0.997549
3077,0.439589,-0.082749,0.953709,-0.760541,-0.021615,-0.648930
3078,1.255110,0.739193,2.751550,-0.562348,-0.706431,-0.429791
3079,1.250210,0.748821,2.762140,-0.565607,-0.723391,0.395971
3080,1.239600,0.751424,2.751740,-0.562348,-0.706431,-0.429791
3081,0.940005,-0.056806,1.925350,-0.151958,-0.438420,-0.885831
3082,0.958754,-0.053214,1.532700,-0.219133,0.649017,-0.728531
3083,0.944052,-0.058246,1.532640,-0.219133,0.649017,-0.728531
3084,0.956647,-0.057594,1.547460,-0.316078,0.920892,0.228152
3085,0.931247,-0.048821,1.841950,-0.978685,0.073986,-0.191577
3086,0.941166,-0.039915,1.835630,0.068041,0.592930,-0.802374
3087,0.933948,-0.049628,1.827840,-0.287098,-0.015441,-0.957777
3088,0.849883,0.804038,2.813040,-0.377131,-0.852802,-0.361250
3089,0.847135,0.816821,2.819620,-0.852689,0.518102,-0.067017
3090,0.845146,0.811161,2.801170,-0.472920,-0.029330,-0.880617
3091,0.197007,0.175408,3.292860,0.087223,-0.501605,-0.860689
3092,1.137130,0.644281,2.770280,-0.261467,-0.365892,-0.893173
3093,1.147000,0.650378,2.778540,0.641414,0.001027,-0.767194
3094,1.141250,0.643501,2.789610,-0.174713,-0.984616,-0.002493
3095,1.133480,0.653706,2.781560,-0.827092,0.269812,-0.493073
3096,1.005730,-0.048242,1.917830,-0.152074,-0.135512,-0.979035
3097,1.001240,-0.046457,1.931680,-0.951797,-0.059624,-0.300876
3098,1.010750,-0.037040,1.925670,0.114447,0.534684,-0.837266
3099,1.011140,-0.056753,1.928340,0.139611,-0.733168,-0.665563
3100,0.760831,0.824410,2.801380,-0.080546,-0.501027,-0.861675
3101,0.767610,0.811849,2.808050,-0.080546,-0.501027,-0.861675
3102,0.752603,0.813780,2.808330,-0.080546,-0.501027,-0.861675
3103,0.208667,0.232023,2.986190,0.098271,0.759700,-0.642805
3104,0.221402,0.226915,2.982100,0.314980,0.026037,-0.948741
3105,0.202815,0.224031,2.975850,0.314980,0.026037,-0.948741
3106,0.210526,0.217863,2.987190,0.317875,-0.725300,-0.610651
3107,0.749675,0.348193,2.831620,-0.734307,0.248889,-0.631544
3108,0.757989,0.343516,2.820110,-0.734307,0.248889,-0.631544
3109,0.757192,0.336171,2.836340,-0.750069,-0.587919,-0.302900
3110,1.858940,0.035441,2.864900,-0.310256,0.383876,-0.869701
3111,1.843880,0.033781,2.869540,-0.916078,0.177108,-0.359768
3112,1.855460,0.046537,2.900200,-0.198417,0.929249,-0.311653
3113,1.251820,0.348479,2.754090,-0.672696,0.201153,-0.712051
3114,1.251610,0.341664,2.769890,-0.691856,-0.659602,-0.293701
3115,1.240880,0.354584,2.766150,-0.672696,0.201153,-0.712051
3116,2.240020,0.356386,3.353670,-0.630052,0.776553,0.000615
3117,2.240680,0.356933,3.339140,-0.719222,0.445376,-0.533254
3118,2.230660,0.348798,3.345860,-0.719222,0.445376,-0.533254
3119,1.728870,0.632714,2.887170,-0.771344,0.088542,-0.630230
3120,1.730190,0.648057,2.887710,-0.771344,0.088542,-0.630230
3121,1.738020,0.640179,2.877020,-0.771344,0.088542,-0.630230
3122,0.915335,-0.046141,2.533920,0.424780,0.459498,-0.780015
3123,0.895367,-0.046775,2.519730,0.393212,0.056847,-0.917689
3124,0.883551,-0.038451,2.522890,0.012999,0.370949,-0.928562
3125,1.246330,0.254027,2.775900,-0.928460,0.161516,0.334478
3126,1.241600,0.254773,2.762410,-0.952103,-0.123164,-0.279876
3127,1.241510,0.241789,2.768430,-0.952103,-0.123164,-0.279876
3128,1.387310,-0.031783,2.756110,-0.158331,-0.686367,-0.709811
3129,1.379360,-0.022410,2.748820,-0.493085,-0.061373,-0.867814
3130,1.388750,-0.012944,2.753960,-0.065682,0.525673,-0.848148
3131,1.314960,0.656801,2.798680,-0.920502,-0.168446,-0.352564
3132,1.321820,0.658202,2.780100,-0.107865,-0.607595,-0.786889
3133,1.320430,0.646521,2.789310,-0.107865,-0.607595,-0.786889
3134,1.338760,0.262822,2.799570,0.251792,0.392214,-0.884742
3135,1.324260,0.244475,2.787310,-0.312760,0.367918,-0.875681
3136,1.323450,0.266921,2.797030,-0.530638,0.681846,-0.503497
3137,1.237700,0.085791,2.781720,-0.742867,0.402690,-0.534780
3138,1.244400,0.076623,2.765510,-0.742867,0.402690,-0.534780
3139,1.242930,0.072807,2.779140,-0.922843,-0.333402,-0.192884
3140,1.449170,0.353411,2.847460,-0.952870,-0.075392,0.293862
3141,1.444850,0.360458,2.835260,-0.694721,-0.089765,-0.713656
3142,1.446180,0.345792,2.835810,-0.694721,-0.089765,-0.713656
3143,0.857356,0.355967,2.828610,0.048756,0.692156,-0.720099
3144,1.294820,-0.050838,2.007110,-0.692496,-0.705771,-0.149457
3145,1.145870,0.547308,2.771680,-0.848895,-0.052240,-0.525974
3146,1.139170,0.555599,2.781670,-0.848895,-0.052240,-0.525974
3147,1.153480,0.557637,2.779530,-0.202233,0.682661,-0.702193
3148,1.148470,0.549506,2.791150,-0.655741,-0.735460,0.170594
3149,0.939509,-0.059736,1.836440,-0.036713,-0.659240,-0.751036
3150,0.563382,2.437510,4.668730,0.101273,-0.247819,-0.963499
3151,0.565183,2.449260,4.678690,0.318967,0.583913,-0.746529
3152,0.568564,2.433790,4.684260,0.589647,-0.718511,-0.368861
3153,0.737890,-0.052876,1.543790,-0.098637,0.376425,-0.921181
3154,0.743092,-0.068105,1.537010,-0.307278,-0.509278,-0.803876
3155,0.728811,-0.064334,1.540080,-0.307278,-0.509278,-0.803876
3156,1.545800,0.735482,2.861730,-0.925665,-0.014310,-0.378075
3157,1.378470,0.562020,2.808870,-0.547615,0.440622,-0.711315
3158,1.376080,0.548847,2.802550,-0.864664,-0.249988,-0.435732
3159,1.366140,0.558965,2.816470,-0.864664,-0.249988,-0.435732
3160,1.553530,0.542813,2.861460,-0.673050,-0.704983,-0.223613
3161,1.543390,0.550451,2.867900,-0.932667,0.022120,-0.360060
3162,1.550560,0.549515,2.849270,-0.932667,0.022120,-0.360060
3163,1.554250,0.557019,2.861030,-0.618976,0.735626,-0.275180
3164,1.377530,0.550001,2.816930,-0.616734,-0.777254,0.124563
3165,1.324340,0.762047,2.783930,-0.208075,0.215923,-0.953982
3166,1.334890,0.755183,2.791320,0.689780,0.446958,-0.569589
3167,1.329770,0.748149,2.779600,-0.208075,0.215923,-0.953982
3168,1.245810,0.545831,2.762280,-0.496757,-0.787154,-0.365542
3169,1.232770,0.552695,2.765220,-0.833851,0.017426,-0.551714
3170,1.243120,0.553417,2.749600,-0.833851,0.017426,-0.551714
3171,1.246640,0.560780,2.763530,-0.507498,0.808141,-0.298920
3172,0.649349,0.647658,2.839970,0.743823,-0.667613,-0.031958
3173,0.641927,0.639855,2.830230,-0.081014,-0.762587,-0.641793
3174,0.648574,0.647750,2.820010,-0.081014,-0.762587,-0.641793
3175,1.060930,0.556735,2.784080,-0.877399,-0.087689,-0.471679
3176,1.054850,0.551570,2.796350,-0.877399,-0.087689,-0.471679
3177,1.064620,0.560059,2.803170,-0.653726,0.756712,-0.005399
3178,1.141200,0.745449,2.760650,-0.247878,-0.779775,-0.574897
3179,1.145220,0.745522,2.780150,0.648920,-0.749499,-0.130972
3180,1.135830,0.738825,2.771950,-0.247878,-0.779775,-0.574897
3181,1.439520,0.750854,2.823760,-0.647976,0.027450,-0.761166
3182,1.453370,0.752218,2.826300,0.032296,0.796470,-0.603814
3183,1.448930,0.744218,2.815510,-0.647976,0.027450,-0.761166
3184,1.445280,0.744717,2.835160,-0.629133,-0.771187,-0.097278
3185,1.252380,0.246068,2.758820,-0.538701,-0.351307,-0.765757
3186,1.321460,0.752764,2.796490,-0.896341,-0.232607,-0.377449
3187,1.357240,0.444825,2.809150,-0.284292,-0.257087,-0.923626
3188,1.361970,0.457834,2.816480,-0.581913,0.549424,-0.599592
3189,1.369940,0.451870,2.803280,-0.284292,-0.257087,-0.923626
3190,1.348450,-0.050886,1.951630,-0.189079,-0.701938,-0.686682
3191,1.334090,-0.044866,1.949430,-0.813841,-0.170518,-0.555505
3192,1.343730,-0.032983,1.953050,-0.535223,0.611686,-0.582561
3193,1.133930,-0.043568,1.977430,-0.750084,-0.058457,-0.658754
3194,1.458830,0.360627,2.839900,0.315074,-0.007018,-0.949041
3195,1.340810,-0.044213,1.963560,-0.866769,-0.262037,0.424322
3196,1.122080,-0.053869,2.026610,-0.003028,-0.571035,-0.820920
3197,1.114120,-0.043634,2.019520,-0.027435,0.070808,-0.997113
3198,1.128740,-0.043180,2.019150,-0.027435,0.070808,-0.997113
3199,0.935044,-0.044099,2.022670,-0.987885,-0.086148,0.129081
3200,2.235550,0.566981,3.265670,-0.569934,0.762629,-0.305896
3201,2.218430,0.816360,3.239010,-0.578900,0.270791,-0.769121
3202,2.225200,0.828930,3.238340,-0.578900,0.270791,-0.769121
3203,2.236570,0.821185,3.242190,0.212949,-0.166013,-0.962856
3204,0.122191,0.693622,4.515350,0.419034,-0.519730,-0.744507
3205,2.250220,0.157626,3.348610,-0.543625,0.309477,-0.780190
3206,2.249510,0.144945,3.358310,-0.333038,-0.561042,-0.757838
3207,2.236810,0.154591,3.356750,-0.543625,0.309477,-0.780190
3208,2.250660,0.160742,3.364280,-0.317872,0.931594,-0.176323
3209,2.235140,0.547345,3.443030,-0.046831,0.594321,-0.802863
3210,2.225950,0.537759,3.436470,-0.632543,-0.236942,-0.737393
3211,2.215330,0.545757,3.443010,-0.632543,-0.236942,-0.737393
3212,2.241860,0.342429,3.339530,-0.518800,-0.065129,-0.852411
3213,2.239110,0.448837,3.449350,0.133668,0.516573,-0.845746
3214,1.157870,-0.033773,2.563420,-0.284177,0.036268,-0.958086
3215,1.171230,-0.026218,2.571380,-0.113675,0.808858,-0.576912
3216,1.172200,-0.034819,2.559130,-0.284177,0.036268,-0.958086
3217,1.169520,-0.043419,2.571130,-0.235504,-0.764294,-0.600327
3218,2.208870,0.627946,3.502220,-0.614237,0.158378,-0.773065
3219,1.658490,0.138391,2.893080,-0.034520,-0.852347,-0.521835
3220,1.644160,0.151955,2.891200,-0.960208,0.164469,-0.225722
3221,1.653320,0.145788,2.881340,-0.262992,-0.284180,-0.921996
3222,1.674380,0.167157,2.892180,0.194150,0.691283,-0.696013
3223,1.679290,0.154572,2.900610,0.743782,-0.295487,-0.599563
3224,1.682550,0.168178,2.903990,0.823354,-0.057004,-0.564657
3225,0.101052,0.594283,4.509870,-0.474174,-0.649340,-0.594573
3226,0.100841,0.556045,4.629090,0.100390,0.984134,-0.146293
3227,2.242160,0.249815,3.451510,0.148471,-0.492778,-0.857395
3228,2.222590,0.250339,3.447820,0.148471,-0.492778,-0.857395
3229,2.232020,0.260417,3.453000,0.184258,0.307431,-0.933560
3230,2.224560,0.359656,3.505510,0.054611,0.132106,-0.989730
3231,2.224920,0.344823,3.503550,0.054611,0.132106,-0.989730
3232,2.214430,0.351180,3.512130,-0.596937,0.090843,-0.797128
3233,0.078313,0.781457,4.535180,0.469200,-0.195910,-0.861087
3234,0.092810,0.789452,4.541260,0.469200,-0.195910,-0.861087
3235,0.089069,0.772319,4.543120,0.469200,-0.195910,-0.861087
3236,0.135982,1.258690,4.228190,0.693129,0.663604,-0.281429
3237,-1.850550,1.645780,4.541070,0.028727,-0.812202,-0.582669
3238,-1.843120,1.652980,4.531400,0.028727,-0.812202,-0.582669
3239,-1.845300,1.654100,4.551250,0.766892,-0.630496,0.119797
3240,-0.904326,1.457470,4.639000,0.677534,-0.302099,-0.670585
3241,-0.910174,1.444310,4.639020,0.677534,-0.302099,-0.670585
3242,-0.914800,1.455400,4.629350,0.677534,-0.302099,-0.670585
3243,-1.842370,2.253320,4.520900,0.827492,-0.093268,-0.553677
3244,-1.662300,1.952310,4.554380,0.015679,-0.998977,0.042408
3245,-1.668050,1.958900,4.543270,-0.685273,0.077320,-0.724170
3246,-1.659690,1.951510,4.534570,0.127378,-0.397897,-0.908544
3247,-1.654030,1.959340,4.545100,0.838635,0.110947,-0.533275
3248,-1.751070,1.656040,4.536830,-0.072816,-0.784013,-0.616459
3249,-1.752010,1.656590,4.556800,0.715104,-0.697017,0.052857
3250,-1.758660,1.649000,4.546680,-0.072816,-0.784013,-0.616459
3251,-1.854720,1.952990,4.532660,0.518922,0.706838,-0.480728
3252,-1.739320,2.044780,4.531370,0.819337,-0.138374,-0.556363
3253,-1.731410,2.051530,4.541340,0.819337,-0.138374,-0.556363
3254,-1.733180,2.037270,4.542280,0.819337,-0.138374,-0.556363
3255,-1.662200,1.562730,4.556300,-0.781600,-0.127642,-0.610581
3256,-1.653350,1.556230,4.546330,-0.029129,-0.791890,-0.609969
3257,-1.659970,1.548740,4.556370,-0.029129,-0.791890,-0.609969
3258,-1.650080,1.860740,4.551500,0.905928,0.306772,-0.291864
3259,-1.657730,1.850520,4.557640,0.180076,-0.978524,-0.100312
3260,-1.651540,1.853530,4.539390,0.364100,-0.287059,-0.886018
3261,-1.663470,1.860280,4.546890,-0.476299,0.125210,-0.870323
3262,-1.553780,2.047250,4.569180,-0.020412,-0.252201,-0.967460
3263,-1.548320,2.040560,4.581390,0.816216,-0.267997,-0.511830
3264,-1.556460,2.030780,4.573530,-0.020412,-0.252201,-0.967460
3265,-2.228090,2.030290,4.502620,0.337509,0.788070,-0.514814
3266,-2.138590,2.056610,4.508510,0.480016,0.072609,-0.874250
3267,-2.058570,2.353290,4.510080,-0.759104,-0.361938,-0.541075
3268,0.646334,2.460460,4.676100,-0.210297,0.608153,-0.765457
3269,-2.233850,1.961410,4.502050,0.158854,-0.019977,-0.987100
3270,-2.228150,1.943270,4.503090,0.146284,-0.010746,-0.989184
3271,-2.274350,1.973630,4.495370,0.166389,0.761561,-0.626370
3272,1.933170,1.951610,4.795760,-0.661415,-0.232107,-0.713202
3273,1.943670,1.964940,4.799940,-0.702540,0.646596,-0.297239
3274,1.943670,1.957640,4.784060,-0.661415,-0.232107,-0.713202
3275,-1.659220,2.149160,4.530980,0.468653,-0.315916,-0.824962
3276,-1.647880,2.161700,4.532620,0.468653,-0.315916,-0.824962
3277,-1.646880,2.148560,4.538220,0.468653,-0.315916,-0.824962
3278,-1.562900,2.043290,4.583270,-0.838509,-0.007458,-0.544836
3279,-1.659340,2.243170,4.531090,0.017625,-0.806647,-0.590770
3280,-1.667360,2.235920,4.540750,0.017625,-0.806647,-0.590770
3281,-1.668350,2.250140,4.539710,-0.727225,-0.100292,-0.679033
3282,0.858240,0.815245,2.808710,0.390674,0.332325,-0.858449
3283,1.346820,1.653690,4.849410,-0.915694,0.394985,-0.074106
3284,1.347700,1.652580,4.832620,-0.686163,-0.219995,-0.693385
3285,1.342240,1.641590,4.841510,-0.686163,-0.219995,-0.693385
3286,1.439810,2.070970,4.845950,-0.780772,-0.257477,-0.569298
3287,1.449710,2.065470,4.834860,0.008335,-0.789137,-0.614161
3288,1.444540,2.056870,4.845840,0.008335,-0.789137,-0.614161
3289,1.642590,2.659570,4.820050,0.089404,-0.597683,-0.796732
3290,1.651430,2.671290,4.812250,0.089404,-0.597683,-0.796732
3291,1.659010,2.659880,4.821660,0.089404,-0.597683,-0.796732
3292,1.725940,2.184410,4.528210,-0.286384,-0.382117,-0.878619
3293,1.724150,2.183450,4.544780,-0.652894,-0.748834,-0.113914
3294,1.726720,2.198360,4.537720,-0.437289,0.523136,-0.731510
3295,1.347020,2.300380,4.672280,0.728841,-0.530008,-0.433453
3296,1.338080,2.297990,4.660170,-0.050264,-0.263994,-0.963214
3297,1.345150,2.310910,4.656260,-0.050264,-0.263994,-0.963214
3298,1.860100,2.648250,4.758660,0.836980,0.008588,-0.547167
3299,1.088240,2.042120,4.815330,0.444057,-0.078238,-0.892576
3300,1.821930,2.592390,4.773820,-0.487863,-0.343584,-0.802458
3301,1.825380,2.589090,4.789490,-0.533261,-0.843799,-0.060293
3302,1.823980,2.605920,4.784790,-0.691059,0.515498,-0.506656
3303,1.834820,2.596470,4.780410,0.497898,-0.216693,-0.839727
3304,1.201400,2.708840,4.752440,-0.062387,0.034575,-0.997453
3305,1.197930,2.692770,4.752100,-0.187637,-0.628702,-0.754669
3306,0.758658,0.757934,2.816480,-0.132105,0.571701,-0.809757
3307,2.173790,2.590510,4.747560,-0.976351,0.013744,0.215753
3308,2.170340,2.589060,4.732040,-0.650982,-0.323320,-0.686795
3309,2.171440,2.574270,4.737960,-0.650982,-0.323320,-0.686795
3310,1.842190,2.699890,4.681930,-0.078528,-0.418183,-0.904962
3311,1.848840,2.685960,4.687790,-0.078528,-0.418183,-0.904962
3312,1.840320,2.693930,4.699470,-0.824877,-0.502628,-0.258733
3313,1.628960,2.302860,4.827650,0.274202,-0.915622,0.294025
3314,1.612970,2.296620,4.823130,-0.233482,-0.874413,-0.425310
3315,1.624830,2.297500,4.814810,-0.233482,-0.874413,-0.425310
3316,1.619260,2.310830,4.816120,-0.559777,-0.153888,-0.814228
3317,1.551230,2.357100,4.773760,-0.783797,-0.185557,-0.592648
3318,1.560380,2.344680,4.777580,-0.325740,-0.488878,-0.809254
3319,1.546460,2.342020,4.784790,-0.821042,-0.317497,-0.474432
3320,1.456020,1.648670,4.856480,0.277179,-0.763500,-0.583301
3321,1.775920,2.340770,4.676730,0.041121,0.042005,-0.998271
3322,1.785790,2.345120,4.685900,0.143060,0.825699,-0.545670
3323,1.794560,2.337970,4.677380,0.041121,0.042005,-0.998271
3324,1.908830,2.607850,4.744440,-0.721030,0.112070,-0.683781
3325,1.900600,2.615670,4.754400,-0.721030,0.112070,-0.683781
3326,1.914490,2.619370,4.759070,-0.001479,0.785943,-0.618297
3327,1.909910,2.604850,4.759330,-0.736750,-0.671200,-0.081794
3328,1.850930,1.775050,4.791820,-0.458666,0.424251,-0.780792
3329,1.851300,1.760410,4.795950,-0.614911,-0.597371,-0.514814
3330,1.873900,1.640440,4.807350,0.554091,0.228330,-0.800530
3331,1.841840,1.639460,4.784880,-0.217711,0.232005,-0.948038
3332,1.846130,1.644710,4.798480,-0.355014,0.312927,-0.880932
3333,1.876910,1.654910,4.800420,0.206040,-0.457206,-0.865165
3334,2.579990,1.865040,4.811000,-0.071326,-0.697081,-0.713436
3335,2.571280,1.854100,4.822560,-0.071326,-0.697081,-0.713436
3336,2.569430,1.870680,4.822600,-0.756662,-0.082864,-0.648534
3337,2.552890,1.725280,4.775120,-0.789175,-0.315985,-0.526646
3338,2.556140,1.739920,4.779970,-0.971078,0.155572,0.181120
3339,2.553500,1.741440,4.764510,-0.789175,-0.315985,-0.526646
3340,1.140880,2.247890,4.828170,-0.674304,-0.028557,-0.737901
3341,1.155590,2.246800,4.829250,0.102279,0.578411,-0.809309
3342,1.149260,2.236320,4.820960,-0.674304,-0.028557,-0.737901
3343,2.033610,1.683700,4.794450,-0.337788,-0.227896,-0.913215
3344,2.570700,1.925400,4.820950,0.124660,-0.593855,-0.794856
3345,2.579370,1.933090,4.829470,0.496223,0.330169,-0.802964
3346,2.584590,1.919870,4.827260,0.124660,-0.593855,-0.794856
3347,2.046310,1.681060,4.803430,0.681059,-0.372221,-0.630563
3348,2.564070,1.733010,4.769910,-0.010350,-0.548535,-0.836064
3349,1.653580,0.833318,2.877840,-0.034684,-0.985034,0.168834
3350,1.645000,0.831709,2.866690,-0.545503,-0.571186,-0.613330
3351,1.656290,0.829882,2.858350,-0.545503,-0.571186,-0.613330
3352,2.569830,1.598310,4.800620,-0.292982,-0.526490,-0.798104
3353,2.564780,1.608680,4.809900,-0.905363,-0.424638,0.000354
3354,1.643680,1.565210,4.859270,-0.050170,-0.736348,-0.674740
3355,1.652770,1.557260,4.867270,-0.050170,-0.736348,-0.674740
3356,1.647470,1.564250,4.878800,-0.704304,-0.702511,0.102146
3357,1.653620,1.571710,4.867820,0.655769,-0.009842,-0.754897
3358,1.927470,1.581540,4.789560,-0.631009,-0.421793,-0.651090
3359,1.922890,1.572230,4.800030,-0.631009,-0.421793,-0.651090
3360,1.926450,1.583030,4.809390,-0.925742,0.370551,-0.075460
3361,1.656350,1.651220,4.868870,0.852381,-0.139298,-0.504027
3362,1.642430,1.642400,4.869850,-0.411873,-0.868408,-0.276096
3363,1.646700,1.645360,4.854170,-0.019694,-0.343256,-0.939035
3364,1.936570,1.730480,4.806000,-0.354137,-0.546085,-0.759196
3365,1.922060,1.752520,4.801050,-0.262382,-0.921064,-0.287745
3366,1.949880,1.737270,4.799790,-0.114574,-0.538751,-0.834638
3367,1.868350,1.556920,4.800280,-0.617608,-0.167167,-0.768515
3368,1.883540,1.550530,4.804210,0.240819,-0.024273,-0.970266
3369,1.871130,1.541730,4.801350,-0.617608,-0.167167,-0.768515
3370,1.765210,1.835630,4.774400,0.066312,-0.821582,-0.566220
3371,1.749810,1.834070,4.774860,-0.728699,-0.311196,-0.610045
3372,1.755850,1.842490,4.763350,-0.728699,-0.311196,-0.610045
3373,1.832270,1.633020,4.798870,-0.820250,-0.022712,-0.571555
3374,1.838490,1.555450,4.772730,-0.401457,-0.386902,-0.830144
3375,1.825880,1.554030,4.779490,-0.870008,-0.089356,-0.484873
3376,1.828520,1.566310,4.772490,-0.870008,-0.089356,-0.484873
3377,2.225790,0.539509,3.450860,-0.561459,-0.822178,0.093744
3378,2.185370,0.822486,3.462160,-0.737701,-0.670989,0.074638
3379,2.172710,0.872049,3.263370,0.808051,-0.373486,-0.455589
3380,2.218020,0.757191,3.456680,-0.728401,0.681608,-0.069589
3381,1.739550,0.215650,2.900540,-0.345128,-0.848970,-0.400171
3382,1.735080,0.249577,2.884150,-0.720805,0.183087,-0.668521
3383,1.755640,0.213648,2.893140,-0.300312,-0.855666,-0.421484
3384,1.357300,1.642100,4.843120,0.102172,-0.655813,-0.747978
3385,1.453100,0.642531,2.834110,0.179190,-0.887133,-0.425306
3386,1.439890,0.642605,2.828390,-0.477802,-0.283468,-0.831475
3387,1.450290,0.648541,2.820390,-0.477802,-0.283468,-0.831475
3388,1.649810,0.271703,2.899560,-0.906732,0.382721,-0.177091
3389,1.046590,0.050512,2.842910,-0.645617,0.699098,-0.307312
3390,1.053990,0.051851,2.830410,0.045133,0.386106,-0.921350
3391,1.044990,0.041425,2.825600,0.045133,0.386106,-0.921350
3392,1.839850,0.052110,2.900810,-0.982344,0.075808,-0.171036
3393,1.851530,0.060135,2.900880,-0.492780,0.721505,-0.486414
3394,0.641019,0.654102,2.830330,-0.819872,-0.048248,-0.570510
3395,0.978692,-0.037567,2.385390,-0.492462,-0.299878,-0.817040
3396,0.993496,-0.041489,2.391520,0.377995,-0.019907,-0.925594
3397,0.984654,-0.055014,2.388200,-0.492462,-0.299878,-0.817040
3398,1.360920,0.642369,2.806980,-0.931949,0.247167,-0.265290
3399,1.366680,0.646657,2.819590,-0.917675,0.146120,0.369488
3400,1.364020,0.656376,2.809140,-0.931949,0.247167,-0.265290
3401,1.372520,0.648290,2.800590,-0.560996,0.246046,-0.790408
3402,1.335690,1.847510,4.824310,0.475300,-0.514438,-0.713753
3403,1.337550,1.861320,4.829220,0.118021,0.318505,-0.940545
3404,1.350980,1.855310,4.828870,0.475300,-0.514438,-0.713753
3405,1.340610,1.852280,4.840700,0.417700,-0.898340,0.136059
3406,1.331170,0.816573,2.781220,-0.477995,-0.173474,-0.861062
3407,1.343050,0.807083,2.789770,0.419235,-0.259113,-0.870116
3408,1.329830,0.802148,2.784870,-0.477995,-0.173474,-0.861062
3409,1.253920,0.753738,2.748630,-0.175464,-0.207555,-0.962358
3410,0.958344,-0.053259,1.663730,0.412603,-0.002601,-0.910907
3411,0.343515,-0.075881,1.670050,-0.275431,-0.086920,-0.957383
3412,0.343295,-0.056018,1.668310,-0.275431,-0.086920,-0.957383
3413,0.352490,-0.065380,1.674510,0.508038,-0.069581,-0.858520
3414,1.328370,0.810441,2.797210,-0.986884,0.053101,-0.152449
3415,1.325260,0.554143,2.774950,-0.836947,-0.309140,-0.451610
3416,1.329540,0.548699,2.787660,-0.339950,-0.900484,-0.271224
3417,1.316420,0.552131,2.792710,-0.836947,-0.309140,-0.451610
3418,1.251980,0.453071,2.765360,-0.254525,0.795851,-0.549398
3419,1.248750,0.443616,2.753160,-0.719254,-0.014943,-0.694587
3420,1.239170,0.447345,2.763000,-0.719254,-0.014943,-0.694587
3421,1.328110,0.658091,2.793020,0.817153,-0.413710,-0.401379
3422,1.061040,-0.041513,1.661300,-0.213358,0.688197,-0.693444
3423,1.067410,-0.058529,1.658630,0.210116,-0.443755,-0.871167
3424,1.056450,-0.051763,1.652540,-0.376538,0.004486,-0.926390
3425,1.052680,-0.055257,1.665820,-0.899852,-0.284800,-0.330387
3426,1.047040,-0.053379,1.565810,-0.922648,-0.195141,-0.332628
3427,0.759286,-0.075437,1.244620,-0.618132,-0.373028,-0.691927
3428,0.762698,-0.076693,1.259900,-0.334485,-0.942397,-0.002780
3429,0.746941,-0.071081,1.253300,-0.618132,-0.373028,-0.691927
3430,0.760462,-0.062232,1.253040,-0.358094,0.524442,-0.772482
3431,0.842192,-0.054278,1.758220,-0.795304,0.021013,-0.605847
3432,0.848506,-0.044231,1.750280,-0.120866,0.018513,-0.992496
3433,0.848237,-0.064215,1.749940,-0.120866,0.018513,-0.992496
3434,1.731240,0.120261,2.899840,-0.246455,-0.573365,-0.781353
3435,1.062950,-0.038083,2.748770,-0.015214,-0.931152,-0.364314
3436,1.055480,-0.033442,2.737220,-0.360747,-0.466087,-0.807852
3437,1.062560,-0.020897,2.739030,-0.040092,0.164828,-0.985507
3438,0.980988,-0.044815,2.397400,-0.945379,-0.325594,-0.015750
3439,0.606357,1.567190,4.693890,-0.055210,-0.579022,-0.813441
3440,0.614784,1.567370,4.711490,0.424076,-0.884603,-0.194003
3441,0.601120,1.573350,4.707150,-0.849955,-0.518230,-0.094941
3442,0.613511,1.600620,4.703080,0.899744,-0.074325,-0.430043
3443,1.010200,-0.064233,1.493920,-0.640791,-0.002110,-0.767712
3444,1.015740,-0.047531,1.489250,-0.640791,-0.002110,-0.767712
3445,1.023480,-0.058590,1.482820,-0.640791,-0.002110,-0.767712
3446,0.856830,-0.074322,1.360900,-0.249139,-0.763792,-0.595442
3447,0.444291,-0.079630,1.148320,0.125280,-0.086815,-0.988316
3448,0.450001,-0.068589,1.155510,0.069296,0.519000,-0.851961
3449,0.458419,-0.078709,1.150030,0.125280,-0.086815,-0.988316
3450,0.451068,-0.088459,1.157390,0.132563,-0.658882,-0.740474
3451,0.845508,-0.064338,1.245590,-0.032335,0.478416,-0.877538
3452,0.601002,-0.082849,0.886170,-0.104249,0.042931,-0.993624
3453,0.614281,-0.073100,0.885198,-0.104249,0.042931,-0.993624
3454,0.615584,-0.090349,0.884316,-0.104249,0.042931,-0.993624
3455,0.342187,-0.070637,1.348240,-0.933846,-0.054252,-0.353536
3456,0.347492,-0.070851,1.334260,-0.425612,-0.356001,-0.831936
3457,0.345775,-0.084175,1.340840,-0.425612,-0.356001,-0.831936
3458,-0.259305,-0.095451,1.145530,0.222718,-0.626936,-0.746557
3459,-0.251455,-0.085244,1.139300,0.533550,0.014659,-0.845642
3460,-0.253204,-0.085307,1.153420,0.992092,0.024994,0.122999
3461,-0.259812,-0.075464,1.145560,0.190566,0.639571,-0.744738
3462,0.147387,-0.066086,1.362740,0.013218,0.568550,-0.822542
3463,0.155714,-0.076262,1.368850,0.814732,0.540235,-0.210613
3464,0.153131,-0.077895,1.354670,0.013218,0.568550,-0.822542
3465,-0.141882,-0.088718,0.951156,0.991533,0.125942,-0.031641
3466,-0.158638,-0.095337,0.753295,-0.773408,-0.005719,-0.633883
3467,-0.339936,-0.099471,0.667419,0.220559,0.389845,-0.894078
3468,-0.353942,-0.099968,0.663747,0.220559,0.389845,-0.894078
3469,-0.356941,-0.098786,0.677871,-0.012798,0.996202,-0.086129
3470,-0.042569,-0.092913,0.753795,0.870836,0.481255,-0.100187
3471,0.057607,-0.094649,0.651438,0.685092,-0.067408,-0.725331
3472,-0.149614,-0.108833,0.241499,-0.114161,0.080193,-0.990220
3473,-0.135664,-0.111966,0.239637,-0.114161,0.080193,-0.990220
3474,-0.143370,-0.120822,0.248009,-0.231238,-0.554507,-0.799407
3475,-0.138899,-0.101539,0.249055,0.054626,0.678568,-0.732503
3476,0.252154,-0.095504,0.946943,-0.600685,-0.040247,-0.798472
3477,0.251171,-0.075536,0.946676,-0.600685,-0.040247,-0.798472
3478,0.259724,-0.085205,0.940729,-0.600685,-0.040247,-0.798472
3479,-0.048311,-0.120740,0.187936,0.680738,-0.129472,-0.720994
3480,-0.052455,-0.106330,0.181436,0.479201,0.739604,-0.472601
3481,-0.040208,-0.106820,0.193087,0.479201,0.739604,-0.472601
3482,0.057153,-0.114089,0.236197,-0.002534,-0.372048,-0.928210
3483,0.042869,-0.110454,0.234779,-0.002534,-0.372048,-0.928210
3484,0.052788,-0.100457,0.239353,0.163329,0.271864,-0.948374
3485,0.047562,-0.118214,0.246485,-0.167275,-0.851314,-0.497277
3486,0.440665,-0.089393,0.659850,0.608904,-0.594673,-0.524977
3487,0.409667,-0.101479,0.585749,-0.361334,-0.091457,-0.927940
3488,0.398503,-0.089687,0.588934,-0.361334,-0.091457,-0.927940
3489,0.412584,-0.083488,0.582840,-0.361334,-0.091457,-0.927940
3490,0.153967,-0.097798,0.850126,-0.653260,-0.403326,-0.640765
3491,-0.749854,-0.076986,1.535710,-0.149859,0.416726,-0.896594
3492,-0.646982,-0.077203,1.345220,0.449424,-0.382836,-0.807127
3493,-0.648287,-0.080604,1.359470,0.970830,-0.237598,0.032191
3494,-0.650665,-0.091604,1.350000,0.449424,-0.382836,-0.807127
3495,-0.660303,-0.075037,1.353080,-0.520244,-0.146228,-0.841406
3496,-0.754143,-0.072633,1.666250,-0.834753,0.185174,-0.518554
3497,-0.365482,-0.067710,1.830870,0.654560,0.017354,-0.755811
3498,-0.358111,-0.056976,1.837500,0.654560,0.017354,-0.755811
3499,-0.356742,-0.076819,1.838230,0.654560,0.017354,-0.755811
3500,-0.437163,-0.091030,1.365310,-0.049408,-0.217310,-0.974851
3501,-0.444087,-0.080019,1.371180,-0.785700,-0.178276,-0.592363
3502,-0.438343,-0.071741,1.361070,-0.049408,-0.217310,-0.974851
3503,-0.453749,-0.075861,1.536550,-0.214482,-0.008331,-0.976692
3504,-0.439931,-0.076382,1.533520,-0.214482,-0.008331,-0.976692
3505,-0.445211,-0.086051,1.542410,-0.192189,-0.605283,-0.772461
3506,-3.145200,1.247340,4.443380,0.601392,-0.465973,-0.648997
3507,-3.158760,1.248860,4.449470,-0.344097,-0.736534,-0.582336
3508,-3.153250,1.262740,4.448770,0.429034,0.489886,-0.758908
3509,-3.298810,2.334580,4.423680,0.128375,0.317871,-0.939403
3510,-3.041500,2.346900,4.442320,0.909572,-0.405881,-0.089104
3511,-3.035580,2.359890,4.443580,0.909572,-0.405881,-0.089104
3512,-3.045050,2.355880,4.453570,0.741229,-0.390745,0.545800
3513,-3.045940,2.358200,4.433830,0.685278,-0.245809,-0.685545
3514,-3.113620,2.462620,4.436040,0.806296,0.171207,-0.566193
3515,-3.121600,2.454010,4.444910,0.754977,-0.654264,0.044138
3516,-3.119670,2.454900,4.425090,0.806296,0.171207,-0.566193
3517,-3.037120,2.250780,4.431240,0.650504,-0.360783,-0.668342
3518,-3.036760,2.249780,4.451190,0.927582,0.373615,0.001989
3519,-3.033060,2.240650,4.440660,0.650504,-0.360783,-0.668342
3520,-3.046740,1.943030,4.442570,0.652277,-0.370773,-0.661106
3521,-3.062580,1.953270,4.440470,-0.290040,-0.601335,-0.744495
3522,-3.048950,1.955350,4.433480,0.652277,-0.370773,-0.661106
3523,-3.046220,2.246110,4.441180,-0.319658,-0.710783,-0.626584
3524,-2.950730,2.029830,4.440230,0.183607,-0.808133,-0.559652
3525,-2.959160,2.034890,4.451500,-0.123582,-0.936542,0.328049
3526,-2.964870,2.029990,4.435360,0.183607,-0.808133,-0.559652
3527,-2.954930,2.044170,4.439490,0.325758,0.046681,-0.944300
3528,-3.231300,2.053760,4.415810,0.856084,-0.065232,-0.512704
3529,-3.224390,2.060110,4.426540,0.856084,-0.065232,-0.512704
3530,-3.234080,2.054820,4.435570,0.561307,-0.818435,0.122873
3531,-3.199630,1.071700,4.448210,0.746389,-0.114333,-0.655615
3532,-3.201640,1.057030,4.448480,0.746389,-0.114333,-0.655615
3533,-3.209070,1.065180,4.438600,0.746389,-0.114333,-0.655615
3534,-3.152390,2.123590,4.423240,0.284560,-0.588941,-0.756422
3535,-3.143600,2.115430,4.432900,0.284560,-0.588941,-0.756422
3536,-3.158220,2.111410,4.430530,0.284560,-0.588941,-0.756422
3537,-3.212770,1.545160,4.433290,0.278255,-0.631308,-0.723895
3538,-3.217950,1.554160,4.423450,0.278255,-0.631308,-0.723895
3539,-3.211750,1.562750,4.433050,0.861087,-0.056826,-0.505271
3540,-3.238210,2.062910,4.424450,0.244980,0.756998,-0.605755
3541,-3.231460,1.952230,4.420400,0.808715,-0.116610,-0.576526
3542,-3.232930,1.952680,4.440330,0.702495,0.710789,0.035766
3543,-3.224870,1.945180,4.431070,0.808715,-0.116610,-0.576526
3544,-3.049600,1.552800,4.437470,0.816047,0.103510,-0.568642
3545,-3.043900,1.561590,4.447250,0.816047,0.103510,-0.568642
3546,-3.051410,1.554590,4.457250,0.761627,-0.635409,0.127196
3547,-3.239010,1.945060,4.430030,0.048985,-0.819146,-0.571489
3548,-3.141280,1.545000,4.428600,0.801525,-0.116768,-0.586450
3549,-3.132920,1.549550,4.439120,0.801525,-0.116768,-0.586450
3550,-3.142240,1.544430,4.448520,0.479955,-0.877291,-0.001973
3551,-3.161940,1.160050,4.452970,-0.284071,-0.157500,-0.945779
3552,-2.970680,1.152070,4.452160,0.241934,-0.169451,-0.955382
3553,-2.979020,1.159580,4.462330,-0.450783,0.500398,-0.739186
3554,-2.964950,1.157610,4.467570,0.903854,0.164148,-0.395098
3555,-3.153780,1.459430,4.441220,0.138125,0.673127,-0.726514
3556,-3.046380,1.260960,4.456990,0.819233,0.079013,-0.567992
3557,-3.044160,1.247000,4.458250,0.819233,0.079013,-0.567992
3558,-3.052060,1.251920,4.447540,0.819233,0.079013,-0.567992
3559,-2.752510,1.352700,4.467080,0.832769,-0.053773,-0.551002
3560,-2.745360,1.359630,4.477210,0.832769,-0.053773,-0.551002
3561,-2.754230,1.354240,4.486910,0.603747,-0.789034,0.113644
3562,-2.759270,1.362170,4.475800,0.200030,0.737133,-0.645464
3563,-3.205210,0.857288,4.436550,0.799819,0.032477,-0.599362
3564,-3.197610,0.865190,4.447120,0.799819,0.032477,-0.599362
3565,-3.196940,0.849797,4.447180,0.799819,0.032477,-0.599362
3566,-2.840250,1.440080,4.469760,-0.174002,-0.952350,-0.250506
3567,-3.147790,1.251130,4.459360,0.834265,-0.490622,0.251577
3568,-3.205650,0.769833,4.444320,0.886432,-0.125972,-0.445386
3569,-3.198550,0.777296,4.456340,0.886432,-0.125972,-0.445386
3570,-3.200670,0.762661,4.456260,0.886432,-0.125972,-0.445386
3571,-2.676270,0.959018,4.499870,-0.480411,0.642782,-0.596689
3572,-2.662070,0.954975,4.499390,0.913519,0.286981,-0.288314
3573,-2.665960,0.953152,4.485250,0.243618,0.041647,-0.968977
3574,-1.645180,0.751310,4.577820,0.802549,0.594474,-0.050164
3575,-1.638710,0.741767,4.568240,0.723714,-0.175177,-0.667496
3576,-1.645780,0.750472,4.558290,0.723714,-0.175177,-0.667496
3577,-1.554590,0.844211,4.586410,0.311714,0.157094,-0.937100
3578,-1.568050,0.842107,4.581580,0.311714,0.157094,-0.937100
3579,-1.569960,0.856336,4.583330,0.311714,0.157094,-0.937100
3580,-1.513740,0.740761,4.617290,0.983214,-0.155780,0.094986
3581,-1.748520,0.645771,4.561880,0.817332,0.204636,-0.538603
3582,-1.743760,0.654290,4.572340,0.817332,0.204636,-0.538603
3583,-1.740260,0.640416,4.572380,0.817332,0.204636,-0.538603
3584,-1.507810,1.533730,4.603010,0.533357,-0.678362,-0.505328
3585,-1.522180,1.526350,4.597750,0.533357,-0.678362,-0.505328
3586,-1.520930,1.542090,4.599720,0.298733,0.095125,-0.949584
3587,-2.360120,1.646940,4.504110,0.656100,-0.751495,-0.069195
3588,-2.450460,1.645410,4.494050,0.933349,-0.172970,-0.314548
3589,-2.463110,1.645400,4.486750,-0.380252,-0.436128,-0.815598
3590,-2.454270,1.653420,4.478340,0.347294,0.271160,-0.897697
3591,-1.954340,1.551320,4.545000,-0.588965,-0.808157,0.001668
3592,-1.953230,1.550470,4.525110,0.240877,-0.764529,-0.597891
3593,-1.945200,1.544640,4.535800,0.240877,-0.764529,-0.597891
3594,-2.041090,1.646540,4.528080,0.783622,-0.096449,-0.613705
3595,-2.048210,1.653340,4.517920,0.783622,-0.096449,-0.613705
3596,-2.048290,1.653780,4.537870,0.700203,0.713826,-0.012936
3597,-1.961550,1.258830,4.551010,-0.123256,0.883932,-0.451079
3598,-1.955540,1.469910,4.538120,-0.042880,0.500804,-0.864498
3599,-1.648240,1.446170,4.551100,0.048621,-0.750989,-0.658522
3600,-1.653590,1.445720,4.570330,0.653745,-0.738597,0.164595
3601,-1.658200,1.439010,4.558530,0.048621,-0.750989,-0.658522
3602,-2.456550,1.553700,4.502510,0.738473,-0.654472,0.162244
3603,-2.055190,1.645440,4.528050,0.064276,-0.807920,-0.585777
3604,-2.352210,1.052840,4.507940,0.491834,-0.172662,-0.853397
3605,-2.362450,1.048440,4.517150,-0.188917,-0.787709,-0.586366
3606,-2.359480,1.062550,4.516070,0.138442,0.694672,-0.705879
3607,-1.849800,1.553670,4.535160,0.101182,-0.365176,-0.925424
3608,-1.843790,1.561380,4.545850,0.814400,0.144443,-0.562039
3609,-1.851750,1.553500,4.555030,0.028331,-0.999582,-0.005772
3610,-1.847720,1.340610,4.553300,0.077686,-0.758955,-0.646492
3611,-1.862030,1.340440,4.551780,0.077686,-0.758955,-0.646492
3612,-1.854530,1.348840,4.542820,0.077686,-0.758955,-0.646492
3613,-1.942170,1.056090,4.551900,0.664532,0.029510,-0.746677
3614,-1.941290,1.041840,4.552120,0.664532,0.029510,-0.746677
3615,-1.951290,1.047150,4.543430,0.664532,0.029510,-0.746677
3616,-0.836004,-0.060125,2.141430,0.537821,0.842402,0.033279
3617,-1.076740,-0.063257,2.029750,0.142760,0.253765,-0.956673
3618,-1.062690,-0.065808,2.031170,0.142760,0.253765,-0.956673
3619,-1.069930,-0.076245,2.037840,-0.011236,-0.532905,-0.846101
3620,-1.067280,-0.058851,2.042850,0.203279,0.874272,-0.440824
3621,-1.128540,-0.079013,1.960610,0.615192,-0.699770,-0.363127
3622,-1.133430,-0.064838,2.066600,0.680046,-0.024766,-0.732751
3623,-1.119710,-0.065632,2.079360,0.873276,-0.406275,-0.268943
3624,-1.127150,-0.077314,2.072850,0.873276,-0.406275,-0.268943
3625,-0.936206,-0.063989,2.152170,0.810869,0.396143,-0.430769
3626,-0.440514,-0.049241,2.182090,0.124656,0.525479,-0.841625
3627,-0.218087,-0.052035,2.444640,0.863787,0.103167,-0.493182
3628,0.206443,0.356644,3.012870,0.231299,0.624939,-0.745621
3629,0.195560,0.658624,2.983530,0.040521,-0.857661,-0.512616
3630,0.211661,0.659570,2.983220,0.353723,-0.872074,-0.338182
3631,0.199976,0.647094,3.003170,-0.197965,-0.743470,-0.638798
3632,0.973190,-0.034408,2.719270,-0.607488,0.266541,-0.748275
3633,0.972264,-0.043796,2.731540,-0.477720,-0.679936,-0.556301
3634,0.962028,-0.034076,2.728450,-0.607488,0.266541,-0.748275
3635,0.261459,0.734267,2.816180,-0.000133,-0.880096,-0.474795
3636,0.178956,0.649186,3.034530,-0.830992,-0.012949,-0.556134
3637,0.198494,0.663176,3.005010,-0.830992,-0.012949,-0.556134
3638,0.204683,0.607501,2.994540,0.235413,0.221825,-0.946242
3639,0.178186,0.731513,3.022490,-0.477367,-0.853342,-0.209591
3640,0.190782,0.726100,3.015840,0.419635,-0.770944,-0.479115
3641,0.193975,0.727545,3.030670,0.576298,-0.816023,-0.044570
3642,0.450101,0.545688,2.831800,0.664769,-0.746836,-0.017837
3643,0.455654,0.240652,2.829300,-0.026923,-0.632302,-0.774254
3644,0.441313,0.240981,2.829530,-0.026923,-0.632302,-0.774254
3645,0.448423,0.250511,2.821500,-0.026923,-0.632302,-0.774254
3646,0.260365,0.644331,2.818340,-0.039435,-0.973976,-0.223195
3647,0.348262,0.645297,2.807100,0.462542,-0.397614,-0.792438
3648,0.360975,0.656100,2.809100,0.462542,-0.397614,-0.792438
3649,0.351522,0.649672,2.822960,0.638118,-0.765763,0.080072
3650,0.189503,0.653792,3.139560,-0.033156,0.595978,-0.802316
3651,0.181028,0.644072,3.132690,-0.574555,-0.268404,-0.773205
3652,0.169769,0.651321,3.138540,-0.574555,-0.268404,-0.773205
3653,0.269143,0.560182,2.812670,0.704513,0.122754,-0.698994
3654,0.227579,0.290999,2.797190,0.081363,-0.252868,-0.964073
3655,0.247185,0.292008,2.798580,0.081363,-0.252868,-0.964073
3656,0.237707,0.281562,2.800520,0.081363,-0.252868,-0.964073
3657,0.180078,0.645679,3.147130,-0.517775,-0.853346,0.060903
3658,0.641880,0.340892,2.831230,-0.241122,0.301533,-0.922463
3659,0.639895,0.354142,2.836080,-0.241122,0.301533,-0.922463
3660,0.653668,0.354020,2.832440,-0.241122,0.301533,-0.922463
3661,0.189700,0.083231,3.042160,-0.764786,-0.015974,-0.644087
3662,0.196670,0.215194,3.336970,0.734533,0.020166,-0.678274
3663,0.197418,0.472696,3.026230,-0.886568,0.075750,-0.456354
3664,0.204965,0.468367,3.001020,-0.251743,0.524141,-0.813574
3665,1.131530,-0.037856,1.748220,-0.010882,0.649303,-0.760452
3666,0.168127,0.655711,3.266070,0.007722,-0.068933,-0.997591
3667,0.188009,0.657504,3.266100,0.007722,-0.068933,-0.997591
3668,0.179017,0.646077,3.266820,0.007722,-0.068933,-0.997591
3669,1.241420,0.035840,2.839330,-0.550369,0.016198,-0.834764
3670,1.244750,0.029479,2.852120,-0.695724,-0.698778,-0.166366
3671,1.246920,0.043524,2.855740,-0.614757,0.773142,-0.155963
3672,0.360531,-0.050717,1.860520,-0.410032,0.019424,-0.911864
3673,0.370512,-0.060401,1.863780,0.359257,0.056693,-0.931515
3674,0.361476,-0.070671,1.859670,-0.410032,0.019424,-0.911864
3675,0.357476,-0.061263,1.869550,-0.935934,-0.029374,-0.350950
3676,0.256065,-0.028410,2.813560,0.107092,0.156665,-0.981829
3677,0.270109,-0.022468,2.816040,0.107092,0.156665,-0.981829
3678,0.265136,-0.032429,2.825400,0.405165,-0.725276,-0.556611
3679,0.855536,0.254487,2.832490,0.001661,0.732764,-0.680481
3680,0.847804,0.246416,2.823780,-0.460766,-0.091245,-0.882819
3681,0.849749,0.247876,2.843600,-0.992799,-0.062746,0.102049
3682,1.052810,0.157947,2.804070,0.101468,0.282218,-0.953969
3683,0.346679,0.737724,2.806970,-0.538780,-0.017613,-0.842262
3684,0.345942,0.752139,2.807140,-0.538780,-0.017613,-0.842262
3685,0.357122,0.746322,2.800110,-0.538780,-0.017613,-0.842262
3686,0.648510,0.746544,2.837170,0.699747,-0.713540,-0.034846
3687,0.640651,-0.044320,2.663590,-0.543583,-0.000474,-0.839355
3688,0.639279,-0.053018,2.675130,-0.484743,-0.669835,-0.562446
3689,0.628605,-0.042153,2.671390,-0.543583,-0.000474,-0.839355
3690,0.254564,-0.022743,2.827850,-0.303157,0.874503,-0.378603
3691,0.345912,-0.006801,2.852160,0.758001,0.476022,-0.445912
3692,0.723403,-0.050299,2.590250,0.156019,0.201032,-0.967080
3693,0.734217,-0.039209,2.594300,0.156019,0.201032,-0.967080
3694,0.739586,-0.055113,2.591860,0.156019,0.201032,-0.967080
3695,0.567367,-0.043040,2.547590,-0.015514,0.532220,-0.846464
3696,0.579319,-0.044436,2.559840,0.229358,0.966690,-0.113600
3697,0.581963,-0.046814,2.544950,-0.015514,0.532220,-0.846464
3698,2.606810,1.800270,4.830000,0.287587,0.616337,-0.733091
3699,0.197239,0.455361,3.004890,-0.394307,-0.038969,-0.918152
3700,0.206000,0.135778,3.022260,-0.277542,-0.852568,-0.442830
3701,0.338540,-0.065185,1.678500,-0.887059,-0.050029,-0.458937
3702,0.354063,-0.063993,1.744110,-0.028574,-0.004595,-0.999581
3703,0.346479,-0.073439,1.752130,-0.061744,-0.616697,-0.784775
3704,0.339571,-0.063064,1.744520,-0.028574,-0.004595,-0.999581
3705,0.572415,-0.064970,1.757550,-0.173793,-0.970705,-0.165914
3706,0.559467,-0.060959,1.747650,-0.379282,-0.403862,-0.832491
3707,0.574439,-0.062611,1.741630,-0.379282,-0.403862,-0.832491
3708,0.147964,-0.075710,0.943679,0.134250,0.382245,-0.914257
3709,0.155236,-0.085224,0.951855,0.861700,0.436981,-0.257915
3710,0.153851,-0.090444,0.938383,0.134250,0.382245,-0.914257
3711,0.140752,-0.085910,0.951828,-0.722479,-0.040580,-0.690201
3712,-0.345260,-0.083388,1.238170,0.450395,0.033252,-0.892210
3713,-0.345393,-0.083306,1.252700,0.996229,0.086335,0.008631
3714,-0.352444,-0.093930,1.245740,0.157339,-0.644511,-0.748231
3715,-0.354158,-0.074141,1.245610,0.045047,0.652219,-0.756691
3716,0.347750,-0.053559,1.752000,0.016651,0.609446,-0.792652
3717,0.184794,0.976889,2.771800,-0.332333,-0.252273,-0.908798
3718,0.197959,0.987573,2.764020,-0.332333,-0.252273,-0.908798
3719,0.199509,0.972094,2.767750,-0.332333,-0.252273,-0.908798
3720,-0.146158,-0.096030,1.046200,0.236625,-0.444610,-0.863904
3721,-0.144819,-0.083865,1.141270,0.218294,-0.029051,-0.975451
3722,-0.150229,-0.093632,1.149970,-0.046899,-0.649834,-0.758628
3723,-0.150356,-0.073646,1.149340,-0.054792,0.600350,-0.797858
3724,-0.521314,-0.099400,0.749954,0.590767,-0.135069,-0.795456
3725,-0.524386,-0.087942,0.759215,0.634932,0.581418,-0.508739
3726,-0.523997,-0.106900,0.762723,0.661203,-0.699244,-0.271788
3727,-0.535172,-0.098608,0.755769,-0.389438,-0.175291,-0.904219
3728,0.529332,-0.053892,1.661880,-0.313991,0.598011,-0.737423
3729,0.528216,-0.073736,1.663480,0.415492,-0.096294,-0.904485
3730,0.519238,-0.063631,1.658280,-0.313991,0.598011,-0.737423
3731,-0.430581,-0.110577,0.629342,0.470823,-0.803711,-0.363832
3732,-0.047315,-0.091928,0.561764,-0.170698,0.900042,-0.400981
3733,0.248695,-0.105017,0.543519,-0.516551,-0.692215,-0.503998
3734,-0.042335,-0.098716,0.450685,0.350753,0.886902,-0.300627
3735,-0.043990,-0.102778,0.436770,-0.153257,0.414695,-0.896961
3736,-0.056044,-0.096297,0.441826,-0.153257,0.414695,-0.896961
3737,-0.085503,0.117286,0.292790,-0.308956,-0.942579,0.126853
3738,0.049060,-0.088315,0.546037,-0.620039,0.374211,-0.689578
3739,0.054763,-0.097592,0.535875,-0.620039,0.374211,-0.689578
3740,0.041906,-0.102991,0.544505,-0.620039,0.374211,-0.689578
3741,0.044798,-0.096764,0.943104,-0.042510,-0.652592,-0.756516
3742,0.037503,-0.087242,0.935300,-0.373829,-0.036768,-0.926769
3743,0.043960,-0.076798,0.942650,-0.095620,0.611738,-0.785260
3744,0.256203,-0.087147,0.852680,0.633982,0.082924,-0.768889
3745,-0.050385,-0.078486,1.350850,-0.763931,-0.008549,-0.645241
3746,-0.049236,-0.112769,0.335172,-0.027408,0.507306,-0.861330
3747,-0.048014,-0.096553,0.344684,-0.027408,0.507306,-0.861330
3748,-0.041583,-0.109573,0.347396,0.782821,0.269861,-0.560684
3749,-0.056208,-0.109690,0.349476,-0.815622,0.337263,-0.470122
3750,-0.049035,-0.113006,0.445869,-0.529663,-0.402796,-0.746467
3751,0.266921,-0.098812,0.398320,-0.469474,0.850367,0.237633
3752,0.544015,-0.071963,0.944587,-0.046720,0.412478,-0.909769
3753,0.552608,-0.082636,0.950144,0.790116,0.389874,-0.472986
3754,0.547409,-0.087719,0.937269,-0.046720,0.412478,-0.909769
3755,0.538146,-0.085137,0.952159,-0.841901,0.067323,-0.535416
3756,0.340081,-0.082413,0.958112,-0.746858,0.515944,-0.419528
3757,0.349068,-0.079692,0.945460,0.063721,0.428699,-0.901197
3758,0.349585,-0.094485,0.954621,0.161720,-0.515478,-0.841504
3759,0.355493,-0.080318,0.960627,0.671299,0.695697,-0.255664
3760,0.347135,-0.072695,1.041350,-0.021997,0.567892,-0.822809
3761,0.353810,-0.083014,1.034050,-0.021997,0.567892,-0.822809
3762,0.339533,-0.082683,1.034660,-0.021997,0.567892,-0.822809
3763,0.233709,0.957127,2.780170,0.612539,-0.790439,-0.001139
3764,0.222845,0.948718,2.773300,-0.221529,-0.816110,-0.533750
3765,0.230360,0.954559,2.761250,-0.221529,-0.816110,-0.533750
3766,0.240036,-0.088961,1.056590,0.303754,-0.927876,-0.216288
3767,0.236938,-0.059994,1.518820,0.287464,-0.030815,-0.957296
3768,0.238368,-0.079894,1.519890,0.287464,-0.030815,-0.957296
3769,0.227719,-0.070816,1.516400,0.287464,-0.030815,-0.957296
3770,0.155666,-0.073890,1.039700,-0.553841,0.243455,-0.796235
3771,0.161007,-0.086466,1.032140,-0.553841,0.243455,-0.796235
3772,0.148151,-0.091183,1.039640,-0.553841,0.243455,-0.796235
3773,-0.253426,-0.082822,1.234310,0.500525,0.034848,-0.865020
3774,-0.262155,-0.073373,1.241280,0.123956,0.660648,-0.740391
3775,-0.254633,-0.083003,1.248400,0.994800,0.054679,0.085921
3776,-0.045128,-0.063559,1.528490,0.179503,0.518156,-0.836237
3777,-0.038807,-0.074223,1.536760,0.893728,0.429634,-0.129093
3778,-0.040211,-0.075736,1.522000,0.179503,0.518156,-0.836237
3779,-0.639887,-0.083592,0.951044,0.582352,0.661649,-0.472321
3780,-0.635908,-0.099961,0.957315,0.864996,-0.501059,-0.026879
3781,-0.633250,-0.094644,0.943744,0.725892,-0.085008,-0.682536
3782,-0.654743,-0.081216,1.046620,0.379000,0.582127,-0.719366
3783,-0.652423,-0.098860,1.051750,0.987415,0.092545,-0.128244
3784,-0.654899,-0.093991,1.036200,0.379000,0.582127,-0.719366
3785,-0.647682,-0.097459,0.945556,-0.045105,-0.366926,-0.929156
3786,-0.453772,-0.087287,0.841269,0.139496,0.585289,-0.798735
3787,-0.442320,-0.095551,0.837213,0.628175,0.053576,-0.776225
3788,-0.451779,-0.104915,0.843437,0.209260,-0.679071,-0.703614
3789,-0.442105,-0.095666,0.851905,0.997142,0.074234,-0.014014
3790,-0.664641,-0.092107,1.047070,-0.592984,0.513283,-0.620412
3791,-0.550180,-0.087604,1.164430,-0.674681,-0.015556,-0.737946
3792,-0.347605,-0.104353,0.847244,-0.023074,-0.569895,-0.821393
3793,-0.355128,-0.094361,0.840523,-0.040211,0.016189,-0.999060
3794,-0.340943,-0.094118,0.839956,-0.040211,0.016189,-0.999060
3795,-0.342672,-0.100497,0.632875,0.994071,-0.068305,-0.084596
3796,-0.253729,-0.099555,0.651069,-0.747269,-0.163961,-0.643977
3797,-0.348409,-0.109288,0.673360,0.216836,-0.635558,-0.740978
3798,-0.347934,-0.084360,0.847581,-0.042256,0.596197,-0.801725
3799,-0.448498,-0.106549,0.745674,0.231486,-0.482128,-0.844966
3800,-0.440002,-0.095407,0.741644,0.597114,0.284027,-0.750189
3801,-0.438177,-0.098123,0.755846,0.972920,0.215404,-0.083829
3802,-0.251356,-0.078711,1.471830,0.879754,0.372485,-0.295446
3803,-0.452339,-0.090331,0.747526,-0.004075,0.752842,-0.658189
3804,-0.465841,-0.084543,1.243100,0.052243,-0.054207,-0.997162
3805,-0.451333,-0.086933,1.243990,0.052243,-0.054207,-0.997162
3806,-0.459279,-0.093852,1.254280,-0.093293,-0.791391,-0.604150
3807,-0.556102,-0.081423,1.349750,0.127704,-0.022360,-0.991560
3808,-0.550056,-0.071169,1.357560,0.097324,0.566111,-0.818564
3809,-0.542014,-0.081228,1.351560,0.127704,-0.022360,-0.991560
3810,-0.549840,-0.091160,1.358040,0.109920,-0.602399,-0.790591
3811,0.144966,-0.085361,1.365400,-0.801748,0.018261,-0.597383
3812,-0.333349,-0.071974,1.647020,0.525129,-0.030921,-0.850461
3813,-0.334941,-0.071446,1.661140,0.993711,0.006230,0.111806
3814,-0.341431,-0.081738,1.653770,0.197212,-0.662697,-0.722454
3815,-0.341472,-0.061763,1.653020,0.194613,0.607404,-0.770186
3816,-0.261046,-0.093293,1.241120,0.195834,-0.630856,-0.750779
3817,-0.358047,-0.090491,1.141730,0.269451,-0.444767,-0.854154
3818,-0.343366,-0.088453,1.145300,0.269451,-0.444767,-0.854154
3819,-0.352317,-0.092868,1.156830,0.186747,-0.957098,-0.221560
3820,-0.352499,-0.076621,1.148310,0.171758,0.365335,-0.914893
3821,-0.446332,-0.095884,1.136800,0.200546,0.231063,-0.952046
3822,-0.452633,-0.087102,1.146160,-0.625142,0.313363,-0.714844
3823,-0.442998,-0.077394,1.141990,0.200546,0.231063,-0.952046
3824,-0.439174,-0.090497,1.149610,0.876868,-0.023332,-0.480165
3825,-0.654882,-0.070455,1.744340,-0.838505,-0.024223,-0.544355
3826,-0.920927,-0.087371,1.284770,-0.294891,0.925854,-0.236293
3827,-0.649301,-0.075646,1.250130,0.058698,0.589470,-0.805655
3828,-0.641001,-0.085575,1.243470,0.088427,-0.014629,-0.995975
3829,-0.655130,-0.085876,1.242220,0.088427,-0.014629,-0.995975
3830,-0.644358,-0.078493,1.159700,0.736022,-0.034008,-0.676103
3831,-0.643466,-0.098353,1.161670,0.736022,-0.034008,-0.676103
3832,-0.650975,-0.089495,1.153050,0.736022,-0.034008,-0.676103
3833,-0.436326,-0.075988,1.635950,0.518410,0.485535,-0.703923
3834,-0.451597,-0.072844,1.640490,-0.205837,0.330390,-0.921126
3835,-0.440703,-0.063297,1.641480,0.518410,0.485535,-0.703923
3836,-0.454300,-0.076746,1.254210,0.160212,0.721957,-0.673135
3837,-0.346670,-0.082364,1.342530,0.660255,-0.180348,-0.729067
3838,-0.349258,-0.088257,1.355550,0.748374,-0.647401,-0.144251
3839,-0.361144,-0.081344,1.343070,-0.049549,-0.183388,-0.981791
3840,-0.157564,-0.083977,1.436080,-0.158523,-0.450759,-0.878457
3841,-0.350739,-0.072181,1.352050,0.715253,0.607991,-0.344616
3842,0.448668,-0.070578,1.455980,-0.506523,0.055111,-0.860463
3843,0.434137,-0.077508,1.464090,-0.506523,0.055111,-0.860463
3844,0.438940,-0.060219,1.462370,-0.506523,0.055111,-0.860463
3845,0.137033,-0.066200,1.667780,-0.791758,0.331345,-0.513156
3846,0.145769,-0.056568,1.660520,-0.000837,0.425534,-0.904942
3847,0.144019,-0.071947,1.653290,-0.000837,0.425534,-0.904942
3848,0.240228,-0.073394,1.432740,-0.257224,0.572238,-0.778704
3849,0.242023,-0.072522,1.446740,-0.846446,0.527066,0.075698
3850,0.247474,-0.062557,1.438310,-0.257224,0.572238,-0.778704
3851,0.256028,-0.071750,1.444890,0.609600,-0.000164,-0.792709
3852,0.141238,-0.071835,1.462990,0.052575,0.998602,0.005437
3853,0.155581,-0.072575,1.460100,0.478585,0.638969,-0.602225
3854,0.139681,-0.071674,1.448420,0.478585,0.638969,-0.602225
3855,0.146172,-0.083343,1.455380,0.579122,-0.155211,-0.800329
3856,0.237971,-0.077536,1.341360,-0.167423,-0.294129,-0.940988
3857,0.246436,-0.065514,1.346470,-0.225952,0.511456,-0.829071
3858,0.252036,-0.076105,1.338410,-0.167423,-0.294129,-0.940988
3859,0.649641,-0.065142,1.155350,-0.889351,0.282189,-0.359756
3860,0.650876,-0.074981,1.144580,-0.889351,0.282189,-0.359756
3861,0.644026,-0.079562,1.157920,-0.889351,0.282189,-0.359756
3862,0.146733,-0.068874,1.247100,-0.054168,0.576630,-0.815208
3863,0.140409,-0.080354,1.239400,-0.054168,0.576630,-0.815208
3864,0.138933,-0.078897,1.253450,-0.823016,0.549603,-0.143459
3865,0.152990,-0.080501,1.254640,0.771183,0.002172,-0.636610
3866,0.359335,-0.076036,1.341780,0.328720,-0.451903,-0.829293
3867,0.523818,-0.062788,1.671990,-0.716259,0.669120,0.198118
3868,0.646746,0.547908,2.822360,-0.812037,-0.085205,-0.577353
3869,0.640364,0.539954,2.832510,-0.812037,-0.085205,-0.577353
3870,0.638764,0.554254,2.832650,-0.812037,-0.085205,-0.577353
3871,1.551740,1.741230,4.855020,-0.486083,-0.388606,-0.782757
3872,1.537160,1.751390,4.859030,-0.486083,-0.388606,-0.782757
3873,1.551060,1.754390,4.860580,0.018506,0.389928,-0.920659
3874,1.544920,1.746730,4.870990,-0.563045,-0.825267,0.043770
3875,-0.049244,0.720433,4.687340,-0.400042,0.482572,-0.779160
3876,0.073135,1.256900,4.169220,-0.383010,-0.899730,-0.209260
3877,0.561491,1.494860,4.708200,0.129608,-0.186094,-0.973946
3878,0.572432,1.508080,4.707130,0.129608,-0.186094,-0.973946
3879,0.576191,1.491700,4.710760,0.129608,-0.186094,-0.973946
3880,0.948285,1.560300,4.738980,-0.551293,-0.282729,-0.784946
3881,0.959320,1.553040,4.747740,0.377903,-0.420726,-0.824730
3882,0.946626,1.547460,4.744770,-0.551293,-0.282729,-0.784946
3883,0.558693,1.540830,4.717020,-0.184992,-0.946356,0.264932
3884,0.547662,1.540310,4.707460,-0.290604,-0.700547,-0.651754
3885,0.564436,1.536180,4.704420,-0.290604,-0.700547,-0.651754
3886,0.559894,1.552310,4.708080,-0.131217,0.184083,-0.974113
3887,0.608343,1.607920,4.691850,-0.400458,-0.026349,-0.915936
3888,0.622396,1.610110,4.697000,0.352157,-0.063939,-0.933754
3889,0.543136,1.663380,4.696430,-0.586232,-0.037257,-0.809286
3890,0.556704,1.642160,4.706090,-0.281939,-0.959350,-0.012577
3891,0.543687,1.663680,4.712290,-0.849903,-0.525459,0.039466
3892,1.846180,1.630480,4.795460,0.114518,-0.733717,-0.669735
3893,1.936260,1.577640,4.800300,0.323776,-0.772930,-0.545663
3894,0.981357,1.506300,4.743520,0.041396,0.055157,-0.997619
3895,0.983519,1.488580,4.742630,-0.370735,-0.609137,-0.701076
3896,0.971317,1.496110,4.742540,-0.370735,-0.609137,-0.701076
3897,0.976431,1.494290,4.755810,-0.523694,-0.847598,0.085572
3898,1.561690,0.054189,2.860160,-0.627329,-0.776598,-0.057918
3899,1.549160,0.064438,2.858460,-0.900364,0.061256,-0.430805
3900,1.555710,0.060212,2.844170,-0.900364,0.061256,-0.430805
3901,1.670750,0.163427,2.910710,-0.449881,0.888469,0.090714
3902,2.244010,0.353634,3.254420,-0.547523,0.082519,-0.832712
3903,2.241310,0.345357,3.268610,-0.402723,-0.755228,-0.517151
3904,2.230180,0.354709,3.263620,-0.547523,0.082519,-0.832712
3905,1.854600,0.022357,2.871920,-0.625189,-0.670008,-0.400285
3906,1.731410,0.457318,2.892540,-0.283403,0.071142,-0.956358
3907,1.749830,0.454206,2.886850,-0.283403,0.071142,-0.956358
3908,1.738610,0.444327,2.889440,-0.283403,0.071142,-0.956358
3909,2.244180,0.361512,3.268820,-0.242059,0.852405,-0.463479
3910,1.747830,0.831916,2.884220,-0.612194,0.144903,-0.777316
3911,1.756470,0.815059,2.890600,0.366273,-0.159249,-0.916779
3912,1.743670,0.818203,2.884940,-0.612194,0.144903,-0.777316
3913,1.652800,0.344160,2.880650,-0.679418,0.085217,-0.728786
3914,1.641550,0.341441,2.890820,-0.679418,0.085217,-0.728786
3915,1.644660,0.356487,2.889680,-0.679418,0.085217,-0.728786
3916,2.228500,0.756529,3.358340,-0.697745,0.715655,0.031469
3917,2.229530,0.758155,3.344200,-0.582594,0.132068,-0.801961
3918,2.220150,0.748778,3.349470,-0.582594,0.132068,-0.801961
3919,2.239890,0.751272,3.351180,0.143372,-0.589984,-0.794584
3920,1.324980,0.562417,2.786940,-0.807309,0.476725,-0.347829
3921,1.556190,0.454638,2.853430,-0.378240,0.007081,-0.925680
3922,1.542860,0.443298,2.858790,-0.378240,0.007081,-0.925680
3923,1.543250,0.457594,2.858740,-0.378240,0.007081,-0.925680
3924,1.650430,0.441186,2.889190,-0.858638,-0.479662,-0.180737
3925,2.113600,0.918392,3.236940,-0.621159,0.352365,-0.700000
3926,1.850530,0.847854,2.928830,-0.442579,0.874182,-0.199822
3927,1.727500,0.053551,2.890260,-0.520757,-0.676035,-0.521335
3928,1.726620,0.348912,2.894150,-0.903766,0.087938,-0.418896
3929,1.731090,0.341357,2.882920,-0.903766,0.087938,-0.418896
3930,1.724920,0.334775,2.894850,-0.903766,0.087938,-0.418896
3931,0.886660,-0.057609,2.524800,0.058628,-0.461406,-0.885250
3932,1.679970,0.415980,2.891920,-0.476966,0.375678,-0.794588
3933,1.666790,0.414750,2.899250,-0.476966,0.375678,-0.794588
3934,1.674910,0.427407,2.900360,-0.476966,0.375678,-0.794588
3935,1.332510,-0.024949,2.880810,-0.484682,-0.644936,-0.590882
3936,1.256760,0.147897,2.764910,-0.021588,0.514071,-0.857476
3937,1.240430,0.143208,2.762510,-0.791036,0.072036,-0.607514
3938,1.246030,0.145371,2.778580,-0.911383,0.304777,0.276572
3939,1.146660,-0.034112,2.207820,-0.326246,0.861591,-0.388876
3940,1.141820,-0.041144,2.196300,-0.597463,0.187419,-0.779687
3941,1.130400,-0.041564,2.204950,-0.597463,0.187419,-0.779687
3942,1.141970,-0.051534,2.206170,-0.461927,-0.614347,-0.639688
3943,1.025580,0.444934,2.795210,-0.365382,-0.509788,-0.778853
3944,1.058520,0.443178,2.797130,-0.136299,-0.869843,-0.474126
3945,1.027700,0.446631,2.811670,-0.434911,-0.888294,0.147597
3946,0.929783,-0.044330,2.540820,0.285907,0.591468,-0.753938
3947,0.922634,-0.057678,2.543100,0.427250,-0.381820,-0.819555
3948,1.377710,-0.020677,2.762900,-0.990413,0.061591,-0.123647
3949,1.672400,0.248452,2.910980,-0.402938,-0.900859,0.161533
3950,1.114650,-0.028234,2.642090,0.146242,0.911564,-0.384271
3951,1.119500,-0.034206,2.629770,0.109591,0.297182,-0.948511
3952,1.105140,-0.032357,2.628690,0.109591,0.297182,-0.948511
3953,1.349000,0.059300,2.838050,-0.064407,0.157035,-0.985491
3954,1.363640,0.057585,2.836820,-0.064407,0.157035,-0.985491
3955,1.354210,0.045685,2.835540,-0.064407,0.157035,-0.985491
3956,1.141090,0.153173,2.779480,0.077906,-0.226178,-0.970966
3957,1.134540,0.146001,2.792000,0.380816,-0.872545,-0.306012
3958,1.745350,0.126473,2.894400,-0.077167,-0.551878,-0.830347
3959,1.729550,0.561693,2.888290,-0.791289,-0.117224,-0.600100
3960,1.738260,0.554859,2.878140,-0.791289,-0.117224,-0.600100
3961,1.731570,0.547648,2.888370,-0.791289,-0.117224,-0.600100
3962,1.250710,0.135414,2.769140,-0.352691,-0.831043,-0.430088
3963,1.446900,0.457015,2.833370,-0.633351,0.046573,-0.772462
3964,1.460920,0.457489,2.836020,0.094254,0.766160,-0.635700
3965,1.456040,0.449286,2.825410,-0.633351,0.046573,-0.772462
3966,1.452290,0.450518,2.845000,-0.685856,-0.722657,-0.085842
3967,1.556420,0.363706,2.865700,0.160816,0.812778,-0.559938
3968,1.551970,0.356471,2.853920,-0.569786,0.142794,-0.809292
3969,1.542460,0.363864,2.861920,-0.569786,0.142794,-0.809292
3970,1.546760,0.355841,2.873160,-0.705056,-0.676386,-0.213070
3971,1.752410,0.215472,2.910470,-0.082531,-0.992598,0.089090
3972,1.725640,0.243933,2.894730,-0.780603,0.188546,-0.595911
3973,1.733550,0.253837,2.903240,-0.666039,0.714886,-0.212910
3974,1.563610,0.068546,2.854600,-0.349033,0.843024,-0.409251
3975,0.946619,0.655447,2.798800,0.140497,-0.636963,-0.757984
3976,0.954899,0.663297,2.808180,0.616358,0.244372,-0.748589
3977,0.958327,0.649045,2.806350,0.140497,-0.636963,-0.757984
3978,0.949583,0.653690,2.818060,-0.476322,-0.879244,-0.006906
3979,1.151100,0.076717,2.773280,0.074459,0.302239,-0.950320
3980,1.152350,0.090464,2.777750,0.074459,0.302239,-0.950320
3981,1.158800,0.084853,2.789470,0.887402,0.067588,-0.456014
3982,1.144260,0.081693,2.786000,-0.809986,0.246657,-0.532055
3983,1.249850,-0.030797,2.786960,-0.701902,0.007956,-0.712229
3984,1.247330,-0.014098,2.789630,-0.701902,0.007956,-0.712229
3985,1.262900,-0.020935,2.791390,0.189327,0.182830,-0.964743
3986,1.268770,-0.030783,2.662710,0.519456,0.108546,-0.847575
3987,1.255000,-0.037382,2.666520,-0.524721,-0.612748,-0.590939
3988,1.256440,-0.027997,2.655510,-0.201271,0.210184,-0.956720
3989,1.252380,-0.021950,2.668100,-0.538242,0.678760,-0.499581
3990,0.953332,-0.029398,2.678240,-0.030235,-0.269412,-0.962550
3991,0.959612,-0.036856,2.689280,0.766090,-0.238455,-0.596863
3992,0.951659,-0.047789,2.683440,-0.030235,-0.269412,-0.962550
3993,1.251820,0.083639,2.776690,-0.049483,0.860477,-0.507081
3994,1.054860,0.038926,2.837110,0.692910,-0.294514,-0.658132
3995,1.313570,0.143121,2.796550,-0.448038,-0.357527,-0.819412
3996,1.315500,0.158306,2.799070,-0.565628,0.204472,-0.798909
3997,1.114520,0.136157,2.802420,0.348503,-0.811799,-0.468539
3998,1.255520,0.355389,2.766490,-0.037156,0.877595,-0.477960
3999,0.938970,-0.029139,2.875760,-0.720235,-0.011592,-0.693634
4000,0.939648,-0.021995,2.893560,-0.897431,-0.396531,0.193339
4001,0.933942,-0.015327,2.880750,-0.720235,-0.011592,-0.693634
4002,1.045110,0.145753,2.804280,-0.597265,-0.510139,-0.618897
4003,1.077530,0.141898,2.806600,-0.309328,-0.944874,-0.107370
4004,0.945034,-0.035186,2.690490,-0.803314,-0.093240,-0.588211
4005,1.036800,-0.029659,2.849080,-0.134225,-0.855789,-0.499608
4006,1.027310,-0.016564,2.850400,-0.907230,0.376032,-0.188504
4007,1.029140,-0.020039,2.834660,-0.419087,0.035478,-0.907253
4008,1.041760,-0.039575,2.541490,-0.278769,-0.293141,-0.914525
4009,1.055290,-0.034503,2.535740,-0.278769,-0.293141,-0.914525
4010,1.052350,-0.050956,2.541910,-0.278769,-0.293141,-0.914525
4011,1.156840,0.250547,2.783230,-0.222888,-0.046917,-0.973714
4012,1.142220,0.244665,2.786860,-0.222888,-0.046917,-0.973714
4013,1.144190,0.260626,2.785640,-0.222888,-0.046917,-0.973714
4014,1.234860,-0.021818,2.835310,-0.578938,-0.397297,-0.712030
4015,1.241340,-0.026219,2.848990,-0.408797,-0.907318,-0.098280
4016,1.237580,-0.012809,2.846000,-0.919633,0.382681,-0.088495
4017,1.752140,0.087801,2.897420,0.114468,0.605387,-0.787657
4018,1.046810,0.154459,2.816710,-0.908201,-0.274163,0.316236
4019,1.039320,0.158889,2.799040,-0.597265,-0.510139,-0.618897
4020,1.147770,0.153053,2.797150,0.520865,-0.829263,-0.202540
4021,1.066530,0.081681,2.796700,0.382689,-0.764905,-0.518140
4022,1.052300,0.075185,2.795780,-0.483798,-0.583374,-0.652391
4023,1.056150,0.084975,2.784170,-0.483798,-0.583374,-0.652391
4024,1.102120,0.128197,2.802410,-0.021730,-0.930793,-0.364900
4025,0.752768,0.460860,2.827740,-0.436141,0.628295,-0.644225
4026,1.064740,0.455944,2.789750,-0.143481,0.019643,-0.989458
4027,1.144630,0.046780,2.841200,-0.284056,0.443107,-0.850276
4028,1.151720,0.035494,2.832950,-0.284056,0.443107,-0.850276
4029,1.145670,0.032660,2.846530,-0.870652,-0.228552,-0.435579
4030,1.160220,0.036793,2.846050,0.577277,0.686196,-0.442591
4031,1.251090,-0.024048,2.800680,-0.969398,-0.173988,0.173196
4032,1.039950,-0.016759,2.843550,0.470929,0.470518,-0.746216
4033,1.052230,0.090322,2.799820,-0.962387,0.065893,-0.263570
4034,1.318270,0.458280,2.781800,-0.307315,-0.510196,-0.803279
4035,1.321530,0.455825,2.795480,0.511981,-0.815975,-0.268441
4036,1.309530,0.449957,2.790430,-0.307315,-0.510196,-0.803279
4037,1.309170,0.461998,2.799100,-0.803685,0.331695,-0.494033
4038,0.948565,0.156208,2.822270,-0.403905,0.753311,-0.519021
4039,1.332590,0.084786,2.783950,-0.447782,-0.698155,-0.558633
4040,1.340060,0.082189,2.796350,0.375861,-0.835252,-0.401351
4041,1.327860,0.074897,2.800100,-0.447782,-0.698155,-0.558633
4042,0.643993,-0.076687,0.952202,0.304280,0.211222,-0.928870
4043,0.630903,-0.080513,0.947044,-0.503388,-0.069831,-0.861234
4044,0.629351,-0.072782,0.959308,-0.819339,0.432508,-0.376325
4045,0.635160,-0.089956,0.957306,-0.420079,-0.747921,-0.513954
4046,1.112890,-0.045204,2.636570,-0.003464,-0.524388,-0.851472
4047,1.437110,0.005635,2.624320,-0.550904,-0.391486,-0.737050
4048,1.424790,0.012448,2.629910,-0.550904,-0.391486,-0.737050
4049,1.431030,0.022155,2.620090,-0.550904,-0.391486,-0.737050
4050,1.135360,0.752967,2.771990,-0.896245,-0.028534,-0.442641
4051,0.944291,2.042170,4.734390,0.047797,-0.633994,-0.771859
4052,0.942979,2.056040,4.736990,-0.717267,0.062248,-0.694012
4053,0.952134,2.051600,4.727130,0.047797,-0.633994,-0.771859
4054,1.019640,2.047230,4.776870,-0.849247,-0.237980,-0.471322
4055,1.028290,2.058970,4.773300,-0.816661,0.538962,-0.206362
4056,1.027650,2.052770,4.759640,-0.849247,-0.237980,-0.471322
4057,1.486360,2.641530,4.804720,0.263204,-0.883052,-0.388513
4058,1.483010,2.654650,4.772630,-0.495140,-0.849889,-0.180348
4059,1.498550,2.647460,4.799500,-0.060715,-0.997284,0.041688
4060,1.195480,2.689510,4.781780,-0.140703,-0.982806,-0.119564
4061,1.209020,2.698580,4.761810,0.687950,-0.576646,-0.440685
4062,1.885740,1.833760,4.798420,0.021709,-0.461890,-0.886672
4063,1.870800,1.829660,4.800190,-0.131806,-0.497997,-0.857103
4064,1.859480,1.854450,4.774530,-0.554475,-0.053274,-0.830494
4065,1.755950,1.846740,4.781300,-0.871920,0.477542,-0.108210
4066,1.870490,1.548900,4.815050,-0.983172,-0.176658,0.046526
4067,1.758270,1.760080,4.750230,-0.179155,0.162077,-0.970379
4068,1.774410,1.759600,4.747170,-0.179155,0.162077,-0.970379
4069,1.767860,1.751640,4.757990,-0.144032,-0.753476,-0.641505
4070,1.769180,1.765750,4.762750,-0.044506,0.924041,-0.379693
4071,1.881480,1.818400,4.801690,-0.063668,-0.190878,-0.979547
4072,1.738040,1.749710,4.821190,0.073419,0.082972,-0.993844
4073,1.744260,1.736660,4.820560,0.073419,0.082972,-0.993844
4074,1.729050,1.738500,4.819590,0.073419,0.082972,-0.993844
4075,1.758080,1.644500,4.785170,-0.385130,-0.892444,-0.234988
4076,1.744400,1.656390,4.817630,-0.425426,-0.904624,0.025846
4077,2.626380,1.659450,4.806810,0.146062,-0.302847,-0.941780
4078,2.631740,1.645740,4.812050,-0.007698,-0.882842,-0.469608
4079,2.616200,1.647450,4.809090,-0.007698,-0.882842,-0.469608
4080,2.623420,1.650300,4.822970,-0.156969,-0.948155,0.276337
4081,1.743900,1.570070,4.832540,0.490218,-0.015237,-0.871467
4082,1.730840,1.561690,4.825340,-0.347251,-0.410993,-0.842913
4083,1.727800,1.573140,4.837680,-0.864888,0.243462,-0.438971
4084,1.265020,1.683880,4.834410,0.754235,-0.056554,-0.654165
4085,1.264590,1.669470,4.835160,0.249599,-0.706020,-0.662749
4086,1.256420,1.675950,4.825180,0.249599,-0.706020,-0.662749
4087,2.567300,1.640410,4.789410,-0.268818,0.913248,-0.306130
4088,1.436890,1.571340,4.858610,-0.671337,0.070146,-0.737825
4089,1.445520,1.563160,4.849980,-0.671337,0.070146,-0.737825
4090,1.435680,1.557130,4.858360,-0.671337,0.070146,-0.737825
4091,1.767600,1.533350,4.757240,0.408122,-0.912641,0.022862
4092,1.754580,1.527470,4.754940,-0.333215,-0.863963,-0.377539
4093,1.761470,1.530240,4.742520,-0.333215,-0.863963,-0.377539
4094,1.752500,1.541630,4.752800,-0.837213,-0.199910,-0.509029
4095,1.565110,1.651410,4.862190,0.000679,-0.804975,-0.593308
4096,1.559350,1.659240,4.851560,0.000679,-0.804975,-0.593308
4097,1.567500,1.665460,4.861480,0.810504,-0.166254,-0.561644
4098,1.558720,1.660340,4.871500,-0.809868,-0.586573,0.006771
4099,1.547120,1.566350,4.856380,-0.069267,-0.176701,-0.981824
4100,1.555980,1.570820,4.868030,0.765807,0.125748,-0.630656
4101,1.546560,1.560480,4.874220,-0.196908,-0.929452,-0.312004
4102,1.541120,1.574370,4.868730,-0.674734,0.424716,-0.603614
4103,1.729230,1.662590,4.821170,-0.972410,-0.015958,-0.232731
4104,1.643360,1.655730,4.863920,-0.433438,0.539260,-0.722032
4105,1.559540,1.839040,4.857980,-0.273621,-0.639032,-0.718867
4106,1.550690,1.848780,4.867540,-0.699947,-0.710183,0.075591
4107,1.546440,1.851320,4.852050,-0.273621,-0.639032,-0.718867
4108,1.641450,1.735080,4.855210,-0.659557,-0.517345,-0.545287
4109,1.628070,1.743200,4.863690,-0.659557,-0.517345,-0.545287
4110,1.641380,1.749300,4.860160,-0.371788,0.303554,-0.877285
4111,1.640840,1.740300,4.872230,-0.375550,-0.889753,0.259426
4112,1.456840,1.735640,4.858040,0.296732,-0.858927,-0.417366
4113,1.443900,1.734090,4.852030,-0.424489,-0.490877,-0.760821
4114,1.452050,1.741410,4.842760,-0.424489,-0.490877,-0.760821
4115,1.301010,2.258450,4.676240,0.326114,-0.527125,-0.784722
4116,1.315370,2.253330,4.680290,0.058701,-0.512846,-0.856472
4117,1.305040,2.256440,4.690140,-0.089550,-0.989079,-0.117062
4118,1.268650,2.252210,4.682530,-0.534764,-0.834410,0.133371
4119,1.240210,2.354960,4.777500,-0.494777,-0.301845,-0.814914
4120,1.255320,2.356440,4.784650,0.423689,-0.400436,-0.812489
4121,1.241850,2.353000,4.794040,-0.721600,-0.692231,-0.010481
4122,2.574620,1.923870,4.839430,-0.370559,-0.928807,0.001705
4123,1.670510,2.365470,4.786920,-0.191434,-0.785914,-0.587956
4124,1.672170,2.379110,4.781520,-0.512385,-0.261476,-0.817980
4125,1.681870,2.368830,4.778730,-0.191434,-0.785914,-0.587956
4126,2.582360,1.863750,4.825760,0.674720,-0.717970,-0.171089
4127,2.635190,1.836310,4.840350,-0.052698,0.639860,-0.766682
4128,2.669160,1.954930,4.819600,0.129968,-0.303997,-0.943766
4129,1.974430,2.439230,4.827040,-0.688136,-0.231850,-0.687542
4130,1.967770,2.429550,4.836970,-0.688136,-0.231850,-0.687542
4131,1.964000,2.447560,4.834670,-0.688136,-0.231850,-0.687542
4132,2.199240,2.241290,4.705640,-0.415026,-0.733735,-0.537947
4133,2.185920,2.244220,4.711920,-0.415026,-0.733735,-0.537947
4134,2.193540,2.256740,4.708690,-0.422166,0.023148,-0.906223
4135,2.197170,2.245060,4.721830,-0.113819,-0.970730,0.211491
4136,2.085480,2.205900,4.592040,-0.359799,-0.927531,0.101145
4137,2.073690,2.209600,4.584030,-0.697465,-0.449643,-0.558000
4138,2.084170,2.204550,4.575000,-0.697465,-0.449643,-0.558000
4139,2.083820,2.220220,4.582770,-0.493294,0.377558,-0.783653
4140,1.547700,2.356070,4.820460,-0.436574,-0.866477,0.242118
4141,1.547000,2.370150,4.812010,-0.994735,0.080482,-0.063439
4142,2.200040,0.874052,3.177430,-0.688307,0.657340,-0.306820
4143,2.199860,0.867903,3.164660,-0.443404,0.077095,-0.893000
4144,2.199830,0.857773,3.174570,-0.605666,-0.555531,-0.569697
4145,1.735020,2.408630,4.782410,-0.298244,-0.603792,-0.739247
4146,1.725820,2.416370,4.810320,-0.806146,-0.409814,-0.426827
4147,1.719560,2.431010,4.812330,-0.836387,-0.294131,-0.462540
4148,2.012580,2.652020,4.671510,0.145132,-0.988283,0.047251
4149,2.004940,2.650200,4.656910,0.185528,-0.606544,-0.773100
4150,2.019160,2.652370,4.658620,0.185528,-0.606544,-0.773100
4151,2.172540,0.853874,3.358150,-0.454612,-0.355557,-0.816644
4152,2.180830,0.869939,3.362370,-0.737616,0.499871,-0.453930
4153,2.183420,0.861438,3.348800,-0.454612,-0.355557,-0.816644
4154,1.739010,0.762037,2.875770,-0.479850,-0.433941,-0.762522
4155,1.731890,0.753375,2.885180,-0.479850,-0.433941,-0.762522
4156,1.733610,0.764237,2.894840,-0.869813,0.397572,-0.292168
4157,1.795370,0.828507,2.910840,-0.766861,-0.624803,-0.146786
4158,1.790720,0.837313,2.897650,-0.849967,-0.095072,-0.518187
4159,1.801320,0.825144,2.894070,-0.015311,-0.795267,-0.606066
4160,1.055570,0.645385,2.783020,-0.515933,-0.689227,-0.508703
4161,1.056470,0.648572,2.801350,0.046810,-0.984525,0.168879
4162,1.044350,0.646536,2.792840,-0.515933,-0.689227,-0.508703
4163,0.968338,0.770511,2.801460,-0.753646,0.570580,-0.326276
4164,1.051490,0.659416,2.790250,-0.633427,0.200871,-0.747276
4165,1.764150,1.482610,4.778010,0.482464,0.100812,-0.870095
4166,1.752500,1.472330,4.780800,-0.575428,-0.583766,-0.572800
4167,1.751400,1.483040,4.770990,-0.470457,0.079760,-0.878811
4168,1.951170,1.496140,4.812300,0.371394,-0.180307,-0.910800
4169,1.945900,1.481850,4.812980,-0.417605,-0.560523,-0.715136
4170,1.937110,1.496730,4.806450,-0.417605,-0.560523,-0.715136
4171,1.939800,1.493760,4.822170,-0.870278,-0.489312,0.056475
4172,1.960370,1.539550,4.814260,-0.128119,-0.957474,-0.258513
4173,1.943980,1.543490,4.807790,-0.472756,-0.289793,-0.832179
4174,1.956940,1.543770,4.800330,-0.472756,-0.289793,-0.832179
4175,1.829380,1.565650,4.787200,-0.966817,0.246371,0.067578
4176,2.054070,1.717340,4.817070,0.782478,0.284936,-0.553660
4177,1.723760,2.071820,4.827950,-0.823280,0.567439,0.014922
4178,1.733890,2.071490,4.817440,0.066706,0.237344,-0.969133
4179,1.719620,2.066150,4.815150,-0.626491,-0.088379,-0.774402
4180,2.052470,0.911340,3.258840,-0.777250,0.383724,-0.498637
4181,2.056840,0.892192,3.288280,-0.606803,-0.762609,0.224092
4182,2.059640,0.907338,3.287320,-0.945086,0.191502,0.264840
4183,2.213330,0.869238,3.168850,0.274113,0.191897,-0.942358
4184,0.651198,0.813215,2.806730,-0.679458,-0.425056,-0.598050
4185,0.642904,0.808548,2.819470,-0.679458,-0.425056,-0.598050
4186,0.650082,0.822619,2.821270,-0.811671,0.460091,-0.359871
4187,0.899153,0.797778,2.808860,-0.532072,-0.846573,0.014580
4188,0.895192,0.799937,2.789670,0.079646,-0.678093,-0.730648
4189,0.905773,0.793411,2.796880,0.079646,-0.678093,-0.730648
4190,0.866600,-0.029880,2.755940,-0.252259,-0.355704,-0.899911
4191,0.858692,-0.041349,2.762690,-0.252259,-0.355704,-0.899911
4192,0.851531,-0.025316,2.758360,-0.252259,-0.355704,-0.899911
4193,0.838209,0.742868,2.811370,0.048704,-0.733673,-0.677755
4194,0.853533,0.737816,2.817940,0.048704,-0.733673,-0.677755
4195,0.842301,0.743674,2.825550,-0.369864,-0.915420,0.158767
4196,0.848616,0.754528,2.817750,0.423049,0.114250,-0.898875
4197,0.550215,0.250509,2.825380,-0.800425,-0.058134,-0.596607
4198,0.543261,0.242501,2.835490,-0.800425,-0.058134,-0.596607
4199,0.542177,0.256913,2.835540,-0.800425,-0.058134,-0.596607
4200,0.165469,0.321656,3.439570,0.364736,-0.889415,-0.275515
4201,0.196617,0.194445,3.042150,0.183231,0.411091,-0.892990
4202,0.187666,0.206624,3.045920,0.183231,0.411091,-0.892990
4203,0.206844,0.204180,3.048730,0.183231,0.411091,-0.892990
4204,-0.677667,-0.057970,2.241250,0.640137,-0.178454,-0.747248
4205,0.764136,0.351312,2.833740,-0.124856,0.884469,-0.449584
4206,0.542280,0.139093,2.835690,-0.561397,-0.059899,-0.825376
4207,0.552848,0.146423,2.827970,-0.561397,-0.059899,-0.825376
4208,0.556183,0.138254,2.839360,0.110703,-0.791979,-0.600428
4209,0.547835,0.147032,2.847150,-0.650620,0.734373,-0.193368
4210,0.358456,0.057046,2.822460,0.821584,0.159023,-0.547459
4211,-0.590177,-0.046005,2.298480,0.519605,0.021877,-0.854126
4212,-0.587694,-0.056069,2.308490,0.975628,0.023734,-0.218144
4213,-0.589747,-0.065979,2.298230,0.519605,0.021877,-0.854126
4214,0.741516,0.061078,2.837950,-0.604034,0.708428,-0.365064
4215,0.746070,0.057988,2.824420,-0.048875,0.188874,-0.980784
4216,0.745028,0.047113,2.835530,-0.185831,-0.693395,-0.696182
4217,0.755120,0.057282,2.841650,0.833848,0.354098,-0.423452
4218,0.640697,0.050742,2.829310,-0.456740,0.417397,-0.785600
4219,0.651841,0.062748,2.829210,-0.456740,0.417397,-0.785600
4220,0.654189,0.049427,2.833530,0.265994,-0.254636,-0.929735
4221,0.646147,0.053445,2.844520,-0.725133,0.674225,0.140009
4222,1.038390,-0.048780,2.641000,-0.155309,-0.427953,-0.890357
4223,1.039070,-0.029618,2.646310,-0.878779,0.156156,-0.450958
4224,1.043980,-0.036786,2.634260,-0.155309,-0.427953,-0.890357
4225,1.248000,-0.013157,2.836290,0.062716,0.017762,-0.997873
4226,0.633426,-0.029553,2.745210,-0.026862,0.367680,-0.929565
4227,0.646978,-0.034302,2.742940,-0.026862,0.367680,-0.929565
4228,0.641389,-0.044299,2.751900,-0.317107,-0.528515,-0.787474
4229,1.358660,0.346050,2.809100,-0.790122,-0.517028,-0.329226
4230,1.351520,0.358445,2.806770,-0.790122,-0.517028,-0.329226
4231,1.364900,0.357264,2.801320,-0.377774,-0.376613,-0.845842
4232,1.357670,0.356564,2.819750,-0.841669,-0.421348,0.337728
4233,-0.041125,-0.063046,1.840040,0.115324,0.480465,-0.869399
4234,-0.056814,-0.063025,1.837970,0.115324,0.480465,-0.869399
4235,-0.049694,-0.052719,1.844610,0.115324,0.480465,-0.869399
4236,1.048020,-0.040542,2.647300,0.732425,-0.559432,-0.388058
4237,0.760026,0.657906,2.822380,0.085119,0.740449,-0.666700
4238,0.761537,0.643857,2.823140,0.274916,-0.777870,-0.565102
4239,0.754484,0.649341,2.812160,-0.273910,-0.088783,-0.957649
4240,0.451202,0.056370,2.827540,0.388972,0.069162,-0.918650
4241,0.442359,0.042879,2.822780,-0.479920,-0.287394,-0.828904
4242,0.435940,0.058126,2.821210,-0.479920,-0.287394,-0.828904
4243,0.752789,-0.027992,2.745350,0.104332,0.261807,-0.959464
4244,0.766509,-0.033056,2.745460,0.104332,0.261807,-0.959464
4245,0.758426,-0.042165,2.753560,-0.196037,-0.548738,-0.812685
4246,0.764100,-0.026683,2.758400,0.324496,0.871088,-0.368657
4247,0.939206,0.259647,2.819970,-0.814721,0.119714,-0.567361
4248,0.944806,0.249986,2.809890,-0.243597,-0.412039,-0.878000
4249,0.950408,0.247112,2.826990,0.023083,-0.984642,-0.173051
4250,1.022060,0.529546,2.792640,-0.573516,0.473131,-0.668750
4251,1.017230,0.525708,2.806610,-0.944719,-0.004448,-0.327850
4252,1.018610,0.539230,2.802450,-0.573516,0.473131,-0.668750
4253,0.849349,0.057817,2.824940,-0.606614,0.176360,-0.775188
4254,0.840186,0.045376,2.829280,-0.606614,0.176360,-0.775188
4255,0.846558,0.052251,2.842310,-0.792036,0.606770,0.067144
4256,0.914322,-0.046821,2.549990,-0.139847,0.989622,0.033029
4257,0.655587,0.144665,2.835840,-0.458278,-0.024863,-0.888461
4258,0.643040,0.142231,2.842380,-0.458278,-0.024863,-0.888461
4259,0.642940,0.156581,2.842030,-0.458278,-0.024863,-0.888461
4260,0.858776,-0.018253,2.834490,0.113540,0.316653,-0.941722
4261,0.843699,-0.019241,2.832340,0.113540,0.316653,-0.941722
4262,0.849274,-0.016075,2.845960,-0.033577,0.976422,-0.213242
4263,0.845829,-0.030337,2.842600,0.148522,-0.655850,-0.740136
4264,0.856872,0.240411,2.833390,0.110300,-0.792770,-0.599457
4265,0.948688,-0.019013,2.881670,0.152923,0.384549,-0.910350
4266,0.855571,0.153295,2.834590,0.098762,0.801886,-0.589258
4267,0.855545,0.138955,2.833680,0.101172,-0.723523,-0.682846
4268,0.847862,0.146705,2.824330,-0.392882,0.057282,-0.917803
4269,0.848310,0.145446,2.844260,-0.999747,-0.003279,0.022266
4270,1.327760,0.090151,2.797620,-0.948162,-0.057045,-0.312626
4271,0.953129,0.257861,2.818200,0.605628,0.178277,-0.775520
4272,0.753617,0.553249,2.821770,-0.676668,-0.110540,-0.727943
4273,0.767899,0.554446,2.823010,0.014060,0.633579,-0.773550
4274,0.763088,0.544004,2.814370,-0.676668,-0.110540,-0.727943
4275,0.761106,0.547608,2.833690,-0.668467,-0.740482,0.069555
4276,1.195220,-0.029228,2.403310,-0.514405,0.580392,-0.631294
4277,1.121500,-0.034073,2.028030,-0.039673,0.681240,-0.730985
4278,0.855323,-0.053931,2.041870,-0.404972,-0.599167,-0.690650
4279,0.846050,-0.043686,2.038420,-0.432099,0.277081,-0.858206
4280,0.859663,-0.044634,2.031260,-0.432099,0.277081,-0.858206
4281,0.955243,-0.051397,1.745690,-0.508176,0.482832,-0.713183
4282,0.970367,-0.048644,1.750830,-0.119561,0.977830,-0.171912
4283,0.970393,-0.051448,1.734860,-0.508176,0.482832,-0.713183
4284,0.965072,-0.062087,1.743480,-0.546648,-0.344846,-0.763058
4285,0.853711,0.656056,2.814220,0.000583,-0.646435,-0.762969
4286,0.842532,0.645152,2.823450,0.000583,-0.646435,-0.762969
4287,0.843349,0.659323,2.823360,-0.655273,0.032985,-0.754672
4288,0.852540,0.652871,2.832040,0.655919,-0.749347,-0.090830
4289,0.558956,-0.060499,1.450930,-0.026568,0.823138,-0.567220
4290,0.561502,-0.068652,1.438980,-0.052215,0.118504,-0.991580
4291,0.546835,-0.068588,1.439760,-0.052215,0.118504,-0.991580
4292,0.554193,-0.077938,1.447710,-0.042500,-0.666386,-0.744394
4293,1.032580,0.536826,2.801430,0.074172,0.722620,-0.687254
4294,1.442660,0.652912,2.838050,-0.675615,0.592617,-0.438577
4295,-0.148931,0.752599,4.697740,-0.325268,0.514751,-0.793241
4296,-0.131576,0.750526,4.698860,0.093080,0.259990,-0.961115
4297,-0.263130,0.858954,4.693100,0.278025,0.226222,-0.933555
4298,-0.351743,0.464209,4.661570,0.720560,-0.289904,-0.629880
4299,-0.341597,0.469199,4.670880,0.720560,-0.289904,-0.629880
4300,-0.351402,0.466330,4.681380,0.369707,-0.924520,0.092622
4301,-0.255921,0.750996,4.696560,-0.077649,-0.164518,-0.983313
4302,-0.354727,0.475167,4.670470,0.316378,0.648487,-0.692365
4303,-0.454899,0.649575,4.669480,-0.791684,-0.610755,-0.014649
4304,-0.350422,0.529534,4.681640,0.581277,0.809585,-0.081787
4305,0.752191,-0.056147,2.640880,-0.569337,-0.584592,-0.578021
4306,0.646971,-0.030839,2.757060,0.287762,0.930169,-0.227986
4307,0.754481,0.141101,2.844690,-0.710985,0.698194,0.083813
4308,0.760468,0.148661,2.832500,-0.138776,0.661640,-0.736867
4309,0.750245,0.139055,2.825800,-0.138776,0.661640,-0.736867
4310,0.341593,0.139458,2.827180,-0.081406,-0.816789,-0.571165
4311,0.347078,0.147016,2.815590,0.646682,-0.151589,-0.747544
4312,0.355822,0.139837,2.824610,0.646682,-0.151589,-0.747544
4313,0.350571,0.148296,2.835100,0.725687,0.665762,-0.173603
4314,0.546659,0.050671,2.827940,-0.637047,-0.193178,-0.746226
4315,0.539645,0.062676,2.830820,-0.637047,-0.193178,-0.746226
4316,0.550131,0.064446,2.821410,-0.637047,-0.193178,-0.746226
4317,0.422790,-0.038569,2.929240,0.260139,0.790176,-0.554932
4318,0.433553,-0.046572,2.922890,0.532183,0.015996,-0.846478
4319,0.421062,-0.047994,2.915010,0.532183,0.015996,-0.846478
4320,0.424347,-0.055868,2.929890,0.400641,-0.770314,-0.496088
4321,1.256380,0.035409,2.845440,0.377829,-0.010262,-0.925818
4322,0.752549,0.650207,2.832030,-0.987178,-0.131555,-0.090401
4323,0.655174,0.442510,2.830930,-0.208413,-0.526705,-0.824103
4324,0.641783,0.440893,2.835350,-0.208413,-0.526705,-0.824103
4325,0.642759,0.452711,2.827550,-0.208413,-0.526705,-0.824103
4326,0.859080,-0.038510,2.048150,-0.115007,0.932600,-0.342097
4327,1.203790,-0.033833,2.522460,-0.138549,-0.009637,-0.990309
4328,1.217820,-0.034128,2.520500,-0.138549,-0.009637,-0.990309
4329,1.212040,-0.043897,2.528980,-0.122335,-0.608331,-0.784199
4330,1.212430,-0.023938,2.528730,-0.099180,0.592923,-0.799128
4331,1.080870,-0.043541,2.303890,-0.018813,0.121168,-0.992454
4332,1.095940,-0.042020,2.303790,-0.018813,0.121168,-0.992454
4333,1.088990,-0.053554,2.310730,0.048526,-0.536268,-0.842652
4334,1.087040,-0.034096,2.313140,-0.077514,0.722964,-0.686524
4335,0.641711,-0.033815,2.673540,-0.315311,0.669137,-0.672930
4336,0.962859,0.043548,2.833670,0.515326,-0.143553,-0.844886
4337,0.949357,0.042085,2.838150,-0.871351,-0.389968,-0.297778
4338,0.950804,0.048535,2.825470,-0.359366,0.187641,-0.914137
4339,1.166330,-0.016723,2.839750,-0.485529,-0.394398,-0.780200
4340,1.164900,-0.029917,2.847310,-0.485529,-0.394398,-0.780200
4341,1.155120,-0.019539,2.848150,-0.485529,-0.394398,-0.780200
4342,0.855450,0.045340,2.831720,0.142448,-0.417917,-0.897248
4343,0.643459,-0.056480,1.459470,-0.046469,-0.108626,-0.992996
4344,0.651222,-0.065313,1.467980,0.709379,-0.053636,-0.702783
4345,0.644077,-0.076216,1.461600,-0.046469,-0.108626,-0.992996
4346,0.636750,-0.065653,1.469040,-0.771715,-0.092080,-0.629267
4347,0.251769,-0.082272,1.351460,0.002428,-0.904142,-0.427225
4348,0.158231,-0.064479,1.750210,0.915848,0.021354,-0.400957
4349,0.152552,-0.063507,1.737290,0.082967,0.070540,-0.994053
4350,0.148097,-0.054185,1.746950,-0.165345,0.670448,-0.723298
4351,0.147938,-0.074040,1.745530,-0.175209,-0.557892,-0.811208
4352,0.553362,-0.077001,1.138550,-0.013396,-0.287269,-0.957756
4353,0.544895,-0.081702,1.152140,0.022791,-0.949126,-0.314070
4354,0.535508,-0.077569,1.138970,-0.013396,-0.287269,-0.957756
4355,0.747222,-0.067861,1.355690,-0.957877,-0.159250,0.238978
4356,0.743714,-0.068625,1.341120,-0.841178,-0.148396,-0.519998
4357,0.757492,-0.074456,1.340940,-0.265611,-0.604392,-0.751106
4358,0.754811,-0.059226,1.344630,-0.402152,0.696631,-0.594121
4359,0.632017,-0.065016,1.544550,-0.416003,-0.073934,-0.906353
4360,0.631658,-0.063891,1.558890,-0.999668,-0.008333,-0.024373
4361,0.639725,-0.054444,1.551630,-0.075005,0.592039,-0.802411
4362,0.639852,-0.074253,1.553180,-0.066668,-0.710785,-0.700243
4363,-0.141634,-0.083416,1.155050,0.974320,-0.000884,-0.225168
4364,0.447733,-0.077435,1.244180,-0.289091,-0.098518,-0.952219
4365,0.452730,-0.066244,1.251510,-0.074705,0.569528,-0.818570
4366,0.455272,-0.085987,1.252780,0.084662,-0.668451,-0.738922
4367,0.445221,-0.076854,1.258220,-0.976113,-0.136537,-0.168998
4368,0.659044,-0.071579,1.261380,0.673796,-0.026613,-0.738438
4369,0.651434,-0.081951,1.254810,-0.067703,-0.045612,-0.996662
4370,0.651236,-0.061991,1.253910,-0.067703,-0.045612,-0.996662
4371,0.750299,-0.068039,1.147180,-0.492963,0.496783,-0.714279
4372,0.734971,-0.073228,1.154150,-0.492963,0.496783,-0.714279
4373,0.747703,-0.069738,1.162470,-0.297455,0.953128,0.055382
4374,0.746255,-0.083331,1.154940,-0.274947,-0.376290,-0.884765
4375,0.851818,-0.067207,1.642050,0.163809,-0.072470,-0.983827
4376,0.843114,-0.057565,1.647680,-0.635774,-0.129636,-0.760911
4377,0.849925,-0.047592,1.640290,0.163809,-0.072470,-0.983827
4378,0.644891,-0.071689,1.262070,-0.767438,-0.036475,-0.640085
4379,0.856811,-0.055958,1.650870,0.849988,0.034867,-0.525647
4380,0.856370,-0.054441,1.756540,0.626620,0.004824,-0.779310
4381,0.230914,1.055140,2.766730,0.191739,0.064404,-0.979331
4382,0.235948,1.041900,2.768080,0.283237,0.009907,-0.958999
4383,0.222440,1.039920,2.764070,0.153219,0.004293,-0.988183
4384,0.640125,0.255462,2.837980,-0.734664,-0.094181,-0.671862
4385,0.649016,0.247600,2.829360,-0.734664,-0.094181,-0.671862
4386,0.640881,0.241361,2.839130,-0.734664,-0.094181,-0.671862
4387,0.350363,-0.079306,1.538310,-0.024418,-0.498030,-0.866816
4388,0.184690,1.052920,2.762580,0.064707,-0.023717,-0.997622
4389,0.200933,1.053910,2.763610,0.073643,0.049233,-0.996069
4390,0.193592,1.039350,2.763480,0.042604,-0.012561,-0.999013
4391,0.649513,-0.067566,1.048540,-0.710503,0.029911,-0.703058
4392,0.656503,-0.078754,1.041000,-0.710503,0.029911,-0.703058
4393,0.647295,-0.086875,1.049960,-0.710503,0.029911,-0.703058
4394,0.046351,-0.083763,0.741171,0.074289,0.507590,-0.858390
4395,0.056486,-0.089781,0.751461,0.580776,0.807964,-0.099469
4396,0.057505,-0.092282,0.737099,0.074289,0.507590,-0.858390
4397,0.050276,-0.102453,0.744704,-0.500745,-0.261145,-0.825262
4398,-0.429844,-0.079150,1.371170,0.720972,-0.106412,-0.684745
4399,-0.064083,-0.079294,1.253340,-0.427018,0.894879,-0.129793
4400,-0.737564,-0.101212,1.061640,0.298379,-0.754644,-0.584365
4401,-0.734256,-0.091580,1.050890,0.341092,0.196253,-0.919316
4402,-0.731353,-0.089725,1.068620,0.844287,0.500837,-0.190636
4403,0.820281,-0.081565,1.175880,-0.612197,-0.664478,-0.428584
4404,0.722248,-0.086165,1.053450,-0.381028,-0.655153,-0.652374
4405,0.712747,-0.076497,1.049290,-0.729571,-0.038138,-0.682841
4406,0.721852,-0.066196,1.052750,-0.405800,0.592436,-0.695950
4407,0.717751,-0.075937,1.062550,-0.935492,-0.006201,0.353294
4408,0.544311,-0.067644,1.146390,-0.038147,0.619829,-0.783810
4409,0.544943,-0.084317,1.251010,-0.033120,-0.424929,-0.904621
4410,0.538539,-0.070168,1.258880,-0.853363,-0.101866,-0.511268
4411,0.547412,-0.069415,1.243920,-0.033120,-0.424929,-0.904621
4412,0.646811,-0.069880,1.336510,-0.114622,0.380669,-0.917580
4413,0.628696,-0.070200,1.338640,-0.114622,0.380669,-0.917580
4414,0.638060,-0.060005,1.341700,-0.114622,0.380669,-0.917580
4415,0.736280,-0.066455,1.553010,-0.257264,-0.966291,-0.009899
4416,0.534199,-0.071461,1.350210,-0.574249,-0.014584,-0.818551
4417,0.536652,-0.071303,1.364200,-0.984899,-0.010497,0.172811
4418,0.542404,-0.061309,1.355910,-0.254245,0.621496,-0.741015
4419,0.047948,-0.078071,1.362360,0.717341,0.058669,-0.694247
4420,0.050961,-0.083875,1.252510,-0.334622,-0.915115,-0.224929
4421,0.159531,-0.070390,1.549460,-0.265672,-0.015129,-0.963945
4422,0.145828,-0.069965,1.553230,-0.265672,-0.015129,-0.963945
4423,0.154365,-0.060104,1.558890,-0.192834,0.608688,-0.769619
4424,0.153870,-0.079975,1.559340,-0.223683,-0.632407,-0.741638
4425,-0.044571,-0.072292,1.145830,-0.619449,-0.022204,-0.784723
4426,-0.036398,-0.082230,1.139660,-0.619449,-0.022204,-0.784723
4427,-0.044209,-0.092276,1.146110,-0.619449,-0.022204,-0.784723
4428,0.046454,-0.091313,0.839232,-0.026758,0.571056,-0.820475
4429,0.052795,-0.080049,0.846865,-0.026758,0.571056,-0.820475
4430,0.057306,-0.096627,0.852819,0.778720,-0.013378,-0.627229
4431,0.044420,-0.089888,0.853580,-0.804737,0.568614,-0.170517
4432,-0.040001,-0.087944,0.936576,0.121506,0.508564,-0.852408
4433,-0.055480,-0.087859,0.934420,0.121506,0.508564,-0.852408
4434,-0.048525,-0.077604,0.941530,0.121506,0.508564,-0.852408
4435,0.052295,-0.071625,1.150940,0.115477,0.637959,-0.761363
4436,0.057738,-0.082241,1.142870,0.115477,0.637959,-0.761363
4437,0.049910,-0.091466,1.150690,-0.759435,0.099362,-0.642951
4438,0.151531,-0.071194,1.140320,-0.017626,0.532170,-0.846454
4439,0.158846,-0.081449,1.133720,-0.003304,-0.063659,-0.997966
4440,0.144630,-0.081809,1.133790,-0.003304,-0.063659,-0.997966
4441,0.152041,-0.091143,1.141590,0.012267,-0.635414,-0.772074
4442,0.053849,-0.071329,1.565740,0.860890,-0.008472,-0.508720
4443,0.048593,-0.081251,1.557010,0.243412,-0.000743,-0.969923
4444,0.048813,-0.061257,1.557050,0.243412,-0.000743,-0.969923
4445,0.153193,-0.067700,1.667060,0.790743,0.184434,-0.583703
4446,0.642041,-0.061058,1.723280,-0.416766,-0.124576,-0.900437
4447,0.649065,-0.049577,1.731430,-0.126983,0.624632,-0.770526
4448,0.652037,-0.068730,1.732710,0.082924,-0.728212,-0.680317
4449,0.570090,-0.049847,1.750650,-0.278364,0.489246,-0.826530
4450,1.250620,-0.054207,1.791180,-0.466401,-0.571694,-0.675007
4451,1.239180,-0.043741,1.790220,-0.866415,0.169240,-0.469769
4452,1.252340,-0.035576,1.788990,-0.442712,0.615358,-0.652181
4453,1.039680,0.804081,2.775630,-0.075268,-0.778558,-0.623042
4454,1.031370,0.797314,2.785090,-0.075268,-0.778558,-0.623042
4455,1.026650,0.810566,2.787610,-0.703115,-0.117057,-0.701375
4456,1.041390,0.804951,2.791850,0.615647,-0.787696,-0.022655
4457,0.168736,0.714192,3.399920,-0.323769,-0.622512,-0.712498
4458,0.350385,-0.062258,1.423560,-0.277328,-0.073500,-0.957960
4459,0.359947,-0.072531,1.421580,-0.277328,-0.073500,-0.957960
4460,0.350211,-0.082194,1.425140,-0.277328,-0.073500,-0.957960
4461,0.658765,0.808778,2.820540,0.035522,-0.945635,-0.323286
4462,0.454354,0.748452,2.806020,-0.041389,-0.388783,-0.920399
4463,0.449932,0.748097,2.824460,-0.513990,-0.846369,-0.139551
4464,0.451253,0.759203,2.815230,-0.450347,0.502401,-0.738093
4465,0.464022,0.753003,2.818180,0.799894,-0.277627,-0.532064
4466,0.191842,0.740478,3.020770,0.977595,0.000103,-0.210493
4467,0.971752,-0.030079,2.738360,-0.160439,0.959934,-0.229753
4468,0.213870,0.657913,3.005310,0.621390,-0.774224,-0.120215
4469,0.160222,0.674675,3.369650,-0.102967,-0.554497,-0.825791
4470,0.172551,0.682587,3.362800,-0.102967,-0.554497,-0.825791
4471,0.176627,0.669365,3.371170,-0.102967,-0.554497,-0.825791
4472,0.179558,0.525810,3.315460,-0.057540,-0.568129,-0.820926
4473,0.170726,0.535172,3.309600,0.037783,0.186299,-0.981766
4474,0.190567,0.532729,3.309900,0.037783,0.186299,-0.981766
4475,0.181208,0.539562,3.318320,0.110282,0.828180,-0.549505
4476,0.185910,0.476516,3.036850,-0.687985,-0.062510,-0.723027
4477,0.161389,0.558256,3.519300,0.308090,-0.950714,0.034963
4478,0.142991,0.558692,3.519760,-0.741276,0.338156,-0.579794
4479,0.152237,0.567284,3.512950,-0.701406,0.685867,-0.193949
4480,1.735130,1.560060,4.839770,-0.202734,-0.977946,-0.050196
4481,1.243830,2.367050,4.787040,-0.552282,0.612024,-0.566049
4482,1.559970,2.674600,4.751600,-0.418320,-0.126041,-0.899512
4483,1.546390,2.676280,4.757680,-0.418320,-0.126041,-0.899512
4484,1.553380,2.688550,4.752710,-0.418320,-0.126041,-0.899512
4485,1.284910,2.616260,4.826840,-0.028320,-0.972339,0.231850
4486,1.280720,2.612400,4.810140,0.289887,-0.765694,-0.574177
4487,1.294440,2.613350,4.815800,0.289887,-0.765694,-0.574177
4488,1.288610,2.626920,4.814130,0.378029,0.048634,-0.924516
4489,1.050310,2.723890,4.797930,-0.954394,-0.197538,-0.223853
4490,1.061020,2.723550,4.785990,0.128372,-0.137960,-0.982083
4491,1.354040,1.774060,4.831820,0.737422,0.015372,-0.675257
4492,1.947800,1.951280,4.796600,0.005961,-0.891043,-0.453880
4493,1.556040,1.943480,4.858040,0.104523,-0.921978,-0.372869
4494,1.548810,1.948480,4.843650,-0.287845,-0.295432,-0.910969
4495,1.556790,1.956640,4.852350,0.425010,0.432289,-0.795294
4496,1.265850,2.248510,4.667360,-0.419149,-0.621713,-0.661655
4497,1.263470,2.265790,4.672420,-0.743947,0.328517,-0.581910
4498,1.559970,2.431870,4.834520,-0.101582,-0.857727,-0.503970
4499,1.571400,2.443500,4.834350,0.150998,-0.162654,-0.975061
4500,1.575260,2.428320,4.837480,-0.101582,-0.857727,-0.503970
4501,1.457590,1.855760,4.849010,0.341842,-0.514481,-0.786418
4502,1.444180,1.844450,4.850580,0.341842,-0.514481,-0.786418
4503,1.444330,1.858400,4.853550,-0.280824,0.202744,-0.938100
4504,1.450320,1.851420,4.864450,0.648259,-0.755743,0.092806
4505,1.559610,1.853350,4.857310,0.376522,-0.045165,-0.925306
4506,1.850230,1.847630,4.785310,-0.726741,-0.090597,-0.680911
4507,1.862140,1.862520,4.787790,-0.739448,0.630682,-0.235495
4508,1.858100,2.050150,4.767210,-0.414044,-0.227399,-0.881395
4509,1.863130,2.040860,4.778160,0.241281,-0.682523,-0.689889
4510,1.849640,2.040670,4.773630,-0.414044,-0.227399,-0.881395
4511,1.725110,2.138900,4.827520,-0.579085,-0.712283,-0.396628
4512,1.722910,2.147560,4.815180,-0.046969,-0.134544,-0.989794
4513,1.734050,2.138080,4.815940,-0.046969,-0.134544,-0.989794
4514,2.189230,2.237440,4.674610,-0.622227,0.385773,-0.681185
4515,2.196510,2.229900,4.663690,-0.436393,-0.413759,-0.798978
4516,2.181100,2.224680,4.674810,-0.436393,-0.413759,-0.798978
4517,1.052350,2.413120,4.776120,-0.361336,-0.477059,-0.801156
4518,1.041070,2.412120,4.786600,-0.216781,-0.921834,-0.321290
4519,1.043740,2.425680,4.773590,-0.558879,-0.514170,-0.650603
4520,2.126880,2.591610,4.591460,-0.297104,-0.175966,-0.938491
4521,2.121970,2.574620,4.596200,-0.297104,-0.175966,-0.938491
4522,2.114000,2.586850,4.596430,-0.297104,-0.175966,-0.938491
4523,2.183100,2.582870,4.739380,0.347548,-0.326049,-0.879149
4524,1.769030,2.717790,4.723700,-0.266614,0.553825,-0.788793
4525,1.776860,2.703780,4.724530,0.508218,-0.658376,-0.555207
4526,1.764310,2.702500,4.714560,-0.355483,-0.438454,-0.825463
4527,2.014040,2.665500,4.661960,0.073729,0.272764,-0.959252
4528,1.148110,2.239490,4.839710,-0.792369,-0.607636,0.054132
4529,2.086100,2.584980,4.646340,-0.154658,-0.016634,-0.987828
4530,2.072320,2.578890,4.648600,-0.154658,-0.016634,-0.987828
4531,2.082140,2.591120,4.659710,-0.419414,0.771446,-0.478501
4532,2.083970,2.575810,4.658320,0.257112,-0.788902,-0.558146
4533,2.230000,0.816734,3.336880,-0.295651,-0.538294,-0.789196
4534,2.216470,0.819371,3.340150,-0.295651,-0.538294,-0.789196
4535,2.233810,0.828898,3.343070,-0.116828,0.479250,-0.869868
4536,2.226360,0.819233,3.350350,-0.156979,-0.977774,0.138979
4537,1.750980,2.056760,4.783390,-0.370397,0.696561,-0.614498
4538,1.743720,2.122230,4.749640,-0.583985,-0.229870,-0.778538
4539,1.745030,2.126110,4.763570,-0.995619,0.000442,0.093507
4540,1.756570,2.133340,4.758540,0.020593,0.610460,-0.791779
4541,1.755720,2.117410,4.759000,0.065584,-0.850414,-0.522010
4542,2.224020,0.824418,3.251850,-0.875584,0.475972,0.082487
4543,2.150050,0.866683,3.150700,-0.563066,-0.776982,-0.281524
4544,2.153050,0.869741,3.136260,-0.244166,-0.388927,-0.888324
4545,2.165220,0.872876,3.144580,0.588056,-0.357991,-0.725281
4546,2.055260,0.893392,3.252270,-0.299735,-0.714922,-0.631700
4547,2.497540,1.751730,4.718630,0.210440,0.588630,-0.780532
4548,2.487690,1.742230,4.708810,-0.361775,-0.129864,-0.923176
4549,2.484110,1.744750,4.726000,-0.979374,-0.019399,-0.201121
4550,2.485270,1.866660,4.716810,-0.780922,-0.297670,-0.549138
4551,2.484020,1.854480,4.725190,-0.780922,-0.297670,-0.549138
4552,2.475070,1.863220,4.733180,-0.780922,-0.297670,-0.549138
4553,1.422450,2.339260,4.803110,-0.505883,-0.844195,-0.177249
4554,1.427320,2.352740,4.790830,-0.335328,0.001419,-0.942100
4555,1.430990,2.337000,4.789500,-0.047079,-0.734942,-0.676494
4556,2.000460,2.423310,4.858190,-0.532341,-0.171621,-0.828951
4557,1.995910,2.437520,4.858170,-0.532341,-0.171621,-0.828951
4558,2.009530,2.432320,4.850500,-0.532341,-0.171621,-0.828951
4559,1.753690,1.933230,4.784110,-0.538722,-0.753920,-0.376010
4560,1.740870,1.942660,4.783570,-0.784577,0.119579,-0.608391
4561,1.750560,1.942030,4.770950,-0.784577,0.119579,-0.608391
4562,1.633110,1.956580,4.845860,-0.252393,-0.808544,-0.531559
4563,1.631640,1.948420,4.858970,-0.252393,-0.808544,-0.531559
4564,1.629190,1.962780,4.858460,-0.961485,-0.171665,-0.214658
4565,1.734500,1.931420,4.823900,-0.818601,-0.423064,-0.388470
4566,1.725400,1.948780,4.824170,-0.818601,-0.423064,-0.388470
4567,1.739420,1.945120,4.820550,-0.279975,-0.131972,-0.950893
4568,1.849150,2.051400,4.782960,-0.790608,0.380825,-0.479490
4569,1.637620,1.846170,4.873010,-0.896185,0.442752,0.028696
4570,1.638600,1.849400,4.853780,-0.656007,-0.151125,-0.739470
4571,1.632850,1.837270,4.861360,-0.656007,-0.151125,-0.739470
4572,1.444380,1.747220,4.857810,-0.817333,0.256906,-0.515719
4573,1.858050,1.948770,4.780020,0.289514,-0.813592,-0.504232
4574,1.845600,1.948740,4.772920,-0.381970,-0.333568,-0.861877
4575,1.855100,1.956620,4.765660,-0.381970,-0.333568,-0.861877
4576,1.358430,1.953870,4.817940,0.061039,-0.789538,-0.610658
4577,1.363320,1.945980,4.828630,0.061039,-0.789538,-0.610658
4578,1.349320,1.946460,4.826610,0.061039,-0.789538,-0.610658
4579,1.734540,1.942350,4.834390,-0.791433,-0.421745,0.442453
4580,1.642510,1.958780,4.862840,0.711326,-0.629722,-0.312195
4581,0.998826,2.311770,4.653830,-0.983824,0.150494,0.097167
4582,0.997344,2.311250,4.639630,-0.721681,-0.461119,-0.516281
4583,0.996573,2.297700,4.652810,-0.721681,-0.461119,-0.516281
4584,1.010070,2.305310,4.647840,0.131596,-0.695026,-0.706839
4585,1.161840,2.299350,4.771360,-0.315777,0.715839,-0.622784
4586,1.171280,2.295110,4.761700,0.025868,-0.177685,-0.983747
4587,1.157190,2.289460,4.762350,0.025868,-0.177685,-0.983747
4588,1.171450,2.290060,4.776020,0.340471,-0.885456,-0.316301
4589,0.860591,2.570350,4.674990,0.289293,-0.457592,-0.840785
4590,0.850766,2.560280,4.677090,-0.284650,-0.824348,-0.489311
4591,0.844568,2.572460,4.681030,-0.857428,-0.301389,-0.417111
4592,1.359110,2.052490,4.823140,-0.039572,-0.728461,-0.683943
4593,1.348380,2.046050,4.830620,-0.039572,-0.728461,-0.683943
4594,1.350210,2.060300,4.831300,-0.613956,0.116102,-0.780755
4595,1.256090,2.063710,4.811210,-0.329712,-0.618449,-0.713309
4596,1.253790,2.076270,4.818350,-0.818359,0.163368,-0.550998
4597,1.269550,2.071940,4.816050,0.504990,-0.366276,-0.781554
4598,1.259730,2.067490,4.828540,-0.320151,-0.909374,0.265596
4599,0.850505,1.556290,4.735520,0.435148,-0.369521,-0.821036
4600,0.863148,1.567890,4.737000,0.435148,-0.369521,-0.821036
4601,0.855577,1.561980,4.751290,0.671985,-0.738844,0.050457
4602,-0.006899,0.214005,4.712080,-0.230807,0.971871,-0.046845
4603,1.268210,2.277950,4.753160,-0.483309,-0.092845,-0.870513
4604,1.256690,2.286350,4.758660,-0.483309,-0.092845,-0.870513
4605,1.266750,2.295770,4.752070,-0.483309,-0.092845,-0.870513
4606,0.949310,2.047710,4.746540,0.761425,-0.647972,-0.019080
4607,2.495700,1.736850,4.720430,0.178047,-0.840425,-0.511845
4608,1.148480,2.045490,4.819730,-0.160726,-0.835470,-0.525506
4609,1.142900,2.050070,4.836540,0.186621,-0.930412,0.315445
4610,1.134660,2.044620,4.825340,-0.160726,-0.835470,-0.525506
4611,0.946492,1.947450,4.730560,-0.403951,-0.220920,-0.887704
4612,0.955088,1.942390,4.742310,0.105057,-0.883150,-0.457175
4613,0.944893,1.952660,4.747610,-0.991110,0.068689,-0.113939
4614,1.021170,2.586730,4.749230,-0.667959,0.432731,-0.605454
4615,1.139030,2.058700,4.822950,-0.373567,-0.041355,-0.926681
4616,1.138470,1.958270,4.824860,-0.152419,-0.189148,-0.970047
4617,1.148840,1.944580,4.825900,-0.152419,-0.189148,-0.970047
4618,1.134160,1.944460,4.828230,-0.152419,-0.189148,-0.970047
4619,0.998124,2.410760,4.734000,0.165150,0.316751,-0.934021
4620,0.999028,2.395870,4.736760,0.722075,-0.083459,-0.686762
4621,0.979737,2.375850,4.718910,-0.163400,-0.632980,-0.756727
4622,1.146730,1.845140,4.838950,-0.723201,-0.689770,-0.034614
4623,1.146000,1.664670,4.845630,-0.951464,0.203757,-0.230651
4624,1.149590,1.662790,4.829160,-0.569694,-0.368594,-0.734566
4625,1.145070,1.651860,4.838150,-0.569694,-0.368594,-0.734566
4626,1.159530,1.654590,4.840190,0.226393,-0.672880,-0.704258
4627,1.337790,2.412350,4.808300,-0.727512,-0.114057,-0.676548
4628,1.353930,2.412920,4.808560,0.670308,-0.083627,-0.737356
4629,1.345340,2.400850,4.802120,-0.065303,-0.665920,-0.743159
4630,1.347010,2.402750,4.819030,0.024758,-0.993711,0.109208
4631,1.768880,2.668230,4.763870,-0.700898,0.148410,-0.697651
4632,1.775220,2.658450,4.755420,-0.700898,0.148410,-0.697651
4633,1.776460,2.657470,4.769750,-0.825446,-0.563522,0.032889
4634,1.146840,2.421440,4.805830,0.149977,0.065531,-0.986515
4635,1.158520,2.399250,4.796390,0.496718,-0.410644,-0.764619
4636,1.133340,2.428250,4.804230,0.149977,0.065531,-0.986515
4637,1.143300,2.395700,4.801640,-0.083261,-0.696722,-0.712493
4638,2.064800,0.904278,3.254990,0.448499,-0.173995,-0.876684
4639,2.068310,0.897158,3.275980,0.579061,-0.792136,-0.192896
4640,2.186890,0.856045,3.362530,0.257277,-0.875549,-0.408928
4641,2.152020,0.882677,3.143910,-0.463636,0.423369,-0.778332
4642,1.661090,0.744425,2.882360,0.535609,0.282853,-0.795687
4643,2.039690,0.879285,3.045190,-0.251657,-0.028327,-0.967402
4644,2.047340,0.868687,3.052530,0.568288,-0.150106,-0.809023
4645,2.036580,0.860127,3.046560,-0.251657,-0.028327,-0.967402
4646,1.748240,0.825002,2.896720,-0.936008,0.294102,0.193375
4647,2.065040,0.877635,3.122800,-0.579316,-0.474442,-0.662796
4648,2.052780,0.881904,3.130460,-0.579316,-0.474442,-0.662796
4649,2.063280,0.892509,3.128320,-0.442685,0.265472,-0.856478
4650,2.064290,0.876747,3.138720,-0.366240,-0.927958,-0.069014
4651,1.654830,0.841888,2.866270,-0.486824,0.438973,-0.755186
4652,1.644640,0.653506,2.892980,-0.802985,-0.595705,-0.018736
4653,1.640260,0.659790,2.880900,-0.655016,0.049876,-0.753967
4654,1.647750,0.649919,2.873740,-0.655016,0.049876,-0.753967
4655,1.814120,0.860532,2.888040,0.053116,0.174680,-0.983192
4656,1.818420,0.851417,2.900750,0.768803,-0.367281,-0.523495
4657,1.807410,0.863727,2.902790,-0.716603,0.538948,-0.442735
4658,1.994690,0.894756,3.164090,-0.765994,-0.069368,-0.639094
4659,2.002420,0.883563,3.156040,-0.765994,-0.069368,-0.639094
4660,1.992740,0.877041,3.168350,-0.765994,-0.069368,-0.639094
4661,2.033120,0.871278,3.056530,-0.892366,0.113628,-0.436775
4662,2.134570,0.876250,3.064530,-0.478666,0.314893,-0.819586
4663,1.942620,0.868569,2.959260,-0.003857,0.428479,-0.903544
4664,1.942290,0.849389,2.964080,-0.024840,-0.804480,-0.593460
4665,1.935290,0.857137,2.953870,-0.346231,-0.223247,-0.911200
4666,1.933180,0.860696,2.967880,-0.989376,-0.019394,-0.144080
4667,1.744710,0.758500,2.888220,0.421017,-0.803429,-0.421006
4668,1.654380,0.659550,2.883220,0.134366,0.646617,-0.750888
4669,2.230450,0.754700,3.252730,-0.147209,-0.832946,-0.533414
4670,2.230740,0.746932,3.264780,-0.147209,-0.832946,-0.533414
4671,2.221950,0.758251,3.264420,-0.732441,-0.580126,-0.356349
4672,2.241600,0.756007,3.262500,0.502466,-0.721131,-0.476968
4673,1.639830,0.564261,2.889370,-0.759030,0.270173,-0.592352
4674,1.369690,0.443358,2.818540,0.253282,-0.846607,-0.468086
4675,1.153540,0.353166,2.784250,0.185859,0.735293,-0.651767
4676,1.312720,0.240490,2.801060,-0.922857,0.350207,-0.160282
4677,1.350650,0.129545,2.814660,-0.492846,-0.839056,-0.230407
4678,1.363660,0.124288,2.807250,0.199591,-0.561947,-0.802732
4679,1.325460,0.260320,2.811520,-0.866572,0.397752,0.301406
4680,1.032870,0.250713,2.795910,-0.872814,-0.191017,-0.449120
4681,1.025910,0.255594,2.807360,-0.872814,-0.191017,-0.449120
4682,1.038640,0.261392,2.804610,-0.439967,0.698008,-0.564991
4683,1.036850,0.251189,2.815370,-0.440574,-0.890716,0.111894
4684,1.079230,0.360968,2.796090,-0.438741,0.454532,-0.775182
4685,1.074530,0.345397,2.789620,-0.838943,-0.306948,-0.449396
4686,1.066380,0.353749,2.799130,-0.838943,-0.306948,-0.449396
4687,0.179755,0.251521,3.454540,0.195252,-0.652158,-0.732507
4688,0.161220,0.244871,3.455520,0.195252,-0.652158,-0.732507
4689,0.166638,0.259130,3.456430,-0.086988,0.096332,-0.991541
4690,0.170811,0.248794,3.465210,0.339449,-0.939576,0.044406
4691,0.216275,0.146234,3.027730,0.881785,-0.421482,-0.211679
4692,0.211827,0.163947,2.993070,0.222592,0.737542,-0.637561
4693,0.439080,0.050622,2.835700,-0.921606,-0.388124,-0.001302
4694,-0.005694,-0.055941,2.088170,0.951902,0.026094,-0.305290
4695,0.350877,0.552120,2.826990,-0.737608,-0.667706,-0.100512
4696,0.350647,0.555171,2.808410,-0.019982,-0.669563,-0.742487
4697,0.359608,0.543759,2.818460,-0.019982,-0.669563,-0.742487
4698,0.863492,-0.034937,2.657020,-0.294200,0.857531,-0.422005
4699,0.203578,0.775622,2.826500,0.251772,-0.928340,-0.273489
4700,0.241967,0.759833,2.797790,-0.245269,0.875031,-0.417329
4701,0.268237,0.747616,2.821240,0.613003,0.727753,-0.307575
4702,0.195233,0.763233,2.994720,-0.535084,0.670979,-0.513296
4703,-0.471667,-0.079769,1.737970,0.843660,-0.007057,-0.536831
4704,-0.482277,-0.070422,1.735140,0.198610,-0.070521,-0.977538
4705,-0.472525,-0.059868,1.736360,0.843660,-0.007057,-0.536831
4706,-0.343521,-0.083951,1.569570,0.265337,-0.713482,-0.648491
4707,-0.344102,-0.074051,1.558440,0.482590,0.208206,-0.850739
4708,-0.331047,-0.075586,1.565470,0.482590,0.208206,-0.850739
4709,-0.338131,-0.068423,1.753110,-0.380978,0.485010,-0.787160
4710,-0.323517,-0.067593,1.760980,0.003776,0.993725,-0.111788
4711,-0.321769,-0.069447,1.744560,-0.380978,0.485010,-0.787160
4712,0.049700,-0.075045,1.458010,0.035935,0.150946,-0.987889
4713,0.039865,-0.083292,1.467640,-0.053816,-0.730642,-0.680636
4714,0.035149,-0.073675,1.457690,0.035935,0.150946,-0.987889
4715,0.037618,-0.067720,1.470810,0.094075,0.899754,-0.426138
4716,-0.554090,-0.074885,1.566130,0.196549,0.978902,0.055849
4717,-0.454112,-0.070982,1.462840,0.348495,0.905737,-0.241228
4718,-0.438102,-0.077837,1.460230,0.699207,0.242434,-0.672559
4719,-0.448999,-0.076537,1.449370,0.699207,0.242434,-0.672559
4720,-0.450000,-0.087841,1.459840,0.526200,-0.602457,-0.600132
4721,-0.328213,-0.078595,1.753320,-0.436966,-0.442247,-0.783249
4722,-0.252231,-0.080030,1.355820,0.917301,0.358673,0.172950
4723,-0.549222,-0.083559,0.948817,-0.066486,0.604317,-0.793965
4724,-0.542286,-0.093251,0.940859,0.275219,-0.005197,-0.961367
4725,-0.547665,-0.103449,0.949370,0.031707,-0.650237,-0.759069
4726,-0.539667,-0.092655,0.954936,0.980060,0.071553,-0.185370
4727,-0.456517,-0.094347,1.047980,-0.361758,-0.871391,-0.331375
4728,-0.625575,-0.086147,0.876486,0.074792,0.734692,-0.674265
4729,-0.619719,-0.095421,0.867030,0.329899,0.102850,-0.938397
4730,-0.628316,-0.105155,0.873439,-0.100837,-0.483458,-0.869540
4731,-0.715054,-0.082834,0.985347,0.381841,0.011870,-0.924152
4732,-0.702260,-0.093830,0.990492,0.381841,0.011870,-0.924152
4733,-0.717873,-0.098813,0.983977,0.381841,0.011870,-0.924152
4734,-0.746814,-0.089892,1.059290,-0.457837,0.439517,-0.772794
4735,-0.545207,-0.101624,0.840644,0.159692,0.205150,-0.965615
4736,-0.560338,-0.098803,0.838741,0.159692,0.205150,-0.965615
4737,-0.552370,-0.086117,0.842754,0.159692,0.205150,-0.965615
4738,-0.616477,-0.098109,0.880885,0.964372,-0.099767,-0.245015
4739,-0.648904,-0.095604,1.250460,0.082604,-0.612848,-0.785872
4740,-0.817739,-0.099385,1.157880,0.617802,-0.696876,-0.364259
4741,0.192172,0.790888,2.797770,-0.707501,0.566601,-0.422381
4742,-0.976072,-0.071339,1.855350,0.445683,-0.041611,-0.894223
4743,-0.966796,-0.060955,1.859490,0.445683,-0.041611,-0.894223
4744,-0.966221,-0.080584,1.860690,0.445683,-0.041611,-0.894223
4745,-0.444529,-0.066096,1.542090,-0.151291,0.591942,-0.791654
4746,-0.348155,-0.069283,1.571970,0.247361,0.934677,-0.255325
4747,0.058995,-0.082573,1.157010,0.866877,0.494209,-0.065438
4748,-0.436469,-0.072567,1.651820,0.933798,0.351407,-0.067337
4749,-0.251105,-0.073314,1.566140,-0.764720,-0.006100,-0.644334
4750,-0.133975,-0.056316,1.736060,-0.377976,-0.017244,-0.925655
4751,-0.124323,-0.066045,1.732300,-0.377976,-0.017244,-0.925655
4752,-0.133357,-0.076304,1.736180,-0.377976,-0.017244,-0.925655
4753,0.065768,-0.064312,1.752410,0.997170,-0.011170,-0.074347
4754,-0.256231,-0.058031,1.767310,-0.258600,0.556156,-0.789820
4755,-0.253810,-0.069076,1.758740,-0.080052,-0.101075,-0.991653
4756,-0.256968,-0.077898,1.769400,-0.304782,-0.687452,-0.659180
4757,-0.246599,-0.068066,1.770920,0.860472,-0.084710,-0.502407
4758,-0.235028,-0.071093,1.635340,-0.294133,-0.015803,-0.955634
4759,-0.221228,-0.070941,1.631090,-0.294133,-0.015803,-0.955634
4760,-0.225730,-0.080874,1.640560,-0.225464,-0.616781,-0.754153
4761,-0.226023,-0.060920,1.640320,-0.243242,0.591599,-0.768663
4762,-0.050971,-0.060207,1.636040,0.117749,0.705775,-0.698582
4763,-0.156886,-0.069767,1.649960,0.088686,0.551837,-0.829223
4764,-0.150511,-0.059582,1.657420,0.088686,0.551837,-0.829223
4765,-0.142263,-0.069533,1.651680,0.088686,0.551837,-0.829223
4766,0.039984,-0.071169,1.562320,-0.518665,0.007428,-0.854945
4767,-0.053615,-0.072634,1.536250,-0.717458,0.079192,-0.692086
4768,-0.474478,-0.069137,1.746880,0.970416,0.060743,0.233673
4769,-0.564742,-0.069576,1.820570,0.718692,0.007183,-0.695291
4770,-0.558204,-0.058740,1.827440,0.718692,0.007183,-0.695291
4771,-0.556912,-0.078631,1.828570,0.718692,0.007183,-0.695291
4772,-0.640491,-0.068244,1.829130,0.001271,0.998868,-0.047551
4773,-1.254140,-0.064504,1.875340,0.291949,0.894881,-0.337571
4774,-0.938059,-0.086630,1.646380,0.233287,-0.089223,-0.968306
4775,-0.947988,-0.076256,1.654460,-0.656165,-0.041145,-0.753495
4776,-0.937432,-0.068060,1.644820,0.233287,-0.089223,-0.968306
4777,-0.732577,-0.076169,2.037120,0.291048,-0.000135,-0.956709
4778,-0.742000,-0.066279,2.042550,-0.505064,-0.007366,-0.863050
4779,-0.732765,-0.056248,2.037060,0.291048,-0.000135,-0.956709
4780,-0.933636,-0.076630,1.655770,0.926876,-0.062392,-0.370146
4781,-0.848776,-0.070774,1.866420,-0.865383,-0.022145,-0.500621
4782,-0.844029,-0.060506,1.857760,-0.251337,0.003858,-0.967892
4783,-0.843373,-0.080489,1.857510,-0.251337,0.003858,-0.967892
4784,-0.834997,-0.070277,1.862840,0.512525,0.027561,-0.858230
4785,-0.728152,-0.066134,2.046430,0.900127,0.007183,-0.435568
4786,-0.554588,-0.079142,1.431010,-0.029291,0.464610,-0.885031
4787,-0.546272,-0.068864,1.436130,-0.029291,0.464610,-0.885031
4788,-0.538048,-0.078975,1.430550,-0.029291,0.464610,-0.885031
4789,-0.229448,-0.053777,1.931480,0.351668,0.798868,-0.487996
4790,0.019330,-0.061025,1.872530,-0.678854,-0.062727,-0.731589
4791,-0.028825,-0.044779,2.238280,-0.083962,0.589779,-0.803188
4792,-0.035165,-0.055501,2.231070,-0.359398,-0.068127,-0.930694
4793,-0.036281,-0.054786,2.245360,-0.995727,-0.053748,-0.075095
4794,-0.027831,-0.064704,2.239360,-0.020662,-0.678175,-0.734610
4795,-0.668579,-0.056938,2.345190,0.864089,-0.491625,0.107956
4796,0.266899,0.143602,2.836850,-0.592825,-0.805298,0.007343
4797,0.255616,0.151800,2.825000,-0.505837,-0.293061,-0.811323
4798,0.268383,0.142360,2.820450,-0.505837,-0.293061,-0.811323
4799,0.354758,0.254061,2.820480,0.049218,0.574762,-0.816839
4800,0.353520,0.240101,2.823780,0.668966,-0.226663,-0.707890
4801,0.344643,0.245320,2.813720,0.049218,0.574762,-0.816839
4802,0.269498,0.257201,2.822480,0.026856,0.630035,-0.776102
4803,0.264009,0.246139,2.813310,-0.649034,-0.079412,-0.756603
4804,0.254322,0.255569,2.820630,-0.649034,-0.079412,-0.756603
4805,0.261472,0.248362,2.832180,-0.701512,-0.712582,-0.010369
4806,0.269917,0.155279,2.827920,0.056722,0.494701,-0.867210
4807,0.347608,0.249593,2.832860,-0.621631,0.779446,-0.077714
4808,0.346613,0.659265,2.812450,-0.142104,0.339375,-0.929855
4809,0.208339,0.444882,2.916670,0.168496,0.660239,-0.731911
4810,0.181974,0.559058,3.168840,0.023480,-0.950150,-0.310908
4811,0.049708,-0.056991,2.076070,-0.375615,-0.098041,-0.921575
4812,0.057454,-0.047014,2.084630,0.025458,0.639474,-0.768391
4813,0.060335,-0.064229,2.088490,0.201430,-0.761489,-0.616085
4814,0.047524,-0.056508,2.091090,-0.980643,-0.138781,-0.138130
4815,0.165863,-0.062491,1.802250,0.353486,0.109288,-0.929034
4816,0.152403,-0.064010,1.796950,0.353486,0.109288,-0.929034
4817,0.154401,-0.054425,1.807700,0.184162,0.716380,-0.672966
4818,0.157108,-0.073982,1.806430,0.359215,-0.548384,-0.755143
4819,1.114840,-0.025801,2.741770,-0.834995,0.549759,0.023413
4820,1.053420,-0.026392,2.749740,-0.989681,-0.086998,-0.113852
4821,1.325360,0.148614,2.802170,-0.510886,-0.828277,-0.230112
4822,0.665965,-0.048670,2.578190,-0.941892,0.134319,-0.307891
4823,0.670978,-0.038801,2.567160,-0.244076,0.272473,-0.930691
4824,0.670089,-0.056129,2.562320,-0.244076,0.272473,-0.930691
4825,0.573815,-0.058189,2.551150,-0.248194,-0.320477,-0.914163
4826,0.678779,-0.049877,2.571860,0.671922,0.167060,-0.721534
4827,0.458090,-0.011479,2.869180,-0.943794,0.011404,-0.330336
4828,0.462584,-0.015254,2.856210,-0.491711,-0.168585,-0.854283
4829,0.473758,-0.021743,2.862190,0.043553,-0.635447,-0.770916
4830,0.454080,0.140686,2.831070,0.001955,-0.567277,-0.823525
4831,0.439918,0.139200,2.832060,0.001955,-0.567277,-0.823525
4832,0.442176,0.150807,2.824070,0.001955,-0.567277,-0.823525
4833,0.574734,-0.038034,2.752140,-0.620172,0.133212,-0.773072
4834,0.580163,-0.049730,2.760490,0.076622,-0.555540,-0.827952
4835,0.565047,-0.048313,2.758140,-0.620172,0.133212,-0.773072
4836,0.576959,-0.036295,2.767220,-0.719795,0.693692,0.026208
4837,0.471225,-0.007951,2.864850,0.132192,0.687889,-0.713677
4838,0.761445,0.134092,2.833860,0.572525,-0.038059,-0.819003
4839,0.762439,0.254186,2.822720,-0.550464,0.463844,-0.694146
4840,0.757591,0.247228,2.837440,-0.855704,-0.298305,-0.422830
4841,0.754887,0.260952,2.833230,-0.550464,0.463844,-0.694146
4842,1.078320,0.348264,2.806470,-0.529274,-0.808704,0.256647
4843,1.043370,0.743917,2.781990,-0.075592,-0.458566,-0.885440
4844,1.057700,0.745317,2.783260,0.118492,-0.381066,-0.916923
4845,1.056760,0.731959,2.788690,-0.049369,-0.529707,-0.846743
4846,1.368800,0.836152,2.817540,-0.391551,-0.451385,-0.801835
4847,1.379270,0.824352,2.819070,-0.391551,-0.451385,-0.801835
4848,1.373790,0.830635,2.832550,-0.748314,-0.663326,0.004964
4849,1.384510,0.838871,2.822680,0.287508,0.132102,-0.948624
4850,0.946240,0.351129,2.807980,-0.876684,0.034024,-0.479861
4851,0.940143,0.343387,2.818570,-0.876684,0.034024,-0.479861
4852,0.940350,0.357606,2.819200,-0.876684,0.034024,-0.479861
4853,1.247020,0.439681,2.772070,-0.540654,-0.812371,-0.218509
4854,1.088380,0.260040,2.792200,-0.381561,0.477585,-0.791406
4855,1.087390,0.244114,2.798830,0.030927,-0.385781,-0.922072
4856,1.073740,0.252652,2.794800,-0.381561,0.477585,-0.791406
4857,1.156230,0.440162,2.782150,-0.137796,-0.837394,-0.528946
4858,1.142210,0.441351,2.783920,-0.855306,-0.131699,-0.501106
4859,1.147910,0.447595,2.772550,-0.855306,-0.131699,-0.501106
4860,1.150540,0.449255,2.792230,-0.705877,0.707486,0.034656
4861,1.209850,-0.037517,2.339440,-0.840276,0.541503,0.026672
4862,0.956343,0.053256,2.843710,-0.244894,0.954063,-0.172601
4863,0.956319,0.450642,2.823350,-0.961599,0.246388,0.120912
4864,0.953371,0.448706,2.803850,-0.525530,0.010481,-0.850710
4865,0.961286,0.440372,2.813550,-0.158521,-0.809134,-0.565838
4866,1.017230,0.456638,2.803670,-0.788090,-0.126854,-0.602347
4867,1.033020,0.457661,2.801390,-0.209881,0.523632,-0.825688
4868,1.021110,0.845563,2.825810,0.381716,-0.550852,-0.742196
4869,1.084550,0.256918,2.806650,-0.438197,0.895546,0.077343
4870,1.024380,0.343110,2.802500,-0.094375,-0.082866,-0.992082
4871,1.026760,0.358597,2.800980,-0.094375,-0.082866,-0.992082
4872,1.039730,0.349692,2.800490,-0.094375,-0.082866,-0.992082
4873,1.010950,0.736392,2.810130,-0.954075,0.269942,0.129891
4874,1.011500,0.744726,2.796850,-0.806910,0.409744,-0.425448
4875,1.006830,0.730535,2.792040,-0.671368,-0.562892,-0.482097
4876,0.853279,0.554556,2.814430,-0.791784,-0.097324,-0.602997
4877,0.861123,0.546652,2.823500,-0.005329,-0.756171,-0.654352
4878,0.846800,0.546052,2.824310,-0.791784,-0.097324,-0.602997
4879,0.854462,0.553345,2.834310,-0.742726,0.664223,0.084659
4880,1.074300,0.441583,2.794990,-0.163956,-0.432623,-0.886541
4881,0.963963,0.454392,2.811750,0.190490,0.657711,-0.728787
4882,0.768812,0.260552,2.837630,0.166333,0.879198,-0.446480
4883,1.037210,-0.053592,2.016690,-0.872462,0.008711,-0.488605
4884,1.037600,-0.033601,2.016350,-0.872462,0.008711,-0.488605
4885,1.042370,-0.043844,2.007650,-0.872462,0.008711,-0.488605
4886,0.542649,-0.081304,1.356090,-0.238803,-0.640883,-0.729549
4887,0.861802,-0.072867,1.439630,-0.169468,-0.617666,-0.767964
4888,0.852425,-0.063145,1.433880,-0.238775,-0.000257,-0.971075
4889,0.866496,-0.062704,1.430420,-0.238775,-0.000257,-0.971075
4890,0.861212,-0.052967,1.439770,-0.206066,0.617262,-0.759292
4891,0.451463,-0.078974,1.342800,-0.042198,0.392255,-0.918888
4892,0.445565,-0.075932,1.356060,-0.880734,0.187727,-0.434817
4893,0.451499,-0.064306,1.349060,-0.042198,0.392255,-0.918888
4894,0.553114,-0.073368,1.257230,0.817987,-0.352003,-0.454963
4895,0.459845,-0.073429,1.359100,0.837663,0.212648,-0.503092
4896,1.243110,-0.047775,1.813620,-0.980420,0.082371,0.178864
4897,0.641720,-0.060163,1.737490,-0.987971,-0.154126,-0.012603
4898,0.552310,-0.055560,1.532450,-0.092963,0.615716,-0.782465
4899,0.551050,-0.075477,1.533300,-0.173892,-0.663329,-0.727843
4900,0.543964,-0.065335,1.525750,-0.460377,-0.008819,-0.887680
4901,0.544538,-0.064767,1.539880,-0.997184,0.064708,0.037909
4902,0.248183,-0.057983,1.649180,0.004983,0.513527,-0.858059
4903,0.253414,-0.069279,1.642450,0.004983,0.513527,-0.858059
4904,0.247039,-0.077753,1.651820,-0.813352,-0.030516,-0.580972
4905,0.256395,-0.067617,1.656190,0.818124,0.522253,-0.240678
4906,1.069040,0.548807,2.794080,-0.240817,-0.846115,-0.475497
4907,0.904807,0.807635,2.798680,0.615068,0.139965,-0.775952
4908,1.016260,0.658116,2.801940,0.728031,-0.220703,-0.649046
4909,0.996588,0.630396,2.789300,-0.402131,-0.345285,-0.847979
4910,1.006510,0.657391,2.791250,-0.026814,0.081823,-0.996286
4911,1.018980,0.732863,2.798990,0.041161,-0.863602,-0.502491
4912,0.998245,0.627208,2.808840,-0.996509,-0.009822,0.082902
4913,0.997428,0.655404,2.802360,-0.950718,0.168020,-0.260586
4914,0.945336,0.556517,2.812490,-0.862202,-0.025728,-0.505910
4915,0.951498,0.548226,2.802410,-0.862202,-0.025728,-0.505910
4916,0.944884,0.542169,2.813990,-0.862202,-0.025728,-0.505910
4917,0.938536,0.732481,2.799660,-0.482977,-0.394924,-0.781516
4918,0.941769,0.744394,2.807860,-0.571992,0.564720,-0.594909
4919,0.952885,0.734653,2.806750,0.442903,-0.502753,-0.742345
4920,0.941567,0.733811,2.818240,-0.706904,-0.687900,0.164560
4921,0.169743,0.376908,3.364090,0.294326,-0.027213,-0.955318
4922,0.184658,0.368665,3.368920,0.294326,-0.027213,-0.955318
4923,0.170761,0.360185,3.364880,0.294326,-0.027213,-0.955318
4924,0.174471,0.532036,3.218820,-0.718018,0.099473,-0.688880
4925,0.184655,0.534285,3.208530,-0.718018,0.099473,-0.688880
4926,0.185069,0.522558,3.217310,-0.551846,-0.512209,-0.658110
4927,0.184357,0.542159,3.220880,-0.595034,0.671095,-0.442229
4928,1.052330,-0.054055,1.849690,-0.108952,-0.922331,-0.370723
4929,1.046060,-0.048604,1.837970,-0.262839,-0.322192,-0.909455
4930,1.059870,-0.048635,1.833990,-0.262839,-0.322192,-0.909455
4931,0.200297,0.553748,3.033420,0.799052,0.339291,-0.496384
4932,0.193319,0.551265,3.020490,0.220145,0.461873,-0.859191
4933,0.191881,0.564600,3.027290,0.220145,0.461873,-0.859191
4934,0.181214,0.554093,3.028720,-0.464826,0.361929,-0.808050
4935,0.752435,-0.055697,1.733110,0.222307,-0.002481,-0.974974
4936,0.744316,-0.066426,1.739440,0.242744,-0.622583,-0.743953
4937,0.738514,-0.057336,1.729940,0.222307,-0.002481,-0.974974
4938,1.054170,-0.037528,1.842210,-0.239552,0.495130,-0.835141
4939,0.858691,-0.060764,1.850560,-0.433605,-0.436220,-0.788478
4940,0.849513,-0.048080,1.848590,-0.433605,-0.436220,-0.788478
4941,0.863670,-0.050060,1.841900,-0.433605,-0.436220,-0.788478
4942,0.742117,-0.046681,1.738890,0.104429,0.618709,-0.778649
4943,1.152180,0.818374,2.769530,-0.320592,-0.518646,-0.792608
4944,1.161150,0.806747,2.773510,-0.320592,-0.518646,-0.792608
4945,1.146990,0.807553,2.778710,-0.320592,-0.518646,-0.792608
4946,1.306300,-0.030089,2.631800,-0.968506,-0.222287,-0.112185
4947,1.452590,0.122134,2.830620,-0.755865,0.475580,-0.449991
4948,1.444020,0.110188,2.832390,-0.755865,0.475580,-0.449991
4949,1.451340,0.116195,2.843770,-0.783659,0.590683,0.192281
4950,1.457430,0.109230,2.826180,-0.405669,0.157626,-0.900326
4951,0.360433,0.557897,2.818280,0.716170,-0.050653,-0.696085
4952,-0.599861,-0.056237,2.300960,-0.254641,0.006622,-0.967013
4953,-1.025600,-0.002991,4.597230,0.548663,0.737255,-0.394238
4954,-1.029770,-0.016260,4.609600,0.973733,-0.192191,0.122095
4955,-1.668450,-0.028295,4.541180,-0.055664,0.801009,-0.596059
4956,-1.747970,0.145673,4.574930,0.537363,0.504904,-0.675510
4957,-1.755270,0.151205,4.589250,-0.235178,0.860329,-0.452245
4958,-1.741570,0.152963,4.585470,0.537363,0.504904,-0.675510
4959,-1.939660,0.068896,4.570540,0.875184,-0.055626,-0.480582
4960,-1.940620,0.053792,4.570540,0.875184,-0.055626,-0.480582
4961,-1.946270,0.062179,4.559280,0.875184,-0.055626,-0.480582
4962,-1.754010,0.246346,4.573900,0.099091,-0.600083,-0.793776
4963,-1.764310,0.236563,4.580010,0.099091,-0.600083,-0.793776
4964,-1.764520,0.250620,4.582590,-0.597848,0.136060,-0.789978
4965,-1.658250,0.046512,4.575970,0.301125,-0.051167,-0.952211
4966,-1.646120,0.057789,4.579200,0.301125,-0.051167,-0.952211
4967,-1.644090,0.042565,4.580660,0.301125,-0.051167,-0.952211
4968,-1.853790,0.243239,4.568270,0.822682,-0.194485,-0.534200
4969,-1.855980,0.244535,4.588110,0.744907,0.666043,0.038717
4970,-1.848180,0.236316,4.579430,0.822682,-0.194485,-0.534200
4971,-1.145010,0.130966,4.620960,-0.161097,-0.272954,-0.948443
4972,-1.154550,0.142712,4.619200,-0.161097,-0.272954,-0.948443
4973,-1.140550,0.147410,4.615470,-0.161097,-0.272954,-0.948443
4974,-2.043360,0.458528,4.555630,0.779338,0.234123,-0.581222
4975,-2.049700,0.452076,4.544530,0.779338,0.234123,-0.581222
4976,-2.057480,0.457634,4.554970,-0.032384,0.872030,-0.488380
4977,-2.050460,0.449701,4.564370,0.753710,-0.655335,-0.049577
4978,-1.758150,0.242827,4.592740,0.694200,-0.719553,0.018147
4979,-1.842580,0.063963,4.575060,0.512899,0.108359,-0.851583
4980,-1.842740,0.049552,4.573130,0.512899,0.108359,-0.851583
4981,-1.854940,0.053544,4.566290,0.512899,0.108359,-0.851583
4982,-2.679540,0.857991,4.488090,0.464573,0.052717,-0.883964
4983,-2.682130,0.863437,4.506340,0.747211,0.658406,-0.090433
4984,-2.683220,0.848718,4.500450,0.484910,-0.762750,-0.427873
4985,-2.354820,1.054890,4.527590,0.967752,-0.202615,0.149679
4986,-2.139120,0.260527,4.555350,0.836738,-0.041493,-0.546030
4987,-2.141790,0.246821,4.552300,0.836738,-0.041493,-0.546030
4988,-2.146860,0.257095,4.543750,0.836738,-0.041493,-0.546030
4989,-2.558740,1.936520,4.470370,0.576785,-0.076174,-0.813337
4990,-2.547600,1.949440,4.477060,0.576785,-0.076174,-0.813337
4991,-2.546960,1.934960,4.478870,0.576785,-0.076174,-0.813337
4992,-2.038150,0.058295,4.562350,0.828514,0.200227,-0.522947
4993,-2.046580,0.047986,4.568670,0.732110,-0.670916,-0.117846
4994,-2.044680,0.053321,4.550100,0.828514,0.200227,-0.522947
4995,-2.141520,0.058328,4.547740,0.797561,0.180829,-0.575498
4996,-2.134850,0.065000,4.559080,0.797561,0.180829,-0.575498
4997,-2.142850,0.055794,4.567360,0.737537,-0.674286,-0.037108
4998,-2.149560,0.065088,4.558090,0.040332,0.850651,-0.524182
4999,-1.862240,0.237054,4.577830,0.016245,-0.845982,-0.532963
5000,-2.357310,0.067766,4.538750,0.180989,0.858954,-0.478999
5001,-2.341880,0.066382,4.542100,0.812878,0.257902,-0.522223
5002,-2.348440,0.060432,4.528950,0.812878,0.257902,-0.522223
5003,-2.250340,0.054374,4.541940,0.794884,0.216590,-0.566788
5004,-2.243120,0.061372,4.554740,0.794884,0.216590,-0.566788
5005,-2.252430,0.048197,4.556920,0.799433,-0.586460,-0.130274
5006,-2.053400,0.251110,4.547450,0.769787,-0.173374,-0.614304
5007,-2.053390,0.252332,4.567350,0.752513,0.657316,-0.040742
5008,-2.046680,0.244062,4.557860,0.769787,-0.173374,-0.614304
5009,-2.051590,0.145048,4.564920,0.811360,-0.002812,-0.584539
5010,-2.059280,0.150458,4.554220,0.811360,-0.002812,-0.584539
5011,-2.060340,0.151462,4.574140,0.584441,0.811377,-0.009795
5012,-2.060940,0.244007,4.557880,0.002403,-0.827341,-0.561695
5013,-1.936150,0.155510,4.573050,0.821540,-0.101360,-0.561068
5014,-1.937430,0.141316,4.573740,0.821540,-0.101360,-0.561068
5015,-1.943780,0.148468,4.563150,0.821540,-0.101360,-0.561068
5016,-2.645510,0.363610,4.500490,0.906250,-0.048036,-0.420005
5017,-2.651440,0.364553,4.516410,0.750285,0.614814,0.243054
5018,-2.640240,0.352166,4.513170,0.906250,-0.048036,-0.420005
5019,-1.656530,0.149504,4.579510,0.772199,0.075111,-0.630925
5020,-1.648990,0.156238,4.589540,0.772199,0.075111,-0.630925
5021,-1.656360,0.149175,4.599470,0.679137,-0.733793,-0.017879
5022,-1.425890,-0.035103,4.584380,-0.003224,-0.914994,-0.403455
5023,-1.663180,0.157451,4.589680,0.063091,0.805989,-0.588558
5024,-1.742780,0.139804,4.591010,0.894526,-0.240808,-0.376610
5025,-2.362290,0.248731,4.533210,0.664395,-0.265682,-0.698564
5026,-2.364760,0.261660,4.539180,0.075933,0.429929,-0.899664
5027,-2.350350,0.260789,4.539980,0.664395,-0.265682,-0.698564
5028,-2.142740,0.143513,4.562460,0.958350,-0.015129,-0.285194
5029,-2.146840,0.150160,4.548330,0.428463,0.690698,-0.582542
5030,-2.143210,0.157852,4.560120,0.428463,0.690698,-0.582542
5031,-2.358930,0.254418,4.550240,0.674432,-0.729990,0.110708
5032,-1.438900,0.241250,4.613210,0.971309,-0.166128,0.170180
5033,-1.161060,0.043517,4.613370,-0.246973,-0.513087,-0.822038
5034,-1.053020,0.046840,4.607480,0.345094,-0.459128,-0.818604
5035,-1.040230,0.042849,4.615110,0.345094,-0.459128,-0.818604
5036,-1.052020,0.034415,4.614870,0.345094,-0.459128,-0.818604
5037,-0.837968,0.335779,4.628450,0.185802,0.657152,-0.730499
5038,-0.830685,0.343980,4.637680,0.185802,0.657152,-0.730499
5039,-0.830376,0.329855,4.640140,0.816436,-0.081694,-0.571628
5040,-0.839543,0.339126,4.647860,-0.624843,0.759328,-0.181638
5041,-0.663405,0.641001,4.649510,-0.183180,0.862836,-0.471126
5042,-0.560409,0.537959,4.655660,0.214673,-0.697405,-0.683770
5043,-0.554192,0.548383,4.646980,0.214673,-0.697405,-0.683770
5044,-0.546336,0.541183,4.656790,0.214673,-0.697405,-0.683770
5045,-0.740321,0.759112,4.663560,0.825235,0.275956,-0.492783
5046,-0.553463,0.758566,4.663330,0.714035,0.000333,-0.700110
5047,-0.558093,0.767029,4.674020,0.091034,0.799599,-0.593594
5048,-0.543906,0.764716,4.673080,0.714035,0.000333,-0.700110
5049,-0.552334,0.757436,4.683100,0.595652,-0.799279,-0.079700
5050,-0.850273,0.650692,4.622430,0.090707,-0.642777,-0.760664
5051,-0.842364,0.655533,4.633590,0.800724,0.064693,-0.595529
5052,-0.842887,0.641202,4.631330,0.090707,-0.642777,-0.760664
5053,-0.851196,0.647639,4.641990,-0.712911,-0.686961,-0.140864
5054,-0.438955,0.575606,4.655470,-0.162137,-0.199417,-0.966408
5055,-0.449377,0.565325,4.659340,-0.162137,-0.199417,-0.966408
5056,-0.455951,0.578860,4.657650,-0.162137,-0.199417,-0.966408
5057,-0.673194,0.327851,4.648580,-0.187306,-0.667693,-0.720487
5058,-0.662601,0.333663,4.640440,-0.187306,-0.667693,-0.720487
5059,-0.659666,0.322923,4.649630,-0.187306,-0.667693,-0.720487
5060,-0.755033,0.624402,4.641780,0.408426,-0.696760,-0.589672
5061,-0.767794,0.618589,4.639810,0.408426,-0.696760,-0.589672
5062,-0.763381,0.628691,4.630930,0.408426,-0.696760,-0.589672
5063,-0.462073,0.452339,4.662140,-0.585824,-0.021665,-0.810149
5064,-0.438774,0.260794,4.665420,0.682464,-0.044769,-0.729547
5065,-0.438971,0.246221,4.666130,0.682464,-0.044769,-0.729547
5066,-0.448394,0.252497,4.656930,0.682464,-0.044769,-0.729547
5067,-0.537309,0.653034,4.650640,0.612276,-0.211551,-0.761816
5068,-0.543392,0.663481,4.642850,0.612276,-0.211551,-0.761816
5069,-0.532180,0.666258,4.651090,0.612276,-0.211551,-0.761816
5070,-0.255997,0.362368,4.679990,0.069833,-0.647170,-0.759141
5071,-0.250472,0.372970,4.671460,0.319007,0.069185,-0.945224
5072,-0.244771,0.375564,4.684740,0.860349,0.282192,-0.424462
5073,-0.260782,0.378554,4.680300,-0.341612,0.561912,-0.753364
5074,1.625250,2.048040,4.857030,-0.697194,-0.279634,-0.660095
5075,1.629730,2.058800,4.847740,-0.697194,-0.279634,-0.660095
5076,1.638810,2.052720,4.857040,0.238522,-0.689641,-0.683742
5077,2.058160,2.255650,4.715320,-0.494703,-0.711572,-0.498933
5078,2.071780,2.265550,4.712580,-0.254607,0.083634,-0.963421
5079,2.073160,2.248440,4.710730,-0.494703,-0.711572,-0.498933
5080,1.630210,2.057350,4.867550,-0.904880,0.422375,0.052841
5081,1.718190,1.846740,4.822830,-0.064155,-0.403075,-0.912915
5082,1.731890,1.836270,4.826490,-0.064155,-0.403075,-0.912915
5083,1.719880,1.841500,4.838280,-0.557212,-0.803011,-0.211397
5084,1.306970,2.270040,4.685140,0.287911,0.485724,-0.825336
5085,1.543900,1.956110,4.858640,-0.925105,0.115391,-0.361754
5086,1.542080,2.131600,4.851210,0.132579,-0.782634,-0.608200
5087,1.534150,2.139030,4.860400,-0.722310,-0.688340,-0.066763
5088,1.536120,2.138890,4.840530,0.132579,-0.782634,-0.608200
5089,1.543230,2.145790,4.851220,0.850529,-0.068562,-0.521439
5090,1.861270,2.128160,4.769250,-0.674797,-0.397936,-0.621527
5091,1.864850,2.123810,4.783280,-0.081605,-0.957659,-0.276099
5092,1.849780,2.124950,4.783780,-0.674797,-0.397936,-0.621527
5093,1.859220,2.137780,4.781920,-0.738620,0.473962,-0.479375
5094,1.729780,1.850060,4.831390,0.486332,0.357686,-0.797209
5095,1.740720,1.656460,4.833990,-0.393832,-0.915274,-0.084672
5096,1.452560,1.951930,4.844050,-0.403703,-0.327614,-0.854220
5097,1.462250,1.938060,4.844790,-0.403703,-0.327614,-0.854220
5098,1.449110,1.939520,4.850440,-0.403703,-0.327614,-0.854220
5099,1.724260,2.057280,4.826860,-0.593244,-0.737225,-0.323359
5100,1.923160,2.052210,4.792430,-0.887934,-0.419439,-0.188794
5101,1.925080,2.061480,4.803390,-0.817722,-0.360852,0.448460
5102,1.917030,2.065430,4.791890,-0.887934,-0.419439,-0.188794
5103,1.928800,2.062410,4.783830,-0.590138,-0.304188,-0.747801
5104,1.695610,2.225690,4.820360,-0.299206,-0.387099,-0.872141
5105,1.699050,2.222810,4.835060,-0.203177,-0.968754,-0.142250
5106,1.693930,2.235380,4.830680,-0.782790,0.384979,-0.488908
5107,2.046020,2.184930,4.750020,-0.373257,0.262096,-0.889935
5108,2.056600,2.193520,4.760510,-0.449946,0.857759,-0.248592
5109,2.059070,2.190680,4.746240,-0.373257,0.262096,-0.889935
5110,2.061600,2.178400,4.754010,-0.008408,-0.535909,-0.844234
5111,1.769520,2.231420,4.654010,0.698454,0.089718,-0.710009
5112,1.768200,2.217480,4.650950,-0.037710,-0.452710,-0.890860
5113,1.759270,2.231920,4.643990,-0.037710,-0.452710,-0.890860
5114,1.757280,2.226600,4.659700,-0.741109,-0.601791,-0.297666
5115,1.846140,1.960300,4.781370,-0.744355,0.416388,-0.522070
5116,1.741660,1.667830,4.825560,-0.292647,0.918110,-0.267267
5117,1.755140,1.949140,4.786420,-0.342008,0.888154,-0.306941
5118,1.851750,2.699150,4.692590,0.744918,0.076826,-0.662717
5119,1.030510,2.374110,4.742540,-0.166182,-0.294895,-0.940968
5120,1.042870,2.380720,4.750500,0.235080,0.536475,-0.810514
5121,1.045140,2.367110,4.742150,-0.166182,-0.294895,-0.940968
5122,1.036540,2.367130,4.756430,-0.422998,-0.869940,-0.253528
5123,1.164190,2.712830,4.766800,0.055599,-0.199548,-0.978309
5124,1.856240,2.243690,4.738150,-0.686306,-0.268256,-0.676034
5125,1.848220,2.255640,4.741550,-0.686306,-0.268256,-0.676034
5126,1.862690,2.258300,4.740010,-0.137503,0.184596,-0.973148
5127,1.853490,2.248360,4.753290,-0.827075,-0.561620,0.023006
5128,1.737980,2.187240,4.538080,0.631946,-0.422446,-0.649757
5129,1.747270,2.408900,4.791000,0.530126,-0.408248,-0.743169
5130,1.742510,2.395310,4.795070,-0.215861,-0.733715,-0.644256
5131,1.632580,2.137210,4.854070,-0.246249,-0.711788,-0.657814
5132,1.638530,2.145530,4.842840,-0.246249,-0.711788,-0.657814
5133,1.646360,2.136010,4.850210,-0.246249,-0.711788,-0.657814
5134,1.670940,2.257600,4.669190,-0.179615,-0.156046,-0.971282
5135,1.680200,2.246070,4.669330,-0.179615,-0.156046,-0.971282
5136,1.674010,2.245310,4.682750,-0.723184,-0.585258,-0.366714
5137,1.968570,2.232470,4.799310,-0.757687,-0.021529,-0.652263
5138,1.982680,2.234910,4.798090,-0.108184,0.133009,-0.985193
5139,1.975690,2.223970,4.808460,-0.592569,-0.765682,-0.250186
5140,1.647010,1.841220,4.862740,0.240477,-0.593808,-0.767830
5141,1.734530,1.496200,4.824960,-0.715560,0.489220,-0.498635
5142,1.745510,1.502730,4.815610,-0.004290,0.295781,-0.955246
5143,1.738840,1.488520,4.811240,-0.004290,0.295781,-0.955246
5144,1.750290,1.489460,4.822800,0.710205,-0.120032,-0.693687
5145,1.752060,1.491560,4.782780,-0.604006,0.661635,-0.444316
5146,1.954920,1.554890,4.812230,-0.394908,0.636865,-0.662156
5147,1.460470,2.156280,4.843700,0.782417,-0.057886,-0.620058
5148,1.460260,2.141980,4.844770,0.176522,-0.815039,-0.551862
5149,1.452270,2.147420,4.834180,0.176522,-0.815039,-0.551862
5150,1.451510,2.148910,4.853770,-0.596194,-0.801947,0.037866
5151,1.452830,2.066370,4.853730,0.789879,-0.604762,-0.101756
5152,2.195590,2.224460,4.677320,0.049531,-0.928765,-0.367345
5153,1.349770,2.292510,4.772380,-0.932092,-0.333808,-0.140628
5154,1.351990,2.292980,4.756550,-0.285424,-0.393150,-0.874051
5155,1.356420,2.278470,4.761630,-0.285424,-0.393150,-0.874051
5156,1.261480,2.226300,4.810970,0.522756,-0.347364,-0.778502
5157,1.248260,2.218440,4.805600,-0.373825,-0.594361,-0.712032
5158,1.247760,2.231040,4.813080,-0.793557,0.287030,-0.536545
5159,1.244740,2.420490,4.796580,0.161914,0.023364,-0.986528
5160,1.256740,2.420940,4.804860,0.540623,0.266350,-0.797987
5161,1.259950,2.395310,4.798480,0.161914,0.023364,-0.986528
5162,1.074520,2.422610,4.809960,0.004482,-0.963605,0.267294
5163,1.547390,2.055200,4.857940,-0.762188,0.557699,-0.328696
5164,1.781810,2.670860,4.769610,0.163832,0.703614,-0.691438
5165,1.144260,2.150910,4.824390,-0.687357,-0.123006,-0.715828
5166,1.154790,2.145200,4.815260,0.086672,-0.746428,-0.659798
5167,1.147020,2.136360,4.824240,0.086672,-0.746428,-0.659798
5168,1.153100,2.144680,4.834880,0.774817,-0.630202,0.050037
5169,1.548840,2.237970,4.837470,-0.519589,-0.437299,-0.734028
5170,1.562890,2.241220,4.843030,0.416654,-0.469665,-0.778341
5171,1.554590,2.240410,4.856040,-0.591813,-0.754971,0.282448
5172,1.335990,2.310490,4.668630,-0.781195,0.255036,-0.569817
5173,1.248670,2.140770,4.820990,-0.634556,-0.105318,-0.765667
5174,1.259520,2.134430,4.812870,-0.634556,-0.105318,-0.765667
5175,1.250790,2.126470,4.821200,-0.634556,-0.105318,-0.765667
5176,1.352360,2.153020,4.834660,-0.957748,0.282636,-0.053244
5177,1.353080,2.152440,4.818630,-0.645315,-0.308809,-0.698717
5178,1.349380,2.141460,4.826900,-0.645315,-0.308809,-0.698717
5179,1.450710,2.347490,4.811650,-0.131511,-0.902140,0.410911
5180,1.363400,2.291010,4.766170,0.635140,-0.075221,-0.768725
5181,1.462110,2.347660,4.821990,-0.437622,-0.750754,0.494828
5182,1.463160,2.338730,4.809370,0.069407,-0.956231,-0.284262
5183,1.252230,2.221900,4.823640,-0.387268,-0.885959,0.255148
5184,1.398400,2.351920,4.738160,-0.171799,-0.418971,-0.891599
5185,1.392510,2.339460,4.745150,-0.171799,-0.418971,-0.891599
5186,1.379890,2.348210,4.743470,-0.171799,-0.418971,-0.891599
5187,1.462640,2.353170,4.803750,0.439539,-0.071247,-0.895393
5188,1.184080,2.698160,4.784100,-0.492593,-0.820443,-0.290216
5189,1.372920,2.611020,4.823320,0.279422,-0.742644,-0.608607
5190,1.361070,2.616330,4.811400,0.018224,0.094524,-0.995356
5191,1.375630,2.621210,4.812130,0.018224,0.094524,-0.995356
5192,1.058440,2.737340,4.793770,0.037278,0.496310,-0.867345
5193,0.951255,2.275950,4.655020,-0.081955,0.188823,-0.978585
5194,0.958529,2.267050,4.663920,0.833415,0.148960,-0.532193
5195,0.952016,2.261510,4.652170,-0.081955,0.188823,-0.978585
5196,0.945356,2.271760,4.667860,-0.912194,0.032544,-0.408464
5197,0.902273,2.540460,4.696800,-0.529637,-0.461473,-0.711707
5198,0.889598,2.541420,4.705610,-0.529637,-0.461473,-0.711707
5199,0.898343,2.554120,4.706780,-0.498377,0.413379,-0.762062
5200,0.902972,2.538490,4.712800,-0.153671,-0.981508,-0.114135
5201,0.984799,2.576480,4.714370,0.208071,-0.837043,-0.506030
5202,0.792697,2.451640,4.666280,0.235184,0.471496,-0.849929
5203,0.855818,2.563020,4.690100,-0.047182,-0.973592,0.223367
5204,0.937468,2.205190,4.742000,0.545522,-0.545832,-0.635982
5205,0.922980,2.206920,4.745840,-0.890528,-0.369967,-0.264734
5206,0.927125,2.207390,4.731240,-0.269441,-0.180412,-0.945967
5207,1.434650,2.252670,4.837650,-0.645134,-0.006325,-0.764044
5208,1.443590,2.243170,4.830180,-0.107360,-0.816195,-0.567715
5209,1.433250,2.238430,4.838950,-0.107360,-0.816195,-0.567715
5210,1.363040,2.141630,4.830900,0.224708,-0.633425,-0.740458
5211,1.591460,2.286480,4.738520,0.413184,-0.531363,-0.739549
5212,1.598000,2.293480,4.749310,0.692005,0.337289,-0.638252
5213,1.604890,2.280820,4.750090,0.413184,-0.531363,-0.739549
5214,1.551460,2.249730,4.845450,-0.703697,0.499587,-0.505196
5215,1.783650,2.331210,4.687470,-0.094925,-0.776529,-0.622890
5216,1.809950,2.384530,4.763400,0.317748,-0.927495,0.196950
5217,1.804690,2.379770,4.749470,-0.036033,-0.848377,-0.528165
5218,1.808810,2.394680,4.747190,0.237474,-0.210629,-0.948284
5219,1.684650,2.257010,4.678240,0.515763,0.405054,-0.754931
5220,1.647230,2.239220,4.833890,0.282782,-0.549257,-0.786353
5221,1.656220,2.231350,4.842620,0.282782,-0.549257,-0.786353
5222,1.646400,2.234660,4.853180,-0.514218,-0.829439,-0.218198
5223,1.728640,2.638870,4.820300,0.926594,-0.163072,-0.338866
5224,1.721300,2.629040,4.804960,0.171760,0.058033,-0.983428
5225,1.724470,2.644060,4.806400,0.171760,0.058033,-0.983428
5226,1.354250,2.052200,4.842480,0.576465,-0.806263,0.132772
5227,1.163760,2.707340,4.781160,-0.367715,-0.874533,-0.316192
5228,1.248310,2.680690,4.768960,-0.882649,-0.051730,-0.467178
5229,1.252680,2.691470,4.759510,-0.100148,0.240092,-0.965570
5230,1.255540,2.677260,4.755680,-0.100148,0.240092,-0.965570
5231,1.262020,2.687730,4.770620,0.777079,0.304820,-0.550665
5232,1.483660,2.646740,4.760590,-0.290576,-0.852280,-0.434954
5233,1.652020,2.428610,4.835330,0.160109,-0.217538,-0.962830
5234,1.660690,2.417110,4.839370,0.160109,-0.217538,-0.962830
5235,1.646330,2.413180,4.837870,0.160109,-0.217538,-0.962830
5236,1.241540,2.395850,4.803350,-0.255333,-0.225184,-0.940264
5237,1.143870,2.437800,4.798850,-0.096765,-0.405394,-0.909006
5238,1.081450,2.431170,4.797220,0.338070,0.432227,-0.835996
5239,1.086790,2.415360,4.799410,0.352571,-0.824803,-0.442034
5240,1.708080,2.234960,4.832420,0.654349,0.095652,-0.750118
5241,1.554590,2.353540,4.787190,0.591126,-0.785738,0.182169
5242,1.562390,2.366120,4.816140,0.591126,-0.785738,0.182169
5243,1.731460,2.256170,4.754530,-0.408032,-0.122765,-0.904676
5244,1.740070,2.244040,4.765030,0.452800,-0.377719,-0.807651
5245,1.727030,2.242670,4.758360,-0.408032,-0.122765,-0.904676
5246,1.754080,2.376780,4.747420,0.103220,-0.395640,-0.912587
5247,1.761510,2.373920,4.762090,0.872500,-0.137830,-0.468771
5248,1.755400,2.360240,4.754740,0.103220,-0.395640,-0.912587
5249,1.677160,2.295960,4.783460,-0.946165,0.309483,0.094826
5250,1.676010,2.298180,4.764740,-0.675118,-0.235806,-0.699007
5251,1.672360,2.284530,4.772870,-0.675118,-0.235806,-0.699007
5252,1.566720,2.435500,4.848920,-0.276060,-0.893337,0.354598
5253,1.685020,2.290870,4.772850,0.271707,-0.545058,-0.793150
5254,2.070590,2.255540,4.723630,-0.286723,-0.862273,0.417462
5255,1.440080,2.245290,4.849570,0.536017,-0.823227,0.187038
5256,1.246070,1.852590,4.821590,0.140282,-0.270660,-0.952399
5257,1.253380,1.859750,4.834290,0.825193,0.131776,-0.549265
5258,1.241170,1.847330,4.837840,-0.158426,-0.924391,-0.346990
5259,1.239400,1.860030,4.831700,-0.590206,0.413220,-0.693474
5260,0.940482,2.157000,4.751340,0.144227,-0.989240,0.024544
5261,0.933162,2.165100,4.742240,-0.775406,-0.015126,-0.631281
5262,0.940428,2.156550,4.733520,0.072086,-0.533809,-0.842527
5263,0.851528,2.371650,4.700570,-0.263007,0.683292,-0.681130
5264,0.846941,2.346070,4.676680,-0.221044,0.000583,-0.975264
5265,0.836798,2.366060,4.700650,-0.916351,-0.024170,-0.399646
5266,0.650133,1.556240,4.655770,-0.776437,0.226575,-0.588055
5267,0.754387,2.610800,4.670290,0.084832,-0.914933,0.394590
5268,1.128790,2.370660,4.752220,-0.677241,-0.376503,-0.632131
5269,1.134790,2.362850,4.763290,-0.002075,-0.817639,-0.575728
5270,1.120720,2.360210,4.767090,-0.677241,-0.376503,-0.632131
5271,0.748758,2.351170,4.658750,-0.342212,-0.689564,-0.638273
5272,0.751238,2.365240,4.657780,-0.873408,0.121435,-0.471605
5273,0.756658,2.358940,4.646120,-0.342212,-0.689564,-0.638273
5274,0.841259,2.281410,4.580670,0.185251,0.280608,-0.941775
5275,0.848112,2.270170,4.590370,0.765479,-0.643198,0.018392
5276,0.843367,2.264110,4.575930,0.196295,-0.670207,-0.715745
5277,0.843599,2.365540,4.714850,-0.647301,-0.707303,0.284119
5278,0.849150,2.355740,4.703100,-0.647301,-0.707303,0.284119
5279,0.842687,2.225520,4.723740,-0.412697,-0.884038,-0.219449
5280,0.855505,2.222510,4.711760,0.301066,-0.742006,-0.598988
5281,0.856768,2.222290,4.726390,-0.224422,-0.974481,0.004720
5282,0.840724,2.242640,4.697590,-0.504965,-0.843795,-0.181714
5283,0.633794,2.375380,4.679610,0.232856,-0.908420,0.347205
5284,0.626609,2.368990,4.667710,0.148488,-0.849460,-0.506328
5285,0.641488,2.372330,4.666470,0.148488,-0.849460,-0.506328
5286,0.628221,2.383990,4.665160,-0.045629,-0.162653,-0.985628
5287,0.986438,2.402630,4.735670,0.110623,0.507218,-0.854689
5288,0.932439,2.218800,4.746140,-0.055035,0.802124,-0.594616
5289,1.017870,2.143370,4.778370,-0.586313,-0.540418,-0.603478
5290,1.018010,2.154720,4.768070,-0.586313,-0.540418,-0.603478
5291,1.030210,2.146710,4.763390,-0.586313,-0.540418,-0.603478
5292,-1.560610,2.355410,4.565930,0.520921,-0.747081,-0.412930
5293,0.744529,2.150700,4.717440,-0.794634,-0.605851,0.038754
5294,0.551672,2.228040,4.579160,0.105801,-0.635081,-0.765165
5295,0.542718,2.240440,4.567630,0.105801,-0.635081,-0.765165
5296,0.558181,2.239510,4.570540,0.105801,-0.635081,-0.765165
5297,0.951436,1.867090,4.733190,-0.023478,-0.897643,-0.440098
5298,0.945175,1.860380,4.747210,-0.023478,-0.897643,-0.440098
5299,0.943023,1.873740,4.742630,-0.807478,-0.303478,-0.505846
5300,1.136700,2.651010,4.816260,-0.539566,-0.685453,-0.488900
5301,1.148500,2.646650,4.809350,-0.539566,-0.685453,-0.488900
5302,1.146050,2.652950,4.826980,-0.163267,-0.936018,0.311793
5303,0.946396,2.593640,4.689700,-0.008953,-0.743855,-0.668281
5304,0.947278,2.596290,4.708240,-0.542401,-0.827668,0.144106
5305,2.165340,2.576970,4.646740,-0.540366,-0.659434,-0.522639
5306,2.159240,2.588420,4.638600,-0.540366,-0.659434,-0.522639
5307,2.174330,2.588780,4.641210,0.158020,-0.514834,-0.842601
5308,2.160370,2.590270,4.653760,-0.908574,-0.401101,0.116670
5309,1.051100,2.423980,4.787170,0.061048,0.715325,-0.696120
5310,1.081870,2.138660,4.810460,-0.384180,0.048900,-0.921962
5311,1.073160,2.150360,4.814710,-0.384180,0.048900,-0.921962
5312,1.086350,2.148000,4.821080,0.436747,0.576105,-0.690909
5313,1.074200,2.143050,4.827990,-0.818909,-0.527462,-0.226211
5314,0.855855,2.039530,4.720690,0.028902,-0.014698,-0.999474
5315,0.859276,2.048520,4.731340,0.308729,0.675627,-0.669488
5316,0.859688,2.034130,4.733680,0.541026,-0.707970,-0.453949
5317,1.092600,2.215580,4.810970,-0.437632,-0.185927,-0.879721
5318,1.081130,2.210640,4.817720,-0.437632,-0.185927,-0.879721
5319,1.084030,2.219230,4.828640,-0.555537,0.718832,-0.417922
5320,1.093780,2.209600,4.824070,0.137926,-0.896253,-0.421553
5321,0.637323,2.232440,4.619290,-0.849499,0.428584,-0.307681
5322,0.639369,2.245140,4.628960,-0.910358,0.333358,-0.245197
5323,0.557666,1.953740,4.684090,-0.103218,-0.782017,-0.614650
5324,0.567976,1.960640,4.691530,0.613640,-0.068756,-0.786587
5325,0.567077,1.946210,4.692090,-0.103218,-0.782017,-0.614650
5326,0.562791,1.954170,4.703380,-0.711471,-0.672448,0.204015
5327,1.252940,1.673140,4.842860,-0.423900,-0.877837,-0.222958
5328,1.072380,1.841330,4.817330,-0.039541,-0.934114,-0.354778
5329,1.215200,1.562390,4.862030,-0.031317,-0.998812,0.037341
5330,1.205950,1.562280,4.851330,-0.583873,-0.492679,-0.645260
5331,1.216680,1.561600,4.842140,-0.583873,-0.492679,-0.645260
5332,0.941716,1.740290,4.745100,-0.641545,-0.124497,-0.756915
5333,0.951490,1.746040,4.735870,-0.641545,-0.124497,-0.756915
5334,0.955627,1.739320,4.747650,0.032146,-0.863256,-0.503741
5335,0.948086,1.748510,4.755380,-0.632811,0.746692,-0.204942
5336,1.215590,1.572630,4.851640,-0.536539,0.519648,-0.664900
5337,1.076030,1.745760,4.833580,-0.872869,-0.215040,-0.438016
5338,1.084940,1.745830,4.815790,-0.872869,-0.215040,-0.438016
5339,1.088680,1.740450,4.828770,-0.449391,-0.863625,-0.228473
5340,1.026030,1.748770,4.766220,-0.452341,-0.188295,-0.871741
5341,1.015410,1.742060,4.773180,-0.452341,-0.188295,-0.871741
5342,1.017820,1.751330,4.783880,-0.662341,0.633632,-0.399769
5343,1.028340,1.741060,4.779330,0.183956,-0.832769,-0.522165
5344,0.946695,1.554190,4.757250,-0.993129,0.105210,-0.051245
5345,0.845554,2.037110,4.735710,-0.786665,-0.223473,-0.575515
5346,0.554746,1.642960,4.688960,-0.246209,-0.471889,-0.846582
5347,-0.907914,1.367700,4.638850,0.749839,-0.052175,-0.659560
5348,0.552969,2.438470,4.680180,-0.712570,-0.327269,-0.620595
5349,-0.799386,1.073180,4.663510,-0.326789,-0.908423,-0.260723
5350,-0.910010,1.155530,4.641030,0.020337,-0.759621,-0.650048
5351,-0.915430,1.164550,4.630320,0.020337,-0.759621,-0.650048
5352,-0.906219,1.170040,4.641550,0.802574,-0.189414,-0.565683
5353,-1.865990,0.847472,4.557890,0.155870,-0.801122,-0.577848
5354,-1.870410,0.860918,4.556670,-0.359666,0.633981,-0.684623
5355,-1.860910,0.856135,4.547250,0.375556,0.051437,-0.925371
5356,-1.517110,1.083520,4.607170,0.198334,0.275378,-0.940654
5357,-1.758840,1.663140,4.546290,-0.782359,-0.027121,-0.622237
5358,-2.264680,1.552240,4.504250,0.120793,-0.039866,-0.991877
5359,-1.570520,1.447150,4.586620,-0.625415,-0.687225,-0.369563
5360,-1.567040,1.459830,4.579580,-0.218185,0.721463,-0.657180
5361,-1.563570,1.450650,4.568350,0.072431,-0.111554,-0.991115
5362,-1.653320,1.556420,4.566240,0.752688,-0.658358,0.005149
5363,-1.948240,2.235100,4.513480,-0.108950,-0.609204,-0.785494
5364,-1.937260,2.243980,4.505070,0.716342,-0.296827,-0.631465
5365,-1.934150,2.231020,4.514690,0.716342,-0.296827,-0.631465
5366,-2.352570,1.703630,4.500010,0.265199,-0.777222,-0.570609
5367,1.070370,2.707350,4.820230,-0.797420,-0.527885,0.292333
5368,1.084530,2.682310,4.815660,-0.933751,-0.304110,0.188748
5369,-1.743310,1.942940,4.543000,0.826999,-0.323794,-0.459598
5370,-1.756980,1.944090,4.539300,0.031229,-0.915954,-0.400066
5371,-1.748890,1.949000,4.528690,0.826999,-0.323794,-0.459598
5372,-1.520340,1.533470,4.613070,0.314257,-0.874770,0.368808
5373,-1.506470,1.339040,4.603640,0.357692,-0.767901,-0.531399
5374,-1.515890,1.339730,4.617670,0.470742,-0.807359,0.355771
5375,-1.520090,1.331720,4.605050,0.357692,-0.767901,-0.531399
5376,-1.564520,1.351480,4.591700,-0.862617,-0.341157,-0.373501
5377,-1.555780,1.348540,4.574200,0.022482,-0.793821,-0.607736
5378,-1.557320,1.339340,4.586160,0.022482,-0.793821,-0.607736
5379,-1.551070,1.352060,4.587140,0.884129,-0.418394,-0.207999
5380,-1.521330,1.347110,4.603350,-0.042016,-0.113040,-0.992702
5381,-1.557400,1.449330,4.581240,0.827156,-0.358636,-0.432657
5382,-1.565790,1.241980,4.574080,-0.230066,0.058359,-0.971424
5383,-1.573110,1.244530,4.588440,-0.869970,-0.301946,-0.389848
5384,-1.572020,1.256870,4.576450,-0.230066,0.058359,-0.971424
5385,-0.910265,1.261640,4.634900,0.440502,-0.470025,-0.764875
5386,-0.910750,1.247630,4.643230,0.440502,-0.470025,-0.764875
5387,-0.923491,1.256990,4.647240,-0.537219,-0.417235,-0.733015
5388,-0.266031,1.139180,4.693650,0.322700,-0.839962,-0.436266
5389,-1.060420,0.718795,4.630040,-0.438957,-0.357540,-0.824307
5390,-0.849175,0.755237,4.663740,0.136595,-0.978111,-0.156976
5391,-0.918467,1.164660,4.649420,-0.781101,-0.612633,-0.120671
5392,-1.040570,0.442864,4.621420,0.804711,-0.118333,-0.581754
5393,-0.865767,0.850442,4.653560,-0.604215,-0.542608,-0.583525
5394,-0.854898,0.848351,4.644250,0.318970,-0.409363,-0.854798
5395,-0.855613,0.850939,4.663840,0.697197,-0.706960,0.118842
5396,-1.654880,0.844245,4.575190,0.541846,-0.755488,-0.368294
5397,-1.643420,1.145700,4.565710,0.309871,-0.776356,-0.548864
5398,-1.654920,1.153770,4.570860,-0.631565,-0.725511,-0.273421
5399,-1.646670,1.153240,4.553210,0.309871,-0.776356,-0.548864
5400,-1.854420,1.243240,4.549480,0.572882,-0.160166,-0.803836
5401,-1.842380,1.255640,4.555590,0.572882,-0.160166,-0.803836
5402,-1.843050,1.241600,4.557910,0.572882,-0.160166,-0.803836
5403,-1.847950,1.137940,4.549680,0.840726,-0.013052,-0.541304
5404,-1.841160,1.144820,4.560060,0.840726,-0.013052,-0.541304
5405,-1.841290,1.130640,4.560200,0.840726,-0.013052,-0.541304
5406,-1.854330,1.048970,4.568850,0.680194,-0.725651,0.103763
5407,-1.852480,1.047870,4.549030,0.830233,0.029226,-0.556649
5408,-1.845890,1.055510,4.559260,0.830233,0.029226,-0.556649
5409,-1.519790,0.083760,4.593730,0.663034,-0.347522,-0.663034
5410,-1.517690,0.072008,4.601990,0.663034,-0.347522,-0.663034
5411,-1.530510,0.078889,4.602270,-0.328469,-0.581691,-0.744140
5412,-1.567910,1.654990,4.573980,-0.499221,-0.091222,-0.861660
5413,-1.664940,1.746130,4.544420,0.160922,-0.791866,-0.589111
5414,-1.656120,1.754060,4.536170,0.160922,-0.791866,-0.589111
5415,-1.650990,1.746800,4.547330,0.160922,-0.791866,-0.589111
5416,-1.843080,1.453240,4.554100,0.883592,0.256960,-0.391454
5417,-1.658160,1.453340,4.558870,-0.607256,0.020540,-0.794241
5418,-1.523130,1.739250,4.612250,0.732896,-0.553262,0.395934
5419,1.015360,2.253440,4.687600,-0.124727,-0.703563,-0.699602
5420,1.003550,2.265060,4.696810,-0.635608,-0.758785,0.142296
5421,1.003530,2.262110,4.680990,-0.124727,-0.703563,-0.699602
5422,1.015020,2.268230,4.688020,0.507493,0.036114,-0.860899
5423,1.153830,2.396900,4.814280,0.201769,-0.976528,-0.075380
5424,1.494570,2.658470,4.761080,0.504613,-0.438265,-0.743834
5425,1.367920,2.625760,4.824630,-0.259716,0.844858,-0.467721
5426,1.762340,2.705180,4.729670,-0.844003,-0.536130,-0.014948
5427,1.715530,2.637200,4.815070,-0.760695,0.219125,-0.611006
5428,1.084560,2.671410,4.805600,-0.428899,-0.628750,-0.648628
5429,1.086050,2.668700,4.821360,-0.457692,-0.882469,-0.108473
5430,1.524640,2.654320,4.834850,-0.154726,0.089801,-0.983868
5431,1.478510,2.662560,4.758550,-0.659280,-0.303338,-0.687994
5432,1.655470,2.721800,4.767690,-0.643947,-0.053878,-0.763171
5433,1.667560,2.712270,4.773740,0.243250,-0.280807,-0.928427
5434,1.652090,2.705680,4.771680,-0.643947,-0.053878,-0.763171
5435,1.655260,2.716610,4.782560,-0.973534,0.219705,0.062934
5436,1.145410,2.662090,4.813520,-0.459665,0.144658,-0.876232
5437,0.986149,2.638260,4.722400,-0.146323,-0.975987,-0.161364
5438,0.849060,2.335120,4.686770,-0.056542,-0.682450,-0.728742
5439,0.834038,2.335820,4.687280,-0.505371,-0.225252,-0.832984
5440,0.569150,2.228300,4.634980,-0.304510,0.149120,-0.940764
5441,0.557680,2.235980,4.639910,-0.304510,0.149120,-0.940764
5442,0.566947,2.247270,4.638700,-0.304510,0.149120,-0.940764
5443,0.642390,2.224180,4.474200,0.409665,-0.873120,0.264266
5444,0.764311,2.360370,4.661010,0.520132,-0.833294,-0.187304
5445,0.853541,1.951830,4.735200,0.251517,-0.803654,-0.539332
5446,0.843096,1.959920,4.741050,-0.679546,-0.682165,-0.269939
5447,0.850983,1.959190,4.723040,0.251517,-0.803654,-0.539332
5448,0.856102,1.966040,4.735760,0.942580,-0.158287,-0.294088
5449,0.538262,2.033440,4.680010,-0.046437,-0.834571,-0.548940
5450,0.548824,2.036250,4.694390,0.723945,-0.542890,-0.425646
5451,0.539362,2.025420,4.692110,-0.046437,-0.834571,-0.548940
5452,0.946460,2.169900,4.743690,0.698594,0.206286,-0.685137
5453,0.833226,2.269470,4.586290,-0.656905,-0.699635,-0.281045
5454,0.637117,1.774760,4.682180,-0.290618,-0.951699,-0.099044
5455,0.637836,1.776140,4.666810,0.069734,-0.467918,-0.881016
5456,0.652085,1.771410,4.670450,0.069734,-0.467918,-0.881016
5457,0.961279,2.318220,4.675620,0.218878,-0.721687,-0.656704
5458,0.969495,2.327400,4.668270,0.218878,-0.721687,-0.656704
5459,0.971902,2.326960,4.682400,0.680389,-0.719681,-0.138312
5460,0.558963,1.666980,4.703750,0.291517,0.442632,-0.847994
5461,0.566658,1.648080,4.696530,0.603198,-0.329378,-0.726404
5462,0.957047,1.957600,4.740850,0.229241,0.565087,-0.792543
5463,0.573813,2.178680,4.675020,0.296740,0.169922,-0.939719
5464,0.570093,2.167300,4.682690,0.062532,-0.997687,-0.026663
5465,0.563980,2.167260,4.669850,-0.342545,-0.496305,-0.797712
5466,1.037660,2.245620,4.755240,-0.103401,-0.403937,-0.908924
5467,1.023720,2.236700,4.760790,-0.103401,-0.403937,-0.908924
5468,1.023470,2.250400,4.754730,-0.103401,-0.403937,-0.908924
5469,0.721556,2.209910,4.541140,-0.097901,0.541361,-0.835071
5470,0.711274,2.201140,4.536660,-0.679690,-0.278021,-0.678768
5471,0.709881,2.206480,4.549780,-0.995197,-0.038906,-0.089829
5472,0.723488,2.195110,4.540820,-0.148009,-0.746966,-0.648178
5473,0.647927,1.851350,4.642410,-0.501656,-0.665417,-0.552776
5474,0.644316,1.843680,4.654920,-0.501656,-0.665417,-0.552776
5475,0.634526,1.854450,4.650840,-0.501656,-0.665417,-0.552776
5476,0.610375,2.035240,4.676930,-0.181787,0.686046,-0.704482
5477,0.612266,2.023090,4.664610,-0.013666,-0.185618,-0.982527
5478,0.606529,2.020760,4.678330,-0.673883,-0.628445,-0.388509
5479,0.705402,2.059830,4.686390,-0.041746,-0.849051,-0.526659
5480,0.702349,2.052090,4.699110,-0.041746,-0.849051,-0.526659
5481,0.696152,2.065470,4.702810,-0.872084,-0.296188,-0.389542
5482,0.849450,1.743510,4.736760,-0.740934,-0.112192,-0.662140
5483,0.849630,1.757430,4.734200,-0.254952,0.516025,-0.817751
5484,0.857920,1.749070,4.726340,-0.254952,0.516025,-0.817751
5485,0.860812,1.756600,4.742840,0.398036,0.806220,-0.437694
5486,0.761866,1.489220,4.721920,0.072446,-0.127566,-0.989181
5487,0.778389,1.492090,4.722760,0.072446,-0.127566,-0.989181
5488,0.771872,1.476680,4.724270,0.072446,-0.127566,-0.989181
5489,0.747421,1.549450,4.720180,-0.488331,0.071477,-0.869726
5490,0.750998,1.555440,4.733150,-0.676093,0.722006,-0.146988
5491,0.757994,1.558290,4.714970,-0.488331,0.071477,-0.869726
5492,0.761150,1.547550,4.725160,0.178383,-0.649156,-0.739442
5493,0.849558,1.569440,4.740820,-0.215947,0.351583,-0.910910
5494,0.536410,1.786830,4.688700,0.198461,-0.503277,-0.841026
5495,0.542662,1.797130,4.696860,0.246131,0.505674,-0.826869
5496,0.551120,1.786080,4.692620,0.198461,-0.503277,-0.841026
5497,0.759086,1.669290,4.732480,0.213389,0.742414,-0.635049
5498,0.753263,1.661640,4.721580,-0.598733,0.149342,-0.786902
5499,0.745353,1.670500,4.729280,-0.598733,0.149342,-0.786902
5500,0.748887,1.663380,4.740990,-0.791564,-0.598200,-0.124833
5501,0.943841,1.658960,4.749400,-0.241407,0.233435,-0.941929
5502,0.958726,1.652120,4.743890,-0.241407,0.233435,-0.941929
5503,0.950838,1.645540,4.757860,-0.507337,-0.633083,-0.584650
5504,1.031210,1.639480,4.783780,0.100762,-0.960604,-0.259012
5505,1.008190,1.541790,4.776980,-0.775463,-0.254736,-0.577726
5506,1.019100,1.545500,4.760700,-0.775463,-0.254736,-0.577726
5507,1.021830,1.538730,4.773210,-0.304656,-0.863917,-0.401040
5508,1.017290,1.552480,4.773300,-0.762398,0.513394,-0.393923
5509,1.072160,1.559340,4.817710,-0.282934,-0.288773,-0.914636
5510,1.067060,1.546980,4.823190,-0.679977,-0.554265,-0.480022
5511,1.058210,1.558660,4.822240,-0.679977,-0.554265,-0.480022
5512,0.856880,2.235800,4.720620,0.958180,0.037016,-0.283760
5513,0.636874,1.658800,4.646720,0.103954,-0.658797,-0.745104
5514,0.650225,1.655410,4.651580,0.103954,-0.658797,-0.745104
5515,0.638719,1.648290,4.656270,0.103954,-0.658797,-0.745104
5516,0.955325,1.873450,4.749890,0.783343,-0.619290,0.053429
5517,0.750777,1.952670,4.716090,-0.375462,-0.226002,-0.898861
5518,0.744102,1.965390,4.715680,-0.375462,-0.226002,-0.898861
5519,0.757371,1.965340,4.710150,-0.375462,-0.226002,-0.898861
5520,0.714854,2.326780,4.411000,0.024940,-0.605713,-0.795292
5521,0.724393,2.338320,4.402510,0.024940,-0.605713,-0.795292
5522,0.729196,2.327620,4.410810,0.024940,-0.605713,-0.795292
5523,0.575189,2.186090,4.517120,-0.322085,-0.240668,-0.915609
5524,0.586528,2.199050,4.521510,-0.384991,0.580012,-0.717892
5525,0.588537,2.188390,4.511820,-0.322085,-0.240668,-0.915609
5526,0.956232,1.658550,4.756270,0.253671,0.878371,-0.405111
5527,1.086010,1.754680,4.827490,-0.734303,0.572010,-0.365520
5528,1.063840,1.554460,4.835130,-0.793457,-0.588619,0.154769
5529,0.764186,1.838790,4.721850,-0.108891,-0.035438,-0.993422
5530,0.748817,1.839200,4.723520,-0.108891,-0.035438,-0.993422
5531,0.754557,1.853520,4.722380,-0.108891,-0.035438,-0.993422
5532,0.840627,1.855610,4.724290,-0.453980,-0.521107,-0.722738
5533,0.833530,1.847660,4.734480,-0.453980,-0.521107,-0.722738
5534,0.834358,1.861630,4.739150,-0.870506,0.201670,-0.448941
5535,0.847211,1.850180,4.739380,0.312504,-0.842181,-0.439401
5536,0.648341,1.964370,4.654630,0.166022,-0.823731,-0.542129
5537,0.643212,1.953530,4.669530,0.166022,-0.823731,-0.542129
5538,0.636683,1.967400,4.665100,-0.649237,-0.491111,-0.580777
5539,0.760282,2.048370,4.708800,-0.258974,0.340414,-0.903909
5540,0.750443,2.043000,4.717690,-0.616109,-0.150952,-0.773061
5541,0.750614,2.057000,4.714820,-0.258974,0.340414,-0.903909
5542,0.696593,1.949030,4.692990,-0.806433,-0.329373,-0.491100
5543,0.694837,1.962350,4.686940,-0.806433,-0.329373,-0.491100
5544,0.707824,1.955420,4.686250,-0.273858,-0.427432,-0.861571
5545,0.629160,2.306850,4.590430,-0.181009,-0.870731,-0.457234
5546,0.642971,2.306510,4.585610,-0.181009,-0.870731,-0.457234
5547,0.642944,2.312000,4.599180,0.107506,-0.921562,0.373049
5548,0.710395,2.064370,4.699430,0.830918,-0.541045,-0.129788
5549,0.645984,2.154040,4.655030,-0.642576,0.471750,-0.603778
5550,0.651889,2.143090,4.640190,-0.480914,-0.518857,-0.706760
5551,0.640162,2.140120,4.650350,-0.480914,-0.518857,-0.706760
5552,0.530841,2.037200,4.692930,-0.784602,-0.547254,-0.291398
5553,0.621534,2.021960,4.678400,0.741616,-0.408738,-0.531920
5554,0.588819,2.181730,4.524750,-0.028385,-0.888894,-0.457233
5555,0.704205,2.149270,4.686670,-0.636015,0.433416,-0.638464
5556,0.705903,2.137620,4.677070,-0.726027,-0.392717,-0.564498
5557,0.693010,2.140340,4.691760,-0.726027,-0.392717,-0.564498
5558,0.638457,2.212930,4.589270,-0.126468,0.168771,-0.977508
5559,0.764219,2.057410,4.719170,0.198153,0.700344,-0.685751
5560,0.653702,2.142110,4.654270,0.170338,-0.981246,-0.090230
5561,-1.719550,2.540750,4.534400,-0.480856,-0.863665,0.151193
5562,-2.041620,2.147700,4.512640,0.779503,-0.142515,-0.609971
5563,-2.048280,2.155100,4.502400,0.779503,-0.142515,-0.609971
5564,-2.039310,2.161790,4.512300,0.779503,-0.142515,-0.609971
5565,-1.568390,2.437230,4.572360,0.984757,0.006090,0.173830
5566,-2.269930,2.467990,4.487420,0.131999,0.740503,-0.658962
5567,-2.442230,1.452850,4.503540,0.843294,0.531745,-0.078114
5568,-2.442870,1.437620,4.510430,0.565069,-0.824243,-0.036347
5569,-3.203800,1.326060,4.444500,0.270305,-0.674347,-0.687162
5570,-3.217700,1.321650,4.443360,0.270305,-0.674347,-0.687162
5571,-3.213050,1.332420,4.434620,0.270305,-0.674347,-0.687162
5572,-2.653720,1.663100,4.475520,0.035079,0.794057,-0.606831
5573,-2.639590,1.663240,4.476520,0.805838,0.103530,-0.583015
5574,-2.646080,1.655640,4.466200,0.805838,0.103530,-0.583015
5575,-2.550890,1.658180,4.473050,0.778937,-0.155673,-0.607472
5576,-2.545390,1.648590,4.482560,0.778937,-0.155673,-0.607472
5577,-2.559680,1.650700,4.481780,-0.069060,-0.722148,-0.688283
5578,-2.461380,1.659360,4.490660,-0.014699,0.897327,-0.441122
5579,-2.844340,1.640970,4.452720,0.929074,0.101804,-0.355609
5580,-2.857470,1.652930,4.453710,0.242372,0.341258,-0.908184
5581,-2.843830,1.654340,4.457880,0.929074,0.101804,-0.355609
5582,-2.750900,1.452890,4.465150,0.837899,0.153634,-0.523758
5583,-2.744800,1.458690,4.476610,0.837899,0.153634,-0.523758
5584,-2.752950,1.450420,4.484830,0.704318,-0.709711,-0.015708
5585,-2.556930,1.261350,4.486330,0.277846,0.260375,-0.924666
5586,-2.546340,1.221570,4.497810,0.182741,-0.753905,-0.631057
5587,-2.564680,1.254260,4.496740,-0.610141,-0.365318,-0.703044
5588,-2.954000,1.556620,4.450620,0.875549,-0.362393,-0.319506
5589,-2.963830,1.569810,4.444260,0.275962,-0.242769,-0.930004
5590,-2.948790,1.571200,4.448360,0.875549,-0.362393,-0.319506
5591,-2.544450,1.156820,4.501200,-0.196961,0.549495,-0.811949
5592,-2.571890,1.160070,4.487190,0.094024,0.219516,-0.971068
5593,-2.575370,1.164510,4.505630,0.211055,0.958634,-0.190990
5594,-2.541270,1.142580,4.502610,0.170215,-0.802323,-0.572106
5595,-2.532460,1.150560,4.494040,0.170215,-0.802323,-0.572106
5596,-2.754280,1.855260,4.458060,0.086915,0.734416,-0.673111
5597,-2.763810,1.753540,4.462670,0.062363,0.680976,-0.729646
5598,-2.753580,1.745060,4.455630,0.600153,-0.090170,-0.794786
5599,-2.763810,1.739030,4.464080,0.013484,-0.821566,-0.569953
5600,-2.957700,1.567210,4.460590,0.821519,-0.211483,0.529511
5601,-2.951690,1.347700,4.464350,0.986288,-0.152293,0.063586
5602,-2.859300,1.846570,4.449850,0.068892,-0.740427,-0.668596
5603,-2.756730,1.542430,4.467060,0.299492,-0.241900,-0.922924
5604,-2.747050,1.555750,4.466710,0.299492,-0.241900,-0.922924
5605,-2.741950,1.541080,4.472210,0.299492,-0.241900,-0.922924
5606,-2.353870,1.254150,4.522330,0.682053,0.729296,0.054133
5607,-2.345670,1.247170,4.513050,0.823293,-0.091352,-0.560217
5608,-2.352150,1.254020,4.502410,0.823293,-0.091352,-0.560217
5609,-2.359820,1.246590,4.511830,0.082920,-0.814177,-0.574665
5610,-2.757950,1.746920,4.474840,0.974806,-0.010745,0.222795
5611,-2.143680,1.545170,4.522360,0.826949,-0.043178,-0.560617
5612,-2.158030,1.543680,4.520920,-0.413423,-0.507781,-0.755804
5613,-2.150740,1.551870,4.511430,0.269134,0.283274,-0.920501
5614,-2.647490,1.656070,4.486140,0.713171,-0.697926,0.065480
5615,-2.245430,1.359350,4.524180,0.967254,0.112725,-0.227403
5616,-2.034800,1.563920,4.529810,0.696366,-0.118688,-0.707805
5617,-2.036560,1.549300,4.530530,0.696366,-0.118688,-0.707805
5618,-2.044880,1.556960,4.521060,0.696366,-0.118688,-0.707805
5619,-2.546140,1.455970,4.494550,0.658373,-0.554034,-0.509501
5620,-2.555840,1.445510,4.493390,0.658373,-0.554034,-0.509501
5621,-2.555770,1.455240,4.482900,0.658373,-0.554034,-0.509501
5622,-2.650800,1.554170,4.468610,0.890587,-0.055943,-0.451358
5623,-2.644800,1.561260,4.479570,0.890587,-0.055943,-0.451358
5624,-2.645590,1.547070,4.479770,0.890587,-0.055943,-0.451358
5625,-1.757520,0.765319,4.568000,-0.596671,0.014528,-0.802355
5626,-1.746390,0.762382,4.559670,0.201504,-0.611651,-0.765036
5627,-1.755290,0.751420,4.566090,0.201504,-0.611651,-0.765036
5628,-1.554360,0.356214,4.590140,0.768365,0.068826,-0.636300
5629,-1.561160,0.349732,4.600870,0.746221,-0.661662,0.073197
5630,-1.561130,0.347571,4.581030,0.768365,0.068826,-0.636300
5631,-1.568630,0.356074,4.590130,-0.006661,0.727907,-0.685643
5632,-1.536330,0.147250,4.603850,0.001224,0.801679,-0.597754
5633,-1.521170,0.080394,4.613330,0.962004,0.249630,0.110604
5634,-1.655800,0.243483,4.581460,0.372045,-0.061708,-0.926161
5635,-1.662230,0.251403,4.591260,-0.022778,0.770202,-0.637394
5636,-1.655920,0.243881,4.601440,0.993090,-0.117064,0.008296
5637,-1.460350,0.085738,4.593480,0.378518,-0.515063,-0.769048
5638,-1.492390,0.355918,4.597170,0.616995,-0.639875,-0.458124
5639,-1.415230,0.451400,4.610520,0.925990,-0.342502,0.158854
5640,-2.036620,0.850308,4.547870,0.958290,-0.058116,-0.279828
5641,-2.037310,0.834934,4.548700,0.600144,-0.602878,-0.525705
5642,-2.040570,0.842859,4.535890,0.600144,-0.602878,-0.525705
5643,-1.550150,0.746158,4.591100,-0.003893,-0.601336,-0.798987
5644,-1.848770,0.943956,4.556400,0.557934,0.192208,-0.807320
5645,-1.862720,0.942975,4.558980,-0.115715,-0.542602,-0.831981
5646,-1.860090,0.954512,4.551090,0.557934,0.192208,-0.807320
5647,-1.640750,0.561393,4.579510,0.807257,-0.095958,-0.582347
5648,-1.649470,0.556599,4.589880,0.609041,-0.778380,0.152294
5649,-1.648410,0.553574,4.570180,0.807257,-0.095958,-0.582347
5650,-1.654910,0.563591,4.578400,0.162144,0.686710,-0.708618
5651,-2.049240,0.649674,4.538170,0.356727,-0.009950,-0.934156
5652,-2.049210,0.650123,4.558160,0.999525,0.030742,-0.002191
5653,-2.056190,0.642572,4.548340,-0.096399,-0.783931,-0.613319
5654,-1.740450,0.942141,4.564610,0.807758,-0.054322,-0.587007
5655,-1.747290,0.950005,4.554470,0.807758,-0.054322,-0.587007
5656,-1.739200,0.956622,4.564990,0.807758,-0.054322,-0.587007
5657,-1.561350,1.055610,4.576120,0.083996,-0.256979,-0.962760
5658,-1.567050,1.053900,4.595110,-0.460426,-0.861084,-0.215739
5659,-1.566660,1.065450,4.585840,-0.386807,0.533948,-0.751851
5660,-2.056260,0.359780,4.553400,0.176468,0.189360,-0.965920
5661,-2.041090,0.357222,4.555670,0.176468,0.189360,-0.965920
5662,-2.049670,0.344865,4.551680,0.176468,0.189360,-0.965920
5663,-1.860130,1.056700,4.557860,0.126382,0.754044,-0.644551
5664,-1.856470,0.950689,4.569160,0.676797,0.735895,0.020106
5665,-2.042280,1.051730,4.544010,0.814557,0.069751,-0.575875
5666,-2.048590,1.043270,4.534060,0.814557,0.069751,-0.575875
5667,-2.056470,1.051390,4.542720,0.042322,0.747758,-0.662621
5668,-2.050430,1.044910,4.553880,0.720458,-0.682440,0.123352
5669,-2.257170,1.061510,4.530120,-0.133254,0.751992,-0.645563
5670,-2.052880,0.748631,4.557840,0.953977,-0.070249,0.291534
5671,-2.059210,0.740397,4.547670,-0.030591,-0.889096,-0.456698
5672,-2.047650,0.744124,4.539640,0.664720,-0.238633,-0.707956
5673,-2.346890,0.857307,4.524770,0.874393,-0.097755,-0.475269
5674,-2.348670,0.843087,4.524420,0.874393,-0.097755,-0.475269
5675,-2.353690,0.850984,4.513560,0.874393,-0.097755,-0.475269
5676,-2.139930,0.347911,4.553280,0.813636,-0.084835,-0.575151
5677,-2.154240,0.347970,4.552080,0.049969,-0.771855,-0.633832
5678,-2.146310,0.355874,4.543080,0.813636,-0.084835,-0.575151
5679,-2.148000,0.354968,4.562960,0.715965,0.691994,0.092401
5680,-1.861310,0.857812,4.567130,0.940287,0.340243,-0.009782
5681,-1.942350,0.346806,4.565490,0.800683,-0.063565,-0.595707
5682,-1.956660,0.345348,4.564770,0.111844,-0.821919,-0.558516
5683,-1.949870,0.353108,4.554710,0.800683,-0.063565,-0.595707
5684,-1.950990,0.354239,4.574590,0.648018,0.761595,-0.006820
5685,-2.052720,0.060358,4.561450,0.152502,0.884700,-0.440510
5686,-1.552690,0.446038,4.580760,0.076934,-0.627280,-0.774985
5687,-1.564510,0.435347,4.588240,0.076934,-0.627280,-0.774985
5688,-1.563760,0.449549,4.589010,-0.580574,0.074619,-0.810781
5689,-2.056450,1.155090,4.538580,-0.126170,0.095170,-0.987433
5690,-2.828910,0.939581,4.485220,0.894008,-0.007516,-0.447989
5691,-2.835080,0.946562,4.472790,0.894008,-0.007516,-0.447989
5692,-2.829320,0.954589,4.484150,0.894008,-0.007516,-0.447989
5693,-2.451350,1.253890,4.496110,0.373331,0.027784,-0.927282
5694,-2.456980,1.245430,4.506900,0.103009,-0.808154,-0.579893
5695,-2.460690,1.259270,4.505640,-0.330244,0.645904,-0.688293
5696,-2.976770,0.855984,4.470180,0.021701,0.781648,-0.623342
5697,-2.976820,1.145050,4.465990,-0.095732,-0.869810,-0.484010
5698,-2.988130,1.254490,4.464150,0.600457,0.758573,-0.253018
5699,-2.975950,1.246770,4.469910,0.944753,-0.083819,-0.316886
5700,-2.981690,1.245700,4.453080,0.944753,-0.083819,-0.316886
5701,-2.989920,1.239140,4.465730,0.502785,-0.856453,-0.117028
5702,-3.215070,1.435580,4.429600,0.565340,0.065850,-0.822225
5703,-3.204650,1.443390,4.437390,0.565340,0.065850,-0.822225
5704,-3.202680,1.428350,4.437540,0.565340,0.065850,-0.822225
5705,-3.229840,1.868900,4.430230,0.735603,-0.145197,-0.661669
5706,-3.232980,1.853630,4.430090,0.735603,-0.145197,-0.661669
5707,-3.240730,1.862170,4.419600,0.735603,-0.145197,-0.661669
5708,-2.972030,1.639170,4.447790,0.334781,-0.879027,-0.339460
5709,-2.939920,1.740060,4.441070,0.779150,-0.122358,-0.614780
5710,-2.946200,1.749360,4.431260,0.779150,-0.122358,-0.614780
5711,-2.937160,1.754520,4.441690,0.779150,-0.122358,-0.614780
5712,-2.750750,1.645340,4.458920,0.806553,0.080839,-0.585609
5713,-2.744190,1.652910,4.469000,0.806553,0.080839,-0.585609
5714,-2.751980,1.646240,4.478860,0.701801,-0.708385,0.075264
5715,-2.442450,1.147190,4.513300,0.895227,-0.288185,-0.339878
5716,-2.661360,1.462420,4.481480,0.207521,0.744868,-0.634119
5717,-2.451290,1.255720,4.515920,0.957730,0.286170,-0.029336
5718,-2.056120,1.464780,4.533700,-0.084275,0.705572,-0.703609
5719,-1.947130,1.558910,4.535080,0.817795,0.081863,-0.569657
5720,-1.862080,1.843850,4.533700,0.237614,-0.793443,-0.560347
5721,-1.854860,1.852460,4.524570,0.237614,-0.793443,-0.560347
5722,-1.848220,1.846560,4.535740,0.237614,-0.793443,-0.560347
5723,-2.851480,1.647290,4.467730,0.840708,-0.222579,0.493628
5724,-2.547910,1.062210,4.500150,0.415626,0.697656,-0.583550
5725,-2.530630,1.041970,4.498910,0.658723,0.745055,0.104777
5726,-2.522320,1.036250,4.487340,0.557540,0.089600,-0.825301
5727,-2.758380,1.653080,4.468120,0.047807,0.783517,-0.619528
5728,-2.752300,0.946178,4.489400,0.047173,-0.860865,-0.506642
5729,-2.745230,0.953563,4.477510,0.684778,-0.333199,-0.648118
5730,-2.737770,0.947498,4.488510,0.684778,-0.333199,-0.648118
5731,-2.742230,0.960357,4.493850,0.839624,0.429367,-0.332680
5732,-3.138320,1.652460,4.426700,0.507576,-0.429364,-0.747003
5733,-3.141460,1.647390,4.445240,0.977902,-0.172221,0.118525
5734,-3.141490,1.638500,4.432570,0.507576,-0.429364,-0.747003
5735,-3.150680,1.650820,4.434380,-0.488835,-0.241485,-0.838287
5736,-3.226890,1.553870,4.434620,-0.504231,-0.752814,-0.423110
5737,-3.211510,1.643010,4.430350,0.823688,-0.080543,-0.561294
5738,-3.217770,1.650840,4.420040,0.823688,-0.080543,-0.561294
5739,-3.210100,1.657360,4.430360,0.823688,-0.080543,-0.561294
5740,-3.152750,1.940120,4.436950,0.006766,-0.800031,-0.599920
5741,-3.309970,2.127350,4.412910,0.202845,-0.151914,-0.967355
5742,-3.296580,2.136760,4.414240,0.202845,-0.151914,-0.967355
5743,-3.293950,2.120850,4.417290,0.202845,-0.151914,-0.967355
5744,-3.240880,2.262490,4.418050,0.124239,-0.385628,-0.914252
5745,-3.235820,2.271850,4.428190,0.744287,0.262790,-0.613985
5746,-3.241880,2.262690,4.437950,0.202669,-0.979043,0.020024
5747,-3.249670,2.268520,4.427520,-0.748143,-0.051668,-0.661523
5748,-2.753590,2.057910,4.456900,-0.700158,0.024423,-0.713570
5749,-2.744240,2.050730,4.447480,-0.060576,-0.731051,-0.679628
5750,-2.753310,2.043440,4.456130,-0.060576,-0.731051,-0.679628
5751,-3.050040,1.956810,4.448880,0.976187,0.211310,0.049061
5752,-2.760790,2.344850,4.459710,0.732138,-0.664549,0.149495
5753,-2.765760,2.336900,4.448710,0.067217,-0.777847,-0.624849
5754,-2.757040,2.344570,4.440100,0.067217,-0.777847,-0.624849
5755,-2.840210,2.339870,4.446930,0.548065,-0.478308,-0.686182
5756,-2.846610,2.347270,4.436660,0.548065,-0.478308,-0.686182
5757,-2.840840,2.352810,4.452680,0.891130,0.219781,-0.396967
5758,-2.854130,2.341190,4.449480,-0.172435,-0.847002,-0.502846
5759,-2.746200,2.049640,4.467130,0.638429,-0.769394,0.021002
5760,-2.766830,2.351280,4.448300,-0.668588,-0.070855,-0.740249
5761,-3.127790,2.461720,4.434630,0.005732,0.815791,-0.578318
5762,-2.620100,2.351960,4.469910,0.832390,0.169638,-0.527589
5763,-2.435120,2.542880,4.465030,0.422332,-0.323892,-0.846599
5764,-2.439650,2.542610,4.484310,0.531149,-0.839704,0.113039
5765,-2.447700,2.545520,4.472290,-0.523094,-0.316792,-0.791211
5766,-2.358920,2.557500,4.476630,-0.040502,-0.111544,-0.992934
5767,-2.343020,2.553240,4.476460,0.651301,-0.591968,-0.474743
5768,-2.353260,2.540490,4.478310,0.651301,-0.591968,-0.474743
5769,-2.553780,2.149280,4.480760,-0.680347,-0.718360,-0.145216
5770,-2.353550,2.550970,4.488900,0.706184,-0.493495,0.507708
5771,-2.090520,2.555690,4.484740,0.312644,-0.755262,-0.576049
5772,-2.082980,2.550490,4.495650,0.312644,-0.755262,-0.576049
5773,-2.096400,2.545850,4.494450,0.312644,-0.755262,-0.576049
5774,-2.355860,2.437070,4.471030,0.435451,-0.220846,-0.872702
5775,-2.345810,2.450840,4.472560,0.435451,-0.220846,-0.872702
5776,-2.343040,2.437650,4.477280,0.435451,-0.220846,-0.872702
5777,-2.459010,2.245690,4.465540,0.760005,-0.000858,-0.649917
5778,-2.464660,2.254070,4.475780,0.118251,0.799444,-0.588987
5779,-2.450580,2.251700,4.475390,0.760005,-0.000858,-0.649917
5780,-2.458500,2.245460,4.485520,0.599159,-0.800255,-0.024506
5781,-2.059840,2.503110,4.499160,-0.026022,0.719872,-0.693619
5782,-1.857450,2.554090,4.521070,0.239813,-0.865581,0.439613
5783,-1.862170,2.546190,4.508090,0.349645,-0.887228,-0.300955
5784,-1.848490,2.550940,4.509980,0.349645,-0.887228,-0.300955
5785,-1.857130,2.560370,4.502930,0.263335,-0.411165,-0.872696
5786,-1.986620,2.531550,4.502930,0.452314,0.410509,-0.791767
5787,-2.328150,2.614400,4.474890,0.678896,0.518819,-0.519545
5788,-2.150420,2.612480,4.490310,-0.450225,-0.890782,0.061681
5789,-2.150060,2.611240,4.475030,0.096152,-0.722753,-0.684385
5790,-2.137980,2.605660,4.482620,0.096152,-0.722753,-0.684385
5791,-2.142940,2.623400,4.481070,0.557591,0.083739,-0.825881
5792,-2.435640,2.553610,4.475230,0.709292,0.503426,-0.493424
5793,-2.155160,2.461210,4.492270,-0.734883,-0.255385,-0.628272
5794,-2.649580,2.464190,4.468760,0.476267,0.646602,-0.595883
5795,-2.632770,2.454960,4.472180,0.710911,-0.300524,-0.635839
5796,-2.643080,2.452850,4.461650,0.710911,-0.300524,-0.635839
5797,-2.647130,2.450700,4.475810,0.267558,-0.961040,-0.069395
5798,-3.140870,2.054250,4.425940,0.866043,-0.184328,-0.464751
5799,-3.133690,2.061460,4.436460,0.866043,-0.184328,-0.464751
5800,-3.136090,2.047360,4.437580,0.866043,-0.184328,-0.464751
5801,-2.988800,1.444290,4.459950,0.599557,-0.593494,-0.536932
5802,-2.992270,1.459730,4.459430,0.033011,-0.026230,-0.999111
5803,-2.976820,1.456320,4.460030,0.599557,-0.593494,-0.536932
5804,-2.987260,1.453620,4.473150,0.652659,-0.652507,0.385060
5805,-3.207000,1.285020,4.444480,0.753220,-0.098366,-0.650372
5806,-3.210930,1.271390,4.441990,0.753220,-0.098366,-0.650372
5807,-3.217610,1.280340,4.432900,0.753220,-0.098366,-0.650372
5808,-2.842020,0.348685,4.475500,0.814387,-0.135999,-0.564161
5809,-2.834090,0.356099,4.485160,0.814387,-0.135999,-0.564161
5810,-2.835530,0.341544,4.486590,0.814387,-0.135999,-0.564161
5811,-3.145540,0.853185,4.454540,0.849630,-0.062347,-0.523681
5812,-3.138570,0.860478,4.464980,0.849630,-0.062347,-0.523681
5813,-3.139380,0.846248,4.465360,0.849630,-0.062347,-0.523681
5814,-3.048370,0.951496,4.476750,0.912549,0.253605,0.320840
5815,-2.671430,0.943743,4.497290,-0.060983,-0.772840,-0.631664
5816,-1.342870,0.558783,4.605930,0.012245,0.821331,-0.570321
5817,-3.143010,1.053170,4.444300,0.781875,0.269161,-0.562338
5818,-3.152170,1.059040,4.454130,-0.066255,0.828297,-0.556358
5819,-3.137710,1.061090,4.455460,0.781875,0.269161,-0.562338
5820,-3.144560,1.051340,4.464020,0.823116,-0.567747,0.012011
5821,-2.756150,1.255300,4.490660,0.956642,0.277806,0.087518
5822,-2.760300,1.245480,4.480900,0.161285,-0.811964,-0.560982
5823,-2.753870,1.253680,4.470880,0.460220,0.027528,-0.887378
5824,-2.758910,1.459820,4.475280,0.115714,0.860069,-0.496881
5825,-2.545700,0.843907,4.501100,0.337547,0.043680,-0.940295
5826,-2.544390,0.843319,4.520900,0.997044,0.041388,-0.064737
5827,-2.553100,0.835832,4.511300,-0.132153,-0.728272,-0.672425
5828,-2.256180,1.251800,4.532850,0.649680,0.757669,0.062073
5829,-2.247520,1.245110,4.523870,0.842105,-0.068378,-0.534961
5830,-2.253920,1.251490,4.512980,0.842105,-0.068378,-0.534961
5831,-2.737130,0.861883,4.510910,0.540673,0.827887,0.149252
5832,-2.727140,0.857176,4.500830,0.800982,0.462106,-0.380639
5833,-2.735960,0.864647,4.491340,0.800982,0.462106,-0.380639
5834,-1.369410,0.555715,4.600540,0.022910,0.816163,-0.577367
5835,-2.751930,1.045570,4.477720,0.416506,0.033812,-0.908504
5836,-2.758840,1.037630,4.487480,0.024893,-0.784039,-0.620212
5837,-2.760760,1.051840,4.487120,-0.181029,0.731159,-0.657750
5838,-2.736450,0.835729,4.495920,0.526021,-0.534469,-0.661547
5839,-2.651530,1.256240,4.503030,0.746964,0.653201,0.123988
5840,-2.643610,1.249180,4.492510,0.783598,0.008472,-0.621210
5841,-2.650700,1.258960,4.483700,0.783598,0.008472,-0.621210
5842,-2.658530,1.248670,4.491800,0.058310,-0.644495,-0.762382
5843,-2.475880,1.072610,4.498000,0.721994,0.238402,-0.649530
5844,-2.490250,1.069750,4.496570,0.190309,-0.549410,-0.813592
5845,-2.487020,1.081990,4.489060,0.721994,0.238402,-0.649530
5846,-2.429470,1.060330,4.509320,0.860298,-0.086427,-0.502412
5847,-2.437750,1.051840,4.519490,0.847144,-0.373753,0.377698
5848,-2.434210,1.044190,4.503980,0.860298,-0.086427,-0.502412
5849,-2.142370,1.157790,4.534150,0.098821,-0.005668,-0.995089
5850,-2.141800,1.143150,4.534290,0.098821,-0.005668,-0.995089
5851,-2.156370,1.143690,4.532840,0.098821,-0.005668,-0.995089
5852,-2.471510,1.359680,4.505450,-0.569708,-0.793221,-0.215018
5853,-1.950380,0.747394,4.566150,0.765288,0.635336,0.103357
5854,-1.944200,0.742260,4.551950,0.547693,0.274505,-0.790367
5855,-1.954280,0.754828,4.549330,0.547693,0.274505,-0.790367
5856,-1.960780,0.546181,4.563390,0.966420,-0.181589,0.181818
5857,-1.967730,0.539768,4.552810,-0.164389,-0.808135,-0.565591
5858,-1.957530,0.543943,4.543880,0.525500,-0.174089,-0.832792
5859,-1.965510,0.553727,4.551580,0.137756,0.679494,-0.720633
5860,-2.058390,0.754540,4.544410,0.175562,0.553771,-0.813951
5861,-2.261350,0.852621,4.529450,-0.068668,0.774295,-0.629088
5862,-2.253620,0.845190,4.519460,0.313509,0.212117,-0.925591
5863,-2.261640,0.838346,4.529090,-0.447173,-0.509955,-0.734835
5864,-2.344870,0.342319,4.536380,0.776379,-0.053300,-0.628008
5865,-2.352740,0.348925,4.526090,0.776379,-0.053300,-0.628008
5866,-2.353110,0.349411,4.546050,0.647904,0.761694,-0.006536
5867,-2.155890,0.840056,4.537160,0.560385,-0.527073,-0.638876
5868,-2.147170,0.854515,4.532880,0.560385,-0.527073,-0.638876
5869,-2.153530,0.849904,4.548410,0.862924,-0.455874,0.218040
5870,-2.553550,0.053976,4.535010,0.848295,-0.400019,0.346958
5871,-2.545660,0.055972,4.518020,0.778188,-0.101749,-0.619734
5872,-2.555190,0.065066,4.525110,0.449573,0.792446,-0.412206
5873,-2.051680,0.838397,4.544340,-0.049365,-0.854949,-0.516358
5874,-2.352480,0.748344,4.515730,0.754538,0.016719,-0.656044
5875,-2.358330,0.757591,4.524920,0.035236,0.715606,-0.697615
5876,-2.344060,0.757600,4.525650,0.754538,0.016719,-0.656044
5877,-1.956720,0.446847,4.557580,-0.097831,-0.588904,-0.802260
5878,-1.961090,0.462249,4.559430,-0.438542,0.612192,-0.657953
5879,-1.952270,0.457551,4.549180,0.166278,0.164059,-0.972335
5880,-1.952960,0.948231,4.540410,0.771260,-0.027693,-0.635917
5881,-1.953060,0.947608,4.560380,0.655097,0.755068,0.026836
5882,-1.945120,0.941080,4.550230,0.771260,-0.027693,-0.635917
5883,-1.555360,0.670301,4.576510,0.731978,0.356548,-0.580587
5884,-1.650790,0.453612,4.573610,0.709858,-0.059733,-0.701808
5885,-1.657400,0.463644,4.581210,-0.097150,0.559541,-0.823089
5886,-1.643260,0.464731,4.580280,0.709858,-0.059733,-0.701808
5887,-1.649990,0.459413,4.592570,0.771890,-0.616319,0.156000
5888,-1.653820,1.047400,4.552410,0.191064,-0.060827,-0.979691
5889,-1.647690,1.048810,4.569830,0.943012,0.009620,-0.332619
5890,-1.660980,1.040080,4.565370,-0.294102,-0.753461,-0.588048
5891,-1.642150,1.160600,4.565860,0.952357,-0.078206,-0.294787
5892,-1.659710,1.054600,4.563750,-0.309698,0.721689,-0.619073
5893,-1.559380,1.251880,4.584870,0.611726,0.367452,-0.700550
5894,-1.554960,1.057820,4.588660,0.881813,-0.237357,-0.407514
5895,-0.734166,0.816349,4.659010,0.067374,-0.667069,-0.741943
5896,-0.726687,0.807350,4.667780,0.067374,-0.667069,-0.741943
5897,-0.741131,0.806603,4.667140,0.067374,-0.667069,-0.741943
5898,-0.855876,0.860942,4.652530,0.476261,0.508662,-0.717244
5899,-1.569600,1.161230,4.585130,-0.349955,0.545672,-0.761428
5900,-1.150890,0.729759,4.622360,-0.293035,-0.220369,-0.930359
5901,-0.862353,0.934277,4.647370,0.073839,0.327824,-0.941849
5902,-0.871162,0.945972,4.650750,0.073839,0.327824,-0.941849
5903,-0.856991,0.950250,4.653350,0.073839,0.327824,-0.941849
5904,-0.866349,1.150670,4.651060,-0.311260,0.740748,-0.595323
5905,-0.909384,1.260930,4.649710,0.995455,-0.071714,-0.062654
5906,-1.959310,0.939974,4.550120,0.065684,-0.780948,-0.621133
5907,-1.745150,0.557523,4.564640,0.798264,0.007737,-0.602259
5908,-1.737500,0.563774,4.574860,0.798264,0.007737,-0.602259
5909,-1.737800,0.549579,4.574280,0.798264,0.007737,-0.602259
5910,-1.653670,0.742665,4.568660,-0.064126,-0.773211,-0.630898
5911,-1.548270,0.543373,4.584830,0.235771,-0.460309,-0.855878
5912,-1.562190,0.543067,4.581160,0.235771,-0.460309,-0.855878
5913,-1.549780,0.555801,4.577730,0.235771,-0.460309,-0.855878
5914,-1.750320,0.759148,4.578580,0.792014,-0.607477,0.060710
5915,-1.855940,0.649466,4.555900,0.394384,-0.086074,-0.914906
5916,-1.850300,0.665848,4.556790,0.394384,-0.086074,-0.914906
5917,-1.842720,0.653810,4.561190,0.394384,-0.086074,-0.914906
5918,-1.952780,0.649034,4.553860,-0.105964,0.788536,-0.605791
5919,-1.938920,0.651780,4.555010,0.781251,0.252865,-0.570706
5920,-1.943690,0.643203,4.544680,0.781251,0.252865,-0.570706
5921,-1.945390,0.643468,4.564600,0.828368,-0.554718,0.078074
5922,-1.943660,0.458625,4.560560,0.751353,0.284686,-0.595334
5923,-1.738440,0.846240,4.576830,0.985901,-0.001331,0.167323
5924,-1.735840,0.843697,4.561490,0.666402,0.293847,-0.685246
5925,-1.736750,0.858540,4.566970,0.666402,0.293847,-0.685246
5926,-1.750810,0.851392,4.568530,-0.263578,0.319837,-0.910072
5927,-1.850710,0.749779,4.572430,0.786376,0.617493,-0.017773
5928,-1.843100,0.739858,4.564450,0.798145,-0.230847,-0.556484
5929,-1.849040,0.747091,4.552930,0.798145,-0.230847,-0.556484
5930,-1.857850,0.740662,4.563070,0.003764,-0.846025,-0.533130
5931,-1.942510,0.854090,4.554480,0.433666,0.031983,-0.900506
5932,-1.940320,0.839881,4.555030,0.433666,0.031983,-0.900506
5933,-1.953280,0.840480,4.548810,0.433666,0.031983,-0.900506
5934,-1.948610,1.152290,4.548850,0.865162,-0.172173,-0.471010
5935,-1.951220,1.138190,4.549210,0.865162,-0.172173,-0.471010
5936,-1.955800,1.145870,4.537990,0.865162,-0.172173,-0.471010
5937,-1.753250,1.050530,4.569300,0.722215,0.689894,-0.049518
5938,-2.156730,0.940665,4.538620,0.024440,-0.855137,-0.517825
5939,-2.247470,0.838378,4.530890,0.831041,-0.148923,-0.535903
5940,-2.162680,0.854393,4.536240,-0.207780,-0.160325,-0.964947
5941,-2.519470,1.034920,4.506760,0.982916,0.124306,-0.135736
5942,-2.144010,0.656608,4.542110,0.766973,0.020653,-0.641347
5943,-2.144290,0.642474,4.541320,0.766973,0.020653,-0.641347
5944,-2.152320,0.649396,4.531940,0.766973,0.020653,-0.641347
5945,-2.640990,1.158330,4.494140,0.961348,-0.044629,-0.271696
5946,-2.649370,1.151290,4.503580,0.813243,-0.297045,0.500400
5947,-2.642970,1.144840,4.489350,0.961348,-0.044629,-0.271696
5948,-2.653680,1.157720,4.487260,0.454023,0.238215,-0.858555
5949,-2.539380,1.236040,4.500740,0.687874,0.395245,-0.608778
5950,-2.528580,1.224500,4.503030,0.299067,-0.740465,-0.601890
5951,-2.743700,0.348840,4.500900,0.688511,-0.233954,-0.686454
5952,-2.748040,0.352718,4.517950,0.959321,-0.095096,0.265820
5953,-2.755690,0.345677,4.508090,-0.076855,-0.859057,-0.506077
5954,-2.763820,1.259120,4.479370,-0.248246,0.656959,-0.711884
5955,-2.831050,0.840059,4.484380,0.884806,-0.011985,-0.465805
5956,-2.836940,0.847126,4.473010,0.884806,-0.011985,-0.465805
5957,-2.831070,0.854518,4.483970,0.884806,-0.011985,-0.465805
5958,-2.661220,1.047280,4.495580,0.637391,-0.619741,-0.457880
5959,-2.659710,1.057130,4.484350,0.637391,-0.619741,-0.457880
5960,-2.650570,1.057790,4.496180,0.637391,-0.619741,-0.457880
5961,-2.488790,1.080730,4.506270,0.582043,0.804440,0.118757
5962,-2.342960,1.162070,4.515050,0.612487,-0.020649,-0.790211
5963,-2.342760,1.147720,4.515580,0.612487,-0.020649,-0.790211
5964,-2.353950,1.149890,4.506850,0.612487,-0.020649,-0.790211
5965,-2.556280,1.047870,4.498750,-0.370393,-0.189608,-0.909317
5966,-2.564120,1.062220,4.501960,-0.109449,0.159666,-0.981085
5967,-2.527920,1.028020,4.497560,0.187549,-0.812694,-0.551682
5968,-2.626910,0.928702,4.511310,0.629220,-0.775484,-0.052020
5969,-2.624130,0.932094,4.494370,0.481697,-0.269703,-0.833803
5970,-2.627250,0.944853,4.505450,0.587707,0.607630,-0.534215
5971,-2.753040,1.045920,4.497670,0.989333,0.135819,0.052663
5972,-2.745300,1.157520,4.482990,0.759954,0.032402,-0.649169
5973,-2.744270,1.143380,4.483490,0.759954,0.032402,-0.649169
5974,-2.752740,1.149500,4.473880,0.759954,0.032402,-0.649169
5975,-2.833000,1.239290,4.476280,0.891349,0.091546,-0.443978
5976,-2.839360,1.244230,4.464530,0.891349,0.091546,-0.443978
5977,-2.835190,1.253290,4.474770,0.891349,0.091546,-0.443978
5978,-2.832920,1.052820,4.479360,0.828187,0.029881,-0.559655
5979,-2.831740,1.038470,4.480340,0.828187,0.029881,-0.559655
5980,-2.839310,1.044130,4.469440,0.828187,0.029881,-0.559655
5981,-2.984980,1.042860,4.484300,0.807980,-0.504292,0.304727
5982,-2.988050,1.031820,4.474170,0.515578,-0.654709,-0.552752
5983,-2.977720,1.044860,4.468360,0.515578,-0.654709,-0.552752
5984,-2.555950,0.753728,4.515090,-0.005637,0.771754,-0.635896
5985,-2.541580,0.754591,4.516010,0.796240,0.140787,-0.588371
5986,-2.547570,0.746217,4.505900,0.796240,0.140787,-0.588371
5987,-3.043300,0.645511,4.474370,0.789828,-0.053113,-0.611024
5988,-3.050560,0.652937,4.464340,0.789828,-0.053113,-0.611024
5989,-3.051310,0.652256,4.484300,0.679192,0.732221,0.050503
5990,-2.691750,0.859721,4.495960,-0.486683,0.299033,-0.820804
5991,-2.647180,0.557437,4.496530,0.160478,-0.616323,-0.770969
5992,-2.655620,0.546508,4.503510,0.160478,-0.616323,-0.770969
5993,-2.658120,0.560690,4.505540,-0.636026,-0.001663,-0.771666
5994,-2.636470,0.934199,4.501800,-0.529332,-0.294081,-0.795817
5995,-2.651110,0.839833,4.505200,-0.412295,0.327688,-0.850079
5996,-2.502850,0.976556,4.496130,0.475094,-0.575593,-0.665566
5997,-2.507460,0.991163,4.496920,-0.134380,0.011179,-0.990867
5998,-2.492900,0.988573,4.492840,0.475094,-0.575593,-0.665566
5999,-2.500890,0.985162,4.509410,0.777765,-0.573637,0.256950
6000,-2.045230,0.559652,4.554630,0.909534,0.065608,-0.410419
6001,-2.649880,0.554222,4.515630,0.794542,-0.607125,0.010123
6002,-2.545110,0.283939,4.524050,0.081346,0.728250,-0.680466
6003,-2.448240,0.550630,4.513310,0.279734,0.173036,-0.944356
6004,-2.443230,0.544100,4.527510,0.874424,-0.242675,-0.420108
6005,-2.456830,0.544557,4.523030,-0.528883,-0.426393,-0.733806
6006,-2.657140,0.266870,4.515140,0.928597,-0.058638,-0.366427
6007,-2.662470,0.261263,4.502530,0.928597,-0.058638,-0.366427
6008,-2.670600,0.270363,4.510600,0.372237,0.779432,-0.503910
6009,-2.634670,0.640684,4.497280,0.468361,-0.319179,-0.823871
6010,-2.637450,0.642793,4.516700,0.824404,-0.537804,0.176420
6011,-2.646930,0.640040,4.505620,-0.404949,-0.647765,-0.645303
6012,-2.638900,0.652514,4.505410,0.420509,0.611181,-0.670544
6013,-2.741430,0.491660,4.496930,0.089981,-0.183438,-0.978905
6014,-2.760820,0.488556,4.495450,0.103896,-0.182878,-0.977630
6015,-2.656540,0.447317,4.509730,-0.022849,-0.861236,-0.507691
6016,-2.650910,0.454383,4.497490,0.670381,-0.190558,-0.717131
6017,-2.641920,0.448226,4.507530,0.670381,-0.190558,-0.717131
6018,-2.669000,0.260474,4.521260,0.527759,-0.836265,0.148769
6019,-2.358980,0.341153,4.536150,0.076498,-0.811425,-0.579428
6020,-2.247580,0.658829,4.534130,0.820651,0.116354,-0.559458
6021,-2.254210,0.652075,4.523000,0.820651,0.116354,-0.559458
6022,-2.261980,0.659420,4.532770,0.086300,0.828088,-0.553915
6023,-2.827260,0.069584,4.500780,-0.191668,0.122028,-0.973844
6024,-2.876710,0.132073,4.494270,0.396978,-0.641307,-0.656608
6025,-1.752900,0.357335,4.585180,0.855823,-0.420475,-0.301276
6026,-2.859420,0.064638,4.491810,0.348530,-0.324497,-0.879334
6027,-2.855270,0.049991,4.498860,0.348530,-0.324497,-0.879334
6028,-2.870800,0.050464,4.492530,0.348530,-0.324497,-0.879334
6029,-2.721400,-0.012665,4.487250,0.243684,-0.361140,-0.900109
6030,-2.712240,0.003839,4.498650,0.917060,-0.342974,-0.203398
6031,-2.722270,-0.015172,4.506410,0.880510,-0.473517,-0.021993
6032,-2.828930,0.472081,4.498530,-0.430443,-0.586707,-0.685925
6033,-2.534230,0.542144,4.515130,0.805568,-0.173780,-0.566446
6034,-2.548350,0.543204,4.513450,0.008673,-0.811190,-0.584718
6035,-2.540400,0.550180,4.503890,0.805568,-0.173780,-0.566446
6036,-2.653240,0.353621,4.507290,0.243561,-0.667493,-0.703656
6037,-2.451640,0.459967,4.523960,0.096962,0.852324,-0.513947
6038,-2.437460,0.459391,4.525680,0.843463,0.168397,-0.510111
6039,-2.443160,0.453105,4.514180,0.843463,0.168397,-0.510111
6040,-2.543660,0.552806,4.522890,0.763330,0.644650,0.041874
6041,-2.256130,0.650765,4.542800,0.696710,-0.717070,0.020117
6042,-2.250710,0.547716,4.528740,0.345454,0.021550,-0.938188
6043,-2.257210,0.554673,4.539230,-0.076451,0.808470,-0.583551
6044,-2.250320,0.546718,4.548710,0.997399,-0.068352,-0.022894
6045,-2.150730,0.545816,4.544700,0.021009,-0.795170,-0.606022
6046,-2.142210,0.552946,4.535640,0.820033,-0.145886,-0.553410
6047,-2.136510,0.545079,4.546160,0.820033,-0.145886,-0.553410
6048,-2.454570,0.557692,4.528270,-0.029242,0.899086,-0.436794
6049,-2.447750,0.749328,4.528010,0.779781,-0.583288,0.227414
6050,-2.448490,0.741430,4.510290,0.700840,-0.192326,-0.686901
6051,-2.440420,0.754051,4.514990,0.700840,-0.192326,-0.686901
6052,-2.357240,0.744466,4.530470,0.713592,-0.699014,0.046535
6053,-2.667770,0.705226,4.503980,0.944532,0.327892,0.018615
6054,-2.672390,0.704644,4.488960,0.315952,0.240290,-0.917843
6055,-2.680440,0.712128,4.499380,0.456616,0.795246,-0.398855
6056,-2.702450,0.726386,4.503090,0.368837,0.721766,-0.585673
6057,-2.703060,0.717358,4.491580,0.041452,0.296607,-0.954100
6058,-2.262540,0.739977,4.534700,-0.064555,-0.820981,-0.567295
6059,-2.552980,0.850122,4.511720,-0.182898,0.788703,-0.586938
6060,-2.455110,0.753373,4.515910,-0.075475,0.390011,-0.917712
6061,-2.734330,0.620375,4.512670,0.879680,0.186053,0.437661
6062,-2.726190,0.612845,4.499510,0.804558,0.285320,-0.520844
6063,-2.730700,0.629323,4.501570,0.804558,0.285320,-0.520844
6064,-2.742430,0.618453,4.500540,-0.022205,0.118033,-0.992761
6065,-2.642300,0.745116,4.498350,0.870944,-0.146637,-0.468993
6066,-2.637010,0.737708,4.510490,0.870944,-0.146637,-0.468993
6067,-2.651180,0.737793,4.507230,0.122845,-0.822457,-0.555404
6068,-2.646700,0.747080,4.517470,0.727326,0.679317,0.097597
6069,-2.352630,0.649655,4.537500,0.803723,0.553568,0.218155
6070,-2.344920,0.642386,4.527540,0.838413,-0.083842,-0.538548
6071,-2.349690,0.652882,4.518480,0.838413,-0.083842,-0.538548
6072,-2.683820,0.697540,4.497120,-0.437232,-0.181356,-0.880873
6073,-2.056560,0.656720,4.548020,-0.142971,0.751626,-0.643909
6074,-2.350080,0.053059,4.544650,0.825016,-0.539778,-0.167296
6075,-2.259250,0.062625,4.552880,0.126246,0.838689,-0.529777
6076,-2.540490,0.349083,4.510320,0.850821,-0.005682,-0.525425
6077,-2.534060,0.356676,4.520650,0.850821,-0.005682,-0.525425
6078,-2.533920,0.342500,4.521030,0.850821,-0.005682,-0.525425
6079,-2.655540,0.154439,4.509170,0.879682,-0.124221,-0.459053
6080,-2.660350,0.156700,4.528020,0.710309,0.697085,0.097638
6081,-2.650080,0.147133,4.521610,0.879682,-0.124221,-0.459053
6082,-2.253250,0.145053,4.550980,-0.467999,-0.485120,-0.738672
6083,-2.439520,0.059685,4.535800,0.811040,0.131725,-0.569967
6084,-2.437520,0.045553,4.535380,0.811040,0.131725,-0.569967
6085,-2.445560,0.051830,4.525390,0.811040,0.131725,-0.569967
6086,-2.244050,0.247968,4.544970,0.847077,0.018059,-0.531163
6087,-2.250790,0.254694,4.534450,0.847077,0.018059,-0.531163
6088,-2.244490,0.262136,4.544750,0.847077,0.018059,-0.531163
6089,-2.150050,0.454220,4.543860,0.438927,0.227044,-0.869364
6090,-2.136680,0.456210,4.551130,0.438927,0.227044,-0.869364
6091,-2.140150,0.441131,4.545440,0.438927,0.227044,-0.869364
6092,-2.144260,0.552636,4.555520,0.747545,0.658442,0.087353
6093,-2.155890,0.152561,4.564870,-0.473068,0.797422,-0.374600
6094,-2.065530,0.142188,4.564320,0.190630,-0.814063,-0.548600
6095,-2.551910,0.137648,4.526070,0.653955,0.047322,-0.755052
6096,-2.559190,0.130241,4.535800,0.448670,-0.840386,-0.304051
6097,-2.562460,0.135373,4.516790,0.653955,0.047322,-0.755052
6098,-2.565020,0.142008,4.529500,0.183332,0.886119,-0.425655
6099,-2.664200,0.146806,4.518050,0.157818,-0.819674,-0.550661
6100,-1.554320,0.444096,4.598180,0.663182,-0.748154,-0.021351
6101,-2.561010,0.051954,4.520870,-0.013319,-0.544182,-0.838861
6102,-2.347860,0.158494,4.531630,0.818765,0.152013,-0.553639
6103,-2.341500,0.164592,4.542710,0.818765,0.152013,-0.553639
6104,-2.349340,0.156724,4.551490,0.702081,-0.712010,-0.011137
6105,-2.438970,0.249498,4.530360,0.813184,0.050762,-0.579788
6106,-2.446260,0.258688,4.520940,0.813184,0.050762,-0.579788
6107,-2.438750,0.263563,4.531900,0.813184,0.050762,-0.579788
6108,-2.546790,-0.009260,4.520310,0.857876,0.376243,-0.349986
6109,-2.554150,-0.023873,4.515900,0.274876,-0.669680,-0.689907
6110,-2.550440,-0.013254,4.507070,0.377909,0.040523,-0.924955
6111,-2.562170,-0.007981,4.513320,-0.273976,0.417496,-0.866392
6112,-2.355610,0.165182,4.541710,0.072094,0.855745,-0.512351
6113,-2.861790,0.435431,4.492000,0.353428,-0.935300,-0.017373
6114,-2.856750,0.437686,4.473130,0.849516,-0.196712,-0.489517
6115,-2.848790,0.440458,4.485830,0.849516,-0.196712,-0.489517
6116,-2.648260,0.458090,4.516580,0.710498,0.665770,-0.227911
6117,-2.773970,0.544786,4.506650,0.730399,0.677482,0.086805
6118,-2.764520,0.535514,4.499500,0.866054,-0.160885,-0.473357
6119,-2.769790,0.542746,4.487400,0.866054,-0.160885,-0.473357
6120,-2.778600,0.535744,4.496420,0.105304,-0.832729,-0.543574
6121,-2.790380,0.329953,4.506740,0.276879,-0.960564,-0.025592
6122,-2.785830,0.331779,4.487430,0.836310,-0.240893,-0.492500
6123,-2.778040,0.333697,4.499720,0.836310,-0.240893,-0.492500
6124,-2.756520,0.359937,4.506980,0.144451,0.598583,-0.787929
6125,-3.057510,0.644901,4.473810,0.058027,-0.781797,-0.620827
6126,-2.861550,0.447146,4.483220,0.483740,0.741447,-0.465029
6127,-2.747360,0.738647,4.492650,0.485472,-0.575437,-0.658171
6128,-2.761100,0.741902,4.491540,-0.138975,-0.790191,-0.596895
6129,-2.751360,0.747282,4.482150,0.485472,-0.575437,-0.658171
6130,-2.742410,0.666123,4.495410,0.464743,-0.545642,-0.697344
6131,-2.754080,0.656720,4.494990,0.464743,-0.545642,-0.697344
6132,-2.754860,0.668248,4.485450,0.464743,-0.545642,-0.697344
6133,-2.342140,0.558128,4.530570,0.819229,-0.040586,-0.572029
6134,-2.349230,0.550180,4.520980,0.819229,-0.040586,-0.572029
6135,-2.356200,0.559307,4.529290,0.122587,0.717717,-0.685460
6136,-2.350810,0.552909,4.540730,0.636674,-0.755332,0.155304
6137,-2.142510,0.756525,4.540200,0.841509,0.013121,-0.540084
6138,-2.142020,0.742387,4.540620,0.841509,0.013121,-0.540084
6139,-2.148910,0.748782,4.530040,0.841509,0.013121,-0.540084
6140,-2.536580,1.151550,4.513210,0.755749,-0.625244,0.194715
6141,-2.360130,0.643817,4.525330,0.051380,-0.639079,-0.767423
6142,-2.445630,0.450976,4.533850,0.725385,-0.688143,0.016606
6143,-2.446390,0.840576,4.505260,0.792668,0.031965,-0.608815
6144,-2.439520,0.849630,4.514680,0.792668,0.031965,-0.608815
6145,-2.438150,0.835465,4.515720,0.792668,0.031965,-0.608815
6146,-2.548890,0.746909,4.525800,0.767332,-0.637076,0.073052
6147,-2.676580,0.669677,4.487380,0.443993,-0.332055,-0.832232
6148,-2.744580,0.752336,4.495020,0.896405,-0.107602,-0.429977
6149,-2.543670,0.655912,4.514420,0.790444,-0.133900,-0.597721
6150,-2.546090,0.641894,4.514360,0.790444,-0.133900,-0.597721
6151,-2.552220,0.650034,4.504430,0.790444,-0.133900,-0.597721
6152,-2.730090,0.545130,4.501630,0.321280,-0.647743,-0.690803
6153,-2.723190,0.556423,4.494250,0.872928,0.136323,-0.468415
6154,-2.716540,0.548854,4.504440,0.872928,0.136323,-0.468415
6155,-2.726460,0.553739,4.513560,0.579119,0.788355,0.207647
6156,-2.681920,0.667669,4.506520,0.462827,-0.885709,0.036207
6157,-2.688800,0.671550,4.494590,-0.490500,-0.526202,-0.694637
6158,-2.832950,0.515797,4.500490,0.289799,0.710675,-0.641060
6159,-2.819110,0.513545,4.504250,0.628719,0.443526,-0.638746
6160,-2.821740,0.545311,4.494570,0.712357,-0.525527,-0.465155
6161,-2.827630,0.550834,4.479310,0.712357,-0.525527,-0.465155
6162,-2.828470,0.561017,4.491660,0.909969,0.348194,-0.225206
6163,-2.537330,0.967416,4.496890,0.299917,-0.087617,-0.949933
6164,-2.535520,0.981960,4.496120,0.304624,-0.047781,-0.951273
6165,-2.547200,0.977615,4.488370,0.578522,-0.114751,-0.807554
6166,-2.836840,0.547844,4.491550,-0.097893,-0.947287,-0.305064
6167,-2.143290,1.041090,4.537660,0.797310,0.032781,-0.602679
6168,-2.151070,1.048490,4.527770,0.797310,0.032781,-0.602679
6169,-2.143710,1.055350,4.537880,0.797310,0.032781,-0.602679
6170,-2.055220,1.357000,4.534020,-0.059689,0.751678,-0.656823
6171,-1.857960,1.560750,4.544450,-0.708730,0.099584,-0.698416
6172,-1.153400,-0.075899,1.731230,0.056327,0.304894,-0.950719
6173,-1.661520,2.244460,4.550900,0.743765,-0.656723,0.124613
6174,-1.852040,1.659820,4.540110,-0.740215,-0.123744,-0.660885
6175,-2.284520,1.671800,4.500010,0.264465,-0.870176,-0.415754
6176,-2.245010,1.645520,4.495750,0.393145,-0.480835,-0.783732
6177,-2.257440,1.650320,4.502330,-0.543270,-0.381942,-0.747648
6178,-2.244610,1.657560,4.504270,0.754024,0.362546,-0.547730
6179,-2.249560,1.648480,4.514790,0.455124,-0.856918,0.241980
6180,-2.469040,1.465110,4.505540,0.404823,0.905738,-0.125525
6181,-2.158800,1.558120,4.521930,-0.150688,0.794337,-0.588491
6182,-2.345290,1.448150,4.496520,0.556512,-0.293109,-0.777420
6183,-2.353840,1.444110,4.509310,0.155661,-0.977082,-0.145192
6184,-2.375800,1.465230,4.489370,0.114502,-0.134440,-0.984284
6185,-2.410550,1.517470,4.502560,0.735285,0.213491,-0.643255
6186,-2.261530,1.243980,4.522300,0.128567,-0.820862,-0.556467
6187,-2.558510,1.263990,4.506000,0.824324,0.566034,-0.009756
6188,-2.541020,1.225200,4.511320,0.094356,-0.970125,0.223507
6189,-2.520740,1.410240,4.498970,-0.262196,-0.374511,-0.889379
6190,-2.503080,1.410320,4.493730,0.560955,-0.700743,-0.440782
6191,-2.510700,1.400100,4.500280,0.560955,-0.700743,-0.440782
6192,-2.548070,1.351010,4.501670,0.755185,-0.540441,-0.370970
6193,-2.556160,1.351910,4.483890,0.443690,0.220865,-0.868538
6194,-2.546790,1.360260,4.490800,0.443690,0.220865,-0.868538
6195,-2.559830,1.359890,4.496720,-0.277859,0.778050,-0.563412
6196,-2.511650,1.410560,4.510030,0.831428,-0.336573,0.442093
6197,-2.372260,1.473760,4.503850,0.538644,0.701018,-0.467372
6198,-2.385250,1.462530,4.503270,-0.395074,-0.813577,-0.426626
6199,-2.552250,1.656340,4.492850,0.811758,0.573717,0.109072
6200,-2.347610,1.346170,4.513380,0.836973,-0.021376,-0.546826
6201,-2.354640,1.352050,4.502390,0.836973,-0.021376,-0.546826
6202,-2.356520,1.353120,4.522170,0.625477,0.780052,0.017252
6203,-2.361600,1.343380,4.512200,0.207143,-0.801317,-0.561234
6204,-2.154690,1.263080,4.529770,0.056858,0.346113,-0.936468
6205,-2.372330,1.561500,4.496250,-0.316594,-0.557173,-0.767677
6206,-2.351320,1.540950,4.506260,-0.523595,-0.845684,-0.103283
6207,-2.153970,1.462350,4.520680,-0.511593,0.175142,-0.841188
6208,-2.294840,1.556940,4.489740,0.252930,-0.633755,-0.731014
6209,-2.370030,1.571820,4.486450,0.334272,-0.687097,-0.645104
6210,-2.339720,1.535930,4.513540,0.429043,-0.888229,-0.164232
6211,-2.342420,1.454790,4.512230,0.985021,-0.020739,-0.171184
6212,-2.255070,1.547800,4.517910,0.737158,-0.654615,0.167560
6213,-1.850770,1.757950,4.545970,0.762884,-0.641496,0.080572
6214,-1.952720,1.841750,4.526970,0.029063,-0.166820,-0.985559
6215,-1.939040,1.855890,4.524980,0.029063,-0.166820,-0.985559
6216,-1.938280,1.840780,4.527560,0.029063,-0.166820,-0.985559
6217,-1.583480,2.243740,4.559030,-0.094659,0.100447,-0.990429
6218,-1.558360,1.834240,4.579460,-0.069733,-0.789219,-0.610139
6219,-1.571130,1.838940,4.574840,-0.069733,-0.789219,-0.610139
6220,-1.559300,1.843260,4.567900,-0.069733,-0.789219,-0.610139
6221,-1.752810,1.956230,4.545410,0.806150,0.588097,-0.065301
6222,-2.064600,1.938440,4.516540,-0.102856,-0.403941,-0.908984
6223,-2.057710,1.951560,4.509930,0.599290,0.140178,-0.788164
6224,-2.048820,1.939080,4.514470,0.599290,0.140178,-0.788164
6225,-2.054600,1.948070,4.526280,0.819803,0.571640,-0.033918
6226,-1.938200,2.245650,4.521650,0.966833,0.253728,0.029258
6227,-2.347420,1.712770,4.511220,0.591290,-0.736399,0.328773
6228,-2.557460,1.747320,4.485440,0.485379,-0.858382,-0.166097
6229,-2.841890,1.540540,4.463610,0.824000,0.035457,-0.565479
6230,-2.849360,1.547000,4.453130,0.824000,0.035457,-0.565479
6231,-2.842800,1.554830,4.463180,0.824000,0.035457,-0.565479
6232,-2.443800,1.055990,4.506020,0.135900,0.274994,-0.951793
6233,-2.551190,0.932865,4.516070,0.189231,-0.965449,0.179164
6234,-2.551660,0.929169,4.496650,0.648498,-0.490982,-0.581710
6235,-2.540610,0.933018,4.505720,0.648498,-0.490982,-0.581710
6236,-2.552460,0.941889,4.504320,0.449556,0.481819,-0.752163
6237,-2.258380,0.540576,4.538550,-0.185242,-0.719958,-0.668839
6238,-2.572200,1.150290,4.499570,-0.132875,-0.776109,-0.616441
6239,-2.354420,0.461183,4.526020,0.504849,0.109640,-0.856216
6240,-2.342350,0.463004,4.533370,0.504849,0.109640,-0.856216
6241,-2.342540,0.448885,4.531450,0.504849,0.109640,-0.856216
6242,-2.831440,1.142750,4.478750,0.826566,-0.066646,-0.558881
6243,-2.838060,1.149620,4.468140,0.826566,-0.066646,-0.558881
6244,-2.830840,1.156900,4.477950,0.826566,-0.066646,-0.558881
6245,-2.753980,0.831629,4.494900,0.224757,-0.836747,-0.499339
6246,-2.745990,0.839522,4.485270,0.526021,-0.534469,-0.661547
6247,-2.790230,0.341019,4.497540,0.518542,0.731448,-0.442829
6248,-2.708610,0.020085,4.499640,0.528518,0.610155,-0.590237
6249,-2.714710,0.013635,4.487510,0.270539,0.331138,-0.903967
6250,-2.725490,0.013940,4.497990,-0.547053,0.603329,-0.580283
6251,-1.831350,0.531015,4.565730,0.474369,0.220068,-0.852375
6252,-1.841790,0.544262,4.563340,0.474369,0.220068,-0.852375
6253,-1.829300,0.544413,4.570330,0.474369,0.220068,-0.852375
6254,-1.382330,0.369402,4.599750,0.725955,-0.497067,-0.475304
6255,-1.729470,0.460817,4.576510,0.752146,0.169475,-0.636832
6256,-1.736000,0.452484,4.566580,0.752146,0.169475,-0.636832
6257,-1.743650,0.459420,4.576400,-0.072786,0.787037,-0.612597
6258,-1.736190,0.452743,4.586540,0.777935,-0.628152,0.015556
6259,-1.958400,0.742142,4.555180,-0.204609,-0.354322,-0.912464
6260,-1.343610,0.337181,4.604670,-0.001830,0.076221,-0.997089
6261,-1.360190,0.341623,4.605040,-0.001830,0.076221,-0.997089
6262,-1.348400,0.354072,4.605970,-0.001830,0.076221,-0.997089
6263,-1.648010,0.349415,4.574830,0.808364,0.132045,-0.573683
6264,-1.642920,0.359398,4.584300,0.808364,0.132045,-0.573683
6265,-1.639660,0.345610,4.585720,0.808364,0.132045,-0.573683
6266,-2.992890,1.046320,4.471370,-0.211659,-0.252948,-0.944043
6267,-2.623300,1.036390,4.513060,0.940105,-0.203561,0.273432
6268,-2.618750,1.032110,4.494230,0.749421,0.316925,-0.581314
6269,-2.618210,1.044920,4.501910,0.749421,0.316925,-0.581314
6270,-2.630530,1.037500,4.500620,-0.219054,0.508488,-0.832740
6271,-3.146220,1.554460,4.438630,0.302801,0.763257,-0.570745
6272,-3.058160,1.560970,4.446000,0.027365,0.735488,-0.676985
6273,-3.219870,0.946507,4.451470,-0.081616,0.032264,-0.996141
6274,-1.664190,0.237400,4.591530,-0.205729,-0.752315,-0.625858
6275,-2.346970,1.948220,4.480360,0.770325,-0.314090,-0.554929
6276,-2.341960,1.940260,4.491820,0.770325,-0.314090,-0.554929
6277,-2.356650,1.940260,4.489860,0.078954,-0.802247,-0.591749
6278,-2.346810,1.953020,4.497570,0.908875,0.399473,-0.119866
6279,0.605930,1.727910,4.697100,0.370506,-0.181622,-0.910900
6280,0.608201,1.712030,4.701190,0.370506,-0.181622,-0.910900
6281,0.596016,1.720370,4.706820,-0.610923,-0.688222,-0.391310
6282,0.570690,1.735220,4.695890,-0.493000,-0.327727,-0.805944
6283,0.716257,2.203430,4.715240,-0.655328,-0.739332,0.154705
6284,0.628399,2.204120,4.598140,-0.516318,-0.238624,-0.822481
6285,0.638764,2.320510,4.584920,-0.329207,-0.144914,-0.933072
6286,0.579795,2.536080,4.685160,-0.432324,-0.412988,-0.801584
6287,0.575137,2.550360,4.694290,-0.960218,-0.271534,-0.065191
6288,0.575682,2.552070,4.679140,-0.432324,-0.412988,-0.801584
6289,0.573604,1.737030,4.715460,-0.549244,-0.820650,0.157684
6290,1.032880,2.045300,4.771040,-0.308673,-0.854308,-0.418186
6291,0.706688,2.135890,4.691330,-0.310675,-0.945492,-0.097603
6292,1.125670,2.373710,4.765970,-0.909741,0.310728,-0.275354
6293,0.720763,2.239750,4.650120,-0.271716,0.094737,-0.957703
6294,0.727610,2.249490,4.662520,-0.498760,0.793771,-0.348090
6295,0.734450,2.246960,4.646950,-0.271716,0.094737,-0.957703
6296,0.733852,2.235660,4.658020,0.203086,-0.690680,-0.694059
6297,0.566702,2.375910,4.691150,-0.633861,-0.760274,0.142138
6298,0.562669,2.376240,4.674930,-0.250573,-0.751370,-0.610455
6299,0.573937,2.367900,4.680570,-0.250573,-0.751370,-0.610455
6300,0.650772,1.966090,4.669000,0.852319,-0.516496,-0.082367
6301,0.646714,1.784530,4.675740,0.362070,0.472260,-0.803664
6302,0.534987,1.786950,4.703870,-0.051729,-0.998656,0.003047
6303,0.588809,2.548720,4.686920,0.459136,-0.207138,-0.863880
6304,0.578454,1.745190,4.703900,0.142379,0.550183,-0.822816
6305,-0.164977,0.253041,4.697350,-0.150258,0.974528,-0.166485
6306,-0.162995,0.250099,4.678340,0.025652,0.293599,-0.955584
6307,-0.170123,0.241654,4.688740,-0.653831,-0.302324,-0.693618
6308,0.139120,0.018191,4.659250,-0.302545,-0.674390,-0.673547
6309,0.219215,0.046458,4.665680,-0.470075,-0.152066,-0.869428
6310,0.230104,0.036580,4.676130,0.481429,-0.328802,-0.812474
6311,0.216115,0.031170,4.670030,-0.470075,-0.152066,-0.869428
6312,0.217023,0.043383,4.680620,-0.979784,0.167588,-0.109257
6313,-0.155014,0.244021,4.689950,0.807763,-0.059615,-0.586485
6314,0.570284,1.848170,4.703800,-0.164157,-0.491782,-0.855104
6315,0.557396,1.833530,4.700870,0.071718,-0.281824,-0.956782
6316,0.541936,1.859140,4.688440,0.125021,-0.371120,-0.920130
6317,0.595074,1.825730,4.705890,-0.281925,-0.392969,-0.875268
6318,0.603237,1.825520,4.694290,0.248761,-0.683072,-0.686681
6319,0.607267,1.827920,4.712800,0.964338,-0.188816,-0.185474
6320,0.603182,1.814090,4.705640,0.248761,-0.683072,-0.686681
6321,0.696307,1.960850,4.701520,-0.991838,-0.089518,0.090790
6322,0.535238,1.848320,4.696480,-0.176894,-0.514132,-0.839272
6323,0.561681,2.178450,4.685350,-0.982880,0.045406,-0.178563
6324,0.577764,2.382390,4.678630,0.311470,-0.206450,-0.927559
6325,0.610009,1.724640,4.712800,0.968756,0.077896,-0.235467
6326,1.055330,1.642200,4.804370,-0.002722,-0.940120,-0.340834
6327,1.067170,1.639240,4.812440,-0.002722,-0.940120,-0.340834
6328,1.058680,1.647130,4.821380,-0.433710,-0.839004,0.328584
6329,1.066140,1.651780,4.804970,0.430020,-0.435708,-0.790722
6330,1.021780,1.848500,4.767850,-0.209446,-0.397604,-0.893333
6331,1.022330,1.830910,4.775550,-0.209446,-0.397604,-0.893333
6332,1.016480,1.843960,4.781810,-0.891008,-0.205145,-0.404993
6333,1.031120,1.842870,4.778290,0.627116,-0.295819,-0.720567
6334,0.956359,2.332160,4.671510,-0.348072,-0.376037,-0.858745
6335,1.980330,2.129760,4.806430,-0.805934,-0.273731,-0.524921
6336,1.978050,2.143760,4.802630,-0.805934,-0.273731,-0.524921
6337,1.987270,2.133240,4.793960,-0.805934,-0.273731,-0.524921
6338,1.797840,2.391010,4.756980,-0.890047,-0.411870,-0.195393
6339,1.970950,2.239580,4.811570,-0.891383,0.445183,-0.085135
6340,1.991880,2.232820,4.659790,-0.331843,-0.129895,-0.934349
6341,1.982510,2.243810,4.661590,-0.331843,-0.129895,-0.934349
6342,1.994060,2.251060,4.656480,-0.331843,-0.129895,-0.934349
6343,1.941670,2.151930,4.782780,-0.940563,-0.051106,-0.335752
6344,1.945380,2.147930,4.796240,-0.664445,-0.746337,-0.038652
6345,1.934960,2.156970,4.800810,-0.940563,-0.051106,-0.335752
6346,1.946150,2.161970,4.792600,-0.607333,0.677233,-0.415333
6347,1.747020,2.371620,4.759490,-0.754338,-0.315087,-0.575930
6348,1.726100,2.251900,4.769780,-0.936135,0.232298,-0.263985
6349,1.738400,2.146340,4.827230,0.530650,0.573539,-0.624071
6350,1.952220,2.263180,4.758940,-0.359507,-0.257006,-0.897052
6351,1.960350,2.250900,4.759200,-0.359507,-0.257006,-0.897052
6352,1.948520,2.244970,4.765640,-0.359507,-0.257006,-0.897052
6353,1.683800,2.367720,4.792960,0.212017,-0.971658,-0.104549
6354,1.714620,2.418640,4.820970,-0.696033,-0.203066,-0.688696
6355,1.371050,2.237940,4.811910,-0.367276,-0.449128,-0.814489
6356,1.369110,2.237170,4.826690,-0.028085,-0.998053,-0.055682
6357,1.358050,2.237980,4.817750,-0.367276,-0.449128,-0.814489
6358,1.361630,2.249920,4.824660,-0.342071,0.545403,-0.765195
6359,1.589200,2.283320,4.754560,-0.213769,-0.952311,-0.217732
6360,1.653030,2.245440,4.845810,0.786675,0.300236,-0.539445
6361,1.347450,2.664870,4.771950,-0.933450,-0.220371,-0.283032
6362,1.350280,2.670080,4.758560,-0.328870,-0.112286,-0.937676
6363,1.353470,2.655810,4.759150,-0.328870,-0.112286,-0.937676
6364,1.362590,2.669650,4.766470,0.540700,0.086274,-0.836779
6365,1.068750,1.944460,4.810000,-0.618668,-0.334198,-0.711028
6366,1.064490,1.952760,4.823960,-0.857441,-0.512765,0.043213
6367,1.061460,1.956700,4.810590,-0.618668,-0.334198,-0.711028
6368,1.075350,1.959860,4.811170,0.027050,0.064196,-0.997571
6369,1.972820,1.932360,4.804370,-0.474491,0.081548,-0.876475
6370,1.976090,1.947410,4.804000,-0.474491,0.081548,-0.876475
6371,1.985970,1.937400,4.797720,-0.474491,0.081548,-0.876475
6372,-0.781570,0.148254,4.645560,-0.570510,-0.352121,-0.741977
6373,-0.893506,-0.018091,4.571840,0.610073,0.728739,-0.311048
6374,-0.922420,-0.007821,4.595180,0.153479,0.029200,-0.987720
6375,-0.911018,-0.005695,4.607920,0.476919,0.691737,-0.542261
6376,-0.909975,-0.015053,4.596900,0.153479,0.029200,-0.987720
6377,-0.919548,-0.020794,4.606150,-0.283842,-0.655004,-0.700288
6378,-0.961710,-0.023570,4.579780,0.057608,-0.314407,-0.947539
6379,-0.967676,0.007162,4.590360,-0.081845,0.622180,-0.778584
6380,-0.957975,-0.010107,4.575540,0.160094,0.103668,-0.981643
6381,-1.139330,-0.016266,4.566440,0.560257,0.208916,-0.801540
6382,-1.100020,-0.007664,4.589200,-0.188368,-0.147250,-0.970997
6383,-1.102540,0.008484,4.587240,-0.091882,0.238575,-0.966768
6384,-1.082230,-0.002744,4.596380,0.508256,0.248007,-0.824723
6385,-1.088760,0.010369,4.601220,0.572592,0.519306,-0.634397
6386,-1.111210,0.000092,4.598370,-0.698396,-0.192651,-0.689296
6387,-0.839615,0.040695,4.628160,0.290888,-0.349437,-0.890661
6388,-0.853829,0.034343,4.626010,0.290888,-0.349437,-0.890661
6389,-0.850647,0.048997,4.621300,0.290888,-0.349437,-0.890661
6390,-0.765102,0.032511,4.632380,-0.297381,-0.303886,-0.905107
6391,-0.752566,0.038114,4.626380,-0.297381,-0.303886,-0.905107
6392,-0.753069,0.024340,4.631170,-0.297381,-0.303886,-0.905107
6393,-0.853009,-0.018710,4.617290,0.542233,-0.695683,-0.471178
6394,-0.860328,-0.016253,4.605240,-0.127509,-0.186643,-0.974118
6395,-0.850453,-0.006403,4.602060,-0.127509,-0.186643,-0.974118
6396,-0.859406,-0.005227,4.614310,-0.674763,0.501691,-0.541296
6397,-0.952655,-0.010429,4.589130,0.919768,0.164880,-0.356148
6398,-0.182633,-0.055744,2.302920,0.259319,0.019228,-0.965600
6399,-0.168798,-0.057023,2.306610,0.259319,0.019228,-0.965600
6400,-0.178351,-0.066480,2.311710,0.157443,-0.587234,-0.793957
6401,-0.176734,-0.046605,2.312540,0.255487,0.617851,-0.743630
6402,-0.255635,-0.068394,2.148960,0.074713,-0.677018,-0.732164
6403,-0.310557,-0.056415,2.311370,-0.697145,-0.543340,-0.467729
6404,0.189272,0.779497,2.829230,-0.699729,-0.705440,-0.112843
6405,0.195976,0.771964,2.840430,-0.309717,-0.864432,-0.396020
6406,0.036648,-0.086954,0.949573,-0.997328,-0.043232,-0.058883
6407,0.461780,-0.081592,1.034360,-0.038014,-0.014879,-0.999166
6408,0.454971,-0.091553,1.041970,-0.024767,-0.596162,-0.802482
6409,0.447641,-0.081731,1.034900,-0.038014,-0.014879,-0.999166
6410,0.454763,-0.071559,1.041680,-0.036939,0.572010,-0.819415
6411,0.223483,0.963666,2.771160,-0.838498,-0.041990,-0.543284
6412,2.212400,0.649312,3.445120,-0.574539,-0.619435,-0.534981
6413,2.232120,0.649087,3.447970,0.142263,-0.051977,-0.988463
6414,2.222060,0.638668,3.447070,-0.574539,-0.619435,-0.534981
6415,2.220730,0.649184,3.457110,-0.692982,-0.541776,0.475662
6416,2.234140,0.351513,3.513260,0.680857,0.112163,-0.723777
6417,2.230470,0.247775,3.459440,0.016561,-0.973955,-0.226138
6418,2.225780,0.270166,3.505780,-0.386330,-0.070819,-0.919638
6419,2.234340,0.263129,3.515050,0.600796,-0.263428,-0.754752
6420,2.222300,0.254608,3.508440,-0.386330,-0.070819,-0.919638
6421,2.222010,0.262497,3.522540,-0.972174,0.195349,-0.129294
6422,-0.246551,-0.099687,0.944091,-0.047943,-0.608526,-0.792084
6423,0.049142,0.758237,4.718260,0.563631,0.276399,-0.778411
6424,0.247600,-0.082200,0.642337,-0.584614,-0.098017,-0.805369
6425,0.256456,-0.092993,0.637222,-0.584614,-0.098017,-0.805369
6426,0.247377,-0.101921,0.644899,-0.584614,-0.098017,-0.805369
6427,-0.055418,-0.109570,0.196687,-0.133303,0.974389,0.181099
6428,0.121957,-0.104812,0.192090,-0.797250,0.235031,-0.556016
6429,0.125501,-0.116800,0.181941,-0.797250,0.235031,-0.556016
6430,0.114675,-0.118068,0.196928,-0.797250,0.235031,-0.556016
6431,-1.135190,-0.067339,2.082110,0.336607,0.928011,-0.159658
6432,-1.141640,-0.060320,2.109310,0.336607,0.928011,-0.159658
6433,-1.129350,-0.066175,2.101190,0.953472,0.272730,0.128492
6434,-1.138600,-0.078535,2.104800,0.807138,-0.525422,0.269185
6435,-0.350668,-0.101319,0.558073,0.893473,0.008222,0.449041
6436,0.955272,-0.067076,1.536270,0.096628,-0.270938,-0.957735
6437,-3.073170,0.288742,4.470450,-0.283184,0.697454,-0.658304
6438,-3.198370,0.146811,4.465110,0.894518,-0.192604,-0.403413
6439,-3.195730,0.162926,4.463270,0.894518,-0.192604,-0.403413
6440,-3.203470,0.156719,4.476380,0.875612,-0.089244,0.474699
6441,-3.210520,0.156123,4.461020,0.213803,-0.145324,-0.966007
