# Mesh with normals visualization
v 2.244210 0.246384 3.341160
v 2.245530 0.260934 3.340770
v 2.253600 0.253282 3.350260
v 0.935705 2.641300 4.688520
v 0.937494 2.655510 4.679520
v 0.942593 2.653130 4.692670
v 0.928663 2.655120 4.695250
v -2.248310 1.352350 4.508460
v -2.244550 1.344920 4.520770
v -2.258900 1.348750 4.520940
v -2.760640 2.622830 4.462660
v -2.749550 2.617760 4.471200
v -2.761290 2.608610 4.471280
v -2.052880 2.440930 4.510610
v -2.059770 2.431740 4.501490
v -2.067350 2.439620 4.511060
v -2.059280 2.433240 4.521330
v 1.730920 0.062669 2.875020
v 1.718180 0.065496 2.884080
v 1.735980 0.091143 2.897640
v -1.033550 -0.093487 1.469880
v -1.041120 -0.083398 1.476390
v -1.033810 -0.073549 1.469240
v -2.633110 2.541530 4.466970
v -2.631180 2.554990 4.474090
v -2.633470 2.543130 4.483560
v -2.645800 2.550420 4.473120
v -1.377250 0.407956 4.596120
v -1.373580 0.381464 4.600500
v -1.382910 0.379255 4.588560
v -0.858831 0.451045 4.635990
v -0.845203 0.453096 4.631910
v -0.853848 0.437692 4.634150
v -0.851241 0.446654 4.647370
v 1.440290 0.828724 2.823970
v 1.454670 0.826413 2.825440
v 1.439100 0.814157 2.823270
v 2.123860 0.865826 3.066780
v 2.138590 0.863595 3.057320
v 2.138570 0.863189 3.073840
v 1.150690 -0.050102 2.154420
v 1.137840 -0.040408 2.154510
v 1.151580 -0.032144 2.153110
v 1.758660 1.661360 4.784720
v 1.756640 1.652690 4.773660
v 1.743910 1.652000 4.779910
v 0.763967 -0.064753 1.453960
v 0.754292 -0.074858 1.451180
v 0.754260 -0.054872 1.450560
v 1.552050 0.837262 2.842310
v 1.559560 0.831767 2.854230
v 1.545980 0.825618 2.851650
v 1.547550 0.838346 2.860670
v -0.849021 0.248904 4.632530
v -0.862768 0.238656 4.638340
v -0.862119 0.253515 4.637880
v 1.447390 0.043154 2.856300
v 1.439190 0.058802 2.858580
v 1.443840 0.053128 2.844660
v 1.454960 0.057455 2.854920
v 1.956420 0.863875 3.050850
v 1.968010 0.868159 3.037900
v 1.964710 0.851978 3.044800
v 2.219930 0.757764 3.442300
v 2.229820 0.750482 3.450050
v 2.210380 0.748076 3.447370
v 2.226530 0.552877 3.351420
v 2.235800 0.544769 3.343200
v 2.236060 0.544080 3.357500
v 2.246390 0.551568 3.351000
v -1.662470 -0.043722 4.541790
v -1.666930 -0.039083 4.526540
v -1.655850 -0.032568 4.534260
v -0.558645 0.441167 4.656480
v -0.550788 0.447687 4.646390
v -0.544409 0.440632 4.657010
v 0.128119 0.439037 4.333990
v 0.115067 0.433578 4.340830
v 0.112672 0.442888 4.325630
v -2.835400 0.255518 4.484700
v -2.828560 0.230279 4.499400
v -2.837120 0.217471 4.496720
v -2.819540 0.218607 4.504590
v -1.652450 2.554950 4.518050
v -1.647100 2.543150 4.525980
v -1.661850 2.542620 4.522410
v 0.459185 -0.074447 1.669600
v 0.459726 -0.054540 1.670100
v 0.468532 -0.064606 1.664460
v -2.249600 1.054670 4.540410
v -2.256160 1.047340 4.530150
v -2.248810 1.054690 4.520450
v -3.141840 0.174109 4.474990
v -3.146860 0.155764 4.469670
v -3.154600 0.167414 4.473450
v -3.145520 0.162051 4.483390
v -1.392490 0.413960 4.595680
v -0.764259 0.350021 4.653100
v -0.754771 0.346171 4.643290
v -0.764049 0.349560 4.633120
v -1.281340 0.716712 4.585700
v -1.252880 0.725327 4.614970
v -1.276340 0.705037 4.596570
v -0.235520 0.598320 4.674320
v -0.250538 0.601648 4.673170
v -0.240175 0.610581 4.666050
v -3.061770 0.147052 4.473200
v -3.052470 0.150553 4.483350
v -3.062260 0.147424 4.493170
v -3.065000 0.157232 4.482920
v -1.446120 0.036382 4.601490
v -1.448070 0.042104 4.582510
v -1.438990 0.046191 4.593260
v 0.092186 0.362098 4.633490
v 0.098648 0.370034 4.643730
v 0.110330 0.361690 4.641840
v -2.646970 0.068359 4.525030
v -2.645330 0.071502 4.505520
v -2.656320 0.074863 4.515210
v -3.063450 0.285016 4.481030
v -3.062440 0.284349 4.461180
v -3.060160 0.294468 4.470920
v -2.452650 1.160910 4.507320
v -2.447140 1.152340 4.496580
v -2.456040 1.146300 4.507020
v -3.067350 0.577937 4.481080
v -3.077100 0.574087 4.471560
v -3.068730 0.579214 4.461350
v -2.744400 0.251375 4.492800
v -2.740840 0.260970 4.504040
v -2.745550 0.249093 4.512280
v -1.757520 1.347260 4.567260
v -1.761760 1.338620 4.556640
v -1.754680 1.347050 4.547470
v -3.041080 0.042161 4.480300
v -3.053230 0.042017 4.489270
v -3.054470 0.045677 4.474940
v -2.748080 0.055588 4.518820
v -2.756260 0.052570 4.507570
v -2.746780 0.059075 4.499170
v -2.975830 0.740788 4.462480
v -2.984910 0.734503 4.472090
v -2.981830 0.748447 4.472970
v -2.975800 0.739522 4.482390
v -2.777280 0.270796 4.487820
v -2.780620 0.261538 4.501570
v -3.141830 0.741468 4.457220
v -3.140090 0.757100 4.457020
v -3.147640 0.750169 4.467910
v -3.152530 1.157400 4.464860
v -3.156220 1.145770 4.453630
v -3.147180 1.159550 4.448620
v -2.980090 0.380311 4.491310
v -2.986520 0.370206 4.501170
v -2.981290 0.365240 4.486520
v -2.995090 0.376009 4.488480
v -2.969020 0.673447 4.465500
v -2.979390 0.679287 4.474960
v -2.965560 0.682998 4.475610
v -1.761430 1.237580 4.558540
v -1.748110 1.248860 4.553830
v -1.746940 1.235400 4.559620
v -1.563190 1.151680 4.575340
v -1.556030 1.156120 4.589360
v -1.571010 1.147120 4.590320
v -2.972930 0.945144 4.459470
v -2.968210 0.949260 4.476250
v -2.970130 0.935433 4.470620
v -3.155470 0.272975 4.469900
v -3.139220 0.276866 4.470070
v -3.146790 0.271116 4.456320
v -2.270450 2.238630 4.477700
v -2.280300 2.243720 4.486910
v -2.266390 2.245800 4.490070
v -2.277490 2.229580 4.487160
v -3.044320 0.955849 4.461790
v -3.042450 0.942453 4.467060
v -3.056960 0.942426 4.466590
v -1.745080 2.328000 4.529940
v -1.759430 2.332190 4.523800
v -1.749430 2.342480 4.528720
v -1.753930 2.335320 4.541310
v -3.060820 0.365497 4.469830
v -3.068550 0.371194 4.480520
v -3.059240 0.365279 4.489740
v -2.833500 0.640540 4.473440
v -2.829590 0.650103 4.484250
v -2.825300 0.636199 4.484650
v -1.565910 0.959132 4.577040
v -1.563060 0.951603 4.589260
v -1.576160 0.949230 4.583190
v -2.983540 0.942257 4.470190
v -2.969910 0.673300 4.485230
v -3.155480 0.750847 4.452630
v -2.132530 2.342130 4.516550
v -2.136490 2.347930 4.504190
v -2.126240 2.340510 4.497730
v -2.123120 2.350150 4.508470
v -1.666150 1.648280 4.551630
v -1.657160 1.654690 4.542160
v -1.652060 1.648020 4.553650
v -3.137270 0.659913 4.460420
v -3.148540 0.648671 4.459130
v -3.152320 0.665304 4.461530
v -2.246890 2.596410 4.494580
v -2.257190 2.605060 4.488740
v -2.239510 2.604080 4.484490
v -2.046110 1.748850 4.512690
v -2.041410 1.743220 4.527670
v -2.054050 1.753920 4.525640
v -3.146370 0.655686 4.473310
v -2.841130 2.145330 4.447440
v -2.845870 2.153810 4.437150
v -2.847720 2.153380 4.457030
v -2.855090 2.147260 4.446180
v -3.012060 2.612130 4.451630
v -3.015320 2.618160 4.467470
v -3.024970 2.617830 4.456210
v -2.543380 2.632770 4.467280
v -2.537980 2.616500 4.464530
v -2.552890 2.620240 4.467960
v -2.542880 2.623400 4.479690
v -1.764470 1.352500 4.556110
v -1.246890 -0.021317 4.563790
v -1.230840 -0.020907 4.563790
v -1.238860 -0.023536 4.550130
v -3.063540 -0.019554 4.472510
v -3.049240 -0.025562 4.472910
v -3.060310 -0.032492 4.464580
v -1.497990 0.239276 4.601140
v -1.461060 0.242364 4.587900
v -1.463900 0.233324 4.602370
v -1.051060 0.456088 4.628410
v -1.038250 0.457166 4.621720
v -1.046630 0.451701 4.611240
v 2.242930 0.451646 3.248470
v 2.228930 0.451488 3.253840
v 2.235920 0.454259 3.266820
v 0.097031 1.424740 4.227390
v 0.086740 1.412320 4.195410
v 0.093533 1.438570 4.222110
v 0.128166 1.440560 4.229730
v -1.181340 0.703677 4.586700
v -1.174260 0.695912 4.596950
v -1.185860 0.698777 4.605470
v -2.657430 2.621470 4.478010
v -2.650000 2.613650 4.467080
v -2.658830 2.623370 4.459120
v 1.445280 1.654410 4.864920
v 1.448260 1.654440 4.845240
v 1.442360 1.645300 4.854400
v 0.720038 2.566700 4.665860
v 0.734795 2.569310 4.666560
v 0.734602 2.557020 4.675160
v 0.726225 2.568200 4.678820
v 1.038360 2.642000 4.773840
v 1.029140 2.641940 4.762780
v 1.040930 2.650140 4.761760
v -1.939670 2.039410 4.521380
v -1.953590 2.041680 4.522520
v -1.946560 2.048220 4.512120
v -1.548750 1.543990 4.587320
v -1.554570 1.551190 4.574340
v -1.547960 1.558380 4.585160
v -1.559830 1.554220 4.592530
v -2.539400 2.448860 4.462370
v -2.525130 2.439960 4.469700
v -2.539310 2.436240 4.469820
v -1.513270 1.740990 4.596430
v -1.523580 1.729780 4.599850
v -1.526890 1.745650 4.597790
v 0.853881 1.645440 4.730150
v 0.863666 1.639780 4.739950
v 0.854826 1.646550 4.749950
v -2.744000 1.956600 4.456320
v -2.743530 1.942070 4.456210
v -2.751610 1.948880 4.446230
v -2.464650 2.449870 4.458160
v -2.463590 2.449880 4.478070
v -2.472730 2.444210 4.468580
v -2.744180 2.141670 4.446210
v -2.737690 2.137270 4.458020
v -2.747920 2.143300 4.465780
v -3.145800 1.947580 4.427080
v -3.145790 1.947240 4.447070
v -3.138560 1.940240 4.436950
v -2.658600 2.160920 4.465660
v -2.644470 2.162110 4.467020
v -2.649520 2.153290 4.457030
v -3.256420 2.446140 4.424520
v -3.244680 2.455050 4.428660
v -3.240510 2.440420 4.430310
v -2.665270 2.612390 4.468090
v -3.152760 2.349990 4.419870
v -3.158720 2.358900 4.429450
v -3.148060 2.354190 4.437870
v -3.160510 2.345120 4.433140
v -2.625580 2.343830 4.458650
v -2.617530 2.337390 4.469280
v -2.628180 2.342530 4.478190
v -2.835360 2.425670 4.450830
v -2.847940 2.419190 4.449010
v -2.844130 2.428970 4.439340
v -2.189670 2.277090 4.507320
v -2.190510 2.265130 4.499110
v -2.181810 2.272530 4.490120
v -2.196460 2.277010 4.493240
v -2.470610 2.458400 4.468460
v -2.844980 1.847180 4.450650
v -2.851740 1.855310 4.440950
v -2.852790 1.853670 4.460800
v 0.054190 -0.107503 0.434950
v 0.051744 -0.108015 0.450312
v 0.041167 -0.097992 0.444844
v -2.969660 2.341690 4.427700
v -2.976110 2.349870 4.438940
v -2.961820 2.344440 4.439980
v -2.978610 2.334840 4.437340
v -2.562140 2.551730 4.470370
v -2.547930 2.552040 4.470880
v -2.553310 2.542660 4.461640
v -2.318350 2.604230 4.477540
v -2.330320 2.605100 4.485460
v -2.326700 2.603470 4.465870
v -2.454820 2.614320 4.475660
v -2.448610 2.605000 4.466460
v -2.456680 2.611370 4.456240
v -2.141140 2.435630 4.509540
v -2.148110 2.429410 4.496950
v -2.132780 2.428230 4.493960
v -2.554060 2.544420 4.481210
v -2.462990 2.604070 4.467980
v 2.510370 1.846310 4.750560
v 2.511480 1.844530 4.765350
v 2.518560 1.857050 4.756940
v -2.256250 0.747639 4.544990
v -2.253440 0.745743 4.525320
v -2.262030 0.754197 4.533400
v -1.709950 2.533700 4.524660
v -1.721090 2.538220 4.515050
v -1.713470 2.547880 4.523080
v 1.359730 1.556970 4.834720
v 1.365250 1.565140 4.848730
v 1.359440 1.549020 4.848970
v -0.650466 0.815774 4.660990
v -0.644465 0.804570 4.670280
v -0.658288 0.809474 4.671780
v 1.888420 1.749620 4.813340
v 1.879380 1.750890 4.802210
v 1.890160 1.746480 4.793750
v 2.245540 0.260569 3.268140
v 2.243730 0.260314 3.254070
v 2.235030 0.252304 3.261920
v 0.751373 -0.064567 1.460530
v -0.746864 0.562081 4.641220
v -0.755506 0.556925 4.651250
v -0.762046 0.549109 4.641350
v -0.761268 0.563557 4.640090
v -0.860519 1.449380 4.640110
v -0.864343 1.440180 4.653260
v -0.865209 1.432780 4.637480
v 0.757193 -0.059781 1.648870
v 0.743421 -0.059759 1.652730
v 0.751727 -0.048843 1.656780
v 1.925890 1.768500 4.801000
v 1.930140 1.759160 4.788370
v 1.891540 1.758600 4.802060
v 1.069820 2.699420 4.804410
v 1.081450 2.711330 4.807940
v 1.097980 2.678720 4.810540
v 2.638320 1.825760 4.831330
v 2.631700 1.825640 4.849080
v 2.623290 1.829950 4.835860
v 2.223240 0.648171 3.246430
v 2.233740 0.647342 3.236570
v 2.243160 0.649348 3.247310
v -0.661395 -0.065857 1.543120
v -0.653796 -0.076148 1.536200
v -0.667995 -0.076274 1.536080
v -0.518800 -0.027915 4.615140
v -0.527452 -0.016156 4.615420
v -0.515680 -0.010246 4.609120
v -0.516143 -0.015031 4.624590
v 0.172092 0.307472 3.509730
v 0.163581 0.304818 3.496420
v 0.162369 0.317365 3.504330
v 0.153188 0.306417 3.508510
v 0.708829 2.207480 4.703130
v 0.722945 2.208760 4.703910
v 0.717804 2.198060 4.696130
v 0.083118 1.429240 4.226470
v 0.087342 1.439560 4.235970
v 0.951130 -0.060153 1.428100
v 0.954538 -0.053648 1.444330
v 0.963585 -0.061365 1.435750
v 1.198440 -0.048781 2.402540
v 1.198230 -0.038362 2.392460
v 1.207860 -0.037201 2.403230
v -1.660320 2.047170 4.532260
v -1.649890 2.047890 4.544810
v -1.665060 2.040750 4.547190
v -1.669450 2.343640 4.534970
v -1.660640 2.335880 4.525710
v -1.663810 2.334360 4.545250
v 1.346560 1.767240 4.842470
v 1.339430 1.775020 4.832310
v 1.345810 1.766050 4.822650
v 0.895639 -0.065591 1.295560
v 0.909584 -0.059935 1.289450
v 0.905719 -0.078054 1.292940
v -3.086040 2.559700 4.431250
v -3.077300 2.561380 4.443070
v -3.086080 2.549520 4.444100
v -2.259100 2.562460 4.485580
v -2.245510 2.568190 4.490410
v -2.245440 2.552700 4.491280
v -1.863140 2.430060 4.512010
v -1.853790 2.434990 4.502380
v -1.849410 2.426500 4.512900
v -1.959110 2.439850 4.500240
v -1.976530 2.398970 4.497540
v -1.990340 2.409900 4.493140
v -2.656030 1.846270 4.478500
v -2.660540 1.854270 4.467730
v -2.651930 1.847060 4.459110
v -2.646720 1.855070 4.470680
v -3.056830 2.043000 4.454500
v -3.057970 2.043030 4.434570
v -3.048830 2.049350 4.444050
v -2.657470 2.250270 4.459240
v -2.652800 2.242570 4.470340
v -2.650200 2.241560 4.450550
v -3.015340 2.628900 4.454030
v -2.828040 1.452280 4.465000
v -2.824940 1.437530 4.468820
v -2.830330 1.442150 4.455000
v -3.131990 2.529340 4.432080
v -3.124250 2.536980 4.441120
v -3.123900 2.523410 4.445090
v -0.938911 -0.058354 1.939310
v -0.937653 -0.069159 1.929570
v -0.949511 -0.068069 1.937770
v -0.939675 -0.078213 1.940850
v -2.549520 2.052830 4.464090
v -2.543180 2.044720 4.474250
v -2.557500 2.044990 4.473100
v -2.649790 2.045760 4.453810
v -2.642020 2.038480 4.464380
v -2.658480 2.040860 4.467470
v -2.647890 2.053990 4.466210
v -3.140280 1.345480 4.447860
v -3.154500 1.347230 4.447490
v -3.146430 1.352930 4.437110
v -3.145870 1.449140 4.433190
v -3.148210 1.451040 4.452680
v -3.156110 1.445490 4.442290
v -3.141640 0.957303 4.451600
v -3.152430 0.943962 4.456530
v -3.155790 0.958590 4.456440
v -3.147650 0.953419 4.467950
v -0.741815 -0.090234 1.438990
v -0.749638 -0.079308 1.443540
v -0.740381 -0.070360 1.437580
v -0.736023 -0.080013 1.447460
v -3.057980 1.838060 4.444210
v -3.051260 1.847100 4.434840
v -3.043930 1.840700 4.445370
v -3.052870 1.846920 4.454710
v -3.234760 2.132450 4.423550
v -3.250300 2.130020 4.422800
v -3.247730 2.145490 4.421460
v -3.049750 1.154520 4.452640
v -3.037860 1.147070 4.459850
v -3.050860 1.148950 4.468580
v -3.040790 1.161890 4.464380
v -3.059710 0.861553 4.469900
v -3.045260 0.860524 4.470970
v -3.057150 0.848623 4.463790
v -3.053900 0.854095 4.480940
v -3.133650 1.835820 4.438230
v -3.140350 1.843000 4.427320
v -3.133640 1.850000 4.437680
v -2.946710 1.852270 4.447240
v -2.945870 1.838780 4.442190
v -2.950960 1.846520 4.431120
v -2.653020 1.743900 4.473100
v -2.644510 1.751680 4.464900
v -2.648250 1.750940 4.484410
v -3.149400 1.758340 4.426650
v -3.154040 1.767350 4.436800
v -3.140170 1.763690 4.436460
v -3.148960 1.758200 4.446610
v -2.948170 1.931980 4.441690
v -2.956320 1.937880 4.431510
v -2.950180 1.946010 4.441370
v -3.062840 2.051520 4.444860
v -3.042310 2.145100 4.432240
v -3.034090 2.150850 4.442460
v -3.034390 2.136580 4.441300
v -2.849530 1.945470 4.440400
v -2.842070 1.939630 4.452640
v -2.857530 1.938910 4.452600
v -2.849880 1.952000 4.457700
v -2.982010 2.443380 4.420880
v -2.975430 2.434070 4.429610
v -2.987630 2.436600 4.436740
v -2.842190 2.546600 4.441870
v -2.846390 2.552090 4.458590
v -2.836440 2.538040 4.453030
v -3.154570 2.242490 4.426670
v -3.161050 2.249770 4.437310
v -3.146620 2.249740 4.437350
v -3.234230 2.498150 4.413680
v -3.238320 2.510300 4.400870
v -3.224590 2.509780 4.408820
v -3.266210 2.352600 4.428000
v -3.258720 2.362460 4.420000
v -3.252480 2.354770 4.432900
v -2.956580 2.245720 4.431730
v -2.957180 2.259870 4.433180
v -2.948030 2.254310 4.423800
v -2.950990 2.252170 4.443440
v -3.303730 2.325070 4.433900
v -3.310440 2.326510 4.419360
v -3.293490 2.321290 4.419910
v -3.154630 2.240530 4.446340
v -2.736180 2.452780 4.449480
v -2.731140 2.459140 4.461170
v -2.737980 2.449520 4.469110
v -2.745200 2.457550 4.459620
v -2.850980 2.539940 4.451640
v -3.241830 1.771380 4.427030
v -3.226270 1.777050 4.420540
v -3.228490 1.763160 4.427440
v -2.757300 2.238330 4.458510
v -2.750280 2.244880 4.447830
v -2.749730 2.246300 4.467750
v -2.551130 2.051890 4.483970
v -2.543860 2.141490 4.472820
v -2.549540 2.149180 4.461390
v -2.543650 2.156050 4.472790
v -1.553790 2.136670 4.568040
v -1.568990 2.129480 4.562720
v -1.566540 2.143210 4.566350
v -1.566340 2.136060 4.578870
v -2.140880 1.739930 4.517920
v -2.146420 1.745900 4.505760
v -2.141460 1.754130 4.516350
v -2.048460 1.456710 4.524690
v -2.049060 1.458640 4.544550
v -2.056540 1.450530 4.535080
v -1.557240 1.736600 4.581670
v -1.555770 1.745590 4.569320
v -1.551660 1.749880 4.582470
v -1.565570 1.748700 4.586080
v -2.153660 1.657620 4.512630
v -2.140840 1.660320 4.519450
v -2.141300 1.645570 4.520010
v -0.855320 1.352570 4.644970
v -0.848910 1.339870 4.647560
v -0.860400 1.336870 4.639310
v -1.251060 0.619087 4.593730
v -1.241490 0.587324 4.589410
v -1.247590 0.588156 4.605260
v -1.248690 0.545846 4.607300
v -1.260400 0.545948 4.597690
v -1.255790 0.558539 4.604140
v 0.119906 1.439430 4.242530
v -1.750320 2.147220 4.527790
v -1.745120 2.158160 4.519050
v -1.735880 2.149790 4.526840
v -2.460640 1.368380 4.498980
v -2.460020 1.353420 4.498100
v -2.466280 1.360990 4.486760
v -2.430580 1.358110 4.502720
v -3.042580 1.039280 4.466790
v -3.049280 1.045510 4.455640
v -3.045120 1.053470 4.467070
v -1.350720 -0.033695 4.549820
v -1.349190 -0.044235 4.559380
v -1.357560 -0.031289 4.564280
v -1.639640 0.650032 4.573240
v -1.647380 0.655822 4.562760
v -1.640260 0.664262 4.572590
v -1.339430 0.239101 4.608830
v -1.346360 0.243387 4.596770
v -1.340450 0.253174 4.605630
v -1.238280 0.050163 4.601220
v -1.238250 0.037468 4.608420
v -1.251630 0.042692 4.605850
v -1.043250 0.243727 4.626990
v -1.057050 0.246727 4.626160
v -1.048360 0.252639 4.616690
v -1.049560 0.252628 4.636620
v -0.943503 0.140346 4.627050
v -0.955827 0.152231 4.633360
v -0.941217 0.152885 4.634280
v -0.664228 0.045446 4.643230
v -0.652527 0.058280 4.652980
v -0.660028 0.046807 4.656730
v -0.667130 0.057676 4.650950
v -1.329500 0.432534 4.595990
v -1.342360 0.437596 4.600950
v -1.333390 0.449205 4.600260
v -1.048430 0.352710 4.626380
v -1.039790 0.336009 4.626820
v -1.054960 0.338615 4.621730
v -1.530530 0.139519 4.614580
v -1.536540 0.132836 4.602990
v -1.527030 0.140637 4.595000
v -1.247740 0.248476 4.602220
v -1.240620 0.255389 4.612600
v -1.240320 0.241139 4.611950
v -1.848450 0.144663 4.590440
v -1.841620 0.137296 4.580410
v -1.846800 0.146231 4.570680
v -1.377920 0.424275 4.597460
v -1.259280 0.347980 4.600730
v -1.247960 0.351567 4.608540
v -1.247320 0.337417 4.609670
v -1.440740 0.557895 4.596980
v -1.449000 0.553085 4.584630
v -1.454600 0.561039 4.595160
v -1.063270 0.148324 4.619000
v -1.051350 0.137313 4.620630
v -1.065150 0.134810 4.623090
v -1.507400 0.239713 4.612030
v -1.897440 -0.036830 4.556960
v -1.908070 -0.046202 4.557300
v -1.907300 -0.034457 4.547060
v -1.907120 -0.029671 4.564440
v -2.439360 0.951537 4.514530
v -2.446270 0.943326 4.504860
v -2.453560 0.952042 4.513470
v -2.447680 0.945484 4.524670
v -3.074330 0.587955 4.472270
v -2.530330 0.282531 4.524310
v -2.544610 0.269599 4.527850
v -2.538810 0.274396 4.514590
v -1.452260 0.549670 4.603560
v -1.358760 0.547875 4.589880
v -1.334620 0.551291 4.594960
v -1.338770 0.544492 4.610780
v -1.151940 0.621307 4.600710
v -1.160890 0.614431 4.613810
v -1.161020 0.629260 4.610100
v -1.147620 0.625239 4.616270
v -1.206890 0.632797 4.590640
v -1.233320 0.596435 4.601160
v -1.234380 0.581022 4.601610
v -1.029910 0.622090 4.609640
v -1.021480 0.617958 4.620420
v -1.032390 0.620261 4.629370
v -1.027460 0.630936 4.620870
v -1.332470 0.607615 4.611310
v -1.328890 0.605823 4.591740
v -1.328950 0.616748 4.600930
v -1.244820 0.452318 4.606040
v -1.251140 0.444408 4.595930
v -1.258970 0.451879 4.605110
v -1.252470 0.445282 4.615860
v -1.254280 0.742497 4.607160
v -1.255430 0.739150 4.622910
v -1.222700 -0.002824 4.588440
v -1.227890 -0.003754 4.605240
v -1.236470 0.004398 4.593820
v -2.752640 0.066081 4.510210
v -1.464340 0.250617 4.602520
v -1.158050 0.253766 4.618740
v -1.142540 0.251294 4.620240
v -1.150370 0.246010 4.609590
v -1.148790 0.236807 4.620340
v -2.814730 0.465790 4.495000
v -2.824940 0.506054 4.493310
v -2.815360 0.479367 4.504220
v -1.041010 -0.080028 1.856830
v -1.047830 -0.070732 1.844430
v -1.033590 -0.070797 1.848100
v -1.040290 -0.063225 1.858790
v -2.843130 0.169322 4.501880
v -2.869060 0.143269 4.487960
v -2.875000 0.147073 4.501150
v -3.045770 0.431616 4.479070
v -3.050080 0.440158 4.467400
v -3.040700 0.444777 4.477080
v -2.859940 -0.004182 4.488750
v -2.845720 -0.005056 4.487170
v -2.853330 -0.010932 4.476540
v -2.851470 -0.015109 4.495610
v -2.833390 0.162640 4.493310
v -2.860680 0.137327 4.498830
v -2.937260 0.052607 4.486680
v -2.951450 0.051191 4.486240
v -2.945200 0.059299 4.476300
v -2.945860 0.059719 4.496220
v -3.138330 0.049215 4.467320
v -3.136630 0.034957 4.470870
v -3.150270 0.036682 4.465400
v -3.145480 0.041125 4.480980
v -3.059800 -0.030001 4.483350
v -2.923050 -0.011404 4.484140
v -2.906860 -0.004492 4.483260
v -2.910260 -0.019295 4.481070
v -2.913120 -0.015383 4.495630
v -2.441060 0.345327 4.527270
v -2.455410 0.345573 4.526680
v -2.448070 0.353501 4.517220
v -2.448890 0.352989 4.537120
v -2.651700 0.061458 4.513440
v -2.545950 0.449713 4.506160
v -2.539320 0.442925 4.517040
v -2.553580 0.442786 4.516070
v -2.551690 0.455294 4.522720
v -2.052000 0.942279 4.547310
v -2.053400 0.956618 4.547210
v -2.045450 0.949850 4.536950
v -2.150000 0.949249 4.548350
v -2.142350 0.940204 4.540060
v -2.148100 0.946955 4.528640
v -3.127790 0.335164 4.469760
v -3.140320 0.345257 4.463800
v -3.126090 0.351126 4.468540
v -2.750190 0.156101 4.497420
v -2.759260 0.149560 4.506080
v -2.759940 0.163687 4.505950
v -2.753190 0.156141 4.517030
v -2.939330 0.130032 4.487640
v -2.954230 0.133171 4.487120
v -2.944770 0.143617 4.481330
v -2.946530 0.138214 4.499260
v -2.982880 0.411029 4.479860
v -2.987330 0.409926 4.499220
v -2.819420 0.464609 4.510180
v -2.642000 0.841072 4.516690
v -2.638670 0.836755 4.497980
v -2.641110 0.850599 4.504500
v -3.144540 0.261214 4.467580
v -2.829190 0.170965 4.504020
v -3.066080 0.357068 4.480170
v -3.128150 0.533613 4.467650
v -3.143290 0.532830 4.465670
v -3.139420 0.547470 4.463560
v -3.063810 0.741801 4.467300
v -3.064490 0.756688 4.467300
v -3.052210 0.750159 4.461940
v -3.060180 0.749792 4.479790
v -3.199920 0.661900 4.453450
v -3.192370 0.648549 4.454150
v -3.203740 0.650420 4.444000
v -1.745960 1.151800 4.558830
v -1.759610 1.139480 4.554070
v -1.760480 1.153170 4.559020
v -1.755550 1.143830 4.569080
v -2.732520 0.449779 4.496460
v -2.740740 0.461474 4.502650
v -2.725990 0.460806 4.503920
v -2.733880 0.455062 4.515070
v -3.137400 0.538827 4.478440
v -2.979180 0.841827 4.469880
v -2.970550 0.847709 4.460020
v -2.970540 0.847279 4.479980
v -2.772710 0.276204 4.504440
v -3.135180 0.457993 4.454260
v -3.140010 0.467257 4.464200
v -3.125870 0.464425 4.463960
v -3.134800 0.458178 4.474120
v -3.053740 0.056562 4.485070
v -2.253470 0.350367 4.532290
v -2.246360 0.344212 4.543310
v -2.260760 0.342629 4.542880
v -2.754580 0.255705 4.502610
v -0.669919 -0.089578 1.449280
v -0.677757 -0.079561 1.442270
v -0.668830 -0.069726 1.448140
v -2.831170 0.264149 4.497370
v -2.254310 0.352700 4.551950
v -2.440410 0.642463 4.510080
v -2.436000 0.634411 4.520890
v -2.449740 0.637819 4.520110
v -2.819690 0.071115 4.513530
v -2.813440 0.065035 4.497490
v -2.817530 0.080876 4.500280
v -2.836420 0.162722 4.513040
v -1.434620 0.250437 4.597750
v -1.509200 0.248011 4.598800
v -1.370840 0.024868 4.584420
v -1.358720 0.027548 4.596660
v -1.364550 0.014337 4.592910
v -0.553275 -0.085761 1.556400
v -0.561264 -0.072641 1.552040
v -0.545859 -0.075562 1.549020
v -0.533244 -0.073398 1.627010
v -0.547647 -0.073720 1.626690
v -0.540944 -0.063212 1.633920
v -0.540520 -0.083135 1.634950
v -0.742921 -0.072980 2.116350
v -0.749648 -0.061437 2.110190
v -0.735268 -0.062136 2.110750
v -0.742109 -0.053409 2.119950
v -0.741364 -0.079610 1.835900
v -0.751146 -0.070174 1.831300
v -0.737816 -0.069601 1.826510
v -0.742357 -0.059647 1.835520
v -0.853118 -0.067027 1.654690
v -0.853973 -0.075987 1.643570
v -0.866928 -0.075318 1.649610
v 0.197161 0.435028 2.916160
v 0.208262 0.434193 2.907010
v 0.216733 0.432705 2.918570
v 0.143964 0.456637 3.521600
v 0.154955 0.462488 3.510940
v 0.154929 0.448379 3.515770
v 0.108501 0.533608 4.457950
v 0.110175 0.547027 4.462840
v 0.119497 0.537299 4.467850
v 0.341483 -0.083636 0.548741
v 0.349095 -0.094710 0.542519
v 0.334635 -0.094395 0.541891
v -0.661227 -0.085794 1.544160
v -0.745574 -0.051236 2.242560
v -0.734650 -0.060399 2.240580
v -0.743729 -0.070717 2.244860
v -0.340968 -0.091167 0.955544
v -0.341906 -0.090415 0.940965
v -0.352946 -0.082872 0.946934
v -0.351834 -0.100237 0.945316
v -0.740809 -0.086573 1.541690
v -0.734701 -0.076335 1.533480
v -0.739955 -0.075347 1.550770
v -0.840300 -0.051629 2.280130
v -0.833178 -0.064019 2.286910
v -0.837475 -0.066439 2.271880
v -0.781160 -0.018142 4.575530
v -0.759457 -0.008559 4.599610
v -0.782860 -0.034102 4.583580
v -0.035090 0.613773 4.678790
v -0.024068 0.611623 4.688740
v -0.035060 0.614181 4.698630
v 0.458826 0.643111 2.819460
v 0.451589 0.651125 2.809580
v 0.459714 0.657254 2.819440
v 0.451858 0.651140 2.829530
v 0.442243 -0.052535 1.748220
v 0.451572 -0.063140 1.744580
v 0.440476 -0.072359 1.746740
v -0.451917 0.358063 4.656440
v -0.445919 0.350761 4.667230
v -0.455189 0.357113 4.676140
v -0.622706 -0.024517 4.582870
v -0.634233 -0.031207 4.576390
v -0.633596 -0.016088 4.577390
v -0.655072 0.165677 4.645000
v -0.661623 0.176957 4.652010
v -0.648043 0.173371 4.654820
v -0.467155 0.031686 4.655710
v -0.461053 0.043487 4.643760
v -0.454225 0.032024 4.649290
v -0.454438 0.042354 4.659380
v -0.367031 0.148574 4.671970
v -0.378289 0.135361 4.675840
v -0.381614 0.150093 4.675600
v -1.291690 0.711594 4.595660
v -0.324335 0.966773 4.693270
v -0.330220 0.953449 4.692910
v -0.336832 0.962570 4.683670
v -0.767480 0.339890 4.643300
v -1.032650 0.550678 4.610210
v -1.024870 0.556805 4.622170
v -1.036210 0.548963 4.629310
v -1.154960 0.537889 4.612160
v -1.144440 0.544647 4.602980
v -1.139620 0.536285 4.613810
v -1.146310 0.545740 4.622370
v 0.084908 1.359250 4.215930
v 0.098485 1.357500 4.224100
v 0.115745 1.328670 4.232410
v -0.278664 1.137900 4.686770
v -0.269657 1.153150 4.694420
v -0.266250 1.145770 4.680800
v 0.259548 0.657529 2.810160
v 0.236620 0.652724 2.785910
v 0.234686 0.661813 2.797570
v 0.229493 0.649163 2.803530
v -0.869479 1.137750 4.657670
v -0.876898 1.142010 4.645800
v -0.863865 1.142150 4.639160
v -0.241025 0.153867 4.696700
v -0.241518 0.153635 4.676810
v -0.234694 0.162567 4.686490
v -2.647480 1.459830 4.482980
v -2.656640 1.454870 4.492630
v -2.654820 1.453200 4.472790
v 0.137328 0.389305 4.245910
v 0.118544 0.390484 4.240280
v 0.124722 0.391833 4.254240
v -0.252355 0.540319 4.674290
v -0.266264 0.537462 4.674890
v -0.261791 0.546490 4.664870
v 0.124016 1.335510 4.244620
v -0.048213 0.054099 4.695590
v -0.055206 0.051246 4.682700
v -0.042866 0.057825 4.677420
v -0.494459 -0.033740 4.518370
v -0.503951 -0.021792 4.522300
v -0.494251 -0.020796 4.509920
v 0.556501 0.653644 2.823630
v 0.555819 0.639486 2.823270
v 0.548988 0.646733 2.813180
v 0.548190 0.646267 2.833110
v -1.140110 0.454441 4.617110
v -1.147220 0.447852 4.606480
v -1.154130 0.456003 4.615790
v -1.149070 0.448065 4.626380
v -0.554967 0.036515 4.650720
v -0.543999 0.043089 4.643650
v -0.547079 0.038592 4.662840
v -0.488935 -0.019350 4.526410
v -0.417650 -0.014399 4.629190
v -0.428675 -0.009481 4.638300
v -0.415508 -0.002815 4.641620
v -0.362589 -0.017171 4.649820
v -0.372203 -0.017268 4.639010
v -0.364490 -0.006588 4.633020
v -0.857263 0.560818 4.624290
v -0.850443 0.568258 4.634550
v -0.858291 0.561057 4.644240
v -1.437390 0.235983 4.599450
v -1.156700 0.353712 4.620800
v -1.149700 0.346836 4.607860
v -1.156930 0.339730 4.617910
v -1.145610 0.343031 4.625960
v -1.142040 0.734218 4.633190
v -1.138470 0.722236 4.620230
v -1.140530 0.738654 4.616990
v -0.538023 0.177852 4.665260
v -0.532497 0.163908 4.665000
v -0.546107 0.162912 4.658770
v 0.151836 0.555263 3.471890
v 0.158791 0.543408 3.478240
v 0.151772 0.554657 3.506180
v -0.355779 0.366738 4.678630
v -0.359853 0.371639 4.662020
v -0.355014 0.380183 4.672880
v -0.567628 0.242121 4.648770
v -0.560503 0.236180 4.659560
v -0.574128 0.232199 4.658470
v -0.037294 -0.018707 4.652000
v -0.025698 -0.011855 4.644120
v -0.025892 -0.027359 4.642360
v -0.448898 0.123589 4.681680
v -0.447961 0.128186 4.662370
v -0.440386 0.118435 4.670640
v -0.942530 0.046297 4.617710
v -0.949996 0.034698 4.621410
v -0.960169 0.044711 4.620890
v -0.569435 0.242932 4.668360
v -0.369384 0.377396 4.672500
v -0.419479 -0.019040 4.645570
v -0.766005 -0.019618 4.610670
v -0.364709 0.045402 4.665110
v -0.352557 0.050384 4.658310
v -0.353314 0.036668 4.662990
v -0.647217 0.282486 4.650140
v -0.654325 0.270908 4.642730
v -0.662917 0.282379 4.649210
v -0.550681 0.049649 4.654490
v -0.440568 0.132441 4.673960
v -0.277580 -0.019454 4.615110
v -0.268803 -0.023873 4.625660
v -0.278390 -0.034341 4.623130
v -0.280897 -0.019650 4.632280
v 0.055962 0.261008 4.697020
v 0.059813 0.229448 4.700720
v 0.042682 0.235084 4.702200
v -0.262840 0.075873 4.673540
v -0.252260 0.061539 4.680070
v -0.260680 0.071789 4.688650
v 0.126346 0.379740 4.246280
v -0.021861 -0.021222 4.657070
v 2.236820 0.342352 3.445220
v 2.220420 0.347313 3.448720
v 2.232610 0.356836 3.448670
v 2.230640 0.347402 3.460780
v 0.110702 0.236457 4.652660
v 0.104229 0.229509 4.642000
v 0.093805 0.239179 4.643310
v 1.159580 1.554320 4.847900
v 1.158090 1.565180 4.837800
v 1.169170 1.566280 4.848330
v 1.156700 1.565590 4.857220
v -0.260995 0.442763 4.681940
v -0.246882 0.440960 4.683090
v -0.253829 0.434885 4.672200
v -0.032885 0.417650 4.694610
v -0.030557 0.427255 4.684430
v -0.022680 0.431934 4.695260
v -0.551488 0.448764 4.666330
v -0.244545 0.830377 4.691710
v -0.250173 0.827858 4.705000
v -0.271989 0.845718 4.690110
v 0.062239 0.555799 4.682330
v 0.070126 0.547269 4.695410
v 0.071368 0.543486 4.680490
v 0.057605 0.540335 4.686730
v -0.249084 0.076400 4.679980
v 0.100835 0.386829 4.493980
v 0.108713 0.395645 4.503150
v 0.120331 0.388210 4.497360
v 0.109358 0.350744 4.318060
v 0.127607 0.346657 4.324370
v 0.117363 0.338467 4.317820
v 0.114179 0.344361 4.330860
v -0.636387 0.459688 4.650730
v -0.639313 0.444118 4.653060
v -0.642872 0.451227 4.641080
v -1.648960 0.953656 4.553250
v -1.643320 0.945527 4.563950
v -1.657030 0.949080 4.563950
v -1.648440 0.955639 4.573100
v 0.012104 -0.016906 4.679030
v 0.006302 -0.018339 4.665920
v 0.015943 -0.008518 4.661660
v 0.005017 -0.005308 4.671930
v -0.447698 0.763029 4.681300
v -0.452565 0.751641 4.689000
v -0.452536 0.755856 4.669550
v -0.129101 0.075859 4.676890
v -0.124061 0.063889 4.684820
v -0.128903 0.072608 4.696320
v -0.142350 -0.088599 0.936961
v -0.150604 -0.098382 0.945475
v -0.153495 -0.080846 0.948943
v 0.116338 -0.020321 4.655930
v 0.108770 -0.005280 4.656540
v 0.114463 -0.009910 4.641370
v -0.937937 0.227376 4.634010
v -0.951436 0.231927 4.632670
v -0.941431 0.237020 4.623800
v -0.943545 0.236599 4.643650
v -0.564564 0.359683 4.655500
v -0.562271 0.350532 4.644830
v -0.570807 0.342913 4.653310
v 0.063192 0.169105 4.706570
v 0.085362 0.164889 4.689860
v 0.080090 0.149172 4.693250
v 0.050124 0.160517 4.702880
v 0.042026 0.264788 4.691500
v -0.461755 0.759234 4.680450
v -0.153912 0.720203 4.678760
v -0.141405 0.717669 4.689020
v -0.156504 0.716686 4.695290
v 0.094434 0.153220 4.692090
v 0.093790 0.140375 4.663910
v 0.049939 0.696562 4.681270
v 0.043023 0.708134 4.674990
v 0.051675 0.708876 4.689420
v 0.037313 0.699065 4.688710
v -0.787058 1.247080 4.639360
v -0.784014 1.246480 4.656860
v -0.795529 1.238910 4.649580
v -0.796821 1.254420 4.650340
v 0.110547 0.536974 4.330830
v 0.127978 0.535493 4.334890
v 0.118331 0.524895 4.332720
v 0.099923 0.539239 4.469230
v -0.255556 0.434062 4.692090
v -1.462730 2.265710 4.589460
v -1.449510 2.262290 4.583450
v -1.461640 2.251070 4.586810
v -1.454880 2.258860 4.600140
v -0.443426 0.822811 4.687010
v -0.443695 0.815172 4.674110
v -0.454363 0.810276 4.685940
v 1.256180 1.946150 4.837150
v 1.247560 1.942240 4.824640
v 1.262860 1.939240 4.822870
v -0.748122 0.749374 4.670780
v -0.754600 0.758523 4.661660
v -0.745722 0.753549 4.651400
v 1.567960 0.117695 2.842990
v 1.576180 0.106526 2.851250
v 1.561390 0.103636 2.846290
v -0.461016 0.467135 4.660980
v -0.451227 0.457650 4.670840
v -0.450340 0.455547 4.653570
v -0.864692 0.157091 4.628590
v -0.871736 0.166366 4.637790
v -0.857156 0.165412 4.637940
v -0.755049 0.242502 4.641660
v -0.750622 0.256905 4.643940
v -0.739187 0.247401 4.640600
v -0.653503 0.454585 4.650160
v -0.969854 0.633645 4.625580
v -0.975913 0.627828 4.613350
v -0.984101 0.635542 4.622740
v -0.953495 0.447911 4.628400
v -0.953759 0.456413 4.616690
v -0.944501 0.460523 4.627030
v -1.545230 0.901976 4.602210
v -1.520590 0.884873 4.602570
v -1.535320 0.878498 4.606210
v -1.530750 0.907592 4.605950
v 0.067855 1.342940 4.116980
v 0.085310 1.341970 4.124350
v 0.076243 1.331440 4.120010
v 0.071563 1.338240 4.132000
v -0.276715 1.055050 4.685030
v -0.268706 1.066810 4.686980
v -0.261686 1.057160 4.678990
v -0.266118 1.057150 4.697290
v 0.102485 0.634627 4.635520
v 0.099143 0.637039 4.651360
v 0.103706 0.648995 4.642040
v 1.945800 1.851120 4.787280
v 1.968220 1.843230 4.799900
v 1.955440 1.834190 4.801880
v 0.543012 0.340897 2.829650
v 0.552151 0.347955 2.821000
v 0.556870 0.341582 2.832810
v 0.072572 1.406520 4.197160
v 0.210044 -0.051065 1.867610
v 0.212608 -0.061854 1.857020
v 0.199915 -0.061029 1.864210
v 1.242960 1.741960 4.835670
v 1.246930 1.752070 4.825870
v 1.256700 1.746550 4.835040
v 1.248120 1.751240 4.845740
v -1.519110 1.121460 4.599400
v -1.521640 1.110430 4.607980
v -1.533560 1.116150 4.602810
v -0.658805 0.634923 4.636590
v -0.650201 0.627870 4.646650
v -0.665925 0.625449 4.647220
v -0.976690 0.352927 4.628870
v -0.968762 0.359983 4.619220
v -0.970716 0.361130 4.639010
v -0.978270 0.367151 4.627890
v 0.160640 0.638657 3.471880
v 0.157450 0.634173 3.485160
v 0.147523 0.643180 3.479970
v 0.165688 0.645954 3.485270
v -0.864725 0.568439 4.633820
v -0.654625 0.552944 4.639520
v -0.646609 0.559576 4.649530
v -0.649841 0.545842 4.650800
v -2.044550 0.950085 4.556860
v -0.947535 0.558953 4.627030
v -0.945610 0.544708 4.628090
v -0.953040 0.550004 4.616940
v -0.858241 0.764010 4.655510
v -0.844036 0.765256 4.654970
v -0.850183 0.758237 4.644170
v -0.962250 0.463485 4.626040
v -0.984836 0.620912 4.622970
v -0.912827 0.872872 4.641920
v -0.914090 0.890085 4.646590
v -0.901980 0.881026 4.649030
v -0.262946 0.773677 4.693320
v -0.251172 0.778803 4.700990
v -0.242369 0.763188 4.693450
v -0.754871 0.451643 4.632030
v -0.756356 0.450755 4.651910
v -0.764322 0.445289 4.641050
v -1.029870 -0.020571 4.572430
v -1.030010 -0.033866 4.583800
v -1.038930 -0.021168 4.585080
v -0.855686 0.246234 4.649150
v -0.864801 0.158607 4.648370
v -0.774731 -0.005417 4.607590
v 0.096317 1.373050 4.221340
v 0.085968 1.365690 4.229600
v -0.761917 0.459480 4.641870
v -0.147854 0.442987 4.687260
v -0.134138 0.439493 4.687910
v -0.142349 0.433693 4.677930
v 0.108184 0.461834 4.455680
v 0.110617 0.447578 4.462030
v 0.100724 0.457604 4.469170
v 0.116500 0.458809 4.471450
v 0.115810 0.530826 4.345700
v -0.155187 0.608178 4.672370
v -0.143957 0.602161 4.680250
v -0.152070 0.574458 4.670680
v -0.039243 0.433982 4.693410
v -0.143026 0.434767 4.697880
v -0.355373 0.519640 4.672660
v -0.350212 0.527386 4.661870
v -0.341336 0.522091 4.672540
v 1.326340 0.146095 2.788270
v 1.361970 0.139783 2.810320
v 1.352430 0.132970 2.798380
v -0.649027 0.747977 4.677190
v -0.656374 0.755404 4.665800
v -0.643698 0.750453 4.658480
v -0.044316 0.543156 4.689730
v -0.049516 0.550610 4.677860
v -0.043652 0.557730 4.689180
v -0.058201 0.557190 4.688090
v 0.109579 0.381256 4.504030
v 0.107934 0.684782 4.584670
v 0.112009 0.679432 4.571720
v 0.105419 0.669327 4.579940
v -0.044322 0.747037 4.719260
v -0.050181 0.754592 4.707350
v -0.035246 0.756517 4.704830
v -0.041213 0.761552 4.717560
v -0.860400 1.340930 4.656280
v -0.808202 1.331430 4.655910
v -0.791331 1.335070 4.653770
v -0.796774 1.321260 4.658010
v -0.855927 1.045600 4.650970
v -0.862462 1.063750 4.646440
v -0.860975 1.056750 4.659560
v -1.517260 1.213010 4.593040
v -1.521600 1.203760 4.602830
v -1.524030 1.214460 4.611760
v -1.510750 1.212230 4.606100
v -0.917018 1.360240 4.629090
v -0.908686 1.352560 4.639170
v -0.917494 1.360670 4.648470
v -0.335747 1.047150 4.682830
v -0.326250 1.056530 4.688800
v -0.324525 1.040750 4.689690
v -0.339398 1.048260 4.696950
v -0.438241 0.807165 4.687450
v -0.913100 1.064880 4.632870
v -0.903200 1.057240 4.641790
v -0.911559 1.064690 4.652300
v -1.860790 0.457340 4.566120
v -1.874280 0.452620 4.564500
v -1.870770 0.464330 4.556930
v -1.359410 0.635041 4.591770
v -1.360400 0.619731 4.596580
v -0.556347 0.833228 4.655080
v -0.557178 0.837674 4.673540
v -0.548709 0.827216 4.666650
v -0.648216 0.816251 4.680150
v -1.372460 0.626757 4.588590
v -1.448440 0.759772 4.603190
v -1.459770 0.748604 4.605940
v -1.457450 0.759986 4.614330
v -1.449780 0.748669 4.618610
v -1.649450 1.238500 4.560280
v -1.663390 1.237340 4.558150
v -1.655210 1.244880 4.549050
v -1.436980 0.626861 4.601730
v -1.431250 0.617171 4.592200
v -1.437740 0.625539 4.581930
v -1.178240 0.709602 4.599560
v 0.079798 1.269980 4.165900
v 0.078397 1.257930 4.155160
v 0.063671 1.263220 4.159370
v -1.449910 0.721172 4.582030
v -1.443130 0.709139 4.587750
v -1.454040 0.710170 4.597920
v -0.903803 1.072130 4.641980
v -1.450950 0.454884 4.601650
v -1.437000 0.454903 4.596050
v -1.447000 0.452660 4.583640
v -1.416540 0.441903 4.597680
v -1.445690 0.441706 4.594850
v -1.444690 0.721386 4.595830
v -1.445670 0.619471 4.592600
v -1.508460 1.070390 4.605150
v -1.519810 1.070980 4.614930
v -1.525640 1.069100 4.601150
v -1.656210 0.858954 4.571770
v -1.657400 0.850062 4.559550
v -1.669610 0.851874 4.572110
v -1.749740 1.550310 4.542190
v -1.743550 1.557720 4.552790
v -1.747040 1.545620 4.559630
v -1.757850 1.558140 4.551880
v -1.525380 0.880030 4.619240
v -2.140450 1.262310 4.530350
v -2.150070 1.253820 4.539600
v -2.154050 1.249690 4.524860
v -2.038500 1.259240 4.539350
v -2.045960 1.251970 4.549240
v -2.045830 1.252050 4.529300
v -2.151200 1.454650 4.532240
v -2.144590 1.454640 4.513370
v -2.140620 1.461470 4.525350
v -3.051690 1.643930 4.442150
v -3.054220 1.658560 4.438040
v -3.038580 1.652000 4.442530
v -1.950490 1.652950 4.517390
v -1.958330 1.646940 4.527630
v -1.955930 1.662040 4.528440
v -2.156780 1.351620 4.528600
v -2.143350 1.360410 4.527530
v -2.139280 1.345180 4.530750
v -2.255020 0.946965 4.520620
v -2.247720 0.953943 4.530730
v -2.255290 0.946835 4.540540
v -2.261930 0.955380 4.530540
v -1.847320 1.445700 4.539580
v -1.840440 1.439150 4.550810
v -1.854390 1.440680 4.555370
v -2.659910 2.236200 4.459640
v -2.249710 1.147590 4.526210
v -2.255770 1.154630 4.515440
v -2.249480 1.161750 4.525940
v -2.460250 1.748070 4.490060
v -2.454510 1.754510 4.477430
v -2.446470 1.747670 4.486860
v 1.030330 1.946260 4.762480
v 1.017190 1.941810 4.772770
v 1.019990 1.954740 4.767440
v -1.577340 2.239430 4.571750
v -1.578200 2.230080 4.557140
v -1.568800 2.244460 4.557700
v -1.870580 2.349730 4.502890
v -1.879930 2.345570 4.513650
v -1.876770 2.360030 4.512350
v -1.866790 2.347340 4.520340
v -1.655400 2.342560 4.537170
v -1.939790 2.335500 4.513250
v -1.947520 2.347640 4.510900
v -1.935600 2.350470 4.503000
v -1.990780 2.374940 4.488250
v -2.000390 2.379800 4.498100
v -1.955380 2.546670 4.508610
v -1.946580 2.557730 4.502510
v -1.940490 2.542950 4.507490
v -1.946470 2.553070 4.519410
v -2.241750 2.176860 4.500620
v -2.228750 2.172540 4.494020
v -2.233180 2.174770 4.513000
v -2.437160 2.135240 4.477760
v -2.451260 2.134230 4.476670
v -2.446690 2.143990 4.467470
v -1.947440 1.652360 4.536710
v -2.351830 2.048780 4.497440
v -2.358290 2.056680 4.486560
v -2.348500 2.049530 4.477870
v -2.063230 2.043010 4.514080
v -2.061370 2.056930 4.516180
v -2.053550 2.048860 4.505490
v -2.150860 1.747860 4.525110
v -2.458050 2.043720 4.480630
v -2.459090 2.057860 4.481150
v -2.450650 2.051730 4.471530
v -3.053210 1.445050 4.459740
v -3.052820 1.447980 4.443510
v -3.047040 1.456240 4.453520
v -3.060580 1.460110 4.451570
v -2.202740 2.197170 4.506020
v -2.207720 2.205260 4.494120
v -3.210920 0.946254 4.463600
v -3.205440 0.938550 4.450030
v -3.205740 0.955081 4.450590
v -1.531260 1.441630 4.596810
v -1.518170 1.436940 4.610130
v -1.521890 1.429790 4.597340
v -1.532410 1.431040 4.608130
v -2.838390 1.351420 4.458380
v -2.831950 1.359180 4.469040
v -2.832100 1.344860 4.469460
v -3.050050 1.340740 4.454280
v -3.060310 1.344880 4.445270
v -3.051850 1.356140 4.452100
v -1.652450 1.364050 4.557660
v -1.658200 1.355900 4.547600
v -1.666480 1.362270 4.558540
v -1.656800 1.354640 4.567310
v -2.651530 2.154550 4.476820
v -2.553870 2.238210 4.476940
v -2.547770 2.246920 4.467140
v -2.539750 2.240770 4.477340
v -2.229260 2.184610 4.502620
v -2.644340 1.953300 4.464650
v -2.651080 1.946550 4.454070
v -2.658270 1.955040 4.462830
v -2.347990 2.249700 4.470730
v -2.339640 2.253350 4.481760
v -2.344750 2.240010 4.481040
v -2.959990 1.841140 4.443960
v -2.452270 2.050880 4.491440
v -2.644000 1.362810 4.484930
v -2.649240 1.355490 4.496850
v -2.643290 1.347910 4.484190
v -2.655940 1.356050 4.478980
v -2.358500 2.147730 4.470270
v -2.366290 2.140970 4.480390
v -2.365400 2.155340 4.481650
v -2.356420 2.145910 4.489730
v -2.266540 1.964620 4.486490
v -2.243190 1.948410 4.500810
v -2.268990 1.964950 4.506190
v -2.364860 2.357100 4.479850
v -2.350770 2.355410 4.477240
v -2.358060 2.349750 4.466150
v -2.355800 2.343000 4.482740
v -2.016250 2.548870 4.497700
v -2.013140 2.532780 4.500300
v -2.022920 2.540050 4.511560
v -2.174830 2.344350 4.490850
v -2.181870 2.359580 4.489250
v -2.169440 2.356850 4.497360
v -1.663310 2.056340 4.544850
v 0.117402 0.447510 4.338350
v -2.338120 1.856750 4.494130
v -2.337560 1.842240 4.493360
v -2.344600 1.849650 4.483020
v -1.936020 2.350280 4.519450
v 0.214021 0.596226 2.994220
v 0.201912 0.598718 3.005930
v 0.196816 0.596057 2.989900
v -1.128780 -0.083843 1.804680
v -1.132740 -0.066632 1.800810
v -1.117470 -0.071389 1.806240
v -2.052850 2.245500 4.512240
v -2.066950 2.244820 4.509870
v -2.059650 2.255350 4.503490
v -2.062590 2.250080 4.522450
v -0.500938 -0.063872 2.048050
v -0.491261 -0.053835 2.043590
v -0.492900 -0.071139 2.038210
v -0.487568 -0.063858 2.054010
v -1.453360 0.047188 4.595040
v -1.460590 0.073229 4.601740
v -1.448900 0.081939 4.601660
v -0.745806 -0.070248 1.744020
v -0.752880 -0.081174 1.750020
v -0.761740 -0.071605 1.755970
v -1.141300 -0.079695 1.635820
v -1.133140 -0.068944 1.640980
v -1.127240 -0.079218 1.632810
v -1.213390 -0.083859 1.787380
v -1.221280 -0.070744 1.782730
v -1.206150 -0.072228 1.780400
v -0.862559 -0.088054 1.563220
v -0.869132 -0.077627 1.570430
v -0.862435 -0.068086 1.562180
v -0.852080 -0.083874 1.655360
v -0.951801 -0.085487 1.367350
v -0.940813 -0.079799 1.357730
v -0.939080 -0.094457 1.363000
v -0.941848 -0.082598 1.460410
v -0.956679 -0.082786 1.461510
v -0.954019 -0.082285 1.476130
v -0.934797 -0.081781 1.372060
v -1.132180 -0.088843 1.642300
v -1.249990 -0.081878 1.873520
v -1.248220 -0.071079 1.863030
v -1.238420 -0.069938 1.874530
v -0.825683 -0.087715 1.152020
v -0.816384 -0.084262 1.166210
v -0.810528 -0.089234 1.150690
v -0.948622 -0.092485 1.467940
v -0.741903 -0.092983 1.245610
v -0.754479 -0.086832 1.240020
v -0.748760 -0.076173 1.248930
v -1.027010 -0.083165 1.477930
v -1.192280 -0.077340 1.673430
v -1.202360 -0.088781 1.670500
v -1.204890 -0.069431 1.669010
v -1.119140 -0.072726 1.581300
v -1.120020 -0.088756 1.579340
v -1.132390 -0.081443 1.571920
v -1.046320 -0.088481 1.637090
v -1.054950 -0.078160 1.641550
v -1.045450 -0.068505 1.637380
v -1.209080 -0.068770 1.795090
v -1.144640 -0.065481 1.735090
v -1.148830 -0.078930 1.744270
v -1.140980 -0.082528 1.729840
v -0.356517 -0.062563 2.017420
v -0.357417 -0.052004 2.027700
v -0.348705 -0.067830 2.028780
v -1.125810 -0.070427 1.948690
v -1.127770 -0.059309 1.958480
v -1.117660 -0.069453 1.960620
v -1.063500 -0.059239 1.955550
v -1.064380 -0.078992 1.954390
v -1.070090 -0.068292 1.945610
v -0.845709 -0.067977 1.922510
v -0.838270 -0.058029 1.930270
v -0.833136 -0.074565 1.926130
v -0.958043 -0.076222 2.039430
v -0.964098 -0.064962 2.031700
v -0.949781 -0.061687 2.034440
v -0.747473 -0.070658 1.758430
v -0.944114 -0.079345 1.771480
v -0.956375 -0.077605 1.758650
v -0.942545 -0.074245 1.758280
v 1.720730 0.153771 2.899120
v 1.722520 0.148307 2.882010
v 1.715160 0.139218 2.893660
v -1.041690 -0.078813 1.646500
v -0.962660 -0.061697 2.046210
v -0.944500 -0.053851 2.145880
v -0.939744 -0.070393 2.139620
v -0.950673 -0.064845 2.153230
v 0.043600 0.045946 4.698920
v 0.039020 0.051415 4.681300
v 0.043628 0.059890 4.692990
v 0.030213 0.052969 4.694320
v -1.341590 -0.028898 4.563400
v -0.540013 -0.084893 1.243050
v -0.538399 -0.085445 1.257210
v -0.546910 -0.095145 1.251140
v -0.546840 -0.075246 1.251910
v 0.057097 -0.054355 1.745000
v 0.064703 -0.064353 1.738140
v 0.056881 -0.074131 1.745070
v 0.525503 -0.077897 0.765980
v 0.523914 -0.095614 0.767274
v 0.512918 -0.085925 0.763531
v 0.516582 -0.085800 0.778207
v -0.791158 -0.021091 4.587590
v 0.356449 -0.089521 0.644283
v 0.347341 -0.100911 0.648759
v 0.343889 -0.092134 0.638073
v 0.543791 -0.074244 0.849343
v 0.552968 -0.083324 0.842584
v 0.545515 -0.094124 0.848920
v 0.246899 -0.074592 1.724800
v 0.238254 -0.065999 1.716420
v 0.252633 -0.065112 1.715550
v -0.538859 -0.094855 1.048140
v -0.550235 -0.096571 1.035730
v -0.536318 -0.091470 1.033800
v 1.035050 -0.057021 1.743150
v 1.040710 -0.039806 1.741340
v 1.049190 -0.052879 1.735130
v 0.334835 -0.094451 0.556366
v 0.234834 -0.099657 0.422967
v 0.225810 -0.111119 0.420026
v 0.223159 -0.091623 0.418425
v -0.046762 -0.100453 0.244477
v -0.049349 -0.119641 0.241161
v -0.057142 -0.107571 0.235582
v 0.262941 -0.098576 0.447134
v 0.254225 -0.107505 0.456292
v -0.216076 -0.103625 0.281827
v -0.199133 -0.104848 0.284350
v -0.211355 -0.116889 0.285091
v -0.127331 -0.104887 0.189448
v -0.114486 -0.112329 0.187812
v -0.126852 -0.118091 0.181736
v -0.054939 -0.089354 0.641027
v -0.051122 -0.106282 0.646454
v -0.057036 -0.095513 0.653747
v 0.252805 -0.088398 0.452900
v 0.343425 -0.089276 0.754890
v 0.344241 -0.087469 0.740310
v 0.352143 -0.098252 0.746459
v 0.236368 -0.086563 1.041150
v 0.238916 -0.073954 1.051010
v 0.251958 -0.082979 1.047670
v -0.243735 -0.096116 0.738719
v -0.251695 -0.086270 0.745684
v -0.244851 -0.096398 0.752832
v -1.660080 2.488780 4.524080
v -1.667110 2.495900 4.513650
v -1.658830 2.488820 4.504160
v 0.426464 -0.097926 0.653044
v 0.428233 -0.082007 0.661061
v 0.433259 -0.085466 0.646811
v -0.648348 -0.066866 2.012620
v -0.642917 -0.055759 2.019580
v -0.633091 -0.065323 2.015950
v -0.830424 -0.063167 2.128260
v -0.839461 -0.073411 2.133490
v -0.842742 -0.055289 2.127910
v 0.467896 -0.062433 1.933600
v 0.460905 -0.045921 1.937910
v 0.467502 -0.055587 1.946180
v 2.116380 0.904713 3.247000
v 2.103380 0.908501 3.241030
v 2.111840 0.902476 3.230490
v 2.552270 1.636130 4.789840
v 2.564220 1.634730 4.775170
v 2.563470 1.611460 4.794280
v 1.445180 0.555988 2.829620
v 1.457440 0.543973 2.826640
v 1.443500 0.541452 2.830400
v 1.375110 0.732152 2.798210
v 1.363380 0.738162 2.803660
v 1.375990 0.742205 2.808960
v 1.366420 0.724790 2.807580
v 1.563510 0.112425 2.859330
v 0.347680 -0.076331 0.846917
v 0.354870 -0.086788 0.839720
v 0.340418 -0.087232 0.840715
v 0.348423 -0.096152 0.848862
v 2.254760 0.253122 3.259360
v 1.647880 0.738805 2.871470
v 1.645910 0.741567 2.887350
v 1.649140 0.753185 2.877430
v 2.234010 0.254991 3.347520
v 1.540720 0.657413 2.861800
v 1.548120 0.658654 2.848500
v 1.542460 0.645819 2.852920
v 1.551940 0.647307 2.864060
v 0.825290 -0.061544 1.525760
v 0.837367 -0.065077 1.534780
v 0.825848 -0.062758 1.544870
v 1.140100 0.357946 2.785810
v 1.143350 0.348030 2.775550
v 1.145790 0.348396 2.795340
v 1.296670 -0.034210 2.003210
v 1.305500 -0.045173 1.998490
v 1.292820 -0.045415 1.990770
v -0.539788 -0.064029 2.038090
v -0.531796 -0.062342 2.050250
v -0.540914 -0.073746 2.049040
v -0.543721 -0.054090 2.048160
v 0.815866 -0.069067 1.182890
v 0.828824 -0.071711 1.168480
v 0.813745 -0.070435 1.167960
v 0.847509 2.254750 4.688990
v 0.845799 2.241070 4.683890
v 0.831838 2.245650 4.684230
v -0.119593 -0.055668 2.251100
v -0.137945 -0.054725 2.251140
v -0.128244 -0.045195 2.255810
v -0.132285 -0.056005 2.264380
v -1.652760 2.496740 4.514560
v 1.521350 2.645140 4.848440
v 1.512000 2.645360 4.836020
v 1.525220 2.637680 4.833240
v -2.418600 1.511660 4.491430
v -2.422620 1.503290 4.503100
v -2.426570 1.518900 4.503410
v -1.950030 2.428570 4.509050
v -2.197580 2.210450 4.503140
v -2.049290 2.349120 4.499850
v -2.047000 2.361780 4.508600
v -2.047810 2.350490 4.519270
v -2.248480 2.137310 4.493920
v -2.258750 2.139870 4.482390
v -2.257730 2.148480 4.494010
v -2.262300 2.136780 4.501250
v -1.728110 2.454240 4.525960
v -1.740870 2.447840 4.522140
v -1.737620 2.457590 4.511510
v -1.510560 1.988210 4.596980
v -1.525650 1.991830 4.596630
v -1.516400 1.998070 4.605980
v -1.523880 1.986710 4.611170
v -1.987520 2.517360 4.506510
v -1.985730 2.526830 4.489080
v -1.976260 2.522320 4.498980
v -2.262320 2.333320 4.480540
v -2.255210 2.346100 4.486490
v -2.249800 2.332120 4.489100
v -2.260100 2.337600 4.498880
v -2.053920 2.493390 4.488850
v -2.049390 2.493700 4.505330
v -2.065090 2.488760 4.500710
v -1.845560 2.165970 4.511290
v -1.849690 2.156180 4.520650
v -1.855860 2.168910 4.520970
v -2.054510 2.046060 4.524860
v -1.753820 2.244220 4.530250
v -1.741840 2.256590 4.534910
v -1.741370 2.242290 4.537530
v 1.616200 2.699920 4.777110
v 1.628340 2.692220 4.778760
v 1.616590 2.684350 4.781820
v -2.973990 2.447950 4.432990
v -2.152330 1.853950 4.503040
v -2.146520 1.862890 4.513000
v -2.152880 1.854380 4.522990
v -2.346690 1.848520 4.502770
v -2.217180 1.739870 4.502340
v -2.229330 1.747980 4.500310
v -2.216920 1.754150 4.495260
v -2.222470 1.750310 4.513160
v -2.458980 1.860580 4.480650
v -2.450100 1.853690 4.471800
v -2.452880 1.853680 4.491600
v -2.450020 1.757520 4.496390
v -2.457810 1.945560 4.478400
v -2.457900 1.959730 4.479730
v -2.450680 1.953680 4.469060
v -2.450510 1.951810 4.488970
v 0.646506 2.515660 4.694960
v 0.662911 2.536500 4.692150
v 0.665997 2.534070 4.707550
v -2.444850 1.861490 4.482640
v -2.739930 2.533390 4.477540
v -2.747530 2.528770 4.466220
v -2.738050 2.535530 4.457760
v -2.541910 1.856230 4.481900
v -2.541560 1.841670 4.481190
v -2.551430 1.846570 4.471650
v -2.553420 1.845180 4.488900
v -1.760590 1.455220 4.558020
v -1.749730 1.448620 4.544630
v -1.760740 1.442040 4.551670
v -2.653550 1.947550 4.473890
v -2.748370 1.848810 4.469680
v -2.745560 1.846850 4.450010
v -2.740150 1.855430 4.460070
v -2.961260 1.348940 4.453720
v -2.950410 1.347660 4.444400
v -2.952580 1.337740 4.454300
v -2.049290 1.141860 4.536390
v -2.041470 1.157000 4.536850
v -2.048770 1.150980 4.551030
v -2.052830 1.260180 4.539260
v -2.048870 1.350110 4.544730
v -2.055420 1.342780 4.534400
v -2.047330 1.349570 4.524800
v -2.044210 1.847570 4.522660
v -2.058340 1.847270 4.521670
v -2.050720 1.854340 4.512040
v -2.273980 1.821930 4.504500
v -2.269250 1.827820 4.486260
v -2.261780 1.828750 4.499180
v -2.275290 1.835000 4.497700
v -2.225480 2.019780 4.512060
v -2.235300 2.018040 4.500570
v -2.222810 2.021470 4.492580
v -2.151450 2.171530 4.507560
v -2.151660 2.156370 4.502790
v -2.186030 2.145920 4.495010
v -2.179960 2.137160 4.484530
v -2.182490 2.134540 4.504050
v -2.154450 2.237890 4.515940
v -2.163400 2.237690 4.504070
v -2.150660 2.235720 4.496670
v -2.152580 2.247830 4.505060
v -1.946840 2.150130 4.521510
v -1.959880 2.138930 4.515290
v -1.960790 2.152600 4.519460
v -1.956860 2.146350 4.531730
v -1.846480 2.165010 4.531230
v -1.558360 1.959500 4.562690
v -1.558320 1.967290 4.575340
v -1.568500 1.957230 4.579320
v -1.947710 1.751020 4.515340
v -1.941590 1.758310 4.525870
v -1.949810 1.751490 4.535220
v -1.954790 1.351630 4.535370
v -1.943650 1.339310 4.541930
v -1.958270 1.339390 4.542590
v -1.955700 1.758600 4.524370
v -2.368080 1.659400 4.501940
v -2.342980 1.674010 4.493740
v -2.362240 1.646450 4.489330
v -2.557370 1.544640 4.484690
v -2.552540 1.558980 4.486280
v -2.541620 1.543590 4.487780
v -2.431200 1.344600 4.495450
v -2.436040 1.348870 4.513710
v -1.954760 1.252510 4.536770
v -1.947380 1.259030 4.547530
v -1.950730 1.245840 4.552800
v -1.951820 1.347920 4.552580
v -1.745340 1.041630 4.560670
v -1.759720 1.041620 4.560020
v -1.752360 1.048180 4.549540
v -2.338810 1.548210 4.504380
v -2.343580 1.537610 4.494370
v -2.359500 1.568230 4.495730
v -2.462920 1.559870 4.490950
v -2.452760 1.553130 4.482960
v -2.461500 1.545420 4.491640
v -1.857860 1.763770 4.535190
v -1.849280 1.757220 4.526050
v -1.856650 1.749680 4.535800
v -2.465050 1.460760 4.487020
v -2.441230 1.439490 4.493520
v -2.454400 1.443460 4.501960
v -2.360850 1.746460 4.483340
v -2.350370 1.746540 4.494490
v -2.355750 1.718640 4.499360
v -2.236910 1.862150 4.496090
v -2.233350 1.850960 4.505330
v -2.247980 1.854280 4.502910
v -2.250200 1.454340 4.504000
v -2.244370 1.462060 4.514340
v -2.243470 1.447930 4.514700
v -1.948560 1.462220 4.548850
v -1.952170 1.457390 4.530700
v -1.941000 1.467340 4.535910
v -0.797101 1.109070 4.652730
v -0.790273 1.073320 4.651600
v -0.808539 1.079380 4.653380
v -1.570940 1.966530 4.567540
v -1.561160 1.647960 4.584740
v -1.555430 1.652340 4.567030
v -1.556810 1.662310 4.579820
v -1.851640 1.943200 4.521590
v -1.842300 1.944450 4.533510
v -1.859040 1.939350 4.537470
v -2.144380 2.048380 4.518750
v -2.150320 2.051920 4.501680
v -2.136140 2.042460 4.508680
v -1.860800 2.043570 4.524710
v -1.847900 2.046470 4.517660
v -1.852450 2.046670 4.536760
v -1.854240 2.057030 4.525300
v 0.630658 2.518290 4.690310
v 0.641786 2.530280 4.689240
v -2.340220 1.711390 4.495180
v -2.340770 1.663830 4.504150
v -2.156810 1.954300 4.518890
v -2.154590 1.952690 4.499130
v -2.146540 1.957510 4.509710
v -2.159190 1.963550 4.507800
v -2.252100 1.546340 4.499140
v -2.260650 1.538990 4.508040
v -2.293810 1.544340 4.501020
v -1.749090 1.443540 4.560390
v -2.260030 1.971990 4.497180
v -1.749260 1.854910 4.535220
v -1.748430 1.842280 4.542680
v -1.762850 1.845060 4.542490
v -2.344350 2.057290 4.488960
v -2.262620 2.053350 4.483580
v -2.255440 2.059730 4.494410
v -2.262030 2.050370 4.503270
v -2.757650 2.252650 4.457500
v -2.460440 2.354550 4.470700
v -2.454960 2.362380 4.459630
v -2.446310 2.366270 4.472630
v -2.181270 2.351210 4.504830
v -1.854930 2.435580 4.522340
v -1.579130 2.432660 4.561170
v -1.565090 2.435670 4.553720
v -1.566830 2.425600 4.563930
v -1.743480 2.461540 4.527030
v -1.990350 2.376410 4.508130
v -2.550590 2.339540 4.472430
v -2.552240 2.353580 4.471830
v -2.544380 2.347210 4.461930
v -2.543920 2.348120 4.481890
v -2.269900 2.059360 4.494780
v -1.945010 2.047710 4.532030
v -2.160480 1.860440 4.512660
v -2.240640 1.859590 4.515110
v -1.966430 1.945110 4.523810
v -1.969390 1.959150 4.521750
v -1.959050 1.953000 4.513660
v -1.961410 1.955380 4.533250
v -1.743680 1.742800 4.544130
v -1.752250 1.750480 4.534810
v -1.742860 1.757520 4.543740
v -1.508870 2.052180 4.601870
v -1.520640 2.042340 4.598050
v -1.518640 2.056790 4.591980
v -2.146950 2.160630 4.515530
v -2.135650 2.163090 4.507220
v -2.145310 2.455130 4.483220
v -2.139650 2.460240 4.497890
v -2.155000 2.556970 4.487060
v -2.139650 2.558490 4.488960
v -2.144190 2.543690 4.490260
v -2.264240 2.459650 4.497960
v -2.263780 2.458600 4.478100
v -2.255510 2.465820 4.487870
v -2.461700 2.370440 4.471650
v -2.744930 2.542660 4.467970
v -3.052880 2.435780 4.443840
v -3.067150 2.436700 4.439860
v -3.058490 2.439520 4.428150
v -3.061540 2.450330 4.441580
v -2.549960 1.754030 4.472680
v -2.555480 1.762660 4.484320
v -2.543470 1.754420 4.489630
v -2.852660 2.247460 4.441450
v -2.841290 2.259960 4.448640
v -2.840900 2.245680 4.449410
v -2.967530 2.161480 4.433460
v -2.953430 2.159940 4.433060
v -2.961380 2.151880 4.424500
v -2.960500 2.154810 4.444240
v -2.850770 2.050320 4.462180
v -2.844340 2.045430 4.445830
v -2.843010 2.057780 4.452830
v -2.857110 2.057500 4.450690
v -2.740300 2.151110 4.456370
v -3.052520 1.748040 4.431870
v -3.044730 1.740100 4.441520
v -3.059230 1.738380 4.440580
v -3.053570 1.746130 4.451630
v -3.049300 1.653390 4.454070
v -2.655210 1.757880 4.473210
v -2.957190 1.644930 4.447510
v -2.966410 1.646350 4.434740
v -2.970930 1.655020 4.448750
v -2.858940 1.749920 4.449960
v -2.845060 1.740570 4.450810
v -2.859290 1.734530 4.451730
v -2.039380 1.759100 4.522990
v -3.146730 1.354630 4.457000
v -2.855560 1.742400 4.464540
v -3.229330 1.775890 4.436540
v -2.280420 1.684770 4.505640
v -2.271290 1.677560 4.496370
v -2.282830 1.678520 4.487020
v -0.943609 -0.078842 1.572630
v -0.957627 -0.078737 1.585720
v -0.948352 -0.068753 1.581520
v -1.066000 -0.073711 1.774730
v -1.065330 -0.084663 1.765630
v -1.064120 -0.064859 1.763720
v -1.075490 -0.074156 1.764110
v -2.260690 1.747770 4.486090
v -2.258540 1.738530 4.497650
v -0.950096 -0.063996 1.764650
v -0.941873 -0.079338 1.588550
v -2.349330 0.942910 4.510830
v -2.343570 0.935320 4.521500
v -2.357660 0.936337 4.520230
v -2.351100 0.943235 4.530740
v 0.658419 2.549150 4.700670
v 0.648877 2.222950 4.460080
v 0.633526 2.216840 4.463690
v 0.636116 2.233550 4.463440
v 1.655320 0.455024 2.888870
v 1.647730 0.450571 2.877110
v 1.642540 0.452838 2.895750
v 1.859930 2.631050 4.758130
v 1.848620 2.639720 4.759760
v 1.851760 2.639800 4.745770
v 1.744370 2.046020 4.775200
v 1.759240 2.051210 4.772120
v 1.759200 2.044630 4.786760
v 1.149960 1.842730 4.819490
v 1.141410 1.851310 4.827150
v 1.155530 1.852360 4.829370
v 0.643981 2.244120 4.610450
v 0.649990 2.238440 4.622120
v 0.646966 2.206160 4.601060
v 2.228060 0.628693 3.504590
v 2.219000 0.621741 3.492900
v 2.219110 0.636030 3.495740
v 2.592060 1.777920 4.814950
v 2.578400 1.782700 4.826370
v 2.584470 1.792460 4.814670
v 1.923510 2.414750 4.774090
v 1.912240 2.406360 4.776740
v 1.918380 2.414680 4.760730
v 1.911240 2.422060 4.773180
v 2.524470 1.841990 4.752940
v -0.353764 0.749724 4.695060
v -0.359066 0.760356 4.686150
v -0.351187 0.753384 4.675680
v 1.865770 1.772540 4.794040
v -0.357006 0.612567 4.660920
v -0.351173 0.628708 4.665840
v -0.343679 0.615630 4.667470
v 2.655770 1.949640 4.819460
v 2.661140 1.960830 4.829990
v 2.662390 1.966720 4.814870
v 1.559610 2.044200 4.851160
v 1.545740 2.046120 4.846360
v 1.555270 2.056610 4.842060
v 1.561530 0.743538 2.858790
v 1.552160 0.737289 2.846090
v 1.548360 0.747957 2.854990
v 2.232750 0.530129 3.509140
v 2.222800 0.523217 3.500740
v 2.223040 0.537677 3.501500
v 1.990400 1.673060 4.827320
v 2.004520 1.663270 4.826240
v 1.999270 1.673190 4.839290
v 2.191960 0.813530 3.446780
v 2.215770 0.810812 3.464250
v 2.211230 0.794046 3.462080
v -0.857160 1.251800 4.640330
v -0.852541 1.236440 4.646180
v -0.866498 1.240920 4.644050
v -0.769473 0.986812 4.653100
v -0.772133 0.986385 4.633420
v -0.769819 0.996844 4.642900
v -0.563671 0.825066 4.666500
v -0.869263 1.051120 4.648990
v -0.809652 1.105420 4.659740
v 0.084141 1.399670 4.187000
v 0.078007 1.414840 4.182970
v 0.108186 1.332680 4.247000
v -0.917297 0.963249 4.638600
v -0.904450 0.969301 4.645640
v -0.906627 0.953285 4.645530
v -1.048760 0.722578 4.622190
v -1.052040 0.729969 4.634140
v -1.051290 0.717468 4.641300
v -0.936093 0.737542 4.638840
v -0.948884 0.744720 4.641270
v -0.937621 0.753694 4.637570
v -0.781636 0.988980 4.644670
v -0.139158 0.364461 4.688520
v -0.148817 0.359388 4.678170
v -0.153989 0.362278 4.692510
v -0.149373 0.348131 4.688130
v 0.069819 0.639036 4.680770
v 0.074776 0.653641 4.676140
v 0.081938 0.640688 4.670950
v 0.085188 0.643609 4.686010
v -0.446812 0.364901 4.667760
v -0.254199 -0.090015 0.937124
v -0.246766 -0.079701 0.943363
v -0.240079 -0.089898 0.936179
v 0.756730 1.755390 4.736960
v 0.764719 1.754020 4.719540
v 0.767998 1.746960 4.732200
v 0.770401 1.761620 4.732150
v -0.268650 0.950113 4.702880
v -0.277788 0.941773 4.694840
v -0.271123 0.948128 4.683310
v -0.345040 0.758205 4.687610
v -0.278012 0.956478 4.693380
v -0.352106 0.837359 4.693110
v -0.342934 0.850566 4.685620
v -0.337786 0.839383 4.693210
v -0.058871 0.374712 4.683180
v -0.068156 0.369054 4.692460
v -0.066122 0.383195 4.692690
v -0.060356 0.374593 4.703070
v -0.050482 0.706812 4.694800
v -0.045343 0.708587 4.678000
v -0.035841 0.713222 4.690680
v -0.031753 0.623503 4.688510
v 0.111138 0.583713 4.513370
v 0.111136 0.596845 4.499030
v 0.115280 0.598443 4.513680
v -0.445111 0.655238 4.659770
v -0.448097 0.640988 4.659890
v -0.454307 0.649283 4.649660
v -0.555305 0.344176 4.655580
v 0.028494 0.395580 4.699580
v 0.021710 0.383293 4.701650
v 0.017344 0.391455 4.690900
v 2.575750 1.616110 4.803280
v 1.954090 1.658450 4.815680
v 1.953280 1.649820 4.804340
v 1.940890 1.657360 4.810360
v 1.946110 1.648690 4.822380
v 1.857870 1.765290 4.782440
v 0.069643 0.811828 4.671720
v 0.082085 0.802929 4.665530
v 0.071544 0.796086 4.676180
v 0.081428 0.808300 4.681120
v 2.204790 0.762030 3.505710
v 2.214050 0.767557 3.495550
v 2.218510 0.755345 3.503770
v 2.042670 1.727000 4.805930
v 2.049480 1.700740 4.802040
v 2.041740 1.699820 4.787420
v 2.033020 1.699610 4.803540
v 2.017220 1.563090 4.821950
v 2.006360 1.557790 4.829790
v 2.004970 1.572010 4.827950
v 2.005130 1.679350 4.825610
v 2.234870 0.458847 3.345110
v 2.225610 0.448772 3.350860
v 2.234290 0.456622 3.359430
v 2.245280 0.450340 3.352340
v 0.142540 0.028742 4.647150
v 0.128785 0.028171 4.653900
v 0.138692 0.033854 4.664120
v 0.048035 0.084133 4.700600
v 0.036700 0.090226 4.692930
v 2.245880 0.560189 3.257480
v 2.233490 0.551637 3.262370
v 2.234200 0.559049 3.248410
v 2.232680 0.658840 3.245030
v 1.648450 0.558178 2.875550
v 1.651630 0.551613 2.891110
v 1.639420 0.551182 2.883930
v 2.159160 0.877076 3.259650
v 2.169300 0.881444 3.249620
v 2.162540 0.865867 3.250400
v 2.234070 0.643951 3.338410
v 2.233930 0.648300 3.352020
v 2.224180 0.653421 3.342930
v 2.244150 0.653052 3.343240
v 1.858150 0.848930 2.916660
v 1.857620 0.834568 2.915820
v 1.845020 0.842214 2.916360
v 0.455763 -0.059929 1.820730
v 0.464286 -0.049613 1.827530
v 0.468600 -0.067058 1.823850
v 0.457723 -0.062537 1.835380
v 1.741450 0.086930 2.912640
v 1.732580 0.068350 2.889520
v 2.239040 0.442504 3.258980
v 2.212860 0.530464 3.508860
v 2.225030 0.457392 3.452350
v 2.222670 0.443415 3.443440
v 2.227840 0.444087 3.456740
v 1.331910 -0.012930 2.889030
v 1.331550 -0.013737 2.869360
v 1.321870 -0.015735 2.879480
v 1.650370 0.064389 2.869800
v 1.665200 0.062009 2.872650
v 1.660390 0.054880 2.860010
v 1.656490 0.049956 2.876190
v 0.115902 0.702905 4.505330
v 0.118546 0.707305 4.520420
v 0.132762 0.704222 4.513900
v 0.121455 0.672516 4.580440
v 0.079430 0.462334 4.683370
v 0.083556 0.454487 4.695610
v 0.078252 0.444692 4.685930
v -0.013833 0.131206 4.701380
v -0.018007 0.113229 4.701640
v -0.029291 0.125294 4.699610
v -0.040996 0.152850 4.686710
v -0.143421 0.200280 4.686420
v -0.129205 0.199294 4.689480
v -0.132838 0.186012 4.684700
v -0.050067 0.159993 4.695290
v -0.035991 0.161241 4.697080
v -0.046065 0.238892 4.685240
v -0.050247 0.247558 4.696320
v -0.039446 0.235555 4.700070
v 0.062996 0.153277 4.709130
v -0.053897 0.230130 4.694020
v 0.018893 0.393925 4.710610
v 0.097229 0.228748 4.654420
v 0.099715 0.126766 4.660830
v 0.097501 0.131138 4.674530
v 0.111292 0.741217 4.683650
v 0.095407 0.740462 4.687690
v 0.099417 0.743096 4.670640
v 0.103412 0.208514 4.561180
v 0.108416 0.210243 4.574590
v 0.121369 0.206384 4.569570
v 0.109582 0.447316 4.629300
v 0.095619 0.445233 4.632370
v 0.092620 0.451251 4.619580
v 0.100343 0.458588 4.629530
v -0.160828 0.575806 4.682430
v 1.256410 1.955170 4.823880
v -0.149184 0.569946 4.689250
v 1.350230 1.561410 4.846340
v -1.256390 0.148176 4.608490
v -1.268400 0.146392 4.599160
v -1.269090 0.156914 4.610610
v -1.271220 0.142510 4.616100
v 0.115298 0.638603 4.644890
v -0.773265 0.155048 4.635950
v -0.779363 0.160893 4.652120
v -0.767307 0.147963 4.647590
v -1.482760 0.366206 4.595770
v -1.492150 0.364655 4.585290
v -1.493430 0.368505 4.604800
v -1.333110 0.438074 4.612350
v -1.039010 0.559727 4.619790
v -1.854230 0.359248 4.568640
v -1.857510 0.373647 4.569340
v -1.845080 0.369992 4.562210
v -1.512850 0.735287 4.599100
v -1.548370 0.758769 4.581600
v -1.510990 0.750374 4.604590
v -1.542160 0.918625 4.604160
v -1.333190 0.727752 4.603490
v -1.355220 0.719881 4.579400
v -1.339510 0.742177 4.598990
v -1.349780 0.706799 4.585190
v -1.362880 0.716948 4.592330
v -0.874311 1.443730 4.642490
v -1.850230 0.367909 4.580860
v -2.445630 0.164547 4.526540
v -2.435000 0.169769 4.537060
v -2.437870 0.154902 4.536390
v -2.252450 0.157962 4.556770
v -2.240320 0.145992 4.556630
v -2.245330 0.151893 4.541470
v -1.410510 0.455896 4.592700
v -0.848824 -0.064186 2.284590
v -2.441150 0.643998 4.529980
v -1.578510 0.149766 4.595500
v -1.579640 0.159242 4.583960
v -1.570770 0.161847 4.594950
v -1.582350 0.161864 4.603440
v -1.749570 0.052393 4.579130
v -1.759500 0.044067 4.570660
v -1.763760 0.053406 4.580630
v -1.757380 0.044811 4.590130
v -1.558700 0.238009 4.597170
v -1.562140 0.249172 4.586790
v -1.551650 0.250925 4.596960
v -1.566080 0.064505 4.587420
v -1.553460 0.054494 4.585630
v -1.561280 0.052758 4.599720
v -1.343760 0.069724 4.605400
v -1.332600 0.068696 4.596240
v -1.335790 0.057485 4.605040
v -1.444630 0.333033 4.603390
v -1.436070 0.344624 4.602270
v -1.434110 0.333054 4.593480
v -1.434310 0.335124 4.613300
v -1.439840 0.138917 4.608820
v -1.450460 0.143895 4.599740
v -1.443670 0.152614 4.608690
v -1.334290 0.066999 4.616020
v -1.155480 0.054081 4.605100
v -1.160980 0.057195 4.618270
v -1.151370 0.047485 4.623440
v -1.421620 -0.019291 4.580980
v -1.415250 -0.031097 4.575210
v -1.427340 -0.027761 4.567740
v -1.222300 0.009228 4.598460
v -0.679996 -0.055950 2.328860
v -0.672956 -0.066766 2.335470
v -0.715383 -0.067115 2.353470
v -1.238570 -0.034976 4.563490
v -0.642297 -0.079058 1.819800
v -0.651788 -0.068845 1.816220
v -0.635051 -0.069047 1.812420
v -0.047266 -0.075489 1.751020
v -0.044449 -0.064818 1.741670
v -0.039892 -0.062558 1.756810
v -0.025621 -0.059444 1.969330
v -0.014619 -0.058640 1.978270
v -0.023947 -0.069279 1.979430
v -1.139660 -0.030382 4.562530
v -1.141010 -0.033153 4.576850
v -1.150660 -0.024625 4.570090
v -0.906891 -0.022604 4.567040
v -0.898071 -0.021427 4.555070
v -0.897440 -0.033985 4.565120
v -1.508750 0.233100 4.593830
v -1.553190 0.066008 4.596520
v -1.347700 0.149864 4.600700
v -1.339690 0.157286 4.610220
v -1.340100 0.142888 4.611750
v 0.267490 0.545388 2.813330
v 0.238443 0.559240 2.806020
v 0.250644 0.551100 2.792430
v -1.855750 0.138055 4.579290
v -2.050310 0.551819 4.542120
v -2.044540 0.544081 4.553670
v -2.056980 0.550825 4.559900
v -1.954890 0.241731 4.566830
v -1.945640 0.249095 4.558030
v -1.940630 0.241260 4.569070
v -1.944160 0.253599 4.575690
v 0.205282 0.093231 3.023410
v 0.216663 0.083932 3.023530
v 0.203929 0.084793 2.989120
v 0.206514 0.073357 3.022440
v -2.249010 0.457365 4.533160
v -2.259330 0.447356 4.539190
v -2.260710 0.461799 4.540640
v -2.254200 0.454998 4.551770
v -1.057170 -0.081493 1.537760
v -1.052320 -0.071117 1.546260
v -1.042860 -0.080976 1.550370
v -0.311797 -0.059707 2.206960
v -0.307929 -0.049768 2.197590
v -0.307121 -0.069719 2.198050
v -0.298248 -0.059255 2.202750
v -0.825991 -0.055765 2.023390
v -0.821114 -0.065174 2.032950
v -0.816355 -0.065738 2.019500
v -0.631514 -0.058520 1.939780
v -0.623037 -0.067831 1.932440
v -0.629656 -0.078365 1.940030
v -0.650907 -0.072625 2.122680
v -0.658744 -0.061848 2.128180
v -0.649796 -0.052778 2.121440
v -0.644671 -0.062443 2.131260
v -0.825514 -0.075717 2.024390
v -0.149777 -0.073388 1.337460
v -0.136976 -0.078780 1.333960
v -0.144021 -0.089184 1.340840
v -0.135980 -0.075446 1.347860
v -0.042596 -0.108872 0.555729
v -0.050512 -0.098363 0.548682
v -0.036080 -0.094913 0.550282
v -0.143281 -0.091695 1.250260
v -0.135966 -0.081783 1.243140
v -0.135984 -0.081497 1.257360
v -0.286215 -0.091124 0.621199
v -0.275614 -0.100558 0.623800
v -0.285737 -0.110835 0.624056
v 0.440572 0.830343 2.793760
v 0.449259 0.819278 2.785380
v 0.453391 0.801279 2.803390
v -0.705536 -0.054928 2.352550
v -0.665715 -0.054994 2.331120
v -0.717980 -0.053602 2.343080
v -0.840155 -0.077012 1.252720
v -0.834201 -0.085992 1.262190
v -0.839981 -0.096883 1.254860
v 0.204480 0.154828 3.022090
v 0.185112 0.155242 3.048180
v 0.200535 0.158203 3.045240
v -0.245134 -0.084574 1.559160
v -0.243556 -0.064804 1.557100
v -0.236683 -0.074548 1.565350
v -0.622882 -0.067630 1.947010
v -0.339819 -0.088018 1.466050
v -0.338723 -0.068074 1.465700
v -0.330905 -0.078602 1.460360
v 0.945016 0.841336 2.828070
v 0.959904 0.834377 2.817730
v 0.944694 0.834184 2.814190
v 0.335843 -0.080023 1.149500
v 0.339654 -0.072278 1.138090
v 0.343214 -0.090154 1.142590
v 0.243471 -0.090188 0.752062
v 0.249102 -0.079711 0.743972
v 0.242563 -0.090818 0.737825
v 0.156536 -0.091537 0.751818
v 0.148374 -0.099200 0.739803
v 0.150298 -0.083183 0.739504
v 0.141796 -0.088382 0.752193
v 0.358516 -0.085040 0.742926
v -0.051093 -0.100987 0.847224
v -0.058265 -0.091258 0.839627
v -0.051085 -0.081014 0.846506
v -0.058650 -0.090746 0.853888
v 0.158717 -0.094155 0.638896
v 0.154516 -0.102419 0.649639
v 0.143948 -0.093347 0.652351
v 0.157477 -0.088756 0.652068
v 0.343887 -0.081523 0.647588
v -0.044540 -0.094919 1.041470
v -0.052718 -0.085588 1.034250
v -0.045671 -0.074974 1.040870
v 0.319105 -0.086803 0.468868
v 0.311992 -0.096255 0.460697
v 0.309198 -0.096187 0.474799
v 0.317872 -0.106636 0.468719
v -1.208160 -0.075088 1.947410
v -1.213880 -0.059489 1.954870
v -1.204710 -0.069103 1.959770
v 0.456569 -0.075466 0.841596
v 0.465325 -0.085192 0.836062
v 0.455286 -0.094842 0.838892
v -0.043504 -0.088015 1.342830
v -0.044217 -0.068043 1.343410
v -0.036201 -0.077952 1.349890
v -0.251674 -0.106247 0.745286
v -0.149275 -0.094167 0.442713
v -0.142803 -0.102188 0.452769
v -0.147875 -0.113596 0.445595
v 0.166966 -0.109272 0.477578
v 0.157005 -0.098451 0.477595
v 0.167256 -0.098994 0.467313
v 0.168627 -0.089454 0.478186
v 0.056232 -0.094768 0.443484
v 0.210950 -0.113358 0.287323
v 0.196504 -0.105724 0.291816
v 0.209769 -0.095978 0.287793
v 0.044180 -0.113133 0.198941
v 0.052387 -0.102236 0.189161
v 0.046573 -0.117497 0.182910
v 0.143232 -0.091482 0.434224
v 0.154183 -0.101831 0.434836
v 0.142559 -0.111232 0.432866
v 0.271522 -0.092433 0.384583
v 0.270317 -0.108046 0.385919
v 0.255973 -0.101770 0.387276
v 0.221781 -0.100853 0.430014
v -0.227210 -0.106654 0.344589
v -0.229206 -0.095615 0.354051
v -0.231844 -0.115133 0.355635
v -0.240682 -0.104398 0.349952
v -0.146178 -0.099394 0.574660
v -0.143516 -0.097501 0.589445
v -0.133124 -0.090921 0.580615
v -0.134144 -0.107956 0.583777
v 0.953188 -0.070839 1.439890
v 0.257148 -0.092605 0.538380
v 0.242726 -0.094341 0.534974
v 0.243266 -0.088953 0.548877
v -0.441452 -0.089508 0.673966
v -0.437424 -0.100482 0.663849
v -0.425648 -0.093534 0.631111
v 0.247433 -0.077594 0.846479
v 0.249060 -0.097469 0.845677
v 0.242004 -0.088384 0.854542
v -0.675171 -0.074804 1.661230
v -0.675356 -0.072886 1.647080
v -0.661082 -0.073096 1.647370
v -0.668970 -0.062730 1.654830
v -0.446912 -0.075769 1.965380
v -0.447291 -0.055836 1.964360
v -0.446120 -0.065254 1.975160
v -0.457487 -0.065922 1.966380
v -0.055615 -0.065361 1.757100
v 0.062087 -0.084598 1.238900
v 0.048530 -0.079633 1.238870
v 0.056265 -0.069432 1.245550
v -0.151344 -0.066978 1.438910
v -0.143215 -0.080680 1.444050
v -0.146303 -0.077316 1.430630
v -0.056302 -0.090371 1.247130
v -0.062382 -0.080620 1.238600
v -0.050716 -0.073305 1.250650
v 0.349843 -0.077113 1.149980
v 0.353595 -0.063695 1.545150
v 0.359011 -0.068678 1.531960
v 0.344257 -0.065726 1.530680
v 0.245563 -0.054846 1.722830
v -0.038068 -0.076405 1.408030
v -0.052742 -0.076489 1.407460
v -0.045775 -0.066788 1.416010
v -0.045636 -0.086644 1.415340
v -0.544101 -0.080657 1.040580
v -0.249060 -0.083354 0.844531
v -0.242303 -0.090844 0.854727
v -0.248792 -0.102640 0.849782
v -0.249172 -0.110864 0.538873
v -0.249867 -0.091984 0.543576
v -0.240674 -0.102668 0.547526
v -0.254546 -0.104272 0.551913
v -0.508819 -0.110088 0.698460
v -0.515215 -0.094262 0.693944
v -0.500754 -0.101691 0.683639
v -0.402658 -0.100546 0.582308
v -0.417211 -0.109818 0.578116
v -0.414885 -0.092221 0.578630
v -0.748341 -0.098638 1.146480
v -0.758148 -0.088805 1.143370
v -0.749288 -0.078829 1.148320
v -0.753987 -0.089866 1.156940
v -0.258122 -0.068417 1.464660
v -0.254010 -0.083015 1.458500
v -0.264136 -0.084990 1.471210
v -0.443660 -0.107308 0.678558
v -0.451281 -0.099249 0.668807
v -0.157143 -0.103319 0.452106
v 0.067936 -0.098197 0.493841
v 0.056823 -0.109492 0.495771
v 0.048946 -0.095628 0.495045
v 0.143675 -0.092538 0.538464
v 0.156910 -0.097726 0.537697
v 0.150146 -0.106709 0.546428
v 0.156355 -0.091465 0.550471
v -0.351915 -0.099008 1.044100
v -0.357290 -0.088104 1.036770
v -0.343251 -0.088749 1.038750
v 0.143076 -0.102068 0.443790
v -0.122328 -0.114375 0.200357
v 0.058076 -0.115996 0.193007
v -0.042765 -0.095521 0.653042
v 0.058883 -0.098645 0.505099
v 0.044393 -0.109366 0.349977
v 0.047608 -0.096348 0.345085
v 0.043388 -0.107530 0.335857
v -0.210587 -0.108283 0.296676
v 0.146267 -0.095195 0.344245
v 0.158439 -0.103727 0.339796
v 0.145538 -0.105002 0.334001
v 0.148288 -0.114669 0.344033
v 0.055275 -0.114457 0.342185
v 0.223927 -0.093151 0.352617
v 0.232354 -0.107539 0.348209
v 0.216073 -0.108072 0.353876
v -0.027534 0.053405 0.166437
v -0.029722 0.046404 0.153874
v -0.031189 0.059661 0.148066
v -0.040556 0.054731 0.158865
v 0.050085 -0.085335 0.643468
v 0.050041 -0.105213 0.645274
v 0.043255 -0.094533 0.652367
v -0.156937 -0.091551 0.532349
v -0.144525 -0.099510 0.534918
v -0.153937 -0.111108 0.533953
v -0.075537 -0.098946 0.509809
v -0.069116 -0.098935 0.524436
v -0.057950 -0.096471 0.513281
v -0.065423 -0.110291 0.513827
v -0.152192 -0.102032 0.848953
v -0.158550 -0.090344 0.854326
v -0.145786 -0.086384 0.841653
v -0.346489 -0.112521 0.549963
v -0.355370 -0.102641 0.544608
v -0.345524 -0.092702 0.547680
v 0.251553 -0.099531 0.744692
v -0.074204 0.112617 0.285617
v -0.087327 0.116000 0.278792
v -0.083827 0.129656 0.286075
v -0.428562 -0.100790 0.619281
v -0.441403 -0.099352 0.625123
v 0.144671 -0.113926 0.239323
v 0.134389 -0.109626 0.255499
v 0.141788 -0.100229 0.245777
v -0.314045 -0.099665 0.471396
v -0.322386 -0.113591 0.466332
v -0.327793 -0.097182 0.461702
v -0.150891 -0.107607 0.646486
v -0.151706 -0.087842 0.646282
v -0.140647 -0.097326 0.642382
v -0.247625 -0.113800 0.444764
v -0.255061 -0.103353 0.437356
v -0.245409 -0.094251 0.443936
v -0.152275 -0.085091 0.745439
v -0.144561 -0.095034 0.751907
v -0.151874 -0.105072 0.745130
v -0.493161 -0.094863 0.696740
v -0.240351 -0.100792 0.591626
v -0.228043 -0.090049 0.592154
v -0.229195 -0.100686 0.582399
v -0.351469 -0.110529 0.627909
v -0.350283 -0.090726 0.625855
v -0.343968 -0.101883 0.618765
v -0.351265 -0.079127 1.045970
v -0.244343 -0.088619 0.649549
v -0.242178 -0.108252 0.652035
v -0.244229 -0.099892 0.640131
v -0.226240 -0.108654 0.594121
v 0.445734 -0.077510 0.743960
v 0.453623 -0.087424 0.737133
v 0.445710 -0.097477 0.743723
v -0.144360 -0.091662 0.854823
v -0.340837 -0.097219 0.738793
v -0.344065 -0.097586 0.752838
v -0.350501 -0.107312 0.744365
v -0.350598 -0.087512 0.744860
v -0.245650 -0.097136 1.043390
v -0.253555 -0.087432 1.036120
v -0.245997 -0.077178 1.042990
v -0.149520 -0.096483 0.344503
v -0.141809 -0.105967 0.336356
v -0.156280 -0.105945 0.335877
v -0.149510 -0.116358 0.343318
v -0.140480 -0.080611 1.039820
v -0.153632 -0.086154 1.039070
v -0.152143 -0.081191 1.052390
v -0.770897 -0.082781 1.339290
v -0.757804 -0.075830 1.349770
v -0.763742 -0.092909 1.348130
v 0.192076 0.742117 2.960230
v 0.202027 0.734835 2.969530
v 0.185808 0.752458 2.990460
v 0.204348 0.750023 2.967950
v 0.350720 0.449509 2.808400
v 0.342370 0.441224 2.817890
v 0.340393 0.455990 2.817010
v 0.830829 -0.067127 1.244610
v 0.837820 -0.078886 1.250700
v 0.834487 -0.064195 1.258830
v 2.213230 0.452381 3.512330
v 2.224170 0.461715 3.506000
v 2.223250 0.446428 3.502440
v 0.101831 0.751894 4.681760
v 0.061647 -0.084870 1.033330
v 0.051807 -0.093808 1.039180
v 0.055656 -0.074452 1.041430
v -0.151291 -0.063608 1.544270
v -0.145181 -0.073680 1.536370
v -0.150135 -0.083547 1.545270
v -0.142190 -0.072810 1.550210
v -0.059377 -0.069652 1.625080
v -0.049085 -0.076657 1.638440
v -0.061673 -0.069445 1.639440
v 0.209710 -0.070617 1.869270
v 0.444101 -0.077935 1.561570
v 0.434119 -0.066776 1.558580
v 0.447050 -0.067258 1.552600
v 0.450084 -0.061183 1.565130
v -0.025286 -0.049326 1.979290
v -0.846227 -0.084031 1.338350
v -0.860707 -0.084718 1.339610
v -0.853072 -0.074684 1.346870
v -0.856366 -0.092207 1.351300
v -1.762970 0.370663 4.581940
v -1.749080 0.369574 4.578950
v -1.756060 0.362869 4.568480
v -0.640749 -0.070398 1.741810
v -0.649167 -0.080639 1.735990
v -0.649354 -0.060682 1.735390
v -0.855002 -0.077770 1.569380
v -0.860021 -0.064170 1.724130
v -0.849319 -0.073597 1.721340
v -0.858971 -0.084110 1.724080
v -0.856081 -0.080248 1.470060
v -0.847104 -0.071168 1.463030
v -0.847622 -0.090879 1.464780
v -0.841990 -0.080287 1.473780
v -0.333106 -0.078236 1.474340
v -0.908890 -0.096461 1.282970
v -0.911541 -0.087988 1.270640
v -0.904592 -0.082061 1.285190
v -0.188752 -0.052491 1.912100
v -0.184878 -0.071446 1.913980
v -0.196546 -0.064658 1.905980
v -2.840560 0.751446 4.489500
v -2.834290 0.755031 4.473000
v -2.827480 0.749197 4.484150
v -2.828080 0.763481 4.484630
v -0.458316 -0.098322 0.936822
v -0.444755 -0.093575 0.935225
v -0.446242 -0.097772 0.948979
v -0.452291 -0.082990 0.941562
v -0.256488 -0.091324 0.853687
v -0.056730 -0.093728 0.753060
v -0.048692 -0.083684 0.744903
v -0.042134 -0.096556 0.740073
v -0.449186 -0.079885 1.042530
v -0.443749 -0.095157 1.036170
v -0.456696 -0.089185 1.034600
v 0.033744 -0.077671 1.362260
v 0.041169 -0.067136 1.356280
v 0.040626 -0.087000 1.354040
v 0.540742 -0.069716 1.054540
v 0.545584 -0.086517 1.049470
v 0.531714 -0.080498 1.059600
v 0.252727 -0.080138 1.123500
v 0.238485 -0.080676 1.121370
v 0.243786 -0.071193 1.130840
v 0.244787 -0.091033 1.129160
v 0.249360 -0.068148 1.243040
v 0.256940 -0.078744 1.236740
v 0.248597 -0.088078 1.244000
v 0.158832 -0.089134 0.839713
v 0.144434 -0.087514 0.853372
v 0.158906 -0.084784 0.853789
v 0.021575 -0.077721 1.600550
v 0.011042 -0.070150 1.592220
v 0.021810 -0.062590 1.599740
v 0.856498 -0.057260 1.362250
v 0.856782 -0.064772 1.348670
v 0.843213 -0.066123 1.356080
v 0.256376 0.345676 2.826720
v 0.255222 0.344946 2.811190
v 0.267685 0.340565 2.818290
v 0.267100 0.354771 2.813510
v 0.552690 0.745943 2.811910
v 0.562568 0.748517 2.826310
v 0.547333 0.742157 2.827080
v 1.651360 0.267162 2.881810
v 1.675420 0.243931 2.893300
v 1.645050 0.257506 2.893250
v 1.677300 0.257441 2.899840
v -0.474099 -0.049357 2.315080
v -0.457775 -0.045953 2.291930
v -0.480739 -0.054696 2.301390
v -0.162341 -0.066306 2.014530
v -0.155417 -0.061127 2.002660
v -0.145050 -0.063185 2.012850
v -0.155205 -0.050284 2.012560
v -0.015860 -0.046796 2.083310
v -0.010085 -0.057088 2.074380
v -0.014887 -0.066603 2.084650
v 0.754853 2.158960 4.706000
v 0.748929 2.144020 4.703230
v 0.739321 2.156650 4.703670
v 0.442422 0.552971 2.822030
v 0.449102 0.545275 2.811860
v 0.441842 0.538562 2.822360
v 0.122941 -0.007450 4.653160
v 0.647367 0.746391 2.817350
v 0.640466 0.739116 2.827740
v 0.639373 0.753521 2.827700
v 0.453464 -0.056682 1.943540
v 0.346850 0.826592 2.791430
v 0.366035 0.801978 2.794080
v 0.340481 0.809588 2.794530
v 0.170983 0.725808 3.388750
v 0.156794 0.724615 3.396240
v 0.170753 0.729721 3.404350
v 0.241827 0.750869 2.783230
v 0.266481 0.741382 2.802990
v 0.235784 0.743906 2.798320
v -0.143449 -0.071717 1.249860
v 0.192802 0.162074 3.058670
v 0.752437 -0.068612 1.659430
v 0.190949 0.188562 3.284580
v 0.180415 0.175457 3.291150
v 0.188018 0.185732 3.299040
v 0.164812 0.336454 3.440150
v 0.176846 0.328397 3.432870
v 0.162887 0.324999 3.425360
v 0.197957 0.743923 2.992100
v 1.150780 -0.048120 1.848120
v 1.137750 -0.053311 1.839870
v 1.147480 -0.044255 1.834860
v 1.141580 -0.035292 1.844160
v -0.719078 -0.053147 2.360280
v -0.685114 -0.070404 2.237840
v -0.691306 -0.059076 2.247120
v -0.687858 -0.053365 2.231420
v 0.187139 0.210537 3.326510
v 0.185263 0.206948 3.340850
v 0.177090 0.217535 3.334990
v 0.270185 0.655524 2.822810
v 0.271755 0.646425 2.807970
v 0.238977 0.838426 2.773530
v 0.246515 0.834549 2.785840
v 0.231614 0.835687 2.786130
v 0.759415 -0.051627 1.876190
v 0.764561 -0.042081 1.867080
v 0.765020 -0.061914 1.868230
v 0.773484 -0.051395 1.874570
v 0.344426 0.350332 2.814710
v 0.340316 0.338416 2.822140
v 0.344479 0.349187 2.831120
v 0.354752 0.338577 2.819770
v 0.454109 0.440530 2.821760
v 0.439794 0.440703 2.823300
v 0.445046 0.450865 2.814550
v 0.842994 0.443336 2.828360
v 0.850949 0.450316 2.818080
v 0.857901 0.444530 2.829740
v 0.843324 0.457871 2.828200
v 0.554035 0.538742 2.825790
v 0.539473 0.539792 2.825680
v 0.547110 0.548627 2.816880
v 1.107830 -0.062509 1.594910
v 1.096320 -0.051972 1.599720
v 1.108870 -0.043873 1.593130
v 0.860923 1.653710 4.739300
v 0.550334 0.822713 2.804590
v 0.564239 0.813736 2.809590
v 0.549619 0.806804 2.807910
v 0.027150 -0.071013 1.866130
v 0.026308 -0.051054 1.865200
v 0.033515 -0.060401 1.873070
v 0.181181 0.572747 3.164720
v 0.190822 0.562755 3.158210
v 0.171299 0.561785 3.159700
v 0.202005 0.481401 3.040300
v 0.214968 0.460413 3.010000
v 0.193419 0.487677 3.028740
v 0.222077 0.153195 2.987080
v 0.209611 0.147811 2.996830
v 0.207048 0.154364 2.981670
v 0.547640 0.349300 2.840480
v 0.860319 -0.052479 2.654110
v 0.850729 -0.041269 2.653050
v 0.859847 -0.043741 2.641670
v 0.554609 0.441027 2.828840
v 0.547063 0.446992 2.818110
v 0.554375 0.455243 2.827230
v 0.455126 0.343355 2.825280
v 0.441022 0.343027 2.826380
v 0.440734 0.357175 2.826410
v 0.469135 0.802365 2.807060
v 0.547056 0.449238 2.837960
v 0.521310 0.824139 2.800230
v 0.962996 0.809565 2.793420
v 0.952260 0.806322 2.783310
v 0.949465 0.814811 2.794830
v 0.953060 0.803132 2.802790
v 0.197168 0.847459 2.785920
v 0.193731 0.857255 2.774500
v 0.206660 0.859594 2.785070
v 0.190989 0.860560 2.791230
v 1.246740 0.818565 2.760040
v 1.251760 0.804874 2.765300
v 1.236440 0.807049 2.764400
v 1.011820 0.857099 2.828910
v 1.007140 0.841447 2.821680
v 1.012610 0.844973 2.838320
v 0.124755 1.249550 4.227250
v 0.128767 1.260980 4.215820
v 0.140635 1.249500 4.217980
v 0.165219 0.558071 3.480520
v 0.165188 0.554162 3.464830
v 1.256970 0.659357 2.759590
v 1.250860 0.651893 2.747320
v 1.241660 0.656340 2.759250
v 0.236862 0.554893 2.792490
v 0.246910 0.564412 2.795810
v 0.752430 0.750565 2.828310
v 0.743588 0.755684 2.817350
v 0.751983 0.746236 2.809310
v 0.522890 0.839137 2.804850
v 0.523792 0.832092 2.786840
v 0.549939 0.756854 2.822670
v 0.209285 0.739106 2.956590
v 0.245587 0.848893 2.781740
v 0.949994 0.827640 2.826230
v 0.205971 0.788605 2.795340
v 0.196483 0.778063 2.793480
v 0.189255 0.786596 2.784560
v 0.355713 0.796187 2.803660
v -0.152414 -0.053526 1.847980
v -0.153102 -0.073432 1.849120
v -0.162618 -0.062901 1.852680
v -0.226340 -0.072927 1.929120
v -0.228751 -0.062031 1.918470
v -0.454099 -0.064008 2.287980
v -0.450838 -0.056104 2.299840
v 0.262680 0.455807 2.809140
v 0.271617 0.443427 2.817310
v 0.256419 0.446300 2.819930
v 0.267256 0.455984 2.825840
v 0.981404 0.768243 2.794090
v 0.971725 0.757321 2.795910
v 0.971718 0.764448 2.783050
v -0.848291 -0.086370 1.259830
v 0.242331 0.450642 2.789040
v 0.236538 0.456781 2.804580
v -0.217405 -0.061338 1.927780
v -0.149507 -0.063044 1.858080
v -0.241130 -0.067172 1.857090
v -0.250754 -0.074954 1.848580
v -0.251537 -0.061858 1.841270
v -0.456540 -0.078420 1.832730
v -0.464206 -0.067782 1.825890
v -0.449881 -0.068344 1.824950
v -0.455695 -0.058563 1.833720
v 1.227760 -0.045971 1.949130
v 1.228630 -0.047904 1.966300
v 1.230880 -0.032690 1.958360
v 0.518672 -0.043988 1.986770
v 0.521161 -0.053782 1.975760
v 0.507997 -0.053491 1.982670
v -0.265076 -0.066139 2.306710
v -0.275477 -0.056375 2.306750
v -0.265451 -0.046432 2.308780
v 0.518102 -0.063699 1.986520
v 1.140150 -0.033002 1.969410
v 1.148510 -0.042246 1.978150
v 1.141940 -0.052589 1.969110
v 1.124510 -0.056892 1.646810
v 1.128570 -0.041519 1.648650
v 1.137610 -0.051407 1.641750
v -1.849610 2.245600 4.511380
v -1.841270 2.239690 4.524840
v -1.854110 2.250130 4.528290
v 1.240630 -0.044501 1.957360
v 1.253840 0.644393 2.762760
v 1.319220 0.359329 2.791570
v 1.308240 0.350914 2.783680
v 1.307610 0.354292 2.801240
v 1.317550 0.343770 2.794500
v 1.221990 -0.043586 2.329440
v 1.207050 -0.041101 2.324000
v 1.215580 -0.028063 2.328020
v 0.754230 -0.036505 2.641000
v 0.753160 -0.046253 2.629920
v 0.742115 -0.045167 2.639700
v 0.830368 -0.051306 1.535860
v 0.929846 -0.069110 1.349000
v 0.913685 -0.070430 1.347380
v 0.921186 -0.057376 1.343870
v 0.917903 -0.059609 1.358810
v 0.666341 -0.050925 1.667600
v 0.667929 -0.070720 1.667090
v 0.662728 -0.061413 1.676620
v 0.336150 -0.077575 1.245030
v 0.350044 -0.077682 1.247710
v 0.341888 -0.087691 1.253500
v 0.342002 -0.067706 1.253710
v 1.309320 -0.036560 2.618550
v 1.305490 -0.020655 2.620100
v 1.319590 -0.024356 2.627670
v 0.945093 -0.054193 1.668860
v 0.948223 -0.044290 1.659120
v 0.949952 -0.064191 1.659960
v 0.942251 -0.053434 2.014690
v 0.933201 -0.044121 2.008550
v 0.940540 -0.033521 2.014890
v 1.052650 -0.055307 1.551380
v 1.059330 -0.045315 1.561070
v 1.063380 -0.059793 1.564580
v 0.945446 -0.042427 1.917300
v 0.931658 -0.045507 1.921190
v 0.938891 -0.041729 1.933360
v 0.676568 -0.060216 1.673240
v 1.133540 -0.057648 1.747910
v 1.123240 -0.048781 1.753570
v 1.126470 -0.048236 1.739430
v 1.185850 2.702000 4.770240
v 1.172300 2.720100 4.780560
v 1.196510 2.704990 4.781130
v 0.972343 2.640930 4.718770
v 0.979385 2.653480 4.720770
v 0.980731 2.641630 4.706930
v 1.440380 2.426640 4.817750
v 1.446850 2.420210 4.828610
v 1.435600 2.412900 4.824010
v 1.435140 2.423190 4.836040
v 0.968086 2.385620 4.711770
v 0.967660 2.370440 4.711450
v 0.963635 2.375650 4.725140
v 0.841712 2.614380 4.640530
v 0.845853 2.629720 4.636400
v 0.857052 2.619610 4.642710
v 0.845017 2.625700 4.651950
v 1.017940 2.576260 4.759290
v 1.016560 2.573150 4.744610
v 1.031250 2.576490 4.744860
v 1.025660 2.649560 4.774490
v 0.757500 2.604930 4.656010
v 0.742683 2.605760 4.661120
v 0.748037 2.620430 4.659570
v 0.958279 2.600750 4.697600
v 0.989431 2.584360 4.703240
v 0.973388 2.578770 4.705890
v -1.214220 0.647034 4.593470
v -1.209490 0.640581 4.607620
v 1.017160 1.637440 4.785880
v 1.023670 1.651660 4.782980
v 1.027290 1.642690 4.770350
v 0.042911 0.749695 4.727730
v 0.039210 0.753397 4.709350
v 0.051411 0.744597 4.715060
v 0.851045 2.152230 4.718110
v 0.839147 2.147400 4.725300
v 0.838096 2.161550 4.721400
v 1.074710 2.038570 4.808910
v 1.076250 2.045610 4.824320
v 1.080530 2.054490 4.810410
v 1.069840 1.854770 4.808800
v 1.059880 1.844400 4.810640
v 1.060210 1.849300 4.824280
v 1.938730 1.857700 4.802540
v 1.936180 1.843470 4.796810
v 0.770199 2.431190 4.648710
v 0.807801 2.450900 4.661750
v 0.801948 2.441610 4.671250
v 0.644963 2.448700 4.684760
v 0.632240 2.456480 4.676810
v 0.644725 2.448840 4.667310
v -1.576880 2.363570 4.565830
v -1.563890 2.369140 4.563040
v -1.565340 2.359640 4.552310
v 0.763688 2.446180 4.645640
v 0.755668 2.433970 4.648100
v 0.761302 2.437210 4.661400
v 0.658655 1.553520 4.643470
v 0.663919 1.560230 4.660800
v 0.661130 1.545760 4.656480
v 0.635616 2.142440 4.412380
v 0.643962 2.149700 4.423340
v 0.640779 2.135530 4.428950
v 0.629182 2.145800 4.426320
v 1.161770 1.743180 4.836790
v 1.147460 1.744660 4.834230
v 1.156660 1.747500 4.823240
v 1.154290 1.755600 4.841150
v -0.043600 0.153751 4.706510
v 0.093016 0.555046 4.617000
v 0.109562 0.553489 4.617880
v 0.101524 0.541840 4.626630
v -0.344747 0.261013 4.666880
v -0.339967 0.253262 4.677710
v -0.353956 0.253409 4.675600
v -0.347718 0.261107 4.686570
v -0.643186 0.758821 4.670010
v -0.235095 0.838608 4.699300
v -0.248135 0.242044 4.674220
v -0.242882 0.233885 4.684690
v -0.257084 0.234949 4.683660
v 0.119264 0.150582 4.365790
v 0.122275 0.163787 4.374590
v 0.133634 0.152919 4.370900
v 0.097769 0.355962 4.644950
v 0.067406 0.455386 4.692300
v 0.070151 0.360940 4.690980
v 0.072531 0.345574 4.691460
v 0.057414 0.349090 4.692510
v 0.751934 0.450954 2.837840
v 0.752616 0.450665 2.817900
v 0.762972 0.451041 2.828230
v -0.053125 0.065611 4.686260
v -0.248887 0.160692 4.686860
v 0.127546 0.266756 4.318270
v 0.107941 0.267761 4.321700
v 0.117954 0.277519 4.318180
v 0.112828 0.179200 4.562220
v 0.107501 0.188405 4.575330
v 0.119150 0.149377 4.381170
v 0.342831 -0.013483 2.839790
v 0.331798 -0.006610 2.854970
v 0.336809 -0.000971 2.842910
v -0.369881 -0.005067 4.646430
v -0.006595 0.213115 4.692120
v -0.004788 0.203310 4.702580
v -0.016598 0.211218 4.702050
v 2.617980 1.788980 4.824890
v 2.612100 1.786260 4.840270
v 0.161469 0.457214 3.525850
v 0.111009 0.132359 4.669250
v -0.118722 0.077258 4.687010
v 0.174392 0.449806 3.444580
v 0.154965 0.451364 3.440660
v 0.163393 0.456071 3.451180
v 0.162649 0.441947 3.449250
v 1.007880 0.084411 2.797570
v 0.996016 0.083934 2.789240
v 0.998817 0.087984 2.808310
v 0.997852 0.074560 2.801130
v 0.850186 0.349844 2.840190
v 0.847181 0.348444 2.820690
v 0.856249 0.341360 2.829830
v 0.195885 0.346942 3.014060
v 0.208519 0.345424 3.004110
v 0.214192 0.346309 3.019210
v 1.120510 -0.039097 2.734010
v 1.114050 -0.026303 2.725390
v 1.128830 -0.026430 2.733220
v 1.105950 0.139173 2.790820
v 1.079670 0.154534 2.798260
v 1.104390 0.146416 2.805470
v 1.136910 0.161649 2.791210
v 1.077080 0.144243 2.787260
v -0.155782 -0.067844 2.126720
v -0.165085 -0.057796 2.122620
v -0.155242 -0.047926 2.125780
v 0.775829 -0.057602 1.969930
v 0.776135 -0.037987 1.967850
v 0.787141 -0.048316 1.965620
v -0.365434 -0.066716 2.028430
v -0.748178 -0.080383 1.653880
v -0.745451 -0.064366 1.655210
v -0.737788 -0.074815 1.665450
v -0.433164 -0.060098 2.176400
v -0.441729 -0.069157 2.183390
v -0.447199 -0.059347 2.174790
v -0.472477 -0.066185 2.309120
v -0.745275 -0.069192 1.934560
v -0.760217 -0.068258 1.926240
v -0.754463 -0.058161 1.934670
v -0.324191 -0.063691 1.948140
v -0.317184 -0.053574 1.940870
v -0.315089 -0.073344 1.942820
v -0.310158 -0.061994 1.950270
v -1.218390 -0.071895 1.962130
v 0.274233 -0.045737 2.778310
v 0.258971 -0.048968 2.771900
v 0.260958 -0.046079 2.787910
v -0.739551 -0.059269 2.254070
v -0.346958 -0.059302 2.269290
v -0.356701 -0.067735 2.262260
v -0.346496 -0.058632 2.254630
v -0.353712 -0.048296 2.262310
v -0.524209 -0.062321 2.129340
v -0.535993 -0.062933 2.121220
v -0.534270 -0.052095 2.130420
v -0.534464 -0.071995 2.132200
v -0.561045 -0.076876 1.921440
v -0.570135 -0.067601 1.914810
v -0.562809 -0.056997 1.921620
v -0.541638 -0.070182 1.739140
v -0.542301 -0.071109 1.724540
v -0.548829 -0.060177 1.731230
v -0.556274 -0.069943 1.738710
v -0.247624 -0.085100 1.341900
v -0.262627 -0.082013 1.339430
v -0.253214 -0.071734 1.343830
v -0.542519 -0.077842 1.157220
v -0.535960 -0.087670 1.165170
v -0.542638 -0.097823 1.157750
v -0.257344 -0.058027 2.139200
v -0.265008 -0.058765 2.153970
v -0.248445 -0.057755 2.155340
v -0.299829 -0.065669 2.306130
v -0.300510 -0.055326 2.295130
v 0.265109 -0.059819 2.780000
v 0.263639 0.055260 2.809810
v 0.267914 0.043955 2.819500
v 0.255614 0.052982 2.822190
v 0.268683 0.056586 2.828440
v 0.188918 0.174917 3.109130
v 0.187536 0.170165 3.095500
v 0.176890 0.167867 3.105070
v 0.196273 0.163193 3.104730
v -0.255273 -0.062643 1.855690
v -1.727030 -0.027041 4.556580
v -1.715930 -0.019183 4.565350
v -1.715210 -0.033477 4.562310
v -1.560910 0.659975 4.585530
v -1.568810 0.665842 4.575260
v -1.559430 0.661054 4.565700
v -0.227710 -0.062982 2.441940
v -0.229829 -0.043280 2.442350
v -0.225334 -0.052547 2.431840
v 0.349197 0.057718 2.808760
v 0.345141 0.047259 2.821590
v 0.343131 0.063188 2.821330
v 0.946591 0.145861 2.831930
v 0.943587 0.146904 2.812640
v 0.956927 0.144782 2.820350
v 0.220831 0.084703 2.987510
v 0.446862 -0.073469 0.944876
v 0.453706 -0.083142 0.952634
v 0.446399 -0.093354 0.946081
v 0.439589 -0.082749 0.953709
v 1.255110 0.739193 2.751550
v 1.250210 0.748821 2.762140
v 1.239600 0.751424 2.751740
v 0.940005 -0.056806 1.925350
v 0.958754 -0.053214 1.532700
v 0.944052 -0.058246 1.532640
v 0.956647 -0.057594 1.547460
v 0.931247 -0.048821 1.841950
v 0.941166 -0.039915 1.835630
v 0.933948 -0.049628 1.827840
v 0.849883 0.804038 2.813040
v 0.847135 0.816821 2.819620
v 0.845146 0.811161 2.801170
v 0.197007 0.175408 3.292860
v 1.137130 0.644281 2.770280
v 1.147000 0.650378 2.778540
v 1.141250 0.643501 2.789610
v 1.133480 0.653706 2.781560
v 1.005730 -0.048242 1.917830
v 1.001240 -0.046457 1.931680
v 1.010750 -0.037040 1.925670
v 1.011140 -0.056753 1.928340
v 0.760831 0.824410 2.801380
v 0.767610 0.811849 2.808050
v 0.752603 0.813780 2.808330
v 0.208667 0.232023 2.986190
v 0.221402 0.226915 2.982100
v 0.202815 0.224031 2.975850
v 0.210526 0.217863 2.987190
v 0.749675 0.348193 2.831620
v 0.757989 0.343516 2.820110
v 0.757192 0.336171 2.836340
v 1.858940 0.035441 2.864900
v 1.843880 0.033781 2.869540
v 1.855460 0.046537 2.900200
v 1.251820 0.348479 2.754090
v 1.251610 0.341664 2.769890
v 1.240880 0.354584 2.766150
v 2.240020 0.356386 3.353670
v 2.240680 0.356933 3.339140
v 2.230660 0.348798 3.345860
v 1.728870 0.632714 2.887170
v 1.730190 0.648057 2.887710
v 1.738020 0.640179 2.877020
v 0.915335 -0.046141 2.533920
v 0.895367 -0.046775 2.519730
v 0.883551 -0.038451 2.522890
v 1.246330 0.254027 2.775900
v 1.241600 0.254773 2.762410
v 1.241510 0.241789 2.768430
v 1.387310 -0.031783 2.756110
v 1.379360 -0.022410 2.748820
v 1.388750 -0.012944 2.753960
v 1.314960 0.656801 2.798680
v 1.321820 0.658202 2.780100
v 1.320430 0.646521 2.789310
v 1.338760 0.262822 2.799570
v 1.324260 0.244475 2.787310
v 1.323450 0.266921 2.797030
v 1.237700 0.085791 2.781720
v 1.244400 0.076623 2.765510
v 1.242930 0.072807 2.779140
v 1.449170 0.353411 2.847460
v 1.444850 0.360458 2.835260
v 1.446180 0.345792 2.835810
v 0.857356 0.355967 2.828610
v 1.294820 -0.050838 2.007110
v 1.145870 0.547308 2.771680
v 1.139170 0.555599 2.781670
v 1.153480 0.557637 2.779530
v 1.148470 0.549506 2.791150
v 0.939509 -0.059736 1.836440
v 0.563382 2.437510 4.668730
v 0.565183 2.449260 4.678690
v 0.568564 2.433790 4.684260
v 0.737890 -0.052876 1.543790
v 0.743092 -0.068105 1.537010
v 0.728811 -0.064334 1.540080
v 1.545800 0.735482 2.861730
v 1.378470 0.562020 2.808870
v 1.376080 0.548847 2.802550
v 1.366140 0.558965 2.816470
v 1.553530 0.542813 2.861460
v 1.543390 0.550451 2.867900
v 1.550560 0.549515 2.849270
v 1.554250 0.557019 2.861030
v 1.377530 0.550001 2.816930
v 1.324340 0.762047 2.783930
v 1.334890 0.755183 2.791320
v 1.329770 0.748149 2.779600
v 1.245810 0.545831 2.762280
v 1.232770 0.552695 2.765220
v 1.243120 0.553417 2.749600
v 1.246640 0.560780 2.763530
v 0.649349 0.647658 2.839970
v 0.641927 0.639855 2.830230
v 0.648574 0.647750 2.820010
v 1.060930 0.556735 2.784080
v 1.054850 0.551570 2.796350
v 1.064620 0.560059 2.803170
v 1.141200 0.745449 2.760650
v 1.145220 0.745522 2.780150
v 1.135830 0.738825 2.771950
v 1.439520 0.750854 2.823760
v 1.453370 0.752218 2.826300
v 1.448930 0.744218 2.815510
v 1.445280 0.744717 2.835160
v 1.252380 0.246068 2.758820
v 1.321460 0.752764 2.796490
v 1.357240 0.444825 2.809150
v 1.361970 0.457834 2.816480
v 1.369940 0.451870 2.803280
v 1.348450 -0.050886 1.951630
v 1.334090 -0.044866 1.949430
v 1.343730 -0.032983 1.953050
v 1.133930 -0.043568 1.977430
v 1.458830 0.360627 2.839900
v 1.340810 -0.044213 1.963560
v 1.122080 -0.053869 2.026610
v 1.114120 -0.043634 2.019520
v 1.128740 -0.043180 2.019150
v 0.935044 -0.044099 2.022670
v 2.235550 0.566981 3.265670
v 2.218430 0.816360 3.239010
v 2.225200 0.828930 3.238340
v 2.236570 0.821185 3.242190
v 0.122191 0.693622 4.515350
v 2.250220 0.157626 3.348610
v 2.249510 0.144945 3.358310
v 2.236810 0.154591 3.356750
v 2.250660 0.160742 3.364280
v 2.235140 0.547345 3.443030
v 2.225950 0.537759 3.436470
v 2.215330 0.545757 3.443010
v 2.241860 0.342429 3.339530
v 2.239110 0.448837 3.449350
v 1.157870 -0.033773 2.563420
v 1.171230 -0.026218 2.571380
v 1.172200 -0.034819 2.559130
v 1.169520 -0.043419 2.571130
v 2.208870 0.627946 3.502220
v 1.658490 0.138391 2.893080
v 1.644160 0.151955 2.891200
v 1.653320 0.145788 2.881340
v 1.674380 0.167157 2.892180
v 1.679290 0.154572 2.900610
v 1.682550 0.168178 2.903990
v 0.101052 0.594283 4.509870
v 0.100841 0.556045 4.629090
v 2.242160 0.249815 3.451510
v 2.222590 0.250339 3.447820
v 2.232020 0.260417 3.453000
v 2.224560 0.359656 3.505510
v 2.224920 0.344823 3.503550
v 2.214430 0.351180 3.512130
v 0.078313 0.781457 4.535180
v 0.092810 0.789452 4.541260
v 0.089069 0.772319 4.543120
v 0.135982 1.258690 4.228190
v -1.850550 1.645780 4.541070
v -1.843120 1.652980 4.531400
v -1.845300 1.654100 4.551250
v -0.904326 1.457470 4.639000
v -0.910174 1.444310 4.639020
v -0.914800 1.455400 4.629350
v -1.842370 2.253320 4.520900
v -1.662300 1.952310 4.554380
v -1.668050 1.958900 4.543270
v -1.659690 1.951510 4.534570
v -1.654030 1.959340 4.545100
v -1.751070 1.656040 4.536830
v -1.752010 1.656590 4.556800
v -1.758660 1.649000 4.546680
v -1.854720 1.952990 4.532660
v -1.739320 2.044780 4.531370
v -1.731410 2.051530 4.541340
v -1.733180 2.037270 4.542280
v -1.662200 1.562730 4.556300
v -1.653350 1.556230 4.546330
v -1.659970 1.548740 4.556370
v -1.650080 1.860740 4.551500
v -1.657730 1.850520 4.557640
v -1.651540 1.853530 4.539390
v -1.663470 1.860280 4.546890
v -1.553780 2.047250 4.569180
v -1.548320 2.040560 4.581390
v -1.556460 2.030780 4.573530
v -2.228090 2.030290 4.502620
v -2.138590 2.056610 4.508510
v -2.058570 2.353290 4.510080
v 0.646334 2.460460 4.676100
v -2.233850 1.961410 4.502050
v -2.228150 1.943270 4.503090
v -2.274350 1.973630 4.495370
v 1.933170 1.951610 4.795760
v 1.943670 1.964940 4.799940
v 1.943670 1.957640 4.784060
v -1.659220 2.149160 4.530980
v -1.647880 2.161700 4.532620
v -1.646880 2.148560 4.538220
v -1.562900 2.043290 4.583270
v -1.659340 2.243170 4.531090
v -1.667360 2.235920 4.540750
v -1.668350 2.250140 4.539710
v 0.858240 0.815245 2.808710
v 1.346820 1.653690 4.849410
v 1.347700 1.652580 4.832620
v 1.342240 1.641590 4.841510
v 1.439810 2.070970 4.845950
v 1.449710 2.065470 4.834860
v 1.444540 2.056870 4.845840
v 1.642590 2.659570 4.820050
v 1.651430 2.671290 4.812250
v 1.659010 2.659880 4.821660
v 1.725940 2.184410 4.528210
v 1.724150 2.183450 4.544780
v 1.726720 2.198360 4.537720
v 1.347020 2.300380 4.672280
v 1.338080 2.297990 4.660170
v 1.345150 2.310910 4.656260
v 1.860100 2.648250 4.758660
v 1.088240 2.042120 4.815330
v 1.821930 2.592390 4.773820
v 1.825380 2.589090 4.789490
v 1.823980 2.605920 4.784790
v 1.834820 2.596470 4.780410
v 1.201400 2.708840 4.752440
v 1.197930 2.692770 4.752100
v 0.758658 0.757934 2.816480
v 2.173790 2.590510 4.747560
v 2.170340 2.589060 4.732040
v 2.171440 2.574270 4.737960
v 1.842190 2.699890 4.681930
v 1.848840 2.685960 4.687790
v 1.840320 2.693930 4.699470
v 1.628960 2.302860 4.827650
v 1.612970 2.296620 4.823130
v 1.624830 2.297500 4.814810
v 1.619260 2.310830 4.816120
v 1.551230 2.357100 4.773760
v 1.560380 2.344680 4.777580
v 1.546460 2.342020 4.784790
v 1.456020 1.648670 4.856480
v 1.775920 2.340770 4.676730
v 1.785790 2.345120 4.685900
v 1.794560 2.337970 4.677380
v 1.908830 2.607850 4.744440
v 1.900600 2.615670 4.754400
v 1.914490 2.619370 4.759070
v 1.909910 2.604850 4.759330
v 1.850930 1.775050 4.791820
v 1.851300 1.760410 4.795950
v 1.873900 1.640440 4.807350
v 1.841840 1.639460 4.784880
v 1.846130 1.644710 4.798480
v 1.876910 1.654910 4.800420
v 2.579990 1.865040 4.811000
v 2.571280 1.854100 4.822560
v 2.569430 1.870680 4.822600
v 2.552890 1.725280 4.775120
v 2.556140 1.739920 4.779970
v 2.553500 1.741440 4.764510
v 1.140880 2.247890 4.828170
v 1.155590 2.246800 4.829250
v 1.149260 2.236320 4.820960
v 2.033610 1.683700 4.794450
v 2.570700 1.925400 4.820950
v 2.579370 1.933090 4.829470
v 2.584590 1.919870 4.827260
v 2.046310 1.681060 4.803430
v 2.564070 1.733010 4.769910
v 1.653580 0.833318 2.877840
v 1.645000 0.831709 2.866690
v 1.656290 0.829882 2.858350
v 2.569830 1.598310 4.800620
v 2.564780 1.608680 4.809900
v 1.643680 1.565210 4.859270
v 1.652770 1.557260 4.867270
v 1.647470 1.564250 4.878800
v 1.653620 1.571710 4.867820
v 1.927470 1.581540 4.789560
v 1.922890 1.572230 4.800030
v 1.926450 1.583030 4.809390
v 1.656350 1.651220 4.868870
v 1.642430 1.642400 4.869850
v 1.646700 1.645360 4.854170
v 1.936570 1.730480 4.806000
v 1.922060 1.752520 4.801050
v 1.949880 1.737270 4.799790
v 1.868350 1.556920 4.800280
v 1.883540 1.550530 4.804210
v 1.871130 1.541730 4.801350
v 1.765210 1.835630 4.774400
v 1.749810 1.834070 4.774860
v 1.755850 1.842490 4.763350
v 1.832270 1.633020 4.798870
v 1.838490 1.555450 4.772730
v 1.825880 1.554030 4.779490
v 1.828520 1.566310 4.772490
v 2.225790 0.539509 3.450860
v 2.185370 0.822486 3.462160
v 2.172710 0.872049 3.263370
v 2.218020 0.757191 3.456680
v 1.739550 0.215650 2.900540
v 1.735080 0.249577 2.884150
v 1.755640 0.213648 2.893140
v 1.357300 1.642100 4.843120
v 1.453100 0.642531 2.834110
v 1.439890 0.642605 2.828390
v 1.450290 0.648541 2.820390
v 1.649810 0.271703 2.899560
v 1.046590 0.050512 2.842910
v 1.053990 0.051851 2.830410
v 1.044990 0.041425 2.825600
v 1.839850 0.052110 2.900810
v 1.851530 0.060135 2.900880
v 0.641019 0.654102 2.830330
v 0.978692 -0.037567 2.385390
v 0.993496 -0.041489 2.391520
v 0.984654 -0.055014 2.388200
v 1.360920 0.642369 2.806980
v 1.366680 0.646657 2.819590
v 1.364020 0.656376 2.809140
v 1.372520 0.648290 2.800590
v 1.335690 1.847510 4.824310
v 1.337550 1.861320 4.829220
v 1.350980 1.855310 4.828870
v 1.340610 1.852280 4.840700
v 1.331170 0.816573 2.781220
v 1.343050 0.807083 2.789770
v 1.329830 0.802148 2.784870
v 1.253920 0.753738 2.748630
v 0.958344 -0.053259 1.663730
v 0.343515 -0.075881 1.670050
v 0.343295 -0.056018 1.668310
v 0.352490 -0.065380 1.674510
v 1.328370 0.810441 2.797210
v 1.325260 0.554143 2.774950
v 1.329540 0.548699 2.787660
v 1.316420 0.552131 2.792710
v 1.251980 0.453071 2.765360
v 1.248750 0.443616 2.753160
v 1.239170 0.447345 2.763000
v 1.328110 0.658091 2.793020
v 1.061040 -0.041513 1.661300
v 1.067410 -0.058529 1.658630
v 1.056450 -0.051763 1.652540
v 1.052680 -0.055257 1.665820
v 1.047040 -0.053379 1.565810
v 0.759286 -0.075437 1.244620
v 0.762698 -0.076693 1.259900
v 0.746941 -0.071081 1.253300
v 0.760462 -0.062232 1.253040
v 0.842192 -0.054278 1.758220
v 0.848506 -0.044231 1.750280
v 0.848237 -0.064215 1.749940
v 1.731240 0.120261 2.899840
v 1.062950 -0.038083 2.748770
v 1.055480 -0.033442 2.737220
v 1.062560 -0.020897 2.739030
v 0.980988 -0.044815 2.397400
v 0.606357 1.567190 4.693890
v 0.614784 1.567370 4.711490
v 0.601120 1.573350 4.707150
v 0.613511 1.600620 4.703080
v 1.010200 -0.064233 1.493920
v 1.015740 -0.047531 1.489250
v 1.023480 -0.058590 1.482820
v 0.856830 -0.074322 1.360900
v 0.444291 -0.079630 1.148320
v 0.450001 -0.068589 1.155510
v 0.458419 -0.078709 1.150030
v 0.451068 -0.088459 1.157390
v 0.845508 -0.064338 1.245590
v 0.601002 -0.082849 0.886170
v 0.614281 -0.073100 0.885198
v 0.615584 -0.090349 0.884316
v 0.342187 -0.070637 1.348240
v 0.347492 -0.070851 1.334260
v 0.345775 -0.084175 1.340840
v -0.259305 -0.095451 1.145530
v -0.251455 -0.085244 1.139300
v -0.253204 -0.085307 1.153420
v -0.259812 -0.075464 1.145560
v 0.147387 -0.066086 1.362740
v 0.155714 -0.076262 1.368850
v 0.153131 -0.077895 1.354670
v -0.141882 -0.088718 0.951156
v -0.158638 -0.095337 0.753295
v -0.339936 -0.099471 0.667419
v -0.353942 -0.099968 0.663747
v -0.356941 -0.098786 0.677871
v -0.042569 -0.092913 0.753795
v 0.057607 -0.094649 0.651438
v -0.149614 -0.108833 0.241499
v -0.135664 -0.111966 0.239637
v -0.143370 -0.120822 0.248009
v -0.138899 -0.101539 0.249055
v 0.252154 -0.095504 0.946943
v 0.251171 -0.075536 0.946676
v 0.259724 -0.085205 0.940729
v -0.048311 -0.120740 0.187936
v -0.052455 -0.106330 0.181436
v -0.040208 -0.106820 0.193087
v 0.057153 -0.114089 0.236197
v 0.042869 -0.110454 0.234779
v 0.052788 -0.100457 0.239353
v 0.047562 -0.118214 0.246485
v 0.440665 -0.089393 0.659850
v 0.409667 -0.101479 0.585749
v 0.398503 -0.089687 0.588934
v 0.412584 -0.083488 0.582840
v 0.153967 -0.097798 0.850126
v -0.749854 -0.076986 1.535710
v -0.646982 -0.077203 1.345220
v -0.648287 -0.080604 1.359470
v -0.650665 -0.091604 1.350000
v -0.660303 -0.075037 1.353080
v -0.754143 -0.072633 1.666250
v -0.365482 -0.067710 1.830870
v -0.358111 -0.056976 1.837500
v -0.356742 -0.076819 1.838230
v -0.437163 -0.091030 1.365310
v -0.444087 -0.080019 1.371180
v -0.438343 -0.071741 1.361070
v -0.453749 -0.075861 1.536550
v -0.439931 -0.076382 1.533520
v -0.445211 -0.086051 1.542410
v -3.145200 1.247340 4.443380
v -3.158760 1.248860 4.449470
v -3.153250 1.262740 4.448770
v -3.298810 2.334580 4.423680
v -3.041500 2.346900 4.442320
v -3.035580 2.359890 4.443580
v -3.045050 2.355880 4.453570
v -3.045940 2.358200 4.433830
v -3.113620 2.462620 4.436040
v -3.121600 2.454010 4.444910
v -3.119670 2.454900 4.425090
v -3.037120 2.250780 4.431240
v -3.036760 2.249780 4.451190
v -3.033060 2.240650 4.440660
v -3.046740 1.943030 4.442570
v -3.062580 1.953270 4.440470
v -3.048950 1.955350 4.433480
v -3.046220 2.246110 4.441180
v -2.950730 2.029830 4.440230
v -2.959160 2.034890 4.451500
v -2.964870 2.029990 4.435360
v -2.954930 2.044170 4.439490
v -3.231300 2.053760 4.415810
v -3.224390 2.060110 4.426540
v -3.234080 2.054820 4.435570
v -3.199630 1.071700 4.448210
v -3.201640 1.057030 4.448480
v -3.209070 1.065180 4.438600
v -3.152390 2.123590 4.423240
v -3.143600 2.115430 4.432900
v -3.158220 2.111410 4.430530
v -3.212770 1.545160 4.433290
v -3.217950 1.554160 4.423450
v -3.211750 1.562750 4.433050
v -3.238210 2.062910 4.424450
v -3.231460 1.952230 4.420400
v -3.232930 1.952680 4.440330
v -3.224870 1.945180 4.431070
v -3.049600 1.552800 4.437470
v -3.043900 1.561590 4.447250
v -3.051410 1.554590 4.457250
v -3.239010 1.945060 4.430030
v -3.141280 1.545000 4.428600
v -3.132920 1.549550 4.439120
v -3.142240 1.544430 4.448520
v -3.161940 1.160050 4.452970
v -2.970680 1.152070 4.452160
v -2.979020 1.159580 4.462330
v -2.964950 1.157610 4.467570
v -3.153780 1.459430 4.441220
v -3.046380 1.260960 4.456990
v -3.044160 1.247000 4.458250
v -3.052060 1.251920 4.447540
v -2.752510 1.352700 4.467080
v -2.745360 1.359630 4.477210
v -2.754230 1.354240 4.486910
v -2.759270 1.362170 4.475800
v -3.205210 0.857288 4.436550
v -3.197610 0.865190 4.447120
v -3.196940 0.849797 4.447180
v -2.840250 1.440080 4.469760
v -3.147790 1.251130 4.459360
v -3.205650 0.769833 4.444320
v -3.198550 0.777296 4.456340
v -3.200670 0.762661 4.456260
v -2.676270 0.959018 4.499870
v -2.662070 0.954975 4.499390
v -2.665960 0.953152 4.485250
v -1.645180 0.751310 4.577820
v -1.638710 0.741767 4.568240
v -1.645780 0.750472 4.558290
v -1.554590 0.844211 4.586410
v -1.568050 0.842107 4.581580
v -1.569960 0.856336 4.583330
v -1.513740 0.740761 4.617290
v -1.748520 0.645771 4.561880
v -1.743760 0.654290 4.572340
v -1.740260 0.640416 4.572380
v -1.507810 1.533730 4.603010
v -1.522180 1.526350 4.597750
v -1.520930 1.542090 4.599720
v -2.360120 1.646940 4.504110
v -2.450460 1.645410 4.494050
v -2.463110 1.645400 4.486750
v -2.454270 1.653420 4.478340
v -1.954340 1.551320 4.545000
v -1.953230 1.550470 4.525110
v -1.945200 1.544640 4.535800
v -2.041090 1.646540 4.528080
v -2.048210 1.653340 4.517920
v -2.048290 1.653780 4.537870
v -1.961550 1.258830 4.551010
v -1.955540 1.469910 4.538120
v -1.648240 1.446170 4.551100
v -1.653590 1.445720 4.570330
v -1.658200 1.439010 4.558530
v -2.456550 1.553700 4.502510
v -2.055190 1.645440 4.528050
v -2.352210 1.052840 4.507940
v -2.362450 1.048440 4.517150
v -2.359480 1.062550 4.516070
v -1.849800 1.553670 4.535160
v -1.843790 1.561380 4.545850
v -1.851750 1.553500 4.555030
v -1.847720 1.340610 4.553300
v -1.862030 1.340440 4.551780
v -1.854530 1.348840 4.542820
v -1.942170 1.056090 4.551900
v -1.941290 1.041840 4.552120
v -1.951290 1.047150 4.543430
v -0.836004 -0.060125 2.141430
v -1.076740 -0.063257 2.029750
v -1.062690 -0.065808 2.031170
v -1.069930 -0.076245 2.037840
v -1.067280 -0.058851 2.042850
v -1.128540 -0.079013 1.960610
v -1.133430 -0.064838 2.066600
v -1.119710 -0.065632 2.079360
v -1.127150 -0.077314 2.072850
v -0.936206 -0.063989 2.152170
v -0.440514 -0.049241 2.182090
v -0.218087 -0.052035 2.444640
v 0.206443 0.356644 3.012870
v 0.195560 0.658624 2.983530
v 0.211661 0.659570 2.983220
v 0.199976 0.647094 3.003170
v 0.973190 -0.034408 2.719270
v 0.972264 -0.043796 2.731540
v 0.962028 -0.034076 2.728450
v 0.261459 0.734267 2.816180
v 0.178956 0.649186 3.034530
v 0.198494 0.663176 3.005010
v 0.204683 0.607501 2.994540
v 0.178186 0.731513 3.022490
v 0.190782 0.726100 3.015840
v 0.193975 0.727545 3.030670
v 0.450101 0.545688 2.831800
v 0.455654 0.240652 2.829300
v 0.441313 0.240981 2.829530
v 0.448423 0.250511 2.821500
v 0.260365 0.644331 2.818340
v 0.348262 0.645297 2.807100
v 0.360975 0.656100 2.809100
v 0.351522 0.649672 2.822960
v 0.189503 0.653792 3.139560
v 0.181028 0.644072 3.132690
v 0.169769 0.651321 3.138540
v 0.269143 0.560182 2.812670
v 0.227579 0.290999 2.797190
v 0.247185 0.292008 2.798580
v 0.237707 0.281562 2.800520
v 0.180078 0.645679 3.147130
v 0.641880 0.340892 2.831230
v 0.639895 0.354142 2.836080
v 0.653668 0.354020 2.832440
v 0.189700 0.083231 3.042160
v 0.196670 0.215194 3.336970
v 0.197418 0.472696 3.026230
v 0.204965 0.468367 3.001020
v 1.131530 -0.037856 1.748220
v 0.168127 0.655711 3.266070
v 0.188009 0.657504 3.266100
v 0.179017 0.646077 3.266820
v 1.241420 0.035840 2.839330
v 1.244750 0.029479 2.852120
v 1.246920 0.043524 2.855740
v 0.360531 -0.050717 1.860520
v 0.370512 -0.060401 1.863780
v 0.361476 -0.070671 1.859670
v 0.357476 -0.061263 1.869550
v 0.256065 -0.028410 2.813560
v 0.270109 -0.022468 2.816040
v 0.265136 -0.032429 2.825400
v 0.855536 0.254487 2.832490
v 0.847804 0.246416 2.823780
v 0.849749 0.247876 2.843600
v 1.052810 0.157947 2.804070
v 0.346679 0.737724 2.806970
v 0.345942 0.752139 2.807140
v 0.357122 0.746322 2.800110
v 0.648510 0.746544 2.837170
v 0.640651 -0.044320 2.663590
v 0.639279 -0.053018 2.675130
v 0.628605 -0.042153 2.671390
v 0.254564 -0.022743 2.827850
v 0.345912 -0.006801 2.852160
v 0.723403 -0.050299 2.590250
v 0.734217 -0.039209 2.594300
v 0.739586 -0.055113 2.591860
v 0.567367 -0.043040 2.547590
v 0.579319 -0.044436 2.559840
v 0.581963 -0.046814 2.544950
v 2.606810 1.800270 4.830000
v 0.197239 0.455361 3.004890
v 0.206000 0.135778 3.022260
v 0.338540 -0.065185 1.678500
v 0.354063 -0.063993 1.744110
v 0.346479 -0.073439 1.752130
v 0.339571 -0.063064 1.744520
v 0.572415 -0.064970 1.757550
v 0.559467 -0.060959 1.747650
v 0.574439 -0.062611 1.741630
v 0.147964 -0.075710 0.943679
v 0.155236 -0.085224 0.951855
v 0.153851 -0.090444 0.938383
v 0.140752 -0.085910 0.951828
v -0.345260 -0.083388 1.238170
v -0.345393 -0.083306 1.252700
v -0.352444 -0.093930 1.245740
v -0.354158 -0.074141 1.245610
v 0.347750 -0.053559 1.752000
v 0.184794 0.976889 2.771800
v 0.197959 0.987573 2.764020
v 0.199509 0.972094 2.767750
v -0.146158 -0.096030 1.046200
v -0.144819 -0.083865 1.141270
v -0.150229 -0.093632 1.149970
v -0.150356 -0.073646 1.149340
v -0.521314 -0.099400 0.749954
v -0.524386 -0.087942 0.759215
v -0.523997 -0.106900 0.762723
v -0.535172 -0.098608 0.755769
v 0.529332 -0.053892 1.661880
v 0.528216 -0.073736 1.663480
v 0.519238 -0.063631 1.658280
v -0.430581 -0.110577 0.629342
v -0.047315 -0.091928 0.561764
v 0.248695 -0.105017 0.543519
v -0.042335 -0.098716 0.450685
v -0.043990 -0.102778 0.436770
v -0.056044 -0.096297 0.441826
v -0.085503 0.117286 0.292790
v 0.049060 -0.088315 0.546037
v 0.054763 -0.097592 0.535875
v 0.041906 -0.102991 0.544505
v 0.044798 -0.096764 0.943104
v 0.037503 -0.087242 0.935300
v 0.043960 -0.076798 0.942650
v 0.256203 -0.087147 0.852680
v -0.050385 -0.078486 1.350850
v -0.049236 -0.112769 0.335172
v -0.048014 -0.096553 0.344684
v -0.041583 -0.109573 0.347396
v -0.056208 -0.109690 0.349476
v -0.049035 -0.113006 0.445869
v 0.266921 -0.098812 0.398320
v 0.544015 -0.071963 0.944587
v 0.552608 -0.082636 0.950144
v 0.547409 -0.087719 0.937269
v 0.538146 -0.085137 0.952159
v 0.340081 -0.082413 0.958112
v 0.349068 -0.079692 0.945460
v 0.349585 -0.094485 0.954621
v 0.355493 -0.080318 0.960627
v 0.347135 -0.072695 1.041350
v 0.353810 -0.083014 1.034050
v 0.339533 -0.082683 1.034660
v 0.233709 0.957127 2.780170
v 0.222845 0.948718 2.773300
v 0.230360 0.954559 2.761250
v 0.240036 -0.088961 1.056590
v 0.236938 -0.059994 1.518820
v 0.238368 -0.079894 1.519890
v 0.227719 -0.070816 1.516400
v 0.155666 -0.073890 1.039700
v 0.161007 -0.086466 1.032140
v 0.148151 -0.091183 1.039640
v -0.253426 -0.082822 1.234310
v -0.262155 -0.073373 1.241280
v -0.254633 -0.083003 1.248400
v -0.045128 -0.063559 1.528490
v -0.038807 -0.074223 1.536760
v -0.040211 -0.075736 1.522000
v -0.639887 -0.083592 0.951044
v -0.635908 -0.099961 0.957315
v -0.633250 -0.094644 0.943744
v -0.654743 -0.081216 1.046620
v -0.652423 -0.098860 1.051750
v -0.654899 -0.093991 1.036200
v -0.647682 -0.097459 0.945556
v -0.453772 -0.087287 0.841269
v -0.442320 -0.095551 0.837213
v -0.451779 -0.104915 0.843437
v -0.442105 -0.095666 0.851905
v -0.664641 -0.092107 1.047070
v -0.550180 -0.087604 1.164430
v -0.347605 -0.104353 0.847244
v -0.355128 -0.094361 0.840523
v -0.340943 -0.094118 0.839956
v -0.342672 -0.100497 0.632875
v -0.253729 -0.099555 0.651069
v -0.348409 -0.109288 0.673360
v -0.347934 -0.084360 0.847581
v -0.448498 -0.106549 0.745674
v -0.440002 -0.095407 0.741644
v -0.438177 -0.098123 0.755846
v -0.251356 -0.078711 1.471830
v -0.452339 -0.090331 0.747526
v -0.465841 -0.084543 1.243100
v -0.451333 -0.086933 1.243990
v -0.459279 -0.093852 1.254280
v -0.556102 -0.081423 1.349750
v -0.550056 -0.071169 1.357560
v -0.542014 -0.081228 1.351560
v -0.549840 -0.091160 1.358040
v 0.144966 -0.085361 1.365400
v -0.333349 -0.071974 1.647020
v -0.334941 -0.071446 1.661140
v -0.341431 -0.081738 1.653770
v -0.341472 -0.061763 1.653020
v -0.261046 -0.093293 1.241120
v -0.358047 -0.090491 1.141730
v -0.343366 -0.088453 1.145300
v -0.352317 -0.092868 1.156830
v -0.352499 -0.076621 1.148310
v -0.446332 -0.095884 1.136800
v -0.452633 -0.087102 1.146160
v -0.442998 -0.077394 1.141990
v -0.439174 -0.090497 1.149610
v -0.654882 -0.070455 1.744340
v -0.920927 -0.087371 1.284770
v -0.649301 -0.075646 1.250130
v -0.641001 -0.085575 1.243470
v -0.655130 -0.085876 1.242220
v -0.644358 -0.078493 1.159700
v -0.643466 -0.098353 1.161670
v -0.650975 -0.089495 1.153050
v -0.436326 -0.075988 1.635950
v -0.451597 -0.072844 1.640490
v -0.440703 -0.063297 1.641480
v -0.454300 -0.076746 1.254210
v -0.346670 -0.082364 1.342530
v -0.349258 -0.088257 1.355550
v -0.361144 -0.081344 1.343070
v -0.157564 -0.083977 1.436080
v -0.350739 -0.072181 1.352050
v 0.448668 -0.070578 1.455980
v 0.434137 -0.077508 1.464090
v 0.438940 -0.060219 1.462370
v 0.137033 -0.066200 1.667780
v 0.145769 -0.056568 1.660520
v 0.144019 -0.071947 1.653290
v 0.240228 -0.073394 1.432740
v 0.242023 -0.072522 1.446740
v 0.247474 -0.062557 1.438310
v 0.256028 -0.071750 1.444890
v 0.141238 -0.071835 1.462990
v 0.155581 -0.072575 1.460100
v 0.139681 -0.071674 1.448420
v 0.146172 -0.083343 1.455380
v 0.237971 -0.077536 1.341360
v 0.246436 -0.065514 1.346470
v 0.252036 -0.076105 1.338410
v 0.649641 -0.065142 1.155350
v 0.650876 -0.074981 1.144580
v 0.644026 -0.079562 1.157920
v 0.146733 -0.068874 1.247100
v 0.140409 -0.080354 1.239400
v 0.138933 -0.078897 1.253450
v 0.152990 -0.080501 1.254640
v 0.359335 -0.076036 1.341780
v 0.523818 -0.062788 1.671990
v 0.646746 0.547908 2.822360
v 0.640364 0.539954 2.832510
v 0.638764 0.554254 2.832650
v 1.551740 1.741230 4.855020
v 1.537160 1.751390 4.859030
v 1.551060 1.754390 4.860580
v 1.544920 1.746730 4.870990
v -0.049244 0.720433 4.687340
v 0.073135 1.256900 4.169220
v 0.561491 1.494860 4.708200
v 0.572432 1.508080 4.707130
v 0.576191 1.491700 4.710760
v 0.948285 1.560300 4.738980
v 0.959320 1.553040 4.747740
v 0.946626 1.547460 4.744770
v 0.558693 1.540830 4.717020
v 0.547662 1.540310 4.707460
v 0.564436 1.536180 4.704420
v 0.559894 1.552310 4.708080
v 0.608343 1.607920 4.691850
v 0.622396 1.610110 4.697000
v 0.543136 1.663380 4.696430
v 0.556704 1.642160 4.706090
v 0.543687 1.663680 4.712290
v 1.846180 1.630480 4.795460
v 1.936260 1.577640 4.800300
v 0.981357 1.506300 4.743520
v 0.983519 1.488580 4.742630
v 0.971317 1.496110 4.742540
v 0.976431 1.494290 4.755810
v 1.561690 0.054189 2.860160
v 1.549160 0.064438 2.858460
v 1.555710 0.060212 2.844170
v 1.670750 0.163427 2.910710
v 2.244010 0.353634 3.254420
v 2.241310 0.345357 3.268610
v 2.230180 0.354709 3.263620
v 1.854600 0.022357 2.871920
v 1.731410 0.457318 2.892540
v 1.749830 0.454206 2.886850
v 1.738610 0.444327 2.889440
v 2.244180 0.361512 3.268820
v 1.747830 0.831916 2.884220
v 1.756470 0.815059 2.890600
v 1.743670 0.818203 2.884940
v 1.652800 0.344160 2.880650
v 1.641550 0.341441 2.890820
v 1.644660 0.356487 2.889680
v 2.228500 0.756529 3.358340
v 2.229530 0.758155 3.344200
v 2.220150 0.748778 3.349470
v 2.239890 0.751272 3.351180
v 1.324980 0.562417 2.786940
v 1.556190 0.454638 2.853430
v 1.542860 0.443298 2.858790
v 1.543250 0.457594 2.858740
v 1.650430 0.441186 2.889190
v 2.113600 0.918392 3.236940
v 1.850530 0.847854 2.928830
v 1.727500 0.053551 2.890260
v 1.726620 0.348912 2.894150
v 1.731090 0.341357 2.882920
v 1.724920 0.334775 2.894850
v 0.886660 -0.057609 2.524800
v 1.679970 0.415980 2.891920
v 1.666790 0.414750 2.899250
v 1.674910 0.427407 2.900360
v 1.332510 -0.024949 2.880810
v 1.256760 0.147897 2.764910
v 1.240430 0.143208 2.762510
v 1.246030 0.145371 2.778580
v 1.146660 -0.034112 2.207820
v 1.141820 -0.041144 2.196300
v 1.130400 -0.041564 2.204950
v 1.141970 -0.051534 2.206170
v 1.025580 0.444934 2.795210
v 1.058520 0.443178 2.797130
v 1.027700 0.446631 2.811670
v 0.929783 -0.044330 2.540820
v 0.922634 -0.057678 2.543100
v 1.377710 -0.020677 2.762900
v 1.672400 0.248452 2.910980
v 1.114650 -0.028234 2.642090
v 1.119500 -0.034206 2.629770
v 1.105140 -0.032357 2.628690
v 1.349000 0.059300 2.838050
v 1.363640 0.057585 2.836820
v 1.354210 0.045685 2.835540
v 1.141090 0.153173 2.779480
v 1.134540 0.146001 2.792000
v 1.745350 0.126473 2.894400
v 1.729550 0.561693 2.888290
v 1.738260 0.554859 2.878140
v 1.731570 0.547648 2.888370
v 1.250710 0.135414 2.769140
v 1.446900 0.457015 2.833370
v 1.460920 0.457489 2.836020
v 1.456040 0.449286 2.825410
v 1.452290 0.450518 2.845000
v 1.556420 0.363706 2.865700
v 1.551970 0.356471 2.853920
v 1.542460 0.363864 2.861920
v 1.546760 0.355841 2.873160
v 1.752410 0.215472 2.910470
v 1.725640 0.243933 2.894730
v 1.733550 0.253837 2.903240
v 1.563610 0.068546 2.854600
v 0.946619 0.655447 2.798800
v 0.954899 0.663297 2.808180
v 0.958327 0.649045 2.806350
v 0.949583 0.653690 2.818060
v 1.151100 0.076717 2.773280
v 1.152350 0.090464 2.777750
v 1.158800 0.084853 2.789470
v 1.144260 0.081693 2.786000
v 1.249850 -0.030797 2.786960
v 1.247330 -0.014098 2.789630
v 1.262900 -0.020935 2.791390
v 1.268770 -0.030783 2.662710
v 1.255000 -0.037382 2.666520
v 1.256440 -0.027997 2.655510
v 1.252380 -0.021950 2.668100
v 0.953332 -0.029398 2.678240
v 0.959612 -0.036856 2.689280
v 0.951659 -0.047789 2.683440
v 1.251820 0.083639 2.776690
v 1.054860 0.038926 2.837110
v 1.313570 0.143121 2.796550
v 1.315500 0.158306 2.799070
v 1.114520 0.136157 2.802420
v 1.255520 0.355389 2.766490
v 0.938970 -0.029139 2.875760
v 0.939648 -0.021995 2.893560
v 0.933942 -0.015327 2.880750
v 1.045110 0.145753 2.804280
v 1.077530 0.141898 2.806600
v 0.945034 -0.035186 2.690490
v 1.036800 -0.029659 2.849080
v 1.027310 -0.016564 2.850400
v 1.029140 -0.020039 2.834660
v 1.041760 -0.039575 2.541490
v 1.055290 -0.034503 2.535740
v 1.052350 -0.050956 2.541910
v 1.156840 0.250547 2.783230
v 1.142220 0.244665 2.786860
v 1.144190 0.260626 2.785640
v 1.234860 -0.021818 2.835310
v 1.241340 -0.026219 2.848990
v 1.237580 -0.012809 2.846000
v 1.752140 0.087801 2.897420
v 1.046810 0.154459 2.816710
v 1.039320 0.158889 2.799040
v 1.147770 0.153053 2.797150
v 1.066530 0.081681 2.796700
v 1.052300 0.075185 2.795780
v 1.056150 0.084975 2.784170
v 1.102120 0.128197 2.802410
v 0.752768 0.460860 2.827740
v 1.064740 0.455944 2.789750
v 1.144630 0.046780 2.841200
v 1.151720 0.035494 2.832950
v 1.145670 0.032660 2.846530
v 1.160220 0.036793 2.846050
v 1.251090 -0.024048 2.800680
v 1.039950 -0.016759 2.843550
v 1.052230 0.090322 2.799820
v 1.318270 0.458280 2.781800
v 1.321530 0.455825 2.795480
v 1.309530 0.449957 2.790430
v 1.309170 0.461998 2.799100
v 0.948565 0.156208 2.822270
v 1.332590 0.084786 2.783950
v 1.340060 0.082189 2.796350
v 1.327860 0.074897 2.800100
v 0.643993 -0.076687 0.952202
v 0.630903 -0.080513 0.947044
v 0.629351 -0.072782 0.959308
v 0.635160 -0.089956 0.957306
v 1.112890 -0.045204 2.636570
v 1.437110 0.005635 2.624320
v 1.424790 0.012448 2.629910
v 1.431030 0.022155 2.620090
v 1.135360 0.752967 2.771990
v 0.944291 2.042170 4.734390
v 0.942979 2.056040 4.736990
v 0.952134 2.051600 4.727130
v 1.019640 2.047230 4.776870
v 1.028290 2.058970 4.773300
v 1.027650 2.052770 4.759640
v 1.486360 2.641530 4.804720
v 1.483010 2.654650 4.772630
v 1.498550 2.647460 4.799500
v 1.195480 2.689510 4.781780
v 1.209020 2.698580 4.761810
v 1.885740 1.833760 4.798420
v 1.870800 1.829660 4.800190
v 1.859480 1.854450 4.774530
v 1.755950 1.846740 4.781300
v 1.870490 1.548900 4.815050
v 1.758270 1.760080 4.750230
v 1.774410 1.759600 4.747170
v 1.767860 1.751640 4.757990
v 1.769180 1.765750 4.762750
v 1.881480 1.818400 4.801690
v 1.738040 1.749710 4.821190
v 1.744260 1.736660 4.820560
v 1.729050 1.738500 4.819590
v 1.758080 1.644500 4.785170
v 1.744400 1.656390 4.817630
v 2.626380 1.659450 4.806810
v 2.631740 1.645740 4.812050
v 2.616200 1.647450 4.809090
v 2.623420 1.650300 4.822970
v 1.743900 1.570070 4.832540
v 1.730840 1.561690 4.825340
v 1.727800 1.573140 4.837680
v 1.265020 1.683880 4.834410
v 1.264590 1.669470 4.835160
v 1.256420 1.675950 4.825180
v 2.567300 1.640410 4.789410
v 1.436890 1.571340 4.858610
v 1.445520 1.563160 4.849980
v 1.435680 1.557130 4.858360
v 1.767600 1.533350 4.757240
v 1.754580 1.527470 4.754940
v 1.761470 1.530240 4.742520
v 1.752500 1.541630 4.752800
v 1.565110 1.651410 4.862190
v 1.559350 1.659240 4.851560
v 1.567500 1.665460 4.861480
v 1.558720 1.660340 4.871500
v 1.547120 1.566350 4.856380
v 1.555980 1.570820 4.868030
v 1.546560 1.560480 4.874220
v 1.541120 1.574370 4.868730
v 1.729230 1.662590 4.821170
v 1.643360 1.655730 4.863920
v 1.559540 1.839040 4.857980
v 1.550690 1.848780 4.867540
v 1.546440 1.851320 4.852050
v 1.641450 1.735080 4.855210
v 1.628070 1.743200 4.863690
v 1.641380 1.749300 4.860160
v 1.640840 1.740300 4.872230
v 1.456840 1.735640 4.858040
v 1.443900 1.734090 4.852030
v 1.452050 1.741410 4.842760
v 1.301010 2.258450 4.676240
v 1.315370 2.253330 4.680290
v 1.305040 2.256440 4.690140
v 1.268650 2.252210 4.682530
v 1.240210 2.354960 4.777500
v 1.255320 2.356440 4.784650
v 1.241850 2.353000 4.794040
v 2.574620 1.923870 4.839430
v 1.670510 2.365470 4.786920
v 1.672170 2.379110 4.781520
v 1.681870 2.368830 4.778730
v 2.582360 1.863750 4.825760
v 2.635190 1.836310 4.840350
v 2.669160 1.954930 4.819600
v 1.974430 2.439230 4.827040
v 1.967770 2.429550 4.836970
v 1.964000 2.447560 4.834670
v 2.199240 2.241290 4.705640
v 2.185920 2.244220 4.711920
v 2.193540 2.256740 4.708690
v 2.197170 2.245060 4.721830
v 2.085480 2.205900 4.592040
v 2.073690 2.209600 4.584030
v 2.084170 2.204550 4.575000
v 2.083820 2.220220 4.582770
v 1.547700 2.356070 4.820460
v 1.547000 2.370150 4.812010
v 2.200040 0.874052 3.177430
v 2.199860 0.867903 3.164660
v 2.199830 0.857773 3.174570
v 1.735020 2.408630 4.782410
v 1.725820 2.416370 4.810320
v 1.719560 2.431010 4.812330
v 2.012580 2.652020 4.671510
v 2.004940 2.650200 4.656910
v 2.019160 2.652370 4.658620
v 2.172540 0.853874 3.358150
v 2.180830 0.869939 3.362370
v 2.183420 0.861438 3.348800
v 1.739010 0.762037 2.875770
v 1.731890 0.753375 2.885180
v 1.733610 0.764237 2.894840
v 1.795370 0.828507 2.910840
v 1.790720 0.837313 2.897650
v 1.801320 0.825144 2.894070
v 1.055570 0.645385 2.783020
v 1.056470 0.648572 2.801350
v 1.044350 0.646536 2.792840
v 0.968338 0.770511 2.801460
v 1.051490 0.659416 2.790250
v 1.764150 1.482610 4.778010
v 1.752500 1.472330 4.780800
v 1.751400 1.483040 4.770990
v 1.951170 1.496140 4.812300
v 1.945900 1.481850 4.812980
v 1.937110 1.496730 4.806450
v 1.939800 1.493760 4.822170
v 1.960370 1.539550 4.814260
v 1.943980 1.543490 4.807790
v 1.956940 1.543770 4.800330
v 1.829380 1.565650 4.787200
v 2.054070 1.717340 4.817070
v 1.723760 2.071820 4.827950
v 1.733890 2.071490 4.817440
v 1.719620 2.066150 4.815150
v 2.052470 0.911340 3.258840
v 2.056840 0.892192 3.288280
v 2.059640 0.907338 3.287320
v 2.213330 0.869238 3.168850
v 0.651198 0.813215 2.806730
v 0.642904 0.808548 2.819470
v 0.650082 0.822619 2.821270
v 0.899153 0.797778 2.808860
v 0.895192 0.799937 2.789670
v 0.905773 0.793411 2.796880
v 0.866600 -0.029880 2.755940
v 0.858692 -0.041349 2.762690
v 0.851531 -0.025316 2.758360
v 0.838209 0.742868 2.811370
v 0.853533 0.737816 2.817940
v 0.842301 0.743674 2.825550
v 0.848616 0.754528 2.817750
v 0.550215 0.250509 2.825380
v 0.543261 0.242501 2.835490
v 0.542177 0.256913 2.835540
v 0.165469 0.321656 3.439570
v 0.196617 0.194445 3.042150
v 0.187666 0.206624 3.045920
v 0.206844 0.204180 3.048730
v -0.677667 -0.057970 2.241250
v 0.764136 0.351312 2.833740
v 0.542280 0.139093 2.835690
v 0.552848 0.146423 2.827970
v 0.556183 0.138254 2.839360
v 0.547835 0.147032 2.847150
v 0.358456 0.057046 2.822460
v -0.590177 -0.046005 2.298480
v -0.587694 -0.056069 2.308490
v -0.589747 -0.065979 2.298230
v 0.741516 0.061078 2.837950
v 0.746070 0.057988 2.824420
v 0.745028 0.047113 2.835530
v 0.755120 0.057282 2.841650
v 0.640697 0.050742 2.829310
v 0.651841 0.062748 2.829210
v 0.654189 0.049427 2.833530
v 0.646147 0.053445 2.844520
v 1.038390 -0.048780 2.641000
v 1.039070 -0.029618 2.646310
v 1.043980 -0.036786 2.634260
v 1.248000 -0.013157 2.836290
v 0.633426 -0.029553 2.745210
v 0.646978 -0.034302 2.742940
v 0.641389 -0.044299 2.751900
v 1.358660 0.346050 2.809100
v 1.351520 0.358445 2.806770
v 1.364900 0.357264 2.801320
v 1.357670 0.356564 2.819750
v -0.041125 -0.063046 1.840040
v -0.056814 -0.063025 1.837970
v -0.049694 -0.052719 1.844610
v 1.048020 -0.040542 2.647300
v 0.760026 0.657906 2.822380
v 0.761537 0.643857 2.823140
v 0.754484 0.649341 2.812160
v 0.451202 0.056370 2.827540
v 0.442359 0.042879 2.822780
v 0.435940 0.058126 2.821210
v 0.752789 -0.027992 2.745350
v 0.766509 -0.033056 2.745460
v 0.758426 -0.042165 2.753560
v 0.764100 -0.026683 2.758400
v 0.939206 0.259647 2.819970
v 0.944806 0.249986 2.809890
v 0.950408 0.247112 2.826990
v 1.022060 0.529546 2.792640
v 1.017230 0.525708 2.806610
v 1.018610 0.539230 2.802450
v 0.849349 0.057817 2.824940
v 0.840186 0.045376 2.829280
v 0.846558 0.052251 2.842310
v 0.914322 -0.046821 2.549990
v 0.655587 0.144665 2.835840
v 0.643040 0.142231 2.842380
v 0.642940 0.156581 2.842030
v 0.858776 -0.018253 2.834490
v 0.843699 -0.019241 2.832340
v 0.849274 -0.016075 2.845960
v 0.845829 -0.030337 2.842600
v 0.856872 0.240411 2.833390
v 0.948688 -0.019013 2.881670
v 0.855571 0.153295 2.834590
v 0.855545 0.138955 2.833680
v 0.847862 0.146705 2.824330
v 0.848310 0.145446 2.844260
v 1.327760 0.090151 2.797620
v 0.953129 0.257861 2.818200
v 0.753617 0.553249 2.821770
v 0.767899 0.554446 2.823010
v 0.763088 0.544004 2.814370
v 0.761106 0.547608 2.833690
v 1.195220 -0.029228 2.403310
v 1.121500 -0.034073 2.028030
v 0.855323 -0.053931 2.041870
v 0.846050 -0.043686 2.038420
v 0.859663 -0.044634 2.031260
v 0.955243 -0.051397 1.745690
v 0.970367 -0.048644 1.750830
v 0.970393 -0.051448 1.734860
v 0.965072 -0.062087 1.743480
v 0.853711 0.656056 2.814220
v 0.842532 0.645152 2.823450
v 0.843349 0.659323 2.823360
v 0.852540 0.652871 2.832040
v 0.558956 -0.060499 1.450930
v 0.561502 -0.068652 1.438980
v 0.546835 -0.068588 1.439760
v 0.554193 -0.077938 1.447710
v 1.032580 0.536826 2.801430
v 1.442660 0.652912 2.838050
v -0.148931 0.752599 4.697740
v -0.131576 0.750526 4.698860
v -0.263130 0.858954 4.693100
v -0.351743 0.464209 4.661570
v -0.341597 0.469199 4.670880
v -0.351402 0.466330 4.681380
v -0.255921 0.750996 4.696560
v -0.354727 0.475167 4.670470
v -0.454899 0.649575 4.669480
v -0.350422 0.529534 4.681640
v 0.752191 -0.056147 2.640880
v 0.646971 -0.030839 2.757060
v 0.754481 0.141101 2.844690
v 0.760468 0.148661 2.832500
v 0.750245 0.139055 2.825800
v 0.341593 0.139458 2.827180
v 0.347078 0.147016 2.815590
v 0.355822 0.139837 2.824610
v 0.350571 0.148296 2.835100
v 0.546659 0.050671 2.827940
v 0.539645 0.062676 2.830820
v 0.550131 0.064446 2.821410
v 0.422790 -0.038569 2.929240
v 0.433553 -0.046572 2.922890
v 0.421062 -0.047994 2.915010
v 0.424347 -0.055868 2.929890
v 1.256380 0.035409 2.845440
v 0.752549 0.650207 2.832030
v 0.655174 0.442510 2.830930
v 0.641783 0.440893 2.835350
v 0.642759 0.452711 2.827550
v 0.859080 -0.038510 2.048150
v 1.203790 -0.033833 2.522460
v 1.217820 -0.034128 2.520500
v 1.212040 -0.043897 2.528980
v 1.212430 -0.023938 2.528730
v 1.080870 -0.043541 2.303890
v 1.095940 -0.042020 2.303790
v 1.088990 -0.053554 2.310730
v 1.087040 -0.034096 2.313140
v 0.641711 -0.033815 2.673540
v 0.962859 0.043548 2.833670
v 0.949357 0.042085 2.838150
v 0.950804 0.048535 2.825470
v 1.166330 -0.016723 2.839750
v 1.164900 -0.029917 2.847310
v 1.155120 -0.019539 2.848150
v 0.855450 0.045340 2.831720
v 0.643459 -0.056480 1.459470
v 0.651222 -0.065313 1.467980
v 0.644077 -0.076216 1.461600
v 0.636750 -0.065653 1.469040
v 0.251769 -0.082272 1.351460
v 0.158231 -0.064479 1.750210
v 0.152552 -0.063507 1.737290
v 0.148097 -0.054185 1.746950
v 0.147938 -0.074040 1.745530
v 0.553362 -0.077001 1.138550
v 0.544895 -0.081702 1.152140
v 0.535508 -0.077569 1.138970
v 0.747222 -0.067861 1.355690
v 0.743714 -0.068625 1.341120
v 0.757492 -0.074456 1.340940
v 0.754811 -0.059226 1.344630
v 0.632017 -0.065016 1.544550
v 0.631658 -0.063891 1.558890
v 0.639725 -0.054444 1.551630
v 0.639852 -0.074253 1.553180
v -0.141634 -0.083416 1.155050
v 0.447733 -0.077435 1.244180
v 0.452730 -0.066244 1.251510
v 0.455272 -0.085987 1.252780
v 0.445221 -0.076854 1.258220
v 0.659044 -0.071579 1.261380
v 0.651434 -0.081951 1.254810
v 0.651236 -0.061991 1.253910
v 0.750299 -0.068039 1.147180
v 0.734971 -0.073228 1.154150
v 0.747703 -0.069738 1.162470
v 0.746255 -0.083331 1.154940
v 0.851818 -0.067207 1.642050
v 0.843114 -0.057565 1.647680
v 0.849925 -0.047592 1.640290
v 0.644891 -0.071689 1.262070
v 0.856811 -0.055958 1.650870
v 0.856370 -0.054441 1.756540
v 0.230914 1.055140 2.766730
v 0.235948 1.041900 2.768080
v 0.222440 1.039920 2.764070
v 0.640125 0.255462 2.837980
v 0.649016 0.247600 2.829360
v 0.640881 0.241361 2.839130
v 0.350363 -0.079306 1.538310
v 0.184690 1.052920 2.762580
v 0.200933 1.053910 2.763610
v 0.193592 1.039350 2.763480
v 0.649513 -0.067566 1.048540
v 0.656503 -0.078754 1.041000
v 0.647295 -0.086875 1.049960
v 0.046351 -0.083763 0.741171
v 0.056486 -0.089781 0.751461
v 0.057505 -0.092282 0.737099
v 0.050276 -0.102453 0.744704
v -0.429844 -0.079150 1.371170
v -0.064083 -0.079294 1.253340
v -0.737564 -0.101212 1.061640
v -0.734256 -0.091580 1.050890
v -0.731353 -0.089725 1.068620
v 0.820281 -0.081565 1.175880
v 0.722248 -0.086165 1.053450
v 0.712747 -0.076497 1.049290
v 0.721852 -0.066196 1.052750
v 0.717751 -0.075937 1.062550
v 0.544311 -0.067644 1.146390
v 0.544943 -0.084317 1.251010
v 0.538539 -0.070168 1.258880
v 0.547412 -0.069415 1.243920
v 0.646811 -0.069880 1.336510
v 0.628696 -0.070200 1.338640
v 0.638060 -0.060005 1.341700
v 0.736280 -0.066455 1.553010
v 0.534199 -0.071461 1.350210
v 0.536652 -0.071303 1.364200
v 0.542404 -0.061309 1.355910
v 0.047948 -0.078071 1.362360
v 0.050961 -0.083875 1.252510
v 0.159531 -0.070390 1.549460
v 0.145828 -0.069965 1.553230
v 0.154365 -0.060104 1.558890
v 0.153870 -0.079975 1.559340
v -0.044571 -0.072292 1.145830
v -0.036398 -0.082230 1.139660
v -0.044209 -0.092276 1.146110
v 0.046454 -0.091313 0.839232
v 0.052795 -0.080049 0.846865
v 0.057306 -0.096627 0.852819
v 0.044420 -0.089888 0.853580
v -0.040001 -0.087944 0.936576
v -0.055480 -0.087859 0.934420
v -0.048525 -0.077604 0.941530
v 0.052295 -0.071625 1.150940
v 0.057738 -0.082241 1.142870
v 0.049910 -0.091466 1.150690
v 0.151531 -0.071194 1.140320
v 0.158846 -0.081449 1.133720
v 0.144630 -0.081809 1.133790
v 0.152041 -0.091143 1.141590
v 0.053849 -0.071329 1.565740
v 0.048593 -0.081251 1.557010
v 0.048813 -0.061257 1.557050
v 0.153193 -0.067700 1.667060
v 0.642041 -0.061058 1.723280
v 0.649065 -0.049577 1.731430
v 0.652037 -0.068730 1.732710
v 0.570090 -0.049847 1.750650
v 1.250620 -0.054207 1.791180
v 1.239180 -0.043741 1.790220
v 1.252340 -0.035576 1.788990
v 1.039680 0.804081 2.775630
v 1.031370 0.797314 2.785090
v 1.026650 0.810566 2.787610
v 1.041390 0.804951 2.791850
v 0.168736 0.714192 3.399920
v 0.350385 -0.062258 1.423560
v 0.359947 -0.072531 1.421580
v 0.350211 -0.082194 1.425140
v 0.658765 0.808778 2.820540
v 0.454354 0.748452 2.806020
v 0.449932 0.748097 2.824460
v 0.451253 0.759203 2.815230
v 0.464022 0.753003 2.818180
v 0.191842 0.740478 3.020770
v 0.971752 -0.030079 2.738360
v 0.213870 0.657913 3.005310
v 0.160222 0.674675 3.369650
v 0.172551 0.682587 3.362800
v 0.176627 0.669365 3.371170
v 0.179558 0.525810 3.315460
v 0.170726 0.535172 3.309600
v 0.190567 0.532729 3.309900
v 0.181208 0.539562 3.318320
v 0.185910 0.476516 3.036850
v 0.161389 0.558256 3.519300
v 0.142991 0.558692 3.519760
v 0.152237 0.567284 3.512950
v 1.735130 1.560060 4.839770
v 1.243830 2.367050 4.787040
v 1.559970 2.674600 4.751600
v 1.546390 2.676280 4.757680
v 1.553380 2.688550 4.752710
v 1.284910 2.616260 4.826840
v 1.280720 2.612400 4.810140
v 1.294440 2.613350 4.815800
v 1.288610 2.626920 4.814130
v 1.050310 2.723890 4.797930
v 1.061020 2.723550 4.785990
v 1.354040 1.774060 4.831820
v 1.947800 1.951280 4.796600
v 1.556040 1.943480 4.858040
v 1.548810 1.948480 4.843650
v 1.556790 1.956640 4.852350
v 1.265850 2.248510 4.667360
v 1.263470 2.265790 4.672420
v 1.559970 2.431870 4.834520
v 1.571400 2.443500 4.834350
v 1.575260 2.428320 4.837480
v 1.457590 1.855760 4.849010
v 1.444180 1.844450 4.850580
v 1.444330 1.858400 4.853550
v 1.450320 1.851420 4.864450
v 1.559610 1.853350 4.857310
v 1.850230 1.847630 4.785310
v 1.862140 1.862520 4.787790
v 1.858100 2.050150 4.767210
v 1.863130 2.040860 4.778160
v 1.849640 2.040670 4.773630
v 1.725110 2.138900 4.827520
v 1.722910 2.147560 4.815180
v 1.734050 2.138080 4.815940
v 2.189230 2.237440 4.674610
v 2.196510 2.229900 4.663690
v 2.181100 2.224680 4.674810
v 1.052350 2.413120 4.776120
v 1.041070 2.412120 4.786600
v 1.043740 2.425680 4.773590
v 2.126880 2.591610 4.591460
v 2.121970 2.574620 4.596200
v 2.114000 2.586850 4.596430
v 2.183100 2.582870 4.739380
v 1.769030 2.717790 4.723700
v 1.776860 2.703780 4.724530
v 1.764310 2.702500 4.714560
v 2.014040 2.665500 4.661960
v 1.148110 2.239490 4.839710
v 2.086100 2.584980 4.646340
v 2.072320 2.578890 4.648600
v 2.082140 2.591120 4.659710
v 2.083970 2.575810 4.658320
v 2.230000 0.816734 3.336880
v 2.216470 0.819371 3.340150
v 2.233810 0.828898 3.343070
v 2.226360 0.819233 3.350350
v 1.750980 2.056760 4.783390
v 1.743720 2.122230 4.749640
v 1.745030 2.126110 4.763570
v 1.756570 2.133340 4.758540
v 1.755720 2.117410 4.759000
v 2.224020 0.824418 3.251850
v 2.150050 0.866683 3.150700
v 2.153050 0.869741 3.136260
v 2.165220 0.872876 3.144580
v 2.055260 0.893392 3.252270
v 2.497540 1.751730 4.718630
v 2.487690 1.742230 4.708810
v 2.484110 1.744750 4.726000
v 2.485270 1.866660 4.716810
v 2.484020 1.854480 4.725190
v 2.475070 1.863220 4.733180
v 1.422450 2.339260 4.803110
v 1.427320 2.352740 4.790830
v 1.430990 2.337000 4.789500
v 2.000460 2.423310 4.858190
v 1.995910 2.437520 4.858170
v 2.009530 2.432320 4.850500
v 1.753690 1.933230 4.784110
v 1.740870 1.942660 4.783570
v 1.750560 1.942030 4.770950
v 1.633110 1.956580 4.845860
v 1.631640 1.948420 4.858970
v 1.629190 1.962780 4.858460
v 1.734500 1.931420 4.823900
v 1.725400 1.948780 4.824170
v 1.739420 1.945120 4.820550
v 1.849150 2.051400 4.782960
v 1.637620 1.846170 4.873010
v 1.638600 1.849400 4.853780
v 1.632850 1.837270 4.861360
v 1.444380 1.747220 4.857810
v 1.858050 1.948770 4.780020
v 1.845600 1.948740 4.772920
v 1.855100 1.956620 4.765660
v 1.358430 1.953870 4.817940
v 1.363320 1.945980 4.828630
v 1.349320 1.946460 4.826610
v 1.734540 1.942350 4.834390
v 1.642510 1.958780 4.862840
v 0.998826 2.311770 4.653830
v 0.997344 2.311250 4.639630
v 0.996573 2.297700 4.652810
v 1.010070 2.305310 4.647840
v 1.161840 2.299350 4.771360
v 1.171280 2.295110 4.761700
v 1.157190 2.289460 4.762350
v 1.171450 2.290060 4.776020
v 0.860591 2.570350 4.674990
v 0.850766 2.560280 4.677090
v 0.844568 2.572460 4.681030
v 1.359110 2.052490 4.823140
v 1.348380 2.046050 4.830620
v 1.350210 2.060300 4.831300
v 1.256090 2.063710 4.811210
v 1.253790 2.076270 4.818350
v 1.269550 2.071940 4.816050
v 1.259730 2.067490 4.828540
v 0.850505 1.556290 4.735520
v 0.863148 1.567890 4.737000
v 0.855577 1.561980 4.751290
v -0.006899 0.214005 4.712080
v 1.268210 2.277950 4.753160
v 1.256690 2.286350 4.758660
v 1.266750 2.295770 4.752070
v 0.949310 2.047710 4.746540
v 2.495700 1.736850 4.720430
v 1.148480 2.045490 4.819730
v 1.142900 2.050070 4.836540
v 1.134660 2.044620 4.825340
v 0.946492 1.947450 4.730560
v 0.955088 1.942390 4.742310
v 0.944893 1.952660 4.747610
v 1.021170 2.586730 4.749230
v 1.139030 2.058700 4.822950
v 1.138470 1.958270 4.824860
v 1.148840 1.944580 4.825900
v 1.134160 1.944460 4.828230
v 0.998124 2.410760 4.734000
v 0.999028 2.395870 4.736760
v 0.979737 2.375850 4.718910
v 1.146730 1.845140 4.838950
v 1.146000 1.664670 4.845630
v 1.149590 1.662790 4.829160
v 1.145070 1.651860 4.838150
v 1.159530 1.654590 4.840190
v 1.337790 2.412350 4.808300
v 1.353930 2.412920 4.808560
v 1.345340 2.400850 4.802120
v 1.347010 2.402750 4.819030
v 1.768880 2.668230 4.763870
v 1.775220 2.658450 4.755420
v 1.776460 2.657470 4.769750
v 1.146840 2.421440 4.805830
v 1.158520 2.399250 4.796390
v 1.133340 2.428250 4.804230
v 1.143300 2.395700 4.801640
v 2.064800 0.904278 3.254990
v 2.068310 0.897158 3.275980
v 2.186890 0.856045 3.362530
v 2.152020 0.882677 3.143910
v 1.661090 0.744425 2.882360
v 2.039690 0.879285 3.045190
v 2.047340 0.868687 3.052530
v 2.036580 0.860127 3.046560
v 1.748240 0.825002 2.896720
v 2.065040 0.877635 3.122800
v 2.052780 0.881904 3.130460
v 2.063280 0.892509 3.128320
v 2.064290 0.876747 3.138720
v 1.654830 0.841888 2.866270
v 1.644640 0.653506 2.892980
v 1.640260 0.659790 2.880900
v 1.647750 0.649919 2.873740
v 1.814120 0.860532 2.888040
v 1.818420 0.851417 2.900750
v 1.807410 0.863727 2.902790
v 1.994690 0.894756 3.164090
v 2.002420 0.883563 3.156040
v 1.992740 0.877041 3.168350
v 2.033120 0.871278 3.056530
v 2.134570 0.876250 3.064530
v 1.942620 0.868569 2.959260
v 1.942290 0.849389 2.964080
v 1.935290 0.857137 2.953870
v 1.933180 0.860696 2.967880
v 1.744710 0.758500 2.888220
v 1.654380 0.659550 2.883220
v 2.230450 0.754700 3.252730
v 2.230740 0.746932 3.264780
v 2.221950 0.758251 3.264420
v 2.241600 0.756007 3.262500
v 1.639830 0.564261 2.889370
v 1.369690 0.443358 2.818540
v 1.153540 0.353166 2.784250
v 1.312720 0.240490 2.801060
v 1.350650 0.129545 2.814660
v 1.363660 0.124288 2.807250
v 1.325460 0.260320 2.811520
v 1.032870 0.250713 2.795910
v 1.025910 0.255594 2.807360
v 1.038640 0.261392 2.804610
v 1.036850 0.251189 2.815370
v 1.079230 0.360968 2.796090
v 1.074530 0.345397 2.789620
v 1.066380 0.353749 2.799130
v 0.179755 0.251521 3.454540
v 0.161220 0.244871 3.455520
v 0.166638 0.259130 3.456430
v 0.170811 0.248794 3.465210
v 0.216275 0.146234 3.027730
v 0.211827 0.163947 2.993070
v 0.439080 0.050622 2.835700
v -0.005694 -0.055941 2.088170
v 0.350877 0.552120 2.826990
v 0.350647 0.555171 2.808410
v 0.359608 0.543759 2.818460
v 0.863492 -0.034937 2.657020
v 0.203578 0.775622 2.826500
v 0.241967 0.759833 2.797790
v 0.268237 0.747616 2.821240
v 0.195233 0.763233 2.994720
v -0.471667 -0.079769 1.737970
v -0.482277 -0.070422 1.735140
v -0.472525 -0.059868 1.736360
v -0.343521 -0.083951 1.569570
v -0.344102 -0.074051 1.558440
v -0.331047 -0.075586 1.565470
v -0.338131 -0.068423 1.753110
v -0.323517 -0.067593 1.760980
v -0.321769 -0.069447 1.744560
v 0.049700 -0.075045 1.458010
v 0.039865 -0.083292 1.467640
v 0.035149 -0.073675 1.457690
v 0.037618 -0.067720 1.470810
v -0.554090 -0.074885 1.566130
v -0.454112 -0.070982 1.462840
v -0.438102 -0.077837 1.460230
v -0.448999 -0.076537 1.449370
v -0.450000 -0.087841 1.459840
v -0.328213 -0.078595 1.753320
v -0.252231 -0.080030 1.355820
v -0.549222 -0.083559 0.948817
v -0.542286 -0.093251 0.940859
v -0.547665 -0.103449 0.949370
v -0.539667 -0.092655 0.954936
v -0.456517 -0.094347 1.047980
v -0.625575 -0.086147 0.876486
v -0.619719 -0.095421 0.867030
v -0.628316 -0.105155 0.873439
v -0.715054 -0.082834 0.985347
v -0.702260 -0.093830 0.990492
v -0.717873 -0.098813 0.983977
v -0.746814 -0.089892 1.059290
v -0.545207 -0.101624 0.840644
v -0.560338 -0.098803 0.838741
v -0.552370 -0.086117 0.842754
v -0.616477 -0.098109 0.880885
v -0.648904 -0.095604 1.250460
v -0.817739 -0.099385 1.157880
v 0.192172 0.790888 2.797770
v -0.976072 -0.071339 1.855350
v -0.966796 -0.060955 1.859490
v -0.966221 -0.080584 1.860690
v -0.444529 -0.066096 1.542090
v -0.348155 -0.069283 1.571970
v 0.058995 -0.082573 1.157010
v -0.436469 -0.072567 1.651820
v -0.251105 -0.073314 1.566140
v -0.133975 -0.056316 1.736060
v -0.124323 -0.066045 1.732300
v -0.133357 -0.076304 1.736180
v 0.065768 -0.064312 1.752410
v -0.256231 -0.058031 1.767310
v -0.253810 -0.069076 1.758740
v -0.256968 -0.077898 1.769400
v -0.246599 -0.068066 1.770920
v -0.235028 -0.071093 1.635340
v -0.221228 -0.070941 1.631090
v -0.225730 -0.080874 1.640560
v -0.226023 -0.060920 1.640320
v -0.050971 -0.060207 1.636040
v -0.156886 -0.069767 1.649960
v -0.150511 -0.059582 1.657420
v -0.142263 -0.069533 1.651680
v 0.039984 -0.071169 1.562320
v -0.053615 -0.072634 1.536250
v -0.474478 -0.069137 1.746880
v -0.564742 -0.069576 1.820570
v -0.558204 -0.058740 1.827440
v -0.556912 -0.078631 1.828570
v -0.640491 -0.068244 1.829130
v -1.254140 -0.064504 1.875340
v -0.938059 -0.086630 1.646380
v -0.947988 -0.076256 1.654460
v -0.937432 -0.068060 1.644820
v -0.732577 -0.076169 2.037120
v -0.742000 -0.066279 2.042550
v -0.732765 -0.056248 2.037060
v -0.933636 -0.076630 1.655770
v -0.848776 -0.070774 1.866420
v -0.844029 -0.060506 1.857760
v -0.843373 -0.080489 1.857510
v -0.834997 -0.070277 1.862840
v -0.728152 -0.066134 2.046430
v -0.554588 -0.079142 1.431010
v -0.546272 -0.068864 1.436130
v -0.538048 -0.078975 1.430550
v -0.229448 -0.053777 1.931480
v 0.019330 -0.061025 1.872530
v -0.028825 -0.044779 2.238280
v -0.035165 -0.055501 2.231070
v -0.036281 -0.054786 2.245360
v -0.027831 -0.064704 2.239360
v -0.668579 -0.056938 2.345190
v 0.266899 0.143602 2.836850
v 0.255616 0.151800 2.825000
v 0.268383 0.142360 2.820450
v 0.354758 0.254061 2.820480
v 0.353520 0.240101 2.823780
v 0.344643 0.245320 2.813720
v 0.269498 0.257201 2.822480
v 0.264009 0.246139 2.813310
v 0.254322 0.255569 2.820630
v 0.261472 0.248362 2.832180
v 0.269917 0.155279 2.827920
v 0.347608 0.249593 2.832860
v 0.346613 0.659265 2.812450
v 0.208339 0.444882 2.916670
v 0.181974 0.559058 3.168840
v 0.049708 -0.056991 2.076070
v 0.057454 -0.047014 2.084630
v 0.060335 -0.064229 2.088490
v 0.047524 -0.056508 2.091090
v 0.165863 -0.062491 1.802250
v 0.152403 -0.064010 1.796950
v 0.154401 -0.054425 1.807700
v 0.157108 -0.073982 1.806430
v 1.114840 -0.025801 2.741770
v 1.053420 -0.026392 2.749740
v 1.325360 0.148614 2.802170
v 0.665965 -0.048670 2.578190
v 0.670978 -0.038801 2.567160
v 0.670089 -0.056129 2.562320
v 0.573815 -0.058189 2.551150
v 0.678779 -0.049877 2.571860
v 0.458090 -0.011479 2.869180
v 0.462584 -0.015254 2.856210
v 0.473758 -0.021743 2.862190
v 0.454080 0.140686 2.831070
v 0.439918 0.139200 2.832060
v 0.442176 0.150807 2.824070
v 0.574734 -0.038034 2.752140
v 0.580163 -0.049730 2.760490
v 0.565047 -0.048313 2.758140
v 0.576959 -0.036295 2.767220
v 0.471225 -0.007951 2.864850
v 0.761445 0.134092 2.833860
v 0.762439 0.254186 2.822720
v 0.757591 0.247228 2.837440
v 0.754887 0.260952 2.833230
v 1.078320 0.348264 2.806470
v 1.043370 0.743917 2.781990
v 1.057700 0.745317 2.783260
v 1.056760 0.731959 2.788690
v 1.368800 0.836152 2.817540
v 1.379270 0.824352 2.819070
v 1.373790 0.830635 2.832550
v 1.384510 0.838871 2.822680
v 0.946240 0.351129 2.807980
v 0.940143 0.343387 2.818570
v 0.940350 0.357606 2.819200
v 1.247020 0.439681 2.772070
v 1.088380 0.260040 2.792200
v 1.087390 0.244114 2.798830
v 1.073740 0.252652 2.794800
v 1.156230 0.440162 2.782150
v 1.142210 0.441351 2.783920
v 1.147910 0.447595 2.772550
v 1.150540 0.449255 2.792230
v 1.209850 -0.037517 2.339440
v 0.956343 0.053256 2.843710
v 0.956319 0.450642 2.823350
v 0.953371 0.448706 2.803850
v 0.961286 0.440372 2.813550
v 1.017230 0.456638 2.803670
v 1.033020 0.457661 2.801390
v 1.021110 0.845563 2.825810
v 1.084550 0.256918 2.806650
v 1.024380 0.343110 2.802500
v 1.026760 0.358597 2.800980
v 1.039730 0.349692 2.800490
v 1.010950 0.736392 2.810130
v 1.011500 0.744726 2.796850
v 1.006830 0.730535 2.792040
v 0.853279 0.554556 2.814430
v 0.861123 0.546652 2.823500
v 0.846800 0.546052 2.824310
v 0.854462 0.553345 2.834310
v 1.074300 0.441583 2.794990
v 0.963963 0.454392 2.811750
v 0.768812 0.260552 2.837630
v 1.037210 -0.053592 2.016690
v 1.037600 -0.033601 2.016350
v 1.042370 -0.043844 2.007650
v 0.542649 -0.081304 1.356090
v 0.861802 -0.072867 1.439630
v 0.852425 -0.063145 1.433880
v 0.866496 -0.062704 1.430420
v 0.861212 -0.052967 1.439770
v 0.451463 -0.078974 1.342800
v 0.445565 -0.075932 1.356060
v 0.451499 -0.064306 1.349060
v 0.553114 -0.073368 1.257230
v 0.459845 -0.073429 1.359100
v 1.243110 -0.047775 1.813620
v 0.641720 -0.060163 1.737490
v 0.552310 -0.055560 1.532450
v 0.551050 -0.075477 1.533300
v 0.543964 -0.065335 1.525750
v 0.544538 -0.064767 1.539880
v 0.248183 -0.057983 1.649180
v 0.253414 -0.069279 1.642450
v 0.247039 -0.077753 1.651820
v 0.256395 -0.067617 1.656190
v 1.069040 0.548807 2.794080
v 0.904807 0.807635 2.798680
v 1.016260 0.658116 2.801940
v 0.996588 0.630396 2.789300
v 1.006510 0.657391 2.791250
v 1.018980 0.732863 2.798990
v 0.998245 0.627208 2.808840
v 0.997428 0.655404 2.802360
v 0.945336 0.556517 2.812490
v 0.951498 0.548226 2.802410
v 0.944884 0.542169 2.813990
v 0.938536 0.732481 2.799660
v 0.941769 0.744394 2.807860
v 0.952885 0.734653 2.806750
v 0.941567 0.733811 2.818240
v 0.169743 0.376908 3.364090
v 0.184658 0.368665 3.368920
v 0.170761 0.360185 3.364880
v 0.174471 0.532036 3.218820
v 0.184655 0.534285 3.208530
v 0.185069 0.522558 3.217310
v 0.184357 0.542159 3.220880
v 1.052330 -0.054055 1.849690
v 1.046060 -0.048604 1.837970
v 1.059870 -0.048635 1.833990
v 0.200297 0.553748 3.033420
v 0.193319 0.551265 3.020490
v 0.191881 0.564600 3.027290
v 0.181214 0.554093 3.028720
v 0.752435 -0.055697 1.733110
v 0.744316 -0.066426 1.739440
v 0.738514 -0.057336 1.729940
v 1.054170 -0.037528 1.842210
v 0.858691 -0.060764 1.850560
v 0.849513 -0.048080 1.848590
v 0.863670 -0.050060 1.841900
v 0.742117 -0.046681 1.738890
v 1.152180 0.818374 2.769530
v 1.161150 0.806747 2.773510
v 1.146990 0.807553 2.778710
v 1.306300 -0.030089 2.631800
v 1.452590 0.122134 2.830620
v 1.444020 0.110188 2.832390
v 1.451340 0.116195 2.843770
v 1.457430 0.109230 2.826180
v 0.360433 0.557897 2.818280
v -0.599861 -0.056237 2.300960
v -1.025600 -0.002991 4.597230
v -1.029770 -0.016260 4.609600
v -1.668450 -0.028295 4.541180
v -1.747970 0.145673 4.574930
v -1.755270 0.151205 4.589250
v -1.741570 0.152963 4.585470
v -1.939660 0.068896 4.570540
v -1.940620 0.053792 4.570540
v -1.946270 0.062179 4.559280
v -1.754010 0.246346 4.573900
v -1.764310 0.236563 4.580010
v -1.764520 0.250620 4.582590
v -1.658250 0.046512 4.575970
v -1.646120 0.057789 4.579200
v -1.644090 0.042565 4.580660
v -1.853790 0.243239 4.568270
v -1.855980 0.244535 4.588110
v -1.848180 0.236316 4.579430
v -1.145010 0.130966 4.620960
v -1.154550 0.142712 4.619200
v -1.140550 0.147410 4.615470
v -2.043360 0.458528 4.555630
v -2.049700 0.452076 4.544530
v -2.057480 0.457634 4.554970
v -2.050460 0.449701 4.564370
v -1.758150 0.242827 4.592740
v -1.842580 0.063963 4.575060
v -1.842740 0.049552 4.573130
v -1.854940 0.053544 4.566290
v -2.679540 0.857991 4.488090
v -2.682130 0.863437 4.506340
v -2.683220 0.848718 4.500450
v -2.354820 1.054890 4.527590
v -2.139120 0.260527 4.555350
v -2.141790 0.246821 4.552300
v -2.146860 0.257095 4.543750
v -2.558740 1.936520 4.470370
v -2.547600 1.949440 4.477060
v -2.546960 1.934960 4.478870
v -2.038150 0.058295 4.562350
v -2.046580 0.047986 4.568670
v -2.044680 0.053321 4.550100
v -2.141520 0.058328 4.547740
v -2.134850 0.065000 4.559080
v -2.142850 0.055794 4.567360
v -2.149560 0.065088 4.558090
v -1.862240 0.237054 4.577830
v -2.357310 0.067766 4.538750
v -2.341880 0.066382 4.542100
v -2.348440 0.060432 4.528950
v -2.250340 0.054374 4.541940
v -2.243120 0.061372 4.554740
v -2.252430 0.048197 4.556920
v -2.053400 0.251110 4.547450
v -2.053390 0.252332 4.567350
v -2.046680 0.244062 4.557860
v -2.051590 0.145048 4.564920
v -2.059280 0.150458 4.554220
v -2.060340 0.151462 4.574140
v -2.060940 0.244007 4.557880
v -1.936150 0.155510 4.573050
v -1.937430 0.141316 4.573740
v -1.943780 0.148468 4.563150
v -2.645510 0.363610 4.500490
v -2.651440 0.364553 4.516410
v -2.640240 0.352166 4.513170
v -1.656530 0.149504 4.579510
v -1.648990 0.156238 4.589540
v -1.656360 0.149175 4.599470
v -1.425890 -0.035103 4.584380
v -1.663180 0.157451 4.589680
v -1.742780 0.139804 4.591010
v -2.362290 0.248731 4.533210
v -2.364760 0.261660 4.539180
v -2.350350 0.260789 4.539980
v -2.142740 0.143513 4.562460
v -2.146840 0.150160 4.548330
v -2.143210 0.157852 4.560120
v -2.358930 0.254418 4.550240
v -1.438900 0.241250 4.613210
v -1.161060 0.043517 4.613370
v -1.053020 0.046840 4.607480
v -1.040230 0.042849 4.615110
v -1.052020 0.034415 4.614870
v -0.837968 0.335779 4.628450
v -0.830685 0.343980 4.637680
v -0.830376 0.329855 4.640140
v -0.839543 0.339126 4.647860
v -0.663405 0.641001 4.649510
v -0.560409 0.537959 4.655660
v -0.554192 0.548383 4.646980
v -0.546336 0.541183 4.656790
v -0.740321 0.759112 4.663560
v -0.553463 0.758566 4.663330
v -0.558093 0.767029 4.674020
v -0.543906 0.764716 4.673080
v -0.552334 0.757436 4.683100
v -0.850273 0.650692 4.622430
v -0.842364 0.655533 4.633590
v -0.842887 0.641202 4.631330
v -0.851196 0.647639 4.641990
v -0.438955 0.575606 4.655470
v -0.449377 0.565325 4.659340
v -0.455951 0.578860 4.657650
v -0.673194 0.327851 4.648580
v -0.662601 0.333663 4.640440
v -0.659666 0.322923 4.649630
v -0.755033 0.624402 4.641780
v -0.767794 0.618589 4.639810
v -0.763381 0.628691 4.630930
v -0.462073 0.452339 4.662140
v -0.438774 0.260794 4.665420
v -0.438971 0.246221 4.666130
v -0.448394 0.252497 4.656930
v -0.537309 0.653034 4.650640
v -0.543392 0.663481 4.642850
v -0.532180 0.666258 4.651090
v -0.255997 0.362368 4.679990
v -0.250472 0.372970 4.671460
v -0.244771 0.375564 4.684740
v -0.260782 0.378554 4.680300
v 1.625250 2.048040 4.857030
v 1.629730 2.058800 4.847740
v 1.638810 2.052720 4.857040
v 2.058160 2.255650 4.715320
v 2.071780 2.265550 4.712580
v 2.073160 2.248440 4.710730
v 1.630210 2.057350 4.867550
v 1.718190 1.846740 4.822830
v 1.731890 1.836270 4.826490
v 1.719880 1.841500 4.838280
v 1.306970 2.270040 4.685140
v 1.543900 1.956110 4.858640
v 1.542080 2.131600 4.851210
v 1.534150 2.139030 4.860400
v 1.536120 2.138890 4.840530
v 1.543230 2.145790 4.851220
v 1.861270 2.128160 4.769250
v 1.864850 2.123810 4.783280
v 1.849780 2.124950 4.783780
v 1.859220 2.137780 4.781920
v 1.729780 1.850060 4.831390
v 1.740720 1.656460 4.833990
v 1.452560 1.951930 4.844050
v 1.462250 1.938060 4.844790
v 1.449110 1.939520 4.850440
v 1.724260 2.057280 4.826860
v 1.923160 2.052210 4.792430
v 1.925080 2.061480 4.803390
v 1.917030 2.065430 4.791890
v 1.928800 2.062410 4.783830
v 1.695610 2.225690 4.820360
v 1.699050 2.222810 4.835060
v 1.693930 2.235380 4.830680
v 2.046020 2.184930 4.750020
v 2.056600 2.193520 4.760510
v 2.059070 2.190680 4.746240
v 2.061600 2.178400 4.754010
v 1.769520 2.231420 4.654010
v 1.768200 2.217480 4.650950
v 1.759270 2.231920 4.643990
v 1.757280 2.226600 4.659700
v 1.846140 1.960300 4.781370
v 1.741660 1.667830 4.825560
v 1.755140 1.949140 4.786420
v 1.851750 2.699150 4.692590
v 1.030510 2.374110 4.742540
v 1.042870 2.380720 4.750500
v 1.045140 2.367110 4.742150
v 1.036540 2.367130 4.756430
v 1.164190 2.712830 4.766800
v 1.856240 2.243690 4.738150
v 1.848220 2.255640 4.741550
v 1.862690 2.258300 4.740010
v 1.853490 2.248360 4.753290
v 1.737980 2.187240 4.538080
v 1.747270 2.408900 4.791000
v 1.742510 2.395310 4.795070
v 1.632580 2.137210 4.854070
v 1.638530 2.145530 4.842840
v 1.646360 2.136010 4.850210
v 1.670940 2.257600 4.669190
v 1.680200 2.246070 4.669330
v 1.674010 2.245310 4.682750
v 1.968570 2.232470 4.799310
v 1.982680 2.234910 4.798090
v 1.975690 2.223970 4.808460
v 1.647010 1.841220 4.862740
v 1.734530 1.496200 4.824960
v 1.745510 1.502730 4.815610
v 1.738840 1.488520 4.811240
v 1.750290 1.489460 4.822800
v 1.752060 1.491560 4.782780
v 1.954920 1.554890 4.812230
v 1.460470 2.156280 4.843700
v 1.460260 2.141980 4.844770
v 1.452270 2.147420 4.834180
v 1.451510 2.148910 4.853770
v 1.452830 2.066370 4.853730
v 2.195590 2.224460 4.677320
v 1.349770 2.292510 4.772380
v 1.351990 2.292980 4.756550
v 1.356420 2.278470 4.761630
v 1.261480 2.226300 4.810970
v 1.248260 2.218440 4.805600
v 1.247760 2.231040 4.813080
v 1.244740 2.420490 4.796580
v 1.256740 2.420940 4.804860
v 1.259950 2.395310 4.798480
v 1.074520 2.422610 4.809960
v 1.547390 2.055200 4.857940
v 1.781810 2.670860 4.769610
v 1.144260 2.150910 4.824390
v 1.154790 2.145200 4.815260
v 1.147020 2.136360 4.824240
v 1.153100 2.144680 4.834880
v 1.548840 2.237970 4.837470
v 1.562890 2.241220 4.843030
v 1.554590 2.240410 4.856040
v 1.335990 2.310490 4.668630
v 1.248670 2.140770 4.820990
v 1.259520 2.134430 4.812870
v 1.250790 2.126470 4.821200
v 1.352360 2.153020 4.834660
v 1.353080 2.152440 4.818630
v 1.349380 2.141460 4.826900
v 1.450710 2.347490 4.811650
v 1.363400 2.291010 4.766170
v 1.462110 2.347660 4.821990
v 1.463160 2.338730 4.809370
v 1.252230 2.221900 4.823640
v 1.398400 2.351920 4.738160
v 1.392510 2.339460 4.745150
v 1.379890 2.348210 4.743470
v 1.462640 2.353170 4.803750
v 1.184080 2.698160 4.784100
v 1.372920 2.611020 4.823320
v 1.361070 2.616330 4.811400
v 1.375630 2.621210 4.812130
v 1.058440 2.737340 4.793770
v 0.951255 2.275950 4.655020
v 0.958529 2.267050 4.663920
v 0.952016 2.261510 4.652170
v 0.945356 2.271760 4.667860
v 0.902273 2.540460 4.696800
v 0.889598 2.541420 4.705610
v 0.898343 2.554120 4.706780
v 0.902972 2.538490 4.712800
v 0.984799 2.576480 4.714370
v 0.792697 2.451640 4.666280
v 0.855818 2.563020 4.690100
v 0.937468 2.205190 4.742000
v 0.922980 2.206920 4.745840
v 0.927125 2.207390 4.731240
v 1.434650 2.252670 4.837650
v 1.443590 2.243170 4.830180
v 1.433250 2.238430 4.838950
v 1.363040 2.141630 4.830900
v 1.591460 2.286480 4.738520
v 1.598000 2.293480 4.749310
v 1.604890 2.280820 4.750090
v 1.551460 2.249730 4.845450
v 1.783650 2.331210 4.687470
v 1.809950 2.384530 4.763400
v 1.804690 2.379770 4.749470
v 1.808810 2.394680 4.747190
v 1.684650 2.257010 4.678240
v 1.647230 2.239220 4.833890
v 1.656220 2.231350 4.842620
v 1.646400 2.234660 4.853180
v 1.728640 2.638870 4.820300
v 1.721300 2.629040 4.804960
v 1.724470 2.644060 4.806400
v 1.354250 2.052200 4.842480
v 1.163760 2.707340 4.781160
v 1.248310 2.680690 4.768960
v 1.252680 2.691470 4.759510
v 1.255540 2.677260 4.755680
v 1.262020 2.687730 4.770620
v 1.483660 2.646740 4.760590
v 1.652020 2.428610 4.835330
v 1.660690 2.417110 4.839370
v 1.646330 2.413180 4.837870
v 1.241540 2.395850 4.803350
v 1.143870 2.437800 4.798850
v 1.081450 2.431170 4.797220
v 1.086790 2.415360 4.799410
v 1.708080 2.234960 4.832420
v 1.554590 2.353540 4.787190
v 1.562390 2.366120 4.816140
v 1.731460 2.256170 4.754530
v 1.740070 2.244040 4.765030
v 1.727030 2.242670 4.758360
v 1.754080 2.376780 4.747420
v 1.761510 2.373920 4.762090
v 1.755400 2.360240 4.754740
v 1.677160 2.295960 4.783460
v 1.676010 2.298180 4.764740
v 1.672360 2.284530 4.772870
v 1.566720 2.435500 4.848920
v 1.685020 2.290870 4.772850
v 2.070590 2.255540 4.723630
v 1.440080 2.245290 4.849570
v 1.246070 1.852590 4.821590
v 1.253380 1.859750 4.834290
v 1.241170 1.847330 4.837840
v 1.239400 1.860030 4.831700
v 0.940482 2.157000 4.751340
v 0.933162 2.165100 4.742240
v 0.940428 2.156550 4.733520
v 0.851528 2.371650 4.700570
v 0.846941 2.346070 4.676680
v 0.836798 2.366060 4.700650
v 0.650133 1.556240 4.655770
v 0.754387 2.610800 4.670290
v 1.128790 2.370660 4.752220
v 1.134790 2.362850 4.763290
v 1.120720 2.360210 4.767090
v 0.748758 2.351170 4.658750
v 0.751238 2.365240 4.657780
v 0.756658 2.358940 4.646120
v 0.841259 2.281410 4.580670
v 0.848112 2.270170 4.590370
v 0.843367 2.264110 4.575930
v 0.843599 2.365540 4.714850
v 0.849150 2.355740 4.703100
v 0.842687 2.225520 4.723740
v 0.855505 2.222510 4.711760
v 0.856768 2.222290 4.726390
v 0.840724 2.242640 4.697590
v 0.633794 2.375380 4.679610
v 0.626609 2.368990 4.667710
v 0.641488 2.372330 4.666470
v 0.628221 2.383990 4.665160
v 0.986438 2.402630 4.735670
v 0.932439 2.218800 4.746140
v 1.017870 2.143370 4.778370
v 1.018010 2.154720 4.768070
v 1.030210 2.146710 4.763390
v -1.560610 2.355410 4.565930
v 0.744529 2.150700 4.717440
v 0.551672 2.228040 4.579160
v 0.542718 2.240440 4.567630
v 0.558181 2.239510 4.570540
v 0.951436 1.867090 4.733190
v 0.945175 1.860380 4.747210
v 0.943023 1.873740 4.742630
v 1.136700 2.651010 4.816260
v 1.148500 2.646650 4.809350
v 1.146050 2.652950 4.826980
v 0.946396 2.593640 4.689700
v 0.947278 2.596290 4.708240
v 2.165340 2.576970 4.646740
v 2.159240 2.588420 4.638600
v 2.174330 2.588780 4.641210
v 2.160370 2.590270 4.653760
v 1.051100 2.423980 4.787170
v 1.081870 2.138660 4.810460
v 1.073160 2.150360 4.814710
v 1.086350 2.148000 4.821080
v 1.074200 2.143050 4.827990
v 0.855855 2.039530 4.720690
v 0.859276 2.048520 4.731340
v 0.859688 2.034130 4.733680
v 1.092600 2.215580 4.810970
v 1.081130 2.210640 4.817720
v 1.084030 2.219230 4.828640
v 1.093780 2.209600 4.824070
v 0.637323 2.232440 4.619290
v 0.639369 2.245140 4.628960
v 0.557666 1.953740 4.684090
v 0.567976 1.960640 4.691530
v 0.567077 1.946210 4.692090
v 0.562791 1.954170 4.703380
v 1.252940 1.673140 4.842860
v 1.072380 1.841330 4.817330
v 1.215200 1.562390 4.862030
v 1.205950 1.562280 4.851330
v 1.216680 1.561600 4.842140
v 0.941716 1.740290 4.745100
v 0.951490 1.746040 4.735870
v 0.955627 1.739320 4.747650
v 0.948086 1.748510 4.755380
v 1.215590 1.572630 4.851640
v 1.076030 1.745760 4.833580
v 1.084940 1.745830 4.815790
v 1.088680 1.740450 4.828770
v 1.026030 1.748770 4.766220
v 1.015410 1.742060 4.773180
v 1.017820 1.751330 4.783880
v 1.028340 1.741060 4.779330
v 0.946695 1.554190 4.757250
v 0.845554 2.037110 4.735710
v 0.554746 1.642960 4.688960
v -0.907914 1.367700 4.638850
v 0.552969 2.438470 4.680180
v -0.799386 1.073180 4.663510
v -0.910010 1.155530 4.641030
v -0.915430 1.164550 4.630320
v -0.906219 1.170040 4.641550
v -1.865990 0.847472 4.557890
v -1.870410 0.860918 4.556670
v -1.860910 0.856135 4.547250
v -1.517110 1.083520 4.607170
v -1.758840 1.663140 4.546290
v -2.264680 1.552240 4.504250
v -1.570520 1.447150 4.586620
v -1.567040 1.459830 4.579580
v -1.563570 1.450650 4.568350
v -1.653320 1.556420 4.566240
v -1.948240 2.235100 4.513480
v -1.937260 2.243980 4.505070
v -1.934150 2.231020 4.514690
v -2.352570 1.703630 4.500010
v 1.070370 2.707350 4.820230
v 1.084530 2.682310 4.815660
v -1.743310 1.942940 4.543000
v -1.756980 1.944090 4.539300
v -1.748890 1.949000 4.528690
v -1.520340 1.533470 4.613070
v -1.506470 1.339040 4.603640
v -1.515890 1.339730 4.617670
v -1.520090 1.331720 4.605050
v -1.564520 1.351480 4.591700
v -1.555780 1.348540 4.574200
v -1.557320 1.339340 4.586160
v -1.551070 1.352060 4.587140
v -1.521330 1.347110 4.603350
v -1.557400 1.449330 4.581240
v -1.565790 1.241980 4.574080
v -1.573110 1.244530 4.588440
v -1.572020 1.256870 4.576450
v -0.910265 1.261640 4.634900
v -0.910750 1.247630 4.643230
v -0.923491 1.256990 4.647240
v -0.266031 1.139180 4.693650
v -1.060420 0.718795 4.630040
v -0.849175 0.755237 4.663740
v -0.918467 1.164660 4.649420
v -1.040570 0.442864 4.621420
v -0.865767 0.850442 4.653560
v -0.854898 0.848351 4.644250
v -0.855613 0.850939 4.663840
v -1.654880 0.844245 4.575190
v -1.643420 1.145700 4.565710
v -1.654920 1.153770 4.570860
v -1.646670 1.153240 4.553210
v -1.854420 1.243240 4.549480
v -1.842380 1.255640 4.555590
v -1.843050 1.241600 4.557910
v -1.847950 1.137940 4.549680
v -1.841160 1.144820 4.560060
v -1.841290 1.130640 4.560200
v -1.854330 1.048970 4.568850
v -1.852480 1.047870 4.549030
v -1.845890 1.055510 4.559260
v -1.519790 0.083760 4.593730
v -1.517690 0.072008 4.601990
v -1.530510 0.078889 4.602270
v -1.567910 1.654990 4.573980
v -1.664940 1.746130 4.544420
v -1.656120 1.754060 4.536170
v -1.650990 1.746800 4.547330
v -1.843080 1.453240 4.554100
v -1.658160 1.453340 4.558870
v -1.523130 1.739250 4.612250
v 1.015360 2.253440 4.687600
v 1.003550 2.265060 4.696810
v 1.003530 2.262110 4.680990
v 1.015020 2.268230 4.688020
v 1.153830 2.396900 4.814280
v 1.494570 2.658470 4.761080
v 1.367920 2.625760 4.824630
v 1.762340 2.705180 4.729670
v 1.715530 2.637200 4.815070
v 1.084560 2.671410 4.805600
v 1.086050 2.668700 4.821360
v 1.524640 2.654320 4.834850
v 1.478510 2.662560 4.758550
v 1.655470 2.721800 4.767690
v 1.667560 2.712270 4.773740
v 1.652090 2.705680 4.771680
v 1.655260 2.716610 4.782560
v 1.145410 2.662090 4.813520
v 0.986149 2.638260 4.722400
v 0.849060 2.335120 4.686770
v 0.834038 2.335820 4.687280
v 0.569150 2.228300 4.634980
v 0.557680 2.235980 4.639910
v 0.566947 2.247270 4.638700
v 0.642390 2.224180 4.474200
v 0.764311 2.360370 4.661010
v 0.853541 1.951830 4.735200
v 0.843096 1.959920 4.741050
v 0.850983 1.959190 4.723040
v 0.856102 1.966040 4.735760
v 0.538262 2.033440 4.680010
v 0.548824 2.036250 4.694390
v 0.539362 2.025420 4.692110
v 0.946460 2.169900 4.743690
v 0.833226 2.269470 4.586290
v 0.637117 1.774760 4.682180
v 0.637836 1.776140 4.666810
v 0.652085 1.771410 4.670450
v 0.961279 2.318220 4.675620
v 0.969495 2.327400 4.668270
v 0.971902 2.326960 4.682400
v 0.558963 1.666980 4.703750
v 0.566658 1.648080 4.696530
v 0.957047 1.957600 4.740850
v 0.573813 2.178680 4.675020
v 0.570093 2.167300 4.682690
v 0.563980 2.167260 4.669850
v 1.037660 2.245620 4.755240
v 1.023720 2.236700 4.760790
v 1.023470 2.250400 4.754730
v 0.721556 2.209910 4.541140
v 0.711274 2.201140 4.536660
v 0.709881 2.206480 4.549780
v 0.723488 2.195110 4.540820
v 0.647927 1.851350 4.642410
v 0.644316 1.843680 4.654920
v 0.634526 1.854450 4.650840
v 0.610375 2.035240 4.676930
v 0.612266 2.023090 4.664610
v 0.606529 2.020760 4.678330
v 0.705402 2.059830 4.686390
v 0.702349 2.052090 4.699110
v 0.696152 2.065470 4.702810
v 0.849450 1.743510 4.736760
v 0.849630 1.757430 4.734200
v 0.857920 1.749070 4.726340
v 0.860812 1.756600 4.742840
v 0.761866 1.489220 4.721920
v 0.778389 1.492090 4.722760
v 0.771872 1.476680 4.724270
v 0.747421 1.549450 4.720180
v 0.750998 1.555440 4.733150
v 0.757994 1.558290 4.714970
v 0.761150 1.547550 4.725160
v 0.849558 1.569440 4.740820
v 0.536410 1.786830 4.688700
v 0.542662 1.797130 4.696860
v 0.551120 1.786080 4.692620
v 0.759086 1.669290 4.732480
v 0.753263 1.661640 4.721580
v 0.745353 1.670500 4.729280
v 0.748887 1.663380 4.740990
v 0.943841 1.658960 4.749400
v 0.958726 1.652120 4.743890
v 0.950838 1.645540 4.757860
v 1.031210 1.639480 4.783780
v 1.008190 1.541790 4.776980
v 1.019100 1.545500 4.760700
v 1.021830 1.538730 4.773210
v 1.017290 1.552480 4.773300
v 1.072160 1.559340 4.817710
v 1.067060 1.546980 4.823190
v 1.058210 1.558660 4.822240
v 0.856880 2.235800 4.720620
v 0.636874 1.658800 4.646720
v 0.650225 1.655410 4.651580
v 0.638719 1.648290 4.656270
v 0.955325 1.873450 4.749890
v 0.750777 1.952670 4.716090
v 0.744102 1.965390 4.715680
v 0.757371 1.965340 4.710150
v 0.714854 2.326780 4.411000
v 0.724393 2.338320 4.402510
v 0.729196 2.327620 4.410810
v 0.575189 2.186090 4.517120
v 0.586528 2.199050 4.521510
v 0.588537 2.188390 4.511820
v 0.956232 1.658550 4.756270
v 1.086010 1.754680 4.827490
v 1.063840 1.554460 4.835130
v 0.764186 1.838790 4.721850
v 0.748817 1.839200 4.723520
v 0.754557 1.853520 4.722380
v 0.840627 1.855610 4.724290
v 0.833530 1.847660 4.734480
v 0.834358 1.861630 4.739150
v 0.847211 1.850180 4.739380
v 0.648341 1.964370 4.654630
v 0.643212 1.953530 4.669530
v 0.636683 1.967400 4.665100
v 0.760282 2.048370 4.708800
v 0.750443 2.043000 4.717690
v 0.750614 2.057000 4.714820
v 0.696593 1.949030 4.692990
v 0.694837 1.962350 4.686940
v 0.707824 1.955420 4.686250
v 0.629160 2.306850 4.590430
v 0.642971 2.306510 4.585610
v 0.642944 2.312000 4.599180
v 0.710395 2.064370 4.699430
v 0.645984 2.154040 4.655030
v 0.651889 2.143090 4.640190
v 0.640162 2.140120 4.650350
v 0.530841 2.037200 4.692930
v 0.621534 2.021960 4.678400
v 0.588819 2.181730 4.524750
v 0.704205 2.149270 4.686670
v 0.705903 2.137620 4.677070
v 0.693010 2.140340 4.691760
v 0.638457 2.212930 4.589270
v 0.764219 2.057410 4.719170
v 0.653702 2.142110 4.654270
v -1.719550 2.540750 4.534400
v -2.041620 2.147700 4.512640
v -2.048280 2.155100 4.502400
v -2.039310 2.161790 4.512300
v -1.568390 2.437230 4.572360
v -2.269930 2.467990 4.487420
v -2.442230 1.452850 4.503540
v -2.442870 1.437620 4.510430
v -3.203800 1.326060 4.444500
v -3.217700 1.321650 4.443360
v -3.213050 1.332420 4.434620
v -2.653720 1.663100 4.475520
v -2.639590 1.663240 4.476520
v -2.646080 1.655640 4.466200
v -2.550890 1.658180 4.473050
v -2.545390 1.648590 4.482560
v -2.559680 1.650700 4.481780
v -2.461380 1.659360 4.490660
v -2.844340 1.640970 4.452720
v -2.857470 1.652930 4.453710
v -2.843830 1.654340 4.457880
v -2.750900 1.452890 4.465150
v -2.744800 1.458690 4.476610
v -2.752950 1.450420 4.484830
v -2.556930 1.261350 4.486330
v -2.546340 1.221570 4.497810
v -2.564680 1.254260 4.496740
v -2.954000 1.556620 4.450620
v -2.963830 1.569810 4.444260
v -2.948790 1.571200 4.448360
v -2.544450 1.156820 4.501200
v -2.571890 1.160070 4.487190
v -2.575370 1.164510 4.505630
v -2.541270 1.142580 4.502610
v -2.532460 1.150560 4.494040
v -2.754280 1.855260 4.458060
v -2.763810 1.753540 4.462670
v -2.753580 1.745060 4.455630
v -2.763810 1.739030 4.464080
v -2.957700 1.567210 4.460590
v -2.951690 1.347700 4.464350
v -2.859300 1.846570 4.449850
v -2.756730 1.542430 4.467060
v -2.747050 1.555750 4.466710
v -2.741950 1.541080 4.472210
v -2.353870 1.254150 4.522330
v -2.345670 1.247170 4.513050
v -2.352150 1.254020 4.502410
v -2.359820 1.246590 4.511830
v -2.757950 1.746920 4.474840
v -2.143680 1.545170 4.522360
v -2.158030 1.543680 4.520920
v -2.150740 1.551870 4.511430
v -2.647490 1.656070 4.486140
v -2.245430 1.359350 4.524180
v -2.034800 1.563920 4.529810
v -2.036560 1.549300 4.530530
v -2.044880 1.556960 4.521060
v -2.546140 1.455970 4.494550
v -2.555840 1.445510 4.493390
v -2.555770 1.455240 4.482900
v -2.650800 1.554170 4.468610
v -2.644800 1.561260 4.479570
v -2.645590 1.547070 4.479770
v -1.757520 0.765319 4.568000
v -1.746390 0.762382 4.559670
v -1.755290 0.751420 4.566090
v -1.554360 0.356214 4.590140
v -1.561160 0.349732 4.600870
v -1.561130 0.347571 4.581030
v -1.568630 0.356074 4.590130
v -1.536330 0.147250 4.603850
v -1.521170 0.080394 4.613330
v -1.655800 0.243483 4.581460
v -1.662230 0.251403 4.591260
v -1.655920 0.243881 4.601440
v -1.460350 0.085738 4.593480
v -1.492390 0.355918 4.597170
v -1.415230 0.451400 4.610520
v -2.036620 0.850308 4.547870
v -2.037310 0.834934 4.548700
v -2.040570 0.842859 4.535890
v -1.550150 0.746158 4.591100
v -1.848770 0.943956 4.556400
v -1.862720 0.942975 4.558980
v -1.860090 0.954512 4.551090
v -1.640750 0.561393 4.579510
v -1.649470 0.556599 4.589880
v -1.648410 0.553574 4.570180
v -1.654910 0.563591 4.578400
v -2.049240 0.649674 4.538170
v -2.049210 0.650123 4.558160
v -2.056190 0.642572 4.548340
v -1.740450 0.942141 4.564610
v -1.747290 0.950005 4.554470
v -1.739200 0.956622 4.564990
v -1.561350 1.055610 4.576120
v -1.567050 1.053900 4.595110
v -1.566660 1.065450 4.585840
v -2.056260 0.359780 4.553400
v -2.041090 0.357222 4.555670
v -2.049670 0.344865 4.551680
v -1.860130 1.056700 4.557860
v -1.856470 0.950689 4.569160
v -2.042280 1.051730 4.544010
v -2.048590 1.043270 4.534060
v -2.056470 1.051390 4.542720
v -2.050430 1.044910 4.553880
v -2.257170 1.061510 4.530120
v -2.052880 0.748631 4.557840
v -2.059210 0.740397 4.547670
v -2.047650 0.744124 4.539640
v -2.346890 0.857307 4.524770
v -2.348670 0.843087 4.524420
v -2.353690 0.850984 4.513560
v -2.139930 0.347911 4.553280
v -2.154240 0.347970 4.552080
v -2.146310 0.355874 4.543080
v -2.148000 0.354968 4.562960
v -1.861310 0.857812 4.567130
v -1.942350 0.346806 4.565490
v -1.956660 0.345348 4.564770
v -1.949870 0.353108 4.554710
v -1.950990 0.354239 4.574590
v -2.052720 0.060358 4.561450
v -1.552690 0.446038 4.580760
v -1.564510 0.435347 4.588240
v -1.563760 0.449549 4.589010
v -2.056450 1.155090 4.538580
v -2.828910 0.939581 4.485220
v -2.835080 0.946562 4.472790
v -2.829320 0.954589 4.484150
v -2.451350 1.253890 4.496110
v -2.456980 1.245430 4.506900
v -2.460690 1.259270 4.505640
v -2.976770 0.855984 4.470180
v -2.976820 1.145050 4.465990
v -2.988130 1.254490 4.464150
v -2.975950 1.246770 4.469910
v -2.981690 1.245700 4.453080
v -2.989920 1.239140 4.465730
v -3.215070 1.435580 4.429600
v -3.204650 1.443390 4.437390
v -3.202680 1.428350 4.437540
v -3.229840 1.868900 4.430230
v -3.232980 1.853630 4.430090
v -3.240730 1.862170 4.419600
v -2.972030 1.639170 4.447790
v -2.939920 1.740060 4.441070
v -2.946200 1.749360 4.431260
v -2.937160 1.754520 4.441690
v -2.750750 1.645340 4.458920
v -2.744190 1.652910 4.469000
v -2.751980 1.646240 4.478860
v -2.442450 1.147190 4.513300
v -2.661360 1.462420 4.481480
v -2.451290 1.255720 4.515920
v -2.056120 1.464780 4.533700
v -1.947130 1.558910 4.535080
v -1.862080 1.843850 4.533700
v -1.854860 1.852460 4.524570
v -1.848220 1.846560 4.535740
v -2.851480 1.647290 4.467730
v -2.547910 1.062210 4.500150
v -2.530630 1.041970 4.498910
v -2.522320 1.036250 4.487340
v -2.758380 1.653080 4.468120
v -2.752300 0.946178 4.489400
v -2.745230 0.953563 4.477510
v -2.737770 0.947498 4.488510
v -2.742230 0.960357 4.493850
v -3.138320 1.652460 4.426700
v -3.141460 1.647390 4.445240
v -3.141490 1.638500 4.432570
v -3.150680 1.650820 4.434380
v -3.226890 1.553870 4.434620
v -3.211510 1.643010 4.430350
v -3.217770 1.650840 4.420040
v -3.210100 1.657360 4.430360
v -3.152750 1.940120 4.436950
v -3.309970 2.127350 4.412910
v -3.296580 2.136760 4.414240
v -3.293950 2.120850 4.417290
v -3.240880 2.262490 4.418050
v -3.235820 2.271850 4.428190
v -3.241880 2.262690 4.437950
v -3.249670 2.268520 4.427520
v -2.753590 2.057910 4.456900
v -2.744240 2.050730 4.447480
v -2.753310 2.043440 4.456130
v -3.050040 1.956810 4.448880
v -2.760790 2.344850 4.459710
v -2.765760 2.336900 4.448710
v -2.757040 2.344570 4.440100
v -2.840210 2.339870 4.446930
v -2.846610 2.347270 4.436660
v -2.840840 2.352810 4.452680
v -2.854130 2.341190 4.449480
v -2.746200 2.049640 4.467130
v -2.766830 2.351280 4.448300
v -3.127790 2.461720 4.434630
v -2.620100 2.351960 4.469910
v -2.435120 2.542880 4.465030
v -2.439650 2.542610 4.484310
v -2.447700 2.545520 4.472290
v -2.358920 2.557500 4.476630
v -2.343020 2.553240 4.476460
v -2.353260 2.540490 4.478310
v -2.553780 2.149280 4.480760
v -2.353550 2.550970 4.488900
v -2.090520 2.555690 4.484740
v -2.082980 2.550490 4.495650
v -2.096400 2.545850 4.494450
v -2.355860 2.437070 4.471030
v -2.345810 2.450840 4.472560
v -2.343040 2.437650 4.477280
v -2.459010 2.245690 4.465540
v -2.464660 2.254070 4.475780
v -2.450580 2.251700 4.475390
v -2.458500 2.245460 4.485520
v -2.059840 2.503110 4.499160
v -1.857450 2.554090 4.521070
v -1.862170 2.546190 4.508090
v -1.848490 2.550940 4.509980
v -1.857130 2.560370 4.502930
v -1.986620 2.531550 4.502930
v -2.328150 2.614400 4.474890
v -2.150420 2.612480 4.490310
v -2.150060 2.611240 4.475030
v -2.137980 2.605660 4.482620
v -2.142940 2.623400 4.481070
v -2.435640 2.553610 4.475230
v -2.155160 2.461210 4.492270
v -2.649580 2.464190 4.468760
v -2.632770 2.454960 4.472180
v -2.643080 2.452850 4.461650
v -2.647130 2.450700 4.475810
v -3.140870 2.054250 4.425940
v -3.133690 2.061460 4.436460
v -3.136090 2.047360 4.437580
v -2.988800 1.444290 4.459950
v -2.992270 1.459730 4.459430
v -2.976820 1.456320 4.460030
v -2.987260 1.453620 4.473150
v -3.207000 1.285020 4.444480
v -3.210930 1.271390 4.441990
v -3.217610 1.280340 4.432900
v -2.842020 0.348685 4.475500
v -2.834090 0.356099 4.485160
v -2.835530 0.341544 4.486590
v -3.145540 0.853185 4.454540
v -3.138570 0.860478 4.464980
v -3.139380 0.846248 4.465360
v -3.048370 0.951496 4.476750
v -2.671430 0.943743 4.497290
v -1.342870 0.558783 4.605930
v -3.143010 1.053170 4.444300
v -3.152170 1.059040 4.454130
v -3.137710 1.061090 4.455460
v -3.144560 1.051340 4.464020
v -2.756150 1.255300 4.490660
v -2.760300 1.245480 4.480900
v -2.753870 1.253680 4.470880
v -2.758910 1.459820 4.475280
v -2.545700 0.843907 4.501100
v -2.544390 0.843319 4.520900
v -2.553100 0.835832 4.511300
v -2.256180 1.251800 4.532850
v -2.247520 1.245110 4.523870
v -2.253920 1.251490 4.512980
v -2.737130 0.861883 4.510910
v -2.727140 0.857176 4.500830
v -2.735960 0.864647 4.491340
v -1.369410 0.555715 4.600540
v -2.751930 1.045570 4.477720
v -2.758840 1.037630 4.487480
v -2.760760 1.051840 4.487120
v -2.736450 0.835729 4.495920
v -2.651530 1.256240 4.503030
v -2.643610 1.249180 4.492510
v -2.650700 1.258960 4.483700
v -2.658530 1.248670 4.491800
v -2.475880 1.072610 4.498000
v -2.490250 1.069750 4.496570
v -2.487020 1.081990 4.489060
v -2.429470 1.060330 4.509320
v -2.437750 1.051840 4.519490
v -2.434210 1.044190 4.503980
v -2.142370 1.157790 4.534150
v -2.141800 1.143150 4.534290
v -2.156370 1.143690 4.532840
v -2.471510 1.359680 4.505450
v -1.950380 0.747394 4.566150
v -1.944200 0.742260 4.551950
v -1.954280 0.754828 4.549330
v -1.960780 0.546181 4.563390
v -1.967730 0.539768 4.552810
v -1.957530 0.543943 4.543880
v -1.965510 0.553727 4.551580
v -2.058390 0.754540 4.544410
v -2.261350 0.852621 4.529450
v -2.253620 0.845190 4.519460
v -2.261640 0.838346 4.529090
v -2.344870 0.342319 4.536380
v -2.352740 0.348925 4.526090
v -2.353110 0.349411 4.546050
v -2.155890 0.840056 4.537160
v -2.147170 0.854515 4.532880
v -2.153530 0.849904 4.548410
v -2.553550 0.053976 4.535010
v -2.545660 0.055972 4.518020
v -2.555190 0.065066 4.525110
v -2.051680 0.838397 4.544340
v -2.352480 0.748344 4.515730
v -2.358330 0.757591 4.524920
v -2.344060 0.757600 4.525650
v -1.956720 0.446847 4.557580
v -1.961090 0.462249 4.559430
v -1.952270 0.457551 4.549180
v -1.952960 0.948231 4.540410
v -1.953060 0.947608 4.560380
v -1.945120 0.941080 4.550230
v -1.555360 0.670301 4.576510
v -1.650790 0.453612 4.573610
v -1.657400 0.463644 4.581210
v -1.643260 0.464731 4.580280
v -1.649990 0.459413 4.592570
v -1.653820 1.047400 4.552410
v -1.647690 1.048810 4.569830
v -1.660980 1.040080 4.565370
v -1.642150 1.160600 4.565860
v -1.659710 1.054600 4.563750
v -1.559380 1.251880 4.584870
v -1.554960 1.057820 4.588660
v -0.734166 0.816349 4.659010
v -0.726687 0.807350 4.667780
v -0.741131 0.806603 4.667140
v -0.855876 0.860942 4.652530
v -1.569600 1.161230 4.585130
v -1.150890 0.729759 4.622360
v -0.862353 0.934277 4.647370
v -0.871162 0.945972 4.650750
v -0.856991 0.950250 4.653350
v -0.866349 1.150670 4.651060
v -0.909384 1.260930 4.649710
v -1.959310 0.939974 4.550120
v -1.745150 0.557523 4.564640
v -1.737500 0.563774 4.574860
v -1.737800 0.549579 4.574280
v -1.653670 0.742665 4.568660
v -1.548270 0.543373 4.584830
v -1.562190 0.543067 4.581160
v -1.549780 0.555801 4.577730
v -1.750320 0.759148 4.578580
v -1.855940 0.649466 4.555900
v -1.850300 0.665848 4.556790
v -1.842720 0.653810 4.561190
v -1.952780 0.649034 4.553860
v -1.938920 0.651780 4.555010
v -1.943690 0.643203 4.544680
v -1.945390 0.643468 4.564600
v -1.943660 0.458625 4.560560
v -1.738440 0.846240 4.576830
v -1.735840 0.843697 4.561490
v -1.736750 0.858540 4.566970
v -1.750810 0.851392 4.568530
v -1.850710 0.749779 4.572430
v -1.843100 0.739858 4.564450
v -1.849040 0.747091 4.552930
v -1.857850 0.740662 4.563070
v -1.942510 0.854090 4.554480
v -1.940320 0.839881 4.555030
v -1.953280 0.840480 4.548810
v -1.948610 1.152290 4.548850
v -1.951220 1.138190 4.549210
v -1.955800 1.145870 4.537990
v -1.753250 1.050530 4.569300
v -2.156730 0.940665 4.538620
v -2.247470 0.838378 4.530890
v -2.162680 0.854393 4.536240
v -2.519470 1.034920 4.506760
v -2.144010 0.656608 4.542110
v -2.144290 0.642474 4.541320
v -2.152320 0.649396 4.531940
v -2.640990 1.158330 4.494140
v -2.649370 1.151290 4.503580
v -2.642970 1.144840 4.489350
v -2.653680 1.157720 4.487260
v -2.539380 1.236040 4.500740
v -2.528580 1.224500 4.503030
v -2.743700 0.348840 4.500900
v -2.748040 0.352718 4.517950
v -2.755690 0.345677 4.508090
v -2.763820 1.259120 4.479370
v -2.831050 0.840059 4.484380
v -2.836940 0.847126 4.473010
v -2.831070 0.854518 4.483970
v -2.661220 1.047280 4.495580
v -2.659710 1.057130 4.484350
v -2.650570 1.057790 4.496180
v -2.488790 1.080730 4.506270
v -2.342960 1.162070 4.515050
v -2.342760 1.147720 4.515580
v -2.353950 1.149890 4.506850
v -2.556280 1.047870 4.498750
v -2.564120 1.062220 4.501960
v -2.527920 1.028020 4.497560
v -2.626910 0.928702 4.511310
v -2.624130 0.932094 4.494370
v -2.627250 0.944853 4.505450
v -2.753040 1.045920 4.497670
v -2.745300 1.157520 4.482990
v -2.744270 1.143380 4.483490
v -2.752740 1.149500 4.473880
v -2.833000 1.239290 4.476280
v -2.839360 1.244230 4.464530
v -2.835190 1.253290 4.474770
v -2.832920 1.052820 4.479360
v -2.831740 1.038470 4.480340
v -2.839310 1.044130 4.469440
v -2.984980 1.042860 4.484300
v -2.988050 1.031820 4.474170
v -2.977720 1.044860 4.468360
v -2.555950 0.753728 4.515090
v -2.541580 0.754591 4.516010
v -2.547570 0.746217 4.505900
v -3.043300 0.645511 4.474370
v -3.050560 0.652937 4.464340
v -3.051310 0.652256 4.484300
v -2.691750 0.859721 4.495960
v -2.647180 0.557437 4.496530
v -2.655620 0.546508 4.503510
v -2.658120 0.560690 4.505540
v -2.636470 0.934199 4.501800
v -2.651110 0.839833 4.505200
v -2.502850 0.976556 4.496130
v -2.507460 0.991163 4.496920
v -2.492900 0.988573 4.492840
v -2.500890 0.985162 4.509410
v -2.045230 0.559652 4.554630
v -2.649880 0.554222 4.515630
v -2.545110 0.283939 4.524050
v -2.448240 0.550630 4.513310
v -2.443230 0.544100 4.527510
v -2.456830 0.544557 4.523030
v -2.657140 0.266870 4.515140
v -2.662470 0.261263 4.502530
v -2.670600 0.270363 4.510600
v -2.634670 0.640684 4.497280
v -2.637450 0.642793 4.516700
v -2.646930 0.640040 4.505620
v -2.638900 0.652514 4.505410
v -2.741430 0.491660 4.496930
v -2.760820 0.488556 4.495450
v -2.656540 0.447317 4.509730
v -2.650910 0.454383 4.497490
v -2.641920 0.448226 4.507530
v -2.669000 0.260474 4.521260
v -2.358980 0.341153 4.536150
v -2.247580 0.658829 4.534130
v -2.254210 0.652075 4.523000
v -2.261980 0.659420 4.532770
v -2.827260 0.069584 4.500780
v -2.876710 0.132073 4.494270
v -1.752900 0.357335 4.585180
v -2.859420 0.064638 4.491810
v -2.855270 0.049991 4.498860
v -2.870800 0.050464 4.492530
v -2.721400 -0.012665 4.487250
v -2.712240 0.003839 4.498650
v -2.722270 -0.015172 4.506410
v -2.828930 0.472081 4.498530
v -2.534230 0.542144 4.515130
v -2.548350 0.543204 4.513450
v -2.540400 0.550180 4.503890
v -2.653240 0.353621 4.507290
v -2.451640 0.459967 4.523960
v -2.437460 0.459391 4.525680
v -2.443160 0.453105 4.514180
v -2.543660 0.552806 4.522890
v -2.256130 0.650765 4.542800
v -2.250710 0.547716 4.528740
v -2.257210 0.554673 4.539230
v -2.250320 0.546718 4.548710
v -2.150730 0.545816 4.544700
v -2.142210 0.552946 4.535640
v -2.136510 0.545079 4.546160
v -2.454570 0.557692 4.528270
v -2.447750 0.749328 4.528010
v -2.448490 0.741430 4.510290
v -2.440420 0.754051 4.514990
v -2.357240 0.744466 4.530470
v -2.667770 0.705226 4.503980
v -2.672390 0.704644 4.488960
v -2.680440 0.712128 4.499380
v -2.702450 0.726386 4.503090
v -2.703060 0.717358 4.491580
v -2.262540 0.739977 4.534700
v -2.552980 0.850122 4.511720
v -2.455110 0.753373 4.515910
v -2.734330 0.620375 4.512670
v -2.726190 0.612845 4.499510
v -2.730700 0.629323 4.501570
v -2.742430 0.618453 4.500540
v -2.642300 0.745116 4.498350
v -2.637010 0.737708 4.510490
v -2.651180 0.737793 4.507230
v -2.646700 0.747080 4.517470
v -2.352630 0.649655 4.537500
v -2.344920 0.642386 4.527540
v -2.349690 0.652882 4.518480
v -2.683820 0.697540 4.497120
v -2.056560 0.656720 4.548020
v -2.350080 0.053059 4.544650
v -2.259250 0.062625 4.552880
v -2.540490 0.349083 4.510320
v -2.534060 0.356676 4.520650
v -2.533920 0.342500 4.521030
v -2.655540 0.154439 4.509170
v -2.660350 0.156700 4.528020
v -2.650080 0.147133 4.521610
v -2.253250 0.145053 4.550980
v -2.439520 0.059685 4.535800
v -2.437520 0.045553 4.535380
v -2.445560 0.051830 4.525390
v -2.244050 0.247968 4.544970
v -2.250790 0.254694 4.534450
v -2.244490 0.262136 4.544750
v -2.150050 0.454220 4.543860
v -2.136680 0.456210 4.551130
v -2.140150 0.441131 4.545440
v -2.144260 0.552636 4.555520
v -2.155890 0.152561 4.564870
v -2.065530 0.142188 4.564320
v -2.551910 0.137648 4.526070
v -2.559190 0.130241 4.535800
v -2.562460 0.135373 4.516790
v -2.565020 0.142008 4.529500
v -2.664200 0.146806 4.518050
v -1.554320 0.444096 4.598180
v -2.561010 0.051954 4.520870
v -2.347860 0.158494 4.531630
v -2.341500 0.164592 4.542710
v -2.349340 0.156724 4.551490
v -2.438970 0.249498 4.530360
v -2.446260 0.258688 4.520940
v -2.438750 0.263563 4.531900
v -2.546790 -0.009260 4.520310
v -2.554150 -0.023873 4.515900
v -2.550440 -0.013254 4.507070
v -2.562170 -0.007981 4.513320
v -2.355610 0.165182 4.541710
v -2.861790 0.435431 4.492000
v -2.856750 0.437686 4.473130
v -2.848790 0.440458 4.485830
v -2.648260 0.458090 4.516580
v -2.773970 0.544786 4.506650
v -2.764520 0.535514 4.499500
v -2.769790 0.542746 4.487400
v -2.778600 0.535744 4.496420
v -2.790380 0.329953 4.506740
v -2.785830 0.331779 4.487430
v -2.778040 0.333697 4.499720
v -2.756520 0.359937 4.506980
v -3.057510 0.644901 4.473810
v -2.861550 0.447146 4.483220
v -2.747360 0.738647 4.492650
v -2.761100 0.741902 4.491540
v -2.751360 0.747282 4.482150
v -2.742410 0.666123 4.495410
v -2.754080 0.656720 4.494990
v -2.754860 0.668248 4.485450
v -2.342140 0.558128 4.530570
v -2.349230 0.550180 4.520980
v -2.356200 0.559307 4.529290
v -2.350810 0.552909 4.540730
v -2.142510 0.756525 4.540200
v -2.142020 0.742387 4.540620
v -2.148910 0.748782 4.530040
v -2.536580 1.151550 4.513210
v -2.360130 0.643817 4.525330
v -2.445630 0.450976 4.533850
v -2.446390 0.840576 4.505260
v -2.439520 0.849630 4.514680
v -2.438150 0.835465 4.515720
v -2.548890 0.746909 4.525800
v -2.676580 0.669677 4.487380
v -2.744580 0.752336 4.495020
v -2.543670 0.655912 4.514420
v -2.546090 0.641894 4.514360
v -2.552220 0.650034 4.504430
v -2.730090 0.545130 4.501630
v -2.723190 0.556423 4.494250
v -2.716540 0.548854 4.504440
v -2.726460 0.553739 4.513560
v -2.681920 0.667669 4.506520
v -2.688800 0.671550 4.494590
v -2.832950 0.515797 4.500490
v -2.819110 0.513545 4.504250
v -2.821740 0.545311 4.494570
v -2.827630 0.550834 4.479310
v -2.828470 0.561017 4.491660
v -2.537330 0.967416 4.496890
v -2.535520 0.981960 4.496120
v -2.547200 0.977615 4.488370
v -2.836840 0.547844 4.491550
v -2.143290 1.041090 4.537660
v -2.151070 1.048490 4.527770
v -2.143710 1.055350 4.537880
v -2.055220 1.357000 4.534020
v -1.857960 1.560750 4.544450
v -1.153400 -0.075899 1.731230
v -1.661520 2.244460 4.550900
v -1.852040 1.659820 4.540110
v -2.284520 1.671800 4.500010
v -2.245010 1.645520 4.495750
v -2.257440 1.650320 4.502330
v -2.244610 1.657560 4.504270
v -2.249560 1.648480 4.514790
v -2.469040 1.465110 4.505540
v -2.158800 1.558120 4.521930
v -2.345290 1.448150 4.496520
v -2.353840 1.444110 4.509310
v -2.375800 1.465230 4.489370
v -2.410550 1.517470 4.502560
v -2.261530 1.243980 4.522300
v -2.558510 1.263990 4.506000
v -2.541020 1.225200 4.511320
v -2.520740 1.410240 4.498970
v -2.503080 1.410320 4.493730
v -2.510700 1.400100 4.500280
v -2.548070 1.351010 4.501670
v -2.556160 1.351910 4.483890
v -2.546790 1.360260 4.490800
v -2.559830 1.359890 4.496720
v -2.511650 1.410560 4.510030
v -2.372260 1.473760 4.503850
v -2.385250 1.462530 4.503270
v -2.552250 1.656340 4.492850
v -2.347610 1.346170 4.513380
v -2.354640 1.352050 4.502390
v -2.356520 1.353120 4.522170
v -2.361600 1.343380 4.512200
v -2.154690 1.263080 4.529770
v -2.372330 1.561500 4.496250
v -2.351320 1.540950 4.506260
v -2.153970 1.462350 4.520680
v -2.294840 1.556940 4.489740
v -2.370030 1.571820 4.486450
v -2.339720 1.535930 4.513540
v -2.342420 1.454790 4.512230
v -2.255070 1.547800 4.517910
v -1.850770 1.757950 4.545970
v -1.952720 1.841750 4.526970
v -1.939040 1.855890 4.524980
v -1.938280 1.840780 4.527560
v -1.583480 2.243740 4.559030
v -1.558360 1.834240 4.579460
v -1.571130 1.838940 4.574840
v -1.559300 1.843260 4.567900
v -1.752810 1.956230 4.545410
v -2.064600 1.938440 4.516540
v -2.057710 1.951560 4.509930
v -2.048820 1.939080 4.514470
v -2.054600 1.948070 4.526280
v -1.938200 2.245650 4.521650
v -2.347420 1.712770 4.511220
v -2.557460 1.747320 4.485440
v -2.841890 1.540540 4.463610
v -2.849360 1.547000 4.453130
v -2.842800 1.554830 4.463180
v -2.443800 1.055990 4.506020
v -2.551190 0.932865 4.516070
v -2.551660 0.929169 4.496650
v -2.540610 0.933018 4.505720
v -2.552460 0.941889 4.504320
v -2.258380 0.540576 4.538550
v -2.572200 1.150290 4.499570
v -2.354420 0.461183 4.526020
v -2.342350 0.463004 4.533370
v -2.342540 0.448885 4.531450
v -2.831440 1.142750 4.478750
v -2.838060 1.149620 4.468140
v -2.830840 1.156900 4.477950
v -2.753980 0.831629 4.494900
v -2.745990 0.839522 4.485270
v -2.790230 0.341019 4.497540
v -2.708610 0.020085 4.499640
v -2.714710 0.013635 4.487510
v -2.725490 0.013940 4.497990
v -1.831350 0.531015 4.565730
v -1.841790 0.544262 4.563340
v -1.829300 0.544413 4.570330
v -1.382330 0.369402 4.599750
v -1.729470 0.460817 4.576510
v -1.736000 0.452484 4.566580
v -1.743650 0.459420 4.576400
v -1.736190 0.452743 4.586540
v -1.958400 0.742142 4.555180
v -1.343610 0.337181 4.604670
v -1.360190 0.341623 4.605040
v -1.348400 0.354072 4.605970
v -1.648010 0.349415 4.574830
v -1.642920 0.359398 4.584300
v -1.639660 0.345610 4.585720
v -2.992890 1.046320 4.471370
v -2.623300 1.036390 4.513060
v -2.618750 1.032110 4.494230
v -2.618210 1.044920 4.501910
v -2.630530 1.037500 4.500620
v -3.146220 1.554460 4.438630
v -3.058160 1.560970 4.446000
v -3.219870 0.946507 4.451470
v -1.664190 0.237400 4.591530
v -2.346970 1.948220 4.480360
v -2.341960 1.940260 4.491820
v -2.356650 1.940260 4.489860
v -2.346810 1.953020 4.497570
v 0.605930 1.727910 4.697100
v 0.608201 1.712030 4.701190
v 0.596016 1.720370 4.706820
v 0.570690 1.735220 4.695890
v 0.716257 2.203430 4.715240
v 0.628399 2.204120 4.598140
v 0.638764 2.320510 4.584920
v 0.579795 2.536080 4.685160
v 0.575137 2.550360 4.694290
v 0.575682 2.552070 4.679140
v 0.573604 1.737030 4.715460
v 1.032880 2.045300 4.771040
v 0.706688 2.135890 4.691330
v 1.125670 2.373710 4.765970
v 0.720763 2.239750 4.650120
v 0.727610 2.249490 4.662520
v 0.734450 2.246960 4.646950
v 0.733852 2.235660 4.658020
v 0.566702 2.375910 4.691150
v 0.562669 2.376240 4.674930
v 0.573937 2.367900 4.680570
v 0.650772 1.966090 4.669000
v 0.646714 1.784530 4.675740
v 0.534987 1.786950 4.703870
v 0.588809 2.548720 4.686920
v 0.578454 1.745190 4.703900
v -0.164977 0.253041 4.697350
v -0.162995 0.250099 4.678340
v -0.170123 0.241654 4.688740
v 0.139120 0.018191 4.659250
v 0.219215 0.046458 4.665680
v 0.230104 0.036580 4.676130
v 0.216115 0.031170 4.670030
v 0.217023 0.043383 4.680620
v -0.155014 0.244021 4.689950
v 0.570284 1.848170 4.703800
v 0.557396 1.833530 4.700870
v 0.541936 1.859140 4.688440
v 0.595074 1.825730 4.705890
v 0.603237 1.825520 4.694290
v 0.607267 1.827920 4.712800
v 0.603182 1.814090 4.705640
v 0.696307 1.960850 4.701520
v 0.535238 1.848320 4.696480
v 0.561681 2.178450 4.685350
v 0.577764 2.382390 4.678630
v 0.610009 1.724640 4.712800
v 1.055330 1.642200 4.804370
v 1.067170 1.639240 4.812440
v 1.058680 1.647130 4.821380
v 1.066140 1.651780 4.804970
v 1.021780 1.848500 4.767850
v 1.022330 1.830910 4.775550
v 1.016480 1.843960 4.781810
v 1.031120 1.842870 4.778290
v 0.956359 2.332160 4.671510
v 1.980330 2.129760 4.806430
v 1.978050 2.143760 4.802630
v 1.987270 2.133240 4.793960
v 1.797840 2.391010 4.756980
v 1.970950 2.239580 4.811570
v 1.991880 2.232820 4.659790
v 1.982510 2.243810 4.661590
v 1.994060 2.251060 4.656480
v 1.941670 2.151930 4.782780
v 1.945380 2.147930 4.796240
v 1.934960 2.156970 4.800810
v 1.946150 2.161970 4.792600
v 1.747020 2.371620 4.759490
v 1.726100 2.251900 4.769780
v 1.738400 2.146340 4.827230
v 1.952220 2.263180 4.758940
v 1.960350 2.250900 4.759200
v 1.948520 2.244970 4.765640
v 1.683800 2.367720 4.792960
v 1.714620 2.418640 4.820970
v 1.371050 2.237940 4.811910
v 1.369110 2.237170 4.826690
v 1.358050 2.237980 4.817750
v 1.361630 2.249920 4.824660
v 1.589200 2.283320 4.754560
v 1.653030 2.245440 4.845810
v 1.347450 2.664870 4.771950
v 1.350280 2.670080 4.758560
v 1.353470 2.655810 4.759150
v 1.362590 2.669650 4.766470
v 1.068750 1.944460 4.810000
v 1.064490 1.952760 4.823960
v 1.061460 1.956700 4.810590
v 1.075350 1.959860 4.811170
v 1.972820 1.932360 4.804370
v 1.976090 1.947410 4.804000
v 1.985970 1.937400 4.797720
v -0.781570 0.148254 4.645560
v -0.893506 -0.018091 4.571840
v -0.922420 -0.007821 4.595180
v -0.911018 -0.005695 4.607920
v -0.909975 -0.015053 4.596900
v -0.919548 -0.020794 4.606150
v -0.961710 -0.023570 4.579780
v -0.967676 0.007162 4.590360
v -0.957975 -0.010107 4.575540
v -1.139330 -0.016266 4.566440
v -1.100020 -0.007664 4.589200
v -1.102540 0.008484 4.587240
v -1.082230 -0.002744 4.596380
v -1.088760 0.010369 4.601220
v -1.111210 0.000092 4.598370
v -0.839615 0.040695 4.628160
v -0.853829 0.034343 4.626010
v -0.850647 0.048997 4.621300
v -0.765102 0.032511 4.632380
v -0.752566 0.038114 4.626380
v -0.753069 0.024340 4.631170
v -0.853009 -0.018710 4.617290
v -0.860328 -0.016253 4.605240
v -0.850453 -0.006403 4.602060
v -0.859406 -0.005227 4.614310
v -0.952655 -0.010429 4.589130
v -0.182633 -0.055744 2.302920
v -0.168798 -0.057023 2.306610
v -0.178351 -0.066480 2.311710
v -0.176734 -0.046605 2.312540
v -0.255635 -0.068394 2.148960
v -0.310557 -0.056415 2.311370
v 0.189272 0.779497 2.829230
v 0.195976 0.771964 2.840430
v 0.036648 -0.086954 0.949573
v 0.461780 -0.081592 1.034360
v 0.454971 -0.091553 1.041970
v 0.447641 -0.081731 1.034900
v 0.454763 -0.071559 1.041680
v 0.223483 0.963666 2.771160
v 2.212400 0.649312 3.445120
v 2.232120 0.649087 3.447970
v 2.222060 0.638668 3.447070
v 2.220730 0.649184 3.457110
v 2.234140 0.351513 3.513260
v 2.230470 0.247775 3.459440
v 2.225780 0.270166 3.505780
v 2.234340 0.263129 3.515050
v 2.222300 0.254608 3.508440
v 2.222010 0.262497 3.522540
v -0.246551 -0.099687 0.944091
v 0.049142 0.758237 4.718260
v 0.247600 -0.082200 0.642337
v 0.256456 -0.092993 0.637222
v 0.247377 -0.101921 0.644899
v -0.055418 -0.109570 0.196687
v 0.121957 -0.104812 0.192090
v 0.125501 -0.116800 0.181941
v 0.114675 -0.118068 0.196928
v -1.135190 -0.067339 2.082110
v -1.141640 -0.060320 2.109310
v -1.129350 -0.066175 2.101190
v -1.138600 -0.078535 2.104800
v -0.350668 -0.101319 0.558073
v 0.955272 -0.067076 1.536270
v -3.073170 0.288742 4.470450
v -3.198370 0.146811 4.465110
v -3.195730 0.162926 4.463270
v -3.203470 0.156719 4.476380
v -3.210520 0.156123 4.461020
f 1 2 3
f 4 5 6
f 5 4 7
f 8 9 10
f 11 12 13
f 14 15 16
f 17 16 15
f 14 17 15
f 18 19 20
f 21 22 23
f 24 25 26
f 27 25 24
f 27 24 26
f 28 29 30
f 31 32 33
f 33 32 34
f 35 36 37
f 38 39 40
f 41 42 43
f 44 45 46
f 47 48 49
f 50 51 52
f 53 50 52
f 54 55 56
f 57 58 59
f 60 59 58
f 60 57 59
f 61 62 63
f 64 65 66
f 67 68 69
f 67 70 68
f 71 72 73
f 74 75 76
f 77 78 79
f 80 81 82
f 83 82 81
f 84 85 86
f 87 88 89
f 90 91 92
f 93 94 95
f 94 93 96
f 30 97 28
f 98 99 100
f 101 102 103
f 104 105 106
f 107 108 109
f 110 108 107
f 111 112 113
f 114 115 116
f 117 118 119
f 120 121 122
f 123 124 125
f 126 127 128
f 129 130 131
f 132 133 134
f 135 136 137
f 138 139 140
f 141 142 143
f 141 143 144
f 141 144 142
f 145 129 146
f 147 148 149
f 150 151 152
f 153 154 155
f 156 153 155
f 157 158 159
f 160 161 162
f 163 164 165
f 166 167 168
f 169 170 171
f 172 173 174
f 173 172 175
f 175 172 174
f 176 177 178
f 179 180 181
f 180 179 182
f 183 184 185
f 186 187 188
f 189 190 191
f 168 192 166
f 193 157 159
f 148 147 194
f 195 196 197
f 198 197 196
f 197 198 195
f 199 200 201
f 202 203 204
f 205 206 207
f 208 209 210
f 202 211 203
f 212 213 214
f 215 213 212
f 216 217 218
f 219 220 221
f 221 220 222
f 222 220 219
f 134 133 223
f 224 225 226
f 227 228 229
f 230 231 232
f 233 234 235
f 236 237 238
f 239 240 241
f 242 239 241
f 243 244 245
f 246 247 248
f 249 250 251
f 252 253 254
f 255 252 254
f 256 257 258
f 259 260 261
f 262 263 264
f 263 262 265
f 266 267 268
f 269 270 271
f 272 273 274
f 275 276 277
f 278 279 280
f 281 282 283
f 284 285 286
f 287 288 289
f 290 291 292
f 293 248 247
f 294 295 296
f 294 296 297
f 298 299 300
f 301 302 303
f 304 305 306
f 307 306 305
f 278 280 308
f 279 278 308
f 309 310 311
f 312 313 314
f 315 316 317
f 315 317 318
f 319 320 321
f 322 323 324
f 325 326 327
f 328 329 330
f 321 320 331
f 332 327 326
f 333 334 335
f 336 337 338
f 339 340 341
f 342 343 344
f 345 346 347
f 348 349 350
f 351 352 353
f 48 354 49
f 355 356 357
f 355 357 358
f 359 360 361
f 362 363 364
f 365 366 367
f 368 369 370
f 371 372 373
f 374 375 376
f 377 378 379
f 380 381 382
f 380 382 383
f 384 385 386
f 385 387 386
f 388 389 390
f 241 391 392
f 393 394 395
f 396 397 398
f 399 400 401
f 402 403 404
f 405 406 407
f 408 409 410
f 411 412 413
f 414 415 416
f 417 418 419
f 420 421 422
f 423 424 425
f 426 425 424
f 425 426 423
f 427 428 429
f 430 431 432
f 217 216 433
f 434 435 436
f 437 438 439
f 440 441 442
f 443 442 441
f 443 441 440
f 444 445 446
f 447 448 449
f 450 448 447
f 451 452 453
f 454 455 456
f 457 458 459
f 460 458 457
f 461 462 463
f 463 464 461
f 465 466 467
f 467 466 468
f 469 470 471
f 472 473 474
f 475 473 472
f 476 477 478
f 477 479 478
f 480 481 482
f 483 484 485
f 486 487 488
f 489 490 491
f 489 491 492
f 493 494 495
f 428 496 429
f 497 498 499
f 500 501 502
f 503 501 500
f 216 218 433
f 504 505 506
f 507 508 509
f 510 511 512
f 513 514 515
f 516 517 518
f 519 520 521
f 519 521 522
f 523 524 525
f 510 512 526
f 527 528 529
f 530 527 529
f 509 531 507
f 532 533 534
f 535 536 537
f 538 445 444
f 539 540 541
f 542 543 544
f 545 543 542
f 546 547 548
f 549 550 551
f 552 553 554
f 553 552 555
f 556 557 558
f 559 560 561
f 562 563 564
f 565 566 567
f 568 239 242
f 569 570 571
f 572 573 574
f 575 573 572
f 576 577 578
f 579 580 581
f 582 583 584
f 585 586 587
f 588 589 590
f 591 592 593
f 593 594 591
f 595 596 597
f 598 599 600
f 598 601 599
f 602 603 604
f 605 606 607
f 608 609 610
f 611 612 613
f 614 615 616
f 617 28 97
f 618 619 620
f 621 622 623
f 624 625 626
f 230 232 627
f 628 629 630
f 630 631 628
f 632 633 634
f 635 633 632
f 128 636 126
f 637 638 639
f 622 621 640
f 641 642 643
f 644 645 646
f 647 644 646
f 644 647 645
f 648 649 562
f 563 562 649
f 649 650 563
f 564 563 567
f 650 567 563
f 565 567 650
f 651 652 653
f 651 654 652
f 655 656 657
f 658 659 660
f 659 658 661
f 662 663 102
f 664 665 666
f 667 140 139
f 231 230 668
f 669 670 671
f 669 671 672
f 671 670 672
f 673 674 675
f 676 677 678
f 677 679 678
f 680 681 682
f 683 684 685
f 140 667 138
f 686 687 688
f 689 688 687
f 690 681 680
f 690 691 681
f 692 693 694
f 695 692 694
f 696 697 698
f 699 697 696
f 228 700 229
f 701 702 703
f 703 702 704
f 705 706 707
f 708 705 707
f 118 117 709
f 130 129 145
f 710 711 712
f 711 710 713
f 714 715 716
f 717 718 719
f 720 721 722
f 723 724 725
f 726 724 723
f 726 723 725
f 727 728 729
f 730 727 729
f 153 731 732
f 156 731 153
f 673 675 733
f 734 735 736
f 170 737 171
f 690 680 738
f 183 185 739
f 740 741 742
f 743 744 745
f 745 746 743
f 747 748 749
f 750 751 752
f 750 753 751
f 754 755 756
f 754 756 757
f 740 742 758
f 759 760 761
f 130 145 762
f 763 764 765
f 763 765 766
f 135 137 767
f 768 769 770
f 131 146 771
f 772 773 774
f 80 775 81
f 776 769 768
f 777 778 779
f 780 781 782
f 738 783 690
f 231 668 784
f 785 668 230
f 786 787 788
f 789 790 791
f 792 793 794
f 792 795 793
f 796 797 798
f 797 799 798
f 800 801 802
f 802 801 803
f 804 805 806
f 807 808 809
f 810 811 812
f 813 814 815
f 816 817 818
f 378 819 379
f 820 821 822
f 823 824 825
f 826 824 823
f 825 824 826
f 827 828 829
f 830 831 832
f 833 834 835
f 836 837 838
f 839 840 841
f 840 839 842
f 843 844 845
f 846 847 848
f 849 850 851
f 852 853 854
f 855 856 857
f 856 858 857
f 859 860 861
f 101 103 862
f 863 864 865
f 662 102 101
f 866 100 99
f 867 868 869
f 870 871 872
f 871 873 872
f 874 875 876
f 877 878 879
f 880 881 882
f 883 882 881
f 884 885 886
f 887 888 889
f 890 891 892
f 893 894 895
f 896 897 898
f 876 875 899
f 900 901 902
f 903 904 905
f 906 907 908
f 908 907 909
f 910 911 912
f 911 910 913
f 914 915 916
f 904 917 905
f 905 917 903
f 918 919 920
f 921 922 923
f 924 925 926
f 927 232 231
f 928 929 930
f 929 931 930
f 931 929 928
f 932 933 934
f 935 936 937
f 938 939 940
f 941 942 943
f 944 945 946
f 947 948 949
f 950 951 952
f 953 954 955
f 945 944 956
f 941 957 942
f 918 958 919
f 920 958 918
f 834 959 835
f 960 961 962
f 963 964 965
f 914 966 915
f 952 951 967
f 968 969 970
f 968 970 971
f 972 973 974
f 975 976 977
f 893 978 894
f 949 948 979
f 980 981 982
f 981 980 983
f 984 985 986
f 987 988 989
f 987 990 988
f 991 992 993
f 994 995 996
f 76 75 997
f 998 999 1000
f 1001 1002 1003
f 1003 1004 1001
f 975 1005 976
f 1006 1007 1008
f 1009 1010 1011
f 1012 1009 1011
f 1013 1014 1015
f 1016 1017 1018
f 1019 1017 1016
f 1020 1021 1022
f 1021 1023 1022
f 1024 1025 1026
f 1027 1028 1029
f 1030 1031 1032
f 1033 1034 1035
f 1036 1037 1038
f 1038 1039 1036
f 1040 1041 1042
f 1043 1044 1045
f 1043 1045 1046
f 972 974 1047
f 1025 1048 1026
f 1049 1050 1051
f 1052 1053 1044
f 1053 1045 1044
f 1054 1055 1056
f 1054 1057 1055
f 1058 1059 1060
f 1061 1058 1060
f 1062 1063 1064
f 813 1065 814
f 992 1066 993
f 1067 1068 1069
f 1068 1070 1069
f 1071 1072 1073
f 1074 1075 1076
f 1077 1078 1079
f 1080 1081 1082
f 1083 1084 1085
f 1086 1087 1088
f 1089 1090 1091
f 1092 1015 1014
f 1015 1092 1013
f 1093 1094 1095
f 1096 1097 1098
f 1099 1100 1101
f 1099 1102 1100
f 1103 1104 1105
f 1106 1103 1105
f 1107 1108 1109
f 1110 1107 1109
f 1111 1112 1113
f 1114 1115 1116
f 1117 1118 1119
f 1120 240 239
f 1121 1122 1123
f 1124 1125 1126
f 1125 1124 1127
f 1128 1129 1130
f 1131 1132 1133
f 1134 1135 1136
f 1135 1134 1137
f 1135 1137 1136
f 1138 1139 1140
f 1141 1139 1138
f 1141 1138 1140
f 1142 925 924
f 1143 1144 1145
f 714 716 1146
f 1147 1148 1149
f 1150 1151 1152
f 1153 1097 1096
f 1097 1153 1098
f 1094 1154 1095
f 1093 1154 1094
f 1155 1156 1157
f 1158 1159 1160
f 1161 1162 1163
f 1164 1165 1166
f 55 54 1167
f 1088 1168 1086
f 1169 834 833
f 1170 875 874
f 874 1171 1170
f 1161 1163 1172
f 1173 1174 1175
f 942 957 943
f 1176 1177 1178
f 1179 1177 1176
f 1180 1062 1064
f 1181 1182 1183
f 996 995 1184
f 1184 995 994
f 1175 1174 1185
f 1186 1187 1188
f 1189 1190 1191
f 1192 1193 1194
f 1195 1196 1197
f 1198 1197 1196
f 1198 1196 1195
f 1199 1006 1008
f 1200 1201 1202
f 1203 1204 1205
f 1206 1205 1204
f 561 560 1207
f 1208 1209 1210
f 1211 1212 1213
f 1214 1215 1216
f 1214 1217 1215
f 1218 1219 1220
f 1221 1222 1223
f 1223 1224 1221
f 1222 1221 1224
f 1073 1072 1225
f 1066 991 993
f 1226 1227 1228
f 1229 1230 1231
f 1232 656 1233
f 657 656 1232
f 1234 1235 1236
f 1237 346 345
f 1232 1233 1238
f 1239 1240 1241
f 1242 1240 1239
f 1243 1244 1245
f 1246 1247 1248
f 244 243 1249
f 1250 1251 1252
f 1253 1254 1255
f 1226 1256 1227
f 1257 1258 1259
f 1260 1259 1258
f 1261 1259 1260
f 1254 1253 1262
f 1247 1263 1248
f 1264 1265 1266
f 1267 1268 1269
f 1270 1271 1272
f 1270 1273 1271
f 1272 1273 1270
f 1274 1101 1100
f 1275 1276 1277
f 1278 1279 1280
f 1281 1282 1283
f 1284 1285 1286
f 1287 1288 1289
f 1290 1291 1292
f 1293 1294 1295
f 1293 1296 1294
f 1297 1298 1299
f 1300 430 432
f 1301 1302 1303
f 1304 1305 1306
f 1307 1308 1309
f 1310 1311 1312
f 1313 1314 1315
f 1313 1316 1314
f 1315 1316 1313
f 403 1317 404
f 402 1317 403
f 1318 1319 1320
f 1321 1322 422
f 1323 1324 1325
f 1324 1326 1325
f 1327 1328 1329
f 1330 1331 1332
f 1289 1333 1287
f 1287 1333 1288
f 1334 1335 1336
f 1337 1338 1339
f 547 546 1340
f 1341 1342 1343
f 1344 1345 1346
f 1347 1346 1345
f 1348 1328 1349
f 1350 1351 1352
f 1353 1354 1355
f 1353 1355 1356
f 1357 1358 1359
f 1360 1361 1362
f 1363 1364 1365
f 1364 1363 1366
f 1364 1366 1365
f 289 288 1367
f 1368 1369 1370
f 1328 1371 1349
f 1372 1373 1374
f 1375 1376 1377
f 1378 485 484
f 1343 1379 1341
f 1380 1381 1382
f 1383 1380 1382
f 1384 1385 1386
f 1387 1385 1384
f 1387 1384 1386
f 1388 1389 1390
f 1391 1392 1393
f 1393 1392 1394
f 1321 422 421
f 1395 1396 1397
f 1398 1399 1400
f 400 399 1401
f 79 1402 77
f 1403 1404 1405
f 1320 1406 1318
f 1407 1408 1409
f 1410 1411 1412
f 1413 1414 1415
f 1414 1413 1416
f 1417 1418 1419
f 1418 1420 1419
f 112 1421 1422
f 1422 1423 112
f 1424 1425 1426
f 1427 1428 1429
f 1430 1431 1432
f 1433 1434 1435
f 804 1436 805
f 1437 1438 1439
f 1440 1441 1442
f 1438 1443 1439
f 1429 1444 1427
f 1429 1428 1444
f 1445 1446 1447
f 1448 1449 1450
f 1440 1451 1441
f 1452 1453 1454
f 23 1455 21
f 1456 1457 1458
f 1459 1460 1461
f 1462 1463 1464
f 1431 1465 1432
f 1465 1430 1432
f 1466 1467 1468
f 1469 1470 1471
f 1472 1473 1474
f 1475 1476 1477
f 1478 1479 1480
f 1481 1482 1483
f 1424 1484 1425
f 1485 1486 1487
f 1488 1489 1490
f 1464 1491 1462
f 1483 1482 1492
f 1493 1494 1495
f 1496 1497 1498
f 1499 1497 1496
f 579 581 1500
f 1501 1502 1503
f 1501 1504 1502
f 1503 1504 1501
f 1505 1506 1507
f 1508 1509 1510
f 1509 1511 1510
f 1511 1508 1510
f 833 1512 1169
f 1513 1514 1515
f 1516 1517 1518
f 1519 1520 1521
f 1522 1523 1524
f 1525 1526 1527
f 816 818 1528
f 1529 1530 1531
f 1532 1533 1534
f 1529 1535 1536
f 1537 1538 1539
f 1540 1541 1542
f 1543 1544 1545
f 1535 1529 1546
f 1547 1548 1549
f 1550 1551 1552
f 1553 1554 1555
f 1556 1557 1558
f 1559 1560 1561
f 1436 806 805
f 1562 1563 1564
f 1565 1566 1567
f 1568 1569 1570
f 1571 1572 1573
f 1574 1575 1576
f 1577 1578 1579
f 1580 1581 1582
f 1580 1583 1581
f 1080 1082 1584
f 1585 1586 1587
f 1586 1588 1587
f 1589 353 352
f 1590 1591 1592
f 1 1593 2
f 1594 1595 1596
f 1595 1597 1596
f 1598 1599 1600
f 1601 1602 1603
f 1604 1605 1606
f 1607 1608 1609
f 1610 1608 1607
f 1611 1612 1613
f 1614 1615 1616
f 1617 1618 1619
f 1620 1618 1617
f 1621 1556 1558
f 1558 1557 1621
f 1622 1623 1624
f 1625 1626 1627
f 420 1628 421
f 1349 1629 1348
f 1630 1631 1632
f 1633 1634 1635
f 1636 1634 1633
f 1637 1638 1639
f 1640 1641 1642
f 1643 1641 1640
f 1644 1645 1646
f 1647 1648 1649
f 1647 1649 1650
f 1651 1652 1653
f 1654 1655 1656
f 1339 1657 1337
f 1658 1659 1660
f 1661 1662 1663
f 1664 505 504
f 1665 1666 1667
f 1405 1404 1668
f 1669 1670 1671
f 1671 1672 1669
f 1673 1674 1675
f 1305 1676 1306
f 1677 1678 1679
f 1680 1679 1678
f 1679 1680 1677
f 1681 1682 1683
f 1684 1674 1673
f 1675 1674 1684
f 1685 1686 1687
f 1688 1689 1690
f 1689 1691 1690
f 1692 1693 1694
f 1695 1373 1372
f 1696 1697 1698
f 1699 1700 1701
f 1702 1703 1704
f 1280 1705 1278
f 1706 1707 1708
f 1709 1710 1711
f 1712 1713 1714
f 1713 1715 1714
f 1348 1329 1328
f 1716 1717 1718
f 1719 1720 1721
f 1722 1721 1720
f 1720 1723 1722
f 1724 1725 1726
f 1726 1725 1727
f 1727 1724 1726
f 1728 1729 1730
f 1731 1729 1728
f 1655 1654 1732
f 1733 1734 1735
f 1736 1737 1738
f 1739 1740 1741
f 1736 1742 1737
f 1738 1742 1736
f 1743 1744 1745
f 1746 1747 1748
f 575 1749 573
f 1750 1749 575
f 1751 1752 1753
f 1740 1739 1754
f 1755 1756 1757
f 1758 1759 1760
f 1761 1762 1763
f 1764 1765 1766
f 1767 1768 1769
f 1770 1771 1772
f 1773 1774 1775
f 1776 1777 1778
f 1779 1780 1781
f 1782 1783 1784
f 1733 1785 1734
f 1735 1785 1733
f 1786 1787 1788
f 1789 1790 1791
f 1792 1793 1794
f 1795 1796 1797
f 1798 1796 1795
f 1681 1799 1800
f 1771 1801 1772
f 1744 1802 1745
f 1803 1804 1805
f 1804 1806 1805
f 1807 1808 1809
f 1810 1694 1693
f 1389 1388 1811
f 1812 1813 1814
f 1336 1335 1815
f 1816 1817 1818
f 536 1819 537
f 1820 1821 1822
f 1400 1823 1398
f 1824 419 418
f 1825 1826 1827
f 1828 1639 1638
f 1829 1322 1321
f 1830 1831 1832
f 1833 1830 1832
f 1816 1834 1817
f 1818 1834 1816
f 261 1835 259
f 1667 1836 1665
f 1666 1665 1836
f 1773 1837 1774
f 1838 1839 1840
f 1840 1841 1838
f 1842 1843 1844
f 1845 1846 1847
f 1720 1848 1723
f 1849 1848 1720
f 1720 1719 1849
f 330 1850 1851
f 1852 1853 1854
f 1855 1856 1857
f 1820 1858 1821
f 1821 1858 1822
f 1687 1859 1685
f 1687 1686 1859
f 1860 1861 1862
f 1862 1863 1860
f 1864 1865 1866
f 1867 1868 1869
f 1870 1871 1872
f 1873 1872 1871
f 535 1819 536
f 1874 1875 1876
f 1875 1877 1876
f 281 1878 282
f 1879 1880 1881
f 1882 1880 1879
f 1284 1286 1883
f 1884 487 486
f 1885 1886 1887
f 1888 1889 1890
f 209 208 1891
f 1891 208 210
f 1892 451 453
f 1890 1889 1893
f 1894 534 533
f 1895 1896 1897
f 1898 1899 1900
f 1901 1902 1903
f 1903 1902 1904
f 1905 1670 1906
f 1907 1485 1487
f 1908 1898 1900
f 1909 1910 1911
f 1912 1910 1909
f 1682 1800 1913
f 1914 1915 1916
f 1917 1918 1919
f 1920 1921 1922
f 1923 1924 1925
f 1926 1927 1928
f 1929 1930 1931
f 1932 1933 1934
f 1935 1936 1937
f 1938 1939 1940
f 1939 1941 1940
f 335 1942 333
f 1943 1944 1945
f 1946 367 350
f 1947 1948 1949
f 1950 1951 1952
f 1953 1954 1955
f 1956 1957 1958
f 1959 1960 1961
f 1962 1963 1964
f 1965 1966 1967
f 1968 1969 1970
f 1971 1972 1973
f 1974 1234 1236
f 1211 1975 1212
f 1784 1976 1782
f 1977 1978 240
f 876 1979 874
f 1980 1981 1982
f 1983 1984 1985
f 1986 1987 1988
f 1989 1973 1972
f 1971 1989 1972
f 1990 1991 1992
f 1991 1993 1992
f 1990 1993 1991
f 1994 1995 1996
f 1996 1995 1997
f 846 1998 847
f 1999 2000 2001
f 2002 2003 2004
f 2004 2003 2005
f 2005 2003 2002
f 1225 1072 1071
f 2006 2007 2008
f 1048 1024 1026
f 1945 2009 1943
f 1944 2009 1945
f 2008 2010 2006
f 2011 2012 2013
f 2014 2015 2016
f 2014 2017 2015
f 2018 2019 2020
f 837 836 2021
f 2022 2023 2024
f 2025 2026 2027
f 1042 1041 2028
f 2029 2030 2031
f 1575 2032 1576
f 2033 2034 2035
f 2034 2036 2035
f 350 349 2037
f 2037 1946 350
f 2038 2039 2040
f 2038 2041 2039
f 2042 2043 2044
f 2045 2046 2047
f 2047 2048 2045
f 2049 2050 2051
f 2052 1963 1962
f 2053 2054 2055
f 2056 2054 2053
f 1120 1978 1977
f 2057 2058 2059
f 2060 1498 1497
f 1497 2061 2060
f 2062 2063 2064
f 376 375 2065
f 2065 375 374
f 2066 2067 2068
f 2069 2070 2071
f 2072 2073 2074
f 2072 2074 2075
f 2076 2077 2078
f 2079 2080 2081
f 2082 2079 2081
f 2079 2082 2080
f 2083 20 2084
f 237 2085 238
f 2085 237 236
f 1960 2086 1961
f 2087 2088 2089
f 2090 2091 2092
f 2093 2094 2095
f 2096 2093 2095
f 2097 2098 2099
f 1202 1201 2100
f 2101 2102 2103
f 2104 2105 2106
f 2104 2106 2107
f 2108 2109 2110
f 2111 2112 2107
f 2113 2114 2115
f 1045 2116 1046
f 2115 2117 2113
f 2117 2114 2113
f 2031 2118 2029
f 986 985 2119
f 1053 2120 2121
f 2122 2123 2124
f 2125 2126 2127
f 2128 2129 2130
f 2130 2131 2128
f 1183 2132 1181
f 1076 1075 2133
f 2134 2132 1183
f 2134 1183 1182
f 2135 343 342
f 2136 2137 2138
f 2137 2136 2139
f 1111 1113 2140
f 2141 2142 2143
f 2144 2145 2146
f 2147 602 604
f 867 869 2148
f 2149 2150 2151
f 2152 2153 2154
f 1099 2155 1102
f 2156 2157 2158
f 2156 2159 2157
f 2157 2159 2160
f 359 361 2161
f 2151 2162 2149
f 2163 2164 2165
f 2166 2167 2168
f 1260 1258 2169
f 830 832 2170
f 778 777 2171
f 2172 2173 2174
f 2173 2175 2174
f 2176 2177 2178
f 2179 2177 2176
f 2180 2181 2182
f 2183 2184 2185
f 2186 2187 2188
f 2189 2190 2191
f 2191 2190 2192
f 2193 2194 2195
f 2196 2188 2187
f 1500 580 579
f 2197 2198 2199
f 2200 2201 2202
f 666 2203 664
f 2204 2205 2206
f 226 225 2207
f 2207 224 226
f 2208 2209 2210
f 2211 2212 2213
f 2214 2215 2216
f 2217 2218 2219
f 2220 2221 2222
f 2223 785 230
f 2183 2224 2184
f 2225 2226 2227
f 2228 2229 2230
f 616 615 2231
f 2232 2233 2234
f 2235 2236 2237
f 2236 2238 2237
f 2239 2240 2241
f 2241 2242 2239
f 2243 2244 2245
f 2246 2244 2243
f 2247 2248 2249
f 2250 2251 2252
f 2251 2253 2252
f 2254 2255 2256
f 2257 2258 2259
f 2260 2261 2262
f 2260 2262 2263
f 2254 2256 2264
f 2265 2266 2267
f 2265 2268 2266
f 2269 2270 2271
f 2272 2273 2274
f 2275 2276 2277
f 2278 2279 2280
f 2204 2281 2282
f 2204 2283 2281
f 2284 2285 2286
f 2287 2288 2289
f 2290 2291 2292
f 2257 2293 2258
f 2294 2295 2296
f 2297 2298 2299
f 2300 2301 2302
f 2303 2304 2305
f 2306 2307 2308
f 2308 2307 2309
f 1547 2310 1548
f 1549 1548 2310
f 2311 2312 2313
f 2314 2313 2312
f 2315 2316 2317
f 2315 2317 2318
f 2319 1513 1515
f 1515 1514 2319
f 2320 2321 2322
f 2323 2324 2325
f 2326 2324 2323
f 2325 2324 2326
f 2327 2328 2329
f 2330 2331 2332
f 2333 2334 2335
f 2336 1554 1553
f 2337 2338 2339
f 2340 2341 2342
f 2341 2343 2342
f 314 2344 312
f 2345 2346 2347
f 2348 2349 2350
f 2351 2352 2353
f 2354 2355 2356
f 1529 1531 1546
f 1546 1531 2357
f 2358 2359 2360
f 2361 2358 2360
f 2359 2358 2361
f 2362 2363 2364
f 2364 2365 2362
f 2366 394 393
f 2367 2368 2369
f 2370 2371 2372
f 2373 2374 2375
f 2376 2377 2378
f 2378 2377 2379
f 2380 2381 2382
f 2380 2383 2381
f 2384 2213 2212
f 2385 2386 2387
f 2388 2389 2390
f 2391 2392 2393
f 2301 2394 2302
f 2395 2396 2397
f 1520 2398 1521
f 2399 2400 2401
f 2400 2399 2402
f 2403 1524 1523
f 1522 1524 2403
f 2404 2405 2406
f 2407 2408 2409
f 2407 2410 2408
f 2411 2412 2413
f 2414 2415 2416
f 2417 2418 2419
f 2419 2420 2417
f 2421 2422 2423
f 2424 2425 2371
f 2339 2426 2337
f 2427 2428 2429
f 2430 2431 2432
f 2430 2433 2431
f 2434 2435 2436
f 2353 2437 2351
f 2438 1541 1540
f 2349 2439 2350
f 1544 1543 2440
f 2441 2427 2429
f 2442 2443 2444
f 2445 1538 1537
f 2446 2447 2448
f 2449 2446 2448
f 2447 2449 2448
f 2443 2450 2444
f 2451 2452 2453
f 1531 1530 2357
f 2454 2455 2456
f 2457 2456 2455
f 2458 2459 2460
f 2461 2462 2463
f 2464 2465 2466
f 2464 2466 2467
f 1553 1555 2336
f 2468 2469 2470
f 2471 2472 2473
f 2303 2305 2474
f 2475 2476 2477
f 2372 2478 2479
f 2480 2481 2482
f 2483 2484 2485
f 2486 2487 2488
f 2489 2490 2491
f 2492 2493 2494
f 2411 2413 2495
f 2496 2497 2498
f 2499 2500 2501
f 2436 2435 2502
f 2503 2504 2505
f 2496 2498 2506
f 2497 2506 2498
f 2507 2508 2509
f 2510 2468 2470
f 2511 2512 2513
f 2514 2512 2511
f 2514 2511 2513
f 2515 2516 2517
f 2518 2519 2520
f 2519 2521 2520
f 2522 2523 2524
f 2525 2526 2527
f 2528 2529 2530
f 2531 2528 2530
f 2532 2533 2534
f 2535 2536 2537
f 2538 2539 2540
f 2124 2123 2541
f 2384 2212 2211
f 2542 2543 2544
f 2545 2546 2547
f 2545 2548 2546
f 2548 2547 2546
f 2549 2550 2551
f 2552 1123 1122
f 2553 2554 2555
f 2556 2555 2554
f 2557 2215 2214
f 2558 2559 2560
f 2561 2559 2558
f 2562 2563 2564
f 2565 2566 2567
f 1435 2568 1433
f 2569 2570 2571
f 2572 2573 2574
f 2574 2573 2575
f 2576 2294 2296
f 2577 2578 2579
f 2580 2581 2582
f 2583 2584 2585
f 2584 2586 2585
f 2587 2588 2589
f 2590 2588 2587
f 2590 2589 2588
f 2406 2591 2404
f 2592 2593 2594
f 2595 2596 2597
f 2598 2599 2600
f 2601 2602 2603
f 2604 2605 2606
f 2604 2607 2605
f 2608 2609 2610
f 2611 2612 2613
f 2614 2615 2616
f 2617 2618 2619
f 2620 2621 2622
f 2621 2623 2622
f 2624 2625 2626
f 2627 2628 2629
f 2630 2628 2627
f 2631 2632 2633
f 2634 2635 2636
f 2636 2635 2637
f 2634 2637 2635
f 2638 2639 2640
f 2641 2642 2643
f 2644 2645 2646
f 2647 1033 1035
f 1034 2647 1035
f 2648 2649 2650
f 2651 1569 1568
f 2652 2653 2654
f 2655 2656 2657
f 2658 2659 2660
f 2272 2661 2273
f 2274 2273 2661
f 2288 2662 2289
f 362 2663 363
f 2664 2665 2666
f 2667 2668 2669
f 2670 2530 2529
f 2671 2672 2673
f 2673 2672 2674
f 2281 2283 2675
f 2676 2677 2678
f 2679 2680 2681
f 2682 2683 880
f 2684 2685 2686
f 2683 881 880
f 2687 2688 2689
f 2688 2690 2689
f 2691 2692 2693
f 2691 2694 2692
f 2695 2696 2697
f 2698 2699 2700
f 2701 2699 2698
f 2702 2703 2704
f 2705 2706 2707
f 273 272 2708
f 2709 2710 2711
f 2712 2713 2714
f 2715 2716 2717
f 2718 2719 2720
f 2721 2722 2723
f 1118 1117 2724
f 2725 2726 2727
f 2728 2729 2730
f 2731 2732 2733
f 2279 2734 2280
f 2735 2730 2729
f 2709 2711 2736
f 2737 2738 2739
f 2739 2738 2740
f 2740 2738 2737
f 2741 2742 2743
f 2744 2742 2741
f 2745 2746 2747
f 2748 2749 2750
f 2751 2752 2753
f 938 2754 2755
f 939 938 2755
f 2756 2757 2758
f 2230 2759 2760
f 2761 2762 2763
f 2736 2764 2765
f 2766 2624 2626
f 2528 2531 2767
f 2767 2529 2528
f 2768 2685 2684
f 2768 2684 2686
f 2299 2769 2297
f 2770 2771 2772
f 2653 2773 2654
f 2774 2775 2776
f 2582 2777 2778
f 2632 2779 2633
f 2632 2780 2779
f 2781 2782 2783
f 2784 2782 2781
f 2785 2786 2787
f 2284 2286 2788
f 2781 2783 2789
f 2789 2783 2790
f 2789 2790 2781
f 2582 2581 2791
f 2774 2792 2775
f 2793 2794 2795
f 2796 2797 2798
f 2798 2797 2799
f 2800 2801 2802
f 2803 2804 2805
f 2806 2807 2808
f 2805 2804 2809
f 2810 2811 2812
f 2813 2814 2815
f 2816 2817 2818
f 2800 2802 2819
f 2757 2820 2758
f 2821 2822 2823
f 2824 2822 2821
f 2822 2824 2823
f 2825 2826 2827
f 393 395 2366
f 2828 2829 2830
f 1598 2831 1599
f 2832 2833 2834
f 2834 2833 2835
f 2836 2837 2838
f 2839 2840 2841
f 2839 2842 2840
f 2843 2844 2845
f 2846 2847 2848
f 2849 2850 2851
f 2852 2853 2854
f 2855 2856 2857
f 2837 2836 2858
f 2859 2860 2861
f 2862 2863 2864
f 2865 2866 2867
f 2868 2869 2870
f 2868 2870 2871
f 2872 2873 2874
f 2875 2876 2877
f 2876 2875 2878
f 2879 2880 2881
f 1800 1682 1681
f 256 2882 257
f 258 257 2882
f 2124 2541 2122
f 2883 2884 2885
f 2886 2887 2888
f 648 2889 2890
f 562 2889 648
f 2891 2892 2893
f 2894 2895 2896
f 2897 2898 2899
f 2900 2901 2902
f 2903 2904 2905
f 2906 1114 2907
f 2908 2909 2910
f 2911 2912 2913
f 2914 2915 2916
f 2917 2908 2918
f 2919 2918 2908
f 2920 2921 2922
f 2923 2924 2925
f 2925 2926 2923
f 2927 2928 2929
f 2928 2930 2929
f 2107 2106 2931
f 2111 2107 2931
f 2932 2933 2934
f 2935 2936 2937
f 2938 2935 2937
f 1193 2939 1194
f 998 2940 999
f 1173 1175 1185
f 2941 2942 2943
f 2944 2945 2946
f 116 2947 114
f 2103 2948 2101
f 2949 2950 2951
f 2952 2953 2954
f 1497 1499 2061
f 902 901 2955
f 889 888 2956
f 2957 2958 2959
f 2960 2961 2125
f 2944 2946 2962
f 2963 2964 2965
f 2966 923 922
f 2967 2968 2969
f 1935 2970 2971
f 2972 812 811
f 2973 2120 1053
f 2974 1028 1027
f 1052 2973 1053
f 2121 1045 1053
f 2125 2127 2960
f 2944 2962 2945
f 2107 2112 2104
f 2975 2976 2977
f 2975 2978 2976
f 2979 2980 2981
f 2979 2982 2980
f 2980 2982 2981
f 2983 2984 2985
f 2986 2987 2988
f 2989 2990 2991
f 2992 2993 2994
f 2992 2994 2995
f 2996 2993 2992
f 2997 2998 2999
f 3000 3001 3002
f 1471 3003 1469
f 3004 3005 3006
f 3007 3008 3009
f 2779 3010 2633
f 3003 1470 1469
f 3011 3012 3013
f 3014 3015 3016
f 3015 3017 3016
f 3018 2328 2327
f 3019 3020 3021
f 820 3022 821
f 3023 3024 3025
f 3025 3026 3023
f 3024 3026 3025
f 2293 2259 2258
f 3027 3028 3029
f 3030 3028 3027
f 3031 3032 3033
f 3034 3035 3036
f 3035 3037 3036
f 3038 3039 3040
f 3041 3042 3043
f 3044 3045 3046
f 2806 3047 3048
f 3020 3019 3049
f 3050 3051 3052
f 3051 3050 3053
f 3053 3050 3052
f 3054 3055 3056
f 3054 3057 3055
f 3056 3055 3057
f 2206 2283 2204
f 2795 2794 3058
f 3059 3060 3061
f 3062 3063 3064
f 3065 3066 3067
f 3068 3069 3070
f 3071 3072 3073
f 2241 3074 2242
f 3075 3076 3077
f 3075 3077 3078
f 3079 3080 3081
f 2855 3082 2856
f 3083 3084 3085
f 3086 3087 3088
f 3089 3090 3091
f 2664 3092 2665
f 3093 3094 3095
f 3096 3094 3093
f 3095 3096 3093
f 3097 3098 3099
f 3097 3100 3098
f 3100 3097 3099
f 3101 3102 3103
f 3104 3105 3106
f 3106 3105 3107
f 3108 3109 3110
f 3111 3112 3113
f 3114 3115 3116
f 3117 3118 3119
f 3120 3121 3122
f 3123 3124 3125
f 3126 3127 3128
f 3129 3130 3131
f 3132 3133 3134
f 3135 3136 3137
f 3138 3139 3140
f 3141 3142 3143
f 2984 3144 2985
f 2983 3144 2984
f 3145 1606 1605
f 3146 3147 3148
f 3147 3146 3149
f 3088 3087 3150
f 3151 3152 3153
f 3154 3155 3156
f 1958 1957 3157
f 3158 3159 3160
f 3161 3162 3163
f 3163 3162 3164
f 3159 3165 3160
f 3166 3167 3168
f 3169 3170 3171
f 3171 3170 3172
f 3173 3174 3175
f 3176 3177 3178
f 3179 3180 3181
f 3182 3183 3184
f 3182 3184 3185
f 3128 3127 3186
f 3187 3166 3168
f 3188 3189 3190
f 3191 3192 3193
f 3194 2810 2812
f 2709 2736 2765
f 3143 3142 3195
f 3193 3192 3196
f 3191 3196 3192
f 3197 3198 3199
f 2851 2850 3200
f 3201 2062 2064
f 3202 3203 3204
f 2097 2099 3205
f 3206 3207 3208
f 3208 3209 3206
f 3210 3211 3212
f 3201 2064 2063
f 3213 3119 3118
f 2088 2087 3214
f 3215 3216 3217
f 3218 3215 3217
f 1934 1933 3219
f 3220 3221 3222
f 3222 3221 3223
f 3224 3223 3225
f 2022 3226 2023
f 3227 2933 2932
f 3228 3229 3230
f 3231 3232 3233
f 3234 3235 3236
f 2752 3237 2753
f 3238 3239 3240
f 3241 3242 3243
f 2817 2816 3244
f 3245 3246 3247
f 3247 3246 3248
f 3247 3248 3245
f 3249 3250 3251
f 1789 3252 1790
f 3253 3254 3255
f 3256 3257 3258
f 3259 3260 3261
f 3262 3259 3261
f 3260 3262 3261
f 3263 3264 3265
f 1718 3266 1716
f 1793 3267 1794
f 1717 3266 1718
f 1336 1815 1334
f 1630 1632 3268
f 1631 1630 3268
f 2912 3269 2913
f 3270 3271 1389
f 3272 1811 1388
f 1389 1811 3270
f 3273 3274 3275
f 3276 3277 3278
f 3279 3263 3265
f 3280 3281 3282
f 3091 3283 3089
f 3284 3285 3286
f 3287 3288 3289
f 3290 3291 3292
f 3293 3294 3295
f 3296 3297 3298
f 3299 1920 1922
f 2900 2902 3300
f 3301 3302 3303
f 3304 3301 3303
f 3304 3302 3301
f 2862 3305 3306
f 2762 3307 2763
f 3308 3309 3310
f 3311 3312 3313
f 3314 3315 3316
f 3317 3316 3315
f 3318 3319 3320
f 3321 251 250
f 3322 3323 3324
f 3325 3326 3327
f 3328 3326 3325
f 2037 3329 1946
f 2037 3330 3329
f 3331 3332 3333
f 3331 3333 3334
f 3335 3336 3337
f 3338 3339 3340
f 333 1942 334
f 3341 3342 3343
f 2048 2047 3344
f 3345 3346 3347
f 3348 2047 2046
f 3348 3344 2047
f 3349 3338 3340
f 2037 349 3330
f 1936 1935 2971
f 3350 3351 3352
f 3353 1576 2032
f 3353 3354 1576
f 3355 3356 3357
f 3355 3358 3356
f 3359 3360 3361
f 3362 3363 3364
f 366 3365 3366
f 366 3367 3365
f 366 350 367
f 3368 3369 3370
f 3371 3372 3373
f 3332 3374 3333
f 3375 3376 3377
f 366 3366 350
f 3211 3378 3212
f 1967 3379 1965
f 2071 2070 3380
f 3381 64 66
f 3382 3383 3384
f 3285 3385 3286
f 3386 3387 3388
f 3145 1604 1606
f 2627 2629 3389
f 3390 3391 3392
f 3112 3393 3394
f 1600 2831 1598
f 3174 3395 3175
f 3396 3397 3398
f 3399 3400 3401
f 3401 3402 3399
f 3403 3404 3405
f 3405 3406 3403
f 3407 3408 3409
f 3081 3410 3079
f 2848 2847 3411
f 3412 3413 3414
f 3409 3415 3407
f 3416 3417 3418
f 3419 3420 3421
f 3134 3133 3422
f 3423 3424 3425
f 3426 3425 3424
f 3423 3425 3426
f 2852 3427 2853
f 2852 2854 3427
f 3428 3429 3430
f 3431 3428 3430
f 3432 3433 3434
f 3435 1490 1489
f 3436 3437 3438
f 3398 3439 3396
f 2624 2766 2625
f 350 3366 348
f 3440 3441 3442
f 3443 3441 3440
f 3444 3445 3446
f 2619 2618 3447
f 3448 3449 3450
f 3448 3450 3451
f 2535 3452 2536
f 3453 3454 3455
f 3456 3457 3458
f 3459 3460 3461
f 3460 3462 3461
f 3462 3460 3459
f 3463 3464 3465
f 1032 3466 1030
f 2492 2494 3467
f 3468 3469 3470
f 2305 2304 2474
f 2593 3471 2594
f 2458 3472 2459
f 3473 3474 3475
f 3473 3476 3474
f 3477 3478 3479
f 3480 3481 3482
f 3483 3484 3485
f 3483 3486 3484
f 3487 1559 1561
f 3488 3489 3490
f 2611 3491 2612
f 828 3492 829
f 3493 3494 3495
f 3496 3493 3495
f 3497 3005 3004
f 3498 3499 3500
f 3501 3502 3503
f 3504 3505 3506
f 3507 3508 3509
f 525 524 3510
f 3511 3512 3513
f 3511 3514 3512
f 3515 3516 3517
f 3518 3519 3520
f 3521 3522 3523
f 3518 3520 3524
f 3525 3526 3527
f 3527 3528 3525
f 3529 3530 3531
f 3532 3533 3534
f 3535 3536 3537
f 3538 3539 3540
f 3541 3530 3529
f 3542 3543 3544
f 3545 3546 3547
f 3544 3548 3542
f 3549 3550 3551
f 152 151 3552
f 3553 3554 3555
f 454 3556 455
f 3557 3558 3559
f 3560 3561 3562
f 3563 3561 3560
f 3564 3565 3566
f 3567 436 435
f 3509 3568 3507
f 3507 3568 3508
f 3569 3570 3571
f 3572 3573 3574
f 3575 3576 3577
f 3578 3579 3580
f 2152 2154 3581
f 3582 3583 3584
f 3585 3586 3587
f 1802 3588 1745
f 3589 3590 3591
f 3592 3593 3594
f 3595 3596 3597
f 1751 3598 1752
f 1781 1780 3599
f 3600 3601 3602
f 1763 1762 3603
f 3604 3596 3595
f 3605 3606 3607
f 3608 3609 3610
f 3611 3612 3613
f 3614 3615 3616
f 3617 1565 1567
f 3618 3619 3620
f 3618 3621 3619
f 1472 1474 3622
f 3623 3624 3625
f 1493 3626 1494
f 3007 3009 3627
f 3628 3067 3066
f 2987 3629 2988
f 3630 3631 3632
f 3633 3634 3635
f 2660 2659 3636
f 3632 3637 3638
f 3639 1407 1409
f 3640 3641 3642
f 3643 2646 2645
f 3644 3645 3646
f 3647 881 2683
f 3648 3649 3650
f 3651 3652 3653
f 2230 2760 3654
f 3655 3656 3657
f 3652 3658 3653
f 3659 3660 3661
f 3662 2239 2242
f 3663 2679 2681
f 3663 2680 2679
f 2850 2849 3200
f 2729 2728 2735
f 3664 2720 3665
f 3665 2720 2719
f 3666 2861 2860
f 2230 3654 2228
f 3667 3668 3669
f 2986 3629 2987
f 3670 3671 3672
f 3673 3674 3675
f 3675 3676 3673
f 3677 3678 3679
f 3628 3065 3067
f 3680 3681 3682
f 2996 3683 2993
f 3684 3685 3686
f 2648 3687 2649
f 3688 3689 3690
f 3677 3691 3678
f 2963 2965 3692
f 1937 2970 1935
f 3693 3694 3695
f 3696 3697 3698
f 1937 3699 2970
f 3664 3665 3700
f 2229 2760 2759
f 2288 2287 3701
f 3412 3702 3413
f 3703 3704 3705
f 3706 3707 3708
f 3709 3710 3711
f 3711 3712 3709
f 3713 3714 3715
f 3716 3714 3713
f 3716 3713 3715
f 3705 3717 3703
f 3718 3719 3720
f 2523 2522 3721
f 3722 3723 3724
f 3725 3726 3727
f 3728 3725 3727
f 3725 3728 3726
f 3729 3730 3731
f 3732 2478 2372
f 2271 2270 3733
f 3734 2368 2367
f 2369 2368 3734
f 3735 3736 3737
f 2475 3738 2476
f 3739 3740 3741
f 3742 3743 3744
f 2374 2373 3745
f 2333 3746 2334
f 3747 3748 3749
f 3747 3750 3748
f 3736 3751 3737
f 2356 3752 2354
f 3753 3754 3755
f 3753 3755 3756
f 3757 3758 3759
f 3757 3760 3758
f 3758 3760 3759
f 3761 3762 3763
f 3764 3765 3766
f 1552 3767 1550
f 3768 3769 3770
f 3771 3772 3773
f 3774 3775 3776
f 3777 3778 3779
f 3780 3781 3782
f 3783 3784 3785
f 3786 3782 3781
f 3786 3780 3782
f 3787 3788 3789
f 3787 3790 3788
f 3789 3788 3790
f 3785 3791 3783
f 3043 3792 3041
f 2370 2424 2371
f 3793 3794 3795
f 3732 2479 2478
f 2371 3732 2372
f 2495 2413 2412
f 2499 2501 3796
f 2500 3796 2501
f 2503 2505 3797
f 2505 2504 3797
f 2370 2372 2479
f 3798 3469 3468
f 3795 3794 3799
f 3800 3801 3802
f 2421 3803 2422
f 3804 3802 3801
f 3805 3806 3807
f 3808 3809 3810
f 3808 3810 3811
f 3463 3465 3812
f 3813 3814 3815
f 3813 3816 3814
f 3816 3813 3815
f 3817 3775 3774
f 3774 3776 3817
f 3818 3819 3820
f 3818 3821 3819
f 2576 2296 2295
f 3822 3823 3824
f 3822 3824 3825
f 2566 3826 2567
f 2578 3827 2579
f 3828 3829 3830
f 3831 3832 3833
f 3834 3835 3836
f 3837 3806 3805
f 3838 3839 3840
f 2389 3841 2390
f 3841 2388 2390
f 3839 3838 3842
f 3840 3842 3838
f 3843 3844 3845
f 3846 3847 3848
f 3849 3850 3851
f 3852 3849 3851
f 3853 3854 3855
f 3855 3854 3856
f 3857 3858 3859
f 3860 3861 3862
f 3863 3864 3865
f 3864 3863 3866
f 3458 3457 3867
f 3729 3731 3868
f 3869 3870 3871
f 3872 3873 3874
f 3873 3872 3875
f 2019 3876 2020
f 2019 2018 3876
f 1251 3877 1252
f 3878 3879 3880
f 3881 3882 3883
f 3884 3885 3886
f 3886 3885 3887
f 3440 3888 3889
f 3890 3891 3892
f 3331 3893 3332
f 3360 3359 3894
f 3895 3896 3897
f 3896 3898 3897
f 3899 3900 3901
f 3221 3902 3223
f 3903 3904 3905
f 3906 3112 3111
f 3907 3908 3909
f 3905 3910 3903
f 3911 3912 3913
f 3914 3915 3916
f 3917 3918 3919
f 3919 3918 3920
f 3418 3921 3416
f 3922 3923 3924
f 1919 1918 3925
f 1573 1572 3926
f 2076 2078 3927
f 3928 19 18
f 3929 3930 3931
f 3932 3125 3124
f 3933 3934 3935
f 2091 3936 2092
f 3937 3938 3939
f 3940 3941 3942
f 3942 3941 3943
f 3944 3945 3946
f 3123 3947 3948
f 3949 3130 3129
f 3949 3131 3130
f 2628 3950 2629
f 3951 3952 3953
f 3954 3955 3956
f 3957 3958 2992
f 3957 2992 2995
f 1489 3959 3435
f 3224 3222 3223
f 3220 3222 3224
f 3960 3961 3962
f 3937 3963 3938
f 3964 3965 3966
f 3967 3964 3966
f 3968 3969 3970
f 3971 3970 3969
f 3382 3384 3972
f 3383 3973 3974
f 3901 3900 3975
f 3976 3977 3978
f 3976 3978 3979
f 3980 3981 3982
f 3983 3981 3980
f 3984 3985 3986
f 3987 3988 3989
f 3988 3990 3989
f 3990 3987 3989
f 3991 3992 3993
f 3138 3994 3139
f 3392 3391 3995
f 1189 3996 3997
f 3998 2992 3958
f 3116 3999 3114
f 4000 4001 4002
f 4003 3683 2996
f 2996 4004 4003
f 3993 4005 3991
f 4006 4007 4008
f 4009 4010 4011
f 4012 4013 4014
f 4015 4016 4017
f 3112 3906 3393
f 4018 18 20
f 3382 3973 3383
f 4019 4020 4003
f 3957 4021 3958
f 4022 4023 4024
f 4025 4004 2996
f 3932 3124 3123
f 3948 3932 3123
f 2953 4026 2954
f 4027 3945 3944
f 2992 4025 2996
f 4028 4029 4030
f 4031 4029 4028
f 3984 4032 3985
f 4008 4033 4006
f 4024 4023 4034
f 4035 4036 4037
f 4037 4038 4035
f 3072 4039 3073
f 4003 4020 3683
f 4040 4041 4042
f 4043 4044 4045
f 4043 4046 4044
f 4044 4046 4045
f 3953 3952 4047
f 2992 3998 4025
f 4048 4049 4050
f 3179 3181 4051
f 4052 4053 4054
f 4055 4056 4057
f 4058 4059 4060
f 3306 4061 2862
f 4061 3306 4062
f 4063 4064 4065
f 3372 4066 3373
f 3354 1574 1576
f 3368 3370 4067
f 4068 4069 4070
f 4071 4069 4068
f 4063 4072 4064
f 4073 4074 4075
f 46 45 4076
f 4076 4077 46
f 4078 4079 4080
f 4081 4080 4079
f 4082 4083 4084
f 4085 4086 4087
f 1574 4088 1575
f 4089 4090 4091
f 4092 4093 4094
f 4094 4093 4095
f 4096 4097 4098
f 4099 4097 4096
f 4100 4101 4102
f 4103 4101 4100
f 4102 4103 4100
f 46 4077 4104
f 44 46 4104
f 4105 3362 3364
f 3363 4105 3364
f 4106 4107 4108
f 4109 4110 4111
f 4110 4109 4112
f 4113 4114 4115
f 4116 4117 4118
f 4116 4118 4119
f 4120 4121 4122
f 3345 3347 4123
f 4124 4125 4126
f 3335 4127 3336
f 371 373 4128
f 1950 1952 4129
f 4130 4131 4132
f 4133 4134 4135
f 4134 4133 4136
f 4137 4138 4139
f 4139 4138 4140
f 3320 4141 4142
f 4143 4144 4145
f 4146 4147 4148
f 4149 4150 4151
f 4152 4153 4154
f 4155 4156 4157
f 4158 4159 4160
f 4161 4162 4163
f 2786 4164 2787
f 4164 2785 2787
f 4163 4165 4161
f 3374 3332 3893
f 4166 4167 4168
f 4169 4170 4171
f 4170 4172 4171
f 4173 4174 4175
f 3377 3376 4176
f 2045 4177 2046
f 4178 4179 4180
f 4181 4182 4183
f 4184 4144 4143
f 3091 3090 3283
f 4185 4186 4187
f 2740 2299 2739
f 4188 4189 4190
f 4191 4192 4193
f 4194 4195 4196
f 4197 4195 4194
f 4198 4199 4200
f 2669 2668 4201
f 4202 4203 4204
f 2676 2678 4205
f 4206 3109 3108
f 4207 4208 4209
f 4210 4208 4207
f 4211 3068 3070
f 3069 3068 4211
f 4212 4213 4214
f 4215 4216 4217
f 4216 4215 4218
f 4216 4218 4217
f 4219 4220 4221
f 4220 4219 4222
f 4223 4224 4225
f 4226 4016 4015
f 4227 4228 4229
f 4230 4231 4232
f 4230 4233 4231
f 4234 4235 4236
f 3938 3963 3939
f 4225 4237 4223
f 4238 4239 4240
f 4241 4242 4243
f 4244 4245 4246
f 4244 4247 4245
f 4248 4249 4250
f 4251 4252 4253
f 4254 4255 4256
f 4257 3947 3123
f 4258 4259 4260
f 4261 4262 4263
f 4264 4262 4261
f 3681 3680 4265
f 3682 3681 4265
f 4266 4000 4002
f 4267 4268 4269
f 4268 4270 4269
f 4269 4270 4267
f 4007 4033 4008
f 4042 4271 4040
f 4248 4272 4249
f 4273 4274 4275
f 4276 4273 4275
f 398 397 4277
f 3198 4278 3199
f 4279 4280 4281
f 4282 4283 4284
f 4284 4285 4282
f 4286 4287 4288
f 4287 4286 4289
f 4290 4291 4292
f 4292 4291 4293
f 4277 397 396
f 4294 4251 4253
f 3388 3387 4295
f 2007 2010 2008
f 1050 4296 4297
f 1049 4296 1050
f 1051 4296 1049
f 1000 4298 998
f 4298 2940 998
f 4299 4300 4301
f 1158 1160 4302
f 4299 4303 4300
f 2026 4304 2027
f 1188 1187 4305
f 2829 4306 2830
f 4307 4228 4227
f 4308 4309 4310
f 4311 4312 4313
f 4312 4314 4313
f 4315 4316 4317
f 4318 4319 4320
f 4320 4319 4321
f 4322 3671 3670
f 3670 3672 4322
f 4323 4238 4240
f 4324 4325 4326
f 4281 4280 4327
f 4328 4329 4330
f 4328 4331 4329
f 4332 4333 4334
f 4332 4335 4333
f 2737 2739 2298
f 3690 4336 3688
f 4015 4017 4226
f 4337 4338 4339
f 4340 4341 4342
f 4343 4255 4254
f 4344 4345 4346
f 4346 4347 4344
f 3857 3859 4348
f 4349 4350 4351
f 4352 4350 4349
f 4351 4350 4352
f 4353 4354 4355
f 4356 4357 4358
f 4356 4359 4357
f 4359 4358 4357
f 2537 3452 2535
f 4360 4361 4362
f 4360 4363 4361
f 4363 4360 4362
f 4364 3722 3724
f 4364 3723 3722
f 4365 4366 4367
f 4368 4365 4367
f 4368 4366 4365
f 4369 4370 4371
f 4372 4373 4374
f 4375 4373 4372
f 4376 4377 4378
f 4371 4370 4379
f 4376 4378 4380
f 3433 4381 3434
f 4382 4383 4384
f 4385 4386 4387
f 2396 4388 2397
f 4389 4390 4391
f 4384 4391 4390
f 4390 4382 4384
f 4392 4393 4394
f 4395 4396 4397
f 4398 4395 4397
f 3501 3503 4399
f 2392 4400 2393
f 4401 4402 4403
f 1611 1613 4404
f 4404 1613 1612
f 4405 4406 4407
f 4408 4406 4405
f 4407 4406 4408
f 4355 4409 4353
f 4410 4411 4412
f 4413 4414 4415
f 3155 4416 3156
f 4417 4418 4419
f 2599 4420 2600
f 2385 4421 2386
f 4422 4423 4424
f 4425 4423 4422
f 4426 4427 4428
f 4429 4430 4431
f 4430 4429 4432
f 1030 3466 1031
f 4433 4434 4435
f 4436 4437 4438
f 4439 4440 4441
f 4442 4441 4440
f 4443 4444 4445
f 4446 3848 3847
f 4447 4448 4449
f 3707 4450 3708
f 4451 4452 4453
f 4239 4323 4240
f 4454 4455 4456
f 4457 4455 4454
f 4458 2656 2655
f 4459 4460 4461
f 4462 4186 4185
f 4463 4464 4465
f 4466 4463 4465
f 4463 4466 4464
f 4467 3642 3641
f 3633 3635 4468
f 3632 3631 4469
f 3647 883 881
f 4470 4471 4472
f 4473 4474 4475
f 4474 4476 4475
f 3664 4477 2720
f 2754 4478 940
f 2135 342 344
f 940 4479 4480
f 4084 4083 4481
f 4082 4481 4083
f 4122 4482 4120
f 4483 4484 4485
f 4486 4487 4488
f 4489 4488 4487
f 4490 4491 368
f 4492 405 407
f 3275 4493 3273
f 4494 4495 4496
f 2908 2910 2919
f 4497 4119 4498
f 4499 4500 4501
f 4502 4503 4504
f 4503 4502 4505
f 4106 4108 4506
f 4507 4065 4064
f 4508 4065 4507
f 1116 2907 1114
f 4509 4510 4511
f 4512 4513 4514
f 4515 4516 4517
f 4518 4519 4520
f 4521 4522 4523
f 3310 3309 4524
f 4525 4526 4527
f 4151 4150 4528
f 3341 3343 4529
f 4530 4531 4532
f 4531 4530 4533
f 4534 4535 4536
f 4534 4537 4535
f 1924 1923 4538
f 4539 4540 4541
f 4539 4542 4540
f 4541 4542 4539
f 4543 3203 3202
f 4544 4545 4546
f 4181 4547 4182
f 4548 4549 4550
f 4551 4552 4553
f 4554 4555 4556
f 4557 4558 4559
f 4560 4561 4562
f 4563 4564 4565
f 4566 4567 4568
f 4509 4511 4569
f 4570 4571 4572
f 4115 4114 4573
f 4574 4575 4576
f 4577 4578 4579
f 4566 4580 4567
f 4581 4564 4563
f 4582 4583 4584
f 4584 4583 4585
f 4586 4587 4588
f 4587 4589 4588
f 4590 4591 4592
f 4593 4594 4595
f 4596 4597 4598
f 4596 4599 4597
f 4600 4601 4602
f 2967 2969 4603
f 4604 4605 4606
f 4607 4052 4054
f 4492 407 406
f 4549 4608 4550
f 4609 4610 4611
f 4612 4613 4614
f 4615 2880 2879
f 4611 4616 4609
f 4617 4618 4619
f 4620 4621 4622
f 1927 1926 4623
f 4548 4608 4549
f 4624 4625 4626
f 4625 4627 4626
f 4491 369 368
f 4628 4629 4630
f 4631 4630 4629
f 4628 4630 4631
f 4632 4633 4634
f 4635 4636 4637
f 4637 4636 4638
f 4639 4640 4547
f 4547 4181 4639
f 4144 4184 4145
f 4154 4641 4152
f 4544 4642 4545
f 4640 4182 4547
f 1590 1592 4643
f 4644 4645 4646
f 4647 3911 3913
f 4648 4649 4650
f 4651 4649 4648
f 4652 3352 3351
f 4653 4654 4655
f 4656 4657 4160
f 4658 4656 4159
f 4160 4159 4656
f 4659 4660 4661
f 4644 4646 4662
f 39 38 4663
f 4664 4665 4666
f 4667 4666 4665
f 4667 4664 4666
f 4155 4668 4156
f 4669 4655 4654
f 4546 4545 4642
f 4670 4671 4672
f 4670 4673 4671
f 4674 2066 2068
f 3190 4675 3188
f 1602 1601 4676
f 3136 4677 3137
f 4678 1191 4679
f 1190 4679 1191
f 3137 4677 4680
f 4681 4682 4683
f 4681 4684 4682
f 2952 4026 2953
f 4685 4686 4687
f 4688 4689 4690
f 4688 4691 4689
f 3701 2722 4692
f 2287 2722 3701
f 4693 2721 2723
f 2287 4693 2723
f 4242 4694 4243
f 2282 2205 2204
f 2639 4695 2640
f 2639 2638 4695
f 4696 4697 4698
f 4699 2727 2726
f 2670 3641 2530
f 2770 4700 2771
f 2660 4701 2658
f 2658 4701 2659
f 4702 2659 4701
f 3640 2530 3641
f 2531 2530 4703
f 4704 4705 4706
f 4707 4708 4709
f 4710 4711 4712
f 4713 4714 4715
f 4713 4715 4716
f 791 790 4717
f 4718 4719 4720
f 4721 4720 4719
f 4722 4710 4712
f 4723 3038 3040
f 4724 4725 4726
f 4727 4725 4724
f 4726 4725 4727
f 2596 4728 2597
f 4729 4730 4731
f 4732 4733 4734
f 4402 4735 4403
f 4736 4737 4738
f 4735 4402 4401
f 4739 4730 4729
f 4739 4731 4730
f 3804 3801 3800
f 3829 4740 3830
f 1450 4741 1448
f 1450 1449 4741
f 2772 4742 2770
f 4743 4744 4745
f 3504 4746 3505
f 4709 4708 4747
f 4437 4436 4748
f 4749 3834 3836
f 2290 4750 2291
f 4751 4752 4753
f 4754 1506 1505
f 1507 1506 4754
f 4755 4756 4757
f 4755 4758 4756
f 4757 4756 4758
f 4759 4760 4761
f 4762 4760 4759
f 4763 2549 2551
f 4764 4765 4766
f 2550 2549 4763
f 4444 4767 4445
f 4768 3777 3779
f 4706 4769 4704
f 4770 4771 4772
f 2210 2209 4773
f 1447 1446 4774
f 4775 4776 4777
f 4778 4779 4780
f 4775 4777 4781
f 4782 4783 4784
f 4783 4785 4784
f 1907 1487 1486
f 4786 4778 4780
f 828 827 3492
f 4787 4788 4789
f 4790 2791 2778
f 2582 2778 2580
f 2712 4791 2713
f 4792 4793 4794
f 4793 4795 4794
f 4795 4793 4792
f 4796 2205 2282
f 4797 4798 4799
f 4800 4801 4802
f 2722 4693 4692
f 2723 2722 2287
f 4803 4804 4805
f 4806 4805 4804
f 4798 4807 4799
f 4808 4800 4802
f 3648 4809 3649
f 4810 808 807
f 2716 4811 2717
f 3700 3665 2719
f 4812 4813 4814
f 4815 4813 4812
f 4816 4817 4818
f 4816 4819 4817
f 2991 2990 4820
f 4812 4814 4815
f 2989 4820 2990
f 3071 4039 3072
f 4821 3437 3436
f 4822 1191 4678
f 4823 4824 4825
f 3696 3698 4826
f 4824 4827 4825
f 4828 4829 4830
f 4831 4832 4833
f 4834 4835 4836
f 4837 4834 4836
f 4830 4829 4838
f 4838 4829 4828
f 4309 4839 4310
f 4840 4841 4842
f 4843 4687 4686
f 4844 4845 4846
f 4847 4848 4849
f 4850 4848 4847
f 4851 4852 4853
f 3421 3420 4854
f 4855 4856 4857
f 4858 4859 4860
f 4859 4861 4860
f 2827 2826 4862
f 4339 4863 4337
f 4250 4249 4272
f 4864 4865 4866
f 3944 4867 4868
f 3946 4867 3944
f 2749 4869 2750
f 4855 4857 4870
f 4871 4872 4873
f 4874 4875 4876
f 4877 4878 4879
f 4880 4877 4879
f 4881 3945 4027
f 2749 2748 4869
f 4866 4865 4882
f 4864 4882 4865
f 4840 4842 4883
f 4884 4885 4886
f 4887 4418 4417
f 4888 4889 4890
f 4891 4890 4889
f 4892 4893 4894
f 4410 4412 4895
f 4892 4894 4896
f 4887 4417 4419
f 4897 4453 4452
f 4447 4449 4898
f 4447 4898 4448
f 4899 4900 4901
f 4899 4901 4902
f 4901 4900 4902
f 4903 4904 4905
f 4906 4904 4903
f 4907 3177 3176
f 3944 4868 4027
f 2299 2298 2739
f 4189 4908 4190
f 4909 4910 4911
f 2740 2769 2299
f 4844 4876 4875
f 4846 4912 4844
f 4876 4844 4912
f 4910 4913 4914
f 938 4480 2754
f 940 4480 938
f 4915 4916 4917
f 4918 4919 4920
f 4921 4919 4918
f 4918 4920 4921
f 4914 4911 4910
f 4922 4923 4924
f 4925 4926 4927
f 4928 4926 4925
f 4929 4930 4931
f 4932 4933 4934
f 4935 4934 4933
f 3666 2859 2861
f 3150 3086 3088
f 4897 4452 4451
f 4936 4937 4938
f 4939 4931 4930
f 4940 4941 4942
f 4936 4938 4943
f 4944 4945 4946
f 4947 2844 2843
f 4339 4338 4863
f 4948 4949 4950
f 4948 4951 4949
f 1189 1191 3996
f 3438 3437 4821
f 4810 809 808
f 4698 4697 4952
f 4953 4212 4214
f 835 1512 833
f 4954 4955 1165
f 72 4956 73
f 4957 4958 4959
f 4960 4961 4962
f 4963 4964 4965
f 4966 4967 4968
f 4969 4970 4971
f 4972 4973 4974
f 4975 4976 4977
f 4976 4975 4978
f 716 715 1146
f 4979 4964 4963
f 4980 4981 4982
f 4983 4984 4985
f 4986 3606 3605
f 4987 4988 4989
f 4990 4991 4992
f 4993 4994 4995
f 4996 4997 4998
f 4997 4996 4999
f 4971 5000 4969
f 5001 5002 5003
f 5004 5005 5006
f 5007 5008 5009
f 5010 5011 5012
f 5007 5009 5013
f 5014 5015 5016
f 5017 5018 5019
f 5020 5021 5022
f 2202 2201 5023
f 5020 5024 5021
f 4957 4959 5025
f 5026 5027 5028
f 5029 5030 5031
f 5032 5026 5028
f 784 5033 927
f 2197 5034 2198
f 5034 2197 2199
f 5035 5036 5037
f 1164 1166 4954
f 4954 1165 1164
f 5038 5039 5040
f 5041 5039 5038
f 1131 1133 5042
f 1132 1131 5042
f 5043 5044 5045
f 1077 1079 5046
f 1079 1078 5046
f 5047 5048 5049
f 5047 5049 5050
f 5051 5052 5053
f 5051 5053 5054
f 5055 5056 5057
f 5058 5059 5060
f 5061 5062 5063
f 1085 5064 1083
f 5065 5066 5067
f 5068 5069 5070
f 5071 5072 5073
f 5074 5072 5071
f 5073 5072 5074
f 2028 1041 1040
f 5075 5076 5077
f 2874 2873 4622
f 5078 5079 5080
f 5076 5075 5081
f 5082 5083 5084
f 4117 4116 5085
f 4495 5086 4496
f 4495 4494 5086
f 5087 5088 5089
f 5090 5087 5089
f 5091 5092 5093
f 5093 5094 5091
f 5082 5095 5083
f 4104 4077 5096
f 5097 5098 5099
f 4180 4179 5100
f 5101 5102 5103
f 5101 5103 5104
f 5105 5106 5107
f 5108 5109 5110
f 5108 5110 5111
f 5112 5113 5114
f 5114 5113 5115
f 5116 4576 4575
f 4104 5117 44
f 4562 4561 5118
f 3311 5119 3312
f 5120 5121 5122
f 5122 5123 5120
f 2862 5124 2863
f 5125 5126 5127
f 5125 5128 5126
f 3293 5129 3294
f 5130 5131 4146
f 5132 5133 5134
f 5135 5136 5137
f 5138 5139 5140
f 4572 4571 5141
f 5142 5143 5144
f 5145 5144 5143
f 5146 4168 4167
f 4166 4168 5146
f 4174 5147 4175
f 5148 5149 5150
f 5150 5149 5151
f 5085 4116 4498
f 3289 3288 5152
f 4516 5153 4517
f 5154 5155 5156
f 3293 3295 5129
f 5157 5158 5159
f 5160 5161 5162
f 5163 4519 4518
f 5164 1955 1954
f 3305 4062 3306
f 4120 4482 4121
f 4615 2881 2880
f 4633 4632 5165
f 5166 5167 5168
f 5168 5167 5169
f 5170 5171 5172
f 5173 3298 3297
f 5174 5175 5176
f 5177 5178 5179
f 4498 4116 4497
f 4556 5180 4554
f 4119 4497 4116
f 5156 5155 5181
f 5182 5180 5183
f 5159 5158 5184
f 5158 5157 5184
f 5185 5186 5187
f 4555 5188 4556
f 2862 4061 5189
f 5190 5191 5192
f 5193 4491 4490
f 5194 5195 5196
f 5197 5194 5196
f 5198 5199 5200
f 5198 5201 5199
f 2888 2887 5202
f 5203 2909 2908
f 4592 4591 5204
f 5205 5206 5207
f 5208 5209 5210
f 5178 5211 5179
f 4598 4599 4596
f 5212 5213 5214
f 5188 5183 4556
f 5215 5171 5170
f 3324 5216 3322
f 5217 5218 5219
f 5220 5136 5135
f 5131 4147 4146
f 5221 5222 5223
f 5224 5225 5226
f 5227 4594 4593
f 2862 5228 5124
f 5189 5228 2862
f 5229 5230 5231
f 5230 5232 5231
f 5233 4060 4059
f 5234 5235 5236
f 5162 5237 5160
f 4635 4637 5238
f 4518 5239 5240
f 5241 5106 5105
f 4141 5242 5243
f 5244 5245 5246
f 5172 5215 5170
f 5247 5248 5249
f 5250 5251 5252
f 4499 4501 5253
f 5105 5107 5241
f 5251 5254 5252
f 5080 5255 5078
f 5210 5209 5256
f 5257 5258 5259
f 5257 5260 5258
f 5259 5260 5257
f 5261 5262 5263
f 5163 4518 5240
f 4591 4590 5204
f 5264 5265 5266
f 5267 2921 2920
f 5268 2884 2883
f 5269 5270 5271
f 5272 5273 5274
f 5275 5276 5277
f 5278 5266 5279
f 5280 5281 5282
f 5280 5283 5281
f 5284 5285 5286
f 5287 5286 5285
f 2872 5288 4622
f 5289 5205 5207
f 5207 5206 5289
f 5290 5291 5292
f 5293 2916 2915
f 2916 5293 2914
f 2642 5294 2643
f 5295 5296 5297
f 5298 5299 5300
f 4620 4622 5288
f 5301 5302 5303
f 2886 2888 5304
f 2888 5305 5304
f 5306 5307 5308
f 5309 5307 5306
f 5283 1616 1615
f 5283 1615 5281
f 5239 4518 5310
f 5311 5312 5313
f 5311 5314 5312
f 5315 5316 5317
f 5318 5319 5320
f 5321 5319 5318
f 1929 5322 5323
f 5324 5325 5326
f 5327 5324 5326
f 4086 5328 4087
f 5329 2904 2903
f 5329 2905 2904
f 5330 5331 5332
f 5333 5334 5335
f 5334 5333 5336
f 5332 5331 5337
f 5338 5339 5340
f 5341 5342 5343
f 5341 5344 5342
f 5345 3881 3883
f 5315 5317 5346
f 3890 5347 3891
f 1218 5348 1219
f 5349 3152 3151
f 1783 5350 1784
f 5351 5352 5353
f 5354 5355 5356
f 1264 1266 5357
f 240 1978 391
f 240 391 241
f 3249 3251 5358
f 1809 5359 1807
f 5360 5361 5362
f 3257 5363 3258
f 5364 5365 5366
f 1772 1801 5367
f 5368 368 5369
f 5370 5371 5372
f 3585 5373 3586
f 5374 5375 5376
f 112 1423 113
f 5377 5378 5379
f 5378 5380 5379
f 5374 5376 5381
f 5362 5361 5382
f 5362 5382 5360
f 5383 5384 5385
f 5386 5387 5388
f 879 5389 877
f 1985 5390 1983
f 1984 1983 5390
f 5391 1152 1151
f 867 2148 868
f 5352 5351 5392
f 234 5393 235
f 5394 5395 5396
f 1268 1267 5397
f 1268 5397 1269
f 5398 5399 5400
f 5401 5402 5403
f 5404 5405 5406
f 5407 5408 5409
f 5410 5411 5412
f 1788 1787 5413
f 1787 1786 5413
f 5414 5415 5416
f 1297 5417 1298
f 3600 3602 5418
f 5419 270 269
f 5420 5421 5422
f 5422 5423 5420
f 5424 4638 4636
f 5425 4060 5233
f 5426 5192 5191
f 4526 5427 4527
f 4525 4527 5427
f 5225 5428 5226
f 5429 5430 5369
f 5431 1624 1623
f 5233 5432 5425
f 4059 5432 5233
f 5433 5434 5435
f 5433 5435 5436
f 5302 5301 5437
f 5430 5429 370
f 368 370 5429
f 2867 5438 2865
f 5203 2908 2917
f 5265 5439 5440
f 5441 5442 5443
f 5444 1915 1914
f 5445 5272 5274
f 5446 5447 5448
f 5448 5449 5446
f 5450 5451 5452
f 5263 5262 5453
f 5277 5454 5275
f 5276 5454 5277
f 5455 5456 5457
f 5261 5263 5453
f 5458 5459 5460
f 2872 4622 2873
f 3890 5461 5462
f 3890 5462 5347
f 5463 4613 4612
f 5463 4612 4614
f 5464 5465 5466
f 5315 5346 5316
f 5467 5468 5469
f 5470 5471 5472
f 5470 5473 5471
f 5472 5471 5473
f 5474 5475 5476
f 5347 5462 3891
f 5477 5478 5479
f 5480 5481 5482
f 5483 5484 5485
f 5486 5485 5484
f 5487 5488 5489
f 3440 3442 3888
f 5490 5491 5492
f 2922 5267 2920
f 5493 5490 5492
f 4600 5494 4601
f 5495 5496 5497
f 5498 5499 5500
f 5501 5500 5499
f 5502 5503 5504
f 2893 5505 2891
f 5506 5507 5508
f 5509 5507 5506
f 5510 5511 5512
f 5513 1615 1614
f 5281 1615 5513
f 5514 5515 5516
f 5517 5299 5298
f 5518 5519 5520
f 5521 5522 5523
f 5524 5525 5526
f 5502 5527 5503
f 5339 5338 5528
f 5511 5529 5512
f 5530 5531 5532
f 5533 5534 5535
f 5534 5533 5536
f 5537 5538 5539
f 5540 5541 5542
f 5543 5544 5545
f 5546 5547 5548
f 5480 5549 5481
f 5550 5551 5552
f 5450 5452 5553
f 5479 5478 5554
f 5554 5478 5477
f 5555 5524 5526
f 5556 5557 5558
f 1931 5559 1929
f 5540 5542 5560
f 5551 5561 5552
f 340 339 5562
f 5563 5564 5565
f 5566 1827 1826
f 1857 1856 5567
f 1768 5568 5569
f 5570 5571 5572
f 5573 5574 5575
f 5576 5577 5578
f 3591 3590 5579
f 5580 5581 5582
f 5579 3589 3591
f 5583 5584 5585
f 5586 5587 5588
f 5589 5590 5591
f 5592 5593 5594
f 5592 5595 5593
f 5596 5595 5592
f 1697 5597 1698
f 5598 5599 5600
f 5589 5591 5601
f 5602 1701 1700
f 310 309 5603
f 5604 5605 5606
f 5607 5608 5609
f 5610 5609 5608
f 5600 5599 5611
f 5599 5598 5611
f 5612 5613 5614
f 5575 5574 5615
f 5616 9 8
f 5617 5618 5619
f 5620 5621 5622
f 5623 5624 5625
f 5626 5627 5628
f 5629 5630 5631
f 5631 5632 5629
f 784 927 231
f 610 5633 608
f 5410 5634 5411
f 5635 5636 5637
f 1422 5638 1423
f 2145 2144 5639
f 2169 5640 1260
f 5641 5642 5643
f 2153 2152 5644
f 5645 5646 5647
f 5648 5649 5650
f 5651 5648 5650
f 5652 5653 5654
f 5655 5656 5657
f 5658 5659 5660
f 5661 5662 5663
f 5664 5409 5408
f 5647 5665 5645
f 5666 5667 5668
f 5669 5667 5666
f 92 91 5670
f 5671 5672 5673
f 5674 5675 5676
f 5677 5678 5679
f 5680 5677 5679
f 5681 5354 5356
f 5682 5683 5684
f 5685 5682 5684
f 4995 5686 4993
f 5687 5688 5689
f 4986 3605 3607
f 5569 1769 1768
f 1703 1702 5690
f 5691 5692 5693
f 5694 5695 5696
f 760 5697 761
f 5697 760 759
f 3554 3553 5698
f 3553 3555 5698
f 5699 5700 5701
f 5701 5700 5702
f 454 456 3556
f 5703 5704 5705
f 5706 5707 5708
f 5709 1886 1885
f 5710 5711 5712
f 5713 5714 5715
f 124 123 5716
f 5717 890 892
f 5718 5694 5696
f 5718 5695 5694
f 549 551 5719
f 550 549 5719
f 3593 5720 3594
f 5721 5722 5723
f 5724 5580 5582
f 5725 5726 5727
f 5728 5714 5713
f 5729 5730 5731
f 5730 5732 5731
f 5733 5734 5735
f 5736 5733 5735
f 5737 3539 3538
f 5738 5739 5740
f 284 286 5741
f 5742 5743 5744
f 5745 5746 5747
f 5745 5747 5748
f 5746 5745 5748
f 5749 5750 5751
f 3523 5752 3521
f 5753 5754 5755
f 5756 5757 5758
f 5757 5756 5759
f 5760 5751 5750
f 5754 5761 5755
f 3517 5762 3515
f 1327 1371 1328
f 432 431 1300
f 299 298 5763
f 5764 5765 5766
f 5767 5768 5769
f 5770 540 539
f 5771 5769 5768
f 5772 5773 5774
f 5775 5776 5777
f 5778 5779 5780
f 5778 5780 5781
f 5782 1652 1651
f 1653 5782 1651
f 5783 5784 5785
f 5786 5785 5784
f 1395 5787 1396
f 1645 5787 1646
f 1645 1644 1396
f 324 5788 322
f 5789 5790 5791
f 5792 5791 5790
f 5764 5793 5765
f 5764 5766 5793
f 1850 330 329
f 1850 329 5794
f 5795 5796 5797
f 5796 5798 5797
f 5799 5800 5801
f 5802 5803 5804
f 5802 5804 5805
f 5806 5807 5808
f 5809 5810 5811
f 5812 5813 5814
f 176 5815 177
f 3573 5816 3574
f 3574 5816 3572
f 642 641 5817
f 5818 5819 5820
f 5821 5818 5820
f 5822 5823 5824
f 5825 5584 5583
f 5826 5827 5828
f 5829 5830 5831
f 5832 5833 5834
f 5835 5817 641
f 5836 5837 5838
f 5834 5833 5839
f 5840 5841 5842
f 5843 5842 5841
f 5844 5845 5846
f 5847 5848 5849
f 5850 5851 5852
f 574 573 5853
f 5854 5855 5856
f 5857 5858 5859
f 5859 5858 5860
f 5859 5860 5857
f 5673 5672 5861
f 5673 5861 5671
f 5862 5863 5864
f 5865 5866 5867
f 5868 5869 5870
f 5871 5872 5873
f 5874 5643 5642
f 5875 5876 5877
f 5878 5879 5880
f 5881 5882 5883
f 5884 3064 3063
f 3064 5884 3062
f 5885 5886 5887
f 5888 5885 5887
f 5889 5890 5891
f 5400 5892 5398
f 5889 5893 5890
f 5893 5889 5891
f 5385 5894 5383
f 5658 5895 5659
f 5660 5895 5658
f 5896 5897 5898
f 5396 5395 5899
f 5899 5395 5394
f 163 165 5900
f 164 163 5900
f 1152 5391 1150
f 933 5901 934
f 5902 5903 5904
f 886 885 5905
f 5386 5906 5387
f 5883 5907 5881
f 5908 5909 5910
f 3577 3576 5911
f 5912 5913 5914
f 5627 5915 5628
f 5916 5917 5918
f 5919 5920 5921
f 5921 5920 5922
f 5923 5878 5880
f 5924 5925 5926
f 5927 5926 5925
f 5928 5929 5930
f 5930 5929 5931
f 5932 5933 5934
f 5356 5355 5681
f 5935 5936 5937
f 5938 1755 1757
f 719 718 5939
f 5940 5863 5862
f 5868 5941 5869
f 92 5670 90
f 5727 5726 5942
f 5943 5944 5945
f 5946 5947 5948
f 5949 5946 5948
f 5587 5586 5950
f 5587 5950 5951
f 5952 5953 5954
f 5822 5824 5955
f 5956 5957 5958
f 5959 5960 5961
f 5846 5962 5844
f 5963 5964 5965
f 5727 5966 5725
f 5967 5725 5966
f 5727 5968 5966
f 5969 5970 5971
f 5838 5972 5836
f 5972 5837 5836
f 5942 5968 5727
f 5973 5974 5975
f 5976 5977 5978
f 5979 5980 5981
f 5823 5955 5824
f 5982 5983 5984
f 5985 5986 5987
f 5988 5989 5990
f 4983 4985 5991
f 4984 4983 5991
f 5992 5993 5994
f 5970 5995 5971
f 5995 5970 5969
f 735 5996 736
f 5997 5998 5999
f 5999 6000 5997
f 2232 6001 2233
f 5992 6002 5993
f 637 639 6003
f 6004 6005 6006
f 6007 6008 6009
f 6010 6011 6012
f 6013 6010 6012
f 6010 6013 6011
f 6014 755 6015
f 6016 6017 6018
f 6019 6008 6007
f 5865 6020 5866
f 6021 6022 6023
f 782 781 6024
f 690 783 691
f 6025 681 691
f 2564 2563 6026
f 6027 6028 6029
f 6030 6031 6032
f 6033 674 673
f 6034 6035 6036
f 5019 6037 5017
f 6038 6039 6040
f 6034 6036 6041
f 6022 6021 6042
f 6043 6044 6045
f 6046 6047 6048
f 6049 6004 6006
f 6004 6049 6005
f 6050 6051 6052
f 5877 6053 5875
f 6054 6055 6056
f 6057 6056 6058
f 6059 337 336
f 6060 5826 5828
f 6060 5827 5826
f 6052 6051 6061
f 6062 6063 6064
f 6064 6063 6065
f 6066 6067 6068
f 6066 6069 6067
f 6070 6071 6072
f 6055 6058 6056
f 6073 6058 6055
f 5652 5654 6074
f 5652 6074 5653
f 5002 6075 5003
f 119 118 709
f 5005 5004 6076
f 6077 6078 6079
f 6080 6081 6082
f 6083 2166 2168
f 6084 6085 6086
f 6087 6088 6089
f 6090 6091 6092
f 6047 6093 6048
f 5923 5880 5879
f 2168 2167 6083
f 5031 5030 6094
f 6095 5011 5010
f 6096 6097 6098
f 6098 6099 6096
f 6082 6100 6080
f 6101 5688 5687
f 6102 5873 5872
f 5871 6102 5872
f 6103 6104 6105
f 6106 6107 6108
f 6109 6110 6111
f 6109 6111 6112
f 6112 6111 6110
f 6113 6104 6103
f 6114 6115 6116
f 6017 6117 6018
f 6118 6119 6120
f 6119 6121 6120
f 6122 6123 6124
f 6033 673 733
f 6125 5953 5952
f 6014 756 755
f 5989 5988 6126
f 6116 6115 6127
f 6128 6129 6130
f 6131 6132 6133
f 6134 6135 6136
f 6135 6134 6137
f 6138 6139 6140
f 5864 5863 5940
f 6141 5595 5596
f 6071 6142 6072
f 337 6059 338
f 6040 6039 6143
f 6144 6145 6146
f 5987 5986 6147
f 6055 6054 6148
f 6149 6128 6130
f 6150 6151 6152
f 6153 6154 6155
f 6156 6155 6154
f 6148 6157 6158
f 6148 6158 6073
f 674 6159 6160
f 6161 6162 6163
f 6054 6157 6148
f 6073 6055 6148
f 5997 6164 6165
f 675 674 6160
f 5997 6165 5998
f 6166 6165 6164
f 6162 6161 6167
f 6168 6169 6170
f 1706 1708 6171
f 3608 3610 6172
f 6172 3609 3608
f 1669 1906 1670
f 1468 6173 1466
f 6174 3281 3280
f 6175 3239 3238
f 1896 6176 1897
f 6177 6178 6179
f 6177 6179 6180
f 6178 6177 6180
f 1767 6181 5568
f 5612 5614 6182
f 6183 6184 6185
f 1626 1625 6186
f 5831 5830 6187
f 5950 5586 6188
f 5587 5951 6189
f 6190 6191 6192
f 6193 6194 6195
f 6196 6195 6194
f 6191 6197 6192
f 6198 6183 6185
f 6185 6184 6199
f 5568 1768 1767
f 5576 6200 5577
f 6201 6202 6203
f 6204 6202 6201
f 1275 1277 6205
f 5614 5613 6182
f 1707 6171 1708
f 1625 1627 6186
f 6206 1759 6207
f 1281 6208 1282
f 1809 6209 5359
f 6206 6210 1760
f 6206 1760 1759
f 6207 1759 6211
f 1759 1758 6211
f 6198 6212 6183
f 6212 6184 6183
f 1283 1282 6208
f 6213 1808 1807
f 1765 6214 1766
f 6215 6216 6217
f 1312 1311 6218
f 6219 6220 6221
f 6222 5370 5372
f 6223 6224 6225
f 6225 6224 6226
f 5365 6227 5366
f 6228 5367 1801
f 1866 6229 1864
f 6230 6231 6232
f 5849 6233 5847
f 5716 125 124
f 6234 6235 6236
f 6236 6235 6237
f 6045 6238 6043
f 6043 6238 6044
f 5593 5595 6239
f 6240 6241 6242
f 6243 6244 6245
f 5839 6246 6247
f 5834 5839 6247
f 5952 5954 6125
f 6124 6123 6248
f 6249 6031 6250
f 6249 6250 6251
f 6251 6250 6030
f 6030 6250 6031
f 6252 6253 6254
f 30 29 6255
f 6256 6257 6258
f 6257 6256 6259
f 5855 6260 5856
f 6261 6262 6263
f 6264 6265 6266
f 5984 5983 6267
f 6268 6269 6270
f 6270 6269 6271
f 3550 3549 6272
f 6273 3546 3545
f 1352 1351 6274
f 610 609 5633
f 5637 6275 5635
f 5635 6275 5636
f 6276 6277 6278
f 6276 6279 6277
f 1321 421 1829
f 6280 6281 6282
f 6280 6282 6283
f 6284 388 390
f 5266 5265 5440
f 6285 5559 1931
f 1929 5559 5322
f 5322 5559 6285
f 6286 5547 5546
f 3153 5349 3151
f 6287 6288 6289
f 6290 6283 6282
f 4057 6291 4055
f 5557 6292 5558
f 5271 6293 5269
f 6294 6295 6296
f 6294 6296 6297
f 6298 6299 6300
f 6301 5538 5537
f 5456 6302 5457
f 6303 5495 5497
f 6289 6304 6287
f 6280 6283 6305
f 6306 6307 6308
f 2057 6309 2058
f 6310 6311 6312
f 6310 6312 6313
f 6306 6314 6307
f 6308 6307 6314
f 6315 6316 6317
f 6315 6318 6316
f 6319 6318 6315
f 6320 6321 6319
f 6322 5544 5543
f 6319 6321 6318
f 6316 6323 6317
f 6324 5464 5466
f 5466 5465 6324
f 6299 6325 6300
f 6281 6280 6326
f 6327 6328 6329
f 6330 6328 6327
f 6331 6332 6333
f 6331 6334 6332
f 5458 6335 5459
f 6336 6337 6338
f 5218 6339 5219
f 4180 5100 4178
f 5138 6340 5139
f 6341 6342 6343
f 6344 6345 6346
f 6344 6346 6347
f 6348 5247 5249
f 6349 5244 5246
f 6350 4514 4513
f 5140 6340 5138
f 6351 6352 6353
f 5217 6339 5218
f 4124 4126 6354
f 4148 4147 6355
f 3320 4142 3318
f 6356 6357 6358
f 6356 6358 6359
f 5214 6360 5212
f 5221 6361 5222
f 368 5368 4490
f 5193 369 4491
f 6362 6363 6364
f 6364 6363 6365
f 6366 6367 6368
f 6369 6366 6368
f 6370 6371 6372
f 2143 6373 2141
f 2141 6373 2142
f 6374 2221 2220
f 6375 6376 6377
f 6378 6375 6377
f 2222 2221 6374
f 6379 6380 6381
f 6382 2218 2217
f 6383 6384 6385
f 6384 6386 6385
f 6384 6383 6387
f 6388 6389 6390
f 6391 6392 6393
f 6394 6395 6396
f 6396 6395 6397
f 2217 2219 6382
f 6398 6379 6381
f 6398 6381 6380
f 6399 6400 6401
f 6400 6399 6402
f 3046 6403 3044
f 3045 3044 6403
f 3048 2807 2806
f 6404 3048 3047
f 2771 6405 4742
f 4700 6405 2771
f 4700 6406 6405
f 3743 6407 3744
f 3743 3742 6407
f 6408 6409 6410
f 6408 6410 6411
f 3766 3765 6412
f 6413 6414 6415
f 6413 6415 6416
f 3231 6417 3232
f 3229 3228 6418
f 6419 6420 6421
f 6419 6421 6422
f 1999 2001 6423
f 2896 2895 6424
f 6425 6426 6427
f 3482 3481 6428
f 6429 6430 6431
f 6432 6433 6434
f 3624 6434 3625
f 6435 3625 6434
f 2473 6436 2471
f 3083 6437 3084
f 6438 122 121
f 6439 6440 6441
f 6442 6440 6439

# Normal vectors
v 2.247780 0.253533 3.344063
v 2.284011 0.249330 3.309864
l 6443 6444
v 0.938597 2.649980 4.686903
v 0.980991 2.632193 4.667246
l 6445 6446
v 0.933954 2.650643 4.687763
v 0.891332 2.640698 4.663588
l 6447 6448
v -2.250587 1.348673 4.516723
v -2.262359 1.305562 4.494298
l 6449 6450
v -2.757160 2.616400 4.468380
v -2.738238 2.591779 4.429191
l 6451 6452
v -2.060000 2.437430 4.507720
v -2.064370 2.474127 4.474042
l 6453 6454
v -2.062133 2.434867 4.511293
v -2.095809 2.398085 4.514906
l 6455 6456
v -2.057310 2.435303 4.511143
v -2.017977 2.404464 4.512503
l 6457 6458
v 1.728360 0.073103 2.885580
v 1.710388 0.104042 2.850655
l 6459 6460
v -1.036160 -0.083478 1.471837
v -1.069970 -0.085100 1.435036
l 6461 6462
v -2.632587 2.546550 4.474873
v -2.583273 2.538502 4.476720
l 6463 6464
v -2.636697 2.548980 4.471393
v -2.641231 2.572769 4.427650
l 6465 6466
v -2.637460 2.545027 4.474550
v -2.664960 2.503408 4.477967
l 6467 6468
v -1.377913 0.389558 4.595060
v -1.338548 0.389915 4.564234
l 6469 6470
v -0.852627 0.447278 4.634017
v -0.867127 0.448459 4.586180
l 6471 6472
v -0.850097 0.445814 4.637810
v -0.806514 0.422412 4.645080
l 6473 6474
v 1.444687 0.823098 2.824227
v 1.450077 0.825045 2.774556
l 6475 6476
v 2.133673 0.864203 3.065980
v 2.125422 0.814904 3.064758
l 6477 6478
v 1.146703 -0.040885 2.154013
v 1.143726 -0.044369 2.104224
l 6479 6480
v 1.753070 1.655350 4.779430
v 1.737465 1.694077 4.751922
l 6481 6482
v 0.757506 -0.064828 1.451900
v 0.772704 -0.066280 1.404288
l 6483 6484
v 1.552530 0.831549 2.849397
v 1.573733 0.797009 2.820115
l 6485 6486
v 1.548527 0.833742 2.851543
v 1.502212 0.848100 2.839344
l 6487 6488
v -0.857969 0.247025 4.636250
v -0.877055 0.246428 4.590040
l 6489 6490
v 1.443473 0.051695 2.853180
v 1.399137 0.029289 2.847502
l 6491 6492
v 1.445997 0.056462 2.852720
v 1.445536 0.102708 2.833717
l 6493 6494
v 1.448730 0.051246 2.851960
v 1.483610 0.030000 2.823116
l 6495 6496
v 1.963047 0.861337 3.044517
v 1.927432 0.853969 3.010205
l 6497 6498
v 2.220043 0.752107 3.446573
v 2.229118 0.722585 3.407253
l 6499 6500
v 2.232797 0.547242 3.350707
v 2.199300 0.510140 3.349528
l 6501 6502
v 2.236240 0.549738 3.348540
v 2.237925 0.586252 3.314424
l 6503 6504
v -1.661750 -0.038458 4.534197
v -1.629100 -0.070958 4.514762
l 6505 6506
v -0.551281 0.443162 4.653293
v -0.551830 0.401365 4.625857
l 6507 6508
v 0.118619 0.438501 4.333483
v 0.122415 0.396255 4.307010
l 6509 6510
v -2.833693 0.234423 4.493607
v -2.802591 0.221358 4.456702
l 6511 6512
v -2.828407 0.222119 4.500237
v -2.807822 0.217854 4.454871
l 6513 6514
v -1.653800 2.546907 4.522147
v -1.642631 2.523312 4.479502
l 6515 6516
v 0.462481 -0.064531 1.668053
v 0.436983 -0.062758 1.625080
l 6517 6518
v -2.251523 1.052233 4.530337
v -2.215270 1.017828 4.531737
l 6519 6520
v -3.147767 0.165762 4.472703
v -3.149525 0.180123 4.424842
l 6521 6522
v -3.144740 0.163975 4.476017
v -3.096651 0.150370 4.477554
l 6523 6524
v -1.384217 0.400390 4.593453
v -1.378274 0.411937 4.545169
l 6525 6526
v -0.761026 0.348584 4.643170
v -0.743019 0.395220 4.642283
l 6527 6528
v -1.270187 0.715692 4.599080
v -1.233754 0.702051 4.567670
l 6529 6530
v -0.242078 0.603516 4.671180
v -0.245324 0.574775 4.630395
l 6531 6532
v -3.058833 0.148343 4.483240
v -3.042455 0.101119 4.484522
l 6533 6534
v -3.059747 0.151612 4.479823
v -3.040133 0.186477 4.449827
l 6535 6536
v -1.444393 0.041559 4.592420
v -1.411918 0.006210 4.578428
l 6537 6538
v 0.100388 0.364607 4.639687
v 0.117210 0.396089 4.604673
l 6539 6540
v -2.649540 0.071575 4.515253
v -2.628118 0.115861 4.524188
l 6541 6542
v -3.062017 0.287944 4.471043
v -3.013993 0.274331 4.473944
l 6543 6544
v -2.451943 1.153183 4.503640
v -2.491916 1.163041 4.475267
l 6545 6546
v -3.071060 0.577079 4.471330
v -3.049086 0.532385 4.466900
l 6547 6548
v -2.743597 0.253813 4.503040
v -2.696972 0.235766 4.503678
l 6549 6550
v -1.757987 1.344310 4.557123
v -1.716882 1.316525 4.563317
l 6551 6552
v -3.049593 0.043285 4.481503
v -3.057564 -0.004701 4.469937
l 6553 6554
v -2.750373 0.055745 4.508520
v -2.726062 0.012476 4.502449
l 6555 6556
v -2.980857 0.741246 4.469180
v -3.019624 0.751690 4.439381
l 6557 6558
v -2.977820 0.742919 4.472613
v -2.937318 0.772183 4.474413
l 6559 6560
v -2.978847 0.738271 4.472320
v -2.952420 0.695913 4.469587
l 6561 6562
v -2.767433 0.261236 4.494063
v -2.784794 0.224404 4.465047
l 6563 6564
v -3.143187 0.749579 4.460717
v -3.100997 0.745222 4.487194
l 6565 6566
v -3.151977 1.154240 4.455703
v -3.109450 1.130282 4.466541
l 6567 6568
v -2.982633 0.371919 4.493000
v -2.937587 0.362171 4.512386
l 6569 6570
v -2.985490 0.373853 4.488770
v -2.980745 0.388586 4.441226
l 6571 6572
v -2.971323 0.678577 4.472023
v -2.979798 0.715812 4.439747
l 6573 6574
v -1.752160 1.240613 4.557330
v -1.751703 1.220890 4.511387
l 6575 6576
v -1.563410 1.151640 4.585007
v -1.537642 1.108794 4.585416
l 6577 6578
v -2.970423 0.943279 4.468780
v -2.922225 0.941976 4.455542
l 6579 6580
v -3.147160 0.273652 4.465430
v -3.158238 0.320505 4.451936
l 6581 6582
v -2.272380 2.242717 4.484893
v -2.273217 2.286088 4.460029
l 6583 6584
v -2.276080 2.237310 4.483923
v -2.311889 2.229592 4.449892
l 6585 6586
v -2.271443 2.238003 4.484977
v -2.230524 2.209440 4.488103
l 6587 6588
v -3.047910 0.946909 4.465147
v -3.046368 0.928800 4.418567
l 6589 6590
v -1.751313 2.334223 4.527487
v -1.731118 2.336441 4.481801
l 6591 6592
v -1.752813 2.331837 4.531683
v -1.771635 2.287622 4.545499
l 6593 6594
v -3.062870 0.367323 4.480030
v -3.034836 0.408687 4.478258
l 6595 6596
v -2.829463 0.642281 4.480780
v -2.788190 0.654280 4.455236
l 6597 6598
v -1.568377 0.953322 4.583163
v -1.548979 0.916244 4.555795
l 6599 6600
v -2.975533 0.940945 4.466760
v -2.993621 0.903639 4.438811
l 6601 6602
v -2.968163 0.676582 4.475447
v -2.921884 0.657755 4.477394
l 6603 6604
v -3.145800 0.749805 4.455623
v -3.131263 0.747575 4.407835
l 6605 6606
v -2.131753 2.343523 4.506157
v -2.163739 2.305820 4.498712
l 6607 6608
v -2.128617 2.346197 4.503463
v -2.123759 2.382520 4.469449
l 6609 6610
v -2.127297 2.344263 4.507583
v -2.089533 2.315191 4.522707
l 6611 6612
v -1.658457 1.650330 4.549147
v -1.655511 1.607742 4.523116
l 6613 6614
v -3.146043 0.657963 4.460360
v -3.147233 0.664836 4.410849
l 6615 6616
v -2.247863 2.601850 4.489270
v -2.258011 2.566734 4.455154
l 6617 6618
v -2.047190 1.748663 4.522000
v -2.078948 1.710302 4.517547
l 6619 6620
v -3.144060 0.654757 4.464287
v -3.110521 0.619735 4.476480
l 6621 6622
v -2.844907 2.150840 4.447207
v -2.803914 2.179125 4.451633
l 6623 6624
v -2.847363 2.148800 4.443590
v -2.849970 2.109684 4.412555
l 6625 6626
v -3.017450 2.616040 4.458437
v -3.032496 2.570530 4.472665
l 6627 6628
v -2.544750 2.623170 4.466590
v -2.554728 2.628098 4.417844
l 6629 6630
v -2.544583 2.620047 4.470727
v -2.551825 2.574178 4.489263
l 6631 6632
v -2.541413 2.624223 4.470500
v -2.494273 2.638383 4.479292
l 6633 6634
v -1.760303 1.346057 4.553407
v -1.795424 1.337877 4.518771
l 6635 6636
v -1.238863 -0.021920 4.559237
v -1.240121 0.027295 4.550503
l 6637 6638
v -3.057697 -0.025869 4.470000
v -3.045015 0.001666 4.430238
l 6639 6640
v -1.474317 0.238321 4.597137
v -1.480584 0.196813 4.569975
l 6641 6642
v -1.045313 0.454985 4.620457
v -1.056958 0.501291 4.605621
l 6643 6644
v 2.235927 0.452464 3.256377
v 2.232132 0.501600 3.247930
l 6645 6646
v 0.092435 1.425210 4.214970
v 0.139128 1.430501 4.197889
l 6647 6648
v 0.106243 1.434623 4.226410
v 0.117314 1.419702 4.179990
l 6649 6650
v -1.180487 0.699455 4.596373
v -1.202728 0.657727 4.580124
l 6651 6652
v -2.655420 2.619497 4.468070
v -2.618697 2.653423 4.468761
l 6653 6654
v 1.445300 1.651383 4.854853
v 1.400884 1.673348 4.848161
l 6655 6656
v 0.729812 2.564343 4.669193
v 0.736767 2.535882 4.628677
l 6657 6658
v 0.726955 2.563973 4.673280
v 0.693470 2.532456 4.692913
l 6659 6660
v 1.036143 2.644693 4.766127
v 1.060976 2.606440 4.745633
l 6661 6662
v -1.946607 2.043103 4.518673
v -1.955412 2.004339 4.488345
l 6663 6664
v -1.550427 1.551187 4.582273
v -1.506414 1.545320 4.559285
l 6665 6666
v -1.554383 1.549800 4.584730
v -1.589222 1.514175 4.580590
l 6667 6668
v -2.534613 2.441687 4.467297
v -2.528368 2.416501 4.424557
l 6669 6670
v -1.521247 1.738807 4.598023
v -1.528825 1.730893 4.549239
l 6671 6672
v 0.857458 1.643923 4.740017
v 0.829803 1.602427 4.743663
l 6673 6674
v -2.746380 1.949183 4.452920
v -2.707040 1.950689 4.422097
l 6675 6676
v -2.466990 2.447987 4.468270
v -2.439573 2.406199 4.466831
l 6677 6678
v -2.743263 2.140747 4.456670
v -2.769460 2.098184 4.455209
l 6679 6680
v -3.143383 1.945020 4.437033
v -3.108185 1.980527 4.437620
l 6681 6682
v -2.650863 2.158773 4.463237
v -2.650833 2.196248 4.430136
l 6683 6684
v -3.247203 2.447203 4.427830
v -3.230256 2.446729 4.380792
l 6685 6686
v -2.658033 2.616470 4.464763
v -2.657982 2.584819 4.426057
l 6687 6688
v -3.153180 2.354360 4.429063
v -3.123906 2.391471 4.412760
l 6689 6690
v -3.153777 2.349767 4.430293
v -3.124844 2.309035 4.432243
l 6691 6692
v -2.623763 2.341250 4.468707
v -2.649465 2.298818 4.462464
l 6693 6694
v -2.842477 2.424610 4.446393
v -2.820222 2.389045 4.419193
l 6695 6696
v -2.187330 2.271583 4.498850
v -2.147276 2.252784 4.522137
l 6697 6698
v -2.189593 2.271557 4.494157
v -2.206138 2.244256 4.455674
l 6699 6700
v -2.469330 2.450827 4.465067
v -2.510059 2.456671 4.436659
l 6701 6702
v -2.466283 2.452717 4.468230
v -2.426578 2.483030 4.466101
l 6703 6704
v -2.849837 1.852053 4.450800
v -2.814509 1.887114 4.455565
l 6705 6706
v 0.049034 -0.104503 0.443369
v 0.016708 -0.142107 0.436969
l 6707 6708
v -2.969197 2.345333 4.435540
v -2.951710 2.387410 4.414953
l 6709 6710
v -2.970030 2.340323 4.435007
v -2.944647 2.297766 4.428332
l 6711 6712
v -2.554460 2.548810 4.467630
v -2.553938 2.583744 4.431863
l 6713 6714
v -2.325123 2.604267 4.476290
v -2.326124 2.554434 4.480251
l 6715 6716
v -2.453370 2.610230 4.466120
v -2.416657 2.643090 4.457612
l 6717 6718
v -2.140677 2.431090 4.500150
v -2.139889 2.386096 4.521943
l 6719 6720
v -2.551767 2.546373 4.471243
v -2.510381 2.518615 4.475326
l 6721 6722
v -2.456093 2.606813 4.463560
v -2.456141 2.564364 4.437139
l 6723 6724
v 2.513470 1.849297 4.757617
v 2.472276 1.876900 4.764030
l 6725 6726
v -2.257240 0.749193 4.534570
v -2.221352 0.783962 4.536346
l 6727 6728
v -1.714837 2.539933 4.520930
v -1.681324 2.544144 4.484063
l 6729 6730
v 1.361473 1.557043 4.844140
v 1.407796 1.540222 4.835698
l 6731 6732
v -0.651073 0.809939 4.667683
v -0.666963 0.774926 4.635721
l 6733 6734
v 1.885987 1.748997 4.803100
v 1.871538 1.701549 4.809422
l 6735 6736
v 2.241433 0.257729 3.261377
v 2.209359 0.295932 3.264810
l 6737 6738
v 0.753308 -0.064766 1.454090
v 0.705422 -0.065289 1.439715
l 6739 6740
v -0.754805 0.556038 4.644607
v -0.722743 0.518598 4.652985
l 6741 6742
v -0.756726 0.558249 4.640887
v -0.753292 0.553732 4.591210
l 6743 6744
v -0.863357 1.440780 4.643617
v -0.815565 1.426642 4.647624
l 6745 6746
v 0.750780 -0.056128 1.652793
v 0.739053 -0.031629 1.610814
l 6747 6748
v 1.915857 1.762087 4.797143
v 1.904187 1.799218 4.765757
l 6749 6750
v 1.083083 2.696490 4.807630
v 1.095358 2.698852 4.759218
l 6751 6752
v 2.631103 1.827117 4.838757
v 2.616127 1.779779 4.832851
l 6753 6754
v 2.233380 0.648287 3.243437
v 2.235995 0.598840 3.250379
l 6755 6756
v -0.661062 -0.072759 1.538467
v -0.660958 -0.044808 1.497010
l 6757 6758
v -0.520644 -0.018106 4.613227
v -0.538637 -0.030273 4.568191
l 6759 6760
v -0.516874 -0.017731 4.616283
v -0.467735 -0.026870 4.614927
l 6761 6762
v 0.166014 0.309885 3.503493
v 0.202342 0.330649 3.476123
l 6763 6764
v 0.159713 0.309533 3.503087
v 0.125124 0.326338 3.471130
l 6765 6766
v 0.716526 2.204767 4.701057
v 0.716076 2.234311 4.660721
l 6767 6768
v 0.087998 1.435790 4.228183
v 0.052911 1.466603 4.210310
l 6769 6770
v 0.956418 -0.058389 1.436060
v 0.973147 -0.015970 1.415547
l 6771 6772
v 1.201510 -0.041448 2.399410
v 1.234887 -0.066984 2.372320
l 6773 6774
v -1.658423 2.045270 4.541420
v -1.639576 2.000854 4.528305
l 6775 6776
v -1.664633 2.337960 4.535310
v -1.701952 2.305802 4.526754
l 6777 6778
v 1.343933 1.769437 4.832477
v 1.305053 1.738177 4.835825
l 6779 6780
v 0.903647 -0.067860 1.292650
v 0.885407 -0.072883 1.246368
l 6781 6782
v -3.083140 2.556867 4.439473
v -3.047995 2.528937 4.417456
l 6783 6784
v -2.250017 2.561117 4.489090
v -2.232345 2.558573 4.442386
l 6785 6786
v -1.855447 2.430517 4.509097
v -1.863958 2.390503 4.480348
l 6787 6788
v -1.975327 2.416240 4.496973
v -1.961981 2.413731 4.448853
l 6789 6790
v -2.656167 1.849200 4.468447
v -2.692757 1.816355 4.459372
l 6791 6792
v -2.653063 1.852133 4.465840
v -2.649073 1.892253 4.436268
l 6793 6794
v -2.651560 1.849467 4.469430
v -2.614754 1.816240 4.475859
l 6795 6796
v -3.054543 2.045127 4.444373
v -3.024904 2.004897 4.442617
l 6797 6798
v -2.653490 2.244800 4.460043
v -2.613437 2.274493 4.463790
l 6799 6800
v -3.014240 2.619730 4.457710
v -2.965449 2.628303 4.464488
l 6801 6802
v -2.827770 1.443987 4.462940
v -2.780875 1.449591 4.446524
l 6803 6804
v -3.126713 2.529910 4.439430
v -3.086264 2.522623 4.410956
l 6805 6806
v -0.942025 -0.065194 1.935550
v -0.963421 -0.036336 1.900774
l 6807 6808
v -0.942280 -0.071814 1.936063
v -0.966018 -0.103958 1.906009
l 6809 6810
v -0.938746 -0.068575 1.936577
v -0.889377 -0.069869 1.944388
l 6811 6812
v -2.550067 2.047513 4.470480
v -2.548233 2.009026 4.438615
l 6813 6814
v -2.650097 2.041700 4.461887
v -2.660571 1.998179 4.439612
l 6815 6816
v -2.646567 2.046077 4.461467
v -2.603967 2.064404 4.442775
l 6817 6818
v -3.147070 1.348547 4.444153
v -3.151558 1.306451 4.417548
l 6819 6820
v -3.150063 1.448557 4.442720
v -3.128063 1.404201 4.449686
l 6821 6822
v -3.149953 0.953285 4.454857
v -3.166413 0.949215 4.407819
l 6823 6824
v -3.147240 0.951561 4.458693
v -3.107477 0.922228 4.466341
l 6825 6826
v -0.743945 -0.079968 1.440037
v -0.770236 -0.081087 1.397522
l 6827 6828
v -0.739406 -0.080203 1.441343
v -0.695796 -0.085050 1.417371
l 6829 6830
v -3.051057 1.841953 4.441473
v -3.041306 1.803353 4.411225
l 6831 6832
v -3.049353 1.844907 4.444973
v -3.018887 1.884452 4.447800
l 6833 6834
v -3.244263 2.135987 4.422603
v -3.241112 2.131161 4.372937
l 6835 6836
v -3.046157 1.150180 4.460357
v -3.063601 1.106336 4.443821
l 6837 6838
v -3.042800 1.154493 4.458957
v -3.011114 1.171392 4.424165
l 6839 6840
v -3.054040 0.856900 4.468220
v -3.049167 0.878946 4.423608
l 6841 6842
v -3.052103 0.854414 4.471900
v -3.018591 0.817697 4.477265
l 6843 6844
v -3.135880 1.842940 4.434410
v -3.093598 1.841876 4.407744
l 6845 6846
v -2.947847 1.845857 4.440183
v -2.901086 1.854543 4.424756
l 6847 6848
v -2.648593 1.748840 4.474137
v -2.612198 1.715032 4.479831
l 6849 6850
v -3.147870 1.763127 4.433303
v -3.138372 1.801914 4.403214
l 6851 6852
v -3.146177 1.760077 4.436573
v -3.120419 1.717231 4.435705
l 6853 6854
v -2.951557 1.938623 4.438190
v -2.911328 1.943719 4.408937
l 6855 6856
v -3.056547 2.047967 4.441160
v -3.052203 2.087378 4.410699
l 6857 6858
v -3.036930 2.144177 4.438667
v -2.998489 2.145964 4.406743
l 6859 6860
v -2.849710 1.941337 4.448547
v -2.847576 1.896769 4.425982
l 6861 6862
v -2.847160 1.945700 4.450247
v -2.807748 1.974741 4.440082
l 6863 6864
v -3.017457 2.619620 4.453957
v -3.032613 2.623452 4.406464
l 6865 6866
v -2.981690 2.438017 4.429077
v -3.003599 2.400021 4.405070
l 6867 6868
v -2.841673 2.545577 4.451163
v -2.800712 2.574237 4.452042
l 6869 6870
v -3.154080 2.247333 4.433777
v -3.153916 2.288645 4.405611
l 6871 6872
v -3.232380 2.506077 4.407790
v -3.213339 2.475721 4.372919
l 6873 6874
v -3.259137 2.356610 4.426967
v -3.242714 2.319965 4.397177
l 6875 6876
v -2.953930 2.253300 4.429570
v -2.989045 2.255452 4.394041
l 6877 6878
v -2.951867 2.250733 4.432990
v -2.915673 2.216278 4.434691
l 6879 6880
v -3.302553 2.324290 4.424390
v -3.317319 2.276565 4.426477
l 6881 6882
v -3.151940 2.244253 4.436787
v -3.115953 2.209702 4.433454
l 6883 6884
v -2.735100 2.453813 4.459920
v -2.694848 2.424178 4.458689
l 6885 6886
v -2.739787 2.453283 4.459403
v -2.770436 2.414863 4.450212
l 6887 6888
v -2.843203 2.541527 4.448847
v -2.845630 2.501304 4.419245
l 6889 6890
v -3.232197 1.770530 4.425003
v -3.243313 1.750279 4.380660
l 6891 6892
v -2.752437 2.243170 4.458030
v -2.717107 2.207823 4.459574
l 6893 6894
v -2.547943 2.049813 4.474103
v -2.511642 2.083894 4.478655
l 6895 6896
v -2.545683 2.148907 4.469000
v -2.501098 2.148217 4.446380
l 6897 6898
v -1.563107 2.136453 4.565703
v -1.551442 2.146925 4.518224
l 6899 6900
v -1.563040 2.134070 4.569877
v -1.547333 2.089265 4.585554
l 6901 6902
v -2.142920 1.746653 4.513343
v -2.097507 1.746196 4.492429
l 6903 6904
v -2.051353 1.455293 4.534773
v -2.017528 1.418756 4.539346
l 6905 6906
v -1.554890 1.744023 4.577820
v -1.509240 1.725334 4.569649
l 6907 6908
v -1.559527 1.743630 4.579023
v -1.600350 1.722818 4.559015
l 6909 6910
v -2.145267 1.654503 4.517363
v -2.121416 1.652094 4.473484
l 6911 6912
v -0.854877 1.343103 4.643947
v -0.826907 1.348850 4.602902
l 6913 6914
v -1.246713 0.598189 4.596133
v -1.292337 0.586749 4.579175
l 6915 6916
v -1.254960 0.550111 4.603043
v -1.223612 0.558157 4.564931
l 6917 6918
v 0.115034 1.434910 4.233217
v 0.136620 1.390943 4.243264
l 6919 6920
v -1.743773 2.151723 4.524560
v -1.740582 2.119661 4.486326
l 6921 6922
v -2.462313 1.360930 4.494613
v -2.417763 1.364099 4.472136
l 6923 6924
v -2.450413 1.359970 4.499933
v -2.443176 1.363174 4.450564
l 6925 6926
v -3.045660 1.046087 4.463167
v -3.001484 1.054426 4.441281
l 6927 6928
v -1.352490 -0.036406 4.557827
v -1.394732 -0.057481 4.541350
l 6929 6930
v -1.642427 0.656705 4.569530
v -1.602101 0.657112 4.539972
l 6931 6932
v -1.342080 0.245221 4.603743
v -1.299214 0.242507 4.578147
l 6933 6934
v -1.242720 0.043441 4.605163
v -1.243997 0.018779 4.561687
l 6935 6936
v -1.049553 0.247698 4.623280
v -1.056211 0.208637 4.592786
l 6937 6938
v -1.047057 0.249665 4.626767
v -1.005062 0.276683 4.629310
l 6939 6940
v -0.946849 0.148487 4.631563
v -0.945222 0.173227 4.588143
l 6941 6942
v -0.658928 0.050178 4.650980
v -0.619290 0.021189 4.641572
l 6943 6944
v -0.661295 0.053801 4.649053
v -0.656646 0.081158 4.607461
l 6945 6946
v -1.335083 0.439778 4.599067
v -1.349826 0.448376 4.552069
l 6947 6948
v -1.047727 0.342445 4.624977
v -1.030847 0.349953 4.578515
l 6949 6950
v -1.531367 0.137664 4.604190
v -1.497840 0.100774 4.608077
l 6951 6952
v -1.242893 0.248335 4.608923
v -1.202392 0.250521 4.579686
l 6953 6954
v -1.845623 0.142730 4.580510
v -1.805579 0.172127 4.586187
l 6955 6956
v -1.382553 0.415397 4.596420
v -1.379459 0.419607 4.546694
l 6957 6958
v -1.251520 0.345655 4.606313
v -1.222729 0.343696 4.565482
l 6959 6960
v -1.448113 0.557340 4.592257
v -1.435437 0.598936 4.567578
l 6961 6962
v -1.059923 0.140149 4.620907
v -1.065964 0.126543 4.573174
l 6963 6964
v -1.489763 0.237438 4.605180
v -1.498131 0.188425 4.599916
l 6965 6966
v -1.904270 -0.039163 4.553773
v -1.879361 -0.068571 4.521918
l 6967 6968
v -1.903953 -0.033653 4.556153
v -1.881483 0.009351 4.544078
l 6969 6970
v -2.446397 0.948968 4.510953
v -2.442569 0.985587 4.477124
l 6971 6972
v -2.444437 0.946782 4.514687
v -2.410430 0.910682 4.521040
l 6973 6974
v -3.070137 0.581702 4.471567
v -3.028677 0.609628 4.470474
l 6975 6976
v -2.537917 0.275509 4.522250
v -2.504174 0.238638 4.523671
l 6977 6978
v -1.447333 0.553550 4.595057
v -1.419325 0.512215 4.592423
l 6979 6980
v -1.344050 0.547886 4.598540
v -1.333961 0.501989 4.581461
l 6981 6982
v -1.157950 0.621666 4.608207
v -1.196644 0.613662 4.577569
l 6983 6984
v -1.153527 0.625269 4.609027
v -1.133178 0.667887 4.592607
l 6985 6986
v -1.153483 0.620326 4.610263
v -1.122037 0.581468 4.611352
l 6987 6988
v -1.230423 0.616106 4.595177
v -1.229199 0.601396 4.547405
l 6989 6990
v -1.241957 0.600949 4.594767
v -1.208801 0.615621 4.560336
l 6991 6992
v -1.236397 0.588260 4.597393
v -1.194165 0.584582 4.570881
l 6993 6994
v -1.248290 0.578006 4.599603
v -1.293094 0.591089 4.581674
l 6995 6996
v -1.243887 0.575628 4.598387
v -1.217044 0.546621 4.567759
l 6997 6998
v -1.246287 0.561802 4.604350
v -1.241878 0.552106 4.555498
l 6999 7000
v -1.027927 0.620103 4.619810
v -1.043051 0.572861 4.613529
l 7001 7002
v -1.026283 0.623661 4.616977
v -0.986616 0.642761 4.593277
l 7003 7004
v -1.330103 0.610062 4.601327
v -1.281651 0.602272 4.610903
l 7005 7006
v -1.251643 0.449535 4.602360
v -1.250811 0.488655 4.571232
l 7007 7008
v -1.249477 0.447336 4.605943
v -1.213099 0.413258 4.609865
l 7009 7010
v -1.254197 0.735658 4.615013
v -1.204838 0.741928 4.619950
l 7011 7012
v -1.229020 -0.000727 4.595833
v -1.254835 -0.042296 4.585557
l 7013 7014
v -2.751893 0.059242 4.505650
v -2.788956 0.074966 4.475999
l 7015 7016
v -1.474463 0.244086 4.597187
v -1.487165 0.284924 4.571284
l 7017 7018
v -1.150320 0.250357 4.616190
v -1.141163 0.291376 4.589106
l 7019 7020
v -1.152403 0.245528 4.616223
v -1.193831 0.221545 4.601781
l 7021 7022
v -1.147233 0.244704 4.616723
v -1.105839 0.226697 4.595224
l 7023 7024
v -2.818343 0.483737 4.497510
v -2.771532 0.495043 4.484060
l 7025 7026
v -1.040810 -0.073852 1.849787
v -1.032635 -0.111057 1.817399
l 7027 7028
v -1.040570 -0.068251 1.850440
v -1.033747 -0.025916 1.824726
l 7029 7030
v -2.862397 0.153221 4.496997
v -2.887733 0.190239 4.474911
l 7031 7032
v -3.045517 0.438850 4.474517
v -3.008064 0.420275 4.447089
l 7033 7034
v -2.749167 0.060248 4.509400
v -2.706221 0.084820 4.516602
l 7035 7036
v -2.852997 -0.006723 4.484153
v -2.852993 0.037035 4.459962
l 7037 7038
v -2.850173 -0.010366 4.486440
v -2.812009 -0.040942 4.476020
l 7039 7040
v -2.848527 0.158410 4.494383
v -2.859910 0.189679 4.457065
l 7041 7042
v -2.854377 0.147745 4.493367
v -2.832834 0.117265 4.460097
l 7043 7044
v -2.944637 0.054366 4.483073
v -2.939725 0.014342 4.453511
l 7045 7046
v -2.942773 0.057208 4.486400
v -2.910743 0.095601 4.486653
l 7047 7048
v -3.141743 0.040285 4.467863
v -3.124491 0.030894 4.421883
l 7049 7050
v -3.140147 0.041766 4.473057
v -3.100258 0.053442 4.500851
l 7051 7052
v -3.056450 -0.029352 4.473613
v -3.032916 -0.073162 4.478788
l 7053 7054
v -2.913390 -0.011730 4.482823
v -2.919751 -0.003046 4.433996
l 7055 7056
v -2.910080 -0.013057 4.486653
v -2.863351 -0.025648 4.499216
l 7057 7058
v -2.448180 0.348134 4.523723
v -2.447533 0.309569 4.491906
l 7059 7060
v -2.446007 0.350606 4.527203
v -2.409579 0.384772 4.529583
l 7061 7062
v -2.648000 0.067106 4.514663
v -2.606094 0.039846 4.513794
l 7063 7064
v -2.754173 0.261047 4.494887
v -2.731442 0.291106 4.462027
l 7065 7066
v -2.546283 0.445141 4.513090
v -2.544011 0.403398 4.485662
l 7067 7068
v -2.545653 0.449311 4.515307
v -2.510208 0.484574 4.515708
l 7069 7070
v -2.050283 0.949582 4.543823
v -2.090964 0.945410 4.515054
l 7071 7072
v -2.146817 0.945469 4.539017
v -2.108680 0.977804 4.538930
l 7073 7074
v -3.131400 0.343849 4.467367
v -3.113689 0.338413 4.420926
l 7075 7076
v -2.756463 0.156449 4.503150
v -2.790217 0.154486 4.466315
l 7077 7078
v -2.754213 0.153934 4.506843
v -2.722063 0.115968 4.511839
l 7079 7080
v -2.754440 0.158643 4.506800
v -2.721237 0.195691 4.511804
l 7081 7082
v -2.946110 0.135607 4.485363
v -2.949189 0.113575 4.440585
l 7083 7084
v -2.943543 0.137288 4.489410
v -2.900248 0.159742 4.500426
l 7085 7086
v -2.983433 0.400422 4.490130
v -2.935546 0.409058 4.501629
l 7087 7088
v -2.986020 0.389116 4.486550
v -2.972889 0.373318 4.440965
l 7089 7090
v -2.816503 0.469922 4.503133
v -2.769093 0.462564 4.517209
l 7091 7092
v -2.640593 0.842809 4.506390
v -2.591434 0.847906 4.513963
l 7093 7094
v -3.143517 0.269732 4.464657
v -3.099052 0.257714 4.445203
l 7095 7096
v -2.835237 0.167642 4.499737
v -2.835175 0.207107 4.469036
l 7097 7098
v -3.062047 0.362615 4.479913
v -3.021786 0.333175 4.476396
l 7099 7100
v -3.136953 0.537971 4.465627
v -3.130123 0.529141 4.416889
l 7101 7102
v -3.060170 0.749549 4.465513
v -3.080584 0.748617 4.419880
l 7103 7104
v -3.058733 0.747251 4.469677
v -3.026628 0.711413 4.483275
l 7105 7106
v -3.198677 0.653623 4.450533
v -3.165809 0.670442 4.416816
l 7107 7108
v -1.755350 1.148150 4.557307
v -1.754356 1.165204 4.510316
l 7109 7110
v -1.753707 1.145037 4.560660
v -1.720594 1.107620 4.562547
l 7111 7112
v -2.733083 0.457353 4.501010
v -2.728251 0.483244 4.458509
l 7113 7114
v -2.730797 0.455216 4.505150
v -2.692669 0.424937 4.516532
l 7115 7116
v -3.134990 0.539970 4.469883
v -3.099949 0.572672 4.484121
l 7117 7118
v -2.973423 0.845605 4.469960
v -2.945985 0.803816 4.469046
l 7119 7120
v -2.763610 0.269323 4.498767
v -2.743865 0.311131 4.479734
l 7121 7122
v -3.133687 0.463225 4.460807
v -3.126642 0.501098 4.428932
l 7123 7124
v -3.131950 0.460199 4.464113
v -3.103414 0.419141 4.463950
l 7125 7126
v -3.049763 0.048133 4.480103
v -3.028360 0.078141 4.446318
l 7127 7128
v -2.253530 0.345736 4.539493
v -2.248130 0.303903 4.512644
l 7129 7130
v -2.760250 0.255445 4.505487
v -2.769263 0.211333 4.483741
l 7131 7132
v -0.672169 -0.079622 1.446563
v -0.641828 -0.083557 1.407016
l 7133 7134
v -2.831710 0.249982 4.493823
v -2.784897 0.252548 4.476446
l 7135 7136
v -2.251380 0.349093 4.542517
v -2.216356 0.384672 4.539791
l 7137 7138
v -2.442050 0.638231 4.517027
v -2.450711 0.597111 4.489931
l 7139 7140
v -2.816887 0.072342 4.503767
v -2.770037 0.081858 4.518414
l 7141 7142
v -2.833000 0.165442 4.503457
v -2.792481 0.136842 4.509798
l 7143 7144
v -1.453340 0.247806 4.596057
v -1.457116 0.290856 4.570908
l 7145 7146
v -1.490510 0.245968 4.600820
v -1.485997 0.238569 4.551577
l 7147 7148
v -1.364703 0.022251 4.591330
v -1.328778 0.016113 4.557100
l 7149 7150
v -0.553466 -0.077988 1.552487
v -0.566085 -0.099991 1.509398
l 7151 7152
v -0.540612 -0.070110 1.629207
v -0.540326 -0.041893 1.587931
l 7153 7154
v -0.540470 -0.076751 1.629550
v -0.538901 -0.109033 1.591400
l 7155 7156
v -0.742612 -0.065518 2.112430
v -0.742020 -0.088787 2.068178
l 7157 7158
v -0.742342 -0.058994 2.113630
v -0.739238 -0.021656 2.080520
l 7159 7160
v -0.743442 -0.073128 1.831237
v -0.755574 -0.103960 1.793791
l 7161 7162
v -0.743773 -0.066474 1.831110
v -0.758835 -0.038439 1.792546
l 7163 7164
v -0.858006 -0.072778 1.649290
v -0.869970 -0.034529 1.619391
l 7165 7166
v 0.207385 0.433975 2.913913
v 0.201775 0.384343 2.911636
l 7167 7168
v 0.151283 0.455835 3.516103
v 0.121379 0.442905 3.478174
l 7169 7170
v 0.112724 0.539311 4.462880
v 0.143605 0.549317 4.424850
l 7171 7172
v 0.341738 -0.090914 0.544384
v 0.344157 -0.065197 0.501572
l 7173 7174
v -0.661006 -0.079405 1.538813
v -0.660399 -0.111504 1.500482
l 7175 7176
v -0.741318 -0.060784 2.242667
v -0.755739 -0.067742 2.195300
l 7177 7178
v -0.345273 -0.088151 0.947814
v -0.316956 -0.046944 0.948118
l 7179 7180
v -0.344903 -0.093940 0.947275
v -0.310766 -0.130246 0.943206
l 7181 7182
v -0.348895 -0.091175 0.944405
v -0.371181 -0.088439 0.899730
l 7183 7184
v -0.738488 -0.079418 1.541980
v -0.693189 -0.094704 1.556619
l 7185 7186
v -0.836984 -0.060696 2.279640
v -0.792595 -0.043629 2.264201
l 7187 7188
v -0.774492 -0.020268 4.586240
v -0.736479 -0.038032 4.559048
l 7189 7190
v -0.031406 0.613192 4.688720
v -0.041864 0.564309 4.689741
l 7191 7192
v 0.456710 0.650497 2.816160
v 0.496003 0.647986 2.785342
l 7193 7194
v 0.454091 0.648459 2.819523
v 0.416662 0.615311 2.820053
l 7195 7196
v 0.444764 -0.062678 1.746513
v 0.431467 -0.057912 1.698550
l 7197 7198
v -0.451008 0.355312 4.666603
v -0.483497 0.317993 4.659408
l 7199 7200
v -0.630178 -0.023937 4.578883
v -0.606544 -0.022021 4.534863
l 7201 7202
v -0.654913 0.172002 4.650610
v -0.639259 0.203291 4.614890
l 7203 7204
v -0.460811 0.035732 4.649587
v -0.478499 0.007288 4.612465
l 7205 7206
v -0.456572 0.039288 4.650810
v -0.413049 0.056939 4.633658
l 7207 7208
v -0.375645 0.144676 4.674470
v -0.388042 0.141091 4.626164
l 7209 7210
v -1.283123 0.711114 4.592643
v -1.296491 0.675341 4.560370
l 7211 7212
v -0.330462 0.960931 4.689950
v -0.298370 0.947729 4.653953
l 7213 7214
v -1.262833 0.728179 4.602610
v -1.226302 0.716556 4.570510
l 7215 7216
v -0.762100 0.345207 4.639903
v -0.743992 0.308521 4.611159
l 7217 7218
v -1.031243 0.552149 4.620563
v -1.002062 0.511587 4.622360
l 7219 7220
v -1.146340 0.539607 4.609650
v -1.147238 0.499845 4.579349
l 7221 7222
v -1.143457 0.542224 4.613053
v -1.101656 0.569545 4.615545
l 7223 7224
v 0.099713 1.348473 4.224147
v 0.125749 1.351794 4.181590
l 7225 7226
v -0.271524 1.145607 4.687330
v -0.302651 1.176218 4.662957
l 7227 7228
v 0.243618 0.657355 2.797880
v 0.263370 0.695114 2.771723
l 7229 7230
v 0.233600 0.654567 2.795670
v 0.187675 0.665730 2.779351
l 7231 7232
v -0.870081 1.140637 4.647543
v -0.876321 1.092832 4.634287
l 7233 7234
v -0.239079 0.156690 4.686667
v -0.199016 0.126780 4.686023
l 7235 7236
v -2.652980 1.455967 4.482800
v -2.624583 1.415258 4.488832
l 7237 7238
v 0.126865 0.390541 4.246810
v 0.132071 0.439765 4.239749
l 7239 7240
v -0.260137 0.541424 4.671350
v -0.253643 0.503185 4.639796
l 7241 7242
v 0.112749 1.340560 4.233710
v 0.149205 1.353223 4.201921
l 7243 7244
v -0.048762 0.054390 4.685237
v -0.026085 0.009896 4.682785
l 7245 7246
v -0.497554 -0.025443 4.516863
v -0.533314 -0.044141 4.487341
l 7247 7248
v 0.553769 0.646621 2.820027
v 0.594740 0.645375 2.791394
l 7249 7250
v 0.550999 0.644162 2.823187
v 0.516238 0.608291 2.820956
l 7251 7252
v -1.147153 0.452765 4.613127
v -1.139951 0.492519 4.583668
l 7253 7254
v -1.145467 0.450119 4.616657
v -1.114310 0.411154 4.619970
l 7255 7256
v -0.548682 0.039398 4.652403
v -0.526530 -0.004904 4.645577
l 7257 7258
v -0.495712 -0.020646 4.519543
v -0.503222 0.028750 4.517632
l 7259 7260
v -0.492548 -0.024629 4.518233
v -0.445679 -0.034671 4.504005
l 7261 7262
v -0.420611 -0.008898 4.636370
v -0.431007 0.027761 4.603996
l 7263 7264
v -0.366427 -0.013675 4.640617
v -0.338682 -0.047383 4.616244
l 7265 7266
v -0.855332 0.563378 4.634360
v -0.820089 0.527982 4.636600
l 7267 7268
v -1.454117 0.237224 4.596573
v -1.452749 0.194714 4.570285
l 7269 7270
v -1.154443 0.346759 4.615523
v -1.196669 0.352844 4.589448
l 7271 7272
v -1.150747 0.343199 4.617243
v -1.128413 0.300704 4.603264
l 7273 7274
v -1.150670 0.347860 4.618207
v -1.115914 0.383803 4.617909
l 7275 7276
v -1.140347 0.731703 4.623470
v -1.091349 0.739155 4.630078
l 7277 7278
v -0.538876 0.168224 4.663010
v -0.518917 0.176973 4.618009
l 7279 7280
v 0.154133 0.551109 3.485437
v 0.111134 0.525599 3.484906
l 7281 7282
v -0.356882 0.372853 4.671177
v -0.309725 0.364122 4.657034
l 7283 7284
v -0.567420 0.236833 4.655600
v -0.553973 0.198953 4.625864
l 7285 7286
v -0.029628 -0.019307 4.646160
v -0.059541 -0.014417 4.606394
l 7287 7288
v -0.445748 0.123403 4.671563
v -0.479959 0.088339 4.661556
l 7289 7290
v -0.950898 0.041902 4.620003
v -0.958668 0.031501 4.571718
l 7291 7292
v -0.565855 0.240411 4.658897
v -0.534951 0.279698 4.660121
l 7293 7294
v -0.361672 0.371924 4.671050
v -0.391058 0.331739 4.666400
l 7295 7296
v -0.421935 -0.014307 4.637687
v -0.450704 -0.052698 4.623598
l 7297 7298
v -0.417546 -0.012085 4.638793
v -0.368905 -0.023451 4.641004
l 7299 7300
v -0.769441 -0.020760 4.597953
v -0.730700 -0.051414 4.590239
l 7301 7302
v -0.356860 0.044151 4.662137
v -0.375799 0.030147 4.618032
l 7303 7304
v -0.654820 0.278591 4.647360
v -0.652466 0.304481 4.604650
l 7305 7306
v -0.549882 0.043084 4.649620
v -0.582559 0.062987 4.617432
l 7307 7308
v -0.442972 0.126354 4.668990
v -0.402520 0.133629 4.640516
l 7309 7310
v -0.274924 -0.025889 4.621300
v -0.244151 -0.045864 4.587330
l 7311 7312
v -0.278956 -0.024481 4.623507
v -0.327984 -0.026931 4.614007
l 7313 7314
v 0.052819 0.241847 4.699980
v 0.046419 0.235303 4.650825
l 7315 7316
v -0.258593 0.069734 4.680753
v -0.298207 0.039332 4.678199
l 7317 7318
v 0.127406 0.386510 4.244157
v 0.140040 0.370241 4.198597
l 7319 7320
v -0.024484 -0.020145 4.647850
v 0.023628 -0.019207 4.634271
l 7321 7322
v 2.229950 0.348834 3.447537
v 2.222428 0.358208 3.399003
l 7323 7324
v 2.229293 0.345689 3.451573
v 2.217225 0.298334 3.462149
l 7325 7326
v 0.102912 0.235048 4.645990
v 0.126016 0.264450 4.612797
l 7327 7328
v 1.162280 1.561927 4.844677
v 1.193695 1.537835 4.814137
l 7329 7330
v 1.158123 1.561697 4.847640
v 1.109199 1.551920 4.844345
l 7331 7332
v -0.253902 0.439536 4.679077
v -0.246413 0.480522 4.651435
l 7333 7334
v -0.028707 0.425613 4.691433
v 0.010037 0.398684 4.674888
l 7335 7336
v -0.548895 0.445694 4.656577
v -0.511455 0.478831 4.656101
l 7337 7338
v -0.255569 0.834651 4.695607
v -0.277704 0.793256 4.678387
l 7339 7340
v 0.067911 0.548851 4.686077
v 0.107614 0.578934 4.681753
l 7341 7342
v 0.063737 0.546540 4.683183
v 0.044704 0.539252 4.637526
l 7343 7344
v -0.254728 0.071271 4.677863
v -0.233476 0.066456 4.632862
l 7345 7346
v 0.109960 0.390228 4.498163
v 0.113816 0.424469 4.461932
l 7347 7348
v 0.118109 0.345289 4.320083
v 0.136443 0.358118 4.275370
l 7349 7350
v 0.113633 0.344524 4.322247
v 0.071807 0.317210 4.324380
l 7351 7352
v -0.639524 0.451678 4.648290
v -0.595088 0.440345 4.628364
l 7353 7354
v -1.649770 0.949421 4.560383
v -1.660511 0.907976 4.534558
l 7355 7356
v -1.646907 0.951607 4.563433
v -1.603820 0.976714 4.559796
l 7357 7358
v 0.011450 -0.014587 4.668870
v 0.044011 -0.051072 4.658448
l 7359 7360
v 0.009088 -0.010721 4.666503
v -0.021531 0.003304 4.629546
l 7361 7362
v -0.450933 0.756842 4.679950
v -0.406407 0.734598 4.675196
l 7363 7364
v -0.127355 0.070785 4.686010
v -0.172592 0.049708 4.682944
l 7365 7366
v -0.148816 -0.089276 0.943793
v -0.185165 -0.088480 0.909469
l 7367 7368
v 0.113190 -0.011837 4.651280
v 0.069244 -0.033548 4.641414
l 7369 7370
v -0.943601 0.232108 4.630160
v -0.952990 0.194842 4.598173
l 7371 7372
v -0.940971 0.233665 4.633820
v -0.896246 0.255399 4.639044
l 7373 7374
v -0.565881 0.351043 4.651213
v -0.605847 0.369061 4.627171
l 7375 7376
v 0.076215 0.161055 4.696560
v 0.046301 0.162453 4.656519
l 7377 7378
v 0.064469 0.159598 4.700900
v 0.060135 0.184682 4.657865
l 7379 7380
v 0.046890 0.253627 4.696907
v 0.060507 0.237588 4.651549
l 7381 7382
v -0.455619 0.755577 4.679667
v -0.481640 0.713858 4.670587
l 7383 7384
v -0.150607 0.718186 4.687690
v -0.151822 0.669334 4.677106
l 7385 7386
v 0.091195 0.152828 4.681953
v 0.130405 0.180712 4.668347
l 7387 7388
v 0.086414 0.151479 4.682340
v 0.043103 0.161027 4.659253
l 7389 7390
v 0.048212 0.704524 4.681893
v 0.089790 0.715537 4.656398
l 7391 7392
v 0.043425 0.701254 4.681657
v 0.019170 0.670106 4.650973
l 7393 7394
v -0.788867 1.244157 4.648600
v -0.758802 1.204752 4.642019
l 7395 7396
v -0.793136 1.246803 4.646427
v -0.830995 1.245248 4.613803
l 7397 7398
v 0.118952 0.532454 4.332813
v 0.130268 0.532126 4.284112
l 7399 7400
v 0.106200 0.539958 4.463340
v 0.072886 0.556322 4.429837
l 7401 7402
v -0.252089 0.436636 4.682460
v -0.220237 0.398112 4.683632
l 7403 7404
v -1.457960 2.259690 4.586573
v -1.476975 2.266552 4.540842
l 7405 7406
v -1.455343 2.257407 4.590133
v -1.420941 2.221307 4.593783
l 7407 7408
v -0.447161 0.816086 4.682353
v -0.481552 0.847626 4.664394
l 7409 7410
v 1.255533 1.942543 4.828220
v 1.248755 1.896782 4.847193
l 7411 7412
v -0.749481 0.753815 4.661280
v -0.782851 0.718481 4.649535
l 7413 7414
v 1.568510 0.109286 2.846843
v 1.586487 0.090827 2.803994
l 7415 7416
v -0.454194 0.460111 4.661797
v -0.418228 0.494763 4.659424
l 7417 7418
v -0.864528 0.162956 4.634773
v -0.861806 0.199142 4.600376
l 7419 7420
v -0.748286 0.248936 4.642067
v -0.754509 0.258553 4.593396
l 7421 7422
v -0.645229 0.449977 4.648100
v -0.671254 0.410316 4.632297
l 7423 7424
v -0.644254 0.455167 4.647323
v -0.655287 0.495270 4.619575
l 7425 7426
v -0.976623 0.632338 4.620557
v -0.966028 0.674222 4.595387
l 7427 7428
v -0.950585 0.454949 4.624040
v -0.914757 0.427116 4.603024
l 7429 7430
v -1.533713 0.888449 4.603663
v -1.540782 0.877251 4.555449
l 7431 7432
v -1.532190 0.898147 4.603577
v -1.523966 0.908983 4.555463
l 7433 7434
v 0.076469 1.338783 4.120447
v 0.096000 1.340915 4.074468
l 7435 7436
v 0.071887 1.337540 4.122997
v 0.031394 1.308220 4.123818
l 7437 7438
v -0.269036 1.059673 4.683667
v -0.288508 1.079803 4.642247
l 7439 7440
v -0.268173 1.056453 4.687103
v -0.260506 1.007079 4.688933
l 7441 7442
v 0.101778 0.640220 4.642973
v 0.054008 0.649494 4.631482
l 7443 7444
v 1.956487 1.842847 4.796353
v 1.969455 1.815757 4.756378
l 7445 7446
v 0.550678 0.343478 2.827820
v 0.558655 0.301442 2.801949
l 7447 7448
v 0.085448 1.414527 4.206653
v 0.105085 1.369884 4.217672
l 7449 7450
v 0.207522 -0.057983 1.862947
v 0.189475 -0.027574 1.827597
l 7451 7452
v 1.248863 1.746860 4.832193
v 1.259408 1.710770 4.799234
l 7453 7454
v 1.246003 1.748423 4.835760
v 1.200865 1.769627 4.839349
l 7455 7456
v -1.524770 1.116013 4.603397
v -1.522636 1.085038 4.564205
l 7457 7458
v -0.658310 0.629414 4.643487
v -0.653483 0.590699 4.612216
l 7459 7460
v -0.972056 0.358013 4.629033
v -0.935414 0.324451 4.634596
l 7461 7462
v -0.974574 0.360020 4.625327
v -1.010519 0.353673 4.591155
l 7463 7464
v -0.972583 0.362755 4.628707
v -0.942071 0.402359 4.629424
l 7465 7466
v 0.155204 0.638670 3.479003
v 0.130048 0.599923 3.459877
l 7467 7468
v 0.161259 0.639595 3.480770
v 0.202234 0.610941 3.480938
l 7469 7470
v 0.157950 0.642597 3.479040
v 0.158260 0.686451 3.455025
l 7471 7472
v -0.857477 0.565838 4.630887
v -0.855428 0.605625 4.600674
l 7473 7474
v -0.650358 0.552787 4.646617
v -0.608896 0.540700 4.621422
l 7475 7476
v -2.047333 0.947405 4.547040
v -2.010407 0.913718 4.545768
l 7477 7478
v -0.948728 0.551222 4.624020
v -0.906434 0.554973 4.597618
l 7479 7480
v -0.850820 0.762501 4.651550
v -0.855543 0.805423 4.626343
l 7481 7482
v -0.956501 0.455936 4.623710
v -0.996256 0.430978 4.606485
l 7483 7484
v -0.953503 0.460140 4.623253
v -0.945006 0.502843 4.598671
l 7485 7486
v -0.981617 0.628094 4.619687
v -1.018738 0.629433 4.586217
l 7487 7488
v -0.976868 0.627462 4.620633
v -0.944753 0.589207 4.622919
l 7489 7490
v -0.909632 0.881328 4.645847
v -0.890682 0.894733 4.601562
l 7491 7492
v -0.252162 0.771889 4.695920
v -0.238121 0.798943 4.656285
l 7493 7494
v -0.758516 0.449229 4.641663
v -0.730457 0.407845 4.641911
l 7495 7496
v -1.032937 -0.025202 4.580437
v -1.068745 -0.047665 4.553731
l 7497 7498
v -0.855825 0.244598 4.640007
v -0.824477 0.206174 4.646405
l 7499 7500
v -0.862216 0.160370 4.638300
v -0.826881 0.125113 4.641197
l 7501 7502
v -0.771783 -0.010706 4.594243
v -0.771852 0.035772 4.575811
l 7503 7504
v 0.093236 1.363267 4.220457
v 0.118542 1.359176 4.177528
l 7505 7506
v 0.089064 1.365997 4.222290
v 0.054563 1.399694 4.209092
l 7507 7508
v -0.760370 0.452137 4.638317
v -0.797184 0.460274 4.605476
l 7509 7510
v -0.141447 0.438724 4.684367
v -0.130387 0.476378 4.653384
l 7511 7512
v -0.361417 0.376406 4.669133
v -0.368493 0.416790 4.640514
l 7513 7514
v 0.106508 0.455672 4.462293
v 0.068515 0.437257 4.435509
l 7515 7516
v 0.111767 0.456074 4.463053
v 0.155664 0.452991 4.439314
l 7517 7518
v 0.114896 0.530898 4.336417
v 0.072719 0.504336 4.340362
l 7519 7520
v -0.150405 0.594932 4.674433
v -0.120126 0.599711 4.634932
l 7521 7522
v -0.030826 0.431057 4.691033
v -0.022798 0.473967 4.666655
l 7523 7524
v -0.034228 0.426296 4.690817
v -0.073750 0.409052 4.665505
l 7525 7526
v -0.139838 0.435984 4.687907
v -0.113681 0.393490 4.691082
l 7527 7528
v -0.348974 0.523039 4.669023
v -0.341911 0.481290 4.642431
l 7529 7530
v 1.346913 0.139616 2.798990
v 1.372864 0.164355 2.764140
l 7531 7532
v -0.649700 0.751278 4.667157
v -0.673341 0.708981 4.654826
l 7533 7534
v -0.045828 0.550499 4.685590
v -0.000791 0.547635 4.664062
l 7535 7536
v -0.050456 0.555177 4.685043
v -0.050017 0.597396 4.658261
l 7537 7538
v -0.050678 0.550319 4.685227
v -0.085479 0.515083 4.678345
l 7539 7540
v 0.110248 0.385432 4.498457
v 0.118107 0.345466 4.469457
l 7541 7542
v 0.108454 0.677847 4.578777
v 0.064243 0.690957 4.559449
l 7543 7544
v -0.043250 0.752715 4.710480
v -0.042402 0.710689 4.683404
l 7545 7546
v -0.042214 0.757554 4.709913
v -0.051564 0.801572 4.688120
l 7547 7548
v -0.856570 1.339223 4.647717
v -0.852243 1.290778 4.659307
l 7549 7550
v -0.798769 1.329253 4.655897
v -0.801951 1.315758 4.607858
l 7551 7552
v -0.859788 1.055367 4.652323
v -0.813259 1.073175 4.656551
l 7553 7554
v -1.520963 1.210410 4.602543
v -1.567758 1.214148 4.585331
l 7555 7556
v -1.516537 1.209667 4.600657
v -1.484580 1.175664 4.582696
l 7557 7558
v -0.914399 1.357823 4.638910
v -0.948276 1.321049 4.638894
l 7559 7560
v -0.328841 1.048143 4.687107
v -0.302567 1.048616 4.644569
l 7561 7562
v -0.333223 1.045387 4.689823
v -0.356742 1.001341 4.687205
l 7563 7564
v -0.333798 1.050647 4.689527
v -0.364444 1.088618 4.678618
l 7565 7566
v -0.445433 0.810871 4.682500
v -0.451635 0.767254 4.658855
l 7567 7568
v -0.256793 0.437237 4.682077
v -0.296365 0.407035 4.677391
l 7569 7570
v -0.909286 1.062270 4.642320
v -0.940999 1.023673 4.644458
l 7571 7572
v -1.868613 0.458097 4.562517
v -1.853911 0.429122 4.524513
l 7573 7574
v -1.349567 0.620198 4.593363
v -1.362712 0.606515 4.547104
l 7575 7576
v -1.339083 0.619204 4.594813
v -1.312816 0.646675 4.562327
l 7577 7578
v -0.554078 0.832706 4.665090
v -0.517724 0.866416 4.658608
l 7579 7580
v -0.647716 0.812198 4.670473
v -0.602087 0.831790 4.664627
l 7581 7582
v -1.364090 0.627176 4.592313
v -1.344071 0.612270 4.548989
l 7583 7584
v -1.455220 0.756121 4.607820
v -1.487919 0.782656 4.580863
l 7585 7586
v -1.452663 0.752348 4.609247
v -1.424123 0.717896 4.586920
l 7587 7588
v -1.656017 1.240240 4.555827
v -1.648417 1.199046 4.528526
l 7589 7590
v -1.435323 0.623190 4.591953
v -1.393947 0.651049 4.588505
l 7591 7592
v -1.177947 0.703064 4.594403
v -1.134182 0.719217 4.576411
l 7593 7594
v 0.073955 1.263710 4.160143
v 0.075186 1.296888 4.122758
l 7595 7596
v -1.449027 0.713494 4.589233
v -1.477954 0.683870 4.561204
l 7597 7598
v -0.906701 1.064750 4.638880
v -0.872474 1.066601 4.602478
l 7599 7600
v -1.444983 0.454149 4.593780
v -1.447746 0.503619 4.587065
l 7601 7602
v -1.433513 0.449822 4.592457
v -1.409147 0.484914 4.566479
l 7603 7604
v -1.436410 0.445423 4.592057
v -1.432766 0.409970 4.556988
l 7605 7606
v -1.445910 0.717232 4.588537
v -1.401932 0.733981 4.571642
l 7607 7608
v -1.438220 0.620727 4.588910
v -1.445467 0.580230 4.560493
l 7609 7610
v -1.517970 1.070157 4.607077
v -1.515586 1.020547 4.612836
l 7611 7612
v -1.661073 0.853630 4.567810
v -1.681675 0.891399 4.542333
l 7613 7614
v -1.746777 1.551217 4.551537
v -1.702438 1.531559 4.539386
l 7615 7616
v -1.750380 1.555390 4.548953
v -1.747308 1.595432 4.519168
l 7617 7618
v -1.751543 1.551357 4.551233
v -1.788238 1.517565 4.547827
l 7619 7620
v -1.527097 0.881134 4.609340
v -1.509233 0.835163 4.601118
l 7621 7622
v -2.148190 1.255273 4.531603
v -2.114457 1.218387 4.532830
l 7623 7624
v -2.043430 1.254420 4.539297
v -2.008476 1.218668 4.539381
l 7625 7626
v -2.145470 1.456920 4.523653
v -2.114192 1.419487 4.534629
l 7627 7628
v -3.048163 1.651497 4.440907
v -3.039446 1.639584 4.393135
l 7629 7630
v -1.954917 1.653977 4.524487
v -1.996262 1.661994 4.497537
l 7631 7632
v -2.146470 1.352403 4.528960
v -2.144022 1.342700 4.479972
l 7633 7634
v -2.252677 0.949248 4.530630
v -2.218294 0.912946 4.530859
l 7635 7636
v -2.254890 0.952096 4.527297
v -2.250494 0.991546 4.496894
l 7637 7638
v -1.847383 1.441843 4.548587
v -1.858585 1.397077 4.529339
l 7639 7640
v -2.655860 2.242677 4.456477
v -2.691337 2.247838 4.421623
l 7641 7642
v -2.251653 1.154657 4.522530
v -2.208424 1.153476 4.497434
l 7643 7644
v -2.453743 1.750083 4.484783
v -2.460787 1.707353 4.459794
l 7645 7646
v 1.022503 1.947603 4.767563
v 0.994621 1.937090 4.727413
l 7647 7648
v -1.574780 2.237990 4.562197
v -1.535030 2.211435 4.576851
l 7649 7650
v -1.875760 2.351777 4.509630
v -1.914317 2.357385 4.478294
l 7651 7652
v -1.872433 2.347547 4.512293
v -1.861414 2.299606 4.503334
l 7653 7654
v -1.871380 2.352367 4.511860
v -1.830823 2.381203 4.507001
l 7655 7656
v -1.659950 2.337600 4.536043
v -1.623552 2.303473 4.539293
l 7657 7658
v -1.661830 2.340693 4.532617
v -1.654376 2.381849 4.505219
l 7659 7660
v -1.940970 2.344537 4.509050
v -1.962330 2.323219 4.469184
l 7661 7662
v -1.993837 2.388213 4.493163
v -2.028033 2.393688 4.457099
l 7663 7664
v -1.947483 2.549117 4.506203
v -1.955594 2.530394 4.460556
l 7665 7666
v -1.944513 2.551250 4.509803
v -1.899210 2.571719 4.515153
l 7667 7668
v -2.234560 2.174723 4.502547
v -2.249321 2.127001 4.504708
l 7669 7670
v -2.445037 2.137820 4.473967
v -2.439801 2.102436 4.439030
l 7671 7672
v -1.951287 1.655783 4.527513
v -1.911744 1.685918 4.522191
l 7673 7674
v -1.952087 1.650750 4.527243
v -1.926432 1.608168 4.521893
l 7675 7676
v -2.352873 2.051663 4.487290
v -2.385995 2.014876 4.480244
l 7677 7678
v -2.059383 2.049600 4.511917
v -2.095114 2.059438 4.478352
l 7679 7680
v -2.146053 1.744563 4.516263
v -2.178666 1.706841 4.512601
l 7681 7682
v -2.455930 2.051103 4.477770
v -2.494000 2.049494 4.445396
l 7683 7684
v -3.051023 1.449757 4.452257
v -3.008223 1.424160 4.448664
l 7685 7686
v -3.053480 1.454777 4.449533
v -3.039119 1.487315 4.414391
l 7687 7688
v -2.213070 2.191657 4.498053
v -2.178879 2.169770 4.468866
l 7689 7690
v -3.207367 0.946628 4.454740
v -3.160963 0.946840 4.473359
l 7691 7692
v -1.523773 1.436120 4.601427
v -1.489174 1.462393 4.576676
l 7693 7694
v -1.528520 1.434153 4.600760
v -1.560384 1.407683 4.572760
l 7695 7696
v -2.834147 1.351820 4.465627
v -2.790983 1.350629 4.440418
l 7697 7698
v -3.054070 1.347253 4.450550
v -3.021447 1.345707 4.412690
l 7699 7700
v -1.659043 1.360740 4.554600
v -1.665963 1.401077 4.525876
l 7701 7702
v -1.655817 1.358197 4.557523
v -1.612616 1.333457 4.552873
l 7703 7704
v -1.660493 1.357603 4.557817
v -1.691257 1.318189 4.557482
l 7705 7706
v -2.648507 2.156650 4.466957
v -2.608618 2.127091 4.472890
l 7707 7708
v -2.547130 2.241967 4.473807
v -2.539165 2.202714 4.443877
l 7709 7710
v -2.221910 2.187470 4.496920
v -2.254533 2.208534 4.465423
l 7711 7712
v -2.651230 1.951630 4.460517
v -2.642425 1.990388 4.430180
l 7713 7714
v -2.344127 2.247687 4.477843
v -2.303746 2.233617 4.451930
l 7715 7716
v -2.952273 1.842147 4.439090
v -2.962438 1.799953 4.414263
l 7717 7718
v -2.453657 2.048777 4.481200
v -2.416026 2.015895 4.482858
l 7719 7720
v -2.645510 1.355403 4.488657
v -2.600011 1.356543 4.509358
l 7721 7722
v -2.647743 1.355590 4.482700
v -2.626972 1.358833 4.437334
l 7723 7724
v -2.363397 2.148013 4.477437
v -2.404380 2.153024 4.449236
l 7725 7726
v -2.360403 2.144870 4.480130
v -2.333252 2.103435 4.473353
l 7727 7728
v -2.360107 2.149660 4.480550
v -2.323600 2.183818 4.479843
l 7729 7730
v -2.259573 1.959327 4.497830
v -2.286917 1.917553 4.495129
l 7731 7732
v -2.357897 2.354087 4.474413
v -2.356894 2.398343 4.451167
l 7733 7734
v -2.354877 2.349387 4.475377
v -2.313465 2.325859 4.460162
l 7735 7736
v -1.985883 2.394603 4.492977
v -1.966471 2.400747 4.447310
l 7737 7738
v -2.017437 2.540567 4.503187
v -2.057664 2.528413 4.476093
l 7739 7740
v -2.175380 2.353593 4.492487
v -2.147143 2.362411 4.452176
l 7741 7742
v -1.657840 2.050467 4.540640
v -1.633968 2.088483 4.518620
l 7743 7744
v 0.119398 0.443145 4.332657
v 0.141211 0.482215 4.310348
l 7745 7746
v -2.340093 1.849547 4.490170
v -2.297853 1.852587 4.463590
l 7747 7748
v -1.937137 2.345417 4.511900
v -1.888810 2.332634 4.512986
l 7749 7750
v 0.204250 0.597000 2.996683
v 0.202546 0.547794 3.005393
l 7751 7752
v -1.126330 -0.073955 1.803910
v -1.111787 -0.081240 1.756630
l 7753 7754
v -2.059817 2.248557 4.508533
v -2.051748 2.219016 4.469008
l 7755 7756
v -2.060797 2.246800 4.514853
v -2.061874 2.200815 4.534454
l 7757 7758
v -0.495033 -0.062949 2.043283
v -0.526468 -0.048720 2.007098
l 7759 7760
v -0.490576 -0.062944 2.045270
v -0.443283 -0.062381 2.029051
l 7761 7762
v -1.454007 0.054174 4.593097
v -1.500530 0.045394 4.577018
l 7763 7764
v -1.452520 0.065757 4.595303
v -1.467971 0.086098 4.552321
l 7765 7766
v -0.753475 -0.074342 1.750003
v -0.783284 -0.077037 1.709951
l 7767 7768
v -1.133893 -0.075952 1.636537
v -1.143577 -0.048949 1.595585
l 7769 7770
v -1.213607 -0.075611 1.783503
v -1.222521 -0.096728 1.739067
l 7771 7772
v -0.864709 -0.077922 1.565277
v -0.902674 -0.079380 1.532773
l 7773 7774
v -0.853057 -0.075630 1.651207
v -0.803507 -0.072818 1.645132
l 7775 7776
v -0.943898 -0.086581 1.362693
v -0.969478 -0.103763 1.323317
l 7777 7778
v -0.950849 -0.082556 1.466017
v -0.951599 -0.032587 1.464442
l 7779 7780
v -0.938230 -0.085346 1.364263
v -0.892230 -0.086929 1.344733
l 7781 7782
v -1.133573 -0.082585 1.636977
v -1.140370 -0.115551 1.600003
l 7783 7784
v -1.130853 -0.079002 1.638697
v -1.088301 -0.075225 1.664677
l 7785 7786
v -1.245543 -0.074298 1.870360
v -1.213264 -0.103493 1.845749
l 7787 7788
v -0.817532 -0.087070 1.156307
v -0.813960 -0.039200 1.142317
l 7789 7790
v -0.949050 -0.085956 1.463287
v -0.951691 -0.115050 1.422709
l 7791 7792
v -0.748381 -0.085329 1.244853
v -0.722312 -0.067078 1.206288
l 7793 7794
v -1.031457 -0.083400 1.472350
v -0.992346 -0.083890 1.441204
l 7795 7796
v -1.199843 -0.078517 1.670980
v -1.184216 -0.080129 1.623512
l 7797 7798
v -1.123850 -0.080975 1.577520
v -1.096643 -0.077358 1.535727
l 7799 7800
v -1.048907 -0.078382 1.638673
v -1.070338 -0.076793 1.593527
l 7801 7802
v -1.212170 -0.070581 1.786073
v -1.209064 -0.021870 1.775227
l 7803 7804
v -1.209540 -0.074952 1.787623
v -1.165449 -0.094376 1.800990
l 7805 7806
v -1.144817 -0.075646 1.736400
v -1.100706 -0.073393 1.759835
l 7807 7808
v -0.354213 -0.060799 2.024633
v -0.312971 -0.039353 2.006216
l 7809 7810
v -1.123747 -0.066396 1.955930
v -1.090541 -0.038566 1.930973
l 7811 7812
v -1.065990 -0.068841 1.951850
v -1.024213 -0.069089 1.924379
l 7813 7814
v -0.839038 -0.066857 1.926303
v -0.818000 -0.049803 1.884273
l 7815 7816
v -0.957307 -0.067623 2.035190
v -0.944036 -0.089853 1.992415
l 7817 7818
v -0.748720 -0.074027 1.750823
v -0.705870 -0.099443 1.755057
l 7819 7820
v -0.947678 -0.077065 1.762803
v -0.936949 -0.123033 1.746316
l 7821 7822
v 1.719470 0.147099 2.891597
v 1.675554 0.168153 2.880279
l 7823 7824
v -1.044487 -0.078600 1.640323
v -0.998986 -0.080282 1.619663
l 7825 7826
v -0.958846 -0.062782 2.037450
v -0.967960 -0.014633 2.027520
l 7827 7828
v -0.944972 -0.063030 2.146243
v -0.983804 -0.062278 2.114755
l 7829 7830
v 0.042082 0.052417 4.691070
v 0.089606 0.046255 4.676804
l 7831 7832
v 0.037611 0.050110 4.691513
v 0.017063 0.005337 4.682956
l 7833 7834
v -1.349957 -0.031294 4.559167
v -1.357786 0.016687 4.547482
l 7835 7836
v -0.541774 -0.088494 1.250467
v -0.502732 -0.119216 1.244820
l 7837 7838
v -0.541751 -0.081861 1.250723
v -0.502492 -0.051071 1.247448
l 7839 7840
v -0.544588 -0.085095 1.248700
v -0.583456 -0.083742 1.217277
l 7841 7842
v 0.059560 -0.064280 1.742737
v 0.026242 -0.064047 1.705457
l 7843 7844
v 0.520778 -0.086479 0.765595
v 0.533117 -0.091108 0.717363
l 7845 7846
v 0.517805 -0.089113 0.769671
v 0.483609 -0.124505 0.778508
l 7847 7848
v 0.518334 -0.083207 0.769239
v 0.490780 -0.041999 0.775769
l 7849 7850
v -0.782350 -0.014883 4.590237
v -0.808111 0.026467 4.578991
l 7851 7852
v 0.349226 -0.094189 0.643705
v 0.371664 -0.124890 0.611240
l 7853 7854
v 0.547425 -0.083897 0.846949
v 0.516630 -0.085731 0.807600
l 7855 7856
v 0.245929 -0.068568 1.718923
v 0.245915 -0.103482 1.683132
l 7857 7858
v -0.541804 -0.094299 1.039223
v -0.525833 -0.140967 1.031035
l 7859 7860
v 1.041650 -0.049902 1.739873
v 1.016205 -0.046043 1.697005
l 7861 7862
v 0.336984 -0.090827 0.548999
v 0.294610 -0.064295 0.549687
l 7863 7864
v 0.227934 -0.100800 0.420473
v 0.245147 -0.102312 0.373553
l 7865 7866
v -0.051084 -0.109222 0.240407
v -0.019565 -0.106778 0.201670
l 7867 7868
v 0.250667 -0.101913 0.442131
v 0.270359 -0.142753 0.421054
l 7869 7870
v -0.208855 -0.108454 0.283756
v -0.202310 -0.118090 0.235132
l 7871 7872
v -0.122890 -0.111769 0.186332
v -0.113770 -0.086729 0.144026
l 7873 7874
v -0.054365 -0.097049 0.647076
v -0.099749 -0.112003 0.632356
l 7875 7876
v 0.250193 -0.095544 0.441000
v 0.271675 -0.059072 0.414386
l 7877 7878
v 0.346603 -0.091666 0.747220
v 0.308279 -0.123203 0.741166
l 7879 7880
v 0.242414 -0.081165 1.046610
v 0.252306 -0.052229 1.007052
l 7881 7882
v -0.246760 -0.092928 0.745745
v -0.206722 -0.063217 0.749506
l 7883 7884
v -1.662007 2.491167 4.513963
v -1.695902 2.454476 4.511763
l 7885 7886
v 0.429319 -0.088466 0.653639
v 0.385386 -0.074014 0.634636
l 7887 7888
v -0.857660 -0.078393 1.649513
v -0.871504 -0.119325 1.624356
l 7889 7890
v -0.641452 -0.062649 2.016050
v -0.634376 -0.038897 1.972625
l 7891 7892
v -0.837542 -0.063956 2.129887
v -0.846414 -0.079896 2.083334
l 7893 7894
v 0.465434 -0.054647 1.939230
v 0.509490 -0.033326 1.929007
l 7895 7896
v 2.110533 0.905230 3.239507
v 2.092248 0.860049 3.250657
l 7897 7898
v 2.559987 1.627440 4.786430
v 2.523936 1.606153 4.759095
l 7899 7900
v 1.448707 0.547138 2.828887
v 1.435876 0.546028 2.780574
l 7901 7902
v 1.371493 0.737506 2.803610
v 1.374220 0.773860 2.769390
l 7903 7904
v 1.368303 0.731701 2.803150
v 1.341523 0.714331 2.764665
l 7905 7906
v 1.564287 0.111252 2.849537
v 1.518790 0.131108 2.843550
l 7907 7908
v 0.347656 -0.083450 0.842451
v 0.343933 -0.056943 0.800219
l 7909 7910
v 0.347904 -0.090057 0.843099
v 0.346465 -0.124460 0.806845
l 7911 7912
v 2.244507 0.255247 3.258450
v 2.241010 0.222324 3.220981
l 7913 7914
v 1.647643 0.744519 2.878750
v 1.598731 0.751848 2.871407
l 7915 7916
v 2.241250 0.254103 3.343150
v 2.215526 0.255288 3.300291
l 7917 7918
v 1.543767 0.653962 2.854407
v 1.500730 0.665051 2.831496
l 7919 7920
v 1.547507 0.650593 2.855160
v 1.582294 0.626181 2.828818
l 7921 7922
v 0.829502 -0.063126 1.535137
v 0.817369 -0.111555 1.532416
l 7923 7924
v 1.143080 0.351457 2.785567
v 1.098049 0.330554 2.791505
l 7925 7926
v 1.298330 -0.041599 1.997490
v 1.318395 -0.010832 1.963567
l 7927 7928
v -0.537499 -0.066706 2.045793
v -0.500798 -0.093889 2.025445
l 7929 7930
v -0.538435 -0.060154 2.045500
v -0.510540 -0.025694 2.022384
l 7931 7932
v 0.819478 -0.070404 1.173110
v 0.823846 -0.020864 1.167947
l 7933 7934
v 0.841715 2.247157 4.685703
v 0.846123 2.264070 4.638858
l 7935 7936
v -0.128594 -0.051863 2.252683
v -0.127604 -0.030682 2.207402
l 7937 7938
v -0.129941 -0.055466 2.255540
v -0.132509 -0.105262 2.251825
l 7939 7940
v -1.657223 2.491447 4.514267
v -1.619103 2.459175 4.516594
l 7941 7942
v -1.659567 2.493820 4.510790
v -1.659991 2.533716 4.480655
l 7943 7944
v 1.519523 2.642727 4.839233
v 1.498086 2.600256 4.854619
l 7945 7946
v -2.422597 1.511283 4.499313
v -2.465987 1.500750 4.476812
l 7947 7948
v -1.961890 2.422463 4.502277
v -1.934031 2.413266 4.461788
l 7949 7950
v -2.202680 2.204293 4.501093
v -2.166940 2.184200 4.472477
l 7951 7952
v -2.048033 2.353797 4.509240
v -1.998589 2.347132 4.505942
l 7953 7954
v -2.254987 2.141887 4.490107
v -2.221224 2.170038 4.466284
l 7955 7956
v -2.256510 2.137987 4.492520
v -2.259163 2.088796 4.483961
l 7957 7958
v -1.735533 2.453223 4.519870
v -1.710364 2.417827 4.495099
l 7959 7960
v -1.517537 1.992703 4.599863
v -1.508119 2.028734 4.566500
l 7961 7962
v -1.520030 1.988917 4.601593
v -1.530823 1.942470 4.586552
l 7963 7964
v -1.983170 2.522170 4.498190
v -1.979527 2.478197 4.474673
l 7965 7966
v -2.255777 2.337180 4.485377
v -2.227403 2.340499 4.444341
l 7967 7968
v -2.257407 2.334347 4.489507
v -2.270396 2.287698 4.501965
l 7969 7970
v -2.056133 2.491950 4.498297
v -2.040233 2.444673 4.494815
l 7971 7972
v -1.850370 2.163687 4.517637
v -1.885152 2.147636 4.485502
l 7973 7974
v -2.057097 2.045977 4.514810
v -2.034936 2.001474 4.509475
l 7975 7976
v -1.745677 2.247700 4.534230
v -1.721522 2.240580 4.491034
l 7977 7978
v 1.620377 2.692163 4.779230
v 1.617661 2.677645 4.731461
l 7979 7980
v -2.977143 2.441800 4.427827
v -2.935972 2.444408 4.399576
l 7981 7982
v -2.150577 1.857073 4.513010
v -2.109589 1.828491 4.514756
l 7983 7984
v -2.342950 1.846803 4.493050
v -2.374871 1.808722 4.487493
l 7985 7986
v -2.221143 1.747333 4.499303
v -2.228329 1.725459 4.454920
l 7987 7988
v -2.218857 1.748110 4.503587
v -2.172035 1.755210 4.519627
l 7989 7990
v -2.453987 1.855983 4.481350
v -2.487342 1.819033 4.476648
l 7991 7992
v -2.450333 1.753233 4.486893
v -2.410876 1.780715 4.473186
l 7993 7994
v -2.455463 1.952990 4.475730
v -2.496166 1.955447 4.446795
l 7995 7996
v -2.453030 1.955073 4.479253
v -2.418384 1.990992 4.482331
l 7997 7998
v -2.453000 1.950350 4.478810
v -2.417656 1.915167 4.475204
l 7999 8000
v 0.658471 2.528743 4.698220
v 0.695718 2.497758 4.685867
l 8001 8002
v -2.451310 1.858587 4.478363
v -2.449717 1.898782 4.448669
l 8003 8004
v -2.449277 1.856287 4.482013
v -2.411719 1.823702 4.487270
l 8005 8006
v -2.741837 2.532563 4.467173
v -2.713920 2.491123 4.465343
l 8007 8008
v -2.544967 1.848157 4.478247
v -2.509610 1.850726 4.442986
l 8009 8010
v -2.548803 1.844473 4.480580
v -2.566307 1.797993 4.474815
l 8011 8012
v -1.757020 1.448627 4.551440
v -1.789127 1.465559 4.517053
l 8013 8014
v -2.649657 1.949133 4.464203
v -2.619321 1.909807 4.469968
l 8015 8016
v -2.744693 1.850363 4.459920
v -2.708137 1.817331 4.468434
l 8017 8018
v -2.954750 1.344780 4.450807
v -2.984679 1.319957 4.419373
l 8019 8020
v -2.046510 1.149947 4.541423
v -2.003653 1.127431 4.553927
l 8021 8022
v -2.045720 1.257157 4.535970
v -2.042931 1.296773 4.505593
l 8023 8024
v -2.050540 1.347487 4.534643
v -2.016016 1.311503 4.538286
l 8025 8026
v -2.051090 1.849727 4.518790
v -2.048247 1.808441 4.490729
l 8027 8028
v -2.268337 1.826167 4.496647
v -2.247355 1.781669 4.487719
l 8029 8030
v -2.268773 1.830523 4.494380
v -2.247421 1.873030 4.478975
l 8031 8032
v -2.221557 2.181493 4.504347
v -2.191033 2.143621 4.515921
l 8033 8034
v -2.227863 2.019763 4.501737
v -2.216202 1.971212 4.499123
l 8035 8036
v -2.163047 2.157940 4.501787
v -2.156832 2.172752 4.454437
l 8037 8038
v -2.172550 2.146483 4.494110
v -2.176322 2.183640 4.460866
l 8039 8040
v -2.171370 2.142690 4.497123
v -2.142541 2.101875 4.495382
l 8041 8042
v -2.156170 2.237100 4.505560
v -2.161160 2.187562 4.510157
l 8043 8044
v -2.155547 2.240413 4.501933
v -2.174653 2.264642 4.462590
l 8045 8046
v -2.152563 2.240480 4.505890
v -2.103492 2.241666 4.515408
l 8047 8048
v -1.955837 2.147220 4.518753
v -1.946325 2.162120 4.471983
l 8049 8050
v -1.954527 2.145137 4.522843
v -1.926652 2.105622 4.535557
l 8051 8052
v -1.847243 2.162387 4.521057
v -1.800770 2.143984 4.522315
l 8053 8054
v -1.561727 1.961340 4.572450
v -1.525569 1.931883 4.590476
l 8055 8056
v -1.946370 1.753607 4.525477
v -1.911634 1.717927 4.529990
l 8057 8058
v -1.952237 1.343443 4.539963
v -1.954327 1.318505 4.496677
l 8059 8060
v -1.948333 1.755977 4.521860
v -1.944333 1.795836 4.491940
l 8061 8062
v -1.951073 1.753703 4.524977
v -1.987165 1.719230 4.521979
l 8063 8064
v -2.357767 1.659953 4.495003
v -2.383242 1.683517 4.459006
l 8065 8066
v -2.550510 1.549070 4.486250
v -2.540755 1.551217 4.437258
l 8067 8068
v -2.440600 1.352043 4.498757
v -2.437444 1.375577 4.454754
l 8069 8070
v -2.432607 1.350527 4.503960
v -2.385901 1.340454 4.518695
l 8071 8072
v -1.950957 1.252460 4.545700
v -1.908147 1.234262 4.527365
l 8073 8074
v -1.950087 1.346287 4.543293
v -1.913254 1.380087 4.544223
l 8075 8076
v -1.752473 1.043810 4.556743
v -1.751272 1.001065 4.530831
l 8077 8078
v -2.347297 1.551350 4.498160
v -2.315572 1.569363 4.463968
l 8079 8080
v -2.459060 1.552807 4.488517
v -2.491823 1.547799 4.451080
l 8081 8082
v -1.854597 1.756890 4.532347
v -1.892513 1.752237 4.500087
l 8083 8084
v -2.453560 1.447903 4.494167
v -2.479326 1.411933 4.470881
l 8085 8086
v -2.355657 1.737213 4.492397
v -2.320351 1.724629 4.459303
l 8087 8088
v -2.239413 1.855797 4.501443
v -2.240323 1.823794 4.463037
l 8089 8090
v -2.246013 1.454777 4.511013
v -2.203175 1.456850 4.485312
l 8091 8092
v -1.947243 1.462317 4.538487
v -1.915061 1.424233 4.542220
l 8093 8094
v -0.798638 1.087257 4.652570
v -0.803260 1.087947 4.602789
l 8095 8096
v -1.562540 1.964440 4.568523
v -1.549362 2.005491 4.543202
l 8097 8098
v -1.565933 1.961087 4.569850
v -1.593998 1.925978 4.547946
l 8099 8100
v -1.557800 1.654203 4.577197
v -1.510510 1.644272 4.590041
l 8101 8102
v -1.850993 1.942333 4.530857
v -1.837682 1.894442 4.525449
l 8103 8104
v -2.143613 2.047587 4.509703
v -2.171774 2.006289 4.510938
l 8105 8106
v -1.853717 2.045570 4.526377
v -1.840940 1.997361 4.529925
l 8107 8108
v -1.854313 2.049023 4.522557
v -1.879722 2.063189 4.481891
l 8109 8110
v 0.639650 2.521410 4.691503
v 0.650875 2.506843 4.645008
l 8111 8112
v -2.348780 1.725523 4.496343
v -2.364004 1.720198 4.449016
l 8113 8114
v -2.348663 1.661430 4.495740
v -2.312676 1.640741 4.467868
l 8115 8116
v -2.152647 1.954833 4.509243
v -2.133095 1.909196 4.515158
l 8117 8118
v -2.153440 1.957917 4.505547
v -2.132807 1.991348 4.474617
l 8119 8120
v -2.268853 1.543223 4.502733
v -2.268419 1.504468 4.471145
l 8121 8122
v -1.753187 1.444733 4.552230
v -1.736186 1.400186 4.537180
l 8123 8124
v -2.256587 1.961673 4.494827
v -2.223660 1.980141 4.462043
l 8125 8126
v -1.753513 1.847417 4.540130
v -1.757874 1.821873 4.497369
l 8127 8128
v -2.350380 2.054500 4.484463
v -2.347077 2.094788 4.455036
l 8129 8130
v -2.260030 2.054483 4.493753
v -2.222301 2.022229 4.487741
l 8131 8132
v -2.752553 2.247943 4.457693
v -2.718644 2.284517 4.454150
l 8133 8134
v -2.453903 2.361067 4.467653
v -2.421840 2.324102 4.457380
l 8135 8136
v -2.175180 2.350803 4.497680
v -2.144338 2.322999 4.525531
l 8137 8138
v -1.852710 2.432357 4.512540
v -1.809222 2.456968 4.514296
l 8139 8140
v -1.570350 2.431310 4.559607
v -1.581786 2.397644 4.524453
l 8141 8142
v -1.740657 2.455657 4.520227
v -1.787593 2.452779 4.503237
l 8143 8144
v -1.993840 2.377050 4.498160
v -2.013169 2.331095 4.501976
l 8145 8146
v -2.549070 2.346777 4.468730
v -2.589753 2.340780 4.440288
l 8147 8148
v -2.546297 2.344957 4.472083
v -2.507099 2.313920 4.472595
l 8149 8150
v -2.262653 2.057480 4.490923
v -2.264395 2.101031 4.466422
l 8151 8152
v -2.264850 2.054360 4.493877
v -2.300283 2.019338 4.489638
l 8153 8154
v -1.943747 2.045113 4.521843
v -1.903210 2.074284 4.519435
l 8155 8156
v -2.155230 1.856257 4.512897
v -2.186389 1.817152 4.512881
l 8157 8158
v -2.153110 1.859093 4.509567
v -2.159131 1.897727 4.478402
l 8159 8160
v -2.236967 1.857567 4.505510
v -2.194154 1.880690 4.517018
l 8161 8162
v -1.964957 1.952420 4.519740
v -1.999137 1.940170 4.485365
l 8163 8164
v -1.962297 1.951163 4.523573
v -1.921424 1.923578 4.531849
l 8165 8166
v -1.746263 1.750267 4.540893
v -1.710737 1.747359 4.505830
l 8167 8168
v -1.516050 2.050437 4.597300
v -1.488038 2.031161 4.560643
l 8169 8170
v -2.160367 2.150513 4.507457
v -2.131443 2.109832 4.510366
l 8171 8172
v -2.144753 2.160030 4.508513
v -2.127924 2.113858 4.517730
l 8173 8174
v -2.146253 2.163663 4.505857
v -2.139377 2.178441 4.458588
l 8175 8176
v -2.139247 2.447867 4.491690
v -2.095502 2.459839 4.470642
l 8177 8178
v -2.146280 2.553050 4.488760
v -2.139567 2.546675 4.439625
l 8179 8180
v -2.261177 2.461357 4.487977
v -2.230254 2.422164 4.490765
l 8181 8182
v -2.459033 2.362457 4.467327
v -2.503195 2.360351 4.443976
l 8183 8184
v -2.454323 2.366363 4.467970
v -2.441255 2.409517 4.446361
l 8185 8186
v -2.740970 2.537193 4.467757
v -2.700742 2.566063 4.474704
l 8187 8188
v -2.743503 2.535653 4.463983
v -2.780094 2.546569 4.431704
l 8189 8190
v -3.059507 2.437333 4.437283
v -3.059398 2.388705 4.425653
l 8191 8192
v -3.057637 2.441877 4.437857
v -3.014828 2.465867 4.428269
l 8193 8194
v -2.549637 1.757037 4.482210
v -2.518579 1.794091 4.469466
l 8195 8196
v -2.844950 2.251033 4.446500
v -2.817089 2.249557 4.405008
l 8197 8198
v -2.960780 2.157767 4.430340
v -2.957965 2.192780 4.394757
l 8199 8200
v -2.958437 2.155543 4.433933
v -2.925157 2.118445 4.437956
l 8201 8202
v -2.755077 2.245287 4.454613
v -2.795912 2.242265 4.425919
l 8203 8204
v -2.846040 2.051177 4.453613
v -2.804095 2.034479 4.475103
l 8205 8206
v -2.848153 2.053570 4.449783
v -2.842035 2.077539 4.406332
l 8207 8208
v -2.740723 2.143350 4.453533
v -2.696323 2.149068 4.431264
l 8209 8210
v -3.052160 1.742173 4.437990
v -3.045700 1.706572 4.403482
l 8211 8212
v -3.050273 1.744757 4.441673
v -3.018212 1.782746 4.447049
l 8213 8214
v -3.046523 1.649773 4.446250
v -3.024370 1.612605 4.471306
l 8215 8216
v -2.650913 1.751153 4.470403
v -2.683131 1.746405 4.432463
l 8217 8218
v -2.964843 1.648767 4.443667
v -2.937584 1.687773 4.428323
l 8219 8220
v -2.854430 1.741673 4.450833
v -2.855224 1.735979 4.401165
l 8221 8222
v -2.042300 1.750390 4.521117
v -1.997160 1.739207 4.502751
l 8223 8224
v -2.046513 1.753957 4.520440
v -2.064819 1.792365 4.494179
l 8225 8226
v -3.144480 1.351013 4.447323
v -3.104593 1.381098 4.445354
l 8227 8228
v -2.853303 1.739167 4.455693
v -2.834317 1.697494 4.475767
l 8229 8230
v -3.228030 1.772033 4.428173
v -3.178983 1.768735 4.437314
l 8231 8232
v -2.278180 1.680283 4.496343
v -2.260829 1.724015 4.479418
l 8233 8234
v -0.949863 -0.075444 1.579957
v -0.982256 -0.059997 1.545142
l 8235 8236
v -1.065150 -0.074411 1.768027
v -1.015636 -0.076807 1.774555
l 8237 8238
v -1.068313 -0.074559 1.764487
v -1.065982 -0.079495 1.714786
l 8239 8240
v -2.249520 1.744760 4.494683
v -2.234999 1.708740 4.463192
l 8241 8242
v -0.945585 -0.072528 1.764803
v -0.903200 -0.049873 1.778596
l 8243 8244
v -0.944611 -0.075644 1.580900
v -0.900961 -0.051590 1.576889
l 8245 8246
v -2.350187 0.938189 4.517520
v -2.350533 0.897359 4.488662
l 8247 8248
v -2.348000 0.940488 4.521023
v -2.310227 0.973126 4.523849
l 8249 8250
v 0.654372 2.538643 4.694020
v 0.652080 2.565983 4.652219
l 8251 8252
v 0.639506 2.224447 4.462403
v 0.627644 2.225559 4.413844
l 8253 8254
v 1.648530 0.452811 2.887243
v 1.635368 0.500119 2.877825
l 8255 8256
v 1.853437 2.636857 4.754553
v 1.822685 2.598081 4.747430
l 8257 8258
v 1.754270 2.047287 4.778027
v 1.765645 2.002866 4.758093
l 8259 8260
v 1.148967 1.848800 4.825337
v 1.151986 1.883679 4.789639
l 8261 8262
v 0.646979 2.229573 4.611210
v 0.692344 2.237915 4.591911
l 8263 8264
v 2.222057 0.628821 3.497743
v 2.259419 0.635022 3.465099
l 8265 8266
v 2.584977 1.784360 4.818663
v 2.551516 1.766268 4.786212
l 8267 8268
v 1.918043 2.411930 4.770520
v 1.945654 2.371560 4.760130
l 8269 8270
v 1.913953 2.414367 4.770217
v 1.869271 2.406736 4.749115
l 8271 8272
v 2.517800 1.848450 4.753480
v 2.530656 1.865503 4.708270
l 8273 8274
v -0.354672 0.754488 4.685630
v -0.394223 0.725820 4.674957
l 8275 8276
v 1.882490 1.759207 4.796617
v 1.906516 1.782109 4.759224
l 8277 8278
v -0.350619 0.618968 4.664743
v -0.329903 0.625221 4.619669
l 8279 8280
v 2.659767 1.959063 4.821440
v 2.613588 1.977908 4.824963
l 8281 8282
v 1.553540 2.048977 4.846527
v 1.564103 2.022533 4.805427
l 8283 8284
v 1.554017 0.742928 2.853290
v 1.574234 0.776254 2.821975
l 8285 8286
v 2.226197 0.530341 3.503793
v 2.257820 0.531850 3.465093
l 8287 8288
v 1.998063 1.669840 4.830950
v 1.972752 1.631218 4.850126
l 8289 8290
v 2.206320 0.806129 3.457703
v 2.235653 0.803415 3.417303
l 8291 8292
v -0.858733 1.243053 4.643520
v -0.857158 1.225680 4.596662
l 8293 8294
v -0.770475 0.990014 4.643140
v -0.721156 0.985047 4.636582
l 8295 8296
v -0.556242 0.828503 4.662743
v -0.549919 0.786322 4.636651
l 8297 8298
v -0.862551 1.053490 4.648800
v -0.859968 1.042275 4.600142
l 8299 8300
v -0.805097 1.097957 4.655283
v -0.831060 1.107045 4.613530
l 8301 8302
v 0.082963 1.408943 4.188460
v 0.124027 1.418400 4.161548
l 8303 8304
v 0.102946 1.340200 4.231780
v 0.069990 1.303240 4.224864
l 8305 8306
v -0.909458 0.961945 4.643257
v -0.884356 0.958829 4.600127
l 8307 8308
v -1.050697 0.723338 4.632543
v -1.002051 0.731140 4.641070
l 8309 8310
v -0.940866 0.745319 4.639227
v -0.952808 0.740391 4.590924
l 8311 8312
v -0.774529 0.990736 4.640330
v -0.800046 1.022576 4.611431
l 8313 8314
v -0.774414 0.987392 4.643730
v -0.784830 0.938552 4.646198
l 8315 8316
v -0.147321 0.362042 4.686400
v -0.157816 0.409094 4.673132
l 8317 8318
v -0.150726 0.356599 4.686270
v -0.197325 0.345932 4.671613
l 8319 8320
v -0.145783 0.357327 4.684940
v -0.108249 0.334416 4.661142
l 8321 8322
v 0.075511 0.644455 4.675953
v 0.044194 0.642741 4.637013
l 8323 8324
v 0.080634 0.645979 4.677700
v 0.120122 0.673355 4.663870
l 8325 8326
v -0.448216 0.357908 4.663810
v -0.403622 0.361561 4.641493
l 8327 8328
v -0.247015 -0.086538 0.938889
v -0.250034 -0.059132 0.897178
l 8329 8330
v 0.763149 1.752123 4.729567
v 0.730933 1.715790 4.717649
l 8331 8332
v 0.767706 1.754200 4.727963
v 0.814321 1.746503 4.711598
l 8333 8334
v 0.763950 1.757010 4.729550
v 0.740016 1.798535 4.715308
l 8335 8336
v -0.441787 0.815049 4.682857
v -0.395192 0.830211 4.672907
l 8337 8338
v -0.272520 0.946671 4.693677
v -0.238542 0.909995 4.693103
l 8339 8340
v -0.453996 0.759373 4.677100
v -0.464401 0.802903 4.654810
l 8341 8342
v -0.349997 0.753771 4.686117
v -0.316291 0.716923 4.683640
l 8343 8344
v -0.351764 0.757315 4.683147
v -0.342720 0.801113 4.660787
l 8345 8346
v -0.272595 0.951573 4.693190
v -0.239608 0.988309 4.685295
l 8347 8348
v -0.344275 0.842436 4.690647
v -0.340209 0.815745 4.648563
l 8349 8350
v -0.064383 0.375654 4.689443
v -0.101223 0.381493 4.656146
l 8351 8352
v -0.062461 0.372786 4.692903
v -0.035168 0.330931 4.694690
l 8353 8354
v -0.043889 0.709540 4.687827
v -0.023511 0.663903 4.689239
l 8355 8356
v -0.030304 0.616300 4.685347
v 0.002388 0.636831 4.653571
l 8357 8358
v 0.112518 0.593000 4.508693
v 0.159347 0.580081 4.496856
l 8359 8360
v -0.449172 0.648503 4.656440
v -0.410349 0.640112 4.626069
l 8361 8362
v -0.562794 0.345874 4.651240
v -0.555315 0.305593 4.622578
l 8363 8364
v 0.022516 0.390109 4.697377
v 0.054777 0.367151 4.666845
l 8365 8366
v 2.567813 1.620767 4.790910
v 2.599122 1.595428 4.761284
l 8367 8368
v 1.949420 1.655210 4.810127
v 1.958382 1.694044 4.779933
l 8369 8370
v 1.946760 1.651957 4.812360
v 1.916994 1.614370 4.798175
l 8371 8372
v 1.875803 1.754220 4.792800
v 1.852633 1.710421 4.786107
l 8373 8374
v 1.871267 1.761437 4.790077
v 1.897887 1.786729 4.756140
l 8375 8376
v 0.074424 0.803614 4.671143
v 0.045281 0.789319 4.633113
l 8377 8378
v 0.077719 0.807686 4.672790
v 0.101095 0.849769 4.659278
l 8379 8380
v 2.212450 0.761644 3.501677
v 2.192765 0.731248 3.467200
l 8381 8382
v 2.044630 1.709187 4.798463
v 2.086594 1.723493 4.775347
l 8383 8384
v 2.039143 1.708810 4.798963
v 1.997567 1.725402 4.776689
l 8385 8386
v 2.009517 1.564297 4.826563
v 1.983243 1.556321 4.784777
l 8387 8388
v 2.000017 1.671893 4.826390
v 1.994996 1.670136 4.776674
l 8389 8390
v 2.231590 0.454747 3.351800
v 2.196050 0.489689 3.355790
l 8391 8392
v 2.235253 0.452653 3.349437
v 2.240583 0.424406 3.308526
l 8393 8394
v 0.078240 1.407010 4.189043
v 0.041955 1.385257 4.162393
l 8395 8396
v 0.136672 0.030256 4.655057
v 0.126814 0.076528 4.638881
l 8397 8398
v 0.043561 0.065146 4.691630
v 0.090785 0.061597 4.675589
l 8399 8400
v 0.041252 0.075258 4.691610
v 0.072878 0.088097 4.655073
l 8401 8402
v 2.237857 0.556958 3.256087
v 2.257905 0.516088 3.235406
l 8403 8404
v 2.236527 0.651843 3.242970
v 2.266375 0.677365 3.212023
l 8405 8406
v 2.229887 0.651451 3.242677
v 2.200075 0.673421 3.209082
l 8407 8408
v 1.646500 0.553658 2.883530
v 1.660405 0.510491 2.862476
l 8409 8410
v 2.163667 0.874796 3.253223
v 2.127002 0.889164 3.222414
l 8411 8412
v 2.230727 0.648557 3.344453
v 2.200012 0.610885 3.356175
l 8413 8414
v 2.234133 0.650141 3.341527
v 2.235242 0.672611 3.296874
l 8415 8416
v 1.853597 0.841904 2.916280
v 1.853237 0.844837 2.866367
l 8417 8418
v 0.462883 -0.058867 1.824037
v 0.481386 -0.044943 1.779722
l 8419 8420
v 0.460695 -0.063175 1.826653
v 0.437409 -0.107169 1.821936
l 8421 8422
v 0.459257 -0.057360 1.827880
v 0.418425 -0.030391 1.838145
l 8423 8424
v 1.736670 0.082141 2.899933
v 1.689777 0.082962 2.917264
l 8425 8426
v 2.234630 0.449417 3.259880
v 2.199380 0.423745 3.284343
l 8427 8428
v 2.236967 0.448546 3.253763
v 2.224182 0.414518 3.219432
l 8429 8430
v 2.219567 0.530453 3.503700
v 2.189121 0.533038 3.464123
l 8431 8432
v 2.225180 0.448298 3.450843
v 2.178776 0.444512 3.469073
l 8433 8434
v 1.328443 -0.014134 2.879290
v 1.316573 0.034404 2.877514
l 8435 8436
v 1.658653 0.060426 2.867487
v 1.670345 0.100731 2.840306
l 8437 8438
v 1.655750 0.056408 2.868667
v 1.615708 0.031846 2.851540
l 8439 8440
v 0.122403 0.704811 4.513217
v 0.126074 0.752506 4.498666
l 8441 8442
v 0.112961 0.673758 4.577367
v 0.120865 0.639603 4.541716
l 8443 8444
v 0.080413 0.453838 4.688303
v 0.126214 0.447997 4.669118
l 8445 8446
v -0.020377 0.123243 4.700877
v -0.013853 0.121012 4.651354
l 8447 8448
v -0.028040 0.136450 4.695900
v -0.016485 0.119937 4.650142
l 8449 8450
v -0.135155 0.195195 4.686867
v -0.124129 0.209012 4.640096
l 8451 8452
v -0.042352 0.158028 4.693027
v -0.041764 0.196755 4.661406
l 8453 8454
v -0.045252 0.240668 4.693877
v -0.007323 0.271691 4.683929
l 8455 8456
v 0.064403 0.154322 4.701753
v 0.044246 0.109709 4.691588
l 8457 8458
v -0.046469 0.234859 4.693110
v -0.023399 0.194911 4.673825
l 8459 8460
v -0.050069 0.238860 4.691860
v -0.091622 0.250874 4.666780
l 8461 8462
v 0.021577 0.393653 4.700363
v 0.007712 0.441442 4.695464
l 8463 8464
v 0.098421 0.232479 4.646577
v 0.065989 0.200261 4.626324
l 8465 8466
v 0.097002 0.132760 4.666423
v 0.051078 0.113019 4.665302
l 8467 8468
v 0.102039 0.741592 4.680660
v 0.102472 0.692164 4.673126
l 8469 8470
v 0.111066 0.208380 4.568447
v 0.121436 0.256251 4.558405
l 8471 8472
v 0.099274 0.447933 4.627083
v 0.101232 0.402904 4.605437
l 8473 8474
v 0.100848 0.452385 4.626137
v 0.126898 0.474481 4.589624
l 8475 8476
v -0.156028 0.586147 4.675160
v -0.196200 0.583922 4.645473
l 8477 8478
v 1.255610 1.945550 4.823797
v 1.250038 1.946444 4.774116
l 8479 8480
v -0.154027 0.573403 4.680787
v -0.172224 0.527579 4.672481
l 8481 8482
v -0.148404 0.582188 4.680060
v -0.100564 0.571633 4.670060
l 8483 8484
v 1.358403 1.561173 4.843263
v 1.351114 1.605100 4.820519
l 8485 8486
v -1.264627 0.150494 4.606087
v -1.245892 0.185185 4.575337
l 8487 8488
v -1.265337 0.145693 4.607917
v -1.251653 0.098371 4.599350
l 8489 8490
v 0.107163 0.640742 4.640817
v 0.131681 0.657004 4.600389
l 8491 8492
v -0.773312 0.154635 4.645220
v -0.736469 0.188395 4.646911
l 8493 8494
v -1.489447 0.366455 4.595287
v -1.486931 0.415478 4.585778
l 8495 8496
v -1.332000 0.439938 4.602867
v -1.283471 0.449334 4.610393
l 8497 8498
v -1.035957 0.553123 4.619770
v -1.080412 0.532601 4.609641
l 8499 8500
v -1.852273 0.367629 4.566730
v -1.877909 0.363868 4.523967
l 8501 8502
v -1.524070 0.748143 4.595097
v -1.496737 0.759444 4.554782
l 8503 8504
v -1.539380 0.909398 4.604107
v -1.528237 0.913036 4.555500
l 8505 8506
v -1.342640 0.729937 4.593960
v -1.306746 0.734915 4.559509
l 8507 8508
v -1.346063 0.718144 4.589360
v -1.309225 0.718501 4.555555
l 8509 8510
v -1.355960 0.714543 4.585640
v -1.390053 0.688846 4.559614
l 8511 8512
v -0.866680 1.441963 4.640027
v -0.879328 1.452999 4.592928
l 8513 8514
v -1.849847 0.365716 4.570570
v -1.810052 0.336446 4.578290
l 8515 8516
v -2.439500 0.163073 4.533330
v -2.403207 0.157597 4.499376
l 8517 8518
v -2.246033 0.151949 4.551623
v -2.210936 0.187490 4.553859
l 8519 8520
v -1.421350 0.450901 4.595477
v -1.426814 0.436343 4.547956
l 8521 8522
v -0.842200 -0.060751 2.278867
v -0.877341 -0.048795 2.245369
l 8523 8524
v -2.439187 0.640291 4.520317
v -2.395220 0.664100 4.520115
l 8525 8526
v -1.576307 0.156952 4.591470
v -1.539737 0.132443 4.567764
l 8527 8528
v -1.577587 0.160984 4.594117
v -1.582909 0.210153 4.586758
l 8529 8530
v -1.757610 0.049955 4.576807
v -1.758658 0.086214 4.542394
l 8531 8532
v -1.755483 0.047090 4.579973
v -1.722308 0.009746 4.577788
l 8533 8534
v -1.557497 0.246035 4.593640
v -1.523698 0.227073 4.562047
l 8535 8536
v -1.560273 0.057253 4.590923
v -1.590292 0.023141 4.570060
l 8537 8538
v -1.337383 0.065302 4.602227
v -1.367804 0.046520 4.567272
l 8539 8540
v -1.438270 0.336904 4.599713
v -1.469713 0.356904 4.566377
l 8541 8542
v -1.434830 0.337601 4.603017
v -1.385586 0.346252 4.602610
l 8543 8544
v -1.444657 0.145142 4.605750
v -1.410289 0.154419 4.570639
l 8545 8546
v -1.334227 0.064393 4.605767
v -1.285632 0.053062 4.608946
l 8547 8548
v -1.347167 -0.035609 4.557533
v -1.305269 -0.050352 4.534572
l 8549 8550
v -1.155943 0.052921 4.615603
v -1.122122 0.089331 4.621117
l 8551 8552
v -1.421403 -0.026050 4.574643
v -1.394566 0.003259 4.544299
l 8553 8554
v -1.227157 0.003601 4.593573
v -1.225444 0.035515 4.555121
l 8555 8556
v -0.689445 -0.063277 2.339267
v -0.704365 -0.094855 2.303487
l 8557 8558
v -1.236090 -0.026473 4.559137
v -1.195592 -0.048308 4.539562
l 8559 8560
v -1.241440 -0.026610 4.559137
v -1.280984 -0.050272 4.539735
l 8561 8562
v -0.643045 -0.072316 1.816147
v -0.653011 -0.096512 1.773541
l 8563 8564
v -0.043869 -0.067622 1.749833
v 0.000476 -0.088318 1.739576
l 8565 8566
v -0.021396 -0.062454 1.975677
v 0.006115 -0.089995 1.944297
l 8567 8568
v -1.143777 -0.029387 4.569823
v -1.171874 -0.069418 4.559429
l 8569 8570
v -0.900801 -0.026005 4.562410
v -0.935055 -0.049798 4.534832
l 8571 8572
v -1.505313 0.240129 4.597923
v -1.484677 0.255089 4.554908
l 8573 8574
v -1.557577 0.061669 4.589857
v -1.537554 0.092903 4.556338
l 8575 8576
v -1.342497 0.150013 4.607557
v -1.302771 0.145688 4.577504
l 8577 8578
v 0.252192 0.551909 2.803927
v 0.229580 0.507741 2.810081
l 8579 8580
v -1.848057 0.140527 4.576793
v -1.847327 0.103897 4.542768
l 8581 8582
v -2.050610 0.548908 4.551897
v -2.078405 0.509315 4.539256
l 8583 8584
v -1.947053 0.244029 4.564643
v -1.943679 0.204082 4.534762
l 8585 8586
v -1.943477 0.247985 4.567597
v -1.897449 0.265637 4.559237
l 8587 8588
v 0.208625 0.087319 3.012020
v 0.239618 0.125116 3.001497
l 8589 8590
v 0.205242 0.083794 3.011657
v 0.155422 0.080571 3.014416
l 8591 8592
v -2.256350 0.455507 4.537663
v -2.282799 0.457236 4.495267
l 8593 8594
v -2.254180 0.453240 4.541373
v -2.217899 0.419328 4.547178
l 8595 8596
v -1.050783 -0.077862 1.544797
v -1.019542 -0.062920 1.508731
l 8597 8598
v -0.308949 -0.059731 2.200867
v -0.354200 -0.062051 2.179726
l 8599 8600
v -0.304433 -0.059581 2.199463
v -0.280966 -0.059648 2.155312
l 8601 8602
v -0.821153 -0.062226 2.025280
v -0.783993 -0.030937 2.037116
l 8603 8604
v -0.628069 -0.068239 1.937417
v -0.662979 -0.071956 1.901815
l 8605 8606
v -0.653149 -0.062417 2.124100
v -0.682662 -0.063286 2.083749
l 8607 8608
v -0.648458 -0.062615 2.125127
v -0.606001 -0.066623 2.099024
l 8609 8610
v -0.822620 -0.065740 2.022427
v -0.843749 -0.068512 1.977195
l 8611 8612
v -0.143591 -0.080451 1.337420
v -0.162269 -0.096563 1.293928
l 8613 8614
v -0.140911 -0.075871 1.339760
v -0.124936 -0.030071 1.327630
l 8615 8616
v -0.043063 -0.100716 0.551564
v -0.032987 -0.122529 0.507716
l 8617 8618
v -0.138410 -0.084992 1.250253
v -0.097963 -0.114379 1.250895
l 8619 8620
v -0.282522 -0.100839 0.623018
v -0.276675 -0.107823 0.573855
l 8621 8622
v 0.447741 0.816967 2.794177
v 0.405448 0.793885 2.780812
l 8623 8624
v -0.683749 -0.055291 2.337510
v -0.686301 -0.005596 2.332616
l 8625 8626
v -0.701171 -0.054827 2.341497
v -0.697356 -0.005011 2.343460
l 8627 8628
v -0.838112 -0.086629 1.256590
v -0.797037 -0.089326 1.228208
l 8629 8630
v 0.196709 0.156091 3.038503
v 0.185808 0.204078 3.029650
l 8631 8632
v -0.241791 -0.074642 1.560537
v -0.207726 -0.081114 1.524513
l 8633 8634
v -0.625811 -0.064660 1.939743
v -0.589182 -0.030637 1.938884
l 8635 8636
v -0.336482 -0.078231 1.464037
v -0.363962 -0.077454 1.422272
l 8637 8638
v 0.949871 0.836632 2.819997
v 0.954637 0.880831 2.797111
l 8639 8640
v 0.339570 -0.080819 1.143393
v 0.297859 -0.095068 1.119789
l 8641 8642
v 0.245045 -0.086906 0.744620
v 0.201581 -0.062247 0.746301
l 8643 8644
v 0.151736 -0.091307 0.743708
v 0.194423 -0.096909 0.718283
l 8645 8646
v 0.146823 -0.090255 0.743833
v 0.104612 -0.085678 0.717427
l 8647 8648
v 0.348727 -0.087262 0.746042
v 0.339409 -0.038450 0.751571
l 8649 8650
v 0.351633 -0.090254 0.743232
v 0.362950 -0.107856 0.697821
l 8651 8652
v -0.053481 -0.091087 0.844452
v -0.017963 -0.092365 0.809284
l 8653 8654
v -0.056000 -0.087673 0.846674
v -0.096217 -0.058041 0.844523
l 8655 8656
v 0.152394 -0.096640 0.646962
v 0.122625 -0.122005 0.615810
l 8657 8658
v 0.153381 -0.092086 0.647772
v 0.138197 -0.048525 0.628488
l 8659 8660
v 0.348075 -0.087726 0.643315
v 0.359246 -0.055188 0.607031
l 8661 8662
v 0.345039 -0.091523 0.644807
v 0.296530 -0.099620 0.653826
l 8663 8664
v -0.047643 -0.085160 1.038863
v -0.014052 -0.084370 1.001836
l 8665 8666
v 0.313432 -0.093081 0.468121
v 0.277173 -0.059446 0.460777
l 8667 8668
v 0.316323 -0.096564 0.466095
v 0.355223 -0.098747 0.434757
l 8669 8670
v 0.313021 -0.099693 0.468072
v 0.272883 -0.128465 0.460257
l 8671 8672
v -1.208917 -0.067893 1.954017
v -1.171407 -0.043478 1.931725
l 8673 8674
v 0.459060 -0.085167 0.838850
v 0.438996 -0.077536 0.793692
l 8675 8676
v -0.041308 -0.078003 1.345377
v -0.008242 -0.075735 1.307940
l 8677 8678
v -0.249035 -0.096211 0.743230
v -0.281446 -0.095487 0.705164
l 8679 8680
v -0.146651 -0.103317 0.447026
v -0.105022 -0.104422 0.419352
l 8681 8682
v 0.163742 -0.102239 0.474162
v 0.133558 -0.129978 0.445536
l 8683 8684
v 0.164296 -0.095633 0.474365
v 0.139290 -0.061572 0.447633
l 8685 8686
v 0.050530 -0.100088 0.441093
v 0.040846 -0.071718 0.401075
l 8687 8688
v 0.205741 -0.105020 0.288977
v 0.191033 -0.104727 0.241190
l 8689 8690
v 0.047713 -0.110955 0.190337
v 0.004336 -0.089372 0.177985
l 8691 8692
v 0.146658 -0.101515 0.433975
v 0.152461 -0.098305 0.384417
l 8693 8694
v 0.265937 -0.100750 0.385926
v 0.259620 -0.104494 0.336468
l 8695 8696
v 0.236933 -0.093226 0.431431
v 0.267149 -0.065473 0.402851
l 8697 8698
v 0.232582 -0.093625 0.433780
v 0.202608 -0.060660 0.456471
l 8699 8700
v -0.229420 -0.105801 0.351425
v -0.182280 -0.110884 0.367299
l 8701 8702
v -0.233245 -0.108728 0.350059
v -0.251830 -0.141455 0.317141
l 8703 8704
v -0.232366 -0.102222 0.349531
v -0.242360 -0.071393 0.311456
l 8705 8706
v -0.140939 -0.095939 0.581573
v -0.167997 -0.053896 0.581062
l 8707 8708
v -0.137815 -0.099424 0.579684
v -0.112543 -0.108755 0.537562
l 8709 8710
v 0.952952 -0.061547 1.437440
v 0.903932 -0.060218 1.447201
l 8711 8712
v 0.247713 -0.091966 0.540744
v 0.246357 -0.045345 0.522727
l 8713 8714
v -0.434841 -0.094508 0.656309
v -0.387905 -0.093117 0.673487
l 8715 8716
v 0.246166 -0.087816 0.848899
v 0.206061 -0.089897 0.819111
l 8717 8718
v -0.670536 -0.073595 1.651893
v -0.671131 -0.123140 1.645185
l 8719 8720
v -0.668469 -0.069570 1.649760
v -0.667214 -0.039749 1.609646
l 8721 8722
v -0.446774 -0.065620 1.968300
v -0.397009 -0.064919 1.963516
l 8723 8724
v -0.450563 -0.065843 1.965373
v -0.457717 -0.068507 1.915960
l 8725 8726
v -0.046652 -0.064245 1.751860
v -0.055472 -0.015251 1.747199
l 8727 8728
v 0.055627 -0.077888 1.241107
v 0.063943 -0.055446 1.197206
l 8729 8730
v -0.146954 -0.074992 1.437863
v -0.103454 -0.050651 1.433955
l 8731 8732
v -0.056467 -0.081432 1.245460
v -0.019147 -0.086876 1.212633
l 8733 8734
v 0.344237 -0.079848 1.143553
v 0.382059 -0.080547 1.110858
l 8735 8736
v 0.352288 -0.066033 1.535930
v 0.362852 -0.019039 1.522516
l 8737 8738
v 0.245483 -0.061986 1.718267
v 0.241289 -0.035120 1.676307
l 8739 8740
v -0.045528 -0.073227 1.410500
v -0.044239 -0.040702 1.372547
l 8741 8742
v -0.045482 -0.079846 1.410277
v -0.043755 -0.109720 1.370220
l 8743 8744
v -0.543551 -0.089566 1.036703
v -0.556545 -0.070977 0.992143
l 8745 8746
v -0.539759 -0.088994 1.040840
v -0.497081 -0.066366 1.053745
l 8747 8748
v -0.246718 -0.092279 0.849680
v -0.208467 -0.100243 0.818481
l 8749 8750
v -0.246571 -0.101839 0.543325
v -0.217247 -0.091037 0.504294
l 8751 8752
v -0.251195 -0.102373 0.544787
v -0.296680 -0.098947 0.524310
l 8753 8754
v -0.508263 -0.102014 0.692014
v -0.541262 -0.124035 0.661582
l 8755 8756
v -0.411585 -0.100862 0.579685
v -0.397473 -0.101326 0.531720
l 8757 8758
v -0.751926 -0.088757 1.146057
v -0.732246 -0.083574 1.100386
l 8759 8760
v -0.750539 -0.089111 1.150580
v -0.706578 -0.089222 1.174402
l 8761 8762
v -0.258756 -0.078807 1.464790
v -0.297982 -0.076801 1.433850
l 8763 8764
v -0.444122 -0.102346 0.670405
v -0.456648 -0.144008 0.645760
l 8765 8766
v -0.151431 -0.103694 0.446805
v -0.185304 -0.111467 0.410857
l 8767 8768
v 0.057902 -0.101106 0.494886
v 0.054113 -0.105858 0.445256
l 8769 8770
v 0.150244 -0.098991 0.540863
v 0.136966 -0.127073 0.501683
l 8771 8772
v 0.152313 -0.093910 0.542211
v 0.167952 -0.050999 0.521861
l 8773 8774
v -0.350819 -0.091954 1.039873
v -0.346044 -0.118079 0.997510
l 8775 8776
v 0.142956 -0.101594 0.436960
v 0.092992 -0.099960 0.437954
l 8777 8778
v -0.121382 -0.110530 0.192539
v -0.096742 -0.072743 0.214104
l 8779 8780
v 0.052345 -0.111910 0.188359
v 0.085050 -0.108925 0.150657
l 8781 8782
v -0.049609 -0.097052 0.646841
v -0.015651 -0.101089 0.610364
l 8783 8784
v 0.058589 -0.097490 0.497995
v 0.065690 -0.048593 0.505653
l 8785 8786
v 0.045129 -0.104415 0.343640
v -0.002662 -0.090663 0.348827
l 8787 8788
v -0.208599 -0.105585 0.287618
v -0.207310 -0.057759 0.302144
l 8789 8790
v 0.150081 -0.101308 0.339347
v 0.161940 -0.066645 0.305320
l 8791 8792
v 0.146698 -0.104955 0.340760
v 0.097689 -0.110133 0.349204
l 8793 8794
v 0.150755 -0.107799 0.339277
v 0.169399 -0.138548 0.304536
l 8795 8796
v 0.048757 -0.106112 0.341042
v 0.078483 -0.087794 0.305254
l 8797 8798
v 0.224118 -0.102921 0.351567
v 0.207617 -0.098198 0.304605
l 8799 8800
v 0.223583 -0.101198 0.422822
v 0.175547 -0.108689 0.411144
l 8801 8802
v -0.029482 0.053157 0.156126
v 0.019626 0.054516 0.146818
l 8803 8804
v -0.033822 0.053599 0.153602
v -0.064291 0.034908 0.118640
l 8805 8806
v 0.047794 -0.095027 0.647036
v 0.009655 -0.097869 0.614828
l 8807 8808
v -0.151800 -0.100723 0.533740
v -0.143374 -0.103466 0.484531
l 8809 8810
v -0.067534 -0.098117 0.515842
v -0.075124 -0.048806 0.519136
l 8811 8812
v -0.066303 -0.101902 0.512306
v -0.055700 -0.109543 0.464044
l 8813 8814
v -0.246753 -0.099587 0.745612
v -0.206652 -0.129340 0.748188
l 8815 8816
v -0.152176 -0.092920 0.848311
v -0.186975 -0.095384 0.812492
l 8817 8818
v -0.349128 -0.102621 0.547417
v -0.328752 -0.108824 0.502180
l 8819 8820
v 0.245862 -0.093512 0.744860
v 0.209690 -0.127819 0.748684
l 8821 8822
v -0.081786 0.119424 0.283495
v -0.056782 0.134635 0.242955
l 8823 8824
v -0.431871 -0.097892 0.625172
v -0.438324 -0.054935 0.600412
l 8825 8826
v 0.140283 -0.107927 0.246866
v 0.098753 -0.103700 0.219345
l 8827 8828
v -0.321408 -0.103479 0.466477
v -0.292884 -0.105652 0.425468
l 8829 8830
v -0.147748 -0.097592 0.645050
v -0.165289 -0.098798 0.598243
l 8831 8832
v -0.249365 -0.103801 0.442019
v -0.218109 -0.108982 0.403338
l 8833 8834
v -0.149570 -0.095066 0.747492
v -0.116523 -0.093822 0.709990
l 8835 8836
v -0.500911 -0.102214 0.692946
v -0.466151 -0.138126 0.691515
l 8837 8838
v -0.232530 -0.097176 0.588726
v -0.257916 -0.066599 0.558384
l 8839 8840
v -0.348573 -0.101046 0.624176
v -0.386723 -0.102112 0.591874
l 8841 8842
v -0.350602 -0.085327 1.040497
v -0.343889 -0.052135 1.003710
l 8843 8844
v -0.243583 -0.098921 0.647238
v -0.194082 -0.094115 0.642085
l 8845 8846
v -0.231929 -0.103377 0.589382
v -0.250429 -0.143829 0.566549
l 8847 8848
v -0.227826 -0.099796 0.589558
v -0.178937 -0.096096 0.579749
l 8849 8850
v 0.448356 -0.087470 0.741605
v 0.415993 -0.086979 0.703495
l 8851 8852
v -0.147446 -0.093359 0.848476
v -0.105665 -0.116992 0.834482
l 8853 8854
v -0.345134 -0.100706 0.745332
v -0.307375 -0.132528 0.753179
l 8855 8856
v -0.345167 -0.094106 0.745497
v -0.307719 -0.062347 0.754933
l 8857 8858
v -0.347312 -0.097348 0.742673
v -0.373020 -0.096402 0.699798
l 8859 8860
v -0.248401 -0.087249 1.040833
v -0.214656 -0.087401 1.003938
l 8861 8862
v -0.149203 -0.102798 0.338912
v -0.147915 -0.069630 0.301520
l 8863 8864
v -0.149200 -0.109423 0.338517
v -0.147884 -0.137914 0.297449
l 8865 8866
v -0.148752 -0.082652 1.043760
v -0.166624 -0.038275 1.029225
l 8867 8868
v -0.764148 -0.083840 1.345730
v -0.730762 -0.091960 1.309405
l 8869 8870
v 0.193304 0.743137 2.973407
v 0.160489 0.705882 2.979347
l 8871 8872
v 0.194077 0.748199 2.972880
v 0.177567 0.791701 2.954576
l 8873 8874
v 0.344494 0.448908 2.814433
v 0.310349 0.442196 2.778530
l 8875 8876
v 0.834379 -0.070070 1.251380
v 0.790382 -0.088407 1.266479
l 8877 8878
v 2.220217 0.453508 3.506923
v 2.189256 0.464171 3.469138
l 8879 8880
v 0.098885 0.745151 4.680030
v 0.054248 0.766499 4.672830
l 8881 8882
v -0.049110 -0.068556 1.749930
v -0.087583 -0.083244 1.721573
l 8883 8884
v 0.056370 -0.084376 1.037980
v 0.024632 -0.073747 1.000836
l 8885 8886
v -0.148869 -0.073612 1.541970
v -0.190528 -0.077401 1.514581
l 8887 8888
v -0.146221 -0.070032 1.543617
v -0.108295 -0.039068 1.533474
l 8889 8890
v -0.145835 -0.076679 1.543950
v -0.104533 -0.103921 1.536737
l 8891 8892
v -0.056712 -0.071918 1.634320
v -0.081712 -0.115088 1.630946
l 8893 8894
v 0.207411 -0.064500 1.863500
v 0.188246 -0.099795 1.833718
l 8895 8896
v 0.441757 -0.070656 1.557583
v 0.423212 -0.097415 1.519635
l 8897 8898
v 0.443751 -0.065072 1.558770
v 0.436156 -0.019906 1.538712
l 8899 8900
v -0.021842 -0.055803 1.975630
v 0.001766 -0.025284 1.943831
l 8901 8902
v -0.853335 -0.081144 1.341610
v -0.858179 -0.049605 1.303116
l 8903 8904
v -0.854433 -0.086985 1.343087
v -0.854775 -0.129143 1.316205
l 8905 8906
v -1.756037 0.367702 4.576457
v -1.758258 0.410426 4.550577
l 8907 8908
v -0.646423 -0.070573 1.737730
v -0.617220 -0.071519 1.697156
l 8909 8910
v -0.859999 -0.077970 1.564927
v -0.826714 -0.080117 1.527677
l 8911 8912
v -0.856104 -0.073959 1.723183
v -0.869184 -0.074527 1.674928
l 8913 8914
v -0.850269 -0.080765 1.465957
v -0.879229 -0.083614 1.425297
l 8915 8916
v -0.845572 -0.080778 1.467197
v -0.801644 -0.084033 1.443538
l 8917 8918
v -0.334610 -0.081619 1.466917
v -0.296649 -0.113440 1.473727
l 8919 8920
v -0.908341 -0.088837 1.279600
v -0.862733 -0.099779 1.262275
l 8921 8922
v -0.190059 -0.062865 1.910687
v -0.161061 -0.060974 1.869998
l 8923 8924
v -2.834110 0.751891 4.482217
v -2.848162 0.706387 4.466990
l 8925 8926
v -2.829950 0.755903 4.480593
v -2.786733 0.758559 4.455588
l 8927 8928
v -0.449771 -0.096557 0.940342
v -0.435090 -0.142691 0.927849
l 8929 8930
v -0.451787 -0.091629 0.937870
v -0.463561 -0.073113 0.892941
l 8931 8932
v -0.447763 -0.091446 0.941922
v -0.405125 -0.068113 0.953653
l 8933 8934
v -0.251447 -0.092439 0.849333
v -0.284712 -0.102676 0.813436
l 8935 8936
v -0.049186 -0.091322 0.746012
v -0.082699 -0.094525 0.709045
l 8937 8938
v -0.449877 -0.088076 1.037767
v -0.434271 -0.065185 0.996144
l 8939 8940
v 0.038513 -0.077269 1.357527
v 0.003254 -0.072346 1.322419
l 8941 8942
v 0.539347 -0.078910 1.054537
v 0.511192 -0.074623 1.013440
l 8943 8944
v 0.244999 -0.077336 1.125237
v 0.249156 -0.043310 1.088837
l 8945 8946
v 0.245333 -0.083949 1.124677
v 0.252563 -0.110804 1.083125
l 8947 8948
v 0.251632 -0.078323 1.241260
v 0.219190 -0.078914 1.203219
l 8949 8950
v 0.154057 -0.087144 0.848958
v 0.145592 -0.040051 0.834449
l 8951 8952
v 0.018142 -0.070154 1.597503
v 0.047949 -0.072762 1.557444
l 8953 8954
v 0.852164 -0.062718 1.355667
v 0.835469 -0.021626 1.332585
l 8955 8956
v 0.259761 0.343729 2.818733
v 0.241437 0.297343 2.822275
l 8957 8958
v 0.263336 0.346761 2.814330
v 0.283340 0.332889 2.770656
l 8959 8960
v 0.554197 0.745539 2.821767
v 0.573164 0.699524 2.816981
l 8961 8962
v 1.657277 0.256200 2.889453
v 1.642864 0.223827 2.854179
l 8963 8964
v 1.668027 0.256178 2.891650
v 1.698821 0.269788 2.854684
l 8965 8966
v -0.470871 -0.050002 2.302800
v -0.491189 -0.004971 2.295093
l 8967 8968
v -0.154269 -0.063539 2.010013
v -0.147428 -0.110275 1.993613
l 8969 8970
v -0.151891 -0.058198 2.009357
v -0.119155 -0.033066 1.981129
l 8971 8972
v -0.157654 -0.059239 2.009917
v -0.201094 -0.042087 1.992061
l 8973 8974
v -0.013611 -0.056829 2.080780
v -0.057345 -0.060596 2.056840
l 8975 8976
v 0.747701 2.153210 4.704300
v 0.754096 2.159787 4.655149
l 8977 8978
v 0.444455 0.545603 2.818750
v 0.403033 0.546629 2.790766
l 8979 8980
v 0.117914 -0.012561 4.650153
v 0.155694 -0.036705 4.628023
l 8981 8982
v 0.115391 -0.007547 4.650357
v 0.119636 0.040525 4.637277
l 8983 8984
v 0.642402 0.746343 2.824263
v 0.601882 0.743187 2.795140
l 8985 8986
v 0.460755 -0.055012 1.938350
v 0.432001 -0.056516 1.897473
l 8987 8988
v 0.351122 0.812719 2.793347
v 0.347934 0.804928 2.744060
l 8989 8990
v 0.166177 0.726715 3.396447
v 0.155832 0.774127 3.384402
l 8991 8992
v 0.248031 0.745386 2.794847
v 0.247517 0.700067 2.773729
l 8993 8994
v -0.140899 -0.081732 1.247753
v -0.175051 -0.082750 1.211249
l 8995 8996
v -0.138466 -0.078332 1.250120
v -0.098519 -0.048267 1.249566
l 8997 8998
v 0.192816 0.158506 3.050697
v 0.180546 0.202742 3.030881
l 8999 9000
v 0.751017 -0.062717 1.653677
v 0.741447 -0.098157 1.619729
l 9001 9002
v 0.186461 0.183250 3.291590
v 0.147040 0.213943 3.289606
l 9003 9004
v 0.168182 0.329950 3.432793
v 0.175384 0.368610 3.401914
l 9005 9006
v 0.195264 0.743739 2.984030
v 0.166224 0.704437 2.994618
l 9007 9008
v 1.145337 -0.048562 1.840950
v 1.171921 -0.086980 1.823135
l 9009 9010
v 1.142270 -0.044286 1.839630
v 1.110055 -0.029085 1.804543
l 9011 9012
v -0.714198 -0.053893 2.351970
v -0.708200 -0.004262 2.351039
l 9013 9014
v -0.688093 -0.060948 2.238793
v -0.734049 -0.073931 2.223977
l 9015 9016
v 0.183164 0.211673 3.334117
v 0.148679 0.177872 3.321145
l 9017 9018
v 0.267163 0.653159 2.813647
v 0.296408 0.689038 2.794742
l 9019 9020
v 0.239035 0.836221 2.781833
v 0.235107 0.788039 2.769064
l 9021 9022
v 0.255974 0.652226 2.801347
v 0.280210 0.684656 2.772006
l 9023 9024
v 0.762999 -0.051874 1.870500
v 0.720695 -0.054392 1.843966
l 9025 9026
v 0.767688 -0.051797 1.869960
v 0.798864 -0.053340 1.830900
l 9027 9028
v 0.343074 0.345978 2.822657
v 0.296087 0.363021 2.823998
l 9029 9030
v 0.346498 0.342442 2.818873
v 0.339703 0.317941 2.775821
l 9031 9032
v 0.446316 0.444033 2.819870
v 0.441758 0.412917 2.780998
l 9033 9034
v 0.850615 0.446061 2.825393
v 0.856357 0.403016 2.800610
l 9035 9036
v 0.845756 0.450508 2.824880
v 0.806029 0.451075 2.794524
l 9037 9038
v 0.546873 0.542387 2.822783
v 0.544675 0.508102 2.786455
l 9039 9040
v 1.104340 -0.052785 1.595920
v 1.082717 -0.055874 1.550944
l 9041 9042
v 0.859490 1.646310 4.736467
v 0.896245 1.651988 4.703047
l 9043 9044
v 0.554731 0.814418 2.807363
v 0.565169 0.803979 2.759592
l 9045 9046
v 0.028991 -0.060823 1.868133
v 0.065854 -0.060842 1.834352
l 9047 9048
v 0.181101 0.565762 3.160877
v 0.176578 0.589808 3.117272
l 9049 9050
v 0.203464 0.476497 3.026347
v 0.239273 0.510421 3.018168
l 9051 9052
v 0.212912 0.151790 2.988527
v 0.216685 0.106260 2.968208
l 9053 9054
v 0.547601 0.346051 2.830377
v 0.511855 0.379372 2.819798
l 9055 9056
v 0.856965 -0.045830 2.649610
v 0.823227 -0.076617 2.629266
l 9057 9058
v 0.552016 0.447754 2.824727
v 0.592135 0.445049 2.795009
l 9059 9060
v 0.445627 0.347852 2.826023
v 0.441739 0.347879 2.776175
l 9061 9062
v 0.457262 0.807641 2.798610
v 0.467890 0.774323 2.762875
l 9063 9064
v 0.549498 0.450491 2.827767
v 0.514491 0.485964 2.823741
l 9065 9066
v 0.540421 0.817885 2.804243
v 0.547185 0.807474 2.755809
l 9067 9068
v 0.954907 0.810233 2.790520
v 0.967773 0.850567 2.763919
l 9069 9070
v 0.951595 0.808088 2.793643
v 0.903907 0.793068 2.793142
l 9071 9072
v 0.956105 0.806340 2.793173
v 0.977257 0.761776 2.785007
l 9073 9074
v 0.199186 0.854769 2.781830
v 0.229069 0.829231 2.750930
l 9075 9076
v 0.193963 0.855091 2.783883
v 0.148318 0.834986 2.780374
l 9077 9078
v 1.244980 0.810163 2.763247
v 1.245187 0.792297 2.716548
l 9079 9080
v 1.010523 0.847840 2.829637
v 0.963132 0.855570 2.843577
l 9081 9082
v 0.131386 1.253343 4.220350
v 0.110525 1.225082 4.184767
l 9083 9084
v 0.160748 0.555832 3.472413
v 0.158362 0.604295 3.460344
l 9085 9086
v 0.158605 0.550944 3.471653
v 0.138087 0.520653 3.437574
l 9087 9088
v 1.249830 0.655863 2.755387
v 1.241693 0.699706 2.732769
l 9089 9090
v 0.244805 0.556802 2.793577
v 0.248222 0.569976 2.745465
l 9091 9092
v 0.749334 0.750828 2.818323
v 0.716710 0.714058 2.827469
l 9093 9094
v 0.522664 0.831789 2.797307
v 0.473389 0.838556 2.792192
l 9095 9096
v 0.549987 0.748318 2.820553
v 0.502687 0.751966 2.804761
l 9097 9098
v 0.201903 0.743749 2.961590
v 0.200787 0.779548 2.926702
l 9099 9100
v 0.201129 0.738686 2.962117
v 0.189011 0.695054 2.940918
l 9101 9102
v 0.243693 0.840623 2.780370
v 0.285390 0.835567 2.753245
l 9103 9104
v 0.238726 0.841002 2.780467
v 0.203484 0.873816 2.767006
l 9105 9106
v 0.946568 0.834387 2.822830
v 0.901043 0.816457 2.833125
l 9107 9108
v 0.197236 0.784421 2.791127
v 0.224100 0.767021 2.752713
l 9109 9110
v 0.354076 0.802584 2.797423
v 0.342928 0.767128 2.763979
l 9111 9112
v -0.156045 -0.063286 1.849927
v -0.175445 -0.065253 1.803886
l 9113 9114
v -0.217212 -0.066538 1.917857
v -0.232583 -0.101491 1.885576
l 9115 9116
v -0.464204 -0.054886 2.293767
v -0.484951 -0.049234 2.248627
l 9117 9118
v -0.454237 -0.055355 2.293250
v -0.410824 -0.041950 2.272380
l 9119 9120
v 0.263572 0.448511 2.815460
v 0.251231 0.415933 2.779594
l 9121 9122
v 0.267184 0.451739 2.817430
v 0.309950 0.474717 2.805468
l 9123 9124
v 0.974949 0.763337 2.791017
v 1.008305 0.730766 2.772948
l 9125 9126
v -0.842809 -0.086755 1.255803
v -0.872493 -0.091320 1.215828
l 9127 9128
v 0.253810 0.450916 2.806037
v 0.280988 0.412882 2.788295
l 9129 9130
v 0.245096 0.451241 2.804517
v 0.218183 0.409594 2.810937
l 9131 9132
v 0.247183 0.454410 2.800920
v 0.251855 0.501280 2.784146
l 9133 9134
v -0.199610 -0.065814 1.915913
v -0.218280 -0.110873 1.904910
l 9135 9136
v -0.151674 -0.063334 1.851727
v -0.104378 -0.065886 1.835709
l 9137 9138
v -0.247807 -0.067994 1.848980
v -0.210110 -0.082257 1.819390
l 9139 9140
v -0.456876 -0.071515 1.827857
v -0.460677 -0.100387 1.787212
l 9141 9142
v -0.456594 -0.064896 1.828187
v -0.457763 -0.031914 1.790626
l 9143 9144
v 1.229090 -0.042188 1.957930
v 1.180047 -0.033105 1.961438
l 9145 9146
v 0.515943 -0.050421 1.981733
v 0.499165 -0.017177 1.948367
l 9147 9148
v -0.268668 -0.056315 2.307413
v -0.263893 -0.051026 2.257924
l 9149 9150
v 0.515753 -0.056991 1.981650
v 0.497109 -0.088344 1.947454
l 9151 9152
v 1.143533 -0.042612 1.972223
v 1.181582 -0.038642 1.940028
l 9153 9154
v 1.130230 -0.049939 1.645737
v 1.108738 -0.039020 1.601932
l 9155 9156
v -1.848330 2.245140 4.521503
v -1.879492 2.206099 4.523669
l 9157 9158
v 1.233090 -0.041054 1.954950
v 1.255529 -0.019228 1.915961
l 9159 9160
v 1.248787 0.650875 2.756443
v 1.216414 0.614519 2.745031
l 9161 9162
v 1.311690 0.354845 2.792163
v 1.286004 0.396790 2.783173
l 9163 9164
v 1.315003 0.351338 2.789917
v 1.348518 0.341028 2.754273
l 9165 9166
v 1.311133 0.349659 2.793140
v 1.276896 0.313667 2.798835
l 9167 9168
v 1.214873 -0.037583 2.327153
v 1.232384 -0.034628 2.280413
l 9169 9170
v 0.955968 -0.064119 1.434580
v 0.973091 -0.097399 1.401426
l 9171 9172
v 0.749835 -0.042642 2.636873
v 0.728013 -0.007843 2.608363
l 9173 9174
v 0.831008 -0.059309 1.532133
v 0.862155 -0.040778 1.497688
l 9175 9176
v 0.921572 -0.065639 1.346750
v 0.927594 -0.081725 1.299793
l 9177 9178
v 0.917591 -0.062472 1.350020
v 0.873872 -0.038990 1.343922
l 9179 9180
v 0.665666 -0.061019 1.670437
v 0.620665 -0.064074 1.648860
l 9181 9182
v 0.342694 -0.080983 1.248747
v 0.350166 -0.110159 1.208836
l 9183 9184
v 0.342732 -0.074321 1.248817
v 0.350542 -0.044397 1.209528
l 9185 9186
v 1.311467 -0.027190 2.622107
v 1.336667 -0.017031 2.580134
l 9187 9188
v 0.947756 -0.054225 1.662647
v 0.902003 -0.059026 1.643061
l 9189 9190
v 0.938664 -0.043692 2.012710
v 0.968753 -0.040707 1.972889
l 9191 9192
v 1.058453 -0.053472 1.559010
v 1.097736 -0.049933 1.528280
l 9193 9194
v 0.938665 -0.043221 1.923950
v 0.925932 0.004580 1.916677
l 9195 9196
v 0.670279 -0.060621 1.669310
v 0.696575 -0.057418 1.626904
l 9197 9198
v 1.127750 -0.051555 1.746970
v 1.092863 -0.086143 1.737667
l 9199 9200
v 1.184887 2.709030 4.777310
v 1.206459 2.742451 4.747017
l 9201 9202
v 0.977486 2.645347 4.715490
v 0.941149 2.669610 4.691182
l 9203 9204
v 1.440943 2.419917 4.823457
v 1.470180 2.395121 4.791357
l 9205 9206
v 1.437040 2.420910 4.825933
v 1.389687 2.432170 4.814491
l 9207 9208
v 0.966460 2.377237 4.716120
v 0.918690 2.378887 4.701447
l 9209 9210
v 0.848206 2.621237 4.639880
v 0.860058 2.605651 4.593873
l 9211 9212
v 0.844194 2.623267 4.642960
v 0.795985 2.636504 4.643790
l 9213 9214
v 1.021917 2.575300 4.749587
v 1.032667 2.527334 4.758738
l 9215 9216
v 0.650401 2.527480 4.692117
v 0.661154 2.512738 4.645565
l 9217 9218
v 1.031053 2.644500 4.770370
v 1.008188 2.604431 4.789649
l 9219 9220
v 1.031910 2.647213 4.766343
v 1.006848 2.679692 4.737760
l 9221 9222
v 0.104180 0.745402 4.678683
v 0.137879 0.770459 4.651543
l 9223 9224
v 0.749407 2.610373 4.658900
v 0.733155 2.611310 4.611624
l 9225 9226
v 0.973699 2.587960 4.702243
v 0.972433 2.569561 4.655769
l 9227 9228
v -1.210200 0.640137 4.597243
v -1.166218 0.663579 4.593232
l 9229 9230
v -1.224057 0.632973 4.592613
v -1.229642 0.639878 4.543408
l 9231 9232
v 1.022707 1.643930 4.779737
v 0.980558 1.658633 4.757214
l 9233 9234
v 0.044511 0.749230 4.717380
v 0.016090 0.708172 4.714834
l 9235 9236
v 0.842763 2.153727 4.721603
v 0.822002 2.140214 4.678171
l 9237 9238
v 1.077163 2.046223 4.814547
v 1.030404 2.063626 4.811269
l 9239 9240
v 1.063310 1.849490 4.814573
v 1.027165 1.882272 4.803671
l 9241 9242
v 1.940237 1.850763 4.795543
v 1.900999 1.868130 4.769876
l 9243 9244
v 0.793316 2.441233 4.660570
v 0.819846 2.403936 4.640443
l 9245 9246
v 0.640643 2.451340 4.676293
v 0.614552 2.408687 4.676307
l 9247 9248
v -1.568703 2.364117 4.560393
v -1.589925 2.399398 4.532024
l 9249 9250
v 0.763185 2.437113 4.647483
v 0.763334 2.427144 4.598488
l 9251 9252
v 0.762390 2.434123 4.652737
v 0.752828 2.387525 4.668139
l 9253 9254
v 0.661235 1.553170 4.653583
v 0.709338 1.547619 4.641121
l 9255 9256
v 0.640119 2.142557 4.421557
v 0.682236 2.125002 4.401113
l 9257 9258
v 0.635192 2.141257 4.422550
v 0.602999 2.103433 4.416808
l 9259 9260
v 1.155297 1.745113 4.831420
v 1.152917 1.697277 4.817066
l 9261 9262
v 1.152803 1.749253 4.832873
v 1.119983 1.781802 4.813810
l 9263 9264
v -0.037963 0.143965 4.697610
v -0.082885 0.122573 4.692675
l 9265 9266
v -0.044888 0.155531 4.696170
v -0.077232 0.117485 4.693648
l 9267 9268
v 0.101367 0.550125 4.620503
v 0.100707 0.520391 4.580311
l 9269 9270
v -0.346223 0.255895 4.673397
v -0.342085 0.216257 4.643202
l 9271 9272
v -0.348807 0.258510 4.676350
v -0.383392 0.294215 4.670961
l 9273 9274
v -0.647753 0.754893 4.664763
v -0.648878 0.795372 4.635435
l 9275 9276
v -0.243271 0.832281 4.698670
v -0.213098 0.792764 4.703957
l 9277 9278
v -0.144410 0.437149 4.687690
v -0.187470 0.411737 4.687597
l 9279 9280
v -0.249367 0.236959 4.680857
v -0.250124 0.197342 4.650363
l 9281 9282
v 0.125058 0.155763 4.370427
v 0.135772 0.181131 4.328694
l 9283 9284
v 0.100095 0.359917 4.640093
v 0.111724 0.319630 4.612858
l 9285 9286
v 0.075029 0.454137 4.687200
v 0.046860 0.450052 4.646093
l 9287 9288
v 0.066699 0.351868 4.691650
v 0.062735 0.349699 4.641855
l 9289 9290
v 0.755841 0.450887 2.827990
v 0.756897 0.400904 2.828751
l 9291 9292
v 0.035311 0.064870 4.689517
v -0.005463 0.070914 4.661216
l 9293 9294
v -0.050399 0.058227 4.682127
v -0.075334 0.072020 4.641041
l 9295 9296
v -0.241700 0.158965 4.683387
v -0.247603 0.197459 4.652028
l 9297 9298
v 0.117814 0.270679 4.319383
v 0.108903 0.262332 4.270897
l 9299 9300
v 0.107914 0.192040 4.566243
v 0.061051 0.176693 4.557977
l 9301 9302
v 0.124016 0.150959 4.372620
v 0.133322 0.101978 4.368851
l 9303 9304
v 0.337146 -0.007021 2.845890
v 0.295530 -0.021098 2.822016
l 9305 9306
v -0.368858 -0.009641 4.639487
v -0.410742 0.009920 4.620430
l 9307 9308
v -0.009327 0.209214 4.698917
v -0.031222 0.174593 4.670247
l 9309 9310
v 2.607380 1.784387 4.826703
v 2.627180 1.738477 4.826154
l 9311 9312
v 0.157118 0.456027 3.517520
v 0.201355 0.448406 3.495498
l 9313 9314
v 0.101505 0.133167 4.664663
v 0.122944 0.151813 4.623521
l 9315 9316
v -0.123961 0.072335 4.682907
v -0.088970 0.064052 4.648165
l 9317 9318
v 0.099744 0.141985 4.675083
v 0.123948 0.181584 4.656480
l 9319 9320
v 0.090460 0.140228 4.677230
v 0.050346 0.112228 4.666894
l 9321 9322
v 0.112536 0.198033 4.564323
v 0.134099 0.203370 4.519528
l 9323 9324
v 0.120230 0.154582 4.373850
v 0.071414 0.165390 4.374335
l 9325 9326
v -0.030274 0.148432 4.695057
v 0.002730 0.168209 4.663126
l 9327 9328
v 0.164250 0.452414 3.445473
v 0.172801 0.494463 3.419808
l 9329 9330
v 0.164002 0.447706 3.444830
v 0.169345 0.416653 3.406008
l 9331 9332
v 1.000904 0.085443 2.798373
v 1.006782 0.133830 2.787232
l 9333 9334
v 1.000583 0.080968 2.795980
v 1.022842 0.047545 2.766191
l 9335 9336
v 0.997562 0.082159 2.799560
v 0.948105 0.081787 2.806903
l 9337 9338
v 0.851205 0.346549 2.830237
v 0.816112 0.311822 2.838138
l 9339 9340
v 0.206199 0.346225 3.012460
v 0.203357 0.296465 3.016444
l 9341 9342
v 1.121130 -0.030610 2.730873
v 1.143031 -0.047592 2.689257
l 9343 9344
v 1.096670 0.146708 2.798183
v 1.115980 0.188835 2.779411
l 9345 9346
v 1.115750 0.149079 2.795833
v 1.089274 0.185914 2.774803
l 9347 9348
v 1.087567 0.145983 2.792113
v 1.097902 0.180470 2.757416
l 9349 9350
v -0.158703 -0.057856 2.125040
v -0.141023 -0.060538 2.078347
l 9351 9352
v 0.779702 -0.047969 1.967800
v 0.765499 -0.052805 1.920104
l 9353 9354
v -0.356885 -0.065703 2.024877
v -0.359539 -0.111671 2.005386
l 9355 9356
v -0.743806 -0.073188 1.658180
v -0.705819 -0.076974 1.625889
l 9357 9358
v -0.440697 -0.062868 2.178193
v -0.438022 -0.094929 2.139919
l 9359 9360
v -0.469105 -0.061629 2.299497
v -0.494134 -0.096698 2.274126
l 9361 9362
v -0.359789 -0.060428 2.024517
v -0.398787 -0.040369 2.000500
l 9363 9364
v -0.753318 -0.065204 1.931823
v -0.730042 -0.045421 1.892240
l 9365 9366
v -0.318821 -0.063536 1.943943
v -0.349174 -0.070609 1.904845
l 9367 9368
v -0.314144 -0.062971 1.944653
v -0.273502 -0.061533 1.915564
l 9369 9370
v -1.213477 -0.068824 1.954803
v -1.254674 -0.070402 1.926514
l 9371 9372
v 0.264721 -0.046928 2.779373
v 0.257712 0.001936 2.771425
l 9373 9374
v -0.739925 -0.056968 2.245737
v -0.707367 -0.020040 2.254474
l 9375 9376
v -0.350052 -0.061889 2.262060
v -0.317054 -0.099448 2.261383
l 9377 9378
v -0.349055 -0.055410 2.262077
v -0.307238 -0.028121 2.264642
l 9379 9380
v -0.352303 -0.058221 2.259733
v -0.384932 -0.053107 2.222194
l 9381 9382
v -0.625192 -0.071275 1.939827
v -0.582883 -0.097921 1.939745
l 9383 9384
v -0.531491 -0.059116 2.126993
v -0.508374 -0.032619 2.091447
l 9385 9386
v -0.531555 -0.065750 2.127587
v -0.509016 -0.098581 2.097353
l 9387 9388
v -0.564663 -0.067158 1.919290
v -0.533204 -0.064016 1.880554
l 9389 9390
v -0.544256 -0.067156 1.731637
v -0.502448 -0.039972 1.728011
l 9391 9392
v -0.549135 -0.067076 1.731493
v -0.584726 -0.066840 1.696377
l 9393 9394
v -0.254488 -0.079616 1.341720
v -0.244350 -0.068491 1.294039
l 9395 9396
v -0.540372 -0.087778 1.160047
v -0.502484 -0.088869 1.127439
l 9397 9398
v -0.256932 -0.058182 2.149503
v -0.260049 -0.008287 2.150379
l 9399 9400
v -0.288472 -0.062378 2.302657
v -0.288392 -0.098802 2.268403
l 9401 9402
v 0.266104 -0.051508 2.776737
v 0.287371 -0.070231 2.735540
l 9403 9404
v 0.262389 0.050732 2.817167
v 0.233305 0.018488 2.792379
l 9405 9406
v 0.266745 0.051934 2.819250
v 0.314469 0.058505 2.805861
l 9407 9408
v 0.262645 0.054943 2.820147
v 0.249264 0.103119 2.820341
l 9409 9410
v 0.184448 0.170983 3.103233
v 0.163378 0.214421 3.090225
l 9411 9412
v 0.190909 0.169425 3.103120
v 0.229014 0.198597 3.089086
l 9413 9414
v 0.186900 0.167075 3.101767
v 0.176057 0.123743 3.079299
l 9415 9416
v -0.704453 -0.058889 2.341803
v -0.719914 -0.089705 2.305591
l 9417 9418
v -0.252521 -0.066485 1.848513
v -0.299817 -0.076455 1.835717
l 9419 9420
v -1.719390 -0.026567 4.561413
v -1.693667 -0.016411 4.519758
l 9421 9422
v -1.563050 0.662290 4.575497
v -1.589071 0.619807 4.571243
l 9423 9424
v -0.227624 -0.052937 2.438710
v -0.274763 -0.057674 2.422726
l 9425 9426
v 0.345823 0.056055 2.817227
v 0.300142 0.049974 2.797828
l 9427 9428
v 0.949035 0.145849 2.821640
v 0.942084 0.096360 2.820047
l 9429 9430
v 0.210425 0.080951 2.999690
v 0.208639 0.033647 2.983593
l 9431 9432
v 0.448989 -0.083322 0.947864
v 0.484536 -0.086273 0.912825
l 9433 9434
v 0.444283 -0.083191 0.948222
v 0.406256 -0.084271 0.915775
l 9435 9436
v 1.248307 0.746479 2.755143
v 1.220026 0.710310 2.774942
l 9437 9438
v 0.939036 -0.048247 1.921280
v 0.931438 -0.070168 1.876988
l 9439 9440
v 0.953151 -0.056351 1.537600
v 0.937347 -0.010307 1.549008
l 9441 9442
v 0.935454 -0.046122 1.835140
v 0.899586 -0.012415 1.826345
l 9443 9444
v 0.847388 0.810673 2.811277
v 0.800676 0.795670 2.820915
l 9445 9446
v 0.189457 0.179809 3.289530
v 0.193818 0.154729 3.246496
l 9447 9448
v 1.141793 0.646053 2.779477
v 1.172449 0.607392 2.771383
l 9449 9450
v 1.139203 0.649455 2.776793
v 1.141687 0.688169 2.745249
l 9451 9452
v 1.137287 0.647163 2.780483
v 1.095194 0.621370 2.788414
l 9453 9454
v 1.005907 -0.043913 1.925060
v 0.967856 -0.015682 1.909086
l 9455 9456
v 1.006037 -0.050484 1.925950
v 0.969201 -0.083406 1.918252
l 9457 9458
v 1.009207 -0.047345 1.923947
v 1.052777 -0.049789 1.899540
l 9459 9460
v 0.760348 0.816680 2.805920
v 0.756321 0.791628 2.762836
l 9461 9462
v 0.210961 0.227656 2.981380
v 0.215875 0.265641 2.949240
l 9463 9464
v 0.211581 0.222936 2.981713
v 0.227475 0.186671 2.951181
l 9465 9466
v 0.754952 0.342627 2.829357
v 0.717449 0.313231 2.814212
l 9467 9468
v 1.852760 0.038586 2.878213
v 1.842839 0.085049 2.862631
l 9469 9470
v 1.248103 0.348242 2.763377
v 1.213511 0.315262 2.748692
l 9471 9472
v 2.237120 0.354039 3.346223
v 2.205617 0.392867 3.346254
l 9473 9474
v 1.732360 0.640317 2.883967
v 1.693793 0.644744 2.852455
l 9475 9476
v 0.898084 -0.043789 2.525513
v 0.916734 -0.006725 2.497613
l 9477 9478
v 1.243147 0.250196 2.768913
v 1.196724 0.258272 2.785637
l 9479 9480
v 1.385140 -0.022379 2.752963
v 1.414024 -0.029179 2.712721
l 9481 9482
v 1.319070 0.653841 2.789363
v 1.273045 0.645419 2.771735
l 9483 9484
v 1.328823 0.258073 2.794637
v 1.341413 0.277683 2.750400
l 9485 9486
v 1.241677 0.078407 2.775457
v 1.195535 0.061737 2.765812
l 9487 9488
v 1.446733 0.353220 2.839510
v 1.399090 0.349451 2.854203
l 9489 9490
v 0.853595 0.348590 2.826377
v 0.886627 0.342987 2.789262
l 9491 9492
v 0.851574 0.351418 2.829830
v 0.820927 0.390880 2.831720
l 9493 9494
v 1.297713 -0.047142 1.998790
v 1.308678 -0.093025 1.982221
l 9495 9496
v 1.146173 0.553515 2.777627
v 1.136062 0.587648 2.742517
l 9497 9498
v 1.144503 0.550804 2.781500
v 1.111716 0.514031 2.790030
l 9499 9500
v 0.938208 -0.049760 1.833303
v 0.977424 -0.054292 1.802618
l 9501 9502
v 0.565710 2.440187 4.677227
v 0.613245 2.445306 4.662592
l 9503 9504
v 0.736598 -0.061772 1.540293
v 0.731666 -0.042950 1.494234
l 9505 9506
v 1.548773 0.740243 2.854270
v 1.502490 0.739527 2.835366
l 9507 9508
v 1.373563 0.556611 2.809297
v 1.346183 0.578642 2.773731
l 9509 9510
v 1.549160 0.547593 2.859543
v 1.515508 0.512344 2.848363
l 9511 9512
v 1.549400 0.552328 2.859400
v 1.518451 0.589110 2.845641
l 9513 9514
v 1.373250 0.552604 2.811983
v 1.342413 0.513742 2.818211
l 9515 9516
v 1.329667 0.755126 2.784950
v 1.364156 0.777474 2.756471
l 9517 9518
v 1.240567 0.550648 2.759033
v 1.215729 0.511290 2.740756
l 9519 9520
v 1.240843 0.555631 2.759450
v 1.215468 0.596038 2.744504
l 9521 9522
v 0.646617 0.645088 2.830070
v 0.683808 0.611707 2.828472
l 9523 9524
v 1.060133 0.556121 2.794533
v 1.027447 0.593957 2.794263
l 9525 9526
v 1.140750 0.743265 2.770917
v 1.173196 0.705790 2.764368
l 9527 9528
v 1.447273 0.749097 2.821857
v 1.448888 0.788920 2.791666
l 9529 9530
v 1.444577 0.746596 2.824810
v 1.413120 0.708037 2.819946
l 9531 9532
v 1.245163 0.247543 2.763220
v 1.218228 0.229978 2.724932
l 9533 9534
v 1.325190 0.754320 2.786673
v 1.280373 0.742690 2.767801
l 9535 9536
v 1.363050 0.451510 2.809637
v 1.333954 0.478981 2.779657
l 9537 9538
v 1.342090 -0.042912 1.951370
v 1.352260 -0.036382 1.902853
l 9539 9540
v 1.138673 -0.043053 1.971983
v 1.101169 -0.045976 1.939046
l 9541 9542
v 0.531812 0.826315 2.797220
v 0.533493 0.783214 2.771932
l 9543 9544
v 1.449953 0.355626 2.836990
v 1.465707 0.355275 2.789538
l 9545 9546
v 1.339543 -0.040687 1.955347
v 1.300669 -0.014412 1.972621
l 9547 9548
v 1.341117 -0.046655 1.954873
v 1.320808 -0.090822 1.966571
l 9549 9550
v 1.121647 -0.046894 2.021760
v 1.121495 -0.075446 1.980714
l 9551 9552
v 0.936262 -0.040580 2.015370
v 0.893925 -0.014550 2.020854
l 9553 9554
v 2.238543 0.562073 3.257187
v 2.250612 0.605797 3.236149
l 9555 9556
v 2.226733 0.822158 3.239847
v 2.237381 0.813858 3.191704
l 9557 9558
v 0.123618 0.700250 4.511527
v 0.144570 0.674263 4.474301
l 9559 9560
v 2.245513 0.152387 3.354557
v 2.228861 0.124335 3.316665
l 9561 9562
v 2.245897 0.157653 3.356547
v 2.230003 0.204233 3.347731
l 9563 9564
v 2.225473 0.543620 3.440837
v 2.223132 0.573336 3.400694
l 9565 9566
v 2.234413 0.559222 3.258817
v 2.184841 0.565682 3.259725
l 9567 9568
v 2.237733 0.349387 3.341510
v 2.211793 0.346130 3.298889
l 9569 9570
v 2.228937 0.449881 3.448380
v 2.235620 0.475710 3.406093
l 9571 9572
v 1.167100 -0.031603 2.564643
v 1.161416 0.008839 2.535798
l 9573 9574
v 1.166530 -0.037337 2.564560
v 1.154755 -0.075552 2.534544
l 9575 9576
v 2.215660 0.628572 3.496953
v 2.184948 0.636491 3.458300
l 9577 9578
v 1.651990 0.145378 2.888540
v 1.618660 0.109026 2.880313
l 9579 9580
v 1.657287 0.154967 2.888240
v 1.641985 0.187618 2.853603
l 9581 9582
v 1.678740 0.163302 2.898927
v 1.719908 0.160452 2.870694
l 9583 9584
v 0.107775 0.591614 4.507423
v 0.084067 0.559147 4.477695
l 9585 9586
v 0.101140 0.554860 4.621323
v 0.106159 0.604067 4.614009
l 9587 9588
v 2.232257 0.253524 3.450777
v 2.241470 0.268895 3.404099
l 9589 9590
v 2.221303 0.351886 3.507063
v 2.191456 0.356428 3.467207
l 9591 9592
v 0.086731 0.781076 4.539853
v 0.110191 0.771281 4.496799
l 9593 9594
v 0.135128 1.256390 4.220663
v 0.169784 1.289570 4.206592
l 9595 9596
v -1.846323 1.650953 4.541240
v -1.807979 1.619429 4.547230
l 9597 9598
v -0.909767 1.452393 4.635790
v -0.875890 1.437288 4.602261
l 9599 9600
v -1.844417 2.246203 4.519040
v -1.803042 2.241540 4.491356
l 9601 9602
v -1.663347 1.954240 4.544073
v -1.698196 1.918524 4.540924
l 9603 9604
v -1.660590 1.956583 4.540980
v -1.657812 1.995918 4.510238
l 9605 9606
v -1.658673 1.954387 4.544683
v -1.622727 1.920175 4.550801
l 9607 9608
v -1.753913 1.653877 4.546770
v -1.718158 1.619026 4.549413
l 9609 9610
v -1.849553 1.946880 4.529253
v -1.823607 1.982222 4.505217
l 9611 9612
v -1.734637 2.044527 4.538330
v -1.693670 2.037608 4.510512
l 9613 9614
v -1.658507 1.555900 4.553000
v -1.697587 1.549518 4.522471
l 9615 9616
v -1.653117 1.854930 4.549510
v -1.611201 1.829585 4.559547
l 9617 9618
v -1.655030 1.858183 4.545927
v -1.647540 1.900258 4.519973
l 9619 9620
v -1.657580 1.854777 4.547973
v -1.688207 1.818784 4.531649
l 9621 9622
v -1.552853 2.039530 4.574700
v -1.512043 2.026130 4.549109
l 9623 9624
v -2.225460 2.023847 4.502420
v -2.179661 2.042296 4.510298
l 9625 9626
v -2.141683 2.050330 4.506290
v -2.117683 2.053960 4.462578
l 9627 9628
v -2.228733 2.023267 4.498590
v -2.257022 2.045704 4.464002
l 9629 9630
v -2.348227 2.051867 4.488090
v -2.308248 2.022379 4.493763
l 9631 9632
v -2.051890 2.350967 4.509733
v -2.068036 2.303865 4.514287
l 9633 9634
v -2.051620 2.354730 4.506177
v -2.076224 2.382402 4.472578
l 9635 9636
v 0.641100 2.455260 4.673407
v 0.630585 2.485668 4.635134
l 9637 9638
v -2.235063 1.951030 4.501983
v -2.227749 1.950493 4.452524
l 9639 9640
v -2.266973 1.970080 4.493013
v -2.258654 2.008158 4.461695
l 9641 9642
v -2.245690 1.960603 4.500013
v -2.237121 1.959143 4.450775
l 9643 9644
v 1.940170 1.958063 4.793253
v 1.905043 1.990393 4.778391
l 9645 9646
v -1.651327 2.153140 4.533940
v -1.627894 2.137344 4.492692
l 9647 9648
v -1.557713 2.040440 4.575327
v -1.599639 2.040067 4.548085
l 9649 9650
v -1.665017 2.243077 4.537183
v -1.701378 2.238062 4.503232
l 9651 9652
v 0.851090 0.810148 2.807640
v 0.877490 0.779220 2.778545
l 9653 9654
v 1.345587 1.649287 4.841180
v 1.299802 1.669036 4.837475
l 9655 9656
v 1.444687 2.064437 4.842217
v 1.405648 2.051563 4.813752
l 9657 9658
v 1.651010 2.663580 4.817987
v 1.655480 2.633696 4.778150
l 9659 9660
v 1.725603 2.188740 4.536903
v 1.676234 2.194893 4.531927
l 9661 9662
v 1.343417 2.303093 4.662903
v 1.379859 2.276593 4.641231
l 9663 9664
v 1.857263 2.639700 4.754187
v 1.899112 2.640129 4.726828
l 9665 9666
v 1.081160 2.045060 4.811550
v 1.103363 2.041148 4.766921
l 9667 9668
v 1.823763 2.595800 4.782700
v 1.774896 2.594673 4.793222
l 9669 9670
v 1.826910 2.598260 4.779673
v 1.837274 2.628109 4.740922
l 9671 9672
v 1.827377 2.592650 4.781240
v 1.848114 2.549266 4.767538
l 9673 9674
v 1.195060 2.701203 4.758260
v 1.156358 2.710202 4.727909
l 9675 9676
v 0.751410 0.753285 2.814380
v 0.744804 0.781870 2.773892
l 9677 9678
v 2.171857 2.584613 4.739187
v 2.123039 2.585301 4.749974
l 9679 9680
v 1.843783 2.693260 4.689730
v 1.802539 2.668129 4.676793
l 9681 9682
v 1.622253 2.298993 4.821863
v 1.635963 2.253212 4.836565
l 9683 9684
v 1.619020 2.301650 4.818020
v 1.591031 2.293956 4.777309
l 9685 9686
v 1.552690 2.347933 4.778710
v 1.536403 2.323489 4.738247
l 9687 9688
v 1.448880 1.649470 4.852040
v 1.462739 1.611295 4.822875
l 9689 9690
v 1.785423 2.341287 4.680003
v 1.792576 2.382572 4.652720
l 9691 9692
v 1.907973 2.614297 4.752637
v 1.907899 2.653594 4.721722
l 9693 9694
v 1.906447 2.609457 4.752723
v 1.869609 2.575897 4.748634
l 9695 9696
v 1.858190 1.770960 4.789433
v 1.869196 1.808598 4.758414
l 9697 9698
v 1.853367 1.766917 4.790070
v 1.810125 1.759095 4.766216
l 9699 9700
v 1.853957 1.641537 4.796903
v 1.867323 1.684918 4.775941
l 9701 9702
v 1.865647 1.646687 4.802083
v 1.875949 1.623826 4.758825
l 9703 9704
v 2.573567 1.863273 4.818720
v 2.535734 1.859130 4.786293
l 9705 9706
v 2.554177 1.735547 4.773200
v 2.505623 1.743325 4.782256
l 9707 9708
v 2.515440 1.844277 4.756283
v 2.501587 1.796466 4.751569
l 9709 9710
v 1.148577 2.243670 4.826127
v 1.153691 2.272591 4.785661
l 9711 9712
v 2.036123 1.694377 4.795137
v 1.993276 1.705944 4.772109
l 9713 9714
v 2.578220 1.926120 4.825893
v 2.603031 1.942628 4.785745
l 9715 9716
v 2.045843 1.693873 4.797630
v 2.089590 1.685229 4.775014
l 9717 9718
v 2.040553 1.688193 4.795100
v 2.061197 1.661646 4.758099
l 9719 9720
v 2.556820 1.733243 4.769847
v 2.556302 1.705817 4.728043
l 9721 9722
v 1.862850 1.758863 4.793533
v 1.852542 1.714663 4.772555
l 9723 9724
v 2.594187 1.782293 4.827197
v 2.592081 1.735364 4.844321
l 9725 9726
v 1.651623 0.831636 2.867627
v 1.649889 0.782385 2.876068
l 9727 9728
v 2.569683 1.608627 4.799393
v 2.600170 1.604375 4.759992
l 9729 9730
v 2.566027 1.606150 4.801600
v 2.521036 1.584338 4.801491
l 9731 9732
v 1.647973 1.562240 4.868447
v 1.612758 1.527114 4.873554
l 9733 9734
v 1.650023 1.564727 4.864787
v 1.682812 1.564235 4.827042
l 9735 9736
v 1.925603 1.578933 4.799660
v 1.879316 1.597461 4.795887
l 9737 9738
v 1.648493 1.646327 4.864297
v 1.675217 1.604073 4.863598
l 9739 9740
v 1.929590 1.747387 4.798473
v 1.901023 1.721440 4.766682
l 9741 9742
v 1.938863 1.742303 4.798053
v 1.933135 1.715366 4.756321
l 9743 9744
v 1.903947 1.754747 4.794727
v 1.889783 1.782950 4.755945
l 9745 9746
v 1.874340 1.549727 4.801947
v 1.886381 1.548513 4.753433
l 9747 9748
v 1.756957 1.837397 4.770870
v 1.760272 1.796318 4.742559
l 9749 9750
v 1.840080 1.639063 4.794077
v 1.807901 1.677065 4.789558
l 9751 9752
v 1.830963 1.558597 4.774903
v 1.810890 1.539252 4.733396
l 9753 9754
v 1.914120 1.752720 4.794390
v 1.926454 1.707010 4.778313
l 9755 9756
v 2.222357 0.541008 3.443447
v 2.194284 0.499899 3.448134
l 9757 9758
v 2.196187 0.810021 3.457007
v 2.159302 0.776471 3.460739
l 9759 9760
v 2.168183 0.873120 3.254463
v 2.208586 0.854446 3.231684
l 9761 9762
v 2.216110 0.754344 3.448783
v 2.179690 0.788424 3.445304
l 9763 9764
v 1.743423 0.226292 2.892610
v 1.722427 0.204339 2.852896
l 9765 9766
v 1.349080 1.645423 4.839083
v 1.354189 1.612633 4.801684
l 9767 9768
v 1.447760 0.644559 2.827630
v 1.456720 0.600202 2.806365
l 9769 9770
v 1.294770 -0.043488 2.000363
v 1.246042 -0.036092 2.008782
l 9771 9772
v 1.648740 0.265457 2.891540
v 1.603403 0.284593 2.882685
l 9773 9774
v 1.048523 0.047929 2.832973
v 1.016242 0.082884 2.817608
l 9775 9776
v 1.845087 0.048675 2.890410
v 1.820448 0.084751 2.866089
l 9777 9778
v 0.827169 -0.058536 1.535497
v 0.781459 -0.038441 1.538107
l 9779 9780
v 0.643840 0.647236 2.826857
v 0.602846 0.644823 2.798331
l 9781 9782
v 0.985614 -0.044690 2.388370
v 1.004514 -0.045685 2.342090
l 9783 9784
v 1.363873 0.648467 2.811903
v 1.317990 0.655773 2.830378
l 9785 9786
v 1.365820 0.649012 2.805570
v 1.337770 0.661314 2.766050
l 9787 9788
v 1.341407 1.854713 4.827467
v 1.347308 1.870639 4.780439
l 9789 9790
v 1.342427 1.851700 4.831293
v 1.363312 1.806783 4.838096
l 9791 9792
v 1.334683 0.808601 2.785287
v 1.355645 0.795646 2.741781
l 9793 9794
v 1.249543 0.748118 2.750640
v 1.240770 0.737741 2.702522
l 9795 9796
v 0.952173 -0.053913 1.660937
v 0.972803 -0.054043 1.615391
l 9797 9798
v 0.346433 -0.065760 1.670957
v 0.371835 -0.069239 1.628031
l 9799 9800
v 1.329790 0.809721 2.787767
v 1.280446 0.812376 2.780144
l 9801 9802
v 1.323740 0.551658 2.785107
v 1.306743 0.506633 2.771545
l 9803 9804
v 1.246633 0.448011 2.760507
v 1.233907 0.487803 2.733037
l 9805 9806
v 1.323453 0.654271 2.787477
v 1.364311 0.633586 2.767408
l 9807 9808
v 1.061633 -0.050602 1.657490
v 1.092056 -0.033588 1.621643
l 9809 9810
v 1.058847 -0.055183 1.658997
v 1.041061 -0.098885 1.642450
l 9811 9812
v 1.056723 -0.049511 1.659887
v 1.013467 -0.025128 1.654022
l 9813 9814
v 1.053007 -0.051334 1.559420
v 1.022825 -0.015081 1.542842
l 9815 9816
v 1.054357 -0.056160 1.560590
v 1.036032 -0.102672 1.559680
l 9817 9818
v 0.756308 -0.074404 1.252607
v 0.739584 -0.121524 1.252468
l 9819 9820
v 0.755563 -0.069584 1.250320
v 0.737658 -0.043361 1.211696
l 9821 9822
v 0.846312 -0.054241 1.752813
v 0.806546 -0.053191 1.722521
l 9823 9824
v 1.722973 0.135929 2.891837
v 1.702575 0.107090 2.856450
l 9825 9826
v 1.060330 -0.030807 2.741673
v 1.096796 -0.047045 2.711564
l 9827 9828
v 0.981445 -0.045799 2.390330
v 0.934176 -0.062079 2.389543
l 9829 9830
v 0.555066 0.750438 2.820297
v 0.583656 0.782669 2.794923
l 9831 9832
v 1.900213 1.749540 4.802713
v 1.907505 1.700803 4.811173
l 9833 9834
v 0.607420 1.569303 4.704177
v 0.584940 1.526070 4.715382
l 9835 9836
v 0.611551 1.578393 4.702820
v 0.656538 1.574677 4.681318
l 9837 9838
v 1.016473 -0.056785 1.488663
v 0.984434 -0.056890 1.450278
l 9839 9840
v 0.852275 -0.068406 1.355217
v 0.839818 -0.106595 1.325445
l 9841 9842
v 0.450904 -0.075643 1.151287
v 0.454368 -0.049692 1.108689
l 9843 9844
v 0.451259 -0.082266 1.151913
v 0.457887 -0.115210 1.114890
l 9845 9846
v 0.838052 -0.070117 1.246967
v 0.844808 -0.089675 1.201449
l 9847 9848
v 0.610289 -0.082099 0.885228
v 0.605077 -0.079953 0.835547
l 9849 9850
v 0.345151 -0.075221 1.341113
v 0.298459 -0.077933 1.323437
l 9851 9852
v -0.254655 -0.088667 1.146083
v -0.213804 -0.117073 1.151016
l 9853 9854
v -0.254824 -0.082005 1.146093
v -0.215465 -0.051579 1.151105
l 9855 9856
v -0.256857 -0.085386 1.143463
v -0.287363 -0.086101 1.103854
l 9857 9858
v 0.152077 -0.073414 1.362087
v 0.192814 -0.046402 1.351556
l 9859 9860
v -0.145909 -0.086054 0.945687
v -0.117779 -0.044722 0.945103
l 9861 9862
v -0.154262 -0.095167 0.747955
v -0.192933 -0.095453 0.716261
l 9863 9864
v -0.350273 -0.099408 0.669679
v -0.350913 -0.049598 0.665373
l 9865 9866
v 0.247739 -0.090020 0.742163
v 0.279583 -0.087479 0.703698
l 9867 9868
v -0.044465 -0.091051 0.746257
v -0.000923 -0.066988 0.741248
l 9869 9870
v 0.052578 -0.095065 0.646727
v 0.086832 -0.098436 0.610460
l 9871 9872
v -0.142883 -0.113874 0.243048
v -0.154445 -0.141599 0.203078
l 9873 9874
v -0.141392 -0.107446 0.243397
v -0.138661 -0.073518 0.206772
l 9875 9876
v 0.254350 -0.085415 0.944783
v 0.224315 -0.087427 0.904859
l 9877 9878
v -0.046991 -0.111297 0.187486
v -0.012954 -0.117770 0.151437
l 9879 9880
v 0.050936 -0.108333 0.236776
v 0.059103 -0.094740 0.189358
l 9881 9882
v 0.049195 -0.114252 0.239154
v 0.040831 -0.156818 0.214290
l 9883 9884
v 0.433463 -0.090928 0.653235
v 0.463908 -0.120662 0.626986
l 9885 9886
v 0.406918 -0.091552 0.585841
v 0.388851 -0.096124 0.539444
l 9887 9888
v 0.152411 -0.091482 0.847737
v 0.119748 -0.111648 0.815699
l 9889 9890
v -0.741503 -0.076223 1.539987
v -0.744182 -0.026429 1.536326
l 9891 9892
v -0.648645 -0.083137 1.351563
v -0.600103 -0.095017 1.353173
l 9893 9894
v -0.652650 -0.081281 1.349433
v -0.678662 -0.088592 1.307363
l 9895 9896
v -0.749257 -0.072461 1.658447
v -0.790995 -0.063202 1.632519
l 9897 9898
v -0.360112 -0.067168 1.835533
v -0.327384 -0.066301 1.797743
l 9899 9900
v -0.439864 -0.080930 1.365853
v -0.479149 -0.089844 1.336235
l 9901 9902
v -0.446297 -0.079431 1.537493
v -0.455906 -0.109695 1.498870
l 9903 9904
v -3.152403 1.252980 4.447207
v -3.172239 1.258557 4.401649
l 9905 9906
v -3.300913 2.327460 4.420983
v -3.294495 2.343354 4.374013
l 9907 9908
v -3.040710 2.354223 4.446490
v -3.003649 2.334686 4.473780
l 9909 9910
v -3.041007 2.354997 4.439910
v -3.006743 2.342706 4.405633
l 9911 9912
v -3.118297 2.457177 4.435347
v -3.080548 2.424463 4.437554
l 9913 9914
v -3.035647 2.247070 4.441030
v -2.989268 2.265751 4.441129
l 9915 9916
v -3.052757 1.950550 4.438840
v -3.067259 1.920483 4.401615
l 9917 9918
v -3.038800 2.245847 4.437693
v -3.054783 2.210308 4.406364
l 9919 9920
v -2.958253 2.031570 4.442363
v -2.964432 1.984743 4.458766
l 9921 9922
v -2.956843 2.034663 4.438360
v -2.940555 2.036997 4.391145
l 9923 9924
v -3.229923 2.056230 4.425973
v -3.201858 2.015308 4.432117
l 9925 9926
v -3.203447 1.064637 4.445097
v -3.166127 1.058920 4.412316
l 9927 9928
v -3.151403 2.116810 4.428890
v -3.137175 2.087363 4.391069
l 9929 9930
v -3.214157 1.554023 4.429930
v -3.171102 1.551182 4.404666
l 9931 9932
v -3.231300 2.058927 4.422267
v -3.219051 2.096777 4.391979
l 9933 9934
v -3.229753 1.950030 4.430600
v -3.194629 1.985569 4.432388
l 9935 9936
v -3.048303 1.556327 4.447323
v -3.010222 1.524556 4.453683
l 9937 9938
v -3.231780 1.947490 4.427167
v -3.229331 1.906533 4.398592
l 9939 9940
v -3.138813 1.546327 4.438747
v -3.114816 1.502462 4.438648
l 9941 9942
v -3.155113 1.155123 4.451740
v -3.169317 1.147248 4.404451
l 9943 9944
v -2.971550 1.156420 4.460687
v -2.957762 1.199787 4.439969
l 9945 9946
v -3.149287 1.453203 4.442363
v -3.108945 1.482677 4.444334
l 9947 9948
v -3.047533 1.253293 4.454260
v -3.006572 1.257244 4.425860
l 9949 9950
v -2.750700 1.355523 4.477067
v -2.720513 1.316072 4.482749
l 9951 9952
v -2.752380 1.358167 4.473363
v -2.742378 1.395023 4.441090
l 9953 9954
v -3.199920 0.857425 4.443617
v -3.159929 0.859049 4.413649
l 9955 9956
v -2.831840 1.439920 4.464527
v -2.840540 1.392303 4.452001
l 9957 9958
v -3.148747 1.253737 4.450503
v -3.104203 1.276373 4.452354
l 9959 9960
v -3.150583 1.249110 4.450737
v -3.150876 1.200450 4.462230
l 9961 9962
v -3.201623 0.769930 4.452307
v -3.157302 0.763631 4.430037
l 9963 9964
v -2.668100 0.955715 4.494837
v -2.654972 1.002975 4.485132
l 9965 9966
v -1.643223 0.747850 4.568117
v -1.603096 0.777573 4.565608
l 9967 9968
v -1.564200 0.847551 4.583773
v -1.548614 0.855406 4.536918
l 9969 9970
v -1.512527 0.742141 4.606993
v -1.463366 0.734352 4.611743
l 9971 9972
v -1.744180 0.646826 4.568867
v -1.703313 0.657057 4.541937
l 9973 9974
v -1.516973 1.534057 4.600160
v -1.502037 1.538813 4.552681
l 9975 9976
v -2.354377 1.652407 4.499197
v -2.321572 1.614832 4.495737
l 9977 9978
v -2.455947 1.648077 4.486380
v -2.441797 1.606829 4.461918
l 9979 9980
v -1.950923 1.548810 4.535303
v -1.980372 1.508402 4.535387
l 9981 9982
v -2.045863 1.651220 4.527957
v -2.010853 1.686911 4.527310
l 9983 9984
v -1.954563 1.256790 4.545103
v -1.960726 1.300987 4.522549
l 9985 9986
v -1.949570 1.464880 4.534910
v -1.951714 1.489920 4.491685
l 9987 9988
v -1.653343 1.443633 4.559987
v -1.620656 1.406703 4.568216
l 9989 9990
v -2.456937 1.550750 4.492370
v -2.420013 1.518026 4.500482
l 9991 9992
v -2.048163 1.648440 4.524683
v -2.044950 1.608044 4.495394
l 9993 9994
v -2.358047 1.054610 4.513720
v -2.392397 1.059081 4.477664
l 9995 9996
v -1.848447 1.556183 4.545347
v -1.811454 1.522711 4.548691
l 9997 9998
v -1.854760 1.343297 4.549300
v -1.850876 1.305349 4.516975
l 9999 10000
v -1.944917 1.048360 4.549150
v -1.911690 1.049836 4.511816
l 10001 10002
v -0.836390 -0.059527 2.132533
v -0.809499 -0.017407 2.134197
l 10003 10004
v -1.069787 -0.068436 2.032920
v -1.070348 -0.095082 1.990615
l 10005 10006
v -1.068903 -0.062638 2.034590
v -1.058739 -0.018925 2.012549
l 10007 10008
v -1.124003 -0.072964 1.956640
v -1.093244 -0.107953 1.938484
l 10009 10010
v -1.126763 -0.069261 2.072937
v -1.092761 -0.070500 2.036299
l 10011 10012
v -0.940150 -0.062744 2.145890
v -0.899607 -0.042937 2.124352
l 10013 10014
v -0.440292 -0.056229 2.177760
v -0.434060 -0.029955 2.135679
l 10015 10016
v -0.224417 -0.049287 2.439610
v -0.194378 -0.013817 2.421183
l 10017 10018
v 0.209718 0.349459 3.012063
v 0.251746 0.370527 2.995039
l 10019 10020
v 0.202399 0.655096 2.989973
v 0.204425 0.612213 2.964343
l 10021 10022
v 0.969161 -0.037427 2.726420
v 0.945275 -0.071424 2.698605
l 10023 10024
v 0.254575 0.739852 2.805830
v 0.254568 0.695847 2.782090
l 10025 10026
v 0.192475 0.653152 3.014237
v 0.150926 0.652505 2.986430
l 10027 10028
v 0.205173 0.599928 2.992887
v 0.216944 0.611019 2.945575
l 10029 10030
v 0.187648 0.728386 3.023000
v 0.171772 0.681648 3.030972
l 10031 10032
v 0.447015 0.543175 2.822007
v 0.480253 0.505833 2.821115
l 10033 10034
v 0.448463 0.244048 2.826777
v 0.447117 0.212433 2.788064
l 10035 10036
v 0.256247 0.647827 2.804073
v 0.254735 0.599186 2.792592
l 10037 10038
v 0.353586 0.650356 2.813053
v 0.385492 0.612068 2.817057
l 10039 10040
v 0.180100 0.649728 3.136930
v 0.178442 0.679527 3.096814
l 10041 10042
v 0.255566 0.558565 2.800303
v 0.285928 0.576128 2.764671
l 10043 10044
v 0.237490 0.288190 2.798763
v 0.241558 0.275546 2.750560
l 10045 10046
v 0.176958 0.647024 3.139453
v 0.151070 0.604357 3.142498
l 10047 10048
v 0.645148 0.349685 2.833250
v 0.633092 0.364761 2.787127
l 10049 10050
v 0.200499 0.083273 3.029337
v 0.162259 0.082474 2.997132
l 10051 10052
v 0.186966 0.214422 3.332823
v 0.194612 0.256598 3.307079
l 10053 10054
v 0.189691 0.210893 3.334777
v 0.217197 0.169683 3.328061
l 10055 10056
v 0.936832 -0.047218 2.015303
v 0.899567 -0.080190 2.020220
l 10057 10058
v 0.549576 0.445752 2.828303
v 0.515236 0.409639 2.832377
l 10059 10060
v 0.198601 0.476247 3.018663
v 0.151312 0.465692 3.006319
l 10061 10062
v 0.204451 0.472152 3.013253
v 0.239792 0.506334 3.004162
l 10063 10064
v 1.127080 -0.044958 1.747073
v 1.085925 -0.017819 1.738719
l 10065 10066
v 0.262426 0.552223 2.806143
v 0.300335 0.546555 2.774038
l 10067 10068
v 0.178384 0.653097 3.266330
v 0.178770 0.649651 3.216450
l 10069 10070
v 0.203616 0.349670 3.010347
v 0.178048 0.373074 2.974311
l 10071 10072
v 1.244363 0.036281 2.849063
v 1.196589 0.039982 2.863343
l 10073 10074
v 0.364173 -0.060596 1.861323
v 0.382136 -0.057762 1.814748
l 10075 10076
v 0.359828 -0.060884 1.863247
v 0.313031 -0.062352 1.845699
l 10077 10078
v 0.263770 -0.027769 2.818333
v 0.284028 -0.064033 2.790503
l 10079 10080
v -0.223710 -0.055855 2.439473
v -0.186902 -0.083341 2.419734
l 10081 10082
v 0.851030 0.249593 2.833290
v 0.814346 0.283550 2.834388
l 10083 10084
v 1.069853 0.152241 2.796530
v 1.067219 0.189011 2.762751
l 10085 10086
v 0.349914 0.745395 2.804740
v 0.322975 0.744514 2.762627
l 10087 10088
v 0.645448 0.744017 2.827420
v 0.680435 0.708340 2.825678
l 10089 10090
v 0.636178 -0.046497 2.670037
v 0.611941 -0.079989 2.641914
l 10091 10092
v 0.260246 -0.024540 2.819150
v 0.245088 0.019185 2.800220
l 10093 10094
v 0.341851 -0.007085 2.844953
v 0.379751 0.016716 2.822658
l 10095 10096
v 2.598170 1.786453 4.818170
v 2.613275 1.793430 4.771019
l 10097 10098
v 0.732402 -0.048207 2.592137
v 0.740203 -0.038155 2.543783
l 10099 10100
v 0.576216 -0.044763 2.550793
v 0.587684 0.003571 2.545113
l 10101 10102
v 2.603087 1.793903 4.823187
v 2.617466 1.824720 4.786532
l 10103 10104
v 0.199874 0.465475 3.010713
v 0.157259 0.485947 2.994440
l 10105 10106
v 0.240738 0.559515 2.798107
v 0.208252 0.596643 2.789974
l 10107 10108
v 0.198531 0.148616 3.030843
v 0.158454 0.145153 3.001147
l 10109 10110
v 0.341783 -0.065695 1.672287
v 0.297430 -0.068196 1.649340
l 10111 10112
v 0.346704 -0.066832 1.746920
v 0.343617 -0.097667 1.707681
l 10113 10114
v 0.568774 -0.062847 1.748943
v 0.560084 -0.111382 1.740648
l 10115 10116
v 0.152350 -0.083793 0.944639
v 0.195435 -0.061943 0.931743
l 10117 10118
v 0.147522 -0.084021 0.944630
v 0.111398 -0.086050 0.910120
l 10119 10120
v -0.347699 -0.086874 1.245537
v -0.306204 -0.114765 1.246074
l 10121 10122
v -0.348270 -0.080278 1.245493
v -0.312189 -0.045664 1.245628
l 10123 10124
v -0.350621 -0.083820 1.243173
v -0.384531 -0.086997 1.206567
l 10125 10126
v 0.347128 -0.060205 1.746877
v 0.347961 -0.029733 1.707244
l 10127 10128
v 0.194087 0.978852 2.767857
v 0.177471 0.966238 2.722417
l 10129 10130
v -0.146757 -0.087598 1.041697
v -0.134925 -0.109829 0.998501
l 10131 10132
v -0.148468 -0.083714 1.146860
v -0.190340 -0.084841 1.119557
l 10133 10134
v -0.523232 -0.098081 0.757297
v -0.474818 -0.094854 0.769365
l 10135 10136
v -0.526828 -0.101636 0.756149
v -0.540230 -0.141888 0.729689
l 10137 10138
v -0.526957 -0.095317 0.754979
v -0.541750 -0.067755 0.715972
l 10139 10140
v 0.525595 -0.063753 1.661213
v 0.546370 -0.068568 1.615989
l 10141 10142
v -0.428264 -0.101634 0.626578
v -0.380258 -0.115162 0.623051
l 10143 10144
v -0.044636 -0.095068 0.553576
v -0.053170 -0.050066 0.533527
l 10145 10146
v 0.249523 -0.097321 0.538958
v 0.262287 -0.122979 0.497985
l 10147 10148
v 0.244896 -0.096104 0.542457
v 0.199261 -0.114495 0.551357
l 10149 10150
v -0.047456 -0.099264 0.443094
v -0.029919 -0.054919 0.428062
l 10151 10152
v -0.082345 0.115301 0.285733
v -0.097793 0.068172 0.292076
l 10153 10154
v 0.048576 -0.096299 0.542139
v 0.017574 -0.077589 0.507660
l 10155 10156
v 0.042087 -0.086935 0.940351
v 0.079085 -0.086145 0.906728
l 10157 10158
v 0.250899 -0.087403 0.848279
v 0.282598 -0.083257 0.809834
l 10159 10160
v -0.046035 -0.078181 1.345697
v -0.084232 -0.078609 1.313435
l 10161 10162
v -0.046278 -0.106298 0.342417
v -0.007137 -0.092805 0.314383
l 10163 10164
v -0.051153 -0.106337 0.343111
v -0.091934 -0.089474 0.319605
l 10165 10166
v -0.049690 -0.104027 0.441488
v -0.076173 -0.124167 0.404165
l 10167 10168
v 0.264805 -0.097672 0.390060
v 0.241332 -0.055153 0.401941
l 10169 10170
v 0.548011 -0.080772 0.944000
v 0.587516 -0.061279 0.920351
l 10171 10172
v 0.543190 -0.081606 0.944672
v 0.501095 -0.078240 0.917901
l 10173 10174
v 0.346245 -0.085530 0.952731
v 0.310764 -0.104967 0.923348
l 10175 10176
v 0.348214 -0.080808 0.954733
v 0.340679 -0.031655 0.959953
l 10177 10178
v 0.351382 -0.084831 0.953569
v 0.396244 -0.095300 0.934133
l 10179 10180
v 0.346826 -0.079464 1.036687
v 0.345726 -0.051069 0.995546
l 10181 10182
v 0.228971 0.953468 2.771573
v 0.259598 0.913946 2.771516
l 10183 10184
v 0.242787 -0.086167 1.048470
v 0.257975 -0.132561 1.037656
l 10185 10186
v 0.234342 -0.070235 1.518370
v 0.248715 -0.071775 1.470505
l 10187 10188
v 0.154941 -0.083846 1.037160
v 0.127249 -0.071673 0.997348
l 10189 10190
v -0.256738 -0.079733 1.241330
v -0.218791 -0.047382 1.244996
l 10191 10192
v -0.041382 -0.071173 1.529083
v 0.003305 -0.049691 1.522629
l 10193 10194
v -0.636348 -0.092732 0.950701
v -0.591759 -0.076043 0.965972
l 10195 10196
v -0.654022 -0.091356 1.044857
v -0.604651 -0.086728 1.038444
l 10197 10198
v -0.638947 -0.097355 0.948872
v -0.631988 -0.143904 0.931998
l 10199 10200
v -0.640273 -0.091898 0.946781
v -0.650159 -0.069158 0.903363
l 10201 10202
v -0.449290 -0.095918 0.840640
v -0.470738 -0.103812 0.796168
l 10203 10204
v -0.446066 -0.092834 0.843462
v -0.416832 -0.052271 0.843350
l 10205 10206
v -0.445401 -0.098711 0.844185
v -0.410493 -0.134499 0.843395
l 10207 10208
v -0.658094 -0.089104 1.043297
v -0.687744 -0.063440 1.012276
l 10209 10210
v -0.545112 -0.087756 1.159800
v -0.578846 -0.088534 1.122903
l 10211 10212
v -0.440845 -0.099099 0.672124
v -0.394690 -0.099869 0.691335
l 10213 10214
v -0.347892 -0.097611 0.842574
v -0.349046 -0.126106 0.801505
l 10215 10216
v -0.433515 -0.103573 0.624582
v -0.452542 -0.134750 0.590436
l 10217 10218
v -0.431218 -0.101531 0.641434
v -0.385333 -0.116202 0.654825
l 10219 10220
v -0.503043 -0.096939 0.691441
v -0.498702 -0.053842 0.666465
l 10221 10222
v -0.346036 -0.104303 0.626516
v -0.308388 -0.137205 0.626290
l 10223 10224
v -0.345641 -0.097702 0.625832
v -0.304376 -0.070222 0.619342
l 10225 10226
v -0.247434 -0.096022 0.646916
v -0.280165 -0.071985 0.617747
l 10227 10228
v -0.246712 -0.102567 0.647745
v -0.272719 -0.139492 0.626294
l 10229 10230
v -0.436168 -0.094131 0.643400
v -0.449951 -0.047019 0.633891
l 10231 10232
v -0.347429 -0.102909 0.668175
v -0.336587 -0.134687 0.631126
l 10233 10234
v -0.348002 -0.090947 0.842687
v -0.350114 -0.061137 0.802600
l 10235 10236
v -0.442226 -0.100026 0.747721
v -0.405387 -0.132043 0.736865
l 10237 10238
v -0.254496 -0.076714 1.464997
v -0.210508 -0.058090 1.450224
l 10239 10240
v -0.443506 -0.094620 0.748339
v -0.422252 -0.049742 0.754190
l 10241 10242
v -0.458818 -0.088443 1.247123
v -0.463482 -0.128012 1.216916
l 10243 10244
v -0.549391 -0.077940 1.352957
v -0.544524 -0.049634 1.312028
l 10245 10246
v -0.549319 -0.084603 1.353117
v -0.543823 -0.114723 1.313587
l 10247 10248
v 0.148495 -0.076447 1.360937
v 0.108407 -0.075534 1.331068
l 10249 10250
v -0.336574 -0.075052 1.653977
v -0.296463 -0.104370 1.659595
l 10251 10252
v -0.336587 -0.068394 1.653727
v -0.296597 -0.038574 1.657121
l 10253 10254
v -0.338751 -0.071825 1.651270
v -0.369680 -0.073362 1.612014
l 10255 10256
v -0.258876 -0.083163 1.238903
v -0.291031 -0.084646 1.200643
l 10257 10258
v -0.256368 -0.086373 1.241277
v -0.215062 -0.114368 1.244455
l 10259 10260
v -0.351243 -0.090604 1.147953
v -0.341906 -0.138459 1.136875
l 10261 10262
v -0.351304 -0.085188 1.145113
v -0.342716 -0.066921 1.099369
l 10263 10264
v -0.334245 -0.074971 1.466800
v -0.293014 -0.047279 1.472566
l 10265 10266
v -0.447321 -0.086793 1.141650
v -0.478578 -0.071125 1.105908
l 10267 10268
v -0.442835 -0.087925 1.142800
v -0.398991 -0.089091 1.118792
l 10269 10270
v -0.651134 -0.070592 1.738573
v -0.693060 -0.071803 1.711356
l 10271 10272
v -0.912353 -0.085807 1.280200
v -0.927098 -0.039514 1.268385
l 10273 10274
v -0.648477 -0.082366 1.245273
v -0.645542 -0.052892 1.204991
l 10275 10276
v -0.646266 -0.088780 1.158140
v -0.609465 -0.090481 1.124335
l 10277 10278
v -0.442875 -0.070710 1.639307
v -0.453167 -0.054190 1.593250
l 10279 10280
v -0.457158 -0.082741 1.247100
v -0.449147 -0.046643 1.213443
l 10281 10282
v -0.352357 -0.083988 1.347050
v -0.356326 -0.129095 1.325846
l 10283 10284
v -0.149027 -0.080658 1.436920
v -0.130475 -0.124509 1.421659
l 10285 10286
v -0.151737 -0.076091 1.435207
v -0.179874 -0.059494 1.397354
l 10287 10288
v -0.348889 -0.080934 1.350043
v -0.301079 -0.073752 1.362797
l 10289 10290
v -0.352851 -0.078630 1.345883
v -0.351784 -0.044264 1.309581
l 10291 10292
v 0.440582 -0.069435 1.460813
v 0.415255 -0.066680 1.417790
l 10293 10294
v 0.142274 -0.064905 1.660530
v 0.102686 -0.048338 1.634872
l 10295 10296
v 0.243242 -0.069491 1.439263
v 0.200919 -0.043138 1.443048
l 10297 10298
v 0.247910 -0.069234 1.438647
v 0.278390 -0.069242 1.399011
l 10299 10300
v 0.145500 -0.072028 1.457170
v 0.148129 -0.022098 1.457442
l 10301 10302
v 0.147145 -0.075864 1.454633
v 0.176101 -0.083624 1.414617
l 10303 10304
v 0.245481 -0.073052 1.342080
v 0.234183 -0.047479 1.300626
l 10305 10306
v 0.648181 -0.073228 1.152617
v 0.603713 -0.059119 1.134629
l 10307 10308
v 0.142025 -0.076042 1.246650
v 0.100874 -0.048562 1.239477
l 10309 10310
v 0.146711 -0.076576 1.247047
v 0.185270 -0.076468 1.215216
l 10311 10312
v 0.350867 -0.077020 1.338960
v 0.367303 -0.099616 1.297495
l 10313 10314
v 0.524129 -0.060104 1.664050
v 0.488316 -0.026648 1.673956
l 10315 10316
v 0.641958 0.547372 2.829173
v 0.601356 0.543112 2.800306
l 10317 10318
v 1.546653 1.749003 4.858210
v 1.547579 1.768500 4.812177
l 10319 10320
v 1.544607 1.746450 4.861680
v 1.516454 1.705187 4.863868
l 10321 10322
v -0.043476 0.714081 4.685340
v -0.018974 0.745756 4.655402
l 10323 10324
v -0.048356 0.711944 4.686713
v -0.095910 0.708075 4.671756
l 10325 10326
v 0.071734 1.259350 4.161250
v 0.052584 1.214364 4.150787
l 10327 10328
v 0.570038 1.498213 4.708697
v 0.576518 1.488909 4.659999
l 10329 10330
v 0.951410 1.553600 4.743830
v 0.970305 1.532564 4.702594
l 10331 10332
v 0.556930 1.539107 4.709633
v 0.547681 1.491789 4.722880
l 10333 10334
v 0.557331 1.542933 4.706653
v 0.550770 1.552137 4.657948
l 10335 10336
v 0.612365 1.595073 4.694247
v 0.629973 1.591876 4.647559
l 10337 10338
v 0.547842 1.656407 4.704937
v 0.505347 1.630134 4.706910
l 10339 10340
v 1.853973 1.636793 4.795897
v 1.878388 1.608981 4.762275
l 10341 10342
v 1.928873 1.577137 4.796630
v 1.945062 1.538490 4.769347
l 10343 10344
v 0.978731 1.496997 4.742897
v 0.980801 1.499755 4.693016
l 10345 10346
v 0.977089 1.492993 4.746993
v 0.950904 1.450613 4.751272
l 10347 10348
v 1.555520 0.059613 2.854263
v 1.524154 0.020783 2.851367
l 10349 10350
v 1.663097 0.160846 2.898030
v 1.640603 0.205270 2.902566
l 10351 10352
v 2.238500 0.351233 3.262217
v 2.218364 0.313472 3.236359
l 10353 10354
v 1.852473 0.030526 2.868787
v 1.841008 0.010525 2.824419
l 10355 10356
v 1.739950 0.451950 2.889610
v 1.725780 0.455507 2.841792
l 10357 10358
v 2.239457 0.356618 3.262287
v 2.227354 0.399239 3.239113
l 10359 10360
v 1.749323 0.821726 2.886587
v 1.767637 0.813764 2.840748
l 10361 10362
v 1.646337 0.347363 2.887050
v 1.612366 0.351624 2.850611
l 10363 10364
v 2.226060 0.754487 3.350670
v 2.191173 0.790270 3.352243
l 10365 10366
v 2.229857 0.752735 3.348283
v 2.237025 0.723236 3.308554
l 10367 10368
v 1.322220 0.556230 2.784867
v 1.281855 0.580067 2.767475
l 10369 10370
v 1.547433 0.451843 2.856987
v 1.528521 0.452197 2.810703
l 10371 10372
v 1.646900 0.448198 2.887350
v 1.603968 0.424215 2.878313
l 10373 10374
v 2.109607 0.909790 3.236153
v 2.078549 0.927408 3.201153
l 10375 10376
v 1.851233 0.846333 2.920617
v 1.829104 0.890042 2.910626
l 10377 10378
v 1.725533 0.060572 2.883120
v 1.699495 0.026770 2.857053
l 10379 10380
v 1.727543 0.341681 2.890640
v 1.682355 0.346078 2.869695
l 10381 10382
v 0.888526 -0.047612 2.522473
v 0.870913 -0.055076 2.476277
l 10383 10384
v 1.673890 0.419379 2.897177
v 1.650042 0.438163 2.857447
l 10385 10386
v 1.328643 -0.018140 2.876550
v 1.304409 -0.050387 2.847006
l 10387 10388
v 1.247740 0.145492 2.768667
v 1.234187 0.193588 2.766916
l 10389 10390
v 1.139627 -0.038940 2.203023
v 1.123314 0.004139 2.183580
l 10391 10392
v 1.138063 -0.044748 2.202473
v 1.114967 -0.075465 2.170489
l 10393 10394
v 1.037267 0.444914 2.801337
v 1.034302 0.395306 2.806833
l 10395 10396
v 0.922584 -0.049383 2.539280
v 0.944456 -0.068082 2.498390
l 10397 10398
v 1.381460 -0.024956 2.755943
v 1.343501 -0.057497 2.755501
l 10399 10400
v 1.381940 -0.018677 2.755227
v 1.349291 0.018255 2.746854
l 10401 10402
v 1.664290 0.249963 2.899177
v 1.644143 0.204920 2.907253
l 10403 10404
v 1.113097 -0.031599 2.633517
v 1.120409 0.013979 2.614303
l 10405 10406
v 1.355617 0.054190 2.836803
v 1.352396 0.062042 2.787529
l 10407 10408
v 1.127193 0.146116 2.787433
v 1.138646 0.101541 2.767890
l 10409 10410
v 1.127983 0.151332 2.787170
v 1.105249 0.183187 2.756051
l 10411 10412
v 1.733037 0.131680 2.892083
v 1.729178 0.104086 2.850566
l 10413 10414
v 1.668997 0.155839 2.891377
v 1.700493 0.143470 2.854567
l 10415 10416
v 1.663700 0.146250 2.891677
v 1.694515 0.120504 2.861885
l 10417 10418
v 1.733127 0.554733 2.884933
v 1.693562 0.548872 2.854928
l 10419 10420
v 1.249300 0.142173 2.765520
v 1.261708 0.121342 2.721792
l 10421 10422
v 1.454620 0.454597 2.831600
v 1.459333 0.492905 2.799815
l 10423 10424
v 1.451743 0.452273 2.834593
v 1.417451 0.416140 2.830301
l 10425 10426
v 1.550283 0.361347 2.860513
v 1.558324 0.401986 2.832516
l 10427 10428
v 1.547063 0.358725 2.863000
v 1.511811 0.324906 2.852347
l 10429 10430
v 1.749200 0.214923 2.901383
v 1.745073 0.165293 2.905838
l 10431 10432
v 1.731423 0.249116 2.894040
v 1.698121 0.284860 2.883394
l 10433 10434
v 1.556160 0.064399 2.852410
v 1.538708 0.106550 2.831947
l 10435 10436
v 0.953282 0.655930 2.804443
v 0.984100 0.668148 2.767014
l 10437 10438
v 0.951510 0.652727 2.807737
v 0.927694 0.608765 2.807391
l 10439 10440
v 1.154083 0.084011 2.780167
v 1.198453 0.087391 2.757366
l 10441 10442
v 1.149237 0.082958 2.779010
v 1.108737 0.095291 2.752407
l 10443 10444
v 1.253360 -0.021943 2.789327
v 1.262826 -0.012802 2.741090
l 10445 10446
v 1.260070 -0.032054 2.661580
v 1.269656 -0.070012 2.630478
l 10447 10448
v 1.254607 -0.029110 2.663377
v 1.206603 -0.036014 2.651213
l 10449 10450
v 1.259197 -0.026910 2.662107
v 1.277890 0.016957 2.647065
l 10451 10452
v 0.954868 -0.038014 2.683653
v 0.993172 -0.049937 2.653810
l 10453 10454
v 1.244640 0.082018 2.774640
v 1.242166 0.125041 2.749286
l 10455 10456
v 1.051280 0.044067 2.831040
v 1.085925 0.029341 2.798133
l 10457 10458
v 1.318470 0.149174 2.794630
v 1.290189 0.159398 2.754685
l 10459 10460
v 1.118337 0.140444 2.795080
v 1.129762 0.096057 2.775098
l 10461 10462
v 1.249407 0.352817 2.762243
v 1.247549 0.396697 2.738345
l 10463 10464
v 0.937520 -0.022154 2.883357
v 0.892648 -0.041980 2.893024
l 10465 10466
v 1.058333 0.149314 2.798537
v 1.036168 0.162574 2.755725
l 10467 10468
v 1.066573 0.143965 2.799380
v 1.061124 0.094609 2.793522
l 10469 10470
v 0.950008 -0.037458 2.684057
v 0.909843 -0.042120 2.654646
l 10471 10472
v 1.031083 -0.022087 2.844713
v 0.990710 -0.051528 2.846520
l 10473 10474
v 1.049800 -0.041678 2.539713
v 1.035862 -0.056335 2.493987
l 10475 10476
v 1.147750 0.251946 2.785243
v 1.136606 0.249600 2.736558
l 10477 10478
v 1.237927 -0.020282 2.843433
v 1.192399 -0.028854 2.862241
l 10479 10480
v 1.846110 0.036083 2.880757
v 1.809650 0.004723 2.894439
l 10481 10482
v 1.739680 0.080538 2.890027
v 1.745403 0.110807 2.850644
l 10483 10484
v 1.733423 0.236387 2.893140
v 1.705715 0.215379 2.857211
l 10485 10486
v 1.043747 0.153034 2.806677
v 0.998337 0.139325 2.822488
l 10487 10488
v 1.141133 0.150742 2.789543
v 1.167177 0.109279 2.779416
l 10489 10490
v 1.058327 0.080613 2.792217
v 1.077461 0.042368 2.766310
l 10491 10492
v 1.085577 0.138113 2.798757
v 1.060743 0.094966 2.794103
l 10493 10494
v 0.899121 -0.050175 2.526150
v 0.921811 -0.082675 2.495672
l 10495 10496
v 0.908210 -0.053809 2.533940
v 0.929059 -0.073290 2.492881
l 10497 10498
v 0.756119 0.454189 2.824623
v 0.784733 0.482442 2.794909
l 10499 10500
v 1.049613 0.448019 2.794030
v 1.050765 0.422581 2.751000
l 10501 10502
v 1.095050 0.137204 2.793497
v 1.093018 0.101267 2.758792
l 10503 10504
v 1.147340 0.038312 2.840227
v 1.103807 0.026884 2.818448
l 10505 10506
v 1.152190 0.039689 2.840067
v 1.181054 0.073999 2.817937
l 10507 10508
v 1.249423 -0.022981 2.792423
v 1.200953 -0.031681 2.801083
l 10509 10510
v 1.035297 -0.022152 2.842430
v 1.067694 -0.043565 2.810935
l 10511 10512
v 1.053560 0.083494 2.793257
v 1.005441 0.086789 2.780078
l 10513 10514
v 1.316443 0.454687 2.789237
v 1.342042 0.413889 2.775815
l 10515 10516
v 1.312323 0.456745 2.790443
v 1.272139 0.473330 2.765742
l 10517 10518
v 0.949693 0.149298 2.818420
v 0.974415 0.173461 2.782296
l 10519 10520
v 1.045747 0.154196 2.802463
v 1.062095 0.143082 2.756537
l 10521 10522
v 1.333503 0.080624 2.793467
v 1.352296 0.038862 2.773399
l 10523 10524
v 0.634749 -0.076661 0.952851
v 0.632986 -0.034491 0.926046
l 10525 10526
v 0.636685 -0.082385 0.952184
v 0.658695 -0.110501 0.917183
l 10527 10528
v 0.631805 -0.081084 0.954553
v 0.584782 -0.097502 0.958951
l 10529 10530
v 1.112510 -0.037256 2.631677
v 1.112337 -0.063475 2.589103
l 10531 10532
v 1.107530 0.134509 2.798550
v 1.130521 0.098727 2.772261
l 10533 10534
v 1.430977 0.013413 2.624773
v 1.403431 -0.006162 2.587921
l 10535 10536
v 1.137463 0.745747 2.768197
v 1.092651 0.744320 2.746065
l 10537 10538
v 0.946468 2.049937 4.732837
v 0.910605 2.053049 4.698136
l 10539 10540
v 1.025193 2.052990 4.769937
v 0.984360 2.079938 4.759619
l 10541 10542
v 1.489307 2.647880 4.792283
v 1.502467 2.603727 4.772858
l 10543 10544
v 1.193087 2.694760 4.768040
v 1.157038 2.660767 4.761331
l 10545 10546
v 1.200810 2.693620 4.765230
v 1.225804 2.650398 4.762546
l 10547 10548
v 1.872007 1.839290 4.791047
v 1.877264 1.804709 4.755319
l 10549 10550
v 1.753870 1.841100 4.773170
v 1.710274 1.864977 4.767760
l 10551 10552
v 2.560173 1.618757 4.798007
v 2.514636 1.598109 4.798151
l 10553 10554
v 1.869990 1.549183 4.805560
v 1.820831 1.540350 4.807886
l 10555 10556
v 1.766847 1.757107 4.751797
v 1.759645 1.719433 4.719721
l 10557 10558
v 1.767287 1.761810 4.753383
v 1.765061 1.808012 4.734399
l 10559 10560
v 1.879340 1.827273 4.800100
v 1.876157 1.817729 4.751123
l 10561 10562
v 1.737117 1.741623 4.820447
v 1.740788 1.745772 4.770754
l 10563 10564
v 1.752877 1.649730 4.779580
v 1.741656 1.609378 4.752271
l 10565 10566
v 1.748797 1.650963 4.794237
v 1.724007 1.607871 4.799574
l 10567 10568
v 2.624773 1.650880 4.809317
v 2.632076 1.635738 4.762228
l 10569 10570
v 2.623787 1.647830 4.814703
v 2.615938 1.600422 4.828520
l 10571 10572
v 1.734180 1.568300 4.831853
v 1.730054 1.604316 4.797418
l 10573 10574
v 1.262010 1.676433 4.831583
v 1.299722 1.673606 4.798875
l 10575 10576
v 2.561263 1.637090 4.784807
v 2.547822 1.682752 4.769500
l 10577 10578
v 1.439363 1.563877 4.855650
v 1.405796 1.567384 4.818759
l 10579 10580
v 1.761217 1.530353 4.751567
v 1.781623 1.484721 4.752710
l 10581 10582
v 1.756183 1.533113 4.750087
v 1.714323 1.523118 4.724635
l 10583 10584
v 1.563987 1.658703 4.858410
v 1.604512 1.650391 4.830328
l 10585 10586
v 1.561060 1.656997 4.861750
v 1.520567 1.627668 4.862089
l 10587 10588
v 1.549887 1.565883 4.866210
v 1.582529 1.529614 4.855301
l 10589 10590
v 1.548073 1.570513 4.864380
v 1.557270 1.613653 4.840834
l 10591 10592
v 1.544933 1.567067 4.866443
v 1.500206 1.546293 4.858204
l 10593 10594
v 1.739180 1.656993 4.806237
v 1.721516 1.610558 4.811870
l 10595 10596
v 1.743933 1.658650 4.795267
v 1.723298 1.700455 4.777195
l 10597 10598
v 1.648803 1.650770 4.862320
v 1.671547 1.684940 4.833769
l 10599 10600
v 1.644163 1.647830 4.862647
v 1.596122 1.645135 4.849055
l 10601 10602
v 1.552223 1.846380 4.859190
v 1.517226 1.810871 4.862970
l 10603 10604
v 1.636967 1.742527 4.859687
v 1.618377 1.757704 4.815822
l 10605 10606
v 1.636787 1.739527 4.863710
v 1.618009 1.695039 4.876681
l 10607 10608
v 1.450930 1.737047 4.850943
v 1.465767 1.694100 4.830075
l 10609 10610
v 1.307140 2.256073 4.682223
v 1.290895 2.208833 4.680102
l 10611 10612
v 1.291567 2.255700 4.682970
v 1.299138 2.207144 4.673753
l 10613 10614
v 1.245793 2.354800 4.785397
v 1.253701 2.305870 4.778814
l 10615 10616
v 2.576637 1.923047 4.829213
v 2.558109 1.876606 4.829299
l 10617 10618
v 1.674850 2.371137 4.782390
v 1.649231 2.358063 4.741491
l 10619 10620
v 2.577877 1.860963 4.819773
v 2.611613 1.825065 4.811219
l 10621 10622
v 2.632267 1.830673 4.835847
v 2.629632 1.862666 4.797513
l 10623 10624
v 2.662440 1.957097 4.817977
v 2.668938 1.941897 4.770788
l 10625 10626
v 1.968733 2.438780 4.832893
v 1.934327 2.427187 4.798516
l 10627 10628
v 2.192900 2.247417 4.708750
v 2.171792 2.248574 4.663439
l 10629 10630
v 2.194110 2.243523 4.713130
v 2.188419 2.194987 4.723705
l 10631 10632
v 2.081113 2.206683 4.583690
v 2.063123 2.160307 4.588747
l 10633 10634
v 2.080560 2.211457 4.580600
v 2.055895 2.230335 4.541417
l 10635 10636
v 1.547053 2.356080 4.805753
v 1.497115 2.354915 4.807948
l 10637 10638
v 2.199910 0.866576 3.172220
v 2.149915 0.867145 3.172651
l 10639 10640
v 1.726800 2.418670 4.801687
v 1.681272 2.400574 4.791698
l 10641 10642
v 2.012227 2.651530 4.662347
v 2.019483 2.602116 4.664709
l 10643 10644
v 2.178930 0.861750 3.356440
v 2.142049 0.886744 3.333744
l 10645 10646
v 1.734837 0.759883 2.885263
v 1.691346 0.779762 2.870655
l 10647 10648
v 1.795803 0.830321 2.900853
v 1.757460 0.799081 2.893514
l 10649 10650
v 1.052130 0.646831 2.792403
v 1.054470 0.597605 2.800847
l 10651 10652
v 0.970594 0.764093 2.793473
v 0.921952 0.753956 2.787882
l 10653 10654
v 0.973820 0.767734 2.792867
v 0.973175 0.815186 2.777121
l 10655 10656
v 1.050470 0.650446 2.788703
v 1.018799 0.660489 2.751340
l 10657 10658
v 1.840097 1.634320 4.793070
v 1.826154 1.595042 4.765451
l 10659 10660
v 1.756017 1.479327 4.776600
v 1.774383 1.448955 4.741383
l 10661 10662
v 1.944727 1.491573 4.810577
v 1.963296 1.482558 4.765037
l 10663 10664
v 1.940937 1.490780 4.813867
v 1.897423 1.466314 4.816690
l 10665 10666
v 1.953763 1.542270 4.807460
v 1.947357 1.494396 4.794534
l 10667 10668
v 1.827927 1.561997 4.779727
v 1.779586 1.574315 4.783106
l 10669 10670
v 2.048740 1.715027 4.808347
v 2.087864 1.729273 4.780664
l 10671 10672
v 1.725757 2.069820 4.820180
v 1.711269 2.115134 4.804793
l 10673 10674
v 2.056317 0.903623 3.278147
v 2.009062 0.913198 3.291389
l 10675 10676
v 2.204410 0.870398 3.170313
v 2.206700 0.915387 3.148618
l 10677 10678
v 0.850174 0.814409 2.809833
v 0.843317 0.861961 2.795985
l 10679 10680
v 0.648061 0.814794 2.815823
v 0.607478 0.837799 2.797830
l 10681 10682
v 0.949073 0.817376 2.803937
v 0.900991 0.803775 2.805697
l 10683 10684
v 0.900039 0.797042 2.798470
v 0.873436 0.754713 2.799199
l 10685 10686
v 0.858941 -0.032182 2.758997
v 0.846328 -0.049967 2.714001
l 10687 10688
v 0.844681 0.741453 2.818287
v 0.826188 0.695682 2.826225
l 10689 10690
v 0.846786 0.745071 2.815687
v 0.867938 0.750783 2.770743
l 10691 10692
v 0.545218 0.249974 2.832137
v 0.505196 0.247068 2.802306
l 10693 10694
v 0.168401 0.325017 3.432600
v 0.186637 0.280547 3.418824
l 10695 10696
v 0.197042 0.201750 3.045600
v 0.206204 0.222304 3.000951
l 10697 10698
v -0.683546 -0.060579 2.236837
v -0.651540 -0.069502 2.199474
l 10699 10700
v 0.757267 0.347674 2.828490
v 0.751024 0.391897 2.806011
l 10701 10702
v 0.550437 0.141257 2.834340
v 0.555972 0.101658 2.804319
l 10703 10704
v 0.547654 0.144183 2.836937
v 0.515123 0.180901 2.827268
l 10705 10706
v 0.350261 0.059318 2.817517
v 0.369111 0.104416 2.806990
l 10707 10708
v 0.350931 0.054008 2.817603
v 0.378783 0.017948 2.797012
l 10709 10710
v -0.589206 -0.056018 2.301733
v -0.540425 -0.054831 2.290826
l 10711 10712
v 0.744205 0.055393 2.832633
v 0.697063 0.045912 2.818931
l 10713 10714
v 0.747569 0.058783 2.834673
v 0.762382 0.106180 2.828837
l 10715 10716
v 0.748739 0.054128 2.833867
v 0.786636 0.029114 2.812935
l 10717 10718
v 0.648909 0.054306 2.830683
v 0.662209 0.041574 2.784197
l 10719 10720
v 0.646228 0.055645 2.834347
v 0.609972 0.089356 2.841347
l 10721 10722
v 1.040480 -0.038395 2.640523
v 0.996541 -0.030587 2.617975
l 10723 10724
v 1.241400 -0.020398 2.840197
v 1.266864 -0.056359 2.816565
l 10725 10726
v 0.640598 -0.036051 2.746683
v 0.624742 -0.062477 2.707310
l 10727 10728
v 1.358360 0.353920 2.805730
v 1.339471 0.335089 2.763438
l 10729 10730
v 1.355950 0.353686 2.811873
v 1.313867 0.332619 2.828760
l 10731 10732
v -0.049211 -0.059597 1.840873
v -0.043445 -0.035573 1.797403
l 10733 10734
v 1.245723 0.141331 2.770077
v 1.210925 0.109404 2.786500
l 10735 10736
v 1.043463 -0.042036 2.640853
v 1.080085 -0.070008 2.621450
l 10737 10738
v 0.758682 0.650368 2.819227
v 0.801375 0.653563 2.793398
l 10739 10740
v 0.443167 0.052458 2.823843
v 0.462616 0.055917 2.777911
l 10741 10742
v 0.759241 -0.034404 2.748123
v 0.749439 -0.061841 2.707489
l 10743 10744
v 0.761133 -0.029244 2.749737
v 0.777357 0.014311 2.731304
l 10745 10746
v 0.944807 0.252248 2.818950
v 0.905917 0.221759 2.826566
l 10747 10748
v 1.019300 0.531495 2.800567
v 0.972064 0.531272 2.784174
l 10749 10750
v 0.845364 0.051815 2.832177
v 0.805763 0.082153 2.835534
l 10751 10752
v 0.919813 -0.045764 2.541577
v 0.912821 0.003717 2.543228
l 10753 10754
v 0.647189 0.147826 2.840083
v 0.624275 0.146582 2.795660
l 10755 10756
v 0.850583 -0.017856 2.837597
v 0.848904 0.030965 2.826935
l 10757 10758
v 0.849435 -0.022610 2.836477
v 0.856861 -0.055403 2.799470
l 10759 10760
v 0.853404 0.247105 2.829887
v 0.890168 0.248429 2.796024
l 10761 10762
v 0.851475 0.244901 2.833590
v 0.819852 0.206627 2.839513
l 10763 10764
v 0.940533 -0.021160 2.879393
v 0.948180 -0.001932 2.833876
l 10765 10766
v 0.852993 0.146318 2.830867
v 0.892350 0.148200 2.800086
l 10767 10768
v 0.850572 0.143702 2.834090
v 0.815998 0.107614 2.832587
l 10769 10770
v 0.850581 0.148482 2.834393
v 0.815872 0.184343 2.837439
l 10771 10772
v 1.032133 -0.017787 2.842870
v 1.026752 0.030618 2.831557
l 10773 10774
v 1.329403 0.083278 2.793890
v 1.281995 0.080426 2.778259
l 10775 10776
v 0.945714 0.255831 2.816020
v 0.945964 0.291998 2.781496
l 10777 10778
v 0.761535 0.550566 2.819717
v 0.762238 0.582245 2.781039
l 10779 10780
v 0.759270 0.548287 2.823277
v 0.725847 0.511263 2.826754
l 10781 10782
v 1.200437 -0.034930 2.399667
v 1.223538 0.001943 2.375035
l 10783 10784
v 1.121453 -0.040296 2.022233
v 1.119470 -0.006234 1.985684
l 10785 10786
v 0.853679 -0.047417 2.037183
v 0.833430 -0.077375 2.002651
l 10787 10788
v 0.965334 -0.050496 1.743793
v 0.959356 -0.001605 1.735198
l 10789 10790
v 0.963569 -0.054977 1.741343
v 0.936237 -0.072220 1.703190
l 10791 10792
v 0.846531 0.653510 2.820343
v 0.813767 0.655160 2.782610
l 10793 10794
v 0.849594 0.651360 2.823237
v 0.882390 0.613892 2.818695
l 10795 10796
v 0.555764 -0.065913 1.443223
v 0.554436 -0.024756 1.414862
l 10797 10798
v 0.554177 -0.071726 1.442150
v 0.552052 -0.105045 1.404930
l 10799 10800
v 1.197297 -0.038790 2.399437
v 1.148406 -0.046565 2.392419
l 10801 10802
v 1.024417 0.535201 2.798840
v 1.028125 0.571332 2.764477
l 10803 10804
v 1.444280 0.648019 2.828943
v 1.410499 0.677650 2.807014
l 10805 10806
v -0.275641 0.948793 4.690510
v -0.318038 0.945536 4.664207
l 10807 10808
v -0.140637 0.740265 4.695207
v -0.135983 0.753264 4.647151
l 10809 10810
v -0.148083 0.730157 4.688507
v -0.116109 0.745811 4.653397
l 10811 10812
v -0.153116 0.729829 4.690597
v -0.201683 0.740436 4.685238
l 10813 10814
v -0.259888 0.845016 4.691640
v -0.253291 0.851695 4.642529
l 10815 10816
v -0.247590 0.842646 4.694703
v -0.226833 0.858224 4.651966
l 10817 10818
v -0.348247 0.466579 4.671277
v -0.329762 0.420353 4.675908
l 10819 10820
v -0.253745 0.762620 4.694443
v -0.257628 0.754394 4.645278
l 10821 10822
v -0.349356 0.469525 4.667640
v -0.333537 0.501949 4.633022
l 10823 10824
v -0.452434 0.646615 4.659677
v -0.492019 0.616078 4.658944
l 10825 10826
v -0.347323 0.526337 4.672017
v -0.318259 0.566816 4.667927
l 10827 10828
v 0.749155 -0.049189 2.636833
v 0.720689 -0.078418 2.607932
l 10829 10830
v 0.642458 -0.031565 2.748403
v 0.656846 0.014944 2.737004
l 10831 10832
v 0.755065 0.142939 2.834330
v 0.719515 0.177849 2.838521
l 10833 10834
v 0.348164 0.142104 2.822460
v 0.344094 0.101264 2.793902
l 10835 10836
v 0.351157 0.145050 2.825100
v 0.387441 0.178338 2.816420
l 10837 10838
v 0.545478 0.059265 2.826723
v 0.513626 0.049606 2.789412
l 10839 10840
v 0.425802 -0.044379 2.922380
v 0.438809 -0.004870 2.894633
l 10841 10842
v 0.426321 -0.050145 2.922597
v 0.446353 -0.088661 2.897792
l 10843 10844
v 1.247517 0.033576 2.845630
v 1.255947 -0.009642 2.821943
l 10845 10846
v 1.248240 0.038258 2.846837
v 1.259124 0.080952 2.823198
l 10847 10848
v 0.755686 0.652485 2.822190
v 0.716946 0.683675 2.817058
l 10849 10850
v 0.646572 0.445371 2.831277
v 0.636151 0.419036 2.790071
l 10851 10852
v 0.854931 -0.042277 2.039277
v 0.849181 0.004353 2.022172
l 10853 10854
v 1.211217 -0.037286 2.523980
v 1.205100 -0.067703 2.484770
l 10855 10856
v 1.211347 -0.030633 2.523897
v 1.206388 -0.000987 2.483940
l 10857 10858
v 1.088600 -0.046372 2.306137
v 1.091026 -0.073185 2.264004
l 10859 10860
v 1.087950 -0.039886 2.306940
v 1.084074 -0.003738 2.272614
l 10861 10862
v 0.957455 0.819584 2.801993
v 0.967411 0.854503 2.767620
l 10863 10864
v 0.636989 -0.040096 2.669507
v 0.621223 -0.006639 2.635860
l 10865 10866
v 1.240147 -0.015928 2.839200
v 1.217761 0.020904 2.813857
l 10867 10868
v 0.954340 0.044723 2.832430
v 0.951554 0.000354 2.809546
l 10869 10870
v 1.162117 -0.022060 2.845070
v 1.137840 -0.041780 2.806060
l 10871 10872
v 0.848328 0.049511 2.828647
v 0.855451 0.028615 2.783784
l 10873 10874
v 0.646253 -0.066003 1.463017
v 0.681722 -0.068685 1.427878
l 10875 10876
v 0.641429 -0.066116 1.463370
v 0.602843 -0.070720 1.431907
l 10877 10878
v 0.247259 -0.078638 1.343743
v 0.247380 -0.123845 1.322382
l 10879 10880
v 0.152960 -0.060724 1.744817
v 0.189330 -0.029232 1.731197
l 10881 10882
v 0.152907 -0.067342 1.744343
v 0.188784 -0.097149 1.726333
l 10883 10884
v 0.149529 -0.063911 1.743257
v 0.104908 -0.061946 1.720782
l 10885 10886
v 0.544588 -0.078757 1.143220
v 0.545728 -0.126214 1.127517
l 10887 10888
v 0.749476 -0.070314 1.345917
v 0.730259 -0.115937 1.352936
l 10889 10890
v 0.748582 -0.065237 1.347147
v 0.715402 -0.028326 1.353200
l 10891 10892
v 0.752006 -0.067436 1.342230
v 0.756664 -0.054941 1.294041
l 10893 10894
v 0.836941 -0.065220 1.249677
v 0.828222 -0.016605 1.241896
l 10895 10896
v 0.634467 -0.061117 1.551690
v 0.595270 -0.030261 1.548288
l 10897 10898
v 0.634509 -0.067720 1.552207
v 0.595713 -0.099226 1.553708
l 10899 10900
v 0.637198 -0.064571 1.549787
v 0.672803 -0.067082 1.514773
l 10901 10902
v -0.145603 -0.080309 1.148553
v -0.106295 -0.051084 1.138514
l 10903 10904
v -0.145561 -0.086971 1.148763
v -0.105884 -0.116267 1.140549
l 10905 10906
v 0.451912 -0.076555 1.249490
v 0.490889 -0.073542 1.218318
l 10907 10908
v 0.449409 -0.080092 1.251727
v 0.414549 -0.115618 1.246959
l 10909 10910
v 0.448561 -0.073511 1.251303
v 0.405950 -0.048822 1.242659
l 10911 10912
v 0.653905 -0.071840 1.256700
v 0.687594 -0.073171 1.219778
l 10913 10914
v 0.744324 -0.070335 1.154600
v 0.729452 -0.022679 1.157369
l 10915 10916
v 0.743842 -0.074866 1.152090
v 0.730094 -0.093680 1.107852
l 10917 10918
v 0.848286 -0.057455 1.643340
v 0.816497 -0.063936 1.605294
l 10919 10920
v 0.649187 -0.071877 1.256930
v 0.610815 -0.073701 1.224926
l 10921 10922
v 0.852851 -0.056919 1.644403
v 0.895351 -0.055175 1.618121
l 10923 10924
v 0.851038 -0.054296 1.752253
v 0.882369 -0.054054 1.713288
l 10925 10926
v 0.229767 1.045653 2.766293
v 0.243929 1.046149 2.718343
l 10927 10928
v 0.643341 0.248141 2.835490
v 0.606607 0.243432 2.801897
l 10929 10930
v 0.351210 -0.071237 1.533650
v 0.349989 -0.096138 1.490309
l 10931 10932
v 0.193072 1.048727 2.763223
v 0.196307 1.047541 2.713342
l 10933 10934
v 0.205655 1.044393 2.763720
v 0.206679 1.044323 2.713731
l 10935 10936
v 0.218096 1.049657 2.764803
v 0.222995 1.055564 2.715396
l 10937 10938
v 0.651104 -0.077731 1.046500
v 0.615579 -0.076236 1.011347
l 10939 10940
v 0.053447 -0.088609 0.743244
v 0.082486 -0.048210 0.738270
l 10941 10942
v 0.051377 -0.092833 0.740991
v 0.026340 -0.105890 0.699728
l 10943 10944
v -0.435117 -0.080641 1.365850
v -0.399068 -0.085961 1.331613
l 10945 10946
v -0.059060 -0.077740 1.247530
v -0.080411 -0.032996 1.241040
l 10947 10948
v -0.734391 -0.094172 1.060383
v -0.689400 -0.115370 1.055234
l 10949 10950
v 0.816631 -0.073689 1.175577
v 0.771767 -0.094164 1.183827
l 10951 10952
v 0.820950 -0.074570 1.170773
v 0.819857 -0.103977 1.130350
l 10953 10954
v 0.718949 -0.076286 1.051830
v 0.737929 -0.077530 1.005589
l 10955 10956
v 0.717582 -0.079533 1.055097
v 0.680503 -0.109408 1.070350
l 10957 10958
v 0.717450 -0.072877 1.054863
v 0.679201 -0.043501 1.068058
l 10959 10960
v 0.544394 -0.074071 1.141303
v 0.542486 -0.043080 1.102113
l 10961 10962
v 0.543631 -0.074633 1.251270
v 0.500963 -0.079726 1.225707
l 10963 10964
v 0.637856 -0.066695 1.338950
v 0.632125 -0.047661 1.293071
l 10965 10966
v 0.736061 -0.066298 1.543367
v 0.723198 -0.114613 1.542872
l 10967 10968
v 0.537752 -0.068024 1.356773
v 0.497436 -0.039228 1.363515
l 10969 10970
v 0.043248 -0.077402 1.357560
v 0.079115 -0.074469 1.322848
l 10971 10972
v 0.053859 -0.082702 1.243427
v 0.037128 -0.128458 1.232180
l 10973 10974
v 0.153241 -0.066820 1.553860
v 0.143600 -0.036385 1.515379
l 10975 10976
v 0.153076 -0.073443 1.554010
v 0.141892 -0.105064 1.516928
l 10977 10978
v -0.041726 -0.082266 1.143867
v -0.072699 -0.083376 1.104631
l 10979 10980
v 0.052185 -0.089330 0.846305
v 0.091121 -0.089999 0.814944
l 10981 10982
v 0.047890 -0.087083 0.846559
v 0.007653 -0.058653 0.838033
l 10983 10984
v -0.144945 -0.091900 0.944531
v -0.107405 -0.124891 0.943018
l 10985 10986
v -0.048002 -0.084469 0.937509
v -0.041927 -0.059041 0.894888
l 10987 10988
v 0.053314 -0.081777 1.148167
v 0.015343 -0.076809 1.116019
l 10989 10990
v 0.151669 -0.078151 1.135943
v 0.150788 -0.051542 1.093621
l 10991 10992
v 0.151839 -0.084801 1.136367
v 0.152452 -0.116571 1.097763
l 10993 10994
v 0.050419 -0.071279 1.559933
v 0.093463 -0.071702 1.534497
l 10995 10996
v 0.147660 -0.065405 1.660290
v 0.187198 -0.056184 1.631105
l 10997 10998
v 0.647714 -0.059788 1.729140
v 0.683220 -0.056622 1.694079
l 10999 11000
v 0.567999 -0.057806 1.746643
v 0.554080 -0.033344 1.705317
l 11001 11002
v 1.247380 -0.044508 1.790130
v 1.246298 -0.050245 1.740472
l 11003 11004
v 0.756190 0.647802 2.822443
v 0.726609 0.607506 2.821319
l 11005 11006
v 1.032567 0.803987 2.782777
v 0.997411 0.798134 2.747708
l 11007 11008
v 1.037480 0.802115 2.784190
v 1.068262 0.762731 2.783057
l 11009 11010
v 0.165504 0.721538 3.394970
v 0.149316 0.690413 3.359345
l 11011 11012
v 0.353514 -0.072328 1.423427
v 0.339648 -0.076003 1.375529
l 11013 11014
v 0.650956 0.810180 2.815580
v 0.652732 0.762899 2.799416
l 11015 11016
v 0.451846 0.751917 2.815237
v 0.403395 0.747961 2.803542
l 11017 11018
v 0.456543 0.753553 2.813143
v 0.479357 0.786110 2.782820
l 11019 11020
v 0.456103 0.749851 2.816220
v 0.473834 0.703221 2.819574
l 11021 11022
v 0.192200 0.731374 3.022427
v 0.241079 0.731379 3.011902
l 11023 11024
v 0.968990 -0.032854 2.728693
v 0.960968 0.015142 2.717206
l 11025 11026
v 0.208502 0.654859 2.997233
v 0.239572 0.616148 2.991223
l 11027 11028
v 0.242159 0.648739 2.802593
v 0.239727 0.599988 2.791757
l 11029 11030
v 0.169800 0.675542 3.367873
v 0.164652 0.647817 3.326584
l 11031 11032
v 0.180284 0.531237 3.311653
v 0.177407 0.502831 3.270607
l 11033 11034
v 0.180834 0.535821 3.312607
v 0.186348 0.577230 3.285131
l 11035 11036
v 0.192249 0.478963 3.030607
v 0.157850 0.475838 2.994455
l 11037 11038
v 0.159460 0.556995 3.502000
v 0.174865 0.509459 3.503748
l 11039 11040
v 1.356467 1.555800 4.843343
v 1.320778 1.525533 4.825731
l 11041 11042
v 0.149000 0.560211 3.512963
v 0.111936 0.577119 3.483974
l 11043 11044
v 1.731257 1.564963 4.834263
v 1.687895 1.542314 4.844596
l 11045 11046
v 1.736623 1.563940 4.832550
v 1.767650 1.527087 4.819163
l 11047 11048
v 1.241963 2.358337 4.786193
v 1.193309 2.368178 4.792184
l 11049 11050
v 1.553247 2.679810 4.753997
v 1.532331 2.673508 4.709021
l 11051 11052
v 1.286690 2.614003 4.817593
v 1.285274 2.565386 4.829186
l 11053 11054
v 1.287923 2.617557 4.813357
v 1.306825 2.619988 4.767131
l 11055 11056
v 1.060383 2.715620 4.796110
v 1.030545 2.684973 4.770218
l 11057 11058
v 1.348803 1.769117 4.832313
v 1.383164 1.732805 4.833193
l 11059 11060
v 1.941547 1.953510 4.792140
v 1.941845 1.908958 4.769446
l 11061 11062
v 1.553880 1.949533 4.851347
v 1.594954 1.936278 4.826104
l 11063 11064
v 0.777816 2.436670 4.660453
v 0.777557 2.391426 4.681735
l 11065 11066
v 1.265990 2.255503 4.674103
v 1.218270 2.245648 4.685315
l 11067 11068
v 1.568877 2.434563 4.835450
v 1.576427 2.426431 4.786697
l 11069 11070
v 1.448700 1.852870 4.851047
v 1.434659 1.863007 4.804142
l 11071 11072
v 1.450697 1.850543 4.854680
v 1.483110 1.812756 4.859320
l 11073 11074
v 1.555197 1.847903 4.855780
v 1.574023 1.845645 4.809515
l 11075 11076
v 1.860170 1.843913 4.786677
v 1.850587 1.806576 4.754832
l 11077 11078
v 1.857283 1.854867 4.782543
v 1.820311 1.886401 4.770769
l 11079 11080
v 1.945807 1.842927 4.795323
v 1.938402 1.808283 4.760039
l 11081 11082
v 1.856957 2.043893 4.773000
v 1.869021 2.009767 4.738506
l 11083 11084
v 1.727357 2.141513 4.819547
v 1.698402 2.105899 4.799715
l 11085 11086
v 2.188947 2.230673 4.671037
v 2.157835 2.249962 4.636977
l 11087 11088
v 1.045720 2.416973 4.778770
v 1.017776 2.391265 4.746240
l 11089 11090
v 2.120950 2.584360 4.594697
v 2.106095 2.575562 4.547772
l 11091 11092
v 2.174960 2.582067 4.736460
v 2.192337 2.565764 4.692503
l 11093 11094
v 1.770067 2.708023 4.720930
v 1.799057 2.721958 4.682649
l 11095 11096
v 2.012713 2.656023 4.659163
v 2.016400 2.669662 4.611201
l 11097 11098
v 1.146083 2.241233 4.829613
v 1.106465 2.210852 4.832320
l 11099 11100
v 2.080187 2.584997 4.651550
v 2.059216 2.623569 4.627625
l 11101 11102
v 2.080797 2.579893 4.651087
v 2.093652 2.540448 4.623179
l 11103 11104
v 2.226760 0.821668 3.340033
v 2.220919 0.845630 3.296540
l 11105 11106
v 2.224277 0.818446 3.342460
v 2.216428 0.769557 3.349409
l 11107 11108
v 1.751530 2.051330 4.776903
v 1.733010 2.086158 4.746178
l 11109 11110
v 1.748440 2.127227 4.757250
v 1.719685 2.167250 4.748806
l 11111 11112
v 1.748157 2.121917 4.757403
v 1.721441 2.081918 4.771057
l 11113 11114
v 1.752003 2.124327 4.755727
v 1.782016 2.121573 4.715831
l 11115 11116
v 2.222550 0.823236 3.243067
v 2.178771 0.847035 3.247191
l 11117 11118
v 2.156107 0.869767 3.143847
v 2.172582 0.823006 3.137367
l 11119 11120
v 2.054857 0.898975 3.266463
v 2.005594 0.890627 3.268347
l 11121 11122
v 2.489780 1.746237 4.717813
v 2.462495 1.786502 4.706228
l 11123 11124
v 2.481453 1.861453 4.725060
v 2.442407 1.846570 4.697603
l 11125 11126
v 1.426920 2.343000 4.794480
v 1.384510 2.335251 4.769155
l 11127 11128
v 2.001967 2.431050 4.855620
v 1.975350 2.422469 4.814172
l 11129 11130
v 1.748373 1.939307 4.779543
v 1.721437 1.901611 4.760743
l 11131 11132
v 1.631313 1.955927 4.854430
v 1.583239 1.947343 4.843697
l 11133 11134
v 1.733107 1.941773 4.822873
v 1.719108 1.935175 4.775329
l 11135 11136
v 1.852297 2.047407 4.774600
v 1.812766 2.066448 4.750625
l 11137 11138
v 1.636357 1.844280 4.862717
v 1.591547 1.866418 4.864151
l 11139 11140
v 1.446777 1.740907 4.850867
v 1.405910 1.753752 4.825081
l 11141 11142
v 1.852917 1.951377 4.772867
v 1.867392 1.910697 4.747655
l 11143 11144
v 1.357023 1.948770 4.824393
v 1.360075 1.909293 4.793860
l 11145 11146
v 1.731480 1.940850 4.827487
v 1.691908 1.919763 4.849609
l 11147 11148
v 1.635753 1.954593 4.855890
v 1.671320 1.923107 4.840280
l 11149 11150
v 0.997581 2.306907 4.648757
v 0.948390 2.314431 4.653615
l 11151 11152
v 1.001329 2.304753 4.646760
v 1.007909 2.270002 4.611418
l 11153 11154
v 1.163437 2.294640 4.765137
v 1.147648 2.330432 4.733997
l 11155 11156
v 1.166640 2.291543 4.766690
v 1.183664 2.247271 4.750875
l 11157 11158
v 0.851975 2.567697 4.677703
v 0.835254 2.574281 4.631045
l 11159 11160
v 1.352567 2.052947 4.828353
v 1.321869 2.058752 4.789316
l 11161 11162
v 1.259810 2.070640 4.815203
v 1.260279 2.095414 4.771775
l 11163 11164
v 1.256537 2.069157 4.819367
v 1.210906 2.053399 4.832388
l 11165 11166
v 0.856410 1.562053 4.741270
v 0.890009 1.525111 4.743793
l 11167 11168
v -0.010031 0.212779 4.702083
v -0.021571 0.261373 4.699741
l 11169 11170
v 1.263883 2.286690 4.754630
v 1.239718 2.282048 4.711104
l 11171 11172
v 0.948578 2.047160 4.736020
v 0.986650 2.014761 4.735066
l 11173 11174
v 1.346427 1.771710 4.828927
v 1.347737 1.808766 4.795383
l 11175 11176
v 2.489167 1.741277 4.718413
v 2.461076 1.699914 4.718627
l 11177 11178
v 1.142013 2.046727 4.827203
v 1.151344 2.000206 4.842976
l 11179 11180
v 0.948824 1.947500 4.740160
v 0.915989 1.910688 4.748329
l 11181 11182
v 1.018557 2.578713 4.751043
v 0.971107 2.594437 4.752173
l 11183 11184
v 1.140723 2.049603 4.822673
v 1.122045 2.047536 4.776339
l 11185 11186
v 1.140490 1.949103 4.826330
v 1.132869 1.939646 4.777828
l 11187 11188
v 0.992296 2.394160 4.729890
v 1.028400 2.389987 4.695552
l 11189 11190
v 1.146033 1.846393 4.828530
v 1.109873 1.811905 4.826799
l 11191 11192
v 2.493643 1.743603 4.715957
v 2.532293 1.735126 4.685390
l 11193 11194
v 1.146887 1.659773 4.837647
v 1.099313 1.669961 4.826114
l 11195 11196
v 1.151397 1.656413 4.835833
v 1.162716 1.622769 4.800620
l 11197 11198
v 1.070763 2.711433 4.799447
v 1.099809 2.693966 4.762688
l 11199 11200
v 1.345687 2.408707 4.806327
v 1.345563 2.432312 4.762250
l 11201 11202
v 1.348760 2.405507 4.809903
v 1.389697 2.376810 4.809085
l 11203 11204
v 1.343380 2.405317 4.809817
v 1.303901 2.375503 4.817065
l 11205 11206
v 1.773520 2.661383 4.763013
v 1.732248 2.633207 4.764658
l 11207 11208
v 1.146233 2.416313 4.802150
v 1.163905 2.442190 4.763187
l 11209 11210
v 1.145053 2.407733 4.800753
v 1.128993 2.406586 4.753417
l 11211 11212
v 2.062790 0.898276 3.261080
v 2.100316 0.869405 3.245011
l 11213 11214
v 2.057510 0.903003 3.255367
v 2.052223 0.919368 3.208417
l 11215 11216
v 2.204340 0.864971 3.169360
v 2.218336 0.831383 3.135068
l 11217 11218
v 2.180950 0.857119 3.356493
v 2.193814 0.813342 3.336047
l 11219 11220
v 2.151707 0.873034 3.143623
v 2.102709 0.874916 3.133842
l 11221 11222
v 2.060137 0.894247 3.272177
v 2.077852 0.847549 3.269843
l 11223 11224
v 1.652703 0.745472 2.877087
v 1.679484 0.759614 2.837302
l 11225 11226
v 2.041203 0.869366 3.048093
v 2.069618 0.861861 3.007642
l 11227 11228
v 1.746580 0.825040 2.888627
v 1.699780 0.839745 2.898295
l 11229 11230
v 2.060367 0.884016 3.127193
v 2.038232 0.897290 3.084369
l 11231 11232
v 2.060703 0.878762 3.130660
v 2.042391 0.832364 3.127209
l 11233 11234
v 1.652040 0.834493 2.863770
v 1.627699 0.856442 2.826011
l 11235 11236
v 1.644217 0.654405 2.882540
v 1.604067 0.624620 2.881603
l 11237 11238
v 1.811287 0.845698 2.894287
v 1.849727 0.827334 2.868112
l 11239 11240
v 1.804083 0.853857 2.896160
v 1.768253 0.880805 2.874023
l 11241 11242
v 1.802053 0.840996 2.893253
v 1.784430 0.839402 2.846489
l 11243 11244
v 1.996617 0.885120 3.162827
v 1.958317 0.881652 3.130872
l 11245 11246
v 2.036463 0.870230 3.049427
v 1.991845 0.875911 3.027588
l 11247 11248
v 2.132340 0.868557 3.062877
v 2.108407 0.884302 3.021897
l 11249 11250
v 1.940067 0.858365 2.959070
v 1.977333 0.849639 2.926898
l 11251 11252
v 1.936920 0.855741 2.961943
v 1.898402 0.823942 2.964220
l 11253 11254
v 1.937030 0.862134 2.960337
v 1.899569 0.892444 2.946995
l 11255 11256
v 1.738537 0.757971 2.883057
v 1.759588 0.717799 2.862006
l 11257 11258
v 1.647463 0.656420 2.879287
v 1.654182 0.688751 2.841742
l 11259 11260
v 2.156763 0.875098 3.141583
v 2.176898 0.899572 3.102910
l 11261 11262
v 2.227713 0.753294 3.260643
v 2.191091 0.724288 3.242826
l 11263 11264
v 2.234263 0.752546 3.260003
v 2.259387 0.716490 3.236155
l 11265 11266
v 1.642567 0.557874 2.882950
v 1.604615 0.571382 2.853332
l 11267 11268
v 1.365623 0.446684 2.810323
v 1.378287 0.404354 2.786919
l 11269 11270
v 1.145663 0.353047 2.781870
v 1.154956 0.389812 2.749282
l 11271 11272
v 1.320143 0.250629 2.795133
v 1.281272 0.261934 2.765787
l 11273 11274
v 1.355580 0.128934 2.806763
v 1.331851 0.086461 2.795233
l 11275 11276
v 1.359353 0.132347 2.805317
v 1.394414 0.142916 2.771272
l 11277 11278
v 1.320543 0.255910 2.803203
v 1.277215 0.275798 2.818274
l 11279 11280
v 1.032473 0.255900 2.802627
v 1.010475 0.290800 2.774377
l 11281 11282
v 1.031877 0.252499 2.806213
v 1.009848 0.207963 2.811808
l 11283 11284
v 0.752439 0.454160 2.827827
v 0.702529 0.456585 2.826084
l 11285 11286
v 1.073380 0.353371 2.794947
v 1.051443 0.376098 2.756188
l 11287 11288
v 0.169204 0.251841 3.455497
v 0.164855 0.256657 3.405920
l 11289 11290
v 0.170595 0.248395 3.458423
v 0.187568 0.201417 3.460644
l 11291 11292
v 0.210629 0.143274 3.015607
v 0.248054 0.111566 3.005917
l 11293 11294
v 0.206697 0.146139 3.013727
v 0.157649 0.142146 3.004873
l 11295 11296
v 0.213651 0.157169 2.987273
v 0.228556 0.190441 2.953056
l 11297 11298
v 0.207785 0.157713 2.998943
v 0.164655 0.182825 2.995915
l 11299 11300
v 0.439126 0.050542 2.826563
v 0.393046 0.031136 2.826498
l 11301 11302
v -0.672889 -0.059237 2.331817
v -0.664433 -0.080811 2.287510
l 11303 11304
v -0.010222 -0.059877 2.082400
v 0.028464 -0.089995 2.072586
l 11305 11306
v -0.010546 -0.053275 2.081953
v 0.025084 -0.021120 2.067933
l 11307 11308
v 0.353711 0.550350 2.817953
v 0.316830 0.516965 2.812928
l 11309 11310
v 0.858023 -0.039983 2.650580
v 0.843313 0.002894 2.629480
l 11311 11312
v 0.191516 0.740827 2.999467
v 0.171999 0.707039 2.968202
l 11313 11314
v 0.202011 0.780763 2.805107
v 0.239264 0.749060 2.794758
l 11315 11316
v 0.239859 0.751536 2.793113
v 0.194130 0.768947 2.782834
l 11317 11318
v 0.250092 0.750695 2.794670
v 0.280113 0.784614 2.773499
l 11319 11320
v 0.258895 0.749610 2.807340
v 0.289545 0.785998 2.791961
l 11321 11322
v 0.184925 0.736690 3.009597
v 0.157083 0.705277 2.982430
l 11323 11324
v 0.195130 0.755238 2.984377
v 0.168375 0.788787 2.958712
l 11325 11326
v -0.475490 -0.070020 1.736490
v -0.465559 -0.073546 1.687613
l 11327 11328
v -0.339557 -0.077863 1.564493
v -0.326290 -0.113537 1.532069
l 11329 11330
v -0.327806 -0.068488 1.752883
v -0.327617 -0.018802 1.747294
l 11331 11332
v 0.041571 -0.077337 1.461113
v 0.038881 -0.113870 1.427082
l 11333 11334
v 0.040822 -0.072147 1.462170
v 0.045526 -0.027159 1.440863
l 11335 11336
v -0.553738 -0.074363 1.555730
v -0.543910 -0.025417 1.558522
l 11337 11338
v -0.447071 -0.075119 1.457480
v -0.429646 -0.029832 1.445419
l 11339 11340
v -0.445700 -0.080738 1.456480
v -0.419390 -0.110861 1.426473
l 11341 11342
v -0.329371 -0.072155 1.750330
v -0.351219 -0.094267 1.711168
l 11343 11344
v -0.251023 -0.078955 1.347183
v -0.205158 -0.061021 1.355831
l 11345 11346
v -0.546391 -0.093420 0.946349
v -0.586250 -0.097372 0.916422
l 11347 11348
v -0.543725 -0.089822 0.948204
v -0.507060 -0.056835 0.939985
l 11349 11350
v -0.543206 -0.096452 0.948388
v -0.501823 -0.123740 0.941845
l 11351 11352
v -0.452321 -0.092896 1.039583
v -0.470409 -0.136466 1.023015
l 11353 11354
v -0.624537 -0.095574 0.872318
v -0.660828 -0.085090 0.839561
l 11355 11356
v -0.711729 -0.091826 0.986605
v -0.692637 -0.091232 0.940398
l 11357 11358
v -0.737474 -0.090399 1.059600
v -0.734594 -0.040804 1.053940
l 11359 11360
v -0.552638 -0.095515 0.840713
v -0.544654 -0.085257 0.792432
l 11361 11362
v -0.739545 -0.094228 1.057273
v -0.765183 -0.121976 1.024521
l 11363 11364
v -0.620590 -0.093226 0.874800
v -0.580249 -0.063925 0.871046
l 11365 11366
v -0.621504 -0.099562 0.873785
v -0.590673 -0.136225 0.859457
l 11367 11368
v -0.446946 -0.097429 0.744948
v -0.468443 -0.097365 0.699805
l 11369 11370
v -0.648345 -0.089018 1.245383
v -0.644215 -0.119661 1.206090
l 11371 11372
v -0.817983 -0.092111 1.153530
v -0.824279 -0.117726 1.111053
l 11373 11374
v -0.814884 -0.090960 1.158260
v -0.772220 -0.106369 1.179294
l 11375 11376
v 0.195799 0.788696 2.792557
v 0.200695 0.835693 2.776206
l 11377 11378
v -0.969696 -0.070959 1.858510
v -0.947412 -0.073040 1.813799
l 11379 11380
v -0.446070 -0.072780 1.537387
v -0.453634 -0.043182 1.497804
l 11381 11382
v -0.341101 -0.072973 1.565293
v -0.328733 -0.026239 1.552527
l 11383 11384
v 0.056342 -0.078813 1.150273
v 0.099686 -0.054103 1.147001
l 11385 11386
v -0.437833 -0.070617 1.643083
v -0.391143 -0.053047 1.639717
l 11387 11388
v -0.246598 -0.074231 1.560800
v -0.284834 -0.074536 1.528583
l 11389 11390
v -0.130552 -0.066222 1.734847
v -0.149450 -0.067084 1.688564
l 11391 11392
v 0.062523 -0.061007 1.745183
v 0.101240 -0.029508 1.742206
l 11393 11394
v 0.062451 -0.067598 1.745207
v 0.100470 -0.099956 1.742463
l 11395 11396
v -0.255670 -0.068335 1.765150
v -0.303679 -0.068023 1.751185
l 11397 11398
v -0.252213 -0.065058 1.765657
v -0.216419 -0.039099 1.742313
l 11399 11400
v -0.252459 -0.071680 1.766353
v -0.218849 -0.104471 1.749174
l 11401 11402
v -0.227329 -0.074303 1.635663
v -0.238602 -0.105142 1.597956
l 11403 11404
v -0.227426 -0.067651 1.635583
v -0.239588 -0.038071 1.597150
l 11405 11406
v -0.057340 -0.066435 1.633520
v -0.090844 -0.029790 1.627636
l 11407 11408
v -0.149887 -0.066294 1.653020
v -0.145452 -0.038702 1.611559
l 11409 11410
v -0.053145 -0.068839 1.633187
v -0.013511 -0.068743 1.602704
l 11411 11412
v 0.045797 -0.071225 1.558793
v 0.019864 -0.070854 1.516046
l 11413 11414
v -0.046318 -0.070643 1.528913
v -0.082191 -0.066684 1.494309
l 11415 11416
v -0.472890 -0.069591 1.740403
v -0.424369 -0.066554 1.752087
l 11417 11418
v -0.559953 -0.068982 1.825527
v -0.524018 -0.068623 1.790762
l 11419 11420
v -0.642443 -0.068712 1.819257
v -0.642380 -0.018769 1.816879
l 11421 11422
v -1.246927 -0.068507 1.870967
v -1.232329 -0.023763 1.854088
l 11423 11424
v -0.941160 -0.076982 1.648553
v -0.973968 -0.079039 1.610879
l 11425 11426
v -0.735781 -0.066232 2.038910
v -0.761034 -0.066600 1.995757
l 11427 11428
v -0.936376 -0.077107 1.648990
v -0.890032 -0.080226 1.630483
l 11429 11430
v -0.845393 -0.070590 1.860563
v -0.888662 -0.071697 1.835532
l 11431 11432
v -0.840800 -0.070424 1.859370
v -0.815173 -0.069046 1.816458
l 11433 11434
v -0.949672 -0.071948 1.760527
v -0.956327 -0.049419 1.716389
l 11435 11436
v -0.731165 -0.066184 2.040203
v -0.686158 -0.065825 2.018425
l 11437 11438
v -0.741788 -0.079965 1.536960
v -0.746432 -0.109394 1.496806
l 11439 11440
v -0.546303 -0.075660 1.432563
v -0.547767 -0.052430 1.388312
l 11441 11442
v -0.225201 -0.059049 1.925910
v -0.207618 -0.019105 1.901510
l 11443 11444
v -0.204683 -0.059727 1.912183
v -0.217635 -0.031660 1.872883
l 11445 11446
v 0.024263 -0.061030 1.867953
v -0.009680 -0.064167 1.831374
l 11447 11448
v -0.033424 -0.051689 2.238237
v -0.074857 -0.024085 2.233619
l 11449 11450
v -0.033092 -0.058330 2.238597
v -0.071555 -0.090247 2.237189
l 11451 11452
v -0.030607 -0.054995 2.236237
v 0.006885 -0.054917 2.203156
l 11453 11454
v -0.669083 -0.059566 2.337260
v -0.625879 -0.084147 2.342658
l 11455 11456
v 0.263633 0.145921 2.827433
v 0.233991 0.105656 2.827800
l 11457 11458
v 0.350974 0.246494 2.819327
v 0.384422 0.235161 2.783932
l 11459 11460
v 0.212571 0.152664 3.005877
v 0.260532 0.143559 2.995068
l 11461 11462
v 0.207046 0.152334 3.000197
v 0.162819 0.129151 2.997653
l 11463 11464
v 0.262610 0.252970 2.818807
v 0.263952 0.284471 2.780002
l 11465 11466
v 0.259934 0.250023 2.822040
v 0.224859 0.214394 2.821522
l 11467 11468
v 0.264639 0.149813 2.824457
v 0.267475 0.174548 2.781096
l 11469 11470
v 0.349003 0.249658 2.822353
v 0.317921 0.288630 2.818468
l 11471 11472
v 0.351950 0.653554 2.809550
v 0.344845 0.670523 2.763057
l 11473 11474
v 0.204587 0.438034 2.913280
v 0.180181 0.467391 2.880991
l 11475 11476
v 0.181365 0.561199 3.162250
v 0.182539 0.513692 3.146705
l 11477 11478
v 0.205724 0.461380 3.005303
v 0.223934 0.438496 2.964749
l 11479 11480
v 0.055832 -0.056078 2.083063
v 0.093507 -0.057139 2.050208
l 11481 11482
v 0.051562 -0.053505 2.083930
v 0.015186 -0.019797 2.077557
l 11483 11484
v 0.157556 -0.060309 1.802300
v 0.166764 -0.024490 1.768652
l 11485 11486
v 0.158458 -0.066828 1.801877
v 0.176419 -0.094247 1.764120
l 11487 11488
v 1.119240 -0.026178 2.733460
v 1.120513 0.023780 2.731867
l 11489 11490
v 0.052522 -0.059243 2.085217
v 0.026385 -0.101798 2.082784
l 11491 11492
v 1.116467 -0.030400 2.733723
v 1.071165 -0.051370 2.736551
l 11493 11494
v 0.946248 0.149658 2.822280
v 0.899742 0.166123 2.830412
l 11495 11496
v 1.057283 -0.032639 2.745243
v 1.020040 -0.063953 2.756748
l 11497 11498
v 1.342813 0.137043 2.805070
v 1.317269 0.095629 2.793564
l 11499 11500
v 0.669011 -0.047867 2.569223
v 0.621916 -0.041151 2.553829
l 11501 11502
v 0.574382 -0.049348 2.547897
v 0.561972 -0.065371 2.502189
l 11503 11504
v 0.673282 -0.048269 2.567113
v 0.706878 -0.039916 2.531037
l 11505 11506
v 0.464811 -0.016159 2.862527
v 0.438479 -0.058542 2.865738
l 11507 11508
v 0.445391 0.143564 2.829067
v 0.445489 0.115201 2.787890
l 11509 11510
v 0.573315 -0.045359 2.756923
v 0.577146 -0.073136 2.715526
l 11511 11512
v 0.572247 -0.040881 2.759167
v 0.536257 -0.006196 2.760477
l 11513 11514
v 0.469189 -0.014982 2.861083
v 0.497551 -0.002223 2.821932
l 11515 11516
v 0.463966 -0.011561 2.863413
v 0.446303 0.031354 2.844803
l 11517 11518
v 0.757386 0.140603 2.830720
v 0.786012 0.138700 2.789770
l 11519 11520
v 0.758306 0.254122 2.831130
v 0.715520 0.239207 2.809988
l 11521 11522
v 1.073077 0.349137 2.798407
v 1.046613 0.308701 2.811239
l 11523 11524
v 1.052610 0.740398 2.784647
v 1.058535 0.721344 2.738800
l 11525 11526
v 1.373953 0.830380 2.823053
v 1.336538 0.797213 2.823302
l 11527 11528
v 1.377527 0.833125 2.819763
v 1.391902 0.839730 2.772332
l 11529 11530
v 0.942244 0.350707 2.815250
v 0.898410 0.352409 2.791257
l 11531 11532
v 1.244980 0.443547 2.762743
v 1.217947 0.402929 2.751818
l 11533 11534
v 1.083170 0.252269 2.795277
v 1.084716 0.232980 2.749173
l 11535 11536
v 1.148783 0.443036 2.779540
v 1.141894 0.401166 2.753093
l 11537 11538
v 1.146887 0.446067 2.782900
v 1.111593 0.481441 2.784633
l 11539 11540
v 1.210827 -0.035560 2.330487
v 1.168813 -0.008485 2.331820
l 11541 11542
v 0.956669 0.048446 2.834283
v 0.984467 0.085847 2.816160
l 11543 11544
v 0.949448 0.251653 2.818360
v 0.989621 0.227386 2.801121
l 11545 11546
v 0.956992 0.446573 2.813583
v 0.916563 0.418531 2.822479
l 11547 11548
v 1.025277 0.453078 2.800090
v 1.017509 0.478253 2.757595
l 11549 11550
v 1.023503 0.449401 2.803517
v 0.986311 0.416988 2.811649
l 11551 11552
v 1.013620 0.843994 2.828603
v 1.025970 0.795932 2.834728
l 11553 11554
v 1.082223 0.256537 2.797883
v 1.060313 0.301314 2.801750
l 11555 11556
v 1.030290 0.350466 2.801323
v 1.025571 0.346323 2.751719
l 11557 11558
v 1.009760 0.737218 2.799673
v 0.962056 0.750715 2.806168
l 11559 11560
v 0.853734 0.549087 2.820747
v 0.853468 0.511278 2.788029
l 11561 11562
v 0.851514 0.551318 2.824350
v 0.814377 0.584529 2.828583
l 11563 11564
v 1.065853 0.446902 2.793957
v 1.057656 0.425271 2.749630
l 11565 11566
v 1.013357 0.848036 2.825467
v 1.021347 0.866745 2.779792
l 11567 11568
v 0.959540 0.447823 2.809717
v 0.992339 0.436922 2.773587
l 11569 11570
v 0.957884 0.451247 2.812983
v 0.934765 0.495571 2.812078
l 11571 11572
v 0.762046 0.258563 2.831193
v 0.770363 0.302523 2.808869
l 11573 11574
v 1.039060 -0.043679 2.013563
v 0.995437 -0.043243 1.989133
l 11575 11576
v 0.537833 -0.074689 1.356833
v 0.498235 -0.104337 1.364113
l 11577 11578
v 0.860241 -0.066239 1.434643
v 0.851768 -0.097122 1.396245
l 11579 11580
v 0.860044 -0.059605 1.434690
v 0.849741 -0.028742 1.396725
l 11581 11582
v 0.449509 -0.073071 1.349307
v 0.405472 -0.063684 1.327566
l 11583 11584
v 0.548490 -0.075700 1.250720
v 0.589389 -0.093300 1.227972
l 11585 11586
v 0.454269 -0.072236 1.350320
v 0.496152 -0.061604 1.325165
l 11587 11588
v 0.539751 -0.071358 1.354070
v 0.568294 -0.071378 1.313018
l 11589 11590
v 1.244877 -0.042364 1.797610
v 1.219985 -0.000524 1.809005
l 11591 11592
v 0.645266 -0.063317 1.731160
v 0.613822 -0.102153 1.732898
l 11593 11594
v 0.644275 -0.056933 1.730733
v 0.602551 -0.029511 1.728062
l 11595 11596
v 0.549108 -0.065457 1.530500
v 0.582888 -0.069160 1.493823
l 11597 11598
v 0.546937 -0.061888 1.532693
v 0.508829 -0.029519 1.532941
l 11599 11600
v 0.546517 -0.068526 1.532977
v 0.504642 -0.095705 1.535770
l 11601 11602
v 0.249545 -0.068338 1.647817
v 0.208878 -0.069864 1.618768
l 11603 11604
v 0.252664 -0.064960 1.649273
v 0.293570 -0.038847 1.637239
l 11605 11606
v 1.061607 0.552371 2.791503
v 1.049566 0.510065 2.767728
l 11607 11608
v 1.041113 0.452846 2.795450
v 1.027934 0.479930 2.755540
l 11609 11610
v 0.951354 0.827791 2.808917
v 0.958822 0.863646 2.774878
l 11611 11612
v 0.901924 0.800328 2.795077
v 0.932677 0.807326 2.756279
l 11613 11614
v 1.006453 0.648634 2.794163
v 1.042854 0.637599 2.761711
l 11615 11616
v 0.949249 0.821652 2.814403
v 0.903397 0.805176 2.825632
l 11617 11618
v 1.020567 0.739726 2.790293
v 1.001684 0.760041 2.748691
l 11619 11620
v 1.039703 0.736246 2.789890
v 1.028978 0.703791 2.753399
l 11621 11622
v 1.023060 0.735772 2.791007
v 1.037566 0.688908 2.781345
l 11623 11624
v 0.997420 0.637669 2.800167
v 0.947595 0.637178 2.804312
l 11625 11626
v 0.156431 0.560206 3.488453
v 0.155415 0.608185 3.474417
l 11627 11628
v 0.151948 0.559068 3.497007
v 0.101983 0.560940 3.496946
l 11629 11630
v 0.947239 0.548971 2.809630
v 0.904129 0.547684 2.784334
l 11631 11632
v 0.944397 0.737176 2.804757
v 0.961000 0.760776 2.763924
l 11633 11634
v 0.940624 0.736895 2.808587
v 0.891849 0.745057 2.815959
l 11635 11636
v 0.944329 0.733648 2.808217
v 0.950580 0.684105 2.810743
l 11637 11638
v 1.000175 0.647730 2.794303
v 0.962141 0.663749 2.766076
l 11639 11640
v 0.175054 0.368586 3.365963
v 0.189770 0.367225 3.318197
l 11641 11642
v 0.181398 0.529626 3.214887
v 0.153806 0.504016 3.181981
l 11643 11644
v 0.181161 0.536160 3.216077
v 0.151409 0.569715 3.193965
l 11645 11646
v 1.052753 -0.050431 1.840550
v 1.047306 -0.096548 1.822014
l 11647 11648
v 0.195166 0.556538 3.027067
v 0.235118 0.573502 3.002247
l 11649 11650
v 0.188805 0.556653 3.025500
v 0.165563 0.574749 2.985098
l 11651 11652
v 1.130513 -0.047913 1.745187
v 1.171137 -0.043337 1.716398
l 11653 11654
v 0.934901 -0.052728 1.835410
v 0.893880 -0.080622 1.829153
l 11655 11656
v 1.244303 -0.048574 1.798340
v 1.210588 -0.085490 1.797637
l 11657 11658
v 0.745088 -0.059820 1.734163
v 0.757226 -0.090949 1.696966
l 11659 11660
v 1.053367 -0.044923 1.838057
v 1.041389 -0.020166 1.796300
l 11661 11662
v 0.857291 -0.052968 1.847017
v 0.835611 -0.074779 1.807593
l 11663 11664
v 0.744355 -0.053238 1.733980
v 0.749577 -0.022303 1.695048
l 11665 11666
v 1.153440 0.810891 2.773917
v 1.137410 0.784959 2.734286
l 11667 11668
v 1.307037 -0.029101 2.623483
v 1.258611 -0.040216 2.617874
l 11669 11670
v 0.952168 0.047959 2.835777
v 0.908695 0.071624 2.842852
l 11671 11672
v 1.449317 0.116172 2.835593
v 1.410134 0.145706 2.845207
l 11673 11674
v 1.451347 0.113851 2.829730
v 1.431063 0.121732 2.784714
l 11675 11676
v 1.330780 0.140729 2.794400
v 1.321652 0.100653 2.765928
l 11677 11678
v 1.057153 -0.026910 2.741997
v 1.018640 -0.002255 2.721777
l 11679 11680
v 0.211111 0.437260 2.914083
v 0.248627 0.459273 2.889426
l 11681 11682
v 0.356896 0.552276 2.815050
v 0.392705 0.549743 2.780246
l 11683 11684
v -0.593262 -0.056074 2.299223
v -0.605994 -0.055743 2.250873
l 11685 11686
v -0.785059 -0.024445 4.582233
v -0.820726 -0.037123 4.549565
l 11687 11688
v -1.028460 -0.017706 4.596877
v -0.979773 -0.027315 4.602981
l 11689 11690
v -1.663743 -0.033315 4.533993
v -1.666527 0.006735 4.504190
l 11691 11692
v -1.748270 0.149947 4.583217
v -1.760029 0.192963 4.560604
l 11693 11694
v -1.942183 0.061622 4.566787
v -1.898424 0.058841 4.542758
l 11695 11696
v -1.760947 0.244510 4.578833
v -1.790839 0.251313 4.539334
l 11697 11698
v -1.649487 0.048956 4.578610
v -1.634430 0.046397 4.530999
l 11699 11700
v -1.852650 0.241363 4.578603
v -1.815405 0.274666 4.580539
l 11701 11702
v -1.146703 0.140363 4.618543
v -1.154758 0.126715 4.571121
l 11703 11704
v -2.050180 0.456079 4.551710
v -2.051799 0.499681 4.527291
l 11705 11706
v -2.047840 0.453435 4.554843
v -2.010155 0.420668 4.552365
l 11707 11708
v -2.047800 0.952184 4.547007
v -2.016827 0.991391 4.545144
l 11709 11710
v -1.758823 0.241912 4.582217
v -1.724113 0.205934 4.583124
l 11711 11712
v -1.846753 0.055686 4.571493
v -1.821108 0.061104 4.528914
l 11713 11714
v -2.681630 0.856715 4.498293
v -2.632992 0.849488 4.507353
l 11715 11716
v -2.356493 1.052057 4.517560
v -2.331252 1.009603 4.525342
l 11717 11718
v -2.142590 0.254814 4.550467
v -2.100753 0.252740 4.523165
l 11719 11720
v -2.551100 1.940307 4.475433
v -2.522261 1.936498 4.434767
l 11721 11722
v -2.043137 0.053201 4.560373
v -2.006531 0.019655 4.554481
l 11723 11724
v -2.139740 0.059708 4.558060
v -2.102863 0.025993 4.556205
l 11725 11726
v -2.141977 0.062805 4.554970
v -2.139960 0.105338 4.528761
l 11727 11728
v -1.854737 0.238870 4.575177
v -1.853924 0.196571 4.548528
l 11729 11730
v -2.349210 0.064860 4.536600
v -2.340161 0.107808 4.512650
l 11731 11732
v -2.248630 0.054648 4.551200
v -2.208658 0.025325 4.544686
l 11733 11734
v -2.051157 0.249168 4.557553
v -2.013531 0.282034 4.555516
l 11735 11736
v -2.057070 0.148989 4.564427
v -2.027848 0.189558 4.563937
l 11737 11738
v -2.053673 0.246393 4.554397
v -2.053553 0.205026 4.526312
l 11739 11740
v -1.939120 0.148431 4.569980
v -1.898043 0.143363 4.541927
l 11741 11742
v -2.645730 0.360110 4.510023
v -2.608216 0.390850 4.522176
l 11743 11744
v -1.653960 0.151639 4.589507
v -1.620003 0.114949 4.588613
l 11745 11746
v -1.422827 -0.031320 4.575777
v -1.422988 -0.077070 4.555604
l 11747 11748
v -1.656233 0.154398 4.586243
v -1.653079 0.194697 4.556815
l 11749 11750
v -1.744107 0.146147 4.583803
v -1.699380 0.134106 4.564973
l 11751 11752
v -2.359133 0.257060 4.537457
v -2.355337 0.278556 4.492473
l 11753 11754
v -2.144263 0.150508 4.556970
v -2.096346 0.149752 4.542710
l 11755 11756
v -2.357190 0.254646 4.541143
v -2.323468 0.218147 4.546679
l 11757 11758
v -1.436970 0.242557 4.603470
v -1.388405 0.234250 4.611979
l 11759 11760
v -1.159173 0.051598 4.612247
v -1.204104 0.059229 4.591679
l 11761 11762
v -1.155970 0.048361 4.613970
v -1.122938 0.016011 4.594934
l 11763 11764
v -1.048423 0.041368 4.612487
v -1.031169 0.018412 4.571556
l 11765 11766
v -1.031467 -0.014910 4.584913
v -1.061256 0.020092 4.565230
l 11767 11768
v -1.028493 -0.019143 4.584487
v -0.978990 -0.024006 4.579410
l 11769 11770
v -0.833010 0.336538 4.635423
v -0.792188 0.332453 4.606842
l 11771 11772
v -0.836065 0.339628 4.637997
v -0.867307 0.377595 4.628915
l 11773 11774
v -0.662712 0.633791 4.644440
v -0.707101 0.644019 4.623824
l 11775 11776
v -0.657470 0.634598 4.644250
v -0.622852 0.670392 4.639737
l 11777 11778
v -0.553646 0.542508 4.653143
v -0.542912 0.507638 4.618955
l 11779 11780
v -0.744722 0.754012 4.661913
v -0.706551 0.721792 4.659699
l 11781 11782
v -0.746881 0.757061 4.658873
v -0.745936 0.802361 4.637730
l 11783 11784
v -0.551821 0.763437 4.670143
v -0.547269 0.803417 4.640464
l 11785 11786
v -0.549901 0.760239 4.673170
v -0.520118 0.720275 4.669185
l 11787 11788
v -0.845175 0.649142 4.629117
v -0.805138 0.652377 4.599340
l 11789 11790
v -0.848119 0.646511 4.631917
v -0.883764 0.612163 4.624873
l 11791 11792
v -0.448094 0.573264 4.657487
v -0.456201 0.563293 4.609166
l 11793 11794
v -0.665154 0.328146 4.646217
v -0.674519 0.294761 4.610192
l 11795 11796
v -0.762069 0.623894 4.637507
v -0.741648 0.589056 4.608023
l 11797 11798
v -0.457810 0.458340 4.658897
v -0.487101 0.457257 4.618389
l 11799 11800
v -0.442046 0.253171 4.662827
v -0.407923 0.250932 4.626349
l 11801 11802
v -0.537627 0.660924 4.648193
v -0.507013 0.650347 4.610103
l 11803 11804
v -0.250413 0.370301 4.678730
v -0.211380 0.341071 4.667683
l 11805 11806
v -0.255750 0.371297 4.677250
v -0.290590 0.361660 4.642705
l 11807 11808
v -0.252008 0.375696 4.678833
v -0.239381 0.421870 4.664393
l 11809 11810
v -0.560713 0.351464 4.651970
v -0.519079 0.376259 4.639652
l 11811 11812
v 1.631263 2.053187 4.853937
v 1.643189 2.018705 4.819750
l 11813 11814
v 0.970344 2.373980 4.718500
v 0.978498 2.328720 4.738122
l 11815 11816
v 2.067700 2.256547 4.712877
v 2.054970 2.260728 4.664706
l 11817 11818
v 1.628397 2.054730 4.857440
v 1.583153 2.075849 4.860082
l 11819 11820
v 1.723320 1.841503 4.829200
v 1.695459 1.801353 4.818630
l 11821 11822
v 1.307783 2.260607 4.680557
v 1.326974 2.282112 4.639700
l 11823 11824
v 1.549833 1.953743 4.851547
v 1.535792 1.994494 4.826205
l 11825 11826
v 1.549583 1.949357 4.853443
v 1.513929 1.914805 4.859352
l 11827 11828
v 1.537450 2.136507 4.850713
v 1.501335 2.102090 4.847375
l 11829 11830
v 1.540477 2.138760 4.847653
v 1.583003 2.135332 4.821581
l 11831 11832
v 1.858633 2.125640 4.778770
v 1.854553 2.077757 4.764965
l 11833 11834
v 1.856757 2.130297 4.778317
v 1.819826 2.153995 4.754348
l 11835 11836
v 1.726620 1.844357 4.826903
v 1.750937 1.862241 4.787043
l 11837 11838
v 1.738117 1.658480 4.824263
v 1.718425 1.612716 4.820030
l 11839 11840
v 1.454640 1.943170 4.846427
v 1.434455 1.926789 4.803716
l 11841 11842
v 1.725923 2.064973 4.819817
v 1.743706 2.031384 4.787328
l 11843 11844
v 1.921757 2.059707 4.795903
v 1.880871 2.041664 4.818326
l 11845 11846
v 1.922997 2.060017 4.789383
v 1.893490 2.044807 4.751993
l 11847 11848
v 1.696197 2.227960 4.828700
v 1.649564 2.211655 4.836418
l 11849 11850
v 2.053897 2.189710 4.752257
v 2.031399 2.232598 4.739827
l 11851 11852
v 2.055563 2.184670 4.750090
v 2.055143 2.157875 4.707878
l 11853 11854
v 1.765663 2.226940 4.649650
v 1.800586 2.231426 4.614150
l 11855 11856
v 1.761583 2.225333 4.651547
v 1.724528 2.195244 4.636663
l 11857 11858
v 1.848947 1.955220 4.773317
v 1.811729 1.976039 4.747213
l 11859 11860
v 1.743183 1.663927 4.810483
v 1.728551 1.709832 4.797120
l 11861 11862
v 1.748857 1.944610 4.780313
v 1.731756 1.989018 4.764966
l 11863 11864
v 1.847593 2.695000 4.687437
v 1.884839 2.698841 4.654301
l 11865 11866
v 1.039507 2.373980 4.745063
v 1.051261 2.400804 4.704538
l 11867 11868
v 1.037397 2.369450 4.747040
v 1.016247 2.325953 4.734364
l 11869 11870
v 1.174113 2.711643 4.772533
v 1.195637 2.745054 4.742195
l 11871 11872
v 1.855717 2.252543 4.739903
v 1.848841 2.261773 4.691246
l 11873 11874
v 1.852650 2.249230 4.744330
v 1.811296 2.221149 4.745480
l 11875 11876
v 1.729357 2.185033 4.537023
v 1.741913 2.136657 4.535577
l 11877 11878
v 1.741600 2.404280 4.789493
v 1.768106 2.383868 4.752335
l 11879 11880
v 1.639157 2.139583 4.849040
v 1.626844 2.103994 4.816149
l 11881 11882
v 1.675050 2.249660 4.673757
v 1.638891 2.220397 4.655421
l 11883 11884
v 1.975647 2.230450 4.801953
v 1.978714 2.195099 4.766727
l 11885 11886
v 1.639487 1.842630 4.859293
v 1.651510 1.812940 4.820902
l 11887 11888
v 1.739627 1.495817 4.817270
v 1.703849 1.520278 4.792338
l 11889 11890
v 1.744880 1.493570 4.816550
v 1.780390 1.487568 4.781866
l 11891 11892
v 1.751987 1.482310 4.778190
v 1.702163 1.480768 4.782093
l 11893 11894
v 1.755870 1.485737 4.777260
v 1.772667 1.523456 4.749062
l 11895 11896
v 1.951947 1.547383 4.806783
v 1.932201 1.579227 4.773676
l 11897 11898
v 1.457667 2.148560 4.840883
v 1.496788 2.145666 4.809880
l 11899 11900
v 1.454680 2.146103 4.844240
v 1.424870 2.106006 4.846133
l 11901 11902
v 1.290483 2.264760 4.677933
v 1.299906 2.291527 4.636766
l 11903 11904
v 1.449027 2.062903 4.844810
v 1.488521 2.032665 4.839722
l 11905 11906
v 2.191067 2.226347 4.671940
v 2.193543 2.179908 4.653573
l 11907 11908
v 1.352727 2.287987 4.763520
v 1.306122 2.271296 4.756489
l 11909 11910
v 1.730213 2.190003 4.534670
v 1.754703 2.213615 4.498026
l 11911 11912
v 1.252500 2.225260 4.809883
v 1.254732 2.250824 4.766971
l 11913 11914
v 1.253810 2.412247 4.799973
v 1.280841 2.425564 4.760074
l 11915 11916
v 1.055980 2.415950 4.790893
v 1.066491 2.367528 4.797586
l 11917 11918
v 1.549467 2.052643 4.848787
v 1.511357 2.080528 4.832352
l 11919 11920
v 1.202783 2.700063 4.755450
v 1.237367 2.693346 4.719970
l 11921 11922
v 1.246453 2.359483 4.783063
v 1.262520 2.385755 4.743672
l 11923 11924
v 1.022993 2.578790 4.746233
v 1.019926 2.595794 4.699314
l 11925 11926
v 1.775303 2.665847 4.762967
v 1.783495 2.701027 4.728395
l 11927 11928
v 1.148690 2.144157 4.821297
v 1.114322 2.138006 4.785505
l 11929 11930
v 1.151637 2.142080 4.824793
v 1.190378 2.110570 4.827295
l 11931 11932
v 1.555440 2.239867 4.845513
v 1.565429 2.190988 4.848843
l 11933 11934
v 1.339740 2.306463 4.661687
v 1.300680 2.319215 4.633196
l 11935 11936
v 1.252993 2.133890 4.818353
v 1.221266 2.128624 4.780070
l 11937 11938
v 1.351607 2.148973 4.826730
v 1.303719 2.163105 4.824068
l 11939 11940
v 1.276777 2.257583 4.672007
v 1.284476 2.272441 4.624890
l 11941 11942
v 1.434717 2.341250 4.801420
v 1.444260 2.294152 4.815229
l 11943 11944
v 1.278503 2.253057 4.675377
v 1.289589 2.205258 4.684989
l 11945 11946
v 1.357270 2.287487 4.761450
v 1.389027 2.283726 4.723014
l 11947 11948
v 1.458660 2.344627 4.814337
v 1.436779 2.307089 4.839078
l 11949 11950
v 1.249417 2.223793 4.814107
v 1.201808 2.214642 4.826339
l 11951 11952
v 1.253990 2.222213 4.813403
v 1.278622 2.178799 4.816309
l 11953 11954
v 1.390267 2.346530 4.742260
v 1.381677 2.325581 4.697680
l 11955 11956
v 1.440317 2.347637 4.794693
v 1.457196 2.355493 4.748289
l 11957 11958
v 1.188470 2.696557 4.778707
v 1.157687 2.659774 4.764585
l 11959 11960
v 1.369873 2.616187 4.815617
v 1.383844 2.579054 4.785186
l 11961 11962
v 1.056590 2.728260 4.792563
v 1.020565 2.739938 4.759917
l 11963 11964
v 0.953933 2.268170 4.657037
v 0.995604 2.275618 4.630427
l 11965 11966
v 0.949542 2.269740 4.658350
v 0.903933 2.271367 4.637927
l 11967 11968
v 0.896738 2.545333 4.703063
v 0.871819 2.566002 4.664960
l 11969 11970
v 0.898281 2.540123 4.705070
v 0.890597 2.491048 4.699363
l 11971 11972
v 0.982539 2.579870 4.707833
v 0.992943 2.538018 4.682532
l 11973 11974
v 0.790232 2.444577 4.658913
v 0.782224 2.481512 4.626178
l 11975 11976
v 0.850384 2.565253 4.682740
v 0.812547 2.539492 4.702858
l 11977 11978
v 0.929191 2.206500 4.739693
v 0.922356 2.157095 4.736162
l 11979 11980
v 1.437163 2.244757 4.835593
v 1.404907 2.244440 4.797391
l 11981 11982
v 1.355167 2.145177 4.825477
v 1.366402 2.113505 4.788454
l 11983 11984
v 1.261790 2.067713 4.818600
v 1.286676 2.024549 4.822788
l 11985 11986
v 1.598117 2.286927 4.745973
v 1.632717 2.303791 4.714061
l 11987 11988
v 1.452263 2.342967 4.800873
v 1.477940 2.328212 4.760587
l 11989 11990
v 1.554397 2.242973 4.841983
v 1.564846 2.268813 4.800473
l 11991 11992
v 1.784710 2.336650 4.680527
v 1.779964 2.297824 4.649382
l 11993 11994
v 1.807817 2.386327 4.753353
v 1.853978 2.371671 4.740930
l 11995 11996
v 1.678597 2.253560 4.672253
v 1.704385 2.273813 4.634507
l 11997 11998
v 1.734450 2.406770 4.795933
v 1.693613 2.378471 4.790320
l 11999 12000
v 1.649950 2.235077 4.843230
v 1.624239 2.193605 4.832320
l 12001 12002
v 1.724803 2.637323 4.810553
v 1.771133 2.629170 4.793610
l 12003 12004
v 1.353913 2.050247 4.832080
v 1.382737 2.009934 4.838719
l 12005 12006
v 1.171267 2.707390 4.772733
v 1.152435 2.664317 4.755702
l 12007 12008
v 1.177897 2.702500 4.778500
v 1.159972 2.658157 4.763925
l 12009 12010
v 1.252177 2.683140 4.761383
v 1.208044 2.680553 4.738024
l 12011 12012
v 1.256747 2.685487 4.761937
v 1.295601 2.700728 4.734403
l 12013 12014
v 1.488407 2.649617 4.777573
v 1.449172 2.622783 4.793084
l 12015 12016
v 1.653013 2.419633 4.837523
v 1.661019 2.408756 4.789382
l 12017 12018
v 1.248743 2.403883 4.799470
v 1.235977 2.392624 4.752457
l 12019 12020
v 1.141350 2.429163 4.802970
v 1.136512 2.408894 4.757520
l 12021 12022
v 1.073530 2.419883 4.790917
v 1.101302 2.423526 4.749499
l 12023 12024
v 1.700913 2.227820 4.829280
v 1.737723 2.197291 4.814685
l 12025 12026
v 1.554893 2.358577 4.807930
v 1.584450 2.319290 4.817038
l 12027 12028
v 1.732853 2.247627 4.759307
v 1.755493 2.228741 4.718924
l 12029 12030
v 1.551630 2.242703 4.846320
v 1.503847 2.243368 4.861028
l 12031 12032
v 1.756997 2.370313 4.754750
v 1.800622 2.363422 4.731311
l 12033 12034
v 1.675177 2.292890 4.773690
v 1.627868 2.308364 4.778431
l 12035 12036
v 1.567317 2.431897 4.840307
v 1.553514 2.387230 4.858037
l 12037 12038
v 1.699207 2.232010 4.827820
v 1.704425 2.268682 4.794236
l 12039 12040
v 1.677797 2.291193 4.770153
v 1.691382 2.263940 4.730496
l 12041 12042
v 2.067303 2.253210 4.716560
v 2.052967 2.210096 4.737433
l 12043 12044
v 1.438973 2.242297 4.839567
v 1.465774 2.201135 4.848919
l 12045 12046
v 1.246873 1.853223 4.831240
v 1.282432 1.818079 4.830586
l 12047 12048
v 1.246283 1.857457 4.829193
v 1.252101 1.899209 4.802306
l 12049 12050
v 1.242213 1.853317 4.830377
v 1.198074 1.838395 4.812237
l 12051 12052
v 0.938024 2.159550 4.742367
v 0.900411 2.126621 4.743312
l 12053 12054
v 1.071220 2.417030 4.795163
v 1.061144 2.371990 4.814396
l 12055 12056
v 0.855725 2.564550 4.680727
v 0.890602 2.529247 4.674618
l 12057 12058
v 0.845089 2.361260 4.692633
v 0.831939 2.395425 4.658577
l 12059 12060
v 0.657569 1.556663 4.653347
v 0.649770 1.603471 4.637592
l 12061 12062
v 0.751523 2.607163 4.662473
v 0.755765 2.561417 4.682203
l 12063 12064
v 1.128100 2.364573 4.760867
v 1.127996 2.323691 4.732080
l 12065 12066
v 0.752218 2.358450 4.654217
v 0.708548 2.364522 4.630636
l 12067 12068
v 0.844246 2.271897 4.582323
v 0.889122 2.282640 4.563068
l 12069 12070
v 0.843182 2.362447 4.706200
v 0.810817 2.327082 4.720406
l 12071 12072
v 0.851653 2.223440 4.720630
v 0.840432 2.174716 4.720866
l 12073 12074
v 0.846305 2.230223 4.711030
v 0.818194 2.194693 4.689879
l 12075 12076
v 0.633964 2.372233 4.671263
v 0.645606 2.326812 4.688624
l 12077 12078
v 0.632106 2.375103 4.666447
v 0.629825 2.366971 4.617165
l 12079 12080
v 0.978087 2.388033 4.722117
v 1.011031 2.401716 4.687082
l 12081 12082
v 0.932344 2.210460 4.739793
v 0.966983 2.232045 4.710910
l 12083 12084
v 0.927515 2.211037 4.741073
v 0.889290 2.241721 4.731209
l 12085 12086
v 1.022030 2.148267 4.769943
v 0.992714 2.121246 4.739769
l 12087 12088
v -1.563280 2.361397 4.560427
v -1.515968 2.369789 4.546602
l 12089 12090
v -1.567610 2.359540 4.561357
v -1.589830 2.315161 4.555291
l 12091 12092
v 0.744260 2.150457 4.708113
v 0.704528 2.120164 4.710051
l 12093 12094
v 0.550857 2.235997 4.572443
v 0.556147 2.204243 4.534185
l 12095 12096
v 0.946545 1.867070 4.741010
v 0.906171 1.851896 4.715718
l 12097 12098
v 0.988100 2.396413 4.729527
v 0.964122 2.423844 4.695283
l 12099 12100
v 1.143750 2.650203 4.817530
v 1.135587 2.603402 4.833120
l 12101 12102
v 0.959354 2.591053 4.697730
v 0.986005 2.593443 4.655492
l 12103 12104
v 0.955687 2.589567 4.701277
v 0.928567 2.548183 4.708482
l 12105 12106
v 2.166303 2.584723 4.642183
v 2.174204 2.558982 4.600053
l 12107 12108
v 2.161650 2.585220 4.646367
v 2.116221 2.565165 4.652200
l 12109 12110
v 0.839454 2.243120 4.688570
v 0.823861 2.195615 4.688238
l 12111 12112
v 0.847343 2.235407 4.697747
v 0.811239 2.202164 4.688182
l 12113 12114
v 1.061633 2.422757 4.786837
v 1.064686 2.458523 4.752031
l 12115 12116
v 1.080460 2.145673 4.815417
v 1.102297 2.174479 4.780871
l 12117 12118
v 1.076410 2.144023 4.817720
v 1.035465 2.117650 4.806409
l 12119 12120
v 0.858273 2.040727 4.728570
v 0.906106 2.039734 4.714043
l 12121 12122
v 1.085920 2.215150 4.819110
v 1.058143 2.251092 4.798214
l 12123 12124
v 1.089170 2.211940 4.817587
v 1.096066 2.167127 4.796509
l 12125 12126
v 0.640224 2.240567 4.619567
v 0.594706 2.257235 4.607307
l 12127 12128
v 0.564240 1.953530 4.689237
v 0.594922 1.950092 4.649907
l 12129 12130
v 0.562511 1.951373 4.693187
v 0.526938 1.917751 4.703387
l 12131 12132
v 1.257983 1.672853 4.834400
v 1.236788 1.628961 4.823252
l 12133 12134
v 1.067367 1.846833 4.812257
v 1.083764 1.823770 4.771035
l 12135 12136
v 1.064157 1.845010 4.817417
v 1.044950 1.801714 4.833435
l 12137 12138
v 1.212610 1.562090 4.851833
v 1.211044 1.512149 4.853700
l 12139 12140
v 0.949611 1.741883 4.742873
v 0.951218 1.698721 4.717686
l 12141 12142
v 0.947097 1.744947 4.745450
v 0.915457 1.782281 4.735203
l 12143 12144
v 1.212740 1.565503 4.848370
v 1.185913 1.591486 4.815125
l 12145 12146
v 1.083217 1.744013 4.826047
v 1.060747 1.700832 4.814623
l 12147 12148
v 1.019753 1.747387 4.774427
v 0.986636 1.779068 4.754438
l 12149 12150
v 1.023260 1.743963 4.772910
v 1.032458 1.702325 4.746802
l 12151 12152
v 0.947202 1.553983 4.747000
v 0.897546 1.559244 4.744438
l 12153 12154
v 0.853699 2.036923 4.730027
v 0.841764 1.990941 4.714433
l 12155 12156
v 0.551529 1.649500 4.697160
v 0.508773 1.623841 4.700849
l 12157 12158
v -0.911206 1.360167 4.635703
v -0.873714 1.357558 4.602725
l 12159 12160
v 0.560511 2.441747 4.675867
v 0.531525 2.470584 4.647088
l 12161 12162
v -0.799399 1.075293 4.656163
v -0.815739 1.029872 4.643127
l 12163 12164
v -0.910553 1.163373 4.637633
v -0.870424 1.153903 4.609349
l 12165 12166
v -1.865770 0.854842 4.553937
v -1.902949 0.839906 4.524026
l 12167 12168
v -1.517070 1.074337 4.604490
v -1.507153 1.088106 4.557457
l 12169 12170
v 0.082622 1.418800 4.201617
v 0.114694 1.453932 4.186218
l 12171 12172
v 0.087797 1.426710 4.214663
v 0.052874 1.456265 4.194491
l 12173 12174
v -1.756190 1.656060 4.543267
v -1.795308 1.654704 4.512155
l 12175 12176
v -2.270197 1.547640 4.501470
v -2.273411 1.576215 4.460566
l 12177 12178
v -1.567043 1.452543 4.578183
v -1.613881 1.455858 4.561001
l 12179 12180
v -1.655547 1.553797 4.556313
v -1.617912 1.520879 4.556571
l 12181 12182
v -1.939883 2.236700 4.511080
v -1.945331 2.206240 4.471805
l 12183 12184
v -2.349513 1.711220 4.498183
v -2.364716 1.705949 4.450843
l 12185 12186
v 1.074907 2.696360 4.813433
v 1.034336 2.670824 4.827644
l 12187 12188
v -1.749727 1.945343 4.536997
v -1.748165 1.899546 4.516993
l 12189 12190
v -1.516777 1.531183 4.604610
v -1.501064 1.487445 4.623050
l 12191 12192
v -1.514150 1.336830 4.608787
v -1.490613 1.296462 4.626575
l 12193 12194
v -1.445320 0.056744 4.592477
v -1.412781 0.073741 4.558531
l 12195 12196
v -1.559207 1.346453 4.584020
v -1.602338 1.329395 4.565345
l 12197 12198
v -1.554723 1.346647 4.582500
v -1.510517 1.325727 4.572100
l 12199 12200
v -1.515963 1.339290 4.604013
v -1.518064 1.333638 4.554378
l 12201 12202
v -1.562670 1.453270 4.576390
v -1.526263 1.484445 4.562156
l 12203 12204
v -1.563830 1.449043 4.578737
v -1.558726 1.399870 4.571258
l 12205 12206
v -1.570307 1.247793 4.579657
v -1.613805 1.232696 4.560164
l 12207 12208
v -0.914835 1.255420 4.641790
v -0.941696 1.234558 4.605139
l 12209 12210
v -0.270315 1.140950 4.687073
v -0.254180 1.098952 4.665260
l 12211 12212
v -1.053490 0.719614 4.631177
v -1.045882 0.671631 4.619353
l 12213 12214
v -1.053740 0.723781 4.628790
v -1.082033 0.754914 4.601768
l 12215 12216
v -0.847798 0.759577 4.654293
v -0.806102 0.732704 4.648026
l 12217 12218
v -1.032177 0.555737 4.617390
v -1.019319 0.594833 4.588997
l 12219 12220
v -0.914636 1.161580 4.640257
v -0.953691 1.130948 4.634223
l 12221 12222
v -1.041817 0.450577 4.618127
v -1.001581 0.444660 4.589039
l 12223 12224
v -0.858759 0.849911 4.653883
v -0.862801 0.800485 4.660265
l 12225 12226
v -1.656163 0.851087 4.568837
v -1.606725 0.853953 4.561937
l 12227 12228
v -1.660630 0.848727 4.568950
v -1.680631 0.804817 4.555841
l 12229 12230
v -1.648337 1.150903 4.563260
v -1.679915 1.114628 4.549589
l 12231 12232
v -1.846617 1.246827 4.554327
v -1.817973 1.238818 4.514135
l 12233 12234
v -1.843467 1.137800 4.556647
v -1.801430 1.137147 4.529581
l 12235 12236
v -1.850900 1.050783 4.559047
v -1.816890 1.014501 4.564235
l 12237 12238
v -1.522663 0.078219 4.599330
v -1.539087 0.049134 4.562123
l 12239 12240
v -1.560050 1.656547 4.573610
v -1.569088 1.694854 4.542774
l 12241 12242
v -1.561500 1.651763 4.575250
v -1.580007 1.608423 4.558543
l 12243 12244
v -1.657350 1.748997 4.542640
v -1.649304 1.709403 4.513184
l 12245 12246
v -1.843613 1.446030 4.548163
v -1.799434 1.458878 4.528591
l 12247 12248
v -1.654867 1.446173 4.556167
v -1.685229 1.447200 4.516455
l 12249 12250
v -1.519993 1.736673 4.602843
v -1.483349 1.709010 4.622640
l 12251 12252
v 1.007480 2.260203 4.688467
v 0.975700 2.222264 4.695581
l 12253 12254
v 1.011303 2.261260 4.685537
v 1.036678 2.263066 4.642492
l 12255 12256
v 1.151883 2.397283 4.804103
v 1.161972 2.348457 4.800334
l 12257 12258
v 1.492260 2.650890 4.773723
v 1.527878 2.618307 4.760696
l 12259 12260
v 1.368207 2.621100 4.816053
v 1.355221 2.663343 4.792667
l 12261 12262
v 1.767837 2.703820 4.722920
v 1.766100 2.654580 4.731427
l 12263 12264
v 1.765227 2.708490 4.722643
v 1.720142 2.727989 4.713307
l 12265 12266
v 1.720433 2.636767 4.808810
v 1.682399 2.647723 4.778260
l 12267 12268
v 1.085047 2.674140 4.814207
v 1.035359 2.670280 4.818241
l 12269 12270
v 1.520620 2.645787 4.834703
v 1.512884 2.650277 4.785510
l 12271 12272
v 1.485580 2.655923 4.760073
v 1.492293 2.651742 4.710703
l 12273 12274
v 1.481727 2.654650 4.763923
v 1.434390 2.640140 4.770901
l 12275 12276
v 1.658373 2.713250 4.771037
v 1.670536 2.699210 4.724615
l 12277 12278
v 1.654273 2.714697 4.773977
v 1.605597 2.725682 4.777123
l 12279 12280
v 1.143537 2.653250 4.813043
v 1.120553 2.660483 4.769232
l 12281 12282
v 1.089530 2.672943 4.812500
v 1.115683 2.631426 4.802888
l 12283 12284
v 1.084120 2.683183 4.806850
v 1.098575 2.688771 4.759312
l 12285 12286
v 0.979741 2.640273 4.716033
v 0.972425 2.591474 4.707965
l 12287 12288
v 0.775528 2.443003 4.653543
v 0.803929 2.446951 4.612582
l 12289 12290
v 0.843346 2.339003 4.683577
v 0.840519 2.304881 4.647140
l 12291 12292
v 0.564592 2.237183 4.637863
v 0.549367 2.244639 4.590825
l 12293 12294
v 0.641598 2.221323 4.465990
v 0.662081 2.177667 4.479203
l 12295 12296
v 0.756576 2.356827 4.655293
v 0.782582 2.315162 4.645928
l 12297 12298
v 0.849207 1.956980 4.733097
v 0.815229 1.922872 4.719600
l 12299 12300
v 0.853542 1.959020 4.731333
v 0.900671 1.951106 4.716629
l 12301 12302
v 0.542149 2.031703 4.688837
v 0.578347 2.004559 4.667554
l 12303 12304
v 0.940017 2.163850 4.739817
v 0.932553 2.195900 4.702172
l 12305 12306
v 0.839284 2.271663 4.580963
v 0.805324 2.277454 4.544725
l 12307 12308
v 0.841568 2.267917 4.584197
v 0.838162 2.222329 4.604448
l 12309 12310
v 0.642346 1.774103 4.673147
v 0.627815 1.726518 4.668194
l 12311 12312
v 0.942457 2.161150 4.742850
v 0.987908 2.140317 4.743238
l 12313 12314
v 0.967559 2.324193 4.675430
v 1.001578 2.288209 4.668514
l 12315 12316
v 0.971828 2.377303 4.714043
v 0.998052 2.377465 4.671472
l 12317 12318
v 0.556252 1.659480 4.698903
v 0.570828 1.681612 4.656504
l 12319 12320
v 0.554847 1.651473 4.693973
v 0.570594 1.675415 4.653000
l 12321 12322
v 0.952876 1.949147 4.737907
v 0.991032 1.941225 4.706581
l 12323 12324
v 0.949477 1.952570 4.739673
v 0.924661 1.993377 4.724877
l 12325 12326
v 0.569295 2.171080 4.675853
v 0.608308 2.145862 4.657358
l 12327 12328
v 0.853562 2.041720 4.729247
v 0.820438 2.074903 4.711876
l 12329 12330
v 1.028283 2.244240 4.756920
v 1.023113 2.224043 4.711474
l 12331 12332
v 0.714237 2.205843 4.542527
v 0.689049 2.244849 4.523976
l 12333 12334
v 0.718773 2.202053 4.539540
v 0.736310 2.205353 4.492833
l 12335 12336
v 0.714881 2.200910 4.542420
v 0.689880 2.159942 4.556440
l 12337 12338
v 0.642256 1.849827 4.649390
v 0.617174 1.816556 4.621751
l 12339 12340
v 0.559369 1.644400 4.697193
v 0.581474 1.599789 4.692583
l 12341 12342
v 0.609723 2.026363 4.673290
v 0.564008 2.036829 4.655952
l 12343 12344
v 0.701301 2.059130 4.696103
v 0.657697 2.044321 4.676626
l 12345 12346
v 0.852333 1.750003 4.732433
v 0.815287 1.744394 4.699326
l 12347 12348
v 0.856121 1.754367 4.734460
v 0.876022 1.794678 4.712575
l 12349 12350
v 0.770709 1.485997 4.722983
v 0.774331 1.479618 4.673524
l 12351 12352
v 0.605273 1.582820 4.697630
v 0.558996 1.584131 4.678744
l 12353 12354
v 0.752138 1.554393 4.722767
v 0.718333 1.590494 4.715417
l 12355 12356
v 0.656639 1.551840 4.651907
v 0.624179 1.516780 4.637170
l 12357 12358
v 0.755522 1.551763 4.720103
v 0.764441 1.519306 4.683131
l 12359 12360
v 0.854404 1.564540 4.737780
v 0.843606 1.582119 4.692235
l 12361 12362
v 0.543397 1.790013 4.692727
v 0.555704 1.815297 4.651383
l 12363 12364
v 0.752567 1.667143 4.727780
v 0.763237 1.704264 4.696028
l 12365 12366
v 0.749168 1.665173 4.730617
v 0.709589 1.635263 4.724375
l 12367 12368
v 0.951135 1.652207 4.750383
v 0.925768 1.620553 4.721151
l 12369 12370
v 1.025220 1.639870 4.780003
v 1.030258 1.591840 4.767053
l 12371 12372
v 1.016373 1.542007 4.770297
v 1.001141 1.498811 4.750245
l 12373 12374
v 1.014860 1.546590 4.770327
v 0.976740 1.572260 4.750631
l 12375 12376
v 1.065810 1.554993 4.821047
v 1.051663 1.540555 4.775315
l 12377 12378
v 0.850063 2.243873 4.697833
v 0.897906 2.243304 4.683318
l 12379 12380
v 0.852728 2.233127 4.705423
v 0.900588 2.237393 4.691597
l 12381 12382
v 0.641939 1.654167 4.651523
v 0.647137 1.621227 4.614268
l 12383 12384
v 0.950645 1.866973 4.743430
v 0.989812 1.836009 4.746101
l 12385 12386
v 0.750750 1.961133 4.713973
v 0.731977 1.949833 4.669030
l 12387 12388
v 0.722814 2.330907 4.408107
v 0.724061 2.300621 4.368342
l 12389 12390
v 0.583418 2.191177 4.516817
v 0.564168 2.220177 4.480922
l 12391 12392
v 0.952933 1.656543 4.749853
v 0.965617 1.700462 4.729598
l 12393 12394
v 1.082327 1.748757 4.825620
v 1.045612 1.777357 4.807344
l 12395 12396
v 1.063037 1.553367 4.826853
v 1.023364 1.523936 4.834592
l 12397 12398
v 0.755853 1.843837 4.722583
v 0.750409 1.842065 4.672912
l 12399 12400
v 0.836172 1.854967 4.732640
v 0.792646 1.865050 4.710193
l 12401 12402
v 0.840456 1.851150 4.732717
v 0.856081 1.809041 4.710747
l 12403 12404
v 0.642745 1.961767 4.663087
v 0.610284 1.937211 4.634048
l 12405 12406
v 0.753780 2.049457 4.713770
v 0.722974 2.041909 4.675117
l 12407 12408
v 0.699751 1.955600 4.688727
v 0.686058 1.934228 4.645648
l 12409 12410
v 0.638358 2.308453 4.591740
v 0.643734 2.262375 4.610392
l 12411 12412
v 0.706049 2.058763 4.694977
v 0.747595 2.031711 4.688487
l 12413 12414
v 0.646012 2.145750 4.648523
v 0.613883 2.169337 4.618334
l 12415 12416
v 0.536155 2.032020 4.688350
v 0.496925 2.004657 4.673780
l 12417 12418
v 0.613443 2.021937 4.673780
v 0.617424 1.972551 4.667058
l 12419 12420
v 0.614725 2.026763 4.673313
v 0.650367 2.054311 4.651616
l 12421 12422
v 0.584182 2.185403 4.517897
v 0.582762 2.140959 4.495035
l 12423 12424
v 0.701039 2.142410 4.685167
v 0.669239 2.164081 4.653243
l 12425 12426
v 0.643135 2.221070 4.600260
v 0.685367 2.230580 4.575241
l 12427 12428
v 0.758372 2.054260 4.714263
v 0.768279 2.089277 4.679976
l 12429 12430
v 0.648584 2.141773 4.648270
v 0.657101 2.092711 4.643758
l 12431 12432
v -1.716863 2.537557 4.524703
v -1.740906 2.494373 4.532263
l 12433 12434
v -2.043070 2.154863 4.509113
v -2.004095 2.147738 4.478615
l 12435 12436
v -1.566770 2.432833 4.563337
v -1.517532 2.433138 4.572028
l 12437 12438
v -2.263073 2.464137 4.484463
v -2.256473 2.501162 4.451515
l 12439 12440
v -2.442110 1.443320 4.502497
v -2.392345 1.443417 4.507334
l 12441 12442
v -3.211517 1.326710 4.440827
v -3.198001 1.292993 4.406469
l 12443 12444
v -2.646463 1.660660 4.472747
v -2.644709 1.700363 4.442405
l 12445 12446
v -2.551987 1.652490 4.479130
v -2.555440 1.616383 4.444716
l 12447 12448
v -2.459587 1.652727 4.485250
v -2.498498 1.665573 4.456600
l 12449 12450
v -2.848547 1.649413 4.454770
v -2.836428 1.666476 4.409361
l 12451 12452
v -2.455370 1.652730 4.487683
v -2.417186 1.684279 4.494509
l 12453 12454
v -2.749550 1.454000 4.475530
v -2.714334 1.418514 4.474745
l 12455 12456
v -2.555983 1.245727 4.493627
v -2.586490 1.227461 4.458474
l 12457 12458
v -2.955540 1.565877 4.447747
v -2.941742 1.553738 4.401246
l 12459 12460
v -2.563903 1.160467 4.498007
v -2.553351 1.208398 4.488457
l 12461 12462
v -2.552537 1.153157 4.497000
v -2.529738 1.153842 4.452506
l 12463 12464
v -2.539393 1.149987 4.499283
v -2.568349 1.139617 4.459862
l 12465 12466
v -2.746663 1.852513 4.456047
v -2.742318 1.889234 4.422391
l 12467 12468
v -2.760400 1.745877 4.460793
v -2.790783 1.742036 4.421270
l 12469 12470
v -2.953497 1.565010 4.453190
v -2.912421 1.554436 4.479666
l 12471 12472
v -2.951560 1.344367 4.454350
v -2.902246 1.336752 4.457529
l 12473 12474
v -2.852007 1.849687 4.447150
v -2.848562 1.812665 4.413720
l 12475 12476
v -2.748577 1.546420 4.468660
v -2.733602 1.534325 4.422514
l 12477 12478
v -2.350563 1.251780 4.512597
v -2.316461 1.288245 4.515303
l 12479 12480
v -2.352547 1.249260 4.509097
v -2.348401 1.208551 4.480363
l 12481 12482
v -2.758447 1.743670 4.464850
v -2.727382 1.705985 4.475566
l 12483 12484
v -2.758447 1.748507 4.464380
v -2.725029 1.785481 4.468402
l 12485 12486
v -2.150817 1.546907 4.518237
v -2.143739 1.506876 4.489126
l 12487 12488
v -2.644387 1.658317 4.476287
v -2.608728 1.623420 4.479561
l 12489 12490
v -2.246097 1.352207 4.517803
v -2.197734 1.357843 4.506433
l 12491 12492
v -2.038747 1.556727 4.527133
v -2.003928 1.550792 4.491743
l 12493 12494
v -2.552583 1.452240 4.490280
v -2.519665 1.424538 4.464805
l 12495 12496
v -2.647063 1.554167 4.475983
v -2.602534 1.551370 4.453415
l 12497 12498
v -1.753067 0.759707 4.564587
v -1.782900 0.760433 4.524469
l 12499 12500
v -1.558883 0.351172 4.590680
v -1.521572 0.318089 4.594340
l 12501 12502
v -1.561373 0.353286 4.587100
v -1.561706 0.389682 4.552818
l 12503 12504
v -1.444357 0.242928 4.595033
v -1.424786 0.233872 4.549923
l 12505 12506
v -1.531297 0.142469 4.604477
v -1.497841 0.178743 4.612528
l 12507 12508
v -1.519550 0.078721 4.603017
v -1.471450 0.091202 4.608547
l 12509 12510
v -1.657983 0.246256 4.591387
v -1.619411 0.278068 4.590985
l 12511 12512
v -1.456613 0.080302 4.598960
v -1.437687 0.054549 4.560508
l 12513 12514
v -1.489100 0.362260 4.592743
v -1.458250 0.330266 4.569837
l 12515 12516
v -1.414093 0.449733 4.600300
v -1.367794 0.432608 4.608243
l 12517 12518
v -2.038167 0.842700 4.544153
v -1.990252 0.839795 4.530162
l 12519 12520
v -1.537123 0.746738 4.590600
v -1.537318 0.716671 4.550651
l 12521 12522
v -1.857193 0.947148 4.555490
v -1.862979 0.920018 4.513891
l 12523 12524
v -1.646210 0.557189 4.579857
v -1.615758 0.518270 4.587471
l 12525 12526
v -1.648023 0.559519 4.576030
v -1.639916 0.593855 4.540599
l 12527 12528
v -2.051547 0.647456 4.548223
v -2.015304 0.613019 4.548942
l 12529 12530
v -1.742313 0.949589 4.561357
v -1.701925 0.946873 4.532006
l 12531 12532
v -1.565020 1.058320 4.585690
v -1.611596 1.047921 4.570773
l 12533 12534
v -2.049007 0.353956 4.553583
v -2.040183 0.363424 4.505287
l 12535 12536
v -1.852833 1.053360 4.555383
v -1.846514 1.091062 4.523156
l 12537 12538
v -1.855110 0.949719 4.558883
v -1.821270 0.986514 4.559889
l 12539 12540
v -2.049113 1.048797 4.540263
v -2.046997 1.086185 4.507132
l 12541 12542
v -2.047100 1.046637 4.543983
v -2.011077 1.012515 4.550151
l 12543 12544
v -2.254047 1.054513 4.526907
v -2.292780 1.051686 4.495415
l 12545 12546
v -2.053247 0.744384 4.548383
v -2.028536 0.704382 4.565390
l 12547 12548
v -2.349750 0.850459 4.520917
v -2.306030 0.845572 4.497153
l 12549 12550
v -2.146827 0.350585 4.549480
v -2.144328 0.311992 4.517788
l 12551 12552
v -2.144747 0.352918 4.553107
v -2.108948 0.387517 4.557727
l 12553 12554
v -1.862737 0.853806 4.557423
v -1.818246 0.831163 4.560229
l 12555 12556
v -1.949627 0.348421 4.561657
v -1.944034 0.307325 4.533731
l 12557 12558
v -1.947737 0.351384 4.564930
v -1.915336 0.389464 4.564589
l 12559 12560
v -2.045183 0.057325 4.557967
v -2.037558 0.101560 4.535941
l 12561 12562
v -1.560320 0.443645 4.586003
v -1.589349 0.447376 4.545464
l 12563 12564
v -2.355503 1.056760 4.517200
v -2.314563 1.085358 4.519654
l 12565 12566
v -2.446167 1.440190 4.501970
v -2.464441 1.394158 4.495107
l 12567 12568
v -2.049070 1.151317 4.537273
v -2.055379 1.156075 4.487902
l 12569 12570
v -2.831103 0.946911 4.480720
v -2.786403 0.946535 4.458321
l 12571 12572
v -2.456340 1.252863 4.502883
v -2.494280 1.239970 4.472978
l 12573 12574
v -2.972620 0.850324 4.470060
v -2.932294 0.879878 4.470676
l 12575 12576
v -2.975500 0.848507 4.466693
v -3.014802 0.855833 4.436665
l 12577 12578
v -2.975507 1.152233 4.460160
v -3.017062 1.139690 4.435344
l 12579 12580
v -2.970817 1.151577 4.461907
v -2.934411 1.117325 4.460683
l 12581 12582
v -2.981923 1.248987 4.462380
v -2.951900 1.286915 4.449729
l 12583 12584
v -2.982520 1.243870 4.462907
v -2.957381 1.201047 4.457055
l 12585 12586
v -3.151920 1.451353 4.438900
v -3.185637 1.454163 4.402086
l 12587 12588
v -3.207467 1.435773 4.434843
v -3.179200 1.439066 4.393732
l 12589 12590
v -3.234517 1.861567 4.426640
v -3.197737 1.854307 4.393557
l 12591 12592
v -2.965210 1.643483 4.443347
v -2.948471 1.599532 4.426374
l 12593 12594
v -2.941093 1.747980 4.438007
v -2.902136 1.741862 4.407268
l 12595 12596
v -2.748973 1.648163 4.468927
v -2.713883 1.612744 4.472690
l 12597 12598
v -2.447413 1.153480 4.505733
v -2.406836 1.182594 4.503319
l 12599 12600
v -2.654553 1.458483 4.479083
v -2.644177 1.495727 4.447377
l 12601 12602
v -2.454443 1.256293 4.505890
v -2.432874 1.301204 4.501676
l 12603 12604
v -2.453207 1.251680 4.506310
v -2.410352 1.226019 4.508551
l 12605 12606
v -2.053707 1.457340 4.531157
v -2.092597 1.455448 4.499788
l 12607 12608
v -2.051213 1.460043 4.534313
v -2.016371 1.495822 4.531889
l 12609 12610
v -1.948520 1.551340 4.531997
v -1.907630 1.555433 4.503514
l 12611 12612
v -1.855053 1.847623 4.531337
v -1.843173 1.807951 4.503319
l 12613 12614
v -2.846550 1.647533 4.459443
v -2.804515 1.636404 4.484125
l 12615 12616
v -2.533620 1.046810 4.495467
v -2.496254 1.078012 4.506878
l 12617 12618
v -2.751107 1.650443 4.465347
v -2.748716 1.689619 4.434370
l 12619 12620
v -2.745100 0.949080 4.485140
v -2.742741 0.906036 4.459808
l 12621 12622
v -2.741743 0.953806 4.486623
v -2.699762 0.975274 4.469989
l 12623 12624
v -3.140423 1.646117 4.434837
v -3.091528 1.637506 4.440763
l 12625 12626
v -3.143497 1.647260 4.431217
v -3.167938 1.635186 4.389302
l 12627 12628
v -3.219203 1.551063 4.430453
v -3.244415 1.513423 4.409298
l 12629 12630
v -3.213127 1.650403 4.426917
v -3.171942 1.646376 4.398852
l 12631 12632
v -3.145703 1.942647 4.433660
v -3.145365 1.902645 4.403664
l 12633 12634
v -3.300167 2.128320 4.414813
v -3.290024 2.120724 4.366446
l 12635 12636
v -3.239527 2.265677 4.428063
v -3.196732 2.239932 4.430473
l 12637 12638
v -3.244143 2.264567 4.427840
v -3.273186 2.223880 4.426789
l 12639 12640
v -3.242123 2.267620 4.424587
v -3.249777 2.305772 4.393189
l 12641 12642
v -2.750380 2.050693 4.453503
v -2.785388 2.051914 4.417825
l 12643 12644
v -3.048577 1.951730 4.441643
v -2.999767 1.962295 4.444096
l 12645 12646
v -2.761197 2.342107 4.449507
v -2.724590 2.308879 4.456981
l 12647 12648
v -2.842553 2.346650 4.445423
v -2.797997 2.357639 4.425575
l 12649 12650
v -2.846983 2.342777 4.444357
v -2.855605 2.300427 4.419214
l 12651 12652
v -2.747917 2.047937 4.456913
v -2.715995 2.009467 4.457963
l 12653 12654
v -2.763210 2.344250 4.445703
v -2.796639 2.340707 4.408691
l 12655 12656
v -3.120360 2.459747 4.431920
v -3.120073 2.500536 4.403004
l 12657 12658
v -2.233253 2.178003 4.499087
v -2.244229 2.206001 4.459141
l 12659 12660
v -2.654303 2.240110 4.460177
v -2.626267 2.199115 4.465952
l 12661 12662
v -2.621070 2.344393 4.465947
v -2.579451 2.352875 4.439567
l 12663 12664
v -2.440823 2.543670 4.473877
v -2.453016 2.495309 4.470335
l 12665 12666
v -2.351733 2.550410 4.477133
v -2.353758 2.544833 4.427487
l 12667 12668
v -2.549060 2.146650 4.471657
v -2.583077 2.110732 4.464396
l 12669 12670
v -2.349943 2.548233 4.481223
v -2.314634 2.523559 4.506609
l 12671 12672
v -2.089967 2.550677 4.491613
v -2.074334 2.512914 4.462811
l 12673 12674
v -2.348237 2.441853 4.473623
v -2.326464 2.430811 4.429988
l 12675 12676
v -2.458083 2.250487 4.472237
v -2.452171 2.290459 4.442787
l 12677 12678
v -2.456030 2.247617 4.475483
v -2.426072 2.207604 4.474258
l 12679 12680
v -2.054383 2.496733 4.497780
v -2.018391 2.529809 4.487264
l 12681 12682
v -2.059617 2.495087 4.496240
v -2.097179 2.505445 4.464907
l 12683 12684
v -1.856037 2.550407 4.513047
v -1.844046 2.507128 4.535027
l 12685 12686
v -1.855930 2.552500 4.507000
v -1.842763 2.531942 4.463365
l 12687 12688
v -2.005337 2.537733 4.500310
v -2.000778 2.530650 4.451025
l 12689 12690
v -1.982870 2.526900 4.496997
v -1.952893 2.565327 4.485827
l 12691 12692
v -1.995463 2.525657 4.498630
v -2.013834 2.485613 4.474987
l 12693 12694
v -2.324400 2.607367 4.472767
v -2.290455 2.633308 4.446789
l 12695 12696
v -2.146153 2.609793 4.482653
v -2.168665 2.565254 4.485737
l 12697 12698
v -2.143660 2.613433 4.479573
v -2.115780 2.617620 4.438279
l 12699 12700
v -2.436803 2.546367 4.474857
v -2.388777 2.538078 4.486025
l 12701 12702
v -2.439487 2.547337 4.470850
v -2.452926 2.580174 4.435621
l 12703 12704
v -2.142067 2.437590 4.491377
v -2.152284 2.415411 4.447745
l 12705 12706
v -2.149527 2.448583 4.490813
v -2.186271 2.435814 4.459400
l 12707 12708
v -2.641810 2.457333 4.467530
v -2.617997 2.489663 4.437736
l 12709 12710
v -2.640993 2.452837 4.469880
v -2.627615 2.404785 4.466410
l 12711 12712
v -3.136883 2.054357 4.433327
v -3.093581 2.045140 4.410089
l 12713 12714
v -2.985963 1.453447 4.459803
v -2.984313 1.452135 4.409848
l 12715 12716
v -2.984293 1.451410 4.464377
v -2.951660 1.418785 4.483630
l 12717 12718
v -3.211847 1.278917 4.439790
v -3.174186 1.273998 4.407271
l 12719 12720
v -2.837213 0.348776 4.482417
v -2.796494 0.341976 4.454209
l 12721 12722
v -3.141163 0.853304 4.461627
v -3.098682 0.850186 4.435443
l 12723 12724
v -3.045047 0.949933 4.468533
v -2.999419 0.962613 4.484575
l 12725 12726
v -2.666487 0.950623 4.493977
v -2.627812 0.919637 4.487332
l 12727 12728
v -2.671220 0.951971 4.494137
v -2.713039 0.943100 4.468205
l 12729 12730
v -1.345417 0.552650 4.596923
v -1.345338 0.593967 4.568765
l 12731 12732
v -3.144297 1.057767 4.451297
v -3.147609 1.099182 4.423479
l 12733 12734
v -3.141760 1.055200 4.454593
v -3.100604 1.026813 4.455194
l 12735 12736
v -2.756773 1.251487 4.480813
v -2.714033 1.226494 4.487787
l 12737 12738
v -2.751537 1.457133 4.472347
v -2.745751 1.500137 4.447503
l 12739 12740
v -2.547730 0.841019 4.511100
v -2.513135 0.805076 4.507744
l 12741 12742
v -2.252540 1.249467 4.523233
v -2.220056 1.287350 4.526337
l 12743 12744
v -2.733410 0.861235 4.501027
v -2.706376 0.902630 4.508489
l 12745 12746
v -1.357013 0.554124 4.598783
v -1.355868 0.594932 4.569915
l 12747 12748
v -2.757177 1.045013 4.484107
v -2.795281 1.039059 4.452285
l 12749 12750
v -2.733183 0.852517 4.496030
v -2.699436 0.846189 4.459683
l 12751 12752
v -2.648613 1.254793 4.493080
v -2.611265 1.287453 4.499279
l 12753 12754
v -2.650947 1.252270 4.489337
v -2.648031 1.220045 4.451218
l 12755 12756
v -2.484383 1.074783 4.494543
v -2.474868 1.047313 4.453864
l 12757 12758
v -2.433810 1.052120 4.510930
v -2.391453 1.033432 4.529815
l 12759 12760
v -2.146847 1.148210 4.533760
v -2.141906 1.147927 4.484006
l 12761 12762
v -2.465937 1.358030 4.496770
v -2.494422 1.318369 4.486019
l 12763 12764
v -1.949620 0.748161 4.555810
v -1.911356 0.779927 4.560978
l 12765 12766
v -1.962013 0.543297 4.553360
v -1.936813 0.501070 4.562402
l 12767 12768
v -1.963590 0.545813 4.549423
v -1.996967 0.547845 4.512250
l 12769 12770
v -1.961273 0.547950 4.552950
v -1.921402 0.577951 4.556150
l 12771 12772
v -2.055083 0.746354 4.543907
v -2.081448 0.738269 4.502199
l 12773 12774
v -2.052973 0.749098 4.547297
v -2.017886 0.784697 4.548564
l 12775 12776
v -2.258870 0.845386 4.526000
v -2.297818 0.846967 4.494687
l 12777 12778
v -2.350240 0.346885 4.536173
v -2.317845 0.384970 4.535847
l 12779 12780
v -2.152197 0.848158 4.539483
v -2.109050 0.825365 4.550385
l 12781 12782
v -2.551467 0.058338 4.526047
v -2.512942 0.082544 4.546780
l 12783 12784
v -2.043187 0.838730 4.542977
v -2.045655 0.795983 4.517159
l 12785 12786
v -2.351623 0.754512 4.522100
v -2.349862 0.790292 4.487219
l 12787 12788
v -1.956693 0.455549 4.555397
v -1.995809 0.448083 4.525160
l 12789 12790
v -1.950380 0.945640 4.550340
v -1.917625 0.983393 4.551682
l 12791 12792
v -1.561200 0.665732 4.572490
v -1.571392 0.704759 4.542943
l 12793 12794
v -1.558567 0.663777 4.575913
v -1.513812 0.641585 4.578046
l 12795 12796
v -1.650483 0.460662 4.578367
v -1.655341 0.488639 4.537212
l 12797 12798
v -1.648013 0.459252 4.582153
v -1.609419 0.428436 4.589953
l 12799 12800
v -1.654163 1.045430 4.562537
v -1.625383 1.005124 4.555671
l 12801 12802
v -1.644080 1.153180 4.561593
v -1.596462 1.149270 4.546854
l 12803 12804
v -1.653740 1.050270 4.561997
v -1.627758 1.091135 4.549546
l 12805 12806
v -1.658170 1.047360 4.560510
v -1.702209 1.048574 4.536865
l 12807 12808
v -1.565730 1.250243 4.578467
v -1.535144 1.268616 4.543439
l 12809 12810
v -1.561120 1.055777 4.586630
v -1.545501 1.008281 4.587041
l 12811 12812
v -1.560990 1.059627 4.583540
v -1.532732 1.095312 4.562851
l 12813 12814
v -0.733995 0.810101 4.664643
v -0.730626 0.776747 4.627546
l 12815 12816
v -0.855462 0.853411 4.653540
v -0.805569 0.856343 4.654974
l 12817 12818
v -0.858847 0.853245 4.650113
v -0.885665 0.874958 4.613928
l 12819 12820
v -1.567933 1.153343 4.583597
v -1.611499 1.148826 4.559479
l 12821 12822
v -1.562940 1.156343 4.583277
v -1.541173 1.194850 4.559966
l 12823 12824
v -0.852533 0.759161 4.654473
v -0.885224 0.721549 4.650391
l 12825 12826
v -1.143297 0.730216 4.619860
v -1.157948 0.719198 4.573342
l 12827 12828
v -0.863502 0.943500 4.650490
v -0.859810 0.959891 4.603398
l 12829 12830
v -0.869037 1.144943 4.645340
v -0.884600 1.181981 4.615574
l 12831 12832
v -0.910133 1.256733 4.642613
v -0.860360 1.253148 4.639481
l 12833 12834
v -1.952463 0.943095 4.546920
v -1.949179 0.904048 4.515863
l 12835 12836
v -1.740150 0.556959 4.571260
v -1.700237 0.557346 4.541147
l 12837 12838
v -1.646053 0.744968 4.565063
v -1.649260 0.706307 4.533518
l 12839 12840
v -1.553413 0.547414 4.581240
v -1.541625 0.524398 4.538446
l 12841 12842
v -1.750667 0.757650 4.568113
v -1.711066 0.727276 4.571149
l 12843 12844
v -1.849653 0.656375 4.557960
v -1.829934 0.652071 4.512215
l 12845 12846
v -1.945130 0.648006 4.551183
v -1.950428 0.687432 4.520894
l 12847 12848
v -1.942667 0.646150 4.554763
v -1.901248 0.618414 4.558667
l 12849 12850
v -1.950883 0.454341 4.555773
v -1.918123 0.423551 4.533893
l 12851 12852
v -1.737010 0.849492 4.568430
v -1.687715 0.849426 4.576796
l 12853 12854
v -1.741133 0.851210 4.565663
v -1.754312 0.867202 4.520160
l 12855 12856
v -1.847617 0.745576 4.563270
v -1.808298 0.776451 4.562381
l 12857 12858
v -1.849997 0.742537 4.560150
v -1.849808 0.700236 4.533494
l 12859 12860
v -1.945370 0.844817 4.552773
v -1.923687 0.846416 4.507748
l 12861 12862
v -1.864210 0.858288 4.557017
v -1.844569 0.904138 4.553544
l 12863 12864
v -1.951877 1.145450 4.545350
v -1.908619 1.136841 4.521800
l 12865 12866
v -1.750317 1.046780 4.559837
v -1.714206 1.081275 4.557361
l 12867 12868
v -2.149060 0.942608 4.535773
v -2.147838 0.899851 4.509882
l 12869 12870
v -2.254147 0.845396 4.526600
v -2.218439 0.880358 4.528224
l 12871 12872
v -2.155247 0.849655 4.535427
v -2.165636 0.841638 4.487179
l 12873 12874
v -2.251860 1.056957 4.530327
v -2.219354 1.094925 4.531651
l 12875 12876
v -2.524140 1.037713 4.497670
v -2.496876 1.079611 4.496538
l 12877 12878
v -2.146873 0.649493 4.538457
v -2.108525 0.650525 4.506389
l 12879 12880
v -2.644443 1.151487 4.495690
v -2.603781 1.136634 4.520710
l 12881 12882
v -2.645880 1.153630 4.490250
v -2.623179 1.165541 4.447322
l 12883 12884
v -2.547550 1.239653 4.494960
v -2.520212 1.234927 4.453363
l 12885 12886
v -2.538100 1.227370 4.500527
v -2.524514 1.230557 4.452514
l 12887 12888
v -2.749143 0.349078 4.508980
v -2.728773 0.305948 4.523975
l 12889 12890
v -2.757947 1.256033 4.480303
v -2.734575 1.300225 4.479378
l 12891 12892
v -2.833020 0.847234 4.480453
v -2.788780 0.846635 4.457163
l 12893 12894
v -2.657167 1.054067 4.492037
v -2.625297 1.023080 4.469143
l 12895 12896
v -2.483897 1.078443 4.497777
v -2.454795 1.118665 4.503715
l 12897 12898
v -2.346557 1.153227 4.512493
v -2.315932 1.152194 4.472983
l 12899 12900
v -2.542170 1.048777 4.495413
v -2.554067 1.060326 4.448243
l 12901 12902
v -2.556103 1.057433 4.500287
v -2.561576 1.065417 4.451232
l 12903 12904
v -2.535507 1.037380 4.494550
v -2.557027 1.008724 4.459682
l 12905 12906
v -2.626097 0.935216 4.503710
v -2.577079 0.939476 4.512607
l 12907 12908
v -2.755243 1.047777 4.487503
v -2.725638 1.088059 4.488444
l 12909 12910
v -2.754603 1.043040 4.487623
v -2.715331 1.012213 4.490349
l 12911 12912
v -2.523237 1.033063 4.497220
v -2.487280 0.999161 4.489621
l 12913 12914
v -2.747437 1.150133 4.480120
v -2.709439 1.151753 4.447662
l 12915 12916
v -2.835850 1.245603 4.471860
v -2.791283 1.250181 4.449661
l 12917 12918
v -2.834657 1.045140 4.476380
v -2.793247 1.046634 4.448397
l 12919 12920
v -2.759330 1.252760 4.477050
v -2.794562 1.239956 4.443963
l 12921 12922
v -2.983583 1.039847 4.475610
v -2.943184 1.014632 4.490846
l 12923 12924
v -2.548367 0.751512 4.512333
v -2.548649 0.790100 4.480539
l 12925 12926
v -3.048390 0.650235 4.474337
v -3.014430 0.686846 4.476862
l 12927 12928
v -2.684837 0.855477 4.494833
v -2.709015 0.824228 4.464191
l 12929 12930
v -2.684473 0.860383 4.496797
v -2.687135 0.908123 4.482173
l 12931 12932
v -2.653640 0.554878 4.501860
v -2.685441 0.554795 4.463277
l 12933 12934
v -2.629283 0.937049 4.500540
v -2.646984 0.965167 4.463176
l 12935 12936
v -2.629170 0.931665 4.502493
v -2.644113 0.885411 4.490779
l 12937 12938
v -2.643630 0.842396 4.502560
v -2.664245 0.858780 4.460056
l 12939 12940
v -2.501070 0.985431 4.495297
v -2.514841 0.983682 4.447262
l 12941 12942
v -2.498880 0.983430 4.499460
v -2.459992 0.954749 4.512308
l 12943 12944
v -2.046693 0.551851 4.550140
v -2.001217 0.555131 4.529619
l 12945 12946
v -2.650893 0.552722 4.505223
v -2.611166 0.522366 4.505729
l 12947 12948
v -2.538083 0.280289 4.520983
v -2.534016 0.316701 4.486960
l 12949 12950
v -2.449433 0.546429 4.521283
v -2.443527 0.502144 4.498834
l 12951 12952
v -2.663403 0.266165 4.509423
v -2.644791 0.305137 4.484228
l 12953 12954
v -2.639683 0.641172 4.506533
v -2.632805 0.592053 4.512852
l 12955 12956
v -2.640167 0.644413 4.502770
v -2.667256 0.661203 4.464244
l 12957 12958
v -2.637007 0.645330 4.506463
v -2.589141 0.658737 4.511859
l 12959 12960
v -2.747663 0.480563 4.498343
v -2.742469 0.471419 4.449462
l 12961 12962
v -2.649790 0.449975 4.504917
v -2.650932 0.406914 4.479532
l 12963 12964
v -2.662870 0.262869 4.512977
v -2.636482 0.221056 4.520415
l 12965 12966
v -2.352197 0.344132 4.532873
v -2.348372 0.303561 4.503902
l 12967 12968
v -2.254590 0.656775 4.529967
v -2.250275 0.698179 4.502271
l 12969 12970
v -2.819410 0.071831 4.499517
v -2.828993 0.077933 4.450824
l 12971 12972
v -2.843497 0.154230 4.501727
v -2.809109 0.118341 4.507157
l 12973 12974
v -2.868817 0.137556 4.493687
v -2.848968 0.105491 4.460856
l 12975 12976
v -1.752680 0.363259 4.577537
v -1.709889 0.342236 4.562473
l 12977 12978
v -2.861830 0.055031 4.494400
v -2.844404 0.038806 4.450433
l 12979 12980
v -2.718637 -0.007999 4.497437
v -2.674611 -0.031675 4.496337
l 12981 12982
v -2.822867 0.481308 4.495613
v -2.837186 0.475680 4.448040
l 12983 12984
v -2.540993 0.545176 4.510823
v -2.540560 0.504617 4.481587
l 12985 12986
v -2.646330 0.356466 4.506983
v -2.634152 0.323091 4.471801
l 12987 12988
v -2.444087 0.457488 4.521273
v -2.439239 0.500104 4.495576
l 12989 12990
v -2.539430 0.548377 4.513970
v -2.501263 0.580609 4.516064
l 12991 12992
v -2.252640 0.653890 4.533310
v -2.217804 0.618036 4.534316
l 12993 12994
v -2.252747 0.549702 4.538893
v -2.215519 0.583067 4.539834
l 12995 12996
v -2.143150 0.547947 4.542167
v -2.142100 0.508188 4.511866
l 12997 12998
v -2.453213 0.550960 4.521537
v -2.493214 0.567758 4.496682
l 12999 13000
v -2.448680 0.550807 4.523030
v -2.410266 0.582792 4.524185
l 13001 13002
v -2.445553 0.748270 4.517763
v -2.406564 0.719105 4.529134
l 13003 13004
v -2.351260 0.750137 4.523950
v -2.315580 0.715186 4.526277
l 13005 13006
v -2.673533 0.707333 4.497440
v -2.647410 0.748860 4.487795
l 13007 13008
v -2.695317 0.718624 4.498017
v -2.676875 0.754712 4.468733
l 13009 13010
v -2.257410 0.744453 4.535003
v -2.225259 0.707049 4.543202
l 13011 13012
v -2.550593 0.843287 4.508040
v -2.591495 0.844475 4.479306
l 13013 13014
v -2.547690 0.845783 4.511240
v -2.516036 0.884476 4.510295
l 13015 13016
v -2.448007 0.749618 4.513730
v -2.451780 0.769119 4.467844
l 13017 13018
v -2.730407 0.620848 4.504583
v -2.686423 0.630150 4.526466
l 13019 13020
v -2.733107 0.620207 4.500540
v -2.734217 0.626109 4.450902
l 13021 13022
v -2.643497 0.740206 4.505357
v -2.637354 0.699083 4.477586
l 13023 13024
v -2.642003 0.743301 4.508770
v -2.605637 0.777267 4.513650
l 13025 13026
v -2.349080 0.648308 4.527840
v -2.308894 0.675986 4.538748
l 13027 13028
v -2.685297 0.711377 4.493307
v -2.668868 0.754821 4.474795
l 13029 13030
v -2.686423 0.706514 4.492553
v -2.700263 0.681595 4.451474
l 13031 13032
v -2.053997 0.649655 4.544843
v -2.094686 0.647935 4.515836
l 13033 13034
v -2.051670 0.652172 4.548117
v -2.017615 0.688772 4.547243
l 13035 13036
v -2.346800 0.059958 4.538567
v -2.305549 0.032969 4.530202
l 13037 13038
v -2.651117 0.069274 4.511390
v -2.685040 0.062346 4.475318
l 13039 13040
v -2.250903 0.059457 4.549853
v -2.244591 0.101391 4.523364
l 13041 13042
v -2.536157 0.349420 4.517333
v -2.493616 0.349136 4.491062
l 13043 13044
v -2.655323 0.152757 4.519600
v -2.619808 0.187612 4.524482
l 13045 13046
v -2.250343 0.151636 4.549740
v -2.291673 0.165245 4.525109
l 13047 13048
v -2.440867 0.052356 4.532190
v -2.400315 0.058942 4.503692
l 13049 13050
v -2.246443 0.254933 4.541390
v -2.204089 0.255836 4.514832
l 13051 13052
v -2.142293 0.450520 4.546810
v -2.120347 0.461873 4.503342
l 13053 13054
v -2.140993 0.550220 4.545773
v -2.103616 0.583142 4.550141
l 13055 13056
v -1.952340 0.459475 4.556390
v -1.941710 0.506706 4.543890
l 13057 13058
v -2.246300 0.147646 4.549693
v -2.233925 0.104023 4.528624
l 13059 13060
v -2.148647 0.153524 4.557773
v -2.172300 0.193395 4.539043
l 13061 13062
v -2.058800 0.145898 4.561153
v -2.049269 0.105195 4.533723
l 13063 13064
v -2.557853 0.134421 4.526220
v -2.535420 0.092401 4.511017
l 13065 13066
v -2.559797 0.138343 4.524120
v -2.550630 0.182649 4.502837
l 13067 13068
v -2.656607 0.149459 4.516277
v -2.648716 0.108476 4.488744
l 13069 13070
v -1.557173 0.441827 4.589060
v -1.524014 0.404419 4.587992
l 13071 13072
v -2.553953 0.057664 4.521333
v -2.567343 0.077764 4.477553
l 13073 13074
v -2.553407 0.053967 4.524633
v -2.540709 0.005607 4.524850
l 13075 13076
v -2.346233 0.159937 4.541943
v -2.311129 0.124336 4.541386
l 13077 13078
v -2.441327 0.257250 4.527733
v -2.400667 0.259788 4.498744
l 13079 13080
v -2.550460 -0.015462 4.514427
v -2.505422 -0.036295 4.508295
l 13081 13082
v -2.553133 -0.010165 4.513567
v -2.541646 0.035458 4.496638
l 13083 13084
v -2.555587 -0.015036 4.512097
v -2.583823 -0.035136 4.476059
l 13085 13086
v -2.348323 0.162756 4.538683
v -2.344719 0.205543 4.513066
l 13087 13088
v -2.855777 0.437858 4.483653
v -2.838105 0.391093 4.482785
l 13089 13090
v -2.647030 0.453566 4.507200
v -2.611505 0.486855 4.495804
l 13091 13092
v -2.769427 0.541015 4.497850
v -2.732907 0.574889 4.502190
l 13093 13094
v -2.770970 0.538001 4.494440
v -2.765705 0.496365 4.467261
l 13095 13096
v -2.784750 0.331810 4.497963
v -2.770906 0.283781 4.496684
l 13097 13098
v -2.821027 0.467493 4.501237
v -2.842948 0.423723 4.491058
l 13099 13100
v -2.749420 0.353832 4.508610
v -2.716780 0.391707 4.508304
l 13101 13102
v -2.736053 0.471313 4.501167
v -2.732251 0.462115 4.452167
l 13103 13104
v -3.050457 0.647783 4.470840
v -3.047555 0.608693 4.439799
l 13105 13106
v -2.855697 0.441763 4.480727
v -2.831510 0.478836 4.457475
l 13107 13108
v -2.753273 0.742610 4.488780
v -2.760222 0.703101 4.458935
l 13109 13110
v -2.750450 0.663697 4.491950
v -2.727213 0.636415 4.457083
l 13111 13112
v -2.349190 0.555872 4.526947
v -2.343061 0.591758 4.492674
l 13113 13114
v -2.347393 0.553739 4.530760
v -2.315560 0.515972 4.538525
l 13115 13116
v -2.144480 0.749231 4.536953
v -2.102405 0.749887 4.509949
l 13117 13118
v -2.254243 0.840638 4.526480
v -2.250729 0.798648 4.499564
l 13119 13120
v -2.536770 1.148230 4.503287
v -2.498983 1.116968 4.513022
l 13121 13122
v -2.351580 0.646362 4.523783
v -2.349011 0.614408 4.485412
l 13123 13124
v -2.259337 0.746639 4.531140
v -2.294584 0.744666 4.495732
l 13125 13126
v -2.442083 0.454491 4.524570
v -2.405814 0.420084 4.525400
l 13127 13128
v -2.441353 0.841890 4.511887
v -2.401720 0.843489 4.481446
l 13129 13130
v -2.546013 0.749239 4.515903
v -2.507647 0.717385 4.519556
l 13131 13132
v -2.672247 0.693182 4.493440
v -2.624646 0.688131 4.478994
l 13133 13134
v -2.747767 0.746088 4.489940
v -2.702946 0.740708 4.468441
l 13135 13136
v -2.547327 0.649280 4.511070
v -2.507804 0.642585 4.481184
l 13137 13138
v -2.723273 0.550136 4.500107
v -2.707209 0.517749 4.465567
l 13139 13140
v -2.722063 0.553005 4.504083
v -2.693107 0.592423 4.514466
l 13141 13142
v -2.682433 0.669632 4.496163
v -2.694726 0.621907 4.487727
l 13143 13144
v -2.683067 0.679589 4.493030
v -2.707074 0.688372 4.450059
l 13145 13146
v -2.825667 0.511799 4.499350
v -2.811177 0.547332 4.467297
l 13147 13148
v -2.825947 0.552387 4.488513
v -2.780448 0.569797 4.477253
l 13149 13150
v -2.675423 0.680857 4.499293
v -2.629552 0.664323 4.510357
l 13151 13152
v -2.677597 0.690620 4.491153
v -2.708684 0.696098 4.452377
l 13153 13154
v -2.525233 0.975311 4.496380
v -2.525647 0.972719 4.446449
l 13155 13156
v -2.819803 0.499655 4.500593
v -2.777276 0.504344 4.474720
l 13157 13158
v -2.515277 0.983226 4.496390
v -2.514789 0.986080 4.446474
l 13159 13160
v -2.540017 0.975664 4.493793
v -2.511091 0.969926 4.453416
l 13161 13162
v -2.828737 0.547996 4.488477
v -2.833631 0.500632 4.473223
l 13163 13164
v -2.146023 1.048310 4.534437
v -2.106158 1.049949 4.504303
l 13165 13166
v -2.050473 1.352227 4.534517
v -2.015134 1.387553 4.536290
l 13167 13168
v -1.853170 1.555973 4.544880
v -1.888208 1.520500 4.541138
l 13169 13170
v -1.850517 1.558600 4.541820
v -1.849375 1.598836 4.512159
l 13171 13172
v -2.235017 1.742127 4.500100
v -2.229278 1.738328 4.450576
l 13173 13174
v -1.146340 -0.074636 1.732053
v -1.143524 -0.059391 1.684517
l 13175 13176
v -1.662740 2.241183 4.540913
v -1.625552 2.208347 4.547144
l 13177 13178
v -1.848570 1.652860 4.537527
v -1.885581 1.646673 4.504482
l 13179 13180
v -2.279547 1.675960 4.494467
v -2.266323 1.632451 4.473679
l 13181 13182
v -2.249020 1.651133 4.500783
v -2.259089 1.679646 4.460963
l 13183 13184
v -2.246393 1.650520 4.504937
v -2.199293 1.639812 4.517857
l 13185 13186
v -2.250670 1.648107 4.504290
v -2.267060 1.600992 4.507698
l 13187 13188
v -2.458773 1.459573 4.498700
v -2.438532 1.504860 4.492424
l 13189 13190
v -2.151073 1.551720 4.518573
v -2.118621 1.589687 4.520885
l 13191 13192
v -2.358310 1.452497 4.498400
v -2.375274 1.412105 4.474301
l 13193 13194
v -2.417257 1.510807 4.499030
v -2.380165 1.478848 4.488886
l 13195 13196
v -2.254323 1.246860 4.519717
v -2.247895 1.205817 4.491893
l 13197 13198
v -2.551607 1.253793 4.497690
v -2.510390 1.282095 4.497202
l 13199 13200
v -2.538647 1.223757 4.504053
v -2.533929 1.175250 4.515229
l 13201 13202
v -2.511507 1.406887 4.497660
v -2.524616 1.388161 4.453191
l 13203 13204
v -2.550340 1.354393 4.492120
v -2.512581 1.327371 4.473572
l 13205 13206
v -2.554260 1.357353 4.490470
v -2.568153 1.396256 4.462299
l 13207 13208
v -2.508477 1.406993 4.501347
v -2.466905 1.390165 4.523451
l 13209 13210
v -2.364450 1.462380 4.496580
v -2.339154 1.496551 4.470266
l 13211 13212
v -2.371630 1.457290 4.500650
v -2.391384 1.416611 4.479319
l 13213 13214
v -2.449503 1.451033 4.494693
v -2.418778 1.476147 4.464275
l 13215 13216
v -2.549510 1.654370 4.482820
v -2.508922 1.683056 4.488274
l 13217 13218
v -2.352923 1.350447 4.512647
v -2.321649 1.389449 4.513509
l 13219 13220
v -2.354617 1.347200 4.509323
v -2.344260 1.307134 4.481262
l 13221 13222
v -2.149730 1.258360 4.528327
v -2.146887 1.275666 4.481503
l 13223 13224
v -2.155857 1.551223 4.518093
v -2.195514 1.551239 4.487642
l 13225 13226
v -2.052657 1.349783 4.531073
v -2.090775 1.349455 4.498718
l 13227 13228
v -2.418573 1.516010 4.499133
v -2.415996 1.559486 4.474574
l 13229 13230
v -2.355743 1.546687 4.498960
v -2.387425 1.509357 4.488822
l 13231 13232
v -2.149920 1.457213 4.522097
v -2.186142 1.425160 4.509426
l 13233 13234
v -2.284443 1.551173 4.498337
v -2.271797 1.519486 4.461786
l 13235 13236
v -2.367287 1.567183 4.492810
v -2.350573 1.532828 4.460555
l 13237 13238
v -2.358470 1.555780 4.495450
v -2.360974 1.556696 4.445521
l 13239 13240
v -2.344873 1.538163 4.504723
v -2.364718 1.492270 4.504697
l 13241 13242
v -2.340703 1.540583 4.504097
v -2.293182 1.529179 4.493529
l 13243 13244
v -2.353323 1.458900 4.504200
v -2.324886 1.494661 4.483890
l 13245 13246
v -2.347183 1.449017 4.506020
v -2.315049 1.411981 4.515803
l 13247 13248
v -2.146393 1.459487 4.519800
v -2.134294 1.499798 4.492808
l 13249 13250
v -2.255940 1.544377 4.508363
v -2.219082 1.511646 4.516741
l 13251 13252
v -1.852233 1.754950 4.535940
v -1.814089 1.722875 4.539969
l 13253 13254
v -1.943347 1.846140 4.526503
v -1.941894 1.837799 4.477225
l 13255 13256
v -1.576827 2.239427 4.557957
v -1.581560 2.244449 4.508435
l 13257 13258
v -1.562930 1.838813 4.574067
v -1.566417 1.799352 4.543560
l 13259 13260
v -1.748337 1.949390 4.539033
v -1.708029 1.978795 4.535768
l 13261 13262
v -2.057043 1.943027 4.513647
v -2.062186 1.922830 4.468197
l 13263 13264
v -2.053710 1.946237 4.516893
v -2.012720 1.974819 4.515197
l 13265 13266
v -1.936537 2.240217 4.513803
v -1.888195 2.252903 4.515266
l 13267 13268
v -2.346737 1.709263 4.502137
v -2.317172 1.672443 4.518575
l 13269 13270
v -2.550297 1.751923 4.482583
v -2.526028 1.709004 4.474278
l 13271 13272
v -2.844683 1.547457 4.459973
v -2.803483 1.549230 4.431699
l 13273 13274
v -2.435827 1.053503 4.506440
v -2.429032 1.067253 4.458850
l 13275 13276
v -2.448543 1.148610 4.505633
v -2.437634 1.102921 4.488500
l 13277 13278
v -2.547820 0.931684 4.506147
v -2.538358 0.883412 4.515105
l 13279 13280
v -2.548243 0.934692 4.502230
v -2.525766 0.958783 4.464622
l 13281 13282
v -2.253137 0.545003 4.538667
v -2.220888 0.506877 4.536132
l 13283 13284
v -2.255433 0.547655 4.535507
v -2.296267 0.552417 4.507047
l 13285 13286
v -2.561787 1.150980 4.496457
v -2.568430 1.112175 4.465635
l 13287 13288
v -2.346437 0.457691 4.530280
v -2.321194 0.463173 4.487469
l 13289 13290
v -2.833447 1.149757 4.474947
v -2.792118 1.146424 4.447003
l 13291 13292
v -2.745473 0.835627 4.492030
v -2.734235 0.793789 4.467063
l 13293 13294
v -2.739467 0.846633 4.490843
v -2.703585 0.840593 4.456550
l 13295 13296
v -2.751970 0.351485 4.505323
v -2.776628 0.346684 4.462092
l 13297 13298
v -2.784700 0.335498 4.494897
v -2.758773 0.372071 4.472755
l 13299 13300
v -2.711853 0.012519 4.495267
v -2.666158 0.003414 4.477129
l 13301 13302
v -2.716270 0.015886 4.495047
v -2.730993 0.060748 4.478595
l 13303 13304
v -2.720533 0.004970 4.490917
v -2.754681 0.014006 4.455529
l 13305 13306
v -2.716117 0.001603 4.491137
v -2.671529 -0.009545 4.471448
l 13307 13308
v -1.834147 0.539897 4.566467
v -1.810428 0.550900 4.523848
l 13309 13310
v -1.379607 0.376707 4.596270
v -1.343309 0.351854 4.572505
l 13311 13312
v -1.736373 0.457574 4.573163
v -1.740013 0.496926 4.542533
l 13313 13314
v -1.733887 0.455348 4.576543
v -1.694990 0.423940 4.577321
l 13315 13316
v -1.952293 0.746410 4.552153
v -1.962524 0.728694 4.506530
l 13317 13318
v -1.350733 0.344292 4.605227
v -1.350825 0.348103 4.555372
l 13319 13320
v -1.643530 0.351474 4.581617
v -1.603112 0.358077 4.552933
l 13321 13322
v -2.986220 1.041000 4.471300
v -2.996803 1.028353 4.424098
l 13323 13324
v -2.620087 1.037807 4.503067
v -2.573081 1.027629 4.516738
l 13325 13326
v -2.622497 1.038177 4.498920
v -2.633449 1.063601 4.457283
l 13327 13328
v -3.140140 1.549670 4.435450
v -3.125000 1.587833 4.406913
l 13329 13330
v -3.050553 1.558453 4.443573
v -3.049185 1.595228 4.409724
l 13331 13332
v -3.210350 0.946713 4.450697
v -3.214431 0.948326 4.400890
l 13333 13334
v -1.533300 0.140241 4.600613
v -1.566697 0.142942 4.563500
l 13335 13336
v -1.658637 0.241588 4.591477
v -1.628531 0.201680 4.592452
l 13337 13338
v -1.660740 0.244095 4.588083
v -1.700400 0.249067 4.558044
l 13339 13340
v -2.348527 1.942913 4.487347
v -2.344579 1.902801 4.457759
l 13341 13342
v -2.345247 1.947167 4.489917
v -2.299803 1.967140 4.483923
l 13343 13344
v -1.985887 2.383440 4.497973
v -1.943055 2.357662 4.498953
l 13345 13346
v 0.603382 1.720103 4.701703
v 0.575666 1.706051 4.662533
l 13347 13348
v 0.590879 1.727833 4.699937
v 0.584609 1.691939 4.665698
l 13349 13350
v 0.714297 2.202990 4.704833
v 0.681530 2.166023 4.712569
l 13351 13352
v 0.839259 2.349317 4.688203
v 0.802196 2.365659 4.658891
l 13353 13354
v 0.637941 2.207737 4.596157
v 0.646882 2.168139 4.566966
l 13355 13356
v 0.639920 2.229830 4.606337
v 0.594402 2.246350 4.593881
l 13357 13358
v 0.634726 2.216497 4.602233
v 0.596003 2.242330 4.583982
l 13359 13360
v 0.636965 2.311290 4.586987
v 0.620505 2.304044 4.540333
l 13361 13362
v 0.561638 2.436590 4.677723
v 0.549186 2.388721 4.670412
l 13363 13364
v 0.576871 2.546170 4.686197
v 0.528860 2.532593 4.682937
l 13365 13366
v 0.580103 1.730873 4.706057
v 0.552641 1.689841 4.713941
l 13367 13368
v 1.026723 2.048433 4.769183
v 1.011290 2.005718 4.748274
l 13369 13370
v 0.701867 2.137950 4.686720
v 0.686333 2.090675 4.681840
l 13371 13372
v 1.125060 2.368193 4.761760
v 1.079573 2.383730 4.747992
l 13373 13374
v 0.727608 2.245400 4.653197
v 0.702670 2.285089 4.635792
l 13375 13376
v 0.729688 2.240790 4.651697
v 0.739843 2.206256 4.616994
l 13377 13378
v 0.567769 2.373350 4.682217
v 0.536076 2.335336 4.689324
l 13379 13380
v 0.647442 1.961330 4.664387
v 0.690058 1.935505 4.660268
l 13381 13382
v 0.645545 1.777360 4.671000
v 0.663648 1.800973 4.630817
l 13383 13384
v 0.540839 1.786620 4.695063
v 0.538253 1.736687 4.695216
l 13385 13386
v 0.581429 2.545623 4.683740
v 0.604385 2.535266 4.640546
l 13387 13388
v 0.585025 1.736107 4.698963
v 0.592144 1.763616 4.657823
l 13389 13390
v -0.166032 0.248265 4.688143
v -0.208286 0.273663 4.679807
l 13391 13392
v 0.136815 0.025034 4.653433
v 0.121688 -0.008685 4.619756
l 13393 13394
v 0.221811 0.038069 4.670613
v 0.245883 0.021629 4.629990
l 13395 13396
v 0.217451 0.040337 4.672110
v 0.168462 0.048716 4.666647
l 13397 13398
v -0.160995 0.249054 4.688547
v -0.128505 0.286977 4.686065
l 13399 13400
v -0.162711 0.245258 4.685677
v -0.154103 0.204301 4.658318
l 13401 13402
v 0.556539 1.846947 4.697703
v 0.577147 1.837734 4.653089
l 13403 13404
v 0.574251 1.835810 4.703520
v 0.581542 1.839268 4.654175
l 13405 13406
v 0.589532 1.833140 4.701327
v 0.559814 1.798421 4.681043
l 13407 13408
v 0.604562 1.822510 4.704243
v 0.652779 1.813069 4.694970
l 13409 13410
v 0.695912 1.957410 4.693817
v 0.646320 1.952934 4.698356
l 13411 13412
v 0.600498 1.821780 4.701940
v 0.564625 1.797325 4.677139
l 13413 13414
v 0.544857 1.846997 4.695263
v 0.536012 1.821290 4.653300
l 13415 13416
v 0.566491 2.174797 4.676740
v 0.542121 2.208399 4.648866
l 13417 13418
v 0.565251 2.171003 4.679297
v 0.529752 2.140166 4.696294
l 13419 13420
v 0.571457 2.375510 4.678043
v 0.587030 2.365188 4.631665
l 13421 13422
v 0.608047 1.721527 4.703697
v 0.656484 1.725421 4.691923
l 13423 13424
v 1.060393 1.642857 4.812730
v 1.038708 1.600906 4.829159
l 13425 13426
v 1.062880 1.644407 4.807260
v 1.084381 1.622621 4.767724
l 13427 13428
v 1.020197 1.841123 4.775070
v 0.975646 1.830866 4.754820
l 13429 13430
v 1.025077 1.840760 4.773897
v 1.056432 1.825969 4.737868
l 13431 13432
v 0.962378 2.325927 4.671800
v 0.944974 2.307125 4.628863
l 13433 13434
v 1.981883 2.135587 4.801007
v 1.941587 2.121900 4.774761
l 13435 13436
v 1.803780 2.388487 4.751213
v 1.769886 2.392261 4.714649
l 13437 13438
v 1.722547 2.065083 4.823320
v 1.675435 2.062226 4.839823
l 13439 13440
v 1.974067 2.235653 4.802990
v 1.964579 2.278897 4.779753
l 13441 13442
v 1.989483 2.242563 4.659287
v 1.972891 2.236069 4.612569
l 13443 13444
v 1.940670 2.152277 4.793277
v 1.907448 2.114960 4.791344
l 13445 13446
v 1.940927 2.156957 4.792063
v 1.910560 2.190818 4.771297
l 13447 13448
v 1.752167 2.369547 4.753883
v 1.714450 2.353792 4.725087
l 13449 13450
v 1.728197 2.250247 4.760890
v 1.681390 2.261862 4.747691
l 13451 13452
v 1.731787 2.143993 4.819450
v 1.758319 2.172670 4.788246
l 13453 13454
v 1.971737 2.232007 4.806447
v 1.928300 2.215195 4.824629
l 13455 13456
v 1.953697 2.253017 4.761260
v 1.935721 2.240166 4.716407
l 13457 13458
v 1.804160 2.385103 4.756617
v 1.774403 2.351874 4.779208
l 13459 13460
v 1.678727 2.367340 4.786203
v 1.689328 2.318757 4.780976
l 13461 13462
v 1.720000 2.422007 4.814540
v 1.685198 2.411853 4.780105
l 13463 13464
v 1.548230 2.356423 4.790187
v 1.499804 2.365547 4.781719
l 13465 13466
v 1.366070 2.237697 4.818783
v 1.364666 2.187794 4.815999
l 13467 13468
v 1.363577 2.241947 4.818107
v 1.346473 2.269217 4.779847
l 13469 13470
v 1.595183 2.283540 4.747723
v 1.584495 2.235924 4.736837
l 13471 13472
v 1.652160 2.238670 4.840773
v 1.691494 2.253682 4.813801
l 13473 13474
v 1.063500 2.710220 4.807523
v 1.024351 2.682982 4.822538
l 13475 13476
v 1.066970 2.724073 4.795900
v 1.105438 2.744922 4.771703
l 13477 13478
v 1.350400 2.663587 4.763220
v 1.303727 2.652568 4.749068
l 13479 13480
v 1.355447 2.665180 4.761393
v 1.382482 2.669494 4.719554
l 13481 13482
v 1.064900 1.951307 4.814850
v 1.022028 1.925668 4.817011
l 13483 13484
v 1.068520 1.953673 4.810587
v 1.069873 1.956883 4.760708
l 13485 13486
v 1.978293 1.939057 4.802030
v 1.954569 1.943134 4.758206
l 13487 13488
v -0.774047 0.150422 4.643033
v -0.771052 0.108484 4.615973
l 13489 13490
v -0.778066 0.154732 4.644543
v -0.818871 0.173334 4.622431
l 13491 13492
v -0.899489 -0.020707 4.564650
v -0.913527 0.026947 4.558991
l 13493 13494
v -0.914471 -0.009523 4.600000
v -0.890625 0.025064 4.572887
l 13495 13496
v -0.917314 -0.014556 4.599410
v -0.931506 -0.047306 4.564396
l 13497 13498
v -0.896339 -0.024501 4.564010
v -0.848230 -0.031457 4.552298
l 13499 13500
v -0.962454 -0.008838 4.581893
v -1.003083 -0.006720 4.552829
l 13501 13502
v -1.140000 -0.026601 4.568607
v -1.090235 -0.028938 4.572846
l 13503 13504
v -1.094930 -0.000641 4.590940
v -1.075630 -0.003219 4.544887
l 13505 13506
v -1.091177 0.005370 4.594947
v -1.062547 0.031335 4.563227
l 13507 13508
v -1.104590 0.000304 4.591603
v -1.139510 -0.009328 4.557139
l 13509 13510
v -0.848030 0.041345 4.625157
v -0.833486 0.023873 4.580624
l 13511 13512
v -0.756912 0.031655 4.629977
v -0.771781 0.016461 4.584721
l 13513 13514
v -0.854597 -0.013789 4.608197
v -0.827485 -0.048573 4.584638
l 13515 13516
v -0.856729 -0.009294 4.607203
v -0.890467 0.015790 4.580139
l 13517 13518
v -1.143217 -0.023758 4.566353
v -1.166095 -0.011394 4.523648
l 13519 13520
v -0.957447 -0.014702 4.581483
v -0.913990 -0.032247 4.564056
l 13521 13522
v -0.959435 -0.004458 4.585010
v -0.923270 0.027360 4.571607
l 13523 13524
v -0.176594 -0.059749 2.307080
v -0.168722 -0.089111 2.267382
l 13525 13526
v -0.176055 -0.053124 2.307357
v -0.163281 -0.022231 2.270175
l 13527 13528
v -0.253808 -0.061392 2.147833
v -0.211836 -0.076028 2.124939
l 13529 13530
v -0.259329 -0.061729 2.147377
v -0.296847 -0.087453 2.126624
l 13531 13532
v -0.280354 -0.059280 2.302863
v -0.260568 -0.038034 2.262156
l 13533 13534
v -0.303632 -0.059137 2.304210
v -0.338489 -0.086304 2.280824
l 13535 13536
v 0.192642 0.782816 2.806827
v 0.145196 0.769895 2.797775
l 13537 13538
v 0.196444 0.777727 2.816403
v 0.183244 0.729507 2.815675
l 13539 13540
v 0.196275 0.775694 2.832053
v 0.180789 0.732473 2.812252
l 13541 13542
v 0.039370 -0.083665 0.942508
v -0.002093 -0.055888 0.939462
l 13543 13544
v 0.039650 -0.090320 0.942659
v 0.000667 -0.121584 0.940955
l 13545 13546
v 0.454797 -0.084959 1.037077
v 0.453559 -0.114767 0.996953
l 13547 13548
v 0.454728 -0.078294 1.036980
v 0.452881 -0.049694 0.996009
l 13549 13550
v 0.225563 0.955648 2.768570
v 0.183638 0.953548 2.741406
l 13551 13552
v 2.222193 0.645689 3.446720
v 2.229306 0.643090 3.397297
l 13553 13554
v 2.218397 0.645721 3.449767
v 2.183748 0.618633 3.473550
l 13555 13556
v 2.227873 0.351997 3.507440
v 2.261916 0.357605 3.471251
l 13557 13558
v 2.231740 0.249310 3.452923
v 2.232568 0.200612 3.441616
l 13559 13560
v 2.227473 0.262634 3.509757
v 2.257513 0.249463 3.472019
l 13561 13562
v 2.223363 0.262424 3.512253
v 2.174755 0.272191 3.505789
l 13563 13564
v -0.246943 -0.093200 0.939131
v -0.249340 -0.123626 0.899527
l 13565 13566
v 0.046588 0.752077 4.714223
v 0.074769 0.765897 4.675303
l 13567 13568
v 0.250478 -0.092371 0.641486
v 0.221247 -0.097272 0.601218
l 13569 13570
v -0.049360 -0.107573 0.190403
v -0.056025 -0.058854 0.199458
l 13571 13572
v 0.120711 -0.113227 0.190320
v 0.080849 -0.101475 0.162519
l 13573 13574
v -1.135393 -0.064611 2.097537
v -1.118563 -0.018211 2.089554
l 13575 13576
v -1.125403 -0.069707 2.084467
v -1.089456 -0.101011 2.099562
l 13577 13578
v -1.131700 -0.074008 2.092947
v -1.091343 -0.100279 2.106406
l 13579 13580
v -0.347560 -0.102181 0.551905
v -0.302887 -0.101770 0.574357
l 13581 13582
v 0.952693 -0.059512 1.533870
v 0.957524 -0.073059 1.485983
l 13583 13584
v -3.065257 0.289186 4.467517
v -3.079416 0.324059 4.434601
l 13585 13586
v -3.199190 0.155485 4.468253
v -3.155409 0.151023 4.491988
l 13587 13588
v -3.201540 0.155287 4.463133
v -3.190850 0.148020 4.414833
l 13589 13590
