vertex_index,x,y,z,nx,ny,nz
0,2.244210,0.246384,3.341160,-0.020343,-0.907636,-0.419265
1,2.245530,0.260934,3.340770,0.142233,0.866538,-0.478415
2,2.253600,0.253282,3.350260,0.852481,-0.059102,0.519407
3,0.928663,2.655120,4.695250,-0.745851,0.355328,0.563425
4,0.942593,2.653130,4.692670,0.841689,0.250702,0.478235
5,0.937494,2.655510,4.679520,0.084832,0.391943,-0.916070
6,0.935705,2.641300,4.688520,-0.087746,-0.993447,-0.073236
7,-1.039790,0.336009,4.626820,0.821164,-0.560638,-0.106657
8,-1.050490,0.341293,4.635590,-0.234953,-0.096136,0.967241
9,-1.054960,0.338615,4.621730,-0.663774,-0.360749,-0.655183
10,-2.248310,1.352350,4.508460,0.073050,0.134007,-0.988284
11,-2.244550,1.344920,4.520770,0.576684,-0.772011,0.267272
12,-2.258900,1.348750,4.520940,-0.951891,-0.214344,0.218997
13,-2.760640,2.622830,4.462660,-0.299152,0.476858,-0.826508
14,-2.749550,2.617760,4.471200,0.999384,0.002136,-0.035018
15,-2.761290,2.608610,4.471280,-0.387610,-0.921610,-0.019856
16,-2.052880,2.440930,4.510610,0.851951,0.520172,-0.059995
17,-2.059770,2.431740,4.501490,0.009619,-0.455583,-0.890141
18,-2.067350,2.439620,4.511060,-0.929755,0.368142,-0.005288
19,-2.059280,2.433240,4.521330,0.054986,-0.316634,0.946953
20,1.730920,0.062669,2.875020,0.496008,-0.201749,-0.844555
21,1.718180,0.065496,2.884080,-0.982972,0.138927,0.120274
22,1.735980,0.091143,2.897640,-0.450504,0.830903,0.326568
23,1.556420,0.363706,2.865700,0.868732,0.427814,0.249557
24,1.542460,0.363864,2.861920,-0.864737,0.451629,-0.219683
25,1.546760,0.355841,2.873160,-0.244072,-0.408545,0.879500
26,0.451572,-0.063140,1.744580,0.811551,-0.028719,-0.583576
27,0.442243,-0.052535,1.748220,-0.251178,0.962328,-0.104091
28,0.444667,-0.063452,1.756990,-0.036881,-0.071177,0.996782
29,-1.033550,-0.093487,1.469880,0.041576,-0.936318,-0.348682
30,-1.041120,-0.083398,1.476390,-0.932827,-0.000638,0.360323
31,-1.033810,-0.073549,1.469240,0.017455,0.912843,-0.407937
32,-1.129750,-0.072596,1.813430,-0.342741,0.130628,0.930304
33,-1.132740,-0.066632,1.800810,-0.510017,0.648037,-0.565624
34,-1.128780,-0.083843,1.804680,-0.137534,-0.969772,-0.201562
35,-2.645800,2.550420,4.473120,-0.960456,0.252267,-0.117840
36,-2.633470,2.543130,4.483560,0.210054,-0.439766,0.873203
37,-2.631180,2.554990,4.474090,0.528525,0.848320,-0.031844
38,-2.633110,2.541530,4.466970,0.257155,-0.622966,-0.738772
39,-1.377250,0.407956,4.596120,0.849048,0.486772,-0.205355
40,-1.373580,0.381464,4.600500,0.971416,-0.053414,0.231297
41,-1.382910,0.379255,4.588560,-0.196124,-0.253269,-0.947307
42,-0.853848,0.437692,4.634150,-0.104518,-0.944575,-0.311215
43,-0.851241,0.446654,4.647370,0.151345,-0.065205,0.986328
44,-0.858831,0.451045,4.635990,-0.836784,0.515605,-0.184237
45,-0.845203,0.453096,4.631910,0.691591,0.527163,-0.493762
46,1.141940,-0.052589,1.969110,0.086035,-0.896115,-0.435404
47,1.148510,-0.042246,1.978150,0.864614,0.071531,0.497319
48,1.133930,-0.043568,1.977430,-0.888040,-0.088048,0.451256
49,1.724470,2.644060,4.806400,0.267413,0.748257,-0.607126
50,1.715530,2.637200,4.815070,-0.893463,-0.032127,0.447987
51,1.728640,2.638870,4.820300,0.603135,0.132272,0.786596
52,1.440290,0.828724,2.823970,-0.541418,0.753451,-0.373068
53,1.454670,0.826413,2.825440,0.919448,0.363567,-0.149783
54,1.439100,0.814157,2.823270,-0.526092,-0.774448,-0.351365
55,1.445480,0.820236,2.834700,0.089307,-0.282355,0.955144
56,2.185370,0.822486,3.462160,-0.781640,0.601928,0.163468
57,2.215770,0.810812,3.464250,0.931264,0.054026,0.360316
58,2.191960,0.813530,3.446780,-0.610629,0.224317,-0.759483
59,2.123860,0.865826,3.066780,-0.979310,-0.161881,0.121438
60,2.138590,0.863595,3.057320,0.459500,-0.379931,-0.802815
61,2.138570,0.863189,3.073840,0.447883,-0.410739,0.794163
62,1.151580,-0.032144,2.153110,0.483155,0.788565,-0.380429
63,1.146250,-0.040594,2.166220,0.000046,0.028066,0.999606
64,1.150690,-0.050102,2.154420,0.416344,-0.867974,-0.270701
65,1.137840,-0.040408,2.154510,-0.947740,0.049209,-0.315225
66,2.245280,0.450340,3.352340,0.944444,-0.327854,0.023192
67,2.234290,0.456622,3.359430,-0.082058,0.342831,0.935806
68,2.225610,0.448772,3.350860,-0.869238,-0.481001,-0.114290
69,0.072572,1.406520,4.197160,-0.731338,-0.619838,0.284510
70,0.084141,1.399670,4.187000,0.346202,-0.861154,-0.372234
71,0.086740,1.412320,4.195410,0.983424,-0.169352,-0.064789
72,1.758660,1.661360,4.784720,0.546828,0.837040,0.018514
73,1.756640,1.652690,4.773660,0.301930,0.014338,-0.953222
74,1.743910,1.652000,4.779910,-0.891984,-0.145061,-0.428162
75,0.908617,-0.067078,1.302210,0.475369,0.067591,0.877186
76,0.895639,-0.065591,1.295560,-0.977617,0.210207,0.008786
77,0.905719,-0.078054,1.292940,0.069648,-0.969466,-0.235128
78,0.763967,-0.064753,1.453960,0.999097,0.000215,-0.042495
79,0.754292,-0.074858,1.451180,-0.166948,-0.942198,-0.290501
80,0.754260,-0.054872,1.450560,-0.169988,0.921792,-0.348430
81,1.545980,0.825618,2.851650,-0.597010,-0.798933,-0.072693
82,1.559560,0.831767,2.854230,0.962028,-0.150200,0.227908
83,1.547550,0.838346,2.860670,-0.371718,0.499174,0.782720
84,1.552050,0.837262,2.842310,0.049264,0.389333,-0.919779
85,-0.849021,0.248904,4.632530,0.768390,0.164178,-0.618565
86,-0.862768,0.238656,4.638340,-0.507287,-0.852427,-0.126601
87,-0.862119,0.253515,4.637880,-0.543072,0.812106,-0.213441
88,1.250620,-0.054207,1.791180,0.281489,-0.883292,-0.374913
89,1.252340,-0.035576,1.788990,0.365845,0.797886,-0.479098
90,1.255980,-0.045036,1.807640,0.651215,0.087857,0.753791
91,1.447390,0.043154,2.856300,0.094655,-0.956548,0.275784
92,1.439190,0.058802,2.858580,-0.686564,0.534464,0.492928
93,1.443840,0.053128,2.844660,-0.280580,-0.006967,-0.959805
94,1.454960,0.057455,2.854920,0.884189,0.440190,0.156338
95,1.956420,0.863875,3.050850,-0.886042,0.202840,0.416876
96,1.968010,0.868159,3.037900,0.241146,0.567980,-0.786923
97,1.964710,0.851978,3.044800,-0.061244,-0.980818,-0.185054
98,2.219930,0.757764,3.442300,0.053244,0.518866,-0.853196
99,2.229820,0.750482,3.450050,0.950153,-0.296128,0.097557
100,2.210380,0.748076,3.447370,-0.842141,-0.518108,-0.149541
101,2.226530,0.552877,3.351420,-0.891993,0.449153,0.051096
102,2.235800,0.544769,3.343200,-0.045288,-0.389872,-0.919755
103,2.236060,0.544080,3.357500,-0.015235,-0.510572,0.859700
104,2.246390,0.551568,3.351000,0.944519,0.328227,0.012267
105,-0.352106,0.837359,4.693110,-0.803358,-0.591755,-0.066641
106,-0.344334,0.847694,4.703070,-0.043476,0.418680,0.907093
107,-0.342934,0.850566,4.685620,0.087618,0.656201,-0.749482
108,-1.384510,0.416099,4.608350,0.019330,0.366213,0.930330
109,-1.377920,0.424275,4.597460,0.500422,0.839085,-0.213340
110,-1.662470,-0.043722,4.541790,0.056638,-0.801026,0.595944
111,-1.666930,-0.039083,4.526540,-0.365791,-0.304344,-0.879529
112,-1.655850,-0.032568,4.534260,0.890525,0.405440,-0.206358
113,-0.558645,0.441167,4.656480,-0.919581,-0.392744,-0.011094
114,-0.550788,0.447687,4.646390,0.049611,0.315769,-0.947538
115,-0.544409,0.440632,4.657010,0.882182,-0.467523,0.056368
116,1.142130,2.434430,4.814980,0.158075,0.509250,0.845977
117,1.143870,2.437800,4.798850,0.252740,0.695117,-0.673004
118,1.133340,2.428250,4.804230,-0.820650,0.449839,-0.352391
119,0.128119,0.439037,4.333990,0.971894,-0.209892,-0.106618
120,0.115067,0.433578,4.340830,-0.325204,-0.752247,0.573033
121,0.112672,0.442888,4.325630,-0.508737,0.156096,-0.846653
122,-0.235520,0.598320,4.674320,0.745073,-0.666619,-0.022029
123,-0.242260,0.607643,4.684730,-0.006304,0.311956,0.950076
124,-0.250538,0.601648,4.673170,-0.942286,-0.298259,-0.152115
125,-2.835400,0.255518,4.484700,0.028593,0.174114,-0.984310
126,-2.828560,0.230279,4.499400,0.997294,-0.009496,0.072896
127,-2.837120,0.217471,4.496720,-0.440662,-0.663931,-0.604163
128,-2.819540,0.218607,4.504590,0.946522,-0.290128,0.141149
129,-0.808202,1.331430,4.655910,-0.927227,0.182809,-0.326849
130,-0.796774,1.321260,4.658010,0.236908,-0.961492,-0.139312
131,-0.798913,1.331800,4.669080,-0.008773,0.219448,0.975585
132,-0.537309,0.653034,4.650640,0.059594,-0.990133,-0.126825
133,-0.532180,0.666258,4.651090,0.724215,0.685714,-0.072869
134,-0.539311,0.661241,4.662280,-0.142056,0.027049,0.989489
135,-0.655430,0.275066,4.660950,-0.047482,-0.269947,0.961704
136,-0.662917,0.282379,4.649210,-0.862752,0.479068,-0.161721
137,-0.654325,0.270908,4.642730,0.056263,-0.660217,-0.748965
138,-1.652450,2.554950,4.518050,0.102753,0.669013,-0.736114
139,-1.647100,2.543150,4.525980,0.757665,-0.644231,0.104450
140,-1.661850,2.542620,4.522410,-0.791300,-0.556365,-0.253581
141,-1.653540,2.554040,4.534370,-0.009741,0.510742,0.859679
142,0.459185,-0.074447,1.669600,-0.401547,-0.909731,-0.105593
143,0.459726,-0.054540,1.670100,-0.351460,0.934324,-0.059282
144,0.468532,-0.064606,1.664460,0.623794,0.002453,-0.781585
145,0.109358,0.350744,4.318060,-0.709361,0.552843,-0.437233
146,0.114179,0.344361,4.330860,-0.335230,-0.045346,0.941045
147,0.127607,0.346657,4.324370,0.973706,0.175948,0.144706
148,-2.249600,1.054670,4.540410,0.335376,0.018351,0.941906
149,-2.256160,1.047340,4.530150,-0.382171,-0.923957,-0.015773
150,-2.248810,1.054690,4.520450,0.408738,0.020207,-0.912428
151,-0.652527,0.058280,4.652980,0.794964,0.585125,0.160190
152,-0.667130,0.057676,4.650950,-0.724665,0.688154,-0.036128
153,-0.660028,0.046807,4.656730,0.142656,-0.678114,0.720979
154,-3.146860,0.155764,4.469670,0.060992,-0.840966,-0.537640
155,-3.145520,0.162051,4.483390,0.232237,-0.328768,0.915411
156,-3.154600,0.167414,4.473450,-0.908474,0.324655,-0.263201
157,-3.141840,0.174109,4.474990,0.523836,0.850516,-0.047094
158,-0.735268,-0.062136,2.110750,0.908137,0.039011,-0.416853
159,-0.742109,-0.053409,2.119950,0.027667,0.835967,0.548082
160,-0.742921,-0.072980,2.116350,-0.047489,-0.975460,0.214995
161,-2.973990,2.447950,4.432990,0.541191,0.780989,0.311717
162,-2.982010,2.443380,4.420880,-0.267251,0.320192,-0.908875
163,-2.987630,2.436600,4.436740,-0.730504,-0.318197,0.604247
164,-1.392490,0.413960,4.595680,-0.812691,0.315876,-0.489648
165,-1.387210,0.381185,4.607500,-0.253099,-0.628811,0.735213
166,-1.050580,0.042897,4.626530,-0.153574,0.139463,0.978246
167,-1.040230,0.042849,4.615110,0.981949,0.165738,-0.091140
168,-1.053020,0.046840,4.607480,-0.378338,0.502721,-0.777260
169,-0.634233,-0.031207,4.576390,-0.400146,-0.657437,-0.638483
170,-0.622706,-0.024517,4.582870,0.985068,0.124522,0.118891
171,-0.633566,-0.029786,4.591470,-0.256793,-0.391921,0.883434
172,-0.764259,0.350021,4.653100,-0.167056,0.356175,0.919365
173,-0.754771,0.346171,4.643290,0.999941,-0.002329,0.010589
174,-0.764049,0.349560,4.633120,-0.147597,0.313454,-0.938063
175,-1.252880,0.725327,4.614970,0.510864,-0.810539,0.286432
176,-1.281100,0.720764,4.601620,-0.793756,0.251137,0.553969
177,-1.276340,0.705037,4.596570,0.393038,-0.892959,0.219420
178,-1.281340,0.716712,4.585700,-0.102896,0.268908,-0.957654
179,-0.240175,0.610581,4.666050,0.187826,0.585792,-0.788396
180,-3.061770,0.147052,4.473200,-0.146137,-0.347203,-0.926333
181,-3.052470,0.150553,4.483350,0.999244,-0.029919,0.024819
182,-3.062260,0.147424,4.493170,-0.191538,-0.312304,0.930473
183,-3.065000,0.157232,4.482920,-0.596970,0.801717,-0.029597
184,-1.448070,0.042104,4.582510,-0.144556,-0.352290,-0.924660
185,-1.446120,0.036382,4.601490,0.024864,-0.749056,0.662040
186,-1.453360,0.047188,4.595040,-0.958874,-0.281407,0.037015
187,-1.438990,0.046191,4.593260,0.605596,-0.794951,-0.036138
188,2.013100,1.565060,4.840250,0.281668,0.085356,0.955708
189,2.006360,1.557790,4.829790,-0.503591,-0.863693,-0.020735
190,2.017220,1.563090,4.821950,0.663975,-0.097346,-0.741391
191,-0.856991,0.950250,4.653350,0.713423,0.699514,-0.041327
192,-0.871162,0.945972,4.650750,-0.868044,0.330863,-0.370175
193,-0.864667,0.941513,4.663550,-0.056961,-0.177370,0.982494
194,-1.348730,0.247613,4.616110,-0.487662,0.162176,0.857837
195,-1.339430,0.239101,4.608830,0.497509,-0.832765,0.242873
196,-1.340450,0.253174,4.605630,0.377330,0.913290,-0.153375
197,0.092186,0.362098,4.633490,-0.690578,-0.028351,-0.722702
198,0.098648,0.370034,4.643730,-0.119362,0.944659,0.305568
199,0.110330,0.361690,4.641840,0.996351,-0.066272,0.053774
200,-2.646970,0.068359,4.525030,0.310322,-0.041299,0.949734
201,-2.645330,0.071502,4.505520,0.461929,0.248900,-0.851276
202,-2.656320,0.074863,4.515210,-0.701964,0.710069,0.055217
203,-3.067350,0.577937,4.481080,0.451276,-0.161426,0.877663
204,-3.074330,0.587955,4.472270,-0.244985,0.966207,0.080160
205,-3.077100,0.574087,4.471560,-0.656223,-0.754560,-0.003206
206,-1.553230,0.759265,4.599540,-0.537839,0.393324,0.745671
207,-1.548370,0.758769,4.581600,-0.214495,0.471556,-0.855352
208,-1.550150,0.746158,4.591100,-0.726966,-0.667318,0.161884
209,-2.755650,0.668387,4.504270,-0.367488,0.360882,0.857156
210,-2.742410,0.666123,4.495410,0.984237,0.172300,0.039886
211,-2.754860,0.668248,4.485450,-0.294358,0.348203,-0.890004
212,-1.515890,1.339730,4.617670,0.017072,0.055114,0.998334
213,-1.506470,1.339040,4.603640,0.932627,-0.011694,-0.360653
214,-1.521330,1.347110,4.603350,-0.509059,0.768846,-0.386956
215,-3.063450,0.285016,4.481030,0.125949,-0.320253,0.938922
216,-3.062440,0.284349,4.461180,0.219358,-0.381877,-0.897804
217,-3.060160,0.294468,4.470920,0.613196,0.789917,0.004729
218,-2.655620,0.546508,4.503510,-0.288176,-0.936837,-0.198218
219,-2.649880,0.554222,4.515630,0.292926,-0.056359,0.954473
220,-2.658120,0.560690,4.505540,-0.653467,0.756161,0.034661
221,-2.452650,1.160910,4.507320,-0.274398,0.950404,0.146417
222,-2.447140,1.152340,4.496580,0.290141,0.072681,-0.954220
223,-2.456040,1.146300,4.507020,-0.744084,-0.653576,0.138483
224,-3.068730,0.579214,4.461350,0.323526,-0.043374,-0.945225
225,-2.438970,0.249498,4.530360,0.415578,-0.906554,-0.073861
226,-2.438750,0.263563,4.531900,0.508828,0.852096,0.122582
227,-2.447420,0.256551,4.540610,-0.452835,-0.064288,0.889274
228,-2.744400,0.251375,4.492800,0.369637,-0.563404,-0.738881
229,-2.740840,0.260970,4.504040,0.835798,0.525612,0.158663
230,-2.745550,0.249093,4.512280,0.109951,-0.695406,0.710156
231,-1.757520,1.347260,4.567260,0.219527,0.085197,0.971879
232,-1.761760,1.338620,4.556640,-0.236899,-0.971235,-0.024090
233,-1.754680,1.347050,4.547470,0.484215,0.065627,-0.872485
234,-3.041080,0.042161,4.480300,0.900972,-0.392196,-0.185557
235,-3.053230,0.042017,4.489270,-0.276924,-0.513671,0.812069
236,-3.054470,0.045677,4.474940,-0.438140,-0.089787,-0.894411
237,-3.207400,0.857262,4.455670,-0.546040,-0.015628,0.837613
238,-3.197610,0.865190,4.447120,0.450034,0.891457,0.052659
239,-3.205210,0.857288,4.436550,-0.342174,-0.013201,-0.939544
240,-2.748080,0.055588,4.518820,0.290782,-0.260029,0.920777
241,-2.756260,0.052570,4.507570,-0.646640,-0.742541,-0.174615
242,-2.746780,0.059075,4.499170,0.411565,0.064810,-0.909073
243,-2.937260,0.052607,4.486680,0.939801,-0.339571,0.038285
244,-2.945860,0.059719,4.496220,-0.079547,0.399798,0.913145
245,-2.951450,0.051191,4.486240,-0.837031,-0.546916,-0.016177
246,-2.975830,0.740788,4.462480,0.373250,-0.014644,-0.927615
247,-2.984910,0.734503,4.472090,-0.616280,-0.786005,-0.048932
248,-2.981830,0.748447,4.472970,-0.253749,0.965305,0.061630
249,-2.975800,0.739522,4.482390,0.376012,-0.131943,0.917173
250,-2.754580,0.255705,4.502610,-0.211907,-0.968853,-0.128135
251,-2.780620,0.261538,4.501570,-0.811133,-0.526321,0.255048
252,-2.777280,0.270796,4.487820,-0.408873,0.302243,-0.861088
253,-3.141830,0.741468,4.457220,0.433027,-0.881875,-0.186505
254,-3.140090,0.757100,4.457020,0.616001,0.759899,-0.207595
255,-3.147640,0.750169,4.467910,-0.185761,0.033342,0.982029
256,-3.152530,1.157400,4.464860,0.217465,0.154234,0.963805
257,-3.156220,1.145770,4.453630,-0.142669,-0.980906,-0.132167
258,-3.147180,1.159550,4.448620,0.716569,0.352728,-0.601757
259,-2.544450,1.156820,4.501200,0.184678,0.922870,-0.337943
260,-2.536580,1.151550,4.513210,0.430202,0.156331,0.889093
261,-2.532460,1.150560,4.494040,0.599705,0.034757,-0.799466
262,-2.995090,0.376009,4.488480,-0.803948,-0.255306,-0.537109
263,-2.981290,0.365240,4.486520,0.411297,-0.747796,-0.521187
264,-2.986520,0.370206,4.501170,0.022087,-0.534444,0.844915
265,-2.980090,0.380311,4.491310,0.895636,0.221265,-0.385846
266,-2.969020,0.673447,4.465500,0.172541,-0.384964,-0.906660
267,-2.979390,0.679287,4.474960,-0.980428,0.192179,-0.042748
268,-2.965560,0.682998,4.475610,0.703571,0.709667,0.036879
269,-2.651700,0.061458,4.513440,-0.180232,-0.968609,-0.171211
270,-1.761430,1.237580,4.558540,-0.920012,-0.329671,-0.211882
271,-1.748110,1.248860,4.553830,0.370911,0.707578,-0.601463
272,-1.746940,1.235400,4.559620,0.695813,-0.705947,-0.132221
273,-1.563190,1.151680,4.575340,0.187157,-0.266474,-0.945497
274,-1.556030,1.156120,4.589360,0.888278,0.168298,0.427362
275,-1.571010,1.147120,4.590320,-0.547952,-0.675242,0.493758
276,-2.972930,0.945144,4.459470,0.076032,0.253993,-0.964213
277,-2.968210,0.949260,4.476250,0.487748,0.591322,0.642215
278,-2.970130,0.935433,4.470620,0.434866,-0.879545,0.193111
279,-3.152320,0.665304,4.461530,-0.608407,0.767307,-0.202684
280,-3.146370,0.655686,4.473310,-0.034511,-0.171397,0.984597
281,-3.137270,0.659913,4.460420,0.906100,0.262825,-0.331520
282,-3.148540,0.648671,4.459130,-0.248218,-0.860630,-0.444639
283,-3.145480,0.041125,4.480980,-0.301434,0.093518,0.948890
284,-3.150270,0.036682,4.465400,-0.762739,-0.334724,-0.553344
285,-3.136630,0.034957,4.470870,0.739878,-0.671820,-0.035181
286,-3.155470,0.272975,4.469900,-0.879481,0.256092,0.401160
287,-3.139220,0.276866,4.470070,0.687248,0.608170,0.397266
288,-3.146790,0.271116,4.456320,-0.024988,0.077322,-0.996693
289,-2.266390,2.245800,4.490070,0.690605,0.572725,0.441647
290,-2.280300,2.243720,4.486910,-0.824210,0.527019,0.207192
291,-2.277490,2.229580,4.487160,-0.335234,-0.926182,0.172644
292,-2.270450,2.238630,4.477700,0.407169,-0.116160,-0.905936
293,-3.044320,0.955849,4.461790,0.310974,0.747798,-0.586594
294,-3.042450,0.942453,4.467060,0.694649,-0.705127,-0.142333
295,-3.056960,0.942426,4.466590,-0.857916,-0.493607,-0.142593
296,-1.749430,2.342480,4.528720,0.276015,0.927437,-0.252341
297,-1.759430,2.332190,4.523800,-0.717301,-0.236932,-0.655243
298,-1.753930,2.335320,4.541310,-0.204561,0.054882,0.977314
299,-1.745080,2.328000,4.529940,0.700043,-0.707964,-0.093423
300,-3.060820,0.365497,4.469830,0.289714,0.073556,-0.954283
301,-3.068550,0.371194,4.480520,-0.578975,0.813507,0.054720
302,-3.059240,0.365279,4.489740,0.436487,0.053234,0.898134
303,-2.148180,0.446968,4.558600,-0.428614,-0.271052,0.861871
304,-2.140150,0.441131,4.545440,0.350335,-0.840205,-0.413909
305,-2.136680,0.456210,4.551130,0.731094,0.665954,0.148349
306,-3.147380,0.853824,4.474410,-0.458443,0.042985,0.887683
307,-3.138570,0.860478,4.464980,0.477882,0.878276,0.016118
308,-3.145540,0.853185,4.454540,-0.287714,-0.016351,-0.957577
309,-3.196940,0.849797,4.447180,0.514252,-0.855668,0.058111
310,-3.060310,-0.032492,4.464580,-0.204540,-0.543764,-0.813932
311,-3.059800,-0.030001,4.483350,-0.156907,-0.311225,0.937294
312,-3.063540,-0.019554,4.472510,-0.603937,0.792127,-0.088284
313,-2.833500,0.640540,4.473440,-0.237997,-0.112925,-0.964679
314,-2.829590,0.650103,4.484250,0.157712,0.986536,0.043288
315,-2.825300,0.636199,4.484650,0.707565,-0.700045,0.096379
316,-1.576160,0.949230,4.583190,-0.731917,-0.595548,-0.331090
317,-1.563060,0.951603,4.589260,0.837385,-0.375548,0.397178
318,-1.574150,0.959440,4.594710,-0.416985,0.450881,0.789196
319,-1.565910,0.959132,4.577040,0.342378,0.422516,-0.839201
320,-2.555950,0.753728,4.515090,-0.921286,0.381742,-0.074195
321,-2.548890,0.746909,4.525800,-0.036890,-0.345821,0.937575
322,-2.541580,0.754591,4.516010,0.867365,0.496056,0.040079
323,-2.831170,0.264149,4.497370,0.390190,0.903339,0.178129
324,-2.843380,0.254916,4.501660,-0.510422,0.719645,0.470723
325,-2.840430,0.847671,4.492620,-0.540535,0.027031,0.840887
326,-2.831070,0.854518,4.483970,0.442148,0.895344,0.053519
327,-2.836940,0.847126,4.473010,-0.217218,-0.023459,-0.975841
328,-3.139380,0.846248,4.465360,0.394588,-0.916500,0.065791
329,-3.052210,0.750159,4.461940,0.760588,0.045387,-0.647647
330,-3.064490,0.756688,4.467300,-0.488331,0.849272,-0.200675
331,-3.060180,0.749792,4.479790,0.025194,0.011527,0.999616
332,-2.983540,0.942257,4.470190,-0.992603,-0.036832,0.115680
333,-1.645780,0.750472,4.558290,0.003109,0.389166,-0.921162
334,-1.653670,0.742665,4.568660,-0.908461,-0.415464,0.045697
335,-1.645180,0.751310,4.577820,0.058526,0.466614,0.882523
336,-2.969910,0.673300,4.485230,0.090431,-0.398405,0.912741
337,-3.155480,0.750847,4.452630,-0.828402,0.085277,-0.553605
338,-2.832910,0.220229,4.510570,-0.084760,-0.242772,0.966373
339,-2.132530,2.342130,4.516550,-0.258143,-0.308137,0.915649
340,-2.136490,2.347930,4.504190,-0.887992,0.325276,-0.325063
341,-2.126240,2.340510,4.497730,0.324445,-0.458442,-0.827385
342,-2.123120,2.350150,4.508470,0.796382,0.564273,0.217650
343,-1.850250,0.055741,4.583930,-0.317175,0.024268,0.948056
344,-1.842740,0.049552,4.573130,0.584527,-0.781296,-0.218871
345,-1.842580,0.063963,4.575060,0.478889,0.877455,0.027177
346,-1.666150,1.648280,4.551630,-0.907775,-0.409860,-0.089212
347,-1.657160,1.654690,4.542160,0.149893,0.285937,-0.946453
348,-1.652060,1.648020,4.553650,0.869380,-0.464820,0.167695
349,-2.246890,2.596410,4.494580,0.156476,-0.933351,0.323065
350,-2.257190,2.605060,4.488740,-0.928069,0.148054,-0.341714
351,-2.239510,2.604080,4.484490,0.748286,0.041009,-0.662108
352,-2.046110,1.748850,4.512690,-0.082608,-0.258903,-0.962364
353,-2.041410,1.743220,4.527670,0.366836,-0.772904,0.517737
354,-2.054050,1.753920,4.525640,-0.898735,0.258167,0.354435
355,-3.219870,0.946507,4.451470,-0.963209,-0.008571,-0.268617
356,-3.210920,0.946254,4.463600,-0.027942,-0.035010,0.998996
357,-3.205740,0.955081,4.450590,0.472381,0.816561,-0.331790
358,-2.841130,2.145330,4.447440,0.822095,-0.565692,0.064442
359,-2.845870,2.153810,4.437150,0.144115,0.386137,-0.911114
360,-2.847720,2.153380,4.457030,-0.027935,0.346163,0.937758
361,-2.855090,2.147260,4.446180,-0.950128,-0.297036,-0.095005
362,-3.135100,2.534460,4.449830,-0.623058,0.283128,0.729134
363,-3.123900,2.523410,4.445090,0.464618,-0.825943,0.319294
364,-3.124250,2.536980,4.441120,0.593692,0.794929,-0.124969
365,-3.012060,2.612130,4.451630,0.507094,-0.672763,-0.538745
366,-3.015320,2.618160,4.467470,0.196447,-0.097473,0.975657
367,-3.024970,2.617830,4.456210,-0.975369,-0.173140,-0.136663
368,-0.035246,0.756517,4.704830,0.708218,0.126591,-0.694551
369,-0.041213,0.761552,4.717560,0.197101,0.758092,0.621649
370,-0.044322,0.747037,4.719260,-0.134111,-0.752834,0.644402
371,-0.734848,0.812814,4.678610,-0.057957,0.214239,0.975060
372,-0.726687,0.807350,4.667780,0.921928,-0.385562,-0.037277
373,-0.734166,0.816349,4.659010,0.005222,0.541660,-0.840581
374,-2.542880,2.623400,4.479690,0.165045,0.010578,0.986229
375,-2.543380,2.632770,4.467280,0.114518,0.956810,-0.267208
376,-2.552890,2.620240,4.467960,-0.917413,-0.334641,-0.215334
377,-2.537980,2.616500,4.464530,0.601540,-0.625594,-0.496772
378,-1.764470,1.352500,4.556110,-0.595610,0.797808,-0.093549
379,-1.246890,-0.021317,4.563790,-0.847860,0.393390,0.355496
380,-1.230840,-0.020907,4.563790,0.829150,0.433410,0.353080
381,-1.238860,-0.023536,4.550130,-0.005507,0.147671,-0.989021
382,-1.764520,0.250620,4.582590,-0.528013,0.848179,0.042362
383,-1.764310,0.236563,4.580010,-0.418042,-0.871956,-0.254820
384,-1.758150,0.242827,4.592740,0.225287,-0.137029,0.964608
385,-1.032390,0.620261,4.629370,-0.450151,-0.243414,0.859136
386,-1.027460,0.630936,4.620870,0.009959,0.995579,0.093394
387,-1.029910,0.622090,4.609640,-0.220035,-0.073667,-0.972706
388,-3.049240,-0.025562,4.472910,0.991414,0.123194,-0.043841
389,-1.346360,0.243387,4.596770,-0.268024,-0.229723,-0.935623
390,-1.497990,0.239276,4.601140,0.237829,-0.354782,-0.904194
391,-1.461060,0.242364,4.587900,-0.046750,0.010498,-0.998851
392,-1.463900,0.233324,4.602370,-0.023458,-0.875827,0.482054
393,-1.051060,0.456088,4.628410,-0.643059,0.346130,0.683132
394,-1.038250,0.457166,4.621720,0.721696,0.674483,0.155651
395,-1.046630,0.451701,4.611240,-0.303271,-0.041479,-0.952001
396,-2.349340,0.156724,4.551490,-0.076281,-0.446137,0.891708
397,-2.355610,0.165182,4.541710,-0.887968,0.459206,-0.025356
398,-2.347860,0.158494,4.531630,0.061531,-0.281424,-0.957609
399,1.146730,1.845140,4.838950,-0.143328,-0.280886,0.948979
400,1.149960,1.842730,4.819490,0.155235,-0.503787,-0.849765
401,1.155530,1.852360,4.829370,0.863347,0.497907,0.081981
402,2.242930,0.451646,3.248470,0.585461,0.182562,-0.789877
403,2.228930,0.451488,3.253840,-0.901902,0.214238,-0.375067
404,2.235920,0.454259,3.266820,-0.061723,0.423544,0.903770
405,0.097031,1.424740,4.227390,0.503216,-0.864017,-0.015741
406,0.093533,1.438570,4.222110,0.214004,0.663477,-0.716938
407,0.128166,1.440560,4.229730,0.966244,0.252746,-0.049915
408,-1.181340,0.703677,4.586700,-0.154558,0.146831,-0.977012
409,-1.174260,0.695912,4.596950,0.658306,-0.751821,-0.037392
410,-1.185860,0.698777,4.605470,-0.572901,-0.306658,0.760096
411,-2.657430,2.621470,4.478010,0.036537,0.374158,0.926645
412,-2.650000,2.613650,4.467080,0.894213,-0.433881,-0.110140
413,-2.658830,2.623370,4.459120,-0.093606,0.550667,-0.829460
414,1.445280,1.654410,4.864920,-0.245332,0.373131,0.894755
415,1.448260,1.654440,4.845240,0.030482,0.375661,-0.926256
416,1.442360,1.645300,4.854400,-0.734272,-0.669470,-0.112497
417,0.734602,2.557020,4.675160,0.526691,-0.789947,0.313976
418,0.734795,2.569310,4.666560,0.672033,0.435171,-0.599165
419,0.726225,2.568200,4.678820,-0.338790,0.335221,0.879118
420,0.720038,2.566700,4.665860,-0.827416,0.110028,-0.550706
421,2.072320,2.578890,4.648600,-0.839855,-0.342650,-0.420991
422,2.083970,2.575810,4.658320,0.290184,-0.760531,0.580850
423,2.082140,2.591120,4.659710,0.070059,0.790521,0.608415
424,1.038360,2.642000,4.773840,0.586610,-0.434115,0.683691
425,1.029140,2.641940,4.762780,-0.554716,-0.469829,-0.686696
426,1.040930,2.650140,4.761760,0.689441,0.418738,-0.591041
427,-1.939670,2.039410,4.521380,0.821649,-0.564586,-0.078327
428,-1.953590,2.041680,4.522520,-0.950896,-0.302358,0.066151
429,-1.946560,2.048220,4.512120,-0.021169,0.393160,-0.919227
430,-1.148830,-0.078930,1.744270,-0.134351,-0.317728,0.938615
431,-1.144640,-0.065481,1.735090,0.266902,0.963493,0.021073
432,-1.153400,-0.075899,1.731230,-0.851791,-0.021856,-0.523426
433,-1.554570,1.551190,4.574340,-0.198942,-0.090918,-0.975785
434,-1.559830,1.554220,4.592530,-0.684426,0.188877,0.704192
435,-1.547960,1.558380,4.585160,0.582967,0.811797,0.033691
436,-1.548750,1.543990,4.587320,0.394758,-0.881146,0.260286
437,-2.539400,2.448860,4.462370,-0.424289,0.567120,-0.705941
438,-2.525130,2.439960,4.469700,0.966876,-0.238003,-0.092219
439,-2.539310,2.436240,4.469820,-0.624527,-0.774688,-0.099125
440,-1.513270,1.740990,4.596430,0.848486,0.203496,-0.488530
441,-1.523580,1.729780,4.599850,-0.192424,-0.968998,-0.154968
442,-1.526890,1.745650,4.597790,-0.561233,0.732269,-0.385746
443,-1.449510,2.262290,4.583450,0.755667,0.238383,-0.610034
444,-1.462730,2.265710,4.589460,-0.657833,0.750953,-0.057665
445,-1.454880,2.258860,4.600140,0.249162,-0.085212,0.964706
446,0.853881,1.645440,4.730150,-0.436749,-0.105610,-0.893363
447,0.863666,1.639780,4.739950,0.596924,-0.802131,0.016394
448,0.854826,1.646550,4.749950,-0.349172,-0.002965,0.937054
449,-3.209070,1.065180,4.438600,-0.423305,0.036819,-0.905239
450,-3.208740,1.065500,4.458330,-0.392963,0.066394,0.917154
451,-3.199630,1.071700,4.448210,0.574366,0.818283,-0.022728
452,-2.744000,1.956600,4.456320,0.415039,0.909716,0.012626
453,-2.743530,1.942070,4.456210,0.492086,-0.870547,-0.000600
454,-2.751610,1.948880,4.446230,-0.383897,-0.012915,-0.923285
455,0.558963,1.666980,4.703750,0.770483,0.634258,0.063815
456,0.543136,1.663380,4.696430,-0.718819,0.271607,-0.639945
457,0.543687,1.663680,4.712290,-0.592358,0.275098,0.757254
458,-2.248130,2.610230,4.499310,-0.003371,0.675747,0.737126
459,-1.259280,0.347980,4.600730,-0.616175,0.180725,-0.766594
460,-1.256010,0.345479,4.618550,-0.387665,-0.043615,0.920768
461,-1.247960,0.351567,4.608540,0.594721,0.792021,-0.137876
462,-2.464650,2.449870,4.458160,0.327677,-0.064874,-0.942560
463,-2.463590,2.449880,4.478070,0.426103,-0.063982,0.902409
464,-2.472730,2.444210,4.468580,-0.580943,-0.813337,0.031421
465,-2.963830,1.569810,4.444260,-0.720539,0.325103,-0.612479
466,-2.954000,1.556620,4.450620,0.184541,-0.981655,-0.047937
467,-2.957700,1.567210,4.460590,-0.195139,0.105061,0.975132
468,-2.744180,2.141670,4.446210,-0.179733,-0.155793,-0.971300
469,-2.737690,2.137270,4.458020,0.590718,-0.786953,0.178208
470,-2.747920,2.143300,4.465780,-0.527400,-0.004062,0.849608
471,-3.145800,1.947580,4.427080,-0.005536,0.377585,-0.925958
472,-3.145790,1.947240,4.447070,-0.004602,0.345772,0.938307
473,-3.138560,1.940240,4.436950,0.909007,-0.416718,-0.007260
474,-2.658600,2.160920,4.465660,-0.928293,0.353037,-0.116776
475,-2.644470,2.162110,4.467020,0.844789,0.532571,0.051959
476,-2.649520,2.153290,4.457030,0.133849,-0.438045,-0.888933
477,-3.256420,2.446140,4.424520,-0.800151,-0.106450,-0.590277
478,-3.244680,2.455050,4.428660,0.317572,0.901410,-0.294293
479,-3.240510,2.440420,4.430310,0.702577,-0.706089,-0.088458
480,-3.249120,2.446880,4.440820,-0.175788,-0.046959,0.983307
481,-2.665270,2.612390,4.468090,-0.827339,-0.561679,0.005160
482,-3.062580,1.953270,4.440470,-0.992944,0.087265,-0.080291
483,-3.050040,1.956810,4.448880,0.211043,0.498480,0.840820
484,-3.048950,1.955350,4.433480,0.334472,0.337915,-0.879740
485,-3.121600,2.454010,4.444910,-0.075608,-0.424981,0.902039
486,-3.127790,2.461720,4.434630,-0.911273,0.405815,-0.069974
487,-3.119670,2.454900,4.425090,0.103160,-0.342786,-0.933732
488,-3.044730,1.740100,4.441520,0.941320,-0.337052,0.017676
489,-3.053570,1.746130,4.451630,-0.099327,0.300530,0.948586
490,-3.059230,1.738380,4.440580,-0.827426,-0.553031,-0.097584
491,-2.847160,2.429330,4.459010,-0.328075,0.357458,0.874409
492,-2.847940,2.419190,4.449010,-0.565934,-0.821297,-0.072041
493,-2.835360,2.425670,4.450830,0.988090,0.024288,0.151949
494,-3.152760,2.349990,4.419870,0.239293,-0.222648,-0.945075
495,-3.160510,2.345120,4.433140,-0.547466,-0.771760,0.323522
496,-3.158720,2.358900,4.429450,-0.458664,0.884346,-0.086939
497,-3.148060,2.354190,4.437870,0.674132,0.165812,0.719759
498,-3.309970,2.127350,4.412910,-0.870778,-0.074170,-0.486050
499,-3.293950,2.120850,4.417290,0.677109,-0.731537,-0.079854
500,-3.302490,2.127910,4.426740,-0.202758,-0.025994,0.978884
501,-2.852660,2.247460,4.441450,-0.614219,-0.331318,-0.716214
502,-2.840900,2.245680,4.449410,0.636687,-0.769754,-0.045916
503,-2.849130,2.252880,4.458630,-0.369069,0.162994,0.914998
504,-2.625580,2.343830,4.458650,-0.278768,-0.011196,-0.960293
505,-2.617530,2.337390,4.469280,0.608290,-0.793219,0.028065
506,-2.628180,2.342530,4.478190,-0.519058,-0.131299,0.844594
507,-2.844130,2.428970,4.439340,-0.047648,0.323849,-0.944908
508,-2.189670,2.277090,4.507320,0.013484,0.414466,0.909965
509,-2.190510,2.265130,4.499110,-0.090355,-0.972074,0.216583
510,-2.181810,2.272530,4.490120,0.737689,-0.005820,-0.675116
511,-2.196460,2.277010,4.493240,-0.736611,0.489710,-0.466464
512,-2.747530,2.528770,4.466220,-0.582523,-0.800312,-0.142014
513,-2.739930,2.533390,4.477540,0.273316,-0.166131,0.947470
514,-2.744930,2.542660,4.467970,-0.264833,0.961072,0.078759
515,-2.470610,2.458400,4.468460,-0.295590,0.955192,0.015336
516,-2.533850,2.445730,4.479570,0.063191,0.360025,0.930800
517,-2.554060,2.544420,4.481210,0.008125,-0.336220,0.941749
518,-2.562140,2.551730,4.470370,-0.906616,0.415823,-0.071681
519,-2.553310,2.542660,4.461640,0.077296,-0.498461,-0.863459
520,-2.844980,1.847180,4.450650,0.911727,-0.410567,0.013760
521,-2.851740,1.855310,4.440950,0.037023,0.455060,-0.889691
522,-2.852790,1.853670,4.460800,-0.060347,0.302834,0.951131
523,0.054190,-0.107503,0.434950,0.297057,-0.512496,-0.805671
524,0.051744,-0.108015,0.450312,0.081245,-0.662950,0.744242
525,0.041167,-0.097992,0.444844,-0.919130,0.375757,0.118348
526,-2.850980,2.539940,4.451640,-0.864915,-0.497796,0.064197
527,-2.846390,2.552090,4.458590,-0.187324,0.730509,0.656708
528,-2.842190,2.546600,4.441870,0.209553,0.282260,-0.936171
529,-2.145310,2.455130,4.483220,0.085652,0.134914,-0.987148
530,-2.155160,2.461210,4.492270,-0.771165,0.634130,-0.056420
531,-2.139650,2.460240,4.497890,0.595694,0.670074,0.442887
532,-1.339510,0.742177,4.598990,0.150419,0.933258,-0.326196
533,-1.362880,0.716948,4.592330,-0.874585,-0.244581,0.418665
534,-1.342780,0.733632,4.615390,-0.122260,0.145526,0.981771
535,-2.969660,2.341690,4.427700,0.230122,-0.136905,-0.963484
536,-2.978610,2.334840,4.437340,-0.653036,-0.742705,0.148101
537,-2.976110,2.349870,4.438940,-0.505574,0.785641,0.356598
538,-2.961820,2.344440,4.439980,0.907141,0.149308,0.393450
539,-2.090520,2.555690,4.484740,-0.015632,0.354886,-0.934779
540,-2.092510,2.556370,4.504460,-0.199355,0.417426,0.886574
541,-2.082980,2.550490,4.495650,0.977976,-0.180301,0.105141
542,-2.547930,2.552040,4.470880,0.842404,0.538593,-0.016512
543,-2.353550,2.550970,4.488900,-0.147130,0.048841,0.987911
544,-2.343020,2.553240,4.476460,0.889502,0.258452,-0.376814
545,-2.358920,2.557500,4.476630,-0.643341,0.673643,-0.363755
546,1.215590,1.572630,4.851640,0.307290,0.951503,-0.014656
547,1.205950,1.562280,4.851330,-0.939194,-0.338683,-0.056639
548,1.215200,1.562390,4.862030,0.197038,-0.228395,0.953421
549,-2.318350,2.604230,4.477540,0.917529,-0.345022,0.197738
550,-2.330320,2.605100,4.485460,-0.428773,-0.177091,0.885885
551,-2.326700,2.603470,4.465870,-0.091530,-0.329125,-0.939840
552,-2.454820,2.614320,4.475660,0.073146,0.547485,0.833613
553,-2.448610,2.605000,4.466460,0.900361,-0.434673,-0.020222
554,-2.456680,2.611370,4.456240,-0.098284,0.275431,-0.956283
555,-2.141140,2.435630,4.509540,0.066910,-0.036584,0.997088
556,-2.148110,2.429410,4.496950,-0.676767,-0.723086,-0.138320
557,-2.132780,2.428230,4.493960,0.715649,-0.613295,-0.334239
558,-2.462990,2.604070,4.467980,-0.852589,-0.498282,0.157503
559,-2.245440,2.552700,4.491280,0.503116,-0.856103,-0.118162
560,-2.245510,2.568190,4.490410,0.546967,0.805344,-0.228579
561,-2.252540,2.560540,4.501940,-0.223908,-0.053190,0.973158
562,-2.259100,2.562460,4.485580,-0.780971,0.125033,-0.611924
563,2.510370,1.846310,4.750560,-0.698031,-0.149742,-0.700235
564,2.511480,1.844530,4.765350,-0.417817,-0.279061,0.864612
565,2.518560,1.857050,4.756940,0.264605,0.960979,0.080647
566,-2.256250,0.747639,4.544990,0.240678,0.073665,0.967806
567,-2.253440,0.745743,4.525320,0.501843,-0.102420,-0.858873
568,-2.262030,0.754197,4.533400,-0.393676,0.907905,-0.143972
569,-1.709950,2.533700,4.524660,0.656189,-0.753154,0.046634
570,-1.721090,2.538220,4.515050,-0.493498,-0.195194,-0.847561
571,-1.713470,2.547880,4.523080,0.284395,0.947394,-0.146849
572,-2.044210,1.847570,4.522660,0.912080,-0.403541,0.072563
573,-2.052120,1.854750,4.531980,-0.072552,0.375952,0.923795
574,-2.058340,1.847270,4.521670,-0.895266,-0.442241,-0.054059
575,0.045879,0.261104,4.708730,-0.254850,0.395335,0.882475
576,0.052881,0.234377,4.712290,0.204810,-0.406810,0.890258
577,0.055962,0.261008,4.697020,0.813655,0.286435,-0.505885
578,0.042682,0.235084,4.702200,-0.685305,-0.653441,-0.321515
579,1.879090,1.832030,4.813180,0.071786,0.044728,0.996417
580,1.885740,1.833760,4.798420,0.873958,0.038248,-0.484495
581,1.862140,1.862520,4.787790,0.139426,0.952801,0.269686
582,1.359730,1.556970,4.834720,0.129382,-0.117624,-0.984594
583,1.365250,1.565140,4.848730,0.646628,0.660506,0.381582
584,1.359440,1.549020,4.848970,0.100696,-0.901392,0.421133
585,-0.650466,0.815774,4.660990,0.015842,0.416832,-0.908845
586,-0.644465,0.804570,4.670280,0.677002,-0.733428,-0.061243
587,-0.658288,0.809474,4.671780,-0.966974,-0.225382,0.119016
588,1.888420,1.749620,4.813340,-0.109804,-0.261765,0.958865
589,1.879380,1.750890,4.802210,-0.372567,-0.693237,0.616941
590,1.890160,1.746480,4.793750,0.065316,-0.511186,-0.856985
591,1.647470,1.564250,4.878800,-0.202799,-0.028928,0.978793
592,1.652770,1.557260,4.867270,0.389078,-0.913267,-0.120668
593,1.653620,1.571710,4.867820,0.484084,0.873552,-0.050697
594,2.245540,0.260569,3.268140,0.096748,0.445044,0.890267
595,2.243730,0.260314,3.254070,-0.132834,0.453458,-0.881324
596,2.235030,0.252304,3.261920,-0.899372,-0.423585,0.108194
597,0.751373,-0.064567,1.460530,-0.602558,0.023939,0.797716
598,-0.761268,0.563557,4.640090,-0.583597,0.678568,-0.446050
599,-0.755506,0.556925,4.651250,0.133854,-0.146845,0.980061
600,-0.746864,0.562081,4.641220,0.898272,0.373874,-0.230925
601,-0.762046,0.549109,4.641350,-0.511685,-0.830833,-0.218849
602,-0.860519,1.449380,4.640110,0.579477,0.751609,-0.315104
603,-0.864343,1.440180,4.653260,0.206318,-0.145937,0.967541
604,-0.865209,1.432780,4.637480,0.116487,-0.829436,-0.546321
605,1.139030,2.058700,4.822950,-0.189175,0.929627,-0.316238
606,1.142900,2.050070,4.836540,0.188056,0.048311,0.980969
607,1.148480,2.045490,4.819730,0.710164,-0.380305,-0.592483
608,-0.757804,-0.075830,1.349770,0.735651,0.658453,0.158925
609,-0.770270,-0.081494,1.353370,-0.589201,0.253582,0.767163
610,-0.763742,-0.092909,1.348130,0.240112,-0.970615,0.015874
611,0.757193,-0.059781,1.648870,0.753251,-0.060644,-0.654932
612,0.743421,-0.059759,1.652730,-0.980232,-0.060523,-0.188368
613,0.751727,-0.048843,1.656780,0.061487,0.968953,0.239476
614,1.925890,1.768500,4.801000,-0.043264,0.905219,0.422738
615,1.930140,1.759160,4.788370,0.373091,0.034951,-0.927136
616,1.891540,1.758600,4.802060,0.121742,0.951327,0.283117
617,1.922060,1.752520,4.801050,-0.501593,-0.451173,0.738138
618,1.747830,0.831916,2.884220,-0.093889,0.878297,-0.468805
619,1.748240,0.825002,2.896720,-0.075708,0.318605,0.944859
620,1.756470,0.815059,2.890600,0.711068,-0.691852,0.125391
621,1.081450,2.711330,4.807940,0.750539,0.659483,0.042109
622,1.084530,2.682310,4.815660,-0.372653,0.208946,0.904141
623,1.097980,2.678720,4.810540,0.971519,0.209719,-0.110309
624,1.069820,2.699420,4.804410,-0.499587,-0.605694,-0.619312
625,2.638320,1.825760,4.831330,0.564852,-0.386013,-0.729340
626,2.631700,1.825640,4.849080,-0.048857,-0.397253,0.916408
627,2.623290,1.829950,4.835860,-0.936802,0.002729,-0.349849
628,2.223240,0.648171,3.246430,-0.926192,-0.272813,0.260270
629,2.233740,0.647342,3.236570,0.067015,-0.469334,-0.880474
630,2.243160,0.649348,3.247310,0.925406,-0.163338,0.341970
631,1.654460,0.346164,2.897760,0.623294,-0.072710,0.778600
632,1.652800,0.344160,2.880650,0.439165,-0.257220,-0.860797
633,1.644660,0.356487,2.889680,-0.339104,0.940628,-0.015078
634,-1.371670,0.022853,4.602870,-0.537095,0.078207,0.839889
635,-1.370840,0.024868,4.584420,-0.407176,0.248021,-0.879030
636,-1.364550,0.014337,4.592910,0.209292,-0.960910,-0.181243
637,-0.661395,-0.065857,1.543120,-0.020342,0.945024,0.326366
638,-0.653796,-0.076148,1.536200,0.907893,-0.014195,-0.418961
639,-0.667995,-0.076274,1.536080,-0.887861,-0.031338,-0.459043
640,0.127978,0.535493,4.334890,0.924066,0.370998,-0.091996
641,0.110547,0.536974,4.330830,-0.717206,0.510519,-0.474328
642,0.115810,0.530826,4.345700,-0.232161,-0.071677,0.970033
643,-0.518800,-0.027915,4.615140,0.106378,-0.989788,-0.094883
644,-0.516143,-0.015031,4.624590,0.400468,0.231201,0.886663
645,-0.527452,-0.016156,4.615420,-0.985206,0.140768,-0.097737
646,-0.515680,-0.010246,4.609120,0.395298,0.646648,-0.652369
647,-0.864801,0.158607,4.648370,-0.025079,-0.327957,0.944360
648,-0.857156,0.165412,4.637940,0.914469,0.403812,-0.026131
649,-0.871736,0.166366,4.637790,-0.862644,0.503966,-0.043178
650,0.172092,0.307472,3.509730,0.860570,-0.175018,0.478318
651,0.162369,0.317365,3.504330,-0.053821,0.998118,-0.029391
652,0.153188,0.306417,3.508510,-0.890090,-0.272664,0.365231
653,0.163581,0.304818,3.496420,0.083382,-0.485442,-0.870283
654,0.708829,2.207480,4.703130,-0.928921,0.330091,-0.167765
655,0.722945,2.208760,4.703910,0.843105,0.531566,-0.081313
656,0.717804,2.198060,4.696130,0.115361,-0.618070,-0.777613
657,0.083118,1.429240,4.226470,-0.106551,0.603814,0.789972
658,0.087342,1.439560,4.235970,-0.533186,0.455224,0.713080
659,0.951130,-0.060153,1.428100,-0.485639,0.141527,-0.862627
660,0.954538,-0.053648,1.444330,-0.138382,0.721384,0.678569
661,0.963585,-0.061365,1.435750,0.988868,0.029500,-0.145842
662,1.852440,0.055088,2.914090,0.227014,0.109457,0.967721
663,1.855460,0.046537,2.900200,0.834944,-0.423360,0.351618
664,1.851530,0.060135,2.900880,0.302828,0.949967,-0.076531
665,1.198440,-0.048781,2.402540,-0.153158,-0.962490,0.223956
666,1.198230,-0.038362,2.392460,-0.237196,-0.000786,-0.971462
667,1.207860,-0.037201,2.403230,0.919283,0.136820,0.369051
668,0.548824,2.036250,4.694390,0.858435,0.322433,0.398907
669,0.530841,2.037200,4.692930,-0.833626,0.460444,0.305057
670,0.539362,2.025420,4.692110,0.028975,-0.955200,0.294540
671,-1.660320,2.047170,4.532260,-0.063705,-0.103344,-0.992604
672,-1.649890,2.047890,4.544810,0.967977,-0.032104,0.248976
673,-1.665060,2.040750,4.547190,-0.516425,-0.716002,0.469731
674,-1.669450,2.343640,4.534970,-0.860414,0.499489,-0.100985
675,-1.660640,2.335880,4.525710,0.140978,-0.326313,-0.934690
676,-1.663810,2.334360,4.545250,-0.151989,-0.466888,0.871157
677,1.346560,1.767240,4.842470,0.008545,-0.336162,0.941765
678,1.339430,1.775020,4.832310,-0.861485,0.507780,0.001790
679,1.345810,1.766050,4.822650,-0.060876,-0.446320,-0.892800
680,1.758080,1.644500,4.785170,0.495364,-0.864030,0.089814
681,0.909584,-0.059935,1.289450,0.427988,0.710405,-0.558706
682,-1.719550,2.540750,4.534400,-0.351639,0.037915,0.935368
683,-1.579130,2.432660,4.561170,-0.983622,0.036022,-0.176610
684,-1.568390,2.437230,4.572360,0.131169,0.454675,0.880946
685,-1.565090,2.435670,4.553720,0.436585,0.310200,-0.844493
686,-3.086040,2.559700,4.431250,-0.143071,0.041407,-0.988846
687,-3.077300,2.561380,4.443070,0.937544,0.271190,0.217871
688,-3.086080,2.549520,4.444100,-0.147040,-0.952780,0.265687
689,-3.090710,2.566290,4.446920,-0.565929,0.646966,0.511036
690,-2.155000,2.556970,4.487060,-0.827803,0.285990,-0.482651
691,-2.148500,2.556260,4.501530,-0.179982,0.215275,0.959824
692,-2.139650,2.558490,4.488960,0.799956,0.498429,-0.334126
693,-2.096400,2.545850,4.494450,-0.709242,-0.703344,-0.047786
694,-1.863140,2.430060,4.512010,-0.981522,-0.184511,-0.050697
695,-1.853790,2.434990,4.502380,0.146731,0.323224,-0.934878
696,-1.849410,2.426500,4.512900,0.762946,-0.643426,0.062577
697,-1.990350,2.376410,4.508130,0.189982,-0.498747,0.845670
698,-1.987470,2.404350,4.507780,-0.236496,0.133365,0.962436
699,-2.000390,2.379800,4.498100,-0.958439,-0.285110,-0.010371
700,-1.959110,2.439850,4.500240,-0.200092,0.745742,-0.635478
701,-1.976530,2.398970,4.497540,0.801461,-0.589862,0.098605
702,-1.990340,2.409900,4.493140,-0.481503,0.643214,-0.595340
703,-1.964320,2.428300,4.507120,-0.603806,-0.176210,0.777412
704,-2.656030,1.846270,4.478500,-0.188218,-0.435437,0.880323
705,-2.660540,1.854270,4.467730,-0.880807,0.442702,-0.167909
706,-2.651930,1.847060,4.459110,0.190826,-0.362400,-0.912278
707,-2.646720,1.855070,4.470680,0.854075,0.480223,0.199855
708,-2.857530,1.938910,4.452600,-0.838044,-0.515825,0.177782
709,-2.842070,1.939630,4.452640,0.861512,-0.469048,0.194398
710,-2.849880,1.952000,4.457700,-0.021291,0.772495,0.634664
711,-2.620100,2.351960,4.469910,0.292250,0.950848,0.102359
712,-2.649580,2.464190,4.468760,-0.584294,0.809217,-0.061385
713,-2.647130,2.450700,4.475810,-0.439459,-0.533840,0.722420
714,-2.632770,2.454960,4.472180,0.966264,-0.042239,0.254067
715,-3.056830,2.043000,4.454500,-0.015697,-0.373188,0.927623
716,-3.057970,2.043030,4.434570,-0.121446,-0.370487,-0.920864
717,-3.048830,2.049350,4.444050,0.957173,0.284304,-0.054694
718,-2.657470,2.250270,4.459240,-0.268518,0.959568,-0.084421
719,-2.652800,2.242570,4.470340,0.237637,-0.012521,0.971273
720,-2.650200,2.241560,4.450550,0.479701,-0.106546,-0.870939
721,-3.052880,2.435780,4.443840,0.728757,-0.443193,0.522009
722,-3.061540,2.450330,4.441580,-0.108779,0.948681,0.296938
723,-3.067150,2.436700,4.439860,-0.865380,-0.467740,0.179825
724,-2.760000,2.622170,4.480840,-0.239177,0.415023,0.877810
725,-3.015340,2.628900,4.454030,0.194565,0.930439,-0.310529
726,-2.828040,1.452280,4.465000,0.259815,0.964346,0.050334
727,-2.824940,1.437530,4.468820,0.623825,-0.616521,0.480359
728,-2.830330,1.442150,4.455000,0.020545,-0.094225,-0.995339
729,-2.760790,2.344850,4.459710,0.193177,0.043122,0.980216
730,-2.757040,2.344570,4.440100,0.541257,0.017112,-0.840683
731,-2.766830,2.351280,4.448300,-0.495206,0.862166,-0.106961
732,-3.131990,2.529340,4.432080,-0.333678,-0.193326,-0.922651
733,-2.740300,2.151110,4.456370,0.243281,0.969350,-0.034274
734,-0.949511,-0.068069,1.937770,-0.989111,0.048726,0.138868
735,-0.939675,-0.078213,1.940850,0.180447,-0.903829,0.387985
736,-0.938911,-0.058354,1.939310,0.251289,0.936299,0.245354
737,-0.937653,-0.069159,1.929570,0.486585,-0.085976,-0.869392
738,-2.549520,2.052830,4.464090,0.077833,0.417385,-0.905390
739,-2.543180,2.044720,4.474250,0.891899,-0.449328,0.051199
740,-2.557500,2.044990,4.473100,-0.901600,-0.422420,-0.093159
741,-2.647890,2.053990,4.466210,0.148678,0.922457,0.356325
742,-2.649790,2.045760,4.453810,-0.048244,0.098985,-0.993919
743,-2.658480,2.040860,4.467470,-0.825191,-0.363307,0.432513
744,-2.642020,2.038480,4.464380,0.742777,-0.647305,0.171110
745,-3.140280,1.345480,4.447860,0.841303,-0.537341,0.058939
746,-3.154500,1.347230,4.447490,-0.945296,-0.325947,0.013176
747,-3.146430,1.352930,4.437110,0.057134,0.290843,-0.955063
748,-3.145870,1.449140,4.433190,0.506982,-0.182938,-0.842320
749,-3.148210,1.451040,4.452680,0.290972,-0.007554,0.956702
750,-3.156110,1.445490,4.442290,-0.644533,-0.764569,-0.003422
751,-3.141640,0.957303,4.451600,0.729474,0.345307,-0.590449
752,-3.155790,0.958590,4.456440,-0.743334,0.633598,-0.214495
753,-3.147650,0.953419,4.467950,0.211714,-0.003704,0.977325
754,-3.152430,0.943962,4.456530,-0.266387,-0.949665,-0.164848
755,-0.741815,-0.090234,1.438990,0.026753,-0.955738,-0.293001
756,-0.749638,-0.079308,1.443540,-0.979790,0.083599,0.181722
757,-0.740381,-0.070360,1.437580,0.160030,0.891392,-0.424040
758,-0.736023,-0.080013,1.447460,0.752697,-0.007623,0.658323
759,-3.212890,1.436040,4.447800,-0.406489,-0.003179,0.913650
760,-3.202680,1.428350,4.437540,0.604227,-0.795120,-0.051902
761,-3.204650,1.443390,4.437390,0.468912,0.879735,-0.078665
762,-3.052870,1.846920,4.454710,-0.136945,0.370021,0.918875
763,-3.057980,1.838060,4.444210,-0.802505,-0.592481,-0.070368
764,-3.043930,1.840700,4.445370,0.955650,-0.284907,0.074577
765,-3.051260,1.847100,4.434840,0.012163,0.387010,-0.921995
766,-1.753430,1.243290,4.570180,-0.113025,0.246395,0.962557
767,-2.344060,0.757600,4.525650,0.860841,0.488246,0.143419
768,-2.358330,0.757591,4.524920,-0.680196,0.724287,0.112882
769,-2.357240,0.744466,4.530470,-0.356968,-0.725257,0.588708
770,-3.234760,2.132450,4.423550,0.903870,-0.370065,-0.214640
771,-3.250300,2.130020,4.422800,-0.649183,-0.686800,-0.326906
772,-3.247730,2.145490,4.421460,-0.320401,0.854924,-0.407981
773,-3.243970,2.137970,4.434820,0.036935,0.176010,0.983695
774,-3.050860,1.148950,4.468580,-0.597768,-0.389964,0.700430
775,-3.037860,1.147070,4.459850,0.743620,-0.649343,-0.159322
776,-3.040790,1.161890,4.464380,0.379748,0.874266,0.302409
777,-3.049750,1.154520,4.452640,-0.501440,0.149456,-0.852186
778,-2.545390,1.648590,4.482560,0.825921,-0.563773,0.003872
779,-2.552250,1.656340,4.492850,-0.012420,0.292627,0.956146
780,-2.559680,1.650700,4.481780,-0.946017,-0.310305,-0.093609
781,-3.059710,0.861553,4.469900,-0.730274,0.648178,-0.215791
782,-3.045260,0.860524,4.470970,0.915867,0.397322,-0.057648
783,-3.057150,0.848623,4.463790,-0.256738,-0.695695,-0.670890
784,-3.053900,0.854095,4.480940,0.029456,-0.262079,0.964597
785,-2.541620,1.543590,4.487780,0.837043,-0.525366,-0.152806
786,-2.552540,1.558980,4.486280,-0.179672,0.935592,-0.303949
787,-2.550570,1.549850,4.498290,0.011948,0.064895,0.997821
788,-3.133650,1.835820,4.438230,0.425892,-0.901727,0.074187
789,-3.140350,1.843000,4.427320,-0.295764,-0.023423,-0.954974
790,-3.133640,1.850000,4.437680,0.462559,0.886552,0.008079
791,-2.954930,2.044170,4.439490,0.208015,0.953506,-0.218072
792,-2.959160,2.034890,4.451500,-0.212763,0.030397,0.976631
793,-2.950730,2.029830,4.440230,0.784605,-0.592950,-0.181120
794,-2.745200,2.457550,4.459620,-0.947765,0.317160,-0.033923
795,-2.731140,2.459140,4.461170,0.832379,0.529345,0.164132
796,-2.736180,2.452780,4.449480,0.134546,-0.208018,-0.968827
797,-3.035580,2.359890,4.443580,0.792557,0.608755,0.035641
798,-3.045940,2.358200,4.433830,-0.392165,0.278686,-0.876665
799,-3.045050,2.355880,4.453570,-0.309471,0.063952,0.948756
800,-3.142180,1.843770,4.447160,-0.465044,0.047936,0.883989
801,-2.946710,1.852270,4.447240,0.358406,0.744346,0.563467
802,-2.945870,1.838780,4.442190,0.646604,-0.749577,0.141555
803,-2.950960,1.846520,4.431120,-0.037105,0.221551,-0.974443
804,-2.653020,1.743900,4.473100,-0.333722,-0.937402,-0.099532
805,-2.644510,1.751680,4.464900,0.556832,0.072210,-0.827480
806,-2.648250,1.750940,4.484410,0.210747,0.003740,0.977534
807,-2.653720,1.663100,4.475520,-0.900206,0.429269,-0.073189
808,-2.646080,1.655640,4.466200,0.063754,-0.385767,-0.920391
809,-2.647490,1.656070,4.486140,-0.067511,-0.345658,0.935929
810,-2.748370,1.848810,4.469680,-0.124158,-0.283939,0.950770
811,-2.740150,1.855430,4.460070,0.885209,0.458009,0.081446
812,-2.754280,1.855260,4.458060,-0.892648,0.417643,-0.169569
813,-2.353870,1.254150,4.522330,-0.094083,0.366376,0.925698
814,-2.359820,1.246590,4.511830,-0.884054,-0.461577,-0.073447
815,-2.345670,1.247170,4.513050,0.917394,-0.389466,0.081884
816,-3.154040,1.767350,4.436800,-0.753213,0.657420,0.021644
817,-3.149400,1.758340,4.426650,-0.120245,-0.355711,-0.926828
818,-3.148960,1.758200,4.446610,-0.079323,-0.368447,0.926258
819,-3.140170,1.763690,4.436460,0.981930,0.188081,-0.020970
820,-2.956450,1.938320,4.451490,-0.366392,-0.027589,0.930051
821,-2.948170,1.931980,4.441690,0.548175,-0.836077,0.021905
822,-2.950180,1.946010,4.441370,0.301760,0.953198,-0.018840
823,-2.956320,1.937880,4.431510,-0.354125,-0.068590,-0.932680
824,-3.062840,2.051520,4.444860,-0.807708,0.587675,0.047388
825,-2.841290,2.259960,4.448640,0.438112,0.891694,-0.113750
826,-3.154700,2.120890,4.442080,-0.235864,0.308866,0.921396
827,-3.152390,2.123590,4.423240,-0.021392,0.559847,-0.828320
828,-3.158220,2.111410,4.430530,-0.689568,-0.700175,-0.185071
829,-3.034390,2.136580,4.441300,0.415192,-0.905605,-0.086575
830,-3.034090,2.150850,4.442460,0.482953,0.873778,0.057164
831,-3.041720,2.143470,4.452080,-0.359987,-0.056761,0.931229
832,-3.042310,2.145100,4.432240,-0.414705,0.094111,-0.905076
833,-2.849530,1.945470,4.440400,0.011516,0.160439,-0.986979
834,-2.975430,2.434070,4.429610,0.538942,-0.841416,-0.039505
835,-2.836440,2.538040,4.453030,0.790350,-0.582212,0.190724
836,-3.041500,2.346900,4.442320,0.024148,-0.992726,-0.117947
837,-3.154570,2.242490,4.426670,-0.019210,-0.319219,-0.947486
838,-3.161050,2.249770,4.437310,-0.867582,0.495088,0.046777
839,-3.146620,2.249740,4.437350,0.897325,0.438922,0.046435
840,-3.235820,2.271850,4.428190,0.775831,0.630071,0.033121
841,-3.249670,2.268520,4.427520,-0.968668,0.242940,-0.051591
842,-3.241880,2.262690,4.437950,0.031578,-0.367084,0.929652
843,-3.266510,2.365190,4.435660,-0.486281,0.626303,0.609324
844,-3.266210,2.352600,4.428000,-0.650139,-0.748297,-0.131794
845,-3.252480,2.354770,4.432900,0.855156,-0.351726,0.380785
846,-3.234230,2.498150,4.413680,-0.049524,-0.937669,0.343982
847,-3.238320,2.510300,4.400870,-0.437954,0.216244,-0.872602
848,-3.224590,2.509780,4.408820,0.973326,0.187539,-0.132156
849,-3.238070,2.513280,4.416430,-0.466903,0.562767,0.682125
850,-2.651530,2.154550,4.476820,-0.052463,-0.321310,0.945520
851,-3.258720,2.362460,4.420000,0.243503,0.401626,-0.882838
852,-2.957180,2.259870,4.433180,-0.478322,0.877874,0.023355
853,-2.956580,2.245720,4.431730,-0.384862,-0.909500,-0.157135
854,-2.950990,2.252170,4.443440,0.230475,-0.083079,0.969525
855,-2.948030,2.254310,4.423800,0.505744,0.115730,-0.854886
856,-3.303730,2.325070,4.433900,-0.212449,-0.221416,0.951756
857,-3.310440,2.326510,4.419360,-0.873438,-0.079596,-0.480386
858,-3.293490,2.321290,4.419910,0.736667,-0.549383,-0.394336
859,-3.232930,1.952680,4.440330,-0.076209,0.387680,0.918638
860,-3.231460,1.952230,4.420400,0.060613,0.345765,-0.936361
861,-3.239010,1.945060,4.430030,-0.892748,-0.447097,-0.055726
862,-3.154630,2.240530,4.446340,-0.024744,-0.499955,0.865698
863,-2.737980,2.449520,4.469110,-0.032981,-0.511751,0.858500
864,-2.437160,2.135240,4.477760,0.900361,-0.411100,0.142640
865,-2.450680,2.146760,4.483270,-0.360012,0.662929,0.656443
866,-2.451260,2.134230,4.476670,-0.632532,-0.771993,0.062699
867,-3.241830,1.771380,4.427030,-0.995507,-0.028307,-0.090355
868,-3.226270,1.777050,4.420540,0.485758,0.511752,-0.708624
869,-3.228490,1.763160,4.427440,0.319707,-0.945622,-0.059886
870,-2.757300,2.238330,4.458510,-0.414983,-0.906645,0.076051
871,-2.750280,2.244880,4.447830,0.346474,-0.059381,-0.936178
872,-2.749730,2.246300,4.467750,0.397663,0.072558,0.914658
873,-3.138320,1.652460,4.426700,0.462680,0.481849,-0.744143
874,-3.150680,1.650820,4.434380,-0.902402,0.429412,-0.035705
875,-3.141460,1.647390,4.445240,0.169478,0.008639,0.985496
876,-2.751870,1.948720,4.466090,-0.407730,-0.027696,0.912683
877,-2.551130,2.051890,4.483970,-0.071715,0.330128,0.941208
878,-2.543860,2.141490,4.472820,0.422802,-0.900996,0.097189
879,-2.549540,2.149180,4.461390,-0.196276,0.010450,-0.980493
880,-2.543650,2.156050,4.472790,0.472308,0.875884,0.098751
881,-1.566540,2.143210,4.566350,-0.341395,0.874240,-0.345185
882,-1.566340,2.136060,4.578870,-0.221555,-0.077203,0.972087
883,-1.553790,2.136670,4.568040,0.996672,-0.017963,-0.079512
884,-1.568990,2.129480,4.562720,-0.457099,-0.683573,-0.569023
885,-2.555790,1.943050,4.487230,-0.405049,0.225340,0.886091
886,-2.547600,1.949440,4.477060,0.439023,0.883719,-0.162170
887,-2.558740,1.936520,4.470370,-0.593220,-0.374577,-0.712588
888,0.117402,0.447510,4.338350,-0.129887,0.880863,0.455203
889,-2.140880,1.739930,4.517920,0.457273,-0.868176,0.192798
890,-2.146420,1.745900,4.505760,-0.166083,-0.106136,-0.980383
891,-2.141460,1.754130,4.516350,0.408179,0.912901,0.001305
892,-2.048460,1.456710,4.524690,0.404919,-0.093698,-0.909539
893,-2.049060,1.458640,4.544550,0.349070,0.085382,0.933199
894,-2.056540,1.450530,4.535080,-0.458042,-0.885954,0.072685
895,-1.555770,1.745590,4.569320,0.134769,0.032720,-0.990337
896,-1.565570,1.748700,4.586080,-0.768714,0.319511,0.554068
897,-1.551660,1.749880,4.582470,0.729313,0.607894,0.313954
898,-1.557240,1.736600,4.581670,-0.000794,-0.983281,0.182093
899,-2.355750,1.718640,4.499360,-0.300975,-0.897071,-0.323538
900,-2.363070,1.750400,4.502100,-0.548035,0.591842,0.591084
901,-2.360850,1.746460,4.483340,-0.320070,0.226408,-0.919943
902,-2.153660,1.657620,4.512630,-0.664196,0.242763,-0.707042
903,-2.140840,1.660320,4.519450,0.725062,0.680997,-0.102610
904,-2.141300,1.645570,4.520010,0.482683,-0.875509,-0.022377
905,-2.151270,1.655190,4.528550,-0.498172,0.019502,0.866859
906,-1.950030,2.428570,4.509050,0.833250,-0.463666,0.301177
907,-1.962560,2.438840,4.516800,-0.299412,0.500116,0.812549
908,1.025660,2.649560,4.774490,-0.723038,0.365027,0.586491
909,-0.855320,1.352570,4.644970,0.041548,0.978214,-0.203401
910,-0.848910,1.339870,4.647560,0.936199,-0.345430,0.064885
911,-0.860400,1.336870,4.639310,-0.438033,-0.520663,-0.732828
912,-1.333390,0.449205,4.600260,0.164073,0.965013,-0.204523
913,-1.342360,0.437596,4.600950,-0.956730,-0.224764,-0.184794
914,-1.333110,0.438074,4.612350,0.191336,-0.120298,0.974125
915,-1.251060,0.619087,4.593730,-0.437363,0.719958,-0.538864
916,-1.241490,0.587324,4.589410,-0.104910,-0.035863,-0.993835
917,-1.247590,0.588156,4.605260,-0.714669,0.051240,0.697583
918,-1.255790,0.558539,4.604140,-0.425490,-0.129197,-0.895693
919,-1.260400,0.545948,4.597690,-0.421470,-0.425956,-0.800578
920,-1.259400,0.551204,4.616570,-0.500712,-0.020124,0.865380
921,-1.248690,0.545846,4.607300,0.737371,-0.646893,-0.194458
922,0.119906,1.439430,4.242530,0.749160,0.251961,0.612596
923,-1.750320,2.147220,4.527790,-0.802782,-0.595837,-0.022778
924,-1.745120,2.158160,4.519050,-0.145017,0.546298,-0.824942
925,-1.735880,2.149790,4.526840,0.942967,-0.301822,-0.140415
926,-2.460640,1.368380,4.498980,0.200504,0.942931,-0.265854
927,-2.460020,1.353420,4.498100,0.077790,-0.645200,-0.760043
928,-2.466280,1.360990,4.486760,-0.181122,0.039807,-0.982655
929,-2.430580,1.358110,4.502720,0.674849,0.685385,-0.273545
930,-0.261791,0.546490,4.664870,-0.132888,0.389514,-0.911383
931,-0.260853,0.546118,4.684780,-0.045938,0.354949,0.933756
932,-0.252355,0.540319,4.674290,0.969834,-0.238568,-0.050064
933,-3.042580,1.039280,4.466790,0.587153,-0.806349,0.071076
934,-3.049280,1.045510,4.455640,-0.188044,-0.017426,-0.982006
935,-3.045120,1.053470,4.467070,0.263235,0.959071,0.104358
936,-3.053120,1.044440,4.475180,-0.544234,-0.116682,0.830779
937,-0.869479,1.137750,4.657670,-0.010620,-0.516820,0.856028
938,-0.863865,1.142150,4.639160,0.508146,-0.110379,-0.854169
939,-0.866349,1.150670,4.651060,0.360857,0.876757,0.317931
940,-2.368080,1.659400,4.501940,-0.870691,0.435516,0.228525
941,-2.360120,1.646940,4.504110,-0.059527,-0.846157,0.529599
942,-2.352550,1.676190,4.508330,-0.331485,0.725763,0.602815
943,-1.443130,0.709139,4.587750,0.536852,-0.752384,-0.381717
944,-1.444690,0.721386,4.595830,0.362649,0.719223,0.592625
945,-1.454040,0.710170,4.597920,-0.588975,-0.491398,0.641589
946,-1.156700,0.353712,4.620800,-0.426776,0.860723,0.277521
947,-1.156930,0.339730,4.617910,-0.596863,-0.801630,-0.033830
948,-1.145610,0.343031,4.625960,0.650870,-0.229326,0.723725
949,-2.945200,0.059299,4.476300,-0.018393,0.360888,-0.932428
950,-1.149070,0.448065,4.626380,-0.132242,-0.353936,0.925874
951,-1.154130,0.456003,4.615790,-0.839933,0.536187,-0.083766
952,-1.147220,0.447852,4.606480,0.040000,-0.373636,-0.926713
953,-1.350720,-0.033695,4.549820,-0.084661,0.110899,-0.990219
954,-1.349190,-0.044235,4.559380,0.078012,-0.996168,0.039543
955,-1.357560,-0.031289,4.564280,-0.771098,0.347227,0.533705
956,-1.247320,0.337417,4.609670,0.499105,-0.866416,0.014759
957,-1.639640,0.650032,4.573240,0.507464,-0.859945,0.054532
958,-1.647380,0.655822,4.562760,-0.357022,-0.072975,-0.931241
959,-1.640260,0.664262,4.572590,0.392027,0.919528,-0.027981
960,-1.238280,0.050163,4.601220,0.415234,0.602637,-0.681476
961,-1.238250,0.037468,4.608420,0.591366,-0.806064,-0.023378
962,-1.251630,0.042692,4.605850,-0.950098,-0.101484,-0.294983
963,-1.043250,0.243727,4.626990,0.792921,-0.607480,0.047367
964,-1.057050,0.246727,4.626160,-0.965168,-0.255031,-0.058395
965,-1.048360,0.252639,4.616690,0.124545,0.368832,-0.921114
966,-1.049560,0.252628,4.636620,0.013052,0.367585,0.929898
967,-0.948733,0.144836,4.643940,-0.161396,-0.323813,0.932253
968,-0.941217,0.152885,4.634280,0.770068,0.633757,-0.073119
969,-0.955827,0.152231,4.633360,-0.888039,0.433903,-0.152037
970,-0.943503,0.140346,4.627050,0.317403,-0.664229,-0.676797
971,1.456040,0.449286,2.825410,0.184812,-0.424241,-0.886490
972,1.460920,0.457489,2.836020,0.874855,0.464298,0.138041
973,1.452290,0.450518,2.845000,-0.164165,-0.309643,0.936574
974,-0.664228,0.045446,4.643230,-0.288688,-0.603706,-0.743100
975,-1.065150,0.134810,4.623090,-0.729965,-0.662812,-0.166826
976,-1.051350,0.137313,4.620630,0.894932,-0.232732,-0.380700
977,-1.058800,0.139370,4.635000,0.105267,-0.016281,0.994311
978,-0.351402,0.466330,4.681380,-0.149098,-0.247560,0.957332
979,-0.341597,0.469199,4.670880,0.999514,0.023919,-0.019973
980,-0.354727,0.475167,4.670470,-0.623323,0.778599,-0.072473
981,-1.040570,0.442864,4.621420,0.316131,-0.944564,0.088657
982,-1.440740,0.557895,4.596980,0.951127,0.230471,0.205526
983,-1.454600,0.561039,4.595160,-0.711936,0.702231,0.004222
984,-1.452260,0.549670,4.603560,-0.272222,-0.566984,0.777448
985,-1.329500,0.432534,4.595990,0.514126,-0.624955,-0.587457
986,-1.256390,0.148176,4.608490,0.998134,-0.061043,0.001592
987,-1.269090,0.156914,4.610610,-0.322305,0.915619,0.240335
988,-1.271220,0.142510,4.616100,-0.451453,-0.566568,0.689341
989,-1.048430,0.352710,4.626380,0.019375,0.988881,-0.147442
990,-1.448360,0.144673,4.619510,-0.280954,-0.051519,0.958338
991,-1.443670,0.152614,4.608690,0.218193,0.973976,-0.061335
992,-1.450460,0.143895,4.599740,-0.475207,-0.123496,-0.871164
993,0.646966,2.206160,4.601060,0.798192,-0.559980,0.222063
994,0.649990,2.238440,4.622120,0.825421,0.000254,0.564518
995,0.637323,2.232440,4.619290,-0.838878,-0.123345,0.530161
996,-1.530530,0.139519,4.614580,0.218326,-0.055256,0.974310
997,-1.536540,0.132836,4.602990,-0.444621,-0.886229,-0.130038
998,-1.527030,0.140637,4.595000,0.542396,0.048267,-0.838735
999,-0.031753,0.623503,4.688510,-0.058875,0.998059,-0.020273
1000,-0.035090,0.613773,4.678790,-0.348840,-0.214219,-0.912371
1001,-0.035060,0.614181,4.698630,-0.346074,-0.176496,0.921456
1002,-0.374358,0.144736,4.687710,0.133756,-0.008748,0.990976
1003,-0.381614,0.150093,4.675600,-0.719649,0.640751,-0.267476
1004,-0.378289,0.135361,4.675840,-0.259201,-0.945754,-0.195869
1005,-1.240320,0.241139,4.611950,0.453028,-0.890716,-0.037291
1006,-1.247890,0.247570,4.622190,-0.373766,-0.052037,0.926062
1007,-1.247740,0.248476,4.602220,-0.359600,0.032290,-0.932548
1008,-1.240620,0.255389,4.612600,0.408713,0.911559,0.044869
1009,-0.850647,0.048997,4.621300,-0.213689,0.704507,-0.676762
1010,-0.853829,0.034343,4.626010,-0.588553,-0.759916,-0.275922
1011,-0.850021,0.042351,4.638980,-0.158146,0.088105,0.983477
1012,-1.848450,0.144663,4.590440,-0.038929,0.316056,0.947942
1013,-1.841620,0.137296,4.580410,0.850987,-0.524366,0.029359
1014,-1.846800,0.146231,4.570680,0.113726,0.461359,-0.879894
1015,-0.839615,0.040695,4.628160,0.995445,-0.082494,-0.047794
1016,-1.449000,0.553085,4.584630,0.028357,-0.251901,-0.967337
1017,-1.063270,0.148324,4.619000,-0.309560,0.814766,-0.490233
1018,-0.567628,0.242121,4.648770,0.000015,0.372361,-0.928088
1019,-0.574128,0.232199,4.658470,-0.740555,-0.670769,-0.040579
1020,-0.569435,0.242932,4.668360,-0.166588,0.446764,0.879006
1021,-1.507400,0.239713,4.612030,-0.496474,-0.271558,0.824482
1022,-1.508750,0.233100,4.593830,-0.306624,-0.649308,-0.695975
1023,-1.897440,-0.036830,4.556960,0.996224,0.009994,0.086241
1024,-1.908070,-0.046202,4.557300,-0.361974,-0.927405,0.094309
1025,-1.907300,-0.034457,4.547060,-0.285307,0.243599,-0.926962
1026,-1.907120,-0.029671,4.564440,-0.239932,0.647011,0.723746
1027,-3.134770,0.343839,4.479970,-0.277395,0.003110,0.960751
1028,-3.126090,0.351126,4.468540,0.618224,0.754958,-0.218716
1029,-3.140320,0.345257,4.463800,-0.761546,0.133868,-0.634135
1030,-2.471510,1.359680,4.505450,-0.818465,-0.081880,0.568693
1031,-2.436040,1.348870,4.513710,0.086271,-0.323740,0.942205
1032,-2.447680,0.945484,4.524670,-0.086621,-0.268518,0.959372
1033,-2.439360,0.951537,4.514530,0.918986,0.393664,0.022222
1034,-2.453560,0.952042,4.513470,-0.874702,0.471263,-0.113175
1035,-2.446270,0.943326,4.504860,0.044455,-0.468967,-0.882096
1036,-1.334290,0.066999,4.616020,0.237195,0.129282,0.962821
1037,-1.343760,0.069724,4.605400,-0.858694,0.511601,-0.030147
1038,-1.335790,0.057485,4.605040,0.128669,-0.988967,-0.073405
1039,-2.530330,0.282531,4.524310,0.883821,0.437732,0.165078
1040,-2.544610,0.269599,4.527850,-0.433327,-0.755242,0.491770
1041,-2.538810,0.274396,4.514590,0.126921,-0.389762,-0.912128
1042,-0.808539,1.079380,4.653380,-0.900031,-0.177502,-0.398042
1043,-0.799386,1.073180,4.663510,0.020626,-0.753576,0.657037
1044,-0.800241,1.104480,4.671170,0.169424,0.236607,0.956720
1045,-1.367320,0.631573,4.604970,-0.478139,0.303438,0.824202
1046,-1.360400,0.619731,4.596580,-0.420156,-0.896499,-0.140566
1047,-1.328950,0.616748,4.600930,0.917064,-0.067763,0.392939
1048,-1.359410,0.635041,4.591770,0.135932,0.739384,-0.659420
1049,-2.053390,0.252332,4.567350,0.010910,0.439643,0.898107
1050,-2.053400,0.251110,4.547450,0.009988,0.326586,-0.945115
1051,-2.060940,0.244007,4.557880,-0.900696,-0.433571,0.027623
1052,0.119668,0.269805,4.330240,0.165619,-0.112439,0.979759
1053,0.127546,0.266756,4.318270,0.855522,-0.367835,-0.364388
1054,0.117954,0.277519,4.318180,-0.044998,0.859461,-0.509217
1055,-1.358760,0.547875,4.589880,-0.690297,-0.166928,-0.704007
1056,-1.334620,0.551291,4.594960,0.745979,0.001015,-0.665969
1057,-1.338770,0.544492,4.610780,0.423204,-0.594608,0.683623
1058,-2.041470,1.157000,4.536850,0.758268,0.540772,-0.364135
1059,-2.056450,1.155090,4.538580,-0.861725,0.444054,-0.245449
1060,-2.048770,1.150980,4.551030,0.051580,-0.041183,0.997819
1061,-0.769819,0.996844,4.642900,0.459356,0.884505,-0.081499
1062,-0.781636,0.988980,4.644670,-0.982049,-0.131082,0.135636
1063,-0.769473,0.986812,4.653100,0.355819,-0.302546,0.884228
1064,-1.234380,0.581022,4.601610,0.900181,-0.433730,-0.039397
1065,-1.147620,0.625239,4.616270,0.772400,0.232236,0.591155
1066,-1.161020,0.629260,4.610100,-0.649210,0.760517,-0.011810
1067,-1.160890,0.614431,4.613810,-0.503335,-0.794205,0.340429
1068,-1.233320,0.596435,4.601160,0.720021,-0.693738,0.017274
1069,-1.238730,0.618283,4.603250,0.469453,0.321111,0.822497
1070,-1.252250,0.619388,4.610950,-0.513028,0.446798,0.732921
1071,-1.151940,0.621307,4.600710,0.351651,-0.150640,-0.923931
1072,-1.206890,0.632797,4.590640,0.935624,0.280542,-0.214252
1073,-1.244820,0.452318,4.606040,0.891156,0.451926,0.040051
1074,-1.258970,0.451879,4.605110,-0.911300,0.404137,-0.078770
1075,-1.252470,0.445282,4.615860,-0.054719,-0.322040,0.945143
1076,-1.209490,0.640581,4.607620,0.381844,0.250366,0.889670
1077,-1.021480,0.617958,4.620420,0.775454,-0.630194,0.039078
1078,-1.372460,0.626757,4.588590,-0.740777,-0.148248,-0.655188
1079,-1.332470,0.607615,4.611310,0.086934,-0.377104,0.922082
1080,-1.328890,0.605823,4.591740,0.413407,-0.578602,-0.703075
1081,-1.251140,0.444408,4.595930,0.069240,-0.403287,-0.912450
1082,-1.255430,0.739150,4.622910,0.206064,0.506972,0.836969
1083,-1.254280,0.742497,4.607160,0.310772,0.809223,-0.498578
1084,-1.222700,-0.002824,4.588440,0.438563,-0.460257,-0.771898
1085,-1.227890,-0.003754,4.605240,-0.057334,-0.549379,0.833604
1086,-1.236470,0.004398,4.593820,-0.930473,0.243675,-0.273573
1087,-2.752640,0.066081,4.510210,-0.181225,0.970259,0.160486
1088,-1.464340,0.250617,4.602520,-0.167153,0.899485,0.403716
1089,0.028494,0.395580,4.699580,0.806849,0.575066,-0.135257
1090,0.018893,0.393925,4.710610,-0.271038,0.287712,0.918564
1091,0.021710,0.383293,4.701650,-0.014153,-0.992021,0.125274
1092,-1.148790,0.236807,4.620340,0.095815,-0.939480,0.328932
1093,-1.142540,0.251294,4.620240,0.796741,0.470970,0.378669
1094,-1.158050,0.253766,4.618740,-0.758732,0.625686,0.181226
1095,-1.150370,0.246010,4.609590,-0.074514,-0.134186,-0.988151
1096,-1.238570,-0.034976,4.563490,0.022430,-0.954373,0.297774
1097,-1.222300,0.009228,4.598460,0.554467,0.803775,0.215667
1098,-2.814730,0.465790,4.495000,0.530976,-0.644836,-0.549774
1099,-2.824940,0.506054,4.493310,0.005453,-0.173516,-0.984816
1100,-2.815360,0.479367,4.504220,0.656947,0.435525,0.615418
1101,-2.982880,0.411029,4.479860,0.154255,0.870865,-0.466689
1102,-2.987330,0.409926,4.499220,-0.023810,0.941502,0.336167
1103,-1.519790,0.083760,4.593730,0.243234,0.485689,-0.839609
1104,-1.530510,0.078889,4.602270,-0.997038,0.044660,-0.062617
1105,-1.521170,0.080394,4.613330,0.115079,0.173192,0.978142
1106,-1.341590,-0.028898,4.563400,0.752711,0.525439,0.396661
1107,-1.517690,0.072008,4.601990,0.583818,-0.806007,-0.097515
1108,-1.041010,-0.080028,1.856830,-0.074887,-0.866882,0.492856
1109,-1.047830,-0.070732,1.844430,-0.715073,0.046367,-0.697510
1110,-1.033590,-0.070797,1.848100,0.871424,0.055711,-0.487357
1111,-1.040290,-0.063225,1.858790,-0.003826,0.754112,0.656734
1112,-2.843130,0.169322,4.501880,-0.276097,0.862480,0.424144
1113,-2.869060,0.143269,4.487960,-0.099034,0.089366,-0.991063
1114,-2.875000,0.147073,4.501150,-0.739945,0.395877,0.543841
1115,-2.860680,0.137327,4.498830,-0.547530,-0.828228,0.119368
1116,-3.045770,0.431616,4.479070,0.085170,-0.982050,0.168294
1117,-3.040700,0.444777,4.477080,0.772559,0.630762,-0.072746
1118,-3.050910,0.443437,4.486920,-0.407035,0.313492,0.857931
1119,-3.050080,0.440158,4.467400,-0.330344,0.010798,-0.943799
1120,-3.199920,0.661900,4.453450,-0.001492,0.999590,-0.028593
1121,-3.204550,0.650972,4.463180,-0.431276,-0.197333,0.880375
1122,-3.192370,0.648549,4.454150,0.855110,-0.515947,0.050849
1123,-2.913120,-0.015383,4.495630,0.021696,-0.241177,0.970238
1124,-2.906860,-0.004492,4.483260,0.589025,0.770967,-0.242197
1125,-2.923050,-0.011404,4.484140,-0.971413,0.156683,-0.178347
1126,-2.859940,-0.004182,4.488750,-0.852797,0.486497,0.189889
1127,-2.845720,-0.005056,4.487170,0.888491,0.458688,0.013790
1128,-2.853330,-0.010932,4.476540,-0.087587,-0.224769,-0.970468
1129,-2.851470,-0.015109,4.495610,0.083918,-0.610063,0.787897
1130,-2.833390,0.162640,4.493310,0.581047,-0.116695,-0.805461
1131,-0.648147,-0.065674,2.028270,-0.455593,-0.250390,0.854248
1132,-0.648348,-0.066866,2.012620,-0.565532,-0.429898,-0.703819
1133,-0.633091,-0.065323,2.015950,0.934067,-0.218040,-0.282804
1134,-3.138330,0.049215,4.467320,0.378800,0.852705,-0.359730
1135,-2.910260,-0.019295,4.481070,0.360068,-0.740152,-0.567914
1136,-2.828930,0.472081,4.498530,-0.916533,-0.399917,-0.005801
1137,-2.829800,0.508311,4.512520,-0.561962,0.013500,0.827053
1138,-2.455410,0.345573,4.526680,-0.893476,-0.446462,-0.048719
1139,-2.448890,0.352989,4.537120,-0.041671,0.363795,0.930546
1140,-2.448070,0.353501,4.517220,0.034202,0.411423,-0.910803
1141,-2.441060,0.345327,4.527270,0.892228,-0.450871,0.025381
1142,-3.137400,0.538827,4.478440,-0.020800,0.101332,0.994635
1143,-3.143290,0.532830,4.465670,-0.713626,-0.588974,-0.379271
1144,-3.128150,0.533613,4.467650,0.898382,-0.421140,-0.124704
1145,-2.836420,0.162722,4.513040,0.225976,-0.168719,0.959411
1146,-2.829190,0.170965,4.504020,0.821787,0.556083,0.124247
1147,-2.551690,0.455294,4.522720,-0.332251,0.695905,0.636652
1148,-2.553580,0.442786,4.516070,-0.788313,-0.606740,0.102128
1149,-2.539320,0.442925,4.517040,0.879023,-0.442664,0.177111
1150,-2.545950,0.449713,4.506160,0.194203,0.258344,-0.946332
1151,-2.052000,0.942279,4.547310,-0.363703,-0.931121,0.027078
1152,-2.053400,0.956618,4.547210,-0.521652,0.853045,0.013899
1153,-2.045450,0.949850,4.536950,0.340722,0.020202,-0.939947
1154,-2.150000,0.949249,4.548350,-0.067320,0.487354,0.870605
1155,-2.142350,0.940204,4.540060,0.868953,-0.474958,0.139050
1156,-2.148100,0.946955,4.528640,0.108696,0.274848,-0.955324
1157,-3.127790,0.335164,4.469760,0.442761,-0.891822,-0.092827
1158,-2.759940,0.163687,4.505950,-0.467568,0.880927,-0.073125
1159,-2.759260,0.149560,4.506080,-0.445522,-0.892799,-0.066488
1160,-2.753190,0.156141,4.517030,0.255720,-0.003693,0.966744
1161,-2.750190,0.156101,4.497420,0.532996,-0.007390,-0.846085
1162,-2.946530,0.138214,4.499260,-0.013153,0.205582,0.978551
1163,-2.944770,0.143617,4.481330,0.150587,0.708172,-0.689794
1164,-2.954230,0.133171,4.487120,-0.923107,-0.333608,-0.191254
1165,-2.939330,0.130032,4.487640,0.757990,-0.641390,-0.118618
1166,-3.203740,0.650420,4.444000,-0.355926,-0.248526,-0.900861
1167,-3.144540,0.261214,4.467580,0.210770,-0.960223,0.183159
1168,-2.819420,0.464609,4.510180,0.015229,-0.574229,0.818553
1169,-2.642000,0.841072,4.516690,0.143393,-0.101151,0.984483
1170,-2.638670,0.836755,4.497980,0.450472,-0.499214,-0.740176
1171,-2.641110,0.850599,4.504500,0.274639,0.946520,-0.169331
1172,-3.139420,0.547470,4.463560,-0.197762,0.856702,-0.476395
1173,-3.066080,0.357068,4.480170,-0.270577,-0.962637,0.010884
1174,-3.134800,0.458178,4.474120,-0.073655,-0.378925,0.922492
1175,-3.140010,0.467257,4.464200,-0.770041,0.637936,0.008568
1176,-3.135180,0.457993,4.454260,-0.108735,-0.395938,-0.911817
1177,-3.063810,0.741801,4.467300,-0.385336,-0.902914,-0.190426
1178,-1.745960,1.151800,4.558830,0.902383,0.408232,-0.138028
1179,-1.759610,1.139480,4.554070,-0.360640,-0.731687,-0.578422
1180,-1.760480,1.153170,4.559020,-0.626828,0.760132,-0.171131
1181,-1.755550,1.143830,4.569080,0.017150,-0.376333,0.926326
1182,-1.954890,0.241731,4.566830,-0.899506,-0.434505,-0.045756
1183,-1.944160,0.253599,4.575690,0.168228,0.661788,0.730573
1184,-1.945640,0.249095,4.558030,0.046799,0.319032,-0.946588
1185,-2.750900,1.452890,4.465150,0.081333,-0.264091,-0.961062
1186,-2.752950,1.450420,4.484830,-0.108695,-0.492741,0.863361
1187,-2.758910,1.459820,4.475280,-0.867559,0.496527,-0.028308
1188,-3.211430,0.770571,4.462630,-0.705973,0.065392,0.705213
1189,-3.198550,0.777296,4.456340,0.569204,0.808941,0.147043
1190,-3.205650,0.769833,4.444320,-0.172596,-0.002719,-0.984989
1191,-3.201640,1.057030,4.448480,0.344686,-0.938671,0.009425
1192,-2.819110,0.513545,4.504250,0.743608,0.654258,0.137815
1193,-2.732520,0.449779,4.496460,0.055672,-0.673806,-0.736808
1194,-2.740740,0.461474,4.502650,-0.889459,0.072956,-0.451154
1195,-2.725990,0.460806,4.503920,0.871781,0.291293,-0.393886
1196,-2.733880,0.455062,4.515070,-0.064686,-0.386564,0.919991
1197,-2.979180,0.841827,4.469880,-0.587821,-0.808813,-0.016982
1198,-2.970550,0.847709,4.460020,0.370166,-0.046964,-0.927778
1199,-2.970540,0.847279,4.479980,0.370876,-0.086831,0.924614
1200,-2.772710,0.276204,4.504440,-0.059200,0.852551,0.519280
1201,-3.125870,0.464425,4.463960,0.966734,0.254953,-0.020584
1202,-3.203470,0.156719,4.476380,-0.145899,0.116964,0.982361
1203,-3.195730,0.162926,4.463270,0.614520,0.725219,-0.310518
1204,-3.210520,0.156123,4.461020,-0.842756,0.058127,-0.535148
1205,-3.053740,0.056562,4.485070,-0.264413,0.930670,0.252861
1206,-2.253470,0.350367,4.532290,0.010890,0.293696,-0.955837
1207,-2.246360,0.344212,4.543310,0.921543,-0.378979,0.084462
1208,-2.260760,0.342629,4.542880,-0.843799,-0.535961,0.027350
1209,-2.870800,0.050464,4.492530,-0.731636,-0.528758,-0.430260
1210,-2.865920,0.058775,4.503410,-0.393621,0.359250,0.846169
1211,-2.859420,0.064638,4.491810,0.335078,0.799921,-0.497845
1212,-0.669919,-0.089578,1.449280,0.333960,-0.942441,0.016572
1213,-0.677757,-0.079561,1.442270,-0.526546,-0.019882,-0.849914
1214,-0.668830,-0.069726,1.448140,0.434810,0.896113,-0.089005
1215,-1.668450,-0.028295,4.541180,-0.508052,0.706609,0.492531
1216,-2.254310,0.352700,4.551950,-0.066612,0.508872,0.858261
1217,-2.440410,0.642463,4.510080,0.132196,0.285960,-0.949079
1218,-2.436000,0.634411,4.520890,0.758311,-0.647150,0.078486
1219,-2.449740,0.637819,4.520110,-0.980652,-0.194532,-0.021877
1220,-2.819690,0.071115,4.513530,0.017650,-0.049345,0.998626
1221,-2.813440,0.065035,4.497490,0.602864,-0.618682,-0.503773
1222,-2.817530,0.080876,4.500280,0.237840,0.935211,-0.262322
1223,-2.155890,0.152561,4.564870,-0.836384,0.114430,0.536067
1224,-2.142740,0.143513,4.562460,0.434812,-0.826318,0.357963
1225,-2.143210,0.157852,4.560120,0.482369,0.864979,0.138317
1226,-1.652410,0.048835,4.592040,-0.232683,0.010448,0.972496
1227,-1.646120,0.057789,4.579200,0.378379,0.886770,-0.265459
1228,-1.658250,0.046512,4.575970,-0.793277,-0.212589,-0.570541
1229,-1.434620,0.250437,4.597750,0.638980,0.682371,-0.355069
1230,-1.509200,0.248011,4.598800,-0.462230,0.717997,-0.520408
1231,-0.448394,0.252497,4.656930,-0.515378,-0.055187,-0.855184
1232,-0.446349,0.253426,4.676460,-0.326679,0.030436,0.944645
1233,-0.438774,0.260794,4.665420,0.461827,0.882372,-0.090194
1234,-1.358720,0.027548,4.596660,0.784096,0.572638,0.239330
1235,-0.741364,-0.079610,1.835900,0.173290,-0.916941,0.359431
1236,-0.737816,-0.069601,1.826510,0.698971,0.021206,-0.714835
1237,-0.742357,-0.059647,1.835520,0.080803,0.942578,0.324064
1238,-0.553275,-0.085761,1.556400,0.044072,-0.997198,0.060442
1239,-0.561264,-0.072641,1.552040,-0.773565,0.498098,-0.391786
1240,-0.545859,-0.075562,1.549020,0.735566,0.188146,-0.650803
1241,-0.533244,-0.073398,1.627010,0.909869,-0.002137,-0.414891
1242,-0.547647,-0.073720,1.626690,-0.885594,-0.042688,-0.462493
1243,-0.540944,-0.063212,1.633920,-0.031354,0.943571,0.329681
1244,-0.540520,-0.083135,1.634950,0.007989,-0.905050,0.425229
1245,-0.749648,-0.061437,2.110190,-0.876987,0.121786,-0.464825
1246,-0.838270,-0.058029,1.930270,0.295164,0.942001,0.159724
1247,-0.845709,-0.067977,1.922510,-0.585511,-0.050450,-0.809093
1248,-0.846512,-0.070065,1.936980,-0.516717,-0.243447,0.820815
1249,-0.751146,-0.070174,1.831300,-0.994343,-0.051253,-0.093035
1250,-0.853118,-0.067027,1.654690,0.316774,0.842630,0.435464
1251,-0.853973,-0.075987,1.643570,0.328018,-0.064218,-0.942486
1252,-0.866928,-0.075318,1.649610,-0.997719,0.019823,-0.064527
1253,-0.568805,-0.067617,1.929010,-0.365868,-0.041217,0.929754
1254,-0.561045,-0.076876,1.921440,0.457320,-0.888618,-0.034864
1255,-0.562809,-0.056997,1.921620,0.293648,0.955741,-0.018163
1256,0.197161,0.435028,2.916160,-0.971179,-0.166171,0.170876
1257,0.208262,0.434193,2.907010,0.075467,-0.338419,-0.937964
1258,0.216733,0.432705,2.918570,0.836765,-0.380761,0.393503
1259,0.143964,0.456637,3.521600,-0.945982,0.079051,0.314435
1260,0.154955,0.462488,3.510940,0.110290,0.667142,-0.736721
1261,0.154929,0.448379,3.515770,0.135945,-0.937335,-0.320814
1262,0.108501,0.533608,4.457950,-0.118520,-0.684297,-0.719507
1263,0.110175,0.547027,4.462840,0.084323,0.979928,-0.180639
1264,0.119497,0.537299,4.467850,0.918682,-0.209077,0.335127
1265,0.341483,-0.083636,0.548741,0.198581,0.962187,0.186443
1266,0.349095,-0.094710,0.542519,0.856638,-0.282666,-0.431591
1267,0.334635,-0.094395,0.541891,-0.656672,-0.346798,-0.669711
1268,-0.661227,-0.085794,1.544160,-0.004739,-0.906207,0.422808
1269,-0.745574,-0.051236,2.242560,-0.467081,0.842622,-0.268000
1270,-0.734650,-0.060399,2.240580,0.767831,-0.002961,-0.640645
1271,-0.743729,-0.070717,2.244860,-0.296980,-0.953242,-0.055966
1272,-0.340968,-0.091167,0.955544,0.541231,-0.006802,0.840847
1273,-0.341906,-0.090415,0.940965,0.622267,0.090576,-0.777547
1274,-0.352946,-0.082872,0.946934,-0.611647,0.791047,0.011520
1275,-0.351834,-0.100237,0.945316,-0.492868,-0.858647,-0.140737
1276,-0.740809,-0.086573,1.541690,0.069848,-0.979461,0.189148
1277,-0.734701,-0.076335,1.533480,0.665746,0.298502,-0.683870
1278,-0.739955,-0.075347,1.550770,0.121545,0.350713,0.928562
1279,-0.840300,-0.051629,2.280130,-0.042313,0.994569,-0.095089
1280,-0.833178,-0.064019,2.286910,0.726558,-0.268604,0.632429
1281,-0.837475,-0.066439,2.271880,0.224730,-0.457956,-0.860100
1282,-0.781160,-0.018142,4.575530,0.093516,0.352107,-0.931276
1283,-0.759457,-0.008559,4.599610,0.884841,0.416103,-0.209561
1284,-0.782860,-0.034102,4.583580,-0.051373,-0.975338,-0.214655
1285,-0.024068,0.611623,4.688740,0.851220,-0.524726,0.009330
1286,0.451858,0.651140,2.829530,-0.365033,0.037122,0.930254
1287,0.459714,0.657254,2.819440,0.515494,0.856860,-0.007518
1288,0.451589,0.651125,2.809580,-0.390192,0.035751,-0.920039
1289,0.458826,0.643111,2.819460,0.369247,-0.929320,-0.004526
1290,0.440476,-0.072359,1.746740,-0.415135,-0.877143,-0.241418
1291,-0.853009,-0.018710,4.617290,0.288644,-0.642547,0.709801
1292,-0.850453,-0.006403,4.602060,0.524448,0.492364,-0.694645
1293,-0.859406,-0.005227,4.614310,-0.376274,0.750362,0.543484
1294,-0.451917,0.358063,4.656440,-0.206784,0.028090,-0.977983
1295,-0.445919,0.350761,4.667230,0.474634,-0.879420,0.036640
1296,-0.455189,0.357113,4.676140,-0.511552,-0.060404,0.857127
1297,-0.467155,0.031686,4.655710,-0.783947,-0.504841,0.361334
1298,-0.454225,0.032024,4.649290,0.633516,-0.687421,-0.355119
1299,-0.454438,0.042354,4.659380,0.432290,0.521487,0.735647
1300,-0.633596,-0.016088,4.577390,-0.259518,0.871734,-0.415607
1301,-0.655072,0.165677,4.645000,0.041095,-0.550981,-0.833505
1302,-0.661623,0.176957,4.652010,-0.731760,0.638158,-0.239336
1303,-0.648043,0.173371,4.654820,0.968539,0.225477,0.105318
1304,-0.658055,0.169483,4.664300,-0.234723,-0.198607,0.951557
1305,-0.461053,0.043487,4.643760,-0.208235,0.608325,-0.765884
1306,-0.263130,0.858954,4.693100,0.063180,0.913734,-0.401370
1307,-0.271989,0.845718,4.690110,-0.712417,-0.329902,-0.619376
1308,-0.269234,0.853564,4.707110,-0.455230,0.337839,0.823790
1309,-0.367031,0.148574,4.671970,0.780858,0.337997,-0.525375
1310,-1.291690,0.711594,4.595660,-0.969670,-0.226898,0.090866
1311,-0.324335,0.966773,4.693270,0.777751,0.628571,-0.001290
1312,-0.330220,0.953449,4.692910,0.155787,-0.986611,-0.048271
1313,-0.336832,0.962570,4.683670,-0.486039,0.136756,-0.863171
1314,-0.767480,0.339890,4.643300,-0.623081,-0.782075,0.011354
1315,-1.032650,0.550678,4.610210,0.058386,-0.343308,-0.937406
1316,-1.024870,0.556805,4.622170,0.942154,0.268897,0.200100
1317,-1.036210,0.548963,4.629310,-0.269560,-0.501165,0.822296
1318,-1.154960,0.537889,4.612160,-0.943933,-0.321098,-0.076720
1319,-1.144440,0.544647,4.602980,0.158386,0.350424,-0.923102
1320,-1.139620,0.536285,4.613810,0.811213,-0.573106,0.116114
1321,-1.146310,0.545740,4.622370,-0.016120,0.454910,0.890391
1322,0.084908,1.359250,4.215930,-0.534015,-0.300429,-0.790298
1323,0.098485,1.357500,4.224100,0.668811,0.731766,-0.131184
1324,0.115745,1.328670,4.232410,0.252961,-0.692490,-0.675624
1325,-0.278664,1.137900,4.686770,-0.815986,-0.538544,-0.210088
1326,-0.269657,1.153150,4.694420,0.015212,0.868386,0.495655
1327,-0.266250,1.145770,4.680800,0.387651,0.220777,-0.894977
1328,0.259548,0.657529,2.810160,-0.199715,0.978734,0.046843
1329,0.236620,0.652724,2.785910,-0.085775,-0.152371,-0.984594
1330,0.234686,0.661813,2.797570,-0.379183,0.924789,-0.031394
1331,0.229493,0.649163,2.803530,-0.720210,-0.476674,0.504064
1332,-0.876898,1.142010,4.645800,-0.932179,-0.165118,-0.322146
1333,-0.241025,0.153867,4.696700,0.060190,-0.379876,0.923077
1334,-0.241518,0.153635,4.676810,0.014617,-0.401383,-0.915794
1335,-0.234694,0.162567,4.686490,0.835262,0.549193,-0.026902
1336,-0.235095,0.838608,4.699300,0.961934,0.253463,0.102174
1337,-0.250173,0.827858,4.705000,-0.179758,-0.743639,0.643963
1338,-2.647480,1.459830,4.482980,0.964425,0.255610,0.067442
1339,-2.656640,1.454870,4.492630,-0.151896,-0.276388,0.948966
1340,-2.654820,1.453200,4.472790,0.017827,-0.432326,-0.901541
1341,-0.647217,0.282486,4.650140,0.859644,0.506948,-0.063375
1342,0.137328,0.389305,4.245910,0.982817,0.162709,-0.087156
1343,0.118544,0.390484,4.240280,-0.747984,0.271251,-0.605758
1344,0.124722,0.391833,4.254240,-0.221655,0.490147,0.842986
1345,-0.266264,0.537462,4.674890,-0.774196,-0.632472,0.024499
1346,-0.132838,0.186012,4.684700,0.238753,-0.835311,-0.495230
1347,-0.129205,0.199294,4.689480,0.835594,0.541693,-0.091382
1348,-0.137793,0.193874,4.699940,-0.228865,-0.133830,0.964215
1349,0.124016,1.335510,4.244620,0.882236,0.014635,0.470580
1350,-0.048213,0.054099,4.695590,0.180986,-0.280925,0.942510
1351,-0.055206,0.051246,4.682700,-0.613529,-0.718427,-0.327787
1352,-0.042866,0.057825,4.677420,0.674408,0.063292,-0.735641
1353,-0.494459,-0.033740,4.518370,0.118562,-0.989687,-0.080394
1354,-0.503951,-0.021792,4.522300,-0.908818,0.238154,0.342539
1355,-0.494251,-0.020796,4.509920,0.139618,0.321788,-0.936461
1356,-0.543392,0.663481,4.642850,-0.522023,0.235613,-0.819743
1357,0.556501,0.653644,2.823630,0.469463,0.882067,0.039533
1358,0.555819,0.639486,2.823270,0.414426,-0.910071,-0.004783
1359,0.548988,0.646733,2.813180,-0.340673,0.028554,-0.939748
1360,0.548190,0.646267,2.833110,-0.414746,-0.014692,0.909819
1361,-1.140110,0.454441,4.617110,0.942975,0.322022,0.084261
1362,-0.554967,0.036515,4.650720,-0.677224,-0.684709,-0.269336
1363,-0.543999,0.043089,4.643650,0.503466,0.090526,-0.859259
1364,-0.547079,0.038592,4.662840,0.218136,-0.326427,0.919708
1365,-0.488935,-0.019350,4.526410,0.614442,0.424305,0.665152
1366,-3.198370,0.146811,4.465110,0.379815,-0.914579,-0.138874
1367,-0.417650,-0.014399,4.629190,0.294023,-0.293591,-0.909590
1368,-0.428675,-0.009481,4.638300,-0.972784,0.227738,-0.042750
1369,-0.415508,-0.002815,4.641620,0.498902,0.818478,0.284940
1370,0.085362,0.164889,4.689860,-0.059562,0.880463,-0.470358
1371,0.088816,0.157094,4.705390,0.618539,-0.032530,0.785080
1372,0.094434,0.153220,4.692090,0.985669,-0.048068,0.161700
1373,-0.362589,-0.017171,4.649820,0.461357,-0.524932,0.715260
1374,-0.372203,-0.017268,4.639010,-0.578814,-0.718012,-0.386566
1375,-0.364490,-0.006588,4.633020,0.284935,0.456562,-0.842831
1376,-0.756150,0.030219,4.644170,0.061751,-0.075098,0.995262
1377,-0.752566,0.038114,4.626380,0.392592,0.653687,-0.646966
1378,-0.765102,0.032511,4.632380,-0.977446,0.174457,-0.119016
1379,-3.073170,0.288742,4.470450,-0.998152,0.031690,-0.051840
1380,-0.857263,0.560818,4.624290,0.040460,-0.380874,-0.923741
1381,-0.850443,0.568258,4.634550,0.907329,0.418397,0.041207
1382,-0.858291,0.561057,4.644240,-0.055156,-0.358584,0.931867
1383,-1.437390,0.235983,4.599450,0.594358,-0.741620,-0.311027
1384,-0.978270,0.367151,4.627890,-0.529379,0.842343,-0.101079
1385,-0.976690,0.352927,4.628870,-0.359866,-0.932821,0.018492
1386,-0.970716,0.361130,4.639010,0.293846,0.087661,0.951825
1387,-1.348400,0.354072,4.605970,0.217835,0.949908,-0.224103
1388,-1.360190,0.341623,4.605040,-0.918163,-0.235953,-0.318280
1389,-1.350540,0.343564,4.615380,0.021971,-0.070598,0.997263
1390,-1.149700,0.346836,4.607860,0.271713,0.123449,-0.954428
1391,-1.855980,0.244535,4.588110,-0.083359,0.420714,0.903356
1392,-1.862240,0.237054,4.577830,-0.920844,-0.382345,-0.076547
1393,-1.848180,0.236316,4.579430,0.873869,-0.469223,0.127208
1394,-1.382330,0.369402,4.599750,-0.122909,-0.989712,0.073236
1395,-1.142040,0.734218,4.633190,0.133241,0.285758,0.948994
1396,-1.138470,0.722236,4.620230,0.469041,-0.841036,-0.269553
1397,-1.140530,0.738654,4.616990,0.290214,0.741142,-0.605380
1398,-0.911018,-0.005695,4.607920,0.413296,0.649570,0.638158
1399,-0.922420,-0.007821,4.595180,-0.678294,0.451212,-0.579935
1400,-0.919548,-0.020794,4.606150,-0.398714,-0.787750,0.469550
1401,-0.542076,0.168461,4.675610,-0.289798,0.014983,0.956970
1402,-0.532497,0.163908,4.665000,0.826754,-0.537970,-0.164518
1403,-0.538023,0.177852,4.665260,0.128964,0.985257,-0.112413
1404,-0.546107,0.162912,4.658770,-0.591944,-0.467957,-0.656216
1405,0.151836,0.555263,3.471890,-0.760939,0.332305,-0.557266
1406,0.158791,0.543408,3.478240,0.048827,-0.994051,0.097357
1407,0.151772,0.554657,3.506180,-0.112847,-0.860164,-0.497377
1408,-0.779363,0.160893,4.652120,-0.327517,0.723552,0.607623
1409,-0.781570,0.148254,4.645560,-0.806845,-0.588221,0.054748
1410,-0.767307,0.147963,4.647590,0.845783,-0.472377,0.248016
1411,-0.355779,0.366738,4.678630,0.358953,-0.680809,0.638476
1412,-0.359853,0.371639,4.662020,-0.001914,-0.284662,-0.958626
1413,-0.355014,0.380183,4.672880,0.630328,0.752383,0.191329
1414,-0.440568,0.132441,4.673960,0.460440,0.858371,0.226259
1415,-0.447961,0.128186,4.662370,-0.352055,0.224511,-0.908654
1416,-0.448898,0.123589,4.681680,-0.438447,-0.200385,0.876134
1417,-0.355461,0.042251,4.676210,0.109059,-0.110078,0.987922
1418,-0.352557,0.050384,4.658310,0.377544,0.641954,-0.667350
1419,-0.364709,0.045402,4.665110,-0.970495,0.235833,-0.050227
1420,-0.560503,0.236180,4.659560,0.961276,-0.257189,0.099004
1421,-0.037294,-0.018707,4.652000,-0.944758,0.092306,0.314504
1422,-0.025698,-0.011855,4.644120,0.211173,0.838255,-0.502728
1423,-0.025892,-0.027359,4.642360,0.173466,-0.756202,-0.630926
1424,-0.440386,0.118435,4.670640,0.449480,-0.873725,-0.185936
1425,-0.942530,0.046297,4.617710,0.753655,0.426917,-0.499745
1426,-0.949996,0.034698,4.621410,0.130567,-0.956358,-0.261405
1427,-0.960169,0.044711,4.620890,-0.918726,0.315367,-0.237666
1428,-0.277580,-0.019454,4.615110,-0.163499,0.468092,-0.868423
1429,-0.280897,-0.019650,4.632280,-0.470980,0.438059,0.765691
1430,-0.268803,-0.023873,4.625660,0.975553,0.060743,0.211201
1431,-0.369384,0.377396,4.672500,-0.949429,0.294939,0.107684
1432,-0.419479,-0.019040,4.645570,0.117934,-0.738331,0.664047
1433,-0.766005,-0.019618,4.610670,0.327010,-0.553791,0.765754
1434,-0.353314,0.036668,4.662990,0.417836,-0.850766,-0.318765
1435,-0.347718,0.261107,4.686570,-0.115802,0.390541,0.913273
1436,-0.339967,0.253262,4.677710,0.865403,-0.483141,0.132864
1437,-0.344747,0.261013,4.666880,0.159368,0.381669,-0.910456
1438,0.099923,0.539239,4.469230,-0.886150,-0.030211,0.462412
1439,-0.550681,0.049649,4.654490,-0.160208,0.966381,0.201101
1440,-0.278390,-0.034341,4.623130,-0.241513,-0.965632,-0.096056
1441,0.059813,0.229448,4.700720,0.678628,-0.650244,-0.341537
1442,0.097229,0.228748,4.654420,-0.482047,-0.485557,0.729291
1443,0.104229,0.229509,4.642000,0.360077,-0.491105,-0.793197
1444,0.110702,0.236457,4.652660,0.841619,0.307134,0.444237
1445,-0.262840,0.075873,4.673540,-0.631423,0.395971,-0.666717
1446,-0.252260,0.061539,4.680070,0.350565,-0.934571,-0.060674
1447,-0.260680,0.071789,4.688650,-0.505367,0.019846,0.862676
1448,0.126346,0.379740,4.246280,-0.040580,-0.996465,-0.073554
1449,-0.164977,0.253041,4.697350,-0.158291,0.566668,0.808598
1450,-0.170123,0.241654,4.688740,-0.791969,-0.610447,0.011861
1451,-0.155014,0.244021,4.689950,0.932579,-0.329121,0.148245
1452,-0.021861,-0.021222,4.657070,0.567094,-0.153957,0.809137
1453,2.232610,0.356836,3.448670,0.288848,0.923517,-0.252355
1454,2.220420,0.347313,3.448720,-0.965608,-0.146466,-0.214823
1455,2.230640,0.347402,3.460780,0.054869,-0.137519,0.988978
1456,2.236820,0.342352,3.445220,0.618099,-0.590368,-0.519057
1457,-0.249084,0.076400,4.679980,0.820132,0.565410,-0.087720
1458,-0.053125,0.065611,4.686260,-0.327646,0.939847,0.096618
1459,0.093805,0.239179,4.643310,-0.716709,0.558162,-0.418072
1460,1.159580,1.554320,4.847900,-0.172577,-0.984958,0.008620
1461,1.158090,1.565180,4.837800,-0.273525,0.238402,-0.931852
1462,1.169170,1.566280,4.848330,0.910316,0.410076,0.056229
1463,1.156700,1.565590,4.857220,-0.402597,0.276434,0.872639
1464,0.063192,0.169105,4.706570,-0.651100,0.729590,0.209206
1465,0.062996,0.153277,4.709130,-0.256891,-0.664165,0.702062
1466,0.080090,0.149172,4.693250,0.044199,-0.828216,-0.558663
1467,-0.260995,0.442763,4.681940,-0.840566,0.539337,-0.050642
1468,-0.246882,0.440960,4.683090,0.941623,0.322972,0.095048
1469,-0.253829,0.434885,4.672200,0.038913,-0.329881,-0.943220
1470,-0.032885,0.417650,4.694610,-0.150491,-0.940564,0.304453
1471,-0.030557,0.427255,4.684430,0.102996,-0.066022,-0.992488
1472,-0.022680,0.431934,4.695260,0.831137,0.407923,0.377904
1473,-0.445111,0.655238,4.659770,0.620115,0.784479,0.007048
1474,-0.454899,0.649575,4.669480,-0.422349,0.086322,0.902314
1475,-0.448097,0.640988,4.659890,0.279619,-0.959848,0.022486
1476,-0.551488,0.448764,4.666330,-0.015561,0.416209,0.909136
1477,-0.244545,0.830377,4.691710,0.338218,-0.584846,-0.737268
1478,0.057414,0.349090,4.692510,-0.936661,-0.276421,-0.215077
1479,0.072531,0.345574,4.691460,0.555244,-0.737937,-0.383606
1480,0.069306,0.353203,4.704620,0.169143,0.110435,0.979385
1481,0.062239,0.555799,4.682330,-0.311865,0.881712,-0.354012
1482,0.070126,0.547269,4.695410,0.441289,0.066903,0.894868
1483,0.071368,0.543486,4.680490,0.678723,-0.356738,-0.641929
1484,0.057605,0.540335,4.686730,-0.783142,-0.618027,0.068788
1485,0.100835,0.386829,4.493980,-0.829302,-0.098341,-0.550079
1486,0.108713,0.395645,4.503150,-0.130589,0.915925,0.379509
1487,0.120331,0.388210,4.497360,0.970801,0.029159,-0.238108
1488,0.117363,0.338467,4.317820,0.039030,-0.782990,-0.620808
1489,-0.636387,0.459688,4.650730,0.640525,0.727938,0.244609
1490,-0.639313,0.444118,4.653060,0.352139,-0.806859,0.474316
1491,-0.642872,0.451227,4.641080,0.001820,-0.148438,-0.988920
1492,-1.648960,0.953656,4.553250,0.058981,0.272478,-0.960353
1493,-1.657030,0.949080,4.563950,-0.975412,-0.215353,0.046858
1494,-1.648440,0.955639,4.573100,0.107304,0.456773,0.883088
1495,-1.643320,0.945527,4.563950,0.769584,-0.637041,0.043801
1496,0.012104,-0.016906,4.679030,0.237300,-0.412756,0.879387
1497,0.006302,-0.018339,4.665920,-0.423410,-0.775575,-0.468195
1498,0.015943,-0.008518,4.661660,0.591147,0.360356,-0.721587
1499,0.005017,-0.005308,4.671930,-0.514189,0.811302,0.278207
1500,0.042026,0.264788,4.691500,-0.465676,0.549424,-0.693743
1501,-0.156504,0.716686,4.695290,-0.661370,-0.569597,0.488005
1502,-0.141405,0.717669,4.689020,0.726175,-0.564162,-0.392927
1503,-0.140635,0.745166,4.711250,0.098142,0.051358,0.993846
1504,-0.447698,0.763029,4.681300,0.740346,0.656647,0.143884
1505,-0.452565,0.751641,4.689000,0.104731,-0.561685,0.820695
1506,-0.452536,0.755856,4.669550,0.107367,-0.171430,-0.979328
1507,-0.143026,0.434767,4.697880,-0.118754,-0.300104,0.946486
1508,-0.134138,0.439493,4.687910,0.980672,0.194352,0.022589
1509,-0.147854,0.442987,4.687260,-0.771847,0.632967,-0.060042
1510,-0.039243,0.433982,4.693410,-0.770311,0.605831,0.198971
1511,-0.129101,0.075859,4.676890,-0.391619,0.318254,-0.863336
1512,-0.124061,0.063889,4.684820,0.091185,-0.981954,-0.165685
1513,-0.128903,0.072608,4.696320,-0.373385,0.018558,0.927491
1514,-0.142350,-0.088599,0.936961,0.429914,0.065692,-0.900477
1515,-0.150604,-0.098382,0.945475,-0.398444,-0.916038,-0.046010
1516,-0.153495,-0.080846,0.948943,-0.609228,0.746614,0.267223
1517,0.116338,-0.020321,4.655930,0.029816,-0.923703,0.381947
1518,0.108770,-0.005280,4.656540,-0.719149,0.517961,0.463185
1519,0.114463,-0.009910,4.641370,-0.146554,0.055725,-0.987632
1520,-0.937937,0.227376,4.634010,0.715967,-0.695424,0.061451
1521,-0.951436,0.231927,4.632670,-0.985058,-0.134416,-0.107669
1522,-0.941431,0.237020,4.623800,0.211542,0.375175,-0.902493
1523,-0.943545,0.236599,4.643650,0.015154,0.336111,0.941701
1524,-0.564564,0.359683,4.655500,-0.125694,0.933777,0.335054
1525,-0.562271,0.350532,4.644830,0.125295,0.179307,-0.975782
1526,-0.570807,0.342913,4.653310,-0.760317,-0.630992,0.154169
1527,0.050124,0.160517,4.702880,-0.978939,0.166631,-0.117948
1528,0.070151,0.360940,4.690980,0.253820,0.885912,-0.388247
1529,-0.461755,0.759234,4.680450,-0.981828,0.185830,0.038472
1530,-0.155187,0.608178,4.672370,-0.316308,0.698317,-0.642108
1531,-0.160828,0.575806,4.682430,-0.910062,-0.390338,0.139370
1532,-0.154287,0.602916,4.691070,-0.282442,0.338004,0.897764
1533,-0.153912,0.720203,4.678760,-0.330666,-0.181953,-0.926041
1534,0.093790,0.140375,4.663910,-0.370594,0.449399,-0.812835
1535,0.049939,0.696562,4.681270,0.533440,-0.798655,-0.278555
1536,0.043023,0.708134,4.674990,-0.263790,0.512453,-0.817195
1537,0.051675,0.708876,4.689420,0.571654,0.584259,0.576067
1538,0.037313,0.699065,4.688710,-0.794070,-0.353734,0.494292
1539,0.073135,1.256900,4.169220,-0.081186,-0.585488,0.806606
1540,0.078397,1.257930,4.155160,0.482281,-0.395057,-0.781879
1541,0.079798,1.269980,4.165900,0.558319,0.771144,0.305969
1542,-0.855686,0.246234,4.649150,0.213472,-0.081190,0.973570
1543,-0.787058,1.247080,4.639360,0.381130,0.048736,-0.923236
1544,-0.784014,1.246480,4.656860,0.670899,-0.008334,0.741502
1545,-0.795529,1.238910,4.649580,-0.502769,-0.862486,0.057801
1546,-0.796821,1.254420,4.650340,-0.586199,0.799723,0.129667
1547,0.118331,0.524895,4.332720,0.022762,-0.903844,-0.427257
1548,-0.053897,0.230130,4.694020,-0.628501,-0.776365,0.047369
1549,-0.039446,0.235555,4.700070,0.752342,-0.238325,0.614152
1550,-0.050247,0.247558,4.696320,-0.272466,0.923031,0.271617
1551,0.042911,0.749695,4.727730,-0.286372,-0.200689,0.936865
1552,0.049142,0.758237,4.718260,0.439712,0.893496,0.091205
1553,0.039210,0.753397,4.709350,-0.628890,0.141977,-0.764421
1554,0.109579,0.381256,4.504030,-0.030644,-0.850890,0.524449
1555,-0.255556,0.434062,4.692090,-0.121608,-0.406319,0.905603
1556,-1.461640,2.251070,4.586810,-0.407515,-0.859934,-0.307319
1557,-0.443426,0.822811,4.687010,0.149839,0.919125,0.364360
1558,-0.443695,0.815172,4.674110,0.121750,0.120189,-0.985257
1559,-0.454363,0.810276,4.685940,-0.905380,-0.356966,0.229919
1560,-1.521640,1.110430,4.607980,0.511003,-0.843129,0.167362
1561,-1.519110,1.121460,4.599400,0.574087,0.455818,-0.680187
1562,-1.527440,1.119870,4.616850,-0.194743,0.309338,0.930798
1563,1.256180,1.946150,4.837150,0.066483,0.045091,0.996768
1564,1.247560,1.942240,4.824640,-0.881499,-0.383200,-0.275893
1565,1.262860,1.939240,4.822870,0.688773,-0.605189,-0.399172
1566,-0.748122,0.749374,4.670780,-0.085403,-0.559965,0.824103
1567,-0.754600,0.758523,4.661660,-0.920997,0.388361,-0.030650
1568,-0.745722,0.753549,4.651400,0.137444,-0.172188,-0.975428
1569,1.567960,0.117695,2.842990,0.066463,0.746778,-0.661744
1570,1.576180,0.106526,2.851250,0.926492,-0.349486,0.139539
1571,1.561390,0.103636,2.846290,-0.630979,-0.671522,-0.388489
1572,-0.461016,0.467135,4.660980,-0.436500,0.895013,-0.091760
1573,-0.451227,0.457650,4.670840,0.509085,-0.021525,0.860447
1574,-0.450340,0.455547,4.653570,0.578803,-0.218586,-0.785625
1575,-0.864692,0.157091,4.628590,-0.015007,-0.468080,-0.883558
1576,-0.739187,0.247401,4.640600,0.877578,-0.146180,-0.456606
1577,-0.750622,0.256905,4.643940,-0.256257,0.950029,-0.178260
1578,-0.748394,0.247795,4.655950,0.007730,-0.108999,0.994012
1579,-0.755049,0.242502,4.641660,-0.660644,-0.647884,-0.379204
1580,-0.664982,0.331318,4.660100,0.017925,0.245596,0.969207
1581,-0.662601,0.333663,4.640440,0.238656,0.462931,-0.853662
1582,-0.673194,0.327851,4.648580,-0.986208,-0.100668,-0.131372
1583,-0.653503,0.454585,4.650160,-0.962873,0.206943,0.173352
1584,1.075350,1.959860,4.811170,0.776938,0.585068,-0.232513
1585,1.061460,1.956700,4.810590,-0.790840,0.434081,-0.431447
1586,1.064490,1.952760,4.823960,-0.241662,-0.080882,0.966984
1587,-0.906219,1.170040,4.641550,0.676270,0.729348,0.103494
1588,-0.915430,1.164550,4.630320,-0.292674,0.094668,-0.951514
1589,-0.918467,1.164660,4.649420,-0.573437,0.104889,0.812507
1590,-0.947535,0.558953,4.627030,0.309706,0.950528,-0.024044
1591,-0.955153,0.551192,4.636730,-0.472690,-0.002528,0.881225
1592,-0.945610,0.544708,4.628090,0.560441,-0.820992,0.108987
1593,-1.545230,0.901976,4.602210,-0.708701,-0.242037,-0.662692
1594,-1.535320,0.878498,4.606210,-0.591256,-0.753769,-0.286790
1595,-1.542020,0.909624,4.617100,-0.319219,0.375310,0.870196
1596,-0.969854,0.633645,4.625580,0.826317,0.367971,0.426378
1597,-0.975913,0.627828,4.613350,0.345453,-0.219795,-0.912334
1598,-0.984101,0.635542,4.622740,-0.653662,0.724510,0.218659
1599,-0.953495,0.447911,4.628400,-0.012573,-0.901383,0.432840
1600,-0.953759,0.456413,4.616690,-0.052657,-0.070764,-0.996102
1601,-0.944501,0.460523,4.627030,0.885529,0.358084,0.295996
1602,-1.520590,0.884873,4.602570,0.806748,-0.092735,-0.583573
1603,-1.530750,0.907592,4.605950,0.824035,0.455244,-0.337222
1604,-1.150890,0.729759,4.622360,-0.977632,-0.186713,-0.096819
1605,-1.052020,0.034415,4.614870,-0.403388,-0.904891,-0.135833
1606,-0.837968,0.335779,4.628450,-0.336588,-0.145403,-0.930358
1607,-0.830376,0.329855,4.640140,0.457458,-0.869372,0.186884
1608,-0.839543,0.339126,4.647860,-0.481687,0.163477,0.860961
1609,-0.663405,0.641001,4.649510,-0.356682,0.817714,0.451798
1610,-0.665925,0.625449,4.647220,-0.652352,-0.712346,0.258843
1611,-0.650201,0.627870,4.646650,0.888719,-0.420737,0.182095
1612,-0.555374,0.546621,4.666710,-0.134149,0.310207,0.941157
1613,-0.554192,0.548383,4.646980,-0.024954,0.472720,-0.880860
1614,-0.560409,0.537959,4.655660,-0.770140,-0.629631,-0.102223
1615,0.067855,1.342940,4.116980,-0.684132,0.439384,-0.582156
1616,0.085310,1.341970,4.124350,0.931577,0.349495,0.100089
1617,0.076243,1.331440,4.120010,0.131953,-0.892774,-0.430747
1618,0.071563,1.338240,4.132000,-0.388571,0.004886,0.921406
1619,-0.462073,0.452339,4.662140,-0.709409,-0.704288,0.026779
1620,-0.268706,1.066810,4.686980,-0.035660,0.999332,-0.007976
1621,-0.266118,1.057150,4.697290,0.215999,-0.220657,0.951134
1622,-0.261686,1.057160,4.678990,0.627446,-0.219821,-0.746987
1623,-0.276715,1.055050,4.685030,-0.859929,-0.465734,-0.208837
1624,-0.246551,-0.099687,0.944091,0.033891,-0.920832,0.388483
1625,-0.240079,-0.089898,0.936179,0.876370,-0.008105,-0.481570
1626,-0.246766,-0.079701,0.943363,0.013795,0.947168,0.320442
1627,0.102485,0.634627,4.635520,-0.266178,-0.543377,-0.796172
1628,0.099143,0.637039,4.651360,-0.572436,-0.281306,0.770184
1629,0.103706,0.648995,4.642040,-0.151144,0.978359,-0.141313
1630,1.945800,1.851120,4.787280,0.139656,0.262036,-0.954900
1631,1.968220,1.843230,4.799900,0.962047,0.081060,-0.260565
1632,1.955440,1.834190,4.801880,-0.115317,-0.981993,-0.149639
1633,0.543012,0.340897,2.829650,-0.867016,-0.468775,-0.168918
1634,0.552151,0.347955,2.821000,0.202482,0.306250,-0.930168
1635,0.556870,0.341582,2.832810,0.888186,-0.396442,0.232291
1636,-0.791331,1.335070,4.653770,0.695937,0.509778,-0.505764
1637,0.210044,-0.051065,1.867610,0.207935,0.929793,0.303724
1638,0.212608,-0.061854,1.857020,0.549554,-0.079827,-0.831636
1639,0.199915,-0.061029,1.864210,-0.999786,0.015890,-0.013258
1640,-1.052040,0.729969,4.634140,0.160453,0.947985,0.274916
1641,-1.060420,0.718795,4.630040,-0.868138,-0.438575,-0.232353
1642,-1.051290,0.717468,4.641300,0.188994,-0.456242,0.869554
1643,1.256700,1.746550,4.835040,0.987507,-0.143486,-0.065126
1644,1.246930,1.752070,4.825870,-0.172648,0.404975,-0.897879
1645,1.248120,1.751240,4.845740,-0.062374,0.327948,0.942635
1646,1.242960,1.741960,4.835670,-0.712806,-0.701236,0.013266
1647,-1.533560,1.116150,4.602810,-0.900302,-0.040525,-0.433376
1648,1.109940,-0.052215,1.605140,0.532737,0.051037,0.844741
1649,1.107830,-0.062509,1.594910,0.183291,-0.919250,-0.348403
1650,1.108870,-0.043873,1.593130,0.279926,0.810950,-0.513810
1651,-0.658805,0.634923,4.636590,0.095429,0.302433,-0.948382
1652,-0.968762,0.359983,4.619220,0.474744,-0.018501,-0.879929
1653,0.147523,0.643180,3.479970,-0.954411,0.290093,-0.070323
1654,0.157450,0.634173,3.485160,-0.053839,-0.797047,0.601513
1655,0.165688,0.645954,3.485270,0.724812,0.546442,0.419582
1656,0.160640,0.638657,3.471880,0.297697,-0.147614,-0.943179
1657,-0.864725,0.568439,4.633820,-0.892609,0.447951,-0.050875
1658,-0.656278,0.555167,4.659310,-0.436487,0.177061,0.882116
1659,-0.654625,0.552944,4.639520,-0.282987,-0.029658,-0.958665
1660,-0.649841,0.545842,4.650800,0.226763,-0.965617,0.127128
1661,-0.646609,0.559576,4.649530,0.618507,0.784935,-0.036432
1662,-2.044550,0.950085,4.556860,0.424143,0.041977,0.904622
1663,-0.830685,0.343980,4.637680,0.478176,0.871159,-0.111489
1664,-0.953040,0.550004,4.616940,-0.276947,-0.112746,-0.954248
1665,-0.858241,0.764010,4.655510,-0.931214,0.350033,0.101570
1666,-0.844036,0.765256,4.654970,0.826383,0.561424,0.043525
1667,-0.850183,0.758237,4.644170,0.008641,-0.256527,-0.966499
1668,-0.962250,0.463485,4.626040,-0.792292,0.584168,0.176127
1669,-0.765846,0.627404,4.650720,-0.270764,0.269707,0.924092
1670,-0.755033,0.624402,4.641780,0.992336,-0.013442,0.122837
1671,-0.763381,0.628691,4.630930,-0.041124,0.389753,-0.920001
1672,-0.903803,1.072130,4.641980,0.462651,0.886092,-0.028201
1673,-0.913100,1.064880,4.632870,-0.506508,0.004171,-0.862225
1674,-0.911559,1.064690,4.652300,-0.364334,-0.013366,0.931173
1675,-0.335279,0.962711,4.702960,-0.365759,0.157689,0.917254
1676,-0.984836,0.620912,4.622970,-0.558181,-0.808774,0.185253
1677,-0.912827,0.872872,4.641920,-0.201611,-0.746739,-0.633824
1678,-0.914090,0.890085,4.646590,-0.361532,0.897111,-0.253940
1679,-0.901980,0.881026,4.649030,0.999465,-0.032274,-0.005357
1680,-0.242369,0.763188,4.693450,0.864182,-0.319722,-0.388546
1681,-0.251172,0.778803,4.700990,0.420151,0.898638,0.126185
1682,-0.258064,0.769805,4.710750,-0.245045,-0.017809,0.969348
1683,-0.262946,0.773677,4.693320,-0.718906,0.344369,-0.603808
1684,-0.754871,0.451643,4.632030,0.441847,-0.020433,-0.896858
1685,-0.756356,0.450755,4.651910,0.303987,-0.102781,0.947116
1686,-0.764322,0.445289,4.641050,-0.578748,-0.811579,-0.079934
1687,-0.753069,0.024340,4.631170,0.469543,-0.838069,-0.277795
1688,-1.029870,-0.020571,4.572430,0.226240,0.094784,-0.969449
1689,-1.030010,-0.033866,4.583800,0.226914,-0.967981,-0.107349
1690,-1.038930,-0.021168,4.585080,-0.994400,0.105277,-0.009237
1691,-0.774731,-0.005417,4.607590,-0.460805,0.727627,0.508152
1692,-0.555305,0.344176,4.655580,0.777297,-0.502905,0.378014
1693,0.096317,1.373050,4.221340,0.471440,0.868154,-0.155091
1694,0.085968,1.365690,4.229600,-0.418252,0.445782,0.791418
1695,-0.761917,0.459480,4.641870,-0.287069,0.957664,0.021688
1696,-0.142349,0.433693,4.677930,-0.055596,-0.400302,-0.914695
1697,0.110617,0.447578,4.462030,0.186734,-0.941916,-0.279151
1698,0.116500,0.458809,4.471450,0.721693,0.240375,0.649138
1699,0.100724,0.457604,4.469170,-0.864383,0.140601,0.482776
1700,0.108184,0.461834,4.455680,-0.067243,0.527367,-0.846973
1701,-0.143957,0.602161,4.680250,0.913146,0.402028,-0.067371
1702,-0.152070,0.574458,4.670680,0.170513,-0.363242,-0.915959
1703,2.244150,0.653052,3.343240,0.936836,0.336644,-0.094914
1704,2.224180,0.653421,3.342930,-0.920354,0.370991,-0.123753
1705,2.233930,0.648300,3.352020,-0.018610,-0.144333,0.989354
1706,-0.355373,0.519640,4.672660,-0.784114,-0.617811,0.058949
1707,-0.350212,0.527386,4.661870,-0.074443,0.281714,-0.956606
1708,-0.341336,0.522091,4.672540,0.962548,-0.268267,0.039176
1709,1.326340,0.146095,2.788270,0.256032,0.160653,-0.953225
1710,1.361970,0.139783,2.810320,0.716345,0.649830,0.254109
1711,1.352430,0.132970,2.798380,0.778267,-0.625460,-0.055673
1712,1.325360,0.148614,2.802170,0.098728,0.485492,0.868648
1713,1.209850,-0.037517,2.339440,-0.367461,0.001285,0.930038
1714,1.207050,-0.041101,2.324000,-0.669815,-0.370788,-0.643323
1715,1.221990,-0.043586,2.329440,0.811880,-0.579319,-0.072390
1716,1.545800,0.735482,2.861730,-0.556708,-0.570478,0.603847
1717,1.552160,0.737289,2.846090,0.044393,-0.417592,-0.907549
1718,1.561530,0.743538,2.858790,0.925982,0.188694,0.327035
1719,0.196816,0.596057,2.989900,-0.714144,-0.384116,-0.585195
1720,0.201912,0.598718,3.005930,-0.239837,-0.136812,0.961125
1721,0.204683,0.607501,2.994540,0.041742,0.977853,-0.205089
1722,-0.649027,0.747977,4.677190,-0.098674,-0.514583,0.851744
1723,-0.656374,0.755404,4.665800,-0.947599,0.207952,-0.242512
1724,-0.643698,0.750453,4.658480,0.392855,-0.286304,-0.873896
1725,-0.058201,0.557190,4.688090,-0.875630,0.446011,0.185327
1726,-0.044316,0.543156,4.689730,0.406203,-0.849500,0.336673
1727,-0.043652,0.557730,4.689180,0.632613,0.670901,0.386901
1728,-0.049516,0.550610,4.677860,-0.094640,-0.207125,-0.973726
1729,-0.131576,0.750526,4.698860,0.843269,0.493351,-0.213312
1730,-0.337786,0.839383,4.693210,0.831966,-0.549134,-0.079280
1731,0.107934,0.684782,4.584670,-0.343789,0.760291,0.551151
1732,0.112009,0.679432,4.571720,0.049333,0.374204,-0.926033
1733,0.105419,0.669327,4.579940,-0.644802,-0.754084,0.124855
1734,-0.446812,0.364901,4.667760,0.372568,0.921920,0.106101
1735,-0.790273,1.073320,4.651600,0.718706,-0.535780,-0.443173
1736,-0.797101,1.109070,4.652730,0.444438,0.638449,-0.628377
1737,-0.050181,0.754592,4.707350,-0.825500,-0.063413,-0.560829
1738,-0.860400,1.340930,4.656280,-0.446656,-0.140745,0.883566
1739,-0.855927,1.045600,4.650970,0.600005,-0.797679,-0.060840
1740,-0.862462,1.063750,4.646440,-0.003132,0.877756,-0.479098
1741,-0.860975,1.056750,4.659560,0.172091,0.296926,0.939265
1742,-0.874311,1.443730,4.642490,-0.962203,0.251645,-0.104116
1743,-1.517260,1.213010,4.593040,0.099133,0.226054,-0.969057
1744,-1.521600,1.203760,4.602830,-0.431222,-0.898096,-0.086441
1745,-1.524030,1.214460,4.611760,-0.529191,0.360754,0.767993
1746,-1.510750,1.212230,4.606100,0.925776,0.202377,0.319346
1747,-0.917018,1.360240,4.629090,-0.418779,-0.001300,-0.908087
1748,-0.908686,1.352560,4.639170,0.443197,-0.895888,0.031010
1749,-0.917494,1.360670,4.648470,-0.462996,0.038504,0.885524
1750,-1.658160,1.453340,4.558870,-0.414195,0.905275,-0.094437
1751,-1.658200,1.439010,4.558530,-0.430276,-0.891751,-0.140152
1752,-1.653590,1.445720,4.570330,0.113648,-0.028522,0.993112
1753,-1.178240,0.709602,4.599560,0.179057,0.940633,0.288355
1754,-0.335747,1.047150,4.682830,-0.546126,-0.131090,-0.827382
1755,-0.326250,1.056530,4.688800,0.538267,0.842245,-0.029883
1756,-0.324525,1.040750,4.689690,0.690750,-0.720783,0.057758
1757,-0.339398,1.048260,4.696950,-0.704149,0.010575,0.709973
1758,-0.643186,0.758821,4.670010,0.645085,0.711755,0.277976
1759,-0.438241,0.807165,4.687450,0.642080,-0.665436,0.380694
1760,-1.950380,0.747394,4.566150,0.161520,0.100798,0.981708
1761,-1.954280,0.754828,4.549330,-0.200312,0.790455,-0.578840
1762,-1.958400,0.742142,4.555180,-0.832193,-0.552079,-0.051603
1763,0.108186,1.332680,4.247000,-0.125770,-0.281540,0.951272
1764,-1.333190,0.727752,4.603490,0.805691,-0.574446,0.144477
1765,-1.460590,0.073229,4.601740,-0.911002,-0.270771,-0.311058
1766,-1.648030,0.656711,4.582650,-0.416927,0.009290,0.908892
1767,-0.903200,1.057240,4.641790,0.501737,-0.863687,-0.048011
1768,-1.860790,0.457340,4.566120,0.993013,-0.114635,0.028003
1769,-1.874280,0.452620,4.564500,-0.635061,-0.751031,-0.180692
1770,-1.870770,0.464330,4.556930,-0.122229,0.552263,-0.824661
1771,-0.556347,0.833228,4.655080,-0.003496,0.251469,-0.967859
1772,-0.557178,0.837674,4.673540,-0.080531,0.663527,0.743805
1773,-0.548709,0.827216,4.666650,0.908785,-0.394637,0.135544
1774,-0.648216,0.816251,4.680150,0.223398,0.460681,0.858991
1775,-1.349780,0.706799,4.585190,0.313175,-0.921373,-0.230203
1776,-1.448440,0.759772,4.603190,0.532611,0.481996,-0.695704
1777,-1.457450,0.759986,4.614330,-0.446444,0.744202,0.496841
1778,-1.449780,0.748669,4.618610,0.408897,-0.545648,0.731486
1779,-1.459770,0.748604,4.605940,-0.589752,-0.630495,-0.504648
1780,-1.658280,1.245540,4.568790,-0.164807,0.395029,0.903765
1781,-1.649450,1.238500,4.560280,0.918366,-0.364086,0.155066
1782,-1.655210,1.244880,4.549050,0.121152,0.333515,-0.934928
1783,-1.663390,1.237340,4.558150,-0.860720,-0.495372,-0.117335
1784,-1.436980,0.626861,4.601730,0.092793,0.451262,0.887554
1785,-1.431250,0.617171,4.592200,0.813523,-0.581483,0.007632
1786,-1.437740,0.625539,4.581930,0.022473,0.328873,-0.944107
1787,0.063671,1.263220,4.159370,-0.942751,0.141857,-0.301823
1788,-1.449910,0.721172,4.582030,-0.207529,0.524542,-0.825704
1789,-0.848824,-0.064186,2.284590,-0.897475,-0.265300,0.352357
1790,-1.450950,0.454884,4.601650,-0.578205,0.380756,0.721598
1791,-1.437000,0.454903,4.596050,0.069453,0.961094,0.267348
1792,-1.447000,0.452660,4.583640,-0.354457,0.271963,-0.894649
1793,-1.445690,0.441706,4.594850,-0.542798,-0.786996,0.293271
1794,-1.525380,0.880030,4.619240,0.331184,-0.470085,0.818130
1795,-1.542160,0.918625,4.604160,-0.228199,0.916993,-0.327185
1796,-1.747290,0.950005,4.554470,-0.347289,0.046833,-0.936588
1797,-1.740450,0.942141,4.564610,0.386281,-0.922381,0.000337
1798,-1.748330,0.949568,4.574300,-0.443695,0.006463,0.896155
1799,-1.416540,0.441903,4.597680,0.875701,-0.448235,-0.179534
1800,-0.862353,0.934277,4.647370,0.156238,-0.805386,-0.571789
1801,-1.841790,0.544262,4.563340,-0.670369,0.423744,-0.609136
1802,-1.838120,0.538091,4.579660,-0.323911,-0.159138,0.932607
1803,-1.829300,0.544413,4.570330,0.755956,0.650226,0.075744
1804,-1.445670,0.619471,4.592600,-0.948960,-0.310169,0.057177
1805,-1.508460,1.070390,4.605150,0.922517,-0.305792,-0.235484
1806,-1.519810,1.070980,4.614930,-0.258847,-0.306004,0.916166
1807,-1.525640,1.069100,4.601150,-0.716729,-0.394056,-0.575342
1808,-1.656210,0.858954,4.571770,0.380825,0.892618,0.241259
1809,-1.657400,0.850062,4.559550,0.185109,-0.145794,-0.971843
1810,-1.669610,0.851874,4.572110,-0.974869,0.026325,0.221220
1811,-1.749740,1.550310,4.542190,-0.047728,-0.313170,-0.948497
1812,-1.743550,1.557720,4.552790,0.784408,0.594481,0.176909
1813,-1.747040,1.545620,4.559630,0.194704,-0.677397,0.709382
1814,-1.757850,1.558140,4.551880,-0.873916,0.484530,0.038752
1815,-1.954790,1.351630,4.535370,-0.212920,0.673753,-0.707617
1816,-1.958270,1.339390,4.542590,-0.770109,-0.632977,-0.079205
1817,-1.951820,1.347920,4.552580,0.060941,0.368967,0.927443
1818,-2.556280,1.047870,4.498750,-0.981733,0.179383,0.063412
1819,-2.527920,1.028020,4.497560,-0.231937,-0.921483,0.311567
1820,-2.530630,1.041970,4.498910,0.515292,0.038001,0.856172
1821,-2.555780,1.056260,4.513140,-0.234652,0.061085,0.970158
1822,-1.849230,1.138150,4.569620,-0.427818,0.019470,0.903655
1823,-1.847950,1.137940,4.549680,-0.308540,-0.000070,-0.951211
1824,-1.841290,1.130640,4.560200,0.415976,-0.908651,0.036289
1825,-2.140450,1.262310,4.530350,0.894692,0.439567,-0.079420
1826,-2.150070,1.253820,4.539600,0.007741,-0.406122,0.913786
1827,-2.154050,1.249690,4.524860,-0.360818,-0.725409,-0.586168
1828,-2.038500,1.259240,4.539350,0.918600,0.395114,0.007653
1829,-2.045960,1.251970,4.549240,-0.023806,-0.386553,0.921960
1830,-2.045830,1.252050,4.529300,-0.011756,-0.379000,-0.925322
1831,-2.151200,1.454650,4.532240,-0.333700,-0.363220,0.869894
1832,-2.144590,1.454640,4.513370,0.281985,-0.363965,-0.887701
1833,-2.140620,1.461470,4.525350,0.878234,0.366615,0.307081
1834,-3.051690,1.643930,4.442150,-0.375272,-0.894998,-0.241141
1835,-3.054220,1.658560,4.438040,-0.527742,0.632886,-0.566519
1836,-3.038580,1.652000,4.442530,0.984906,0.035306,-0.169453
1837,-1.950490,1.652950,4.517390,0.271053,-0.051396,-0.961191
1838,-1.958330,1.646940,4.527630,-0.606713,-0.794660,0.020395
1839,-1.955930,1.662040,4.528440,-0.289141,0.951086,0.108780
1840,-2.055190,1.645440,4.528050,-0.869058,-0.494651,0.007622
1841,-2.041090,1.646540,4.528080,0.920964,-0.389456,0.012195
1842,-2.048290,1.653780,4.537870,-0.020336,0.397958,0.917178
1843,-2.148030,1.352080,4.540470,-0.134960,-0.031208,0.990360
1844,-2.143350,1.360410,4.527530,0.356349,0.810513,-0.464848
1845,-2.156780,1.351620,4.528600,-0.938691,-0.068572,-0.337872
1846,-2.139280,1.345180,4.530750,0.722032,-0.678879,-0.133390
1847,-2.255020,0.946965,4.520620,-0.014211,-0.379678,-0.925009
1848,-2.247720,0.953943,4.530730,0.927538,0.373411,0.015431
1849,-2.255290,0.946835,4.540540,-0.039209,-0.391715,0.919251
1850,-2.261930,0.955380,4.530540,-0.853386,0.521209,-0.008591
1851,-1.847320,1.445700,4.539580,-0.131873,0.121215,-0.983827
1852,-1.840440,1.439150,4.550810,0.717544,-0.689161,0.100934
1853,-1.854390,1.440680,4.555370,-0.793084,-0.349298,0.499008
1854,-2.265700,1.749320,4.505120,-0.681319,0.418542,0.600522
1855,-2.222470,1.750310,4.513160,-0.074649,0.451172,0.889310
1856,-2.229330,1.747980,4.500310,-0.218371,0.299822,-0.928666
1857,-2.659910,2.236200,4.459640,-0.573472,-0.818543,-0.033424
1858,-1.667360,2.235920,4.540750,-0.363721,-0.931272,0.020956
1859,-1.661520,2.244460,4.550900,0.269359,0.094068,0.958435
1860,-1.668350,2.250140,4.539710,-0.503183,0.856960,-0.111475
1861,-2.249710,1.147590,4.526210,0.405745,-0.912178,0.057460
1862,-2.255770,1.154630,4.515440,-0.268039,-0.012077,-0.963332
1863,-2.249480,1.161750,4.525940,0.439230,0.898072,0.023332
1864,-2.347420,1.712770,4.511220,0.078424,-0.070246,0.994442
1865,-2.350370,1.746540,4.494490,0.559774,0.665612,-0.493572
1866,-1.943650,1.339310,4.541930,0.867674,-0.481315,-0.124410
1867,-2.460250,1.748070,4.490060,-0.874373,-0.402574,0.270936
1868,-2.454510,1.754510,4.477430,-0.176648,0.269125,-0.946767
1869,-2.446470,1.747670,4.486860,0.836656,-0.535919,-0.113126
1870,1.019990,1.954740,4.767440,-0.539478,0.755117,-0.372508
1871,1.028940,1.953130,4.778430,0.489943,0.354257,0.796528
1872,1.030330,1.946260,4.762480,0.622335,-0.300193,-0.722899
1873,1.017190,1.941810,4.772770,-0.633622,-0.728980,0.259059
1874,-2.939920,1.740060,4.441070,0.278345,-0.960175,-0.024255
1875,-2.937160,1.754520,4.441690,0.622692,0.780814,0.050834
1876,-2.946920,1.748650,4.451030,-0.430612,0.048328,0.901242
1877,-1.577340,2.239430,4.571750,-0.001287,-0.024392,0.999702
1878,-1.578200,2.230080,4.557140,-0.083277,-0.915806,-0.392891
1879,-1.568800,2.244460,4.557700,0.819802,0.459016,-0.342387
1880,-1.870580,2.349730,4.502890,0.337314,-0.079677,-0.938014
1881,-1.879930,2.345570,4.513650,-0.758389,-0.625441,0.183492
1882,-1.876770,2.360030,4.512350,-0.286402,0.957987,0.015354
1883,-1.866790,2.347340,4.520340,0.632434,-0.281842,0.721521
1884,-1.749260,1.854910,4.535220,0.379243,0.596178,-0.707635
1885,-1.754400,1.851500,4.552440,-0.076988,0.360153,0.929711
1886,-1.748430,1.842280,4.542680,0.670970,-0.735423,-0.094622
1887,-1.655400,2.342560,4.537170,0.892244,0.415253,0.177384
1888,2.086100,2.584980,4.646340,0.547316,0.277603,-0.789545
1889,-1.939790,2.335500,4.513250,0.036462,-0.988897,0.144063
1890,-1.947520,2.347640,4.510900,-0.974050,0.199820,-0.106291
1891,-1.935600,2.350470,4.503000,0.426371,0.403406,-0.809612
1892,-1.990780,2.374940,4.488250,0.151061,-0.578117,-0.801849
1893,-1.955380,2.546670,4.508610,-0.919541,-0.380321,-0.098999
1894,-1.946580,2.557730,4.502510,0.087076,0.743735,-0.662779
1895,-1.940490,2.542950,4.507490,0.694528,-0.692454,-0.195290
1896,-1.946470,2.553070,4.519410,0.097576,0.299309,0.949154
1897,-2.269900,2.059360,4.494780,-0.906906,0.411829,0.088980
1898,-2.262030,2.050370,4.503270,0.040342,-0.519680,0.853408
1899,-2.255440,2.059730,4.494410,0.881519,0.469991,0.045093
1900,-2.328150,2.614400,4.474890,-0.309368,0.941295,-0.135111
1901,-2.048280,2.155100,4.502400,-0.380101,0.021456,-0.924696
1902,-2.048600,2.155620,4.522250,-0.409703,0.069511,0.909567
1903,-2.039310,2.161790,4.512300,0.574283,0.818559,-0.012683
1904,-2.241750,2.176860,4.500620,-0.973170,-0.072742,-0.218285
1905,-2.228750,2.172540,4.494020,-0.080268,-0.642765,-0.761846
1906,-2.233180,2.174770,4.513000,-0.139947,-0.267575,0.953320
1907,-2.356650,1.940260,4.489860,-0.877639,-0.479321,-0.001357
1908,-2.341960,1.940260,4.491820,0.748744,-0.614594,0.248305
1909,-2.346810,1.953020,4.497570,0.091755,0.715116,0.692957
1910,-2.446690,2.143990,4.467470,0.013189,0.443889,-0.895985
1911,-1.947440,1.652360,4.536710,0.534385,-0.102387,0.839017
1912,-1.843120,1.652980,4.531400,0.456272,-0.013713,-0.889735
1913,-1.852040,1.659820,4.540110,-0.513149,0.851894,-0.104663
1914,-1.845300,1.654100,4.551250,0.252843,0.090844,0.963233
1915,-2.351830,2.048780,4.497440,-0.113491,-0.426720,0.897235
1916,-2.358290,2.056680,4.486560,-0.910300,0.389474,-0.140227
1917,-2.348500,2.049530,4.477870,0.194614,-0.357237,-0.913514
1918,-2.063230,2.043010,4.514080,-0.640295,-0.755157,-0.140568
1919,-2.061370,2.056930,4.516180,-0.315452,0.941297,0.120211
1920,-2.053550,2.048860,4.505490,0.461334,0.030844,-0.886690
1921,-2.150860,1.747860,4.525110,-0.577609,0.075500,0.812815
1922,-2.282830,1.678520,4.487020,-0.292190,0.056097,-0.954714
1923,-2.284520,1.671800,4.500010,-0.587536,-0.741245,0.324588
1924,-2.280420,1.684770,4.505640,-0.069112,0.634995,0.769419
1925,-2.458050,2.043720,4.480630,-0.354404,-0.932573,-0.068601
1926,-2.459090,2.057860,4.481150,-0.488178,0.872741,-0.002291
1927,-2.450650,2.051730,4.471530,0.431419,0.065110,-0.899799
1928,-3.053210,1.445050,4.459740,-0.026482,-0.702152,0.711535
1929,-3.052820,1.447980,4.443510,0.010835,-0.472859,-0.881072
1930,-3.047040,1.456240,4.453520,0.832500,0.516304,0.200935
1931,-3.060580,1.460110,4.451570,-0.712465,0.699975,-0.049279
1932,-2.202740,2.197170,4.506020,0.825345,0.454595,0.334886
1933,-2.207720,2.205260,4.494120,-0.028810,0.325818,-0.944993
1934,-2.216920,1.754150,4.495260,0.452085,0.576586,-0.680564
1935,-0.907914,1.367700,4.638850,0.523767,0.851840,-0.006142
1936,-1.857820,1.852710,4.544320,-0.201672,0.378949,0.903175
1937,-1.848220,1.846560,4.535740,0.952907,-0.265770,0.146063
1938,-1.854860,1.852460,4.524570,0.073368,0.355555,-0.931771
1939,-2.356820,0.850890,4.533260,-0.517027,0.037697,0.855138
1940,-2.346890,0.857307,4.524770,0.536182,0.839379,0.089172
1941,-2.353690,0.850984,4.513560,-0.226536,0.046415,-0.972896
1942,-3.205440,0.938550,4.450030,0.501860,-0.773980,-0.386124
1943,-1.531260,1.441630,4.596810,-0.491658,0.654906,-0.573909
1944,-1.518170,1.436940,4.610130,0.719456,0.220765,0.658518
1945,-1.521890,1.429790,4.597340,0.480458,-0.564063,-0.671561
1946,-1.532410,1.431040,4.608130,-0.721138,-0.392061,0.571181
1947,-2.251790,1.454750,4.523930,-0.428622,-0.003747,0.903476
1948,-2.250200,1.454340,4.504000,-0.280039,-0.042064,-0.959067
1949,-2.243470,1.447930,4.514700,0.477277,-0.876969,0.055955
1950,-2.838390,1.351420,4.458380,-0.261431,-0.034659,-0.964600
1951,-2.831950,1.359180,4.469040,0.439708,0.897636,0.030095
1952,-2.832100,1.344860,4.469460,0.445659,-0.891082,0.085795
1953,-3.051850,1.356140,4.452100,0.329629,0.926187,-0.183090
1954,-3.058560,1.348650,4.464090,-0.329350,0.112316,0.937504
1955,-3.050050,1.340740,4.454280,0.590837,-0.804916,0.054974
1956,-3.060310,1.344880,4.445270,-0.514695,-0.244066,-0.821901
1957,-2.372330,1.561500,4.496250,-0.689959,-0.587686,-0.422589
1958,-2.351320,1.540950,4.506260,0.093138,-0.604213,0.791360
1959,-2.368900,1.571180,4.506360,-0.276263,0.553524,0.785678
1960,-1.652450,1.364050,4.557660,0.795267,0.606005,-0.017549
1961,-1.658200,1.355900,4.547600,0.012280,-0.338591,-0.940853
1962,-1.666480,1.362270,4.558540,-0.945524,0.313696,0.087065
1963,-1.656800,1.354640,4.567310,0.141568,-0.455003,0.879165
1964,-2.548330,2.246890,4.487100,-0.090137,0.367442,0.925668
1965,-2.539750,2.240770,4.477340,0.961569,-0.273284,0.026490
1966,-2.547770,2.246920,4.467140,-0.038162,0.370421,-0.928080
1967,-2.553870,2.238210,4.476940,-0.809250,-0.586987,-0.023663
1968,-2.229260,2.184610,4.502620,-0.684844,0.551217,0.476600
1969,-2.365400,2.155340,4.481650,-0.388506,0.912579,0.127526
1970,-2.366290,2.140970,4.480390,-0.559189,-0.828835,-0.018458
1971,-2.356420,2.145910,4.489730,0.513713,-0.131648,0.847802
1972,-2.338120,1.856750,4.494130,0.405697,0.909068,0.094900
1973,-2.346690,1.848520,4.502770,-0.484231,-0.069148,0.872203
1974,-2.337560,1.842240,4.493360,0.485233,-0.874384,0.001391
1975,-2.644340,1.953300,4.464650,0.945916,0.307968,0.101969
1976,-2.658270,1.955040,4.462830,-0.833632,0.536596,-0.130856
1977,-2.653550,1.947550,4.473890,-0.163594,-0.309842,0.936608
1978,-2.651080,1.946550,4.454070,0.066806,-0.403483,-0.912545
1979,-2.846610,2.347270,4.436660,-0.146762,0.241524,-0.959233
1980,-2.854130,2.341190,4.449480,-0.884320,-0.355975,0.302092
1981,-2.840840,2.352810,4.452680,0.388060,0.724789,0.569289
1982,-2.347990,2.249700,4.470730,-0.242453,0.150414,-0.958432
1983,-2.339640,2.253350,4.481760,0.733498,0.673682,0.090187
1984,-2.344750,2.240010,4.481040,0.077617,-0.996982,-0.001786
1985,-2.959990,1.841140,4.443960,-0.914078,-0.300808,0.271984
1986,-2.859300,1.846570,4.449850,-0.878415,-0.470301,-0.084881
1987,-2.541910,1.856230,4.481900,0.461731,0.881864,0.095500
1988,-2.553420,1.845180,4.488900,-0.632562,-0.176796,0.754061
1989,-2.541560,1.841670,4.481190,0.691018,-0.721836,0.038032
1990,-2.555840,1.445510,4.493390,-0.231629,-0.972784,0.006282
1991,-2.559080,1.456160,4.502380,-0.461000,0.302790,0.834145
1992,-2.555770,1.455240,4.482900,-0.155451,0.217815,-0.963531
1993,-2.452270,2.050880,4.491440,0.280401,-0.014258,0.959777
1994,-2.346970,1.948220,4.480360,0.085429,0.312497,-0.946069
1995,-2.644000,1.362810,4.484930,0.470320,0.869939,-0.148345
1996,-2.649240,1.355490,4.496850,-0.131767,-0.024357,0.990981
1997,-2.643290,1.347910,4.484190,0.488598,-0.846902,-0.209832
1998,-2.655940,1.356050,4.478980,-0.750278,0.027389,-0.660555
1999,-2.358500,2.147730,4.470270,0.322063,0.036109,-0.946029
2000,-2.266540,1.964620,4.486490,-0.240034,-0.230734,-0.942945
2001,-2.243190,1.948410,4.500810,0.487445,-0.797090,-0.356434
2002,-2.268990,1.964950,4.506190,-0.539174,-0.159793,0.826896
2003,-2.364860,2.357100,4.479850,-0.778984,0.537011,0.323734
2004,-2.350770,2.355410,4.477240,0.850302,0.517963,0.093275
2005,-2.358060,2.349750,4.466150,-0.104424,-0.178186,-0.978440
2006,-2.355800,2.343000,4.482740,0.107478,-0.808934,0.577991
2007,-2.022920,2.540050,4.511560,-0.769399,-0.128219,0.625767
2008,-2.008060,2.543850,4.509780,0.240204,0.342989,0.908108
2009,-2.016250,2.548870,4.497700,-0.366469,0.733925,-0.571887
2010,-2.013140,2.532780,4.500300,-0.571611,-0.764473,-0.298064
2011,-2.258750,2.139870,4.482390,-0.190306,-0.103079,-0.976298
2012,-2.262300,2.136780,4.501250,-0.517602,-0.387967,0.762607
2013,-2.257730,2.148480,4.494010,-0.136749,0.981351,0.135095
2014,-2.174830,2.344350,4.490850,0.163215,-0.866478,-0.471780
2015,-2.181870,2.359580,4.489250,-0.510486,0.611264,-0.604781
2016,-2.169440,2.356850,4.497360,0.864174,0.456294,0.212130
2017,-1.663310,2.056340,4.544850,-0.392386,0.877379,0.276115
2018,-2.260100,2.337600,4.498880,-0.329889,0.028982,0.943575
2019,-2.249800,2.332120,4.489100,0.792975,-0.607541,0.045663
2020,-2.255210,2.346100,4.486490,0.145332,0.959366,-0.241857
2021,-2.350230,2.249490,4.490560,-0.450700,0.131008,0.883010
2022,-2.182490,2.134540,4.504050,-0.247198,-0.664447,0.705268
2023,-2.146950,2.160630,4.515530,0.150304,-0.367293,0.917881
2024,-2.186030,2.145920,4.495010,-0.683823,0.673471,-0.280756
2025,-2.344600,1.849650,4.483020,-0.290717,0.035463,-0.956152
2026,-1.936020,2.350280,4.519450,0.428021,0.426293,0.796914
2027,0.214021,0.596226,2.994220,0.912835,-0.368130,-0.176671
2028,-1.117470,-0.071389,1.806240,0.975655,0.211516,-0.057946
2029,-2.059650,2.255350,4.503490,0.086849,0.620486,-0.779394
2030,-2.066950,2.244820,4.509870,-0.826353,-0.496435,-0.265883
2031,-2.062590,2.250080,4.522450,-0.184974,0.132985,0.973704
2032,-2.052850,2.245500,4.512240,0.925880,-0.375832,0.038681
2033,-1.120020,-0.088756,1.579340,0.591178,-0.801534,-0.089728
2034,-1.130690,-0.080976,1.587170,-0.584893,0.015445,0.810964
2035,-1.132390,-0.081443,1.571920,-0.630596,-0.031342,-0.775478
2036,-0.966796,-0.060955,1.859490,0.382985,0.910260,-0.157321
2037,-0.973327,-0.070390,1.869580,-0.272271,0.050659,0.960886
2038,-0.966221,-0.080584,1.860690,0.435965,-0.898750,-0.046728
2039,-0.500938,-0.063872,2.048050,-0.965603,-0.111805,0.234754
2040,-0.491261,-0.053835,2.043590,0.230865,0.934575,-0.270688
2041,-0.492900,-0.071139,2.038210,0.054909,-0.709769,-0.702291
2042,-0.487568,-0.063858,2.054010,0.606833,-0.085859,0.790178
2043,-1.448900,0.081939,4.601660,0.744780,0.513570,-0.426085
2044,-0.745806,-0.070248,1.744020,0.563814,0.314357,-0.763736
2045,-0.752880,-0.081174,1.750020,-0.127736,-0.951826,-0.278766
2046,-0.761740,-0.071605,1.755970,-0.918462,0.188144,0.347894
2047,-0.450000,-0.087841,1.459840,-0.229170,-0.950859,0.208203
2048,-0.438102,-0.077837,1.460230,0.967337,0.055096,0.247433
2049,-0.454112,-0.070982,1.462840,-0.580135,0.672011,0.460267
2050,-0.934797,-0.081781,1.372060,0.641156,0.340173,0.687896
2051,-0.940813,-0.079799,1.357730,0.082726,0.616522,-0.782979
2052,-0.951801,-0.085487,1.367350,-0.970388,-0.011174,0.241295
2053,-0.954019,-0.082285,1.476130,-0.336981,0.285352,0.897228
2054,-0.948622,-0.092485,1.467940,0.234760,-0.951107,0.200708
2055,-0.941848,-0.082598,1.460410,0.789411,0.256290,-0.557803
2056,-1.119140,-0.072726,1.581300,0.610671,0.785106,0.103395
2057,-1.141300,-0.079695,1.635820,-0.969933,-0.062291,-0.235266
2058,-1.133140,-0.068944,1.640980,0.034199,0.952145,0.303728
2059,-1.127240,-0.079218,1.632810,0.787842,-0.002930,-0.615871
2060,-1.213390,-0.083859,1.787380,-0.105771,-0.986388,0.125902
2061,-1.221280,-0.070744,1.782730,-0.888220,0.314147,-0.335225
2062,-1.206150,-0.072228,1.780400,0.719806,0.196376,-0.665819
2063,-0.755449,-0.090112,1.254650,-0.512087,-0.361265,0.779266
2064,-0.754479,-0.086832,1.240020,-0.498652,-0.031047,-0.866246
2065,-0.741903,-0.092983,1.245610,0.793102,-0.594605,-0.132039
2066,-1.075490,-0.074156,1.764110,-0.921377,0.018872,-0.388213
2067,-1.065330,-0.084663,1.765630,0.237259,-0.958877,-0.155768
2068,-1.066000,-0.073711,1.774730,0.246296,0.078190,0.966036
2069,-1.127150,-0.077314,2.072850,0.091303,-0.886123,-0.454367
2070,-1.138600,-0.078535,2.104800,-0.309063,-0.853263,0.420026
2071,-1.135190,-0.067339,2.082110,-0.685013,0.565647,-0.459130
2072,-0.862559,-0.088054,1.563220,-0.029960,-0.949666,-0.311829
2073,-0.869132,-0.077627,1.570430,-0.871793,0.030858,0.488901
2074,-0.862435,-0.068086,1.562180,-0.018393,0.912453,-0.408768
2075,-0.852080,-0.083874,1.655360,0.397946,-0.784315,0.475908
2076,-0.939080,-0.094457,1.363000,0.258608,-0.947503,-0.188045
2077,-0.841990,-0.080287,1.473780,0.750615,0.038898,0.659594
2078,-0.856081,-0.080248,1.470060,-0.970678,0.046400,0.235865
2079,-0.847622,-0.090879,1.464780,0.067987,-0.946955,-0.314093
2080,-0.956679,-0.082786,1.461510,-0.749581,0.307171,-0.586323
2081,-0.748760,-0.076173,1.248930,0.157089,0.971555,0.177212
2082,-0.849319,-0.073597,1.721340,0.816201,0.044304,-0.576067
2083,-0.856310,-0.073994,1.733720,-0.047550,-0.004853,0.998857
2084,-0.858971,-0.084110,1.724080,-0.281133,-0.942695,-0.179696
2085,-0.839981,-0.096883,1.254860,0.068108,-0.963064,-0.260517
2086,-0.834201,-0.085992,1.262190,0.818894,0.068522,0.569839
2087,-0.848291,-0.086370,1.259830,-0.961105,0.021227,0.275365
2088,-1.132180,-0.088843,1.642300,0.123357,-0.896130,0.426302
2089,-1.249990,-0.081878,1.873520,-0.222639,-0.950874,0.215105
2090,-1.248220,-0.071079,1.863030,-0.071505,0.086814,-0.993655
2091,-1.238420,-0.069938,1.874530,0.925132,0.186661,0.330589
2092,-0.825683,-0.087715,1.152020,-0.848200,0.286578,-0.445455
2093,-0.816384,-0.084262,1.166210,0.098578,0.527827,0.843612
2094,-0.810528,-0.089234,1.150690,0.773981,0.135835,-0.618468
2095,-0.943609,-0.078842,1.572630,0.387602,-0.268708,-0.881794
2096,-0.941873,-0.079338,1.588550,0.634035,-0.363849,0.682358
2097,-0.957627,-0.078737,1.585720,-0.908363,-0.259034,0.328296
2098,-0.254010,-0.083015,1.458500,0.254563,-0.433909,-0.864245
2099,-0.251356,-0.078711,1.471830,0.714954,0.016780,0.698970
2100,-0.264136,-0.084990,1.471210,-0.712473,-0.572076,0.406339
2101,0.067936,-0.098197,0.493841,0.901957,0.216104,-0.373862
2102,0.058883,-0.098645,0.505099,0.095253,0.252679,0.962850
2103,0.056823,-0.109492,0.495771,-0.144743,-0.962891,-0.227793
2104,0.197957,0.743923,2.992100,0.499097,-0.866546,-0.000590
2105,0.202027,0.734835,2.969530,0.315013,-0.882811,0.348443
2106,0.204348,0.750023,2.967950,0.507631,0.858723,-0.070043
2107,0.209285,0.739106,2.956590,0.694317,-0.214563,-0.686940
2108,-0.731353,-0.089725,1.068620,0.554393,0.335278,0.761733
2109,-0.746814,-0.089892,1.059290,-0.927577,0.366850,-0.070870
2110,-0.737564,-0.101212,1.061640,0.008760,-0.977744,0.209621
2111,-1.027010,-0.083165,1.477930,0.851846,0.027857,0.523052
2112,-1.057170,-0.081493,1.537760,-0.404576,-0.298849,-0.864296
2113,-1.042860,-0.080976,1.550370,0.919483,-0.250826,0.302717
2114,-1.058600,-0.081452,1.553810,-0.615382,-0.338098,0.712035
2115,-1.192280,-0.077340,1.673430,0.991463,0.127745,-0.026131
2116,-1.202360,-0.088781,1.670500,-0.112147,-0.949885,-0.291789
2117,-1.204890,-0.069431,1.669010,-0.345418,0.834591,-0.429120
2118,-1.046320,-0.088481,1.637090,0.083418,-0.932078,-0.352522
2119,-1.054950,-0.078160,1.641550,-0.995255,0.042338,0.087603
2120,-1.045450,-0.068505,1.637380,0.164552,0.931139,-0.325427
2121,-1.133430,-0.064838,2.066600,-0.423782,0.393069,-0.816031
2122,-1.209080,-0.068770,1.795090,0.299088,0.474191,0.828064
2123,-2.258540,1.738530,4.497650,-0.020206,-0.954407,-0.297823
2124,-1.140980,-0.082528,1.729840,0.610396,-0.636369,-0.471647
2125,-1.254140,-0.064504,1.875340,-0.614157,0.687874,0.386834
2126,-0.356517,-0.062563,2.017420,0.070107,-0.029773,-0.997095
2127,-0.357417,-0.052004,2.027700,-0.033648,0.969707,0.241944
2128,-0.348705,-0.067830,2.028780,0.784525,-0.516296,0.343451
2129,-1.125810,-0.070427,1.948690,-0.138473,-0.101265,-0.985175
2130,-1.127770,-0.059309,1.958480,-0.288938,0.947652,0.135905
2131,-1.117660,-0.069453,1.960620,0.888060,0.015162,0.459477
2132,-1.070090,-0.068292,1.945610,-0.225840,0.067302,-0.971837
2133,-1.073490,-0.068975,1.959760,-0.667619,-0.014244,0.744367
2134,-1.063500,-0.059239,1.955550,0.431720,0.888054,0.158046
2135,-1.064380,-0.078992,1.954390,0.350620,-0.935128,0.051011
2136,-0.760217,-0.068258,1.926240,-0.510997,-0.277456,-0.813572
2137,-0.745275,-0.069192,1.934560,0.926728,-0.374837,-0.025928
2138,-0.759577,-0.067904,1.943890,-0.450457,-0.243950,0.858823
2139,-0.833136,-0.074565,1.926130,0.739025,-0.633606,-0.228880
2140,-0.958043,-0.076222,2.039430,0.089412,-0.980982,0.172281
2141,-0.964098,-0.064962,2.031700,-0.646152,0.144256,-0.749452
2142,-0.949781,-0.061687,2.034440,0.859332,0.413664,-0.300716
2143,-0.747473,-0.070658,1.758430,0.538596,0.363977,0.759892
2144,-0.944114,-0.079345,1.771480,0.347338,-0.508012,0.788213
2145,-0.956375,-0.077605,1.758650,-0.830233,-0.376599,-0.410958
2146,-0.942545,-0.074245,1.758280,0.761598,-0.066912,-0.644586
2147,-0.816355,-0.065738,2.019500,0.705072,-0.018909,-0.708883
2148,-0.821114,-0.065174,2.032950,0.112856,0.052679,0.992214
2149,-0.825514,-0.075717,2.024390,-0.326980,-0.942214,-0.072916
2150,1.715160,0.139218,2.893660,-0.898686,-0.437627,0.029097
2151,1.737420,0.131303,2.910200,0.255443,0.160130,0.953471
2152,1.720730,0.153771,2.899120,-0.163852,0.873085,0.459212
2153,1.722520,0.148307,2.882010,-0.019507,0.426927,-0.904076
2154,-0.962660,-0.061697,2.046210,-0.358374,0.427750,0.829818
2155,-1.041690,-0.078813,1.646500,0.699722,-0.041130,0.713230
2156,-1.052320,-0.071117,1.546260,0.066409,0.991007,-0.116167
2157,-0.944500,-0.053851,2.145880,-0.199181,0.951700,-0.233654
2158,-0.939744,-0.070393,2.139620,0.243665,-0.629894,-0.737469
2159,-0.950673,-0.064845,2.153230,-0.833910,-0.178800,0.522135
2160,-0.365434,-0.066716,2.028430,-0.836294,-0.437689,0.330214
2161,0.043600,0.045946,4.698920,0.417837,-0.641547,0.643296
2162,0.043628,0.059890,4.692990,0.778073,0.296703,0.553688
2163,0.030213,0.052969,4.694320,-0.771960,-0.449711,0.449263
2164,0.039020,0.051415,4.681300,0.104725,-0.323670,-0.940356
2165,0.166638,0.259130,3.456430,-0.339839,0.915168,-0.216743
2166,0.161220,0.244871,3.455520,-0.774211,-0.577574,-0.258855
2167,0.170811,0.248794,3.465210,0.163116,-0.316905,0.934326
2168,-0.211355,-0.116889,0.285091,-0.196912,-0.953917,-0.226426
2169,-0.199133,-0.104848,0.284350,0.912383,0.337696,-0.231340
2170,-0.210587,-0.108283,0.296676,-0.093963,0.048089,0.994414
2171,-0.540013,-0.084893,1.243050,0.326953,0.035260,-0.944383
2172,-0.538399,-0.085445,1.257210,0.565651,-0.033755,0.823953
2173,-0.546910,-0.095145,1.251140,-0.386857,-0.921872,0.022203
2174,-0.546840,-0.075246,1.251910,-0.380361,0.920102,0.093476
2175,-0.749288,-0.078829,1.148320,0.321579,0.946025,-0.040284
2176,-0.758148,-0.088805,1.143370,-0.706837,0.031817,-0.706660
2177,-0.753987,-0.089866,1.156940,-0.147355,-0.098424,0.984174
2178,0.057097,-0.054355,1.745000,-0.399363,0.916788,0.003040
2179,0.064703,-0.064353,1.738140,0.432757,-0.008029,-0.901475
2180,0.056881,-0.074131,1.745070,-0.419314,-0.907792,0.009498
2181,0.143948,-0.093347,0.652351,-0.921203,0.131900,0.366042
2182,0.154516,-0.102419,0.649639,0.088256,-0.983805,0.156005
2183,0.157477,-0.088756,0.652068,0.460904,0.758735,0.460313
2184,-0.748178,-0.080383,1.653880,-0.173378,-0.745978,-0.643007
2185,-0.737788,-0.074815,1.665450,0.842700,-0.168056,0.511483
2186,-0.754143,-0.072633,1.666250,-0.782698,0.045866,0.620709
2187,0.525503,-0.077897,0.765980,0.569828,0.785265,-0.242189
2188,0.523914,-0.095614,0.767274,0.435308,-0.891478,-0.125594
2189,0.512918,-0.085925,0.763531,-0.787013,0.049709,-0.614930
2190,0.516582,-0.085800,0.778207,-0.278919,0.053063,0.958847
2191,0.194556,0.655972,3.037380,-0.048068,0.056193,0.997262
2192,0.199976,0.647094,3.003170,-0.374867,-0.905170,-0.200353
2193,0.213870,0.657913,3.005310,0.976703,0.155874,0.147494
2194,-0.791158,-0.021091,4.587590,-0.981088,0.119476,0.152290
2195,0.356449,-0.089521,0.644283,0.984503,0.175364,-0.000504
2196,0.347341,-0.100911,0.648759,-0.048630,-0.909662,0.412493
2197,0.343889,-0.092134,0.638073,-0.533515,-0.145359,-0.833206
2198,0.553838,0.817012,2.819860,0.169724,0.192349,0.966538
2199,0.522890,0.839137,2.804850,-0.325291,0.828651,0.455547
2200,0.521310,0.824139,2.800230,-0.682825,-0.685660,-0.252231
2201,0.227579,0.290999,2.797190,-0.892421,0.195562,-0.406620
2202,0.237707,0.281562,2.800520,0.061043,-0.987463,-0.145568
2203,0.236505,0.292477,2.809580,-0.085318,0.409499,0.908312
2204,0.543791,-0.074244,0.849343,-0.454456,0.890653,-0.014392
2205,0.552968,-0.083324,0.842584,0.525240,0.063581,-0.848575
2206,0.545515,-0.094124,0.848920,-0.294474,-0.954153,-0.053644
2207,0.342187,-0.070637,1.348240,-0.591244,0.440871,0.675325
2208,0.345775,-0.084175,1.340840,-0.304173,-0.952553,-0.011044
2209,0.359335,-0.076036,1.341780,0.995257,-0.058732,0.077549
2210,0.246899,-0.074592,1.724800,0.092724,-0.871973,0.480693
2211,0.238254,-0.065999,1.716420,-0.918506,-0.100356,-0.382459
2212,0.252633,-0.065112,1.715550,0.856899,0.006524,-0.515443
2213,-0.538859,-0.094855,1.048140,0.312433,-0.384787,0.868519
2214,-0.550235,-0.096571,1.035730,-0.775722,-0.532801,-0.338199
2215,-0.536318,-0.091470,1.033800,0.718970,-0.066501,-0.691852
2216,1.035050,-0.057021,1.743150,-0.760479,-0.647454,0.049751
2217,1.040710,-0.039806,1.741340,-0.230110,0.965755,-0.119864
2218,1.049190,-0.052879,1.735130,0.602336,-0.276654,-0.748768
2219,-0.555936,-0.097936,0.853587,-0.217830,-0.174143,0.960325
2220,-0.545207,-0.101624,0.840644,0.803262,-0.515632,-0.298150
2221,-0.552370,-0.086117,0.842754,0.132164,0.985871,-0.102911
2222,-2.248480,2.137310,4.493920,0.907574,-0.406778,0.104115
2223,0.773484,-0.051395,1.874570,0.945688,0.040606,0.322531
2224,0.759415,-0.051627,1.876190,-0.813979,0.014823,0.580705
2225,0.765020,-0.061914,1.868230,-0.044560,-0.941299,-0.334621
2226,0.412584,-0.083488,0.582840,0.410859,0.727643,-0.549300
2227,0.398503,-0.089687,0.588934,-0.986357,0.163286,0.020921
2228,0.411566,-0.090729,0.595590,0.441423,0.073055,0.894320
2229,0.334835,-0.094451,0.556366,-0.461634,-0.258700,0.848510
2230,0.245563,-0.054846,1.722830,-0.030822,0.953934,0.298428
2231,0.234834,-0.099657,0.422967,0.903580,-0.298745,-0.307073
2232,0.225810,-0.111119,0.420026,-0.066170,-0.956318,-0.284740
2233,0.223159,-0.091623,0.418425,-0.391500,0.691020,-0.607634
2234,-0.046762,-0.100453,0.244477,0.538742,0.830459,0.141754
2235,-0.049349,-0.119641,0.241161,0.300060,-0.939690,-0.164156
2236,-0.057142,-0.107571,0.235582,-0.513043,0.212929,-0.831534
2237,-0.253555,-0.087432,1.036120,-0.458496,-0.025556,-0.888329
2238,-0.253155,-0.087140,1.050480,-0.415667,0.010774,0.909453
2239,-0.245997,-0.077178,1.042990,0.358886,0.933006,-0.026475
2240,0.262941,-0.098576,0.447134,0.986932,-0.034116,-0.157484
2241,0.254225,-0.107505,0.456292,0.064415,-0.769508,0.635380
2242,-0.216076,-0.103625,0.281827,-0.659398,0.527922,-0.535250
2243,-0.127331,-0.104887,0.189448,-0.546841,0.836543,-0.034071
2244,-0.114486,-0.112329,0.187812,0.972320,-0.015714,-0.233126
2245,-0.126852,-0.118091,0.181736,-0.396958,-0.543885,-0.739333
2246,-0.054939,-0.089354,0.641027,-0.282754,0.650876,-0.704565
2247,-0.051122,-0.106282,0.646454,0.061180,-0.963575,-0.260345
2248,-0.057036,-0.095513,0.653747,-0.736483,0.171303,0.654407
2249,0.450084,-0.061183,1.565130,0.545161,0.634602,0.547795
2250,0.434119,-0.066776,1.558580,-0.986602,0.159140,-0.035937
2251,0.444101,-0.077935,1.561570,0.018138,-0.964065,0.265045
2252,0.252805,-0.088398,0.452900,-0.015710,0.950630,0.309929
2253,0.343425,-0.089276,0.754890,-0.554295,0.080686,0.828400
2254,0.344241,-0.087469,0.740310,-0.641527,0.331329,-0.691856
2255,0.352143,-0.098252,0.746459,0.316520,-0.946415,0.064134
2256,0.236368,-0.086563,1.041150,-0.523581,-0.335614,-0.783088
2257,0.238916,-0.073954,1.051010,-0.292499,0.938563,0.183152
2258,0.251958,-0.082979,1.047670,0.988490,0.011939,-0.150814
2259,0.348423,-0.096152,0.848862,0.056918,-0.880256,0.471074
2260,0.354870,-0.086788,0.839720,0.866847,-0.016393,-0.498304
2261,0.347680,-0.076331,0.846917,-0.011942,0.956706,0.290812
2262,-0.243735,-0.096116,0.738719,0.494532,0.017834,-0.868977
2263,-0.251695,-0.086270,0.745684,-0.369971,0.929038,-0.003000
2264,-0.244851,-0.096398,0.752832,0.373555,-0.018090,0.927431
2265,-1.660080,2.488780,4.524080,-0.035119,-0.376296,0.925834
2266,-1.667110,2.495900,4.513650,-0.922331,0.382083,-0.057599
2267,-1.658830,2.488820,4.504160,0.080989,-0.372579,-0.924460
2268,0.929846,-0.069110,1.349000,0.874200,-0.483043,-0.049435
2269,0.921186,-0.057376,1.343870,0.070320,0.758002,-0.648450
2270,0.917903,-0.059609,1.358810,-0.251702,0.412665,0.875417
2271,0.445734,-0.077510,0.743960,-0.370563,0.928722,-0.012599
2272,0.445710,-0.097477,0.743723,-0.372795,-0.927267,-0.034629
2273,0.452754,-0.087593,0.751544,0.377160,-0.011421,0.926078
2274,0.426464,-0.097926,0.653044,-0.515194,-0.836899,-0.184864
2275,0.428233,-0.082007,0.661061,-0.428258,0.662272,0.614809
2276,0.433259,-0.085466,0.646811,0.102686,0.326918,-0.939457
2277,0.244787,-0.091033,1.129160,-0.014385,-0.954100,0.299142
2278,0.252727,-0.080138,1.123500,0.951953,0.073217,-0.297364
2279,0.243786,-0.071193,1.130840,-0.107124,0.884157,0.454742
2280,-0.642917,-0.055759,2.019580,0.040589,0.996102,0.078313
2281,0.550334,0.822713,2.804590,0.864559,-0.013453,-0.502351
2282,0.800909,2.453410,4.679640,0.015842,0.408647,0.912555
2283,0.807801,2.450900,4.661750,0.745946,0.314676,-0.586978
2284,0.792697,2.451640,4.666280,-0.437385,0.878323,0.192986
2285,-0.830424,-0.063167,2.128260,0.818791,-0.028158,-0.573401
2286,-0.839461,-0.073411,2.133490,-0.249844,-0.965487,0.073578
2287,-0.842742,-0.055289,2.127910,-0.552633,0.706951,-0.441380
2288,0.467896,-0.062433,1.933600,0.459836,-0.639791,-0.615807
2289,0.460905,-0.045921,1.937910,-0.167975,0.938973,-0.300189
2290,0.467502,-0.055587,1.946180,0.676727,-0.085894,0.731207
2291,2.116380,0.904713,3.247000,0.529182,-0.364428,0.766263
2292,2.103380,0.908501,3.241030,-0.964704,-0.002698,0.263321
2293,2.111840,0.902476,3.230490,0.094557,-0.576962,-0.811279
2294,1.654830,0.841888,2.866270,0.328574,0.936949,-0.119015
2295,1.645000,0.831709,2.866690,-0.936698,-0.343013,-0.070273
2296,1.653580,0.833318,2.877840,0.129958,-0.094992,0.986959
2297,1.140150,-0.033002,1.969410,-0.078978,0.909593,-0.407926
2298,2.552270,1.636130,4.789840,-0.906653,0.252230,0.338172
2299,2.564220,1.634730,4.775170,0.111195,0.139242,-0.983996
2300,2.563470,1.611460,4.794280,-0.308010,-0.509570,-0.803410
2301,1.445180,0.555988,2.829620,-0.350297,0.905024,-0.241294
2302,1.457440,0.543973,2.826640,0.816905,-0.238945,-0.524949
2303,1.443500,0.541452,2.830400,-0.709156,-0.665742,-0.232133
2304,1.375110,0.732152,2.798210,0.610200,-0.276200,-0.742543
2305,1.363380,0.738162,2.803660,-0.869655,0.484975,-0.092194
2306,1.375990,0.742205,2.808960,0.549987,0.718788,0.425274
2307,1.366420,0.724790,2.807580,-0.336096,-0.893622,0.297454
2308,1.563510,0.112425,2.859330,-0.359160,0.242570,0.901201
2309,0.340418,-0.087232,0.840715,-0.921361,-0.072034,-0.381975
2310,1.384510,0.838871,2.822680,0.769549,0.638267,-0.020221
2311,1.368800,0.836152,2.817540,-0.766989,0.372045,-0.522791
2312,1.373790,0.830635,2.832550,-0.279259,-0.167511,0.945492
2313,1.556190,0.454638,2.853430,0.764742,0.243970,-0.596362
2314,1.543250,0.457594,2.858740,-0.570289,0.793242,-0.213395
2315,1.549110,0.450766,2.869860,0.175562,-0.108939,0.978422
2316,1.561690,0.054189,2.860160,0.384027,-0.747330,0.542236
2317,1.555710,0.060212,2.844170,-0.180463,-0.178798,-0.967194
2318,1.563610,0.068546,2.854600,0.680807,0.732163,0.020963
2319,2.254760,0.253122,3.259360,0.928650,-0.347808,-0.128995
2320,1.647880,0.738805,2.871470,-0.283618,-0.559018,-0.779140
2321,1.645910,0.741567,2.887350,-0.514757,-0.325779,0.793028
2322,1.649140,0.753185,2.877430,-0.194071,0.947593,-0.253779
2323,2.234010,0.254991,3.347520,-0.958839,0.098919,0.266162
2324,1.325460,0.260320,2.811520,-0.069361,-0.026276,0.997246
2325,1.338760,0.262822,2.799570,0.976536,0.213360,-0.029221
2326,1.323450,0.266921,2.797030,-0.382122,0.849297,-0.364250
2327,1.542460,0.645819,2.852920,-0.381204,-0.789102,-0.481664
2328,1.551940,0.647307,2.864060,0.592242,-0.446057,0.671031
2329,1.540720,0.657413,2.861800,-0.550381,0.604502,0.575898
2330,1.548120,0.658654,2.848500,0.239983,0.599872,-0.763257
2331,0.825290,-0.061544,1.525760,-0.432220,-0.142517,-0.890435
2332,0.837367,-0.065077,1.534780,0.825149,-0.561726,-0.059935
2333,0.825848,-0.062758,1.544870,-0.380049,-0.255382,0.889012
2334,1.140100,0.357946,2.785810,-0.701250,0.709193,0.072766
2335,1.143350,0.348030,2.775550,-0.231425,-0.380240,-0.895467
2336,1.145790,0.348396,2.795340,-0.005324,-0.346244,0.938130
2337,1.296670,-0.034210,2.003210,-0.118140,0.938024,0.325812
2338,1.305500,-0.045173,1.998490,0.973260,-0.154111,-0.170336
2339,1.292820,-0.045415,1.990770,-0.484725,-0.138005,-0.863711
2340,0.851528,2.371650,4.700570,0.633382,0.760840,-0.141241
2341,0.836798,2.366060,4.700650,-0.933350,0.339293,0.117211
2342,0.843599,2.365540,4.714850,-0.150398,0.079122,0.985454
2343,-0.539788,-0.064029,2.038090,-0.117772,-0.061322,-0.991145
2344,-0.531796,-0.062342,2.050250,0.859057,0.144761,0.490983
2345,-0.540914,-0.073746,2.049040,-0.193811,-0.946070,0.259592
2346,-0.543721,-0.054090,2.048160,-0.453589,0.873229,0.178122
2347,0.815866,-0.069067,1.182890,-0.338686,0.401196,0.851078
2348,0.828824,-0.071711,1.168480,0.861326,0.156332,-0.483402
2349,0.813745,-0.070435,1.167960,-0.666699,0.341911,-0.662276
2350,0.847509,2.254750,4.688990,0.395940,0.917579,-0.035769
2351,0.845799,2.241070,4.683890,0.284014,-0.709106,-0.645372
2352,0.831838,2.245650,4.684230,-0.917083,-0.003141,-0.398684
2353,0.959612,-0.036856,2.689280,0.887227,0.048899,0.458735
2354,0.945034,-0.035186,2.690490,-0.824212,0.222301,0.520824
2355,0.951659,-0.047789,2.683440,-0.091274,-0.974126,-0.206755
2356,-0.119593,-0.055668,2.251100,0.873303,-0.278051,-0.400036
2357,-0.128244,-0.045195,2.255810,0.201601,0.979429,0.008673
2358,-0.132285,-0.056005,2.264380,-0.263327,-0.368207,0.891674
2359,-0.137945,-0.054725,2.251140,-0.847499,-0.235971,-0.475461
2360,-1.652760,2.496740,4.514560,0.869989,0.489874,0.056066
2361,1.521350,2.645140,4.848440,0.077592,-0.050046,0.995728
2362,1.512000,2.645360,4.836020,-0.972278,-0.034395,-0.231284
2363,1.525220,2.637680,4.833240,0.448703,-0.765379,-0.461368
2364,-2.418600,1.511660,4.491430,0.115044,-0.135419,-0.984087
2365,-2.422620,1.503290,4.503100,-0.288800,-0.905463,0.311017
2366,-2.426570,1.518900,4.503410,-0.703463,0.612475,0.360574
2367,-2.197580,2.210450,4.503140,0.773760,0.619889,-0.130509
2368,-2.207860,2.209490,4.513360,-0.127272,0.607089,0.784375
2369,-2.049290,2.349120,4.499850,0.161458,-0.433976,-0.886339
2370,-2.047000,2.361780,4.508600,0.451053,0.887225,-0.096865
2371,-2.047810,2.350490,4.519270,0.297944,-0.307828,0.903588
2372,-1.728110,2.454240,4.525960,0.913059,-0.061549,0.403157
2373,-1.740870,2.447840,4.522140,-0.405461,-0.912408,0.055787
2374,-1.737620,2.457590,4.511510,0.011139,0.255989,-0.966615
2375,-1.743480,2.461540,4.527030,-0.559012,0.647456,0.517983
2376,-1.510560,1.988210,4.596980,0.789673,-0.310990,-0.528869
2377,-1.516400,1.998070,4.605980,0.352639,0.836146,0.420125
2378,-1.523880,1.986710,4.611170,-0.437500,-0.449578,0.778764
2379,-1.525650,1.991830,4.596630,-0.730162,0.027261,-0.682730
2380,-1.854930,2.435580,4.522340,0.040475,0.378060,0.924896
2381,-1.987520,2.517360,4.506510,0.106269,-0.829749,0.547926
2382,-1.985730,2.526830,4.489080,0.189114,0.039449,-0.981162
2383,-1.976260,2.522320,4.498980,0.953354,-0.295305,-0.062531
2384,-2.262320,2.333320,4.480540,-0.536503,-0.368599,-0.759144
2385,-2.053920,2.493390,4.488850,0.314382,-0.160523,-0.935626
2386,-2.049390,2.493700,4.505330,0.746567,-0.129553,0.652574
2387,-2.065090,2.488760,4.500710,-0.765375,-0.608038,0.210929
2388,-1.845560,2.165970,4.511290,0.377487,0.198022,-0.904594
2389,-1.849690,2.156180,4.520650,-0.009220,-0.998809,-0.047916
2390,-1.855860,2.168910,4.520970,-0.776171,0.630494,-0.005908
2391,-2.163400,2.237690,4.504070,-0.948864,-0.274475,-0.155950
2392,-2.154450,2.237890,4.515940,0.093056,-0.193919,0.976594
2393,-2.152580,2.247830,4.505060,0.344132,0.938162,-0.037746
2394,0.644725,2.448840,4.667310,0.226799,-0.489566,-0.841955
2395,0.646334,2.460460,4.676100,0.531248,0.846928,-0.022091
2396,0.644963,2.448700,4.684760,0.255362,-0.515218,0.818132
2397,-1.934150,2.231020,4.514690,0.572516,-0.813110,0.105254
2398,-1.938200,2.245650,4.521650,0.125447,0.654450,0.745626
2399,-1.948240,2.235100,4.513480,-0.924861,-0.379590,-0.023330
2400,-2.054510,2.046060,4.524860,0.372932,-0.227395,0.899563
2401,-1.741370,2.242290,4.537530,0.665015,-0.746793,0.007353
2402,-1.741840,2.256590,4.534910,0.442689,0.860294,-0.252826
2403,-1.749900,2.249530,4.546830,-0.351565,0.164370,0.921621
2404,-1.753820,2.244220,4.530250,-0.679257,-0.330313,-0.655365
2405,1.616200,2.699920,4.777110,-0.583886,0.639645,-0.499931
2406,1.628340,2.692220,4.778760,0.881719,-0.212940,-0.420985
2407,1.616590,2.684350,4.781820,-0.481477,-0.876434,-0.006540
2408,-2.152330,1.853950,4.503040,0.079670,-0.392848,-0.916146
2409,-2.146520,1.862890,4.513000,0.816977,0.576572,0.010625
2410,-2.152880,1.854380,4.522990,0.028640,-0.353008,0.935182
2411,-2.273980,1.821930,4.504500,-0.367702,-0.619562,0.693497
2412,-2.275290,1.835000,4.497700,-0.635719,0.767415,0.083285
2413,-2.269250,1.827820,4.486260,0.070120,-0.074349,-0.994764
2414,-2.244370,1.462060,4.514340,0.363131,0.931685,0.009959
2415,-2.217180,1.739870,4.502340,0.591039,-0.769343,-0.242456
2416,-2.458980,1.860580,4.480650,-0.918319,0.374203,-0.129082
2417,-2.450100,1.853690,4.471800,0.151478,-0.366083,-0.918171
2418,-2.452880,1.853680,4.491600,-0.107168,-0.367063,0.924002
2419,-2.450020,1.757520,4.496390,0.237672,0.546755,0.802852
2420,-2.457810,1.945560,4.478400,-0.420265,-0.903757,-0.081243
2421,-2.457900,1.959730,4.479730,-0.435191,0.896055,0.087718
2422,-2.450680,1.953680,4.469060,0.354929,0.090950,-0.930459
2423,-2.450510,1.951810,4.488970,0.370635,-0.083324,0.925033
2424,0.646506,2.515660,4.694960,0.310283,-0.938596,-0.150869
2425,0.662911,2.536500,4.692150,0.601653,0.004581,-0.798745
2426,0.665997,2.534070,4.707550,0.673452,-0.197041,0.712486
2427,-2.444850,1.861490,4.482640,0.865268,0.486211,0.122108
2428,-2.738050,2.535530,4.457760,0.448404,0.032990,-0.893222
2429,-2.655210,1.757880,4.473210,-0.555453,0.828147,-0.075122
2430,-2.551430,1.846570,4.471650,-0.453449,-0.046558,-0.890065
2431,-1.760590,1.455220,4.558020,-0.490864,0.768879,0.409728
2432,-1.749730,1.448620,4.544630,0.522048,0.153080,-0.839067
2433,-1.760740,1.442040,4.551670,-0.713615,-0.651214,-0.258213
2434,-2.745560,1.846850,4.450010,0.136575,-0.465560,-0.874415
2435,-3.144000,2.056330,4.445510,-0.519473,0.146913,0.841763
2436,-3.133690,2.061460,4.436460,0.573667,0.819078,0.004258
2437,-3.140870,2.054250,4.425940,-0.229629,-0.045843,-0.972198
2438,-2.961260,1.348940,4.453720,-0.888694,0.454829,-0.057912
2439,-2.950410,1.347660,4.444400,0.350354,0.218538,-0.910765
2440,-2.952580,1.337740,4.454300,0.205814,-0.978472,0.015268
2441,-2.049290,1.141860,4.536390,0.001765,-0.914528,-0.404519
2442,-2.052830,1.260180,4.539260,-0.870035,0.492976,-0.003661
2443,-2.048870,1.350110,4.544730,0.289187,0.021777,0.957025
2444,-2.055420,1.342780,4.534400,-0.437131,-0.899356,-0.008677
2445,-2.047330,1.349570,4.524800,0.432546,-0.028567,-0.901159
2446,-2.244610,1.657560,4.504270,0.562077,0.827065,0.005776
2447,-2.257440,1.650320,4.502330,-0.973181,-0.047335,-0.225117
2448,-2.249560,1.648480,4.514790,-0.027767,-0.207089,0.977928
2449,-2.260690,1.747770,4.486090,-0.285785,0.255074,-0.923723
2450,-2.050720,1.854340,4.512040,0.058265,0.337729,-0.939438
2451,-2.261780,1.828750,4.499180,0.966768,0.014886,0.255221
2452,1.870800,1.829660,4.800190,-0.739752,-0.540428,-0.400879
2453,1.850230,1.847630,4.785310,-0.923431,-0.380894,0.046854
2454,-2.225480,2.019780,4.512060,0.243362,-0.269885,0.931632
2455,-2.235300,2.018040,4.500570,-0.827713,-0.537861,-0.159992
2456,-2.222810,2.021470,4.492580,0.489422,-0.113987,-0.864565
2457,-2.151450,2.171530,4.507560,-0.328702,0.931662,-0.154793
2458,-2.151660,2.156370,4.502790,0.453488,-0.313085,-0.834462
2459,-2.179960,2.137160,4.484530,-0.018318,-0.381110,-0.924348
2460,-2.150660,2.235720,4.496670,0.443436,-0.394541,-0.804800
2461,-1.946840,2.150130,4.521510,0.962052,0.267876,-0.051940
2462,-1.960790,2.152600,4.519460,-0.622192,0.699550,-0.351436
2463,-1.956860,2.146350,4.531730,-0.061212,-0.118082,0.991115
2464,-1.959880,2.138930,4.515290,-0.315131,-0.746698,-0.585777
2465,-1.846480,2.165010,4.531230,0.292083,0.108804,0.950184
2466,-1.583480,2.243740,4.559030,-0.799232,0.526553,-0.289775
2467,-1.558360,1.959500,4.562690,0.520685,-0.317521,-0.792507
2468,-1.558320,1.967290,4.575340,0.690805,0.528496,0.493438
2469,-1.568500,1.957230,4.579320,-0.414827,-0.526966,0.741772
2470,-1.947710,1.751020,4.515340,0.091002,-0.382153,-0.919607
2471,-1.941590,1.758310,4.525870,0.908424,0.409020,0.086420
2472,-1.949810,1.751490,4.535220,-0.104927,-0.338201,0.935206
2473,-1.955700,1.758600,4.524370,-0.890659,0.442441,-0.104752
2474,-2.342980,1.674010,4.493740,0.483088,0.609421,-0.628675
2475,-2.362240,1.646450,4.489330,-0.201291,-0.602785,-0.772096
2476,-1.850770,1.757950,4.545970,0.292618,0.071791,0.953531
2477,-1.857860,1.763770,4.535190,-0.512538,0.855805,-0.070020
2478,-1.856650,1.749680,4.535800,-0.342883,-0.939336,0.008861
2479,-2.557370,1.544640,4.484690,-0.710432,-0.491807,-0.503400
2480,-2.431200,1.344600,4.495450,0.446803,-0.592528,-0.670282
2481,-1.954760,1.252510,4.536770,-0.143544,-0.178488,-0.973415
2482,-1.947380,1.259030,4.547530,0.783222,0.618811,0.060298
2483,-1.950730,1.245840,4.552800,0.236829,-0.807757,0.539853
2484,-1.961550,1.258830,4.551010,-0.814350,0.434089,0.385228
2485,-1.745340,1.041630,4.560670,0.896617,-0.433150,0.091972
2486,-1.759720,1.041620,4.560020,-0.889757,-0.456226,0.013815
2487,-1.752360,1.048180,4.549540,0.034648,0.275811,-0.960587
2488,-2.338810,1.548210,4.504380,0.705863,0.633514,0.316888
2489,-2.343580,1.537610,4.494370,0.227403,-0.595450,-0.770537
2490,-2.359500,1.568230,4.495730,0.890495,0.449327,-0.071583
2491,-2.462920,1.559870,4.490950,-0.518846,0.845711,-0.124789
2492,-2.452760,1.553130,4.482960,0.550628,0.012756,-0.834653
2493,-2.461500,1.545420,4.491640,-0.346474,-0.937198,-0.040203
2494,-1.849280,1.757220,4.526050,0.431714,0.003822,-0.902002
2495,-2.465050,1.460760,4.487020,-0.595528,0.470083,-0.651436
2496,-2.441230,1.439490,4.493520,0.494233,-0.560421,-0.664576
2497,-2.454400,1.443460,4.501960,-0.778914,-0.442175,0.444719
2498,-1.851750,1.553500,4.555030,-0.080031,-0.381015,0.921098
2499,-1.843790,1.561380,4.545850,0.879029,0.468092,0.090540
2500,-1.857960,1.560750,4.544450,-0.910062,0.405434,-0.086078
2501,-2.236910,1.862150,4.496090,0.260686,0.526160,-0.809443
2502,-2.233350,1.850960,4.505330,0.754896,-0.653091,0.060035
2503,-2.247980,1.854280,4.502910,-0.943133,-0.250497,-0.218519
2504,-2.240640,1.859590,4.515110,-0.085043,0.288924,0.953567
2505,-1.948560,1.462220,4.548850,0.080513,-0.215898,0.973091
2506,-1.952170,1.457390,4.530700,-0.253235,-0.662285,-0.705160
2507,-1.941000,1.467340,4.535910,0.916140,0.302703,-0.262788
2508,-1.570940,1.966530,4.567540,-0.801055,0.414413,-0.431940
2509,-1.561160,1.647960,4.584740,-0.038993,-0.617850,0.785329
2510,-1.555430,1.652340,4.567030,0.485227,-0.203436,-0.850394
2511,-1.556810,1.662310,4.579820,0.420418,0.827634,0.371846
2512,-1.656120,1.754060,4.536170,0.175129,0.385308,-0.906018
2513,-1.664940,1.746130,4.544420,-0.862451,-0.470479,-0.186621
2514,-1.660180,1.753750,4.555730,-0.202250,0.356732,0.912051
2515,-1.851640,1.943200,4.521590,0.022217,-0.221564,-0.974893
2516,-1.842300,1.944450,4.533510,0.967976,-0.094926,0.232404
2517,-1.859040,1.939350,4.537470,-0.636831,-0.535443,0.554749
2518,-2.144380,2.048380,4.518750,-0.253699,-0.179189,0.950541
2519,-2.150320,2.051920,4.501680,-0.718271,0.155441,-0.678178
2520,-2.136140,2.042460,4.508680,0.601418,-0.793269,-0.094976
2521,-1.659960,1.656580,4.561840,-0.110028,0.461305,0.880393
2522,-1.860800,2.043570,4.524710,-0.795216,-0.588959,-0.144081
2523,-1.847900,2.046470,4.517660,0.586280,-0.197918,-0.785560
2524,-1.852450,2.046670,4.536760,0.145912,-0.169484,0.974672
2525,-1.854240,2.057030,4.525300,-0.019829,0.997061,-0.073999
2526,-2.260030,1.971990,4.497180,0.394746,0.844171,-0.362700
2527,-2.274350,1.973630,4.495370,-0.832500,0.542428,-0.112765
2528,0.630658,2.518290,4.690310,-0.800703,-0.414544,-0.432466
2529,0.641786,2.530280,4.689240,-0.422090,0.330516,-0.844156
2530,-2.344350,2.057290,4.488960,0.837275,0.521983,0.162800
2531,-2.556930,1.261350,4.486330,0.091932,0.499598,-0.861365
2532,-2.564680,1.254260,4.496740,-0.797145,0.591219,0.122558
2533,-2.558510,1.263990,4.506000,-0.041661,0.641076,0.766346
2534,-2.340220,1.711390,4.495180,0.754901,-0.194534,-0.626323
2535,-2.255070,1.547800,4.517910,0.478729,0.190167,0.857120
2536,-2.264680,1.552240,4.504250,0.594940,0.385955,-0.705042
2537,-2.295980,1.559900,4.507370,-0.518681,0.634903,0.572597
2538,-2.293810,1.544340,4.501020,-0.916447,-0.262986,-0.301602
2539,-2.340770,1.663830,4.504150,0.851990,-0.369476,0.370944
2540,-2.339720,1.535930,4.513540,0.360910,-0.456346,0.813322
2541,-2.156810,1.954300,4.518890,-0.255139,-0.271904,0.927886
2542,-2.154590,1.952690,4.499130,-0.049160,-0.421310,-0.905583
2543,-2.146540,1.957510,4.509710,0.993423,0.036923,0.108383
2544,-2.159190,1.963550,4.507800,-0.624666,0.769538,-0.132676
2545,-2.252100,1.546340,4.499140,0.731660,0.072800,-0.677772
2546,-2.260650,1.538990,4.508040,0.048569,-0.993237,0.105460
2547,0.755668,2.433970,4.648100,-0.861476,-0.374515,-0.342924
2548,0.761302,2.437210,4.661400,-0.518795,-0.114620,0.847180
2549,0.763688,2.446180,4.645640,-0.197706,0.759295,-0.619987
2550,-1.749090,1.443540,4.560390,0.635175,-0.350084,0.688473
2551,-1.762850,1.845060,4.542490,-0.948030,-0.303510,-0.095505
2552,-2.262620,2.053350,4.483580,-0.014279,-0.243945,-0.969684
2553,-2.757650,2.252650,4.457500,-0.454121,0.889493,-0.050764
2554,-2.460440,2.354550,4.470700,-0.436913,-0.870753,0.225600
2555,-2.454960,2.362380,4.459630,0.118264,-0.111561,-0.986695
2556,-2.446310,2.366270,4.472630,0.884598,0.264101,0.384365
2557,-2.181270,2.351210,4.504830,-0.453823,-0.182125,0.872282
2558,-1.566830,2.425600,4.563930,0.400747,-0.904448,0.146200
2559,-2.544380,2.347210,4.461930,0.342620,0.006745,-0.939450
2560,-2.552240,2.353580,4.471830,-0.543924,0.838746,-0.025526
2561,-2.543920,2.348120,4.481890,0.385548,0.091451,0.918145
2562,-2.550590,2.339540,4.472430,-0.315313,-0.947649,0.050384
2563,-1.945010,2.047710,4.532030,0.122809,0.345745,0.930257
2564,-2.160480,1.860440,4.512660,-0.954782,0.295452,-0.033165
2565,-1.966430,1.945110,4.523810,-0.246846,-0.965108,0.087370
2566,-1.969390,1.959150,4.521750,-0.633255,0.755504,-0.167933
2567,-1.959050,1.953000,4.513660,0.491699,-0.014937,-0.870637
2568,-1.961410,1.955380,4.533250,0.273601,0.205006,0.939742
2569,-1.743680,1.742800,4.544130,0.401155,-0.915840,-0.017644
2570,-1.752250,1.750480,4.534810,-0.483573,0.005105,-0.875289
2571,-1.742860,1.757520,4.543740,0.504694,0.860837,-0.065139
2572,-1.508870,2.052180,4.601870,0.975055,0.162117,0.151613
2573,-1.520640,2.042340,4.598050,-0.387511,-0.882432,-0.266737
2574,-1.518640,2.056790,4.591980,-0.163146,0.559300,-0.812753
2575,-1.945320,1.849810,4.536860,-0.188288,0.355280,0.915600
2576,-1.939040,1.855890,4.524980,0.427954,0.813125,-0.394566
2577,-1.952720,1.841750,4.526970,-0.844795,-0.485802,-0.224317
2578,-2.135650,2.163090,4.507220,0.989520,0.030856,-0.141062
2579,-2.138590,2.056610,4.508510,0.452565,0.879568,-0.146780
2580,-2.144190,2.543690,4.490260,0.231209,-0.961018,-0.151614
2581,-2.264240,2.459650,4.497960,-0.082816,-0.337357,0.937727
2582,-2.263780,2.458600,4.478100,-0.040288,-0.434692,-0.899677
2583,-2.255510,2.465820,4.487870,0.951855,0.306493,0.005843
2584,-2.461700,2.370440,4.471650,-0.590508,0.733762,0.335996
2585,-3.058490,2.439520,4.428150,0.181256,-0.079008,-0.980257
2586,-3.143600,2.115430,4.432900,0.966886,-0.240994,0.083984
2587,-2.549960,1.754030,4.472680,0.174407,-0.069328,-0.982230
2588,-2.555480,1.762660,4.484320,-0.417465,0.898010,0.138925
2589,-2.543470,1.754420,4.489630,0.786885,-0.032586,0.616238
2590,-2.967530,2.161480,4.433460,-0.854990,0.517208,-0.038578
2591,-2.953430,2.159940,4.433060,0.934428,0.343898,-0.092622
2592,-2.961380,2.151880,4.424500,-0.071178,-0.503110,-0.861287
2593,-2.960500,2.154810,4.444240,0.010571,-0.231062,0.972882
2594,-2.850770,2.050320,4.462180,-0.224068,-0.294049,0.929155
2595,-2.843010,2.057780,4.452830,0.772197,0.634743,-0.028516
2596,-2.857110,2.057500,4.450690,-0.868132,0.435414,-0.238245
2597,-2.844340,2.045430,4.445830,0.370027,-0.681782,-0.631073
2598,-3.052520,1.748040,4.431870,-0.002209,0.477079,-0.878858
2599,-3.049300,1.653390,4.454070,-0.084279,0.173875,0.981155
2600,-3.046740,1.943030,4.442570,0.484220,-0.867288,0.115510
2601,-2.957190,1.644930,4.447510,0.950446,-0.126113,0.284161
2602,-2.966410,1.646350,4.434740,0.023926,0.016593,-0.999576
2603,-2.970930,1.655020,4.448750,-0.402926,0.831352,0.382760
2604,-2.858940,1.749920,4.449960,-0.400376,0.817323,-0.414346
2605,-2.845060,1.740570,4.450810,0.941649,-0.103293,-0.320354
2606,-2.859290,1.734530,4.451730,-0.505227,-0.816934,-0.278143
2607,-2.946200,1.749360,4.431260,-0.363877,0.113845,-0.924464
2608,-2.039380,1.759100,4.522990,0.607348,0.790147,0.082435
2609,-3.146730,1.354630,4.457000,0.029242,0.448686,0.893211
2610,-2.855560,1.742400,4.464540,-0.064407,0.072057,0.995319
2611,-3.052060,1.251920,4.447540,-0.326275,-0.138154,-0.935125
2612,-3.044160,1.247000,4.458250,0.564447,-0.820790,0.087769
2613,-3.052690,1.253620,4.467460,-0.384957,0.020409,0.922709
2614,-3.210100,1.657360,4.430360,0.517680,0.855332,0.020360
2615,-3.217770,1.650840,4.420040,-0.327088,0.031705,-0.944462
2616,-3.218680,1.650920,4.439990,-0.411635,0.039137,0.910508
2617,-1.204850,-0.078480,1.680000,-0.504856,0.000258,0.863203
2618,-3.229330,1.775890,4.436540,0.209057,0.431769,0.877423
2619,-2.840250,1.440080,4.469760,-0.850036,-0.259732,0.458233
2620,-2.271290,1.677560,4.496370,0.992599,-0.041917,-0.113977
2621,-1.064120,-0.064859,1.763720,0.349444,0.875866,-0.332789
2622,-0.948352,-0.068753,1.581520,-0.076040,0.993058,-0.089744
2623,-0.976072,-0.071339,1.855350,-0.657414,-0.065036,-0.750718
2624,-0.950096,-0.063996,1.764650,-0.213360,0.960523,0.178530
2625,0.980542,2.589970,4.717060,0.188468,0.404664,0.894833
2626,0.947278,2.596290,4.708240,-0.718795,0.134286,0.682130
2627,0.973388,2.578770,4.705890,-0.223124,-0.897283,-0.380919
2628,0.958279,2.600750,4.697600,0.041719,0.730773,-0.681345
2629,-2.357660,0.936337,4.520230,-0.926978,-0.367228,-0.076520
2630,-2.351100,0.943235,4.530740,-0.059353,0.377201,0.924228
2631,-2.349330,0.942910,4.510830,0.105664,0.347045,-0.931877
2632,-2.343570,0.935320,4.521500,0.868911,-0.487581,0.085202
2633,0.658419,2.549150,4.700670,0.046390,0.989380,0.137752
2634,0.648877,2.222950,4.460080,0.832802,-0.138015,-0.536091
2635,0.633526,2.216840,4.463690,-0.656350,-0.731123,-0.186183
2636,0.636116,2.233550,4.463440,-0.404677,0.889953,-0.210287
2637,1.655320,0.455024,2.888870,0.754797,0.642478,0.132299
2638,1.647730,0.450571,2.877110,-0.149921,0.057321,-0.987035
2639,1.642540,0.452838,2.895750,-0.628579,0.266392,0.730701
2640,1.859930,2.631050,4.758130,0.509876,-0.832672,0.216063
2641,1.848620,2.639720,4.759760,-0.841003,0.004116,0.541015
2642,1.851760,2.639800,4.745770,-0.273673,0.010405,-0.961767
2643,1.744370,2.046020,4.775200,-0.842166,-0.370972,-0.391327
2644,1.759240,2.051210,4.772120,0.617010,0.127004,-0.776639
2645,1.759200,2.044630,4.786760,0.534277,-0.499968,0.681602
2646,1.141410,1.851310,4.827150,-0.891824,0.406358,-0.198804
2647,0.643981,2.244120,4.610450,-0.003800,0.621080,-0.783738
2648,0.614886,1.613260,4.709740,-0.003157,0.517574,0.855633
2649,0.622396,1.610110,4.697000,0.882150,0.445771,-0.151983
2650,0.608343,1.607920,4.691850,-0.608524,0.534317,-0.586690
2651,-0.914343,0.880418,4.658060,-0.387289,-0.090358,0.917520
2652,2.228060,0.628693,3.504590,0.840468,-0.015358,0.541643
2653,2.219000,0.621741,3.492900,0.035028,-0.783212,-0.620767
2654,2.219110,0.636030,3.495740,0.055607,0.929714,-0.364059
2655,1.865770,1.772540,4.794040,-0.578849,0.808492,-0.106184
2656,2.553500,1.741440,4.764510,-0.328649,0.602399,-0.727396
2657,2.556140,1.739920,4.779970,-0.101117,0.548938,0.829724
2658,2.564070,1.733010,4.769910,0.913123,-0.247487,-0.323970
2659,2.592060,1.777920,4.814950,0.221402,-0.775566,-0.591167
2660,2.578400,1.782700,4.826370,-0.877346,-0.253415,0.407486
2661,2.584470,1.792460,4.814670,-0.501491,0.614352,-0.609162
2662,1.936570,1.730480,4.806000,-0.480655,-0.873794,0.073856
2663,1.947790,1.741070,4.815390,0.526791,0.147589,0.837084
2664,1.949880,1.737270,4.799790,0.809424,-0.242997,-0.534589
2665,1.923510,2.414750,4.774090,0.929598,0.021070,0.367972
2666,1.912240,2.406360,4.776740,-0.418493,-0.762828,0.492906
2667,1.918380,2.414680,4.760730,0.149964,0.007680,-0.988662
2668,1.911240,2.422060,4.773180,-0.584144,0.789924,0.186539
2669,2.524470,1.841990,4.752940,0.801361,-0.517394,-0.300207
2670,1.641450,1.735080,4.855210,0.310093,-0.656241,-0.687888
2671,1.641380,1.749300,4.860160,0.413169,0.849019,-0.329330
2672,1.640840,1.740300,4.872230,0.282927,-0.206443,0.936661
2673,-0.353764,0.749724,4.695060,-0.153347,-0.552186,0.819497
2674,-0.359066,0.760356,4.686150,-0.830949,0.556320,-0.005615
2675,-0.351187,0.753384,4.675680,0.084992,-0.213927,-0.973145
2676,0.743588,0.755684,2.817350,-0.941116,0.333767,-0.053857
2677,0.752430,0.750565,2.828310,0.079936,-0.212244,0.973942
2678,0.758658,0.757934,2.816480,0.803635,0.575811,-0.150373
2679,-0.357006,0.612567,4.660920,-0.513792,-0.577500,-0.634438
2680,-0.343679,0.615630,4.667470,0.910170,-0.408868,-0.066467
2681,-0.354627,0.619141,4.677350,-0.340104,0.010922,0.940325
2682,-0.351173,0.628708,4.665840,0.008126,0.975443,-0.220100
2683,2.655770,1.949640,4.819460,-0.631266,-0.762057,-0.144127
2684,2.661140,1.960830,4.829990,-0.150500,0.310574,0.938559
2685,2.662390,1.966720,4.814870,-0.017546,0.821597,-0.569799
2686,2.552890,1.725280,4.775120,-0.384886,-0.888112,0.251237
2687,2.635190,1.836310,4.840350,0.415369,0.895191,0.161560
2688,1.559610,2.044200,4.851160,0.776035,-0.597648,0.201458
2689,1.545740,2.046120,4.846360,-0.770741,-0.529847,-0.353865
2690,1.555270,2.056610,4.842060,0.347326,0.627524,-0.696834
2691,1.548360,0.747957,2.854990,-0.461938,0.885734,-0.045699
2692,2.232750,0.530129,3.509140,0.914311,-0.028904,0.403980
2693,2.222800,0.523217,3.500740,-0.008250,-0.873084,-0.487499
2694,2.223040,0.537677,3.501500,0.021619,0.910867,-0.412134
2695,0.200297,0.553748,3.033420,0.791902,-0.211226,0.572953
2696,0.191881,0.564600,3.027290,0.016195,0.999845,0.006946
2697,0.181214,0.554093,3.028720,-0.974111,-0.179205,0.137818
2698,1.990400,1.673060,4.827320,-0.966322,0.068101,-0.248163
2699,2.004520,1.663270,4.826240,0.442308,-0.838447,-0.318386
2700,1.999270,1.673190,4.839290,-0.044815,0.081627,0.995655
2701,2.212400,0.649312,3.445120,-0.871977,0.273729,-0.405868
2702,2.220730,0.649184,3.457110,-0.130437,0.344544,0.929664
2703,2.232120,0.649087,3.447970,0.957151,0.252732,-0.141381
2704,2.211230,0.794046,3.462080,0.509131,-0.842682,0.175137
2705,1.851300,1.760410,4.795950,-0.655143,-0.552361,0.515447
2706,-0.857160,1.251800,4.640330,0.246378,0.761850,-0.599069
2707,-0.852541,1.236440,4.646180,0.700276,-0.712491,-0.044400
2708,-0.866498,1.240920,4.644050,-0.868128,-0.368005,-0.333056
2709,-0.772133,0.986385,4.633420,0.110297,-0.342141,-0.933153
2710,-0.563671,0.825066,4.666500,-0.799105,-0.591636,0.106766
2711,-0.869263,1.051120,4.648990,-0.858170,-0.392097,-0.331369
2712,-0.244771,0.375564,4.684740,0.765304,0.293776,0.572718
2713,-0.260782,0.378554,4.680300,-0.779763,0.604581,0.162640
2714,-0.255997,0.362368,4.679990,-0.291437,-0.948315,0.125547
2715,-0.809652,1.105420,4.659740,-0.889281,0.455883,-0.036734
2716,0.078007,1.414840,4.182970,-0.177672,0.432929,-0.883745
2717,-0.917297,0.963249,4.638600,-0.647976,0.102787,-0.754693
2718,-0.906627,0.953285,4.645530,0.405514,-0.909693,-0.089539
2719,-0.914568,0.962766,4.655940,-0.384076,0.056081,0.921597
2720,-0.904450,0.969301,4.645640,0.651450,0.754332,-0.081219
2721,-1.048760,0.722578,4.622190,0.423958,0.018433,-0.905494
2722,-1.566500,0.847467,4.594920,-0.179264,0.022846,0.983536
2723,-1.554590,0.844211,4.586410,0.959093,-0.282711,-0.014644
2724,-1.569960,0.856336,4.583330,-0.459721,0.836273,-0.298837
2725,-0.936093,0.737542,4.638840,0.518269,-0.759832,-0.392495
2726,-0.948884,0.744720,4.641270,-0.985791,-0.012675,-0.167499
2727,-0.937621,0.753694,4.637570,0.319295,0.824419,-0.467316
2728,-0.139158,0.364461,4.688520,0.823867,0.539374,0.174123
2729,-0.148817,0.359388,4.678170,-0.095599,0.083673,-0.991897
2730,-0.153989,0.362278,4.692510,-0.656649,0.395282,0.642311
2731,-0.149373,0.348131,4.688130,-0.127964,-0.982164,0.137768
2732,0.085188,0.643609,4.686010,0.682261,-0.049713,0.729417
2733,0.069819,0.639036,4.680770,-0.818751,-0.514855,0.254108
2734,0.081938,0.640688,4.670950,0.444450,-0.382656,-0.809962
2735,0.074776,0.653641,4.676140,-0.308331,0.928623,-0.206379
2736,-0.254199,-0.090015,0.937124,-0.932727,-0.023149,-0.359839
2737,0.756730,1.755390,4.736960,-0.785549,0.101789,0.610370
2738,0.767998,1.746960,4.732200,0.343738,-0.910625,0.229363
2739,0.770401,1.761620,4.732150,0.565027,0.801382,0.196293
2740,0.764719,1.754020,4.719540,-0.047345,-0.024782,-0.998571
2741,-0.268650,0.950113,4.702880,0.510631,0.092144,0.854849
2742,-0.277788,0.941773,4.694840,-0.437255,-0.887547,0.145148
2743,-0.271123,0.948128,4.683310,0.281753,-0.091445,-0.955119
2744,-0.345040,0.758205,4.687610,0.926047,0.328848,0.185191
2745,-0.278012,0.956478,4.693380,-0.462479,0.886082,-0.031175
2746,1.161770,1.743180,4.836790,0.801044,-0.498815,0.330925
2747,1.154290,1.755600,4.841150,-0.055764,0.747899,0.661466
2748,1.147460,1.744660,4.834230,-0.935294,-0.352124,0.035135
2749,0.038124,0.085390,4.711760,-0.215234,0.273381,0.937517
2750,0.048035,0.084133,4.700600,0.953532,0.289162,0.084627
2751,0.036700,0.090226,4.692930,-0.355614,0.712317,-0.605098
2752,-0.149184,0.569946,4.689250,0.383112,-0.687716,0.616662
2753,-0.066122,0.383195,4.692690,-0.297868,0.954458,-0.016859
2754,-0.068156,0.369054,4.692460,-0.579171,-0.813813,-0.047630
2755,-0.060356,0.374593,4.703070,0.307485,-0.070247,0.948956
2756,-0.058871,0.374712,4.683180,0.444844,-0.059196,-0.893650
2757,-0.050482,0.706812,4.694800,-0.497627,-0.544810,0.674944
2758,-0.045343,0.708587,4.678000,-0.007497,-0.375436,-0.926818
2759,-0.035841,0.713222,4.690680,0.951729,0.070377,0.298764
2760,-0.255921,0.750996,4.696560,-0.080586,-0.986861,-0.140038
2761,-0.049244,0.720433,4.687340,-0.449176,0.892402,-0.043120
2762,0.122191,0.693622,4.515350,-0.008839,-0.985638,0.168640
2763,0.118546,0.707305,4.520420,-0.399740,0.598242,0.694489
2764,0.115902,0.702905,4.505330,-0.589868,0.107926,-0.800255
2765,0.111138,0.583713,4.513370,0.151865,-0.907162,0.392420
2766,0.111136,0.596845,4.499030,0.151634,0.311432,-0.938092
2767,0.115280,0.598443,4.513680,0.652029,0.559098,0.512121
2768,-0.148931,0.752599,4.697740,-0.346019,0.899643,-0.266296
2769,-0.454307,0.649283,4.649660,-0.367585,0.059338,-0.928095
2770,0.017344,0.391455,4.690900,-0.414503,0.058773,-0.908148
2771,1.146000,1.664670,4.845630,-0.356279,0.618791,0.700116
2772,1.159530,1.654590,4.840190,0.923833,-0.334782,0.185618
2773,1.149590,1.662790,4.829160,-0.017318,0.457140,-0.889226
2774,2.575750,1.616110,4.803280,0.923052,0.190779,0.334033
2775,2.567300,1.640410,4.789410,0.499520,0.830547,0.246316
2776,1.954090,1.658450,4.815680,0.721684,0.611034,0.325285
2777,1.953280,1.649820,4.804340,0.413670,-0.382686,-0.826092
2778,1.940890,1.657360,4.810360,-0.869801,0.373178,-0.322776
2779,1.946110,1.648690,4.822380,-0.247681,-0.486637,0.837758
2780,1.857870,1.765290,4.782440,-0.299029,-0.155737,-0.941450
2781,0.069643,0.811828,4.671720,-0.670557,0.713305,-0.203835
2782,0.082085,0.802929,4.665530,0.576332,-0.191379,-0.794491
2783,0.071544,0.796086,4.676180,-0.450108,-0.859589,0.241886
2784,0.081428,0.808300,4.681120,0.542369,0.350242,0.763653
2785,2.204790,0.762030,3.505710,-0.994624,-0.053836,0.088462
2786,2.218510,0.755345,3.503770,0.599478,-0.789273,-0.132943
2787,2.215870,0.765691,3.514850,0.258427,0.298690,0.918695
2788,2.214050,0.767557,3.495550,0.089222,0.472531,-0.876786
2789,2.004970,1.572010,4.827950,-0.531338,0.821254,-0.207900
2790,2.042670,1.727000,4.805930,0.038130,0.989422,0.139967
2791,2.049480,1.700740,4.802040,0.912411,-0.113557,0.393205
2792,2.041740,1.699820,4.787420,0.037138,0.138976,-0.989599
2793,2.033020,1.699610,4.803540,-0.841796,-0.212893,0.496040
2794,2.005130,1.679350,4.825610,0.558418,0.714437,-0.421603
2795,2.208870,0.627946,3.502220,-0.932915,-0.087324,0.349348
2796,2.234870,0.458847,3.345110,-0.007497,0.575986,-0.817425
2797,0.142540,0.028742,4.647150,0.524130,0.148935,-0.838514
2798,0.128785,0.028171,4.653900,-0.960092,0.118654,-0.253268
2799,0.138692,0.033854,4.664120,0.162074,0.630487,0.759090
2800,2.245880,0.560189,3.257480,0.988496,0.092733,-0.119483
2801,2.233490,0.551637,3.262370,-0.424935,-0.809688,0.404767
2802,2.234200,0.559049,3.248410,-0.316963,-0.033900,-0.947832
2803,2.180830,0.869939,3.362370,-0.036988,0.912874,0.406561
2804,2.172540,0.853874,3.358150,-0.810383,-0.585758,0.012915
2805,2.186890,0.856045,3.362530,0.680007,-0.493213,0.542523
2806,2.199830,0.857773,3.174570,-0.292706,-0.893783,0.339816
2807,2.213330,0.869238,3.168850,0.965441,0.174811,-0.193299
2808,2.200040,0.874052,3.177430,-0.299601,0.683965,0.665155
2809,2.232680,0.658840,3.245030,-0.066343,0.981851,0.177672
2810,1.648450,0.558178,2.875550,0.386259,0.217997,-0.896259
2811,1.651630,0.551613,2.891110,0.690887,-0.411052,0.594737
2812,1.639420,0.551182,2.883930,-0.719874,-0.679824,-0.140074
2813,2.159160,0.877076,3.259650,-0.810879,0.350888,0.468351
2814,2.169300,0.881444,3.249620,0.363451,0.697648,-0.617406
2815,2.162540,0.865867,3.250400,-0.288254,-0.800133,-0.526019
2816,2.234070,0.643951,3.338410,-0.000743,-0.683676,-0.729785
2817,1.858150,0.848930,2.916660,0.667674,0.671373,-0.321667
2818,1.857620,0.834568,2.915820,0.445560,-0.837448,-0.316476
2819,1.845020,0.842214,2.916360,-0.926426,-0.161773,-0.339947
2820,2.241860,0.342429,3.339530,0.350752,-0.818073,-0.455774
2821,2.240680,0.356933,3.339140,0.316042,0.695624,-0.645155
2822,2.240020,0.356386,3.353670,0.179647,0.479617,0.858892
2823,1.854600,0.022357,2.871920,0.222997,-0.970291,-0.093851
2824,1.839850,0.052110,2.900810,-0.979654,-0.017736,0.199909
2825,0.455763,-0.059929,1.820730,-0.678444,-0.012673,-0.734543
2826,0.464286,-0.049613,1.827530,0.283982,0.955457,0.080354
2827,0.468600,-0.067058,1.823850,0.687537,-0.676499,-0.263898
2828,0.457723,-0.062537,1.835380,-0.360688,-0.277196,0.890543
2829,1.741450,0.086930,2.912640,0.041536,0.108227,0.993258
2830,1.732580,0.068350,2.889520,0.016941,-0.643851,0.764964
2831,2.249510,0.144945,3.358310,0.270935,-0.951282,0.147165
2832,2.250220,0.157626,3.348610,0.361439,0.335281,-0.870028
2833,2.250660,0.160742,3.364280,0.368251,0.600033,0.710177
2834,1.829380,1.565650,4.787200,-0.084942,0.498055,0.862975
2835,1.825880,1.554030,4.779490,-0.565521,-0.798331,0.207012
2836,1.838490,1.555450,4.772730,0.758129,-0.445783,-0.475939
2837,2.239040,0.442504,3.258980,0.313409,-0.916127,0.249971
2838,0.121369,0.206384,4.569570,0.974656,0.218946,0.045925
2839,0.107501,0.188405,4.575330,-0.282423,-0.775679,0.564410
2840,0.112828,0.179200,4.562220,0.104302,-0.936472,-0.334874
2841,2.212860,0.530464,3.508860,-0.925808,0.002091,0.377987
2842,2.225790,0.539509,3.450860,0.027070,-0.353167,0.935169
2843,2.235140,0.547345,3.443030,0.884217,0.465505,-0.038289
2844,2.215330,0.545757,3.443010,-0.947020,0.318659,-0.040132
2845,1.656490,0.049956,2.876190,-0.180447,-0.769493,0.612633
2846,1.665200,0.062009,2.872650,0.810769,0.476213,0.340403
2847,1.650370,0.064389,2.869800,-0.781704,0.623648,0.001450
2848,2.225030,0.457392,3.452350,-0.355371,0.924110,0.140474
2849,2.222670,0.443415,3.443440,-0.552786,-0.446668,-0.703503
2850,2.227840,0.444087,3.456740,-0.102556,-0.574527,0.812035
2851,1.334890,0.755183,2.791320,0.896139,0.058737,0.439869
2852,1.321460,0.752764,2.796490,-0.594287,-0.179668,0.783928
2853,1.329770,0.748149,2.779600,0.168364,-0.611547,-0.773087
2854,1.331910,-0.012930,2.889030,0.271993,0.384752,0.882035
2855,1.331550,-0.013737,2.869360,0.221366,0.286531,-0.932146
2856,1.321870,-0.015735,2.879480,-0.985006,0.166404,-0.045536
2857,2.225950,0.537759,3.436470,0.044946,-0.545902,-0.836642
2858,1.660390,0.054880,2.860010,0.192551,-0.298449,-0.934801
2859,0.132762,0.704222,4.513900,0.973177,0.229987,-0.005641
2860,1.256410,1.955170,4.823880,0.089348,0.942141,-0.323090
2861,0.121455,0.672516,4.580440,0.911811,-0.378915,0.158192
2862,0.079430,0.462334,4.683370,0.193170,0.784732,-0.588966
2863,0.083556,0.454487,4.695610,0.707066,0.034603,0.706301
2864,0.078252,0.444692,4.685930,0.081407,-0.933413,-0.349446
2865,0.108416,0.210243,4.574590,-0.268232,0.721864,0.637938
2866,-0.118722,0.077258,4.687010,0.780518,0.617741,0.095857
2867,-0.013833,0.131206,4.701380,0.930142,0.259082,-0.260214
2868,-0.018007,0.113229,4.701640,0.245198,-0.945454,-0.214465
2869,-0.029291,0.125294,4.699610,-0.633035,-0.551796,-0.542944
2870,-0.040996,0.152850,4.686710,-0.182173,-0.274345,-0.944218
2871,-0.248887,0.160692,4.686860,-0.935663,0.352392,0.018830
2872,-0.143421,0.200280,4.686420,-0.784305,0.498261,-0.369598
2873,-0.050067,0.159993,4.695290,-0.928107,0.346017,-0.137442
2874,-0.035991,0.161241,4.697080,0.504638,0.862906,0.027081
2875,-0.046065,0.238892,4.685240,0.164265,0.094793,-0.981851
2876,0.099715,0.126766,4.660830,-0.072399,-0.656105,-0.751189
2877,0.097501,0.131138,4.674530,-0.388119,-0.794347,0.467308
2878,0.111292,0.741217,4.683650,0.906661,-0.338743,0.251433
2879,0.095407,0.740462,4.687690,-0.642830,-0.412398,0.645521
2880,0.099417,0.743096,4.670640,-0.237486,-0.146699,-0.960250
2881,0.093016,0.555046,4.617000,-0.772439,0.290739,-0.564631
2882,0.101524,0.541840,4.626630,0.021691,-0.942203,0.334340
2883,0.100841,0.556045,4.629090,-0.061549,0.561807,0.824975
2884,0.103412,0.208514,4.561180,-0.627424,0.386994,-0.675703
2885,0.101052,0.594283,4.509870,-0.991957,0.093313,0.085528
2886,0.109582,0.447316,4.629300,0.942243,-0.310203,0.126301
2887,0.095619,0.445233,4.632370,-0.476479,-0.681048,0.556005
2888,0.092620,0.451251,4.619580,-0.630043,0.054565,-0.774641
2889,0.100343,0.458588,4.629530,0.113731,0.974045,0.195709
2890,0.109562,0.553489,4.617880,0.837374,0.157730,-0.523379
2891,1.350230,1.561410,4.846340,-0.913829,0.362452,0.183153
2892,-1.268400,0.146392,4.599160,-0.220548,-0.241997,-0.944879
2893,0.107941,0.267761,4.321700,-0.960383,-0.274744,-0.046684
2894,0.115298,0.638603,4.644890,0.980170,-0.131090,0.148601
2895,-0.773265,0.155048,4.635950,0.238952,0.249573,-0.938411
2896,-1.332600,0.068696,4.596240,0.394284,0.286961,-0.873037
2897,-1.243390,0.045883,4.619170,-0.056714,0.207473,0.976595
2898,-1.482760,0.366206,4.595770,0.943746,0.330652,-0.003573
2899,-1.492150,0.364655,4.585290,-0.210643,0.087338,-0.973654
2900,-1.493430,0.368505,4.604800,-0.328981,0.443735,0.833590
2901,-1.039010,0.559727,4.619790,-0.730316,0.678909,-0.075638
2902,-1.539080,0.756654,4.593810,0.431388,0.456173,0.778338
2903,-1.854230,0.359248,4.568640,-0.239356,-0.955469,-0.172593
2904,-1.857510,0.373647,4.569340,-0.673428,0.731860,-0.104286
2905,-1.845080,0.369992,4.562210,0.646782,0.205378,-0.734502
2906,-1.513740,0.740761,4.617290,0.248438,-0.225027,0.942147
2907,-1.512850,0.735287,4.599100,0.381876,-0.769996,-0.511152
2908,-1.510990,0.750374,4.604590,0.675765,0.736962,-0.015149
2909,-2.669000,0.260474,4.521260,-0.390692,-0.421133,0.818539
2910,-2.670600,0.270363,4.510600,-0.719160,0.658190,-0.222699
2911,-2.662470,0.261263,4.502530,0.212929,-0.348276,-0.912888
2912,-0.742000,-0.066279,2.042550,-0.984096,-0.008819,0.177419
2913,-0.732577,-0.076169,2.037120,0.121261,-0.922197,-0.367216
2914,-0.728152,-0.066134,2.046430,0.731668,0.009147,0.681600
2915,-1.355220,0.719881,4.579400,-0.185659,0.219498,-0.957785
2916,-1.850230,0.367909,4.580860,0.172128,0.013376,0.984984
2917,-2.445630,0.164547,4.526540,-0.380077,0.113116,-0.918012
2918,-2.435000,0.169769,4.537060,0.726811,0.669002,0.155508
2919,-2.437870,0.154902,4.536390,0.424269,-0.901551,0.084864
2920,-1.563110,0.250011,4.606150,-0.422529,0.276238,0.863227
2921,-1.562140,0.249172,4.586790,-0.333124,0.198901,-0.921665
2922,-1.558700,0.238009,4.597170,-0.019206,-0.998911,0.042524
2923,-2.252450,0.157962,4.556770,-0.396842,0.769017,0.501128
2924,-2.240320,0.145992,4.556630,0.776199,-0.372542,0.508652
2925,-2.245330,0.151893,4.541470,0.273874,0.198428,-0.941074
2926,-1.943780,0.148468,4.563150,-0.334871,-0.017632,-0.942099
2927,-1.944420,0.149497,4.583100,-0.394784,0.078205,0.915439
2928,-1.936150,0.155510,4.573050,0.506915,0.861541,-0.027984
2929,-1.438900,0.241250,4.613210,0.294713,-0.079121,0.952305
2930,-1.410510,0.455896,4.592700,0.646161,0.495947,-0.580097
2931,-2.441150,0.643998,4.529980,0.063375,0.428632,0.901254
2932,-1.570770,0.161847,4.594950,0.873240,0.484022,0.056340
2933,-1.582350,0.161864,4.603440,-0.448729,0.345626,0.824127
2934,-1.578510,0.149766,4.595500,-0.120220,-0.985939,0.116068
2935,-1.579640,0.159242,4.583960,-0.198397,0.103447,-0.974647
2936,-2.151900,0.648282,4.551750,-0.377886,-0.067861,0.923362
2937,-2.152320,0.649396,4.531940,-0.416762,0.035142,-0.908336
2938,-2.144290,0.642474,4.541320,0.473292,-0.878891,-0.059546
2939,-2.835530,0.341544,4.486590,0.345507,-0.931470,0.113970
2940,-2.834090,0.356099,4.485160,0.533057,0.843960,-0.059852
2941,-2.843030,0.350733,4.495270,-0.429587,0.135005,0.892877
2942,-1.562190,0.543067,4.581160,-0.814548,-0.476762,-0.330467
2943,-1.557150,0.550705,4.593460,-0.308533,0.290670,0.905714
2944,-1.549780,0.555801,4.577730,0.380945,0.707514,-0.595235
2945,-1.757380,0.044811,4.590130,0.033678,-0.389446,0.920433
2946,-1.749570,0.052393,4.579130,0.919008,0.377378,-0.114063
2947,-1.763760,0.053406,4.580630,-0.807260,0.586591,0.065137
2948,-1.759500,0.044067,4.570660,-0.161716,-0.457938,-0.874152
2949,-1.551650,0.250925,4.596960,0.869083,0.494180,0.021911
2950,-1.566080,0.064505,4.587420,-0.742494,0.477633,-0.469648
2951,-1.553460,0.054494,4.585630,0.502561,-0.518796,-0.691580
2952,-1.561280,0.052758,4.599720,-0.282896,-0.647067,0.708007
2953,-1.140550,0.147410,4.615470,0.556939,0.605324,-0.568684
2954,-1.154550,0.142712,4.619200,-0.913920,0.252282,-0.317969
2955,-1.145770,0.141649,4.631600,0.108081,0.108570,0.988196
2956,-1.434310,0.335124,4.613300,0.298529,-0.135758,0.944696
2957,-1.444630,0.333033,4.603390,-0.893263,-0.447972,0.037446
2958,-1.434110,0.333054,4.593480,0.317176,-0.327478,-0.890032
2959,-1.436070,0.344624,4.602270,0.178576,0.978808,-0.100231
2960,-1.421620,-0.019291,4.580980,0.043073,0.915363,0.400319
2961,-1.425890,-0.035103,4.584380,-0.359517,-0.626481,0.691570
2962,-1.415250,-0.031097,4.575210,0.903561,-0.357093,-0.236773
2963,-1.439840,0.138917,4.608820,0.655311,-0.754298,-0.040031
2964,-1.155480,0.054081,4.605100,0.186630,0.328438,-0.925904
2965,-1.160980,0.057195,4.618270,-0.427146,0.816136,0.389190
2966,-1.151370,0.047485,4.623440,0.567509,-0.282633,0.773339
2967,-1.427340,-0.027761,4.567740,-0.495517,0.060814,-0.866467
2968,-1.139330,-0.016266,4.566440,0.327199,0.919367,-0.218414
2969,-1.150660,-0.024625,4.570090,-0.967595,0.195179,0.160202
2970,-1.141010,-0.033153,4.576850,0.171704,-0.644078,0.745440
2971,-0.679996,-0.055950,2.328860,-0.277694,0.456008,-0.845543
2972,-0.672956,-0.066766,2.335470,0.408154,-0.911575,0.049402
2973,-0.715383,-0.067115,2.353470,-0.225260,-0.923386,0.310831
2974,-0.705536,-0.054928,2.352550,0.071238,0.419505,0.904953
2975,-1.145010,0.130966,4.620960,0.185397,-0.978148,-0.094099
2976,-0.950763,0.042612,4.633280,0.016607,0.106665,0.994156
2977,-0.642297,-0.079058,1.819800,0.017273,-0.998419,0.053498
2978,-0.651788,-0.068845,1.816220,-0.905791,0.290108,-0.308837
2979,-0.635051,-0.069047,1.812420,0.699402,0.265462,-0.663601
2980,-0.047266,-0.075489,1.751020,-0.055771,-0.995599,-0.075315
2981,-0.044449,-0.064818,1.741670,0.223954,0.246567,-0.942894
2982,-0.039892,-0.062558,1.756810,0.697794,0.490403,0.522101
2983,-0.909975,-0.015053,4.596900,0.732345,-0.344794,-0.587187
2984,-0.025621,-0.059444,1.969330,-0.435612,-0.035774,-0.899424
2985,-0.014619,-0.058640,1.978270,0.968207,0.066809,0.241065
2986,-0.023947,-0.069279,1.979430,-0.162538,-0.944719,0.284760
2987,-1.139660,-0.030382,4.562530,0.391217,-0.510986,-0.765404
2988,-0.906891,-0.022604,4.567040,-0.942038,0.179619,0.283374
2989,-0.898071,-0.021427,4.555070,0.132045,0.256391,-0.957511
2990,-0.897440,-0.033985,4.565120,0.194164,-0.980431,0.032494
2991,-1.161060,0.043517,4.613370,-0.442427,-0.870910,-0.213950
2992,-1.553190,0.066008,4.596520,0.553414,0.699543,0.452076
2993,-1.347700,0.149864,4.600700,-0.368582,-0.069774,-0.926973
2994,-1.339690,0.157286,4.610220,0.514583,0.854716,-0.068302
2995,-1.340100,0.142888,4.611750,0.419479,-0.900307,0.116121
2996,-1.348600,0.151976,4.620330,-0.451689,0.125010,0.883374
2997,-2.546960,1.934960,4.478870,0.638387,-0.769100,0.030771
2998,-1.754010,0.246346,4.573900,0.607090,0.187396,-0.772221
2999,0.238443,0.559240,2.806020,-0.710910,0.034158,0.702453
3000,0.236862,0.554893,2.792490,-0.791823,-0.339948,-0.507397
3001,0.250644,0.551100,2.792430,0.382647,-0.726626,-0.570610
3002,0.267490,0.545388,2.813330,0.464455,-0.882425,-0.074885
3003,-1.855750,0.138055,4.579290,-0.918913,-0.379676,-0.106982
3004,-1.940630,0.241260,4.569070,0.734749,-0.634111,0.240929
3005,-2.050310,0.551819,4.542120,-0.122429,0.026877,-0.992113
3006,-2.044540,0.544081,4.553670,0.510964,-0.851193,0.119940
3007,-2.056980,0.550825,4.559900,-0.736561,-0.065611,0.673182
3008,-2.243120,0.061372,4.554740,0.821024,0.476124,0.315001
3009,-2.259250,0.062625,4.552880,-0.794360,0.594291,0.125736
3010,-2.252430,0.048197,4.556920,-0.116148,-0.841312,0.527924
3011,0.205282,0.093231,3.023410,-0.443078,0.892457,-0.084871
3012,0.216663,0.083932,3.023530,0.914266,0.385853,0.123434
3013,0.203929,0.084793,2.989120,-0.216705,0.174715,-0.960476
3014,0.206514,0.073357,3.022440,-0.326865,-0.929159,-0.172693
3015,-1.727030,-0.027041,4.556580,-0.667698,0.070657,-0.741072
3016,-1.722580,-0.030650,4.574630,-0.255587,-0.263524,0.930178
3017,-1.715930,-0.019183,4.565350,0.409921,0.908532,0.080836
3018,-2.353110,0.349411,4.546050,-0.058035,0.394580,0.917027
3019,-2.358980,0.341153,4.536150,-0.851029,-0.525111,-0.002887
3020,-2.344870,0.342319,4.536380,0.936583,-0.349511,0.025579
3021,-2.249010,0.457365,4.533160,0.658896,0.168101,-0.733211
3022,-2.260710,0.461799,4.540640,-0.587140,0.807170,-0.061186
3023,-2.254200,0.454998,4.551770,0.180512,-0.050087,0.982297
3024,-2.259330,0.447356,4.539190,-0.352945,-0.910812,-0.214130
3025,0.238485,-0.080676,1.121370,-0.816724,0.007594,-0.576979
3026,-0.311797,-0.059707,2.206960,-0.720395,-0.013222,0.693438
3027,-0.307929,-0.049768,2.197590,-0.155503,0.913917,-0.374932
3028,-0.307121,-0.069719,2.198050,-0.080442,-0.939764,-0.332224
3029,-0.298248,-0.059255,2.202750,0.989356,0.043281,0.138928
3030,-0.825991,-0.055765,2.023390,-0.371365,0.913539,-0.165934
3031,-0.631514,-0.058520,1.939780,-0.464788,0.885409,-0.004763
3032,-0.623037,-0.067831,1.932440,0.424623,0.028151,-0.904932
3033,-0.629656,-0.078365,1.940030,-0.292384,-0.956123,0.018437
3034,-0.644671,-0.062443,2.131260,0.785638,-0.005287,0.618664
3035,-0.658744,-0.061848,2.128180,-0.963970,0.070029,0.256628
3036,-0.650907,-0.072625,2.122680,0.022465,-0.946488,-0.321955
3037,-0.649796,-0.052778,2.121440,0.125331,0.890769,-0.436834
3038,-0.149777,-0.073388,1.337460,-0.806953,0.554570,-0.203170
3039,-0.136976,-0.078780,1.333960,0.613838,0.055328,-0.787491
3040,-0.144021,-0.089184,1.340840,-0.255341,-0.959281,0.120756
3041,-0.135980,-0.075446,1.347860,0.509481,0.353344,0.784587
3042,-0.042596,-0.108872,0.555729,0.162378,-0.969777,0.182114
3043,-0.050512,-0.098363,0.548682,-0.771360,0.011790,-0.636290
3044,-0.036080,-0.094913,0.550282,0.856634,0.367559,-0.362048
3045,0.564239,0.813736,2.809590,0.985741,-0.127574,-0.109723
3046,0.021575,-0.077721,1.600550,0.460077,-0.887104,-0.037073
3047,0.021810,-0.062590,1.599740,0.504522,0.853042,-0.133329
3048,0.014430,-0.069188,1.611220,-0.284342,0.063163,0.956640
3049,0.251769,-0.082272,1.351460,0.403200,-0.622601,0.670669
3050,0.252036,-0.076105,1.338410,0.649224,-0.108945,-0.752754
3051,0.246436,-0.065514,1.346470,-0.080828,0.965321,0.248239
3052,-0.143281,-0.091695,1.250260,-0.361281,-0.932360,0.013480
3053,-0.135966,-0.081783,1.243140,0.441327,-0.014331,-0.897232
3054,-0.135984,-0.081497,1.257360,0.426053,0.021771,0.904436
3055,0.350363,-0.079306,1.538310,-0.170210,-0.965592,0.196624
3056,0.353595,-0.063695,1.545150,0.139045,0.532223,0.835108
3057,0.344257,-0.065726,1.530680,-0.762517,0.351168,-0.543369
3058,-0.286432,-0.099447,0.633281,-0.384571,0.123221,0.914834
3059,-0.275614,-0.100558,0.623800,0.968645,-0.012420,-0.248137
3060,-0.286215,-0.091124,0.621199,-0.272600,0.864415,-0.422465
3061,-0.285737,-0.110835,0.624056,-0.228338,-0.960689,-0.157920
3062,0.440572,0.830343,2.793760,-0.541766,0.802424,-0.250211
3063,0.449259,0.819278,2.785380,-0.237942,0.460752,-0.855039
3064,0.453391,0.801279,2.803390,-0.569933,-0.816190,-0.094920
3065,-0.364943,-0.067137,1.845460,-0.410845,0.005120,0.911691
3066,-0.365482,-0.067710,1.830870,-0.476344,-0.065034,-0.876851
3067,-0.356742,-0.076819,1.838230,0.449470,-0.893098,0.018749
3068,1.135360,0.752967,2.771990,-0.448808,0.889187,0.088981
3069,1.145220,0.745522,2.780150,0.566059,-0.002024,0.824362
3070,1.141200,0.745449,2.760650,0.193778,-0.008782,-0.981006
3071,-0.665715,-0.054994,2.331120,0.757099,0.415484,-0.504156
3072,-0.717980,-0.053602,2.343080,-0.478313,0.466592,-0.743981
3073,-0.739551,-0.059269,2.254070,0.109593,0.126835,0.985851
3074,-0.840155,-0.077012,1.252720,0.051907,0.886570,-0.459672
3075,0.204480,0.154828,3.022090,-0.641905,0.752397,-0.147841
3076,0.185112,0.155242,3.048180,-0.973322,0.206681,-0.099638
3077,0.200535,0.158203,3.045240,0.506191,0.861339,0.043197
3078,0.640697,0.050742,2.829310,-0.816091,-0.306619,-0.489878
3079,0.654189,0.049427,2.833530,0.793674,-0.604087,-0.071839
3080,0.646147,0.053445,2.844520,-0.225499,-0.023829,0.973952
3081,-0.245134,-0.084574,1.559160,-0.096297,-0.954344,-0.282762
3082,-0.243556,-0.064804,1.557100,0.050047,0.879183,-0.473849
3083,-0.236683,-0.074548,1.565350,0.920255,-0.032847,0.389937
3084,-0.622882,-0.067630,1.947010,0.449937,0.053551,0.891453
3085,-0.754463,-0.058161,1.934670,0.050210,0.998499,-0.021889
3086,-0.648904,-0.095604,1.250460,-0.024595,-0.921261,0.388167
3087,-0.649301,-0.075646,1.250130,-0.061467,0.931844,0.357615
3088,-0.655130,-0.085876,1.242220,-0.847594,-0.025574,-0.530029
3089,-0.542301,-0.071109,1.724540,0.451104,-0.323782,-0.831667
3090,-0.541638,-0.070182,1.739140,0.664730,-0.308048,0.680618
3091,-0.556274,-0.069943,1.738710,-0.847482,-0.215455,0.485132
3092,-0.339819,-0.088018,1.466050,-0.415344,-0.908289,-0.050004
3093,-0.338723,-0.068074,1.465700,-0.313459,0.946007,-0.082548
3094,-0.330905,-0.078602,1.460360,0.580457,-0.046160,-0.812982
3095,0.945016,0.841336,2.828070,-0.439631,0.673324,0.594440
3096,0.959904,0.834377,2.817730,0.915214,0.396010,-0.074553
3097,0.944694,0.834184,2.814190,-0.789806,0.383804,-0.478436
3098,-0.134144,-0.107956,0.583777,0.498778,-0.857423,0.126675
3099,-0.133124,-0.090921,0.580615,0.614648,0.768853,-0.176276
3100,-0.143516,-0.097501,0.589445,-0.494761,0.162208,0.853757
3101,0.335843,-0.080023,1.149500,-0.824209,-0.021749,0.565868
3102,0.339654,-0.072278,1.138090,-0.197963,0.704986,-0.681033
3103,0.343214,-0.090154,1.142590,0.132764,-0.955631,-0.262952
3104,0.243471,-0.090188,0.752062,-0.367215,-0.011618,0.930064
3105,0.249102,-0.079711,0.743972,0.250964,0.966043,-0.061461
3106,0.242563,-0.090818,0.737825,-0.489342,-0.092027,-0.867223
3107,0.156536,-0.091537,0.751818,0.770372,-0.116774,0.626810
3108,0.150298,-0.083183,0.739504,0.096785,0.743356,-0.661857
3109,0.141796,-0.088382,0.752193,-0.755405,0.206540,0.621855
3110,0.148374,-0.099200,0.739803,-0.090960,-0.813927,-0.573802
3111,0.358516,-0.085040,0.742926,0.837836,0.471441,-0.275272
3112,-0.051093,-0.100987,0.847224,0.367344,-0.929182,0.040976
3113,-0.058265,-0.091258,0.839627,-0.410568,-0.032587,-0.911248
3114,-0.051085,-0.081014,0.846506,0.368064,0.929441,-0.025840
3115,-0.058650,-0.090746,0.853888,-0.452714,0.032194,0.891074
3116,0.158717,-0.094155,0.638896,0.455690,0.056542,-0.888341
3117,0.343887,-0.081523,0.647588,-0.367268,0.878864,0.304485
3118,-0.052195,-0.085125,1.048530,-0.399481,0.005140,0.916727
3119,-0.044540,-0.094919,1.041470,0.419335,-0.907701,0.015429
3120,-0.045671,-0.074974,1.040870,0.314147,0.948514,-0.040412
3121,-0.052718,-0.085588,1.034250,-0.461098,-0.052974,-0.885766
3122,0.319105,-0.086803,0.468868,0.447300,0.891636,0.070055
3123,0.311992,-0.096255,0.460697,-0.293004,0.025411,-0.955773
3124,0.309198,-0.096187,0.474799,-0.603483,0.031515,0.796753
3125,0.317872,-0.106636,0.468719,0.333362,-0.941117,0.056286
3126,-1.208160,-0.075088,1.947410,0.243787,-0.554622,-0.795589
3127,-1.213880,-0.059489,1.954870,-0.298454,0.940797,-0.160708
3128,-1.204710,-0.069103,1.959770,0.881773,-0.045692,0.469457
3129,0.148288,-0.114669,0.344033,-0.117104,-0.924115,0.363727
3130,0.158439,-0.103727,0.339796,0.994087,0.103473,-0.032923
3131,0.146267,-0.095195,0.344245,-0.303536,0.872333,0.383278
3132,0.456569,-0.075466,0.841596,-0.350892,0.936318,0.013572
3133,0.465325,-0.085192,0.836062,0.675627,0.057837,-0.734971
3134,0.455286,-0.094842,0.838892,-0.469245,-0.850990,-0.235851
3135,-0.043504,-0.088015,1.342830,0.006559,-0.921024,-0.389451
3136,-0.044217,-0.068043,1.343410,-0.059924,0.940156,-0.335434
3137,-0.036201,-0.077952,1.349890,0.931204,0.022684,0.363793
3138,-0.251674,-0.106247,0.745286,-0.368022,-0.928955,-0.040017
3139,-0.249867,-0.091984,0.543576,-0.144840,0.969299,-0.198698
3140,-0.254546,-0.104272,0.551913,-0.697071,-0.197400,0.689293
3141,-0.240674,-0.102668,0.547526,0.973179,-0.021209,0.229068
3142,-0.149275,-0.094167,0.442713,-0.014193,0.837856,-0.545707
3143,-0.142803,-0.102188,0.452769,0.828425,0.140094,0.542297
3144,-0.147875,-0.113596,0.445595,0.114857,-0.953089,-0.280053
3145,0.167256,-0.098994,0.467313,0.307714,0.003387,-0.951473
3146,0.168627,-0.089454,0.478186,0.355095,0.885256,0.300383
3147,0.166966,-0.109272,0.477578,0.201419,-0.948590,0.244146
3148,0.157005,-0.098451,0.477595,-0.944184,0.069239,0.322060
3149,0.056232,-0.094768,0.443484,0.584625,0.811237,-0.010383
3150,-0.157143,-0.103319,0.452106,-0.917671,-0.007157,0.397276
3151,0.209769,-0.095978,0.287793,0.291218,0.864520,-0.409630
3152,0.209319,-0.105074,0.299963,0.313642,-0.004384,0.949531
3153,0.210950,-0.113358,0.287323,0.403904,-0.793927,-0.454470
3154,0.196504,-0.105724,0.291816,-0.997403,-0.067031,-0.026354
3155,0.143232,-0.091482,0.434224,-0.240662,0.941445,-0.236142
3156,0.143076,-0.102068,0.443790,-0.366281,-0.051397,0.929084
3157,0.154183,-0.101831,0.434836,0.973718,-0.017584,-0.227077
3158,0.221781,-0.100853,0.430014,-0.682710,-0.468389,0.560820
3159,0.044180,-0.113133,0.198941,-0.630770,-0.076016,0.772237
3160,0.052387,-0.102236,0.189161,0.173897,0.966776,-0.187362
3161,0.046573,-0.117497,0.182910,-0.381027,-0.490013,-0.784032
3162,0.142559,-0.111232,0.432866,-0.302802,-0.881824,-0.361521
3163,0.271522,-0.092433,0.384583,0.494556,0.754786,-0.430943
3164,0.270317,-0.108046,0.385919,0.436986,-0.828695,-0.349724
3165,0.255973,-0.101770,0.387276,-0.975956,-0.128225,-0.176262
3166,-0.227210,-0.106654,0.344589,0.628704,-0.146934,-0.763637
3167,-0.229206,-0.095615,0.354051,0.284042,0.909202,0.304422
3168,-0.231844,-0.115133,0.355635,0.040607,-0.891818,0.450569
3169,-0.240682,-0.104398,0.349952,-0.987578,0.125846,-0.094087
3170,-0.146178,-0.099394,0.574660,-0.653639,-0.054415,-0.754848
3171,0.953188,-0.070839,1.439890,-0.283140,-0.911409,0.298605
3172,0.256456,-0.092993,0.637222,0.566664,-0.112449,-0.816239
3173,0.247600,-0.082200,0.642337,-0.378969,0.911262,-0.161195
3174,0.254213,-0.091165,0.651093,0.335472,0.117634,0.934677
3175,0.125501,-0.116800,0.181941,0.208637,-0.250329,-0.945413
3176,0.121957,-0.104812,0.192090,-0.138833,0.990316,-0.000239
3177,0.130095,-0.117115,0.196690,0.779524,-0.342514,0.524430
3178,0.257148,-0.092605,0.538380,0.927491,0.264954,-0.263744
3179,0.242726,-0.094341,0.534974,-0.636376,0.117792,-0.762333
3180,0.243266,-0.088953,0.548877,-0.409808,0.572981,0.709754
3181,0.440665,-0.089393,0.659850,0.865890,-0.106598,0.488745
3182,0.647295,-0.086875,1.049960,-0.531800,-0.840934,0.100096
3183,0.656503,-0.078754,1.041000,0.399313,-0.112366,-0.909903
3184,0.657727,-0.077797,1.056020,0.548152,-0.001876,0.836376
3185,-0.456540,-0.078420,1.832730,-0.002700,-0.939287,0.343123
3186,-0.449881,-0.068344,1.824950,0.852157,-0.010174,-0.523187
3187,-0.455695,-0.058563,1.833720,0.075458,0.897415,0.434686
3188,-0.441452,-0.089508,0.673966,0.251723,0.851124,0.460678
3189,-0.437424,-0.100482,0.663849,0.643252,-0.752825,-0.139577
3190,-0.425648,-0.093534,0.631111,0.700838,0.708266,0.084762
3191,0.247433,-0.077594,0.846479,-0.121628,0.933487,-0.337355
3192,0.249060,-0.097469,0.845677,0.029347,-0.910812,-0.411777
3193,0.242004,-0.088384,0.854542,-0.832385,-0.090219,0.546805
3194,-0.675171,-0.074804,1.661230,-0.442165,-0.373235,0.815589
3195,-0.675356,-0.072886,1.647080,-0.655587,-0.279908,-0.701325
3196,-0.661082,-0.073096,1.647370,0.858976,-0.215515,-0.464450
3197,-0.668970,-0.062730,1.654830,0.166087,0.943850,0.285592
3198,-0.446912,-0.075769,1.965380,0.249720,-0.936050,-0.247891
3199,-0.447291,-0.055836,1.964360,0.214587,0.914625,-0.342658
3200,-0.446120,-0.065254,1.975160,0.439191,0.054434,0.896743
3201,-0.457487,-0.065922,1.966380,-0.977870,-0.029322,-0.207150
3202,0.154401,-0.054425,1.807700,-0.282261,0.856179,0.432765
3203,0.152403,-0.064010,1.796950,-0.640225,-0.038764,-0.767208
3204,0.157108,-0.073982,1.806430,-0.032475,-0.948353,0.315552
3205,1.449170,0.353411,2.847460,-0.056892,-0.219846,0.973874
3206,1.458830,0.360627,2.839900,0.858918,0.512070,0.006626
3207,1.444850,0.360458,2.835260,-0.561903,0.627756,-0.538690
3208,-0.055615,-0.065361,1.757100,-0.832970,0.195207,0.517741
3209,0.062087,-0.084598,1.238900,0.752817,-0.487992,-0.441735
3210,0.048530,-0.079633,1.238870,-0.755832,-0.035461,-0.653805
3211,0.056265,-0.069432,1.245550,0.215430,0.958766,0.185359
3212,-0.151344,-0.066978,1.438910,-0.191564,0.964011,0.184353
3213,-0.143215,-0.080680,1.444050,0.610929,-0.342345,0.713839
3214,-0.146303,-0.077316,1.430630,0.428767,-0.006464,-0.903392
3215,-0.056302,-0.090371,1.247130,0.259359,-0.964998,-0.038887
3216,-0.062382,-0.080620,1.238600,-0.373340,0.049689,-0.926363
3217,-0.050716,-0.073305,1.250650,0.693009,0.668492,0.269919
3218,0.349843,-0.077113,1.149980,0.834229,0.285060,0.472020
3219,0.043960,-0.076798,0.942650,0.325472,0.945551,0.000618
3220,0.036648,-0.086954,0.949573,-0.482498,-0.000359,0.875897
3221,0.044798,-0.096764,0.943104,0.403581,-0.913937,0.042900
3222,0.359011,-0.068678,1.531960,0.844356,0.081993,-0.529471
3223,-0.660303,-0.075037,1.353080,-0.831442,0.549203,0.084138
3224,-0.648287,-0.080604,1.359470,0.379283,0.049281,0.923968
3225,-0.646982,-0.077203,1.345220,0.477628,0.420839,-0.771211
3226,0.049700,-0.075045,1.458010,0.873895,-0.003391,-0.486103
3227,0.037618,-0.067720,1.470810,-0.243428,0.673967,0.697504
3228,0.039865,-0.083292,1.467640,-0.041085,-0.883558,0.466516
3229,-0.052742,-0.076489,1.407460,-0.875492,0.010143,-0.483127
3230,-0.045636,-0.086644,1.415340,-0.008588,-0.932260,0.361688
3231,-0.045775,-0.066788,1.416010,-0.021443,0.905568,0.423659
3232,-0.038068,-0.076405,1.408030,0.909962,0.020342,-0.414192
3233,-0.544101,-0.080657,1.040580,-0.195292,0.973280,0.120780
3234,-0.702260,-0.093830,0.990492,0.980088,-0.180099,0.083620
3235,-0.715518,-0.092051,0.997033,-0.329518,-0.022781,0.943875
3236,-0.717873,-0.098813,0.983977,-0.485561,-0.680135,-0.549224
3237,0.144671,-0.113926,0.239323,0.188131,-0.491730,-0.850181
3238,0.148236,-0.110800,0.252686,0.766393,-0.301368,0.567292
3239,0.134389,-0.109626,0.255499,-0.760551,-0.095006,0.642290
3240,0.462740,-0.086956,0.849922,0.265979,-0.150501,0.952158
3241,-0.251105,-0.073314,1.566140,-0.865927,0.119772,0.485619
3242,-0.249060,-0.083354,0.844531,0.013683,0.802467,-0.596540
3243,-0.242303,-0.090844,0.854727,0.867743,0.141759,0.476368
3244,-0.248792,-0.102640,0.849782,0.038640,-0.993449,-0.107548
3245,-0.249172,-0.110864,0.538873,-0.080793,-0.770642,-0.632126
3246,-0.508819,-0.110088,0.698460,-0.201681,-0.968797,0.144073
3247,-0.515215,-0.094262,0.693944,-0.797134,0.533862,-0.282079
3248,-0.500754,-0.101691,0.683639,0.366784,-0.133166,-0.920726
3249,0.866496,-0.062704,1.430420,0.756475,0.027007,-0.653465
3250,0.861212,-0.052967,1.439770,0.070192,0.921345,0.382356
3251,0.861802,-0.072867,1.439630,0.124810,-0.920848,0.369406
3252,-0.226240,-0.108654,0.594121,0.438970,-0.794032,0.420499
3253,-0.228043,-0.090049,0.592154,0.271641,0.932519,0.237951
3254,-0.240351,-0.100792,0.591626,-0.974701,-0.072120,0.211557
3255,-0.417211,-0.109818,0.578116,-0.421845,-0.804411,-0.418295
3256,-0.415380,-0.101474,0.590912,-0.333185,-0.073957,0.939956
3257,-0.414885,-0.092221,0.578630,-0.241952,0.873831,-0.421757
3258,-0.402658,-0.100546,0.582308,0.998388,0.029290,-0.048621
3259,-0.748341,-0.098638,1.146480,0.409240,-0.887783,-0.210625
3260,-0.258122,-0.068417,1.464660,-0.153899,0.967211,-0.202034
3261,0.266921,-0.098812,0.398320,0.067280,0.171535,0.982878
3262,-0.451281,-0.099249,0.668807,-0.928253,-0.317120,0.194375
3263,-0.430581,-0.110577,0.629342,0.262605,-0.964366,-0.032194
3264,-0.443660,-0.107308,0.678558,0.011976,-0.739272,0.673301
3265,-0.314045,-0.099665,0.471396,0.901608,0.363353,0.234684
3266,-0.327532,-0.103174,0.474713,-0.601259,0.027160,0.798592
3267,-0.322386,-0.113591,0.466332,0.079983,-0.964394,-0.252086
3268,-0.140647,-0.097326,0.642382,0.759618,0.024599,-0.649905
3269,-0.146322,-0.097423,0.655686,0.106413,0.014683,0.994214
3270,-0.150891,-0.107607,0.646486,-0.345039,-0.928875,-0.134684
3271,0.048946,-0.095628,0.495045,-0.851727,0.453394,-0.262671
3272,0.251553,-0.099531,0.744692,0.478984,-0.877806,0.005521
3273,0.156910,-0.097726,0.537697,0.673087,-0.079116,-0.735319
3274,0.156355,-0.091465,0.550471,0.402216,0.549340,0.732426
3275,0.150146,-0.106709,0.546428,-0.195747,-0.918695,0.343048
3276,0.143675,-0.092538,0.538464,-0.799473,0.435403,-0.413844
3277,-0.065423,-0.110291,0.513827,0.171020,-0.969591,-0.175059
3278,-0.069116,-0.098935,0.524436,-0.221341,0.250428,0.942494
3279,-0.075537,-0.098946,0.509809,-0.812645,0.226489,-0.536946
3280,-0.351915,-0.099008,1.044100,-0.089977,-0.956525,0.277424
3281,-0.357290,-0.088104,1.036770,-0.822284,0.079854,-0.563447
3282,-0.343251,-0.088749,1.038750,0.955839,-0.003607,-0.293869
3283,-0.122328,-0.114375,0.200357,0.020623,-0.200874,0.979400
3284,0.058076,-0.115996,0.193007,0.878163,-0.424679,0.220177
3285,-0.056208,-0.109690,0.349476,-0.811890,-0.248618,0.528227
3286,-0.041583,-0.109573,0.347396,0.880852,-0.287191,0.376326
3287,-0.048014,-0.096553,0.344684,0.043353,0.998822,0.021807
3288,-0.441403,-0.099352,0.625123,-0.860543,0.200469,-0.468271
3289,-0.042765,-0.095521,0.653042,0.905677,0.123955,0.405444
3290,0.044393,-0.109366,0.349977,-0.395236,-0.305198,0.866396
3291,0.047608,-0.096348,0.345085,0.021714,0.988267,0.151188
3292,0.043388,-0.107530,0.335857,-0.464144,-0.054157,-0.884103
3293,-0.149520,-0.096483,0.344503,-0.018981,0.896775,0.442080
3294,-0.156280,-0.105945,0.335877,-0.874842,0.028427,-0.483574
3295,-0.149510,-0.116358,0.343318,-0.018056,-0.942961,0.332414
3296,0.145538,-0.105002,0.334001,-0.550264,-0.047988,-0.833611
3297,0.055275,-0.114457,0.342185,0.725426,-0.678507,-0.115692
3298,0.223927,-0.093151,0.352617,-0.122908,0.973443,-0.193139
3299,0.216073,-0.108072,0.353876,-0.881239,-0.467221,-0.071575
3300,0.228003,-0.104062,0.362283,0.341667,-0.101044,0.934374
3301,0.232354,-0.107539,0.348209,0.679682,-0.409095,-0.608829
3302,0.141788,-0.100229,0.245777,-0.095344,0.945316,-0.311908
3303,-0.141809,-0.105967,0.336356,0.911945,0.024824,-0.409561
3304,-0.027534,0.053405,0.166437,0.445648,0.014531,0.895090
3305,-0.029722,0.046404,0.153874,0.335970,-0.869187,-0.362820
3306,-0.031189,0.059661,0.148066,0.108577,0.591425,-0.799016
3307,-0.040556,0.054731,0.158865,-0.953154,0.172596,0.248410
3308,0.050085,-0.085335,0.643468,-0.019224,0.888466,-0.458540
3309,0.050041,-0.105213,0.645274,-0.023290,-0.956461,-0.290930
3310,0.043255,-0.094533,0.652367,-0.870627,0.046409,0.489750
3311,-0.049035,-0.113006,0.445869,-0.139378,-0.963719,0.227638
3312,-0.042335,-0.098716,0.450685,0.532975,0.403566,0.743688
3313,-0.056044,-0.096297,0.441826,-0.792000,0.592106,-0.148817
3314,0.054891,-0.099537,0.553907,0.457759,-0.265027,0.848656
3315,0.049060,-0.088315,0.546037,-0.126637,0.986135,0.107242
3316,0.041906,-0.102991,0.544505,-0.797752,-0.600085,-0.059064
3317,-0.156937,-0.091551,0.532349,-0.384346,0.840495,-0.381897
3318,-0.144525,-0.099510,0.534918,0.973604,0.134236,-0.184596
3319,-0.153937,-0.111108,0.533953,-0.107177,-0.966383,-0.233702
3320,0.054763,-0.097592,0.535875,0.445420,-0.077320,-0.891977
3321,-0.057950,-0.096471,0.513281,0.862461,0.462202,-0.206228
3322,-0.152192,-0.102032,0.848953,-0.222476,-0.962817,-0.153258
3323,-0.158550,-0.090344,0.854326,-0.880953,0.247670,0.403213
3324,-0.145786,-0.086384,0.841653,0.365707,0.545546,-0.754081
3325,-0.346489,-0.112521,0.549963,0.305693,-0.951983,-0.016712
3326,-0.355370,-0.102641,0.544608,-0.709908,-0.046383,-0.702766
3327,-0.345524,-0.092702,0.547680,0.395351,0.889567,-0.228841
3328,-0.074204,0.112617,0.285617,0.821404,-0.568402,-0.047066
3329,-0.087327,0.116000,0.278792,-0.488377,-0.299488,-0.819631
3330,-0.083827,0.129656,0.286075,-0.078551,0.996902,-0.003978
3331,-0.428562,-0.100790,0.619281,0.404775,0.046979,-0.913209
3332,-0.327793,-0.097182,0.461702,-0.430085,0.583538,-0.688847
3333,-0.247625,-0.113800,0.444764,0.304612,-0.952306,0.018009
3334,-0.245409,-0.094251,0.443936,0.509838,0.858267,-0.058676
3335,-0.254479,-0.102783,0.452378,-0.413807,0.085275,0.906362
3336,-0.151706,-0.087842,0.646282,-0.420239,0.894335,-0.153510
3337,-0.255061,-0.103353,0.437356,-0.498303,0.019785,-0.866777
3338,-0.152275,-0.085091,0.745439,-0.048363,0.935119,-0.351017
3339,-0.144561,-0.095034,0.751907,0.936263,0.013337,0.351047
3340,-0.151874,-0.105072,0.745130,-0.011032,-0.925010,-0.379784
3341,-0.493161,-0.094863,0.696740,0.925271,0.374388,0.060889
3342,-0.256488,-0.091324,0.853687,-0.932273,0.082928,0.352122
3343,-0.229195,-0.100686,0.582399,0.238912,-0.079152,-0.967810
3344,-0.351469,-0.110529,0.627909,-0.432776,-0.890791,0.138553
3345,-0.350283,-0.090726,0.625855,-0.322834,0.945034,-0.051860
3346,-0.343968,-0.101883,0.618765,0.344862,-0.117255,-0.931301
3347,-0.351265,-0.079127,1.045970,-0.029540,0.891908,0.451252
3348,-0.244343,-0.088619,0.649549,0.186753,0.972482,0.139293
3349,-0.242178,-0.108252,0.652035,0.387160,-0.844774,0.369411
3350,-0.244229,-0.099892,0.640131,0.258978,-0.093150,-0.961381
3351,-0.508116,-0.097262,0.707897,-0.123769,0.237423,0.963489
3352,-0.064083,-0.079294,1.253340,-0.654555,0.223259,0.722297
3353,0.453623,-0.087424,0.737133,0.488912,0.009740,-0.872279
3354,-0.144360,-0.091662,0.854823,0.782709,0.147894,0.604561
3355,-0.350501,-0.107312,0.744365,-0.394856,-0.913692,-0.096207
3356,-0.344065,-0.097586,0.752838,0.278728,-0.022630,0.960103
3357,-0.350598,-0.087512,0.744860,-0.403804,0.913449,-0.050527
3358,-0.340837,-0.097219,0.738793,0.631197,0.022465,-0.775297
3359,-0.245650,-0.097136,1.043390,0.391117,-0.920279,0.010667
3360,-0.451779,-0.104915,0.843437,-0.460382,-0.887299,0.027353
3361,-0.442105,-0.095666,0.851905,0.498310,0.029346,0.866502
3362,-0.453772,-0.087287,0.841269,-0.598797,0.782507,-0.170660
3363,-0.143370,-0.120822,0.248009,-0.144210,-0.925906,0.349143
3364,-0.138899,-0.101539,0.249055,0.268479,0.853973,0.445701
3365,-0.149614,-0.108833,0.241499,-0.918646,0.230384,-0.320956
3366,-0.155980,-0.100575,0.543365,-0.421922,0.009608,0.906581
3367,-0.140480,-0.080611,1.039820,0.763095,0.510713,-0.396053
3368,-0.153632,-0.086154,1.039070,-0.719540,-0.022211,-0.694096
3369,-0.152143,-0.081191,1.052390,-0.350302,0.465284,0.812896
3370,-0.770897,-0.082781,1.339290,-0.481086,0.050123,-0.875240
3371,0.349585,-0.094485,0.954621,0.113426,-0.993333,-0.020601
3372,0.355493,-0.080318,0.960627,0.714235,0.386338,0.583619
3373,0.340081,-0.082413,0.958112,-0.913418,0.190750,0.359559
3374,0.164812,0.336454,3.440150,-0.253840,0.826592,0.502305
3375,0.162887,0.324999,3.425360,-0.432427,-0.236424,-0.870121
3376,0.165469,0.321656,3.439570,-0.263144,-0.745887,0.611889
3377,0.192076,0.742117,2.960230,-0.760347,-0.032624,-0.648697
3378,0.185808,0.752458,2.990460,-0.973199,0.096536,-0.208722
3379,0.247185,0.292008,2.798580,0.916042,0.288668,-0.278457
3380,0.255614,0.052982,2.822190,-0.961380,0.109239,0.252616
3381,0.267914,0.043955,2.819500,0.457376,-0.887190,-0.060842
3382,0.268683,0.056586,2.828440,0.460739,0.421727,0.780939
3383,0.176890,0.167867,3.105070,-0.980710,-0.131364,0.144749
3384,0.196273,0.163193,3.104730,0.817321,-0.564951,0.113213
3385,0.188918,0.174917,3.109130,0.179935,0.696395,0.694736
3386,0.350720,0.449509,2.808400,0.499773,0.020522,-0.865913
3387,0.342370,0.441224,2.817890,-0.342264,-0.939513,0.013027
3388,0.340393,0.455990,2.817010,-0.588739,0.803067,-0.092033
3389,0.830829,-0.067127,1.244610,-0.752435,0.179929,-0.633614
3390,0.837820,-0.078886,1.250700,0.094611,-0.990565,0.099149
3391,0.834487,-0.064195,1.258830,-0.225268,0.419245,0.879482
3392,2.213230,0.452381,3.512330,-0.946642,-0.103105,0.305349
3393,2.224170,0.461715,3.506000,0.180704,0.913051,-0.365628
3394,2.223250,0.446428,3.502440,0.073988,-0.708859,-0.701459
3395,2.229960,0.452544,3.517380,0.676670,-0.077263,0.732222
3396,-0.457775,-0.045953,2.291930,0.106461,0.881243,-0.460519
3397,-0.474099,-0.049357,2.315080,-0.214651,0.538868,0.814584
3398,-0.450838,-0.056104,2.299840,0.924664,-0.023190,0.380078
3399,0.101831,0.751894,4.681760,-0.022930,0.995213,0.094997
3400,0.148097,-0.054185,1.746950,-0.354931,0.912323,0.204185
3401,0.147938,-0.074040,1.745530,-0.369644,-0.926326,0.072684
3402,0.158231,-0.064479,1.750210,0.754401,-0.052938,0.654275
3403,0.061647,-0.084870,1.033330,0.458861,0.012529,-0.888420
3404,0.051807,-0.093808,1.039180,-0.573621,-0.812616,-0.103022
3405,0.055656,-0.074452,1.041430,-0.220423,0.969828,0.104150
3406,-0.129757,-0.066132,1.745430,0.045625,0.007525,0.998930
3407,-0.124323,-0.066045,1.732300,0.738208,0.018665,-0.674315
3408,-0.133975,-0.056316,1.736060,-0.360311,0.921824,-0.142888
3409,-0.151291,-0.063608,1.544270,-0.405254,0.913750,0.028795
3410,-0.145181,-0.073680,1.536370,0.226581,-0.035841,-0.973333
3411,-0.150135,-0.083547,1.545270,-0.297390,-0.946915,0.122115
3412,-0.142190,-0.072810,1.550210,0.604128,0.074968,0.793353
3413,0.065768,-0.064312,1.752410,0.503873,-0.002345,0.863774
3414,-0.059377,-0.069652,1.625080,-0.347754,-0.066464,-0.935227
3415,-0.049085,-0.076657,1.638440,0.615664,-0.722203,0.315246
3416,-0.061673,-0.069445,1.639440,-0.807168,-0.067559,0.586443
3417,-0.640749,-0.070398,1.741810,0.963513,0.017083,0.267114
3418,-0.654882,-0.070455,1.744340,-0.805461,0.010187,0.592561
3419,-0.649167,-0.080639,1.735990,-0.060449,-0.938290,-0.340525
3420,-0.454300,-0.076746,1.254210,0.281170,0.812218,0.511121
3421,-0.459279,-0.093852,1.254280,-0.185408,-0.804626,0.564093
3422,-0.451333,-0.086933,1.243990,0.788034,-0.159115,-0.594714
3423,-0.162618,-0.062901,1.852680,-0.998059,0.037333,0.049839
3424,-0.149507,-0.063044,1.858080,0.646445,0.021408,0.762660
3425,-0.152414,-0.053526,1.847980,0.187088,0.898066,-0.398091
3426,-0.640491,-0.068244,1.829130,0.183181,0.341547,0.921841
3427,0.209710,-0.070617,1.869270,0.177103,-0.871876,0.456582
3428,0.570090,-0.049847,1.750650,0.104475,0.984741,0.139180
3429,0.559467,-0.060959,1.747650,-0.975459,-0.144889,-0.165794
3430,0.572415,-0.064970,1.757550,0.320892,-0.520237,0.791443
3431,-0.226340,-0.072927,1.929120,-0.250679,-0.871420,0.421649
3432,-0.229448,-0.053777,1.931480,-0.393432,0.799259,0.454309
3433,-0.228751,-0.062031,1.918470,-0.668751,0.362550,-0.649099
3434,-0.534464,-0.071995,2.132200,-0.220460,-0.896449,0.384418
3435,-0.524209,-0.062321,2.129340,0.987217,0.004665,0.159313
3436,-0.534270,-0.052095,2.130420,-0.202372,0.954555,0.218792
3437,-0.225730,-0.080874,1.640560,0.124995,-0.920298,0.370712
3438,-0.221228,-0.070941,1.631090,0.729915,0.002531,-0.683533
3439,-0.226023,-0.060920,1.640320,0.097797,0.932214,0.348442
3440,0.447050,-0.067258,1.552600,0.437490,0.153769,-0.885978
3441,0.039984,-0.071169,1.562320,-0.980956,0.010430,0.193951
3442,0.048593,-0.081251,1.557010,0.077572,-0.932807,-0.351928
3443,0.053849,-0.071329,1.565740,0.775378,-0.009847,0.631421
3444,-0.025286,-0.049326,1.979290,-0.287485,0.918468,0.271605
3445,-0.853072,-0.074684,1.346870,0.127882,0.933093,0.336130
3446,-0.860707,-0.084718,1.339610,-0.839483,-0.134254,-0.526541
3447,-0.856366,-0.092207,1.351300,-0.176817,-0.730979,0.659094
3448,-0.846227,-0.084031,1.338350,0.836868,-0.034951,-0.546288
3449,-0.535993,-0.062933,2.121220,-0.493490,-0.072809,-0.866699
3450,-2.758840,1.037630,4.487480,-0.305944,-0.952049,-0.000194
3451,-2.753040,1.045920,4.497670,0.312940,0.066332,0.947454
3452,-2.760760,1.051840,4.487120,-0.548237,0.835083,-0.045516
3453,-1.762970,0.370663,4.581940,-0.799235,0.508771,0.319963
3454,-1.749080,0.369574,4.578950,0.813170,0.580741,0.038652
3455,-1.756060,0.362869,4.568480,-0.117025,-0.245885,-0.962209
3456,-0.649354,-0.060682,1.735390,-0.077800,0.914876,-0.396169
3457,-0.855002,-0.077770,1.569380,0.931821,0.013088,0.362683
3458,-0.847104,-0.071168,1.463030,0.115793,0.872006,-0.475603
3459,-0.860021,-0.064170,1.724130,-0.378672,0.908822,-0.175074
3460,-0.650665,-0.091604,1.350000,0.057129,-0.978167,-0.199816
3461,-0.641001,-0.085575,1.243470,0.938465,0.012981,-0.345131
3462,-0.333106,-0.078236,1.474340,0.278234,0.001573,0.960512
3463,-0.908890,-0.096461,1.282970,0.301553,-0.922505,0.240936
3464,-0.911541,-0.087988,1.270640,-0.014818,0.080331,-0.996658
3465,-0.904592,-0.082061,1.285190,0.648977,0.645570,0.402578
3466,-0.188752,-0.052491,1.912100,0.528709,0.848510,-0.022308
3467,-0.184878,-0.071446,1.913980,0.733358,-0.669358,0.118941
3468,-0.196546,-0.064658,1.905980,0.709900,-0.301759,-0.636383
3469,0.033515,-0.060401,1.873070,0.887204,0.058766,0.457620
3470,0.026308,-0.051054,1.865200,-0.024501,0.915981,-0.400473
3471,0.019330,-0.061025,1.872530,-0.921726,-0.020811,0.387283
3472,-2.840560,0.751446,4.489500,-0.752669,-0.271946,0.599612
3473,-2.827480,0.749197,4.484150,0.650765,-0.735802,0.187350
3474,-2.828080,0.763481,4.484630,0.405660,0.895768,0.181766
3475,-2.834290,0.755031,4.473000,-0.212468,0.054551,-0.975644
3476,-0.341431,-0.081738,1.653770,-0.362775,-0.931873,-0.002590
3477,-0.334941,-0.071446,1.661140,0.332797,0.036124,0.942306
3478,-0.341472,-0.061763,1.653020,-0.366583,0.927564,-0.072407
3479,-0.458316,-0.098322,0.936822,-0.802248,-0.495404,-0.333126
3480,-0.444755,-0.093575,0.935225,0.722492,-0.050314,-0.689546
3481,-0.446242,-0.097772,0.948979,0.359443,-0.432923,0.826667
3482,-0.452291,-0.082990,0.941562,-0.214196,0.968976,0.123312
3483,-0.356941,-0.098786,0.677871,-0.657749,0.309205,0.686846
3484,-0.353942,-0.099968,0.663747,-0.497704,0.261803,-0.826892
3485,-0.348409,-0.109288,0.673360,0.186799,-0.912570,0.363762
3486,-0.048692,-0.083684,0.744903,-0.163504,0.909648,-0.381847
3487,-0.056730,-0.093728,0.753060,-0.873077,-0.196558,0.446207
3488,-0.042569,-0.092913,0.753795,0.634734,-0.177631,0.752037
3489,-0.340943,-0.094118,0.839956,0.887784,0.022357,-0.459717
3490,-0.347934,-0.084360,0.847581,-0.001485,0.927195,0.374576
3491,-0.347605,-0.104353,0.847244,0.029222,-0.938840,0.343110
3492,-0.042134,-0.096556,0.740073,0.473932,-0.457560,-0.752348
3493,-0.449186,-0.079885,1.042530,0.262200,0.931949,0.250444
3494,-0.443749,-0.095157,1.036170,0.773157,-0.525714,-0.354759
3495,-0.456696,-0.089185,1.034600,-0.667010,0.058145,-0.742776
3496,-0.538048,-0.078975,1.430550,0.814629,-0.290193,-0.502163
3497,-0.548059,-0.078674,1.446210,-0.118711,-0.262053,0.957724
3498,-0.554588,-0.079142,1.431010,-0.796763,-0.334846,-0.503037
3499,0.154365,-0.060104,1.558890,0.109258,0.925424,0.362840
3500,0.153870,-0.079975,1.559340,0.063455,-0.912392,0.404368
3501,0.159531,-0.070390,1.549460,0.754882,-0.033531,-0.655003
3502,0.033744,-0.077671,1.362260,-0.908650,-0.022113,0.416973
3503,0.041169,-0.067136,1.356280,0.028457,0.967010,-0.253143
3504,0.040626,-0.087000,1.354040,-0.022230,-0.886581,-0.462040
3505,0.146172,-0.083343,1.455380,0.079634,-0.979646,-0.184263
3506,0.141238,-0.071835,1.462990,-0.529959,0.391862,0.752056
3507,0.139681,-0.071674,1.448420,-0.536067,0.305056,-0.787130
3508,0.256203,-0.087147,0.852680,0.943687,0.064168,0.324557
3509,0.531714,-0.080498,1.059600,-0.957018,-0.130387,0.259068
3510,0.545904,-0.080564,1.062720,0.634654,-0.178826,0.751821
3511,0.540742,-0.069716,1.054540,-0.038503,0.966020,-0.255584
3512,0.545584,-0.086517,1.049470,0.390371,-0.638497,-0.663274
3513,0.248597,-0.088078,1.244000,-0.409131,-0.912179,0.023248
3514,0.256027,-0.078021,1.251040,0.383028,0.029818,0.923255
3515,0.249360,-0.068148,1.243040,-0.338274,0.938737,-0.065906
3516,0.256940,-0.078744,1.236740,0.488848,-0.060641,-0.870259
3517,0.158832,-0.089134,0.839713,0.430021,0.079668,-0.899297
3518,0.144434,-0.087514,0.853372,-0.902369,0.229588,0.364719
3519,0.158906,-0.084784,0.853789,0.570668,0.629901,0.526842
3520,0.011042,-0.070150,1.592220,-0.597920,-0.025850,-0.801139
3521,0.856498,-0.057260,1.362250,0.293112,0.797085,0.527959
3522,0.856782,-0.064772,1.348670,0.384107,0.098012,-0.918072
3523,0.843213,-0.066123,1.356080,-0.996969,-0.048135,-0.061123
3524,0.949994,0.827640,2.826230,-0.186396,-0.471620,0.861877
3525,0.953060,0.803132,2.802790,-0.225232,-0.794415,0.564071
3526,0.267685,0.340565,2.818290,0.723438,-0.680068,0.118933
3527,0.267100,0.354771,2.813510,0.499636,0.792100,-0.350632
3528,0.256376,0.345676,2.826720,-0.491128,-0.048242,0.869751
3529,0.255222,0.344946,2.811190,-0.719716,-0.139285,-0.680153
3530,0.362526,0.806900,2.812080,0.379849,0.195422,0.904171
3531,0.366035,0.801978,2.794080,0.724383,-0.233120,-0.648787
3532,0.346850,0.826592,2.791430,-0.371739,0.858416,-0.353457
3533,0.552690,0.745943,2.811910,-0.027543,-0.251186,-0.967547
3534,0.562568,0.748517,2.826310,0.914244,-0.005844,0.405122
3535,0.547333,0.742157,2.827080,-0.569454,-0.647653,0.506229
3536,0.165219,0.558071,3.480520,0.782406,0.055714,-0.620272
3537,0.152237,0.567284,3.512950,-0.384010,0.920320,0.074481
3538,0.161389,0.558256,3.519300,0.753183,-0.231695,0.615656
3539,0.231614,0.835687,2.786130,-0.849963,-0.325064,0.414603
3540,0.246515,0.834549,2.785840,0.674189,-0.548684,0.494383
3541,0.245587,0.848893,2.781740,0.442796,0.896583,0.008401
3542,-0.217405,-0.061338,1.927780,0.476196,0.407175,0.779388
3543,1.651360,0.267162,2.881810,-0.141870,0.383004,-0.912787
3544,1.675420,0.243931,2.893300,0.392148,-0.749830,-0.532893
3545,1.645050,0.257506,2.893250,-0.856692,-0.515819,0.002907
3546,1.677300,0.257441,2.899840,0.829055,0.559005,0.013505
3547,-0.480739,-0.054696,2.301390,-0.924461,0.133159,-0.357268
3548,-0.162341,-0.066306,2.014530,-0.723796,-0.560479,0.402470
3549,-0.155417,-0.061127,2.002660,-0.121788,-0.118296,-0.985482
3550,-0.145050,-0.063185,2.012850,0.920879,-0.288673,0.262012
3551,-0.155205,-0.050284,2.012560,-0.069780,0.969804,0.233691
3552,-0.015860,-0.046796,2.083310,-0.418296,0.905906,0.066046
3553,-0.010085,-0.057088,2.074380,0.150187,-0.059285,-0.986878
3554,-0.014887,-0.066603,2.084650,-0.328373,-0.925256,0.189927
3555,-0.229829,-0.043280,2.442350,-0.445958,0.869032,0.214255
3556,-0.227710,-0.062982,2.441940,-0.250098,-0.952024,0.176358
3557,-0.218087,-0.052035,2.444640,0.829724,0.077703,0.552739
3558,-0.155242,-0.047926,2.125780,0.377180,0.906923,-0.187689
3559,-0.159962,-0.057310,2.135950,-0.079589,0.048877,0.995629
3560,-0.155782,-0.067844,2.126720,0.327172,-0.939598,-0.100567
3561,-0.251537,-0.061858,1.841270,-0.150434,0.455046,-0.877669
3562,-0.255273,-0.062643,1.855690,-0.640589,0.494382,0.587565
3563,-0.241130,-0.067172,1.857090,0.811028,-0.035953,0.583901
3564,-0.028825,-0.044779,2.238280,0.322414,0.946361,-0.021193
3565,-0.036281,-0.054786,2.245360,-0.502952,0.021492,0.864047
3566,-0.027831,-0.064704,2.239360,0.414856,-0.906430,0.079236
3567,0.754853,2.158960,4.706000,0.776744,0.613964,-0.140416
3568,0.748929,2.144020,4.703230,0.220080,-0.874433,-0.432355
3569,0.739321,2.156650,4.703670,-0.801351,0.437995,-0.407426
3570,-0.005694,-0.055941,2.088170,0.708924,0.082102,0.700490
3571,0.198494,0.663176,3.005010,-0.621385,0.783060,-0.026404
3572,0.442422,0.552971,2.822030,-0.397892,0.917432,0.000707
3573,0.449102,0.545275,2.811860,0.325447,-0.033961,-0.944950
3574,0.441842,0.538562,2.822360,-0.468646,-0.882394,0.041843
3575,0.550215,0.250509,2.825380,0.362972,0.036025,-0.931103
3576,0.542177,0.256913,2.835540,-0.518466,0.854991,0.013533
3577,0.550676,0.250472,2.845290,0.405817,0.032610,0.913372
3578,0.122941,-0.007450,4.653160,0.901944,0.397765,0.168166
3579,0.647367,0.746391,2.817350,0.344859,0.010461,-0.938596
3580,0.640466,0.739116,2.827740,-0.404493,-0.914056,0.029795
3581,0.639373,0.753521,2.827700,-0.507025,0.861624,0.023012
3582,0.518672,-0.043988,1.986770,0.215870,0.900432,0.377654
3583,0.507997,-0.053491,1.982670,-0.999581,0.028886,-0.001581
3584,0.518102,-0.063699,1.986520,0.163142,-0.920740,0.354433
3585,0.227719,-0.070816,1.516400,-0.797690,-0.089199,-0.596434
3586,0.234338,-0.069666,1.529000,0.028434,0.055492,0.998054
3587,0.236938,-0.059994,1.518820,0.262429,0.939621,-0.219644
3588,0.453464,-0.056682,1.943540,-0.941546,-0.179556,0.285044
3589,0.340481,0.809588,2.794530,-0.948821,0.101806,-0.298956
3590,0.170983,0.725808,3.388750,0.424398,0.231262,-0.875445
3591,0.156794,0.724615,3.396240,-0.989609,0.103577,-0.099731
3592,0.170753,0.729721,3.404350,0.382749,0.605626,0.697653
3593,0.241827,0.750869,2.783230,-0.154646,0.058920,-0.986211
3594,0.266481,0.741382,2.802990,0.625684,-0.185427,-0.757718
3595,0.235784,0.743906,2.798320,-0.756725,-0.613100,0.226883
3596,0.162649,0.441947,3.449250,-0.136165,-0.944359,0.299408
3597,0.163393,0.456071,3.451180,-0.052470,0.810963,0.582740
3598,0.154965,0.451364,3.440660,-0.816103,0.136865,-0.561466
3599,-0.143449,-0.071717,1.249860,-0.376910,0.925946,-0.023726
3600,0.192802,0.162074,3.058670,-0.126556,0.675584,0.726340
3601,0.268237,0.747616,2.821240,0.477576,0.361400,0.800819
3602,0.261459,0.734267,2.816180,-0.041583,-0.772930,0.633127
3603,0.752437,-0.068612,1.659430,0.127346,-0.865032,0.485287
3604,0.190949,0.188562,3.284580,0.172266,0.668048,-0.723904
3605,0.180415,0.175457,3.291150,-0.818571,-0.564531,-0.106044
3606,0.188018,0.185732,3.299040,-0.136134,0.529226,0.837489
3607,0.176846,0.328397,3.432870,0.976512,0.089268,-0.196101
3608,0.351270,0.745790,2.818960,0.122797,0.015391,0.992312
3609,0.346679,0.737724,2.806970,-0.377552,-0.914950,-0.142549
3610,0.357122,0.746322,2.800110,0.662556,0.064461,-0.746233
3611,0.263983,0.551691,2.826370,0.053919,-0.131260,0.989881
3612,0.269143,0.560182,2.812670,0.641285,0.753158,-0.146651
3613,0.653668,0.354020,2.832440,0.812033,0.424196,-0.400825
3614,0.639895,0.354142,2.836080,-0.769592,0.634932,-0.067746
3615,0.647424,0.347956,2.846470,0.204267,-0.166033,0.964732
3616,1.141580,-0.035292,1.844160,-0.290338,0.920181,0.262624
3617,1.150780,-0.048120,1.848120,0.634879,-0.304400,0.710119
3618,1.147480,-0.044255,1.834860,0.390135,0.134394,-0.910897
3619,1.137750,-0.053311,1.839870,-0.645593,-0.751581,-0.135408
3620,-0.719078,-0.053147,2.360280,-0.478365,0.403379,0.780033
3621,0.216275,0.146234,3.027730,0.940521,0.080565,0.330044
3622,-0.685114,-0.070404,2.237840,0.001431,-0.985022,-0.172424
3623,-0.691306,-0.059076,2.247120,-0.632684,0.109701,0.766600
3624,-0.687858,-0.053365,2.231420,-0.248154,0.616748,-0.747022
3625,0.195976,0.771964,2.840430,-0.078457,-0.659366,0.747717
3626,0.203578,0.775622,2.826500,0.793030,-0.609179,0.002314
3627,0.199519,0.789200,2.834520,0.255411,0.820517,0.511388
3628,0.187139,0.210537,3.326510,0.073971,-0.205091,-0.975944
3629,0.185263,0.206948,3.340850,-0.152959,-0.655129,0.739871
3630,0.177090,0.217535,3.334990,-0.873336,0.486875,0.015422
3631,0.270185,0.655524,2.822810,0.471090,0.453386,0.756647
3632,0.271755,0.646425,2.807970,0.787628,-0.332195,-0.518930
3633,0.238977,0.838426,2.773530,-0.218132,-0.092629,-0.971513
3634,0.764561,-0.042081,1.867080,-0.087019,0.893276,-0.441005
3635,0.344426,0.350332,2.814710,-0.122897,0.666678,-0.735144
3636,0.340316,0.338416,2.822140,-0.697822,-0.715285,0.037588
3637,0.344479,0.349187,2.831120,-0.106151,0.496083,0.861762
3638,0.354752,0.338577,2.819770,0.849435,-0.490786,-0.193882
3639,0.454109,0.440530,2.821760,0.875998,-0.450680,-0.171798
3640,0.439794,0.440703,2.823300,-0.860139,-0.510059,0.000812
3641,0.445046,0.450865,2.814550,-0.114402,0.581415,-0.805524
3642,0.211661,0.659570,2.983220,0.534537,0.171083,-0.827648
3643,0.842994,0.443336,2.828360,-0.679531,-0.670365,0.298075
3644,0.850949,0.450316,2.818080,0.280371,0.171625,-0.944424
3645,0.857901,0.444530,2.829740,0.846755,-0.398931,0.351937
3646,0.843324,0.457871,2.828200,-0.496974,0.840306,0.216569
3647,0.546787,0.546212,2.836560,0.003139,0.291949,0.956429
3648,0.547110,0.548627,2.816880,0.032862,0.513504,-0.857458
3649,0.539473,0.539792,2.825680,-0.910945,-0.407454,-0.064503
3650,0.554035,0.538742,2.825790,0.859772,-0.508429,-0.047875
3651,1.735080,0.249577,2.884150,0.154893,0.414741,-0.896659
3652,1.750360,0.225153,2.900010,0.397968,0.689547,0.605101
3653,1.755640,0.213648,2.893140,0.669877,-0.486611,-0.560781
3654,1.096320,-0.051972,1.599720,-0.991753,0.065920,0.109907
3655,0.860923,1.653710,4.739300,0.308654,0.948740,-0.068012
3656,0.549619,0.806804,2.807910,-0.283778,-0.903614,-0.320861
3657,0.886660,-0.057609,2.524800,-0.530397,-0.786260,-0.316977
3658,0.914322,-0.046821,2.549990,-0.394376,0.386623,0.833661
3659,0.891239,-0.046030,2.533920,-0.467269,0.542776,0.697893
3660,0.027150,-0.071013,1.866130,0.054132,-0.948023,-0.313563
3661,0.181181,0.572747,3.164720,-0.021978,0.986192,0.164142
3662,0.190822,0.562755,3.158210,0.876072,-0.113978,-0.468515
3663,0.171299,0.561785,3.159700,-0.923508,-0.201513,-0.326382
3664,0.202005,0.481401,3.040300,0.599498,0.056842,0.798356
3665,0.214968,0.460413,3.010000,0.905454,-0.378120,0.192815
3666,0.193419,0.487677,3.028740,-0.381816,0.762267,-0.522652
3667,0.197418,0.472696,3.026230,-0.823156,-0.536740,0.185268
3668,0.222077,0.153195,2.987080,0.951906,-0.178414,-0.249084
3669,0.209611,0.147811,2.996830,-0.045701,-0.965350,0.256924
3670,0.207048,0.154364,2.981670,-0.461541,-0.090451,-0.882496
3671,0.181974,0.559058,3.168840,0.080057,-0.659774,0.747187
3672,0.181028,0.644072,3.132690,0.110479,-0.535591,-0.837220
3673,0.189503,0.653792,3.139560,0.868644,0.495425,0.003319
3674,0.180078,0.645679,3.147130,-0.005952,-0.341653,0.939807
3675,0.547640,0.349300,2.840480,-0.215928,0.429430,0.876906
3676,0.860319,-0.052479,2.654110,0.219169,-0.936864,0.272490
3677,0.850729,-0.041269,2.653050,-0.946337,0.246590,0.208901
3678,0.859847,-0.043741,2.641670,0.171454,-0.054389,-0.983690
3679,0.554609,0.441027,2.828840,0.445036,-0.889808,0.100918
3680,0.547063,0.446992,2.818110,-0.370329,-0.107845,-0.922619
3681,0.554375,0.455243,2.827230,0.422793,0.900486,-0.101835
3682,0.440734,0.357175,2.826410,-0.506778,0.834649,-0.215726
3683,0.441022,0.343027,2.826380,-0.671848,-0.674585,-0.305869
3684,0.448460,0.349967,2.836220,0.284071,0.219411,0.933361
3685,0.455126,0.343355,2.825280,0.832590,-0.451453,-0.320912
3686,0.676568,-0.060216,1.673240,0.975025,0.072827,0.209817
3687,0.666341,-0.050925,1.667600,-0.184807,0.915401,-0.357613
3688,0.662728,-0.061413,1.676620,-0.734653,-0.076229,0.674147
3689,0.899153,0.797778,2.808860,-0.222697,-0.163347,0.961106
3690,0.904807,0.807635,2.798680,0.371729,0.927926,0.027758
3691,0.895192,0.799937,2.789670,-0.587737,0.035741,-0.808262
3692,0.460059,0.811642,2.813910,0.197110,0.428645,0.881709
3693,0.469135,0.802365,2.807060,0.891615,-0.402193,0.208000
3694,0.345942,0.752139,2.807140,-0.517880,0.844340,-0.137445
3695,0.646746,0.547908,2.822360,0.342955,0.044834,-0.938281
3696,0.638764,0.554254,2.832650,-0.531663,0.846648,0.022866
3697,0.647413,0.547791,2.842310,0.404774,0.033961,0.913786
3698,0.547056,0.449238,2.837960,-0.370961,0.101000,0.923140
3699,0.206000,0.135778,3.022260,-0.295718,-0.914280,-0.276843
3700,0.198076,0.145856,3.055080,0.221935,-0.618109,0.754112
3701,0.651198,0.813215,2.806730,0.052041,0.005374,-0.998630
3702,0.650082,0.822619,2.821270,-0.055643,0.912978,0.404198
3703,0.658765,0.808778,2.820540,0.823645,-0.445155,0.351349
3704,0.640364,0.539954,2.832510,-0.338566,-0.940926,0.005596
3705,0.962996,0.809565,2.793420,0.901456,-0.006006,-0.432830
3706,0.952260,0.806322,2.783310,-0.203334,-0.226667,-0.952511
3707,0.949465,0.814811,2.794830,-0.694412,0.527146,-0.489805
3708,0.197168,0.847459,2.785920,-0.000108,-0.980949,0.194264
3709,0.193731,0.857255,2.774500,-0.329932,0.128461,-0.935223
3710,0.206660,0.859594,2.785070,0.929401,0.360123,0.080775
3711,0.190989,0.860560,2.791230,-0.593175,0.445710,0.670437
3712,1.244810,0.812056,2.777150,-0.017954,0.157221,0.987400
3713,1.251760,0.804874,2.765300,0.766316,-0.624435,-0.151130
3714,1.246740,0.818565,2.760040,0.163236,0.768281,-0.618949
3715,1.236440,0.807049,2.764400,-0.905529,-0.352470,-0.236180
3716,1.011820,0.857099,2.828910,-0.175116,0.984372,0.018591
3717,1.007140,0.841447,2.821680,-0.572964,-0.525390,-0.629029
3718,1.012610,0.844973,2.838320,-0.095468,-0.237641,0.966650
3719,0.124755,1.249550,4.227250,-0.744655,-0.510056,0.430501
3720,0.128767,1.260980,4.215820,-0.400599,0.603390,-0.689523
3721,0.140635,1.249500,4.217980,0.738508,-0.514897,-0.435301
3722,0.135982,1.258690,4.228190,0.438956,0.496341,0.748975
3723,0.165188,0.554162,3.464830,0.493248,0.126951,-0.860575
3724,1.256970,0.659357,2.759590,0.678774,0.683525,0.268441
3725,1.250860,0.651893,2.747320,-0.005246,-0.136824,-0.990581
3726,1.241660,0.656340,2.759250,-0.928315,0.309339,0.206255
3727,0.184658,0.368665,3.368920,0.999878,-0.004471,-0.014982
3728,0.171820,0.369240,3.377070,-0.275501,0.063354,0.959211
3729,0.170761,0.360185,3.364880,-0.332813,-0.846026,-0.416504
3730,0.246910,0.564412,2.795810,0.054668,0.899118,-0.434278
3731,0.751983,0.746236,2.809310,0.038511,-0.614028,-0.788344
3732,0.523792,0.832092,2.786840,-0.208648,0.175975,-0.962029
3733,0.549939,0.756854,2.822670,-0.343988,0.936441,0.068924
3734,-0.050971,-0.060207,1.636040,0.470853,0.876851,0.097112
3735,-0.157367,-0.069598,1.664680,-0.512024,-0.257238,0.819549
3736,-0.156886,-0.069767,1.649960,-0.608764,-0.355461,-0.709263
3737,-0.142263,-0.069533,1.651680,0.887923,-0.251269,-0.385302
3738,-0.047076,-0.062345,1.854680,0.142084,-0.234094,0.961776
3739,-0.056814,-0.063025,1.837970,-0.757288,-0.296788,-0.581748
3740,-0.041125,-0.063046,1.840040,0.814996,-0.351969,-0.460325
3741,0.205971,0.788605,2.795340,0.915449,0.374137,-0.148236
3742,0.196483,0.778063,2.793480,-0.251948,-0.896775,-0.363753
3743,0.189255,0.786596,2.784560,-0.613939,0.060217,-0.787053
3744,0.195233,0.763233,2.994720,0.246986,0.943859,0.219380
3745,0.355713,0.796187,2.803660,-0.253011,-0.930793,0.263838
3746,-0.133357,-0.076304,1.736180,-0.302616,-0.943972,-0.131684
3747,-0.153102,-0.073432,1.849120,0.123239,-0.948359,-0.292280
3748,-0.176734,-0.046605,2.312540,-0.019217,0.914544,0.404029
3749,-0.182633,-0.055744,2.302920,-0.754313,0.088537,-0.650518
3750,-0.178351,-0.066480,2.311710,-0.169262,-0.929739,0.327009
3751,-0.454099,-0.064008,2.287980,0.338568,-0.638652,-0.691010
3752,0.262680,0.455807,2.809140,0.431808,0.285255,-0.855670
3753,0.271617,0.443427,2.817310,0.726222,-0.681505,-0.090286
3754,0.256419,0.446300,2.819930,-0.296998,-0.874052,0.384480
3755,0.267256,0.455984,2.825840,0.471585,0.433386,0.767974
3756,0.981404,0.768243,2.794090,0.920033,0.389740,0.040508
3757,0.971725,0.757321,2.795910,-0.215775,-0.938536,0.269426
3758,0.971718,0.764448,2.783050,-0.160936,-0.039750,-0.986164
3759,0.242331,0.450642,2.789040,-0.400624,-0.095814,-0.911219
3760,0.236538,0.456781,2.804580,-0.936790,0.278910,-0.211265
3761,-0.315089,-0.073344,1.942820,0.152654,-0.948986,-0.275901
3762,-0.310158,-0.061994,1.950270,0.817932,0.141720,0.557586
3763,-0.324191,-0.063691,1.948140,-0.951318,-0.071255,0.299860
3764,-0.250754,-0.074954,1.848580,-0.099425,-0.961131,-0.257568
3765,-0.464206,-0.067782,1.825890,-0.924724,0.058095,-0.376179
3766,1.227760,-0.045971,1.949130,-0.444099,-0.311026,-0.840261
3767,1.228630,-0.047904,1.966300,-0.344615,-0.480247,0.806600
3768,1.230880,-0.032690,1.958360,-0.138688,0.988327,0.063047
3769,0.521161,-0.053782,1.975760,0.571767,-0.005974,-0.820395
3770,-0.265076,-0.066139,2.306710,0.637627,-0.660695,-0.396123
3771,-0.275477,-0.056375,2.306750,-0.210527,0.951168,-0.225737
3772,-0.265451,-0.046432,2.308780,0.309788,0.940677,-0.138411
3773,-0.267797,-0.057490,2.318720,0.188735,0.192605,0.962955
3774,1.388750,-0.012944,2.753960,0.539399,0.835478,-0.104999
3775,1.377710,-0.020677,2.762900,-0.550323,0.136103,0.823784
3776,1.387310,-0.031783,2.756110,0.406058,-0.908991,0.094086
3777,0.165863,-0.062491,1.802250,0.985809,0.142236,-0.089157
3778,1.139200,-0.050361,1.656700,0.610186,-0.039517,0.791272
3779,1.128570,-0.041519,1.648650,-0.433720,0.899630,0.050517
3780,1.124510,-0.056892,1.646810,-0.753208,-0.645431,-0.126871
3781,1.137610,-0.051407,1.641750,0.602866,-0.177976,-0.777739
3782,-1.849610,2.245600,4.511380,-0.295849,-0.188819,-0.936387
3783,-1.841270,2.239690,4.524840,0.514410,-0.784317,0.346742
3784,-1.854110,2.250130,4.528290,-0.718886,0.237076,0.653451
3785,1.240630,-0.044501,1.957360,0.978774,-0.200642,-0.041764
3786,1.253840,0.644393,2.762760,0.269384,-0.815583,0.512110
3787,1.319220,0.359329,2.791570,0.624034,0.771191,-0.125885
3788,1.308240,0.350914,2.783680,-0.487042,-0.109830,-0.866445
3789,1.307610,0.354292,2.801240,-0.547002,0.212587,0.809689
3790,1.317550,0.343770,2.794500,0.444711,-0.876505,0.184313
3791,1.215580,-0.028063,2.328020,0.209188,0.953005,-0.219137
3792,0.667929,-0.070720,1.667090,-0.038038,-0.913687,-0.404634
3793,0.856830,-0.074322,1.360900,0.333147,-0.849183,0.409758
3794,0.736280,-0.066455,1.553010,0.014424,-0.340377,0.940178
3795,0.743092,-0.068105,1.537010,0.648124,-0.478592,-0.592356
3796,0.737890,-0.052876,1.543790,0.171500,0.984336,0.040877
3797,0.754230,-0.036505,2.641000,0.367018,0.876808,0.310653
3798,0.753160,-0.046253,2.629920,0.352091,-0.030839,-0.935458
3799,0.742115,-0.045167,2.639700,-0.964608,0.098623,0.244550
3800,0.830368,-0.051306,1.535860,0.050076,0.996832,0.061794
3801,0.913685,-0.070430,1.347380,-0.712060,-0.666203,-0.221686
3802,0.153193,-0.067700,1.667060,0.839993,-0.250628,0.481246
3803,0.145769,-0.056568,1.660520,0.081115,0.974412,-0.209623
3804,0.137033,-0.066200,1.667780,-0.825961,-0.095959,0.555499
3805,0.354063,-0.063993,1.744110,0.879704,-0.059276,-0.471812
3806,0.347750,-0.053559,1.752000,0.071895,0.922668,0.378833
3807,0.346479,-0.073439,1.752130,-0.045871,-0.919353,0.390750
3808,0.336150,-0.077575,1.245030,-0.809244,0.010810,-0.587373
3809,0.350044,-0.077682,1.247710,0.964881,-0.002745,-0.262672
3810,0.341888,-0.087691,1.253500,-0.068613,-0.933848,0.351028
3811,0.342002,-0.067706,1.253710,-0.058003,0.926977,0.370606
3812,1.309320,-0.036560,2.618550,-0.056457,-0.807732,-0.586841
3813,1.305490,-0.020655,2.620100,-0.455345,0.746444,-0.485265
3814,1.319590,-0.024356,2.627670,0.904313,0.333734,0.266157
3815,0.945093,-0.054193,1.668860,-0.687389,-0.029094,0.725706
3816,0.948223,-0.044290,1.659120,-0.210943,0.901821,-0.377124
3817,0.949952,-0.064191,1.659960,-0.049788,-0.953011,-0.298817
3818,0.554193,-0.077938,1.447710,-0.134187,-0.910098,0.392065
3819,0.561502,-0.068652,1.438980,0.770152,0.067212,-0.634310
3820,0.558956,-0.060499,1.450930,0.297370,0.743369,0.599144
3821,0.852425,-0.063145,1.433880,-0.976451,-0.027435,-0.213988
3822,1.046520,-0.050523,1.749200,0.453431,-0.055631,0.889554
3823,0.942251,-0.053434,2.014690,0.442456,-0.895201,-0.053360
3824,0.933201,-0.044121,2.008550,-0.538656,-0.038208,-0.841659
3825,0.940540,-0.033521,2.014890,0.283221,0.958425,-0.034748
3826,1.052650,-0.055307,1.551380,-0.292426,-0.218147,-0.931074
3827,1.059330,-0.045315,1.561070,0.433564,0.899841,0.048043
3828,1.063380,-0.059793,1.564580,0.711074,-0.605607,0.357231
3829,0.945446,-0.042427,1.917300,0.654747,0.391503,-0.646553
3830,0.931658,-0.045507,1.921190,-0.911133,0.138905,-0.387998
3831,0.938891,-0.041729,1.933360,0.033723,0.462797,0.885822
3832,0.445565,-0.075932,1.356060,-0.777442,-0.353565,0.520169
3833,0.451463,-0.078974,1.342800,-0.025616,-0.539464,-0.841619
3834,0.459845,-0.073429,1.359100,0.748559,-0.028259,0.662466
3835,1.133540,-0.057648,1.747910,0.473135,-0.878356,0.068068
3836,1.123240,-0.048781,1.753570,-0.628110,-0.075667,0.774436
3837,1.126470,-0.048236,1.739430,-0.245002,-0.009988,-0.969471
3838,0.635245,2.524830,4.703250,-0.682204,0.060167,0.728682
3839,1.185850,2.702000,4.770240,-0.620280,0.159821,-0.767926
3840,1.172300,2.720100,4.780560,0.151263,0.916418,0.370537
3841,1.196510,2.704990,4.781130,0.583633,0.721959,0.371682
3842,1.201400,2.708840,4.752440,0.111357,0.736862,-0.666809
3843,0.972343,2.640930,4.718770,-0.926323,-0.325959,0.188879
3844,0.979385,2.653480,4.720770,0.015282,0.947838,0.318386
3845,0.980731,2.641630,4.706930,0.141251,-0.161014,-0.976792
3846,1.440380,2.426640,4.817750,0.041484,0.561570,-0.826389
3847,1.435140,2.423190,4.836040,-0.442564,0.242814,0.863237
3848,1.446850,2.420210,4.828610,0.962616,-0.048893,0.266420
3849,1.435600,2.412900,4.824010,-0.470690,-0.832645,-0.291811
3850,0.968086,2.385620,4.711770,-0.278675,0.637959,-0.717877
3851,0.967660,2.370440,4.711450,-0.247767,-0.746682,-0.617315
3852,0.963635,2.375650,4.725140,-0.689663,-0.346563,0.635814
3853,-1.214220,0.647034,4.593470,-0.055443,0.955750,-0.288907
3854,0.857052,2.619610,4.642710,0.960804,-0.276535,-0.019578
3855,0.845853,2.629720,4.636400,-0.156580,0.738824,-0.655455
3856,0.845017,2.625700,4.651950,-0.240868,0.333956,0.911293
3857,0.841712,2.614380,4.640530,-0.563427,-0.792007,-0.235105
3858,1.017940,2.576260,4.759290,-0.334476,-0.189374,0.923181
3859,1.016560,2.573150,4.744610,-0.579947,-0.599444,-0.551659
3860,1.031250,2.576490,4.744860,0.894958,-0.166788,-0.413802
3861,0.640779,2.135530,4.428950,0.319259,-0.756085,0.571322
3862,0.643962,2.149700,4.423340,0.732960,0.678091,0.054427
3863,0.629182,2.145800,4.426320,-0.893867,0.239935,0.378727
3864,1.372920,2.611020,4.823320,0.323045,-0.769146,0.551413
3865,1.375630,2.621210,4.812130,0.689918,0.293049,-0.661918
3866,1.367920,2.625760,4.824630,-0.178279,0.708710,0.682603
3867,0.757500,2.604930,4.656010,0.654307,-0.511821,-0.556706
3868,0.742683,2.605760,4.661120,-0.859084,-0.504128,-0.088480
3869,0.748037,2.620430,4.659570,-0.235711,0.946137,-0.221958
3870,-0.767794,0.618589,4.639810,-0.628812,-0.766882,-0.128406
3871,0.989431,2.584360,4.703240,0.824045,0.022393,-0.566082
3872,1.624490,2.698790,4.791070,0.250816,0.462085,0.850629
3873,1.017160,1.637440,4.785880,-0.744676,-0.491188,0.451876
3874,1.023670,1.651660,4.782980,-0.168177,0.961897,0.215572
3875,1.027290,1.642690,4.770350,0.190508,-0.006492,-0.981664
3876,0.051411,0.744597,4.715060,0.574614,-0.772269,-0.270960
3877,0.946396,2.593640,4.689700,-0.638677,-0.079898,-0.765316
3878,0.851045,2.152230,4.718110,0.748979,-0.175531,-0.638920
3879,0.844902,2.156510,4.735320,0.178738,0.221756,0.958581
3880,0.839147,2.147400,4.725300,-0.494663,-0.868179,0.039662
3881,0.838096,2.161550,4.721400,-0.509044,0.774875,-0.374758
3882,0.633794,2.375380,4.679610,0.136705,0.055223,0.989071
3883,0.628221,2.383990,4.665160,-0.380049,0.826557,-0.415171
3884,0.626609,2.368990,4.667710,-0.685243,-0.687172,-0.241321
3885,1.074710,2.038570,4.808910,-0.533435,-0.629205,-0.565286
3886,1.076250,2.045610,4.824320,-0.384171,0.050698,0.921869
3887,1.080530,2.054490,4.810410,0.028660,0.907161,-0.419806
3888,0.952134,2.051600,4.727130,0.486720,0.206805,-0.848726
3889,0.942979,2.056040,4.736990,-0.506884,0.856366,0.098517
3890,0.949310,2.047710,4.746540,0.223055,-0.156149,0.962218
3891,1.069840,1.854770,4.808800,0.417417,0.704413,-0.574078
3892,1.059880,1.844400,4.810640,-0.725953,-0.367367,-0.581406
3893,1.060210,1.849300,4.824280,-0.473579,0.198215,0.858157
3894,1.938730,1.857700,4.802540,-0.463270,0.789423,0.402730
3895,1.936180,1.843470,4.796810,-0.856790,-0.506557,-0.096492
3896,0.770199,2.431190,4.648710,-0.504495,-0.506963,-0.698909
3897,0.801948,2.441610,4.671250,0.318539,-0.667749,0.672788
3898,0.632240,2.456480,4.676810,-0.970741,0.234363,0.052310
3899,-1.576880,2.363570,4.565830,-0.927358,0.111616,0.357140
3900,-1.563890,2.369140,4.563040,0.327397,0.928691,0.174197
3901,-1.565340,2.359640,4.552310,0.097611,-0.269461,-0.958052
3902,0.639369,2.245140,4.628960,-0.343749,0.493425,0.798979
3903,0.658655,1.553520,4.643470,0.036821,-0.023512,-0.999045
3904,0.663919,1.560230,4.660800,0.524331,0.597937,0.606257
3905,0.661130,1.545760,4.656480,0.326442,-0.910734,0.252981
3906,0.635616,2.142440,4.412380,-0.164287,-0.108802,-0.980394
3907,0.859276,2.048520,4.731340,0.383621,0.917489,0.105111
3908,0.845554,2.037110,4.735710,-0.859428,-0.219669,0.461659
3909,0.859688,2.034130,4.733680,0.535912,-0.722305,0.437120
3910,1.156660,1.747500,4.823240,0.162422,0.003695,-0.986715
3911,0.078313,0.781457,4.535180,-0.680964,-0.027499,-0.731800
3912,0.089069,0.772319,4.543120,0.375939,-0.925380,0.048391
3913,0.081770,0.783692,4.549580,-0.433382,0.243970,0.867559
3914,-0.043600,0.153751,4.706510,-0.417994,-0.186940,0.889008
3915,1.015410,1.742060,4.773180,-0.831718,-0.453241,-0.320652
3916,1.028340,1.741060,4.779330,0.754829,-0.501181,0.423144
3917,1.017820,1.751330,4.783880,-0.356129,0.539205,0.763171
3918,-0.353956,0.253409,4.675600,-0.898630,-0.417921,-0.133440
3919,-0.249555,0.242343,4.694060,-0.021321,0.402300,0.915260
3920,-0.242882,0.233885,4.684690,0.841092,-0.536586,0.068111
3921,-0.248135,0.242044,4.674220,0.110081,0.374676,-0.920598
3922,-0.257084,0.234949,4.683660,-0.929117,-0.364744,-0.060862
3923,0.133634,0.152919,4.370900,0.973688,-0.117996,-0.194958
3924,0.122275,0.163787,4.374590,-0.120287,0.978447,0.167844
3925,0.119150,0.149377,4.381170,-0.412489,-0.457044,0.788012
3926,0.119264,0.150582,4.365790,-0.464935,-0.395619,-0.792036
3927,0.097769,0.355962,4.644950,-0.241018,-0.842200,0.482295
3928,0.067406,0.455386,4.692300,-0.956383,0.114466,0.268755
3929,0.751934,0.450954,2.837840,-0.303168,-0.250925,0.919307
3930,0.752616,0.450665,2.817900,-0.239981,-0.277800,-0.930181
3931,0.762972,0.451041,2.828230,0.946972,-0.319192,0.036894
3932,0.230104,0.036580,4.676130,0.921955,-0.274903,0.272815
3933,0.219215,0.046458,4.665680,-0.122612,0.672738,-0.729650
3934,0.217023,0.043383,4.680620,-0.384782,0.436604,0.813216
3935,-0.369881,-0.005067,4.646430,-0.286275,0.795826,0.533580
3936,0.342831,-0.013483,2.839790,0.313732,-0.628978,-0.711307
3937,0.331798,-0.006610,2.854970,-0.712937,0.010417,0.701151
3938,0.336809,-0.000971,2.842910,-0.340429,0.738881,-0.581517
3939,0.196670,0.215194,3.336970,0.942127,0.269803,0.199004
3940,0.254564,-0.022743,2.827850,-0.651707,0.377823,0.657668
3941,0.256065,-0.028410,2.813560,-0.593768,-0.175522,-0.785259
3942,0.265136,-0.032429,2.825400,0.442798,-0.695135,0.566319
3943,0.111009,0.132359,4.669250,0.981395,-0.181648,-0.062187
3944,-0.006595,0.213115,4.692120,0.215807,0.270028,-0.938356
3945,-0.004788,0.203310,4.702580,0.512840,-0.857263,0.045766
3946,-0.016598,0.211218,4.702050,-0.991302,0.129943,-0.020850
3947,2.617980,1.788980,4.824890,0.919161,-0.112668,-0.377425
3948,2.612100,1.786260,4.840270,0.365518,-0.316892,0.875201
3949,0.161469,0.457214,3.525850,0.704880,0.129840,0.697342
3950,0.174392,0.449806,3.444580,0.979946,-0.007160,-0.199135
3951,1.007880,0.084411,2.797570,0.953568,0.234124,-0.189455
3952,0.996016,0.083934,2.789240,-0.410729,0.123669,-0.903331
3953,0.998817,0.087984,2.808310,-0.152597,0.496998,0.854229
3954,0.997852,0.074560,2.801130,-0.301102,-0.922912,0.239938
3955,0.850186,0.349844,2.840190,-0.262518,0.093555,0.960381
3956,0.847181,0.348444,2.820690,-0.540260,-0.035745,-0.840739
3957,0.856249,0.341360,2.829830,0.395825,-0.918313,0.004897
3958,0.195885,0.346942,3.014060,-0.964490,-0.218161,0.148881
3959,0.208519,0.345424,3.004110,0.233834,-0.409668,-0.881756
3960,0.214192,0.346309,3.019210,0.729604,-0.276701,0.625391
3961,1.120510,-0.039097,2.734010,0.084034,-0.995749,0.037714
3962,1.114050,-0.026303,2.725390,-0.537967,0.304252,-0.786144
3963,1.128830,-0.026430,2.733220,0.946968,0.318267,-0.044235
3964,0.274233,-0.045737,2.778310,0.897481,0.427954,-0.106690
3965,0.260958,-0.046079,2.787910,-0.364900,0.415513,0.833185
3966,0.265109,-0.059819,2.780000,0.046596,-0.997236,0.057878
3967,1.437810,0.018484,2.634760,0.550080,0.391397,0.737713
3968,1.424790,0.012448,2.629910,-0.918651,-0.262837,0.294953
3969,1.437110,0.005635,2.624320,0.445135,-0.844902,-0.296638
3970,1.450730,0.545859,2.842360,0.179996,-0.060026,0.981834
3971,1.105950,0.139173,2.790820,0.048749,0.004466,-0.998801
3972,1.079670,0.154534,2.798260,0.167328,0.979211,0.114662
3973,1.104390,0.146416,2.805470,-0.121659,0.803923,0.582157
3974,1.136910,0.161649,2.791210,-0.068347,0.903734,0.422603
3975,1.077080,0.144243,2.787260,-0.153222,-0.295510,-0.942972
3976,-0.165085,-0.057796,2.122620,-0.744015,-0.011137,-0.668070
3977,0.775829,-0.057602,1.969930,-0.392663,-0.916916,-0.071286
3978,0.776135,-0.037987,1.967850,-0.364473,0.893228,-0.263253
3979,0.787141,-0.048316,1.965620,0.809178,-0.074634,-0.582804
3980,0.350877,0.552120,2.826990,-0.491784,-0.036438,0.869954
3981,0.360433,0.557897,2.818280,0.648945,0.760824,0.004229
3982,0.350647,0.555171,2.808410,-0.452169,0.234790,-0.860475
3983,1.431030,0.022155,2.620090,-0.126653,0.708538,-0.694214
3984,-0.745451,-0.064366,1.655210,0.102150,0.864420,-0.492284
3985,-0.433164,-0.060098,2.176400,0.945641,-0.078266,-0.315653
3986,-0.441729,-0.069157,2.183390,-0.100123,-0.902614,0.418645
3987,-0.447199,-0.059347,2.174790,-0.846666,0.016921,-0.531856
3988,-0.472477,-0.066185,2.309120,-0.094319,-0.921938,0.375678
3989,-0.356701,-0.067735,2.262260,-0.546111,-0.837709,0.002510
3990,-0.346958,-0.059302,2.269290,0.460504,-0.106693,0.881222
3991,-0.353712,-0.048296,2.262310,-0.289099,0.957271,0.007339
3992,-1.218390,-0.071895,1.962130,-0.755295,-0.315369,0.574519
3993,-0.440514,-0.049241,2.182090,0.013179,0.954652,0.297432
3994,-0.668579,-0.056938,2.345190,0.531496,0.256111,0.807415
3995,-0.317184,-0.053574,1.940870,-0.042048,0.888389,-0.457162
3996,0.258971,-0.048968,2.771900,-0.596322,0.139410,-0.790547
3997,-0.346496,-0.058632,2.254630,0.479065,-0.021276,-0.877522
3998,-0.570135,-0.067601,1.914810,-0.510306,-0.037176,-0.859189
3999,-0.548829,-0.060177,1.731230,-0.210188,0.935520,-0.283941
4000,-0.358111,-0.056976,1.837500,0.322655,0.945253,-0.048882
4001,-0.247624,-0.085100,1.341900,0.684830,-0.634916,-0.357616
4002,-0.262627,-0.082013,1.339430,-0.819422,-0.237589,-0.521630
4003,-0.253214,-0.071734,1.343830,0.066549,0.984672,-0.161224
4004,-0.542519,-0.077842,1.157220,0.027386,0.920345,-0.390147
4005,-0.535960,-0.087670,1.165170,0.876744,0.007484,0.480900
4006,-0.542638,-0.097823,1.157750,0.016311,-0.939967,-0.340875
4007,-0.257344,-0.058027,2.139200,-0.067847,0.302772,-0.950645
4008,-0.265008,-0.058765,2.153970,-0.848779,0.253397,0.464073
4009,-0.248445,-0.057755,2.155340,0.763270,0.328338,0.556429
4010,-0.299829,-0.065669,2.306130,-0.948922,-0.285995,0.133241
4011,-0.300510,-0.055326,2.295130,-0.175399,0.396083,-0.901306
4012,-0.310557,-0.056415,2.311370,-0.850682,0.222708,0.476173
4013,0.263639,0.055260,2.809810,-0.009077,0.298267,-0.954439
4014,0.187536,0.170165,3.095500,0.009143,0.109434,-0.993952
4015,-0.587694,-0.056069,2.308490,0.541581,0.001181,0.840648
4016,-0.590177,-0.046005,2.298480,0.172458,0.936696,-0.304726
4017,-0.599861,-0.056237,2.300960,-0.994656,-0.020166,-0.101260
4018,-1.715210,-0.033477,4.562310,0.602163,-0.741096,-0.296945
4019,-1.560910,0.659975,4.585530,0.039509,-0.422755,0.905382
4020,-1.568810,0.665842,4.575260,-0.983177,0.170982,-0.064258
4021,-1.559430,0.661054,4.565700,0.176457,-0.322809,-0.929870
4022,-0.225334,-0.052547,2.431840,-0.040224,0.016499,-0.999054
4023,0.349197,0.057718,2.808760,0.035645,0.126887,-0.991276
4024,0.345141,0.047259,2.821590,-0.356077,-0.885298,0.299092
4025,0.343131,0.063188,2.821330,-0.616839,0.724371,0.307891
4026,0.946591,0.145861,2.831930,-0.228101,-0.274549,0.934127
4027,0.943587,0.146904,2.812640,-0.505291,-0.178537,-0.844278
4028,0.956927,0.144782,2.820350,0.876979,-0.452698,-0.161159
4029,0.270109,-0.022468,2.816040,0.799525,0.403505,-0.444908
4030,0.220831,0.084703,2.987510,0.415284,0.149518,-0.897321
4031,0.439589,-0.082749,0.953709,-0.867990,0.050151,0.494043
4032,0.453706,-0.083142,0.952634,0.916621,0.002890,0.399748
4033,0.446862,-0.073469,0.944876,0.007366,0.898409,-0.439097
4034,0.446399,-0.093354,0.946081,-0.035536,-0.944209,-0.327425
4035,1.255110,0.739193,2.751550,0.479800,-0.857071,-0.187670
4036,1.250210,0.748821,2.762140,0.038185,0.034057,0.998690
4037,1.239600,0.751424,2.751740,-0.948413,0.266949,-0.171029
4038,0.940005,-0.056806,1.925350,0.140581,-0.983019,0.117940
4039,0.958754,-0.053214,1.532700,0.544522,0.678789,-0.492688
4040,0.944052,-0.058246,1.532640,-0.906320,0.095718,-0.411610
4041,0.956647,-0.057594,1.547460,0.254602,0.155755,0.954420
4042,0.931247,-0.048821,1.841950,-0.596763,0.082810,0.798133
4043,0.941166,-0.039915,1.835630,0.459988,0.887501,0.027438
4044,0.933948,-0.049628,1.827840,-0.287098,-0.015441,-0.957777
4045,0.849883,0.804038,2.813040,-0.050140,-0.953450,0.297354
4046,0.847135,0.816821,2.819620,-0.289472,0.492574,0.820717
4047,0.845146,0.811161,2.801170,-0.472920,-0.029330,-0.880617
4048,0.197007,0.175408,3.292860,0.792162,-0.607501,0.058499
4049,1.137130,0.644281,2.770280,-0.261467,-0.365892,-0.893173
4050,1.147000,0.650378,2.778540,0.939740,0.284862,-0.189057
4051,1.141250,0.643501,2.789610,0.118846,-0.437877,0.891145
4052,1.133480,0.653706,2.781560,-0.751437,0.633059,0.185955
4053,0.448423,0.250511,2.821500,-0.003497,0.584294,-0.811535
4054,0.448620,0.245792,2.840900,0.014787,0.146223,0.989141
4055,0.455654,0.240652,2.829300,0.889911,-0.440979,-0.116600
4056,0.968338,0.770511,2.801460,-0.472610,0.519413,0.711935
4057,0.958344,-0.053259,1.663730,0.993447,0.089338,0.071285
4058,1.010750,-0.037040,1.925670,0.350879,0.936368,-0.009962
4059,1.001240,-0.046457,1.931680,-0.693794,0.083028,0.715372
4060,1.011140,-0.056753,1.928340,0.387074,-0.890924,0.237548
4061,1.005730,-0.048242,1.917830,-0.152074,-0.135512,-0.979035
4062,0.760831,0.824410,2.801380,0.053700,0.674982,-0.735878
4063,0.767610,0.811849,2.808050,0.804711,-0.577189,-0.138901
4064,0.752603,0.813780,2.808330,-0.909752,-0.398097,-0.117771
4065,0.760557,0.819585,2.819820,0.028312,0.227851,0.973284
4066,0.202815,0.224031,2.975850,-0.730798,-0.122611,-0.671491
4067,0.210526,0.217863,2.987190,-0.024050,-0.878750,0.476675
4068,0.208667,0.232023,2.986190,-0.270875,0.874482,0.402378
4069,0.221402,0.226915,2.982100,0.985108,0.143633,-0.094509
4070,1.749830,0.454206,2.886850,0.828827,0.192537,-0.525334
4071,1.731410,0.457318,2.892540,-0.876907,0.480658,0.001619
4072,1.743570,0.453455,2.900500,0.315578,0.155817,0.936019
4073,0.749675,0.348193,2.831620,-0.906936,0.398669,0.136126
4074,0.757989,0.343516,2.820110,0.103723,-0.142113,-0.984401
4075,0.757192,0.336171,2.836340,0.028492,-0.835926,0.548102
4076,1.262900,-0.020935,2.791390,0.982224,0.154936,-0.105977
4077,1.251090,-0.024048,2.800680,-0.193656,-0.177804,0.964823
4078,1.249850,-0.030797,2.786960,-0.278765,-0.798126,-0.534121
4079,1.843880,0.033781,2.869540,-0.269908,-0.256924,-0.927976
4080,1.858940,0.035441,2.864900,0.607220,0.303840,-0.734143
4081,1.102120,0.128197,2.802410,0.031886,-0.951144,0.307098
4082,1.114520,0.136157,2.802420,0.677211,-0.621499,0.393858
4083,1.077530,0.141898,2.806600,-0.032714,-0.287715,0.957157
4084,2.239110,0.448837,3.449350,0.986815,0.061204,-0.149837
4085,1.148470,0.549506,2.791150,0.171069,-0.303984,0.937192
4086,1.145870,0.547308,2.771680,-0.068825,-0.506841,-0.859288
4087,1.153480,0.557637,2.779530,0.805352,0.567429,-0.171562
4088,1.294820,-0.050838,2.007110,-0.293850,-0.655499,0.695682
4089,1.439520,0.750854,2.823760,-0.925746,0.332244,-0.180580
4090,1.445280,0.744717,2.835160,-0.137992,-0.330846,0.933541
4091,1.453370,0.752218,2.826300,0.848849,0.508408,0.144833
4092,1.251820,0.348479,2.754090,0.144640,-0.178269,-0.973293
4093,1.251610,0.341664,2.769890,0.125677,-0.834493,0.536495
4094,1.240880,0.354584,2.766150,-0.897936,0.403505,0.175768
4095,2.230660,0.348798,3.345860,-0.934973,-0.305785,0.179779
4096,1.730190,0.648057,2.887710,-0.464537,0.879142,0.106375
4097,1.740980,0.640149,2.895360,0.617712,-0.022326,0.786087
4098,1.738020,0.640179,2.877020,0.361008,-0.020400,-0.932340
4099,1.728870,0.632714,2.887170,-0.572602,-0.818792,0.041307
4100,0.915335,-0.046141,2.533920,0.915070,0.382001,-0.129315
4101,0.895367,-0.046775,2.519730,0.393212,0.056847,-0.917689
4102,0.883551,-0.038451,2.522890,-0.691948,0.671961,-0.263962
4103,1.161150,0.806747,2.773510,0.754943,-0.502527,-0.421342
4104,1.152180,0.818374,2.769530,-0.224121,0.672110,-0.705718
4105,1.158340,0.812843,2.787160,0.345505,0.160809,0.924536
4106,1.246330,0.254027,2.775900,0.109200,0.438761,0.891944
4107,1.241600,0.254773,2.762410,-0.467861,0.725939,-0.504102
4108,1.241510,0.241789,2.768430,-0.422609,-0.869529,0.255581
4109,1.241340,-0.026219,2.848990,0.109797,-0.741337,0.662091
4110,1.248000,-0.013157,2.836290,0.724275,0.464100,-0.509938
4111,1.237580,-0.012809,2.846000,-0.352970,0.738516,0.574462
4112,1.244400,0.076623,2.765510,0.006211,-0.258749,-0.965925
4113,1.251820,0.083639,2.776690,0.868601,0.488553,0.082750
4114,1.242930,0.072807,2.779140,-0.187775,-0.886239,0.423462
4115,1.379360,-0.022410,2.748820,-0.493085,-0.061373,-0.867814
4116,1.314960,0.656801,2.798680,-0.615887,0.183246,0.766227
4117,1.321820,0.658202,2.780100,0.017467,0.312761,-0.949671
4118,1.320430,0.646521,2.789310,-0.142124,-0.981705,-0.126714
4119,1.324260,0.244475,2.787310,-0.052271,-0.784345,-0.618118
4120,1.237700,0.085791,2.781720,-0.611959,0.587122,0.529900
4121,1.446180,0.345792,2.835810,-0.320079,-0.870271,-0.374403
4122,0.857356,0.355967,2.828610,0.513397,0.846651,-0.140018
4123,0.181208,0.539562,3.318320,0.089137,0.797235,0.597052
4124,0.179558,0.525810,3.315460,-0.122131,-0.961888,0.244652
4125,0.190567,0.532729,3.309900,0.938395,-0.046217,-0.342460
4126,1.255520,0.355389,2.766490,0.688805,0.665142,0.288331
4127,1.139170,0.555599,2.781670,-0.932698,0.350522,0.084898
4128,1.343730,-0.032983,1.953050,0.203477,0.969138,-0.139172
4129,1.340810,-0.044213,1.963560,-0.082798,-0.100316,0.991504
4130,1.348450,-0.050886,1.951630,0.646676,-0.712434,-0.272484
4131,1.366680,0.646657,2.819590,0.083365,-0.169874,0.981933
4132,1.372520,0.648290,2.800590,0.625113,-0.018433,-0.780317
4133,1.364020,0.656376,2.809140,-0.217885,0.975825,0.017067
4134,0.939509,-0.059736,1.836440,0.306684,-0.946289,0.102379
4135,1.243110,-0.047775,1.813620,-0.355206,-0.102930,0.929104
4136,0.563382,2.437510,4.668730,0.101273,-0.247819,-0.963499
4137,0.565183,2.449260,4.678690,0.278986,0.955750,0.093325
4138,0.568564,2.433790,4.684260,0.568694,-0.560618,0.601909
4139,0.728811,-0.064334,1.540080,-0.899108,-0.168085,-0.404169
4140,1.051490,0.659416,2.790250,-0.008576,0.985276,-0.170756
4141,1.044350,0.646536,2.792840,-0.897907,-0.424080,0.117979
4142,1.056470,0.648572,2.801350,0.456009,-0.128037,0.880717
4143,1.378470,0.562020,2.808870,0.440228,0.846150,-0.300382
4144,1.376080,0.548847,2.802550,0.117966,-0.566471,-0.815595
4145,1.366140,0.558965,2.816470,-0.801024,0.368993,0.471386
4146,1.553530,0.542813,2.861460,0.366141,-0.911740,0.186202
4147,1.550560,0.549515,2.849270,-0.011723,-0.035331,-0.999307
4148,1.554250,0.557019,2.861030,0.443805,0.887142,0.126556
4149,1.543390,0.550451,2.867900,-0.678194,0.051697,0.733062
4150,1.377530,0.550001,2.816930,0.343272,-0.626233,0.699998
4151,1.324340,0.762047,2.783930,-0.398261,0.805459,-0.438890
4152,1.246640,0.560780,2.763530,0.453160,0.824531,0.338813
4153,1.245810,0.545831,2.762280,0.424209,-0.873149,0.240120
4154,1.243120,0.553417,2.749600,0.072106,0.042101,-0.996508
4155,1.232770,0.552695,2.765220,-0.889853,-0.025016,0.455562
4156,0.648942,0.448715,2.844790,0.194214,0.274378,0.941805
4157,0.642759,0.452711,2.827550,-0.380817,0.645989,-0.661572
4158,0.641783,0.440893,2.835350,-0.717700,-0.689544,0.097138
4159,1.324980,0.562417,2.786940,0.084939,0.984485,0.153543
4160,1.329540,0.548699,2.787660,0.655967,-0.713598,0.245938
4161,1.325260,0.554143,2.774950,0.089979,-0.024846,-0.995634
4162,0.649349,0.647658,2.839970,0.409746,0.026118,0.911826
4163,0.641927,0.639855,2.830230,-0.371284,-0.928463,0.010248
4164,0.648574,0.647750,2.820010,0.337682,0.034645,-0.940622
4165,1.060930,0.556735,2.784080,-0.118722,0.251164,-0.960636
4166,1.054850,0.551570,2.796350,-0.923280,-0.305966,0.232247
4167,1.064620,0.560059,2.803170,0.221584,0.557737,0.799894
4168,1.135830,0.738825,2.771950,-0.436418,-0.894861,0.093608
4169,1.448930,0.744218,2.815510,0.203231,-0.377643,-0.903373
4170,1.252380,0.246068,2.758820,0.667321,-0.295445,-0.683663
4171,1.357240,0.444825,2.809150,-0.806585,-0.510606,-0.297829
4172,1.361970,0.457834,2.816480,-0.252411,0.846889,0.468048
4173,1.369940,0.451870,2.803280,0.523227,0.235888,-0.818896
4174,1.334090,-0.044866,1.949430,-0.813841,-0.170518,-0.555505
4175,1.122080,-0.053869,2.026610,0.041484,-0.943093,0.329932
4176,1.114120,-0.043634,2.019520,-0.905446,0.003986,-0.424442
4177,1.128740,-0.043180,2.019150,0.875611,0.060043,-0.479271
4178,0.935044,-0.044099,2.022670,-0.314239,-0.036126,0.948656
4179,2.235550,0.566981,3.265670,-0.189903,0.712167,0.675837
4180,2.218430,0.816360,3.239010,-0.697549,-0.631527,-0.338525
4181,2.225200,0.828930,3.238340,-0.105769,0.794454,-0.598043
4182,2.236570,0.821185,3.242190,0.981768,-0.184882,-0.044151
4183,2.236810,0.154591,3.356750,-0.999868,0.013621,-0.008886
4184,1.676030,0.416822,2.911040,0.169623,-0.192406,0.966544
4185,1.666790,0.414750,2.899250,-0.861599,-0.483079,-0.155825
4186,1.679970,0.415980,2.891920,0.533721,-0.270128,-0.801357
4187,1.871560,1.652380,4.818240,0.153992,0.405829,0.900883
4188,1.846180,1.630480,4.795460,-0.079006,-0.977090,0.197618
4189,1.873900,1.640440,4.807350,0.982919,-0.097915,0.155831
4190,1.846130,1.644710,4.798480,-0.457747,0.810096,0.366350
4191,1.157870,-0.033773,2.563420,-0.967818,0.078509,-0.239091
4192,1.171230,-0.026218,2.571380,0.314336,0.794326,0.519846
4193,1.172200,-0.034819,2.559130,0.534224,-0.028797,-0.844852
4194,1.169520,-0.043419,2.571130,0.154265,-0.850212,0.503331
4195,1.658490,0.138391,2.893080,0.184753,-0.952010,0.244014
4196,1.644160,0.151955,2.891200,-0.951731,0.288620,0.104436
4197,1.653320,0.145788,2.881340,-0.262992,-0.284180,-0.921996
4198,1.674380,0.167157,2.892180,0.194150,0.691283,-0.696013
4199,2.241310,0.345357,3.268610,0.153145,-0.863631,0.480301
4200,2.244010,0.353634,3.254420,0.402058,-0.009614,-0.915564
4201,2.244180,0.361512,3.268820,0.428801,0.765742,0.479342
4202,1.679290,0.154572,2.900610,0.698602,-0.715483,0.006308
4203,1.682550,0.168178,2.903990,0.726175,0.632320,0.269891
4204,2.242160,0.249815,3.451510,0.963324,-0.214837,-0.160784
4205,2.222590,0.250339,3.447820,-0.848435,-0.166367,-0.502473
4206,2.232020,0.260417,3.453000,0.032158,0.999039,-0.029787
4207,2.224560,0.359656,3.505510,0.003984,0.939516,-0.342482
4208,2.224920,0.344823,3.503550,0.046054,-0.825665,-0.562277
4209,2.214430,0.351180,3.512130,-0.934570,-0.063798,0.350013
4210,0.092810,0.789452,4.541260,0.694643,0.708314,-0.125549
4211,-1.850550,1.645780,4.541070,-0.326887,-0.944898,0.017709
4212,-0.914491,1.455280,4.648960,-0.362665,0.196025,0.911070
4213,-0.904326,1.457470,4.639000,0.821951,0.569470,-0.010013
4214,-0.914800,1.455400,4.629350,-0.391231,0.207130,-0.896680
4215,-0.910174,1.444310,4.639020,0.043210,-0.999046,-0.006315
4216,-1.842370,2.253320,4.520900,0.581379,0.811236,-0.062405
4217,-1.662300,1.952310,4.554380,-0.116035,-0.323657,0.939033
4218,-1.668050,1.958900,4.543270,-0.904759,0.403827,-0.135405
4219,-1.659690,1.951510,4.534570,0.127378,-0.397897,-0.908544
4220,-1.654030,1.959340,4.545100,0.887588,0.449884,0.098954
4221,-1.751070,1.656040,4.536830,0.404636,-0.016908,-0.914322
4222,-1.752010,1.656590,4.556800,0.317128,0.034380,0.947759
4223,-1.758660,1.649000,4.546680,-0.410357,-0.911909,0.005347
4224,-1.854720,1.952990,4.532660,-0.346726,0.921467,0.175157
4225,-1.739320,2.044780,4.531370,-0.325776,-0.017049,-0.945293
4226,-1.731410,2.051530,4.541340,0.556036,0.830655,-0.028911
4227,-1.733180,2.037270,4.542280,0.321703,-0.942818,0.087184
4228,-1.662200,1.562730,4.556300,-0.565036,0.825062,-0.002560
4229,-1.653350,1.556230,4.546330,0.382578,0.034863,-0.923265
4230,-1.659970,1.548740,4.556370,-0.329207,-0.944236,0.006460
4231,-1.650080,1.860740,4.551500,0.747424,0.566710,0.346693
4232,-1.657730,1.850520,4.557640,-0.207205,-0.565208,0.798502
4233,-1.651540,1.853530,4.539390,0.364100,-0.287059,-0.886018
4234,-1.663470,1.860280,4.546890,-0.884894,0.403317,-0.233019
4235,-1.752810,1.956230,4.545410,-0.177129,0.793451,0.582290
4236,-1.756980,1.944090,4.539300,-0.858767,-0.511969,0.020171
4237,-1.743310,1.942940,4.543000,0.778524,-0.488749,0.393732
4238,-1.553780,2.047250,4.569180,0.116864,0.646738,-0.753706
4239,-1.548320,2.040560,4.581390,0.840597,0.011497,0.541539
4240,-1.556460,2.030780,4.573530,-0.139577,-0.929668,-0.340934
4241,-1.743260,2.154920,4.538470,0.026767,0.247061,0.968630
4242,-1.520740,2.052130,4.610460,-0.360439,0.120887,0.924916
4243,-2.228090,2.030290,4.502620,0.003788,0.996205,0.086953
4244,-2.054600,1.948070,4.526280,0.166263,0.371169,0.913559
4245,-2.057710,1.951560,4.509930,-0.135321,0.729431,-0.670536
4246,-2.064600,1.938440,4.516540,-0.820907,-0.570807,-0.017076
4247,-2.058570,2.353290,4.510080,-0.994181,-0.071218,0.080818
4248,-2.233850,1.961410,4.502050,0.406445,0.834821,-0.371318
4249,-2.228150,1.943270,4.503090,0.660967,-0.727363,-0.184568
4250,-1.646880,2.148560,4.538220,0.699964,-0.700927,0.136936
4251,-1.655230,2.156270,4.546940,-0.315752,0.254787,0.913994
4252,-1.659220,2.149160,4.530980,-0.692025,-0.415434,-0.590352
4253,-1.558360,1.834240,4.579460,0.654368,-0.704979,0.273508
4254,-1.565580,1.844750,4.586750,-0.169537,0.435687,0.883988
4255,-1.571130,1.838940,4.574840,-0.942655,-0.141354,-0.302357
4256,1.933170,1.951610,4.795760,-0.892223,-0.426294,0.149033
4257,1.943670,1.964940,4.799940,0.117731,0.835578,0.536609
4258,1.943670,1.957640,4.784060,0.121226,0.155725,-0.980334
4259,-1.647880,2.161700,4.532620,0.393121,0.799428,-0.454281
4260,-1.562900,2.043290,4.583270,-0.757685,0.270787,0.593791
4261,-1.559300,1.843260,4.567900,0.411825,0.297389,-0.861371
4262,-1.659340,2.243170,4.531090,0.471769,-0.025740,-0.881346
4263,0.858240,0.815245,2.808710,0.881428,0.416713,-0.222341
4264,1.346820,1.653690,4.849410,-0.137773,0.634841,0.760260
4265,1.347700,1.652580,4.832620,-0.048996,0.505117,-0.861659
4266,1.342240,1.641590,4.841510,-0.725568,-0.687749,-0.023515
4267,1.439810,2.070970,4.845950,-0.722599,0.685794,0.086812
4268,1.449710,2.065470,4.834860,0.299789,0.075518,-0.951012
4269,1.444540,2.056870,4.845840,-0.239355,-0.967142,0.085701
4270,1.642590,2.659570,4.820050,-0.833195,-0.547013,-0.081016
4271,1.651430,2.671290,4.812250,0.015543,0.571691,-0.820322
4272,1.659010,2.659880,4.821660,0.818249,-0.569131,0.080978
4273,1.725940,2.184410,4.528210,-0.286384,-0.382117,-0.878619
4274,1.724150,2.183450,4.544780,-0.465523,-0.480553,0.743207
4275,1.726720,2.198360,4.537720,-0.210310,0.976465,0.047812
4276,1.456020,1.648670,4.856480,0.967817,-0.204444,0.146743
4277,1.347020,2.300380,4.672280,0.531683,-0.416090,0.737687
4278,1.338080,2.297990,4.660170,-0.370239,-0.795484,-0.479716
4279,1.345150,2.310910,4.656260,0.358512,0.559839,-0.747028
4280,1.959260,1.842590,4.814690,0.240805,0.029916,0.970112
4281,1.860100,2.648250,4.758660,0.518865,0.813270,0.263385
4282,1.795370,0.828507,2.910840,-0.260198,-0.534642,0.804025
4283,1.807410,0.863727,2.902790,-0.253419,0.857122,0.448465
4284,1.790720,0.837313,2.897650,-0.921802,0.217454,-0.320928
4285,1.088240,2.042120,4.815330,0.935731,-0.346425,0.066305
4286,1.556040,1.943480,4.858040,0.409577,-0.777430,0.477335
4287,1.556790,1.956640,4.852350,0.696238,0.710362,-0.103144
4288,1.543900,1.956110,4.858640,-0.739342,0.427936,0.519851
4289,1.821930,2.592390,4.773820,-0.487863,-0.343584,-0.802458
4290,1.825380,2.589090,4.789490,-0.150733,-0.666701,0.729924
4291,1.823980,2.605920,4.784790,-0.272365,0.927590,0.255721
4292,1.834820,2.596470,4.780410,0.977239,0.069924,-0.200287
4293,1.651410,2.670400,4.828850,0.015182,0.542117,0.840166
4294,1.197930,2.692770,4.752100,-0.187637,-0.628702,-0.754669
4295,1.559970,2.674600,4.751600,0.621307,-0.583556,-0.522916
4296,1.553380,2.688550,4.752710,0.015722,0.858553,-0.512483
4297,1.554430,2.684200,4.767520,0.109822,0.302703,0.946736
4298,1.735020,2.408630,4.782410,-0.432764,0.123500,-0.893008
4299,1.719560,2.431010,4.812330,-0.528323,0.713483,-0.460235
4300,1.747270,2.408900,4.791000,0.991381,0.007276,0.130808
4301,1.728160,2.426290,4.825020,0.484863,0.205517,0.850100
4302,2.173790,2.590510,4.747560,-0.115775,0.603011,0.789287
4303,2.170340,2.589060,4.732040,-0.473043,0.498264,-0.726611
4304,2.171440,2.574270,4.737960,-0.338093,-0.933548,-0.119087
4305,1.842190,2.699890,4.681930,-0.376671,0.459764,-0.804199
4306,1.848840,2.685960,4.687790,0.266602,-0.920780,-0.284760
4307,1.840320,2.693930,4.699470,-0.551147,-0.095036,0.828978
4308,2.183100,2.582870,4.739380,0.987750,-0.154798,0.019702
4309,1.628960,2.302860,4.827650,0.684605,0.110622,0.720471
4310,1.612970,2.296620,4.823130,-0.827251,-0.479353,0.293047
4311,1.624830,2.297500,4.814810,0.421366,-0.567662,-0.707255
4312,1.619260,2.310830,4.816120,-0.240186,0.892473,-0.381840
4313,1.560380,2.344680,4.777580,0.756176,-0.524833,-0.390830
4314,1.554590,2.353540,4.787190,0.975545,0.194043,0.103247
4315,1.546460,2.342020,4.784790,-0.418713,-0.904453,0.081514
4316,1.551230,2.357100,4.773760,-0.078629,0.647330,-0.758143
4317,1.980880,1.938950,4.815950,0.203964,-0.015277,0.978859
4318,1.972820,1.932360,4.804370,-0.651304,-0.749597,-0.117929
4319,1.985970,1.937400,4.797720,0.677701,-0.159539,-0.717822
4320,1.775920,2.340770,4.676730,-0.845641,0.150290,-0.512156
4321,1.785790,2.345120,4.685900,0.108852,0.847615,0.519326
4322,1.794560,2.337970,4.677380,0.885456,-0.109756,-0.451577
4323,1.909910,2.604850,4.759330,0.193354,-0.805567,0.560067
4324,1.914490,2.619370,4.759070,0.578632,0.695785,0.425521
4325,1.900600,2.615670,4.754400,-0.893917,0.448162,-0.007894
4326,1.908830,2.607850,4.744440,0.055386,-0.369475,-0.927588
4327,1.850930,1.775050,4.791820,-0.629949,0.768924,0.109179
4328,1.841840,1.639460,4.784880,-0.217711,0.232005,-0.948038
4329,1.876910,1.654910,4.800420,0.572157,0.583767,-0.576067
4330,2.046310,1.681060,4.803430,0.429976,-0.827536,0.360977
4331,2.033610,1.683700,4.794450,-0.538542,-0.782799,-0.311768
4332,2.606810,1.800270,4.830000,-0.066399,0.994636,0.079308
4333,2.579990,1.865040,4.811000,0.370634,0.145758,-0.917270
4334,2.571280,1.854100,4.822560,-0.446006,-0.879197,0.167603
4335,2.569430,1.870680,4.822600,-0.665215,0.723609,0.184062
4336,2.183420,0.861438,3.348800,0.229541,0.134497,-0.963961
4337,1.942290,0.849389,2.964080,0.390786,-0.879875,0.270381
4338,1.942620,0.868569,2.959260,0.421015,0.890119,-0.174452
4339,1.933180,0.860696,2.967880,-0.573861,0.208896,0.791863
4340,1.925080,2.061480,4.803390,0.166201,0.114068,0.979472
4341,1.923160,2.052210,4.792430,-0.016028,-0.998603,-0.050351
4342,1.928800,2.062410,4.783830,0.511391,0.200362,-0.835664
4343,2.160370,2.590270,4.653760,-0.396469,0.398646,0.826979
4344,2.165340,2.576970,4.646740,0.077108,-0.976448,0.201504
4345,2.174330,2.588780,4.641210,0.903229,0.259845,-0.341551
4346,1.140880,2.247890,4.828170,-0.836894,0.529042,-0.140434
4347,1.155590,2.246800,4.829250,0.872674,0.487423,-0.029305
4348,1.149260,2.236320,4.820960,0.052192,-0.613187,-0.788212
4349,2.570700,1.925400,4.820950,-0.635937,-0.054206,-0.769835
4350,2.579370,1.933090,4.829470,0.246064,0.968835,0.028487
4351,2.584590,1.919870,4.827260,0.737405,-0.641954,-0.210068
4352,2.574620,1.923870,4.839430,-0.272832,-0.195922,0.941901
4353,2.054070,1.717340,4.817070,0.580107,0.472136,0.663749
4354,1.656290,0.829882,2.858350,0.382053,-0.414616,-0.825911
4355,2.569830,1.598310,4.800620,0.146622,-0.976975,-0.154989
4356,2.564780,1.608680,4.809900,-0.374402,-0.316112,0.871720
4357,1.643680,1.565210,4.859270,-0.553860,0.060004,-0.830445
4358,1.927470,1.581540,4.789560,-0.089514,0.293545,-0.951745
4359,1.922890,1.572230,4.800030,-0.670429,-0.741647,0.022004
4360,1.926450,1.583030,4.809390,-0.183954,0.431571,0.883124
4361,1.656350,1.651220,4.868870,0.879670,0.202624,0.430261
4362,1.642430,1.642400,4.869850,-0.458409,-0.679810,0.572468
4363,1.646700,1.645360,4.854170,-0.019694,-0.343256,-0.939035
4364,1.868350,1.556920,4.800280,-0.480258,0.742575,-0.466835
4365,1.883540,1.550530,4.804210,0.988900,0.121853,-0.085026
4366,1.871130,1.541730,4.801350,-0.249577,-0.867431,-0.430436
4367,1.765210,1.835630,4.774400,0.908815,-0.407128,0.091121
4368,1.749810,1.834070,4.774860,-0.775722,-0.613039,0.149794
4369,1.755850,1.842490,4.763350,-0.074234,0.283466,-0.956105
4370,1.832270,1.633020,4.798870,-0.860502,-0.321242,0.395399
4371,0.465525,-0.064877,1.678660,0.245309,-0.030755,0.968957
4372,1.828520,1.566310,4.772490,-0.214593,0.729333,-0.649633
4373,1.457280,1.947060,4.859560,0.229773,0.301541,0.925352
4374,1.449110,1.939520,4.850440,-0.793462,-0.600605,0.098450
4375,1.462250,1.938060,4.844790,0.697427,-0.545482,-0.464806
4376,2.197170,2.245060,4.721830,0.336253,-0.149797,0.929782
4377,2.199240,2.241290,4.705640,0.562514,-0.534685,-0.630627
4378,2.193540,2.256740,4.708690,-0.005764,0.951230,-0.308430
4379,2.172710,0.872049,3.263370,0.676701,-0.213467,0.704632
4380,2.220150,0.748778,3.349470,-0.867812,-0.481555,-0.122504
4381,2.239890,0.751272,3.351180,0.967627,-0.249735,0.036483
4382,2.228500,0.756529,3.358340,-0.122438,0.319880,0.939514
4383,2.218020,0.757191,3.456680,-0.174003,0.407664,0.896400
4384,1.739550,0.215650,2.900540,-0.781640,-0.523868,0.338528
4385,1.357300,1.642100,4.843120,0.861818,-0.489094,0.134375
4386,1.363640,0.057585,2.836820,0.894818,0.249995,-0.369870
4387,1.349000,0.059300,2.838050,-0.844130,0.477577,-0.243648
4388,1.356920,0.058099,2.850480,0.097042,0.247742,0.963954
4389,1.332510,-0.024949,2.880810,0.392738,-0.912585,0.113778
4390,1.453100,0.642531,2.834110,0.781670,-0.436526,0.445463
4391,1.439890,0.642605,2.828390,-0.839297,-0.487003,-0.241679
4392,1.450290,0.648541,2.820390,0.367360,0.204074,-0.907414
4393,1.649810,0.271703,2.899560,-0.282681,0.793467,0.538982
4394,1.046590,0.050512,2.842910,-0.353339,0.432671,0.829426
4395,1.053990,0.051851,2.830410,0.455021,0.770557,-0.446316
4396,1.044990,0.041425,2.825600,-0.500800,-0.404451,-0.765257
4397,-0.049694,-0.052719,1.844610,-0.150431,0.987485,0.047374
4398,0.845508,-0.064338,1.245590,0.828107,0.403428,-0.389210
4399,0.641019,0.654102,2.830330,-0.503033,0.863948,0.023511
4400,1.328110,0.658091,2.793020,0.838764,0.423948,0.341676
4401,0.745028,0.047113,2.835530,-0.175192,-0.983180,0.051630
4402,0.755120,0.057282,2.841650,0.785185,0.123827,0.606754
4403,0.741516,0.061078,2.837950,-0.653252,0.660320,0.370458
4404,0.978692,-0.037567,2.385390,-0.521827,0.663585,-0.536051
4405,0.993496,-0.041489,2.391520,0.943677,0.328637,0.038363
4406,0.984654,-0.055014,2.388200,0.033406,-0.961062,-0.274306
4407,1.055570,0.645385,2.783020,0.371987,-0.424520,-0.825475
4408,1.360920,0.642369,2.806980,-0.602159,-0.758067,-0.250478
4409,1.335690,1.847510,4.824310,-0.493365,-0.641362,-0.587576
4410,1.337550,1.861320,4.829220,-0.455677,0.868020,-0.197232
4411,1.350980,1.855310,4.828870,0.979398,0.075489,-0.187298
4412,1.340610,1.852280,4.840700,-0.048447,-0.222238,0.973788
4413,1.331170,0.816573,2.781220,-0.166775,0.741851,-0.649495
4414,1.343050,0.807083,2.789770,0.975248,-0.154293,0.158385
4415,1.329830,0.802148,2.784870,-0.392303,-0.823139,-0.410538
4416,1.357670,0.356564,2.819750,-0.020536,0.189646,0.981638
4417,1.358660,0.346050,2.809100,0.090360,-0.995907,-0.002226
4418,1.364900,0.357264,2.801320,0.646437,0.254038,-0.719433
4419,1.253920,0.753738,2.748630,0.489282,0.631297,-0.601720
4420,0.343515,-0.075881,1.670050,-0.094488,-0.954397,-0.283194
4421,0.343295,-0.056018,1.668310,-0.114926,0.888269,-0.444714
4422,0.352490,-0.065380,1.674510,0.984384,0.026182,0.174077
4423,1.328370,0.810441,2.797210,-0.443252,0.170473,0.880038
4424,1.316420,0.552131,2.792710,-0.729433,-0.211347,0.650584
4425,1.251980,0.453071,2.765360,0.618482,0.756205,0.213623
4426,1.248750,0.443616,2.753160,0.223953,-0.234477,-0.945973
4427,1.239170,0.447345,2.763000,-0.984918,0.163719,-0.055962
4428,1.131530,-0.037856,1.748220,0.287098,0.953004,0.096743
4429,1.061040,-0.041513,1.661300,0.180149,0.961762,0.206303
4430,1.067410,-0.058529,1.658630,0.775652,-0.629664,-0.043435
4431,1.056450,-0.051763,1.652540,-0.376538,0.004486,-0.926390
4432,1.054170,-0.037528,1.842210,0.145748,0.975719,0.163493
4433,1.046060,-0.048604,1.837970,-0.911218,-0.201644,-0.359195
4434,1.052330,-0.054055,1.849690,-0.035530,-0.605905,0.794743
4435,1.052680,-0.055257,1.665820,-0.647910,-0.348645,0.677243
4436,1.047040,-0.053379,1.565810,-0.855274,-0.024538,0.517595
4437,0.965072,-0.062087,1.743480,-0.022087,-0.999408,-0.026386
4438,0.970367,-0.048644,1.750830,0.503731,0.502395,0.702748
4439,0.955243,-0.051397,1.745690,-0.955952,0.223781,0.189944
4440,0.759286,-0.075437,1.244620,0.202653,-0.452449,-0.868459
4441,0.762698,-0.076693,1.259900,0.498499,-0.509208,0.701574
4442,0.746941,-0.071081,1.253300,-0.996894,0.023411,0.075194
4443,0.760462,-0.062232,1.253040,0.314294,0.947704,0.055463
4444,0.955272,-0.067076,1.536270,0.174304,-0.979077,-0.105005
4445,1.023480,-0.058590,1.482820,0.513912,-0.180379,-0.838664
4446,1.022640,-0.057493,1.497290,0.558188,-0.089624,0.824859
4447,1.010200,-0.064233,1.493920,-0.719300,-0.648316,0.249587
4448,0.842192,-0.054278,1.758220,-0.845014,0.002281,0.534739
4449,0.848506,-0.044231,1.750280,-0.031688,0.937246,-0.347226
4450,0.848237,-0.064215,1.749940,-0.056743,-0.923684,-0.378930
4451,1.731240,0.120261,2.899840,-0.338864,-0.940479,0.025875
4452,1.062950,-0.038083,2.748770,0.428148,-0.764921,0.481233
4453,1.055480,-0.033442,2.737220,-0.360747,-0.466087,-0.807852
4454,1.062560,-0.020897,2.739030,0.392172,0.819937,-0.417018
4455,1.313570,0.143121,2.796550,-0.925768,-0.372957,0.062093
4456,1.315500,0.158306,2.799070,-0.451077,0.869275,0.202212
4457,0.980988,-0.044815,2.397400,-0.467406,-0.017259,0.883874
4458,1.084550,0.256918,2.806650,0.103180,0.376899,0.920489
4459,1.073740,0.252652,2.794800,-0.938425,-0.081764,-0.335667
4460,1.087390,0.244114,2.798830,0.372033,-0.926926,0.048997
4461,0.606357,1.567190,4.693890,-0.060299,-0.968006,-0.243572
4462,0.614784,1.567370,4.711490,0.600838,-0.531937,0.596688
4463,0.601120,1.573350,4.707150,-0.861896,-0.129216,0.490345
4464,0.613511,1.600620,4.703080,0.348895,-0.506304,0.788625
4465,1.015740,-0.047531,1.489250,-0.273233,0.944082,-0.184535
4466,0.444291,-0.079630,1.148320,-0.842004,-0.095481,-0.530954
4467,0.450001,-0.068589,1.155510,-0.093049,0.956809,0.275423
4468,0.458419,-0.078709,1.150030,0.946623,0.020397,-0.321696
4469,0.451068,-0.088459,1.157390,0.006268,-0.892776,0.450457
4470,0.601002,-0.082849,0.886170,-0.972047,-0.078258,-0.221360
4471,0.614281,-0.073100,0.885198,0.319987,0.889940,-0.324985
4472,0.615584,-0.090349,0.884316,0.437344,-0.804720,-0.401442
4473,0.820281,-0.081565,1.175880,0.089292,-0.962308,0.256888
4474,0.454971,-0.091553,1.041970,0.020417,-0.927367,0.373596
4475,0.461780,-0.081592,1.034360,0.889730,0.002654,-0.456480
4476,0.454763,-0.071559,1.041680,0.001011,0.938031,0.346549
4477,0.658241,-0.074667,1.162400,0.718281,-0.127763,0.683922
4478,0.644026,-0.079562,1.157920,-0.690626,-0.659550,0.296698
4479,0.650876,-0.074981,1.144580,0.027838,-0.157259,-0.987165
4480,0.347492,-0.070851,1.334260,-0.132975,0.557891,-0.819192
4481,-0.253204,-0.085307,1.153420,0.317131,0.006776,0.948358
4482,-0.259812,-0.075464,1.145560,-0.384653,0.922137,-0.041286
4483,-0.259305,-0.095451,1.145530,-0.337395,-0.940331,-0.044080
4484,-0.251455,-0.085244,1.139300,0.533550,0.014659,-0.845642
4485,0.147387,-0.066086,1.362740,-0.301378,0.953130,-0.026726
4486,0.155714,-0.076262,1.368850,0.655680,0.021810,0.754724
4487,0.153131,-0.077895,1.354670,0.279761,-0.165663,-0.945669
4488,-0.141882,-0.088718,0.951156,0.671046,0.075746,0.737536
4489,-0.146158,-0.096030,1.046200,0.224583,-0.951760,0.209081
4490,-0.158638,-0.095337,0.753295,-0.859635,-0.025119,0.510291
4491,-0.339936,-0.099471,0.667419,0.926078,0.245366,-0.286662
4492,-0.047315,-0.091928,0.561764,-0.277036,0.607945,0.744079
4493,0.057607,-0.094649,0.651438,0.923403,0.032709,0.382436
4494,0.046351,-0.083763,0.741171,-0.613106,0.761927,-0.208730
4495,0.050276,-0.102453,0.744704,-0.251375,-0.960802,0.116922
4496,0.056486,-0.089781,0.751461,0.385552,0.248905,0.888480
4497,-0.135664,-0.111966,0.239637,0.791900,-0.151490,-0.591561
4498,0.252154,-0.095504,0.946943,-0.313678,-0.948915,-0.034149
4499,0.251171,-0.075536,0.946676,-0.405286,0.912282,-0.059033
4500,0.259724,-0.085205,0.940729,0.538380,0.015243,-0.842565
4501,0.114675,-0.118068,0.196928,-0.808581,-0.372551,0.455415
4502,-0.048311,-0.120740,0.187936,0.092536,-0.976944,-0.192400
4503,-0.055418,-0.109570,0.196687,-0.665182,0.139584,0.733518
4504,-0.052455,-0.106330,0.181436,-0.317402,0.448665,-0.835437
4505,-0.040208,-0.106820,0.193087,0.868371,0.388643,0.308041
4506,0.052788,-0.100457,0.239353,0.246821,0.968358,0.036906
4507,0.047562,-0.118214,0.246485,-0.237163,-0.676262,0.697440
4508,0.057153,-0.114089,0.236197,0.858108,-0.387763,-0.336586
4509,0.042869,-0.110454,0.234779,-0.865380,0.054661,-0.498127
4510,0.409667,-0.101479,0.585749,0.138764,-0.950519,-0.277953
4511,0.153967,-0.097798,0.850126,-0.027846,-0.995667,0.088719
4512,-0.749854,-0.076986,1.535710,-0.856832,0.233103,-0.459893
4513,-2.951690,1.347700,4.464350,0.231274,0.222356,0.947138
4514,-0.437163,-0.091030,1.365310,0.034269,-0.978698,-0.202424
4515,-0.444087,-0.080019,1.371180,-0.870819,0.054085,0.488620
4516,-0.438343,-0.071741,1.361070,-0.074615,0.801314,-0.593573
4517,-0.453749,-0.075861,1.536550,-0.974718,0.029747,-0.221450
4518,-0.439931,-0.076382,1.533520,0.773691,-0.036569,-0.632507
4519,-0.445211,-0.086051,1.542410,0.058096,-0.924223,0.377408
4520,-0.556102,-0.081423,1.349750,-0.843698,-0.021935,-0.536370
4521,-0.549840,-0.091160,1.358040,-0.035167,-0.924472,0.379625
4522,-0.550056,-0.071169,1.357560,-0.055329,0.940622,0.334917
4523,-0.676470,-0.078803,1.456720,-0.359579,0.073099,0.930247
4524,-2.650700,1.258960,4.483700,0.029684,0.552984,-0.832663
4525,-2.658530,1.248670,4.491800,-0.863007,-0.493902,-0.106205
4526,-2.651530,1.256240,4.503030,-0.046956,0.302349,0.952040
4527,-3.145200,1.247340,4.443380,0.601392,-0.465973,-0.648997
4528,-3.158760,1.248860,4.449470,-0.895842,-0.432060,-0.103880
4529,-3.153250,1.262740,4.448770,-0.153565,0.977694,-0.143289
4530,-2.964950,1.157610,4.467570,0.773261,0.356949,0.524075
4531,-2.979020,1.159580,4.462330,-0.711598,0.701425,0.040389
4532,-2.976820,1.145050,4.465990,-0.354271,-0.851033,0.387601
4533,-3.298810,2.334580,4.423680,0.354697,0.932245,-0.071479
4534,-3.113620,2.462620,4.436040,0.867182,0.486675,0.105559
4535,-3.037120,2.250780,4.431240,0.121579,0.389392,-0.913013
4536,-3.036760,2.249780,4.451190,0.155104,0.296501,0.942353
4537,-3.033060,2.240650,4.440660,0.669472,-0.741170,-0.049746
4538,-3.296580,2.136760,4.414240,0.399824,0.837067,-0.373443
4539,-3.046220,2.246110,4.441180,-0.997970,-0.061773,0.015516
4540,-2.964870,2.029990,4.435360,-0.708616,-0.414799,-0.570794
4541,-3.231300,2.053760,4.415810,0.057658,-0.409514,-0.910480
4542,-3.224390,2.060110,4.426540,0.960831,0.249098,0.121462
4543,-3.234080,2.054820,4.435570,-0.201102,-0.310669,0.929001
4544,-3.212770,1.545160,4.433290,0.450478,-0.852338,0.265687
4545,-3.217950,1.554160,4.423450,-0.075189,0.029835,-0.996723
4546,-3.211750,1.562750,4.433050,0.526340,0.817947,0.232228
4547,-3.238210,2.062910,4.424450,-0.789744,0.596563,-0.142890
4548,-3.224870,1.945180,4.431070,0.905659,-0.417102,0.076214
4549,-3.049600,1.552800,4.437470,0.104095,-0.461160,-0.881190
4550,-3.043900,1.561590,4.447250,0.872091,0.488040,0.035701
4551,-3.051410,1.554590,4.457250,-0.063777,-0.295115,0.953331
4552,-3.240730,1.862170,4.419600,-0.379765,0.062507,-0.922969
4553,-3.244360,1.862320,4.436250,-0.719961,0.075643,0.689880
4554,-3.229840,1.868900,4.430230,0.684217,0.720060,0.115584
4555,-3.141280,1.545000,4.428600,-0.074818,-0.333853,-0.939651
4556,-3.132920,1.549550,4.439120,0.990915,0.124573,0.050676
4557,-3.142240,1.544430,4.448520,-0.163849,-0.386741,0.907516
4558,-2.851480,1.647290,4.467730,-0.246956,-0.199464,0.948276
4559,-2.857470,1.652930,4.453710,-0.833398,0.352977,-0.425270
4560,-2.844340,1.640970,4.452720,0.422438,-0.764047,-0.487625
4561,-3.215070,1.435580,4.429600,-0.610522,-0.046249,-0.790648
4562,-3.161940,1.160050,4.452970,-0.837521,0.493345,-0.234881
4563,-3.146220,1.554460,4.438630,-0.700154,0.713880,-0.012637
4564,-2.970680,1.152070,4.452160,0.241934,-0.169451,-0.955382
4565,-3.153780,1.459430,4.441220,-0.277196,0.952573,-0.125571
4566,-2.972030,1.639170,4.447790,-0.574268,-0.748505,0.331597
4567,-2.989920,1.239140,4.465730,-0.588835,-0.768811,0.249405
4568,-2.975950,1.246770,4.469910,0.776475,0.006099,0.630118
4569,-2.988130,1.254490,4.464150,-0.455205,0.884822,0.099389
4570,-3.046380,1.260960,4.456990,0.276604,0.958211,-0.072956
4571,-2.752510,1.352700,4.467080,0.019244,-0.441179,-0.897213
4572,-2.745360,1.359630,4.477210,0.956975,0.283627,0.061275
4573,-2.754230,1.354240,4.486910,-0.140438,-0.297942,0.944197
4574,-2.759270,1.362170,4.475800,-0.805961,0.580596,-0.115482
4575,-3.147790,1.251130,4.459360,0.385839,-0.118912,0.914871
4576,-3.200670,0.762661,4.456260,0.391419,-0.906202,0.159964
4577,-2.676270,0.959018,4.499870,-0.712441,0.585668,0.386549
4578,-2.662070,0.954975,4.499390,0.832834,0.290341,0.471264
4579,-2.665960,0.953152,4.485250,0.243618,0.041647,-0.968977
4580,-2.456550,1.553700,4.502510,0.199394,0.065609,0.977721
4581,-1.653320,1.556420,4.566240,0.387036,0.052650,0.920560
4582,-1.568050,0.842107,4.581580,-0.393312,-0.661374,-0.638663
4583,-1.638710,0.741767,4.568240,0.845249,-0.534364,-0.002953
4584,-1.740260,0.640416,4.572380,0.636639,-0.770486,0.032281
4585,-1.743760,0.654290,4.572340,0.201438,0.979111,0.027656
4586,-1.749870,0.645481,4.581810,-0.420798,-0.101630,0.901444
4587,-1.748520,0.645771,4.561880,-0.295049,-0.074612,-0.952564
4588,-1.507810,1.533730,4.603010,0.998666,-0.035274,-0.037709
4589,-1.522180,1.526350,4.597750,-0.414747,-0.735286,-0.536041
4590,-1.520930,1.542090,4.599720,-0.333194,0.857190,-0.392691
4591,-2.450460,1.645410,4.494050,0.646020,-0.471347,0.600409
4592,-2.463110,1.645400,4.486750,-0.709310,-0.701279,-0.071325
4593,-2.454270,1.653420,4.478340,0.347294,0.271160,-0.897697
4594,-1.954340,1.551320,4.545000,-0.429835,-0.008245,0.902870
4595,-1.953230,1.550470,4.525110,-0.327078,-0.087059,-0.940979
4596,-1.945200,1.544640,4.535800,0.552603,-0.830792,0.066440
4597,-2.048210,1.653340,4.517920,-0.012906,0.356992,-0.934018
4598,-1.862080,1.843850,4.533700,-0.797387,-0.593031,-0.111748
4599,-1.648240,1.446170,4.551100,0.610264,0.013254,-0.792087
4600,-1.955540,1.469910,4.538120,-0.751732,0.658971,-0.025624
4601,-1.750420,1.750910,4.554530,-0.314452,0.044873,0.948212
4602,-2.352210,1.052840,4.507940,0.491834,-0.172662,-0.853397
4603,-2.362450,1.048440,4.517150,-0.618677,-0.785645,0.000040
4604,-2.359480,1.062550,4.516070,-0.240468,0.961597,-0.132313
4605,-2.044880,1.556960,4.521060,-0.491289,0.007530,-0.870964
4606,-2.043130,1.557720,4.540700,-0.330053,0.077657,0.940763
4607,-2.034800,1.563920,4.529810,0.557597,0.826110,-0.081417
4608,-1.849800,1.553670,4.535160,0.101182,-0.365176,-0.925424
4609,-1.842380,1.255640,4.555590,0.501956,0.842306,-0.196372
4610,-1.854420,1.243240,4.549480,-0.619563,-0.362848,-0.696048
4611,-1.850980,1.250130,4.566110,-0.379829,0.277548,0.882438
4612,-1.847720,1.340610,4.553300,0.899716,-0.428400,0.083573
4613,-1.862030,1.340440,4.551780,-0.864979,-0.490700,-0.105001
4614,-1.854530,1.348840,4.542820,0.074506,0.424940,-0.902150
4615,-1.941290,1.041840,4.552120,0.562966,-0.824464,-0.057701
4616,-1.948610,1.047610,4.562930,-0.287716,-0.035081,0.957073
4617,-1.951290,1.047150,4.543430,-0.535023,-0.077524,-0.841273
4618,-1.942170,1.056090,4.551900,0.378201,0.922753,-0.074103
4619,-0.836004,-0.060125,2.141430,0.081379,0.306579,0.948360
4620,-1.141640,-0.060320,2.109310,-0.474213,0.569747,0.671201
4621,-1.076740,-0.063257,2.029750,-0.801072,0.275208,-0.531549
4622,-1.062690,-0.065808,2.031170,0.842127,0.026748,-0.538615
4623,-1.069930,-0.076245,2.037840,-0.110036,-0.958972,0.261276
4624,-1.119710,-0.065632,2.079360,0.839865,0.482416,0.248800
4625,-1.067280,-0.058851,2.042850,0.138011,0.669156,0.730194
4626,-1.128540,-0.079013,1.960610,-0.360015,-0.871661,0.332561
4627,-1.129350,-0.066175,2.101190,0.796354,0.483274,0.363686
4628,-0.936206,-0.063989,2.152170,0.839556,-0.116556,0.530623
4629,0.348927,0.450437,2.827920,0.334244,0.106214,0.936483
4630,0.206443,0.356644,3.012870,0.018487,0.998208,0.056915
4631,0.195560,0.658624,2.983530,-0.479903,0.121854,-0.868818
4632,0.973190,-0.034408,2.719270,0.343957,0.118926,-0.931424
4633,0.972264,-0.043796,2.731540,0.319590,-0.916584,0.240284
4634,0.962028,-0.034076,2.728450,-0.968894,0.212664,-0.126567
4635,0.178956,0.649186,3.034530,-0.678073,-0.232019,0.697413
4636,0.855571,0.153295,2.834590,0.434332,0.899502,0.047455
4637,0.848310,0.145446,2.844260,-0.351507,-0.059717,0.934279
4638,0.855545,0.138955,2.833680,0.434809,-0.898049,-0.066699
4639,0.178186,0.731513,3.022490,-0.954031,-0.088021,0.286491
4640,0.190782,0.726100,3.015840,0.441963,-0.814772,-0.375254
4641,0.193975,0.727545,3.030670,0.483439,-0.352701,0.801180
4642,0.450101,0.545688,2.831800,0.418121,0.004433,0.908380
4643,0.338540,-0.065185,1.678500,-0.742183,0.050376,0.668301
4644,0.441313,0.240981,2.829530,-0.907276,-0.410695,-0.090440
4645,0.260365,0.644331,2.818340,-0.412894,-0.582321,0.700301
4646,0.348262,0.645297,2.807100,-0.327119,-0.752866,-0.571127
4647,0.360975,0.656100,2.809100,0.885526,0.304586,-0.350814
4648,0.351522,0.649672,2.822960,-0.002340,-0.300081,0.953911
4649,0.169769,0.651321,3.138540,-0.959504,0.266531,-0.091175
4650,0.447070,0.447484,2.833710,0.072100,0.270097,0.960130
4651,0.261472,0.248362,2.832180,-0.076853,-0.346092,0.935047
4652,0.264009,0.246139,2.813310,0.158860,-0.552748,-0.818066
4653,0.269498,0.257201,2.822480,0.814565,0.578593,0.041404
4654,0.641880,0.340892,2.831230,-0.318288,-0.810192,-0.492221
4655,0.208339,0.444882,2.916670,0.078903,0.956673,0.280270
4656,0.189700,0.083231,3.042160,-0.837252,-0.003050,0.546808
4657,0.208868,0.082947,3.046020,0.246171,-0.023536,0.968941
4658,0.454080,0.140686,2.831070,0.925025,-0.352405,-0.141913
4659,0.442176,0.150807,2.824070,-0.272335,0.604150,-0.748890
4660,0.445707,0.147355,2.842240,0.047389,0.317790,0.946976
4661,0.255616,0.151800,2.825000,-0.923518,0.304823,-0.232804
4662,0.266899,0.143602,2.836850,0.132724,-0.462640,0.876555
4663,0.269917,0.155279,2.827920,0.549229,0.833949,0.053629
4664,0.204965,0.468367,3.001020,-0.251743,0.524141,-0.813574
4665,0.179017,0.646077,3.266820,0.086799,-0.957437,-0.275282
4666,0.188009,0.657504,3.266100,0.900338,0.337437,-0.274824
4667,0.178044,0.656703,3.276190,-0.034726,0.369146,0.928722
4668,0.168127,0.655711,3.266070,-0.945358,0.170983,-0.277603
4669,1.241420,0.035840,2.839330,-0.550369,0.016198,-0.834764
4670,1.244750,0.029479,2.852120,-0.339310,-0.802966,0.490014
4671,1.246920,0.043524,2.855740,-0.041097,0.727654,0.684712
4672,0.360531,-0.050717,1.860520,-0.191974,0.937806,-0.289251
4673,0.370512,-0.060401,1.863780,0.998719,0.046426,0.020116
4674,0.361476,-0.070671,1.859670,-0.103806,-0.923801,-0.368533
4675,0.357476,-0.061263,1.869550,-0.651715,-0.063032,0.755840
4676,1.369690,0.443358,2.818540,0.499259,-0.579959,0.643730
4677,1.160220,0.036793,2.846050,0.910093,-0.080412,0.406528
4678,1.145670,0.032660,2.846530,-0.560429,-0.593368,0.577783
4679,1.151720,0.035494,2.832950,0.146223,-0.238811,-0.959994
4680,0.855536,0.254487,2.832490,0.362341,0.926293,-0.103398
4681,0.847804,0.246416,2.823780,-0.460766,-0.091245,-0.882819
4682,0.849749,0.247876,2.843600,-0.280097,0.044420,0.958943
4683,1.052810,0.157947,2.804070,0.489142,0.813207,-0.315332
4684,1.054860,0.038926,2.837110,0.504064,-0.783122,0.364197
4685,0.648510,0.746544,2.837170,0.450253,0.024588,0.892563
4686,1.141090,0.153173,2.779480,0.310966,-0.064616,-0.948222
4687,1.147770,0.153053,2.797150,0.740549,-0.056281,0.669642
4688,0.640651,-0.044320,2.663590,0.406492,-0.126105,-0.904910
4689,0.639279,-0.053018,2.675130,0.159758,-0.890311,0.426409
4690,0.628605,-0.042153,2.671390,-0.986293,0.132877,0.097828
4691,0.345912,-0.006801,2.852160,0.806873,-0.009950,0.590641
4692,0.241967,0.759833,2.797790,-0.154431,0.929535,0.334837
4693,0.723403,-0.050299,2.590250,-0.848458,-0.142642,-0.509679
4694,0.734217,-0.039209,2.594300,0.233399,0.966751,-0.104483
4695,0.739586,-0.055113,2.591860,0.733028,-0.593882,-0.331622
4696,0.567367,-0.043040,2.547590,-0.821538,0.488088,-0.294697
4697,0.579319,-0.044436,2.559840,0.330735,0.347199,0.877535
4698,0.581963,-0.046814,2.544950,0.724211,0.149937,-0.673080
4699,0.542280,0.139093,2.835690,-0.894868,-0.387089,-0.222200
4700,0.556183,0.138254,2.839360,0.813932,-0.533386,0.230248
4701,0.547835,0.147032,2.847150,-0.189043,0.429076,0.883265
4702,0.197239,0.455361,3.004890,-0.630225,-0.716084,-0.300066
4703,0.339571,-0.063064,1.744520,-0.907724,0.055365,-0.415898
4704,0.574439,-0.062611,1.741630,0.546173,-0.312547,-0.777181
4705,0.147964,-0.075710,0.943679,-0.184973,0.921855,-0.340542
4706,0.155236,-0.085224,0.951855,0.733707,-0.139665,0.664957
4707,0.153851,-0.090444,0.938383,0.370577,-0.555455,-0.744407
4708,0.140752,-0.085910,0.951828,-0.858482,-0.168418,0.484401
4709,-0.352444,-0.093930,1.245740,-0.316308,-0.948593,0.010988
4710,-0.345393,-0.083306,1.252700,0.455669,0.045198,0.889001
4711,-0.354158,-0.074141,1.245610,-0.474695,0.880150,-0.001027
4712,-0.345260,-0.083388,1.238170,0.450395,0.033252,-0.892210
4713,0.184794,0.976889,2.771800,-0.948622,-0.300699,0.098471
4714,0.197959,0.987573,2.764020,0.297438,0.710443,-0.637810
4715,0.199509,0.972094,2.767750,0.482425,-0.819479,-0.309386
4716,0.230360,0.954559,2.761250,0.281930,-0.140860,-0.949039
4717,0.223483,0.963666,2.771160,-0.450280,0.891931,-0.041324
4718,0.233709,0.957127,2.780170,0.591459,0.096611,0.800526
4719,0.240036,-0.088961,1.056590,-0.180886,-0.612278,0.769673
4720,-0.048525,-0.077604,0.941530,-0.166869,0.982068,0.087735
4721,-0.055480,-0.087859,0.934420,-0.754021,-0.277587,-0.595313
4722,-0.045476,-0.087693,0.951260,0.166575,-0.260922,0.950880
4723,-0.144819,-0.083865,1.141270,0.218294,-0.029051,-0.975451
4724,-0.150229,-0.093632,1.149970,-0.346983,-0.931700,0.107410
4725,-0.150356,-0.073646,1.149340,-0.358851,0.932126,0.048662
4726,-0.521314,-0.099400,0.749954,0.590767,-0.135069,-0.795456
4727,-0.524386,-0.087942,0.759215,0.172435,0.954936,0.241586
4728,-0.523997,-0.106900,0.762723,0.208391,-0.797718,0.565879
4729,-0.535172,-0.098608,0.755769,-0.994967,-0.037588,-0.092888
4730,0.529332,-0.053892,1.661880,0.412282,0.890018,-0.194659
4731,0.528216,-0.073736,1.663480,0.308853,-0.949981,-0.046319
4732,0.519238,-0.063631,1.658280,-0.703739,-0.017428,-0.710245
4733,0.248695,-0.105017,0.543519,0.089648,-0.965214,0.245613
4734,-0.043990,-0.102778,0.436770,0.470475,-0.016177,-0.882265
4735,-0.085503,0.117286,0.292790,-0.349455,-0.191272,0.917222
4736,0.649641,-0.065142,1.155350,-0.114150,0.993015,0.029846
4737,0.155666,-0.073890,1.039700,-0.084665,0.996358,-0.010121
4738,0.160504,-0.086299,1.047640,0.440062,-0.194190,0.876719
4739,0.161007,-0.086466,1.032140,0.489415,-0.209858,-0.846423
4740,0.057306,-0.096627,0.852819,0.658026,-0.639681,0.397253
4741,0.052795,-0.080049,0.846865,0.304505,0.941550,-0.144083
4742,0.044420,-0.089888,0.853580,-0.710380,-0.074346,0.699880
4743,0.037503,-0.087242,0.935300,-0.373829,-0.036768,-0.926769
4744,0.061859,-0.086584,1.047720,0.448755,-0.190197,0.873180
4745,-0.040001,-0.087944,0.936576,0.808655,-0.343529,-0.477562
4746,-0.050385,-0.078486,1.350850,-0.870143,-0.045293,0.490714
4747,-0.049236,-0.112769,0.335172,-0.070034,-0.504958,-0.860298
4748,0.538146,-0.085137,0.952159,-0.757377,-0.321644,0.568266
4749,0.552608,-0.082636,0.950144,0.865318,-0.102156,0.490702
4750,0.544015,-0.071963,0.944587,-0.184682,0.967679,-0.171725
4751,0.547409,-0.087719,0.937269,0.138206,-0.538388,-0.831286
4752,0.349068,-0.079692,0.945460,0.063721,0.428699,-0.901197
4753,0.354107,-0.082937,1.048340,0.498127,-0.260623,0.827010
4754,0.339533,-0.082683,1.034660,-0.861471,-0.236915,-0.449153
4755,0.353810,-0.083014,1.034050,0.634874,-0.361352,-0.682906
4756,0.347135,-0.072695,1.041350,-0.207855,0.948547,0.238862
4757,0.721852,-0.066196,1.052750,0.323504,0.931154,-0.168221
4758,0.717751,-0.075937,1.062550,-0.077840,0.033086,0.996417
4759,0.722248,-0.086165,1.053450,0.360390,-0.927087,-0.103096
4760,0.222845,0.948718,2.773300,-0.507775,-0.837150,0.203333
4761,0.636750,-0.065653,1.469040,-0.862515,0.027408,0.505289
4762,0.651222,-0.065313,1.467980,0.914026,0.071706,0.399268
4763,0.643459,-0.056480,1.459470,-0.047035,0.868528,-0.493404
4764,0.238368,-0.079894,1.519890,0.395411,-0.910608,-0.120176
4765,0.148151,-0.091183,1.039640,-0.786167,-0.617813,-0.015722
4766,0.144966,-0.085361,1.365400,-0.524467,-0.822950,0.218377
4767,0.257973,-0.085103,0.954833,0.309939,0.027947,0.950346
4768,-0.253426,-0.082822,1.234310,0.500525,0.034848,-0.865020
4769,-0.262155,-0.073373,1.241280,-0.428871,0.903288,-0.011847
4770,-0.254633,-0.083003,1.248400,0.383053,0.013861,0.923622
4771,0.551384,-0.083762,0.856731,0.349202,0.010370,0.936990
4772,-0.628316,-0.105155,0.873439,-0.561041,-0.825047,-0.067311
4773,-0.616477,-0.098109,0.880885,0.635900,-0.210688,0.742457
4774,-0.625575,-0.086147,0.876486,-0.308424,0.926972,0.213537
4775,-0.045128,-0.063559,1.528490,-0.100887,0.948128,-0.301454
4776,-0.038807,-0.074223,1.536760,0.646228,-0.341650,0.682397
4777,-0.040211,-0.075736,1.522000,0.379034,-0.409377,-0.829906
4778,-0.343521,-0.083951,1.569570,-0.185213,-0.902846,0.388028
4779,-0.348155,-0.069283,1.571970,-0.581109,0.606316,0.542856
4780,-0.344102,-0.074051,1.558440,-0.274447,0.220294,-0.936028
4781,-0.352317,-0.092868,1.156830,-0.094429,-0.529697,0.842914
4782,-0.343366,-0.088453,1.145300,0.942389,-0.146890,-0.300545
4783,-0.352499,-0.076621,1.148310,-0.111509,0.992758,0.044682
4784,-0.639887,-0.083592,0.951044,-0.092580,0.978032,0.186769
4785,-0.635908,-0.099961,0.957315,0.281953,-0.562759,0.777049
4786,-0.633250,-0.094644,0.943744,0.725892,-0.085008,-0.682536
4787,-0.654743,-0.081216,1.046620,0.222157,0.968278,0.114380
4788,-0.652423,-0.098860,1.051750,0.438410,-0.675844,0.592479
4789,-0.654899,-0.093991,1.036200,0.228455,-0.244273,-0.942411
4790,-0.647682,-0.097459,0.945556,-0.871667,-0.345195,-0.347905
4791,-0.442320,-0.095551,0.837213,0.628175,0.053576,-0.776225
4792,-0.456517,-0.094347,1.047980,-0.441082,-0.455345,0.773374
4793,-0.664641,-0.092107,1.047070,-0.973928,-0.064638,0.217455
4794,-0.550180,-0.087604,1.164430,-0.925201,0.015561,0.379159
4795,-0.355128,-0.094361,0.840523,-0.921184,-0.008592,-0.389033
4796,-0.342672,-0.100497,0.632875,0.537663,0.055075,0.841359
4797,-0.253729,-0.099555,0.651069,-0.923738,-0.053884,0.379216
4798,-0.448498,-0.106549,0.745674,-0.402329,-0.901575,-0.159042
4799,-0.440002,-0.095407,0.741644,0.597114,0.284027,-0.750189
4800,-0.438177,-0.098123,0.755846,0.590769,-0.055169,0.804952
4801,0.248183,-0.057983,1.649180,-0.309837,0.949122,-0.056287
4802,0.247039,-0.077753,1.651820,-0.416238,-0.889349,0.189219
4803,0.256395,-0.067617,1.656190,0.604542,0.070954,0.793407
4804,-0.452339,-0.090331,0.747526,-0.737156,0.675277,0.024546
4805,-0.465841,-0.084543,1.243100,-0.833544,0.114997,-0.540352
4806,-0.542014,-0.081228,1.351560,0.951416,0.002886,-0.307895
4807,0.543261,0.242501,2.835490,-0.370079,-0.928974,0.007014
4808,-0.333349,-0.071974,1.647020,0.525129,-0.030921,-0.850461
4809,-0.261046,-0.093293,1.241120,-0.325985,-0.944998,-0.026695
4810,-0.358047,-0.090491,1.141730,-0.697257,-0.339030,-0.631578
4811,-0.256968,-0.077898,1.769400,-0.351719,-0.894113,0.277230
4812,-0.246599,-0.068066,1.770920,0.825648,0.028424,0.563470
4813,-0.256231,-0.058031,1.767310,-0.283165,0.955501,0.082681
4814,-0.446332,-0.095884,1.136800,-0.065824,-0.751328,-0.656638
4815,-0.439174,-0.090497,1.149610,0.713749,-0.305561,0.630234
4816,-0.452633,-0.087102,1.146160,-0.949073,0.085976,0.303100
4817,-0.442998,-0.077394,1.141990,0.241635,0.953910,-0.177956
4818,-0.349258,-0.088257,1.355550,0.217168,-0.673754,0.706324
4819,-0.350739,-0.072181,1.352050,0.087119,0.904230,0.418066
4820,-0.361144,-0.081344,1.343070,-0.889630,-0.030204,-0.455682
4821,-0.436469,-0.072567,1.651820,0.434914,-0.168856,0.884498
4822,-0.451597,-0.072844,1.640490,-0.966840,-0.194528,-0.165468
4823,-0.436326,-0.075988,1.635950,0.507242,-0.549945,-0.663526
4824,-0.920927,-0.087371,1.284770,-0.920038,0.139812,0.366036
4825,-0.644358,-0.078493,1.159700,0.329234,0.941728,-0.068944
4826,-0.651692,-0.088127,1.167210,-0.487714,0.064200,0.870639
4827,-0.643466,-0.098353,1.161670,0.412129,-0.903948,0.114138
4828,-0.650975,-0.089495,1.153050,-0.381780,-0.107941,-0.917928
4829,0.050961,-0.083875,1.252510,-0.294587,-0.431834,0.852489
4830,-0.440703,-0.063297,1.641480,0.061155,0.992477,-0.106060
4831,-0.346670,-0.082364,1.342530,0.660255,-0.180348,-0.729067
4832,-0.157564,-0.083977,1.436080,-0.774022,-0.627997,-0.080686
4833,0.448668,-0.070578,1.455980,0.654935,-0.091167,-0.750166
4834,0.434137,-0.077508,1.464090,-0.711531,-0.700675,0.052709
4835,0.438940,-0.060219,1.462370,-0.315497,0.942209,-0.112715
4836,0.144019,-0.071947,1.653290,-0.090488,-0.589150,-0.802941
4837,0.247474,-0.062557,1.438310,0.148450,0.935944,-0.319329
4838,0.242023,-0.072522,1.446740,-0.551197,-0.339473,0.762195
4839,0.256028,-0.071750,1.444890,0.907773,-0.174681,0.381359
4840,0.240228,-0.073394,1.432740,-0.568698,-0.328426,-0.754134
4841,0.155581,-0.072575,1.460100,0.930809,0.222006,0.290359
4842,0.237971,-0.077536,1.341360,-0.938290,-0.225751,-0.262009
4843,0.152990,-0.080501,1.254640,0.785658,-0.317824,0.530782
4844,0.138933,-0.078897,1.253450,-0.747973,-0.248255,0.615553
4845,0.140409,-0.080354,1.239400,-0.375312,-0.304231,-0.875548
4846,0.146733,-0.068874,1.247100,0.260156,0.943307,-0.206133
4847,0.536652,-0.071303,1.364200,-0.264561,0.005631,0.964352
4848,0.542649,-0.081304,1.356090,0.366422,-0.928947,-0.052852
4849,0.542404,-0.061309,1.355910,0.343580,0.936537,-0.069649
4850,0.350385,-0.062258,1.423560,-0.303951,0.920686,-0.244850
4851,0.353119,-0.071490,1.433930,-0.066544,0.079561,0.994606
4852,0.359947,-0.072531,1.421580,0.806873,-0.053809,-0.588269
4853,0.523818,-0.062788,1.671990,-0.131574,0.086718,0.987506
4854,0.445309,-0.070632,1.469950,0.441162,-0.133202,0.887487
4855,0.757492,-0.074456,1.340940,0.640689,-0.650570,-0.407770
4856,0.754811,-0.059226,1.344630,0.459210,0.884897,-0.077989
4857,0.747222,-0.067861,1.355690,-0.307001,-0.040801,0.950834
4858,1.146990,0.807553,2.778710,-0.891299,-0.415699,0.181054
4859,0.853533,0.737816,2.817940,0.760659,-0.646456,-0.059093
4860,0.848616,0.754528,2.817750,0.305527,0.948910,-0.078891
4861,0.842301,0.743674,2.825550,-0.407328,-0.131197,0.903809
4862,0.780420,-0.046890,1.978050,0.045388,0.104886,0.993448
4863,0.568194,1.499170,4.721210,-0.137596,0.115555,0.983725
4864,0.561491,1.494860,4.708200,-0.847946,-0.342726,-0.404383
4865,0.576191,1.491700,4.710760,0.717705,-0.683385,-0.133729
4866,1.551060,1.754390,4.860580,0.646079,0.752720,-0.126468
4867,1.537160,1.751390,4.859030,-0.935577,0.249078,-0.250312
4868,1.544920,1.746730,4.870990,-0.147995,-0.223822,0.963328
4869,1.551740,1.741230,4.855020,0.470112,-0.675663,-0.567868
4870,2.234140,0.351513,3.513260,0.890019,-0.032985,0.454729
4871,1.355570,1.953620,4.837690,-0.109021,0.364758,0.924698
4872,1.349320,1.946460,4.826610,-0.908430,-0.395125,-0.136498
4873,1.363320,1.945980,4.828630,0.864776,-0.487868,0.118944
4874,1.017290,1.552480,4.773300,0.058630,0.964089,0.259027
4875,1.021830,1.538730,4.773210,0.623647,-0.740905,0.249248
4876,1.019100,1.545500,4.760700,0.211825,0.075433,-0.974392
4877,0.547662,1.540310,4.707460,-0.957203,-0.191914,-0.216635
4878,0.558693,1.540830,4.717020,0.126926,-0.200335,0.971471
4879,0.559894,1.552310,4.708080,0.208068,0.964835,-0.160627
4880,0.748887,1.663380,4.740990,-0.251533,-0.289044,0.923680
4881,0.753263,1.661640,4.721580,0.154906,-0.450704,-0.879130
4882,0.759086,1.669290,4.732480,0.922049,0.344390,0.176693
4883,0.572432,1.508080,4.707130,0.256540,0.868456,-0.424229
4884,0.556704,1.642160,4.706090,-0.108477,-0.651640,0.750731
4885,0.566658,1.648080,4.696530,0.966093,-0.035805,-0.255701
4886,0.948285,1.560300,4.738980,-0.171378,0.646532,-0.743388
4887,0.959320,1.553040,4.747740,0.996609,-0.028270,0.077277
4888,0.946626,1.547460,4.744770,-0.489432,-0.813359,-0.314489
4889,0.564436,1.536180,4.704420,0.635478,-0.583930,-0.505167
4890,1.936260,1.577640,4.800300,0.994066,-0.092375,0.057450
4891,1.549160,0.064438,2.858460,-0.875592,0.241234,0.418503
4892,0.971317,1.496110,4.742540,-0.882750,-0.011030,-0.469714
4893,0.976431,1.494290,4.755810,-0.122127,-0.187202,0.974700
4894,0.981357,1.506300,4.743520,0.334370,0.916952,-0.217708
4895,0.983519,1.488580,4.742630,0.576476,-0.749995,-0.324320
4896,1.738610,0.444327,2.889440,-0.261299,-0.897699,-0.354766
4897,1.670750,0.163427,2.910710,-0.252091,0.284863,0.924826
4898,1.641550,0.341441,2.890820,-0.763569,-0.635452,0.114732
4899,2.230180,0.354709,3.263620,-0.994350,0.100514,-0.034142
4900,1.743670,0.818203,2.884940,-0.647778,-0.536644,-0.540737
4901,1.745350,0.126473,2.894400,0.873159,-0.246969,-0.420238
4902,1.738260,0.554859,2.878140,0.367562,0.023336,-0.929706
4903,1.729550,0.561693,2.888290,-0.555158,0.831687,0.009865
4904,1.738920,0.555071,2.897970,0.428787,0.042943,0.902384
4905,2.229530,0.758155,3.344200,0.005860,0.537342,-0.843344
4906,1.542860,0.443298,2.858790,-0.463555,-0.872685,-0.153419
4907,1.650430,0.441186,2.889190,0.120061,-0.980935,0.152814
4908,2.113600,0.918392,3.236940,0.263249,0.944545,-0.196300
4909,1.850530,0.847854,2.928830,-0.213401,0.397383,0.892495
4910,1.639830,0.564261,2.889370,-0.435845,0.793754,0.424257
4911,1.752140,0.087801,2.897420,0.967022,0.200298,-0.157318
4912,1.727500,0.053551,2.890260,0.018825,-0.859993,0.509959
4913,1.726620,0.348912,2.894150,-0.361921,0.929282,0.073810
4914,1.731090,0.341357,2.882920,0.159688,-0.047583,-0.986020
4915,1.724920,0.334775,2.894850,-0.524635,-0.838236,0.148723
4916,1.674910,0.427407,2.900360,0.083632,0.996134,-0.026871
4917,1.672400,0.248452,2.910980,0.139915,-0.369898,0.918477
4918,1.735960,0.341716,2.902170,0.609578,-0.014407,0.792595
4919,1.731570,0.547648,2.888370,-0.362868,-0.931582,0.021964
4920,0.863492,-0.034937,2.657020,0.471668,0.729691,0.495056
4921,1.256760,0.147897,2.764910,0.773271,0.515820,-0.368757
4922,1.240430,0.143208,2.762510,-0.791036,0.072036,-0.607514
4923,1.246030,0.145371,2.778580,-0.245346,0.276187,0.929261
4924,1.153540,0.353166,2.784250,0.983560,0.132023,-0.123206
4925,1.146660,-0.034112,2.207820,0.573023,0.714463,0.401481
4926,1.141820,-0.041144,2.196300,0.225135,0.143080,-0.963765
4927,1.130400,-0.041564,2.204950,-0.983951,0.062021,0.167314
4928,1.141970,-0.051534,2.206170,0.179108,-0.940136,0.289938
4929,1.025580,0.444934,2.795210,-0.365382,-0.509788,-0.778853
4930,1.058520,0.443178,2.797130,0.873776,-0.485405,-0.029966
4931,1.027700,0.446631,2.811670,-0.103931,-0.349581,0.931124
4932,1.144190,0.260626,2.785640,-0.404379,0.865317,-0.296149
4933,1.142220,0.244665,2.786860,-0.616218,-0.767668,-0.175958
4934,1.149860,0.252598,2.798650,0.164117,0.049696,0.985188
4935,1.212430,-0.023938,2.528730,0.080374,0.930175,0.358210
4936,1.203790,-0.033833,2.522460,-0.954955,0.014724,-0.296387
4937,1.212040,-0.043897,2.528980,0.044146,-0.923371,0.381362
4938,0.929783,-0.044330,2.540820,0.889200,0.444379,-0.108864
4939,0.922634,-0.057678,2.543100,0.514811,-0.851872,0.096357
4940,1.114650,-0.028234,2.642090,0.114668,0.630880,0.767361
4941,1.119500,-0.034206,2.629770,0.819894,0.098043,-0.564057
4942,1.105140,-0.032357,2.628690,-0.817107,0.253626,-0.517697
4943,1.354210,0.045685,2.835540,-0.152921,-0.897208,-0.414287
4944,1.134540,0.146001,2.792000,0.024255,-0.789135,0.613740
4945,1.752410,0.215472,2.910470,0.286668,-0.249841,0.924879
4946,1.457430,0.109230,2.826180,0.579272,-0.500077,-0.643714
4947,1.451340,0.116195,2.843770,0.013971,0.146453,0.989119
4948,1.444020,0.110188,2.832390,-0.847610,-0.523656,-0.085681
4949,0.761537,0.643857,2.823140,0.535687,-0.839722,0.088923
4950,0.760026,0.657906,2.822380,0.322890,0.946387,-0.009721
4951,0.752549,0.650207,2.832030,-0.454228,-0.008258,0.890847
4952,1.250710,0.135414,2.769140,0.284774,-0.957448,0.046875
4953,1.446900,0.457015,2.833370,-0.896475,0.397230,-0.196317
4954,1.551970,0.356471,2.853920,0.239322,-0.350099,-0.905624
4955,0.845829,-0.030337,2.842600,-0.313254,-0.886344,0.340979
4956,0.858776,-0.018253,2.834490,0.883209,0.230391,-0.408487
4957,0.849274,-0.016075,2.845960,0.006536,0.552350,0.833587
4958,1.725640,0.243933,2.894730,-0.995971,-0.082397,-0.035402
4959,1.733550,0.253837,2.903240,0.027717,0.747367,0.663834
4960,0.949014,0.350210,2.827740,0.497191,-0.039650,0.866735
4961,0.940143,0.343387,2.818570,-0.436722,-0.899384,0.019559
4962,0.946240,0.351129,2.807980,0.239534,0.045764,-0.969809
4963,0.949583,0.653690,2.818060,-0.281402,-0.171638,0.944115
4964,0.954899,0.663297,2.808180,0.280299,0.958883,0.044444
4965,0.946619,0.655447,2.798800,-0.554792,-0.009631,-0.831934
4966,0.958327,0.649045,2.806350,0.649112,-0.741967,-0.167746
4967,1.327760,0.090151,2.797620,-0.516763,0.789188,0.331869
4968,1.340060,0.082189,2.796350,0.970108,-0.120522,0.210630
4969,1.332590,0.084786,2.783950,0.022515,0.150983,-0.988280
4970,1.151100,0.076717,2.773280,-0.034204,-0.647499,-0.761299
4971,1.152350,0.090464,2.777750,0.113162,0.865286,-0.488338
4972,1.158800,0.084853,2.789470,0.675278,0.102122,0.730459
4973,1.144260,0.081693,2.786000,-0.826754,-0.235140,0.511064
4974,1.247330,-0.014098,2.789630,-0.518610,0.809872,-0.274136
4975,1.268770,-0.030783,2.662710,0.994048,-0.108286,-0.011971
4976,1.255000,-0.037382,2.666520,-0.327555,-0.853993,0.404231
4977,1.256440,-0.027997,2.655510,-0.201271,0.210184,-0.956720
4978,1.252380,-0.021950,2.668100,-0.516397,0.705854,0.484876
4979,0.953332,-0.029398,2.678240,0.063207,0.724031,-0.686865
4980,0.938970,-0.029139,2.875760,-0.135911,-0.743099,-0.655234
4981,0.939648,-0.021995,2.893560,-0.073048,-0.080948,0.994038
4982,0.933942,-0.015327,2.880750,-0.725752,0.647497,-0.232448
4983,1.056150,0.084975,2.784170,-0.054544,0.210758,-0.976015
4984,1.052230,0.090322,2.799820,-0.429694,0.719765,0.545254
4985,1.066530,0.081681,2.796700,0.961585,-0.111779,0.250718
4986,1.045110,0.145753,2.804280,-0.504744,-0.740982,-0.442921
4987,1.036800,-0.029659,2.849080,0.290564,-0.855424,0.428746
4988,1.027310,-0.016564,2.850400,-0.667250,0.405252,0.624938
4989,1.029140,-0.020039,2.834660,-0.419087,0.035478,-0.907253
4990,1.052350,-0.050956,2.541910,0.187038,-0.978421,-0.087802
4991,1.053260,-0.038189,2.551860,0.290902,0.262790,0.919955
4992,1.041760,-0.039575,2.541490,-0.979200,0.135351,-0.151152
4993,1.055290,-0.034503,2.535740,0.459066,0.588623,-0.665418
4994,1.156840,0.250547,2.783230,0.841941,-0.149918,-0.518324
4995,1.234860,-0.021818,2.835310,-0.578938,-0.397297,-0.712030
4996,1.088380,0.260040,2.792200,0.469463,0.643468,-0.604610
4997,1.046810,0.154459,2.816710,-0.199597,0.189980,0.961285
4998,1.039320,0.158889,2.799040,-0.647808,0.428262,-0.630029
4999,1.052300,0.075185,2.795780,-0.491331,-0.851538,0.182967
5000,0.752768,0.460860,2.827740,-0.320258,0.947010,-0.024637
5001,1.064740,0.455944,2.789750,0.165664,0.556190,-0.814376
5002,1.144630,0.046780,2.841200,-0.533766,0.844556,-0.042649
5003,1.164330,-0.020163,2.859060,0.187606,0.139075,0.972349
5004,1.164900,-0.029917,2.847310,0.298373,-0.944465,-0.137695
5005,1.166330,-0.016723,2.839750,0.372176,0.456435,-0.808178
5006,1.039950,-0.016759,2.843550,0.857555,0.499520,-0.122800
5007,1.318270,0.458280,2.781800,0.319840,0.183962,-0.929441
5008,1.321530,0.455825,2.795480,0.878001,-0.060947,0.474762
5009,1.309530,0.449957,2.790430,-0.631203,-0.756895,-0.169390
5010,1.309170,0.461998,2.799100,-0.521640,0.527583,0.670483
5011,0.948565,0.156208,2.822270,-0.067689,0.995636,0.064240
5012,1.327860,0.074897,2.800100,-0.413607,-0.760732,0.500216
5013,0.643993,-0.076687,0.952202,0.934531,0.331244,-0.130113
5014,0.630903,-0.080513,0.947044,-0.503388,-0.069831,-0.861234
5015,0.629351,-0.072782,0.959308,-0.498636,0.674902,0.543938
5016,0.635160,-0.089956,0.957306,0.045318,-0.933210,0.356461
5017,1.155120,-0.019539,2.848150,-0.957457,0.284498,-0.048336
5018,1.112890,-0.045204,2.636570,-0.051122,-0.967578,0.247346
5019,0.649016,0.247600,2.829360,0.463545,-0.061550,-0.883933
5020,0.640125,0.255462,2.837980,-0.472874,0.874187,-0.110393
5021,0.647203,0.249130,2.849160,0.295153,0.080318,0.952068
5022,0.642390,2.224180,4.474200,0.237503,-0.021846,0.971141
5023,0.944291,2.042170,4.734390,-0.332880,-0.913889,-0.232372
5024,1.019640,2.047230,4.776870,-0.716166,-0.352680,0.602266
5025,1.028290,2.058970,4.773300,0.104436,0.931637,0.348060
5026,1.027650,2.052770,4.759640,0.022831,0.158399,-0.987111
5027,1.492980,2.660300,4.803390,0.031662,0.870234,0.491620
5028,1.483010,2.654650,4.772630,-0.902428,0.313750,0.295271
5029,1.486360,2.641530,4.804720,-0.479096,-0.718064,0.504828
5030,1.498550,2.647460,4.799500,0.385683,-0.453739,0.803349
5031,1.195480,2.689510,4.781780,0.167525,-0.877564,0.449239
5032,1.209020,2.698580,4.761810,0.982003,-0.137007,0.129994
5033,1.263470,2.265790,4.672420,-0.592708,0.769755,-0.237012
5034,1.268650,2.252210,4.682530,-0.170106,-0.589175,0.789897
5035,1.306970,2.270040,4.685140,0.243871,0.961854,0.123948
5036,1.752500,1.472330,4.780800,-0.231304,-0.930866,0.282818
5037,1.764150,1.482610,4.778010,0.999340,0.019886,0.030396
5038,1.752060,1.491560,4.782780,-0.271990,0.842188,0.465554
5039,1.718190,1.846740,4.822830,-0.677877,0.262956,-0.686540
5040,1.719880,1.841500,4.838280,-0.512830,-0.248584,0.821712
5041,1.729780,1.850060,4.831390,0.599431,0.775782,0.197092
5042,1.859480,1.854450,4.774530,-0.104121,0.239859,-0.965208
5043,1.755950,1.846740,4.781300,-0.064867,0.682361,0.728131
5044,1.870490,1.548900,4.815050,-0.271269,-0.035548,0.961847
5045,1.451510,2.148910,4.853770,-0.456966,0.042626,0.888462
5046,1.460470,2.156280,4.843700,0.454638,0.889309,-0.049321
5047,1.452270,2.147420,4.834180,-0.386673,-0.094708,-0.917341
5048,1.721300,2.629040,4.804960,-0.074038,-0.774330,-0.628435
5049,1.565110,1.651410,4.862190,0.270995,-0.960568,0.062222
5050,1.567500,1.665460,4.861480,0.582135,0.812641,-0.027085
5051,1.558720,1.660340,4.871500,-0.392697,0.115677,0.912364
5052,1.769180,1.765750,4.762750,0.161488,0.639287,0.751820
5053,1.758270,1.760080,4.750230,-0.894837,0.120186,-0.429909
5054,1.767860,1.751640,4.757990,0.053157,-0.905292,0.421452
5055,1.774410,1.759600,4.747170,0.680840,0.073343,-0.728751
5056,1.881480,1.818400,4.801690,0.224577,-0.963838,-0.143461
5057,1.738040,1.749710,4.821190,-0.039218,0.949193,-0.312242
5058,1.729050,1.738500,4.819590,-0.856595,-0.360933,-0.368743
5059,1.741450,1.743720,4.833900,0.286572,0.120303,0.950475
5060,1.744260,1.736660,4.820560,0.673049,-0.654448,-0.344534
5061,1.744400,1.656390,4.817630,0.491155,-0.804066,0.335030
5062,2.626380,1.659450,4.806810,0.164970,0.821779,-0.545403
5063,2.616200,1.647450,4.809090,-0.869429,-0.313119,-0.382165
5064,2.623420,1.650300,4.822970,-0.112681,-0.016249,0.993498
5065,2.631740,1.645740,4.812050,0.831726,-0.548820,-0.083834
5066,1.743900,1.570070,4.832540,0.906770,0.394326,-0.149246
5067,1.730840,1.561690,4.825340,-0.347251,-0.410993,-0.842913
5068,1.727800,1.573140,4.837680,-0.637868,0.689079,0.343940
5069,1.761470,1.530240,4.742520,0.259462,-0.243986,-0.934425
5070,1.752500,1.541630,4.752800,-0.577765,0.813382,0.067798
5071,1.767600,1.533350,4.757240,0.859576,0.060661,0.507395
5072,1.265020,1.683880,4.834410,0.495108,0.868662,0.017133
5073,1.264590,1.669470,4.835160,0.597559,-0.792214,0.123776
5074,1.256420,1.675950,4.825180,-0.380505,0.061360,-0.922741
5075,1.436890,1.571340,4.858610,-0.346705,0.936178,-0.058022
5076,1.445520,1.563160,4.849980,0.534700,-0.042561,-0.843970
5077,1.435680,1.557130,4.858360,-0.528874,-0.843403,-0.094683
5078,1.754580,1.527470,4.754940,-0.577369,-0.716074,0.392279
5079,1.643360,1.655730,4.863920,-0.468759,0.882229,-0.044014
5080,1.559350,1.659240,4.851560,-0.334069,0.013350,-0.942454
5081,1.457590,1.855760,4.849010,0.825718,0.264538,-0.498207
5082,1.444330,1.858400,4.853550,-0.620317,0.775825,-0.115339
5083,1.450320,1.851420,4.864450,0.155570,-0.144996,0.977125
5084,1.547120,1.566350,4.856380,-0.069267,-0.176701,-0.981824
5085,1.555980,1.570820,4.868030,0.945377,0.299582,0.128505
5086,1.546560,1.560480,4.874220,-0.121481,-0.723642,0.679400
5087,1.541120,1.574370,4.868730,-0.726340,0.659329,0.194205
5088,1.729230,1.662590,4.821170,-0.981851,-0.006762,-0.189534
5089,1.559540,1.839040,4.857980,0.475678,-0.876754,-0.070942
5090,1.550690,1.848780,4.867540,-0.389322,0.029637,0.920625
5091,1.546440,1.851320,4.852050,-0.738956,0.261777,-0.620820
5092,1.628070,1.743200,4.863690,-0.992984,0.083185,0.084040
5093,1.444380,1.747220,4.857810,-0.429941,0.759624,0.487977
5094,1.443900,1.734090,4.852030,-0.701361,-0.707732,-0.084900
5095,1.456840,1.735640,4.858040,0.774668,-0.346077,0.529263
5096,1.452050,1.741410,4.842760,0.293875,0.211241,-0.932210
5097,1.740720,1.656460,4.833990,0.137805,-0.456180,0.879153
5098,1.741660,1.667830,4.825560,0.433007,0.810097,0.395281
5099,1.301010,2.258450,4.676240,0.326114,-0.527125,-0.784722
5100,1.315370,2.253330,4.680290,0.785657,-0.556855,-0.269548
5101,1.305040,2.256440,4.690140,0.035144,-0.624581,0.780169
5102,1.240210,2.354960,4.777500,-0.494777,-0.301845,-0.814914
5103,1.255320,2.356440,4.784650,0.980864,-0.156780,-0.115435
5104,1.241850,2.353000,4.794040,-0.334461,-0.493625,0.802789
5105,1.134160,1.944460,4.828230,-0.775993,-0.603362,-0.183817
5106,1.148840,1.944580,4.825900,0.822663,-0.439862,-0.360204
5107,1.140880,1.950500,4.840030,0.061824,0.125945,0.990109
5108,1.670510,2.365470,4.786920,-0.792905,-0.554101,0.253522
5109,1.672170,2.379110,4.781520,-0.455295,0.836494,-0.304934
5110,1.681870,2.368830,4.778730,0.609841,-0.158096,-0.776595
5111,2.582360,1.863750,4.825760,0.784359,0.032598,0.619449
5112,2.669160,1.954930,4.819600,0.896421,-0.399120,-0.192699
5113,1.974430,2.439230,4.827040,0.401376,-0.032224,-0.915347
5114,1.967770,2.429550,4.836970,-0.291162,-0.941974,0.167062
5115,1.964000,2.447560,4.834670,-0.647631,0.760291,-0.050316
5116,2.226360,0.819233,3.350350,-0.052462,-0.204048,0.977554
5117,2.230000,0.816734,3.336880,0.413937,-0.525886,-0.743034
5118,2.233810,0.828898,3.343070,0.657160,0.752847,0.036924
5119,1.652570,2.420390,4.851510,-0.063178,0.072874,0.995338
5120,1.646330,2.413180,4.837870,-0.697067,-0.648647,-0.305538
5121,1.660690,2.417110,4.839370,0.930391,-0.312756,-0.191199
5122,2.185920,2.244220,4.711920,-0.953418,-0.301609,-0.005170
5123,2.085480,2.205900,4.592040,0.402707,-0.399008,0.823784
5124,2.073690,2.209600,4.584030,-0.996140,-0.056161,0.067456
5125,2.084170,2.204550,4.575000,0.271660,-0.520860,-0.809263
5126,2.083820,2.220220,4.582770,0.238387,0.968593,-0.070704
5127,2.009530,2.432320,4.850500,0.610536,0.138278,-0.779824
5128,1.995910,2.437520,4.858170,-0.725352,0.684775,-0.070342
5129,2.007020,2.431550,4.868750,0.376589,0.066471,0.923992
5130,1.547700,2.356070,4.820460,-0.270513,-0.639333,0.719775
5131,1.547000,2.370150,4.812010,-0.279731,0.957562,-0.069463
5132,2.123860,2.587010,4.607210,0.267327,0.186550,0.945376
5133,2.114000,2.586850,4.596430,-0.956680,0.224604,-0.185247
5134,2.121970,2.574620,4.596200,0.071441,-0.985788,-0.152047
5135,1.542080,2.131600,4.851210,0.377298,-0.925035,0.044236
5136,1.543230,2.145790,4.851220,0.497964,0.866128,0.043067
5137,1.534150,2.139030,4.860400,-0.465943,0.027754,0.884379
5138,2.014040,2.665500,4.661960,0.086032,0.996199,-0.013612
5139,2.004940,2.650200,4.656910,-0.762117,-0.429693,-0.484296
5140,2.012580,2.652020,4.671510,-0.054646,-0.284026,0.957258
5141,2.199860,0.867903,3.164660,-0.443404,0.077095,-0.893000
5142,1.725820,2.416370,4.810320,-0.129540,-0.959035,0.251935
5143,2.019160,2.652370,4.658620,0.817636,-0.330160,-0.471662
5144,2.216470,0.819371,3.340150,-0.962139,-0.136740,-0.235778
5145,1.148110,2.239490,4.839710,-0.054167,-0.319904,0.945900
5146,1.818420,0.851417,2.900750,0.908158,-0.215549,0.358871
5147,1.801320,0.825144,2.894070,0.209014,-0.831198,-0.515193
5148,2.059640,0.907338,3.287320,-0.054368,0.679217,0.731921
5149,2.056840,0.892192,3.288280,-0.276449,-0.539334,0.795421
5150,2.068310,0.897158,3.275980,0.979831,-0.120540,0.159378
5151,2.224020,0.824418,3.251850,-0.205457,0.130542,0.969921
5152,1.647750,0.649919,2.873740,0.103955,-0.562026,-0.820561
5153,1.654380,0.659550,2.883220,0.907472,0.414404,0.069023
5154,1.644640,0.653506,2.892980,-0.183149,-0.231002,0.955560
5155,1.739010,0.762037,2.875770,0.140421,0.253593,-0.957065
5156,1.731890,0.753375,2.885180,-0.682900,-0.722166,-0.110109
5157,1.733610,0.764237,2.894840,-0.360706,0.457797,0.812597
5158,1.661090,0.744425,2.882360,0.967367,-0.026966,0.251941
5159,0.670089,-0.056129,2.562320,-0.164819,-0.696692,-0.698180
5160,0.678779,-0.049877,2.571860,0.947216,-0.212247,0.240277
5161,0.665965,-0.048670,2.578190,-0.594293,-0.032609,0.803588
5162,0.142991,0.558692,3.519760,-0.851218,-0.142857,0.504996
5163,0.750443,2.043000,4.717690,-0.547260,-0.795110,0.261355
5164,0.760282,2.048370,4.708800,0.500314,-0.399780,-0.768025
5165,0.764219,2.057410,4.719170,0.735812,0.547012,0.399198
5166,1.976090,1.947410,4.804000,-0.294931,0.941583,-0.162599
5167,1.939800,1.493760,4.822170,-0.412860,0.150813,0.898222
5168,1.945900,1.481850,4.812980,0.200591,-0.978131,-0.054978
5169,1.951170,1.496140,4.812300,0.878700,0.453108,-0.150265
5170,1.751400,1.483040,4.770990,-0.470457,0.079760,-0.878811
5171,1.937110,1.496730,4.806450,-0.621441,0.412900,-0.665826
5172,1.956940,1.543770,4.800330,0.323043,-0.181113,-0.928892
5173,1.954920,1.554890,4.812230,0.075205,0.924612,0.373413
5174,1.960370,1.539550,4.814260,0.602146,-0.559710,0.569337
5175,1.943980,1.543490,4.807790,-0.982306,-0.178625,-0.056289
5176,1.252940,1.673140,4.842860,-0.629978,-0.192695,0.752327
5177,1.723760,2.071820,4.827950,-0.177920,0.624144,0.760782
5178,1.733890,2.071490,4.817440,0.804869,0.420053,-0.419216
5179,1.719620,2.066150,4.815150,-0.626491,-0.088379,-0.774402
5180,2.052470,0.911340,3.258840,-0.456521,0.886710,-0.073032
5181,0.642904,0.808548,2.819470,-0.830898,-0.494100,0.255879
5182,0.905773,0.793411,2.796880,0.553169,-0.807462,-0.204964
5183,0.866600,-0.029880,2.755940,0.746801,0.127354,-0.652740
5184,0.858692,-0.041349,2.762690,-0.097274,-0.992835,0.069397
5185,0.851531,-0.025316,2.758360,-0.769424,0.540691,-0.340059
5186,0.838209,0.742868,2.811370,-0.698084,-0.175470,-0.694182
5187,0.951498,0.548226,2.802410,0.261719,-0.102821,-0.959651
5188,0.945336,0.556517,2.812490,-0.421096,0.906324,-0.035431
5189,0.954093,0.550200,2.822070,0.501982,0.080003,0.861170
5190,0.196617,0.194445,3.042150,0.010664,-0.717154,-0.696833
5191,0.187666,0.206624,3.045920,-0.816844,0.529162,-0.229683
5192,0.206844,0.204180,3.048730,0.952297,0.303740,0.029527
5193,-0.677667,-0.057970,2.241250,0.939899,0.274283,0.203369
5194,0.764136,0.351312,2.833740,0.716263,0.621863,0.316628
5195,0.552848,0.146423,2.827970,0.273550,0.372898,-0.886633
5196,0.358456,0.057046,2.822460,0.922369,0.054887,0.382391
5197,0.642940,0.156581,2.842030,-0.459487,0.876853,-0.141424
5198,0.649730,0.149836,2.852550,0.246923,0.175147,0.953075
5199,0.655587,0.144665,2.835840,0.703435,-0.298076,-0.645236
5200,-0.589747,-0.065979,2.298230,0.212425,-0.920504,-0.327946
5201,0.753617,0.553249,2.821770,-0.919719,0.358010,-0.161078
5202,0.761106,0.547608,2.833690,-0.041791,-0.235129,0.971065
5203,0.767899,0.554446,2.823010,0.828133,0.560185,-0.019720
5204,0.746070,0.057988,2.824420,-0.048875,0.188874,-0.980784
5205,0.651841,0.062748,2.829210,0.303571,0.840586,-0.448621
5206,1.038390,-0.048780,2.641000,-0.399298,-0.909332,-0.116948
5207,1.039070,-0.029618,2.646310,-0.336184,0.864155,0.374455
5208,1.043980,-0.036786,2.634260,0.152181,0.258803,-0.953867
5209,0.633426,-0.029553,2.745210,-0.816596,0.468132,-0.337673
5210,0.646978,-0.034302,2.742940,0.583048,0.068728,-0.809526
5211,0.641389,-0.044299,2.751900,-0.122080,-0.949316,0.289648
5212,1.351520,0.358445,2.806770,-0.811867,0.501315,-0.299259
5213,1.048020,-0.040542,2.647300,0.709551,-0.211478,0.672171
5214,0.971752,-0.030079,2.738360,0.213602,0.520164,0.826924
5215,0.754484,0.649341,2.812160,-0.273910,-0.088783,-0.957649
5216,0.643040,0.142231,2.842380,-0.583561,-0.800522,-0.136458
5217,0.670978,-0.038801,2.567160,-0.094952,0.950706,-0.295200
5218,0.451202,0.056370,2.827540,0.895412,0.441688,0.056122
5219,0.442359,0.042879,2.822780,0.021516,-0.906695,-0.421237
5220,0.435940,0.058126,2.821210,-0.590440,0.592213,-0.548329
5221,0.422790,-0.038569,2.929240,-0.295085,0.824056,0.483588
5222,0.421062,-0.047994,2.915010,-0.464761,-0.075114,-0.882244
5223,0.424347,-0.055868,2.929890,-0.146701,-0.825066,0.545660
5224,0.843699,-0.019241,2.832340,-0.633568,0.172757,-0.754153
5225,0.752789,-0.027992,2.745350,-0.766012,0.430210,-0.477645
5226,0.766509,-0.033056,2.745460,0.753858,-0.072143,-0.653065
5227,0.758426,-0.042165,2.753560,-0.231122,-0.923785,0.305293
5228,0.764100,-0.026683,2.758400,0.312053,0.558284,0.768728
5229,0.752191,-0.056147,2.640880,0.178729,-0.937177,0.299590
5230,0.939206,0.259647,2.819970,-0.811291,0.566860,0.143100
5231,0.944806,0.249986,2.809890,-0.243597,-0.412039,-0.878000
5232,0.950408,0.247112,2.826990,0.280935,-0.609995,0.740933
5233,1.022060,0.529546,2.792640,-0.032395,-0.406053,-0.913275
5234,1.017230,0.525708,2.806610,-0.474740,-0.689001,0.547631
5235,1.018610,0.539230,2.802450,-0.507665,0.828413,0.236661
5236,0.849349,0.057817,2.824940,0.126772,0.738682,-0.662026
5237,0.840186,0.045376,2.829280,-0.826843,-0.483271,-0.287715
5238,0.846558,0.052251,2.842310,-0.134967,0.216604,0.966885
5239,0.641711,-0.033815,2.673540,0.384061,0.879829,0.279996
5240,0.655174,0.442510,2.830930,0.859259,-0.336144,-0.385592
5241,1.442660,0.652912,2.838050,-0.335860,0.607042,0.720207
5242,0.856872,0.240411,2.833390,0.506884,-0.861910,0.013407
5243,0.948688,-0.019013,2.881670,0.960014,0.245268,-0.134971
5244,0.847862,0.146705,2.824330,-0.392882,0.057282,-0.917803
5245,0.962859,0.043548,2.833670,0.922511,-0.333760,-0.193849
5246,0.956343,0.053256,2.843710,0.151330,0.622880,0.767541
5247,0.949357,0.042085,2.838150,-0.716118,-0.591464,0.370601
5248,0.953129,0.257861,2.818200,0.839920,0.540326,-0.050816
5249,0.763088,0.544004,2.814370,0.141053,-0.567714,-0.811052
5250,1.195220,-0.029228,2.403310,-0.450420,0.842662,0.295030
5251,1.121500,-0.034073,2.028030,-0.012136,0.887153,0.461316
5252,0.855323,-0.053931,2.041870,0.065602,-0.964213,0.256883
5253,0.846050,-0.043686,2.038420,-0.967098,0.214278,-0.137139
5254,0.859663,-0.044634,2.031260,0.501995,0.100441,-0.859018
5255,1.068900,0.452811,2.804590,0.510954,0.275510,0.814261
5256,1.074300,0.441583,2.794990,0.739964,-0.650328,-0.171834
5257,0.970393,-0.051448,1.734860,0.490214,0.218786,-0.843696
5258,0.852540,0.652871,2.832040,0.494334,-0.081835,0.865411
5259,0.843349,0.659323,2.823360,-0.604439,0.796570,-0.011340
5260,0.842532,0.645152,2.823450,-0.512749,-0.858538,0.000979
5261,0.853711,0.656056,2.814220,0.538437,0.209930,-0.816097
5262,0.196570,0.983552,2.778520,0.201926,0.401340,0.893394
5263,0.546835,-0.068588,1.439760,-0.898852,0.061232,-0.433954
5264,0.639725,-0.054444,1.551630,0.389730,0.919651,-0.048511
5265,0.631658,-0.063891,1.558890,-0.495185,0.064940,0.866357
5266,0.639852,-0.074253,1.553180,0.401488,-0.910952,0.094729
5267,1.056760,0.731959,2.788690,0.613227,-0.788490,-0.047291
5268,1.057700,0.745317,2.783260,0.692223,0.466119,-0.550963
5269,1.050970,0.744945,2.796040,0.217011,0.576738,0.787578
5270,1.147910,0.447595,2.772550,-0.109003,0.305064,-0.946073
5271,1.150540,0.449255,2.792230,0.134790,0.458805,0.878254
5272,1.156230,0.440162,2.782150,0.862780,-0.500289,-0.072944
5273,1.032580,0.536826,2.801430,0.938573,0.338673,0.066191
5274,-0.351743,0.464209,4.661570,-0.180708,-0.444070,-0.877580
5275,-0.455951,0.578860,4.657650,-0.767738,0.553289,-0.323187
5276,-0.449377,0.565325,4.659340,-0.120339,-0.976126,-0.180824
5277,-0.448397,0.575116,4.670850,-0.001580,0.168483,0.985703
5278,-0.350422,0.529534,4.681640,-0.093857,0.480347,0.872042
5279,-0.659666,0.322923,4.649630,0.692049,-0.721847,-0.002282
5280,0.549769,0.059700,2.840320,0.338406,0.026030,0.940640
5281,0.546659,0.050671,2.827940,0.061739,-0.968331,-0.241918
5282,0.550131,0.064446,2.821410,0.371789,0.463908,-0.804091
5283,0.646971,-0.030839,2.757060,0.436904,0.398389,0.806474
5284,0.754481,0.141101,2.844690,-0.231908,0.048023,0.971552
5285,0.760468,0.148661,2.832500,0.387969,0.902955,-0.184802
5286,0.750245,0.139055,2.825800,-0.622298,-0.140593,-0.770051
5287,0.539645,0.062676,2.830820,-0.888667,0.448471,0.095630
5288,0.439080,0.050622,2.835700,-0.328198,-0.137186,0.934594
5289,0.433553,-0.046572,2.922890,0.983069,0.082340,-0.163695
5290,0.350571,0.148296,2.835100,0.157901,0.456584,0.875556
5291,0.341593,0.139458,2.827180,-0.866084,-0.464226,0.185451
5292,0.355822,0.139837,2.824610,0.885067,-0.447264,-0.128885
5293,0.347078,0.147016,2.815590,-0.164744,0.338152,-0.926559
5294,1.256380,0.035409,2.845440,0.951460,-0.027001,-0.306584
5295,0.730663,-0.051004,2.604440,-0.129577,-0.226128,0.965441
5296,0.859080,-0.038510,2.048150,0.363601,0.597650,0.714569
5297,0.761445,0.134092,2.833860,0.565133,-0.824155,-0.037325
5298,1.217820,-0.034128,2.520500,0.819375,-0.022913,-0.572799
5299,1.080870,-0.043541,2.303890,-0.887123,-0.031706,-0.460442
5300,1.095940,-0.042020,2.303790,0.888795,0.142951,-0.435441
5301,1.088990,-0.053554,2.310730,0.083745,-0.954153,0.287366
5302,1.087040,-0.034096,2.313140,-0.097439,0.853781,0.511432
5303,0.854462,0.553345,2.834310,0.045655,0.322066,0.945616
5304,0.861123,0.546652,2.823500,0.908956,-0.409415,-0.078597
5305,0.853279,0.554556,2.814430,-0.064079,0.434223,-0.898523
5306,0.192489,1.048850,2.776610,-0.226637,0.055407,0.972402
5307,0.184690,1.052920,2.762580,-0.819596,0.415273,-0.394728
5308,0.193592,1.039350,2.763480,-0.167438,-0.877633,-0.449138
5309,0.950804,0.048535,2.825470,-0.359366,0.187641,-0.914137
5310,0.855450,0.045340,2.831720,0.850454,-0.525092,-0.031739
5311,0.268383,0.142360,2.820450,0.295883,-0.630550,-0.717537
5312,0.222440,1.039920,2.764070,0.126466,-0.857836,-0.498120
5313,0.229249,1.046490,2.779760,0.067001,-0.000347,0.997753
5314,0.644077,-0.076216,1.461600,0.010056,-0.954899,-0.296760
5315,0.152552,-0.063507,1.737290,0.082967,0.070540,-0.994053
5316,0.553362,-0.077001,1.138550,0.836506,-0.127093,-0.533015
5317,0.544895,-0.081702,1.152140,0.038147,-0.604718,0.795525
5318,0.535508,-0.077569,1.138970,-0.851008,-0.180683,-0.493091
5319,0.743714,-0.068625,1.341120,-0.841178,-0.148396,-0.519998
5320,0.632017,-0.065016,1.544550,-0.416003,-0.073934,-0.906353
5321,-0.141634,-0.083416,1.155050,0.615835,0.028440,0.787362
5322,0.613077,-0.082067,0.897390,0.219626,-0.003139,0.975579
5323,0.447733,-0.077435,1.244180,-0.289091,-0.098518,-0.952219
5324,0.452730,-0.066244,1.251510,0.255811,0.966720,-0.003707
5325,0.455272,-0.085987,1.252780,0.491437,-0.863417,0.114019
5326,0.445221,-0.076854,1.258220,-0.579899,-0.022223,0.814385
5327,0.659044,-0.071579,1.261380,0.924594,0.026341,0.380042
5328,0.651434,-0.081951,1.254810,-0.015824,-0.945018,-0.326635
5329,0.651236,-0.061991,1.253910,-0.034236,0.911306,-0.410304
5330,0.747703,-0.069738,1.162470,0.331728,0.436197,0.836474
5331,0.746255,-0.083331,1.154940,0.155484,-0.987832,-0.003590
5332,0.750299,-0.068039,1.147180,0.501650,0.505132,-0.702274
5333,0.734971,-0.073228,1.154150,-0.995537,0.042672,-0.084173
5334,0.851818,-0.067207,1.642050,0.154039,-0.935191,-0.318888
5335,0.843114,-0.057565,1.647680,-0.953247,-0.065546,0.294999
5336,0.849925,-0.047592,1.640290,-0.020803,0.876284,-0.481346
5337,0.644891,-0.071689,1.262070,-0.873055,0.013260,0.487441
5338,0.350211,-0.082194,1.425140,-0.320199,-0.942351,-0.097193
5339,0.649065,-0.049577,1.731430,0.297536,0.954695,-0.005479
5340,0.641720,-0.060163,1.737490,-0.565779,-0.032962,0.823898
5341,0.652037,-0.068730,1.732710,0.571745,-0.812664,0.112630
5342,0.856811,-0.055958,1.650870,0.772009,0.130274,0.622118
5343,0.856370,-0.054441,1.756540,0.947651,-0.018218,0.318789
5344,0.235948,1.041900,2.768080,0.816443,-0.535393,-0.216275
5345,0.230914,1.055140,2.766730,0.346144,0.855956,-0.384088
5346,0.640881,0.241361,2.839130,-0.413633,-0.909889,0.031764
5347,0.200933,1.053910,2.763610,-0.027973,0.871897,-0.488890
5348,0.649513,-0.067566,1.048540,-0.326695,0.944614,-0.031214
5349,0.057505,-0.092282,0.737099,0.578874,-0.032465,-0.814771
5350,-0.252231,-0.080030,1.355820,0.138562,-0.054826,0.988835
5351,-0.429844,-0.079150,1.371170,0.892690,0.148116,0.425636
5352,-0.817739,-0.099385,1.157880,-0.021676,-0.984349,0.174892
5353,-0.734256,-0.091580,1.050890,0.341092,0.196253,-0.919316
5354,0.712747,-0.076497,1.049290,-0.729571,-0.038138,-0.682841
5355,0.642309,-0.070037,1.350780,0.322418,-0.307525,0.895251
5356,0.628696,-0.070200,1.338640,-0.914799,-0.279717,-0.291378
5357,0.646811,-0.069880,1.336510,0.779731,-0.291649,-0.554041
5358,0.544311,-0.067644,1.146390,-0.024385,0.963967,0.264901
5359,0.544943,-0.084317,1.251010,-0.139229,-0.972416,-0.187144
5360,0.538539,-0.070168,1.258880,-0.734929,0.386824,0.556997
5361,0.547412,-0.069415,1.243920,0.100330,0.473391,-0.875120
5362,0.638060,-0.060005,1.341700,-0.151503,0.987751,-0.037337
5363,0.534199,-0.071461,1.350210,-0.574249,-0.014584,-0.818551
5364,0.047948,-0.078071,1.362360,0.900736,-0.072885,0.428208
5365,0.151531,-0.071194,1.140320,-0.021982,0.953447,0.300757
5366,0.144630,-0.081809,1.133790,-0.906255,-0.049943,-0.419770
5367,0.152041,-0.091143,1.141590,0.025593,-0.907499,0.419275
5368,0.145828,-0.069965,1.553230,-0.973047,0.019005,-0.229824
5369,-0.044571,-0.072292,1.145830,-0.381213,0.923099,-0.050650
5370,-0.044209,-0.092276,1.146110,-0.347542,-0.937342,-0.024582
5371,-0.037792,-0.082052,1.153860,0.337479,0.019527,0.941130
5372,-0.036398,-0.082230,1.139660,0.519107,-0.002811,-0.854705
5373,0.046454,-0.091313,0.839232,-0.339163,-0.201725,-0.918845
5374,0.052295,-0.071625,1.150940,-0.252486,0.966289,0.050361
5375,0.057738,-0.082241,1.142870,0.340723,-0.028928,-0.939719
5376,0.049910,-0.091466,1.150690,-0.474338,-0.879925,0.027098
5377,0.158846,-0.081449,1.133720,0.902628,-0.004309,-0.430401
5378,0.048813,-0.061257,1.557050,0.098122,0.932287,-0.348157
5379,0.642041,-0.061058,1.723280,-0.416766,-0.124576,-0.900437
5380,1.239180,-0.043741,1.790220,-0.866415,0.169240,-0.469769
5381,1.021110,0.845563,2.825810,0.911402,-0.213441,-0.351836
5382,1.039680,0.804081,2.775630,0.469931,0.031307,-0.882148
5383,1.031370,0.797314,2.785090,-0.450602,-0.892701,-0.006547
5384,1.026650,0.810566,2.787610,-0.739227,0.633149,0.229491
5385,1.041390,0.804951,2.791850,0.704711,0.125597,0.698289
5386,0.168736,0.714192,3.399920,0.189088,-0.944482,0.268700
5387,0.454354,0.748452,2.806020,-0.041389,-0.388783,-0.920399
5388,0.449932,0.748097,2.824460,-0.450691,-0.421463,0.786922
5389,0.451253,0.759203,2.815230,-0.473865,0.875203,-0.097324
5390,0.464022,0.753003,2.818180,0.971517,0.037174,0.234034
5391,0.191842,0.740478,3.020770,0.366313,0.878890,0.305562
5392,0.160222,0.674675,3.369650,-0.960803,-0.260647,-0.094450
5393,0.172551,0.682587,3.362800,0.248781,0.537730,-0.805577
5394,0.176627,0.669365,3.371170,0.629307,-0.775356,0.052881
5395,0.184357,0.542159,3.220880,0.228565,0.873700,0.429425
5396,0.185069,0.522558,3.217310,0.294765,-0.950625,0.097085
5397,0.184655,0.534285,3.208530,0.329745,0.181073,-0.926542
5398,0.170726,0.535172,3.309600,-0.910963,0.181491,-0.370414
5399,0.169743,0.376908,3.364090,-0.414696,0.777321,-0.473075
5400,0.185910,0.476516,3.036850,-0.862060,-0.318032,0.394598
5401,1.442090,1.563110,4.869610,0.216920,-0.047201,0.975048
5402,1.735130,1.560060,4.839770,0.083142,-0.718228,0.690823
5403,1.745510,1.502730,4.815610,0.336493,0.887893,-0.313719
5404,1.734530,1.496200,4.824960,-0.760785,0.182745,0.622744
5405,1.750290,1.489460,4.822800,0.777462,-0.475147,0.412055
5406,1.216680,1.561600,4.842140,0.334362,-0.301670,-0.892859
5407,1.243830,2.367050,4.787040,-0.156490,0.978920,0.131251
5408,1.134660,2.044620,4.825340,-0.780781,-0.618234,-0.090378
5409,1.652090,2.705680,4.771680,-0.526760,-0.817181,-0.233965
5410,1.667560,2.712270,4.773740,0.981694,-0.186932,-0.036506
5411,1.655260,2.716610,4.782560,-0.253561,0.268075,0.929431
5412,1.524640,2.654320,4.834850,0.405882,0.857194,-0.316982
5413,1.546390,2.676280,4.757680,-0.826858,-0.560164,0.050215
5414,1.284910,2.616260,4.826840,-0.253100,-0.075795,0.964466
5415,1.280720,2.612400,4.810140,-0.650127,-0.441583,-0.618336
5416,1.294440,2.613350,4.815800,0.874259,-0.472784,-0.110213
5417,1.288610,2.626920,4.814130,0.100633,0.963594,-0.247708
5418,1.861270,2.128160,4.769250,0.205793,-0.044363,-0.977589
5419,1.859220,2.137780,4.781920,0.017459,0.973235,0.229149
5420,1.864850,2.123810,4.783280,0.696448,-0.580245,0.422226
5421,1.598000,2.293480,4.749310,0.278672,0.950009,0.140801
5422,1.589200,2.283320,4.754560,-0.692048,-0.326347,0.643869
5423,1.604890,2.280820,4.750090,0.831624,-0.529064,0.168797
5424,1.050310,2.723890,4.797930,-0.851693,0.516868,-0.086409
5425,1.061020,2.723550,4.785990,0.128372,-0.137960,-0.982083
5426,1.143300,2.395700,4.801640,-0.707249,-0.647408,-0.284010
5427,1.153830,2.396900,4.814280,0.397968,-0.333000,0.854829
5428,1.354040,1.774060,4.831820,0.920104,0.387392,-0.057762
5429,1.947800,1.951280,4.796600,0.711983,-0.627495,0.315166
5430,1.548810,1.948480,4.843650,-0.287845,-0.295432,-0.910969
5431,1.976430,2.441630,4.842640,0.585141,0.221576,0.780073
5432,1.265850,2.248510,4.667360,-0.419149,-0.621713,-0.661655
5433,1.980330,2.129760,4.806430,-0.458518,-0.817551,0.348386
5434,1.987270,2.133240,4.793960,0.318336,-0.260075,-0.911605
5435,1.990990,2.138580,4.811370,0.664613,0.236890,0.708641
5436,1.559970,2.431870,4.834520,-0.855992,-0.284832,-0.431449
5437,1.571400,2.443500,4.834350,0.292871,0.855566,-0.426888
5438,1.575260,2.428320,4.837480,0.728421,-0.671668,-0.135146
5439,1.259950,2.395310,4.798480,0.551302,-0.784322,-0.284439
5440,1.256740,2.420940,4.804860,0.718500,0.694856,0.030556
5441,1.247980,2.417030,4.815840,-0.202512,0.193364,0.960000
5442,1.171450,2.290060,4.776020,0.561661,-0.352640,0.748453
5443,1.171280,2.295110,4.761700,0.682004,0.142194,-0.717392
5444,1.161840,2.299350,4.771360,-0.479164,0.742930,0.467394
5445,1.444180,1.844450,4.850580,-0.439239,-0.820136,-0.366668
5446,1.559610,1.853350,4.857310,0.716679,0.668772,-0.197773
5447,1.731890,1.836270,4.826490,0.623316,-0.717420,-0.311105
5448,1.846140,1.960300,4.781370,-0.442572,0.661997,0.604888
5449,1.845600,1.948740,4.772920,-0.734272,-0.621170,-0.273848
5450,1.858050,1.948770,4.780020,0.726353,-0.449662,0.519822
5451,1.858100,2.050150,4.767210,0.334324,0.484396,-0.808448
5452,1.863130,2.040860,4.778160,0.841660,-0.452115,0.295297
5453,1.849640,2.040670,4.773630,-0.721146,-0.655381,-0.224552
5454,1.725110,2.138900,4.827520,-0.581421,-0.402786,0.706904
5455,1.722910,2.147560,4.815180,-0.668493,0.475845,-0.571567
5456,1.734050,2.138080,4.815940,0.488596,-0.542552,-0.683309
5457,2.189230,2.237440,4.674610,-0.180487,0.962533,0.202373
5458,2.196510,2.229900,4.663690,0.528161,0.067820,-0.846431
5459,2.181100,2.224680,4.674810,-0.892755,-0.413510,0.178882
5460,1.398400,2.351920,4.738160,0.712847,0.349425,-0.608071
5461,1.379890,2.348210,4.743470,-0.992900,0.007523,-0.118710
5462,1.391470,2.352650,4.750710,0.107101,0.601459,0.791692
5463,1.043740,2.425680,4.773590,-0.334064,0.651132,-0.681489
5464,1.051100,2.423980,4.787170,0.195502,0.944183,0.265137
5465,1.052350,2.413120,4.776120,0.166006,-0.566675,-0.807045
5466,1.041070,2.412120,4.786600,-0.740211,-0.522562,0.423104
5467,2.126880,2.591610,4.591460,0.530611,0.603384,-0.595298
5468,1.731460,2.256170,4.754530,0.055519,0.731791,-0.679264
5469,1.726100,2.251900,4.769780,-0.478521,0.355514,0.802887
5470,1.740070,2.244040,4.765030,0.862323,-0.404625,0.304431
5471,1.769030,2.717790,4.723700,0.087158,0.995692,0.031637
5472,1.776860,2.703780,4.724530,0.925272,-0.358703,0.123303
5473,1.764310,2.702500,4.714560,-0.355483,-0.438454,-0.825463
5474,1.851750,2.699150,4.692590,0.763711,0.581780,0.279781
5475,1.750980,2.056760,4.783390,-0.300224,0.821783,0.484291
5476,1.743720,2.122230,4.749640,-0.583985,-0.229870,-0.778538
5477,1.745030,2.126110,4.763570,-0.662112,0.183745,0.726529
5478,1.756570,2.133340,4.758540,0.603047,0.796520,0.043481
5479,1.755720,2.117410,4.759000,0.610352,-0.785786,0.100053
5480,2.150050,0.866683,3.150700,-0.463261,-0.577947,0.671839
5481,2.153050,0.869741,3.136260,-0.244166,-0.388927,-0.888324
5482,2.165220,0.872876,3.144580,0.994153,-0.002278,0.107955
5483,2.055260,0.893392,3.252270,-0.299735,-0.714922,-0.631700
5484,2.485270,1.866660,4.716810,0.140690,0.381352,-0.913661
5485,2.475070,1.863220,4.733180,-0.800040,0.063883,0.596536
5486,2.489810,1.866670,4.731360,0.697724,0.476610,0.534813
5487,2.497540,1.751730,4.718630,0.595648,0.803220,0.006473
5488,2.487690,1.742230,4.708810,-0.361775,-0.129864,-0.923176
5489,2.484110,1.744750,4.726000,-0.701353,0.108750,0.704470
5490,2.484020,1.854480,4.725190,0.033518,-0.982042,-0.185660
5491,1.422450,2.339260,4.803110,-0.721708,-0.372908,0.583161
5492,1.427320,2.352740,4.790830,-0.374975,0.806013,-0.457971
5493,1.430990,2.337000,4.789500,-0.036968,-0.875286,-0.482190
5494,2.000460,2.423310,4.858190,-0.317181,-0.944671,-0.083618
5495,1.753690,1.933230,4.784110,0.388643,-0.875477,0.287221
5496,1.740870,1.942660,4.783570,-0.965721,0.105717,0.237080
5497,1.750560,1.942030,4.770950,0.059057,0.034888,-0.997645
5498,1.849150,2.051400,4.782960,-0.497611,0.535007,0.682753
5499,1.633110,1.956580,4.845860,-0.062888,-0.017181,-0.997873
5500,1.631640,1.948420,4.858970,-0.241468,-0.936209,0.255356
5501,1.629190,1.962780,4.858460,-0.591909,0.773327,0.227178
5502,1.734500,1.931420,4.823900,0.071891,-0.981451,-0.177723
5503,1.725400,1.948780,4.824170,-0.768467,0.621364,-0.152858
5504,1.739420,1.945120,4.820550,0.682507,0.367477,-0.631779
5505,1.637620,1.846170,4.873010,-0.148120,0.269706,0.951483
5506,1.638600,1.849400,4.853780,-0.057823,0.567655,-0.821233
5507,1.632850,1.837270,4.861360,-0.721548,-0.675903,-0.150078
5508,1.978050,2.143760,4.802630,-0.596308,0.794360,-0.115794
5509,2.071780,2.265550,4.712580,0.312577,0.891840,-0.326981
5510,2.070590,2.255540,4.723630,0.259470,-0.091379,0.961418
5511,2.073160,2.248440,4.710730,0.441141,-0.745139,-0.500162
5512,1.855100,1.956620,4.765660,0.394028,0.318700,-0.862074
5513,1.647010,1.841220,4.862740,0.967797,-0.251644,0.006664
5514,1.358430,1.953870,4.817940,0.156417,0.388029,-0.908277
5515,1.547390,2.055200,4.857940,-0.395986,0.449241,0.800861
5516,1.734540,1.942350,4.834390,0.095106,0.034655,0.994864
5517,1.642510,1.958780,4.862840,0.803085,0.185493,0.566257
5518,1.244740,2.420490,4.796580,-0.492076,0.516583,-0.700716
5519,1.010070,2.305310,4.647840,0.980477,-0.162733,-0.110375
5520,0.998826,2.311770,4.653830,-0.259895,0.680694,0.684917
5521,0.996573,2.297700,4.652810,-0.382474,-0.849695,0.362950
5522,0.997344,2.311250,4.639630,-0.311043,0.406544,-0.859054
5523,1.255810,2.134170,4.832350,0.221217,0.032950,0.974668
5524,1.248670,2.140770,4.820990,-0.560914,0.822341,-0.095558
5525,1.250790,2.126470,4.821200,-0.335637,-0.938879,-0.076507
5526,1.157190,2.289460,4.762350,-0.754858,-0.407695,-0.513784
5527,0.860591,2.570350,4.674990,0.745529,0.408828,-0.526351
5528,0.850766,2.560280,4.677090,-0.284650,-0.824348,-0.489311
5529,0.844568,2.572460,4.681030,-0.786900,0.615121,0.049136
5530,1.359110,2.052490,4.823140,0.592448,-0.032611,-0.804948
5531,1.348380,2.046050,4.830620,-0.532903,-0.833318,-0.146953
5532,1.350210,2.060300,4.831300,-0.318627,0.945605,-0.065631
5533,1.256090,2.063710,4.811210,-0.329712,-0.618449,-0.713309
5534,1.253790,2.076270,4.818350,-0.675957,0.736577,-0.023136
5535,1.269550,2.071940,4.816050,0.955248,0.177458,-0.236663
5536,1.354250,2.052200,4.842480,0.141502,-0.059457,0.988151
5537,1.259730,2.067490,4.828540,0.024178,-0.249799,0.967996
5538,0.850505,1.556290,4.735520,-0.362110,-0.764743,-0.532958
5539,0.863148,1.567890,4.737000,0.851201,0.342578,-0.397614
5540,0.855577,1.561980,4.751290,0.120164,-0.224068,0.967137
5541,-0.006899,0.214005,4.712080,0.187427,0.352495,0.916853
5542,1.256690,2.286350,4.758660,-0.990671,-0.073821,0.114551
5543,1.268210,2.277950,4.753160,0.299127,-0.852615,-0.428451
5544,1.269800,2.287890,4.766360,0.479013,0.092415,0.872930
5545,1.266750,2.295770,4.752070,0.161196,0.831532,-0.531574
5546,0.637117,1.774760,4.682180,-0.581544,-0.205721,0.787074
5547,0.646714,1.784530,4.675740,0.389681,0.888204,0.243400
5548,0.637836,1.776140,4.666810,-0.627182,-0.095054,-0.773051
5549,0.855818,2.563020,4.690100,0.291034,-0.288978,0.912026
5550,2.495700,1.736850,4.720430,0.513082,-0.827344,0.228580
5551,1.138470,1.958270,4.824860,-0.169004,0.871183,-0.460953
5552,1.068750,1.944460,4.810000,0.168229,-0.915798,-0.364709
5553,0.849558,1.569440,4.740820,-0.680993,0.730974,-0.043877
5554,0.946492,1.947450,4.730560,-0.403951,-0.220920,-0.887704
5555,0.955088,1.942390,4.742310,0.459356,-0.867436,0.191174
5556,0.944893,1.952660,4.747610,-0.637688,0.278396,0.718226
5557,1.021170,2.586730,4.749230,-0.044051,0.998930,-0.014075
5558,1.452560,1.951930,4.844050,-0.224954,0.796948,-0.560598
5559,-1.560610,2.355410,4.565930,0.577231,-0.698352,0.423213
5560,0.991046,2.400000,4.748990,-0.104025,0.048183,0.993407
5561,0.986438,2.402630,4.735670,-0.135930,0.912788,-0.385151
5562,0.998124,2.410760,4.734000,0.444502,0.869677,-0.214664
5563,0.999028,2.395870,4.736760,0.884387,-0.466722,-0.005516
5564,0.979737,2.375850,4.718910,-0.182321,-0.716099,-0.673767
5565,1.146840,2.421440,4.805830,0.783884,-0.053512,-0.618597
5566,1.017870,2.143370,4.778370,-0.562701,-0.563620,0.604731
5567,1.029070,2.151950,4.776570,0.689402,0.333896,0.642836
5568,1.018010,2.154720,4.768070,-0.679197,0.597163,-0.426717
5569,1.253380,1.859750,4.834290,0.855073,0.429712,0.290169
5570,1.239400,1.860030,4.831700,-0.744957,0.664951,0.053653
5571,1.241170,1.847330,4.837840,-0.317892,-0.736032,0.597663
5572,1.145070,1.651860,4.838150,-0.599606,-0.800233,-0.010000
5573,1.337790,2.412350,4.808300,-0.845932,0.522988,-0.104315
5574,1.353930,2.412920,4.808560,0.814054,0.575714,-0.076607
5575,1.345340,2.400850,4.802120,-0.065303,-0.665920,-0.743159
5576,1.259520,2.134430,4.812870,0.563515,0.056926,-0.824142
5577,1.347010,2.402750,4.819030,0.096318,-0.421319,0.901783
5578,1.153100,2.144680,4.834880,0.331068,0.045890,0.942491
5579,1.154790,2.145200,4.815260,0.487312,0.093927,-0.868162
5580,1.144260,2.150910,4.824390,-0.615009,0.787867,-0.032084
5581,1.768880,2.668230,4.763870,-0.814335,0.568250,-0.118115
5582,1.775220,2.658450,4.755420,-0.014974,-0.487375,-0.873064
5583,1.776460,2.657470,4.769750,0.134578,-0.776298,0.615833
5584,1.158520,2.399250,4.796390,0.726128,-0.202240,-0.657143
5585,1.030210,2.146710,4.763390,0.575464,-0.255443,-0.776910
5586,1.781810,2.670860,4.769610,0.597678,0.666253,0.445969
5587,2.064800,0.904278,3.254990,0.754771,0.325592,-0.569482
5588,2.152020,0.882677,3.143910,-0.294200,0.954794,0.042598
5589,2.221950,0.758251,3.264420,-0.849728,0.424661,0.312452
5590,2.241600,0.756007,3.262500,0.966737,0.217253,0.134986
5591,2.230450,0.754700,3.252730,-0.082411,0.124123,-0.988839
5592,1.744710,0.758500,2.888220,0.953414,-0.106282,0.282323
5593,2.039690,0.879285,3.045190,0.033142,0.872251,-0.487934
5594,2.047340,0.868687,3.052530,0.959331,-0.137981,0.246261
5595,2.036580,0.860127,3.046560,-0.254110,-0.897062,-0.361535
5596,1.971160,0.863427,3.051530,0.751421,0.204872,0.627212
5597,2.065040,0.877635,3.122800,0.429115,-0.478150,-0.766311
5598,2.052780,0.881904,3.130460,-0.997789,-0.022700,0.062461
5599,2.063280,0.892509,3.128320,0.207817,0.966509,-0.150577
5600,2.064290,0.876747,3.138720,0.301525,-0.495907,0.814346
5601,2.033120,0.871278,3.056530,-0.706341,0.163656,0.688693
5602,1.640260,0.659790,2.880900,-0.837092,0.497481,-0.227572
5603,1.814120,0.860532,2.888040,0.302187,0.563814,-0.768633
5604,1.994690,0.894756,3.164090,-0.417259,0.904959,-0.083328
5605,2.002420,0.883563,3.156040,0.350327,-0.186011,-0.917971
5606,1.992740,0.877041,3.168350,-0.572374,-0.759304,0.309588
5607,2.134570,0.876250,3.064530,0.077155,0.990511,-0.113734
5608,1.935290,0.857137,2.953870,-0.346231,-0.223247,-0.911200
5609,2.004870,0.885780,3.170840,0.704213,0.049418,0.708267
5610,2.230740,0.746932,3.264780,-0.052242,-0.872737,0.485388
5611,1.312720,0.240490,2.801060,-0.557243,-0.823903,0.103266
5612,1.350650,0.129545,2.814660,-0.511610,-0.460751,0.725234
5613,1.363660,0.124288,2.807250,0.656535,-0.752099,-0.057526
5614,1.038640,0.261392,2.804610,0.630031,0.762380,-0.147773
5615,1.036850,0.251189,2.815370,0.326435,-0.347678,0.878954
5616,1.032870,0.250713,2.795910,-0.041346,-0.391615,-0.919200
5617,1.025910,0.255594,2.807360,-0.976543,0.084715,0.197960
5618,1.039730,0.349692,2.800490,0.905932,-0.139631,-0.399739
5619,1.031200,0.352395,2.814750,0.075100,0.123681,0.989476
5620,1.024380,0.343110,2.802500,-0.589705,-0.781396,-0.204130
5621,1.033020,0.457661,2.801390,-0.825477,0.483240,0.291661
5622,1.017230,0.456638,2.803670,-0.862625,0.501159,0.068690
5623,1.043370,0.743917,2.781990,0.659240,0.196097,-0.725912
5624,1.011500,0.744726,2.796850,-0.302084,0.936479,0.178193
5625,1.079230,0.360968,2.796090,0.486652,0.854455,-0.181869
5626,1.074530,0.345397,2.789620,0.026082,-0.633509,-0.773296
5627,1.066380,0.353749,2.799130,-0.971256,0.188423,0.145462
5628,0.179755,0.251521,3.454540,0.936320,0.036147,-0.349282
5629,0.211827,0.163947,2.993070,0.337722,0.930830,-0.139640
5630,0.195293,0.199317,3.055430,-0.168300,-0.215203,0.961958
5631,0.359608,0.543759,2.818460,0.398264,-0.917005,0.022074
5632,0.192172,0.790888,2.797770,-0.307367,0.902225,0.302516
5633,-0.471667,-0.079769,1.737970,0.350528,-0.928475,-0.122740
5634,-0.482277,-0.070422,1.735140,-0.852472,-0.078497,-0.516845
5635,-0.472525,-0.059868,1.736360,0.270643,0.923301,-0.272521
5636,-0.331047,-0.075586,1.565470,0.998066,0.024512,-0.057118
5637,-0.338131,-0.068423,1.753110,-0.956179,0.292779,0.001498
5638,-0.323517,-0.067593,1.760980,0.443823,0.402612,0.800578
5639,-0.321769,-0.069447,1.744560,0.571321,0.197177,-0.796689
5640,0.035149,-0.073675,1.457690,-0.664725,0.173718,-0.726610
5641,-0.328213,-0.078595,1.753320,-0.046001,-0.998426,0.032080
5642,-0.554090,-0.074885,1.566130,-0.042743,0.252026,0.966776
5643,-0.448999,-0.076537,1.449370,-0.146975,0.212568,-0.966029
5644,-0.549222,-0.083559,0.948817,-0.443298,0.895533,0.038836
5645,-0.542286,-0.093251,0.940859,0.275219,-0.005197,-0.961367
5646,-0.547665,-0.103449,0.949370,-0.298841,-0.950035,0.090151
5647,-0.539667,-0.092655,0.954936,0.588627,0.068474,0.805500
5648,-0.619719,-0.095421,0.867030,0.329899,0.102850,-0.938397
5649,-0.715054,-0.082834,0.985347,-0.209365,0.885410,-0.414989
5650,-0.560338,-0.098803,0.838741,-0.757340,-0.302128,-0.578926
5651,-0.444529,-0.066096,1.542090,0.121457,0.929714,0.347679
5652,0.058995,-0.082573,1.157010,0.514995,-0.072819,0.854095
5653,-0.235028,-0.071093,1.635340,-0.988175,-0.016369,-0.152457
5654,-0.253810,-0.069076,1.758740,-0.080052,-0.101075,-0.991653
5655,-0.150511,-0.059582,1.657420,0.176767,0.961529,0.210275
5656,-0.053615,-0.072634,1.536250,-0.862899,-0.121971,0.490437
5657,-0.474478,-0.069137,1.746880,0.124469,0.085229,0.988556
5658,-0.565388,-0.068798,1.834940,-0.473308,0.019540,0.880680
5659,-0.558204,-0.058740,1.827440,0.313609,0.948767,-0.038604
5660,-0.564742,-0.069576,1.820570,-0.396846,-0.077993,-0.914566
5661,-0.556912,-0.078631,1.828570,0.433617,-0.898651,0.066348
5662,-0.938059,-0.086630,1.646380,0.086927,-0.908247,-0.409306
5663,-0.947988,-0.076256,1.654460,-0.923666,0.062902,0.378000
5664,-0.937432,-0.068060,1.644820,0.145252,0.819475,-0.554402
5665,-0.732765,-0.056248,2.037060,0.103902,0.922028,-0.372919
5666,-0.933636,-0.076630,1.655770,0.731288,0.032536,0.681293
5667,-0.834997,-0.070277,1.862840,0.982262,0.029928,0.185110
5668,-0.844029,-0.060506,1.857760,-0.121369,0.933317,-0.337918
5669,-0.848776,-0.070774,1.866420,-0.768009,-0.033225,0.639577
5670,-0.843373,-0.080489,1.857510,-0.060188,-0.930524,-0.361251
5671,-0.546272,-0.068864,1.436130,0.073157,0.996938,0.027623
5672,-0.035165,-0.055501,2.231070,-0.359398,-0.068127,-0.930694
5673,0.347608,0.249593,2.832860,-0.260294,0.228459,0.938112
5674,0.353520,0.240101,2.823780,0.399280,-0.906099,0.139859
5675,0.354758,0.254061,2.820480,0.510767,0.818983,-0.261502
5676,0.344643,0.245320,2.813720,-0.534170,-0.166022,-0.828914
5677,0.439918,0.139200,2.832060,-0.735745,-0.675308,-0.051363
5678,0.254322,0.255569,2.820630,-0.903489,0.394279,-0.168084
5679,0.346613,0.659265,2.812450,-0.609383,0.791448,-0.047564
5680,0.049708,-0.056991,2.076070,-0.375615,-0.098041,-0.921575
5681,0.057454,-0.047014,2.084630,0.407922,0.911308,-0.055840
5682,0.060335,-0.064229,2.088490,0.615683,-0.730852,0.294601
5683,0.047524,-0.056508,2.091090,-0.705299,-0.058175,0.706519
5684,1.114840,-0.025801,2.741770,-0.478211,0.363844,0.799332
5685,1.053420,-0.026392,2.749740,-0.569253,0.395596,0.720732
5686,1.452590,0.122134,2.830620,0.174133,0.934592,-0.310185
5687,0.473758,-0.021743,2.862190,0.681889,-0.728320,-0.067660
5688,0.471225,-0.007951,2.864850,0.605455,0.757253,0.244933
5689,0.458090,-0.011479,2.869180,-0.778868,0.228576,0.584053
5690,0.573815,-0.058189,2.551150,-0.196978,-0.979126,0.050118
5691,0.762439,0.254186,2.822720,0.183240,-0.178464,-0.966733
5692,0.768812,0.260552,2.837630,0.780511,0.425292,0.458181
5693,0.757591,0.247228,2.837440,-0.283002,-0.847518,0.449025
5694,0.576959,-0.036295,2.767220,0.236194,0.635463,0.735118
5695,0.580163,-0.049730,2.760490,0.651110,-0.747031,0.134162
5696,0.574734,-0.038034,2.752140,0.036106,0.579639,-0.814073
5697,0.462584,-0.015254,2.856210,-0.491711,-0.168585,-0.854283
5698,0.565047,-0.048313,2.758140,-0.870165,-0.480716,-0.108280
5699,0.754887,0.260952,2.833230,-0.753173,0.654962,0.061278
5700,1.078320,0.348264,2.806470,0.397655,-0.386657,0.832086
5701,1.142210,0.441351,2.783920,-0.907853,-0.390000,0.153954
5702,1.247020,0.439681,2.772070,0.064199,-0.597413,0.799360
5703,1.379270,0.824352,2.819070,0.284176,-0.865237,-0.413049
5704,0.940350,0.357606,2.819200,-0.427144,0.898464,0.101543
5705,0.956319,0.450642,2.823350,-0.253414,0.189110,0.948693
5706,0.953371,0.448706,2.803850,-0.525530,0.010481,-0.850710
5707,0.961286,0.440372,2.813550,0.260357,-0.963857,0.056508
5708,1.026760,0.358597,2.800980,-0.404339,0.823349,-0.398254
5709,1.010950,0.736392,2.810130,-0.144594,0.029289,0.989058
5710,1.006830,0.730535,2.792040,-0.656332,-0.585166,-0.476245
5711,0.846800,0.546052,2.824310,-0.882214,-0.470259,0.023560
5712,0.944884,0.542169,2.813990,-0.462116,-0.874259,0.148730
5713,1.016260,0.658116,2.801940,0.849994,0.457338,0.261443
5714,0.998245,0.627208,2.808840,-0.188672,-0.878603,0.438702
5715,0.996588,0.630396,2.789300,-0.292601,-0.804506,-0.516870
5716,0.963963,0.454392,2.811750,0.635675,0.752761,-0.171079
5717,1.069040,0.548807,2.794080,0.794143,-0.605792,-0.048512
5718,1.037210,-0.053592,2.016690,-0.364004,-0.924081,0.116513
5719,1.037600,-0.033601,2.016350,-0.327633,0.940992,0.084796
5720,1.042370,-0.043844,2.007650,0.159420,-0.019850,-0.987011
5721,1.046230,-0.043688,2.021270,0.659830,-0.000128,0.751415
5722,0.742117,-0.046681,1.738890,-0.202944,0.911786,0.357016
5723,0.744316,-0.066426,1.739440,0.000257,-0.913013,0.407931
5724,0.752435,-0.055697,1.733110,0.968244,0.101504,-0.228472
5725,0.451499,-0.064306,1.349060,-0.026071,0.950641,-0.309194
5726,0.553114,-0.073368,1.257230,0.837790,0.115160,0.533710
5727,0.552310,-0.055560,1.532450,0.429626,0.901904,-0.044622
5728,0.544538,-0.064767,1.539880,-0.411926,0.064914,0.908902
5729,0.551050,-0.075477,1.533300,0.312508,-0.949293,0.034384
5730,0.543964,-0.065335,1.525750,-0.460377,-0.008819,-0.887680
5731,0.253414,-0.069279,1.642450,0.248086,-0.142315,-0.958227
5732,1.018980,0.732863,2.798990,0.597397,-0.749408,0.285490
5733,0.997428,0.655404,2.802360,-0.749433,0.528718,0.398507
5734,1.006510,0.657391,2.791250,0.168235,0.586610,-0.792203
5735,0.170987,0.682334,3.378780,0.088895,0.518318,0.850556
5736,0.938536,0.732481,2.799660,-0.482977,-0.394924,-0.781516
5737,0.941769,0.744394,2.807860,-0.249868,0.967848,-0.028923
5738,0.952885,0.734653,2.806750,0.965112,-0.220400,-0.141358
5739,0.941567,0.733811,2.818240,-0.201894,-0.271542,0.941012
5740,0.174471,0.532036,3.218820,-0.941593,-0.093393,0.323542
5741,1.059870,-0.048635,1.833990,0.724759,-0.153309,-0.671730
5742,0.193319,0.551265,3.020490,0.187632,-0.566987,-0.802073
5743,0.859477,-0.050183,1.860640,0.157624,0.226096,0.961267
5744,0.849513,-0.048080,1.848590,-0.862479,0.469167,-0.189769
5745,0.858691,-0.060764,1.850560,0.108311,-0.993957,0.017825
5746,0.863670,-0.050060,1.841900,0.551402,0.237488,-0.799722
5747,0.738514,-0.057336,1.729940,-0.747900,-0.101673,-0.655979
5748,1.306300,-0.030089,2.631800,-0.444457,-0.265652,0.855504
5749,0.861194,-0.027829,2.770850,0.156149,0.337462,0.928298
5750,-1.025600,-0.002991,4.597230,0.335315,0.858131,0.388811
5751,-1.029770,-0.016260,4.609600,0.115501,0.168030,0.978992
5752,-1.747970,0.145673,4.574930,-0.134262,-0.204348,-0.969647
5753,-1.755270,0.151205,4.589250,-0.856320,0.330449,0.396888
5754,-1.741570,0.152963,4.585470,0.696258,0.716848,0.036786
5755,-1.946270,0.062179,4.559280,-0.189449,0.079788,-0.978643
5756,-1.940620,0.053792,4.570540,0.434584,-0.890681,0.133506
5757,-1.952020,0.060827,4.577590,-0.685000,-0.046837,0.727036
5758,-1.939660,0.068896,4.570540,0.520541,0.844355,0.126896
5759,-1.644090,0.042565,4.580660,0.684113,-0.714745,-0.145355
5760,-1.853790,0.243239,4.568270,0.120808,0.299599,-0.946386
5761,-1.656530,0.149504,4.579510,-0.032493,-0.358743,-0.932870
5762,-1.656360,0.149175,4.599470,-0.016702,-0.389267,0.920974
5763,-1.663180,0.157451,4.589680,-0.863598,0.503940,0.015595
5764,-2.043360,0.458528,4.555630,0.874512,0.476327,0.091331
5765,-2.049700,0.452076,4.544530,0.056190,-0.248868,-0.966906
5766,-2.057480,0.457634,4.554970,-0.927692,0.373251,0.008414
5767,-2.050460,0.449701,4.564370,-0.014644,-0.470342,0.882363
5768,-1.854940,0.053544,4.566290,-0.663583,-0.168172,-0.728955
5769,-2.679540,0.857991,4.488090,0.464573,0.052717,-0.883964
5770,-2.682130,0.863437,4.506340,0.225339,0.555247,0.800577
5771,-2.683220,0.848718,4.500450,0.146367,-0.942139,0.301581
5772,-2.354820,1.054890,4.527590,0.250145,0.017308,0.968054
5773,-2.142850,0.055794,4.567360,-0.060501,-0.512382,0.856624
5774,-2.134850,0.065000,4.559080,0.888330,0.443809,0.117914
5775,-2.149560,0.065088,4.558090,-0.890729,0.454532,-0.001799
5776,-2.350080,0.053059,4.544650,-0.065599,-0.826334,0.559347
5777,-2.341880,0.066382,4.542100,0.802393,0.455405,0.385710
5778,-2.357310,0.067766,4.538750,-0.815946,0.577580,0.025173
5779,-2.148510,0.253072,4.563260,-0.437148,-0.115270,0.891972
5780,-2.146860,0.257095,4.543750,-0.283670,0.259044,-0.923270
5781,-2.141790,0.246821,4.552300,0.256563,-0.950695,-0.174227
5782,-2.139120,0.260527,4.555350,0.588900,0.780296,0.210559
5783,-2.038150,0.058295,4.562350,0.903477,0.378394,0.201362
5784,-2.046580,0.047986,4.568670,-0.114278,-0.673041,0.730723
5785,-2.044680,0.053321,4.550100,0.060937,-0.180900,-0.981612
5786,-2.141520,0.058328,4.547740,0.062555,-0.277601,-0.958658
5787,-2.348440,0.060432,4.528950,0.094293,-0.174984,-0.980046
5788,-2.250340,0.054374,4.541940,0.092463,-0.228029,-0.969254
5789,-2.450060,0.164692,4.542880,-0.741359,0.114233,0.661316
5790,-2.059280,0.150458,4.554220,-0.018543,0.318637,-0.947695
5791,-2.065530,0.142188,4.564320,-0.799737,-0.600223,-0.012383
5792,-2.060340,0.151462,4.574140,-0.117088,0.412126,0.903572
5793,-2.046680,0.244062,4.557860,0.888368,-0.458333,0.027054
5794,-2.051590,0.145048,4.564920,0.964767,-0.255097,0.064418
5795,-1.937430,0.141316,4.573740,0.350375,-0.934717,0.059512
5796,-2.645510,0.363610,4.500490,0.238336,0.514121,-0.823939
5797,-2.651440,0.364553,4.516410,-0.333604,0.626575,0.704352
5798,-2.640240,0.352166,4.513170,0.735743,-0.565682,0.372405
5799,-1.648990,0.156238,4.589540,0.928672,0.370898,-0.001756
5800,-1.742780,0.139804,4.591010,0.355276,-0.757791,0.547295
5801,-2.362290,0.248731,4.533210,-0.260839,-0.707099,-0.657248
5802,-2.364760,0.261660,4.539180,-0.734058,0.645003,-0.212439
5803,-2.350350,0.260789,4.539980,0.912466,0.401293,-0.079815
5804,-2.358930,0.254418,4.550240,0.037045,-0.248958,0.967806
5805,-2.146840,0.150160,4.548330,0.000954,-0.107710,-0.994182
5806,-2.446260,0.258688,4.520940,-0.345463,0.133234,-0.928926
5807,-1.649250,0.351166,4.594650,-0.426139,-0.019535,0.904447
5808,-1.648010,0.349415,4.574830,-0.310860,-0.181769,-0.932913
5809,-1.639660,0.345610,4.585720,0.650972,-0.751504,0.107130
5810,-1.458100,0.082895,4.612930,-0.245998,0.367134,0.897049
5811,-1.460350,0.085738,4.593480,-0.333372,0.459538,-0.823218
5812,-1.100020,-0.007664,4.589200,-0.008879,-0.835141,-0.549964
5813,-1.082230,-0.002744,4.596380,0.910788,-0.352664,-0.214694
5814,-1.093270,-0.002682,4.608100,-0.069790,-0.389688,0.918299
5815,-0.546336,0.541183,4.656790,0.963849,-0.264251,0.034170
5816,-0.740321,0.759112,4.663560,0.861246,0.464126,0.206984
5817,-0.553463,0.758566,4.663330,-0.133911,-0.341292,-0.930369
5818,-0.552334,0.757436,4.683100,-0.029603,-0.445267,0.894909
5819,-0.558093,0.767029,4.674020,-0.784381,0.615144,0.079653
5820,-0.543906,0.764716,4.673080,0.956387,0.289611,-0.038057
5821,-0.850273,0.650692,4.622430,-0.360236,0.170672,-0.917116
5822,-0.842364,0.655533,4.633590,0.507801,0.847247,0.155920
5823,-0.842887,0.641202,4.631330,0.411926,-0.903067,-0.121602
5824,-0.851196,0.647639,4.641990,-0.445000,-0.111202,0.888599
5825,-0.438955,0.575606,4.655470,0.851653,0.198914,-0.484892
5826,-0.940165,0.743844,4.653280,0.082944,-0.090749,0.992414
5827,-1.567050,1.053900,4.595110,-0.443376,-0.415108,0.794420
5828,-1.554960,1.057820,4.588660,0.957052,-0.074336,0.280225
5829,-1.566660,1.065450,4.585840,-0.527178,0.845807,-0.081819
5830,-0.438971,0.246221,4.666130,0.486882,-0.873413,-0.009771
5831,-0.250472,0.372970,4.671460,0.319007,0.069185,-0.945224
5832,1.625250,2.048040,4.857030,-0.708015,-0.705371,-0.034160
5833,1.629730,2.058800,4.847740,-0.136491,0.445684,-0.884723
5834,1.638810,2.052720,4.857040,0.986001,-0.162808,-0.035982
5835,2.058160,2.255650,4.715320,-0.996203,-0.059271,-0.063769
5836,1.630210,2.057350,4.867550,-0.092190,0.311871,0.945641
5837,1.462640,2.353170,4.803750,0.438877,0.749631,-0.495419
5838,1.462110,2.347660,4.821990,0.244857,0.102154,0.964163
5839,1.463160,2.338730,4.809370,0.497318,-0.864631,0.071328
5840,1.536120,2.138890,4.840530,-0.283041,0.014758,-0.958994
5841,1.849780,2.124950,4.783780,-0.862215,-0.342738,0.372982
5842,1.724260,2.057280,4.826860,-0.082401,-0.889741,0.448966
5843,1.917030,2.065430,4.791890,-0.765274,0.633241,-0.115595
5844,1.862690,2.258300,4.740010,0.730108,0.622054,-0.282826
5845,1.853490,2.248360,4.753290,-0.121545,-0.298152,0.946748
5846,1.856240,2.243690,4.738150,0.152807,-0.838796,-0.522562
5847,2.056600,2.193520,4.760510,0.056264,0.615400,0.786205
5848,2.061600,2.178400,4.754010,0.532728,-0.830858,0.160860
5849,2.059070,2.190680,4.746240,0.397583,0.464227,-0.791467
5850,1.695610,2.225690,4.820360,-0.299206,-0.387099,-0.872141
5851,1.699050,2.222810,4.835060,0.022220,-0.803296,0.595166
5852,1.693930,2.235380,4.830680,-0.662994,0.739541,0.116269
5853,1.993200,2.244330,4.671460,0.335781,0.129457,0.933002
5854,1.994060,2.251060,4.656480,0.382904,0.742173,-0.550058
5855,1.982510,2.243810,4.661590,-0.989313,0.098163,-0.107815
5856,2.046020,2.184930,4.750020,-0.953126,-0.208084,-0.219664
5857,1.769520,2.231420,4.654010,0.775100,0.588969,0.228770
5858,1.759270,2.231920,4.643990,-0.436978,0.442847,-0.782903
5859,1.757280,2.226600,4.659700,-0.671252,-0.058733,0.738899
5860,1.768200,2.217480,4.650950,0.398141,-0.907733,-0.132308
5861,1.738400,2.146340,4.827230,0.759623,0.363349,0.539398
5862,1.755140,1.949140,4.786420,0.498464,0.717054,0.487203
5863,1.030510,2.374110,4.742540,-0.827388,0.175913,-0.533369
5864,1.042870,2.380720,4.750500,0.420725,0.865949,0.270413
5865,1.045140,2.367110,4.742150,0.632253,-0.522420,-0.572130
5866,1.036540,2.367130,4.756430,-0.220382,-0.508295,0.832507
5867,1.164190,2.712830,4.766800,-0.542127,0.141945,-0.828221
5868,1.684650,2.257010,4.678240,0.714600,0.591207,0.373927
5869,1.674010,2.245310,4.682750,-0.343719,-0.554057,0.758207
5870,1.680200,2.246070,4.669330,0.319718,-0.664696,-0.675248
5871,1.848220,2.255640,4.741550,-0.835246,0.515162,-0.192279
5872,1.643720,2.144030,4.861830,0.304293,0.338872,0.890265
5873,1.638530,2.145530,4.842840,-0.174384,0.477326,-0.861249
5874,1.632580,2.137210,4.854070,-0.905626,-0.363325,0.218713
5875,1.737980,2.187240,4.538080,0.988620,-0.118677,0.092449
5876,1.742510,2.395310,4.795070,0.220015,-0.947291,0.232878
5877,1.646360,2.136010,4.850210,0.779710,-0.570448,-0.258150
5878,1.670940,2.257600,4.669190,-0.630015,0.590443,-0.504439
5879,1.968570,2.232470,4.799310,-0.757687,-0.021529,-0.652263
5880,1.982680,2.234910,4.798090,0.803860,0.213121,-0.555328
5881,1.975690,2.223970,4.808460,0.164844,-0.878470,0.448461
5882,1.738840,1.488520,4.811240,-0.349024,-0.581516,-0.734862
5883,1.460260,2.141980,4.844770,0.504175,-0.859461,0.084464
5884,1.452830,2.066370,4.853730,0.588193,0.158710,0.792995
5885,2.195590,2.224460,4.677320,0.596145,-0.583278,0.551723
5886,1.371050,2.237940,4.811910,0.584677,-0.237633,-0.775683
5887,1.361630,2.249920,4.824660,-0.285857,0.869601,0.402591
5888,1.369110,2.237170,4.826690,0.519970,-0.396043,0.756823
5889,1.783650,2.331210,4.687470,-0.142989,-0.826764,0.544073
5890,1.349770,2.292510,4.772380,-0.549667,0.332168,0.766505
5891,1.351990,2.292980,4.756550,-0.395970,0.433035,-0.809746
5892,1.356420,2.278470,4.761630,0.067507,-0.970576,-0.231140
5893,1.261480,2.226300,4.810970,0.958788,0.151828,-0.240154
5894,1.248260,2.218440,4.805600,-0.373825,-0.594361,-0.712032
5895,1.247760,2.231040,4.813080,-0.589878,0.807104,-0.025059
5896,1.074520,2.422610,4.809960,-0.222506,-0.202286,0.953714
5897,1.184080,2.698160,4.784100,-0.349911,-0.636286,0.687533
5898,1.081450,2.431170,4.797220,0.472600,0.856939,-0.205678
5899,1.147020,2.136360,4.824240,-0.303067,-0.951573,-0.051572
5900,1.440080,2.245290,4.849570,0.231577,0.046920,0.971684
5901,1.434650,2.252670,4.837650,-0.342540,0.925251,-0.163026
5902,1.433250,2.238430,4.838950,-0.562393,-0.826787,-0.011705
5903,1.548840,2.237970,4.837470,-0.519589,-0.437299,-0.734028
5904,1.562890,2.241220,4.843030,0.947648,-0.168587,-0.271184
5905,1.554590,2.240410,4.856040,0.010192,-0.212525,0.977102
5906,1.335990,2.310490,4.668630,-0.598570,0.635604,0.487568
5907,1.352360,2.153020,4.834660,-0.182721,0.659604,0.729065
5908,1.353080,2.152440,4.818630,-0.091993,0.518841,-0.849907
5909,1.349380,2.141460,4.826900,-0.652743,-0.746731,-0.127746
5910,1.450710,2.347490,4.811650,-0.126319,-0.028435,0.991582
5911,1.363400,2.291010,4.766170,0.935190,0.252247,0.248579
5912,1.252230,2.221900,4.823640,-0.005389,-0.273193,0.961944
5913,1.708080,2.234960,4.832420,0.850649,0.467727,0.240057
5914,1.392510,2.339460,4.745150,0.207994,-0.977133,0.044162
5915,1.494570,2.658470,4.761080,0.640803,0.509763,-0.574033
5916,1.361070,2.616330,4.811400,-0.783592,-0.214369,-0.583120
5917,1.163760,2.707340,4.781160,-0.779697,-0.415141,0.468754
5918,1.058440,2.737340,4.793770,-0.117131,0.992136,-0.044118
5919,0.952016,2.261510,4.652170,-0.002204,-0.712599,-0.701568
5920,0.958529,2.267050,4.663920,0.810223,-0.270052,0.520202
5921,0.945356,2.271760,4.667860,-0.618252,0.235608,0.749836
5922,0.951255,2.275950,4.655020,-0.094887,0.814532,-0.572307
5923,0.902273,2.540460,4.696800,0.417935,-0.295725,-0.858998
5924,0.889598,2.541420,4.705610,-0.972211,-0.233680,0.014151
5925,0.898343,2.554120,4.706780,0.027584,0.992359,0.120260
5926,0.902972,2.538490,4.712800,0.486872,-0.490341,0.722857
5927,0.984799,2.576480,4.714370,0.354700,-0.759743,0.544957
5928,0.754387,2.610800,4.670290,0.417318,0.046436,0.907573
5929,1.063840,1.554460,4.835130,-0.123480,-0.019959,0.992146
5930,1.067060,1.546980,4.823190,0.235611,-0.959170,-0.156459
5931,1.072160,1.559340,4.817710,0.649056,0.433161,-0.625378
5932,0.937468,2.205190,4.742000,0.871280,-0.486839,0.062120
5933,0.922980,2.206920,4.745840,-0.816269,-0.279968,0.505294
5934,0.927125,2.207390,4.731240,-0.269441,-0.180412,-0.945967
5935,1.443590,2.243170,4.830180,0.555726,-0.148776,-0.817945
5936,1.551460,2.249730,4.845450,-0.395412,0.918502,0.001725
5937,1.363040,2.141630,4.830900,0.829142,-0.480958,0.284960
5938,1.566720,2.435500,4.848920,-0.160343,0.080610,0.983764
5939,1.591460,2.286480,4.738520,-0.418373,-0.002322,-0.908272
5940,1.809950,2.384530,4.763400,0.456879,-0.269235,0.847806
5941,1.804690,2.379770,4.749470,-0.036033,-0.848377,-0.528165
5942,1.808810,2.394680,4.747190,0.351386,0.670691,-0.653224
5943,1.727030,2.242670,4.758360,-0.500495,-0.741891,-0.446210
5944,1.647230,2.239220,4.833890,-0.347178,0.135931,-0.927896
5945,1.656220,2.231350,4.842620,0.625997,-0.764551,-0.153587
5946,1.646400,2.234660,4.853180,-0.424068,-0.286504,0.859117
5947,1.148500,2.646650,4.809350,0.448281,-0.602737,-0.660115
5948,1.145410,2.662090,4.813520,0.182089,0.933850,-0.307842
5949,1.146050,2.652950,4.826980,0.221073,-0.018439,0.975083
5950,1.262020,2.687730,4.770620,0.705006,0.299170,0.643011
5951,1.252680,2.691470,4.759510,-0.205855,0.841151,-0.500088
5952,1.248310,2.680690,4.768960,-0.681702,-0.426357,0.594561
5953,1.255540,2.677260,4.755680,0.106383,-0.667725,-0.736768
5954,1.483660,2.646740,4.760590,-0.290576,-0.852280,-0.434954
5955,1.652020,2.428610,4.835330,-0.114854,0.844603,-0.522929
5956,1.241540,2.395850,4.803350,-0.518509,-0.854842,-0.019828
5957,1.086790,2.415360,4.799410,0.798588,-0.601682,0.015393
5958,1.562390,2.366120,4.816140,0.887720,0.282332,0.363651
5959,1.754080,2.376780,4.747420,-0.007711,0.568212,-0.822846
5960,1.761510,2.373920,4.762090,0.738372,0.321031,0.593081
5961,1.755400,2.360240,4.754740,0.116153,-0.983894,-0.135875
5962,1.677160,2.295960,4.783460,-0.089779,0.351744,0.931781
5963,1.676010,2.298180,4.764740,-0.196538,0.557811,-0.806362
5964,1.672360,2.284530,4.772870,-0.601357,-0.796880,-0.057895
5965,1.685020,2.290870,4.772850,0.979341,-0.184967,-0.081722
5966,1.246070,1.852590,4.821590,0.140282,-0.270660,-0.952399
5967,0.940482,2.157000,4.751340,0.082976,-0.530932,0.843342
5968,0.933162,2.165100,4.742240,-0.920628,0.383437,-0.073624
5969,0.940428,2.156550,4.733520,0.072086,-0.533809,-0.842527
5970,0.552969,2.438470,4.680180,-0.959726,-0.138446,0.244455
5971,1.072380,1.841330,4.817330,0.747044,-0.617411,0.246433
5972,0.846941,2.346070,4.676680,0.360872,0.255772,-0.896857
5973,0.650133,1.556240,4.655770,-0.941988,0.285940,0.175775
5974,0.557680,2.235980,4.639910,-0.991512,-0.098142,-0.085272
5975,0.570599,2.235800,4.648450,0.517333,-0.106785,0.849096
5976,0.566947,2.247270,4.638700,0.104943,0.978370,-0.178266
5977,0.744102,1.965390,4.715680,-0.821109,0.523510,-0.227415
5978,0.750777,1.952670,4.716090,0.055131,-0.987653,-0.146633
5979,0.750408,1.962270,4.728210,0.011145,0.075896,0.997053
5980,1.128790,2.370660,4.752220,0.106670,0.335014,-0.936156
5981,1.134790,2.362850,4.763290,0.857577,-0.501783,0.113025
5982,1.120720,2.360210,4.767090,-0.639610,-0.631271,0.438629
5983,0.849150,2.355740,4.703100,0.476590,-0.797973,0.368918
5984,0.748758,2.351170,4.658750,-0.581292,-0.771063,0.259927
5985,0.751238,2.365240,4.657780,-0.519534,0.816531,0.251717
5986,0.756658,2.358940,4.646120,0.169792,-0.045316,-0.984437
5987,0.841259,2.281410,4.580670,-0.002631,0.963221,-0.268698
5988,0.848112,2.270170,4.590370,0.701490,-0.107118,0.704583
5989,0.843367,2.264110,4.575930,0.196295,-0.670207,-0.715745
5990,0.842687,2.225520,4.723740,-0.828739,-0.246558,0.502395
5991,0.855505,2.222510,4.711760,0.307527,-0.754315,-0.580031
5992,0.856768,2.222290,4.726390,0.454855,-0.526408,0.718332
5993,0.840724,2.242640,4.697590,-0.885808,-0.189971,0.423386
5994,0.641488,2.372330,4.666470,0.909728,-0.251169,-0.330618
5995,0.932439,2.218800,4.746140,0.221852,0.874337,0.431643
5996,0.744529,2.150700,4.717440,-0.216030,-0.180331,0.959589
5997,0.946460,2.169900,4.743690,0.670217,0.736495,0.091571
5998,0.943023,1.873740,4.742630,-0.738788,0.668879,-0.082416
5999,0.955325,1.873450,4.749890,0.659029,0.418859,0.624690
6000,0.951436,1.867090,4.733190,0.295066,-0.176595,-0.939016
6001,0.551672,2.228040,4.579160,0.125689,-0.909999,0.395101
6002,0.542718,2.240440,4.567630,-0.702326,0.237023,-0.671236
6003,0.558181,2.239510,4.570540,0.861087,0.178760,-0.475998
6004,0.945175,1.860380,4.747210,-0.311796,-0.861713,0.400291
6005,1.136700,2.651010,4.816260,-0.955576,-0.293369,-0.028455
6006,1.081870,2.138660,4.810460,0.261941,-0.612196,-0.746058
6007,1.086350,2.148000,4.821080,0.892379,0.329387,0.308485
6008,1.074200,2.143050,4.827990,-0.445555,-0.207384,0.870903
6009,2.159240,2.588420,4.638600,-0.624790,0.281928,-0.728117
6010,0.648341,1.964370,4.654630,0.314671,0.115828,-0.942107
6011,0.636683,1.967400,4.665100,-0.887179,0.460480,0.029533
6012,0.650772,1.966090,4.669000,0.751386,0.382815,0.537469
6013,0.843096,1.959920,4.741050,-0.746776,0.082924,0.659885
6014,0.853541,1.951830,4.735200,0.305115,-0.936881,0.170758
6015,0.856102,1.966040,4.735760,0.559389,0.800958,0.213423
6016,1.073160,2.150360,4.814710,-0.678601,0.585211,-0.443880
6017,0.855855,2.039530,4.720690,0.028902,-0.014698,-0.999474
6018,1.093780,2.209600,4.824070,0.743851,-0.484091,0.460805
6019,1.084030,2.219230,4.828640,-0.350134,0.533402,0.769992
6020,1.081130,2.210640,4.817720,-0.863628,-0.370042,-0.342368
6021,1.092600,2.215580,4.810970,0.446880,0.193838,-0.873341
6022,0.567077,1.946210,4.692090,0.365501,-0.927669,-0.076415
6023,0.567976,1.960640,4.691530,0.477322,0.866505,-0.146055
6024,0.562791,1.954170,4.703380,-0.124982,0.046296,0.991078
6025,0.557666,1.953740,4.684090,-0.600598,0.006374,-0.799525
6026,0.696307,1.960850,4.701520,-0.219707,0.375954,0.900215
6027,0.696593,1.949030,4.692990,-0.256559,-0.955498,0.145608
6028,0.707824,1.955420,4.686250,0.847680,-0.127299,-0.515009
6029,0.948086,1.748510,4.755380,-0.112376,0.488274,0.865425
6030,0.955627,1.739320,4.747650,0.830850,-0.515279,0.210182
6031,0.951490,1.746040,4.735870,0.203356,0.259225,-0.944166
6032,0.778389,1.492090,4.722760,0.757626,0.564559,-0.327530
6033,0.769205,1.486550,4.735680,-0.106436,0.058568,0.992593
6034,0.771872,1.476680,4.724270,0.171604,-0.962680,-0.209281
6035,0.941716,1.740290,4.745100,-0.925447,-0.360741,-0.115820
6036,1.016480,1.843960,4.781810,-0.733377,0.253582,0.630757
6037,1.022330,1.830910,4.775550,-0.070520,-0.996099,-0.053042
6038,1.031120,1.842870,4.778290,0.955612,0.142398,0.257930
6039,1.076030,1.745760,4.833580,-0.753353,-0.087287,0.651798
6040,1.084940,1.745830,4.815790,0.071148,-0.080786,-0.994189
6041,1.088680,1.740450,4.828770,0.561778,-0.779084,0.278270
6042,1.026030,1.748770,4.766220,0.400599,0.303360,-0.864577
6043,0.946695,1.554190,4.757250,-0.318328,0.082193,0.944411
6044,0.554746,1.642960,4.688960,-0.246209,-0.471889,-0.846582
6045,-0.861271,1.246750,4.656630,-0.143998,0.282034,0.948536
6046,-0.910010,1.155530,4.641030,0.270609,-0.961459,0.048649
6047,-1.865990,0.847472,4.557890,-0.125633,-0.988793,0.080647
6048,-1.870410,0.860918,4.556670,-0.712537,0.697822,-0.073039
6049,-1.860910,0.856135,4.547250,0.375556,0.051437,-0.925371
6050,-1.517110,1.083520,4.607170,0.059907,0.997627,-0.033933
6051,-1.758840,1.663140,4.546290,-0.443682,0.895055,-0.044976
6052,-1.570520,1.447150,4.586620,-0.569852,-0.435035,0.697147
6053,-1.567040,1.459830,4.579580,-0.318709,0.945968,0.059741
6054,-1.563570,1.450650,4.568350,0.072431,-0.111554,-0.991115
6055,-1.523130,1.739250,4.612250,-0.124457,0.026832,0.991862
6056,-1.520340,1.533470,4.613070,-0.251613,-0.061202,0.965891
6057,-1.937260,2.243980,4.505070,0.219333,0.511183,-0.831015
6058,-2.352570,1.703630,4.500010,-0.388563,-0.904693,-0.174783
6059,1.070370,2.707350,4.820230,-0.315613,0.111245,0.942344
6060,-1.748890,1.949000,4.528690,0.187932,0.120141,-0.974806
6061,-1.520090,1.331720,4.605050,-0.458995,-0.848775,-0.262495
6062,-1.646670,1.153240,4.553210,-0.013694,0.000505,-0.999906
6063,-1.654920,1.153770,4.570860,-0.775183,0.049425,0.629801
6064,-1.642150,1.160600,4.565860,0.499223,0.841088,0.208200
6065,-1.564520,1.351480,4.591700,-0.709750,0.331933,0.621349
6066,-1.555780,1.348540,4.574200,0.096809,0.060600,-0.993456
6067,-1.557320,1.339340,4.586160,-0.056803,-0.988793,0.138064
6068,-1.551070,1.352060,4.587140,0.774215,0.561488,0.292101
6069,-1.557400,1.449330,4.581240,0.902079,-0.327849,0.280655
6070,-1.565790,1.241980,4.574080,0.166809,-0.694214,-0.700173
6071,-1.573110,1.244530,4.588440,-0.550566,-0.414446,0.724646
6072,-1.572020,1.256870,4.576450,-0.444806,0.781516,-0.437470
6073,-0.910265,1.261640,4.634900,0.273786,0.442411,-0.853999
6074,-0.910750,1.247630,4.643230,0.255858,-0.962626,-0.088817
6075,-0.923491,1.256990,4.647240,-0.955922,0.010001,0.293451
6076,-0.266031,1.139180,4.693650,0.505152,-0.607064,0.613428
6077,-0.849175,0.755237,4.663740,0.101671,-0.533384,0.839741
6078,-0.865767,0.850442,4.653560,-0.953298,-0.301984,0.005387
6079,-0.854898,0.848351,4.644250,0.318970,-0.409363,-0.854798
6080,-0.855613,0.850939,4.663840,0.253098,-0.170721,0.952258
6081,-1.654880,0.844245,4.575190,0.439744,-0.723448,0.532211
6082,-1.643420,1.145700,4.565710,0.372892,-0.905808,0.201156
6083,-1.871750,0.460517,4.576250,-0.212566,0.200769,0.956299
6084,-1.843050,1.241600,4.557910,0.586423,-0.808058,0.056123
6085,-1.841160,1.144820,4.560060,0.450510,0.892555,0.019665
6086,-1.955800,1.145870,4.537990,-0.228031,0.012590,-0.973572
6087,-1.951220,1.138190,4.549210,0.269646,-0.958519,0.092372
6088,-1.958790,1.146930,4.557700,-0.505671,0.110988,0.855557
6089,-1.854330,1.048970,4.568850,-0.111897,-0.331253,0.936883
6090,-1.852480,1.047870,4.549030,0.059553,-0.432654,-0.899591
6091,-1.845890,1.055510,4.559260,0.923176,0.378728,0.065662
6092,-1.856620,1.348300,4.562550,-0.118451,0.375143,0.919368
6093,-1.567910,1.654990,4.573980,-0.948290,0.055900,-0.312444
6094,-1.650990,1.746800,4.547330,0.898992,-0.398988,0.180615
6095,-1.843080,1.453240,4.554100,0.280335,0.872085,0.401098
6096,0.834038,2.335820,4.687280,-0.822932,-0.565704,0.052544
6097,0.849060,2.335120,4.686770,0.587477,-0.809153,0.011900
6098,1.015360,2.253440,4.687600,0.536502,-0.842047,-0.055887
6099,1.003550,2.265060,4.696810,-0.557008,0.233856,0.796902
6100,1.003530,2.262110,4.680990,-0.641053,-0.045076,-0.766172
6101,1.015020,2.268230,4.688020,0.691462,0.722038,-0.023275
6102,1.353470,2.655810,4.759150,0.025390,-0.901654,-0.431711
6103,1.362590,2.669650,4.766470,0.881360,0.397467,0.255389
6104,1.347450,2.664870,4.771950,-0.573202,-0.054351,0.817609
6105,0.986149,2.638260,4.722400,0.695422,-0.511027,0.505212
6106,1.762340,2.705180,4.729670,-0.656718,-0.227500,0.719003
6107,1.084560,2.671410,4.805600,-0.489581,-0.617364,-0.615770
6108,1.086050,2.668700,4.821360,-0.181740,-0.637362,0.748826
6109,1.478510,2.662560,4.758550,-0.591899,0.672360,-0.444507
6110,1.655470,2.721800,4.767690,-0.205618,0.748607,-0.630325
6111,1.946150,2.161970,4.792600,0.464085,0.882668,-0.074310
6112,1.945380,2.147930,4.796240,0.383980,-0.842291,0.378292
6113,1.941670,2.151930,4.782780,-0.059174,-0.253132,-0.965620
6114,0.588819,2.181730,4.524750,0.376669,-0.681789,0.627124
6115,0.586528,2.199050,4.521510,0.141733,0.946949,0.288444
6116,0.575189,2.186090,4.517120,-0.959522,-0.254388,-0.120851
6117,0.569150,2.228300,4.634980,0.310588,-0.792064,-0.525519
6118,0.548289,2.242470,4.581400,-0.246237,0.558715,0.791962
6119,0.856880,2.235800,4.720620,0.542866,0.781539,0.307397
6120,0.729196,2.327620,4.410810,0.765961,-0.641950,-0.034692
6121,0.724661,2.337700,4.420000,0.092596,0.519142,0.849657
6122,0.714854,2.326780,4.411000,-0.850703,-0.525616,-0.005733
6123,0.764311,2.360370,4.661010,0.876936,0.091528,0.471812
6124,0.850983,1.959190,4.723040,-0.019936,0.015647,-0.999679
6125,0.538262,2.033440,4.680010,-0.088574,0.082966,-0.992608
6126,0.833226,2.269470,4.586290,-0.926385,-0.200220,0.318941
6127,0.652085,1.771410,4.670450,0.803242,-0.515688,-0.298107
6128,0.961279,2.318220,4.675620,-0.417185,-0.892842,0.169674
6129,0.969495,2.327400,4.668270,0.603713,0.177420,-0.777208
6130,0.971902,2.326960,4.682400,0.641608,0.082765,0.762554
6131,0.957047,1.957600,4.740850,0.615357,0.787957,0.021464
6132,0.579795,2.536080,4.685160,-0.018648,-0.993393,-0.113233
6133,0.588809,2.548720,4.686920,0.981216,0.184426,0.056583
6134,0.575137,2.550360,4.694290,-0.494951,0.335329,0.801609
6135,0.573813,2.178680,4.675020,0.660178,0.651896,-0.373090
6136,0.570093,2.167300,4.682690,0.333973,-0.739853,0.584020
6137,0.563980,2.167260,4.669850,-0.342545,-0.496305,-0.797712
6138,1.023720,2.236700,4.760790,-0.410456,-0.905888,0.104366
6139,1.028070,2.250490,4.768990,0.012172,0.433830,0.900912
6140,1.023470,2.250400,4.754730,-0.559206,0.546866,-0.623078
6141,1.037660,2.245620,4.755240,0.907603,-0.037746,-0.418128
6142,0.721556,2.209910,4.541140,0.608758,0.789556,-0.077555
6143,0.711274,2.201140,4.536660,-0.679690,-0.278021,-0.678768
6144,0.709881,2.206480,4.549780,-0.604291,0.299313,0.738406
6145,0.723488,2.195110,4.540820,0.653501,-0.751546,-0.090081
6146,0.647927,1.851350,4.642410,0.419865,-0.008809,-0.907544
6147,0.644316,1.843680,4.654920,0.108523,-0.936670,0.332976
6148,0.634526,1.854450,4.650840,-0.938104,0.317123,-0.139260
6149,0.610375,2.035240,4.676930,-0.190444,0.959732,0.206508
6150,0.612266,2.023090,4.664610,-0.013666,-0.185618,-0.982527
6151,0.606529,2.020760,4.678330,-0.726152,-0.523981,0.445137
6152,0.650225,1.655410,4.651580,0.914309,0.073448,-0.398301
6153,0.644894,1.657850,4.664960,0.198482,0.281862,0.938700
6154,0.638719,1.648290,4.656270,-0.517192,-0.835862,0.183976
6155,0.705402,2.059830,4.686390,0.143472,-0.050629,-0.988358
6156,0.702349,2.052090,4.699110,-0.172913,-0.957434,0.231132
6157,0.696152,2.065470,4.702810,-0.709443,0.469419,0.525677
6158,0.849450,1.743510,4.736760,-0.469203,-0.859329,0.203475
6159,0.849630,1.757430,4.734200,-0.615743,0.783665,-0.082043
6160,0.857920,1.749070,4.726340,0.402701,-0.286998,-0.869174
6161,0.860812,1.756600,4.742840,0.588451,0.410124,0.696795
6162,0.761866,1.489220,4.721920,-0.837974,0.323704,-0.439335
6163,0.747421,1.549450,4.720180,-0.849073,-0.363486,-0.383344
6164,0.750998,1.555440,4.733150,-0.304073,0.281142,0.910219
6165,0.757994,1.558290,4.714970,0.341206,0.543890,-0.766657
6166,0.761150,1.547550,4.725160,0.797115,-0.563017,0.218219
6167,0.536410,1.786830,4.688700,-0.554498,-0.315124,-0.770214
6168,0.542662,1.797130,4.696860,0.182777,0.965214,0.186960
6169,0.551120,1.786080,4.692620,0.911636,-0.321653,-0.255849
6170,0.745353,1.670500,4.729280,-0.818649,0.525605,-0.231413
6171,0.958726,1.652120,4.743890,0.575512,-0.195440,-0.794096
6172,0.956232,1.658550,4.756270,0.507456,0.631305,0.586466
6173,0.950838,1.645540,4.757860,-0.178199,-0.822459,0.540191
6174,0.943841,1.658960,4.749400,-0.847559,0.458488,-0.267269
6175,1.031210,1.639480,4.783780,0.811482,-0.444842,0.378962
6176,1.008190,1.541790,4.776980,-0.800436,-0.268789,0.535775
6177,1.058210,1.558660,4.822240,-0.836757,0.479111,-0.265124
6178,0.647406,1.857560,4.660040,0.371368,0.569239,0.733521
6179,0.636874,1.658800,4.646720,-0.545068,0.369944,-0.752358
6180,0.757371,1.965340,4.710150,0.652675,0.358717,-0.667336
6181,0.724393,2.338320,4.402510,0.067166,0.578403,-0.812981
6182,0.588537,2.188390,4.511820,0.478173,-0.039605,-0.877372
6183,0.755794,1.845670,4.735710,0.027436,0.140682,0.989675
6184,0.764186,1.838790,4.721850,0.786392,-0.497642,-0.365978
6185,0.754557,1.853520,4.722380,-0.097086,0.930752,-0.352526
6186,1.086010,1.754680,4.827490,0.223150,0.967894,0.115698
6187,1.066140,1.651780,4.804970,0.409462,0.713967,-0.567972
6188,1.058680,1.647130,4.821380,-0.296523,0.202606,0.933287
6189,1.067170,1.639240,4.812440,0.652944,-0.716441,0.245714
6190,0.840627,1.855610,4.724290,0.192463,0.209360,-0.958711
6191,0.834358,1.861630,4.739150,-0.407804,0.787801,0.461591
6192,0.847211,1.850180,4.739380,0.820527,-0.308705,0.481080
6193,0.748817,1.839200,4.723520,-0.767717,-0.580894,-0.270504
6194,0.710395,2.064370,4.699430,0.817322,0.498072,0.289670
6195,0.833530,1.847660,4.734480,-0.661598,-0.749628,0.018600
6196,0.643212,1.953530,4.669530,-0.159351,-0.886248,0.434939
6197,0.750614,2.057000,4.714820,-0.722212,0.691624,-0.008091
6198,0.694837,1.962350,4.686940,-0.461313,0.667415,-0.584592
6199,0.629160,2.306850,4.590430,-0.910688,-0.408475,0.061608
6200,0.642971,2.306510,4.585610,0.559454,-0.616721,-0.553774
6201,0.642944,2.312000,4.599180,0.405507,0.081866,0.910418
6202,0.645984,2.154040,4.655030,-0.202648,0.874373,0.440915
6203,0.651889,2.143090,4.640190,0.342638,-0.136809,-0.929453
6204,0.640162,2.140120,4.650350,-0.874204,-0.485449,0.010315
6205,0.621534,2.021960,4.678400,0.886318,-0.295328,0.356681
6206,0.704205,2.149270,4.686670,0.171407,0.984674,-0.032210
6207,0.705903,2.137620,4.677070,0.293590,-0.288233,-0.911442
6208,0.693010,2.140340,4.691760,-0.895435,-0.037261,0.443630
6209,0.638457,2.212930,4.589270,-0.126468,0.168771,-0.977508
6210,0.653702,2.142110,4.654270,0.760977,-0.339128,0.553087
6211,-2.041620,2.147700,4.512640,0.334609,-0.941860,0.030583
6212,-1.857450,2.554090,4.521070,-0.136446,0.132611,0.981731
6213,-1.848490,2.550940,4.509980,0.973012,-0.222890,-0.059740
6214,-1.857130,2.560370,4.502930,-0.106889,0.712529,-0.693453
6215,-2.269930,2.467990,4.487420,-0.813378,0.579613,-0.049641
6216,-2.442230,1.452850,4.503540,0.626228,0.603227,0.493918
6217,-2.442870,1.437620,4.510430,0.249941,-0.567617,0.784436
6218,-2.245430,1.359350,4.524180,0.340755,0.786025,0.515801
6219,-3.213050,1.332420,4.434620,-0.084031,0.464073,-0.881802
6220,-3.217700,1.321650,4.443360,-0.692001,-0.714800,-0.100968
6221,-3.214120,1.330660,4.454310,-0.182767,0.301503,0.935784
6222,-3.203800,1.326060,4.444500,0.986712,-0.157756,0.038893
6223,-2.639590,1.663240,4.476520,0.899558,0.433390,0.054480
6224,-2.550890,1.658180,4.473050,0.113661,0.463470,-0.878793
6225,-2.461380,1.659360,4.490660,-0.365882,0.867114,0.338000
6226,-2.843830,1.654340,4.457880,0.714893,0.698819,-0.024059
6227,-2.849360,1.547000,4.453130,-0.332069,-0.048065,-0.942030
6228,-2.841890,1.540540,4.463610,0.487423,-0.872062,0.043898
6229,-2.850180,1.547560,4.473080,-0.408111,0.004016,0.912924
6230,-2.744800,1.458690,4.476610,0.911428,0.385685,0.143338
6231,-2.546340,1.221570,4.497810,-0.349374,-0.743451,-0.570279
6232,-2.948790,1.571200,4.448360,0.775396,0.554726,-0.301729
6233,-2.842800,1.554830,4.463180,0.378375,0.925599,-0.009973
6234,-2.571890,1.160070,4.487190,-0.298869,0.282785,-0.911433
6235,-2.575370,1.164510,4.505630,-0.523515,0.582926,0.621393
6236,-2.545020,0.978304,4.506700,-0.606830,0.209290,0.766782
6237,-2.500890,0.985162,4.509410,0.396484,0.097803,0.912817
6238,-2.507460,0.991163,4.496920,-0.326501,0.817983,-0.473605
6239,-2.541270,1.142580,4.502610,0.164639,-0.926283,-0.338959
6240,-2.735960,0.864647,4.491340,-0.050206,0.654627,-0.754283
6241,-2.748520,0.847282,4.497610,-0.799551,0.252667,0.544865
6242,-2.737130,0.861883,4.510910,-0.148780,0.421811,0.894394
6243,-2.763810,1.753540,4.462670,-0.436908,0.880285,-0.184960
6244,-2.753580,1.745060,4.455630,0.600153,-0.090170,-0.794786
6245,-2.763810,1.739030,4.464080,-0.469141,-0.882874,-0.020961
6246,-2.342960,1.162070,4.515050,0.455768,0.887649,-0.065995
6247,-2.353950,1.149890,4.506850,-0.566954,-0.306588,-0.764570
6248,-2.351600,1.154880,4.524340,-0.432567,0.148532,0.889283
6249,-2.741950,1.541080,4.472210,0.779634,-0.624372,0.048283
6250,-2.752590,1.549880,4.481070,-0.295945,0.264441,0.917871
6251,-2.756730,1.542430,4.467060,-0.730956,-0.486814,-0.478242
6252,-2.747050,1.555750,4.466710,0.247073,0.835516,-0.490783
6253,-2.352150,1.254020,4.502410,0.066390,0.354242,-0.932794
6254,-2.644800,1.561260,4.479570,0.469645,0.881016,0.056956
6255,-2.650800,1.554170,4.468610,-0.209701,-0.005700,-0.977749
6256,-2.654050,1.554620,4.488330,-0.512414,0.036198,0.857975
6257,-2.757950,1.746920,4.474840,0.197027,0.081386,0.977014
6258,-2.143680,1.545170,4.522360,0.858207,-0.405818,0.314313
6259,-2.158030,1.543680,4.520920,-0.635059,-0.732975,0.243819
6260,-2.150740,1.551870,4.511430,0.269134,0.283274,-0.920501
6261,-2.036560,1.549300,4.530530,0.367316,-0.930091,0.003192
6262,-2.546140,1.455970,4.494550,0.922763,0.358942,0.140249
6263,-2.645590,1.547070,4.479770,0.380287,-0.921031,0.084164
6264,-1.757520,0.765319,4.568000,-0.649824,0.760067,-0.005212
6265,-1.746390,0.762382,4.559670,0.588045,0.241974,-0.771785
6266,-1.755290,0.751420,4.566090,-0.282740,-0.934043,-0.218224
6267,-2.754080,0.656720,4.494990,-0.293679,-0.955889,-0.005398
6268,-1.554360,0.356214,4.590140,0.888971,0.455442,-0.047997
6269,-1.561160,0.349732,4.600870,0.009541,-0.273534,0.961815
6270,-1.561130,0.347571,4.581030,0.012324,-0.474099,-0.880385
6271,-1.568630,0.356074,4.590130,-0.907130,0.418204,-0.047120
6272,-1.536330,0.147250,4.603850,-0.434405,0.900334,-0.026270
6273,-1.655800,0.243483,4.581460,0.372045,-0.061708,-0.926161
6274,-1.662230,0.251403,4.591260,-0.317362,0.948074,-0.020898
6275,-1.655920,0.243881,4.601440,0.361065,-0.024711,0.932213
6276,-1.649990,0.459413,4.592570,0.051486,-0.113670,0.992184
6277,-1.657400,0.463644,4.581210,-0.912792,0.399776,-0.083612
6278,-1.650790,0.453612,4.573610,-0.022456,-0.649465,-0.760059
6279,-1.492390,0.355918,4.597170,-0.302640,-0.938652,0.165350
6280,-1.548270,0.543373,4.584830,0.793490,-0.606367,0.051894
6281,-1.415230,0.451400,4.610520,0.332529,0.176468,0.926436
6282,-2.036620,0.850308,4.547870,0.448420,0.815409,0.366098
6283,-2.037310,0.834934,4.548700,0.451014,-0.724898,0.520682
6284,-2.040570,0.842859,4.535890,0.105057,0.158565,-0.981743
6285,-1.942510,0.854090,4.554480,0.314185,0.935379,-0.162338
6286,-1.953280,0.840480,4.548810,-0.670394,-0.386490,-0.633402
6287,-1.948180,0.845871,4.565490,-0.263640,0.097758,0.959655
6288,-1.848770,0.943956,4.556400,0.888727,-0.379147,-0.257706
6289,-1.862720,0.942975,4.558980,-0.758172,-0.651911,0.013711
6290,-1.860090,0.954512,4.551090,-0.256143,0.640999,-0.723540
6291,-1.649470,0.556599,4.589880,-0.107321,-0.227953,0.967740
6292,-1.640750,0.561393,4.579510,0.955354,0.295385,0.006761
6293,-1.654910,0.563591,4.578400,-0.816843,0.561827,-0.130833
6294,-1.945390,0.643468,4.564600,-0.012015,-0.341217,0.939908
6295,-1.938920,0.651780,4.555010,0.804564,0.590719,0.061058
6296,-1.952780,0.649034,4.553860,-0.965640,0.245279,-0.085891
6297,-1.648410,0.553574,4.570180,-0.008906,-0.508622,-0.860944
6298,-1.745060,0.556704,4.584590,-0.368511,-0.022899,0.929341
6299,-1.737500,0.563774,4.574860,0.466034,0.884104,0.034246
6300,-1.745150,0.557523,4.564640,-0.376524,0.053207,-0.924877
6301,-2.049240,0.649674,4.538170,0.356727,-0.009950,-0.934156
6302,-2.049210,0.650123,4.558160,0.359455,0.031978,0.932614
6303,-2.056190,0.642572,4.548340,-0.398239,-0.917033,0.021345
6304,-1.739200,0.956622,4.564990,0.518943,0.853578,0.045853
6305,-1.559380,1.251880,4.584870,0.850869,0.324952,0.412830
6306,-1.561350,1.055610,4.576120,0.083996,-0.256979,-0.962760
6307,-2.050570,0.353441,4.567400,-0.128508,-0.054090,0.990232
6308,-2.049670,0.344865,4.551680,-0.043171,-0.865667,-0.498756
6309,-2.041090,0.357222,4.555670,0.920196,0.363620,-0.144983
6310,-2.056260,0.359780,4.553400,-0.720941,0.590182,-0.363221
6311,-2.151070,1.048490,4.527770,-0.375756,0.012546,-0.926634
6312,-2.151140,1.048170,4.547720,-0.382247,-0.017137,0.923901
6313,-2.143710,1.055350,4.537880,0.427568,0.903850,0.015543
6314,-1.753250,1.050530,4.569300,-0.047736,0.492998,0.868720
6315,-1.860130,1.056700,4.557860,-0.854978,0.507284,-0.108053
6316,-1.948610,1.152290,4.548850,0.584699,0.809982,0.045350
6317,-2.148910,0.748782,4.530040,-0.308674,-0.042203,-0.950231
6318,-2.142020,0.742387,4.540620,0.462692,-0.885089,0.050336
6319,-2.150020,0.749331,4.550000,-0.412215,0.008989,0.911042
6320,-1.856470,0.950689,4.569160,0.080022,0.286200,0.954822
6321,-2.977720,1.044860,4.468360,0.766908,0.304540,-0.564896
6322,-2.992890,1.046320,4.471370,-0.753722,0.545551,-0.366439
6323,-2.984980,1.042860,4.484300,0.125101,0.139242,0.982324
6324,-2.056470,1.051390,4.542720,-0.897949,0.423853,-0.118471
6325,-2.050430,1.044910,4.553880,-0.086101,-0.296419,0.951169
6326,-2.042280,1.051730,4.544010,0.892641,0.448434,0.045825
6327,-2.048590,1.043270,4.534060,0.084792,-0.448707,-0.889648
6328,-2.342760,1.147720,4.515580,0.629659,-0.776722,-0.015215
6329,-2.257170,1.061510,4.530120,-0.490322,0.871339,-0.018790
6330,-2.840980,1.352020,4.478130,-0.501344,0.020924,0.864995
6331,-2.052880,0.748631,4.557840,0.184687,0.175955,0.966918
6332,-2.059210,0.740397,4.547670,-0.564030,-0.824667,0.042361
6333,-2.047650,0.744124,4.539640,0.664720,-0.238633,-0.707956
6334,-2.348670,0.843087,4.524420,0.328802,-0.943188,0.047801
6335,-2.148000,0.354968,4.562960,-0.080266,0.330431,0.940411
6336,-2.146310,0.355874,4.543080,0.076752,0.414874,-0.906636
6337,-2.154240,0.347970,4.552080,-0.895936,-0.433866,-0.095177
6338,-2.139930,0.347911,4.553280,0.898154,-0.436163,0.055505
6339,-1.861310,0.857812,4.567130,0.338382,0.206904,0.917981
6340,-1.942350,0.346806,4.565490,0.936838,-0.342281,0.071960
6341,-1.956660,0.345348,4.564770,-0.844008,-0.536064,-0.016943
6342,-1.949870,0.353108,4.554710,0.009928,0.325988,-0.945322
6343,-1.950990,0.354239,4.574590,-0.093875,0.430608,0.897644
6344,-1.750320,0.759148,4.578580,0.225657,-0.056313,0.972578
6345,-2.052720,0.060358,4.561450,-0.821412,0.564946,0.078221
6346,-1.552690,0.446038,4.580760,0.607204,0.174059,-0.775246
6347,-1.564510,0.435347,4.588240,-0.513089,-0.854399,-0.082108
6348,-1.563760,0.449549,4.589010,-0.645443,0.763728,-0.011032
6349,-1.961090,0.462249,4.559430,-0.749912,0.577257,0.323121
6350,-1.956720,0.446847,4.557580,-0.320382,-0.936693,0.141284
6351,-1.943660,0.458625,4.560560,0.892362,0.204755,0.402201
6352,-2.488790,1.080730,4.506270,-0.287170,0.459942,0.840230
6353,-2.487020,1.081990,4.489060,-0.120855,0.586506,-0.800878
6354,-2.490250,1.069750,4.496570,-0.587444,-0.801835,-0.109405
6355,-2.469040,1.465110,4.505540,-0.710041,0.618842,0.335970
6356,-2.051680,0.838397,4.544340,-0.954906,-0.294580,0.037111
6357,-2.257670,1.155030,4.535350,-0.445218,0.025256,0.895066
6358,-2.437750,1.051840,4.519490,-0.119357,-0.148617,0.981665
6359,-2.429470,1.060330,4.509320,0.710711,0.702488,-0.037422
6360,-2.443800,1.055990,4.506020,-0.847285,0.312047,-0.429807
6361,-2.828910,0.939581,4.485220,0.480890,-0.853573,0.200394
6362,-2.835080,0.946562,4.472790,-0.172625,-0.060576,-0.983123
6363,-2.829320,0.954589,4.484150,0.465170,0.880996,0.086384
6364,-2.842960,1.245770,4.484130,-0.520959,0.008634,0.853538
6365,-2.833000,1.239290,4.476280,0.556782,-0.813766,0.166670
6366,-2.835190,1.253290,4.474770,0.275242,0.961038,-0.025473
6367,-2.831050,0.840059,4.484380,0.433602,-0.895275,0.102332
6368,-2.761100,0.741902,4.491540,-0.956272,-0.265324,0.123073
6369,-2.744580,0.752336,4.495020,0.578910,0.690668,0.433407
6370,-2.751360,0.747282,4.482150,-0.045945,0.302500,-0.952041
6371,-2.451350,1.253890,4.496110,0.373331,0.027784,-0.927282
6372,-2.456980,1.245430,4.506900,-0.190501,-0.977502,0.090543
6373,-2.460690,1.259270,4.505640,-0.680762,0.729636,-0.064763
6374,-2.976770,0.855984,4.470180,-0.276126,0.960902,0.020517
6375,-2.981690,1.245700,4.453080,0.231263,-0.095511,-0.968192
6376,-3.232980,1.853630,4.430090,0.436208,-0.892105,0.117777
6377,-3.226890,1.553870,4.434620,-0.918832,-0.007510,0.394578
6378,-2.750750,1.645340,4.458920,0.052729,-0.402497,-0.913901
6379,-2.744190,1.652910,4.469000,0.908808,0.415579,0.036915
6380,-2.751980,1.646240,4.478860,-0.061997,-0.318034,0.946050
6381,-2.442450,1.147190,4.513300,0.656640,-0.387722,0.646912
6382,-2.661360,1.462420,4.481480,-0.804448,0.581079,-0.123330
6383,-2.451290,1.255720,4.515920,0.379171,0.197052,0.904102
6384,-2.541020,1.225200,4.511320,0.048220,-0.284827,0.957365
6385,-2.056120,1.464780,4.533700,-0.420957,0.901453,-0.100885
6386,-1.947130,1.558910,4.535080,0.324310,0.945683,-0.022526
6387,-2.410550,1.517470,4.502560,0.858420,0.442371,0.259657
6388,-2.253920,1.251490,4.512980,0.078569,0.341117,-0.936732
6389,-2.261530,1.243980,4.522300,-0.865206,-0.493211,-0.090347
6390,-2.256180,1.251800,4.532850,-0.132556,0.370051,0.919506
6391,-2.547910,1.062210,4.500150,0.433642,0.816669,-0.380798
6392,-2.522320,1.036250,4.487340,0.557540,0.089600,-0.825301
6393,-2.758380,1.653080,4.468120,-0.897153,0.435308,-0.074995
6394,-2.539380,1.236040,4.500740,0.801929,-0.575104,0.161756
6395,-2.752300,0.946178,4.489400,-0.819686,-0.532424,0.211281
6396,-2.745230,0.953563,4.477510,-0.116271,0.202515,-0.972352
6397,-2.737770,0.947498,4.488510,0.830793,-0.532224,0.162851
6398,-2.742230,0.960357,4.493850,0.164199,0.791190,0.589116
6399,-3.141490,1.638500,4.432570,0.193843,-0.954152,-0.228078
6400,-3.048370,0.951496,4.476750,-0.073048,0.396321,0.915201
6401,-3.137710,1.061090,4.455460,0.815352,0.567036,0.116925
6402,-3.152170,1.059040,4.454130,-0.947046,0.317915,-0.045108
6403,-3.144560,1.051340,4.464020,-0.014300,-0.471703,0.881642
6404,-3.219940,1.277650,4.451320,-0.590720,-0.049970,0.805328
6405,-3.217610,1.280340,4.432900,-0.374357,0.199878,-0.905486
6406,-3.210930,1.271390,4.441990,0.361672,-0.927958,-0.089928
6407,-3.211510,1.643010,4.430350,0.343807,-0.938844,0.019219
6408,-3.152750,1.940120,4.436950,-0.899115,-0.437650,-0.007356
6409,-3.240880,2.262490,4.418050,0.124239,-0.385628,-0.914252
6410,-2.753590,2.057910,4.456900,-0.460521,0.887643,0.003098
6411,-2.744240,2.050730,4.447480,0.498391,0.038983,-0.866075
6412,-2.753310,2.043440,4.456130,-0.468649,-0.878252,-0.095083
6413,-3.136090,2.047360,4.437580,0.294520,-0.944167,0.147667
6414,-2.765760,2.336900,4.448710,-0.359600,-0.931460,-0.055412
6415,-2.840210,2.339870,4.446930,0.702391,-0.707771,0.075550
6416,-2.746200,2.049640,4.467130,0.317845,-0.061547,0.946143
6417,-2.459010,2.245690,4.465540,-0.082607,-0.353613,-0.931737
6418,-2.458500,2.245460,4.485520,-0.035176,-0.374992,0.926360
6419,-2.464660,2.254070,4.475780,-0.818864,0.573318,0.027707
6420,-2.435120,2.542880,4.465030,0.422332,-0.323892,-0.846599
6421,-2.439650,2.542610,4.484310,0.003265,-0.348931,0.937143
6422,-2.447700,2.545520,4.472290,-0.967984,-0.104011,-0.228449
6423,-2.353260,2.540490,4.478310,-0.094832,-0.974995,-0.200975
6424,-2.553780,2.149280,4.480760,-0.587787,0.019681,0.808777
6425,-2.355860,2.437070,4.471030,-0.684460,-0.464675,-0.561775
6426,-2.351680,2.443640,4.486940,-0.288549,0.157394,0.944440
6427,-2.345810,2.450840,4.472560,0.274204,0.861258,-0.427840
6428,-1.986620,2.531550,4.502930,0.974770,0.127072,-0.183510
6429,-2.343040,2.437650,4.477280,0.790052,-0.611398,0.044834
6430,-2.450580,2.251700,4.475390,0.959505,0.280874,-0.021472
6431,-2.059840,2.503110,4.499160,-0.313407,0.946711,0.074254
6432,-1.862170,2.546190,4.508090,-0.669414,-0.698203,-0.253767
6433,-2.137980,2.605660,4.482620,0.715329,-0.697224,0.046713
6434,-2.142940,2.623400,4.481070,0.250652,0.963070,-0.098339
6435,-2.150420,2.612480,4.490310,-0.504659,-0.065788,0.860809
6436,-2.150060,2.611240,4.475030,-0.518034,-0.217657,-0.827204
6437,-2.435640,2.553610,4.475230,0.484477,0.865745,0.125570
6438,-2.643080,2.452850,4.461650,0.020288,-0.313540,-0.949358
6439,-2.976820,1.456320,4.460030,0.919473,0.262126,-0.293017
6440,-2.992270,1.459730,4.459430,-0.630354,0.666831,-0.397480
6441,-2.987260,1.453620,4.473150,-0.080224,0.004527,0.996767
6442,-2.988800,1.444290,4.459950,-0.232997,-0.920940,-0.312380
6443,-3.207000,1.285020,4.444480,0.681098,0.707228,0.189562
6444,-2.842020,0.348685,4.475500,-0.335719,-0.054926,-0.940359
6445,-2.671430,0.943743,4.497290,-0.298144,-0.939871,0.166593
6446,-1.342870,0.558783,4.605930,0.085738,0.930212,0.356868
6447,-3.143010,1.053170,4.444300,0.129224,-0.302188,-0.944449
6448,-2.736450,0.835729,4.495920,0.608540,-0.759506,0.229846
6449,-2.753980,0.831629,4.494900,-0.727840,-0.661660,0.180151
6450,-2.756150,1.255300,4.490660,0.248081,0.178166,0.952215
6451,-2.760300,1.245480,4.480900,-0.183984,-0.981123,0.059565
6452,-2.753870,1.253680,4.470880,0.460220,0.027528,-0.887378
6453,-2.840720,1.045370,4.489280,-0.447709,0.018172,0.893995
6454,-2.832920,1.052820,4.479360,0.361426,0.931834,-0.032513
6455,-2.839310,1.044130,4.469440,-0.317138,-0.096669,-0.943440
6456,-2.545700,0.843907,4.501100,0.337547,0.043680,-0.940295
6457,-2.544390,0.843319,4.520900,0.458552,-0.010633,0.888604
6458,-2.553100,0.835832,4.511300,-0.441973,-0.897025,0.002380
6459,-2.247520,1.245110,4.523870,0.929996,-0.350455,0.110860
6460,-2.727140,0.857176,4.500830,0.994011,0.051223,0.096529
6461,-1.369410,0.555715,4.600540,-0.975120,0.206650,-0.080235
6462,-2.751930,1.045570,4.477720,0.416506,0.033812,-0.908504
6463,-2.649370,1.151290,4.503580,-0.285920,-0.194269,0.938354
6464,-2.653680,1.157720,4.487260,-0.691138,0.410005,-0.595168
6465,-2.642970,1.144840,4.489350,0.332661,-0.844146,-0.420423
6466,-2.640990,1.158330,4.494140,0.729595,0.679767,0.074886
6467,-2.643610,1.249180,4.492510,0.890198,-0.454849,-0.025703
6468,-2.475880,1.072610,4.498000,0.947877,-0.313502,0.056974
6469,-2.352630,0.649655,4.537500,-0.087925,0.254870,0.962970
6470,-2.349690,0.652882,4.518480,0.186046,0.553497,-0.811805
6471,-2.360130,0.643817,4.525330,-0.918372,-0.338857,-0.204373
6472,-2.434210,1.044190,4.503980,0.213028,-0.828328,-0.518161
6473,-2.142370,1.157790,4.534150,0.478908,0.849221,-0.222422
6474,-2.150000,1.150390,4.544040,-0.305271,0.217259,0.927150
6475,-2.141800,1.143150,4.534290,0.695014,-0.664853,-0.273726
6476,-2.156370,1.143690,4.532840,-0.819470,-0.458512,-0.343854
6477,-1.944200,0.742260,4.551950,0.824806,-0.421484,-0.376889
6478,-1.960780,0.546181,4.563390,0.224364,0.033196,0.973940
6479,-1.967730,0.539768,4.552810,-0.598784,-0.800870,-0.008041
6480,-1.957530,0.543943,4.543880,0.525500,-0.174089,-0.832792
6481,-1.965510,0.553727,4.551580,-0.276758,0.948378,-0.154867
6482,-2.058390,0.754540,4.544410,-0.387022,0.863249,-0.324060
6483,-2.261350,0.852621,4.529450,-0.477743,0.850188,0.221226
6484,-2.253620,0.845190,4.519460,0.313509,0.212117,-0.925591
6485,-2.261640,0.838346,4.529090,-0.704204,-0.659824,0.262162
6486,-2.142510,0.756525,4.540200,0.390203,0.920721,-0.003861
6487,-2.156730,0.940665,4.538620,-0.912642,-0.406733,-0.040651
6488,-2.262540,0.739977,4.534700,-0.473951,-0.880383,0.017205
6489,-2.144010,0.656608,4.542110,0.447490,0.893357,0.040805
6490,-2.352740,0.348925,4.526090,-0.023701,0.349684,-0.936568
6491,-2.155890,0.840056,4.537160,-0.087381,-0.982196,-0.166298
6492,-2.147170,0.854515,4.532880,0.716803,0.443653,-0.537928
6493,-2.153530,0.849904,4.548410,0.154595,0.026474,0.987623
6494,-2.553550,0.053976,4.535010,0.046303,-0.287004,0.956810
6495,-2.545660,0.055972,4.518020,0.778188,-0.101749,-0.619734
6496,-2.555190,0.065066,4.525110,-0.141067,0.988706,0.050593
6497,-2.352480,0.748344,4.515730,0.096304,-0.426830,-0.899189
6498,-2.136510,0.545079,4.546160,0.874956,-0.477001,0.083197
6499,-2.144260,0.552636,4.555520,-0.076688,0.352045,0.932836
6500,-2.150730,0.545816,4.544700,-0.918364,-0.382657,-0.100905
6501,-1.952270,0.457551,4.549180,0.166278,0.164059,-0.972335
6502,-1.643260,0.464731,4.580280,0.857337,0.481024,-0.183275
6503,-1.952960,0.948231,4.540410,-0.029876,0.398218,-0.916804
6504,-1.953060,0.947608,4.560380,-0.039204,0.340663,0.939368
6505,-1.945120,0.941080,4.550230,0.934451,-0.356040,-0.006011
6506,-1.752900,0.357335,4.585180,0.181219,-0.768355,0.613832
6507,-1.737800,0.549579,4.574280,0.407982,-0.912154,-0.039064
6508,-1.555360,0.670301,4.576510,0.717117,0.690937,0.091375
6509,-1.653820,1.047400,4.552410,0.191064,-0.060827,-0.979691
6510,-1.647690,1.048810,4.569830,0.762389,0.070544,0.643262
6511,-1.660980,1.040080,4.565370,-0.522413,-0.815286,0.249789
6512,-1.659710,1.054600,4.563750,-0.502869,0.857617,0.107779
6513,-0.741131,0.806603,4.667140,-0.864802,-0.487990,-0.118252
6514,-0.855876,0.860942,4.652530,0.289142,0.950331,-0.115185
6515,-1.569600,1.161230,4.585130,-0.550066,0.834960,0.016424
6516,-0.909384,1.260930,4.649710,0.483197,0.511284,0.710710
6517,-1.959310,0.939974,4.550120,-0.859145,-0.511325,-0.020394
6518,-1.738440,0.846240,4.576830,0.205520,-0.411869,0.887764
6519,-1.750810,0.851392,4.568530,-0.991907,0.126749,-0.007383
6520,-1.735840,0.843697,4.561490,0.426748,-0.602445,-0.674497
6521,-1.736750,0.858540,4.566970,0.383939,0.906623,-0.175001
6522,-1.940320,0.839881,4.555030,0.716232,-0.683333,-0.141663
6523,-1.857850,0.740662,4.563070,-0.913779,-0.405582,-0.022603
6524,-1.843100,0.739858,4.564450,0.850952,-0.505401,0.143005
6525,-1.850710,0.749779,4.572430,-0.048694,0.528215,0.847714
6526,-1.855940,0.649466,4.555900,-0.550021,-0.663526,-0.507158
6527,-1.850300,0.665848,4.556790,-0.017073,0.902179,-0.431024
6528,-1.842720,0.653810,4.561190,0.940494,-0.339681,-0.009387
6529,-1.853240,0.657321,4.571130,-0.300290,0.080661,0.950431
6530,-1.831350,0.531015,4.565730,0.327084,-0.857399,-0.397344
6531,-1.943690,0.643203,4.544680,0.146621,-0.365903,-0.919031
6532,-1.849040,0.747091,4.552930,0.105617,0.279565,-0.954300
6533,-2.247470,0.838378,4.530890,0.808459,-0.469739,0.354599
6534,-2.162680,0.854393,4.536240,-0.817450,0.507704,-0.272053
6535,-2.519470,1.034920,4.506760,0.544877,-0.009046,0.838467
6536,-2.651110,0.839833,4.505200,-0.950396,-0.293962,-0.101658
6537,-2.528580,1.224500,4.503030,0.973003,-0.225125,-0.050830
6538,-2.663500,1.059880,4.503430,-0.457405,0.420666,0.783467
6539,-2.659710,1.057130,4.484350,-0.107266,0.166662,-0.980162
6540,-2.661220,1.047280,4.495580,-0.314057,-0.946518,0.073969
6541,-2.743700,0.348840,4.500900,0.688511,-0.233954,-0.686454
6542,-2.748040,0.352718,4.517950,0.334281,0.125800,0.934040
6543,-2.755690,0.345677,4.508090,-0.595147,-0.800824,-0.066934
6544,-2.763820,1.259120,4.479370,-0.651088,0.746593,-0.136686
6545,-2.745300,1.157520,4.482990,0.355753,0.932150,-0.067345
6546,-2.751120,1.150320,4.493800,-0.282013,0.012235,0.959332
6547,-2.744270,1.143380,4.483490,0.490054,-0.871684,-0.003796
6548,-2.572200,1.150290,4.499570,-0.975921,-0.160155,0.148085
6549,-2.650570,1.057790,4.496180,0.945355,0.291734,0.145584
6550,-2.623300,1.036390,4.513060,-0.034300,-0.142482,0.989203
6551,-2.630530,1.037500,4.500620,-0.973393,-0.055283,-0.222374
6552,-2.618750,1.032110,4.494230,0.385685,-0.537310,-0.750030
6553,-2.564120,1.062220,4.501960,-0.836437,0.519252,-0.175360
6554,-2.626910,0.928702,4.511310,0.217396,-0.591939,0.776110
6555,-2.624130,0.932094,4.494370,0.481697,-0.269703,-0.833803
6556,-2.627250,0.944853,4.505450,0.187819,0.956666,0.222517
6557,-2.840700,0.947727,4.491220,-0.692084,0.047100,0.720279
6558,-2.752740,1.149500,4.473880,-0.432978,-0.064254,-0.899111
6559,-2.839360,1.244230,4.464530,-0.185476,-0.134918,-0.973343
6560,-2.831740,1.038470,4.480340,0.523824,-0.847046,0.090117
6561,-2.988050,1.031820,4.474170,-0.186464,-0.981418,-0.045282
6562,-2.831440,1.142750,4.478750,0.384992,-0.920666,0.064459
6563,-2.830840,1.156900,4.477950,0.467729,0.883083,-0.037337
6564,-2.838640,1.150790,4.488090,-0.387946,0.071449,0.918909
6565,-2.838060,1.149620,4.468140,-0.333680,-0.037691,-0.941933
6566,-2.547570,0.746217,4.505900,0.085535,-0.410021,-0.908057
6567,-2.691750,0.859721,4.495960,-0.928820,0.297741,-0.220552
6568,-3.043300,0.645511,4.474370,0.921515,-0.387731,0.021775
6569,-3.050560,0.652937,4.464340,0.013266,0.400759,-0.916087
6570,-3.051310,0.652256,4.484300,-0.056468,0.337562,0.939608
6571,-2.647180,0.557437,4.496530,0.541768,0.239908,-0.805563
6572,-2.836540,0.640164,4.493010,-0.518407,-0.147546,0.842309
6573,-2.636470,0.934199,4.501800,-0.978599,-0.098571,-0.180631
6574,-2.502850,0.976556,4.496130,0.199313,-0.830358,-0.520365
6575,-2.492900,0.988573,4.492840,0.783316,0.296499,-0.546356
6576,-2.535520,0.981960,4.496120,0.229424,0.719280,-0.655744
6577,-2.547200,0.977615,4.488370,-0.590306,0.097865,-0.801225
6578,-2.552980,0.850122,4.511720,-0.475796,0.877657,0.057764
6579,-2.045230,0.559652,4.554630,0.412277,0.884344,0.219006
6580,-2.150050,0.454220,4.543860,-0.651252,0.460275,-0.603339
6581,-2.543660,0.552806,4.522890,-0.156133,0.547390,0.822184
6582,-2.540400,0.550180,4.503890,0.144395,0.327098,-0.933894
6583,-2.548350,0.543204,4.513450,-0.876202,-0.480139,-0.041680
6584,-2.545110,0.283939,4.524050,-0.633811,0.750640,0.186608
6585,-2.448240,0.550630,4.513310,0.279734,0.173036,-0.944356
6586,-2.443230,0.544100,4.527510,0.768275,-0.463942,0.441035
6587,-2.456830,0.544557,4.523030,-0.799498,-0.600640,0.005836
6588,-2.657140,0.266870,4.515140,0.918035,0.221275,0.329012
6589,-2.454570,0.557692,4.528270,-0.318871,0.813519,0.486321
6590,-2.634670,0.640684,4.497280,0.468361,-0.319179,-0.823871
6591,-2.637450,0.642793,4.516700,0.211614,-0.124406,0.969403
6592,-2.646930,0.640040,4.505620,-0.866485,-0.494258,-0.070093
6593,-2.638900,0.652514,4.505410,0.099580,0.990614,-0.093633
6594,-2.741430,0.491660,4.496930,0.765339,0.472504,-0.437032
6595,-2.760820,0.488556,4.495450,-0.886514,0.136158,-0.442215
6596,-2.752160,0.491231,4.507370,-0.444800,0.462389,0.767039
6597,-2.656540,0.447317,4.509730,-0.835078,-0.506805,0.213992
6598,-2.650910,0.454383,4.497490,-0.148129,0.246615,-0.957726
6599,-2.641920,0.448226,4.507530,0.903630,-0.426219,-0.042303
6600,-2.660350,0.156700,4.528020,-0.243887,0.531092,0.811456
6601,-2.655540,0.154439,4.509170,0.199258,0.322882,-0.925226
6602,-2.664200,0.146806,4.518050,-0.834569,-0.530324,-0.149169
6603,-2.534060,0.356676,4.520650,0.414051,0.910217,0.008151
6604,-2.542020,0.349602,4.530250,-0.434647,0.015757,0.900463
6605,-2.533920,0.342500,4.521030,0.443211,-0.894577,0.057403
6606,-2.565020,0.142008,4.529500,-0.680548,0.669507,0.297682
6607,-2.559190,0.130241,4.535800,0.026719,-0.586132,0.809775
6608,-2.551910,0.137648,4.526070,0.981292,0.141624,-0.130416
6609,-2.534230,0.542144,4.515130,0.849350,-0.505562,0.151693
6610,-2.445630,0.450976,4.533850,-0.115093,-0.478890,0.870297
6611,-2.451640,0.459967,4.523960,-0.882979,0.465478,-0.060653
6612,-2.443160,0.453105,4.514180,0.113826,-0.281696,-0.952728
6613,-2.247580,0.658829,4.534130,0.908573,0.401614,0.114897
6614,-2.254210,0.652075,4.523000,0.072429,-0.322066,-0.943943
6615,-2.261980,0.659420,4.532770,-0.873722,0.483547,-0.052849
6616,-2.722270,-0.015172,4.506410,-0.164512,-0.827370,0.537024
6617,-2.712240,0.003839,4.498650,0.776187,-0.254303,0.576944
6618,-2.725490,0.013940,4.497990,-0.719201,0.609488,0.333578
6619,-2.708610,0.020085,4.499640,0.620813,0.683009,0.384825
6620,-2.827260,0.069584,4.500780,-0.929302,-0.259145,-0.263137
6621,-2.876710,0.132073,4.494270,-0.617365,-0.781875,-0.086786
6622,-1.554320,0.444096,4.598180,0.473845,-0.006997,0.880580
6623,-2.721400,-0.012665,4.487250,-0.139829,-0.819135,-0.556296
6624,-2.855270,0.049991,4.498860,0.772130,-0.611209,0.173892
6625,-2.653240,0.353621,4.507290,-0.725654,-0.633013,-0.269668
6626,-2.437460,0.459391,4.525680,0.894152,0.419075,0.157697
6627,-2.256130,0.650765,4.542800,-0.105418,-0.443535,0.890036
6628,-2.250710,0.547716,4.528740,0.345454,0.021550,-0.938188
6629,-2.257210,0.554673,4.539230,-0.361263,0.930926,0.053524
6630,-2.250320,0.546718,4.548710,0.381901,-0.071394,0.921442
6631,-2.142210,0.552946,4.535640,0.114119,0.380678,-0.917639
6632,-2.447750,0.749328,4.528010,0.035423,-0.048098,0.998214
6633,-2.448490,0.741430,4.510290,-0.032677,-0.773463,-0.632999
6634,-2.440420,0.754051,4.514990,0.852110,0.464059,-0.241986
6635,-2.537330,0.967416,4.496890,0.061632,-0.944767,-0.321895
6636,-2.742430,0.618453,4.500540,-0.913020,-0.214353,-0.347055
6637,-2.726190,0.612845,4.499510,0.647420,-0.662531,-0.376695
6638,-2.734330,0.620375,4.512670,-0.073857,-0.015036,0.997155
6639,-2.667770,0.705226,4.503980,0.638862,0.218538,0.737629
6640,-2.672390,0.704644,4.488960,0.315952,0.240290,-0.917843
6641,-2.680440,0.712128,4.499380,0.555382,0.817061,0.154799
6642,-2.702450,0.726386,4.503090,-0.284771,0.936056,0.206650
6643,-2.703060,0.717358,4.491580,-0.507310,0.231434,-0.830106
6644,-2.350810,0.552909,4.540730,-0.112137,-0.231895,0.966256
6645,-2.356200,0.559307,4.529290,-0.852111,0.504977,-0.137492
6646,-2.349230,0.550180,4.520980,0.035008,-0.486156,-0.873170
6647,-2.455110,0.753373,4.515910,-0.881040,0.444983,-0.160495
6648,-2.832950,0.515797,4.500490,-0.778827,0.569149,-0.263624
6649,-2.730700,0.629323,4.501570,0.310724,0.919792,-0.239651
6650,-2.552140,0.649929,4.524420,-0.360078,0.053214,0.931403
6651,-2.543670,0.655912,4.514420,0.574301,0.818642,0.001749
6652,-2.552220,0.650034,4.504430,-0.367523,0.062981,-0.927879
6653,-2.637010,0.737708,4.510490,0.858518,-0.451370,0.243336
6654,-2.646700,0.747080,4.517470,-0.209380,0.504540,0.837615
6655,-2.651180,0.737793,4.507230,-0.861011,-0.486704,-0.147577
6656,-2.642300,0.745116,4.498350,0.196390,0.323440,-0.925645
6657,-2.546090,0.641894,4.514360,0.280226,-0.959916,-0.005916
6658,-2.344920,0.642386,4.527540,0.829575,-0.556913,0.040661
6659,-2.683820,0.697540,4.497120,-0.886407,-0.462520,0.018926
6660,-2.056560,0.656720,4.548020,-0.450285,0.892670,-0.019580
6661,-2.250790,0.254694,4.534450,-0.300284,-0.024330,-0.953540
6662,-2.244050,0.247968,4.544970,0.450013,-0.892155,0.039336
6663,-2.251990,0.254977,4.554410,-0.412638,0.002097,0.910893
6664,-2.540490,0.349083,4.510320,-0.291943,-0.032581,-0.955881
6665,-2.650080,0.147133,4.521610,0.861370,-0.429616,0.271056
6666,-2.445560,0.051830,4.525390,-0.341084,-0.023066,-0.939750
6667,-2.446050,0.051175,4.545360,-0.386655,-0.084036,0.918388
6668,-2.439520,0.059685,4.535800,0.297730,0.953856,0.038936
6669,-2.253250,0.145053,4.550980,-0.725487,-0.684949,-0.067185
6670,-2.437520,0.045553,4.535380,0.556816,-0.830519,-0.013937
6671,-2.244490,0.262136,4.544750,0.394580,0.918793,0.011264
6672,-2.562460,0.135373,4.516790,-0.276778,-0.109775,-0.954643
6673,-2.561010,0.051954,4.520870,-0.736680,-0.541252,-0.405400
6674,-2.341500,0.164592,4.542710,0.911017,0.399170,0.103493
6675,-2.562170,-0.007981,4.513320,-0.851265,0.523768,-0.031855
6676,-2.554150,-0.023873,4.515900,-0.095878,-0.972754,0.211086
6677,-2.546790,-0.009260,4.520310,0.625473,0.422351,0.656051
6678,-2.550440,-0.013254,4.507070,0.377909,0.040523,-0.924955
6679,-1.642920,0.359398,4.584300,0.210875,0.974809,-0.072665
6680,-2.861790,0.435431,4.492000,-0.424118,-0.468516,0.774994
6681,-2.856750,0.437686,4.473130,0.040486,-0.260668,-0.964579
6682,-2.848790,0.440458,4.485830,0.966290,-0.006383,0.257378
6683,-2.648260,0.458090,4.516580,0.096252,0.588506,0.802743
6684,-2.773970,0.544786,4.506650,-0.195161,0.498350,0.844725
6685,-2.764520,0.535514,4.499500,0.859641,-0.453790,0.234718
6686,-2.769790,0.542746,4.487400,0.190532,0.309942,-0.931468
6687,-2.551190,0.932865,4.516070,-0.221056,-0.146097,0.964256
6688,-2.552460,0.941889,4.504320,-0.435601,0.886174,-0.157947
6689,-2.551660,0.929169,4.496650,-0.264418,-0.487801,-0.831946
6690,-2.778600,0.535744,4.496420,-0.871338,-0.470538,-0.139155
6691,-2.861550,0.447146,4.483220,-0.548779,0.834650,-0.046918
6692,-2.790380,0.329953,4.506740,-0.402349,-0.410822,0.818132
6693,-2.785830,0.331779,4.487430,0.018889,-0.241920,-0.970112
6694,-2.778040,0.333697,4.499720,0.971648,-0.084307,0.220888
6695,-2.756520,0.359937,4.506980,-0.510530,0.845086,-0.158710
6696,-3.057510,0.644901,4.473810,-0.876185,-0.479419,-0.049565
6697,-2.747360,0.738647,4.492650,0.483892,-0.813112,0.323568
6698,-2.705920,0.714653,4.511130,-0.784435,0.251324,0.567007
6699,-2.342140,0.558128,4.530570,0.938881,0.343169,0.027164
6700,-2.446390,0.840576,4.505260,-0.372004,-0.117687,-0.920740
6701,-2.439520,0.849630,4.514680,0.343450,0.937056,-0.062999
6702,-2.438150,0.835465,4.515720,0.550552,-0.832078,0.067373
6703,-2.676580,0.669677,4.487380,0.443993,-0.332055,-0.832232
6704,-2.726460,0.553739,4.513560,-0.243087,0.274196,0.930444
6705,-2.723190,0.556423,4.494250,0.058571,0.521887,-0.851002
6706,-2.730090,0.545130,4.501630,-0.726245,-0.653378,-0.213695
6707,-2.716540,0.548854,4.504440,0.959354,-0.251872,0.127279
6708,-2.681920,0.667669,4.506520,0.008441,-0.541360,0.840749
6709,-2.688800,0.671550,4.494590,-0.904184,-0.343009,-0.254552
6710,-2.821740,0.545311,4.494570,0.670839,-0.552402,0.494799
6711,-2.828470,0.561017,4.491660,0.046121,0.970230,0.237752
6712,-2.836840,0.547844,4.491550,-0.888133,-0.381058,0.256932
6713,-2.827630,0.550834,4.479310,0.129895,-0.039984,-0.990721
6714,-2.143290,1.041090,4.537660,0.456632,-0.889572,-0.012209
6715,-2.055220,1.357000,4.534020,-0.414319,0.908334,-0.057186
6716,-2.245010,1.645520,4.495750,0.393145,-0.480835,-0.783732
6717,-2.158800,1.558120,4.521930,-0.542550,0.793913,0.274484
6718,-2.385250,1.462530,4.503270,-0.944763,-0.164807,0.283306
6719,-2.372260,1.473760,4.503850,0.139535,0.874964,0.463647
6720,-2.375800,1.465230,4.489370,-0.210803,0.061932,-0.975565
6721,-2.345290,1.448150,4.496520,0.556512,-0.293109,-0.777420
6722,-2.353840,1.444110,4.509310,-0.312883,-0.787245,0.531365
6723,-2.370030,1.571820,4.486450,-0.227433,0.360547,-0.904588
6724,-2.154690,1.263080,4.529770,-0.622720,0.757197,-0.197162
6725,-2.520740,1.410240,4.498970,-0.931967,0.299691,-0.204018
6726,-2.503080,1.410320,4.493730,0.743689,0.254718,-0.618098
6727,-2.510700,1.400100,4.500280,0.143038,-0.985671,-0.089401
6728,-2.548070,1.351010,4.501670,0.409163,-0.471753,0.781047
6729,-2.556160,1.351910,4.483890,-0.336467,-0.388808,-0.857682
6730,-2.546790,1.360260,4.490800,0.767582,0.554477,-0.321517
6731,-2.559830,1.359890,4.496720,-0.817646,0.420127,0.393634
6732,-2.511650,1.410560,4.510030,0.010584,0.332906,0.942901
6733,-2.354640,1.352050,4.502390,0.026775,0.337170,-0.941063
6734,-2.361600,1.343380,4.512200,-0.797978,-0.601113,-0.043513
6735,-2.356520,1.353120,4.522170,-0.147019,0.435834,0.887938
6736,-2.347610,1.346170,4.513380,0.951017,-0.290378,0.106056
6737,-2.153970,1.462350,4.520680,-0.821811,0.491835,-0.287620
6738,-2.294840,1.556940,4.489740,-0.356151,0.314283,-0.879990
6739,-2.342420,1.454790,4.512230,0.748423,0.285476,0.598637
6740,-1.938280,1.840780,4.527560,0.653199,-0.726836,-0.212229
6741,-1.740450,2.046240,4.551220,-0.430597,0.118300,0.894758
6742,-2.048820,1.939080,4.514470,0.803459,-0.545072,-0.239477
6743,-2.557460,1.747320,4.485440,-0.586392,-0.772721,0.242995
6744,-2.446660,0.842016,4.525120,-0.396786,0.015648,0.917778
6745,-2.540610,0.933018,4.505720,0.985137,-0.171544,0.008791
6746,-2.350610,0.456350,4.542870,-0.353180,-0.132402,0.926139
6747,-2.354420,0.461183,4.526020,-0.665310,0.315414,-0.676666
6748,-2.342540,0.448885,4.531450,0.445935,-0.871270,-0.205016
6749,-2.258380,0.540576,4.538550,-0.496985,-0.867114,-0.033474
6750,-2.342350,0.463004,4.533370,0.661704,0.749462,-0.021291
6751,-2.745990,0.839522,4.485270,-0.211150,-0.107734,-0.971498
6752,-2.790230,0.341019,4.497540,-0.534309,0.844027,-0.046186
6753,-2.714710,0.013635,4.487510,0.270539,0.331138,-0.903967
6754,-1.736190,0.452743,4.586540,0.020774,-0.361785,0.932030
6755,-1.743650,0.459420,4.576400,-0.933375,0.358660,-0.013175
6756,-1.736000,0.452484,4.566580,0.038433,-0.386005,-0.921696
6757,-1.729470,0.460817,4.576510,0.856873,0.515527,0.000970
6758,-1.343610,0.337181,4.604670,0.672602,-0.653302,-0.347568
6759,-2.618210,1.044920,4.501910,0.558833,0.827593,-0.052877
6760,-3.058160,1.560970,4.446000,-0.912149,0.392189,-0.119047
6761,-1.664190,0.237400,4.591530,-0.545263,-0.838153,0.013672
6762,0.605930,1.727910,4.697100,0.427947,0.222415,-0.876010
6763,0.608201,1.712030,4.701190,0.324401,-0.890800,-0.318182
6764,0.596016,1.720370,4.706820,-0.621406,-0.783487,-0.001702
6765,0.570690,1.735220,4.695890,-0.674303,-0.173241,-0.717846
6766,0.575682,2.552070,4.679140,-0.439470,0.509298,-0.739920
6767,0.716257,2.203430,4.715240,-0.027918,-0.120712,0.992295
6768,0.628399,2.204120,4.598140,-0.811371,-0.582018,-0.054144
6769,0.561681,2.178450,4.685350,-0.554990,0.537771,0.634656
6770,0.638764,2.320510,4.584920,0.000617,0.887371,-0.461056
6771,0.573604,1.737030,4.715460,-0.451225,-0.027481,0.891987
6772,0.734450,2.246960,4.646950,0.521723,0.419765,-0.742699
6773,0.727610,2.249490,4.662520,-0.153563,0.627102,0.763650
6774,0.733852,2.235660,4.658020,0.497875,-0.770741,0.397592
6775,1.032880,2.045300,4.771040,0.686929,-0.721434,0.087525
6776,0.706688,2.135890,4.691330,0.518705,-0.634673,0.572831
6777,1.125670,2.373710,4.765970,-0.250634,0.850814,0.461842
6778,0.566702,2.375910,4.691150,-0.346750,0.062369,0.935882
6779,0.577764,2.382390,4.678630,0.696978,0.673843,-0.245272
6780,0.562669,2.376240,4.674930,-0.770532,0.099071,-0.629655
6781,0.720763,2.239750,4.650120,-0.852739,-0.304214,-0.424607
6782,0.573937,2.367900,4.680570,0.434486,-0.897076,-0.080481
6783,0.534987,1.786950,4.703870,-0.575580,-0.241486,0.781276
6784,0.607267,1.827920,4.712800,0.657788,0.086967,0.748166
6785,0.603237,1.825520,4.694290,0.131470,0.026302,-0.990971
6786,0.570284,1.848170,4.703800,0.536115,0.816524,-0.214172
6787,0.541936,1.859140,4.688440,-0.085449,0.569606,-0.817464
6788,0.539373,1.857300,4.707840,-0.336175,0.424207,0.840854
6789,0.578454,1.745190,4.703900,-0.071492,0.991529,-0.108444
6790,-0.162995,0.250099,4.678340,0.025652,0.293599,-0.955584
6791,0.139120,0.018191,4.659250,0.220223,-0.919021,0.326958
6792,-0.020944,0.123522,4.710900,0.048081,-0.337087,0.940245
6793,0.216115,0.031170,4.670030,-0.441701,-0.834859,-0.328497
6794,0.557396,1.833530,4.700870,-0.505611,-0.712866,-0.485983
6795,0.595074,1.825730,4.705890,-0.704439,-0.618567,-0.348051
6796,0.603182,1.814090,4.705640,0.158254,-0.982967,0.093443
6797,0.535238,1.848320,4.696480,-0.872543,-0.438886,-0.214587
6798,0.610009,1.724640,4.712800,0.634153,0.084674,0.768557
6799,1.055330,1.642200,4.804370,-0.712660,-0.270323,-0.647334
6800,0.564268,1.838340,4.713010,-0.066426,-0.178934,0.981616
6801,1.021780,1.848500,4.767850,-0.121420,0.631724,-0.765625
6802,0.956359,2.332160,4.671510,-0.791144,0.561963,-0.241429
6803,1.970950,2.239580,4.811570,-0.290856,0.649158,0.702849
6804,1.797840,2.391010,4.756980,-0.847199,0.421759,0.323070
6805,1.991880,2.232820,4.659790,0.180430,-0.953196,-0.242615
6806,1.934960,2.156970,4.800810,-0.679428,0.213045,0.702132
6807,1.747020,2.371620,4.759490,-0.901877,0.112979,0.416958
6808,1.952220,2.263180,4.758940,-0.198669,0.859871,-0.470268
6809,1.960350,2.250900,4.759200,0.725745,-0.363085,-0.584349
6810,1.948520,2.244970,4.765640,-0.541721,-0.827018,0.150265
6811,1.955310,2.256660,4.772050,0.110512,0.323631,0.939707
6812,1.683800,2.367720,4.792960,0.620632,-0.217292,0.753392
6813,1.714620,2.418640,4.820970,-0.775628,-0.477771,0.412474
6814,1.358050,2.237980,4.817750,-0.880289,-0.333980,-0.336970
6815,1.653030,2.245440,4.845810,0.250866,0.939636,0.232705
6816,1.350280,2.670080,4.758560,-0.385992,0.616740,-0.686034
6817,-0.893506,-0.018091,4.571840,0.539433,0.542501,0.643976
6818,-0.961710,-0.023570,4.579780,-0.154599,-0.900994,-0.405351
6819,-0.967676,0.007162,4.590360,-0.418232,0.906248,0.061620
6820,-0.957975,-0.010107,4.575540,0.160094,0.103668,-0.981643
6821,-0.967317,-0.002933,4.607200,-0.341534,0.271508,0.899799
6822,-0.952655,-0.010429,4.589130,0.956010,-0.051884,0.288710
6823,-1.102540,0.008484,4.587240,-0.234951,0.702832,-0.671436
6824,-1.088760,0.010369,4.601220,0.374380,0.896592,0.236562
6825,-1.111210,0.000092,4.598370,-0.949635,-0.049554,0.309414
6826,-0.860328,-0.016253,4.605240,-0.555559,-0.598466,-0.577228
6827,-0.168798,-0.057023,2.306610,0.977353,-0.071194,-0.199278
6828,-0.255635,-0.068394,2.148960,0.136368,-0.988922,-0.058633
6829,0.189272,0.779497,2.829230,-0.960452,-0.275107,0.042991
6830,0.447641,-0.081731,1.034900,-0.918192,-0.015305,-0.395839
6831,2.222060,0.638668,3.447070,0.032402,-0.953259,-0.300412
6832,2.230470,0.247775,3.459440,-0.167063,-0.567643,0.806146
6833,2.225780,0.270166,3.505780,-0.066886,0.716843,-0.694019
6834,2.222010,0.262497,3.522540,-0.426548,-0.014314,0.904352
6835,2.234340,0.263129,3.515050,0.967679,0.059347,0.245102
6836,2.222300,0.254608,3.508440,-0.411120,-0.790379,-0.454182
6837,0.247377,-0.101921,0.644899,-0.399605,-0.913542,0.075871
6838,-0.055845,-0.110149,0.249483,-0.442151,-0.094578,0.891940
6839,-0.350668,-0.101319,0.558073,-0.110627,0.119037,0.986708
6840,-2.235360,1.951550,4.512790,0.246520,-0.225798,0.942466
