# Mesh with normals visualization
# Original mesh vertices and faces
v 2.244210 0.246384 3.341160
v 2.245530 0.260934 3.340770
v 2.253600 0.253282 3.350260
v 0.928663 2.655120 4.695250
v 0.942593 2.653130 4.692670
v 0.937494 2.655510 4.679520
v 0.935705 2.641300 4.688520
v -1.039790 0.336009 4.626820
v -1.050490 0.341293 4.635590
v -1.054960 0.338615 4.621730
v -2.248310 1.352350 4.508460
v -2.244550 1.344920 4.520770
v -2.258900 1.348750 4.520940
v -2.760640 2.622830 4.462660
v -2.749550 2.617760 4.471200
v -2.761290 2.608610 4.471280
v -2.052880 2.440930 4.510610
v -2.059770 2.431740 4.501490
v -2.067350 2.439620 4.511060
v -2.059280 2.433240 4.521330
v 1.730920 0.062669 2.875020
v 1.718180 0.065496 2.884080
v 1.735980 0.091143 2.897640
v 1.556420 0.363706 2.865700
v 1.542460 0.363864 2.861920
v 1.546760 0.355841 2.873160
v 0.451572 -0.063140 1.744580
v 0.442243 -0.052535 1.748220
v 0.444667 -0.063452 1.756990
v -1.033550 -0.093487 1.469880
v -1.041120 -0.083398 1.476390
v -1.033810 -0.073549 1.469240
v -1.129750 -0.072596 1.813430
v -1.132740 -0.066632 1.800810
v -1.128780 -0.083843 1.804680
v -2.645800 2.550420 4.473120
v -2.633470 2.543130 4.483560
v -2.631180 2.554990 4.474090
v -2.633110 2.541530 4.466970
v -1.377250 0.407956 4.596120
v -1.373580 0.381464 4.600500
v -1.382910 0.379255 4.588560
v -0.853848 0.437692 4.634150
v -0.851241 0.446654 4.647370
v -0.858831 0.451045 4.635990
v -0.845203 0.453096 4.631910
v 1.141940 -0.052589 1.969110
v 1.148510 -0.042246 1.978150
v 1.133930 -0.043568 1.977430
v 1.724470 2.644060 4.806400
v 1.715530 2.637200 4.815070
v 1.728640 2.638870 4.820300
v 1.440290 0.828724 2.823970
v 1.454670 0.826413 2.825440
v 1.439100 0.814157 2.823270
v 1.445480 0.820236 2.834700
v 2.185370 0.822486 3.462160
v 2.215770 0.810812 3.464250
v 2.191960 0.813530 3.446780
v 2.123860 0.865826 3.066780
v 2.138590 0.863595 3.057320
v 2.138570 0.863189 3.073840
v 1.151580 -0.032144 2.153110
v 1.146250 -0.040594 2.166220
v 1.150690 -0.050102 2.154420
v 1.137840 -0.040408 2.154510
v 2.245280 0.450340 3.352340
v 2.234290 0.456622 3.359430
v 2.225610 0.448772 3.350860
v 0.072572 1.406520 4.197160
v 0.084141 1.399670 4.187000
v 0.086740 1.412320 4.195410
v 1.758660 1.661360 4.784720
v 1.756640 1.652690 4.773660
v 1.743910 1.652000 4.779910
v 0.908617 -0.067078 1.302210
v 0.895639 -0.065591 1.295560
v 0.905719 -0.078054 1.292940
v 0.763967 -0.064753 1.453960
v 0.754292 -0.074858 1.451180
v 0.754260 -0.054872 1.450560
v 1.545980 0.825618 2.851650
v 1.559560 0.831767 2.854230
v 1.547550 0.838346 2.860670
v 1.552050 0.837262 2.842310
v -0.849021 0.248904 4.632530
v -0.862768 0.238656 4.638340
v -0.862119 0.253515 4.637880
v 1.250620 -0.054207 1.791180
v 1.252340 -0.035576 1.788990
v 1.255980 -0.045036 1.807640
v 1.447390 0.043154 2.856300
v 1.439190 0.058802 2.858580
v 1.443840 0.053128 2.844660
v 1.454960 0.057455 2.854920
v 1.956420 0.863875 3.050850
v 1.968010 0.868159 3.037900
v 1.964710 0.851978 3.044800
v 2.219930 0.757764 3.442300
v 2.229820 0.750482 3.450050
v 2.210380 0.748076 3.447370
v 2.226530 0.552877 3.351420
v 2.235800 0.544769 3.343200
v 2.236060 0.544080 3.357500
v 2.246390 0.551568 3.351000
v -0.352106 0.837359 4.693110
v -0.344334 0.847694 4.703070
v -0.342934 0.850566 4.685620
v -1.384510 0.416099 4.608350
v -1.377920 0.424275 4.597460
v -1.662470 -0.043722 4.541790
v -1.666930 -0.039083 4.526540
v -1.655850 -0.032568 4.534260
v -0.558645 0.441167 4.656480
v -0.550788 0.447687 4.646390
v -0.544409 0.440632 4.657010
v 1.142130 2.434430 4.814980
v 1.143870 2.437800 4.798850
v 1.133340 2.428250 4.804230
v 0.128119 0.439037 4.333990
v 0.115067 0.433578 4.340830
v 0.112672 0.442888 4.325630
v -0.235520 0.598320 4.674320
v -0.242260 0.607643 4.684730
v -0.250538 0.601648 4.673170
v -2.835400 0.255518 4.484700
v -2.828560 0.230279 4.499400
v -2.837120 0.217471 4.496720
v -2.819540 0.218607 4.504590
v -0.808202 1.331430 4.655910
v -0.796774 1.321260 4.658010
v -0.798913 1.331800 4.669080
v -0.537309 0.653034 4.650640
v -0.532180 0.666258 4.651090
v -0.539311 0.661241 4.662280
v -0.655430 0.275066 4.660950
v -0.662917 0.282379 4.649210
v -0.654325 0.270908 4.642730
v -1.652450 2.554950 4.518050
v -1.647100 2.543150 4.525980
v -1.661850 2.542620 4.522410
v -1.653540 2.554040 4.534370
v 0.459185 -0.074447 1.669600
v 0.459726 -0.054540 1.670100
v 0.468532 -0.064606 1.664460
v 0.109358 0.350744 4.318060
v 0.114179 0.344361 4.330860
v 0.127607 0.346657 4.324370
v -2.249600 1.054670 4.540410
v -2.256160 1.047340 4.530150
v -2.248810 1.054690 4.520450
v -0.652527 0.058280 4.652980
v -0.667130 0.057676 4.650950
v -0.660028 0.046807 4.656730
v -3.146860 0.155764 4.469670
v -3.145520 0.162051 4.483390
v -3.154600 0.167414 4.473450
v -3.141840 0.174109 4.474990
v -0.735268 -0.062136 2.110750
v -0.742109 -0.053409 2.119950
v -0.742921 -0.072980 2.116350
v -2.973990 2.447950 4.432990
v -2.982010 2.443380 4.420880
v -2.987630 2.436600 4.436740
v -1.392490 0.413960 4.595680
v -1.387210 0.381185 4.607500
v -1.050580 0.042897 4.626530
v -1.040230 0.042849 4.615110
v -1.053020 0.046840 4.607480
v -0.634233 -0.031207 4.576390
v -0.622706 -0.024517 4.582870
v -0.633566 -0.029786 4.591470
v -0.764259 0.350021 4.653100
v -0.754771 0.346171 4.643290
v -0.764049 0.349560 4.633120
v -1.252880 0.725327 4.614970
v -1.281100 0.720764 4.601620
v -1.276340 0.705037 4.596570
v -1.281340 0.716712 4.585700
v -0.240175 0.610581 4.666050
v -3.061770 0.147052 4.473200
v -3.052470 0.150553 4.483350
v -3.062260 0.147424 4.493170
v -3.065000 0.157232 4.482920
v -1.448070 0.042104 4.582510
v -1.446120 0.036382 4.601490
v -1.453360 0.047188 4.595040
v -1.438990 0.046191 4.593260
v 2.013100 1.565060 4.840250
v 2.006360 1.557790 4.829790
v 2.017220 1.563090 4.821950
v -0.856991 0.950250 4.653350
v -0.871162 0.945972 4.650750
v -0.864667 0.941513 4.663550
v -1.348730 0.247613 4.616110
v -1.339430 0.239101 4.608830
v -1.340450 0.253174 4.605630
v 0.092186 0.362098 4.633490
v 0.098648 0.370034 4.643730
v 0.110330 0.361690 4.641840
v -2.646970 0.068359 4.525030
v -2.645330 0.071502 4.505520
v -2.656320 0.074863 4.515210
v -3.067350 0.577937 4.481080
v -3.074330 0.587955 4.472270
v -3.077100 0.574087 4.471560
v -1.553230 0.759265 4.599540
v -1.548370 0.758769 4.581600
v -1.550150 0.746158 4.591100
v -2.755650 0.668387 4.504270
v -2.742410 0.666123 4.495410
v -2.754860 0.668248 4.485450
v -1.515890 1.339730 4.617670
v -1.506470 1.339040 4.603640
v -1.521330 1.347110 4.603350
v -3.063450 0.285016 4.481030
v -3.062440 0.284349 4.461180
v -3.060160 0.294468 4.470920
v -2.655620 0.546508 4.503510
v -2.649880 0.554222 4.515630
v -2.658120 0.560690 4.505540
v -2.452650 1.160910 4.507320
v -2.447140 1.152340 4.496580
v -2.456040 1.146300 4.507020
v -3.068730 0.579214 4.461350
v -2.438970 0.249498 4.530360
v -2.438750 0.263563 4.531900
v -2.447420 0.256551 4.540610
v -2.744400 0.251375 4.492800
v -2.740840 0.260970 4.504040
v -2.745550 0.249093 4.512280
v -1.757520 1.347260 4.567260
v -1.761760 1.338620 4.556640
v -1.754680 1.347050 4.547470
v -3.041080 0.042161 4.480300
v -3.053230 0.042017 4.489270
v -3.054470 0.045677 4.474940
v -3.207400 0.857262 4.455670
v -3.197610 0.865190 4.447120
v -3.205210 0.857288 4.436550
v -2.748080 0.055588 4.518820
v -2.756260 0.052570 4.507570
v -2.746780 0.059075 4.499170
v -2.937260 0.052607 4.486680
v -2.945860 0.059719 4.496220
v -2.951450 0.051191 4.486240
v -2.975830 0.740788 4.462480
v -2.984910 0.734503 4.472090
v -2.981830 0.748447 4.472970
v -2.975800 0.739522 4.482390
v -2.754580 0.255705 4.502610
v -2.780620 0.261538 4.501570
v -2.777280 0.270796 4.487820
v -3.141830 0.741468 4.457220
v -3.140090 0.757100 4.457020
v -3.147640 0.750169 4.467910
v -3.152530 1.157400 4.464860
v -3.156220 1.145770 4.453630
v -3.147180 1.159550 4.448620
v -2.544450 1.156820 4.501200
v -2.536580 1.151550 4.513210
v -2.532460 1.150560 4.494040
v -2.995090 0.376009 4.488480
v -2.981290 0.365240 4.486520
v -2.986520 0.370206 4.501170
v -2.980090 0.380311 4.491310
v -2.969020 0.673447 4.465500
v -2.979390 0.679287 4.474960
v -2.965560 0.682998 4.475610
v -2.651700 0.061458 4.513440
v -1.761430 1.237580 4.558540
v -1.748110 1.248860 4.553830
v -1.746940 1.235400 4.559620
v -1.563190 1.151680 4.575340
v -1.556030 1.156120 4.589360
v -1.571010 1.147120 4.590320
v -2.972930 0.945144 4.459470
v -2.968210 0.949260 4.476250
v -2.970130 0.935433 4.470620
v -3.152320 0.665304 4.461530
v -3.146370 0.655686 4.473310
v -3.137270 0.659913 4.460420
v -3.148540 0.648671 4.459130
v -3.145480 0.041125 4.480980
v -3.150270 0.036682 4.465400
v -3.136630 0.034957 4.470870
v -3.155470 0.272975 4.469900
v -3.139220 0.276866 4.470070
v -3.146790 0.271116 4.456320
v -2.266390 2.245800 4.490070
v -2.280300 2.243720 4.486910
v -2.277490 2.229580 4.487160
v -2.270450 2.238630 4.477700
v -3.044320 0.955849 4.461790
v -3.042450 0.942453 4.467060
v -3.056960 0.942426 4.466590
v -1.749430 2.342480 4.528720
v -1.759430 2.332190 4.523800
v -1.753930 2.335320 4.541310
v -1.745080 2.328000 4.529940
v -3.060820 0.365497 4.469830
v -3.068550 0.371194 4.480520
v -3.059240 0.365279 4.489740
v -2.148180 0.446968 4.558600
v -2.140150 0.441131 4.545440
v -2.136680 0.456210 4.551130
v -3.147380 0.853824 4.474410
v -3.138570 0.860478 4.464980
v -3.145540 0.853185 4.454540
v -3.196940 0.849797 4.447180
v -3.060310 -0.032492 4.464580
v -3.059800 -0.030001 4.483350
v -3.063540 -0.019554 4.472510
v -2.833500 0.640540 4.473440
v -2.829590 0.650103 4.484250
v -2.825300 0.636199 4.484650
v -1.576160 0.949230 4.583190
v -1.563060 0.951603 4.589260
v -1.574150 0.959440 4.594710
v -1.565910 0.959132 4.577040
v -2.555950 0.753728 4.515090
v -2.548890 0.746909 4.525800
v -2.541580 0.754591 4.516010
v -2.831170 0.264149 4.497370
v -2.843380 0.254916 4.501660
v -2.840430 0.847671 4.492620
v -2.831070 0.854518 4.483970
v -2.836940 0.847126 4.473010
v -3.139380 0.846248 4.465360
v -3.052210 0.750159 4.461940
v -3.064490 0.756688 4.467300
v -3.060180 0.749792 4.479790
v -2.983540 0.942257 4.470190
v -1.645780 0.750472 4.558290
v -1.653670 0.742665 4.568660
v -1.645180 0.751310 4.577820
v -2.969910 0.673300 4.485230
v -3.155480 0.750847 4.452630
v -2.832910 0.220229 4.510570
v -2.132530 2.342130 4.516550
v -2.136490 2.347930 4.504190
v -2.126240 2.340510 4.497730
v -2.123120 2.350150 4.508470
v -1.850250 0.055741 4.583930
v -1.842740 0.049552 4.573130
v -1.842580 0.063963 4.575060
v -1.666150 1.648280 4.551630
v -1.657160 1.654690 4.542160
v -1.652060 1.648020 4.553650
v -2.246890 2.596410 4.494580
v -2.257190 2.605060 4.488740
v -2.239510 2.604080 4.484490
v -2.046110 1.748850 4.512690
v -2.041410 1.743220 4.527670
v -2.054050 1.753920 4.525640
v -3.219870 0.946507 4.451470
v -3.210920 0.946254 4.463600
v -3.205740 0.955081 4.450590
v -2.841130 2.145330 4.447440
v -2.845870 2.153810 4.437150
v -2.847720 2.153380 4.457030
v -2.855090 2.147260 4.446180
v -3.135100 2.534460 4.449830
v -3.123900 2.523410 4.445090
v -3.124250 2.536980 4.441120
v -3.012060 2.612130 4.451630
v -3.015320 2.618160 4.467470
v -3.024970 2.617830 4.456210
v -0.035246 0.756517 4.704830
v -0.041213 0.761552 4.717560
v -0.044322 0.747037 4.719260
v -0.734848 0.812814 4.678610
v -0.726687 0.807350 4.667780
v -0.734166 0.816349 4.659010
v -2.542880 2.623400 4.479690
v -2.543380 2.632770 4.467280
v -2.552890 2.620240 4.467960
v -2.537980 2.616500 4.464530
v -1.764470 1.352500 4.556110
v -1.246890 -0.021317 4.563790
v -1.230840 -0.020907 4.563790
v -1.238860 -0.023536 4.550130
v -1.764520 0.250620 4.582590
v -1.764310 0.236563 4.580010
v -1.758150 0.242827 4.592740
v -1.032390 0.620261 4.629370
v -1.027460 0.630936 4.620870
v -1.029910 0.622090 4.609640
v -3.049240 -0.025562 4.472910
v -1.346360 0.243387 4.596770
v -1.497990 0.239276 4.601140
v -1.461060 0.242364 4.587900
v -1.463900 0.233324 4.602370
v -1.051060 0.456088 4.628410
v -1.038250 0.457166 4.621720
v -1.046630 0.451701 4.611240
v -2.349340 0.156724 4.551490
v -2.355610 0.165182 4.541710
v -2.347860 0.158494 4.531630
v 1.146730 1.845140 4.838950
v 1.149960 1.842730 4.819490
v 1.155530 1.852360 4.829370
v 2.242930 0.451646 3.248470
v 2.228930 0.451488 3.253840
v 2.235920 0.454259 3.266820
v 0.097031 1.424740 4.227390
v 0.093533 1.438570 4.222110
v 0.128166 1.440560 4.229730
v -1.181340 0.703677 4.586700
v -1.174260 0.695912 4.596950
v -1.185860 0.698777 4.605470
v -2.657430 2.621470 4.478010
v -2.650000 2.613650 4.467080
v -2.658830 2.623370 4.459120
v 1.445280 1.654410 4.864920
v 1.448260 1.654440 4.845240
v 1.442360 1.645300 4.854400
v 0.734602 2.557020 4.675160
v 0.734795 2.569310 4.666560
v 0.726225 2.568200 4.678820
v 0.720038 2.566700 4.665860
v 2.072320 2.578890 4.648600
v 2.083970 2.575810 4.658320
v 2.082140 2.591120 4.659710
v 1.038360 2.642000 4.773840
v 1.029140 2.641940 4.762780
v 1.040930 2.650140 4.761760
v -1.939670 2.039410 4.521380
v -1.953590 2.041680 4.522520
v -1.946560 2.048220 4.512120
v -1.148830 -0.078930 1.744270
v -1.144640 -0.065481 1.735090
v -1.153400 -0.075899 1.731230
v -1.554570 1.551190 4.574340
v -1.559830 1.554220 4.592530
v -1.547960 1.558380 4.585160
v -1.548750 1.543990 4.587320
v -2.539400 2.448860 4.462370
v -2.525130 2.439960 4.469700
v -2.539310 2.436240 4.469820
v -1.513270 1.740990 4.596430
v -1.523580 1.729780 4.599850
v -1.526890 1.745650 4.597790
v -1.449510 2.262290 4.583450
v -1.462730 2.265710 4.589460
v -1.454880 2.258860 4.600140
v 0.853881 1.645440 4.730150
v 0.863666 1.639780 4.739950
v 0.854826 1.646550 4.749950
v -3.209070 1.065180 4.438600
v -3.208740 1.065500 4.458330
v -3.199630 1.071700 4.448210
v -2.744000 1.956600 4.456320
v -2.743530 1.942070 4.456210
v -2.751610 1.948880 4.446230
v 0.558963 1.666980 4.703750
v 0.543136 1.663380 4.696430
v 0.543687 1.663680 4.712290
v -2.248130 2.610230 4.499310
v -1.259280 0.347980 4.600730
v -1.256010 0.345479 4.618550
v -1.247960 0.351567 4.608540
v -2.464650 2.449870 4.458160
v -2.463590 2.449880 4.478070
v -2.472730 2.444210 4.468580
v -2.963830 1.569810 4.444260
v -2.954000 1.556620 4.450620
v -2.957700 1.567210 4.460590
v -2.744180 2.141670 4.446210
v -2.737690 2.137270 4.458020
v -2.747920 2.143300 4.465780
v -3.145800 1.947580 4.427080
v -3.145790 1.947240 4.447070
v -3.138560 1.940240 4.436950
v -2.658600 2.160920 4.465660
v -2.644470 2.162110 4.467020
v -2.649520 2.153290 4.457030
v -3.256420 2.446140 4.424520
v -3.244680 2.455050 4.428660
v -3.240510 2.440420 4.430310
v -3.249120 2.446880 4.440820
v -2.665270 2.612390 4.468090
v -3.062580 1.953270 4.440470
v -3.050040 1.956810 4.448880
v -3.048950 1.955350 4.433480
v -3.121600 2.454010 4.444910
v -3.127790 2.461720 4.434630
v -3.119670 2.454900 4.425090
v -3.044730 1.740100 4.441520
v -3.053570 1.746130 4.451630
v -3.059230 1.738380 4.440580
v -2.847160 2.429330 4.459010
v -2.847940 2.419190 4.449010
v -2.835360 2.425670 4.450830
v -3.152760 2.349990 4.419870
v -3.160510 2.345120 4.433140
v -3.158720 2.358900 4.429450
v -3.148060 2.354190 4.437870
v -3.309970 2.127350 4.412910
v -3.293950 2.120850 4.417290
v -3.302490 2.127910 4.426740
v -2.852660 2.247460 4.441450
v -2.840900 2.245680 4.449410
v -2.849130 2.252880 4.458630
v -2.625580 2.343830 4.458650
v -2.617530 2.337390 4.469280
v -2.628180 2.342530 4.478190
v -2.844130 2.428970 4.439340
v -2.189670 2.277090 4.507320
v -2.190510 2.265130 4.499110
v -2.181810 2.272530 4.490120
v -2.196460 2.277010 4.493240
v -2.747530 2.528770 4.466220
v -2.739930 2.533390 4.477540
v -2.744930 2.542660 4.467970
v -2.470610 2.458400 4.468460
v -2.533850 2.445730 4.479570
v -2.554060 2.544420 4.481210
v -2.562140 2.551730 4.470370
v -2.553310 2.542660 4.461640
v -2.844980 1.847180 4.450650
v -2.851740 1.855310 4.440950
v -2.852790 1.853670 4.460800
v 0.054190 -0.107503 0.434950
v 0.051744 -0.108015 0.450312
v 0.041167 -0.097992 0.444844
v -2.850980 2.539940 4.451640
v -2.846390 2.552090 4.458590
v -2.842190 2.546600 4.441870
v -2.145310 2.455130 4.483220
v -2.155160 2.461210 4.492270
v -2.139650 2.460240 4.497890
v -1.339510 0.742177 4.598990
v -1.362880 0.716948 4.592330
v -1.342780 0.733632 4.615390
v -2.969660 2.341690 4.427700
v -2.978610 2.334840 4.437340
v -2.976110 2.349870 4.438940
v -2.961820 2.344440 4.439980
v -2.090520 2.555690 4.484740
v -2.092510 2.556370 4.504460
v -2.082980 2.550490 4.495650
v -2.547930 2.552040 4.470880
v -2.353550 2.550970 4.488900
v -2.343020 2.553240 4.476460
v -2.358920 2.557500 4.476630
v 1.215590 1.572630 4.851640
v 1.205950 1.562280 4.851330
v 1.215200 1.562390 4.862030
v -2.318350 2.604230 4.477540
v -2.330320 2.605100 4.485460
v -2.326700 2.603470 4.465870
v -2.454820 2.614320 4.475660
v -2.448610 2.605000 4.466460
v -2.456680 2.611370 4.456240
v -2.141140 2.435630 4.509540
v -2.148110 2.429410 4.496950
v -2.132780 2.428230 4.493960
v -2.462990 2.604070 4.467980
v -2.245440 2.552700 4.491280
v -2.245510 2.568190 4.490410
v -2.252540 2.560540 4.501940
v -2.259100 2.562460 4.485580
v 2.510370 1.846310 4.750560
v 2.511480 1.844530 4.765350
v 2.518560 1.857050 4.756940
v -2.256250 0.747639 4.544990
v -2.253440 0.745743 4.525320
v -2.262030 0.754197 4.533400
v -1.709950 2.533700 4.524660
v -1.721090 2.538220 4.515050
v -1.713470 2.547880 4.523080
v -2.044210 1.847570 4.522660
v -2.052120 1.854750 4.531980
v -2.058340 1.847270 4.521670
v 0.045879 0.261104 4.708730
v 0.052881 0.234377 4.712290
v 0.055962 0.261008 4.697020
v 0.042682 0.235084 4.702200
v 1.879090 1.832030 4.813180
v 1.885740 1.833760 4.798420
v 1.862140 1.862520 4.787790
v 1.359730 1.556970 4.834720
v 1.365250 1.565140 4.848730
v 1.359440 1.549020 4.848970
v -0.650466 0.815774 4.660990
v -0.644465 0.804570 4.670280
v -0.658288 0.809474 4.671780
v 1.888420 1.749620 4.813340
v 1.879380 1.750890 4.802210
v 1.890160 1.746480 4.793750
v 1.647470 1.564250 4.878800
v 1.652770 1.557260 4.867270
v 1.653620 1.571710 4.867820
v 2.245540 0.260569 3.268140
v 2.243730 0.260314 3.254070
v 2.235030 0.252304 3.261920
v 0.751373 -0.064567 1.460530
v -0.761268 0.563557 4.640090
v -0.755506 0.556925 4.651250
v -0.746864 0.562081 4.641220
v -0.762046 0.549109 4.641350
v -0.860519 1.449380 4.640110
v -0.864343 1.440180 4.653260
v -0.865209 1.432780 4.637480
v 1.139030 2.058700 4.822950
v 1.142900 2.050070 4.836540
v 1.148480 2.045490 4.819730
v -0.757804 -0.075830 1.349770
v -0.770270 -0.081494 1.353370
v -0.763742 -0.092909 1.348130
v 0.757193 -0.059781 1.648870
v 0.743421 -0.059759 1.652730
v 0.751727 -0.048843 1.656780
v 1.925890 1.768500 4.801000
v 1.930140 1.759160 4.788370
v 1.891540 1.758600 4.802060
v 1.922060 1.752520 4.801050
v 1.747830 0.831916 2.884220
v 1.748240 0.825002 2.896720
v 1.756470 0.815059 2.890600
v 1.081450 2.711330 4.807940
v 1.084530 2.682310 4.815660
v 1.097980 2.678720 4.810540
v 1.069820 2.699420 4.804410
v 2.638320 1.825760 4.831330
v 2.631700 1.825640 4.849080
v 2.623290 1.829950 4.835860
v 2.223240 0.648171 3.246430
v 2.233740 0.647342 3.236570
v 2.243160 0.649348 3.247310
v 1.654460 0.346164 2.897760
v 1.652800 0.344160 2.880650
v 1.644660 0.356487 2.889680
v -1.371670 0.022853 4.602870
v -1.370840 0.024868 4.584420
v -1.364550 0.014337 4.592910
v -0.661395 -0.065857 1.543120
v -0.653796 -0.076148 1.536200
v -0.667995 -0.076274 1.536080
v 0.127978 0.535493 4.334890
v 0.110547 0.536974 4.330830
v 0.115810 0.530826 4.345700
v -0.518800 -0.027915 4.615140
v -0.516143 -0.015031 4.624590
v -0.527452 -0.016156 4.615420
v -0.515680 -0.010246 4.609120
v -0.864801 0.158607 4.648370
v -0.857156 0.165412 4.637940
v -0.871736 0.166366 4.637790
v 0.172092 0.307472 3.509730
v 0.162369 0.317365 3.504330
v 0.153188 0.306417 3.508510
v 0.163581 0.304818 3.496420
v 0.708829 2.207480 4.703130
v 0.722945 2.208760 4.703910
v 0.717804 2.198060 4.696130
v 0.083118 1.429240 4.226470
v 0.087342 1.439560 4.235970
v 0.951130 -0.060153 1.428100
v 0.954538 -0.053648 1.444330
v 0.963585 -0.061365 1.435750
v 1.852440 0.055088 2.914090
v 1.855460 0.046537 2.900200
v 1.851530 0.060135 2.900880
v 1.198440 -0.048781 2.402540
v 1.198230 -0.038362 2.392460
v 1.207860 -0.037201 2.403230
v 0.548824 2.036250 4.694390
v 0.530841 2.037200 4.692930
v 0.539362 2.025420 4.692110
v -1.660320 2.047170 4.532260
v -1.649890 2.047890 4.544810
v -1.665060 2.040750 4.547190
v -1.669450 2.343640 4.534970
v -1.660640 2.335880 4.525710
v -1.663810 2.334360 4.545250
v 1.346560 1.767240 4.842470
v 1.339430 1.775020 4.832310
v 1.345810 1.766050 4.822650
v 1.758080 1.644500 4.785170
v 0.909584 -0.059935 1.289450
v -1.719550 2.540750 4.534400
v -1.579130 2.432660 4.561170
v -1.568390 2.437230 4.572360
v -1.565090 2.435670 4.553720
v -3.086040 2.559700 4.431250
v -3.077300 2.561380 4.443070
v -3.086080 2.549520 4.444100
v -3.090710 2.566290 4.446920
v -2.155000 2.556970 4.487060
v -2.148500 2.556260 4.501530
v -2.139650 2.558490 4.488960
v -2.096400 2.545850 4.494450
v -1.863140 2.430060 4.512010
v -1.853790 2.434990 4.502380
v -1.849410 2.426500 4.512900
v -1.990350 2.376410 4.508130
v -1.987470 2.404350 4.507780
v -2.000390 2.379800 4.498100
v -1.959110 2.439850 4.500240
v -1.976530 2.398970 4.497540
v -1.990340 2.409900 4.493140
v -1.964320 2.428300 4.507120
v -2.656030 1.846270 4.478500
v -2.660540 1.854270 4.467730
v -2.651930 1.847060 4.459110
v -2.646720 1.855070 4.470680
v -2.857530 1.938910 4.452600
v -2.842070 1.939630 4.452640
v -2.849880 1.952000 4.457700
v -2.620100 2.351960 4.469910
v -2.649580 2.464190 4.468760
v -2.647130 2.450700 4.475810
v -2.632770 2.454960 4.472180
v -3.056830 2.043000 4.454500
v -3.057970 2.043030 4.434570
v -3.048830 2.049350 4.444050
v -2.657470 2.250270 4.459240
v -2.652800 2.242570 4.470340
v -2.650200 2.241560 4.450550
v -3.052880 2.435780 4.443840
v -3.061540 2.450330 4.441580
v -3.067150 2.436700 4.439860
v -2.760000 2.622170 4.480840
v -3.015340 2.628900 4.454030
v -2.828040 1.452280 4.465000
v -2.824940 1.437530 4.468820
v -2.830330 1.442150 4.455000
v -2.760790 2.344850 4.459710
v -2.757040 2.344570 4.440100
v -2.766830 2.351280 4.448300
v -3.131990 2.529340 4.432080
v -2.740300 2.151110 4.456370
v -0.949511 -0.068069 1.937770
v -0.939675 -0.078213 1.940850
v -0.938911 -0.058354 1.939310
v -0.937653 -0.069159 1.929570
v -2.549520 2.052830 4.464090
v -2.543180 2.044720 4.474250
v -2.557500 2.044990 4.473100
v -2.647890 2.053990 4.466210
v -2.649790 2.045760 4.453810
v -2.658480 2.040860 4.467470
v -2.642020 2.038480 4.464380
v -3.140280 1.345480 4.447860
v -3.154500 1.347230 4.447490
v -3.146430 1.352930 4.437110
v -3.145870 1.449140 4.433190
v -3.148210 1.451040 4.452680
v -3.156110 1.445490 4.442290
v -3.141640 0.957303 4.451600
v -3.155790 0.958590 4.456440
v -3.147650 0.953419 4.467950
v -3.152430 0.943962 4.456530
v -0.741815 -0.090234 1.438990
v -0.749638 -0.079308 1.443540
v -0.740381 -0.070360 1.437580
v -0.736023 -0.080013 1.447460
v -3.212890 1.436040 4.447800
v -3.202680 1.428350 4.437540
v -3.204650 1.443390 4.437390
v -3.052870 1.846920 4.454710
v -3.057980 1.838060 4.444210
v -3.043930 1.840700 4.445370
v -3.051260 1.847100 4.434840
v -1.753430 1.243290 4.570180
v -2.344060 0.757600 4.525650
v -2.358330 0.757591 4.524920
v -2.357240 0.744466 4.530470
v -3.234760 2.132450 4.423550
v -3.250300 2.130020 4.422800
v -3.247730 2.145490 4.421460
v -3.243970 2.137970 4.434820
v -3.050860 1.148950 4.468580
v -3.037860 1.147070 4.459850
v -3.040790 1.161890 4.464380
v -3.049750 1.154520 4.452640
v -2.545390 1.648590 4.482560
v -2.552250 1.656340 4.492850
v -2.559680 1.650700 4.481780
v -3.059710 0.861553 4.469900
v -3.045260 0.860524 4.470970
v -3.057150 0.848623 4.463790
v -3.053900 0.854095 4.480940
v -2.541620 1.543590 4.487780
v -2.552540 1.558980 4.486280
v -2.550570 1.549850 4.498290
v -3.133650 1.835820 4.438230
v -3.140350 1.843000 4.427320
v -3.133640 1.850000 4.437680
v -2.954930 2.044170 4.439490
v -2.959160 2.034890 4.451500
v -2.950730 2.029830 4.440230
v -2.745200 2.457550 4.459620
v -2.731140 2.459140 4.461170
v -2.736180 2.452780 4.449480
v -3.035580 2.359890 4.443580
v -3.045940 2.358200 4.433830
v -3.045050 2.355880 4.453570
v -3.142180 1.843770 4.447160
v -2.946710 1.852270 4.447240
v -2.945870 1.838780 4.442190
v -2.950960 1.846520 4.431120
v -2.653020 1.743900 4.473100
v -2.644510 1.751680 4.464900
v -2.648250 1.750940 4.484410
v -2.653720 1.663100 4.475520
v -2.646080 1.655640 4.466200
v -2.647490 1.656070 4.486140
v -2.748370 1.848810 4.469680
v -2.740150 1.855430 4.460070
v -2.754280 1.855260 4.458060
v -2.353870 1.254150 4.522330
v -2.359820 1.246590 4.511830
v -2.345670 1.247170 4.513050
v -3.154040 1.767350 4.436800
v -3.149400 1.758340 4.426650
v -3.148960 1.758200 4.446610
v -3.140170 1.763690 4.436460
v -2.956450 1.938320 4.451490
v -2.948170 1.931980 4.441690
v -2.950180 1.946010 4.441370
v -2.956320 1.937880 4.431510
v -3.062840 2.051520 4.444860
v -2.841290 2.259960 4.448640
v -3.154700 2.120890 4.442080
v -3.152390 2.123590 4.423240
v -3.158220 2.111410 4.430530
v -3.034390 2.136580 4.441300
v -3.034090 2.150850 4.442460
v -3.041720 2.143470 4.452080
v -3.042310 2.145100 4.432240
v -2.849530 1.945470 4.440400
v -2.975430 2.434070 4.429610
v -2.836440 2.538040 4.453030
v -3.041500 2.346900 4.442320
v -3.154570 2.242490 4.426670
v -3.161050 2.249770 4.437310
v -3.146620 2.249740 4.437350
v -3.235820 2.271850 4.428190
v -3.249670 2.268520 4.427520
v -3.241880 2.262690 4.437950
v -3.266510 2.365190 4.435660
v -3.266210 2.352600 4.428000
v -3.252480 2.354770 4.432900
v -3.234230 2.498150 4.413680
v -3.238320 2.510300 4.400870
v -3.224590 2.509780 4.408820
v -3.238070 2.513280 4.416430
v -2.651530 2.154550 4.476820
v -3.258720 2.362460 4.420000
v -2.957180 2.259870 4.433180
v -2.956580 2.245720 4.431730
v -2.950990 2.252170 4.443440
v -2.948030 2.254310 4.423800
v -3.303730 2.325070 4.433900
v -3.310440 2.326510 4.419360
v -3.293490 2.321290 4.419910
v -3.232930 1.952680 4.440330
v -3.231460 1.952230 4.420400
v -3.239010 1.945060 4.430030
v -3.154630 2.240530 4.446340
v -2.737980 2.449520 4.469110
v -2.437160 2.135240 4.477760
v -2.450680 2.146760 4.483270
v -2.451260 2.134230 4.476670
v -3.241830 1.771380 4.427030
v -3.226270 1.777050 4.420540
v -3.228490 1.763160 4.427440
v -2.757300 2.238330 4.458510
v -2.750280 2.244880 4.447830
v -2.749730 2.246300 4.467750
v -3.138320 1.652460 4.426700
v -3.150680 1.650820 4.434380
v -3.141460 1.647390 4.445240
v -2.751870 1.948720 4.466090
v -2.551130 2.051890 4.483970
v -2.543860 2.141490 4.472820
v -2.549540 2.149180 4.461390
v -2.543650 2.156050 4.472790
v -1.566540 2.143210 4.566350
v -1.566340 2.136060 4.578870
v -1.553790 2.136670 4.568040
v -1.568990 2.129480 4.562720
v -2.555790 1.943050 4.487230
v -2.547600 1.949440 4.477060
v -2.558740 1.936520 4.470370
v 0.117402 0.447510 4.338350
v -2.140880 1.739930 4.517920
v -2.146420 1.745900 4.505760
v -2.141460 1.754130 4.516350
v -2.048460 1.456710 4.524690
v -2.049060 1.458640 4.544550
v -2.056540 1.450530 4.535080
v -1.555770 1.745590 4.569320
v -1.565570 1.748700 4.586080
v -1.551660 1.749880 4.582470
v -1.557240 1.736600 4.581670
v -2.355750 1.718640 4.499360
v -2.363070 1.750400 4.502100
v -2.360850 1.746460 4.483340
v -2.153660 1.657620 4.512630
v -2.140840 1.660320 4.519450
v -2.141300 1.645570 4.520010
v -2.151270 1.655190 4.528550
v -1.950030 2.428570 4.509050
v -1.962560 2.438840 4.516800
v 1.025660 2.649560 4.774490
v -0.855320 1.352570 4.644970
v -0.848910 1.339870 4.647560
v -0.860400 1.336870 4.639310
v -1.333390 0.449205 4.600260
v -1.342360 0.437596 4.600950
v -1.333110 0.438074 4.612350
v -1.251060 0.619087 4.593730
v -1.241490 0.587324 4.589410
v -1.247590 0.588156 4.605260
v -1.255790 0.558539 4.604140
v -1.260400 0.545948 4.597690
v -1.259400 0.551204 4.616570
v -1.248690 0.545846 4.607300
v 0.119906 1.439430 4.242530
v -1.750320 2.147220 4.527790
v -1.745120 2.158160 4.519050
v -1.735880 2.149790 4.526840
v -2.460640 1.368380 4.498980
v -2.460020 1.353420 4.498100
v -2.466280 1.360990 4.486760
v -2.430580 1.358110 4.502720
v -0.261791 0.546490 4.664870
v -0.260853 0.546118 4.684780
v -0.252355 0.540319 4.674290
v -3.042580 1.039280 4.466790
v -3.049280 1.045510 4.455640
v -3.045120 1.053470 4.467070
v -3.053120 1.044440 4.475180
v -0.869479 1.137750 4.657670
v -0.863865 1.142150 4.639160
v -0.866349 1.150670 4.651060
v -2.368080 1.659400 4.501940
v -2.360120 1.646940 4.504110
v -2.352550 1.676190 4.508330
v -1.443130 0.709139 4.587750
v -1.444690 0.721386 4.595830
v -1.454040 0.710170 4.597920
v -1.156700 0.353712 4.620800
v -1.156930 0.339730 4.617910
v -1.145610 0.343031 4.625960
v -2.945200 0.059299 4.476300
v -1.149070 0.448065 4.626380
v -1.154130 0.456003 4.615790
v -1.147220 0.447852 4.606480
v -1.350720 -0.033695 4.549820
v -1.349190 -0.044235 4.559380
v -1.357560 -0.031289 4.564280
v -1.247320 0.337417 4.609670
v -1.639640 0.650032 4.573240
v -1.647380 0.655822 4.562760
v -1.640260 0.664262 4.572590
v -1.238280 0.050163 4.601220
v -1.238250 0.037468 4.608420
v -1.251630 0.042692 4.605850
v -1.043250 0.243727 4.626990
v -1.057050 0.246727 4.626160
v -1.048360 0.252639 4.616690
v -1.049560 0.252628 4.636620
v -0.948733 0.144836 4.643940
v -0.941217 0.152885 4.634280
v -0.955827 0.152231 4.633360
v -0.943503 0.140346 4.627050
v 1.456040 0.449286 2.825410
v 1.460920 0.457489 2.836020
v 1.452290 0.450518 2.845000
v -0.664228 0.045446 4.643230
v -1.065150 0.134810 4.623090
v -1.051350 0.137313 4.620630
v -1.058800 0.139370 4.635000
v -0.351402 0.466330 4.681380
v -0.341597 0.469199 4.670880
v -0.354727 0.475167 4.670470
v -1.040570 0.442864 4.621420
v -1.440740 0.557895 4.596980
v -1.454600 0.561039 4.595160
v -1.452260 0.549670 4.603560
v -1.329500 0.432534 4.595990
v -1.256390 0.148176 4.608490
v -1.269090 0.156914 4.610610
v -1.271220 0.142510 4.616100
v -1.048430 0.352710 4.626380
v -1.448360 0.144673 4.619510
v -1.443670 0.152614 4.608690
v -1.450460 0.143895 4.599740
v 0.646966 2.206160 4.601060
v 0.649990 2.238440 4.622120
v 0.637323 2.232440 4.619290
v -1.530530 0.139519 4.614580
v -1.536540 0.132836 4.602990
v -1.527030 0.140637 4.595000
v -0.031753 0.623503 4.688510
v -0.035090 0.613773 4.678790
v -0.035060 0.614181 4.698630
v -0.374358 0.144736 4.687710
v -0.381614 0.150093 4.675600
v -0.378289 0.135361 4.675840
v -1.240320 0.241139 4.611950
v -1.247890 0.247570 4.622190
v -1.247740 0.248476 4.602220
v -1.240620 0.255389 4.612600
v -0.850647 0.048997 4.621300
v -0.853829 0.034343 4.626010
v -0.850021 0.042351 4.638980
v -1.848450 0.144663 4.590440
v -1.841620 0.137296 4.580410
v -1.846800 0.146231 4.570680
v -0.839615 0.040695 4.628160
v -1.449000 0.553085 4.584630
v -1.063270 0.148324 4.619000
v -0.567628 0.242121 4.648770
v -0.574128 0.232199 4.658470
v -0.569435 0.242932 4.668360
v -1.507400 0.239713 4.612030
v -1.508750 0.233100 4.593830
v -1.897440 -0.036830 4.556960
v -1.908070 -0.046202 4.557300
v -1.907300 -0.034457 4.547060
v -1.907120 -0.029671 4.564440
v -3.134770 0.343839 4.479970
v -3.126090 0.351126 4.468540
v -3.140320 0.345257 4.463800
v -2.471510 1.359680 4.505450
v -2.436040 1.348870 4.513710
v -2.447680 0.945484 4.524670
v -2.439360 0.951537 4.514530
v -2.453560 0.952042 4.513470
v -2.446270 0.943326 4.504860
v -1.334290 0.066999 4.616020
v -1.343760 0.069724 4.605400
v -1.335790 0.057485 4.605040
v -2.530330 0.282531 4.524310
v -2.544610 0.269599 4.527850
v -2.538810 0.274396 4.514590
v -0.808539 1.079380 4.653380
v -0.799386 1.073180 4.663510
v -0.800241 1.104480 4.671170
v -1.367320 0.631573 4.604970
v -1.360400 0.619731 4.596580
v -1.328950 0.616748 4.600930
v -1.359410 0.635041 4.591770
v -2.053390 0.252332 4.567350
v -2.053400 0.251110 4.547450
v -2.060940 0.244007 4.557880
v 0.119668 0.269805 4.330240
v 0.127546 0.266756 4.318270
v 0.117954 0.277519 4.318180
v -1.358760 0.547875 4.589880
v -1.334620 0.551291 4.594960
v -1.338770 0.544492 4.610780
v -2.041470 1.157000 4.536850
v -2.056450 1.155090 4.538580
v -2.048770 1.150980 4.551030
v -0.769819 0.996844 4.642900
v -0.781636 0.988980 4.644670
v -0.769473 0.986812 4.653100
v -1.234380 0.581022 4.601610
v -1.147620 0.625239 4.616270
v -1.161020 0.629260 4.610100
v -1.160890 0.614431 4.613810
v -1.233320 0.596435 4.601160
v -1.238730 0.618283 4.603250
v -1.252250 0.619388 4.610950
v -1.151940 0.621307 4.600710
v -1.206890 0.632797 4.590640
v -1.244820 0.452318 4.606040
v -1.258970 0.451879 4.605110
v -1.252470 0.445282 4.615860
v -1.209490 0.640581 4.607620
v -1.021480 0.617958 4.620420
v -1.372460 0.626757 4.588590
v -1.332470 0.607615 4.611310
v -1.328890 0.605823 4.591740
v -1.251140 0.444408 4.595930
v -1.255430 0.739150 4.622910
v -1.254280 0.742497 4.607160
v -1.222700 -0.002824 4.588440
v -1.227890 -0.003754 4.605240
v -1.236470 0.004398 4.593820
v -2.752640 0.066081 4.510210
v -1.464340 0.250617 4.602520
v 0.028494 0.395580 4.699580
v 0.018893 0.393925 4.710610
v 0.021710 0.383293 4.701650
v -1.148790 0.236807 4.620340
v -1.142540 0.251294 4.620240
v -1.158050 0.253766 4.618740
v -1.150370 0.246010 4.609590
v -1.238570 -0.034976 4.563490
v -1.222300 0.009228 4.598460
v -2.814730 0.465790 4.495000
v -2.824940 0.506054 4.493310
v -2.815360 0.479367 4.504220
v -2.982880 0.411029 4.479860
v -2.987330 0.409926 4.499220
v -1.519790 0.083760 4.593730
v -1.530510 0.078889 4.602270
v -1.521170 0.080394 4.613330
v -1.341590 -0.028898 4.563400
v -1.517690 0.072008 4.601990
v -1.041010 -0.080028 1.856830
v -1.047830 -0.070732 1.844430
v -1.033590 -0.070797 1.848100
v -1.040290 -0.063225 1.858790
v -2.843130 0.169322 4.501880
v -2.869060 0.143269 4.487960
v -2.875000 0.147073 4.501150
v -2.860680 0.137327 4.498830
v -3.045770 0.431616 4.479070
v -3.040700 0.444777 4.477080
v -3.050910 0.443437 4.486920
v -3.050080 0.440158 4.467400
v -3.199920 0.661900 4.453450
v -3.204550 0.650972 4.463180
v -3.192370 0.648549 4.454150
v -2.913120 -0.015383 4.495630
v -2.906860 -0.004492 4.483260
v -2.923050 -0.011404 4.484140
v -2.859940 -0.004182 4.488750
v -2.845720 -0.005056 4.487170
v -2.853330 -0.010932 4.476540
v -2.851470 -0.015109 4.495610
v -2.833390 0.162640 4.493310
v -0.648147 -0.065674 2.028270
v -0.648348 -0.066866 2.012620
v -0.633091 -0.065323 2.015950
v -3.138330 0.049215 4.467320
v -2.910260 -0.019295 4.481070
v -2.828930 0.472081 4.498530
v -2.829800 0.508311 4.512520
v -2.455410 0.345573 4.526680
v -2.448890 0.352989 4.537120
v -2.448070 0.353501 4.517220
v -2.441060 0.345327 4.527270
v -3.137400 0.538827 4.478440
v -3.143290 0.532830 4.465670
v -3.128150 0.533613 4.467650
v -2.836420 0.162722 4.513040
v -2.829190 0.170965 4.504020
v -2.551690 0.455294 4.522720
v -2.553580 0.442786 4.516070
v -2.539320 0.442925 4.517040
v -2.545950 0.449713 4.506160
v -2.052000 0.942279 4.547310
v -2.053400 0.956618 4.547210
v -2.045450 0.949850 4.536950
v -2.150000 0.949249 4.548350
v -2.142350 0.940204 4.540060
v -2.148100 0.946955 4.528640
v -3.127790 0.335164 4.469760
v -2.759940 0.163687 4.505950
v -2.759260 0.149560 4.506080
v -2.753190 0.156141 4.517030
v -2.750190 0.156101 4.497420
v -2.946530 0.138214 4.499260
v -2.944770 0.143617 4.481330
v -2.954230 0.133171 4.487120
v -2.939330 0.130032 4.487640
v -3.203740 0.650420 4.444000
v -3.144540 0.261214 4.467580
v -2.819420 0.464609 4.510180
v -2.642000 0.841072 4.516690
v -2.638670 0.836755 4.497980
v -2.641110 0.850599 4.504500
v -3.139420 0.547470 4.463560
v -3.066080 0.357068 4.480170
v -3.134800 0.458178 4.474120
v -3.140010 0.467257 4.464200
v -3.135180 0.457993 4.454260
v -3.063810 0.741801 4.467300
v -1.745960 1.151800 4.558830
v -1.759610 1.139480 4.554070
v -1.760480 1.153170 4.559020
v -1.755550 1.143830 4.569080
v -1.954890 0.241731 4.566830
v -1.944160 0.253599 4.575690
v -1.945640 0.249095 4.558030
v -2.750900 1.452890 4.465150
v -2.752950 1.450420 4.484830
v -2.758910 1.459820 4.475280
v -3.211430 0.770571 4.462630
v -3.198550 0.777296 4.456340
v -3.205650 0.769833 4.444320
v -3.201640 1.057030 4.448480
v -2.819110 0.513545 4.504250
v -2.732520 0.449779 4.496460
v -2.740740 0.461474 4.502650
v -2.725990 0.460806 4.503920
v -2.733880 0.455062 4.515070
v -2.979180 0.841827 4.469880
v -2.970550 0.847709 4.460020
v -2.970540 0.847279 4.479980
v -2.772710 0.276204 4.504440
v -3.125870 0.464425 4.463960
v -3.203470 0.156719 4.476380
v -3.195730 0.162926 4.463270
v -3.210520 0.156123 4.461020
v -3.053740 0.056562 4.485070
v -2.253470 0.350367 4.532290
v -2.246360 0.344212 4.543310
v -2.260760 0.342629 4.542880
v -2.870800 0.050464 4.492530
v -2.865920 0.058775 4.503410
v -2.859420 0.064638 4.491810
v -0.669919 -0.089578 1.449280
v -0.677757 -0.079561 1.442270
v -0.668830 -0.069726 1.448140
v -1.668450 -0.028295 4.541180
v -2.254310 0.352700 4.551950
v -2.440410 0.642463 4.510080
v -2.436000 0.634411 4.520890
v -2.449740 0.637819 4.520110
v -2.819690 0.071115 4.513530
v -2.813440 0.065035 4.497490
v -2.817530 0.080876 4.500280
v -2.155890 0.152561 4.564870
v -2.142740 0.143513 4.562460
v -2.143210 0.157852 4.560120
v -1.652410 0.048835 4.592040
v -1.646120 0.057789 4.579200
v -1.658250 0.046512 4.575970
v -1.434620 0.250437 4.597750
v -1.509200 0.248011 4.598800
v -0.448394 0.252497 4.656930
v -0.446349 0.253426 4.676460
v -0.438774 0.260794 4.665420
v -1.358720 0.027548 4.596660
v -0.741364 -0.079610 1.835900
v -0.737816 -0.069601 1.826510
v -0.742357 -0.059647 1.835520
v -0.553275 -0.085761 1.556400
v -0.561264 -0.072641 1.552040
v -0.545859 -0.075562 1.549020
v -0.533244 -0.073398 1.627010
v -0.547647 -0.073720 1.626690
v -0.540944 -0.063212 1.633920
v -0.540520 -0.083135 1.634950
v -0.749648 -0.061437 2.110190
v -0.838270 -0.058029 1.930270
v -0.845709 -0.067977 1.922510
v -0.846512 -0.070065 1.936980
v -0.751146 -0.070174 1.831300
v -0.853118 -0.067027 1.654690
v -0.853973 -0.075987 1.643570
v -0.866928 -0.075318 1.649610
v -0.568805 -0.067617 1.929010
v -0.561045 -0.076876 1.921440
v -0.562809 -0.056997 1.921620
v 0.197161 0.435028 2.916160
v 0.208262 0.434193 2.907010
v 0.216733 0.432705 2.918570
v 0.143964 0.456637 3.521600
v 0.154955 0.462488 3.510940
v 0.154929 0.448379 3.515770
v 0.108501 0.533608 4.457950
v 0.110175 0.547027 4.462840
v 0.119497 0.537299 4.467850
v 0.341483 -0.083636 0.548741
v 0.349095 -0.094710 0.542519
v 0.334635 -0.094395 0.541891
v -0.661227 -0.085794 1.544160
v -0.745574 -0.051236 2.242560
v -0.734650 -0.060399 2.240580
v -0.743729 -0.070717 2.244860
v -0.340968 -0.091167 0.955544
v -0.341906 -0.090415 0.940965
v -0.352946 -0.082872 0.946934
v -0.351834 -0.100237 0.945316
v -0.740809 -0.086573 1.541690
v -0.734701 -0.076335 1.533480
v -0.739955 -0.075347 1.550770
v -0.840300 -0.051629 2.280130
v -0.833178 -0.064019 2.286910
v -0.837475 -0.066439 2.271880
v -0.781160 -0.018142 4.575530
v -0.759457 -0.008559 4.599610
v -0.782860 -0.034102 4.583580
v -0.024068 0.611623 4.688740
v 0.451858 0.651140 2.829530
v 0.459714 0.657254 2.819440
v 0.451589 0.651125 2.809580
v 0.458826 0.643111 2.819460
v 0.440476 -0.072359 1.746740
v -0.853009 -0.018710 4.617290
v -0.850453 -0.006403 4.602060
v -0.859406 -0.005227 4.614310
v -0.451917 0.358063 4.656440
v -0.445919 0.350761 4.667230
v -0.455189 0.357113 4.676140
v -0.467155 0.031686 4.655710
v -0.454225 0.032024 4.649290
v -0.454438 0.042354 4.659380
v -0.633596 -0.016088 4.577390
v -0.655072 0.165677 4.645000
v -0.661623 0.176957 4.652010
v -0.648043 0.173371 4.654820
v -0.658055 0.169483 4.664300
v -0.461053 0.043487 4.643760
v -0.263130 0.858954 4.693100
v -0.271989 0.845718 4.690110
v -0.269234 0.853564 4.707110
v -0.367031 0.148574 4.671970
v -1.291690 0.711594 4.595660
v -0.324335 0.966773 4.693270
v -0.330220 0.953449 4.692910
v -0.336832 0.962570 4.683670
v -0.767480 0.339890 4.643300
v -1.032650 0.550678 4.610210
v -1.024870 0.556805 4.622170
v -1.036210 0.548963 4.629310
v -1.154960 0.537889 4.612160
v -1.144440 0.544647 4.602980
v -1.139620 0.536285 4.613810
v -1.146310 0.545740 4.622370
v 0.084908 1.359250 4.215930
v 0.098485 1.357500 4.224100
v 0.115745 1.328670 4.232410
v -0.278664 1.137900 4.686770
v -0.269657 1.153150 4.694420
v -0.266250 1.145770 4.680800
v 0.259548 0.657529 2.810160
v 0.236620 0.652724 2.785910
v 0.234686 0.661813 2.797570
v 0.229493 0.649163 2.803530
v -0.876898 1.142010 4.645800
v -0.241025 0.153867 4.696700
v -0.241518 0.153635 4.676810
v -0.234694 0.162567 4.686490
v -0.235095 0.838608 4.699300
v -0.250173 0.827858 4.705000
v -2.647480 1.459830 4.482980
v -2.656640 1.454870 4.492630
v -2.654820 1.453200 4.472790
v -0.647217 0.282486 4.650140
v 0.137328 0.389305 4.245910
v 0.118544 0.390484 4.240280
v 0.124722 0.391833 4.254240
v -0.266264 0.537462 4.674890
v -0.132838 0.186012 4.684700
v -0.129205 0.199294 4.689480
v -0.137793 0.193874 4.699940
v 0.124016 1.335510 4.244620
v -0.048213 0.054099 4.695590
v -0.055206 0.051246 4.682700
v -0.042866 0.057825 4.677420
v -0.494459 -0.033740 4.518370
v -0.503951 -0.021792 4.522300
v -0.494251 -0.020796 4.509920
v -0.543392 0.663481 4.642850
v 0.556501 0.653644 2.823630
v 0.555819 0.639486 2.823270
v 0.548988 0.646733 2.813180
v 0.548190 0.646267 2.833110
v -1.140110 0.454441 4.617110
v -0.554967 0.036515 4.650720
v -0.543999 0.043089 4.643650
v -0.547079 0.038592 4.662840
v -0.488935 -0.019350 4.526410
v -3.198370 0.146811 4.465110
v -0.417650 -0.014399 4.629190
v -0.428675 -0.009481 4.638300
v -0.415508 -0.002815 4.641620
v 0.085362 0.164889 4.689860
v 0.088816 0.157094 4.705390
v 0.094434 0.153220 4.692090
v -0.362589 -0.017171 4.649820
v -0.372203 -0.017268 4.639010
v -0.364490 -0.006588 4.633020
v -0.756150 0.030219 4.644170
v -0.752566 0.038114 4.626380
v -0.765102 0.032511 4.632380
v -3.073170 0.288742 4.470450
v -0.857263 0.560818 4.624290
v -0.850443 0.568258 4.634550
v -0.858291 0.561057 4.644240
v -1.437390 0.235983 4.599450
v -0.978270 0.367151 4.627890
v -0.976690 0.352927 4.628870
v -0.970716 0.361130 4.639010
v -1.348400 0.354072 4.605970
v -1.360190 0.341623 4.605040
v -1.350540 0.343564 4.615380
v -1.149700 0.346836 4.607860
v -1.855980 0.244535 4.588110
v -1.862240 0.237054 4.577830
v -1.848180 0.236316 4.579430
v -1.382330 0.369402 4.599750
v -1.142040 0.734218 4.633190
v -1.138470 0.722236 4.620230
v -1.140530 0.738654 4.616990
v -0.911018 -0.005695 4.607920
v -0.922420 -0.007821 4.595180
v -0.919548 -0.020794 4.606150
v -0.542076 0.168461 4.675610
v -0.532497 0.163908 4.665000
v -0.538023 0.177852 4.665260
v -0.546107 0.162912 4.658770
v 0.151836 0.555263 3.471890
v 0.158791 0.543408 3.478240
v 0.151772 0.554657 3.506180
v -0.779363 0.160893 4.652120
v -0.781570 0.148254 4.645560
v -0.767307 0.147963 4.647590
v -0.355779 0.366738 4.678630
v -0.359853 0.371639 4.662020
v -0.355014 0.380183 4.672880
v -0.440568 0.132441 4.673960
v -0.447961 0.128186 4.662370
v -0.448898 0.123589 4.681680
v -0.355461 0.042251 4.676210
v -0.352557 0.050384 4.658310
v -0.364709 0.045402 4.665110
v -0.560503 0.236180 4.659560
v -0.037294 -0.018707 4.652000
v -0.025698 -0.011855 4.644120
v -0.025892 -0.027359 4.642360
v -0.440386 0.118435 4.670640
v -0.942530 0.046297 4.617710
v -0.949996 0.034698 4.621410
v -0.960169 0.044711 4.620890
v -0.277580 -0.019454 4.615110
v -0.280897 -0.019650 4.632280
v -0.268803 -0.023873 4.625660
v -0.369384 0.377396 4.672500
v -0.419479 -0.019040 4.645570
v -0.766005 -0.019618 4.610670
v -0.353314 0.036668 4.662990
v -0.347718 0.261107 4.686570
v -0.339967 0.253262 4.677710
v -0.344747 0.261013 4.666880
v 0.099923 0.539239 4.469230
v -0.550681 0.049649 4.654490
v -0.278390 -0.034341 4.623130
v 0.059813 0.229448 4.700720
v 0.097229 0.228748 4.654420
v 0.104229 0.229509 4.642000
v 0.110702 0.236457 4.652660
v -0.262840 0.075873 4.673540
v -0.252260 0.061539 4.680070
v -0.260680 0.071789 4.688650
v 0.126346 0.379740 4.246280
v -0.164977 0.253041 4.697350
v -0.170123 0.241654 4.688740
v -0.155014 0.244021 4.689950
v -0.021861 -0.021222 4.657070
v 2.232610 0.356836 3.448670
v 2.220420 0.347313 3.448720
v 2.230640 0.347402 3.460780
v 2.236820 0.342352 3.445220
v -0.249084 0.076400 4.679980
v -0.053125 0.065611 4.686260
v 0.093805 0.239179 4.643310
v 1.159580 1.554320 4.847900
v 1.158090 1.565180 4.837800
v 1.169170 1.566280 4.848330
v 1.156700 1.565590 4.857220
v 0.063192 0.169105 4.706570
v 0.062996 0.153277 4.709130
v 0.080090 0.149172 4.693250
v -0.260995 0.442763 4.681940
v -0.246882 0.440960 4.683090
v -0.253829 0.434885 4.672200
v -0.032885 0.417650 4.694610
v -0.030557 0.427255 4.684430
v -0.022680 0.431934 4.695260
v -0.445111 0.655238 4.659770
v -0.454899 0.649575 4.669480
v -0.448097 0.640988 4.659890
v -0.551488 0.448764 4.666330
v -0.244545 0.830377 4.691710
v 0.057414 0.349090 4.692510
v 0.072531 0.345574 4.691460
v 0.069306 0.353203 4.704620
v 0.062239 0.555799 4.682330
v 0.070126 0.547269 4.695410
v 0.071368 0.543486 4.680490
v 0.057605 0.540335 4.686730
v 0.100835 0.386829 4.493980
v 0.108713 0.395645 4.503150
v 0.120331 0.388210 4.497360
v 0.117363 0.338467 4.317820
v -0.636387 0.459688 4.650730
v -0.639313 0.444118 4.653060
v -0.642872 0.451227 4.641080
v -1.648960 0.953656 4.553250
v -1.657030 0.949080 4.563950
v -1.648440 0.955639 4.573100
v -1.643320 0.945527 4.563950
v 0.012104 -0.016906 4.679030
v 0.006302 -0.018339 4.665920
v 0.015943 -0.008518 4.661660
v 0.005017 -0.005308 4.671930
v 0.042026 0.264788 4.691500
v -0.156504 0.716686 4.695290
v -0.141405 0.717669 4.689020
v -0.140635 0.745166 4.711250
v -0.447698 0.763029 4.681300
v -0.452565 0.751641 4.689000
v -0.452536 0.755856 4.669550
v -0.143026 0.434767 4.697880
v -0.134138 0.439493 4.687910
v -0.147854 0.442987 4.687260
v -0.039243 0.433982 4.693410
v -0.129101 0.075859 4.676890
v -0.124061 0.063889 4.684820
v -0.128903 0.072608 4.696320
v -0.142350 -0.088599 0.936961
v -0.150604 -0.098382 0.945475
v -0.153495 -0.080846 0.948943
v 0.116338 -0.020321 4.655930
v 0.108770 -0.005280 4.656540
v 0.114463 -0.009910 4.641370
v -0.937937 0.227376 4.634010
v -0.951436 0.231927 4.632670
v -0.941431 0.237020 4.623800
v -0.943545 0.236599 4.643650
v -0.564564 0.359683 4.655500
v -0.562271 0.350532 4.644830
v -0.570807 0.342913 4.653310
v 0.050124 0.160517 4.702880
v 0.070151 0.360940 4.690980
v -0.461755 0.759234 4.680450
v -0.155187 0.608178 4.672370
v -0.160828 0.575806 4.682430
v -0.154287 0.602916 4.691070
v -0.153912 0.720203 4.678760
v 0.093790 0.140375 4.663910
v 0.049939 0.696562 4.681270
v 0.043023 0.708134 4.674990
v 0.051675 0.708876 4.689420
v 0.037313 0.699065 4.688710
v 0.073135 1.256900 4.169220
v 0.078397 1.257930 4.155160
v 0.079798 1.269980 4.165900
v -0.855686 0.246234 4.649150
v -0.787058 1.247080 4.639360
v -0.784014 1.246480 4.656860
v -0.795529 1.238910 4.649580
v -0.796821 1.254420 4.650340
v 0.118331 0.524895 4.332720
v -0.053897 0.230130 4.694020
v -0.039446 0.235555 4.700070
v -0.050247 0.247558 4.696320
v 0.042911 0.749695 4.727730
v 0.049142 0.758237 4.718260
v 0.039210 0.753397 4.709350
v 0.109579 0.381256 4.504030
v -0.255556 0.434062 4.692090
v -1.461640 2.251070 4.586810
v -0.443426 0.822811 4.687010
v -0.443695 0.815172 4.674110
v -0.454363 0.810276 4.685940
v -1.521640 1.110430 4.607980
v -1.519110 1.121460 4.599400
v -1.527440 1.119870 4.616850
v 1.256180 1.946150 4.837150
v 1.247560 1.942240 4.824640
v 1.262860 1.939240 4.822870
v -0.748122 0.749374 4.670780
v -0.754600 0.758523 4.661660
v -0.745722 0.753549 4.651400
v 1.567960 0.117695 2.842990
v 1.576180 0.106526 2.851250
v 1.561390 0.103636 2.846290
v -0.461016 0.467135 4.660980
v -0.451227 0.457650 4.670840
v -0.450340 0.455547 4.653570
v -0.864692 0.157091 4.628590
v -0.739187 0.247401 4.640600
v -0.750622 0.256905 4.643940
v -0.748394 0.247795 4.655950
v -0.755049 0.242502 4.641660
v -0.664982 0.331318 4.660100
v -0.662601 0.333663 4.640440
v -0.673194 0.327851 4.648580
v -0.653503 0.454585 4.650160
v 1.075350 1.959860 4.811170
v 1.061460 1.956700 4.810590
v 1.064490 1.952760 4.823960
v -0.906219 1.170040 4.641550
v -0.915430 1.164550 4.630320
v -0.918467 1.164660 4.649420
v -0.947535 0.558953 4.627030
v -0.955153 0.551192 4.636730
v -0.945610 0.544708 4.628090
v -1.545230 0.901976 4.602210
v -1.535320 0.878498 4.606210
v -1.542020 0.909624 4.617100
v -0.969854 0.633645 4.625580
v -0.975913 0.627828 4.613350
v -0.984101 0.635542 4.622740
v -0.953495 0.447911 4.628400
v -0.953759 0.456413 4.616690
v -0.944501 0.460523 4.627030
v -1.520590 0.884873 4.602570
v -1.530750 0.907592 4.605950
v -1.150890 0.729759 4.622360
v -1.052020 0.034415 4.614870
v -0.837968 0.335779 4.628450
v -0.830376 0.329855 4.640140
v -0.839543 0.339126 4.647860
v -0.663405 0.641001 4.649510
v -0.665925 0.625449 4.647220
v -0.650201 0.627870 4.646650
v -0.555374 0.546621 4.666710
v -0.554192 0.548383 4.646980
v -0.560409 0.537959 4.655660
v 0.067855 1.342940 4.116980
v 0.085310 1.341970 4.124350
v 0.076243 1.331440 4.120010
v 0.071563 1.338240 4.132000
v -0.462073 0.452339 4.662140
v -0.268706 1.066810 4.686980
v -0.266118 1.057150 4.697290
v -0.261686 1.057160 4.678990
v -0.276715 1.055050 4.685030
v -0.246551 -0.099687 0.944091
v -0.240079 -0.089898 0.936179
v -0.246766 -0.079701 0.943363
v 0.102485 0.634627 4.635520
v 0.099143 0.637039 4.651360
v 0.103706 0.648995 4.642040
v 1.945800 1.851120 4.787280
v 1.968220 1.843230 4.799900
v 1.955440 1.834190 4.801880
v 0.543012 0.340897 2.829650
v 0.552151 0.347955 2.821000
v 0.556870 0.341582 2.832810
v -0.791331 1.335070 4.653770
v 0.210044 -0.051065 1.867610
v 0.212608 -0.061854 1.857020
v 0.199915 -0.061029 1.864210
v -1.052040 0.729969 4.634140
v -1.060420 0.718795 4.630040
v -1.051290 0.717468 4.641300
v 1.256700 1.746550 4.835040
v 1.246930 1.752070 4.825870
v 1.248120 1.751240 4.845740
v 1.242960 1.741960 4.835670
v -1.533560 1.116150 4.602810
v 1.109940 -0.052215 1.605140
v 1.107830 -0.062509 1.594910
v 1.108870 -0.043873 1.593130
v -0.658805 0.634923 4.636590
v -0.968762 0.359983 4.619220
v 0.147523 0.643180 3.479970
v 0.157450 0.634173 3.485160
v 0.165688 0.645954 3.485270
v 0.160640 0.638657 3.471880
v -0.864725 0.568439 4.633820
v -0.656278 0.555167 4.659310
v -0.654625 0.552944 4.639520
v -0.649841 0.545842 4.650800
v -0.646609 0.559576 4.649530
v -2.044550 0.950085 4.556860
v -0.830685 0.343980 4.637680
v -0.953040 0.550004 4.616940
v -0.858241 0.764010 4.655510
v -0.844036 0.765256 4.654970
v -0.850183 0.758237 4.644170
v -0.962250 0.463485 4.626040
v -0.765846 0.627404 4.650720
v -0.755033 0.624402 4.641780
v -0.763381 0.628691 4.630930
v -0.903803 1.072130 4.641980
v -0.913100 1.064880 4.632870
v -0.911559 1.064690 4.652300
v -0.335279 0.962711 4.702960
v -0.984836 0.620912 4.622970
v -0.912827 0.872872 4.641920
v -0.914090 0.890085 4.646590
v -0.901980 0.881026 4.649030
v -0.242369 0.763188 4.693450
v -0.251172 0.778803 4.700990
v -0.258064 0.769805 4.710750
v -0.262946 0.773677 4.693320
v -0.754871 0.451643 4.632030
v -0.756356 0.450755 4.651910
v -0.764322 0.445289 4.641050
v -0.753069 0.024340 4.631170
v -1.029870 -0.020571 4.572430
v -1.030010 -0.033866 4.583800
v -1.038930 -0.021168 4.585080
v -0.774731 -0.005417 4.607590
v -0.555305 0.344176 4.655580
v 0.096317 1.373050 4.221340
v 0.085968 1.365690 4.229600
v -0.761917 0.459480 4.641870
v -0.142349 0.433693 4.677930
v 0.110617 0.447578 4.462030
v 0.116500 0.458809 4.471450
v 0.100724 0.457604 4.469170
v 0.108184 0.461834 4.455680
v -0.143957 0.602161 4.680250
v -0.152070 0.574458 4.670680
v 2.244150 0.653052 3.343240
v 2.224180 0.653421 3.342930
v 2.233930 0.648300 3.352020
v -0.355373 0.519640 4.672660
v -0.350212 0.527386 4.661870
v -0.341336 0.522091 4.672540
v 1.326340 0.146095 2.788270
v 1.361970 0.139783 2.810320
v 1.352430 0.132970 2.798380
v 1.325360 0.148614 2.802170
v 1.209850 -0.037517 2.339440
v 1.207050 -0.041101 2.324000
v 1.221990 -0.043586 2.329440
v 1.545800 0.735482 2.861730
v 1.552160 0.737289 2.846090
v 1.561530 0.743538 2.858790
v 0.196816 0.596057 2.989900
v 0.201912 0.598718 3.005930
v 0.204683 0.607501 2.994540
v -0.649027 0.747977 4.677190
v -0.656374 0.755404 4.665800
v -0.643698 0.750453 4.658480
v -0.058201 0.557190 4.688090
v -0.044316 0.543156 4.689730
v -0.043652 0.557730 4.689180
v -0.049516 0.550610 4.677860
v -0.131576 0.750526 4.698860
v -0.337786 0.839383 4.693210
v 0.107934 0.684782 4.584670
v 0.112009 0.679432 4.571720
v 0.105419 0.669327 4.579940
v -0.446812 0.364901 4.667760
v -0.790273 1.073320 4.651600
v -0.797101 1.109070 4.652730
v -0.050181 0.754592 4.707350
v -0.860400 1.340930 4.656280
v -0.855927 1.045600 4.650970
v -0.862462 1.063750 4.646440
v -0.860975 1.056750 4.659560
v -0.874311 1.443730 4.642490
v -1.517260 1.213010 4.593040
v -1.521600 1.203760 4.602830
v -1.524030 1.214460 4.611760
v -1.510750 1.212230 4.606100
v -0.917018 1.360240 4.629090
v -0.908686 1.352560 4.639170
v -0.917494 1.360670 4.648470
v -1.658160 1.453340 4.558870
v -1.658200 1.439010 4.558530
v -1.653590 1.445720 4.570330
v -1.178240 0.709602 4.599560
v -0.335747 1.047150 4.682830
v -0.326250 1.056530 4.688800
v -0.324525 1.040750 4.689690
v -0.339398 1.048260 4.696950
v -0.643186 0.758821 4.670010
v -0.438241 0.807165 4.687450
v -1.950380 0.747394 4.566150
v -1.954280 0.754828 4.549330
v -1.958400 0.742142 4.555180
v 0.108186 1.332680 4.247000
v -1.333190 0.727752 4.603490
v -1.460590 0.073229 4.601740
v -1.648030 0.656711 4.582650
v -0.903200 1.057240 4.641790
v -1.860790 0.457340 4.566120
v -1.874280 0.452620 4.564500
v -1.870770 0.464330 4.556930
v -0.556347 0.833228 4.655080
v -0.557178 0.837674 4.673540
v -0.548709 0.827216 4.666650
v -0.648216 0.816251 4.680150
v -1.349780 0.706799 4.585190
v -1.448440 0.759772 4.603190
v -1.457450 0.759986 4.614330
v -1.449780 0.748669 4.618610
v -1.459770 0.748604 4.605940
v -1.658280 1.245540 4.568790
v -1.649450 1.238500 4.560280
v -1.655210 1.244880 4.549050
v -1.663390 1.237340 4.558150
v -1.436980 0.626861 4.601730
v -1.431250 0.617171 4.592200
v -1.437740 0.625539 4.581930
v 0.063671 1.263220 4.159370
v -1.449910 0.721172 4.582030
v -0.848824 -0.064186 2.284590
v -1.450950 0.454884 4.601650
v -1.437000 0.454903 4.596050
v -1.447000 0.452660 4.583640
v -1.445690 0.441706 4.594850
v -1.525380 0.880030 4.619240
v -1.542160 0.918625 4.604160
v -1.747290 0.950005 4.554470
v -1.740450 0.942141 4.564610
v -1.748330 0.949568 4.574300
v -1.416540 0.441903 4.597680
v -0.862353 0.934277 4.647370
v -1.841790 0.544262 4.563340
v -1.838120 0.538091 4.579660
v -1.829300 0.544413 4.570330
v -1.445670 0.619471 4.592600
v -1.508460 1.070390 4.605150
v -1.519810 1.070980 4.614930
v -1.525640 1.069100 4.601150
v -1.656210 0.858954 4.571770
v -1.657400 0.850062 4.559550
v -1.669610 0.851874 4.572110
v -1.749740 1.550310 4.542190
v -1.743550 1.557720 4.552790
v -1.747040 1.545620 4.559630
v -1.757850 1.558140 4.551880
v -1.954790 1.351630 4.535370
v -1.958270 1.339390 4.542590
v -1.951820 1.347920 4.552580
v -2.556280 1.047870 4.498750
v -2.527920 1.028020 4.497560
v -2.530630 1.041970 4.498910
v -2.555780 1.056260 4.513140
v -1.849230 1.138150 4.569620
v -1.847950 1.137940 4.549680
v -1.841290 1.130640 4.560200
v -2.140450 1.262310 4.530350
v -2.150070 1.253820 4.539600
v -2.154050 1.249690 4.524860
v -2.038500 1.259240 4.539350
v -2.045960 1.251970 4.549240
v -2.045830 1.252050 4.529300
v -2.151200 1.454650 4.532240
v -2.144590 1.454640 4.513370
v -2.140620 1.461470 4.525350
v -3.051690 1.643930 4.442150
v -3.054220 1.658560 4.438040
v -3.038580 1.652000 4.442530
v -1.950490 1.652950 4.517390
v -1.958330 1.646940 4.527630
v -1.955930 1.662040 4.528440
v -2.055190 1.645440 4.528050
v -2.041090 1.646540 4.528080
v -2.048290 1.653780 4.537870
v -2.148030 1.352080 4.540470
v -2.143350 1.360410 4.527530
v -2.156780 1.351620 4.528600
v -2.139280 1.345180 4.530750
v -2.255020 0.946965 4.520620
v -2.247720 0.953943 4.530730
v -2.255290 0.946835 4.540540
v -2.261930 0.955380 4.530540
v -1.847320 1.445700 4.539580
v -1.840440 1.439150 4.550810
v -1.854390 1.440680 4.555370
v -2.265700 1.749320 4.505120
v -2.222470 1.750310 4.513160
v -2.229330 1.747980 4.500310
v -2.659910 2.236200 4.459640
v -1.667360 2.235920 4.540750
v -1.661520 2.244460 4.550900
v -1.668350 2.250140 4.539710
v -2.249710 1.147590 4.526210
v -2.255770 1.154630 4.515440
v -2.249480 1.161750 4.525940
v -2.347420 1.712770 4.511220
v -2.350370 1.746540 4.494490
v -1.943650 1.339310 4.541930
v -2.460250 1.748070 4.490060
v -2.454510 1.754510 4.477430
v -2.446470 1.747670 4.486860
v 1.019990 1.954740 4.767440
v 1.028940 1.953130 4.778430
v 1.030330 1.946260 4.762480
v 1.017190 1.941810 4.772770
v -2.939920 1.740060 4.441070
v -2.937160 1.754520 4.441690
v -2.946920 1.748650 4.451030
v -1.577340 2.239430 4.571750
v -1.578200 2.230080 4.557140
v -1.568800 2.244460 4.557700
v -1.870580 2.349730 4.502890
v -1.879930 2.345570 4.513650
v -1.876770 2.360030 4.512350
v -1.866790 2.347340 4.520340
v -1.749260 1.854910 4.535220
v -1.754400 1.851500 4.552440
v -1.748430 1.842280 4.542680
v -1.655400 2.342560 4.537170
v 2.086100 2.584980 4.646340
v -1.939790 2.335500 4.513250
v -1.947520 2.347640 4.510900
v -1.935600 2.350470 4.503000
v -1.990780 2.374940 4.488250
v -1.955380 2.546670 4.508610
v -1.946580 2.557730 4.502510
v -1.940490 2.542950 4.507490
v -1.946470 2.553070 4.519410
v -2.269900 2.059360 4.494780
v -2.262030 2.050370 4.503270
v -2.255440 2.059730 4.494410
v -2.328150 2.614400 4.474890
v -2.048280 2.155100 4.502400
v -2.048600 2.155620 4.522250
v -2.039310 2.161790 4.512300
v -2.241750 2.176860 4.500620
v -2.228750 2.172540 4.494020
v -2.233180 2.174770 4.513000
v -2.356650 1.940260 4.489860
v -2.341960 1.940260 4.491820
v -2.346810 1.953020 4.497570
v -2.446690 2.143990 4.467470
v -1.947440 1.652360 4.536710
v -1.843120 1.652980 4.531400
v -1.852040 1.659820 4.540110
v -1.845300 1.654100 4.551250
v -2.351830 2.048780 4.497440
v -2.358290 2.056680 4.486560
v -2.348500 2.049530 4.477870
v -2.063230 2.043010 4.514080
v -2.061370 2.056930 4.516180
v -2.053550 2.048860 4.505490
v -2.150860 1.747860 4.525110
v -2.282830 1.678520 4.487020
v -2.284520 1.671800 4.500010
v -2.280420 1.684770 4.505640
v -2.458050 2.043720 4.480630
v -2.459090 2.057860 4.481150
v -2.450650 2.051730 4.471530
v -3.053210 1.445050 4.459740
v -3.052820 1.447980 4.443510
v -3.047040 1.456240 4.453520
v -3.060580 1.460110 4.451570
v -2.202740 2.197170 4.506020
v -2.207720 2.205260 4.494120
v -2.216920 1.754150 4.495260
v -0.907914 1.367700 4.638850
v -1.857820 1.852710 4.544320
v -1.848220 1.846560 4.535740
v -1.854860 1.852460 4.524570
v -2.356820 0.850890 4.533260
v -2.346890 0.857307 4.524770
v -2.353690 0.850984 4.513560
v -3.205440 0.938550 4.450030
v -1.531260 1.441630 4.596810
v -1.518170 1.436940 4.610130
v -1.521890 1.429790 4.597340
v -1.532410 1.431040 4.608130
v -2.251790 1.454750 4.523930
v -2.250200 1.454340 4.504000
v -2.243470 1.447930 4.514700
v -2.838390 1.351420 4.458380
v -2.831950 1.359180 4.469040
v -2.832100 1.344860 4.469460
v -3.051850 1.356140 4.452100
v -3.058560 1.348650 4.464090
v -3.050050 1.340740 4.454280
v -3.060310 1.344880 4.445270
v -2.372330 1.561500 4.496250
v -2.351320 1.540950 4.506260
v -2.368900 1.571180 4.506360
v -1.652450 1.364050 4.557660
v -1.658200 1.355900 4.547600
v -1.666480 1.362270 4.558540
v -1.656800 1.354640 4.567310
v -2.548330 2.246890 4.487100
v -2.539750 2.240770 4.477340
v -2.547770 2.246920 4.467140
v -2.553870 2.238210 4.476940
v -2.229260 2.184610 4.502620
v -2.365400 2.155340 4.481650
v -2.366290 2.140970 4.480390
v -2.356420 2.145910 4.489730
v -2.338120 1.856750 4.494130
v -2.346690 1.848520 4.502770
v -2.337560 1.842240 4.493360
v -2.644340 1.953300 4.464650
v -2.658270 1.955040 4.462830
v -2.653550 1.947550 4.473890
v -2.651080 1.946550 4.454070
v -2.846610 2.347270 4.436660
v -2.854130 2.341190 4.449480
v -2.840840 2.352810 4.452680
v -2.347990 2.249700 4.470730
v -2.339640 2.253350 4.481760
v -2.344750 2.240010 4.481040
v -2.959990 1.841140 4.443960
v -2.859300 1.846570 4.449850
v -2.541910 1.856230 4.481900
v -2.553420 1.845180 4.488900
v -2.541560 1.841670 4.481190
v -2.555840 1.445510 4.493390
v -2.559080 1.456160 4.502380
v -2.555770 1.455240 4.482900
v -2.452270 2.050880 4.491440
v -2.346970 1.948220 4.480360
v -2.644000 1.362810 4.484930
v -2.649240 1.355490 4.496850
v -2.643290 1.347910 4.484190
v -2.655940 1.356050 4.478980
v -2.358500 2.147730 4.470270
v -2.266540 1.964620 4.486490
v -2.243190 1.948410 4.500810
v -2.268990 1.964950 4.506190
v -2.364860 2.357100 4.479850
v -2.350770 2.355410 4.477240
v -2.358060 2.349750 4.466150
v -2.355800 2.343000 4.482740
v -2.022920 2.540050 4.511560
v -2.008060 2.543850 4.509780
v -2.016250 2.548870 4.497700
v -2.013140 2.532780 4.500300
v -2.258750 2.139870 4.482390
v -2.262300 2.136780 4.501250
v -2.257730 2.148480 4.494010
v -2.174830 2.344350 4.490850
v -2.181870 2.359580 4.489250
v -2.169440 2.356850 4.497360
v -1.663310 2.056340 4.544850
v -2.260100 2.337600 4.498880
v -2.249800 2.332120 4.489100
v -2.255210 2.346100 4.486490
v -2.350230 2.249490 4.490560
v -2.182490 2.134540 4.504050
v -2.146950 2.160630 4.515530
v -2.186030 2.145920 4.495010
v -2.344600 1.849650 4.483020
v -1.936020 2.350280 4.519450
v 0.214021 0.596226 2.994220
v -1.117470 -0.071389 1.806240
v -2.059650 2.255350 4.503490
v -2.066950 2.244820 4.509870
v -2.062590 2.250080 4.522450
v -2.052850 2.245500 4.512240
v -1.120020 -0.088756 1.579340
v -1.130690 -0.080976 1.587170
v -1.132390 -0.081443 1.571920
v -0.966796 -0.060955 1.859490
v -0.973327 -0.070390 1.869580
v -0.966221 -0.080584 1.860690
v -0.500938 -0.063872 2.048050
v -0.491261 -0.053835 2.043590
v -0.492900 -0.071139 2.038210
v -0.487568 -0.063858 2.054010
v -1.448900 0.081939 4.601660
v -0.745806 -0.070248 1.744020
v -0.752880 -0.081174 1.750020
v -0.761740 -0.071605 1.755970
v -0.450000 -0.087841 1.459840
v -0.438102 -0.077837 1.460230
v -0.454112 -0.070982 1.462840
v -0.934797 -0.081781 1.372060
v -0.940813 -0.079799 1.357730
v -0.951801 -0.085487 1.367350
v -0.954019 -0.082285 1.476130
v -0.948622 -0.092485 1.467940
v -0.941848 -0.082598 1.460410
v -1.119140 -0.072726 1.581300
v -1.141300 -0.079695 1.635820
v -1.133140 -0.068944 1.640980
v -1.127240 -0.079218 1.632810
v -1.213390 -0.083859 1.787380
v -1.221280 -0.070744 1.782730
v -1.206150 -0.072228 1.780400
v -0.755449 -0.090112 1.254650
v -0.754479 -0.086832 1.240020
v -0.741903 -0.092983 1.245610
v -1.075490 -0.074156 1.764110
v -1.065330 -0.084663 1.765630
v -1.066000 -0.073711 1.774730
v -1.127150 -0.077314 2.072850
v -1.138600 -0.078535 2.104800
v -1.135190 -0.067339 2.082110
v -0.862559 -0.088054 1.563220
v -0.869132 -0.077627 1.570430
v -0.862435 -0.068086 1.562180
v -0.852080 -0.083874 1.655360
v -0.939080 -0.094457 1.363000
v -0.841990 -0.080287 1.473780
v -0.856081 -0.080248 1.470060
v -0.847622 -0.090879 1.464780
v -0.956679 -0.082786 1.461510
v -0.748760 -0.076173 1.248930
v -0.849319 -0.073597 1.721340
v -0.856310 -0.073994 1.733720
v -0.858971 -0.084110 1.724080
v -0.839981 -0.096883 1.254860
v -0.834201 -0.085992 1.262190
v -0.848291 -0.086370 1.259830
v -1.132180 -0.088843 1.642300
v -1.249990 -0.081878 1.873520
v -1.248220 -0.071079 1.863030
v -1.238420 -0.069938 1.874530
v -0.825683 -0.087715 1.152020
v -0.816384 -0.084262 1.166210
v -0.810528 -0.089234 1.150690
v -0.943609 -0.078842 1.572630
v -0.941873 -0.079338 1.588550
v -0.957627 -0.078737 1.585720
v -0.254010 -0.083015 1.458500
v -0.251356 -0.078711 1.471830
v -0.264136 -0.084990 1.471210
v 0.067936 -0.098197 0.493841
v 0.058883 -0.098645 0.505099
v 0.056823 -0.109492 0.495771
v 0.197957 0.743923 2.992100
v 0.202027 0.734835 2.969530
v 0.204348 0.750023 2.967950
v 0.209285 0.739106 2.956590
v -0.731353 -0.089725 1.068620
v -0.746814 -0.089892 1.059290
v -0.737564 -0.101212 1.061640
v -1.027010 -0.083165 1.477930
v -1.057170 -0.081493 1.537760
v -1.042860 -0.080976 1.550370
v -1.058600 -0.081452 1.553810
v -1.192280 -0.077340 1.673430
v -1.202360 -0.088781 1.670500
v -1.204890 -0.069431 1.669010
v -1.046320 -0.088481 1.637090
v -1.054950 -0.078160 1.641550
v -1.045450 -0.068505 1.637380
v -1.133430 -0.064838 2.066600
v -1.209080 -0.068770 1.795090
v -2.258540 1.738530 4.497650
v -1.140980 -0.082528 1.729840
v -1.254140 -0.064504 1.875340
v -0.356517 -0.062563 2.017420
v -0.357417 -0.052004 2.027700
v -0.348705 -0.067830 2.028780
v -1.125810 -0.070427 1.948690
v -1.127770 -0.059309 1.958480
v -1.117660 -0.069453 1.960620
v -1.070090 -0.068292 1.945610
v -1.073490 -0.068975 1.959760
v -1.063500 -0.059239 1.955550
v -1.064380 -0.078992 1.954390
v -0.760217 -0.068258 1.926240
v -0.745275 -0.069192 1.934560
v -0.759577 -0.067904 1.943890
v -0.833136 -0.074565 1.926130
v -0.958043 -0.076222 2.039430
v -0.964098 -0.064962 2.031700
v -0.949781 -0.061687 2.034440
v -0.747473 -0.070658 1.758430
v -0.944114 -0.079345 1.771480
v -0.956375 -0.077605 1.758650
v -0.942545 -0.074245 1.758280
v -0.816355 -0.065738 2.019500
v -0.821114 -0.065174 2.032950
v -0.825514 -0.075717 2.024390
v 1.715160 0.139218 2.893660
v 1.737420 0.131303 2.910200
v 1.720730 0.153771 2.899120
v 1.722520 0.148307 2.882010
v -0.962660 -0.061697 2.046210
v -1.041690 -0.078813 1.646500
v -1.052320 -0.071117 1.546260
v -0.944500 -0.053851 2.145880
v -0.939744 -0.070393 2.139620
v -0.950673 -0.064845 2.153230
v -0.365434 -0.066716 2.028430
v 0.043600 0.045946 4.698920
v 0.043628 0.059890 4.692990
v 0.030213 0.052969 4.694320
v 0.039020 0.051415 4.681300
v 0.166638 0.259130 3.456430
v 0.161220 0.244871 3.455520
v 0.170811 0.248794 3.465210
v -0.211355 -0.116889 0.285091
v -0.199133 -0.104848 0.284350
v -0.210587 -0.108283 0.296676
v -0.540013 -0.084893 1.243050
v -0.538399 -0.085445 1.257210
v -0.546910 -0.095145 1.251140
v -0.546840 -0.075246 1.251910
v -0.749288 -0.078829 1.148320
v -0.758148 -0.088805 1.143370
v -0.753987 -0.089866 1.156940
v 0.057097 -0.054355 1.745000
v 0.064703 -0.064353 1.738140
v 0.056881 -0.074131 1.745070
v 0.143948 -0.093347 0.652351
v 0.154516 -0.102419 0.649639
v 0.157477 -0.088756 0.652068
v -0.748178 -0.080383 1.653880
v -0.737788 -0.074815 1.665450
v -0.754143 -0.072633 1.666250
v 0.525503 -0.077897 0.765980
v 0.523914 -0.095614 0.767274
v 0.512918 -0.085925 0.763531
v 0.516582 -0.085800 0.778207
v 0.194556 0.655972 3.037380
v 0.199976 0.647094 3.003170
v 0.213870 0.657913 3.005310
v -0.791158 -0.021091 4.587590
v 0.356449 -0.089521 0.644283
v 0.347341 -0.100911 0.648759
v 0.343889 -0.092134 0.638073
v 0.553838 0.817012 2.819860
v 0.522890 0.839137 2.804850
v 0.521310 0.824139 2.800230
v 0.227579 0.290999 2.797190
v 0.237707 0.281562 2.800520
v 0.236505 0.292477 2.809580
v 0.543791 -0.074244 0.849343
v 0.552968 -0.083324 0.842584
v 0.545515 -0.094124 0.848920
v 0.342187 -0.070637 1.348240
v 0.345775 -0.084175 1.340840
v 0.359335 -0.076036 1.341780
v 0.246899 -0.074592 1.724800
v 0.238254 -0.065999 1.716420
v 0.252633 -0.065112 1.715550
v -0.538859 -0.094855 1.048140
v -0.550235 -0.096571 1.035730
v -0.536318 -0.091470 1.033800
v 1.035050 -0.057021 1.743150
v 1.040710 -0.039806 1.741340
v 1.049190 -0.052879 1.735130
v -0.555936 -0.097936 0.853587
v -0.545207 -0.101624 0.840644
v -0.552370 -0.086117 0.842754
v -2.248480 2.137310 4.493920
v 0.773484 -0.051395 1.874570
v 0.759415 -0.051627 1.876190
v 0.765020 -0.061914 1.868230
v 0.412584 -0.083488 0.582840
v 0.398503 -0.089687 0.588934
v 0.411566 -0.090729 0.595590
v 0.334835 -0.094451 0.556366
v 0.245563 -0.054846 1.722830
v 0.234834 -0.099657 0.422967
v 0.225810 -0.111119 0.420026
v 0.223159 -0.091623 0.418425
v -0.046762 -0.100453 0.244477
v -0.049349 -0.119641 0.241161
v -0.057142 -0.107571 0.235582
v -0.253555 -0.087432 1.036120
v -0.253155 -0.087140 1.050480
v -0.245997 -0.077178 1.042990
v 0.262941 -0.098576 0.447134
v 0.254225 -0.107505 0.456292
v -0.216076 -0.103625 0.281827
v -0.127331 -0.104887 0.189448
v -0.114486 -0.112329 0.187812
v -0.126852 -0.118091 0.181736
v -0.054939 -0.089354 0.641027
v -0.051122 -0.106282 0.646454
v -0.057036 -0.095513 0.653747
v 0.450084 -0.061183 1.565130
v 0.434119 -0.066776 1.558580
v 0.444101 -0.077935 1.561570
v 0.252805 -0.088398 0.452900
v 0.343425 -0.089276 0.754890
v 0.344241 -0.087469 0.740310
v 0.352143 -0.098252 0.746459
v 0.236368 -0.086563 1.041150
v 0.238916 -0.073954 1.051010
v 0.251958 -0.082979 1.047670
v 0.348423 -0.096152 0.848862
v 0.354870 -0.086788 0.839720
v 0.347680 -0.076331 0.846917
v -0.243735 -0.096116 0.738719
v -0.251695 -0.086270 0.745684
v -0.244851 -0.096398 0.752832
v -1.660080 2.488780 4.524080
v -1.667110 2.495900 4.513650
v -1.658830 2.488820 4.504160
v 0.929846 -0.069110 1.349000
v 0.921186 -0.057376 1.343870
v 0.917903 -0.059609 1.358810
v 0.445734 -0.077510 0.743960
v 0.445710 -0.097477 0.743723
v 0.452754 -0.087593 0.751544
v 0.426464 -0.097926 0.653044
v 0.428233 -0.082007 0.661061
v 0.433259 -0.085466 0.646811
v 0.244787 -0.091033 1.129160
v 0.252727 -0.080138 1.123500
v 0.243786 -0.071193 1.130840
v -0.642917 -0.055759 2.019580
v 0.550334 0.822713 2.804590
v 0.800909 2.453410 4.679640
v 0.807801 2.450900 4.661750
v 0.792697 2.451640 4.666280
v -0.830424 -0.063167 2.128260
v -0.839461 -0.073411 2.133490
v -0.842742 -0.055289 2.127910
v 0.467896 -0.062433 1.933600
v 0.460905 -0.045921 1.937910
v 0.467502 -0.055587 1.946180
v 2.116380 0.904713 3.247000
v 2.103380 0.908501 3.241030
v 2.111840 0.902476 3.230490
v 1.654830 0.841888 2.866270
v 1.645000 0.831709 2.866690
v 1.653580 0.833318 2.877840
v 1.140150 -0.033002 1.969410
v 2.552270 1.636130 4.789840
v 2.564220 1.634730 4.775170
v 2.563470 1.611460 4.794280
v 1.445180 0.555988 2.829620
v 1.457440 0.543973 2.826640
v 1.443500 0.541452 2.830400
v 1.375110 0.732152 2.798210
v 1.363380 0.738162 2.803660
v 1.375990 0.742205 2.808960
v 1.366420 0.724790 2.807580
v 1.563510 0.112425 2.859330
v 0.340418 -0.087232 0.840715
v 1.384510 0.838871 2.822680
v 1.368800 0.836152 2.817540
v 1.373790 0.830635 2.832550
v 1.556190 0.454638 2.853430
v 1.543250 0.457594 2.858740
v 1.549110 0.450766 2.869860
v 1.561690 0.054189 2.860160
v 1.555710 0.060212 2.844170
v 1.563610 0.068546 2.854600
v 2.254760 0.253122 3.259360
v 1.647880 0.738805 2.871470
v 1.645910 0.741567 2.887350
v 1.649140 0.753185 2.877430
v 2.234010 0.254991 3.347520
v 1.325460 0.260320 2.811520
v 1.338760 0.262822 2.799570
v 1.323450 0.266921 2.797030
v 1.542460 0.645819 2.852920
v 1.551940 0.647307 2.864060
v 1.540720 0.657413 2.861800
v 1.548120 0.658654 2.848500
v 0.825290 -0.061544 1.525760
v 0.837367 -0.065077 1.534780
v 0.825848 -0.062758 1.544870
v 1.140100 0.357946 2.785810
v 1.143350 0.348030 2.775550
v 1.145790 0.348396 2.795340
v 1.296670 -0.034210 2.003210
v 1.305500 -0.045173 1.998490
v 1.292820 -0.045415 1.990770
v 0.851528 2.371650 4.700570
v 0.836798 2.366060 4.700650
v 0.843599 2.365540 4.714850
v -0.539788 -0.064029 2.038090
v -0.531796 -0.062342 2.050250
v -0.540914 -0.073746 2.049040
v -0.543721 -0.054090 2.048160
v 0.815866 -0.069067 1.182890
v 0.828824 -0.071711 1.168480
v 0.813745 -0.070435 1.167960
v 0.847509 2.254750 4.688990
v 0.845799 2.241070 4.683890
v 0.831838 2.245650 4.684230
v 0.959612 -0.036856 2.689280
v 0.945034 -0.035186 2.690490
v 0.951659 -0.047789 2.683440
v -0.119593 -0.055668 2.251100
v -0.128244 -0.045195 2.255810
v -0.132285 -0.056005 2.264380
v -0.137945 -0.054725 2.251140
v -1.652760 2.496740 4.514560
v 1.521350 2.645140 4.848440
v 1.512000 2.645360 4.836020
v 1.525220 2.637680 4.833240
v -2.418600 1.511660 4.491430
v -2.422620 1.503290 4.503100
v -2.426570 1.518900 4.503410
v -2.197580 2.210450 4.503140
v -2.207860 2.209490 4.513360
v -2.049290 2.349120 4.499850
v -2.047000 2.361780 4.508600
v -2.047810 2.350490 4.519270
v -1.728110 2.454240 4.525960
v -1.740870 2.447840 4.522140
v -1.737620 2.457590 4.511510
v -1.743480 2.461540 4.527030
v -1.510560 1.988210 4.596980
v -1.516400 1.998070 4.605980
v -1.523880 1.986710 4.611170
v -1.525650 1.991830 4.596630
v -1.854930 2.435580 4.522340
v -1.987520 2.517360 4.506510
v -1.985730 2.526830 4.489080
v -1.976260 2.522320 4.498980
v -2.262320 2.333320 4.480540
v -2.053920 2.493390 4.488850
v -2.049390 2.493700 4.505330
v -2.065090 2.488760 4.500710
v -1.845560 2.165970 4.511290
v -1.849690 2.156180 4.520650
v -1.855860 2.168910 4.520970
v -2.163400 2.237690 4.504070
v -2.154450 2.237890 4.515940
v -2.152580 2.247830 4.505060
v 0.644725 2.448840 4.667310
v 0.646334 2.460460 4.676100
v 0.644963 2.448700 4.684760
v -1.934150 2.231020 4.514690
v -1.938200 2.245650 4.521650
v -1.948240 2.235100 4.513480
v -2.054510 2.046060 4.524860
v -1.741370 2.242290 4.537530
v -1.741840 2.256590 4.534910
v -1.749900 2.249530 4.546830
v -1.753820 2.244220 4.530250
v 1.616200 2.699920 4.777110
v 1.628340 2.692220 4.778760
v 1.616590 2.684350 4.781820
v -2.152330 1.853950 4.503040
v -2.146520 1.862890 4.513000
v -2.152880 1.854380 4.522990
v -2.273980 1.821930 4.504500
v -2.275290 1.835000 4.497700
v -2.269250 1.827820 4.486260
v -2.244370 1.462060 4.514340
v -2.217180 1.739870 4.502340
v -2.458980 1.860580 4.480650
v -2.450100 1.853690 4.471800
v -2.452880 1.853680 4.491600
v -2.450020 1.757520 4.496390
v -2.457810 1.945560 4.478400
v -2.457900 1.959730 4.479730
v -2.450680 1.953680 4.469060
v -2.450510 1.951810 4.488970
v 0.646506 2.515660 4.694960
v 0.662911 2.536500 4.692150
v 0.665997 2.534070 4.707550
v -2.444850 1.861490 4.482640
v -2.738050 2.535530 4.457760
v -2.655210 1.757880 4.473210
v -2.551430 1.846570 4.471650
v -1.760590 1.455220 4.558020
v -1.749730 1.448620 4.544630
v -1.760740 1.442040 4.551670
v -2.745560 1.846850 4.450010
v -3.144000 2.056330 4.445510
v -3.133690 2.061460 4.436460
v -3.140870 2.054250 4.425940
v -2.961260 1.348940 4.453720
v -2.950410 1.347660 4.444400
v -2.952580 1.337740 4.454300
v -2.049290 1.141860 4.536390
v -2.052830 1.260180 4.539260
v -2.048870 1.350110 4.544730
v -2.055420 1.342780 4.534400
v -2.047330 1.349570 4.524800
v -2.244610 1.657560 4.504270
v -2.257440 1.650320 4.502330
v -2.249560 1.648480 4.514790
v -2.260690 1.747770 4.486090
v -2.050720 1.854340 4.512040
v -2.261780 1.828750 4.499180
v 1.870800 1.829660 4.800190
v 1.850230 1.847630 4.785310
v -2.225480 2.019780 4.512060
v -2.235300 2.018040 4.500570
v -2.222810 2.021470 4.492580
v -2.151450 2.171530 4.507560
v -2.151660 2.156370 4.502790
v -2.179960 2.137160 4.484530
v -2.150660 2.235720 4.496670
v -1.946840 2.150130 4.521510
v -1.960790 2.152600 4.519460
v -1.956860 2.146350 4.531730
v -1.959880 2.138930 4.515290
v -1.846480 2.165010 4.531230
v -1.583480 2.243740 4.559030
v -1.558360 1.959500 4.562690
v -1.558320 1.967290 4.575340
v -1.568500 1.957230 4.579320
v -1.947710 1.751020 4.515340
v -1.941590 1.758310 4.525870
v -1.949810 1.751490 4.535220
v -1.955700 1.758600 4.524370
v -2.342980 1.674010 4.493740
v -2.362240 1.646450 4.489330
v -1.850770 1.757950 4.545970
v -1.857860 1.763770 4.535190
v -1.856650 1.749680 4.535800
v -2.557370 1.544640 4.484690
v -2.431200 1.344600 4.495450
v -1.954760 1.252510 4.536770
v -1.947380 1.259030 4.547530
v -1.950730 1.245840 4.552800
v -1.961550 1.258830 4.551010
v -1.745340 1.041630 4.560670
v -1.759720 1.041620 4.560020
v -1.752360 1.048180 4.549540
v -2.338810 1.548210 4.504380
v -2.343580 1.537610 4.494370
v -2.359500 1.568230 4.495730
v -2.462920 1.559870 4.490950
v -2.452760 1.553130 4.482960
v -2.461500 1.545420 4.491640
v -1.849280 1.757220 4.526050
v -2.465050 1.460760 4.487020
v -2.441230 1.439490 4.493520
v -2.454400 1.443460 4.501960
v -1.851750 1.553500 4.555030
v -1.843790 1.561380 4.545850
v -1.857960 1.560750 4.544450
v -2.236910 1.862150 4.496090
v -2.233350 1.850960 4.505330
v -2.247980 1.854280 4.502910
v -2.240640 1.859590 4.515110
v -1.948560 1.462220 4.548850
v -1.952170 1.457390 4.530700
v -1.941000 1.467340 4.535910
v -1.570940 1.966530 4.567540
v -1.561160 1.647960 4.584740
v -1.555430 1.652340 4.567030
v -1.556810 1.662310 4.579820
v -1.656120 1.754060 4.536170
v -1.664940 1.746130 4.544420
v -1.660180 1.753750 4.555730
v -1.851640 1.943200 4.521590
v -1.842300 1.944450 4.533510
v -1.859040 1.939350 4.537470
v -2.144380 2.048380 4.518750
v -2.150320 2.051920 4.501680
v -2.136140 2.042460 4.508680
v -1.659960 1.656580 4.561840
v -1.860800 2.043570 4.524710
v -1.847900 2.046470 4.517660
v -1.852450 2.046670 4.536760
v -1.854240 2.057030 4.525300
v -2.260030 1.971990 4.497180
v -2.274350 1.973630 4.495370
v 0.630658 2.518290 4.690310
v 0.641786 2.530280 4.689240
v -2.344350 2.057290 4.488960
v -2.556930 1.261350 4.486330
v -2.564680 1.254260 4.496740
v -2.558510 1.263990 4.506000
v -2.340220 1.711390 4.495180
v -2.255070 1.547800 4.517910
v -2.264680 1.552240 4.504250
v -2.295980 1.559900 4.507370
v -2.293810 1.544340 4.501020
v -2.340770 1.663830 4.504150
v -2.339720 1.535930 4.513540
v -2.156810 1.954300 4.518890
v -2.154590 1.952690 4.499130
v -2.146540 1.957510 4.509710
v -2.159190 1.963550 4.507800
v -2.252100 1.546340 4.499140
v -2.260650 1.538990 4.508040
v 0.755668 2.433970 4.648100
v 0.761302 2.437210 4.661400
v 0.763688 2.446180 4.645640
v -1.749090 1.443540 4.560390
v -1.762850 1.845060 4.542490
v -2.262620 2.053350 4.483580
v -2.757650 2.252650 4.457500
v -2.460440 2.354550 4.470700
v -2.454960 2.362380 4.459630
v -2.446310 2.366270 4.472630
v -2.181270 2.351210 4.504830
v -1.566830 2.425600 4.563930
v -2.544380 2.347210 4.461930
v -2.552240 2.353580 4.471830
v -2.543920 2.348120 4.481890
v -2.550590 2.339540 4.472430
v -1.945010 2.047710 4.532030
v -2.160480 1.860440 4.512660
v -1.966430 1.945110 4.523810
v -1.969390 1.959150 4.521750
v -1.959050 1.953000 4.513660
v -1.961410 1.955380 4.533250
v -1.743680 1.742800 4.544130
v -1.752250 1.750480 4.534810
v -1.742860 1.757520 4.543740
v -1.508870 2.052180 4.601870
v -1.520640 2.042340 4.598050
v -1.518640 2.056790 4.591980
v -1.945320 1.849810 4.536860
v -1.939040 1.855890 4.524980
v -1.952720 1.841750 4.526970
v -2.135650 2.163090 4.507220
v -2.138590 2.056610 4.508510
v -2.144190 2.543690 4.490260
v -2.264240 2.459650 4.497960
v -2.263780 2.458600 4.478100
v -2.255510 2.465820 4.487870
v -2.461700 2.370440 4.471650
v -3.058490 2.439520 4.428150
v -3.143600 2.115430 4.432900
v -2.549960 1.754030 4.472680
v -2.555480 1.762660 4.484320
v -2.543470 1.754420 4.489630
v -2.967530 2.161480 4.433460
v -2.953430 2.159940 4.433060
v -2.961380 2.151880 4.424500
v -2.960500 2.154810 4.444240
v -2.850770 2.050320 4.462180
v -2.843010 2.057780 4.452830
v -2.857110 2.057500 4.450690
v -2.844340 2.045430 4.445830
v -3.052520 1.748040 4.431870
v -3.049300 1.653390 4.454070
v -3.046740 1.943030 4.442570
v -2.957190 1.644930 4.447510
v -2.966410 1.646350 4.434740
v -2.970930 1.655020 4.448750
v -2.858940 1.749920 4.449960
v -2.845060 1.740570 4.450810
v -2.859290 1.734530 4.451730
v -2.946200 1.749360 4.431260
v -2.039380 1.759100 4.522990
v -3.146730 1.354630 4.457000
v -2.855560 1.742400 4.464540
v -3.052060 1.251920 4.447540
v -3.044160 1.247000 4.458250
v -3.052690 1.253620 4.467460
v -3.210100 1.657360 4.430360
v -3.217770 1.650840 4.420040
v -3.218680 1.650920 4.439990
v -1.204850 -0.078480 1.680000
v -3.229330 1.775890 4.436540
v -2.840250 1.440080 4.469760
v -2.271290 1.677560 4.496370
v -1.064120 -0.064859 1.763720
v -0.948352 -0.068753 1.581520
v -0.976072 -0.071339 1.855350
v -0.950096 -0.063996 1.764650
v 0.980542 2.589970 4.717060
v 0.947278 2.596290 4.708240
v 0.973388 2.578770 4.705890
v 0.958279 2.600750 4.697600
v -2.357660 0.936337 4.520230
v -2.351100 0.943235 4.530740
v -2.349330 0.942910 4.510830
v -2.343570 0.935320 4.521500
v 0.658419 2.549150 4.700670
v 0.648877 2.222950 4.460080
v 0.633526 2.216840 4.463690
v 0.636116 2.233550 4.463440
v 1.655320 0.455024 2.888870
v 1.647730 0.450571 2.877110
v 1.642540 0.452838 2.895750
v 1.859930 2.631050 4.758130
v 1.848620 2.639720 4.759760
v 1.851760 2.639800 4.745770
v 1.744370 2.046020 4.775200
v 1.759240 2.051210 4.772120
v 1.759200 2.044630 4.786760
v 1.141410 1.851310 4.827150
v 0.643981 2.244120 4.610450
v 0.614886 1.613260 4.709740
v 0.622396 1.610110 4.697000
v 0.608343 1.607920 4.691850
v -0.914343 0.880418 4.658060
v 2.228060 0.628693 3.504590
v 2.219000 0.621741 3.492900
v 2.219110 0.636030 3.495740
v 1.865770 1.772540 4.794040
v 2.553500 1.741440 4.764510
v 2.556140 1.739920 4.779970
v 2.564070 1.733010 4.769910
v 2.592060 1.777920 4.814950
v 2.578400 1.782700 4.826370
v 2.584470 1.792460 4.814670
v 1.936570 1.730480 4.806000
v 1.947790 1.741070 4.815390
v 1.949880 1.737270 4.799790
v 1.923510 2.414750 4.774090
v 1.912240 2.406360 4.776740
v 1.918380 2.414680 4.760730
v 1.911240 2.422060 4.773180
v 2.524470 1.841990 4.752940
v 1.641450 1.735080 4.855210
v 1.641380 1.749300 4.860160
v 1.640840 1.740300 4.872230
v -0.353764 0.749724 4.695060
v -0.359066 0.760356 4.686150
v -0.351187 0.753384 4.675680
v 0.743588 0.755684 2.817350
v 0.752430 0.750565 2.828310
v 0.758658 0.757934 2.816480
v -0.357006 0.612567 4.660920
v -0.343679 0.615630 4.667470
v -0.354627 0.619141 4.677350
v -0.351173 0.628708 4.665840
v 2.655770 1.949640 4.819460
v 2.661140 1.960830 4.829990
v 2.662390 1.966720 4.814870
v 2.552890 1.725280 4.775120
v 2.635190 1.836310 4.840350
v 1.559610 2.044200 4.851160
v 1.545740 2.046120 4.846360
v 1.555270 2.056610 4.842060
v 1.548360 0.747957 2.854990
v 2.232750 0.530129 3.509140
v 2.222800 0.523217 3.500740
v 2.223040 0.537677 3.501500
v 0.200297 0.553748 3.033420
v 0.191881 0.564600 3.027290
v 0.181214 0.554093 3.028720
v 1.990400 1.673060 4.827320
v 2.004520 1.663270 4.826240
v 1.999270 1.673190 4.839290
v 2.212400 0.649312 3.445120
v 2.220730 0.649184 3.457110
v 2.232120 0.649087 3.447970
v 2.211230 0.794046 3.462080
v 1.851300 1.760410 4.795950
v -0.857160 1.251800 4.640330
v -0.852541 1.236440 4.646180
v -0.866498 1.240920 4.644050
v -0.772133 0.986385 4.633420
v -0.563671 0.825066 4.666500
v -0.869263 1.051120 4.648990
v -0.244771 0.375564 4.684740
v -0.260782 0.378554 4.680300
v -0.255997 0.362368 4.679990
v -0.809652 1.105420 4.659740
v 0.078007 1.414840 4.182970
v -0.917297 0.963249 4.638600
v -0.906627 0.953285 4.645530
v -0.914568 0.962766 4.655940
v -0.904450 0.969301 4.645640
v -1.048760 0.722578 4.622190
v -1.566500 0.847467 4.594920
v -1.554590 0.844211 4.586410
v -1.569960 0.856336 4.583330
v -0.936093 0.737542 4.638840
v -0.948884 0.744720 4.641270
v -0.937621 0.753694 4.637570
v -0.139158 0.364461 4.688520
v -0.148817 0.359388 4.678170
v -0.153989 0.362278 4.692510
v -0.149373 0.348131 4.688130
v 0.085188 0.643609 4.686010
v 0.069819 0.639036 4.680770
v 0.081938 0.640688 4.670950
v 0.074776 0.653641 4.676140
v -0.254199 -0.090015 0.937124
v 0.756730 1.755390 4.736960
v 0.767998 1.746960 4.732200
v 0.770401 1.761620 4.732150
v 0.764719 1.754020 4.719540
v -0.268650 0.950113 4.702880
v -0.277788 0.941773 4.694840
v -0.271123 0.948128 4.683310
v -0.345040 0.758205 4.687610
v -0.278012 0.956478 4.693380
v 1.161770 1.743180 4.836790
v 1.154290 1.755600 4.841150
v 1.147460 1.744660 4.834230
v 0.038124 0.085390 4.711760
v 0.048035 0.084133 4.700600
v 0.036700 0.090226 4.692930
v -0.149184 0.569946 4.689250
v -0.066122 0.383195 4.692690
v -0.068156 0.369054 4.692460
v -0.060356 0.374593 4.703070
v -0.058871 0.374712 4.683180
v -0.050482 0.706812 4.694800
v -0.045343 0.708587 4.678000
v -0.035841 0.713222 4.690680
v -0.255921 0.750996 4.696560
v -0.049244 0.720433 4.687340
v 0.122191 0.693622 4.515350
v 0.118546 0.707305 4.520420
v 0.115902 0.702905 4.505330
v 0.111138 0.583713 4.513370
v 0.111136 0.596845 4.499030
v 0.115280 0.598443 4.513680
v -0.148931 0.752599 4.697740
v -0.454307 0.649283 4.649660
v 0.017344 0.391455 4.690900
v 1.146000 1.664670 4.845630
v 1.159530 1.654590 4.840190
v 1.149590 1.662790 4.829160
v 2.575750 1.616110 4.803280
v 2.567300 1.640410 4.789410
v 1.954090 1.658450 4.815680
v 1.953280 1.649820 4.804340
v 1.940890 1.657360 4.810360
v 1.946110 1.648690 4.822380
v 1.857870 1.765290 4.782440
v 0.069643 0.811828 4.671720
v 0.082085 0.802929 4.665530
v 0.071544 0.796086 4.676180
v 0.081428 0.808300 4.681120
v 2.204790 0.762030 3.505710
v 2.218510 0.755345 3.503770
v 2.215870 0.765691 3.514850
v 2.214050 0.767557 3.495550
v 2.004970 1.572010 4.827950
v 2.042670 1.727000 4.805930
v 2.049480 1.700740 4.802040
v 2.041740 1.699820 4.787420
v 2.033020 1.699610 4.803540
v 2.005130 1.679350 4.825610
v 2.208870 0.627946 3.502220
v 2.234870 0.458847 3.345110
v 0.142540 0.028742 4.647150
v 0.128785 0.028171 4.653900
v 0.138692 0.033854 4.664120
v 2.245880 0.560189 3.257480
v 2.233490 0.551637 3.262370
v 2.234200 0.559049 3.248410
v 2.180830 0.869939 3.362370
v 2.172540 0.853874 3.358150
v 2.186890 0.856045 3.362530
v 2.199830 0.857773 3.174570
v 2.213330 0.869238 3.168850
v 2.200040 0.874052 3.177430
v 2.232680 0.658840 3.245030
v 1.648450 0.558178 2.875550
v 1.651630 0.551613 2.891110
v 1.639420 0.551182 2.883930
v 2.159160 0.877076 3.259650
v 2.169300 0.881444 3.249620
v 2.162540 0.865867 3.250400
v 2.234070 0.643951 3.338410
v 1.858150 0.848930 2.916660
v 1.857620 0.834568 2.915820
v 1.845020 0.842214 2.916360
v 2.241860 0.342429 3.339530
v 2.240680 0.356933 3.339140
v 2.240020 0.356386 3.353670
v 1.854600 0.022357 2.871920
v 1.839850 0.052110 2.900810
v 0.455763 -0.059929 1.820730
v 0.464286 -0.049613 1.827530
v 0.468600 -0.067058 1.823850
v 0.457723 -0.062537 1.835380
v 1.741450 0.086930 2.912640
v 1.732580 0.068350 2.889520
v 2.249510 0.144945 3.358310
v 2.250220 0.157626 3.348610
v 2.250660 0.160742 3.364280
v 1.829380 1.565650 4.787200
v 1.825880 1.554030 4.779490
v 1.838490 1.555450 4.772730
v 2.239040 0.442504 3.258980
v 0.121369 0.206384 4.569570
v 0.107501 0.188405 4.575330
v 0.112828 0.179200 4.562220
v 2.212860 0.530464 3.508860
v 2.225790 0.539509 3.450860
v 2.235140 0.547345 3.443030
v 2.215330 0.545757 3.443010
v 1.656490 0.049956 2.876190
v 1.665200 0.062009 2.872650
v 1.650370 0.064389 2.869800
v 2.225030 0.457392 3.452350
v 2.222670 0.443415 3.443440
v 2.227840 0.444087 3.456740
v 1.334890 0.755183 2.791320
v 1.321460 0.752764 2.796490
v 1.329770 0.748149 2.779600
v 1.331910 -0.012930 2.889030
v 1.331550 -0.013737 2.869360
v 1.321870 -0.015735 2.879480
v 2.225950 0.537759 3.436470
v 1.660390 0.054880 2.860010
v 0.132762 0.704222 4.513900
v 1.256410 1.955170 4.823880
v 0.121455 0.672516 4.580440
v 0.079430 0.462334 4.683370
v 0.083556 0.454487 4.695610
v 0.078252 0.444692 4.685930
v 0.108416 0.210243 4.574590
v -0.118722 0.077258 4.687010
v -0.013833 0.131206 4.701380
v -0.018007 0.113229 4.701640
v -0.029291 0.125294 4.699610
v -0.040996 0.152850 4.686710
v -0.248887 0.160692 4.686860
v -0.143421 0.200280 4.686420
v -0.050067 0.159993 4.695290
v -0.035991 0.161241 4.697080
v -0.046065 0.238892 4.685240
v 0.099715 0.126766 4.660830
v 0.097501 0.131138 4.674530
v 0.111292 0.741217 4.683650
v 0.095407 0.740462 4.687690
v 0.099417 0.743096 4.670640
v 0.093016 0.555046 4.617000
v 0.101524 0.541840 4.626630
v 0.100841 0.556045 4.629090
v 0.103412 0.208514 4.561180
v 0.101052 0.594283 4.509870
v 0.109582 0.447316 4.629300
v 0.095619 0.445233 4.632370
v 0.092620 0.451251 4.619580
v 0.100343 0.458588 4.629530
v 0.109562 0.553489 4.617880
v 1.350230 1.561410 4.846340
v -1.268400 0.146392 4.599160
v 0.107941 0.267761 4.321700
v 0.115298 0.638603 4.644890
v -0.773265 0.155048 4.635950
v -1.332600 0.068696 4.596240
v -1.243390 0.045883 4.619170
v -1.482760 0.366206 4.595770
v -1.492150 0.364655 4.585290
v -1.493430 0.368505 4.604800
v -1.039010 0.559727 4.619790
v -1.539080 0.756654 4.593810
v -1.854230 0.359248 4.568640
v -1.857510 0.373647 4.569340
v -1.845080 0.369992 4.562210
v -1.513740 0.740761 4.617290
v -1.512850 0.735287 4.599100
v -1.510990 0.750374 4.604590
v -2.669000 0.260474 4.521260
v -2.670600 0.270363 4.510600
v -2.662470 0.261263 4.502530
v -0.742000 -0.066279 2.042550
v -0.732577 -0.076169 2.037120
v -0.728152 -0.066134 2.046430
v -1.355220 0.719881 4.579400
v -1.850230 0.367909 4.580860
v -2.445630 0.164547 4.526540
v -2.435000 0.169769 4.537060
v -2.437870 0.154902 4.536390
v -1.563110 0.250011 4.606150
v -1.562140 0.249172 4.586790
v -1.558700 0.238009 4.597170
v -2.252450 0.157962 4.556770
v -2.240320 0.145992 4.556630
v -2.245330 0.151893 4.541470
v -1.943780 0.148468 4.563150
v -1.944420 0.149497 4.583100
v -1.936150 0.155510 4.573050
v -1.438900 0.241250 4.613210
v -1.410510 0.455896 4.592700
v -2.441150 0.643998 4.529980
v -1.570770 0.161847 4.594950
v -1.582350 0.161864 4.603440
v -1.578510 0.149766 4.595500
v -1.579640 0.159242 4.583960
v -2.151900 0.648282 4.551750
v -2.152320 0.649396 4.531940
v -2.144290 0.642474 4.541320
v -2.835530 0.341544 4.486590
v -2.834090 0.356099 4.485160
v -2.843030 0.350733 4.495270
v -1.562190 0.543067 4.581160
v -1.557150 0.550705 4.593460
v -1.549780 0.555801 4.577730
v -1.757380 0.044811 4.590130
v -1.749570 0.052393 4.579130
v -1.763760 0.053406 4.580630
v -1.759500 0.044067 4.570660
v -1.551650 0.250925 4.596960
v -1.566080 0.064505 4.587420
v -1.553460 0.054494 4.585630
v -1.561280 0.052758 4.599720
v -1.140550 0.147410 4.615470
v -1.154550 0.142712 4.619200
v -1.145770 0.141649 4.631600
v -1.434310 0.335124 4.613300
v -1.444630 0.333033 4.603390
v -1.434110 0.333054 4.593480
v -1.436070 0.344624 4.602270
v -1.421620 -0.019291 4.580980
v -1.425890 -0.035103 4.584380
v -1.415250 -0.031097 4.575210
v -1.439840 0.138917 4.608820
v -1.155480 0.054081 4.605100
v -1.160980 0.057195 4.618270
v -1.151370 0.047485 4.623440
v -1.427340 -0.027761 4.567740
v -1.139330 -0.016266 4.566440
v -1.150660 -0.024625 4.570090
v -1.141010 -0.033153 4.576850
v -0.679996 -0.055950 2.328860
v -0.672956 -0.066766 2.335470
v -0.715383 -0.067115 2.353470
v -0.705536 -0.054928 2.352550
v -1.145010 0.130966 4.620960
v -0.950763 0.042612 4.633280
v -0.642297 -0.079058 1.819800
v -0.651788 -0.068845 1.816220
v -0.635051 -0.069047 1.812420
v -0.047266 -0.075489 1.751020
v -0.044449 -0.064818 1.741670
v -0.039892 -0.062558 1.756810
v -0.909975 -0.015053 4.596900
v -0.025621 -0.059444 1.969330
v -0.014619 -0.058640 1.978270
v -0.023947 -0.069279 1.979430
v -1.139660 -0.030382 4.562530
v -0.906891 -0.022604 4.567040
v -0.898071 -0.021427 4.555070
v -0.897440 -0.033985 4.565120
v -1.161060 0.043517 4.613370
v -1.553190 0.066008 4.596520
v -1.347700 0.149864 4.600700
v -1.339690 0.157286 4.610220
v -1.340100 0.142888 4.611750
v -1.348600 0.151976 4.620330
v -2.546960 1.934960 4.478870
v -1.754010 0.246346 4.573900
v 0.238443 0.559240 2.806020
v 0.236862 0.554893 2.792490
v 0.250644 0.551100 2.792430
v 0.267490 0.545388 2.813330
v -1.855750 0.138055 4.579290
v -1.940630 0.241260 4.569070
v -2.050310 0.551819 4.542120
v -2.044540 0.544081 4.553670
v -2.056980 0.550825 4.559900
v -2.243120 0.061372 4.554740
v -2.259250 0.062625 4.552880
v -2.252430 0.048197 4.556920
v 0.205282 0.093231 3.023410
v 0.216663 0.083932 3.023530
v 0.203929 0.084793 2.989120
v 0.206514 0.073357 3.022440
v -1.727030 -0.027041 4.556580
v -1.722580 -0.030650 4.574630
v -1.715930 -0.019183 4.565350
v -2.353110 0.349411 4.546050
v -2.358980 0.341153 4.536150
v -2.344870 0.342319 4.536380
v -2.249010 0.457365 4.533160
v -2.260710 0.461799 4.540640
v -2.254200 0.454998 4.551770
v -2.259330 0.447356 4.539190
v 0.238485 -0.080676 1.121370
v -0.311797 -0.059707 2.206960
v -0.307929 -0.049768 2.197590
v -0.307121 -0.069719 2.198050
v -0.298248 -0.059255 2.202750
v -0.825991 -0.055765 2.023390
v -0.631514 -0.058520 1.939780
v -0.623037 -0.067831 1.932440
v -0.629656 -0.078365 1.940030
v -0.644671 -0.062443 2.131260
v -0.658744 -0.061848 2.128180
v -0.650907 -0.072625 2.122680
v -0.649796 -0.052778 2.121440
v -0.149777 -0.073388 1.337460
v -0.136976 -0.078780 1.333960
v -0.144021 -0.089184 1.340840
v -0.135980 -0.075446 1.347860
v -0.042596 -0.108872 0.555729
v -0.050512 -0.098363 0.548682
v -0.036080 -0.094913 0.550282
v 0.564239 0.813736 2.809590
v 0.021575 -0.077721 1.600550
v 0.021810 -0.062590 1.599740
v 0.014430 -0.069188 1.611220
v 0.251769 -0.082272 1.351460
v 0.252036 -0.076105 1.338410
v 0.246436 -0.065514 1.346470
v -0.143281 -0.091695 1.250260
v -0.135966 -0.081783 1.243140
v -0.135984 -0.081497 1.257360
v 0.350363 -0.079306 1.538310
v 0.353595 -0.063695 1.545150
v 0.344257 -0.065726 1.530680
v -0.286432 -0.099447 0.633281
v -0.275614 -0.100558 0.623800
v -0.286215 -0.091124 0.621199
v -0.285737 -0.110835 0.624056
v 0.440572 0.830343 2.793760
v 0.449259 0.819278 2.785380
v 0.453391 0.801279 2.803390
v -0.364943 -0.067137 1.845460
v -0.365482 -0.067710 1.830870
v -0.356742 -0.076819 1.838230
v 1.135360 0.752967 2.771990
v 1.145220 0.745522 2.780150
v 1.141200 0.745449 2.760650
v -0.665715 -0.054994 2.331120
v -0.717980 -0.053602 2.343080
v -0.739551 -0.059269 2.254070
v -0.840155 -0.077012 1.252720
v 0.204480 0.154828 3.022090
v 0.185112 0.155242 3.048180
v 0.200535 0.158203 3.045240
v 0.640697 0.050742 2.829310
v 0.654189 0.049427 2.833530
v 0.646147 0.053445 2.844520
v -0.245134 -0.084574 1.559160
v -0.243556 -0.064804 1.557100
v -0.236683 -0.074548 1.565350
v -0.622882 -0.067630 1.947010
v -0.754463 -0.058161 1.934670
v -0.648904 -0.095604 1.250460
v -0.649301 -0.075646 1.250130
v -0.655130 -0.085876 1.242220
v -0.542301 -0.071109 1.724540
v -0.541638 -0.070182 1.739140
v -0.556274 -0.069943 1.738710
v -0.339819 -0.088018 1.466050
v -0.338723 -0.068074 1.465700
v -0.330905 -0.078602 1.460360
v 0.945016 0.841336 2.828070
v 0.959904 0.834377 2.817730
v 0.944694 0.834184 2.814190
v -0.134144 -0.107956 0.583777
v -0.133124 -0.090921 0.580615
v -0.143516 -0.097501 0.589445
v 0.335843 -0.080023 1.149500
v 0.339654 -0.072278 1.138090
v 0.343214 -0.090154 1.142590
v 0.243471 -0.090188 0.752062
v 0.249102 -0.079711 0.743972
v 0.242563 -0.090818 0.737825
v 0.156536 -0.091537 0.751818
v 0.150298 -0.083183 0.739504
v 0.141796 -0.088382 0.752193
v 0.148374 -0.099200 0.739803
v 0.358516 -0.085040 0.742926
v -0.051093 -0.100987 0.847224
v -0.058265 -0.091258 0.839627
v -0.051085 -0.081014 0.846506
v -0.058650 -0.090746 0.853888
v 0.158717 -0.094155 0.638896
v 0.343887 -0.081523 0.647588
v -0.052195 -0.085125 1.048530
v -0.044540 -0.094919 1.041470
v -0.045671 -0.074974 1.040870
v -0.052718 -0.085588 1.034250
v 0.319105 -0.086803 0.468868
v 0.311992 -0.096255 0.460697
v 0.309198 -0.096187 0.474799
v 0.317872 -0.106636 0.468719
v -1.208160 -0.075088 1.947410
v -1.213880 -0.059489 1.954870
v -1.204710 -0.069103 1.959770
v 0.148288 -0.114669 0.344033
v 0.158439 -0.103727 0.339796
v 0.146267 -0.095195 0.344245
v 0.456569 -0.075466 0.841596
v 0.465325 -0.085192 0.836062
v 0.455286 -0.094842 0.838892
v -0.043504 -0.088015 1.342830
v -0.044217 -0.068043 1.343410
v -0.036201 -0.077952 1.349890
v -0.251674 -0.106247 0.745286
v -0.249867 -0.091984 0.543576
v -0.254546 -0.104272 0.551913
v -0.240674 -0.102668 0.547526
v -0.149275 -0.094167 0.442713
v -0.142803 -0.102188 0.452769
v -0.147875 -0.113596 0.445595
v 0.167256 -0.098994 0.467313
v 0.168627 -0.089454 0.478186
v 0.166966 -0.109272 0.477578
v 0.157005 -0.098451 0.477595
v 0.056232 -0.094768 0.443484
v -0.157143 -0.103319 0.452106
v 0.209769 -0.095978 0.287793
v 0.209319 -0.105074 0.299963
v 0.210950 -0.113358 0.287323
v 0.196504 -0.105724 0.291816
v 0.143232 -0.091482 0.434224
v 0.143076 -0.102068 0.443790
v 0.154183 -0.101831 0.434836
v 0.221781 -0.100853 0.430014
v 0.044180 -0.113133 0.198941
v 0.052387 -0.102236 0.189161
v 0.046573 -0.117497 0.182910
v 0.142559 -0.111232 0.432866
v 0.271522 -0.092433 0.384583
v 0.270317 -0.108046 0.385919
v 0.255973 -0.101770 0.387276
v -0.227210 -0.106654 0.344589
v -0.229206 -0.095615 0.354051
v -0.231844 -0.115133 0.355635
v -0.240682 -0.104398 0.349952
v -0.146178 -0.099394 0.574660
v 0.953188 -0.070839 1.439890
v 0.256456 -0.092993 0.637222
v 0.247600 -0.082200 0.642337
v 0.254213 -0.091165 0.651093
v 0.125501 -0.116800 0.181941
v 0.121957 -0.104812 0.192090
v 0.130095 -0.117115 0.196690
v 0.257148 -0.092605 0.538380
v 0.242726 -0.094341 0.534974
v 0.243266 -0.088953 0.548877
v 0.440665 -0.089393 0.659850
v 0.647295 -0.086875 1.049960
v 0.656503 -0.078754 1.041000
v 0.657727 -0.077797 1.056020
v -0.456540 -0.078420 1.832730
v -0.449881 -0.068344 1.824950
v -0.455695 -0.058563 1.833720
v -0.441452 -0.089508 0.673966
v -0.437424 -0.100482 0.663849
v -0.425648 -0.093534 0.631111
v 0.247433 -0.077594 0.846479
v 0.249060 -0.097469 0.845677
v 0.242004 -0.088384 0.854542
v -0.675171 -0.074804 1.661230
v -0.675356 -0.072886 1.647080
v -0.661082 -0.073096 1.647370
v -0.668970 -0.062730 1.654830
v -0.446912 -0.075769 1.965380
v -0.447291 -0.055836 1.964360
v -0.446120 -0.065254 1.975160
v -0.457487 -0.065922 1.966380
v 0.154401 -0.054425 1.807700
v 0.152403 -0.064010 1.796950
v 0.157108 -0.073982 1.806430
v 1.449170 0.353411 2.847460
v 1.458830 0.360627 2.839900
v 1.444850 0.360458 2.835260
v -0.055615 -0.065361 1.757100
v 0.062087 -0.084598 1.238900
v 0.048530 -0.079633 1.238870
v 0.056265 -0.069432 1.245550
v -0.151344 -0.066978 1.438910
v -0.143215 -0.080680 1.444050
v -0.146303 -0.077316 1.430630
v -0.056302 -0.090371 1.247130
v -0.062382 -0.080620 1.238600
v -0.050716 -0.073305 1.250650
v 0.349843 -0.077113 1.149980
v 0.043960 -0.076798 0.942650
v 0.036648 -0.086954 0.949573
v 0.044798 -0.096764 0.943104
v 0.359011 -0.068678 1.531960
v -0.660303 -0.075037 1.353080
v -0.648287 -0.080604 1.359470
v -0.646982 -0.077203 1.345220
v 0.049700 -0.075045 1.458010
v 0.037618 -0.067720 1.470810
v 0.039865 -0.083292 1.467640
v -0.052742 -0.076489 1.407460
v -0.045636 -0.086644 1.415340
v -0.045775 -0.066788 1.416010
v -0.038068 -0.076405 1.408030
v -0.544101 -0.080657 1.040580
v -0.702260 -0.093830 0.990492
v -0.715518 -0.092051 0.997033
v -0.717873 -0.098813 0.983977
v 0.144671 -0.113926 0.239323
v 0.148236 -0.110800 0.252686
v 0.134389 -0.109626 0.255499
v 0.462740 -0.086956 0.849922
v -0.251105 -0.073314 1.566140
v -0.249060 -0.083354 0.844531
v -0.242303 -0.090844 0.854727
v -0.248792 -0.102640 0.849782
v -0.249172 -0.110864 0.538873
v -0.508819 -0.110088 0.698460
v -0.515215 -0.094262 0.693944
v -0.500754 -0.101691 0.683639
v 0.866496 -0.062704 1.430420
v 0.861212 -0.052967 1.439770
v 0.861802 -0.072867 1.439630
v -0.226240 -0.108654 0.594121
v -0.228043 -0.090049 0.592154
v -0.240351 -0.100792 0.591626
v -0.417211 -0.109818 0.578116
v -0.415380 -0.101474 0.590912
v -0.414885 -0.092221 0.578630
v -0.402658 -0.100546 0.582308
v -0.748341 -0.098638 1.146480
v -0.258122 -0.068417 1.464660
v 0.266921 -0.098812 0.398320
v -0.451281 -0.099249 0.668807
v -0.430581 -0.110577 0.629342
v -0.443660 -0.107308 0.678558
v -0.314045 -0.099665 0.471396
v -0.327532 -0.103174 0.474713
v -0.322386 -0.113591 0.466332
v -0.140647 -0.097326 0.642382
v -0.146322 -0.097423 0.655686
v -0.150891 -0.107607 0.646486
v 0.048946 -0.095628 0.495045
v 0.251553 -0.099531 0.744692
v 0.156910 -0.097726 0.537697
v 0.156355 -0.091465 0.550471
v 0.150146 -0.106709 0.546428
v 0.143675 -0.092538 0.538464
v -0.065423 -0.110291 0.513827
v -0.069116 -0.098935 0.524436
v -0.075537 -0.098946 0.509809
v -0.351915 -0.099008 1.044100
v -0.357290 -0.088104 1.036770
v -0.343251 -0.088749 1.038750
v -0.122328 -0.114375 0.200357
v 0.058076 -0.115996 0.193007
v -0.056208 -0.109690 0.349476
v -0.041583 -0.109573 0.347396
v -0.048014 -0.096553 0.344684
v -0.441403 -0.099352 0.625123
v -0.042765 -0.095521 0.653042
v 0.044393 -0.109366 0.349977
v 0.047608 -0.096348 0.345085
v 0.043388 -0.107530 0.335857
v -0.149520 -0.096483 0.344503
v -0.156280 -0.105945 0.335877
v -0.149510 -0.116358 0.343318
v 0.145538 -0.105002 0.334001
v 0.055275 -0.114457 0.342185
v 0.223927 -0.093151 0.352617
v 0.216073 -0.108072 0.353876
v 0.228003 -0.104062 0.362283
v 0.232354 -0.107539 0.348209
v 0.141788 -0.100229 0.245777
v -0.141809 -0.105967 0.336356
v -0.027534 0.053405 0.166437
v -0.029722 0.046404 0.153874
v -0.031189 0.059661 0.148066
v -0.040556 0.054731 0.158865
v 0.050085 -0.085335 0.643468
v 0.050041 -0.105213 0.645274
v 0.043255 -0.094533 0.652367
v -0.049035 -0.113006 0.445869
v -0.042335 -0.098716 0.450685
v -0.056044 -0.096297 0.441826
v 0.054891 -0.099537 0.553907
v 0.049060 -0.088315 0.546037
v 0.041906 -0.102991 0.544505
v -0.156937 -0.091551 0.532349
v -0.144525 -0.099510 0.534918
v -0.153937 -0.111108 0.533953
v 0.054763 -0.097592 0.535875
v -0.057950 -0.096471 0.513281
v -0.152192 -0.102032 0.848953
v -0.158550 -0.090344 0.854326
v -0.145786 -0.086384 0.841653
v -0.346489 -0.112521 0.549963
v -0.355370 -0.102641 0.544608
v -0.345524 -0.092702 0.547680
v -0.074204 0.112617 0.285617
v -0.087327 0.116000 0.278792
v -0.083827 0.129656 0.286075
v -0.428562 -0.100790 0.619281
v -0.327793 -0.097182 0.461702
v -0.247625 -0.113800 0.444764
v -0.245409 -0.094251 0.443936
v -0.254479 -0.102783 0.452378
v -0.151706 -0.087842 0.646282
v -0.255061 -0.103353 0.437356
v -0.152275 -0.085091 0.745439
v -0.144561 -0.095034 0.751907
v -0.151874 -0.105072 0.745130
v -0.493161 -0.094863 0.696740
v -0.256488 -0.091324 0.853687
v -0.229195 -0.100686 0.582399
v -0.351469 -0.110529 0.627909
v -0.350283 -0.090726 0.625855
v -0.343968 -0.101883 0.618765
v -0.351265 -0.079127 1.045970
v -0.244343 -0.088619 0.649549
v -0.242178 -0.108252 0.652035
v -0.244229 -0.099892 0.640131
v -0.508116 -0.097262 0.707897
v -0.064083 -0.079294 1.253340
v 0.453623 -0.087424 0.737133
v -0.144360 -0.091662 0.854823
v -0.350501 -0.107312 0.744365
v -0.344065 -0.097586 0.752838
v -0.350598 -0.087512 0.744860
v -0.340837 -0.097219 0.738793
v -0.245650 -0.097136 1.043390
v -0.451779 -0.104915 0.843437
v -0.442105 -0.095666 0.851905
v -0.453772 -0.087287 0.841269
v -0.143370 -0.120822 0.248009
v -0.138899 -0.101539 0.249055
v -0.149614 -0.108833 0.241499
v -0.155980 -0.100575 0.543365
v -0.140480 -0.080611 1.039820
v -0.153632 -0.086154 1.039070
v -0.152143 -0.081191 1.052390
v -0.770897 -0.082781 1.339290
v 0.349585 -0.094485 0.954621
v 0.355493 -0.080318 0.960627
v 0.340081 -0.082413 0.958112
v 0.164812 0.336454 3.440150
v 0.162887 0.324999 3.425360
v 0.165469 0.321656 3.439570
v 0.192076 0.742117 2.960230
v 0.185808 0.752458 2.990460
v 0.247185 0.292008 2.798580
v 0.255614 0.052982 2.822190
v 0.267914 0.043955 2.819500
v 0.268683 0.056586 2.828440
v 0.176890 0.167867 3.105070
v 0.196273 0.163193 3.104730
v 0.188918 0.174917 3.109130
v 0.350720 0.449509 2.808400
v 0.342370 0.441224 2.817890
v 0.340393 0.455990 2.817010
v 0.830829 -0.067127 1.244610
v 0.837820 -0.078886 1.250700
v 0.834487 -0.064195 1.258830
v 2.213230 0.452381 3.512330
v 2.224170 0.461715 3.506000
v 2.223250 0.446428 3.502440
v 2.229960 0.452544 3.517380
v -0.457775 -0.045953 2.291930
v -0.474099 -0.049357 2.315080
v -0.450838 -0.056104 2.299840
v 0.101831 0.751894 4.681760
v 0.148097 -0.054185 1.746950
v 0.147938 -0.074040 1.745530
v 0.158231 -0.064479 1.750210
v 0.061647 -0.084870 1.033330
v 0.051807 -0.093808 1.039180
v 0.055656 -0.074452 1.041430
v -0.129757 -0.066132 1.745430
v -0.124323 -0.066045 1.732300
v -0.133975 -0.056316 1.736060
v -0.151291 -0.063608 1.544270
v -0.145181 -0.073680 1.536370
v -0.150135 -0.083547 1.545270
v -0.142190 -0.072810 1.550210
v 0.065768 -0.064312 1.752410
v -0.059377 -0.069652 1.625080
v -0.049085 -0.076657 1.638440
v -0.061673 -0.069445 1.639440
v -0.640749 -0.070398 1.741810
v -0.654882 -0.070455 1.744340
v -0.649167 -0.080639 1.735990
v -0.454300 -0.076746 1.254210
v -0.459279 -0.093852 1.254280
v -0.451333 -0.086933 1.243990
v -0.162618 -0.062901 1.852680
v -0.149507 -0.063044 1.858080
v -0.152414 -0.053526 1.847980
v -0.640491 -0.068244 1.829130
v 0.209710 -0.070617 1.869270
v 0.570090 -0.049847 1.750650
v 0.559467 -0.060959 1.747650
v 0.572415 -0.064970 1.757550
v -0.226340 -0.072927 1.929120
v -0.229448 -0.053777 1.931480
v -0.228751 -0.062031 1.918470
v -0.534464 -0.071995 2.132200
v -0.524209 -0.062321 2.129340
v -0.534270 -0.052095 2.130420
v -0.225730 -0.080874 1.640560
v -0.221228 -0.070941 1.631090
v -0.226023 -0.060920 1.640320
v 0.447050 -0.067258 1.552600
v 0.039984 -0.071169 1.562320
v 0.048593 -0.081251 1.557010
v 0.053849 -0.071329 1.565740
v -0.025286 -0.049326 1.979290
v -0.853072 -0.074684 1.346870
v -0.860707 -0.084718 1.339610
v -0.856366 -0.092207 1.351300
v -0.846227 -0.084031 1.338350
v -0.535993 -0.062933 2.121220
v -2.758840 1.037630 4.487480
v -2.753040 1.045920 4.497670
v -2.760760 1.051840 4.487120
v -1.762970 0.370663 4.581940
v -1.749080 0.369574 4.578950
v -1.756060 0.362869 4.568480
v -0.649354 -0.060682 1.735390
v -0.855002 -0.077770 1.569380
v -0.847104 -0.071168 1.463030
v -0.860021 -0.064170 1.724130
v -0.650665 -0.091604 1.350000
v -0.641001 -0.085575 1.243470
v -0.333106 -0.078236 1.474340
v -0.908890 -0.096461 1.282970
v -0.911541 -0.087988 1.270640
v -0.904592 -0.082061 1.285190
v -0.188752 -0.052491 1.912100
v -0.184878 -0.071446 1.913980
v -0.196546 -0.064658 1.905980
v 0.033515 -0.060401 1.873070
v 0.026308 -0.051054 1.865200
v 0.019330 -0.061025 1.872530
v -2.840560 0.751446 4.489500
v -2.827480 0.749197 4.484150
v -2.828080 0.763481 4.484630
v -2.834290 0.755031 4.473000
v -0.341431 -0.081738 1.653770
v -0.334941 -0.071446 1.661140
v -0.341472 -0.061763 1.653020
v -0.458316 -0.098322 0.936822
v -0.444755 -0.093575 0.935225
v -0.446242 -0.097772 0.948979
v -0.452291 -0.082990 0.941562
v -0.356941 -0.098786 0.677871
v -0.353942 -0.099968 0.663747
v -0.348409 -0.109288 0.673360
v -0.048692 -0.083684 0.744903
v -0.056730 -0.093728 0.753060
v -0.042569 -0.092913 0.753795
v -0.340943 -0.094118 0.839956
v -0.347934 -0.084360 0.847581
v -0.347605 -0.104353 0.847244
v -0.042134 -0.096556 0.740073
v -0.449186 -0.079885 1.042530
v -0.443749 -0.095157 1.036170
v -0.456696 -0.089185 1.034600
v -0.538048 -0.078975 1.430550
v -0.548059 -0.078674 1.446210
v -0.554588 -0.079142 1.431010
v 0.154365 -0.060104 1.558890
v 0.153870 -0.079975 1.559340
v 0.159531 -0.070390 1.549460
v 0.033744 -0.077671 1.362260
v 0.041169 -0.067136 1.356280
v 0.040626 -0.087000 1.354040
v 0.146172 -0.083343 1.455380
v 0.141238 -0.071835 1.462990
v 0.139681 -0.071674 1.448420
v 0.256203 -0.087147 0.852680
v 0.531714 -0.080498 1.059600
v 0.545904 -0.080564 1.062720
v 0.540742 -0.069716 1.054540
v 0.545584 -0.086517 1.049470
v 0.248597 -0.088078 1.244000
v 0.256027 -0.078021 1.251040
v 0.249360 -0.068148 1.243040
v 0.256940 -0.078744 1.236740
v 0.158832 -0.089134 0.839713
v 0.144434 -0.087514 0.853372
v 0.158906 -0.084784 0.853789
v 0.011042 -0.070150 1.592220
v 0.856498 -0.057260 1.362250
v 0.856782 -0.064772 1.348670
v 0.843213 -0.066123 1.356080
v 0.949994 0.827640 2.826230
v 0.953060 0.803132 2.802790
v 0.267685 0.340565 2.818290
v 0.267100 0.354771 2.813510
v 0.256376 0.345676 2.826720
v 0.255222 0.344946 2.811190
v 0.362526 0.806900 2.812080
v 0.366035 0.801978 2.794080
v 0.346850 0.826592 2.791430
v 0.552690 0.745943 2.811910
v 0.562568 0.748517 2.826310
v 0.547333 0.742157 2.827080
v 0.165219 0.558071 3.480520
v 0.152237 0.567284 3.512950
v 0.161389 0.558256 3.519300
v 0.231614 0.835687 2.786130
v 0.246515 0.834549 2.785840
v 0.245587 0.848893 2.781740
v -0.217405 -0.061338 1.927780
v 1.651360 0.267162 2.881810
v 1.675420 0.243931 2.893300
v 1.645050 0.257506 2.893250
v 1.677300 0.257441 2.899840
v -0.480739 -0.054696 2.301390
v -0.162341 -0.066306 2.014530
v -0.155417 -0.061127 2.002660
v -0.145050 -0.063185 2.012850
v -0.155205 -0.050284 2.012560
v -0.015860 -0.046796 2.083310
v -0.010085 -0.057088 2.074380
v -0.014887 -0.066603 2.084650
v -0.229829 -0.043280 2.442350
v -0.227710 -0.062982 2.441940
v -0.218087 -0.052035 2.444640
v -0.155242 -0.047926 2.125780
v -0.159962 -0.057310 2.135950
v -0.155782 -0.067844 2.126720
v -0.251537 -0.061858 1.841270
v -0.255273 -0.062643 1.855690
v -0.241130 -0.067172 1.857090
v -0.028825 -0.044779 2.238280
v -0.036281 -0.054786 2.245360
v -0.027831 -0.064704 2.239360
v 0.754853 2.158960 4.706000
v 0.748929 2.144020 4.703230
v 0.739321 2.156650 4.703670
v -0.005694 -0.055941 2.088170
v 0.198494 0.663176 3.005010
v 0.442422 0.552971 2.822030
v 0.449102 0.545275 2.811860
v 0.441842 0.538562 2.822360
v 0.550215 0.250509 2.825380
v 0.542177 0.256913 2.835540
v 0.550676 0.250472 2.845290
v 0.122941 -0.007450 4.653160
v 0.647367 0.746391 2.817350
v 0.640466 0.739116 2.827740
v 0.639373 0.753521 2.827700
v 0.518672 -0.043988 1.986770
v 0.507997 -0.053491 1.982670
v 0.518102 -0.063699 1.986520
v 0.227719 -0.070816 1.516400
v 0.234338 -0.069666 1.529000
v 0.236938 -0.059994 1.518820
v 0.453464 -0.056682 1.943540
v 0.340481 0.809588 2.794530
v 0.170983 0.725808 3.388750
v 0.156794 0.724615 3.396240
v 0.170753 0.729721 3.404350
v 0.241827 0.750869 2.783230
v 0.266481 0.741382 2.802990
v 0.235784 0.743906 2.798320
v 0.162649 0.441947 3.449250
v 0.163393 0.456071 3.451180
v 0.154965 0.451364 3.440660
v -0.143449 -0.071717 1.249860
v 0.192802 0.162074 3.058670
v 0.268237 0.747616 2.821240
v 0.261459 0.734267 2.816180
v 0.752437 -0.068612 1.659430
v 0.190949 0.188562 3.284580
v 0.180415 0.175457 3.291150
v 0.188018 0.185732 3.299040
v 0.176846 0.328397 3.432870
v 0.351270 0.745790 2.818960
v 0.346679 0.737724 2.806970
v 0.357122 0.746322 2.800110
v 0.263983 0.551691 2.826370
v 0.269143 0.560182 2.812670
v 0.653668 0.354020 2.832440
v 0.639895 0.354142 2.836080
v 0.647424 0.347956 2.846470
v 1.141580 -0.035292 1.844160
v 1.150780 -0.048120 1.848120
v 1.147480 -0.044255 1.834860
v 1.137750 -0.053311 1.839870
v -0.719078 -0.053147 2.360280
v 0.216275 0.146234 3.027730
v -0.685114 -0.070404 2.237840
v -0.691306 -0.059076 2.247120
v -0.687858 -0.053365 2.231420
v 0.195976 0.771964 2.840430
v 0.203578 0.775622 2.826500
v 0.199519 0.789200 2.834520
v 0.187139 0.210537 3.326510
v 0.185263 0.206948 3.340850
v 0.177090 0.217535 3.334990
v 0.270185 0.655524 2.822810
v 0.271755 0.646425 2.807970
v 0.238977 0.838426 2.773530
v 0.764561 -0.042081 1.867080
v 0.344426 0.350332 2.814710
v 0.340316 0.338416 2.822140
v 0.344479 0.349187 2.831120
v 0.354752 0.338577 2.819770
v 0.454109 0.440530 2.821760
v 0.439794 0.440703 2.823300
v 0.445046 0.450865 2.814550
v 0.211661 0.659570 2.983220
v 0.842994 0.443336 2.828360
v 0.850949 0.450316 2.818080
v 0.857901 0.444530 2.829740
v 0.843324 0.457871 2.828200
v 0.546787 0.546212 2.836560
v 0.547110 0.548627 2.816880
v 0.539473 0.539792 2.825680
v 0.554035 0.538742 2.825790
v 1.735080 0.249577 2.884150
v 1.750360 0.225153 2.900010
v 1.755640 0.213648 2.893140
v 1.096320 -0.051972 1.599720
v 0.860923 1.653710 4.739300
v 0.549619 0.806804 2.807910
v 0.886660 -0.057609 2.524800
v 0.914322 -0.046821 2.549990
v 0.891239 -0.046030 2.533920
v 0.027150 -0.071013 1.866130
v 0.181181 0.572747 3.164720
v 0.190822 0.562755 3.158210
v 0.171299 0.561785 3.159700
v 0.202005 0.481401 3.040300
v 0.214968 0.460413 3.010000
v 0.193419 0.487677 3.028740
v 0.197418 0.472696 3.026230
v 0.222077 0.153195 2.987080
v 0.209611 0.147811 2.996830
v 0.207048 0.154364 2.981670
v 0.181974 0.559058 3.168840
v 0.181028 0.644072 3.132690
v 0.189503 0.653792 3.139560
v 0.180078 0.645679 3.147130
v 0.547640 0.349300 2.840480
v 0.860319 -0.052479 2.654110
v 0.850729 -0.041269 2.653050
v 0.859847 -0.043741 2.641670
v 0.554609 0.441027 2.828840
v 0.547063 0.446992 2.818110
v 0.554375 0.455243 2.827230
v 0.440734 0.357175 2.826410
v 0.441022 0.343027 2.826380
v 0.448460 0.349967 2.836220
v 0.455126 0.343355 2.825280
v 0.676568 -0.060216 1.673240
v 0.666341 -0.050925 1.667600
v 0.662728 -0.061413 1.676620
v 0.899153 0.797778 2.808860
v 0.904807 0.807635 2.798680
v 0.895192 0.799937 2.789670
v 0.460059 0.811642 2.813910
v 0.469135 0.802365 2.807060
v 0.345942 0.752139 2.807140
v 0.646746 0.547908 2.822360
v 0.638764 0.554254 2.832650
v 0.647413 0.547791 2.842310
v 0.547056 0.449238 2.837960
v 0.206000 0.135778 3.022260
v 0.198076 0.145856 3.055080
v 0.651198 0.813215 2.806730
v 0.650082 0.822619 2.821270
v 0.658765 0.808778 2.820540
v 0.640364 0.539954 2.832510
v 0.962996 0.809565 2.793420
v 0.952260 0.806322 2.783310
v 0.949465 0.814811 2.794830
v 0.197168 0.847459 2.785920
v 0.193731 0.857255 2.774500
v 0.206660 0.859594 2.785070
v 0.190989 0.860560 2.791230
v 1.244810 0.812056 2.777150
v 1.251760 0.804874 2.765300
v 1.246740 0.818565 2.760040
v 1.236440 0.807049 2.764400
v 1.011820 0.857099 2.828910
v 1.007140 0.841447 2.821680
v 1.012610 0.844973 2.838320
v 0.124755 1.249550 4.227250
v 0.128767 1.260980 4.215820
v 0.140635 1.249500 4.217980
v 0.135982 1.258690 4.228190
v 0.165188 0.554162 3.464830
v 1.256970 0.659357 2.759590
v 1.250860 0.651893 2.747320
v 1.241660 0.656340 2.759250
v 0.184658 0.368665 3.368920
v 0.171820 0.369240 3.377070
v 0.170761 0.360185 3.364880
v 0.246910 0.564412 2.795810
v 0.751983 0.746236 2.809310
v 0.523792 0.832092 2.786840
v 0.549939 0.756854 2.822670
v -0.050971 -0.060207 1.636040
v -0.157367 -0.069598 1.664680
v -0.156886 -0.069767 1.649960
v -0.142263 -0.069533 1.651680
v -0.047076 -0.062345 1.854680
v -0.056814 -0.063025 1.837970
v -0.041125 -0.063046 1.840040
v 0.205971 0.788605 2.795340
v 0.196483 0.778063 2.793480
v 0.189255 0.786596 2.784560
v 0.195233 0.763233 2.994720
v 0.355713 0.796187 2.803660
v -0.133357 -0.076304 1.736180
v -0.153102 -0.073432 1.849120
v -0.176734 -0.046605 2.312540
v -0.182633 -0.055744 2.302920
v -0.178351 -0.066480 2.311710
v -0.454099 -0.064008 2.287980
v 0.262680 0.455807 2.809140
v 0.271617 0.443427 2.817310
v 0.256419 0.446300 2.819930
v 0.267256 0.455984 2.825840
v 0.981404 0.768243 2.794090
v 0.971725 0.757321 2.795910
v 0.971718 0.764448 2.783050
v 0.242331 0.450642 2.789040
v 0.236538 0.456781 2.804580
v -0.315089 -0.073344 1.942820
v -0.310158 -0.061994 1.950270
v -0.324191 -0.063691 1.948140
v -0.250754 -0.074954 1.848580
v -0.464206 -0.067782 1.825890
v 1.227760 -0.045971 1.949130
v 1.228630 -0.047904 1.966300
v 1.230880 -0.032690 1.958360
v 0.521161 -0.053782 1.975760
v -0.265076 -0.066139 2.306710
v -0.275477 -0.056375 2.306750
v -0.265451 -0.046432 2.308780
v -0.267797 -0.057490 2.318720
v 1.388750 -0.012944 2.753960
v 1.377710 -0.020677 2.762900
v 1.387310 -0.031783 2.756110
v 0.165863 -0.062491 1.802250
v 1.139200 -0.050361 1.656700
v 1.128570 -0.041519 1.648650
v 1.124510 -0.056892 1.646810
v 1.137610 -0.051407 1.641750
v -1.849610 2.245600 4.511380
v -1.841270 2.239690 4.524840
v -1.854110 2.250130 4.528290
v 1.240630 -0.044501 1.957360
v 1.253840 0.644393 2.762760
v 1.319220 0.359329 2.791570
v 1.308240 0.350914 2.783680
v 1.307610 0.354292 2.801240
v 1.317550 0.343770 2.794500
v 1.215580 -0.028063 2.328020
v 0.667929 -0.070720 1.667090
v 0.856830 -0.074322 1.360900
v 0.736280 -0.066455 1.553010
v 0.743092 -0.068105 1.537010
v 0.737890 -0.052876 1.543790
v 0.754230 -0.036505 2.641000
v 0.753160 -0.046253 2.629920
v 0.742115 -0.045167 2.639700
v 0.830368 -0.051306 1.535860
v 0.913685 -0.070430 1.347380
v 0.153193 -0.067700 1.667060
v 0.145769 -0.056568 1.660520
v 0.137033 -0.066200 1.667780
v 0.354063 -0.063993 1.744110
v 0.347750 -0.053559 1.752000
v 0.346479 -0.073439 1.752130
v 0.336150 -0.077575 1.245030
v 0.350044 -0.077682 1.247710
v 0.341888 -0.087691 1.253500
v 0.342002 -0.067706 1.253710
v 1.309320 -0.036560 2.618550
v 1.305490 -0.020655 2.620100
v 1.319590 -0.024356 2.627670
v 0.945093 -0.054193 1.668860
v 0.948223 -0.044290 1.659120
v 0.949952 -0.064191 1.659960
v 0.554193 -0.077938 1.447710
v 0.561502 -0.068652 1.438980
v 0.558956 -0.060499 1.450930
v 0.852425 -0.063145 1.433880
v 1.046520 -0.050523 1.749200
v 0.942251 -0.053434 2.014690
v 0.933201 -0.044121 2.008550
v 0.940540 -0.033521 2.014890
v 1.052650 -0.055307 1.551380
v 1.059330 -0.045315 1.561070
v 1.063380 -0.059793 1.564580
v 0.945446 -0.042427 1.917300
v 0.931658 -0.045507 1.921190
v 0.938891 -0.041729 1.933360
v 0.445565 -0.075932 1.356060
v 0.451463 -0.078974 1.342800
v 0.459845 -0.073429 1.359100
v 1.133540 -0.057648 1.747910
v 1.123240 -0.048781 1.753570
v 1.126470 -0.048236 1.739430
v 0.635245 2.524830 4.703250
v 1.185850 2.702000 4.770240
v 1.172300 2.720100 4.780560
v 1.196510 2.704990 4.781130
v 1.201400 2.708840 4.752440
v 0.972343 2.640930 4.718770
v 0.979385 2.653480 4.720770
v 0.980731 2.641630 4.706930
v 1.440380 2.426640 4.817750
v 1.435140 2.423190 4.836040
v 1.446850 2.420210 4.828610
v 1.435600 2.412900 4.824010
v 0.968086 2.385620 4.711770
v 0.967660 2.370440 4.711450
v 0.963635 2.375650 4.725140
v -1.214220 0.647034 4.593470
v 0.857052 2.619610 4.642710
v 0.845853 2.629720 4.636400
v 0.845017 2.625700 4.651950
v 0.841712 2.614380 4.640530
v 1.017940 2.576260 4.759290
v 1.016560 2.573150 4.744610
v 1.031250 2.576490 4.744860
v 0.640779 2.135530 4.428950
v 0.643962 2.149700 4.423340
v 0.629182 2.145800 4.426320
v 1.372920 2.611020 4.823320
v 1.375630 2.621210 4.812130
v 1.367920 2.625760 4.824630
v 0.757500 2.604930 4.656010
v 0.742683 2.605760 4.661120
v 0.748037 2.620430 4.659570
v -0.767794 0.618589 4.639810
v 0.989431 2.584360 4.703240
v 1.624490 2.698790 4.791070
v 1.017160 1.637440 4.785880
v 1.023670 1.651660 4.782980
v 1.027290 1.642690 4.770350
v 0.051411 0.744597 4.715060
v 0.946396 2.593640 4.689700
v 0.851045 2.152230 4.718110
v 0.844902 2.156510 4.735320
v 0.839147 2.147400 4.725300
v 0.838096 2.161550 4.721400
v 0.633794 2.375380 4.679610
v 0.628221 2.383990 4.665160
v 0.626609 2.368990 4.667710
v 1.074710 2.038570 4.808910
v 1.076250 2.045610 4.824320
v 1.080530 2.054490 4.810410
v 0.952134 2.051600 4.727130
v 0.942979 2.056040 4.736990
v 0.949310 2.047710 4.746540
v 1.069840 1.854770 4.808800
v 1.059880 1.844400 4.810640
v 1.060210 1.849300 4.824280
v 1.938730 1.857700 4.802540
v 1.936180 1.843470 4.796810
v 0.770199 2.431190 4.648710
v 0.801948 2.441610 4.671250
v 0.632240 2.456480 4.676810
v -1.576880 2.363570 4.565830
v -1.563890 2.369140 4.563040
v -1.565340 2.359640 4.552310
v 0.639369 2.245140 4.628960
v 0.658655 1.553520 4.643470
v 0.663919 1.560230 4.660800
v 0.661130 1.545760 4.656480
v 0.635616 2.142440 4.412380
v 0.859276 2.048520 4.731340
v 0.845554 2.037110 4.735710
v 0.859688 2.034130 4.733680
v 1.156660 1.747500 4.823240
v 0.078313 0.781457 4.535180
v 0.089069 0.772319 4.543120
v 0.081770 0.783692 4.549580
v -0.043600 0.153751 4.706510
v 1.015410 1.742060 4.773180
v 1.028340 1.741060 4.779330
v 1.017820 1.751330 4.783880
v -0.353956 0.253409 4.675600
v -0.249555 0.242343 4.694060
v -0.242882 0.233885 4.684690
v -0.248135 0.242044 4.674220
v -0.257084 0.234949 4.683660
v 0.133634 0.152919 4.370900
v 0.122275 0.163787 4.374590
v 0.119150 0.149377 4.381170
v 0.119264 0.150582 4.365790
v 0.097769 0.355962 4.644950
v 0.067406 0.455386 4.692300
v 0.751934 0.450954 2.837840
v 0.752616 0.450665 2.817900
v 0.762972 0.451041 2.828230
v 0.230104 0.036580 4.676130
v 0.219215 0.046458 4.665680
v 0.217023 0.043383 4.680620
v -0.369881 -0.005067 4.646430
v 0.342831 -0.013483 2.839790
v 0.331798 -0.006610 2.854970
v 0.336809 -0.000971 2.842910
v 0.196670 0.215194 3.336970
v 0.254564 -0.022743 2.827850
v 0.256065 -0.028410 2.813560
v 0.265136 -0.032429 2.825400
v 0.111009 0.132359 4.669250
v -0.006595 0.213115 4.692120
v -0.004788 0.203310 4.702580
v -0.016598 0.211218 4.702050
v 2.617980 1.788980 4.824890
v 2.612100 1.786260 4.840270
v 0.161469 0.457214 3.525850
v 0.174392 0.449806 3.444580
v 1.007880 0.084411 2.797570
v 0.996016 0.083934 2.789240
v 0.998817 0.087984 2.808310
v 0.997852 0.074560 2.801130
v 0.850186 0.349844 2.840190
v 0.847181 0.348444 2.820690
v 0.856249 0.341360 2.829830
v 0.195885 0.346942 3.014060
v 0.208519 0.345424 3.004110
v 0.214192 0.346309 3.019210
v 1.120510 -0.039097 2.734010
v 1.114050 -0.026303 2.725390
v 1.128830 -0.026430 2.733220
v 0.274233 -0.045737 2.778310
v 0.260958 -0.046079 2.787910
v 0.265109 -0.059819 2.780000
v 1.437810 0.018484 2.634760
v 1.424790 0.012448 2.629910
v 1.437110 0.005635 2.624320
v 1.450730 0.545859 2.842360
v 1.105950 0.139173 2.790820
v 1.079670 0.154534 2.798260
v 1.104390 0.146416 2.805470
v 1.136910 0.161649 2.791210
v 1.077080 0.144243 2.787260
v -0.165085 -0.057796 2.122620
v 0.775829 -0.057602 1.969930
v 0.776135 -0.037987 1.967850
v 0.787141 -0.048316 1.965620
v 0.350877 0.552120 2.826990
v 0.360433 0.557897 2.818280
v 0.350647 0.555171 2.808410
v 1.431030 0.022155 2.620090
v -0.745451 -0.064366 1.655210
v -0.433164 -0.060098 2.176400
v -0.441729 -0.069157 2.183390
v -0.447199 -0.059347 2.174790
v -0.472477 -0.066185 2.309120
v -0.356701 -0.067735 2.262260
v -0.346958 -0.059302 2.269290
v -0.353712 -0.048296 2.262310
v -1.218390 -0.071895 1.962130
v -0.440514 -0.049241 2.182090
v -0.668579 -0.056938 2.345190
v -0.317184 -0.053574 1.940870
v 0.258971 -0.048968 2.771900
v -0.346496 -0.058632 2.254630
v -0.570135 -0.067601 1.914810
v -0.548829 -0.060177 1.731230
v -0.358111 -0.056976 1.837500
v -0.247624 -0.085100 1.341900
v -0.262627 -0.082013 1.339430
v -0.253214 -0.071734 1.343830
v -0.542519 -0.077842 1.157220
v -0.535960 -0.087670 1.165170
v -0.542638 -0.097823 1.157750
v -0.257344 -0.058027 2.139200
v -0.265008 -0.058765 2.153970
v -0.248445 -0.057755 2.155340
v -0.299829 -0.065669 2.306130
v -0.300510 -0.055326 2.295130
v -0.310557 -0.056415 2.311370
v 0.263639 0.055260 2.809810
v 0.187536 0.170165 3.095500
v -0.587694 -0.056069 2.308490
v -0.590177 -0.046005 2.298480
v -0.599861 -0.056237 2.300960
v -1.715210 -0.033477 4.562310
v -1.560910 0.659975 4.585530
v -1.568810 0.665842 4.575260
v -1.559430 0.661054 4.565700
v -0.225334 -0.052547 2.431840
v 0.349197 0.057718 2.808760
v 0.345141 0.047259 2.821590
v 0.343131 0.063188 2.821330
v 0.946591 0.145861 2.831930
v 0.943587 0.146904 2.812640
v 0.956927 0.144782 2.820350
v 0.270109 -0.022468 2.816040
v 0.220831 0.084703 2.987510
v 0.439589 -0.082749 0.953709
v 0.453706 -0.083142 0.952634
v 0.446862 -0.073469 0.944876
v 0.446399 -0.093354 0.946081
v 1.255110 0.739193 2.751550
v 1.250210 0.748821 2.762140
v 1.239600 0.751424 2.751740
v 0.940005 -0.056806 1.925350
v 0.958754 -0.053214 1.532700
v 0.944052 -0.058246 1.532640
v 0.956647 -0.057594 1.547460
v 0.931247 -0.048821 1.841950
v 0.941166 -0.039915 1.835630
v 0.933948 -0.049628 1.827840
v 0.849883 0.804038 2.813040
v 0.847135 0.816821 2.819620
v 0.845146 0.811161 2.801170
v 0.197007 0.175408 3.292860
v 1.137130 0.644281 2.770280
v 1.147000 0.650378 2.778540
v 1.141250 0.643501 2.789610
v 1.133480 0.653706 2.781560
v 0.448423 0.250511 2.821500
v 0.448620 0.245792 2.840900
v 0.455654 0.240652 2.829300
v 0.968338 0.770511 2.801460
v 0.958344 -0.053259 1.663730
v 1.010750 -0.037040 1.925670
v 1.001240 -0.046457 1.931680
v 1.011140 -0.056753 1.928340
v 1.005730 -0.048242 1.917830
v 0.760831 0.824410 2.801380
v 0.767610 0.811849 2.808050
v 0.752603 0.813780 2.808330
v 0.760557 0.819585 2.819820
v 0.202815 0.224031 2.975850
v 0.210526 0.217863 2.987190
v 0.208667 0.232023 2.986190
v 0.221402 0.226915 2.982100
v 1.749830 0.454206 2.886850
v 1.731410 0.457318 2.892540
v 1.743570 0.453455 2.900500
v 0.749675 0.348193 2.831620
v 0.757989 0.343516 2.820110
v 0.757192 0.336171 2.836340
v 1.262900 -0.020935 2.791390
v 1.251090 -0.024048 2.800680
v 1.249850 -0.030797 2.786960
v 1.843880 0.033781 2.869540
v 1.858940 0.035441 2.864900
v 1.102120 0.128197 2.802410
v 1.114520 0.136157 2.802420
v 1.077530 0.141898 2.806600
v 2.239110 0.448837 3.449350
v 1.148470 0.549506 2.791150
v 1.145870 0.547308 2.771680
v 1.153480 0.557637 2.779530
v 1.294820 -0.050838 2.007110
v 1.439520 0.750854 2.823760
v 1.445280 0.744717 2.835160
v 1.453370 0.752218 2.826300
v 1.251820 0.348479 2.754090
v 1.251610 0.341664 2.769890
v 1.240880 0.354584 2.766150
v 2.230660 0.348798 3.345860
v 1.730190 0.648057 2.887710
v 1.740980 0.640149 2.895360
v 1.738020 0.640179 2.877020
v 1.728870 0.632714 2.887170
v 0.915335 -0.046141 2.533920
v 0.895367 -0.046775 2.519730
v 0.883551 -0.038451 2.522890
v 1.161150 0.806747 2.773510
v 1.152180 0.818374 2.769530
v 1.158340 0.812843 2.787160
v 1.246330 0.254027 2.775900
v 1.241600 0.254773 2.762410
v 1.241510 0.241789 2.768430
v 1.241340 -0.026219 2.848990
v 1.248000 -0.013157 2.836290
v 1.237580 -0.012809 2.846000
v 1.244400 0.076623 2.765510
v 1.251820 0.083639 2.776690
v 1.242930 0.072807 2.779140
v 1.379360 -0.022410 2.748820
v 1.314960 0.656801 2.798680
v 1.321820 0.658202 2.780100
v 1.320430 0.646521 2.789310
v 1.324260 0.244475 2.787310
v 1.237700 0.085791 2.781720
v 1.446180 0.345792 2.835810
v 0.857356 0.355967 2.828610
v 0.181208 0.539562 3.318320
v 0.179558 0.525810 3.315460
v 0.190567 0.532729 3.309900
v 1.255520 0.355389 2.766490
v 1.139170 0.555599 2.781670
v 1.343730 -0.032983 1.953050
v 1.340810 -0.044213 1.963560
v 1.348450 -0.050886 1.951630
v 1.366680 0.646657 2.819590
v 1.372520 0.648290 2.800590
v 1.364020 0.656376 2.809140
v 0.939509 -0.059736 1.836440
v 1.243110 -0.047775 1.813620
v 0.563382 2.437510 4.668730
v 0.565183 2.449260 4.678690
v 0.568564 2.433790 4.684260
v 0.728811 -0.064334 1.540080
v 1.051490 0.659416 2.790250
v 1.044350 0.646536 2.792840
v 1.056470 0.648572 2.801350
v 1.378470 0.562020 2.808870
v 1.376080 0.548847 2.802550
v 1.366140 0.558965 2.816470
v 1.553530 0.542813 2.861460
v 1.550560 0.549515 2.849270
v 1.554250 0.557019 2.861030
v 1.543390 0.550451 2.867900
v 1.377530 0.550001 2.816930
v 1.324340 0.762047 2.783930
v 1.246640 0.560780 2.763530
v 1.245810 0.545831 2.762280
v 1.243120 0.553417 2.749600
v 1.232770 0.552695 2.765220
v 0.648942 0.448715 2.844790
v 0.642759 0.452711 2.827550
v 0.641783 0.440893 2.835350
v 1.324980 0.562417 2.786940
v 1.329540 0.548699 2.787660
v 1.325260 0.554143 2.774950
v 0.649349 0.647658 2.839970
v 0.641927 0.639855 2.830230
v 0.648574 0.647750 2.820010
v 1.060930 0.556735 2.784080
v 1.054850 0.551570 2.796350
v 1.064620 0.560059 2.803170
v 1.135830 0.738825 2.771950
v 1.448930 0.744218 2.815510
v 1.252380 0.246068 2.758820
v 1.357240 0.444825 2.809150
v 1.361970 0.457834 2.816480
v 1.369940 0.451870 2.803280
v 1.334090 -0.044866 1.949430
v 1.122080 -0.053869 2.026610
v 1.114120 -0.043634 2.019520
v 1.128740 -0.043180 2.019150
v 0.935044 -0.044099 2.022670
v 2.235550 0.566981 3.265670
v 2.218430 0.816360 3.239010
v 2.225200 0.828930 3.238340
v 2.236570 0.821185 3.242190
v 2.236810 0.154591 3.356750
v 1.676030 0.416822 2.911040
v 1.666790 0.414750 2.899250
v 1.679970 0.415980 2.891920
v 1.871560 1.652380 4.818240
v 1.846180 1.630480 4.795460
v 1.873900 1.640440 4.807350
v 1.846130 1.644710 4.798480
v 1.157870 -0.033773 2.563420
v 1.171230 -0.026218 2.571380
v 1.172200 -0.034819 2.559130
v 1.169520 -0.043419 2.571130
v 1.658490 0.138391 2.893080
v 1.644160 0.151955 2.891200
v 1.653320 0.145788 2.881340
v 1.674380 0.167157 2.892180
v 2.241310 0.345357 3.268610
v 2.244010 0.353634 3.254420
v 2.244180 0.361512 3.268820
v 1.679290 0.154572 2.900610
v 1.682550 0.168178 2.903990
v 2.242160 0.249815 3.451510
v 2.222590 0.250339 3.447820
v 2.232020 0.260417 3.453000
v 2.224560 0.359656 3.505510
v 2.224920 0.344823 3.503550
v 2.214430 0.351180 3.512130
v 0.092810 0.789452 4.541260
v -1.850550 1.645780 4.541070
v -0.914491 1.455280 4.648960
v -0.904326 1.457470 4.639000
v -0.914800 1.455400 4.629350
v -0.910174 1.444310 4.639020
v -1.842370 2.253320 4.520900
v -1.662300 1.952310 4.554380
v -1.668050 1.958900 4.543270
v -1.659690 1.951510 4.534570
v -1.654030 1.959340 4.545100
v -1.751070 1.656040 4.536830
v -1.752010 1.656590 4.556800
v -1.758660 1.649000 4.546680
v -1.854720 1.952990 4.532660
v -1.739320 2.044780 4.531370
v -1.731410 2.051530 4.541340
v -1.733180 2.037270 4.542280
v -1.662200 1.562730 4.556300
v -1.653350 1.556230 4.546330
v -1.659970 1.548740 4.556370
v -1.650080 1.860740 4.551500
v -1.657730 1.850520 4.557640
v -1.651540 1.853530 4.539390
v -1.663470 1.860280 4.546890
v -1.752810 1.956230 4.545410
v -1.756980 1.944090 4.539300
v -1.743310 1.942940 4.543000
v -1.553780 2.047250 4.569180
v -1.548320 2.040560 4.581390
v -1.556460 2.030780 4.573530
v -1.743260 2.154920 4.538470
v -1.520740 2.052130 4.610460
v -2.228090 2.030290 4.502620
v -2.054600 1.948070 4.526280
v -2.057710 1.951560 4.509930
v -2.064600 1.938440 4.516540
v -2.058570 2.353290 4.510080
v -2.233850 1.961410 4.502050
v -2.228150 1.943270 4.503090
v -1.646880 2.148560 4.538220
v -1.655230 2.156270 4.546940
v -1.659220 2.149160 4.530980
v -1.558360 1.834240 4.579460
v -1.565580 1.844750 4.586750
v -1.571130 1.838940 4.574840
v 1.933170 1.951610 4.795760
v 1.943670 1.964940 4.799940
v 1.943670 1.957640 4.784060
v -1.647880 2.161700 4.532620
v -1.562900 2.043290 4.583270
v -1.559300 1.843260 4.567900
v -1.659340 2.243170 4.531090
v 0.858240 0.815245 2.808710
v 1.346820 1.653690 4.849410
v 1.347700 1.652580 4.832620
v 1.342240 1.641590 4.841510
v 1.439810 2.070970 4.845950
v 1.449710 2.065470 4.834860
v 1.444540 2.056870 4.845840
v 1.642590 2.659570 4.820050
v 1.651430 2.671290 4.812250
v 1.659010 2.659880 4.821660
v 1.725940 2.184410 4.528210
v 1.724150 2.183450 4.544780
v 1.726720 2.198360 4.537720
v 1.456020 1.648670 4.856480
v 1.347020 2.300380 4.672280
v 1.338080 2.297990 4.660170
v 1.345150 2.310910 4.656260
v 1.959260 1.842590 4.814690
v 1.860100 2.648250 4.758660
v 1.795370 0.828507 2.910840
v 1.807410 0.863727 2.902790
v 1.790720 0.837313 2.897650
v 1.088240 2.042120 4.815330
v 1.556040 1.943480 4.858040
v 1.556790 1.956640 4.852350
v 1.543900 1.956110 4.858640
v 1.821930 2.592390 4.773820
v 1.825380 2.589090 4.789490
v 1.823980 2.605920 4.784790
v 1.834820 2.596470 4.780410
v 1.651410 2.670400 4.828850
v 1.197930 2.692770 4.752100
v 1.559970 2.674600 4.751600
v 1.553380 2.688550 4.752710
v 1.554430 2.684200 4.767520
v 1.735020 2.408630 4.782410
v 1.719560 2.431010 4.812330
v 1.747270 2.408900 4.791000
v 1.728160 2.426290 4.825020
v 2.173790 2.590510 4.747560
v 2.170340 2.589060 4.732040
v 2.171440 2.574270 4.737960
v 1.842190 2.699890 4.681930
v 1.848840 2.685960 4.687790
v 1.840320 2.693930 4.699470
v 2.183100 2.582870 4.739380
v 1.628960 2.302860 4.827650
v 1.612970 2.296620 4.823130
v 1.624830 2.297500 4.814810
v 1.619260 2.310830 4.816120
v 1.560380 2.344680 4.777580
v 1.554590 2.353540 4.787190
v 1.546460 2.342020 4.784790
v 1.551230 2.357100 4.773760
v 1.980880 1.938950 4.815950
v 1.972820 1.932360 4.804370
v 1.985970 1.937400 4.797720
v 1.775920 2.340770 4.676730
v 1.785790 2.345120 4.685900
v 1.794560 2.337970 4.677380
v 1.909910 2.604850 4.759330
v 1.914490 2.619370 4.759070
v 1.900600 2.615670 4.754400
v 1.908830 2.607850 4.744440
v 1.850930 1.775050 4.791820
v 1.841840 1.639460 4.784880
v 1.876910 1.654910 4.800420
v 2.046310 1.681060 4.803430
v 2.033610 1.683700 4.794450
v 2.606810 1.800270 4.830000
v 2.579990 1.865040 4.811000
v 2.571280 1.854100 4.822560
v 2.569430 1.870680 4.822600
v 2.183420 0.861438 3.348800
v 1.942290 0.849389 2.964080
v 1.942620 0.868569 2.959260
v 1.933180 0.860696 2.967880
v 1.925080 2.061480 4.803390
v 1.923160 2.052210 4.792430
v 1.928800 2.062410 4.783830
v 2.160370 2.590270 4.653760
v 2.165340 2.576970 4.646740
v 2.174330 2.588780 4.641210
v 1.140880 2.247890 4.828170
v 1.155590 2.246800 4.829250
v 1.149260 2.236320 4.820960
v 2.570700 1.925400 4.820950
v 2.579370 1.933090 4.829470
v 2.584590 1.919870 4.827260
v 2.574620 1.923870 4.839430
v 2.054070 1.717340 4.817070
v 1.656290 0.829882 2.858350
v 2.569830 1.598310 4.800620
v 2.564780 1.608680 4.809900
v 1.643680 1.565210 4.859270
v 1.927470 1.581540 4.789560
v 1.922890 1.572230 4.800030
v 1.926450 1.583030 4.809390
v 1.656350 1.651220 4.868870
v 1.642430 1.642400 4.869850
v 1.646700 1.645360 4.854170
v 1.868350 1.556920 4.800280
v 1.883540 1.550530 4.804210
v 1.871130 1.541730 4.801350
v 1.765210 1.835630 4.774400
v 1.749810 1.834070 4.774860
v 1.755850 1.842490 4.763350
v 1.832270 1.633020 4.798870
v 0.465525 -0.064877 1.678660
v 1.828520 1.566310 4.772490
v 1.457280 1.947060 4.859560
v 1.449110 1.939520 4.850440
v 1.462250 1.938060 4.844790
v 2.197170 2.245060 4.721830
v 2.199240 2.241290 4.705640
v 2.193540 2.256740 4.708690
v 2.172710 0.872049 3.263370
v 2.220150 0.748778 3.349470
v 2.239890 0.751272 3.351180
v 2.228500 0.756529 3.358340
v 2.218020 0.757191 3.456680
v 1.739550 0.215650 2.900540
v 1.357300 1.642100 4.843120
v 1.363640 0.057585 2.836820
v 1.349000 0.059300 2.838050
v 1.356920 0.058099 2.850480
v 1.332510 -0.024949 2.880810
v 1.453100 0.642531 2.834110
v 1.439890 0.642605 2.828390
v 1.450290 0.648541 2.820390
v 1.649810 0.271703 2.899560
v 1.046590 0.050512 2.842910
v 1.053990 0.051851 2.830410
v 1.044990 0.041425 2.825600
v -0.049694 -0.052719 1.844610
v 0.845508 -0.064338 1.245590
v 0.641019 0.654102 2.830330
v 1.328110 0.658091 2.793020
v 0.745028 0.047113 2.835530
v 0.755120 0.057282 2.841650
v 0.741516 0.061078 2.837950
v 0.978692 -0.037567 2.385390
v 0.993496 -0.041489 2.391520
v 0.984654 -0.055014 2.388200
v 1.055570 0.645385 2.783020
v 1.360920 0.642369 2.806980
v 1.335690 1.847510 4.824310
v 1.337550 1.861320 4.829220
v 1.350980 1.855310 4.828870
v 1.340610 1.852280 4.840700
v 1.331170 0.816573 2.781220
v 1.343050 0.807083 2.789770
v 1.329830 0.802148 2.784870
v 1.357670 0.356564 2.819750
v 1.358660 0.346050 2.809100
v 1.364900 0.357264 2.801320
v 1.253920 0.753738 2.748630
v 0.343515 -0.075881 1.670050
v 0.343295 -0.056018 1.668310
v 0.352490 -0.065380 1.674510
v 1.328370 0.810441 2.797210
v 1.316420 0.552131 2.792710
v 1.251980 0.453071 2.765360
v 1.248750 0.443616 2.753160
v 1.239170 0.447345 2.763000
v 1.131530 -0.037856 1.748220
v 1.061040 -0.041513 1.661300
v 1.067410 -0.058529 1.658630
v 1.056450 -0.051763 1.652540
v 1.054170 -0.037528 1.842210
v 1.046060 -0.048604 1.837970
v 1.052330 -0.054055 1.849690
v 1.052680 -0.055257 1.665820
v 1.047040 -0.053379 1.565810
v 0.965072 -0.062087 1.743480
v 0.970367 -0.048644 1.750830
v 0.955243 -0.051397 1.745690
v 0.759286 -0.075437 1.244620
v 0.762698 -0.076693 1.259900
v 0.746941 -0.071081 1.253300
v 0.760462 -0.062232 1.253040
v 0.955272 -0.067076 1.536270
v 1.023480 -0.058590 1.482820
v 1.022640 -0.057493 1.497290
v 1.010200 -0.064233 1.493920
v 0.842192 -0.054278 1.758220
v 0.848506 -0.044231 1.750280
v 0.848237 -0.064215 1.749940
v 1.731240 0.120261 2.899840
v 1.062950 -0.038083 2.748770
v 1.055480 -0.033442 2.737220
v 1.062560 -0.020897 2.739030
v 1.313570 0.143121 2.796550
v 1.315500 0.158306 2.799070
v 0.980988 -0.044815 2.397400
v 1.084550 0.256918 2.806650
v 1.073740 0.252652 2.794800
v 1.087390 0.244114 2.798830
v 0.606357 1.567190 4.693890
v 0.614784 1.567370 4.711490
v 0.601120 1.573350 4.707150
v 0.613511 1.600620 4.703080
v 1.015740 -0.047531 1.489250
v 0.444291 -0.079630 1.148320
v 0.450001 -0.068589 1.155510
v 0.458419 -0.078709 1.150030
v 0.451068 -0.088459 1.157390
v 0.601002 -0.082849 0.886170
v 0.614281 -0.073100 0.885198
v 0.615584 -0.090349 0.884316
v 0.820281 -0.081565 1.175880
v 0.454971 -0.091553 1.041970
v 0.461780 -0.081592 1.034360
v 0.454763 -0.071559 1.041680
v 0.658241 -0.074667 1.162400
v 0.644026 -0.079562 1.157920
v 0.650876 -0.074981 1.144580
v 0.347492 -0.070851 1.334260
v -0.253204 -0.085307 1.153420
v -0.259812 -0.075464 1.145560
v -0.259305 -0.095451 1.145530
v -0.251455 -0.085244 1.139300
v 0.147387 -0.066086 1.362740
v 0.155714 -0.076262 1.368850
v 0.153131 -0.077895 1.354670
v -0.141882 -0.088718 0.951156
v -0.146158 -0.096030 1.046200
v -0.158638 -0.095337 0.753295
v -0.339936 -0.099471 0.667419
v -0.047315 -0.091928 0.561764
v 0.057607 -0.094649 0.651438
v 0.046351 -0.083763 0.741171
v 0.050276 -0.102453 0.744704
v 0.056486 -0.089781 0.751461
v -0.135664 -0.111966 0.239637
v 0.252154 -0.095504 0.946943
v 0.251171 -0.075536 0.946676
v 0.259724 -0.085205 0.940729
v 0.114675 -0.118068 0.196928
v -0.048311 -0.120740 0.187936
v -0.055418 -0.109570 0.196687
v -0.052455 -0.106330 0.181436
v -0.040208 -0.106820 0.193087
v 0.052788 -0.100457 0.239353
v 0.047562 -0.118214 0.246485
v 0.057153 -0.114089 0.236197
v 0.042869 -0.110454 0.234779
v 0.409667 -0.101479 0.585749
v 0.153967 -0.097798 0.850126
v -0.749854 -0.076986 1.535710
v -2.951690 1.347700 4.464350
v -0.437163 -0.091030 1.365310
v -0.444087 -0.080019 1.371180
v -0.438343 -0.071741 1.361070
v -0.453749 -0.075861 1.536550
v -0.439931 -0.076382 1.533520
v -0.445211 -0.086051 1.542410
v -0.556102 -0.081423 1.349750
v -0.549840 -0.091160 1.358040
v -0.550056 -0.071169 1.357560
v -0.676470 -0.078803 1.456720
v -2.650700 1.258960 4.483700
v -2.658530 1.248670 4.491800
v -2.651530 1.256240 4.503030
v -3.145200 1.247340 4.443380
v -3.158760 1.248860 4.449470
v -3.153250 1.262740 4.448770
v -2.964950 1.157610 4.467570
v -2.979020 1.159580 4.462330
v -2.976820 1.145050 4.465990
v -3.298810 2.334580 4.423680
v -3.113620 2.462620 4.436040
v -3.037120 2.250780 4.431240
v -3.036760 2.249780 4.451190
v -3.033060 2.240650 4.440660
v -3.296580 2.136760 4.414240
v -3.046220 2.246110 4.441180
v -2.964870 2.029990 4.435360
v -3.231300 2.053760 4.415810
v -3.224390 2.060110 4.426540
v -3.234080 2.054820 4.435570
v -3.212770 1.545160 4.433290
v -3.217950 1.554160 4.423450
v -3.211750 1.562750 4.433050
v -3.238210 2.062910 4.424450
v -3.224870 1.945180 4.431070
v -3.049600 1.552800 4.437470
v -3.043900 1.561590 4.447250
v -3.051410 1.554590 4.457250
v -3.240730 1.862170 4.419600
v -3.244360 1.862320 4.436250
v -3.229840 1.868900 4.430230
v -3.141280 1.545000 4.428600
v -3.132920 1.549550 4.439120
v -3.142240 1.544430 4.448520
v -2.851480 1.647290 4.467730
v -2.857470 1.652930 4.453710
v -2.844340 1.640970 4.452720
v -3.215070 1.435580 4.429600
v -3.161940 1.160050 4.452970
v -3.146220 1.554460 4.438630
v -2.970680 1.152070 4.452160
v -3.153780 1.459430 4.441220
v -2.972030 1.639170 4.447790
v -2.989920 1.239140 4.465730
v -2.975950 1.246770 4.469910
v -2.988130 1.254490 4.464150
v -3.046380 1.260960 4.456990
v -2.752510 1.352700 4.467080
v -2.745360 1.359630 4.477210
v -2.754230 1.354240 4.486910
v -2.759270 1.362170 4.475800
v -3.147790 1.251130 4.459360
v -3.200670 0.762661 4.456260
v -2.676270 0.959018 4.499870
v -2.662070 0.954975 4.499390
v -2.665960 0.953152 4.485250
v -2.456550 1.553700 4.502510
v -1.653320 1.556420 4.566240
v -1.568050 0.842107 4.581580
v -1.638710 0.741767 4.568240
v -1.740260 0.640416 4.572380
v -1.743760 0.654290 4.572340
v -1.749870 0.645481 4.581810
v -1.748520 0.645771 4.561880
v -1.507810 1.533730 4.603010
v -1.522180 1.526350 4.597750
v -1.520930 1.542090 4.599720
v -2.450460 1.645410 4.494050
v -2.463110 1.645400 4.486750
v -2.454270 1.653420 4.478340
v -1.954340 1.551320 4.545000
v -1.953230 1.550470 4.525110
v -1.945200 1.544640 4.535800
v -2.048210 1.653340 4.517920
v -1.862080 1.843850 4.533700
v -1.648240 1.446170 4.551100
v -1.955540 1.469910 4.538120
v -1.750420 1.750910 4.554530
v -2.352210 1.052840 4.507940
v -2.362450 1.048440 4.517150
v -2.359480 1.062550 4.516070
v -2.044880 1.556960 4.521060
v -2.043130 1.557720 4.540700
v -2.034800 1.563920 4.529810
v -1.849800 1.553670 4.535160
v -1.842380 1.255640 4.555590
v -1.854420 1.243240 4.549480
v -1.850980 1.250130 4.566110
v -1.847720 1.340610 4.553300
v -1.862030 1.340440 4.551780
v -1.854530 1.348840 4.542820
v -1.941290 1.041840 4.552120
v -1.948610 1.047610 4.562930
v -1.951290 1.047150 4.543430
v -1.942170 1.056090 4.551900
v -0.836004 -0.060125 2.141430
v -1.141640 -0.060320 2.109310
v -1.076740 -0.063257 2.029750
v -1.062690 -0.065808 2.031170
v -1.069930 -0.076245 2.037840
v -1.119710 -0.065632 2.079360
v -1.067280 -0.058851 2.042850
v -1.128540 -0.079013 1.960610
v -1.129350 -0.066175 2.101190
v -0.936206 -0.063989 2.152170
v 0.348927 0.450437 2.827920
v 0.206443 0.356644 3.012870
v 0.195560 0.658624 2.983530
v 0.973190 -0.034408 2.719270
v 0.972264 -0.043796 2.731540
v 0.962028 -0.034076 2.728450
v 0.178956 0.649186 3.034530
v 0.855571 0.153295 2.834590
v 0.848310 0.145446 2.844260
v 0.855545 0.138955 2.833680
v 0.178186 0.731513 3.022490
v 0.190782 0.726100 3.015840
v 0.193975 0.727545 3.030670
v 0.450101 0.545688 2.831800
v 0.338540 -0.065185 1.678500
v 0.441313 0.240981 2.829530
v 0.260365 0.644331 2.818340
v 0.348262 0.645297 2.807100
v 0.360975 0.656100 2.809100
v 0.351522 0.649672 2.822960
v 0.169769 0.651321 3.138540
v 0.447070 0.447484 2.833710
v 0.261472 0.248362 2.832180
v 0.264009 0.246139 2.813310
v 0.269498 0.257201 2.822480
v 0.641880 0.340892 2.831230
v 0.208339 0.444882 2.916670
v 0.189700 0.083231 3.042160
v 0.208868 0.082947 3.046020
v 0.454080 0.140686 2.831070
v 0.442176 0.150807 2.824070
v 0.445707 0.147355 2.842240
v 0.255616 0.151800 2.825000
v 0.266899 0.143602 2.836850
v 0.269917 0.155279 2.827920
v 0.204965 0.468367 3.001020
v 0.179017 0.646077 3.266820
v 0.188009 0.657504 3.266100
v 0.178044 0.656703 3.276190
v 0.168127 0.655711 3.266070
v 1.241420 0.035840 2.839330
v 1.244750 0.029479 2.852120
v 1.246920 0.043524 2.855740
v 0.360531 -0.050717 1.860520
v 0.370512 -0.060401 1.863780
v 0.361476 -0.070671 1.859670
v 0.357476 -0.061263 1.869550
v 1.369690 0.443358 2.818540
v 1.160220 0.036793 2.846050
v 1.145670 0.032660 2.846530
v 1.151720 0.035494 2.832950
v 0.855536 0.254487 2.832490
v 0.847804 0.246416 2.823780
v 0.849749 0.247876 2.843600
v 1.052810 0.157947 2.804070
v 1.054860 0.038926 2.837110
v 0.648510 0.746544 2.837170
v 1.141090 0.153173 2.779480
v 1.147770 0.153053 2.797150
v 0.640651 -0.044320 2.663590
v 0.639279 -0.053018 2.675130
v 0.628605 -0.042153 2.671390
v 0.345912 -0.006801 2.852160
v 0.241967 0.759833 2.797790
v 0.723403 -0.050299 2.590250
v 0.734217 -0.039209 2.594300
v 0.739586 -0.055113 2.591860
v 0.567367 -0.043040 2.547590
v 0.579319 -0.044436 2.559840
v 0.581963 -0.046814 2.544950
v 0.542280 0.139093 2.835690
v 0.556183 0.138254 2.839360
v 0.547835 0.147032 2.847150
v 0.197239 0.455361 3.004890
v 0.339571 -0.063064 1.744520
v 0.574439 -0.062611 1.741630
v 0.147964 -0.075710 0.943679
v 0.155236 -0.085224 0.951855
v 0.153851 -0.090444 0.938383
v 0.140752 -0.085910 0.951828
v -0.352444 -0.093930 1.245740
v -0.345393 -0.083306 1.252700
v -0.354158 -0.074141 1.245610
v -0.345260 -0.083388 1.238170
v 0.184794 0.976889 2.771800
v 0.197959 0.987573 2.764020
v 0.199509 0.972094 2.767750
v 0.230360 0.954559 2.761250
v 0.223483 0.963666 2.771160
v 0.233709 0.957127 2.780170
v 0.240036 -0.088961 1.056590
v -0.048525 -0.077604 0.941530
v -0.055480 -0.087859 0.934420
v -0.045476 -0.087693 0.951260
v -0.144819 -0.083865 1.141270
v -0.150229 -0.093632 1.149970
v -0.150356 -0.073646 1.149340
v -0.521314 -0.099400 0.749954
v -0.524386 -0.087942 0.759215
v -0.523997 -0.106900 0.762723
v -0.535172 -0.098608 0.755769
v 0.529332 -0.053892 1.661880
v 0.528216 -0.073736 1.663480
v 0.519238 -0.063631 1.658280
v 0.248695 -0.105017 0.543519
v -0.043990 -0.102778 0.436770
v -0.085503 0.117286 0.292790
v 0.649641 -0.065142 1.155350
v 0.155666 -0.073890 1.039700
v 0.160504 -0.086299 1.047640
v 0.161007 -0.086466 1.032140
v 0.057306 -0.096627 0.852819
v 0.052795 -0.080049 0.846865
v 0.044420 -0.089888 0.853580
v 0.037503 -0.087242 0.935300
v 0.061859 -0.086584 1.047720
v -0.040001 -0.087944 0.936576
v -0.050385 -0.078486 1.350850
v -0.049236 -0.112769 0.335172
v 0.538146 -0.085137 0.952159
v 0.552608 -0.082636 0.950144
v 0.544015 -0.071963 0.944587
v 0.547409 -0.087719 0.937269
v 0.349068 -0.079692 0.945460
v 0.354107 -0.082937 1.048340
v 0.339533 -0.082683 1.034660
v 0.353810 -0.083014 1.034050
v 0.347135 -0.072695 1.041350
v 0.721852 -0.066196 1.052750
v 0.717751 -0.075937 1.062550
v 0.722248 -0.086165 1.053450
v 0.222845 0.948718 2.773300
v 0.636750 -0.065653 1.469040
v 0.651222 -0.065313 1.467980
v 0.643459 -0.056480 1.459470
v 0.238368 -0.079894 1.519890
v 0.148151 -0.091183 1.039640
v 0.144966 -0.085361 1.365400
v 0.257973 -0.085103 0.954833
v -0.253426 -0.082822 1.234310
v -0.262155 -0.073373 1.241280
v -0.254633 -0.083003 1.248400
v 0.551384 -0.083762 0.856731
v -0.628316 -0.105155 0.873439
v -0.616477 -0.098109 0.880885
v -0.625575 -0.086147 0.876486
v -0.045128 -0.063559 1.528490
v -0.038807 -0.074223 1.536760
v -0.040211 -0.075736 1.522000
v -0.343521 -0.083951 1.569570
v -0.348155 -0.069283 1.571970
v -0.344102 -0.074051 1.558440
v -0.352317 -0.092868 1.156830
v -0.343366 -0.088453 1.145300
v -0.352499 -0.076621 1.148310
v -0.639887 -0.083592 0.951044
v -0.635908 -0.099961 0.957315
v -0.633250 -0.094644 0.943744
v -0.654743 -0.081216 1.046620
v -0.652423 -0.098860 1.051750
v -0.654899 -0.093991 1.036200
v -0.647682 -0.097459 0.945556
v -0.442320 -0.095551 0.837213
v -0.456517 -0.094347 1.047980
v -0.664641 -0.092107 1.047070
v -0.550180 -0.087604 1.164430
v -0.355128 -0.094361 0.840523
v -0.342672 -0.100497 0.632875
v -0.253729 -0.099555 0.651069
v -0.448498 -0.106549 0.745674
v -0.440002 -0.095407 0.741644
v -0.438177 -0.098123 0.755846
v 0.248183 -0.057983 1.649180
v 0.247039 -0.077753 1.651820
v 0.256395 -0.067617 1.656190
v -0.452339 -0.090331 0.747526
v -0.465841 -0.084543 1.243100
v -0.542014 -0.081228 1.351560
v 0.543261 0.242501 2.835490
v -0.333349 -0.071974 1.647020
v -0.261046 -0.093293 1.241120
v -0.358047 -0.090491 1.141730
v -0.256968 -0.077898 1.769400
v -0.246599 -0.068066 1.770920
v -0.256231 -0.058031 1.767310
v -0.446332 -0.095884 1.136800
v -0.439174 -0.090497 1.149610
v -0.452633 -0.087102 1.146160
v -0.442998 -0.077394 1.141990
v -0.349258 -0.088257 1.355550
v -0.350739 -0.072181 1.352050
v -0.361144 -0.081344 1.343070
v -0.436469 -0.072567 1.651820
v -0.451597 -0.072844 1.640490
v -0.436326 -0.075988 1.635950
v -0.920927 -0.087371 1.284770
v -0.644358 -0.078493 1.159700
v -0.651692 -0.088127 1.167210
v -0.643466 -0.098353 1.161670
v -0.650975 -0.089495 1.153050
v 0.050961 -0.083875 1.252510
v -0.440703 -0.063297 1.641480
v -0.346670 -0.082364 1.342530
v -0.157564 -0.083977 1.436080
v 0.448668 -0.070578 1.455980
v 0.434137 -0.077508 1.464090
v 0.438940 -0.060219 1.462370
v 0.144019 -0.071947 1.653290
v 0.247474 -0.062557 1.438310
v 0.242023 -0.072522 1.446740
v 0.256028 -0.071750 1.444890
v 0.240228 -0.073394 1.432740
v 0.155581 -0.072575 1.460100
v 0.237971 -0.077536 1.341360
v 0.152990 -0.080501 1.254640
v 0.138933 -0.078897 1.253450
v 0.140409 -0.080354 1.239400
v 0.146733 -0.068874 1.247100
v 0.536652 -0.071303 1.364200
v 0.542649 -0.081304 1.356090
v 0.542404 -0.061309 1.355910
v 0.350385 -0.062258 1.423560
v 0.353119 -0.071490 1.433930
v 0.359947 -0.072531 1.421580
v 0.523818 -0.062788 1.671990
v 0.445309 -0.070632 1.469950
v 0.757492 -0.074456 1.340940
v 0.754811 -0.059226 1.344630
v 0.747222 -0.067861 1.355690
v 1.146990 0.807553 2.778710
v 0.853533 0.737816 2.817940
v 0.848616 0.754528 2.817750
v 0.842301 0.743674 2.825550
v 0.780420 -0.046890 1.978050
v 0.568194 1.499170 4.721210
v 0.561491 1.494860 4.708200
v 0.576191 1.491700 4.710760
v 1.551060 1.754390 4.860580
v 1.537160 1.751390 4.859030
v 1.544920 1.746730 4.870990
v 1.551740 1.741230 4.855020
v 2.234140 0.351513 3.513260
v 1.355570 1.953620 4.837690
v 1.349320 1.946460 4.826610
v 1.363320 1.945980 4.828630
v 1.017290 1.552480 4.773300
v 1.021830 1.538730 4.773210
v 1.019100 1.545500 4.760700
v 0.547662 1.540310 4.707460
v 0.558693 1.540830 4.717020
v 0.559894 1.552310 4.708080
v 0.748887 1.663380 4.740990
v 0.753263 1.661640 4.721580
v 0.759086 1.669290 4.732480
v 0.572432 1.508080 4.707130
v 0.556704 1.642160 4.706090
v 0.566658 1.648080 4.696530
v 0.948285 1.560300 4.738980
v 0.959320 1.553040 4.747740
v 0.946626 1.547460 4.744770
v 0.564436 1.536180 4.704420
v 1.936260 1.577640 4.800300
v 1.549160 0.064438 2.858460
v 0.971317 1.496110 4.742540
v 0.976431 1.494290 4.755810
v 0.981357 1.506300 4.743520
v 0.983519 1.488580 4.742630
v 1.738610 0.444327 2.889440
v 1.670750 0.163427 2.910710
v 1.641550 0.341441 2.890820
v 2.230180 0.354709 3.263620
v 1.743670 0.818203 2.884940
v 1.745350 0.126473 2.894400
v 1.738260 0.554859 2.878140
v 1.729550 0.561693 2.888290
v 1.738920 0.555071 2.897970
v 2.229530 0.758155 3.344200
v 1.542860 0.443298 2.858790
v 1.650430 0.441186 2.889190
v 2.113600 0.918392 3.236940
v 1.850530 0.847854 2.928830
v 1.639830 0.564261 2.889370
v 1.752140 0.087801 2.897420
v 1.727500 0.053551 2.890260
v 1.726620 0.348912 2.894150
v 1.731090 0.341357 2.882920
v 1.724920 0.334775 2.894850
v 1.674910 0.427407 2.900360
v 1.672400 0.248452 2.910980
v 1.735960 0.341716 2.902170
v 1.731570 0.547648 2.888370
v 0.863492 -0.034937 2.657020
v 1.256760 0.147897 2.764910
v 1.240430 0.143208 2.762510
v 1.246030 0.145371 2.778580
v 1.153540 0.353166 2.784250
v 1.146660 -0.034112 2.207820
v 1.141820 -0.041144 2.196300
v 1.130400 -0.041564 2.204950
v 1.141970 -0.051534 2.206170
v 1.025580 0.444934 2.795210
v 1.058520 0.443178 2.797130
v 1.027700 0.446631 2.811670
v 1.144190 0.260626 2.785640
v 1.142220 0.244665 2.786860
v 1.149860 0.252598 2.798650
v 1.212430 -0.023938 2.528730
v 1.203790 -0.033833 2.522460
v 1.212040 -0.043897 2.528980
v 0.929783 -0.044330 2.540820
v 0.922634 -0.057678 2.543100
v 1.114650 -0.028234 2.642090
v 1.119500 -0.034206 2.629770
v 1.105140 -0.032357 2.628690
v 1.354210 0.045685 2.835540
v 1.134540 0.146001 2.792000
v 1.752410 0.215472 2.910470
v 1.457430 0.109230 2.826180
v 1.451340 0.116195 2.843770
v 1.444020 0.110188 2.832390
v 0.761537 0.643857 2.823140
v 0.760026 0.657906 2.822380
v 0.752549 0.650207 2.832030
v 1.250710 0.135414 2.769140
v 1.446900 0.457015 2.833370
v 1.551970 0.356471 2.853920
v 0.845829 -0.030337 2.842600
v 0.858776 -0.018253 2.834490
v 0.849274 -0.016075 2.845960
v 1.725640 0.243933 2.894730
v 1.733550 0.253837 2.903240
v 0.949014 0.350210 2.827740
v 0.940143 0.343387 2.818570
v 0.946240 0.351129 2.807980
v 0.949583 0.653690 2.818060
v 0.954899 0.663297 2.808180
v 0.946619 0.655447 2.798800
v 0.958327 0.649045 2.806350
v 1.327760 0.090151 2.797620
v 1.340060 0.082189 2.796350
v 1.332590 0.084786 2.783950
v 1.151100 0.076717 2.773280
v 1.152350 0.090464 2.777750
v 1.158800 0.084853 2.789470
v 1.144260 0.081693 2.786000
v 1.247330 -0.014098 2.789630
v 1.268770 -0.030783 2.662710
v 1.255000 -0.037382 2.666520
v 1.256440 -0.027997 2.655510
v 1.252380 -0.021950 2.668100
v 0.953332 -0.029398 2.678240
v 0.938970 -0.029139 2.875760
v 0.939648 -0.021995 2.893560
v 0.933942 -0.015327 2.880750
v 1.056150 0.084975 2.784170
v 1.052230 0.090322 2.799820
v 1.066530 0.081681 2.796700
v 1.045110 0.145753 2.804280
v 1.036800 -0.029659 2.849080
v 1.027310 -0.016564 2.850400
v 1.029140 -0.020039 2.834660
v 1.052350 -0.050956 2.541910
v 1.053260 -0.038189 2.551860
v 1.041760 -0.039575 2.541490
v 1.055290 -0.034503 2.535740
v 1.156840 0.250547 2.783230
v 1.234860 -0.021818 2.835310
v 1.088380 0.260040 2.792200
v 1.046810 0.154459 2.816710
v 1.039320 0.158889 2.799040
v 1.052300 0.075185 2.795780
v 0.752768 0.460860 2.827740
v 1.064740 0.455944 2.789750
v 1.144630 0.046780 2.841200
v 1.164330 -0.020163 2.859060
v 1.164900 -0.029917 2.847310
v 1.166330 -0.016723 2.839750
v 1.039950 -0.016759 2.843550
v 1.318270 0.458280 2.781800
v 1.321530 0.455825 2.795480
v 1.309530 0.449957 2.790430
v 1.309170 0.461998 2.799100
v 0.948565 0.156208 2.822270
v 1.327860 0.074897 2.800100
v 0.643993 -0.076687 0.952202
v 0.630903 -0.080513 0.947044
v 0.629351 -0.072782 0.959308
v 0.635160 -0.089956 0.957306
v 1.155120 -0.019539 2.848150
v 1.112890 -0.045204 2.636570
v 0.649016 0.247600 2.829360
v 0.640125 0.255462 2.837980
v 0.647203 0.249130 2.849160
v 0.642390 2.224180 4.474200
v 0.944291 2.042170 4.734390
v 1.019640 2.047230 4.776870
v 1.028290 2.058970 4.773300
v 1.027650 2.052770 4.759640
v 1.492980 2.660300 4.803390
v 1.483010 2.654650 4.772630
v 1.486360 2.641530 4.804720
v 1.498550 2.647460 4.799500
v 1.195480 2.689510 4.781780
v 1.209020 2.698580 4.761810
v 1.263470 2.265790 4.672420
v 1.268650 2.252210 4.682530
v 1.306970 2.270040 4.685140
v 1.752500 1.472330 4.780800
v 1.764150 1.482610 4.778010
v 1.752060 1.491560 4.782780
v 1.718190 1.846740 4.822830
v 1.719880 1.841500 4.838280
v 1.729780 1.850060 4.831390
v 1.859480 1.854450 4.774530
v 1.755950 1.846740 4.781300
v 1.870490 1.548900 4.815050
v 1.451510 2.148910 4.853770
v 1.460470 2.156280 4.843700
v 1.452270 2.147420 4.834180
v 1.721300 2.629040 4.804960
v 1.565110 1.651410 4.862190
v 1.567500 1.665460 4.861480
v 1.558720 1.660340 4.871500
v 1.769180 1.765750 4.762750
v 1.758270 1.760080 4.750230
v 1.767860 1.751640 4.757990
v 1.774410 1.759600 4.747170
v 1.881480 1.818400 4.801690
v 1.738040 1.749710 4.821190
v 1.729050 1.738500 4.819590
v 1.741450 1.743720 4.833900
v 1.744260 1.736660 4.820560
v 1.744400 1.656390 4.817630
v 2.626380 1.659450 4.806810
v 2.616200 1.647450 4.809090
v 2.623420 1.650300 4.822970
v 2.631740 1.645740 4.812050
v 1.743900 1.570070 4.832540
v 1.730840 1.561690 4.825340
v 1.727800 1.573140 4.837680
v 1.761470 1.530240 4.742520
v 1.752500 1.541630 4.752800
v 1.767600 1.533350 4.757240
v 1.265020 1.683880 4.834410
v 1.264590 1.669470 4.835160
v 1.256420 1.675950 4.825180
v 1.436890 1.571340 4.858610
v 1.445520 1.563160 4.849980
v 1.435680 1.557130 4.858360
v 1.754580 1.527470 4.754940
v 1.643360 1.655730 4.863920
v 1.559350 1.659240 4.851560
v 1.457590 1.855760 4.849010
v 1.444330 1.858400 4.853550
v 1.450320 1.851420 4.864450
v 1.547120 1.566350 4.856380
v 1.555980 1.570820 4.868030
v 1.546560 1.560480 4.874220
v 1.541120 1.574370 4.868730
v 1.729230 1.662590 4.821170
v 1.559540 1.839040 4.857980
v 1.550690 1.848780 4.867540
v 1.546440 1.851320 4.852050
v 1.628070 1.743200 4.863690
v 1.444380 1.747220 4.857810
v 1.443900 1.734090 4.852030
v 1.456840 1.735640 4.858040
v 1.452050 1.741410 4.842760
v 1.740720 1.656460 4.833990
v 1.741660 1.667830 4.825560
v 1.301010 2.258450 4.676240
v 1.315370 2.253330 4.680290
v 1.305040 2.256440 4.690140
v 1.240210 2.354960 4.777500
v 1.255320 2.356440 4.784650
v 1.241850 2.353000 4.794040
v 1.134160 1.944460 4.828230
v 1.148840 1.944580 4.825900
v 1.140880 1.950500 4.840030
v 1.670510 2.365470 4.786920
v 1.672170 2.379110 4.781520
v 1.681870 2.368830 4.778730
v 2.582360 1.863750 4.825760
v 2.669160 1.954930 4.819600
v 1.974430 2.439230 4.827040
v 1.967770 2.429550 4.836970
v 1.964000 2.447560 4.834670
v 2.226360 0.819233 3.350350
v 2.230000 0.816734 3.336880
v 2.233810 0.828898 3.343070
v 1.652570 2.420390 4.851510
v 1.646330 2.413180 4.837870
v 1.660690 2.417110 4.839370
v 2.185920 2.244220 4.711920
v 2.085480 2.205900 4.592040
v 2.073690 2.209600 4.584030
v 2.084170 2.204550 4.575000
v 2.083820 2.220220 4.582770
v 2.009530 2.432320 4.850500
v 1.995910 2.437520 4.858170
v 2.007020 2.431550 4.868750
v 1.547700 2.356070 4.820460
v 1.547000 2.370150 4.812010
v 2.123860 2.587010 4.607210
v 2.114000 2.586850 4.596430
v 2.121970 2.574620 4.596200
v 1.542080 2.131600 4.851210
v 1.543230 2.145790 4.851220
v 1.534150 2.139030 4.860400
v 2.014040 2.665500 4.661960
v 2.004940 2.650200 4.656910
v 2.012580 2.652020 4.671510
v 2.199860 0.867903 3.164660
v 1.725820 2.416370 4.810320
v 2.019160 2.652370 4.658620
v 2.216470 0.819371 3.340150
v 1.148110 2.239490 4.839710
v 1.818420 0.851417 2.900750
v 1.801320 0.825144 2.894070
v 2.059640 0.907338 3.287320
v 2.056840 0.892192 3.288280
v 2.068310 0.897158 3.275980
v 2.224020 0.824418 3.251850
v 1.647750 0.649919 2.873740
v 1.654380 0.659550 2.883220
v 1.644640 0.653506 2.892980
v 1.739010 0.762037 2.875770
v 1.731890 0.753375 2.885180
v 1.733610 0.764237 2.894840
v 1.661090 0.744425 2.882360
v 0.670089 -0.056129 2.562320
v 0.678779 -0.049877 2.571860
v 0.665965 -0.048670 2.578190
v 0.142991 0.558692 3.519760
v 0.750443 2.043000 4.717690
v 0.760282 2.048370 4.708800
v 0.764219 2.057410 4.719170
v 1.976090 1.947410 4.804000
v 1.939800 1.493760 4.822170
v 1.945900 1.481850 4.812980
v 1.951170 1.496140 4.812300
v 1.751400 1.483040 4.770990
v 1.937110 1.496730 4.806450
v 1.956940 1.543770 4.800330
v 1.954920 1.554890 4.812230
v 1.960370 1.539550 4.814260
v 1.943980 1.543490 4.807790
v 1.252940 1.673140 4.842860
v 1.723760 2.071820 4.827950
v 1.733890 2.071490 4.817440
v 1.719620 2.066150 4.815150
v 2.052470 0.911340 3.258840
v 0.642904 0.808548 2.819470
v 0.905773 0.793411 2.796880
v 0.866600 -0.029880 2.755940
v 0.858692 -0.041349 2.762690
v 0.851531 -0.025316 2.758360
v 0.838209 0.742868 2.811370
v 0.951498 0.548226 2.802410
v 0.945336 0.556517 2.812490
v 0.954093 0.550200 2.822070
v 0.196617 0.194445 3.042150
v 0.187666 0.206624 3.045920
v 0.206844 0.204180 3.048730
v -0.677667 -0.057970 2.241250
v 0.764136 0.351312 2.833740
v 0.552848 0.146423 2.827970
v 0.358456 0.057046 2.822460
v 0.642940 0.156581 2.842030
v 0.649730 0.149836 2.852550
v 0.655587 0.144665 2.835840
v -0.589747 -0.065979 2.298230
v 0.753617 0.553249 2.821770
v 0.761106 0.547608 2.833690
v 0.767899 0.554446 2.823010
v 0.746070 0.057988 2.824420
v 0.651841 0.062748 2.829210
v 1.038390 -0.048780 2.641000
v 1.039070 -0.029618 2.646310
v 1.043980 -0.036786 2.634260
v 0.633426 -0.029553 2.745210
v 0.646978 -0.034302 2.742940
v 0.641389 -0.044299 2.751900
v 1.351520 0.358445 2.806770
v 1.048020 -0.040542 2.647300
v 0.971752 -0.030079 2.738360
v 0.754484 0.649341 2.812160
v 0.643040 0.142231 2.842380
v 0.670978 -0.038801 2.567160
v 0.451202 0.056370 2.827540
v 0.442359 0.042879 2.822780
v 0.435940 0.058126 2.821210
v 0.422790 -0.038569 2.929240
v 0.421062 -0.047994 2.915010
v 0.424347 -0.055868 2.929890
v 0.843699 -0.019241 2.832340
v 0.752789 -0.027992 2.745350
v 0.766509 -0.033056 2.745460
v 0.758426 -0.042165 2.753560
v 0.764100 -0.026683 2.758400
v 0.752191 -0.056147 2.640880
v 0.939206 0.259647 2.819970
v 0.944806 0.249986 2.809890
v 0.950408 0.247112 2.826990
v 1.022060 0.529546 2.792640
v 1.017230 0.525708 2.806610
v 1.018610 0.539230 2.802450
v 0.849349 0.057817 2.824940
v 0.840186 0.045376 2.829280
v 0.846558 0.052251 2.842310
v 0.641711 -0.033815 2.673540
v 0.655174 0.442510 2.830930
v 1.442660 0.652912 2.838050
v 0.856872 0.240411 2.833390
v 0.948688 -0.019013 2.881670
v 0.847862 0.146705 2.824330
v 0.962859 0.043548 2.833670
v 0.956343 0.053256 2.843710
v 0.949357 0.042085 2.838150
v 0.953129 0.257861 2.818200
v 0.763088 0.544004 2.814370
v 1.195220 -0.029228 2.403310
v 1.121500 -0.034073 2.028030
v 0.855323 -0.053931 2.041870
v 0.846050 -0.043686 2.038420
v 0.859663 -0.044634 2.031260
v 1.068900 0.452811 2.804590
v 1.074300 0.441583 2.794990
v 0.970393 -0.051448 1.734860
v 0.852540 0.652871 2.832040
v 0.843349 0.659323 2.823360
v 0.842532 0.645152 2.823450
v 0.853711 0.656056 2.814220
v 0.196570 0.983552 2.778520
v 0.546835 -0.068588 1.439760
v 0.639725 -0.054444 1.551630
v 0.631658 -0.063891 1.558890
v 0.639852 -0.074253 1.553180
v 1.056760 0.731959 2.788690
v 1.057700 0.745317 2.783260
v 1.050970 0.744945 2.796040
v 1.147910 0.447595 2.772550
v 1.150540 0.449255 2.792230
v 1.156230 0.440162 2.782150
v 1.032580 0.536826 2.801430
v -0.351743 0.464209 4.661570
v -0.455951 0.578860 4.657650
v -0.449377 0.565325 4.659340
v -0.448397 0.575116 4.670850
v -0.350422 0.529534 4.681640
v -0.659666 0.322923 4.649630
v 0.549769 0.059700 2.840320
v 0.546659 0.050671 2.827940
v 0.550131 0.064446 2.821410
v 0.646971 -0.030839 2.757060
v 0.754481 0.141101 2.844690
v 0.760468 0.148661 2.832500
v 0.750245 0.139055 2.825800
v 0.539645 0.062676 2.830820
v 0.439080 0.050622 2.835700
v 0.433553 -0.046572 2.922890
v 0.350571 0.148296 2.835100
v 0.341593 0.139458 2.827180
v 0.355822 0.139837 2.824610
v 0.347078 0.147016 2.815590
v 1.256380 0.035409 2.845440
v 0.730663 -0.051004 2.604440
v 0.859080 -0.038510 2.048150
v 0.761445 0.134092 2.833860
v 1.217820 -0.034128 2.520500
v 1.080870 -0.043541 2.303890
v 1.095940 -0.042020 2.303790
v 1.088990 -0.053554 2.310730
v 1.087040 -0.034096 2.313140
v 0.854462 0.553345 2.834310
v 0.861123 0.546652 2.823500
v 0.853279 0.554556 2.814430
v 0.192489 1.048850 2.776610
v 0.184690 1.052920 2.762580
v 0.193592 1.039350 2.763480
v 0.950804 0.048535 2.825470
v 0.855450 0.045340 2.831720
v 0.268383 0.142360 2.820450
v 0.222440 1.039920 2.764070
v 0.229249 1.046490 2.779760
v 0.644077 -0.076216 1.461600
v 0.152552 -0.063507 1.737290
v 0.553362 -0.077001 1.138550
v 0.544895 -0.081702 1.152140
v 0.535508 -0.077569 1.138970
v 0.743714 -0.068625 1.341120
v 0.632017 -0.065016 1.544550
v -0.141634 -0.083416 1.155050
v 0.613077 -0.082067 0.897390
v 0.447733 -0.077435 1.244180
v 0.452730 -0.066244 1.251510
v 0.455272 -0.085987 1.252780
v 0.445221 -0.076854 1.258220
v 0.659044 -0.071579 1.261380
v 0.651434 -0.081951 1.254810
v 0.651236 -0.061991 1.253910
v 0.747703 -0.069738 1.162470
v 0.746255 -0.083331 1.154940
v 0.750299 -0.068039 1.147180
v 0.734971 -0.073228 1.154150
v 0.851818 -0.067207 1.642050
v 0.843114 -0.057565 1.647680
v 0.849925 -0.047592 1.640290
v 0.644891 -0.071689 1.262070
v 0.350211 -0.082194 1.425140
v 0.649065 -0.049577 1.731430
v 0.641720 -0.060163 1.737490
v 0.652037 -0.068730 1.732710
v 0.856811 -0.055958 1.650870
v 0.856370 -0.054441 1.756540
v 0.235948 1.041900 2.768080
v 0.230914 1.055140 2.766730
v 0.640881 0.241361 2.839130
v 0.200933 1.053910 2.763610
v 0.649513 -0.067566 1.048540
v 0.057505 -0.092282 0.737099
v -0.252231 -0.080030 1.355820
v -0.429844 -0.079150 1.371170
v -0.817739 -0.099385 1.157880
v -0.734256 -0.091580 1.050890
v 0.712747 -0.076497 1.049290
v 0.642309 -0.070037 1.350780
v 0.628696 -0.070200 1.338640
v 0.646811 -0.069880 1.336510
v 0.544311 -0.067644 1.146390
v 0.544943 -0.084317 1.251010
v 0.538539 -0.070168 1.258880
v 0.547412 -0.069415 1.243920
v 0.638060 -0.060005 1.341700
v 0.534199 -0.071461 1.350210
v 0.047948 -0.078071 1.362360
v 0.151531 -0.071194 1.140320
v 0.144630 -0.081809 1.133790
v 0.152041 -0.091143 1.141590
v 0.145828 -0.069965 1.553230
v -0.044571 -0.072292 1.145830
v -0.044209 -0.092276 1.146110
v -0.037792 -0.082052 1.153860
v -0.036398 -0.082230 1.139660
v 0.046454 -0.091313 0.839232
v 0.052295 -0.071625 1.150940
v 0.057738 -0.082241 1.142870
v 0.049910 -0.091466 1.150690
v 0.158846 -0.081449 1.133720
v 0.048813 -0.061257 1.557050
v 0.642041 -0.061058 1.723280
v 1.239180 -0.043741 1.790220
v 1.021110 0.845563 2.825810
v 1.039680 0.804081 2.775630
v 1.031370 0.797314 2.785090
v 1.026650 0.810566 2.787610
v 1.041390 0.804951 2.791850
v 0.168736 0.714192 3.399920
v 0.454354 0.748452 2.806020
v 0.449932 0.748097 2.824460
v 0.451253 0.759203 2.815230
v 0.464022 0.753003 2.818180
v 0.191842 0.740478 3.020770
v 0.160222 0.674675 3.369650
v 0.172551 0.682587 3.362800
v 0.176627 0.669365 3.371170
v 0.184357 0.542159 3.220880
v 0.185069 0.522558 3.217310
v 0.184655 0.534285 3.208530
v 0.170726 0.535172 3.309600
v 0.169743 0.376908 3.364090
v 0.185910 0.476516 3.036850
v 1.442090 1.563110 4.869610
v 1.735130 1.560060 4.839770
v 1.745510 1.502730 4.815610
v 1.734530 1.496200 4.824960
v 1.750290 1.489460 4.822800
v 1.216680 1.561600 4.842140
v 1.243830 2.367050 4.787040
v 1.134660 2.044620 4.825340
v 1.652090 2.705680 4.771680
v 1.667560 2.712270 4.773740
v 1.655260 2.716610 4.782560
v 1.524640 2.654320 4.834850
v 1.546390 2.676280 4.757680
v 1.284910 2.616260 4.826840
v 1.280720 2.612400 4.810140
v 1.294440 2.613350 4.815800
v 1.288610 2.626920 4.814130
v 1.861270 2.128160 4.769250
v 1.859220 2.137780 4.781920
v 1.864850 2.123810 4.783280
v 1.598000 2.293480 4.749310
v 1.589200 2.283320 4.754560
v 1.604890 2.280820 4.750090
v 1.050310 2.723890 4.797930
v 1.061020 2.723550 4.785990
v 1.143300 2.395700 4.801640
v 1.153830 2.396900 4.814280
v 1.354040 1.774060 4.831820
v 1.947800 1.951280 4.796600
v 1.548810 1.948480 4.843650
v 1.976430 2.441630 4.842640
v 1.265850 2.248510 4.667360
v 1.980330 2.129760 4.806430
v 1.987270 2.133240 4.793960
v 1.990990 2.138580 4.811370
v 1.559970 2.431870 4.834520
v 1.571400 2.443500 4.834350
v 1.575260 2.428320 4.837480
v 1.259950 2.395310 4.798480
v 1.256740 2.420940 4.804860
v 1.247980 2.417030 4.815840
v 1.171450 2.290060 4.776020
v 1.171280 2.295110 4.761700
v 1.161840 2.299350 4.771360
v 1.444180 1.844450 4.850580
v 1.559610 1.853350 4.857310
v 1.731890 1.836270 4.826490
v 1.846140 1.960300 4.781370
v 1.845600 1.948740 4.772920
v 1.858050 1.948770 4.780020
v 1.858100 2.050150 4.767210
v 1.863130 2.040860 4.778160
v 1.849640 2.040670 4.773630
v 1.725110 2.138900 4.827520
v 1.722910 2.147560 4.815180
v 1.734050 2.138080 4.815940
v 2.189230 2.237440 4.674610
v 2.196510 2.229900 4.663690
v 2.181100 2.224680 4.674810
v 1.398400 2.351920 4.738160
v 1.379890 2.348210 4.743470
v 1.391470 2.352650 4.750710
v 1.043740 2.425680 4.773590
v 1.051100 2.423980 4.787170
v 1.052350 2.413120 4.776120
v 1.041070 2.412120 4.786600
v 2.126880 2.591610 4.591460
v 1.731460 2.256170 4.754530
v 1.726100 2.251900 4.769780
v 1.740070 2.244040 4.765030
v 1.769030 2.717790 4.723700
v 1.776860 2.703780 4.724530
v 1.764310 2.702500 4.714560
v 1.851750 2.699150 4.692590
v 1.750980 2.056760 4.783390
v 1.743720 2.122230 4.749640
v 1.745030 2.126110 4.763570
v 1.756570 2.133340 4.758540
v 1.755720 2.117410 4.759000
v 2.150050 0.866683 3.150700
v 2.153050 0.869741 3.136260
v 2.165220 0.872876 3.144580
v 2.055260 0.893392 3.252270
v 2.485270 1.866660 4.716810
v 2.475070 1.863220 4.733180
v 2.489810 1.866670 4.731360
v 2.497540 1.751730 4.718630
v 2.487690 1.742230 4.708810
v 2.484110 1.744750 4.726000
v 2.484020 1.854480 4.725190
v 1.422450 2.339260 4.803110
v 1.427320 2.352740 4.790830
v 1.430990 2.337000 4.789500
v 2.000460 2.423310 4.858190
v 1.753690 1.933230 4.784110
v 1.740870 1.942660 4.783570
v 1.750560 1.942030 4.770950
v 1.849150 2.051400 4.782960
v 1.633110 1.956580 4.845860
v 1.631640 1.948420 4.858970
v 1.629190 1.962780 4.858460
v 1.734500 1.931420 4.823900
v 1.725400 1.948780 4.824170
v 1.739420 1.945120 4.820550
v 1.637620 1.846170 4.873010
v 1.638600 1.849400 4.853780
v 1.632850 1.837270 4.861360
v 1.978050 2.143760 4.802630
v 2.071780 2.265550 4.712580
v 2.070590 2.255540 4.723630
v 2.073160 2.248440 4.710730
v 1.855100 1.956620 4.765660
v 1.647010 1.841220 4.862740
v 1.358430 1.953870 4.817940
v 1.547390 2.055200 4.857940
v 1.734540 1.942350 4.834390
v 1.642510 1.958780 4.862840
v 1.244740 2.420490 4.796580
v 1.010070 2.305310 4.647840
v 0.998826 2.311770 4.653830
v 0.996573 2.297700 4.652810
v 0.997344 2.311250 4.639630
v 1.255810 2.134170 4.832350
v 1.248670 2.140770 4.820990
v 1.250790 2.126470 4.821200
v 1.157190 2.289460 4.762350
v 0.860591 2.570350 4.674990
v 0.850766 2.560280 4.677090
v 0.844568 2.572460 4.681030
v 1.359110 2.052490 4.823140
v 1.348380 2.046050 4.830620
v 1.350210 2.060300 4.831300
v 1.256090 2.063710 4.811210
v 1.253790 2.076270 4.818350
v 1.269550 2.071940 4.816050
v 1.354250 2.052200 4.842480
v 1.259730 2.067490 4.828540
v 0.850505 1.556290 4.735520
v 0.863148 1.567890 4.737000
v 0.855577 1.561980 4.751290
v -0.006899 0.214005 4.712080
v 1.256690 2.286350 4.758660
v 1.268210 2.277950 4.753160
v 1.269800 2.287890 4.766360
v 1.266750 2.295770 4.752070
v 0.637117 1.774760 4.682180
v 0.646714 1.784530 4.675740
v 0.637836 1.776140 4.666810
v 0.855818 2.563020 4.690100
v 2.495700 1.736850 4.720430
v 1.138470 1.958270 4.824860
v 1.068750 1.944460 4.810000
v 0.849558 1.569440 4.740820
v 0.946492 1.947450 4.730560
v 0.955088 1.942390 4.742310
v 0.944893 1.952660 4.747610
v 1.021170 2.586730 4.749230
v 1.452560 1.951930 4.844050
v -1.560610 2.355410 4.565930
v 0.991046 2.400000 4.748990
v 0.986438 2.402630 4.735670
v 0.998124 2.410760 4.734000
v 0.999028 2.395870 4.736760
v 0.979737 2.375850 4.718910
v 1.146840 2.421440 4.805830
v 1.017870 2.143370 4.778370
v 1.029070 2.151950 4.776570
v 1.018010 2.154720 4.768070
v 1.253380 1.859750 4.834290
v 1.239400 1.860030 4.831700
v 1.241170 1.847330 4.837840
v 1.145070 1.651860 4.838150
v 1.337790 2.412350 4.808300
v 1.353930 2.412920 4.808560
v 1.345340 2.400850 4.802120
v 1.259520 2.134430 4.812870
v 1.347010 2.402750 4.819030
v 1.153100 2.144680 4.834880
v 1.154790 2.145200 4.815260
v 1.144260 2.150910 4.824390
v 1.768880 2.668230 4.763870
v 1.775220 2.658450 4.755420
v 1.776460 2.657470 4.769750
v 1.158520 2.399250 4.796390
v 1.030210 2.146710 4.763390
v 1.781810 2.670860 4.769610
v 2.064800 0.904278 3.254990
v 2.152020 0.882677 3.143910
v 2.221950 0.758251 3.264420
v 2.241600 0.756007 3.262500
v 2.230450 0.754700 3.252730
v 1.744710 0.758500 2.888220
v 2.039690 0.879285 3.045190
v 2.047340 0.868687 3.052530
v 2.036580 0.860127 3.046560
v 1.971160 0.863427 3.051530
v 2.065040 0.877635 3.122800
v 2.052780 0.881904 3.130460
v 2.063280 0.892509 3.128320
v 2.064290 0.876747 3.138720
v 2.033120 0.871278 3.056530
v 1.640260 0.659790 2.880900
v 1.814120 0.860532 2.888040
v 1.994690 0.894756 3.164090
v 2.002420 0.883563 3.156040
v 1.992740 0.877041 3.168350
v 2.134570 0.876250 3.064530
v 1.935290 0.857137 2.953870
v 2.004870 0.885780 3.170840
v 2.230740 0.746932 3.264780
v 1.312720 0.240490 2.801060
v 1.350650 0.129545 2.814660
v 1.363660 0.124288 2.807250
v 1.038640 0.261392 2.804610
v 1.036850 0.251189 2.815370
v 1.032870 0.250713 2.795910
v 1.025910 0.255594 2.807360
v 1.039730 0.349692 2.800490
v 1.031200 0.352395 2.814750
v 1.024380 0.343110 2.802500
v 1.033020 0.457661 2.801390
v 1.017230 0.456638 2.803670
v 1.043370 0.743917 2.781990
v 1.011500 0.744726 2.796850
v 1.079230 0.360968 2.796090
v 1.074530 0.345397 2.789620
v 1.066380 0.353749 2.799130
v 0.179755 0.251521 3.454540
v 0.211827 0.163947 2.993070
v 0.195293 0.199317 3.055430
v 0.359608 0.543759 2.818460
v 0.192172 0.790888 2.797770
v -0.471667 -0.079769 1.737970
v -0.482277 -0.070422 1.735140
v -0.472525 -0.059868 1.736360
v -0.331047 -0.075586 1.565470
v -0.338131 -0.068423 1.753110
v -0.323517 -0.067593 1.760980
v -0.321769 -0.069447 1.744560
v 0.035149 -0.073675 1.457690
v -0.328213 -0.078595 1.753320
v -0.554090 -0.074885 1.566130
v -0.448999 -0.076537 1.449370
v -0.549222 -0.083559 0.948817
v -0.542286 -0.093251 0.940859
v -0.547665 -0.103449 0.949370
v -0.539667 -0.092655 0.954936
v -0.619719 -0.095421 0.867030
v -0.715054 -0.082834 0.985347
v -0.560338 -0.098803 0.838741
v -0.444529 -0.066096 1.542090
v 0.058995 -0.082573 1.157010
v -0.235028 -0.071093 1.635340
v -0.253810 -0.069076 1.758740
v -0.150511 -0.059582 1.657420
v -0.053615 -0.072634 1.536250
v -0.474478 -0.069137 1.746880
v -0.565388 -0.068798 1.834940
v -0.558204 -0.058740 1.827440
v -0.564742 -0.069576 1.820570
v -0.556912 -0.078631 1.828570
v -0.938059 -0.086630 1.646380
v -0.947988 -0.076256 1.654460
v -0.937432 -0.068060 1.644820
v -0.732765 -0.056248 2.037060
v -0.933636 -0.076630 1.655770
v -0.834997 -0.070277 1.862840
v -0.844029 -0.060506 1.857760
v -0.848776 -0.070774 1.866420
v -0.843373 -0.080489 1.857510
v -0.546272 -0.068864 1.436130
v -0.035165 -0.055501 2.231070
v 0.347608 0.249593 2.832860
v 0.353520 0.240101 2.823780
v 0.354758 0.254061 2.820480
v 0.344643 0.245320 2.813720
v 0.439918 0.139200 2.832060
v 0.254322 0.255569 2.820630
v 0.346613 0.659265 2.812450
v 0.049708 -0.056991 2.076070
v 0.057454 -0.047014 2.084630
v 0.060335 -0.064229 2.088490
v 0.047524 -0.056508 2.091090
v 1.114840 -0.025801 2.741770
v 1.053420 -0.026392 2.749740
v 1.452590 0.122134 2.830620
v 0.473758 -0.021743 2.862190
v 0.471225 -0.007951 2.864850
v 0.458090 -0.011479 2.869180
v 0.573815 -0.058189 2.551150
v 0.762439 0.254186 2.822720
v 0.768812 0.260552 2.837630
v 0.757591 0.247228 2.837440
v 0.576959 -0.036295 2.767220
v 0.580163 -0.049730 2.760490
v 0.574734 -0.038034 2.752140
v 0.462584 -0.015254 2.856210
v 0.565047 -0.048313 2.758140
v 0.754887 0.260952 2.833230
v 1.078320 0.348264 2.806470
v 1.142210 0.441351 2.783920
v 1.247020 0.439681 2.772070
v 1.379270 0.824352 2.819070
v 0.940350 0.357606 2.819200
v 0.956319 0.450642 2.823350
v 0.953371 0.448706 2.803850
v 0.961286 0.440372 2.813550
v 1.026760 0.358597 2.800980
v 1.010950 0.736392 2.810130
v 1.006830 0.730535 2.792040
v 0.846800 0.546052 2.824310
v 0.944884 0.542169 2.813990
v 1.016260 0.658116 2.801940
v 0.998245 0.627208 2.808840
v 0.996588 0.630396 2.789300
v 0.963963 0.454392 2.811750
v 1.069040 0.548807 2.794080
v 1.037210 -0.053592 2.016690
v 1.037600 -0.033601 2.016350
v 1.042370 -0.043844 2.007650
v 1.046230 -0.043688 2.021270
v 0.742117 -0.046681 1.738890
v 0.744316 -0.066426 1.739440
v 0.752435 -0.055697 1.733110
v 0.451499 -0.064306 1.349060
v 0.553114 -0.073368 1.257230
v 0.552310 -0.055560 1.532450
v 0.544538 -0.064767 1.539880
v 0.551050 -0.075477 1.533300
v 0.543964 -0.065335 1.525750
v 0.253414 -0.069279 1.642450
v 1.018980 0.732863 2.798990
v 0.997428 0.655404 2.802360
v 1.006510 0.657391 2.791250
v 0.170987 0.682334 3.378780
v 0.938536 0.732481 2.799660
v 0.941769 0.744394 2.807860
v 0.952885 0.734653 2.806750
v 0.941567 0.733811 2.818240
v 0.174471 0.532036 3.218820
v 1.059870 -0.048635 1.833990
v 0.193319 0.551265 3.020490
v 0.859477 -0.050183 1.860640
v 0.849513 -0.048080 1.848590
v 0.858691 -0.060764 1.850560
v 0.863670 -0.050060 1.841900
v 0.738514 -0.057336 1.729940
v 1.306300 -0.030089 2.631800
v 0.861194 -0.027829 2.770850
v -1.025600 -0.002991 4.597230
v -1.029770 -0.016260 4.609600
v -1.747970 0.145673 4.574930
v -1.755270 0.151205 4.589250
v -1.741570 0.152963 4.585470
v -1.946270 0.062179 4.559280
v -1.940620 0.053792 4.570540
v -1.952020 0.060827 4.577590
v -1.939660 0.068896 4.570540
v -1.644090 0.042565 4.580660
v -1.853790 0.243239 4.568270
v -1.656530 0.149504 4.579510
v -1.656360 0.149175 4.599470
v -1.663180 0.157451 4.589680
v -2.043360 0.458528 4.555630
v -2.049700 0.452076 4.544530
v -2.057480 0.457634 4.554970
v -2.050460 0.449701 4.564370
v -1.854940 0.053544 4.566290
v -2.679540 0.857991 4.488090
v -2.682130 0.863437 4.506340
v -2.683220 0.848718 4.500450
v -2.354820 1.054890 4.527590
v -2.142850 0.055794 4.567360
v -2.134850 0.065000 4.559080
v -2.149560 0.065088 4.558090
v -2.350080 0.053059 4.544650
v -2.341880 0.066382 4.542100
v -2.357310 0.067766 4.538750
v -2.148510 0.253072 4.563260
v -2.146860 0.257095 4.543750
v -2.141790 0.246821 4.552300
v -2.139120 0.260527 4.555350
v -2.038150 0.058295 4.562350
v -2.046580 0.047986 4.568670
v -2.044680 0.053321 4.550100
v -2.141520 0.058328 4.547740
v -2.348440 0.060432 4.528950
v -2.250340 0.054374 4.541940
v -2.450060 0.164692 4.542880
v -2.059280 0.150458 4.554220
v -2.065530 0.142188 4.564320
v -2.060340 0.151462 4.574140
v -2.046680 0.244062 4.557860
v -2.051590 0.145048 4.564920
v -1.937430 0.141316 4.573740
v -2.645510 0.363610 4.500490
v -2.651440 0.364553 4.516410
v -2.640240 0.352166 4.513170
v -1.648990 0.156238 4.589540
v -1.742780 0.139804 4.591010
v -2.362290 0.248731 4.533210
v -2.364760 0.261660 4.539180
v -2.350350 0.260789 4.539980
v -2.358930 0.254418 4.550240
v -2.146840 0.150160 4.548330
v -2.446260 0.258688 4.520940
v -1.649250 0.351166 4.594650
v -1.648010 0.349415 4.574830
v -1.639660 0.345610 4.585720
v -1.458100 0.082895 4.612930
v -1.460350 0.085738 4.593480
v -1.100020 -0.007664 4.589200
v -1.082230 -0.002744 4.596380
v -1.093270 -0.002682 4.608100
v -0.546336 0.541183 4.656790
v -0.740321 0.759112 4.663560
v -0.553463 0.758566 4.663330
v -0.552334 0.757436 4.683100
v -0.558093 0.767029 4.674020
v -0.543906 0.764716 4.673080
v -0.850273 0.650692 4.622430
v -0.842364 0.655533 4.633590
v -0.842887 0.641202 4.631330
v -0.851196 0.647639 4.641990
v -0.438955 0.575606 4.655470
v -0.940165 0.743844 4.653280
v -1.567050 1.053900 4.595110
v -1.554960 1.057820 4.588660
v -1.566660 1.065450 4.585840
v -0.438971 0.246221 4.666130
v -0.250472 0.372970 4.671460
v 1.625250 2.048040 4.857030
v 1.629730 2.058800 4.847740
v 1.638810 2.052720 4.857040
v 2.058160 2.255650 4.715320
v 1.630210 2.057350 4.867550
v 1.462640 2.353170 4.803750
v 1.462110 2.347660 4.821990
v 1.463160 2.338730 4.809370
v 1.536120 2.138890 4.840530
v 1.849780 2.124950 4.783780
v 1.724260 2.057280 4.826860
v 1.917030 2.065430 4.791890
v 1.862690 2.258300 4.740010
v 1.853490 2.248360 4.753290
v 1.856240 2.243690 4.738150
v 2.056600 2.193520 4.760510
v 2.061600 2.178400 4.754010
v 2.059070 2.190680 4.746240
v 1.695610 2.225690 4.820360
v 1.699050 2.222810 4.835060
v 1.693930 2.235380 4.830680
v 1.993200 2.244330 4.671460
v 1.994060 2.251060 4.656480
v 1.982510 2.243810 4.661590
v 2.046020 2.184930 4.750020
v 1.769520 2.231420 4.654010
v 1.759270 2.231920 4.643990
v 1.757280 2.226600 4.659700
v 1.768200 2.217480 4.650950
v 1.738400 2.146340 4.827230
v 1.755140 1.949140 4.786420
v 1.030510 2.374110 4.742540
v 1.042870 2.380720 4.750500
v 1.045140 2.367110 4.742150
v 1.036540 2.367130 4.756430
v 1.164190 2.712830 4.766800
v 1.684650 2.257010 4.678240
v 1.674010 2.245310 4.682750
v 1.680200 2.246070 4.669330
v 1.848220 2.255640 4.741550
v 1.643720 2.144030 4.861830
v 1.638530 2.145530 4.842840
v 1.632580 2.137210 4.854070
v 1.737980 2.187240 4.538080
v 1.742510 2.395310 4.795070
v 1.646360 2.136010 4.850210
v 1.670940 2.257600 4.669190
v 1.968570 2.232470 4.799310
v 1.982680 2.234910 4.798090
v 1.975690 2.223970 4.808460
v 1.738840 1.488520 4.811240
v 1.460260 2.141980 4.844770
v 1.452830 2.066370 4.853730
v 2.195590 2.224460 4.677320
v 1.371050 2.237940 4.811910
v 1.361630 2.249920 4.824660
v 1.369110 2.237170 4.826690
v 1.783650 2.331210 4.687470
v 1.349770 2.292510 4.772380
v 1.351990 2.292980 4.756550
v 1.356420 2.278470 4.761630
v 1.261480 2.226300 4.810970
v 1.248260 2.218440 4.805600
v 1.247760 2.231040 4.813080
v 1.074520 2.422610 4.809960
v 1.184080 2.698160 4.784100
v 1.081450 2.431170 4.797220
v 1.147020 2.136360 4.824240
v 1.440080 2.245290 4.849570
v 1.434650 2.252670 4.837650
v 1.433250 2.238430 4.838950
v 1.548840 2.237970 4.837470
v 1.562890 2.241220 4.843030
v 1.554590 2.240410 4.856040
v 1.335990 2.310490 4.668630
v 1.352360 2.153020 4.834660
v 1.353080 2.152440 4.818630
v 1.349380 2.141460 4.826900
v 1.450710 2.347490 4.811650
v 1.363400 2.291010 4.766170
v 1.252230 2.221900 4.823640
v 1.708080 2.234960 4.832420
v 1.392510 2.339460 4.745150
v 1.494570 2.658470 4.761080
v 1.361070 2.616330 4.811400
v 1.163760 2.707340 4.781160
v 1.058440 2.737340 4.793770
v 0.952016 2.261510 4.652170
v 0.958529 2.267050 4.663920
v 0.945356 2.271760 4.667860
v 0.951255 2.275950 4.655020
v 0.902273 2.540460 4.696800
v 0.889598 2.541420 4.705610
v 0.898343 2.554120 4.706780
v 0.902972 2.538490 4.712800
v 0.984799 2.576480 4.714370
v 0.754387 2.610800 4.670290
v 1.063840 1.554460 4.835130
v 1.067060 1.546980 4.823190
v 1.072160 1.559340 4.817710
v 0.937468 2.205190 4.742000
v 0.922980 2.206920 4.745840
v 0.927125 2.207390 4.731240
v 1.443590 2.243170 4.830180
v 1.551460 2.249730 4.845450
v 1.363040 2.141630 4.830900
v 1.566720 2.435500 4.848920
v 1.591460 2.286480 4.738520
v 1.809950 2.384530 4.763400
v 1.804690 2.379770 4.749470
v 1.808810 2.394680 4.747190
v 1.727030 2.242670 4.758360
v 1.647230 2.239220 4.833890
v 1.656220 2.231350 4.842620
v 1.646400 2.234660 4.853180
v 1.148500 2.646650 4.809350
v 1.145410 2.662090 4.813520
v 1.146050 2.652950 4.826980
v 1.262020 2.687730 4.770620
v 1.252680 2.691470 4.759510
v 1.248310 2.680690 4.768960
v 1.255540 2.677260 4.755680
v 1.483660 2.646740 4.760590
v 1.652020 2.428610 4.835330
v 1.241540 2.395850 4.803350
v 1.086790 2.415360 4.799410
v 1.562390 2.366120 4.816140
v 1.754080 2.376780 4.747420
v 1.761510 2.373920 4.762090
v 1.755400 2.360240 4.754740
v 1.677160 2.295960 4.783460
v 1.676010 2.298180 4.764740
v 1.672360 2.284530 4.772870
v 1.685020 2.290870 4.772850
v 1.246070 1.852590 4.821590
v 0.940482 2.157000 4.751340
v 0.933162 2.165100 4.742240
v 0.940428 2.156550 4.733520
v 0.552969 2.438470 4.680180
v 1.072380 1.841330 4.817330
v 0.846941 2.346070 4.676680
v 0.650133 1.556240 4.655770
v 0.557680 2.235980 4.639910
v 0.570599 2.235800 4.648450
v 0.566947 2.247270 4.638700
v 0.744102 1.965390 4.715680
v 0.750777 1.952670 4.716090
v 0.750408 1.962270 4.728210
v 1.128790 2.370660 4.752220
v 1.134790 2.362850 4.763290
v 1.120720 2.360210 4.767090
v 0.849150 2.355740 4.703100
v 0.748758 2.351170 4.658750
v 0.751238 2.365240 4.657780
v 0.756658 2.358940 4.646120
v 0.841259 2.281410 4.580670
v 0.848112 2.270170 4.590370
v 0.843367 2.264110 4.575930
v 0.842687 2.225520 4.723740
v 0.855505 2.222510 4.711760
v 0.856768 2.222290 4.726390
v 0.840724 2.242640 4.697590
v 0.641488 2.372330 4.666470
v 0.932439 2.218800 4.746140
v 0.744529 2.150700 4.717440
v 0.946460 2.169900 4.743690
v 0.943023 1.873740 4.742630
v 0.955325 1.873450 4.749890
v 0.951436 1.867090 4.733190
v 0.551672 2.228040 4.579160
v 0.542718 2.240440 4.567630
v 0.558181 2.239510 4.570540
v 0.945175 1.860380 4.747210
v 1.136700 2.651010 4.816260
v 1.081870 2.138660 4.810460
v 1.086350 2.148000 4.821080
v 1.074200 2.143050 4.827990
v 2.159240 2.588420 4.638600
v 0.648341 1.964370 4.654630
v 0.636683 1.967400 4.665100
v 0.650772 1.966090 4.669000
v 0.843096 1.959920 4.741050
v 0.853541 1.951830 4.735200
v 0.856102 1.966040 4.735760
v 1.073160 2.150360 4.814710
v 0.855855 2.039530 4.720690
v 1.093780 2.209600 4.824070
v 1.084030 2.219230 4.828640
v 1.081130 2.210640 4.817720
v 1.092600 2.215580 4.810970
v 0.567077 1.946210 4.692090
v 0.567976 1.960640 4.691530
v 0.562791 1.954170 4.703380
v 0.557666 1.953740 4.684090
v 0.696307 1.960850 4.701520
v 0.696593 1.949030 4.692990
v 0.707824 1.955420 4.686250
v 0.948086 1.748510 4.755380
v 0.955627 1.739320 4.747650
v 0.951490 1.746040 4.735870
v 0.778389 1.492090 4.722760
v 0.769205 1.486550 4.735680
v 0.771872 1.476680 4.724270
v 0.941716 1.740290 4.745100
v 1.016480 1.843960 4.781810
v 1.022330 1.830910 4.775550
v 1.031120 1.842870 4.778290
v 1.076030 1.745760 4.833580
v 1.084940 1.745830 4.815790
v 1.088680 1.740450 4.828770
v 1.026030 1.748770 4.766220
v 0.946695 1.554190 4.757250
v 0.554746 1.642960 4.688960
v -0.861271 1.246750 4.656630
v -0.910010 1.155530 4.641030
v -1.865990 0.847472 4.557890
v -1.870410 0.860918 4.556670
v -1.860910 0.856135 4.547250
v -1.517110 1.083520 4.607170
v -1.758840 1.663140 4.546290
v -1.570520 1.447150 4.586620
v -1.567040 1.459830 4.579580
v -1.563570 1.450650 4.568350
v -1.523130 1.739250 4.612250
v -1.520340 1.533470 4.613070
v -1.937260 2.243980 4.505070
v -2.352570 1.703630 4.500010
v 1.070370 2.707350 4.820230
v -1.748890 1.949000 4.528690
v -1.520090 1.331720 4.605050
v -1.646670 1.153240 4.553210
v -1.654920 1.153770 4.570860
v -1.642150 1.160600 4.565860
v -1.564520 1.351480 4.591700
v -1.555780 1.348540 4.574200
v -1.557320 1.339340 4.586160
v -1.551070 1.352060 4.587140
v -1.557400 1.449330 4.581240
v -1.565790 1.241980 4.574080
v -1.573110 1.244530 4.588440
v -1.572020 1.256870 4.576450
v -0.910265 1.261640 4.634900
v -0.910750 1.247630 4.643230
v -0.923491 1.256990 4.647240
v -0.266031 1.139180 4.693650
v -0.849175 0.755237 4.663740
v -0.865767 0.850442 4.653560
v -0.854898 0.848351 4.644250
v -0.855613 0.850939 4.663840
v -1.654880 0.844245 4.575190
v -1.643420 1.145700 4.565710
v -1.871750 0.460517 4.576250
v -1.843050 1.241600 4.557910
v -1.841160 1.144820 4.560060
v -1.955800 1.145870 4.537990
v -1.951220 1.138190 4.549210
v -1.958790 1.146930 4.557700
v -1.854330 1.048970 4.568850
v -1.852480 1.047870 4.549030
v -1.845890 1.055510 4.559260
v -1.856620 1.348300 4.562550
v -1.567910 1.654990 4.573980
v -1.650990 1.746800 4.547330
v -1.843080 1.453240 4.554100
v 0.834038 2.335820 4.687280
v 0.849060 2.335120 4.686770
v 1.015360 2.253440 4.687600
v 1.003550 2.265060 4.696810
v 1.003530 2.262110 4.680990
v 1.015020 2.268230 4.688020
v 1.353470 2.655810 4.759150
v 1.362590 2.669650 4.766470
v 1.347450 2.664870 4.771950
v 0.986149 2.638260 4.722400
v 1.762340 2.705180 4.729670
v 1.084560 2.671410 4.805600
v 1.086050 2.668700 4.821360
v 1.478510 2.662560 4.758550
v 1.655470 2.721800 4.767690
v 1.946150 2.161970 4.792600
v 1.945380 2.147930 4.796240
v 1.941670 2.151930 4.782780
v 0.588819 2.181730 4.524750
v 0.586528 2.199050 4.521510
v 0.575189 2.186090 4.517120
v 0.569150 2.228300 4.634980
v 0.548289 2.242470 4.581400
v 0.856880 2.235800 4.720620
v 0.729196 2.327620 4.410810
v 0.724661 2.337700 4.420000
v 0.714854 2.326780 4.411000
v 0.764311 2.360370 4.661010
v 0.850983 1.959190 4.723040
v 0.538262 2.033440 4.680010
v 0.833226 2.269470 4.586290
v 0.652085 1.771410 4.670450
v 0.961279 2.318220 4.675620
v 0.969495 2.327400 4.668270
v 0.971902 2.326960 4.682400
v 0.957047 1.957600 4.740850
v 0.579795 2.536080 4.685160
v 0.588809 2.548720 4.686920
v 0.575137 2.550360 4.694290
v 0.573813 2.178680 4.675020
v 0.570093 2.167300 4.682690
v 0.563980 2.167260 4.669850
v 1.023720 2.236700 4.760790
v 1.028070 2.250490 4.768990
v 1.023470 2.250400 4.754730
v 1.037660 2.245620 4.755240
v 0.721556 2.209910 4.541140
v 0.711274 2.201140 4.536660
v 0.709881 2.206480 4.549780
v 0.723488 2.195110 4.540820
v 0.647927 1.851350 4.642410
v 0.644316 1.843680 4.654920
v 0.634526 1.854450 4.650840
v 0.610375 2.035240 4.676930
v 0.612266 2.023090 4.664610
v 0.606529 2.020760 4.678330
v 0.650225 1.655410 4.651580
v 0.644894 1.657850 4.664960
v 0.638719 1.648290 4.656270
v 0.705402 2.059830 4.686390
v 0.702349 2.052090 4.699110
v 0.696152 2.065470 4.702810
v 0.849450 1.743510 4.736760
v 0.849630 1.757430 4.734200
v 0.857920 1.749070 4.726340
v 0.860812 1.756600 4.742840
v 0.761866 1.489220 4.721920
v 0.747421 1.549450 4.720180
v 0.750998 1.555440 4.733150
v 0.757994 1.558290 4.714970
v 0.761150 1.547550 4.725160
v 0.536410 1.786830 4.688700
v 0.542662 1.797130 4.696860
v 0.551120 1.786080 4.692620
v 0.745353 1.670500 4.729280
v 0.958726 1.652120 4.743890
v 0.956232 1.658550 4.756270
v 0.950838 1.645540 4.757860
v 0.943841 1.658960 4.749400
v 1.031210 1.639480 4.783780
v 1.008190 1.541790 4.776980
v 1.058210 1.558660 4.822240
v 0.647406 1.857560 4.660040
v 0.636874 1.658800 4.646720
v 0.757371 1.965340 4.710150
v 0.724393 2.338320 4.402510
v 0.588537 2.188390 4.511820
v 0.755794 1.845670 4.735710
v 0.764186 1.838790 4.721850
v 0.754557 1.853520 4.722380
v 1.086010 1.754680 4.827490
v 1.066140 1.651780 4.804970
v 1.058680 1.647130 4.821380
v 1.067170 1.639240 4.812440
v 0.840627 1.855610 4.724290
v 0.834358 1.861630 4.739150
v 0.847211 1.850180 4.739380
v 0.748817 1.839200 4.723520
v 0.710395 2.064370 4.699430
v 0.833530 1.847660 4.734480
v 0.643212 1.953530 4.669530
v 0.750614 2.057000 4.714820
v 0.694837 1.962350 4.686940
v 0.629160 2.306850 4.590430
v 0.642971 2.306510 4.585610
v 0.642944 2.312000 4.599180
v 0.645984 2.154040 4.655030
v 0.651889 2.143090 4.640190
v 0.640162 2.140120 4.650350
v 0.621534 2.021960 4.678400
v 0.704205 2.149270 4.686670
v 0.705903 2.137620 4.677070
v 0.693010 2.140340 4.691760
v 0.638457 2.212930 4.589270
v 0.653702 2.142110 4.654270
v -2.041620 2.147700 4.512640
v -1.857450 2.554090 4.521070
v -1.848490 2.550940 4.509980
v -1.857130 2.560370 4.502930
v -2.269930 2.467990 4.487420
v -2.442230 1.452850 4.503540
v -2.442870 1.437620 4.510430
v -2.245430 1.359350 4.524180
v -3.213050 1.332420 4.434620
v -3.217700 1.321650 4.443360
v -3.214120 1.330660 4.454310
v -3.203800 1.326060 4.444500
v -2.639590 1.663240 4.476520
v -2.550890 1.658180 4.473050
v -2.461380 1.659360 4.490660
v -2.843830 1.654340 4.457880
v -2.849360 1.547000 4.453130
v -2.841890 1.540540 4.463610
v -2.850180 1.547560 4.473080
v -2.744800 1.458690 4.476610
v -2.546340 1.221570 4.497810
v -2.948790 1.571200 4.448360
v -2.842800 1.554830 4.463180
v -2.571890 1.160070 4.487190
v -2.575370 1.164510 4.505630
v -2.545020 0.978304 4.506700
v -2.500890 0.985162 4.509410
v -2.507460 0.991163 4.496920
v -2.541270 1.142580 4.502610
v -2.735960 0.864647 4.491340
v -2.748520 0.847282 4.497610
v -2.737130 0.861883 4.510910
v -2.763810 1.753540 4.462670
v -2.753580 1.745060 4.455630
v -2.763810 1.739030 4.464080
v -2.342960 1.162070 4.515050
v -2.353950 1.149890 4.506850
v -2.351600 1.154880 4.524340
v -2.741950 1.541080 4.472210
v -2.752590 1.549880 4.481070
v -2.756730 1.542430 4.467060
v -2.747050 1.555750 4.466710
v -2.352150 1.254020 4.502410
v -2.644800 1.561260 4.479570
v -2.650800 1.554170 4.468610
v -2.654050 1.554620 4.488330
v -2.757950 1.746920 4.474840
v -2.143680 1.545170 4.522360
v -2.158030 1.543680 4.520920
v -2.150740 1.551870 4.511430
v -2.036560 1.549300 4.530530
v -2.546140 1.455970 4.494550
v -2.645590 1.547070 4.479770
v -1.757520 0.765319 4.568000
v -1.746390 0.762382 4.559670
v -1.755290 0.751420 4.566090
v -2.754080 0.656720 4.494990
v -1.554360 0.356214 4.590140
v -1.561160 0.349732 4.600870
v -1.561130 0.347571 4.581030
v -1.568630 0.356074 4.590130
v -1.536330 0.147250 4.603850
v -1.655800 0.243483 4.581460
v -1.662230 0.251403 4.591260
v -1.655920 0.243881 4.601440
v -1.649990 0.459413 4.592570
v -1.657400 0.463644 4.581210
v -1.650790 0.453612 4.573610
v -1.492390 0.355918 4.597170
v -1.548270 0.543373 4.584830
v -1.415230 0.451400 4.610520
v -2.036620 0.850308 4.547870
v -2.037310 0.834934 4.548700
v -2.040570 0.842859 4.535890
v -1.942510 0.854090 4.554480
v -1.953280 0.840480 4.548810
v -1.948180 0.845871 4.565490
v -1.848770 0.943956 4.556400
v -1.862720 0.942975 4.558980
v -1.860090 0.954512 4.551090
v -1.649470 0.556599 4.589880
v -1.640750 0.561393 4.579510
v -1.654910 0.563591 4.578400
v -1.945390 0.643468 4.564600
v -1.938920 0.651780 4.555010
v -1.952780 0.649034 4.553860
v -1.648410 0.553574 4.570180
v -1.745060 0.556704 4.584590
v -1.737500 0.563774 4.574860
v -1.745150 0.557523 4.564640
v -2.049240 0.649674 4.538170
v -2.049210 0.650123 4.558160
v -2.056190 0.642572 4.548340
v -1.739200 0.956622 4.564990
v -1.559380 1.251880 4.584870
v -1.561350 1.055610 4.576120
v -2.050570 0.353441 4.567400
v -2.049670 0.344865 4.551680
v -2.041090 0.357222 4.555670
v -2.056260 0.359780 4.553400
v -2.151070 1.048490 4.527770
v -2.151140 1.048170 4.547720
v -2.143710 1.055350 4.537880
v -1.753250 1.050530 4.569300
v -1.860130 1.056700 4.557860
v -1.948610 1.152290 4.548850
v -2.148910 0.748782 4.530040
v -2.142020 0.742387 4.540620
v -2.150020 0.749331 4.550000
v -1.856470 0.950689 4.569160
v -2.977720 1.044860 4.468360
v -2.992890 1.046320 4.471370
v -2.984980 1.042860 4.484300
v -2.056470 1.051390 4.542720
v -2.050430 1.044910 4.553880
v -2.042280 1.051730 4.544010
v -2.048590 1.043270 4.534060
v -2.342760 1.147720 4.515580
v -2.257170 1.061510 4.530120
v -2.840980 1.352020 4.478130
v -2.052880 0.748631 4.557840
v -2.059210 0.740397 4.547670
v -2.047650 0.744124 4.539640
v -2.348670 0.843087 4.524420
v -2.148000 0.354968 4.562960
v -2.146310 0.355874 4.543080
v -2.154240 0.347970 4.552080
v -2.139930 0.347911 4.553280
v -1.861310 0.857812 4.567130
v -1.942350 0.346806 4.565490
v -1.956660 0.345348 4.564770
v -1.949870 0.353108 4.554710
v -1.950990 0.354239 4.574590
v -1.750320 0.759148 4.578580
v -2.052720 0.060358 4.561450
v -1.552690 0.446038 4.580760
v -1.564510 0.435347 4.588240
v -1.563760 0.449549 4.589010
v -1.961090 0.462249 4.559430
v -1.956720 0.446847 4.557580
v -1.943660 0.458625 4.560560
v -2.488790 1.080730 4.506270
v -2.487020 1.081990 4.489060
v -2.490250 1.069750 4.496570
v -2.469040 1.465110 4.505540
v -2.051680 0.838397 4.544340
v -2.257670 1.155030 4.535350
v -2.437750 1.051840 4.519490
v -2.429470 1.060330 4.509320
v -2.443800 1.055990 4.506020
v -2.828910 0.939581 4.485220
v -2.835080 0.946562 4.472790
v -2.829320 0.954589 4.484150
v -2.842960 1.245770 4.484130
v -2.833000 1.239290 4.476280
v -2.835190 1.253290 4.474770
v -2.831050 0.840059 4.484380
v -2.761100 0.741902 4.491540
v -2.744580 0.752336 4.495020
v -2.751360 0.747282 4.482150
v -2.451350 1.253890 4.496110
v -2.456980 1.245430 4.506900
v -2.460690 1.259270 4.505640
v -2.976770 0.855984 4.470180
v -2.981690 1.245700 4.453080
v -3.232980 1.853630 4.430090
v -3.226890 1.553870 4.434620
v -2.750750 1.645340 4.458920
v -2.744190 1.652910 4.469000
v -2.751980 1.646240 4.478860
v -2.442450 1.147190 4.513300
v -2.661360 1.462420 4.481480
v -2.451290 1.255720 4.515920
v -2.541020 1.225200 4.511320
v -2.056120 1.464780 4.533700
v -1.947130 1.558910 4.535080
v -2.410550 1.517470 4.502560
v -2.253920 1.251490 4.512980
v -2.261530 1.243980 4.522300
v -2.256180 1.251800 4.532850
v -2.547910 1.062210 4.500150
v -2.522320 1.036250 4.487340
v -2.758380 1.653080 4.468120
v -2.539380 1.236040 4.500740
v -2.752300 0.946178 4.489400
v -2.745230 0.953563 4.477510
v -2.737770 0.947498 4.488510
v -2.742230 0.960357 4.493850
v -3.141490 1.638500 4.432570
v -3.048370 0.951496 4.476750
v -3.137710 1.061090 4.455460
v -3.152170 1.059040 4.454130
v -3.144560 1.051340 4.464020
v -3.219940 1.277650 4.451320
v -3.217610 1.280340 4.432900
v -3.210930 1.271390 4.441990
v -3.211510 1.643010 4.430350
v -3.152750 1.940120 4.436950
v -3.240880 2.262490 4.418050
v -2.753590 2.057910 4.456900
v -2.744240 2.050730 4.447480
v -2.753310 2.043440 4.456130
v -3.136090 2.047360 4.437580
v -2.765760 2.336900 4.448710
v -2.840210 2.339870 4.446930
v -2.746200 2.049640 4.467130
v -2.459010 2.245690 4.465540
v -2.458500 2.245460 4.485520
v -2.464660 2.254070 4.475780
v -2.435120 2.542880 4.465030
v -2.439650 2.542610 4.484310
v -2.447700 2.545520 4.472290
v -2.353260 2.540490 4.478310
v -2.553780 2.149280 4.480760
v -2.355860 2.437070 4.471030
v -2.351680 2.443640 4.486940
v -2.345810 2.450840 4.472560
v -1.986620 2.531550 4.502930
v -2.343040 2.437650 4.477280
v -2.450580 2.251700 4.475390
v -2.059840 2.503110 4.499160
v -1.862170 2.546190 4.508090
v -2.137980 2.605660 4.482620
v -2.142940 2.623400 4.481070
v -2.150420 2.612480 4.490310
v -2.150060 2.611240 4.475030
v -2.435640 2.553610 4.475230
v -2.643080 2.452850 4.461650
v -2.976820 1.456320 4.460030
v -2.992270 1.459730 4.459430
v -2.987260 1.453620 4.473150
v -2.988800 1.444290 4.459950
v -3.207000 1.285020 4.444480
v -2.842020 0.348685 4.475500
v -2.671430 0.943743 4.497290
v -1.342870 0.558783 4.605930
v -3.143010 1.053170 4.444300
v -2.736450 0.835729 4.495920
v -2.753980 0.831629 4.494900
v -2.756150 1.255300 4.490660
v -2.760300 1.245480 4.480900
v -2.753870 1.253680 4.470880
v -2.840720 1.045370 4.489280
v -2.832920 1.052820 4.479360
v -2.839310 1.044130 4.469440
v -2.545700 0.843907 4.501100
v -2.544390 0.843319 4.520900
v -2.553100 0.835832 4.511300
v -2.247520 1.245110 4.523870
v -2.727140 0.857176 4.500830
v -1.369410 0.555715 4.600540
v -2.751930 1.045570 4.477720
v -2.649370 1.151290 4.503580
v -2.653680 1.157720 4.487260
v -2.642970 1.144840 4.489350
v -2.640990 1.158330 4.494140
v -2.643610 1.249180 4.492510
v -2.475880 1.072610 4.498000
v -2.352630 0.649655 4.537500
v -2.349690 0.652882 4.518480
v -2.360130 0.643817 4.525330
v -2.434210 1.044190 4.503980
v -2.142370 1.157790 4.534150
v -2.150000 1.150390 4.544040
v -2.141800 1.143150 4.534290
v -2.156370 1.143690 4.532840
v -1.944200 0.742260 4.551950
v -1.960780 0.546181 4.563390
v -1.967730 0.539768 4.552810
v -1.957530 0.543943 4.543880
v -1.965510 0.553727 4.551580
v -2.058390 0.754540 4.544410
v -2.261350 0.852621 4.529450
v -2.253620 0.845190 4.519460
v -2.261640 0.838346 4.529090
v -2.142510 0.756525 4.540200
v -2.156730 0.940665 4.538620
v -2.262540 0.739977 4.534700
v -2.144010 0.656608 4.542110
v -2.352740 0.348925 4.526090
v -2.155890 0.840056 4.537160
v -2.147170 0.854515 4.532880
v -2.153530 0.849904 4.548410
v -2.553550 0.053976 4.535010
v -2.545660 0.055972 4.518020
v -2.555190 0.065066 4.525110
v -2.352480 0.748344 4.515730
v -2.136510 0.545079 4.546160
v -2.144260 0.552636 4.555520
v -2.150730 0.545816 4.544700
v -1.952270 0.457551 4.549180
v -1.643260 0.464731 4.580280
v -1.952960 0.948231 4.540410
v -1.953060 0.947608 4.560380
v -1.945120 0.941080 4.550230
v -1.752900 0.357335 4.585180
v -1.737800 0.549579 4.574280
v -1.555360 0.670301 4.576510
v -1.653820 1.047400 4.552410
v -1.647690 1.048810 4.569830
v -1.660980 1.040080 4.565370
v -1.659710 1.054600 4.563750
v -0.741131 0.806603 4.667140
v -0.855876 0.860942 4.652530
v -1.569600 1.161230 4.585130
v -0.909384 1.260930 4.649710
v -1.959310 0.939974 4.550120
v -1.738440 0.846240 4.576830
v -1.750810 0.851392 4.568530
v -1.735840 0.843697 4.561490
v -1.736750 0.858540 4.566970
v -1.940320 0.839881 4.555030
v -1.857850 0.740662 4.563070
v -1.843100 0.739858 4.564450
v -1.850710 0.749779 4.572430
v -1.855940 0.649466 4.555900
v -1.850300 0.665848 4.556790
v -1.842720 0.653810 4.561190
v -1.853240 0.657321 4.571130
v -1.831350 0.531015 4.565730
v -1.943690 0.643203 4.544680
v -1.849040 0.747091 4.552930
v -2.247470 0.838378 4.530890
v -2.162680 0.854393 4.536240
v -2.519470 1.034920 4.506760
v -2.651110 0.839833 4.505200
v -2.528580 1.224500 4.503030
v -2.663500 1.059880 4.503430
v -2.659710 1.057130 4.484350
v -2.661220 1.047280 4.495580
v -2.743700 0.348840 4.500900
v -2.748040 0.352718 4.517950
v -2.755690 0.345677 4.508090
v -2.763820 1.259120 4.479370
v -2.745300 1.157520 4.482990
v -2.751120 1.150320 4.493800
v -2.744270 1.143380 4.483490
v -2.572200 1.150290 4.499570
v -2.650570 1.057790 4.496180
v -2.623300 1.036390 4.513060
v -2.630530 1.037500 4.500620
v -2.618750 1.032110 4.494230
v -2.564120 1.062220 4.501960
v -2.626910 0.928702 4.511310
v -2.624130 0.932094 4.494370
v -2.627250 0.944853 4.505450
v -2.840700 0.947727 4.491220
v -2.752740 1.149500 4.473880
v -2.839360 1.244230 4.464530
v -2.831740 1.038470 4.480340
v -2.988050 1.031820 4.474170
v -2.831440 1.142750 4.478750
v -2.830840 1.156900 4.477950
v -2.838640 1.150790 4.488090
v -2.838060 1.149620 4.468140
v -2.547570 0.746217 4.505900
v -2.691750 0.859721 4.495960
v -3.043300 0.645511 4.474370
v -3.050560 0.652937 4.464340
v -3.051310 0.652256 4.484300
v -2.647180 0.557437 4.496530
v -2.836540 0.640164 4.493010
v -2.636470 0.934199 4.501800
v -2.502850 0.976556 4.496130
v -2.492900 0.988573 4.492840
v -2.535520 0.981960 4.496120
v -2.547200 0.977615 4.488370
v -2.552980 0.850122 4.511720
v -2.045230 0.559652 4.554630
v -2.150050 0.454220 4.543860
v -2.543660 0.552806 4.522890
v -2.540400 0.550180 4.503890
v -2.548350 0.543204 4.513450
v -2.545110 0.283939 4.524050
v -2.448240 0.550630 4.513310
v -2.443230 0.544100 4.527510
v -2.456830 0.544557 4.523030
v -2.657140 0.266870 4.515140
v -2.454570 0.557692 4.528270
v -2.634670 0.640684 4.497280
v -2.637450 0.642793 4.516700
v -2.646930 0.640040 4.505620
v -2.638900 0.652514 4.505410
v -2.741430 0.491660 4.496930
v -2.760820 0.488556 4.495450
v -2.752160 0.491231 4.507370
v -2.656540 0.447317 4.509730
v -2.650910 0.454383 4.497490
v -2.641920 0.448226 4.507530
v -2.660350 0.156700 4.528020
v -2.655540 0.154439 4.509170
v -2.664200 0.146806 4.518050
v -2.534060 0.356676 4.520650
v -2.542020 0.349602 4.530250
v -2.533920 0.342500 4.521030
v -2.565020 0.142008 4.529500
v -2.559190 0.130241 4.535800
v -2.551910 0.137648 4.526070
v -2.534230 0.542144 4.515130
v -2.445630 0.450976 4.533850
v -2.451640 0.459967 4.523960
v -2.443160 0.453105 4.514180
v -2.247580 0.658829 4.534130
v -2.254210 0.652075 4.523000
v -2.261980 0.659420 4.532770
v -2.722270 -0.015172 4.506410
v -2.712240 0.003839 4.498650
v -2.725490 0.013940 4.497990
v -2.708610 0.020085 4.499640
v -2.827260 0.069584 4.500780
v -2.876710 0.132073 4.494270
v -1.554320 0.444096 4.598180
v -2.721400 -0.012665 4.487250
v -2.855270 0.049991 4.498860
v -2.653240 0.353621 4.507290
v -2.437460 0.459391 4.525680
v -2.256130 0.650765 4.542800
v -2.250710 0.547716 4.528740
v -2.257210 0.554673 4.539230
v -2.250320 0.546718 4.548710
v -2.142210 0.552946 4.535640
v -2.447750 0.749328 4.528010
v -2.448490 0.741430 4.510290
v -2.440420 0.754051 4.514990
v -2.537330 0.967416 4.496890
v -2.742430 0.618453 4.500540
v -2.726190 0.612845 4.499510
v -2.734330 0.620375 4.512670
v -2.667770 0.705226 4.503980
v -2.672390 0.704644 4.488960
v -2.680440 0.712128 4.499380
v -2.702450 0.726386 4.503090
v -2.703060 0.717358 4.491580
v -2.350810 0.552909 4.540730
v -2.356200 0.559307 4.529290
v -2.349230 0.550180 4.520980
v -2.455110 0.753373 4.515910
v -2.832950 0.515797 4.500490
v -2.730700 0.629323 4.501570
v -2.552140 0.649929 4.524420
v -2.543670 0.655912 4.514420
v -2.552220 0.650034 4.504430
v -2.637010 0.737708 4.510490
v -2.646700 0.747080 4.517470
v -2.651180 0.737793 4.507230
v -2.642300 0.745116 4.498350
v -2.546090 0.641894 4.514360
v -2.344920 0.642386 4.527540
v -2.683820 0.697540 4.497120
v -2.056560 0.656720 4.548020
v -2.250790 0.254694 4.534450
v -2.244050 0.247968 4.544970
v -2.251990 0.254977 4.554410
v -2.540490 0.349083 4.510320
v -2.650080 0.147133 4.521610
v -2.445560 0.051830 4.525390
v -2.446050 0.051175 4.545360
v -2.439520 0.059685 4.535800
v -2.253250 0.145053 4.550980
v -2.437520 0.045553 4.535380
v -2.244490 0.262136 4.544750
v -2.562460 0.135373 4.516790
v -2.561010 0.051954 4.520870
v -2.341500 0.164592 4.542710
v -2.562170 -0.007981 4.513320
v -2.554150 -0.023873 4.515900
v -2.546790 -0.009260 4.520310
v -2.550440 -0.013254 4.507070
v -1.642920 0.359398 4.584300
v -2.861790 0.435431 4.492000
v -2.856750 0.437686 4.473130
v -2.848790 0.440458 4.485830
v -2.648260 0.458090 4.516580
v -2.773970 0.544786 4.506650
v -2.764520 0.535514 4.499500
v -2.769790 0.542746 4.487400
v -2.551190 0.932865 4.516070
v -2.552460 0.941889 4.504320
v -2.551660 0.929169 4.496650
v -2.778600 0.535744 4.496420
v -2.861550 0.447146 4.483220
v -2.790380 0.329953 4.506740
v -2.785830 0.331779 4.487430
v -2.778040 0.333697 4.499720
v -2.756520 0.359937 4.506980
v -3.057510 0.644901 4.473810
v -2.747360 0.738647 4.492650
v -2.705920 0.714653 4.511130
v -2.342140 0.558128 4.530570
v -2.446390 0.840576 4.505260
v -2.439520 0.849630 4.514680
v -2.438150 0.835465 4.515720
v -2.676580 0.669677 4.487380
v -2.726460 0.553739 4.513560
v -2.723190 0.556423 4.494250
v -2.730090 0.545130 4.501630
v -2.716540 0.548854 4.504440
v -2.681920 0.667669 4.506520
v -2.688800 0.671550 4.494590
v -2.821740 0.545311 4.494570
v -2.828470 0.561017 4.491660
v -2.836840 0.547844 4.491550
v -2.827630 0.550834 4.479310
v -2.143290 1.041090 4.537660
v -2.055220 1.357000 4.534020
v -2.245010 1.645520 4.495750
v -2.158800 1.558120 4.521930
v -2.385250 1.462530 4.503270
v -2.372260 1.473760 4.503850
v -2.375800 1.465230 4.489370
v -2.345290 1.448150 4.496520
v -2.353840 1.444110 4.509310
v -2.370030 1.571820 4.486450
v -2.154690 1.263080 4.529770
v -2.520740 1.410240 4.498970
v -2.503080 1.410320 4.493730
v -2.510700 1.400100 4.500280
v -2.548070 1.351010 4.501670
v -2.556160 1.351910 4.483890
v -2.546790 1.360260 4.490800
v -2.559830 1.359890 4.496720
v -2.511650 1.410560 4.510030
v -2.354640 1.352050 4.502390
v -2.361600 1.343380 4.512200
v -2.356520 1.353120 4.522170
v -2.347610 1.346170 4.513380
v -2.153970 1.462350 4.520680
v -2.294840 1.556940 4.489740
v -2.342420 1.454790 4.512230
v -1.938280 1.840780 4.527560
v -1.740450 2.046240 4.551220
v -2.048820 1.939080 4.514470
v -2.557460 1.747320 4.485440
v -2.446660 0.842016 4.525120
v -2.540610 0.933018 4.505720
v -2.350610 0.456350 4.542870
v -2.354420 0.461183 4.526020
v -2.342540 0.448885 4.531450
v -2.258380 0.540576 4.538550
v -2.342350 0.463004 4.533370
v -2.745990 0.839522 4.485270
v -2.790230 0.341019 4.497540
v -2.714710 0.013635 4.487510
v -1.736190 0.452743 4.586540
v -1.743650 0.459420 4.576400
v -1.736000 0.452484 4.566580
v -1.729470 0.460817 4.576510
v -1.343610 0.337181 4.604670
v -2.618210 1.044920 4.501910
v -3.058160 1.560970 4.446000
v -1.664190 0.237400 4.591530
v 0.605930 1.727910 4.697100
v 0.608201 1.712030 4.701190
v 0.596016 1.720370 4.706820
v 0.570690 1.735220 4.695890
v 0.575682 2.552070 4.679140
v 0.716257 2.203430 4.715240
v 0.628399 2.204120 4.598140
v 0.561681 2.178450 4.685350
v 0.638764 2.320510 4.584920
v 0.573604 1.737030 4.715460
v 0.734450 2.246960 4.646950
v 0.727610 2.249490 4.662520
v 0.733852 2.235660 4.658020
v 1.032880 2.045300 4.771040
v 0.706688 2.135890 4.691330
v 1.125670 2.373710 4.765970
v 0.566702 2.375910 4.691150
v 0.577764 2.382390 4.678630
v 0.562669 2.376240 4.674930
v 0.720763 2.239750 4.650120
v 0.573937 2.367900 4.680570
v 0.534987 1.786950 4.703870
v 0.607267 1.827920 4.712800
v 0.603237 1.825520 4.694290
v 0.570284 1.848170 4.703800
v 0.541936 1.859140 4.688440
v 0.539373 1.857300 4.707840
v 0.578454 1.745190 4.703900
v -0.162995 0.250099 4.678340
v 0.139120 0.018191 4.659250
v -0.020944 0.123522 4.710900
v 0.216115 0.031170 4.670030
v 0.557396 1.833530 4.700870
v 0.595074 1.825730 4.705890
v 0.603182 1.814090 4.705640
v 0.535238 1.848320 4.696480
v 0.610009 1.724640 4.712800
v 1.055330 1.642200 4.804370
v 0.564268 1.838340 4.713010
v 1.021780 1.848500 4.767850
v 0.956359 2.332160 4.671510
v 1.970950 2.239580 4.811570
v 1.797840 2.391010 4.756980
v 1.991880 2.232820 4.659790
v 1.934960 2.156970 4.800810
v 1.747020 2.371620 4.759490
v 1.952220 2.263180 4.758940
v 1.960350 2.250900 4.759200
v 1.948520 2.244970 4.765640
v 1.955310 2.256660 4.772050
v 1.683800 2.367720 4.792960
v 1.714620 2.418640 4.820970
v 1.358050 2.237980 4.817750
v 1.653030 2.245440 4.845810
v 1.350280 2.670080 4.758560
v -0.893506 -0.018091 4.571840
v -0.961710 -0.023570 4.579780
v -0.967676 0.007162 4.590360
v -0.957975 -0.010107 4.575540
v -0.967317 -0.002933 4.607200
v -0.952655 -0.010429 4.589130
v -1.102540 0.008484 4.587240
v -1.088760 0.010369 4.601220
v -1.111210 0.000092 4.598370
v -0.860328 -0.016253 4.605240
v -0.168798 -0.057023 2.306610
v -0.255635 -0.068394 2.148960
v 0.189272 0.779497 2.829230
v 0.447641 -0.081731 1.034900
v 2.222060 0.638668 3.447070
v 2.230470 0.247775 3.459440
v 2.225780 0.270166 3.505780
v 2.222010 0.262497 3.522540
v 2.234340 0.263129 3.515050
v 2.222300 0.254608 3.508440
v 0.247377 -0.101921 0.644899
v -0.055845 -0.110149 0.249483
v -0.350668 -0.101319 0.558073
v -2.235360 1.951550 4.512790
f 1 2 3
f 4 5 6
f 7 5 4
f 7 6 5
f 6 7 4
f 8 9 10
f 11 12 13
f 14 15 16
f 17 18 19
f 20 19 18
f 20 17 19
f 17 20 18
f 21 22 23
f 24 25 26
f 27 28 29
f 30 31 32
f 33 34 35
f 36 37 38
f 39 38 37
f 36 38 39
f 36 39 37
f 40 41 42
f 43 44 45
f 44 46 45
f 45 46 43
f 43 46 44
f 47 48 49
f 50 51 52
f 53 54 55
f 56 53 55
f 56 54 53
f 54 56 55
f 57 58 59
f 60 61 62
f 63 64 65
f 63 66 64
f 65 64 66
f 65 66 63
f 67 68 69
f 70 71 72
f 73 74 75
f 76 77 78
f 79 80 81
f 82 83 84
f 85 83 82
f 83 85 84
f 84 85 82
f 86 87 88
f 89 90 91
f 92 93 94
f 95 94 93
f 95 92 94
f 92 95 93
f 96 97 98
f 99 100 101
f 102 103 104
f 103 105 104
f 102 104 105
f 102 105 103
f 106 107 108
f 109 40 110
f 111 112 113
f 114 115 116
f 117 118 119
f 120 121 122
f 123 124 125
f 126 127 128
f 129 128 127
f 130 131 132
f 133 134 135
f 136 137 138
f 139 140 141
f 139 142 140
f 142 141 140
f 141 142 139
f 143 144 145
f 146 147 148
f 149 150 151
f 152 153 154
f 155 156 157
f 156 158 157
f 158 155 157
f 155 158 156
f 159 160 161
f 162 163 164
f 42 165 40
f 42 166 165
f 167 168 169
f 170 171 172
f 173 174 175
f 176 177 178
f 179 176 178
f 123 125 180
f 181 182 183
f 184 182 181
f 184 183 182
f 183 184 181
f 185 186 187
f 186 185 188
f 189 190 191
f 192 193 194
f 195 196 197
f 198 199 200
f 201 202 203
f 204 205 206
f 207 208 209
f 210 211 212
f 213 214 215
f 216 217 218
f 219 220 221
f 222 223 224
f 204 206 225
f 226 227 228
f 229 230 231
f 232 233 234
f 235 236 237
f 238 239 240
f 241 242 243
f 244 245 246
f 247 248 249
f 248 250 249
f 247 249 250
f 247 250 248
f 251 252 229
f 253 229 252
f 254 255 256
f 257 258 259
f 260 261 262
f 263 264 265
f 266 265 264
f 263 266 264
f 267 268 269
f 201 203 270
f 271 272 273
f 274 275 276
f 277 278 279
f 280 281 282
f 283 281 280
f 284 285 286
f 287 288 289
f 290 291 292
f 293 291 290
f 291 293 292
f 292 293 290
f 294 295 296
f 297 298 299
f 299 300 297
f 300 298 297
f 298 300 299
f 301 302 303
f 304 305 306
f 307 308 309
f 238 240 310
f 311 312 313
f 314 315 316
f 317 318 319
f 320 318 317
f 319 318 320
f 319 320 317
f 321 322 323
f 324 126 325
f 326 327 328
f 309 329 307
f 330 331 332
f 279 333 277
f 334 335 336
f 337 267 269
f 251 229 231
f 256 338 254
f 255 338 256
f 255 254 338
f 129 127 339
f 340 341 342
f 343 341 340
f 343 342 341
f 342 343 340
f 344 345 346
f 278 333 279
f 347 348 349
f 282 283 280
f 350 351 352
f 353 354 355
f 282 281 283
f 356 357 358
f 359 360 361
f 362 359 361
f 362 360 359
f 360 362 361
f 363 364 365
f 366 367 368
f 369 370 371
f 372 373 374
f 375 376 377
f 376 378 377
f 377 378 375
f 375 378 376
f 166 41 40
f 109 166 40
f 379 232 234
f 234 233 379
f 379 233 232
f 380 381 382
f 383 384 385
f 386 387 388
f 313 389 311
f 197 390 195
f 391 392 393
f 394 395 396
f 397 398 399
f 400 401 402
f 403 404 405
f 406 72 407
f 408 406 407
f 409 410 411
f 412 413 414
f 415 416 417
f 418 419 420
f 421 419 418
f 419 421 420
f 420 421 418
f 422 423 424
f 425 426 427
f 428 429 430
f 431 432 433
f 434 435 436
f 437 436 435
f 437 434 436
f 434 437 435
f 438 439 440
f 441 442 443
f 444 445 446
f 447 448 449
f 450 451 452
f 453 454 455
f 456 457 458
f 352 459 350
f 351 350 459
f 351 459 352
f 460 461 462
f 463 464 465
f 466 467 468
f 469 470 471
f 472 473 474
f 475 476 477
f 478 479 480
f 481 479 478
f 480 479 481
f 480 481 478
f 482 413 412
f 482 414 413
f 414 482 412
f 483 484 485
f 486 487 488
f 489 490 491
f 492 493 494
f 495 496 497
f 496 498 497
f 495 497 498
f 495 498 496
f 499 500 501
f 502 503 504
f 505 506 507
f 494 493 508
f 492 508 493
f 508 492 494
f 509 510 511
f 512 510 509
f 512 511 510
f 511 512 509
f 513 514 515
f 463 465 516
f 439 517 440
f 438 440 517
f 439 438 517
f 464 516 465
f 464 463 516
f 518 519 520
f 521 522 523
f 524 525 526
f 527 528 529
f 530 531 532
f 533 534 535
f 536 537 538
f 537 539 538
f 536 538 539
f 536 539 537
f 540 541 542
f 518 543 519
f 519 543 520
f 544 545 546
f 547 548 549
f 550 551 552
f 553 554 555
f 556 557 558
f 520 543 518
f 554 553 559
f 559 555 554
f 553 555 559
f 560 561 562
f 562 561 563
f 564 565 566
f 567 568 569
f 570 571 572
f 573 574 575
f 576 577 578
f 576 579 577
f 580 581 582
f 583 584 585
f 586 587 588
f 589 590 591
f 592 593 594
f 595 596 597
f 80 598 81
f 599 600 601
f 599 602 600
f 601 600 602
f 601 602 599
f 603 604 605
f 606 607 608
f 609 610 611
f 612 613 614
f 615 616 617
f 618 615 617
f 619 620 621
f 622 623 624
f 625 622 624
f 626 627 628
f 629 630 631
f 632 633 634
f 635 636 637
f 638 639 640
f 641 642 643
f 644 645 646
f 645 647 646
f 644 646 647
f 644 647 645
f 648 649 650
f 651 652 653
f 651 654 652
f 654 653 652
f 653 654 651
f 124 180 125
f 123 180 124
f 655 656 657
f 407 658 659
f 659 658 406
f 660 661 662
f 663 664 665
f 666 667 668
f 669 670 671
f 672 673 674
f 675 676 677
f 678 679 680
f 73 681 74
f 77 682 78
f 570 572 683
f 684 685 686
f 687 688 689
f 687 690 688
f 689 688 690
f 689 690 687
f 691 692 693
f 694 542 541
f 563 561 560
f 562 563 560
f 695 696 697
f 698 699 700
f 701 702 703
f 703 704 701
f 705 706 707
f 708 706 705
f 708 707 706
f 707 708 705
f 709 710 711
f 712 505 507
f 713 714 715
f 716 717 718
f 719 720 721
f 722 723 724
f 14 16 725
f 367 366 726
f 727 728 729
f 730 731 732
f 733 365 364
f 734 471 470
f 735 736 737
f 737 738 735
f 736 735 738
f 736 738 737
f 739 740 741
f 742 743 744
f 743 745 744
f 742 744 745
f 742 745 743
f 746 747 748
f 749 750 751
f 752 753 754
f 752 755 753
f 754 753 755
f 754 755 752
f 756 757 758
f 756 759 757
f 758 757 759
f 758 759 756
f 760 761 762
f 763 764 765
f 764 766 765
f 765 766 763
f 763 766 764
f 272 767 273
f 768 769 770
f 771 772 773
f 774 772 771
f 773 772 774
f 773 774 771
f 775 776 777
f 778 776 775
f 777 776 778
f 777 778 775
f 779 780 781
f 782 783 784
f 785 782 784
f 785 783 782
f 783 785 784
f 786 787 788
f 363 733 364
f 789 790 791
f 792 793 794
f 795 796 797
f 798 799 800
f 801 789 791
f 791 790 801
f 801 790 789
f 802 803 804
f 805 806 807
f 808 809 810
f 811 812 813
f 814 815 816
f 817 818 819
f 820 817 819
f 818 817 820
f 818 820 819
f 821 822 823
f 822 824 823
f 823 824 821
f 821 824 822
f 717 825 718
f 826 504 503
f 827 828 829
f 830 831 832
f 833 831 830
f 832 831 833
f 832 833 830
f 834 710 709
f 711 710 834
f 709 711 834
f 366 368 726
f 365 733 363
f 163 835 164
f 529 528 836
f 800 799 837
f 838 839 840
f 841 842 843
f 844 845 846
f 847 848 849
f 848 850 849
f 847 849 850
f 847 850 848
f 476 475 851
f 845 852 846
f 853 854 855
f 856 853 855
f 854 853 856
f 854 856 855
f 857 858 859
f 860 861 862
f 838 840 863
f 864 796 795
f 797 796 864
f 795 797 864
f 836 527 529
f 528 527 836
f 726 368 367
f 865 866 867
f 868 869 870
f 871 872 873
f 874 875 876
f 877 453 455
f 739 741 878
f 878 741 740
f 878 740 739
f 879 880 881
f 882 883 884
f 884 885 882
f 882 885 883
f 883 885 884
f 886 887 888
f 122 121 889
f 890 891 892
f 893 894 895
f 896 897 898
f 899 898 897
f 899 896 898
f 896 899 897
f 900 901 902
f 903 904 905
f 903 906 904
f 906 905 904
f 905 906 903
f 704 907 908
f 908 701 704
f 907 701 908
f 425 427 909
f 910 911 912
f 913 914 915
f 916 917 918
f 919 920 921
f 922 920 919
f 920 922 921
f 923 406 408
f 924 925 926
f 927 928 929
f 930 928 927
f 931 932 933
f 934 935 936
f 936 937 934
f 935 934 937
f 935 937 936
f 938 939 940
f 941 942 943
f 944 945 946
f 947 948 949
f 246 245 950
f 951 952 953
f 954 955 956
f 957 461 460
f 958 959 960
f 196 390 197
f 961 962 963
f 964 965 966
f 964 967 965
f 965 967 966
f 966 967 964
f 968 969 970
f 971 969 968
f 971 970 969
f 970 971 968
f 972 973 974
f 975 152 154
f 153 975 154
f 975 153 152
f 976 977 978
f 979 980 981
f 396 982 394
f 983 984 985
f 986 914 913
f 987 988 989
f 990 8 10
f 991 992 993
f 994 995 996
f 997 998 999
f 1000 1001 1002
f 1003 1004 1005
f 1006 1007 1008
f 1008 1009 1006
f 1009 1007 1006
f 1007 1009 1008
f 1010 1011 1012
f 1013 1014 1015
f 1016 1010 1012
f 110 40 165
f 165 109 110
f 460 462 957
f 462 461 957
f 983 1017 984
f 1018 977 976
f 195 390 196
f 918 919 921
f 1019 1020 1021
f 391 393 1022
f 391 1022 1023
f 1024 1025 1026
f 1026 1027 1024
f 1025 1024 1027
f 1025 1027 1026
f 1028 1029 1030
f 1031 1032 927
f 1033 1034 1035
f 1034 1036 1035
f 1036 1033 1035
f 1033 1036 1034
f 1037 1038 1039
f 205 225 206
f 225 205 204
f 1040 1041 1042
f 1043 1044 1045
f 1046 1047 1048
f 1048 1049 1046
f 1050 1051 1052
f 1053 1054 1055
f 984 1017 985
f 1017 983 985
f 1056 1057 1058
f 1059 1060 1061
f 1062 1063 1064
f 1065 921 922
f 1066 1067 1068
f 1069 1070 1071
f 918 1069 1071
f 1072 1068 1067
f 1066 1072 1067
f 1072 1066 1068
f 1070 916 1071
f 916 918 1071
f 1073 1069 916
f 917 916 1069
f 1069 1065 917
f 1069 918 1065
f 1074 1075 1076
f 14 725 15
f 918 917 919
f 1065 919 917
f 922 919 1065
f 918 921 1065
f 1073 1070 1069
f 1077 1070 1073
f 388 1078 386
f 388 387 1078
f 1078 387 386
f 1047 1046 1079
f 1080 1048 1047
f 1047 1081 1080
f 1080 1081 1048
f 725 16 15
f 1075 1082 1076
f 1074 1082 1075
f 1082 1074 1076
f 1083 177 176
f 1083 1084 177
f 1084 1083 176
f 1085 1086 1087
f 1088 243 242
f 392 391 1089
f 1090 1091 1092
f 1093 1094 1095
f 1095 1094 1096
f 1095 1096 1093
f 1096 1094 1093
f 1097 381 380
f 1087 1086 1098
f 1099 1100 1101
f 1102 263 1103
f 1104 1105 1106
f 955 1107 956
f 1108 1106 1105
f 1109 1110 1111
f 1110 1112 1111
f 1112 1109 1111
f 1109 1112 1110
f 1113 1114 1115
f 1115 1116 1113
f 1117 1118 1119
f 1117 1120 1118
f 1118 1120 1119
f 1119 1120 1117
f 126 128 325
f 1121 1122 1123
f 241 1088 242
f 243 1088 241
f 1124 1125 1126
f 1127 1128 1129
f 1127 1130 1128
f 1130 1129 1128
f 1129 1130 1127
f 1131 1114 1113
f 1131 1116 1114
f 1132 1133 1134
f 244 246 950
f 245 244 950
f 1135 286 285
f 284 286 1135
f 284 1135 285
f 313 312 389
f 389 312 311
f 1126 1136 1124
f 1126 1125 1136
f 1136 1125 1124
f 1137 1101 1138
f 1100 1137 1138
f 1139 1140 1141
f 1142 1139 1141
f 1139 1142 1140
f 1140 1142 1141
f 1143 1144 1145
f 1113 1146 1147
f 202 201 270
f 230 229 253
f 1148 1149 1150
f 1148 1151 1149
f 1151 1150 1149
f 1150 1151 1148
f 1152 1153 1154
f 1155 1156 1157
f 1158 1029 1028
f 1158 1030 1029
f 1028 1030 1158
f 1159 1160 1161
f 1162 1160 1159
f 1161 1160 1162
f 1161 1162 1159
f 1163 1164 1165
f 1166 1165 1164
f 1166 1163 1165
f 1163 1166 1164
f 1122 1167 1123
f 287 1168 288
f 1168 287 289
f 266 1102 1103
f 263 1102 266
f 1099 1101 1169
f 266 1103 265
f 263 265 1103
f 1170 1171 1172
f 1173 1144 1143
f 288 1168 289
f 1131 1113 1147
f 301 303 1174
f 302 1174 303
f 1174 302 301
f 1145 1144 1173
f 1175 1176 1177
f 1178 331 330
f 332 331 1178
f 330 332 1178
f 1121 1123 1167
f 1179 1180 1181
f 1182 1181 1180
f 1182 1179 1181
f 1179 1182 1180
f 1183 1184 1185
f 1186 1187 1188
f 1189 1190 1191
f 450 1192 451
f 239 238 310
f 1138 1101 1193
f 1194 1195 1196
f 1194 1196 1197
f 1194 1197 1195
f 1145 1173 1143
f 1198 1199 1200
f 230 253 1201
f 1177 1176 1202
f 1175 1202 1176
f 1177 1202 1175
f 1203 1204 1205
f 235 237 1206
f 1207 1208 1209
f 231 252 251
f 1210 1211 1212
f 231 1201 252
f 1213 1214 1215
f 127 324 325
f 127 325 339
f 126 324 127
f 1201 231 230
f 111 1216 112
f 1217 1208 1207
f 1218 1219 1220
f 325 128 339
f 128 129 339
f 1221 1222 1223
f 1147 1146 1131
f 1224 1225 1226
f 1227 1228 1229
f 392 1089 1230
f 1231 1089 391
f 1022 1089 1231
f 1232 1233 1234
f 636 1235 637
f 1236 1237 1238
f 1239 1240 1241
f 1242 1243 1244
f 1242 1245 1243
f 1244 1243 1245
f 1244 1245 1242
f 161 1246 159
f 1246 160 159
f 160 1246 161
f 1247 1248 1249
f 1236 1250 1237
f 1237 1250 1238
f 1238 1250 1236
f 1251 1252 1253
f 1254 1255 1256
f 1257 1258 1259
f 1260 1261 1262
f 1263 1264 1265
f 1266 1267 1268
f 639 1269 640
f 1270 1271 1272
f 1273 1274 1275
f 1276 1274 1273
f 1275 1274 1276
f 1275 1276 1273
f 1277 1278 1279
f 1280 1281 1282
f 1283 1284 1285
f 1001 1286 1002
f 1287 1288 1289
f 1290 1288 1287
f 1290 1289 1288
f 1289 1290 1287
f 1291 29 28
f 27 29 1291
f 28 27 1291
f 1292 1293 1294
f 1295 1296 1297
f 1298 1299 1300
f 1301 172 171
f 171 170 1301
f 1301 170 172
f 1302 1303 1304
f 1305 1304 1303
f 1302 1304 1305
f 1302 1305 1303
f 1298 1306 1299
f 1306 1300 1299
f 1298 1300 1306
f 1307 1308 1309
f 1310 1005 1004
f 179 1311 177
f 178 177 1311
f 179 178 1311
f 1312 1313 1314
f 179 177 1084
f 1084 176 179
f 174 173 1315
f 1315 175 174
f 173 175 1315
f 1316 1317 1318
f 1319 1320 1321
f 1321 1322 1319
f 1319 1322 1320
f 1320 1322 1321
f 1004 1003 1310
f 1003 1005 1310
f 1323 1324 1325
f 1326 1327 1328
f 1329 1330 1331
f 1332 1331 1330
f 1332 1329 1331
f 938 1333 939
f 1334 1335 1336
f 1337 1309 1338
f 1339 1340 1341
f 136 138 1342
f 1343 1344 1345
f 933 1346 931
f 933 932 1346
f 1346 932 931
f 1347 1348 1349
f 1325 1324 1350
f 1351 1352 1353
f 1354 1355 1356
f 134 1357 135
f 1358 1359 1360
f 1358 1361 1359
f 1360 1359 1361
f 1360 1361 1358
f 1362 952 951
f 1362 953 952
f 953 1362 951
f 1363 1364 1365
f 1366 1355 1354
f 1355 1366 1356
f 1356 1366 1354
f 1205 1367 1203
f 1368 1369 1370
f 1371 1372 1373
f 1374 1375 1376
f 1377 1378 1379
f 216 1380 217
f 1381 1382 1383
f 1384 393 392
f 1385 1386 1387
f 1388 1389 1390
f 947 1391 948
f 1391 949 948
f 949 1391 947
f 1392 1393 1394
f 42 1395 166
f 1396 1397 1398
f 1399 1400 1401
f 990 10 9
f 9 8 990
f 1402 1403 1404
f 1402 1405 1403
f 1404 1403 1405
f 1404 1405 1402
f 1406 1407 1408
f 1409 1410 1411
f 1412 1413 1414
f 1415 1416 1417
f 1418 1419 1420
f 1019 1421 1020
f 1422 1423 1424
f 1417 1416 1425
f 1426 1427 1428
f 1429 1430 1431
f 1421 1019 1021
f 1020 1421 1021
f 1412 1432 1413
f 1368 1433 1369
f 1370 1369 1433
f 1370 1433 1368
f 1284 1434 1285
f 1420 1419 1435
f 1436 1437 1438
f 1439 1263 1265
f 137 136 1342
f 1342 138 137
f 1365 1440 1363
f 1364 1440 1365
f 1363 1440 1364
f 923 659 406
f 1425 1415 1417
f 1425 1416 1415
f 1429 1431 1441
f 1430 1441 1431
f 1429 1441 1430
f 579 1442 577
f 578 577 1442
f 578 1442 579
f 1443 1444 1445
f 1446 1447 1448
f 1343 1449 1344
f 1450 1451 1452
f 1424 1423 1453
f 1454 1455 1456
f 1456 1457 1454
f 1457 1455 1454
f 1455 1457 1456
f 1447 1458 1448
f 1353 1459 1351
f 1445 1444 1460
f 1461 1462 1463
f 1464 1463 1462
f 1463 1464 1461
f 1461 1464 1462
f 1465 1466 1372
f 1372 1466 1467
f 1468 1469 1470
f 1471 1472 1473
f 1474 1475 1476
f 116 115 1477
f 1477 114 116
f 115 114 1477
f 1478 1338 1308
f 1479 1480 1481
f 1482 1483 1484
f 1483 1485 1484
f 1484 1485 1482
f 1482 1485 1483
f 1446 1458 1447
f 1486 1487 1488
f 146 148 1489
f 148 147 1489
f 147 146 1489
f 1490 1491 1492
f 1493 1494 1495
f 1493 1496 1494
f 1495 1494 1496
f 1495 1496 1493
f 1497 1498 1499
f 1497 1500 1498
f 1498 1500 1499
f 1499 1500 1497
f 578 1501 576
f 1502 1503 1504
f 1505 1506 1507
f 1508 1509 1510
f 1511 1471 1473
f 1512 1513 1514
f 1515 1516 1517
f 1518 1519 1520
f 1521 1522 1523
f 1524 1522 1521
f 1523 1522 1524
f 1523 1524 1521
f 1525 1526 1527
f 1465 1371 1467
f 1465 1467 1528
f 578 579 1501
f 1529 1481 1480
f 1506 1530 1507
f 1531 1532 1533
f 1534 1503 1502
f 1373 1535 1371
f 1535 1467 1371
f 1536 1537 1538
f 1539 1536 1538
f 1536 1539 1537
f 1537 1539 1538
f 1540 1541 1542
f 87 1543 88
f 1544 1545 1546
f 1547 1546 1545
f 1547 1544 1546
f 1544 1547 1545
f 642 641 1548
f 1549 1550 1551
f 1552 1553 1554
f 1486 1555 1487
f 1263 1439 1264
f 1469 1556 1470
f 923 407 659
f 445 444 1557
f 1557 446 445
f 444 446 1557
f 1558 1559 1560
f 1561 1562 1563
f 1564 1565 1566
f 1567 1568 1569
f 1570 1571 1572
f 1573 1574 1575
f 1576 650 649
f 1577 1578 1579
f 1580 1578 1577
f 1579 1578 1580
f 1579 1580 1577
f 1581 1582 1583
f 1584 1492 1491
f 1492 1584 1490
f 1490 1584 1491
f 1585 1586 1587
f 1588 1589 1590
f 1591 1592 1593
f 1594 1595 1596
f 1597 1598 1599
f 1600 1601 1602
f 1594 1603 1595
f 1594 1604 1603
f 1398 1605 1396
f 1606 167 169
f 1607 1608 1609
f 1610 1611 1612
f 1613 1614 1615
f 1616 1617 1618
f 1619 1618 1617
f 1619 1616 1618
f 1616 1619 1617
f 1575 1574 1620
f 1621 1622 1623
f 1624 1621 1623
f 1624 1622 1621
f 1622 1624 1623
f 1625 1626 1627
f 1628 1629 1630
f 1631 1632 1633
f 1634 1635 1636
f 132 131 1637
f 70 72 406
f 1638 1639 1640
f 1641 1642 1643
f 1644 1645 1646
f 1646 1647 1644
f 1647 1645 1644
f 1645 1647 1646
f 1648 1561 1563
f 1562 1561 1648
f 1563 1562 1648
f 1649 1650 1651
f 1652 1612 1611
f 1386 1653 1387
f 1653 1386 1385
f 1653 1385 1387
f 1654 1655 1656
f 1657 1655 1654
f 1656 1655 1657
f 1656 1657 1654
f 1658 1381 1383
f 1382 1658 1383
f 1658 1382 1381
f 1659 1660 1661
f 1660 1662 1661
f 1662 1659 1661
f 1659 1662 1660
f 1152 1154 1663
f 1609 1608 1664
f 1591 1593 1665
f 1666 1667 1668
f 1669 1601 1600
f 1601 1669 1602
f 1602 1669 1600
f 1670 1671 1672
f 1673 1674 1675
f 1312 1676 1313
f 1598 1677 1599
f 1677 1597 1599
f 1597 1677 1598
f 1678 1679 1680
f 1681 1682 1683
f 1684 1682 1681
f 1684 1683 1682
f 1685 1686 1687
f 1543 86 88
f 1377 1688 1378
f 1689 1690 1691
f 87 86 1543
f 649 648 1576
f 1576 648 650
f 1692 1284 1283
f 1693 1525 1527
f 1345 1344 1449
f 1694 1324 1323
f 1694 1695 1324
f 1323 1695 1694
f 1665 1593 1592
f 1592 1591 1665
f 1685 1687 1696
f 1687 1686 1696
f 1685 1696 1686
f 1449 1343 1345
f 1510 1509 1697
f 1413 1432 1414
f 1698 1699 1700
f 1701 1698 1700
f 1699 1698 1701
f 1699 1701 1700
f 1548 641 643
f 643 642 1548
f 1531 1702 1703
f 1704 1705 1706
f 1473 1472 1511
f 1511 1472 1471
f 1286 1000 1002
f 1697 1509 1508
f 1707 1708 1709
f 1710 1711 1712
f 1711 1710 1713
f 1714 1715 1716
f 1717 1718 1719
f 1720 1721 1722
f 1723 1724 1725
f 1501 579 576
f 1726 1727 1728
f 1727 1729 1728
f 1726 1728 1729
f 1726 1729 1727
f 1264 1439 1265
f 1460 1443 1445
f 1487 1555 1488
f 1555 1486 1488
f 1504 1503 1730
f 106 1731 107
f 1432 1412 1414
f 1732 1733 1734
f 1297 1735 1295
f 1736 1737 1045
f 371 1738 369
f 371 370 1738
f 370 369 1738
f 912 911 1739
f 1739 911 910
f 1739 910 912
f 130 1637 131
f 130 132 1637
f 1740 1741 1742
f 603 1743 604
f 1744 1745 1746
f 1744 1747 1745
f 1747 1746 1745
f 1746 1747 1744
f 1748 1749 1750
f 1751 1752 1753
f 1397 1396 1605
f 411 410 1754
f 1755 1756 1757
f 1757 1758 1755
f 1756 1755 1758
f 1756 1758 1757
f 1723 1725 1759
f 1560 1559 1760
f 1761 1762 1763
f 1350 1324 1764
f 1325 1350 1764
f 1558 1560 1760
f 1556 1468 1470
f 1765 533 535
f 186 1766 187
f 188 1766 186
f 960 1767 958
f 1674 1768 1675
f 1769 1770 1771
f 1049 1081 1047
f 1048 1081 1049
f 273 767 271
f 767 272 271
f 1772 1773 1774
f 588 1775 586
f 588 587 1775
f 1775 587 586
f 1049 1047 1079
f 534 1765 535
f 534 1776 1765
f 1777 1778 1779
f 1777 1780 1778
f 1780 1779 1778
f 1779 1780 1777
f 1781 1782 1783
f 1781 1784 1782
f 1782 1784 1783
f 1783 1784 1781
f 1785 1786 1787
f 410 409 1754
f 1542 1541 1788
f 1789 944 946
f 1280 1790 1281
f 1675 1768 1673
f 1674 1673 1768
f 1791 1792 1793
f 1794 1792 1791
f 1793 1794 1791
f 1723 1759 1724
f 1596 1595 1795
f 1796 1596 1604
f 1797 1798 1799
f 1800 1793 1792
f 1794 1793 1800
f 1046 1049 1079
f 192 194 1801
f 945 1789 946
f 944 1789 945
f 1802 1803 1804
f 1786 1805 1787
f 1806 1807 1808
f 927 1032 930
f 1809 1810 1811
f 1812 1813 1814
f 1812 1815 1813
f 1814 1813 1815
f 1814 1815 1812
f 1816 1817 1818
f 1819 1820 1821
f 1822 1819 1821
f 1823 1824 1825
f 1795 1595 1603
f 1826 1827 1828
f 1829 1830 1831
f 1832 1833 1834
f 1835 1836 1837
f 1838 1839 1840
f 1841 1842 1843
f 1844 1845 1846
f 1844 1847 1845
f 1846 1845 1847
f 1846 1847 1844
f 1848 1849 1850
f 1848 1851 1849
f 1850 1849 1851
f 1850 1851 1848
f 1852 1853 1854
f 1855 1856 1857
f 1858 719 721
f 1859 1860 1861
f 1862 1863 1864
f 1865 901 900
f 1865 1866 901
f 1817 1867 1818
f 1868 1869 1870
f 1871 1872 1873
f 1873 1874 1871
f 1872 1871 1874
f 1872 1874 1873
f 1875 1876 1877
f 1878 1879 1880
f 1881 1882 1883
f 1881 1884 1882
f 1882 1884 1883
f 1883 1884 1881
f 1885 1886 1887
f 677 1888 675
f 676 1888 677
f 675 1888 676
f 424 423 1889
f 1890 1891 1892
f 1893 700 703
f 1894 1895 1896
f 1896 1897 1894
f 1894 1897 1895
f 1895 1897 1896
f 1898 1899 1900
f 1901 551 550
f 1902 1903 1904
f 1905 1906 1907
f 1908 1909 1910
f 867 866 1911
f 865 867 1911
f 866 865 1911
f 1912 1840 1839
f 1840 1912 1838
f 1838 1912 1839
f 1913 1914 1915
f 1916 1917 1918
f 1919 1920 1921
f 891 1922 892
f 890 892 1922
f 891 890 1922
f 1923 1924 1925
f 1926 1927 1928
f 1929 1930 1931
f 1932 1931 1930
f 1929 1931 1932
f 1929 1932 1930
f 1933 1906 1934
f 1935 1857 1856
f 1750 1936 1748
f 1937 1938 1939
f 1940 1941 1942
f 605 604 1743
f 357 1943 358
f 1944 1945 1946
f 1945 1947 1946
f 1944 1946 1947
f 1944 1947 1945
f 1948 1949 1950
f 1951 1952 1953
f 1954 1955 1956
f 1956 1957 1954
f 1954 1957 1955
f 1955 1957 1956
f 1958 1959 1960
f 1961 1962 1963
f 1963 1964 1961
f 1962 1961 1964
f 1962 1964 1963
f 477 476 851
f 851 475 477
f 1965 1966 1967
f 1965 1968 1966
f 1968 1967 1966
f 1967 1968 1965
f 1906 1969 1934
f 1970 1971 1972
f 1973 1974 1975
f 1976 1977 1978
f 1976 1979 1977
f 1980 1981 1982
f 1977 1979 1978
f 1983 1984 1985
f 1986 804 803
f 522 1987 523
f 1988 1989 1990
f 1991 1992 1993
f 1928 1994 1926
f 1908 1910 1995
f 1996 1997 1998
f 1999 1996 1998
f 1997 1996 1999
f 1997 1999 1998
f 2000 1971 1970
f 1972 1971 2000
f 1972 2000 1970
f 2001 2002 2003
f 2004 2005 2006
f 2004 2007 2005
f 2006 2005 2007
f 2006 2007 2004
f 1893 703 702
f 2008 2009 2010
f 2011 2009 2008
f 2010 2011 2008
f 2012 2013 2014
f 2015 2016 2017
f 2018 672 674
f 673 2018 674
f 673 672 2018
f 2019 2020 2021
f 2022 1985 1984
f 122 889 120
f 120 889 121
f 2023 2024 2025
f 1973 1975 2026
f 2027 1891 1890
f 1891 2027 1892
f 1892 2027 1890
f 2028 1721 1720
f 33 35 2029
f 34 33 2029
f 35 34 2029
f 2022 1984 1983
f 2022 1983 1985
f 2030 2031 2032
f 2033 2031 2030
f 2031 2033 2032
f 2032 2033 2030
f 2034 2035 2036
f 2037 2038 2039
f 2040 2041 2042
f 2042 2043 2040
f 2041 2040 2043
f 2041 2043 2042
f 185 187 1766
f 1766 2044 185
f 2045 2046 2047
f 2048 2049 2050
f 2051 2052 2053
f 2054 2055 2056
f 2036 2035 2057
f 2058 2059 2060
f 2061 2062 2063
f 2057 2035 2034
f 2064 2065 2066
f 2067 2068 2069
f 2070 2071 2072
f 2073 2074 2075
f 1251 2076 1252
f 2053 2052 2077
f 2078 2079 2080
f 2056 2081 2054
f 1269 639 638
f 2065 2064 2082
f 2051 2053 2077
f 2083 2084 2085
f 2052 2051 2077
f 2086 2087 2088
f 2060 2089 2058
f 2060 2059 2089
f 2089 2059 2058
f 2090 2091 2092
f 2093 2094 2095
f 2096 2097 2098
f 2099 2100 2101
f 2102 2103 2104
f 2105 2106 2107
f 2108 2107 2106
f 2056 2055 2081
f 1540 1542 1788
f 2066 2065 2082
f 2064 2066 2082
f 2109 2110 2111
f 32 2112 30
f 2113 2114 2115
f 2116 2117 2118
f 2057 2034 2036
f 2112 31 30
f 2119 2120 2121
f 31 2112 32
f 2122 2070 2072
f 2062 2123 2063
f 2123 2061 2063
f 2061 2123 2062
f 1856 1855 2124
f 432 431 2125
f 2090 2092 2126
f 2127 2128 2129
f 2090 2126 2091
f 2130 2131 2132
f 2133 2134 2135
f 2133 2136 2134
f 2134 2136 2135
f 2135 2136 2133
f 2137 2138 2139
f 1248 1247 2140
f 2140 1249 1248
f 1247 1249 2140
f 2141 2142 2143
f 2045 2144 2046
f 2145 2146 2147
f 2148 2149 2150
f 2151 2152 2153
f 2153 2154 2151
f 2155 2141 2143
f 2121 2156 2119
f 2115 2157 2113
f 2143 2142 2155
f 2158 2159 2160
f 2129 2128 2161
f 2162 2163 2164
f 2162 2165 2163
f 2164 2165 2162
f 954 956 1107
f 2166 2167 2168
f 2169 2170 2171
f 2172 2173 2174
f 2172 2175 2173
f 2175 2174 2173
f 2174 2175 2172
f 2176 2177 2178
f 2179 2180 2181
f 2182 2183 2184
f 2185 2186 2187
f 2188 2189 2190
f 2189 2191 2190
f 2191 2188 2190
f 2188 2191 2189
f 2192 2193 2194
f 1283 2195 1692
f 2196 2197 2198
f 2199 2200 2201
f 2202 2203 2204
f 2205 2206 2207
f 2208 2209 2210
f 2211 2212 2213
f 2214 2215 2216
f 2217 2218 2219
f 2220 2221 2222
f 2013 2223 2014
f 2224 2225 2226
f 2227 2228 2229
f 1266 1268 2230
f 2231 2212 2211
f 2232 2233 2234
f 2235 2236 2237
f 2238 2239 2240
f 2232 2241 2242
f 2243 2170 2169
f 2244 2245 2246
f 2247 2248 2249
f 2250 2251 2252
f 2242 2241 2253
f 2241 2232 2253
f 2254 2255 2256
f 2257 2258 2259
f 2260 2261 2262
f 2263 2264 2265
f 2266 2267 2268
f 2269 2270 2271
f 2272 2273 2274
f 2275 2276 2277
f 2278 2279 2280
f 2076 1253 1252
f 2076 1251 1253
f 81 598 79
f 1133 2281 1134
f 2199 2282 2200
f 2283 2284 2285
f 2286 2287 2288
f 2289 2290 2291
f 2292 2293 2294
f 2295 2296 2297
f 49 48 2298
f 2299 2300 2301
f 2302 2303 2304
f 2305 2306 2307
f 2305 2308 2306
f 2308 2307 2306
f 2307 2308 2305
f 1570 1572 2309
f 1571 2309 1572
f 2309 1571 1570
f 2310 2260 2262
f 2262 2261 2310
f 2261 2260 2310
f 2311 2312 2313
f 2314 2315 2316
f 2317 2318 2319
f 595 2320 596
f 2320 597 596
f 595 597 2320
f 2321 2322 2323
f 1 2324 2
f 2325 2326 2327
f 2328 2329 2330
f 2330 2331 2328
f 2331 2329 2328
f 2329 2331 2330
f 2332 2333 2334
f 2335 2336 2337
f 2338 2339 2340
f 2341 2342 2343
f 2344 2345 2346
f 2347 2345 2344
f 2346 2345 2347
f 2346 2347 2344
f 79 598 80
f 2348 2349 2350
f 2351 2352 2353
f 2354 2355 2356
f 2357 2358 2359
f 2357 2360 2358
f 2359 2358 2360
f 2359 2360 2357
f 2361 2266 2268
f 2268 2267 2361
f 2266 2361 2267
f 2362 2363 2364
f 2365 2366 2367
f 701 907 702
f 907 704 702
f 1933 2368 2369
f 1934 2368 1933
f 2368 1934 2369
f 2370 2371 2372
f 2223 2012 2014
f 2013 2012 2223
f 2373 2374 2375
f 2376 2374 2373
f 2377 2378 2379
f 2377 2380 2378
f 2378 2380 2379
f 2379 2380 2377
f 696 695 2381
f 2382 2383 2384
f 2385 2021 2020
f 2385 2020 2019
f 2385 2019 2021
f 2386 2387 2388
f 2389 2390 2391
f 2392 2393 2394
f 2395 2396 2397
f 2398 2399 2400
f 1921 2401 1919
f 1920 1919 2401
f 1921 1920 2401
f 2402 2403 2404
f 2405 2402 2404
f 2405 2403 2402
f 2403 2405 2404
f 2406 2407 2408
f 162 164 835
f 162 835 163
f 2409 2410 2411
f 2412 2413 2414
f 1948 1950 2415
f 2026 1975 1974
f 2026 1974 1973
f 2416 1857 1935
f 1935 1856 2416
f 2417 2418 2419
f 1869 2420 1870
f 1868 1870 2420
f 1869 1868 2420
f 2421 2422 2423
f 2421 2424 2422
f 2424 2423 2422
f 2423 2424 2421
f 2425 2426 2427
f 2428 2418 2417
f 2419 2418 2428
f 2428 2417 2419
f 514 513 2429
f 807 2430 805
f 1988 1990 2431
f 1990 1989 2431
f 2431 1989 1988
f 2432 2433 2434
f 1978 1979 1976
f 455 454 877
f 877 454 453
f 811 2435 812
f 2436 2437 2438
f 2439 2440 2441
f 2442 1059 1061
f 1831 2443 1829
f 2444 2445 2446
f 1830 1829 2443
f 2447 2448 2449
f 2450 1855 1857
f 573 575 2451
f 2412 2414 2452
f 2414 2413 2452
f 2413 2412 2452
f 1933 1907 1906
f 2453 580 2454
f 2455 2456 2457
f 2458 2459 2025
f 2460 2025 2459
f 2459 2023 2460
f 2460 2023 2025
f 2393 2392 2461
f 2461 2392 2394
f 2394 2393 2461
f 2462 2463 2464
f 2462 2465 2463
f 2465 2464 2463
f 2464 2465 2462
f 2391 2390 2466
f 2390 2389 2466
f 2466 2389 2391
f 1878 1880 2467
f 2468 2469 2470
f 2471 2472 2473
f 1816 1867 1817
f 2471 2474 2472
f 2474 2473 2472
f 2473 2474 2471
f 941 2475 2476
f 2477 2478 2479
f 2480 788 787
f 2480 787 786
f 2480 786 788
f 930 2481 928
f 1032 928 2481
f 1032 2481 930
f 2482 2483 2484
f 2484 2483 2485
f 1867 1816 1818
f 2486 2487 2488
f 2489 2490 2491
f 2492 2493 2494
f 2478 2495 2479
f 2496 2497 2498
f 902 1866 900
f 901 1866 902
f 2499 2500 2501
f 2502 2503 2504
f 2503 2505 2504
f 1949 2415 1950
f 2415 1949 1948
f 2506 2507 2508
f 1737 1736 1043
f 2468 2509 2469
f 2469 2509 2470
f 2470 2509 2468
f 2510 2511 2512
f 2513 2514 2515
f 2516 2517 2518
f 574 2451 575
f 574 573 2451
f 2519 2520 2521
f 2522 349 348
f 2523 2524 2525
f 2525 2526 2523
f 2526 2524 2523
f 2524 2526 2525
f 2003 2527 2528
f 2425 2529 2530
f 1916 2531 1917
f 2532 2533 2534
f 1866 2535 900
f 1866 1865 2535
f 2536 2537 2538
f 2538 2539 2536
f 2475 2540 2476
f 2489 1959 2541
f 2542 2543 2544
f 2543 2545 2544
f 2545 2542 2544
f 2542 2545 2543
f 2546 2547 2539
f 2548 2549 2550
f 2551 2434 2433
f 2002 2001 2527
f 1994 1927 1926
f 1927 1994 1928
f 1886 2552 1887
f 1885 1887 2552
f 1885 2552 1886
f 1918 1917 2531
f 2553 1900 1899
f 1905 1907 1969
f 872 2554 873
f 2555 2556 2557
f 532 556 558
f 2017 2558 2015
f 2017 2016 2558
f 2558 2016 2015
f 2381 697 696
f 572 571 683
f 684 686 2559
f 695 697 2381
f 2376 2375 2374
f 2376 2373 2375
f 698 700 1893
f 704 703 699
f 2560 2561 2562
f 2563 2561 2560
f 2562 2561 2563
f 2562 2563 2560
f 2553 1898 1900
f 1899 1898 2553
f 552 551 1901
f 2564 429 428
f 429 2564 430
f 430 2564 428
f 2411 2565 2409
f 2411 2410 2565
f 2410 2409 2565
f 2504 2505 2502
f 2502 2505 2503
f 2566 2567 2568
f 2566 2569 2567
f 2568 2567 2569
f 2568 2569 2566
f 2570 2571 2572
f 2573 2574 2575
f 2576 2577 2578
f 2459 2024 2023
f 2579 2024 2459
f 2579 2458 2024
f 2459 2458 2579
f 2025 2024 2458
f 2519 2521 2580
f 558 530 532
f 692 2581 693
f 691 693 2581
f 691 2581 692
f 2582 2583 2584
f 2555 2585 2556
f 2555 2557 2585
f 2556 2585 2557
f 2429 515 514
f 2429 513 515
f 722 724 2586
f 723 2586 724
f 2586 723 722
f 2587 827 829
f 2588 2589 2590
f 502 826 503
f 2591 2592 2593
f 2594 2593 2592
f 2594 2592 2591
f 2594 2591 2593
f 871 2554 872
f 2595 2596 2597
f 2595 2598 2596
f 2598 2597 2596
f 2597 2598 2595
f 469 734 470
f 471 734 469
f 491 490 2599
f 2599 489 491
f 490 489 2599
f 1835 1837 2600
f 2600 1836 1835
f 1837 1836 2600
f 2430 806 805
f 807 806 2430
f 2601 484 483
f 2602 2603 2604
f 2605 2606 2607
f 1877 1876 2608
f 355 354 2609
f 354 353 2609
f 2609 353 355
f 2610 746 748
f 2607 2606 2611
f 2611 2605 2607
f 2606 2605 2611
f 2612 2613 2614
f 2615 2616 2617
f 2118 2117 2618
f 2619 870 869
f 868 870 2619
f 868 2619 869
f 716 718 825
f 825 717 716
f 729 2620 727
f 2116 2118 2618
f 2618 2117 2116
f 1925 2621 1923
f 2622 2067 2069
f 2096 2098 2623
f 2069 2068 2622
f 2622 2068 2067
f 2450 1857 2124
f 2450 2124 1855
f 2037 2624 2038
f 2625 2145 2147
f 2038 2624 2039
f 2098 2097 2623
f 2097 2096 2623
f 2115 2114 2157
f 2156 2120 2119
f 2626 2627 2628
f 2626 2629 2627
f 2630 2631 2632
f 2632 2633 2630
f 2630 2633 2631
f 2631 2633 2632
f 2426 2530 2634
f 2635 2636 2637
f 2638 2639 2640
f 2641 2642 2643
f 2644 2645 2646
f 401 2647 402
f 2648 995 994
f 2649 2650 2651
f 2652 1680 1679
f 2653 2654 2655
f 2656 590 589
f 589 617 2656
f 2657 2658 2659
f 2660 2661 2662
f 2663 2664 618
f 2664 2663 2665
f 2666 2667 2668
f 2669 2666 2668
f 2669 2667 2666
f 2667 2669 2668
f 566 2670 564
f 2671 2672 2673
f 2674 2675 2676
f 2656 617 591
f 2677 2678 2679
f 2680 2681 2682
f 2680 2683 2681
f 2682 2681 2683
f 2682 2683 2680
f 2684 2685 2686
f 2687 2659 2658
f 627 2688 628
f 2689 2690 2691
f 1717 1719 2692
f 1719 1718 2692
f 2693 2694 2695
f 2696 2697 2698
f 2699 2700 2701
f 2702 2703 2704
f 59 58 2705
f 2706 590 2656
f 2707 2708 2709
f 1736 1045 1044
f 1064 2710 1062
f 1774 1773 2711
f 2711 1772 1774
f 1773 1772 2711
f 1740 2712 1741
f 2713 2714 2715
f 1043 2716 1737
f 1043 1045 2716
f 2716 1045 1737
f 71 2717 72
f 1325 1764 1323
f 2718 2719 2720
f 2718 2721 2719
f 2719 2721 2720
f 2720 2721 2718
f 2722 1641 1643
f 2723 2724 2725
f 2726 2727 2728
f 1063 1062 2710
f 1064 1063 2710
f 1530 1506 1505
f 1308 1338 1309
f 2729 2730 2731
f 2730 2732 2731
f 2732 2729 2731
f 2729 2732 2730
f 2733 2734 2735
f 2734 2736 2735
f 2735 2736 2733
f 2733 2736 2734
f 1295 1735 1296
f 2737 1627 1626
f 2738 2739 2740
f 2738 2741 2739
f 2739 2741 2740
f 2740 2741 2738
f 1760 1559 1558
f 2742 2743 2744
f 1530 1505 1507
f 2676 2745 2674
f 2675 2745 2676
f 2675 2674 2745
f 1676 1314 1313
f 1296 1735 1297
f 1309 1337 1307
f 2744 2746 2742
f 1676 1312 1314
f 2747 2748 2749
f 2750 2751 2752
f 106 108 1731
f 107 1731 108
f 1533 1532 2753
f 1533 1702 1531
f 2754 2755 2756
f 2757 2755 2754
f 2757 2756 2755
f 2756 2757 2754
f 2758 2759 2760
f 1286 1001 1000
f 2761 1683 1684
f 2758 2760 2762
f 2763 2764 2765
f 2766 2767 2768
f 1730 2769 1504
f 1474 1476 2770
f 1527 1526 1693
f 2751 2750 2163
f 1090 1092 2771
f 2772 2773 2774
f 2300 2775 2301
f 2776 2775 2300
f 2777 2778 2779
f 2779 2780 2777
f 2778 2777 2780
f 2778 2780 2779
f 591 590 2781
f 2781 2656 591
f 2782 2783 2784
f 2785 2784 2783
f 2784 2785 2782
f 2782 2785 2783
f 2786 2787 2788
f 2786 2789 2787
f 2789 2788 2787
f 2788 2789 2786
f 191 2790 189
f 2299 2775 2776
f 2791 2792 2793
f 2793 2794 2791
f 189 2790 190
f 191 190 2790
f 2701 2795 2699
f 2700 2795 2701
f 2795 2700 2699
f 2654 2653 2796
f 68 67 2797
f 2797 69 68
f 67 69 2797
f 70 2717 71
f 2798 2799 2800
f 2751 2163 2165
f 2165 2752 2751
f 2801 2802 2803
f 2804 2805 2806
f 2807 2808 2809
f 631 2810 629
f 631 630 2810
f 2810 630 629
f 2811 2812 2813
f 2814 2815 2816
f 2817 1706 1705
f 2817 1705 1704
f 2818 2819 2820
f 2821 2822 2823
f 2824 664 2825
f 663 2825 664
f 2826 2827 2828
f 2829 2826 2828
f 2826 2829 2827
f 2827 2829 2828
f 2830 23 2831
f 22 2831 23
f 2832 2833 2834
f 2835 2836 2837
f 405 2838 403
f 404 2838 405
f 2838 404 403
f 2839 2840 2841
f 2693 2695 2842
f 2694 2842 2695
f 2842 2694 2693
f 2843 2844 2845
f 2846 2847 2848
f 2849 2850 2851
f 2852 2853 2854
f 2855 2856 2857
f 2844 2843 2858
f 2859 2847 2846
f 2848 2847 2859
f 2846 2848 2859
f 2765 2764 2860
f 2861 1565 1564
f 1734 1733 2862
f 2863 2864 2865
f 2771 1092 1091
f 2866 2840 2839
f 1514 2867 1512
f 2868 2869 2870
f 2868 2870 2871
f 1334 2872 1335
f 2873 1348 1347
f 2874 2875 2871
f 2876 1551 1550
f 1528 1466 1465
f 1467 1466 1528
f 1550 1549 2876
f 1549 1551 2876
f 2771 1091 1090
f 1460 1444 1443
f 1535 2877 2878
f 2879 2880 2881
f 2862 1733 1732
f 2862 1732 1734
f 2882 2883 2884
f 2885 2866 2839
f 1533 2753 1702
f 2767 2886 2768
f 2887 2888 2889
f 2890 2888 2887
f 2889 2888 2890
f 2889 2890 2887
f 1703 1532 1531
f 1566 1565 2861
f 1566 2861 1564
f 2891 2884 2883
f 2753 1532 1703
f 2753 1703 1702
f 2892 584 583
f 2860 2764 2763
f 988 2893 989
f 987 2893 988
f 2893 987 989
f 1054 1053 2894
f 1628 1630 2895
f 1053 1055 2894
f 1372 1467 1373
f 2896 1409 1411
f 2897 1038 1037
f 963 962 2898
f 962 961 2898
f 2898 961 963
f 2899 2900 2901
f 914 986 915
f 915 986 913
f 165 166 109
f 409 411 1754
f 1316 1318 2902
f 1795 1604 1596
f 208 207 2903
f 2904 2905 2906
f 1596 1796 1594
f 2907 2903 209
f 207 209 2903
f 2908 208 2909
f 1795 1603 1604
f 2910 2911 2912
f 2913 2914 2915
f 1594 1796 1604
f 533 2916 534
f 1765 2916 533
f 1765 1776 2916
f 2916 1776 534
f 603 605 1743
f 2906 2917 2904
f 1235 635 637
f 2918 2919 2920
f 2921 2922 2923
f 2924 2925 2926
f 1089 1022 393
f 1235 636 635
f 2927 2928 2929
f 1089 393 2930
f 1800 1792 2931
f 1787 1805 1785
f 1282 1281 1790
f 1280 1282 1790
f 1219 1218 2932
f 2933 2934 2935
f 2935 2936 2933
f 2936 2934 2933
f 2934 2936 2935
f 2937 2938 2939
f 2940 2941 2942
f 2943 2944 2945
f 2946 2947 2948
f 2947 2949 2948
f 2948 2949 2946
f 2946 2949 2947
f 1023 1022 1231
f 2923 2950 2921
f 2923 2922 2950
f 2921 2950 2922
f 2951 2952 2953
f 2954 2955 2956
f 1038 2897 1039
f 2957 2958 2959
f 2957 2960 2958
f 2958 2960 2959
f 2959 2960 2957
f 1089 2930 1230
f 2961 2962 2963
f 2964 992 991
f 2964 993 992
f 991 993 2964
f 1037 1039 2897
f 1107 955 954
f 978 1018 976
f 2965 2966 2967
f 2961 2963 2968
f 1087 1098 1085
f 1098 1086 1085
f 2969 2970 2971
f 2972 2973 2974
f 2974 2973 2975
f 978 977 1018
f 2907 209 2908
f 2954 2956 2976
f 2977 1427 1426
f 382 381 1097
f 1097 380 382
f 2978 2979 2980
f 2981 2982 2983
f 1401 2984 1399
f 2985 2986 2987
f 2988 2971 2970
f 2989 2990 2991
f 2967 2966 2992
f 1023 1231 391
f 2951 2993 2952
f 2994 2995 2996
f 2997 2995 2994
f 2996 2995 2997
f 2994 2996 2997
f 886 888 2998
f 383 385 2999
f 3000 3001 3002
f 3003 3000 3002
f 1015 1014 3004
f 113 1216 111
f 1184 1183 3005
f 3006 3007 3008
f 1183 1185 3005
f 1185 1184 3005
f 3009 3010 3011
f 3012 3013 3014
f 3014 3015 3012
f 3016 3017 3018
f 3019 3020 3021
f 252 1201 253
f 3022 3023 3024
f 3022 3025 3023
f 3025 3024 3023
f 3024 3025 3022
f 2280 3026 2278
f 2113 2157 2114
f 3027 3028 3029
f 3029 3030 3027
f 3027 3030 3028
f 3028 3030 3029
f 3031 2149 2148
f 3032 3033 3034
f 3035 3036 3037
f 3035 3038 3036
f 3037 3036 3038
f 3037 3038 3035
f 3031 2148 2150
f 3039 3040 3041
f 3039 3042 3040
f 3040 3042 3041
f 3041 3042 3039
f 3043 3044 3045
f 3046 2282 2199
f 3047 3048 3049
f 3050 3051 3052
f 3053 3054 3055
f 3056 3057 3058
f 3059 3060 3061
f 3059 3062 3060
f 3061 3060 3062
f 3061 3062 3059
f 3063 3064 3065
f 3066 3067 3068
f 3069 3070 3071
f 2972 2975 3072
f 2972 3073 2975
f 1272 3074 1270
f 3075 2087 2086
f 3076 3077 3078
f 3079 3080 3081
f 3082 3083 3084
f 3034 3085 3032
f 2139 2138 3086
f 3032 3085 3033
f 3087 3088 3089
f 3090 3091 3092
f 3093 3094 3095
f 3096 3097 3098
f 3099 3100 3101
f 3102 3103 3104
f 3105 3106 3107
f 3108 3109 3110
f 3108 3111 3109
f 3109 3111 3110
f 3110 3111 3108
f 2254 3112 2255
f 2256 2255 3112
f 2254 2256 3112
f 3113 3114 3115
f 3116 3114 3113
f 3116 3115 3114
f 3115 3116 3113
f 2184 2183 3117
f 3117 2183 2182
f 3117 2182 2184
f 3118 2196 2198
f 2198 2197 3118
f 3118 2197 2196
f 3119 3120 3121
f 3122 3119 3121
f 3119 3122 3120
f 3120 3122 3121
f 3123 3124 3125
f 3126 3124 3123
f 3125 3124 3126
f 3125 3126 3123
f 3127 3128 3129
f 3130 3131 3132
f 3133 3134 3135
f 2230 1268 1267
f 3136 3137 3138
f 3139 2264 2263
f 3140 3141 3142
f 3143 3144 3145
f 3146 3147 3148
f 3148 3149 3146
f 3149 3147 3146
f 3147 3149 3148
f 524 3150 525
f 3150 526 525
f 526 3150 524
f 3143 3151 3144
f 3152 3153 3154
f 3155 3153 3152
f 3155 3154 3153
f 3154 3155 3152
f 3156 3157 3158
f 3159 2233 2232
f 3159 2232 2242
f 3160 3161 3162
f 3156 3158 3163
f 3164 3165 3166
f 3145 3144 3151
f 2232 2234 2253
f 2253 2234 3159
f 3167 3168 3169
f 3170 3167 3169
f 3168 3167 3170
f 3168 3170 3169
f 3171 3101 3100
f 3099 3101 3171
f 3100 3099 3171
f 3172 661 660
f 3173 3174 3175
f 3176 3177 3178
f 3179 3180 3181
f 3182 2276 2275
f 3183 3184 3185
f 3186 3187 3188
f 3189 3190 3191
f 3192 3193 3194
f 3195 3196 3197
f 3195 3198 3196
f 3197 3196 3198
f 3197 3198 3195
f 3199 3200 3201
f 3202 3201 3200
f 3202 3199 3201
f 3199 3202 3200
f 3203 3204 3205
f 3206 3207 3208
f 3209 2983 2982
f 3210 3211 3212
f 3213 3214 3215
f 3216 3217 3218
f 3104 3219 3102
f 3219 3103 3102
f 3103 3219 3104
f 3220 3221 3222
f 3057 3223 3058
f 2231 2211 2213
f 2212 2231 2213
f 3224 3225 3226
f 3227 3228 3229
f 3230 3231 3232
f 3233 3230 3232
f 3230 3233 3231
f 3231 3233 3232
f 3234 2216 2215
f 2214 2216 3234
f 2215 2214 3234
f 3235 3236 3237
f 3238 3239 3240
f 3241 3134 3133
f 3241 3135 3134
f 3133 3135 3241
f 3242 3084 3083
f 3243 3244 3245
f 3246 3140 3142
f 3141 3246 3142
f 3246 3141 3140
f 3247 3248 3249
f 3250 3251 3252
f 3253 3254 3255
f 3256 3257 3258
f 3257 3259 3258
f 3259 3257 3256
f 3259 3256 3258
f 3260 2177 2176
f 2178 2177 3260
f 2176 2178 3260
f 3261 2099 2101
f 3262 3165 3164
f 2253 3159 2242
f 3190 3263 3264
f 3265 3263 3190
f 3266 3267 3268
f 3145 3151 3143
f 3269 3270 3271
f 2102 2104 3272
f 3106 3105 3273
f 3274 3275 3276
f 3277 3274 3276
f 3277 3275 3274
f 3275 3277 3276
f 3278 3279 3280
f 3281 3282 3283
f 3163 3157 3156
f 3284 2245 2244
f 2245 3284 2246
f 2246 3284 2244
f 3161 3285 3162
f 3182 2277 2276
f 3286 3287 3288
f 3264 3263 3289
f 2249 2248 3290
f 3290 2247 2249
f 2248 2247 3290
f 2103 2102 3272
f 3272 2104 2103
f 3291 3292 3293
f 2171 2170 2243
f 2171 2243 2169
f 3294 3295 3296
f 3132 3131 3297
f 3130 3132 3297
f 3131 3130 3297
f 3292 3298 3293
f 3299 3300 3301
f 3302 3301 3300
f 3299 3301 3302
f 3299 3302 3300
f 3160 3162 3285
f 3160 3285 3161
f 3303 3240 3239
f 2234 2233 3159
f 3298 3292 3291
f 3296 3304 3294
f 3305 3306 3307
f 3308 3306 3305
f 3308 3307 3306
f 3307 3308 3305
f 3309 3310 3311
f 3312 3313 3314
f 3315 3316 3317
f 3293 3298 3291
f 3318 3319 3320
f 3321 3316 3315
f 3278 3322 3279
f 3280 3279 3322
f 3280 3322 3278
f 2263 2265 3139
f 2265 2264 3139
f 3323 3324 3325
f 3326 3327 3328
f 3105 3107 3273
f 3329 3330 3331
f 3191 3332 3289
f 3303 3239 3238
f 3238 3240 3303
f 3333 3267 3266
f 3333 3268 3267
f 3266 3268 3333
f 3334 3335 3336
f 3271 3337 3269
f 3269 3337 3270
f 3270 3337 3271
f 3334 3338 3335
f 3339 3340 3341
f 3247 3249 3342
f 3243 3343 3244
f 3255 3254 3344
f 3345 3346 3347
f 3283 3282 3348
f 3282 3281 3348
f 3348 3281 3283
f 3349 3350 3351
f 3255 3344 3253
f 3254 3253 3344
f 3247 3352 3248
f 3247 3342 3352
f 3248 3352 3342
f 3353 3216 3218
f 2272 3354 2273
f 3355 3323 3325
f 3325 3324 3355
f 3323 3355 3324
f 3356 3357 3358
f 3359 3357 3356
f 3358 3357 3359
f 3358 3359 3356
f 2239 3360 2240
f 2238 3360 2239
f 3360 2238 2240
f 3335 3338 3336
f 3338 3334 3336
f 3294 3304 3295
f 3304 3296 3295
f 3361 3362 3363
f 3364 3365 3366
f 3319 3318 3367
f 2737 1625 1627
f 3368 3369 3370
f 3371 609 611
f 3372 3373 3374
f 3375 3376 3377
f 3378 2106 3379
f 2107 3378 3379
f 2204 2203 3380
f 3381 3382 3383
f 3384 3385 3386
f 3387 3388 3389
f 3390 3391 3392
f 3393 3394 3395
f 3396 3394 3393
f 3396 3395 3394
f 3395 3396 3393
f 3397 3398 3399
f 2881 2880 3400
f 3401 3402 3403
f 2983 3209 2981
f 3209 2982 2981
f 3404 3405 3406
f 3407 3408 3409
f 3410 3411 3412
f 3410 3413 3411
f 3413 3412 3411
f 3412 3413 3410
f 2181 3414 2179
f 3415 3416 3417
f 3418 3419 3420
f 3421 3422 3423
f 3424 3425 3426
f 3427 2978 2980
f 1638 1640 3428
f 3428 1640 1639
f 3428 1639 1638
f 3429 3430 3431
f 3432 3433 3434
f 3435 3436 3437
f 3438 3439 3440
f 2252 3441 2250
f 2252 2251 3441
f 2250 3441 2251
f 3442 3443 3444
f 3445 2986 2985
f 3446 3447 3448
f 3449 3447 3446
f 3448 3447 3449
f 3448 3449 3446
f 2045 2047 2144
f 2046 2144 2047
f 3435 3437 3450
f 3451 3452 3453
f 611 610 3371
f 3454 3455 3456
f 3418 3420 3457
f 2075 3458 2073
f 2078 3459 2079
f 2084 3460 2085
f 2083 3460 2084
f 3460 2083 2085
f 2074 3458 2075
f 2073 3458 2074
f 3225 3224 3461
f 2079 3459 2080
f 2080 3459 2078
f 3088 3087 3462
f 3463 3093 3095
f 3464 3465 3466
f 638 640 1269
f 3467 3468 3469
f 3470 3471 3472
f 2081 2055 2054
f 3473 3474 3475
f 3473 3476 3474
f 3476 3475 3474
f 3475 3476 3473
f 3477 3478 3479
f 3480 3481 3482
f 3483 3481 3480
f 3483 3482 3481
f 3482 3483 3480
f 3484 3485 3486
f 3245 3244 3343
f 3487 3488 3489
f 3320 3367 3318
f 3319 3367 3320
f 3245 3343 3243
f 3490 3491 3492
f 3488 3487 3493
f 3494 3495 3496
f 3497 3498 3499
f 3500 3501 3502
f 3503 3504 3505
f 3506 3507 3508
f 3194 3193 3509
f 3493 3489 3488
f 3510 3511 3512
f 3510 3513 3511
f 3512 3511 3513
f 3512 3513 3510
f 2279 3026 2280
f 2279 2278 3026
f 3514 3515 3516
f 3514 3517 3515
f 3515 3517 3516
f 3516 3517 3514
f 3518 3519 3520
f 3521 3049 3048
f 3047 3521 3048
f 3521 3047 3049
f 3522 3523 3524
f 3097 3525 3526
f 3527 3528 3529
f 3529 3530 3527
f 3530 3528 3527
f 3528 3530 3529
f 3531 3532 3533
f 3534 3535 3536
f 3537 3538 3539
f 3540 3541 3542
f 3432 3543 3433
f 3544 3545 3546
f 3547 3545 3544
f 3398 3397 3548
f 3549 3550 3551
f 3551 3550 3552
f 3549 3552 3550
f 3552 3549 3551
f 3553 3554 3555
f 3556 3557 3558
f 3559 3560 3561
f 3562 3563 3564
f 3565 3566 3567
f 3568 3569 3570
f 3555 3571 3553
f 2192 2194 3572
f 3573 3574 3575
f 3576 3577 3578
f 3579 1518 1520
f 1519 3579 1520
f 1518 3579 1519
f 3580 3581 3582
f 3583 3584 3585
f 3586 3587 3588
f 3589 2289 2291
f 2290 3589 2291
f 3589 2290 2289
f 3590 3531 3533
f 3533 3532 3590
f 3591 3592 3593
f 3594 3595 3596
f 3597 3598 3599
f 3053 3600 3054
f 3055 3054 3600
f 3053 3055 3600
f 3077 3601 3078
f 3602 3603 3595
f 612 3604 613
f 3605 3606 3607
f 3375 3608 3376
f 3609 3610 3611
f 2105 3379 2106
f 3003 3612 3000
f 3612 3003 3613
f 3612 3613 3000
f 3614 3615 3616
f 3617 3618 3619
f 3618 3620 3619
f 3619 3620 3617
f 3617 3620 3618
f 2974 2975 3621
f 2975 3073 3621
f 3621 3073 2974
f 3076 3078 3622
f 3623 3624 3625
f 3626 3627 3628
f 3629 3630 3631
f 3632 3633 1329
f 3634 3541 3540
f 3633 1330 1329
f 2225 3635 2226
f 3635 2225 2224
f 3635 2224 2226
f 3636 3637 3638
f 3636 3639 3637
f 3639 3638 3637
f 3638 3639 3636
f 3640 3641 3642
f 3572 2194 3643
f 3644 3645 3646
f 3647 3645 3644
f 3645 3647 3646
f 3646 3647 3644
f 3648 3649 3650
f 3651 3650 3649
f 3648 3650 3651
f 3648 3651 3649
f 3652 3653 3654
f 1651 3655 1649
f 1650 1649 3655
f 1650 3655 1651
f 448 447 3656
f 2282 3046 3657
f 3658 3659 3660
f 3661 3471 3470
f 3662 3663 3664
f 3665 3666 3667
f 3666 3665 3668
f 3669 3670 3671
f 3662 3664 3672
f 3673 3674 3675
f 1635 1634 3676
f 3677 3678 3679
f 3680 3681 3682
f 3683 3684 3685
f 3686 3684 3683
f 3686 3685 3684
f 3685 3686 3683
f 3687 3688 3689
f 2202 2204 3380
f 3690 3691 3692
f 3063 3065 3693
f 2201 3657 2199
f 3065 3694 3693
f 3064 3694 3065
f 3694 3064 3693
f 3609 3695 3610
f 3696 3697 3698
f 3699 3682 3681
f 3700 3701 3077
f 3702 3703 3704
f 2282 3657 2201
f 3697 3705 3698
f 3706 3707 3708
f 3708 3707 3526
f 3526 3707 3706
f 3693 3064 3063
f 3709 3710 3711
f 3712 3709 3711
f 3712 3710 3709
f 3710 3712 3711
f 3713 3714 3715
f 3716 3714 3713
f 3715 3714 3716
f 3715 3716 3713
f 3717 3718 3719
f 3720 3721 3722
f 3721 3720 3723
f 1407 3724 3537
f 1406 3537 3724
f 1407 1406 3724
f 3725 3726 3727
f 3728 3729 3730
f 3002 3001 3731
f 2678 2677 3732
f 2985 2987 3445
f 2987 2986 3445
f 2201 2200 3733
f 3734 3534 3536
f 3378 2107 2108
f 2108 2106 3378
f 3542 3541 3634
f 3542 3634 3540
f 3416 3735 3417
f 3736 3737 3738
f 3739 3740 3741
f 3098 3525 3096
f 3097 3096 3525
f 3742 3743 3744
f 2105 2107 3745
f 3531 3746 3532
f 3590 3746 3531
f 3532 3746 3590
f 3409 3747 3407
f 3426 3748 3424
f 3749 3750 3751
f 3469 3432 3434
f 3397 3752 3548
f 3397 3399 3752
f 3753 3754 3755
f 3754 3756 3755
f 3756 3754 3753
f 3757 3758 3759
f 3075 2086 2088
f 3753 3755 3760
f 3760 3755 3761
f 3760 3761 3753
f 3755 3756 3761
f 3761 3756 3753
f 3469 3468 3543
f 3467 3543 3468
f 3424 3748 3425
f 3426 3425 3748
f 3762 3763 3764
f 3564 3765 3562
f 3186 3766 3187
f 3187 3766 3188
f 3188 3766 3186
f 3767 3768 3769
f 3583 3770 3584
f 3771 3772 3773
f 3773 3772 3774
f 3773 3774 3771
f 3775 3776 3777
f 3584 3770 3585
f 3585 3770 3583
f 3203 3205 3778
f 2298 48 47
f 3779 3780 3781
f 3781 3780 3782
f 3783 3784 3785
f 3767 3769 3786
f 3768 3786 3769
f 3767 3786 3768
f 3727 3787 3725
f 3787 3726 3725
f 3726 3787 3727
f 3788 3789 3790
f 3790 3791 3788
f 3791 3789 3788
f 3789 3791 3790
f 1716 1715 3792
f 3687 3689 3793
f 612 614 3604
f 660 662 3172
f 661 3172 662
f 3794 3523 3522
f 3795 3796 3797
f 3798 3799 3800
f 682 76 78
f 2332 3801 2333
f 2269 3802 2270
f 2270 3802 2271
f 2271 3802 2269
f 3803 3804 3805
f 3688 3793 3689
f 3733 2200 2282
f 3806 3807 3808
f 3809 3810 3811
f 3809 3812 3810
f 3810 3812 3811
f 3811 3812 3809
f 3813 3814 3815
f 3816 3817 3818
f 3819 3820 3821
f 3781 3782 3779
f 3251 3822 3252
f 2219 3823 2217
f 2219 2218 3823
f 3823 2218 2217
f 3824 3825 3826
f 3827 3828 3829
f 3830 3831 3832
f 3833 3834 3835
f 3793 3688 3687
f 76 682 77
f 3836 3837 3838
f 3780 3779 3782
f 2425 2427 3839
f 3840 3841 3842
f 3840 3842 3843
f 3844 3845 3846
f 3847 3848 3849
f 3848 3850 3849
f 3847 3849 3850
f 3847 3850 3848
f 3851 3852 3853
f 1070 1077 3854
f 3855 3856 3857
f 3857 3858 3855
f 3858 3856 3855
f 3856 3858 3857
f 3859 3860 3861
f 3862 3863 3864
f 3839 2529 2425
f 3865 3866 3867
f 2530 2426 2425
f 425 909 426
f 427 426 909
f 2634 2427 2426
f 2881 3400 2879
f 3868 3869 3870
f 1672 3871 1670
f 3872 2629 2626
f 2629 3872 2628
f 2408 2407 3873
f 2406 3873 2407
f 3873 2406 2408
f 1073 3854 1077
f 916 3854 1073
f 1070 3854 916
f 3874 3875 3876
f 1552 1554 3877
f 2427 2634 3839
f 3878 2627 2629
f 3879 3880 3881
f 3882 3881 3880
f 3879 3881 3882
f 3879 3882 3880
f 3883 3884 3885
f 3886 3887 3888
f 2530 2529 3839
f 3889 3890 3891
f 3892 3893 3894
f 3895 1631 3896
f 3897 2284 3898
f 3839 2634 2530
f 2664 2665 616
f 615 2664 616
f 2397 3899 2395
f 3900 3901 3902
f 2550 3897 2548
f 2549 2548 3897
f 996 995 3903
f 3904 3905 3906
f 3400 2880 2879
f 3907 3863 3862
f 3864 3863 3907
f 3862 3864 3907
f 3908 3909 3910
f 2747 2749 3911
f 2749 2748 3911
f 3911 2748 2747
f 3912 3913 3914
f 2871 2870 3915
f 2874 2871 3915
f 3916 3917 3918
f 2882 2891 2883
f 1436 3919 1437
f 1438 1437 3919
f 1436 1438 3919
f 1724 1759 1725
f 1478 1337 1338
f 1468 1556 1469
f 1510 1697 1508
f 3920 3921 3922
f 3922 3921 3923
f 3923 3921 3920
f 3920 3922 3923
f 3924 3925 3926
f 3927 3925 3924
f 1481 1529 1479
f 200 3928 198
f 2865 3929 2863
f 2864 3929 2865
f 2863 3929 2864
f 3915 2875 2874
f 200 199 3928
f 199 198 3928
f 1529 1480 1479
f 3930 3931 3932
f 2165 2164 2752
f 1459 1352 1351
f 1353 1352 1459
f 2872 1334 1336
f 1336 1335 2872
f 1054 2894 1055
f 2885 2840 2866
f 3933 3934 3935
f 1372 1371 1465
f 1422 1424 1453
f 1423 1422 1453
f 1448 1458 1446
f 2841 2840 2885
f 1374 1376 3936
f 3927 3924 3926
f 3937 3938 3939
f 3631 3630 3940
f 3941 3942 3943
f 1435 1419 1418
f 1420 1435 1418
f 1374 3936 1375
f 3936 1376 1375
f 3944 2878 2877
f 3945 3946 3947
f 2660 3948 3949
f 3950 1262 1261
f 1260 1262 3950
f 1261 1260 3950
f 3944 2877 1535
f 2750 2164 2163
f 2750 2752 2164
f 2867 1513 1512
f 1373 2878 3944
f 1467 2878 1373
f 1373 3944 1535
f 2878 1467 1535
f 2885 2839 2841
f 2868 2875 3915
f 3927 3926 3925
f 1513 2867 1514
f 2871 2875 2868
f 3951 3599 3598
f 3598 3597 3951
f 3951 3597 3599
f 3952 3953 3954
f 3954 3955 3952
f 3952 3955 3953
f 3953 3955 3954
f 3956 3957 3958
f 3959 3960 3961
f 3962 3963 3964
f 3608 3375 3377
f 3965 3966 3967
f 3968 3969 3970
f 3971 2302 2304
f 3972 3973 3974
f 3972 3974 3975
f 3976 3973 3972
f 3561 3977 3559
f 3978 3979 3980
f 3981 3982 3983
f 3968 3984 3969
f 2129 2161 2127
f 2185 3985 2186
f 3986 3987 3988
f 3752 3989 3548
f 3989 3752 3399
f 1272 1271 3074
f 3990 3991 3992
f 3993 3129 3128
f 2161 2128 2127
f 3469 3543 3432
f 3994 3988 3987
f 2138 2137 3086
f 2187 2186 3985
f 2975 3995 3072
f 3763 3996 3764
f 3764 3996 3762
f 3996 3763 3762
f 3127 3129 3993
f 3993 3128 3127
f 3965 3997 3966
f 1270 3074 1271
f 3991 3990 3998
f 3998 3992 3991
f 3990 3992 3998
f 3561 3560 3977
f 3560 3559 3977
f 3457 3419 3418
f 3085 3034 3033
f 3436 3450 3437
f 3435 3450 3436
f 1256 3999 1254
f 1254 3999 1255
f 1255 3999 1256
f 3091 3090 4000
f 4000 3092 3091
f 3090 3092 4000
f 4001 3066 3068
f 4002 4003 4004
f 4005 4006 4007
f 4008 4009 4010
f 3771 4011 4012
f 4013 3772 4012
f 3967 3966 3997
f 3997 3965 3967
f 4014 3382 3381
f 3382 4014 3383
f 3383 4014 3381
f 3989 3399 3398
f 3386 4015 3384
f 3386 3385 4015
f 3384 4015 3385
f 3995 2975 2973
f 2974 3073 2972
f 3562 3765 3563
f 4016 4017 4018
f 3016 3018 4019
f 4020 4021 4022
f 3548 3989 3398
f 3557 3556 4023
f 4024 4025 4026
f 4027 4028 4029
f 4030 3941 3943
f 3014 4031 3015
f 4032 4033 4034
f 4032 4035 4033
f 4034 4033 4035
f 4034 4035 4032
f 4036 4037 4038
f 3830 4039 3831
f 3832 3831 4039
f 3832 4039 3830
f 4040 4041 4042
f 4043 4044 4045
f 4046 4047 4048
f 4049 3607 3606
f 4049 3605 3607
f 3605 4049 3606
f 4050 4051 4052
f 4053 4051 4050
f 4053 4052 4051
f 4052 4053 4050
f 4054 4055 4056
f 4057 3758 3757
f 3818 4058 3816
f 4059 4060 4061
f 4062 4060 4059
f 4062 4061 4060
f 4061 4062 4059
f 4063 4064 4065
f 4064 4066 4065
f 4063 4065 4066
f 4063 4066 4064
f 4067 4068 4069
f 4070 4069 4068
f 4069 4070 4067
f 4067 4070 4068
f 4071 4072 4073
f 1636 1635 3676
f 4074 4075 4076
f 4077 4078 4079
f 664 4080 665
f 4081 4080 664
f 4082 4083 3974
f 4084 3974 3973
f 2851 2850 4085
f 4086 4087 4088
f 4089 2339 2338
f 4090 4091 4092
f 4093 4094 4095
f 2823 2822 4096
f 4097 4098 4099
f 4100 4097 4099
f 4097 4100 4098
f 4098 4100 4099
f 4101 4102 4103
f 4104 4105 4106
f 4107 4108 4109
f 4110 4111 4112
f 4113 4114 4115
f 3777 4116 3775
f 4117 4118 4119
f 2326 4120 2327
f 4121 4113 4115
f 3206 3208 4122
f 3957 4123 3958
f 3958 4123 3956
f 3956 4123 3957
f 4124 4125 4126
f 4095 4094 4127
f 4089 2340 2339
f 4088 4128 4086
f 4087 4128 4088
f 4128 4087 4086
f 4129 4130 4131
f 4132 4133 4134
f 4045 4044 4135
f 89 91 4136
f 4137 4138 4139
f 3797 3796 4140
f 90 4136 91
f 2692 1718 1717
f 4141 4142 4143
f 4144 4145 4146
f 4147 4148 4149
f 4150 4147 4149
f 4147 4150 4148
f 4148 4150 4149
f 4145 4151 4146
f 4152 2852 2854
f 4153 4154 4155
f 4153 4156 4154
f 4154 4156 4155
f 4155 4156 4153
f 4157 4158 4159
f 4160 4161 4162
f 4163 4164 4165
f 4166 4167 4168
f 3071 3070 4169
f 4170 4092 4091
f 4090 4092 4170
f 4090 4170 4091
f 4109 4108 4171
f 4152 2853 2852
f 2853 4152 2854
f 4172 4173 4174
f 4131 4175 4129
f 49 2298 47
f 2282 2201 3733
f 4122 3208 3207
f 4129 4175 4130
f 4131 4130 4175
f 4176 4177 4178
f 3826 3825 4179
f 4180 2801 2803
f 4181 4182 4183
f 2765 2860 2763
f 2833 2832 4184
f 4184 2834 2833
f 2832 2834 4184
f 2801 4180 2802
f 2844 2858 2845
f 2821 2823 4096
f 4180 2803 2802
f 2821 4096 2822
f 4185 4186 4187
f 665 2825 663
f 4085 2849 2851
f 2850 2849 4085
f 2817 1704 1706
f 4188 4189 4190
f 4191 4189 4188
f 4192 4193 4194
f 4195 4194 4193
f 4195 4192 4194
f 4192 4195 4193
f 2655 2654 2796
f 2653 2655 2796
f 4196 4197 4198
f 4198 4197 4199
f 4200 4201 4202
f 3 2 2324
f 2324 1 3
f 4203 4199 4204
f 2886 2766 2768
f 2766 2886 2767
f 2884 2891 2882
f 4205 4206 4207
f 4208 4209 4210
f 3912 4211 3913
f 923 408 407
f 3721 3723 3722
f 4212 1913 1915
f 4213 4214 4215
f 4213 4216 4214
f 4214 4216 4215
f 4215 4216 4213
f 3785 4217 3783
f 3784 4217 3785
f 3784 3783 4217
f 4218 4219 4220
f 4221 4219 4218
f 4220 4219 4221
f 4220 4221 4218
f 4222 4223 4224
f 2518 4225 2516
f 2518 2517 4225
f 2516 4225 2517
f 4226 4227 4228
f 4229 4230 4231
f 4232 4233 4234
f 4235 4232 4234
f 4235 4233 4232
f 4233 4235 4234
f 4236 4237 4238
f 4239 4240 4241
f 4242 926 925
f 4243 2574 2573
f 2574 4243 2575
f 2575 4243 2573
f 2457 4244 2455
f 2520 2580 2521
f 4245 4246 4247
f 2456 4244 2457
f 1918 2531 1916
f 2370 2372 4248
f 2371 4248 2372
f 2371 2370 4248
f 3899 2396 2395
f 3899 2397 2396
f 4249 4250 2002
f 2456 2455 4244
f 2528 2527 2001
f 2528 2001 2003
f 2002 2527 4249
f 2519 2580 2520
f 4251 4252 4253
f 4254 4255 4256
f 4257 4258 4259
f 4253 4260 4251
f 4252 4251 4260
f 4253 4252 4260
f 4261 4239 4241
f 4262 4256 4255
f 4263 1859 1861
f 4048 4264 4046
f 4265 4266 4267
f 4268 4269 4270
f 4271 4272 4273
f 4274 4275 4276
f 4277 415 417
f 4278 4279 4280
f 3895 1632 1631
f 3895 4281 1632
f 2643 2642 4282
f 2641 4282 2642
f 4282 2641 2643
f 4283 4284 4285
f 3886 3888 4286
f 3887 4286 3888
f 3887 3886 4286
f 4287 4288 4289
f 4290 4291 4292
f 4291 4293 4292
f 4293 4290 4292
f 4293 4291 4290
f 4273 4294 4271
f 3840 3843 4295
f 4296 4297 4298
f 4299 4300 4301
f 4302 4301 4300
f 2678 3732 2679
f 2677 2679 3732
f 4303 4304 4305
f 4306 4307 4308
f 4309 4304 4303
f 4310 4311 4312
f 4313 4312 4311
f 4313 4310 4312
f 4310 4313 4311
f 4314 4315 4316
f 4317 4315 4314
f 4317 4314 4316
f 4303 4305 4309
f 4277 417 416
f 415 4277 416
f 4318 4319 4320
f 4321 4322 4323
f 4324 4325 4326
f 4327 4326 4325
f 4324 4326 4327
f 4325 4324 4327
f 2781 4328 2656
f 2781 2706 4328
f 4328 2706 2656
f 4190 4329 4191
f 4190 4191 4330
f 4331 2792 2794
f 2794 4332 4331
f 4333 2662 2661
f 4334 4335 4336
f 4337 2804 2806
f 4338 4339 4340
f 4341 4342 4343
f 565 2670 566
f 4344 4345 4346
f 2687 2658 2657
f 564 2670 565
f 4347 4348 4349
f 2794 2793 4332
f 4350 4351 4352
f 4353 4351 4350
f 2794 2792 4354
f 4331 2793 2792
f 4331 4332 2793
f 2659 2687 2657
f 2781 590 2706
f 2661 3949 4333
f 2661 2660 3949
f 2297 2296 4355
f 4356 2301 2775
f 4356 4357 2301
f 2775 4357 4356
f 4358 593 592
f 4358 594 593
f 592 594 4358
f 4359 4360 4361
f 4362 4363 4364
f 616 2663 618
f 616 2665 2663
f 1632 4281 1633
f 616 591 617
f 2664 615 618
f 4365 4366 4367
f 4368 4369 4370
f 4329 4371 4191
f 4188 4190 4330
f 4372 145 144
f 4372 143 145
f 144 143 4372
f 2837 2836 4373
f 616 618 591
f 4330 4191 4188
f 4374 4375 4376
f 4377 4378 4379
f 2858 2843 2845
f 57 2705 58
f 2705 57 59
f 2816 2815 4380
f 4381 4382 4383
f 4384 99 101
f 100 99 4384
f 100 4384 101
f 4385 3652 3654
f 4265 4267 4386
f 4266 4386 4267
f 4386 4266 4265
f 4387 4388 4389
f 4390 2855 2857
f 4391 4392 4393
f 4089 2338 2340
f 3544 3546 4394
f 4394 3547 3544
f 4395 4396 4397
f 3739 3741 4398
f 4080 2825 665
f 3801 2334 2333
f 2334 3801 2332
f 3391 4399 3392
f 4164 4400 4165
f 4117 4401 4118
f 4402 4403 4404
f 4405 4406 4407
f 4408 4141 4143
f 3526 3706 3097
f 4409 4132 4134
f 4134 4133 4409
f 4409 4133 4132
f 402 2647 400
f 4410 4411 4412
f 4410 4413 4411
f 4411 4413 4412
f 4412 4413 4410
f 4414 4415 4416
f 4417 4418 4419
f 4038 4420 4036
f 4038 4037 4420
f 4037 4036 4420
f 4058 3817 3816
f 3818 3817 4058
f 4421 4422 4423
f 4416 4424 4414
f 4424 4416 4415
f 4424 4415 4414
f 4162 4161 4425
f 4426 4427 4428
f 4117 4119 4401
f 4119 4118 4401
f 4429 3837 3836
f 4430 4431 4432
f 4433 4434 4435
f 4436 4432 4431
f 4430 4432 4436
f 4430 4436 4431
f 3827 4437 3828
f 3829 3828 4437
f 3827 3829 4437
f 4438 4439 4440
f 4441 4442 4443
f 4444 4441 4443
f 4444 4442 4441
f 4442 4444 4443
f 4040 4042 4445
f 4446 4447 4448
f 4449 4450 4451
f 4163 4400 4164
f 4400 4163 4165
f 4452 2151 2154
f 4453 4454 4455
f 4456 1713 4457
f 4407 4458 4405
f 4407 4406 4458
f 4405 4458 4406
f 4459 4460 4461
f 3534 3734 3535
f 3657 3046 2199
f 618 617 589
f 591 618 589
f 4462 4463 4464
f 4465 4464 4463
f 4465 4463 4462
f 3536 3535 3734
f 4448 4466 4446
f 4466 4447 4446
f 3524 3523 3794
f 3794 3522 3524
f 4467 4468 4469
f 4467 4469 4470
f 3390 4399 3391
f 4471 4472 4473
f 2348 4474 2349
f 4475 4476 4477
f 4478 4479 4480
f 2208 4481 2209
f 4482 4483 4484
f 4484 4485 4482
f 4485 4483 4482
f 4483 4485 4484
f 4486 4487 4488
f 1517 4489 1515
f 3368 3370 4490
f 3339 3341 4491
f 4492 3485 3484
f 3107 3106 3273
f 4493 3043 3045
f 4491 3340 3339
f 4491 3341 3340
f 3487 3489 3493
f 1266 2230 1267
f 3309 4494 3310
f 4495 4496 4497
f 3366 4498 3364
f 3366 3365 4498
f 4498 3365 3364
f 4499 4500 4501
f 4502 3178 3177
f 4503 4504 4505
f 4503 4505 4506
f 4507 4508 4509
f 4509 4510 4507
f 4509 4508 4510
f 4502 3176 3178
f 3182 2275 2277
f 4511 2228 2227
f 4512 3518 3520
f 3520 3519 4512
f 3518 4512 3519
f 1278 4513 1279
f 3226 3225 3461
f 3224 3226 3461
f 609 3371 610
f 4514 2440 2439
f 1279 4513 1277
f 2187 3985 2185
f 3067 4001 3068
f 3066 4001 3067
f 4515 4516 4517
f 4518 4519 4520
f 4521 4522 4523
f 1215 4524 1213
f 4525 4526 4527
f 4528 4529 4530
f 4531 4532 4533
f 859 858 4534
f 837 798 800
f 837 799 798
f 4535 486 488
f 844 852 845
f 846 852 844
f 4535 487 486
f 4536 4537 4538
f 840 839 863
f 838 863 839
f 501 500 4539
f 2601 483 485
f 804 1986 802
f 4536 4538 4540
f 4537 4540 4538
f 4536 4540 4537
f 794 793 4541
f 4541 792 794
f 793 792 4541
f 4542 4543 4544
f 452 1192 450
f 827 2587 828
f 828 2587 829
f 4545 4546 4547
f 4548 4543 4542
f 4548 4544 4543
f 4544 4548 4542
f 861 860 4549
f 2608 1875 1877
f 4550 4551 4552
f 4553 4554 4555
f 4549 862 861
f 860 862 4549
f 4556 4557 4558
f 4559 4560 4561
f 4562 761 760
f 257 259 4563
f 259 258 4563
f 258 257 4563
f 4564 4558 4557
f 4565 4532 4531
f 452 451 1192
f 749 4566 750
f 2610 748 747
f 2610 747 746
f 2603 4567 2604
f 4568 4569 4570
f 4571 2613 2612
f 4572 4573 4574
f 4575 4573 4572
f 4574 4573 4575
f 4574 4575 4572
f 240 239 310
f 2620 729 728
f 4530 4576 4528
f 4528 4576 4529
f 4529 4576 4530
f 431 433 2125
f 4577 1189 1191
f 1191 1190 4577
f 1189 4577 1190
f 4578 4579 4580
f 2492 2494 4581
f 4582 4229 4231
f 2725 4583 2723
f 336 4584 334
f 2724 4583 2725
f 2724 2723 4583
f 2908 2909 2907
f 4585 4586 4587
f 4588 4586 4585
f 4586 4588 4587
f 4587 4588 4585
f 4230 4229 4582
f 4589 4590 4591
f 2540 942 2476
f 4592 4593 4594
f 4595 4596 4597
f 1842 4598 1843
f 2482 2485 2483
f 2482 2484 2485
f 1937 1939 4599
f 4600 1751 1753
f 2508 2507 4601
f 2507 2506 4601
f 2571 2570 4602
f 4600 1753 1752
f 2508 4601 2506
f 2494 2493 4581
f 1841 4598 1842
f 4598 1841 1843
f 4603 4604 4605
f 4606 4607 4608
f 4609 2500 2499
f 4610 4611 4612
f 4613 4614 4615
f 4616 4617 4618
f 4619 4616 4618
f 4616 4619 4617
f 4617 4619 4618
f 2287 2286 4620
f 4620 2286 2288
f 2288 2287 4620
f 2142 2141 2155
f 4621 2072 2071
f 4622 4623 4624
f 4625 2122 2072
f 4626 4624 4623
f 4622 4626 4623
f 4626 4622 4624
f 2132 2131 4627
f 2130 2132 4627
f 2131 2130 4627
f 2122 4625 2070
f 2071 4628 4621
f 2159 4629 2160
f 2158 4629 2159
f 2160 4629 2158
f 4630 3387 3389
f 3986 3988 3994
f 3994 3987 3986
f 3558 4023 3556
f 3564 3563 3765
f 3960 4631 3961
f 4632 3643 2193
f 4632 3572 3643
f 2193 3572 4632
f 4633 4634 4635
f 3388 4630 3389
f 4630 3388 3387
f 3596 3595 3603
f 2192 3572 4636
f 2193 4636 3572
f 4636 2193 2192
f 1722 2028 1720
f 1721 2028 1722
f 4637 4638 4639
f 4640 4641 4642
f 4643 3575 3574
f 3573 3575 4643
f 3574 3573 4643
f 4421 4423 4644
f 4056 4645 4054
f 4646 1330 3633
f 4647 4648 4649
f 3674 3673 4650
f 3002 3731 3613
f 2202 3380 2203
f 3642 3641 4651
f 4652 4653 4654
f 4650 3675 3674
f 3673 3675 4650
f 4655 3615 3614
f 4656 1257 1259
f 4657 3012 3015
f 4658 3012 4657
f 4658 4657 3015
f 3940 3629 3631
f 3940 3630 3629
f 4659 4660 4661
f 3949 3948 4333
f 4662 4663 4664
f 3825 3824 4179
f 3699 3680 3682
f 3681 3680 3699
f 3668 3667 4665
f 4665 3667 3666
f 4429 3838 3837
f 3002 3613 3003
f 4666 4667 4668
f 4669 4667 4666
f 3676 1634 1636
f 3959 4631 3960
f 4670 4671 4672
f 4673 4674 4675
f 4673 4676 4674
f 4676 4675 4674
f 4675 4676 4673
f 3642 4651 3640
f 4174 4173 4677
f 3616 3615 4655
f 3616 4655 3614
f 3942 4030 3943
f 3558 3557 4023
f 4678 4679 4680
f 4681 4682 4683
f 3976 4684 3973
f 3610 3695 3611
f 3695 3609 3611
f 4395 4397 4685
f 3580 4686 3581
f 3582 3581 4686
f 3580 3582 4686
f 4687 3975 4688
f 3974 4084 4082
f 4689 4690 4691
f 3942 3941 4030
f 3937 3939 4692
f 3596 3603 4693
f 2662 3948 2660
f 4694 4695 4696
f 4697 4698 4699
f 2662 4333 3948
f 4056 4055 4645
f 4055 4054 4645
f 4700 4701 4702
f 3633 3632 4646
f 3622 3078 3701
f 3700 3622 3701
f 3668 4665 4703
f 3000 3731 3001
f 3077 3076 3700
f 4423 4422 4644
f 4421 4644 4422
f 3806 3808 4704
f 3431 3430 4705
f 4706 4707 4708
f 4706 4709 4707
f 4709 4708 4707
f 4708 4709 4706
f 4710 4711 4712
f 4713 4711 4710
f 4712 4711 4713
f 4712 4713 4710
f 4704 3807 3806
f 3808 3807 4704
f 4714 4715 4716
f 4717 4718 4719
f 4720 2258 2257
f 3369 3368 4490
f 4721 4722 4723
f 4724 4725 4726
f 4727 4728 4729
f 4730 4727 4729
f 4727 4730 4728
f 4728 4730 4729
f 4731 4732 4733
f 3189 3263 3265
f 3264 3332 3191
f 3045 3044 4493
f 4734 3180 3179
f 3181 3180 4734
f 3179 3181 4734
f 3313 4735 3314
f 3331 4736 3329
f 3331 3330 4736
f 3329 4736 3330
f 4737 4479 4478
f 4738 4739 4740
f 3316 3321 3317
f 3321 3315 3317
f 3370 3369 4490
f 4741 4742 4743
f 3222 4744 3220
f 3194 3509 3192
f 3193 3192 3509
f 4745 3405 3404
f 3311 4494 3309
f 3310 4494 3311
f 3043 4493 3044
f 4722 4746 4723
f 3136 4747 3137
f 3163 3158 3157
f 4748 3288 3287
f 3286 4748 3287
f 4748 3286 3288
f 3312 4735 3313
f 4735 3312 3314
f 3166 3262 3164
f 3165 3262 3166
f 2229 4511 2227
f 2229 2228 4511
f 4749 4750 4751
f 4752 4750 4749
f 4751 4750 4752
f 4751 4752 4749
f 3374 4753 3372
f 3374 3373 4753
f 4753 3373 3372
f 4754 4755 4756
f 4757 4756 4755
f 4757 4754 4756
f 4754 4757 4755
f 4758 4759 4760
f 4719 4761 4717
f 4762 4763 4764
f 2259 4720 2257
f 2259 2258 4720
f 4765 3587 3586
f 3588 3587 4765
f 3588 4765 3586
f 4740 4739 4766
f 4739 4738 4766
f 4738 4740 4766
f 4468 4467 4470
f 4488 4487 4767
f 4500 4768 4501
f 4769 4770 4771
f 4768 4499 4501
f 2206 2205 4772
f 4773 4774 4775
f 4524 1215 1214
f 4776 4777 4778
f 4779 4780 4781
f 4782 4783 4784
f 4785 4786 4787
f 4788 4789 4790
f 4791 4787 4786
f 4791 4785 4787
f 4786 4785 4791
f 3363 4792 3361
f 3363 3362 4792
f 3361 4792 3362
f 4793 3495 3494
f 4790 4794 4788
f 4790 4789 4794
f 4788 4794 4789
f 4007 4795 4005
f 3189 3265 3190
f 3492 4796 3490
f 3264 3289 3332
f 4797 3346 3345
f 3190 3264 3191
f 3342 3249 3248
f 3345 3347 4797
f 3346 4797 3347
f 3349 3351 4798
f 3351 3350 4798
f 3349 4798 3350
f 3289 3263 3189
f 3189 3191 3289
f 4492 3484 3486
f 3486 3485 4492
f 3491 4796 3492
f 3490 4796 3491
f 4799 4800 4801
f 4802 4803 4804
f 3261 2100 2099
f 4805 4801 4800
f 4806 3423 3422
f 4521 4523 4807
f 4523 4522 4807
f 4521 4807 4522
f 4487 4486 4767
f 4486 4488 4767
f 3576 3578 4808
f 4809 3478 3477
f 4809 3479 3478
f 3479 4809 3477
f 4810 4770 4769
f 4769 4771 4810
f 4771 4770 4810
f 4811 4783 4782
f 4811 4784 4783
f 4784 4811 4782
f 4812 4813 4814
f 3463 3095 3094
f 3093 3463 3094
f 4815 4816 4817
f 4818 4817 4816
f 4815 4817 4818
f 4815 4818 4816
f 4819 4820 4821
f 3420 3419 3457
f 4822 4823 4824
f 3466 4825 3464
f 3465 3464 4825
f 3465 4825 3466
f 4826 4827 4828
f 3088 3462 3089
f 4826 4828 4829
f 4828 4827 4829
f 4830 3210 3212
f 4824 4823 4831
f 3421 3423 4806
f 2101 2100 3261
f 4832 4819 4821
f 3214 4833 3215
f 4833 3213 3215
f 3213 4833 3214
f 4819 4832 4820
f 4821 4820 4832
f 4834 4835 4836
f 3805 3804 4837
f 3136 3138 4747
f 4838 4839 4840
f 4841 4839 4838
f 4840 4839 4841
f 4840 4841 4838
f 4842 3507 3506
f 3507 4842 3508
f 3508 4842 3506
f 4843 3052 3051
f 4844 4845 4846
f 3056 3223 3057
f 4737 4480 4479
f 4478 4480 4737
f 4843 3050 3052
f 4847 4845 4844
f 4847 4846 4845
f 4846 4847 4844
f 4848 4849 4850
f 4851 4852 4853
f 3797 4140 3795
f 4481 2208 2210
f 2209 4481 2210
f 4731 4733 4854
f 4836 4855 4834
f 4856 4857 4858
f 4105 4859 4106
f 4860 4861 4862
f 3705 3696 3698
f 3696 3705 3697
f 3980 4863 3978
f 3979 4863 3980
f 3978 4863 3979
f 4864 4865 4866
f 4867 4868 4869
f 4869 4870 4867
f 4870 4868 4867
f 4868 4870 4869
f 4211 3914 3913
f 4211 3912 3914
f 2759 2762 2760
f 2759 2758 2762
f 1541 1540 1788
f 3722 3723 3720
f 4210 4209 4871
f 4872 4873 4874
f 4875 4876 4877
f 4878 4879 4880
f 4881 4882 4883
f 4465 2651 4464
f 4864 4866 4884
f 4865 4884 4866
f 4865 4864 4884
f 4885 4886 456
f 4887 4888 4889
f 4879 4890 4880
f 4879 4878 4890
f 4890 4878 4880
f 4462 2651 2650
f 457 4885 458
f 4190 4189 4329
f 4360 4359 4891
f 4892 2317 2319
f 4893 4894 4895
f 4895 4896 4893
f 4896 4894 4893
f 4894 4896 4895
f 4073 4897 4071
f 4898 4197 4196
f 2317 4892 2318
f 634 4899 632
f 4197 4898 4199
f 4201 4200 4900
f 4900 4200 4202
f 2824 4080 4081
f 4081 664 2824
f 4072 4071 4897
f 4900 4202 4201
f 2151 4452 2152
f 619 621 4901
f 4902 2152 4452
f 633 4899 634
f 633 632 4899
f 4903 4904 4905
f 4383 4906 4381
f 4383 4382 4906
f 4381 4906 4382
f 4160 4425 4161
f 4425 4160 4162
f 4907 2316 2315
f 2314 4907 2315
f 2316 4907 2314
f 2640 2639 4908
f 2304 2303 3971
f 2303 2302 3971
f 4909 2293 2292
f 2294 2293 4909
f 2292 2294 4909
f 2818 2820 4910
f 4910 2820 2819
f 4910 2819 2818
f 4911 2812 2811
f 2830 2831 4912
f 4898 4203 4204
f 4457 1713 1710
f 4913 21 2831
f 4913 2831 22
f 4913 22 21
f 4196 4203 4898
f 4199 4898 4204
f 4914 4915 4916
f 3658 4103 4102
f 4917 4185 4187
f 4187 4186 4917
f 4917 4186 4185
f 2856 4390 2857
f 2856 2855 4390
f 4918 3547 4394
f 4210 4871 4208
f 4916 4919 4914
f 4919 4915 4914
f 4916 4915 4919
f 4904 4920 4905
f 4911 2813 2812
f 3679 4921 3677
f 4922 4923 4924
f 4918 4394 3546
f 2337 4925 2335
f 4926 4927 4928
f 4929 4927 4926
f 4928 4927 4929
f 4928 4929 4926
f 4930 4931 4932
f 4933 4934 4935
f 4936 4937 4938
f 4101 4939 4940
f 3776 4116 3777
f 3776 3775 4116
f 4902 2154 2153
f 2153 2152 4902
f 3545 4918 3546
f 3547 4918 3545
f 4941 4942 4943
f 4944 4389 4388
f 4388 4387 4944
f 4944 4387 4389
f 4687 4945 3972
f 4687 3972 3975
f 2154 4902 4452
f 3654 3653 4946
f 4203 4198 4199
f 4947 4948 4949
f 4196 4198 4203
f 4905 4920 4903
f 4904 4903 4920
f 4950 4951 4952
f 4922 4953 4923
f 4954 973 972
f 4954 974 973
f 974 4954 972
f 24 4955 25
f 26 25 4955
f 4955 24 26
f 2640 4908 2638
f 4908 2639 2638
f 4956 4957 4958
f 4385 3654 4946
f 3652 4959 4960
f 3207 3206 4122
f 2830 4912 23
f 2318 4892 2319
f 4961 4962 4963
f 4964 4965 4966
f 4967 4965 4964
f 4966 4965 4967
f 4966 4967 4964
f 4968 4969 4970
f 4971 4972 4973
f 4974 4972 4971
f 4972 4974 4973
f 4973 4974 4971
f 4079 4975 4077
f 4976 4977 4978
f 4977 4979 4978
f 4979 4976 4978
f 4976 4979 4977
f 4980 2354 2356
f 4115 4114 4121
f 4121 4114 4113
f 4397 4396 4685
f 1710 4456 4457
f 4083 3972 4945
f 4095 4127 4093
f 4981 4982 4983
f 4984 4985 4986
f 4987 4684 3976
f 3976 4084 4987
f 2355 2354 4980
f 2356 2355 4980
f 3652 4960 3653
f 4988 4989 4990
f 4991 4992 4993
f 4992 4994 4993
f 4993 4994 4991
f 4991 4994 4992
f 4995 4934 4933
f 4996 4110 4112
f 4080 2824 2825
f 4912 21 23
f 4912 2831 21
f 4946 3653 4385
f 4960 4385 3653
f 4385 4959 3652
f 4385 4960 4959
f 4997 4459 4461
f 3973 4684 4084
f 4998 4999 4987
f 4687 4688 4945
f 3975 4945 4688
f 4986 5000 4984
f 3975 3974 4945
f 4083 4945 3974
f 4082 4084 3976
f 3658 4102 4101
f 4940 3658 4101
f 3931 5001 3932
f 4084 4684 4998
f 4999 4998 4684
f 4084 4998 4987
f 5002 4931 4930
f 3972 4082 3976
f 4685 4396 4395
f 5003 4679 4678
f 5003 4680 4679
f 4678 4680 5003
f 4935 4934 4995
f 5004 5005 5006
f 4975 4078 4077
f 4079 4078 4975
f 4990 5007 4988
f 4984 5000 4985
f 4093 4127 4094
f 4108 4107 4171
f 4171 4107 4109
f 4173 4172 4677
f 5008 5009 5010
f 5011 5009 5008
f 5010 5009 5011
f 5010 5011 5008
f 4028 5012 4029
f 4987 4999 4684
f 4970 4969 5013
f 5014 5015 5016
f 5014 5017 5015
f 5015 5017 5016
f 5016 5017 5014
f 5005 5004 5018
f 4943 4942 5019
f 3972 4083 4082
f 3970 3969 3984
f 3970 3984 3968
f 5019 4941 4943
f 4101 4103 3660
f 4101 3660 3659
f 5020 5021 5022
f 3071 4169 3069
f 2637 2636 5023
f 5024 3890 3889
f 5025 5026 5027
f 5028 5029 5030
f 5030 5029 5031
f 5030 5031 5028
f 4295 5032 3840
f 5032 4295 5033
f 5034 5035 5036
f 5037 5038 5039
f 5040 5041 5042
f 581 2453 5043
f 5043 582 581
f 4368 5044 4369
f 4369 5044 4370
f 4370 5044 4368
f 4357 2299 2301
f 2299 4357 2775
f 4366 5045 4367
f 4365 4367 5045
f 4366 4365 5045
f 2837 4373 2835
f 5046 5047 5048
f 52 51 5049
f 4281 3896 1633
f 3895 3896 4281
f 5050 5051 5052
f 5053 5054 5055
f 5054 5056 5055
f 5053 5055 5056
f 5053 5056 5054
f 581 5057 2453
f 5057 580 2453
f 581 580 5057
f 5058 5059 5060
f 5061 5058 5060
f 5058 5061 5059
f 5059 5061 5060
f 75 74 681
f 681 5062 75
f 73 5062 681
f 5063 5064 5065
f 5063 5066 5064
f 5065 5064 5066
f 5065 5066 5063
f 5067 5068 5069
f 5070 5071 5072
f 5073 5074 5075
f 2299 2776 2300
f 5076 5077 5078
f 5072 5079 5070
f 5071 5079 5072
f 5070 5079 5071
f 4362 5080 4363
f 5050 5081 5051
f 5051 5081 5052
f 5052 5081 5050
f 5082 5083 5084
f 5085 5086 5087
f 5088 5086 5085
f 5088 5087 5086
f 5087 5088 5085
f 75 5062 5089
f 73 75 5089
f 5080 4362 4364
f 4363 5080 4364
f 5090 5091 5092
f 2672 5093 2673
f 2671 5093 2672
f 5093 2671 2673
f 5094 5095 5096
f 5096 5095 5097
f 5098 5099 5089
f 580 582 2454
f 5100 5101 5102
f 5100 5102 5035
f 5103 5104 5105
f 5106 5107 5108
f 4354 2791 2794
f 4352 4351 4353
f 4350 4352 4353
f 5109 5110 5111
f 4335 5112 4336
f 5112 4334 4336
f 4334 5112 4335
f 626 628 2688
f 2688 627 626
f 2684 2686 5113
f 2685 5113 2686
f 2684 5113 2685
f 5114 5115 5116
f 5117 5118 5119
f 5120 5121 5122
f 5123 4377 4379
f 4378 5123 4379
f 5123 4378 4377
f 5124 5125 5126
f 5127 5125 5124
f 5126 5125 5127
f 5126 5127 5124
f 5128 5129 5130
f 4316 5131 5132
f 5133 5134 5135
f 5136 5137 5138
f 5139 5140 5141
f 2809 5142 2807
f 4299 5143 4300
f 5141 5140 5144
f 5145 5117 5119
f 4347 5146 4348
f 2805 2804 4337
f 5147 4283 5148
f 5149 5150 5151
f 2816 4380 2814
f 5152 4183 4182
f 5153 5154 5155
f 4355 2295 2297
f 5156 5157 5158
f 2322 5159 2323
f 2321 5159 2322
f 4283 4285 5148
f 621 620 4901
f 5160 5161 5162
f 5163 3539 3538
f 4408 4143 4142
f 3758 4057 3759
f 4057 3757 3759
f 4142 4141 4408
f 5164 5165 5166
f 4320 5167 4318
f 4371 4329 4189
f 5168 5169 5170
f 5038 5037 5171
f 5170 5169 5172
f 5172 5168 5170
f 5169 5168 5172
f 4361 4891 4359
f 5173 5174 5175
f 5175 5176 5173
f 4373 2836 2835
f 5075 5177 5073
f 4371 4189 4191
f 2791 4354 2792
f 5178 5179 5180
f 5151 5181 5149
f 5181 5150 5149
f 2808 5142 2809
f 4264 4047 4046
f 4048 4047 4264
f 3702 5182 3703
f 3526 3098 3708
f 3690 3692 5183
f 5184 5185 5186
f 4862 4861 5187
f 5187 4860 4862
f 4861 4860 5187
f 5188 5189 5190
f 3578 3577 4808
f 3576 4808 3577
f 3376 3608 3377
f 3937 4692 3938
f 5191 5192 5193
f 3623 3625 5194
f 3625 3624 5194
f 3623 5194 3624
f 5195 4074 4076
f 5195 4075 4074
f 4076 4075 5195
f 4700 5196 4701
f 4702 4701 5196
f 4702 5196 4700
f 5197 4024 4026
f 4026 4025 5197
f 4025 4024 5197
f 4692 3939 3938
f 5198 5199 5200
f 3013 3012 4658
f 4017 4016 5201
f 5202 5203 5204
f 4404 5205 4402
f 5205 4404 4403
f 5205 4403 4402
f 3081 3080 5206
f 3079 5206 3080
f 5206 3079 3081
f 5207 5208 5209
f 4924 4953 4922
f 4111 4110 4996
f 5210 5211 5212
f 4419 5213 4417
f 4418 5213 4419
f 4418 4417 5213
f 5209 5208 5214
f 3741 3740 4398
f 4923 4953 4924
f 4633 5215 4634
f 5209 5214 5207
f 5214 5208 5207
f 4951 4950 5216
f 5199 5217 5200
f 4985 5000 4986
f 5162 5161 5218
f 5219 5220 5221
f 5222 5223 5224
f 4958 5225 4956
f 5226 5227 5228
f 5226 5229 5227
f 5229 5228 5227
f 5228 5229 5226
f 5230 3798 3800
f 5231 5232 5233
f 5234 5235 5236
f 5237 5238 5239
f 3658 4940 3659
f 3659 4940 4939
f 3659 4939 4101
f 5200 5217 5198
f 4957 5225 4958
f 4956 5225 4957
f 4689 5240 4690
f 4157 5241 4158
f 4393 5242 4391
f 4681 4683 5243
f 4682 4681 5243
f 4683 4682 5243
f 5244 4981 4983
f 4637 4639 5245
f 4639 4638 5245
f 5245 4638 4637
f 5246 5247 5248
f 4989 5007 4990
f 5007 4989 4988
f 3739 4398 3740
f 4968 5013 4969
f 5013 4968 4970
f 4144 4146 4151
f 4145 4144 4151
f 5231 5249 5232
f 5204 5203 5250
f 5202 5204 5250
f 5203 5202 5250
f 668 667 5251
f 5252 4176 4178
f 4177 5252 4178
f 5252 4177 4176
f 5253 5254 5255
f 5256 4931 5257
f 4440 4439 5258
f 4438 5258 4439
f 5258 4438 4440
f 5259 5260 5261
f 5262 5260 5259
f 5262 5261 5260
f 5261 5262 5259
f 4715 4714 5263
f 3821 3820 5264
f 5264 3820 3819
f 5264 3819 3821
f 5265 5266 5267
f 5268 5269 5270
f 5251 667 666
f 5251 666 668
f 5271 5272 5273
f 5274 5234 5236
f 5274 5236 5235
f 5274 5235 5234
f 4393 4392 5242
f 2743 2746 2744
f 2743 2742 2746
f 1503 2769 1730
f 1534 2769 1503
f 1504 2769 1502
f 1502 2769 1534
f 1308 1307 1478
f 1307 1337 1478
f 5275 980 979
f 1684 1681 2761
f 1683 2761 1681
f 5275 981 980
f 5276 5277 5278
f 1476 1475 2770
f 1475 1474 2770
f 1709 1708 5279
f 1581 1583 5280
f 4666 4668 4669
f 4669 4668 4667
f 5281 5282 5283
f 3799 5230 3800
f 3798 5230 3799
f 5284 5211 5210
f 5212 5211 5284
f 5210 5212 5284
f 5285 5286 5287
f 5281 5283 5288
f 4690 5240 4691
f 5221 5289 5219
f 5224 5290 5222
f 5291 5292 5293
f 5292 5294 5293
f 5294 5291 5293
f 5291 5294 5292
f 5281 5288 5282
f 3015 3013 4658
f 4031 3013 3015
f 5282 5288 5283
f 5222 5290 5223
f 5223 5290 5224
f 5295 4671 4670
f 5295 4672 4671
f 4670 4672 5295
f 4694 5296 4695
f 4952 4951 5216
f 5241 4159 4158
f 5241 4157 4159
f 5255 5254 5297
f 5285 5298 5286
f 5297 5253 5255
f 5297 5254 5253
f 4938 5299 4936
f 4937 5299 4938
f 4937 4936 5299
f 5300 5301 5302
f 5302 5301 5303
f 5300 5303 5301
f 5303 5300 5302
f 3706 3708 3097
f 5304 5305 5306
f 4691 5240 4689
f 5307 5308 5309
f 4996 4112 4111
f 5246 5248 5310
f 5006 5018 5004
f 5006 5005 5018
f 5311 5238 5237
f 4981 5244 4982
f 5238 5311 5239
f 4983 4982 5244
f 4664 4663 5312
f 5239 5311 5237
f 5313 5307 5309
f 5313 5314 5307
f 4469 4468 4470
f 4764 4763 5315
f 5315 4763 4762
f 5315 4762 4764
f 4843 3051 3050
f 3403 5316 3401
f 3402 5316 3403
f 3401 5316 3402
f 5317 5318 5319
f 4858 5320 4856
f 4858 4857 5320
f 4857 4856 5320
f 3392 4399 3390
f 5321 5266 5265
f 5321 5267 5266
f 5267 5321 5265
f 5322 4724 4726
f 5322 4725 4724
f 4725 5322 4726
f 4472 5323 4473
f 5324 5325 5326
f 5327 5324 5326
f 5327 5325 5324
f 5325 5327 5326
f 4448 4447 4466
f 5328 5329 5330
f 5331 5332 5333
f 5333 5334 5331
f 5331 5334 5332
f 5332 5334 5333
f 5335 5336 5337
f 5330 5338 5328
f 5330 5329 5338
f 5329 5328 5338
f 4853 4852 5339
f 5340 5341 5342
f 5335 5337 5343
f 4450 5344 4451
f 4705 3429 3431
f 4716 4715 5263
f 5263 4714 4716
f 5314 5345 5346
f 5346 5345 5313
f 5313 5345 5314
f 5021 5347 5022
f 5020 5022 5347
f 5021 5020 5347
f 3223 3056 3058
f 5308 5348 5309
f 5313 5309 5348
f 5307 5348 5308
f 5348 5346 5313
f 5314 5346 5348
f 5314 5348 5307
f 3183 3185 5349
f 3185 3184 5349
f 5349 3184 3183
f 4495 4497 5350
f 4497 4496 5350
f 4496 4495 5350
f 2207 4772 2205
f 2207 2206 4772
f 4003 4002 5351
f 3421 4806 3422
f 4515 4517 5352
f 3137 4747 3138
f 3217 3353 3218
f 3353 3217 3216
f 2093 5353 2094
f 4826 4829 4827
f 2111 5354 2109
f 4795 4007 4006
f 5323 4471 4473
f 4472 4471 5323
f 4768 4500 4499
f 2348 2350 4474
f 4474 2350 2349
f 4760 5355 4758
f 4759 5355 4760
f 4758 5355 4759
f 4044 4043 4135
f 4733 4732 4854
f 4854 4732 4731
f 5356 5357 5358
f 5319 5359 5317
f 5360 5361 5362
f 5358 5357 5363
f 3796 3795 4140
f 5364 4848 4850
f 5365 3503 3505
f 3503 5365 3504
f 3504 5365 3505
f 3212 3211 4830
f 3210 4830 3211
f 5366 5367 5368
f 5369 3501 3500
f 3502 5369 3500
f 3501 5369 3502
f 5352 4517 4516
f 5370 5371 5372
f 5372 5373 5370
f 3405 4745 3406
f 5371 5373 5372
f 5370 5373 5371
f 5374 4742 4741
f 4741 4743 5374
f 4742 5374 4743
f 4745 3404 3406
f 1516 4489 1517
f 1515 4489 1516
f 4723 4746 4721
f 4746 4722 4721
f 5375 5376 5377
f 5366 5368 5378
f 5366 5378 5367
f 5368 5367 5378
f 3444 3443 5379
f 3442 3444 5379
f 3805 4837 3803
f 3803 4837 3804
f 5380 5340 5342
f 3430 3429 4705
f 89 5381 90
f 3717 3719 5382
f 4950 4952 5216
f 5383 5384 5385
f 5386 5384 5383
f 5384 5386 5385
f 5385 5386 5383
f 3591 3593 5387
f 3592 5387 3593
f 5387 3592 3591
f 3070 3069 4169
f 4851 4853 5339
f 3704 3703 5182
f 3704 5182 3702
f 5388 5389 5390
f 5391 5390 5389
f 5391 5388 5390
f 5388 5391 5389
f 2105 3745 5392
f 4642 5392 4640
f 5392 4642 4641
f 5392 4641 2105
f 5215 4635 4634
f 4633 4635 5215
f 2193 3643 2194
f 3601 3701 3078
f 4646 1332 1330
f 5393 5394 5395
f 5396 5397 5398
f 4124 5399 4125
f 4125 5399 4126
f 5399 4124 4126
f 3728 5400 3729
f 3668 5401 3667
f 3537 1408 1407
f 3537 3539 1408
f 584 2892 585
f 2892 583 585
f 1408 5163 3538
f 5163 1408 3539
f 5076 5078 5402
f 5077 5402 5078
f 5077 5076 5402
f 5067 5069 5403
f 5069 5068 5403
f 5067 5403 5068
f 5404 5405 5406
f 549 5407 547
f 5105 5408 5103
f 606 5409 607
f 5410 5411 5412
f 5413 2363 2362
f 4296 4298 5414
f 4297 5414 4298
f 4296 5414 4297
f 5415 5416 5417
f 5418 5417 5416
f 5418 5415 5417
f 5415 5418 5416
f 5419 5420 5421
f 5422 5423 5424
f 2362 2364 5413
f 5425 5426 625
f 5427 5428 119
f 5429 678 680
f 4259 5430 4257
f 4287 5431 4288
f 5116 5432 5114
f 5115 5432 5116
f 5114 5432 5115
f 5429 679 678
f 3897 3898 2549
f 5433 5035 5034
f 5434 5435 5436
f 5437 5438 5439
f 5440 5441 5442
f 5443 5444 5445
f 5082 5446 5083
f 5084 5083 5446
f 5446 5082 5084
f 5090 5092 5447
f 5091 5447 5092
f 5091 5090 5447
f 2454 5043 2453
f 582 5043 2454
f 5448 5042 5041
f 1633 3896 1631
f 5449 5450 5451
f 5452 5453 5454
f 5455 5456 5457
f 5458 5459 5460
f 5461 5462 5463
f 5464 5465 5466
f 5464 5467 5465
f 5466 5467 5464
f 5133 5468 5134
f 5468 5135 5134
f 5135 5468 5133
f 5469 5470 5471
f 4305 4304 4309
f 5472 5473 5474
f 5141 5144 5139
f 5144 5140 5139
f 4349 4348 5146
f 4347 4349 5146
f 1889 422 424
f 422 1889 423
f 5118 5145 5119
f 5118 5117 5145
f 5475 4306 4308
f 2646 5476 2644
f 2645 5476 2646
f 2645 2644 5476
f 5477 5478 5479
f 5477 5480 5478
f 5478 5480 5479
f 5479 5480 5477
f 5152 4182 4181
f 4181 4183 5152
f 5481 5482 5483
f 5181 5484 5150
f 5485 5486 5487
f 5488 5489 5490
f 5487 5486 5491
f 5487 5491 5485
f 5485 5491 5486
f 5492 5493 5494
f 5495 5129 5128
f 5035 5102 5036
f 5496 5497 5498
f 5453 5499 5454
f 5500 5501 5502
f 5503 5504 5505
f 5452 5454 5499
f 5452 5499 5453
f 5506 5507 5508
f 5435 5509 5436
f 5097 5095 5094
f 5094 5096 5097
f 5510 5511 5512
f 5451 5450 5513
f 5508 5514 5506
f 5515 4874 4873
f 4872 4874 5515
f 4872 5515 4873
f 2689 5516 2690
f 5517 5505 5504
f 5517 5503 5505
f 5503 5517 5504
f 5518 5500 5502
f 5501 5518 5502
f 5518 5501 5500
f 5519 5442 5441
f 5520 5521 5522
f 5523 5521 5520
f 5521 5523 5522
f 5522 5523 5520
f 5524 5525 5526
f 5445 5444 5527
f 5527 5443 5445
f 5444 5443 5527
f 5528 5529 5530
f 5531 5532 5533
f 5534 5535 5536
f 5537 5531 5533
f 5534 5538 5535
f 5539 5540 5541
f 3945 3947 5542
f 3947 3946 5542
f 5542 3946 3945
f 5543 5544 5545
f 5545 5546 5543
f 5544 5543 5546
f 5544 5546 5545
f 5547 5548 5549
f 5528 5530 5550
f 3891 5024 3889
f 5429 680 679
f 5489 5551 5490
f 5108 5107 5552
f 608 607 5409
f 1587 5553 1585
f 5541 5540 5554
f 5102 5101 5036
f 5555 5556 5557
f 5558 3860 3859
f 4374 4376 5559
f 3900 5560 3901
f 5561 5562 3853
f 5409 606 608
f 5490 5551 5488
f 5552 5106 5108
f 5552 5107 5106
f 5563 5564 5565
f 2647 401 400
f 5488 5551 5489
f 5566 118 117
f 5567 5568 5569
f 5570 5571 5572
f 2772 2774 5573
f 2774 2773 5573
f 2773 2772 5573
f 5426 622 625
f 5574 5575 5576
f 5577 5525 5524
f 5575 5574 5578
f 5578 5576 5575
f 5574 5576 5578
f 2815 2814 4380
f 4316 4315 5131
f 5579 5580 5581
f 5582 5583 5584
f 5566 5585 119
f 119 5585 5427
f 5586 5569 5568
f 5587 5584 5583
f 5588 5151 5484
f 5484 5181 5588
f 5151 5588 5181
f 5142 2808 2807
f 4337 2806 2805
f 5481 5589 5482
f 5590 5591 5592
f 5151 5150 5484
f 2321 2323 5159
f 5157 5593 5158
f 5594 5595 5596
f 620 619 4901
f 98 5597 96
f 97 5597 98
f 96 5597 97
f 5598 5599 5600
f 5601 5599 5598
f 5599 5601 5600
f 5600 5601 5598
f 2295 4355 2296
f 5596 5595 5602
f 5155 5603 5153
f 5604 5147 5148
f 4284 5604 4285
f 5148 4285 5604
f 4284 5147 5604
f 4284 4283 5147
f 5605 5606 5607
f 5594 5596 5602
f 5589 5481 5483
f 5602 5595 5594
f 61 60 5608
f 4339 4338 5609
f 4340 5609 4338
f 4340 4339 5609
f 5607 5610 5605
f 5606 5610 5607
f 5606 5605 5610
f 5158 5593 5156
f 5156 5593 5157
f 5155 5154 5603
f 5154 5153 5603
f 5608 62 61
f 5483 5482 5589
f 60 62 5608
f 5592 5611 5590
f 5592 5591 5611
f 5611 5591 5590
f 4073 4072 4897
f 4911 2811 2813
f 4174 4677 4172
f 4120 2326 2325
f 2336 4925 2337
f 2336 2335 4925
f 4120 5612 2327
f 5613 1712 5614
f 1711 5614 1712
f 5614 1711 5613
f 4120 2325 5612
f 2327 5612 2325
f 5615 5616 5617
f 5617 5618 5615
f 5617 5616 5618
f 5615 5618 5616
f 5619 5620 5621
f 5001 3930 3932
f 3930 5001 3931
f 4932 5622 5623
f 5624 5625 5270
f 5626 5627 5628
f 5629 2167 2166
f 2166 2168 5629
f 5629 2168 2167
f 3700 3670 3622
f 3076 3670 3700
f 5630 3669 3671
f 3601 3077 3701
f 3076 5630 3671
f 3961 4631 3959
f 5220 5289 5221
f 3072 2973 2972
f 5193 5631 5191
f 5193 5192 5631
f 5191 5631 5192
f 3554 3571 3555
f 3554 3553 3571
f 3981 3983 5632
f 4921 3678 3677
f 4921 3679 3678
f 3613 3731 3000
f 2105 4641 3379
f 3742 3627 3743
f 3742 5633 3627
f 3628 3627 5633
f 3602 4693 3603
f 3596 4693 3594
f 3594 4693 3595
f 3602 3595 4693
f 5392 3745 3379
f 5392 3379 4640
f 4640 3379 4641
f 2107 3379 3745
f 5634 5635 5636
f 3082 3084 3242
f 4779 4781 5637
f 4516 4515 5352
f 5638 5639 5640
f 3227 3229 5641
f 3229 3228 5641
f 3227 5641 3228
f 5638 5642 5639
f 1241 1240 5643
f 5643 1240 1239
f 5643 1239 1241
f 2050 5644 2048
f 2050 2049 5644
f 2048 5644 2049
f 4780 4779 5637
f 4003 5351 4004
f 5642 5638 5640
f 5351 4002 4004
f 4795 4006 4005
f 5645 5646 5647
f 5648 5646 5645
f 5647 5646 5648
f 5647 5648 5645
f 3494 3496 4793
f 3495 4793 3496
f 4775 5649 4773
f 5650 3235 3237
f 5650 3236 3235
f 3237 3236 5650
f 5354 2110 2109
f 2221 5651 2222
f 2110 5354 2111
f 5651 2220 2222
f 2220 5651 2221
f 4774 5649 4775
f 4774 4773 5649
f 4805 4799 4801
f 4805 4800 4799
f 3462 3087 3089
f 2095 5353 2093
f 2095 2094 5353
f 3744 5633 3742
f 3744 3743 5633
f 3075 2088 2087
f 2624 2037 2039
f 4518 5652 4519
f 5652 4518 4520
f 4519 5652 4520
f 5637 4781 4780
f 5376 5375 5653
f 4822 4824 4831
f 4823 4822 4831
f 5639 5642 5640
f 3082 3242 3083
f 3407 3747 3408
f 3409 3408 3747
f 3414 2180 2179
f 2181 2180 3414
f 3440 5654 3438
f 4814 5655 4812
f 4814 4813 5655
f 4812 5655 4813
f 5654 3439 3438
f 3440 3439 5654
f 3735 3415 3417
f 3737 5656 3738
f 5656 3736 3738
f 3737 3736 5656
f 5653 5375 5377
f 5376 5653 5377
f 3416 3415 3735
f 4776 5657 4777
f 3443 3442 5379
f 5657 4776 4778
f 4778 4777 5657
f 5636 5658 5634
f 5636 5635 5658
f 5634 5658 5635
f 5659 5660 5661
f 5660 5659 5662
f 5661 5660 5662
f 5662 5659 5661
f 2980 2979 3427
f 2979 2978 3427
f 2092 2091 2126
f 5663 5664 5665
f 2914 2913 5666
f 2137 2139 3086
f 5664 5663 5667
f 5663 5665 5667
f 5665 5664 5667
f 2150 2149 3031
f 5668 5669 5670
f 5670 5669 5671
f 5668 5670 5671
f 5669 5668 5671
f 2146 2145 2625
f 2625 2147 2146
f 5666 2913 2915
f 2915 2914 5666
f 1134 2281 1132
f 1133 1132 2281
f 1278 1277 4513
f 4524 1214 1213
f 3497 5672 3498
f 3499 5672 3497
f 3499 3498 5672
f 3434 3543 3467
f 3433 3543 3434
f 3469 3434 3467
f 3470 3472 3661
f 3661 3472 3471
f 3565 5673 3566
f 5673 3567 3566
f 3567 5673 3565
f 3995 2973 3072
f 5630 3076 3622
f 5674 5675 5676
f 4663 4662 5312
f 5676 5675 5677
f 4661 5678 4659
f 3014 3013 4031
f 3670 3669 5630
f 3670 5630 3622
f 3671 3670 3076
f 4652 4654 5679
f 4654 4653 5679
f 4652 5679 4653
f 4662 4664 5312
f 5674 5677 5675
f 5674 5676 5677
f 4647 5680 4648
f 4656 1258 1257
f 3632 1329 4646
f 4651 3641 3640
f 3663 3672 3664
f 3662 3672 3663
f 3666 3668 4703
f 4703 4665 3666
f 1332 4646 1329
f 4647 4649 5680
f 4648 5680 4649
f 5681 5682 5683
f 5684 5682 5681
f 5683 5682 5684
f 3778 3204 3203
f 3778 3205 3204
f 3964 3963 5685
f 5681 5683 5684
f 3962 3964 5685
f 3962 5685 3963
f 4455 5686 4453
f 5687 4948 4947
f 4027 5012 4028
f 5686 4454 4453
f 1713 1712 5613
f 5613 1711 1713
f 1713 4456 1712
f 3792 1714 1716
f 4935 4995 4933
f 4942 4941 5019
f 4103 3658 3660
f 5688 5689 5690
f 5691 4698 4697
f 5162 5218 5160
f 4697 4699 5691
f 4698 5691 4699
f 5692 5693 5694
f 5695 5696 5697
f 5218 5161 5160
f 4695 5296 4696
f 4694 4696 5296
f 5198 5217 5199
f 4660 5678 4661
f 5289 5220 5219
f 5690 5698 5688
f 4659 5678 4660
f 5699 5696 5695
f 5697 5696 5699
f 5695 5697 5699
f 5688 5698 5689
f 5689 5698 5690
f 5286 5298 5287
f 5692 5694 5700
f 5298 5285 5287
f 5628 5701 5626
f 5701 5628 5627
f 5701 5627 5626
f 5272 5702 5273
f 4426 4428 5703
f 5624 5269 5268
f 2311 2313 5704
f 2312 5704 2313
f 2311 5704 2312
f 4029 5012 4027
f 4963 4962 5705
f 5705 4961 4963
f 4961 5705 4962
f 4428 4427 5703
f 4427 4426 5703
f 4997 4461 4460
f 5624 5270 5269
f 5273 5702 5271
f 5702 5272 5271
f 3792 1715 1714
f 5310 5247 5246
f 5233 5232 5249
f 5231 5233 5249
f 5706 5707 5708
f 4930 5623 5622
f 4932 5623 4930
f 3718 5382 3719
f 4997 4460 4459
f 5621 5709 5619
f 5710 5625 5711
f 5712 5305 5304
f 5306 5305 5712
f 5304 5306 5712
f 5621 5620 5709
f 5620 5619 5709
f 5257 4931 5002
f 5188 5190 5713
f 5714 5715 5716
f 3718 3717 5382
f 5708 5717 5706
f 5708 5707 5717
f 5706 5717 5707
f 5257 5002 5256
f 4168 5718 4166
f 5694 5693 5700
f 5692 5700 5693
f 3824 3826 4179
f 5719 5720 5721
f 5721 5722 5719
f 5721 5720 5722
f 5722 5720 5719
f 5723 5724 5725
f 4849 4848 5364
f 3252 3822 3250
f 3251 3250 3822
f 5356 5363 5357
f 5319 5318 5359
f 5318 5317 5359
f 3834 3833 5726
f 5362 5361 5727
f 5358 5363 5356
f 5360 5362 5727
f 5360 5727 5361
f 3835 5726 3833
f 3834 5726 3835
f 4849 5364 4850
f 5728 5729 5730
f 5343 5336 5335
f 5343 5337 5336
f 4136 90 5381
f 3604 614 613
f 5380 5342 5341
f 5380 5341 5340
f 5728 5730 5731
f 5728 5731 5729
f 5731 5730 5729
f 5339 4852 4851
f 4802 5732 4803
f 4834 4855 4835
f 4835 4855 4836
f 4803 5732 4804
f 4804 5732 4802
f 5711 5733 5710
f 5718 4167 4166
f 5256 5622 4931
f 5002 5622 5256
f 4930 5622 5002
f 4932 4931 5622
f 3098 3097 3708
f 5714 5734 5715
f 3692 3691 5183
f 3690 5183 3691
f 5714 5716 5735
f 3526 3525 3098
f 5624 5711 5625
f 5268 5733 5624
f 5711 5624 5733
f 5268 5270 5733
f 5710 5733 5625
f 5270 5625 5733
f 5716 5715 5734
f 1406 3538 3537
f 1408 3538 1406
f 5189 5188 5713
f 4168 4167 5718
f 5190 5189 5713
f 5395 5736 5393
f 5737 5738 5739
f 5740 5738 5737
f 5739 5738 5740
f 5737 5739 5740
f 5734 5735 5716
f 5734 5714 5735
f 5400 3728 3730
f 5394 5736 5395
f 5393 5736 5394
f 5741 5398 5397
f 5401 3665 3667
f 5401 3668 3665
f 5400 3730 3729
f 5396 5398 5741
f 5396 5741 5397
f 4435 4434 5742
f 2696 5743 2697
f 2698 2697 5743
f 2698 5743 2696
f 5744 5745 5746
f 4450 4449 5344
f 4451 5344 4449
f 4429 3836 3838
f 4135 4043 4045
f 5747 5744 5746
f 4433 4435 5742
f 4136 5381 89
f 5725 5724 5748
f 4433 5742 4434
f 5747 5745 5744
f 5746 5745 5747
f 5725 5748 5723
f 5724 5723 5748
f 4104 4106 4859
f 4105 4104 4859
f 3815 5749 3813
f 5749 3814 3813
f 3814 5749 3815
f 5310 5248 5247
f 5184 5186 5750
f 5185 5750 5186
f 5184 5750 5185
f 5687 4949 4948
f 5687 4947 4949
f 1710 1712 4456
f 4455 4454 5686
f 4656 1259 1258
f 5632 3983 3982
f 5632 3982 3981
f 4018 4017 5201
f 4016 4018 5201
f 3017 4019 3018
f 1285 2195 1283
f 5751 5752 1690
f 112 1216 113
f 3016 4019 3017
f 5753 5754 5755
f 5756 5757 5758
f 5759 5757 5756
f 5759 5758 5757
f 5756 5758 5759
f 2999 384 383
f 1229 1228 5760
f 5761 1392 1394
f 3004 1014 1013
f 2993 2951 2953
f 2953 2952 2993
f 2976 2955 2954
f 2956 2955 2976
f 5762 5763 5764
f 5765 5766 5767
f 5766 5768 5767
f 5765 5767 5768
f 5766 5765 5768
f 1227 1229 5760
f 1228 1227 5760
f 1153 1152 1663
f 1154 1153 1663
f 385 384 2999
f 5769 345 344
f 346 345 5769
f 344 346 5769
f 5770 5771 5772
f 5773 4604 4603
f 5774 5775 5776
f 5777 5778 5779
f 5780 5781 5782
f 5783 5780 5782
f 5783 5782 5781
f 5783 5781 5780
f 1393 1392 5761
f 2909 2903 2907
f 888 887 2998
f 886 2998 887
f 1217 1209 1208
f 1217 1207 1209
f 5784 5785 5786
f 5787 5775 5774
f 5775 5787 5776
f 1394 1393 5761
f 5779 5778 5788
f 5789 3009 3011
f 5790 2918 2920
f 2919 5790 2920
f 5790 2919 2918
f 5791 5792 5793
f 1051 1050 5794
f 5795 5791 5793
f 2917 2906 2905
f 1051 5794 1052
f 2929 5796 2927
f 2928 5796 2929
f 2927 5796 2928
f 5797 5798 5799
f 5762 5800 5763
f 1015 3004 1013
f 2968 2963 2962
f 2962 2961 2968
f 5762 5764 5800
f 5801 5754 5753
f 5754 5801 5755
f 5753 5755 5801
f 5802 5803 5804
f 5804 5803 5805
f 1225 5806 1226
f 5807 228 227
f 5803 5802 5805
f 5805 5802 5804
f 5808 5809 5810
f 5764 5763 5800
f 188 5811 1766
f 5812 1766 5811
f 1230 2930 1384
f 2965 2992 2966
f 2992 2965 2967
f 169 168 1606
f 168 167 1606
f 5752 1691 1690
f 1689 1691 5751
f 5751 1690 1689
f 5813 5814 5815
f 1607 1664 1608
f 1609 1664 1607
f 1652 1611 1610
f 1612 1652 1610
f 1615 5816 1613
f 1615 1614 5816
f 1613 5816 1614
f 1567 1569 5817
f 1569 1568 5817
f 5817 1568 1567
f 5818 5819 5820
f 5821 5820 5819
f 5818 5820 5821
f 5818 5821 5819
f 5822 5823 5824
f 5822 5824 5825
f 1573 1620 1574
f 1357 133 135
f 5278 5277 5826
f 5826 5277 5276
f 5826 5276 5278
f 1583 1582 5280
f 979 981 5275
f 1581 5280 1582
f 5824 5823 5825
f 1671 3871 1672
f 3871 1671 1670
f 2728 2727 5827
f 1740 1742 2712
f 1680 2652 1678
f 2652 1679 1678
f 5828 5829 5830
f 1575 1620 1573
f 1234 5831 1232
f 1234 1233 5831
f 1232 5831 1233
f 5279 1707 1709
f 5279 1708 1707
f 133 1357 134
f 2715 5832 2713
f 2714 5832 2715
f 2713 5832 2714
f 1349 1348 2873
f 1347 1349 2873
f 1693 1526 1525
f 2895 1630 1629
f 5833 5834 5835
f 3853 3852 5565
f 5836 5510 5512
f 5834 5833 5837
f 4259 4258 5430
f 4257 5430 4258
f 5040 5448 5041
f 5838 5839 5840
f 5101 5100 5036
f 5431 4289 4288
f 5431 4287 4289
f 5136 5138 5841
f 5137 5136 5841
f 5138 5137 5841
f 5835 5834 5837
f 5837 5833 5835
f 2691 5516 2689
f 1629 1628 2895
f 5419 5421 5842
f 5842 5421 5420
f 5842 5420 5419
f 5513 5449 5451
f 5040 5042 5448
f 5098 5062 5099
f 5089 5062 5098
f 5559 4376 4375
f 5180 5179 5843
f 4307 5475 4308
f 4342 4341 5844
f 4342 5844 4343
f 5844 4341 4343
f 5845 5846 5847
f 5130 5129 5495
f 5848 5849 5850
f 5851 5852 5853
f 5854 5855 5856
f 5495 5128 5130
f 5857 5848 5850
f 5857 5850 5849
f 5857 5849 5848
f 5858 5859 5860
f 5860 5861 5858
f 5858 5861 5859
f 5859 5861 5860
f 5455 5457 5862
f 5449 5513 5450
f 5863 5496 5498
f 5089 5099 73
f 5498 5497 5863
f 5497 5496 5863
f 4306 5475 4307
f 5864 5865 5866
f 5867 5865 5864
f 5867 5866 5865
f 5866 5867 5864
f 4294 4272 4271
f 3840 5868 3841
f 5869 5870 5871
f 5847 5872 5845
f 5847 5846 5872
f 5846 5845 5872
f 5873 5874 5875
f 4274 5876 4275
f 4301 5877 4299
f 5875 5878 5873
f 5875 5874 5878
f 5873 5878 5874
f 5879 5871 5870
f 5880 5881 5882
f 5514 5507 5506
f 5508 5507 5514
f 5062 73 5099
f 5405 5404 5883
f 5406 5883 5404
f 5405 5883 5406
f 5039 5171 5037
f 5038 5171 5039
f 4361 4360 4891
f 5176 5175 5174
f 5176 5174 5173
f 5047 5884 5048
f 5048 5884 5046
f 5046 5884 5047
f 5036 5100 5034
f 4270 4269 5885
f 4268 4270 5885
f 4269 4268 5885
f 5459 5886 5460
f 5460 5886 5458
f 5458 5886 5459
f 5887 5888 5889
f 5890 4322 4321
f 5891 5892 5893
f 4274 4276 5876
f 4276 4275 5876
f 5894 5895 5896
f 5519 5441 5440
f 5467 5897 5465
f 5897 5467 5466
f 5516 2691 2690
f 3843 5033 4295
f 3841 5898 3842
f 5899 5465 5897
f 5103 5408 5104
f 5104 5408 5105
f 5558 3861 3860
f 3861 5558 3859
f 5582 5584 5587
f 5583 5582 5587
f 5900 5579 5581
f 5581 5580 5900
f 5900 5580 5579
f 5901 5902 5903
f 5904 5905 5906
f 5907 4280 4279
f 4278 5907 4279
f 4280 5907 4278
f 5524 5526 5577
f 5525 5577 5526
f 5908 5909 5910
f 5034 5100 5433
f 5494 5911 5492
f 5493 5492 5911
f 5035 5433 5100
f 5893 5892 5912
f 5894 5896 5913
f 5853 5852 5914
f 5893 5912 5891
f 5892 5891 5912
f 5839 5911 5840
f 5839 5838 5911
f 5896 5895 5913
f 5895 5894 5913
f 5461 5915 5462
f 5493 5838 5494
f 3840 5032 5898
f 5032 3842 5898
f 5028 5031 5916
f 3865 5917 3866
f 5898 3841 5918
f 5919 5426 5425
f 5920 5921 5922
f 5923 5921 5920
f 5921 5923 5922
f 5922 5923 5920
f 5924 5925 5926
f 5924 5927 5925
f 2628 3872 5928
f 5929 3870 3869
f 5930 5931 5932
f 2285 2284 3897
f 5530 5529 5550
f 3868 3870 5929
f 5933 5934 5935
f 5902 5936 5903
f 5906 5905 5937
f 5909 5938 5910
f 5938 5908 5910
f 5909 5908 5938
f 5438 5437 5939
f 5535 5538 5536
f 5536 5538 5534
f 5940 5422 5424
f 5838 5840 5494
f 5937 5905 5904
f 4323 5890 4321
f 5941 5942 5943
f 4322 5890 4323
f 5939 5439 5438
f 4301 4302 5143
f 4301 5143 5877
f 5470 5944 5471
f 5462 5915 5463
f 5461 5463 5915
f 5869 5871 5879
f 5877 5143 4299
f 5945 5946 5947
f 5870 5869 5879
f 52 5049 50
f 117 119 5428
f 5428 5566 117
f 5537 5533 5532
f 5537 5532 5531
f 3841 5868 5918
f 3840 5918 5868
f 3842 5033 3843
f 5948 5949 5950
f 5033 3842 5032
f 5898 5918 3840
f 5951 5952 5953
f 5953 5952 5954
f 5952 5951 5954
f 5951 5953 5954
f 5955 5031 5029
f 5956 5122 5121
f 5956 5120 5122
f 5120 5956 5121
f 3865 3867 5917
f 5442 5957 5440
f 5519 5957 5442
f 5440 5957 5519
f 5566 119 118
f 5466 5899 5958
f 5914 5852 5851
f 5131 4315 5959
f 5493 5911 5838
f 5469 5471 5944
f 5906 5937 5904
f 5960 5961 5962
f 5843 5179 5178
f 5963 5964 5965
f 5437 5439 5939
f 5851 5853 5914
f 5966 5963 5965
f 5964 5966 5965
f 5966 5964 5963
f 5512 5511 5836
f 5510 5836 5511
f 5903 5936 5901
f 5559 4375 4374
f 5967 5570 5572
f 5967 5571 5570
f 5572 5571 5967
f 5968 5969 5970
f 5971 4139 4138
f 3892 3894 5972
f 5897 5466 5958
f 5926 5925 5927
f 5927 5924 5926
f 5529 5528 5550
f 2341 5973 2342
f 3890 5024 3891
f 5974 3905 3904
f 5975 5976 5977
f 5929 3869 3868
f 5978 5979 5980
f 5981 5982 5983
f 2549 2285 2550
f 5561 5564 5563
f 5984 2341 2343
f 2285 3898 2283
f 2283 3898 2284
f 5985 5986 5987
f 2285 2549 3898
f 5988 5989 5990
f 2343 2342 5984
f 5984 5973 2341
f 5991 5992 5993
f 3853 5565 5561
f 5991 5994 5992
f 3883 3885 5995
f 3884 5995 3885
f 5995 3884 3883
f 5565 5564 5561
f 3851 5562 5565
f 3851 3853 5562
f 5996 5933 5935
f 5934 5933 5996
f 5935 5934 5996
f 5567 5569 5586
f 5997 3568 3570
f 5998 5969 5968
f 5560 3902 3901
f 3902 5560 3900
f 3569 5997 3570
f 3568 5997 3569
f 5999 6000 6001
f 6002 6003 6004
f 6001 6005 5999
f 5563 5565 5562
f 5562 5561 5563
f 6006 5948 5950
f 6007 6008 6009
f 2626 2628 5928
f 4346 6010 4344
f 2629 2628 3878
f 2628 2627 3878
f 6011 6012 6013
f 4345 6010 4346
f 4344 6010 4345
f 5994 2353 2352
f 5994 2352 5992
f 6014 6015 6016
f 5899 5466 5465
f 5567 5586 5568
f 6007 6017 6008
f 6017 6009 6008
f 6007 6009 6017
f 6018 3908 3910
f 6019 6020 6021
f 6022 6021 6020
f 6019 6021 6022
f 6020 6019 6022
f 5958 5899 5897
f 2648 996 3903
f 6023 6024 6025
f 6026 6024 6023
f 6024 6026 6025
f 6025 6026 6023
f 458 4885 456
f 6027 6028 6029
f 5074 5177 5075
f 5073 5177 5074
f 5972 3893 3892
f 5972 3894 3893
f 549 548 5407
f 6030 6031 6032
f 2649 2651 4465
f 2650 2649 4465
f 6033 6034 6035
f 6030 6036 6031
f 6036 6032 6031
f 6032 6036 6030
f 5407 548 547
f 6037 6038 6039
f 6040 6041 6042
f 6043 3916 3918
f 6043 3917 3916
f 3918 3917 6043
f 6044 4887 4889
f 6018 3910 3909
f 457 6045 4885
f 1748 1936 1749
f 1936 1750 1749
f 5971 4138 4137
f 1736 1044 1043
f 1742 1741 2712
f 6046 2709 2708
f 2709 6046 2707
f 2707 6046 2708
f 6047 1589 1588
f 6048 6049 6050
f 1806 1808 6051
f 1764 1695 1323
f 70 658 2717
f 72 2717 658
f 72 658 407
f 406 658 70
f 1695 1764 1324
f 4222 4224 6052
f 4224 4223 6052
f 4223 4222 6052
f 2539 2537 2546
f 6053 6054 6055
f 4230 4582 4231
f 443 6056 441
f 4590 6057 4591
f 2400 6058 2398
f 900 2535 6059
f 6060 625 623
f 622 6060 623
f 4238 4237 6061
f 4589 4591 6057
f 4589 6057 4590
f 215 6062 213
f 214 213 6062
f 5827 2727 2726
f 2728 5827 2726
f 6063 6064 6065
f 185 2044 188
f 6066 6067 6068
f 6067 6069 6068
f 214 6062 215
f 6066 6068 6069
f 6066 6069 6067
f 6053 6070 6054
f 6055 6054 6070
f 6055 6070 6053
f 1122 1121 1167
f 6071 6072 6073
f 6074 6075 6076
f 1327 6077 1328
f 1328 6077 1326
f 1326 6077 1327
f 1643 1642 2722
f 1641 2722 1642
f 6078 1668 1667
f 1316 2902 1317
f 1318 1317 2902
f 1589 6047 1590
f 982 395 394
f 395 982 396
f 6079 6080 6081
f 6082 1809 1811
f 1810 1809 6082
f 1810 6082 1811
f 6083 6064 6063
f 1769 1771 6084
f 208 2903 2909
f 4611 4610 6085
f 1823 1825 6086
f 1824 6086 1825
f 6086 1824 1823
f 4610 4612 6085
f 4611 6085 4612
f 6087 6088 6089
f 6090 6091 6092
f 2476 942 941
f 1104 1108 1105
f 6093 4615 4614
f 2512 2511 6094
f 2511 2510 6094
f 2512 6094 2510
f 6095 2513 2515
f 2515 2514 6095
f 2514 2513 6095
f 4262 4255 4254
f 2433 2432 2551
f 1852 6096 1853
f 1854 1853 6096
f 1854 6096 1852
f 4600 1752 1751
f 6056 443 442
f 6056 442 441
f 5984 6097 6098
f 6099 6100 6101
f 6101 6102 6099
f 6101 6100 6102
f 6102 6100 6099
f 5585 5566 5428
f 5428 5427 5585
f 5916 5031 5955
f 6103 6104 6105
f 3867 3866 5917
f 3845 6106 3846
f 5473 6107 5474
f 5472 5474 6107
f 5473 5472 6107
f 5049 51 50
f 5029 5028 5916
f 6108 6109 623
f 6108 623 625
f 4273 4272 4294
f 5413 2364 2363
f 5029 5916 6110
f 5955 6110 5916
f 5029 6110 5955
f 6111 5411 5410
f 6112 6113 6114
f 6111 5410 5412
f 5411 6111 5412
f 5950 5949 6006
f 6109 624 623
f 5948 6006 5949
f 6109 6108 624
f 625 624 6108
f 3846 6106 3844
f 3845 3844 6106
f 6115 6116 6117
f 2285 3897 2550
f 5984 6098 5973
f 5973 6098 6097
f 6118 5975 5977
f 6004 6119 6002
f 6004 6003 6119
f 6002 6119 6003
f 5023 2636 2635
f 6120 5991 5993
f 6121 6122 6123
f 6124 5985 5987
f 6015 6014 6125
f 6125 6016 6015
f 6014 6016 6125
f 3903 995 2648
f 6126 669 671
f 5970 5969 5998
f 5990 6127 5988
f 5989 6127 5990
f 5988 6127 5989
f 5547 5549 6128
f 6118 5977 5976
f 5976 5975 6118
f 5968 5970 5998
f 5994 5991 6120
f 6129 6130 6131
f 3851 5565 3852
f 5987 5986 6124
f 6124 5986 5985
f 457 456 4886
f 457 4886 6045
f 5557 5556 6132
f 6132 5556 5555
f 6132 5555 5557
f 6133 6134 6135
f 6136 6137 6138
f 6018 3909 3908
f 6139 6140 6141
f 6142 6141 6140
f 6142 6139 6141
f 6139 6142 6140
f 6143 6144 6145
f 6143 6146 6144
f 6145 6144 6146
f 6145 6146 6143
f 6147 6148 6149
f 6045 4886 4885
f 6150 6151 6152
f 6153 6154 6155
f 6156 6157 6158
f 6159 6160 6161
f 6159 6162 6160
f 6162 6161 6160
f 6161 6162 6159
f 6163 6033 6035
f 4465 4462 2650
f 4462 4464 2651
f 6164 6165 6166
f 3906 5974 3904
f 3905 5974 3906
f 6034 6163 6035
f 6034 6033 6163
f 6167 6164 6166
f 6167 6165 6164
f 6166 6165 6167
f 5541 5554 5539
f 5539 5554 5540
f 6168 6169 6170
f 4883 6171 4881
f 4883 4882 6171
f 4881 6171 4882
f 6172 6173 6174
f 6175 6172 6174
f 3874 6176 3875
f 3876 6176 3874
f 3875 6176 3876
f 6044 4889 4888
f 4875 6177 4876
f 6177 4877 4876
f 4875 4877 6177
f 5932 5931 6178
f 6120 2352 2351
f 5992 2352 6120
f 6149 6148 6179
f 6155 6154 6180
f 6180 6153 6155
f 6154 6153 6180
f 6005 6000 5999
f 6000 6005 6001
f 5979 5978 6181
f 6181 5978 5980
f 5980 5979 6181
f 6123 6182 6121
f 6122 6121 6182
f 6122 6182 6123
f 6117 6116 6183
f 6175 6173 6172
f 6184 6185 6186
f 6174 6173 6175
f 449 3656 447
f 449 448 3656
f 6187 6042 6041
f 6187 6040 6042
f 6041 6040 6187
f 6188 6189 6190
f 6178 5930 5932
f 5931 5930 6178
f 6191 6192 6193
f 6186 6194 6184
f 6185 6194 6186
f 6185 6184 6194
f 6195 6156 6158
f 6191 6196 6192
f 6196 6191 6193
f 6192 6196 6193
f 6011 6197 6012
f 2351 5994 6120
f 5165 5164 6198
f 6028 6199 6029
f 5166 6198 5164
f 6200 6201 6202
f 6158 6157 6195
f 6156 6195 6157
f 2353 5994 2351
f 6203 6204 6205
f 6126 671 670
f 6126 670 669
f 6152 6206 6150
f 6152 6151 6206
f 6206 6151 6150
f 6115 6117 6183
f 6207 6208 6209
f 2637 5023 2635
f 6116 6115 6183
f 994 6210 2648
f 5165 6198 5166
f 6204 6211 6205
f 571 570 683
f 6212 1902 1904
f 703 700 699
f 684 2559 685
f 685 2559 686
f 6213 6214 6215
f 2011 2382 2009
f 2584 2583 6216
f 2584 6216 2582
f 2497 6217 6218
f 11 13 6219
f 6220 6221 6222
f 6223 6221 6220
f 6222 6221 6223
f 6222 6223 6220
f 808 6224 809
f 6225 779 781
f 4594 4593 6226
f 4561 4560 6227
f 4592 6226 4593
f 6226 4592 4594
f 2493 2492 4581
f 6228 6229 6230
f 1186 6231 1187
f 2532 6232 2533
f 467 466 6233
f 6234 6228 6230
f 260 6235 6236
f 6237 6238 6239
f 260 6240 6235
f 262 6240 260
f 6241 6242 6243
f 2620 728 727
f 2435 813 812
f 6244 6245 6246
f 6247 6248 6249
f 468 6233 466
f 467 6233 468
f 2439 2441 4514
f 4514 2441 2440
f 6250 6251 6252
f 1987 521 523
f 522 521 1987
f 802 1986 803
f 6251 6250 6253
f 6252 6253 6250
f 814 816 6254
f 815 6254 816
f 6254 815 814
f 6255 6256 6257
f 6246 6245 6258
f 6258 6244 6246
f 6245 6244 6258
f 811 813 2435
f 781 780 6225
f 6259 6260 6261
f 6224 808 810
f 809 6224 810
f 6219 12 11
f 6219 13 12
f 4608 6262 4606
f 6263 1991 1993
f 6257 6264 6255
f 6256 6264 6257
f 6256 6255 6264
f 6265 6266 6267
f 212 6268 210
f 6269 6270 6271
f 6271 6272 6269
f 6270 6269 6272
f 6270 6272 6271
f 2904 2917 2905
f 1771 1770 6084
f 1230 1384 392
f 999 6273 997
f 1104 1106 1108
f 6274 6275 6276
f 1766 5812 2044
f 188 2044 5811
f 2044 5812 5811
f 6277 6278 6279
f 2900 6280 2901
f 2930 393 1384
f 6280 2899 2901
f 2900 2899 6280
f 6281 2944 2943
f 1770 1769 6084
f 6282 2931 1792
f 2931 6282 1800
f 1794 6282 1792
f 1794 1800 6282
f 6283 6284 6285
f 208 2908 209
f 6286 6287 6288
f 6289 6290 6291
f 6292 6293 6294
f 6295 6296 6297
f 6293 6292 6298
f 6294 6293 6298
f 6292 6294 6298
f 6299 6300 6301
f 6302 6303 6304
f 1798 1797 6305
f 6305 1799 1798
f 1797 1799 6305
f 6072 6306 6073
f 6307 5828 5830
f 6308 6309 6310
f 6311 6310 6309
f 6311 6308 6310
f 6308 6311 6309
f 6312 6313 6314
f 2487 6315 2488
f 6316 6092 6091
f 6089 6317 6087
f 6318 6319 6320
f 6291 6321 6289
f 6291 6290 6321
f 6322 6323 6324
f 6325 6326 6327
f 6327 6328 6325
f 6326 6325 6328
f 6326 6328 6327
f 2932 1220 1219
f 6247 6249 6329
f 151 150 6330
f 1952 1951 6331
f 6332 6333 6334
f 1941 6335 1942
f 6336 6337 6338
f 6339 6338 6337
f 6339 6336 6338
f 6336 6339 6337
f 5774 5776 5787
f 6340 6048 6050
f 6341 6342 6343
f 6344 6342 6341
f 6342 6344 6343
f 6344 6341 6343
f 6266 6265 6345
f 5786 6346 5784
f 6346 5785 5784
f 5785 6346 5786
f 1050 1052 5794
f 6347 6348 6349
f 6350 6351 6352
f 1992 1991 6263
f 1992 6263 1993
f 6353 6354 6355
f 6217 2498 6218
f 6356 2498 6217
f 6283 6285 6357
f 6330 150 149
f 1862 6358 1863
f 4605 4604 5773
f 5773 4603 4605
f 6218 2498 2497
f 2540 2475 943
f 2475 941 943
f 6359 6360 6361
f 1059 2442 1060
f 277 333 278
f 6362 6363 6364
f 6365 6366 6367
f 6368 327 326
f 6369 6370 6371
f 6372 6373 6374
f 6331 1953 1952
f 1951 1953 6331
f 1199 6375 1200
f 1200 6375 1198
f 6375 1199 1198
f 4532 4565 4533
f 4565 4531 4533
f 4570 6376 4568
f 4570 4569 6376
f 6376 4569 4568
f 750 4566 751
f 749 751 4566
f 760 762 4562
f 4562 762 761
f 4555 6377 4553
f 4554 6377 4555
f 4554 4553 6377
f 4547 4546 6378
f 2602 2604 4567
f 4567 2603 2602
f 1875 2608 1876
f 6379 6380 6381
f 223 222 6382
f 6252 6251 6253
f 6383 1339 1341
f 6384 6372 6374
f 6373 6384 6374
f 6384 6373 6372
f 6232 6385 2533
f 6230 6229 6234
f 1340 1339 6383
f 1340 6383 1341
f 893 895 6386
f 894 6386 895
f 894 893 6386
f 6387 4595 4597
f 4596 6387 4597
f 6387 4596 4595
f 1937 4599 1938
f 4599 1939 1938
f 6262 4607 4606
f 6388 2367 2366
f 4559 4561 6227
f 4560 4559 6227
f 6389 6390 6391
f 6392 1821 6393
f 6392 1822 1821
f 6394 6379 6381
f 6394 6381 6380
f 6394 6380 6379
f 942 2540 943
f 6385 6395 2533
f 6396 6397 6398
f 6397 6399 6398
f 6396 6398 6399
f 6396 6399 6397
f 1188 1187 6231
f 874 876 6400
f 875 6400 876
f 875 874 6400
f 6378 4546 4545
f 6378 4545 4547
f 2614 4571 2612
f 6401 296 295
f 2614 2613 4571
f 6402 6403 6404
f 6405 6406 6407
f 2616 6408 2617
f 2617 6408 2615
f 6408 2616 2615
f 473 6409 474
f 472 474 6409
f 472 6409 473
f 501 4539 499
f 499 4539 500
f 6410 841 843
f 6410 843 842
f 841 6410 842
f 6411 6412 6413
f 485 484 2601
f 2436 6414 2437
f 730 6415 731
f 6416 1980 1982
f 1981 6416 1982
f 1980 6416 1981
f 826 502 504
f 2554 871 873
f 6411 6413 6417
f 6417 6413 6412
f 6412 6411 6417
f 6415 732 731
f 6415 730 732
f 859 4534 857
f 857 4534 858
f 488 487 4535
f 1858 720 719
f 1905 1969 1906
f 721 720 1858
f 2369 1934 1969
f 6418 6419 6420
f 506 505 712
f 712 507 506
f 6421 6422 6423
f 546 545 6424
f 6425 879 881
f 6425 880 879
f 1933 1969 1907
f 881 880 6425
f 1933 2369 1969
f 6426 6427 6428
f 544 6424 545
f 6424 544 546
f 6429 2009 2382
f 540 542 694
f 6216 2583 2582
f 6426 6428 6430
f 6427 6430 6428
f 6426 6430 6427
f 6418 6420 6431
f 6420 6419 6431
f 6418 6431 6419
f 6432 2387 2386
f 2388 6432 2386
f 2387 6432 2388
f 6213 6433 6214
f 6215 6214 6433
f 6213 6215 6433
f 6429 2010 2009
f 2010 6429 2011
f 2383 6429 2384
f 6429 2382 2384
f 2383 2382 2011
f 540 694 541
f 532 531 556
f 552 1901 550
f 6434 6435 6436
f 6436 6437 6434
f 6436 6435 6437
f 6435 6434 6437
f 6421 6438 6422
f 6422 6438 6423
f 6421 6423 6438
f 556 531 557
f 530 558 557
f 530 557 531
f 2383 2011 6429
f 713 6439 714
f 713 715 6439
f 715 714 6439
f 2438 6414 2436
f 2438 2437 6414
f 6440 6441 6442
f 6443 6441 6440
f 6442 6441 6443
f 6443 6440 6442
f 6444 6407 6406
f 6444 6405 6407
f 6405 6444 6406
f 6445 2940 2942
f 6445 2941 2940
f 2941 6445 2942
f 309 308 329
f 307 329 308
f 294 6401 295
f 294 296 6401
f 6446 4579 4578
f 4579 6446 4580
f 4580 6446 4578
f 1057 1056 6447
f 6448 6403 6402
f 6448 6404 6403
f 6404 6448 6402
f 6449 6243 6242
f 6449 6242 6450
f 6451 6452 6453
f 1188 6231 1186
f 6454 6455 6456
f 6457 6458 6459
f 6391 6460 6389
f 6243 6461 6241
f 6462 1058 6447
f 6462 6447 1056
f 6462 1056 1058
f 6463 3451 3453
f 6464 6465 6466
f 6464 6467 6465
f 4527 4526 6468
f 6241 6461 6449
f 4527 6468 4525
f 4526 4525 6468
f 6469 6355 6354
f 6449 6461 6243
f 6470 6471 6472
f 1218 1220 2932
f 6360 6359 6473
f 6358 1864 1863
f 1864 6358 1862
f 6474 6475 6476
f 6474 6476 6477
f 6477 6475 6474
f 929 928 1031
f 927 929 1031
f 1031 928 1032
f 2546 2537 2536
f 1761 6478 1762
f 6479 6480 6481
f 6482 6480 6479
f 6481 6480 6482
f 6481 6482 6479
f 6289 6321 6290
f 6332 6483 6333
f 6334 6333 6483
f 6334 6483 6332
f 6484 6485 6486
f 6320 6487 6318
f 1157 6488 1155
f 569 6489 567
f 6490 2937 2939
f 3021 6491 3019
f 6492 6493 6494
f 6495 6496 6497
f 6357 6285 6284
f 6498 769 768
f 6499 6500 6501
f 6351 6350 6502
f 1224 5806 1225
f 6503 6278 6277
f 6504 6505 6506
f 6507 3454 3456
f 6299 6508 6300
f 959 1767 960
f 4020 6509 4021
f 6509 4022 4021
f 4022 6509 4020
f 6267 6345 6265
f 6279 6278 6503
f 6277 6279 6503
f 6510 6511 6512
f 6065 6064 6083
f 6063 6065 6083
f 6051 1807 1806
f 6510 6513 6511
f 6511 6513 6512
f 6513 6510 6512
f 1807 6051 1808
f 6071 6306 6072
f 6073 6306 6071
f 6307 5829 5828
f 5830 5829 6307
f 374 6514 372
f 374 373 6514
f 373 372 6514
f 6081 6080 6515
f 6081 6515 6079
f 6515 6080 6079
f 274 276 6516
f 275 6516 276
f 275 274 6516
f 6078 1667 1666
f 1668 6078 1666
f 1397 1605 1398
f 6047 1588 1590
f 1801 193 192
f 1801 194 193
f 939 1333 940
f 938 940 1333
f 6076 6517 6074
f 6074 6517 6075
f 6075 6517 6076
f 5825 5823 5822
f 6506 6518 6504
f 6506 6505 6518
f 6505 6504 6518
f 6519 6520 6521
f 6519 6522 6520
f 6301 6300 6508
f 6299 6301 6508
f 334 4584 335
f 336 335 4584
f 958 1767 959
f 6281 2943 2945
f 2945 2944 6281
f 1785 1805 1786
f 6523 6286 6288
f 6266 6345 6267
f 6048 6340 6049
f 6524 6525 6526
f 6527 6528 6529
f 6530 6529 6528
f 6530 6527 6529
f 6527 6530 6528
f 1802 6531 1803
f 6295 6297 6532
f 6297 6296 6532
f 6532 6296 6295
f 6352 6351 6502
f 6519 6521 6522
f 6520 6522 6521
f 6526 6525 6533
f 6533 6525 6524
f 6533 6524 6526
f 6286 6523 6287
f 6316 6090 6092
f 6090 6316 6091
f 6287 6523 6288
f 6050 6049 6340
f 6317 6088 6087
f 6089 6088 6317
f 6315 2486 2488
f 6357 6284 6283
f 2486 6315 2487
f 1155 6488 1156
f 1157 1156 6488
f 6534 6485 6484
f 6493 6535 6494
f 6492 6535 6493
f 6494 6535 6492
f 151 6330 149
f 6393 1821 6536
f 1172 6537 1170
f 6490 2939 2938
f 2938 2937 6490
f 211 210 6268
f 6467 6464 6466
f 1821 1820 6536
f 6465 6467 6466
f 6232 2532 6395
f 6232 6395 6538
f 1057 6447 1058
f 6539 6540 6541
f 6542 6543 6544
f 6451 6453 6545
f 6368 328 327
f 326 328 6368
f 6546 6547 6548
f 6235 6549 6236
f 6540 6539 6550
f 6550 6539 6541
f 6541 6540 6550
f 6353 6355 6469
f 6354 6353 6469
f 6248 6329 6249
f 6247 6329 6248
f 6549 261 260
f 6549 260 6236
f 6551 6552 6553
f 6393 1819 6392
f 6554 6392 1819
f 1819 1822 6554
f 1822 6392 6554
f 6393 1820 1819
f 222 224 6382
f 6555 6556 6557
f 6363 6362 6558
f 3453 3452 6463
f 3452 3451 6463
f 6536 1820 6393
f 6559 6548 6547
f 6546 6548 6559
f 6547 6546 6559
f 6366 6560 6367
f 6366 6365 6560
f 6560 6365 6367
f 6455 6561 6456
f 6454 6456 6561
f 6561 6455 6454
f 268 337 269
f 337 268 267
f 6452 6545 6453
f 6451 6545 6452
f 6324 6562 6322
f 6563 6564 6565
f 6566 6563 6565
f 321 323 6567
f 5772 5771 6568
f 6569 6570 6571
f 5770 5772 6568
f 5771 5770 6568
f 6572 219 221
f 315 6573 316
f 314 316 6573
f 314 6573 315
f 6557 6574 6555
f 6556 6574 6557
f 6574 6556 6555
f 1171 6537 1172
f 6575 6239 6576
f 6576 6239 6238
f 6576 6238 6575
f 6237 6577 6578
f 6459 6458 6579
f 6580 3006 3008
f 3008 3007 6580
f 3006 6580 3007
f 6572 220 219
f 6581 305 304
f 6582 6583 6584
f 1040 1042 6585
f 1042 1041 6585
f 1041 1040 6585
f 6586 6587 6588
f 6589 2912 2911
f 6590 6588 6587
f 6591 6592 6593
f 6592 6594 6593
f 6594 6591 6593
f 6591 6594 6592
f 6595 1195 6596
f 6596 1195 6597
f 6596 6597 6595
f 6598 6599 6600
f 6589 2911 2910
f 2910 2912 6589
f 6491 3020 3019
f 3021 3020 6491
f 6601 6602 6603
f 6604 6605 6606
f 6607 6608 6609
f 6582 6584 6610
f 6611 6612 6613
f 6614 6615 6616
f 6617 6618 6619
f 6620 6619 6618
f 1223 1222 6621
f 1131 1146 1116
f 1146 1113 1116
f 1223 6621 1221
f 1221 6621 1222
f 6622 1114 1116
f 1115 1114 6622
f 1116 1115 6622
f 6623 6347 6349
f 6619 6624 6617
f 3456 3455 6507
f 6507 3455 3454
f 1212 6625 1210
f 6624 6618 6617
f 6625 1211 1210
f 1212 1211 6625
f 1137 1100 1099
f 6610 6584 6583
f 5799 6626 5797
f 6612 6627 6613
f 6610 6583 6582
f 6628 6616 6615
f 6628 6614 6616
f 6615 6614 6628
f 6629 6630 6631
f 6501 6632 6499
f 6590 6586 6588
f 6586 6590 6587
f 6633 6634 6635
f 6636 6238 6237
f 6637 6638 6639
f 1170 6537 1171
f 770 769 6498
f 768 770 6498
f 6640 6641 6642
f 6643 6642 6644
f 6645 6646 6647
f 6489 568 567
f 6579 6457 6459
f 6579 6458 6457
f 6635 6634 6648
f 1100 1138 6649
f 6639 6638 6650
f 6650 6638 6637
f 6650 6637 6639
f 6651 6652 6653
f 6654 6655 6656
f 6657 6654 6656
f 6656 6655 6657
f 6657 6655 6654
f 322 321 6567
f 6652 6651 6658
f 6470 6659 6471
f 6641 6644 6642
f 6660 6644 6641
f 6302 6304 6661
f 6304 6303 6661
f 6302 6661 6303
f 6662 6663 6664
f 5778 5777 5788
f 5788 5777 5779
f 203 202 270
f 3009 5789 3010
f 6665 6604 6606
f 6602 6601 6666
f 6665 6606 6605
f 6665 6605 6604
f 6667 6668 6669
f 6670 2924 2926
f 228 5807 226
f 6669 6668 6671
f 6669 6671 6667
f 6671 6668 6667
f 3010 5789 3011
f 2924 6670 2925
f 6663 6662 6672
f 6581 306 305
f 6632 6500 6499
f 6500 6632 6501
f 6352 6502 6350
f 306 6581 304
f 2926 2925 6670
f 6664 6672 6662
f 6663 6672 6664
f 1226 5806 1224
f 5793 5792 5795
f 5792 5791 5795
f 6609 6608 6673
f 6673 6607 6609
f 6608 6607 6673
f 6666 6603 6602
f 6666 6601 6603
f 6623 6348 6347
f 6674 6497 6496
f 6674 6495 6497
f 6495 6674 6496
f 399 6675 397
f 397 6675 398
f 226 5807 227
f 6676 6677 6678
f 6678 6677 6679
f 6678 6679 6676
f 6676 6679 6677
f 6680 5809 5808
f 398 6675 399
f 6681 6682 6683
f 5799 5798 6626
f 6626 5798 5797
f 6599 6684 6600
f 6685 6686 6687
f 6688 6689 6690
f 6691 6685 6687
f 6686 6691 6687
f 6685 6691 6686
f 6597 1195 1197
f 6598 6600 6684
f 6599 6598 6684
f 6681 6692 6682
f 1137 1169 1101
f 6693 6694 6695
f 1137 1099 1169
f 6696 6543 6542
f 6595 1196 1195
f 6569 6571 6697
f 6570 6569 6697
f 6570 6697 6571
f 6683 6682 6692
f 6681 6683 6692
f 6698 6369 6371
f 6643 6699 6642
f 211 6268 212
f 6645 6700 6646
f 6700 6647 6646
f 6647 6700 6645
f 6633 6648 6634
f 6635 6648 6633
f 6487 6319 6318
f 6487 6320 6319
f 6486 6485 6534
f 6549 6240 261
f 261 6240 262
f 6659 6472 6471
f 6472 6659 6470
f 6611 6627 6612
f 568 6489 569
f 6239 6577 6237
f 1940 6335 1941
f 6613 6627 6611
f 6486 6534 6484
f 6335 1940 1942
f 6701 6702 6703
f 6369 6698 6370
f 6567 323 322
f 6641 6640 6704
f 6370 6698 6371
f 6643 6644 6699
f 6644 6660 6699
f 6640 6642 6699
f 6699 6660 6640
f 6705 6706 6707
f 6653 6658 6651
f 6652 6658 6653
f 6707 6708 6705
f 6707 6706 6708
f 6705 6708 6706
f 220 6572 221
f 6704 6709 6710
f 6660 6710 6709
f 6704 6710 6660
f 1193 6649 1138
f 1100 6649 1193
f 6711 6712 6713
f 6711 6714 6712
f 6709 6640 6660
f 6640 6709 6704
f 6660 6641 6704
f 6575 6636 6577
f 6636 6575 6238
f 1101 1100 1193
f 1197 1196 6597
f 6597 1196 6595
f 6714 6713 6712
f 6575 6577 6239
f 6578 6577 6636
f 6714 6711 6713
f 6312 6715 6313
f 6313 6715 6314
f 6715 6312 6314
f 6477 6476 6475
f 2442 1061 1060
f 2444 2446 6716
f 4609 2499 2501
f 2501 2500 4609
f 4608 4607 6262
f 926 4242 924
f 4242 925 924
f 4263 1861 1860
f 4241 4240 4261
f 4261 4240 4239
f 2416 2124 1857
f 1856 2124 2416
f 2125 433 432
f 1860 1859 4263
f 1914 4212 1915
f 1914 1913 4212
f 2621 1924 1923
f 6717 2448 2447
f 6717 2447 2449
f 1925 1924 2621
f 2448 6717 2449
f 2496 2498 6356
f 2496 6356 6217
f 1830 2443 1831
f 6259 6261 6718
f 6719 6720 6721
f 6722 6723 6721
f 1960 2491 6724
f 2366 2365 6388
f 6390 6460 6391
f 6389 6460 6390
f 1826 6725 1827
f 6395 2532 2534
f 2533 6395 2534
f 6385 6538 6395
f 6232 6538 6385
f 6726 6727 6728
f 6729 6730 6731
f 6732 6731 6730
f 6732 6729 6731
f 6729 6732 6730
f 1828 1827 6725
f 6733 6727 6726
f 6726 6728 6733
f 6727 6733 6728
f 6720 6722 6721
f 6721 6723 6719
f 6217 2497 2496
f 6225 780 779
f 6734 6735 6736
f 6736 6735 6737
f 6737 6734 6736
f 6735 6734 6737
f 2539 2547 2536
f 1826 1828 6725
f 6261 6260 6718
f 2445 2444 6716
f 2445 6716 2446
f 2365 2367 6388
f 1958 2490 1959
f 1832 6738 1833
f 6720 6719 6723
f 2539 6739 2537
f 2538 2537 6739
f 2538 6739 2539
f 1960 6724 1958
f 1958 6724 2491
f 1958 2491 2490
f 2491 1960 1959
f 2491 1959 2489
f 1959 2490 2541
f 2490 2489 2541
f 6720 6740 6722
f 6740 6723 6722
f 6720 6723 6740
f 6738 1832 1834
f 1834 1833 6738
f 6718 6260 6259
f 2536 2547 2546
f 2495 2477 2479
f 2578 2577 6741
f 2522 348 347
f 4602 2570 2572
f 2572 2571 4602
f 2522 347 349
f 2478 2477 2495
f 1880 1879 2467
f 1879 1878 2467
f 4254 4256 4262
f 4236 4238 6061
f 4236 6061 4237
f 4226 4228 6742
f 6742 4228 4227
f 4226 6742 4227
f 4245 4247 6743
f 4247 4246 6743
f 2578 6741 2576
f 2577 2576 6741
f 6743 4246 4245
f 1903 6212 1904
f 1902 6212 1903
f 6058 2400 2399
f 6058 2399 2398
f 900 6059 1865
f 1865 6059 2535
f 6744 2589 2588
f 6744 2590 2589
f 2590 6744 2588
f 6229 6228 6234
f 6473 6361 6360
f 6359 6361 6473
f 6382 224 223
f 6237 6578 6636
f 6703 6745 6701
f 6702 6745 6703
f 6745 6702 6701
f 6688 6690 6746
f 6746 6689 6688
f 6746 6690 6689
f 6747 6748 6749
f 6631 6750 6629
f 6629 6750 6630
f 6750 6631 6630
f 6235 6240 6549
f 6747 6751 6748
f 6748 6751 6749
f 6749 6751 6747
f 6362 6364 6558
f 6558 6364 6363
f 6565 6564 6566
f 6563 6566 6564
f 6450 6242 6752
f 6241 6752 6242
f 6449 6450 6752
f 6241 6449 6752
f 6542 6544 6696
f 6696 6544 6543
f 6693 6753 6694
f 6695 6694 6753
f 6753 6693 6695
f 6620 6618 6754
f 6620 6754 6619
f 6619 6754 6624
f 6624 6754 6618
f 6623 6349 6348
f 6531 1804 1803
f 6531 1802 1804
f 6755 6756 6757
f 42 41 1395
f 41 166 1395
f 6755 6758 6756
f 6758 6757 6756
f 6757 6758 6755
f 6478 1763 1762
f 1761 1763 6478
f 6759 1389 1388
f 1388 1390 6759
f 1389 6759 1390
f 6680 5808 5810
f 5809 6680 5810
f 6324 6323 6562
f 6322 6562 6323
f 6551 6553 6760
f 6551 6760 6552
f 6760 6553 6552
f 4557 4556 4564
f 4556 4558 4564
f 4550 4552 6761
f 6761 4552 4551
f 6761 4551 4550
f 358 1943 356
f 2551 2432 2434
f 357 356 1943
f 998 997 6273
f 999 998 6273
f 6276 6762 6274
f 6762 6276 6275
f 6274 6762 6275
f 1995 1909 1908
f 1995 1910 1909
f 1893 702 698
f 704 699 702
f 702 699 698
f 6763 6764 6765
f 6763 6765 6766
f 6135 6134 6767
f 6768 655 657
f 2342 5973 6097
f 6769 6210 994
f 996 6769 994
f 2648 6210 996
f 996 6210 6769
f 6136 6770 6137
f 6771 6202 6201
f 6771 6201 6200
f 6771 6200 6202
f 4139 5971 4137
f 6205 6211 6203
f 6133 6135 6767
f 6772 6766 6765
f 6768 656 655
f 6773 6774 6775
f 2342 6097 5984
f 6120 5993 5992
f 657 656 6768
f 5027 6776 5025
f 5026 6776 5027
f 5026 5025 6776
f 6209 6777 6207
f 6208 6777 6209
f 6208 6207 6777
f 5981 6778 5982
f 5983 6778 5981
f 5983 5982 6778
f 6204 6203 6211
f 6779 6780 6781
f 6782 6774 6773
f 6782 6773 6775
f 6779 6781 6783
f 6013 6197 6011
f 6128 5548 5547
f 5549 5548 6128
f 6169 6784 6170
f 6169 6168 6784
f 6784 6168 6170
f 6785 6786 6787
f 6767 6134 6133
f 6787 6788 6789
f 6763 6766 6790
f 1450 6791 1451
f 2798 6792 2799
f 2870 2869 6793
f 2870 6793 3915
f 2868 3915 6793
f 2868 6793 2869
f 2800 2799 6792
f 2800 6792 2798
f 3934 3933 6794
f 3934 6794 3935
f 3935 6794 3933
f 1450 1452 6791
f 1451 6791 1452
f 6787 6795 6788
f 6766 6772 6790
f 6787 6796 6795
f 6786 6796 6787
f 6785 6797 6786
f 6029 6199 6027
f 6197 6013 6012
f 6027 6199 6028
f 6148 6147 6179
f 6147 6149 6179
f 6779 6783 6780
f 6786 6797 6796
f 6789 6788 6798
f 6789 6798 6795
f 6795 6798 6788
f 6770 6136 6138
f 6138 6137 6770
f 6782 6775 6774
f 6781 6780 6783
f 6796 6797 6785
f 6799 6765 6764
f 6764 6763 6799
f 6799 6772 6765
f 6799 6763 6790
f 6772 6799 6790
f 6800 6189 6188
f 4887 6044 4888
f 6800 6190 6189
f 6188 6190 6800
f 6787 6801 6785
f 6789 6801 6787
f 6789 6795 6801
f 6796 6785 6801
f 6796 6801 6795
f 6802 6038 6037
f 6802 6037 6039
f 6802 6039 6038
f 6803 6131 6130
f 6129 6803 6130
f 6803 6129 6131
f 5881 6804 5882
f 5509 5434 5436
f 5434 5509 5435
f 5942 6805 5943
f 5456 5455 5862
f 5180 5843 5178
f 5855 5854 6806
f 5880 6804 5881
f 6806 5856 5855
f 6806 5854 5856
f 6807 6113 6112
f 6114 6113 6807
f 6114 6807 6112
f 5960 6808 5961
f 5961 6808 5962
f 6808 5960 5962
f 5470 5469 5944
f 5862 5457 5456
f 5882 6804 5880
f 6809 6810 6811
f 6810 6809 6812
f 5941 5943 6805
f 5941 6805 5942
f 6811 6812 6809
f 6810 6812 6811
f 6813 5111 5110
f 5109 5111 6813
f 6813 5110 5109
f 4302 4300 6814
f 4300 5143 6814
f 4316 5132 4317
f 4315 4317 5132
f 4315 5132 5959
f 5959 5132 5131
f 5494 5840 5911
f 5887 5889 6815
f 5888 6815 5889
f 5887 6815 5888
f 5424 5423 5940
f 5940 5423 5422
f 5936 5902 5901
f 5945 5947 6816
f 5945 6816 5946
f 6816 5947 5946
f 5143 4302 6814
f 2626 5928 3872
f 625 6060 5425
f 5425 6060 622
f 5919 622 5426
f 5425 622 5919
f 6105 6817 6103
f 6105 6104 6817
f 6103 6817 6104
f 6093 4613 4615
f 6093 4614 4613
f 5553 1587 1586
f 1585 5553 1586
f 4319 5167 4320
f 4318 5167 4319
f 1411 1410 2896
f 2896 1410 1409
f 1428 1427 2977
f 2977 1426 1428
f 1285 1434 2195
f 1692 2195 1434
f 1434 1284 1692
f 6818 2990 2989
f 2989 2991 6818
f 1400 1399 2984
f 1401 1400 2984
f 2991 2990 6818
f 6819 6820 6821
f 2969 2971 2988
f 6822 6819 6823
f 6822 6823 6820
f 6822 6820 6819
f 5751 1691 5752
f 5813 6824 5814
f 6824 6825 5814
f 5814 6825 5815
f 6824 5813 6826
f 5815 6826 5813
f 5815 6825 6826
f 6824 6826 6825
f 1012 1011 1016
f 1016 1011 1010
f 1292 1294 6827
f 1377 1379 1688
f 1379 1378 1688
f 1292 6827 1293
f 1293 6827 1294
f 2988 2970 2969
f 6823 6819 6821
f 6823 6821 6820
f 3749 3751 6828
f 3750 6828 3751
f 6828 3750 3749
f 4010 6829 4008
f 4009 6829 4010
f 4009 4008 6829
f 4012 3772 3771
f 4013 4012 4011
f 4013 4011 3772
f 3774 3772 4011
f 3771 3774 4011
f 3743 6830 5633
f 3628 6830 3626
f 3627 6830 3743
f 3627 3626 6830
f 5633 6830 3628
f 5242 4392 4391
f 4744 3221 3220
f 4744 3222 3221
f 4476 4475 6831
f 4475 4477 6831
f 4476 6831 4477
f 2273 3354 2274
f 3354 2272 2274
f 4717 4761 4718
f 4719 4718 4761
f 2702 2704 6832
f 2702 6832 2703
f 6832 2704 2703
f 4208 4871 4209
f 4206 4205 6833
f 4205 4207 6833
f 4206 6833 4207
f 6834 6835 6836
f 6836 6835 6837
f 6834 6836 6837
f 6834 6837 6835
f 2737 1626 1625
f 3877 1554 1553
f 3877 1553 1552
f 3174 3173 6838
f 2236 6839 2237
f 2237 6839 2235
f 2236 2235 6839
f 4506 4505 4504
f 3177 3176 4502
f 4506 4504 4503
f 4507 4510 4508
f 3173 3175 6838
f 6838 3175 3174
f 2072 4621 4628
f 2072 4628 4625
f 4625 4628 2070
f 2071 2070 4628
f 2121 2120 2156
f 3328 6840 3326
f 6840 3327 3326
f 3328 3327 6840
f 4041 4445 4042
f 4040 4445 4041
f 4250 6841 2002
f 4249 6841 4250
f 2527 6841 4249
f 2527 2003 6841
f 2002 6841 2003
f 216 218 1380
f 235 1206 236
f 236 1206 237
f 1380 218 217
f 1367 1204 1203
f 1205 1204 1367

# Normal vectors as line segments
v 2.247780 0.253533 3.344063
v 2.284011 0.249330 3.309864
l 6842 6843
v 0.936250 2.654587 4.689147
v 0.944315 2.703597 4.694890
l 6844 6845
v 0.935654 2.649850 4.692147
v 0.941359 2.630482 4.737889
l 6846 6847
v 0.938597 2.649980 4.686903
v 0.980991 2.632193 4.667246
l 6848 6849
v 0.933954 2.650643 4.687763
v 0.891332 2.640698 4.663588
l 6850 6851
v -1.048413 0.338639 4.628047
v -1.060794 0.291976 4.641056
l 6852 6853
v -2.250587 1.348673 4.516723
v -2.262359 1.305562 4.494298
l 6854 6855
v -2.757160 2.616400 4.468380
v -2.738238 2.591779 4.429191
l 6856 6857
v -2.060000 2.437430 4.507720
v -2.064370 2.474127 4.474042
l 6858 6859
v -2.062133 2.434867 4.511293
v -2.095809 2.398085 4.514906
l 6860 6861
v -2.059837 2.437930 4.514333
v -2.062712 2.479288 4.542285
l 6862 6863
v -2.057310 2.435303 4.511143
v -2.017977 2.404464 4.512503
l 6864 6865
v 1.728360 0.073103 2.885580
v 1.710388 0.104042 2.850655
l 6866 6867
v 1.548547 0.361137 2.866927
v 1.540687 0.399856 2.897571
l 6868 6869
v 0.446161 -0.059709 1.749930
v 0.483479 -0.034229 1.771334
l 6870 6871
v -1.036160 -0.083478 1.471837
v -1.069970 -0.085100 1.435036
l 6872 6873
v -1.130423 -0.074357 1.806307
v -1.178994 -0.083966 1.813273
l 6874 6875
v -2.636817 2.549513 4.476923
v -2.649149 2.581180 4.513600
l 6876 6877
v -2.632587 2.546550 4.474873
v -2.583273 2.538502 4.476720
l 6878 6879
v -2.636697 2.548980 4.471393
v -2.641231 2.572769 4.427650
l 6880 6881
v -2.637460 2.545027 4.474550
v -2.664960 2.503408 4.477967
l 6882 6883
v -1.377913 0.389558 4.595060
v -1.338548 0.389915 4.564234
l 6884 6885
v -0.854640 0.445130 4.639170
v -0.896284 0.426740 4.659849
l 6886 6887
v -0.851758 0.450265 4.638423
v -0.853109 0.496587 4.657198
l 6888 6889
v -0.852627 0.447278 4.634017
v -0.867127 0.448459 4.586180
l 6890 6891
v -0.850097 0.445814 4.637810
v -0.806514 0.422412 4.645080
l 6892 6893
v 1.141460 -0.046135 1.974897
v 1.142642 -0.079452 2.012160
l 6894 6895
v 1.722880 2.640043 4.813923
v 1.709204 2.683610 4.834293
l 6896 6897
v 1.444687 0.823098 2.824227
v 1.450077 0.825045 2.774556
l 6898 6899
v 1.441623 0.821039 2.827313
v 1.397467 0.823525 2.850638
l 6900 6901
v 1.446813 0.825124 2.828037
v 1.450165 0.865026 2.857980
l 6902 6903
v 1.446417 0.820269 2.827803
v 1.476904 0.780837 2.831757
l 6904 6905
v 2.197700 0.815609 3.457730
v 2.215529 0.858894 3.440164
l 6906 6907
v 2.133673 0.864203 3.065980
v 2.125422 0.814904 3.064758
l 6908 6909
v 1.149507 -0.040947 2.157917
v 1.196032 -0.041918 2.176206
l 6910 6911
v 1.145223 -0.037715 2.157947
v 1.122304 0.003295 2.175060
l 6912 6913
v 1.144927 -0.043701 2.158383
v 1.117235 -0.080588 2.177684
l 6914 6915
v 1.146703 -0.040885 2.154013
v 1.143726 -0.044369 2.104224
l 6916 6917
v 2.235060 0.451911 3.354210
v 2.235493 0.414825 3.387742
l 6918 6919
v 0.081151 1.406170 4.193190
v 0.097459 1.377724 4.230938
l 6920 6921
v 1.753070 1.655350 4.779430
v 1.737465 1.694077 4.751922
l 6922 6923
v 0.903325 -0.070241 1.296903
v 0.881432 -0.095732 1.333929
l 6924 6925
v 0.757506 -0.064828 1.451900
v 0.772704 -0.066280 1.404288
l 6926 6927
v 1.551030 0.831910 2.855517
v 1.556605 0.802725 2.895730
l 6928 6929
v 1.552530 0.831549 2.849397
v 1.573733 0.797009 2.820115
l 6930 6931
v 1.553053 0.835792 2.852403
v 1.578525 0.878657 2.856116
l 6932 6933
v 1.548527 0.833742 2.851543
v 1.502212 0.848100 2.839344
l 6934 6935
v -0.857969 0.247025 4.636250
v -0.877055 0.246428 4.590040
l 6936 6937
v 1.252980 -0.044940 1.795937
v 1.301065 -0.050833 1.783562
l 6938 6939
v 1.443473 0.051695 2.853180
v 1.399137 0.029289 2.847502
l 6940 6941
v 1.445997 0.056462 2.852720
v 1.445536 0.102708 2.833717
l 6942 6943
v 1.448730 0.051246 2.851960
v 1.483610 0.030000 2.823116
l 6944 6945
v 1.447180 0.053137 2.856600
v 1.458381 0.051909 2.905314
l 6946 6947
v 1.963047 0.861337 3.044517
v 1.927432 0.853969 3.010205
l 6948 6949
v 2.220043 0.752107 3.446573
v 2.229118 0.722585 3.407253
l 6950 6951
v 2.232797 0.547242 3.350707
v 2.199300 0.510140 3.349528
l 6952 6953
v 2.239417 0.546806 3.350567
v 2.267686 0.505640 3.348069
l 6954 6955
v 2.236327 0.549508 3.353307
v 2.239169 0.579938 3.392879
l 6956 6957
v 2.236240 0.549738 3.348540
v 2.237925 0.586252 3.314424
l 6958 6959
v -0.346458 0.845206 4.693933
v -0.387097 0.874295 4.695460
l 6960 6961
v -1.379893 0.416110 4.600643
v -1.337002 0.415761 4.626337
l 6962 6963
v -1.661750 -0.038458 4.534197
v -1.629100 -0.070958 4.514762
l 6964 6965
v -0.551281 0.443162 4.653293
v -0.551830 0.401365 4.625857
l 6966 6967
v 1.139780 2.433493 4.806020
v 1.107596 2.471497 4.810488
l 6968 6969
v 0.118619 0.438501 4.333483
v 0.122415 0.396255 4.307010
l 6970 6971
v -0.242773 0.602537 4.677407
v -0.253736 0.562883 4.705822
l 6972 6973
v -2.833693 0.234423 4.493607
v -2.802591 0.221358 4.456702
l 6974 6975
v -2.828407 0.222119 4.500237
v -2.807822 0.217854 4.454871
l 6976 6977
v -0.801296 1.328163 4.661000
v -0.833031 1.297304 4.684250
l 6978 6979
v -0.536267 0.660178 4.654670
v -0.493565 0.642952 4.674159
l 6980 6981
v -0.657557 0.276118 4.650963
v -0.696027 0.244552 4.655834
l 6982 6983
v -1.653800 2.546907 4.522147
v -1.642631 2.523312 4.479502
l 6984 6985
v -1.651030 2.550713 4.526133
v -1.606786 2.573617 4.530365
l 6986 6987
v -1.654163 2.546603 4.527587
v -1.661891 2.513668 4.564404
l 6988 6989
v -1.655947 2.550537 4.524943
v -1.695870 2.580623 4.523955
l 6990 6991
v 0.462481 -0.064531 1.668053
v 0.436983 -0.062758 1.625080
l 6992 6993
v 0.117048 0.347254 4.324430
v 0.119719 0.392330 4.345902
l 6994 6995
v -2.251523 1.052233 4.530337
v -2.215270 1.017828 4.531737
l 6996 6997
v -0.659895 0.054254 4.653553
v -0.667025 0.073779 4.699028
l 6998 6999
v -3.148993 0.161743 4.475503
v -3.185347 0.132019 4.492675
l 7000 7001
v -3.147320 0.167858 4.477277
v -3.167305 0.198006 4.511798
l 7002 7003
v -3.147767 0.165762 4.472703
v -3.149525 0.180123 4.424842
l 7004 7005
v -3.144740 0.163975 4.476017
v -3.096651 0.150370 4.477554
l 7006 7007
v -0.740099 -0.062842 2.115683
v -0.704258 -0.070581 2.149676
l 7008 7009
v -2.981210 2.442643 4.430203
v -3.012042 2.481587 4.435926
l 7010 7011
v -1.384217 0.400390 4.593453
v -1.378274 0.411937 4.545169
l 7012 7013
v -1.387537 0.391467 4.597247
v -1.435292 0.380274 4.587545
l 7014 7015
v -1.047943 0.044195 4.616373
v -1.038097 0.092434 4.625097
l 7016 7017
v -0.630168 -0.028503 4.583577
v -0.606428 -0.072399 4.586663
l 7018 7019
v -0.761026 0.348584 4.643170
v -0.743019 0.395220 4.642283
l 7020 7021
v -1.270107 0.717043 4.604387
v -1.287339 0.698045 4.647307
l 7022 7023
v -1.270187 0.715692 4.599080
v -1.233754 0.702051 4.567670
l 7024 7025
v -0.242078 0.603516 4.671180
v -0.245324 0.574775 4.630395
l 7026 7027
v -3.058833 0.148343 4.483240
v -3.042455 0.101119 4.484522
l 7028 7029
v -3.059747 0.151612 4.479823
v -3.040133 0.186477 4.449827
l 7030 7031
v -3.059910 0.151736 4.486480
v -3.041743 0.187723 4.516059
l 7032 7033
v -3.063010 0.150569 4.483097
v -3.110904 0.136240 4.482188
l 7034 7035
v -1.449183 0.041891 4.593013
v -1.489145 0.012231 4.588178
l 7036 7037
v -1.444393 0.041559 4.592420
v -1.411918 0.006210 4.578428
l 7038 7039
v 2.012227 1.561980 4.830663
v 2.039589 1.521475 4.841184
l 7040 7041
v -0.864273 0.945912 4.655883
v -0.880916 0.987172 4.678701
l 7042 7043
v -1.342870 0.246629 4.610190
v -1.307246 0.256844 4.643755
l 7044 7045
v 0.100388 0.364607 4.639687
v 0.117210 0.396089 4.604673
l 7046 7047
v -2.649540 0.071575 4.515253
v -2.628118 0.115861 4.524188
l 7048 7049
v -3.072927 0.579993 4.474970
v -3.108727 0.585378 4.509457
l 7050 7051
v -1.550583 0.754731 4.590747
v -1.598779 0.751760 4.577772
l 7052 7053
v -2.750973 0.667586 4.495043
v -2.742553 0.716872 4.495033
l 7054 7055
v -1.514563 1.341960 4.608220
v -1.491751 1.384441 4.621447
l 7056 7057
v -3.062017 0.287944 4.471043
v -3.013993 0.274331 4.473944
l 7058 7059
v -2.654540 0.553807 4.508227
v -2.695536 0.542798 4.534649
l 7060 7061
v -2.451943 1.153183 4.503640
v -2.491916 1.163041 4.475267
l 7062 7063
v -3.071060 0.577079 4.471330
v -3.049086 0.532385 4.466900
l 7064 7065
v -2.441713 0.256537 4.534290
v -2.404741 0.252303 4.567683
l 7066 7067
v -2.743597 0.253813 4.503040
v -2.696972 0.235766 4.503678
l 7068 7069
v -1.757987 1.344310 4.557123
v -1.716882 1.316525 4.563317
l 7070 7071
v -3.049593 0.043285 4.481503
v -3.057564 -0.004701 4.469937
l 7072 7073
v -3.203407 0.859913 4.446447
v -3.236729 0.897000 4.442680
l 7074 7075
v -2.750373 0.055745 4.508520
v -2.726062 0.012476 4.502449
l 7076 7077
v -2.944857 0.054506 4.489713
v -2.941967 0.015770 4.521196
l 7078 7079
v -2.980857 0.741246 4.469180
v -3.019624 0.751690 4.439381
l 7080 7081
v -2.980847 0.740824 4.475817
v -3.019522 0.747410 4.506814
l 7082 7083
v -2.977820 0.742919 4.472613
v -2.937318 0.772183 4.474413
l 7084 7085
v -2.978847 0.738271 4.472320
v -2.952420 0.695913 4.469587
l 7086 7087
v -2.759867 0.256206 4.498993
v -2.770957 0.208404 4.508583
l 7088 7089
v -2.767433 0.261236 4.494063
v -2.784794 0.224404 4.465047
l 7090 7091
v -3.143187 0.749579 4.460717
v -3.100997 0.745222 4.487194
l 7092 7093
v -3.151977 1.154240 4.455703
v -3.109450 1.130282 4.466541
l 7094 7095
v -2.537830 1.152977 4.502817
v -2.513326 1.196455 4.505838
l 7096 7097
v -2.987633 0.370485 4.492057
v -3.018132 0.330944 4.494572
l 7098 7099
v -2.982633 0.371919 4.493000
v -2.937587 0.362171 4.512386
l 7100 7101
v -2.985490 0.373853 4.488770
v -2.980745 0.388586 4.441226
l 7102 7103
v -2.971323 0.678577 4.472023
v -2.979798 0.715812 4.439747
l 7104 7105
v -2.651663 0.068227 4.517893
v -2.690824 0.051289 4.543961
l 7106 7107
v -1.752160 1.240613 4.557330
v -1.751703 1.220890 4.511387
l 7108 7109
v -1.563410 1.151640 4.585007
v -1.537642 1.108794 4.585416
l 7110 7111
v -2.970423 0.943279 4.468780
v -2.922225 0.941976 4.455542
l 7112 7113
v -3.145320 0.660301 4.465087
v -3.129057 0.700616 4.489789
l 7114 7115
v -3.149077 0.656554 4.464657
v -3.195625 0.644055 4.477963
l 7116 7117
v -3.144127 0.037588 4.472417
v -3.156601 -0.007828 4.489204
l 7118 7119
v -3.147160 0.273652 4.465430
v -3.158238 0.320505 4.451936
l 7120 7121
v -2.274727 2.239700 4.488047
v -2.285614 2.238399 4.536830
l 7122 7123
v -2.272380 2.242717 4.484893
v -2.273217 2.286088 4.460029
l 7124 7125
v -2.276080 2.237310 4.483923
v -2.311889 2.229592 4.449892
l 7126 7127
v -2.271443 2.238003 4.484977
v -2.230524 2.209440 4.488103
l 7128 7129
v -3.047910 0.946909 4.465147
v -3.046368 0.928800 4.418567
l 7130 7131
v -1.754263 2.336663 4.531277
v -1.791217 2.369863 4.536949
l 7132 7133
v -1.749480 2.335267 4.533323
v -1.707644 2.349790 4.556536
l 7134 7135
v -1.751313 2.334223 4.527487
v -1.731118 2.336441 4.481801
l 7136 7137
v -1.752813 2.331837 4.531683
v -1.771635 2.287622 4.545499
l 7138 7139
v -3.062870 0.367323 4.480030
v -3.034836 0.408687 4.478258
l 7140 7141
v -2.141670 0.448103 4.551723
v -2.106641 0.428735 4.581688
l 7142 7143
v -3.143830 0.855829 4.464643
v -3.176670 0.893292 4.460398
l 7144 7145
v -3.203183 0.854782 4.446467
v -3.234051 0.815612 4.442878
l 7146 7147
v -3.061217 -0.027349 4.473480
v -3.109145 -0.041242 4.476626
l 7148 7149
v -2.829463 0.642281 4.480780
v -2.788190 0.654280 4.455236
l 7150 7151
v -1.571123 0.953424 4.589053
v -1.580118 0.917405 4.622546
l 7152 7153
v -1.568377 0.953322 4.583163
v -1.548979 0.916244 4.555795
l 7154 7155
v -1.567707 0.956725 4.587003
v -1.535559 0.992221 4.601376
l 7156 7157
v -1.572073 0.955934 4.584980
v -1.609618 0.983624 4.566989
l 7158 7159
v -2.548807 0.751743 4.518967
v -2.553090 0.792437 4.547700
l 7160 7161
v -2.836650 0.258194 4.494577
v -2.868626 0.294082 4.480805
l 7162 7163
v -2.836147 0.849772 4.483200
v -2.869398 0.886463 4.476263
l 7164 7165
v -3.144100 0.851086 4.464770
v -3.179721 0.816066 4.462598
l 7166 7167
v -3.058960 0.752213 4.469677
v -3.032022 0.792327 4.482529
l 7168 7169
v -2.975533 0.940945 4.466760
v -2.993621 0.903639 4.438811
l 7170 7171
v -1.648210 0.748149 4.568257
v -1.683657 0.783410 4.567833
l 7172 7173
v -2.968163 0.676582 4.475447
v -2.921884 0.657755 4.477394
l 7174 7175
v -2.748177 0.252058 4.502563
v -2.772750 0.209000 4.496069
l 7176 7177
v -3.148317 0.747495 4.459253
v -3.178603 0.710212 4.473138
l 7178 7179
v -3.147737 0.752705 4.459187
v -3.169026 0.796084 4.472035
l 7180 7181
v -3.145800 0.749805 4.455623
v -3.131263 0.747575 4.407835
l 7182 7183
v -2.827003 0.223038 4.504853
v -2.807766 0.253371 4.539636
l 7184 7185
v -2.131753 2.343523 4.506157
v -2.163739 2.305820 4.498712
l 7186 7187
v -2.130713 2.346737 4.509737
v -2.145280 2.388073 4.533801
l 7188 7189
v -2.128617 2.346197 4.503463
v -2.123759 2.382520 4.469449
l 7190 7191
v -2.127297 2.344263 4.507583
v -2.089533 2.315191 4.522707
l 7192 7193
v -1.845190 0.056419 4.577373
v -1.805543 0.051943 4.607508
l 7194 7195
v -2.973960 0.942317 4.472353
v -2.984197 0.925086 4.518161
l 7196 7197
v -1.658457 1.650330 4.549147
v -1.655511 1.607742 4.523116
l 7198 7199
v -3.146043 0.657963 4.460360
v -3.147233 0.664836 4.410849
l 7200 7201
v -2.247863 2.601850 4.489270
v -2.258011 2.566734 4.455154
l 7202 7203
v -2.047190 1.748663 4.522000
v -2.078948 1.710302 4.517547
l 7204 7205
v -3.144060 0.654757 4.464287
v -3.110521 0.619735 4.476480
l 7206 7207
v -3.212177 0.949281 4.455220
v -3.235533 0.989627 4.473295
l 7208 7209
v -2.844907 2.150840 4.447207
v -2.803914 2.179125 4.451633
l 7210 7211
v -2.847980 2.148657 4.450217
v -2.856121 2.108259 4.478533
l 7212 7213
v -2.847363 2.148800 4.443590
v -2.849970 2.109684 4.412555
l 7214 7215
v -2.849560 2.151483 4.446787
v -2.879749 2.191293 4.444838
l 7216 7217
v -3.127750 2.531617 4.445347
v -3.099148 2.543810 4.484504
l 7218 7219
v -3.017450 2.616040 4.458437
v -3.032496 2.570530 4.472665
l 7220 7221
v -0.040261 0.755035 4.713883
v 0.003543 0.748365 4.737052
l 7222 7223
v -0.731900 0.812171 4.668467
v -0.697813 0.847944 4.676105
l 7224 7225
v -2.546383 2.625470 4.471643
v -2.581399 2.653262 4.494038
l 7226 7227
v -2.544750 2.623170 4.466590
v -2.554728 2.628098 4.417844
l 7228 7229
v -2.544583 2.620047 4.470727
v -2.551825 2.574178 4.489263
l 7230 7231
v -2.541413 2.624223 4.470500
v -2.494273 2.638383 4.479292
l 7232 7233
v -1.379347 0.390202 4.601373
v -1.357159 0.400486 4.644985
l 7234 7235
v -1.382990 0.401747 4.603990
v -1.341305 0.397858 4.631325
l 7236 7237
v -1.758890 1.348937 4.556947
v -1.732398 1.391209 4.560300
l 7238 7239
v -1.760303 1.346057 4.553407
v -1.795424 1.337877 4.518771
l 7240 7241
v -1.761250 1.346127 4.560003
v -1.804713 1.338539 4.583529
l 7242 7243
v -1.238863 -0.021920 4.559237
v -1.240121 0.027295 4.550503
l 7244 7245
v -1.762327 0.243337 4.585113
v -1.806102 0.238344 4.608753
l 7246 7247
v -1.029920 0.624429 4.619960
v -1.076333 0.642556 4.615806
l 7248 7249
v -3.057697 -0.025869 4.470000
v -3.045015 0.001666 4.430238
l 7250 7251
v -1.345180 0.248058 4.606170
v -1.381505 0.280426 4.594646
l 7252 7253
v -1.474317 0.238321 4.597137
v -1.480584 0.196813 4.569975
l 7254 7255
v -1.045313 0.454985 4.620457
v -1.056958 0.501291 4.605621
l 7256 7257
v -2.350937 0.160133 4.541610
v -2.387445 0.126453 4.535888
l 7258 7259
v 1.150740 1.846743 4.829270
v 1.187908 1.814866 4.839387
l 7260 7261
v 2.235927 0.452464 3.256377
v 2.232132 0.501600 3.247930
l 7262 7263
v 0.092435 1.425210 4.214970
v 0.139128 1.430501 4.197889
l 7264 7265
v 0.106243 1.434623 4.226410
v 0.117314 1.419702 4.179990
l 7266 7267
v -1.180487 0.699455 4.596373
v -1.202728 0.657727 4.580124
l 7268 7269
v -2.655420 2.619497 4.468070
v -2.618697 2.653423 4.468761
l 7270 7271
v 1.445300 1.651383 4.854853
v 1.400884 1.673348 4.848161
l 7272 7273
v 0.731874 2.564843 4.673513
v 0.769037 2.583628 4.701192
l 7274 7275
v 0.729812 2.564343 4.669193
v 0.736767 2.535882 4.628677
l 7276 7277
v 0.727019 2.568070 4.670413
v 0.718388 2.617294 4.668837
l 7278 7279
v 0.726955 2.563973 4.673280
v 0.693470 2.532456 4.692913
l 7280 7281
v 2.079477 2.581940 4.655543
v 2.046665 2.574657 4.692562
l 7282 7283
v 1.036143 2.644693 4.766127
v 1.060976 2.606440 4.745633
l 7284 7285
v -1.946607 2.043103 4.518673
v -1.955412 2.004339 4.488345
l 7286 7287
v -1.148957 -0.073437 1.736863
v -1.187519 -0.048193 1.756247
l 7288 7289
v -1.554120 1.554597 4.584010
v -1.577392 1.596664 4.570273
l 7290 7291
v -1.552180 1.552197 4.588337
v -1.527243 1.557288 4.631374
l 7292 7293
v -1.550427 1.551187 4.582273
v -1.506414 1.545320 4.559285
l 7294 7295
v -1.554383 1.549800 4.584730
v -1.589222 1.514175 4.580590
l 7296 7297
v -2.534613 2.441687 4.467297
v -2.528368 2.416501 4.424557
l 7298 7299
v -1.521247 1.738807 4.598023
v -1.528825 1.730893 4.549239
l 7300 7301
v -1.455707 2.262287 4.591017
v -1.437510 2.306403 4.605938
l 7302 7303
v 0.857458 1.643923 4.740017
v 0.829803 1.602427 4.743663
l 7304 7305
v -3.205813 1.067460 4.448380
v -3.234093 1.108694 4.448184
l 7306 7307
v -2.746380 1.949183 4.452920
v -2.707040 1.950689 4.422097
l 7308 7309
v 0.548595 1.664680 4.704157
v 0.537747 1.713486 4.703610
l 7310 7311
v -2.244843 2.603573 4.492793
v -2.202868 2.598224 4.519428
l 7312 7313
v -2.250737 2.603900 4.494210
v -2.283127 2.588997 4.529263
l 7314 7315
v -2.248277 2.606457 4.490847
v -2.250628 2.652088 4.470543
l 7316 7317
v -1.254417 0.348342 4.609273
v -1.275383 0.392605 4.619333
l 7318 7319
v -2.466990 2.447987 4.468270
v -2.439573 2.406199 4.466831
l 7320 7321
v -2.958510 1.564547 4.451823
v -3.000020 1.539176 4.463366
l 7322 7323
v -2.743263 2.140747 4.456670
v -2.769460 2.098184 4.455209
l 7324 7325
v -3.143383 1.945020 4.437033
v -3.108185 1.980527 4.437620
l 7326 7327
v -2.650863 2.158773 4.463237
v -2.650833 2.196248 4.430136
l 7328 7329
v -3.247203 2.447203 4.427830
v -3.230256 2.446729 4.380792
l 7330 7331
v -3.250073 2.449357 4.431333
v -3.282071 2.485624 4.444017
l 7332 7333
v -3.244770 2.447450 4.433263
v -3.203771 2.461921 4.457956
l 7334 7335
v -3.248683 2.444480 4.431883
v -3.268674 2.399983 4.442856
l 7336 7337
v -2.657567 2.615837 4.471060
v -2.652308 2.577159 4.502307
l 7338 7339
v -2.658033 2.616470 4.464763
v -2.657982 2.584819 4.426057
l 7340 7341
v -2.660510 2.619077 4.468407
v -2.701091 2.647686 4.474292
l 7342 7343
v -3.053857 1.955143 4.440943
v -3.064018 2.003809 4.435610
l 7344 7345
v -3.123020 2.456877 4.434877
v -3.158337 2.421839 4.429864
l 7346 7347
v -3.052510 1.741537 4.444577
v -3.049362 1.699939 4.472139
l 7348 7349
v -2.843487 2.424730 4.452950
v -2.830658 2.390300 4.486861
l 7350 7351
v -3.157330 2.351337 4.427487
v -3.200289 2.350075 4.401934
l 7352 7353
v -3.155763 2.352737 4.433487
v -3.181469 2.366914 4.473962
l 7354 7355
v -3.153180 2.354360 4.429063
v -3.123906 2.391471 4.412760
l 7356 7357
v -3.153777 2.349767 4.430293
v -3.124844 2.309035 4.432243
l 7358 7359
v -3.302137 2.125370 4.418980
v -3.323325 2.082052 4.432194
l 7360 7361
v -2.847563 2.248673 4.449830
v -2.865859 2.205507 4.467207
l 7362 7363
v -2.623763 2.341250 4.468707
v -2.649465 2.298818 4.462464
l 7364 7365
v -2.842477 2.424610 4.446393
v -2.820222 2.389045 4.419193
l 7366 7367
v -2.846410 2.425830 4.449120
v -2.894537 2.437046 4.441501
l 7368 7369
v -2.842217 2.427990 4.449727
v -2.826425 2.475405 4.451291
l 7370 7371
v -2.187330 2.271583 4.498850
v -2.147276 2.252784 4.522137
l 7372 7373
v -2.192213 2.273077 4.499890
v -2.236023 2.261606 4.521082
l 7374 7375
v -2.189593 2.271557 4.494157
v -2.206138 2.244256 4.455674
l 7376 7377
v -2.189313 2.275543 4.496893
v -2.176118 2.323312 4.490259
l 7378 7379
v -2.744130 2.534940 4.470577
v -2.786311 2.539502 4.497034
l 7380 7381
v -2.469330 2.450827 4.465067
v -2.510059 2.456671 4.436659
l 7382 7383
v -2.532763 2.440643 4.473030
v -2.522582 2.402837 4.504127
l 7384 7385
v -2.537520 2.443610 4.470587
v -2.583709 2.453098 4.487217
l 7386 7387
v -2.532793 2.444850 4.470547
v -2.505979 2.487041 4.469572
l 7388 7389
v -2.468977 2.450830 4.471703
v -2.506448 2.456704 4.504283
l 7390 7391
v -2.466283 2.452717 4.468230
v -2.426578 2.483030 4.466101
l 7392 7393
v -2.556503 2.546270 4.471073
v -2.591388 2.510499 4.472953
l 7394 7395
v -2.849837 1.852053 4.450800
v -2.814509 1.887114 4.455565
l 7396 7397
v 0.049034 -0.104503 0.443369
v 0.016708 -0.142107 0.436969
l 7398 7399
v -2.846520 2.546210 4.450700
v -2.885735 2.571388 4.432582
l 7400 7401
v -2.146707 2.458860 4.491127
v -2.136836 2.503841 4.471650
l 7402 7403
v -1.348390 0.730919 4.602237
v -1.385631 0.762968 4.611510
l 7404 7405
v -2.974793 2.342133 4.434660
v -3.013978 2.351793 4.405144
l 7406 7407
v -2.972180 2.343050 4.438753
v -2.977454 2.338655 4.488280
l 7408 7409
v -2.969197 2.345333 4.435540
v -2.951710 2.387410 4.414953
l 7410 7411
v -2.970030 2.340323 4.435007
v -2.944647 2.297766 4.428332
l 7412 7413
v -2.088670 2.554183 4.494950
v -2.061568 2.596181 4.496237
l 7414 7415
v -2.554710 2.549397 4.474153
v -2.556637 2.590143 4.503067
l 7416 7417
v -2.554460 2.548810 4.467630
v -2.553938 2.583744 4.431863
l 7418 7419
v -2.351830 2.553903 4.480663
v -2.339625 2.598719 4.499172
l 7420 7421
v 1.212247 1.565767 4.855000
v 1.180946 1.594118 4.881767
l 7422 7423
v -2.325123 2.604267 4.476290
v -2.326124 2.554434 4.480251
l 7424 7425
v -2.453370 2.610230 4.466120
v -2.416657 2.643090 4.457612
l 7426 7427
v -2.140677 2.431090 4.500150
v -2.139889 2.386096 4.521943
l 7428 7429
v -2.551767 2.546373 4.471243
v -2.510381 2.518615 4.475326
l 7430 7431
v -2.455473 2.607797 4.470033
v -2.449414 2.575033 4.507314
l 7432 7433
v -2.456093 2.606813 4.463560
v -2.456141 2.564364 4.437139
l 7434 7435
v -2.458163 2.609920 4.466627
v -2.496846 2.641581 4.465522
l 7436 7437
v -2.247830 2.560477 4.494543
v -2.205672 2.562174 4.521374
l 7438 7439
v -2.252383 2.563730 4.492643
v -2.275188 2.605934 4.506741
l 7440 7441
v 2.513470 1.849297 4.757617
v 2.472276 1.876900 4.764030
l 7442 7443
v -2.257240 0.749193 4.534570
v -2.221352 0.783962 4.536346
l 7444 7445
v -1.714837 2.539933 4.520930
v -1.681324 2.544144 4.484063
l 7446 7447
v -2.051557 1.849863 4.525437
v -2.052796 1.809763 4.555277
l 7448 7449
v 0.051574 0.252163 4.706013
v 0.088063 0.265892 4.737319
l 7450 7451
v 0.047147 0.243522 4.707740
v 0.011968 0.239000 4.742982
l 7452 7453
v 1.875657 1.842770 4.799797
v 1.907991 1.876133 4.818275
l 7454 7455
v 1.361473 1.557043 4.844140
v 1.407796 1.540222 4.835698
l 7456 7457
v -0.651073 0.809939 4.667683
v -0.666963 0.774926 4.635721
l 7458 7459
v 1.885987 1.748997 4.803100
v 1.871538 1.701549 4.809422
l 7460 7461
v 1.651287 1.564407 4.871297
v 1.695774 1.560931 4.893853
l 7462 7463
v 2.241433 0.257729 3.261377
v 2.209359 0.295932 3.264810
l 7464 7465
v 0.753308 -0.064766 1.454090
v 0.705422 -0.065289 1.439715
l 7466 7467
v -0.754546 0.560854 4.644187
v -0.752014 0.604345 4.668725
l 7468 7469
v -0.759607 0.556530 4.644230
v -0.802715 0.561026 4.669159
l 7470 7471
v -0.754805 0.556038 4.644607
v -0.722743 0.518598 4.652985
l 7472 7473
v -0.756726 0.558249 4.640887
v -0.753292 0.553732 4.591210
l 7474 7475
v -0.863357 1.440780 4.643617
v -0.815565 1.426642 4.647624
l 7476 7477
v 1.143470 2.051420 4.826407
v 1.184523 2.079319 4.832433
l 7478 7479
v -0.763939 -0.083411 1.350423
v -0.745997 -0.094014 1.395873
l 7480 7481
v 0.750780 -0.056128 1.652793
v 0.739053 -0.031629 1.610814
l 7482 7483
v 1.915857 1.762087 4.797143
v 1.904187 1.799218 4.765757
l 7484 7485
v 1.913163 1.759873 4.801370
v 1.914771 1.759644 4.851344
l 7486 7487
v 1.750847 0.823992 2.890513
v 1.791662 0.849811 2.903455
l 7488 7489
v 1.087987 2.690787 4.811380
v 1.108251 2.704534 4.854973
l 7490 7491
v 1.083083 2.696490 4.807630
v 1.095358 2.698852 4.759218
l 7492 7493
v 2.631103 1.827117 4.838757
v 2.616127 1.779779 4.832851
l 7494 7495
v 2.233380 0.648287 3.243437
v 2.235995 0.598840 3.250379
l 7496 7497
v 1.650640 0.348937 2.889363
v 1.689257 0.379832 2.881998
l 7498 7499
v -1.369020 0.020686 4.593400
v -1.409883 -0.007701 4.588462
l 7500 7501
v -0.661062 -0.072759 1.538467
v -0.660958 -0.044808 1.497010
l 7502 7503
v 0.118112 0.534431 4.337140
v 0.117542 0.580563 4.356415
l 7504 7505
v -0.520798 -0.019701 4.618383
v -0.548112 -0.040663 4.654640
l 7506 7507
v -0.519758 -0.013811 4.616377
v -0.535327 0.031710 4.629993
l 7508 7509
v -0.520644 -0.018106 4.613227
v -0.538637 -0.030273 4.568191
l 7510 7511
v -0.516874 -0.017731 4.616283
v -0.467735 -0.026870 4.614927
l 7512 7513
v -0.864564 0.163462 4.641367
v -0.862174 0.204469 4.669874
l 7514 7515
v 0.162550 0.310418 3.507523
v 0.158468 0.331144 3.552842
l 7516 7517
v 0.166014 0.309885 3.503493
v 0.202342 0.330649 3.476123
l 7518 7519
v 0.159713 0.309533 3.503087
v 0.125124 0.326338 3.471130
l 7520 7521
v 0.162954 0.306236 3.504887
v 0.165159 0.256997 3.513295
l 7522 7523
v -0.244324 0.606624 4.674650
v -0.275907 0.645302 4.677208
l 7524 7525
v -0.239318 0.605515 4.675033
v -0.195394 0.627870 4.683452
l 7526 7527
v 0.716526 2.204767 4.701057
v 0.716076 2.234311 4.660721
l 7528 7529
v 0.087998 1.435790 4.228183
v 0.052911 1.466603 4.210310
l 7530 7531
v 0.089164 1.431180 4.229943
v 0.076934 1.401149 4.268003
l 7532 7533
v 0.956418 -0.058389 1.436060
v 0.973147 -0.015970 1.415547
l 7534 7535
v 1.853143 0.053920 2.905057
v 1.901167 0.067701 2.907014
l 7536 7537
v 1.201510 -0.041448 2.399410
v 1.234887 -0.066984 2.372320
l 7538 7539
v 0.539676 2.032957 4.693143
v 0.535319 2.026369 4.742516
l 7540 7541
v -1.658423 2.045270 4.541420
v -1.639576 2.000854 4.528305
l 7542 7543
v -1.664633 2.337960 4.535310
v -1.701952 2.305802 4.526754
l 7544 7545
v 1.343933 1.769437 4.832477
v 1.305053 1.738177 4.835825
l 7546 7547
v 1.757793 1.652850 4.781183
v 1.807186 1.650950 4.773652
l 7548 7549
v 0.903647 -0.067860 1.292650
v 0.885407 -0.072883 1.246368
l 7550 7551
v -1.714323 2.540777 4.527380
v -1.675586 2.553612 4.556270
l 7552 7553
v -1.570870 2.435187 4.562417
v -1.584489 2.482868 4.556015
l 7554 7555
v -3.083140 2.556867 4.439473
v -3.047995 2.528937 4.417456
l 7556 7557
v -3.084683 2.562457 4.440413
v -3.072372 2.608330 4.424790
l 7558 7559
v -3.084697 2.559063 4.444697
v -3.072585 2.554289 4.492972
l 7560 7561
v -3.087610 2.558503 4.440757
v -3.135338 2.546897 4.431414
l 7562 7563
v -2.147717 2.557240 4.492517
v -2.153220 2.606694 4.497415
l 7564 7565
v -2.090630 2.550903 4.498187
v -2.081337 2.515278 4.532016
l 7566 7567
v -2.250017 2.561117 4.489090
v -2.232345 2.558573 4.442386
l 7568 7569
v -2.252360 2.558567 4.492933
v -2.283191 2.519992 4.500769
l 7570 7571
v -1.855447 2.430517 4.509097
v -1.863958 2.390503 4.480348
l 7572 7573
v -1.992737 2.386853 4.504670
v -2.027276 2.390864 4.540600
l 7574 7575
v -1.975327 2.416240 4.496973
v -1.961981 2.413731 4.448853
l 7576 7577
v -1.971257 2.426017 4.500167
v -2.004449 2.455037 4.523749
l 7578 7579
v -2.656167 1.849200 4.468447
v -2.692757 1.816355 4.459372
l 7580 7581
v -2.654430 1.851870 4.472303
v -2.663373 1.889494 4.503996
l 7582 7583
v -2.653063 1.852133 4.465840
v -2.649073 1.892253 4.436268
l 7584 7585
v -2.651560 1.849467 4.469430
v -2.614754 1.816240 4.475859
l 7586 7587
v -2.849827 1.943513 4.454313
v -2.849084 1.924988 4.500749
l 7588 7589
v -2.624620 2.346107 4.468917
v -2.663853 2.376941 4.465748
l 7590 7591
v -2.643160 2.456617 4.472250
v -2.639092 2.480277 4.516109
l 7592 7593
v -3.054543 2.045127 4.444373
v -3.024904 2.004897 4.442617
l 7594 7595
v -2.653490 2.244800 4.460043
v -2.613437 2.274493 4.463790
l 7596 7597
v -3.060523 2.440937 4.441760
v -3.073987 2.440402 4.489910
l 7598 7599
v -2.760643 2.617870 4.471593
v -2.810491 2.621288 4.473472
l 7600 7601
v -3.014240 2.619730 4.457710
v -2.965449 2.628303 4.464488
l 7602 7603
v -2.827770 1.443987 4.462940
v -2.780875 1.449591 4.446524
l 7604 7605
v -2.761553 2.346900 4.449370
v -2.730457 2.385680 4.454763
l 7606 7607
v -3.126713 2.529910 4.439430
v -3.086264 2.522623 4.410956
l 7608 7609
v -2.741970 2.143893 4.460057
v -2.708638 2.154441 4.495802
l 7610 7611
v -0.942699 -0.068212 1.939310
v -0.953602 -0.064022 1.987927
l 7612 7613
v -0.942025 -0.065194 1.935550
v -0.963421 -0.036336 1.900774
l 7614 7615
v -0.942280 -0.071814 1.936063
v -0.966018 -0.103958 1.906009
l 7616 7617
v -0.938746 -0.068575 1.936577
v -0.889377 -0.069869 1.944388
l 7618 7619
v -2.550067 2.047513 4.470480
v -2.548233 2.009026 4.438615
l 7620 7621
v -2.652053 2.046870 4.462497
v -2.690121 2.076261 4.448822
l 7622 7623
v -2.650097 2.041700 4.461887
v -2.660571 1.998179 4.439612
l 7624 7625
v -2.649463 2.044443 4.466020
v -2.640590 2.042003 4.515166
l 7626 7627
v -2.646567 2.046077 4.461467
v -2.603967 2.064404 4.442775
l 7628 7629
v -3.147070 1.348547 4.444153
v -3.151558 1.306451 4.417548
l 7630 7631
v -3.150063 1.448557 4.442720
v -3.128063 1.404201 4.449686
l 7632 7633
v -3.148360 0.956437 4.458663
v -3.139115 1.003372 4.473211
l 7634 7635
v -3.149953 0.953285 4.454857
v -3.166413 0.949215 4.407819
l 7636 7637
v -3.151957 0.951990 4.460307
v -3.193946 0.942502 4.485740
l 7638 7639
v -3.147240 0.951561 4.458693
v -3.107477 0.922228 4.466341
l 7640 7641
v -0.743945 -0.079968 1.440037
v -0.770236 -0.081087 1.397522
l 7642 7643
v -0.742492 -0.083185 1.443330
v -0.755520 -0.109395 1.483868
l 7644 7645
v -0.742014 -0.076561 1.442860
v -0.750752 -0.043328 1.479182
l 7646 7647
v -0.739406 -0.080203 1.441343
v -0.695796 -0.085050 1.417371
l 7648 7649
v -3.206740 1.435927 4.440910
v -3.169598 1.441122 4.473978
l 7650 7651
v -3.051593 1.841893 4.448097
v -3.046769 1.802726 4.478799
l 7652 7653
v -3.051057 1.841953 4.441473
v -3.041306 1.803353 4.411225
l 7654 7655
v -3.049353 1.844907 4.444973
v -3.018887 1.884452 4.447800
l 7656 7657
v -3.054037 1.844027 4.444587
v -3.095578 1.871678 4.441471
l 7658 7659
v -1.749493 1.242517 4.561210
v -1.704659 1.254436 4.579859
l 7660 7661
v -2.353210 0.753219 4.527013
v -2.355579 0.772504 4.573084
l 7662 7663
v -3.244263 2.135987 4.422603
v -3.241112 2.131161 4.372937
l 7664 7665
v -3.243010 2.133480 4.427057
v -3.237554 2.090752 4.452444
l 7666 7667
v -3.247333 2.137827 4.426360
v -3.293063 2.146985 4.444385
l 7668 7669
v -3.242153 2.138637 4.426610
v -3.208312 2.173957 4.436966
l 7670 7671
v -3.043170 1.152637 4.464270
v -3.016343 1.145243 4.505811
l 7672 7673
v -3.046157 1.150180 4.460357
v -3.063601 1.106336 4.443821
l 7674 7675
v -3.042800 1.154493 4.458957
v -3.011114 1.171392 4.424165
l 7676 7677
v -3.047133 1.155120 4.461867
v -3.084627 1.187074 4.470422
l 7678 7679
v -2.552440 1.651877 4.485730
v -2.560050 1.610098 4.512123
l 7680 7681
v -3.054040 0.856900 4.468220
v -3.049167 0.878946 4.423608
l 7682 7683
v -3.056920 0.854757 4.471543
v -3.102503 0.839323 4.485106
l 7684 7685
v -3.052957 0.858724 4.473937
v -3.052038 0.900372 4.501588
l 7686 7687
v -3.052103 0.854414 4.471900
v -3.018591 0.817697 4.477265
l 7688 7689
v -2.548243 1.550807 4.490783
v -2.510179 1.579319 4.506215
l 7690 7691
v -3.130330 2.529070 4.442333
v -3.164313 2.492676 4.446877
l 7692 7693
v -3.135880 1.842940 4.434410
v -3.093598 1.841876 4.407744
l 7694 7695
v -2.954940 2.036297 4.443740
v -2.913673 2.049666 4.468605
l 7696 7697
v -2.737507 2.456490 4.456757
v -2.739977 2.500796 4.433717
l 7698 7699
v -3.042190 2.357990 4.443660
v -3.055826 2.405691 4.449881
l 7700 7701
v -3.136490 1.843197 4.441023
v -3.099778 1.844486 4.474943
l 7702 7703
v -3.138723 1.845590 4.437387
v -3.171211 1.883335 4.432925
l 7704 7705
v -3.138727 1.840863 4.437570
v -3.173819 1.805296 4.435714
l 7706 7707
v -2.947847 1.845857 4.440183
v -2.901086 1.854543 4.424756
l 7708 7709
v -2.648593 1.748840 4.474137
v -2.612198 1.715032 4.479831
l 7710 7711
v -2.649097 1.658270 4.475953
v -2.685112 1.623634 4.474154
l 7712 7713
v -2.747600 1.853167 4.462603
v -2.751782 1.895797 4.488393
l 7714 7715
v -2.353120 1.249303 4.515737
v -2.354014 1.208975 4.545280
l 7716 7717
v -3.150800 1.761297 4.436687
v -3.194871 1.737693 4.437493
l 7718 7719
v -3.147723 1.763080 4.439957
v -3.136859 1.801449 4.470119
l 7720 7721
v -3.147870 1.763127 4.433303
v -3.138372 1.801914 4.403214
l 7722 7723
v -3.146177 1.760077 4.436573
v -3.120419 1.717231 4.435705
l 7724 7725
v -2.951600 1.938770 4.444850
v -2.911761 1.945151 4.474382
l 7726 7727
v -2.951557 1.938623 4.438190
v -2.911328 1.943719 4.408937
l 7728 7729
v -2.954317 1.940737 4.441457
v -2.993657 1.971582 4.440521
l 7730 7731
v -2.953647 1.936060 4.441563
v -2.983525 1.895975 4.442252
l 7732 7733
v -3.056547 2.047967 4.441160
v -3.052203 2.087378 4.410699
l 7734 7735
v -2.843773 2.252840 4.452227
v -2.805473 2.255613 4.484249
l 7736 7737
v -3.155103 2.118630 4.431950
v -3.200747 2.138863 4.429253
l 7738 7739
v -3.036733 2.143633 4.445280
v -2.996461 2.140392 4.474735
l 7740 7741
v -3.036930 2.144177 4.438667
v -2.998489 2.145964 4.406743
l 7742 7743
v -3.039373 2.146473 4.442260
v -3.071255 2.184772 4.446355
l 7744 7745
v -3.039473 2.141717 4.441873
v -3.075091 2.106672 4.440053
l 7746 7747
v -2.849710 1.941337 4.448547
v -2.847576 1.896769 4.425982
l 7748 7749
v -2.847160 1.945700 4.450247
v -2.807748 1.974741 4.440082
l 7750 7751
v -2.852313 1.945460 4.450233
v -2.892321 1.973242 4.438938
l 7752 7753
v -3.017457 2.619620 4.453957
v -3.032613 2.623452 4.406464
l 7754 7755
v -3.130447 2.533593 4.441010
v -3.152951 2.575289 4.425040
l 7756 7757
v -2.981690 2.438017 4.429077
v -3.003599 2.400021 4.405070
l 7758 7759
v -2.841673 2.545577 4.451163
v -2.800712 2.574237 4.452042
l 7760 7761
v -3.044163 2.353660 4.443240
v -3.090686 2.335339 4.443184
l 7762 7763
v -3.154080 2.247333 4.433777
v -3.153916 2.288645 4.405611
l 7764 7765
v -3.242457 2.267687 4.431220
v -3.253212 2.306446 4.460919
l 7766 7767
v -3.261733 2.357520 4.432187
v -3.272537 2.331958 4.473778
l 7768 7769
v -3.232380 2.506077 4.407790
v -3.213339 2.475721 4.372919
l 7770 7771
v -3.233660 2.511120 4.408707
v -3.226368 2.559681 4.399289
l 7772 7773
v -3.232297 2.507070 4.412977
v -3.208087 2.505269 4.456688
l 7774 7775
v -3.236873 2.507243 4.410327
v -3.285092 2.494418 4.413558
l 7776 7777
v -2.651533 2.159193 4.469833
v -2.657658 2.200521 4.497302
l 7778 7779
v -3.259137 2.356610 4.426967
v -3.242714 2.319965 4.397177
l 7780 7781
v -2.954917 2.252587 4.436117
v -2.998922 2.248328 4.459470
l 7782 7783
v -2.952067 2.255450 4.433473
v -2.920183 2.292925 4.442362
l 7784 7785
v -2.953930 2.253300 4.429570
v -2.989045 2.255452 4.394041
l 7786 7787
v -2.951867 2.250733 4.432990
v -2.915673 2.216278 4.434691
l 7788 7789
v -3.302553 2.324290 4.424390
v -3.317319 2.276565 4.426477
l 7790 7791
v -3.234467 1.949990 4.430253
v -3.271068 1.983877 4.426789
l 7792 7793
v -3.151940 2.244253 4.436787
v -3.115953 2.209702 4.433454
l 7794 7795
v -2.738107 2.455403 4.463300
v -2.745905 2.490021 4.498525
l 7796 7797
v -2.735100 2.453813 4.459920
v -2.694848 2.424178 4.458689
l 7798 7799
v -2.739787 2.453283 4.459403
v -2.770436 2.414863 4.450212
l 7800 7801
v -2.843203 2.541527 4.448847
v -2.845630 2.501304 4.419245
l 7802 7803
v -2.844603 2.543357 4.454420
v -2.851758 2.520850 4.498491
l 7804 7805
v -3.018543 2.621630 4.459237
v -3.048694 2.652768 4.484164
l 7806 7807
v -2.446367 2.138743 4.479233
v -2.448123 2.115520 4.523478
l 7808 7809
v -3.232197 1.770530 4.425003
v -3.243313 1.750279 4.380660
l 7810 7811
v -2.752437 2.243170 4.458030
v -2.717107 2.207823 4.459574
l 7812 7813
v -3.143487 1.650223 4.435440
v -3.141485 1.698327 4.448933
l 7814 7815
v -2.749160 1.951400 4.456213
v -2.784649 1.986620 4.456032
l 7816 7817
v -2.552717 2.049903 4.473720
v -2.588453 2.084851 4.472478
l 7818 7819
v -2.550603 2.047200 4.477107
v -2.553631 2.005886 4.505106
l 7820 7821
v -2.547943 2.049813 4.474103
v -2.511642 2.083894 4.478655
l 7822 7823
v -2.545683 2.148907 4.469000
v -2.501098 2.148217 4.446380
l 7824 7825
v -1.562223 2.138647 4.571087
v -1.544395 2.179334 4.594038
l 7826 7827
v -1.563107 2.136453 4.565703
v -1.551442 2.146925 4.518224
l 7828 7829
v -1.567290 2.136250 4.569313
v -1.616475 2.143695 4.574351
l 7830 7831
v -1.563040 2.134070 4.569877
v -1.547333 2.089265 4.585554
l 7832 7833
v -2.554043 1.943003 4.478220
v -2.589656 1.977377 4.471138
l 7834 7835
v 0.115047 0.441325 4.334937
v 0.068084 0.451638 4.348653
l 7836 7837
v -2.142920 1.746653 4.513343
v -2.097507 1.746196 4.492429
l 7838 7839
v -2.051353 1.455293 4.534773
v -2.017528 1.418756 4.539346
l 7840 7841
v -1.557667 1.748057 4.579290
v -1.565136 1.795699 4.566082
l 7842 7843
v -1.558157 1.745060 4.583407
v -1.545111 1.736714 4.630948
l 7844 7845
v -1.554890 1.744023 4.577820
v -1.509240 1.725334 4.569649
l 7846 7847
v -1.559527 1.743630 4.579023
v -1.600350 1.722818 4.559015
l 7848 7849
v -2.359890 1.738500 4.494933
v -2.408560 1.727582 4.491467
l 7850 7851
v -2.145267 1.654503 4.517363
v -2.121416 1.652094 4.473484
l 7852 7853
v -2.148590 1.657710 4.520210
v -2.163437 1.704525 4.529585
l 7854 7855
v -2.144470 1.653693 4.522670
v -2.111715 1.654106 4.560445
l 7856 7857
v -2.148743 1.652793 4.520397
v -2.183571 1.616919 4.520149
l 7858 7859
v -1.958970 2.431903 4.510990
v -1.963344 2.398610 4.548036
l 7860 7861
v -1.961997 2.435663 4.508053
v -2.008615 2.451481 4.499306
l 7862 7863
v -1.957233 2.435753 4.508697
v -1.922775 2.470766 4.518011
l 7864 7865
v 1.034983 2.647233 4.770030
v 1.057162 2.682067 4.798221
l 7866 7867
v -0.854877 1.343103 4.643947
v -0.826907 1.348850 4.602902
l 7868 7869
v -1.336287 0.441625 4.604520
v -1.369441 0.468774 4.630283
l 7870 7871
v -1.246713 0.598189 4.596133
v -1.292337 0.586749 4.579175
l 7872 7873
v -1.258530 0.551897 4.606133
v -1.304962 0.570256 4.603482
l 7874 7875
v -1.254960 0.550111 4.603043
v -1.223612 0.558157 4.564931
l 7876 7877
v -1.256163 0.547666 4.607187
v -1.267742 0.500969 4.620800
l 7878 7879
v 0.115034 1.434910 4.233217
v 0.136620 1.390943 4.243264
l 7880 7881
v -1.743773 2.151723 4.524560
v -1.740582 2.119661 4.486326
l 7882 7883
v -2.462313 1.360930 4.494613
v -2.417763 1.364099 4.472136
l 7884 7885
v -2.450413 1.359970 4.499933
v -2.443176 1.363174 4.450564
l 7886 7887
v -0.258333 0.544309 4.674647
v -0.230599 0.585909 4.674117
l 7888 7889
v -3.045660 1.046087 4.463167
v -3.001484 1.054426 4.441281
l 7890 7891
v -3.046940 1.045730 4.469680
v -3.014465 1.050799 4.507359
l 7892 7893
v -3.048327 1.043077 4.465870
v -3.074739 1.001286 4.458391
l 7894 7895
v -3.049173 1.047807 4.465963
v -3.088939 1.077477 4.459773
l 7896 7897
v -0.866564 1.143523 4.649297
v -0.818631 1.138771 4.662705
l 7898 7899
v -2.360250 1.660843 4.504793
v -2.376946 1.658374 4.551859
l 7900 7901
v -1.447287 0.713565 4.593833
v -1.416727 0.694557 4.628544
l 7902 7903
v -1.153080 0.345491 4.621557
v -1.180086 0.337400 4.662851
l 7904 7905
v -2.947503 0.056736 4.486253
v -2.988207 0.085708 4.484295
l 7906 7907
v -1.150140 0.450640 4.616217
v -1.190034 0.420690 4.612829
l 7908 7909
v -1.352490 -0.036406 4.557827
v -1.394732 -0.057481 4.541350
l 7910 7911
v -1.254203 0.343625 4.609650
v -1.287687 0.306504 4.610584
l 7912 7913
v -1.642427 0.656705 4.569530
v -1.602101 0.657112 4.539972
l 7914 7915
v -1.342080 0.245221 4.603743
v -1.299214 0.242507 4.578147
l 7916 7917
v -1.242720 0.043441 4.605163
v -1.243997 0.018779 4.561687
l 7918 7919
v -1.049553 0.247698 4.623280
v -1.056211 0.208637 4.592786
l 7920 7921
v -1.049953 0.247694 4.629923
v -1.060224 0.208588 4.659339
l 7922 7923
v -1.051657 0.250665 4.626490
v -1.081052 0.291073 4.624742
l 7924 7925
v -1.047057 0.249665 4.626767
v -1.005062 0.276683 4.629310
l 7926 7927
v -0.948592 0.149984 4.637193
v -0.952270 0.189663 4.667393
l 7928 7929
v -0.944484 0.146022 4.635090
v -0.901618 0.127753 4.653220
l 7930 7931
v -0.946849 0.148487 4.631563
v -0.945222 0.173227 4.588143
l 7932 7933
v -0.949354 0.145804 4.634783
v -0.984416 0.110185 4.633396
l 7934 7935
v 1.456417 0.452431 2.835477
v 1.492661 0.419192 2.844505
l 7936 7937
v -0.658928 0.050178 4.650980
v -0.619290 0.021189 4.641572
l 7938 7939
v -0.663795 0.049976 4.650303
v -0.706948 0.029990 4.665744
l 7940 7941
v -0.661295 0.053801 4.649053
v -0.656646 0.081158 4.607461
l 7942 7943
v -1.058433 0.137164 4.626240
v -1.047664 0.089924 4.638585
l 7944 7945
v -0.349242 0.470232 4.674243
v -0.332360 0.509188 4.700652
l 7946 7947
v -1.046087 0.450218 4.620357
v -1.085854 0.420017 4.617813
l 7948 7949
v -1.449200 0.556201 4.598567
v -1.447676 0.586102 4.638612
l 7950 7951
v -1.335083 0.439778 4.599067
v -1.349826 0.448376 4.552069
l 7952 7953
v -1.265567 0.149200 4.611733
v -1.248191 0.163632 4.656340
l 7954 7955
v -1.047727 0.342445 4.624977
v -1.030847 0.349953 4.578515
l 7956 7957
v -1.447497 0.147061 4.609313
v -1.488413 0.175617 4.612536
l 7958 7959
v 0.644760 2.225680 4.614157
v 0.648487 2.198191 4.655756
l 7960 7961
v -1.531367 0.137664 4.604190
v -1.497840 0.100774 4.608077
l 7962 7963
v -0.033968 0.617152 4.688643
v -0.081180 0.633611 4.688376
l 7964 7965
v -0.378087 0.143397 4.679717
v -0.421935 0.133859 4.701771
l 7966 7967
v -1.245317 0.245728 4.612120
v -1.279150 0.208964 4.610198
l 7968 7969
v -1.242893 0.248335 4.608923
v -1.202392 0.250521 4.579686
l 7970 7971
v -1.242943 0.248033 4.615580
v -1.202897 0.247510 4.645513
l 7972 7973
v -1.245417 0.250478 4.612337
v -1.281208 0.285368 4.613651
l 7974 7975
v -0.851499 0.041897 4.628763
v -0.899494 0.054372 4.635152
l 7976 7977
v -1.845623 0.142730 4.580510
v -1.805579 0.172127 4.586187
l 7978 7979
v -0.846761 0.044014 4.629480
v -0.824417 0.086138 4.644524
l 7980 7981
v -1.382553 0.415397 4.596420
v -1.379459 0.419607 4.546694
l 7982 7983
v -1.384973 0.418111 4.600497
v -1.414006 0.457100 4.612200
l 7984 7985
v -1.251520 0.345655 4.606313
v -1.222729 0.343696 4.565482
l 7986 7987
v -1.250430 0.344821 4.612253
v -1.212926 0.349135 4.645038
l 7988 7989
v -1.448113 0.557340 4.592257
v -1.435437 0.598936 4.567578
l 7990 7991
v -1.059923 0.140149 4.620907
v -1.065964 0.126543 4.573174
l 7992 7993
v -1.344840 0.243367 4.607237
v -1.376487 0.204922 4.611759
l 7994 7995
v -1.254260 0.565966 4.608657
v -1.302048 0.579422 4.602718
l 7996 7997
v -0.570397 0.239084 4.658533
v -0.614116 0.262822 4.653518
l 7998 7999
v -1.489763 0.237438 4.605180
v -1.498131 0.188425 4.599916
l 8000 8001
v -1.504713 0.237363 4.602333
v -1.489200 0.192330 4.617545
l 8002 8003
v -1.904270 -0.039163 4.553773
v -1.879361 -0.068571 4.521918
l 8004 8005
v -1.903953 -0.033653 4.556153
v -1.881483 0.009351 4.544078
l 8006 8007
v -1.904210 -0.037567 4.559567
v -1.885821 -0.056891 4.601857
l 8008 8009
v -1.907497 -0.036777 4.556267
v -1.957405 -0.033775 4.555957
l 8010 8011
v -3.133727 0.346741 4.470770
v -3.155464 0.390332 4.482053
l 8012 8013
v -2.456063 1.358977 4.506047
v -2.456244 1.388959 4.546060
l 8014 8015
v -2.446867 0.949688 4.517557
v -2.447232 0.992750 4.542963
l 8016 8017
v -2.446397 0.948968 4.510953
v -2.442569 0.985587 4.477124
l 8018 8019
v -2.449170 0.946951 4.514333
v -2.487103 0.914387 4.515181
l 8020 8021
v -2.444437 0.946782 4.514687
v -2.410430 0.910682 4.521040
l 8022 8023
v -1.337947 0.064736 4.608820
v -1.373577 0.040780 4.634444
l 8024 8025
v -3.073387 0.580419 4.468393
v -3.113579 0.589890 4.440200
l 8026 8027
v -3.070137 0.581702 4.471567
v -3.028677 0.609628 4.470474
l 8028 8029
v -2.537917 0.275509 4.522250
v -2.504174 0.238638 4.523671
l 8030 8031
v -0.802722 1.085680 4.662687
v -0.841746 1.077248 4.692786
l 8032 8033
v -1.352223 0.622684 4.600827
v -1.360457 0.591060 4.638670
l 8034 8035
v -1.351893 0.627787 4.599223
v -1.333691 0.668976 4.620952
l 8036 8037
v -2.055910 0.249150 4.557560
v -2.091688 0.284012 4.555437
l 8038 8039
v 0.121723 0.271360 4.322230
v 0.157205 0.303109 4.337495
l 8040 8041
v -1.451953 0.554598 4.594450
v -1.497483 0.537102 4.583453
l 8042 8043
v -1.447333 0.553550 4.595057
v -1.419325 0.512215 4.592423
l 8044 8045
v -1.344050 0.547886 4.598540
v -1.333961 0.501989 4.581461
l 8046 8047
v -2.048897 1.154357 4.542153
v -2.052782 1.200930 4.559925
l 8048 8049
v -0.773643 0.990879 4.646890
v -0.790760 1.024081 4.680126
l 8050 8051
v -1.247490 0.559357 4.608493
v -1.216818 0.553189 4.647496
l 8052 8053
v -1.156510 0.622977 4.613393
v -1.174072 0.634194 4.658844
l 8054 8055
v -1.241433 0.611369 4.605120
v -1.216585 0.613375 4.648462
l 8056 8057
v -1.244387 0.601326 4.605790
v -1.227502 0.595341 4.652471
l 8058 8059
v -1.157950 0.621666 4.608207
v -1.196644 0.613662 4.577569
l 8060 8061
v -1.153527 0.625269 4.609027
v -1.133178 0.667887 4.592607
l 8062 8063
v -1.153483 0.620326 4.610263
v -1.122037 0.581468 4.611352
l 8064 8065
v -1.247347 0.618919 4.602643
v -1.243622 0.668777 4.602029
l 8066 8067
v -1.250300 0.608877 4.603313
v -1.299729 0.602103 4.600016
l 8068 8069
v -1.230423 0.616106 4.595177
v -1.229199 0.601396 4.547405
l 8070 8071
v -1.241957 0.600949 4.594767
v -1.208801 0.615621 4.560336
l 8072 8073
v -1.236397 0.588260 4.597393
v -1.194165 0.584582 4.570881
l 8074 8075
v -1.238430 0.588538 4.602677
v -1.224877 0.589011 4.650802
l 8076 8077
v -1.252087 0.449826 4.609003
v -1.255184 0.491503 4.636452
l 8078 8079
v -2.756730 2.620920 4.471567
v -2.736552 2.666658 4.472517
l 8080 8081
v -1.248290 0.578006 4.599603
v -1.293094 0.591089 4.581674
l 8082 8083
v -1.243887 0.575628 4.598387
v -1.217044 0.546621 4.567759
l 8084 8085
v -1.246287 0.561802 4.604350
v -1.241878 0.552106 4.555498
l 8086 8087
v -1.247123 0.573461 4.607813
v -1.229762 0.582022 4.653914
l 8088 8089
v -1.226313 0.615838 4.598350
v -1.207942 0.615939 4.644853
l 8090 8091
v -1.218370 0.630554 4.600503
v -1.192916 0.593042 4.621597
l 8092 8093
v -1.027927 0.620103 4.619810
v -1.043051 0.572861 4.613529
l 8094 8095
v -1.026283 0.623661 4.616977
v -0.986616 0.642761 4.593277
l 8096 8097
v -1.027110 0.623052 4.623553
v -0.994910 0.636649 4.659306
l 8098 8099
v -1.366727 0.626020 4.596713
v -1.398905 0.593233 4.616451
l 8100 8101
v -1.340607 0.614698 4.602940
v -1.341573 0.652391 4.635777
l 8102 8103
v -1.340587 0.611056 4.599877
v -1.360710 0.565287 4.600386
l 8104 8105
v -1.330103 0.610062 4.601327
v -1.281651 0.602272 4.610903
l 8106 8107
v -2.756947 2.616180 4.474440
v -2.735388 2.588833 4.510320
l 8108 8109
v -1.254193 0.447190 4.605633
v -1.289174 0.411472 4.604865
l 8110 8111
v -1.251643 0.449535 4.602360
v -1.250811 0.488655 4.571232
l 8112 8113
v -1.249477 0.447336 4.605943
v -1.213099 0.413258 4.609865
l 8114 8115
v -1.263137 0.728414 4.613167
v -1.277968 0.702602 4.653339
l 8116 8117
v -1.263603 0.734137 4.610563
v -1.295584 0.772140 4.616304
l 8118 8119
v -1.254197 0.735658 4.615013
v -1.204838 0.741928 4.619950
l 8120 8121
v -1.229020 -0.000727 4.595833
v -1.254835 -0.042296 4.585557
l 8122 8123
v -2.751893 0.059242 4.505650
v -2.788956 0.074966 4.475999
l 8124 8125
v -1.474463 0.244086 4.597187
v -1.487165 0.284924 4.571284
l 8126 8127
v 0.023032 0.390933 4.703947
v 0.060033 0.375538 4.733846
l 8128 8129
v -1.149793 0.247289 4.619773
v -1.154244 0.249553 4.669523
l 8130 8131
v -1.150320 0.250357 4.616190
v -1.141163 0.291376 4.589106
l 8132 8133
v -1.152403 0.245528 4.616223
v -1.193831 0.221545 4.601781
l 8134 8135
v -1.147233 0.244704 4.616723
v -1.105839 0.226697 4.595224
l 8136 8137
v -1.238767 -0.025734 4.563690
v -1.238739 -0.026815 4.613678
l 8138 8139
v -1.228887 0.003291 4.599173
v -1.250070 0.031088 4.634930
l 8140 8141
v -2.818343 0.483737 4.497510
v -2.771532 0.495043 4.484060
l 8142 8143
v -2.988433 0.398988 4.489187
v -3.035405 0.412903 4.479183
l 8144 8145
v -1.523823 0.081014 4.603110
v -1.539615 0.127944 4.610058
l 8146 8147
v -1.349447 -0.034807 4.562353
v -1.344606 -0.049656 4.609852
l 8148 8149
v -1.523123 0.077097 4.605863
v -1.543778 0.037686 4.628671
l 8150 8151
v -1.040810 -0.073852 1.849787
v -1.032635 -0.111057 1.817399
l 8152 8153
v -1.040570 -0.068251 1.850440
v -1.033747 -0.025916 1.824726
l 8154 8155
v -1.038297 -0.071350 1.854573
v -0.997862 -0.076461 1.883537
l 8156 8157
v -1.043043 -0.071328 1.853350
v -1.087118 -0.072191 1.876944
l 8158 8159
v -2.862397 0.153221 4.496997
v -2.887733 0.190239 4.474911
l 8160 8161
v -2.859603 0.151241 4.500620
v -2.856107 0.144610 4.550055
l 8162 8163
v -3.045793 0.439943 4.481023
v -3.011008 0.431834 4.516012
l 8164 8165
v -3.045517 0.438850 4.474517
v -3.008064 0.420275 4.447089
l 8166 8167
v -3.047230 0.442791 4.477133
v -3.061632 0.489906 4.468606
l 8168 8169
v -3.048920 0.438404 4.477797
v -3.094363 0.417607 4.479358
l 8170 8171
v -2.838633 0.242635 4.494360
v -2.883610 0.237930 4.473031
l 8172 8173
v -3.198947 0.653807 4.456927
v -3.168997 0.672597 4.492282
l 8174 8175
v -2.752327 0.058080 4.512200
v -2.793209 0.063510 4.540469
l 8176 8177
v -2.749167 0.060248 4.509400
v -2.706221 0.084820 4.516602
l 8178 8179
v -2.914343 -0.010426 4.487677
v -2.929660 0.028874 4.514526
l 8180 8181
v -2.852997 -0.006723 4.484153
v -2.852993 0.037035 4.459962
l 8182 8183
v -2.852377 -0.008116 4.490510
v -2.846136 0.021640 4.530205
l 8184 8185
v -2.850173 -0.010366 4.486440
v -2.812009 -0.040942 4.476020
l 8186 8187
v -2.854913 -0.010074 4.486967
v -2.893352 -0.041888 4.483747
l 8188 8189
v -2.848527 0.158410 4.494383
v -2.859910 0.189679 4.457065
l 8190 8191
v -2.854377 0.147745 4.493367
v -2.832834 0.117265 4.460097
l 8192 8193
v -0.643195 -0.065954 2.018947
v -0.638984 -0.115637 2.022678
l 8194 8195
v -2.944637 0.054366 4.483073
v -2.939725 0.014342 4.453511
l 8196 8197
v -2.942773 0.057208 4.486400
v -2.910743 0.095601 4.486653
l 8198 8199
v -3.141743 0.040285 4.467863
v -3.124491 0.030894 4.421883
l 8200 8201
v -3.140147 0.041766 4.473057
v -3.100258 0.053442 4.500851
l 8202 8203
v -3.144693 0.042341 4.471233
v -3.180986 0.076706 4.472591
l 8204 8205
v -3.057527 -0.025039 4.476257
v -3.042897 0.011809 4.506723
l 8206 8207
v -3.056450 -0.029352 4.473613
v -3.032916 -0.073162 4.478788
l 8208 8209
v -2.915477 -0.015361 4.486947
v -2.940337 -0.058232 4.493583
l 8210 8211
v -2.913390 -0.011730 4.482823
v -2.919751 -0.003046 4.433996
l 8212 8213
v -2.910080 -0.013057 4.486653
v -2.863351 -0.025648 4.499216
l 8214 8215
v -2.824697 0.486586 4.505090
v -2.834262 0.468708 4.550794
l 8216 8217
v -2.827890 0.495482 4.501453
v -2.876123 0.499205 4.488813
l 8218 8219
v -2.450790 0.350688 4.527007
v -2.487870 0.384224 4.526342
l 8220 8221
v -2.448180 0.348134 4.523723
v -2.447533 0.309569 4.491906
l 8222 8223
v -2.448453 0.347963 4.530357
v -2.450364 0.307801 4.560078
l 8224 8225
v -2.446007 0.350606 4.527203
v -2.409579 0.384772 4.529583
l 8226 8227
v -3.136280 0.535090 4.470587
v -3.136746 0.489917 4.492016
l 8228 8229
v -2.836247 0.167670 4.506313
v -2.845375 0.207383 4.535288
l 8230 8231
v -2.648000 0.067106 4.514663
v -2.606094 0.039846 4.513794
l 8232 8233
v -2.754173 0.261047 4.494887
v -2.731442 0.291106 4.462027
l 8234 8235
v -2.548197 0.447002 4.518610
v -2.550982 0.423895 4.562863
l 8236 8237
v -2.550407 0.449264 4.514983
v -2.592641 0.466521 4.494528
l 8238 8239
v -2.546283 0.445141 4.513090
v -2.544011 0.403398 4.485662
l 8240 8241
v -2.545653 0.449311 4.515307
v -2.510208 0.484574 4.515708
l 8242 8243
v -2.050283 0.949582 4.543823
v -2.090964 0.945410 4.515054
l 8244 8245
v -2.146817 0.945469 4.539017
v -2.108680 0.977804 4.538930
l 8246 8247
v -3.129550 0.343376 4.472757
v -3.089141 0.341318 4.502131
l 8248 8249
v -3.131400 0.343849 4.467367
v -3.113689 0.338413 4.420926
l 8250 8251
v -3.134293 0.341420 4.471177
v -3.167544 0.304994 4.479395
l 8252 8253
v -2.757463 0.156463 4.509687
v -2.800684 0.154613 4.534757
l 8254 8255
v -2.756463 0.156449 4.503150
v -2.790217 0.154486 4.466315
l 8256 8257
v -2.754213 0.153934 4.506843
v -2.722063 0.115968 4.511839
l 8258 8259
v -2.754440 0.158643 4.506800
v -2.721237 0.195691 4.511804
l 8260 8261
v -2.948510 0.138334 4.489237
v -2.983110 0.173691 4.496495
l 8262 8263
v -2.946110 0.135607 4.485363
v -2.949189 0.113575 4.440585
l 8264 8265
v -2.946697 0.133806 4.491340
v -2.956539 0.091061 4.515339
l 8266 8267
v -2.943543 0.137288 4.489410
v -2.900248 0.159742 4.500426
l 8268 8269
v -3.200220 0.649980 4.453777
v -3.209235 0.600811 4.454811
l 8270 8271
v -3.146410 0.270352 4.469183
v -3.144928 0.262009 4.518460
l 8272 8273
v -3.148933 0.268435 4.464600
v -3.184662 0.238939 4.445801
l 8274 8275
v -2.983433 0.400422 4.490130
v -2.935546 0.409058 4.501629
l 8276 8277
v -2.986020 0.389116 4.486550
v -2.972889 0.373318 4.440965
l 8278 8279
v -2.816503 0.469922 4.503133
v -2.769093 0.462564 4.517209
l 8280 8281
v -2.984647 0.386814 4.497233
v -2.943894 0.389063 4.526115
l 8282 8283
v -2.989647 0.385380 4.496290
v -3.030965 0.385920 4.524441
l 8284 8285
v -2.640593 0.842809 4.506390
v -2.591434 0.847906 4.513963
l 8286 8287
v -3.140037 0.539709 4.469223
v -3.185762 0.553877 4.483660
l 8288 8289
v -3.143517 0.269732 4.464657
v -3.099052 0.257714 4.445203
l 8290 8291
v -2.835237 0.167642 4.499737
v -2.835175 0.207107 4.469036
l 8292 8293
v -3.062047 0.362615 4.479913
v -3.021786 0.333175 4.476396
l 8294 8295
v -3.064623 0.364514 4.483477
v -3.101692 0.357220 4.516229
l 8296 8297
v -3.065150 0.364586 4.476840
v -3.106921 0.357943 4.450175
l 8298 8299
v -3.136953 0.537971 4.465627
v -3.130123 0.529141 4.416889
l 8300 8301
v -3.136663 0.461143 4.464193
v -3.180513 0.437141 4.465256
l 8302 8303
v -3.060170 0.749549 4.465513
v -3.080584 0.748617 4.419880
l 8304 8305
v -3.062827 0.749427 4.471463
v -3.110405 0.747254 4.486682
l 8306 8307
v -3.058733 0.747251 4.469677
v -3.026628 0.711413 4.483275
l 8308 8309
v -3.198677 0.653623 4.450533
v -3.165809 0.670442 4.416816
l 8310 8311
v -1.755350 1.148150 4.557307
v -1.754356 1.165204 4.510316
l 8312 8313
v -1.758547 1.145493 4.560723
v -1.805445 1.137040 4.575858
l 8314 8315
v -1.753997 1.149600 4.562310
v -1.750030 1.187081 4.595165
l 8316 8317
v -1.753707 1.145037 4.560660
v -1.720594 1.107620 4.562547
l 8318 8319
v -1.948230 0.248142 4.566850
v -1.982624 0.283893 4.560614
l 8320 8321
v -2.754253 1.454377 4.475087
v -2.791905 1.422448 4.467157
l 8322 8323
v -3.205210 0.772567 4.454430
v -3.231634 0.813818 4.444426
l 8324 8325
v -3.206483 1.062570 4.448470
v -3.244117 1.029671 4.449633
l 8326 8327
v -3.200650 0.857416 4.449990
v -3.168493 0.858965 4.488246
l 8328 8329
v -2.821423 0.500408 4.506997
v -2.791883 0.503614 4.547210
l 8330 8331
v -2.733083 0.457353 4.501010
v -2.728251 0.483244 4.458509
l 8332 8333
v -2.730797 0.455216 4.505150
v -2.692669 0.424937 4.516532
l 8334 8335
v -2.735713 0.455438 4.504727
v -2.774839 0.424856 4.510549
l 8336 8337
v -3.134990 0.539970 4.469883
v -3.099949 0.572672 4.484121
l 8338 8339
v -2.973423 0.845605 4.469960
v -2.945985 0.803816 4.469046
l 8340 8341
v -2.763610 0.269323 4.498767
v -2.743865 0.311131 4.479734
l 8342 8343
v -3.133687 0.463225 4.460807
v -3.126642 0.501098 4.428932
l 8344 8345
v -3.133560 0.463287 4.467427
v -3.125334 0.501744 4.498303
l 8346 8347
v -3.131950 0.460199 4.464113
v -3.103414 0.419141 4.463950
l 8348 8349
v -3.203240 0.158589 4.466890
v -3.224876 0.202912 4.475101
l 8350 8351
v -3.049763 0.048133 4.480103
v -3.028360 0.078141 4.446318
l 8352 8353
v -2.253530 0.345736 4.539493
v -2.248130 0.303903 4.512644
l 8354 8355
v -2.760250 0.255445 4.505487
v -2.769263 0.211333 4.483741
l 8356 8357
v -2.865380 0.057959 4.495917
v -2.904224 0.088833 4.489754
l 8358 8359
v -2.766293 0.262278 4.506097
v -2.781294 0.261038 4.553777
l 8360 8361
v -0.672169 -0.079622 1.446563
v -0.641828 -0.083557 1.407016
l 8362 8363
v -2.834370 0.249781 4.499477
v -2.820523 0.253718 4.547360
l 8364 8365
v -2.834950 0.235141 4.503877
v -2.799703 0.253564 4.534179
l 8366 8367
v -2.831710 0.249982 4.493823
v -2.784897 0.252548 4.476446
l 8368 8369
v -2.753033 0.262089 4.506920
v -2.740889 0.286393 4.548894
l 8370 8371
v -1.665950 -0.037033 4.536503
v -1.712055 -0.054583 4.544649
l 8372 8373
v -2.251380 0.349093 4.542517
v -2.216356 0.384672 4.539791
l 8374 8375
v -2.442050 0.638231 4.517027
v -2.450711 0.597111 4.489931
l 8376 8377
v -2.837803 0.230872 4.502983
v -2.884122 0.221012 4.519026
l 8378 8379
v -2.829857 0.218769 4.503960
v -2.831246 0.169833 4.514127
l 8380 8381
v -2.816887 0.072342 4.503767
v -2.770037 0.081858 4.518414
l 8382 8383
v -2.833000 0.165442 4.503457
v -2.792481 0.136842 4.509798
l 8384 8385
v -2.147280 0.151309 4.562483
v -2.133003 0.159482 4.609699
l 8386 8387
v -1.652260 0.051046 4.582403
v -1.686977 0.086232 4.589933
l 8388 8389
v -1.453340 0.247806 4.596057
v -1.457116 0.290856 4.570908
l 8390 8391
v -1.490510 0.245968 4.600820
v -1.485997 0.238569 4.551577
l 8392 8393
v -1.493647 0.246114 4.604450
v -1.498311 0.287999 4.631355
l 8394 8395
v -0.444506 0.255572 4.666270
v -0.478016 0.292640 4.668016
l 8396 8397
v -1.364703 0.022251 4.591330
v -1.328778 0.016113 4.557100
l 8398 8399
v -0.740512 -0.069619 1.832643
v -0.694808 -0.066963 1.852744
l 8400 8401
v -0.553466 -0.077988 1.552487
v -0.566085 -0.099991 1.509398
l 8402 8403
v -0.540612 -0.070110 1.629207
v -0.540326 -0.041893 1.587931
l 8404 8405
v -0.540470 -0.076751 1.629550
v -0.538901 -0.109033 1.591400
l 8406 8407
v -0.543037 -0.073355 1.631853
v -0.580360 -0.072430 1.665112
l 8408 8409
v -0.538236 -0.073248 1.631960
v -0.503038 -0.070668 1.667378
l 8410 8411
v -0.742612 -0.065518 2.112430
v -0.742020 -0.088787 2.068178
l 8412 8413
v -0.742342 -0.058994 2.113630
v -0.739238 -0.021656 2.080520
l 8414 8415
v -0.744893 -0.062609 2.115497
v -0.782466 -0.067062 2.148183
l 8416 8417
v -0.843497 -0.065357 1.929920
v -0.884216 -0.036404 1.931839
l 8418 8419
v -0.743442 -0.073128 1.831237
v -0.755574 -0.103960 1.793791
l 8420 8421
v -0.743773 -0.066474 1.831110
v -0.758835 -0.038439 1.792546
l 8422 8423
v -0.744956 -0.069810 1.834240
v -0.766396 -0.070017 1.879409
l 8424 8425
v -0.858006 -0.072778 1.649290
v -0.869970 -0.034529 1.619391
l 8426 8427
v -0.564220 -0.067163 1.924023
v -0.527612 -0.064222 1.957953
l 8428 8429
v 0.207385 0.433975 2.913913
v 0.201775 0.384343 2.911636
l 8430 8431
v 0.151283 0.455835 3.516103
v 0.121379 0.442905 3.478174
l 8432 8433
v 0.112724 0.539311 4.462880
v 0.143605 0.549317 4.424850
l 8434 8435
v 0.341738 -0.090914 0.544384
v 0.344157 -0.065197 0.501572
l 8436 8437
v -0.661006 -0.079405 1.538813
v -0.660399 -0.111504 1.500482
l 8438 8439
v -0.741318 -0.060784 2.242667
v -0.755739 -0.067742 2.195300
l 8440 8441
v -0.345273 -0.088151 0.947814
v -0.316956 -0.046944 0.948118
l 8442 8443
v -0.344903 -0.093940 0.947275
v -0.310766 -0.130246 0.943206
l 8444 8445
v -0.348895 -0.091175 0.944405
v -0.371181 -0.088439 0.899730
l 8446 8447
v -0.348583 -0.091425 0.949265
v -0.380080 -0.097023 0.987691
l 8448 8449
v -0.738488 -0.079418 1.541980
v -0.693189 -0.094704 1.556619
l 8450 8451
v -0.836984 -0.060696 2.279640
v -0.792595 -0.043629 2.264201
l 8452 8453
v -0.774492 -0.020268 4.586240
v -0.736479 -0.038032 4.559048
l 8454 8455
v -0.031406 0.613192 4.688720
v -0.041864 0.564309 4.689741
l 8456 8457
v 0.454387 0.653173 2.819517
v 0.423984 0.692866 2.819897
l 8458 8459
v 0.456799 0.650502 2.822810
v 0.496919 0.648025 2.852546
l 8460 8461
v 0.456710 0.650497 2.816160
v 0.496003 0.647986 2.785342
l 8462 8463
v 0.454091 0.648459 2.819523
v 0.416662 0.615311 2.820053
l 8464 8465
v 0.442462 -0.062782 1.750650
v 0.395416 -0.059834 1.767324
l 8466 8467
v 0.445572 -0.066317 1.749437
v 0.477544 -0.100835 1.766359
l 8468 8469
v 0.444764 -0.062678 1.746513
v 0.431467 -0.057912 1.698550
l 8470 8471
v -0.854289 -0.010113 4.611220
v -0.817411 0.012854 4.635969
l 8472 8473
v -0.451008 0.355312 4.666603
v -0.483497 0.317993 4.659408
l 8474 8475
v -0.458606 0.035355 4.654793
v -0.441039 0.002831 4.688462
l 8476 8477
v -0.629956 -0.023464 4.583910
v -0.619954 0.011662 4.618059
l 8478 8479
v -0.630178 -0.023937 4.578883
v -0.606544 -0.022021 4.534863
l 8480 8481
v -0.633798 -0.025693 4.581750
v -0.683719 -0.023724 4.583772
l 8482 8483
v -0.654913 0.172002 4.650610
v -0.639259 0.203291 4.614890
l 8484 8485
v -0.655907 0.173270 4.657043
v -0.649558 0.216442 4.681454
l 8486 8487
v -0.653723 0.169510 4.654707
v -0.626622 0.129279 4.666829
l 8488 8489
v -0.658250 0.170706 4.653770
v -0.701981 0.146548 4.651775
l 8490 8491
v -0.460811 0.035732 4.649587
v -0.478499 0.007288 4.612465
l 8492 8493
v -0.456572 0.039288 4.650810
v -0.413049 0.056939 4.633658
l 8494 8495
v -0.460882 0.039176 4.652950
v -0.493924 0.072909 4.669390
l 8496 8497
v -0.268118 0.852745 4.696773
v -0.308596 0.881337 4.690137
l 8498 8499
v -0.375645 0.144676 4.674470
v -0.388042 0.141091 4.626164
l 8500 8501
v -1.284710 0.716357 4.594327
v -1.313606 0.756003 4.584671
l 8502 8503
v -1.283043 0.712465 4.597950
v -1.293330 0.694711 4.643546
l 8504 8505
v -1.283123 0.711114 4.592643
v -1.296491 0.675341 4.560370
l 8506 8507
v -0.330462 0.960931 4.689950
v -0.298370 0.947729 4.653953
l 8508 8509
v -1.272240 0.726658 4.598160
v -1.301946 0.765739 4.588661
l 8510 8511
v -1.262833 0.728179 4.602610
v -1.226302 0.716556 4.570510
l 8512 8513
v -0.762170 0.345361 4.646563
v -0.744689 0.310039 4.677333
l 8514 8515
v -0.762100 0.345207 4.639903
v -0.743992 0.308521 4.611159
l 8516 8517
v -0.765263 0.346490 4.643173
v -0.812658 0.362396 4.642308
l 8518 8519
v -1.031243 0.552149 4.620563
v -1.002062 0.511587 4.622360
l 8520 8521
v -1.146340 0.539607 4.609650
v -1.147238 0.499845 4.579349
l 8522 8523
v -1.146963 0.539971 4.616113
v -1.154374 0.504006 4.650048
l 8524 8525
v -1.148570 0.542759 4.612503
v -1.178542 0.582450 4.607375
l 8526 8527
v -1.143457 0.542224 4.613053
v -1.101656 0.569545 4.615545
l 8528 8529
v -0.374334 0.147801 4.678427
v -0.365618 0.194547 4.693882
l 8530 8531
v -0.373226 0.142890 4.678507
v -0.334547 0.113079 4.689243
l 8532 8533
v 0.099713 1.348473 4.224147
v 0.125749 1.351794 4.181590
l 8534 8535
v -0.271524 1.145607 4.687330
v -0.302651 1.176218 4.662957
l 8536 8537
v 0.243618 0.657355 2.797880
v 0.263370 0.695114 2.771723
l 8538 8539
v 0.233600 0.654567 2.795670
v 0.187675 0.665730 2.779351
l 8540 8541
v 0.241242 0.656168 2.803753
v 0.225344 0.681556 2.843787
l 8542 8543
v -0.870081 1.140637 4.647543
v -0.876321 1.092832 4.634287
l 8544 8545
v -0.239079 0.156690 4.686667
v -0.199016 0.126780 4.686023
l 8546 8547
v -0.251501 0.840010 4.703803
v -0.237876 0.846197 4.751512
l 8548 8549
v -2.652980 1.455967 4.482800
v -2.624583 1.415258 4.488832
l 8550 8551
v -0.652324 0.276153 4.651273
v -0.613275 0.246305 4.660453
l 8552 8553
v 0.126865 0.390541 4.246810
v 0.132071 0.439765 4.239749
l 8554 8555
v -0.260137 0.541424 4.671350
v -0.253643 0.503185 4.639796
l 8556 8557
v -0.259824 0.541300 4.677987
v -0.250468 0.501917 4.707337
l 8558 8559
v -0.262969 0.543357 4.674847
v -0.306552 0.567734 4.677355
l 8560 8561
v -0.133279 0.193060 4.691373
v -0.093218 0.173848 4.714309
l 8562 8563
v 0.112749 1.340560 4.233710
v 0.149205 1.353223 4.201921
l 8564 8565
v -0.048762 0.054390 4.685237
v -0.026085 0.009896 4.682785
l 8566 8567
v -0.497554 -0.025443 4.516863
v -0.533314 -0.044141 4.487341
l 8568 8569
v -0.538294 0.663660 4.652073
v -0.556284 0.709425 4.661128
l 8570 8571
v 0.553769 0.646621 2.820027
v 0.594740 0.645375 2.791394
l 8572 8573
v 0.553503 0.646466 2.826670
v 0.592057 0.643802 2.858396
l 8574 8575
v 0.550999 0.644162 2.823187
v 0.516238 0.608291 2.820956
l 8576 8577
v 0.551226 0.648881 2.823307
v 0.517735 0.686005 2.822834
l 8578 8579
v -1.147770 0.452836 4.619760
v -1.146043 0.493213 4.649200
l 8580 8581
v -1.147153 0.452765 4.613127
v -1.139951 0.492519 4.583668
l 8582 8583
v -1.145467 0.450119 4.616657
v -1.114310 0.411154 4.619970
l 8584 8585
v -0.548682 0.039398 4.652403
v -0.526530 -0.004904 4.645577
l 8586 8587
v -0.495782 -0.024961 4.522360
v -0.504427 -0.046410 4.566690
l 8588 8589
v -0.495712 -0.020646 4.519543
v -0.503222 0.028750 4.517632
l 8590 8591
v -0.492548 -0.024629 4.518233
v -0.445679 -0.034671 4.504005
l 8592 8593
v -3.204120 0.153218 4.467503
v -3.236211 0.118409 4.483583
l 8594 8595
v -0.420611 -0.008898 4.636370
v -0.431007 0.027761 4.603996
l 8596 8597
v 0.089537 0.158401 4.695780
v 0.127938 0.189619 4.702909
l 8598 8599
v -0.366427 -0.013675 4.640617
v -0.338682 -0.047383 4.616244
l 8600 8601
v -0.757939 0.033615 4.634310
v -0.769687 0.078871 4.652027
l 8602 8603
v -3.066353 0.286036 4.470887
v -3.084836 0.239581 4.471507
l 8604 8605
v -0.855332 0.563378 4.634360
v -0.820089 0.527982 4.636600
l 8606 8607
v -1.454117 0.237224 4.596573
v -1.452749 0.194714 4.570285
l 8608 8609
v -0.975225 0.360403 4.631923
v -1.017212 0.357599 4.658928
l 8610 8611
v -1.353043 0.346420 4.608797
v -1.385461 0.375266 4.633636
l 8612 8613
v -1.154443 0.346759 4.615523
v -1.196669 0.352844 4.589448
l 8614 8615
v -1.150747 0.343199 4.617243
v -1.128413 0.300704 4.603264
l 8616 8617
v -1.150670 0.347860 4.618207
v -1.115914 0.383803 4.617909
l 8618 8619
v -1.855467 0.239302 4.581790
v -1.861062 0.200811 4.613208
l 8620 8621
v -1.384150 0.376614 4.598603
v -1.431399 0.363202 4.589243
l 8622 8623
v -1.140347 0.731703 4.623470
v -1.091349 0.739155 4.630078
l 8624 8625
v -0.917662 -0.011437 4.603083
v -0.954059 0.005641 4.632808
l 8626 8627
v -1.051293 0.344206 4.627900
v -1.096800 0.361552 4.639225
l 8628 8629
v -1.046237 0.343337 4.629597
v -1.011668 0.362035 4.660507
l 8630 8631
v -0.537532 0.170074 4.668623
v -0.499093 0.184778 4.697017
l 8632 8633
v -0.540227 0.165094 4.666460
v -0.544328 0.118065 4.682938
l 8634 8635
v -0.538876 0.168224 4.663010
v -0.518917 0.176973 4.618009
l 8636 8637
v -0.542069 0.169742 4.666547
v -0.586518 0.192417 4.669715
l 8638 8639
v 0.154133 0.551109 3.485437
v 0.111134 0.525599 3.484906
l 8640 8641
v -0.776080 0.152370 4.648423
v -0.782852 0.130485 4.692867
l 8642 8643
v -0.356882 0.372853 4.671177
v -0.309725 0.364122 4.657034
l 8644 8645
v -0.445809 0.128072 4.672670
v -0.478527 0.165180 4.679917
l 8646 8647
v -0.357576 0.046012 4.666543
v -0.365357 0.091442 4.685923
l 8648 8649
v -0.567420 0.236833 4.655600
v -0.553973 0.198953 4.625864
l 8650 8651
v -0.029628 -0.019307 4.646160
v -0.059541 -0.014417 4.606394
l 8652 8653
v -0.445748 0.123403 4.671563
v -0.479959 0.088339 4.661556
l 8654 8655
v -0.950898 0.041902 4.620003
v -0.958668 0.031501 4.571718
l 8656 8657
v -0.275760 -0.020992 4.624350
v -0.257352 0.025316 4.628436
l 8658 8659
v -0.565855 0.240411 4.658897
v -0.534951 0.279698 4.660121
l 8660 8661
v -0.568022 0.237104 4.662130
v -0.560501 0.201869 4.696799
l 8662 8663
v -0.361672 0.371924 4.671050
v -0.391058 0.331739 4.666400
l 8664 8665
v -0.421935 -0.014307 4.637687
v -0.450704 -0.052698 4.623598
l 8666 8667
v -0.421221 -0.010445 4.641830
v -0.439975 0.004801 4.685600
l 8668 8669
v -0.417546 -0.012085 4.638793
v -0.368905 -0.023451 4.641004
l 8670 8671
v -0.769441 -0.020760 4.597953
v -0.730700 -0.051414 4.590239
l 8672 8673
v -0.356860 0.044151 4.662137
v -0.375799 0.030147 4.618032
l 8674 8675
v -0.344144 0.258461 4.677053
v -0.305766 0.290009 4.682694
l 8676 8677
v 0.109307 0.536715 4.465010
v 0.106231 0.491169 4.485408
l 8678 8679
v -0.655188 0.279977 4.653433
v -0.657090 0.321833 4.680718
l 8680 8681
v -0.654820 0.278591 4.647360
v -0.652466 0.304481 4.604650
l 8682 8683
v -0.550909 0.041585 4.656017
v -0.592972 0.047757 4.682335
l 8684 8685
v -0.547253 0.043776 4.653660
v -0.504655 0.066909 4.665918
l 8686 8687
v -0.549882 0.043084 4.649620
v -0.582559 0.062987 4.617432
l 8688 8689
v 0.101426 1.434577 4.235297
v 0.093220 1.405956 4.275465
l 8690 8691
v -0.443284 0.124822 4.675427
v -0.405768 0.117660 4.707695
l 8692 8693
v -0.442972 0.126354 4.668990
v -0.402520 0.133629 4.640516
l 8694 8695
v -0.274924 -0.025889 4.621300
v -0.244151 -0.045864 4.587330
l 8696 8697
v -0.276030 -0.025955 4.627023
v -0.261414 -0.049412 4.668690
l 8698 8699
v -0.278956 -0.024481 4.623507
v -0.327984 -0.026931 4.614007
l 8700 8701
v 0.051792 0.232970 4.705070
v 0.037445 0.186410 4.716309
l 8702 8703
v 0.056218 0.241611 4.703343
v 0.099985 0.249625 4.726151
l 8704 8705
v 0.052819 0.241847 4.699980
v 0.046419 0.235303 4.650825
l 8706 8707
v 0.104053 0.231571 4.649693
v 0.129338 0.190055 4.661400
l 8708 8709
v -0.258593 0.069734 4.680753
v -0.298207 0.039332 4.678199
l 8710 8711
v 0.127406 0.386510 4.244157
v 0.140040 0.370241 4.198597
l 8712 8713
v -0.163371 0.246239 4.692013
v -0.161740 0.215632 4.731517
l 8714 8715
v -0.024484 -0.020145 4.647850
v 0.023628 -0.019207 4.634271
l 8716 8717
v 2.227890 0.350517 3.452723
v 2.200580 0.385595 3.475608
l 8718 8719
v 2.233357 0.348863 3.451557
v 2.279924 0.358758 3.466840
l 8720 8721
v 2.229950 0.348834 3.447537
v 2.222428 0.358208 3.399003
l 8722 8723
v 2.229293 0.345689 3.451573
v 2.217225 0.298334 3.462149
l 8724 8725
v -0.254008 0.069909 4.682900
v -0.222697 0.063450 4.721343
l 8726 8727
v -0.048068 0.059179 4.686423
v -0.011269 0.088537 4.703273
l 8728 8729
v 0.102912 0.235048 4.645990
v 0.126016 0.264450 4.612797
l 8730 8731
v 1.162280 1.561927 4.844677
v 1.193695 1.537835 4.814137
l 8732 8733
v 1.161320 1.565683 4.847783
v 1.157623 1.615529 4.846466
l 8734 8735
v 1.161817 1.562063 4.851150
v 1.188508 1.539379 4.886829
l 8736 8737
v 1.158123 1.561697 4.847640
v 1.109199 1.551920 4.844345
l 8738 8739
v 0.071668 0.159825 4.707030
v 0.077607 0.167681 4.756051
l 8740 8741
v 0.077301 0.153181 4.702590
v 0.086953 0.109209 4.724346
l 8742 8743
v -0.253902 0.439536 4.679077
v -0.246413 0.480522 4.651435
l 8744 8745
v -0.028707 0.425613 4.691433
v 0.010037 0.398684 4.674888
l 8746 8747
v -0.449369 0.648600 4.663047
v -0.412441 0.641139 4.695920
l 8748 8749
v -0.548895 0.445694 4.656577
v -0.511455 0.478831 4.656101
l 8750 8751
v -0.551514 0.443521 4.659940
v -0.554144 0.404926 4.691618
l 8752 8753
v -0.553640 0.445873 4.656400
v -0.587849 0.482201 4.653237
l 8754 8755
v -0.255569 0.834651 4.695607
v -0.277704 0.793256 4.678387
l 8756 8757
v 0.066417 0.349289 4.696197
v 0.057906 0.305787 4.719330
l 8758 8759
v 0.067911 0.548851 4.686077
v 0.107614 0.578934 4.681753
l 8760 8761
v 0.066366 0.543697 4.687543
v 0.082625 0.498204 4.700431
l 8762 8763
v 0.063737 0.546540 4.683183
v 0.044704 0.539252 4.637526
l 8764 8765
v 0.063323 0.547801 4.688157
v 0.030324 0.566893 4.720507
l 8766 8767
v -0.254728 0.071271 4.677863
v -0.233476 0.066456 4.632862
l 8768 8769
v 0.109960 0.390228 4.498163
v 0.113816 0.424469 4.461932
l 8770 8771
v 0.118109 0.345289 4.320083
v 0.136443 0.358118 4.275370
l 8772 8773
v 0.119716 0.343162 4.324350
v 0.137693 0.302450 4.347141
l 8774 8775
v 0.113633 0.344524 4.322247
v 0.071807 0.317210 4.324380
l 8776 8777
v -0.639524 0.451678 4.648290
v -0.595088 0.440345 4.628364
l 8778 8779
v -1.651477 0.952792 4.563433
v -1.679414 0.994119 4.560037
l 8780 8781
v -1.649770 0.949421 4.560383
v -1.660511 0.907976 4.534558
l 8782 8783
v -1.649597 0.950082 4.567000
v -1.658784 0.914629 4.601039
l 8784 8785
v -1.646907 0.951607 4.563433
v -1.603820 0.976714 4.559796
l 8786 8787
v 0.011450 -0.014587 4.668870
v 0.044011 -0.051072 4.658448
l 8788 8789
v 0.007808 -0.013517 4.672293
v -0.035555 -0.027341 4.692995
l 8790 8791
v 0.009088 -0.010721 4.666503
v -0.021531 0.003304 4.629546
l 8792 8793
v 0.011022 -0.010244 4.670873
v 0.041682 0.022243 4.693337
l 8794 8795
v 0.047956 0.262300 4.699083
v 0.057849 0.310634 4.707205
l 8796 8797
v -0.146181 0.726507 4.698520
v -0.129154 0.696664 4.734844
l 8798 8799
v -0.450933 0.756842 4.679950
v -0.406407 0.734598 4.675196
l 8800 8801
v -0.141673 0.439082 4.691017
v -0.132581 0.479877 4.718459
l 8802 8803
v -0.031603 0.427855 4.694427
v -0.036959 0.429421 4.744114
l 8804 8805
v -0.127355 0.070785 4.686010
v -0.172592 0.049708 4.682944
l 8806 8807
v -0.148816 -0.089276 0.943793
v -0.185165 -0.088480 0.909469
l 8808 8809
v 0.113190 -0.011837 4.651280
v 0.069244 -0.033548 4.641414
l 8810 8811
v -0.943601 0.232108 4.630160
v -0.952990 0.194842 4.598173
l 8812 8813
v -0.944306 0.231967 4.636777
v -0.960046 0.193437 4.664483
l 8814 8815
v -0.945471 0.235182 4.633373
v -0.969262 0.279130 4.631772
l 8816 8817
v -0.940971 0.233665 4.633820
v -0.896246 0.255399 4.639044
l 8818 8819
v -0.565881 0.351043 4.651213
v -0.605847 0.369061 4.627171
l 8820 8821
v 0.076215 0.161055 4.696560
v 0.046301 0.162453 4.656519
l 8822 8823
v 0.064469 0.159598 4.700900
v 0.060135 0.184682 4.657865
l 8824 8825
v 0.046890 0.253627 4.696907
v 0.060507 0.237588 4.651549
l 8826 8827
v 0.070663 0.353239 4.695687
v 0.119487 0.361032 4.703134
l 8828 8829
v -0.455619 0.755577 4.679667
v -0.481640 0.713858 4.670587
l 8830 8831
v -0.156767 0.595633 4.681957
v -0.205462 0.605730 4.687141
l 8832 8833
v -0.150607 0.718186 4.687690
v -0.151822 0.669334 4.677106
l 8834 8835
v 0.091195 0.152828 4.681953
v 0.130405 0.180712 4.668347
l 8836 8837
v 0.086414 0.151479 4.682340
v 0.043103 0.161027 4.659253
l 8838 8839
v 0.048212 0.704524 4.681893
v 0.089790 0.715537 4.656398
l 8840 8841
v 0.046309 0.701501 4.686467
v 0.063279 0.673903 4.724551
l 8842 8843
v 0.043425 0.701254 4.681657
v 0.019170 0.670106 4.650973
l 8844 8845
v 0.044003 0.705358 4.684373
v 0.016520 0.744544 4.698837
l 8846 8847
v 0.077110 1.261603 4.163427
v 0.121028 1.243059 4.178505
l 8848 8849
v -0.860191 0.246135 4.641790
v -0.902792 0.248802 4.667830
l 8850 8851
v -0.788867 1.244157 4.648600
v -0.758802 1.204752 4.642019
l 8852 8853
v -0.792121 1.246603 4.652260
v -0.816758 1.242429 4.695569
l 8854 8855
v -0.793136 1.246803 4.646427
v -0.830995 1.245248 4.613803
l 8856 8857
v -0.789298 1.249327 4.648853
v -0.761787 1.290943 4.645495
l 8858 8859
v 0.118952 0.532454 4.332813
v 0.130268 0.532126 4.284112
l 8860 8861
v -0.047863 0.237748 4.696803
v -0.066438 0.235519 4.743171
l 8862 8863
v 0.043754 0.753776 4.718447
v 0.013356 0.791061 4.732078
l 8864 8865
v 0.106376 0.387910 4.500387
v 0.068580 0.387637 4.533119
l 8866 8867
v 0.106200 0.539958 4.463340
v 0.072886 0.556322 4.429837
l 8868 8869
v -0.252089 0.436636 4.682460
v -0.220237 0.398112 4.683632
l 8870 8871
v 0.100260 1.439187 4.233537
v 0.101101 1.489078 4.230349
l 8872 8873
v -1.457960 2.259690 4.586573
v -1.476975 2.266552 4.540842
l 8874 8875
v -1.459750 2.258547 4.592137
v -1.501802 2.250729 4.618031
l 8876 8877
v -1.455343 2.257407 4.590133
v -1.420941 2.221307 4.593783
l 8878 8879
v -0.447161 0.816086 4.682353
v -0.481552 0.847626 4.664394
l 8880 8881
v -1.522730 1.117253 4.608077
v -1.478269 1.124046 4.629920
l 8882 8883
v 1.255533 1.942543 4.828220
v 1.248755 1.896782 4.847193
l 8884 8885
v -0.749481 0.753815 4.661280
v -0.782851 0.718481 4.649535
l 8886 8887
v 1.568510 0.109286 2.846843
v 1.586487 0.090827 2.803994
l 8888 8889
v -0.454194 0.460111 4.661797
v -0.418228 0.494763 4.659424
l 8890 8891
v -0.864528 0.162956 4.634773
v -0.861806 0.199142 4.600376
l 8892 8893
v -0.746068 0.250700 4.646830
v -0.713329 0.283486 4.665625
l 8894 8895
v -0.748286 0.248936 4.642067
v -0.754509 0.258553 4.593396
l 8896 8897
v -0.751355 0.249067 4.647183
v -0.796974 0.260390 4.664235
l 8898 8899
v -0.747543 0.245899 4.646070
v -0.732478 0.199334 4.656302
l 8900 8901
v -0.666926 0.330944 4.649707
v -0.689395 0.375535 4.652304
l 8902 8903
v -0.645229 0.449977 4.648100
v -0.671254 0.410316 4.632297
l 8904 8905
v -0.644254 0.455167 4.647323
v -0.655287 0.495270 4.619575
l 8906 8907
v -0.643068 0.452797 4.651317
v -0.647126 0.460918 4.700486
l 8908 8909
v 1.067100 1.956440 4.815240
v 1.055960 2.002453 4.831324
l 8910 8911
v -0.913372 1.166417 4.640430
v -0.935431 1.211129 4.636665
l 8912 8913
v -0.949433 0.551618 4.630617
v -0.913581 0.558997 4.664678
l 8914 8915
v -1.540857 0.896699 4.608507
v -1.584988 0.881061 4.626053
l 8916 8917
v -0.976623 0.632338 4.620557
v -0.966028 0.674222 4.595387
l 8918 8919
v -0.950585 0.454949 4.624040
v -0.914757 0.427116 4.603024
l 8920 8921
v -1.533713 0.888449 4.603663
v -1.540782 0.877251 4.555449
l 8922 8923
v -1.532190 0.898147 4.603577
v -1.523966 0.908983 4.555463
l 8924 8925
v -1.144487 0.734210 4.624180
v -1.174174 0.773634 4.632208
l 8926 8927
v -1.051873 0.041384 4.616293
v -1.101474 0.041141 4.622596
l 8928 8929
v -0.835962 0.334920 4.638817
v -0.869921 0.298392 4.642360
l 8930 8931
v -0.659844 0.631440 4.647793
v -0.656864 0.623697 4.697100
l 8932 8933
v -0.556658 0.544321 4.656450
v -0.599713 0.569742 4.656141
l 8934 8935
v 0.076469 1.338783 4.120447
v 0.096000 1.340915 4.074468
l 8936 8937
v 0.077705 1.337217 4.125453
v 0.102417 1.304258 4.153792
l 8938 8939
v 0.071887 1.337540 4.122997
v 0.031394 1.308220 4.123818
l 8940 8941
v 0.074909 1.341050 4.124443
v 0.070870 1.388319 4.140232
l 8942 8943
v -0.454547 0.455179 4.662183
v -0.437081 0.408788 4.668729
l 8944 8945
v -0.265503 1.060373 4.687753
v -0.222249 1.083156 4.698241
l 8946 8947
v -0.269036 1.059673 4.683667
v -0.288508 1.079803 4.642247
l 8948 8949
v -0.270513 1.059670 4.689767
v -0.306801 1.079753 4.717692
l 8950 8951
v -0.268173 1.056453 4.687103
v -0.260506 1.007079 4.688933
l 8952 8953
v -0.244465 -0.089762 0.941211
v -0.206773 -0.088161 0.974024
l 8954 8955
v 0.101778 0.640220 4.642973
v 0.054008 0.649494 4.631482
l 8956 8957
v 1.956487 1.842847 4.796353
v 1.969455 1.815757 4.756378
l 8958 8959
v 0.550678 0.343478 2.827820
v 0.558655 0.301442 2.801949
l 8960 8961
v -0.795673 1.329377 4.660287
v -0.751140 1.317839 4.679876
l 8962 8963
v 0.085448 1.414527 4.206653
v 0.105085 1.369884 4.217672
l 8964 8965
v 0.207522 -0.057983 1.862947
v 0.189475 -0.027574 1.827597
l 8966 8967
v -1.054583 0.722077 4.635160
v -1.090564 0.737682 4.666174
l 8968 8969
v 1.250583 1.749953 4.835550
v 1.274916 1.793631 4.835917
l 8970 8971
v 1.249260 1.746583 4.838817
v 1.263474 1.707923 4.867160
l 8972 8973
v 1.248863 1.746860 4.832193
v 1.259408 1.710770 4.799234
l 8974 8975
v 1.246003 1.748423 4.835760
v 1.200865 1.769627 4.839349
l 8976 8977
v -1.527547 1.115483 4.609213
v -1.554294 1.079015 4.630535
l 8978 8979
v -1.524770 1.116013 4.603397
v -1.522636 1.085038 4.564205
l 8980 8981
v -1.526703 1.119160 4.606353
v -1.544796 1.165563 4.601945
l 8982 8983
v 1.108880 -0.052866 1.597727
v 1.158303 -0.056270 1.590959
l 8984 8985
v -0.658310 0.629414 4.643487
v -0.653483 0.590699 4.612216
l 8986 8987
v -0.972056 0.358013 4.629033
v -0.935414 0.324451 4.634596
l 8988 8989
v -0.974574 0.360020 4.625327
v -1.010519 0.353673 4.591155
l 8990 8991
v -0.972583 0.362755 4.628707
v -0.942071 0.402359 4.629424
l 8992 8993
v 0.156887 0.641102 3.483467
v 0.141752 0.651251 3.530028
l 8994 8995
v 0.155204 0.638670 3.479003
v 0.130048 0.599923 3.459877
l 8996 8997
v 0.161259 0.639595 3.480770
v 0.202234 0.610941 3.480938
l 8998 8999
v 0.157950 0.642597 3.479040
v 0.158260 0.686451 3.455025
l 9000 9001
v -0.860093 0.563438 4.634117
v -0.896716 0.529430 4.632637
l 9002 9003
v -0.857820 0.565918 4.637537
v -0.858804 0.606420 4.666838
l 9004 9005
v -0.857477 0.565838 4.630887
v -0.855428 0.605625 4.600674
l 9006 9007
v -0.653581 0.551318 4.649877
v -0.694846 0.523084 4.649601
l 9008 9009
v -0.650358 0.552787 4.646617
v -0.608896 0.540700 4.621422
l 9010 9011
v -0.650909 0.553528 4.653213
v -0.614353 0.548039 4.686880
l 9012 9013
v -0.652504 0.555896 4.649453
v -0.678664 0.597942 4.642545
l 9014 9015
v -2.047333 0.947405 4.547040
v -2.010407 0.913718 4.545768
l 9016 9017
v -0.833535 0.337654 4.641893
v -0.797802 0.344412 4.676208
l 9018 9019
v -0.948728 0.551222 4.624020
v -0.906434 0.554973 4.597618
l 9020 9021
v -0.850820 0.762501 4.651550
v -0.855543 0.805423 4.626343
l 9022 9023
v -0.956501 0.455936 4.623710
v -0.996256 0.430978 4.606485
l 9024 9025
v -0.953503 0.460140 4.623253
v -0.945006 0.502843 4.598671
l 9026 9027
v -0.953415 0.457306 4.627157
v -0.955082 0.463876 4.676695
l 9028 9029
v -0.761420 0.626832 4.641143
v -0.744186 0.673482 4.646324
l 9030 9031
v -0.909487 1.067233 4.642383
v -0.941944 1.105153 4.645328
l 9032 9033
v -0.329945 0.960978 4.696380
v -0.295357 0.944828 4.728674
l 9034 9035
v -0.981617 0.628094 4.619687
v -1.018738 0.629433 4.586217
l 9036 9037
v -0.979597 0.630033 4.623763
v -0.989208 0.631287 4.672815
l 9038 9039
v -0.976868 0.627462 4.620633
v -0.944753 0.589207 4.622919
l 9040 9041
v -0.909632 0.881328 4.645847
v -0.890682 0.894733 4.601562
l 9042 9043
v -0.250535 0.770599 4.701730
v -0.212666 0.776436 4.733853
l 9044 9045
v -0.252162 0.771889 4.695920
v -0.238121 0.798943 4.656285
l 9046 9047
v -0.257394 0.774095 4.701687
v -0.284760 0.812664 4.717920
l 9048 9049
v -0.758516 0.449229 4.641663
v -0.730457 0.407845 4.641911
l 9050 9051
v -0.855609 0.249551 4.639853
v -0.834348 0.292118 4.655218
l 9052 9053
v -0.753928 0.030891 4.633907
v -0.705123 0.032827 4.644598
l 9054 9055
v -1.032937 -0.025202 4.580437
v -1.068745 -0.047665 4.553731
l 9056 9057
v -0.855825 0.244598 4.640007
v -0.824477 0.206174 4.646405
l 9058 9059
v -0.862216 0.160370 4.638300
v -0.826881 0.125113 4.641197
l 9060 9061
v -0.867076 0.160688 4.638250
v -0.905777 0.129107 4.640457
l 9062 9063
v -0.771783 -0.010706 4.594243
v -0.771852 0.035772 4.575811
l 9064 9065
v -0.563559 0.348924 4.654797
v -0.570472 0.345051 4.704165
l 9066 9067
v 0.123204 0.387352 4.246933
v 0.081584 0.368436 4.267180
l 9068 9069
v 0.093236 1.363267 4.220457
v 0.118542 1.359176 4.177528
l 9070 9071
v 0.093590 1.365413 4.225013
v 0.119038 1.376350 4.266640
l 9072 9073
v 0.089064 1.365997 4.222290
v 0.054563 1.399694 4.209092
l 9074 9075
v -0.951268 0.548635 4.627253
v -0.979718 0.507522 4.626684
l 9076 9077
v -0.951909 0.553383 4.626900
v -0.990879 0.584128 4.620893
l 9078 9079
v -0.760370 0.452137 4.638317
v -0.797184 0.460274 4.605476
l 9080 9081
v -0.760865 0.451841 4.644943
v -0.802205 0.457253 4.672543
l 9082 9083
v -0.757715 0.453959 4.641937
v -0.718103 0.484164 4.646245
l 9084 9085
v 0.129465 0.386959 4.248810
v 0.150697 0.364094 4.287879
l 9086 9087
v -0.141447 0.438724 4.684367
v -0.130387 0.476378 4.653384
l 9088 9089
v -0.361417 0.376406 4.669133
v -0.368493 0.416790 4.640514
l 9090 9091
v 0.109280 0.454664 4.467550
v 0.106007 0.423619 4.506608
l 9092 9093
v 0.106508 0.455672 4.462293
v 0.068515 0.437257 4.435509
l 9094 9095
v 0.111767 0.456074 4.463053
v 0.155664 0.452991 4.439314
l 9096 9097
v 0.108469 0.459416 4.465433
v 0.103037 0.507621 4.477545
l 9098 9099
v 0.120706 0.530405 4.337770
v 0.152008 0.497598 4.358840
l 9100 9101
v 0.114896 0.530898 4.336417
v 0.072719 0.504336 4.340362
l 9102 9103
v -0.150405 0.594932 4.674433
v -0.120126 0.599711 4.634932
l 9104 9105
v 2.234087 0.651591 3.346063
v 2.234520 0.695349 3.370251
l 9106 9107
v -0.030826 0.431057 4.691033
v -0.022798 0.473967 4.666655
l 9108 9109
v -0.034228 0.426296 4.690817
v -0.073750 0.409052 4.665505
l 9110 9111
v -0.030294 0.616436 4.691960
v 0.002500 0.638245 4.722765
l 9112 9113
v -0.139838 0.435984 4.687907
v -0.113681 0.393490 4.691082
l 9114 9115
v -0.348974 0.523039 4.669023
v -0.341911 0.481290 4.642431
l 9116 9117
v 1.346913 0.139616 2.798990
v 1.372864 0.164355 2.764140
l 9118 9119
v 1.337890 0.144831 2.800253
v 1.351088 0.192439 2.792556
l 9120 9121
v 1.212963 -0.040734 2.330960
v 1.200445 -0.087339 2.344049
l 9122 9123
v 1.553163 0.738770 2.855537
v 1.576517 0.694780 2.859951
l 9124 9125
v 0.201137 0.600759 2.996790
v 0.158975 0.626007 3.006002
l 9126 9127
v -0.649700 0.751278 4.667157
v -0.673341 0.708981 4.654826
l 9128 9129
v 0.043529 0.253659 4.700810
v -0.005029 0.256736 4.712326
l 9130 9131
v -0.048723 0.552692 4.689000
v -0.052531 0.554745 4.738812
l 9132 9133
v -0.045828 0.550499 4.685590
v -0.000791 0.547635 4.664062
l 9134 9135
v -0.050456 0.555177 4.685043
v -0.050017 0.597396 4.658261
l 9136 9137
v -0.050678 0.550319 4.685227
v -0.085479 0.515083 4.678345
l 9138 9139
v 0.109865 0.541188 4.466640
v 0.115476 0.568080 4.508417
l 9140 9141
v 0.100579 0.234795 4.650130
v 0.086442 0.267508 4.685201
l 9142 9143
v 0.112874 0.388370 4.501513
v 0.137189 0.392494 4.545008
l 9144 9145
v 0.110248 0.385432 4.498457
v 0.118107 0.345466 4.469457
l 9146 9147
v -0.137872 0.737787 4.699710
v -0.096968 0.719025 4.721501
l 9148 9149
v -0.344742 0.841479 4.696463
v -0.339835 0.805086 4.730397
l 9150 9151
v -0.360059 0.374772 4.674670
v -0.365106 0.394575 4.720303
l 9152 9153
v 0.108454 0.677847 4.578777
v 0.064243 0.690957 4.559449
l 9154 9155
v -0.451306 0.360026 4.666780
v -0.487490 0.394256 4.662421
l 9156 9157
v -0.795872 1.095623 4.658500
v -0.747773 1.104481 4.668895
l 9158 9159
v -0.043250 0.752715 4.710480
v -0.042402 0.710689 4.683404
l 9160 9161
v -0.045239 0.754394 4.714723
v -0.085449 0.766202 4.741995
l 9162 9163
v -0.042214 0.757554 4.709913
v -0.051564 0.801572 4.688120
l 9164 9165
v -0.856570 1.339223 4.647717
v -0.852243 1.290778 4.659307
l 9166 9167
v -0.854877 1.344457 4.649603
v -0.826352 1.365985 4.684572
l 9168 9169
v -0.858707 1.343457 4.646853
v -0.905689 1.360094 4.642873
l 9170 9171
v -0.798769 1.329253 4.655897
v -0.801951 1.315758 4.607858
l 9172 9173
v -0.799482 1.332767 4.659587
v -0.809289 1.381481 4.665135
l 9174 9175
v -0.859788 1.055367 4.652323
v -0.813259 1.073175 4.656551
l 9176 9177
v -0.866391 1.444430 4.645287
v -0.878953 1.485725 4.670524
l 9178 9179
v -1.520963 1.210410 4.602543
v -1.567758 1.214148 4.585331
l 9180 9181
v -1.516537 1.209667 4.600657
v -1.484580 1.175664 4.582696
l 9182 9183
v -1.518793 1.210150 4.606897
v -1.507310 1.180533 4.645509
l 9184 9185
v -1.517347 1.213233 4.603633
v -1.509473 1.262600 4.602657
l 9186 9187
v -0.914399 1.357823 4.638910
v -0.948276 1.321049 4.638894
l 9188 9189
v -1.656650 1.446023 4.562577
v -1.703162 1.445718 4.580922
l 9190 9191
v -1.143800 0.728738 4.625260
v -1.161040 0.692004 4.654473
l 9192 9193
v -1.179453 0.701430 4.600660
v -1.149702 0.702421 4.640833
l 9194 9195
v -0.328841 1.048143 4.687107
v -0.302567 1.048616 4.644569
l 9196 9197
v -0.333223 1.045387 4.689823
v -0.356742 1.001341 4.687205
l 9198 9199
v -0.333798 1.050647 4.689527
v -0.364444 1.088618 4.678618
l 9200 9201
v -0.330058 1.048513 4.691813
v -0.306193 1.053584 4.735457
l 9202 9203
v -0.645304 0.752417 4.668560
v -0.599698 0.734919 4.679234
l 9204 9205
v -0.445433 0.810871 4.682500
v -0.451635 0.767254 4.658855
l 9206 9207
v -1.954353 0.748121 4.556887
v -1.994958 0.770137 4.576032
l 9208 9209
v 0.110229 1.341897 4.238573
v 0.109726 1.375694 4.275417
l 9210 9211
v 0.115982 1.332287 4.241343
v 0.126806 1.286940 4.259414
l 9212 9213
v -0.445343 0.813417 4.686800
v -0.450036 0.813262 4.736579
l 9214 9215
v -0.256793 0.437237 4.682077
v -0.296365 0.407035 4.677391
l 9216 9217
v -1.338493 0.734520 4.605957
v -1.299182 0.758006 4.626032
l 9218 9219
v -1.453357 0.052266 4.599423
v -1.496111 0.035343 4.619062
l 9220 9221
v -1.448567 0.051934 4.598830
v -1.419202 0.063202 4.637699
l 9222 9223
v -1.642643 0.657002 4.576160
v -1.604314 0.660131 4.608114
l 9224 9225
v -0.909286 1.062270 4.642320
v -0.940999 1.023673 4.644458
l 9226 9227
v -1.868613 0.458097 4.562517
v -1.853911 0.429122 4.524513
l 9228 9229
v -1.349567 0.620198 4.593363
v -1.362712 0.606515 4.547104
l 9230 9231
v -1.339083 0.619204 4.594813
v -1.312816 0.646675 4.562327
l 9232 9233
v -1.753933 1.238757 4.562780
v -1.762173 1.196956 4.588948
l 9234 9235
v -1.754323 1.243243 4.560850
v -1.785995 1.281829 4.563690
l 9236 9237
v -0.554078 0.832706 4.665090
v -0.517724 0.866416 4.658608
l 9238 9239
v -0.652323 0.813833 4.670973
v -0.681576 0.854310 4.673401
l 9240 9241
v -0.650323 0.810098 4.674070
v -0.658189 0.776780 4.710512
l 9242 9243
v -0.647716 0.812198 4.670473
v -0.602087 0.831790 4.664627
l 9244 9245
v -1.364090 0.627176 4.592313
v -1.344071 0.612270 4.548989
l 9246 9247
v -1.346283 0.726111 4.603737
v -1.340471 0.683608 4.629422
l 9248 9249
v -1.348617 0.717166 4.593670
v -1.351781 0.685786 4.632468
l 9250 9251
v -1.451890 0.756142 4.612043
v -1.420748 0.786553 4.636647
l 9252 9253
v -1.455220 0.756121 4.607820
v -1.487919 0.782656 4.580863
l 9254 9255
v -1.455667 0.752420 4.612960
v -1.493267 0.738176 4.642680
l 9256 9257
v -1.452663 0.752348 4.609247
v -1.424123 0.717896 4.586920
l 9258 9259
v -1.654313 1.242973 4.559373
v -1.620971 1.280023 4.563320
l 9260 9261
v -1.657040 1.240460 4.562407
v -1.658503 1.201216 4.593354
l 9262 9263
v -1.656017 1.240240 4.555827
v -1.648417 1.199046 4.528526
l 9264 9265
v -1.658960 1.242587 4.558663
v -1.696461 1.274927 4.551750
l 9266 9267
v -1.435323 0.623190 4.591953
v -1.393947 0.651049 4.588505
l 9268 9269
v -1.177947 0.703064 4.594403
v -1.134182 0.719217 4.576411
l 9270 9271
v 0.073955 1.263710 4.160143
v 0.075186 1.296888 4.122758
l 9272 9273
v -1.449027 0.713494 4.589233
v -1.477954 0.683870 4.561204
l 9274 9275
v -0.840767 -0.059945 2.283877
v -0.847662 -0.039281 2.328882
l 9276 9277
v -0.906187 1.064687 4.645357
v -0.866652 1.065897 4.675942
l 9278 9279
v -0.906701 1.064750 4.638880
v -0.872474 1.066601 4.602478
l 9280 9281
v -1.444983 0.454149 4.593780
v -1.447746 0.503619 4.587065
l 9282 9283
v -1.444547 0.450498 4.597517
v -1.426839 0.434832 4.641574
l 9284 9285
v -1.447880 0.449750 4.593380
v -1.494994 0.435360 4.584824
l 9286 9287
v -0.649529 0.754067 4.671000
v -0.668479 0.786272 4.704223
l 9288 9289
v -1.534240 0.889384 4.614183
v -1.570245 0.871279 4.643778
l 9290 9291
v -1.538310 0.911947 4.609070
v -1.509405 0.945585 4.632156
l 9292 9293
v -1.745357 0.947238 4.564460
v -1.781289 0.912570 4.561812
l 9294 9295
v -1.433513 0.449822 4.592457
v -1.409147 0.484914 4.566479
l 9296 9297
v -1.436410 0.445423 4.592057
v -1.432766 0.409970 4.556988
l 9298 9299
v -1.366397 0.631124 4.595110
v -1.392328 0.673650 4.590744
l 9300 9301
v -0.861337 0.942013 4.654757
v -0.818184 0.921839 4.669950
l 9302 9303
v -1.449547 0.717576 4.591927
v -1.485395 0.749893 4.604985
l 9304 9305
v -1.445910 0.717232 4.588537
v -1.401932 0.733981 4.571642
l 9306 9307
v -1.836403 0.542255 4.571110
v -1.847824 0.586882 4.590553
l 9308 9309
v -1.438220 0.620727 4.588910
v -1.445467 0.580230 4.560493
l 9310 9311
v -1.517970 1.070157 4.607077
v -1.515586 1.020547 4.612836
l 9312 9313
v -2.442420 1.358453 4.505137
v -2.434438 1.394208 4.539164
l 9314 9315
v -1.661073 0.853630 4.567810
v -1.681675 0.891399 4.542333
l 9316 9317
v -1.746777 1.551217 4.551537
v -1.702438 1.531559 4.539386
l 9318 9319
v -1.750380 1.555390 4.548953
v -1.747308 1.595432 4.519168
l 9320 9321
v -1.749480 1.553827 4.554767
v -1.751497 1.578851 4.598007
l 9322 9323
v -1.751543 1.551357 4.551233
v -1.788238 1.517565 4.547827
l 9324 9325
v -1.954960 1.346313 4.543513
v -1.999372 1.365959 4.555413
l 9326 9327
v -2.538277 1.039287 4.498407
v -2.539760 1.034187 4.548124
l 9328 9329
v -2.547563 1.048700 4.503600
v -2.557425 1.006504 4.528545
l 9330 9331
v -1.846157 1.135577 4.559833
v -1.881667 1.100428 4.557924
l 9332 9333
v -1.527097 0.881134 4.609340
v -1.509233 0.835163 4.601118
l 9334 9335
v -2.148190 1.255273 4.531603
v -2.114457 1.218387 4.532830
l 9336 9337
v -2.043430 1.254420 4.539297
v -2.008476 1.218668 4.539381
l 9338 9339
v -2.145470 1.456920 4.523653
v -2.114192 1.419487 4.534629
l 9340 9341
v -3.048163 1.651497 4.440907
v -3.039446 1.639584 4.393135
l 9342 9343
v -1.954917 1.653977 4.524487
v -1.996262 1.661994 4.497537
l 9344 9345
v -2.048190 1.648587 4.531333
v -2.045209 1.609530 4.562409
l 9346 9347
v -2.149387 1.354703 4.532200
v -2.174240 1.394717 4.548970
l 9348 9349
v -2.143553 1.352557 4.532917
v -2.103261 1.368587 4.557808
l 9350 9351
v -2.146470 1.352403 4.528960
v -2.144022 1.342700 4.479972
l 9352 9353
v -2.148030 1.349627 4.533273
v -2.166115 1.305505 4.548314
l 9354 9355
v -2.252677 0.949248 4.530630
v -2.218294 0.912946 4.530859
l 9356 9357
v -2.254890 0.952096 4.527297
v -2.250494 0.991546 4.496894
l 9358 9359
v -2.254980 0.952053 4.533937
v -2.251446 0.991105 4.564960
l 9360 9361
v -2.257413 0.949727 4.530567
v -2.296471 0.918518 4.529834
l 9362 9363
v -1.847383 1.441843 4.548587
v -1.858585 1.397077 4.529339
l 9364 9365
v -2.239167 1.749203 4.506197
v -2.238576 1.798341 4.496972
l 9366 9367
v -2.655860 2.242677 4.456477
v -2.691337 2.247838 4.421623
l 9368 9369
v -1.665743 2.243507 4.543787
v -1.708660 2.242393 4.569417
l 9370 9371
v -2.251653 1.154657 4.522530
v -2.208424 1.153476 4.497434
l 9372 9373
v -2.355413 1.727270 4.504227
v -2.397728 1.715458 4.528100
l 9374 9375
v -2.353620 1.736570 4.502603
v -2.325753 1.756928 4.538783
l 9376 9377
v -1.951247 1.342207 4.545700
v -1.950012 1.303803 4.577694
l 9378 9379
v -2.453743 1.750083 4.484783
v -2.460787 1.707353 4.459794
l 9380 9381
v 1.026420 1.951377 4.769450
v 1.052130 1.991531 4.754395
l 9382 9383
v 1.022503 1.947603 4.767563
v 0.994621 1.937090 4.727413
l 9384 9385
v 1.022040 1.949893 4.772880
v 0.987990 1.969906 4.803541
l 9386 9387
v 1.025487 1.947067 4.771227
v 1.052749 1.909487 4.789789
l 9388 9389
v -2.941333 1.747743 4.444597
v -2.904711 1.739339 4.477584
l 9390 9391
v -1.574780 2.237990 4.562197
v -1.535030 2.211435 4.576851
l 9392 9393
v -1.875760 2.351777 4.509630
v -1.914317 2.357385 4.478294
l 9394 9395
v -1.872433 2.347547 4.512293
v -1.861414 2.299606 4.503334
l 9396 9397
v -1.874497 2.350980 4.515447
v -1.897769 2.359962 4.558780
l 9398 9399
v -1.871380 2.352367 4.511860
v -1.830823 2.381203 4.507001
l 9400 9401
v -1.750697 1.849563 4.543447
v -1.705045 1.862076 4.559551
l 9402 9403
v -1.662887 2.340187 4.539130
v -1.665451 2.376544 4.573358
l 9404 9405
v -1.659950 2.337600 4.536043
v -1.623552 2.303473 4.539293
l 9406 9407
v -1.661830 2.340693 4.532617
v -1.654376 2.381849 4.505219
l 9408 9409
v 2.084070 2.583970 4.654790
v 2.132345 2.588637 4.666945
l 9410 9411
v -1.940970 2.344537 4.509050
v -1.962330 2.323219 4.469184
l 9412 9413
v -1.993837 2.388213 4.493163
v -2.028033 2.393688 4.457099
l 9414 9415
v -1.947483 2.549117 4.506203
v -1.955594 2.530394 4.460556
l 9416 9417
v -1.947447 2.547563 4.511837
v -1.955079 2.508071 4.541537
l 9418 9419
v -1.949477 2.552490 4.510177
v -1.985196 2.586159 4.519693
l 9420 9421
v -1.944513 2.551250 4.509803
v -1.899210 2.571719 4.515153
l 9422 9423
v -2.262457 2.056487 4.497487
v -2.262406 2.090840 4.533816
l 9424 9425
v -2.325607 2.607910 4.479297
v -2.302316 2.638646 4.511121
l 9426 9427
v -2.045397 2.157503 4.512317
v -2.074176 2.198361 4.510782
l 9428 9429
v -2.234560 2.174723 4.502547
v -2.249321 2.127001 4.504708
l 9430 9431
v -2.348473 1.944513 4.493083
v -2.354395 1.922262 4.537466
l 9432 9433
v -2.449543 2.141660 4.475803
v -2.496758 2.150987 4.462245
l 9434 9435
v -2.445037 2.137820 4.473967
v -2.439801 2.102436 4.439030
l 9436 9437
v -2.444843 2.141997 4.476167
v -2.412040 2.179694 4.477842
l 9438 9439
v -1.953900 1.653780 4.530927
v -1.986787 1.656994 4.568451
l 9440 9441
v -1.951287 1.655783 4.527513
v -1.911744 1.685918 4.522191
l 9442 9443
v -1.952087 1.650750 4.527243
v -1.926432 1.608168 4.521893
l 9444 9445
v -1.846820 1.655633 4.540920
v -1.815661 1.694718 4.542137
l 9446 9447
v -2.352873 2.051663 4.487290
v -2.385995 2.014876 4.480244
l 9448 9449
v -2.059383 2.049600 4.511917
v -2.095114 2.059438 4.478352
l 9450 9451
v -2.146247 1.749297 4.515740
v -2.180129 1.784281 4.504422
l 9452 9453
v -2.144400 1.747307 4.519793
v -2.112540 1.752825 4.557931
l 9454 9455
v -2.146053 1.744563 4.516263
v -2.178666 1.706841 4.512601
l 9456 9457
v -2.282590 1.678363 4.497557
v -2.330409 1.692913 4.498862
l 9458 9459
v -2.455930 2.051103 4.477770
v -2.494000 2.049494 4.445396
l 9460 9461
v -3.051023 1.449757 4.452257
v -3.008223 1.424160 4.448664
l 9462 9463
v -3.053480 1.454777 4.449533
v -3.039119 1.487315 4.414391
l 9464 9465
v -3.053610 1.453800 4.454943
v -3.053047 1.477853 4.498774
l 9466 9467
v -3.055537 1.451047 4.451607
v -3.098962 1.426861 4.446197
l 9468 9469
v -2.213070 2.191657 4.498053
v -2.178879 2.169770 4.468866
l 9470 9471
v -2.222907 1.750813 4.502910
v -2.244099 1.795992 4.506031
l 9472 9473
v -0.914142 1.362870 4.638803
v -0.944760 1.402366 4.637175
l 9474 9475
v -1.853633 1.850577 4.534877
v -1.824330 1.890903 4.538758
l 9476 9477
v -2.352467 0.853060 4.523863
v -2.382166 0.893028 4.519335
l 9478 9479
v -0.867954 1.438897 4.644410
v -0.899519 1.404483 4.662281
l 9480 9481
v -3.207367 0.946628 4.454740
v -3.160963 0.946840 4.473359
l 9482 9483
v -1.523773 1.436120 4.601427
v -1.489174 1.462393 4.576676
l 9484 9485
v -1.524157 1.432590 4.605200
v -1.508987 1.389261 4.625010
l 9486 9487
v -1.528520 1.434153 4.600760
v -1.560384 1.407683 4.572760
l 9488 9489
v -1.527280 1.436537 4.605023
v -1.545999 1.471328 4.635669
l 9490 9491
v -2.248487 1.452340 4.514210
v -2.281374 1.414723 4.512360
l 9492 9493
v -2.834147 1.351820 4.465627
v -2.790983 1.350629 4.440418
l 9494 9495
v -3.053487 1.348510 4.456823
v -3.013037 1.357212 4.484896
l 9496 9497
v -3.054070 1.347253 4.450550
v -3.021447 1.345707 4.412690
l 9498 9499
v -3.056907 1.349890 4.453820
v -3.096069 1.380869 4.451256
l 9500 9501
v -3.056307 1.344757 4.454547
v -3.082369 1.303449 4.465245
l 9502 9503
v -2.364183 1.557877 4.502957
v -2.398285 1.537944 4.533612
l 9504 9505
v -1.659043 1.360740 4.554600
v -1.665963 1.401077 4.525876
l 9506 9507
v -1.658577 1.360320 4.561170
v -1.661031 1.396623 4.595464
l 9508 9509
v -1.655817 1.358197 4.557523
v -1.612616 1.333457 4.552873
l 9510 9511
v -1.660493 1.357603 4.557817
v -1.691257 1.318189 4.557482
l 9512 9513
v -2.648507 2.156650 4.466957
v -2.608618 2.127091 4.472890
l 9514 9515
v -2.653217 2.156253 4.466503
v -2.685881 2.118409 4.465595
l 9516 9517
v -2.545283 2.244860 4.477193
v -2.515583 2.285073 4.478087
l 9518 9519
v -2.547317 2.241957 4.480460
v -2.541037 2.202603 4.510657
l 9520 9521
v -2.547130 2.241967 4.473807
v -2.539165 2.202714 4.443877
l 9522 9523
v -2.549990 2.244007 4.477060
v -2.591520 2.271828 4.475937
l 9524 9525
v -2.221910 2.187470 4.496920
v -2.254533 2.208534 4.465423
l 9526 9527
v -2.362703 2.147407 4.483923
v -2.396771 2.146309 4.520505
l 9528 9529
v -2.340790 1.849170 4.496753
v -2.305066 1.848692 4.531733
l 9530 9531
v -2.652053 1.951963 4.467123
v -2.650445 1.993658 4.494673
l 9532 9533
v -2.651230 1.951630 4.460517
v -2.642425 1.990388 4.430180
l 9534 9535
v -2.847193 2.347090 4.446273
v -2.879919 2.384871 4.444995
l 9536 9537
v -2.654300 1.949713 4.463597
v -2.694057 1.919588 4.460162
l 9538 9539
v -2.344127 2.247687 4.477843
v -2.303746 2.233617 4.451930
l 9540 9541
v -2.952273 1.842147 4.439090
v -2.962438 1.799953 4.414263
l 9542 9543
v -2.854610 1.851850 4.450533
v -2.892037 1.884996 4.451292
l 9544 9545
v -2.545630 1.847693 4.483997
v -2.518682 1.846289 4.526090
l 9546 9547
v -2.556897 1.452303 4.492890
v -2.605592 1.444148 4.485001
l 9548 9549
v -2.453657 2.048777 4.481200
v -2.416026 2.015895 4.482858
l 9550 9551
v -2.350143 1.947167 4.489263
v -2.386332 1.980486 4.480307
l 9552 9553
v -2.645510 1.355403 4.488657
v -2.600011 1.356543 4.509358
l 9554 9555
v -2.647743 1.355590 4.482700
v -2.626972 1.358833 4.437334
l 9556 9557
v -2.649727 1.358117 4.486920
v -2.677993 1.397625 4.498756
l 9558 9559
v -2.649490 1.353150 4.486673
v -2.678805 1.313839 4.496433
l 9560 9561
v -2.363397 2.148013 4.477437
v -2.404380 2.153024 4.449236
l 9562 9563
v -2.360403 2.144870 4.480130
v -2.333252 2.103435 4.473353
l 9564 9565
v -2.360107 2.149660 4.480550
v -2.323600 2.183818 4.479843
l 9566 9567
v -2.259573 1.959327 4.497830
v -2.286917 1.917553 4.495129
l 9568 9569
v -2.357897 2.354087 4.474413
v -2.356894 2.398343 4.451167
l 9570 9571
v -2.357143 2.351837 4.479943
v -2.346656 2.368030 4.526072
l 9572 9573
v -2.354877 2.349387 4.475377
v -2.313465 2.325859 4.460162
l 9574 9575
v -2.359573 2.349950 4.476247
v -2.400837 2.322281 4.470610
l 9576 9577
v -1.985883 2.394603 4.492977
v -1.966471 2.400747 4.447310
l 9578 9579
v -2.015743 2.544257 4.506347
v -2.023992 2.587564 4.529936
l 9580 9581
v -2.014707 2.538893 4.507213
v -2.001807 2.504193 4.540821
l 9582 9583
v -2.017437 2.540567 4.503187
v -2.057664 2.528413 4.476093
l 9584 9585
v -2.259593 2.141710 4.492550
v -2.307005 2.156173 4.485995
l 9586 9587
v -2.175380 2.353593 4.492487
v -2.147143 2.362411 4.452176
l 9588 9589
v -1.662897 2.048087 4.541433
v -1.710841 2.051397 4.527636
l 9590 9591
v -1.659420 2.048327 4.545617
v -1.654929 2.055225 4.594934
l 9592 9593
v -1.657840 2.050467 4.540640
v -1.633968 2.088483 4.518620
l 9594 9595
v -2.255037 2.338607 4.491490
v -2.218300 2.358016 4.519305
l 9596 9597
v -2.344873 2.247617 4.484453
v -2.311274 2.232912 4.518437
l 9598 9599
v 0.119398 0.443145 4.332657
v 0.141211 0.482215 4.310348
l 9600 9601
v 0.120196 0.440042 4.337723
v 0.141878 0.444390 4.382567
l 9602 9603
v -2.171823 2.147030 4.504863
v -2.198845 2.167722 4.541492
l 9604 9605
v -2.340093 1.849547 4.490170
v -2.297853 1.852587 4.463590
l 9606 9607
v -1.941110 2.344473 4.514533
v -1.968878 2.334612 4.554927
l 9608 9609
v -1.939713 2.349463 4.511117
v -1.951092 2.398151 4.511388
l 9610 9611
v -1.937137 2.345417 4.511900
v -1.888810 2.332634 4.512986
l 9612 9613
v 0.204250 0.597000 2.996683
v 0.202546 0.547794 3.005393
l 9614 9615
v -1.125333 -0.075943 1.808117
v -1.101837 -0.101764 1.843911
l 9616 9617
v -1.126653 -0.070206 1.806827
v -1.119545 -0.024829 1.826586
l 9618 9619
v -1.126330 -0.073955 1.803910
v -1.111787 -0.081240 1.756630
l 9620 9621
v -2.345953 2.250847 4.481017
v -2.364214 2.297366 4.479447
l 9622 9623
v -2.347657 2.246400 4.480777
v -2.392828 2.225633 4.475454
l 9624 9625
v -2.063063 2.250083 4.511937
v -2.103600 2.279297 4.513771
l 9626 9627
v -2.059817 2.248557 4.508533
v -2.051748 2.219016 4.469008
l 9628 9629
v -2.060797 2.246800 4.514853
v -2.061874 2.200815 4.534454
l 9630 9631
v -2.058363 2.250310 4.512727
v -2.026231 2.285643 4.527530
l 9632 9633
v -1.127700 -0.083725 1.579477
v -1.154942 -0.125429 1.583791
l 9634 9635
v -0.968781 -0.070643 1.863253
v -0.928191 -0.067679 1.892299
l 9636 9637
v -0.495033 -0.062949 2.043283
v -0.526468 -0.048720 2.007098
l 9638 9639
v -0.493802 -0.066290 2.046757
v -0.504146 -0.109298 2.070066
l 9640 9641
v -0.493256 -0.060522 2.048550
v -0.509189 -0.029312 2.084216
l 9642 9643
v -0.490576 -0.062944 2.045270
v -0.443283 -0.062381 2.029051
l 9644 9645
v -1.454007 0.054174 4.593097
v -1.500530 0.045394 4.577018
l 9646 9647
v -1.452520 0.065757 4.595303
v -1.467971 0.086098 4.552321
l 9648 9649
v -0.753475 -0.074342 1.750003
v -0.783284 -0.077037 1.709951
l 9650 9651
v -0.447405 -0.078887 1.460970
v -0.442636 -0.086477 1.510160
l 9652 9653
v -0.942470 -0.082356 1.365713
v -0.955981 -0.035765 1.377827
l 9654 9655
v -0.948163 -0.085790 1.468160
v -0.908772 -0.089494 1.498732
l 9656 9657
v -1.127407 -0.078382 1.580130
v -1.155802 -0.037271 1.582036
l 9658 9659
v -1.133893 -0.075952 1.636537
v -1.143577 -0.048949 1.595585
l 9660 9661
v -1.213607 -0.075611 1.783503
v -1.222521 -0.096728 1.739067
l 9662 9663
v -1.123283 -0.080819 1.582603
v -1.097170 -0.087404 1.624731
l 9664 9665
v -0.750610 -0.089975 1.246760
v -0.767839 -0.135519 1.235405
l 9666 9667
v -1.068940 -0.077510 1.768157
v -1.100219 -0.103554 1.797198
l 9668 9669
v -1.133647 -0.074396 2.086587
v -1.176677 -0.094065 2.070415
l 9670 9671
v -0.864709 -0.077922 1.565277
v -0.902674 -0.079380 1.532773
l 9672 9673
v -0.853057 -0.075630 1.651207
v -0.803507 -0.072818 1.645132
l 9674 9675
v -0.943898 -0.086581 1.362693
v -0.969478 -0.103763 1.323317
l 9676 9677
v -0.848564 -0.083805 1.469540
v -0.859169 -0.112048 1.509413
l 9678 9679
v -0.950849 -0.082556 1.466017
v -0.951599 -0.032587 1.464442
l 9680 9681
v -0.658806 -0.075933 1.541160
v -0.623614 -0.073787 1.576613
l 9682 9683
v -0.752896 -0.084372 1.247867
v -0.797606 -0.062082 1.249900
l 9684 9685
v -0.941893 -0.087242 1.367470
v -0.947295 -0.114924 1.408755
l 9686 9687
v -0.854867 -0.077234 1.726380
v -0.818553 -0.105467 1.745981
l 9688 9689
v -0.938230 -0.085346 1.364263
v -0.892230 -0.086929 1.344733
l 9690 9691
v -0.840824 -0.089749 1.258960
v -0.847291 -0.115024 1.301614
l 9692 9693
v -1.133573 -0.082585 1.636977
v -1.140370 -0.115551 1.600003
l 9694 9695
v -1.130853 -0.079002 1.638697
v -1.088301 -0.075225 1.664677
l 9696 9697
v -1.135540 -0.079161 1.639700
v -1.163552 -0.077766 1.681093
l 9698 9699
v -1.245543 -0.074298 1.870360
v -1.213264 -0.103493 1.845749
l 9700 9701
v -0.817532 -0.087070 1.156307
v -0.813960 -0.039200 1.142317
l 9702 9703
v -0.947703 -0.078972 1.582300
v -0.949361 -0.128926 1.580926
l 9704 9705
v -0.256501 -0.082238 1.467180
v -0.235294 -0.126392 1.477216
l 9706 9707
v 0.061214 -0.102112 0.498237
v 0.094043 -0.130091 0.523524
l 9708 9709
v 0.201444 0.742927 2.976527
v 0.249771 0.736709 2.987745
l 9710 9711
v 0.205220 0.741321 2.964690
v 0.249260 0.737013 2.987970
l 9712 9713
v -0.949050 -0.085956 1.463287
v -0.951691 -0.115050 1.422709
l 9714 9715
v 0.072201 1.263367 4.164830
v 0.047734 1.285384 4.202467
l 9716 9717
v -0.748381 -0.085329 1.244853
v -0.722312 -0.067078 1.206288
l 9718 9719
v -0.748704 -0.086423 1.249730
v -0.720520 -0.083056 1.290893
l 9720 9721
v -0.738577 -0.093609 1.063183
v -0.763589 -0.105399 1.104842
l 9722 9723
v -1.031457 -0.083400 1.472350
v -0.992346 -0.083890 1.441204
l 9724 9725
v -1.052877 -0.081307 1.547313
v -1.051307 -0.131281 1.547583
l 9726 9727
v -1.199843 -0.078517 1.670980
v -1.184216 -0.080129 1.623512
l 9728 9729
v -1.123850 -0.080975 1.577520
v -1.096643 -0.077358 1.535727
l 9730 9731
v -1.033893 -0.086683 1.474733
v -1.037831 -0.115760 1.515218
l 9732 9733
v -1.048907 -0.078382 1.638673
v -1.070338 -0.076793 1.593527
l 9734 9735
v -1.033980 -0.080037 1.474520
v -1.038708 -0.048544 1.513066
l 9736 9737
v -1.131923 -0.069830 2.073853
v -1.173938 -0.095435 2.064956
l 9738 9739
v -1.212170 -0.070581 1.786073
v -1.209064 -0.021870 1.775227
l 9740 9741
v -1.209540 -0.074952 1.787623
v -1.165449 -0.094376 1.800990
l 9742 9743
v -1.214583 -0.074458 1.788400
v -1.249025 -0.082660 1.823706
l 9744 9745
v -2.248903 1.746053 4.505310
v -2.255380 1.714999 4.543958
l 9746 9747
v -1.144817 -0.075646 1.736400
v -1.100706 -0.073393 1.759835
l 9748 9749
v -1.247517 -0.072107 1.874463
v -1.246686 -0.077119 1.924205
l 9750 9751
v -0.354213 -0.060799 2.024633
v -0.312971 -0.039353 2.006216
l 9752 9753
v -1.250783 -0.072487 1.870630
v -1.296813 -0.081677 1.853402
l 9754 9755
v -1.123747 -0.066396 1.955930
v -1.090541 -0.038566 1.930973
l 9756 9757
v -1.069027 -0.065502 1.953640
v -1.105064 -0.031561 1.946619
l 9758 9759
v -1.069320 -0.072086 1.953253
v -1.108176 -0.101656 1.942489
l 9760 9761
v -1.067123 -0.069069 1.956567
v -1.044807 -0.072682 2.001164
l 9762 9763
v -1.065990 -0.068841 1.951850
v -1.024213 -0.069089 1.924379
l 9764 9765
v -0.755023 -0.068451 1.934897
v -0.758770 -0.118298 1.936033
l 9766 9767
v -0.839038 -0.066857 1.926303
v -0.818000 -0.049803 1.884273
l 9768 9769
v -0.841786 -0.070869 1.928540
v -0.862983 -0.115508 1.920921
l 9770 9771
v -0.839306 -0.067553 1.931127
v -0.807795 -0.067489 1.969947
l 9772 9773
v -0.957307 -0.067623 2.035190
v -0.944036 -0.089853 1.992415
l 9774 9775
v -0.748720 -0.074027 1.750823
v -0.705870 -0.099443 1.755057
l 9776 9777
v -0.947678 -0.077065 1.762803
v -0.936949 -0.123033 1.746316
l 9778 9779
v -0.820994 -0.068876 2.025613
v -0.782417 -0.097017 2.040443
l 9780 9781
v 1.724437 0.141431 2.900993
v 1.693957 0.138273 2.940503
l 9782 9783
v 1.719470 0.147099 2.891597
v 1.675554 0.168153 2.880279
l 9784 9785
v -0.956828 -0.066535 2.040027
v -0.923377 -0.072986 2.076624
l 9786 9787
v -1.044487 -0.078600 1.640323
v -0.998986 -0.080282 1.619663
l 9788 9789
v -1.056030 -0.078021 1.545943
v -1.099858 -0.054286 1.541977
l 9790 9791
v -0.958846 -0.062782 2.037450
v -0.967960 -0.014633 2.027520
l 9792 9793
v -0.944972 -0.063030 2.146243
v -0.983804 -0.062278 2.114755
l 9794 9795
v -0.357185 -0.062184 2.028303
v -0.358034 -0.059245 2.078210
l 9796 9797
v 0.039147 0.052935 4.695410
v 0.033641 0.072392 4.741138
l 9798 9799
v 0.042082 0.052417 4.691070
v 0.089606 0.046255 4.676804
l 9800 9801
v 0.037611 0.050110 4.691513
v 0.017063 0.005337 4.682956
l 9802 9803
v -1.349957 -0.031294 4.559167
v -1.357786 0.016687 4.547482
l 9804 9805
v 0.166223 0.250932 3.459053
v 0.129384 0.262912 3.490666
l 9806 9807
v -0.207025 -0.110007 0.288706
v -0.174630 -0.141577 0.310010
l 9808 9809
v -0.541774 -0.088494 1.250467
v -0.502732 -0.119216 1.244820
l 9810 9811
v -0.541751 -0.081861 1.250723
v -0.502492 -0.051071 1.247448
l 9812 9813
v -0.544050 -0.085279 1.253420
v -0.571919 -0.086786 1.294905
l 9814 9815
v -0.544588 -0.085095 1.248700
v -0.583456 -0.083742 1.217277
l 9816 9817
v -0.753808 -0.085834 1.149543
v -0.792934 -0.058113 1.163708
l 9818 9819
v 0.059560 -0.064280 1.742737
v 0.026242 -0.064047 1.705457
l 9820 9821
v 0.151980 -0.094841 0.651353
v 0.156266 -0.104459 0.700231
l 9822 9823
v -0.746703 -0.075944 1.661860
v -0.751246 -0.119095 1.686706
l 9824 9825
v 0.520778 -0.086479 0.765595
v 0.533117 -0.091108 0.717363
l 9826 9827
v 0.517805 -0.089113 0.769671
v 0.483609 -0.124505 0.778508
l 9828 9829
v 0.518334 -0.083207 0.769239
v 0.490780 -0.041999 0.775769
l 9830 9831
v 0.522000 -0.086437 0.770487
v 0.562847 -0.087998 0.799281
l 9832 9833
v 0.202801 0.653660 3.015287
v 0.230788 0.614849 3.029793
l 9834 9835
v -0.782350 -0.014883 4.590237
v -0.808111 0.026467 4.578991
l 9836 9837
v 0.349226 -0.094189 0.643705
v 0.371664 -0.124890 0.611240
l 9838 9839
v 0.532679 0.826763 2.808313
v 0.505790 0.816966 2.849313
l 9840 9841
v 0.233930 0.288346 2.802430
v 0.200821 0.262325 2.829387
l 9842 9843
v 0.547425 -0.083897 0.846949
v 0.516630 -0.085731 0.807600
l 9844 9845
v 0.349099 -0.076949 1.343620
v 0.358936 -0.098429 1.387686
l 9846 9847
v 0.245929 -0.068568 1.718923
v 0.245915 -0.103482 1.683132
l 9848 9849
v -0.541804 -0.094299 1.039223
v -0.525833 -0.140967 1.031035
l 9850 9851
v 1.041650 -0.049902 1.739873
v 1.016205 -0.046043 1.697005
l 9852 9853
v -0.551171 -0.095226 0.845662
v -0.512342 -0.081123 0.873830
l 9854 9855
v -2.256170 2.140857 4.496393
v -2.234732 2.158274 4.538071
l 9856 9857
v 0.765973 -0.054979 1.872997
v 0.771126 -0.083628 1.913650
l 9858 9859
v 0.407551 -0.087968 0.589121
v 0.398867 -0.044855 0.612910
l 9860 9861
v 0.336984 -0.090827 0.548999
v 0.294610 -0.064295 0.549687
l 9862 9863
v 0.243572 -0.065146 1.721350
v 0.209476 -0.063806 1.757897
l 9864 9865
v 0.227934 -0.100800 0.420473
v 0.245147 -0.102312 0.373553
l 9866 9867
v -0.051084 -0.109222 0.240407
v -0.019565 -0.106778 0.201670
l 9868 9869
v -0.250902 -0.083917 1.043197
v -0.291317 -0.054482 1.043726
l 9870 9871
v 0.250667 -0.101913 0.442131
v 0.270359 -0.142753 0.421054
l 9872 9873
v -0.208855 -0.108454 0.283756
v -0.202310 -0.118090 0.235132
l 9874 9875
v -0.122890 -0.111769 0.186332
v -0.113770 -0.086729 0.144026
l 9876 9877
v -0.054365 -0.097049 0.647076
v -0.099749 -0.112003 0.632356
l 9878 9879
v 0.442768 -0.068631 1.561760
v 0.424894 -0.072143 1.608324
l 9880 9881
v 0.256657 -0.098160 0.452109
v 0.287543 -0.089073 0.490364
l 9882 9883
v 0.250193 -0.095544 0.441000
v 0.271675 -0.059072 0.414386
l 9884 9885
v 0.346603 -0.091666 0.747220
v 0.308279 -0.123203 0.741166
l 9886 9887
v 0.242414 -0.081165 1.046610
v 0.252306 -0.052229 1.007052
l 9888 9889
v 0.350324 -0.086424 0.845166
v 0.388701 -0.081872 0.876892
l 9890 9891
v -0.246760 -0.092928 0.745745
v -0.206722 -0.063217 0.749506
l 9892 9893
v -1.662007 2.491167 4.513963
v -1.695902 2.454476 4.511763
l 9894 9895
v 0.922978 -0.062032 1.350560
v 0.959052 -0.029838 1.363298
l 9896 9897
v 0.448066 -0.087527 0.746409
v 0.411139 -0.087883 0.780117
l 9898 9899
v 0.429319 -0.088466 0.653639
v 0.385386 -0.074014 0.634636
l 9900 9901
v 0.247100 -0.080788 1.127833
v 0.277718 -0.082587 1.167322
l 9902 9903
v -0.857660 -0.078393 1.649513
v -0.871504 -0.119325 1.624356
l 9904 9905
v -0.857375 -0.075406 1.653220
v -0.875042 -0.074635 1.699988
l 9906 9907
v 0.756533 -0.061397 1.455017
v 0.775238 -0.030978 1.490014
l 9908 9909
v -0.641452 -0.062649 2.016050
v -0.634376 -0.038897 1.972625
l 9910 9911
v 0.542354 0.826287 2.809767
v 0.567591 0.868301 2.819661
l 9912 9913
v 0.800469 2.451983 4.669223
v 0.800856 2.501517 4.662423
l 9914 9915
v -0.837542 -0.063956 2.129887
v -0.846414 -0.079896 2.083334
l 9916 9917
v 0.465434 -0.054647 1.939230
v 0.509490 -0.033326 1.929007
l 9918 9919
v 2.110533 0.905230 3.239507
v 2.092248 0.860049 3.250657
l 9920 9921
v 1.651137 0.835638 2.870267
v 1.618696 0.867805 2.890588
l 9922 9923
v 1.140863 -0.039605 1.974997
v 1.136086 -0.007761 2.013247
l 9924 9925
v 2.559987 1.627440 4.786430
v 2.523936 1.606153 4.759095
l 9926 9927
v 1.448707 0.547138 2.828887
v 1.435876 0.546028 2.780574
l 9928 9929
v 1.371493 0.737506 2.803610
v 1.374220 0.773860 2.769390
l 9930 9931
v 1.368303 0.731701 2.803150
v 1.341523 0.714331 2.764665
l 9932 9933
v 1.368597 0.735052 2.806733
v 1.347276 0.743244 2.851212
l 9934 9935
v 1.372507 0.733049 2.804917
v 1.412517 0.709583 2.823586
l 9936 9937
v 1.564287 0.111252 2.849537
v 1.518790 0.131108 2.843550
l 9938 9939
v 1.567027 0.107529 2.852290
v 1.565687 0.066183 2.880375
l 9940 9941
v 1.569217 0.112215 2.851190
v 1.598262 0.147970 2.870632
l 9942 9943
v 0.345507 -0.086572 0.845498
v 0.311143 -0.084303 0.881747
l 9944 9945
v 0.347656 -0.083450 0.842451
v 0.343933 -0.056943 0.800219
l 9946 9947
v 0.347904 -0.090057 0.843099
v 0.346465 -0.124460 0.806845
l 9948 9949
v 1.375700 0.835219 2.824257
v 1.361462 0.878480 2.844891
l 9950 9951
v 1.549517 0.454333 2.860677
v 1.566702 0.497840 2.878335
l 9952 9953
v 1.560337 0.060983 2.852977
v 1.603319 0.046965 2.831622
l 9954 9955
v 2.248010 0.258002 3.260523
v 2.276685 0.298722 3.256097
l 9956 9957
v 2.244507 0.255247 3.258450
v 2.241010 0.222324 3.220981
l 9958 9959
v 2.245110 0.255332 3.263140
v 2.251167 0.220800 3.298790
l 9960 9961
v 1.647643 0.744519 2.878750
v 1.598731 0.751848 2.871407
l 9962 9963
v 2.241250 0.254103 3.343150
v 2.215526 0.255288 3.300291
l 9964 9965
v 1.329223 0.263354 2.802707
v 1.338119 0.308583 2.822077
l 9966 9967
v 1.545040 0.650180 2.859593
v 1.514830 0.623195 2.888906
l 9968 9969
v 1.543767 0.653962 2.854407
v 1.500730 0.665051 2.831496
l 9970 9971
v 1.547507 0.650593 2.855160
v 1.582294 0.626181 2.828818
l 9972 9973
v 1.546927 0.654458 2.858120
v 1.575583 0.690593 2.877436
l 9974 9975
v 0.829502 -0.063126 1.535137
v 0.817369 -0.111555 1.532416
l 9976 9977
v 1.143080 0.351457 2.785567
v 1.098049 0.330554 2.791505
l 9978 9979
v 1.298330 -0.041599 1.997490
v 1.318395 -0.010832 1.963567
l 9980 9981
v 0.843975 2.367750 4.705357
v 0.826639 2.413574 4.715338
l 9982 9983
v -0.537499 -0.066706 2.045793
v -0.500798 -0.093889 2.025445
l 9984 9985
v -0.538435 -0.060154 2.045500
v -0.510540 -0.025694 2.022384
l 9986 9987
v -0.538810 -0.063393 2.049150
v -0.546713 -0.062312 2.098510
l 9988 9989
v -0.541474 -0.063955 2.045097
v -0.589571 -0.071339 2.033599
l 9990 9991
v 0.756544 -0.068059 1.455223
v 0.775339 -0.096182 1.492045
l 9992 9993
v 0.819478 -0.070404 1.173110
v 0.823846 -0.020864 1.167947
l 9994 9995
v 0.841715 2.247157 4.685703
v 0.846123 2.264070 4.638858
l 9996 9997
v 0.952102 -0.039944 2.687737
v 0.952985 -0.063996 2.731562
l 9998 9999
v -0.126707 -0.052289 2.257097
v -0.092088 -0.038728 2.290527
l 10000 10001
v -0.128594 -0.051863 2.252683
v -0.127604 -0.030682 2.207402
l 10002 10003
v -0.132825 -0.051975 2.257110
v -0.169606 -0.023584 2.275578
l 10004 10005
v -0.129941 -0.055466 2.255540
v -0.132509 -0.105262 2.251825
l 10006 10007
v -1.657223 2.491447 4.514267
v -1.619103 2.459175 4.516594
l 10008 10009
v -1.659567 2.493820 4.510790
v -1.659991 2.533716 4.480655
l 10010 10011
v -1.659983 2.493807 4.517430
v -1.664214 2.533580 4.547433
l 10012 10013
v 1.519523 2.642727 4.839233
v 1.498086 2.600256 4.854619
l 10014 10015
v -2.422597 1.511283 4.499313
v -2.465987 1.500750 4.476812
l 10016 10017
v -1.961890 2.422463 4.502277
v -1.934031 2.413266 4.461788
l 10018 10019
v -1.963627 2.418613 4.504570
v -1.969845 2.405568 4.552436
l 10020 10021
v -2.202727 2.205703 4.507507
v -2.167454 2.199567 4.542410
l 10022 10023
v -2.202680 2.204293 4.501093
v -2.166940 2.184200 4.472477
l 10024 10025
v -2.204387 2.208400 4.503540
v -2.219050 2.255064 4.493174
l 10026 10027
v -2.048033 2.353797 4.509240
v -1.998589 2.347132 4.505942
l 10028 10029
v -2.254987 2.141887 4.490107
v -2.221224 2.170038 4.466284
l 10030 10031
v -2.256510 2.137987 4.492520
v -2.259163 2.088796 4.483961
l 10032 10033
v -1.735533 2.453223 4.519870
v -1.710364 2.417827 4.495099
l 10034 10035
v -1.737487 2.454540 4.525043
v -1.742598 2.436959 4.571571
l 10036 10037
v -1.516947 1.990997 4.604710
v -1.480597 1.982228 4.637904
l 10038 10039
v -1.517537 1.992703 4.599863
v -1.508119 2.028734 4.566500
l 10040 10041
v -1.521977 1.992203 4.604593
v -1.558234 2.023057 4.619872
l 10042 10043
v -1.520030 1.988917 4.601593
v -1.530823 1.942470 4.586552
l 10044 10045
v -1.857287 2.433543 4.512243
v -1.882738 2.476494 4.509520
l 10046 10047
v -1.983170 2.522170 4.498190
v -1.979527 2.478197 4.474673
l 10048 10049
v -2.255777 2.337180 4.485377
v -2.227403 2.340499 4.444341
l 10050 10051
v -2.257407 2.334347 4.489507
v -2.270396 2.287698 4.501965
l 10052 10053
v -2.259210 2.339007 4.488637
v -2.302816 2.363467 4.488207
l 10054 10055
v -2.056133 2.491950 4.498297
v -2.040233 2.444673 4.494815
l 10056 10057
v -1.850370 2.163687 4.517637
v -1.885152 2.147636 4.485502
l 10058 10059
v -2.156810 2.241137 4.508357
v -2.188222 2.272394 4.531515
l 10060 10061
v 0.645341 2.452667 4.676057
v 0.694935 2.446349 4.675330
l 10062 10063
v -1.940197 2.237257 4.516607
v -1.950644 2.213923 4.559576
l 10064 10065
v -2.057097 2.045977 4.514810
v -2.034936 2.001474 4.509475
l 10066 10067
v -2.059703 2.048667 4.518373
v -2.098641 2.049138 4.549737
l 10068 10069
v -2.056477 2.050617 4.515510
v -2.016950 2.080585 4.521801
l 10070 10071
v -1.744370 2.249470 4.539757
v -1.705324 2.256336 4.570225
l 10072 10073
v -1.748363 2.245347 4.538203
v -1.765589 2.201980 4.556165
l 10074 10075
v -1.745677 2.247700 4.534230
v -1.721522 2.240580 4.491034
l 10076 10077
v -1.748520 2.250113 4.537330
v -1.783812 2.285408 4.534371
l 10078 10079
v 1.620377 2.692163 4.779230
v 1.617661 2.677645 4.731461
l 10080 10081
v -2.979017 2.439540 4.433113
v -2.956622 2.426783 4.475959
l 10082 10083
v -2.977143 2.441800 4.427827
v -2.935972 2.444408 4.399576
l 10084 10085
v -2.150577 1.857073 4.513010
v -2.109589 1.828491 4.514756
l 10086 10087
v -2.272840 1.828250 4.496153
v -2.318431 1.815365 4.480170
l 10088 10089
v -2.246543 1.454913 4.517657
v -2.208312 1.458165 4.549716
l 10090 10091
v -2.342950 1.846803 4.493050
v -2.374871 1.808722 4.487493
l 10092 10093
v -2.343137 1.851640 4.493307
v -2.378654 1.886790 4.491559
l 10094 10095
v -2.221143 1.747333 4.499303
v -2.228329 1.725459 4.454920
l 10096 10097
v -2.218857 1.748110 4.503587
v -2.172035 1.755210 4.519627
l 10098 10099
v -2.453987 1.855983 4.481350
v -2.487342 1.819033 4.476648
l 10100 10101
v -2.450333 1.753233 4.486893
v -2.410876 1.780715 4.473186
l 10102 10103
v -2.452247 1.751087 4.491103
v -2.444643 1.718167 4.527961
l 10104 10105
v -2.454927 1.753367 4.487960
v -2.489644 1.789260 4.490483
l 10106 10107
v -2.455463 1.952990 4.475730
v -2.496166 1.955447 4.446795
l 10108 10109
v -2.455407 1.952367 4.482367
v -2.495617 1.949337 4.511929
l 10110 10111
v -2.453030 1.955073 4.479253
v -2.418384 1.990992 4.482331
l 10112 10113
v -2.453000 1.950350 4.478810
v -2.417656 1.915167 4.475204
l 10114 10115
v 0.658471 2.528743 4.698220
v 0.695718 2.497758 4.685867
l 10116 10117
v -2.451310 1.858587 4.478363
v -2.449717 1.898782 4.448669
l 10118 10119
v -2.449277 1.856287 4.482013
v -2.411719 1.823702 4.487270
l 10120 10121
v -2.452237 1.858583 4.484963
v -2.458911 1.898745 4.513989
l 10122 10123
v -2.741837 2.532563 4.467173
v -2.713920 2.491123 4.465343
l 10124 10125
v -2.652160 1.750907 4.476907
v -2.696044 1.743852 4.499806
l 10126 10127
v -2.544967 1.848157 4.478247
v -2.509610 1.850726 4.442986
l 10128 10129
v -2.548803 1.844473 4.480580
v -2.566307 1.797993 4.474815
l 10130 10131
v -2.548920 1.849327 4.480817
v -2.583903 1.885032 4.479658
l 10132 10133
v -1.757020 1.448627 4.551440
v -1.789127 1.465559 4.517053
l 10134 10135
v -2.649657 1.949133 4.464203
v -2.619321 1.909807 4.469968
l 10136 10137
v -2.749003 1.946557 4.456177
v -2.780695 1.907890 4.455450
l 10138 10139
v -2.746467 1.949130 4.459540
v -2.707936 1.950135 4.491389
l 10140 10141
v -2.744693 1.850363 4.459920
v -2.708137 1.817331 4.468434
l 10142 10143
v -3.139520 2.057347 4.435970
v -3.167404 2.097912 4.427199
l 10144 10145
v -2.954750 1.344780 4.450807
v -2.984679 1.319957 4.419373
l 10146 10147
v -2.046510 1.149947 4.541423
v -2.003653 1.127431 4.553927
l 10148 10149
v -2.045720 1.257157 4.535970
v -2.042931 1.296773 4.505593
l 10150 10151
v -2.050540 1.347487 4.534643
v -2.016016 1.311503 4.538286
l 10152 10153
v -2.045763 1.257130 4.542617
v -2.043374 1.296494 4.573354
l 10154 10155
v -2.250537 1.652120 4.507130
v -2.275181 1.690112 4.528326
l 10156 10157
v -2.251907 1.748357 4.497173
v -2.250560 1.798201 4.493468
l 10158 10159
v -2.051090 1.849727 4.518790
v -2.048247 1.808441 4.490729
l 10160 10161
v -2.268337 1.826167 4.496647
v -2.247355 1.781669 4.487719
l 10162 10163
v -2.268773 1.830523 4.494380
v -2.247421 1.873030 4.478975
l 10164 10165
v -2.270350 1.828560 4.500460
v -2.264329 1.851943 4.544243
l 10166 10167
v -2.221557 2.181493 4.504347
v -2.191033 2.143621 4.515921
l 10168 10169
v 1.866707 1.836440 4.799560
v 1.829726 1.816642 4.826772
l 10170 10171
v -2.227863 2.019763 4.501737
v -2.216202 1.971212 4.499123
l 10172 10173
v -2.163047 2.157940 4.501787
v -2.156832 2.172752 4.454437
l 10174 10175
v -2.172550 2.146483 4.494110
v -2.176322 2.183640 4.460866
l 10176 10177
v -2.171370 2.142690 4.497123
v -2.142541 2.101875 4.495382
l 10178 10179
v -2.182827 2.139207 4.494530
v -2.227520 2.118494 4.485957
l 10180 10181
v -2.156170 2.237100 4.505560
v -2.161160 2.187562 4.510157
l 10182 10183
v -2.155547 2.240413 4.501933
v -2.174653 2.264642 4.462590
l 10184 10185
v -2.152563 2.240480 4.505890
v -2.103492 2.241666 4.515408
l 10186 10187
v -1.954830 2.149693 4.524233
v -1.950009 2.194646 4.545587
l 10188 10189
v -1.955837 2.147220 4.518753
v -1.946325 2.162120 4.471983
l 10190 10191
v -1.959177 2.145960 4.522160
v -2.007252 2.139125 4.534077
l 10192 10193
v -1.954527 2.145137 4.522843
v -1.926652 2.105622 4.535557
l 10194 10195
v -1.850677 2.163367 4.524283
v -1.888198 2.144499 4.551415
l 10196 10197
v -1.847243 2.162387 4.521057
v -1.800770 2.143984 4.522315
l 10198 10199
v -1.849300 2.166630 4.521163
v -1.832995 2.213800 4.524187
l 10200 10201
v -1.576540 2.242543 4.562827
v -1.577370 2.289769 4.579229
l 10202 10203
v -1.561727 1.961340 4.572450
v -1.525569 1.931883 4.590476
l 10204 10205
v -1.946370 1.753607 4.525477
v -1.911634 1.717927 4.529990
l 10206 10207
v -1.952237 1.343443 4.539963
v -1.954327 1.318505 4.496677
l 10208 10209
v -1.948333 1.755977 4.521860
v -1.944333 1.795836 4.491940
l 10210 10211
v -1.949033 1.756133 4.528487
v -1.951183 1.797372 4.556677
l 10212 10213
v -1.951073 1.753703 4.524977
v -1.987165 1.719230 4.521979
l 10214 10215
v -2.357767 1.659953 4.495003
v -2.383242 1.683517 4.459006
l 10216 10217
v -1.855093 1.757133 4.538987
v -1.897422 1.754645 4.565483
l 10218 10219
v -2.553493 1.551157 4.489753
v -2.598459 1.564370 4.507174
l 10220 10221
v -2.550510 1.549070 4.486250
v -2.540755 1.551217 4.437258
l 10222 10223
v -2.549853 1.546027 4.490253
v -2.556920 1.501087 4.511002
l 10224 10225
v -2.440600 1.352043 4.498757
v -2.437444 1.375577 4.454754
l 10226 10227
v -2.442420 1.348963 4.502420
v -2.456264 1.301496 4.509851
l 10228 10229
v -2.432607 1.350527 4.503960
v -2.385901 1.340454 4.518695
l 10230 10231
v -1.950957 1.252460 4.545700
v -1.908147 1.234262 4.527365
l 10232 10233
v -1.953220 1.254567 4.550447
v -1.942100 1.270192 4.596622
l 10234 10235
v -1.950087 1.346287 4.543293
v -1.913254 1.380087 4.544223
l 10236 10237
v -1.752473 1.043810 4.556743
v -1.751272 1.001065 4.530831
l 10238 10239
v -2.347297 1.551350 4.498160
v -2.315572 1.569363 4.463968
l 10240 10241
v -2.459060 1.552807 4.488517
v -2.491823 1.547799 4.451080
l 10242 10243
v -1.854597 1.756890 4.532347
v -1.892513 1.752237 4.500087
l 10244 10245
v -2.453560 1.447903 4.494167
v -2.479326 1.411933 4.470881
l 10246 10247
v -2.355657 1.737213 4.492397
v -2.320351 1.724629 4.459303
l 10248 10249
v -2.358097 1.747800 4.493310
v -2.348839 1.796095 4.484262
l 10250 10251
v -1.851167 1.558543 4.548443
v -1.855896 1.598266 4.578439
l 10252 10253
v -2.239413 1.855797 4.501443
v -2.240323 1.823794 4.463037
l 10254 10255
v -2.240657 1.854943 4.507783
v -2.254149 1.814299 4.533591
l 10256 10257
v -2.246013 1.454777 4.511013
v -2.203175 1.456850 4.485312
l 10258 10259
v -2.248787 1.457050 4.514090
v -2.286102 1.490129 4.510433
l 10260 10261
v -1.947243 1.462317 4.538487
v -1.915061 1.424233 4.542220
l 10262 10263
v -0.798638 1.087257 4.652570
v -0.803260 1.087947 4.602789
l 10264 10265
v -1.562540 1.964440 4.568523
v -1.549362 2.005491 4.543202
l 10266 10267
v -1.565920 1.963683 4.574067
v -1.586917 1.997083 4.604784
l 10268 10269
v -1.565933 1.961087 4.569850
v -1.593998 1.925978 4.547946
l 10270 10271
v -1.557800 1.654203 4.577197
v -1.510510 1.644272 4.590041
l 10272 10273
v -1.660413 1.751313 4.545440
v -1.696999 1.784654 4.538375
l 10274 10275
v -1.850993 1.942333 4.530857
v -1.837682 1.894442 4.525449
l 10276 10277
v -2.053727 1.852120 4.521897
v -2.089803 1.886587 4.518655
l 10278 10279
v -2.049017 1.852220 4.522227
v -2.014351 1.888212 4.523921
l 10280 10281
v -2.143613 2.047587 4.509703
v -2.171774 2.006289 4.510938
l 10282 10283
v -1.656393 1.653097 4.552550
v -1.618641 1.685804 4.554780
l 10284 10285
v -1.853717 2.045570 4.526377
v -1.840940 1.997361 4.529925
l 10286 10287
v -1.855830 2.049090 4.528923
v -1.896080 2.067694 4.552028
l 10288 10289
v -1.854313 2.049023 4.522557
v -1.879722 2.063189 4.481891
l 10290 10291
v -1.851530 2.050057 4.526573
v -1.806640 2.069418 4.537064
l 10292 10293
v -2.267790 1.970190 4.499580
v -2.267242 2.009321 4.530700
l 10294 10295
v 0.639650 2.521410 4.691503
v 0.650875 2.506843 4.645008
l 10296 10297
v -2.351490 2.054250 4.490987
v -2.358622 2.092186 4.522767
l 10298 10299
v -2.560040 1.259867 4.496357
v -2.598393 1.291110 4.489083
l 10300 10301
v -2.348780 1.725523 4.496343
v -2.364004 1.720198 4.449016
l 10302 10303
v -2.346003 1.723567 4.500297
v -2.301591 1.736760 4.519097
l 10304 10305
v -2.271910 1.553313 4.509843
v -2.259493 1.601260 4.516693
l 10306 10307
v -2.281620 1.550680 4.508767
v -2.298476 1.530898 4.551481
l 10308 10309
v -2.348663 1.661430 4.495740
v -2.312676 1.640741 4.467868
l 10310 10311
v -2.343283 1.541697 4.508060
v -2.354686 1.571344 4.546673
l 10312 10313
v -2.152647 1.954833 4.509243
v -2.133095 1.909196 4.515158
l 10314 10315
v -2.153440 1.957917 4.505547
v -2.132807 1.991348 4.474617
l 10316 10317
v -2.154180 1.958453 4.512133
v -2.140263 1.996760 4.541098
l 10318 10319
v -2.156863 1.956847 4.508607
v -2.203807 1.940083 4.504699
l 10320 10321
v -2.268853 1.543223 4.502733
v -2.268419 1.504468 4.471145
l 10322 10323
v 0.760219 2.439120 4.651713
v 0.720234 2.467408 4.661760
l 10324 10325
v -1.753187 1.444733 4.552230
v -1.736186 1.400186 4.537180
l 10326 10327
v -2.256587 1.961673 4.494827
v -2.223660 1.980141 4.462043
l 10328 10329
v -2.456470 2.050820 4.484407
v -2.499239 2.046734 4.509982
l 10330 10331
v -2.454003 2.053490 4.481373
v -2.421646 2.091371 4.485623
l 10332 10333
v -1.755227 1.846280 4.545870
v -1.763002 1.808090 4.577191
l 10334 10335
v -1.753513 1.847417 4.540130
v -1.757874 1.821873 4.497369
l 10336 10337
v -1.755503 1.850490 4.543383
v -1.785149 1.890744 4.542506
l 10338 10339
v -2.350380 2.054500 4.484463
v -2.347077 2.094788 4.455036
l 10340 10341
v -2.260030 2.054483 4.493753
v -2.222301 2.022229 4.487741
l 10342 10343
v -2.234730 2.178747 4.505413
v -2.260586 2.214251 4.529306
l 10344 10345
v -2.752553 2.247943 4.457693
v -2.718644 2.284517 4.454150
l 10346 10347
v -2.453903 2.361067 4.467653
v -2.421840 2.324102 4.457380
l 10348 10349
v -2.137857 2.441367 4.500463
v -2.092919 2.448465 4.521205
l 10350 10351
v -2.175180 2.350803 4.497680
v -2.144338 2.322999 4.525531
l 10352 10353
v -2.177527 2.355880 4.497147
v -2.183387 2.399528 4.520821
l 10354 10355
v -2.179323 2.351713 4.494977
v -2.223427 2.330296 4.485169
l 10356 10357
v -1.852710 2.432357 4.512540
v -1.809222 2.456968 4.514296
l 10358 10359
v -1.718037 2.542283 4.524177
v -1.756867 2.573766 4.523151
l 10360 10361
v -1.570350 2.431310 4.559607
v -1.581786 2.397644 4.524453
l 10362 10363
v -1.855827 2.430713 4.515750
v -1.867691 2.392426 4.545639
l 10364 10365
v -1.740657 2.455657 4.520227
v -1.787593 2.452779 4.503237
l 10366 10367
v -1.736403 2.457790 4.521500
v -1.715203 2.502938 4.518014
l 10368 10369
v -1.993840 2.377050 4.498160
v -2.013169 2.331095 4.501976
l 10370 10371
v -1.980710 2.414183 4.502680
v -2.013766 2.446653 4.521469
l 10372 10373
v -2.546847 2.349637 4.471883
v -2.517357 2.389936 4.469366
l 10374 10375
v -2.549070 2.346777 4.468730
v -2.589753 2.340780 4.440288
l 10376 10377
v -2.548917 2.347080 4.475383
v -2.588229 2.343773 4.506101
l 10378 10379
v -2.546297 2.344957 4.472083
v -2.507099 2.313920 4.472595
l 10380 10381
v -2.262653 2.057480 4.490923
v -2.264395 2.101031 4.466422
l 10382 10383
v -2.264850 2.054360 4.493877
v -2.300283 2.019338 4.489638
l 10384 10385
v -2.328390 2.607657 4.475407
v -2.377531 2.608703 4.466239
l 10386 10387
v -1.946090 2.042933 4.525310
v -1.950260 2.002641 4.554621
l 10388 10389
v -1.948387 2.045870 4.522223
v -1.979554 2.084817 4.525647
l 10390 10391
v -1.943747 2.045113 4.521843
v -1.903210 2.074284 4.519435
l 10392 10393
v -2.155230 1.856257 4.512897
v -2.186389 1.817152 4.512881
l 10394 10395
v -2.153293 1.859237 4.516217
v -2.161009 1.899160 4.545313
l 10396 10397
v -2.153110 1.859093 4.509567
v -2.159131 1.897727 4.478402
l 10398 10399
v -2.241843 1.858673 4.504703
v -2.270906 1.899359 4.504480
l 10400 10401
v -2.236967 1.857567 4.505510
v -2.194154 1.880690 4.517018
l 10402 10403
v -1.964957 1.952420 4.519740
v -1.999137 1.940170 4.485365
l 10404 10405
v -1.965743 1.953213 4.526270
v -2.007353 1.948448 4.553581
l 10406 10407
v -1.963283 1.955843 4.522887
v -1.939157 1.999571 4.520481
l 10408 10409
v -1.962297 1.951163 4.523573
v -1.921424 1.923578 4.531849
l 10410 10411
v -1.746263 1.750267 4.540893
v -1.710737 1.747359 4.505830
l 10412 10413
v -1.516050 2.050437 4.597300
v -1.488038 2.031161 4.560643
l 10414 10415
v -1.945693 1.849150 4.529603
v -1.981707 1.883810 4.528304
l 10416 10417
v -2.160367 2.150513 4.507457
v -2.131443 2.109832 4.510366
l 10418 10419
v -2.144753 2.160030 4.508513
v -2.127924 2.113858 4.517730
l 10420 10421
v -2.144683 2.165083 4.510103
v -2.126783 2.197229 4.543960
l 10422 10423
v -2.146253 2.163663 4.505857
v -2.139377 2.178441 4.458588
l 10424 10425
v -2.161477 2.159360 4.506033
v -2.188213 2.176545 4.544632
l 10426 10427
v -2.139703 2.049150 4.511980
v -2.099402 2.056473 4.540653
l 10428 10429
v -2.139247 2.447867 4.491690
v -2.095502 2.459839 4.470642
l 10430 10431
v -2.144113 2.552813 4.493583
v -2.103253 2.542648 4.520548
l 10432 10433
v -2.146280 2.553050 4.488760
v -2.139567 2.546675 4.439625
l 10434 10435
v -2.149230 2.552307 4.492950
v -2.187787 2.524769 4.508919
l 10436 10437
v -2.261177 2.461357 4.487977
v -2.230254 2.422164 4.490765
l 10438 10439
v -2.459033 2.362457 4.467327
v -2.503195 2.360351 4.443976
l 10440 10441
v -2.456150 2.363753 4.471660
v -2.460209 2.360459 4.521386
l 10442 10443
v -2.454323 2.366363 4.467970
v -2.441255 2.409517 4.446361
l 10444 10445
v -2.740970 2.537193 4.467757
v -2.700742 2.566063 4.474704
l 10446 10447
v -2.743503 2.535653 4.463983
v -2.780094 2.546569 4.431704
l 10448 10449
v -3.059507 2.437333 4.437283
v -3.059398 2.388705 4.425653
l 10450 10451
v -3.062393 2.442183 4.436530
v -3.101599 2.461395 4.412162
l 10452 10453
v -3.057637 2.441877 4.437857
v -3.014828 2.465867 4.428269
l 10454 10455
v -3.152173 2.115910 4.435170
v -3.146315 2.076667 4.465595
l 10456 10457
v -2.549637 1.757037 4.482210
v -2.518579 1.794091 4.469466
l 10458 10459
v -2.844950 2.251033 4.446500
v -2.817089 2.249557 4.405008
l 10460 10461
v -2.960780 2.157767 4.430340
v -2.957965 2.192780 4.394757
l 10462 10463
v -2.958437 2.155543 4.433933
v -2.925157 2.118445 4.437956
l 10464 10465
v -2.960487 2.158743 4.436920
v -2.955038 2.202521 4.460453
l 10466 10467
v -2.963137 2.156057 4.434067
v -3.002021 2.125263 4.440371
l 10468 10469
v -2.755077 2.245287 4.454613
v -2.795912 2.242265 4.425919
l 10470 10471
v -2.850297 2.055200 4.455233
v -2.855412 2.096062 4.483590
l 10472 10473
v -2.846040 2.051177 4.453613
v -2.804095 2.034479 4.475103
l 10474 10475
v -2.848153 2.053570 4.449783
v -2.842035 2.077539 4.406332
l 10476 10477
v -2.850740 2.051083 4.452900
v -2.885629 2.015398 4.449852
l 10478 10479
v -2.740723 2.143350 4.453533
v -2.696323 2.149068 4.431264
l 10480 10481
v -2.744133 2.145360 4.456120
v -2.784686 2.172832 4.446082
l 10482 10483
v -3.055107 1.744183 4.441360
v -3.095902 1.773085 4.441986
l 10484 10485
v -3.052160 1.742173 4.437990
v -3.045700 1.706572 4.403482
l 10486 10487
v -3.050273 1.744757 4.441673
v -3.018212 1.782746 4.447049
l 10488 10489
v -3.046523 1.649773 4.446250
v -3.024370 1.612605 4.471306
l 10490 10491
v -3.051737 1.651960 4.444753
v -3.099730 1.647384 4.458008
l 10492 10493
v -3.047367 1.654650 4.444880
v -3.030824 1.700803 4.454688
l 10494 10495
v -2.650913 1.751153 4.470403
v -2.683131 1.746405 4.432463
l 10496 10497
v -2.649323 1.753500 4.474173
v -2.620522 1.793759 4.481221
l 10498 10499
v -3.053120 1.951037 4.443973
v -3.073210 1.928084 4.483591
l 10500 10501
v -2.964843 1.648767 4.443667
v -2.937584 1.687773 4.428323
l 10502 10503
v -2.854430 1.741673 4.450833
v -2.855224 1.735979 4.401165
l 10504 10505
v -2.943427 1.750843 4.441327
v -2.968754 1.793950 4.441952
l 10506 10507
v -2.044947 1.752080 4.525433
v -2.041101 1.765720 4.573383
l 10508 10509
v -2.042300 1.750390 4.521117
v -1.997160 1.739207 4.502751
l 10510 10511
v -2.046513 1.753957 4.520440
v -2.064819 1.792365 4.494179
l 10512 10513
v -3.144480 1.351013 4.447323
v -3.104593 1.381098 4.445354
l 10514 10515
v -2.853303 1.739167 4.455693
v -2.834317 1.697494 4.475767
l 10516 10517
v -2.857930 1.742283 4.455410
v -2.906271 1.744822 4.467926
l 10518 10519
v -2.853187 1.744297 4.455103
v -2.827091 1.784364 4.469719
l 10520 10521
v -3.049637 1.250847 4.457750
v -3.078494 1.210095 4.460315
l 10522 10523
v -3.215517 1.653040 4.430130
v -3.246636 1.692144 4.428554
l 10524 10525
v -1.204033 -0.078897 1.673170
v -1.253258 -0.085755 1.667703
l 10526 10527
v -3.228030 1.772033 4.428173
v -3.178983 1.768735 4.437314
l 10528 10529
v -3.233217 1.770143 4.430337
v -3.251524 1.742292 4.467608
l 10530 10531
v -3.232477 1.774773 4.428037
v -3.249542 1.821771 4.428180
l 10532 10533
v -3.056167 2.047957 4.447803
v -3.048349 2.087278 4.477682
l 10534 10535
v -3.059213 2.045850 4.444643
v -3.101246 2.018875 4.447007
l 10536 10537
v -2.832873 1.444837 4.463253
v -2.868893 1.472981 4.442992
l 10538 10539
v -1.200673 -0.075084 1.674147
v -1.188007 -0.037721 1.704864
l 10540 10541
v -1.199830 -0.081534 1.674643
v -1.178633 -0.109359 1.710370
l 10542 10543
v -2.278180 1.680283 4.496343
v -2.260829 1.724015 4.479418
l 10544 10545
v -1.068537 -0.070909 1.767520
v -1.096101 -0.036226 1.790699
l 10546 10547
v -0.949863 -0.075444 1.579957
v -0.982256 -0.059997 1.545142
l 10548 10549
v -1.065150 -0.074411 1.768027
v -1.015636 -0.076807 1.774555
l 10550 10551
v -1.068313 -0.074559 1.764487
v -1.065982 -0.079495 1.714786
l 10552 10553
v -2.249520 1.744760 4.494683
v -2.234999 1.708740 4.463192
l 10554 10555
v -2.261643 1.745207 4.496287
v -2.305340 1.722918 4.486598
l 10556 10557
v -0.972065 -0.067561 1.861473
v -1.010165 -0.035606 1.866693
l 10558 10559
v -0.945585 -0.072528 1.764803
v -0.903200 -0.049873 1.778596
l 10560 10561
v -0.971873 -0.074104 1.861873
v -1.008066 -0.107354 1.871071
l 10562 10563
v -0.949284 -0.075609 1.585263
v -0.956091 -0.051163 1.628345
l 10564 10565
v -0.944611 -0.075644 1.580900
v -0.900961 -0.051590 1.576889
l 10566 10567
v -1.051260 -0.077848 1.550147
v -1.042835 -0.052215 1.592242
l 10568 10569
v -1.047653 -0.081818 1.641713
v -1.063113 -0.110975 1.679275
l 10570 10571
v 0.967069 2.588343 4.710397
v 0.951565 2.560108 4.748638
l 10572 10573
v 0.962033 2.595670 4.707633
v 0.964815 2.640621 4.729352
l 10574 10575
v -2.352697 0.940827 4.520600
v -2.386009 0.977943 4.517033
l 10576 10577
v -2.350187 0.938189 4.517520
v -2.350533 0.897359 4.488662
l 10578 10579
v -2.350777 0.938297 4.524157
v -2.356327 0.898415 4.553797
l 10580 10581
v -2.348000 0.940488 4.521023
v -2.310227 0.973126 4.523849
l 10582 10583
v 0.654372 2.538643 4.694020
v 0.652080 2.565983 4.652219
l 10584 10585
v 0.639506 2.224447 4.462403
v 0.627644 2.225559 4.413844
l 10586 10587
v 1.648530 0.452811 2.887243
v 1.635368 0.500119 2.877825
l 10588 10589
v 1.853437 2.636857 4.754553
v 1.822685 2.598081 4.747430
l 10590 10591
v 1.754270 2.047287 4.778027
v 1.765645 2.002866 4.758093
l 10592 10593
v 1.148967 1.848800 4.825337
v 1.151986 1.883679 4.789639
l 10594 10595
v 0.646979 2.229573 4.611210
v 0.692344 2.237915 4.591911
l 10596 10597
v 0.615208 1.610430 4.699530
v 0.612628 1.658528 4.686117
l 10598 10599
v -0.910138 0.883843 4.651227
v -0.890099 0.918652 4.681006
l 10600 10601
v 2.222057 0.628821 3.497743
v 2.259419 0.635022 3.465099
l 10602 10603
v 1.877857 1.757683 4.803197
v 1.839644 1.744820 4.832766
l 10604 10605
v 1.881910 1.760253 4.803147
v 1.891884 1.797203 4.835321
l 10606 10607
v 2.557903 1.738123 4.771463
v 2.589562 1.776791 4.769859
l 10608 10609
v 2.584977 1.784360 4.818663
v 2.551516 1.766268 4.786212
l 10610 10611
v 1.935473 1.741357 4.807480
v 1.908695 1.733024 4.848874
l 10612 10613
v 1.944747 1.736273 4.807060
v 1.971439 1.696157 4.820408
l 10614 10615
v 1.918043 2.411930 4.770520
v 1.945654 2.371560 4.760130
l 10616 10617
v 1.917710 2.417163 4.769333
v 1.943326 2.458909 4.759278
l 10618 10619
v 1.915663 2.414390 4.774670
v 1.918743 2.425612 4.823297
l 10620 10621
v 1.913953 2.414367 4.770217
v 1.869271 2.406736 4.749115
l 10622 10623
v 2.517800 1.848450 4.753480
v 2.530656 1.865503 4.708270
l 10624 10625
v 1.641223 1.741560 4.862533
v 1.691185 1.741138 4.864454
l 10626 10627
v -0.354672 0.754488 4.685630
v -0.394223 0.725820 4.674957
l 10628 10629
v 1.882490 1.759207 4.796617
v 1.906516 1.782109 4.759224
l 10630 10631
v 0.751559 0.754728 2.820713
v 0.746488 0.798103 2.845063
l 10632 10633
v -0.351771 0.615779 4.668580
v -0.350110 0.569301 4.686937
l 10634 10635
v -0.350619 0.618968 4.664743
v -0.329903 0.625221 4.619669
l 10636 10637
v -0.349826 0.621160 4.670220
v -0.316222 0.644043 4.699325
l 10638 10639
v -0.354269 0.620139 4.668037
v -0.401293 0.637129 4.668047
l 10640 10641
v 2.659767 1.959063 4.821440
v 2.613588 1.977908 4.824963
l 10642 10643
v 2.557700 1.732737 4.775000
v 2.587191 1.714291 4.810917
l 10644 10645
v 2.630060 1.830633 4.841763
v 2.602792 1.862153 4.869386
l 10646 10647
v 1.553540 2.048977 4.846527
v 1.564103 2.022533 4.805427
l 10648 10649
v 1.551897 0.742326 2.858503
v 1.547537 0.766692 2.901946
l 10650 10651
v 1.554017 0.742928 2.853290
v 1.574234 0.776254 2.821975
l 10652 10653
v 2.226197 0.530341 3.503793
v 2.257820 0.531850 3.465093
l 10654 10655
v 0.191131 0.557480 3.029810
v 0.180207 0.574780 3.075432
l 10656 10657
v 1.998063 1.669840 4.830950
v 1.972752 1.631218 4.850126
l 10658 10659
v 2.221750 0.649194 3.450067
v 2.222298 0.699191 3.450219
l 10660 10661
v 2.206320 0.806129 3.457703
v 2.235653 0.803415 3.417303
l 10662 10663
v 1.865483 1.761280 4.797400
v 1.859742 1.775617 4.844955
l 10664 10665
v -0.858733 1.243053 4.643520
v -0.857158 1.225680 4.596662
l 10666 10667
v -0.796633 1.083660 4.662093
v -0.757204 1.077372 4.692189
l 10668 10669
v -0.770475 0.990014 4.643140
v -0.721156 0.985047 4.636582
l 10670 10671
v -0.556519 0.829985 4.668897
v -0.553272 0.804396 4.711729
l 10672 10673
v -0.556242 0.828503 4.662743
v -0.549919 0.786322 4.636651
l 10674 10675
v -0.559065 0.831989 4.665040
v -0.600913 0.858104 4.656867
l 10676 10677
v -0.862551 1.053490 4.648800
v -0.859968 1.042275 4.600142
l 10678 10679
v -0.253850 0.372162 4.681677
v -0.268024 0.367059 4.729353
l 10680 10681
v -0.805097 1.097957 4.655283
v -0.831060 1.107045 4.613530
l 10682 10683
v -0.806144 1.096427 4.661430
v -0.844458 1.087268 4.692223
l 10684 10685
v -0.802331 1.106323 4.661213
v -0.810414 1.154510 4.671831
l 10686 10687
v 0.082963 1.408943 4.188460
v 0.124027 1.418400 4.161548
l 10688 10689
v 0.102946 1.340200 4.231780
v 0.069990 1.303240 4.224864
l 10690 10691
v -0.912831 0.959767 4.646690
v -0.948381 0.924913 4.651314
l 10692 10693
v -0.909458 0.961945 4.643257
v -0.884356 0.958829 4.600127
l 10694 10695
v -0.908548 0.961784 4.649037
v -0.871447 0.956514 4.682138
l 10696 10697
v -0.912105 0.965105 4.646727
v -0.935484 1.009030 4.651630
l 10698 10699
v -1.050697 0.723338 4.632543
v -1.002051 0.731140 4.641070
l 10700 10701
v -1.563683 0.849338 4.588220
v -1.538310 0.886874 4.609369
l 10702 10703
v -0.940866 0.745319 4.639227
v -0.952808 0.740391 4.590924
l 10704 10705
v -0.774529 0.990736 4.640330
v -0.800046 1.022576 4.611431
l 10706 10707
v -0.774414 0.987392 4.643730
v -0.784830 0.938552 4.646198
l 10708 10709
v -0.454006 0.757968 4.683583
v -0.464524 0.788353 4.721873
l 10710 10711
v -0.263799 0.842380 4.700740
v -0.300166 0.813849 4.719802
l 10712 10713
v -0.147321 0.362042 4.686400
v -0.157816 0.409094 4.673132
l 10714 10715
v -0.150726 0.356599 4.686270
v -0.197325 0.345932 4.671613
l 10716 10717
v -0.147507 0.358290 4.689720
v -0.133418 0.348356 4.736654
l 10718 10719
v -0.145783 0.357327 4.684940
v -0.108249 0.334416 4.661142
l 10720 10721
v 0.078982 0.641111 4.679243
v 0.090988 0.593043 4.685976
l 10722 10723
v 0.075511 0.644455 4.675953
v 0.044194 0.642741 4.637013
l 10724 10725
v 0.080634 0.645979 4.677700
v 0.120122 0.673355 4.663870
l 10726 10727
v 0.076594 0.645429 4.680973
v 0.056601 0.665306 4.722267
l 10728 10729
v -0.448216 0.357908 4.663810
v -0.403622 0.361561 4.641493
l 10730 10731
v -0.247015 -0.086538 0.938889
v -0.250034 -0.059132 0.897178
l 10732 10733
v 0.765043 1.754657 4.733770
v 0.782719 1.751919 4.780461
l 10734 10735
v 0.763149 1.752123 4.729567
v 0.730933 1.715790 4.717649
l 10736 10737
v 0.767706 1.754200 4.727963
v 0.814321 1.746503 4.711598
l 10738 10739
v 0.763950 1.757010 4.729550
v 0.740016 1.798535 4.715308
l 10740 10741
v -0.441787 0.815049 4.682857
v -0.395192 0.830211 4.672907
l 10742 10743
v -0.272520 0.946671 4.693677
v -0.238542 0.909995 4.693103
l 10744 10745
v -0.453996 0.759373 4.677100
v -0.464401 0.802903 4.654810
l 10746 10747
v -0.349997 0.753771 4.686117
v -0.316291 0.716923 4.683640
l 10748 10749
v -0.351764 0.757315 4.683147
v -0.342720 0.801113 4.660787
l 10750 10751
v -0.352623 0.756095 4.689607
v -0.351616 0.788498 4.727673
l 10752 10753
v -0.334110 0.959577 4.693180
v -0.376142 0.932734 4.696760
l 10754 10755
v -0.449307 0.357592 4.670377
v -0.414356 0.358459 4.706121
l 10756 10757
v -0.255820 0.850375 4.699837
v -0.233735 0.888170 4.723999
l 10758 10759
v -0.272595 0.951573 4.693190
v -0.239608 0.988309 4.685295
l 10760 10761
v -0.332149 0.964018 4.693300
v -0.348768 1.011165 4.694293
l 10762 10763
v 1.154507 1.747813 4.837390
v 1.144412 1.726292 4.881378
l 10764 10765
v 0.040953 0.086583 4.701763
v 0.058458 0.132248 4.712168
l 10766 10767
v -0.344275 0.842436 4.690647
v -0.340209 0.815745 4.648563
l 10768 10769
v -0.341685 0.845881 4.693967
v -0.298915 0.870667 4.701477
l 10770 10771
v -0.154766 0.582889 4.687583
v -0.182225 0.576361 4.728855
l 10772 10773
v -0.151144 0.604418 4.681230
v -0.135111 0.650203 4.693342
l 10774 10775
v -0.064878 0.375614 4.696073
v -0.106246 0.381115 4.723613
l 10776 10777
v -0.064383 0.375654 4.689443
v -0.101223 0.381493 4.656146
l 10778 10779
v -0.062461 0.372786 4.692903
v -0.035168 0.330931 4.694690
l 10780 10781
v -0.061783 0.377500 4.692980
v -0.022167 0.407844 4.696118
l 10782 10783
v -0.043889 0.709540 4.687827
v -0.023511 0.663903 4.689239
l 10784 10785
v -0.030304 0.616300 4.685347
v 0.002388 0.636831 4.653571
l 10786 10787
v -0.258977 0.764826 4.700210
v -0.306113 0.751696 4.710496
l 10788 10789
v -0.045189 0.713489 4.690940
v -0.043287 0.737356 4.734835
l 10790 10791
v 0.118880 0.701277 4.513700
v 0.073581 0.684452 4.526543
l 10792 10793
v 0.112518 0.593000 4.508693
v 0.159347 0.580081 4.496856
l 10794 10795
v -0.140381 0.749430 4.702617
v -0.136478 0.794077 4.724785
l 10796 10797
v -0.449172 0.648503 4.656440
v -0.410349 0.640112 4.626069
l 10798 10799
v -0.562794 0.345874 4.651240
v -0.555315 0.305593 4.622578
l 10800 10801
v 0.043262 0.076471 4.701783
v 0.077642 0.060057 4.734165
l 10802 10803
v 0.022516 0.390109 4.697377
v 0.054777 0.367151 4.666845
l 10804 10805
v 1.151707 1.660683 4.838327
v 1.182092 1.700336 4.840423
l 10806 10807
v 2.567813 1.620767 4.790910
v 2.599122 1.595428 4.761284
l 10808 10809
v 2.569090 1.630417 4.789287
v 2.616399 1.639059 4.775607
l 10810 10811
v 1.949420 1.655210 4.810127
v 1.958382 1.694044 4.779933
l 10812 10813
v 1.947030 1.654833 4.816140
v 1.931218 1.689780 4.848214
l 10814 10815
v 1.951160 1.652320 4.814133
v 1.992612 1.628723 4.829130
l 10816 10817
v 1.946760 1.651957 4.812360
v 1.916994 1.614370 4.798175
l 10818 10819
v 1.875803 1.754220 4.792800
v 1.852633 1.710421 4.786107
l 10820 10821
v 1.871267 1.761437 4.790077
v 1.897887 1.786729 4.756140
l 10822 10823
v 0.074424 0.803614 4.671143
v 0.045281 0.789319 4.633113
l 10824 10825
v 0.078353 0.802438 4.674277
v 0.113184 0.769000 4.687266
l 10826 10827
v 0.074205 0.805405 4.676340
v 0.044830 0.813110 4.716060
l 10828 10829
v 0.077719 0.807686 4.672790
v 0.101095 0.849769 4.659278
l 10830 10831
v 2.213057 0.761022 3.508110
v 2.199548 0.724272 3.539206
l 10832 10833
v 2.212450 0.761644 3.501677
v 2.192765 0.731248 3.467200
l 10834 10835
v 2.216143 0.762864 3.504723
v 2.263641 0.778194 3.501726
l 10836 10837
v 2.211570 0.765093 3.505370
v 2.191412 0.810416 3.511653
l 10838 10839
v 2.011763 1.566720 4.830050
v 2.041958 1.606494 4.832566
l 10840 10841
v 2.565107 1.630883 4.794177
v 2.559750 1.654109 4.838130
l 10842 10843
v 2.044630 1.709187 4.798463
v 2.086594 1.723493 4.775347
l 10844 10845
v 2.039143 1.708810 4.798963
v 1.997567 1.725402 4.776689
l 10846 10847
v 2.008143 1.564953 4.832663
v 1.966291 1.564401 4.860015
l 10848 10849
v 2.009517 1.564297 4.826563
v 1.983243 1.556321 4.784777
l 10850 10851
v 1.998267 1.675200 4.830740
v 1.980521 1.720198 4.843401
l 10852 10853
v 2.002973 1.671937 4.830380
v 2.049085 1.670944 4.849686
l 10854 10855
v 2.000017 1.671893 4.826390
v 1.994996 1.670136 4.776674
l 10856 10857
v 2.218643 0.626127 3.499903
v 2.217025 0.583735 3.526367
l 10858 10859
v 2.238147 0.455270 3.352293
v 2.266222 0.495965 3.359754
l 10860 10861
v 2.231590 0.454747 3.351800
v 2.196050 0.489689 3.355790
l 10862 10863
v 2.235253 0.452653 3.349437
v 2.240583 0.424406 3.308526
l 10864 10865
v 0.078240 1.407010 4.189043
v 0.041955 1.385257 4.162393
l 10866 10867
v 0.136672 0.030256 4.655057
v 0.126814 0.076528 4.638881
l 10868 10869
v 0.043561 0.065146 4.691630
v 0.090785 0.061597 4.675589
l 10870 10871
v 0.041252 0.075258 4.691610
v 0.072878 0.088097 4.655073
l 10872 10873
v 2.237857 0.556958 3.256087
v 2.257905 0.516088 3.235406
l 10874 10875
v 2.180087 0.859953 3.361017
v 2.166333 0.854504 3.408778
l 10876 10877
v 2.204400 0.867021 3.173617
v 2.229153 0.859194 3.216349
l 10878 10879
v 2.233027 0.652120 3.246257
v 2.230334 0.660950 3.295397
l 10880 10881
v 2.236527 0.651843 3.242970
v 2.266375 0.677365 3.212023
l 10882 10883
v 2.229887 0.651451 3.242677
v 2.200075 0.673421 3.209082
l 10884 10885
v 1.646500 0.553658 2.883530
v 1.660405 0.510491 2.862476
l 10886 10887
v 2.163667 0.874796 3.253223
v 2.127002 0.889164 3.222414
l 10888 10889
v 2.230727 0.648557 3.344453
v 2.200012 0.610885 3.356175
l 10890 10891
v 2.234133 0.650141 3.341527
v 2.235242 0.672611 3.296874
l 10892 10893
v 1.853597 0.841904 2.916280
v 1.853237 0.844837 2.866367
l 10894 10895
v 2.240853 0.351916 3.344113
v 2.290625 0.356030 3.346529
l 10896 10897
v 1.849970 0.040335 2.890977
v 1.838095 0.003598 2.922748
l 10898 10899
v 1.849250 0.051245 2.905033
v 1.835095 0.009095 2.927903
l 10900 10901
v 0.462883 -0.058867 1.824037
v 0.481386 -0.044943 1.779722
l 10902 10903
v 0.460695 -0.063175 1.826653
v 0.437409 -0.107169 1.821936
l 10904 10905
v 0.459257 -0.057360 1.827880
v 0.418425 -0.030391 1.838145
l 10906 10907
v 0.463536 -0.059736 1.828920
v 0.500256 -0.057803 1.862802
l 10908 10909
v 1.736670 0.082141 2.899933
v 1.689777 0.082962 2.917264
l 10910 10911
v 1.728913 0.074996 2.890413
v 1.714440 0.060865 2.936139
l 10912 10913
v 2.250130 0.154438 3.357067
v 2.300012 0.151084 3.356333
l 10914 10915
v 1.831250 1.558377 4.779807
v 1.852916 1.529114 4.814074
l 10916 10917
v 2.239297 0.449470 3.258090
v 2.286028 0.450019 3.275864
l 10918 10919
v 2.234630 0.449417 3.259880
v 2.199380 0.423745 3.284343
l 10920 10921
v 2.236967 0.448546 3.253763
v 2.224182 0.414518 3.219432
l 10922 10923
v 0.113899 0.191330 4.569040
v 0.150436 0.172206 4.597313
l 10924 10925
v 2.222883 0.532757 3.506500
v 2.222990 0.568393 3.541572
l 10926 10927
v 2.219567 0.530453 3.503700
v 2.189121 0.533038 3.464123
l 10928 10929
v 2.222803 0.527937 3.506247
v 2.221706 0.489982 3.538777
l 10930 10931
v 2.225420 0.544204 3.445633
v 2.222418 0.581228 3.479102
l 10932 10933
v 1.657353 0.058785 2.872880
v 1.651338 0.076725 2.919161
l 10934 10935
v 2.225180 0.448298 3.450843
v 2.178776 0.444512 3.469073
l 10936 10937
v 1.328707 0.752032 2.789137
v 1.344006 0.708565 2.808541
l 10938 10939
v 1.328443 -0.014134 2.879290
v 1.316573 0.034404 2.877514
l 10940 10941
v 2.228960 0.541538 3.443453
v 2.263217 0.505431 3.448225
l 10942 10943
v 1.660693 0.055615 2.869617
v 1.701343 0.026516 2.870559
l 10944 10945
v 1.658653 0.060426 2.867487
v 1.670345 0.100731 2.840306
l 10946 10947
v 1.655750 0.056408 2.868667
v 1.615708 0.031846 2.851540
l 10948 10949
v 0.122403 0.704811 4.513217
v 0.126074 0.752506 4.498666
l 10950 10951
v 1.253383 1.947853 4.828557
v 1.215308 1.974958 4.846321
l 10952 10953
v 0.112961 0.673758 4.577367
v 0.120865 0.639603 4.541716
l 10954 10955
v 0.080413 0.453838 4.688303
v 0.126214 0.447997 4.669118
l 10956 10957
v 0.019316 0.389558 4.701053
v -0.027255 0.372315 4.706873
l 10958 10959
v 0.112429 0.201677 4.573163
v 0.130704 0.202488 4.619697
l 10960 10961
v -0.125575 0.075241 4.686740
v -0.139795 0.122496 4.694793
l 10962 10963
v -0.020377 0.123243 4.700877
v -0.013853 0.121012 4.651354
l 10964 10965
v -0.028040 0.136450 4.695900
v -0.016485 0.119937 4.650142
l 10966 10967
v -0.243810 0.156065 4.686790
v -0.277471 0.119114 4.688055
l 10968 10969
v -0.135155 0.195195 4.686867
v -0.124129 0.209012 4.640096
l 10970 10971
v -0.042352 0.158028 4.693027
v -0.041764 0.196755 4.661406
l 10972 10973
v -0.045252 0.240668 4.693877
v -0.007323 0.271691 4.683929
l 10974 10975
v 0.058771 0.160966 4.706193
v 0.040744 0.168629 4.752197
l 10976 10977
v 0.064403 0.154322 4.701753
v 0.044246 0.109709 4.691588
l 10978 10979
v -0.046469 0.234859 4.693110
v -0.023399 0.194911 4.673825
l 10980 10981
v -0.050069 0.238860 4.691860
v -0.091622 0.250874 4.666780
l 10982 10983
v 0.021577 0.393653 4.700363
v 0.007712 0.441442 4.695464
l 10984 10985
v 0.098421 0.232479 4.646577
v 0.065989 0.200261 4.626324
l 10986 10987
v 0.097002 0.132760 4.666423
v 0.051078 0.113019 4.665302
l 10988 10989
v 0.102039 0.741592 4.680660
v 0.102472 0.692164 4.673126
l 10990 10991
v 0.113799 0.678910 4.578943
v 0.146278 0.716550 4.573613
l 10992 10993
v 0.111603 0.675542 4.581683
v 0.113067 0.660698 4.629407
l 10994 10995
v 0.098460 0.550977 4.624240
v 0.057120 0.544260 4.651551
l 10996 10997
v 0.111066 0.208380 4.568447
v 0.121436 0.256251 4.558405
l 10998 10999
v -0.149143 0.591674 4.686857
v -0.112949 0.595383 4.721153
l 11000 11001
v 0.109156 0.596524 4.507527
v 0.095468 0.644594 4.506155
l 11002 11003
v 0.099274 0.447933 4.627083
v 0.101232 0.402904 4.605437
l 11004 11005
v 0.101848 0.450379 4.630400
v 0.111495 0.457295 4.678971
l 11006 11007
v 0.096194 0.451691 4.627160
v 0.053930 0.470644 4.645988
l 11008 11009
v 0.100848 0.452385 4.626137
v 0.126898 0.474481 4.589624
l 11010 11011
v -0.156028 0.586147 4.675160
v -0.196200 0.583922 4.645473
l 11012 11013
v 1.255610 1.945550 4.823797
v 1.250038 1.946444 4.774116
l 11014 11015
v 1.258483 1.946853 4.827967
v 1.303594 1.964316 4.840619
l 11016 11017
v 0.103976 0.550458 4.624533
v 0.142950 0.546942 4.655656
l 11018 11019
v -0.154027 0.573403 4.680787
v -0.172224 0.527579 4.672481
l 11020 11021
v -0.148404 0.582188 4.680060
v -0.100564 0.571633 4.670060
l 11022 11023
v 1.358403 1.561173 4.843263
v 1.351114 1.605100 4.820519
l 11024 11025
v 0.124500 0.701716 4.516557
v 0.142595 0.689836 4.561628
l 11026 11027
v -1.269570 0.148605 4.608623
v -1.318845 0.153164 4.601465
l 11028 11029
v -1.264627 0.150494 4.606087
v -1.245892 0.185185 4.575337
l 11030 11031
v -1.265337 0.145693 4.607917
v -1.251653 0.098371 4.599350
l 11032 11033
v 0.118385 0.268107 4.323403
v 0.118018 0.219599 4.335518
l 11034 11035
v 0.107163 0.640742 4.640817
v 0.131681 0.657004 4.600389
l 11036 11037
v 0.115188 0.271695 4.323373
v 0.090308 0.306540 4.349197
l 11038 11039
v 0.087780 0.153162 4.696910
v 0.101766 0.108983 4.715687
l 11040 11041
v -0.773312 0.154635 4.645220
v -0.736469 0.188395 4.646911
l 11042 11043
v -1.336883 0.068473 4.605887
v -1.328314 0.117485 4.610824
l 11044 11045
v -1.244423 0.042014 4.611147
v -1.264357 0.001768 4.633121
l 11046 11047
v -1.239973 0.044505 4.609603
v -1.193240 0.053358 4.625018
l 11048 11049
v -1.244433 0.046246 4.608747
v -1.267750 0.090307 4.612614
l 11050 11051
v -1.489447 0.366455 4.595287
v -1.486931 0.415478 4.585778
l 11052 11053
v -1.334990 0.436068 4.603097
v -1.348345 0.389612 4.615881
l 11054 11055
v -1.332000 0.439938 4.602867
v -1.283471 0.449334 4.610393
l 11056 11057
v -1.388070 0.403748 4.603843
v -1.430519 0.406391 4.630133
l 11058 11059
v -1.181813 0.704019 4.597243
v -1.223334 0.731738 4.594481
l 11060 11061
v -1.035957 0.553123 4.619770
v -1.080412 0.532601 4.609641
l 11062 11063
v -1.532717 0.899082 4.614097
v -1.498983 0.920236 4.644338
l 11064 11065
v -1.546893 0.758229 4.591650
v -1.537341 0.807293 4.592881
l 11066 11067
v -1.852273 0.367629 4.566730
v -1.877909 0.363868 4.523967
l 11068 11069
v -1.543137 0.910075 4.607823
v -1.592043 0.918356 4.614113
l 11070 11071
v -1.534323 0.747858 4.600733
v -1.560088 0.764878 4.640059
l 11072 11073
v -1.547487 0.754026 4.594817
v -1.534930 0.729944 4.636797
l 11074 11075
v -1.524070 0.748143 4.595097
v -1.496737 0.759444 4.554782
l 11076 11077
v -1.525573 0.890832 4.609253
v -1.481893 0.907766 4.626724
l 11078 11079
v -2.667357 0.264033 4.511463
v -2.708796 0.240695 4.496033
l 11080 11081
v -0.734243 -0.069527 2.042033
v -0.744584 -0.100270 2.080085
l 11082 11083
v -1.539380 0.909398 4.604107
v -1.528237 0.913036 4.555500
l 11084 11085
v -1.352537 0.726335 4.590240
v -1.386450 0.760979 4.578007
l 11086 11087
v -1.342640 0.729937 4.593960
v -1.306746 0.734915 4.559509
l 11088 11089
v -1.346063 0.718144 4.589360
v -1.309225 0.718501 4.555555
l 11090 11091
v -1.355960 0.714543 4.585640
v -1.390053 0.688846 4.559614
l 11092 11093
v -0.866680 1.441963 4.640027
v -0.879328 1.452999 4.592928
l 11094 11095
v -1.849847 0.365716 4.570570
v -1.810052 0.336446 4.578290
l 11096 11097
v -1.364980 0.021580 4.597480
v -1.339343 -0.000229 4.634455
l 11098 11099
v -2.439500 0.163073 4.533330
v -2.403207 0.157597 4.499376
l 11100 11101
v -1.561317 0.245731 4.596703
v -1.608614 0.229602 4.595033
l 11102 11103
v -2.246033 0.151949 4.551623
v -2.210936 0.187490 4.553859
l 11104 11105
v -1.478547 0.241218 4.605640
v -1.467728 0.241070 4.654455
l 11106 11107
v -1.367077 0.025090 4.594650
v -1.382124 0.072558 4.599157
l 11108 11109
v -1.941450 0.151158 4.573100
v -1.973138 0.189718 4.570095
l 11110 11111
v -1.455713 0.241730 4.606033
v -1.475361 0.240832 4.652003
l 11112 11113
v -1.421350 0.450901 4.595477
v -1.426814 0.436343 4.547956
l 11114 11115
v -1.440130 0.623957 4.592087
v -1.471660 0.662738 4.590708
l 11116 11117
v -0.839826 -0.064882 2.281127
v -0.840505 -0.114210 2.289264
l 11118 11119
v -0.842200 -0.060751 2.278867
v -0.877341 -0.048795 2.245369
l 11120 11121
v -2.439187 0.640291 4.520317
v -2.395220 0.664100 4.520115
l 11122 11123
v -1.577210 0.157826 4.597963
v -1.549251 0.141651 4.636130
l 11124 11125
v -1.576307 0.156952 4.591470
v -1.539737 0.132443 4.567764
l 11126 11127
v -1.577587 0.160984 4.594117
v -1.582909 0.210153 4.586758
l 11128 11129
v -1.580167 0.156957 4.594300
v -1.628443 0.144984 4.589196
l 11130 11131
v -2.149503 0.646717 4.541670
v -2.181113 0.608006 4.540163
l 11132 11133
v -2.837550 0.349459 4.489007
v -2.799970 0.348981 4.521984
l 11134 11135
v -1.556373 0.549858 4.584117
v -1.592724 0.583645 4.578031
l 11136 11137
v -1.756903 0.050203 4.583297
v -1.750858 0.088960 4.614303
l 11138 11139
v -1.757610 0.049955 4.576807
v -1.758658 0.086214 4.542394
l 11140 11141
v -1.760213 0.047428 4.580473
v -1.802878 0.021969 4.586091
l 11142 11143
v -1.755483 0.047090 4.579973
v -1.722308 0.009746 4.577788
l 11144 11145
v -1.508450 0.240275 4.601553
v -1.558121 0.237172 4.606365
l 11146 11147
v -1.557820 0.246315 4.600093
v -1.527415 0.230310 4.636417
l 11148 11149
v -1.557497 0.246035 4.593640
v -1.523698 0.227073 4.562047
l 11150 11151
v -1.558967 0.250036 4.596633
v -1.564883 0.299625 4.594188
l 11152 11153
v -1.560273 0.057253 4.590923
v -1.590292 0.023141 4.570060
l 11154 11155
v -1.146957 0.143924 4.622090
v -1.159260 0.190687 4.634810
l 11156 11157
v -1.337383 0.065302 4.602227
v -1.367804 0.046520 4.567272
l 11158 11159
v -1.437683 0.333737 4.603390
v -1.432670 0.284263 4.608608
l 11160 11161
v -1.438337 0.337594 4.606320
v -1.470415 0.363974 4.634160
l 11162 11163
v -1.438270 0.336904 4.599713
v -1.469713 0.356904 4.566377
l 11164 11165
v -1.434830 0.337601 4.603017
v -1.385586 0.346252 4.602610
l 11166 11167
v -1.445953 0.247435 4.604493
v -1.441468 0.289690 4.630845
l 11168 11169
v -1.420920 -0.028497 4.580190
v -1.388121 -0.029241 4.617922
l 11170 11171
v -1.443957 0.145401 4.612340
v -1.403068 0.157084 4.638638
l 11172 11173
v -1.444657 0.145142 4.605750
v -1.410289 0.154419 4.570639
l 11174 11175
v -1.446220 0.142495 4.609357
v -1.470314 0.098892 4.613632
l 11176 11177
v -1.334227 0.064393 4.605767
v -1.285632 0.053062 4.608946
l 11178 11179
v -1.347167 -0.035609 4.557533
v -1.305269 -0.050352 4.534572
l 11180 11181
v -1.062407 0.140835 4.625697
v -1.106995 0.152841 4.644873
l 11182 11183
v -1.155943 0.052921 4.615603
v -1.122122 0.089331 4.621117
l 11184 11185
v -1.421403 -0.026050 4.574643
v -1.394566 0.003259 4.544299
l 11186 11187
v -1.227157 0.003601 4.593573
v -1.225444 0.035515 4.555121
l 11188 11189
v -1.224297 0.000883 4.597380
v -1.177934 -0.011972 4.610991
l 11190 11191
v -1.143667 -0.024681 4.571127
v -1.149676 0.001798 4.613112
l 11192 11193
v -0.689445 -0.063277 2.339267
v -0.704365 -0.094855 2.303487
l 11194 11195
v -0.697958 -0.062936 2.347163
v -0.678919 -0.074951 2.391808
l 11196 11197
v -1.057807 0.141669 4.624877
v -1.025635 0.178191 4.636328
l 11198 11199
v -1.525580 0.740735 4.602497
v -1.541629 0.695179 4.615421
l 11200 11201
v -1.143777 0.140008 4.622677
v -1.096117 0.131178 4.634947
l 11202 11203
v -0.947763 0.041202 4.624133
v -0.905947 0.019719 4.641160
l 11204 11205
v -1.236090 -0.026473 4.559137
v -1.195592 -0.048308 4.539562
l 11206 11207
v -1.241440 -0.026610 4.559137
v -1.280984 -0.050272 4.539735
l 11208 11209
v -0.643045 -0.072316 1.816147
v -0.653011 -0.096512 1.773541
l 11210 11211
v -0.043869 -0.067622 1.749833
v 0.000476 -0.088318 1.739576
l 11212 11213
v -0.913514 -0.013847 4.603657
v -0.876412 -0.037582 4.627323
l 11214 11215
v -0.021396 -0.062454 1.975677
v 0.006115 -0.089995 1.944297
l 11216 11217
v -1.143777 -0.029387 4.569823
v -1.171874 -0.069418 4.559429
l 11218 11219
v -0.900801 -0.026005 4.562410
v -0.935055 -0.049798 4.534832
l 11220 11221
v -1.157803 0.049399 4.618360
v -1.190044 0.036678 4.654397
l 11222 11223
v -1.505313 0.240129 4.597923
v -1.484677 0.255089 4.554908
l 11224 11225
v -1.557577 0.061669 4.589857
v -1.537554 0.092903 4.556338
l 11226 11227
v -1.342497 0.150013 4.607557
v -1.302771 0.145688 4.577504
l 11228 11229
v -1.345330 0.153042 4.610417
v -1.375327 0.192645 4.604780
l 11230 11231
v -1.342797 0.150717 4.614100
v -1.306003 0.153256 4.647860
l 11232 11233
v -1.345467 0.148243 4.610927
v -1.380915 0.113047 4.613088
l 11234 11235
v -2.553830 1.938177 4.478823
v -2.573452 1.896552 4.498378
l 11236 11237
v -1.758893 0.246598 4.583077
v -1.731653 0.286325 4.596483
l 11238 11239
v 0.241983 0.555078 2.796980
v 0.229490 0.509428 2.813106
l 11240 11241
v 0.252192 0.551909 2.803927
v 0.229580 0.507741 2.810081
l 11242 11243
v -1.848057 0.140527 4.576793
v -1.847327 0.103897 4.542768
l 11244 11245
v -1.662257 -0.034862 4.539077
v -1.635847 -0.023013 4.579846
l 11246 11247
v -1.946560 0.245530 4.570530
v -1.954083 0.220507 4.613159
l 11248 11249
v -2.050610 0.548908 4.551897
v -2.078405 0.509315 4.539256
l 11250 11251
v -1.947053 0.244029 4.564643
v -1.943679 0.204082 4.534762
l 11252 11253
v -1.943477 0.247985 4.567597
v -1.897449 0.265637 4.559237
l 11254 11255
v -2.251600 0.057398 4.554847
v -2.256308 0.068744 4.603314
l 11256 11257
v 0.208625 0.087319 3.012020
v 0.239618 0.125116 3.001497
l 11258 11259
v 0.205242 0.083794 3.011657
v 0.155422 0.080571 3.014416
l 11260 11261
v -1.721847 -0.025625 4.565520
v -1.756752 0.006836 4.580617
l 11262 11263
v -2.352320 0.344294 4.539527
v -2.349593 0.305172 4.570543
l 11264 11265
v -2.776870 0.269513 4.497943
v -2.821061 0.292428 4.502638
l 11266 11267
v -2.254640 0.458054 4.541857
v -2.230919 0.500401 4.553858
l 11268 11269
v -2.256350 0.455507 4.537663
v -2.282799 0.457236 4.495267
l 11270 11271
v -2.258080 0.454718 4.543867
v -2.302496 0.448262 4.565901
l 11272 11273
v -2.254180 0.453240 4.541373
v -2.217899 0.419328 4.547178
l 11274 11275
v 0.242353 -0.080968 1.127123
v 0.200917 -0.085398 1.154754
l 11276 11277
v -1.050783 -0.077862 1.544797
v -1.019542 -0.062920 1.508731
l 11278 11279
v -0.308949 -0.059731 2.200867
v -0.354200 -0.062051 2.179726
l 11280 11281
v -0.305722 -0.062893 2.202587
v -0.292675 -0.091438 2.241510
l 11282 11283
v -0.305991 -0.056243 2.202433
v -0.295368 -0.024980 2.239980
l 11284 11285
v -0.304433 -0.059581 2.199463
v -0.280966 -0.059648 2.155312
l 11286 11287
v -0.821153 -0.062226 2.025280
v -0.783993 -0.030937 2.037116
l 11288 11289
v -0.628069 -0.068239 1.937417
v -0.662979 -0.071956 1.901815
l 11290 11291
v -0.651441 -0.065638 2.127373
v -0.661440 -0.093481 2.167682
l 11292 11293
v -0.651070 -0.059023 2.126960
v -0.657631 -0.025450 2.163427
l 11294 11295
v -0.653149 -0.062417 2.124100
v -0.682662 -0.063286 2.083749
l 11296 11297
v -0.648458 -0.062615 2.125127
v -0.606001 -0.066623 2.099024
l 11298 11299
v -0.822620 -0.065740 2.022427
v -0.843749 -0.068512 1.977195
l 11300 11301
v -0.143591 -0.080451 1.337420
v -0.162269 -0.096563 1.293928
l 11302 11303
v -0.140911 -0.075871 1.339760
v -0.124936 -0.030071 1.327630
l 11304 11305
v -0.138992 -0.081137 1.340887
v -0.096692 -0.107588 1.344200
l 11306 11307
v -0.143259 -0.079340 1.342053
v -0.173559 -0.081887 1.381745
l 11308 11309
v -0.043063 -0.100716 0.551564
v -0.032987 -0.122529 0.507716
l 11310 11311
v 0.556137 0.817820 2.811347
v 0.579938 0.860525 2.821829
l 11312 11313
v 0.019271 -0.069833 1.603837
v 0.061110 -0.069019 1.631202
l 11314 11315
v 0.250080 -0.074630 1.345447
v 0.296070 -0.057272 1.354591
l 11316 11317
v -0.138410 -0.084992 1.250253
v -0.097963 -0.114379 1.250895
l 11318 11319
v 0.349405 -0.069576 1.538047
v 0.307705 -0.072940 1.565429
l 11320 11321
v -0.282754 -0.097043 0.626093
v -0.257427 -0.061754 0.650857
l 11322 11323
v -0.282594 -0.103613 0.627046
v -0.255789 -0.129181 0.660628
l 11324 11325
v -0.282522 -0.100839 0.623018
v -0.276675 -0.107823 0.573855
l 11326 11327
v -0.286128 -0.100469 0.626179
v -0.336069 -0.101959 0.624255
l 11328 11329
v 0.447741 0.816967 2.794177
v 0.405448 0.793885 2.780812
l 11330 11331
v -0.362389 -0.070555 1.838187
v -0.399481 -0.103977 1.840869
l 11332 11333
v 1.140593 0.747979 2.770930
v 1.173994 0.784518 2.763907
l 11334 11335
v -0.683749 -0.055291 2.337510
v -0.686301 -0.005596 2.332616
l 11336 11337
v -0.701171 -0.054827 2.341497
v -0.697356 -0.005011 2.343460
l 11338 11339
v -0.742951 -0.060407 2.247163
v -0.787681 -0.062012 2.269449
l 11340 11341
v -0.838112 -0.086629 1.256590
v -0.797037 -0.089326 1.228208
l 11342 11343
v 0.196709 0.156091 3.038503
v 0.185808 0.204078 3.029650
l 11344 11345
v 0.647011 0.051205 2.835787
v 0.638747 0.003248 2.847270
l 11346 11347
v -0.241791 -0.074642 1.560537
v -0.207726 -0.081114 1.524513
l 11348 11349
v -0.628017 -0.068171 1.942273
v -0.661715 -0.070862 1.979114
l 11350 11351
v -0.753105 -0.065086 1.937707
v -0.727064 -0.043764 1.974683
l 11352 11353
v -0.625811 -0.064660 1.939743
v -0.589182 -0.030637 1.938884
l 11354 11355
v -0.651112 -0.085709 1.247603
v -0.691175 -0.086011 1.277517
l 11356 11357
v -0.546738 -0.070411 1.734130
v -0.547646 -0.120300 1.737341
l 11358 11359
v -0.336482 -0.078231 1.464037
v -0.363962 -0.077454 1.422272
l 11360 11361
v 0.949871 0.836632 2.819997
v 0.954637 0.880831 2.797111
l 11362 11363
v -0.136928 -0.098793 0.584612
v -0.106835 -0.093255 0.624156
l 11364 11365
v 0.339570 -0.080819 1.143393
v 0.297859 -0.095068 1.119789
l 11366 11367
v 0.245045 -0.086906 0.744620
v 0.201581 -0.062247 0.746301
l 11368 11369
v 0.149543 -0.087701 0.747838
v 0.159302 -0.044965 0.771888
l 11370 11371
v 0.151736 -0.091307 0.743708
v 0.194423 -0.096909 0.718283
l 11372 11373
v 0.146823 -0.090255 0.743833
v 0.104612 -0.085678 0.717427
l 11374 11375
v 0.148902 -0.093040 0.747938
v 0.141288 -0.132197 0.778084
l 11376 11377
v 0.348727 -0.087262 0.746042
v 0.339409 -0.038450 0.751571
l 11378 11379
v 0.351633 -0.090254 0.743232
v 0.362950 -0.107856 0.697821
l 11380 11381
v 0.351361 -0.090856 0.748092
v 0.383132 -0.095947 0.786363
l 11382 11383
v -0.053481 -0.091087 0.844452
v -0.017963 -0.092365 0.809284
l 11384 11385
v -0.056003 -0.094330 0.846913
v -0.096242 -0.124009 0.846894
l 11386 11387
v -0.056000 -0.087673 0.846674
v -0.096217 -0.058041 0.844523
l 11388 11389
v -0.053610 -0.090916 0.849206
v -0.019569 -0.089613 0.885806
l 11390 11391
v 0.156903 -0.095110 0.646868
v 0.204526 -0.107102 0.656266
l 11392 11393
v 0.152394 -0.096640 0.646962
v 0.122625 -0.122005 0.615810
l 11394 11395
v 0.153381 -0.092086 0.647772
v 0.138197 -0.048525 0.628488
l 11396 11397
v 0.348075 -0.087726 0.643315
v 0.359246 -0.055188 0.607031
l 11398 11399
v 0.345039 -0.091523 0.644807
v 0.296530 -0.099620 0.653826
l 11400 11401
v 0.349226 -0.090652 0.646877
v 0.365222 -0.084962 0.693906
l 11402 11403
v -0.047468 -0.085006 1.043623
v -0.011563 -0.081929 1.078283
l 11404 11405
v -0.050194 -0.081896 1.041217
v -0.092029 -0.054520 1.041864
l 11406 11407
v -0.049818 -0.088544 1.041417
v -0.088297 -0.120378 1.043858
l 11408 11409
v -0.047643 -0.085160 1.038863
v -0.014052 -0.084370 1.001836
l 11410 11411
v 0.313432 -0.093081 0.468121
v 0.277173 -0.059446 0.460777
l 11412 11413
v 0.316323 -0.096564 0.466095
v 0.355223 -0.098747 0.434757
l 11414 11415
v 0.313021 -0.099693 0.468072
v 0.272883 -0.128465 0.460257
l 11416 11417
v 0.315392 -0.096542 0.470795
v 0.342433 -0.098539 0.512805
l 11418 11419
v -1.208917 -0.067893 1.954017
v -1.171407 -0.043478 1.931725
l 11420 11421
v 0.150998 -0.104530 0.342691
v 0.168995 -0.103170 0.389320
l 11422 11423
v 0.459060 -0.085167 0.838850
v 0.438996 -0.077536 0.793692
l 11424 11425
v 0.339522 -0.094519 0.546925
v 0.338441 -0.144507 0.546748
l 11426 11427
v -0.041308 -0.078003 1.345377
v -0.008242 -0.075735 1.307940
l 11428 11429
v -0.249035 -0.096211 0.743230
v -0.281446 -0.095487 0.705164
l 11430 11431
v -0.248362 -0.099641 0.547672
v -0.237861 -0.074997 0.589890
l 11432 11433
v -0.146651 -0.103317 0.447026
v -0.105022 -0.104422 0.419352
l 11434 11435
v 0.167616 -0.099240 0.474359
v 0.217376 -0.103328 0.471672
l 11436 11437
v 0.163742 -0.102239 0.474162
v 0.133558 -0.129978 0.445536
l 11438 11439
v 0.164296 -0.095633 0.474365
v 0.139290 -0.061572 0.447633
l 11440 11441
v 0.164199 -0.099059 0.477786
v 0.162751 -0.100470 0.527745
l 11442 11443
v 0.054055 -0.103429 0.442915
v 0.101928 -0.115933 0.450119
l 11444 11445
v 0.049714 -0.100258 0.446213
v 0.048758 -0.077099 0.490516
l 11446 11447
v 0.050530 -0.100088 0.441093
v 0.040846 -0.071718 0.401075
l 11448 11449
v -0.149740 -0.099891 0.449196
v -0.154213 -0.062403 0.481977
l 11450 11451
v 0.210013 -0.104803 0.291693
v 0.259723 -0.101541 0.295969
l 11452 11453
v 0.205197 -0.102259 0.293191
v 0.186020 -0.064935 0.320379
l 11454 11455
v 0.205591 -0.108052 0.293034
v 0.191732 -0.149033 0.318104
l 11456 11457
v 0.205741 -0.105020 0.288977
v 0.191033 -0.104727 0.241190
l 11458 11459
v 0.146830 -0.098461 0.437617
v 0.172154 -0.069760 0.469789
l 11460 11461
v 0.227475 -0.103876 0.424336
v 0.249452 -0.130465 0.460530
l 11462 11463
v 0.236947 -0.102672 0.436424
v 0.235628 -0.151489 0.425695
l 11464 11465
v 0.047713 -0.110955 0.190337
v 0.004336 -0.089372 0.177985
l 11466 11467
v 0.146658 -0.101515 0.433975
v 0.152461 -0.098305 0.384417
l 11468 11469
v 0.265937 -0.100750 0.385926
v 0.259620 -0.104494 0.336468
l 11470 11471
v -0.149274 -0.106368 0.450157
v -0.149126 -0.133032 0.492453
l 11472 11473
v 0.236933 -0.093226 0.431431
v 0.267149 -0.065473 0.402851
l 11474 11475
v 0.232582 -0.093625 0.433780
v 0.202608 -0.060660 0.456471
l 11476 11477
v -0.229420 -0.105801 0.351425
v -0.182280 -0.110884 0.367299
l 11478 11479
v -0.233245 -0.108728 0.350059
v -0.251830 -0.141455 0.317141
l 11480 11481
v -0.232366 -0.102222 0.349531
v -0.242360 -0.071393 0.311456
l 11482 11483
v -0.233911 -0.105049 0.353213
v -0.254913 -0.098565 0.398122
l 11484 11485
v -0.140939 -0.095939 0.581573
v -0.167997 -0.053896 0.581062
l 11486 11487
v -0.141279 -0.101617 0.582627
v -0.174677 -0.137292 0.593208
l 11488 11489
v -0.137815 -0.099424 0.579684
v -0.112543 -0.108755 0.537562
l 11490 11491
v 0.952952 -0.061547 1.437440
v 0.903932 -0.060218 1.447201
l 11492 11493
v 0.252756 -0.088786 0.643551
v 0.291885 -0.057739 0.645788
l 11494 11495
v 0.125851 -0.112909 0.190240
v 0.168235 -0.089624 0.177536
l 11496 11497
v 0.247713 -0.091966 0.540744
v 0.246357 -0.045345 0.522727
l 11498 11499
v 0.431787 -0.089776 0.657985
v 0.423384 -0.111198 0.702375
l 11500 11501
v 0.653842 -0.081142 1.048993
v 0.686758 -0.118778 1.048708
l 11502 11503
v -0.454039 -0.068442 1.830467
v -0.414163 -0.071635 1.860462
l 11504 11505
v -0.434841 -0.094508 0.656309
v -0.387905 -0.093117 0.673487
l 11506 11507
v 0.246166 -0.087816 0.848899
v 0.206061 -0.089897 0.819111
l 11508 11509
v -0.670536 -0.073595 1.651893
v -0.671131 -0.123140 1.645185
l 11510 11511
v -0.673166 -0.070140 1.654380
v -0.716645 -0.045756 1.658254
l 11512 11513
v -0.668469 -0.069570 1.649760
v -0.667214 -0.039749 1.609646
l 11514 11515
v -0.668408 -0.070210 1.654477
v -0.633408 -0.069265 1.690171
l 11516 11517
v -0.446774 -0.065620 1.968300
v -0.397009 -0.064919 1.963516
l 11518 11519
v -0.450299 -0.062338 1.968633
v -0.475287 -0.031076 1.998606
l 11520 11521
v -0.450173 -0.068982 1.968973
v -0.474010 -0.097940 2.002037
l 11522 11523
v -0.450563 -0.065843 1.965373
v -0.457717 -0.068507 1.915960
l 11524 11525
v 0.154637 -0.064139 1.803693
v 0.107669 -0.071641 1.819112
l 11526 11527
v 1.450950 0.358165 2.840873
v 1.441484 0.399152 2.867900
l 11528 11529
v -0.046652 -0.064245 1.751860
v -0.055472 -0.015251 1.747199
l 11530 11531
v 0.055627 -0.077888 1.241107
v 0.063943 -0.055446 1.197206
l 11532 11533
v -0.146954 -0.074992 1.437863
v -0.103454 -0.050651 1.433955
l 11534 11535
v -0.056467 -0.081432 1.245460
v -0.019147 -0.086876 1.212633
l 11536 11537
v 0.342967 -0.082430 1.147357
v 0.346933 -0.108515 1.189828
l 11538 11539
v 0.341780 -0.076472 1.145857
v 0.332175 -0.034442 1.171179
l 11540 11541
v 0.344237 -0.079848 1.143553
v 0.382059 -0.080547 1.110858
l 11542 11543
v 0.041802 -0.086839 0.945109
v 0.074475 -0.084607 0.982891
l 11544 11545
v 0.352288 -0.066033 1.535930
v 0.362852 -0.019039 1.522516
l 11546 11547
v 0.248365 -0.064850 1.721060
v 0.287768 -0.059166 1.751311
l 11548 11549
v 0.245483 -0.061986 1.718267
v 0.241289 -0.035120 1.676307
l 11550 11551
v -0.651857 -0.077614 1.352590
v -0.637060 -0.031483 1.364957
l 11552 11553
v 0.042394 -0.075352 1.465487
v 0.078169 -0.077289 1.500364
l 11554 11555
v -0.048051 -0.076640 1.412937
v -0.086029 -0.078002 1.445429
l 11556 11557
v -0.045528 -0.073227 1.410500
v -0.044239 -0.040702 1.372547
l 11558 11559
v -0.045482 -0.079846 1.410277
v -0.043755 -0.109720 1.370220
l 11560 11561
v -0.043159 -0.076612 1.413127
v -0.007774 -0.077556 1.448439
l 11562 11563
v -0.543551 -0.089566 1.036703
v -0.556545 -0.070977 0.992143
l 11564 11565
v -0.539759 -0.088994 1.040840
v -0.497081 -0.066366 1.053745
l 11566 11567
v -0.544398 -0.090695 1.041483
v -0.581413 -0.086595 1.074847
l 11568 11569
v -0.711884 -0.094898 0.990501
v -0.706919 -0.139437 1.012673
l 11570 11571
v 0.142432 -0.111451 0.249169
v 0.140716 -0.160004 0.260985
l 11572 11573
v 0.461545 -0.082538 0.842527
v 0.500743 -0.053513 0.853530
l 11574 11575
v 0.461117 -0.088997 0.841625
v 0.496026 -0.124739 0.843589
l 11576 11577
v 0.458198 -0.085754 0.843470
v 0.417214 -0.087033 0.872082
l 11578 11579
v -0.243781 -0.070888 1.562863
v -0.238878 -0.036766 1.599080
l 11580 11581
v -0.246718 -0.092279 0.849680
v -0.208467 -0.100243 0.818481
l 11582 11583
v -0.246571 -0.101839 0.543325
v -0.217247 -0.091037 0.504294
l 11584 11585
v -0.248131 -0.105935 0.546104
v -0.235219 -0.146692 0.572029
l 11586 11587
v -0.251195 -0.102373 0.544787
v -0.296680 -0.098947 0.524310
l 11588 11589
v -0.508263 -0.102014 0.692014
v -0.541262 -0.124035 0.661582
l 11590 11591
v 0.863170 -0.062846 1.436607
v 0.907187 -0.061708 1.460297
l 11592 11593
v -0.231545 -0.099832 0.592634
v -0.237702 -0.095205 0.642037
l 11594 11595
v -0.415825 -0.101171 0.582553
v -0.465323 -0.094712 0.585424
l 11596 11597
v -0.410974 -0.098080 0.583950
v -0.394233 -0.060777 0.612728
l 11598 11599
v -0.411750 -0.103946 0.583779
v -0.393002 -0.143954 0.607185
l 11600 11601
v -0.411585 -0.100862 0.579685
v -0.397473 -0.101326 0.531720
l 11602 11603
v -0.751926 -0.088757 1.146057
v -0.732246 -0.083574 1.100386
l 11604 11605
v -0.753492 -0.092436 1.148930
v -0.789695 -0.125862 1.157418
l 11606 11607
v -0.750539 -0.089111 1.150580
v -0.706578 -0.089222 1.174402
l 11608 11609
v -0.258756 -0.078807 1.464790
v -0.297982 -0.076801 1.433850
l 11610 11611
v 0.269587 -0.099764 0.389607
v 0.317269 -0.102173 0.404459
l 11612 11613
v 0.242937 -0.098919 0.446402
v 0.212185 -0.094254 0.485550
l 11614 11615
v -0.439762 -0.103436 0.653999
v -0.438954 -0.151375 0.668184
l 11616 11617
v -0.444122 -0.102346 0.670405
v -0.456648 -0.144008 0.645760
l 11618 11619
v -0.321321 -0.105477 0.470814
v -0.305009 -0.129950 0.511248
l 11620 11621
v -0.151431 -0.103694 0.446805
v -0.185304 -0.111467 0.410857
l 11622 11623
v -0.145953 -0.100785 0.648185
v -0.109325 -0.131134 0.663589
l 11624 11625
v 0.057902 -0.101106 0.494886
v 0.054113 -0.105858 0.445256
l 11626 11627
v 0.248042 -0.089810 0.746909
v 0.284986 -0.084036 0.780102
l 11628 11629
v 0.154470 -0.098633 0.544865
v 0.198159 -0.119666 0.557071
l 11630 11631
v 0.150244 -0.098991 0.540863
v 0.136966 -0.127073 0.501683
l 11632 11633
v 0.152313 -0.093910 0.542211
v 0.167952 -0.050999 0.521861
l 11634 11635
v 0.150059 -0.096904 0.545121
v 0.115619 -0.092416 0.581090
l 11636 11637
v -0.070025 -0.102724 0.516024
v -0.107991 -0.130657 0.532709
l 11638 11639
v -0.350819 -0.091954 1.039873
v -0.346044 -0.118079 0.997510
l 11640 11641
v 0.142956 -0.101594 0.436960
v 0.092992 -0.099960 0.437954
l 11642 11643
v -0.121382 -0.110530 0.192539
v -0.096742 -0.072743 0.214104
l 11644 11645
v -0.121222 -0.114932 0.189968
v -0.102026 -0.160880 0.194474
l 11646 11647
v -0.125504 -0.112451 0.190514
v -0.172731 -0.121976 0.203888
l 11648 11649
v 0.052345 -0.111910 0.188359
v 0.085050 -0.108925 0.150657
l 11650 11651
v 0.434052 -0.085622 0.655907
v 0.459473 -0.042592 0.654430
l 11652 11653
v -0.048601 -0.105272 0.347185
v -0.041917 -0.092025 0.394933
l 11654 11655
v -0.441088 -0.103059 0.641091
v -0.475199 -0.138812 0.633462
l 11656 11657
v -0.050308 -0.099105 0.651081
v -0.048254 -0.126339 0.692963
l 11658 11659
v -0.051580 -0.093462 0.649272
v -0.050471 -0.048543 0.671203
l 11660 11661
v -0.049609 -0.097052 0.646841
v -0.015651 -0.101089 0.610364
l 11662 11663
v 0.058589 -0.097490 0.497995
v 0.065690 -0.048593 0.505653
l 11664 11665
v 0.054884 -0.101255 0.498638
v 0.019220 -0.119966 0.528269
l 11666 11667
v 0.045129 -0.104415 0.343640
v -0.002662 -0.090663 0.348827
l 11668 11669
v -0.208599 -0.105585 0.287618
v -0.207310 -0.057759 0.302144
l 11670 11671
v -0.212673 -0.109599 0.287865
v -0.259084 -0.122925 0.300841
l 11672 11673
v -0.151770 -0.106262 0.341233
v -0.190043 -0.108196 0.373348
l 11674 11675
v 0.150081 -0.101308 0.339347
v 0.161940 -0.066645 0.305320
l 11676 11677
v 0.146698 -0.104955 0.340760
v 0.097689 -0.110133 0.349204
l 11678 11679
v 0.150755 -0.107799 0.339277
v 0.169399 -0.138548 0.304536
l 11680 11681
v 0.048757 -0.106112 0.341042
v 0.078483 -0.087794 0.305254
l 11682 11683
v 0.222668 -0.101762 0.356259
v 0.191932 -0.082671 0.390768
l 11684 11685
v 0.225477 -0.106558 0.354789
v 0.231817 -0.154215 0.368523
l 11686 11687
v 0.228095 -0.101584 0.354370
v 0.271716 -0.078412 0.362131
l 11688 11689
v 0.224118 -0.102921 0.351567
v 0.207617 -0.098198 0.304605
l 11690 11691
v 0.049610 -0.115542 0.191619
v 0.044987 -0.163750 0.204053
l 11692 11693
v 0.051548 -0.110455 0.193703
v 0.072966 -0.090297 0.234137
l 11694 11695
v 0.141471 -0.106885 0.251321
v 0.151787 -0.075865 0.289154
l 11696 11697
v 0.223583 -0.101198 0.422822
v 0.175547 -0.108689 0.411144
l 11698 11699
v 0.049092 -0.106724 0.345749
v 0.080014 -0.099825 0.384430
l 11700 11701
v -0.146946 -0.106269 0.341392
v -0.111912 -0.108375 0.377003
l 11702 11703
v -0.029482 0.053157 0.156126
v 0.019626 0.054516 0.146818
l 11704 11705
v -0.032604 0.051513 0.159725
v -0.051137 0.012395 0.184752
l 11706 11707
v -0.033822 0.053599 0.153602
v -0.064291 0.034908 0.118640
l 11708 11709
v -0.033093 0.055932 0.157789
v -0.038182 0.102700 0.174728
l 11710 11711
v 0.047794 -0.095027 0.647036
v 0.009655 -0.097869 0.614828
l 11712 11713
v -0.049138 -0.102673 0.446127
v -0.076429 -0.103989 0.488001
l 11714 11715
v 0.048619 -0.096948 0.548150
v 0.018131 -0.086065 0.586255
l 11716 11717
v 0.047685 -0.110451 0.342673
v 0.024219 -0.154417 0.338625
l 11718 11719
v -0.151800 -0.100723 0.533740
v -0.143374 -0.103466 0.484531
l 11720 11721
v 0.052904 -0.095148 0.545273
v 0.096544 -0.070853 0.547583
l 11722 11723
v -0.064163 -0.101899 0.517181
v -0.029212 -0.119570 0.548264
l 11724 11725
v -0.067534 -0.098117 0.515842
v -0.075124 -0.048806 0.519136
l 11726 11727
v -0.066303 -0.101902 0.512306
v -0.055700 -0.109543 0.464044
l 11728 11729
v -0.246753 -0.099587 0.745612
v -0.206652 -0.129340 0.748188
l 11730 11731
v -0.249407 -0.096305 0.747934
v -0.286021 -0.097022 0.781976
l 11732 11733
v -0.152176 -0.092920 0.848311
v -0.186975 -0.095384 0.812492
l 11734 11735
v -0.349128 -0.102621 0.547417
v -0.328752 -0.108824 0.502180
l 11736 11737
v 0.245862 -0.093512 0.744860
v 0.209690 -0.127819 0.748684
l 11738 11739
v -0.081786 0.119424 0.283495
v -0.056782 0.134635 0.242955
l 11740 11741
v -0.431871 -0.097892 0.625172
v -0.438324 -0.054935 0.600412
l 11742 11743
v 0.144898 -0.108318 0.245929
v 0.189285 -0.091547 0.230164
l 11744 11745
v 0.140283 -0.107927 0.246866
v 0.098753 -0.103700 0.219345
l 11746 11747
v -0.323123 -0.100007 0.469270
v -0.329698 -0.055036 0.490112
l 11748 11749
v -0.325904 -0.104649 0.467582
v -0.372298 -0.121918 0.460560
l 11750 11751
v -0.321408 -0.103479 0.466477
v -0.292884 -0.105652 0.425468
l 11752 11753
v -0.249171 -0.103611 0.447026
v -0.213908 -0.106111 0.482386
l 11754 11755
v -0.147748 -0.097592 0.645050
v -0.165289 -0.098798 0.598243
l 11756 11757
v -0.146225 -0.094197 0.648117
v -0.112233 -0.060624 0.662860
l 11758 11759
v -0.149640 -0.097624 0.649485
v -0.193684 -0.099196 0.673099
l 11760 11761
v -0.249365 -0.103801 0.442019
v -0.218109 -0.108982 0.403338
l 11762 11763
v -0.149570 -0.095066 0.747492
v -0.116523 -0.093822 0.709990
l 11764 11765
v -0.500911 -0.102214 0.692946
v -0.466151 -0.138126 0.691515
l 11766 11767
v -0.249284 -0.088507 0.850982
v -0.252881 -0.049482 0.882032
l 11768 11769
v -0.232530 -0.097176 0.588726
v -0.257916 -0.066599 0.558384
l 11770 11771
v -0.348573 -0.101046 0.624176
v -0.386723 -0.102112 0.591874
l 11772 11773
v -0.350602 -0.085327 1.040497
v -0.343889 -0.052135 1.003710
l 11774 11775
v -0.353490 -0.088746 1.042280
v -0.394708 -0.090058 1.070553
l 11776 11777
v -0.348810 -0.088961 1.042940
v -0.318736 -0.093675 1.082605
l 11778 11779
v -0.243583 -0.098921 0.647238
v -0.194082 -0.094115 0.642085
l 11780 11781
v -0.231929 -0.103377 0.589382
v -0.250429 -0.143829 0.566549
l 11782 11783
v -0.227826 -0.099796 0.589558
v -0.178937 -0.096096 0.579749
l 11784 11785
v -0.510717 -0.100537 0.700100
v -0.554943 -0.112739 0.719979
l 11786 11787
v -0.503365 -0.100738 0.701032
v -0.475077 -0.126165 0.733485
l 11788 11789
v -0.505497 -0.095462 0.699527
v -0.505497 -0.046579 0.710034
l 11790 11791
v -0.057033 -0.080990 1.250373
v -0.041457 -0.095425 1.295639
l 11792 11793
v 0.448356 -0.087470 0.741605
v 0.415993 -0.086979 0.703495
l 11794 11795
v -0.147446 -0.093359 0.848476
v -0.105665 -0.116992 0.834482
l 11796 11797
v -0.149565 -0.089463 0.850267
v -0.145893 -0.043041 0.868473
l 11798 11799
v -0.151701 -0.094679 0.852701
v -0.155345 -0.117131 0.897227
l 11800 11801
v -0.348388 -0.097470 0.747354
v -0.387656 -0.098436 0.778291
l 11802 11803
v -0.345134 -0.100706 0.745332
v -0.307375 -0.132528 0.753179
l 11804 11805
v -0.345167 -0.094106 0.745497
v -0.307719 -0.062347 0.754933
l 11806 11807
v -0.347312 -0.097348 0.742673
v -0.373020 -0.096402 0.699798
l 11808 11809
v -0.248267 -0.087152 1.045620
v -0.213023 -0.085828 1.081062
l 11810 11811
v -0.250787 -0.090569 1.043330
v -0.290154 -0.121347 1.045051
l 11812 11813
v -0.248401 -0.087249 1.040833
v -0.214656 -0.087401 1.003938
l 11814 11815
v -0.251650 -0.100129 0.444557
v -0.285935 -0.063735 0.444504
l 11816 11817
v -0.252388 -0.106645 0.444833
v -0.293937 -0.134333 0.447493
l 11818 11819
v -0.149203 -0.102798 0.338912
v -0.147915 -0.069630 0.301520
l 11820 11821
v -0.149200 -0.109423 0.338517
v -0.147884 -0.137914 0.297449
l 11822 11823
v -0.449219 -0.095956 0.845537
v -0.482581 -0.095149 0.882770
l 11824 11825
v -0.143961 -0.110398 0.246188
v -0.174881 -0.105343 0.285154
l 11826 11827
v -0.152481 -0.097212 0.536877
v -0.134751 -0.060303 0.565573
l 11828 11829
v -0.249172 -0.089801 0.941526
v -0.282129 -0.088786 0.979113
l 11830 11831
v -0.148752 -0.082652 1.043760
v -0.166624 -0.038275 1.029225
l 11832 11833
v -0.764148 -0.083840 1.345730
v -0.730762 -0.091960 1.309405
l 11834 11835
v 0.348386 -0.085739 0.957787
v 0.343181 -0.103292 1.004314
l 11836 11837
v 0.164389 0.327703 3.435027
v 0.115156 0.325190 3.443381
l 11838 11839
v 0.193304 0.743137 2.973407
v 0.160489 0.705882 2.979347
l 11840 11841
v 0.194077 0.748199 2.972880
v 0.177567 0.791701 2.954576
l 11842 11843
v 0.240466 0.288682 2.802893
v 0.271940 0.265980 2.834420
l 11844 11845
v 0.264070 0.051174 2.823377
v 0.252545 0.023536 2.863418
l 11846 11847
v 0.187360 0.168659 3.106310
v 0.183423 0.148999 3.152114
l 11848 11849
v 0.344494 0.448908 2.814433
v 0.310349 0.442196 2.778530
l 11850 11851
v 0.834379 -0.070070 1.251380
v 0.790382 -0.088407 1.266479
l 11852 11853
v 2.220217 0.453508 3.506923
v 2.189256 0.464171 3.469138
l 11854 11855
v 2.222453 0.455547 3.511903
v 2.211904 0.490840 3.545713
l 11856 11857
v 2.225793 0.453562 3.508607
v 2.271013 0.455782 3.487388
l 11858 11859
v 2.222147 0.450451 3.510717
v 2.216227 0.405492 3.531780
l 11860 11861
v -0.460904 -0.050471 2.302283
v -0.435141 -0.014600 2.325724
l 11862 11863
v 0.098885 0.745151 4.680030
v 0.054248 0.766499 4.672830
l 11864 11865
v 0.151422 -0.064234 1.747563
v 0.133245 -0.067412 1.794034
l 11866 11867
v -0.047591 -0.067802 1.754977
v -0.042742 -0.090416 1.799307
l 11868 11869
v -0.049110 -0.068556 1.749930
v -0.087583 -0.083244 1.721573
l 11870 11871
v 0.056370 -0.084376 1.037980
v 0.024632 -0.073747 1.000836
l 11872 11873
v -0.129352 -0.062831 1.737930
v -0.092737 -0.032441 1.753286
l 11874 11875
v -0.148869 -0.073612 1.541970
v -0.190528 -0.077401 1.514581
l 11876 11877
v -0.146221 -0.070032 1.543617
v -0.108295 -0.039068 1.533474
l 11878 11879
v -0.145835 -0.076679 1.543950
v -0.104533 -0.103921 1.536737
l 11880 11881
v -0.147872 -0.073322 1.546583
v -0.174807 -0.072771 1.588705
l 11882 11883
v 0.059915 -0.064266 1.747493
v 0.027756 -0.063779 1.785776
l 11884 11885
v -0.056712 -0.071918 1.634320
v -0.081712 -0.115088 1.630946
l 11886 11887
v -0.648266 -0.073831 1.740713
v -0.640956 -0.102675 1.780895
l 11888 11889
v -0.454971 -0.085844 1.250827
v -0.412975 -0.097968 1.275104
l 11890 11891
v -0.154846 -0.059824 1.852913
v -0.168898 -0.026986 1.887902
l 11892 11893
v -0.639280 -0.072116 1.820450
v -0.596077 -0.092304 1.835484
l 11894 11895
v 0.206556 -0.060904 1.867030
v 0.187017 -0.056679 1.912860
l 11896 11897
v 0.207411 -0.064500 1.863500
v 0.188246 -0.099795 1.833718
l 11898 11899
v 0.210787 -0.061179 1.864633
v 0.259419 -0.061023 1.876249
l 11900 11901
v 0.567324 -0.058592 1.751950
v 0.541081 -0.044331 1.792049
l 11902 11903
v -0.228180 -0.062911 1.926357
v -0.277413 -0.071227 1.928995
l 11904 11905
v -0.530981 -0.062137 2.130653
v -0.521384 -0.057858 2.179537
l 11906 11907
v -0.224327 -0.070912 1.637323
v -0.179561 -0.069987 1.659575
l 11908 11909
v 0.447078 -0.068792 1.559767
v 0.494280 -0.084879 1.556136
l 11910 11911
v 0.441757 -0.070656 1.557583
v 0.423212 -0.097415 1.519635
l 11912 11913
v 0.443751 -0.065072 1.558770
v 0.436156 -0.019906 1.538712
l 11914 11915
v 0.047476 -0.074583 1.561690
v 0.037447 -0.103839 1.600978
l 11916 11917
v -0.021842 -0.055803 1.975630
v 0.001766 -0.025284 1.943831
l 11918 11919
v -0.856715 -0.083869 1.345927
v -0.898131 -0.069940 1.370230
l 11920 11921
v -0.853335 -0.081144 1.341610
v -0.858179 -0.049605 1.303116
l 11922 11923
v -0.854433 -0.086985 1.343087
v -0.854775 -0.129143 1.316205
l 11924 11925
v -0.851888 -0.083641 1.345507
v -0.812664 -0.083176 1.376510
l 11926 11927
v -0.751673 -0.070837 1.752807
v -0.755159 -0.020969 1.753822
l 11928 11929
v -0.754031 -0.074479 1.754807
v -0.758982 -0.103975 1.794875
l 11930 11931
v -0.534909 -0.062341 2.127947
v -0.584275 -0.061157 2.135798
l 11932 11933
v -2.757547 1.045130 4.490757
v -2.798973 1.040231 4.518322
l 11934 11935
v -0.768303 -0.085728 1.346930
v -0.810675 -0.111924 1.351211
l 11936 11937
v -1.756037 0.367702 4.576457
v -1.758258 0.410426 4.550577
l 11938 11939
v -0.646423 -0.070573 1.737730
v -0.617220 -0.071519 1.697156
l 11940 11941
v -0.859999 -0.077970 1.564927
v -0.826714 -0.080117 1.527677
l 11942 11943
v -0.848392 -0.077235 1.468957
v -0.857329 -0.041898 1.503183
l 11944 11945
v -0.858434 -0.074091 1.727310
v -0.905824 -0.076626 1.743051
l 11946 11947
v -0.855217 -0.070587 1.726397
v -0.822061 -0.038791 1.746139
l 11948 11949
v -0.856104 -0.073959 1.723183
v -0.869184 -0.074527 1.674928
l 11950 11951
v -0.862190 -0.074494 1.567330
v -0.858988 -0.043163 1.606164
l 11952 11953
v -0.862231 -0.081150 1.567677
v -0.859393 -0.108319 1.609555
l 11954 11955
v -0.653085 -0.082415 1.354183
v -0.681763 -0.105401 1.388083
l 11956 11957
v -0.850269 -0.080765 1.465957
v -0.879229 -0.083614 1.425297
l 11958 11959
v -0.845572 -0.080778 1.467197
v -0.801644 -0.084033 1.443538
l 11960 11961
v -0.646402 -0.085608 1.248020
v -0.614203 -0.084335 1.286251
l 11962 11963
v -0.334610 -0.081619 1.466917
v -0.296649 -0.113440 1.473727
l 11964 11965
v -0.908341 -0.088837 1.279600
v -0.862733 -0.099779 1.262275
l 11966 11967
v -0.663539 -0.075975 1.541120
v -0.701024 -0.074566 1.574178
l 11968 11969
v -0.190059 -0.062865 1.910687
v -0.161061 -0.060974 1.869998
l 11970 11971
v 0.026384 -0.057493 1.870267
v 0.023535 -0.026646 1.909514
l 11972 11973
v -0.953107 -0.085852 1.468527
v -0.993604 -0.113969 1.476858
l 11974 11975
v -2.832040 0.754708 4.486093
v -2.813226 0.753942 4.532412
l 11976 11977
v -2.834110 0.751891 4.482217
v -2.848162 0.706387 4.466990
l 11978 11979
v -2.829950 0.755903 4.480593
v -2.786733 0.758559 4.455588
l 11980 11981
v -2.834310 0.756653 4.482377
v -2.869966 0.791180 4.476329
l 11982 11983
v -0.339281 -0.071649 1.655977
v -0.377567 -0.070521 1.688116
l 11984 11985
v -0.449771 -0.096557 0.940342
v -0.435090 -0.142691 0.927849
l 11986 11987
v -0.451787 -0.091629 0.937870
v -0.463561 -0.073113 0.892941
l 11988 11989
v -0.447763 -0.091446 0.941922
v -0.405125 -0.068113 0.953653
l 11990 11991
v -0.452283 -0.093028 0.942454
v -0.487761 -0.089937 0.977550
l 11992 11993
v -0.353097 -0.102681 0.671659
v -0.392849 -0.132419 0.665709
l 11994 11995
v -0.249194 -0.094936 0.852732
v -0.252000 -0.112915 0.899303
l 11996 11997
v -0.049330 -0.090108 0.750586
v -0.053170 -0.056864 0.787736
l 11998 11999
v -0.155618 -0.101078 0.536556
v -0.204973 -0.108817 0.534503
l 12000 12001
v -0.151481 -0.103731 0.537412
v -0.124270 -0.128623 0.571175
l 12002 12003
v -0.251447 -0.092439 0.849333
v -0.284712 -0.102676 0.813436
l 12004 12005
v -0.345494 -0.094277 0.844927
v -0.308616 -0.094240 0.878691
l 12006 12007
v -0.049186 -0.091322 0.746012
v -0.082699 -0.094525 0.709045
l 12008 12009
v -0.449877 -0.088076 1.037767
v -0.434271 -0.065185 0.996144
l 12010 12011
v -0.546898 -0.078930 1.435923
v -0.546359 -0.128910 1.437230
l 12012 12013
v 0.155922 -0.070156 1.555897
v 0.199524 -0.070688 1.580363
l 12014 12015
v 0.038513 -0.077269 1.357527
v 0.003254 -0.072346 1.322419
l 12016 12017
v 0.142364 -0.075617 1.455597
v 0.097751 -0.097736 1.460119
l 12018 12019
v 0.249089 -0.091000 0.850966
v 0.256829 -0.122288 0.889191
l 12020 12021
v -0.047144 -0.094399 0.748976
v -0.045038 -0.142666 0.761854
l 12022 12023
v 0.539453 -0.076926 1.058953
v 0.530513 -0.050091 1.100184
l 12024 12025
v 0.541067 -0.082526 1.057263
v 0.536350 -0.127889 1.077756
l 12026 12027
v 0.544077 -0.078932 1.055577
v 0.590734 -0.062984 1.047285
l 12028 12029
v 0.539347 -0.078910 1.054537
v 0.511192 -0.074623 1.013440
l 12030 12031
v 0.244999 -0.077336 1.125237
v 0.249156 -0.043310 1.088837
l 12032 12033
v 0.245333 -0.083949 1.124677
v 0.252563 -0.110804 1.083125
l 12034 12035
v 0.251328 -0.078082 1.246027
v 0.214896 -0.075044 1.280137
l 12036 12037
v 0.253855 -0.081614 1.243927
v 0.292538 -0.113033 1.247987
l 12038 12039
v 0.254109 -0.074971 1.243607
v 0.295091 -0.046350 1.244774
l 12040 12041
v 0.251632 -0.078323 1.241260
v 0.219190 -0.078914 1.203219
l 12042 12043
v 0.154057 -0.087144 0.848958
v 0.145592 -0.040051 0.834449
l 12044 12045
v 0.015760 -0.067309 1.601060
v -0.014465 -0.027623 1.604440
l 12046 12047
v 0.018142 -0.070154 1.597503
v 0.047949 -0.072762 1.557444
l 12048 12049
v 0.015682 -0.072353 1.601330
v -0.017025 -0.109378 1.609037
l 12050 12051
v 0.852164 -0.062718 1.355667
v 0.835469 -0.021626 1.332585
l 12052 12053
v 0.954319 0.821716 2.815583
v 0.991231 0.800931 2.842144
l 12054 12055
v 0.263720 0.347004 2.819507
v 0.296246 0.360311 2.855073
l 12056 12057
v 0.259761 0.343729 2.818733
v 0.241437 0.297343 2.822275
l 12058 12059
v 0.263336 0.346761 2.814330
v 0.283340 0.332889 2.770656
l 12060 12061
v 0.259566 0.348464 2.817140
v 0.227634 0.386935 2.817704
l 12062 12063
v 0.358470 0.811823 2.799197
v 0.397939 0.842511 2.798499
l 12064 12065
v 0.554197 0.745539 2.821767
v 0.573164 0.699524 2.816981
l 12066 12067
v 0.159615 0.561204 3.504257
v 0.193524 0.597811 3.507431
l 12068 12069
v 0.241239 0.839710 2.784570
v 0.243231 0.853559 2.832572
l 12070 12071
v -0.224398 -0.062681 1.929460
v -0.212039 -0.066626 1.977748
l 12072 12073
v 1.657277 0.256200 2.889453
v 1.642864 0.223827 2.854179
l 12074 12075
v 1.668027 0.256178 2.891650
v 1.698821 0.269788 2.854684
l 12076 12077
v -0.470871 -0.050002 2.302800
v -0.491189 -0.004971 2.295093
l 12078 12079
v -0.154269 -0.063539 2.010013
v -0.147428 -0.110275 1.993613
l 12080 12081
v -0.151891 -0.058198 2.009357
v -0.119155 -0.033066 1.981129
l 12082 12083
v -0.157654 -0.059239 2.009917
v -0.201094 -0.042087 1.992061
l 12084 12085
v -0.154199 -0.059925 2.013313
v -0.150151 -0.055623 2.062963
l 12086 12087
v -0.013611 -0.056829 2.080780
v -0.057345 -0.060596 2.056840
l 12088 12089
v -0.225209 -0.052766 2.442977
v -0.236354 -0.054978 2.491668
l 12090 12091
v -0.156995 -0.057693 2.129483
v -0.111556 -0.057941 2.150344
l 12092 12093
v -0.249313 -0.063891 1.851350
v -0.234759 -0.016480 1.857703
l 12094 12095
v -0.030979 -0.054757 2.241000
v 0.000681 -0.051089 2.279525
l 12096 12097
v 0.747701 2.153210 4.704300
v 0.754096 2.159787 4.655149
l 12098 12099
v -0.012147 -0.056447 2.085377
v -0.032131 -0.054330 2.131161
l 12100 12101
v 0.202307 0.659020 3.015900
v 0.217804 0.704988 3.028016
l 12102 12103
v 0.444455 0.545603 2.818750
v 0.403033 0.546629 2.790766
l 12104 12105
v 0.547689 0.252631 2.835403
v 0.578349 0.292123 2.834767
l 12106 12107
v 0.117914 -0.012561 4.650153
v 0.155694 -0.036705 4.628023
l 12108 12109
v 0.115391 -0.007547 4.650357
v 0.119636 0.040525 4.637277
l 12110 12111
v 0.116016 -0.011017 4.655210
v 0.128178 -0.006858 4.703530
l 12112 12113
v 0.642402 0.746343 2.824263
v 0.601882 0.743187 2.795140
l 12114 12115
v 0.514924 -0.053726 1.985320
v 0.497055 -0.053802 2.032018
l 12116 12117
v 0.232998 -0.066825 1.521407
v 0.195425 -0.038656 1.538574
l 12118 12119
v 0.462954 -0.058234 1.941107
v 0.461891 -0.102156 1.964976
l 12120 12121
v 0.460624 -0.052730 1.942543
v 0.450861 -0.024867 1.982896
l 12122 12123
v 0.460755 -0.055012 1.938350
v 0.432001 -0.056516 1.897473
l 12124 12125
v 0.349952 0.814360 2.799347
v 0.322051 0.831684 2.837048
l 12126 12127
v 0.351122 0.812719 2.793347
v 0.347934 0.804928 2.744060
l 12128 12129
v 0.166177 0.726715 3.396447
v 0.155832 0.774127 3.384402
l 12130 12131
v 0.248031 0.745386 2.794847
v 0.247517 0.700067 2.773729
l 12132 12133
v 0.160336 0.449794 3.447030
v 0.121869 0.447467 3.478888
l 12134 12135
v -0.140899 -0.081732 1.247753
v -0.175051 -0.082750 1.211249
l 12136 12137
v -0.138466 -0.078332 1.250120
v -0.098519 -0.048267 1.249566
l 12138 12139
v -0.140905 -0.081636 1.252493
v -0.176069 -0.081221 1.288036
l 12140 12141
v 0.192816 0.158506 3.050697
v 0.180546 0.202742 3.030881
l 12142 12143
v 0.265392 0.741088 2.813470
v 0.309229 0.717356 2.817359
l 12144 12145
v 0.751017 -0.062717 1.653677
v 0.741447 -0.098157 1.619729
l 12146 12147
v 0.186461 0.183250 3.291590
v 0.147040 0.213943 3.289606
l 12148 12149
v 0.168182 0.329950 3.432793
v 0.175384 0.368610 3.401914
l 12150 12151
v 0.351690 0.743279 2.808680
v 0.386542 0.708805 2.818527
l 12152 12153
v 0.195264 0.743739 2.984030
v 0.166224 0.704437 2.994618
l 12154 12155
v 0.256639 0.552106 2.815240
v 0.233157 0.510219 2.829171
l 12156 12157
v 0.266872 0.552420 2.817457
v 0.314341 0.547786 2.832463
l 12158 12159
v 0.257190 0.557038 2.815020
v 0.250602 0.600239 2.839314
l 12160 12161
v 0.646996 0.352039 2.838330
v 0.653200 0.396516 2.860315
l 12162 12163
v 1.146613 -0.042556 1.842380
v 1.187478 -0.013800 1.840592
l 12164 12165
v 1.145337 -0.048562 1.840950
v 1.171921 -0.086980 1.823135
l 12166 12167
v 1.142270 -0.044286 1.839630
v 1.110055 -0.029085 1.804543
l 12168 12169
v 1.143370 -0.045575 1.844050
v 1.118143 -0.050425 1.886946
l 12170 12171
v -0.713332 -0.058397 2.355433
v -0.691127 -0.073146 2.397734
l 12172 12173
v -0.714198 -0.053893 2.351970
v -0.708200 -0.004262 2.351039
l 12174 12175
v -0.717480 -0.057955 2.352277
v -0.766062 -0.069442 2.349480
l 12176 12177
v 0.207097 0.153088 3.031687
v 0.236788 0.193310 3.030882
l 12178 12179
v -0.688093 -0.060948 2.238793
v -0.734049 -0.073931 2.223977
l 12180 12181
v 0.199691 0.778929 2.833817
v 0.243672 0.778038 2.857584
l 12182 12183
v 0.183164 0.211673 3.334117
v 0.148679 0.177872 3.321145
l 12184 12185
v 0.267163 0.653159 2.813647
v 0.296408 0.689038 2.794742
l 12186 12187
v 0.239035 0.836221 2.781833
v 0.235107 0.788039 2.769064
l 12188 12189
v 0.255974 0.652226 2.801347
v 0.280210 0.684656 2.772006
l 12190 12191
v 0.762999 -0.051874 1.870500
v 0.720695 -0.054392 1.843966
l 12192 12193
v 0.765820 -0.048368 1.872613
v 0.769537 -0.015007 1.909671
l 12194 12195
v 0.767688 -0.051797 1.869960
v 0.798864 -0.053340 1.830900
l 12196 12197
v 0.343074 0.345978 2.822657
v 0.296087 0.363021 2.823998
l 12198 12199
v 0.346498 0.342442 2.818873
v 0.339703 0.317941 2.775821
l 12200 12201
v 0.346516 0.342060 2.824343
v 0.352934 0.308867 2.861181
l 12202 12203
v 0.347886 0.346032 2.821867
v 0.384936 0.379533 2.824085
l 12204 12205
v 0.446316 0.444033 2.819870
v 0.441758 0.412917 2.780998
l 12206 12207
v 0.208008 0.660220 2.997847
v 0.224155 0.707501 2.999779
l 12208 12209
v 0.850615 0.446061 2.825393
v 0.856357 0.403016 2.800610
l 12210 12211
v 0.845756 0.450508 2.824880
v 0.806029 0.451075 2.794524
l 12212 12213
v 0.850725 0.450906 2.825340
v 0.884568 0.487660 2.823400
l 12214 12215
v 0.848073 0.448579 2.828767
v 0.843412 0.449233 2.878545
l 12216 12217
v 0.544457 0.544877 2.826373
v 0.508595 0.579525 2.830037
l 12218 12219
v 0.546873 0.542387 2.822783
v 0.544675 0.508102 2.786455
l 12220 12221
v 0.546765 0.541582 2.829343
v 0.543534 0.499591 2.856293
l 12222 12223
v 0.549311 0.544527 2.826410
v 0.588116 0.575739 2.830877
l 12224 12225
v 1.747027 0.229459 2.892433
v 1.790742 0.253013 2.886588
l 12226 12227
v 1.105043 -0.049353 1.599330
v 1.094406 -0.009677 1.627836
l 12228 12229
v 1.104697 -0.055565 1.599923
v 1.090046 -0.087719 1.635300
l 12230 12231
v 1.104340 -0.052785 1.595920
v 1.082717 -0.055874 1.550944
l 12232 12233
v 0.859490 1.646310 4.736467
v 0.896245 1.651988 4.703047
l 12234 12235
v 0.554731 0.814418 2.807363
v 0.565169 0.803979 2.759592
l 12236 12237
v 0.897407 -0.050153 2.536237
v 0.870551 -0.069179 2.573876
l 12238 12239
v 0.028991 -0.060823 1.868133
v 0.065854 -0.060842 1.834352
l 12240 12241
v 0.181101 0.565762 3.160877
v 0.176578 0.589808 3.117272
l 12242 12243
v 0.203464 0.476497 3.026347
v 0.239273 0.510421 3.018168
l 12244 12245
v 0.204797 0.471503 3.025510
v 0.200698 0.429735 3.052688
l 12246 12247
v 0.212912 0.151790 2.988527
v 0.216685 0.106260 2.968208
l 12248 12249
v 0.178151 0.564530 3.164420
v 0.147735 0.574341 3.202872
l 12250 12251
v 0.183536 0.647848 3.139793
v 0.218674 0.612822 3.146003
l 12252 12253
v 0.547601 0.346051 2.830377
v 0.511855 0.379372 2.819798
l 12254 12255
v 0.856965 -0.045830 2.649610
v 0.823227 -0.076617 2.629266
l 12256 12257
v 0.552016 0.447754 2.824727
v 0.592135 0.445049 2.795009
l 12258 12259
v 0.443405 0.350056 2.829670
v 0.403822 0.349186 2.860205
l 12260 12261
v 0.445627 0.347852 2.826023
v 0.441739 0.347879 2.776175
l 12262 12263
v 0.448203 0.345450 2.829293
v 0.451296 0.303597 2.856473
l 12264 12265
v 0.448107 0.350166 2.829303
v 0.482704 0.386255 2.828573
l 12266 12267
v 0.668546 -0.057518 1.672487
v 0.675318 -0.026577 1.711175
l 12268 12269
v 0.237090 0.291828 2.801783
v 0.234834 0.341591 2.797472
l 12270 12271
v 0.899717 0.801783 2.799070
v 0.863314 0.834190 2.810230
l 12272 12273
v 0.451341 0.814421 2.803687
v 0.412754 0.807700 2.834766
l 12274 12275
v 0.541589 0.815985 2.809333
v 0.515789 0.788347 2.842051
l 12276 12277
v 0.460862 0.805095 2.808120
v 0.454586 0.771803 2.844893
l 12278 12279
v 0.457262 0.807641 2.798610
v 0.467890 0.774323 2.762875
l 12280 12281
v 0.459484 0.811095 2.802117
v 0.493885 0.847225 2.798765
l 12282 12283
v 0.347964 0.745218 2.811023
v 0.301936 0.742636 2.830384
l 12284 12285
v 0.644308 0.549984 2.832440
v 0.674795 0.589607 2.831653
l 12286 12287
v 0.549498 0.450491 2.827767
v 0.514491 0.485964 2.823741
l 12288 12289
v 0.196396 0.145625 3.041840
v 0.165619 0.106488 3.046427
l 12290 12291
v 0.653348 0.814871 2.816180
v 0.693739 0.840935 2.802423
l 12292 12293
v 0.540421 0.817885 2.804243
v 0.547185 0.807474 2.755809
l 12294 12295
v 0.642180 0.547333 2.835823
v 0.603591 0.542707 2.867279
l 12296 12297
v 0.954907 0.810233 2.790520
v 0.967773 0.850567 2.763919
l 12298 12299
v 0.951595 0.808088 2.793643
v 0.903907 0.793068 2.793142
l 12300 12301
v 0.956105 0.806340 2.793173
v 0.977257 0.761776 2.785007
l 12302 12303
v 0.449963 0.820421 2.797683
v 0.487090 0.853506 2.792484
l 12304 12305
v 0.199186 0.854769 2.781830
v 0.229069 0.829231 2.750930
l 12306 12307
v 0.198272 0.855871 2.787407
v 0.215613 0.845511 2.833145
l 12308 12309
v 0.193963 0.855091 2.783883
v 0.148318 0.834986 2.780374
l 12310 12311
v 0.197127 0.859136 2.783600
v 0.196288 0.908155 2.773779
l 12312 12313
v 1.247770 0.811832 2.767497
v 1.291324 0.832746 2.780366
l 12314 12315
v 1.244337 0.807993 2.768950
v 1.236765 0.763883 2.791243
l 12316 12317
v 1.244980 0.810163 2.763247
v 1.245187 0.792297 2.716548
l 12318 12319
v 1.242663 0.812557 2.767197
v 1.207832 0.847214 2.776452
l 12320 12321
v 1.010523 0.847840 2.829637
v 0.963132 0.855570 2.843577
l 12322 12323
v 0.131386 1.253343 4.220350
v 0.110525 1.225082 4.184767
l 12324 12325
v 0.129835 1.256407 4.223753
v 0.100711 1.289798 4.246922
l 12326 12327
v 0.163066 0.551880 3.474530
v 0.208331 0.531252 3.479580
l 12328 12329
v 0.160748 0.555832 3.472413
v 0.158362 0.604295 3.460344
l 12330 12331
v 0.158605 0.550944 3.471653
v 0.138087 0.520653 3.437574
l 12332 12333
v 1.249830 0.655863 2.755387
v 1.241693 0.699706 2.732769
l 12334 12335
v 0.175746 0.366030 3.370290
v 0.191422 0.327274 3.397717
l 12336 12337
v 0.244805 0.556802 2.793577
v 0.248222 0.569976 2.745465
l 12338 12339
v 0.749334 0.750828 2.818323
v 0.716710 0.714058 2.827469
l 12340 12341
v -0.024951 -0.059350 1.976017
v -0.074589 -0.062645 1.981037
l 12342 12343
v -0.021284 -0.059082 1.978997
v -0.015911 -0.058373 2.028702
l 12344 12345
v 0.522664 0.831789 2.797307
v 0.473389 0.838556 2.792192
l 12346 12347
v 0.549987 0.748318 2.820553
v 0.502687 0.751966 2.804761
l 12348 12349
v 0.201903 0.743749 2.961590
v 0.200787 0.779548 2.926702
l 12350 12351
v 0.201129 0.738686 2.962117
v 0.189011 0.695054 2.940918
l 12352 12353
v 0.243693 0.840623 2.780370
v 0.285390 0.835567 2.753245
l 12354 12355
v 0.238726 0.841002 2.780467
v 0.203484 0.873816 2.767006
l 12356 12357
v -0.053910 -0.068770 1.637973
v -0.045428 -0.060705 1.686584
l 12358 12359
v -0.152172 -0.069632 1.655440
v -0.151441 -0.119623 1.656040
l 12360 12361
v -0.048338 -0.062805 1.844230
v -0.048699 -0.112754 1.846473
l 12362 12363
v 0.946568 0.834387 2.822830
v 0.901043 0.816457 2.833125
l 12364 12365
v 0.951638 0.834451 2.824010
v 0.981726 0.840075 2.863546
l 12366 12367
v 0.197236 0.784421 2.791127
v 0.224100 0.767021 2.752713
l 12368 12369
v 0.199179 0.752393 2.984923
v 0.246969 0.757252 2.998798
l 12370 12371
v 0.361425 0.801688 2.803273
v 0.394898 0.768040 2.819000
l 12372 12373
v 0.352907 0.804225 2.803423
v 0.321643 0.794422 2.841192
l 12374 12375
v 0.354076 0.802584 2.797423
v 0.342928 0.767128 2.763979
l 12376 12377
v -0.132363 -0.066251 1.739223
v -0.178440 -0.067559 1.758595
l 12378 12379
v -0.156045 -0.063286 1.849927
v -0.175445 -0.065253 1.803886
l 12380 12381
v -0.179239 -0.056276 2.309057
v -0.222845 -0.053745 2.333391
l 12382 12383
v -0.217212 -0.066538 1.917857
v -0.232583 -0.101491 1.885576
l 12384 12385
v -0.464204 -0.054886 2.293767
v -0.484951 -0.049234 2.248627
l 12386 12387
v -0.454237 -0.055355 2.293250
v -0.410824 -0.041950 2.272380
l 12388 12389
v 0.263572 0.448511 2.815460
v 0.251231 0.415933 2.779594
l 12390 12391
v 0.265097 0.448570 2.821027
v 0.267057 0.420964 2.862668
l 12392 12393
v 0.267184 0.451739 2.817430
v 0.309950 0.474717 2.805468
l 12394 12395
v 0.974949 0.763337 2.791017
v 1.008305 0.730766 2.772948
l 12396 12397
v -0.842809 -0.086755 1.255803
v -0.872493 -0.091320 1.215828
l 12398 12399
v 0.253810 0.450916 2.806037
v 0.280988 0.412882 2.788295
l 12400 12401
v 0.245096 0.451241 2.804517
v 0.218183 0.409594 2.810937
l 12402 12403
v 0.247183 0.454410 2.800920
v 0.251855 0.501280 2.784146
l 12404 12405
v 0.253404 0.453022 2.816783
v 0.225307 0.459539 2.857625
l 12406 12407
v 0.255491 0.456191 2.813187
v 0.257543 0.506137 2.812095
l 12408 12409
v -0.199610 -0.065814 1.915913
v -0.218280 -0.110873 1.904910
l 12410 12411
v -0.197012 -0.061758 1.917953
v -0.175498 -0.052970 1.962225
l 12412 12413
v -0.155076 -0.066459 1.853293
v -0.171215 -0.094042 1.891747
l 12414 12415
v -0.151674 -0.063334 1.851727
v -0.104378 -0.065886 1.835709
l 12416 12417
v -0.316479 -0.066343 1.947077
v -0.319714 -0.092732 1.989422
l 12418 12419
v -0.247807 -0.067994 1.848980
v -0.210110 -0.082257 1.819390
l 12420 12421
v -0.456876 -0.071515 1.827857
v -0.460677 -0.100387 1.787212
l 12422 12423
v -0.456594 -0.064896 1.828187
v -0.457763 -0.031914 1.790626
l 12424 12425
v -0.458814 -0.068255 1.830780
v -0.492421 -0.068670 1.867799
l 12426 12427
v 1.229090 -0.042188 1.957930
v 1.180047 -0.033105 1.961438
l 12428 12429
v 0.515943 -0.050421 1.981733
v 0.499165 -0.017177 1.948367
l 12430 12431
v -0.268668 -0.056315 2.307413
v -0.263893 -0.051026 2.257924
l 12432 12433
v -0.269575 -0.053432 2.311417
v -0.302818 -0.024811 2.335410
l 12434 12435
v -0.266108 -0.056687 2.311403
v -0.217384 -0.056938 2.322623
l 12436 12437
v 1.384590 -0.021801 2.757657
v 1.415094 -0.019618 2.797214
l 12438 12439
v 0.515753 -0.056991 1.981650
v 0.497109 -0.088344 1.947454
l 12440 12441
v 0.519312 -0.053823 1.983017
v 0.567742 -0.055380 1.995350
l 12442 12443
v 0.159124 -0.063633 1.805460
v 0.180620 -0.063589 1.850603
l 12444 12445
v 1.143533 -0.042612 1.972223
v 1.181582 -0.038642 1.940028
l 12446 12447
v 1.130760 -0.049591 1.650720
v 1.102059 -0.046901 1.691574
l 12448 12449
v 1.130230 -0.049939 1.645737
v 1.108738 -0.039020 1.601932
l 12450 12451
v -1.848330 2.245140 4.521503
v -1.879492 2.206099 4.523669
l 12452 12453
v 1.233090 -0.041054 1.954950
v 1.255529 -0.019228 1.915961
l 12454 12455
v 1.233380 -0.041698 1.960673
v 1.258222 -0.024566 2.000540
l 12456 12457
v 1.232340 -0.046125 1.957597
v 1.241721 -0.094874 1.951633
l 12458 12459
v 1.250823 0.653363 2.760533
v 1.247577 0.664353 2.809203
l 12460 12461
v 1.253890 0.651881 2.756557
v 1.299811 0.639081 2.741476
l 12462 12463
v 1.248787 0.650875 2.756443
v 1.216414 0.614519 2.745031
l 12464 12465
v 1.311690 0.354845 2.792163
v 1.286004 0.396790 2.783173
l 12466 12467
v 1.314793 0.352464 2.795770
v 1.345635 0.356525 2.834915
l 12468 12469
v 1.315003 0.351338 2.789917
v 1.348518 0.341028 2.754273
l 12470 12471
v 1.311133 0.349659 2.793140
v 1.276896 0.313667 2.798835
l 12472 12473
v 1.214873 -0.037583 2.327153
v 1.232384 -0.034628 2.280413
l 12474 12475
v 0.669075 -0.064116 1.672317
v 0.680848 -0.095515 1.709405
l 12476 12477
v 0.753786 -0.059079 1.655027
v 0.797563 -0.054331 1.678713
l 12478 12479
v 0.955968 -0.064119 1.434580
v 0.973091 -0.097399 1.401426
l 12480 12481
v 0.957104 -0.061951 1.439990
v 0.984395 -0.074424 1.479985
l 12482 12483
v 0.856703 -0.065451 1.357273
v 0.906692 -0.064521 1.357804
l 12484 12485
v 0.739087 -0.062479 1.544603
v 0.784866 -0.055184 1.563341
l 12486 12487
v 0.749835 -0.042642 2.636873
v 0.728013 -0.007843 2.608363
l 12488 12489
v 0.907973 -0.068355 1.294867
v 0.956722 -0.079213 1.292482
l 12490 12491
v 0.831008 -0.059309 1.532133
v 0.862155 -0.040778 1.497688
l 12492 12493
v 0.921572 -0.065639 1.346750
v 0.927594 -0.081725 1.299793
l 12494 12495
v 0.917591 -0.062472 1.350020
v 0.873872 -0.038990 1.343922
l 12496 12497
v 0.920478 -0.066383 1.351730
v 0.919981 -0.102599 1.386200
l 12498 12499
v 0.145332 -0.063489 1.665120
v 0.149727 -0.036113 1.706728
l 12500 12501
v 0.665666 -0.061019 1.670437
v 0.620665 -0.064074 1.648860
l 12502 12503
v 0.532339 0.831314 2.798760
v 0.556756 0.872349 2.783931
l 12504 12505
v 0.349431 -0.063664 1.749413
v 0.386985 -0.065849 1.782352
l 12506 12507
v 0.342694 -0.080983 1.248747
v 0.350166 -0.110159 1.208836
l 12508 12509
v 0.342732 -0.074321 1.248817
v 0.350542 -0.044397 1.209528
l 12510 12511
v 0.344645 -0.077693 1.251640
v 0.374068 -0.078286 1.292062
l 12512 12513
v 0.340013 -0.077657 1.250747
v 0.298586 -0.077715 1.278743
l 12514 12515
v 1.311467 -0.027190 2.622107
v 1.336667 -0.017031 2.580134
l 12516 12517
v 0.947756 -0.054225 1.662647
v 0.902003 -0.059026 1.643061
l 12518 12519
v 0.558217 -0.069030 1.445873
v 0.601465 -0.084491 1.465636
l 12520 12521
v 1.133773 -0.052887 1.648420
v 1.153448 -0.098840 1.649540
l 12522 12523
v 0.858480 -0.062993 1.437760
v 0.831528 -0.064088 1.479860
l 12524 12525
v 1.043587 -0.053474 1.742493
v 1.063016 -0.098171 1.753663
l 12526 12527
v 1.045473 -0.047736 1.741890
v 1.088098 -0.021872 1.745649
l 12528 12529
v 1.040760 -0.049117 1.744563
v 1.012574 -0.035742 1.783636
l 12530 12531
v 0.938664 -0.043692 2.012710
v 0.968753 -0.040707 1.972889
l 12532 12533
v 1.058453 -0.053472 1.559010
v 1.097736 -0.049933 1.528280
l 12534 12535
v 0.938665 -0.043221 1.923950
v 0.925932 0.004580 1.916677
l 12536 12537
v 0.452291 -0.076112 1.352653
v 0.457816 -0.123955 1.366087
l 12538 12539
v 0.670279 -0.060621 1.669310
v 0.696575 -0.057418 1.626904
l 12540 12541
v 0.904613 -0.064201 1.295740
v 0.897415 -0.020797 1.319494
l 12542 12543
v 1.127750 -0.051555 1.746970
v 1.092863 -0.086143 1.737667
l 12544 12545
v 1.135127 -0.047762 1.649033
v 1.169532 -0.012009 1.642875
l 12546 12547
v 0.649249 2.524853 4.701920
v 0.653024 2.494048 4.741122
l 12548 12549
v 1.184887 2.709030 4.777310
v 1.206459 2.742451 4.747017
l 12550 12551
v 1.194587 2.705277 4.767937
v 1.177872 2.752273 4.771394
l 12552 12553
v 0.977486 2.645347 4.715490
v 0.941149 2.669610 4.691182
l 12554 12555
v 1.440790 2.423347 4.827467
v 1.460757 2.467010 4.841423
l 12556 12557
v 1.439197 2.418767 4.829553
v 1.450091 2.381890 4.861513
l 12558 12559
v 1.440943 2.419917 4.823457
v 1.470180 2.395121 4.791357
l 12560 12561
v 1.437040 2.420910 4.825933
v 1.389687 2.432170 4.814491
l 12562 12563
v 0.966460 2.377237 4.716120
v 0.918690 2.378887 4.701447
l 12564 12565
v -1.220813 0.635299 4.601447
v -1.249489 0.668093 4.625988
l 12566 12567
v 0.849307 2.625010 4.643687
v 0.878096 2.664187 4.655363
l 12568 12569
v 0.847927 2.619897 4.645063
v 0.855476 2.583718 4.678740
l 12570 12571
v 0.848206 2.621237 4.639880
v 0.860058 2.605651 4.593873
l 12572 12573
v 0.844194 2.623267 4.642960
v 0.795985 2.636504 4.643790
l 12574 12575
v 1.021917 2.575300 4.749587
v 1.032667 2.527334 4.758738
l 12576 12577
v 0.637974 2.143677 4.426203
v 0.642791 2.161057 4.472837
l 12578 12579
v 0.637470 2.519593 4.696173
v 0.623244 2.479032 4.721716
l 12580 12581
v 1.372157 2.619330 4.820027
v 1.415249 2.631995 4.841996
l 12582 12583
v 0.650401 2.527480 4.692117
v 0.661154 2.512738 4.645565
l 12584 12585
v 1.031053 2.644500 4.770370
v 1.008188 2.604431 4.789649
l 12586 12587
v 1.031910 2.647213 4.766343
v 1.006848 2.679692 4.737760
l 12588 12589
v 0.662442 2.539907 4.700123
v 0.707836 2.560015 4.694200
l 12590 12591
v 0.104180 0.745402 4.678683
v 0.137879 0.770459 4.651543
l 12592 12593
v 0.749407 2.610373 4.658900
v 0.733155 2.611310 4.611624
l 12594 12595
v -0.765674 0.624895 4.640487
v -0.812690 0.641219 4.635692
l 12596 12597
v 0.976084 2.591693 4.705967
v 0.999708 2.635680 4.703306
l 12598 12599
v 0.973699 2.587960 4.702243
v 0.972433 2.569561 4.655769
l 12600 12601
v 1.623140 2.691787 4.783883
v 1.651382 2.659711 4.809835
l 12602 12603
v 1.623010 2.696977 4.782313
v 1.650124 2.736969 4.769449
l 12604 12605
v 1.619093 2.694353 4.783333
v 1.576732 2.701066 4.809033
l 12606 12607
v -1.210200 0.640137 4.597243
v -1.166218 0.663579 4.593232
l 12608 12609
v -1.224057 0.632973 4.592613
v -1.229642 0.639878 4.543408
l 12610 12611
v -1.234670 0.628135 4.596817
v -1.257603 0.658665 4.629097
l 12612 12613
v 1.022707 1.643930 4.779737
v 0.980558 1.658633 4.757214
l 12614 12615
v 0.044511 0.749230 4.717380
v 0.016090 0.708172 4.714834
l 12616 12617
v 0.653220 2.536017 4.703823
v 0.642101 2.551515 4.750042
l 12618 12619
v 0.950651 2.596893 4.698513
v 0.927718 2.641017 4.693298
l 12620 12621
v 0.845031 2.152047 4.726243
v 0.871800 2.114302 4.745185
l 12622 12623
v 0.840715 2.155153 4.727340
v 0.796311 2.158137 4.750131
l 12624 12625
v 0.842763 2.153727 4.721603
v 0.822002 2.140214 4.678171
l 12626 12627
v 0.844681 2.156763 4.724943
v 0.873950 2.197300 4.725310
l 12628 12629
v 0.629541 2.376120 4.670827
v 0.585475 2.384604 4.692877
l 12630 12631
v 1.077163 2.046223 4.814547
v 1.030404 2.063626 4.811269
l 12632 12633
v 0.635896 2.524467 4.694267
v 0.599189 2.558176 4.690242
l 12634 12635
v 0.948141 2.051783 4.736887
v 0.979165 2.089115 4.748882
l 12636 12637
v 1.063310 1.849490 4.814573
v 1.027165 1.882272 4.803671
l 12638 12639
v 1.940237 1.850763 4.795543
v 1.900999 1.868130 4.769876
l 12640 12641
v 0.793316 2.441233 4.660570
v 0.819846 2.403936 4.640443
l 12642 12643
v 0.645150 2.534753 4.697720
v 0.608856 2.568951 4.694078
l 12644 12645
v 1.942603 1.745833 4.801183
v 1.980410 1.778427 4.798309
l 12646 12647
v 1.934607 1.756243 4.801587
v 1.975071 1.784666 4.794184
l 12648 12649
v 0.640643 2.451340 4.676293
v 0.614552 2.408687 4.676307
l 12650 12651
v -1.568703 2.364117 4.560393
v -1.589925 2.399398 4.532024
l 12652 12653
v 0.763185 2.437113 4.647483
v 0.763334 2.427144 4.598488
l 12654 12655
v 0.762390 2.434123 4.652737
v 0.752828 2.387525 4.668139
l 12656 12657
v 0.642227 2.238673 4.623457
v 0.648031 2.208000 4.662514
l 12658 12659
v 0.661235 1.553170 4.653583
v 0.709338 1.547619 4.641121
l 12660 12661
v 0.102843 0.744524 4.684367
v 0.113593 0.762113 4.729920
l 12662 12663
v 0.640119 2.142557 4.421557
v 0.682236 2.125002 4.401113
l 12664 12665
v 0.636253 2.145980 4.420680
v 0.621020 2.190196 4.402991
l 12666 12667
v 0.635192 2.141257 4.422550
v 0.602999 2.103433 4.416808
l 12668 12669
v 0.854839 2.039920 4.733577
v 0.863531 2.048065 4.782137
l 12670 12671
v 1.155297 1.745113 4.831420
v 1.152917 1.697277 4.817066
l 12672 12673
v 1.152803 1.749253 4.832873
v 1.119983 1.781802 4.813810
l 12674 12675
v 1.157573 1.748760 4.833727
v 1.198894 1.776060 4.826848
l 12676 12677
v 0.083051 0.779156 4.542627
v 0.046459 0.747928 4.556258
l 12678 12679
v -0.037963 0.143965 4.697610
v -0.082885 0.122573 4.692675
l 12680 12681
v -0.044888 0.155531 4.696170
v -0.077232 0.117485 4.693648
l 12682 12683
v 1.020523 1.744817 4.778797
v 1.002374 1.711705 4.811571
l 12684 12685
v 0.101367 0.550125 4.620503
v 0.100707 0.520391 4.580311
l 12686 12687
v -0.347214 0.255926 4.679960
v -0.352220 0.216587 4.710413
l 12688 12689
v -0.346223 0.255895 4.673397
v -0.342085 0.216257 4.643202
l 12690 12691
v -0.348807 0.258510 4.676350
v -0.383392 0.294215 4.670961
l 12692 12693
v -0.647753 0.754893 4.664763
v -0.648878 0.795372 4.635435
l 12694 12695
v -0.243271 0.832281 4.698670
v -0.213098 0.792764 4.703957
l 12696 12697
v -0.254478 0.439262 4.685707
v -0.252145 0.477792 4.717487
l 12698 12699
v -0.144410 0.437149 4.687690
v -0.187470 0.411737 4.687597
l 12700 12701
v -0.246857 0.239424 4.684323
v -0.206363 0.268650 4.686781
l 12702 12703
v -0.249367 0.236959 4.680857
v -0.250124 0.197342 4.650363
l 12704 12705
v -0.249840 0.237059 4.687470
v -0.255005 0.198368 4.718717
l 12706 12707
v -0.251591 0.239779 4.683980
v -0.284455 0.277348 4.681062
l 12708 12709
v 0.125020 0.155361 4.375553
v 0.150772 0.168416 4.416375
l 12710 12711
v 0.125058 0.155763 4.370427
v 0.135772 0.181131 4.328694
l 12712 12713
v 0.065624 0.354411 4.696037
v 0.035050 0.389607 4.714106
l 12714 12715
v 0.100095 0.359917 4.640093
v 0.111724 0.319630 4.612858
l 12716 12717
v 0.075029 0.454137 4.687200
v 0.046860 0.450052 4.646093
l 12718 12719
v 0.076405 0.451522 4.691280
v 0.066971 0.419686 4.728663
l 12720 12721
v 0.076797 0.457402 4.690427
v 0.073424 0.498875 4.718152
l 12722 12723
v -0.043220 0.158328 4.699627
v -0.050340 0.199719 4.726758
l 12724 12725
v 0.102249 0.362562 4.643507
v 0.112693 0.366138 4.692273
l 12726 12727
v 0.096201 0.362698 4.640723
v 0.052518 0.367494 4.664572
l 12728 12729
v 0.066699 0.351868 4.691650
v 0.062735 0.349699 4.641855
l 12730 12731
v 0.755841 0.450887 2.827990
v 0.756897 0.400904 2.828751
l 12732 12733
v 0.035311 0.064870 4.689517
v -0.005463 0.070914 4.661216
l 12734 12735
v -0.052181 0.056985 4.688183
v -0.096174 0.057468 4.711940
l 12736 12737
v -0.050399 0.058227 4.682127
v -0.075334 0.072020 4.641041
l 12738 12739
v -0.241535 0.159042 4.690017
v -0.245916 0.198261 4.720719
l 12740 12741
v -0.241700 0.158965 4.683387
v -0.247603 0.197459 4.652028
l 12742 12743
v 0.117814 0.270679 4.319383
v 0.108903 0.262332 4.270897
l 12744 12745
v 0.106443 0.202387 4.570367
v 0.059552 0.204934 4.587536
l 12746 12747
v 0.222114 0.042140 4.674143
v 0.247722 0.083306 4.686374
l 12748 12749
v 0.079123 0.163696 4.700607
v 0.099756 0.206075 4.717290
l 12750 12751
v -0.028349 -0.022429 4.650477
v -0.042454 -0.065205 4.672186
l 12752 12753
v -0.028284 -0.017261 4.651063
v -0.031587 0.022693 4.680943
l 12754 12755
v -0.257535 0.074687 4.680723
v -0.265886 0.121963 4.694696
l 12756 12757
v 0.107914 0.192040 4.566243
v 0.061051 0.176693 4.557977
l 12758 12759
v -0.365653 -0.009608 4.643090
v -0.325937 0.017917 4.655934
l 12760 12761
v 0.124016 0.150959 4.372620
v 0.133322 0.101978 4.368851
l 12762 12763
v 0.337146 -0.007021 2.845890
v 0.295530 -0.021098 2.822016
l 12764 12765
v 0.186341 0.213226 3.337603
v 0.184637 0.236412 3.381870
l 12766 12767
v 0.258588 -0.027861 2.822270
v 0.227177 -0.065041 2.833714
l 12768 12769
v -0.353777 0.043101 4.665837
v -0.304423 0.043111 4.673848
l 12770 12771
v -0.357828 0.041440 4.668103
v -0.385888 0.001880 4.680251
l 12772 12773
v -0.368224 -0.013168 4.645087
v -0.404301 -0.025885 4.677286
l 12774 12775
v -0.368858 -0.009641 4.639487
v -0.410742 0.009920 4.620430
l 12776 12777
v 0.102742 0.130088 4.668203
v 0.113314 0.084052 4.684603
l 12778 12779
v -0.009327 0.209214 4.698917
v -0.031222 0.174593 4.670247
l 12780 12781
v 2.607380 1.784387 4.826703
v 2.627180 1.738477 4.826154
l 12782 12783
v 0.157118 0.456027 3.517520
v 0.201355 0.448406 3.495498
l 12784 12785
v 0.153454 0.454077 3.521073
v 0.146046 0.419373 3.556298
l 12786 12787
v 0.153463 0.458780 3.519463
v 0.147362 0.504668 3.538360
l 12788 12789
v 0.101505 0.133167 4.664663
v 0.122944 0.151813 4.623521
l 12790 12791
v 0.037322 0.066083 4.699690
v 0.054360 0.040658 4.739228
l 12792 12793
v 0.035012 0.076195 4.699670
v -0.013860 0.084926 4.705606
l 12794 12795
v -0.123961 0.072335 4.682907
v -0.088970 0.064052 4.648165
l 12796 12797
v 0.100981 0.138906 4.678623
v 0.118284 0.111204 4.716481
l 12798 12799
v 0.090675 0.144510 4.686623
v 0.102091 0.115193 4.725484
l 12800 12801
v 0.099744 0.141985 4.675083
v 0.123948 0.181584 4.656480
l 12802 12803
v 0.090460 0.140228 4.677230
v 0.050346 0.112228 4.666894
l 12804 12805
v 0.112536 0.198033 4.564323
v 0.134099 0.203370 4.519528
l 12806 12807
v -0.031142 0.148733 4.701657
v -0.007296 0.171690 4.739131
l 12808 12809
v 0.120230 0.154582 4.373850
v 0.071414 0.165390 4.374335
l 12810 12811
v -0.123895 0.071251 4.689383
v -0.088263 0.052197 4.718832
l 12812 12813
v -0.030274 0.148432 4.695057
v 0.002730 0.168209 4.663126
l 12814 12815
v 0.164250 0.452414 3.445473
v 0.172801 0.494463 3.419808
l 12816 12817
v 0.166811 0.449275 3.448337
v 0.189185 0.442066 3.492466
l 12818 12819
v 0.164002 0.447706 3.444830
v 0.169345 0.416653 3.406008
l 12820 12821
v 1.000904 0.085443 2.798373
v 1.006782 0.133830 2.787232
l 12822 12823
v 1.001516 0.082318 2.802337
v 1.033017 0.062269 2.835590
l 12824 12825
v 1.000583 0.080968 2.795980
v 1.022842 0.047545 2.766191
l 12826 12827
v 0.997562 0.082159 2.799560
v 0.948105 0.081787 2.806903
l 12828 12829
v 0.851205 0.346549 2.830237
v 0.816112 0.311822 2.838138
l 12830 12831
v 0.206199 0.346225 3.012460
v 0.203357 0.296465 3.016444
l 12832 12833
v 1.121130 -0.030610 2.730873
v 1.143031 -0.047592 2.689257
l 12834 12835
v 0.169042 0.328836 3.437530
v 0.194653 0.328290 3.480469
l 12836 12837
v 0.266767 -0.050545 2.782073
v 0.295169 -0.064293 2.820858
l 12838 12839
v 1.433237 0.012189 2.629663
v 1.433404 -0.019346 2.668464
l 12840 12841
v 1.446470 0.547766 2.834127
v 1.403028 0.554072 2.858065
l 12842 12843
v 1.096670 0.146708 2.798183
v 1.115980 0.188835 2.779411
l 12844 12845
v 1.115750 0.149079 2.795833
v 1.089274 0.185914 2.774803
l 12846 12847
v 1.087567 0.145983 2.792113
v 1.097902 0.180470 2.757416
l 12848 12849
v -0.158703 -0.057856 2.125040
v -0.141023 -0.060538 2.078347
l 12850 12851
v 0.779702 -0.047969 1.967800
v 0.765499 -0.052805 1.920104
l 12852 12853
v 0.353986 0.555063 2.817893
v 0.333717 0.600125 2.825544
l 12854 12855
v 1.431210 0.017696 2.628253
v 1.405911 0.055307 2.649357
l 12856 12857
v -0.356885 -0.065703 2.024877
v -0.359539 -0.111671 2.005386
l 12858 12859
v -0.743806 -0.073188 1.658180
v -0.705819 -0.076974 1.625889
l 12860 12861
v -0.440697 -0.062868 2.178193
v -0.438022 -0.094929 2.139919
l 12862 12863
v -0.469105 -0.061629 2.299497
v -0.494134 -0.096698 2.274126
l 12864 12865
v -0.459138 -0.062099 2.298980
v -0.433232 -0.100630 2.317533
l 12866 12867
v -0.739310 -0.063462 2.246503
v -0.700676 -0.090688 2.262819
l 12868 12869
v -0.352457 -0.058444 2.264620
v -0.384238 -0.053656 2.302922
l 12870 12871
v -1.212327 -0.066829 1.958923
v -1.209832 -0.042285 2.002413
l 12872 12873
v -0.359789 -0.060428 2.024517
v -0.398787 -0.040369 2.000500
l 12874 12875
v -0.213430 -0.066308 1.920960
v -0.182030 -0.086685 1.954108
l 12876 12877
v -0.443147 -0.059249 2.180090
v -0.482756 -0.054861 2.210288
l 12878 12879
v -0.753318 -0.065204 1.931823
v -0.730042 -0.045421 1.892240
l 12880 12881
v -0.745794 -0.070605 1.662303
v -0.739238 -0.033542 1.695218
l 12882 12883
v -0.679943 -0.055620 2.342953
v -0.675741 -0.006389 2.350612
l 12884 12885
v -0.317178 -0.059753 1.946427
v -0.326689 -0.026935 1.982930
l 12886 12887
v -0.318821 -0.063536 1.943943
v -0.349174 -0.070609 1.904845
l 12888 12889
v -0.314144 -0.062971 1.944653
v -0.273502 -0.061533 1.915564
l 12890 12891
v -1.210420 -0.072029 1.956437
v -1.198107 -0.116904 1.974728
l 12892 12893
v -1.213477 -0.068824 1.954803
v -1.254674 -0.070402 1.926514
l 12894 12895
v 0.264721 -0.046928 2.779373
v 0.257712 0.001936 2.771425
l 12896 12897
v -0.739925 -0.056968 2.245737
v -0.707367 -0.020040 2.254474
l 12898 12899
v -0.350052 -0.061889 2.262060
v -0.317054 -0.099448 2.261383
l 12900 12901
v -0.349055 -0.055410 2.262077
v -0.307238 -0.028121 2.264642
l 12902 12903
v -0.352303 -0.058221 2.259733
v -0.384932 -0.053107 2.222194
l 12904 12905
v -0.160276 -0.060983 2.128430
v -0.198139 -0.089674 2.144028
l 12906 12907
v -0.160096 -0.054344 2.128117
v -0.196309 -0.022312 2.140866
l 12908 12909
v -0.648328 -0.067178 1.740513
v -0.641585 -0.035846 1.778891
l 12910 12911
v -0.625192 -0.071275 1.939827
v -0.582883 -0.097921 1.939745
l 12912 12913
v -0.531491 -0.059116 2.126993
v -0.508374 -0.032619 2.091447
l 12914 12915
v -0.531555 -0.065750 2.127587
v -0.509016 -0.098581 2.097353
l 12916 12917
v -0.567250 -0.064072 1.921813
v -0.609415 -0.037497 1.925792
l 12918 12919
v -0.566662 -0.070698 1.921753
v -0.603484 -0.104350 1.925165
l 12920 12921
v -0.564663 -0.067158 1.919290
v -0.533204 -0.064016 1.880554
l 12922 12923
v -0.544256 -0.067156 1.731637
v -0.502448 -0.039972 1.728011
l 12924 12925
v -0.548914 -0.066767 1.736360
v -0.549571 -0.036051 1.775807
l 12926 12927
v -0.549135 -0.067076 1.731493
v -0.584726 -0.066840 1.696377
l 12928 12929
v -0.359932 -0.066978 1.840397
v -0.324552 -0.063244 1.875529
l 12930 12931
v -0.254488 -0.079616 1.341720
v -0.244350 -0.068491 1.294039
l 12932 12933
v -0.540372 -0.087778 1.160047
v -0.502484 -0.088869 1.127439
l 12934 12935
v -0.256932 -0.058182 2.149503
v -0.260049 -0.008287 2.150379
l 12936 12937
v -0.288472 -0.062378 2.302657
v -0.288392 -0.098802 2.268403
l 12938 12939
v -0.295515 -0.056039 2.304417
v -0.295097 -0.006171 2.308019
l 12940 12941
v 0.261679 -0.051622 2.779937
v 0.216291 -0.070544 2.788985
l 12942 12943
v 0.266104 -0.051508 2.776737
v 0.287371 -0.070231 2.735540
l 12944 12945
v 0.262389 0.050732 2.817167
v 0.233305 0.018488 2.792379
l 12946 12947
v 0.266745 0.051934 2.819250
v 0.314469 0.058505 2.805861
l 12948 12949
v 0.262645 0.054943 2.820147
v 0.249264 0.103119 2.820341
l 12950 12951
v -0.465805 -0.057215 2.308013
v -0.441896 -0.069810 2.350082
l 12952 12953
v 0.184448 0.170983 3.103233
v 0.163378 0.214421 3.090225
l 12954 12955
v 0.190909 0.169425 3.103120
v 0.229014 0.198597 3.089086
l 12956 12957
v 0.186900 0.167075 3.101767
v 0.176057 0.123743 3.079299
l 12958 12959
v -0.682357 -0.059544 2.344403
v -0.677492 -0.095616 2.378684
l 12960 12961
v -0.704453 -0.058889 2.341803
v -0.719914 -0.089705 2.305591
l 12962 12963
v -0.252521 -0.066485 1.848513
v -0.299817 -0.076455 1.835717
l 12964 12965
v -0.592577 -0.052771 2.302643
v -0.614323 -0.023830 2.337134
l 12966 12967
v -1.719390 -0.026567 4.561413
v -1.693667 -0.016411 4.519758
l 12968 12969
v -1.563050 0.662290 4.575497
v -1.589071 0.619807 4.571243
l 12970 12971
v -0.475772 -0.056746 2.308530
v -0.517088 -0.069601 2.333583
l 12972 12973
v -0.227624 -0.052937 2.438710
v -0.274763 -0.057674 2.422726
l 12974 12975
v 0.345823 0.056055 2.817227
v 0.300142 0.049974 2.797828
l 12976 12977
v 0.949035 0.145849 2.821640
v 0.942084 0.096360 2.820047
l 12978 12979
v 0.263270 -0.025880 2.823097
v 0.290596 -0.005273 2.859547
l 12980 12981
v 0.210425 0.080951 2.999690
v 0.208639 0.033647 2.983593
l 12982 12983
v 0.446719 -0.079787 0.950406
v 0.450494 -0.046996 0.987963
l 12984 12985
v 0.446565 -0.086415 0.950808
v 0.448920 -0.114572 0.992059
l 12986 12987
v 0.448989 -0.083322 0.947864
v 0.484536 -0.086273 0.912825
l 12988 12989
v 0.444283 -0.083191 0.948222
v 0.406256 -0.084271 0.915775
l 12990 12991
v 1.248307 0.746479 2.755143
v 1.220026 0.710310 2.774942
l 12992 12993
v 0.939036 -0.048247 1.921280
v 0.931438 -0.070168 1.876988
l 12994 12995
v 0.936851 -0.048014 1.926633
v 0.899207 -0.065580 1.954460
l 12996 12997
v 0.941447 -0.046987 1.925337
v 0.987220 -0.053685 1.944310
l 12998 12999
v 0.953151 -0.056351 1.537600
v 0.937347 -0.010307 1.549008
l 13000 13001
v 0.935454 -0.046122 1.835140
v 0.899586 -0.012415 1.826345
l 13002 13003
v 0.847388 0.810673 2.811277
v 0.800676 0.795670 2.820915
l 13004 13005
v 0.188480 0.178866 3.294350
v 0.184171 0.150572 3.335349
l 13006 13007
v 0.191991 0.183234 3.292160
v 0.232004 0.210074 3.305523
l 13008 13009
v 0.189457 0.179809 3.289530
v 0.193818 0.154729 3.246496
l 13010 13011
v 1.141793 0.646053 2.779477
v 1.172449 0.607392 2.771383
l 13012 13013
v 1.139203 0.649455 2.776793
v 1.141687 0.688169 2.745249
l 13014 13015
v 1.140577 0.649195 2.783237
v 1.156340 0.685395 2.813913
l 13016 13017
v 1.137287 0.647163 2.780483
v 1.095194 0.621370 2.788414
l 13018 13019
v 0.450899 0.245652 2.830567
v 0.487657 0.278670 2.838225
l 13020 13021
v 0.973822 0.765358 2.797153
v 0.995959 0.752919 2.840226
l 13022 13023
v 0.951130 -0.057214 1.664183
v 0.968063 -0.083637 1.703108
l 13024 13025
v 1.007710 -0.046750 1.928563
v 1.029464 -0.040285 1.973116
l 13026 13027
v 1.005907 -0.043913 1.925060
v 0.967856 -0.015682 1.909086
l 13028 13029
v 1.006037 -0.050484 1.925950
v 0.969201 -0.083406 1.918252
l 13030 13031
v 1.009207 -0.047345 1.923947
v 1.052777 -0.049789 1.899540
l 13032 13033
v 0.760348 0.816680 2.805920
v 0.756321 0.791628 2.762836
l 13034 13035
v 0.760257 0.815071 2.812067
v 0.755206 0.772167 2.837240
l 13036 13037
v 0.757997 0.819258 2.809843
v 0.721737 0.852692 2.818053
l 13038 13039
v 0.762999 0.818615 2.809750
v 0.804706 0.845137 2.817310
l 13040 13041
v 0.207336 0.224639 2.983077
v 0.165199 0.220990 3.009744
l 13042 13043
v 0.213532 0.225600 2.985160
v 0.230730 0.231151 3.031780
l 13044 13045
v 0.210961 0.227656 2.981380
v 0.215875 0.265641 2.949240
l 13046 13047
v 0.211581 0.222936 2.981713
v 0.227475 0.186671 2.951181
l 13048 13049
v 1.741603 0.454993 2.893297
v 1.752071 0.503313 2.900756
l 13050 13051
v 0.552220 0.346279 2.831430
v 0.586717 0.382049 2.836949
l 13052 13053
v 0.754952 0.342627 2.829357
v 0.717449 0.313231 2.814212
l 13054 13055
v 1.254613 -0.025260 2.793010
v 1.278929 -0.065294 2.810505
l 13056 13057
v 1.850290 0.046818 2.890207
v 1.893205 0.060312 2.868384
l 13058 13059
v 1.852760 0.038586 2.878213
v 1.842839 0.085049 2.862631
l 13060 13061
v 1.107010 0.136923 2.803433
v 1.112694 0.128007 2.852302
l 13062 13063
v 1.087197 0.147616 2.803443
v 1.084257 0.175457 2.844871
l 13064 13065
v 2.229873 0.445446 3.449843
v 2.246842 0.398604 3.445614
l 13066 13067
v 1.149273 0.551484 2.780787
v 1.190291 0.522981 2.778527
l 13068 13069
v 1.298997 -0.043407 2.002937
v 1.328134 -0.037229 2.043097
l 13070 13071
v 1.446057 0.749263 2.828407
v 1.437085 0.790540 2.855160
l 13072 13073
v 1.248103 0.348242 2.763377
v 1.213511 0.315262 2.748692
l 13074 13075
v 2.237120 0.354039 3.346223
v 2.205617 0.392867 3.346254
l 13076 13077
v 1.736397 0.642795 2.886697
v 1.768082 0.681142 2.881645
l 13078 13079
v 1.732360 0.640317 2.883967
v 1.693793 0.644744 2.852455
l 13080 13081
v 1.733347 0.640307 2.890080
v 1.704923 0.641305 2.931203
l 13082 13083
v 1.735957 0.637681 2.886517
v 1.764243 0.596712 2.881884
l 13084 13085
v 0.898084 -0.043789 2.525513
v 0.916734 -0.006725 2.497613
l 13086 13087
v 1.157223 0.812655 2.776733
v 1.197413 0.842005 2.771899
l 13088 13089
v 1.243147 0.250196 2.768913
v 1.196724 0.258272 2.785637
l 13090 13091
v 1.242307 -0.017395 2.843760
v 1.274730 -0.000680 2.877955
l 13092 13093
v 1.246383 0.077690 2.773780
v 1.284290 0.045461 2.768844
l 13094 13095
v 1.385140 -0.022379 2.752963
v 1.414024 -0.029179 2.712721
l 13096 13097
v 1.319070 0.653841 2.789363
v 1.273045 0.645419 2.771735
l 13098 13099
v 1.328823 0.258073 2.794637
v 1.341413 0.277683 2.750400
l 13100 13101
v 1.241677 0.078407 2.775457
v 1.195535 0.061737 2.765812
l 13102 13103
v 1.446733 0.353220 2.839510
v 1.399090 0.349451 2.854203
l 13104 13105
v 0.853595 0.348590 2.826377
v 0.886627 0.342987 2.789262
l 13106 13107
v 0.854597 0.349057 2.832877
v 0.897351 0.347980 2.858779
l 13108 13109
v 0.851574 0.351418 2.829830
v 0.820927 0.390880 2.831720
l 13110 13111
v 0.183778 0.532700 3.314560
v 0.211329 0.521062 3.354628
l 13112 13113
v 1.249337 0.350546 2.767510
v 1.247526 0.363046 2.815888
l 13114 13115
v 1.297713 -0.047142 1.998790
v 1.308678 -0.093025 1.982221
l 13116 13117
v 1.147040 0.554247 2.784117
v 1.145373 0.595526 2.812282
l 13118 13119
v 1.146173 0.553515 2.777627
v 1.136062 0.587648 2.742517
l 13120 13121
v 1.144503 0.550804 2.781500
v 1.111716 0.514031 2.790030
l 13122 13123
v 1.344330 -0.042694 1.956080
v 1.387921 -0.032985 1.978565
l 13124 13125
v 1.367740 0.650441 2.809773
v 1.407567 0.676954 2.824294
l 13126 13127
v 0.938208 -0.049760 1.833303
v 0.977424 -0.054292 1.802618
l 13128 13129
v 1.249903 -0.049006 1.804147
v 1.267553 -0.092080 1.822399
l 13130 13131
v 0.565710 2.440187 4.677227
v 0.613245 2.445306 4.662592
l 13132 13133
v 0.736598 -0.061772 1.540293
v 0.731666 -0.042950 1.494234
l 13134 13135
v 1.250477 -0.042796 1.803417
v 1.251410 0.001862 1.825885
l 13136 13137
v 1.548773 0.740243 2.854270
v 1.502490 0.739527 2.835366
l 13138 13139
v 1.050770 0.651508 2.794813
v 1.022652 0.674063 2.829463
l 13140 13141
v 1.373563 0.556611 2.809297
v 1.346183 0.578642 2.773731
l 13142 13143
v 1.552780 0.549782 2.857253
v 1.600899 0.546941 2.843968
l 13144 13145
v 1.550390 0.550094 2.863463
v 1.577154 0.550016 2.905697
l 13146 13147
v 1.549160 0.547593 2.859543
v 1.515508 0.512344 2.848363
l 13148 13149
v 1.549400 0.552328 2.859400
v 1.518451 0.589110 2.845641
l 13150 13151
v 1.373250 0.552604 2.811983
v 1.342413 0.513742 2.818211
l 13152 13153
v 1.329667 0.755126 2.784950
v 1.364156 0.777474 2.756471
l 13154 13155
v 1.245190 0.553343 2.758470
v 1.293849 0.551592 2.747100
l 13156 13157
v 1.241740 0.553102 2.763677
v 1.250384 0.548522 2.812710
l 13158 13159
v 1.240567 0.550648 2.759033
v 1.215729 0.511290 2.740756
l 13160 13161
v 1.240843 0.555631 2.759450
v 1.215468 0.596038 2.744504
l 13162 13163
v 0.644495 0.447440 2.835897
v 0.601318 0.463716 2.855154
l 13164 13165
v 1.326593 0.555086 2.783183
v 1.373357 0.570143 2.773885
l 13166 13167
v 0.646617 0.645088 2.830070
v 0.683808 0.611707 2.828472
l 13168 13169
v 1.060133 0.556121 2.794533
v 1.027447 0.593957 2.794263
l 13170 13171
v 1.140750 0.743265 2.770917
v 1.173196 0.705790 2.764368
l 13172 13173
v 1.449193 0.747051 2.825657
v 1.487114 0.715421 2.833504
l 13174 13175
v 1.447273 0.749097 2.821857
v 1.448888 0.788920 2.791666
l 13176 13177
v 1.444577 0.746596 2.824810
v 1.413120 0.708037 2.819946
l 13178 13179
v 1.245163 0.247543 2.763220
v 1.218228 0.229978 2.724932
l 13180 13181
v 1.326897 0.756665 2.790580
v 1.331425 0.796207 2.820844
l 13182 13183
v 1.325190 0.754320 2.786673
v 1.280373 0.742690 2.767801
l 13184 13185
v 1.363050 0.451510 2.809637
v 1.333954 0.478981 2.779657
l 13186 13187
v 1.342090 -0.042912 1.951370
v 1.352260 -0.036382 1.902853
l 13188 13189
v 1.138673 -0.043053 1.971983
v 1.101169 -0.045976 1.939046
l 13190 13191
v 0.531812 0.826315 2.797220
v 0.533493 0.783214 2.771932
l 13192 13193
v 1.449953 0.355626 2.836990
v 1.465707 0.355275 2.789538
l 13194 13195
v 1.339543 -0.040687 1.955347
v 1.300669 -0.014412 1.972621
l 13196 13197
v 1.341117 -0.046655 1.954873
v 1.320808 -0.090822 1.966571
l 13198 13199
v 1.121647 -0.046894 2.021760
v 1.121495 -0.075446 1.980714
l 13200 13201
v 0.936262 -0.040580 2.015370
v 0.893925 -0.014550 2.020854
l 13202 13203
v 2.238543 0.562073 3.257187
v 2.250612 0.605797 3.236149
l 13204 13205
v 2.226733 0.822158 3.239847
v 2.237381 0.813858 3.191704
l 13206 13207
v 0.123618 0.700250 4.511527
v 0.144570 0.674263 4.474301
l 13208 13209
v 2.245513 0.152387 3.354557
v 2.228861 0.124335 3.316665
l 13210 13211
v 2.245897 0.157653 3.356547
v 2.230003 0.204233 3.347731
l 13212 13213
v 2.245660 0.153426 3.359780
v 2.228449 0.137932 3.404094
l 13214 13215
v 2.238307 0.559602 3.261840
v 2.263200 0.547317 3.303426
l 13216 13217
v 2.225473 0.543620 3.440837
v 2.223132 0.573336 3.400694
l 13218 13219
v 2.237513 0.349204 3.346353
v 2.237098 0.313594 3.381449
l 13220 13221
v 2.234413 0.559222 3.258817
v 2.184841 0.565682 3.259725
l 13222 13223
v 2.237733 0.349387 3.341510
v 2.211793 0.346130 3.298889
l 13224 13225
v 1.674263 0.415851 2.900737
v 1.680842 0.366411 2.904269
l 13226 13227
v 1.847940 0.055778 2.905260
v 1.821179 0.094584 2.921930
l 13228 13229
v 2.230660 0.450105 3.452813
v 2.250636 0.468217 3.494919
l 13230 13231
v 2.228937 0.449881 3.448380
v 2.235620 0.475710 3.406093
l 13232 13233
v 2.237383 0.648434 3.344557
v 2.266305 0.609670 3.357241
l 13234 13235
v 1.863880 1.641100 4.807017
v 1.860427 1.607119 4.843532
l 13236 13237
v 1.854623 1.642523 4.804060
v 1.826050 1.633909 4.844177
l 13238 13239
v 1.167100 -0.031603 2.564643
v 1.161416 0.008839 2.535798
l 13240 13241
v 1.170983 -0.034819 2.567213
v 1.220179 -0.039817 2.574618
l 13242 13243
v 1.166530 -0.037337 2.564560
v 1.154755 -0.075552 2.534544
l 13244 13245
v 1.166207 -0.034470 2.568643
v 1.139802 -0.032461 2.611055
l 13246 13247
v 2.215660 0.628572 3.496953
v 2.184948 0.636491 3.458300
l 13248 13249
v 2.218680 0.630890 3.500850
v 2.212986 0.666150 3.535840
l 13250 13251
v 1.651990 0.145378 2.888540
v 1.618660 0.109026 2.880313
l 13252 13253
v 1.657287 0.154967 2.888240
v 1.641985 0.187618 2.853603
l 13254 13255
v 2.243167 0.353501 3.263950
v 2.292211 0.344733 3.268168
l 13256 13257
v 2.244380 0.256402 3.346183
v 2.243266 0.294848 3.378131
l 13258 13259
v 2.243940 0.251552 3.346313
v 2.236020 0.216487 3.381066
l 13260 13261
v 1.678740 0.163302 2.898927
v 1.719908 0.160452 2.870694
l 13262 13263
v 0.109157 0.592146 4.512307
v 0.095472 0.594984 4.560314
l 13264 13265
v 0.107775 0.591614 4.507423
v 0.084067 0.559147 4.477695
l 13266 13267
v 0.101140 0.554860 4.621323
v 0.106159 0.604067 4.614009
l 13268 13269
v 2.232257 0.253524 3.450777
v 2.241470 0.268895 3.404099
l 13270 13271
v 2.221303 0.351886 3.507063
v 2.191456 0.356428 3.467207
l 13272 13273
v 0.086731 0.781076 4.539853
v 0.110191 0.771281 4.496799
l 13274 13275
v 0.113868 1.439520 4.231457
v 0.110513 1.489357 4.233691
l 13276 13277
v 0.135128 1.256390 4.220663
v 0.169784 1.289570 4.206592
l 13278 13279
v -1.846323 1.650953 4.541240
v -1.807979 1.619429 4.547230
l 13280 13281
v -0.911206 1.456050 4.639103
v -0.921306 1.505017 4.639562
l 13282 13283
v -0.909664 1.452353 4.642327
v -0.874729 1.436878 4.674577
l 13284 13285
v -0.909767 1.452393 4.635790
v -0.875890 1.437288 4.602261
l 13286 13287
v -0.913155 1.451663 4.639110
v -0.959486 1.432873 4.639725
l 13288 13289
v -1.848697 2.249683 4.520190
v -1.870685 2.291252 4.503203
l 13290 13291
v -1.845917 2.247713 4.524677
v -1.823145 2.261761 4.566916
l 13292 13293
v -1.844417 2.246203 4.519040
v -1.803042 2.241540 4.491356
l 13294 13295
v -1.663347 1.954240 4.544073
v -1.698196 1.918524 4.540924
l 13296 13297
v -1.661460 1.956850 4.547583
v -1.666321 1.998506 4.574808
l 13298 13299
v -1.660590 1.956583 4.540980
v -1.657812 1.995918 4.510238
l 13300 13301
v -1.658673 1.954387 4.544683
v -1.622727 1.920175 4.550801
l 13302 13303
v -1.753913 1.653877 4.546770
v -1.718158 1.619026 4.549413
l 13304 13305
v -1.855133 1.945180 4.530573
v -1.900609 1.952758 4.511219
l 13306 13307
v -1.852020 1.945597 4.534547
v -1.845253 1.960152 4.581900
l 13308 13309
v -1.849553 1.946880 4.529253
v -1.823607 1.982222 4.505217
l 13310 13311
v -1.734637 2.044527 4.538330
v -1.693670 2.037608 4.510512
l 13312 13313
v -1.658507 1.555900 4.553000
v -1.697587 1.549518 4.522471
l 13314 13315
v -1.653117 1.854930 4.549510
v -1.611201 1.829585 4.559547
l 13316 13317
v -1.655030 1.858183 4.545927
v -1.647540 1.900258 4.519973
l 13318 13319
v -1.657093 1.857180 4.552010
v -1.670621 1.889003 4.588125
l 13320 13321
v -1.657580 1.854777 4.547973
v -1.688207 1.818784 4.531649
l 13322 13323
v -1.751033 1.947753 4.542570
v -1.764630 1.929930 4.587263
l 13324 13325
v -1.552853 2.039530 4.574700
v -1.512043 2.026130 4.549109
l 13326 13327
v -1.741420 2.154290 4.528120
v -1.709503 2.192633 4.531460
l 13328 13329
v -1.516750 2.048883 4.603460
v -1.496113 2.013209 4.631769
l 13330 13331
v -1.520007 2.050420 4.600163
v -1.569562 2.055446 4.595799
l 13332 13333
v -1.516083 2.053700 4.601437
v -1.506877 2.101095 4.614434
l 13334 13335
v -2.225460 2.023847 4.502420
v -2.179661 2.042296 4.510298
l 13336 13337
v -2.141683 2.050330 4.506290
v -2.117683 2.053960 4.462578
l 13338 13339
v -2.058970 1.946023 4.517583
v -2.098512 1.973537 4.530978
l 13340 13341
v -2.228733 2.023267 4.498590
v -2.257022 2.045704 4.464002
l 13342 13343
v -2.348227 2.051867 4.488090
v -2.308248 2.022379 4.493763
l 13344 13345
v -2.051890 2.350967 4.509733
v -2.068036 2.303865 4.514287
l 13346 13347
v -2.051127 2.355187 4.512650
v -2.070672 2.387530 4.545389
l 13348 13349
v -2.051620 2.354730 4.506177
v -2.076224 2.382402 4.472578
l 13350 13351
v 0.641100 2.455260 4.673407
v 0.630585 2.485668 4.635134
l 13352 13353
v 0.641179 2.455213 4.679223
v 0.634733 2.485099 4.718787
l 13354 13355
v -2.235063 1.951030 4.501983
v -2.227749 1.950493 4.452524
l 13356 13357
v -2.229623 2.022703 4.505083
v -2.266626 2.039619 4.534146
l 13358 13359
v -2.266973 1.970080 4.493013
v -2.258654 2.008158 4.461695
l 13360 13361
v -2.269960 1.967733 4.496017
v -2.309674 1.937681 4.491581
l 13362 13363
v -2.245690 1.960603 4.500013
v -2.237121 1.959143 4.450775
l 13364 13365
v -2.144430 2.052303 4.509647
v -2.170116 2.091647 4.526744
l 13366 13367
v -1.653777 2.151330 4.538713
v -1.669022 2.109365 4.561220
l 13368 13369
v -1.565023 1.839310 4.580350
v -1.587852 1.804455 4.607991
l 13370 13371
v 1.940170 1.958063 4.793253
v 1.905043 1.990393 4.778391
l 13372 13373
v -1.651327 2.153140 4.533940
v -1.627894 2.137344 4.492692
l 13374 13375
v -1.649997 2.155510 4.539260
v -1.609729 2.169671 4.565298
l 13376 13377
v -1.654110 2.155710 4.536847
v -1.690548 2.189434 4.530932
l 13378 13379
v -1.557713 2.040440 4.575327
v -1.599639 2.040067 4.548085
l 13380 13381
v -1.565337 1.842317 4.576497
v -1.587565 1.885772 4.565656
l 13382 13383
v -1.665017 2.243077 4.537183
v -1.701378 2.238062 4.503232
l 13384 13385
v 0.851090 0.810148 2.807640
v 0.877490 0.779220 2.778545
l 13386 13387
v 1.345587 1.649287 4.841180
v 1.299802 1.669036 4.837475
l 13388 13389
v 1.444687 2.064437 4.842217
v 1.405648 2.051563 4.813752
l 13390 13391
v 1.651010 2.663580 4.817987
v 1.655480 2.633696 4.778150
l 13392 13393
v 1.725603 2.188740 4.536903
v 1.676234 2.194893 4.531927
l 13394 13395
v 1.447887 1.649460 4.858600
v 1.452475 1.611199 4.890460
l 13396 13397
v 1.343417 2.303093 4.662903
v 1.379859 2.276593 4.641231
l 13398 13399
v 1.950917 1.850683 4.796573
v 1.971861 1.895092 4.787128
l 13400 13401
v 1.955403 1.847840 4.805710
v 1.977476 1.890051 4.820909
l 13402 13403
v 1.853493 2.642590 4.754730
v 1.823526 2.682083 4.748230
l 13404 13405
v 1.856217 2.639673 4.758850
v 1.862151 2.638086 4.808471
l 13406 13407
v 1.857263 2.639700 4.754187
v 1.899112 2.640129 4.726828
l 13408 13409
v 1.797833 0.843182 2.903760
v 1.759689 0.862197 2.929902
l 13410 13411
v 1.081160 2.045060 4.811550
v 1.103363 2.041148 4.766921
l 13412 13413
v 1.081673 2.047407 4.816687
v 1.111069 2.076785 4.844486
l 13414 13415
v 1.079733 2.042100 4.816187
v 1.081913 1.996582 4.836763
l 13416 13417
v 1.552243 1.952077 4.856343
v 1.572256 1.969295 4.898805
l 13418 13419
v 1.823763 2.595800 4.782700
v 1.774896 2.594673 4.793222
l 13420 13421
v 1.828060 2.597160 4.784897
v 1.855646 2.610489 4.824410
l 13422 13423
v 1.826910 2.598260 4.779673
v 1.837274 2.628109 4.740922
l 13424 13425
v 1.827377 2.592650 4.781240
v 1.848114 2.549266 4.767538
l 13426 13427
v 1.651003 2.663283 4.823520
v 1.647641 2.633501 4.863542
l 13428 13429
v 1.195060 2.701203 4.758260
v 1.156358 2.710202 4.727909
l 13430 13431
v 1.555927 2.682450 4.757277
v 1.601146 2.703573 4.760275
l 13432 13433
v 1.733950 2.416180 4.795247
v 1.749282 2.457749 4.772075
l 13434 13435
v 1.731663 2.422067 4.809450
v 1.760560 2.462622 4.804951
l 13436 13437
v 0.754357 0.751578 2.818033
v 0.796122 0.724579 2.823202
l 13438 13439
v 0.751410 0.753285 2.814380
v 0.744804 0.781870 2.773892
l 13440 13441
v 2.171857 2.584613 4.739187
v 2.123039 2.585301 4.749974
l 13442 13443
v 1.843783 2.693260 4.689730
v 1.802539 2.668129 4.676793
l 13444 13445
v 2.175743 2.587480 4.739660
v 2.201532 2.629219 4.730028
l 13446 13447
v 1.622253 2.298993 4.821863
v 1.635963 2.253212 4.836565
l 13448 13449
v 1.619020 2.301650 4.818020
v 1.591031 2.293956 4.777309
l 13450 13451
v 1.624350 2.303730 4.819527
v 1.665349 2.322946 4.798318
l 13452 13453
v 1.620397 2.303437 4.822300
v 1.599499 2.330634 4.858681
l 13454 13455
v 1.553810 2.346747 4.783187
v 1.577474 2.322399 4.819891
l 13456 13457
v 1.555400 2.351773 4.779510
v 1.595961 2.380910 4.777086
l 13458 13459
v 1.552690 2.347933 4.778710
v 1.536403 2.323489 4.738247
l 13460 13461
v 2.176110 2.582550 4.741633
v 2.190301 2.556648 4.781978
l 13462 13463
v 1.448880 1.649470 4.852040
v 1.462739 1.611295 4.822875
l 13464 13465
v 1.449853 1.652507 4.855547
v 1.475746 1.695094 4.859532
l 13466 13467
v 1.979890 1.936237 4.806013
v 2.001687 1.892322 4.815833
l 13468 13469
v 1.785423 2.341287 4.680003
v 1.792576 2.382572 4.652720
l 13470 13471
v 1.908333 2.613297 4.757600
v 1.891028 2.619588 4.804086
l 13472 13473
v 1.907973 2.614297 4.752637
v 1.907899 2.653594 4.721722
l 13474 13475
v 1.906447 2.609457 4.752723
v 1.869609 2.575897 4.748634
l 13476 13477
v 1.911077 2.610690 4.754280
v 1.958329 2.595670 4.747827
l 13478 13479
v 1.858190 1.770960 4.789433
v 1.869196 1.808598 4.758414
l 13480 13481
v 1.853367 1.766917 4.790070
v 1.810125 1.759095 4.766216
l 13482 13483
v 1.856000 1.769333 4.793937
v 1.851097 1.782728 4.841859
l 13484 13485
v 1.853957 1.641537 4.796903
v 1.867323 1.684918 4.775941
l 13486 13487
v 1.865647 1.646687 4.802083
v 1.875949 1.623826 4.758825
l 13488 13489
v 2.042937 1.693803 4.803003
v 2.047276 1.696617 4.852735
l 13490 13491
v 2.037647 1.688123 4.800473
v 2.008620 1.667121 4.835350
l 13492 13493
v 2.589893 1.791810 4.823680
v 2.563773 1.830225 4.842174
l 13494 13495
v 2.573567 1.863273 4.818720
v 2.535734 1.859130 4.786293
l 13496 13497
v 2.183713 0.862474 3.357900
v 2.229431 0.882371 3.354161
l 13498 13499
v 1.939363 0.859551 2.963740
v 1.967877 0.869100 3.003687
l 13500 13501
v 1.925680 2.058700 4.793217
v 1.971392 2.040005 4.801021
l 13502 13503
v 2.518170 1.847857 4.758410
v 2.553015 1.852073 4.794020
l 13504 13505
v 2.166680 2.585340 4.647237
v 2.199296 2.577913 4.684399
l 13506 13507
v 2.554177 1.735547 4.773200
v 2.505623 1.743325 4.782256
l 13508 13509
v 2.515440 1.844277 4.756283
v 2.501587 1.796466 4.751569
l 13510 13511
v 1.148577 2.243670 4.826127
v 1.153691 2.272591 4.785661
l 13512 13513
v 2.036123 1.694377 4.795137
v 1.993276 1.705944 4.772109
l 13514 13515
v 2.578220 1.926120 4.825893
v 2.603031 1.942628 4.785745
l 13516 13517
v 2.574897 1.927453 4.829950
v 2.537062 1.958381 4.840536
l 13518 13519
v 2.045523 1.705897 4.807550
v 2.051155 1.671704 4.843594
l 13520 13521
v 2.045843 1.693873 4.797630
v 2.089590 1.685229 4.775014
l 13522 13523
v 2.040553 1.688193 4.795100
v 2.061197 1.661646 4.758099
l 13524 13525
v 2.556820 1.733243 4.769847
v 2.556302 1.705817 4.728043
l 13526 13527
v 1.862850 1.758863 4.793533
v 1.852542 1.714663 4.772555
l 13528 13529
v 2.599103 1.789743 4.832213
v 2.580061 1.812183 4.872634
l 13530 13531
v 2.594187 1.782293 4.827197
v 2.592081 1.735364 4.844321
l 13532 13533
v 1.651623 0.831636 2.867627
v 1.649889 0.782385 2.876068
l 13534 13535
v 2.569683 1.608627 4.799393
v 2.600170 1.604375 4.759992
l 13536 13537
v 2.566027 1.606150 4.801600
v 2.521036 1.584338 4.801491
l 13538 13539
v 2.570120 1.607700 4.804600
v 2.602027 1.591846 4.839680
l 13540 13541
v 1.647973 1.562240 4.868447
v 1.612758 1.527114 4.873554
l 13542 13543
v 1.650023 1.564727 4.864787
v 1.682812 1.564235 4.827042
l 13544 13545
v 1.648257 1.567057 4.868630
v 1.616607 1.604928 4.876633
l 13546 13547
v 1.925603 1.578933 4.799660
v 1.879316 1.597461 4.795887
l 13548 13549
v 1.648493 1.646327 4.864297
v 1.675217 1.604073 4.863598
l 13550 13551
v 1.929590 1.747387 4.798473
v 1.901023 1.721440 4.766682
l 13552 13553
v 1.938863 1.742303 4.798053
v 1.933135 1.715366 4.756321
l 13554 13555
v 1.960973 1.840003 4.805490
v 1.989962 1.802512 4.821430
l 13556 13557
v 1.903947 1.754747 4.794727
v 1.889783 1.782950 4.755945
l 13558 13559
v 1.931913 1.754030 4.805813
v 1.909604 1.759516 4.850223
l 13560 13561
v 1.874340 1.549727 4.801947
v 1.886381 1.548513 4.753433
l 13562 13563
v 1.756957 1.837397 4.770870
v 1.760272 1.796318 4.742559
l 13564 13565
v 1.840080 1.639063 4.794077
v 1.807901 1.677065 4.789558
l 13566 13567
v 1.874123 1.649243 4.808670
v 1.922034 1.645941 4.822585
l 13568 13569
v 0.464594 -0.061341 1.671073
v 0.503989 -0.031867 1.679978
l 13570 13571
v 0.464414 -0.067976 1.670907
v 0.502137 -0.099954 1.678284
l 13572 13573
v 0.461479 -0.064621 1.672787
v 0.420314 -0.064215 1.701164
l 13574 13575
v 1.830963 1.558597 4.774903
v 1.810890 1.539252 4.733396
l 13576 13577
v 1.914120 1.752720 4.794390
v 1.926454 1.707010 4.778313
l 13578 13579
v 1.864867 1.650667 4.805713
v 1.849039 1.698054 4.807689
l 13580 13581
v 1.456213 1.941547 4.851597
v 1.463468 1.900423 4.879096
l 13582 13583
v 2.196650 2.247697 4.712053
v 2.243650 2.264629 4.714120
l 13584 13585
v 2.222357 0.541008 3.443447
v 2.194284 0.499899 3.448134
l 13586 13587
v 2.204123 0.809115 3.462830
v 2.198816 0.804149 3.512299
l 13588 13589
v 2.196187 0.810021 3.457007
v 2.159302 0.776471 3.460739
l 13590 13591
v 2.168183 0.873120 3.254463
v 2.208586 0.854446 3.231684
l 13592 13593
v 2.229513 0.752193 3.352997
v 2.231641 0.713601 3.384717
l 13594 13595
v 2.216110 0.754344 3.448783
v 2.179690 0.788424 3.445304
l 13596 13597
v 2.222590 0.755146 3.449677
v 2.249354 0.797055 3.454901
l 13598 13599
v 2.219407 0.751916 3.451367
v 2.218958 0.716375 3.486532
l 13600 13601
v 1.743423 0.226292 2.892610
v 1.722427 0.204339 2.852896
l 13602 13603
v 1.348787 1.645793 4.844680
v 1.345147 1.619505 4.887055
l 13604 13605
v 1.349080 1.645423 4.839083
v 1.354189 1.612633 4.801684
l 13606 13607
v 1.350607 1.649457 4.841717
v 1.387616 1.683075 4.841434
l 13608 13609
v 1.356520 0.058328 2.841783
v 1.362420 0.107968 2.842819
l 13610 13611
v 1.328763 -0.017871 2.883107
v 1.302787 -0.042864 2.917756
l 13612 13613
v 1.447760 0.644559 2.827630
v 1.456720 0.600202 2.806365
l 13614 13615
v 1.294770 -0.043488 2.000363
v 1.246042 -0.036092 2.008782
l 13616 13617
v 1.648740 0.265457 2.891540
v 1.603403 0.284593 2.882685
l 13618 13619
v 1.659490 0.265435 2.893737
v 1.682199 0.309027 2.884568
l 13620 13621
v 1.048523 0.047929 2.832973
v 1.016242 0.082884 2.817608
l 13622 13623
v -0.045965 -0.059370 1.846443
v -0.006204 -0.032968 1.861342
l 13624 13625
v 1.845087 0.048675 2.890410
v 1.820448 0.084751 2.866089
l 13626 13627
v 0.831194 -0.059713 1.538503
v 0.864373 -0.045566 1.573130
l 13628 13629
v 0.827169 -0.058536 1.535497
v 0.781459 -0.038441 1.538107
l 13630 13631
v 0.839272 -0.069140 1.251707
v 0.877042 -0.078023 1.283242
l 13632 13633
v 0.643840 0.647236 2.826857
v 0.602846 0.644823 2.798331
l 13634 13635
v 1.321630 0.657698 2.790600
v 1.317744 0.707493 2.792920
l 13636 13637
v 0.747221 0.055157 2.838377
v 0.731406 0.043225 2.884284
l 13638 13639
v 0.985614 -0.044690 2.388370
v 1.004514 -0.045685 2.342090
l 13640 13641
v 1.054510 0.651124 2.791540
v 1.101494 0.667437 2.786397
l 13642 13643
v 0.958653 0.815691 2.804647
v 0.996255 0.795137 2.830408
l 13644 13645
v 1.363873 0.648467 2.811903
v 1.317990 0.655773 2.830378
l 13646 13647
v 1.365820 0.649012 2.805570
v 1.337770 0.661314 2.766050
l 13648 13649
v 1.366707 0.645772 2.809053
v 1.390985 0.602221 2.812773
l 13650 13651
v 1.147890 1.849603 4.831823
v 1.140736 1.892058 4.857248
l 13652 13653
v 1.341407 1.854713 4.827467
v 1.347308 1.870639 4.780439
l 13654 13655
v 1.337950 1.853703 4.831410
v 1.289964 1.855200 4.845379
l 13656 13657
v 1.343047 1.856303 4.832930
v 1.361104 1.895154 4.858710
l 13658 13659
v 1.342427 1.851700 4.831293
v 1.363312 1.806783 4.838096
l 13660 13661
v 1.334683 0.808601 2.785287
v 1.355645 0.795646 2.741781
l 13662 13663
v 1.360410 0.353293 2.810057
v 1.405483 0.340132 2.827239
l 13664 13665
v 1.249543 0.748118 2.750640
v 1.240770 0.737741 2.702522
l 13666 13667
v 1.247910 0.751328 2.754170
v 1.243768 0.798506 2.770203
l 13668 13669
v 1.253080 0.747251 2.754107
v 1.300123 0.754201 2.769555
l 13670 13671
v 0.950553 -0.050581 1.663903
v 0.962401 -0.018475 1.700357
l 13672 13673
v 0.952173 -0.053913 1.660937
v 0.972803 -0.054043 1.615391
l 13674 13675
v 0.346433 -0.065760 1.670957
v 0.371835 -0.069239 1.628031
l 13676 13677
v 1.329790 0.809721 2.787767
v 1.280446 0.812376 2.780144
l 13678 13679
v 1.333750 0.806557 2.790617
v 1.338632 0.765526 2.818769
l 13680 13681
v 1.334197 0.811366 2.789400
v 1.353599 0.853154 2.808823
l 13682 13683
v 1.323740 0.551658 2.785107
v 1.306743 0.506633 2.771545
l 13684 13685
v 1.246633 0.448011 2.760507
v 1.233907 0.487803 2.733037
l 13686 13687
v 1.321167 0.653804 2.793670
v 1.340312 0.628670 2.832422
l 13688 13689
v 1.323453 0.654271 2.787477
v 1.364311 0.633586 2.767408
l 13690 13691
v 1.129437 -0.048095 1.749900
v 1.154742 -0.046200 1.792982
l 13692 13693
v 1.061633 -0.050602 1.657490
v 1.092056 -0.033588 1.621643
l 13694 13695
v 1.050853 -0.046729 1.843290
v 1.013088 -0.029821 1.871359
l 13696 13697
v 1.058847 -0.055183 1.658997
v 1.041061 -0.098885 1.642450
l 13698 13699
v 1.056723 -0.049511 1.659887
v 1.013467 -0.025128 1.654022
l 13700 13701
v 1.060377 -0.051766 1.661917
v 1.082528 -0.050504 1.706724
l 13702 13703
v 1.053007 -0.051334 1.559420
v 1.022825 -0.015081 1.542842
l 13704 13705
v 1.056583 -0.052829 1.563820
v 1.065612 -0.038871 1.610976
l 13706 13707
v 1.054357 -0.056160 1.560590
v 1.036032 -0.102672 1.559680
l 13708 13709
v 0.963561 -0.054043 1.746667
v 0.952050 -0.073816 1.791125
l 13710 13711
v 0.756308 -0.074404 1.252607
v 0.739584 -0.121524 1.252468
l 13712 13713
v 0.755563 -0.069584 1.250320
v 0.737658 -0.043361 1.211696
l 13714 13715
v 0.760815 -0.071454 1.252520
v 0.809597 -0.068983 1.241830
l 13716 13717
v 0.756700 -0.070002 1.255413
v 0.744910 -0.050677 1.299995
l 13718 13719
v 0.956891 -0.059295 1.538810
v 1.005470 -0.070574 1.542398
l 13720 13721
v 1.018773 -0.060105 1.491343
v 1.041500 -0.104396 1.496020
l 13722 13723
v 0.846312 -0.054241 1.752813
v 0.806546 -0.053191 1.722521
l 13724 13725
v 0.644098 0.647205 2.833510
v 0.605447 0.644520 2.865114
l 13726 13727
v 0.646314 0.649837 2.830103
v 0.677646 0.688788 2.829066
l 13728 13729
v 1.722973 0.135929 2.891837
v 1.702575 0.107090 2.856450
l 13730 13731
v 1.060330 -0.030807 2.741673
v 1.096796 -0.047045 2.711564
l 13732 13733
v 1.318143 0.150014 2.799263
v 1.298709 0.144886 2.845046
l 13734 13735
v 0.981445 -0.045799 2.390330
v 0.934176 -0.062079 2.389543
l 13736 13737
v 0.986379 -0.047106 2.392373
v 1.010089 -0.071586 2.428960
l 13738 13739
v 0.984392 -0.041290 2.391437
v 0.985090 0.001574 2.417170
l 13740 13741
v 1.081893 0.251228 2.800093
v 1.055593 0.224967 2.833540
l 13742 13743
v 0.555066 0.750438 2.820297
v 0.583656 0.782669 2.794923
l 13744 13745
v 0.555899 0.812517 2.812453
v 0.571079 0.773780 2.840184
l 13746 13747
v 1.900673 1.753580 4.805483
v 1.909181 1.790954 4.837590
l 13748 13749
v 1.900213 1.749540 4.802713
v 1.907505 1.700803 4.811173
l 13750 13751
v 0.607420 1.569303 4.704177
v 0.584940 1.526070 4.715382
l 13752 13753
v 0.609805 1.580447 4.707240
v 0.599791 1.592098 4.754821
l 13754 13755
v 0.611551 1.578393 4.702820
v 0.656538 1.574677 4.681318
l 13756 13757
v 0.553280 0.749176 2.825353
v 0.549442 0.764127 2.872911
l 13758 13759
v 1.016473 -0.056785 1.488663
v 0.984434 -0.056890 1.450278
l 13760 13761
v 1.020620 -0.054538 1.489787
v 1.061643 -0.025953 1.490001
l 13762 13763
v 0.852275 -0.068406 1.355217
v 0.839818 -0.106595 1.325445
l 13764 13765
v 0.852180 -0.065902 1.359743
v 0.833418 -0.069920 1.405915
l 13766 13767
v 0.450904 -0.075643 1.151287
v 0.454368 -0.049692 1.108689
l 13768 13769
v 0.451259 -0.082266 1.151913
v 0.457887 -0.115210 1.114890
l 13770 13771
v 0.838052 -0.070117 1.246967
v 0.844808 -0.089675 1.201449
l 13772 13773
v 0.610289 -0.082099 0.885228
v 0.605077 -0.079953 0.835547
l 13774 13775
v 0.821657 -0.074114 1.175750
v 0.857993 -0.080235 1.209547
l 13776 13777
v 0.457171 -0.081568 1.039337
v 0.493854 -0.080694 1.073302
l 13778 13779
v 0.651048 -0.076403 1.154967
v 0.669038 -0.122582 1.148344
l 13780 13781
v 0.345151 -0.075221 1.341113
v 0.298459 -0.077933 1.323437
l 13782 13783
v -0.257440 -0.085407 1.148170
v -0.296334 -0.086441 1.179574
l 13784 13785
v -0.254655 -0.088667 1.146083
v -0.213804 -0.117073 1.151016
l 13786 13787
v -0.254824 -0.082005 1.146093
v -0.215465 -0.051579 1.151105
l 13788 13789
v -0.256857 -0.085386 1.143463
v -0.287363 -0.086101 1.103854
l 13790 13791
v 0.152077 -0.073414 1.362087
v 0.192814 -0.046402 1.351556
l 13792 13793
v -0.145909 -0.086054 0.945687
v -0.117779 -0.044722 0.945103
l 13794 13795
v -0.146260 -0.085944 1.046137
v -0.109623 -0.085359 1.080157
l 13796 13797
v -0.154262 -0.095167 0.747955
v -0.192933 -0.095453 0.716261
l 13798 13799
v -0.350273 -0.099408 0.669679
v -0.350913 -0.049598 0.665373
l 13800 13801
v 0.247739 -0.090020 0.742163
v 0.279583 -0.087479 0.703698
l 13802 13803
v -0.041997 -0.098571 0.555925
v -0.006670 -0.101297 0.591203
l 13804 13805
v -0.151825 -0.091821 0.750214
v -0.148449 -0.062803 0.790792
l 13806 13807
v -0.151691 -0.098481 0.750111
v -0.147131 -0.128580 0.789775
l 13808 13809
v -0.044465 -0.091051 0.746257
v -0.000923 -0.066988 0.741248
l 13810 13811
v 0.341804 -0.090932 0.549209
v 0.376570 -0.087111 0.584940
l 13812 13813
v 0.052578 -0.095065 0.646727
v 0.086832 -0.098436 0.610460
l 13814 13815
v 0.051037 -0.091999 0.745779
v 0.015140 -0.092960 0.780570
l 13816 13817
v -0.142883 -0.113874 0.243048
v -0.154445 -0.141599 0.203078
l 13818 13819
v -0.141392 -0.107446 0.243397
v -0.138661 -0.073518 0.206772
l 13820 13821
v -0.139311 -0.111442 0.245567
v -0.098194 -0.122400 0.271822
l 13822 13823
v 0.254350 -0.085415 0.944783
v 0.224315 -0.087427 0.904859
l 13824 13825
v 0.122242 -0.113332 0.195236
v 0.121897 -0.096022 0.242143
l 13826 13827
v -0.052061 -0.112213 0.188686
v -0.096747 -0.130757 0.176063
l 13828 13829
v -0.046991 -0.111297 0.187486
v -0.012954 -0.117770 0.151437
l 13830 13831
v 0.052501 -0.110920 0.240678
v 0.088297 -0.107500 0.275420
l 13832 13833
v 0.050936 -0.108333 0.236776
v 0.059103 -0.094740 0.189358
l 13834 13835
v 0.049195 -0.114252 0.239154
v 0.040831 -0.156818 0.214290
l 13836 13837
v 0.123424 -0.117328 0.191853
v 0.126474 -0.167194 0.189838
l 13838 13839
v 0.433463 -0.090928 0.653235
v 0.463908 -0.120662 0.626986
l 13840 13841
v 0.406918 -0.091552 0.585841
v 0.388851 -0.096124 0.539444
l 13842 13843
v 0.157235 -0.090572 0.847876
v 0.203137 -0.109579 0.853508
l 13844 13845
v 0.152436 -0.090032 0.852429
v 0.153691 -0.104016 0.900417
l 13846 13847
v 0.152411 -0.091482 0.847737
v 0.119748 -0.111648 0.815699
l 13848 13849
v -0.741503 -0.076223 1.539987
v -0.744182 -0.026429 1.536326
l 13850 13851
v -0.648645 -0.083137 1.351563
v -0.600103 -0.095017 1.353173
l 13852 13853
v -0.652650 -0.081281 1.349433
v -0.678662 -0.088592 1.307363
l 13854 13855
v -0.766324 -0.080035 1.347477
v -0.787718 -0.034955 1.344309
l 13856 13857
v -2.954453 1.348100 4.454157
v -2.948348 1.397725 4.454449
l 13858 13859
v -0.743539 -0.079636 1.542723
v -0.781271 -0.098484 1.569577
l 13860 13861
v -0.749257 -0.072461 1.658447
v -0.790995 -0.063202 1.632519
l 13862 13863
v -0.360112 -0.067168 1.835533
v -0.327384 -0.066301 1.797743
l 13864 13865
v -0.362845 -0.063941 1.837943
v -0.404183 -0.035816 1.838367
l 13866 13867
v -0.439864 -0.080930 1.365853
v -0.479149 -0.089844 1.336235
l 13868 13869
v -0.446297 -0.079431 1.537493
v -0.455906 -0.109695 1.498870
l 13870 13871
v -0.551999 -0.081251 1.355117
v -0.591726 -0.080951 1.385477
l 13872 13873
v -0.671740 -0.079369 1.451380
v -0.634320 -0.079517 1.484543
l 13874 13875
v -2.653587 1.254623 4.492843
v -2.692233 1.286225 4.495631
l 13876 13877
v -3.152403 1.252980 4.447207
v -3.172239 1.258557 4.401649
l 13878 13879
v -2.973597 1.154080 4.465297
v -2.989598 1.163358 4.511750
l 13880 13881
v -3.300913 2.327460 4.420983
v -3.294495 2.343354 4.374013
l 13882 13883
v -3.040710 2.354223 4.446490
v -3.003649 2.334686 4.473780
l 13884 13885
v -3.041007 2.354997 4.439910
v -3.006743 2.342706 4.405633
l 13886 13887
v -3.118297 2.457177 4.435347
v -3.080548 2.424463 4.437554
l 13888 13889
v -3.263813 2.360083 4.427887
v -3.306044 2.373256 4.404583
l 13890 13891
v -3.259237 2.360807 4.429520
v -3.228794 2.399575 4.437905
l 13892 13893
v -3.121003 2.459450 4.438527
v -3.126598 2.497523 4.470450
l 13894 13895
v -3.035647 2.247070 4.441030
v -2.989268 2.265751 4.441129
l 13896 13897
v -3.154100 2.246680 4.440333
v -3.154127 2.281617 4.476102
l 13898 13899
v -3.156750 2.244263 4.436773
v -3.196229 2.213744 4.433612
l 13900 13901
v -3.297673 2.128507 4.419423
v -3.257557 2.140387 4.446801
l 13902 13903
v -3.052757 1.950550 4.438840
v -3.067259 1.920483 4.401615
l 13904 13905
v -2.952553 1.846643 4.440773
v -2.983643 1.885396 4.435147
l 13906 13907
v -3.038800 2.245847 4.437693
v -3.054783 2.210308 4.406364
l 13908 13909
v -3.038680 2.245513 4.444343
v -3.053552 2.206983 4.472525
l 13910 13911
v -3.040033 2.248890 4.441203
v -3.060507 2.294429 4.443855
l 13912 13913
v -2.958253 2.031570 4.442363
v -2.964432 1.984743 4.458766
l 13914 13915
v -2.956843 2.034663 4.438360
v -2.940555 2.036997 4.391145
l 13916 13917
v -2.959653 2.036350 4.442117
v -3.001116 2.063548 4.448528
l 13918 13919
v -3.229923 2.056230 4.425973
v -3.201858 2.015308 4.432117
l 13920 13921
v -3.203447 1.064637 4.445097
v -3.166127 1.058920 4.412316
l 13922 13923
v -3.150230 2.119970 4.432740
v -3.122615 2.160622 4.441952
l 13924 13925
v -3.151403 2.116810 4.428890
v -3.137175 2.087363 4.391069
l 13926 13927
v -3.214157 1.554023 4.429930
v -3.171102 1.551182 4.404666
l 13928 13929
v -3.231300 2.058927 4.422267
v -3.219051 2.096777 4.391979
l 13930 13931
v -3.232227 2.059280 4.428853
v -3.228205 2.100280 4.457188
l 13932 13933
v -3.234530 2.057163 4.425277
v -3.276184 2.029857 4.420881
l 13934 13935
v -3.229753 1.950030 4.430600
v -3.194629 1.985569 4.432388
l 13936 13937
v -2.944347 1.746023 4.441120
v -2.984453 1.716273 4.438591
l 13938 13939
v -3.048303 1.556327 4.447323
v -3.010222 1.524556 4.453683
l 13940 13941
v -3.238310 1.864463 4.428693
v -3.260628 1.908895 4.423427
l 13942 13943
v -3.231780 1.947490 4.427167
v -3.229331 1.906533 4.398592
l 13944 13945
v -3.232270 1.947640 4.433810
v -3.234172 1.908017 4.464246
l 13946 13947
v -3.138813 1.546327 4.438747
v -3.114816 1.502462 4.438648
l 13948 13949
v -2.851097 1.647063 4.458053
v -2.884785 1.610119 4.457584
l 13950 13951
v -3.210213 1.433323 4.438313
v -3.237350 1.391549 4.442620
l 13952 13953
v -3.153883 1.159000 4.455483
v -3.149909 1.208224 4.463309
l 13954 13955
v -3.155113 1.155123 4.451740
v -3.169317 1.147248 4.404451
l 13956 13957
v -3.156897 1.154407 4.457153
v -3.195957 1.140041 4.484865
l 13958 13959
v -3.140460 1.549480 4.442090
v -3.128196 1.585894 4.474084
l 13960 13961
v -2.971550 1.156420 4.460687
v -2.957762 1.199787 4.439969
l 13962 13963
v -3.203337 1.064743 4.451673
v -3.164948 1.060067 4.483366
l 13964 13965
v -3.149287 1.453203 4.442363
v -3.108945 1.482677 4.444334
l 13966 13967
v -3.149220 1.351597 4.447200
v -3.181118 1.389917 4.443444
l 13968 13969
v -3.147170 1.349113 4.450783
v -3.152586 1.312126 4.483989
l 13970 13971
v -2.969790 1.646847 4.443760
v -3.016359 1.651150 4.426073
l 13972 13973
v -2.984667 1.246800 4.466597
v -3.002246 1.253617 4.512905
l 13974 13975
v -3.047533 1.253293 4.454260
v -3.006572 1.257244 4.425860
l 13976 13977
v -2.750700 1.355523 4.477067
v -2.720513 1.316072 4.482749
l 13978 13979
v -2.752380 1.358167 4.473363
v -2.742378 1.395023 4.441090
l 13980 13981
v -2.752953 1.358680 4.479973
v -2.748156 1.400192 4.507427
l 13982 13983
v -2.755337 1.356370 4.476597
v -2.796613 1.328187 4.475205
l 13984 13985
v -3.199920 0.857425 4.443617
v -3.159929 0.859049 4.413649
l 13986 13987
v -2.831840 1.439920 4.464527
v -2.840540 1.392303 4.452001
l 13988 13989
v -3.148747 1.253737 4.450503
v -3.104203 1.276373 4.452354
l 13990 13991
v -3.150583 1.249110 4.450737
v -3.150876 1.200450 4.462230
l 13992 13993
v -3.153267 1.254243 4.452533
v -3.186875 1.269291 4.486358
l 13994 13995
v -1.147737 -0.079119 1.735113
v -1.171429 -0.123107 1.733190
l 13996 13997
v -3.205917 0.767688 4.454403
v -3.238330 0.730634 4.445665
l 13998 13999
v -3.201623 0.769930 4.452307
v -3.157302 0.763631 4.430037
l 14000 14001
v -3.203550 0.770176 4.458410
v -3.180149 0.766545 4.502446
l 14002 14003
v -2.668100 0.955715 4.494837
v -2.654972 1.002975 4.485132
l 14004 14005
v -2.460323 1.552997 4.495033
v -2.504740 1.549717 4.517758
l 14006 14007
v -1.658497 1.555963 4.559637
v -1.697355 1.549924 4.590517
l 14008 14009
v -1.568170 0.848637 4.586610
v -1.616816 0.841036 4.595316
l 14010 14011
v -1.643223 0.747850 4.568117
v -1.603096 0.777573 4.565608
l 14012 14013
v -1.564200 0.847551 4.583773
v -1.548614 0.855406 4.536918
l 14014 14015
v -1.563047 0.844595 4.587637
v -1.562459 0.798180 4.606218
l 14016 14017
v -1.512527 0.742141 4.606993
v -1.463366 0.734352 4.611743
l 14018 14019
v -1.744630 0.646729 4.575510
v -1.707802 0.656113 4.608001
l 14020 14021
v -1.744180 0.646826 4.568867
v -1.703313 0.657057 4.541937
l 14022 14023
v -1.747383 0.648514 4.572010
v -1.789624 0.675153 4.569536
l 14024 14025
v -1.746217 0.643889 4.572023
v -1.771271 0.600682 4.569697
l 14026 14027
v -1.656290 1.558460 4.556290
v -1.627010 1.598987 4.555859
l 14028 14029
v -1.516973 1.534057 4.600160
v -1.502037 1.538813 4.552681
l 14030 14031
v -2.354377 1.652407 4.499197
v -2.321572 1.614832 4.495737
l 14032 14033
v -2.455947 1.648077 4.486380
v -2.441797 1.606829 4.461918
l 14034 14035
v -1.950923 1.548810 4.535303
v -1.980372 1.508402 4.535387
l 14036 14037
v -2.045863 1.651220 4.527957
v -2.010853 1.686911 4.527310
l 14038 14039
v -1.954563 1.256790 4.545103
v -1.960726 1.300987 4.522549
l 14040 14041
v -1.955680 1.252393 4.546860
v -1.993723 1.220176 4.543019
l 14042 14043
v -1.858253 1.849673 4.534197
v -1.899425 1.877284 4.527677
l 14044 14045
v -1.653330 1.448410 4.560100
v -1.619661 1.483940 4.570298
l 14046 14047
v -1.949570 1.464880 4.534910
v -1.951714 1.489920 4.491685
l 14048 14049
v -1.952090 1.463173 4.539223
v -1.995703 1.443132 4.553231
l 14050 14051
v -1.748783 1.748063 4.544490
v -1.784422 1.713230 4.548557
l 14052 14053
v -1.653343 1.443633 4.559987
v -1.620656 1.406703 4.568216
l 14054 14055
v -1.948367 1.466490 4.540960
v -1.937250 1.509248 4.564373
l 14056 14057
v -2.456937 1.550750 4.492370
v -2.420013 1.518026 4.500482
l 14058 14059
v -2.048163 1.648440 4.524683
v -2.044950 1.608044 4.495394
l 14060 14061
v -2.050563 1.650853 4.527947
v -2.088575 1.683324 4.527078
l 14062 14063
v -2.358047 1.054610 4.513720
v -2.392397 1.059081 4.477664
l 14064 14065
v -2.040937 1.559533 4.530523
v -2.069930 1.600257 4.531531
l 14066 14067
v -1.848447 1.556183 4.545347
v -1.811454 1.522711 4.548691
l 14068 14069
v -1.849260 1.249670 4.557060
v -1.882573 1.286047 4.548880
l 14070 14071
v -1.854760 1.343297 4.549300
v -1.850876 1.305349 4.516975
l 14072 14073
v -1.947063 1.045533 4.552827
v -1.973489 1.003340 4.557454
l 14074 14075
v -1.944917 1.048360 4.549150
v -1.911690 1.049836 4.511816
l 14076 14077
v -1.944023 1.048513 4.555650
v -1.901966 1.051525 4.582522
l 14078 14079
v -1.947357 1.050283 4.552753
v -1.984197 1.083818 4.557025
l 14080 14081
v -0.835296 -0.065568 2.134393
v -0.796603 -0.088614 2.156111
l 14082 14083
v -0.836390 -0.059527 2.132533
v -0.809499 -0.017407 2.134197
l 14084 14085
v -0.839402 -0.062941 2.134277
v -0.884333 -0.064335 2.156170
l 14086 14087
v -0.961600 -0.067627 2.039113
v -1.007208 -0.086183 2.047808
l 14088 14089
v -1.138477 -0.068731 2.098740
v -1.187125 -0.074353 2.088655
l 14090 14091
v -1.069787 -0.068436 2.032920
v -1.070348 -0.095082 1.990615
l 14092 14093
v -1.129443 -0.065936 2.076023
v -1.133548 -0.016669 2.083503
l 14094 14095
v -1.066633 -0.066968 2.037287
v -1.025020 -0.080306 2.061584
l 14096 14097
v -1.068903 -0.062638 2.034590
v -1.058739 -0.018925 2.012549
l 14098 14099
v -1.071317 -0.066118 2.036813
v -1.111405 -0.068588 2.066593
l 14100 14101
v -1.124657 -0.069258 1.959903
v -1.129568 -0.063721 2.009352
l 14102 14103
v -1.124003 -0.072964 1.956640
v -1.093244 -0.107953 1.938484
l 14104 14105
v -1.127373 -0.069583 1.955927
v -1.176222 -0.068824 1.945285
l 14106 14107
v -1.126763 -0.069261 2.072937
v -1.092761 -0.070500 2.036299
l 14108 14109
v -1.136530 -0.068343 2.105100
v -1.111342 -0.074717 2.147819
l 14110 14111
v -0.942208 -0.066409 2.148340
v -0.937964 -0.111258 2.170033
l 14112 14113
v -0.940150 -0.062744 2.145890
v -0.899607 -0.042937 2.124352
l 14114 14115
v -0.943793 -0.060895 2.150427
v -0.942332 -0.033687 2.192350
l 14116 14117
v 0.346680 0.451979 2.817777
v 0.373533 0.494153 2.818238
l 14118 14119
v -0.440292 -0.056229 2.177760
v -0.434060 -0.029955 2.135679
l 14120 14121
v -0.438469 -0.059499 2.180627
v -0.407270 -0.058852 2.219693
l 14122 14123
v -0.224417 -0.049287 2.439610
v -0.194378 -0.013817 2.421183
l 14124 14125
v -0.249052 -0.068256 1.853787
v -0.261821 -0.095862 1.893471
l 14126 14127
v 0.209718 0.349459 3.012063
v 0.251746 0.370527 2.995039
l 14128 14129
v 0.202399 0.655096 2.989973
v 0.204425 0.612213 2.964343
l 14130 14131
v 0.201905 0.660457 2.990587
v 0.198840 0.709362 2.980641
l 14132 14133
v 0.198010 0.656298 2.997237
v 0.148929 0.650877 3.005090
l 14134 14135
v 0.969161 -0.037427 2.726420
v 0.945275 -0.071424 2.698605
l 14136 14137
v 0.343897 0.449217 2.820940
v 0.303741 0.445603 2.850511
l 14138 14139
v 0.347339 0.447057 2.818070
v 0.385132 0.414705 2.823079
l 14140 14141
v 0.254575 0.739852 2.805830
v 0.254568 0.695847 2.782090
l 14142 14143
v 0.190669 0.656111 3.025640
v 0.169809 0.700939 3.033079
l 14144 14145
v 0.192475 0.653152 3.014237
v 0.150926 0.652505 2.986430
l 14146 14147
v 0.191163 0.650751 3.025027
v 0.208051 0.605918 3.039337
l 14148 14149
v 0.205173 0.599928 2.992887
v 0.216944 0.611019 2.945575
l 14150 14151
v 0.206872 0.600815 2.998230
v 0.239209 0.626805 3.026138
l 14152 14153
v 0.853142 0.145899 2.837510
v 0.893829 0.143985 2.866508
l 14154 14155
v 0.187648 0.728386 3.023000
v 0.171772 0.681648 3.030972
l 14156 14157
v 0.447015 0.543175 2.822007
v 0.480253 0.505833 2.821115
l 14158 14159
v 0.444788 0.545740 2.825397
v 0.406357 0.548018 2.857301
l 14160 14161
v 0.447208 0.547978 2.821897
v 0.483223 0.582570 2.819376
l 14162 14163
v 0.344848 -0.068815 1.674353
v 0.356095 -0.095688 1.714990
l 14164 14165
v 0.448463 0.244048 2.826777
v 0.447117 0.212433 2.788064
l 14166 14167
v 0.256247 0.647827 2.804073
v 0.254735 0.599186 2.792592
l 14168 14169
v 0.353586 0.650356 2.813053
v 0.385492 0.612068 2.817057
l 14170 14171
v 0.180100 0.649728 3.136930
v 0.178442 0.679527 3.096814
l 14172 14173
v 0.255566 0.558565 2.800303
v 0.285928 0.576128 2.764671
l 14174 14175
v 0.237490 0.288190 2.798763
v 0.241558 0.275546 2.750560
l 14176 14177
v 0.443970 0.446351 2.823853
v 0.404034 0.474972 2.833123
l 14178 14179
v 0.264993 0.250567 2.822657
v 0.305829 0.223068 2.831387
l 14180 14181
v 0.179783 0.650264 3.141743
v 0.173405 0.687855 3.174089
l 14182 14183
v 0.176958 0.647024 3.139453
v 0.151070 0.604357 3.142498
l 14184 14185
v 0.645148 0.349685 2.833250
v 0.633092 0.364761 2.787127
l 14186 14187
v 0.207411 0.437538 2.917133
v 0.201767 0.441377 2.966665
l 14188 14189
v 0.200499 0.083273 3.029337
v 0.162259 0.082474 2.997132
l 14190 14191
v 0.201283 0.086470 3.037197
v 0.197701 0.131649 3.058314
l 14192 14193
v 0.201694 0.079845 3.036873
v 0.197156 0.033880 3.056020
l 14194 14195
v 0.186966 0.214422 3.332823
v 0.194612 0.256598 3.307079
l 14196 14197
v 0.189691 0.210893 3.334777
v 0.217197 0.169683 3.328061
l 14198 14199
v 0.447321 0.146283 2.832460
v 0.479333 0.184676 2.833533
l 14200 14201
v 2.612297 1.791837 4.831720
v 2.649182 1.819716 4.850752
l 14202 14203
v 0.264144 0.150227 2.829923
v 0.249174 0.181588 2.865873
l 14204 14205
v 0.936832 -0.047218 2.015303
v 0.899567 -0.080190 2.020220
l 14206 14207
v 0.552013 0.448503 2.831343
v 0.592112 0.452515 2.860940
l 14208 14209
v 0.549576 0.445752 2.828303
v 0.515236 0.409639 2.832377
l 14210 14211
v 0.198601 0.476247 3.018663
v 0.151312 0.465692 3.006319
l 14212 14213
v 0.204451 0.472152 3.013253
v 0.239792 0.506334 3.004162
l 14214 14215
v 1.127080 -0.044958 1.747073
v 1.085925 -0.017819 1.738719
l 14216 14217
v 0.262426 0.552223 2.806143
v 0.300335 0.546555 2.774038
l 14218 14219
v 0.181690 0.653428 3.269703
v 0.213999 0.629897 3.299744
l 14220 14221
v 0.178384 0.653097 3.266330
v 0.178770 0.649651 3.216450
l 14222 14223
v 0.549174 0.343926 2.834313
v 0.543787 0.305794 2.866202
l 14224 14225
v 0.203616 0.349670 3.010347
v 0.178048 0.373074 2.974311
l 14226 14227
v 1.244363 0.036281 2.849063
v 1.196589 0.039982 2.863343
l 14228 14229
v 0.364173 -0.060596 1.861323
v 0.382136 -0.057762 1.814748
l 14230 14231
v 0.362840 -0.057460 1.864617
v 0.377904 -0.029045 1.902900
l 14232 14233
v 0.363155 -0.064112 1.864333
v 0.380985 -0.094123 1.900130
l 14234 14235
v 0.359828 -0.060884 1.863247
v 0.313031 -0.062352 1.845699
l 14236 14237
v 0.448742 0.446293 2.823340
v 0.485580 0.480037 2.825403
l 14238 14239
v 1.367200 0.451021 2.812767
v 1.408655 0.475140 2.826899
l 14240 14241
v 0.643066 0.347663 2.837927
v 0.600632 0.333202 2.860067
l 14242 14243
v 0.647657 0.347623 2.836713
v 0.684736 0.314141 2.838744
l 14244 14245
v 0.263770 -0.027769 2.818333
v 0.284028 -0.064033 2.790503
l 14246 14247
v -0.223710 -0.055855 2.439473
v -0.186902 -0.083341 2.419734
l 14248 14249
v 1.152537 0.034982 2.841843
v 1.166032 -0.012995 2.837843
l 14250 14251
v 0.851030 0.249593 2.833290
v 0.814346 0.283550 2.834388
l 14252 14253
v 1.069853 0.152241 2.796530
v 1.067219 0.189011 2.762751
l 14254 14255
v 0.349914 0.745395 2.804740
v 0.322975 0.744514 2.762627
l 14256 14257
v 0.351445 0.748084 2.808737
v 0.378715 0.788874 2.818354
l 14258 14259
v 1.048813 0.043621 2.835207
v 1.016963 0.010784 2.855388
l 14260 14261
v 0.645448 0.744017 2.827420
v 0.680435 0.708340 2.825678
l 14262 14263
v 0.642783 0.746394 2.830870
v 0.605872 0.743686 2.864489
l 14264 14265
v 0.645083 0.748819 2.827407
v 0.676774 0.787435 2.825281
l 14266 14267
v 1.141923 0.155958 2.789280
v 1.176011 0.190280 2.776627
l 14268 14269
v 1.094680 0.138837 2.804827
v 1.098208 0.130149 2.853939
l 14270 14271
v 0.636178 -0.046497 2.670037
v 0.611941 -0.079989 2.641914
l 14272 14273
v 0.260246 -0.024540 2.819150
v 0.245088 0.019185 2.800220
l 14274 14275
v 0.341851 -0.007085 2.844953
v 0.379751 0.016716 2.822658
l 14276 14277
v 0.246403 0.746002 2.804097
v 0.221435 0.757088 2.845974
l 14278 14279
v 2.598170 1.786453 4.818170
v 2.613275 1.793430 4.771019
l 14280 14281
v 0.732402 -0.048207 2.592137
v 0.740203 -0.038155 2.543783
l 14282 14283
v 0.576216 -0.044763 2.550793
v 0.587684 0.003571 2.545113
l 14284 14285
v 2.603087 1.793903 4.823187
v 2.617466 1.824720 4.786532
l 14286 14287
v 0.448529 0.242475 2.833243
v 0.447796 0.196603 2.853124
l 14288 14289
v 0.446119 0.245761 2.830643
v 0.410395 0.279669 2.839254
l 14290 14291
v 0.548766 0.141460 2.840733
v 0.538264 0.103806 2.871909
l 14292 14293
v 0.267435 0.648760 2.816373
v 0.295344 0.614774 2.840164
l 14294 14295
v 0.204962 0.150098 3.042683
v 0.244980 0.163497 3.069497
l 14296 14297
v 0.206784 0.142623 3.035023
v 0.234891 0.105486 3.053213
l 14298 14299
v 0.199874 0.465475 3.010713
v 0.157259 0.485947 2.994440
l 14300 14301
v 0.240738 0.559515 2.798107
v 0.208252 0.596643 2.789974
l 14302 14303
v 0.198531 0.148616 3.030843
v 0.158454 0.145153 3.001147
l 14304 14305
v 0.344775 -0.062195 1.673773
v 0.355349 -0.028419 1.709092
l 14306 14307
v 0.341783 -0.065695 1.672287
v 0.297430 -0.068196 1.649340
l 14308 14309
v 0.346704 -0.066832 1.746920
v 0.343617 -0.097667 1.707681
l 14310 14311
v 0.568774 -0.062847 1.748943
v 0.560084 -0.111382 1.740648
l 14312 14313
v 0.152350 -0.083793 0.944639
v 0.195435 -0.061943 0.931743
l 14314 14315
v 0.147984 -0.082281 0.949121
v 0.146402 -0.050411 0.987615
l 14316 14317
v 0.149946 -0.087193 0.947355
v 0.152123 -0.133846 0.965209
l 14318 14319
v 0.147522 -0.084021 0.944630
v 0.111398 -0.086050 0.910120
l 14320 14321
v -0.350665 -0.083792 1.248017
v -0.383691 -0.086407 1.285466
l 14322 14323
v -0.347699 -0.086874 1.245537
v -0.306204 -0.114765 1.246074
l 14324 14325
v -0.348270 -0.080278 1.245493
v -0.312189 -0.045664 1.245628
l 14326 14327
v -0.350621 -0.083820 1.243173
v -0.384531 -0.086997 1.206567
l 14328 14329
v 0.347128 -0.060205 1.746877
v 0.347961 -0.029733 1.707244
l 14330 14331
v 0.344600 -0.063354 1.749550
v 0.309357 -0.060869 1.784930
l 14332 14333
v 0.194087 0.978852 2.767857
v 0.177471 0.966238 2.722417
l 14334 14335
v 0.229184 0.958451 2.770860
v 0.261842 0.994766 2.760150
l 14336 14337
v 0.238440 -0.083159 1.049583
v 0.189824 -0.082452 1.061243
l 14338 14339
v -0.146757 -0.087598 1.041697
v -0.134925 -0.109829 0.998501
l 14340 14341
v -0.049827 -0.084386 0.942403
v -0.091761 -0.073138 0.967203
l 14342 14343
v -0.148468 -0.083714 1.146860
v -0.190340 -0.084841 1.119557
l 14344 14345
v -0.523232 -0.098081 0.757297
v -0.474818 -0.094854 0.769365
l 14346 14347
v -0.526828 -0.101636 0.756149
v -0.540230 -0.141888 0.729689
l 14348 14349
v -0.526957 -0.095317 0.754979
v -0.541750 -0.067755 0.715972
l 14350 14351
v -0.527852 -0.097817 0.759236
v -0.549675 -0.090065 0.803549
l 14352 14353
v 0.525595 -0.063753 1.661213
v 0.546370 -0.068568 1.615989
l 14354 14355
v -0.445464 -0.098688 0.673777
v -0.477513 -0.085422 0.709789
l 14356 14357
v -0.428264 -0.101634 0.626578
v -0.380258 -0.115162 0.623051
l 14358 14359
v -0.044636 -0.095068 0.553576
v -0.053170 -0.050066 0.533527
l 14360 14361
v 0.249523 -0.097321 0.538958
v 0.262287 -0.122979 0.497985
l 14362 14363
v 0.244896 -0.096104 0.542457
v 0.199261 -0.114495 0.551357
l 14364 14365
v 0.249703 -0.095525 0.543592
v 0.279209 -0.098968 0.583811
l 14366 14367
v -0.047456 -0.099264 0.443094
v -0.029919 -0.054919 0.428062
l 14368 14369
v -0.081178 0.119853 0.288161
v -0.051263 0.135759 0.324931
l 14370 14371
v -0.085552 0.120981 0.285886
v -0.134319 0.130562 0.291360
l 14372 14373
v -0.082345 0.115301 0.285733
v -0.097793 0.068172 0.292076
l 14374 14375
v 0.650636 -0.073124 1.158557
v 0.631639 -0.057940 1.202244
l 14376 14377
v 0.159059 -0.082218 1.039827
v 0.205341 -0.063342 1.041126
l 14378 14379
v 0.048576 -0.096299 0.542139
v 0.017574 -0.077589 0.507660
l 14380 14381
v 0.050520 -0.100040 0.544762
v 0.066777 -0.147038 0.539579
l 14382 14383
v -0.150644 -0.087792 1.045887
v -0.193205 -0.110467 1.059092
l 14384 14385
v 0.051507 -0.088855 0.851088
v 0.064257 -0.069478 0.895382
l 14386 14387
v 0.042087 -0.086935 0.940351
v 0.079085 -0.086145 0.906728
l 14388 14389
v 0.248547 -0.084375 0.851234
v 0.251353 -0.055407 0.891890
l 14390 14391
v 0.250899 -0.087403 0.848279
v 0.282598 -0.083257 0.809834
l 14392 14393
v 0.058438 -0.088421 1.040077
v 0.090213 -0.126696 1.035047
l 14394 14395
v 0.050316 -0.091505 0.649091
v 0.052974 -0.057821 0.685946
l 14396 14397
v 0.050301 -0.098131 0.649693
v 0.052827 -0.124634 0.692016
l 14398 14399
v -0.046808 -0.099721 0.555392
v -0.088913 -0.118382 0.574859
l 14400 14401
v -0.046986 -0.087832 0.940752
v -0.047359 -0.137826 0.941467
l 14402 14403
v -0.046035 -0.078181 1.345697
v -0.084232 -0.078609 1.313435
l 14404 14405
v 0.146606 -0.105044 0.437164
v 0.169775 -0.139523 0.464992
l 14406 14407
v -0.046278 -0.106298 0.342417
v -0.007137 -0.092805 0.314383
l 14408 14409
v -0.049009 -0.110677 0.344015
v -0.046991 -0.159307 0.355466
l 14410 14411
v -0.051153 -0.106337 0.343111
v -0.091934 -0.089474 0.319605
l 14412 14413
v -0.045120 -0.104833 0.444441
v 0.000026 -0.126304 0.445339
l 14414 14415
v -0.049690 -0.104027 0.441488
v -0.076173 -0.124167 0.404165
l 14416 14417
v 0.264805 -0.097672 0.390060
v 0.241332 -0.055153 0.401941
l 14418 14419
v 0.264404 -0.102876 0.390505
v 0.249286 -0.142993 0.416236
l 14420 14421
v 0.411272 -0.091899 0.588060
v 0.460606 -0.100005 0.587395
l 14422 14423
v 0.406579 -0.093965 0.590091
v 0.386231 -0.122796 0.625513
l 14424 14425
v 0.544923 -0.079912 0.948963
v 0.546812 -0.055649 0.992641
l 14426 14427
v 0.546054 -0.085164 0.946524
v 0.556156 -0.131967 0.960924
l 14428 14429
v 0.548011 -0.080772 0.944000
v 0.587516 -0.061279 0.920351
l 14430 14431
v 0.543190 -0.081606 0.944672
v 0.501095 -0.078240 0.917901
l 14432 14433
v 0.346245 -0.085530 0.952731
v 0.310764 -0.104967 0.923348
l 14434 14435
v 0.348214 -0.080808 0.954733
v 0.340679 -0.031655 0.959953
l 14436 14437
v 0.351382 -0.084831 0.953569
v 0.396244 -0.095300 0.934133
l 14438 14439
v 0.349150 -0.082878 1.039017
v 0.348004 -0.132864 1.039308
l 14440 14441
v 0.346826 -0.079464 1.036687
v 0.345726 -0.051069 0.995546
l 14442 14443
v 0.351684 -0.079549 1.041247
v 0.393327 -0.051893 1.040233
l 14444 14445
v 0.346925 -0.079438 1.041450
v 0.312738 -0.077833 1.077901
l 14446 14447
v 0.720617 -0.076099 1.056250
v 0.766121 -0.074473 1.076909
l 14448 14449
v 0.228971 0.953468 2.771573
v 0.259598 0.913946 2.771516
l 14450 14451
v 0.643810 -0.062482 1.465497
v 0.645557 -0.027025 1.500707
l 14452 14453
v 0.242787 -0.086167 1.048470
v 0.257975 -0.132561 1.037656
l 14454 14455
v 0.243637 -0.081965 1.051757
v 0.266015 -0.064924 1.093095
l 14456 14457
v 0.233475 -0.073459 1.521763
v 0.200166 -0.104707 1.542113
l 14458 14459
v 0.236548 -0.069851 1.522570
v 0.283699 -0.065598 1.538653
l 14460 14461
v 0.234342 -0.070235 1.518370
v 0.248715 -0.071775 1.470505
l 14462 14463
v 0.156554 -0.087982 1.039807
v 0.174327 -0.134704 1.040886
l 14464 14465
v 0.154774 -0.083791 1.042327
v 0.125038 -0.071000 1.080434
l 14466 14467
v 0.154941 -0.083846 1.037160
v 0.127249 -0.071673 0.997348
l 14468 14469
v 0.448453 -0.078893 1.153740
v 0.408753 -0.078149 1.184127
l 14470 14471
v 0.151270 -0.079839 1.362973
v 0.183855 -0.117731 1.361401
l 14472 14473
v 0.256289 -0.081948 0.947413
v 0.294945 -0.050565 0.951984
l 14474 14475
v -0.256738 -0.079733 1.241330
v -0.218791 -0.047382 1.244996
l 14476 14477
v 0.256617 -0.088604 0.947502
v 0.298161 -0.115907 0.952857
l 14478 14479
v 0.549381 -0.080443 0.849553
v 0.586229 -0.047043 0.854713
l 14480 14481
v -0.623456 -0.096470 0.876937
v -0.648605 -0.099751 0.920027
l 14482 14483
v -0.674352 -0.076030 1.449043
v -0.711830 -0.042972 1.450646
l 14484 14485
v -0.041382 -0.071173 1.529083
v 0.003305 -0.049691 1.522629
l 14486 14487
v -0.345259 -0.075762 1.566660
v -0.392503 -0.089142 1.557224
l 14488 14489
v -0.349394 -0.085981 1.150147
v -0.315897 -0.068447 1.182866
l 14490 14491
v -0.636348 -0.092732 0.950701
v -0.591759 -0.076043 0.965972
l 14492 14493
v -0.654022 -0.091356 1.044857
v -0.604651 -0.086728 1.038444
l 14494 14495
v -0.638947 -0.097355 0.948872
v -0.631988 -0.143904 0.931998
l 14496 14497
v -0.640273 -0.091898 0.946781
v -0.650159 -0.069158 0.903363
l 14498 14499
v -0.641159 -0.093670 0.951305
v -0.675727 -0.088382 0.987042
l 14500 14501
v -0.449290 -0.095918 0.840640
v -0.470738 -0.103812 0.796168
l 14502 14503
v -0.446066 -0.092834 0.843462
v -0.416832 -0.052271 0.843350
l 14504 14505
v -0.445401 -0.098711 0.844185
v -0.410493 -0.134499 0.843395
l 14506 14507
v -0.449817 -0.089797 1.042227
v -0.416051 -0.093072 1.078957
l 14508 14509
v -0.658094 -0.089104 1.043297
v -0.687744 -0.063440 1.012276
l 14510 14511
v -0.657321 -0.094986 1.045007
v -0.677771 -0.139355 1.034369
l 14512 14513
v -0.657269 -0.090728 1.048480
v -0.668573 -0.078506 1.095627
l 14514 14515
v -0.545112 -0.087756 1.159800
v -0.578846 -0.088534 1.122903
l 14516 14517
v -0.440845 -0.099099 0.672124
v -0.394690 -0.099869 0.691335
l 14518 14519
v -0.347892 -0.097611 0.842574
v -0.349046 -0.126106 0.801505
l 14520 14521
v -0.433515 -0.103573 0.624582
v -0.452542 -0.134750 0.590436
l 14522 14523
v -0.348141 -0.100584 0.628880
v -0.377489 -0.094673 0.668926
l 14524 14525
v -0.431218 -0.101531 0.641434
v -0.385333 -0.116202 0.654825
l 14526 14527
v -0.503043 -0.096939 0.691441
v -0.498702 -0.053842 0.666465
l 14528 14529
v -0.346036 -0.104303 0.626516
v -0.308388 -0.137205 0.626290
l 14530 14531
v -0.345641 -0.097702 0.625832
v -0.304376 -0.070222 0.619342
l 14532 14533
v -0.247434 -0.096022 0.646916
v -0.280165 -0.071985 0.617747
l 14534 14535
v -0.246712 -0.102567 0.647745
v -0.272719 -0.139492 0.626294
l 14536 14537
v -0.246750 -0.098809 0.650884
v -0.246117 -0.092460 0.700476
l 14538 14539
v -0.444712 -0.096036 0.655965
v -0.477469 -0.059012 0.648471
l 14540 14541
v -0.436168 -0.094131 0.643400
v -0.449951 -0.047019 0.633891
l 14542 14543
v -0.348429 -0.102515 0.672883
v -0.322206 -0.099450 0.715345
l 14544 14545
v -0.347429 -0.102909 0.668175
v -0.336587 -0.134687 0.631126
l 14546 14547
v -0.350222 -0.094358 0.845116
v -0.384386 -0.095536 0.881606
l 14548 14549
v -0.348002 -0.090947 0.842687
v -0.350114 -0.061137 0.802600
l 14550 14551
v -0.442226 -0.100026 0.747721
v -0.405387 -0.132043 0.736865
l 14552 14553
v 0.250539 -0.067784 1.652397
v 0.223488 -0.060684 1.693843
l 14554 14555
v -0.254496 -0.076714 1.464997
v -0.210508 -0.058090 1.450224
l 14556 14557
v -0.443506 -0.094620 0.748339
v -0.422252 -0.049742 0.754190
l 14558 14559
v -0.458818 -0.088443 1.247123
v -0.463482 -0.128012 1.216916
l 14560 14561
v -0.549391 -0.077940 1.352957
v -0.544524 -0.049634 1.312028
l 14562 14563
v -0.547303 -0.081186 1.355720
v -0.516397 -0.079908 1.395003
l 14564 14565
v -0.549319 -0.084603 1.353117
v -0.543823 -0.114723 1.313587
l 14566 14567
v 0.149356 -0.075903 1.365663
v 0.127703 -0.067084 1.409860
l 14568 14569
v 0.148495 -0.076447 1.360937
v 0.108407 -0.075534 1.331068
l 14570 14571
v 0.548051 0.247827 2.835387
v 0.585214 0.214390 2.834464
l 14572 14573
v -0.336574 -0.075052 1.653977
v -0.296463 -0.104370 1.659595
l 14574 14575
v -0.336587 -0.068394 1.653727
v -0.296597 -0.038574 1.657121
l 14576 14577
v -0.338751 -0.071825 1.651270
v -0.369680 -0.073362 1.612014
l 14578 14579
v -0.258876 -0.083163 1.238903
v -0.291031 -0.084646 1.200643
l 14580 14581
v -0.256368 -0.086373 1.241277
v -0.215062 -0.114368 1.244455
l 14582 14583
v -0.259278 -0.083223 1.243600
v -0.295119 -0.085498 1.278388
l 14584 14585
v -0.351243 -0.090604 1.147953
v -0.341906 -0.138459 1.136875
l 14586 14587
v -0.351304 -0.085188 1.145113
v -0.342716 -0.066921 1.099369
l 14588 14589
v -0.354288 -0.086660 1.148957
v -0.399716 -0.077361 1.167659
l 14590 14591
v -0.253266 -0.067998 1.769210
v -0.265560 -0.062477 1.817360
l 14592 14593
v -0.334245 -0.074971 1.466800
v -0.293014 -0.047279 1.472566
l 14594 14595
v -0.337216 -0.078109 1.468697
v -0.377544 -0.075377 1.498128
l 14596 14597
v -0.446046 -0.091161 1.144190
v -0.462624 -0.130615 1.170047
l 14598 14599
v -0.444935 -0.084998 1.145920
v -0.450100 -0.061131 1.189552
l 14600 14601
v -0.447321 -0.086793 1.141650
v -0.478578 -0.071125 1.105908
l 14602 14603
v -0.442835 -0.087925 1.142800
v -0.398991 -0.089091 1.118792
l 14604 14605
v -0.353714 -0.080594 1.350223
v -0.388485 -0.076038 1.385863
l 14606 14607
v -0.651134 -0.070592 1.738573
v -0.693060 -0.071803 1.711356
l 14608 14609
v -0.441464 -0.073800 1.642753
v -0.448347 -0.122224 1.653130
l 14610 14611
v -0.911470 -0.088631 1.284310
v -0.910136 -0.096635 1.333647
l 14612 14613
v -0.913786 -0.090607 1.279460
v -0.943551 -0.126418 1.261251
l 14614 14615
v -0.912353 -0.085807 1.280200
v -0.927098 -0.039514 1.268385
l 14616 14617
v -0.646505 -0.088324 1.162860
v -0.614434 -0.083114 1.200864
l 14618 14619
v -0.648477 -0.082366 1.245273
v -0.645542 -0.052892 1.204991
l 14620 14621
v -0.646266 -0.088780 1.158140
v -0.609465 -0.090481 1.124335
l 14622 14623
v -0.648711 -0.091992 1.160643
v -0.687366 -0.123686 1.161749
l 14624 14625
v 0.056437 -0.079302 1.245653
v 0.095166 -0.078292 1.277261
l 14626 14627
v -0.442875 -0.070710 1.639307
v -0.453167 -0.054190 1.593250
l 14628 14629
v -0.457158 -0.082741 1.247100
v -0.449147 -0.046643 1.213443
l 14630 14631
v -0.257871 -0.077373 1.469233
v -0.270631 -0.055668 1.512432
l 14632 14633
v -0.352357 -0.083988 1.347050
v -0.356326 -0.129095 1.325846
l 14634 14635
v -0.149027 -0.080658 1.436920
v -0.130475 -0.124509 1.421659
l 14636 14637
v -0.151737 -0.076091 1.435207
v -0.179874 -0.059494 1.397354
l 14638 14639
v -0.150708 -0.077212 1.439680
v -0.175277 -0.075466 1.483192
l 14640 14641
v -0.348889 -0.080934 1.350043
v -0.301079 -0.073752 1.362797
l 14642 14643
v -0.352851 -0.078630 1.345883
v -0.351784 -0.044264 1.309581
l 14644 14645
v 0.440582 -0.069435 1.460813
v 0.415255 -0.066680 1.417790
l 14646 14647
v 0.142274 -0.064905 1.660530
v 0.102686 -0.048338 1.634872
l 14648 14649
v -0.043363 -0.081484 1.347857
v -0.039545 -0.111943 1.387324
l 14650 14651
v 0.248508 -0.068943 1.443313
v 0.251944 -0.037835 1.482307
l 14652 14653
v 0.243242 -0.069491 1.439263
v 0.200919 -0.043138 1.443048
l 14654 14655
v 0.246093 -0.072555 1.441457
v 0.249198 -0.122385 1.444162
l 14656 14657
v 0.247910 -0.069234 1.438647
v 0.278390 -0.069242 1.399011
l 14658 14659
v 0.147664 -0.075918 1.459490
v 0.154963 -0.100986 1.502132
l 14660 14661
v 0.145500 -0.072028 1.457170
v 0.148129 -0.022098 1.457442
l 14662 14663
v 0.147145 -0.075864 1.454633
v 0.176101 -0.083624 1.414617
l 14664 14665
v 0.245481 -0.073052 1.342080
v 0.234183 -0.047479 1.300626
l 14666 14667
v 0.144111 -0.079917 1.249163
v 0.138089 -0.129350 1.253657
l 14668 14669
v 0.354323 -0.070560 1.538473
v 0.394379 -0.089134 1.561937
l 14670 14671
v 0.648181 -0.073228 1.152617
v 0.603713 -0.059119 1.134629
l 14672 14673
v 0.652919 -0.071597 1.154110
v 0.693384 -0.047749 1.136966
l 14674 14675
v 0.245392 -0.075107 1.346430
v 0.216578 -0.072142 1.387185
l 14676 14677
v 0.146219 -0.076091 1.251730
v 0.145742 -0.049068 1.293796
l 14678 14679
v 0.142025 -0.076042 1.246650
v 0.100874 -0.048562 1.239477
l 14680 14681
v 0.146711 -0.076576 1.247047
v 0.185270 -0.076468 1.215216
l 14682 14683
v 0.540568 -0.071305 1.358733
v 0.581210 -0.070545 1.387849
l 14684 14685
v 0.354484 -0.068760 1.426357
v 0.390432 -0.038640 1.443693
l 14686 14687
v 0.734327 -0.061222 1.545627
v 0.696870 -0.039692 1.570795
l 14688 14689
v 0.349671 -0.072508 1.341427
v 0.366525 -0.025778 1.347106
l 14690 14691
v 0.350867 -0.077020 1.338960
v 0.367303 -0.099616 1.297495
l 14692 14693
v 0.524129 -0.060104 1.664050
v 0.488316 -0.026648 1.673956
l 14694 14695
v 0.444306 -0.067143 1.462767
v 0.482863 -0.036726 1.472156
l 14696 14697
v 0.753175 -0.067181 1.347087
v 0.794278 -0.066843 1.375554
l 14698 14699
v 1.152503 0.812923 2.778467
v 1.121388 0.845827 2.799661
l 14700 14701
v 0.848150 0.745339 2.820413
v 0.878986 0.754846 2.858607
l 14702 14703
v 0.644841 0.545218 2.832393
v 0.682895 0.512818 2.830931
l 14704 14705
v 0.641958 0.547372 2.829173
v 0.601356 0.543112 2.800306
l 14706 14707
v 0.781130 -0.050936 1.971200
v 0.814384 -0.081474 1.992686
l 14708 14709
v 0.781232 -0.044398 1.970507
v 0.815487 -0.011072 1.985204
l 14710 14711
v 0.777461 -0.047493 1.971943
v 0.732430 -0.044508 1.993466
l 14712 14713
v 0.568625 1.495243 4.713390
v 0.555617 1.451815 4.734479
l 14714 14715
v 1.544380 1.750837 4.863533
v 1.532586 1.793032 4.887626
l 14716 14717
v 1.549240 1.747450 4.862197
v 1.593924 1.740717 4.883598
l 14718 14719
v 1.546653 1.749003 4.858210
v 1.547579 1.768500 4.812177
l 14720 14721
v 1.544607 1.746450 4.861680
v 1.516454 1.705187 4.863868
l 14722 14723
v 0.087883 0.781821 4.544653
v 0.118758 0.779342 4.583903
l 14724 14725
v 0.084298 0.784867 4.542007
v 0.060516 0.828835 4.540892
l 14726 14727
v -0.043476 0.714081 4.685340
v -0.018974 0.745756 4.655402
l 14728 14729
v -0.048356 0.711944 4.686713
v -0.095910 0.708075 4.671756
l 14730 14731
v 0.071734 1.259350 4.161250
v 0.052584 1.214364 4.150787
l 14732 14733
v 0.133791 1.252580 4.224473
v 0.154314 1.223739 4.259786
l 14734 14735
v 2.224497 0.349172 3.509647
v 2.223523 0.308443 3.538633
l 14736 14737
v 1.356070 1.948687 4.830977
v 1.350484 1.908450 4.860129
l 14738 14739
v 1.019407 1.545570 4.769070
v 1.066849 1.561247 4.767201
l 14740 14741
v 0.555416 1.544483 4.710853
v 0.527198 1.571641 4.741937
l 14742 14743
v 0.753745 1.664770 4.731683
v 0.784442 1.626679 4.742018
l 14744 14745
v 0.607658 1.593963 4.700693
v 0.572614 1.614263 4.730016
l 14746 14747
v 0.572272 1.499650 4.713033
v 0.614712 1.514271 4.735059
l 14748 14749
v 0.570038 1.498213 4.708697
v 0.576518 1.488909 4.659999
l 14750 14751
v 0.567372 1.500703 4.712180
v 0.529810 1.532504 4.720998
l 14752 14753
v 0.560775 1.652407 4.702123
v 0.595328 1.652669 4.738263
l 14754 14755
v 0.951410 1.553600 4.743830
v 0.970305 1.532564 4.702594
l 14756 14757
v 0.561008 1.543107 4.709840
v 0.606934 1.552037 4.727477
l 14758 14759
v 0.556930 1.539107 4.709633
v 0.547681 1.491789 4.722880
l 14760 14761
v 0.557331 1.542933 4.706653
v 0.550770 1.552137 4.657948
l 14762 14763
v 0.612365 1.595073 4.694247
v 0.629973 1.591876 4.647559
l 14764 14765
v 0.547842 1.656407 4.704937
v 0.505347 1.630134 4.706910
l 14766 14767
v 1.853973 1.636793 4.795897
v 1.878388 1.608981 4.762275
l 14768 14769
v 1.928873 1.577137 4.796630
v 1.945062 1.538490 4.769347
l 14770 14771
v 1.558153 0.062391 2.857740
v 1.565730 0.079355 2.904160
l 14772 14773
v 0.976368 1.498900 4.747290
v 0.942187 1.530889 4.764850
l 14774 14775
v 0.978731 1.496997 4.742897
v 0.980801 1.499755 4.693016
l 14776 14777
v 0.977089 1.492993 4.746993
v 0.950904 1.450613 4.751272
l 14778 14779
v 0.980436 1.496390 4.747320
v 1.025065 1.500724 4.769443
l 14780 14781
v 1.744003 0.450663 2.892263
v 1.777537 0.416111 2.905741
l 14782 14783
v 1.657800 0.151258 2.898330
v 1.635460 0.133337 2.939315
l 14784 14785
v 1.555520 0.059613 2.854263
v 1.524154 0.020783 2.851367
l 14786 14787
v 1.646890 0.348031 2.892753
v 1.621184 0.356529 2.934789
l 14788 14789
v 1.663097 0.160846 2.898030
v 1.640603 0.205270 2.902566
l 14790 14791
v 2.238500 0.351233 3.262217
v 2.218364 0.313472 3.236359
l 14792 14793
v 2.238557 0.353859 3.267017
v 2.220030 0.356548 3.313380
l 14794 14795
v 1.852473 0.030526 2.868787
v 1.841008 0.010525 2.824419
l 14796 14797
v 1.856333 0.034778 2.879007
v 1.904290 0.023337 2.887331
l 14798 14799
v 1.739950 0.451950 2.889610
v 1.725780 0.455507 2.841792
l 14800 14801
v 2.239457 0.356618 3.262287
v 2.227354 0.399239 3.239113
l 14802 14803
v 1.727940 0.130261 2.901233
v 1.696162 0.114842 2.936623
l 14804 14805
v 1.749323 0.821726 2.886587
v 1.767637 0.813764 2.840748
l 14806 14807
v 1.738003 0.126012 2.901480
v 1.763070 0.089789 2.925134
l 14808 14809
v 1.646337 0.347363 2.887050
v 1.612366 0.351624 2.850611
l 14810 14811
v 1.649603 0.343922 2.889743
v 1.664771 0.296454 2.893831
l 14812 14813
v 1.735577 0.557208 2.888133
v 1.765393 0.597320 2.886712
l 14814 14815
v 2.226060 0.754487 3.350670
v 2.191173 0.790270 3.352243
l 14816 14817
v 2.232640 0.755319 3.351240
v 2.256829 0.798557 3.357974
l 14818 14819
v 2.229857 0.752735 3.348283
v 2.237025 0.723236 3.308554
l 14820 14821
v 1.323647 0.554416 2.789103
v 1.343333 0.563326 2.834193
l 14822 14823
v 1.322220 0.556230 2.784867
v 1.281855 0.580067 2.767475
l 14824 14825
v 1.545073 0.450553 2.862463
v 1.501183 0.451834 2.886379
l 14826 14827
v 1.547433 0.451843 2.856987
v 1.528521 0.452197 2.810703
l 14828 14829
v 1.549387 0.449567 2.860693
v 1.582899 0.412917 2.866497
l 14830 14831
v 1.646900 0.448198 2.887350
v 1.603968 0.424215 2.878313
l 14832 14833
v 1.450557 0.543761 2.833133
v 1.462003 0.496254 2.843719
l 14834 14835
v 1.451117 0.548607 2.832873
v 1.486588 0.582041 2.844003
l 14836 14837
v 2.111120 0.910535 3.241657
v 2.100608 0.938092 3.282032
l 14838 14839
v 2.109607 0.909790 3.236153
v 2.078549 0.927408 3.201153
l 14840 14841
v 2.113940 0.908527 3.238143
v 2.162149 0.908571 3.224881
l 14842 14843
v 1.851233 0.846333 2.920617
v 1.829104 0.890042 2.910626
l 14844 14845
v 1.851057 0.841545 2.920337
v 1.829761 0.804607 2.946453
l 14846 14847
v 1.855433 0.843784 2.920437
v 1.897853 0.840681 2.946723
l 14848 14849
v 1.646637 0.558017 2.885343
v 1.682323 0.592297 2.892513
l 14850 14851
v 1.742057 0.081027 2.899860
v 1.770979 0.044540 2.918086
l 14852 14853
v 1.677530 0.162059 2.905103
v 1.705694 0.145869 2.943112
l 14854 14855
v 1.322400 0.151005 2.796503
v 1.357954 0.185952 2.792677
l 14856 14857
v 1.730333 0.061524 2.884933
v 1.777631 0.045335 2.885861
l 14858 14859
v 1.726087 0.062466 2.887953
v 1.707180 0.071229 2.933404
l 14860 14861
v 1.725533 0.060572 2.883120
v 1.699495 0.026770 2.857053
l 14862 14863
v 1.669510 0.152130 2.901467
v 1.680650 0.120537 2.938585
l 14864 14865
v 1.675893 0.166254 2.902293
v 1.660606 0.213414 2.908792
l 14866 14867
v 1.727543 0.341681 2.890640
v 1.682355 0.346078 2.869695
l 14868 14869
v 0.888526 -0.047612 2.522473
v 0.870913 -0.055076 2.476277
l 14870 14871
v 1.676970 0.420070 2.901107
v 1.724060 0.434215 2.910187
l 14872 14873
v 1.673890 0.419379 2.897177
v 1.650042 0.438163 2.857447
l 14874 14875
v 1.672577 0.419660 2.903550
v 1.635339 0.441324 2.928927
l 14876 14877
v 1.328643 -0.018140 2.876550
v 1.304409 -0.050387 2.847006
l 14878 14879
v 1.331990 -0.017206 2.879733
v 1.381876 -0.014001 2.878689
l 14880 14881
v 1.666503 0.259199 2.903460
v 1.683188 0.292023 2.937285
l 14882 14883
v 2.224377 0.354116 3.510300
v 2.221661 0.386823 3.548021
l 14884 14885
v 1.729167 0.341801 2.897057
v 1.699328 0.347357 2.936791
l 14886 14887
v 1.731223 0.343995 2.893080
v 1.766023 0.378631 2.883630
l 14888 14889
v 1.730657 0.339283 2.893313
v 1.760144 0.299466 2.886596
l 14890 14891
v 1.733347 0.554804 2.891543
v 1.695885 0.549602 2.924247
l 14892 14893
v 1.643627 0.555685 2.888137
v 1.620098 0.539373 2.929128
l 14894 14895
v 0.861219 -0.043719 2.650933
v 0.910101 -0.051363 2.643710
l 14896 14897
v 1.247740 0.145492 2.768667
v 1.234187 0.193588 2.766916
l 14898 14899
v 1.655753 0.259220 2.901263
v 1.627041 0.251022 2.941368
l 14900 14901
v 1.146477 0.353169 2.788467
v 1.163206 0.391071 2.816460
l 14902 14903
v 1.139627 -0.038940 2.203023
v 1.123314 0.004139 2.183580
l 14904 14905
v 1.143483 -0.042263 2.203430
v 1.190457 -0.053701 2.190676
l 14906 14907
v 1.138063 -0.044748 2.202473
v 1.114967 -0.075465 2.170489
l 14908 14909
v 1.139677 -0.042403 2.206313
v 1.132182 -0.045061 2.255677
l 14910 14911
v 1.037267 0.444914 2.801337
v 1.034302 0.395306 2.806833
l 14912 14913
v 1.145423 0.252630 2.790383
v 1.101834 0.259800 2.813805
l 14914 14915
v 1.209420 -0.033889 2.526723
v 1.179249 -0.032801 2.566580
l 14916 14917
v 0.922584 -0.049383 2.539280
v 0.944456 -0.068082 2.498390
l 14918 14919
v 1.381460 -0.024956 2.755943
v 1.343501 -0.057497 2.755501
l 14920 14921
v 1.381940 -0.018677 2.755227
v 1.349291 0.018255 2.746854
l 14922 14923
v 1.729533 0.142850 2.891843
v 1.765686 0.176670 2.884825
l 14924 14925
v 1.734500 0.137182 2.901240
v 1.771792 0.169276 2.910146
l 14926 14927
v 1.664290 0.249963 2.899177
v 1.644143 0.204920 2.907253
l 14928 14929
v 1.675040 0.249941 2.901373
v 1.722294 0.237977 2.912504
l 14930 14931
v 1.113097 -0.031599 2.633517
v 1.120409 0.013979 2.614303
l 14932 14933
v 1.353377 0.054361 2.841357
v 1.313714 0.034872 2.864746
l 14934 14935
v 1.355617 0.054190 2.836803
v 1.352396 0.062042 2.787529
l 14936 14937
v 1.358257 0.053790 2.840947
v 1.393658 0.023743 2.859492
l 14938 14939
v 1.127193 0.146116 2.787433
v 1.138646 0.101541 2.767890
l 14940 14941
v 1.127983 0.151332 2.787170
v 1.105249 0.183187 2.756051
l 14942 14943
v 1.733037 0.131680 2.892083
v 1.729178 0.104086 2.850566
l 14944 14945
v 1.752803 0.218091 2.901207
v 1.799241 0.235317 2.908049
l 14946 14947
v 1.668997 0.155839 2.891377
v 1.700493 0.143470 2.854567
l 14948 14949
v 1.450930 0.111871 2.834113
v 1.456981 0.066477 2.854183
l 14950 14951
v 1.663700 0.146250 2.891677
v 1.694515 0.120504 2.861885
l 14952 14953
v 1.736250 0.552526 2.888160
v 1.772307 0.517897 2.887330
l 14954 14955
v 1.733127 0.554733 2.884933
v 1.693562 0.548872 2.854928
l 14956 14957
v 0.758037 0.650657 2.825850
v 0.794964 0.656425 2.859064
l 14958 14959
v 1.249300 0.142173 2.765520
v 1.261708 0.121342 2.721792
l 14960 14961
v 1.454620 0.454597 2.831600
v 1.459333 0.492905 2.799815
l 14962 14963
v 1.453370 0.455007 2.838130
v 1.446958 0.496973 2.864545
l 14964 14965
v 1.451743 0.452273 2.834593
v 1.417451 0.416140 2.830301
l 14966 14967
v 1.550283 0.361347 2.860513
v 1.558324 0.401986 2.832516
l 14968 14969
v 1.547063 0.358725 2.863000
v 1.511811 0.324906 2.852347
l 14970 14971
v 1.551717 0.358673 2.864260
v 1.586539 0.323762 2.872546
l 14972 14973
v 1.649430 0.449683 2.891270
v 1.673859 0.442043 2.934222
l 14974 14975
v 1.651160 0.448927 2.885057
v 1.693562 0.433446 2.863552
l 14976 14977
v 0.851293 -0.021555 2.841017
v 0.886243 -0.037533 2.873004
l 14978 14979
v 1.749200 0.214923 2.901383
v 1.745073 0.165293 2.905838
l 14980 14981
v 1.731423 0.249116 2.894040
v 1.698121 0.284860 2.883394
l 14982 14983
v 1.451393 0.353277 2.841057
v 1.486358 0.319921 2.853897
l 14984 14985
v 1.743190 0.088625 2.902567
v 1.753247 0.136610 2.912377
l 14986 14987
v 1.556160 0.064399 2.852410
v 1.538708 0.106550 2.831947
l 14988 14989
v 0.945132 0.348242 2.818097
v 0.979391 0.312404 2.811620
l 14990 14991
v 0.950367 0.657478 2.808347
v 0.911647 0.687884 2.817079
l 14992 14993
v 0.954270 0.655344 2.810863
v 0.995174 0.661578 2.838934
l 14994 14995
v 0.953282 0.655930 2.804443
v 0.984100 0.668148 2.767014
l 14996 14997
v 0.951510 0.652727 2.807737
v 0.927694 0.608765 2.807391
l 14998 14999
v 1.333470 0.085709 2.792640
v 1.359842 0.127588 2.785523
l 15000 15001
v 1.154083 0.084011 2.780167
v 1.198453 0.087391 2.757366
l 15002 15003
v 1.149237 0.082958 2.779010
v 1.108737 0.095291 2.752407
l 15004 15005
v 1.151803 0.085670 2.784407
v 1.136811 0.124952 2.811465
l 15006 15007
v 1.151387 0.081088 2.782917
v 1.156369 0.035723 2.803343
l 15008 15009
v 1.253360 -0.021943 2.789327
v 1.262826 -0.012802 2.741090
l 15010 15011
v 1.260070 -0.032054 2.661580
v 1.269656 -0.070012 2.630478
l 15012 15013
v 1.254607 -0.029110 2.663377
v 1.206603 -0.036014 2.651213
l 15014 15015
v 1.259197 -0.026910 2.662107
v 1.277890 0.016957 2.647065
l 15016 15017
v 1.258717 -0.030038 2.665777
v 1.273121 -0.032488 2.713594
l 15018 15019
v 0.954868 -0.038014 2.683653
v 0.993172 -0.049937 2.653810
l 15020 15021
v 1.244150 0.080745 2.779183
v 1.260527 0.077971 2.826344
l 15022 15023
v 1.244640 0.082018 2.774640
v 1.242166 0.125041 2.749286
l 15024 15025
v 1.051280 0.044067 2.831040
v 1.085925 0.029341 2.798133
l 15026 15027
v 1.318470 0.149174 2.794630
v 1.290189 0.159398 2.754685
l 15028 15029
v 1.118337 0.140444 2.795080
v 1.129762 0.096057 2.775098
l 15030 15031
v 1.249407 0.352817 2.762243
v 1.247549 0.396697 2.738345
l 15032 15033
v 0.937520 -0.022154 2.883357
v 0.892648 -0.041980 2.893024
l 15034 15035
v 1.058303 0.085659 2.793563
v 1.082377 0.128620 2.784916
l 15036 15037
v 1.058333 0.149314 2.798537
v 1.036168 0.162574 2.755725
l 15038 15039
v 1.066573 0.143965 2.799380
v 1.061124 0.094609 2.793522
l 15040 15041
v 0.952659 -0.033814 2.686003
v 0.959628 0.008963 2.710936
l 15042 15043
v 0.950008 -0.037458 2.684057
v 0.909843 -0.042120 2.654646
l 15044 15045
v 1.739663 0.242856 2.895800
v 1.782648 0.268298 2.893568
l 15046 15047
v 1.031083 -0.022087 2.844713
v 0.990710 -0.051528 2.846520
l 15048 15049
v 1.049123 -0.042907 2.545087
v 1.021557 -0.067308 2.578919
l 15050 15051
v 1.050103 -0.037422 2.543030
v 1.036259 0.009764 2.552074
l 15052 15053
v 1.049800 -0.041678 2.539713
v 1.035862 -0.056335 2.493987
l 15054 15055
v 1.053633 -0.041216 2.543170
v 1.102916 -0.048303 2.547756
l 15056 15057
v 1.147750 0.251946 2.785243
v 1.136606 0.249600 2.736558
l 15058 15059
v 1.237927 -0.020282 2.843433
v 1.192399 -0.028854 2.862241
l 15060 15061
v 1.846110 0.036083 2.880757
v 1.809650 0.004723 2.894439
l 15062 15063
v 1.739680 0.080538 2.890027
v 1.745403 0.110807 2.850644
l 15064 15065
v 1.738547 0.072940 2.887320
v 1.770744 0.036215 2.898023
l 15066 15067
v 1.747440 0.218758 2.903673
v 1.723044 0.248302 2.935798
l 15068 15069
v 1.741153 0.231547 2.901263
v 1.746007 0.228796 2.950951
l 15070 15071
v 1.733423 0.236387 2.893140
v 1.705715 0.215379 2.857211
l 15072 15073
v 1.732913 0.237807 2.899503
v 1.701467 0.230171 2.937619
l 15074 15075
v 1.086773 0.253691 2.799227
v 1.134903 0.256239 2.812534
l 15076 15077
v 1.070003 0.151460 2.802977
v 1.082168 0.176723 2.844375
l 15078 15079
v 1.043747 0.153034 2.806677
v 0.998337 0.139325 2.822488
l 15080 15081
v 1.141133 0.150742 2.789543
v 1.167177 0.109279 2.779416
l 15082 15083
v 1.139740 0.153568 2.793453
v 1.119239 0.158959 2.838737
l 15084 15085
v 1.058327 0.080613 2.792217
v 1.077461 0.042368 2.766310
l 15086 15087
v 1.125280 0.151355 2.796227
v 1.145664 0.150573 2.841876
l 15088 15089
v 1.117817 0.142858 2.799963
v 1.138110 0.149452 2.845182
l 15090 15091
v 1.085577 0.138113 2.798757
v 1.060743 0.094966 2.794103
l 15092 15093
v 0.899121 -0.050175 2.526150
v 0.921811 -0.082675 2.495672
l 15094 15095
v 0.908210 -0.053809 2.533940
v 0.929059 -0.073290 2.492881
l 15096 15097
v 0.756119 0.454189 2.824623
v 0.784733 0.482442 2.794909
l 15098 15099
v 1.059050 0.151435 2.809127
v 1.082025 0.190230 2.830738
l 15100 15101
v 1.046313 0.157098 2.806607
v 1.044955 0.205441 2.819302
l 15102 15103
v 1.056483 0.147370 2.809197
v 1.049634 0.107247 2.838235
l 15104 15105
v 1.049613 0.448019 2.794030
v 1.050765 0.422581 2.751000
l 15106 15107
v 1.095050 0.137204 2.793497
v 1.093018 0.101267 2.758792
l 15108 15109
v 1.051813 0.047096 2.836810
v 1.091852 0.062959 2.862212
l 15110 15111
v 1.150173 0.038744 2.844593
v 1.146774 0.056142 2.891345
l 15112 15113
v 1.147340 0.038312 2.840227
v 1.103807 0.026884 2.818448
l 15114 15115
v 1.152190 0.039689 2.840067
v 1.181054 0.073999 2.817937
l 15116 15117
v 1.149640 0.249270 2.789580
v 1.170618 0.206499 2.804765
l 15118 15119
v 1.165187 -0.022268 2.848707
v 1.214895 -0.024982 2.853372
l 15120 15121
v 1.253773 -0.019694 2.793900
v 1.267096 0.018286 2.823565
l 15122 15123
v 1.249423 -0.022981 2.792423
v 1.200953 -0.031681 2.801083
l 15124 15125
v 1.035297 -0.022152 2.842430
v 1.067694 -0.043565 2.810935
l 15126 15127
v 1.053560 0.083494 2.793257
v 1.005441 0.086789 2.780078
l 15128 15129
v 1.252983 0.348511 2.763490
v 1.300346 0.333578 2.757679
l 15130 15131
v 1.246770 0.251623 2.765710
v 1.276109 0.291293 2.757617
l 15132 15133
v 1.246740 0.247295 2.767717
v 1.279769 0.219135 2.792538
l 15134 15135
v 1.362967 0.448672 2.814723
v 1.332756 0.438025 2.853115
l 15136 15137
v 1.316443 0.454687 2.789237
v 1.342042 0.413889 2.775815
l 15138 15139
v 1.316323 0.458701 2.792127
v 1.339221 0.503079 2.794634
l 15140 15141
v 1.313410 0.455927 2.795003
v 1.310668 0.426700 2.835479
l 15142 15143
v 1.312323 0.456745 2.790443
v 1.272139 0.473330 2.765742
l 15144 15145
v 0.949693 0.149298 2.818420
v 0.974415 0.173461 2.782296
l 15146 15147
v 1.045747 0.154196 2.802463
v 1.062095 0.143082 2.756537
l 15148 15149
v 1.333503 0.080624 2.793467
v 1.352296 0.038862 2.773399
l 15150 15151
v 0.634749 -0.076661 0.952851
v 0.632986 -0.034491 0.926046
l 15152 15153
v 0.636685 -0.082385 0.952184
v 0.658695 -0.110501 0.917183
l 15154 15155
v 0.631805 -0.081084 0.954553
v 0.584782 -0.097502 0.958951
l 15156 15157
v 0.636168 -0.079809 0.956272
v 0.658478 -0.077471 1.000958
l 15158 15159
v 1.161450 -0.023206 2.851507
v 1.130625 -0.054218 2.875757
l 15160 15161
v 1.112510 -0.037256 2.631677
v 1.112337 -0.063475 2.589103
l 15162 15163
v 1.107530 0.134509 2.798550
v 1.130521 0.098727 2.772261
l 15164 15165
v 1.430977 0.013413 2.624773
v 1.403431 -0.006162 2.587921
l 15166 15167
v 1.435317 0.015425 2.626390
v 1.480445 0.027465 2.608546
l 15168 15169
v 1.110893 -0.035265 2.635783
v 1.071206 -0.040872 2.665675
l 15170 15171
v 0.896708 -0.043541 2.530243
v 0.896899 -0.002270 2.558469
l 15172 15173
v 0.906965 -0.046331 2.539277
v 0.907196 0.003624 2.541403
l 15174 15175
v 0.645448 0.250731 2.838833
v 0.678652 0.288114 2.838985
l 15176 15177
v 1.137463 0.745747 2.768197
v 1.092651 0.744320 2.746065
l 15178 15179
v 0.637344 2.224857 4.467110
v 0.597271 2.231504 4.496264
l 15180 15181
v 0.946468 2.049937 4.732837
v 0.910605 2.053049 4.698136
l 15182 15183
v 1.025193 2.052990 4.769937
v 0.984360 2.079938 4.759619
l 15184 15185
v 1.487450 2.652160 4.793580
v 1.441864 2.669065 4.805250
l 15186 15187
v 1.489307 2.647880 4.792283
v 1.502467 2.603727 4.772858
l 15188 15189
v 1.492630 2.649763 4.802537
v 1.514012 2.645410 4.847524
l 15190 15191
v 1.193087 2.694760 4.768040
v 1.157038 2.660767 4.761331
l 15192 15193
v 1.200810 2.693620 4.765230
v 1.225804 2.650398 4.762546
l 15194 15195
v 1.279697 2.262680 4.680030
v 1.265307 2.287622 4.720906
l 15196 15197
v 1.756237 1.482167 4.780530
v 1.771576 1.477640 4.827903
l 15198 15199
v 1.722617 1.846100 4.830833
v 1.698798 1.886875 4.847268
l 15200 15201
v 1.872007 1.839290 4.791047
v 1.877264 1.804709 4.755319
l 15202 15203
v 1.869120 1.850243 4.786913
v 1.907492 1.873626 4.764985
l 15204 15205
v 1.756990 1.838813 4.776853
v 1.760728 1.814793 4.820546
l 15206 15207
v 1.753870 1.841100 4.773170
v 1.710274 1.864977 4.767760
l 15208 15209
v 1.759003 1.841620 4.773017
v 1.794188 1.876145 4.764646
l 15210 15211
v 2.560173 1.618757 4.798007
v 2.514636 1.598109 4.798151
l 15212 15213
v 2.564267 1.620307 4.801007
v 2.567546 1.650710 4.840565
l 15214 15215
v 1.875053 1.547053 4.806870
v 1.897771 1.508035 4.828352
l 15216 15217
v 1.869990 1.549183 4.805560
v 1.820831 1.540350 4.807886
l 15218 15219
v 1.874127 1.552117 4.806513
v 1.886721 1.595382 4.828181
l 15220 15221
v 1.832130 1.562470 4.777473
v 1.868966 1.596273 4.776836
l 15222 15223
v 1.454750 2.150870 4.843883
v 1.420438 2.187010 4.839803
l 15224 15225
v 1.721823 2.635037 4.813443
v 1.715434 2.594729 4.842330
l 15226 15227
v 1.950293 1.840083 4.804460
v 1.926657 1.806801 4.833333
l 15228 15229
v 1.944723 1.847920 4.804680
v 1.914493 1.837824 4.843205
l 15230 15231
v 1.563777 1.659070 4.865057
v 1.602431 1.654077 4.896376
l 15232 15233
v 1.765103 1.759157 4.756990
v 1.729867 1.750821 4.791470
l 15234 15235
v 1.766847 1.757107 4.751797
v 1.759645 1.719433 4.719721
l 15236 15237
v 1.770483 1.758997 4.755970
v 1.815354 1.748292 4.775258
l 15238 15239
v 1.767287 1.761810 4.753383
v 1.765061 1.808012 4.734399
l 15240 15241
v 1.879340 1.827273 4.800100
v 1.876157 1.817729 4.751123
l 15242 15243
v 1.877123 1.826697 4.805020
v 1.844422 1.799130 4.830919
l 15244 15245
v 1.882103 1.828063 4.804430
v 1.927400 1.819635 4.823850
l 15246 15247
v 1.736180 1.743977 4.824893
v 1.699701 1.770079 4.846982
l 15248 15249
v 1.741250 1.743363 4.825217
v 1.786316 1.764936 4.823293
l 15250 15251
v 1.737117 1.741623 4.820447
v 1.740788 1.745772 4.770754
l 15252 15253
v 1.738253 1.739627 4.824683
v 1.731481 1.695266 4.846734
l 15254 15255
v 1.752877 1.649730 4.779580
v 1.741656 1.609378 4.752271
l 15256 15257
v 1.748797 1.650963 4.794237
v 1.724007 1.607871 4.799574
l 15258 15259
v 1.753713 1.654083 4.795840
v 1.799639 1.653030 4.815581
l 15260 15261
v 2.622000 1.652400 4.812957
v 2.586120 1.685109 4.824905
l 15262 15263
v 2.624773 1.650880 4.809317
v 2.632076 1.635738 4.762228
l 15264 15265
v 2.623787 1.647830 4.814703
v 2.615938 1.600422 4.828520
l 15266 15267
v 2.627180 1.651830 4.813943
v 2.666554 1.674993 4.834270
l 15268 15269
v 1.734180 1.568300 4.831853
v 1.730054 1.604316 4.797418
l 15270 15271
v 1.760523 1.535073 4.750853
v 1.786931 1.573034 4.731836
l 15272 15273
v 1.262010 1.676433 4.831583
v 1.299722 1.673606 4.798875
l 15274 15275
v 2.561263 1.637090 4.784807
v 2.547822 1.682752 4.769500
l 15276 15277
v 1.439363 1.563877 4.855650
v 1.405796 1.567384 4.818759
l 15278 15279
v 1.761217 1.530353 4.751567
v 1.781623 1.484721 4.752710
l 15280 15281
v 1.758227 1.534150 4.754993
v 1.747107 1.539834 4.803409
l 15282 15283
v 1.756183 1.533113 4.750087
v 1.714323 1.523118 4.724635
l 15284 15285
v 1.647380 1.649783 4.867547
v 1.637528 1.670280 4.912076
l 15286 15287
v 1.563987 1.658703 4.858410
v 1.604512 1.650391 4.830328
l 15288 15289
v 1.561857 1.661680 4.861513
v 1.534074 1.703130 4.858349
l 15290 15291
v 1.561060 1.656997 4.861750
v 1.520567 1.627668 4.862089
l 15292 15293
v 1.450747 1.855193 4.855670
v 1.466048 1.898652 4.875091
l 15294 15295
v 1.549887 1.565883 4.866210
v 1.582529 1.529614 4.855301
l 15296 15297
v 1.548073 1.570513 4.864380
v 1.557270 1.613653 4.840834
l 15298 15299
v 1.547887 1.568557 4.870327
v 1.554918 1.589110 4.915361
l 15300 15301
v 1.544933 1.567067 4.866443
v 1.500206 1.546293 4.858204
l 15302 15303
v 1.739180 1.656993 4.806237
v 1.721516 1.610558 4.811870
l 15304 15305
v 1.743933 1.658650 4.795267
v 1.723298 1.700455 4.777195
l 15306 15307
v 1.648803 1.650770 4.862320
v 1.671547 1.684940 4.833769
l 15308 15309
v 1.644163 1.647830 4.862647
v 1.596122 1.645135 4.849055
l 15310 15311
v 1.552223 1.846380 4.859190
v 1.517226 1.810871 4.862970
l 15312 15313
v 1.636763 1.744267 4.865360
v 1.626367 1.783696 4.894295
l 15314 15315
v 1.636967 1.742527 4.859687
v 1.618377 1.757704 4.815822
l 15316 15317
v 1.636787 1.739527 4.863710
v 1.618009 1.695039 4.876681
l 15318 15319
v 1.448373 1.738983 4.855960
v 1.430589 1.720702 4.898966
l 15320 15321
v 1.450930 1.737047 4.850943
v 1.465767 1.694100 4.830075
l 15322 15323
v 1.737203 1.662293 4.826907
v 1.713479 1.689756 4.861301
l 15324 15325
v 1.863820 1.847393 4.795427
v 1.835738 1.863509 4.833527
l 15326 15327
v 1.307140 2.256073 4.682223
v 1.290895 2.208833 4.680102
l 15328 15329
v 1.291567 2.255700 4.682970
v 1.299138 2.207144 4.673753
l 15330 15331
v 1.245793 2.354800 4.785397
v 1.253701 2.305870 4.778814
l 15332 15333
v 1.141293 1.946513 4.831387
v 1.145001 1.901303 4.852417
l 15334 15335
v 2.043253 1.714650 4.808847
v 2.012160 1.722253 4.847258
l 15336 15337
v 2.579527 1.925610 4.832053
v 2.618973 1.936375 4.860830
l 15338 15339
v 2.576637 1.923047 4.829213
v 2.558109 1.876606 4.829299
l 15340 15341
v 1.674850 2.371137 4.782390
v 1.649231 2.358063 4.741491
l 15342 15343
v 2.574357 1.862843 4.823640
v 2.561721 1.861317 4.871993
l 15344 15345
v 2.577260 1.866490 4.819787
v 2.600868 1.910566 4.819848
l 15346 15347
v 2.577877 1.860963 4.819773
v 2.611613 1.825065 4.811219
l 15348 15349
v 2.632267 1.830673 4.835847
v 2.629632 1.862666 4.797513
l 15350 15351
v 2.635070 1.829237 4.840253
v 2.681910 1.828203 4.857716
l 15352 15353
v 2.662440 1.957097 4.817977
v 2.668938 1.941897 4.770788
l 15354 15355
v 2.664230 1.960827 4.821487
v 2.703154 1.988848 4.835620
l 15356 15357
v 2.662023 1.955133 4.823017
v 2.676031 1.918847 4.854434
l 15358 15359
v 1.968733 2.438780 4.832893
v 1.934327 2.427187 4.798516
l 15360 15361
v 2.230057 0.821622 3.343433
v 2.272632 0.800431 3.358870
l 15362 15363
v 1.653197 2.416893 4.842917
v 1.663531 2.371848 4.861999
l 15364 15365
v 2.192210 2.248673 4.714147
v 2.162863 2.274563 4.745267
l 15366 15367
v 2.192900 2.247417 4.708750
v 2.171792 2.248574 4.663439
l 15368 15369
v 2.194110 2.243523 4.713130
v 2.188419 2.194987 4.723705
l 15370 15371
v 2.081113 2.206683 4.583690
v 2.063123 2.160307 4.588747
l 15372 15373
v 2.080997 2.211907 4.586280
v 2.061415 2.235286 4.625903
l 15374 15375
v 2.080560 2.211457 4.580600
v 2.055895 2.230335 4.541417
l 15376 15377
v 2.084490 2.210223 4.583270
v 2.134226 2.213353 4.579198
l 15378 15379
v 2.004153 2.433797 4.859140
v 2.024187 2.479368 4.863818
l 15380 15381
v 1.547053 2.356080 4.805753
v 1.497115 2.354915 4.807948
l 15382 15383
v 2.119943 2.582827 4.599947
v 2.086992 2.560780 4.630413
l 15384 15385
v 1.539820 2.138807 4.854277
v 1.576387 2.135819 4.888246
l 15386 15387
v 2.010520 2.655907 4.663460
v 1.968459 2.674420 4.683162
l 15388 15389
v 2.199910 0.866576 3.172220
v 2.149915 0.867145 3.172651
l 15390 15391
v 1.726800 2.418670 4.801687
v 1.681272 2.400574 4.791698
l 15392 15393
v 2.012227 2.651530 4.662347
v 2.019483 2.602116 4.664709
l 15394 15395
v 2.225547 0.822501 3.344523
v 2.201380 0.859153 3.368452
l 15396 15397
v 1.148193 2.244727 4.832377
v 1.149074 2.285406 4.861435
l 15398 15399
v 2.178930 0.861750 3.356440
v 2.142049 0.886744 3.333744
l 15400 15401
v 1.805037 0.835023 2.901887
v 1.841588 0.806481 2.920579
l 15402 15403
v 2.061597 0.898896 3.283860
v 2.098950 0.894075 3.316746
l 15404 15405
v 2.164803 0.871664 3.257807
v 2.144014 0.839156 3.289603
l 15406 15407
v 2.228597 0.824844 3.244127
v 2.251504 0.866360 3.259993
l 15408 15409
v 1.648923 0.654325 2.883313
v 1.682606 0.619363 2.895276
l 15410 15411
v 1.654900 0.835029 2.867487
v 1.704435 0.836704 2.874079
l 15412 15413
v 1.734837 0.759883 2.885263
v 1.691346 0.779762 2.870655
l 15414 15415
v 1.652047 0.746392 2.882380
v 1.658886 0.777441 2.920970
l 15416 15417
v 1.651627 0.741599 2.880393
v 1.663783 0.694094 2.890164
l 15418 15419
v 1.795803 0.830321 2.900853
v 1.757460 0.799081 2.893514
l 15420 15421
v 1.749460 0.819421 2.890753
v 1.728215 0.784279 2.919278
l 15422 15423
v 0.671611 -0.051559 2.570790
v 0.678589 -0.095644 2.593324
l 15424 15425
v 0.152206 0.561411 3.517337
v 0.153915 0.591307 3.557378
l 15426 15427
v 1.052130 0.646831 2.792403
v 1.054470 0.597605 2.800847
l 15428 15429
v 0.970594 0.764093 2.793473
v 0.921952 0.753956 2.787882
l 15430 15431
v 0.973820 0.767734 2.792867
v 0.973175 0.815186 2.777121
l 15432 15433
v 1.050470 0.650446 2.788703
v 1.018799 0.660489 2.751340
l 15434 15435
v 0.758315 2.049593 4.715220
v 0.791554 2.016115 4.731785
l 15436 15437
v 1.980980 1.941253 4.805890
v 2.018477 1.973411 4.813625
l 15438 15439
v 1.840097 1.634320 4.793070
v 1.826154 1.595042 4.765451
l 15440 15441
v 1.945623 1.490583 4.815817
v 1.978902 1.480013 4.851605
l 15442 15443
v 1.756017 1.479327 4.776600
v 1.774383 1.448955 4.741383
l 15444 15445
v 1.944727 1.491573 4.810577
v 1.963296 1.482558 4.765037
l 15446 15447
v 1.942693 1.495543 4.813640
v 1.940759 1.544576 4.823235
l 15448 15449
v 1.940937 1.490780 4.813867
v 1.897423 1.466314 4.816690
l 15450 15451
v 1.930060 1.580737 4.799750
v 1.952536 1.625346 4.797554
l 15452 15453
v 1.957410 1.546070 4.808940
v 2.004366 1.561855 4.802160
l 15454 15455
v 1.953763 1.542270 4.807460
v 1.947357 1.494396 4.794534
l 15456 15457
v 1.827927 1.561997 4.779727
v 1.779586 1.574315 4.783106
l 15458 15459
v 1.258127 1.677657 4.834150
v 1.224639 1.714779 4.833459
l 15460 15461
v 1.841527 1.636070 4.797603
v 1.851429 1.625929 4.845552
l 15462 15463
v 2.048740 1.715027 4.808347
v 2.087864 1.729273 4.780664
l 15464 15465
v 1.725757 2.069820 4.820180
v 1.711269 2.115134 4.804793
l 15466 15467
v 2.060140 0.905279 3.274047
v 2.095752 0.940139 3.269980
l 15468 15469
v 2.056317 0.903623 3.278147
v 2.009062 0.913198 3.291389
l 15470 15471
v 2.204410 0.870398 3.170313
v 2.206700 0.915387 3.148618
l 15472 15473
v 0.851753 0.812035 2.813790
v 0.885101 0.800903 2.849342
l 15474 15475
v 0.850174 0.814409 2.809833
v 0.843317 0.861961 2.795985
l 15476 15477
v 0.648061 0.814794 2.815823
v 0.607478 0.837799 2.797830
l 15478 15479
v 0.949073 0.817376 2.803937
v 0.900991 0.803775 2.805697
l 15480 15481
v 0.900039 0.797042 2.798470
v 0.873436 0.754713 2.799199
l 15482 15483
v 0.858941 -0.032182 2.758997
v 0.846328 -0.049967 2.714001
l 15484 15485
v 0.843042 0.747023 2.818223
v 0.803941 0.776671 2.827822
l 15486 15487
v 0.844681 0.741453 2.818287
v 0.826188 0.695682 2.826225
l 15488 15489
v 0.846786 0.745071 2.815687
v 0.867938 0.750783 2.770743
l 15490 15491
v 0.950309 0.551648 2.812323
v 0.984690 0.587038 2.804232
l 15492 15493
v 0.545371 0.249962 2.838773
v 0.506781 0.246950 2.870423
l 15494 15495
v 0.545218 0.249974 2.832137
v 0.505196 0.247068 2.802306
l 15496 15497
v 0.168401 0.325017 3.432600
v 0.186637 0.280547 3.418824
l 15498 15499
v 0.340180 -0.008965 2.848973
v 0.344143 -0.053225 2.871893
l 15500 15501
v 0.197042 0.201750 3.045600
v 0.206204 0.222304 3.000951
l 15502 15503
v -0.683546 -0.060579 2.236837
v -0.651540 -0.069502 2.199474
l 15504 15505
v -0.685610 -0.056803 2.239930
v -0.681730 -0.010238 2.257723
l 15506 15507
v -0.684696 -0.062483 2.242070
v -0.665521 -0.085020 2.282374
l 15508 15509
v 0.757001 0.345225 2.833900
v 0.747337 0.357800 2.881318
l 15510 15511
v 0.757267 0.347674 2.828490
v 0.751024 0.391897 2.806011
l 15512 15513
v 0.759772 0.343666 2.830063
v 0.804179 0.321990 2.822434
l 15514 15515
v 0.550437 0.141257 2.834340
v 0.555972 0.101658 2.804319
l 15516 15517
v 0.552289 0.143903 2.838160
v 0.591767 0.173114 2.847551
l 15518 15519
v 0.547654 0.144183 2.836937
v 0.515123 0.180901 2.827268
l 15520 15521
v 0.350261 0.059318 2.817517
v 0.369111 0.104416 2.806990
l 15522 15523
v 0.348909 0.055831 2.821793
v 0.345380 0.056200 2.871667
l 15524 15525
v 0.350931 0.054008 2.817603
v 0.378783 0.017948 2.797012
l 15526 15527
v 0.338173 -0.004794 2.850013
v 0.343312 0.039406 2.872815
l 15528 15529
v 0.649419 0.150361 2.843473
v 0.683936 0.186524 2.844381
l 15530 15531
v 0.210271 0.086703 3.030987
v 0.240865 0.124306 3.043237
l 15532 15533
v -0.589206 -0.056018 2.301733
v -0.540425 -0.054831 2.290826
l 15534 15535
v 0.760874 0.551768 2.826157
v 0.755140 0.595175 2.850301
l 15536 15537
v 0.744205 0.055393 2.832633
v 0.697063 0.045912 2.818931
l 15538 15539
v 0.747569 0.058783 2.834673
v 0.762382 0.106180 2.828837
l 15540 15541
v 0.748739 0.054128 2.833867
v 0.786636 0.029114 2.812935
l 15542 15543
v 0.650726 0.055207 2.835753
v 0.691651 0.070339 2.860169
l 15544 15545
v 0.648909 0.054306 2.830683
v 0.662209 0.041574 2.784197
l 15546 15547
v 0.646228 0.055645 2.834347
v 0.609972 0.089356 2.841347
l 15548 15549
v 1.040480 -0.038395 2.640523
v 0.996541 -0.030587 2.617975
l 15550 15551
v 1.251167 0.142894 2.770877
v 1.290637 0.133686 2.800157
l 15552 15553
v 1.241400 -0.020398 2.840197
v 1.266864 -0.056359 2.816565
l 15554 15555
v 0.640598 -0.036051 2.746683
v 0.624742 -0.062477 2.707310
l 15556 15557
v 1.358030 0.357424 2.809280
v 1.364134 0.406866 2.813553
l 15558 15559
v 1.358360 0.353920 2.805730
v 1.339471 0.335089 2.763438
l 15560 15561
v 1.355950 0.353686 2.811873
v 1.313867 0.332619 2.828760
l 15562 15563
v 1.043690 -0.035649 2.642623
v 1.082430 -0.004175 2.639687
l 15564 15565
v -0.049211 -0.059597 1.840873
v -0.043445 -0.035573 1.797403
l 15566 15567
v 1.245723 0.141331 2.770077
v 1.210925 0.109404 2.786500
l 15568 15569
v 0.972402 -0.036094 2.729723
v 1.022261 -0.036102 2.733481
l 15570 15571
v 1.043463 -0.042036 2.640853
v 1.080085 -0.070008 2.621450
l 15572 15573
v 1.041827 -0.039647 2.644870
v 1.022615 -0.051340 2.689526
l 15574 15575
v 0.758682 0.650368 2.819227
v 0.801375 0.653563 2.793398
l 15576 15577
v 0.649452 0.145577 2.843590
v 0.667808 0.103354 2.863090
l 15578 15579
v 1.057020 0.082396 2.797433
v 1.059773 0.069534 2.845672
l 15580 15581
v 0.671907 -0.045783 2.572403
v 0.692071 -0.016622 2.607660
l 15582 15583
v 0.443167 0.052458 2.823843
v 0.462616 0.055917 2.777911
l 15584 15585
v 0.422733 -0.047477 2.924713
v 0.373660 -0.051568 2.933382
l 15586 15587
v 0.846267 -0.021884 2.840300
v 0.799907 -0.014767 2.857622
l 15588 15589
v 0.759241 -0.034404 2.748123
v 0.749439 -0.061841 2.707489
l 15590 15591
v 0.761133 -0.029244 2.749737
v 0.777357 0.014311 2.731304
l 15592 15593
v 0.763012 -0.033968 2.752473
v 0.804681 -0.054885 2.770534
l 15594 15595
v 0.758438 -0.032280 2.752437
v 0.720576 -0.028546 2.784879
l 15596 15597
v 0.749512 -0.045939 2.640527
v 0.743987 -0.045669 2.690220
l 15598 15599
v 0.944807 0.252248 2.818950
v 0.905917 0.221759 2.826566
l 15600 15601
v 1.019300 0.531495 2.800567
v 0.972064 0.531272 2.784174
l 15602 15603
v 0.845364 0.051815 2.832177
v 0.805763 0.082153 2.835534
l 15604 15605
v 0.907872 -0.054036 2.539297
v 0.891081 -0.087755 2.572176
l 15606 15607
v 0.922246 -0.049610 2.544637
v 0.948320 -0.056379 2.586759
l 15608 15609
v 0.919813 -0.045764 2.541577
v 0.912821 0.003717 2.543228
l 15610 15611
v 0.647189 0.147826 2.840083
v 0.624275 0.146582 2.795660
l 15612 15613
v 0.850583 -0.017856 2.837597
v 0.848904 0.030965 2.826935
l 15614 15615
v 0.849435 -0.022610 2.836477
v 0.856861 -0.055403 2.799470
l 15616 15617
v 0.640547 -0.043718 2.670753
v 0.690148 -0.049897 2.671994
l 15618 15619
v 0.648958 0.447979 2.834423
v 0.681087 0.486197 2.831759
l 15620 15621
v 1.448683 0.647995 2.830850
v 1.484921 0.681658 2.838174
l 15622 15623
v 0.854052 0.247591 2.836493
v 0.896646 0.253269 2.862058
l 15624 15625
v 0.853404 0.247105 2.829887
v 0.890168 0.248429 2.796024
l 15626 15627
v 0.851475 0.244901 2.833590
v 0.819852 0.206627 2.839513
l 15628 15629
v 0.940533 -0.021160 2.879393
v 0.948180 -0.001932 2.833876
l 15630 15631
v 0.852993 0.146318 2.830867
v 0.892350 0.148200 2.800086
l 15632 15633
v 0.850572 0.143702 2.834090
v 0.815998 0.107614 2.832587
l 15634 15635
v 0.850581 0.148482 2.834393
v 0.815872 0.184343 2.837439
l 15636 15637
v 0.956186 0.046296 2.838510
v 0.971854 0.017651 2.876377
l 15638 15639
v 1.032133 -0.017787 2.842870
v 1.026752 0.030618 2.831557
l 15640 15641
v 1.034687 -0.020994 2.847677
v 1.057898 -0.008454 2.890150
l 15642 15643
v -0.051195 -0.059363 1.845753
v -0.093016 -0.045818 1.869576
l 15644 15645
v 1.331893 0.082412 2.798023
v 1.342011 0.090335 2.846344
l 15646 15647
v 1.329403 0.083278 2.793890
v 1.281995 0.080426 2.778259
l 15648 15649
v 1.374047 0.556995 2.814090
v 1.392118 0.581978 2.853451
l 15650 15651
v 1.377360 0.553623 2.809450
v 1.426694 0.546796 2.805023
l 15652 15653
v 0.945714 0.255831 2.816020
v 0.945964 0.291998 2.781496
l 15654 15655
v 0.764031 0.548686 2.823690
v 0.805327 0.522042 2.832897
l 15656 15657
v 0.761535 0.550566 2.819717
v 0.762238 0.582245 2.781039
l 15658 15659
v 0.759270 0.548287 2.823277
v 0.725847 0.511263 2.826754
l 15660 15661
v 1.200437 -0.034930 2.399667
v 1.223538 0.001943 2.375035
l 15662 15663
v 1.124107 -0.043707 2.024597
v 1.162237 -0.044908 2.056917
l 15664 15665
v 1.121453 -0.040296 2.022233
v 1.119470 -0.006234 1.985684
l 15666 15667
v 1.119233 -0.043859 2.024720
v 1.083595 -0.047406 2.059611
l 15668 15669
v 0.853679 -0.047417 2.037183
v 0.833430 -0.077375 2.002651
l 15670 15671
v 1.067240 0.445857 2.798903
v 1.069228 0.413946 2.837344
l 15672 15673
v 0.965334 -0.050496 1.743793
v 0.959356 -0.001605 1.735198
l 15674 15675
v 0.968611 -0.054060 1.743057
v 1.014315 -0.074018 1.746636
l 15676 15677
v 0.963569 -0.054977 1.741343
v 0.936237 -0.072220 1.703190
l 15678 15679
v 0.846140 0.652449 2.826283
v 0.812654 0.654615 2.863351
l 15680 15681
v 0.849867 0.656083 2.823207
v 0.871909 0.699989 2.832502
l 15682 15683
v 0.846531 0.653510 2.820343
v 0.813767 0.655160 2.782610
l 15684 15685
v 0.849594 0.651360 2.823237
v 0.882390 0.613892 2.818695
l 15686 15687
v 0.193108 0.982671 2.771447
v 0.165229 1.023279 2.780037
l 15688 15689
v 0.555764 -0.065913 1.443223
v 0.554436 -0.024756 1.414862
l 15690 15691
v 0.554177 -0.071726 1.442150
v 0.552052 -0.105045 1.404930
l 15692 15693
v 0.553328 -0.069008 1.446133
v 0.518460 -0.066080 1.481849
l 15694 15695
v 0.637078 -0.064196 1.554567
v 0.668302 -0.060950 1.593484
l 15696 15697
v 1.055143 0.740740 2.789330
v 1.098947 0.747110 2.812583
l 15698 15699
v 1.197297 -0.038790 2.399437
v 1.148406 -0.046565 2.392419
l 15700 15701
v 1.200507 -0.038403 2.403027
v 1.199475 -0.040540 2.452970
l 15702 15703
v 1.151560 0.445671 2.782310
v 1.189130 0.477745 2.774584
l 15704 15705
v 1.024417 0.535201 2.798840
v 1.028125 0.571332 2.764477
l 15706 15707
v 1.022807 0.533921 2.803497
v 1.028701 0.547971 2.851119
l 15708 15709
v 1.023957 0.530693 2.800227
v 1.053031 0.490031 2.799108
l 15710 15711
v 1.444280 0.648019 2.828943
v 1.410499 0.677650 2.807014
l 15712 15713
v -0.275641 0.948793 4.690510
v -0.318038 0.945536 4.664207
l 15714 15715
v -0.274817 0.949455 4.697033
v -0.309325 0.952509 4.733087
l 15716 15717
v -0.140637 0.740265 4.695207
v -0.135983 0.753264 4.647151
l 15718 15719
v -0.148083 0.730157 4.688507
v -0.116109 0.745811 4.653397
l 15720 15721
v -0.148690 0.738150 4.701427
v -0.189223 0.744752 4.729949
l 15722 15723
v -0.153116 0.729829 4.690597
v -0.201683 0.740436 4.685238
l 15724 15725
v -0.259888 0.845016 4.691640
v -0.253291 0.851695 4.642529
l 15726 15727
v -0.247590 0.842646 4.694703
v -0.226833 0.858224 4.651966
l 15728 15729
v -0.348247 0.466579 4.671277
v -0.329762 0.420353 4.675908
l 15730 15731
v -0.253745 0.762620 4.694443
v -0.257628 0.754394 4.645278
l 15732 15733
v -0.252118 0.761330 4.700253
v -0.223796 0.738618 4.734635
l 15734 15735
v -0.349356 0.469525 4.667640
v -0.333537 0.501949 4.633022
l 15736 15737
v -0.451242 0.573100 4.662613
v -0.493692 0.554870 4.681735
l 15738 15739
v -0.452434 0.646615 4.659677
v -0.492019 0.616078 4.658944
l 15740 15741
v -0.451439 0.651365 4.659637
v -0.477507 0.694009 4.658230
l 15742 15743
v -0.347323 0.526337 4.672017
v -0.318259 0.566816 4.667927
l 15744 15745
v -0.665947 0.327364 4.652770
v -0.682586 0.286816 4.676834
l 15746 15747
v 0.175063 0.652830 3.269693
v 0.147396 0.623888 3.299642
l 15748 15749
v 0.178060 0.656639 3.269453
v 0.173570 0.706435 3.268972
l 15750 15751
v 0.548853 0.058273 2.829890
v 0.596997 0.044995 2.827479
l 15752 15753
v 0.749155 -0.049189 2.636833
v 0.720689 -0.078418 2.607932
l 15754 15755
v 0.753194 -0.046301 2.637267
v 0.802926 -0.051463 2.637005
l 15756 15757
v 0.642458 -0.031565 2.748403
v 0.656846 0.014944 2.737004
l 15758 15759
v 0.645113 -0.036480 2.750633
v 0.690335 -0.057190 2.755735
l 15760 15761
v 0.640595 -0.034897 2.751390
v 0.607637 -0.035640 2.788982
l 15762 15763
v 0.755065 0.142939 2.834330
v 0.719515 0.177849 2.838521
l 15764 15765
v 0.546515 0.062274 2.830850
v 0.549295 0.110683 2.843053
l 15766 15767
v 0.636532 -0.042995 2.673353
v 0.625129 -0.037545 2.721730
l 15768 15769
v 0.442074 0.055039 2.828150
v 0.437277 0.098801 2.851854
l 15770 15771
v 0.426897 -0.047003 2.927340
v 0.454414 -0.042965 2.968891
l 15772 15773
v 0.349329 0.142530 2.828963
v 0.356295 0.105750 2.862110
l 15774 15775
v 0.348164 0.142104 2.822460
v 0.344094 0.101264 2.793902
l 15776 15777
v 0.351157 0.145050 2.825100
v 0.387441 0.178338 2.816420
l 15778 15779
v 0.346414 0.144923 2.825957
v 0.309556 0.178421 2.830358
l 15780 15781
v 0.545358 0.057683 2.833027
v 0.512275 0.031839 2.860186
l 15782 15783
v 0.210682 0.080079 3.030663
v 0.245401 0.045672 3.041190
l 15784 15785
v 0.214669 0.080664 3.011160
v 0.250484 0.045940 3.014561
l 15786 15787
v 0.545478 0.059265 2.826723
v 0.513626 0.049606 2.789412
l 15788 15789
v 0.425802 -0.044379 2.922380
v 0.438809 -0.004870 2.894633
l 15790 15791
v 0.426321 -0.050145 2.922597
v 0.446353 -0.088661 2.897792
l 15792 15793
v 1.247517 0.033576 2.845630
v 1.255947 -0.009642 2.821943
l 15794 15795
v 1.249350 0.036137 2.851100
v 1.278488 0.021832 2.889131
l 15796 15797
v 1.248240 0.038258 2.846837
v 1.259124 0.080952 2.823198
l 15798 15799
v 0.729428 -0.046837 2.596330
v 0.693173 -0.018768 2.616273
l 15800 15801
v 0.755686 0.652485 2.822190
v 0.716946 0.683675 2.817058
l 15802 15803
v 0.646572 0.445371 2.831277
v 0.636151 0.419036 2.790071
l 15804 15805
v 0.648633 0.444039 2.837023
v 0.661740 0.402472 2.861526
l 15806 15807
v 0.854931 -0.042277 2.039277
v 0.849181 0.004353 2.022172
l 15808 15809
v 0.758798 0.141285 2.837017
v 0.802087 0.146473 2.861495
l 15810 15811
v 0.858022 -0.045692 2.040427
v 0.905433 -0.060026 2.047260
l 15812 15813
v 0.853484 -0.045376 2.042813
v 0.826881 -0.055623 2.083890
l 15814 15815
v 1.214097 -0.033988 2.526070
v 1.255658 -0.034452 2.553864
l 15816 15817
v 1.211217 -0.037286 2.523980
v 1.205100 -0.067703 2.484770
l 15818 15819
v 1.211347 -0.030633 2.523897
v 1.206388 -0.000987 2.483940
l 15820 15821
v 1.088600 -0.046372 2.306137
v 1.091026 -0.073185 2.264004
l 15822 15823
v 1.090657 -0.043224 2.309220
v 1.126568 -0.043933 2.344004
l 15824 15825
v 1.087950 -0.039886 2.306940
v 1.084074 -0.003738 2.272614
l 15826 15827
v 1.085633 -0.043730 2.309253
v 1.048566 -0.051489 2.341900
l 15828 15829
v 0.957455 0.819584 2.801993
v 0.967411 0.854503 2.767620
l 15830 15831
v 0.856288 0.551518 2.824080
v 0.891757 0.586759 2.824116
l 15832 15833
v 0.636989 -0.040096 2.669507
v 0.621223 -0.006639 2.635860
l 15834 15835
v 0.190257 1.047040 2.767557
v 0.149933 1.021584 2.782588
l 15836 15837
v 1.240147 -0.015928 2.839200
v 1.217761 0.020904 2.813857
l 15838 15839
v 0.954340 0.044723 2.832430
v 0.951554 0.000354 2.809546
l 15840 15841
v 1.161927 -0.018808 2.848987
v 1.155677 0.030139 2.857059
l 15842 15843
v 1.162117 -0.022060 2.845070
v 1.137840 -0.041780 2.806060
l 15844 15845
v 0.848328 0.049511 2.828647
v 0.855451 0.028615 2.783784
l 15846 15847
v 0.942435 -0.023382 2.883663
v 0.972841 -0.060605 2.897445
l 15848 15849
v 0.847398 0.047656 2.834437
v 0.843333 0.004429 2.859235
l 15850 15851
v 0.940759 -0.018778 2.885327
v 0.950857 0.026357 2.904323
l 15852 15853
v 0.268400 0.147080 2.828407
v 0.317362 0.138321 2.833501
l 15854 15855
v 0.850452 0.051803 2.832990
v 0.889561 0.079092 2.848017
l 15856 15857
v 0.202840 1.042707 2.768053
v 0.203041 1.002206 2.797374
l 15858 15859
v 0.214726 1.045087 2.773480
v 0.210032 0.999929 2.794426
l 15860 15861
v 0.453163 -0.078586 1.154310
v 0.484628 -0.073254 1.192800
l 15862 15863
v 0.646253 -0.066003 1.463017
v 0.681722 -0.068685 1.427878
l 15864 15865
v 0.644016 -0.069061 1.466207
v 0.647721 -0.096031 1.508146
l 15866 15867
v 0.641429 -0.066116 1.463370
v 0.602843 -0.070720 1.431907
l 15868 15869
v 0.247259 -0.078638 1.343743
v 0.247380 -0.123845 1.322382
l 15870 15871
v 0.152960 -0.060724 1.744817
v 0.189330 -0.029232 1.731197
l 15872 15873
v 0.152907 -0.067342 1.744343
v 0.188784 -0.097149 1.726333
l 15874 15875
v 0.149529 -0.063911 1.743257
v 0.104908 -0.061946 1.720782
l 15876 15877
v 0.544588 -0.078757 1.143220
v 0.545728 -0.126214 1.127517
l 15878 15879
v 0.749476 -0.070314 1.345917
v 0.730259 -0.115937 1.352936
l 15880 15881
v 0.748582 -0.065237 1.347147
v 0.715402 -0.028326 1.353200
l 15882 15883
v 0.752006 -0.067436 1.342230
v 0.756664 -0.054941 1.294041
l 15884 15885
v 0.836941 -0.065220 1.249677
v 0.828222 -0.016605 1.241896
l 15886 15887
v 0.634467 -0.061117 1.551690
v 0.595270 -0.030261 1.548288
l 15888 15889
v 0.634509 -0.067720 1.552207
v 0.595713 -0.099226 1.553708
l 15890 15891
v 0.637198 -0.064571 1.549787
v 0.672803 -0.067082 1.514773
l 15892 15893
v -0.145603 -0.080309 1.148553
v -0.106295 -0.051084 1.138514
l 15894 15895
v -0.145561 -0.086971 1.148763
v -0.105884 -0.116267 1.140549
l 15896 15897
v -0.147406 -0.083564 1.151453
v -0.173862 -0.082396 1.193865
l 15898 15899
v 0.614314 -0.081839 0.888968
v 0.663659 -0.078487 0.896306
l 15900 15901
v 0.451912 -0.076555 1.249490
v 0.490889 -0.073542 1.218318
l 15902 15903
v 0.449409 -0.080092 1.251727
v 0.414549 -0.115618 1.246959
l 15904 15905
v 0.448561 -0.073511 1.251303
v 0.405950 -0.048822 1.242659
l 15906 15907
v 0.451074 -0.076362 1.254170
v 0.478947 -0.070133 1.295211
l 15908 15909
v 1.016193 -0.056419 1.493487
v 0.994945 -0.037832 1.534754
l 15910 15911
v 0.653905 -0.071840 1.256700
v 0.687594 -0.073171 1.219778
l 15912 15913
v 0.748086 -0.073703 1.154863
v 0.796699 -0.082889 1.162097
l 15914 15915
v 0.744324 -0.070335 1.154600
v 0.729452 -0.022679 1.157369
l 15916 15917
v 0.742976 -0.075432 1.157187
v 0.721993 -0.095694 1.197797
l 15918 15919
v 0.743842 -0.074866 1.152090
v 0.730094 -0.093680 1.107852
l 15920 15921
v 0.848286 -0.057455 1.643340
v 0.816497 -0.063936 1.605294
l 15922 15923
v 0.651724 -0.068420 1.259120
v 0.653368 -0.036879 1.297882
l 15924 15925
v 0.649187 -0.071877 1.256930
v 0.610815 -0.073701 1.224926
l 15926 15927
v 0.651790 -0.075073 1.259420
v 0.654027 -0.102961 1.300859
l 15928 15929
v 0.354426 -0.075405 1.426883
v 0.389866 -0.103035 1.448806
l 15930 15931
v 0.647607 -0.059490 1.733877
v 0.672955 -0.052712 1.776439
l 15932 15933
v 0.852851 -0.056919 1.644403
v 0.895351 -0.055175 1.618121
l 15934 15935
v 0.851038 -0.054296 1.752253
v 0.882369 -0.054054 1.713288
l 15936 15937
v 0.572315 -0.059143 1.749943
v 0.620485 -0.048203 1.757688
l 15938 15939
v 0.198013 0.981073 2.770097
v 0.247161 0.987563 2.776604
l 15940 15941
v 0.193624 0.977512 2.772690
v 0.192395 0.943110 2.808953
l 15942 15943
v 0.232037 1.047843 2.771523
v 0.275163 1.066033 2.789110
l 15944 15945
v 0.229767 1.045653 2.766293
v 0.243929 1.046149 2.718343
l 15946 15947
v 0.229212 1.042770 2.770637
v 0.230396 0.996482 2.789506
l 15948 15949
v 0.642736 0.248651 2.842090
v 0.600468 0.248563 2.868800
l 15950 15951
v 0.645700 0.246030 2.839217
v 0.680194 0.210321 2.845134
l 15952 15953
v 0.643341 0.248141 2.835490
v 0.606607 0.243432 2.801897
l 15954 15955
v 0.351210 -0.071237 1.533650
v 0.349989 -0.096138 1.490309
l 15956 15957
v 0.193072 1.048727 2.763223
v 0.196307 1.047541 2.713342
l 15958 15959
v 0.205655 1.044393 2.763720
v 0.206679 1.044323 2.713731
l 15960 15961
v 0.192704 1.051893 2.767600
v 0.188818 1.099149 2.783469
l 15962 15963
v 0.218096 1.049657 2.764803
v 0.222995 1.055564 2.715396
l 15964 15965
v 0.220365 1.051847 2.770033
v 0.215829 1.093597 2.797169
l 15966 15967
v 0.207557 1.049750 2.773327
v 0.208909 1.096025 2.792216
l 15968 15969
v 0.651512 -0.077412 1.051507
v 0.622621 -0.071129 1.091828
l 15970 15971
v 0.654581 -0.074705 1.048520
v 0.695131 -0.045908 1.043381
l 15972 15973
v 0.651104 -0.077731 1.046500
v 0.615579 -0.076236 1.011347
l 15974 15975
v 0.053447 -0.088609 0.743244
v 0.082486 -0.048210 0.738270
l 15976 15977
v 0.054755 -0.094839 0.744421
v 0.097500 -0.119712 0.751786
l 15978 15979
v 0.051377 -0.092833 0.740991
v 0.026340 -0.105890 0.699728
l 15980 15981
v 0.546897 -0.084044 0.851665
v 0.509692 -0.087976 0.884836
l 15982 15983
v 0.549956 -0.087070 0.849412
v 0.592020 -0.113820 0.853293
l 15984 15985
v -0.254161 -0.082381 1.345717
v -0.265948 -0.129162 1.358855
l 15986 15987
v -0.459807 -0.085047 1.250530
v -0.497292 -0.074009 1.281723
l 15988 15989
v -0.435117 -0.080641 1.365850
v -0.399068 -0.085961 1.331613
l 15990 15991
v -0.043601 -0.074827 1.348050
v -0.041881 -0.046510 1.389223
l 15992 15993
v -0.059060 -0.077740 1.247530
v -0.080411 -0.032996 1.241040
l 15994 15995
v -0.060922 -0.083428 1.246357
v -0.102386 -0.111278 1.244079
l 15996 15997
v -0.819935 -0.090454 1.158703
v -0.859058 -0.102713 1.187324
l 15998 15999
v -0.649008 -0.085372 1.159987
v -0.690334 -0.057633 1.155214
l 16000 16001
v -0.734391 -0.094172 1.060383
v -0.689400 -0.115370 1.055234
l 16002 16003
v -0.542926 -0.091032 1.162450
v -0.545192 -0.119523 1.203476
l 16004 16005
v 0.609888 -0.085088 0.889292
v 0.591723 -0.125936 0.911686
l 16006 16007
v 0.609453 -0.079338 0.889586
v 0.584697 -0.043212 0.913712
l 16008 16009
v 0.253766 -0.085381 0.949484
v 0.214522 -0.086899 0.980429
l 16010 16011
v 0.816631 -0.073689 1.175577
v 0.771767 -0.094164 1.183827
l 16012 16013
v 0.820950 -0.074570 1.170773
v 0.819857 -0.103977 1.130350
l 16014 16015
v 0.718949 -0.076286 1.051830
v 0.737929 -0.077530 1.005589
l 16016 16017
v 0.717582 -0.079533 1.055097
v 0.680503 -0.109408 1.070350
l 16018 16019
v 0.717450 -0.072877 1.054863
v 0.679201 -0.043501 1.068058
l 16020 16021
v 0.937307 -0.049491 1.838007
v 0.964531 -0.050053 1.879942
l 16022 16023
v 0.523757 -0.066718 1.664583
v 0.484527 -0.093967 1.679365
l 16024 16025
v 0.527122 -0.063472 1.665783
v 0.571228 -0.064054 1.689327
l 16026 16027
v 0.639272 -0.070039 1.341977
v 0.640123 -0.120031 1.341696
l 16028 16029
v 0.544394 -0.074071 1.141303
v 0.542486 -0.043080 1.102113
l 16030 16031
v 0.543631 -0.074633 1.251270
v 0.500963 -0.079726 1.225707
l 16032 16033
v 0.637856 -0.066695 1.338950
v 0.632125 -0.047661 1.293071
l 16034 16035
v 0.736061 -0.066298 1.543367
v 0.723198 -0.114613 1.542872
l 16036 16037
v 0.537752 -0.068024 1.356773
v 0.497436 -0.039228 1.363515
l 16038 16039
v 0.040773 -0.080914 1.359553
v 0.039567 -0.114455 1.396614
l 16040 16041
v 0.040954 -0.074292 1.360300
v 0.041336 -0.049815 1.403897
l 16042 16043
v 0.043248 -0.077402 1.357560
v 0.079115 -0.074469 1.322848
l 16044 16045
v 0.051918 -0.077647 1.245643
v 0.009696 -0.055144 1.260165
l 16046 16047
v 0.053859 -0.082702 1.243427
v 0.037128 -0.128458 1.232180
l 16048 16049
v 0.149401 -0.081382 1.138567
v 0.113976 -0.080043 1.173827
l 16050 16051
v 0.151354 -0.070014 1.557153
v 0.122435 -0.068371 1.597909
l 16052 16053
v 0.153241 -0.066820 1.553860
v 0.143600 -0.036385 1.515379
l 16054 16055
v 0.153076 -0.073443 1.554010
v 0.141892 -0.105064 1.516928
l 16056 16057
v -0.437425 -0.076970 1.367807
v -0.439801 -0.037674 1.398631
l 16058 16059
v -0.042191 -0.082207 1.148600
v -0.080542 -0.082451 1.180680
l 16060 16061
v -0.039587 -0.078858 1.146450
v -0.000019 -0.048492 1.149953
l 16062 16063
v 0.056441 -0.084948 1.042777
v 0.023157 -0.082658 1.080019
l 16064 16065
v -0.039466 -0.085519 1.146543
v 0.001171 -0.114323 1.150891
l 16066 16067
v -0.041726 -0.082266 1.143867
v -0.072699 -0.083376 1.104631
l 16068 16069
v 0.052185 -0.089330 0.846305
v 0.091121 -0.089999 0.814944
l 16070 16071
v 0.049393 -0.092609 0.848544
v 0.026280 -0.136932 0.849670
l 16072 16073
v 0.047890 -0.087083 0.846559
v 0.007653 -0.058653 0.838033
l 16074 16075
v 0.059721 -0.081969 1.040827
v 0.103734 -0.058344 1.042990
l 16076 16077
v -0.148660 -0.089315 0.948525
v -0.165340 -0.101091 0.994166
l 16078 16079
v -0.144945 -0.091900 0.944531
v -0.107405 -0.124891 0.943018
l 16080 16081
v -0.044667 -0.084414 0.943122
v -0.004567 -0.058308 0.957629
l 16082 16083
v -0.048002 -0.084469 0.937509
v -0.041927 -0.059041 0.894888
l 16084 16085
v 0.053314 -0.081777 1.148167
v 0.015343 -0.076809 1.116019
l 16086 16087
v 0.154139 -0.081262 1.138543
v 0.189915 -0.078133 1.173333
l 16088 16089
v 0.151669 -0.078151 1.135943
v 0.150788 -0.051542 1.093621
l 16090 16091
v 0.151839 -0.084801 1.136367
v 0.152452 -0.116571 1.097763
l 16092 16093
v 0.050419 -0.071279 1.559933
v 0.093463 -0.071702 1.534497
l 16094 16095
v 0.047549 -0.067918 1.561703
v 0.038167 -0.038609 1.601111
l 16096 16097
v 0.144748 -0.068616 1.662710
v 0.141143 -0.115543 1.679586
l 16098 16099
v 0.147660 -0.065405 1.660290
v 0.187198 -0.056184 1.631105
l 16100 16101
v 0.647714 -0.059788 1.729140
v 0.683220 -0.056622 1.694079
l 16102 16103
v 0.567999 -0.057806 1.746643
v 0.554080 -0.033344 1.705317
l 16104 16105
v 1.247380 -0.044508 1.790130
v 1.246298 -0.050245 1.740472
l 16106 16107
v 1.015180 0.849212 2.831013
v 1.051646 0.871635 2.856848
l 16108 16109
v 0.756190 0.647802 2.822443
v 0.726609 0.607506 2.821319
l 16110 16111
v 1.032567 0.803987 2.782777
v 0.997411 0.798134 2.747708
l 16112 16113
v 1.037480 0.802115 2.784190
v 1.068262 0.762731 2.783057
l 16114 16115
v 1.033137 0.804277 2.788183
v 1.014783 0.789363 2.832237
l 16116 16117
v 1.035907 0.806533 2.785030
v 1.054750 0.852631 2.780571
l 16118 16119
v 0.170157 0.723240 3.397673
v 0.219581 0.716102 3.400192
l 16120 16121
v 0.165428 0.722843 3.400170
v 0.143474 0.713179 3.444041
l 16122 16123
v 0.165504 0.721538 3.394970
v 0.149316 0.690413 3.359345
l 16124 16125
v 1.138803 0.745771 2.774697
v 1.106406 0.744587 2.812763
l 16126 16127
v 0.353514 -0.072328 1.423427
v 0.339648 -0.076003 1.375529
l 16128 16129
v 0.650584 0.813315 2.820427
v 0.647301 0.808636 2.870099
l 16130 16131
v 0.650956 0.810180 2.815580
v 0.652732 0.762899 2.799416
l 16132 16133
v 0.451846 0.751917 2.815237
v 0.403395 0.747961 2.803542
l 16134 16135
v 0.455069 0.753434 2.819290
v 0.461350 0.784695 2.857804
l 16136 16137
v 0.456543 0.753553 2.813143
v 0.479357 0.786110 2.782820
l 16138 16139
v 0.456103 0.749851 2.816220
v 0.473834 0.703221 2.819574
l 16140 16141
v 0.195011 0.749211 3.002530
v 0.243495 0.754561 3.013514
l 16142 16143
v 0.188001 0.733179 3.024643
v 0.174648 0.761059 3.063942
l 16144 16145
v 0.192200 0.731374 3.022427
v 0.241079 0.731379 3.011902
l 16146 16147
v 0.193527 0.736834 3.009570
v 0.242127 0.729979 3.019112
l 16148 16149
v 0.968681 -0.035984 2.732783
v 0.939739 -0.054997 2.768851
l 16150 16151
v 0.968990 -0.032854 2.728693
v 0.960968 0.015142 2.717206
l 16152 16153
v 0.208502 0.654859 2.997233
v 0.239572 0.616148 2.991223
l 16154 16155
v 0.197138 0.155378 3.052997
v 0.240827 0.164605 3.075493
l 16156 16157
v 0.242159 0.648739 2.802593
v 0.239727 0.599988 2.791757
l 16158 16159
v 0.169800 0.675542 3.367873
v 0.164652 0.647817 3.326584
l 16160 16161
v 0.184694 0.533001 3.215573
v 0.234661 0.534806 3.215628
l 16162 16163
v 0.177164 0.533515 3.314460
v 0.146433 0.529052 3.353648
l 16164 16165
v 0.180284 0.531237 3.311653
v 0.177407 0.502831 3.270607
l 16166 16167
v 0.180834 0.535821 3.312607
v 0.186348 0.577230 3.285131
l 16168 16169
v 0.175407 0.371604 3.370027
v 0.191365 0.413476 3.392209
l 16170 16171
v 0.192249 0.478963 3.030607
v 0.157850 0.475838 2.994455
l 16172 16173
v 0.158594 0.552045 3.488313
v 0.199867 0.531024 3.507145
l 16174 16175
v 0.159460 0.556995 3.502000
v 0.174865 0.509459 3.503748
l 16176 16177
v 1.358307 1.558523 4.848013
v 1.349532 1.562417 4.897083
l 16178 16179
v 1.356467 1.555800 4.843343
v 1.320778 1.525533 4.825731
l 16180 16181
v 0.149000 0.560211 3.512963
v 0.111936 0.577119 3.483974
l 16182 16183
v 0.152051 0.557202 3.515080
v 0.151256 0.509141 3.528846
l 16184 16185
v 1.438220 1.563860 4.862193
v 1.394131 1.567204 4.885537
l 16186 16187
v 1.441097 1.561133 4.859317
v 1.470098 1.520707 4.864281
l 16188 16189
v 1.441500 1.565870 4.859400
v 1.478921 1.598364 4.866021
l 16190 16191
v 1.735610 1.567757 4.836663
v 1.752800 1.584405 4.880565
l 16192 16193
v 1.731257 1.564963 4.834263
v 1.687895 1.542314 4.844596
l 16194 16195
v 1.736623 1.563940 4.832550
v 1.767650 1.527087 4.819163
l 16196 16197
v 1.743443 1.496130 4.821123
v 1.760268 1.523101 4.859717
l 16198 16199
v 1.215823 1.565540 4.851937
v 1.265659 1.567332 4.855574
l 16200 16201
v 1.241963 2.358337 4.786193
v 1.193309 2.368178 4.792184
l 16202 16203
v 1.138863 2.051130 4.828277
v 1.097388 2.067805 4.850676
l 16204 16205
v 1.658303 2.711520 4.775993
v 1.669241 2.675543 4.808949
l 16206 16207
v 1.519330 2.648273 4.839770
v 1.493997 2.686590 4.859520
l 16208 16209
v 1.553597 2.678360 4.758933
v 1.560742 2.637121 4.786288
l 16210 16211
v 1.551400 2.683010 4.759303
v 1.511036 2.710426 4.770218
l 16212 16213
v 1.553247 2.679810 4.753997
v 1.532331 2.673508 4.709021
l 16214 16215
v 1.286690 2.614003 4.817593
v 1.285274 2.565386 4.829186
l 16216 16217
v 1.287923 2.617557 4.813357
v 1.306825 2.619988 4.767131
l 16218 16219
v 1.289320 2.618843 4.818923
v 1.326618 2.638202 4.846017
l 16220 16221
v 1.284747 2.618527 4.817037
v 1.240458 2.640964 4.822962
l 16222 16223
v 1.861780 2.129917 4.778150
v 1.908003 2.147941 4.771944
l 16224 16225
v 1.597363 2.285873 4.751320
v 1.612341 2.296885 4.797736
l 16226 16227
v 1.523737 2.645713 4.838843
v 1.572249 2.646234 4.850939
l 16228 16229
v 1.060383 2.715620 4.796110
v 1.030545 2.684973 4.770218
l 16230 16231
v 1.143490 2.406950 4.806717
v 1.107171 2.393326 4.838266
l 16232 16233
v 1.348803 1.769117 4.832313
v 1.383164 1.732805 4.833193
l 16234 16235
v 1.941547 1.953510 4.792140
v 1.941845 1.908958 4.769446
l 16236 16237
v 1.553880 1.949533 4.851347
v 1.594954 1.936278 4.826104
l 16238 16239
v 1.971620 2.442807 4.834783
v 1.997681 2.484353 4.825050
l 16240 16241
v 1.969400 2.439580 4.838093
v 1.942310 2.439276 4.880117
l 16242 16243
v 1.972877 2.436803 4.835550
v 2.013683 2.407920 4.834762
l 16244 16245
v 1.346677 1.772107 4.835533
v 1.350319 1.812900 4.864215
l 16246 16247
v 0.777816 2.436670 4.660453
v 0.777557 2.391426 4.681735
l 16248 16249
v 1.265990 2.255503 4.674103
v 1.218270 2.245648 4.685315
l 16250 16251
v 1.986197 2.133860 4.803920
v 2.016268 2.094322 4.809622
l 16252 16253
v 1.568877 2.434563 4.835450
v 1.576427 2.426431 4.786697
l 16254 16255
v 1.254890 2.411093 4.806393
v 1.294377 2.408433 4.836949
l 16256 16257
v 1.168190 2.294840 4.769693
v 1.198368 2.332548 4.782633
l 16258 16259
v 1.448700 1.852870 4.851047
v 1.434659 1.863007 4.804142
l 16260 16261
v 1.446277 1.851423 4.856193
v 1.401529 1.847239 4.878105
l 16262 16263
v 1.450697 1.850543 4.854680
v 1.483110 1.812756 4.859320
l 16264 16265
v 1.555197 1.847903 4.855780
v 1.574023 1.845645 4.809515
l 16266 16267
v 1.552247 1.851150 4.858967
v 1.540564 1.898512 4.869938
l 16268 16269
v 1.556613 1.847057 4.860943
v 1.593980 1.848428 4.894138
l 16270 16271
v 1.860170 1.843913 4.786677
v 1.850587 1.806576 4.754832
l 16272 16273
v 1.857283 1.854867 4.782543
v 1.820311 1.886401 4.770769
l 16274 16275
v 1.727183 1.842610 4.832053
v 1.759901 1.834494 4.868982
l 16276 16277
v 1.945807 1.842927 4.795323
v 1.938402 1.808283 4.760039
l 16278 16279
v 1.849930 1.952603 4.778103
v 1.828854 1.926492 4.815171
l 16280 16281
v 1.856957 2.043893 4.773000
v 1.869021 2.009767 4.738506
l 16282 16283
v 1.727357 2.141513 4.819547
v 1.698402 2.105899 4.799715
l 16284 16285
v 2.188947 2.230673 4.671037
v 2.157835 2.249962 4.636977
l 16286 16287
v 1.389920 2.350927 4.744113
v 1.377659 2.398453 4.734578
l 16288 16289
v 1.049063 2.420927 4.778960
v 1.088986 2.444531 4.760278
l 16290 16291
v 1.045303 2.420593 4.782453
v 1.010622 2.448850 4.804787
l 16292 16293
v 1.045720 2.416973 4.778770
v 1.017776 2.391265 4.746240
l 16294 16295
v 2.121580 2.588490 4.598367
v 2.108556 2.635443 4.609583
l 16296 16297
v 2.120950 2.584360 4.594697
v 2.106095 2.575562 4.547772
l 16298 16299
v 2.124237 2.584413 4.598290
v 2.172363 2.572074 4.603914
l 16300 16301
v 1.732543 2.250703 4.763113
v 1.759989 2.287438 4.783046
l 16302 16303
v 2.174960 2.582067 4.736460
v 2.192337 2.565764 4.692503
l 16304 16305
v 1.770067 2.708023 4.720930
v 1.799057 2.721958 4.682649
l 16306 16307
v 2.015260 2.656630 4.664030
v 2.058542 2.667810 4.686428
l 16308 16309
v 2.012713 2.656023 4.659163
v 2.016400 2.669662 4.611201
l 16310 16311
v 1.150987 2.240870 4.829973
v 1.190478 2.211123 4.837425
l 16312 16313
v 1.146083 2.241233 4.829613
v 1.106465 2.210852 4.832320
l 16314 16315
v 2.080187 2.584997 4.651550
v 2.059216 2.623569 4.627625
l 16316 16317
v 2.080797 2.579893 4.651087
v 2.093652 2.540448 4.623179
l 16318 16319
v 2.226760 0.821668 3.340033
v 2.220919 0.845630 3.296540
l 16320 16321
v 2.224277 0.818446 3.342460
v 2.216428 0.769557 3.349409
l 16322 16323
v 1.844753 2.697657 4.691330
v 1.832294 2.743894 4.705713
l 16324 16325
v 1.751517 2.049137 4.781783
v 1.720832 2.038939 4.819921
l 16326 16327
v 1.756473 2.050867 4.780757
v 1.794551 2.080385 4.794128
l 16328 16329
v 1.751530 2.051330 4.776903
v 1.733010 2.086158 4.746178
l 16330 16331
v 1.748440 2.127227 4.757250
v 1.719685 2.167250 4.748806
l 16332 16333
v 1.748157 2.121917 4.757403
v 1.721441 2.081918 4.771057
l 16334 16335
v 1.752440 2.125620 4.760370
v 1.772278 2.125887 4.806266
l 16336 16337
v 1.752003 2.124327 4.755727
v 1.782016 2.121573 4.715831
l 16338 16339
v 2.222550 0.823236 3.243067
v 2.178771 0.847035 3.247191
l 16340 16341
v 2.226340 0.820654 3.244350
v 2.233646 0.777388 3.268322
l 16342 16343
v 2.156107 0.869767 3.143847
v 2.172582 0.823006 3.137367
l 16344 16345
v 2.054857 0.898975 3.266463
v 2.005594 0.890627 3.268347
l 16346 16347
v 2.483383 1.865517 4.727117
v 2.472412 1.914180 4.730507
l 16348 16349
v 2.489780 1.746237 4.717813
v 2.462495 1.786502 4.706228
l 16350 16351
v 2.482967 1.861457 4.729910
v 2.494162 1.835321 4.771039
l 16352 16353
v 2.486367 1.862603 4.724453
v 2.532052 1.848114 4.710208
l 16354 16355
v 2.481453 1.861453 4.725060
v 2.442407 1.846570 4.697603
l 16356 16357
v 1.426920 2.343000 4.794480
v 1.384510 2.335251 4.769155
l 16358 16359
v 2.001967 2.431050 4.855620
v 1.975350 2.422469 4.814172
l 16360 16361
v 1.293553 2.259563 4.685937
v 1.282003 2.277786 4.731042
l 16362 16363
v 1.748373 1.939307 4.779543
v 1.721437 1.901611 4.760743
l 16364 16365
v 1.853973 2.044310 4.778250
v 1.842202 2.012119 4.814653
l 16366 16367
v 1.631313 1.955927 4.854430
v 1.583239 1.947343 4.843697
l 16368 16369
v 1.733107 1.941773 4.822873
v 1.719108 1.935175 4.775329
l 16370 16371
v 1.852297 2.047407 4.774600
v 1.812766 2.066448 4.750625
l 16372 16373
v 1.856793 2.047470 4.776110
v 1.888688 2.082797 4.791431
l 16374 16375
v 1.636357 1.844280 4.862717
v 1.591547 1.866418 4.864151
l 16376 16377
v 1.985437 2.138527 4.802653
v 2.012549 2.176716 4.785147
l 16378 16379
v 1.446777 1.740907 4.850867
v 1.405910 1.753752 4.825081
l 16380 16381
v 1.451090 1.741423 4.852870
v 1.485028 1.778004 4.856044
l 16382 16383
v 2.071843 2.256510 4.715647
v 2.121085 2.259605 4.723753
l 16384 16385
v 1.852917 1.951377 4.772867
v 1.867392 1.910697 4.747655
l 16386 16387
v 1.639160 1.841553 4.865703
v 1.647846 1.800774 4.893300
l 16388 16389
v 1.357023 1.948770 4.824393
v 1.360075 1.909293 4.793860
l 16390 16391
v 1.359107 1.951157 4.828087
v 1.397305 1.982869 4.834020
l 16392 16393
v 1.354440 1.951317 4.827413
v 1.320535 1.987795 4.822965
l 16394 16395
v 1.550913 2.048507 4.851820
v 1.535281 2.012240 4.882485
l 16396 16397
v 1.733120 1.945417 4.826370
v 1.748684 1.990653 4.840912
l 16398 16399
v 1.736153 1.939630 4.826280
v 1.782389 1.926363 4.839927
l 16400 16401
v 1.731480 1.940850 4.827487
v 1.691908 1.919763 4.849609
l 16402 16403
v 1.634937 1.959380 4.855720
v 1.653275 2.003123 4.839901
l 16404 16405
v 1.634447 1.956660 4.860090
v 1.618553 1.955632 4.907485
l 16406 16407
v 1.635753 1.954593 4.855890
v 1.671320 1.923107 4.840280
l 16408 16409
v 1.249820 2.419487 4.805760
v 1.241022 2.467652 4.815893
l 16410 16411
v 1.001823 2.304927 4.651493
v 1.022154 2.298394 4.696703
l 16412 16413
v 1.002080 2.309443 4.647100
v 1.025273 2.353554 4.643064
l 16414 16415
v 0.997581 2.306907 4.648757
v 0.948390 2.314431 4.653615
l 16416 16417
v 1.001329 2.304753 4.646760
v 1.007909 2.270002 4.611418
l 16418 16419
v 1.251757 2.133803 4.824847
v 1.208220 2.127699 4.848664
l 16420 16421
v 1.163437 2.294640 4.765137
v 1.147648 2.330432 4.733997
l 16422 16423
v 1.163493 2.292957 4.769910
v 1.131115 2.276762 4.804397
l 16424 16425
v 1.166640 2.291543 4.766690
v 1.183664 2.247271 4.750875
l 16426 16427
v 0.851975 2.567697 4.677703
v 0.835254 2.574281 4.631045
l 16428 16429
v 1.352567 2.052947 4.828353
v 1.321869 2.058752 4.789316
l 16430 16431
v 1.259810 2.070640 4.815203
v 1.260279 2.095414 4.771775
l 16432 16433
v 1.354523 2.054997 4.832307
v 1.391632 2.087040 4.842112
l 16434 16435
v 1.256537 2.069157 4.819367
v 1.210906 2.053399 4.832388
l 16436 16437
v 0.856410 1.562053 4.741270
v 0.890009 1.525111 4.743793
l 16438 16439
v -0.010031 0.212779 4.702083
v -0.021571 0.261373 4.699741
l 16440 16441
v -0.009428 0.209511 4.705570
v -0.032231 0.177529 4.736508
l 16442 16443
v -0.006094 0.210143 4.702260
v 0.043013 0.219545 4.702588
l 16444 16445
v 1.264900 2.284063 4.759393
v 1.251705 2.246315 4.789409
l 16446 16447
v 1.264413 2.290003 4.759030
v 1.245000 2.328475 4.784388
l 16448 16449
v 1.263883 2.286690 4.754630
v 1.239718 2.282048 4.711104
l 16450 16451
v 1.268253 2.287203 4.757197
v 1.317391 2.290706 4.748640
l 16452 16453
v 0.640556 1.778477 4.674910
v 0.605417 1.814013 4.676457
l 16454 16455
v 0.853659 2.568610 4.682040
v 0.868310 2.609641 4.706572
l 16456 16457
v 0.948578 2.047160 4.736020
v 0.986650 2.014761 4.735066
l 16458 16459
v 1.346427 1.771710 4.828927
v 1.347737 1.808766 4.795383
l 16460 16461
v 2.489167 1.741277 4.718413
v 2.461076 1.699914 4.718627
l 16462 16463
v 1.142730 1.951117 4.830263
v 1.181556 1.981230 4.839519
l 16464 16465
v 1.142013 2.046727 4.827203
v 1.151344 2.000206 4.842976
l 16466 16467
v 1.069530 1.952360 4.815043
v 1.109463 1.933467 4.838462
l 16468 16469
v 0.856094 1.566437 4.743037
v 0.867598 1.608947 4.766713
l 16470 16471
v 1.309127 2.259937 4.685190
v 1.344414 2.267640 4.719765
l 16472 16473
v 0.948824 1.947500 4.740160
v 0.915989 1.910688 4.748329
l 16474 16475
v 1.018557 2.578713 4.751043
v 0.971107 2.594437 4.752173
l 16476 16477
v 1.457363 1.945683 4.849467
v 1.498337 1.974120 4.845926
l 16478 16479
v -1.567127 2.362707 4.564933
v -1.561665 2.374190 4.613289
l 16480 16481
v 0.980373 2.392760 4.736600
v 0.941582 2.418337 4.755070
l 16482 16483
v 1.140723 2.049603 4.822673
v 1.122045 2.047536 4.776339
l 16484 16485
v 2.492450 1.744443 4.721687
v 2.515463 1.746959 4.766005
l 16486 16487
v 1.137837 1.951077 4.831040
v 1.093873 1.968705 4.847054
l 16488 16489
v 1.140490 1.949103 4.826330
v 1.132869 1.939646 4.777828
l 16490 16491
v 0.992296 2.394160 4.729890
v 1.028400 2.389987 4.695552
l 16492 16493
v 1.146033 1.846393 4.828530
v 1.109873 1.811905 4.826799
l 16494 16495
v 2.493643 1.743603 4.715957
v 2.532293 1.735126 4.685390
l 16496 16497
v 1.144280 2.431223 4.806553
v 1.192214 2.443199 4.814226
l 16498 16499
v 1.021650 2.150013 4.774337
v 1.003150 2.181355 4.808622
l 16500 16501
v 1.244650 1.855703 4.834610
v 1.236749 1.876296 4.879482
l 16502 16503
v 1.146887 1.659773 4.837647
v 1.099313 1.669961 4.826114
l 16504 16505
v 1.151397 1.656413 4.835833
v 1.162716 1.622769 4.800620
l 16506 16507
v 1.150200 1.657040 4.841323
v 1.148849 1.631910 4.884528
l 16508 16509
v 1.070763 2.711433 4.799447
v 1.099809 2.693966 4.762688
l 16510 16511
v 1.345687 2.408707 4.806327
v 1.345563 2.432312 4.762250
l 16512 16513
v 1.254667 2.136457 4.822070
v 1.282948 2.177261 4.828001
l 16514 16515
v 1.346243 2.409340 4.811963
v 1.344406 2.445783 4.846147
l 16516 16517
v 1.348760 2.405507 4.809903
v 1.389697 2.376810 4.809085
l 16518 16519
v 1.343380 2.405317 4.809817
v 1.303901 2.375503 4.817065
l 16520 16521
v 2.167057 0.876856 3.257547
v 2.175254 0.918505 3.283971
l 16522 16523
v 1.549583 2.350543 4.797480
v 1.588518 2.320917 4.807796
l 16524 16525
v 1.150717 2.146930 4.824843
v 1.176722 2.189502 4.828212
l 16526 16527
v 1.773520 2.661383 4.763013
v 1.732248 2.633207 4.764658
l 16528 16529
v 1.146233 2.416313 4.802150
v 1.163905 2.442190 4.763187
l 16530 16531
v 1.145053 2.407733 4.800753
v 1.128993 2.406586 4.753417
l 16532 16533
v 1.025763 2.151127 4.769343
v 1.047825 2.193444 4.754427
l 16534 16535
v 1.777830 2.662260 4.764927
v 1.823985 2.643764 4.759668
l 16536 16537
v 2.062790 0.898276 3.261080
v 2.100316 0.869405 3.245011
l 16538 16539
v 2.057510 0.903003 3.255367
v 2.052223 0.919368 3.208417
l 16540 16541
v 2.061860 0.904259 3.263270
v 2.088463 0.945505 3.272812
l 16542 16543
v 2.204340 0.864971 3.169360
v 2.218336 0.831383 3.135068
l 16544 16545
v 2.180950 0.857119 3.356493
v 2.193814 0.813342 3.336047
l 16546 16547
v 2.151707 0.873034 3.143623
v 2.102709 0.874916 3.133842
l 16548 16549
v 2.231333 0.756319 3.259883
v 2.235742 0.804775 3.248370
l 16550 16551
v 2.060137 0.894247 3.272177
v 2.077852 0.847549 3.269843
l 16552 16553
v 1.652703 0.745472 2.877087
v 1.679484 0.759614 2.837302
l 16554 16555
v 1.736737 0.758704 2.889413
v 1.741392 0.725211 2.926245
l 16556 16557
v 2.041203 0.869366 3.048093
v 2.069618 0.861861 3.007642
l 16558 16559
v 1.746580 0.825040 2.888627
v 1.699780 0.839745 2.898295
l 16560 16561
v 1.964097 0.859760 3.049060
v 1.961347 0.835621 3.092761
l 16562 16563
v 1.967960 0.861188 3.044743
v 2.012652 0.845320 3.028906
l 16564 16565
v 1.965197 0.865154 3.046760
v 1.965884 0.912433 3.063015
l 16566 16567
v 2.060367 0.884016 3.127193
v 2.038232 0.897290 3.084369
l 16568 16569
v 2.060703 0.878762 3.130660
v 2.042391 0.832364 3.127209
l 16570 16571
v 2.060117 0.883720 3.132500
v 2.042878 0.908794 3.172175
l 16572 16573
v 2.064203 0.882297 3.129947
v 2.113893 0.887206 3.132561
l 16574 16575
v 1.652040 0.834493 2.863770
v 1.627699 0.856442 2.826011
l 16576 16577
v 2.039013 0.866697 3.051873
v 2.043760 0.834348 3.089702
l 16578 16579
v 1.644217 0.654405 2.882540
v 1.604067 0.624620 2.881603
l 16580 16581
v 1.811287 0.845698 2.894287
v 1.849727 0.827334 2.868112
l 16582 16583
v 1.804083 0.853857 2.896160
v 1.768253 0.880805 2.874023
l 16584 16585
v 1.802053 0.840996 2.893253
v 1.784430 0.839402 2.846489
l 16586 16587
v 1.813317 0.858559 2.897193
v 1.850636 0.890261 2.907303
l 16588 16589
v 1.807067 0.847884 2.904793
v 1.822162 0.853541 2.952123
l 16590 16591
v 1.996617 0.885120 3.162827
v 1.958317 0.881652 3.130872
l 16592 16593
v 2.036463 0.870230 3.049427
v 1.991845 0.875911 3.027588
l 16594 16595
v 2.155763 0.874079 3.146397
v 2.166757 0.891986 3.191767
l 16596 16597
v 2.040050 0.873083 3.051417
v 2.055574 0.907205 3.084503
l 16598 16599
v 2.132340 0.868557 3.062877
v 2.108407 0.884302 3.021897
l 16600 16601
v 1.940067 0.858365 2.959070
v 1.977333 0.849639 2.926898
l 16602 16603
v 1.936920 0.855741 2.961943
v 1.898402 0.823942 2.964220
l 16604 16605
v 1.937030 0.862134 2.960337
v 1.899569 0.892444 2.946995
l 16606 16607
v 1.997433 0.885859 3.167760
v 1.979052 0.898634 3.212469
l 16608 16609
v 2.000010 0.882128 3.165077
v 2.029053 0.841448 3.166362
l 16610 16611
v 2.000660 0.888033 3.163657
v 2.036798 0.920826 3.152762
l 16612 16613
v 1.739110 0.761591 2.886277
v 1.762823 0.805580 2.887917
l 16614 16615
v 1.738537 0.757971 2.883057
v 1.759588 0.717799 2.862006
l 16616 16617
v 1.646427 0.657615 2.885700
v 1.643239 0.701400 2.909633
l 16618 16619
v 1.647463 0.656420 2.879287
v 1.654182 0.688751 2.841742
l 16620 16621
v 2.137243 0.867678 3.065230
v 2.184964 0.882595 3.065654
l 16622 16623
v 2.156763 0.875098 3.141583
v 2.176898 0.899572 3.102910
l 16624 16625
v 2.132333 0.868422 3.068383
v 2.117107 0.892885 3.109245
l 16626 16627
v 2.227713 0.753294 3.260643
v 2.191091 0.724288 3.242826
l 16628 16629
v 2.234263 0.752546 3.260003
v 2.259387 0.716490 3.236155
l 16630 16631
v 2.231430 0.753730 3.263900
v 2.236918 0.759562 3.313255
l 16632 16633
v 1.737863 0.451700 2.894160
v 1.708755 0.427732 2.926996
l 16634 16635
v 1.642567 0.557874 2.882950
v 1.604615 0.571382 2.853332
l 16636 16637
v 1.365623 0.446684 2.810323
v 1.378287 0.404354 2.786919
l 16638 16639
v 1.329493 0.255872 2.799467
v 1.356212 0.219916 2.821675
l 16640 16641
v 1.147560 0.349864 2.785047
v 1.171488 0.306013 2.782907
l 16642 16643
v 1.145663 0.353047 2.781870
v 1.154956 0.389812 2.749282
l 16644 16645
v 1.320143 0.250629 2.795133
v 1.281272 0.261934 2.765787
l 16646 16647
v 1.355580 0.128934 2.806763
v 1.331851 0.086461 2.795233
l 16648 16649
v 1.359353 0.132347 2.805317
v 1.394414 0.142916 2.771272
l 16650 16651
v 1.358760 0.131205 2.810743
v 1.381369 0.124924 2.854895
l 16652 16653
v 1.320813 0.248428 2.799963
v 1.354471 0.216748 2.819029
l 16654 16655
v 1.320543 0.255910 2.803203
v 1.277215 0.275798 2.818274
l 16656 16657
v 1.036120 0.254431 2.805297
v 1.082081 0.236907 2.796325
l 16658 16659
v 1.032473 0.255900 2.802627
v 1.010475 0.290800 2.774377
l 16660 16661
v 1.031877 0.252499 2.806213
v 1.009848 0.207963 2.811808
l 16662 16663
v 1.033800 0.256058 2.809113
v 1.024337 0.292461 2.842057
l 16664 16665
v 1.031770 0.348399 2.805913
v 1.052022 0.307250 2.825828
l 16666 16667
v 0.755891 0.454285 2.831270
v 0.782445 0.483415 2.862033
l 16668 16669
v 0.752439 0.454160 2.827827
v 0.702529 0.456585 2.826084
l 16670 16671
v 1.025983 0.453643 2.805577
v 1.029215 0.486819 2.842845
l 16672 16673
v 1.035280 0.744529 2.791627
v 1.034932 0.794408 2.788165
l 16674 16675
v 1.073380 0.353371 2.794947
v 1.051443 0.376098 2.756188
l 16676 16677
v 0.169204 0.251841 3.455497
v 0.164855 0.256657 3.405920
l 16678 16679
v 0.172401 0.253148 3.458727
v 0.196032 0.286826 3.487142
l 16680 16681
v 0.170595 0.248395 3.458423
v 0.187568 0.201417 3.460644
l 16682 16683
v 0.210629 0.143274 3.015607
v 0.248054 0.111566 3.005917
l 16684 16685
v 0.206697 0.146139 3.013727
v 0.157649 0.142146 3.004873
l 16686 16687
v 0.213651 0.157169 2.987273
v 0.228556 0.190441 2.953056
l 16688 16689
v 0.191997 0.154391 3.053977
v 0.160644 0.136533 3.088591
l 16690 16691
v 0.207785 0.157713 2.998943
v 0.164655 0.182825 2.995915
l 16692 16693
v 0.205507 0.349965 3.015380
v 0.193527 0.368505 3.060244
l 16694 16695
v 0.439126 0.050542 2.826563
v 0.393046 0.031136 2.826498
l 16696 16697
v -0.672889 -0.059237 2.331817
v -0.664433 -0.080811 2.287510
l 16698 16699
v 0.199585 0.199314 3.048770
v 0.225843 0.160280 3.065708
l 16700 16701
v 0.196601 0.203374 3.050027
v 0.197273 0.243277 3.080148
l 16702 16703
v 0.193192 0.200129 3.047833
v 0.154474 0.169375 3.055256
l 16704 16705
v -0.010222 -0.059877 2.082400
v 0.028464 -0.089995 2.072586
l 16706 16707
v -0.010546 -0.053275 2.081953
v 0.025084 -0.021120 2.067933
l 16708 16709
v 0.353711 0.550350 2.817953
v 0.316830 0.516965 2.812928
l 16710 16711
v 0.858180 -0.042895 2.654727
v 0.846076 -0.048696 2.702891
l 16712 16713
v 0.858023 -0.039983 2.650580
v 0.843313 0.002894 2.629480
l 16714 16715
v 0.251499 0.561278 2.804833
v 0.246021 0.607297 2.823602
l 16716 16717
v 0.191516 0.740827 2.999467
v 0.171999 0.707039 2.968202
l 16718 16719
v 0.202011 0.780763 2.805107
v 0.239264 0.749060 2.794758
l 16720 16721
v 0.200574 0.785038 2.806537
v 0.211409 0.829795 2.826017
l 16722 16723
v 0.198423 0.785237 2.819597
v 0.244110 0.803786 2.811315
l 16724 16725
v 0.257221 0.747239 2.811737
v 0.224550 0.749506 2.849518
l 16726 16727
v 0.239859 0.751536 2.793113
v 0.194130 0.768947 2.782834
l 16728 16729
v 0.250092 0.750695 2.794670
v 0.280113 0.784614 2.773499
l 16730 16731
v 0.258895 0.749610 2.807340
v 0.289545 0.785998 2.791961
l 16732 16733
v 0.190961 0.752056 3.001983
v 0.152567 0.778488 3.020074
l 16734 16735
v 0.185279 0.741483 3.011240
v 0.161982 0.780845 3.031436
l 16736 16737
v 0.184925 0.736690 3.009597
v 0.157083 0.705277 2.982430
l 16738 16739
v 0.195130 0.755238 2.984377
v 0.168375 0.788787 2.958712
l 16740 16741
v -0.475490 -0.070020 1.736490
v -0.465559 -0.073546 1.687613
l 16742 16743
v -0.244307 -0.077479 1.563550
v -0.244230 -0.103792 1.606066
l 16744 16745
v -0.339557 -0.077863 1.564493
v -0.326290 -0.113537 1.532069
l 16746 16747
v -0.437031 -0.083400 1.369220
v -0.435608 -0.106212 1.413690
l 16748 16749
v -0.327806 -0.068488 1.752883
v -0.327617 -0.018802 1.747294
l 16750 16751
v 0.041571 -0.077337 1.461113
v 0.038881 -0.113870 1.427082
l 16752 16753
v 0.037544 -0.074896 1.465380
v -0.009731 -0.084409 1.478594
l 16754 16755
v 0.040822 -0.072147 1.462170
v 0.045526 -0.027159 1.440863
l 16756 16757
v -0.329954 -0.071537 1.755803
v -0.350901 -0.091116 1.796765
l 16758 16759
v -0.553738 -0.074363 1.555730
v -0.543910 -0.025417 1.558522
l 16760 16761
v -0.556210 -0.077762 1.558190
v -0.598393 -0.097348 1.576548
l 16762 16763
v -0.551075 -0.078736 1.557183
v -0.508534 -0.094412 1.578268
l 16764 16765
v -0.451037 -0.078453 1.457350
v -0.498138 -0.087418 1.443168
l 16766 16767
v -0.447071 -0.075119 1.457480
v -0.429646 -0.029832 1.445419
l 16768 16769
v -0.445700 -0.080738 1.456480
v -0.419390 -0.110861 1.426473
l 16770 16771
v -0.340908 -0.076273 1.569003
v -0.323917 -0.078590 1.615971
l 16772 16773
v -0.256024 -0.077926 1.346360
v -0.293644 -0.052365 1.367129
l 16774 16775
v -0.329371 -0.072155 1.750330
v -0.351219 -0.094267 1.711168
l 16776 16777
v -0.251023 -0.078955 1.347183
v -0.205158 -0.061021 1.355831
l 16778 16779
v -0.542886 -0.084372 1.162273
v -0.544799 -0.053727 1.201735
l 16780 16781
v -0.546391 -0.093420 0.946349
v -0.586250 -0.097372 0.916422
l 16782 16783
v -0.543725 -0.089822 0.948204
v -0.507060 -0.056835 0.939985
l 16784 16785
v -0.543206 -0.096452 0.948388
v -0.501823 -0.123740 0.941845
l 16786 16787
v -0.545518 -0.093221 0.951041
v -0.573152 -0.094226 0.992699
l 16788 16789
v -0.454133 -0.087806 1.041703
v -0.496112 -0.062658 1.051968
l 16790 16791
v -0.452321 -0.092896 1.039583
v -0.470409 -0.136466 1.023015
l 16792 16793
v -0.624537 -0.095574 0.872318
v -0.660828 -0.085090 0.839561
l 16794 16795
v -0.711729 -0.091826 0.986605
v -0.692637 -0.091232 0.940398
l 16796 16797
v -0.710944 -0.089572 0.990957
v -0.691788 -0.053681 1.020026
l 16798 16799
v -0.716148 -0.091233 0.988786
v -0.765247 -0.082963 0.993359
l 16800 16801
v -0.737474 -0.090399 1.059600
v -0.734594 -0.040804 1.053940
l 16802 16803
v -0.552638 -0.095515 0.840713
v -0.544654 -0.085257 0.792432
l 16804 16805
v -0.739545 -0.094228 1.057273
v -0.765183 -0.121976 1.024521
l 16806 16807
v -0.556215 -0.094285 0.845027
v -0.598989 -0.071001 0.856350
l 16808 16809
v -0.553827 -0.099454 0.844324
v -0.563628 -0.148146 0.850074
l 16810 16811
v -0.620590 -0.093226 0.874800
v -0.580249 -0.063925 0.871046
l 16812 16813
v -0.621504 -0.099562 0.873785
v -0.590673 -0.136225 0.859457
l 16814 16815
v -0.446338 -0.098334 0.749682
v -0.475497 -0.109694 0.788678
l 16816 16817
v -0.446946 -0.097429 0.744948
v -0.468443 -0.097365 0.699805
l 16818 16819
v -0.648345 -0.089018 1.245383
v -0.644215 -0.119661 1.206090
l 16820 16821
v -0.817983 -0.092111 1.153530
v -0.824279 -0.117726 1.111053
l 16822 16823
v -0.814884 -0.090960 1.158260
v -0.772220 -0.106369 1.179294
l 16824 16825
v 0.195799 0.788696 2.792557
v 0.200695 0.835693 2.776206
l 16826 16827
v 0.192637 0.785182 2.791937
v 0.149583 0.765378 2.807878
l 16828 16829
v -0.840882 -0.083125 1.258247
v -0.847866 -0.049466 1.294556
l 16830 16831
v -0.969696 -0.070959 1.858510
v -0.947412 -0.073040 1.813799
l 16832 16833
v -0.446070 -0.072780 1.537387
v -0.453634 -0.043182 1.497804
l 16834 16835
v -0.447830 -0.076002 1.540350
v -0.474800 -0.074406 1.582422
l 16836 16837
v -0.443224 -0.076176 1.539340
v -0.399732 -0.077267 1.563984
l 16838 16839
v -0.341101 -0.072973 1.565293
v -0.328733 -0.026239 1.552527
l 16840 16841
v 0.056342 -0.078813 1.150273
v 0.099686 -0.054103 1.147001
l 16842 16843
v -0.437833 -0.070617 1.643083
v -0.391143 -0.053047 1.639717
l 16844 16845
v -0.442923 -0.069569 1.644597
v -0.468819 -0.043540 1.678536
l 16846 16847
v -0.324500 -0.071878 1.752953
v -0.281043 -0.095507 1.760247
l 16848 16849
v -0.246598 -0.074231 1.560800
v -0.284834 -0.074536 1.528583
l 16850 16851
v -0.129146 -0.069494 1.737970
v -0.090732 -0.097378 1.753682
l 16852 16853
v -0.130552 -0.066222 1.734847
v -0.149450 -0.067084 1.688564
l 16854 16855
v 0.062523 -0.061007 1.745183
v 0.101240 -0.029508 1.742206
l 16856 16857
v 0.062451 -0.067598 1.745207
v 0.100470 -0.099956 1.742463
l 16858 16859
v -0.228927 -0.070962 1.638740
v -0.253269 -0.070794 1.682414
l 16860 16861
v -0.255670 -0.068335 1.765150
v -0.303679 -0.068023 1.751185
l 16862 16863
v -0.252213 -0.065058 1.765657
v -0.216419 -0.039099 1.742313
l 16864 16865
v -0.252459 -0.071680 1.766353
v -0.218849 -0.104471 1.749174
l 16866 16867
v -0.227329 -0.074303 1.635663
v -0.238602 -0.105142 1.597956
l 16868 16869
v -0.227426 -0.067651 1.635583
v -0.239588 -0.038071 1.597150
l 16870 16871
v -0.057340 -0.066435 1.633520
v -0.090844 -0.029790 1.627636
l 16872 16873
v -0.149887 -0.066294 1.653020
v -0.145452 -0.038702 1.611559
l 16874 16875
v -0.150047 -0.066237 1.657927
v -0.117615 -0.061106 1.695634
l 16876 16877
v -0.154921 -0.066315 1.657353
v -0.196717 -0.038924 1.655672
l 16878 16879
v 0.053733 -0.081888 1.152880
v 0.023179 -0.078713 1.192331
l 16880 16881
v 0.055548 -0.085427 1.150190
v 0.091813 -0.119611 1.146165
l 16882 16883
v -0.053145 -0.068839 1.633187
v -0.013511 -0.068743 1.602704
l 16884 16885
v -0.045850 -0.070139 1.533833
v -0.043824 -0.038779 1.572724
l 16886 16887
v 0.045797 -0.071225 1.558793
v 0.019864 -0.070854 1.516046
l 16888 16889
v -0.046318 -0.070643 1.528913
v -0.082191 -0.066684 1.494309
l 16890 16891
v -0.044211 -0.074198 1.531670
v -0.049702 -0.123581 1.537254
l 16892 16893
v -0.472890 -0.069591 1.740403
v -0.424369 -0.066554 1.752087
l 16894 16895
v -0.476427 -0.066476 1.739460
v -0.511249 -0.036594 1.759323
l 16896 16897
v -0.476141 -0.073109 1.739997
v -0.508417 -0.102288 1.764631
l 16898 16899
v -0.562778 -0.065705 1.827650
v -0.604524 -0.038391 1.824294
l 16900 16901
v -0.560168 -0.068723 1.830317
v -0.527172 -0.064459 1.867641
l 16902 16903
v -0.559953 -0.068982 1.825527
v -0.524018 -0.068623 1.790762
l 16904 16905
v -0.562347 -0.072335 1.828027
v -0.600197 -0.105006 1.828095
l 16906 16907
v -0.642443 -0.068712 1.819257
v -0.642380 -0.018769 1.816879
l 16908 16909
v -0.644859 -0.072049 1.821717
v -0.678633 -0.092738 1.852233
l 16910 16911
v -1.246927 -0.068507 1.870967
v -1.232329 -0.023763 1.854088
l 16912 16913
v -0.941160 -0.076982 1.648553
v -0.973968 -0.079039 1.610879
l 16914 16915
v -0.735781 -0.066232 2.038910
v -0.761034 -0.066600 1.995757
l 16916 16917
v -0.758086 -0.064774 1.934933
v -0.801908 -0.040726 1.936040
l 16918 16919
v -0.939894 -0.079839 1.652203
v -0.944156 -0.112926 1.689447
l 16920 16921
v -0.936376 -0.077107 1.648990
v -0.890032 -0.080226 1.630483
l 16922 16923
v -0.939685 -0.073649 1.651683
v -0.941514 -0.034610 1.682870
l 16924 16925
v -0.824206 -0.065552 2.026910
v -0.868714 -0.065474 2.049692
l 16926 16927
v -0.842601 -0.067186 1.862340
v -0.833366 -0.038070 1.901926
l 16928 16929
v -0.845393 -0.070590 1.860563
v -0.888662 -0.071697 1.835532
l 16930 16931
v -0.842382 -0.073847 1.862257
v -0.831226 -0.103275 1.901109
l 16932 16933
v -0.840800 -0.070424 1.859370
v -0.815173 -0.069046 1.816458
l 16934 16935
v -0.950195 -0.073649 1.764927
v -0.986237 -0.072286 1.799555
l 16936 16937
v -0.949672 -0.071948 1.760527
v -0.956327 -0.049419 1.716389
l 16938 16939
v -0.734306 -0.062887 2.042013
v -0.745233 -0.032106 2.079869
l 16940 16941
v -0.731165 -0.066184 2.040203
v -0.686158 -0.065825 2.018425
l 16942 16943
v -0.641385 -0.062252 2.021267
v -0.611733 -0.045720 2.057974
l 16944 16945
v -0.646471 -0.062766 2.020157
v -0.691090 -0.040232 2.019013
l 16946 16947
v -0.741788 -0.079965 1.536960
v -0.746432 -0.109394 1.496806
l 16948 16949
v -0.674715 -0.082647 1.449423
v -0.715563 -0.111023 1.454551
l 16950 16951
v -0.544126 -0.075504 1.437630
v -0.504770 -0.057183 1.462437
l 16952 16953
v -0.546303 -0.075660 1.432563
v -0.547767 -0.052430 1.388312
l 16954 16955
v -0.549640 -0.075560 1.437783
v -0.590007 -0.051160 1.454371
l 16956 16957
v -0.211636 -0.058620 1.919450
v -0.221738 -0.010435 1.928177
l 16958 16959
v -0.225201 -0.059049 1.925910
v -0.207618 -0.019105 1.901510
l 16960 16961
v -0.204683 -0.059727 1.912183
v -0.217635 -0.031660 1.872883
l 16962 16963
v 0.026665 -0.064146 1.870577
v 0.026263 -0.091343 1.912531
l 16964 16965
v 0.024263 -0.061030 1.867953
v -0.009680 -0.064167 1.831374
l 16966 16967
v -0.033424 -0.051689 2.238237
v -0.074857 -0.024085 2.233619
l 16968 16969
v -0.033092 -0.058330 2.238597
v -0.071555 -0.090247 2.237189
l 16970 16971
v -0.030607 -0.054995 2.236237
v 0.006885 -0.054917 2.203156
l 16972 16973
v -0.669083 -0.059566 2.337260
v -0.625879 -0.084147 2.342658
l 16974 16975
v 0.210861 0.155003 3.014297
v 0.232179 0.196326 3.032679
l 16976 16977
v 0.351962 0.247918 2.825707
v 0.394861 0.250162 2.851293
l 16978 16979
v 0.263633 0.145921 2.827433
v 0.233991 0.105656 2.827800
l 16980 16981
v 0.350974 0.246494 2.819327
v 0.384422 0.235161 2.783932
l 16982 16983
v 0.446568 0.142414 2.835123
v 0.452820 0.102023 2.863925
l 16984 16985
v 0.213808 0.084476 3.000053
v 0.214181 0.134462 3.001167
l 16986 16987
v 0.214505 0.154984 2.992327
v 0.243669 0.160360 3.032583
l 16988 16989
v 0.212571 0.152664 3.005877
v 0.260532 0.143559 2.995068
l 16990 16991
v 0.207046 0.152334 3.000197
v 0.162819 0.129151 2.997653
l 16992 16993
v 0.261764 0.253711 2.825097
v 0.253907 0.293272 2.854646
l 16994 16995
v 0.262610 0.252970 2.818807
v 0.263952 0.284471 2.780002
l 16996 16997
v 0.259934 0.250023 2.822040
v 0.224859 0.214394 2.821522
l 16998 16999
v 0.264639 0.149813 2.824457
v 0.267475 0.174548 2.781096
l 17000 17001
v 0.348590 0.245005 2.823453
v 0.314094 0.211185 2.836347
l 17002 17003
v 0.349003 0.249658 2.822353
v 0.317921 0.288630 2.818468
l 17004 17005
v 0.351950 0.653554 2.809550
v 0.344845 0.670523 2.763057
l 17006 17007
v 0.204587 0.438034 2.913280
v 0.180181 0.467391 2.880991
l 17008 17009
v 0.263366 0.652461 2.817103
v 0.228934 0.669997 2.848836
l 17010 17011
v 0.446991 0.442906 2.826257
v 0.449287 0.400336 2.852382
l 17012 17013
v 0.181365 0.561199 3.162250
v 0.182539 0.513692 3.146705
l 17014 17015
v 0.184659 0.564853 3.163923
v 0.219793 0.576957 3.197377
l 17016 17017
v 0.203208 0.462823 3.013707
v 0.205184 0.424037 3.045198
l 17018 17019
v 0.205724 0.461380 3.005303
v 0.223934 0.438496 2.964749
l 17020 17021
v 0.249802 0.650341 2.810677
v 0.234048 0.674632 2.851442
l 17022 17023
v 0.348799 0.651411 2.814170
v 0.301539 0.641013 2.826753
l 17024 17025
v 0.353037 0.655012 2.814837
v 0.368082 0.693520 2.842957
l 17026 17027
v 0.055832 -0.056078 2.083063
v 0.093507 -0.057139 2.050208
l 17028 17029
v 0.051562 -0.053505 2.083930
v 0.015186 -0.019797 2.077557
l 17030 17031
v 0.055104 -0.055917 2.088070
v 0.072098 -0.042938 2.133267
l 17032 17033
v 0.157556 -0.060309 1.802300
v 0.166764 -0.024490 1.768652
l 17034 17035
v 0.158458 -0.066828 1.801877
v 0.176419 -0.094247 1.764120
l 17036 17037
v 1.119240 -0.026178 2.733460
v 1.120513 0.023780 2.731867
l 17038 17039
v 0.052522 -0.059243 2.085217
v 0.026385 -0.101798 2.082784
l 17040 17041
v 1.121393 -0.030443 2.736333
v 1.146036 -0.044052 2.777656
l 17042 17043
v 1.116467 -0.030400 2.733723
v 1.071165 -0.051370 2.736551
l 17044 17045
v 1.059643 -0.028457 2.745847
v 1.088523 -0.007838 2.781071
l 17046 17047
v 1.453787 0.115853 2.833523
v 1.500612 0.129728 2.844241
l 17048 17049
v 0.946248 0.149658 2.822280
v 0.899742 0.166123 2.830412
l 17050 17051
v 1.057283 -0.032639 2.745243
v 1.020040 -0.063953 2.756748
l 17052 17053
v 1.342813 0.137043 2.805070
v 1.317269 0.095629 2.793564
l 17054 17055
v 1.345993 0.139314 2.809050
v 1.341808 0.162611 2.853092
l 17056 17057
v 1.330453 0.141568 2.799033
v 1.321910 0.116509 2.841449
l 17058 17059
v 1.215807 -0.036388 2.332300
v 1.250480 -0.019176 2.363947
l 17060 17061
v 1.150297 0.254590 2.789173
v 1.181982 0.292122 2.798524
l 17062 17063
v 1.115680 -0.035881 2.636143
v 1.158658 -0.047707 2.658794
l 17064 17065
v 0.887150 -0.047363 2.527203
v 0.844968 -0.051565 2.553717
l 17066 17067
v 0.467691 -0.013724 2.865407
v 0.484655 -0.019608 2.912071
l 17068 17069
v 0.573500 -0.048555 2.552860
v 0.537679 -0.055783 2.586986
l 17070 17071
v 0.669011 -0.047867 2.569223
v 0.621916 -0.041151 2.553829
l 17072 17073
v 0.574382 -0.049348 2.547897
v 0.561972 -0.065371 2.502189
l 17074 17075
v 0.578366 -0.049813 2.551980
v 0.620670 -0.073923 2.563341
l 17076 17077
v 0.762947 0.253989 2.832597
v 0.801158 0.221846 2.829988
l 17078 17079
v 0.577285 -0.041353 2.759950
v 0.624024 -0.025857 2.751267
l 17080 17081
v 0.673282 -0.048269 2.567113
v 0.706878 -0.039916 2.531037
l 17082 17083
v 0.734822 -0.048442 2.596867
v 0.776264 -0.038462 2.623001
l 17084 17085
v 0.731217 -0.052139 2.595517
v 0.716567 -0.099667 2.600652
l 17086 17087
v 0.645237 0.149549 2.845653
v 0.603338 0.149923 2.872936
l 17088 17089
v 0.442600 0.145787 2.832790
v 0.397211 0.162931 2.844868
l 17090 17091
v 0.444214 0.049957 2.828673
v 0.475434 0.020462 2.854273
l 17092 17093
v 0.464811 -0.016159 2.862527
v 0.438479 -0.058542 2.865738
l 17094 17095
v 0.445391 0.143564 2.829067
v 0.445489 0.115201 2.787890
l 17096 17097
v 0.574056 -0.044779 2.761950
v 0.565131 -0.068499 2.805051
l 17098 17099
v 0.573315 -0.045359 2.756923
v 0.577146 -0.073136 2.715526
l 17100 17101
v 0.572247 -0.040881 2.759167
v 0.536257 -0.006196 2.760477
l 17102 17103
v 0.469189 -0.014982 2.861083
v 0.497551 -0.002223 2.821932
l 17104 17105
v 0.463966 -0.011561 2.863413
v 0.446303 0.031354 2.844803
l 17106 17107
v 0.757386 0.140603 2.830720
v 0.786012 0.138700 2.789770
l 17108 17109
v 0.758306 0.254122 2.831130
v 0.715520 0.239207 2.809988
l 17110 17111
v 0.755390 0.138083 2.834783
v 0.729567 0.096523 2.845075
l 17112 17113
v 1.074643 0.354327 2.800563
v 1.065880 0.385848 2.838374
l 17114 17115
v 1.073077 0.349137 2.798407
v 1.046613 0.308701 2.811239
l 17116 17117
v 1.077360 0.351543 2.797393
v 1.125358 0.340780 2.788429
l 17118 17119
v 1.149660 0.443589 2.786100
v 1.150812 0.406798 2.819939
l 17120 17121
v 1.246057 0.446699 2.766810
v 1.227323 0.472828 2.805103
l 17122 17123
v 1.052610 0.740398 2.784647
v 1.058535 0.721344 2.738800
l 17124 17125
v 1.379190 0.831286 2.824767
v 1.417587 0.811222 2.849728
l 17126 17127
v 1.373953 0.830380 2.823053
v 1.336538 0.797213 2.823302
l 17128 17129
v 1.377527 0.833125 2.819763
v 1.391902 0.839730 2.772332
l 17130 17131
v 0.950694 0.148950 2.824850
v 0.985609 0.169589 2.854091
l 17132 17133
v 0.942244 0.350707 2.815250
v 0.898410 0.352409 2.791257
l 17134 17135
v 0.945201 0.352982 2.818307
v 0.979333 0.389388 2.815208
l 17136 17137
v 0.943169 0.350401 2.821837
v 0.907629 0.349361 2.856991
l 17138 17139
v 1.244980 0.443547 2.762743
v 1.217947 0.402929 2.751818
l 17140 17141
v 1.249250 0.445456 2.763530
v 1.296253 0.428423 2.764286
l 17142 17143
v 1.083170 0.252269 2.795277
v 1.084716 0.232980 2.749173
l 17144 17145
v 1.050680 0.744726 2.787097
v 1.045913 0.794487 2.786035
l 17146 17147
v 1.148783 0.443036 2.779540
v 1.141894 0.401166 2.753093
l 17148 17149
v 1.146887 0.446067 2.782900
v 1.111593 0.481441 2.784633
l 17150 17151
v 1.210827 -0.035560 2.330487
v 1.168813 -0.008485 2.331820
l 17152 17153
v 0.956669 0.048446 2.834283
v 0.984467 0.085847 2.816160
l 17154 17155
v 0.949448 0.251653 2.818360
v 0.989621 0.227386 2.801121
l 17156 17157
v 0.947581 0.254873 2.821720
v 0.956384 0.284676 2.860890
l 17158 17159
v 0.956992 0.446573 2.813583
v 0.916563 0.418531 2.822479
l 17160 17161
v 1.025277 0.453078 2.800090
v 1.017509 0.478253 2.757595
l 17162 17163
v 1.023503 0.449401 2.803517
v 0.986311 0.416988 2.811649
l 17164 17165
v 1.013620 0.843994 2.828603
v 1.025970 0.795932 2.834728
l 17166 17167
v 1.082223 0.256537 2.797883
v 1.060313 0.301314 2.801750
l 17168 17169
v 1.030290 0.350466 2.801323
v 1.025571 0.346323 2.751719
l 17170 17171
v 1.009760 0.737218 2.799673
v 0.962056 0.750715 2.806168
l 17172 17173
v 0.854128 0.548683 2.827373
v 0.857434 0.507202 2.855093
l 17174 17175
v 0.853734 0.549087 2.820747
v 0.853468 0.511278 2.788029
l 17176 17177
v 0.851514 0.551318 2.824350
v 0.814377 0.584529 2.828583
l 17178 17179
v 1.027447 0.351367 2.806077
v 0.981907 0.360197 2.824737
l 17180 17181
v 1.032563 0.353561 2.805407
v 1.060622 0.393926 2.814540
l 17182 17183
v 1.065853 0.446902 2.793957
v 1.057656 0.425271 2.749630
l 17184 17185
v 0.950158 0.546865 2.812823
v 0.983328 0.509456 2.812201
l 17186 17187
v 1.003698 0.638573 2.800027
v 1.045584 0.612413 2.792207
l 17188 17189
v 1.013357 0.848036 2.825467
v 1.021347 0.866745 2.779792
l 17190 17191
v 0.960523 0.448469 2.816217
v 1.002772 0.443781 2.842542
l 17192 17193
v 0.959540 0.447823 2.809717
v 0.992339 0.436922 2.773587
l 17194 17195
v 0.957884 0.451247 2.812983
v 0.934765 0.495571 2.812078
l 17196 17197
v 1.069313 0.450113 2.796443
v 1.111638 0.475949 2.790033
l 17198 17199
v 1.064863 0.555200 2.793777
v 1.105677 0.581273 2.781348
l 17200 17201
v 0.760430 0.256244 2.836100
v 0.746064 0.267680 2.882606
l 17202 17203
v 0.762046 0.258563 2.831193
v 0.770363 0.302523 2.808869
l 17204 17205
v 0.939278 -0.043685 2.017417
v 0.978020 -0.040672 2.048881
l 17206 17207
v 1.039060 -0.043679 2.013563
v 0.995437 -0.043243 1.989133
l 17208 17209
v 1.041937 -0.047041 2.015203
v 1.080401 -0.077191 2.004647
l 17210 17211
v 1.042067 -0.040378 2.015090
v 1.081671 -0.012125 2.003543
l 17212 17213
v 1.040347 -0.043627 2.018103
v 1.016666 -0.042416 2.062123
l 17214 17215
v 0.746289 -0.056268 1.737147
v 0.773371 -0.052087 1.778969
l 17216 17217
v 0.537833 -0.074689 1.356833
v 0.498235 -0.104337 1.364113
l 17218 17219
v 0.860241 -0.066239 1.434643
v 0.851768 -0.097122 1.396245
l 17220 17221
v 0.860044 -0.059605 1.434690
v 0.849741 -0.028742 1.396725
l 17222 17223
v 0.636355 -0.066747 1.343707
v 0.605233 -0.048564 1.378359
l 17224 17225
v 0.541571 -0.075638 1.145833
v 0.503520 -0.064725 1.176379
l 17226 17227
v 0.547523 -0.075449 1.145693
v 0.586209 -0.062093 1.174416
l 17228 17229
v 0.449509 -0.073071 1.349307
v 0.405472 -0.063684 1.327566
l 17230 17231
v 0.546355 -0.070984 1.253343
v 0.557889 -0.023218 1.262588
l 17232 17233
v 0.642393 -0.066640 1.342997
v 0.681707 -0.038483 1.355709
l 17234 17235
v 0.548490 -0.075700 1.250720
v 0.589389 -0.093300 1.227972
l 17236 17237
v 0.545532 -0.075951 1.255707
v 0.545100 -0.100404 1.299317
l 17238 17239
v 0.452303 -0.071222 1.354740
v 0.439016 -0.041563 1.392737
l 17240 17241
v 0.454269 -0.072236 1.350320
v 0.496152 -0.061604 1.325165
l 17242 17243
v 0.539751 -0.071358 1.354070
v 0.568294 -0.071378 1.313018
l 17244 17245
v 0.549299 -0.065268 1.535210
v 0.584270 -0.065956 1.570939
l 17246 17247
v 0.850581 -0.060243 1.646867
v 0.844589 -0.089198 1.687187
l 17248 17249
v 0.849950 -0.053705 1.646280
v 0.837889 -0.019769 1.680962
l 17250 17251
v 1.244877 -0.042364 1.797610
v 1.219985 -0.000524 1.809005
l 17252 17253
v 0.749195 -0.059072 1.656313
v 0.722544 -0.054393 1.698359
l 17254 17255
v 0.645266 -0.063317 1.731160
v 0.613822 -0.102153 1.732898
l 17256 17257
v 0.644275 -0.056933 1.730733
v 0.602551 -0.029511 1.728062
l 17258 17259
v 0.549108 -0.065457 1.530500
v 0.582888 -0.069160 1.493823
l 17260 17261
v 0.546937 -0.061888 1.532693
v 0.508829 -0.029519 1.532941
l 17262 17263
v 0.546517 -0.068526 1.532977
v 0.504642 -0.095705 1.535770
l 17264 17265
v 0.351238 -0.071981 1.427543
v 0.303265 -0.070452 1.441552
l 17266 17267
v 0.249545 -0.068338 1.647817
v 0.208878 -0.069864 1.618768
l 17268 17269
v 0.442705 -0.072906 1.463340
v 0.466595 -0.116474 1.468915
l 17270 17271
v 0.439462 -0.069453 1.465470
v 0.411416 -0.057713 1.505164
l 17272 17273
v 0.252283 -0.071550 1.650153
v 0.289778 -0.104364 1.645988
l 17274 17275
v 0.252664 -0.064960 1.649273
v 0.293570 -0.038847 1.637239
l 17276 17277
v 1.012253 0.733263 2.800387
v 1.012604 0.685672 2.815715
l 17278 17279
v 1.061607 0.552371 2.791503
v 1.049566 0.510065 2.767728
l 17280 17281
v 1.053480 0.451217 2.801037
v 1.046275 0.426009 2.843612
l 17282 17283
v 1.055553 0.455472 2.798577
v 1.061388 0.504365 2.807263
l 17284 17285
v 1.041113 0.452846 2.795450
v 1.027934 0.479930 2.755540
l 17286 17287
v 1.039747 0.449157 2.803397
v 1.060435 0.474450 2.841242
l 17288 17289
v 0.951354 0.827791 2.808917
v 0.958822 0.863646 2.774878
l 17290 17291
v 1.003978 0.646909 2.804380
v 1.003454 0.658093 2.853110
l 17292 17293
v 0.901924 0.800328 2.795077
v 0.932677 0.807326 2.756279
l 17294 17295
v 0.903244 0.799608 2.801473
v 0.946993 0.799516 2.825682
l 17296 17297
v 1.006453 0.648634 2.794163
v 1.042854 0.637599 2.761711
l 17298 17299
v 0.949249 0.821652 2.814403
v 0.903397 0.805176 2.825632
l 17300 17301
v 1.020567 0.739726 2.790293
v 1.001684 0.760041 2.748691
l 17302 17303
v 1.039703 0.736246 2.789890
v 1.028978 0.703791 2.753399
l 17304 17305
v 1.023060 0.735772 2.791007
v 1.037566 0.688908 2.781345
l 17306 17307
v 1.042237 0.736589 2.794573
v 1.053854 0.716661 2.838934
l 17308 17309
v 1.013810 0.737994 2.801990
v 1.051493 0.765105 2.820564
l 17310 17311
v 1.027150 0.740845 2.797293
v 1.028105 0.750302 2.846382
l 17312 17313
v 0.997420 0.637669 2.800167
v 0.947595 0.637178 2.804312
l 17314 17315
v 0.156431 0.560206 3.488453
v 0.155415 0.608185 3.474417
l 17316 17317
v 0.151948 0.559068 3.497007
v 0.101983 0.560940 3.496946
l 17318 17319
v 0.947239 0.548971 2.809630
v 0.904129 0.547684 2.784334
l 17320 17321
v 1.062837 0.553479 2.797867
v 1.062949 0.522085 2.836782
l 17322 17323
v 0.948104 0.549629 2.816183
v 0.912984 0.554422 2.851447
l 17324 17325
v 0.169279 0.675458 3.373200
v 0.156441 0.646971 3.412234
l 17326 17327
v 0.944397 0.737176 2.804757
v 0.961000 0.760776 2.763924
l 17328 17329
v 0.940624 0.736895 2.808587
v 0.891849 0.745057 2.815959
l 17330 17331
v 0.945407 0.737619 2.810950
v 0.973515 0.766300 2.840739
l 17332 17333
v 0.944329 0.733648 2.808217
v 0.950580 0.684105 2.810743
l 17334 17335
v 1.000175 0.647730 2.794303
v 0.962141 0.663749 2.766076
l 17336 17337
v 1.006733 0.656970 2.798517
v 0.999686 0.706376 2.801593
l 17338 17339
v 0.175054 0.368586 3.365963
v 0.189770 0.367225 3.318197
l 17340 17341
v 0.173388 0.678095 3.370917
v 0.220001 0.695527 3.375755
l 17342 17343
v 0.167920 0.679865 3.370410
v 0.140132 0.721381 3.368348
l 17344 17345
v 0.181398 0.529626 3.214887
v 0.153806 0.504016 3.181981
l 17346 17347
v 0.193778 0.481865 3.035297
v 0.176483 0.516496 3.066944
l 17348 17349
v 0.195111 0.476871 3.034460
v 0.203029 0.433774 3.058542
l 17350 17351
v 0.170775 0.368778 3.368680
v 0.121250 0.366061 3.375000
l 17352 17353
v 0.181161 0.536160 3.216077
v 0.151409 0.569715 3.193965
l 17354 17355
v 0.181299 0.532251 3.219003
v 0.180262 0.523257 3.268177
l 17356 17357
v 1.052753 -0.050431 1.840550
v 1.047306 -0.096548 1.822014
l 17358 17359
v 0.195166 0.556538 3.027067
v 0.235118 0.573502 3.002247
l 17360 17361
v 0.188805 0.556653 3.025500
v 0.165563 0.574749 2.985098
l 17362 17363
v 0.191610 0.553035 3.027543
v 0.187948 0.504467 3.038846
l 17364 17365
v 0.855894 -0.053009 1.853263
v 0.819551 -0.075242 1.879435
l 17366 17367
v 0.849023 -0.050983 1.755013
v 0.854157 -0.022173 1.795554
l 17368 17369
v 0.848933 -0.057645 1.754900
v 0.853270 -0.087948 1.794433
l 17370 17371
v 1.130513 -0.047913 1.745187
v 1.171137 -0.043337 1.716398
l 17372 17373
v 0.934901 -0.052728 1.835410
v 0.893880 -0.080622 1.829153
l 17374 17375
v 0.860613 -0.053669 1.851033
v 0.907632 -0.067100 1.861466
l 17376 17377
v 1.055457 -0.046740 1.841963
v 1.099479 -0.041208 1.865015
l 17378 17379
v 1.244303 -0.048574 1.798340
v 1.210588 -0.085490 1.797637
l 17380 17381
v 0.745088 -0.059820 1.734163
v 0.757226 -0.090949 1.696966
l 17382 17383
v 1.053367 -0.044923 1.838057
v 1.041389 -0.020166 1.796300
l 17384 17385
v 0.857553 -0.049441 1.850377
v 0.865438 -0.000111 1.852464
l 17386 17387
v 0.857291 -0.052968 1.847017
v 0.835611 -0.074779 1.807593
l 17388 17389
v 0.744355 -0.053238 1.733980
v 0.749577 -0.022303 1.695048
l 17390 17391
v 0.741649 -0.056815 1.736090
v 0.697415 -0.061103 1.759002
l 17392 17393
v 1.155493 0.809048 2.779793
v 1.160706 0.764051 2.800962
l 17394 17395
v 1.153440 0.810891 2.773917
v 1.137410 0.784959 2.734286
l 17396 17397
v 1.311737 -0.030335 2.626007
v 1.335175 -0.067679 2.649587
l 17398 17399
v 1.307037 -0.029101 2.623483
v 1.258611 -0.040216 2.617874
l 17400 17401
v 1.310460 -0.025033 2.626523
v 1.303675 0.013299 2.657901
l 17402 17403
v 0.952168 0.047959 2.835777
v 0.908695 0.071624 2.842852
l 17404 17405
v 0.859775 -0.027675 2.761717
v 0.874055 0.020221 2.760305
l 17406 17407
v 0.857139 -0.031498 2.763967
v 0.817437 -0.041477 2.792675
l 17408 17409
v 0.862162 -0.033020 2.763160
v 0.904832 -0.051814 2.781217
l 17410 17411
v 1.449317 0.116172 2.835593
v 1.410134 0.145706 2.845207
l 17412 17413
v 1.451347 0.113851 2.829730
v 1.431063 0.121732 2.784714
l 17414 17415
v 1.330780 0.140729 2.794400
v 1.321652 0.100653 2.765928
l 17416 17417
v 1.057153 -0.026910 2.741997
v 1.018640 -0.002255 2.721777
l 17418 17419
v 0.211111 0.437260 2.914083
v 0.248627 0.459273 2.889426
l 17420 17421
v 0.356896 0.552276 2.815050
v 0.392705 0.549743 2.780246
l 17422 17423
v 0.356973 0.551259 2.821243
v 0.391141 0.549729 2.857715
l 17424 17425
v -0.593262 -0.056074 2.299223
v -0.605994 -0.055743 2.250873
l 17426 17427
v -0.592434 -0.059428 2.302560
v -0.612895 -0.090129 2.336306
l 17428 17429
v -1.717907 -0.027770 4.567430
v -1.675450 -0.031201 4.593615
l 17430 17431
v -0.785059 -0.024445 4.582233
v -0.820726 -0.037123 4.549565
l 17432 17433
v -1.028460 -0.017706 4.596877
v -0.979773 -0.027315 4.602981
l 17434 17435
v -1.663743 -0.033315 4.533993
v -1.666527 0.006735 4.504190
l 17436 17437
v -1.721607 -0.030389 4.564507
v -1.744213 -0.074863 4.561187
l 17438 17439
v -1.748270 0.149947 4.583217
v -1.760029 0.192963 4.560604
l 17440 17441
v -1.946303 0.058933 4.569137
v -1.977069 0.021528 4.556712
l 17442 17443
v -1.942183 0.061622 4.566787
v -1.898424 0.058841 4.542758
l 17444 17445
v -1.944100 0.061171 4.572890
v -1.918544 0.059547 4.615835
l 17446 17447
v -1.945983 0.063967 4.569137
v -1.975586 0.103757 4.562780
l 17448 17449
v -1.760947 0.244510 4.578833
v -1.790839 0.251313 4.539334
l 17450 17451
v -1.649487 0.048956 4.578610
v -1.634430 0.046397 4.530999
l 17452 17453
v -1.852650 0.241363 4.578603
v -1.815405 0.274666 4.580539
l 17454 17455
v -1.848607 0.140005 4.583380
v -1.853017 0.098478 4.610878
l 17456 17457
v -1.560183 0.061091 4.594553
v -1.587141 0.085788 4.628660
l 17458 17459
v -1.555977 0.057754 4.593957
v -1.514957 0.037606 4.614241
l 17460 17461
v -1.146703 0.140363 4.618543
v -1.154758 0.126715 4.571121
l 17462 17463
v -1.148443 0.138442 4.623920
v -1.184435 0.112698 4.647197
l 17464 17465
v -1.658690 0.152043 4.589553
v -1.697160 0.120106 4.589355
l 17466 17467
v -2.050180 0.456079 4.551710
v -2.051799 0.499681 4.527291
l 17468 17469
v -2.052547 0.453137 4.554623
v -2.086230 0.416622 4.548962
l 17470 17471
v -2.050433 0.455288 4.558323
v -2.054333 0.491909 4.592142
l 17472 17473
v -2.047840 0.453435 4.554843
v -2.010155 0.420668 4.552365
l 17474 17475
v -1.651583 0.045971 4.582890
v -1.668419 0.000628 4.595563
l 17476 17477
v -1.647540 0.049730 4.583967
v -1.605692 0.057817 4.610107
l 17478 17479
v -2.049983 0.949661 4.550460
v -2.087894 0.946185 4.582875
l 17480 17481
v -2.047800 0.952184 4.547007
v -2.016827 0.991391 4.545144
l 17482 17483
v -1.758823 0.241912 4.582217
v -1.724113 0.205934 4.583124
l 17484 17485
v -1.849310 0.052946 4.574450
v -1.869933 0.008742 4.585438
l 17486 17487
v -1.846753 0.055686 4.571493
v -1.821108 0.061104 4.528914
l 17488 17489
v -1.849257 0.057749 4.575093
v -1.883171 0.094215 4.579569
l 17490 17491
v -2.681630 0.856715 4.498293
v -2.632992 0.849488 4.507353
l 17492 17493
v -2.356493 1.052057 4.517560
v -2.331252 1.009603 4.525342
l 17494 17495
v -2.142420 0.061961 4.561510
v -2.144649 0.096420 4.597670
l 17496 17497
v -2.349757 0.062402 4.541833
v -2.358667 0.076885 4.588853
l 17498 17499
v -2.145720 0.252329 4.553103
v -2.186357 0.224669 4.543963
l 17500 17501
v -2.143140 0.253473 4.556970
v -2.106200 0.239458 4.587613
l 17502 17503
v -2.142590 0.254814 4.550467
v -2.100753 0.252740 4.523165
l 17504 17505
v -2.144830 0.256898 4.554120
v -2.172385 0.298160 4.560298
l 17506 17507
v -1.857337 0.241609 4.578070
v -1.890954 0.278116 4.571975
l 17508 17509
v -1.521270 0.749263 4.605230
v -1.523746 0.789338 4.635028
l 17510 17511
v -2.551100 1.940307 4.475433
v -2.522261 1.936498 4.434767
l 17512 17513
v -2.550117 1.942483 4.481053
v -2.513277 1.948275 4.514360
l 17514 17515
v -2.253810 0.346514 4.546047
v -2.251115 0.312160 4.582276
l 17516 17517
v -2.256180 0.348565 4.542373
v -2.295764 0.378656 4.537111
l 17518 17519
v -2.043137 0.053201 4.560373
v -2.006531 0.019655 4.554481
l 17520 17521
v -2.139740 0.059708 4.558060
v -2.102863 0.025993 4.556205
l 17522 17523
v -2.141977 0.062805 4.554970
v -2.139960 0.105338 4.528761
l 17524 17525
v -1.854737 0.238870 4.575177
v -1.853924 0.196571 4.548528
l 17526 17527
v -2.349210 0.064860 4.536600
v -2.340161 0.107808 4.512650
l 17528 17529
v -2.248630 0.054648 4.551200
v -2.208658 0.025325 4.544686
l 17530 17531
v -2.444520 0.161380 4.535270
v -2.478100 0.125392 4.526485
l 17532 17533
v -2.440977 0.163121 4.538777
v -2.421376 0.157281 4.584402
l 17534 17535
v -2.443563 0.166336 4.535493
v -2.461244 0.212815 4.530287
l 17536 17537
v -2.061717 0.148036 4.564227
v -2.103517 0.175236 4.560631
l 17538 17539
v -2.051157 0.249168 4.557553
v -2.013531 0.282034 4.555516
l 17540 17541
v -2.057070 0.148989 4.564427
v -2.027848 0.189558 4.563937
l 17542 17543
v -1.850940 0.370516 4.570803
v -1.831784 0.415534 4.581121
l 17544 17545
v -2.053673 0.246393 4.554397
v -2.053553 0.205026 4.526312
l 17546 17547
v -1.939120 0.148431 4.569980
v -1.898043 0.143363 4.541927
l 17548 17549
v -1.939333 0.148774 4.576630
v -1.900169 0.146750 4.607647
l 17550 17551
v -1.941877 0.146427 4.573330
v -1.979616 0.113632 4.573811
l 17552 17553
v -2.645730 0.360110 4.510023
v -2.608216 0.390850 4.522176
l 17554 17555
v -1.653960 0.151639 4.589507
v -1.620003 0.114949 4.588613
l 17556 17557
v -1.850333 0.142983 4.580137
v -1.883991 0.179958 4.580260
l 17558 17559
v -1.422827 -0.031320 4.575777
v -1.422988 -0.077070 4.555604
l 17560 17561
v -1.424950 -0.027385 4.577700
v -1.471500 -0.012533 4.588309
l 17562 17563
v -1.656233 0.154398 4.586243
v -1.653079 0.194697 4.556815
l 17564 17565
v -1.748673 0.145561 4.585063
v -1.782121 0.108496 4.582331
l 17566 17567
v -1.746540 0.147991 4.588577
v -1.736337 0.166183 4.634018
l 17568 17569
v -1.744107 0.146147 4.583803
v -1.699380 0.134106 4.564973
l 17570 17571
v -2.359133 0.257060 4.537457
v -2.355337 0.278556 4.492473
l 17572 17573
v -2.358013 0.258956 4.543133
v -2.356969 0.301027 4.570131
l 17574 17575
v -2.144263 0.150508 4.556970
v -2.096346 0.149752 4.542710
l 17576 17577
v -2.444143 0.259601 4.531150
v -2.473941 0.299668 4.533746
l 17578 17579
v -2.361993 0.254936 4.540877
v -2.407512 0.239752 4.554928
l 17580 17581
v -2.357190 0.254646 4.541143
v -2.323468 0.218147 4.546679
l 17582 17583
v -1.645640 0.348730 4.585067
v -1.668952 0.304565 4.587510
l 17584 17585
v -1.656177 0.154288 4.592897
v -1.652514 0.193599 4.623576
l 17586 17587
v -1.452560 0.067438 4.602643
v -1.477602 0.037601 4.633991
l 17588 17589
v -1.459680 0.080621 4.602717
v -1.508985 0.085836 4.609183
l 17590 17591
v -1.436970 0.242557 4.603470
v -1.388405 0.234250 4.611979
l 17592 17593
v -1.159173 0.051598 4.612247
v -1.204104 0.059229 4.591679
l 17594 17595
v -1.155970 0.048361 4.613970
v -1.122938 0.016011 4.594934
l 17596 17597
v -1.048423 0.041368 4.612487
v -1.031169 0.018412 4.571556
l 17598 17599
v -1.047610 0.040054 4.618837
v -1.022160 0.003815 4.642053
l 17600 17601
v -1.032903 -0.023765 4.592827
v -1.069704 -0.051564 4.612139
l 17602 17603
v -1.031467 -0.014910 4.584913
v -1.061256 0.020092 4.565230
l 17604 17605
v -1.028493 -0.019143 4.584487
v -0.978990 -0.024006 4.579410
l 17606 17607
v -1.091840 -0.004363 4.597893
v -1.082259 -0.052551 4.607173
l 17608 17609
v -0.833010 0.336538 4.635423
v -0.792188 0.332453 4.606842
l 17610 17611
v -0.836065 0.339628 4.637997
v -0.867307 0.377595 4.628915
l 17612 17613
v -0.662712 0.633791 4.644440
v -0.707101 0.644019 4.623824
l 17614 17615
v -0.657470 0.634598 4.644250
v -0.622852 0.670392 4.639737
l 17616 17617
v -0.554040 0.541921 4.659720
v -0.547062 0.501461 4.688257
l 17618 17619
v -0.553646 0.542508 4.653143
v -0.542912 0.507638 4.618955
l 17620 17621
v -0.551967 0.545396 4.656827
v -0.522166 0.585187 4.662166
l 17622 17623
v -0.744722 0.754012 4.661913
v -0.706551 0.721792 4.659699
l 17624 17625
v -0.746881 0.757061 4.658873
v -0.745936 0.802361 4.637730
l 17626 17627
v -0.747681 0.755670 4.665333
v -0.753992 0.788374 4.702624
l 17628 17629
v -0.554630 0.761010 4.673483
v -0.597919 0.736010 4.674526
l 17630 17631
v -0.551444 0.763060 4.676733
v -0.543303 0.799463 4.710029
l 17632 17633
v -0.551821 0.763437 4.670143
v -0.547269 0.803417 4.640464
l 17634 17635
v -0.549901 0.760239 4.673170
v -0.520118 0.720275 4.669185
l 17636 17637
v -0.845175 0.649142 4.629117
v -0.805138 0.652377 4.599340
l 17638 17639
v -0.848119 0.646511 4.631917
v -0.883764 0.612163 4.624873
l 17640 17641
v -0.458105 0.459041 4.664653
v -0.490762 0.464314 4.702147
l 17642 17643
v -0.540004 0.659252 4.651923
v -0.584882 0.638353 4.658940
l 17644 17645
v -0.445576 0.572016 4.661887
v -0.409989 0.543826 4.682836
l 17646 17647
v -0.448094 0.573264 4.657487
v -0.456201 0.563293 4.609166
l 17648 17649
v -0.447768 0.576527 4.661323
v -0.437514 0.624834 4.669157
l 17650 17651
v -0.665154 0.328146 4.646217
v -0.674519 0.294761 4.610192
l 17652 17653
v -0.352624 0.468569 4.671140
v -0.400278 0.453626 4.673560
l 17654 17655
v -0.662416 0.329301 4.650057
v -0.616877 0.348416 4.657852
l 17656 17657
v -0.845482 0.648125 4.635637
v -0.808377 0.641587 4.668507
l 17658 17659
v -0.762069 0.623894 4.637507
v -0.741648 0.589056 4.608023
l 17660 17661
v -0.762891 0.623465 4.644103
v -0.749745 0.584821 4.672980
l 17662 17663
v -0.942223 0.747419 4.644040
v -0.966395 0.786157 4.664414
l 17664 17665
v -0.862055 1.051157 4.653173
v -0.880643 1.017842 4.685493
l 17666 17667
v -0.909717 0.878105 4.649670
v -0.892197 0.836336 4.670844
l 17668 17669
v -0.913753 0.881125 4.648857
v -0.963563 0.878393 4.645455
l 17670 17671
v -1.562890 1.059057 4.589870
v -1.552312 1.089427 4.628155
l 17672 17673
v -0.457810 0.458340 4.658897
v -0.487101 0.457257 4.618389
l 17674 17675
v -0.442046 0.253171 4.662827
v -0.407923 0.250932 4.626349
l 17676 17677
v -0.441365 0.253480 4.669337
v -0.400407 0.254323 4.698002
l 17678 17679
v -0.444571 0.250715 4.666507
v -0.475492 0.211753 4.671598
l 17680 17681
v -0.349044 0.523755 4.675613
v -0.342624 0.488706 4.710690
l 17682 17683
v -0.352002 0.525520 4.672057
v -0.395433 0.550095 4.668925
l 17684 17685
v -0.537627 0.660924 4.648193
v -0.507013 0.650347 4.610103
l 17686 17687
v -0.250413 0.370301 4.678730
v -0.211380 0.341071 4.667683
l 17688 17689
v -0.255750 0.371297 4.677250
v -0.290590 0.361660 4.642705
l 17690 17691
v -0.252008 0.375696 4.678833
v -0.239381 0.421870 4.664393
l 17692 17693
v -0.136806 0.197816 4.691947
v -0.138416 0.242715 4.713890
l 17694 17695
v -0.138017 0.193389 4.690353
v -0.177986 0.163447 4.692804
l 17696 17697
v -0.560713 0.351464 4.651970
v -0.519079 0.376259 4.639652
l 17698 17699
v 0.106049 0.641546 4.646097
v 0.119659 0.667787 4.686423
l 17700 17701
v 1.631263 2.053187 4.853937
v 1.643189 2.018705 4.819750
l 17702 17703
v 0.970344 2.373980 4.718500
v 0.978498 2.328720 4.738122
l 17704 17705
v 2.067700 2.256547 4.712877
v 2.054970 2.260728 4.664706
l 17706 17707
v 1.628397 2.054730 4.857440
v 1.583153 2.075849 4.860082
l 17708 17709
v 1.945047 1.957953 4.793533
v 1.991865 1.973901 4.786202
l 17710 17711
v 1.941547 1.955943 4.797433
v 1.938489 1.943220 4.845691
l 17712 17713
v 1.723320 1.841503 4.829200
v 1.695459 1.801353 4.818630
l 17714 17715
v 1.462637 2.346520 4.811703
v 1.512514 2.349195 4.813961
l 17716 17717
v 1.307783 2.260607 4.680557
v 1.326974 2.282112 4.639700
l 17718 17719
v 1.549833 1.953743 4.851547
v 1.535792 1.994494 4.826205
l 17720 17721
v 1.549583 1.949357 4.853443
v 1.513929 1.914805 4.859352
l 17722 17723
v 1.537450 2.136507 4.850713
v 1.501335 2.102090 4.847375
l 17724 17725
v 1.540477 2.138760 4.847653
v 1.583003 2.135332 4.821581
l 17726 17727
v 1.537833 2.141237 4.850717
v 1.505854 2.179519 4.847276
l 17728 17729
v 1.632917 2.056290 4.857443
v 1.658915 2.098927 4.859934
l 17730 17731
v 1.631423 2.052703 4.860540
v 1.644875 2.013669 4.888743
l 17732 17733
v 1.554090 2.052003 4.850387
v 1.590357 2.079686 4.870841
l 17734 17735
v 0.105642 0.636756 4.643923
v 0.113992 0.588313 4.653062
l 17736 17737
v 1.858633 2.125640 4.778770
v 1.854553 2.077757 4.764965
l 17738 17739
v 1.857950 2.128847 4.782993
v 1.860026 2.134515 4.832628
l 17740 17741
v 1.856757 2.130297 4.778317
v 1.819826 2.153995 4.754348
l 17742 17743
v 1.853097 1.955230 4.775683
v 1.887593 1.989499 4.787330
l 17744 17745
v 1.726620 1.844357 4.826903
v 1.750937 1.862241 4.787043
l 17746 17747
v 1.742260 1.660227 4.825727
v 1.790882 1.664303 4.836646
l 17748 17749
v 1.738117 1.658480 4.824263
v 1.718425 1.612716 4.820030
l 17750 17751
v 1.454640 1.943170 4.846427
v 1.434455 1.926789 4.803716
l 17752 17753
v 1.725923 2.064973 4.819817
v 1.743706 2.031384 4.787328
l 17754 17755
v 1.846970 2.693013 4.693283
v 1.876911 2.673652 4.728336
l 17756 17757
v 1.921757 2.059707 4.795903
v 1.880871 2.041664 4.818326
l 17758 17759
v 1.922997 2.060017 4.789383
v 1.893490 2.044807 4.751993
l 17760 17761
v 1.923637 2.063107 4.793037
v 1.939323 2.110294 4.798264
l 17762 17763
v 1.857473 2.250117 4.743817
v 1.900614 2.229254 4.758088
l 17764 17765
v 2.001130 2.430793 4.861703
v 1.964457 2.419096 4.893613
l 17766 17767
v 2.059090 2.187533 4.753587
v 2.106931 2.200941 4.759199
l 17768 17769
v 1.696197 2.227960 4.828700
v 1.649564 2.211655 4.836418
l 17770 17771
v 1.989923 2.246400 4.663177
v 1.971146 2.289064 4.681266
l 17772 17773
v 2.005670 2.429060 4.859147
v 2.042325 2.395246 4.862761
l 17774 17775
v 2.053897 2.189710 4.752257
v 2.031399 2.232598 4.739827
l 17776 17777
v 2.055563 2.184670 4.750090
v 2.055143 2.157875 4.707878
l 17778 17779
v 2.054740 2.185617 4.754847
v 2.034803 2.162101 4.794211
l 17780 17781
v 1.762023 2.229980 4.652567
v 1.750350 2.276460 4.666828
l 17782 17783
v 1.765000 2.225167 4.654887
v 1.789175 2.213611 4.697101
l 17784 17785
v 1.765663 2.226940 4.649650
v 1.800586 2.231426 4.614150
l 17786 17787
v 1.761583 2.225333 4.651547
v 1.724528 2.195244 4.636663
l 17788 17789
v 1.732520 2.141107 4.823563
v 1.755177 2.101426 4.843865
l 17790 17791
v 1.848947 1.955220 4.773317
v 1.811729 1.976039 4.747213
l 17792 17793
v 1.753130 1.941467 4.780493
v 1.801313 1.938981 4.767371
l 17794 17795
v 1.743183 1.663927 4.810483
v 1.728551 1.709832 4.797120
l 17796 17797
v 1.748857 1.944610 4.780313
v 1.731756 1.989018 4.764966
l 17798 17799
v 1.749900 1.941677 4.784700
v 1.743048 1.935172 4.833799
l 17800 17801
v 1.847593 2.695000 4.687437
v 1.884839 2.698841 4.654301
l 17802 17803
v 1.039507 2.373980 4.745063
v 1.051261 2.400804 4.704538
l 17804 17805
v 1.036640 2.373987 4.749823
v 1.004610 2.400868 4.777237
l 17806 17807
v 1.041517 2.371653 4.749693
v 1.083711 2.363093 4.775117
l 17808 17809
v 1.037397 2.369450 4.747040
v 1.016247 2.325953 4.734364
l 17810 17811
v 1.648477 2.667087 4.820383
v 1.609097 2.697855 4.821986
l 17812 17813
v 1.174113 2.711643 4.772533
v 1.195637 2.745054 4.742195
l 17814 17815
v 1.679620 2.249463 4.676773
v 1.717581 2.221071 4.692675
l 17816 17817
v 1.855717 2.252543 4.739903
v 1.848841 2.261773 4.691246
l 17818 17819
v 1.852650 2.249230 4.744330
v 1.811296 2.221149 4.745480
l 17820 17821
v 1.854800 2.254100 4.744950
v 1.850150 2.295447 4.772677
l 17822 17823
v 1.638277 2.142257 4.852913
v 1.607319 2.179821 4.864341
l 17824 17825
v 1.729357 2.185033 4.537023
v 1.741913 2.136657 4.535577
l 17826 17827
v 1.741600 2.404280 4.789493
v 1.768106 2.383868 4.752335
l 17828 17829
v 1.640887 2.139083 4.855370
v 1.645480 2.098601 4.884354
l 17830 17831
v 1.639157 2.139583 4.849040
v 1.626844 2.103994 4.816149
l 17832 17833
v 1.642870 2.141857 4.851627
v 1.684072 2.168667 4.842484
l 17834 17835
v 1.675050 2.249660 4.673757
v 1.638891 2.220397 4.655421
l 17836 17837
v 1.975647 2.230450 4.801953
v 1.978714 2.195099 4.766727
l 17838 17839
v 1.641077 1.845597 4.863177
v 1.670748 1.885011 4.871309
l 17840 17841
v 1.639487 1.842630 4.859293
v 1.651510 1.812940 4.820902
l 17842 17843
v 1.748240 1.661860 4.809303
v 1.794198 1.659329 4.828835
l 17844 17845
v 1.739627 1.495817 4.817270
v 1.703849 1.520278 4.792338
l 17846 17847
v 1.744880 1.493570 4.816550
v 1.780390 1.487568 4.781866
l 17848 17849
v 1.741220 1.491393 4.819667
v 1.725333 1.448072 4.838925
l 17850 17851
v 1.751987 1.482310 4.778190
v 1.702163 1.480768 4.782093
l 17852 17853
v 1.755870 1.485737 4.777260
v 1.772667 1.523456 4.749062
l 17854 17855
v 1.928533 1.577633 4.803240
v 1.941598 1.543637 4.837498
l 17856 17857
v 1.953090 1.545977 4.811427
v 1.934648 1.545575 4.857900
l 17858 17859
v 1.951947 1.547383 4.806783
v 1.932201 1.579227 4.773676
l 17860 17861
v 1.457667 2.148560 4.840883
v 1.496788 2.145666 4.809880
l 17862 17863
v 1.454680 2.146103 4.844240
v 1.424870 2.106006 4.846133
l 17864 17865
v 1.457413 2.149057 4.847413
v 1.493998 2.151065 4.881436
l 17866 17867
v 1.290483 2.264760 4.677933
v 1.299906 2.291527 4.636766
l 17868 17869
v 1.449027 2.062903 4.844810
v 1.488521 2.032665 4.839722
l 17870 17871
v 1.445727 2.064737 4.848507
v 1.418104 2.055154 4.889067
l 17872 17873
v 1.447450 2.067603 4.844847
v 1.466841 2.113374 4.839457
l 17874 17875
v 2.191067 2.226347 4.671940
v 2.193543 2.179908 4.653573
l 17876 17877
v 2.188640 2.228860 4.675580
v 2.180260 2.234966 4.724493
l 17878 17879
v 2.193777 2.230600 4.671873
v 2.236267 2.253965 4.684067
l 17880 17881
v 1.367263 2.241677 4.821087
v 1.409491 2.267548 4.827977
l 17882 17883
v 1.781787 2.339033 4.683367
v 1.746211 2.348331 4.717248
l 17884 17885
v 1.352727 2.287987 4.763520
v 1.306122 2.271296 4.756489
l 17886 17887
v 1.730213 2.190003 4.534670
v 1.754703 2.213615 4.498026
l 17888 17889
v 1.729617 2.189683 4.540193
v 1.745904 2.207592 4.583943
l 17890 17891
v 1.252500 2.225260 4.809883
v 1.254732 2.250824 4.766971
l 17892 17893
v 1.253810 2.412247 4.799973
v 1.280841 2.425564 4.760074
l 17894 17895
v 1.055563 2.419570 4.794577
v 1.025612 2.443352 4.826785
l 17896 17897
v 1.055980 2.415950 4.790893
v 1.066491 2.367528 4.797586
l 17898 17899
v 1.549467 2.052643 4.848787
v 1.511357 2.080528 4.832352
l 17900 17901
v 1.202783 2.700063 4.755450
v 1.237367 2.693346 4.719970
l 17902 17903
v 1.184297 2.707750 4.781930
v 1.189923 2.718594 4.830415
l 17904 17905
v 1.069023 2.425920 4.798117
v 1.052353 2.468743 4.817822
l 17906 17907
v 1.246453 2.359483 4.783063
v 1.262520 2.385755 4.743672
l 17908 17909
v 1.247000 2.358830 4.788577
v 1.270961 2.375648 4.829111
l 17910 17911
v 1.022993 2.578790 4.746233
v 1.019926 2.595794 4.699314
l 17912 17913
v 1.023453 2.579827 4.751127
v 1.057069 2.599550 4.782447
l 17914 17915
v 1.775717 2.665520 4.767743
v 1.754239 2.674564 4.811980
l 17916 17917
v 1.775303 2.665847 4.762967
v 1.783495 2.701027 4.728395
l 17918 17919
v 1.148127 2.143983 4.827837
v 1.108164 2.136104 4.856834
l 17920 17921
v 1.148690 2.144157 4.821297
v 1.114322 2.138006 4.785505
l 17922 17923
v 1.151637 2.142080 4.824793
v 1.190378 2.110570 4.827295
l 17924 17925
v 1.435993 2.245463 4.842057
v 1.392500 2.251913 4.865863
l 17926 17927
v 1.555440 2.239867 4.845513
v 1.565429 2.190988 4.848843
l 17928 17929
v 1.339740 2.306463 4.661687
v 1.300680 2.319215 4.633196
l 17930 17931
v 1.340363 2.302953 4.667027
v 1.307985 2.278034 4.695848
l 17932 17933
v 1.342720 2.307260 4.665723
v 1.369405 2.343957 4.686729
l 17934 17935
v 1.255373 2.131690 4.822140
v 1.292034 2.098324 4.828677
l 17936 17937
v 1.252993 2.133890 4.818353
v 1.221266 2.128624 4.780070
l 17938 17939
v 1.351607 2.148973 4.826730
v 1.303719 2.163105 4.824068
l 17940 17941
v 1.276777 2.257583 4.672007
v 1.284476 2.272441 4.624890
l 17942 17943
v 1.434717 2.341250 4.801420
v 1.444260 2.294152 4.815229
l 17944 17945
v 1.433493 2.346497 4.801863
v 1.414202 2.381176 4.832281
l 17946 17947
v 1.278503 2.253057 4.675377
v 1.289589 2.205258 4.684989
l 17948 17949
v 1.357270 2.287487 4.761450
v 1.389027 2.283726 4.723014
l 17950 17951
v 1.253823 2.226413 4.815897
v 1.271272 2.265245 4.842120
l 17952 17953
v 1.700353 2.231050 4.832720
v 1.694929 2.245420 4.880302
l 17954 17955
v 1.356530 2.287330 4.766727
v 1.372578 2.263568 4.807688
l 17956 17957
v 1.355053 2.292167 4.765033
v 1.361590 2.341680 4.767420
l 17958 17959
v 1.458660 2.344627 4.814337
v 1.436779 2.307089 4.839078
l 17960 17961
v 1.458487 2.349440 4.812463
v 1.445450 2.395752 4.826075
l 17962 17963
v 1.249417 2.223793 4.814107
v 1.201808 2.214642 4.826339
l 17964 17965
v 1.253990 2.222213 4.813403
v 1.278622 2.178799 4.816309
l 17966 17967
v 1.390267 2.346530 4.742260
v 1.381677 2.325581 4.697680
l 17968 17969
v 1.440317 2.347637 4.794693
v 1.457196 2.355493 4.748289
l 17970 17971
v 1.188470 2.696557 4.778707
v 1.157687 2.659774 4.764585
l 17972 17973
v 1.192023 2.697553 4.782337
v 1.202951 2.698874 4.831110
l 17974 17975
v 1.495367 2.655410 4.787990
v 1.541326 2.675082 4.788866
l 17976 17977
v 1.369873 2.616187 4.815617
v 1.383844 2.579054 4.785186
l 17978 17979
v 1.173380 2.708533 4.781940
v 1.168690 2.713999 4.831419
l 17980 17981
v 1.056590 2.728260 4.792563
v 1.020565 2.739938 4.759917
l 17982 17983
v 0.951967 2.266773 4.661317
v 0.944017 2.223969 4.685905
l 17984 17985
v 0.953933 2.268170 4.657037
v 0.995604 2.275618 4.630427
l 17986 17987
v 0.951713 2.271587 4.662267
v 0.972559 2.311092 4.684735
l 17988 17989
v 0.949542 2.269740 4.658350
v 0.903933 2.271367 4.637927
l 17990 17991
v 0.896738 2.545333 4.703063
v 0.871819 2.566002 4.664960
l 17992 17993
v 0.898281 2.540123 4.705070
v 0.890597 2.491048 4.699363
l 17994 17995
v 0.982539 2.579870 4.707833
v 0.992943 2.538018 4.682532
l 17996 17997
v 0.748369 2.612330 4.663660
v 0.715086 2.628052 4.697499
l 17998 17999
v 1.067687 1.553593 4.825343
v 1.112890 1.543226 4.844029
l 18000 18001
v 0.790232 2.444577 4.658913
v 0.782224 2.481512 4.626178
l 18002 18003
v 0.850384 2.565253 4.682740
v 0.812547 2.539492 4.702858
l 18004 18005
v 0.753308 2.612053 4.661957
v 0.795804 2.638353 4.660410
l 18006 18007
v 0.929191 2.206500 4.739693
v 0.922356 2.157095 4.736162
l 18008 18009
v 1.437163 2.244757 4.835593
v 1.404907 2.244440 4.797391
l 18010 18011
v 1.556313 2.243787 4.848173
v 1.586163 2.277860 4.869338
l 18012 18013
v 1.355167 2.145177 4.825477
v 1.366402 2.113505 4.788454
l 18014 18015
v 1.354927 2.145370 4.830820
v 1.343030 2.120454 4.872505
l 18016 18017
v 1.356160 2.149030 4.828063
v 1.392700 2.183158 4.828470
l 18018 18019
v 1.566030 2.436957 4.839263
v 1.530856 2.471639 4.847008
l 18020 18021
v 1.261023 2.071900 4.820980
v 1.275827 2.112007 4.846908
l 18022 18023
v 1.261790 2.067713 4.818600
v 1.286676 2.024549 4.822788
l 18024 18025
v 1.598117 2.286927 4.745973
v 1.632717 2.303791 4.714061
l 18026 18027
v 1.452263 2.342967 4.800873
v 1.477940 2.328212 4.760587
l 18028 18029
v 1.554397 2.242973 4.841983
v 1.564846 2.268813 4.800473
l 18030 18031
v 1.784710 2.336650 4.680527
v 1.779964 2.297824 4.649382
l 18032 18033
v 1.807817 2.386327 4.753353
v 1.853978 2.371671 4.740930
l 18034 18035
v 1.788000 2.338100 4.683583
v 1.822332 2.336919 4.719914
l 18036 18037
v 1.571127 2.435773 4.840250
v 1.613374 2.451043 4.862204
l 18038 18039
v 1.733750 2.417187 4.808780
v 1.743146 2.375799 4.835214
l 18040 18041
v 1.738533 2.406860 4.798797
v 1.771892 2.406329 4.836038
l 18042 18043
v 1.731067 2.246203 4.764390
v 1.719723 2.207883 4.794438
l 18044 18045
v 1.387957 2.346773 4.746443
v 1.369018 2.327539 4.788531
l 18046 18047
v 1.394127 2.348010 4.744673
v 1.437320 2.341195 4.768921
l 18048 18049
v 1.678597 2.253560 4.672253
v 1.704385 2.273813 4.634507
l 18050 18051
v 1.734450 2.406770 4.795933
v 1.693613 2.378471 4.790320
l 18052 18053
v 1.649950 2.235077 4.843230
v 1.624239 2.193605 4.832320
l 18054 18055
v 1.676533 2.253307 4.676727
v 1.656042 2.284696 4.709815
l 18056 18057
v 1.724803 2.637323 4.810553
v 1.771133 2.629170 4.793610
l 18058 18059
v 1.143100 2.419860 4.811163
v 1.108798 2.408522 4.845729
l 18060 18061
v 1.147600 2.417590 4.811697
v 1.195234 2.432374 4.815228
l 18062 18063
v 1.350947 2.052850 4.834800
v 1.305388 2.057746 4.854810
l 18064 18065
v 1.353913 2.050247 4.832080
v 1.382737 2.009934 4.838719
l 18066 18067
v 1.166750 2.713423 4.776173
v 1.126134 2.741046 4.785518
l 18068 18069
v 1.171267 2.707390 4.772733
v 1.152435 2.664317 4.755702
l 18070 18071
v 1.202310 2.704137 4.765127
v 1.236466 2.739106 4.775641
l 18072 18073
v 1.146653 2.653897 4.816617
v 1.195730 2.662729 4.820281
l 18074 18075
v 1.200337 2.697693 4.774907
v 1.242038 2.696075 4.802446
l 18076 18077
v 1.177897 2.702500 4.778500
v 1.159972 2.658157 4.763925
l 18078 18079
v 1.254337 2.686630 4.766363
v 1.233109 2.721031 4.795790
l 18080 18081
v 1.252177 2.683140 4.761383
v 1.208044 2.680553 4.738024
l 18082 18083
v 1.256747 2.685487 4.761937
v 1.295601 2.700728 4.734403
l 18084 18085
v 1.255290 2.681893 4.765087
v 1.274015 2.640503 4.785972
l 18086 18087
v 1.488407 2.649617 4.777573
v 1.449172 2.622783 4.793084
l 18088 18089
v 1.653013 2.419633 4.837523
v 1.661019 2.408756 4.789382
l 18090 18091
v 1.655093 2.422037 4.842070
v 1.690482 2.453999 4.857105
l 18092 18093
v 1.650307 2.420727 4.841570
v 1.605136 2.439180 4.852480
l 18094 18095
v 1.367303 2.617703 4.819783
v 1.330309 2.602488 4.849782
l 18096 18097
v 1.249823 2.402730 4.805890
v 1.259823 2.375625 4.846698
l 18098 18099
v 1.244753 2.411123 4.805257
v 1.196527 2.420056 4.814974
l 18100 18101
v 1.248743 2.403883 4.799470
v 1.235977 2.392624 4.752457
l 18102 18103
v 1.141350 2.429163 4.802970
v 1.136512 2.408894 4.757520
l 18104 18105
v 1.073530 2.419883 4.790917
v 1.101302 2.423526 4.749499
l 18106 18107
v 1.700913 2.227820 4.829280
v 1.737723 2.197291 4.814685
l 18108 18109
v 1.554893 2.358577 4.807930
v 1.584450 2.319290 4.817038
l 18110 18111
v 1.446890 2.351133 4.802077
v 1.438915 2.396124 4.822381
l 18112 18113
v 1.732853 2.247627 4.759307
v 1.755493 2.228741 4.718924
l 18114 18115
v 1.551630 2.242703 4.846320
v 1.503847 2.243368 4.861028
l 18116 18117
v 1.756997 2.370313 4.754750
v 1.800622 2.363422 4.731311
l 18118 18119
v 1.727303 2.066863 4.824083
v 1.763269 2.065498 4.858791
l 18120 18121
v 1.675177 2.292890 4.773690
v 1.627868 2.308364 4.778431
l 18122 18123
v 1.567317 2.431897 4.840307
v 1.553514 2.387230 4.858037
l 18124 18125
v 1.699207 2.232010 4.827820
v 1.704425 2.268682 4.794236
l 18126 18127
v 1.678180 2.290453 4.776393
v 1.696034 2.254898 4.806677
l 18128 18129
v 1.677797 2.291193 4.770153
v 1.691382 2.263940 4.730496
l 18130 18131
v 1.679397 2.295003 4.773683
v 1.709239 2.335016 4.776595
l 18132 18133
v 2.067303 2.253210 4.716560
v 2.052967 2.210096 4.737433
l 18134 18135
v 2.066843 2.258913 4.717177
v 2.047286 2.294045 4.746896
l 18136 18137
v 1.438973 2.242297 4.839567
v 1.465774 2.201135 4.848919
l 18138 18139
v 1.452983 1.946170 4.851350
v 1.411982 1.967431 4.870503
l 18140 18141
v 1.246873 1.853223 4.831240
v 1.282432 1.818079 4.830586
l 18142 18143
v 1.246283 1.857457 4.829193
v 1.252101 1.899209 4.802306
l 18144 18145
v 1.242213 1.853317 4.830377
v 1.198074 1.838395 4.812237
l 18146 18147
v 0.938024 2.159550 4.742367
v 0.900411 2.126621 4.743312
l 18148 18149
v 0.562239 2.440507 4.681043
v 0.554515 2.455739 4.728036
l 18150 18151
v 1.067477 1.848467 4.816803
v 1.100058 1.872988 4.845737
l 18152 18153
v 1.071220 2.417030 4.795163
v 1.061144 2.371990 4.814396
l 18154 18155
v 0.896971 2.544677 4.708397
v 0.875661 2.555300 4.752363
l 18156 18157
v 0.901196 2.544357 4.705460
v 0.949174 2.558426 4.705096
l 18158 18159
v 0.855725 2.564550 4.680727
v 0.890602 2.529247 4.674618
l 18160 18161
v 0.845089 2.361260 4.692633
v 0.831939 2.395425 4.658577
l 18162 18163
v 0.945527 2.048640 4.739307
v 0.901406 2.040341 4.761317
l 18164 18165
v 0.657569 1.556663 4.653347
v 0.649770 1.603471 4.637592
l 18166 18167
v 0.565075 2.239683 4.642353
v 0.541025 2.263377 4.679235
l 18168 18169
v 0.751523 2.607163 4.662473
v 0.755765 2.561417 4.682203
l 18170 18171
v 0.748429 1.960110 4.719993
v 0.706230 1.938476 4.735844
l 18172 18173
v 1.128100 2.364573 4.760867
v 1.127996 2.323691 4.732080
l 18174 18175
v 0.772562 2.445010 4.657773
v 0.750881 2.485499 4.677536
l 18176 18177
v 0.996066 2.402210 4.739917
v 1.038580 2.409479 4.765209
l 18178 18179
v 0.848092 2.364310 4.706173
v 0.892248 2.361412 4.729451
l 18180 18181
v 0.798518 2.448887 4.672390
v 0.761396 2.427367 4.698059
l 18182 18183
v 0.803553 2.448640 4.670880
v 0.848929 2.439272 4.689675
l 18184 18185
v 0.752218 2.358450 4.654217
v 0.708548 2.364522 4.630636
l 18186 18187
v 0.785316 2.443487 4.666310
v 0.772678 2.455101 4.713272
l 18188 18189
v 0.844246 2.271897 4.582323
v 0.889122 2.282640 4.563068
l 18190 18191
v 0.843182 2.362447 4.706200
v 0.810817 2.327082 4.720406
l 18192 18193
v 0.849206 2.357820 4.693450
v 0.898607 2.350222 4.692101
l 18194 18195
v 0.851653 2.223440 4.720630
v 0.840432 2.174716 4.720866
l 18196 18197
v 0.978139 2.383833 4.731013
v 0.989411 2.343867 4.758863
l 18198 18199
v 0.846305 2.230223 4.711030
v 0.818194 2.194693 4.689879
l 18200 18201
v 0.633964 2.372233 4.671263
v 0.645606 2.326812 4.688624
l 18202 18203
v 0.632106 2.375103 4.666447
v 0.629825 2.366971 4.617165
l 18204 18205
v 0.634501 2.377233 4.670413
v 0.666289 2.414521 4.680371
l 18206 18207
v 0.989937 2.390573 4.734887
v 1.007785 2.351106 4.759863
l 18208 18209
v 0.978087 2.388033 4.722117
v 1.011031 2.401716 4.687082
l 18210 18211
v 0.972720 2.387967 4.724193
v 0.933478 2.417605 4.733231
l 18212 18213
v 0.932344 2.210460 4.739793
v 0.966983 2.232045 4.710910
l 18214 18215
v 0.930962 2.210303 4.744660
v 0.942350 2.200035 4.792251
l 18216 18217
v 0.927515 2.211037 4.741073
v 0.889290 2.241721 4.731209
l 18218 18219
v 1.022030 2.148267 4.769943
v 0.992714 2.121246 4.739769
l 18220 18221
v 0.746234 2.155437 4.709037
v 0.736379 2.198968 4.731574
l 18222 18223
v 0.940035 2.164000 4.745757
v 0.925361 2.193228 4.783577
l 18224 18225
v -1.563280 2.361397 4.560427
v -1.515968 2.369789 4.546602
l 18226 18227
v -1.567610 2.359540 4.561357
v -1.589830 2.315161 4.555291
l 18228 18229
v 0.744260 2.150457 4.708113
v 0.704528 2.120164 4.710051
l 18230 18231
v 0.749437 2.151227 4.708890
v 0.789695 2.131208 4.730766
l 18232 18233
v 0.949928 1.871427 4.741903
v 0.962634 1.915561 4.722136
l 18234 18235
v 0.550857 2.235997 4.572443
v 0.556147 2.204243 4.534185
l 18236 18237
v 0.946545 1.867070 4.741010
v 0.906171 1.851896 4.715718
l 18238 18239
v 0.988100 2.396413 4.729527
v 0.964122 2.423844 4.695283
l 18240 18241
v 0.991869 2.404463 4.739553
v 0.966560 2.444256 4.756166
l 18242 18243
v 1.143750 2.650203 4.817530
v 1.135587 2.603402 4.833120
l 18244 18245
v 1.080807 2.143237 4.819843
v 1.107631 2.106589 4.840758
l 18246 18247
v 0.979576 2.581740 4.712440
v 0.949356 2.564996 4.748584
l 18248 18249
v 2.164647 2.589157 4.644523
v 2.164508 2.638790 4.638477
l 18250 18251
v 0.959354 2.591053 4.697730
v 0.986005 2.593443 4.655492
l 18252 18253
v 0.955687 2.589567 4.701277
v 0.928567 2.548183 4.708482
l 18254 18255
v 0.645265 1.965953 4.662910
v 0.651760 2.015037 4.655936
l 18256 18257
v 2.166303 2.584723 4.642183
v 2.174204 2.558982 4.600053
l 18258 18259
v 2.161650 2.585220 4.646367
v 2.116221 2.565165 4.652200
l 18260 18261
v 0.839454 2.243120 4.688570
v 0.823861 2.195615 4.688238
l 18262 18263
v 0.847343 2.235407 4.697747
v 0.811239 2.202164 4.688182
l 18264 18265
v 0.850913 1.959263 4.737337
v 0.871853 1.953713 4.782400
l 18266 18267
v 1.061633 2.422757 4.786837
v 1.064686 2.458523 4.752031
l 18268 18269
v 1.025717 2.147343 4.772777
v 1.056012 2.111349 4.789707
l 18270 18271
v 1.080460 2.145673 4.815417
v 1.102297 2.174479 4.780871
l 18272 18273
v 1.077903 2.147137 4.821260
v 1.073971 2.190673 4.845532
l 18274 18275
v 1.076410 2.144023 4.817720
v 1.035465 2.117650 4.806409
l 18276 18277
v 0.858273 2.040727 4.728570
v 0.906106 2.039734 4.714043
l 18278 18279
v 1.086313 2.213157 4.823477
v 1.067643 2.179239 4.855115
l 18280 18281
v 1.085920 2.215150 4.819110
v 1.058143 2.251092 4.798214
l 18282 18283
v 1.089170 2.211940 4.817587
v 1.096066 2.167127 4.796509
l 18284 18285
v 1.090137 2.214803 4.821227
v 1.126939 2.246723 4.832483
l 18286 18287
v 1.080920 2.423047 4.802197
v 1.116911 2.439441 4.832789
l 18288 18289
v 0.640224 2.240567 4.619567
v 0.594706 2.257235 4.607307
l 18290 18291
v 0.565948 1.953673 4.695667
v 0.612131 1.951535 4.714707
l 18292 18293
v 0.564240 1.953530 4.689237
v 0.594922 1.950092 4.649907
l 18294 18295
v 0.562811 1.956183 4.693000
v 0.531731 1.994644 4.700400
l 18296 18297
v 0.562511 1.951373 4.693187
v 0.526938 1.917751 4.703387
l 18298 18299
v 0.553118 1.657607 4.707377
v 0.577178 1.659545 4.751164
l 18300 18301
v 0.700241 1.955100 4.693587
v 0.731892 1.932956 4.725333
l 18302 18303
v 1.257983 1.672853 4.834400
v 1.236788 1.628961 4.823252
l 18304 18305
v 1.260850 1.675497 4.837477
v 1.288701 1.676826 4.878981
l 18306 18307
v 1.067367 1.846833 4.812257
v 1.083764 1.823770 4.771035
l 18308 18309
v 1.064157 1.845010 4.817417
v 1.044950 1.801714 4.833435
l 18310 18311
v 1.212610 1.562090 4.851833
v 1.211044 1.512149 4.853700
l 18312 18313
v 0.951734 1.744623 4.746300
v 0.991576 1.774669 4.749448
l 18314 18315
v 0.612247 1.607267 4.701557
v 0.565949 1.602656 4.719866
l 18316 18317
v 0.616931 1.607997 4.703273
v 0.654893 1.589692 4.730177
l 18318 18319
v 0.773155 1.485107 4.727570
v 0.814801 1.469750 4.750588
l 18320 18321
v 0.948476 1.742707 4.749377
v 0.939769 1.707025 4.783303
l 18322 18323
v 0.949611 1.741883 4.742873
v 0.951218 1.698721 4.717686
l 18324 18325
v 0.947097 1.744947 4.745450
v 0.915457 1.782281 4.735203
l 18326 18327
v 1.212740 1.565503 4.848370
v 1.185913 1.591486 4.815125
l 18328 18329
v 1.023310 1.839247 4.778550
v 1.033006 1.821633 4.824329
l 18330 18331
v 1.083217 1.744013 4.826047
v 1.060747 1.700832 4.814623
l 18332 18333
v 1.019753 1.747387 4.774427
v 0.986636 1.779068 4.754438
l 18334 18335
v 1.023260 1.743963 4.772910
v 1.032458 1.702325 4.746802
l 18336 18337
v 1.024063 1.747053 4.776477
v 1.060538 1.778952 4.788809
l 18338 18339
v 0.947202 1.553983 4.747000
v 0.897546 1.559244 4.744438
l 18340 18341
v 0.853699 2.036923 4.730027
v 0.841764 1.990941 4.714433
l 18342 18343
v 0.551529 1.649500 4.697160
v 0.508773 1.623841 4.700849
l 18344 18345
v -0.911206 1.360167 4.635703
v -0.873714 1.357558 4.602725
l 18346 18347
v -0.911365 1.360310 4.642163
v -0.875548 1.359221 4.677035
l 18348 18349
v 0.560511 2.441747 4.675867
v 0.531525 2.470584 4.647088
l 18350 18351
v -0.799399 1.075293 4.656163
v -0.815739 1.029872 4.643127
l 18352 18353
v -0.864233 1.057207 4.651663
v -0.903794 1.082095 4.669426
l 18354 18355
v -0.860103 1.241370 4.648953
v -0.876735 1.201604 4.674293
l 18356 18357
v -0.861643 1.246490 4.647003
v -0.899484 1.279166 4.647583
l 18358 18359
v -0.856991 1.244997 4.647713
v -0.814048 1.264315 4.664529
l 18360 18361
v -0.910553 1.163373 4.637633
v -0.870424 1.153903 4.609349
l 18362 18363
v -1.865770 0.854842 4.553937
v -1.902949 0.839906 4.524026
l 18364 18365
v -1.517070 1.074337 4.604490
v -1.507153 1.088106 4.557457
l 18366 18367
v 0.093021 1.352540 4.230843
v 0.050089 1.330799 4.244416
l 18368 18369
v 0.077899 1.416867 4.202200
v 0.034073 1.440776 4.199435
l 18370 18371
v 0.082622 1.418800 4.201617
v 0.114694 1.453932 4.186218
l 18372 18373
v 0.087797 1.426710 4.214663
v 0.052874 1.456265 4.194491
l 18374 18375
v 0.084241 1.420167 4.217007
v 0.070607 1.384645 4.249447
l 18376 18377
v 0.097546 1.351957 4.233567
v 0.128497 1.384428 4.255649
l 18378 18379
v -1.756190 1.656060 4.543267
v -1.795308 1.654704 4.512155
l 18380 18381
v -1.756503 1.656243 4.549923
v -1.798365 1.656465 4.577265
l 18382 18383
v -1.753973 1.658590 4.546640
v -1.719852 1.695133 4.547240
l 18384 18385
v -2.270197 1.547640 4.501470
v -2.273411 1.576215 4.460566
l 18386 18387
v -1.567043 1.452543 4.578183
v -1.613881 1.455858 4.561001
l 18388 18389
v -1.655547 1.553797 4.556313
v -1.617912 1.520879 4.556571
l 18390 18391
v -1.521097 1.741963 4.602157
v -1.504327 1.786496 4.617506
l 18392 18393
v -1.521150 1.533970 4.603513
v -1.570841 1.537367 4.607903
l 18394 18395
v -1.939883 2.236700 4.511080
v -1.945331 2.206240 4.471805
l 18396 18397
v -2.349513 1.711220 4.498183
v -2.364716 1.705949 4.450843
l 18398 18399
v 1.074907 2.696360 4.813433
v 1.034336 2.670824 4.827644
l 18400 18401
v 1.078783 2.700330 4.814610
v 1.112553 2.713115 4.849195
l 18402 18403
v -1.749727 1.945343 4.536997
v -1.748165 1.899546 4.516993
l 18404 18405
v -1.516360 1.536430 4.605267
v -1.497485 1.575703 4.629790
l 18406 18407
v -1.516777 1.531183 4.604610
v -1.501064 1.487445 4.623050
l 18408 18409
v -1.519103 1.339520 4.608690
v -1.566131 1.337595 4.625563
l 18410 18411
v -1.514150 1.336830 4.608787
v -1.490613 1.296462 4.626575
l 18412 18413
v -0.941714 0.742035 4.644463
v -0.963527 0.698870 4.657151
l 18414 18415
v -0.937960 0.745027 4.643230
v -0.889553 0.750492 4.654495
l 18416 18417
v -1.647913 1.155870 4.563310
v -1.674653 1.195837 4.549611
l 18418 18419
v -1.445320 0.056744 4.592477
v -1.412781 0.073741 4.558531
l 18420 18421
v -1.559207 1.346453 4.584020
v -1.602338 1.329395 4.565345
l 18422 18423
v -1.554723 1.346647 4.582500
v -1.510517 1.325727 4.572100
l 18424 18425
v -1.515963 1.339290 4.604013
v -1.518064 1.333638 4.554378
l 18426 18427
v -1.557637 1.347627 4.588333
v -1.541567 1.336191 4.634279
l 18428 18429
v -1.557123 1.350693 4.584347
v -1.562956 1.399108 4.573300
l 18430 18431
v -1.564987 1.452103 4.582480
v -1.550528 1.472243 4.625901
l 18432 18433
v -1.562670 1.453270 4.576390
v -1.526263 1.484445 4.562156
l 18434 18435
v -1.563830 1.449043 4.578737
v -1.558726 1.399870 4.571258
l 18436 18437
v -3.202737 0.654431 4.453543
v -3.249473 0.672024 4.451063
l 18438 18439
v -1.570307 1.247793 4.579657
v -1.613805 1.232696 4.560164
l 18440 18441
v -0.914835 1.255420 4.641790
v -0.941696 1.234558 4.605139
l 18442 18443
v -0.267313 1.146033 4.689623
v -0.219131 1.158239 4.695062
l 18444 18445
v -0.270315 1.140950 4.687073
v -0.254180 1.098952 4.665260
l 18446 18447
v -0.271451 1.143410 4.691613
v -0.294373 1.135055 4.735257
l 18448 18449
v -1.053490 0.719614 4.631177
v -1.045882 0.671631 4.619353
l 18450 18451
v -1.053740 0.723781 4.628790
v -1.082033 0.754914 4.601768
l 18452 18453
v -0.847798 0.759577 4.654293
v -0.806102 0.732704 4.648026
l 18454 18455
v -1.032177 0.555737 4.617390
v -1.019319 0.594833 4.588997
l 18456 18457
v -1.033363 0.555165 4.623757
v -1.032793 0.588371 4.661134
l 18458 18459
v -0.914636 1.161580 4.640257
v -0.953691 1.130948 4.634223
l 18460 18461
v -1.043293 0.452039 4.623850
v -1.019939 0.447329 4.667809
l 18462 18463
v -1.041817 0.450577 4.618127
v -1.001581 0.444660 4.589039
l 18464 18465
v -0.858759 0.849911 4.653883
v -0.862801 0.800485 4.660265
l 18466 18467
v -1.660233 0.851691 4.573023
v -1.664754 0.862580 4.621613
l 18468 18469
v -1.656163 0.851087 4.568837
v -1.606725 0.853953 4.561937
l 18470 18471
v -1.660630 0.848727 4.568950
v -1.680631 0.804817 4.555841
l 18472 18473
v -1.648337 1.150903 4.563260
v -1.679915 1.114628 4.549589
l 18474 18475
v -1.867770 0.460729 4.566433
v -1.845999 0.504666 4.576209
l 18476 18477
v -1.532813 0.755266 4.593333
v -1.521983 0.804078 4.593548
l 18478 18479
v -1.846617 1.246827 4.554327
v -1.817973 1.238818 4.514135
l 18480 18481
v -1.843893 1.137870 4.563293
v -1.805675 1.137838 4.595533
l 18482 18483
v -1.843467 1.137800 4.556647
v -1.801430 1.137147 4.529581
l 18484 18485
v -1.846113 1.140303 4.559787
v -1.879682 1.177272 4.557242
l 18486 18487
v -1.845470 1.249123 4.559870
v -1.807801 1.252726 4.592551
l 18488 18489
v -1.849483 1.244990 4.557833
v -1.870832 1.204952 4.578838
l 18490 18491
v -1.955270 1.143663 4.548300
v -1.994954 1.113567 4.543898
l 18492 18493
v -1.850900 1.050783 4.559047
v -1.816890 1.014501 4.564235
l 18494 18495
v -2.363480 1.650930 4.498460
v -2.405748 1.625132 4.505378
l 18496 18497
v -1.522663 0.078219 4.599330
v -1.539087 0.049134 4.562123
l 18498 18499
v -1.857727 1.345860 4.552383
v -1.896624 1.377107 4.549118
l 18500 18501
v -1.560050 1.656547 4.573610
v -1.569088 1.694854 4.542774
l 18502 18503
v -1.561500 1.651763 4.575250
v -1.580007 1.608423 4.558543
l 18504 18505
v -1.561960 1.655087 4.579513
v -1.593105 1.675886 4.612640
l 18506 18507
v -1.655763 1.751537 4.546410
v -1.621707 1.787340 4.554046
l 18508 18509
v -1.658703 1.748893 4.549160
v -1.662812 1.708385 4.578181
l 18510 18511
v -1.657350 1.748997 4.542640
v -1.649304 1.709403 4.513184
l 18512 18513
v -1.561080 1.840750 4.578037
v -1.517555 1.861743 4.590878
l 18514 18515
v -1.753137 1.449127 4.554347
v -1.719265 1.484512 4.564377
l 18516 18517
v -1.843613 1.446030 4.548163
v -1.799434 1.458878 4.528591
l 18518 18519
v -1.845970 1.444357 4.553427
v -1.831473 1.436068 4.600556
l 18520 18521
v -1.848263 1.446540 4.549683
v -1.885442 1.479392 4.543481
l 18522 18523
v -1.654867 1.446173 4.556167
v -1.685229 1.447200 4.516455
l 18524 18525
v -1.524533 1.738227 4.603297
v -1.572959 1.729245 4.611913
l 18526 18527
v -1.519993 1.736673 4.602843
v -1.483349 1.709010 4.622640
l 18528 18529
v 0.844083 2.342227 4.692383
v 0.843967 2.311185 4.731580
l 18530 18531
v 1.007480 2.260203 4.688467
v 0.975700 2.222264 4.695581
l 18532 18533
v 1.011303 2.261260 4.685537
v 1.036678 2.263066 4.642492
l 18534 18535
v 1.007367 2.265133 4.688607
v 0.988327 2.310587 4.680155
l 18536 18537
v 1.011310 2.262243 4.690810
v 1.041796 2.261819 4.730438
l 18538 18539
v 1.153063 2.405863 4.805500
v 1.197735 2.423414 4.819516
l 18540 18541
v 1.151883 2.397283 4.804103
v 1.161972 2.348457 4.800334
l 18542 18543
v 1.492260 2.650890 4.773723
v 1.527878 2.618307 4.760696
l 18544 18545
v 1.354503 2.663443 4.765857
v 1.376127 2.632071 4.798232
l 18546 18547
v 1.368207 2.621100 4.816053
v 1.355221 2.663343 4.792667
l 18548 18549
v 0.982088 2.644457 4.716700
v 1.026973 2.663157 4.705054
l 18550 18551
v 1.767837 2.703820 4.722920
v 1.766100 2.654580 4.731427
l 18552 18553
v 1.765227 2.708490 4.722643
v 1.720142 2.727989 4.713307
l 18554 18555
v 1.769410 2.708917 4.725967
v 1.786632 2.721225 4.771265
l 18556 18557
v 1.720433 2.636767 4.808810
v 1.682399 2.647723 4.778260
l 18558 18559
v 1.490187 2.657807 4.779033
v 1.472117 2.704349 4.776341
l 18560 18561
v 1.085047 2.674140 4.814207
v 1.035359 2.670280 4.818241
l 18562 18563
v 1.079637 2.684380 4.808557
v 1.039440 2.664153 4.830353
l 18564 18565
v 1.653950 2.667190 4.820920
v 1.694966 2.695741 4.822500
l 18566 18567
v 1.520620 2.645787 4.834703
v 1.512884 2.650277 4.785510
l 18568 18569
v 1.485363 2.658560 4.764087
v 1.493077 2.702642 4.786386
l 18570 18571
v 1.485580 2.655923 4.760073
v 1.492293 2.651742 4.710703
l 18572 18573
v 1.481727 2.654650 4.763923
v 1.434390 2.640140 4.770901
l 18574 18575
v 1.658373 2.713250 4.771037
v 1.670536 2.699210 4.724615
l 18576 18577
v 1.944400 2.153943 4.790540
v 1.991671 2.147474 4.775588
l 18578 18579
v 1.654273 2.714697 4.773977
v 1.605597 2.725682 4.777123
l 18580 18581
v 1.659430 2.716893 4.774663
v 1.684311 2.757730 4.789268
l 18582 18583
v 1.142720 2.655350 4.818920
v 1.110496 2.686249 4.841434
l 18584 18585
v 1.089520 2.676577 4.815853
v 1.110355 2.696095 4.856901
l 18586 18587
v 1.143537 2.653250 4.813043
v 1.120553 2.660483 4.769232
l 18588 18589
v 1.089530 2.672943 4.812500
v 1.115683 2.631426 4.802888
l 18590 18591
v 1.084120 2.683183 4.806850
v 1.098575 2.688771 4.759312
l 18592 18593
v 0.979741 2.640273 4.716033
v 0.972425 2.591474 4.707965
l 18594 18595
v 0.979292 2.644223 4.720647
v 0.966485 2.643708 4.768976
l 18596 18597
v 0.583512 2.188957 4.521127
v 0.560499 2.194159 4.565210
l 18598 18599
v 0.775528 2.443003 4.653543
v 0.803929 2.446951 4.612582
l 18600 18601
v 0.848384 2.345643 4.688850
v 0.897869 2.349953 4.683135
l 18602 18603
v 0.843346 2.339003 4.683577
v 0.840519 2.304881 4.647140
l 18604 18605
v 0.564592 2.237183 4.637863
v 0.549367 2.244639 4.590825
l 18606 18607
v 0.552714 2.236673 4.577033
v 0.590069 2.240303 4.610070
l 18608 18609
v 0.549729 2.240807 4.573190
v 0.554385 2.289751 4.564091
l 18610 18611
v 0.547560 2.236983 4.576063
v 0.503614 2.223615 4.595813
l 18612 18613
v 0.641598 2.221323 4.465990
v 0.662081 2.177667 4.479203
l 18614 18615
v 0.852112 2.227870 4.723583
v 0.847986 2.247470 4.769396
l 18616 18617
v 0.722904 2.330700 4.413937
v 0.725335 2.297655 4.451382
l 18618 18619
v 0.756576 2.356827 4.655293
v 0.782582 2.315162 4.645928
l 18620 18621
v 0.849207 1.956980 4.733097
v 0.815229 1.922872 4.719600
l 18622 18623
v 0.853542 1.959020 4.731333
v 0.900671 1.951106 4.716629
l 18624 18625
v 0.850060 1.961717 4.733283
v 0.825379 2.003366 4.720787
l 18626 18627
v 0.644447 2.242567 4.620510
v 0.673228 2.283154 4.625445
l 18628 18629
v 0.542149 2.031703 4.688837
v 0.578347 2.004559 4.667554
l 18630 18631
v 0.940017 2.163850 4.739817
v 0.932553 2.195900 4.702172
l 18632 18633
v 0.839284 2.271663 4.580963
v 0.805324 2.277454 4.544725
l 18634 18635
v 0.841568 2.267917 4.584197
v 0.838162 2.222329 4.604448
l 18636 18637
v 0.840866 2.273683 4.585777
v 0.828585 2.300841 4.625922
l 18638 18639
v 0.642346 1.774103 4.673147
v 0.627815 1.726518 4.668194
l 18640 18641
v 0.568899 2.237123 4.640710
v 0.617438 2.244601 4.631325
l 18642 18643
v 0.565810 2.233360 4.641113
v 0.549188 2.192942 4.665406
l 18644 18645
v 0.942457 2.161150 4.742850
v 0.987908 2.140317 4.743238
l 18646 18647
v 0.846764 2.234653 4.713983
v 0.825559 2.271792 4.739889
l 18648 18649
v 0.967559 2.324193 4.675430
v 1.001578 2.288209 4.668514
l 18650 18651
v 0.971828 2.377303 4.714043
v 0.998052 2.377465 4.671472
l 18652 18653
v 0.757402 2.361517 4.654970
v 0.777197 2.405128 4.640608
l 18654 18655
v 0.754769 2.358927 4.659180
v 0.744653 2.364067 4.707875
l 18656 18657
v 0.556252 1.659480 4.698903
v 0.570828 1.681612 4.656504
l 18658 18659
v 0.554847 1.651473 4.693973
v 0.570594 1.675415 4.653000
l 18660 18661
v 0.952343 1.950883 4.743590
v 0.976289 1.952011 4.787468
l 18662 18663
v 0.952876 1.949147 4.737907
v 0.991032 1.941225 4.706581
l 18664 18665
v 0.949477 1.952570 4.739673
v 0.924661 1.993377 4.724877
l 18666 18667
v 0.581247 2.545053 4.688790
v 0.601130 2.525121 4.730110
l 18668 18669
v 0.569295 2.171080 4.675853
v 0.608308 2.145862 4.657358
l 18670 18671
v 0.853562 2.041720 4.729247
v 0.820438 2.074903 4.711876
l 18672 18673
v 1.025087 2.245863 4.761503
v 0.977819 2.251729 4.776714
l 18674 18675
v 1.029733 2.248837 4.759653
v 1.045776 2.295876 4.754182
l 18676 18677
v 1.028283 2.244240 4.756920
v 1.023113 2.224043 4.711474
l 18678 18679
v 1.029817 2.244270 4.761673
v 1.059146 2.217141 4.791737
l 18680 18681
v 0.714237 2.205843 4.542527
v 0.689049 2.244849 4.523976
l 18682 18683
v 0.718773 2.202053 4.539540
v 0.736310 2.205353 4.492833
l 18684 18685
v 0.714881 2.200910 4.542420
v 0.689880 2.159942 4.556440
l 18686 18687
v 0.718308 2.203833 4.543913
v 0.747442 2.206760 4.584443
l 18688 18689
v 0.642256 1.849827 4.649390
v 0.617174 1.816556 4.621751
l 18690 18691
v 0.559369 1.644400 4.697193
v 0.581474 1.599789 4.692583
l 18692 18693
v 0.609723 2.026363 4.673290
v 0.564008 2.036829 4.655952
l 18694 18695
v 0.644613 1.653850 4.657603
v 0.674266 1.618017 4.675953
l 18696 18697
v 0.701301 2.059130 4.696103
v 0.657697 2.044321 4.676626
l 18698 18699
v 0.852333 1.750003 4.732433
v 0.815287 1.744394 4.699326
l 18700 18701
v 0.853297 1.752513 4.737933
v 0.823440 1.760141 4.777308
l 18702 18703
v 0.856121 1.754367 4.734460
v 0.876022 1.794678 4.712575
l 18704 18705
v 0.856061 1.749727 4.735313
v 0.890772 1.715079 4.745041
l 18706 18707
v 0.770709 1.485997 4.722983
v 0.774331 1.479618 4.673524
l 18708 18709
v 0.614088 1.592640 4.697990
v 0.651274 1.576618 4.727324
l 18710 18711
v 0.605273 1.582820 4.697630
v 0.558996 1.584131 4.678744
l 18712 18713
v 0.752138 1.554393 4.722767
v 0.718333 1.590494 4.715417
l 18714 18715
v 0.656639 1.551840 4.651907
v 0.624179 1.516780 4.637170
l 18716 18717
v 0.658394 1.554077 4.657683
v 0.644616 1.542784 4.704402
l 18718 18719
v 0.767648 1.484150 4.727290
v 0.729060 1.456200 4.742448
l 18720 18721
v 0.769820 1.489287 4.726787
v 0.760915 1.536481 4.740694
l 18722 18723
v 0.755522 1.551763 4.720103
v 0.764441 1.519306 4.683131
l 18724 18725
v 0.753190 1.550813 4.726163
v 0.738948 1.508916 4.749440
l 18726 18727
v 0.756714 1.553760 4.724427
v 0.793421 1.582175 4.743007
l 18728 18729
v 0.851880 1.562570 4.742543
v 0.806633 1.551894 4.760948
l 18730 18731
v 0.854404 1.564540 4.737780
v 0.843606 1.582119 4.692235
l 18732 18733
v 0.543397 1.790013 4.692727
v 0.555704 1.815297 4.651383
l 18734 18735
v 0.751109 1.667723 4.734250
v 0.748669 1.710065 4.760731
l 18736 18737
v 0.752567 1.667143 4.727780
v 0.763237 1.704264 4.696028
l 18738 18739
v 0.749168 1.665173 4.730617
v 0.709589 1.635263 4.724375
l 18740 18741
v 0.955265 1.652070 4.752673
v 0.999321 1.635915 4.769939
l 18742 18743
v 0.951135 1.652207 4.750383
v 0.925768 1.620553 4.721151
l 18744 18745
v 1.024013 1.642860 4.784213
v 1.030316 1.649985 4.833300
l 18746 18747
v 1.025220 1.639870 4.780003
v 1.030258 1.591840 4.767053
l 18748 18749
v 1.027390 1.644610 4.779037
v 1.069757 1.670430 4.772842
l 18750 18751
v 0.950880 1.551563 4.749920
v 0.964201 1.509114 4.772737
l 18752 18753
v 1.015770 1.544333 4.774497
v 1.029947 1.548702 4.822245
l 18754 18755
v 1.016373 1.542007 4.770297
v 1.001141 1.498811 4.750245
l 18756 18757
v 1.014860 1.546590 4.770327
v 0.976740 1.572260 4.750631
l 18758 18759
v 1.065810 1.554993 4.821047
v 1.051663 1.540555 4.775315
l 18760 18761
v 0.850063 2.243873 4.697833
v 0.897906 2.243304 4.683318
l 18762 18763
v 0.852728 2.233127 4.705423
v 0.900588 2.237393 4.691597
l 18764 18765
v 0.642083 1.851897 4.655267
v 0.614979 1.842799 4.696287
l 18766 18767
v 0.640162 1.654980 4.655983
v 0.595610 1.665455 4.676118
l 18768 18769
v 0.641939 1.654167 4.651523
v 0.647137 1.621227 4.614268
l 18770 18771
v 0.643998 1.657353 4.654420
v 0.657436 1.705393 4.651013
l 18772 18773
v 0.947841 1.869190 4.746577
v 0.923179 1.879687 4.788786
l 18774 18775
v 0.950645 1.866973 4.743430
v 0.989812 1.836009 4.746101
l 18776 18777
v 0.750750 1.961133 4.713973
v 0.731977 1.949833 4.669030
l 18778 18779
v 0.750627 1.964333 4.718013
v 0.754966 2.013137 4.727982
l 18780 18781
v 0.752852 1.960093 4.718150
v 0.797745 1.943523 4.732642
l 18782 18783
v 0.722814 2.330907 4.408107
v 0.724061 2.300621 4.368342
l 18784 18785
v 0.726083 2.334547 4.411107
v 0.771691 2.355040 4.411134
l 18786 18787
v 0.721303 2.334267 4.411170
v 0.683422 2.366856 4.412906
l 18788 18789
v 0.583418 2.191177 4.516817
v 0.564168 2.220177 4.480922
l 18790 18791
v 0.952933 1.656543 4.749853
v 0.965617 1.700462 4.729598
l 18792 18793
v 0.758179 1.845993 4.726647
v 0.799061 1.872297 4.738343
l 18794 18795
v 0.950304 1.654350 4.754510
v 0.927485 1.668947 4.796537
l 18796 18797
v 0.856543 1.648567 4.739800
v 0.818475 1.680983 4.739800
l 18798 18799
v 0.859805 1.646680 4.743067
v 0.899547 1.655855 4.771987
l 18800 18801
v 1.086543 1.746987 4.824017
v 1.134746 1.755084 4.813484
l 18802 18803
v 1.083573 1.746963 4.829947
v 1.103975 1.754836 4.874911
l 18804 18805
v 1.082327 1.748757 4.825620
v 1.045612 1.777357 4.807344
l 18806 18807
v 1.063997 1.646050 4.812930
v 1.104675 1.663323 4.836317
l 18808 18809
v 1.064737 1.557487 4.825027
v 1.067125 1.605270 4.839553
l 18810 18811
v 1.063037 1.553367 4.826853
v 1.023364 1.523936 4.834592
l 18812 18813
v 0.840732 1.855807 4.734273
v 0.873994 1.893122 4.733188
l 18814 18815
v 0.753056 1.846130 4.727203
v 0.709245 1.864894 4.742319
l 18816 18817
v 0.755853 1.843837 4.722583
v 0.750409 1.842065 4.672912
l 18818 18819
v 0.756266 1.841220 4.727027
v 0.757563 1.796767 4.749878
l 18820 18821
v 0.703983 2.063223 4.696210
v 0.703750 2.110470 4.679850
l 18822 18823
v 0.836172 1.854967 4.732640
v 0.792646 1.865050 4.710193
l 18824 18825
v 0.840456 1.851150 4.732717
v 0.856081 1.809041 4.710747
l 18826 18827
v 0.838366 1.853157 4.737670
v 0.824623 1.838650 4.783503
l 18828 18829
v 0.642745 1.961767 4.663087
v 0.610284 1.937211 4.634048
l 18830 18831
v 0.848371 2.244397 4.702400
v 0.823400 2.277893 4.729867
l 18832 18833
v 0.753780 2.049457 4.713770
v 0.722974 2.041909 4.675117
l 18834 18835
v 0.699751 1.955600 4.688727
v 0.686058 1.934228 4.645648
l 18836 18837
v 0.755092 2.052470 4.717227
v 0.739890 2.062214 4.763852
l 18838 18839
v 0.638358 2.308453 4.591740
v 0.643734 2.262375 4.610392
l 18840 18841
v 0.702965 2.060643 4.700450
v 0.713741 2.052329 4.748562
l 18842 18843
v 0.706049 2.058763 4.694977
v 0.747595 2.031711 4.688487
l 18844 18845
v 0.840024 2.247680 4.690270
v 0.812902 2.281021 4.715821
l 18846 18847
v 0.646012 2.145750 4.648523
v 0.613883 2.169337 4.618334
l 18848 18849
v 0.536155 2.032020 4.688350
v 0.496925 2.004657 4.673780
l 18850 18851
v 0.539309 2.035630 4.689110
v 0.542844 2.084026 4.677056
l 18852 18853
v 0.612813 2.025987 4.677887
v 0.612183 2.030964 4.727634
l 18854 18855
v 0.613443 2.021937 4.673780
v 0.617424 1.972551 4.667058
l 18856 18857
v 0.614725 2.026763 4.673313
v 0.650367 2.054311 4.651616
l 18858 18859
v 0.584182 2.185403 4.517897
v 0.582762 2.140959 4.495035
l 18860 18861
v 0.701039 2.142410 4.685167
v 0.669239 2.164081 4.653243
l 18862 18863
v 0.642461 2.226893 4.465907
v 0.675307 2.262639 4.477883
l 18864 18865
v 0.587961 2.189723 4.519360
v 0.637402 2.196737 4.521894
l 18866 18867
v 0.643135 2.221070 4.600260
v 0.685367 2.230580 4.575241
l 18868 18869
v 0.758372 2.054260 4.714263
v 0.768279 2.089277 4.679976
l 18870 18871
v 0.648584 2.141773 4.648270
v 0.657101 2.092711 4.643758
l 18872 18873
v -1.716863 2.537557 4.524703
v -1.740906 2.494373 4.532263
l 18874 18875
v -2.043070 2.154863 4.509113
v -2.004095 2.147738 4.478615
l 18876 18877
v -1.992733 2.398017 4.499673
v -2.037084 2.415340 4.514935
l 18878 18879
v -1.571450 2.431830 4.565820
v -1.595108 2.403942 4.599916
l 18880 18881
v -1.566770 2.432833 4.563337
v -1.517532 2.433138 4.572028
l 18882 18883
v -1.854357 2.555133 4.511327
v -1.824350 2.592761 4.524883
l 18884 18885
v -2.002907 2.531330 4.505530
v -2.025722 2.508897 4.543952
l 18886 18887
v -2.263073 2.464137 4.484463
v -2.256473 2.501162 4.451515
l 18888 18889
v -2.263227 2.464487 4.491083
v -2.258068 2.504805 4.520201
l 18890 18891
v -2.442110 1.443320 4.502497
v -2.392345 1.443417 4.507334
l 18892 18893
v -2.250880 1.353483 4.517860
v -2.278948 1.392950 4.505428
l 18894 18895
v -3.214957 1.328243 4.444097
v -3.261083 1.347523 4.443313
l 18896 18897
v -3.211517 1.326710 4.440827
v -3.198001 1.292993 4.406469
l 18898 18899
v -3.211873 1.326123 4.447390
v -3.201765 1.286741 4.476490
l 18900 18901
v -3.210323 1.329713 4.444477
v -3.186038 1.373109 4.449675
l 18902 18903
v -2.646463 1.660660 4.472747
v -2.644709 1.700363 4.442405
l 18904 18905
v -2.551987 1.652490 4.479130
v -2.555440 1.616383 4.444716
l 18906 18907
v -2.459587 1.652727 4.485250
v -2.498498 1.665573 4.456600
l 18908 18909
v -2.848547 1.649413 4.454770
v -2.836428 1.666476 4.409361
l 18910 18911
v -2.458317 1.650057 4.490487
v -2.482904 1.641167 4.533106
l 18912 18913
v -2.455370 1.652730 4.487683
v -2.417186 1.684279 4.494509
l 18914 18915
v -2.457410 1.555567 4.492140
v -2.427397 1.595284 4.496800
l 18916 18917
v -2.847143 1.545033 4.463273
v -2.879633 1.507029 4.463005
l 18918 18919
v -2.749550 1.454000 4.475530
v -2.714334 1.418514 4.474745
l 18920 18921
v -2.555983 1.245727 4.493627
v -2.586490 1.227461 4.458474
l 18922 18923
v -2.955540 1.565877 4.447747
v -2.941742 1.553738 4.401246
l 18924 18925
v -2.847447 1.549797 4.463130
v -2.884128 1.583685 4.460671
l 18926 18927
v -2.563903 1.160467 4.498007
v -2.553351 1.208398 4.488457
l 18928 18929
v -2.517790 0.984876 4.504343
v -2.525941 1.027531 4.529125
l 18930 18931
v -2.552537 1.153157 4.497000
v -2.529738 1.153842 4.452506
l 18932 18933
v -2.539393 1.149987 4.499283
v -2.568349 1.139617 4.459862
l 18934 18935
v -2.740537 0.857937 4.499953
v -2.780714 0.887645 4.501747
l 18936 18937
v -2.831077 1.443297 4.467860
v -2.825891 1.456783 4.515727
l 18938 18939
v -2.746663 1.852513 4.456047
v -2.742318 1.889234 4.422391
l 18940 18941
v -2.760400 1.745877 4.460793
v -2.790783 1.742036 4.421270
l 18942 18943
v -2.349503 1.155613 4.515413
v -2.384571 1.190851 4.510072
l 18944 18945
v -2.956773 1.569407 4.451070
v -2.964089 1.617754 4.461514
l 18946 18947
v -2.953497 1.565010 4.453190
v -2.912421 1.554436 4.479666
l 18948 18949
v -2.955177 1.344793 4.457457
v -2.988880 1.320096 4.484918
l 18950 18951
v -2.951560 1.344367 4.454350
v -2.902246 1.336752 4.457529
l 18952 18953
v -2.750423 1.544463 4.473447
v -2.763085 1.503406 4.499021
l 18954 18955
v -2.852357 1.849140 4.453767
v -2.852080 1.807113 4.480852
l 18956 18957
v -2.852007 1.849687 4.447150
v -2.848562 1.812665 4.413720
l 18958 18959
v -2.950857 1.844063 4.444463
v -2.947887 1.826727 4.491268
l 18960 18961
v -2.747197 1.548903 4.473330
v -2.709146 1.571026 4.497053
l 18962 18963
v -2.748577 1.546420 4.468660
v -2.733602 1.534325 4.422514
l 18964 18965
v -2.350563 1.251780 4.512597
v -2.316461 1.288245 4.515303
l 18966 18967
v -2.352547 1.249260 4.509097
v -2.348401 1.208551 4.480363
l 18968 18969
v -2.355280 1.251587 4.512190
v -2.392078 1.285267 4.508793
l 18970 18971
v -2.649883 1.556683 4.478837
v -2.682577 1.593996 4.472597
l 18972 18973
v -2.758447 1.743670 4.464850
v -2.727382 1.705985 4.475566
l 18974 18975
v -2.761857 1.746497 4.467197
v -2.806384 1.748696 4.489834
l 18976 18977
v -2.758447 1.748507 4.464380
v -2.725029 1.785481 4.468402
l 18978 18979
v -2.749403 1.850307 4.459250
v -2.784830 1.815057 4.457702
l 18980 18981
v -2.554273 1.655073 4.482560
v -2.585830 1.693830 4.483994
l 18982 18983
v -2.150817 1.546907 4.518237
v -2.143739 1.506876 4.489126
l 18984 18985
v -2.646933 1.660803 4.479393
v -2.649360 1.701780 4.507942
l 18986 18987
v -2.644387 1.658317 4.476287
v -2.608728 1.623420 4.479561
l 18988 18989
v -2.246097 1.352207 4.517803
v -2.197734 1.357843 4.506433
l 18990 18991
v -2.249627 1.351007 4.521963
v -2.252155 1.339376 4.570526
l 18992 18993
v -2.038747 1.556727 4.527133
v -2.003928 1.550792 4.491743
l 18994 18995
v -2.552583 1.452240 4.490280
v -2.519665 1.424538 4.464805
l 18996 18997
v -2.648147 1.554317 4.482557
v -2.613239 1.552877 4.518326
l 18998 18999
v -2.650147 1.551953 4.478903
v -2.686053 1.517538 4.473771
l 19000 19001
v -2.647063 1.554167 4.475983
v -2.602534 1.551370 4.453415
l 19002 19003
v -1.753067 0.759707 4.564587
v -1.782900 0.760433 4.524469
l 19004 19005
v -2.754863 0.664452 4.494903
v -2.804565 0.659393 4.492854
l 19006 19007
v -1.558883 0.351172 4.590680
v -1.521572 0.318089 4.594340
l 19008 19009
v -1.561373 0.353286 4.587100
v -1.561706 0.389682 4.552818
l 19010 19011
v -1.561383 0.354007 4.593713
v -1.561822 0.396925 4.619362
l 19012 19013
v -1.563640 0.351126 4.590677
v -1.598954 0.315932 4.594457
l 19014 19015
v -1.853990 0.366935 4.572947
v -1.897510 0.355950 4.594978
l 19016 19017
v -1.872267 0.459156 4.565893
v -1.920076 0.473785 4.566355
l 19018 19019
v -1.444357 0.242928 4.595033
v -1.424786 0.233872 4.549923
l 19020 19021
v -1.531297 0.142469 4.604477
v -1.497841 0.178743 4.612528
l 19022 19023
v -1.519550 0.078721 4.603017
v -1.471450 0.091202 4.608547
l 19024 19025
v -1.657983 0.246256 4.591387
v -1.619411 0.278068 4.590985
l 19026 19027
v -1.456613 0.080302 4.598960
v -1.437687 0.054549 4.560508
l 19028 19029
v -1.448663 0.070342 4.602617
v -1.409879 0.073721 4.633991
l 19030 19031
v -1.455783 0.083524 4.602690
v -1.443831 0.131743 4.608354
l 19032 19033
v -1.652727 0.458890 4.582463
v -1.688911 0.426349 4.593946
l 19034 19035
v -1.492657 0.363026 4.595753
v -1.542520 0.360599 4.592961
l 19036 19037
v -1.446730 0.236852 4.605010
v -1.440091 0.190817 4.623360
l 19038 19039
v -1.489527 0.363543 4.599247
v -1.462588 0.343358 4.636217
l 19040 19041
v -1.489100 0.362260 4.592743
v -1.458250 0.330266 4.569837
l 19042 19043
v -1.555870 0.545715 4.586483
v -1.562366 0.504835 4.614530
l 19044 19045
v -1.868940 0.456826 4.568957
v -1.857473 0.415326 4.594379
l 19046 19047
v -1.420913 0.454066 4.599757
v -1.421193 0.502564 4.611918
l 19048 19049
v -1.414093 0.449733 4.600300
v -1.367794 0.432608 4.608243
l 19050 19051
v -1.432640 0.449336 4.600473
v -1.457922 0.462242 4.641635
l 19052 19053
v -1.425820 0.445003 4.601017
v -1.428449 0.404988 4.630881
l 19054 19055
v -2.038167 0.842700 4.544153
v -1.990252 0.839795 4.530162
l 19056 19057
v -1.537123 0.746738 4.590600
v -1.537318 0.716671 4.550651
l 19058 19059
v -1.947990 0.846814 4.556260
v -1.987617 0.877218 4.558550
l 19060 19061
v -1.857193 0.947148 4.555490
v -1.862979 0.920018 4.513891
l 19062 19063
v -1.648377 0.560528 4.582597
v -1.643522 0.604018 4.606784
l 19064 19065
v -1.945697 0.648094 4.557823
v -1.955976 0.688290 4.585728
l 19066 19067
v -1.646210 0.557189 4.579857
v -1.615758 0.518270 4.587471
l 19068 19069
v -1.648023 0.559519 4.576030
v -1.639916 0.593855 4.540599
l 19070 19071
v -1.650930 0.557921 4.579487
v -1.692009 0.529498 4.581641
l 19072 19073
v -1.742570 0.559334 4.574697
v -1.775524 0.596899 4.576387
l 19074 19075
v -2.051547 0.647456 4.548223
v -2.015304 0.613019 4.548942
l 19076 19077
v -1.742313 0.949589 4.561357
v -1.701925 0.946873 4.532006
l 19078 19079
v -1.742660 0.949444 4.567967
v -1.705571 0.945369 4.601251
l 19080 19081
v -1.744940 0.952065 4.564587
v -1.775992 0.991246 4.563822
l 19082 19083
v -1.568170 1.251093 4.583253
v -1.577668 1.285731 4.618039
l 19084 19085
v -1.565020 1.058320 4.585690
v -1.611596 1.047921 4.570773
l 19086 19087
v -2.047110 0.351843 4.558250
v -2.012006 0.321469 4.576830
l 19088 19089
v -2.049007 0.353956 4.553583
v -2.040183 0.363424 4.505287
l 19090 19091
v -2.049307 0.356814 4.558823
v -2.044361 0.402864 4.577664
l 19092 19093
v -2.052167 0.352695 4.557493
v -2.096813 0.331959 4.566250
l 19094 19095
v -2.148640 1.050670 4.537790
v -2.183067 1.086927 4.538251
l 19096 19097
v -1.755110 1.046777 4.559620
v -1.792367 1.079651 4.554032
l 19098 19099
v -1.852833 1.053360 4.555383
v -1.846514 1.091062 4.523156
l 19100 19101
v -1.954400 1.148363 4.548180
v -1.981728 1.189747 4.541809
l 19102 19103
v -2.146983 0.746833 4.540220
v -2.180304 0.709564 4.539392
l 19104 19105
v -1.855110 0.949719 4.558883
v -1.821270 0.986514 4.559889
l 19106 19107
v -1.859760 0.949392 4.559743
v -1.904189 0.968350 4.572655
l 19108 19109
v -2.985197 1.044680 4.474677
v -2.978706 1.093420 4.483748
l 19110 19111
v -2.049727 1.049343 4.546870
v -2.053142 1.091657 4.573288
l 19112 19113
v -2.049113 1.048797 4.540263
v -2.046997 1.086185 4.507132
l 19114 19115
v -2.051830 1.046523 4.543553
v -2.087974 1.011978 4.543056
l 19116 19117
v -2.047100 1.046637 4.543983
v -2.011077 1.012515 4.550151
l 19118 19119
v -2.442297 0.638743 4.523660
v -2.453194 0.602212 4.556014
l 19120 19121
v -2.345773 1.154890 4.518323
v -2.309880 1.156674 4.553086
l 19122 19123
v -2.254047 1.054513 4.526907
v -2.292780 1.051686 4.495415
l 19124 19125
v -2.837107 1.354207 4.468517
v -2.871305 1.390253 4.462937
l 19126 19127
v -2.053247 0.744384 4.548383
v -2.028536 0.704382 4.565390
l 19128 19129
v -2.349750 0.850459 4.520917
v -2.306030 0.845572 4.497153
l 19130 19131
v -2.149517 0.352937 4.552707
v -2.185640 0.387475 4.551210
l 19132 19133
v -2.146827 0.350585 4.549480
v -2.144328 0.311992 4.517788
l 19134 19135
v -2.147390 0.350283 4.556107
v -2.149911 0.308954 4.584135
l 19136 19137
v -2.144747 0.352918 4.553107
v -2.108948 0.387517 4.557727
l 19138 19139
v -2.144643 0.059737 4.557730
v -2.181347 0.026468 4.550944
l 19140 19141
v -1.862737 0.853806 4.557423
v -1.818246 0.831163 4.560229
l 19142 19143
v -1.949627 0.348421 4.561657
v -1.944034 0.307325 4.533731
l 19144 19145
v -1.950000 0.348798 4.568283
v -1.947816 0.311147 4.601111
l 19146 19147
v -1.952507 0.350898 4.564690
v -1.992442 0.380725 4.560743
l 19148 19149
v -1.947737 0.351384 4.564930
v -1.915336 0.389464 4.564589
l 19150 19151
v -1.751410 0.762283 4.568750
v -1.730956 0.806359 4.580539
l 19152 19153
v -2.045183 0.057325 4.557967
v -2.037558 0.101560 4.535941
l 19154 19155
v -2.045817 0.055546 4.564157
v -2.044852 0.081099 4.607124
l 19156 19157
v -2.047993 0.053888 4.560073
v -2.088380 0.026912 4.548191
l 19158 19159
v -2.053670 0.246800 4.561030
v -2.053479 0.209172 4.593956
l 19160 19161
v -1.560320 0.443645 4.586003
v -1.589349 0.447376 4.545464
l 19162 19163
v -1.953823 0.455907 4.559190
v -1.958523 0.448658 4.608438
l 19164 19165
v -2.553687 1.452547 4.496773
v -2.531462 1.427797 4.534103
l 19166 19167
v -2.553663 1.455790 4.493277
v -2.554437 1.505722 4.490787
l 19168 19169
v -2.488687 1.077490 4.497300
v -2.537439 1.087739 4.493036
l 19170 19171
v -2.446500 1.444643 4.505310
v -2.466918 1.464165 4.546565
l 19172 19173
v -2.455223 1.453807 4.503680
v -2.455296 1.445602 4.553002
l 19174 19175
v -2.042957 0.843855 4.542700
v -2.070239 0.882875 4.527433
l 19176 19177
v -2.254310 1.054507 4.533560
v -2.295410 1.051637 4.561889
l 19178 19179
v -2.254383 1.152417 4.525667
v -2.290099 1.117531 4.522959
l 19180 19181
v -2.358917 1.055293 4.520270
v -2.401268 1.066067 4.544566
l 19182 19183
v -2.355503 1.056760 4.517200
v -2.314563 1.085358 4.519654
l 19184 19185
v -2.446167 1.440190 4.501970
v -2.464441 1.394158 4.495107
l 19186 19187
v -2.345433 1.671343 4.502073
v -2.309022 1.699386 4.521766
l 19188 19189
v -2.354537 1.669867 4.501337
v -2.382229 1.704355 4.478019
l 19190 19191
v -2.437007 1.056053 4.511610
v -2.454506 1.098024 4.532400
l 19192 19193
v -2.049070 1.151317 4.537273
v -2.055379 1.156075 4.487902
l 19194 19195
v -2.974893 0.945554 4.468637
v -2.993520 0.991559 4.462591
l 19196 19197
v -2.831103 0.946911 4.480720
v -2.786403 0.946535 4.458321
l 19198 19199
v -2.837050 1.246117 4.478393
v -2.803089 1.255262 4.513933
l 19200 19201
v -2.834183 0.847416 4.486990
v -2.800692 0.848515 4.524100
l 19202 19203
v -2.752347 0.747173 4.489570
v -2.778570 0.789648 4.486705
l 19204 19205
v -2.456340 1.252863 4.502883
v -2.494280 1.239970 4.472978
l 19206 19207
v -2.835010 1.352020 4.472210
v -2.799807 1.352692 4.507710
l 19208 19209
v -2.837157 1.349433 4.468657
v -2.870343 1.312174 4.465437
l 19210 19211
v -2.972620 0.850324 4.470060
v -2.932294 0.879878 4.470676
l 19212 19213
v -2.975497 0.848363 4.473347
v -3.014777 0.854407 4.503687
l 19214 19215
v -2.975500 0.848507 4.466693
v -3.014802 0.855833 4.436665
l 19216 19217
v -2.975507 1.152233 4.460160
v -3.017062 1.139690 4.435344
l 19218 19219
v -2.970817 1.151577 4.461907
v -2.934411 1.117325 4.460683
l 19220 19221
v -2.986580 1.246443 4.460987
v -3.028969 1.248666 4.434562
l 19222 19223
v -2.981923 1.248987 4.462380
v -2.951900 1.286915 4.449729
l 19224 19225
v -2.982520 1.243870 4.462907
v -2.957381 1.201047 4.457055
l 19226 19227
v -3.152700 1.451987 4.445397
v -3.194045 1.460943 4.472049
l 19228 19229
v -3.151920 1.451353 4.438900
v -3.185637 1.454163 4.402086
l 19230 19231
v -3.210870 1.438337 4.438263
v -3.242116 1.477273 4.441022
l 19232 19233
v -3.207467 1.435773 4.434843
v -3.179200 1.439066 4.393732
l 19234 19235
v -3.234517 1.861567 4.426640
v -3.197737 1.854307 4.393557
l 19236 19237
v -3.235727 1.861617 4.432190
v -3.214857 1.856911 4.477382
l 19238 19239
v -3.239357 1.859373 4.428647
v -3.271670 1.821812 4.421940
l 19240 19241
v -3.218863 1.556927 4.430373
v -3.243727 1.595979 4.411487
l 19242 19243
v -2.966717 1.646373 4.448017
v -2.964546 1.643203 4.497869
l 19244 19245
v -2.965210 1.643483 4.443347
v -2.948471 1.599532 4.426374
l 19246 19247
v -2.941093 1.747980 4.438007
v -2.902136 1.741862 4.407268
l 19248 19249
v -2.748973 1.648163 4.468927
v -2.713883 1.612744 4.472690
l 19250 19251
v -2.447413 1.153480 4.505733
v -2.406836 1.182594 4.503319
l 19252 19253
v -2.752123 1.549353 4.471613
v -2.792510 1.578608 4.467991
l 19254 19255
v -2.654553 1.458483 4.479083
v -2.644177 1.495727 4.447377
l 19256 19257
v -2.454443 1.256293 4.505890
v -2.432874 1.301204 4.501676
l 19258 19259
v -2.456320 1.253473 4.509487
v -2.494048 1.246274 4.541499
l 19260 19261
v -2.453207 1.251680 4.506310
v -2.410352 1.226019 4.508551
l 19262 19263
v -2.550680 1.233677 4.501957
v -2.590375 1.212108 4.523383
l 19264 19265
v -2.844957 1.547643 4.466623
v -2.806196 1.551056 4.498024
l 19266 19267
v -2.655160 1.459040 4.485697
v -2.650150 1.501192 4.512118
l 19268 19269
v -2.657607 1.456830 4.482300
v -2.699002 1.428824 4.480860
l 19270 19271
v -2.053707 1.457340 4.531157
v -2.092597 1.455448 4.499788
l 19272 19273
v -2.053907 1.457983 4.537777
v -2.094622 1.461967 4.566524
l 19274 19275
v -2.051213 1.460043 4.534313
v -2.016371 1.495822 4.531889
l 19276 19277
v -1.948890 1.551623 4.538627
v -1.911391 1.558329 4.571012
l 19278 19279
v -1.948520 1.551340 4.531997
v -1.907630 1.555433 4.503514
l 19280 19281
v -1.951567 1.553567 4.535063
v -1.989935 1.585435 4.531560
l 19282 19283
v -1.856040 1.847707 4.537920
v -1.853032 1.808796 4.569176
l 19284 19285
v -1.855053 1.847623 4.531337
v -1.843173 1.807951 4.503319
l 19286 19287
v -2.041523 1.554660 4.530763
v -2.077958 1.520723 4.535323
l 19288 19289
v -2.419913 1.513220 4.503023
v -2.417293 1.512891 4.552954
l 19290 19291
v -2.846550 1.647533 4.459443
v -2.804515 1.636404 4.484125
l 19292 19293
v -2.850927 1.651520 4.459773
v -2.862209 1.694851 4.482025
l 19294 19295
v -2.257210 1.249090 4.522710
v -2.295026 1.281445 4.517904
l 19296 19297
v -2.533620 1.046810 4.495467
v -2.496254 1.078012 4.506878
l 19298 19299
v -2.544773 1.053480 4.504067
v -2.513592 1.078249 4.534303
l 19300 19301
v -2.753703 1.648220 4.468633
v -2.789694 1.613518 4.467980
l 19302 19303
v -2.751517 1.650743 4.471993
v -2.752712 1.692579 4.499349
l 19304 19305
v -2.751107 1.650443 4.465347
v -2.748716 1.689619 4.434370
l 19306 19307
v -2.351147 1.662320 4.505530
v -2.343376 1.653303 4.554092
l 19308 19309
v -2.548360 1.238500 4.502933
v -2.531223 1.269955 4.537818
l 19310 19311
v -2.745100 0.949080 4.485140
v -2.742741 0.906036 4.459808
l 19312 19313
v -2.741743 0.953806 4.486623
v -2.699762 0.975274 4.469989
l 19314 19315
v -2.744100 0.951344 4.490587
v -2.739636 0.933573 4.537108
l 19316 19317
v -2.746587 0.953366 4.486920
v -2.786367 0.983222 4.481810
l 19318 19319
v -2.752220 1.456310 4.478907
v -2.752699 1.491793 4.514131
l 19320 19321
v -3.140423 1.646117 4.434837
v -3.091528 1.637506 4.440763
l 19322 19323
v -3.144543 1.645570 4.437397
v -3.179585 1.616413 4.457938
l 19324 19325
v -3.143497 1.647260 4.431217
v -3.167938 1.635186 4.389302
l 19326 19327
v -3.219203 1.551063 4.430453
v -3.244415 1.513423 4.409298
l 19328 19329
v -3.217137 1.553927 4.433653
v -3.212208 1.554320 4.483408
l 19330 19331
v -3.050377 1.255500 4.457330
v -3.090719 1.284795 4.453554
l 19332 19333
v -3.049260 0.945458 4.470133
v -3.050285 0.908600 4.503904
l 19334 19335
v -3.047743 1.253860 4.460900
v -3.008618 1.262774 4.490729
l 19336 19337
v -3.144813 1.057157 4.457870
v -3.153004 1.092823 4.491941
l 19338 19339
v -3.216160 1.276460 4.442070
v -3.250407 1.241282 4.432601
l 19340 19341
v -3.215987 1.648257 4.430127
v -3.253970 1.615780 4.428524
l 19342 19343
v -3.213430 1.650430 4.433567
v -3.174971 1.646629 4.465291
l 19344 19345
v -3.213127 1.650403 4.426917
v -3.171942 1.646376 4.398852
l 19346 19347
v -3.145700 1.942533 4.440323
v -3.145353 1.901529 4.468934
l 19348 19349
v -3.145703 1.942647 4.433660
v -3.145365 1.902645 4.403664
l 19350 19351
v -3.148113 1.944980 4.437033
v -3.184293 1.979486 4.437638
l 19352 19353
v -3.303013 2.130673 4.417963
v -3.331549 2.169318 4.431832
l 19354 19355
v -3.300167 2.128320 4.414813
v -3.290024 2.120724 4.366446
l 19356 19357
v -3.239527 2.265677 4.428063
v -3.196732 2.239932 4.430473
l 19358 19359
v -3.244143 2.264567 4.427840
v -3.273186 2.223880 4.426789
l 19360 19361
v -3.242123 2.267620 4.424587
v -3.249777 2.305772 4.393189
l 19362 19363
v -2.750380 2.050693 4.453503
v -2.785388 2.051914 4.417825
l 19364 19365
v -3.048577 1.951730 4.441643
v -2.999767 1.962295 4.444096
l 19366 19367
v -3.137927 2.055050 4.439850
v -3.104211 2.052235 4.476665
l 19368 19369
v -2.761197 2.342107 4.449507
v -2.724590 2.308879 4.456981
l 19370 19371
v -2.842553 2.346650 4.445423
v -2.797997 2.357639 4.425575
l 19372 19373
v -2.845060 2.344623 4.449697
v -2.838623 2.324751 4.495124
l 19374 19375
v -2.846983 2.342777 4.444357
v -2.855605 2.300427 4.419214
l 19376 19377
v -2.847693 2.253433 4.449573
v -2.883547 2.288099 4.446004
l 19378 19379
v -2.754893 2.245760 4.461253
v -2.794074 2.246991 4.492291
l 19380 19381
v -2.751033 2.050330 4.460053
v -2.792382 2.048039 4.488071
l 19382 19383
v -2.747917 2.047937 4.456913
v -2.715995 2.009467 4.457963
l 19384 19385
v -2.748010 2.052760 4.457170
v -2.714437 2.089419 4.462552
l 19386 19387
v -2.763210 2.344250 4.445703
v -2.796639 2.340707 4.408691
l 19388 19389
v -2.764460 2.344343 4.452240
v -2.809198 2.341646 4.474403
l 19390 19391
v -3.298677 2.326980 4.425830
v -3.257851 2.335499 4.453411
l 19392 19393
v -3.304327 2.328720 4.425647
v -3.335245 2.363781 4.443388
l 19394 19395
v -3.120360 2.459747 4.431920
v -3.120073 2.500536 4.403004
l 19396 19397
v -2.656727 2.243013 4.463073
v -2.699914 2.251180 4.486909
l 19398 19399
v -2.233253 2.178003 4.499087
v -2.244229 2.206001 4.459141
l 19400 19401
v -2.654303 2.240110 4.460177
v -2.626267 2.199115 4.465952
l 19402 19403
v -2.214947 2.199787 4.503367
v -2.250690 2.233878 4.495611
l 19404 19405
v -2.460723 2.248407 4.475613
v -2.501765 2.219857 4.476332
l 19406 19407
v -2.621070 2.344393 4.465947
v -2.579451 2.352875 4.439567
l 19408 19409
v -2.621937 2.343960 4.472460
v -2.588781 2.348201 4.509645
l 19410 19411
v -2.440823 2.543670 4.473877
v -2.453016 2.495309 4.470335
l 19412 19413
v -2.351733 2.550410 4.477133
v -2.353758 2.544833 4.427487
l 19414 19415
v -2.547097 2.148940 4.475457
v -2.516029 2.148573 4.514632
l 19416 19417
v -2.549060 2.146650 4.471657
v -2.583077 2.110732 4.464396
l 19418 19419
v -2.221727 2.185517 4.507213
v -2.242536 2.222174 4.534106
l 19420 19421
v -2.548990 2.151503 4.471647
v -2.580201 2.189928 4.464616
l 19422 19423
v -2.213287 2.197090 4.507333
v -2.207668 2.173405 4.551008
l 19424 19425
v -2.351117 2.443850 4.476843
v -2.391396 2.473429 4.475211
l 19426 19427
v -2.349943 2.548233 4.481223
v -2.314634 2.523559 4.506609
l 19428 19429
v -2.355243 2.549653 4.481280
v -2.401488 2.535522 4.493998
l 19430 19431
v -1.994067 2.530920 4.506407
v -1.974041 2.540929 4.551114
l 19432 19433
v -2.089967 2.550677 4.491613
v -2.074334 2.512914 4.462811
l 19434 19435
v -2.265983 2.462080 4.487827
v -2.307578 2.434338 4.488330
l 19436 19437
v -2.348237 2.441853 4.473623
v -2.326464 2.430811 4.429988
l 19438 19439
v -2.346843 2.444043 4.478927
v -2.307057 2.461303 4.503809
l 19440 19441
v -2.350193 2.439453 4.478417
v -2.358219 2.394617 4.499040
l 19442 19443
v -2.458083 2.250487 4.472237
v -2.452171 2.290459 4.442787
l 19444 19445
v -2.457913 2.250410 4.478897
v -2.450469 2.289696 4.508917
l 19446 19447
v -2.456030 2.247617 4.475483
v -2.426072 2.207604 4.474258
l 19448 19449
v -2.054383 2.496733 4.497780
v -2.018391 2.529809 4.487264
l 19450 19451
v -2.059617 2.495087 4.496240
v -2.097179 2.505445 4.464907
l 19452 19453
v -2.058107 2.495190 4.501733
v -2.075060 2.506329 4.547434
l 19454 19455
v -1.856037 2.550407 4.513047
v -1.844046 2.507128 4.535027
l 19456 19457
v -1.855930 2.552500 4.507000
v -1.842763 2.531942 4.463365
l 19458 19459
v -1.858917 2.553550 4.510697
v -1.905063 2.571977 4.516262
l 19460 19461
v -2.003643 2.541423 4.503470
v -1.978540 2.584654 4.504416
l 19462 19463
v -2.005337 2.537733 4.500310
v -2.000778 2.530650 4.451025
l 19464 19465
v -1.982870 2.526900 4.496997
v -1.952893 2.565327 4.485827
l 19466 19467
v -1.983467 2.523743 4.502807
v -1.959013 2.532947 4.545436
l 19468 19469
v -1.995463 2.525657 4.498630
v -2.013834 2.485613 4.474987
l 19470 19471
v -2.093143 2.552637 4.494550
v -2.137941 2.574211 4.489285
l 19472 19473
v -2.145317 2.452360 4.499900
v -2.159564 2.473568 4.542879
l 19474 19475
v -2.324400 2.607367 4.472767
v -2.290455 2.633308 4.446789
l 19476 19477
v -2.143780 2.613847 4.484667
v -2.113730 2.625586 4.522866
l 19478 19479
v -2.146153 2.609793 4.482653
v -2.168665 2.565254 4.485737
l 19480 19481
v -2.147807 2.615707 4.482137
v -2.190174 2.642072 4.478999
l 19482 19483
v -2.143660 2.613433 4.479573
v -2.115780 2.617620 4.438279
l 19484 19485
v -2.436803 2.546367 4.474857
v -2.388777 2.538078 4.486025
l 19486 19487
v -2.440997 2.547247 4.477277
v -2.468896 2.579233 4.503705
l 19488 19489
v -2.439487 2.547337 4.470850
v -2.452926 2.580174 4.435621
l 19490 19491
v -2.148137 2.442083 4.499587
v -2.190406 2.436558 4.525717
l 19492 19493
v -2.142067 2.437590 4.491377
v -2.152284 2.415411 4.447745
l 19494 19495
v -2.149527 2.448583 4.490813
v -2.186271 2.435814 4.459400
l 19496 19497
v -1.995163 2.530387 4.497437
v -1.991398 2.577653 4.481571
l 19498 19499
v -2.646597 2.455913 4.468740
v -2.691401 2.439800 4.453479
l 19500 19501
v -2.641810 2.457333 4.467530
v -2.617997 2.489663 4.437736
l 19502 19503
v -2.640993 2.452837 4.469880
v -2.627615 2.404785 4.466410
l 19504 19505
v -3.140320 2.052647 4.436343
v -3.178974 2.021058 4.433518
l 19506 19507
v -3.136883 2.054357 4.433327
v -3.093581 2.045140 4.410089
l 19508 19509
v -2.985450 1.456557 4.464203
v -2.975950 1.502596 4.481237
l 19510 19511
v -2.985963 1.453447 4.459803
v -2.984313 1.452135 4.409848
l 19512 19513
v -2.989443 1.452547 4.464177
v -3.036711 1.442352 4.476897
l 19514 19515
v -2.984293 1.451410 4.464377
v -2.951660 1.418785 4.483630
l 19516 19517
v -3.211847 1.278917 4.439790
v -3.174186 1.273998 4.407271
l 19518 19519
v -3.212623 1.278020 4.445930
v -3.183879 1.262795 4.483903
l 19520 19521
v -3.214850 1.281003 4.442900
v -3.238126 1.325117 4.446398
l 19522 19523
v -2.840193 0.346987 4.485787
v -2.878252 0.314591 4.487198
l 19524 19525
v -2.837213 0.348776 4.482417
v -2.796494 0.341976 4.454209
l 19526 19527
v -2.839713 0.351839 4.485310
v -2.869809 0.391368 4.479678
l 19528 19529
v -3.141163 0.853304 4.461627
v -3.098682 0.850186 4.435443
l 19530 19531
v -3.141777 0.853517 4.468250
v -3.104830 0.852313 4.501918
l 19532 19533
v -3.045047 0.949933 4.468533
v -2.999419 0.962613 4.484575
l 19534 19535
v -3.049883 0.949924 4.468377
v -3.086261 0.984226 4.468510
l 19536 19537
v -2.669923 0.952579 4.498850
v -2.670697 0.944014 4.548105
l 19538 19539
v -2.666487 0.950623 4.493977
v -2.627812 0.919637 4.487332
l 19540 19541
v -2.671220 0.951971 4.494137
v -2.713039 0.943100 4.468205
l 19542 19543
v -1.345417 0.552650 4.596923
v -1.345338 0.593967 4.568765
l 19544 19545
v -3.144297 1.057767 4.451297
v -3.147609 1.099182 4.423479
l 19546 19547
v -3.146580 1.054517 4.454150
v -3.177789 1.015922 4.448115
l 19548 19549
v -3.141760 1.055200 4.454593
v -3.100604 1.026813 4.455194
l 19550 19551
v -2.740700 0.848298 4.501480
v -2.757712 0.824586 4.542080
l 19552 19553
v -2.746317 0.838213 4.496143
v -2.747267 0.830007 4.545456
l 19554 19555
v -2.756773 1.251487 4.480813
v -2.714033 1.226494 4.487787
l 19556 19557
v -2.751537 1.457133 4.472347
v -2.745751 1.500137 4.447503
l 19558 19559
v -2.837650 1.047440 4.479360
v -2.875034 1.080307 4.474649
l 19560 19561
v -2.547730 0.841019 4.511100
v -2.513135 0.805076 4.507744
l 19562 19563
v -2.252540 1.249467 4.523233
v -2.220056 1.287350 4.526337
l 19564 19565
v -2.733410 0.861235 4.501027
v -2.706376 0.902630 4.508489
l 19566 19567
v -1.350350 0.552997 4.605750
v -1.361387 0.565800 4.652806
l 19568 19569
v -1.357013 0.554124 4.598783
v -1.355868 0.594932 4.569915
l 19570 19571
v -1.355647 0.549361 4.600400
v -1.375868 0.505292 4.612608
l 19572 19573
v -2.757177 1.045013 4.484107
v -2.795281 1.039059 4.452285
l 19574 19575
v -2.648673 1.151283 4.493397
v -2.686859 1.119110 4.490805
l 19576 19577
v -2.648013 1.155780 4.494993
v -2.661312 1.199323 4.515661
l 19578 19579
v -2.651223 1.251363 4.495780
v -2.651133 1.209877 4.523689
l 19580 19581
v -2.733183 0.852517 4.496030
v -2.699436 0.846189 4.459683
l 19582 19583
v -2.648613 1.254793 4.493080
v -2.611265 1.287453 4.499279
l 19584 19585
v -2.650947 1.252270 4.489337
v -2.648031 1.220045 4.451218
l 19586 19587
v -2.484383 1.074783 4.494543
v -2.474868 1.047313 4.453864
l 19588 19589
v -2.733573 0.851596 4.502553
v -2.706192 0.831331 4.539154
l 19590 19591
v -2.354150 0.648785 4.527103
v -2.386349 0.687007 4.528611
l 19592 19593
v -2.443767 0.641427 4.520057
v -2.469550 0.684055 4.515810
l 19594 19595
v -2.433810 1.052120 4.510930
v -2.391453 1.033432 4.529815
l 19596 19597
v -2.254307 1.157137 4.525577
v -2.288586 1.193316 4.521579
l 19598 19599
v -2.252287 1.154790 4.529167
v -2.214576 1.154803 4.561998
l 19600 19601
v -2.144723 1.150443 4.537493
v -2.105827 1.152258 4.568859
l 19602 19603
v -2.146847 1.148210 4.533760
v -2.141906 1.147927 4.484006
l 19604 19605
v -2.149580 1.150623 4.537010
v -2.185011 1.185891 4.536064
l 19606 19607
v -2.465937 1.358030 4.496770
v -2.494422 1.318369 4.486019
l 19608 19609
v -2.466143 1.363017 4.497063
v -2.499491 1.399652 4.490299
l 19610 19611
v -2.455857 1.353990 4.505753
v -2.472610 1.308568 4.518250
l 19612 19613
v -2.257283 1.548793 4.507100
v -2.236110 1.594089 4.506927
l 19614 19615
v -1.949620 0.748161 4.555810
v -1.911356 0.779927 4.560978
l 19616 19617
v -1.962013 0.543297 4.553360
v -1.936813 0.501070 4.562402
l 19618 19619
v -1.964673 0.546559 4.555927
v -2.008102 0.555502 4.579034
l 19620 19621
v -1.963590 0.545813 4.549423
v -1.996967 0.547845 4.512250
l 19622 19623
v -1.961273 0.547950 4.552950
v -1.921402 0.577951 4.556150
l 19624 19625
v -1.855987 0.945873 4.561513
v -1.848132 0.904315 4.588182
l 19626 19627
v -2.056827 0.747856 4.549973
v -2.101299 0.755406 4.571541
l 19628 19629
v -2.055083 0.746354 4.543907
v -2.081448 0.738269 4.502199
l 19630 19631
v -2.052973 0.749098 4.547297
v -2.017886 0.784697 4.548564
l 19632 19633
v -2.258870 0.845386 4.526000
v -2.297818 0.846967 4.494687
l 19634 19635
v -2.147147 0.751546 4.540080
v -2.183637 0.785599 4.537114
l 19636 19637
v -2.151610 0.945623 4.538537
v -2.186067 0.981081 4.531088
l 19638 19639
v -2.260273 0.747271 4.537697
v -2.304010 0.751028 4.561634
l 19640 19641
v -2.146733 0.649121 4.545060
v -2.107059 0.646640 4.575389
l 19642 19643
v -2.350240 0.346885 4.536173
v -2.317845 0.384970 4.535847
l 19644 19645
v -2.152197 0.848158 4.539483
v -2.109050 0.825365 4.550385
l 19646 19647
v -2.551467 0.058338 4.526047
v -2.512942 0.082544 4.546780
l 19648 19649
v -2.043187 0.838730 4.542977
v -2.045655 0.795983 4.517159
l 19650 19651
v -2.351623 0.754512 4.522100
v -2.349862 0.790292 4.487219
l 19652 19653
v -2.143833 0.547844 4.548793
v -2.148883 0.507179 4.577444
l 19654 19655
v -1.956693 0.455549 4.555397
v -1.995809 0.448083 4.525160
l 19656 19657
v -2.148490 0.148745 4.558553
v -2.177491 0.109297 4.548412
l 19658 19659
v -1.650217 0.462596 4.584687
v -1.652542 0.508886 4.603444
l 19660 19661
v -1.950380 0.945640 4.550340
v -1.917625 0.983393 4.551682
l 19662 19663
v -1.757310 0.363622 4.578533
v -1.796839 0.333117 4.575904
l 19664 19665
v -1.740120 0.556686 4.577910
v -1.699956 0.554623 4.607618
l 19666 19667
v -1.645223 0.658932 4.572667
v -1.681781 0.692934 4.569952
l 19668 19669
v -1.561693 0.665373 4.579100
v -1.576474 0.701055 4.610854
l 19670 19671
v -1.561200 0.665732 4.572490
v -1.571392 0.704759 4.542943
l 19672 19673
v -1.558567 0.663777 4.575913
v -1.513812 0.641585 4.578046
l 19674 19675
v -1.754377 0.758629 4.570890
v -1.797401 0.748513 4.594269
l 19676 19677
v -1.650483 0.460662 4.578367
v -1.655341 0.488639 4.537212
l 19678 19679
v -1.648013 0.459252 4.582153
v -1.609419 0.428436 4.589953
l 19680 19681
v -1.654163 1.045430 4.562537
v -1.625383 1.005124 4.555671
l 19682 19683
v -1.646830 1.153357 4.567477
v -1.627647 1.151257 4.613603
l 19684 19685
v -1.644080 1.153180 4.561593
v -1.596462 1.149270 4.546854
l 19686 19687
v -1.515127 1.074963 4.609083
v -1.483597 1.090247 4.644752
l 19688 19689
v -1.653740 1.050270 4.561997
v -1.627758 1.091135 4.549546
l 19690 19691
v -1.656127 1.047830 4.566317
v -1.675841 1.054625 4.611761
l 19692 19693
v -1.658170 1.047360 4.560510
v -1.702209 1.048574 4.536865
l 19694 19695
v -1.520853 1.074533 4.607750
v -1.564284 1.093642 4.623518
l 19696 19697
v -1.566093 1.246130 4.582463
v -1.540529 1.207994 4.602267
l 19698 19699
v -1.565730 1.250243 4.578467
v -1.535144 1.268616 4.543439
l 19700 19701
v -1.561120 1.055777 4.586630
v -1.545501 1.008281 4.587041
l 19702 19703
v -1.560990 1.059627 4.583540
v -1.532732 1.095312 4.562851
l 19704 19705
v -0.736715 0.811922 4.668253
v -0.775481 0.843208 4.672547
l 19706 19707
v -0.733995 0.810101 4.664643
v -0.730626 0.776747 4.627546
l 19708 19709
v -0.734222 0.808922 4.671177
v -0.732965 0.764683 4.694443
l 19710 19711
v -0.855462 0.853411 4.653540
v -0.805569 0.856343 4.654974
l 19712 19713
v -0.859085 0.854108 4.656643
v -0.888204 0.884216 4.683949
l 19714 19715
v -0.858847 0.853245 4.650113
v -0.885665 0.874958 4.613928
l 19716 19717
v -1.567933 1.153343 4.583597
v -1.611499 1.148826 4.559479
l 19718 19719
v -1.565547 1.154823 4.588270
v -1.573244 1.172554 4.634383
l 19720 19721
v -1.562940 1.156343 4.583277
v -1.541173 1.194850 4.559966
l 19722 19723
v -0.850484 0.761501 4.658073
v -0.851995 0.794855 4.695292
l 19724 19725
v -0.852533 0.759161 4.654473
v -0.885224 0.721549 4.650391
l 19726 19727
v -1.143297 0.730216 4.619860
v -1.157948 0.719198 4.573342
l 19728 19729
v -0.911565 1.163410 4.644000
v -0.882225 1.154330 4.683455
l 19730 19731
v -0.863502 0.943500 4.650490
v -0.859810 0.959891 4.603398
l 19732 19733
v -0.866061 0.940587 4.653890
v -0.904208 0.909400 4.662382
l 19734 19735
v -0.869037 1.144943 4.645340
v -0.884600 1.181981 4.615574
l 19736 19737
v -0.870909 1.143477 4.651510
v -0.904358 1.166504 4.680680
l 19738 19739
v -0.914380 1.259853 4.643950
v -0.928311 1.307772 4.647076
l 19740 19741
v -0.910133 1.256733 4.642613
v -0.860360 1.253148 4.639481
l 19742 19743
v -0.914542 1.255183 4.646727
v -0.916349 1.233448 4.691719
l 19744 19745
v -0.847944 0.651288 4.632670
v -0.878570 0.690533 4.637350
l 19746 19747
v -1.952463 0.943095 4.546920
v -1.949179 0.904048 4.515863
l 19748 19749
v -1.952497 0.942887 4.553577
v -1.949531 0.901996 4.582196
l 19750 19751
v -1.955110 0.945271 4.550303
v -1.994297 0.976316 4.551076
l 19752 19753
v -1.741697 0.847110 4.568950
v -1.763043 0.802060 4.572800
l 19754 19755
v -1.742000 0.852057 4.570777
v -1.753829 0.883422 4.607875
l 19756 19757
v -1.740150 0.556959 4.571260
v -1.700237 0.557346 4.541147
l 19758 19759
v -1.742670 0.554602 4.574503
v -1.778584 0.519838 4.573238
l 19760 19761
v -1.646053 0.744968 4.565063
v -1.649260 0.706307 4.533518
l 19762 19763
v -1.645853 0.745247 4.571573
v -1.647024 0.709440 4.606452
l 19764 19765
v -1.645017 0.654188 4.572883
v -1.675625 0.614659 4.573650
l 19766 19767
v -1.553413 0.547414 4.581240
v -1.541625 0.524398 4.538446
l 19768 19769
v -1.551733 0.549960 4.585340
v -1.512407 0.568740 4.609850
l 19770 19771
v -1.437967 0.621168 4.595510
v -1.442817 0.584845 4.629527
l 19772 19773
v -1.943670 0.846614 4.558333
v -1.902191 0.854049 4.585245
l 19774 19775
v -1.750667 0.757650 4.568113
v -1.711066 0.727276 4.571149
l 19776 19777
v -1.865903 0.855401 4.560563
v -1.904297 0.845545 4.591039
l 19778 19779
v -1.850553 0.743433 4.566650
v -1.855815 0.709881 4.603345
l 19780 19781
v -1.849653 0.656375 4.557960
v -1.829934 0.652071 4.512215
l 19782 19783
v -1.848753 0.658993 4.563037
v -1.816197 0.688303 4.587140
l 19784 19785
v -1.850633 0.653532 4.562740
v -1.844773 0.608985 4.584677
l 19786 19787
v -1.853160 0.657545 4.561273
v -1.900436 0.673822 4.561260
l 19788 19789
v -1.837087 0.537789 4.569577
v -1.876014 0.506559 4.566522
l 19790 19791
v -1.947287 0.645235 4.554380
v -1.975587 0.604057 4.552513
l 19792 19793
v -1.945130 0.648006 4.551183
v -1.950428 0.687432 4.520894
l 19794 19795
v -1.942667 0.646150 4.554763
v -1.901248 0.618414 4.558667
l 19796 19797
v -1.950883 0.454341 4.555773
v -1.918123 0.423551 4.533893
l 19798 19799
v -1.737010 0.849492 4.568430
v -1.687715 0.849426 4.576796
l 19800 19801
v -1.741133 0.851210 4.565663
v -1.754312 0.867202 4.520160
l 19802 19803
v -1.847617 0.745576 4.563270
v -1.808298 0.776451 4.562381
l 19804 19805
v -1.849997 0.742537 4.560150
v -1.849808 0.700236 4.533494
l 19806 19807
v -1.852533 0.745844 4.562810
v -1.887199 0.781018 4.554993
l 19808 19809
v -1.945370 0.844817 4.552773
v -1.923687 0.846416 4.507748
l 19810 19811
v -1.853450 1.053727 4.561990
v -1.852826 1.094775 4.590532
l 19812 19813
v -1.855647 1.051180 4.558580
v -1.894313 1.019534 4.556727
l 19814 19815
v -1.947260 0.842077 4.556443
v -1.957977 0.796660 4.574399
l 19816 19817
v -1.864210 0.858288 4.557017
v -1.844569 0.904138 4.553544
l 19818 19819
v -1.951877 1.145450 4.545350
v -1.908619 1.136841 4.521800
l 19820 19821
v -1.952873 1.145803 4.551920
v -1.918670 1.140393 4.587987
l 19822 19823
v -1.750317 1.046780 4.559837
v -1.714206 1.081275 4.557361
l 19824 19825
v -2.041870 0.841213 4.546970
v -2.055648 0.844420 4.594927
l 19826 19827
v -1.752770 1.044593 4.563330
v -1.754335 1.009094 4.598506
l 19828 19829
v -2.149693 0.943373 4.542343
v -2.154312 0.907667 4.577039
l 19830 19831
v -2.149060 0.942608 4.535773
v -2.147838 0.899851 4.509882
l 19832 19833
v -2.254147 0.845396 4.526600
v -2.218439 0.880358 4.528224
l 19834 19835
v -2.154460 0.852937 4.539177
v -2.151517 0.900444 4.554487
l 19836 19837
v -2.155247 0.849655 4.535427
v -2.165636 0.841638 4.487179
l 19838 19839
v -2.157367 0.848118 4.540603
v -2.197667 0.830560 4.564427
l 19840 19841
v -2.251860 1.056957 4.530327
v -2.219354 1.094925 4.531651
l 19842 19843
v -2.524140 1.037713 4.497670
v -2.496876 1.079611 4.496538
l 19844 19845
v -2.644740 0.843835 4.508797
v -2.676874 0.875120 4.530901
l 19846 19847
v -2.146873 0.649493 4.538457
v -2.108525 0.650525 4.506389
l 19848 19849
v -2.149410 0.651429 4.541933
v -2.184015 0.687414 4.544691
l 19850 19851
v -2.750713 0.663743 4.498223
v -2.730482 0.636978 4.535295
l 19852 19853
v -2.644443 1.151487 4.495690
v -2.603781 1.136634 4.520710
l 19854 19855
v -2.526007 1.034970 4.501077
v -2.558215 1.025136 4.538035
l 19856 19857
v -2.645880 1.153630 4.490250
v -2.623179 1.165541 4.447322
l 19858 19859
v -2.547550 1.239653 4.494960
v -2.520212 1.234927 4.453363
l 19860 19861
v -2.538100 1.227370 4.500527
v -2.524514 1.230557 4.452514
l 19862 19863
v -1.338753 0.551522 4.603890
v -1.296458 0.570137 4.622985
l 19864 19865
v -2.661477 1.054763 4.494453
v -2.710508 1.051682 4.485158
l 19866 19867
v -2.749143 0.349078 4.508980
v -2.728773 0.305948 4.523975
l 19868 19869
v -2.757947 1.256033 4.480303
v -2.734575 1.300225 4.479378
l 19870 19871
v -2.833020 0.847234 4.480453
v -2.788780 0.846635 4.457163
l 19872 19873
v -2.836140 0.844952 4.483337
v -2.870076 0.808578 4.478308
l 19874 19875
v -2.746897 1.150407 4.486760
v -2.704181 1.154426 4.512435
l 19876 19877
v -2.573153 1.158290 4.497463
v -2.621998 1.150534 4.490113
l 19878 19879
v -2.657927 1.058267 4.494653
v -2.653433 1.107673 4.488425
l 19880 19881
v -2.658430 1.054983 4.498397
v -2.639169 1.033145 4.539043
l 19882 19883
v -2.657167 1.054067 4.492037
v -2.625297 1.023080 4.469143
l 19884 19885
v -2.484973 1.074363 4.500280
v -2.482056 1.041099 4.537495
l 19886 19887
v -2.483897 1.078443 4.497777
v -2.454795 1.118665 4.503715
l 19888 19889
v -2.349437 1.150830 4.515590
v -2.369553 1.107596 4.530628
l 19890 19891
v -2.346557 1.153227 4.512493
v -2.315932 1.152194 4.472983
l 19892 19893
v -2.551077 1.152887 4.504660
v -2.562336 1.194351 4.530233
l 19894 19895
v -2.564007 1.157207 4.502133
v -2.562187 1.137961 4.548245
l 19896 19897
v -2.624193 1.035333 4.502637
v -2.642005 0.989030 4.508857
l 19898 19899
v -2.542170 1.048777 4.495413
v -2.554067 1.060326 4.448243
l 19900 19901
v -2.556103 1.057433 4.500287
v -2.561576 1.065417 4.451232
l 19902 19903
v -2.558727 1.055450 4.504617
v -2.598617 1.030031 4.520823
l 19904 19905
v -2.555937 1.060230 4.505083
v -2.553449 1.105044 4.527118
l 19906 19907
v -2.535507 1.037380 4.494550
v -2.557027 1.008724 4.459682
l 19908 19909
v -2.450380 1.151467 4.509213
v -2.471502 1.155441 4.554358
l 19910 19911
v -2.626097 0.935216 4.503710
v -2.577079 0.939476 4.512607
l 19912 19913
v -2.834897 0.944623 4.483077
v -2.865355 0.905562 4.476258
l 19914 19915
v -2.755243 1.047777 4.487503
v -2.725638 1.088059 4.488444
l 19916 19917
v -2.754603 1.043040 4.487623
v -2.715331 1.012213 4.490349
l 19918 19919
v -2.523237 1.033063 4.497220
v -2.487280 0.999161 4.489621
l 19920 19921
v -2.749377 1.147733 4.483723
v -2.781589 1.109722 4.487908
l 19922 19923
v -2.747437 1.150133 4.480120
v -2.709439 1.151753 4.447662
l 19924 19925
v -2.749720 1.152447 4.483557
v -2.787303 1.185380 4.485257
l 19926 19927
v -2.835850 1.245603 4.471860
v -2.791283 1.250181 4.449661
l 19928 19929
v -2.838440 1.243097 4.474980
v -2.866767 1.201942 4.473011
l 19930 19931
v -2.839170 1.247763 4.474477
v -2.878755 1.276777 4.464926
l 19932 19933
v -2.834657 1.045140 4.476380
v -2.793247 1.046634 4.448397
l 19934 19935
v -2.837257 1.042657 4.479687
v -2.867508 1.002848 4.480025
l 19936 19937
v -2.835127 1.045553 4.482993
v -2.798060 1.050864 4.516127
l 19938 19939
v -2.971620 0.678528 4.478600
v -2.982986 0.715294 4.510524
l 19940 19941
v -2.972773 0.675345 4.475230
v -2.998310 0.632383 4.473758
l 19942 19943
v -2.759330 1.252760 4.477050
v -2.794562 1.239956 4.443963
l 19944 19945
v -2.760090 1.253300 4.483643
v -2.802131 1.245353 4.509516
l 19946 19947
v -2.983583 1.039847 4.475610
v -2.943184 1.014632 4.490846
l 19948 19949
v -2.833640 1.150147 4.481597
v -2.794022 1.150191 4.512099
l 19950 19951
v -2.836047 1.147720 4.478327
v -2.872750 1.113779 4.479250
l 19952 19953
v -2.548367 0.751512 4.512333
v -2.548649 0.790100 4.480539
l 19954 19955
v -2.685700 0.857292 4.500917
v -2.719226 0.845677 4.536146
l 19956 19957
v -3.048390 0.650235 4.474337
v -3.014430 0.686846 4.476862
l 19958 19959
v -2.684837 0.855477 4.494833
v -2.709015 0.824228 4.464191
l 19960 19961
v -2.684473 0.860383 4.496797
v -2.687135 0.908123 4.482173
l 19962 19963
v -2.653640 0.554878 4.501860
v -2.685441 0.554795 4.463277
l 19964 19965
v -2.830477 0.642155 4.487303
v -2.798945 0.652956 4.524574
l 19966 19967
v -2.831780 0.638968 4.483700
v -2.850888 0.592924 4.479847
l 19968 19969
v -2.833210 0.643602 4.483567
v -2.876274 0.668237 4.477350
l 19970 19971
v -2.630210 0.935918 4.506187
v -2.660262 0.948987 4.543950
l 19972 19973
v -2.629283 0.937049 4.500540
v -2.646984 0.965167 4.463176
l 19974 19975
v -2.629170 0.931665 4.502493
v -2.644113 0.885411 4.490779
l 19976 19977
v -2.643630 0.842396 4.502560
v -2.664245 0.858780 4.460056
l 19978 19979
v -2.501070 0.985431 4.495297
v -2.514841 0.983682 4.447262
l 19980 19981
v -2.500417 0.988299 4.499723
v -2.487921 1.034175 4.515192
l 19982 19983
v -2.498880 0.983430 4.499460
v -2.459992 0.954749 4.512308
l 19984 19985
v -2.542580 0.979293 4.497063
v -2.560209 1.026081 4.497401
l 19986 19987
v -2.550157 0.843091 4.514640
v -2.586915 0.842404 4.548527
l 19988 19989
v -2.050840 0.554099 4.552217
v -2.083056 0.590999 4.542194
l 19990 19991
v -2.048917 0.551519 4.556067
v -2.027335 0.549697 4.601132
l 19992 19993
v -2.046693 0.551851 4.550140
v -2.001217 0.555131 4.529619
l 19994 19995
v -2.650893 0.552722 4.505223
v -2.611166 0.522366 4.505729
l 19996 19997
v -2.146127 0.447440 4.549300
v -2.184603 0.417126 4.539267
l 19998 19999
v -2.544137 0.548730 4.513410
v -2.583005 0.578287 4.502656
l 20000 20001
v -2.538083 0.280289 4.520983
v -2.534016 0.316701 4.486960
l 20002 20003
v -2.542843 0.275978 4.522163
v -2.587115 0.268595 4.500128
l 20004 20005
v -2.540017 0.278690 4.525403
v -2.539646 0.291509 4.573731
l 20006 20007
v -2.449433 0.546429 4.521283
v -2.443527 0.502144 4.498834
l 20008 20009
v -2.663403 0.266165 4.509423
v -2.644791 0.305137 4.484228
l 20010 20011
v -2.451543 0.548783 4.526270
v -2.466898 0.533454 4.571317
l 20012 20013
v -2.639683 0.641172 4.506533
v -2.632805 0.592053 4.512852
l 20014 20015
v -2.641093 0.645116 4.509243
v -2.677277 0.668831 4.534310
l 20016 20017
v -2.640167 0.644413 4.502770
v -2.667256 0.661203 4.464244
l 20018 20019
v -2.637007 0.645330 4.506463
v -2.589141 0.658737 4.511859
l 20020 20021
v -2.747663 0.480563 4.498343
v -2.742469 0.471419 4.449462
l 20022 20023
v -2.751240 0.480420 4.501823
v -2.786794 0.462024 4.531782
l 20024 20025
v -2.751470 0.490482 4.499917
v -2.758905 0.539606 4.494294
l 20026 20027
v -2.649790 0.449975 4.504917
v -2.650932 0.406914 4.479532
l 20028 20029
v -2.665580 0.265902 4.515667
v -2.667631 0.302374 4.549808
l 20030 20031
v -2.662870 0.262869 4.512977
v -2.636482 0.221056 4.520415
l 20032 20033
v -2.354943 0.346496 4.536097
v -2.394828 0.376613 4.534624
l 20034 20035
v -2.352197 0.344132 4.532873
v -2.348372 0.303561 4.503902
l 20036 20037
v -2.660030 0.152648 4.518413
v -2.698858 0.181191 4.505082
l 20038 20039
v -2.536667 0.349593 4.523977
v -2.498643 0.350838 4.556422
l 20040 20041
v -2.558707 0.136632 4.530457
v -2.539667 0.165430 4.566625
l 20042 20043
v -2.542080 0.546051 4.517157
v -2.548952 0.513078 4.554110
l 20044 20045
v -2.446810 0.454683 4.523997
v -2.483192 0.421372 4.515823
l 20046 20047
v -2.254590 0.656775 4.529967
v -2.250275 0.698179 4.502271
l 20048 20049
v -2.720000 0.000869 4.501017
v -2.711236 0.015438 4.548037
l 20050 20051
v -2.715447 0.012621 4.498760
v -2.719542 0.010502 4.548547
l 20052 20053
v -2.819410 0.071831 4.499517
v -2.828993 0.077933 4.450824
l 20054 20055
v -2.843497 0.154230 4.501727
v -2.809109 0.118341 4.507157
l 20056 20057
v -2.846743 0.156457 4.504583
v -2.882241 0.172963 4.535688
l 20058 20059
v -2.821493 0.073858 4.504863
v -2.856692 0.104946 4.522027
l 20060 20061
v -2.820130 0.068578 4.503933
v -2.832431 0.021867 4.516848
l 20062 20063
v -2.868817 0.137556 4.493687
v -2.848968 0.105491 4.460856
l 20064 20065
v -2.873590 0.140805 4.494460
v -2.915162 0.156163 4.471309
l 20066 20067
v -2.870797 0.138824 4.498083
v -2.877116 0.118743 4.543435
l 20068 20069
v -1.556923 0.446561 4.589317
v -1.537352 0.492051 4.596219
l 20070 20071
v -2.723053 -0.004632 4.497217
v -2.772551 -0.010998 4.494136
l 20072 20073
v -1.752680 0.363259 4.577537
v -1.709889 0.342236 4.562473
l 20074 20075
v -1.754983 0.365857 4.582023
v -1.743836 0.385160 4.626780
l 20076 20077
v -2.861830 0.055031 4.494400
v -2.844404 0.038806 4.450433
l 20078 20079
v -2.718637 -0.007999 4.497437
v -2.674611 -0.031675 4.496337
l 20080 20081
v -2.863997 0.053077 4.498267
v -2.878498 0.018412 4.531252
l 20082 20083
v -2.860203 0.057801 4.498027
v -2.827918 0.081396 4.528042
l 20084 20085
v -2.822867 0.481308 4.495613
v -2.837186 0.475680 4.448040
l 20086 20087
v -2.540993 0.545176 4.510823
v -2.540560 0.504617 4.481587
l 20088 20089
v -2.646330 0.356466 4.506983
v -2.634152 0.323091 4.471801
l 20090 20091
v -2.444087 0.457488 4.521273
v -2.439239 0.500104 4.495576
l 20092 20093
v -2.539430 0.548377 4.513970
v -2.501263 0.580609 4.516064
l 20094 20095
v -2.257440 0.654087 4.532857
v -2.295210 0.621841 4.527061
l 20096 20097
v -2.255230 0.656338 4.536567
v -2.256830 0.693708 4.569747
l 20098 20099
v -2.252640 0.653890 4.533310
v -2.217804 0.618036 4.534316
l 20100 20101
v -2.252747 0.549702 4.538893
v -2.215519 0.583067 4.539834
l 20102 20103
v -2.143150 0.547947 4.542167
v -2.142100 0.508188 4.511866
l 20104 20105
v -2.453213 0.550960 4.521537
v -2.493214 0.567758 4.496682
l 20106 20107
v -2.448680 0.550807 4.523030
v -2.410266 0.582792 4.524185
l 20108 20109
v -2.445553 0.748270 4.517763
v -2.406564 0.719105 4.529134
l 20110 20111
v -2.527747 0.976961 4.504333
v -2.525053 0.944604 4.542357
l 20112 20113
v -2.734317 0.617224 4.504240
v -2.748743 0.572373 4.520980
l 20114 20115
v -2.643927 0.839220 4.506623
v -2.650076 0.790641 4.516737
l 20116 20117
v -2.356017 0.750134 4.523707
v -2.401442 0.738909 4.506084
l 20118 20119
v -2.351260 0.750137 4.523950
v -2.315580 0.715186 4.526277
l 20120 20121
v -2.673533 0.707333 4.497440
v -2.647410 0.748860 4.487795
l 20122 20123
v -2.695317 0.718624 4.498017
v -2.676875 0.754712 4.468733
l 20124 20125
v -2.352080 0.554132 4.530333
v -2.391299 0.523139 4.531478
l 20126 20127
v -2.257410 0.744453 4.535003
v -2.225259 0.707049 4.543202
l 20128 20129
v -2.550593 0.843287 4.508040
v -2.591495 0.844475 4.479306
l 20130 20131
v -2.547690 0.845783 4.511240
v -2.516036 0.884476 4.510295
l 20132 20133
v -2.448007 0.749618 4.513730
v -2.451780 0.769119 4.467844
l 20134 20135
v -2.829230 0.510054 4.502107
v -2.869870 0.481771 4.495148
l 20136 20137
v -2.730407 0.620848 4.504583
v -2.686423 0.630150 4.526466
l 20138 20139
v -2.733107 0.620207 4.500540
v -2.734217 0.626109 4.450902
l 20140 20141
v -2.735820 0.622717 4.504927
v -2.768661 0.656587 4.521490
l 20142 20143
v -2.549343 0.651958 4.514423
v -2.577930 0.692979 4.514753
l 20144 20145
v -2.644963 0.740860 4.511730
v -2.653238 0.706190 4.546794
l 20146 20147
v -2.643497 0.740206 4.505357
v -2.637354 0.699083 4.477586
l 20148 20149
v -2.646727 0.743330 4.507683
v -2.684113 0.774366 4.495892
l 20150 20151
v -2.642003 0.743301 4.508770
v -2.605637 0.777267 4.513650
l 20152 20153
v -2.550803 0.748951 4.515597
v -2.584759 0.712262 4.514620
l 20154 20155
v -2.547300 0.649245 4.517733
v -2.507537 0.642254 4.547230
l 20156 20157
v -2.349080 0.648308 4.527840
v -2.308894 0.675986 4.538748
l 20158 20159
v -2.685297 0.711377 4.493307
v -2.668868 0.754821 4.474795
l 20160 20161
v -2.686423 0.706514 4.492553
v -2.700263 0.681595 4.451474
l 20162 20163
v -2.053997 0.649655 4.544843
v -2.094686 0.647935 4.515836
l 20164 20165
v -2.053987 0.649805 4.551507
v -2.094593 0.649403 4.580678
l 20166 20167
v -2.051670 0.652172 4.548117
v -2.017615 0.688772 4.547243
l 20168 20169
v -2.248943 0.252546 4.544610
v -2.283028 0.215996 4.543079
l 20170 20171
v -2.346800 0.059958 4.538567
v -2.305549 0.032969 4.530202
l 20172 20173
v -2.351943 0.060419 4.537450
v -2.391437 0.034457 4.521133
l 20174 20175
v -2.651117 0.069274 4.511390
v -2.685040 0.062346 4.475318
l 20176 20177
v -2.250903 0.059457 4.549853
v -2.244591 0.101391 4.523364
l 20178 20179
v -2.536157 0.349420 4.517333
v -2.493616 0.349136 4.491062
l 20180 20181
v -2.655323 0.152757 4.519600
v -2.619808 0.187612 4.524482
l 20182 20183
v -2.538810 0.347062 4.520533
v -2.572808 0.310436 4.518877
l 20184 20185
v -2.538857 0.351787 4.520407
v -2.574362 0.386803 4.516769
l 20186 20187
v -2.443710 0.054230 4.535517
v -2.483363 0.084687 4.535543
l 20188 20189
v -2.250343 0.151636 4.549740
v -2.291673 0.165245 4.525109
l 20190 20191
v -2.444217 0.254912 4.530637
v -2.480026 0.220511 4.524787
l 20192 20193
v -2.441030 0.052138 4.538847
v -2.401929 0.056756 4.569665
l 20194 20195
v -2.440867 0.052356 4.532190
v -2.400315 0.058942 4.503692
l 20196 20197
v -2.443043 0.049520 4.535377
v -2.472181 0.008939 4.533330
l 20198 20199
v -2.254007 0.055065 4.550580
v -2.295139 0.031268 4.535029
l 20200 20201
v -2.248673 0.149669 4.554793
v -2.266192 0.131412 4.597919
l 20202 20203
v -2.246443 0.254933 4.541390
v -2.204089 0.255836 4.514832
l 20204 20205
v -2.142293 0.450520 4.546810
v -2.120347 0.461873 4.503342
l 20206 20207
v -2.140993 0.550220 4.545773
v -2.103616 0.583142 4.550141
l 20208 20209
v -2.145733 0.550466 4.545287
v -2.179554 0.587176 4.542372
l 20210 20211
v -1.952340 0.459475 4.556390
v -1.941710 0.506706 4.543890
l 20212 20213
v -2.144970 0.452466 4.551197
v -2.163221 0.493276 4.573590
l 20214 20215
v -2.246300 0.147646 4.549693
v -2.233925 0.104023 4.528624
l 20216 20217
v -2.249090 0.257269 4.544537
v -2.285318 0.291626 4.541871
l 20218 20219
v -2.246843 0.255027 4.548043
v -2.207988 0.256722 4.579466
l 20220 20221
v -2.148647 0.153524 4.557773
v -2.172300 0.193395 4.539043
l 20222 20223
v -2.059153 0.146233 4.567793
v -2.052809 0.108545 4.600033
l 20224 20225
v -2.058800 0.145898 4.561153
v -2.049269 0.105195 4.533723
l 20226 20227
v -2.557853 0.134421 4.526220
v -2.535420 0.092401 4.511017
l 20228 20229
v -2.559797 0.138343 4.524120
v -2.550630 0.182649 4.502837
l 20230 20231
v -2.562223 0.135874 4.527363
v -2.607411 0.114568 4.529384
l 20232 20233
v -2.656607 0.149459 4.516277
v -2.648716 0.108476 4.488744
l 20234 20235
v -2.658210 0.150213 4.522560
v -2.666594 0.116882 4.558875
l 20236 20237
v -1.557173 0.441827 4.589060
v -1.524014 0.404419 4.587992
l 20238 20239
v -2.553953 0.057664 4.521333
v -2.567343 0.077764 4.477553
l 20240 20241
v -2.556583 0.056999 4.526997
v -2.600121 0.069473 4.548183
l 20242 20243
v -2.553407 0.053967 4.524633
v -2.540709 0.005607 4.524850
l 20244 20245
v -2.346233 0.159937 4.541943
v -2.311129 0.124336 4.541386
l 20246 20247
v -2.348817 0.162166 4.545303
v -2.349583 0.199736 4.578287
l 20248 20249
v -2.441327 0.257250 4.527733
v -2.400667 0.259788 4.498744
l 20250 20251
v -2.554370 -0.013705 4.516510
v -2.575235 -0.016876 4.561838
l 20252 20253
v -2.550460 -0.015462 4.514427
v -2.505422 -0.036295 4.508295
l 20254 20255
v -2.553133 -0.010165 4.513567
v -2.541646 0.035458 4.496638
l 20256 20257
v -2.555587 -0.015036 4.512097
v -2.583823 -0.035136 4.476059
l 20258 20259
v -1.646727 0.353326 4.584593
v -1.688988 0.379582 4.579630
l 20260 20261
v -2.348323 0.162756 4.538683
v -2.344719 0.205543 4.513066
l 20262 20263
v -2.855777 0.437858 4.483653
v -2.838105 0.391093 4.482785
l 20264 20265
v -2.648307 0.356780 4.512290
v -2.668037 0.329308 4.549114
l 20266 20267
v -2.650063 0.360595 4.508063
v -2.692144 0.381640 4.491142
l 20268 20269
v -2.647030 0.453566 4.507200
v -2.611505 0.486855 4.495804
l 20270 20271
v -2.769427 0.541015 4.497850
v -2.732907 0.574889 4.502190
l 20272 20273
v -2.551770 0.934641 4.505680
v -2.601538 0.930285 4.507714
l 20274 20275
v -2.774120 0.541092 4.496823
v -2.811017 0.572859 4.485445
l 20276 20277
v -2.770970 0.538001 4.494440
v -2.765705 0.496365 4.467261
l 20278 20279
v -2.772363 0.538681 4.500857
v -2.780525 0.503611 4.535548
l 20280 20281
v -2.742260 0.469256 4.508363
v -2.786163 0.450127 4.522737
l 20282 20283
v -2.648907 0.451211 4.511280
v -2.641169 0.420608 4.550056
l 20284 20285
v -2.651903 0.453263 4.507933
v -2.691400 0.483919 4.507463
l 20286 20287
v -2.860030 0.440088 4.482783
v -2.907203 0.430777 4.469071
l 20288 20289
v -2.821237 0.472019 4.504310
v -2.848112 0.493954 4.540318
l 20290 20291
v -2.784750 0.331810 4.497963
v -2.770906 0.283781 4.496684
l 20292 20293
v -2.821027 0.467493 4.501237
v -2.842948 0.423723 4.491058
l 20294 20295
v -2.749420 0.353832 4.508610
v -2.716780 0.391707 4.508304
l 20296 20297
v -2.736053 0.471313 4.501167
v -2.732251 0.462115 4.452167
l 20298 20299
v -3.050707 0.647556 4.477493
v -3.050063 0.606442 4.505940
l 20300 20301
v -3.050457 0.647783 4.470840
v -3.047555 0.608693 4.439799
l 20302 20303
v -3.053127 0.650031 4.474150
v -3.091130 0.682522 4.473831
l 20304 20305
v -2.855697 0.441763 4.480727
v -2.831510 0.478836 4.457475
l 20306 20307
v -2.857377 0.441012 4.487017
v -2.849992 0.470572 4.526661
l 20308 20309
v -2.753273 0.742610 4.488780
v -2.760222 0.703101 4.458935
l 20310 20311
v -2.696270 0.717722 4.504533
v -2.675618 0.739148 4.544713
l 20312 20313
v -2.750450 0.663697 4.491950
v -2.727213 0.636415 4.457083
l 20314 20315
v -2.349717 0.556781 4.533530
v -2.348205 0.600700 4.557380
l 20316 20317
v -2.349190 0.555872 4.526947
v -2.343061 0.591758 4.492674
l 20318 20319
v -2.347393 0.553739 4.530760
v -2.315560 0.515972 4.538525
l 20320 20321
v -2.450450 0.748044 4.518070
v -2.489245 0.719867 4.532249
l 20322 20323
v -2.447760 0.752251 4.519637
v -2.448906 0.799445 4.536111
l 20324 20325
v -2.144480 0.749231 4.536953
v -2.102405 0.749887 4.509949
l 20326 20327
v -2.144850 0.749414 4.543607
v -2.106026 0.751693 4.575031
l 20328 20329
v -2.254243 0.840638 4.526480
v -2.250729 0.798648 4.499564
l 20330 20331
v -2.550017 1.148140 4.505130
v -2.561950 1.113806 4.539464
l 20332 20333
v -2.536770 1.148230 4.503287
v -2.498983 1.116968 4.513022
l 20334 20335
v -2.351580 0.646362 4.523783
v -2.349011 0.614408 4.485412
l 20336 20337
v -2.352560 0.645286 4.530123
v -2.360214 0.602741 4.555249
l 20338 20339
v -2.444910 0.456778 4.527830
v -2.447625 0.492888 4.562308
l 20340 20341
v -2.259337 0.746639 4.531140
v -2.294584 0.744666 4.495732
l 20342 20343
v -2.529333 0.983809 4.499913
v -2.544959 1.031246 4.502275
l 20344 20345
v -2.350793 0.850428 4.527483
v -2.316587 0.845258 4.563583
l 20346 20347
v -2.442083 0.454491 4.524570
v -2.405814 0.420084 4.525400
l 20348 20349
v -2.256820 0.843115 4.529810
v -2.263117 0.841992 4.579399
l 20350 20351
v -2.353060 0.848320 4.523747
v -2.390686 0.815968 4.517614
l 20352 20353
v -2.441353 0.841890 4.511887
v -2.401720 0.843489 4.481446
l 20354 20355
v -2.751013 0.744295 4.493070
v -2.756722 0.736949 4.542197
l 20356 20357
v -2.546013 0.749239 4.515903
v -2.507647 0.717385 4.519556
l 20358 20359
v -2.672247 0.693182 4.493440
v -2.624646 0.688131 4.478994
l 20360 20361
v -2.747767 0.746088 4.489940
v -2.702946 0.740708 4.468441
l 20362 20363
v -2.703810 0.719466 4.501933
v -2.752370 0.729954 4.496281
l 20364 20365
v -2.697600 0.709850 4.499943
v -2.731365 0.674315 4.490087
l 20366 20367
v -2.684710 0.710669 4.504830
v -2.670058 0.752720 4.527567
l 20368 20369
v -2.685837 0.705806 4.504077
v -2.686670 0.673497 4.542227
l 20370 20371
v -2.726580 0.551764 4.503147
v -2.770241 0.575791 4.499093
l 20372 20373
v -2.550150 0.647286 4.514403
v -2.590092 0.617209 4.514405
l 20374 20375
v -2.547327 0.649280 4.511070
v -2.507804 0.642585 4.481184
l 20376 20377
v -2.724363 0.549241 4.506543
v -2.718875 0.508163 4.534516
l 20378 20379
v -2.723273 0.550136 4.500107
v -2.707209 0.517749 4.465567
l 20380 20381
v -2.722063 0.553005 4.504083
v -2.693107 0.592423 4.514466
l 20382 20383
v -2.651727 0.557450 4.505900
v -2.630090 0.601300 4.516340
l 20384 20385
v -2.682433 0.669632 4.496163
v -2.694726 0.621907 4.487727
l 20386 20387
v -2.684847 0.678920 4.499410
v -2.727091 0.684467 4.525577
l 20388 20389
v -2.683067 0.679589 4.493030
v -2.707074 0.688372 4.450059
l 20390 20391
v -2.827287 0.512551 4.505753
v -2.827576 0.554968 4.532224
l 20392 20393
v -2.825667 0.511799 4.499350
v -2.811177 0.547332 4.467297
l 20394 20395
v -2.829017 0.551391 4.492593
v -2.837920 0.556639 4.541513
l 20396 20397
v -2.825947 0.552387 4.488513
v -2.780448 0.569797 4.477253
l 20398 20399
v -2.677837 0.690145 4.502540
v -2.701607 0.701966 4.544910
l 20400 20401
v -2.675423 0.680857 4.499293
v -2.629552 0.664323 4.510357
l 20402 20403
v -2.677597 0.690620 4.491153
v -2.708684 0.696098 4.452377
l 20404 20405
v -2.525233 0.975311 4.496380
v -2.525647 0.972719 4.446449
l 20406 20407
v -2.513690 0.976378 4.500810
v -2.502111 0.934797 4.526048
l 20408 20409
v -2.819803 0.499655 4.500593
v -2.777276 0.504344 4.474720
l 20410 20411
v -2.737343 0.469033 4.508787
v -2.707054 0.491352 4.541718
l 20412 20413
v -2.739860 0.481232 4.502740
v -2.709247 0.503891 4.535135
l 20414 20415
v -2.830980 0.553232 4.487507
v -2.868612 0.577330 4.465077
l 20416 20417
v -2.515277 0.983226 4.496390
v -2.514789 0.986080 4.446474
l 20418 20419
v -2.540017 0.975664 4.493793
v -2.511091 0.969926 4.453416
l 20420 20421
v -2.828737 0.547996 4.488477
v -2.833631 0.500632 4.473223
l 20422 20423
v -2.148500 1.045917 4.537717
v -2.182481 1.009245 4.537009
l 20424 20425
v -2.146047 1.048203 4.541087
v -2.106394 1.048901 4.571537
l 20426 20427
v -2.146023 1.048310 4.534437
v -2.106158 1.049949 4.504303
l 20428 20429
v -2.149390 1.145743 4.537057
v -2.153654 1.104097 4.564395
l 20430 20431
v -2.051503 1.149310 4.542000
v -2.091733 1.124771 4.558716
l 20432 20433
v -2.050473 1.352227 4.534517
v -2.015134 1.387553 4.536290
l 20434 20435
v -1.853170 1.555973 4.544880
v -1.888208 1.520500 4.541138
l 20436 20437
v -1.850517 1.558600 4.541820
v -1.849375 1.598836 4.512159
l 20438 20439
v -2.038163 1.556980 4.533680
v -1.997616 1.553529 4.562731
l 20440 20441
v -1.743153 2.150643 4.531033
v -1.733962 2.108095 4.555634
l 20442 20443
v -1.746233 2.153433 4.528437
v -1.787811 2.179906 4.536835
l 20444 20445
v -1.663070 2.245923 4.540567
v -1.631960 2.285056 4.541442
l 20446 20447
v -1.555893 2.038210 4.579397
v -1.556625 2.007263 4.618661
l 20448 20449
v -1.555000 2.043700 4.577947
v -1.544104 2.088384 4.597558
l 20450 20451
v -2.235017 1.742127 4.500100
v -2.229278 1.738328 4.450576
l 20452 20453
v -2.232730 1.742903 4.504383
v -2.235399 1.706327 4.538370
l 20454 20455
v -1.146340 -0.074636 1.732053
v -1.143524 -0.059391 1.684517
l 20456 20457
v -1.662740 2.241183 4.540913
v -1.625552 2.208347 4.547144
l 20458 20459
v -1.849297 1.653233 4.544143
v -1.892651 1.650324 4.568880
l 20460 20461
v -1.848570 1.652860 4.537527
v -1.885581 1.646673 4.504482
l 20462 20463
v -2.279547 1.675960 4.494467
v -2.266323 1.632451 4.473679
l 20464 20465
v -2.249020 1.651133 4.500783
v -2.259089 1.679646 4.460963
l 20466 20467
v -2.246393 1.650520 4.504937
v -2.199293 1.639812 4.517857
l 20468 20469
v -2.278743 1.678043 4.500673
v -2.257824 1.654558 4.539543
l 20470 20471
v -2.250670 1.648107 4.504290
v -2.267060 1.600992 4.507698
l 20472 20473
v -2.462830 1.456443 4.498173
v -2.504386 1.428747 4.495726
l 20474 20475
v -2.458773 1.459573 4.498700
v -2.438532 1.504860 4.492424
l 20476 20477
v -2.048207 1.254733 4.539267
v -2.086324 1.222377 4.538888
l 20478 20479
v -2.151073 1.551720 4.518573
v -2.118621 1.589687 4.520885
l 20480 20481
v -2.377770 1.467173 4.498830
v -2.408806 1.503795 4.484844
l 20482 20483
v -2.358310 1.452497 4.498400
v -2.375274 1.412105 4.474301
l 20484 20485
v -2.366143 1.570410 4.496180
v -2.350516 1.617901 4.496820
l 20486 20487
v -2.417257 1.510807 4.499030
v -2.380165 1.478848 4.488886
l 20488 20489
v -2.255077 1.246963 4.526340
v -2.255179 1.206820 4.556148
l 20490 20491
v -2.254323 1.246860 4.519717
v -2.247895 1.205817 4.491893
l 20492 20493
v -2.148403 1.259737 4.533240
v -2.147818 1.296266 4.567376
l 20494 20495
v -2.551607 1.253793 4.497690
v -2.510390 1.282095 4.497202
l 20496 20497
v -2.554190 1.251430 4.501160
v -2.576547 1.228861 4.539771
l 20498 20499
v -2.536327 1.228580 4.505030
v -2.512563 1.257413 4.538255
l 20500 20501
v -2.538647 1.223757 4.504053
v -2.533929 1.175250 4.515229
l 20502 20503
v -2.511507 1.406887 4.497660
v -2.524616 1.388161 4.453191
l 20504 20505
v -2.550340 1.354393 4.492120
v -2.512581 1.327371 4.473572
l 20506 20507
v -2.554260 1.357353 4.490470
v -2.568153 1.396256 4.462299
l 20508 20509
v -2.551563 1.357053 4.496397
v -2.538005 1.392906 4.528502
l 20510 20511
v -2.554687 1.354270 4.494093
v -2.587143 1.318511 4.507051
l 20512 20513
v -2.152937 1.255530 4.531410
v -2.200045 1.247822 4.546290
l 20514 20515
v -2.511823 1.410373 4.500910
v -2.512350 1.460360 4.499897
l 20516 20517
v -2.514363 1.406967 4.503093
v -2.546027 1.379082 4.529924
l 20518 20519
v -2.508477 1.406993 4.501347
v -2.466905 1.390165 4.523451
l 20520 20521
v -2.364450 1.462380 4.496580
v -2.339154 1.496551 4.470266
l 20522 20523
v -2.371630 1.457290 4.500650
v -2.391384 1.416611 4.479319
l 20524 20525
v -2.449503 1.451033 4.494693
v -2.418778 1.476147 4.464275
l 20526 20527
v -2.549510 1.654370 4.482820
v -2.508922 1.683056 4.488274
l 20528 20529
v -2.357587 1.349517 4.512253
v -2.399164 1.376755 4.506828
l 20530 20531
v -2.355243 1.347557 4.515917
v -2.350750 1.310811 4.549525
l 20532 20533
v -2.352923 1.350447 4.512647
v -2.321649 1.389449 4.513509
l 20534 20535
v -2.354617 1.347200 4.509323
v -2.344260 1.307134 4.481262
l 20536 20537
v -2.269843 1.543710 4.508990
v -2.282667 1.511484 4.545005
l 20538 20539
v -2.149730 1.258360 4.528327
v -2.146887 1.275666 4.481503
l 20540 20541
v -2.155857 1.551223 4.518093
v -2.195514 1.551239 4.487642
l 20542 20543
v -2.053170 1.349963 4.537717
v -2.095794 1.351260 4.563823
l 20544 20545
v -2.052657 1.349783 4.531073
v -2.090775 1.349455 4.498718
l 20546 20547
v -2.418573 1.516010 4.499133
v -2.415996 1.559486 4.474574
l 20548 20549
v -2.355743 1.546687 4.498960
v -2.387425 1.509357 4.488822
l 20550 20551
v -2.149920 1.457213 4.522097
v -2.186142 1.425160 4.509426
l 20552 20553
v -2.370450 1.460133 4.505477
v -2.376990 1.465152 4.554792
l 20554 20555
v -2.284443 1.551173 4.498337
v -2.271797 1.519486 4.461786
l 20556 20557
v -2.285167 1.556360 4.500453
v -2.274106 1.604560 4.493076
l 20558 20559
v -2.294877 1.553727 4.499377
v -2.344464 1.547707 4.497181
l 20560 20561
v -2.370420 1.568167 4.496353
v -2.418403 1.581865 4.499517
l 20562 20563
v -2.367287 1.567183 4.492810
v -2.350573 1.532828 4.460555
l 20564 20565
v -2.358470 1.555780 4.495450
v -2.360974 1.556696 4.445521
l 20566 20567
v -2.359907 1.560120 4.502783
v -2.323235 1.581359 4.529318
l 20568 20569
v -2.349877 1.552463 4.502123
v -2.352819 1.569667 4.548978
l 20570 20571
v -2.344873 1.538163 4.504723
v -2.364718 1.492270 4.504697
l 20572 20573
v -2.340703 1.540583 4.504097
v -2.293182 1.529179 4.493529
l 20574 20575
v -2.353323 1.458900 4.504200
v -2.324886 1.494661 4.483890
l 20576 20577
v -2.347183 1.449017 4.506020
v -2.315049 1.411981 4.515803
l 20578 20579
v -2.356173 1.457553 4.508463
v -2.369235 1.458326 4.556721
l 20580 20581
v -2.148597 1.459490 4.526090
v -2.155952 1.499820 4.554716
l 20582 20583
v -2.146393 1.459487 4.519800
v -2.134294 1.499798 4.492808
l 20584 20585
v -2.153503 1.548990 4.521737
v -2.158100 1.545272 4.571386
l 20586 20587
v -2.255940 1.544377 4.508363
v -2.219082 1.511646 4.516741
l 20588 20589
v -1.852233 1.754950 4.535940
v -1.814089 1.722875 4.539969
l 20590 20591
v -1.943347 1.846140 4.526503
v -1.941894 1.837799 4.477225
l 20592 20593
v -1.661090 1.653183 4.551877
v -1.695197 1.688796 4.543604
l 20594 20595
v -1.745653 1.750410 4.547467
v -1.704280 1.748848 4.575498
l 20596 20597
v -1.748510 1.752970 4.544360
v -1.779708 1.791989 4.546404
l 20598 20599
v -1.659390 1.650960 4.555707
v -1.664845 1.614064 4.589007
l 20600 20601
v -1.852637 1.759647 4.535737
v -1.821717 1.798931 4.536610
l 20602 20603
v -1.576827 2.239427 4.557957
v -1.581560 2.244449 4.508435
l 20604 20605
v -1.579673 2.237750 4.562640
v -1.623520 2.218764 4.577372
l 20606 20607
v -1.562930 1.838813 4.574067
v -1.566417 1.799352 4.543560
l 20608 20609
v -1.748337 1.949390 4.539033
v -1.708029 1.978795 4.535768
l 20610 20611
v -1.752893 1.949773 4.537800
v -1.792576 1.973181 4.518375
l 20612 20613
v -1.737650 2.042763 4.541623
v -1.776439 2.011214 4.541736
l 20614 20615
v -1.735013 2.045013 4.544947
v -1.697516 2.042533 4.577928
l 20616 20617
v -1.737060 2.047517 4.541310
v -1.765874 2.088116 4.536684
l 20618 20619
v -2.056007 1.941863 4.519097
v -2.050285 1.903729 4.550925
l 20620 20621
v -2.057043 1.943027 4.513647
v -2.062186 1.922830 4.468197
l 20622 20623
v -1.945440 1.844113 4.530463
v -1.949295 1.806921 4.563658
l 20624 20625
v -1.940880 1.848827 4.529800
v -1.898512 1.855352 4.555536
l 20626 20627
v -2.053710 1.946237 4.516893
v -2.012720 1.974819 4.515197
l 20628 20629
v -2.043177 2.155037 4.515730
v -2.005207 2.149586 4.547801
l 20630 20631
v -2.046167 2.152807 4.512430
v -2.083515 2.119565 4.512699
l 20632 20633
v -1.941233 2.241577 4.513400
v -1.974995 2.278032 4.507814
l 20634 20635
v -1.936537 2.240217 4.513803
v -1.888195 2.252903 4.515266
l 20636 20637
v -2.351913 1.711680 4.503530
v -2.394063 1.703865 4.529266
l 20638 20639
v -2.346737 1.709263 4.502137
v -2.317172 1.672443 4.518575
l 20640 20641
v -2.554300 1.754670 4.480813
v -2.598147 1.758599 4.457107
l 20642 20643
v -2.552137 1.754800 4.486463
v -2.568973 1.760386 4.533211
l 20644 20645
v -2.550297 1.751923 4.482583
v -2.526028 1.709004 4.474278
l 20646 20647
v -2.844683 1.547457 4.459973
v -2.803483 1.549230 4.431699
l 20648 20649
v -2.435827 1.053503 4.506440
v -2.429032 1.067253 4.458850
l 20650 20651
v -2.438587 1.050673 4.509830
v -2.476381 1.018724 4.516962
l 20652 20653
v -2.448543 1.148610 4.505633
v -2.437634 1.102921 4.488500
l 20654 20655
v -2.543183 0.974445 4.497320
v -2.581181 0.942453 4.503042
l 20656 20657
v -2.443733 0.839352 4.515367
v -2.472375 0.798449 4.517943
l 20658 20659
v -2.441443 0.842370 4.518507
v -2.402630 0.848396 4.549446
l 20660 20661
v -2.444190 0.844074 4.515020
v -2.482489 0.876092 4.512178
l 20662 20663
v -2.547820 0.931684 4.506147
v -2.538358 0.883412 4.515105
l 20664 20665
v -2.548087 0.935924 4.508703
v -2.524093 0.971929 4.533762
l 20666 20667
v -2.548243 0.934692 4.502230
v -2.525766 0.958783 4.464622
l 20668 20669
v -2.349190 0.455473 4.533447
v -2.384661 0.420294 4.531377
l 20670 20671
v -2.253137 0.545003 4.538667
v -2.220888 0.506877 4.536132
l 20672 20673
v -2.255433 0.547655 4.535507
v -2.296267 0.552417 4.507047
l 20674 20675
v -2.255303 0.547322 4.542163
v -2.294980 0.549150 4.572534
l 20676 20677
v -2.561787 1.150980 4.496457
v -2.568430 1.112175 4.465635
l 20678 20679
v -2.349127 0.460179 4.534087
v -2.365804 0.504355 4.550528
l 20680 20681
v -2.346437 0.457691 4.530280
v -2.321194 0.463173 4.487469
l 20682 20683
v -2.345167 0.456080 4.535897
v -2.306017 0.451372 4.566639
l 20684 20685
v -2.832977 0.947299 4.486863
v -2.808323 0.951062 4.530199
l 20686 20687
v -2.835033 0.949626 4.482720
v -2.865235 0.987742 4.471101
l 20688 20689
v -2.835847 1.152437 4.478060
v -2.869091 1.189651 4.474911
l 20690 20691
v -2.833447 1.149757 4.474947
v -2.792118 1.146424 4.447003
l 20692 20693
v -2.749497 0.839478 4.492593
v -2.791563 0.857619 4.472560
l 20694 20695
v -2.743490 0.850484 4.491407
v -2.783405 0.871604 4.469942
l 20696 20697
v -2.745473 0.835627 4.492030
v -2.734235 0.793789 4.467063
l 20698 20699
v -2.739467 0.846633 4.490843
v -2.703585 0.840593 4.456550
l 20700 20701
v -2.751970 0.351485 4.505323
v -2.776628 0.346684 4.462092
l 20702 20703
v -2.753417 0.352777 4.511007
v -2.792949 0.352859 4.541620
l 20704 20705
v -2.788813 0.334250 4.497237
v -2.836403 0.324832 4.485133
l 20706 20707
v -2.784700 0.335498 4.494897
v -2.758773 0.372071 4.472755
l 20708 20709
v -2.786217 0.334890 4.501333
v -2.774318 0.365841 4.538756
l 20710 20711
v -2.711853 0.012519 4.495267
v -2.666158 0.003414 4.477129
l 20712 20713
v -2.716270 0.015886 4.495047
v -2.730993 0.060748 4.478595
l 20714 20715
v -2.720533 0.004970 4.490917
v -2.754681 0.014006 4.455529
l 20716 20717
v -2.716117 0.001603 4.491137
v -2.671529 -0.009545 4.471448
l 20718 20719
v -1.560863 0.442997 4.591810
v -1.595732 0.442896 4.627645
l 20720 20721
v -1.832923 0.537840 4.571907
v -1.793595 0.522602 4.598760
l 20722 20723
v -1.834147 0.539897 4.566467
v -1.810428 0.550900 4.523848
l 20724 20725
v -1.738613 0.454882 4.576507
v -1.772082 0.417737 4.576670
l 20726 20727
v -1.379607 0.376707 4.596270
v -1.343309 0.351854 4.572505
l 20728 20729
v -1.381040 0.377350 4.602583
v -1.359472 0.359139 4.643853
l 20730 20731
v -1.736437 0.457660 4.579817
v -1.740621 0.497804 4.609329
l 20732 20733
v -1.736373 0.457574 4.573163
v -1.740013 0.496926 4.542533
l 20734 20735
v -1.733887 0.455348 4.576543
v -1.694990 0.423940 4.577321
l 20736 20737
v -1.952293 0.746410 4.552153
v -1.962524 0.728694 4.506530
l 20738 20739
v -1.950993 0.743932 4.557760
v -1.946356 0.697793 4.576460
l 20740 20741
v -1.350733 0.344292 4.605227
v -1.350825 0.348103 4.555372
l 20742 20743
v -1.347517 0.344939 4.608673
v -1.303849 0.355638 4.630552
l 20744 20745
v -1.351447 0.340789 4.608363
v -1.362997 0.296079 4.627536
l 20746 20747
v -1.643943 0.352058 4.588223
v -1.607331 0.363999 4.620113
l 20748 20749
v -1.643530 0.351474 4.581617
v -1.603112 0.358077 4.552933
l 20750 20751
v -2.988640 1.040333 4.476613
v -3.031590 1.030566 4.500275
l 20752 20753
v -2.986220 1.041000 4.471300
v -2.996803 1.028353 4.424098
l 20754 20755
v -2.620087 1.037807 4.503067
v -2.573081 1.027629 4.516738
l 20756 20757
v -2.624013 1.039603 4.505197
v -2.649418 1.078612 4.523442
l 20758 20759
v -2.622497 1.038177 4.498920
v -2.633449 1.063601 4.457283
l 20760 20761
v -3.140140 1.549670 4.435450
v -3.125000 1.587833 4.406913
l 20762 20763
v -3.143247 1.547963 4.438583
v -3.188648 1.527204 4.435801
l 20764 20765
v -3.053057 1.556120 4.446907
v -3.087513 1.519888 4.447033
l 20766 20767
v -3.051157 1.559050 4.450167
v -3.055311 1.601282 4.476609
l 20768 20769
v -3.050553 1.558453 4.443573
v -3.049185 1.595228 4.409724
l 20770 20771
v -3.210350 0.946713 4.450697
v -3.214431 0.948326 4.400890
l 20772 20773
v -1.756807 1.446933 4.556693
v -1.783191 1.428743 4.595072
l 20774 20775
v -3.212077 0.943770 4.455033
v -3.233901 0.901438 4.470253
l 20776 20777
v -1.534467 0.139868 4.607140
v -1.578671 0.139119 4.630494
l 20778 20779
v -1.533300 0.140241 4.600613
v -1.566697 0.142942 4.563500
l 20780 20781
v -1.658637 0.241588 4.591477
v -1.628531 0.201680 4.592452
l 20782 20783
v -1.660780 0.244228 4.594743
v -1.700785 0.250393 4.624096
l 20784 20785
v -1.660740 0.244095 4.588083
v -1.700400 0.249067 4.558044
l 20786 20787
v -2.348527 1.942913 4.487347
v -2.344579 1.902801 4.457759
l 20788 20789
v -2.345247 1.947167 4.489917
v -2.299803 1.967140 4.483923
l 20790 20791
v -1.985887 2.383440 4.497973
v -1.943055 2.357662 4.498953
l 20792 20793
v -1.976107 2.410540 4.504147
v -1.951903 2.388181 4.541753
l 20794 20795
v -1.984783 2.393243 4.504483
v -1.951462 2.390274 4.541643
l 20796 20797
v 0.603382 1.720103 4.701703
v 0.575666 1.706051 4.662533
l 20798 20799
v 0.590879 1.727833 4.699937
v 0.584609 1.691939 4.665698
l 20800 20801
v 0.579876 2.550383 4.686783
v 0.588880 2.599218 4.692619
l 20802 20803
v 0.714297 2.202990 4.704833
v 0.681530 2.166023 4.712569
l 20804 20805
v 0.839259 2.349317 4.688203
v 0.802196 2.365659 4.658891
l 20806 20807
v 0.637941 2.207737 4.596157
v 0.646882 2.168139 4.566966
l 20808 20809
v 0.637563 2.214240 4.606163
v 0.634411 2.185022 4.646616
l 20810 20811
v 0.639920 2.229830 4.606337
v 0.594402 2.246350 4.593881
l 20812 20813
v 0.634726 2.216497 4.602233
v 0.596003 2.242330 4.583982
l 20814 20815
v 0.568529 2.174810 4.681020
v 0.599380 2.189364 4.717577
l 20816 20817
v 0.641560 2.313007 4.589903
v 0.689220 2.327053 4.584315
l 20818 20819
v 0.636965 2.311290 4.586987
v 0.620505 2.304044 4.540333
l 20820 20821
v 0.636956 2.313120 4.591510
v 0.608331 2.344083 4.618379
l 20822 20823
v 0.561638 2.436590 4.677723
v 0.549186 2.388721 4.670412
l 20824 20825
v 0.646616 2.145423 4.653217
v 0.634518 2.134584 4.700505
l 20826 20827
v 0.576871 2.546170 4.686197
v 0.528860 2.532593 4.682937
l 20828 20829
v 0.580103 1.730873 4.706057
v 0.552641 1.689841 4.713941
l 20830 20831
v 0.716010 2.206557 4.707427
v 0.710800 2.252668 4.726044
l 20832 20833
v 0.731971 2.244037 4.655830
v 0.776597 2.258568 4.673074
l 20834 20835
v 0.839995 2.352540 4.697010
v 0.817966 2.336087 4.738771
l 20836 20837
v 0.856384 2.226867 4.719590
v 0.906145 2.224605 4.715260
l 20838 20839
v 0.719002 2.203417 4.705093
v 0.759384 2.176045 4.716054
l 20840 20841
v 1.026723 2.048433 4.769183
v 1.011290 2.005718 4.748274
l 20842 20843
v 1.029607 2.052347 4.767993
v 1.075551 2.069410 4.758096
l 20844 20845
v 1.026937 2.050500 4.773737
v 1.046981 2.049659 4.819535
l 20846 20847
v 0.701301 2.141833 4.689920
v 0.708435 2.159286 4.736229
l 20848 20849
v 0.701867 2.137950 4.686720
v 0.686333 2.090675 4.681840
l 20850 20851
v 0.705599 2.140927 4.685023
v 0.754833 2.149481 4.683351
l 20852 20853
v 1.129750 2.369073 4.760493
v 1.168219 2.400970 4.762147
l 20854 20855
v 1.125060 2.368193 4.761760
v 1.079573 2.383730 4.747992
l 20856 20857
v 1.127060 2.365590 4.765450
v 1.140240 2.364758 4.813674
l 20858 20859
v 0.650525 2.146413 4.649830
v 0.692302 2.173663 4.646347
l 20860 20861
v 0.569045 2.378180 4.681570
v 0.549080 2.423641 4.687459
l 20862 20863
v 0.727608 2.245400 4.653197
v 0.702670 2.285089 4.635792
l 20864 20865
v 0.729688 2.240790 4.651697
v 0.739843 2.206256 4.616994
l 20866 20867
v 0.567769 2.373350 4.682217
v 0.536076 2.335336 4.689324
l 20868 20869
v 0.647442 1.961330 4.664387
v 0.690058 1.935505 4.660268
l 20870 20871
v 0.645305 1.776900 4.676123
v 0.675566 1.773305 4.715764
l 20872 20873
v 0.645545 1.777360 4.671000
v 0.663648 1.800973 4.630817
l 20874 20875
v 0.542923 1.790053 4.697783
v 0.571521 1.796395 4.738304
l 20876 20877
v 0.538020 1.790303 4.696477
v 0.496918 1.818482 4.692398
l 20878 20879
v 0.540839 1.786620 4.695063
v 0.538253 1.736687 4.695216
l 20880 20881
v 0.593596 1.833870 4.703630
v 0.619049 1.875493 4.692692
l 20882 20883
v 0.581429 2.545623 4.683740
v 0.604385 2.535266 4.640546
l 20884 20885
v 0.550531 1.854870 4.700027
v 0.565349 1.902187 4.706472
l 20886 20887
v 0.585025 1.736107 4.698963
v 0.592144 1.763616 4.657823
l 20888 20889
v -0.166032 0.248265 4.688143
v -0.208286 0.273663 4.679807
l 20890 20891
v 0.136815 0.025034 4.653433
v 0.121688 -0.008685 4.619756
l 20892 20893
v -0.022748 0.120682 4.704050
v -0.057549 0.091695 4.725230
l 20894 20895
v -0.031279 0.134189 4.705673
v -0.068174 0.109946 4.729146
l 20896 20897
v -0.026126 0.136160 4.706263
v -0.001985 0.159622 4.743233
l 20898 20899
v -0.017595 0.122652 4.704640
v 0.025112 0.113087 4.728820
l 20900 20901
v 0.135532 0.026739 4.659090
v 0.104373 0.014355 4.696181
l 20902 20903
v 0.140117 0.026929 4.656840
v 0.188672 0.024616 4.668547
l 20904 20905
v 0.221811 0.038069 4.670613
v 0.245883 0.021629 4.629990
l 20906 20907
v 0.217451 0.040337 4.672110
v 0.168462 0.048716 4.666647
l 20908 20909
v 0.221081 0.037044 4.675593
v 0.217159 0.004555 4.713397
l 20910 20911
v -0.160995 0.249054 4.688547
v -0.128505 0.286977 4.686065
l 20912 20913
v -0.162711 0.245258 4.685677
v -0.154103 0.204301 4.658318
l 20914 20915
v 0.556539 1.846947 4.697703
v 0.577147 1.837734 4.653089
l 20916 20917
v 0.574249 1.739147 4.705083
v 0.533612 1.768081 4.708458
l 20918 20919
v 0.574251 1.835810 4.703520
v 0.581542 1.839268 4.654175
l 20920 20921
v 0.589532 1.833140 4.701327
v 0.559814 1.798421 4.681043
l 20922 20923
v 0.604562 1.822510 4.704243
v 0.652779 1.813069 4.694970
l 20924 20925
v 0.699656 1.959540 4.691570
v 0.723262 2.003564 4.693719
l 20926 20927
v 0.643556 1.962340 4.667877
v 0.631269 1.971742 4.715423
l 20928 20929
v 0.695912 1.957410 4.693817
v 0.646320 1.952934 4.698356
l 20930 20931
v 0.646550 1.850863 4.652457
v 0.694497 1.837994 4.658407
l 20932 20933
v 0.643286 1.854453 4.651097
v 0.643755 1.901615 4.634498
l 20934 20935
v 0.572801 2.375400 4.683450
v 0.611510 2.369335 4.714512
l 20936 20937
v 0.600498 1.821780 4.701940
v 0.564625 1.797325 4.677139
l 20938 20939
v 0.538849 1.854920 4.697587
v 0.495334 1.879304 4.694150
l 20940 20941
v 0.544002 1.846383 4.701730
v 0.518488 1.817656 4.733726
l 20942 20943
v 0.544857 1.846997 4.695263
v 0.536012 1.821290 4.653300
l 20944 20945
v 0.566491 2.174797 4.676740
v 0.542121 2.208399 4.648866
l 20946 20947
v 0.565251 2.171003 4.679297
v 0.529752 2.140166 4.696294
l 20948 20949
v 0.727408 2.241633 4.656887
v 0.699466 2.217948 4.690920
l 20950 20951
v 0.571457 2.375510 4.678043
v 0.587030 2.365188 4.631665
l 20952 20953
v 0.601841 1.822580 4.708110
v 0.580603 1.806874 4.750563
l 20954 20955
v 0.604742 1.719013 4.706937
v 0.599085 1.685805 4.743886
l 20956 20957
v 0.608047 1.721527 4.703697
v 0.656484 1.725421 4.691923
l 20958 20959
v 0.593210 1.727347 4.711693
v 0.585755 1.697054 4.750767
l 20960 20961
v 0.598131 1.732580 4.704600
v 0.625047 1.774679 4.706375
l 20962 20963
v 0.587356 1.735620 4.710720
v 0.601907 1.771611 4.742230
l 20964 20965
v 1.060050 1.647037 4.810240
v 1.027150 1.684434 4.805881
l 20966 20967
v 0.951433 1.555843 4.747990
v 0.967726 1.600229 4.764252
l 20968 20969
v 1.060393 1.642857 4.812730
v 1.038708 1.600906 4.829159
l 20970 20971
v 1.062880 1.644407 4.807260
v 1.084381 1.622621 4.767724
l 20972 20973
v 0.580606 1.838143 4.709870
v 0.588347 1.869312 4.748193
l 20974 20975
v 0.557975 1.847937 4.708217
v 0.571424 1.876223 4.747191
l 20976 20977
v 0.553679 1.843057 4.707240
v 0.525071 1.813141 4.735287
l 20978 20979
v 0.588870 1.830663 4.710567
v 0.579439 1.791158 4.739728
l 20980 20981
v 0.572246 1.832533 4.706590
v 0.560317 1.790082 4.730162
l 20982 20983
v 1.020197 1.841123 4.775070
v 0.975646 1.830866 4.754820
l 20984 20985
v 1.023127 1.845110 4.775983
v 1.030860 1.891148 4.793892
l 20986 20987
v 1.025077 1.840760 4.773897
v 1.056432 1.825969 4.737868
l 20988 20989
v 0.965919 2.328840 4.674060
v 0.982645 2.375939 4.672677
l 20990 20991
v 0.962378 2.325927 4.671800
v 0.944974 2.307125 4.628863
l 20992 20993
v 0.963180 2.325780 4.676510
v 0.935019 2.328004 4.717765
l 20994 20995
v 1.976440 2.232820 4.806040
v 2.014847 2.238195 4.837599
l 20996 20997
v 1.983123 2.137367 4.806810
v 1.957479 2.144671 4.849107
l 20998 20999
v 1.981883 2.135587 4.801007
v 1.941587 2.121900 4.774761
l 21000 21001
v 1.803780 2.388487 4.751213
v 1.769886 2.392261 4.714649
l 21002 21003
v 1.728807 2.144267 4.823310
v 1.709294 2.180241 4.852035
l 21004 21005
v 1.722547 2.065083 4.823320
v 1.675435 2.062226 4.839823
l 21006 21007
v 1.993047 2.242737 4.662577
v 2.042697 2.236839 4.662777
l 21008 21009
v 1.974067 2.235653 4.802990
v 1.964579 2.278897 4.779753
l 21010 21011
v 1.989483 2.242563 4.659287
v 1.972891 2.236069 4.612569
l 21012 21013
v 1.989197 2.240320 4.664280
v 1.961976 2.212039 4.695252
l 21014 21015
v 1.942163 2.155623 4.796550
v 1.968448 2.164941 4.838050
l 21016 21017
v 1.940670 2.152277 4.793277
v 1.907448 2.114960 4.791344
l 21018 21019
v 1.940927 2.156957 4.792063
v 1.910560 2.190818 4.771297
l 21020 21021
v 1.754203 2.374107 4.756333
v 1.744213 2.420995 4.770535
l 21022 21023
v 1.754643 2.368593 4.758773
v 1.750116 2.346610 4.803453
l 21024 21025
v 1.752167 2.369547 4.753883
v 1.714450 2.353792 4.725087
l 21026 21027
v 1.728197 2.250247 4.760890
v 1.681390 2.261862 4.747691
l 21028 21029
v 1.731787 2.143993 4.819450
v 1.758319 2.172670 4.788246
l 21030 21031
v 1.971737 2.232007 4.806447
v 1.928300 2.215195 4.824629
l 21032 21033
v 1.953697 2.253017 4.761260
v 1.935721 2.240166 4.716407
l 21034 21035
v 1.955960 2.256913 4.763397
v 1.997484 2.284488 4.767323
l 21036 21037
v 1.805533 2.390073 4.755857
v 1.814393 2.432059 4.781523
l 21038 21039
v 1.804160 2.385103 4.756617
v 1.774403 2.351874 4.779208
l 21040 21041
v 1.952017 2.254937 4.765543
v 1.908093 2.270522 4.783647
l 21042 21043
v 1.954727 2.250843 4.765630
v 1.984281 2.219656 4.791201
l 21044 21045
v 1.679280 2.371887 4.784403
v 1.715314 2.406481 4.782215
l 21046 21047
v 1.678727 2.367340 4.786203
v 1.689328 2.318757 4.780976
l 21048 21049
v 1.675493 2.370767 4.787133
v 1.653724 2.389601 4.828016
l 21050 21051
v 1.720780 2.425313 4.819440
v 1.694558 2.456228 4.848709
l 21052 21053
v 1.720000 2.422007 4.814540
v 1.685198 2.411853 4.780105
l 21054 21055
v 1.548230 2.356423 4.790187
v 1.499804 2.365547 4.781719
l 21056 21057
v 1.550940 2.360263 4.790987
v 1.593773 2.385752 4.787027
l 21058 21059
v 1.554660 2.363270 4.805113
v 1.571525 2.404610 4.782606
l 21060 21061
v 1.552363 2.364113 4.816203
v 1.547544 2.389546 4.858981
l 21062 21063
v 1.448287 2.341073 4.803507
v 1.430308 2.307177 4.835566
l 21064 21065
v 1.366070 2.237697 4.818783
v 1.364666 2.187794 4.815999
l 21066 21067
v 1.362930 2.241690 4.823033
v 1.331918 2.229428 4.860288
l 21068 21069
v 1.363577 2.241947 4.818107
v 1.346473 2.269217 4.779847
l 21070 21071
v 1.595183 2.283540 4.747723
v 1.584495 2.235924 4.736837
l 21072 21073
v 1.592887 2.287760 4.747463
v 1.555423 2.320850 4.748704
l 21074 21075
v 1.439440 2.247043 4.839133
v 1.477013 2.279876 4.842345
l 21076 21077
v 1.648887 2.239773 4.844293
v 1.608100 2.268263 4.849273
l 21078 21079
v 1.652160 2.238670 4.840773
v 1.691494 2.253682 4.813801
l 21080 21081
v 1.651883 2.237150 4.847203
v 1.688593 2.237777 4.881144
l 21082 21083
v 1.722867 2.420433 4.818770
v 1.738317 2.379912 4.843656
l 21084 21085
v 0.984924 2.583603 4.711557
v 1.027867 2.592355 4.735625
l 21086 21087
v 1.063500 2.710220 4.807523
v 1.024351 2.682982 4.822538
l 21088 21089
v 1.067377 2.714190 4.808700
v 1.077406 2.757417 4.831740
l 21090 21091
v 1.066970 2.724073 4.795900
v 1.105438 2.744922 4.771703
l 21092 21093
v 1.063400 2.724187 4.799880
v 1.056148 2.742753 4.845735
l 21094 21095
v 1.350400 2.663587 4.763220
v 1.303727 2.652568 4.749068
l 21096 21097
v 1.353440 2.668200 4.765660
v 1.344640 2.714670 4.781881
l 21098 21099
v 1.355447 2.665180 4.761393
v 1.382482 2.669494 4.719554
l 21100 21101
v -1.852957 1.345917 4.552890
v -1.817707 1.381065 4.557586
l 21102 21103
v -1.855457 1.343117 4.555877
v -1.858207 1.303458 4.586201
l 21104 21105
v 1.064900 1.951307 4.814850
v 1.022028 1.925668 4.817011
l 21106 21107
v 1.068520 1.953673 4.810587
v 1.069873 1.956883 4.760708
l 21108 21109
v 1.978293 1.939057 4.802030
v 1.954569 1.943134 4.758206
l 21110 21111
v 1.976597 1.939573 4.808107
v 1.933911 1.949440 4.832202
l 21112 21113
v -0.774047 0.150422 4.643033
v -0.771052 0.108484 4.615973
l 21114 21115
v -0.778066 0.154732 4.644543
v -0.818871 0.173334 4.622431
l 21116 21117
v -0.953643 0.040673 4.625193
v -0.986459 0.008342 4.644630
l 21118 21119
v -0.951154 0.044540 4.623960
v -0.953709 0.093418 4.634178
l 21120 21121
v -0.780008 -0.024937 4.593947
v -0.807465 -0.052205 4.625610
l 21122 21123
v -0.777298 -0.015375 4.601950
v -0.809714 -0.027465 4.638048
l 21124 21125
v -0.766731 -0.011198 4.605957
v -0.742543 0.011746 4.643219
l 21126 21127
v -0.899489 -0.020707 4.564650
v -0.913527 0.026947 4.558991
l 21128 21129
v -0.899279 -0.024893 4.568000
v -0.910091 -0.041609 4.613866
l 21130 21131
v -0.914471 -0.009523 4.600000
v -0.890625 0.025064 4.572887
l 21132 21133
v -0.917314 -0.014556 4.599410
v -0.931506 -0.047306 4.564396
l 21134 21135
v -0.896339 -0.024501 4.564010
v -0.848230 -0.031457 4.552298
l 21136 21137
v -0.962454 -0.008838 4.581893
v -1.003083 -0.006720 4.552829
l 21138 21139
v -1.140000 -0.026601 4.568607
v -1.090235 -0.028938 4.572846
l 21140 21141
v -0.960561 -0.012311 4.592037
v -0.941174 -0.047144 4.622216
l 21142 21143
v -0.962549 -0.002067 4.595563
v -0.926234 0.027747 4.612662
l 21144 21145
v -0.965568 -0.006447 4.592447
v -1.014736 -0.014658 4.588572
l 21146 21147
v -1.031433 -0.013473 4.597303
v -1.073992 0.010289 4.608445
l 21148 21149
v -1.094930 -0.000641 4.590940
v -1.075630 -0.003219 4.544887
l 21150 21151
v -1.091177 0.005370 4.594947
v -1.062547 0.031335 4.563227
l 21152 21153
v -1.088087 0.001648 4.601900
v -1.051894 0.007098 4.635964
l 21154 21155
v -1.104590 0.000304 4.591603
v -1.139510 -0.009328 4.557139
l 21156 21157
v -1.101500 -0.003418 4.598557
v -1.117732 -0.047397 4.615946
l 21158 21159
v -1.097747 0.002593 4.602563
v -1.114767 0.028985 4.641470
l 21160 21161
v -1.100837 0.006315 4.595610
v -1.122240 0.048809 4.610979
l 21162 21163
v -0.847822 0.039130 4.631050
v -0.832165 -0.003193 4.652583
l 21164 21165
v -0.848030 0.041345 4.625157
v -0.833486 0.023873 4.580624
l 21166 21167
v -0.857581 -0.013397 4.612280
v -0.899646 -0.028383 4.634774
l 21168 21169
v -0.758107 0.029024 4.635907
v -0.784514 -0.011661 4.648049
l 21170 21171
v -0.756912 0.031655 4.629977
v -0.771781 0.016461 4.584721
l 21172 21173
v -0.854597 -0.013789 4.608197
v -0.827485 -0.048573 4.584638
l 21174 21175
v -0.856729 -0.009294 4.607203
v -0.890467 0.015790 4.580139
l 21176 21177
v -1.143217 -0.023758 4.566353
v -1.166095 -0.011394 4.523648
l 21178 21179
v -0.957447 -0.014702 4.581483
v -0.913990 -0.032247 4.564056
l 21180 21181
v -0.959435 -0.004458 4.585010
v -0.923270 0.027360 4.571607
l 21182 21183
v -0.174628 -0.056703 2.310287
v -0.148191 -0.060618 2.352545
l 21184 21185
v -0.176594 -0.059749 2.307080
v -0.168722 -0.089111 2.267382
l 21186 21187
v -0.176055 -0.053124 2.307357
v -0.163281 -0.022231 2.270175
l 21188 21189
v -0.253808 -0.061392 2.147833
v -0.211836 -0.076028 2.124939
l 21190 21191
v -0.256363 -0.061638 2.152757
v -0.258453 -0.086284 2.196210
l 21192 21193
v -0.259329 -0.061729 2.147377
v -0.296847 -0.087453 2.126624
l 21194 21195
v -0.280354 -0.059280 2.302863
v -0.260568 -0.038034 2.262156
l 21196 21197
v -0.303632 -0.059137 2.304210
v -0.338489 -0.086304 2.280824
l 21198 21199
v -0.295288 -0.059487 2.308083
v -0.289225 -0.078433 2.353956
l 21200 21201
v -0.281034 -0.059845 2.310533
v -0.298352 -0.015485 2.325774
l 21202 21203
v -0.277567 -0.063099 2.310520
v -0.278602 -0.103775 2.339578
l 21204 21205
v 0.192642 0.782816 2.806827
v 0.145196 0.769895 2.797775
l 21206 21207
v 0.194922 0.780220 2.834727
v 0.161230 0.798210 2.866994
l 21208 21209
v 0.196444 0.777727 2.816403
v 0.183244 0.729507 2.815675
l 21210 21211
v 0.196275 0.775694 2.832053
v 0.180789 0.732473 2.812252
l 21212 21213
v 0.193654 0.786528 2.820507
v 0.157498 0.819934 2.829269
l 21214 21215
v 1.445217 0.646016 2.833517
v 1.429188 0.615994 2.870146
l 21216 21217
v 0.039370 -0.083665 0.942508
v -0.002093 -0.055888 0.939462
l 21218 21219
v 0.039650 -0.090320 0.942659
v 0.000667 -0.121584 0.940955
l 21220 21221
v 0.454797 -0.084959 1.037077
v 0.453559 -0.114767 0.996953
l 21222 21223
v 0.452458 -0.081614 1.039517
v 0.417861 -0.081451 1.075614
l 21224 21225
v 0.454728 -0.078294 1.036980
v 0.452881 -0.049694 0.996009
l 21226 21227
v 0.450696 -0.090831 0.744133
v 0.490597 -0.120893 0.746186
l 21228 21229
v 0.450704 -0.084176 0.744212
v 0.490677 -0.054268 0.746975
l 21230 21231
v 0.225563 0.955648 2.768570
v 0.183638 0.953548 2.741406
l 21232 21233
v 0.226679 0.956504 2.774877
v 0.196502 0.963413 2.814140
l 21234 21235
v 2.222193 0.645689 3.446720
v 2.229306 0.643090 3.397297
l 21236 21237
v 2.218397 0.645721 3.449767
v 2.183748 0.618633 3.473550
l 21238 21239
v 2.224970 0.645646 3.450717
v 2.250841 0.617857 3.483251
l 21240 21241
v 2.227873 0.351997 3.507440
v 2.261916 0.357605 3.471251
l 21242 21243
v 2.231740 0.249310 3.452923
v 2.232568 0.200612 3.441616
l 21244 21245
v 2.234883 0.252669 3.454650
v 2.259054 0.270147 3.494778
l 21246 21247
v 2.228360 0.252844 3.453420
v 2.192175 0.271925 3.482169
l 21248 21249
v 2.227377 0.265264 3.514457
v 2.238736 0.308524 3.536807
l 21250 21251
v 2.226217 0.260078 3.515343
v 2.242500 0.218966 3.538681
l 21252 21253
v 2.227473 0.262634 3.509757
v 2.257513 0.249463 3.472019
l 21254 21255
v 2.223363 0.262424 3.512253
v 2.174755 0.272191 3.505789
l 21256 21257
v -0.246943 -0.093200 0.939131
v -0.249340 -0.123626 0.899527
l 21258 21259
v 0.046588 0.752077 4.714223
v 0.074769 0.765897 4.675303
l 21260 21261
v 0.047821 0.750843 4.720350
v 0.089419 0.751256 4.748090
l 21262 21263
v 0.250478 -0.092371 0.641486
v 0.221247 -0.097272 0.601218
l 21264 21265
v -0.054112 -0.112454 0.242075
v -0.095850 -0.139958 0.240868
l 21266 21267
v -0.053250 -0.106058 0.243181
v -0.086409 -0.069939 0.252972
l 21268 21269
v -0.050652 -0.110081 0.245040
v -0.018820 -0.120776 0.282085
l 21270 21271
v -0.049360 -0.107573 0.190403
v -0.056025 -0.058854 0.199458
l 21272 21273
v 0.120711 -0.113227 0.190320
v 0.080849 -0.101475 0.162519
l 21274 21275
v -0.047979 -0.112377 0.192570
v -0.033828 -0.136047 0.234277
l 21276 21277
v 0.047740 -0.109708 0.240206
v 0.012774 -0.088011 0.268608
l 21278 21279
v 0.252682 -0.095360 0.644405
v 0.291117 -0.125667 0.654613
l 21280 21281
v 0.249730 -0.091762 0.646110
v 0.212444 -0.087056 0.679089
l 21282 21283
v -1.135393 -0.064611 2.097537
v -1.118563 -0.018211 2.089554
l 21284 21285
v -1.128083 -0.066382 2.087553
v -1.133788 -0.016725 2.086269
l 21286 21287
v -1.125403 -0.069707 2.084467
v -1.089456 -0.101011 2.099562
l 21288 21289
v -1.131700 -0.074008 2.092947
v -1.091343 -0.100279 2.106406
l 21290 21291
v -1.047363 -0.075159 1.641810
v -1.060261 -0.045873 1.680228
l 21292 21293
v -0.347560 -0.102181 0.551905
v -0.302887 -0.101770 0.574357
l 21294 21295
v -0.350842 -0.105494 0.550881
v -0.390048 -0.131909 0.567165
l 21296 21297
v -0.350521 -0.098887 0.550120
v -0.386831 -0.065833 0.559555
l 21298 21299
v 0.951990 -0.060972 1.538790
v 0.921043 -0.088977 1.566322
l 21300 21301
v 0.952693 -0.059512 1.533870
v 0.957524 -0.073059 1.485983
l 21302 21303
v -2.235567 1.947743 4.505563
v -2.253031 1.906500 4.527788
l 21304 21305
v -2.232453 1.952077 4.505977
v -2.188948 1.966877 4.525681
l 21306 21307
v -2.243080 1.961650 4.504007
v -2.234947 1.997417 4.537986
l 21308 21309
v -2.254793 1.962830 4.505387
v -2.247566 1.998072 4.540111
l 21310 21311
v -2.249180 1.954970 4.506597
v -2.269419 1.915755 4.530103
l 21312 21313
v -3.065593 0.289409 4.474133
v -3.082898 0.326353 4.503042
l 21314 21315
v -3.049350 0.046914 4.484880
v -3.020657 0.059199 4.523941
l 21316 21317
v -3.053813 0.048086 4.483093
v -3.103636 0.047544 4.487266
l 21318 21319
v -3.065257 0.289186 4.467517
v -3.079416 0.324059 4.434601
l 21320 21321
v -3.199190 0.155485 4.468253
v -3.155409 0.151023 4.491988
l 21322 21323
v -3.201540 0.155287 4.463133
v -3.190850 0.148020 4.414833
l 21324 21325
