face_index,centroid_x,centroid_y,centroid_z,normal_x,normal_y,normal_z
0,2.247780,0.253533,3.344063,0.724629,-0.084073,-0.683992
1,0.936250,2.654587,4.689147,0.161302,0.980199,0.114859
2,0.935654,2.649850,4.692147,0.114101,-0.387364,0.914839
3,0.938597,2.649980,4.686903,0.847865,-0.355749,-0.393152
4,0.933954,2.650643,4.687763,-0.852443,-0.198910,-0.483503
5,-1.048413,0.338639,4.628047,-0.247623,-0.933267,0.260185
6,-2.250587,1.348673,4.516723,-0.235438,-0.862217,-0.448499
7,-2.757160,2.616400,4.468380,0.378442,-0.492416,-0.783778
8,-2.060000,2.437430,4.507720,-0.087393,0.733949,-0.673559
9,-2.062133,2.434867,4.511293,-0.673522,-0.735627,0.072251
10,-2.059837,2.437930,4.514333,-0.057499,0.827151,0.559030
11,-2.057310,2.435303,4.511143,0.786665,-0.616780,0.027203
12,1.728360,0.073103,2.885580,-0.359435,0.618782,-0.698509
13,1.548547,0.361137,2.866927,-0.157187,0.774383,0.612881
14,0.446161,-0.059709,1.749930,0.746360,0.509600,0.428083
15,-1.036160,-0.083478,1.471837,-0.676191,-0.032443,-0.736011
16,-1.130423,-0.074357,1.806307,-0.971417,-0.192185,0.139334
17,-2.636817,2.549513,4.476923,-0.246638,0.633331,0.733527
18,-2.632587,2.546550,4.474873,0.986271,-0.160952,0.036925
19,-2.636697,2.548980,4.471393,-0.090679,0.475788,-0.874873
20,-2.637460,2.545027,4.474550,-0.549995,-0.832367,0.068342
21,-1.377913,0.389558,4.595060,0.787303,0.007135,-0.616524
22,-0.854640,0.445130,4.639170,-0.832874,-0.367797,0.413578
23,-0.851758,0.450265,4.638423,-0.027014,0.926435,0.375484
24,-0.852627,0.447278,4.634017,-0.289987,0.023620,-0.956739
25,-0.850097,0.445814,4.637810,0.871659,-0.468047,0.145402
26,1.141460,-0.046135,1.974897,0.023635,-0.666354,0.745260
27,1.722880,2.640043,4.813923,-0.273516,0.871332,0.407394
28,1.444687,0.823098,2.824227,0.107808,0.038930,-0.993409
29,1.441623,0.821039,2.827313,-0.883125,0.049727,0.466496
30,1.446813,0.825124,2.828037,0.067033,0.798038,0.598867
31,1.446417,0.820269,2.827803,0.609756,-0.788634,0.079078
32,2.197700,0.815609,3.457730,0.356590,0.865692,-0.351314
33,2.133673,0.864203,3.065980,-0.165028,-0.985986,-0.024432
34,1.149507,-0.040947,2.157917,0.930499,-0.019434,0.365778
35,1.145223,-0.037715,2.157947,-0.458392,0.820201,0.342268
36,1.144927,-0.043701,2.158383,-0.553834,-0.737740,0.386014
37,1.146703,-0.040885,2.154013,-0.059550,-0.069693,-0.995789
38,2.235060,0.451911,3.354210,0.008668,-0.741734,0.670639
39,0.081151,1.406170,4.193190,0.326161,-0.568910,0.754957
40,1.753070,1.655350,4.779430,-0.312095,0.774541,-0.550166
41,0.903325,-0.070241,1.296903,-0.437859,-0.509819,0.740516
42,0.757506,-0.064828,1.451900,0.303962,-0.029053,-0.952241
43,1.551030,0.831910,2.855517,0.111507,-0.583716,0.804265
44,1.552530,0.831549,2.849397,0.424057,-0.690809,-0.585626
45,1.553053,0.835792,2.852403,0.509435,0.857300,0.074245
46,1.548527,0.833742,2.851543,-0.926287,0.287164,-0.243986
47,-0.857969,0.247025,4.636250,-0.381704,-0.011940,-0.924207
48,1.252980,-0.044940,1.795937,0.961694,-0.117876,-0.247486
49,1.443473,0.051695,2.853180,-0.886732,-0.448117,-0.113568
50,1.445997,0.056462,2.852720,-0.009210,0.924916,-0.380060
51,1.448730,0.051246,2.851960,0.697602,-0.424920,-0.576884
52,1.447180,0.053137,2.856600,0.224018,-0.024565,0.974275
53,1.963047,0.861337,3.044517,-0.712293,-0.147363,-0.686238
54,2.220043,0.752107,3.446573,0.181491,-0.590452,-0.786402
55,2.232797,0.547242,3.350707,-0.669933,-0.742047,-0.023573
56,2.239417,0.546806,3.350567,0.565377,-0.823319,-0.049949
57,2.236327,0.549508,3.353307,0.056851,0.608591,0.791445
58,2.236240,0.549738,3.348540,0.033704,0.730278,-0.682318
59,-0.346458,0.845206,4.693933,-0.812774,0.581777,0.030543
60,-1.379893,0.416110,4.600643,0.857836,-0.006976,0.513876
61,-1.661750,-0.038458,4.534197,0.653005,-0.650000,-0.388696
62,-0.551281,0.443162,4.653293,-0.010986,-0.835933,-0.548722
63,1.139780,2.433493,4.806020,-0.643671,0.760067,0.089364
64,0.118619,0.438501,4.333483,0.075913,-0.844922,-0.529476
65,-0.242773,0.602537,4.677407,-0.219262,-0.793071,0.568297
66,-2.833693,0.234423,4.493607,0.622056,-0.261301,-0.738084
67,-2.828407,0.222119,4.500237,0.411691,-0.085294,-0.907323
68,-0.801296,1.328163,4.661000,-0.634701,-0.617193,0.465003
69,-0.536267,0.660178,4.654670,0.854037,-0.344507,0.389790
70,-0.657557,0.276118,4.650963,-0.769386,-0.631313,0.097411
71,-1.653800,2.546907,4.522147,0.223384,-0.471890,-0.852889
72,-1.651030,2.550713,4.526133,0.884874,0.458075,0.084642
73,-1.654163,2.546603,4.527587,-0.154554,-0.658708,0.736354
74,-1.655947,2.550537,4.524943,-0.798458,0.601726,-0.019776
75,0.462481,-0.064531,1.668053,-0.509951,0.035446,-0.859473
76,0.117048,0.347254,4.324430,0.053411,0.901513,0.429442
77,-2.251523,1.052233,4.530337,0.725069,-0.688106,0.028008
78,-0.659895,0.054254,4.653553,-0.142599,0.390493,0.909495
79,-3.148993,0.161743,4.475503,-0.727080,-0.594485,0.343427
80,-3.147320,0.167858,4.477277,-0.399691,0.602957,0.690428
81,-3.147767,0.165762,4.472703,-0.035172,0.287216,-0.957220
82,-3.144740,0.163975,4.476017,0.961777,-0.272103,0.030753
83,-0.740099,-0.062842,2.115683,0.716825,-0.154793,0.679853
84,-2.981210,2.442643,4.430203,-0.616646,0.778876,0.114454
85,-1.384217,0.400390,4.593453,0.118857,0.230927,-0.965684
86,-1.387537,0.391467,4.597247,-0.955115,-0.223844,-0.194033
87,-1.047943,0.044195,4.616373,0.196935,0.964768,0.174470
88,-0.630168,-0.028503,4.583577,0.474800,-0.877927,0.061721
89,-0.761026,0.348584,4.643170,0.360141,0.932729,-0.017736
90,-1.270107,0.717043,4.604387,-0.344648,-0.379949,0.858403
91,-1.270187,0.715692,4.599080,0.728657,-0.272821,-0.628194
92,-0.242078,0.603516,4.671180,-0.064921,-0.574830,-0.815693
93,-3.058833,0.148343,4.483240,0.327576,-0.944477,0.025631
94,-3.059747,0.151612,4.479823,0.392270,0.697285,-0.599931
95,-3.059910,0.151736,4.486480,0.363348,0.719737,0.591572
96,-3.063010,0.150569,4.483097,-0.957884,-0.286582,-0.018165
97,-1.449183,0.041891,4.593013,-0.799224,-0.593203,-0.096708
98,-1.444393,0.041559,4.592420,0.649513,-0.706978,-0.279848
99,2.012227,1.561980,4.830663,0.547248,-0.810091,0.210412
100,-0.864273,0.945912,4.655883,-0.332844,0.825198,0.456358
101,-1.342870,0.246629,4.610190,0.712471,0.204285,0.671306
102,0.100388,0.364607,4.639687,0.336435,0.629631,-0.700269
103,-2.649540,0.071575,4.515253,0.428445,0.885720,0.178702
104,-3.072927,0.579993,4.474970,-0.716000,0.107701,0.689742
105,-1.550583,0.754731,4.590747,-0.963917,-0.059419,-0.259485
106,-2.750973,0.667586,4.495043,0.168413,0.985716,-0.000211
107,-1.514563,1.341960,4.608220,0.456241,0.849624,0.264544
108,-3.062017,0.287944,4.471043,0.960473,-0.272258,0.058019
109,-2.654540,0.553807,4.508227,-0.819919,-0.220176,0.528447
110,-2.451943,1.153183,4.503640,-0.799449,0.197151,-0.567462
111,-3.071060,0.577079,4.471330,0.439471,-0.893877,-0.088594
112,-2.441713,0.256537,4.534290,0.739445,-0.084692,0.667868
113,-2.743597,0.253813,4.503040,0.932502,-0.360940,0.012768
114,-1.757987,1.344310,4.557123,0.822102,-0.555701,0.123874
115,-3.049593,0.043285,4.481503,-0.159419,-0.959727,-0.231321
116,-3.203407,0.859913,4.446447,-0.666448,0.741737,-0.075326
117,-2.750373,0.055745,4.508520,0.486218,-0.865361,-0.121418
118,-2.944857,0.054506,4.489713,0.057800,-0.774718,0.629660
119,-2.980857,0.741246,4.469180,-0.775353,0.208875,-0.595986
120,-2.980847,0.740824,4.475817,-0.773505,0.131730,0.619949
121,-2.977820,0.742919,4.472613,0.810035,0.585275,0.035995
122,-2.978847,0.738271,4.472320,0.528529,-0.847154,-0.054664
123,-2.759867,0.256206,4.498993,-0.221814,-0.956039,0.191802
124,-2.767433,0.261236,4.494063,-0.347215,-0.736650,-0.580335
125,-3.143187,0.749579,4.460717,0.843799,-0.087148,0.529537
126,-3.151977,1.154240,4.455703,0.850538,-0.479166,0.216760
127,-2.537830,1.152977,4.502817,0.490089,0.869576,0.060422
128,-2.987633,0.370485,4.492057,-0.609980,-0.790818,0.050308
129,-2.982633,0.371919,4.493000,0.900926,-0.194961,0.387715
130,-2.985490,0.373853,4.488770,0.094890,0.294661,-0.950879
131,-2.971323,0.678577,4.472023,-0.169486,0.744700,-0.645520
132,-2.651663,0.068227,4.517893,-0.783216,-0.338756,0.521361
133,-1.752160,1.240613,4.557330,0.009140,-0.394467,-0.918864
134,-1.563410,1.151640,4.585007,0.515369,-0.856930,0.008183
135,-2.970423,0.943279,4.468780,0.963962,-0.026051,-0.264760
136,-3.145320,0.660301,4.465087,0.325262,0.806308,0.494037
137,-3.149077,0.656554,4.464657,-0.930962,-0.249970,0.266130
138,-3.144127,0.037588,4.472417,-0.249491,-0.908314,0.335738
139,-3.147160,0.273652,4.465430,-0.221551,0.937057,-0.269886
140,-2.274727,2.239700,4.488047,-0.217753,-0.026023,0.975657
141,-2.272380,2.242717,4.484893,-0.016736,0.867423,-0.497290
142,-2.276080,2.237310,4.483923,-0.716176,-0.154357,-0.680636
143,-2.271443,2.238003,4.484977,0.818380,-0.571267,0.062519
144,-3.047910,0.946909,4.465147,0.030850,-0.362184,-0.931596
145,-1.754263,2.336663,4.531277,-0.739075,0.664000,0.113455
146,-1.749480,2.335267,4.533323,0.836712,0.290476,0.464259
147,-1.751313,2.334223,4.527487,0.403910,0.044355,-0.913723
148,-1.752813,2.331837,4.531683,-0.376424,-0.884285,0.276307
149,-3.062870,0.367323,4.480030,0.560689,0.827268,-0.035437
150,-2.141670,0.448103,4.551723,0.700577,-0.387357,0.599288
151,-3.143830,0.855829,4.464643,-0.656799,0.749269,-0.084917
152,-3.203183,0.854782,4.446467,-0.617352,-0.783405,-0.071777
153,-3.061217,-0.027349,4.473480,-0.958560,-0.277855,0.062921
154,-2.829463,0.642281,4.480780,0.825469,0.239996,-0.510885
155,-1.571123,0.953424,4.589053,-0.179887,-0.720379,0.669847
156,-1.568377,0.953322,4.583163,0.387952,-0.741545,-0.547361
157,-1.567707,0.956725,4.587003,0.642946,0.709925,0.287449
158,-1.572073,0.955934,4.584980,-0.750890,0.553804,-0.359813
159,-2.548807,0.751743,4.518967,-0.085670,0.813888,0.574672
160,-2.836650,0.258194,4.494577,-0.639518,0.717743,-0.275429
161,-2.836147,0.849772,4.483200,-0.665025,0.733819,-0.138749
162,-3.144100,0.851086,4.464770,-0.712428,-0.700399,-0.043448
163,-3.058960,0.752213,4.469677,0.538756,0.802289,0.257049
164,-2.975533,0.940945,4.466760,-0.361753,-0.746111,-0.558975
165,-1.648210,0.748149,4.568257,-0.708942,0.705216,-0.008480
166,-2.968163,0.676582,4.475447,0.925584,-0.376534,0.038947
167,-2.748177,0.252058,4.502563,-0.491462,-0.861158,-0.129894
168,-3.148317,0.747495,4.459253,-0.605719,-0.745645,0.277702
169,-3.147737,0.752705,4.459187,-0.425793,0.867565,0.256965
170,-3.145800,0.749805,4.455623,0.290748,-0.044591,-0.955760
171,-2.827003,0.223038,4.504853,0.384745,0.606654,0.695659
172,-2.131753,2.343523,4.506157,-0.639705,-0.754061,-0.148893
173,-2.130713,2.346737,4.509737,-0.291343,0.826728,0.481290
174,-2.128617,2.346197,4.503463,0.097148,0.726475,-0.680291
175,-2.127297,2.344263,4.507583,0.755274,-0.581437,0.302476
176,-1.845190,0.056419,4.577373,0.792942,-0.089523,0.602684
177,-2.973960,0.942317,4.472353,-0.204737,-0.344603,0.916150
178,-1.658457,1.650330,4.549147,0.058919,-0.851763,-0.520604
179,-3.146043,0.657963,4.460360,-0.023789,0.137474,-0.990220
180,-2.247863,2.601850,4.489270,-0.202948,-0.702323,-0.682316
181,-2.047190,1.748663,4.522000,-0.635166,-0.767224,-0.089065
182,-3.144060,0.654757,4.464287,0.670773,-0.700426,0.243858
183,-3.212177,0.949281,4.455220,-0.467122,0.806921,0.361491
184,-2.844907,2.150840,4.447207,0.819851,0.565692,0.088530
185,-2.847980,2.148657,4.450217,-0.162815,-0.807944,0.566319
186,-2.847363,2.148800,4.443590,-0.052135,-0.782318,-0.620694
187,-2.849560,2.151483,4.446787,-0.603788,0.796192,-0.038966
188,-3.127750,2.531617,4.445347,0.572035,0.243867,0.783138
189,-3.017450,2.616040,4.458437,-0.300917,-0.910204,0.284567
190,-0.040261,0.755035,4.713883,0.876067,-0.133407,0.463368
191,-0.731900,0.812171,4.668467,0.681743,0.715465,0.152761
192,-2.546383,2.625470,4.471643,-0.700318,0.555833,0.447890
193,-2.544750,2.623170,4.466590,-0.199557,0.098551,-0.974918
194,-2.544583,2.620047,4.470727,-0.144829,-0.917379,0.370729
195,-2.541413,2.624223,4.470500,0.942805,0.283196,0.175837
196,-1.379347,0.390202,4.601373,0.443744,0.205681,0.872231
197,-1.382990,0.401747,4.603990,0.833709,-0.077783,0.546698
198,-1.758890,1.348937,4.556947,0.529837,0.845444,0.067064
199,-1.760303,1.346057,4.553407,-0.702414,-0.163594,-0.692714
200,-1.761250,1.346127,4.560003,-0.869251,-0.151751,0.470504
201,-1.238863,-0.021920,4.559237,-0.025144,0.984305,-0.174676
202,-1.762327,0.243337,4.585113,-0.875501,-0.099854,0.472786
203,-1.029920,0.624429,4.619960,-0.928255,0.362548,-0.083070
204,-3.057697,-0.025869,4.470000,0.253628,0.550703,-0.795235
205,-1.345180,0.248058,4.606170,-0.726501,0.647359,-0.230483
206,-1.474317,0.238321,4.597137,-0.125344,-0.830168,-0.543241
207,-1.045313,0.454985,4.620457,-0.232898,0.926130,-0.296719
208,-2.350937,0.160133,4.541610,-0.730166,-0.673616,-0.114448
209,1.150740,1.846743,4.829270,0.743360,-0.637554,0.202341
210,2.235927,0.452464,3.256377,-0.075885,0.982703,-0.168924
211,0.092435,1.425210,4.214970,0.933859,0.105821,-0.341626
212,0.106243,1.434623,4.226410,0.221412,-0.298429,-0.928395
213,-1.180487,0.699455,4.596373,-0.444823,-0.834575,-0.324988
214,-2.655420,2.619497,4.468070,0.734454,0.678518,0.013814
215,1.445300,1.651383,4.854853,-0.888320,0.439288,-0.133842
216,0.731874,2.564843,4.673513,0.743253,0.375688,0.553564
217,0.729812,2.564343,4.669193,0.139113,-0.569219,-0.810332
218,0.727019,2.568070,4.670413,-0.172625,0.984483,-0.031535
219,0.726955,2.563973,4.673280,-0.669694,-0.630338,0.392662
220,2.079477,2.581940,4.655543,-0.656227,-0.145657,0.740372
221,1.036143,2.644693,4.766127,0.496652,-0.765074,-0.409876
222,-1.946607,2.043103,4.518673,-0.176105,-0.775279,-0.606571
223,-1.148957,-0.073437,1.736863,-0.771244,0.504871,0.387669
224,-1.554120,1.554597,4.584010,-0.465449,0.841353,-0.274742
225,-1.552180,1.552197,4.588337,0.498747,0.101821,0.860746
226,-1.550427,1.551187,4.582273,0.880249,-0.117339,-0.459776
227,-1.554383,1.549800,4.584730,-0.696773,-0.712497,-0.082801
228,-2.534613,2.441687,4.467297,0.124913,-0.503719,-0.854789
229,-1.521247,1.738807,4.598023,-0.151575,-0.158263,-0.975693
230,-1.455707,2.262287,4.591017,0.363924,0.882328,0.298422
231,0.857458,1.643923,4.740017,-0.553093,-0.829922,0.072924
232,-3.205813,1.067460,4.448380,-0.565597,0.824672,-0.003915
233,-2.746380,1.949183,4.452920,0.786807,0.030118,-0.616463
234,0.548595,1.664680,4.704157,-0.216974,0.976116,-0.010926
235,-2.244843,2.603573,4.492793,0.839513,-0.106996,0.532701
236,-2.250737,2.603900,4.494210,-0.647816,-0.298069,0.701063
237,-2.248277,2.606457,4.490847,-0.047027,0.912629,-0.406076
238,-1.254417,0.348342,4.609273,-0.419323,0.885263,0.201191
239,-2.466990,2.447987,4.468270,0.548340,-0.835761,-0.028774
240,-2.958510,1.564547,4.451823,-0.830207,-0.507405,0.230858
241,-2.743263,2.140747,4.456670,-0.523937,-0.851255,-0.029227
242,-3.143383,1.945020,4.437033,0.703963,0.710140,0.011726
243,-2.650863,2.158773,4.463237,0.000598,0.749491,-0.662015
244,-3.247203,2.447203,4.427830,0.338950,-0.009489,-0.940756
245,-3.250073,2.449357,4.431333,-0.639947,0.725340,0.253673
246,-3.244770,2.447450,4.433263,0.819972,0.289414,0.493848
247,-3.248683,2.444480,4.431883,-0.399818,-0.889934,0.219461
248,-2.657567,2.615837,4.471060,0.105165,-0.773557,0.624940
249,-2.658033,2.616470,4.464763,0.001031,-0.633024,-0.774132
250,-2.660510,2.619077,4.468407,-0.811627,0.572194,0.117705
251,-3.053857,1.955143,4.440943,-0.203229,0.973305,-0.106659
252,-3.123020,2.456877,4.434877,-0.706334,-0.700745,-0.100247
253,-3.052510,1.741537,4.444577,0.062951,-0.831958,0.551256
254,-2.843487,2.424730,4.452950,0.256579,-0.688602,0.678229
255,-3.157330,2.351337,4.427487,-0.859182,-0.025241,-0.511047
256,-3.155763,2.352737,4.433487,-0.514114,0.283549,0.809498
257,-3.153180,2.354360,4.429063,0.585487,0.742219,-0.326062
258,-3.153777,2.349767,4.430293,0.578662,-0.814635,0.038987
259,-3.302137,2.125370,4.418980,-0.423774,-0.866356,0.264280
260,-2.847563,2.248673,4.449830,-0.365917,-0.863317,0.347547
261,-2.623763,2.341250,4.468707,-0.514034,-0.848634,-0.124857
262,-2.842477,2.424610,4.446393,0.445094,-0.711293,-0.544016
263,-2.846410,2.425830,4.449120,-0.962531,0.224312,-0.152375
264,-2.842217,2.427990,4.449727,0.315828,0.948300,0.031295
265,-2.187330,2.271583,4.498850,0.801073,-0.375979,0.465750
266,-2.192213,2.273077,4.499890,-0.876199,-0.229412,0.423846
267,-2.189593,2.271557,4.494157,-0.330888,-0.546018,-0.769661
268,-2.189313,2.275543,4.496893,0.263898,0.955380,-0.132692
269,-2.744130,2.534940,4.470577,-0.843612,0.091245,0.529143
270,-2.469330,2.450827,4.465067,-0.814578,0.116894,-0.568154
271,-2.532763,2.440643,4.473030,0.203627,-0.756130,0.621935
272,-2.537520,2.443610,4.470587,-0.923775,0.189763,0.332611
273,-2.532793,2.444850,4.470547,0.536286,0.843811,-0.019492
274,-2.468977,2.450830,4.471703,-0.749418,0.117474,0.651592
275,-2.466283,2.452717,4.468230,0.794114,0.606275,-0.042583
276,-2.556503,2.546270,4.471073,-0.697686,-0.715417,0.037602
277,-2.849837,1.852053,4.450800,0.706558,0.701208,0.095308
278,0.049034,-0.104503,0.443369,-0.646524,-0.752081,-0.127987
279,-2.846520,2.546210,4.450700,-0.784296,0.503564,-0.362357
280,-2.146707,2.458860,4.491127,0.197405,0.899612,-0.389525
281,-1.348390,0.730919,4.602237,-0.744817,0.640976,0.185463
282,-2.974793,2.342133,4.434660,-0.783703,0.193199,-0.590325
283,-2.972180,2.343050,4.438753,-0.105489,-0.087899,0.990528
284,-2.969197,2.345333,4.435540,0.349733,0.841524,-0.411734
285,-2.970030,2.340323,4.435007,0.507655,-0.851155,-0.133496
286,-2.088670,2.554183,4.494950,0.542043,0.839957,0.025735
287,-2.554710,2.549397,4.474153,-0.038533,0.814932,0.578274
288,-2.554460,2.548810,4.467630,0.010432,0.698689,-0.715349
289,-2.351830,2.553903,4.480663,0.244103,0.896315,0.370180
290,1.212247,1.565767,4.855000,-0.626007,0.567029,0.535345
291,-2.325123,2.604267,4.476290,-0.020017,-0.996655,0.079229
292,-2.453370,2.610230,4.466120,0.734252,0.657206,-0.170158
293,-2.140677,2.431090,4.500150,0.015745,-0.899876,0.435861
294,-2.551767,2.546373,4.471243,0.827715,-0.555177,0.081650
295,-2.455473,2.607797,4.470033,0.121191,-0.655264,0.745615
296,-2.456093,2.606813,4.463560,-0.000948,-0.848986,-0.528414
297,-2.458163,2.609920,4.466627,-0.773661,0.633215,-0.022089
298,-2.247830,2.560477,4.494543,0.843150,0.033949,0.536605
299,-2.252383,2.563730,4.492643,-0.456101,0.844084,0.281948
300,2.513470,1.849297,4.757617,-0.823876,0.552063,0.128274
301,-2.257240,0.749193,4.534570,0.717769,0.695376,0.035511
302,-1.714837,2.539933,4.520930,0.670247,0.084222,-0.737343
303,-2.051557,1.849863,4.525437,-0.024787,-0.801999,0.596811
304,0.051574,0.252163,4.706013,0.729794,0.274573,0.626107
305,0.047147,0.243522,4.707740,-0.703581,-0.090426,0.704838
306,1.875657,1.842770,4.799797,0.646682,0.667252,0.369565
307,1.361473,1.557043,4.844140,0.926451,-0.336427,-0.168837
308,-0.651073,0.809939,4.667683,-0.317800,-0.700261,-0.639247
309,1.885987,1.748997,4.803100,-0.288981,-0.948949,0.126436
310,1.651287,1.564407,4.871297,0.889747,-0.069509,0.451130
311,2.241433,0.257729,3.261377,-0.641489,0.764052,0.068675
312,0.753308,-0.064766,1.454090,-0.957726,-0.010452,-0.287491
313,-0.754546,0.560854,4.644187,0.050631,0.869821,0.490763
314,-0.759607,0.556530,4.644230,-0.862172,0.089907,0.498575
315,-0.754805,0.556038,4.644607,0.641246,-0.748814,0.167574
316,-0.756726,0.558249,4.640887,0.068686,-0.090344,-0.993539
317,-0.863357,1.440780,4.643617,0.955840,-0.282750,0.080139
318,1.143470,2.051420,4.826407,0.821057,0.557979,0.120521
319,-0.763939,-0.083411,1.350423,0.358839,-0.212051,0.908993
320,0.750780,-0.056128,1.652793,-0.234554,0.489976,-0.839588
321,1.915857,1.762087,4.797143,-0.233402,0.742626,-0.627718
322,1.913163,1.759873,4.801370,0.032163,-0.004581,0.999472
323,1.750847,0.823992,2.890513,0.816316,0.516364,0.258836
324,1.087987,2.690787,4.811380,0.405281,0.274951,0.871866
325,1.083083,2.696490,4.807630,0.245502,0.047247,-0.968244
326,2.631103,1.827117,4.838757,-0.299529,-0.946748,-0.118112
327,2.233380,0.648287,3.243437,0.052299,-0.988933,0.138840
328,1.650640,0.348937,2.889363,0.772331,0.617905,-0.147303
329,-1.369020,0.020686,4.593400,-0.817254,-0.567751,-0.098766
330,-0.661062,-0.072759,1.538467,0.002074,0.559035,-0.829141
331,0.118112,0.534431,4.337140,-0.011399,0.922638,0.385499
332,-0.520798,-0.019701,4.618383,-0.546280,-0.419235,0.725134
333,-0.519758,-0.013811,4.616377,-0.311374,0.910433,0.272321
334,-0.520644,-0.018106,4.613227,-0.359856,-0.243343,-0.900715
335,-0.516874,-0.017731,4.616283,0.982778,-0.182786,-0.027131
336,-0.864564,0.163462,4.641367,0.047799,0.820155,0.570141
337,0.162550,0.310418,3.507523,-0.081628,0.414512,0.906376
338,0.166014,0.309885,3.503493,0.726562,0.415282,-0.547402
339,0.159713,0.309533,3.503087,-0.691775,0.336101,-0.639127
340,0.162954,0.306236,3.504887,0.044106,-0.984773,0.168159
341,-0.244324,0.606624,4.674650,-0.631661,0.773555,0.051161
342,-0.239318,0.605515,4.675033,0.878496,0.447097,0.168374
343,0.716526,2.204767,4.701057,-0.009004,0.590884,-0.806706
344,0.087998,1.435790,4.228183,-0.701740,0.616258,-0.357472
345,0.089164,1.431180,4.229943,-0.244594,-0.600619,0.761203
346,0.956418,-0.058389,1.436060,0.334592,0.848370,-0.410265
347,1.853143,0.053920,2.905057,0.960465,0.275634,0.039147
348,1.201510,-0.041448,2.399410,0.667534,-0.510731,-0.541805
349,0.539676,2.032957,4.693143,-0.087129,-0.131760,0.987445
350,-1.658423,2.045270,4.541420,0.376947,-0.888316,-0.262308
351,-1.664633,2.337960,4.535310,-0.746365,-0.643164,-0.171115
352,1.343933,1.769437,4.832477,-0.777598,-0.625186,0.066961
353,1.757793,1.652850,4.781183,0.987859,-0.038004,-0.150631
354,0.903647,-0.067860,1.292650,-0.364816,-0.100472,-0.925643
355,-1.714323,2.540777,4.527380,0.774752,0.256704,0.577808
356,-1.570870,2.435187,4.562417,-0.272385,0.953632,-0.128033
357,-3.083140,2.556867,4.439473,0.702897,-0.558599,-0.440344
358,-3.084683,2.562457,4.440413,0.246218,0.917466,-0.312461
359,-3.084697,2.559063,4.444697,0.242238,-0.095478,0.965508
360,-3.087610,2.558503,4.440757,-0.954569,-0.232123,-0.186863
361,-2.147717,2.557240,4.492517,-0.110069,0.989083,0.097975
362,-2.090630,2.550903,4.498187,0.185854,-0.712516,0.676593
363,-2.250017,2.561117,4.489090,0.353426,-0.050866,-0.934079
364,-2.252360,2.558567,4.492933,-0.616626,-0.771502,0.156710
365,-1.855447,2.430517,4.509097,-0.170228,-0.800270,-0.574970
366,-1.992737,2.386853,4.504670,-0.690793,0.080207,0.718590
367,-1.975327,2.416240,4.496973,0.266921,-0.050177,-0.962411
368,-1.971257,2.426017,4.500167,-0.663837,0.580397,0.471656
369,-2.656167,1.849200,4.468447,-0.731803,-0.656903,-0.181503
370,-2.654430,1.851870,4.472303,-0.178861,0.752490,0.633852
371,-2.653063,1.852133,4.465840,0.079799,0.802393,-0.591437
372,-2.651560,1.849467,4.469430,0.736122,-0.664524,0.128578
373,-2.849827,1.943513,4.454313,0.014853,-0.370514,0.928708
374,-2.624620,2.346107,4.468917,-0.784660,0.616678,-0.063379
375,-2.643160,2.456617,4.472250,0.081361,0.473203,0.877188
376,-3.054543,2.045127,4.444373,0.592778,-0.804600,-0.035118
377,-2.653490,2.244800,4.460043,0.801067,0.593866,0.074935
378,-3.060523,2.440937,4.441760,-0.269277,-0.010691,0.963003
379,-2.760643,2.617870,4.471593,-0.996953,0.068350,0.037578
380,-3.014240,2.619730,4.457710,0.975820,0.171458,0.135561
381,-2.827770,1.443987,4.462940,0.937892,0.112087,-0.328321
382,-2.761553,2.346900,4.449370,0.621935,0.775605,0.107858
383,-3.126713,2.529910,4.439430,0.808984,-0.145739,-0.569478
384,-2.741970,2.143893,4.460057,0.666638,0.210948,0.714909
385,-0.942699,-0.068212,1.939310,-0.218058,0.083793,0.972332
386,-0.942025,-0.065194,1.935550,-0.427915,0.577174,-0.695528
387,-0.942280,-0.071814,1.936063,-0.474759,-0.642878,-0.601092
388,-0.938746,-0.068575,1.936577,0.987382,-0.025872,0.156228
389,-2.550067,2.047513,4.470480,0.036667,-0.769737,-0.637307
390,-2.652053,2.046870,4.462497,-0.761357,0.587827,-0.273487
391,-2.650097,2.041700,4.461887,-0.209491,-0.870426,-0.445502
392,-2.649463,2.044443,4.466020,0.177463,-0.048809,0.982916
393,-2.646567,2.046077,4.461467,0.851989,0.366556,-0.373834
394,-3.147070,1.348547,4.444153,-0.089765,-0.841906,-0.532106
395,-3.150063,1.448557,4.442720,0.440011,-0.887121,0.139310
396,-3.148360,0.956437,4.458663,0.184900,0.938699,0.290958
397,-3.149953,0.953285,4.454857,-0.329187,-0.081401,-0.940750
398,-3.151957,0.951990,4.460307,-0.839795,-0.189768,0.508657
399,-3.147240,0.951561,4.458693,0.795253,-0.586665,0.152958
400,-0.743945,-0.079968,1.440037,-0.525817,-0.022386,-0.850303
401,-0.742492,-0.083185,1.443330,-0.260556,-0.524194,0.810760
402,-0.742014,-0.076561,1.442860,-0.174760,0.664649,0.726430
403,-0.739406,-0.080203,1.441343,0.872203,-0.096949,-0.479439
404,-3.206740,1.435927,4.440910,0.742845,0.103897,0.661353
405,-3.051593,1.841893,4.448097,0.096496,-0.783354,0.614040
406,-3.051057,1.841953,4.441473,0.195007,-0.772006,-0.604961
407,-3.049353,1.844907,4.444973,0.609332,0.790897,0.056537
408,-3.054037,1.844027,4.444587,-0.830831,0.553025,-0.062310
409,-1.749493,1.242517,4.561210,0.896693,0.238387,0.372980
410,-2.353210,0.753219,4.527013,-0.047379,0.385690,0.921411
411,-3.244263,2.135987,4.422603,0.063033,-0.096513,-0.993334
412,-3.243010,2.133480,4.427057,0.109125,-0.854570,0.507743
413,-3.247333,2.137827,4.426360,-0.914598,0.183167,0.360501
414,-3.242153,2.138637,4.426610,0.676833,0.706397,0.207127
415,-3.043170,1.152637,4.464270,0.536540,-0.147877,0.830817
416,-3.046157,1.150180,4.460357,-0.348891,-0.876874,-0.330706
417,-3.042800,1.154493,4.458957,0.633715,0.337981,-0.695827
418,-3.047133,1.155120,4.461867,-0.749864,0.639084,0.171101
419,-2.552440,1.651877,4.485730,-0.152191,-0.835582,0.527865
420,-3.054040,0.856900,4.468220,0.097467,0.440920,-0.892239
421,-3.056920,0.854757,4.471543,-0.911667,-0.308680,0.271255
422,-3.052957,0.858724,4.473937,0.018364,0.832956,0.553034
423,-3.052103,0.854414,4.471900,0.670238,-0.734350,0.107294
424,-2.548243,1.550807,4.490783,0.761287,0.570253,0.308633
425,-3.130330,2.529070,4.442333,-0.679666,-0.727872,0.090870
426,-3.135880,1.842940,4.434410,0.845641,-0.021283,-0.533328
427,-2.954940,2.036297,4.443740,0.825342,0.267395,0.497304
428,-2.737507,2.456490,4.456757,-0.049410,0.886128,-0.460800
429,-3.042190,2.357990,4.443660,-0.272719,0.954015,0.124419
430,-3.136490,1.843197,4.441023,0.734246,0.025795,0.678393
431,-3.138723,1.845590,4.437387,-0.649751,0.754892,-0.089229
432,-3.138727,1.840863,4.437570,-0.701854,-0.711352,-0.037130
433,-2.947847,1.845857,4.440183,0.935211,0.173736,-0.308538
434,-2.648593,1.748840,4.474137,0.727899,-0.676160,0.113889
435,-2.649097,1.658270,4.475953,-0.720309,-0.692718,-0.035996
436,-2.747600,1.853167,4.462603,-0.083631,0.852615,0.515803
437,-2.353120,1.249303,4.515737,-0.017883,-0.806572,0.590865
438,-3.150800,1.761297,4.436687,-0.881413,-0.472071,0.016119
439,-3.147723,1.763080,4.439957,0.217285,0.767389,0.603242
440,-3.147870,1.763127,4.433303,0.189951,0.775744,-0.601781
441,-3.146177,1.760077,4.436573,0.515156,-0.856920,-0.017367
442,-2.951600,1.938770,4.444850,0.796782,0.127622,0.590636
443,-2.951557,1.938623,4.438190,0.804564,0.101921,-0.585055
444,-2.954317,1.940737,4.441457,-0.786813,0.616908,-0.018705
445,-2.953647,1.936060,4.441563,-0.597568,-0.801700,0.013767
446,-3.056547,2.047967,4.441160,0.086864,0.788222,-0.609230
447,-2.843773,2.252840,4.452227,0.765999,0.055454,0.640445
448,-3.155103,2.118630,4.431950,-0.912872,0.404668,-0.053935
449,-3.036733,2.143633,4.445280,0.805451,-0.064821,0.589107
450,-3.036930,2.144177,4.438667,0.768816,0.035738,-0.638470
451,-3.039373,2.146473,4.442260,-0.637629,0.765978,0.081892
452,-3.039473,2.141717,4.441873,-0.712344,-0.700886,-0.036399
453,-2.849710,1.941337,4.448547,0.042680,-0.891352,-0.451298
454,-2.847160,1.945700,4.450247,0.788238,0.580823,-0.203288
455,-2.852313,1.945460,4.450233,-0.800144,0.555636,-0.225916
456,-3.017457,2.619620,4.453957,-0.303135,0.076648,-0.949860
457,-3.130447,2.533593,4.441010,-0.450087,0.833909,-0.319402
458,-2.981690,2.438017,4.429077,-0.438188,-0.759913,-0.480128
459,-2.841673,2.545577,4.451163,0.819222,0.573207,0.017574
460,-3.044163,2.353660,4.443240,-0.930445,-0.366429,-0.001115
461,-3.154080,2.247333,4.433777,0.003279,0.826232,-0.563320
462,-3.242457,2.267687,4.431220,-0.215116,0.775192,0.593971
463,-3.261733,2.357520,4.432187,-0.216064,-0.511250,0.831830
464,-3.232380,2.506077,4.407790,0.380829,-0.607106,-0.697418
465,-3.233660,2.511120,4.408707,0.145840,0.971214,-0.188347
466,-3.232297,2.507070,4.412977,0.484185,-0.036011,0.874224
467,-3.236873,2.507243,4.410327,-0.964380,-0.256505,0.064620
468,-2.651533,2.159193,4.469833,-0.122487,0.826546,0.549380
469,-3.259137,2.356610,4.426967,0.328460,-0.732907,-0.595786
470,-2.954917,2.252587,4.436117,-0.880114,-0.085180,0.467058
471,-2.952067,2.255450,4.433473,0.637680,0.749507,0.177774
472,-2.953930,2.253300,4.429570,-0.702295,0.043037,-0.710584
473,-2.951867,2.250733,4.432990,0.723868,-0.689100,0.034011
474,-3.302553,2.324290,4.424390,-0.295304,-0.954491,0.041749
475,-3.234467,1.949990,4.430253,-0.732022,0.677748,-0.069295
476,-3.151940,2.244253,4.436787,0.719742,-0.691034,-0.066662
477,-2.738107,2.455403,4.463300,-0.155962,0.692358,0.704497
478,-2.735100,2.453813,4.459920,0.805038,-0.592713,-0.024614
479,-2.739787,2.453283,4.459403,-0.612996,-0.768405,-0.183820
480,-2.843203,2.541527,4.448847,-0.048523,-0.804451,-0.592033
481,-2.844603,2.543357,4.454420,-0.143083,-0.450135,0.881423
482,-3.018543,2.621630,4.459237,-0.603018,0.622754,0.498545
483,-2.446367,2.138743,4.479233,-0.035135,-0.464476,0.884888
484,-3.232197,1.770530,4.425003,-0.222317,-0.405027,-0.886864
485,-2.752437,2.243170,4.458030,0.706598,-0.706941,0.030885
486,-3.143487,1.650223,4.435440,0.040033,0.962064,0.269869
487,-2.749160,1.951400,4.456213,-0.709790,0.704404,-0.003617
488,-2.552717,2.049903,4.473720,-0.714733,0.698956,-0.024834
489,-2.550603,2.047200,4.477107,-0.060551,-0.826285,0.559988
490,-2.547943,2.049813,4.474103,0.726030,0.681611,0.091027
491,-2.545683,2.148907,4.469000,0.891707,-0.013793,-0.452403
492,-1.562223,2.138647,4.571087,0.356557,0.813738,0.459019
493,-1.563107,2.136453,4.565703,0.233291,0.209427,-0.949587
494,-1.567290,2.136250,4.569313,-0.983707,0.148898,0.100748
495,-1.563040,2.134070,4.569877,0.314137,-0.896104,0.313554
496,-2.554043,1.943003,4.478220,-0.712262,0.687474,-0.141639
497,0.115047,0.441325,4.334937,-0.939259,0.206251,0.274324
498,-2.142920,1.746653,4.513343,0.908267,-0.009149,-0.418291
499,-2.051353,1.455293,4.534773,0.676504,-0.730739,0.091452
500,-1.557667,1.748057,4.579290,-0.149387,0.952840,-0.264160
501,-1.558157,1.745060,4.583407,0.260922,-0.166913,0.950821
502,-1.554890,1.744023,4.577820,0.913007,-0.373783,-0.163416
503,-1.559527,1.743630,4.579023,-0.816465,-0.416231,-0.400172
504,-2.359890,1.738500,4.494933,-0.973401,-0.218367,-0.069328
505,-2.145267,1.654503,4.517363,0.477005,-0.048194,-0.877578
506,-2.148590,1.657710,4.520210,-0.296938,0.936309,0.187494
507,-2.144470,1.653693,4.522670,0.655100,0.008253,0.755497
508,-2.148743,1.652793,4.520397,-0.696546,-0.717495,-0.004948
509,-1.958970,2.431903,4.510990,-0.087488,-0.665863,0.740927
510,-1.961997,2.435663,4.508053,-0.932367,0.316363,-0.174948
511,-1.957233,2.435753,4.508697,0.689166,0.700248,0.186285
512,1.034983,2.647233,4.770030,0.443570,0.696675,0.563817
513,-0.854877,1.343103,4.643947,0.559402,0.114934,-0.820889
514,-1.336287,0.441625,4.604520,-0.663085,0.542976,0.515263
515,-1.246713,0.598189,4.596133,-0.912480,-0.228796,-0.339165
516,-1.258530,0.551897,4.606133,-0.928640,0.367173,-0.053031
517,-1.254960,0.550111,4.603043,0.626956,0.160929,-0.762252
518,-1.256163,0.547666,4.607187,-0.231574,-0.933941,0.272265
519,0.115034,1.434910,4.233217,0.431706,-0.879345,0.200956
520,-1.743773,2.151723,4.524560,0.063819,-0.641241,-0.764681
521,-2.462313,1.360930,4.494613,0.891002,0.063371,-0.449555
522,-2.450413,1.359970,4.499933,0.144742,0.064081,-0.987392
523,-0.258333,0.544309,4.674647,0.554681,0.831995,-0.010587
524,-3.045660,1.046087,4.463167,0.883512,0.166785,-0.437709
525,-3.046940,1.045730,4.469680,0.649495,0.101389,0.753576
526,-3.048327,1.043077,4.465870,-0.528250,-0.835810,-0.149580
527,-3.049173,1.047807,4.465963,-0.795319,0.593414,-0.123801
528,-0.866564,1.143523,4.649297,0.958672,-0.095051,0.268166
529,-2.360250,1.660843,4.504793,-0.333919,-0.049386,0.941307
530,-1.447287,0.713565,4.593833,0.611196,-0.380152,0.694207
531,-1.153080,0.345491,4.621557,-0.540122,-0.161820,0.825883
532,-2.947503,0.056736,4.486253,-0.814076,0.579435,-0.039175
533,-1.150140,0.450640,4.616217,-0.797876,-0.599000,-0.067763
534,-1.352490,-0.036406,4.557827,-0.844840,-0.421496,-0.329525
535,-1.254203,0.343625,4.609650,-0.669672,-0.742422,0.018689
536,-1.642427,0.656705,4.569530,0.806516,0.008137,-0.591156
537,-1.342080,0.245221,4.603743,0.857316,-0.054266,-0.511922
538,-1.242720,0.043441,4.605163,-0.025542,-0.493229,-0.869525
539,-1.049553,0.247698,4.623280,-0.133149,-0.781221,-0.609889
540,-1.049953,0.247694,4.629923,-0.205408,-0.782111,0.588312
541,-1.051657,0.250665,4.626490,-0.587907,0.808173,-0.034952
542,-1.047057,0.249665,4.626767,0.839889,0.540370,0.050869
543,-0.948592,0.149984,4.637193,-0.073558,0.793580,0.604003
544,-0.944484,0.146022,4.635090,0.857331,-0.365379,0.362605
545,-0.946849,0.148487,4.631563,0.032535,0.494791,-0.868403
546,-0.949354,0.145804,4.634783,-0.701229,-0.712395,-0.027755
547,1.456417,0.452431,2.835477,0.724882,-0.664787,0.180568
548,-0.658928,0.050178,4.650980,0.792747,-0.579782,-0.188165
549,-0.663795,0.049976,4.650303,-0.863051,-0.399720,0.308814
550,-0.661295,0.053801,4.649053,0.092984,0.547153,-0.831852
551,-1.058433,0.137164,4.626240,0.215379,-0.944802,0.246905
552,-0.349242,0.470232,4.674243,0.337641,0.779119,0.528178
553,-1.046087,0.450218,4.620357,-0.795345,-0.604018,-0.050876
554,-1.449200,0.556201,4.598567,0.030486,0.598021,0.800900
555,-1.335083,0.439778,4.599067,-0.294845,0.171953,-0.939946
556,-1.265567,0.149200,4.611733,0.347520,0.288644,0.892140
557,-1.047727,0.342445,4.624977,0.337585,0.150163,-0.929240
558,-1.447497,0.147061,4.609313,-0.818329,0.571125,0.064449
559,0.644760,2.225680,4.614157,0.074538,-0.549779,0.831978
560,-1.531367,0.137664,4.604190,0.670524,-0.737805,0.077731
561,-0.033968,0.617152,4.688643,-0.944258,0.329164,-0.005356
562,-0.378087,0.143397,4.679717,-0.876965,-0.190745,0.441077
563,-1.245317,0.245728,4.612120,-0.676659,-0.735293,-0.038441
564,-1.242893,0.248335,4.608923,0.810033,0.043726,-0.584751
565,-1.242943,0.248033,4.615580,0.800936,-0.010445,0.598658
566,-1.245417,0.250478,4.612337,-0.715819,0.697792,0.026281
567,-0.851499,0.041897,4.628763,-0.959906,0.249507,0.127779
568,-1.845623,0.142730,4.580510,0.800894,0.587945,0.113531
569,-0.846761,0.044014,4.629480,0.446873,0.842485,0.300872
570,-1.382553,0.415397,4.596420,0.061887,0.084204,-0.994525
571,-1.384973,0.418111,4.600497,-0.580650,0.779780,0.234068
572,-1.251520,0.345655,4.606313,0.575830,-0.039170,-0.816631
573,-1.250430,0.344821,4.612253,0.750081,0.086289,0.655692
574,-1.448113,0.557340,4.592257,0.253528,0.831927,-0.493580
575,-1.059923,0.140149,4.620907,-0.120821,-0.272116,-0.954649
576,-1.344840,0.243367,4.607237,-0.632944,-0.768896,0.090449
577,-1.254260,0.565966,4.608657,-0.955758,0.269110,-0.118774
578,-0.570397,0.239084,4.658533,-0.874384,0.474754,-0.100308
579,-1.489763,0.237438,4.605180,-0.167352,-0.980261,-0.105272
580,-1.504713,0.237363,4.602333,0.310264,-0.900652,0.304239
581,-1.904270,-0.039163,4.553773,0.498178,-0.588155,-0.637097
582,-1.903953,-0.033653,4.556153,0.449405,0.860065,-0.241504
583,-1.904210,-0.037567,4.559567,0.367784,-0.386463,0.845802
584,-1.907497,-0.036777,4.556267,-0.998177,0.060041,-0.006197
585,-3.133727,0.346741,4.470770,-0.434743,0.871821,0.225669
586,-2.456063,1.358977,4.506047,-0.003608,0.599644,0.800259
587,-2.446867,0.949688,4.517557,-0.007302,0.861251,0.508127
588,-2.446397,0.948968,4.510953,0.076551,0.732379,-0.676580
589,-2.449170,0.946951,4.514333,-0.758653,-0.651274,0.016948
590,-2.444437,0.946782,4.514687,0.680126,-0.722000,0.127060
591,-1.337947,0.064736,4.608820,-0.712611,-0.479112,0.512482
592,-3.073387,0.580419,4.468393,-0.803851,0.189430,-0.563862
593,-3.070137,0.581702,4.471567,0.829198,0.558527,-0.021848
594,-2.537917,0.275509,4.522250,0.674845,-0.737412,0.028412
595,-0.802722,1.085680,4.662687,-0.780488,-0.168645,0.601995
596,-1.352223,0.622684,4.600827,-0.164676,-0.632473,0.756875
597,-1.351893,0.627787,4.599223,0.364041,0.823781,0.434579
598,-2.055910,0.249150,4.557560,-0.715569,0.697250,-0.042457
599,0.121723,0.271360,4.322230,0.709638,0.634984,0.305302
600,-1.451953,0.554598,4.594450,-0.910591,-0.349926,-0.219943
601,-1.447333,0.553550,4.595057,0.560163,-0.826706,-0.052671
602,-1.344050,0.547886,4.598540,0.201776,-0.917940,-0.341574
603,-2.048897,1.154357,4.542153,-0.077716,0.931464,0.355436
604,-0.773643,0.990879,4.646890,-0.342344,0.664042,0.664717
605,-1.247490,0.559357,4.608493,0.613441,-0.123377,0.780044
606,-1.156510,0.622977,4.613393,-0.351234,0.224343,0.909013
607,-1.241433,0.611369,4.605120,0.496969,0.040137,0.866840
608,-1.244387,0.601326,4.605790,0.337691,-0.119705,0.933614
609,-1.157950,0.621666,4.608207,-0.773890,-0.160086,-0.612753
610,-1.153527,0.625269,4.609027,0.406978,0.852369,-0.328384
611,-1.153483,0.620326,4.610263,0.628932,-0.777155,0.021773
612,-1.247347,0.618919,4.602643,0.074503,0.997145,-0.012281
613,-1.250300,0.608877,4.603313,-0.988582,-0.135487,-0.065948
614,-1.230423,0.616106,4.595177,0.024482,-0.294212,-0.955426
615,-1.241957,0.600949,4.594767,0.663105,0.293445,-0.688608
616,-1.236397,0.588260,4.597393,0.844643,-0.073570,-0.530250
617,-1.238430,0.588538,4.602677,0.271058,0.009460,0.962517
618,-1.252087,0.449826,4.609003,-0.061941,0.833540,0.548975
619,-2.756730,2.620920,4.471567,0.403564,0.914754,0.019002
620,-1.248290,0.578006,4.599603,-0.896073,0.261655,-0.358596
621,-1.243887,0.575628,4.598387,0.536846,-0.580155,-0.612550
622,-1.246287,0.561802,4.604350,0.088179,-0.193917,-0.977047
623,-1.247123,0.573461,4.607813,0.347229,0.171228,0.922016
624,-1.226313,0.615838,4.598350,0.367423,0.002012,0.930052
625,-1.218370,0.630554,4.600503,0.509073,-0.750243,0.421877
626,-1.027927,0.620103,4.619810,-0.302491,-0.944839,-0.125610
627,-1.026283,0.623661,4.616977,0.793356,0.381998,-0.473987
628,-1.027110,0.623052,4.623553,0.644001,0.271949,0.715057
629,-1.366727,0.626020,4.596713,-0.643559,-0.655748,0.394748
630,-1.340607,0.614698,4.602940,-0.019334,0.753866,0.656744
631,-1.340587,0.611056,4.599877,-0.402467,-0.915378,0.010196
632,-1.330103,0.610062,4.601327,0.969042,-0.155796,0.191536
633,-2.756947,2.616180,4.474440,0.431167,-0.546939,0.717603
634,-1.254193,0.447190,4.605633,-0.699613,-0.714357,-0.015361
635,-1.251643,0.449535,4.602360,0.016643,0.782403,-0.622551
636,-1.249477,0.447336,4.605943,0.727547,-0.681559,0.078441
637,-1.263137,0.728414,4.613167,-0.296617,-0.516224,0.803450
638,-1.263603,0.734137,4.610563,-0.639621,0.760067,0.114818
639,-1.254197,0.735658,4.615013,0.987182,0.125400,0.098728
640,-1.229020,-0.000727,4.595833,-0.516297,-0.831380,-0.205535
641,-2.751893,0.059242,4.505650,-0.741243,0.314472,-0.593014
642,-1.474463,0.244086,4.597187,-0.254025,0.816758,-0.518051
643,0.023032,0.390933,4.703947,0.740011,-0.307886,0.597988
644,-1.149793,0.247289,4.619773,-0.089013,0.045270,0.995001
645,-1.150320,0.250357,4.616190,0.183142,0.820389,-0.541684
646,-1.152403,0.245528,4.616223,-0.828548,-0.479658,-0.288855
647,-1.147233,0.244704,4.616723,0.827893,-0.360139,-0.429993
648,-1.238767,-0.025734,4.563690,0.000552,-0.021623,0.999766
649,-1.228887,0.003291,4.599173,-0.423671,0.555946,0.715141
650,-2.818343,0.483737,4.497510,0.936224,0.226114,-0.268994
651,-2.988433,0.398988,4.489187,-0.939427,0.278291,-0.200077
652,-1.523823,0.081014,4.603110,-0.315833,0.938585,0.138955
653,-1.349447,-0.034807,4.562353,0.096820,-0.296963,0.949968
654,-1.523123,0.077097,4.605863,-0.413101,-0.788210,0.456149
655,-1.040810,-0.073852,1.849787,0.163504,-0.744097,-0.647754
656,-1.040570,-0.068251,1.850440,0.136453,0.846702,-0.514273
657,-1.038297,-0.071350,1.854573,0.808701,-0.102223,0.579270
658,-1.043043,-0.071328,1.853350,-0.881496,-0.017271,0.471875
659,-2.862397,0.153221,4.496997,-0.506730,0.740345,-0.441717
660,-2.859603,0.151241,4.500620,0.069929,-0.132608,0.988699
661,-3.045793,0.439943,4.481023,0.695705,-0.162196,0.699777
662,-3.045517,0.438850,4.474517,0.749045,-0.371499,-0.548563
663,-3.047230,0.442791,4.477133,-0.288031,0.942313,-0.170539
664,-3.048920,0.438404,4.477797,-0.908863,-0.415925,0.031222
665,-2.838633,0.242635,4.494360,-0.899537,-0.094105,-0.426589
666,-3.198947,0.653807,4.456927,0.598987,0.375801,0.707098
667,-2.752327,0.058080,4.512200,-0.817644,0.108595,0.565389
668,-2.749167,0.060248,4.509400,0.858918,0.491437,0.144045
669,-2.914343,-0.010426,4.487677,-0.306339,0.786010,0.536978
670,-2.852997,-0.006723,4.484153,0.000065,0.875158,-0.483836
671,-2.852377,-0.008116,4.490510,0.124811,0.595109,0.793894
672,-2.850173,-0.010366,4.486440,0.763294,-0.611518,-0.208392
673,-2.854913,-0.010074,4.486967,-0.768769,-0.636278,-0.064385
674,-2.848527,0.158410,4.494383,-0.227676,0.625381,-0.746366
675,-2.854377,0.147745,4.493367,0.430853,-0.609605,-0.665393
676,-0.643195,-0.065954,2.018947,0.084218,-0.993649,0.074620
677,-2.944637,0.054366,4.483073,0.098229,-0.800480,-0.591255
678,-2.942773,0.057208,4.486400,0.640610,0.767850,0.005055
679,-3.141743,0.040285,4.467863,0.345037,-0.187821,-0.919605
680,-3.140147,0.041766,4.473057,0.797781,0.233521,0.555890
681,-3.144693,0.042341,4.471233,-0.725854,0.687312,0.027153
682,-3.057527,-0.025039,4.476257,0.292595,0.736954,0.609333
683,-3.056450,-0.029352,4.473613,0.470681,-0.876212,0.103499
684,-2.915477,-0.015361,4.486947,-0.497197,-0.857425,0.132728
685,-2.913390,-0.011730,4.482823,-0.127226,0.173696,-0.976547
686,-2.910080,-0.013057,4.486653,0.934588,-0.251832,0.251248
687,-2.824697,0.486586,4.505090,-0.191300,-0.357563,0.914086
688,-2.827890,0.495482,4.501453,-0.964650,0.074452,-0.252797
689,-2.450790,0.350688,4.527007,-0.741593,0.670719,-0.013301
690,-2.448180,0.348134,4.523723,0.012941,-0.771295,-0.636346
691,-2.448453,0.347963,4.530357,-0.038210,-0.803234,0.594436
692,-2.446007,0.350606,4.527203,0.728554,0.683333,0.047602
693,-3.136280,0.535090,4.470587,-0.009325,-0.903456,0.428579
694,-2.836247,0.167670,4.506313,-0.182575,0.794260,0.579498
695,-2.648000,0.067106,4.514663,0.838117,-0.545214,-0.017381
696,-2.754173,0.261047,4.494887,0.454631,0.601178,-0.657188
697,-2.548197,0.447002,4.518610,-0.055699,-0.462134,0.885059
698,-2.550407,0.449264,4.514983,-0.844695,0.345141,-0.409105
699,-2.546283,0.445141,4.513090,0.045453,-0.834868,-0.548570
700,-2.545653,0.449311,4.515307,0.708897,0.705267,0.008030
701,-2.050283,0.949582,4.543823,-0.813615,-0.083451,-0.575384
702,-2.146817,0.945469,4.539017,0.762742,0.646701,-0.001741
703,-3.129550,0.343376,4.472757,0.808183,-0.041171,0.587490
704,-3.131400,0.343849,4.467367,0.354228,-0.108717,-0.928818
705,-3.134293,0.341420,4.471177,-0.665011,-0.728522,0.164364
706,-2.757463,0.156463,4.509687,-0.864417,-0.036994,0.501413
707,-2.756463,0.156449,4.503150,-0.675077,-0.039274,-0.736702
708,-2.754213,0.153934,4.506843,0.642999,-0.759321,0.099917
709,-2.754440,0.158643,4.506800,0.664056,0.740955,0.100078
710,-2.948510,0.138334,4.489237,-0.692004,0.707147,0.145164
711,-2.946110,0.135607,4.485363,-0.061574,-0.440635,-0.895572
712,-2.946697,0.133806,4.491340,-0.196855,-0.854903,0.479988
713,-2.943543,0.137288,4.489410,0.865902,0.449079,0.220321
714,-3.200220,0.649980,4.453777,-0.180292,-0.983396,0.020688
715,-3.146410,0.270352,4.469183,0.029644,-0.166860,0.985535
716,-3.148933,0.268435,4.464600,-0.714581,-0.589923,-0.375986
717,-2.983433,0.400422,4.490130,0.957746,0.172714,0.229983
718,-2.986020,0.389116,4.486550,0.262628,-0.315976,-0.911694
719,-2.816503,0.469922,4.503133,0.948206,-0.147170,0.281507
720,-2.984647,0.386814,4.497233,0.815063,0.044979,0.577624
721,-2.989647,0.385380,4.496290,-0.826377,0.010788,0.563014
722,-2.640593,0.842809,4.506390,0.983191,0.101953,0.151464
723,-3.140037,0.539709,4.469223,-0.914515,0.283361,0.288737
724,-3.143517,0.269732,4.464657,0.889293,-0.240367,-0.389079
725,-2.835237,0.167642,4.499737,0.001232,0.789296,-0.614012
726,-3.062047,0.362615,4.479913,0.805223,-0.588784,-0.070347
727,-3.064623,0.364514,4.483477,-0.741381,-0.145864,0.655040
728,-3.065150,0.364586,4.476840,-0.835429,-0.132865,-0.533296
729,-3.136953,0.537971,4.465627,0.136611,-0.176600,-0.974756
730,-3.136663,0.461143,4.464193,-0.876989,-0.480041,0.021252
731,-3.060170,0.749549,4.465513,-0.408278,-0.018649,-0.912667
732,-3.062827,0.749427,4.471463,-0.951564,-0.043465,0.304364
733,-3.058733,0.747251,4.469677,0.642102,-0.716759,0.271961
734,-3.198677,0.653623,4.450533,0.657346,0.336373,-0.674351
735,-1.755350,1.148150,4.557307,0.019884,0.341083,-0.939823
736,-1.758547,1.145493,4.560723,-0.937971,-0.169059,0.302703
737,-1.753997,1.149600,4.562310,0.079327,0.749622,0.657096
738,-1.753707,1.145037,4.560660,0.662254,-0.748329,0.037740
739,-1.948230,0.248142,4.566850,-0.687883,0.715027,-0.124712
740,-2.754253,1.454377,4.475087,-0.753039,-0.638578,-0.158588
741,-3.205210,0.772567,4.454430,-0.528481,0.825030,-0.200082
742,-3.206483,1.062570,4.448470,-0.752674,-0.657982,0.023261
743,-3.200650,0.857416,4.449990,0.643133,0.030976,0.765128
744,-2.821423,0.500408,4.506997,0.590803,0.064117,0.804264
745,-2.733083,0.457353,4.501010,0.096639,0.517823,-0.850012
746,-2.730797,0.455216,4.505150,0.762545,-0.605565,0.227633
747,-2.735713,0.455438,4.504727,-0.782520,-0.611639,0.116446
748,-3.134990,0.539970,4.469883,0.700825,0.654033,0.284754
749,-2.973423,0.845605,4.469960,0.548761,-0.835779,-0.018280
750,-2.763610,0.269323,4.498767,0.394905,0.836149,-0.380663
751,-3.133687,0.463225,4.460807,0.140887,0.757466,-0.637493
752,-3.133560,0.463287,4.467427,0.164528,0.769147,0.617530
753,-3.131950,0.460199,4.464113,0.570712,-0.821144,-0.003271
754,-3.203240,0.158589,4.466890,-0.432723,0.886444,0.164217
755,-3.049763,0.048133,4.480103,0.428077,0.600145,-0.675705
756,-2.253530,0.345736,4.539493,0.108008,-0.836651,-0.536981
757,-2.760250,0.255445,4.505487,-0.180253,-0.882242,-0.434922
758,-2.865380,0.057959,4.495917,-0.776872,0.617476,-0.123261
759,-2.766293,0.262278,4.506097,-0.300022,-0.024798,0.953610
760,-0.672169,-0.079622,1.446563,0.606808,-0.078706,-0.790942
761,-2.834370,0.249781,4.499477,0.276934,0.078738,0.957657
762,-2.834950,0.235141,4.503877,0.704947,0.368456,0.606044
763,-2.831710,0.249982,4.493823,0.936261,0.051318,-0.347538
764,-2.753033,0.262089,4.506920,0.242889,0.486089,0.839477
765,-1.665950,-0.037033,4.536503,-0.922100,-0.350987,0.162912
766,-2.251380,0.349093,4.542517,0.700489,0.711578,-0.054512
767,-2.442050,0.638231,4.517027,-0.173219,-0.822394,-0.541907
768,-2.837803,0.230872,4.502983,-0.926370,-0.197199,0.320859
769,-2.829857,0.218769,4.503960,-0.027786,-0.978714,0.203341
770,-2.816887,0.072342,4.503767,0.936994,0.190321,0.292952
771,-2.833000,0.165442,4.503457,0.810383,-0.572008,0.126831
772,-2.147280,0.151309,4.562483,0.285540,0.163465,0.944323
773,-1.652260,0.051046,4.582403,-0.694334,0.703720,0.150593
774,-1.453340,0.247806,4.596057,-0.075512,0.860996,-0.502974
775,-1.490510,0.245968,4.600820,0.090266,-0.147990,-0.984861
776,-1.493647,0.246114,4.604450,-0.093286,0.837699,0.538106
777,-0.444506,0.255572,4.666270,-0.670209,0.741351,0.034914
778,-1.364703,0.022251,4.591330,0.718514,-0.122755,-0.684594
779,-0.740512,-0.069619,1.832643,0.914094,0.053122,0.402009
780,-0.553466,-0.077988,1.552487,-0.252378,-0.440065,-0.861770
781,-0.540612,-0.070110,1.629207,0.005721,0.564339,-0.825523
782,-0.540470,-0.076751,1.629550,0.031391,-0.645640,-0.762997
783,-0.543037,-0.073355,1.631853,-0.746467,0.018502,0.665165
784,-0.538236,-0.073248,1.631960,0.703955,0.051603,0.708367
785,-0.742612,-0.065518,2.112430,0.011854,-0.465379,-0.885032
786,-0.742342,-0.058994,2.113630,0.062071,0.746758,-0.662193
787,-0.744893,-0.062609,2.115497,-0.751469,-0.089070,0.653728
788,-0.843497,-0.065357,1.929920,-0.814375,0.579069,0.038382
789,-0.743442,-0.073128,1.831237,-0.242639,-0.616638,-0.748922
790,-0.743773,-0.066474,1.831110,-0.301231,0.560692,-0.771287
791,-0.744956,-0.069810,1.834240,-0.428806,-0.004134,0.903387
792,-0.858006,-0.072778,1.649290,-0.239277,0.764968,-0.597972
793,-0.564220,-0.067163,1.924023,0.732160,0.058826,0.678588
794,0.207385,0.433975,2.913913,-0.112208,-0.992640,-0.045548
795,0.151283,0.455835,3.516103,-0.598076,-0.258585,-0.758577
796,0.112724,0.539311,4.462880,0.617612,0.200122,-0.760597
797,0.341738,-0.090914,0.544384,0.048387,0.514328,-0.856228
798,-0.661006,-0.079405,1.538813,0.012144,-0.641979,-0.766626
799,-0.741318,-0.060784,2.242667,-0.288433,-0.139162,-0.947333
800,-0.345273,-0.088151,0.947814,0.566345,0.824146,0.006072
801,-0.344903,-0.093940,0.947275,0.682725,-0.726129,-0.081380
802,-0.348895,-0.091175,0.944405,-0.445711,0.054712,-0.893503
803,-0.348583,-0.091425,0.949265,-0.629952,-0.111949,0.768523
804,-0.738488,-0.079418,1.541980,0.905987,-0.305721,0.292785
805,-0.836984,-0.060696,2.279640,0.887779,0.341331,-0.308776
806,-0.774492,-0.020268,4.586240,0.760271,-0.355274,-0.543846
807,-0.031406,0.613192,4.688720,-0.209154,-0.977669,0.020418
808,0.454387,0.653173,2.819517,-0.608060,0.793854,0.007602
809,0.456799,0.650502,2.822810,0.802401,-0.049540,0.594725
810,0.456710,0.650497,2.816160,0.785859,-0.050214,-0.616364
811,0.454091,0.648459,2.819523,-0.748588,-0.662950,0.010592
812,0.442462,-0.062782,1.750650,-0.940913,0.058971,0.333475
813,0.445572,-0.066317,1.749437,0.639437,-0.690346,0.338442
814,0.444764,-0.062678,1.746513,-0.265928,0.095318,-0.959269
815,-0.854289,-0.010113,4.611220,0.737564,0.459344,0.494977
816,-0.451008,0.355312,4.666603,-0.649765,-0.746387,-0.143914
817,-0.458606,0.035355,4.654793,0.351339,-0.650481,0.673376
818,-0.629956,-0.023464,4.583910,0.200035,0.702507,0.682986
819,-0.630178,-0.023937,4.578883,0.472686,0.038318,-0.880398
820,-0.633798,-0.025693,4.581750,-0.998405,0.039392,0.040449
821,-0.654913,0.172002,4.650610,0.313075,0.625790,-0.714402
822,-0.655907,0.173270,4.657043,0.126979,0.863433,0.488221
823,-0.653723,0.169510,4.654707,0.542030,-0.804625,0.242450
824,-0.658250,0.170706,4.653770,-0.874627,-0.483152,-0.039903
825,-0.460811,0.035732,4.649587,-0.353770,-0.568895,-0.742432
826,-0.456572,0.039288,4.650810,0.870465,0.353012,-0.343037
827,-0.460882,0.039176,4.652950,-0.660845,0.674669,0.328794
828,-0.268118,0.852745,4.696773,-0.809564,0.571832,-0.132720
829,-0.375645,0.144676,4.674470,-0.247954,-0.071702,-0.966115
830,-1.284710,0.716357,4.594327,-0.577920,0.792919,-0.193103
831,-1.283043,0.712465,4.597950,-0.205743,-0.355089,0.911911
832,-1.283123,0.711114,4.592643,-0.267356,-0.715464,-0.645470
833,-0.330462,0.960931,4.689950,0.641849,-0.264042,-0.719939
834,-1.272240,0.726658,4.598160,-0.594123,0.781617,-0.189983
835,-1.262833,0.728179,4.602610,0.730627,-0.232445,-0.641992
836,-0.762170,0.345361,4.646563,0.349619,-0.706442,0.615391
837,-0.762100,0.345207,4.639903,0.362161,-0.733713,-0.574895
838,-0.765263,0.346490,4.643173,-0.947897,0.318107,-0.017303
839,-1.031243,0.552149,4.620563,0.583622,-0.811230,0.035939
840,-1.146340,0.539607,4.609650,-0.017968,-0.795244,-0.606023
841,-1.146963,0.539971,4.616113,-0.148215,-0.719316,0.678688
842,-1.148570,0.542759,4.612503,-0.599442,0.793821,-0.102558
843,-1.143457,0.542224,4.613053,0.836022,0.546429,0.049825
844,-0.374334,0.147801,4.678427,0.174328,0.934910,0.309116
845,-0.373226,0.142890,4.678507,0.773572,-0.596224,0.214717
846,0.099713,1.348473,4.224147,0.520730,0.066421,-0.851134
847,-0.271524,1.145607,4.687330,-0.622549,0.612221,-0.487461
848,0.243618,0.657355,2.797880,0.395036,0.755168,-0.523133
849,0.233600,0.654567,2.795670,-0.918487,0.223275,-0.326389
850,0.241242,0.656168,2.803753,-0.317964,0.507762,0.800673
851,-0.870081,1.140637,4.647543,-0.124806,-0.956102,-0.265127
852,-0.239079,0.156690,4.686667,0.801251,-0.598190,-0.012883
853,-0.251501,0.840010,4.703803,0.272492,0.123733,0.954169
854,-2.652980,1.455967,4.482800,0.567949,-0.814176,0.120632
855,-0.652324,0.276153,4.651273,0.780977,-0.596964,0.183598
856,0.126865,0.390541,4.246810,0.104117,0.984489,-0.141211
857,-0.260137,0.541424,4.671350,0.129865,-0.764768,-0.631082
858,-0.259824,0.541300,4.677987,0.187113,-0.787660,0.587009
859,-0.262969,0.543357,4.674847,-0.871650,0.487554,0.050175
860,-0.133279,0.193060,4.691373,0.801209,-0.384240,0.458719
861,0.112749,1.340560,4.233710,0.729132,0.253261,-0.635787
862,-0.048762,0.054390,4.685237,0.453536,-0.889889,-0.049024
863,-0.497554,-0.025443,4.516863,-0.715203,-0.373971,-0.590449
864,-0.538294,0.663660,4.652073,-0.359787,0.915292,0.181088
865,0.553769,0.646621,2.820027,0.819423,-0.024911,-0.572647
866,0.553503,0.646466,2.826670,0.771064,-0.053277,0.634524
867,0.550999,0.644162,2.823187,-0.695213,-0.717418,-0.044611
868,0.551226,0.648881,2.823307,-0.669817,0.742466,-0.009459
869,-1.147770,0.452836,4.619760,0.034532,0.807535,0.588808
870,-1.147153,0.452765,4.613127,0.144051,0.795064,-0.589170
871,-1.145467,0.450119,4.616657,0.623125,-0.779310,0.066270
872,-0.548682,0.039398,4.652403,0.443029,-0.886049,-0.136536
873,-0.495782,-0.024961,4.522360,-0.172909,-0.428990,0.886606
874,-0.495712,-0.020646,4.519543,-0.150189,0.987918,-0.038236
875,-0.492548,-0.024629,4.518233,0.937380,-0.200842,-0.284573
876,-3.204120,0.153218,4.467503,-0.641814,-0.696168,0.321596
877,-0.420611,-0.008898,4.636370,-0.207910,0.733181,-0.647471
878,0.089537,0.158401,4.695780,0.768017,0.624354,0.142589
879,-0.366427,-0.013675,4.640617,0.554899,-0.674151,-0.487450
880,-0.757939,0.033615,4.634310,-0.234949,0.905119,0.354343
881,-3.066353,0.286036,4.470887,-0.369658,-0.929085,0.012410
882,-0.855332,0.563378,4.634360,0.704873,-0.707917,0.044802
883,-1.454117,0.237224,4.596573,0.027362,-0.850184,-0.525774
884,-0.975225,0.360403,4.631923,-0.839738,-0.056067,0.540090
885,-1.353043,0.346420,4.608797,-0.648354,0.576920,0.496790
886,-1.154443,0.346759,4.615523,-0.844522,0.121686,-0.521512
887,-1.150747,0.343199,4.617243,0.446665,-0.849892,-0.279597
888,-1.150670,0.347860,4.618207,0.695124,0.718865,-0.005954
889,-1.855467,0.239302,4.581790,-0.111915,-0.769823,0.628369
890,-1.384150,0.376614,4.598603,-0.944987,-0.268239,-0.187209
891,-1.140347,0.731703,4.623470,0.979961,0.149037,0.132152
892,-0.917662,-0.011437,4.603083,-0.727948,0.341556,0.594501
893,-1.051293,0.344206,4.627900,-0.910132,0.346929,0.226495
894,-1.046237,0.343337,4.629597,0.691365,0.373954,0.618202
895,-0.537532,0.170074,4.668623,0.768783,0.294080,0.567882
896,-0.540227,0.165094,4.666460,-0.082026,-0.940564,0.329563
897,-0.538876,0.168224,4.663010,0.399181,0.174977,-0.900021
898,-0.542069,0.169742,4.666547,-0.888996,0.453509,0.063362
899,0.154133,0.551109,3.485437,-0.859981,-0.510216,-0.010622
900,-0.776080,0.152370,4.648423,-0.135439,-0.437696,0.888864
901,-0.356882,0.372853,4.671177,0.943132,-0.174630,-0.282853
902,-0.445809,0.128072,4.672670,-0.654357,0.742167,0.144930
903,-0.357576,0.046012,4.666543,-0.155629,0.908599,0.387591
904,-0.567420,0.236833,4.655600,0.268939,-0.757607,-0.594730
905,-0.029628,-0.019307,4.646160,-0.598258,0.097784,-0.795314
906,-0.445748,0.123403,4.671563,-0.684215,-0.701278,-0.200149
907,-0.950898,0.041902,4.620003,-0.155385,-0.208019,-0.965704
908,-0.275760,-0.020992,4.624350,0.368158,0.926166,0.081711
909,-0.565855,0.240411,4.658897,0.618083,0.785731,0.024484
910,-0.568022,0.237104,4.662130,0.150430,-0.704695,0.693380
911,-0.361672,0.371924,4.671050,-0.587714,-0.803706,-0.092993
912,-0.421935,-0.014307,4.637687,-0.575379,-0.767817,-0.281772
913,-0.421221,-0.010445,4.641830,-0.375094,0.304924,0.875401
914,-0.417546,-0.012085,4.638793,0.972814,-0.227329,0.044222
915,-0.769441,-0.020760,4.597953,0.774814,-0.613073,-0.154287
916,-0.356860,0.044151,4.662137,-0.378770,-0.280080,-0.882093
917,-0.344144,0.258461,4.677053,0.767564,0.630968,0.112805
918,0.109307,0.536715,4.465010,-0.061521,-0.910928,0.407952
919,-0.655188,0.279977,4.653433,-0.038030,0.837115,0.545703
920,-0.654820,0.278591,4.647360,0.047070,0.517800,-0.854206
921,-0.550909,0.041585,4.656017,-0.841253,0.123438,0.526361
922,-0.547253,0.043776,4.653660,0.851964,0.462658,0.245162
923,-0.549882,0.043084,4.649620,-0.653542,0.398057,-0.643765
924,0.101426,1.434577,4.235297,-0.164122,-0.572416,0.803370
925,-0.443284,0.124822,4.675427,0.750319,-0.143230,0.645373
926,-0.442972,0.126354,4.668990,0.809027,0.145503,-0.569478
927,-0.274924,-0.025889,4.621300,0.615476,-0.399500,-0.679403
928,-0.276030,-0.025955,4.627023,0.292315,-0.469153,0.833335
929,-0.278956,-0.024481,4.623507,-0.980562,-0.049001,-0.189991
930,0.051792,0.232970,4.705070,-0.286941,-0.931201,0.224789
931,0.056218,0.241611,4.703343,0.875342,0.160290,0.456163
932,0.052819,0.241847,4.699980,-0.127991,-0.130874,-0.983102
933,0.104053,0.231571,4.649693,0.505697,-0.830334,0.234126
934,-0.258593,0.069734,4.680753,-0.792271,-0.608027,-0.051088
935,0.127406,0.386510,4.244157,0.252686,-0.325367,-0.911200
936,-0.163371,0.246239,4.692013,0.032626,-0.612141,0.790076
937,-0.024484,-0.020145,4.647850,0.962235,0.018770,-0.271571
938,2.227890,0.350517,3.452723,-0.546196,0.701566,0.457685
939,2.233357,0.348863,3.451557,0.931342,0.197899,0.305675
940,2.229950,0.348834,3.447537,-0.150444,0.187481,-0.970679
941,2.229293,0.345689,3.451573,-0.241357,-0.947104,0.211522
942,-0.254008,0.069909,4.682900,0.626224,-0.129173,0.768868
943,-0.048068,0.059179,4.686423,0.735981,0.587170,0.336992
944,0.102912,0.235048,4.645990,0.462076,0.588034,-0.663854
945,1.162280,1.561927,4.844677,0.628305,-0.481840,-0.610788
946,1.161320,1.565683,4.847783,-0.073940,0.996915,-0.026339
947,1.161817,1.562063,4.851150,0.533822,-0.453695,0.713579
948,1.158123,1.561697,4.847640,-0.978478,-0.195543,-0.065907
949,0.071668,0.159825,4.707030,0.118791,0.157105,0.980411
950,0.077301,0.153181,4.702590,0.193042,-0.879430,0.435129
951,-0.253902,0.439536,4.679077,0.149771,0.819726,-0.552828
952,-0.028707,0.425613,4.691433,0.774879,-0.538581,-0.330897
953,-0.449369,0.648600,4.663047,0.738561,-0.149224,0.657464
954,-0.548895,0.445694,4.656577,0.748795,0.662733,-0.009509
955,-0.551514,0.443521,4.659940,-0.052596,-0.771903,0.633561
956,-0.553640,0.445873,4.656400,-0.684173,0.726571,-0.063262
957,-0.255569,0.834651,4.695607,-0.442707,-0.827891,-0.344395
958,0.066417,0.349289,4.696197,-0.170225,-0.870041,0.462658
959,0.067911,0.548851,4.686077,0.794062,0.601655,-0.086471
960,0.066366,0.543697,4.687543,0.325179,-0.909847,0.257754
961,0.063737,0.546540,4.683183,-0.380654,-0.145766,-0.913157
962,0.063323,0.547801,4.688157,-0.659987,0.381845,0.647002
963,-0.254728,0.071271,4.677863,0.425047,-0.096287,-0.900035
964,0.109960,0.390228,4.498163,0.077119,0.684811,-0.724628
965,0.118109,0.345289,4.320083,0.366675,0.256566,-0.894273
966,0.119716,0.343162,4.324350,0.359526,-0.814233,0.455814
967,0.113633,0.344524,4.322247,-0.836521,-0.546272,0.042657
968,-0.639524,0.451678,4.648290,0.888717,-0.226649,-0.398513
969,-1.651477,0.952792,4.563433,-0.558756,0.826545,-0.067934
970,-1.649770,0.949421,4.560383,-0.214813,-0.828902,-0.516504
971,-1.649597,0.950082,4.567000,-0.183756,-0.709060,0.680785
972,-1.646907,0.951607,4.563433,0.861726,0.502134,-0.072737
973,0.011450,-0.014587,4.668870,0.651230,-0.729691,-0.208449
974,0.007808,-0.013517,4.672293,-0.867257,-0.276479,0.414034
975,0.009088,-0.010721,4.666503,-0.612364,0.280508,-0.739139
976,0.011022,-0.010244,4.670873,0.613200,0.649727,0.449268
977,0.047956,0.262300,4.699083,0.197869,0.966675,0.162442
978,-0.146181,0.726507,4.698520,0.340539,-0.596866,0.726487
979,-0.450933,0.756842,4.679950,0.890527,-0.444883,-0.095083
980,-0.141673,0.439082,4.691017,0.181832,0.815902,0.548854
981,-0.031603,0.427855,4.694427,-0.107124,0.031317,0.993752
982,-0.127355,0.070785,4.686010,-0.904730,-0.421547,-0.061328
983,-0.148816,-0.089276,0.943793,-0.726970,0.015913,-0.686485
984,0.113190,-0.011837,4.651280,-0.878932,-0.434218,-0.197317
985,-0.943601,0.232108,4.630160,-0.187766,-0.745308,-0.639735
986,-0.944306,0.231967,4.636777,-0.314806,-0.770605,0.554135
987,-0.945471,0.235182,4.633373,-0.475827,0.878955,-0.032033
988,-0.940971,0.233665,4.633820,0.894499,0.434689,0.104482
989,-0.565881,0.351043,4.651213,-0.799333,0.360362,-0.480838
990,0.076215,0.161055,4.696560,-0.598265,0.027947,-0.800811
991,0.064469,0.159598,4.700900,-0.086663,0.501683,-0.860699
992,0.046890,0.253627,4.696907,0.272333,-0.320770,-0.907161
993,0.070663,0.353239,4.695687,0.976486,0.155860,0.148937
994,-0.455619,0.755577,4.679667,-0.520432,-0.834371,-0.181592
995,-0.156767,0.595633,4.681957,-0.973895,0.201931,0.103693
996,-0.150607,0.718186,4.687690,-0.024297,-0.977035,-0.211688
997,0.091195,0.152828,4.681953,0.784188,0.557673,-0.272120
998,0.086414,0.151479,4.682340,-0.866220,0.190962,-0.461731
999,0.048212,0.704524,4.681893,0.831549,0.220267,-0.509910
1000,0.046309,0.701501,4.686467,0.339397,-0.551957,0.761678
1001,0.043425,0.701254,4.681657,-0.485100,-0.622962,-0.613674
1002,0.044003,0.705358,4.684373,-0.549663,0.783705,0.289270
1003,0.077110,1.261603,4.163427,0.878352,-0.370884,0.301568
1004,-0.860191,0.246135,4.641790,-0.852014,0.053336,0.520794
1005,-0.788867,1.244157,4.648600,0.601310,-0.788102,-0.131614
1006,-0.792121,1.246603,4.652260,-0.492725,-0.083487,0.866171
1007,-0.793136,1.246803,4.646427,-0.757181,-0.031103,-0.652465
1008,-0.789298,1.249327,4.648853,0.550211,0.832320,-0.067169
1009,0.118952,0.532454,4.332813,0.226312,-0.006566,-0.974033
1010,-0.047863,0.237748,4.696803,-0.371506,-0.044569,0.927360
1011,0.043754,0.753776,4.718447,-0.607969,0.745687,0.272626
1012,0.106376,0.387910,4.500387,-0.755910,-0.005457,0.654653
1013,0.106200,0.539958,4.463340,-0.666263,0.327290,-0.670056
1014,-0.252089,0.436636,4.682460,0.637035,-0.770478,0.023432
1015,0.100260,1.439187,4.233537,0.016827,0.997824,-0.063757
1016,-1.457960,2.259690,4.586573,-0.380297,0.137243,-0.914625
1017,-1.459750,2.258547,4.592137,-0.841036,-0.156362,0.517889
1018,-1.455343,2.257407,4.590133,0.688045,-0.721987,0.073001
1019,-0.447161,0.816086,4.682353,-0.687813,0.630789,-0.359192
1020,-1.522730,1.117253,4.608077,0.889212,0.135859,0.436857
1021,1.255533,1.942543,4.828220,-0.135558,-0.915224,0.379459
1022,-0.749481,0.753815,4.661280,-0.667389,-0.706695,-0.234891
1023,1.568510,0.109286,2.846843,0.359541,-0.369177,-0.856994
1024,-0.454194,0.460111,4.661797,0.719323,0.693053,-0.047449
1025,-0.864528,0.162956,4.634773,0.054432,0.723720,-0.687944
1026,-0.746068,0.250700,4.646830,0.654780,0.655710,0.375909
1027,-0.748286,0.248936,4.642067,-0.124455,0.192343,-0.973404
1028,-0.751355,0.249067,4.647183,-0.912372,0.226448,0.341025
1029,-0.747543,0.245899,4.646070,0.301311,-0.931309,0.204632
1030,-0.666926,0.330944,4.649707,-0.449392,0.891823,0.051949
1031,-0.645229,0.449977,4.648100,-0.520502,-0.793209,-0.316065
1032,-0.644254,0.455167,4.647323,-0.220651,0.802075,-0.554968
1033,-0.643068,0.452797,4.651317,-0.081171,0.162413,0.983378
1034,1.067100,1.956440,4.815240,-0.222794,0.920263,0.321683
1035,-0.913372,1.166417,4.640430,-0.441189,0.894249,-0.075302
1036,-0.949433,0.551618,4.630617,0.717043,0.147589,0.681224
1037,-1.540857,0.896699,4.608507,-0.882626,-0.312766,0.350925
1038,-0.976623,0.632338,4.620557,0.211884,0.837673,-0.503397
1039,-0.950585,0.454949,4.624040,0.716563,-0.556661,-0.420316
1040,-1.533713,0.888449,4.603663,-0.141364,-0.223958,-0.964292
1041,-1.532190,0.898147,4.603577,0.164489,0.216722,-0.962276
1042,-1.144487,0.734210,4.624180,-0.593747,0.788470,0.160561
1043,-1.051873,0.041384,4.616293,-0.992012,-0.004868,0.126053
1044,-0.835962,0.334920,4.638817,-0.679166,-0.730556,0.070865
1045,-0.659844,0.631440,4.647793,0.059592,-0.154863,0.986137
1046,-0.556658,0.544321,4.656450,-0.861089,0.508416,-0.006182
1047,0.076469,1.338783,4.120447,0.390618,0.042638,-0.919565
1048,0.077705,1.337217,4.125453,0.494223,-0.659178,0.566770
1049,0.071887,1.337540,4.122997,-0.809858,-0.586395,0.016433
1050,0.074909,1.341050,4.124443,-0.080787,0.945390,0.315771
1051,-0.454547,0.455179,4.662183,0.349309,-0.927816,0.130923
1052,-0.265503,1.060373,4.687753,0.865095,0.455644,0.209763
1053,-0.269036,1.059673,4.683667,-0.389448,0.402591,-0.828402
1054,-0.270513,1.059670,4.689767,-0.725761,0.401659,0.558516
1055,-0.268173,1.056453,4.687103,0.153348,-0.987494,0.036599
1056,-0.244465,-0.089762,0.941211,0.753855,0.032015,0.656261
1057,0.101778,0.640220,4.642973,-0.955394,0.185481,-0.229823
1058,1.956487,1.842847,4.796353,0.259367,-0.541783,-0.799499
1059,0.550678,0.343478,2.827820,0.159544,-0.840723,-0.517427
1060,-0.795673,1.329377,4.660287,0.890648,-0.230745,0.391793
1061,0.085448,1.414527,4.206653,0.392746,-0.892855,0.220365
1062,0.207522,-0.057983,1.862947,-0.360937,0.608179,-0.706996
1063,-1.054583,0.722077,4.635160,-0.719623,0.312091,0.620276
1064,1.250583,1.749953,4.835550,0.486663,0.873559,0.007344
1065,1.249260,1.746583,4.838817,0.284288,-0.773201,0.566869
1066,1.248863,1.746860,4.832193,0.210899,-0.721795,-0.659192
1067,1.246003,1.748423,4.835760,-0.902775,0.424082,0.071781
1068,-1.527547,1.115483,4.609213,-0.534954,-0.729367,0.426436
1069,-1.524770,1.116013,4.603397,0.042682,-0.619512,-0.783826
1070,-1.526703,1.119160,4.606353,-0.361845,0.928060,-0.088169
1071,1.108880,-0.052866,1.597727,0.988454,-0.068090,-0.135358
1072,-0.658310,0.629414,4.643487,0.096545,-0.774291,-0.625422
1073,-0.972056,0.358013,4.629033,0.732841,-0.671241,0.111262
1074,-0.974574,0.360020,4.625327,-0.718895,-0.126941,-0.683430
1075,-0.972583,0.362755,4.628707,0.610232,0.792093,0.014344
1076,0.156887,0.641102,3.483467,-0.302699,0.202971,0.931223
1077,0.155204,0.638670,3.479003,-0.503136,-0.774941,-0.382518
1078,0.161259,0.639595,3.480770,0.819497,-0.573074,0.003353
1079,0.157950,0.642597,3.479040,0.006200,0.877078,-0.480309
1080,-0.860093,0.563438,4.634117,-0.732458,-0.680169,-0.029594
1081,-0.857820,0.565918,4.637537,-0.019688,0.810049,0.586032
1082,-0.857477,0.565838,4.630887,0.040970,0.795735,-0.604258
1083,-0.653581,0.551318,4.649877,-0.825296,-0.564674,-0.005505
1084,-0.650358,0.552787,4.646617,0.829246,-0.241741,-0.503897
1085,-0.650909,0.553528,4.653213,0.731135,-0.109792,0.673340
1086,-0.652504,0.555896,4.649453,-0.523208,0.840931,-0.138163
1087,-2.047333,0.947405,4.547040,0.738533,-0.673738,-0.025432
1088,-0.833535,0.337654,4.641893,0.714655,0.135158,0.686294
1089,-0.948728,0.551222,4.624020,0.845896,0.075017,-0.528046
1090,-0.850820,0.762501,4.651550,-0.094463,0.858440,-0.504141
1091,-0.956501,0.455936,4.623710,-0.795086,-0.499164,-0.344491
1092,-0.953503,0.460140,4.623253,0.169949,0.854054,-0.491639
1093,-0.953415,0.457306,4.627157,-0.033335,0.131396,0.990769
1094,-0.761420,0.626832,4.641143,0.344684,0.932984,0.103608
1095,-0.909487,1.067233,4.642383,-0.649127,0.758396,0.058899
1096,-0.329945,0.960978,4.696380,0.691752,-0.322987,0.645878
1097,-0.981617,0.628094,4.619687,-0.742430,0.026776,-0.669389
1098,-0.979597,0.630033,4.623763,-0.192220,0.025080,0.981031
1099,-0.976868,0.627462,4.620633,0.642286,-0.765101,0.045705
1100,-0.909632,0.881328,4.645847,0.379016,0.268107,-0.885701
1101,-0.250535,0.770599,4.701730,0.757377,0.116751,0.642456
1102,-0.252162,0.771889,4.695920,0.280822,0.541083,-0.792697
1103,-0.257394,0.774095,4.701687,-0.547328,0.771380,0.324661
1104,-0.758516,0.449229,4.641663,0.561180,-0.827679,0.004948
1105,-0.855609,0.249551,4.639853,0.425216,0.851332,0.307288
1106,-0.753928,0.030891,4.633907,0.976104,0.038713,0.213828
1107,-1.032937,-0.025202,4.580437,-0.716160,-0.449252,-0.534123
1108,-0.855825,0.244598,4.640007,0.626958,-0.768471,0.127970
1109,-0.862216,0.160370,4.638300,0.706702,-0.705135,0.057938
1110,-0.867076,0.160688,4.638250,-0.774018,-0.631623,0.044144
1111,-0.771783,-0.010706,4.594243,-0.001392,0.929565,-0.368655
1112,-0.563559,0.348924,4.654797,-0.138270,-0.077466,0.987360
1113,0.123204,0.387352,4.246933,-0.832401,-0.378329,0.404939
1114,0.093236,1.363267,4.220457,0.506104,-0.081823,-0.858582
1115,0.093590,1.365413,4.225013,0.508959,0.218735,0.832536
1116,0.089064,1.365997,4.222290,-0.690020,0.673942,-0.263961
1117,-0.951268,0.548635,4.627253,-0.568999,-0.822259,-0.011392
1118,-0.951909,0.553383,4.626900,-0.779403,0.614898,-0.120130
1119,-0.760370,0.452137,4.638317,-0.736276,0.162733,-0.656823
1120,-0.760865,0.451841,4.644943,-0.826793,0.108224,0.551997
1121,-0.757715,0.453959,4.641937,0.792241,0.604095,0.086163
1122,0.129465,0.386959,4.248810,0.424628,-0.457308,0.781384
1123,-0.141447,0.438724,4.684367,0.221200,0.753067,-0.619646
1124,-0.361417,0.376406,4.669133,-0.141511,0.807683,-0.572383
1125,0.109280,0.454664,4.467550,-0.065469,-0.620898,0.781153
1126,0.106508,0.455672,4.462293,-0.759865,-0.368293,-0.535691
1127,0.111767,0.456074,4.463053,0.877938,-0.061650,-0.474789
1128,0.108469,0.459416,4.465433,-0.108649,0.964116,0.242231
1129,0.120706,0.530405,4.337770,0.626027,-0.656135,0.421398
1130,0.114896,0.530898,4.336417,-0.843534,-0.531247,0.078912
1131,-0.150405,0.594932,4.674433,0.605568,0.095573,-0.790034
1132,2.234087,0.651591,3.346063,0.008662,0.875165,0.483748
1133,-0.030826,0.431057,4.691033,0.160572,0.858195,-0.487563
1134,-0.034228,0.426296,4.690817,-0.790439,-0.344882,-0.506224
1135,-0.030294,0.616436,4.691960,0.655868,0.436177,0.616106
1136,-0.139838,0.435984,4.687907,0.523140,-0.849877,0.063505
1137,-0.348974,0.523039,4.669023,0.141248,-0.834973,-0.531855
1138,1.346913,0.139616,2.798990,0.519004,0.494786,-0.697009
1139,1.337890,0.144831,2.800253,0.263952,0.952171,-0.153946
1140,1.212963,-0.040734,2.330960,-0.250359,-0.932088,0.261786
1141,1.553163,0.738770,2.855537,0.467082,-0.879795,0.088290
1142,0.201137,0.600759,2.996790,-0.843242,0.504972,0.184244
1143,-0.649700,0.751278,4.667157,-0.472823,-0.845942,-0.246618
1144,0.043529,0.253659,4.700810,-0.971167,0.061542,0.230321
1145,-0.048723,0.552692,4.689000,-0.076164,0.041066,0.996249
1146,-0.045828,0.550499,4.685590,0.900748,-0.057275,-0.430550
1147,-0.050456,0.555177,4.685043,0.008791,0.844391,-0.535655
1148,-0.050678,0.550319,4.685227,-0.696019,-0.704708,-0.137636
1149,0.109865,0.541188,4.466640,0.112213,0.537842,0.835544
1150,0.100579,0.234795,4.650130,-0.282738,0.654267,0.701423
1151,0.112874,0.388370,4.501513,0.486299,0.082469,0.869892
1152,0.110248,0.385432,4.498457,0.157172,-0.799317,-0.579991
1153,-0.137872,0.737787,4.699710,0.818083,-0.375242,0.435813
1154,-0.344742,0.841479,4.696463,0.098136,-0.727851,0.678677
1155,-0.360059,0.374772,4.674670,-0.100948,0.396059,0.912659
1156,0.108454,0.677847,4.578777,-0.884211,0.262193,-0.386556
1157,-0.451306,0.360026,4.666780,-0.723683,0.684604,-0.087184
1158,-0.795872,1.095623,4.658500,0.961972,0.177158,0.207904
1159,-0.043250,0.752715,4.710480,0.016965,-0.840517,-0.541520
1160,-0.045239,0.754394,4.714723,-0.804198,0.236161,0.545430
1161,-0.042214,0.757554,4.709913,-0.187016,0.880371,-0.435858
1162,-0.856570,1.339223,4.647717,0.086537,-0.968905,0.231806
1163,-0.854877,1.344457,4.649603,0.570499,0.430575,0.699383
1164,-0.858707,1.343457,4.646853,-0.939653,0.332739,-0.079606
1165,-0.798769,1.329253,4.655897,-0.063638,-0.269901,-0.960783
1166,-0.799482,1.332767,4.659587,-0.196130,0.974279,0.110962
1167,-0.859788,1.055367,4.652323,0.930588,0.356167,0.084557
1168,-0.866391,1.444430,4.645287,-0.251232,0.825896,0.504755
1169,-1.520963,1.210410,4.602543,-0.935896,0.074762,-0.344253
1170,-1.516537,1.209667,4.600657,0.639139,-0.680053,-0.359206
1171,-1.518793,1.210150,4.606897,0.229670,-0.592348,0.772253
1172,-1.517347,1.213233,4.603633,0.157472,0.987330,-0.019527
1173,-0.914399,1.357823,4.638910,-0.677541,-0.735485,-0.000323
1174,-1.656650,1.446023,4.562577,-0.930241,-0.006109,0.366898
1175,-1.143800,0.728738,4.625260,-0.344809,-0.734679,0.584256
1176,-1.179453,0.701430,4.600660,0.595023,0.019806,0.803465
1177,-0.328841,1.048143,4.687107,0.525465,0.009458,-0.850763
1178,-0.333223,1.045387,4.689823,-0.470375,-0.880911,-0.052374
1179,-0.333798,1.050647,4.689527,-0.612918,0.759427,-0.218182
1180,-0.330058,1.048513,4.691813,0.477284,0.101405,0.872878
1181,-0.645304,0.752417,4.668560,0.912118,-0.349954,0.213479
1182,-0.445433,0.810871,4.682500,-0.124042,-0.872347,-0.472890
1183,-1.954353,0.748121,4.556887,-0.812098,0.440316,0.382907
1184,0.110229,1.341897,4.238573,-0.010054,0.675948,0.736881
1185,0.115982,1.332287,4.241343,0.216474,-0.906926,0.361419
1186,-0.445343,0.813417,4.686800,-0.093846,-0.003102,0.995582
1187,-0.256793,0.437237,4.682077,-0.791426,-0.604038,-0.093711
1188,-1.338493,0.734520,4.605957,0.786227,0.469722,0.401508
1189,-1.453357,0.052266,4.599423,-0.855087,-0.338468,0.392766
1190,-1.448567,0.051934,4.598830,0.587289,0.225361,0.777370
1191,-1.642643,0.657002,4.576160,0.766595,0.062592,0.639073
1192,-0.909286,1.062270,4.642320,-0.634247,-0.771948,0.042754
1193,-1.868613,0.458097,4.562517,0.294037,-0.579496,-0.760083
1194,-1.349567,0.620198,4.593363,-0.262906,-0.273671,-0.925194
1195,-1.339083,0.619204,4.594813,0.525348,0.549426,-0.649723
1196,-1.753933,1.238757,4.562780,-0.164787,-0.836022,0.523366
1197,-1.754323,1.243243,4.560850,-0.633437,0.771708,0.056791
1198,-0.554078,0.832706,4.665090,0.727073,0.674208,-0.129650
1199,-0.652323,0.813833,4.670973,-0.585051,0.809542,0.048550
1200,-0.650323,0.810098,4.674070,-0.157316,-0.666362,0.728844
1201,-0.647716,0.812198,4.670473,0.912574,0.391839,-0.116921
1202,-1.364090,0.627176,4.592313,0.400389,-0.298120,-0.866494
1203,-1.346283,0.726111,4.603737,0.116238,-0.850058,0.513703
1204,-1.348617,0.717166,4.593670,-0.063292,-0.627598,0.775961
1205,-1.451890,0.756142,4.612043,0.622843,0.608223,0.492069
1206,-1.455220,0.756121,4.607820,-0.653978,0.530709,-0.539130
1207,-1.455667,0.752420,4.612960,-0.752015,-0.284872,0.594408
1208,-1.452663,0.752348,4.609247,0.570810,-0.689044,-0.446535
1209,-1.654313,1.242973,4.559373,0.666856,0.740994,0.078936
1210,-1.657040,1.240460,4.562407,-0.029260,-0.784887,0.618947
1211,-1.656017,1.240240,4.555827,0.151988,-0.823873,-0.546016
1212,-1.658960,1.242587,4.558663,-0.750018,0.646803,-0.138270
1213,-1.435323,0.623190,4.591953,0.827530,0.557170,-0.068965
1214,-1.177947,0.703064,4.594403,0.875292,0.323072,-0.359845
1215,0.073955,1.263710,4.160143,0.024608,0.663566,-0.747713
1216,-1.449027,0.713494,4.589233,-0.578553,-0.592467,-0.560588
1217,-0.840767,-0.059945,2.283877,-0.137890,0.413274,0.900106
1218,-0.906187,1.064687,4.645357,0.790708,0.024216,0.611715
1219,-0.906701,1.064750,4.638880,0.684534,0.037012,-0.728040
1220,-1.444983,0.454149,4.593780,-0.055259,0.989399,-0.134297
1221,-1.444547,0.450498,4.597517,0.354147,-0.313321,0.881141
1222,-1.447880,0.449750,4.593380,-0.942276,-0.287809,-0.171122
1223,-0.649529,0.754067,4.671000,-0.378999,0.644093,0.664458
1224,-1.534240,0.889384,4.614183,-0.720098,-0.362092,0.591903
1225,-1.538310,0.911947,4.609070,0.578103,0.672766,0.461718
1226,-1.745357,0.947238,4.564460,-0.718639,-0.693363,-0.052969
1227,-1.433513,0.449822,4.592457,0.487331,0.701842,-0.519544
1228,-1.436410,0.445423,4.592057,0.072885,-0.709053,-0.701378
1229,-1.366397,0.631124,4.595110,-0.518627,0.850529,-0.087326
1230,-0.861337,0.942013,4.654757,0.863052,-0.403485,0.303876
1231,-1.449547,0.717576,4.591927,-0.716957,0.646344,0.261174
1232,-1.445910,0.717232,4.588537,0.879559,0.334965,-0.337897
1233,-1.836403,0.542255,4.571110,-0.228412,0.892536,0.388855
1234,-1.438220,0.620727,4.588910,-0.144950,-0.809931,-0.568333
1235,-1.517970,1.070157,4.607077,0.047681,-0.992198,0.115192
1236,-2.442420,1.358453,4.505137,0.159643,0.715103,0.680546
1237,-1.661073,0.853630,4.567810,-0.412039,0.755380,-0.509534
1238,-1.746777,1.551217,4.551537,0.886780,-0.393147,-0.243014
1239,-1.750380,1.555390,4.548953,0.061430,0.800847,-0.595710
1240,-1.749480,1.553827,4.554767,-0.040333,0.500495,0.864799
1241,-1.751543,1.551357,4.551233,-0.733899,-0.675833,-0.068127
1242,-1.954960,1.346313,4.543513,-0.888241,0.392923,0.237991
1243,-2.538277,1.039287,4.498407,-0.029662,-0.101989,0.994343
1244,-2.547563,1.048700,4.503600,-0.197230,-0.843921,0.498896
1245,-1.846157,1.135577,4.559833,-0.710199,-0.702965,-0.038186
1246,-1.527097,0.881134,4.609340,0.357273,-0.919409,-0.164449
1247,-2.148190,1.255273,4.531603,0.674658,-0.737722,0.024535
1248,-2.043430,1.254420,4.539297,0.699074,-0.715047,0.001689
1249,-2.145470,1.456920,4.523653,0.625555,-0.748659,0.219523
1250,-3.048163,1.651497,4.440907,0.174354,-0.238255,-0.955424
1251,-1.954917,1.653977,4.524487,-0.826907,0.160342,-0.538994
1252,-2.048190,1.648587,4.531333,0.059617,-0.781131,0.621515
1253,-2.149387,1.354703,4.532200,-0.497061,0.800274,0.335397
1254,-2.143553,1.352557,4.532917,0.805839,0.320603,0.497832
1255,-2.146470,1.352403,4.528960,0.048956,-0.194064,-0.979767
1256,-2.148030,1.349627,4.533273,-0.361693,-0.882432,0.300820
1257,-2.252677,0.949248,4.530630,0.687653,-0.726025,0.004582
1258,-2.254890,0.952096,4.527297,0.087919,0.789007,-0.608061
1259,-2.254980,0.952053,4.533937,0.070688,0.781042,0.620464
1260,-2.257413,0.949727,4.530567,-0.781155,-0.624164,-0.014661
1261,-1.847383,1.441843,4.548587,-0.224033,-0.895331,-0.384957
1262,-2.239167,1.749203,4.506197,0.011808,0.982761,-0.184501
1263,-2.655860,2.242677,4.456477,-0.709539,0.103230,-0.697064
1264,-1.665743,2.243507,4.543787,-0.858340,-0.022268,0.512598
1265,-2.251653,1.154657,4.522530,0.864592,-0.023614,-0.501919
1266,-2.355413,1.727270,4.504227,-0.846290,-0.236244,0.477474
1267,-2.353620,1.736570,4.502603,0.557340,0.407163,0.723596
1268,-1.951247,1.342207,4.545700,0.024684,-0.768074,0.639886
1269,-2.453743,1.750083,4.484783,-0.140868,-0.854616,-0.499787
1270,1.026420,1.951377,4.769450,0.514191,0.803087,-0.301096
1271,1.022503,1.947603,4.767563,-0.557637,-0.210261,-0.803014
1272,1.022040,1.949893,4.772880,-0.680996,0.400253,0.613223
1273,1.025487,1.947067,4.771227,0.545253,-0.751585,0.371241
1274,-2.941333,1.747743,4.444597,0.732450,-0.168091,0.659744
1275,-1.574780,2.237990,4.562197,0.795005,-0.531097,0.293091
1276,-1.875760,2.351777,4.509630,-0.771133,0.112175,-0.626714
1277,-1.872433,2.347547,4.512293,0.220385,-0.958813,-0.179188
1278,-1.874497,2.350980,4.515447,-0.465441,0.179630,0.866659
1279,-1.871380,2.352367,4.511860,0.811137,0.576726,-0.097182
1280,-1.750697,1.849563,4.543447,0.913037,0.250245,0.322088
1281,-1.662887,2.340187,4.539130,-0.051296,0.727151,0.684559
1282,-1.659950,2.337600,4.536043,0.727950,-0.682542,0.065002
1283,-1.661830,2.340693,4.532617,0.149072,0.823118,-0.547955
1284,2.084070,2.583970,4.654790,0.965499,0.093334,0.243104
1285,-1.940970,2.344537,4.509050,-0.427201,-0.426356,-0.797320
1286,-1.993837,2.388213,4.493163,-0.683926,0.109497,-0.721288
1287,-1.947483,2.549117,4.506203,-0.162220,-0.374451,-0.912946
1288,-1.947447,2.547563,4.511837,-0.152651,-0.789851,0.593997
1289,-1.949477,2.552490,4.510177,-0.714381,0.673376,0.190326
1290,-1.944513,2.551250,4.509803,0.906066,0.409387,0.106987
1291,-2.262457,2.056487,4.497487,0.001011,0.687067,0.726593
1292,-2.325607,2.607910,4.479297,0.465819,0.614724,0.636496
1293,-2.045397,2.157503,4.512317,-0.575589,0.817163,-0.030686
1294,-2.234560,2.174723,4.502547,-0.295221,-0.954450,0.043235
1295,-2.348473,1.944513,4.493083,-0.118435,-0.445018,0.887656
1296,-2.449543,2.141660,4.475803,-0.944283,0.186542,-0.271165
1297,-2.445037,2.137820,4.473967,0.104707,-0.707674,-0.698737
1298,-2.444843,2.141997,4.476167,0.656074,0.753953,0.033499
1299,-1.953900,1.653780,4.530927,-0.657748,0.064285,0.750490
1300,-1.951287,1.655783,4.527513,0.790847,0.602686,-0.106444
1301,-1.952087,1.650750,4.527243,0.513087,-0.851640,-0.107007
1302,-1.846820,1.655633,4.540920,0.623181,0.781699,0.024334
1303,-2.352873,2.051663,4.487290,-0.662429,-0.735752,-0.140915
1304,-2.059383,2.049600,4.511917,-0.714606,0.196758,-0.671286
1305,-2.146247,1.749297,4.515740,-0.677651,0.699677,-0.226364
1306,-2.144400,1.747307,4.519793,0.637207,0.110359,0.762751
1307,-2.146053,1.744563,4.516263,-0.652250,-0.754457,-0.073243
1308,-2.282590,1.678363,4.497557,-0.956370,0.290988,0.026110
1309,-2.455930,2.051103,4.477770,-0.761394,-0.032189,-0.647489
1310,-3.051023,1.449757,4.452257,0.856016,-0.511932,-0.071849
1311,-3.053480,1.454777,4.449533,0.287226,0.650771,-0.702850
1312,-3.053610,1.453800,4.454943,0.011250,0.481065,0.876613
1313,-3.055537,1.451047,4.451607,-0.868508,-0.483723,-0.108196
1314,-2.213070,2.191657,4.498053,0.683828,-0.437730,-0.583756
1315,-2.222907,1.750813,4.502910,-0.423840,0.903583,0.062427
1316,-0.914142,1.362870,4.638803,-0.612356,0.789911,-0.032567
1317,-1.853633,1.850577,4.534877,0.586066,0.806536,0.077626
1318,-2.352467,0.853060,4.523863,-0.593992,0.799357,-0.090561
1319,-0.867954,1.438897,4.644410,-0.631292,-0.688279,0.357412
1320,-3.207367,0.946628,4.454740,0.928069,0.004228,0.372384
1321,-1.523773,1.436120,4.601427,0.691984,0.525467,-0.495017
1322,-1.524157,1.432590,4.605200,0.303402,-0.866586,0.396203
1323,-1.528520,1.434153,4.600760,-0.637281,-0.529403,-0.560004
1324,-1.527280,1.436537,4.605023,-0.374382,0.695823,0.612918
1325,-2.248487,1.452340,4.514210,-0.657741,-0.752335,-0.036997
1326,-2.834147,1.351820,4.465627,0.863271,-0.023830,-0.504178
1327,-3.053487,1.348510,4.456823,0.808996,0.174037,0.561460
1328,-3.054070,1.347253,4.450550,0.652462,-0.030925,-0.757190
1329,-3.056907,1.349890,4.453820,-0.783250,0.619588,-0.051284
1330,-3.056307,1.344757,4.454547,-0.521251,-0.826146,0.213962
1331,-2.364183,1.557877,4.502957,-0.682039,-0.398662,0.613100
1332,-1.659043,1.360740,4.554600,-0.138384,0.806739,-0.574475
1333,-1.658577,1.360320,4.561170,-0.049096,0.726063,0.685874
1334,-1.655817,1.358197,4.557523,0.864022,-0.494789,-0.093002
1335,-1.660493,1.357603,4.557817,-0.615280,-0.788280,-0.006689
1336,-2.648507,2.156650,4.466957,0.797765,-0.591177,0.118665
1337,-2.653217,2.156253,4.466503,-0.653286,-0.756894,-0.018162
1338,-2.545283,2.244860,4.477193,0.594003,0.804264,0.017874
1339,-2.547317,2.241957,4.480460,0.125590,-0.787073,0.603940
1340,-2.547130,2.241967,4.473807,0.159291,-0.785058,-0.598590
1341,-2.549990,2.244007,4.477060,-0.830595,0.556424,-0.022467
1342,-2.221910,2.187470,4.496920,-0.652454,0.421274,-0.629946
1343,-2.362703,2.147407,4.483923,-0.681352,-0.021952,0.731626
1344,-2.340790,1.849170,4.496753,0.714478,-0.009551,0.699592
1345,-2.652053,1.951963,4.467123,0.032172,0.833890,0.550993
1346,-2.651230,1.951630,4.460517,0.176096,0.775157,-0.606730
1347,-2.847193,2.347090,4.446273,-0.654513,0.755619,-0.025567
1348,-2.654300,1.949713,4.463597,-0.795146,-0.602515,-0.068693
1349,-2.344127,2.247687,4.477843,0.807605,-0.281388,-0.518262
1350,-2.952273,1.842147,4.439090,-0.203288,-0.843868,-0.496549
1351,-2.854610,1.851850,4.450533,-0.748532,0.662925,0.015176
1352,-2.545630,1.847693,4.483997,0.538965,-0.028096,0.841860
1353,-2.556897,1.452303,4.492890,-0.973911,-0.163100,-0.157782
1354,-2.453657,2.048777,4.481200,0.752615,-0.657625,0.033162
1355,-2.350143,1.947167,4.489263,-0.723774,0.666381,-0.179130
1356,-2.645510,1.355403,4.488657,0.909980,0.022799,0.414025
1357,-2.647743,1.355590,4.482700,0.415419,0.064856,-0.907315
1358,-2.649727,1.358117,4.486920,-0.565329,0.790169,0.236721
1359,-2.649490,1.353150,4.486673,-0.586306,-0.786223,0.195186
1360,-2.363397,2.148013,4.477437,-0.819667,0.100219,-0.564005
1361,-2.360403,2.144870,4.480130,0.543037,-0.828697,-0.135547
1362,-2.360107,2.149660,4.480550,0.730128,0.683164,-0.014147
1363,-2.259573,1.959327,4.497830,-0.546872,-0.835472,-0.054017
1364,-2.357897,2.354087,4.474413,0.020045,0.885127,-0.464918
1365,-2.357143,2.351837,4.479943,0.209739,0.323861,0.922564
1366,-2.354877,2.349387,4.475377,0.828242,-0.470558,-0.304285
1367,-2.359573,2.349950,4.476247,-0.825264,-0.553382,-0.112732
1368,-1.985883,2.394603,4.492977,0.388239,0.122865,-0.913332
1369,-2.015743,2.544257,4.506347,-0.164977,0.866141,0.471787
1370,-2.014707,2.538893,4.507213,0.257986,-0.694006,0.672160
1371,-2.017437,2.540567,4.503187,-0.804550,-0.243070,-0.541863
1372,-2.259593,2.141710,4.492550,-0.948233,0.289257,-0.131093
1373,-2.175380,2.353593,4.492487,0.564743,0.176354,-0.806204
1374,-1.662897,2.048087,4.541433,-0.958887,0.066217,-0.275955
1375,-1.659420,2.048327,4.545617,0.089812,0.137967,0.986356
1376,-1.657840,2.050467,4.540640,0.477434,0.760329,-0.440404
1377,-2.255037,2.338607,4.491490,0.734742,0.388189,0.556295
1378,-2.344873,2.247617,4.484453,0.671982,-0.294092,0.679669
1379,0.119398,0.443145,4.332657,0.436276,0.781407,-0.446168
1380,0.120196,0.440042,4.337723,0.433640,0.086973,0.896879
1381,-2.171823,2.147030,4.504863,-0.540431,0.413833,0.732582
1382,-2.340093,1.849547,4.490170,0.844806,0.060815,-0.531605
1383,-1.941110,2.344473,4.514533,-0.555363,-0.197235,0.807880
1384,-1.939713,2.349463,4.511117,-0.227580,0.973744,0.005436
1385,-1.937137,2.345417,4.511900,0.966526,-0.255649,0.021724
1386,0.204250,0.597000,2.996683,-0.034072,-0.984121,0.174197
1387,-1.125333,-0.075943,1.808117,0.469918,-0.516427,0.715877
1388,-1.126653,-0.070206,1.806827,0.142165,0.907535,0.395182
1389,-1.126330,-0.073955,1.803910,0.290870,-0.145705,-0.945603
1390,-2.345953,2.250847,4.481017,-0.365218,0.930392,-0.031402
1391,-2.347657,2.246400,4.480777,-0.903420,-0.415332,-0.106449
1392,-2.063063,2.250083,4.511937,-0.810729,0.584271,0.036686
1393,-2.059817,2.248557,4.508533,0.161365,-0.590822,-0.790500
1394,-2.060797,2.246800,4.514853,-0.021537,-0.919706,0.392016
1395,-2.058363,2.250310,4.512727,0.642640,0.706653,0.296067
1396,-1.127700,-0.083725,1.579477,-0.544839,-0.834088,0.086295
1397,-0.968781,-0.070643,1.863253,0.811808,0.059293,0.580906
1398,-0.495033,-0.062949,2.043283,-0.628704,0.284568,-0.723707
1399,-0.493802,-0.066290,2.046757,-0.206876,-0.860157,0.466189
1400,-0.493256,-0.060522,2.048550,-0.318663,0.624197,0.713324
1401,-0.490576,-0.062944,2.045270,0.945857,0.011267,-0.324389
1402,-1.454007,0.054174,4.593097,-0.930460,-0.175601,-0.321572
1403,-1.452520,0.065757,4.595303,-0.309014,0.406824,-0.859654
1404,-0.753475,-0.074342,1.750003,-0.596170,-0.053903,-0.801047
1405,-0.447405,-0.078887,1.460970,0.095383,-0.151802,0.983798
1406,-0.942470,-0.082356,1.365713,-0.270216,0.931817,0.242283
1407,-0.948163,-0.085790,1.468160,0.787820,-0.074094,0.611433
1408,-1.127407,-0.078382,1.580130,-0.567908,0.822209,0.038113
1409,-1.133893,-0.075952,1.636537,-0.193667,0.540069,-0.819035
1410,-1.213607,-0.075611,1.783503,-0.178277,-0.422355,-0.888726
1411,-1.123283,-0.080819,1.582603,0.522269,-0.131693,0.842551
1412,-0.750610,-0.089975,1.246760,-0.344580,-0.910875,-0.227093
1413,-1.068940,-0.077510,1.768157,-0.625570,-0.520870,0.580823
1414,-1.133647,-0.074396,2.086587,-0.860600,-0.393386,-0.323443
1415,-0.864709,-0.077922,1.565277,-0.759308,-0.029142,-0.650078
1416,-0.853057,-0.075630,1.651207,0.990997,0.056228,-0.121502
1417,-0.943898,-0.086581,1.362693,-0.511597,-0.343634,-0.787518
1418,-0.848564,-0.083805,1.469540,-0.212097,-0.564859,0.797464
1419,-0.950849,-0.082556,1.466017,-0.014998,0.999391,-0.031498
1420,-0.658806,-0.075933,1.541160,0.703834,0.042917,0.709067
1421,-0.752896,-0.084372,1.247867,-0.894208,0.445801,0.040674
1422,-0.941893,-0.087242,1.367470,-0.108038,-0.553655,0.825708
1423,-0.854867,-0.077234,1.726380,0.726276,-0.564661,0.392022
1424,-0.938230,-0.085346,1.364263,0.920009,-0.031668,-0.390616
1425,-0.840824,-0.089749,1.258960,-0.129342,-0.505500,0.853077
1426,-1.133573,-0.082585,1.636977,-0.135937,-0.659311,-0.739480
1427,-1.130853,-0.079002,1.638697,0.851055,0.075524,0.519616
1428,-1.135540,-0.079161,1.639700,-0.560242,0.027887,0.827859
1429,-1.245543,-0.074298,1.870360,0.645581,-0.583905,-0.492219
1430,-0.817532,-0.087070,1.156307,0.071426,0.957401,-0.279788
1431,-0.947703,-0.078972,1.582300,-0.033157,-0.999072,-0.027486
1432,-0.256501,-0.082238,1.467180,0.424141,-0.883070,0.200726
1433,0.061214,-0.102112,0.498237,0.656571,-0.559589,0.505742
1434,0.201444,0.742927,2.976527,0.966536,-0.124363,0.224369
1435,0.205220,0.741321,2.964690,0.880794,-0.086166,0.465594
1436,-0.949050,-0.085956,1.463287,-0.052821,-0.581876,-0.811560
1437,0.072201,1.263367,4.164830,-0.489357,0.440341,0.752748
1438,-0.748381,-0.085329,1.244853,0.521383,0.365022,-0.771310
1439,-0.748704,-0.086423,1.249730,0.563670,0.067336,0.823251
1440,-0.738577,-0.093609,1.063183,-0.500235,-0.235789,0.833168
1441,-1.031457,-0.083400,1.472350,0.782217,-0.009795,-0.622930
1442,-1.052877,-0.081307,1.547313,0.031397,-0.999492,0.005388
1443,-1.199843,-0.078517,1.670980,0.312545,-0.032239,-0.949356
1444,-1.123850,-0.080975,1.577520,0.544145,0.072332,-0.835868
1445,-1.033893,-0.086683,1.474733,-0.078753,-0.581533,0.809702
1446,-1.048907,-0.078382,1.638673,-0.428628,0.031777,-0.902922
1447,-1.033980,-0.080037,1.474520,-0.094560,0.629866,0.770927
1448,-1.131923,-0.069830,2.073853,-0.840298,-0.512091,-0.177941
1449,-1.212170,-0.070581,1.786073,0.062120,0.974207,-0.216937
1450,-1.209540,-0.074952,1.787623,0.881830,-0.388472,0.267331
1451,-1.214583,-0.074458,1.788400,-0.688830,-0.164043,0.706118
1452,-2.248903,1.746053,4.505310,-0.129534,-0.621085,0.772964
1453,-1.144817,-0.075646,1.736400,0.882211,0.045068,0.468693
1454,-1.247517,-0.072107,1.874463,0.016609,-0.100240,0.994825
1455,-0.354213,-0.060799,2.024633,0.824838,0.428918,-0.368337
1456,-1.250783,-0.072487,1.870630,-0.920598,-0.183794,-0.344557
1457,-1.123747,-0.066396,1.955930,0.664116,0.556601,-0.499144
1458,-1.069027,-0.065502,1.953640,-0.720751,0.678824,-0.140413
1459,-1.069320,-0.072086,1.953253,-0.777123,-0.591384,-0.215279
1460,-1.067123,-0.069069,1.956567,0.446317,-0.072265,0.891952
1461,-1.065990,-0.068841,1.951850,0.835530,-0.004958,-0.549422
1462,-0.755023,-0.068451,1.934897,-0.074943,-0.996929,0.022724
1463,-0.839038,-0.066857,1.926303,0.420762,0.341094,-0.840603
1464,-0.841786,-0.070869,1.928540,-0.423952,-0.892774,-0.152378
1465,-0.839306,-0.067553,1.931127,0.630223,0.001283,0.776413
1466,-0.957307,-0.067623,2.035190,0.265423,-0.444585,-0.855508
1467,-0.748720,-0.074027,1.750823,0.856991,-0.508326,0.084680
1468,-0.947678,-0.077065,1.762803,0.214578,-0.919364,-0.329738
1469,-0.820994,-0.068876,2.025613,0.771543,-0.562805,0.296603
1470,1.724437,0.141431,2.900993,-0.609596,-0.063149,0.790193
1471,1.719470,0.147099,2.891597,-0.878318,0.421093,-0.226361
1472,-0.956828,-0.066535,2.040027,0.669030,-0.129007,0.731954
1473,-1.044487,-0.078600,1.640323,0.910019,-0.033636,-0.413201
1474,-1.056030,-0.078021,1.545943,-0.876565,0.474701,-0.079329
1475,-0.958846,-0.062782,2.037450,-0.182269,0.962985,-0.198591
1476,-0.944972,-0.063030,2.146243,-0.776632,0.015036,-0.629775
1477,-0.357185,-0.062184,2.028303,-0.016969,0.058772,0.998127
1478,0.039147,0.052935,4.695410,-0.110114,0.389155,0.914567
1479,0.042082,0.052417,4.691070,0.950478,-0.123236,-0.285314
1480,0.037611,0.050110,4.691513,-0.410956,-0.895448,-0.171139
1481,-1.349957,-0.031294,4.559167,-0.156592,0.959619,-0.233690
1482,0.166223,0.250932,3.459053,-0.736782,0.239606,0.632250
1483,-0.207025,-0.110007,0.288706,0.647892,-0.631409,0.426096
1484,-0.541774,-0.088494,1.250467,0.780848,-0.614428,-0.112938
1485,-0.541751,-0.081861,1.250723,0.785172,0.615803,-0.065508
1486,-0.544050,-0.085279,1.253420,-0.557385,-0.030145,0.829707
1487,-0.544588,-0.085095,1.248700,-0.777375,0.027053,-0.628456
1488,-0.753808,-0.085834,1.149543,-0.782533,0.554422,0.283299
1489,0.059560,-0.064280,1.742737,-0.666375,0.004646,-0.745602
1490,0.151980,-0.094841,0.651353,0.085722,-0.192375,0.977570
1491,-0.746703,-0.075944,1.661860,-0.090865,-0.863024,0.496924
1492,0.520778,-0.086479,0.765595,0.246771,-0.092589,-0.964640
1493,0.517805,-0.089113,0.769671,-0.683905,-0.707839,0.176743
1494,0.518334,-0.083207,0.769239,-0.551086,0.824166,0.130598
1495,0.522000,-0.086437,0.770487,0.816939,-0.031210,0.575879
1496,0.202801,0.653660,3.015287,0.559742,-0.776220,0.290122
1497,-0.782350,-0.014883,4.590237,-0.515228,0.827015,-0.224914
1498,0.349226,-0.094189,0.643705,0.448755,-0.614027,-0.649300
1499,0.532679,0.826763,2.808313,-0.537783,-0.195939,0.819998
1500,0.233930,0.288346,2.802430,-0.662185,-0.520430,0.539133
1501,0.547425,-0.083897,0.846949,-0.615896,-0.036665,-0.786974
1502,0.349099,-0.076949,1.343620,0.196747,-0.429595,0.881328
1503,0.245929,-0.068568,1.718923,-0.000269,-0.698288,-0.715817
1504,-0.541804,-0.094299,1.039223,0.319412,-0.933357,-0.163769
1505,1.041650,-0.049902,1.739873,-0.508892,0.077171,-0.857365
1506,-0.551171,-0.095226,0.845662,0.776575,0.282055,0.563362
1507,-2.256170,2.140857,4.496393,0.428755,0.348341,0.833563
1508,0.765973,-0.054979,1.872997,0.103067,-0.572972,0.813068
1509,0.407551,-0.087968,0.589121,-0.173680,0.862252,0.475770
1510,0.336984,-0.090827,0.548999,-0.847482,0.530646,0.013748
1511,0.243572,-0.065146,1.721350,-0.681911,0.026786,0.730944
1512,0.227934,-0.100800,0.420473,0.344252,-0.030249,-0.938390
1513,-0.051084,-0.109222,0.240407,0.630385,0.048881,-0.774742
1514,-0.250902,-0.083917,1.043197,-0.808286,0.588695,0.010577
1515,0.250667,-0.101913,0.442131,0.393856,-0.816812,-0.421540
1516,-0.208855,-0.108454,0.283756,0.130903,-0.192717,-0.972484
1517,-0.122890,-0.111769,0.186332,0.182387,0.500808,-0.846124
1518,-0.054365,-0.097049,0.647076,-0.907682,-0.299062,-0.294406
1519,0.442768,-0.068631,1.561760,-0.357470,-0.070240,0.931280
1520,0.256657,-0.098160,0.452109,0.617726,0.181738,0.765105
1521,0.250193,-0.095544,0.441000,0.429633,0.729436,-0.532296
1522,0.346603,-0.091666,0.747220,-0.766488,-0.630743,-0.121079
1523,0.242414,-0.081165,1.046610,0.197847,0.578713,-0.791169
1524,0.350324,-0.086424,0.845166,0.767529,0.091035,0.634517
1525,-0.246760,-0.092928,0.745745,0.800775,0.594224,0.075212
1526,-1.662007,2.491167,4.513963,-0.677916,-0.733821,-0.044013
1527,0.922978,-0.062032,1.350560,0.721479,0.643869,0.254756
1528,0.448066,-0.087527,0.746409,-0.738547,-0.007114,0.674165
1529,0.429319,-0.088466,0.653639,-0.878644,0.289046,-0.380049
1530,0.247100,-0.080788,1.127833,0.612353,-0.035981,0.789765
1531,-0.857660,-0.078393,1.649513,-0.276873,-0.818643,-0.503155
1532,-0.857375,-0.075406,1.653220,-0.353338,0.015429,0.935369
1533,0.756533,-0.061397,1.455017,0.374097,0.608391,0.699937
1534,-0.641452,-0.062649,2.016050,0.141511,0.475048,-0.868507
1535,0.542354,0.826287,2.809767,0.504745,0.840280,0.197892
1536,0.800469,2.451983,4.669223,0.007745,0.990677,-0.136010
1537,-0.837542,-0.063956,2.129887,-0.177442,-0.318808,-0.931061
1538,0.465434,-0.054647,1.939230,0.881112,0.426421,-0.204468
1539,2.110533,0.905230,3.239507,-0.365709,-0.903620,0.222999
1540,1.651137,0.835638,2.870267,-0.648805,0.643329,0.406424
1541,1.140863,-0.039605,1.974997,-0.095544,0.636892,0.765009
1542,2.559987,1.627440,4.786430,-0.721019,-0.425731,-0.546704
1543,1.448707,0.547138,2.828887,-0.256613,-0.022191,-0.966259
1544,1.371493,0.737506,2.803610,0.054539,0.727070,-0.684394
1545,1.368303,0.731701,2.803150,-0.535612,-0.347403,-0.769695
1546,1.368597,0.735052,2.806733,-0.426415,0.163835,0.889567
1547,1.372507,0.733049,2.804917,0.800202,-0.469320,0.373385
1548,1.564287,0.111252,2.849537,-0.909924,0.397119,-0.119727
1549,1.567027,0.107529,2.852290,-0.026791,-0.826910,0.561696
1550,1.569217,0.112215,2.851190,0.580908,0.715090,0.388835
1551,0.345507,-0.086572,0.845498,-0.687274,0.045378,0.724980
1552,0.347656,-0.083450,0.842451,-0.074450,0.530145,-0.844632
1553,0.347904,-0.090057,0.843099,-0.028768,-0.688055,-0.725088
1554,1.375700,0.835219,2.824257,-0.284769,0.865216,0.412684
1555,1.549517,0.454333,2.860677,0.343699,0.870140,0.353169
1556,1.560337,0.060983,2.852977,0.859643,-0.280360,-0.427098
1557,2.248010,0.258002,3.260523,0.573492,0.814413,-0.088536
1558,2.244507,0.255247,3.258450,-0.069933,-0.658446,-0.749372
1559,2.245110,0.255332,3.263140,0.121145,-0.690628,0.712991
1560,1.647643,0.744519,2.878750,-0.978238,0.146579,-0.146850
1561,2.241250,0.254103,3.343150,-0.514477,0.023698,-0.857176
1562,1.329223,0.263354,2.802707,0.177914,0.904579,0.387406
1563,1.545040,0.650180,2.859593,-0.604192,-0.539691,0.586248
1564,1.543767,0.653962,2.854407,-0.860732,0.221773,-0.458210
1565,1.547507,0.650593,2.855160,0.695739,-0.488239,-0.526849
1566,1.546927,0.654458,2.858120,0.573126,0.722694,0.386316
1567,0.829502,-0.063126,1.535137,-0.242659,-0.968585,-0.054405
1568,1.143080,0.351457,2.785567,-0.900615,-0.418073,0.118773
1569,1.298330,-0.041599,1.997490,0.401301,0.615344,-0.678461
1570,0.843975,2.367750,4.705357,-0.346718,0.916481,0.199620
1571,-0.537499,-0.066706,2.045793,0.734025,-0.543671,-0.406976
1572,-0.538435,-0.060154,2.045500,0.557907,0.689198,-0.462326
1573,-0.538810,-0.063393,2.049150,-0.158054,0.021626,0.987194
1574,-0.541474,-0.063955,2.045097,-0.961933,-0.147665,-0.229956
1575,0.756544,-0.068059,1.455223,0.375902,-0.562458,0.736437
1576,0.819478,-0.070404,1.173110,0.087352,0.990812,-0.103255
1577,0.841715,2.247157,4.685703,0.088154,0.338268,-0.936912
1578,0.952102,-0.039944,2.687737,0.017659,-0.481048,0.876517
1579,-0.126707,-0.052289,2.257097,0.692392,0.271229,0.668602
1580,-0.128594,-0.051863,2.252683,0.019800,0.423613,-0.905627
1581,-0.132825,-0.051975,2.257110,-0.735637,0.567818,0.369352
1582,-0.129941,-0.055466,2.255540,-0.051352,-0.995914,-0.074291
1583,-1.657223,2.491447,4.514267,0.762398,-0.645432,0.046545
1584,-1.659567,2.493820,4.510790,-0.008488,0.797925,-0.602697
1585,-1.659983,2.493807,4.517430,-0.084616,0.795469,0.600057
1586,1.519523,2.642727,4.839233,-0.428742,-0.849405,0.307719
1587,-2.422597,1.511283,4.499313,-0.867813,-0.210657,-0.450026
1588,-1.961890,2.422463,4.502277,0.557175,-0.183944,-0.809766
1589,-1.963627,2.418613,4.504570,-0.124365,-0.260914,0.957318
1590,-2.202727,2.205703,4.507507,0.705445,-0.122717,0.698060
1591,-2.202680,2.204293,4.501093,0.714803,-0.401860,-0.572333
1592,-2.204387,2.208400,4.503540,-0.293265,0.933281,-0.207320
1593,-2.048033,2.353797,4.509240,0.988880,-0.133285,-0.065960
1594,-2.254987,2.141887,4.490107,0.675263,0.563032,-0.476461
1595,-2.256510,2.137987,4.492520,-0.053060,-0.983811,-0.171174
1596,-1.735533,2.453223,4.519870,0.503388,-0.707928,-0.495417
1597,-1.737487,2.454540,4.525043,-0.102220,-0.351618,0.930546
1598,-1.516947,1.990997,4.604710,0.726987,-0.175383,0.663875
1599,-1.517537,1.992703,4.599863,0.188348,0.720618,-0.667259
1600,-1.521977,1.992203,4.604593,-0.725150,0.617079,0.305568
1601,-1.520030,1.988917,4.601593,-0.215866,-0.928927,-0.300827
1602,-1.857287,2.433543,4.512243,-0.509035,0.859021,-0.054465
1603,-1.983170,2.522170,4.498190,0.072865,-0.879469,-0.470347
1604,-2.255777,2.337180,4.485377,0.567483,0.066384,-0.820704
1605,-2.257407,2.334347,4.489507,-0.259782,-0.932967,0.249172
1606,-2.259210,2.339007,4.488637,-0.872129,0.489201,-0.008596
1607,-2.056133,2.491950,4.498297,0.317999,-0.945531,-0.069625
1608,-1.850370,2.163687,4.517637,-0.695632,-0.321004,-0.642692
1609,-2.156810,2.241137,4.508357,-0.628235,0.625145,0.463157
1610,0.645341,2.452667,4.676057,0.991880,-0.126344,-0.014542
1611,-1.940197,2.237257,4.516607,-0.208937,-0.466682,0.859391
1612,-2.057097,2.045977,4.514810,0.443210,-0.890046,-0.106693
1613,-2.059703,2.048667,4.518373,-0.778748,0.009426,0.627266
1614,-2.056477,2.050617,4.515510,0.790525,0.599367,0.125820
1615,-1.744370,2.249470,4.539757,0.780913,0.137311,0.609361
1616,-1.748363,2.245347,4.538203,-0.344509,-0.867334,0.359229
1617,-1.745677,2.247700,4.534230,0.483088,-0.142406,-0.863913
1618,-1.748520,2.250113,4.537330,-0.705845,0.705889,-0.059189
1619,1.620377,2.692163,4.779230,-0.054320,-0.290365,-0.955373
1620,-2.979017,2.439540,4.433113,0.447892,-0.255139,0.856912
1621,-2.977143,2.441800,4.427827,0.823432,0.052161,-0.565012
1622,-2.150577,1.857073,4.513010,0.819752,-0.571653,0.034921
1623,-2.272840,1.828250,4.496153,-0.911811,-0.257706,-0.319669
1624,-2.246543,1.454913,4.517657,0.764626,0.065038,0.641184
1625,-2.342950,1.846803,4.493050,-0.638420,-0.761622,-0.111136
1626,-2.343137,1.851640,4.493307,-0.710337,0.702994,-0.034948
1627,-2.221143,1.747333,4.499303,-0.143708,-0.437487,-0.887667
1628,-2.218857,1.748110,4.503587,0.936437,0.142008,0.320812
1629,-2.453987,1.855983,4.481350,-0.667111,-0.738999,-0.094038
1630,-2.450333,1.753233,4.486893,0.789139,0.549643,-0.274138
1631,-2.452247,1.751087,4.491103,0.152070,-0.658395,0.737150
1632,-2.454927,1.753367,4.487960,-0.694355,0.717861,0.050469
1633,-2.455463,1.952990,4.475730,-0.814053,0.049147,-0.578707
1634,-2.455407,1.952367,4.482367,-0.804209,-0.060603,0.591248
1635,-2.453030,1.955073,4.479253,0.692929,0.718373,0.061555
1636,-2.453000,1.950350,4.478810,0.706874,-0.703652,-0.072124
1637,0.658471,2.528743,4.698220,0.744928,-0.619712,-0.247062
1638,-2.451310,1.858587,4.478363,0.031868,0.803912,-0.593894
1639,-2.449277,1.856287,4.482013,0.751156,-0.651698,0.105136
1640,-2.452237,1.858583,4.484963,-0.133486,0.803236,0.580511
1641,-2.741837,2.532563,4.467173,0.558341,-0.828804,-0.036601
1642,-2.652160,1.750907,4.476907,-0.877688,-0.141096,0.457991
1643,-2.544967,1.848157,4.478247,0.707138,0.051387,-0.705205
1644,-2.548803,1.844473,4.480580,-0.350068,-0.929602,-0.115292
1645,-2.548920,1.849327,4.480817,-0.699656,0.714104,-0.023172
1646,-1.757020,1.448627,4.551440,-0.642139,0.338650,-0.687731
1647,-2.649657,1.949133,4.464203,0.606708,-0.786519,0.115292
1648,-2.749003,1.946557,4.456177,-0.633836,-0.773331,-0.014528
1649,-2.746467,1.949130,4.459540,0.770623,0.020105,0.636974
1650,-2.744693,1.850363,4.459920,0.731127,-0.660650,0.170277
1651,-3.139520,2.057347,4.435970,-0.557674,0.811312,-0.175424
1652,-2.954750,1.344780,4.450807,-0.598585,-0.496460,-0.628668
1653,-2.046510,1.149947,4.541423,0.857131,-0.450317,0.250081
1654,-2.045720,1.257157,4.535970,0.055790,0.792328,-0.607540
1655,-2.050540,1.347487,4.534643,0.690479,-0.719674,0.072853
1656,-2.045763,1.257130,4.542617,0.047781,0.787271,0.614753
1657,-2.250537,1.652120,4.507130,-0.492881,0.759843,0.423918
1658,-2.251907,1.748357,4.497173,0.026928,0.996887,-0.074107
1659,-2.051090,1.849727,4.518790,0.056852,-0.825711,-0.561221
1660,-2.268337,1.826167,4.496647,0.419635,-0.889956,-0.178562
1661,-2.268773,1.830523,4.494380,0.427037,0.850127,-0.308095
1662,-2.270350,1.828560,4.500460,0.120420,0.467658,0.875668
1663,-2.221557,2.181493,4.504347,0.610472,-0.757456,0.231481
1664,1.866707,1.836440,4.799560,-0.739606,-0.395955,0.544245
1665,-2.227863,2.019763,4.501737,0.233219,-0.971018,-0.052275
1666,-2.163047,2.157940,4.501787,0.124290,0.296243,-0.946991
1667,-2.172550,2.146483,4.494110,-0.075446,0.743138,-0.664871
1668,-2.171370,2.142690,4.497123,0.576578,-0.816299,-0.034834
1669,-2.182827,2.139207,4.494530,-0.893864,-0.414257,-0.171457
1670,-2.156170,2.237100,4.505560,-0.099797,-0.990751,0.091941
1671,-2.155547,2.240413,4.501933,-0.382123,0.484574,-0.786873
1672,-2.152563,2.240480,4.505890,0.981429,0.023721,0.190355
1673,-1.954830,2.149693,4.524233,0.096429,0.899061,0.427072
1674,-1.955837,2.147220,4.518753,0.190228,0.298010,-0.935416
1675,-1.959177,2.145960,4.522160,-0.961514,-0.136709,0.238331
1676,-1.954527,2.145137,4.522843,0.557485,-0.790287,0.254278
1677,-1.850677,2.163367,4.524283,-0.750435,-0.377362,0.542628
1678,-1.847243,2.162387,4.521057,0.929467,-0.368045,0.025165
1679,-1.849300,2.166630,4.521163,0.326106,0.943397,0.060465
1680,-1.576540,2.242543,4.562827,-0.016604,0.944514,0.328051
1681,-1.561727,1.961340,4.572450,0.723146,-0.589143,0.360514
1682,-1.946370,1.753607,4.525477,0.694721,-0.713594,0.090257
1683,-1.952237,1.343443,4.539963,-0.041811,-0.498775,-0.865722
1684,-1.948333,1.755977,4.521860,0.079999,0.797194,-0.598399
1685,-1.949033,1.756133,4.528487,-0.042986,0.824782,0.563815
1686,-1.951073,1.753703,4.524977,-0.721836,-0.689462,-0.059950
1687,-2.357767,1.659953,4.495003,-0.509509,0.471265,-0.719938
1688,-1.855093,1.757133,4.538987,-0.846580,-0.049759,0.529931
1689,-2.553493,1.551157,4.489753,-0.899314,0.264275,0.348416
1690,-2.550510,1.549070,4.486250,0.195098,0.042931,-0.979844
1691,-2.549853,1.546027,4.490253,-0.141334,-0.898785,0.414981
1692,-2.440600,1.352043,4.498757,0.063123,0.470674,-0.880046
1693,-2.442420,1.348963,4.502420,-0.276870,-0.949346,0.148612
1694,-2.432607,1.350527,4.503960,0.934112,-0.201455,0.294705
1695,-1.950957,1.252460,4.545700,0.856191,-0.363967,-0.366694
1696,-1.953220,1.254567,4.550447,0.222395,0.312503,0.923516
1697,-1.950087,1.346287,4.543293,0.736660,0.676007,0.018600
1698,-1.752473,1.043810,4.556743,0.024020,-0.854890,-0.518253
1699,-2.347297,1.551350,4.498160,0.634489,0.360258,-0.683841
1700,-2.459060,1.552807,4.488517,-0.655256,-0.100145,-0.748739
1701,-1.854597,1.756890,4.532347,-0.758336,-0.093055,-0.645187
1702,-2.453560,1.447903,4.494167,-0.515316,-0.719416,-0.465715
1703,-2.355657,1.737213,4.492397,0.706104,-0.251690,-0.661868
1704,-2.358097,1.747800,4.493310,0.185147,0.965907,-0.180951
1705,-1.851167,1.558543,4.548443,-0.094594,0.794447,0.599921
1706,-2.239413,1.855797,4.501443,-0.018190,-0.640050,-0.768118
1707,-2.240657,1.854943,4.507783,-0.269846,-0.812878,0.516152
1708,-2.246013,1.454777,4.511013,0.856766,0.041475,-0.514036
1709,-2.248787,1.457050,4.514090,-0.746306,0.661571,-0.073150
1710,-1.947243,1.462317,4.538487,0.643650,-0.761669,0.074671
1711,-0.798638,1.087257,4.652570,-0.092439,0.013815,-0.995623
1712,-1.562540,1.964440,4.568523,0.263561,0.821018,-0.506424
1713,-1.565920,1.963683,4.574067,-0.419938,0.668001,0.614351
1714,-1.565933,1.961087,4.569850,-0.561285,-0.702169,-0.438085
1715,-1.557800,1.654203,4.577197,0.945809,-0.198633,0.256887
1716,-1.660413,1.751313,4.545440,-0.731704,0.666814,-0.141309
1717,-1.850993,1.942333,4.530857,0.266224,-0.957824,-0.108159
1718,-2.053727,1.852120,4.521897,-0.721525,0.689346,-0.064833
1719,-2.049017,1.852220,4.522227,0.693318,0.719835,0.033877
1720,-2.143613,2.047587,4.509703,-0.563211,-0.825944,0.024700
1721,-1.656393,1.653097,4.552550,0.755045,0.654154,0.044602
1722,-1.853717,2.045570,4.526377,0.255543,-0.964189,0.070972
1723,-1.855830,2.049090,4.528923,-0.804999,0.372077,0.462100
1724,-1.854313,2.049023,4.522557,-0.508179,0.283322,-0.813316
1725,-1.851530,2.050057,4.526573,0.897797,0.387218,0.209818
1726,-2.267790,1.970190,4.499580,0.010960,0.782620,0.622403
1727,0.639650,2.521410,4.691503,0.224497,-0.291342,-0.929904
1728,-2.351490,2.054250,4.490987,-0.142630,0.758728,0.635601
1729,-2.560040,1.259867,4.496357,-0.767061,0.624862,-0.145480
1730,-2.348780,1.725523,4.496343,-0.304489,-0.106506,-0.946543
1731,-2.346003,1.723567,4.500297,0.888248,0.263874,0.376013
1732,-2.271910,1.553313,4.509843,0.248334,0.958940,0.136984
1733,-2.281620,1.550680,4.508767,-0.337120,-0.395649,0.854291
1734,-2.348663,1.661430,4.495740,0.719747,-0.413788,-0.557445
1735,-2.343283,1.541697,4.508060,-0.228057,0.592955,0.772266
1736,-2.152647,1.954833,4.509243,0.391032,-0.912743,0.118300
1737,-2.153440,1.957917,4.505547,0.412651,0.668632,-0.618587
1738,-2.154180,1.958453,4.512133,0.278340,0.766131,0.579284
1739,-2.156863,1.956847,4.508607,-0.938871,-0.335280,-0.078163
1740,-2.268853,1.543223,4.502733,0.008691,-0.775108,-0.631769
1741,0.760219,2.439120,4.651713,-0.799709,0.565764,0.200939
1742,-1.753187,1.444733,4.552230,0.340008,-0.890953,-0.300993
1743,-2.256587,1.961673,4.494827,0.658528,0.369360,-0.655678
1744,-2.456470,2.050820,4.484407,-0.855389,-0.081724,0.511498
1745,-2.454003,2.053490,4.481373,0.647142,0.757616,0.085000
1746,-1.755227,1.846280,4.545870,-0.155507,-0.763809,0.626429
1747,-1.753513,1.847417,4.540130,-0.087222,-0.510874,-0.855220
1748,-1.755503,1.850490,4.543383,-0.592908,0.805079,-0.017551
1749,-2.350380,2.054500,4.484463,0.066067,0.805764,-0.588540
1750,-2.260030,2.054483,4.493753,0.754585,-0.645092,-0.120243
1751,-2.234730,2.178747,4.505413,-0.517128,0.710092,0.477858
1752,-2.752553,2.247943,4.457693,0.678184,0.731468,-0.070868
1753,-2.453903,2.361067,4.467653,0.641267,-0.739296,-0.205469
1754,-2.137857,2.441367,4.500463,0.898755,0.141961,0.414832
1755,-2.175180,2.350803,4.497680,0.616845,-0.556082,0.557024
1756,-2.177527,2.355880,4.497147,-0.117204,0.872964,0.473494
1757,-2.179323,2.351713,4.494977,-0.882072,-0.428340,-0.196147
1758,-1.852710,2.432357,4.512540,0.869755,0.492232,0.035125
1759,-1.718037,2.542283,4.524177,-0.776602,0.629657,-0.020520
1760,-1.570350,2.431310,4.559607,-0.228717,-0.673330,-0.703076
1761,-1.855827,2.430713,4.515750,-0.237294,-0.765737,0.597778
1762,-1.740657,2.455657,4.520227,-0.938736,-0.057554,-0.339797
1763,-1.736403,2.457790,4.521500,0.424013,0.902969,-0.069717
1764,-1.993840,2.377050,4.498160,-0.386578,-0.919093,0.076323
1765,-1.980710,2.414183,4.502680,-0.661118,0.649390,0.375787
1766,-2.546847,2.349637,4.471883,0.589793,0.805984,-0.050338
1767,-2.549070,2.346777,4.468730,-0.813663,-0.119932,-0.568831
1768,-2.548917,2.347080,4.475383,-0.786250,-0.066147,0.614358
1769,-2.546297,2.344957,4.472083,0.783962,-0.620725,0.010232
1770,-2.262653,2.057480,4.490923,-0.034826,0.871011,-0.490028
1771,-2.264850,2.054360,4.493877,-0.708664,-0.700435,-0.084773
1772,-2.328390,2.607657,4.475407,-0.982824,0.020931,-0.183356
1773,-1.946090,2.042933,4.525310,-0.083405,-0.805851,0.586214
1774,-1.948387,2.045870,4.522223,-0.623343,0.778944,0.068480
1775,-1.943747,2.045113,4.521843,0.810741,0.583420,-0.048172
1776,-2.155230,1.856257,4.512897,-0.623171,-0.782086,-0.000323
1777,-2.153293,1.859237,4.516217,-0.154304,0.798462,0.581935
1778,-2.153110,1.859093,4.509567,-0.120423,0.772664,-0.623289
1779,-2.241843,1.858673,4.504703,-0.581246,0.813715,-0.004466
1780,-2.236967,1.857567,4.505510,0.856245,0.462461,0.230163
1781,-1.964957,1.952420,4.519740,-0.683613,-0.244995,-0.687496
1782,-1.965743,1.953213,4.526270,-0.832197,-0.095304,0.546229
1783,-1.963283,1.955843,4.522887,0.482519,0.874562,-0.048122
1784,-1.962297,1.951163,4.523573,0.817454,-0.551703,0.165505
1785,-1.746263,1.750267,4.540893,0.710520,-0.058160,-0.701269
1786,-1.516050,2.050437,4.597300,0.560245,-0.385515,-0.733146
1787,-1.945693,1.849150,4.529603,-0.720283,0.693193,-0.025990
1788,-2.160367,2.150513,4.507457,0.578481,-0.813617,0.058192
1789,-2.144753,2.160030,4.508513,0.336592,-0.923431,0.184338
1790,-2.144683,2.165083,4.510103,0.357999,0.642910,0.677129
1791,-2.146253,2.163663,4.505857,0.137533,0.295551,-0.945375
1792,-2.161477,2.159360,4.506033,-0.534719,0.343706,0.771973
1793,-2.139703,2.049150,4.511980,0.806036,0.146451,0.573461
1794,-2.139247,2.447867,4.491690,0.874900,0.239455,-0.420965
1795,-2.144113,2.552813,4.493583,0.817207,-0.203314,0.539292
1796,-2.146280,2.553050,4.488760,0.134264,-0.127505,-0.982708
1797,-2.149230,2.552307,4.492950,-0.771144,-0.550758,0.319378
1798,-2.261177,2.461357,4.487977,0.618445,-0.783847,0.055767
1799,-2.459033,2.362457,4.467327,-0.883242,-0.042115,-0.467022
1800,-2.456150,2.363753,4.471660,-0.081183,-0.065896,0.994518
1801,-2.454323,2.366363,4.467970,0.261376,0.863080,-0.432176
1802,-2.740970,2.537193,4.467757,0.804558,0.577392,0.138938
1803,-2.743503,2.535653,4.463983,-0.731811,0.218322,-0.645592
1804,-3.059507,2.437333,4.437283,0.002173,-0.972568,-0.232607
1805,-3.062393,2.442183,4.436530,-0.784121,0.384238,-0.487356
1806,-3.057637,2.441877,4.437857,0.856168,0.479797,-0.191757
1807,-3.152173,2.115910,4.435170,0.117170,-0.784863,0.608491
1808,-2.549637,1.757037,4.482210,0.621148,0.741087,-0.254883
1809,-2.844950,2.251033,4.446500,0.557223,-0.029528,-0.829837
1810,-2.960780,2.157767,4.430340,0.056295,0.700273,-0.711652
1811,-2.958437,2.155543,4.433933,0.665597,-0.741962,0.080457
1812,-2.960487,2.158743,4.436920,0.108980,0.875554,0.470669
1813,-2.963137,2.156057,4.434067,-0.777684,-0.615882,0.126084
1814,-2.755077,2.245287,4.454613,-0.816701,-0.060438,-0.573887
1815,-2.850297,2.055200,4.455233,-0.102305,0.817244,0.567139
1816,-2.846040,2.051177,4.453613,0.838900,-0.333952,0.429795
1817,-2.848153,2.053570,4.449783,0.122375,0.479388,-0.869029
1818,-2.850740,2.051083,4.452900,-0.697786,-0.713707,-0.060962
1819,-2.740723,2.143350,4.453533,0.888007,0.114365,-0.445381
1820,-2.744133,2.145360,4.456120,-0.811058,0.549434,-0.200763
1821,-3.055107,1.744183,4.441360,-0.815916,0.578035,0.012517
1822,-3.052160,1.742173,4.437990,0.129203,-0.712032,-0.690158
1823,-3.050273,1.744757,4.441673,0.641227,0.759782,0.107514
1824,-3.046523,1.649773,4.446250,0.443058,-0.743360,0.501114
1825,-3.051737,1.651960,4.444753,-0.959870,-0.091521,0.265090
1826,-3.047367,1.654650,4.444880,0.330855,0.923069,0.196161
1827,-2.650913,1.751153,4.470403,-0.644349,-0.094968,-0.758812
1828,-2.649323,1.753500,4.474173,0.576031,0.805182,0.140963
1829,-3.053120,1.951037,4.443973,-0.401807,-0.459050,0.792354
1830,-2.964843,1.648767,4.443667,0.545190,0.780123,-0.306881
1831,-2.854430,1.741673,4.450833,-0.015884,-0.113886,-0.993367
1832,-2.943427,1.750843,4.441327,-0.506537,0.862127,0.012514
1833,-2.044947,1.752080,4.525433,0.076909,0.272794,0.958994
1834,-2.042300,1.750390,4.521117,0.902804,-0.223661,-0.367316
1835,-2.046513,1.753957,4.520440,-0.366121,0.768176,-0.525224
1836,-3.144480,1.351013,4.447323,0.797750,0.601700,-0.039395
1837,-2.853303,1.739167,4.455693,0.379717,-0.833447,0.401474
1838,-2.857930,1.742283,4.455410,-0.966830,0.050777,0.250324
1839,-2.853187,1.744297,4.455103,0.521911,0.801347,0.292323
1840,-3.049637,1.250847,4.457750,-0.577141,-0.815032,0.051303
1841,-3.215517,1.653040,4.430130,-0.622392,0.782070,-0.031526
1842,-1.204033,-0.078897,1.673170,-0.984498,-0.137145,-0.109338
1843,-3.228030,1.772033,4.428173,0.980931,-0.065961,0.182821
1844,-3.233217,1.770143,4.430337,-0.366145,-0.557026,0.745426
1845,-3.232477,1.774773,4.428037,-0.341315,0.939945,0.002869
1846,-3.056167,2.047957,4.447803,0.156358,0.786422,0.597573
1847,-3.059213,2.045850,4.444643,-0.840652,-0.539508,0.047273
1848,-2.832873,1.444837,4.463253,-0.720390,0.562877,-0.405225
1849,-1.200673,-0.075084,1.674147,0.253324,0.747260,0.614353
1850,-1.199830,-0.081534,1.674643,0.423949,-0.556512,0.714536
1851,-2.278180,1.680283,4.496343,0.347020,0.874641,-0.338497
1852,-1.068537,-0.070909,1.767520,-0.551295,0.693660,0.463583
1853,-0.949863,-0.075444,1.579957,-0.647873,0.308948,-0.696284
1854,-1.065150,-0.074411,1.768027,0.990280,-0.047911,0.130573
1855,-1.068313,-0.074559,1.764487,0.046622,-0.098715,-0.994023
1856,-2.249520,1.744760,4.494683,0.290417,-0.720396,-0.629832
1857,-2.261643,1.745207,4.496287,-0.873924,-0.445769,-0.193769
1858,-0.972065,-0.067561,1.861473,-0.762002,0.639105,0.104392
1859,-0.945585,-0.072528,1.764803,0.847700,0.453116,0.275845
1860,-0.971873,-0.074104,1.861873,-0.723849,-0.664984,0.183957
1861,-0.949284,-0.075609,1.585263,-0.136139,0.488924,0.861637
1862,-0.944611,-0.075644,1.580900,0.873000,0.481079,-0.080220
1863,-1.051260,-0.077848,1.550147,0.168498,0.512657,0.841897
1864,-1.047653,-0.081818,1.641713,-0.309188,-0.583150,0.751225
1865,0.967069,2.588343,4.710397,-0.310085,-0.564707,0.764822
1866,0.962033,2.595670,4.707633,0.055636,0.899016,0.434367
1867,-2.352697,0.940827,4.520600,-0.666249,0.742309,-0.071347
1868,-2.350187,0.938189,4.517520,-0.006920,-0.816608,-0.577151
1869,-2.350777,0.938297,4.524157,-0.111007,-0.797655,0.592810
1870,-2.348000,0.940488,4.521023,0.755463,0.652751,0.056506
1871,0.654372,2.538643,4.694020,-0.045835,0.546793,-0.836012
1872,0.639506,2.224447,4.462403,-0.237243,0.022242,-0.971196
1873,1.648530,0.452811,2.887243,-0.263246,0.946160,-0.188369
1874,1.853437,2.636857,4.754553,-0.615033,-0.775523,-0.142476
1875,1.754270,2.047287,4.778027,0.227503,-0.888422,-0.398683
1876,1.148967,1.848800,4.825337,0.060379,0.697575,-0.713963
1877,0.646979,2.229573,4.611210,0.907298,0.166824,-0.385980
1878,0.615208,1.610430,4.699530,-0.051600,0.961962,-0.268265
1879,-0.910138,0.883843,4.651227,0.400779,0.696175,0.595581
1880,2.222057,0.628821,3.497743,0.747243,0.124010,-0.652878
1881,1.877857,1.757683,4.803197,-0.764251,-0.257268,0.591383
1882,1.881910,1.760253,4.803147,0.199489,0.738999,0.643494
1883,2.557903,1.738123,4.771463,0.633169,0.773348,-0.032088
1884,2.584977,1.784360,4.818663,-0.669211,-0.361832,-0.649025
1885,1.935473,1.741357,4.807480,-0.535564,-0.166651,0.827888
1886,1.944747,1.736273,4.807060,0.533857,-0.802327,0.266962
1887,1.918043,2.411930,4.770520,0.552205,-0.807394,-0.207807
1888,1.917710,2.417163,4.769333,0.512325,0.834915,-0.201098
1889,1.915663,2.414390,4.774670,0.061589,0.224447,0.972538
1890,1.913953,2.414367,4.770217,-0.893643,-0.152616,-0.422032
1891,2.517800,1.848450,4.753480,0.257118,0.341059,-0.904195
1892,1.641223,1.741560,4.862533,0.999227,-0.008450,0.038404
1893,-0.354672,0.754488,4.685630,-0.791011,-0.573354,-0.213463
1894,1.882490,1.759207,4.796617,0.480521,0.458050,-0.747857
1895,0.751559,0.754728,2.820713,-0.101407,0.867502,0.486987
1896,-0.351771,0.615779,4.668580,0.033207,-0.929575,0.367135
1897,-0.350619,0.618968,4.664743,0.414327,0.125060,-0.901495
1898,-0.349826,0.621160,4.670220,0.672086,0.457672,0.582097
1899,-0.354269,0.620139,4.668037,-0.940495,0.339808,0.000215
1900,2.659767,1.959063,4.821440,-0.923569,0.376902,0.070469
1901,2.557700,1.732737,4.775000,0.589824,-0.368912,0.718339
1902,2.630060,1.830633,4.841763,-0.545357,0.630384,0.552451
1903,1.553540,2.048977,4.846527,0.211256,-0.528869,-0.821991
1904,1.551897,0.742326,2.858503,-0.087183,0.487319,0.868861
1905,1.554017,0.742928,2.853290,0.404350,0.666528,-0.626291
1906,2.226197,0.530341,3.503793,0.632462,0.030183,-0.774003
1907,0.191131,0.557480,3.029810,-0.218474,0.345985,0.912449
1908,1.998063,1.669840,4.830950,-0.506227,-0.772433,0.383513
1909,2.221750,0.649194,3.450067,0.010967,0.999935,0.003055
1910,2.206320,0.806129,3.457703,0.586662,-0.054280,-0.808011
1911,1.865483,1.761280,4.797400,-0.114822,0.286734,0.951104
1912,-0.858733,1.243053,4.643520,0.031493,-0.347458,-0.937166
1913,-0.796633,1.083660,4.662093,0.788593,-0.125765,0.601918
1914,-0.770475,0.990014,4.643140,0.986371,-0.099342,-0.131165
1915,-0.556519,0.829985,4.668897,0.064954,-0.511786,0.856654
1916,-0.556242,0.828503,4.662743,0.126457,-0.843617,-0.521842
1917,-0.559065,0.831989,4.665040,-0.836949,0.522298,-0.163469
1918,-0.862551,1.053490,4.648800,0.051647,-0.224290,-0.973153
1919,-0.253850,0.372162,4.681677,-0.283484,-0.102067,0.953530
1920,-0.805097,1.097957,4.655283,-0.519260,0.181762,-0.835064
1921,-0.806144,1.096427,4.661430,-0.766272,-0.183168,0.615854
1922,-0.802331,1.106323,4.661213,-0.161658,0.963727,0.212359
1923,0.082963,1.408943,4.188460,0.821294,0.189130,-0.538244
1924,0.102946,1.340200,4.231780,-0.659121,-0.739207,-0.138319
1925,-0.912831,0.959767,4.646690,-0.711014,-0.697070,0.092484
1926,-0.909458,0.961945,4.643257,0.502047,-0.062317,-0.862592
1927,-0.908548,0.961784,4.649037,0.742024,-0.105408,0.662035
1928,-0.912105,0.965105,4.646727,-0.467579,0.878496,0.098059
1929,-1.050697,0.723338,4.632543,0.972918,0.156043,0.170532
1930,-1.563683,0.849338,4.588220,0.507461,0.750716,0.422976
1931,-0.940866,0.745319,4.639227,-0.238832,-0.098552,-0.966047
1932,-0.774529,0.990736,4.640330,-0.510341,0.636786,-0.577976
1933,-0.774414,0.987392,4.643730,-0.208317,-0.976815,0.049351
1934,-0.454006,0.757968,4.683583,-0.210369,0.607701,0.765797
1935,-0.263799,0.842380,4.700740,-0.727355,-0.570626,0.381235
1936,-0.147321,0.362042,4.686400,-0.209899,0.941026,-0.265353
1937,-0.150726,0.356599,4.686270,-0.931965,-0.213332,-0.293138
1938,-0.147507,0.358290,4.689720,0.281779,-0.198681,0.938683
1939,-0.145783,0.357327,4.684940,0.750670,-0.458204,-0.475966
1940,0.078982,0.641111,4.679243,0.240134,-0.961356,0.134647
1941,0.075511,0.644455,4.675953,-0.626339,-0.034278,-0.778797
1942,0.080634,0.645979,4.677700,0.789756,0.547516,-0.276606
1943,0.076594,0.645429,4.680973,-0.399855,0.397547,0.825877
1944,-0.448216,0.357908,4.663810,0.891876,0.073056,-0.446341
1945,-0.247015,-0.086538,0.938889,-0.060396,0.548125,-0.834213
1946,0.765043,1.754657,4.733770,0.353512,-0.054761,0.933826
1947,0.763149,1.752123,4.729567,-0.644327,-0.726660,-0.238347
1948,0.767706,1.754200,4.727963,0.932294,-0.153934,-0.327311
1949,0.763950,1.757010,4.729550,-0.478685,0.830497,-0.284845
1950,-0.441787,0.815049,4.682857,0.931907,0.303233,-0.198998
1951,-0.272520,0.946671,4.693677,0.679563,-0.733527,-0.011472
1952,-0.453996,0.759373,4.677100,-0.208084,0.870610,-0.445802
1953,-0.349997,0.753771,4.686117,0.674124,-0.736955,-0.049537
1954,-0.351764,0.757315,4.683147,0.180884,0.875961,-0.447184
1955,-0.352623,0.756095,4.689607,0.020137,0.648059,0.761324
1956,-0.334110,0.959577,4.693180,-0.840631,-0.536855,0.071602
1957,-0.449307,0.357592,4.670377,0.699019,0.017350,0.714893
1958,-0.255820,0.850375,4.699837,0.441702,0.755887,0.483253
1959,-0.272595,0.951573,4.693190,0.659739,0.734721,-0.157892
1960,-0.332149,0.964018,4.693300,-0.332390,0.942933,0.019868
1961,1.154507,1.747813,4.837390,-0.201901,-0.430430,0.879753
1962,0.040953,0.086583,4.701763,0.350097,0.913306,0.208095
1963,-0.344275,0.842436,4.690647,0.081328,-0.533817,-0.841680
1964,-0.341685,0.845881,4.693967,0.855390,0.495725,0.150216
1965,-0.154766,0.582889,4.687583,-0.549179,-0.130566,0.825443
1966,-0.151144,0.604418,4.681230,0.320653,0.915698,0.242236
1967,-0.064878,0.375614,4.696073,-0.827356,0.110022,0.550797
1968,-0.064383,0.375654,4.689443,-0.736802,0.116790,-0.665945
1969,-0.062461,0.372786,4.692903,0.545858,-0.837115,0.035729
1970,-0.061783,0.377500,4.692980,0.792319,0.606870,0.062762
1971,-0.043889,0.709540,4.687827,0.407559,-0.912742,0.028253
1972,-0.030304,0.616300,4.685347,0.653841,0.410635,-0.635509
1973,-0.258977,0.764826,4.700210,-0.942721,-0.262603,0.205712
1974,-0.045189,0.713489,4.690940,0.038052,0.477347,0.877890
1975,0.118880,0.701277,4.513700,-0.905968,-0.336516,0.256862
1976,0.112518,0.593000,4.508693,0.936585,-0.258380,-0.236745
1977,-0.140381,0.749430,4.702617,0.078047,0.892941,0.443357
1978,-0.449172,0.648503,4.656440,0.776457,-0.167817,-0.607414
1979,-0.562794,0.345874,4.651240,0.149578,-0.805612,-0.573250
1980,0.043262,0.076471,4.701783,0.687606,-0.328288,0.647631
1981,0.022516,0.390109,4.697377,0.645220,-0.459159,-0.610626
1982,1.151707,1.660683,4.838327,0.607699,0.793059,0.041936
1983,2.567813,1.620767,4.790910,0.626164,-0.506783,-0.592528
1984,2.569090,1.630417,4.789287,0.946184,0.172857,-0.273600
1985,1.949420,1.655210,4.810127,0.179243,0.776670,-0.603867
1986,1.947030,1.654833,4.816140,-0.316248,0.698927,0.641473
1987,1.951160,1.652320,4.814133,0.829040,-0.471941,0.299940
1988,1.946760,1.651957,4.812360,-0.595317,-0.751740,-0.283697
1989,1.875803,1.754220,4.792800,-0.463403,-0.875980,-0.133855
1990,1.871267,1.761437,4.790077,0.532402,0.505837,-0.678732
1991,0.074424,0.803614,4.671143,-0.582874,-0.285906,-0.760602
1992,0.078353,0.802438,4.674277,0.696620,-0.668757,0.259777
1993,0.074205,0.805405,4.676340,-0.587509,0.154097,0.794410
1994,0.077719,0.807686,4.672790,0.467519,0.841660,-0.270248
1995,2.213057,0.761022,3.508110,-0.270180,-0.734991,0.621926
1996,2.212450,0.761644,3.501677,-0.393700,-0.607910,-0.689526
1997,2.216143,0.762864,3.504723,0.949952,0.306591,-0.059939
1998,2.211570,0.765093,3.505370,-0.403165,0.906459,0.125659
1999,2.011763,1.566720,4.830050,0.603887,0.795480,0.050324
2000,2.565107,1.630883,4.794177,-0.107124,0.464505,0.879068
2001,2.044630,1.709187,4.798463,0.839274,0.286135,-0.462327
2002,2.039143,1.708810,4.798963,-0.831523,0.331833,-0.445484
2003,2.008143,1.564953,4.832663,-0.837042,-0.011038,0.547027
2004,2.009517,1.564297,4.826563,-0.525478,-0.159504,-0.835722
2005,1.998267,1.675200,4.830740,-0.354904,0.899958,0.253217
2006,2.002973,1.671937,4.830380,0.922239,-0.019858,0.386111
2007,2.000017,1.671893,4.826390,-0.100422,-0.035147,-0.994324
2008,2.218643,0.626127,3.499903,-0.032364,-0.847828,0.529283
2009,2.238147,0.455270,3.352293,0.561499,0.813914,0.149206
2010,2.231590,0.454747,3.351800,-0.710806,0.698847,0.079795
2011,2.235253,0.452653,3.349437,0.106598,-0.564946,-0.818213
2012,0.078240,1.407010,4.189043,-0.725693,-0.435055,-0.533007
2013,0.136672,0.030256,4.655057,-0.197163,0.925453,-0.323516
2014,0.043561,0.065146,4.691630,0.944475,-0.070988,-0.320825
2015,0.041252,0.075258,4.691610,0.632516,0.256774,-0.730746
2016,2.237857,0.556958,3.256087,0.400964,-0.817409,-0.413607
2017,2.180087,0.859953,3.361017,-0.275074,-0.108976,0.955227
2018,2.204400,0.867021,3.173617,0.495055,-0.156536,0.854644
2019,2.233027,0.652120,3.246257,-0.053853,0.176614,0.982806
2020,2.236527,0.651843,3.242970,0.596969,0.510436,-0.618937
2021,2.229887,0.651451,3.242677,-0.596241,0.439393,-0.671886
2022,1.646500,0.553658,2.883530,0.278093,-0.863336,-0.421088
2023,2.163667,0.874796,3.253223,-0.733298,0.287377,-0.616189
2024,2.230727,0.648557,3.344453,-0.614300,-0.753441,0.234439
2025,2.234133,0.650141,3.341527,0.022167,0.449402,-0.893054
2026,1.853597,0.841904,2.916280,-0.007191,0.058651,-0.998253
2027,2.240853,0.351916,3.344113,0.995437,0.082285,0.048314
2028,1.849970,0.040335,2.890977,-0.237491,-0.734726,0.635434
2029,1.849250,0.051245,2.905033,-0.283104,-0.842995,0.457396
2030,0.462883,-0.058867,1.824037,0.370062,0.278470,-0.886289
2031,0.460695,-0.063175,1.826653,-0.465725,-0.879885,-0.094347
2032,0.459257,-0.057360,1.827880,-0.816652,0.539384,0.205291
2033,0.463536,-0.059736,1.828920,0.734383,0.038660,0.677633
2034,1.736670,0.082141,2.899933,-0.937863,0.016417,0.346618
2035,1.728913,0.074996,2.890413,-0.289467,-0.282621,0.914513
2036,2.250130,0.154438,3.357067,0.997640,-0.067081,-0.014674
2037,1.831250,1.558377,4.779807,0.433313,-0.585258,0.685356
2038,2.239297,0.449470,3.258090,0.934621,0.010981,0.355477
2039,2.234630,0.449417,3.259880,-0.704991,-0.513431,0.489261
2040,2.236967,0.448546,3.253763,-0.255688,-0.680569,-0.686621
2041,0.113899,0.191330,4.569040,0.730723,-0.382478,0.565467
2042,2.222883,0.532757,3.506500,0.002130,0.712727,0.701438
2043,2.219567,0.530453,3.503700,-0.608916,0.051709,-0.791547
2044,2.222803,0.527937,3.506247,-0.021944,-0.759090,0.650616
2045,2.225420,0.544204,3.445633,-0.060035,0.740496,0.669374
2046,1.657353,0.058785,2.872880,-0.120306,0.358809,0.925626
2047,2.225180,0.448298,3.450843,-0.928084,-0.075713,0.364592
2048,1.328707,0.752032,2.789137,0.305983,-0.869347,0.388085
2049,1.328443,-0.014134,2.879290,-0.237406,0.970761,-0.035512
2050,2.228960,0.541538,3.443453,0.685131,-0.722140,0.095439
2051,1.660693,0.055615,2.869617,0.812985,-0.581979,0.018853
2052,1.658653,0.060426,2.867487,0.233828,0.806110,-0.543610
2053,1.655750,0.056408,2.868667,-0.800841,-0.491250,-0.342531
2054,0.122403,0.704811,4.513217,0.073405,0.953902,-0.291004
2055,1.253383,1.947853,4.828557,-0.761511,0.542102,0.355284
2056,0.112961,0.673758,4.577367,0.158076,-0.683097,-0.713015
2057,0.080413,0.453838,4.688303,0.916034,-0.116815,-0.383714
2058,0.019316,0.389558,4.701053,-0.931411,-0.344857,0.116387
2059,0.112429,0.201677,4.573163,0.365516,0.016221,0.930664
2060,-0.125575,0.075241,4.686740,-0.284387,0.945084,0.161062
2061,-0.020377,0.123243,4.700877,0.130473,-0.044617,-0.990447
2062,-0.028040,0.136450,4.695900,0.231098,-0.330260,-0.915162
2063,-0.243810,0.156065,4.686790,-0.673213,-0.739016,0.025306
2064,-0.135155,0.195195,4.686867,0.220516,0.276328,-0.935423
2065,-0.042352,0.158028,4.693027,0.011748,0.774549,-0.632405
2066,-0.045252,0.240668,4.693877,0.758589,0.620454,-0.198949
2067,0.058771,0.160966,4.706193,-0.360528,0.153257,0.920072
2068,0.064403,0.154322,4.701753,-0.403143,-0.892270,-0.203299
2069,-0.046469,0.234859,4.693110,0.461404,-0.798960,-0.385706
2070,-0.050069,0.238860,4.691860,-0.831060,0.240273,-0.501605
2071,0.021577,0.393653,4.700363,-0.277308,0.955771,-0.097989
2072,0.098421,0.232479,4.646577,-0.648651,-0.644350,-0.405049
2073,0.097002,0.132760,4.666423,-0.918485,-0.394820,-0.022436
2074,0.102039,0.741592,4.680660,0.008663,-0.988545,-0.150680
2075,0.113799,0.678910,4.578943,0.649570,0.752792,-0.106598
2076,0.111603,0.675542,4.581683,0.029279,-0.296879,0.954466
2077,0.098460,0.550977,4.624240,-0.826800,-0.134347,0.546217
2078,0.111066,0.208380,4.568447,0.207402,0.957418,-0.200836
2079,-0.149143,0.591674,4.686857,0.723882,0.074176,0.685924
2080,0.109156,0.596524,4.507527,-0.273752,0.961409,-0.027434
2081,0.099274,0.447933,4.627083,0.039162,-0.900578,-0.432926
2082,0.101848,0.450379,4.630400,0.192947,0.138326,0.971410
2083,0.096194,0.451691,4.627160,-0.845284,0.379070,0.376564
2084,0.100848,0.452385,4.626137,0.520993,0.441928,-0.730251
2085,-0.156028,0.586147,4.675160,-0.803427,-0.044510,-0.593737
2086,1.255610,1.945550,4.823797,-0.111442,0.017875,-0.993610
2087,1.258483,1.946853,4.827967,0.902213,0.349260,0.253039
2088,0.103976,0.550458,4.624533,0.779493,-0.070316,0.622452
2089,-0.154027,0.573403,4.680787,-0.363937,-0.916490,-0.166122
2090,-0.148404,0.582188,4.680060,0.956784,-0.211114,-0.199990
2091,1.358403,1.561173,4.843263,-0.145791,0.878537,-0.454881
2092,0.124500,0.701716,4.516557,0.361901,-0.237602,0.901428
2093,-1.269570,0.148605,4.608623,-0.985491,0.091164,-0.143163
2094,-1.264627,0.150494,4.606087,0.374703,0.693811,-0.614999
2095,-1.265337,0.145693,4.607917,0.273683,-0.946438,-0.171327
2096,0.118385,0.268107,4.323403,-0.007344,-0.970176,0.242290
2097,0.107163,0.640742,4.640817,0.490363,0.325240,-0.808556
2098,0.115188,0.271695,4.323373,-0.497584,0.696895,0.516476
2099,0.087780,0.153162,4.696910,0.279724,-0.883587,0.375539
2100,-0.773312,0.154635,4.645220,0.736857,0.675202,0.033816
2101,-1.336883,0.068473,4.605887,0.171384,0.980243,0.098752
2102,-1.244423,0.042014,4.611147,-0.398665,-0.804934,0.439485
2103,-1.239973,0.044505,4.609603,0.934667,0.177065,0.308295
2104,-1.244433,0.046246,4.608747,-0.466332,0.881222,0.077339
2105,-1.489447,0.366455,4.595287,0.050306,0.980460,-0.190178
2106,-1.334990,0.436068,4.603097,-0.267108,-0.929126,0.255691
2107,-1.332000,0.439938,4.602867,0.970580,0.187918,0.150534
2108,-1.388070,0.403748,4.603843,-0.848972,0.052853,0.525789
2109,-1.181813,0.704019,4.597243,-0.830420,0.554392,-0.055247
2110,-1.035957,0.553123,4.619770,-0.889103,-0.410439,-0.202571
2111,-1.532717,0.899082,4.614097,0.674671,0.423088,0.604827
2112,-1.546893,0.758229,4.591650,0.191039,0.981274,0.024623
2113,-1.852273,0.367629,4.566730,-0.512706,-0.075213,-0.855264
2114,-1.543137,0.910075,4.607823,-0.978132,0.165630,0.125794
2115,-1.534323,0.747858,4.600733,-0.515290,0.340397,0.786515
2116,-1.547487,0.754026,4.594817,0.251126,-0.481643,0.839616
2117,-1.524070,0.748143,4.595097,0.546651,0.226005,-0.806285
2118,-1.525573,0.890832,4.609253,0.873607,0.338695,0.349423
2119,-2.667357,0.264033,4.511463,-0.828788,-0.466765,-0.308610
2120,-0.734243,-0.069527,2.042033,-0.206820,-0.614856,0.761037
2121,-1.539380,0.909398,4.604107,0.222867,0.072764,-0.972129
2122,-1.352537,0.726335,4.590240,-0.678277,0.692882,-0.244654
2123,-1.342640,0.729937,4.593960,0.717871,0.099575,-0.689018
2124,-1.346063,0.718144,4.589360,0.736773,0.007140,-0.676103
2125,-1.355960,0.714543,4.585640,-0.681861,-0.513925,-0.520526
2126,-0.866680,1.441963,4.640027,-0.252964,0.220709,-0.941964
2127,-1.849847,0.365716,4.570570,0.795897,-0.585415,0.154394
2128,-1.364980,0.021580,4.597480,0.512739,-0.436179,0.739491
2129,-2.439500,0.163073,4.533330,0.725851,-0.109518,-0.679077
2130,-1.561317,0.245731,4.596703,-0.945953,-0.322578,-0.033416
2131,-2.246033,0.151949,4.551623,0.701956,0.710816,0.044705
2132,-1.478547,0.241218,4.605640,0.216372,-0.002963,0.976306
2133,-1.367077,0.025090,4.594650,-0.300948,0.949371,0.090136
2134,-1.941450,0.151158,4.573100,-0.633765,0.771187,-0.060108
2135,-1.455713,0.241730,4.606033,-0.392947,-0.017973,0.919385
2136,-1.421350,0.450901,4.595477,-0.109278,-0.291154,-0.950414
2137,-1.440130,0.623957,4.592087,-0.630606,0.775613,-0.027581
2138,-0.839826,-0.064882,2.281127,-0.013577,-0.986574,0.162751
2139,-0.842200,-0.060751,2.278867,-0.702833,0.239127,-0.669959
2140,-2.439187,0.640291,4.520317,0.879334,0.476189,-0.004032
2141,-1.577210,0.157826,4.597963,0.559171,-0.323496,0.763334
2142,-1.576307,0.156952,4.591470,0.731396,-0.490172,-0.474121
2143,-1.577587,0.160984,4.594117,-0.106456,0.983366,-0.147170
2144,-1.580167,0.156957,4.594300,-0.965523,-0.239463,-0.102089
2145,-2.149503,0.646717,4.541670,-0.632194,-0.774224,-0.030134
2146,-2.837550,0.349459,4.489007,0.751602,-0.009561,0.659547
2147,-1.556373,0.549858,4.584117,-0.727022,0.675739,-0.121716
2148,-1.756903,0.050203,4.583297,0.120909,0.775132,0.620123
2149,-1.757610,0.049955,4.576807,-0.020964,0.725172,-0.688248
2150,-1.760213,0.047428,4.580473,-0.853296,-0.509177,0.112363
2151,-1.755483,0.047090,4.579973,0.663513,-0.746886,-0.043714
2152,-1.508450,0.240275,4.601553,-0.993422,-0.062057,0.096236
2153,-1.557820,0.246315,4.600093,0.608096,-0.320108,0.726464
2154,-1.557497,0.246035,4.593640,0.675964,-0.379238,-0.631864
2155,-1.558967,0.250036,4.596633,-0.118320,0.991770,-0.048908
2156,-1.560273,0.057253,4.590923,-0.600371,-0.682235,-0.417265
2157,-1.146957,0.143924,4.622090,-0.246068,0.935268,0.254408
2158,-1.337383,0.065302,4.602227,-0.608420,-0.375629,-0.699091
2159,-1.437683,0.333737,4.603390,0.100277,-0.989472,0.104352
2160,-1.438337,0.337594,4.606320,-0.641573,0.527605,0.556792
2161,-1.438270,0.336904,4.599713,-0.628868,0.399997,-0.666729
2162,-1.434830,0.337601,4.603017,0.984885,0.173021,-0.008132
2163,-1.445953,0.247435,4.604493,0.089705,0.845100,0.527029
2164,-1.420920,-0.028497,4.580190,0.655977,-0.014878,0.754634
2165,-1.443957,0.145401,4.612340,0.817781,0.233663,0.525962
2166,-1.444657,0.145142,4.605750,0.687360,0.185537,-0.702220
2167,-1.446220,0.142495,4.609357,-0.481872,-0.872060,0.085503
2168,-1.334227,0.064393,4.605767,0.971902,-0.226632,0.063593
2169,-1.347167,-0.035609,4.557533,0.837960,-0.294860,-0.459217
2170,-1.062407,0.140835,4.625697,-0.891768,0.240130,0.383521
2171,-1.155943,0.052921,4.615603,0.676433,0.728200,0.110281
2172,-1.421403,-0.026050,4.574643,0.536738,0.586173,-0.606888
2173,-1.227157,0.003601,4.593573,0.034262,0.638283,-0.769039
2174,-1.224297,0.000883,4.597380,0.927249,-0.257113,0.272217
2175,-1.143667,-0.024681,4.571127,-0.120183,0.529588,0.839698
2176,-0.689445,-0.063277,2.339267,-0.298405,-0.631564,-0.715598
2177,-0.697958,-0.062936,2.347163,0.380793,-0.240285,0.892894
2178,-1.057807,0.141669,4.624877,0.643427,0.730447,0.229019
2179,-1.525580,0.740735,4.602497,-0.320985,-0.911128,0.258485
2180,-1.143777,0.140008,4.622677,0.953200,-0.176601,0.245400
2181,-0.947763,0.041202,4.624133,0.836322,-0.429662,0.340524
2182,-1.236090,-0.026473,4.559137,0.809960,-0.436688,-0.391495
2183,-1.241440,-0.026610,4.559137,-0.790872,-0.473232,-0.388038
2184,-0.643045,-0.072316,1.816147,-0.199312,-0.483913,-0.852117
2185,-0.043869,-0.067622,1.749833,0.886896,-0.413921,-0.205147
2186,-0.913514,-0.013847,4.603657,0.742041,-0.474696,0.473327
2187,-0.021396,-0.062454,1.975677,0.550209,-0.550812,-0.627596
2188,-1.143777,-0.029387,4.569823,-0.561952,-0.800622,-0.207880
2189,-0.900801,-0.026005,4.562410,-0.685079,-0.475856,-0.551569
2190,-1.157803,0.049399,4.618360,-0.644816,-0.254424,0.720750
2191,-1.505313,0.240129,4.597923,0.412729,0.299206,-0.860309
2192,-1.557577,0.061669,4.589857,0.400448,0.624683,-0.670383
2193,-1.342497,0.150013,4.607557,0.794512,-0.086496,-0.601057
2194,-1.345330,0.153042,4.610417,-0.599943,0.792062,-0.112725
2195,-1.342797,0.150717,4.614100,0.735875,0.050796,0.675210
2196,-1.345467,0.148243,4.610927,-0.708970,-0.703912,0.043229
2197,-2.553830,1.938177,4.478823,-0.392443,-0.832487,0.391094
2198,-1.758893,0.246598,4.583077,0.544803,0.794543,0.268125
2199,0.241983,0.555078,2.796980,-0.249863,-0.912987,0.322527
2200,0.252192,0.551909,2.803927,-0.452238,-0.883363,0.123092
2201,-1.848057,0.140527,4.576793,0.014588,-0.732597,-0.680506
2202,-1.662257,-0.034862,4.539077,0.528195,0.236982,0.815383
2203,-1.946560,0.245530,4.570530,-0.150456,-0.500463,0.852584
2204,-2.050610,0.548908,4.551897,-0.555900,-0.791872,-0.252811
2205,-1.947053,0.244029,4.564643,0.067488,-0.798932,-0.597622
2206,-1.943477,0.247985,4.567597,0.920544,0.353052,-0.167189
2207,-2.251600,0.057398,4.554847,-0.094150,0.226921,0.969352
2208,0.208625,0.087319,3.012020,0.619868,0.755954,-0.210469
2209,0.205242,0.083794,3.011657,-0.996394,-0.064462,0.055177
2210,-1.721847,-0.025625,4.565520,-0.698106,0.649219,0.301931
2211,-2.352320,0.344294,4.539527,0.054547,-0.782444,0.620327
2212,-2.776870,0.269513,4.497943,-0.883820,0.458308,0.093895
2213,-2.254640,0.458054,4.541857,0.474424,0.846940,0.240030
2214,-2.256350,0.455507,4.537663,-0.528986,0.034584,-0.847925
2215,-2.258080,0.454718,4.543867,-0.888326,-0.129120,0.440688
2216,-2.254180,0.453240,4.541373,0.725624,-0.678225,0.116101
2217,0.242353,-0.080968,1.127123,-0.828712,-0.088608,0.552617
2218,-1.050783,-0.077862,1.544797,0.624819,0.298837,-0.721317
2219,-0.308949,-0.059731,2.200867,-0.905026,-0.046401,-0.422818
2220,-0.305722,-0.062893,2.202587,0.260933,-0.570881,0.778466
2221,-0.305991,-0.056243,2.202433,0.212472,0.625269,0.750929
2222,-0.304433,-0.059581,2.199463,0.469329,-0.001352,-0.883023
2223,-0.821153,-0.062226,2.025280,0.743213,0.625778,0.236720
2224,-0.628069,-0.068239,1.937417,-0.698193,-0.074340,-0.712039
2225,-0.651441,-0.065638,2.127373,-0.199993,-0.556856,0.806172
2226,-0.651070,-0.059023,2.126960,-0.131217,0.671461,0.729330
2227,-0.653149,-0.062417,2.124100,-0.590266,-0.017379,-0.807021
2228,-0.648458,-0.062615,2.125127,0.849142,-0.080152,-0.522047
2229,-0.822620,-0.065740,2.022427,-0.422576,-0.055444,-0.904630
2230,-0.143591,-0.080451,1.337420,-0.373560,-0.322247,-0.869833
2231,-0.140911,-0.075871,1.339760,0.319496,0.916004,-0.242609
2232,-0.138992,-0.081137,1.340887,0.846009,-0.529033,0.066275
2233,-0.143259,-0.079340,1.342053,-0.605987,-0.050954,0.793841
2234,-0.043063,-0.100716,0.551564,0.201510,-0.436269,-0.876962
2235,0.556137,0.817820,2.811347,0.476011,0.854087,0.209640
2236,0.019271,-0.069833,1.603837,0.836769,0.016286,0.547313
2237,0.250080,-0.074630,1.345447,0.919801,0.347161,0.182878
2238,-0.138410,-0.084992,1.250253,0.808941,-0.587749,0.012837
2239,0.349405,-0.069576,1.538047,-0.833996,-0.067293,0.547652
2240,-0.282754,-0.097043,0.626093,0.506541,0.705779,0.495269
2241,-0.282594,-0.103613,0.627046,0.536116,-0.511352,0.671639
2242,-0.282522,-0.100839,0.623018,0.116945,-0.139686,-0.983266
2243,-0.286128,-0.100469,0.626179,-0.998816,-0.029798,-0.038465
2244,0.447741,0.816967,2.794177,-0.845844,-0.461632,-0.267290
2245,-0.362389,-0.070555,1.838187,-0.741844,-0.668423,0.053639
2246,1.140593,0.747979,2.770930,0.668018,0.730770,-0.140450
2247,-0.683749,-0.055291,2.337510,-0.051035,0.993888,-0.097885
2248,-0.701171,-0.054827,2.341497,0.076285,0.996312,0.039273
2249,-0.742951,-0.060407,2.247163,-0.894596,-0.032101,0.445722
2250,-0.838112,-0.086629,1.256590,0.821503,-0.053937,-0.567647
2251,0.196709,0.156091,3.038503,-0.218012,0.959748,-0.177072
2252,0.647011,0.051205,2.835787,-0.165275,-0.959133,0.229670
2253,-0.241791,-0.074642,1.560537,0.681295,-0.129450,-0.720472
2254,-0.628017,-0.068171,1.942273,-0.673945,-0.053817,0.736819
2255,-0.753105,-0.065086,1.937707,0.520828,0.426440,0.739518
2256,-0.625811,-0.064660,1.939743,0.732575,0.680469,-0.017195
2257,-0.651112,-0.085709,1.247603,-0.801262,-0.006046,0.598282
2258,-0.546738,-0.070411,1.734130,-0.018173,-0.997771,0.064211
2259,-0.336482,-0.078231,1.464037,-0.549599,0.015544,-0.835284
2260,0.949871,0.836632,2.819997,0.095310,0.883982,-0.457704
2261,-0.136928,-0.098793,0.584612,0.601866,0.110761,0.790879
2262,0.339570,-0.080819,1.143393,-0.834220,-0.284984,-0.472083
2263,0.245045,-0.086906,0.744620,-0.869282,0.493171,0.033631
2264,0.149543,-0.087701,0.747838,0.195178,0.854718,0.481001
2265,0.151736,-0.091307,0.743708,0.853740,-0.112045,-0.508502
2266,0.146823,-0.090255,0.743833,-0.844212,0.091549,-0.528134
2267,0.148902,-0.093040,0.747938,-0.152282,-0.783140,0.602911
2268,0.348727,-0.087262,0.746042,-0.186358,0.976240,0.110576
2269,0.351633,-0.090254,0.743232,0.226331,-0.352044,-0.908207
2270,0.351361,-0.090856,0.748092,0.635408,-0.101817,0.765434
2271,-0.053481,-0.091087,0.844452,0.710374,-0.025563,-0.703360
2272,-0.056003,-0.094330,0.846913,-0.804784,-0.593568,-0.000386
2273,-0.056000,-0.087673,0.846674,-0.804328,0.592627,-0.043010
2274,-0.053610,-0.090916,0.849206,0.680814,0.026049,0.731993
2275,0.156903,-0.095110,0.646868,0.952445,-0.239833,0.187961
2276,0.152394,-0.096640,0.646962,-0.595376,-0.507290,-0.623045
2277,0.153381,-0.092086,0.647772,-0.303676,0.871228,-0.385671
2278,0.348075,-0.087726,0.643315,0.223426,0.650757,-0.725669
2279,0.345039,-0.091523,0.644807,-0.970172,-0.161942,0.180392
2280,0.349226,-0.090652,0.646877,0.319924,0.113804,0.940584
2281,-0.047468,-0.085006,1.043623,0.718113,0.061550,0.693200
2282,-0.050194,-0.081896,1.041217,-0.836694,0.547518,0.012938
2283,-0.049818,-0.088544,1.041417,-0.769581,-0.636680,0.048823
2284,-0.047643,-0.085160,1.038863,0.671824,0.015796,-0.740542
2285,0.313432,-0.093081,0.468121,-0.725169,0.672720,-0.146896
2286,0.316323,-0.096564,0.466095,0.777993,-0.043658,-0.626755
2287,0.313021,-0.099693,0.468072,-0.802760,-0.575455,-0.156295
2288,0.315392,-0.096542,0.470795,0.540821,-0.039934,0.840189
2289,-1.208917,-0.067893,1.954017,0.750195,0.488305,-0.445832
2290,0.150998,-0.104530,0.342691,0.359935,0.027202,0.932581
2291,0.459060,-0.085167,0.838850,-0.401285,0.152607,-0.903151
2292,0.339522,-0.094519,0.546925,-0.021618,-0.999760,-0.003541
2293,-0.041308,-0.078003,1.345377,0.661307,0.045365,-0.748743
2294,-0.249035,-0.096211,0.743230,-0.648228,0.014486,-0.761309
2295,-0.248362,-0.099641,0.547672,0.210035,0.492893,0.844359
2296,-0.146651,-0.103317,0.447026,0.832573,-0.022106,-0.553474
2297,0.167616,-0.099240,0.474359,0.995201,-0.081763,-0.053749
2298,0.163742,-0.102239,0.474162,-0.603681,-0.554783,-0.572525
2299,0.164296,-0.095633,0.474365,-0.500117,0.681213,-0.534631
2300,0.164199,-0.099059,0.477786,-0.028960,-0.028227,0.999182
2301,0.054055,-0.103429,0.442915,0.957444,-0.250084,0.144082
2302,0.049714,-0.100258,0.446213,-0.019131,0.463189,0.886053
2303,0.050530,-0.100088,0.441093,-0.193673,0.567391,-0.800348
2304,-0.149740,-0.099891,0.449196,-0.089447,0.749774,0.655620
2305,0.210013,-0.104803,0.291693,0.994197,0.065243,0.085527
2306,0.205197,-0.102259,0.293191,-0.383552,0.746467,0.543760
2307,0.205591,-0.108052,0.293034,-0.277184,-0.819618,0.501394
2308,0.205741,-0.105020,0.288977,-0.294159,0.005857,-0.955739
2309,0.146830,-0.098461,0.437617,0.506465,0.574004,0.643438
2310,0.227475,-0.103876,0.424336,0.439546,-0.531779,0.723886
2311,0.236947,-0.102672,0.436424,-0.026372,-0.976348,-0.214593
2312,0.047713,-0.110955,0.190337,-0.867547,0.431664,-0.247037
2313,0.146658,-0.101515,0.433975,0.116058,0.064199,-0.991165
2314,0.265937,-0.100750,0.385926,-0.126345,-0.074891,-0.989155
2315,-0.149274,-0.106368,0.450157,0.002949,-0.533282,0.845933
2316,0.236933,-0.093226,0.431431,0.604319,0.555058,-0.571586
2317,0.232582,-0.093625,0.433780,-0.599464,0.659303,0.453830
2318,-0.229420,-0.105801,0.351425,0.942798,-0.101662,0.317484
2319,-0.233245,-0.108728,0.350059,-0.371689,-0.654534,-0.658356
2320,-0.232366,-0.102222,0.349531,-0.199885,0.616586,-0.761490
2321,-0.233911,-0.105049,0.353213,-0.420051,0.129669,0.898189
2322,-0.140939,-0.095939,0.581573,-0.541154,0.840861,-0.010226
2323,-0.141279,-0.101617,0.582627,-0.667945,-0.713491,0.211614
2324,-0.137815,-0.099424,0.579684,0.505448,-0.186631,-0.842432
2325,0.952952,-0.061547,1.437440,-0.980400,0.026570,0.195217
2326,0.252756,-0.088786,0.643551,0.782581,0.620939,0.044743
2327,0.125851,-0.112909,0.190240,0.847677,0.465707,-0.254087
2328,0.247713,-0.091966,0.540744,-0.027118,0.932426,-0.360342
2329,0.431787,-0.089776,0.657985,-0.168063,-0.428444,0.887801
2330,0.653842,-0.081142,1.048993,0.658321,-0.752716,-0.005698
2331,-0.454039,-0.068442,1.830467,0.797512,-0.063847,0.599915
2332,-0.434841,-0.094508,0.656309,0.938717,0.027821,0.343565
2333,0.246166,-0.087816,0.848899,-0.802084,-0.041619,-0.595759
2334,-0.670536,-0.073595,1.651893,-0.011901,-0.990888,-0.134164
2335,-0.673166,-0.070140,1.654380,-0.869585,0.487667,0.077475
2336,-0.668469,-0.069570,1.649760,0.025103,0.596427,-0.802274
2337,-0.668408,-0.070210,1.654477,0.699999,0.018902,0.713893
2338,-0.446774,-0.065620,1.968300,0.995313,0.014028,-0.095684
2339,-0.450299,-0.062338,1.968633,-0.499761,0.625223,0.599445
2340,-0.450173,-0.068982,1.968973,-0.476746,-0.579154,0.661281
2341,-0.450563,-0.065843,1.965373,-0.143075,-0.053290,-0.988276
2342,0.154637,-0.064139,1.803693,-0.939357,-0.150046,0.308373
2343,1.450950,0.358165,2.840873,-0.189316,0.819742,0.540538
2344,-0.046652,-0.064245,1.751860,-0.176410,0.979893,-0.093218
2345,0.055627,-0.077888,1.241107,0.166306,0.448829,-0.878006
2346,-0.146954,-0.074992,1.437863,0.869998,0.486820,-0.078162
2347,-0.056467,-0.081432,1.245460,0.746393,-0.108880,-0.656539
2348,0.342967,-0.082430,1.147357,0.079326,-0.521696,0.849435
2349,0.341780,-0.076472,1.145857,-0.192107,0.840602,0.506442
2350,0.344237,-0.079848,1.143553,0.756446,-0.013965,-0.653907
2351,0.041802,-0.086839,0.945109,0.653457,0.044632,0.755646
2352,0.352288,-0.066033,1.535930,0.211278,0.939889,-0.268274
2353,0.248365,-0.064850,1.721060,0.788058,0.113678,0.605015
2354,0.245483,-0.061986,1.718267,-0.083895,0.537311,-0.839201
2355,-0.651857,-0.077614,1.352590,0.295955,0.922623,0.247341
2356,0.042394,-0.075352,1.465487,0.715485,-0.038735,0.697553
2357,-0.048051,-0.076640,1.412937,-0.759569,-0.027242,0.649856
2358,-0.045528,-0.073227,1.410500,0.025775,0.650502,-0.759067
2359,-0.045482,-0.079846,1.410277,0.034527,-0.597494,-0.801130
2360,-0.043159,-0.076612,1.413127,0.707714,-0.018880,0.706247
2361,-0.543551,-0.089566,1.036703,-0.259869,0.371781,-0.891205
2362,-0.539759,-0.088994,1.040840,0.853559,0.452571,0.258101
2363,-0.544398,-0.090695,1.041483,-0.740287,0.081983,0.667273
2364,-0.711884,-0.094898,0.990501,0.099289,-0.890781,0.443453
2365,0.142432,-0.111451,0.249169,-0.034323,-0.971069,0.236319
2366,0.461545,-0.082538,0.842527,0.783957,0.580503,0.220063
2367,0.461117,-0.088997,0.841625,0.698181,-0.714843,0.039277
2368,0.458198,-0.085754,0.843470,-0.819693,-0.025580,0.572232
2369,-0.243781,-0.070888,1.562863,0.098074,0.682446,0.724326
2370,-0.246718,-0.092279,0.849680,0.765035,-0.159264,-0.623984
2371,-0.246571,-0.101839,0.543325,0.586489,0.216040,-0.780613
2372,-0.248131,-0.105935,0.546104,0.258230,-0.815154,0.518499
2373,-0.251195,-0.102373,0.544787,-0.909710,0.068531,-0.409550
2374,-0.508263,-0.102014,0.692014,-0.659977,-0.440417,-0.608657
2375,0.863170,-0.062846,1.436607,0.880339,0.022767,0.473799
2376,-0.231545,-0.099832,0.592634,-0.123149,0.092530,0.988065
2377,-0.415825,-0.101171,0.582553,-0.989957,0.129179,0.057420
2378,-0.410974,-0.098080,0.583950,0.334830,0.746075,0.575553
2379,-0.411750,-0.103946,0.583779,0.374961,-0.800168,0.468119
2380,-0.411585,-0.100862,0.579685,0.282243,-0.009287,-0.959298
2381,-0.751926,-0.088757,1.146057,0.393595,0.103666,-0.913420
2382,-0.753492,-0.092436,1.148930,-0.724062,-0.668520,0.169751
2383,-0.750539,-0.089111,1.150580,0.879207,-0.002223,0.476434
2384,-0.258756,-0.078807,1.464790,-0.784527,0.040129,-0.618795
2385,0.269587,-0.099764,0.389607,0.953650,-0.048185,0.297035
2386,0.242937,-0.098919,0.446402,-0.615033,0.093290,0.782963
2387,-0.439762,-0.103436,0.653999,0.016166,-0.958778,0.283696
2388,-0.444122,-0.102346,0.670405,-0.250522,-0.833243,-0.492894
2389,-0.321321,-0.105477,0.470814,0.326240,-0.489472,0.808693
2390,-0.151431,-0.103694,0.446805,-0.677460,-0.155460,-0.718944
2391,-0.145953,-0.100785,0.648185,0.732572,-0.606973,0.308095
2392,0.057902,-0.101106,0.494886,-0.075791,-0.095038,-0.992584
2393,0.248042,-0.089810,0.746909,0.738884,0.115489,0.663862
2394,0.154470,-0.098633,0.544865,0.873766,-0.420646,0.244110
2395,0.150244,-0.098991,0.540863,-0.265543,-0.561649,-0.783605
2396,0.152313,-0.093910,0.542211,0.312779,0.858210,-0.406996
2397,0.150059,-0.096904,0.545121,-0.688793,0.089760,0.719380
2398,-0.070025,-0.102724,0.516024,-0.759305,-0.558659,0.333702
2399,-0.350819,-0.091954,1.039873,0.095490,-0.522502,-0.847274
2400,0.142956,-0.101594,0.436960,-0.999268,0.032685,0.019873
2401,-0.121382,-0.110530,0.192539,0.492785,0.755740,0.431300
2402,-0.121222,-0.114932,0.189968,0.383917,-0.918960,0.090114
2403,-0.125504,-0.112451,0.190514,-0.944541,-0.190499,0.267493
2404,0.052345,-0.111910,0.188359,0.654092,0.059701,-0.754055
2405,0.434052,-0.085622,0.655907,0.508417,0.860604,-0.029544
2406,-0.048601,-0.105272,0.347185,0.133695,0.264945,0.954950
2407,-0.441088,-0.103059,0.641091,-0.682214,-0.715055,-0.152576
2408,-0.050308,-0.099105,0.651081,0.041070,-0.544685,0.837634
2409,-0.051580,-0.093462,0.649272,0.022186,0.898394,0.438629
2410,-0.049609,-0.097052,0.646841,0.679150,-0.080741,-0.729545
2411,0.058589,-0.097490,0.497995,0.142038,0.977942,0.153152
2412,0.054884,-0.101255,0.498638,-0.713279,-0.374222,0.592613
2413,0.045129,-0.104415,0.343640,-0.955821,0.275036,0.103739
2414,-0.208599,-0.105585,0.287618,0.025783,0.956521,0.290521
2415,-0.212673,-0.109599,0.287865,-0.928233,-0.266519,0.259521
2416,-0.151770,-0.106262,0.341233,-0.765468,-0.038681,0.642310
2417,0.150081,-0.101308,0.339347,0.237182,0.693251,-0.680549
2418,0.146698,-0.104955,0.340760,-0.980178,-0.103561,0.168896
2419,0.150755,-0.107799,0.339277,0.372881,-0.614974,-0.694814
2420,0.048757,-0.106112,0.341042,0.594530,0.366343,-0.715770
2421,0.222668,-0.101762,0.356259,-0.614707,0.381809,0.690187
2422,0.225477,-0.106558,0.354789,0.126812,-0.953137,0.274678
2423,0.228095,-0.101584,0.354370,0.872430,0.463434,0.155221
2424,0.224118,-0.102921,0.351567,-0.330017,0.094463,-0.939237
2425,0.049610,-0.115542,0.191619,-0.092457,-0.964167,0.248664
2426,0.051548,-0.110455,0.193703,0.428373,0.403160,0.808677
2427,0.141471,-0.106885,0.251321,0.206315,0.620391,0.756670
2428,0.223583,-0.101198,0.422822,-0.960732,-0.149815,-0.233559
2429,0.049092,-0.106724,0.345749,0.618455,0.137967,0.773614
2430,-0.146946,-0.106269,0.341392,0.700694,-0.042112,0.712218
2431,-0.029482,0.053157,0.156126,0.982144,0.027186,-0.186155
2432,-0.032604,0.051513,0.159725,-0.370664,-0.782358,0.500524
2433,-0.033822,0.053599,0.153602,-0.609367,-0.373814,-0.699239
2434,-0.033093,0.055932,0.157789,-0.101782,0.935349,0.338767
2435,0.047794,-0.095027,0.647036,-0.762777,-0.056843,-0.644159
2436,-0.049138,-0.102673,0.446127,-0.545828,-0.026316,0.837484
2437,0.048619,-0.096948,0.548150,-0.609759,0.217660,0.762114
2438,0.047685,-0.110451,0.342673,-0.469317,-0.879311,-0.080958
2439,-0.151800,-0.100723,0.533740,0.168515,-0.054867,-0.984171
2440,0.052904,-0.095148,0.545273,0.872792,0.485900,0.046205
2441,-0.064163,-0.101899,0.517181,0.699029,-0.353421,0.621652
2442,-0.067534,-0.098117,0.515842,-0.151787,0.986215,0.065890
2443,-0.066303,-0.101902,0.512306,0.212066,-0.152803,-0.965235
2444,-0.246753,-0.099587,0.745612,0.802021,-0.595070,0.051513
2445,-0.249407,-0.096305,0.747934,-0.732293,-0.014334,0.680839
2446,-0.152176,-0.092920,0.848311,-0.695976,-0.049278,-0.716373
2447,-0.349128,-0.102621,0.547417,0.407514,-0.124060,-0.904733
2448,0.245862,-0.093512,0.744860,-0.723440,-0.686138,0.076482
2449,-0.081786,0.119424,0.283495,0.500084,0.304214,-0.810784
2450,-0.431871,-0.097892,0.625172,-0.129060,0.859147,-0.495187
2451,0.144898,-0.108318,0.245929,0.887738,0.335422,-0.315297
2452,0.140283,-0.107927,0.246866,-0.830595,0.084532,-0.550424
2453,-0.323123,-0.100007,0.469270,-0.131493,0.899423,0.416831
2454,-0.325904,-0.104649,0.467582,-0.927892,-0.345387,-0.140441
2455,-0.321408,-0.103479,0.466477,0.570472,-0.043442,-0.820167
2456,-0.249171,-0.103611,0.447026,0.705253,-0.049990,0.707191
2457,-0.147748,-0.097592,0.645050,-0.350823,-0.024128,-0.936131
2458,-0.146225,-0.094197,0.648117,0.679846,0.671468,0.294858
2459,-0.149640,-0.097624,0.649485,-0.880884,-0.031448,0.472287
2460,-0.249365,-0.103801,0.442019,0.625120,-0.103625,-0.773619
2461,-0.149570,-0.095066,0.747492,0.660931,0.024864,-0.750035
2462,-0.500911,-0.102214,0.692946,0.695212,-0.718235,-0.028618
2463,-0.249284,-0.088507,0.850982,-0.071952,0.780504,0.620997
2464,-0.232530,-0.097176,0.588726,-0.507721,0.611526,-0.606840
2465,-0.348573,-0.101046,0.624176,-0.762995,-0.021314,-0.646053
2466,-0.350602,-0.085327,1.040497,0.134263,0.663838,-0.735726
2467,-0.353490,-0.088746,1.042280,-0.824356,-0.026235,0.565464
2468,-0.348810,-0.088961,1.042940,0.601493,-0.094280,0.793295
2469,-0.243583,-0.098921,0.647238,0.990018,0.096122,-0.103073
2470,-0.231929,-0.103377,0.589382,-0.370016,-0.809040,-0.456665
2471,-0.227826,-0.099796,0.589558,0.977772,0.074016,-0.196174
2472,-0.510717,-0.100537,0.700100,-0.884525,-0.244032,0.397573
2473,-0.503365,-0.100738,0.701032,0.565772,-0.508550,0.649060
2474,-0.505497,-0.095462,0.699527,0.000005,0.977670,0.210148
2475,-0.057033,-0.080990,1.250373,0.311523,-0.288698,0.905322
2476,0.448356,-0.087470,0.741605,-0.647256,0.009825,-0.762209
2477,-0.147446,-0.093359,0.848476,0.835617,-0.472656,-0.279892
2478,-0.149565,-0.089463,0.850267,0.073444,0.928452,0.364119
2479,-0.151701,-0.094679,0.852701,-0.072879,-0.449038,0.890536
2480,-0.348388,-0.097470,0.747354,-0.785367,-0.019316,0.618729
2481,-0.345134,-0.100706,0.745332,0.755184,-0.636448,0.156944
2482,-0.345167,-0.094106,0.745497,0.748960,0.635171,0.188724
2483,-0.347312,-0.097348,0.742673,-0.514161,0.018918,-0.857485
2484,-0.248267,-0.087152,1.045620,0.704880,0.026461,0.708832
2485,-0.250787,-0.090569,1.043330,-0.787347,-0.615549,0.034414
2486,-0.248401,-0.087249,1.040833,0.674888,-0.003055,-0.737914
2487,-0.251650,-0.100129,0.444557,-0.685714,0.727870,-0.001052
2488,-0.252388,-0.106645,0.444833,-0.830981,-0.553750,0.053207
2489,-0.149203,-0.102798,0.338912,0.025763,0.663368,-0.747849
2490,-0.149200,-0.109423,0.338517,0.026321,-0.569815,-0.821351
2491,-0.449219,-0.095956,0.845537,-0.667256,0.016143,0.744653
2492,-0.143961,-0.110398,0.246188,-0.618398,0.101108,0.779334
2493,-0.152481,-0.097212,0.536877,0.354589,0.738169,0.573910
2494,-0.249172,-0.089801,0.941526,-0.659145,0.020292,0.751742
2495,-0.148752,-0.082652,1.043760,-0.357438,0.887545,-0.290694
2496,-0.764148,-0.083840,1.345730,0.667709,-0.162391,-0.726495
2497,0.348386,-0.085739,0.957787,-0.104113,-0.351078,0.930540
2498,0.164389,0.327703,3.435027,-0.984659,-0.050266,0.167090
2499,0.193304,0.743137,2.973407,-0.656286,-0.745100,0.118805
2500,0.194077,0.748199,2.972880,-0.330205,0.870028,-0.366083
2501,0.240466,0.288682,2.802893,0.629490,-0.454055,0.630537
2502,0.264070,0.051174,2.823377,-0.230508,-0.552768,0.800820
2503,0.187360,0.168659,3.106310,-0.078748,-0.393203,0.916073
2504,0.344494,0.448908,2.814433,-0.682913,-0.134228,-0.718062
2505,0.834379,-0.070070,1.251380,-0.879942,-0.366755,0.301982
2506,2.220217,0.453508,3.506923,-0.619211,0.213254,-0.755712
2507,2.222453,0.455547,3.511903,-0.210989,0.705864,0.676195
2508,2.225793,0.453562,3.508607,0.904401,0.044397,-0.424368
2509,2.222147,0.450451,3.510717,-0.118402,-0.899172,0.421273
2510,-0.460904,-0.050471,2.302283,0.515267,0.717434,0.468816
2511,0.098885,0.745151,4.680030,-0.892729,0.426964,-0.144001
2512,0.151422,-0.064234,1.747563,-0.363542,-0.063558,0.929407
2513,-0.047591,-0.067802,1.754977,0.096980,-0.452261,0.886597
2514,-0.049110,-0.068556,1.749930,-0.769458,-0.293753,-0.567136
2515,0.056370,-0.084376,1.037980,-0.634762,0.212591,-0.742888
2516,-0.129352,-0.062831,1.737930,0.732290,0.607810,0.307113
2517,-0.148869,-0.073612,1.541970,-0.833179,-0.075778,-0.547787
2518,-0.146221,-0.070032,1.543617,0.758515,0.619279,-0.202853
2519,-0.145835,-0.076679,1.543950,0.826038,-0.544837,-0.144268
2520,-0.147872,-0.073322,1.546583,-0.538693,0.011019,0.842430
2521,0.059915,-0.064266,1.747493,-0.643175,0.009742,0.765657
2522,-0.056712,-0.071918,1.634320,-0.499993,-0.863396,-0.067487
2523,-0.648266,-0.073831,1.740713,0.146197,-0.576879,0.803640
2524,-0.454971,-0.085844,1.250827,0.839910,-0.242483,0.485544
2525,-0.154846,-0.059824,1.852913,-0.281041,0.656761,0.699773
2526,-0.639280,-0.072116,1.820450,0.864048,-0.403746,0.300682
2527,0.206556,-0.060904,1.867030,-0.390790,0.084497,0.916593
2528,0.207411,-0.064500,1.863500,-0.383299,-0.705903,-0.595637
2529,0.210787,-0.061179,1.864633,0.972634,0.003109,0.232322
2530,0.567324,-0.058592,1.751950,-0.524851,0.285229,0.801982
2531,-0.228180,-0.062911,1.926357,-0.984661,-0.166308,0.052760
2532,-0.530981,-0.062137,2.130653,0.191931,0.085578,0.977670
2533,-0.224327,-0.070912,1.637323,0.895321,0.018499,0.445037
2534,0.447078,-0.068792,1.559767,0.944038,-0.321746,-0.072607
2535,0.441757,-0.070656,1.557583,-0.370899,-0.535180,-0.758957
2536,0.443751,-0.065072,1.558770,-0.151898,0.903330,-0.401151
2537,0.047476,-0.074583,1.561690,-0.200572,-0.585120,0.785752
2538,-0.021842,-0.055803,1.975630,0.472171,0.610389,-0.635987
2539,-0.856715,-0.083869,1.345927,-0.828320,0.278597,0.486076
2540,-0.853335,-0.081144,1.341610,-0.096881,0.630790,-0.769882
2541,-0.854433,-0.086985,1.343087,-0.006832,-0.843150,-0.537634
2542,-0.851888,-0.083641,1.345507,0.784491,0.009291,0.620070
2543,-0.751673,-0.070837,1.752807,-0.069710,0.997361,0.020306
2544,-0.754031,-0.074479,1.754807,-0.099014,-0.589927,0.801362
2545,-0.534909,-0.062341,2.127947,-0.987312,0.023670,0.157020
2546,-2.757547,1.045130,4.490757,-0.828533,-0.097981,0.551301
2547,-0.768303,-0.085728,1.346930,-0.847447,-0.523929,0.085625
2548,-1.756037,0.367702,4.576457,-0.044425,0.854475,-0.517590
2549,-0.646423,-0.070573,1.737730,0.584065,-0.018925,-0.811486
2550,-0.859999,-0.077970,1.564927,0.665698,-0.042934,-0.744985
2551,-0.848392,-0.077235,1.468957,-0.178754,0.706727,0.684532
2552,-0.858434,-0.074091,1.727310,-0.947794,-0.050700,0.314826
2553,-0.855217,-0.070587,1.726397,0.663103,0.635916,0.394848
2554,-0.856104,-0.073959,1.723183,-0.261606,-0.011356,-0.965108
2555,-0.862190,-0.074494,1.567330,0.064030,0.626627,0.776685
2556,-0.862231,-0.081150,1.567677,0.056764,-0.543367,0.837574
2557,-0.653085,-0.082415,1.354183,-0.573561,-0.459720,0.678001
2558,-0.850269,-0.080765,1.465957,-0.579193,-0.056979,-0.813197
2559,-0.845572,-0.080778,1.467197,0.878561,-0.065100,-0.473173
2560,-0.646402,-0.085608,1.248020,0.643984,0.025453,0.764616
2561,-0.334610,-0.081619,1.466917,0.759210,-0.636434,0.136205
2562,-0.908341,-0.088837,1.279600,0.912164,-0.218844,-0.346502
2563,-0.663539,-0.075975,1.541120,-0.749709,0.028171,0.661168
2564,-0.190059,-0.062865,1.910687,0.579953,0.037820,-0.813771
2565,0.026384,-0.057493,1.870267,-0.056997,0.616943,0.784941
2566,-0.953107,-0.085852,1.468527,-0.809948,-0.562335,0.166623
2567,-2.832040,0.754708,4.486093,0.376275,-0.015325,0.926381
2568,-2.834110,0.751891,4.482217,-0.281045,-0.910094,-0.304536
2569,-2.829950,0.755903,4.480593,0.864331,0.053112,-0.500111
2570,-2.834310,0.756653,4.482377,-0.713112,0.690538,-0.120948
2571,-0.339281,-0.071649,1.655977,-0.765718,0.022563,0.642781
2572,-0.449771,-0.096557,0.940342,0.293616,-0.922691,-0.249860
2573,-0.451787,-0.091629,0.937870,-0.235467,0.370309,-0.898569
2574,-0.447763,-0.091446,0.941922,0.852754,0.466654,0.234617
2575,-0.452283,-0.093028,0.942454,-0.709565,0.061829,0.701922
2576,-0.353097,-0.102681,0.671659,-0.795043,-0.594762,-0.119015
2577,-0.249194,-0.094936,0.852732,-0.056116,-0.359586,0.931423
2578,-0.049330,-0.090108,0.750586,-0.076789,0.664873,0.742998
2579,-0.155618,-0.101078,0.536556,-0.987096,-0.154782,-0.041046
2580,-0.151481,-0.103731,0.537412,0.544221,-0.497839,0.675263
2581,-0.251447,-0.092439,0.849333,-0.665313,-0.204725,-0.717946
2582,-0.345494,-0.094277,0.844927,0.737567,0.000755,0.675274
2583,-0.049186,-0.091322,0.746012,-0.670272,-0.064052,-0.739346
2584,-0.449877,-0.088076,1.037767,0.312118,0.457807,-0.832463
2585,-0.546898,-0.078930,1.435923,0.010789,-0.999600,0.026136
2586,0.155922,-0.070156,1.555897,0.872033,-0.010642,0.489331
2587,0.038513,-0.077269,1.357527,-0.705181,0.098459,-0.702158
2588,0.142364,-0.075617,1.455597,-0.892261,-0.442367,0.090453
2589,0.249089,-0.091000,0.850966,0.154800,-0.625760,0.764501
2590,-0.047144,-0.094399,0.748976,0.042133,-0.965341,0.257569
2591,0.539453,-0.076926,1.058953,-0.178805,0.536702,0.824609
2592,0.541067,-0.082526,1.057263,-0.094350,-0.907256,0.409859
2593,0.544077,-0.078932,1.055577,0.933142,0.318976,-0.165835
2594,0.539347,-0.078910,1.054537,-0.563091,0.085753,-0.821934
2595,0.244999,-0.077336,1.125237,0.083137,0.680519,-0.727998
2596,0.245333,-0.083949,1.124677,0.144603,-0.537102,-0.831030
2597,0.251328,-0.078082,1.246027,-0.728635,0.060755,0.682202
2598,0.253855,-0.081614,1.243927,0.773662,-0.628373,0.081205
2599,0.254109,-0.074971,1.243607,0.819630,0.572417,0.023353
2600,0.251632,-0.078323,1.241260,-0.648852,-0.011807,-0.760823
2601,0.154057,-0.087144,0.848958,-0.169302,0.941878,-0.290178
2602,0.015760,-0.067309,1.601060,-0.604502,0.793731,0.067593
2603,0.018142,-0.070154,1.597503,0.596131,-0.052159,-0.801191
2604,0.015682,-0.072353,1.601330,-0.654134,-0.740507,0.154140
2605,0.852164,-0.062718,1.355667,-0.333900,0.821835,-0.461625
2606,0.954319,0.821716,2.815583,0.738239,-0.415710,0.531214
2607,0.263720,0.347004,2.819507,0.650522,0.266136,0.711332
2608,0.259761,0.343729,2.818733,-0.366472,-0.927728,0.070840
2609,0.263336,0.346761,2.814330,0.400086,-0.277430,-0.873478
2610,0.259566,0.348464,2.817140,-0.638640,0.769423,0.011289
2611,0.358470,0.811823,2.799197,0.789369,0.613760,-0.013946
2612,0.554197,0.745539,2.821767,0.379346,-0.920290,-0.095719
2613,0.159615,0.561204,3.504257,0.678180,0.732149,0.063486
2614,0.241239,0.839710,2.784570,0.039838,0.276991,0.960046
2615,-0.224398,-0.062681,1.929460,0.247171,-0.078901,0.965754
2616,1.657277,0.256200,2.889453,-0.288246,-0.647462,-0.705483
2617,1.668027,0.256178,2.891650,0.615883,0.272192,-0.739324
2618,-0.470871,-0.050002,2.302800,-0.406368,0.900615,-0.154135
2619,-0.154269,-0.063539,2.010013,0.136828,-0.934713,-0.328010
2620,-0.151891,-0.058198,2.009357,0.654705,0.502640,-0.564548
2621,-0.157654,-0.059239,2.009917,-0.868791,0.343035,-0.357113
2622,-0.154199,-0.059925,2.013313,0.080952,0.086039,0.992998
2623,-0.013611,-0.056829,2.080780,-0.874685,-0.075343,-0.478800
2624,-0.225209,-0.052766,2.442977,-0.222907,-0.044240,0.973835
2625,-0.156995,-0.057693,2.129483,0.908794,-0.004949,0.417215
2626,-0.249313,-0.063891,1.851350,0.291078,0.948224,0.127060
2627,-0.030979,-0.054757,2.241000,0.633211,0.073360,0.770495
2628,0.747701,2.153210,4.704300,0.127902,0.131545,-0.983024
2629,-0.012147,-0.056447,2.085377,-0.399678,0.042322,0.915678
2630,0.202307,0.659020,3.015900,0.309955,0.919355,0.242312
2631,0.444455,0.545603,2.818750,-0.828449,0.020529,-0.559688
2632,0.547689,0.252631,2.835403,0.613185,0.789837,-0.012730
2633,0.117914,-0.012561,4.650153,0.755593,-0.482885,-0.442608
2634,0.115391,-0.007547,4.650357,0.084884,0.961440,-0.261589
2635,0.116016,-0.011017,4.655210,0.243243,0.083193,0.966391
2636,0.642402,0.746343,2.824263,-0.810408,-0.063108,-0.582458
2637,0.514924,-0.053726,1.985320,-0.357366,-0.001511,0.933963
2638,0.232998,-0.066825,1.521407,-0.751471,0.563387,0.343345
2639,0.462954,-0.058234,1.941107,-0.021258,-0.878434,0.477390
2640,0.460624,-0.052730,1.942543,-0.195244,0.557255,0.807061
2641,0.460755,-0.055012,1.938350,-0.575072,-0.030080,-0.817550
2642,0.349952,0.814360,2.799347,-0.558031,0.346481,0.754024
2643,0.351122,0.812719,2.793347,-0.063763,-0.155824,-0.985725
2644,0.166177,0.726715,3.396447,-0.206893,0.948242,-0.240901
2645,0.248031,0.745386,2.794847,-0.010273,-0.906377,-0.422345
2646,0.160336,0.449794,3.447030,-0.769324,-0.046541,0.637161
2647,-0.140899,-0.081732,1.247753,-0.683042,-0.020361,-0.730095
2648,-0.138466,-0.078332,1.250120,0.798940,0.601308,-0.011074
2649,-0.140905,-0.081636,1.252493,-0.703289,0.008318,0.710855
2650,0.192816,0.158506,3.050697,-0.245399,0.884715,-0.396307
2651,0.265392,0.741088,2.813470,0.876734,-0.474646,0.077775
2652,0.751017,-0.062717,1.653677,-0.191405,-0.708786,-0.678960
2653,0.186461,0.183250,3.291590,-0.788421,0.613856,-0.039671
2654,0.168182,0.329950,3.432793,0.144052,0.773192,-0.617594
2655,0.351690,0.743279,2.808680,0.697026,-0.689472,0.196934
2656,0.195264,0.743739,2.984030,-0.580791,-0.786026,0.211767
2657,0.256639,0.552106,2.815240,-0.469626,-0.837745,0.278630
2658,0.266872,0.552420,2.817457,0.949384,-0.092689,0.300131
2659,0.257190,0.557038,2.815020,-0.131761,0.864034,0.485885
2660,0.646996,0.352039,2.838330,0.124084,0.889534,0.439695
2661,1.146613,-0.042556,1.842380,0.817292,0.575114,-0.035752
2662,1.145337,-0.048562,1.840950,0.531681,-0.768355,-0.356295
2663,1.142270,-0.044286,1.839630,-0.644299,0.304026,-0.701745
2664,1.143370,-0.045575,1.844050,-0.504546,-0.097013,0.857917
2665,-0.713332,-0.058397,2.355433,0.444112,-0.294988,0.846018
2666,-0.714198,-0.053893,2.351970,0.119954,0.992605,-0.018629
2667,-0.717480,-0.057955,2.352277,-0.971639,-0.229757,-0.055942
2668,0.207097,0.153088,3.031687,0.593817,0.804439,-0.016085
2669,-0.688093,-0.060948,2.238793,-0.919117,-0.259653,-0.296317
2670,0.199691,0.778929,2.833817,0.879615,-0.017820,0.475352
2671,0.183164,0.211673,3.334117,-0.689698,-0.676030,-0.259424
2672,0.267163,0.653159,2.813647,0.584910,0.717581,-0.378097
2673,0.239035,0.836221,2.781833,-0.078564,-0.963641,-0.255388
2674,0.255974,0.652226,2.801347,0.484723,0.648607,-0.586816
2675,0.762999,-0.051874,1.870500,-0.846072,-0.050351,-0.530686
2676,0.765820,-0.048368,1.872613,0.074344,0.667209,0.741151
2677,0.767688,-0.051797,1.869960,0.623521,-0.030866,-0.781197
2678,0.343074,0.345978,2.822657,-0.939735,0.340850,0.026818
2679,0.346498,0.342442,2.818873,-0.135896,-0.490021,-0.861053
2680,0.346516,0.342060,2.824343,0.128360,-0.663861,0.736758
2681,0.347886,0.346032,2.821867,0.741012,0.670025,0.044357
2682,0.446316,0.444033,2.819870,-0.091158,-0.622308,-0.777446
2683,0.208008,0.660220,2.997847,0.322925,0.945636,0.038641
2684,0.850615,0.446061,2.825393,0.114840,-0.860888,-0.495666
2685,0.845756,0.450508,2.824880,-0.794528,0.011356,-0.607121
2686,0.850725,0.450906,2.825340,0.676859,0.735090,-0.038790
2687,0.848073,0.448579,2.828767,-0.093210,0.013075,0.995561
2688,0.544457,0.544877,2.826373,-0.717243,0.692961,0.073264
2689,0.546873,0.542387,2.822783,-0.043954,-0.685692,-0.726564
2690,0.546765,0.541582,2.829343,-0.064627,-0.839822,0.539002
2691,0.549311,0.544527,2.826410,0.776110,0.624237,0.089340
2692,1.747027,0.229459,2.892433,0.874316,0.471065,-0.116915
2693,1.105043,-0.049353,1.599330,-0.212750,0.793533,0.570126
2694,1.104697,-0.055565,1.599923,-0.293010,-0.643067,0.707538
2695,1.104340,-0.052785,1.595920,-0.432470,-0.061783,-0.899529
2696,0.859490,1.646310,4.736467,0.735097,0.113562,-0.668384
2697,0.554731,0.814418,2.807363,0.208774,-0.208767,-0.955421
2698,0.897407,-0.050153,2.536237,-0.537119,-0.380526,0.752797
2699,0.028991,-0.060823,1.868133,0.737250,-0.000379,-0.675620
2700,0.181101,0.565762,3.160877,-0.090452,0.480911,-0.872091
2701,0.203464,0.476497,3.026347,0.716173,0.678483,-0.163573
2702,0.204797,0.471503,3.025510,-0.081982,-0.835359,0.543557
2703,0.212912,0.151790,2.988527,0.075451,-0.910591,-0.406364
2704,0.178151,0.564530,3.164420,-0.608334,0.196220,0.769043
2705,0.183536,0.647848,3.139793,0.702749,-0.700514,0.124192
2706,0.547601,0.346051,2.830377,-0.714925,0.666424,-0.211569
2707,0.856965,-0.045830,2.649610,-0.674759,-0.615753,-0.406876
2708,0.552016,0.447754,2.824727,0.802377,-0.054105,-0.594360
2709,0.443405,0.350056,2.829670,-0.791671,-0.017410,0.610699
2710,0.445627,0.347852,2.826023,-0.077768,0.000531,-0.996971
2711,0.448203,0.345450,2.829293,0.061863,-0.837060,0.543603
2712,0.448107,0.350166,2.829303,0.691957,0.721791,-0.014616
2713,0.668546,-0.057518,1.672487,0.135451,0.618827,0.773761
2714,0.237090,0.291828,2.801783,-0.045106,0.995254,-0.086228
2715,0.899717,0.801783,2.799070,-0.728075,0.648142,0.223202
2716,0.451341,0.814421,2.803687,-0.771732,-0.134429,0.621578
2717,0.541589,0.815985,2.809333,-0.516007,-0.552762,0.654363
2718,0.460862,0.805095,2.808120,-0.125510,-0.665843,0.735459
2719,0.457262,0.807641,2.798610,0.212564,-0.666343,-0.714705
2720,0.459484,0.811095,2.802117,0.688006,0.722602,-0.067041
2721,0.347964,0.745218,2.811023,-0.920544,-0.051631,0.387212
2722,0.644308,0.549984,2.832440,0.609737,0.792447,-0.015738
2723,0.549498,0.450491,2.827767,-0.700134,0.709457,-0.080521
2724,0.196396,0.145625,3.041840,-0.615541,-0.782747,0.091742
2725,0.653348,0.814871,2.816180,0.807811,0.521283,-0.275146
2726,0.540421,0.817885,2.804243,0.135285,-0.208231,-0.968679
2727,0.642180,0.547333,2.835823,-0.771786,-0.092513,0.629117
2728,0.954907,0.810233,2.790520,0.257317,0.806691,-0.532013
2729,0.951595,0.808088,2.793643,-0.953755,-0.300417,-0.010027
2730,0.956105,0.806340,2.793173,0.423028,-0.891275,-0.163326
2731,0.449963,0.820421,2.797683,0.742526,0.661697,-0.103980
2732,0.199186,0.854769,2.781830,0.597649,-0.510770,-0.618005
2733,0.198272,0.855871,2.787407,0.346806,-0.207197,0.914765
2734,0.193963,0.855091,2.783883,-0.912895,-0.402115,-0.070183
2735,0.197127,0.859136,2.783600,-0.016777,0.980376,-0.196422
2736,1.247770,0.811832,2.767497,0.871089,0.418281,0.257381
2737,1.244337,0.807993,2.768950,-0.151440,-0.882199,0.445860
2738,1.244980,0.810163,2.763247,0.004140,-0.357310,-0.933977
2739,1.242663,0.812557,2.767197,-0.696622,0.693147,0.185109
2740,1.010523,0.847840,2.829637,-0.947818,0.154612,0.278810
2741,0.131386,1.253343,4.220350,-0.417214,-0.565217,-0.711662
2742,0.129835,1.256407,4.223753,-0.582483,0.667830,0.463375
2743,0.163066,0.551880,3.474530,0.905307,-0.412575,0.101000
2744,0.160748,0.555832,3.472413,-0.047711,0.969256,-0.241386
2745,0.158605,0.550944,3.471653,-0.410357,-0.605834,-0.681595
2746,1.249830,0.655863,2.755387,-0.162749,0.876859,-0.452362
2747,0.175746,0.366030,3.370290,0.313515,-0.775121,0.548540
2748,0.244805,0.556802,2.793577,0.068325,0.263484,-0.962241
2749,0.749334,0.750828,2.818323,-0.652476,-0.735405,0.182907
2750,-0.024951,-0.059350,1.976017,-0.992761,-0.065906,0.100413
2751,-0.021284,-0.059082,1.978997,0.107448,0.014184,0.994110
2752,0.522664,0.831789,2.797307,-0.985505,0.135332,-0.102295
2753,0.549987,0.748318,2.820553,-0.945999,0.072965,-0.315852
2754,0.201903,0.743749,2.961590,-0.022315,0.715983,-0.697761
2755,0.201129,0.738686,2.962117,-0.242360,-0.872647,-0.423967
2756,0.243693,0.840623,2.780370,0.833943,-0.101114,-0.542509
2757,0.238726,0.841002,2.780467,-0.704846,0.656286,-0.269223
2758,-0.053910,-0.068770,1.637973,0.169634,0.161286,0.972220
2759,-0.152172,-0.069632,1.655440,0.014623,-0.999821,0.011991
2760,-0.048338,-0.062805,1.844230,-0.007204,-0.998967,0.044857
2761,0.946568,0.834387,2.822830,-0.910503,-0.358596,0.205898
2762,0.951638,0.834451,2.824010,0.601750,0.112484,0.790724
2763,0.197236,0.784421,2.791127,0.537272,-0.348005,-0.768265
2764,0.199179,0.752393,2.984923,0.955801,0.097182,0.277488
2765,0.361425,0.801688,2.803273,0.669473,-0.672962,0.314528
2766,0.352907,0.804225,2.803423,-0.625266,-0.196060,0.755383
2767,0.354076,0.802584,2.797423,-0.222960,-0.709135,-0.668892
2768,-0.132363,-0.066251,1.739223,-0.921530,-0.026166,0.387424
2769,-0.156045,-0.063286,1.849927,-0.388004,-0.039326,-0.920818
2770,-0.179239,-0.056276,2.309057,-0.872111,0.050628,0.486682
2771,-0.217212,-0.066538,1.917857,-0.307408,-0.699053,-0.645620
2772,-0.464204,-0.054886,2.293767,-0.414940,0.113033,-0.902800
2773,-0.454237,-0.055355,2.293250,0.868272,0.268106,-0.417400
2774,0.263572,0.448511,2.815460,-0.246829,-0.651564,-0.717314
2775,0.265097,0.448570,2.821027,0.039199,-0.552133,0.832834
2776,0.267184,0.451739,2.817430,0.855317,0.459563,-0.239238
2777,0.974949,0.763337,2.791017,0.667125,-0.651421,-0.361380
2778,-0.842809,-0.086755,1.255803,-0.593675,-0.091299,-0.799509
2779,0.253810,0.450916,2.806037,0.543562,-0.760683,-0.354826
2780,0.245096,0.451241,2.804517,-0.538254,-0.832944,0.128400
2781,0.247183,0.454410,2.800920,0.093444,0.937401,-0.335481
2782,0.253404,0.453022,2.816783,-0.561951,0.130356,0.816834
2783,0.255491,0.456191,2.813187,0.041025,0.998920,-0.021829
2784,-0.199610,-0.065814,1.915913,-0.373400,-0.901190,-0.220066
2785,-0.197012,-0.061758,1.917953,0.430269,0.175762,0.885425
2786,-0.155076,-0.066459,1.853293,-0.322782,-0.551667,0.769074
2787,-0.151674,-0.063334,1.851727,0.945921,-0.051042,-0.320355
2788,-0.316479,-0.066343,1.947077,-0.064698,-0.527781,0.846913
2789,-0.247807,-0.067994,1.848980,0.753937,-0.285241,-0.591791
2790,-0.456876,-0.071515,1.827857,-0.076020,-0.577435,-0.812890
2791,-0.456594,-0.064896,1.828187,-0.023388,0.659636,-0.751221
2792,-0.458814,-0.068255,1.830780,-0.672137,-0.008310,0.740380
2793,1.229090,-0.042188,1.957930,-0.980853,0.181674,0.070155
2794,0.515943,-0.050421,1.981733,-0.335576,0.664872,-0.667333
2795,-0.268668,-0.056315,2.307413,0.095495,0.105788,-0.989793
2796,-0.269575,-0.053432,2.311417,-0.664860,0.572438,0.479871
2797,-0.266108,-0.056687,2.311403,0.974484,-0.005028,0.224401
2798,1.384590,-0.021801,2.757657,0.610073,0.043656,0.791141
2799,0.515753,-0.056991,1.981650,-0.372885,-0.627057,-0.683927
2800,0.519312,-0.053823,1.983017,0.968599,-0.031138,0.246669
2801,0.159124,-0.063633,1.805460,0.429916,0.000876,0.902868
2802,1.143533,-0.042612,1.972223,0.760974,0.079403,-0.643905
2803,1.130760,-0.049591,1.650720,-0.574012,0.053800,0.817077
2804,1.130230,-0.049939,1.645737,-0.429844,0.218382,-0.876096
2805,-1.848330,2.245140,4.521503,-0.623240,-0.780830,0.043322
2806,1.233090,-0.041054,1.954950,0.448789,0.436509,-0.779775
2807,1.233380,-0.041698,1.960673,0.496843,0.342645,0.797334
2808,1.232340,-0.046125,1.957597,0.187629,-0.974970,-0.119281
2809,1.250823,0.653363,2.760533,-0.064928,0.219784,0.973385
2810,1.253890,0.651881,2.756557,0.918420,-0.255999,-0.301611
2811,1.248787,0.650875,2.756443,-0.647446,-0.727130,-0.228244
2812,1.311690,0.354845,2.792163,-0.513722,0.838903,-0.179810
2813,1.314793,0.352464,2.795770,0.616834,0.081224,0.782892
2814,1.315003,0.351338,2.789917,0.670286,-0.206191,-0.712883
2815,1.311133,0.349659,2.793140,-0.684741,-0.719830,0.113907
2816,1.214873,-0.037583,2.327153,0.350214,0.059101,-0.934803
2817,0.669075,-0.064116,1.672317,0.235461,-0.627965,0.741767
2818,0.753786,-0.059079,1.655027,0.875537,0.094949,0.473729
2819,0.955968,-0.064119,1.434580,0.342470,-0.665602,-0.663090
2820,0.957104,-0.061951,1.439990,0.545823,-0.249456,0.799905
2821,0.856703,-0.065451,1.357273,0.999770,0.018614,0.010611
2822,0.739087,-0.062479,1.544603,0.915569,0.145902,0.374760
2823,0.749835,-0.042642,2.636873,-0.436430,0.695978,-0.570214
2824,0.907973,-0.068355,1.294867,0.974972,-0.217154,-0.047684
2825,0.831008,-0.059309,1.532133,0.622930,0.370624,-0.688909
2826,0.921572,-0.065639,1.346750,0.120425,-0.321720,-0.939145
2827,0.917591,-0.062472,1.350020,-0.874390,0.469646,-0.121964
2828,0.920478,-0.066383,1.351730,-0.009934,-0.724307,0.689406
2829,0.145332,-0.063489,1.665120,0.087913,0.547531,0.832154
2830,0.665666,-0.061019,1.670437,-0.900026,-0.061086,-0.431534
2831,0.532339,0.831314,2.798760,0.488346,0.820706,-0.296579
2832,0.349431,-0.063664,1.749413,0.751079,-0.043710,0.658763
2833,0.342694,-0.080983,1.248747,0.149449,-0.583530,-0.798222
2834,0.342732,-0.074321,1.248817,0.156201,0.598468,-0.785771
2835,0.344645,-0.077693,1.251640,0.588460,-0.011851,0.808439
2836,0.340013,-0.077657,1.250747,-0.828548,-0.001157,0.559917
2837,1.311467,-0.027190,2.622107,0.504015,0.203176,-0.839457
2838,0.947756,-0.054225,1.662647,-0.915063,-0.096034,-0.391711
2839,0.558217,-0.069030,1.445873,0.864959,-0.309233,0.395248
2840,1.133773,-0.052887,1.648420,0.393492,-0.919055,0.022404
2841,0.858480,-0.062993,1.437760,-0.539028,-0.021904,0.842003
2842,1.043587,-0.053474,1.742493,0.388580,-0.893924,0.223394
2843,1.045473,-0.047736,1.741890,0.852502,0.517290,0.075174
2844,1.040760,-0.049117,1.744563,-0.563725,0.267505,0.781444
2845,0.938664,-0.043692,2.012710,0.601778,0.059704,-0.796429
2846,1.058453,-0.053472,1.559010,0.785661,0.070776,-0.614596
2847,0.938665,-0.043221,1.923950,-0.254653,0.956031,-0.145454
2848,0.452291,-0.076112,1.352653,0.110502,-0.956869,0.268682
2849,0.670279,-0.060621,1.669310,0.525906,0.064043,-0.848128
2850,0.904613,-0.064201,1.295740,-0.143967,0.868088,0.475076
2851,1.127750,-0.051555,1.746970,-0.697749,-0.691758,-0.186054
2852,1.135127,-0.047762,1.649033,0.688107,0.715078,-0.123177
2853,0.649249,2.524853,4.701920,0.075487,-0.616101,0.784042
2854,1.184887,2.709030,4.777310,0.431444,0.668426,-0.605857
2855,1.194587,2.705277,4.767937,-0.334287,0.939931,0.069156
2856,0.977486,2.645347,4.715490,-0.726744,0.485265,-0.486169
2857,1.440790,2.423347,4.827467,0.399344,0.873274,0.279134
2858,1.439197,2.418767,4.829553,0.217877,-0.737538,0.639193
2859,1.440943,2.419917,4.823457,0.584737,-0.495916,-0.641988
2860,1.437040,2.420910,4.825933,-0.947054,0.225207,-0.228846
2861,0.966460,2.377237,4.716120,-0.955403,0.032998,-0.293456
2862,-1.220813,0.635299,4.601447,-0.573517,0.655877,0.490820
2863,0.849307,2.625010,4.643687,0.575780,0.783547,0.233518
2864,0.847927,2.619897,4.645063,0.150974,-0.723568,0.673540
2865,0.848206,2.621237,4.639880,0.237038,-0.311716,-0.920134
2866,0.844194,2.623267,4.642960,-0.964175,0.264748,0.016607
2867,1.021917,2.575300,4.749587,0.215000,-0.959311,0.183022
2868,0.637974,2.143677,4.426203,0.096324,0.347616,0.932676
2869,0.637470,2.519593,4.696173,-0.284514,-0.811221,0.510854
2870,1.372157,2.619330,4.820027,0.861846,0.253300,0.439386
2871,0.650401,2.527480,4.692117,0.215061,-0.294831,-0.931034
2872,1.031053,2.644500,4.770370,-0.457306,-0.801377,0.385573
2873,1.031910,2.647213,4.766343,-0.501244,0.649583,-0.571661
2874,0.662442,2.539907,4.700123,0.907867,0.402172,-0.118467
2875,0.104180,0.745402,4.678683,0.673971,0.501128,-0.542802
2876,0.749407,2.610373,4.658900,-0.325035,0.018724,-0.945516
2877,-0.765674,0.624895,4.640487,-0.940326,0.326483,-0.095893
2878,0.976084,2.591693,4.705967,0.472486,0.879730,-0.053210
2879,0.973699,2.587960,4.702243,-0.025319,-0.367972,-0.929492
2880,1.623140,2.691787,4.783883,0.564850,-0.641514,0.519043
2881,1.623010,2.696977,4.782313,0.542279,0.799837,-0.257283
2882,1.619093,2.694353,4.783333,-0.847227,0.134261,0.513985
2883,-1.210200,0.640137,4.597243,0.879635,0.468834,-0.080233
2884,-1.224057,0.632973,4.592613,-0.111710,0.138102,-0.984098
2885,-1.234670,0.628135,4.596817,-0.458652,0.610606,0.645600
2886,1.022707,1.643930,4.779737,-0.842982,0.294057,-0.450458
2887,0.044511,0.749230,4.717380,-0.568419,-0.821162,-0.050925
2888,0.653220,2.536017,4.703823,-0.222390,0.309973,0.924370
2889,0.950651,2.596893,4.698513,-0.458660,0.882468,-0.104315
2890,0.845031,2.152047,4.726243,0.535378,-0.754887,0.378835
2891,0.840715,2.155153,4.727340,-0.888072,0.059669,0.455815
2892,0.842763,2.153727,4.721603,-0.415218,-0.270257,-0.868651
2893,0.844681,2.156763,4.724943,0.585379,0.810727,0.007326
2894,0.629541,2.376120,4.670827,-0.881317,0.169683,0.441007
2895,1.077163,2.046223,4.814547,-0.935179,0.348057,-0.065551
2896,0.635896,2.524467,4.694267,-0.734156,0.674192,-0.080498
2897,0.948141,2.051783,4.736887,0.620481,0.746624,0.239908
2898,1.063310,1.849490,4.814573,-0.722908,0.655639,-0.218040
2899,1.940237,1.850763,4.795543,-0.784751,0.347336,-0.513346
2900,0.793316,2.441233,4.660570,0.530599,-0.745938,-0.402543
2901,0.645150,2.534753,4.697720,-0.725883,0.683951,-0.072838
2902,1.942603,1.745833,4.801183,0.756139,0.651881,-0.057488
2903,1.934607,1.756243,4.801587,0.809282,0.568456,-0.148055
2904,0.640643,2.451340,4.676293,-0.521810,-0.853062,0.000273
2905,-1.568703,2.364117,4.560393,-0.424435,0.705636,-0.567391
2906,0.763185,2.437113,4.647483,0.002990,-0.199391,-0.979915
2907,0.762390,2.434123,4.652737,-0.191229,-0.931957,0.308039
2908,0.642227,2.238673,4.623457,0.116066,-0.613472,0.781140
2909,0.661235,1.553170,4.653583,0.962057,-0.111020,-0.249240
2910,0.102843,0.744524,4.684367,0.214988,0.351775,0.911062
2911,0.640119,2.142557,4.421557,0.842349,-0.351094,-0.408878
2912,0.636253,2.145980,4.420680,-0.304674,0.884318,-0.353772
2913,0.635192,2.141257,4.422550,-0.643866,-0.756470,-0.114842
2914,0.854839,2.039920,4.733577,0.173837,0.162908,0.971206
2915,1.155297,1.745113,4.831420,-0.047592,-0.956725,-0.287074
2916,1.152803,1.749253,4.832873,-0.656405,0.650972,-0.381271
2917,1.157573,1.748760,4.833727,0.826408,0.546005,-0.137580
2918,0.083051,0.779156,4.542627,-0.731848,-0.624554,0.272636
2919,-0.037963,0.143965,4.697610,-0.898454,-0.427832,-0.098692
2920,-0.044888,0.155531,4.696170,-0.646885,-0.760917,-0.050450
2921,1.020523,1.744817,4.778797,-0.362995,-0.662240,0.655494
2922,0.101367,0.550125,4.620503,-0.013208,-0.594687,-0.803849
2923,-0.347214,0.255926,4.679960,-0.100133,-0.786784,0.609051
2924,-0.346223,0.255895,4.673397,0.082757,-0.792754,-0.603898
2925,-0.348807,0.258510,4.676350,-0.691698,0.714100,-0.107779
2926,-0.647753,0.754893,4.664763,-0.022514,0.809588,-0.586566
2927,-0.243271,0.832281,4.698670,0.603463,-0.790348,0.105749
2928,-0.254478,0.439262,4.685707,0.046657,0.770610,0.635597
2929,-0.144410,0.437149,4.687690,-0.861213,-0.508240,-0.001864
2930,-0.246857,0.239424,4.684323,0.809893,0.584514,0.049157
2931,-0.249367,0.236959,4.680857,-0.015132,-0.792356,-0.609871
2932,-0.249840,0.237059,4.687470,-0.103297,-0.773814,0.624933
2933,-0.251591,0.239779,4.683980,-0.657283,0.751380,-0.058367
2934,0.125020,0.155361,4.375553,0.515042,0.261110,0.816428
2935,0.125058,0.155763,4.370427,0.214294,0.507366,-0.834660
2936,0.065624,0.354411,4.696037,-0.611469,0.703924,0.361383
2937,0.100095,0.359917,4.640093,0.232566,-0.805733,-0.544709
2938,0.075029,0.454137,4.687200,-0.563379,-0.081702,-0.822149
2939,0.076405,0.451522,4.691280,-0.188672,-0.636717,0.747659
2940,0.076797,0.457402,4.690427,-0.067473,0.829444,0.554500
2941,-0.043220,0.158328,4.699627,-0.142399,0.827820,0.542620
2942,0.102249,0.362562,4.643507,0.208877,0.071510,0.975324
2943,0.096201,0.362698,4.640723,-0.873664,0.095926,0.476979
2944,0.066699,0.351868,4.691650,-0.079265,-0.043384,-0.995909
2945,0.755841,0.450887,2.827990,0.021122,-0.999661,0.015211
2946,0.035311,0.064870,4.689517,-0.815489,0.120877,-0.566009
2947,-0.052181,0.056985,4.688183,-0.879857,0.009661,0.475141
2948,-0.050399,0.058227,4.682127,-0.498704,0.275854,-0.821705
2949,-0.241535,0.159042,4.690017,-0.087615,0.784387,0.614052
2950,-0.241700,0.158965,4.683387,-0.118057,0.769885,-0.627168
2951,0.117814,0.270679,4.319383,-0.178217,-0.166936,-0.969727
2952,0.106443,0.202387,4.570367,-0.937814,0.050930,0.343383
2953,0.222114,0.042140,4.674143,0.512159,0.823320,0.244619
2954,0.079123,0.163696,4.700607,0.412660,0.847576,0.333657
2955,-0.028349,-0.022429,4.650477,-0.282104,-0.855510,0.434188
2956,-0.028284,-0.017261,4.651063,-0.066051,0.799078,0.597588
2957,-0.257535,0.074687,4.680723,-0.167034,0.945521,0.279444
2958,0.107914,0.192040,4.566243,-0.937262,-0.306925,-0.165336
2959,-0.365653,-0.009608,4.643090,0.794329,0.550499,0.256888
2960,0.124016,0.150959,4.372620,0.186121,-0.979632,-0.075373
2961,0.337146,-0.007021,2.845890,-0.832322,-0.281535,-0.477471
2962,0.186341,0.213226,3.337603,-0.034084,0.463723,0.885325
2963,0.258588,-0.027861,2.822270,-0.628218,-0.743613,0.228872
2964,-0.353777,0.043101,4.665837,0.987080,0.000192,0.160226
2965,-0.357828,0.041440,4.668103,-0.561203,-0.791214,0.242963
2966,-0.368224,-0.013168,4.645087,-0.721528,-0.254325,0.643984
2967,-0.368858,-0.009641,4.639487,-0.837673,0.391208,-0.381131
2968,0.102742,0.130088,4.668203,0.211434,-0.920716,0.327992
2969,-0.009327,0.209214,4.698917,-0.437894,-0.692429,-0.573403
2970,2.607380,1.784387,4.826703,0.396000,-0.918185,-0.010987
2971,0.157118,0.456027,3.517520,0.884747,-0.152411,-0.440447
2972,0.153454,0.454077,3.521073,-0.148162,-0.694083,0.704484
2973,0.153463,0.458780,3.519463,-0.122009,0.917757,0.377936
2974,0.101505,0.133167,4.664663,0.428790,0.372917,-0.822844
2975,0.037322,0.066083,4.699690,0.340771,-0.508504,0.790759
2976,0.035012,0.076195,4.699670,-0.977452,0.174624,0.118719
2977,-0.123961,0.072335,4.682907,0.699824,-0.165655,-0.694842
2978,0.100981,0.138906,4.678623,0.346046,-0.554041,0.757160
2979,0.090675,0.144510,4.686623,0.228323,-0.586344,0.777219
2980,0.099744,0.141985,4.675083,0.484081,0.791981,-0.372063
2981,0.090460,0.140228,4.677230,-0.802286,-0.560005,-0.206716
2982,0.112536,0.198033,4.564323,0.431248,0.106737,-0.895897
2983,-0.031142,0.148733,4.701657,0.476916,0.459145,0.749491
2984,0.120230,0.154582,4.373850,-0.976311,0.216155,0.009699
2985,-0.123895,0.071251,4.689383,0.712654,-0.381083,0.588982
2986,-0.030274,0.148432,4.695057,0.660081,0.395543,-0.638622
2987,0.164250,0.452414,3.445473,0.171020,0.840996,-0.513301
2988,0.166811,0.449275,3.448337,0.447483,-0.144175,0.882594
2989,0.164002,0.447706,3.444830,0.106864,-0.621059,-0.776444
2990,1.000904,0.085443,2.798373,0.117553,0.967747,-0.222817
2991,1.001516,0.082318,2.802337,0.630010,-0.400975,0.665061
2992,1.000583,0.080968,2.795980,0.445182,-0.668469,-0.595788
2993,0.997562,0.082159,2.799560,-0.989129,-0.007447,0.146865
2994,0.851205,0.346549,2.830237,-0.701871,-0.694553,0.158026
2995,0.206199,0.346225,3.012460,-0.056825,-0.995200,0.079677
2996,1.121130,-0.030610,2.730873,0.438029,-0.339634,-0.832333
2997,0.169042,0.328836,3.437530,0.512216,-0.010918,0.858787
2998,0.266767,-0.050545,2.782073,0.568053,-0.274960,0.775701
2999,1.433237,0.012189,2.629663,0.003343,-0.630707,0.776014
3000,1.446470,0.547766,2.834127,-0.868842,0.126107,0.478760
3001,1.096670,0.146708,2.798183,0.386196,0.842555,-0.375438
3002,1.115750,0.149079,2.795833,-0.529513,0.736687,-0.420605
3003,1.087567,0.145983,2.792113,0.206697,0.689728,-0.693939
3004,-0.158703,-0.057856,2.125040,0.353610,-0.053658,-0.933853
3005,0.779702,-0.047969,1.967800,-0.284056,-0.096721,-0.953917
3006,0.353986,0.555063,2.817893,-0.405379,0.901252,0.153012
3007,1.431210,0.017696,2.628253,-0.505974,0.752230,0.422067
3008,-0.356885,-0.065703,2.024877,-0.053072,-0.919367,-0.389804
3009,-0.743806,-0.073188,1.658180,0.759734,-0.075721,-0.645810
3010,-0.440697,-0.062868,2.178193,0.053509,-0.641225,-0.765485
3011,-0.469105,-0.061629,2.299497,-0.500587,-0.701380,-0.507423
3012,-0.459138,-0.062099,2.298980,0.518128,-0.770619,0.371064
3013,-0.739310,-0.063462,2.246503,0.772671,-0.544523,0.326304
3014,-0.352457,-0.058444,2.264620,-0.635621,0.095764,0.766039
3015,-1.212327,-0.066829,1.958923,0.049886,0.490879,0.869798
3016,-0.359789,-0.060428,2.024517,-0.779952,0.401179,-0.480343
3017,-0.213430,-0.066308,1.920960,0.628010,-0.407545,0.662956
3018,-0.443147,-0.059249,2.180090,-0.792173,0.087749,0.603955
3019,-0.753318,-0.065204,1.931823,0.465536,0.395655,-0.791665
3020,-0.745794,-0.070605,1.662303,0.131121,0.741249,0.658298
3021,-0.679943,-0.055620,2.342953,0.084054,0.984619,0.153165
3022,-0.317178,-0.059753,1.946427,-0.190220,0.656359,0.730075
3023,-0.318821,-0.063536,1.943943,-0.607063,-0.141459,-0.781962
3024,-0.314144,-0.062971,1.944653,0.812828,0.028750,-0.581795
3025,-1.210420,-0.072029,1.956437,0.246255,-0.897511,0.365831
3026,-1.213477,-0.068824,1.954803,-0.823953,-0.031560,-0.565779
3027,0.264721,-0.046928,2.779373,-0.140176,0.977281,-0.158971
3028,-0.739925,-0.056968,2.245737,0.651159,0.738552,0.174737
3029,-0.350052,-0.061889,2.262060,0.659963,-0.751176,-0.013543
3030,-0.349055,-0.055410,2.262077,0.836353,0.545785,0.051308
3031,-0.352303,-0.058221,2.259733,-0.652577,0.102273,-0.750789
3032,-0.160276,-0.060983,2.128430,-0.757250,-0.573806,0.311960
3033,-0.160096,-0.054344,2.128117,-0.724263,0.640648,0.254978
3034,-0.648328,-0.067178,1.740513,0.134865,0.626645,0.767547
3035,-0.625192,-0.071275,1.939827,0.846171,-0.532910,-0.001639
3036,-0.531491,-0.059116,2.126993,0.462330,0.529943,-0.710923
3037,-0.531555,-0.065750,2.127587,0.450791,-0.656628,-0.604671
3038,-0.567250,-0.064072,1.921813,-0.843312,0.531500,0.079578
3039,-0.566662,-0.070698,1.921753,-0.736455,-0.673037,0.068229
3040,-0.564663,-0.067158,1.919290,0.629179,0.062847,-0.774716
3041,-0.544256,-0.067156,1.731637,0.836152,0.543683,-0.072509
3042,-0.548914,-0.066767,1.736360,-0.013151,0.614326,0.788943
3043,-0.549135,-0.067076,1.731493,-0.711836,0.004731,-0.702329
3044,-0.359932,-0.066978,1.840397,0.707608,0.074668,0.702649
3045,-0.254488,-0.079616,1.341720,0.202775,0.222508,-0.953610
3046,-0.540372,-0.087778,1.160047,0.757775,-0.021811,-0.652151
3047,-0.256932,-0.058182,2.149503,-0.062331,0.997902,0.017519
3048,-0.288472,-0.062378,2.302657,0.001596,-0.728478,-0.685067
3049,-0.295515,-0.056039,2.304417,0.008354,0.997366,0.072048
3050,0.261679,-0.051622,2.779937,-0.907767,-0.378436,0.180959
3051,0.266104,-0.051508,2.776737,0.425343,-0.374469,-0.823928
3052,0.262389,0.050732,2.817167,-0.581670,-0.644887,-0.495762
3053,0.266745,0.051934,2.819250,0.954478,0.131414,-0.267774
3054,0.262645,0.054943,2.820147,-0.267623,0.963516,0.003884
3055,-0.465805,-0.057215,2.308013,0.478172,-0.251897,0.841367
3056,0.184448,0.170983,3.103233,-0.421393,0.868761,-0.260160
3057,0.190909,0.169425,3.103120,0.762106,0.583446,-0.280687
3058,0.186900,0.167075,3.101767,-0.216862,-0.866636,-0.449346
3059,-0.682357,-0.059544,2.344403,0.097301,-0.721442,0.685605
3060,-0.704453,-0.058889,2.341803,-0.309229,-0.616317,-0.724245
3061,-0.252521,-0.066485,1.848513,-0.945906,-0.199404,-0.255930
3062,-0.592577,-0.052771,2.302643,-0.434913,0.578808,0.689806
3063,-1.719390,-0.026567,4.561413,0.514461,0.203110,-0.833112
3064,-1.563050,0.662290,4.575497,-0.520415,-0.849665,-0.085073
3065,-0.475772,-0.056746,2.308530,-0.826335,-0.257109,0.501064
3066,-0.227624,-0.052937,2.438710,-0.942778,-0.094745,-0.319677
3067,0.345823,0.056055,2.817227,-0.913612,-0.121619,-0.387971
3068,0.949035,0.145849,2.821640,-0.139027,-0.989776,-0.031866
3069,0.263270,-0.025880,2.823097,0.546528,0.412147,0.729000
3070,0.210425,0.080951,2.999690,-0.035721,-0.946085,-0.321944
3071,0.446719,-0.079787,0.950406,0.075493,0.655813,0.751139
3072,0.446565,-0.086415,0.950808,0.047116,-0.563136,0.825020
3073,0.448989,-0.083322,0.947864,0.710940,-0.059018,-0.700772
3074,0.444283,-0.083191,0.948222,-0.760541,-0.021615,-0.648930
3075,1.248307,0.746479,2.755143,-0.565607,-0.723391,0.395971
3076,0.939036,-0.048247,1.921280,-0.151958,-0.438420,-0.885831
3077,0.936851,-0.048014,1.926633,-0.752896,-0.351310,0.556534
3078,0.941447,-0.046987,1.925337,0.915455,-0.133963,0.379467
3079,0.953151,-0.056351,1.537600,-0.316078,0.920892,0.228152
3080,0.935454,-0.046122,1.835140,-0.717362,0.674132,-0.175891
3081,0.847388,0.810673,2.811277,-0.934239,-0.300062,0.192767
3082,0.188480,0.178866,3.294350,-0.086179,-0.565876,0.819974
3083,0.191991,0.183234,3.292160,0.800263,0.536793,0.267268
3084,0.189457,0.179809,3.289530,0.087223,-0.501605,-0.860689
3085,1.141793,0.646053,2.779477,0.613120,-0.773226,-0.161882
3086,1.139203,0.649455,2.776793,0.049672,0.774287,-0.630882
3087,1.140577,0.649195,2.783237,0.315264,0.724009,0.613530
3088,1.137287,0.647163,2.780483,-0.841859,-0.515862,0.158618
3089,0.450899,0.245652,2.830567,0.735152,0.660371,0.153168
3090,0.973822,0.765358,2.797153,0.442725,-0.248790,0.861451
3091,0.951130,-0.057214,1.664183,0.338668,-0.528449,0.778489
3092,1.007710,-0.046750,1.928563,0.435085,0.129296,0.891057
3093,1.005907,-0.043913,1.925060,-0.761008,0.564622,-0.319482
3094,1.006037,-0.050484,1.925950,-0.736713,-0.658444,-0.153968
3095,1.009207,-0.047345,1.923947,0.871402,-0.048875,-0.488129
3096,0.760348,0.816680,2.805920,-0.080546,-0.501027,-0.861675
3097,0.760257,0.815071,2.812067,-0.101020,-0.858093,0.503459
3098,0.757997,0.819258,2.809843,-0.725197,0.668678,0.164190
3099,0.762999,0.818615,2.809750,0.834125,0.530450,0.151191
3100,0.207336,0.224639,2.983077,-0.842738,-0.072973,0.533356
3101,0.213532,0.225600,2.985160,0.343974,0.111006,0.932394
3102,0.210961,0.227656,2.981380,0.098271,0.759700,-0.642805
3103,0.211581,0.222936,2.981713,0.317875,-0.725300,-0.610651
3104,1.741603,0.454993,2.893297,0.209351,0.966394,0.149180
3105,0.552220,0.346279,2.831430,0.689933,0.715409,0.110373
3106,0.754952,0.342627,2.829357,-0.750069,-0.587919,-0.302900
3107,1.254613,-0.025260,2.793010,0.486308,-0.800675,0.349890
3108,1.850290,0.046818,2.890207,0.858295,0.269888,-0.436451
3109,1.852760,0.038586,2.878213,-0.198417,0.929249,-0.311653
3110,1.107010,0.136923,2.803433,0.113683,-0.178322,0.977383
3111,1.087197,0.147616,2.803443,-0.058803,0.556818,0.828551
3112,2.229873,0.445446,3.449843,0.339383,-0.936837,-0.084591
3113,1.149273,0.551484,2.780787,0.820359,-0.570060,-0.045195
3114,1.298997,-0.043407,2.002937,0.582744,0.123554,0.803208
3115,1.446057,0.749263,2.828407,-0.179430,0.825532,0.535071
3116,1.248103,0.348242,2.763377,-0.691856,-0.659602,-0.293701
3117,2.237120,0.354039,3.346223,-0.630052,0.776553,0.000615
3118,1.736397,0.642795,2.886697,0.633717,0.766940,-0.101025
3119,1.732360,0.640317,2.883967,-0.771344,0.088542,-0.630230
3120,1.733347,0.640307,2.890080,-0.568482,0.019962,0.822454
3121,1.735957,0.637681,2.886517,0.565717,-0.819378,-0.092645
3122,0.898084,-0.043789,2.525513,0.372999,0.741288,-0.558000
3123,1.157223,0.812655,2.776733,0.803786,0.587009,-0.096686
3124,1.243147,0.250196,2.768913,-0.928460,0.161516,0.334478
3125,1.242307,-0.017395,2.843760,0.648472,0.334312,0.683900
3126,1.246383,0.077690,2.773780,0.758143,-0.644573,-0.098719
3127,1.385140,-0.022379,2.752963,0.577682,-0.136008,-0.804851
3128,1.319070,0.653841,2.789363,-0.920502,-0.168446,-0.352564
3129,1.328823,0.258073,2.794637,0.251792,0.392214,-0.884742
3130,1.241677,0.078407,2.775457,-0.922843,-0.333402,-0.192884
3131,1.446733,0.353220,2.839510,-0.952870,-0.075392,0.293862
3132,0.853595,0.348590,2.826377,0.660640,-0.112064,-0.742292
3133,0.854597,0.349057,2.832877,0.855077,-0.021534,0.518053
3134,0.851574,0.351418,2.829830,-0.612940,0.789225,0.037793
3135,0.183778,0.532700,3.314560,0.551020,-0.232773,0.801370
3136,1.249337,0.350546,2.767510,-0.036218,0.250006,0.967567
3137,1.297713,-0.047142,1.998790,0.219303,-0.917658,-0.331377
3138,1.147040,0.554247,2.784117,-0.033335,0.825570,0.563314
3139,1.146173,0.553515,2.777627,-0.202233,0.682661,-0.702193
3140,1.144503,0.550804,2.781500,-0.655741,-0.735460,0.170594
3141,1.344330,-0.042694,1.956080,0.871815,0.194180,0.449702
3142,1.367740,0.650441,2.809773,0.796548,0.530259,0.290408
3143,0.938208,-0.049760,1.833303,0.784320,-0.090649,-0.613698
3144,1.249903,-0.049006,1.804147,0.353002,-0.861471,0.365044
3145,0.565710,2.440187,4.677227,0.950706,0.102391,-0.292702
3146,0.736598,-0.061772,1.540293,-0.098637,0.376425,-0.921181
3147,1.250477,-0.042796,1.803417,0.018670,0.893150,0.449372
3148,1.548773,0.740243,2.854270,-0.925665,-0.014310,-0.378075
3149,1.050770,0.651508,2.794813,-0.562367,0.451101,0.693002
3150,1.373563,0.556611,2.809297,-0.547615,0.440622,-0.711315
3151,1.552780,0.549782,2.857253,0.962376,-0.056819,-0.265714
3152,1.550390,0.550094,2.863463,0.535282,-0.001562,0.844672
3153,1.549160,0.547593,2.859543,-0.673050,-0.704983,-0.223613
3154,1.549400,0.552328,2.859400,-0.618976,0.735626,-0.275180
3155,1.373250,0.552604,2.811983,-0.616734,-0.777254,0.124563
3156,1.329667,0.755126,2.784950,0.689780,0.446958,-0.569589
3157,1.245190,0.553343,2.758470,0.973171,-0.035018,-0.227403
3158,1.241740,0.553102,2.763677,0.172886,-0.091601,0.980673
3159,1.240567,0.550648,2.759033,-0.496757,-0.787154,-0.365542
3160,1.240843,0.555631,2.759450,-0.507498,0.808141,-0.298920
3161,0.644495,0.447440,2.835897,-0.863536,0.325520,0.385152
3162,1.326593,0.555086,2.783183,0.935273,0.301134,-0.185964
3163,0.646617,0.645088,2.830070,0.743823,-0.667613,-0.031958
3164,1.060133,0.556121,2.794533,-0.653726,0.756712,-0.005399
3165,1.140750,0.743265,2.770917,0.648920,-0.749499,-0.130972
3166,1.449193,0.747051,2.825657,0.758416,-0.632594,0.156941
3167,1.447273,0.749097,2.821857,0.032296,0.796470,-0.603814
3168,1.444577,0.746596,2.824810,-0.629133,-0.771187,-0.097278
3169,1.245163,0.247543,2.763220,-0.538701,-0.351307,-0.765757
3170,1.326897,0.756665,2.790580,0.090559,0.790848,0.605275
3171,1.325190,0.754320,2.786673,-0.896341,-0.232607,-0.377449
3172,1.363050,0.451510,2.809637,-0.581913,0.549424,-0.599592
3173,1.342090,-0.042912,1.951370,0.203410,0.130593,-0.970345
3174,1.138673,-0.043053,1.971983,-0.750084,-0.058457,-0.658754
3175,0.531812,0.826315,2.797220,0.033624,-0.862017,-0.505763
3176,1.449953,0.355626,2.836990,0.315074,-0.007018,-0.949041
3177,1.339543,-0.040687,1.955347,-0.777487,0.525498,0.345494
3178,1.341117,-0.046655,1.954873,-0.406175,-0.883337,0.233961
3179,1.121647,-0.046894,2.021760,-0.003028,-0.571035,-0.820920
3180,0.936262,-0.040580,2.015370,-0.846728,0.520598,0.109681
3181,2.238543,0.562073,3.257187,0.241380,0.874473,-0.420752
3182,2.226733,0.822158,3.239847,0.212949,-0.166013,-0.962856
3183,0.123618,0.700250,4.511527,0.419034,-0.519730,-0.744507
3184,2.245513,0.152387,3.354557,-0.333038,-0.561042,-0.757838
3185,2.245897,0.157653,3.356547,-0.317872,0.931594,-0.176323
3186,2.245660,0.153426,3.359780,-0.344228,-0.309881,0.886273
3187,2.238307,0.559602,3.261840,0.497860,-0.245716,0.831721
3188,2.225473,0.543620,3.440837,-0.046831,0.594321,-0.802863
3189,2.237513,0.349204,3.346353,-0.008300,-0.712212,0.701915
3190,2.234413,0.559222,3.258817,-0.991452,0.129199,0.018173
3191,2.237733,0.349387,3.341510,-0.518800,-0.065129,-0.852411
3192,1.674263,0.415851,2.900737,0.131572,-0.988785,0.070656
3193,1.847940,0.055778,2.905260,-0.535223,0.776131,0.333404
3194,2.230660,0.450105,3.452813,0.399524,0.362237,0.842119
3195,2.228937,0.449881,3.448380,0.133668,0.516573,-0.845746
3196,2.237383,0.648434,3.344557,0.578427,-0.775284,0.253688
3197,1.863880,1.641100,4.807017,-0.069060,-0.679619,0.730307
3198,1.854623,1.642523,4.804060,-0.571475,-0.172285,0.802330
3199,1.167100,-0.031603,2.564643,-0.113675,0.808858,-0.576912
3200,1.170983,-0.034819,2.567213,0.983907,-0.099967,0.148098
3201,1.166530,-0.037337,2.564560,-0.235504,-0.764294,-0.600327
3202,1.166207,-0.034470,2.568643,-0.528100,0.040172,0.848231
3203,2.215660,0.628572,3.496953,-0.614237,0.158378,-0.773065
3204,2.218680,0.630890,3.500850,-0.113878,0.705200,0.699803
3205,1.651990,0.145378,2.888540,-0.666590,-0.727039,-0.164535
3206,1.657287,0.154967,2.888240,-0.306036,0.653025,-0.692748
3207,2.243167,0.353501,3.263950,0.980885,-0.175355,0.084354
3208,2.244380,0.256402,3.346183,-0.022289,0.768922,0.638953
3209,2.243940,0.251552,3.346313,-0.158394,-0.701302,0.695044
3210,1.678740,0.163302,2.898927,0.823354,-0.057004,-0.564657
3211,0.109157,0.592146,4.512307,-0.273702,0.056757,0.960138
3212,0.107775,0.591614,4.507423,-0.474174,-0.649340,-0.594573
3213,0.101140,0.554860,4.621323,0.100390,0.984134,-0.146293
3214,2.232257,0.253524,3.450777,0.184258,0.307431,-0.933560
3215,2.221303,0.351886,3.507063,-0.596937,0.090843,-0.797128
3216,0.086731,0.781076,4.539853,0.469200,-0.195910,-0.861087
3217,0.113868,1.439520,4.231457,-0.067105,0.996745,0.044690
3218,0.135128,1.256390,4.220663,0.693129,0.663604,-0.281429
3219,-1.846323,1.650953,4.541240,0.766892,-0.630496,0.119797
3220,-0.911206,1.456050,4.639103,-0.202004,0.979342,0.009176
3221,-0.909664,1.452353,4.642327,0.698688,-0.309500,0.645016
3222,-0.909767,1.452393,4.635790,0.677534,-0.302099,-0.670585
3223,-0.913155,1.451663,4.639110,-0.926620,-0.375797,0.012301
3224,-1.848697,2.249683,4.520190,-0.439761,0.831376,-0.339743
3225,-1.845917,2.247713,4.524677,0.455424,0.280954,0.844780
3226,-1.844417,2.246203,4.519040,0.827492,-0.093268,-0.553677
3227,-1.663347,1.954240,4.544073,-0.696980,-0.714319,-0.062982
3228,-1.661460,1.956850,4.547583,-0.097217,0.833117,0.544486
3229,-1.660590,1.956583,4.540980,0.055565,0.786691,-0.614842
3230,-1.658673,1.954387,4.544683,0.718930,-0.684229,0.122352
3231,-1.753913,1.653877,4.546770,0.715104,-0.697017,0.052857
3232,-1.855133,1.945180,4.530573,-0.909505,0.151554,-0.387081
3233,-1.852020,1.945597,4.534547,0.135349,0.291106,0.947068
3234,-1.849553,1.946880,4.529253,0.518922,0.706838,-0.480728
3235,-1.734637,2.044527,4.538330,0.819337,-0.138374,-0.556363
3236,-1.658507,1.555900,4.553000,-0.781600,-0.127642,-0.610581
3237,-1.653117,1.854930,4.549510,0.838306,-0.506903,0.200731
3238,-1.655030,1.858183,4.545927,0.149800,0.841502,-0.519070
3239,-1.657093,1.857180,4.552010,-0.270545,0.636460,0.722305
3240,-1.657580,1.854777,4.547973,-0.612547,-0.719855,-0.326489
3241,-1.751033,1.947753,4.542570,-0.271926,-0.356471,0.893860
3242,-1.552853,2.039530,4.574700,0.816216,-0.267997,-0.511830
3243,-1.741420,2.154290,4.528120,0.638333,0.766857,0.066803
3244,-1.516750,2.048883,4.603460,0.412741,-0.713496,0.566188
3245,-1.520007,2.050420,4.600163,-0.991100,0.100513,-0.087279
3246,-1.516083,2.053700,4.601437,0.184127,0.947904,0.259951
3247,-2.225460,2.023847,4.502420,0.915981,0.368989,0.157560
3248,-2.141683,2.050330,4.506290,0.480016,0.072609,-0.874250
3249,-2.058970,1.946023,4.517583,-0.790841,0.550278,0.267889
3250,-2.228733,2.023267,4.498590,-0.565763,0.448756,-0.691759
3251,-2.348227,2.051867,4.488090,0.799578,-0.589748,0.113453
3252,-2.051890,2.350967,4.509733,-0.322918,-0.942035,0.091066
3253,-2.051127,2.355187,4.512650,-0.390913,0.646873,0.654785
3254,-2.051620,2.354730,4.506177,-0.492075,0.553449,-0.671979
3255,0.641100,2.455260,4.673407,-0.210297,0.608153,-0.765457
3256,0.641179,2.455213,4.679223,-0.128928,0.597718,0.791271
3257,-2.235063,1.951030,4.501983,0.146284,-0.010746,-0.989184
3258,-2.229623,2.022703,4.505083,-0.740057,0.338304,0.581263
3259,-2.266973,1.970080,4.493013,0.166389,0.761561,-0.626370
3260,-2.269960,1.967733,4.496017,-0.794270,-0.601054,-0.088711
3261,-2.245690,1.960603,4.500013,0.171386,-0.029202,-0.984771
3262,-2.144430,2.052303,4.509647,-0.513718,0.786871,0.341946
3263,-1.653777,2.151330,4.538713,-0.304901,-0.839300,0.450124
3264,-1.565023,1.839310,4.580350,-0.456567,-0.697094,0.552818
3265,1.940170,1.958063,4.793253,-0.702540,0.646596,-0.297239
3266,-1.651327,2.153140,4.533940,0.468653,-0.315916,-0.824962
3267,-1.649997,2.155510,4.539260,0.805353,0.283227,0.520759
3268,-1.654110,2.155710,4.536847,-0.728752,0.674484,-0.118287
3269,-1.557713,2.040440,4.575327,-0.838509,-0.007458,-0.544836
3270,-1.565337,1.842317,4.576497,-0.444566,0.869112,-0.216809
3271,-1.665017,2.243077,4.537183,-0.727225,-0.100292,-0.679033
3272,0.851090,0.810148,2.807640,0.528003,-0.618554,-0.581897
3273,1.345587,1.649287,4.841180,-0.915694,0.394985,-0.074106
3274,1.444687,2.064437,4.842217,-0.780772,-0.257477,-0.569298
3275,1.651010,2.663580,4.817987,0.089404,-0.597683,-0.796732
3276,1.725603,2.188740,4.536903,-0.987395,0.123064,-0.099535
3277,1.447887,1.649460,4.858600,0.091760,-0.765224,0.637191
3278,1.343417,2.303093,4.662903,0.728841,-0.530008,-0.433453
3279,1.950917,1.850683,4.796573,0.418892,0.888170,-0.188899
3280,1.955403,1.847840,4.805710,0.441453,0.844228,0.303971
3281,1.853493,2.642590,4.754730,-0.599348,0.789861,-0.130005
3282,1.856217,2.639673,4.758850,0.118687,-0.031754,0.992424
3283,1.857263,2.639700,4.754187,0.836980,0.008588,-0.547167
3284,1.797833,0.843182,2.903760,-0.762891,0.380299,0.522847
3285,1.081160,2.045060,4.811550,0.444057,-0.078238,-0.892576
3286,1.081673,2.047407,4.816687,0.587906,0.587570,0.555993
3287,1.079733,2.042100,4.816187,0.043584,-0.910351,0.411535
3288,1.552243,1.952077,4.856343,0.400248,0.344376,0.849239
3289,1.823763,2.595800,4.782700,-0.977348,-0.022534,0.210433
3290,1.828060,2.597160,4.784897,0.551722,0.266589,0.790274
3291,1.826910,2.598260,4.779673,0.207272,0.596976,-0.775022
3292,1.827377,2.592650,4.781240,0.414749,-0.867689,-0.274043
3293,1.651003,2.663283,4.823520,-0.067238,-0.595639,0.800433
3294,1.195060,2.701203,4.758260,-0.774031,0.179980,-0.607029
3295,1.555927,2.682450,4.757277,0.904393,0.422465,0.059967
3296,1.733950,2.416180,4.795247,0.306642,0.831387,-0.463428
3297,1.731663,2.422067,4.809450,0.577932,0.811110,-0.089974
3298,0.754357,0.751578,2.818033,0.835296,-0.539994,0.103382
3299,0.751410,0.753285,2.814380,-0.132105,0.571701,-0.809757
3300,2.171857,2.584613,4.739187,-0.976351,0.013744,0.215753
3301,1.843783,2.693260,4.689730,-0.824877,-0.502628,-0.258733
3302,2.175743,2.587480,4.739660,0.515778,0.834782,-0.192646
3303,1.622253,2.298993,4.821863,0.274202,-0.915622,0.294025
3304,1.619020,2.301650,4.818020,-0.559777,-0.153888,-0.814228
3305,1.624350,2.303730,4.819527,0.819982,0.384319,-0.424180
3306,1.620397,2.303437,4.822300,-0.417955,0.543951,0.727620
3307,1.553810,2.346747,4.783187,0.473281,-0.486944,0.734092
3308,1.555400,2.351773,4.779510,0.811221,0.582725,-0.048489
3309,1.552690,2.347933,4.778710,-0.325740,-0.488878,-0.809254
3310,2.176110,2.582550,4.741633,0.283829,-0.518049,0.806887
3311,1.448880,1.649470,4.852040,0.277179,-0.763500,-0.583301
3312,1.449853,1.652507,4.855547,0.517858,0.851744,0.079714
3313,1.979890,1.936237,4.806013,0.435938,-0.878287,0.196394
3314,1.785423,2.341287,4.680003,0.143060,0.825699,-0.545670
3315,1.908333,2.613297,4.757600,-0.346100,0.125817,0.929723
3316,1.907973,2.614297,4.752637,-0.001479,0.785943,-0.618297
3317,1.906447,2.609457,4.752723,-0.736750,-0.671200,-0.081794
3318,1.911077,2.610690,4.754280,0.945039,-0.300402,-0.129070
3319,1.858190,1.770960,4.789433,0.220129,0.752765,-0.620394
3320,1.853367,1.766917,4.790070,-0.864824,-0.156443,-0.477079
3321,1.856000,1.769333,4.793937,-0.098067,0.267902,0.958442
3322,1.853957,1.641537,4.796903,0.267321,0.867622,-0.419252
3323,1.865647,1.646687,4.802083,0.206040,-0.457206,-0.865165
3324,2.042937,1.693803,4.803003,0.086778,0.056273,0.994637
3325,2.037647,1.688123,4.800473,-0.580529,-0.420052,0.697526
3326,2.589893,1.791810,4.823680,-0.522409,0.768297,0.369877
3327,2.573567,1.863273,4.818720,-0.756662,-0.082864,-0.648534
3328,2.183713,0.862474,3.357900,0.914357,0.397944,-0.074778
3329,1.939363,0.859551,2.963740,0.570279,0.190966,0.798945
3330,1.925680,2.058700,4.793217,0.914235,-0.373909,0.156095
3331,2.518170,1.847857,4.758410,0.696891,0.084317,0.712204
3332,2.166680,2.585340,4.647237,0.652321,-0.148537,0.743245
3333,2.554177,1.735547,4.773200,-0.971078,0.155572,0.181120
3334,2.515440,1.844277,4.756283,-0.277053,-0.956217,-0.094289
3335,1.148577,2.243670,4.826127,0.102279,0.578411,-0.809309
3336,2.036123,1.694377,4.795137,-0.856954,0.231351,-0.460550
3337,2.578220,1.926120,4.825893,0.496223,0.330169,-0.802964
3338,2.574897,1.927453,4.829950,-0.756687,0.618546,0.211720
3339,2.045523,1.705897,4.807550,0.112641,-0.683846,0.720879
3340,2.045843,1.693873,4.797630,0.874938,-0.172880,-0.452323
3341,2.040553,1.688193,4.795100,0.412880,-0.530955,-0.740011
3342,2.556820,1.733243,4.769847,-0.010350,-0.548535,-0.836064
3343,1.862850,1.758863,4.793533,-0.206166,-0.883999,-0.419573
3344,2.599103,1.789743,4.832213,-0.380851,0.448801,0.808413
3345,2.594187,1.782293,4.827197,-0.042112,-0.938580,0.342483
3346,1.651623,0.831636,2.867627,-0.034684,-0.985034,0.168834
3347,2.569683,1.608627,4.799393,0.609741,-0.085029,-0.788026
3348,2.566027,1.606150,4.801600,-0.899823,-0.436249,-0.002177
3349,2.570120,1.607700,4.804600,0.638145,-0.317082,0.701591
3350,1.647973,1.562240,4.868447,-0.704304,-0.702511,0.102146
3351,1.650023,1.564727,4.864787,0.655769,-0.009842,-0.754897
3352,1.648257,1.567057,4.868630,-0.632988,0.757432,0.160070
3353,1.925603,1.578933,4.799660,-0.925742,0.370551,-0.075460
3354,1.648493,1.646327,4.864297,0.534470,-0.845071,-0.013981
3355,1.929590,1.747387,4.798473,-0.571341,-0.518942,-0.635821
3356,1.938863,1.742303,4.798053,-0.114574,-0.538751,-0.834638
3357,1.960973,1.840003,4.805490,0.579779,-0.749819,0.318792
3358,1.903947,1.754747,4.794727,-0.283270,0.564057,-0.775627
3359,1.931913,1.754030,4.805813,-0.446186,0.109718,0.888189
3360,1.874340,1.549727,4.801947,0.240819,-0.024273,-0.970266
3361,1.756957,1.837397,4.770870,0.066312,-0.821582,-0.566220
3362,1.840080,1.639063,4.794077,-0.643576,0.760027,-0.090382
3363,1.874123,1.649243,4.808670,0.958220,-0.066039,0.278305
3364,0.464594,-0.061341,1.671073,0.787900,0.589486,0.178100
3365,0.464414,-0.067976,1.670907,0.754463,-0.639541,0.147556
3366,0.461479,-0.064621,1.672787,-0.823298,0.008119,0.567551
3367,1.830963,1.558597,4.774903,-0.401457,-0.386902,-0.830144
3368,1.914120,1.752720,4.794390,0.246678,-0.914200,-0.321541
3369,1.864867,1.650667,4.805713,-0.316560,0.947749,0.039518
3370,1.456213,1.941547,4.851597,0.145103,-0.822468,0.549992
3371,2.196650,2.247697,4.712053,0.940008,0.338640,0.041331
3372,2.222357,0.541008,3.443447,-0.561459,-0.822178,0.093744
3373,2.204123,0.809115,3.462830,-0.106155,-0.099308,0.989378
3374,2.196187,0.810021,3.457007,-0.737701,-0.670989,0.074638
3375,2.168183,0.873120,3.254463,0.808051,-0.373486,-0.455589
3376,2.229513,0.752193,3.352997,0.042560,-0.771834,0.634398
3377,2.216110,0.754344,3.448783,-0.728401,0.681608,-0.069589
3378,2.222590,0.755146,3.449677,0.535274,0.838190,0.104496
3379,2.219407,0.751916,3.451367,-0.008983,-0.710827,0.703310
3380,1.743423,0.226292,2.892610,-0.419932,-0.439046,-0.794289
3381,1.348787,1.645793,4.844680,-0.072798,-0.525774,0.847504
3382,1.349080,1.645423,4.839083,0.102172,-0.655813,-0.747978
3383,1.350607,1.649457,4.841717,0.740192,0.672372,-0.005656
3384,1.356520,0.058328,2.841783,0.118007,0.992797,0.020711
3385,1.328763,-0.017871,2.883107,-0.519526,-0.499863,0.692986
3386,1.447760,0.644559,2.827630,0.179190,-0.887133,-0.425306
3387,1.294770,-0.043488,2.000363,-0.974561,0.147921,0.168374
3388,1.648740,0.265457,2.891540,-0.906732,0.382721,-0.177091
3389,1.659490,0.265435,2.893737,0.454180,0.871832,-0.183381
3390,1.048523,0.047929,2.832973,-0.645617,0.699098,-0.307312
3391,-0.045965,-0.059370,1.846443,0.795227,0.528036,0.297982
3392,1.845087,0.048675,2.890410,-0.492780,0.721505,-0.486414
3393,0.831194,-0.059713,1.538503,0.663583,0.282947,0.692531
3394,0.827169,-0.058536,1.535497,-0.914194,0.401900,0.052209
3395,0.839272,-0.069140,1.251707,0.755407,-0.177656,0.630713
3396,0.643840,0.647236,2.826857,-0.819872,-0.048248,-0.570510
3397,1.321630,0.657698,2.790600,-0.077726,0.995895,0.046396
3398,0.747221,0.055157,2.838377,-0.316310,-0.238658,0.918145
3399,0.985614,-0.044690,2.388370,0.377995,-0.019907,-0.925594
3400,1.054510,0.651124,2.791540,0.939672,0.326245,-0.102861
3401,0.958653,0.815691,2.804647,0.752031,-0.411086,0.515226
3402,1.363873,0.648467,2.811903,-0.917675,0.146120,0.369488
3403,1.365820,0.649012,2.805570,-0.560996,0.246046,-0.790408
3404,1.366707,0.645772,2.809053,0.485575,-0.871024,0.074388
3405,1.147890,1.849603,4.831823,-0.143087,0.849097,0.508488
3406,1.341407,1.854713,4.827467,0.118021,0.318505,-0.940545
3407,1.337950,1.853703,4.831410,-0.959714,0.029929,0.279380
3408,1.343047,1.856303,4.832930,0.361151,0.777004,0.515592
3409,1.342427,1.851700,4.831293,0.417700,-0.898340,0.136059
3410,1.334683,0.808601,2.785287,0.419235,-0.259113,-0.870116
3411,1.360410,0.353293,2.810057,0.901462,-0.263205,0.343642
3412,1.249543,0.748118,2.750640,-0.175464,-0.207555,-0.962358
3413,1.247910,0.751328,2.754170,-0.082831,0.943564,0.320666
3414,1.253080,0.747251,2.754107,0.940862,0.139003,0.308962
3415,0.950553,-0.050581,1.663903,0.236948,0.642118,0.729068
3416,0.952173,-0.053913,1.660937,0.412603,-0.002601,-0.910907
3417,0.346433,-0.065760,1.670957,0.508038,-0.069581,-0.858520
3418,1.329790,0.809721,2.787767,-0.986884,0.053101,-0.152449
3419,1.333750,0.806557,2.790617,0.097645,-0.820632,0.563052
3420,1.334197,0.811366,2.789400,0.388056,0.835769,0.388461
3421,1.323740,0.551658,2.785107,-0.339950,-0.900484,-0.271224
3422,1.246633,0.448011,2.760507,-0.254525,0.795851,-0.549398
3423,1.321167,0.653804,2.793670,0.382905,-0.502689,0.775041
3424,1.323453,0.654271,2.787477,0.817153,-0.413710,-0.401379
3425,1.129437,-0.048095,1.749900,0.506111,0.037904,0.861635
3426,1.061633,-0.050602,1.657490,0.608444,0.340270,-0.716947
3427,1.050853,-0.046729,1.843290,-0.755314,0.338170,0.561375
3428,1.058847,-0.055183,1.658997,-0.355704,-0.874043,-0.330942
3429,1.056723,-0.049511,1.659887,-0.865121,0.487656,-0.117292
3430,1.060377,-0.051766,1.661917,0.443034,0.025236,0.896150
3431,1.053007,-0.051334,1.559420,-0.603630,0.725055,-0.331550
3432,1.056583,-0.052829,1.563820,0.180567,0.279157,0.943116
3433,1.054357,-0.056160,1.560590,-0.366503,-0.930239,-0.018197
3434,0.963561,-0.054043,1.746667,-0.230207,-0.395461,0.889166
3435,0.756308,-0.074404,1.252607,-0.334485,-0.942397,-0.002780
3436,0.755563,-0.069584,1.250320,-0.358094,0.524442,-0.772482
3437,0.760815,-0.071454,1.252520,0.975628,0.049434,-0.213792
3438,0.756700,-0.070002,1.255413,-0.235813,0.386500,0.891633
3439,0.956891,-0.059295,1.538810,0.971578,-0.225582,0.071753
3440,1.018773,-0.060105,1.491343,0.454538,-0.885802,0.093541
3441,0.846312,-0.054241,1.752813,-0.795304,0.021013,-0.605847
3442,0.644098,0.647205,2.833510,-0.773035,-0.053704,0.632086
3443,0.646314,0.649837,2.830103,0.626649,0.779026,-0.020741
3444,1.722973,0.135929,2.891837,-0.407975,-0.576780,-0.707730
3445,1.060330,-0.030807,2.741673,0.729325,-0.324748,-0.602183
3446,1.318143,0.150014,2.799263,-0.388686,-0.102553,0.915645
3447,0.981445,-0.045799,2.390330,-0.945379,-0.325594,-0.015750
3448,0.986379,-0.047106,2.392373,0.474189,-0.489597,0.731737
3449,0.984392,-0.041290,2.391437,0.013962,0.857280,0.514661
3450,1.081893,0.251228,2.800093,-0.526012,-0.525216,0.668925
3451,0.555066,0.750438,2.820297,0.571802,0.644610,-0.507464
3452,0.555899,0.812517,2.812453,0.303609,-0.774742,0.554614
3453,1.900673,1.753580,4.805483,0.170157,0.747474,0.642128
3454,1.900213,1.749540,4.802713,0.145840,-0.974734,0.169190
3455,0.607420,1.569303,4.704177,-0.449598,-0.864658,0.224114
3456,0.609805,1.580447,4.707240,-0.200273,0.233029,0.951624
3457,0.611551,1.578393,4.702820,0.899744,-0.074325,-0.430043
3458,0.553280,0.749176,2.825353,-0.076754,0.299015,0.951157
3459,1.016473,-0.056785,1.488663,-0.640791,-0.002110,-0.767712
3460,1.020620,-0.054538,1.489787,0.820453,0.571697,0.004287
3461,0.852275,-0.068406,1.355217,-0.249139,-0.763792,-0.595442
3462,0.852180,-0.065902,1.359743,-0.375256,-0.080364,0.923431
3463,0.450904,-0.075643,1.151287,0.069296,0.519000,-0.851961
3464,0.451259,-0.082266,1.151913,0.132563,-0.658882,-0.740474
3465,0.838052,-0.070117,1.246967,0.135114,-0.391152,-0.910354
3466,0.610289,-0.082099,0.885228,-0.104249,0.042931,-0.993624
3467,0.821657,-0.074114,1.175750,0.726713,-0.122406,0.675947
3468,0.457171,-0.081568,1.039337,0.733643,0.017485,0.679310
3469,0.651048,-0.076403,1.154967,0.359812,-0.923576,-0.132447
3470,0.345151,-0.075221,1.341113,-0.933846,-0.054252,-0.353536
3471,-0.257440,-0.085407,1.148170,-0.777875,-0.020675,0.628079
3472,-0.254655,-0.088667,1.146083,0.817017,-0.568111,0.098658
3473,-0.254824,-0.082005,1.146093,0.787179,0.608526,0.100229
3474,-0.256857,-0.085386,1.143463,-0.610120,-0.014288,-0.792180
3475,0.152077,-0.073414,1.362087,0.814732,0.540235,-0.210613
3476,-0.145909,-0.086054,0.945687,0.562592,0.826652,-0.011665
3477,-0.146260,-0.085944,1.046137,0.732740,0.011707,0.680408
3478,-0.154262,-0.095167,0.747955,-0.773408,-0.005719,-0.633883
3479,-0.350273,-0.099408,0.669679,-0.012798,0.996202,-0.086129
3480,0.247739,-0.090020,0.742163,0.636871,0.050811,-0.769294
3481,-0.041997,-0.098571,0.555925,0.706550,-0.054524,0.705560
3482,-0.151825,-0.091821,0.750214,0.067504,0.580352,0.811563
3483,-0.151691,-0.098481,0.750111,0.091201,-0.601985,0.793282
3484,-0.044465,-0.091051,0.746257,0.870836,0.481255,-0.100187
3485,0.341804,-0.090932,0.549209,0.695319,0.076427,0.714626
3486,0.052578,-0.095065,0.646727,0.685092,-0.067408,-0.725331
3487,0.051037,-0.091999,0.745779,-0.717943,-0.019214,0.695836
3488,-0.142883,-0.113874,0.243048,-0.231238,-0.554507,-0.799407
3489,-0.141392,-0.107446,0.243397,0.054626,0.678568,-0.732503
3490,-0.139311,-0.111442,0.245567,0.822340,-0.219153,0.525099
3491,0.254350,-0.085415,0.944783,-0.600685,-0.040247,-0.798472
3492,0.122242,-0.113332,0.195236,-0.006916,0.346189,0.938139
3493,-0.052061,-0.112213,0.188686,-0.893707,-0.370874,-0.252469
3494,-0.046991,-0.111297,0.187486,0.680738,-0.129472,-0.720994
3495,0.052501,-0.110920,0.240678,0.715916,0.068391,0.694828
3496,0.050936,-0.108333,0.236776,0.163329,0.271864,-0.948374
3497,0.049195,-0.114252,0.239154,-0.167275,-0.851314,-0.497277
3498,0.123424,-0.117328,0.191853,0.061015,-0.997323,-0.040305
3499,0.433463,-0.090928,0.653235,0.608904,-0.594673,-0.524977
3500,0.406918,-0.091552,0.585841,-0.361334,-0.091457,-0.927940
3501,0.157235,-0.090572,0.847876,0.918044,-0.380138,0.112648
3502,0.152436,-0.090032,0.852429,0.025101,-0.279682,0.959764
3503,0.152411,-0.091482,0.847737,-0.653260,-0.403326,-0.640765
3504,-0.741503,-0.076223,1.539987,-0.053579,0.995876,-0.073217
3505,-0.648645,-0.083137,1.351563,0.970830,-0.237598,0.032191
3506,-0.652650,-0.081281,1.349433,-0.520244,-0.146228,-0.841406
3507,-0.766324,-0.080035,1.347477,-0.427894,0.901606,-0.063351
3508,-2.954453,1.348100,4.454157,0.122108,0.992500,0.005845
3509,-0.743539,-0.079636,1.542723,-0.754624,-0.376970,0.537063
3510,-0.749257,-0.072461,1.658447,-0.834753,0.185174,-0.518554
3511,-0.360112,-0.067168,1.835533,0.654560,0.017354,-0.755811
3512,-0.362845,-0.063941,1.837943,-0.826747,0.562511,0.008466
3513,-0.439864,-0.080930,1.365853,-0.785700,-0.178276,-0.592363
3514,-0.446297,-0.079431,1.537493,-0.192189,-0.605283,-0.772461
3515,-0.551999,-0.081251,1.355117,-0.794526,0.005995,0.607201
3516,-0.671740,-0.079369,1.451380,0.748386,-0.002966,0.663257
3517,-2.653587,1.254623,4.492843,-0.772933,0.632033,0.055747
3518,-3.152403,1.252980,4.447207,-0.396707,0.111531,-0.911145
3519,-2.973597,1.154080,4.465297,-0.320021,0.185568,0.929059
3520,-3.300913,2.327460,4.420983,0.128375,0.317871,-0.939403
3521,-3.040710,2.354223,4.446490,0.741229,-0.390745,0.545800
3522,-3.041007,2.354997,4.439910,0.685278,-0.245809,-0.685545
3523,-3.118297,2.457177,4.435347,0.754977,-0.654264,0.044138
3524,-3.263813,2.360083,4.427887,-0.844613,0.263443,-0.466075
3525,-3.259237,2.360807,4.429520,0.608846,0.775360,0.167700
3526,-3.121003,2.459450,4.438527,-0.111896,0.761465,0.638476
3527,-3.035647,2.247070,4.441030,0.927582,0.373615,0.001989
3528,-3.154100,2.246680,4.440333,-0.000530,0.698744,0.715371
3529,-3.156750,2.244263,4.436773,-0.789572,-0.610392,-0.063230
3530,-3.297673,2.128507,4.419423,0.802326,0.237597,0.547559
3531,-3.052757,1.950550,4.438840,-0.290040,-0.601335,-0.744495
3532,-2.952553,1.846643,4.440773,-0.621786,0.775060,-0.112531
3533,-3.038800,2.245847,4.437693,-0.319658,-0.710783,-0.626584
3534,-3.038680,2.245513,4.444343,-0.297449,-0.770609,0.563637
3535,-3.040033,2.248890,4.441203,-0.409464,0.910783,0.053042
3536,-2.958253,2.031570,4.442363,-0.123582,-0.936542,0.328049
3537,-2.956843,2.034663,4.438360,0.325758,0.046681,-0.944300
3538,-2.959653,2.036350,4.442117,-0.829260,0.543952,0.128235
3539,-3.229923,2.056230,4.425973,0.561307,-0.818435,0.122873
3540,-3.203447,1.064637,4.445097,0.746389,-0.114333,-0.655615
3541,-3.150230,2.119970,4.432740,0.552294,0.813037,0.184236
3542,-3.151403,2.116810,4.428890,0.284560,-0.588941,-0.756422
3543,-3.214157,1.554023,4.429930,0.861087,-0.056826,-0.505271
3544,-3.231300,2.058927,4.422267,0.244980,0.756998,-0.605755
3545,-3.232227,2.059280,4.428853,0.080435,0.819997,0.566688
3546,-3.234530,2.057163,4.425277,-0.833078,-0.546125,-0.087908
3547,-3.229753,1.950030,4.430600,0.702495,0.710789,0.035766
3548,-2.944347,1.746023,4.441120,-0.802128,-0.595007,-0.050581
3549,-3.048303,1.556327,4.447323,0.761627,-0.635409,0.127196
3550,-3.238310,1.864463,4.428693,-0.446366,0.888631,-0.105321
3551,-3.231780,1.947490,4.427167,0.048985,-0.819146,-0.571489
3552,-3.232270,1.947640,4.433810,-0.038047,-0.792465,0.608729
3553,-3.138813,1.546327,4.438747,0.479955,-0.877291,-0.001973
3554,-2.851097,1.647063,4.458053,-0.673758,-0.738892,-0.009383
3555,-3.210213,1.433323,4.438313,-0.542725,-0.835483,0.086124
3556,-3.153883,1.159000,4.455483,0.079477,0.984473,0.156516
3557,-3.155113,1.155123,4.451740,-0.284071,-0.157500,-0.945779
3558,-3.156897,1.154407,4.457153,-0.781207,-0.287305,0.554231
3559,-3.140460,1.549480,4.442090,0.245286,0.728279,0.639878
3560,-2.971550,1.156420,4.460687,0.275753,0.867338,-0.414349
3561,-3.203337,1.064743,4.451673,0.767779,-0.093531,0.633851
3562,-3.149287,1.453203,4.442363,0.806831,0.589467,0.039405
3563,-3.149220,1.351597,4.447200,-0.637955,0.766400,-0.075127
3564,-3.147170,1.349113,4.450783,-0.108317,-0.739743,0.664114
3565,-2.969790,1.646847,4.443760,-0.931374,0.086064,-0.353746
3566,-2.984667,1.246800,4.466597,-0.351584,0.136332,0.926176
3567,-3.047533,1.253293,4.454260,0.819233,0.079013,-0.567992
3568,-2.750700,1.355523,4.477067,0.603747,-0.789034,0.113644
3569,-2.752380,1.358167,4.473363,0.200030,0.737133,-0.645464
3570,-2.752953,1.358680,4.479973,0.095947,0.830245,0.549079
3571,-2.755337,1.356370,4.476597,-0.825533,-0.563667,-0.027830
3572,-3.199920,0.857425,4.443617,0.799819,0.032477,-0.599362
3573,-2.831840,1.439920,4.464527,-0.174002,-0.952350,-0.250506
3574,-3.148747,1.253737,4.450503,0.890879,0.452731,0.037017
3575,-3.150583,1.249110,4.450737,-0.005854,-0.973204,0.229868
3576,-3.153267,1.254243,4.452533,-0.672160,0.300947,0.676486
3577,-1.147737,-0.079119,1.735113,-0.473853,-0.879763,-0.038472
3578,-3.205917,0.767688,4.454403,-0.648262,-0.741089,-0.174769
3579,-3.201623,0.769930,4.452307,0.886432,-0.125972,-0.445386
3580,-3.203550,0.770176,4.458410,0.468020,-0.072611,0.880730
3581,-2.668100,0.955715,4.494837,0.262554,0.945196,-0.194090
3582,-2.460323,1.552997,4.495033,-0.888331,-0.065594,0.454494
3583,-1.658497,1.555963,4.559637,-0.777158,-0.120788,0.617605
3584,-1.568170,0.848637,4.586610,-0.972920,-0.152013,0.174124
3585,-1.643223,0.747850,4.568117,0.802549,0.594474,-0.050164
3586,-1.564200,0.847551,4.583773,0.311714,0.157094,-0.937100
3587,-1.563047,0.844595,4.587637,0.011753,-0.928308,0.371628
3588,-1.512527,0.742141,4.606993,0.983214,-0.155780,0.094986
3589,-1.744630,0.646729,4.575510,0.736560,0.187686,0.649810
3590,-1.744180,0.646826,4.568867,0.817332,0.204636,-0.538603
3591,-1.747383,0.648514,4.572010,-0.844806,0.532780,-0.049472
3592,-1.746217,0.643889,4.572023,-0.501095,-0.864141,-0.046517
3593,-1.656290,1.558460,4.556290,0.585609,0.810548,-0.008617
3594,-1.516973,1.534057,4.600160,0.298733,0.095125,-0.949584
3595,-2.354377,1.652407,4.499197,0.656100,-0.751495,-0.069195
3596,-2.455947,1.648077,4.486380,0.282985,-0.824958,-0.489248
3597,-1.950923,1.548810,4.535303,-0.588965,-0.808157,0.001668
3598,-2.045863,1.651220,4.527957,0.700203,0.713826,-0.012936
3599,-1.954563,1.256790,4.545103,-0.123256,0.883932,-0.451079
3600,-1.955680,1.252393,4.546860,-0.760864,-0.644347,-0.076825
3601,-1.858253,1.849673,4.534197,-0.823435,0.552223,-0.130401
3602,-1.653330,1.448410,4.560100,0.673376,0.710606,0.203970
3603,-1.949570,1.464880,4.534910,-0.042880,0.500804,-0.864498
3604,-1.952090,1.463173,4.539223,-0.872268,-0.400824,0.280158
3605,-1.748783,1.748063,4.544490,-0.712770,-0.696666,0.081335
3606,-1.653343,1.443633,4.559987,0.653745,-0.738597,0.164595
3607,-1.948367,1.466490,4.540960,0.222326,0.855165,0.468256
3608,-2.456937,1.550750,4.492370,0.738473,-0.654472,0.162244
3609,-2.048163,1.648440,4.524683,0.064276,-0.807920,-0.585777
3610,-2.050563,1.650853,4.527947,-0.760230,0.649422,-0.017372
3611,-2.358047,1.054610,4.513720,-0.687010,0.089412,-0.721126
3612,-2.040937,1.559533,4.530523,-0.579861,0.814466,0.020151
3613,-1.848447,1.556183,4.545347,0.739846,-0.669444,0.066879
3614,-1.849260,1.249670,4.557060,-0.666269,0.727542,-0.163608
3615,-1.854760,1.343297,4.549300,0.077686,-0.758955,-0.646492
3616,-1.947063,1.045533,4.552827,-0.528513,-0.843866,0.092543
3617,-1.944917,1.048360,4.549150,0.664532,0.029510,-0.746677
3618,-1.944023,1.048513,4.555650,0.841153,0.060242,0.537432
3619,-1.947357,1.050283,4.552753,-0.736802,0.670688,0.085442
3620,-0.835296,-0.065568,2.134393,0.773873,-0.460930,0.434355
3621,-0.836390,-0.059527,2.132533,0.537821,0.842402,0.033279
3622,-0.839402,-0.062941,2.134277,-0.898605,-0.027866,0.437873
3623,-0.961600,-0.067627,2.039113,-0.912152,-0.371131,0.173896
3624,-1.138477,-0.068731,2.098740,-0.972970,-0.112443,-0.201706
3625,-1.069787,-0.068436,2.032920,-0.011236,-0.532905,-0.846101
3626,-1.129443,-0.065936,2.076023,-0.082098,0.985333,0.149595
3627,-1.066633,-0.066968,2.037287,0.832276,-0.266769,0.485953
3628,-1.068903,-0.062638,2.034590,0.203279,0.874272,-0.440824
3629,-1.071317,-0.066118,2.036813,-0.801763,-0.049401,0.595597
3630,-1.124657,-0.069258,1.959903,-0.098220,0.110749,0.988983
3631,-1.124003,-0.072964,1.956640,0.615192,-0.699770,-0.363127
3632,-1.127373,-0.069583,1.955927,-0.976973,0.015172,-0.212825
3633,-1.126763,-0.069261,2.072937,0.680046,-0.024766,-0.732751
3634,-1.136530,-0.068343,2.105100,0.503767,-0.127468,0.854383
3635,-0.942208,-0.066409,2.148340,0.084880,-0.896977,0.433851
3636,-0.940150,-0.062744,2.145890,0.810869,0.396143,-0.430769
3637,-0.943793,-0.060895,2.150427,0.029226,0.544165,0.838469
3638,0.346680,0.451979,2.817777,0.537056,0.843496,0.009230
3639,-0.440292,-0.056229,2.177760,0.124656,0.525479,-0.841625
3640,-0.438469,-0.059499,2.180627,0.623977,0.012934,0.781336
3641,-0.224417,-0.049287,2.439610,0.600772,0.709400,-0.368544
3642,-0.249052,-0.068256,1.853787,-0.255375,-0.552119,0.793693
3643,0.209718,0.349459,3.012063,0.840551,0.421359,-0.340487
3644,0.202399,0.655096,2.989973,0.040521,-0.857661,-0.512616
3645,0.201905,0.660457,2.990587,-0.061297,0.978100,-0.198904
3646,0.198010,0.656298,2.997237,-0.981619,-0.108429,0.157059
3647,0.969161,-0.037427,2.726420,-0.477720,-0.679936,-0.556301
3648,0.343897,0.449217,2.820940,-0.803116,-0.072282,0.591422
3649,0.347339,0.447057,2.818070,0.755857,-0.647026,0.100189
3650,0.254575,0.739852,2.805830,-0.000133,-0.880096,-0.474795
3651,0.190669,0.656111,3.025640,-0.417185,0.896561,0.148778
3652,0.192475,0.653152,3.014237,-0.830992,-0.012949,-0.556134
3653,0.191163,0.650751,3.025027,0.337760,-0.896662,0.286209
3654,0.205173,0.599928,2.992887,0.235413,0.221825,-0.946242
3655,0.206872,0.600815,2.998230,0.646741,0.519792,0.558161
3656,0.853142,0.145899,2.837510,0.813748,-0.038279,0.579956
3657,0.187648,0.728386,3.023000,-0.317521,-0.934750,0.159444
3658,0.447015,0.543175,2.822007,0.664769,-0.746836,-0.017837
3659,0.444788,0.545740,2.825397,-0.768623,0.045553,0.638078
3660,0.447208,0.547978,2.821897,0.720298,0.691830,-0.050416
3661,0.344848,-0.068815,1.674353,0.224940,-0.537459,0.812736
3662,0.448463,0.244048,2.826777,-0.026923,-0.632302,-0.774254
3663,0.256247,0.647827,2.804073,-0.030225,-0.972807,-0.229636
3664,0.353586,0.650356,2.813053,0.638118,-0.765763,0.080072
3665,0.180100,0.649728,3.136930,-0.033156,0.595978,-0.802316
3666,0.255566,0.558565,2.800303,0.607249,0.351276,-0.712638
3667,0.237490,0.288190,2.798763,0.081363,-0.252868,-0.964073
3668,0.443970,0.446351,2.823853,-0.798723,0.572428,0.185386
3669,0.264993,0.250567,2.822657,0.816716,-0.549992,0.174597
3670,0.179783,0.650264,3.141743,-0.127576,0.751820,0.646909
3671,0.176958,0.647024,3.139453,-0.517775,-0.853346,0.060903
3672,0.645148,0.349685,2.833250,-0.241122,0.301533,-0.922463
3673,0.207411,0.437538,2.917133,-0.112871,0.076766,0.990640
3674,0.200499,0.083273,3.029337,-0.764786,-0.015974,-0.644087
3675,0.201283,0.086470,3.037197,-0.071645,0.903595,0.422353
3676,0.201694,0.079845,3.036873,-0.090753,-0.919310,0.382928
3677,0.186966,0.214422,3.332823,0.152918,0.843511,-0.514884
3678,0.189691,0.210893,3.334777,0.550127,-0.824209,-0.134313
3679,0.447321,0.146283,2.832460,0.640240,0.767875,0.021465
3680,2.612297,1.791837,4.831720,0.737707,0.557581,0.380646
3681,0.264144,0.150227,2.829923,-0.299391,0.627229,0.718992
3682,0.936832,-0.047218,2.015303,-0.745306,-0.659430,0.098341
3683,0.552013,0.448503,2.831343,0.801978,0.080240,0.591940
3684,0.549576,0.445752,2.828303,-0.686801,-0.722264,0.081481
3685,0.198601,0.476247,3.018663,-0.945773,-0.211099,-0.246882
3686,0.204451,0.472152,3.013253,0.706819,0.683630,-0.181817
3687,1.127080,-0.044958,1.747073,-0.823095,0.542765,-0.167096
3688,0.262426,0.552223,2.806143,0.758189,-0.113362,-0.642104
3689,0.181690,0.653428,3.269703,0.646175,-0.470624,0.600809
3690,0.178384,0.653097,3.266330,0.007722,-0.068933,-0.997591
3691,0.549174,0.343926,2.834313,-0.107733,-0.762649,0.637777
3692,0.203616,0.349670,3.010347,-0.511358,0.468076,-0.720707
3693,1.244363,0.036281,2.849063,-0.955491,0.074024,0.285584
3694,0.364173,-0.060596,1.861323,0.359257,0.056693,-0.931515
3695,0.362840,-0.057460,1.864617,0.301291,0.568298,0.765677
3696,0.363155,-0.064112,1.864333,0.356612,-0.600227,0.715930
3697,0.359828,-0.060884,1.863247,-0.935934,-0.029374,-0.350950
3698,0.448742,0.446293,2.823340,0.736775,0.674878,0.041260
3699,1.367200,0.451021,2.812767,0.829105,0.482382,0.282655
3700,0.643066,0.347663,2.837927,-0.848693,-0.289224,0.442798
3701,0.647657,0.347623,2.836713,0.741583,-0.669631,0.040613
3702,0.263770,-0.027769,2.818333,0.405165,-0.725276,-0.556611
3703,-0.223710,-0.055855,2.439473,0.736171,-0.549722,-0.394789
3704,1.152537,0.034982,2.841843,0.269902,-0.959558,-0.080006
3705,0.851030,0.249593,2.833290,-0.733673,0.679148,0.021970
3706,1.069853,0.152241,2.796530,-0.052691,0.735394,-0.675588
3707,0.349914,0.745395,2.804740,-0.538780,-0.017613,-0.842262
3708,0.351445,0.748084,2.808737,0.545412,0.815799,0.192348
3709,1.048813,0.043621,2.835207,-0.637002,-0.656742,0.403633
3710,0.645448,0.744017,2.827420,0.699747,-0.713540,-0.034846
3711,0.642783,0.746394,2.830870,-0.738227,-0.054147,0.672376
3712,0.645083,0.748819,2.827407,0.633807,0.772322,-0.042513
3713,1.141923,0.155958,2.789280,0.681744,0.686427,-0.253066
3714,1.094680,0.138837,2.804827,0.070552,-0.173767,0.982256
3715,0.636178,-0.046497,2.670037,-0.484743,-0.669835,-0.562446
3716,0.260246,-0.024540,2.819150,-0.303157,0.874503,-0.378603
3717,0.341851,-0.007085,2.844953,0.758001,0.476022,-0.445912
3718,0.246403,0.746002,2.804097,-0.499365,0.221729,0.837539
3719,2.598170,1.786453,4.818170,0.302094,0.139536,-0.943011
3720,0.732402,-0.048207,2.592137,0.156019,0.201032,-0.967080
3721,0.576216,-0.044763,2.550793,0.229358,0.966690,-0.113600
3722,2.603087,1.793903,4.823187,0.287587,0.616337,-0.733091
3723,0.448529,0.242475,2.833243,-0.014670,-0.917432,0.397622
3724,0.446119,0.245761,2.830643,-0.714467,0.678145,0.172212
3725,0.548766,0.141460,2.840733,-0.210034,-0.753076,0.623508
3726,0.267435,0.648760,2.816373,0.558176,-0.679730,0.475822
3727,0.204962,0.150098,3.042683,0.800367,0.267990,0.536277
3728,0.206784,0.142623,3.035023,0.562145,-0.742730,0.363793
3729,0.199874,0.465475,3.010713,-0.852304,0.409455,-0.325461
3730,0.240738,0.559515,2.798107,-0.649726,0.742563,-0.162654
3731,0.198531,0.148616,3.030843,-0.801535,-0.069255,-0.593923
3732,0.344775,-0.062195,1.673773,0.211488,0.675515,0.706366
3733,0.341783,-0.065695,1.672287,-0.887059,-0.050029,-0.458937
3734,0.346704,-0.066832,1.746920,-0.061744,-0.616697,-0.784775
3735,0.568774,-0.062847,1.748943,-0.173793,-0.970705,-0.165914
3736,0.152350,-0.083793,0.944639,0.861700,0.436981,-0.257915
3737,0.147984,-0.082281,0.949121,-0.031633,0.637407,0.769878
3738,0.149946,-0.087193,0.947355,0.043539,-0.933059,0.357078
3739,0.147522,-0.084021,0.944630,-0.722479,-0.040580,-0.690201
3740,-0.350665,-0.083792,1.248017,-0.660524,-0.052292,0.748982
3741,-0.347699,-0.086874,1.245537,0.829892,-0.557821,0.010752
3742,-0.348270,-0.080278,1.245493,0.721625,0.692279,0.002689
3743,-0.350621,-0.083820,1.243173,-0.678201,-0.063553,-0.732123
3744,0.347128,-0.060205,1.746877,0.016651,0.609446,-0.792652
3745,0.344600,-0.063354,1.749550,-0.704869,0.049690,0.707595
3746,0.194087,0.978852,2.767857,-0.332333,-0.252273,-0.908798
3747,0.229184,0.958451,2.770860,0.653154,0.726299,-0.214194
3748,0.238440,-0.083159,1.049583,-0.972329,0.014138,0.233187
3749,-0.146757,-0.087598,1.041697,0.236625,-0.444610,-0.863904
3750,-0.049827,-0.084386,0.942403,-0.838678,0.224951,0.496001
3751,-0.148468,-0.083714,1.146860,-0.837447,-0.022535,-0.546053
3752,-0.523232,-0.098081,0.757297,0.968289,0.064528,0.241357
3753,-0.526828,-0.101636,0.756149,-0.268053,-0.805050,-0.529190
3754,-0.526957,-0.095317,0.754979,-0.295862,0.551224,-0.780139
3755,-0.527852,-0.097817,0.759236,-0.436466,0.155036,0.886262
3756,0.525595,-0.063753,1.661213,0.415492,-0.096294,-0.904485
3757,-0.445464,-0.098688,0.673777,-0.640973,0.265318,0.720250
3758,-0.428264,-0.101634,0.626578,0.960112,-0.270574,-0.070534
3759,-0.044636,-0.095068,0.553576,-0.170698,0.900042,-0.400981
3760,0.249523,-0.097321,0.538958,0.255286,-0.513160,-0.819449
3761,0.244896,-0.096104,0.542457,-0.912699,-0.367821,0.178012
3762,0.249703,-0.095525,0.543592,0.590118,-0.068854,0.804376
3763,-0.047456,-0.099264,0.443094,0.350753,0.886902,-0.300627
3764,-0.081178,0.119853,0.288161,0.598304,0.318122,0.735412
3765,-0.085552,0.120981,0.285886,-0.975341,0.191630,0.109486
3766,-0.082345,0.115301,0.285733,-0.308956,-0.942579,0.126853
3767,0.650636,-0.073124,1.158557,-0.379950,0.303673,0.873740
3768,0.159059,-0.082218,1.039827,0.925635,0.377524,0.025981
3769,0.048576,-0.096299,0.542139,-0.620039,0.374211,-0.689578
3770,0.050520,-0.100040,0.544762,0.325133,-0.939968,-0.103676
3771,-0.150644,-0.087792,1.045887,-0.851223,-0.453506,0.264107
3772,0.051507,-0.088855,0.851088,0.254997,0.387545,0.885881
3773,0.042087,-0.086935,0.940351,0.739954,0.015792,-0.672472
3774,0.248547,-0.084375,0.851234,0.056129,0.579364,0.813134
3775,0.250899,-0.087403,0.848279,0.633982,0.082924,-0.768889
3776,0.058438,-0.088421,1.040077,0.635507,-0.765513,-0.100600
3777,0.050316,-0.091505,0.649091,0.053160,0.673685,0.737104
3778,0.050301,-0.098131,0.649693,0.050509,-0.530053,0.846459
3779,-0.046808,-0.099721,0.555392,-0.842095,-0.373210,0.389346
3780,-0.046986,-0.087832,0.940752,-0.007456,-0.999870,0.014297
3781,-0.046035,-0.078181,1.345697,-0.763931,-0.008549,-0.645241
3782,0.146606,-0.105044,0.437164,0.463383,-0.689584,0.556552
3783,-0.046278,-0.106298,0.342417,0.782821,0.269861,-0.560684
3784,-0.049009,-0.110677,0.344015,0.040352,-0.972585,0.229020
3785,-0.051153,-0.106337,0.343111,-0.815622,0.337263,-0.470122
3786,-0.045120,-0.104833,0.444441,0.902926,-0.429421,0.017960
3787,-0.049690,-0.104027,0.441488,-0.529663,-0.402796,-0.746467
3788,0.264805,-0.097672,0.390060,-0.469474,0.850367,0.237633
3789,0.264404,-0.102876,0.390505,-0.302362,-0.802331,0.514628
3790,0.411272,-0.091899,0.588060,0.986680,-0.162129,-0.013287
3791,0.406579,-0.093965,0.590091,-0.406944,-0.576631,0.708444
3792,0.544923,-0.079912,0.948963,0.037780,0.485249,0.873560
3793,0.546054,-0.085164,0.946524,0.202041,-0.936074,0.288002
3794,0.548011,-0.080772,0.944000,0.790116,0.389874,-0.472986
3795,0.543190,-0.081606,0.944672,-0.841901,0.067323,-0.535416
3796,0.346245,-0.085530,0.952731,-0.709604,-0.388732,-0.587665
3797,0.348214,-0.080808,0.954733,-0.150705,0.983050,0.104409
3798,0.351382,-0.084831,0.953569,0.897247,-0.209376,-0.388729
3799,0.349150,-0.082878,1.039017,-0.022915,-0.999720,0.005821
3800,0.346826,-0.079464,1.036687,-0.021997,0.567892,-0.822809
3801,0.351684,-0.079549,1.041247,0.832855,0.553120,-0.020267
3802,0.346925,-0.079438,1.041450,-0.683740,0.032105,0.729020
3803,0.720617,-0.076099,1.056250,0.910071,0.032531,0.413174
3804,0.228971,0.953468,2.771573,0.612539,-0.790439,-0.001139
3805,0.643810,-0.062482,1.465497,0.034934,0.709138,0.704203
3806,0.242787,-0.086167,1.048470,0.303754,-0.927876,-0.216288
3807,0.243637,-0.081965,1.051757,0.447568,0.340813,0.826758
3808,0.233475,-0.073459,1.521763,-0.666173,-0.624959,0.406987
3809,0.236548,-0.069851,1.522570,0.943025,0.085059,0.321666
3810,0.234342,-0.070235,1.518370,0.287464,-0.030815,-0.957296
3811,0.156554,-0.087982,1.039807,0.355460,-0.934442,0.021579
3812,0.154774,-0.083791,1.042327,-0.594716,0.255811,0.762150
3813,0.154941,-0.083846,1.037160,-0.553841,0.243455,-0.796235
3814,0.448453,-0.078893,1.153740,-0.793999,0.014864,0.607737
3815,0.151270,-0.079839,1.362973,0.651684,-0.757838,-0.031451
3816,0.256289,-0.081948,0.947413,0.773107,0.627651,0.091433
3817,-0.256738,-0.079733,1.241330,0.758942,0.647017,0.073325
3818,0.256617,-0.088604,0.947502,0.830872,-0.546058,0.107109
3819,0.549381,-0.080443,0.849553,0.736959,0.668013,0.103197
3820,-0.623456,-0.096470,0.876937,-0.502973,-0.065617,0.861808
3821,-0.674352,-0.076030,1.449043,-0.749554,0.661167,0.032054
3822,-0.041382,-0.071173,1.529083,0.893728,0.429634,-0.129093
3823,-0.345259,-0.075762,1.566660,-0.944863,-0.267615,-0.188720
3824,-0.349394,-0.085981,1.150147,0.669941,0.350661,0.654382
3825,-0.636348,-0.092732,0.950701,0.891796,0.333784,0.305430
3826,-0.654022,-0.091356,1.044857,0.987415,0.092545,-0.128244
3827,-0.638947,-0.097355,0.948872,0.139183,-0.930991,-0.337467
3828,-0.640273,-0.091898,0.946781,-0.197719,0.454804,-0.868366
3829,-0.641159,-0.093670,0.951305,-0.691350,0.105761,0.714737
3830,-0.449290,-0.095918,0.840640,-0.428949,-0.157880,-0.889425
3831,-0.446066,-0.092834,0.843462,0.584675,0.811265,-0.002239
3832,-0.445401,-0.098711,0.844185,0.698167,-0.715761,-0.015790
3833,-0.449817,-0.089797,1.042227,0.675330,-0.065500,0.734601
3834,-0.658094,-0.089104,1.043297,-0.592984,0.513283,-0.620412
3835,-0.657321,-0.094986,1.045007,-0.409005,-0.887383,-0.212760
3836,-0.657269,-0.090728,1.048480,-0.226079,0.244427,0.942944
3837,-0.545112,-0.087756,1.159800,-0.674681,-0.015556,-0.737946
3838,-0.440845,-0.099099,0.672124,0.923113,-0.015387,0.384221
3839,-0.347892,-0.097611,0.842574,-0.023074,-0.569895,-0.821393
3840,-0.433515,-0.103573,0.624582,-0.380534,-0.623543,-0.682926
3841,-0.348141,-0.100584,0.628880,-0.586961,0.118226,0.800936
3842,-0.431218,-0.101531,0.641434,0.917700,-0.293419,0.267827
3843,-0.503043,-0.096939,0.691441,0.086822,0.861940,-0.499521
3844,-0.346036,-0.104303,0.626516,0.752972,-0.658038,-0.004522
3845,-0.345641,-0.097702,0.625832,0.825290,0.549592,-0.129788
3846,-0.247434,-0.096022,0.646916,-0.654634,0.480753,-0.583378
3847,-0.246712,-0.102567,0.647745,-0.520140,-0.738514,-0.429011
3848,-0.246750,-0.098809,0.650884,0.012660,0.126985,0.991824
3849,-0.444712,-0.096036,0.655965,-0.655147,0.740482,-0.149894
3850,-0.436168,-0.094131,0.643400,-0.275673,0.942251,-0.190177
3851,-0.348429,-0.102515,0.672883,0.524446,0.061288,0.849235
3852,-0.347429,-0.102909,0.668175,0.216836,-0.635558,-0.740978
3853,-0.350222,-0.094358,0.845116,-0.683263,-0.023545,0.729792
3854,-0.348002,-0.090947,0.842687,-0.042256,0.596197,-0.801725
3855,-0.442226,-0.100026,0.747721,0.736769,-0.640332,-0.217134
3856,0.250539,-0.067784,1.652397,-0.541019,0.142000,0.828936
3857,-0.254496,-0.076714,1.464997,0.879754,0.372485,-0.295446
3858,-0.443506,-0.094620,0.748339,0.425072,0.897562,0.117027
3859,-0.458818,-0.088443,1.247123,-0.093293,-0.791391,-0.604150
3860,-0.549391,-0.077940,1.352957,0.097324,0.566111,-0.818564
3861,-0.547303,-0.081186,1.355720,0.618121,0.025544,0.785668
3862,-0.549319,-0.084603,1.353117,0.109920,-0.602399,-0.790591
3863,0.149356,-0.075903,1.365663,-0.433058,0.176377,0.883941
3864,0.148495,-0.076447,1.360937,-0.801748,0.018261,-0.597383
3865,0.548051,0.247827,2.835387,0.743269,-0.668738,-0.018453
3866,-0.336574,-0.075052,1.653977,0.802222,-0.586355,0.112371
3867,-0.336587,-0.068394,1.653727,0.799812,0.596400,0.067880
3868,-0.338751,-0.071825,1.651270,-0.618577,-0.030750,-0.785122
3869,-0.258876,-0.083163,1.238903,-0.643109,-0.029659,-0.765200
3870,-0.256368,-0.086373,1.241277,0.826121,-0.559894,0.063576
3871,-0.259278,-0.083223,1.243600,-0.716829,-0.045498,0.695763
3872,-0.351243,-0.090604,1.147953,0.186747,-0.957098,-0.221560
3873,-0.351304,-0.085188,1.145113,0.171758,0.365335,-0.914893
3874,-0.354288,-0.086660,1.148957,-0.908567,0.185977,0.374056
3875,-0.253266,-0.067998,1.769210,-0.245871,0.110431,0.962991
3876,-0.334245,-0.074971,1.466800,0.824604,0.553833,0.115314
3877,-0.337216,-0.078109,1.468697,-0.806551,0.054652,0.588632
3878,-0.446046,-0.091161,1.144190,-0.331561,-0.789074,0.517137
3879,-0.444935,-0.084998,1.145920,-0.103306,0.477327,0.872632
3880,-0.447321,-0.086793,1.141650,-0.625142,0.313363,-0.714844
3881,-0.442835,-0.087925,1.142800,0.876868,-0.023332,-0.480165
3882,-0.353714,-0.080594,1.350223,-0.695425,0.091124,0.712797
3883,-0.651134,-0.070592,1.738573,-0.838505,-0.024223,-0.544355
3884,-0.441464,-0.073800,1.642753,-0.137664,-0.968493,0.207532
3885,-0.911470,-0.088631,1.284310,0.026669,-0.160088,0.986742
3886,-0.913786,-0.090607,1.279460,-0.595306,-0.716230,-0.364178
3887,-0.912353,-0.085807,1.280200,-0.294891,0.925854,-0.236293
3888,-0.646505,-0.088324,1.162860,0.641428,0.104205,0.760073
3889,-0.648477,-0.082366,1.245273,0.058698,0.589470,-0.805655
3890,-0.646266,-0.088780,1.158140,0.736022,-0.034008,-0.676103
3891,-0.648711,-0.091992,1.160643,-0.773106,-0.633891,0.022107
3892,0.056437,-0.079302,1.245653,0.774580,0.020193,0.632153
3893,-0.442875,-0.070710,1.639307,-0.205837,0.330390,-0.921126
3894,-0.457158,-0.082741,1.247100,0.160212,0.721957,-0.673135
3895,-0.257871,-0.077373,1.469233,-0.255191,0.434080,0.863974
3896,-0.352357,-0.083988,1.347050,-0.079378,-0.902141,-0.424076
3897,-0.149027,-0.080658,1.436920,0.371045,-0.877023,-0.305216
3898,-0.151737,-0.076091,1.435207,-0.562739,0.331942,-0.757059
3899,-0.150708,-0.077212,1.439680,-0.491390,0.034923,0.870239
3900,-0.348889,-0.080934,1.350043,0.956197,0.143625,0.255067
3901,-0.352851,-0.078630,1.345883,0.021334,0.687310,-0.726051
3902,0.440582,-0.069435,1.460813,-0.506523,0.055111,-0.860463
3903,0.142274,-0.064905,1.660530,-0.791758,0.331345,-0.513156
3904,-0.043363,-0.081484,1.347857,0.076365,-0.609176,0.789349
3905,0.248508,-0.068943,1.443313,0.068708,0.622164,0.779866
3906,0.243242,-0.069491,1.439263,-0.846446,0.527066,0.075698
3907,0.246093,-0.072555,1.441457,0.062105,-0.996602,0.054111
3908,0.247910,-0.069234,1.438647,0.609600,-0.000164,-0.792709
3909,0.147664,-0.075918,1.459490,0.145992,-0.501365,0.852830
3910,0.145500,-0.072028,1.457170,0.052575,0.998602,0.005437
3911,0.147145,-0.075864,1.454633,0.579122,-0.155211,-0.800329
3912,0.245481,-0.073052,1.342080,-0.225952,0.511456,-0.829071
3913,0.144111,-0.079917,1.249163,-0.120441,-0.988644,0.089878
3914,0.354323,-0.070560,1.538473,0.801115,-0.371484,0.469271
3915,0.648181,-0.073228,1.152617,-0.889351,0.282189,-0.359756
3916,0.652919,-0.071597,1.154110,0.809294,0.476946,-0.342880
3917,0.245392,-0.075107,1.346430,-0.576285,0.059313,0.815094
3918,0.146219,-0.076091,1.251730,-0.009542,0.540450,0.841322
3919,0.142025,-0.076042,1.246650,-0.823016,0.549603,-0.143459
3920,0.146711,-0.076576,1.247047,0.771183,0.002172,-0.636610
3921,0.540568,-0.071305,1.358733,0.812828,0.015202,0.582305
3922,0.354484,-0.068760,1.426357,0.718962,0.602385,0.346735
3923,0.734327,-0.061222,1.545627,-0.749133,0.430601,0.503371
3924,0.349671,-0.072508,1.341427,0.337072,0.934601,0.113596
3925,0.350867,-0.077020,1.338960,0.328720,-0.451903,-0.829293
3926,0.524129,-0.060104,1.664050,-0.716259,0.669120,0.198118
3927,0.444306,-0.067143,1.462767,0.771146,0.608336,0.187778
3928,0.753175,-0.067181,1.347087,0.822064,0.006765,0.569355
3929,1.152503,0.812923,2.778467,-0.622298,0.658075,0.423889
3930,0.848150,0.745339,2.820413,0.616714,0.190134,0.763880
3931,0.644841,0.545218,2.832393,0.761088,-0.647990,-0.029246
3932,0.641958,0.547372,2.829173,-0.812037,-0.085205,-0.577353
3933,0.781130,-0.050936,1.971200,0.665079,-0.610753,0.429710
3934,0.781232,-0.044398,1.970507,0.685103,0.666506,0.293945
3935,0.777461,-0.047493,1.971943,-0.900634,0.059695,0.430459
3936,0.568625,1.495243,4.713390,-0.260166,-0.868568,0.421785
3937,1.544380,1.750837,4.863533,-0.235870,0.843909,0.481854
3938,1.549240,1.747450,4.862197,0.893680,-0.134658,0.428022
3939,1.546653,1.749003,4.858210,0.018506,0.389928,-0.920659
3940,1.544607,1.746450,4.861680,-0.563045,-0.825267,0.043770
3941,0.087883,0.781821,4.544653,0.617504,-0.049582,0.785003
3942,0.084298,0.784867,4.542007,-0.475631,0.879362,-0.022297
3943,-0.043476,0.714081,4.685340,0.490052,0.633503,-0.598768
3944,-0.048356,0.711944,4.686713,-0.951065,-0.077381,-0.299145
3945,0.071734,1.259350,4.161250,-0.383010,-0.899730,-0.209260
3946,0.133791,1.252580,4.224473,0.410463,-0.576821,0.706256
3947,2.224497,0.349172,3.509647,-0.019474,-0.814582,0.579722
3948,1.356070,1.948687,4.830977,-0.111715,-0.804727,0.583038
3949,1.019407,1.545570,4.769070,0.948841,0.313535,-0.037387
3950,0.555416,1.544483,4.710853,-0.564368,0.543160,0.621664
3951,0.753745,1.664770,4.731683,0.613923,-0.761822,0.206703
3952,0.607658,1.593963,4.700693,-0.700881,0.405996,0.586458
3953,0.572272,1.499650,4.713033,0.848786,0.292410,0.440521
3954,0.570038,1.498213,4.708697,0.129608,-0.186094,-0.973946
3955,0.567372,1.500703,4.712180,-0.751252,0.636018,0.176357
3956,0.560775,1.652407,4.702123,0.691054,0.005247,0.722784
3957,0.951410,1.553600,4.743830,0.377903,-0.420726,-0.824730
3958,0.561008,1.543107,4.709840,0.918518,0.178603,0.352741
3959,0.556930,1.539107,4.709633,-0.184992,-0.946356,0.264932
3960,0.557331,1.542933,4.706653,-0.131217,0.184083,-0.974113
3961,0.612365,1.595073,4.694247,0.352157,-0.063939,-0.933754
3962,0.547842,1.656407,4.704937,-0.849903,-0.525459,0.039466
3963,1.853973,1.636793,4.795897,0.488290,-0.556249,-0.672428
3964,1.928873,1.577137,4.796630,0.323776,-0.772930,-0.545663
3965,1.558153,0.062391,2.857740,0.151532,0.339271,0.928404
3966,0.976368,1.498900,4.747290,-0.683621,0.639782,0.351201
3967,0.978731,1.496997,4.742897,0.041396,0.055157,-0.997619
3968,0.977089,1.492993,4.746993,-0.523694,-0.847598,0.085572
3969,0.980436,1.496390,4.747320,0.892586,0.086680,0.442466
3970,1.744003,0.450663,2.892263,0.670673,-0.691041,0.269556
3971,1.657800,0.151258,2.898330,-0.446802,-0.358422,0.819696
3972,1.555520,0.059613,2.854263,-0.627329,-0.776598,-0.057918
3973,1.646890,0.348031,2.892753,-0.514119,0.169967,0.840710
3974,1.663097,0.160846,2.898030,-0.449881,0.888469,0.090714
3975,2.238500,0.351233,3.262217,-0.402723,-0.755228,-0.517151
3976,2.238557,0.353859,3.267017,-0.370541,0.053775,0.927258
3977,1.852473,0.030526,2.868787,-0.229315,-0.400021,-0.887354
3978,1.856333,0.034778,2.879007,0.959128,-0.228819,0.166479
3979,1.739950,0.451950,2.889610,-0.283403,0.071142,-0.956358
3980,2.239457,0.356618,3.262287,-0.242059,0.852405,-0.463479
3981,1.727940,0.130261,2.901233,-0.635562,-0.308365,0.707794
3982,1.749323,0.821726,2.886587,0.366273,-0.159249,-0.916779
3983,1.738003,0.126012,2.901480,0.501343,-0.724460,0.473088
3984,1.646337,0.347363,2.887050,-0.679418,0.085217,-0.728786
3985,1.649603,0.343922,2.889743,0.303362,-0.949361,0.081761
3986,1.735577,0.557208,2.888133,0.596326,0.802239,-0.028424
3987,2.226060,0.754487,3.350670,-0.697745,0.715655,0.031469
3988,2.232640,0.755319,3.351240,0.483789,0.864759,0.134682
3989,2.229857,0.752735,3.348283,0.143372,-0.589984,-0.794584
3990,1.323647,0.554416,2.789103,0.393723,0.178209,0.901789
3991,1.322220,0.556230,2.784867,-0.807309,0.476725,-0.347829
3992,1.545073,0.450553,2.862463,-0.877812,0.025620,0.478319
3993,1.547433,0.451843,2.856987,-0.378240,0.007081,-0.925680
3994,1.549387,0.449567,2.860693,0.670249,-0.733002,0.116079
3995,1.646900,0.448198,2.887350,-0.858638,-0.479662,-0.180737
3996,1.450557,0.543761,2.833133,0.228934,-0.950141,0.211712
3997,1.451117,0.548607,2.832873,0.709436,0.668694,0.222593
3998,2.111120,0.910535,3.241657,-0.210236,0.551134,0.807497
3999,2.109607,0.909790,3.236153,-0.621159,0.352365,-0.700000
4000,2.113940,0.908527,3.238143,0.964178,0.000875,-0.265253
4001,1.851233,0.846333,2.920617,-0.442579,0.874182,-0.199822
4002,1.851057,0.841545,2.920337,-0.425915,-0.738763,0.522327
4003,1.855433,0.843784,2.920437,0.848393,-0.062056,0.525717
4004,1.646637,0.558017,2.885343,0.713720,0.685595,0.143400
4005,1.742057,0.081027,2.899860,0.578450,-0.729745,0.364512
4006,1.677530,0.162059,2.905103,0.563284,-0.323805,0.760172
4007,1.322400,0.151005,2.796503,0.711083,0.698931,-0.076528
4008,1.730333,0.061524,2.884933,0.945950,-0.323780,0.018562
4009,1.726087,0.062466,2.887953,-0.378139,0.175254,0.909009
4010,1.725533,0.060572,2.883120,-0.520757,-0.676035,-0.521335
4011,1.669510,0.152130,2.901467,0.222799,-0.631866,0.742365
4012,1.675893,0.166254,2.902293,-0.305743,0.943202,0.129967
4013,1.727543,0.341681,2.890640,-0.903766,0.087938,-0.418896
4014,0.888526,-0.047612,2.522473,-0.352253,-0.149278,-0.923923
4015,1.676970,0.420070,2.901107,0.941799,0.282897,0.181615
4016,1.673890,0.419379,2.897177,-0.476966,0.375678,-0.794588
4017,1.672577,0.419660,2.903550,-0.744762,0.433287,0.507535
4018,1.328643,-0.018140,2.876550,-0.484682,-0.644936,-0.590882
4019,1.331990,-0.017206,2.879733,0.997725,0.064094,-0.020892
4020,1.666503,0.259199,2.903460,0.333701,0.656490,0.676510
4021,2.224377,0.354116,3.510300,-0.054304,0.654131,0.754429
4022,1.729167,0.341801,2.897057,-0.596767,0.111112,0.794684
4023,1.731223,0.343995,2.893080,0.695997,0.692726,-0.188997
4024,1.730657,0.339283,2.893313,0.589745,-0.796336,-0.134347
4025,1.733347,0.554804,2.891543,-0.749239,-0.104033,0.654078
4026,1.643627,0.555685,2.888137,-0.470579,-0.326243,0.819830
4027,0.861219,-0.043719,2.650933,0.977630,-0.152871,-0.144463
4028,1.247740,0.145492,2.768667,-0.271061,0.961925,-0.035016
4029,1.655753,0.259220,2.901263,-0.574247,-0.163964,0.802095
4030,1.146477,0.353169,2.788467,0.334582,0.758033,0.559858
4031,1.139627,-0.038940,2.203023,-0.326246,0.861591,-0.388876
4032,1.143483,-0.042263,2.203430,0.939474,-0.228747,-0.255074
4033,1.138063,-0.044748,2.202473,-0.461927,-0.614347,-0.639688
4034,1.139677,-0.042403,2.206313,-0.149901,-0.053149,0.987271
4035,1.037267,0.444914,2.801337,-0.059299,-0.992169,0.109929
4036,1.145423,0.252630,2.790383,-0.871784,0.143406,0.468430
4037,1.209420,-0.033889,2.526723,-0.603413,0.021774,0.797131
4038,0.922584,-0.049383,2.539280,0.437444,-0.373970,-0.817795
4039,1.381460,-0.024956,2.755943,-0.759186,-0.650813,-0.008845
4040,1.381940,-0.018677,2.755227,-0.652979,0.738632,-0.167455
4041,1.729533,0.142850,2.891843,0.723050,0.676386,-0.140357
4042,1.734500,0.137182,2.901240,0.745838,0.641872,0.178117
4043,1.664290,0.249963,2.899177,-0.402938,-0.900859,0.161533
4044,1.675040,0.249941,2.901373,0.945084,-0.239282,0.222622
4045,1.113097,-0.031599,2.633517,0.146242,0.911564,-0.384271
4046,1.353377,0.054361,2.841357,-0.793249,-0.389791,0.467781
4047,1.355617,0.054190,2.836803,-0.064407,0.157035,-0.985491
4048,1.358257,0.053790,2.840947,0.708022,-0.600939,0.370913
4049,1.127193,0.146116,2.787433,0.229044,-0.891497,-0.390861
4050,1.127983,0.151332,2.787170,-0.454677,0.637103,-0.622390
4051,1.733037,0.131680,2.892083,-0.077167,-0.551878,-0.830347
4052,1.752803,0.218091,2.901207,0.928752,0.344521,0.136841
4053,1.668997,0.155839,2.891377,0.629936,-0.247371,-0.736198
4054,1.450930,0.111871,2.834113,0.121019,-0.907879,0.401386
4055,1.663700,0.146250,2.891677,0.616291,-0.514934,-0.595843
4056,1.736250,0.552526,2.888160,0.721144,-0.692587,-0.016597
4057,1.733127,0.554733,2.884933,-0.791289,-0.117224,-0.600100
4058,0.758037,0.650657,2.825850,0.738535,0.115366,0.664272
4059,1.249300,0.142173,2.765520,0.248161,-0.416625,-0.874551
4060,1.454620,0.454597,2.831600,0.094254,0.766160,-0.635700
4061,1.453370,0.455007,2.838130,-0.128234,0.839314,0.528307
4062,1.451743,0.452273,2.834593,-0.685856,-0.722657,-0.085842
4063,1.550283,0.361347,2.860513,0.160816,0.812778,-0.559938
4064,1.547063,0.358725,2.863000,-0.705056,-0.676386,-0.213070
4065,1.551717,0.358673,2.864260,0.696451,-0.698204,0.165730
4066,1.649430,0.449683,2.891270,0.488587,-0.152790,0.859033
4067,1.651160,0.448927,2.885057,0.848033,-0.309619,-0.430088
4068,0.851293,-0.021555,2.841017,0.699000,-0.319555,0.639752
4069,1.749200,0.214923,2.901383,-0.082531,-0.992598,0.089090
4070,1.731423,0.249116,2.894040,-0.666039,0.714886,-0.212910
4071,1.451393,0.353277,2.841057,0.699302,-0.667105,0.256803
4072,1.743190,0.088625,2.902567,0.201134,0.959713,0.196204
4073,1.556160,0.064399,2.852410,-0.349033,0.843024,-0.409251
4074,0.945132,0.348242,2.818097,0.685179,-0.716765,-0.129524
4075,0.950367,0.657478,2.808347,-0.774393,0.608122,0.174651
4076,0.954270,0.655344,2.810863,0.818086,0.124685,0.561416
4077,0.953282,0.655930,2.804443,0.616358,0.244372,-0.748589
4078,0.951510,0.652727,2.807737,-0.476322,-0.879244,-0.006906
4079,1.333470,0.085709,2.792640,0.527449,0.837579,-0.142333
4080,1.154083,0.084011,2.780167,0.887402,0.067588,-0.456014
4081,1.149237,0.082958,2.779010,-0.809986,0.246657,-0.532055
4082,1.151803,0.085670,2.784407,-0.299856,0.785635,0.541169
4083,1.151387,0.081088,2.782917,0.099642,-0.907290,0.408530
4084,1.253360,-0.021943,2.789327,0.189327,0.182830,-0.964743
4085,1.260070,-0.032054,2.661580,0.191728,-0.759155,-0.622033
4086,1.254607,-0.029110,2.663377,-0.960076,-0.138091,-0.243278
4087,1.259197,-0.026910,2.662107,0.373867,0.877342,-0.300825
4088,1.258717,-0.030038,2.665777,0.288096,-0.049003,0.956347
4089,0.954868,-0.038014,2.683653,0.766090,-0.238455,-0.596863
4090,1.244150,0.080745,2.779183,0.327543,-0.055486,0.943206
4091,1.244640,0.082018,2.774640,-0.049483,0.860477,-0.507081
4092,1.051280,0.044067,2.831040,0.692910,-0.294514,-0.658132
4093,1.318470,0.149174,2.794630,-0.565628,0.204472,-0.798909
4094,1.118337,0.140444,2.795080,0.228508,-0.887738,-0.399632
4095,1.249407,0.352817,2.762243,-0.037156,0.877595,-0.477960
4096,0.937520,-0.022154,2.883357,-0.897431,-0.396531,0.193339
4097,1.058303,0.085659,2.793563,0.481482,0.859222,-0.172951
4098,1.058333,0.149314,2.798537,-0.443315,0.265189,-0.856240
4099,1.066573,0.143965,2.799380,-0.108992,-0.987115,-0.117153
4100,0.952659,-0.033814,2.686003,0.139371,0.855529,0.498644
4101,0.950008,-0.037458,2.684057,-0.803314,-0.093240,-0.588211
4102,1.739663,0.242856,2.895800,0.859699,0.508846,-0.044649
4103,1.031083,-0.022087,2.844713,-0.807464,-0.588810,0.036126
4104,1.049123,-0.042907,2.545087,-0.551327,-0.488033,0.676655
4105,1.050103,-0.037422,2.543030,-0.276893,0.943721,0.180887
4106,1.049800,-0.041678,2.539713,-0.278769,-0.293141,-0.914525
4107,1.053633,-0.041216,2.543170,0.985647,-0.141730,0.091720
4108,1.147750,0.251946,2.785243,-0.222888,-0.046917,-0.973714
4109,1.237927,-0.020282,2.843433,-0.910557,-0.171438,0.376158
4110,1.846110,0.036083,2.880757,-0.729196,-0.627205,0.273655
4111,1.739680,0.080538,2.890027,0.114468,0.605387,-0.787657
4112,1.738547,0.072940,2.887320,0.643953,-0.734509,0.214059
4113,1.747440,0.218758,2.903673,-0.487930,0.590870,0.642493
4114,1.741153,0.231547,2.901263,0.097081,-0.055010,0.993755
4115,1.733423,0.236387,2.893140,-0.554162,-0.420160,-0.718589
4116,1.732913,0.237807,2.899503,-0.628927,-0.152717,0.762318
4117,1.086773,0.253691,2.799227,0.962585,0.050960,0.266145
4118,1.070003,0.151460,2.802977,0.243295,0.505265,0.827958
4119,1.043747,0.153034,2.806677,-0.908201,-0.274163,0.316236
4120,1.141133,0.150742,2.789543,0.520865,-0.829263,-0.202540
4121,1.139740,0.153568,2.793453,-0.410025,0.107825,0.905679
4122,1.058327,0.080613,2.792217,0.382689,-0.764905,-0.518140
4123,1.125280,0.151355,2.796227,0.407678,-0.015653,0.912991
4124,1.117817,0.142858,2.799963,0.405857,0.131885,0.904371
4125,1.085577,0.138113,2.798757,-0.496668,-0.862936,-0.093076
4126,0.899121,-0.050175,2.526150,0.453812,-0.649996,-0.609557
4127,0.908210,-0.053809,2.533940,0.416983,-0.389606,-0.821177
4128,0.756119,0.454189,2.824623,0.572286,0.565068,-0.594295
4129,1.059050,0.151435,2.809127,0.459506,0.775907,0.432231
4130,1.046313,0.157098,2.806607,-0.027160,0.966847,0.253908
4131,1.056483,0.147370,2.809197,-0.136979,-0.802456,0.580776
4132,1.049613,0.448019,2.794030,0.023042,-0.508744,-0.860610
4133,1.095050,0.137204,2.793497,-0.040632,-0.718740,-0.694091
4134,1.051813,0.047096,2.836810,0.800774,0.317254,0.508045
4135,1.150173,0.038744,2.844593,-0.067982,0.347956,0.935043
4136,1.147340,0.038312,2.840227,-0.870652,-0.228552,-0.435579
4137,1.152190,0.039689,2.840067,0.577277,0.686196,-0.442591
4138,1.149640,0.249270,2.789580,0.419561,-0.855417,0.303696
4139,1.165187,-0.022268,2.848707,0.994157,-0.054288,0.093297
4140,1.253773,-0.019694,2.793900,0.266453,0.759604,0.593300
4141,1.249423,-0.022981,2.792423,-0.969398,-0.173988,0.173196
4142,1.035297,-0.022152,2.842430,0.647942,-0.428261,-0.629891
4143,1.053560,0.083494,2.793257,-0.962387,0.065893,-0.263570
4144,1.252983,0.348511,2.763490,0.947260,-0.298649,-0.116226
4145,1.246770,0.251623,2.765710,0.586779,0.793404,-0.161867
4146,1.246740,0.247295,2.767717,0.660586,-0.563192,0.496428
4147,1.362967,0.448672,2.814723,-0.604211,-0.212956,0.767840
4148,1.316443,0.454687,2.789237,0.511981,-0.815975,-0.268441
4149,1.316323,0.458701,2.792127,0.457962,0.887556,0.050146
4150,1.313410,0.455927,2.795003,-0.054840,-0.584526,0.809520
4151,1.312323,0.456745,2.790443,-0.803685,0.331695,-0.494033
4152,0.949693,0.149298,2.818420,0.494442,0.483258,-0.722488
4153,1.045747,0.154196,2.802463,0.326966,-0.222284,-0.918522
4154,1.333503,0.080624,2.793467,0.375861,-0.835252,-0.401351
4155,0.634749,-0.076661,0.952851,-0.035250,0.843408,-0.536116
4156,0.636685,-0.082385,0.952184,0.440187,-0.562313,-0.700028
4157,0.631805,-0.081084,0.954553,-0.940446,-0.328363,0.087976
4158,0.636168,-0.079809,0.956272,0.446199,0.046744,0.893712
4159,1.161450,-0.023206,2.851507,-0.616506,-0.620232,0.485007
4160,1.112510,-0.037256,2.631677,-0.003464,-0.524388,-0.851472
4161,1.107530,0.134509,2.798550,0.459815,-0.715634,-0.525773
4162,1.430977,0.013413,2.624773,-0.550904,-0.391486,-0.737050
4163,1.435317,0.015425,2.626390,0.902576,0.240806,-0.356888
4164,1.110893,-0.035265,2.635783,-0.793743,-0.112144,0.597826
4165,0.896708,-0.043541,2.530243,0.003809,0.825417,0.564511
4166,0.906965,-0.046331,2.539277,0.004611,0.999084,0.042536
4167,0.645448,0.250731,2.838833,0.664072,0.747663,0.003032
4168,1.137463,0.745747,2.768197,-0.896245,-0.028534,-0.442641
4169,0.637344,2.224857,4.467110,-0.801456,0.132947,0.583090
4170,0.946468,2.049937,4.732837,-0.717267,0.062248,-0.694012
4171,1.025193,2.052990,4.769937,-0.816661,0.538962,-0.206362
4172,1.487450,2.652160,4.793580,-0.911711,0.338090,0.233405
4173,1.489307,2.647880,4.792283,0.263204,-0.883052,-0.388513
4174,1.492630,2.649763,4.802537,0.427646,-0.087073,0.899743
4175,1.193087,2.694760,4.768040,-0.720964,-0.679857,-0.134188
4176,1.200810,2.693620,4.765230,0.499876,-0.864432,-0.053684
4177,1.279697,2.262680,4.680030,-0.287790,0.498845,0.817515
4178,1.756237,1.482167,4.780530,0.306791,-0.090535,0.947461
4179,1.722617,1.846100,4.830833,-0.476364,0.815500,0.328691
4180,1.872007,1.839290,4.791047,0.105147,-0.691625,-0.714562
4181,1.869120,1.850243,4.786913,0.767440,0.467652,-0.438563
4182,1.756990,1.838813,4.776853,0.074766,-0.480402,0.873856
4183,1.753870,1.841100,4.773170,-0.871920,0.477542,-0.108210
4184,1.759003,1.841620,4.773017,0.703700,0.690493,-0.167408
4185,2.560173,1.618757,4.798007,-0.910748,-0.412953,0.002885
4186,2.564267,1.620307,4.801007,0.065597,0.608069,0.791170
4187,1.875053,1.547053,4.806870,0.454351,-0.780370,0.429638
4188,1.869990,1.549183,4.805560,-0.983172,-0.176658,0.046526
4189,1.874127,1.552117,4.806513,0.251889,0.865305,0.433358
4190,1.832130,1.562470,4.777473,0.736728,0.676070,-0.012738
4191,1.454750,2.150870,4.843883,-0.686233,0.722790,-0.081597
4192,1.721823,2.635037,4.813443,-0.127786,-0.806158,0.577737
4193,1.950293,1.840083,4.804460,-0.472731,-0.665637,0.577454
4194,1.944723,1.847920,4.804680,-0.604607,-0.201915,0.770506
4195,1.563777,1.659070,4.865057,0.773086,-0.099853,0.626392
4196,1.765103,1.759157,4.756990,-0.704733,-0.166710,0.689608
4197,1.766847,1.757107,4.751797,-0.144032,-0.753476,-0.641505
4198,1.770483,1.758997,4.755970,0.897416,-0.214090,0.385760
4199,1.767287,1.761810,4.753383,-0.044506,0.924041,-0.379693
4200,1.879340,1.827273,4.800100,-0.063668,-0.190878,-0.979547
4201,1.877123,1.826697,4.805020,-0.654019,-0.551329,0.517973
4202,1.882103,1.828063,4.804430,0.905939,-0.168569,0.388406
4203,1.736180,1.743977,4.824893,-0.729589,0.522048,0.441776
4204,1.741250,1.743363,4.825217,0.901316,0.431450,-0.038481
4205,1.737117,1.741623,4.820447,0.073419,0.082972,-0.993844
4206,1.738253,1.739627,4.824683,-0.135455,-0.887219,0.441015
4207,1.752877,1.649730,4.779580,-0.224413,-0.807046,-0.546182
4208,1.748797,1.650963,4.794237,-0.495794,-0.861855,0.106747
4209,1.753713,1.654083,4.795840,0.918519,-0.021060,0.394816
4210,2.622000,1.652400,4.812957,-0.717606,0.654171,0.238958
4211,2.624773,1.650880,4.809317,0.146062,-0.302847,-0.941780
4212,2.623787,1.647830,4.814703,-0.156969,-0.948155,0.276337
4213,2.627180,1.651830,4.813943,0.787480,0.463250,0.406540
4214,1.734180,1.568300,4.831853,-0.082518,0.720330,-0.688706
4215,1.760523,1.535073,4.750853,0.528145,0.759210,-0.380345
4216,1.262010,1.676433,4.831583,0.754235,-0.056554,-0.654165
4217,2.561263,1.637090,4.784807,-0.268818,0.913248,-0.306130
4218,1.439363,1.563877,4.855650,-0.671337,0.070146,-0.737825
4219,1.761217,1.530353,4.751567,0.408122,-0.912641,0.022862
4220,1.758227,1.534150,4.754993,-0.222389,0.113673,0.968309
4221,1.756183,1.533113,4.750087,-0.837213,-0.199910,-0.509029
4222,1.647380,1.649783,4.867547,-0.197042,0.409931,0.890579
4223,1.563987,1.658703,4.858410,0.810504,-0.166254,-0.561644
4224,1.561857,1.661680,4.861513,-0.555653,0.829002,-0.063288
4225,1.561060,1.656997,4.861750,-0.809868,-0.586573,0.006771
4226,1.450747,1.855193,4.855670,0.306036,0.869181,0.388415
4227,1.549887,1.565883,4.866210,0.652854,-0.725381,-0.218183
4228,1.548073,1.570513,4.864380,0.183933,0.862785,-0.470926
4229,1.547887,1.568557,4.870327,0.140632,0.411074,0.900689
4230,1.544933,1.567067,4.866443,-0.894550,-0.415482,-0.164788
4231,1.739180,1.656993,4.806237,-0.353272,-0.928711,0.112676
4232,1.743933,1.658650,4.795267,-0.412700,0.836090,-0.361431
4233,1.648803,1.650770,4.862320,0.454864,0.683392,-0.571029
4234,1.644163,1.647830,4.862647,-0.960835,-0.053891,-0.271829
4235,1.552223,1.846380,4.859190,-0.699947,-0.710183,0.075591
4236,1.636763,1.744267,4.865360,-0.207929,0.788584,0.578706
4237,1.636967,1.742527,4.859687,-0.371788,0.303554,-0.877285
4238,1.636787,1.739527,4.863710,-0.375550,-0.889753,0.259426
4239,1.448373,1.738983,4.855960,-0.355686,-0.365632,0.860117
4240,1.450930,1.737047,4.850943,0.296732,-0.858927,-0.417366
4241,1.737203,1.662293,4.826907,-0.474487,0.549245,0.687889
4242,1.863820,1.847393,4.795427,-0.561644,0.322323,0.762013
4243,1.307140,2.256073,4.682223,-0.324898,-0.944797,-0.042425
4244,1.291567,2.255700,4.682970,0.151433,-0.971128,-0.184334
4245,1.245793,2.354800,4.785397,0.158147,-0.978601,-0.131646
4246,1.141293,1.946513,4.831387,0.074149,-0.904209,0.420605
4247,2.043253,1.714650,4.808847,-0.621857,0.152058,0.768227
4248,2.579527,1.925610,4.832053,0.788922,0.215297,0.575543
4249,2.576637,1.923047,4.829213,-0.370559,-0.928807,0.001705
4250,1.674850,2.371137,4.782390,-0.512385,-0.261476,-0.817980
4251,2.574357,1.862843,4.823640,-0.252706,-0.030530,0.967061
4252,2.577260,1.866490,4.819787,0.472158,0.881513,0.001229
4253,2.577877,1.860963,4.819773,0.674720,-0.717970,-0.171089
4254,2.632267,1.830673,4.835847,-0.052698,0.639860,-0.766682
4255,2.635070,1.829237,4.840253,0.936802,-0.020666,0.349248
4256,2.662440,1.957097,4.817977,0.129968,-0.303997,-0.943766
4257,2.664230,1.960827,4.821487,0.778479,0.560418,0.282669
4258,2.662023,1.955133,4.823017,0.280146,-0.725733,0.628354
4259,1.968733,2.438780,4.832893,-0.688136,-0.231850,-0.687542
4260,2.230057,0.821622,3.343433,0.851508,-0.423815,0.308731
4261,1.653197,2.416893,4.842917,0.206689,-0.900900,0.381653
4262,2.192210,2.248673,4.714147,-0.586935,0.517798,0.622409
4263,2.192900,2.247417,4.708750,-0.422166,0.023148,-0.906223
4264,2.194110,2.243523,4.713130,-0.113819,-0.970730,0.211491
4265,2.081113,2.206683,4.583690,-0.359799,-0.927531,0.101145
4266,2.080997,2.211907,4.586280,-0.391641,0.467590,0.792450
4267,2.080560,2.211457,4.580600,-0.493294,0.377558,-0.783653
4268,2.084490,2.210223,4.583270,0.994711,0.062595,-0.081430
4269,2.004153,2.433797,4.859140,0.400666,0.911435,0.093560
4270,1.547053,2.356080,4.805753,-0.998764,-0.023308,0.043901
4271,2.119943,2.582827,4.599947,-0.659021,-0.440927,0.609323
4272,1.539820,2.138807,4.854277,0.731348,-0.059749,0.679382
4273,2.010520,2.655907,4.663460,-0.841210,0.370269,0.394038
4274,2.199910,0.866576,3.172220,-0.999898,0.011386,0.008612
4275,1.726800,2.418670,4.801687,-0.910551,-0.361919,-0.199778
4276,2.012227,2.651530,4.662347,0.145132,-0.988283,0.047251
4277,2.225547,0.822501,3.344523,-0.483341,0.733044,0.478569
4278,1.148193,2.244727,4.832377,0.017617,0.813587,0.581176
4279,2.178930,0.861750,3.356440,-0.737616,0.499871,-0.453930
4280,1.805037,0.835023,2.901887,0.731018,-0.570839,0.373839
4281,2.061597,0.898896,3.283860,0.747063,-0.096419,0.657723
4282,2.164803,0.871664,3.257807,-0.415795,-0.650165,0.635925
4283,2.228597,0.824844,3.244127,0.458142,0.830310,0.317318
4284,1.648923,0.654325,2.883313,0.673653,-0.699248,0.239255
4285,1.654900,0.835029,2.867487,0.990704,0.033500,0.131847
4286,1.734837,0.759883,2.885263,-0.869813,0.397572,-0.292168
4287,1.652047,0.746392,2.882380,0.136796,0.620971,0.771804
4288,1.651627,0.741599,2.880393,0.243117,-0.950110,0.195412
4289,1.795803,0.830321,2.900853,-0.766861,-0.624803,-0.146786
4290,1.749460,0.819421,2.890753,-0.424903,-0.702845,0.570497
4291,0.671611,-0.051559,2.570790,0.139570,-0.881711,0.450673
4292,0.152206,0.561411,3.517337,0.034193,0.597931,0.800818
4293,1.052130,0.646831,2.792403,0.046810,-0.984525,0.168879
4294,0.970594,0.764093,2.793473,-0.972823,-0.202750,-0.111834
4295,0.973820,0.767734,2.792867,-0.012897,0.949032,-0.314914
4296,1.050470,0.650446,2.788703,-0.633427,0.200871,-0.747276
4297,0.758315,2.049593,4.715220,0.664780,-0.669558,0.331299
4298,1.980980,1.941253,4.805890,0.749949,0.643149,0.154710
4299,1.840097,1.634320,4.793070,-0.278860,-0.785568,-0.552377
4300,1.945623,1.490583,4.815817,0.665582,-0.211400,0.715759
4301,1.756017,1.479327,4.776600,0.367319,-0.607431,-0.704347
4302,1.944727,1.491573,4.810577,0.371394,-0.180307,-0.910800
4303,1.942693,1.495543,4.813640,-0.038692,0.980652,0.191897
4304,1.940937,1.490780,4.813867,-0.870278,-0.489312,0.056475
4305,1.930060,1.580737,4.799750,0.449513,0.892194,-0.043917
4306,1.957410,1.546070,4.808940,0.939118,0.315706,-0.135599
4307,1.953763,1.542270,4.807460,-0.128119,-0.957474,-0.258513
4308,1.827927,1.561997,4.779727,-0.966817,0.246371,0.067578
4309,1.258127,1.677657,4.834150,-0.669763,0.742447,-0.013829
4310,1.841527,1.636070,4.797603,0.198054,-0.202826,0.958977
4311,2.048740,1.715027,4.808347,0.782478,0.284936,-0.553660
4312,1.725757,2.069820,4.820180,-0.289756,0.906278,-0.307735
4313,2.060140,0.905279,3.274047,0.712243,0.697204,-0.081340
4314,2.056317,0.903623,3.278147,-0.945086,0.191502,0.264840
4315,2.204410,0.870398,3.170313,0.045796,0.899791,-0.433912
4316,0.851753,0.812035,2.813790,0.666968,-0.222629,0.711049
4317,0.850174,0.814409,2.809833,-0.137138,0.951041,-0.276972
4318,0.648061,0.814794,2.815823,-0.811671,0.460091,-0.359871
4319,0.949073,0.817376,2.803937,-0.961649,-0.272014,0.035211
4320,0.900039,0.797042,2.798470,-0.532072,-0.846573,0.014580
4321,0.858941,-0.032182,2.758997,-0.252259,-0.355704,-0.899911
4322,0.843042,0.747023,2.818223,-0.782024,0.592947,0.191970
4323,0.844681,0.741453,2.818287,-0.369864,-0.915420,0.158767
4324,0.846786,0.745071,2.815687,0.423049,0.114250,-0.898875
4325,0.950309,0.551648,2.812323,0.687624,0.707802,-0.161830
4326,0.545371,0.249962,2.838773,-0.771816,-0.060248,0.632985
4327,0.545218,0.249974,2.832137,-0.800425,-0.058134,-0.596607
4328,0.168401,0.325017,3.432600,0.364736,-0.889415,-0.275515
4329,0.340180,-0.008965,2.848973,0.079252,-0.885209,0.458394
4330,0.197042,0.201750,3.045600,0.183231,0.411091,-0.892990
4331,-0.683546,-0.060579,2.236837,0.640137,-0.178454,-0.747248
4332,-0.685610,-0.056803,2.239930,0.077599,0.931313,0.355856
4333,-0.684696,-0.062483,2.242070,0.383493,-0.450732,0.806086
4334,0.757001,0.345225,2.833900,-0.193274,0.251492,0.948365
4335,0.757267,0.347674,2.828490,-0.124856,0.884469,-0.449584
4336,0.759772,0.343666,2.830063,0.888134,-0.433519,-0.152579
4337,0.550437,0.141257,2.834340,0.110703,-0.791979,-0.600428
4338,0.552289,0.143903,2.838160,0.789569,0.584214,0.187817
4339,0.547654,0.144183,2.836937,-0.650620,0.734373,-0.193368
4340,0.350261,0.059318,2.817517,0.376985,0.901974,-0.210538
4341,0.348909,0.055831,2.821793,-0.070595,0.007373,0.997478
4342,0.350931,0.054008,2.817603,0.557026,-0.721190,-0.411835
4343,0.338173,-0.004794,2.850013,0.102790,0.884002,0.456042
4344,0.649419,0.150361,2.843473,0.690339,0.723258,0.018154
4345,0.210271,0.086703,3.030987,0.611875,0.752048,0.245016
4346,-0.589206,-0.056018,2.301733,0.975628,0.023734,-0.218144
4347,0.760874,0.551768,2.826157,-0.114686,0.868138,0.482890
4348,0.744205,0.055393,2.832633,-0.942836,-0.189624,-0.274048
4349,0.747569,0.058783,2.834673,0.296259,0.947948,-0.116728
4350,0.748739,0.054128,2.833867,0.757942,-0.500276,-0.418626
4351,0.650726,0.055207,2.835753,0.818507,0.302643,0.488317
4352,0.648909,0.054306,2.830683,0.265994,-0.254636,-0.929735
4353,0.646228,0.055645,2.834347,-0.725133,0.674225,0.140009
4354,1.040480,-0.038395,2.640523,-0.878779,0.156156,-0.450958
4355,1.251167,0.142894,2.770877,0.789405,-0.184156,0.585599
4356,1.241400,-0.020398,2.840197,0.509271,-0.719209,-0.472632
4357,0.640598,-0.036051,2.746683,-0.317107,-0.528515,-0.787474
4358,1.358030,0.357424,2.809280,0.122087,0.988834,0.085452
4359,1.358360,0.353920,2.805730,-0.377774,-0.376613,-0.845842
4360,1.355950,0.353686,2.811873,-0.841669,-0.421348,0.337728
4361,1.043690,-0.035649,2.642623,0.774791,0.629485,-0.058723
4362,-0.049211,-0.059597,1.840873,0.115324,0.480465,-0.869399
4363,1.245723,0.141331,2.770077,-0.695969,-0.638539,0.328474
4364,0.972402,-0.036094,2.729723,0.997172,-0.000142,0.075147
4365,1.043463,-0.042036,2.640853,0.732425,-0.559432,-0.388058
4366,1.041827,-0.039647,2.644870,-0.384231,-0.233867,0.893125
4367,0.758682,0.650368,2.819227,0.853860,0.063890,-0.516567
4368,0.649452,0.145577,2.843590,0.367103,-0.844473,0.390000
4369,1.057020,0.082396,2.797433,0.055055,-0.257233,0.964780
4370,0.671907,-0.045783,2.572403,0.403274,0.583221,0.705141
4371,0.443167,0.052458,2.823843,0.388972,0.069162,-0.918650
4372,0.422733,-0.047477,2.924713,-0.981452,-0.081821,0.173372
4373,0.846267,-0.021884,2.840300,-0.927210,0.142347,0.346439
4374,0.759241,-0.034404,2.748123,-0.196037,-0.548738,-0.812685
4375,0.761133,-0.029244,2.749737,0.324496,0.871088,-0.368657
4376,0.763012,-0.033968,2.752473,0.833380,-0.418338,0.361207
4377,0.758438,-0.032280,2.752437,-0.757247,0.074679,0.648845
4378,0.749512,-0.045939,2.640527,-0.110507,0.005400,0.993861
4379,0.944807,0.252248,2.818950,-0.777797,-0.609779,0.152322
4380,1.019300,0.531495,2.800567,-0.944719,-0.004448,-0.327850
4381,0.845364,0.051815,2.832177,-0.792036,0.606770,0.067144
4382,0.907872,-0.054036,2.539297,-0.335816,-0.674389,0.657592
4383,0.922246,-0.049610,2.544637,0.521477,-0.135391,0.842455
4384,0.919813,-0.045764,2.541577,-0.139847,0.989622,0.033029
4385,0.647189,0.147826,2.840083,-0.458278,-0.024863,-0.888461
4386,0.850583,-0.017856,2.837597,-0.033577,0.976422,-0.213242
4387,0.849435,-0.022610,2.836477,0.148522,-0.655850,-0.740136
4388,0.640547,-0.043718,2.670753,0.992024,-0.123584,0.024805
4389,0.648958,0.447979,2.834423,0.642567,0.764375,-0.053280
4390,1.448683,0.647995,2.830850,0.724744,0.673266,0.146487
4391,0.854052,0.247591,2.836493,0.851874,0.113545,0.511291
4392,0.853404,0.247105,2.829887,0.735272,0.026484,-0.677254
4393,0.851475,0.244901,2.833590,-0.632453,-0.765488,0.118453
4394,0.940533,-0.021160,2.879393,0.152923,0.384549,-0.910350
4395,0.852993,0.146318,2.830867,0.787150,0.037639,-0.615612
4396,0.850572,0.143702,2.834090,-0.691487,-0.721764,-0.030051
4397,0.850581,0.148482,2.834393,-0.694180,0.717220,0.060912
4398,0.956186,0.046296,2.838510,0.313359,-0.572919,0.757344
4399,1.032133,-0.017787,2.842870,-0.107631,0.968101,-0.226265
4400,1.034687,-0.020994,2.847677,0.464233,0.250802,0.849462
4401,-0.051195,-0.059363,1.845753,-0.836426,0.270912,0.476443
4402,1.331893,0.082412,2.798023,0.202346,0.158452,0.966410
4403,1.329403,0.083278,2.793890,-0.948162,-0.057045,-0.312626
4404,1.374047,0.556995,2.814090,0.361433,0.499648,0.787222
4405,1.377360,0.553623,2.809450,0.986671,-0.136538,-0.088533
4406,0.945714,0.255831,2.816020,0.005007,0.723332,-0.690483
4407,0.764031,0.548686,2.823690,0.825911,-0.532884,0.184134
4408,0.761535,0.550566,2.819717,0.014060,0.633579,-0.773550
4409,0.759270,0.548287,2.823277,-0.668467,-0.740482,0.069555
4410,1.200437,-0.034930,2.399667,0.462023,0.737458,-0.492636
4411,1.124107,-0.043707,2.024597,0.762613,-0.024024,0.646408
4412,1.121453,-0.040296,2.022233,-0.039673,0.681240,-0.730985
4413,1.119233,-0.043859,2.024720,-0.712757,-0.070938,0.697815
4414,0.853679,-0.047417,2.037183,-0.404972,-0.599167,-0.690650
4415,1.067240,0.445857,2.798903,0.039753,-0.638227,0.768821
4416,0.965334,-0.050496,1.743793,-0.119561,0.977830,-0.171912
4417,0.968611,-0.054060,1.743057,0.914080,-0.399165,0.071586
4418,0.963569,-0.054977,1.741343,-0.546648,-0.344846,-0.763058
4419,0.846140,0.652449,2.826283,-0.669721,0.043320,0.741348
4420,0.849867,0.656083,2.823207,0.440849,0.878116,0.185917
4421,0.846531,0.653510,2.820343,-0.655273,0.032985,-0.754672
4422,0.849594,0.651360,2.823237,0.655919,-0.749347,-0.090830
4423,0.193108,0.982671,2.771447,-0.557570,0.812156,0.171808
4424,0.555764,-0.065913,1.443223,-0.026568,0.823138,-0.567220
4425,0.554177,-0.071726,1.442150,-0.042500,-0.666386,-0.744394
4426,0.553328,-0.069008,1.446133,-0.697363,0.058574,0.714321
4427,0.637078,-0.064196,1.554567,0.624472,0.064906,0.778346
4428,1.055143,0.740740,2.789330,0.876070,0.127393,0.465050
4429,1.197297,-0.038790,2.399437,-0.977813,-0.155503,-0.140358
4430,1.200507,-0.038403,2.403027,-0.020632,-0.042734,0.998873
4431,1.151560,0.445671,2.782310,0.751403,0.641494,-0.154526
4432,1.024417,0.535201,2.798840,0.074172,0.722620,-0.687254
4433,1.022807,0.533921,2.803497,0.117894,0.280984,0.952444
4434,1.023957,0.530693,2.800227,0.581484,-0.813250,-0.022383
4435,1.444280,0.648019,2.828943,-0.675615,0.592617,-0.438577
4436,-0.275641,0.948793,4.690510,-0.847944,-0.065148,-0.526068
4437,-0.274817,0.949455,4.697033,-0.690169,0.061078,0.721066
4438,-0.140637,0.740265,4.695207,0.093080,0.259990,-0.961115
4439,-0.148083,0.730157,4.688507,0.639465,0.313075,-0.702189
4440,-0.148690,0.738150,4.701427,-0.810660,0.132029,0.570437
4441,-0.153116,0.729829,4.690597,-0.971344,0.212140,-0.107177
4442,-0.259888,0.845016,4.691640,0.131933,0.133578,-0.982217
4443,-0.247590,0.842646,4.694703,0.415139,0.311560,-0.854745
4444,-0.348247,0.466579,4.671277,0.369707,-0.924520,0.092622
4445,-0.253745,0.762620,4.694443,-0.077649,-0.164518,-0.983313
4446,-0.252118,0.761330,4.700253,0.566441,-0.454224,0.687623
4447,-0.349356,0.469525,4.667640,0.316378,0.648487,-0.692365
4448,-0.451242,0.573100,4.662613,-0.848998,-0.364609,0.382442
4449,-0.452434,0.646615,4.659677,-0.791684,-0.610755,-0.014649
4450,-0.451439,0.651365,4.659637,-0.521357,0.852875,-0.028137
4451,-0.347323,0.526337,4.672017,0.581277,0.809585,-0.081787
4452,-0.665947,0.327364,4.652770,-0.332769,-0.810951,0.481273
4453,0.175063,0.652830,3.269693,-0.553332,-0.578841,0.598972
4454,0.178060,0.656639,3.269453,-0.089799,0.995913,-0.009625
4455,0.548853,0.058273,2.829890,0.962890,-0.265553,-0.048215
4456,0.749155,-0.049189,2.636833,-0.569337,-0.584592,-0.578021
4457,0.753194,-0.046301,2.637267,0.994645,-0.103221,-0.005234
4458,0.642458,-0.031565,2.748403,0.287762,0.930169,-0.227986
4459,0.645113,-0.036480,2.750633,0.904446,-0.414205,0.102034
4460,0.640595,-0.034897,2.751390,-0.659172,-0.014861,0.751846
4461,0.755065,0.142939,2.834330,-0.710985,0.698194,0.083813
4462,0.546515,0.062274,2.830850,0.055596,0.968167,0.244053
4463,0.636532,-0.042995,2.673353,-0.228062,0.108995,0.967527
4464,0.442074,0.055039,2.828150,-0.095940,0.875235,0.474088
4465,0.426897,-0.047003,2.927340,0.550341,0.080759,0.831025
4466,0.349329,0.142530,2.828963,0.139329,-0.735605,0.662927
4467,0.348164,0.142104,2.822460,-0.081406,-0.816789,-0.571165
4468,0.351157,0.145050,2.825100,0.725687,0.665762,-0.173603
4469,0.346414,0.144923,2.825957,-0.737162,0.669958,0.088025
4470,0.545358,0.057683,2.833027,-0.661652,-0.516880,0.543187
4471,0.210682,0.080079,3.030663,0.694378,-0.688125,0.210529
4472,0.214669,0.080664,3.011160,0.716297,-0.694473,0.068018
4473,0.545478,0.059265,2.826723,-0.637047,-0.193178,-0.746226
4474,0.425802,-0.044379,2.922380,0.260139,0.790176,-0.554932
4475,0.426321,-0.050145,2.922597,0.400641,-0.770314,-0.496088
4476,1.247517,0.033576,2.845630,0.168599,-0.864370,-0.473750
4477,1.249350,0.036137,2.851100,0.582755,-0.286100,0.760621
4478,1.248240,0.038258,2.846837,0.217677,0.853879,-0.472766
4479,0.729428,-0.046837,2.596330,-0.725097,0.561382,0.398855
4480,0.755686,0.652485,2.822190,-0.774805,0.623813,-0.102641
4481,0.646572,0.445371,2.831277,-0.208413,-0.526705,-0.824103
4482,0.648633,0.444039,2.837023,0.262140,-0.831343,0.490053
4483,0.854931,-0.042277,2.039277,-0.115007,0.932600,-0.342097
4484,0.758798,0.141285,2.837017,0.865772,0.103759,0.489565
4485,0.858022,-0.045692,2.040427,0.948226,-0.286686,0.136672
4486,0.853484,-0.045376,2.042813,-0.532058,-0.204942,0.821531
4487,1.214097,-0.033988,2.526070,0.831217,-0.009279,0.555871
4488,1.211217,-0.037286,2.523980,-0.122335,-0.608331,-0.784199
4489,1.211347,-0.030633,2.523897,-0.099180,0.592923,-0.799128
4490,1.088600,-0.046372,2.306137,0.048526,-0.536268,-0.842652
4491,1.090657,-0.043224,2.309220,0.718217,-0.014187,0.695674
4492,1.087950,-0.039886,2.306940,-0.077514,0.722964,-0.686524
4493,1.085633,-0.043730,2.309253,-0.741348,-0.155162,0.652938
4494,0.957455,0.819584,2.801993,0.199124,0.698378,-0.687472
4495,0.856288,0.551518,2.824080,0.709381,0.704824,0.000722
4496,0.636989,-0.040096,2.669507,-0.315311,0.669137,-0.672930
4497,0.190257,1.047040,2.767557,-0.806488,-0.509123,0.300618
4498,1.240147,-0.015928,2.839200,-0.447710,0.736645,-0.506863
4499,0.954340,0.044723,2.832430,-0.055724,-0.887367,-0.457684
4500,1.161927,-0.018808,2.848987,-0.124996,0.978934,0.161447
4501,1.162117,-0.022060,2.845070,-0.485529,-0.394398,-0.780200
4502,0.848328,0.049511,2.828647,0.142448,-0.417917,-0.897248
4503,0.942435,-0.023382,2.883663,0.608109,-0.744463,0.275643
4504,0.847398,0.047656,2.834437,-0.081308,-0.864531,0.495959
4505,0.940759,-0.018778,2.885327,0.201947,0.902702,0.379930
4506,0.268400,0.147080,2.828407,0.979251,-0.175183,0.101877
4507,0.850452,0.051803,2.832990,0.782167,0.545790,0.300548
4508,0.202840,1.042707,2.768053,0.004012,-0.810008,0.586405
4509,0.214726,1.045087,2.773480,-0.093881,-0.903154,0.418926
4510,0.453163,-0.078586,1.154310,0.629313,0.106628,0.769803
4511,0.646253,-0.066003,1.463017,0.709379,-0.053636,-0.702783
4512,0.644016,-0.069061,1.466207,0.074098,-0.539407,0.838778
4513,0.641429,-0.066116,1.463370,-0.771715,-0.092080,-0.629267
4514,0.247259,-0.078638,1.343743,0.002428,-0.904142,-0.427225
4515,0.152960,-0.060724,1.744817,0.727402,0.629835,-0.272386
4516,0.152907,-0.067342,1.744343,0.717539,-0.596145,-0.360207
4517,0.149529,-0.063911,1.743257,-0.892422,0.039293,-0.449488
4518,0.544588,-0.078757,1.143220,0.022791,-0.949126,-0.314070
4519,0.749476,-0.070314,1.345917,-0.384346,-0.912452,0.140390
4520,0.748582,-0.065237,1.347147,-0.663599,0.738228,0.121059
4521,0.752006,-0.067436,1.342230,0.093173,0.249896,-0.963779
4522,0.836941,-0.065220,1.249677,-0.174393,0.972301,-0.155623
4523,0.634467,-0.061117,1.551690,-0.783928,0.617112,-0.068048
4524,0.634509,-0.067720,1.552207,-0.775922,-0.630114,0.030017
4525,0.637198,-0.064571,1.549787,0.712109,-0.050228,-0.700270
4526,-0.145603,-0.080309,1.148553,0.786159,0.584498,-0.200790
4527,-0.145561,-0.086971,1.148763,0.793534,-0.585931,-0.164281
4528,-0.147406,-0.083564,1.151453,-0.529120,0.023376,0.848225
4529,0.614314,-0.081839,0.888968,0.986896,0.067044,0.146769
4530,0.451912,-0.076555,1.249490,0.779544,0.060268,-0.623441
4531,0.449409,-0.080092,1.251727,-0.697187,-0.710518,-0.095362
4532,0.448561,-0.073511,1.251303,-0.852220,0.493790,-0.172893
4533,0.451074,-0.076362,1.254170,0.557447,0.124577,0.820813
4534,1.016193,-0.056419,1.493487,-0.424976,0.371740,0.825352
4535,0.653905,-0.071840,1.256700,0.673796,-0.026613,-0.738438
4536,0.748086,-0.073703,1.154863,0.972275,-0.183719,0.144667
4537,0.744324,-0.070335,1.154600,-0.297455,0.953128,0.055382
4538,0.742976,-0.075432,1.157187,-0.419667,-0.405235,0.812197
4539,0.743842,-0.074866,1.152090,-0.274947,-0.376290,-0.884765
4540,0.848286,-0.057455,1.643340,-0.635774,-0.129636,-0.760911
4541,0.651724,-0.068420,1.259120,0.032892,0.630820,0.775232
4542,0.649187,-0.071877,1.256930,-0.767438,-0.036475,-0.640085
4543,0.651790,-0.075073,1.259420,0.044741,-0.557773,0.828787
4544,0.354426,-0.075405,1.426883,0.708802,-0.552599,0.438445
4545,0.647607,-0.059490,1.733877,0.506957,0.135554,0.851246
4546,0.852851,-0.056919,1.644403,0.849988,0.034867,-0.525647
4547,0.851038,-0.054296,1.752253,0.626620,0.004824,-0.779310
4548,0.572315,-0.059143,1.749943,0.963398,0.218792,0.154898
4549,0.198013,0.981073,2.770097,0.982962,0.129793,0.130154
4550,0.193624,0.977512,2.772690,-0.024583,-0.688026,0.725269
4551,0.232037,1.047843,2.771523,0.862518,0.363802,0.351725
4552,0.229767,1.045653,2.766293,0.283237,0.009907,-0.958999
4553,0.229212,1.042770,2.770637,0.023668,-0.925757,0.377378
4554,0.642736,0.248651,2.842090,-0.845358,-0.001756,0.534197
4555,0.645700,0.246030,2.839217,0.689877,-0.714186,0.118356
4556,0.643341,0.248141,2.835490,-0.734664,-0.094181,-0.671862
4557,0.351210,-0.071237,1.533650,-0.024418,-0.498030,-0.866816
4558,0.193072,1.048727,2.763223,0.064707,-0.023717,-0.997622
4559,0.205655,1.044393,2.763720,0.020475,-0.001397,-0.999789
4560,0.192704,1.051893,2.767600,-0.077729,0.945108,0.317377
4561,0.218096,1.049657,2.764803,0.097986,0.118144,-0.988150
4562,0.220365,1.051847,2.770033,-0.090735,0.834998,0.542721
4563,0.207557,1.049750,2.773327,0.027043,0.925494,0.377796
4564,0.651512,-0.077412,1.051507,-0.577823,0.125678,0.806428
4565,0.654581,-0.074705,1.048520,0.810994,0.575956,-0.102778
4566,0.651104,-0.077731,1.046500,-0.710503,0.029911,-0.703058
4567,0.053447,-0.088609,0.743244,0.580776,0.807964,-0.099469
4568,0.054755,-0.094839,0.744421,0.854887,-0.497467,0.147295
4569,0.051377,-0.092833,0.740991,-0.500745,-0.261145,-0.825262
4570,0.546897,-0.084044,0.851665,-0.744096,-0.078642,0.663428
4571,0.549956,-0.087070,0.849412,0.841282,-0.534993,0.077632
4572,-0.254161,-0.082381,1.345717,-0.235752,-0.935616,0.262762
4573,-0.459807,-0.085047,1.250530,-0.749714,0.220770,0.623850
4574,-0.435117,-0.080641,1.365850,0.720972,-0.106412,-0.684745
4575,-0.043601,-0.074827,1.348050,0.034408,0.566344,0.823450
4576,-0.059060,-0.077740,1.247530,-0.427018,0.894879,-0.129793
4577,-0.060922,-0.083428,1.246357,-0.829271,-0.556987,-0.045554
4578,-0.819935,-0.090454,1.158703,-0.782446,-0.245185,0.572418
4579,-0.649008,-0.085372,1.159987,-0.826509,0.554771,-0.095459
4580,-0.734391,-0.094172,1.060383,0.899814,-0.423947,-0.102977
4581,-0.542926,-0.091032,1.162450,-0.045320,-0.569808,0.820527
4582,0.609888,-0.085088,0.889292,-0.363289,-0.816959,0.447883
4583,0.609453,-0.079338,0.889586,-0.495117,0.722523,0.482514
4584,0.253766,-0.085381,0.949484,-0.784887,-0.030363,0.618895
4585,0.816631,-0.073689,1.175577,-0.897268,-0.409488,0.165014
4586,0.820950,-0.074570,1.170773,-0.021857,-0.588130,-0.808471
4587,0.718949,-0.076286,1.051830,0.379601,-0.024891,-0.924815
4588,0.717582,-0.079533,1.055097,-0.741573,-0.597498,0.305067
4589,0.717450,-0.072877,1.054863,-0.764979,0.587511,0.263890
4590,0.937307,-0.049491,1.838007,0.544481,-0.011244,0.838698
4591,0.523757,-0.066718,1.664583,-0.784603,-0.544979,0.295628
4592,0.527122,-0.063472,1.665783,0.882127,-0.011644,0.470867
4593,0.639272,-0.070039,1.341977,0.017019,-0.999839,-0.005610
4594,0.544394,-0.074071,1.141303,-0.038147,0.619829,-0.783810
4595,0.543631,-0.074633,1.251270,-0.853363,-0.101866,-0.511268
4596,0.637856,-0.066695,1.338950,-0.114622,0.380669,-0.917580
4597,0.736061,-0.066298,1.543367,-0.257264,-0.966291,-0.009899
4598,0.537752,-0.068024,1.356773,-0.806307,0.575924,0.134836
4599,0.040773,-0.080914,1.359553,-0.024105,-0.670830,0.741219
4600,0.040954,-0.074292,1.360300,0.007644,0.489550,0.871942
4601,0.043248,-0.077402,1.357560,0.717341,0.058669,-0.694247
4602,0.051918,-0.077647,1.245643,-0.844458,0.450049,0.290424
4603,0.053859,-0.082702,1.243427,-0.334622,-0.915115,-0.224929
4604,0.149401,-0.081382,1.138567,-0.708493,0.026782,0.705210
4605,0.151354,-0.070014,1.557153,-0.578377,0.032867,0.815107
4606,0.153241,-0.066820,1.553860,-0.192834,0.608688,-0.769619
4607,0.153076,-0.073443,1.554010,-0.223683,-0.632407,-0.741638
4608,-0.437425,-0.076970,1.367807,-0.047518,0.785923,0.616496
4609,-0.042191,-0.082207,1.148600,-0.767031,-0.004890,0.641592
4610,-0.039587,-0.078858,1.146450,0.791361,0.607321,0.070066
4611,0.056441,-0.084948,1.042777,-0.665672,0.045799,0.744838
4612,-0.039466,-0.085519,1.146543,0.812752,-0.576086,0.086950
4613,-0.041726,-0.082266,1.143867,-0.619449,-0.022204,-0.784723
4614,0.052185,-0.089330,0.846305,0.778720,-0.013378,-0.627229
4615,0.049393,-0.092609,0.848544,-0.462270,-0.886453,0.022521
4616,0.047890,-0.087083,0.846559,-0.804737,0.568614,-0.170517
4617,0.059721,-0.081969,1.040827,0.880267,0.472501,0.043276
4618,-0.148660,-0.089315,0.948525,-0.333601,-0.235516,0.912821
4619,-0.144945,-0.091900,0.944531,0.750808,-0.659828,-0.030248
4620,-0.044667,-0.084414,0.943122,0.802006,0.522121,0.290131
4621,-0.048002,-0.084469,0.937509,0.121506,0.508564,-0.852408
4622,0.053314,-0.081777,1.148167,-0.759435,0.099362,-0.642951
4623,0.154139,-0.081262,1.138543,0.715519,0.062586,0.695784
4624,0.151669,-0.078151,1.135943,-0.017626,0.532170,-0.846454
4625,0.151839,-0.084801,1.136367,0.012267,-0.635414,-0.772074
4626,0.050419,-0.071279,1.559933,0.860890,-0.008472,-0.508720
4627,0.047549,-0.067918,1.561703,-0.187645,0.586190,0.788144
4628,0.144748,-0.068616,1.662710,-0.072104,-0.938554,0.337517
4629,0.147660,-0.065405,1.660290,0.790743,0.184434,-0.583703
4630,0.647714,-0.059788,1.729140,0.710121,0.063328,-0.701226
4631,0.567999,-0.057806,1.746643,-0.278364,0.489246,-0.826530
4632,1.247380,-0.044508,1.790130,-0.021640,-0.114746,-0.993159
4633,1.015180,0.849212,2.831013,0.729316,0.448475,0.516690
4634,0.756190,0.647802,2.822443,-0.591615,-0.805907,-0.022489
4635,1.032567,0.803987,2.782777,-0.703115,-0.117057,-0.701375
4636,1.037480,0.802115,2.784190,0.615647,-0.787696,-0.022655
4637,1.033137,0.804277,2.788183,-0.367070,-0.298285,0.881071
4638,1.035907,0.806533,2.785030,0.376864,0.921965,-0.089183
4639,0.170157,0.723240,3.397673,0.988474,-0.142762,0.050383
4640,0.165428,0.722843,3.400170,-0.439071,-0.193274,0.877417
4641,0.165504,0.721538,3.394970,-0.323769,-0.622512,-0.712498
4642,1.138803,0.745771,2.774697,-0.647944,-0.023687,0.761320
4643,0.353514,-0.072328,1.423427,-0.277328,-0.073500,-0.957960
4644,0.650584,0.813315,2.820427,-0.065662,-0.093588,0.993443
4645,0.650956,0.810180,2.815580,0.035522,-0.945635,-0.323286
4646,0.451846,0.751917,2.815237,-0.969035,-0.079131,-0.233903
4647,0.455069,0.753434,2.819290,0.125621,0.625219,0.770273
4648,0.456543,0.753553,2.813143,0.456280,0.651152,-0.606473
4649,0.456103,0.749851,2.816220,0.354623,-0.932600,0.067086
4650,0.195011,0.749211,3.002530,0.969688,0.106985,0.219679
4651,0.188001,0.733179,3.024643,-0.267065,0.557604,0.785974
4652,0.192200,0.731374,3.022427,0.977595,0.000103,-0.210493
4653,0.193527,0.736834,3.009570,0.972000,-0.137097,0.190843
4654,0.968681,-0.035984,2.732783,-0.578842,-0.380257,0.721351
4655,0.968990,-0.032854,2.728693,-0.160439,0.959934,-0.229753
4656,0.208502,0.654859,2.997233,0.621390,-0.774224,-0.120215
4657,0.197138,0.155378,3.052997,0.873786,0.184554,0.449931
4658,0.242159,0.648739,2.802593,-0.048639,-0.975020,-0.216725
4659,0.169800,0.675542,3.367873,-0.102967,-0.554497,-0.825791
4660,0.184694,0.533001,3.215573,0.999348,0.036101,0.001097
4661,0.177164,0.533515,3.314460,-0.614626,-0.089253,0.783753
4662,0.180284,0.531237,3.311653,-0.057540,-0.568129,-0.820926
4663,0.180834,0.535821,3.312607,0.110282,0.828180,-0.549505
4664,0.175407,0.371604,3.370027,0.319155,0.837443,0.443654
4665,0.192249,0.478963,3.030607,-0.687985,-0.062510,-0.723027
4666,0.158594,0.552045,3.488313,0.825458,-0.420431,0.376640
4667,0.159460,0.556995,3.502000,0.308090,-0.950714,0.034963
4668,1.358307,1.558523,4.848013,-0.175497,0.077864,0.981396
4669,1.356467,1.555800,4.843343,-0.713775,-0.605349,-0.352247
4670,0.149000,0.560211,3.512963,-0.741276,0.338156,-0.579794
4671,0.152051,0.557202,3.515080,-0.015895,-0.961219,0.275327
4672,1.438220,1.563860,4.862193,-0.881790,0.066872,0.466878
4673,1.441097,1.561133,4.859317,0.580026,-0.808524,0.099290
4674,1.441500,1.565870,4.859400,0.748416,0.649875,0.132428
4675,1.735610,1.567757,4.836663,0.343805,0.332964,0.878028
4676,1.731257,1.564963,4.834263,-0.867239,-0.452977,0.206660
4677,1.736623,1.563940,4.832550,0.620539,-0.737052,-0.267741
4678,1.743443,1.496130,4.821123,0.336485,0.539427,0.771878
4679,1.215823,1.565540,4.851937,0.996707,0.035845,0.072740
4680,1.241963,2.358337,4.786193,-0.973091,0.196825,0.119809
4681,1.138863,2.051130,4.828277,-0.829505,0.333498,0.447996
4682,1.658303,2.711520,4.775993,0.218744,-0.719534,0.659107
4683,1.519330,2.648273,4.839770,-0.506662,0.766335,0.394999
4684,1.553597,2.678360,4.758933,0.142905,-0.824786,0.547088
4685,1.551400,2.683010,4.759303,-0.807283,0.548312,0.218285
4686,1.553247,2.679810,4.753997,-0.418320,-0.126041,-0.899512
4687,1.286690,2.614003,4.817593,-0.028320,-0.972339,0.231850
4688,1.287923,2.617557,4.813357,0.378029,0.048634,-0.924516
4689,1.289320,2.618843,4.818923,0.745964,0.387171,0.541882
4690,1.284747,2.618527,4.817037,-0.885765,0.448748,0.118514
4691,1.861780,2.129917,4.778150,0.924470,0.360483,-0.124127
4692,1.597363,2.285873,4.751320,0.299562,0.220226,0.928312
4693,1.523737,2.645713,4.838843,0.970241,0.010412,0.241918
4694,1.060383,2.715620,4.796110,-0.596774,-0.612942,-0.517844
4695,1.143490,2.406950,4.806717,-0.726372,-0.272471,0.630986
4696,1.348803,1.769117,4.832313,0.687217,-0.726239,0.017599
4697,1.941547,1.953510,4.792140,0.005961,-0.891043,-0.453880
4698,1.553880,1.949533,4.851347,0.821488,-0.265102,-0.504855
4699,1.971620,2.442807,4.834783,0.521223,0.830924,-0.194658
4700,1.969400,2.439580,4.838093,-0.541809,-0.006081,0.840480
4701,1.972877,2.436803,4.835550,0.816119,-0.577669,-0.015759
4702,1.346677,1.772107,4.835533,0.072848,0.815870,0.573628
4703,0.777816,2.436670,4.660453,-0.005190,-0.904883,0.425628
4704,1.265990,2.255503,4.674103,-0.954394,-0.197111,0.224233
4705,1.986197,2.133860,4.803920,0.601418,-0.790754,0.114035
4706,1.568877,2.434563,4.835450,0.150998,-0.162654,-0.975061
4707,1.254890,2.411093,4.806393,0.789746,-0.053214,0.611121
4708,1.168190,2.294840,4.769693,0.603553,0.754156,0.258791
4709,1.448700,1.852870,4.851047,-0.280824,0.202744,-0.938100
4710,1.446277,1.851423,4.856193,-0.894958,-0.083678,0.438232
4711,1.450697,1.850543,4.854680,0.648259,-0.755743,0.092806
4712,1.555197,1.847903,4.855780,0.376522,-0.045165,-0.925306
4713,1.552247,1.851150,4.858967,-0.233644,0.947238,0.219430
4714,1.556613,1.847057,4.860943,0.747332,0.027428,0.663885
4715,1.860170,1.843913,4.786677,-0.191652,-0.746755,-0.636888
4716,1.857283,1.854867,4.782543,-0.739448,0.630682,-0.235495
4717,1.727183,1.842610,4.832053,0.654353,-0.162312,0.738564
4718,1.945807,1.842927,4.795323,-0.148086,-0.692882,-0.705681
4719,1.849930,1.952603,4.778103,-0.421523,-0.522217,0.741355
4720,1.856957,2.043893,4.773000,0.241281,-0.682523,-0.689889
4721,1.727357,2.141513,4.819547,-0.579085,-0.712283,-0.396628
4722,2.188947,2.230673,4.671037,-0.622227,0.385773,-0.681185
4723,1.389920,2.350927,4.744113,-0.245222,0.950526,-0.190699
4724,1.049063,2.420927,4.778960,0.798453,0.472083,-0.373643
4725,1.045303,2.420593,4.782453,-0.693623,0.565130,0.446671
4726,1.045720,2.416973,4.778770,-0.558879,-0.514170,-0.650603
4727,2.121580,2.588490,4.598367,-0.260486,0.939057,0.224317
4728,2.120950,2.584360,4.594697,-0.297104,-0.175966,-0.938491
4729,2.124237,2.584413,4.598290,0.962521,-0.246781,0.112484
4730,1.732543,2.250703,4.763113,0.548911,0.734697,0.398644
4731,2.174960,2.582067,4.736460,0.347548,-0.326049,-0.879149
4732,1.770067,2.708023,4.720930,0.579799,0.278684,-0.765616
4733,2.015260,2.656630,4.664030,0.865642,0.223603,0.447958
4734,2.012713,2.656023,4.659163,0.073729,0.272764,-0.959252
4735,1.150987,2.240870,4.829973,0.789827,-0.594948,0.149029
4736,1.146083,2.241233,4.829613,-0.792369,-0.607636,0.054132
4737,2.080187,2.584997,4.651550,-0.419414,0.771446,-0.478501
4738,2.080797,2.579893,4.651087,0.257112,-0.788902,-0.558146
4739,2.226760,0.821668,3.340033,-0.116828,0.479250,-0.869868
4740,2.224277,0.818446,3.342460,-0.156979,-0.977774,0.138979
4741,1.844753,2.697657,4.691330,-0.249177,0.924750,0.287660
4742,1.751517,2.049137,4.781783,-0.613684,-0.203957,0.762754
4743,1.756473,2.050867,4.780757,0.761547,0.590365,0.267423
4744,1.751530,2.051330,4.776903,-0.370397,0.696561,-0.614498
4745,1.748440,2.127227,4.757250,-0.575107,0.800458,-0.168872
4746,1.748157,2.121917,4.757403,-0.534312,-0.799966,0.273067
4747,1.752440,2.125620,4.760370,0.396751,0.005336,0.917911
4748,1.752003,2.124327,4.755727,0.600252,-0.055069,-0.797913
4749,2.222550,0.823236,3.243067,-0.875584,0.475972,0.082487
4750,2.226340,0.820654,3.244350,0.146118,-0.865325,0.479439
4751,2.156107,0.869767,3.143847,0.329510,-0.935216,-0.129596
4752,2.054857,0.898975,3.266463,-0.985247,-0.166944,0.037666
4753,2.483383,1.865517,4.727117,-0.219429,0.973270,0.067799
4754,2.489780,1.746237,4.717813,-0.545698,0.805312,-0.231704
4755,2.482967,1.861457,4.729910,0.223910,-0.522705,0.822583
4756,2.486367,1.862603,4.724453,0.913704,-0.289787,-0.284902
4757,2.481453,1.861453,4.725060,-0.780922,-0.297670,-0.549138
4758,1.426920,2.343000,4.794480,-0.848202,-0.154972,-0.506496
4759,2.001967,2.431050,4.855620,-0.532341,-0.171621,-0.828951
4760,1.293553,2.259563,4.685937,-0.231017,0.364444,0.902115
4761,1.748373,1.939307,4.779543,-0.538722,-0.753920,-0.376010
4762,1.853973,2.044310,4.778250,-0.235419,-0.643819,0.728063
4763,1.631313,1.955927,4.854430,-0.961485,-0.171665,-0.214658
4764,1.733107,1.941773,4.822873,-0.279975,-0.131972,-0.950893
4765,1.852297,2.047407,4.774600,-0.790608,0.380825,-0.479490
4766,1.856793,2.047470,4.776110,0.637893,0.706544,0.306410
4767,1.636357,1.844280,4.862717,-0.896185,0.442752,0.028696
4768,1.985437,2.138527,4.802653,0.542242,0.763794,-0.350132
4769,1.446777,1.740907,4.850867,-0.817333,0.256906,-0.515719
4770,1.451090,1.741423,4.852870,0.678764,0.731607,0.063488
4771,2.071843,2.256510,4.715647,0.984826,0.061900,0.162133
4772,1.852917,1.951377,4.772867,0.289514,-0.813592,-0.504232
4773,1.639160,1.841553,4.865703,0.173722,-0.815588,0.551939
4774,1.357023,1.948770,4.824393,0.061039,-0.789538,-0.610658
4775,1.359107,1.951157,4.828087,0.763966,0.634253,0.118659
4776,1.354440,1.951317,4.827413,-0.678092,0.729573,-0.088959
4777,1.550913,2.048507,4.851820,-0.312651,-0.725340,0.613295
4778,1.733120,1.945417,4.826370,0.311277,0.904723,0.290832
4779,1.736153,1.939630,4.826280,0.924712,-0.265344,0.272947
4780,1.731480,1.940850,4.827487,-0.791433,-0.421745,0.442453
4781,1.634937,1.959380,4.855720,0.366759,0.874864,-0.316386
4782,1.634447,1.956660,4.860090,-0.317877,-0.020569,0.947909
4783,1.635753,1.954593,4.855890,0.711326,-0.629722,-0.312195
4784,1.249820,2.419487,4.805760,-0.175957,0.963312,0.202656
4785,1.001823,2.304927,4.651493,0.406626,-0.130662,0.904203
4786,1.002080,2.309443,4.647100,0.463861,0.882223,-0.080718
4787,0.997581,2.306907,4.648757,-0.983824,0.150494,0.097167
4788,1.001329,2.304753,4.646760,0.131596,-0.695026,-0.706839
4789,1.251757,2.133803,4.824847,-0.870741,-0.122094,0.476344
4790,1.163437,2.294640,4.765137,-0.315777,0.715839,-0.622784
4791,1.163493,2.292957,4.769910,-0.647573,-0.323896,0.689739
4792,1.166640,2.291543,4.766690,0.340471,-0.885456,-0.316301
4793,0.851975,2.567697,4.677703,-0.334427,0.131686,-0.933176
4794,1.352567,2.052947,4.828353,-0.613956,0.116102,-0.780755
4795,1.259810,2.070640,4.815203,0.009371,0.495474,-0.868572
4796,1.354523,2.054997,4.832307,0.742183,0.640862,0.196115
4797,1.256537,2.069157,4.819367,-0.912606,-0.315163,0.260427
4798,0.856410,1.562053,4.741270,0.671985,-0.738844,0.050457
4799,-0.010031,0.212779,4.702083,-0.230807,0.971871,-0.046845
4800,-0.009428,0.209511,4.705570,-0.456050,-0.639646,0.618766
4801,-0.006094,0.210143,4.702260,0.982140,0.188038,0.006552
4802,1.264900,2.284063,4.759393,-0.263898,-0.754976,0.600307
4803,1.264413,2.290003,4.759030,-0.388261,0.769440,0.507165
4804,1.263883,2.286690,4.754630,-0.483309,-0.092845,-0.870513
4805,1.268253,2.287203,4.757197,0.982756,0.070050,-0.171127
4806,0.640556,1.778477,4.674910,-0.702783,0.710731,0.030937
4807,0.853659,2.568610,4.682040,0.293016,0.820614,0.490646
4808,0.948578,2.047160,4.736020,0.761425,-0.647972,-0.019080
4809,1.346427,1.771710,4.828927,0.026197,0.741110,-0.670872
4810,2.489167,1.741277,4.718413,-0.561820,-0.827248,0.004267
4811,1.142730,1.951117,4.830263,0.776529,0.602274,0.185118
4812,1.142013,2.046727,4.827203,0.186621,-0.930412,0.315445
4813,1.069530,1.952360,4.815043,0.798651,-0.377863,0.468375
4814,0.856094,1.566437,4.743037,0.230070,0.850205,0.473518
4815,1.309127,2.259937,4.685190,0.705754,0.154073,0.691500
4816,0.948824,1.947500,4.740160,-0.656711,-0.736232,0.163383
4817,1.018557,2.578713,4.751043,-0.948998,0.314471,0.022589
4818,1.457363,1.945683,4.849467,0.819471,0.568730,-0.070805
4819,-1.567127,2.362707,4.564933,0.109241,0.229664,0.967120
4820,0.980373,2.392760,4.736600,-0.775812,0.511533,0.369390
4821,1.140723,2.049603,4.822673,-0.373567,-0.041355,-0.926681
4822,2.492450,1.744443,4.721687,0.460261,0.050307,0.886357
4823,1.137837,1.951077,4.831040,-0.879273,0.352569,0.320271
4824,1.140490,1.949103,4.826330,-0.152419,-0.189148,-0.970047
4825,0.992296,2.394160,4.729890,0.722075,-0.083459,-0.686762
4826,1.146033,1.846393,4.828530,-0.723201,-0.689770,-0.034614
4827,2.493643,1.743603,4.715957,0.772993,-0.169538,-0.611342
4828,1.144280,2.431223,4.806553,0.958689,0.239514,0.153458
4829,1.021650,2.150013,4.774337,-0.369995,0.626831,0.685702
4830,1.244650,1.855703,4.834610,-0.158015,0.411859,0.897443
4831,1.146887,1.659773,4.837647,-0.951464,0.203757,-0.230651
4832,1.151397,1.656413,4.835833,0.226393,-0.672880,-0.704258
4833,1.150200,1.657040,4.841323,-0.027016,-0.502601,0.864096
4834,1.070763,2.711433,4.799447,0.580913,-0.349357,-0.735180
4835,1.345687,2.408707,4.806327,-0.002472,0.472108,-0.881538
4836,1.254667,2.136457,4.822070,0.565634,0.816081,0.118618
4837,1.346243,2.409340,4.811963,-0.036754,0.728856,0.683680
4838,1.348760,2.405507,4.809903,0.818732,-0.573943,-0.016368
4839,1.343380,2.405317,4.809817,-0.789576,-0.596282,0.144975
4840,2.167057,0.876856,3.257547,0.163937,0.832964,0.528485
4841,1.549583,2.350543,4.797480,0.778684,-0.592523,0.206319
4842,1.150717,2.146930,4.824843,0.520111,0.851438,0.067367
4843,1.773520,2.661383,4.763013,-0.825446,-0.563522,0.032889
4844,1.146233,2.416313,4.802150,0.353427,0.517540,-0.779257
4845,1.145053,2.407733,4.800753,-0.321211,-0.022956,-0.946729
4846,1.025763,2.151127,4.769343,0.441241,0.846352,-0.298321
4847,1.777830,2.662260,4.764927,0.923090,-0.369922,-0.105175
4848,2.062790,0.898276,3.261080,0.750528,-0.577430,-0.321375
4849,2.057510,0.903003,3.255367,-0.105743,0.327287,-0.938990
4850,2.061860,0.904259,3.263270,0.532062,0.824917,0.190847
4851,2.204340,0.864971,3.169360,0.279916,-0.671771,-0.685836
4852,2.180950,0.857119,3.356493,0.257277,-0.875549,-0.408928
4853,2.151707,0.873034,3.143623,-0.979957,0.037656,-0.195618
4854,2.231333,0.756319,3.259883,0.088172,0.969123,-0.230273
4855,2.060137,0.894247,3.272177,0.354317,-0.933960,-0.046670
4856,1.652703,0.745472,2.877087,0.535609,0.282853,-0.795687
4857,1.736737,0.758704,2.889413,0.093110,-0.669857,0.736629
4858,2.041203,0.869366,3.048093,0.568288,-0.150106,-0.809023
4859,1.746580,0.825040,2.888627,-0.936008,0.294102,0.193375
4860,1.964097,0.859760,3.049060,-0.054994,-0.482783,0.874011
4861,1.967960,0.861188,3.044743,0.893838,-0.317364,-0.316754
4862,1.965197,0.865154,3.046760,0.013741,0.945578,0.325106
4863,2.060367,0.884016,3.127193,-0.442685,0.265472,-0.856478
4864,2.060703,0.878762,3.130660,-0.366240,-0.927958,-0.069014
4865,2.060117,0.883720,3.132500,-0.344767,0.501477,0.793509
4866,2.064203,0.882297,3.129947,0.993793,0.098185,0.052295
4867,1.652040,0.834493,2.863770,-0.486824,0.438973,-0.755186
4868,2.039013,0.866697,3.051873,0.094932,-0.646985,0.756570
4869,1.644217,0.654405,2.882540,-0.802985,-0.595705,-0.018736
4870,1.811287,0.845698,2.894287,0.768803,-0.367281,-0.523495
4871,1.804083,0.853857,2.896160,-0.716603,0.538948,-0.442735
4872,1.802053,0.840996,2.893253,-0.352473,-0.031877,-0.935279
4873,1.813317,0.858559,2.897193,0.746385,0.634055,0.202199
4874,1.807067,0.847884,2.904793,0.301904,0.113152,0.946600
4875,1.996617,0.885120,3.162827,-0.765994,-0.069368,-0.639094
4876,2.036463,0.870230,3.049427,-0.892366,0.113628,-0.436775
4877,2.155763,0.874079,3.146397,0.219865,0.358145,0.907409
4878,2.040050,0.873083,3.051417,0.310486,0.682426,0.661735
4879,2.132340,0.868557,3.062877,-0.478666,0.314893,-0.819586
4880,1.940067,0.858365,2.959070,0.745335,-0.174523,-0.643442
4881,1.936920,0.855741,2.961943,-0.770360,-0.635980,0.045538
4882,1.937030,0.862134,2.960337,-0.749220,0.606193,-0.266831
4883,1.997433,0.885859,3.167760,-0.367626,0.255496,0.894188
4884,2.000010,0.882128,3.165077,0.580869,-0.813591,0.025716
4885,2.000660,0.888033,3.163657,0.722760,0.655852,-0.217891
4886,1.739110,0.761591,2.886277,0.474269,0.879768,0.032804
4887,1.738537,0.757971,2.883057,0.421017,-0.803429,-0.421006
4888,1.646427,0.657615,2.885700,-0.063761,0.875688,0.478650
4889,1.647463,0.656420,2.879287,0.134366,0.646617,-0.750888
4890,2.137243,0.867678,3.065230,0.954420,0.298346,0.008488
4891,2.156763,0.875098,3.141583,0.402693,0.489472,-0.773470
4892,2.132333,0.868422,3.068383,-0.304520,0.489274,0.817238
4893,2.227713,0.753294,3.260643,-0.732441,-0.580126,-0.356349
4894,2.234263,0.752546,3.260003,0.502466,-0.721131,-0.476968
4895,2.231430,0.753730,3.263900,0.109768,0.116637,0.987090
4896,1.737863,0.451700,2.894160,-0.582176,-0.479369,0.656716
4897,1.642567,0.557874,2.882950,-0.759030,0.270173,-0.592352
4898,1.365623,0.446684,2.810323,0.253282,-0.846607,-0.468086
4899,1.329493,0.255872,2.799467,0.534373,-0.719135,0.444174
4900,1.147560,0.349864,2.785047,0.478562,-0.877011,-0.042785
4901,1.145663,0.353047,2.781870,0.185859,0.735293,-0.651767
4902,1.320143,0.250629,2.795133,-0.777419,0.226112,-0.586935
4903,1.355580,0.128934,2.806763,-0.474588,-0.849464,-0.230601
4904,1.359353,0.132347,2.805317,0.701220,0.211383,-0.680887
4905,1.358760,0.131205,2.810743,0.452177,-0.125637,0.883035
4906,1.320813,0.248428,2.799963,0.673148,-0.633613,0.381322
4907,1.320543,0.255910,2.803203,-0.866572,0.397752,0.301406
4908,1.036120,0.254431,2.805297,0.919219,-0.350489,-0.179427
4909,1.032473,0.255900,2.802627,-0.439967,0.698008,-0.564991
4910,1.031877,0.252499,2.806213,-0.440574,-0.890716,0.111894
4911,1.033800,0.256058,2.809113,-0.189264,0.728052,0.658878
4912,1.031770,0.348399,2.805913,0.405046,-0.822986,0.398287
4913,0.755891,0.454285,2.831270,0.531071,0.582597,0.615260
4914,0.752439,0.454160,2.827827,-0.998215,0.048514,-0.034845
4915,1.025983,0.453643,2.805577,0.064640,0.663510,0.745370
4916,1.035280,0.744529,2.791627,-0.006956,0.997577,-0.069227
4917,1.073380,0.353371,2.794947,-0.438741,0.454532,-0.775182
4918,0.169204,0.251841,3.455497,-0.086988,0.096332,-0.991541
4919,0.172401,0.253148,3.458727,0.472606,0.673556,0.568301
4920,0.170595,0.248395,3.458423,0.339449,-0.939576,0.044406
4921,0.210629,0.143274,3.015607,0.748511,-0.634173,-0.193792
4922,0.206697,0.146139,3.013727,-0.980952,-0.079850,-0.177077
4923,0.213651,0.157169,2.987273,0.298104,0.665438,-0.684344
4924,0.191997,0.154391,3.053977,-0.627044,-0.357154,0.692283
4925,0.207785,0.157713,2.998943,-0.862609,0.502233,-0.060569
4926,0.205507,0.349965,3.015380,-0.239595,0.370791,0.897278
4927,0.439126,0.050542,2.826563,-0.921606,-0.388124,-0.001302
4928,-0.672889,-0.059237,2.331817,0.169113,-0.431477,-0.886131
4929,0.199585,0.199314,3.048770,0.525159,-0.780672,0.338761
4930,0.196601,0.203374,3.050027,0.013436,0.798067,0.602418
4931,0.193192,0.200129,3.047833,-0.774367,-0.615076,0.148448
4932,-0.010222,-0.059877,2.082400,0.773713,-0.602364,-0.196280
4933,-0.010546,-0.053275,2.081953,0.712592,0.643108,-0.280401
4934,0.353711,0.550350,2.817953,-0.737608,-0.667706,-0.100512
4935,0.858180,-0.042895,2.654727,-0.242078,-0.116013,0.963296
4936,0.858023,-0.039983,2.650580,-0.294200,0.857531,-0.422005
4937,0.251499,0.561278,2.804833,-0.109552,0.920375,0.375377
4938,0.191516,0.740827,2.999467,-0.390327,-0.675756,-0.625299
4939,0.202011,0.780763,2.805107,0.745071,-0.634062,-0.206966
4940,0.200574,0.785038,2.806537,0.216704,0.895126,0.389602
4941,0.198423,0.785237,2.819597,0.913746,0.370989,-0.165634
4942,0.257221,0.747239,2.811737,-0.653425,0.045353,0.755631
4943,0.239859,0.751536,2.793113,-0.914594,0.348212,-0.205586
4944,0.250092,0.750695,2.794670,0.600420,0.678384,-0.423427
4945,0.258895,0.749610,2.807340,0.613003,0.727753,-0.307575
4946,0.190961,0.752056,3.001983,-0.767883,0.528631,0.361808
4947,0.185279,0.741483,3.011240,-0.465942,0.787243,0.403915
4948,0.184925,0.736690,3.009597,-0.556841,-0.628260,-0.543339
4949,0.195130,0.755238,2.984377,-0.535084,0.670979,-0.513296
4950,-0.475490,-0.070020,1.736490,0.198610,-0.070521,-0.977538
4951,-0.244307,-0.077479,1.563550,0.001545,-0.526268,0.850317
4952,-0.339557,-0.077863,1.564493,0.265337,-0.713482,-0.648491
4953,-0.437031,-0.083400,1.369220,0.028461,-0.456241,0.889401
4954,-0.327806,-0.068488,1.752883,0.003776,0.993725,-0.111788
4955,0.041571,-0.077337,1.461113,-0.053816,-0.730642,-0.680636
4956,0.037544,-0.074896,1.465380,-0.945490,-0.190262,0.264289
4957,0.040822,-0.072147,1.462170,0.094075,0.899754,-0.426138
4958,-0.329954,-0.071537,1.755803,-0.418943,-0.391588,0.819235
4959,-0.553738,-0.074363,1.555730,0.196549,0.978902,0.055849
4960,-0.556210,-0.077762,1.558190,-0.843657,-0.391710,0.367160
4961,-0.551075,-0.078736,1.557183,0.850814,-0.313516,0.421691
4962,-0.451037,-0.078453,1.457350,-0.942021,-0.179295,-0.283638
4963,-0.447071,-0.075119,1.457480,0.348495,0.905737,-0.241228
4964,-0.445700,-0.080738,1.456480,0.526200,-0.602457,-0.600132
4965,-0.340908,-0.076273,1.569003,0.339823,-0.046336,0.939347
4966,-0.256024,-0.077926,1.346360,-0.752410,0.511214,0.415379
4967,-0.329371,-0.072155,1.750330,-0.436966,-0.442247,-0.783249
4968,-0.251023,-0.078955,1.347183,0.917301,0.358673,0.172950
4969,-0.542886,-0.084372,1.162273,-0.038252,0.612900,0.789234
4970,-0.546391,-0.093420,0.946349,-0.797186,-0.079045,-0.598537
4971,-0.543725,-0.089822,0.948204,0.733300,0.659734,-0.164385
4972,-0.543206,-0.096452,0.948388,0.827653,-0.545772,-0.130857
4973,-0.545518,-0.093221,0.951041,-0.552682,-0.020100,0.833150
4974,-0.454133,-0.087806,1.041703,-0.839579,0.502955,0.205291
4975,-0.452321,-0.092896,1.039583,-0.361758,-0.871391,-0.331375
4976,-0.624537,-0.095574,0.872318,-0.725821,0.209681,-0.655147
4977,-0.711729,-0.091826,0.986605,0.381841,0.011870,-0.924152
4978,-0.710944,-0.089572,0.990957,0.383113,0.717802,0.581364
4979,-0.716148,-0.091233,0.988786,-0.981977,0.165396,0.091462
4980,-0.737474,-0.090399,1.059600,0.057613,0.991900,-0.113205
4981,-0.552638,-0.095515,0.840713,0.159692,0.205150,-0.965615
4982,-0.739545,-0.094228,1.057273,-0.512761,-0.554964,-0.655050
4983,-0.556215,-0.094285,0.845027,-0.855488,0.465679,0.226460
4984,-0.553827,-0.099454,0.844324,-0.196024,-0.973832,0.115008
4985,-0.620590,-0.093226,0.874800,0.806821,0.586003,-0.075094
4986,-0.621504,-0.099562,0.873785,0.616615,-0.733262,-0.286555
4987,-0.446338,-0.098334,0.749682,-0.583188,-0.227185,0.779922
4988,-0.446946,-0.097429,0.744948,-0.429937,0.001277,-0.902858
4989,-0.648345,-0.089018,1.245383,0.082604,-0.612848,-0.785872
4990,-0.817983,-0.092111,1.153530,-0.125912,-0.512285,-0.849535
4991,-0.814884,-0.090960,1.158260,0.853264,-0.308163,0.420685
4992,0.195799,0.788696,2.792557,0.097922,0.939933,-0.327012
4993,0.192637,0.785182,2.791937,-0.861078,-0.396094,0.318834
4994,-0.840882,-0.083125,1.258247,-0.139667,0.673166,0.726182
4995,-0.969696,-0.070959,1.858510,0.445683,-0.041611,-0.894223
4996,-0.446070,-0.072780,1.537387,-0.151291,0.591942,-0.791654
4997,-0.447830,-0.076002,1.540350,-0.539411,0.031929,0.841437
4998,-0.443224,-0.076176,1.539340,0.869826,-0.021824,0.492876
4999,-0.341101,-0.072973,1.565293,0.247361,0.934677,-0.255325
5000,0.056342,-0.078813,1.150273,0.866877,0.494209,-0.065438
5001,-0.437833,-0.070617,1.643083,0.933798,0.351407,-0.067337
5002,-0.442923,-0.069569,1.644597,-0.517918,0.520593,0.678782
5003,-0.324500,-0.071878,1.752953,0.869136,-0.472570,0.145877
5004,-0.246598,-0.074231,1.560800,-0.764720,-0.006100,-0.644334
5005,-0.129146,-0.069494,1.737970,0.768277,-0.557673,0.314248
5006,-0.130552,-0.066222,1.734847,-0.377976,-0.017244,-0.925655
5007,0.062523,-0.061007,1.745183,0.774339,0.629963,-0.059550
5008,0.062451,-0.067598,1.745207,0.760382,-0.647154,-0.054876
5009,-0.228927,-0.070962,1.638740,-0.486849,0.003357,0.873479
5010,-0.255670,-0.068335,1.765150,-0.960186,0.006239,-0.279290
5011,-0.252213,-0.065058,1.765657,0.715880,0.519177,-0.466874
5012,-0.252459,-0.071680,1.766353,0.672191,-0.655827,-0.343584
5013,-0.227329,-0.074303,1.635663,-0.225464,-0.616781,-0.754153
5014,-0.227426,-0.067651,1.635583,-0.243242,0.591599,-0.768663
5015,-0.057340,-0.066435,1.633520,-0.670076,0.732903,-0.117688
5016,-0.149887,-0.066294,1.653020,0.088686,0.551837,-0.829223
5017,-0.150047,-0.066237,1.657927,0.648645,0.102632,0.754139
5018,-0.154921,-0.066315,1.657353,-0.835915,0.547828,-0.033623
5019,0.053733,-0.081888,1.152880,-0.611088,0.063493,0.789012
5020,0.055548,-0.085427,1.150190,0.725314,-0.683695,-0.080506
5021,-0.053145,-0.068839,1.633187,0.792671,0.001920,-0.609647
5022,-0.045850,-0.070139,1.533833,0.040513,0.627193,0.777810
5023,0.045797,-0.071225,1.558793,-0.518665,0.007428,-0.854945
5024,-0.046318,-0.070643,1.528913,-0.717458,0.079192,-0.692086
5025,-0.044211,-0.074198,1.531670,-0.109826,-0.987656,0.111687
5026,-0.472890,-0.069591,1.740403,0.970416,0.060743,0.233673
5027,-0.476427,-0.066476,1.739460,-0.696441,0.597625,0.397260
5028,-0.476141,-0.073109,1.739997,-0.645530,-0.583567,0.492687
5029,-0.562778,-0.065705,1.827650,-0.834912,0.546275,-0.067128
5030,-0.560168,-0.068723,1.830317,0.659924,0.085272,0.746477
5031,-0.559953,-0.068982,1.825527,0.718692,0.007183,-0.695291
5032,-0.562347,-0.072335,1.828027,-0.756988,-0.653427,0.001369
5033,-0.642443,-0.068712,1.819257,0.001271,0.998868,-0.047551
5034,-0.644859,-0.072049,1.821717,-0.675485,-0.413789,0.610327
5035,-1.246927,-0.068507,1.870967,0.291949,0.894881,-0.337571
5036,-0.941160,-0.076982,1.648553,-0.656165,-0.041145,-0.753495
5037,-0.735781,-0.066232,2.038910,-0.505064,-0.007366,-0.863050
5038,-0.758086,-0.064774,1.934933,-0.876454,0.480977,0.022129
5039,-0.939894,-0.079839,1.652203,-0.085242,-0.661746,0.744866
5040,-0.936376,-0.077107,1.648990,0.926876,-0.062392,-0.370146
5041,-0.939685,-0.073649,1.651683,-0.036575,0.780777,0.623739
5042,-0.824206,-0.065552,2.026910,-0.890161,0.001556,0.455643
5043,-0.842601,-0.067186,1.862340,0.184687,0.582310,0.791711
5044,-0.845393,-0.070590,1.860563,-0.865383,-0.022145,-0.500621
5045,-0.842382,-0.073847,1.862257,0.223126,-0.588572,0.777044
5046,-0.840800,-0.070424,1.859370,0.512525,0.027561,-0.858230
5047,-0.950195,-0.073649,1.764927,-0.720840,0.027243,0.692566
5048,-0.949672,-0.071948,1.760527,-0.133108,0.450595,-0.882749
5049,-0.734306,-0.062887,2.042013,-0.218553,0.615633,0.757120
5050,-0.731165,-0.066184,2.040203,0.900127,0.007183,-0.435568
5051,-0.641385,-0.062252,2.021267,0.593035,0.330649,0.734153
5052,-0.646471,-0.062766,2.020157,-0.892386,0.450693,-0.022875
5053,-0.741788,-0.079965,1.536960,-0.092888,-0.588582,-0.803084
5054,-0.674715,-0.082647,1.449423,-0.816953,-0.567513,0.102552
5055,-0.544126,-0.075504,1.437630,0.787131,0.366431,0.496138
5056,-0.546303,-0.075660,1.432563,-0.029291,0.464610,-0.885031
5057,-0.549640,-0.075560,1.437783,-0.807341,0.487990,0.331763
5058,-0.211636,-0.058620,1.919450,-0.202039,0.963699,0.174541
5059,-0.225201,-0.059049,1.925910,0.351668,0.798868,-0.487996
5060,-0.204683,-0.059727,1.912183,-0.259048,0.561334,-0.786002
5061,0.026665,-0.064146,1.870577,-0.008034,-0.543932,0.839091
5062,0.024263,-0.061030,1.867953,-0.678854,-0.062727,-0.731589
5063,-0.033424,-0.051689,2.238237,-0.828661,0.552080,-0.092352
5064,-0.033092,-0.058330,2.238597,-0.769246,-0.638332,-0.028157
5065,-0.030607,-0.054995,2.236237,0.749845,0.001554,-0.661612
5066,-0.669083,-0.059566,2.337260,0.864089,-0.491625,0.107956
5067,0.210861,0.155003,3.014297,0.426375,0.826463,0.367646
5068,0.351962,0.247918,2.825707,0.857980,0.044878,0.511718
5069,0.263633,0.145921,2.827433,-0.592825,-0.805298,0.007343
5070,0.350974,0.246494,2.819327,0.668966,-0.226663,-0.707890
5071,0.446568,0.142414,2.835123,0.125030,-0.807814,0.576024
5072,0.213808,0.084476,3.000053,0.007462,0.999724,0.022265
5073,0.214505,0.154984,2.992327,0.583279,0.107507,0.805126
5074,0.212571,0.152664,3.005877,0.959225,-0.182103,-0.216163
5075,0.207046,0.152334,3.000197,-0.884550,-0.463662,-0.050875
5076,0.261764,0.253711,2.825097,-0.157130,0.791231,0.590986
5077,0.262610,0.252970,2.818807,0.026856,0.630035,-0.776102
5078,0.259934,0.250023,2.822040,-0.701512,-0.712582,-0.010369
5079,0.264639,0.149813,2.824457,0.056722,0.494701,-0.867210
5080,0.348590,0.245005,2.823453,-0.689917,-0.676396,0.257881
5081,0.349003,0.249658,2.822353,-0.621631,0.779446,-0.077714
5082,0.351950,0.653554,2.809550,-0.142104,0.339375,-0.929855
5083,0.204587,0.438034,2.913280,-0.488118,0.587125,-0.645775
5084,0.263366,0.652461,2.817103,-0.688639,0.350717,0.634644
5085,0.446991,0.442906,2.826257,0.045921,-0.851401,0.522501
5086,0.181365,0.561199,3.162250,0.023480,-0.950150,-0.310908
5087,0.184659,0.564853,3.163923,0.702672,0.242076,0.669068
5088,0.203208,0.462823,3.013707,0.039520,-0.775737,0.629818
5089,0.205724,0.461380,3.005303,0.364203,-0.457694,-0.811093
5090,0.249802,0.650341,2.810677,-0.315080,0.485811,0.815299
5091,0.348799,0.651411,2.814170,-0.945206,-0.207976,0.251656
5092,0.353037,0.655012,2.814837,0.300908,0.770159,0.562414
5093,0.055832,-0.056078,2.083063,0.753499,-0.021225,-0.657107
5094,0.051562,-0.053505,2.083930,-0.727505,0.674160,-0.127458
5095,0.055104,-0.055917,2.088070,0.339873,0.259575,0.903940
5096,0.157556,-0.060309,1.802300,0.184162,0.716380,-0.672966
5097,0.158458,-0.066828,1.801877,0.359215,-0.548384,-0.755143
5098,1.119240,-0.026178,2.733460,0.025461,0.999168,-0.031868
5099,0.052522,-0.059243,2.085217,-0.522751,-0.851096,-0.048648
5100,1.121393,-0.030443,2.736333,0.492845,-0.272182,0.826451
5101,1.116467,-0.030400,2.733723,-0.906039,-0.419397,0.056559
5102,1.059643,-0.028457,2.745847,0.577600,0.412393,0.704493
5103,1.453787,0.115853,2.833523,0.936505,0.277507,0.214353
5104,0.946248,0.149658,2.822280,-0.930112,0.329297,0.162650
5105,1.057283,-0.032639,2.745243,-0.744864,-0.626288,0.230089
5106,1.342813,0.137043,2.805070,-0.510886,-0.828277,-0.230112
5107,1.345993,0.139314,2.809050,-0.083697,0.465943,0.880847
5108,1.330453,0.141568,2.799033,-0.170866,-0.501178,0.848307
5109,1.215807,-0.036388,2.332300,0.693465,0.344246,0.632930
5110,1.150297,0.254590,2.789173,0.633701,0.750633,0.187010
5111,1.115680,-0.035881,2.636143,0.859555,-0.236513,0.453020
5112,0.887150,-0.047363,2.527203,-0.843646,-0.084042,0.530281
5113,0.467691,-0.013724,2.865407,0.339278,-0.117687,0.933295
5114,0.573500,-0.048555,2.552860,-0.716427,-0.144550,0.682523
5115,0.669011,-0.047867,2.569223,-0.941892,0.134319,-0.307891
5116,0.574382,-0.049348,2.547897,-0.248194,-0.320477,-0.914163
5117,0.578366,-0.049813,2.551980,0.846084,-0.482197,0.227218
5118,0.762947,0.253989,2.832597,0.764213,-0.642849,-0.052177
5119,0.577285,-0.041353,2.759950,0.934767,0.309924,-0.173661
5120,0.673282,-0.048269,2.567113,0.671922,0.167060,-0.721534
5121,0.734822,-0.048442,2.596867,0.828832,0.199606,0.522681
5122,0.731217,-0.052139,2.595517,-0.293012,-0.950576,0.102713
5123,0.645237,0.149549,2.845653,-0.837979,0.007469,0.545652
5124,0.442600,0.145787,2.832790,-0.907791,0.342880,0.241554
5125,0.444214,0.049957,2.828673,0.624406,-0.589903,0.511987
5126,0.464811,-0.016159,2.862527,-0.526634,-0.847662,0.064236
5127,0.445391,0.143564,2.829067,0.001955,-0.567277,-0.823525
5128,0.574056,-0.044779,2.761950,-0.178500,-0.474394,0.862025
5129,0.573315,-0.045359,2.756923,0.076622,-0.555540,-0.827952
5130,0.572247,-0.040881,2.759167,-0.719795,0.693692,0.026208
5131,0.469189,-0.014982,2.861083,0.567242,0.255188,-0.783017
5132,0.463966,-0.011561,2.863413,-0.353263,0.858293,-0.372208
5133,0.757386,0.140603,2.830720,0.572525,-0.038059,-0.819003
5134,0.758306,0.254122,2.831130,-0.855704,-0.298305,-0.422830
5135,0.755390,0.138083,2.834783,-0.516460,-0.831203,0.205842
5136,1.074643,0.354327,2.800563,-0.175266,0.630424,0.756206
5137,1.073077,0.349137,2.798407,-0.529274,-0.808704,0.256647
5138,1.077360,0.351543,2.797393,0.959957,-0.215257,-0.179294
5139,1.149660,0.443589,2.786100,0.023039,-0.735825,0.676780
5140,1.246057,0.446699,2.766810,-0.374682,0.522575,0.765851
5141,1.052610,0.740398,2.784647,0.118492,-0.381066,-0.916923
5142,1.379190,0.831286,2.824767,0.767946,-0.401285,0.499230
5143,1.373953,0.830380,2.823053,-0.748314,-0.663326,0.004964
5144,1.377527,0.833125,2.819763,0.287508,0.132102,-0.948624
5145,0.950694,0.148950,2.824850,0.698293,0.412767,0.584817
5146,0.942244,0.350707,2.815250,-0.876684,0.034024,-0.479861
5147,0.945201,0.352982,2.818307,0.682641,0.728122,-0.061969
5148,0.943169,0.350401,2.821837,-0.710792,-0.020804,0.703095
5149,1.244980,0.443547,2.762743,-0.540654,-0.812371,-0.218509
5150,1.249250,0.445456,2.763530,0.940069,-0.340650,0.015117
5151,1.083170,0.252269,2.795277,0.030927,-0.385781,-0.922072
5152,1.050680,0.744726,2.787097,-0.095347,0.995217,-0.021242
5153,1.148783,0.443036,2.779540,-0.137796,-0.837394,-0.528946
5154,1.146887,0.446067,2.782900,-0.705877,0.707486,0.034656
5155,1.210827,-0.035560,2.330487,-0.840276,0.541503,0.026672
5156,0.956669,0.048446,2.834283,0.555960,0.748017,-0.362462
5157,0.949448,0.251653,2.818360,0.803469,-0.485342,-0.344790
5158,0.947581,0.254873,2.821720,0.176053,0.596061,0.783401
5159,0.956992,0.446573,2.813583,-0.808579,-0.560842,0.177922
5160,1.025277,0.453078,2.800090,-0.155344,0.503512,-0.849908
5161,1.023503,0.449401,2.803517,-0.743855,-0.648250,0.162640
5162,1.013620,0.843994,2.828603,0.247000,-0.961242,0.122491
5163,1.082223,0.256537,2.797883,-0.438197,0.895546,0.077343
5164,1.030290,0.350466,2.801323,-0.094375,-0.082866,-0.992082
5165,1.009760,0.737218,2.799673,-0.954075,0.269942,0.129891
5166,0.854128,0.548683,2.827373,0.066106,-0.829624,0.554395
5167,0.853734,0.549087,2.820747,-0.005329,-0.756171,-0.654352
5168,0.851514,0.551318,2.824350,-0.742726,0.664223,0.084659
5169,1.027447,0.351367,2.806077,-0.910783,0.176596,0.373212
5170,1.032563,0.353561,2.805407,0.561174,0.807291,0.182658
5171,1.065853,0.446902,2.793957,-0.163956,-0.432623,-0.886541
5172,0.950158,0.546865,2.812823,0.663385,-0.748175,-0.012441
5173,1.003698,0.638573,2.800027,0.837737,-0.523198,-0.156401
5174,1.013357,0.848036,2.825467,0.159813,0.374174,-0.913484
5175,0.960523,0.448469,2.816217,0.844985,-0.093745,0.526510
5176,0.959540,0.447823,2.809717,0.655987,-0.218028,-0.722596
5177,0.957884,0.451247,2.812983,-0.462381,0.886496,-0.018111
5178,1.069313,0.450113,2.796443,0.846497,0.516728,-0.128202
5179,1.064863,0.555200,2.793777,0.816265,0.521460,-0.248578
5180,0.760430,0.256244,2.836100,-0.287329,0.228715,0.930124
5181,0.762046,0.258563,2.831193,0.166333,0.879198,-0.446480
5182,0.939278,-0.043685,2.017417,0.774833,0.060254,0.629288
5183,1.039060,-0.043679,2.013563,-0.872462,0.008711,-0.488605
5184,1.041937,-0.047041,2.015203,0.769292,-0.603005,-0.211129
5185,1.042067,-0.040378,2.015090,0.792078,0.565048,-0.230940
5186,1.040347,-0.043627,2.018103,-0.473618,0.024214,0.880398
5187,0.746289,-0.056268,1.737147,0.541631,0.083620,0.836447
5188,0.537833,-0.074689,1.356833,-0.791961,-0.592959,0.145597
5189,0.860241,-0.066239,1.434643,-0.169468,-0.617666,-0.767964
5190,0.860044,-0.059605,1.434690,-0.206066,0.617262,-0.759292
5191,0.636355,-0.066747,1.343707,-0.622434,0.363662,0.693056
5192,0.541571,-0.075638,1.145833,-0.761017,0.218269,0.610910
5193,0.547523,-0.075449,1.145693,0.773733,0.267113,0.574445
5194,0.449509,-0.073071,1.349307,-0.880734,0.187727,-0.434817
5195,0.546355,-0.070984,1.253343,0.230678,0.955304,0.184884
5196,0.642393,-0.066640,1.342997,0.786275,0.563145,0.254243
5197,0.548490,-0.075700,1.250720,0.817987,-0.352003,-0.454963
5198,0.545532,-0.075951,1.255707,-0.008639,-0.489064,0.872205
5199,0.452303,-0.071222,1.354740,-0.265742,0.593186,0.759942
5200,0.454269,-0.072236,1.350320,0.837663,0.212648,-0.503092
5201,0.539751,-0.071358,1.354070,0.570867,-0.000396,-0.821042
5202,0.549299,-0.065268,1.535210,0.699422,-0.013752,0.714576
5203,0.850581,-0.060243,1.646867,-0.119835,-0.579090,0.806408
5204,0.849950,-0.053705,1.646280,-0.241220,0.678725,0.693646
5205,1.244877,-0.042364,1.797610,-0.497830,0.836795,0.227903
5206,0.749195,-0.059072,1.656313,-0.533016,0.093581,0.840914
5207,0.645266,-0.063317,1.731160,-0.628885,-0.776721,0.034753
5208,0.644275,-0.056933,1.730733,-0.834487,0.548431,-0.053420
5209,0.549108,-0.065457,1.530500,0.675596,-0.074047,-0.733544
5210,0.546937,-0.061888,1.532693,-0.762158,0.647372,0.004952
5211,0.546517,-0.068526,1.532977,-0.837504,-0.543568,0.055861
5212,0.351238,-0.071981,1.427543,-0.959460,0.030579,0.280181
5213,0.249545,-0.068338,1.647817,-0.813352,-0.030516,-0.580972
5214,0.442705,-0.072906,1.463340,0.477811,-0.871357,0.111506
5215,0.439462,-0.069453,1.465470,-0.560922,0.234801,0.793874
5216,0.252283,-0.071550,1.650153,0.749907,-0.656277,-0.083305
5217,0.252664,-0.064960,1.649273,0.818124,0.522253,-0.240678
5218,1.012253,0.733263,2.800387,0.007008,-0.951821,0.306575
5219,1.061607,0.552371,2.791503,-0.240817,-0.846115,-0.475497
5220,1.053480,0.451217,2.801037,-0.144091,-0.504159,0.851505
5221,1.055553,0.455472,2.798577,0.116685,0.977855,0.173734
5222,1.041113,0.452846,2.795450,-0.263585,0.541675,-0.798192
5223,1.039747,0.449157,2.803397,0.413761,0.505869,0.756901
5224,0.951354,0.827791,2.808917,0.149346,0.717102,-0.680779
5225,1.003978,0.646909,2.804380,-0.010476,0.223680,0.974606
5226,0.901924,0.800328,2.795077,0.615068,0.139965,-0.775952
5227,0.903244,0.799608,2.801473,0.874971,-0.001848,0.484172
5228,1.006453,0.648634,2.794163,0.728031,-0.220703,-0.649046
5229,0.949249,0.821652,2.814403,-0.917049,-0.329521,0.224583
5230,1.020567,0.739726,2.790293,-0.377646,0.406297,-0.832050
5231,1.039703,0.736246,2.789890,-0.214505,-0.649109,-0.729825
5232,1.023060,0.735772,2.791007,0.290115,-0.937282,-0.193224
5233,1.042237,0.736589,2.794573,0.232347,-0.398566,0.887220
5234,1.013810,0.737994,2.801990,0.753656,0.542218,0.371487
5235,1.027150,0.740845,2.797293,0.019098,0.189145,0.981763
5236,0.997420,0.637669,2.800167,-0.996509,-0.009822,0.082902
5237,0.156431,0.560206,3.488453,-0.020306,0.959571,-0.280732
5238,0.151948,0.559068,3.497007,-0.999298,0.037445,-0.001203
5239,0.947239,0.548971,2.809630,-0.862202,-0.025728,-0.505910
5240,1.062837,0.553479,2.797867,0.002251,-0.627878,0.778309
5241,0.948104,0.549629,2.816183,-0.702415,0.095861,0.705282
5242,0.169279,0.675458,3.373200,-0.256751,-0.569749,0.780683
5243,0.944397,0.737176,2.804757,0.332074,0.472008,-0.816661
5244,0.940624,0.736895,2.808587,-0.975505,0.163243,0.147451
5245,0.945407,0.737619,2.810950,0.562154,0.573616,0.595774
5246,0.944329,0.733648,2.808217,0.125017,-0.990867,0.050534
5247,1.000175,0.647730,2.794303,-0.760694,0.320373,-0.564540
5248,1.006733,0.656970,2.798517,-0.140925,0.988107,0.061520
5249,0.175054,0.368586,3.365963,0.294326,-0.027213,-0.955318
5250,0.173388,0.678095,3.370917,0.932248,0.348641,0.096761
5251,0.167920,0.679865,3.370410,-0.555764,0.830316,-0.041248
5252,0.181398,0.529626,3.214887,-0.551846,-0.512209,-0.658110
5253,0.193778,0.481865,3.035297,-0.345894,0.692633,0.632942
5254,0.195111,0.476871,3.034460,0.158365,-0.861939,0.481645
5255,0.170775,0.368778,3.368680,-0.990491,-0.054324,0.126402
5256,0.181161,0.536160,3.216077,-0.595034,0.671095,-0.442229
5257,0.181299,0.532251,3.219003,-0.020742,-0.179876,0.983470
5258,1.052753,-0.050431,1.840550,-0.108952,-0.922331,-0.370723
5259,0.195166,0.556538,3.027067,0.799052,0.339291,-0.496384
5260,0.188805,0.556653,3.025500,-0.464826,0.361929,-0.808050
5261,0.191610,0.553035,3.027543,-0.073237,-0.971357,0.226058
5262,0.855894,-0.053009,1.853263,-0.726846,-0.444648,0.523434
5263,0.849023,-0.050983,1.755013,0.102685,0.576214,0.810822
5264,0.848933,-0.057645,1.754900,0.086738,-0.606074,0.790665
5265,1.130513,-0.047913,1.745187,0.812464,0.091531,-0.575781
5266,0.934901,-0.052728,1.835410,-0.820435,-0.557878,-0.125133
5267,0.860613,-0.053669,1.851033,0.940379,-0.268617,0.208646
5268,1.055457,-0.046740,1.841963,0.880456,0.110640,0.461037
5269,1.244303,-0.048574,1.798340,-0.674308,-0.738316,-0.014063
5270,0.745088,-0.059820,1.734163,0.242744,-0.622583,-0.743953
5271,1.053367,-0.044923,1.838057,-0.239552,0.495130,-0.835141
5272,0.857553,-0.049441,1.850377,0.157702,0.986604,0.041750
5273,0.857291,-0.052968,1.847017,-0.433605,-0.436220,-0.788478
5274,0.744355,-0.053238,1.733980,0.104429,0.618709,-0.778649
5275,0.741649,-0.056815,1.736090,-0.884678,-0.085761,0.458248
5276,1.155493,0.809048,2.779793,0.104249,-0.899940,0.423368
5277,1.153440,0.810891,2.773917,-0.320592,-0.518646,-0.792608
5278,1.311737,-0.030335,2.626007,0.468761,-0.746890,0.471612
5279,1.307037,-0.029101,2.623483,-0.968506,-0.222287,-0.112185
5280,1.310460,-0.025033,2.626523,-0.135705,0.766648,0.627562
5281,0.952168,0.047959,2.835777,-0.869457,0.473308,0.141510
5282,0.859775,-0.027675,2.761717,0.285610,0.957930,-0.028236
5283,0.857139,-0.031498,2.763967,-0.794042,-0.199588,0.574162
5284,0.862162,-0.033020,2.763160,0.853399,-0.375887,0.361136
5285,1.449317,0.116172,2.835593,-0.783659,0.590683,0.192281
5286,1.451347,0.113851,2.829730,-0.405669,0.157626,-0.900326
5287,1.330780,0.140729,2.794400,-0.182554,-0.801510,-0.569434
5288,1.057153,-0.026910,2.741997,-0.770274,0.493099,-0.404390
5289,0.211111,0.437260,2.914083,0.750313,0.440268,-0.493147
5290,0.356896,0.552276,2.815050,0.716170,-0.050653,-0.696085
5291,0.356973,0.551259,2.821243,0.683357,-0.030589,0.729443
5292,-0.593262,-0.056074,2.299223,-0.254641,0.006622,-0.967013
5293,-0.592434,-0.059428,2.302560,-0.409214,-0.614019,0.674926
5294,-1.717907,-0.027770,4.567430,0.849132,-0.068613,0.523705
5295,-0.785059,-0.024445,4.582233,-0.713324,-0.253554,-0.653360
5296,-1.028460,-0.017706,4.596877,0.973733,-0.192191,0.122095
5297,-1.663743,-0.033315,4.533993,-0.055664,0.801009,-0.596059
5298,-1.721607,-0.030389,4.564507,-0.452126,-0.889479,-0.066400
5299,-1.748270,0.149947,4.583217,-0.235178,0.860329,-0.452245
5300,-1.946303,0.058933,4.569137,-0.615314,-0.748087,-0.248502
5301,-1.942183,0.061622,4.566787,0.875184,-0.055626,-0.480582
5302,-1.944100,0.061171,4.572890,0.511114,-0.032486,0.858899
5303,-1.945983,0.063967,4.569137,-0.592059,0.795803,-0.127132
5304,-1.760947,0.244510,4.578833,-0.597848,0.136060,-0.789978
5305,-1.649487,0.048956,4.578610,0.301125,-0.051167,-0.952211
5306,-1.852650,0.241363,4.578603,0.744907,0.666043,0.038717
5307,-1.848607,0.140005,4.583380,-0.088204,-0.830524,0.549954
5308,-1.560183,0.061091,4.594553,-0.539159,0.493951,0.682143
5309,-1.555977,0.057754,4.593957,0.820401,-0.402946,0.405680
5310,-1.146703,0.140363,4.618543,-0.161097,-0.272954,-0.948443
5311,-1.148443,0.138442,4.623920,-0.719832,-0.514884,0.465549
5312,-1.658690,0.152043,4.589553,-0.769406,-0.638747,-0.003975
5313,-2.050180,0.456079,4.551710,-0.032384,0.872030,-0.488380
5314,-2.052547,0.453137,4.554623,-0.673670,-0.730306,-0.113229
5315,-2.050433,0.455288,4.558323,-0.077988,0.732427,0.676364
5316,-2.047840,0.453435,4.554843,0.753710,-0.655335,-0.049577
5317,-1.651583,0.045971,4.582890,-0.336705,-0.906855,0.253464
5318,-1.647540,0.049730,4.583967,0.836969,0.161745,0.522801
5319,-2.049983,0.949661,4.550460,-0.758209,-0.069507,0.648296
5320,-2.047800,0.952184,4.547007,0.619469,0.784137,-0.037257
5321,-1.758823,0.241912,4.582217,0.694200,-0.719553,0.018147
5322,-1.849310,0.052946,4.574450,-0.412463,-0.884072,0.219751
5323,-1.846753,0.055686,4.571493,0.512899,0.108359,-0.851583
5324,-1.849257,0.057749,4.575093,-0.678287,0.729324,0.089520
5325,-2.681630,0.856715,4.498293,0.972769,-0.144541,0.181186
5326,-2.356493,1.052057,4.517560,0.504818,-0.849080,0.155633
5327,-2.142420,0.061961,4.561510,-0.044578,0.689192,0.723206
5328,-2.349757,0.062402,4.541833,-0.178204,0.289660,0.940394
5329,-2.145720,0.252329,4.553103,-0.812742,-0.553202,-0.182807
5330,-2.143140,0.253473,4.556970,0.738805,-0.280303,0.612860
5331,-2.142590,0.254814,4.550467,0.836738,-0.041493,-0.546030
5332,-2.144830,0.256898,4.554120,-0.551099,0.825241,0.123559
5333,-1.857337,0.241609,4.578070,-0.672345,0.730131,-0.121909
5334,-1.521270,0.749263,4.605230,-0.049518,0.801493,0.595951
5335,-2.551100,1.940307,4.475433,0.576785,-0.076174,-0.813337
5336,-2.550117,1.942483,4.481053,0.736792,0.115831,0.666124
5337,-2.253810,0.346514,4.546047,0.053894,-0.687079,0.724581
5338,-2.256180,0.348565,4.542373,-0.791675,0.601810,-0.105241
5339,-2.043137,0.053201,4.560373,0.732110,-0.670916,-0.117846
5340,-2.139740,0.059708,4.558060,0.737537,-0.674286,-0.037108
5341,-2.141977,0.062805,4.554970,0.040332,0.850651,-0.524182
5342,-1.854737,0.238870,4.575177,0.016245,-0.845982,-0.532963
5343,-2.349210,0.064860,4.536600,0.180989,0.858954,-0.478999
5344,-2.248630,0.054648,4.551200,0.799433,-0.586460,-0.130274
5345,-2.444520,0.161380,4.535270,-0.671605,-0.719776,-0.175694
5346,-2.440977,0.163121,4.538777,0.392020,-0.116801,0.912512
5347,-2.443563,0.166336,4.535493,-0.353615,0.929578,-0.104119
5348,-2.061717,0.148036,4.564227,-0.836005,0.543990,-0.071904
5349,-2.051157,0.249168,4.557553,0.752513,0.657316,-0.040742
5350,-2.057070,0.148989,4.564427,0.584441,0.811377,-0.009795
5351,-1.850940,0.370516,4.570803,0.383113,0.900357,0.206353
5352,-2.053673,0.246393,4.554397,0.002403,-0.827341,-0.561695
5353,-1.939120,0.148431,4.569980,0.821540,-0.101360,-0.561068
5354,-1.939333,0.148774,4.576630,0.783289,-0.040480,0.620338
5355,-1.941877,0.146427,4.573330,-0.754783,-0.655904,0.009617
5356,-2.645730,0.360110,4.510023,0.750285,0.614814,0.243054
5357,-1.653960,0.151639,4.589507,0.679137,-0.733793,-0.017879
5358,-1.850333,0.142983,4.580137,-0.673163,0.739490,0.002470
5359,-1.422827,-0.031320,4.575777,-0.003224,-0.914994,-0.403455
5360,-1.424950,-0.027385,4.577700,-0.930994,0.297028,0.212188
5361,-1.656233,0.154398,4.586243,0.063091,0.805989,-0.588558
5362,-1.748673,0.145561,4.585063,-0.668956,-0.741290,-0.054648
5363,-1.746540,0.147991,4.588577,0.204066,0.363856,0.908827
5364,-1.744107,0.146147,4.583803,0.894526,-0.240808,-0.376610
5365,-2.359133,0.257060,4.537457,0.075933,0.429929,-0.899664
5366,-2.358013,0.258956,4.543133,0.020883,0.841434,0.539956
5367,-2.144263,0.150508,4.556970,0.958350,-0.015129,-0.285194
5368,-2.444143,0.259601,4.531150,-0.595945,0.801345,0.051915
5369,-2.361993,0.254936,4.540877,-0.910381,-0.303689,0.281031
5370,-2.357190,0.254646,4.541143,0.674432,-0.729990,0.110708
5371,-1.645640,0.348730,4.585067,-0.466243,-0.883306,0.048866
5372,-1.656177,0.154288,4.592897,0.073262,0.786216,0.613593
5373,-1.452560,0.067438,4.602643,-0.500832,-0.596735,0.626957
5374,-1.459680,0.080621,4.602717,-0.986102,0.104307,0.129318
5375,-1.436970,0.242557,4.603470,0.971309,-0.166128,0.170180
5376,-1.159173,0.051598,4.612247,-0.898603,0.152619,-0.411363
5377,-1.155970,0.048361,4.613970,0.660630,-0.647009,-0.380720
5378,-1.048423,0.041368,4.612487,0.345094,-0.459128,-0.818604
5379,-1.047610,0.040054,4.618837,0.509009,-0.724780,0.464332
5380,-1.032903,-0.023765,4.592827,-0.736008,-0.555973,0.386247
5381,-1.031467,-0.014910,4.584913,-0.595789,0.700046,-0.393664
5382,-1.028493,-0.019143,4.584487,0.990068,-0.097254,-0.101527
5383,-1.091840,-0.004363,4.597893,0.191629,-0.963760,0.185596
5384,-0.833010,0.336538,4.635423,0.816436,-0.081694,-0.571628
5385,-0.836065,0.339628,4.637997,-0.624843,0.759328,-0.181638
5386,-0.662712,0.633791,4.644440,-0.887777,0.204565,-0.412316
5387,-0.657470,0.634598,4.644250,0.692368,0.715877,-0.090264
5388,-0.554040,0.541921,4.659720,0.139552,-0.809192,0.570731
5389,-0.553646,0.542508,4.653143,0.214673,-0.697405,-0.683770
5390,-0.551967,0.545396,4.656827,0.596035,0.795827,0.106780
5391,-0.744722,0.754012,4.661913,0.763413,-0.644391,-0.044280
5392,-0.746881,0.757061,4.658873,0.018897,0.905993,-0.422870
5393,-0.747681,0.755670,4.665333,-0.126221,0.654082,0.745818
5394,-0.554630,0.761010,4.673483,-0.865771,-0.500005,0.020862
5395,-0.551444,0.763060,4.676733,0.162820,0.728047,0.665911
5396,-0.551821,0.763437,4.670143,0.091034,0.799599,-0.593594
5397,-0.549901,0.760239,4.673170,0.595652,-0.799279,-0.079700
5398,-0.845175,0.649142,4.629117,0.800724,0.064693,-0.595529
5399,-0.848119,0.646511,4.631917,-0.712911,-0.686961,-0.140864
5400,-0.458105,0.459041,4.664653,-0.653132,0.105448,0.749866
5401,-0.540004,0.659252,4.651923,-0.897552,-0.417979,0.140331
5402,-0.445576,0.572016,4.661887,0.711748,-0.563792,0.418990
5403,-0.448094,0.573264,4.657487,-0.162137,-0.199417,-0.966408
5404,-0.447768,0.576527,4.661323,0.205067,0.966127,0.156674
5405,-0.665154,0.328146,4.646217,-0.187306,-0.667693,-0.720487
5406,-0.352624,0.468569,4.671140,-0.953073,-0.298846,0.048402
5407,-0.662416,0.329301,4.650057,0.910790,0.382303,0.155905
5408,-0.845482,0.648125,4.635637,0.742112,-0.130755,0.657399
5409,-0.762069,0.623894,4.637507,0.408426,-0.696760,-0.589672
5410,-0.762891,0.623465,4.644103,0.262913,-0.772880,0.577524
5411,-0.942223,0.747419,4.644040,-0.483441,0.774756,0.407478
5412,-0.862055,1.051157,4.653173,-0.371765,-0.666301,0.646401
5413,-0.909717,0.878105,4.649670,0.350400,-0.835391,0.423486
5414,-0.913753,0.881125,4.648857,-0.996186,-0.054640,-0.068024
5415,-1.562890,1.059057,4.589870,0.211559,0.607407,0.765702
5416,-0.457810,0.458340,4.658897,-0.585824,-0.021665,-0.810149
5417,-0.442046,0.253171,4.662827,0.682464,-0.044769,-0.729547
5418,-0.441365,0.253480,4.669337,0.819163,0.016858,0.573313
5419,-0.444571,0.250715,4.666507,-0.618405,-0.779236,0.101820
5420,-0.349044,0.523755,4.675613,0.128395,-0.700975,0.701533
5421,-0.352002,0.525520,4.672057,-0.868620,0.491504,-0.062628
5422,-0.537627,0.660924,4.648193,0.612276,-0.211551,-0.761816
5423,-0.250413,0.370301,4.678730,0.780665,-0.584591,-0.220944
5424,-0.255750,0.371297,4.677250,-0.696785,-0.192755,-0.690895
5425,-0.252008,0.375696,4.678833,0.252544,0.923481,-0.288800
5426,-0.136806,0.197816,4.691947,-0.032185,0.897973,0.438872
5427,-0.138017,0.193389,4.690353,-0.799375,-0.598830,0.049022
5428,-0.560713,0.351464,4.651970,0.832689,0.495915,-0.246370
5429,0.106049,0.641546,4.646097,0.272197,0.524817,0.806521
5430,1.631263,2.053187,4.853937,0.238522,-0.689641,-0.683742
5431,0.970344,2.373980,4.718500,0.163082,-0.905204,0.392441
5432,2.067700,2.256547,4.712877,-0.254607,0.083634,-0.963421
5433,1.628397,2.054730,4.857440,-0.904880,0.422375,0.052841
5434,1.945047,1.957953,4.793533,0.936361,0.318952,-0.146622
5435,1.941547,1.955943,4.797433,-0.061155,-0.254477,0.965143
5436,1.723320,1.841503,4.829200,-0.557212,-0.803011,-0.211397
5437,1.462637,2.346520,4.811703,0.997547,0.053493,0.045145
5438,1.307783,2.260607,4.680557,0.383810,0.430106,-0.817128
5439,1.549833,1.953743,4.851547,-0.280834,0.815015,-0.506835
5440,1.549583,1.949357,4.853443,-0.713092,-0.691040,0.118169
5441,1.537450,2.136507,4.850713,-0.722310,-0.688340,-0.066763
5442,1.540477,2.138760,4.847653,0.850529,-0.068562,-0.521439
5443,1.537833,2.141237,4.850717,-0.639578,0.765641,-0.068805
5444,1.632917,2.056290,4.857443,0.519968,0.852732,0.049817
5445,1.631423,2.052703,4.860540,0.269024,-0.780686,0.564052
5446,1.554090,2.052003,4.850387,0.725344,0.553643,0.409090
5447,0.105642,0.636756,4.643923,0.166995,-0.968870,0.182767
5448,1.858633,2.125640,4.778770,-0.081605,-0.957659,-0.276099
5449,1.857950,2.128847,4.782993,0.041512,0.113369,0.992685
5450,1.856757,2.130297,4.778317,-0.738620,0.473962,-0.479375
5451,1.853097,1.955230,4.775683,0.689919,0.685384,0.232939
5452,1.726620,1.844357,4.826903,0.486332,0.357686,-0.797209
5453,1.742260,1.660227,4.825727,0.972450,0.081526,0.218393
5454,1.738117,1.658480,4.824263,-0.393832,-0.915274,-0.084672
5455,1.454640,1.943170,4.846427,-0.403703,-0.327614,-0.854220
5456,1.725923,2.064973,4.819817,0.355662,-0.671779,-0.649782
5457,1.846970,2.693013,4.693283,0.598822,-0.387232,0.701045
5458,1.921757,2.059707,4.795903,-0.817722,-0.360852,0.448460
5459,1.922997,2.060017,4.789383,-0.590138,-0.304188,-0.747801
5460,1.923637,2.063107,4.793037,0.313736,0.943738,0.104539
5461,1.857473,2.250117,4.743817,0.862809,-0.417248,0.285421
5462,2.001130,2.430793,4.861703,-0.733466,-0.233956,0.638194
5463,2.059090,2.187533,4.753587,0.956815,0.268152,0.112248
5464,1.696197,2.227960,4.828700,-0.932648,-0.326097,0.154364
5465,1.989923,2.246400,4.663177,-0.375542,0.853275,0.361787
5466,2.005670,2.429060,4.859147,0.733094,-0.676275,0.072292
5467,2.053897,2.189710,4.752257,-0.449946,0.857759,-0.248592
5468,2.055563,2.184670,4.750090,-0.008408,-0.535909,-0.844234
5469,2.054740,2.185617,4.754847,-0.398740,-0.470308,0.787285
5470,1.762023,2.229980,4.652567,-0.233474,0.929591,0.285220
5471,1.765000,2.225167,4.654887,0.483494,-0.231114,0.844287
5472,1.765663,2.226940,4.649650,0.698454,0.089718,-0.710009
5473,1.761583,2.225333,4.651547,-0.741109,-0.601791,-0.297666
5474,1.732520,2.141107,4.823563,0.453136,-0.793606,0.406027
5475,1.848947,1.955220,4.773317,-0.744355,0.416388,-0.522070
5476,1.753130,1.941467,4.780493,0.963664,-0.049721,-0.262448
5477,1.743183,1.663927,4.810483,-0.292647,0.918110,-0.267267
5478,1.748857,1.944610,4.780313,-0.342008,0.888154,-0.306941
5479,1.749900,1.941677,4.784700,-0.137050,-0.130086,0.981985
5480,1.847593,2.695000,4.687437,0.744918,0.076826,-0.662717
5481,1.039507,2.373980,4.745063,0.235080,0.536475,-0.810514
5482,1.036640,2.373987,4.749823,-0.640603,0.537618,0.548266
5483,1.041517,2.371653,4.749693,0.843891,-0.171202,0.508466
5484,1.037397,2.369450,4.747040,-0.422998,-0.869940,-0.253528
5485,1.648477,2.667087,4.820383,-0.787584,0.615374,0.032044
5486,1.174113,2.711643,4.772533,0.430477,0.668222,-0.606769
5487,1.679620,2.249463,4.676773,0.759217,-0.567842,0.318033
5488,1.855717,2.252543,4.739903,-0.137503,0.184596,-0.973148
5489,1.852650,2.249230,4.744330,-0.827075,-0.561620,0.023006
5490,1.854800,2.254100,4.744950,-0.092999,0.826946,0.554537
5491,1.638277,2.142257,4.852913,-0.619148,0.751277,0.228557
5492,1.729357,2.185033,4.537023,0.251128,-0.967522,-0.028926
5493,1.741600,2.404280,4.789493,0.530126,-0.408248,-0.743169
5494,1.640887,2.139083,4.855370,0.091872,-0.809647,0.579682
5495,1.639157,2.139583,4.849040,-0.246249,-0.711788,-0.657814
5496,1.642870,2.141857,4.851627,0.824047,0.536199,-0.182860
5497,1.675050,2.249660,4.673757,-0.723184,-0.585258,-0.366714
5498,1.975647,2.230450,4.801953,0.061346,-0.707018,-0.704529
5499,1.641077,1.845597,4.863177,0.593435,0.788277,0.162647
5500,1.639487,1.842630,4.859293,0.240477,-0.593808,-0.767830
5501,1.748240,1.661860,4.809303,0.919156,-0.050628,0.390627
5502,1.739627,1.495817,4.817270,-0.715560,0.489220,-0.498635
5503,1.744880,1.493570,4.816550,0.710205,-0.120032,-0.693687
5504,1.741220,1.491393,4.819667,-0.317746,-0.866417,0.385175
5505,1.751987,1.482310,4.778190,-0.996471,-0.030838,0.078067
5506,1.755870,1.485737,4.777260,0.335950,0.754381,-0.563957
5507,1.928533,1.577633,4.803240,0.261287,-0.679925,0.685151
5508,1.953090,1.545977,4.811427,-0.368840,-0.008043,0.929458
5509,1.951947,1.547383,4.806783,-0.394908,0.636865,-0.662156
5510,1.457667,2.148560,4.840883,0.782417,-0.057886,-0.620058
5511,1.454680,2.146103,4.844240,-0.596194,-0.801947,0.037866
5512,1.457413,2.149057,4.847413,0.731699,0.040169,0.680444
5513,1.290483,2.264760,4.677933,0.188454,0.535339,-0.823345
5514,1.449027,2.062903,4.844810,0.789879,-0.604762,-0.101756
5515,1.445727,2.064737,4.848507,-0.552447,-0.191653,0.811216
5516,1.447450,2.067603,4.844847,0.387822,0.915411,-0.107784
5517,2.191067,2.226347,4.671940,0.049531,-0.928765,-0.367345
5518,2.188640,2.228860,4.675580,-0.167603,0.122121,0.978262
5519,2.193777,2.230600,4.671873,0.849797,0.467303,0.243870
5520,1.367263,2.241677,4.821087,0.844563,0.517419,0.137812
5521,1.781787,2.339033,4.683367,-0.711515,0.185946,0.677621
5522,1.352727,2.287987,4.763520,-0.932092,-0.333808,-0.140628
5523,1.730213,2.190003,4.534670,0.489789,0.472230,-0.732875
5524,1.729617,2.189683,4.540193,0.325740,0.358168,0.874991
5525,1.252500,2.225260,4.809883,0.044645,0.511276,-0.858256
5526,1.253810,2.412247,4.799973,0.540623,0.266350,-0.797987
5527,1.055563,2.419570,4.794577,-0.599018,0.475630,0.644169
5528,1.055980,2.415950,4.790893,0.210223,-0.968446,0.133862
5529,1.549467,2.052643,4.848787,-0.762188,0.557699,-0.328696
5530,1.202783,2.700063,4.755450,0.691680,-0.134341,-0.709599
5531,1.184297,2.707750,4.781930,0.112527,0.216877,0.969692
5532,1.069023,2.425920,4.798117,-0.333400,0.856463,0.394102
5533,1.246453,2.359483,4.783063,0.321327,0.525442,-0.787819
5534,1.247000,2.358830,4.788577,0.479228,0.336362,0.810680
5535,1.022993,2.578790,4.746233,-0.061351,0.340075,-0.938395
5536,1.023453,2.579827,4.751127,0.672307,0.394476,0.626413
5537,1.775717,2.665520,4.767743,-0.429553,0.180879,0.884741
5538,1.775303,2.665847,4.762967,0.163832,0.703614,-0.691438
5539,1.148127,2.143983,4.827837,-0.799263,-0.157592,0.579951
5540,1.148690,2.144157,4.821297,-0.687357,-0.123006,-0.715828
5541,1.151637,2.142080,4.824793,0.774817,-0.630202,0.050037
5542,1.435993,2.245463,4.842057,-0.869870,0.128987,0.476117
5543,1.555440,2.239867,4.845513,0.199778,-0.977576,0.066589
5544,1.339740,2.306463,4.661687,-0.781195,0.255036,-0.569817
5545,1.340363,2.302953,4.667027,-0.647569,-0.498394,0.576418
5546,1.342720,2.307260,4.665723,0.533696,0.733938,0.420122
5547,1.255373,2.131690,4.822140,0.733206,-0.667321,0.130734
5548,1.252993,2.133890,4.818353,-0.634556,-0.105318,-0.765667
5549,1.351607,2.148973,4.826730,-0.957748,0.282636,-0.053244
5550,1.276777,2.257583,4.672007,0.153990,0.297147,-0.942333
5551,1.434717,2.341250,4.801420,0.190863,-0.941964,0.276180
5552,1.433493,2.346497,4.801863,-0.385826,0.693580,0.608346
5553,1.278503,2.253057,4.675377,0.221709,-0.955975,0.192243
5554,1.357270,2.287487,4.761450,0.635140,-0.075221,-0.768725
5555,1.253823,2.226413,4.815897,0.348968,0.776625,0.524476
5556,1.700353,2.231050,4.832720,-0.108491,0.287409,0.951644
5557,1.356530,2.287330,4.766727,0.320950,-0.475242,0.819229
5558,1.355053,2.292167,4.765033,0.130729,0.990268,0.047735
5559,1.458660,2.344627,4.814337,-0.437622,-0.750754,0.494828
5560,1.458487,2.349440,4.812463,-0.260725,0.926238,0.272225
5561,1.249417,2.223793,4.814107,-0.952183,-0.183019,0.244646
5562,1.253990,2.222213,4.813403,0.492637,-0.868292,0.058122
5563,1.390267,2.346530,4.742260,-0.171799,-0.418971,-0.891599
5564,1.440317,2.347637,4.794693,0.337580,0.157133,-0.928089
5565,1.188470,2.696557,4.778707,-0.615669,-0.735649,-0.282441
5566,1.192023,2.697553,4.782337,0.218560,0.026417,0.975466
5567,1.495367,2.655410,4.787990,0.919186,0.393434,0.017526
5568,1.369873,2.616187,4.815617,0.279422,-0.742644,-0.608607
5569,1.173380,2.708533,4.781940,-0.093795,0.109307,0.989573
5570,1.056590,2.728260,4.792563,-0.720504,0.233569,-0.652932
5571,0.951967,2.266773,4.661317,-0.159005,-0.856084,0.491771
5572,0.953933,2.268170,4.657037,0.833415,0.148960,-0.532193
5573,0.951713,2.271587,4.662267,0.416904,0.790102,0.449365
5574,0.949542,2.269740,4.658350,-0.912194,0.032544,-0.408464
5575,0.896738,2.545333,4.703063,-0.498377,0.413379,-0.762062
5576,0.898281,2.540123,4.705070,-0.153671,-0.981508,-0.114135
5577,0.982539,2.579870,4.707833,0.208071,-0.837043,-0.506030
5578,0.748369,2.612330,4.663660,-0.665656,0.314446,0.676776
5579,1.067687,1.553593,4.825343,0.904073,-0.207350,0.373709
5580,0.790232,2.444577,4.658913,-0.160169,0.738716,-0.654710
5581,0.850384,2.565253,4.682740,-0.756730,-0.515232,0.402363
5582,0.753308,2.612053,4.661957,0.849923,0.525998,-0.030938
5583,0.929191,2.206500,4.739693,-0.136705,-0.988091,-0.070619
5584,1.437163,2.244757,4.835593,-0.645134,-0.006325,-0.764044
5585,1.556313,2.243787,4.848173,0.597002,0.681475,0.423298
5586,1.355167,2.145177,4.825477,0.224708,-0.633425,-0.740458
5587,1.354927,2.145370,4.830820,-0.237930,-0.498317,0.833708
5588,1.356160,2.149030,4.828063,0.730791,0.682553,0.008128
5589,1.566030,2.436957,4.839263,-0.703472,0.693638,0.154898
5590,1.261023,2.071900,4.820980,0.296065,0.802143,0.518567
5591,1.261790,2.067713,4.818600,0.497728,-0.863280,0.083755
5592,1.598117,2.286927,4.745973,0.692005,0.337289,-0.638252
5593,1.452263,2.342967,4.800873,0.513534,-0.295095,-0.805731
5594,1.554397,2.242973,4.841983,0.208995,0.516794,-0.830208
5595,1.784710,2.336650,4.680527,-0.094925,-0.776529,-0.622890
5596,1.807817,2.386327,4.753353,0.923232,-0.293105,-0.248458
5597,1.788000,2.338100,4.683583,0.686640,-0.023625,0.726614
5598,1.571127,2.435773,4.840250,0.844949,0.305392,0.439087
5599,1.733750,2.417187,4.808780,0.187916,-0.827758,0.528682
5600,1.738533,2.406860,4.798797,0.667170,-0.010616,0.744830
5601,1.731067,2.246203,4.764390,-0.226872,-0.766406,0.600958
5602,1.387957,2.346773,4.746443,-0.378777,-0.384689,0.841749
5603,1.394127,2.348010,4.744673,0.863858,-0.136306,0.484943
5604,1.678597,2.253560,4.672253,0.515763,0.405054,-0.754931
5605,1.734450,2.406770,4.795933,-0.816745,-0.565972,-0.112269
5606,1.649950,2.235077,4.843230,-0.514218,-0.829439,-0.218198
5607,1.676533,2.253307,4.676727,-0.409819,0.627782,0.661769
5608,1.724803,2.637323,4.810553,0.926594,-0.163072,-0.338866
5609,1.143100,2.419860,4.811163,-0.686040,-0.226768,0.691322
5610,1.147600,2.417590,4.811697,0.952673,0.295679,0.070625
5611,1.350947,2.052850,4.834800,-0.911179,0.097917,0.400205
5612,1.353913,2.050247,4.832080,0.576465,-0.806263,0.132772
5613,1.166750,2.713423,4.776173,-0.812321,0.552457,0.186887
5614,1.171267,2.707390,4.772733,-0.376634,-0.861464,-0.340626
5615,1.202310,2.704137,4.765127,0.683113,0.699384,0.210284
5616,1.146653,2.653897,4.816617,0.981543,0.176645,0.073280
5617,1.200337,2.697693,4.774907,0.834022,-0.032367,0.550781
5618,1.177897,2.702500,4.778500,-0.358484,-0.886861,-0.291491
5619,1.254337,2.686630,4.766363,-0.424557,0.688028,0.588532
5620,1.252177,2.683140,4.761383,-0.882649,-0.051730,-0.467178
5621,1.256747,2.685487,4.761937,0.777079,0.304820,-0.550665
5622,1.255290,2.681893,4.765087,0.374502,-0.827813,0.417700
5623,1.488407,2.649617,4.777573,-0.784697,-0.536671,0.310217
5624,1.653013,2.419633,4.837523,0.160109,-0.217538,-0.962830
5625,1.655093,2.422037,4.842070,0.707780,0.639241,0.300697
5626,1.650307,2.420727,4.841570,-0.903423,0.369069,0.218209
5627,1.367303,2.617703,4.819783,-0.739882,-0.304300,0.599980
5628,1.249823,2.402730,4.805890,0.199998,-0.542108,0.816162
5629,1.244753,2.411123,4.805257,-0.964524,0.178663,0.194353
5630,1.248743,2.403883,4.799470,-0.255333,-0.225184,-0.940264
5631,1.141350,2.429163,4.802970,-0.096765,-0.405394,-0.909006
5632,1.073530,2.419883,4.790917,0.555438,0.072861,-0.828360
5633,1.700913,2.227820,4.829280,0.736199,-0.610576,-0.291904
5634,1.554893,2.358577,4.807930,0.591126,-0.785738,0.182169
5635,1.446890,2.351133,4.802077,-0.159500,0.899808,0.406085
5636,1.732853,2.247627,4.759307,0.452800,-0.377719,-0.807651
5637,1.551630,2.242703,4.846320,-0.955663,0.013301,0.294163
5638,1.756997,2.370313,4.754750,0.872500,-0.137830,-0.468771
5639,1.727303,2.066863,4.824083,0.719306,-0.027302,0.694156
5640,1.675177,2.292890,4.773690,-0.946165,0.309483,0.094826
5641,1.567317,2.431897,4.840307,-0.276060,-0.893337,0.354598
5642,1.699207,2.232010,4.827820,0.104366,0.733449,-0.671685
5643,1.678180,2.290453,4.776393,0.357071,-0.711105,0.605665
5644,1.677797,2.291193,4.770153,0.271707,-0.545058,-0.793150
5645,1.679397,2.295003,4.773683,0.596837,0.800246,0.058236
5646,2.067303,2.253210,4.716560,-0.286723,-0.862273,0.417462
5647,2.066843,2.258913,4.717177,-0.391155,0.702641,0.594385
5648,1.438973,2.242297,4.839567,0.536017,-0.823227,0.187038
5649,1.452983,1.946170,4.851350,-0.820033,0.425214,0.383066
5650,1.246873,1.853223,4.831240,0.711178,-0.702890,-0.013072
5651,1.246283,1.857457,4.829193,0.116350,0.835039,-0.537748
5652,1.242213,1.853317,4.830377,-0.882789,-0.298433,-0.362795
5653,0.938024,2.159550,4.742367,-0.752270,-0.658584,0.018911
5654,0.562239,2.440507,4.681043,-0.154467,0.304639,0.939859
5655,1.067477,1.848467,4.816803,0.651635,0.490418,0.578672
5656,1.071220,2.417030,4.795163,-0.201528,-0.900796,0.384646
5657,0.896971,2.544677,4.708397,-0.426191,0.212459,0.879331
5658,0.901196,2.544357,4.705460,0.959568,0.281384,-0.007276
5659,0.855725,2.564550,4.680727,0.697544,-0.706050,-0.122169
5660,0.845089,2.361260,4.692633,-0.263007,0.683292,-0.681130
5661,0.945527,2.048640,4.739307,-0.882423,-0.165989,0.440202
5662,0.657569,1.556663,4.653347,-0.155981,0.936156,-0.315091
5663,0.565075,2.239683,4.642353,-0.480999,0.473866,0.737625
5664,0.751523,2.607163,4.662473,0.084832,-0.914933,0.394590
5665,0.748429,1.960110,4.719993,-0.843977,-0.432671,0.317014
5666,1.128100,2.364573,4.760867,-0.002075,-0.817639,-0.575728
5667,0.772562,2.445010,4.657773,-0.433633,0.809780,0.395246
5668,0.996066,2.402210,4.739917,0.850283,0.145386,0.505848
5669,0.848092,2.364310,4.706173,0.883120,-0.057964,0.465553
5670,0.798518,2.448887,4.672390,-0.742436,-0.430390,0.513374
5671,0.803553,2.448640,4.670880,0.907519,-0.187366,0.375903
5672,0.752218,2.358450,4.654217,-0.873408,0.121435,-0.471605
5673,0.785316,2.443487,4.666310,-0.252755,0.232279,0.939234
5674,0.844246,2.271897,4.582323,0.897512,0.214874,-0.385099
5675,0.843182,2.362447,4.706200,-0.647301,-0.707303,0.284119
5676,0.849206,2.357820,4.693450,0.988017,-0.151966,-0.026988
5677,0.851653,2.223440,4.720630,-0.224422,-0.974481,0.004720
5678,0.978139,2.383833,4.731013,0.225435,-0.799333,0.556997
5679,0.846305,2.230223,4.711030,-0.562229,-0.710603,-0.423016
5680,0.633964,2.372233,4.671263,0.232856,-0.908420,0.347205
5681,0.632106,2.375103,4.666447,-0.045629,-0.162653,-0.985628
5682,0.634501,2.377233,4.670413,0.635757,0.745754,0.199160
5683,0.989937,2.390573,4.734887,0.356956,-0.789339,0.499525
5684,0.978087,2.388033,4.722117,0.658884,0.273659,-0.700702
5685,0.972720,2.387967,4.724193,-0.784824,0.592772,0.180755
5686,0.932344,2.210460,4.739793,0.692776,0.431704,-0.577661
5687,0.930962,2.210303,4.744660,0.227752,-0.205375,0.951814
5688,0.927515,2.211037,4.741073,-0.764502,0.613688,-0.197290
5689,1.022030,2.148267,4.769943,-0.586313,-0.540418,-0.603478
5690,0.746234,2.155437,4.709037,-0.197101,0.870623,0.450741
5691,0.940035,2.164000,4.745757,-0.293481,0.584568,0.756405
5692,-1.563280,2.361397,4.560427,0.946246,0.167855,-0.276484
5693,-1.567610,2.359540,4.561357,-0.444405,-0.887573,-0.121322
5694,0.744260,2.150457,4.708113,-0.794634,-0.605851,0.038754
5695,0.749437,2.151227,4.708890,0.805152,-0.400379,0.437523
5696,0.949928,1.871427,4.741903,0.254115,0.882685,-0.395337
5697,0.550857,2.235997,4.572443,0.105801,-0.635081,-0.765165
5698,0.946545,1.867070,4.741010,-0.807478,-0.303478,-0.505846
5699,0.988100,2.396413,4.729527,-0.479548,0.548617,-0.684875
5700,0.991869,2.404463,4.739553,-0.506194,0.795848,0.332254
5701,1.143750,2.650203,4.817530,-0.163267,-0.936018,0.311793
5702,1.080807,2.143237,4.819843,0.536497,-0.732945,0.418286
5703,0.979576,2.581740,4.712440,-0.604405,-0.334877,0.722877
5704,2.164647,2.589157,4.644523,-0.002765,0.992657,-0.120929
5705,0.959354,2.591053,4.697730,0.533015,0.047785,-0.844755
5706,0.955687,2.589567,4.701277,-0.542401,-0.827668,0.144106
5707,0.645265,1.965953,4.662910,0.129884,0.981671,-0.139473
5708,2.166303,2.584723,4.642183,0.158020,-0.514834,-0.842601
5709,2.161650,2.585220,4.646367,-0.908574,-0.401101,0.116670
5710,0.839454,2.243120,4.688570,-0.311851,-0.950108,-0.006640
5711,0.847343,2.235407,4.697747,-0.722067,-0.664851,-0.191290
5712,0.850913,1.959263,4.737337,0.418807,-0.110997,0.901266
5713,1.061633,2.422757,4.786837,0.061048,0.715325,-0.696120
5714,1.025717,2.147343,4.772777,0.605900,-0.719881,0.338611
5715,1.080460,2.145673,4.815417,0.436747,0.576105,-0.690909
5716,1.077903,2.147137,4.821260,-0.078651,0.870720,0.485449
5717,1.076410,2.144023,4.817720,-0.818909,-0.527462,-0.226211
5718,0.858273,2.040727,4.728570,0.956657,-0.019855,-0.290538
5719,1.086313,2.213157,4.823477,-0.373408,-0.678351,0.632777
5720,1.085920,2.215150,4.819110,-0.555537,0.718832,-0.417922
5721,1.089170,2.211940,4.817587,0.137926,-0.896253,-0.421553
5722,1.090137,2.214803,4.821227,0.736054,0.638394,0.225118
5723,1.080920,2.423047,4.802197,0.719816,0.327879,0.611850
5724,0.640224,2.240567,4.619567,-0.910358,0.333358,-0.245197
5725,0.565948,1.953673,4.695667,0.923667,-0.042767,0.380803
5726,0.564240,1.953530,4.689237,0.613640,-0.068756,-0.786587
5727,0.562811,1.956183,4.693000,-0.621606,0.769221,0.148002
5728,0.562511,1.951373,4.693187,-0.711471,-0.672448,0.204015
5729,0.553118,1.657607,4.707377,0.481210,0.038767,0.875748
5730,0.700241,1.955100,4.693587,0.633022,-0.442886,0.634930
5731,1.257983,1.672853,4.834400,-0.423900,-0.877837,-0.222958
5732,1.260850,1.675497,4.837477,0.557010,0.026582,0.830080
5733,1.067367,1.846833,4.812257,0.327948,-0.461265,-0.824430
5734,1.064157,1.845010,4.817417,-0.384128,-0.865917,0.320363
5735,1.212610,1.562090,4.851833,-0.031317,-0.998812,0.037341
5736,0.951734,1.744623,4.746300,0.796837,0.600906,0.062952
5737,0.612247,1.607267,4.701557,-0.925963,-0.092213,0.366182
5738,0.616931,1.607997,4.703273,0.759238,-0.366103,0.538077
5739,0.773155,1.485107,4.727570,0.832907,-0.307132,0.460364
5740,0.948476,1.742707,4.749377,-0.174141,-0.713630,0.678533
5741,0.949611,1.741883,4.742873,0.032146,-0.863256,-0.503741
5742,0.947097,1.744947,4.745450,-0.632811,0.746692,-0.204942
5743,1.212740,1.565503,4.848370,-0.536539,0.519648,-0.664900
5744,1.023310,1.839247,4.778550,0.193913,-0.352275,0.915587
5745,1.083217,1.744013,4.826047,-0.449391,-0.863625,-0.228473
5746,1.019753,1.747387,4.774427,-0.662341,0.633632,-0.399769
5747,1.023260,1.743963,4.772910,0.183956,-0.832769,-0.522165
5748,1.024063,1.747053,4.776477,0.729490,0.637971,0.246654
5749,0.947202,1.553983,4.747000,-0.993129,0.105210,-0.051245
5750,0.853699,2.036923,4.730027,-0.238692,-0.919653,-0.311872
5751,0.551529,1.649500,4.697160,-0.855110,-0.513170,0.073775
5752,-0.911206,1.360167,4.635703,0.749839,-0.052175,-0.659560
5753,-0.911365,1.360310,4.642163,0.716325,-0.021785,0.697427
5754,0.560511,2.441747,4.675867,-0.579721,0.576748,-0.575573
5755,-0.799399,1.075293,4.656163,-0.326789,-0.908423,-0.260723
5756,-0.864233,1.057207,4.651663,-0.791209,0.497776,0.355256
5757,-0.860103,1.241370,4.648953,-0.332627,-0.795317,0.506784
5758,-0.861643,1.246490,4.647003,-0.756819,0.653521,0.011595
5759,-0.856991,1.244997,4.647713,0.858851,0.386357,0.336309
5760,-0.910553,1.163373,4.637633,0.802574,-0.189414,-0.565683
5761,-1.865770,0.854842,4.553937,-0.743576,-0.298708,-0.598221
5762,-1.517070,1.074337,4.604490,0.198334,0.275378,-0.940654
5763,0.093021,1.352540,4.230843,-0.858629,-0.434815,0.271461
5764,0.077899,1.416867,4.202200,-0.876513,0.478191,-0.055304
5765,0.082622,1.418800,4.201617,0.641450,0.702636,-0.307969
5766,0.087797,1.426710,4.214663,-0.698449,0.591102,-0.403444
5767,0.084241,1.420167,4.217007,-0.272677,-0.710424,0.648803
5768,0.097546,1.351957,4.233567,0.619017,0.649433,0.441650
5769,-1.756190,1.656060,4.543267,-0.782359,-0.027121,-0.622237
5770,-1.756503,1.656243,4.549923,-0.837228,0.004425,0.546836
5771,-1.753973,1.658590,4.546640,0.682432,0.730850,0.011994
5772,-2.270197,1.547640,4.501470,-0.064277,0.571494,-0.818085
5773,-1.567043,1.452543,4.578183,-0.936756,0.066297,-0.343646
5774,-1.655547,1.553797,4.556313,0.752688,-0.658358,0.005149
5775,-1.521097,1.741963,4.602157,0.335387,0.890657,0.306995
5776,-1.521150,1.533970,4.603513,-0.993820,0.067937,0.087788
5777,-1.939883,2.236700,4.511080,-0.108950,-0.609204,-0.785494
5778,-2.349513,1.711220,4.498183,-0.304051,-0.105417,-0.946805
5779,1.074907,2.696360,4.813433,-0.811410,-0.510720,0.284215
5780,1.078783,2.700330,4.814610,0.675399,0.255693,0.691707
5781,-1.749727,1.945343,4.536997,0.031229,-0.915954,-0.400066
5782,-1.516360,1.536430,4.605267,0.377492,0.785450,0.490477
5783,-1.516777,1.531183,4.604610,0.314257,-0.874770,0.368808
5784,-1.519103,1.339520,4.608690,-0.940552,-0.038506,0.337460
5785,-1.514150,1.336830,4.608787,0.470742,-0.807359,0.355771
5786,-0.941714,0.742035,4.644463,-0.436259,-0.863303,0.253746
5787,-0.937960,0.745027,4.643230,0.968137,0.109302,0.225307
5788,-1.647913,1.155870,4.563310,-0.534794,0.799332,-0.273977
5789,-1.445320,0.056744,4.592477,0.650784,0.339935,-0.678914
5790,-1.559207,1.346453,4.584020,-0.862617,-0.341157,-0.373501
5791,-1.554723,1.346647,4.582500,0.884129,-0.418394,-0.207999
5792,-1.515963,1.339290,4.604013,-0.042016,-0.113040,-0.992702
5793,-1.557637,1.347627,4.588333,0.321403,-0.228718,0.918906
5794,-1.557123,1.350693,4.584347,-0.116660,0.968286,-0.220935
5795,-1.564987,1.452103,4.582480,0.289177,0.402784,0.868414
5796,-1.562670,1.453270,4.576390,0.728147,0.623501,-0.284690
5797,-1.563830,1.449043,4.578737,0.102077,-0.983467,-0.149573
5798,-3.202737,0.654431,4.453543,-0.934735,0.351866,-0.049602
5799,-1.570307,1.247793,4.579657,-0.869970,-0.301946,-0.389848
5800,-0.914835,1.255420,4.641790,-0.537219,-0.417235,-0.733015
5801,-0.267313,1.146033,4.689623,0.963626,0.244120,0.108772
5802,-0.270315,1.140950,4.687073,0.322700,-0.839962,-0.436266
5803,-0.271451,1.143410,4.691613,-0.458441,-0.167102,0.872874
5804,-1.053490,0.719614,4.631177,0.152153,-0.959653,-0.236467
5805,-1.053740,0.723781,4.628790,-0.565867,0.622674,-0.540437
5806,-0.847798,0.759577,4.654293,0.833923,-0.537458,-0.125343
5807,-1.032177,0.555737,4.617390,0.257163,0.781924,-0.567857
5808,-1.033363,0.555165,4.623757,0.011415,0.664117,0.747541
5809,-0.914636,1.161580,4.640257,-0.781101,-0.612633,-0.120671
5810,-1.043293,0.452039,4.623850,0.467079,-0.094209,0.879182
5811,-1.041817,0.450577,4.618127,0.804711,-0.118333,-0.581754
5812,-0.858759,0.849911,4.653883,-0.080841,-0.988520,0.127641
5813,-1.660233,0.851691,4.573023,-0.090408,0.217780,0.971802
5814,-1.656163,0.851087,4.568837,0.988773,0.057320,-0.137997
5815,-1.660630,0.848727,4.568950,-0.400022,-0.878206,-0.262178
5816,-1.648337,1.150903,4.563260,-0.631565,-0.725511,-0.273421
5817,-1.867770,0.460729,4.566433,0.435429,0.878735,0.195514
5818,-1.532813,0.755266,4.593333,0.216608,0.976249,0.004298
5819,-1.846617,1.246827,4.554327,0.572882,-0.160166,-0.803836
5820,-1.843893,1.137870,4.563293,0.764364,-0.000642,0.644784
5821,-1.843467,1.137800,4.556647,0.840726,-0.013052,-0.541304
5822,-1.846113,1.140303,4.559787,-0.671378,0.739366,-0.050884
5823,-1.845470,1.249123,4.559870,0.753383,0.072054,0.653623
5824,-1.849483,1.244990,4.557833,-0.426965,-0.800767,0.420087
5825,-1.955270,1.143663,4.548300,-0.793686,-0.601925,-0.088030
5826,-1.850900,1.050783,4.559047,0.680194,-0.725651,0.103763
5827,-2.363480,1.650930,4.498460,-0.845365,-0.515960,0.138362
5828,-1.522663,0.078219,4.599330,-0.328469,-0.581691,-0.744140
5829,-1.857727,1.345860,4.552383,-0.777942,0.624934,-0.065303
5830,-1.560050,1.656547,4.573610,-0.180766,0.766143,-0.616724
5831,-1.561500,1.651763,4.575250,-0.370133,-0.866808,-0.334132
5832,-1.561960,1.655087,4.579513,-0.622900,0.415979,0.662538
5833,-1.655763,1.751537,4.546410,0.681125,0.716061,0.152727
5834,-1.658703,1.748893,4.549160,-0.082166,-0.810162,0.580419
5835,-1.657350,1.748997,4.542640,0.160922,-0.791866,-0.589111
5836,-1.561080,1.840750,4.578037,0.870494,0.419860,0.256823
5837,-1.753137,1.449127,4.554347,0.677435,0.707700,0.200606
5838,-1.843613,1.446030,4.548163,0.883592,0.256960,-0.391454
5839,-1.845970,1.444357,4.553427,0.289932,-0.165768,0.942582
5840,-1.848263,1.446540,4.549683,-0.743582,0.657036,-0.124054
5841,-1.654867,1.446173,4.556167,-0.607256,0.020540,-0.794241
5842,-1.524533,1.738227,4.603297,-0.968520,-0.179634,0.172336
5843,-1.519993,1.736673,4.602843,0.732896,-0.553262,0.395934
5844,0.844083,2.342227,4.692383,-0.002315,-0.620831,0.783941
5845,1.007480,2.260203,4.688467,-0.635608,-0.758785,0.142296
5846,1.011303,2.261260,4.685537,0.507493,0.036114,-0.860899
5847,1.007367,2.265133,4.688607,-0.380787,0.909081,-0.169037
5848,1.011310,2.262243,4.690810,0.609727,-0.008490,0.792566
5849,1.153063,2.405863,4.805500,0.893425,0.351011,0.280326
5850,1.151883,2.397283,4.804103,0.201769,-0.976528,-0.075380
5851,1.492260,2.650890,4.773723,0.712351,-0.651670,-0.260542
5852,1.354503,2.663443,4.765857,0.432470,-0.627451,0.647514
5853,1.368207,2.621100,4.816053,-0.259716,0.844858,-0.467721
5854,0.982088,2.644457,4.716700,0.897700,0.374006,-0.232924
5855,1.767837,2.703820,4.722920,-0.034724,-0.984807,0.170144
5856,1.765227,2.708490,4.722643,-0.901695,0.389974,-0.186728
5857,1.769410,2.708917,4.725967,0.344440,0.246175,0.905958
5858,1.720433,2.636767,4.808810,-0.760695,0.219125,-0.611006
5859,1.490187,2.657807,4.779033,-0.361397,0.930856,-0.053843
5860,1.085047,2.674140,4.814207,-0.993746,-0.077196,0.080678
5861,1.079637,2.684380,4.808557,-0.803936,-0.404544,0.435925
5862,1.653950,2.667190,4.820920,0.820322,0.571028,0.031604
5863,1.520620,2.645787,4.834703,-0.154726,0.089801,-0.983868
5864,1.485363,2.658560,4.764087,0.154269,0.881642,0.445993
5865,1.485580,2.655923,4.760073,0.134255,-0.083622,-0.987412
5866,1.481727,2.654650,4.763923,-0.946736,-0.290203,0.139546
5867,1.658373,2.713250,4.771037,0.243250,-0.280807,-0.928427
5868,1.944400,2.153943,4.790540,0.945430,-0.129379,-0.299039
5869,1.654273,2.714697,4.773977,-0.973534,0.219705,0.062934
5870,1.659430,2.716893,4.774663,0.497628,0.816732,0.292087
5871,1.142720,2.655350,4.818920,-0.644479,0.617976,0.450280
5872,1.089520,2.676577,4.815853,0.416707,0.390364,0.820958
5873,1.143537,2.653250,4.813043,-0.459665,0.144658,-0.876232
5874,1.089530,2.672943,4.812500,0.523055,-0.830338,-0.192231
5875,1.084120,2.683183,4.806850,0.289108,0.111748,-0.950752
5876,0.979741,2.640273,4.716033,-0.146323,-0.975987,-0.161364
5877,0.979292,2.644223,4.720647,-0.256138,-0.010314,0.966585
5878,0.583512,2.188957,4.521127,-0.460267,0.104048,0.881662
5879,0.775528,2.443003,4.653543,0.568019,0.078944,-0.819220
5880,0.848384,2.345643,4.688850,0.989700,0.086200,-0.114300
5881,0.843346,2.339003,4.683577,-0.056542,-0.682450,-0.728742
5882,0.564592,2.237183,4.637863,-0.304510,0.149120,-0.940764
5883,0.552714,2.236673,4.577033,0.747106,0.072587,0.660729
5884,0.549729,2.240807,4.573190,0.093121,0.978882,-0.181983
5885,0.547560,2.236983,4.576063,-0.878912,-0.267371,0.395002
5886,0.641598,2.221323,4.465990,0.409665,-0.873120,0.264266
5887,0.852112,2.227870,4.723583,-0.082515,0.392008,0.916254
5888,0.722904,2.330700,4.413937,0.048630,-0.660897,0.748899
5889,0.756576,2.356827,4.655293,0.520132,-0.833294,-0.187304
5890,0.849207,1.956980,4.733097,-0.679546,-0.682165,-0.269939
5891,0.853542,1.959020,4.731333,0.942580,-0.158287,-0.294088
5892,0.850060,1.961717,4.733283,-0.493621,0.832990,-0.249932
5893,0.644447,2.242567,4.620510,0.575624,0.811737,0.098693
5894,0.542149,2.031703,4.688837,0.723945,-0.542890,-0.425646
5895,0.940017,2.163850,4.739817,-0.149278,0.640997,-0.752887
5896,0.839284,2.271663,4.580963,-0.679198,0.115816,-0.724760
5897,0.841568,2.267917,4.584197,-0.068136,-0.911762,0.405027
5898,0.840866,2.273683,4.585777,-0.245605,0.543156,0.802907
5899,0.642346,1.774103,4.673147,-0.290618,-0.951699,-0.099044
5900,0.568899,2.237123,4.640710,0.970777,0.149544,-0.187694
5901,0.565810,2.233360,4.641113,-0.332429,-0.808358,0.485848
5902,0.942457,2.161150,4.742850,0.909034,-0.416650,0.007767
5903,0.846764,2.234653,4.713983,-0.424092,0.742768,0.518114
5904,0.967559,2.324193,4.675430,0.680389,-0.719681,-0.138312
5905,0.971828,2.377303,4.714043,0.524477,0.003230,-0.851418
5906,0.757402,2.361517,4.654970,0.395891,0.872217,-0.287242
5907,0.754769,2.358927,4.659180,-0.202330,0.102805,0.973906
5908,0.556252,1.659480,4.698903,0.291517,0.442632,-0.847994
5909,0.554847,1.651473,4.693973,0.314948,0.478841,-0.819462
5910,0.952343,1.950883,4.743590,0.478930,0.022552,0.877563
5911,0.952876,1.949147,4.737907,0.763137,-0.158429,-0.626517
5912,0.949477,1.952570,4.739673,-0.496320,0.816142,-0.295936
5913,0.581247,2.545053,4.688790,0.397660,-0.398653,0.826403
5914,0.569295,2.171080,4.675853,0.780251,-0.504364,-0.369899
5915,0.853562,2.041720,4.729247,-0.662473,0.663653,-0.347410
5916,1.025087,2.245863,4.761503,-0.945353,0.117313,0.304212
5917,1.029733,2.248837,4.759653,0.320844,0.940788,-0.109436
5918,1.028283,2.244240,4.756920,-0.103401,-0.403937,-0.908924
5919,1.029817,2.244270,4.761673,0.586577,-0.542576,0.601281
5920,0.714237,2.205843,4.542527,-0.503751,0.780122,-0.371004
5921,0.718773,2.202053,4.539540,0.350739,0.065983,-0.934146
5922,0.714881,2.200910,4.542420,-0.500019,-0.819363,0.280402
5923,0.718308,2.203833,4.543913,0.582676,0.058537,0.810593
5924,0.642256,1.849827,4.649390,-0.501656,-0.665417,-0.552776
5925,0.559369,1.644400,4.697193,0.442086,-0.892222,-0.092200
5926,0.609723,2.026363,4.673290,-0.914298,0.209318,-0.346765
5927,0.644613,1.653850,4.657603,0.593062,-0.716659,0.366985
5928,0.701301,2.059130,4.696103,-0.872084,-0.296188,-0.389542
5929,0.852333,1.750003,4.732433,-0.740934,-0.112192,-0.662140
5930,0.853297,1.752513,4.737933,-0.597148,0.152548,0.787492
5931,0.856121,1.754367,4.734460,0.398036,0.806220,-0.437694
5932,0.856061,1.749727,4.735313,0.694232,-0.692956,0.194560
5933,0.770709,1.485997,4.722983,0.072446,-0.127566,-0.989181
5934,0.614088,1.592640,4.697990,0.743723,-0.320437,0.586683
5935,0.605273,1.582820,4.697630,-0.925549,0.026211,-0.377720
5936,0.752138,1.554393,4.722767,-0.676093,0.722006,-0.146988
5937,0.656639,1.551840,4.651907,-0.649199,-0.701193,-0.294734
5938,0.658394,1.554077,4.657683,-0.275555,-0.225846,0.934378
5939,0.767648,1.484150,4.727290,-0.771762,-0.558998,0.303157
5940,0.769820,1.489287,4.726787,-0.178091,0.943887,0.278138
5941,0.755522,1.551763,4.720103,0.178383,-0.649156,-0.739442
5942,0.753190,1.550813,4.726163,-0.284834,-0.837937,0.465543
5943,0.756714,1.553760,4.724427,0.734134,0.568297,0.371598
5944,0.851880,1.562570,4.742543,-0.904939,-0.213526,0.368092
5945,0.854404,1.564540,4.737780,-0.215947,0.351583,-0.910910
5946,0.543397,1.790013,4.692727,0.246131,0.505674,-0.826869
5947,0.751109,1.667723,4.734250,-0.048797,0.846829,0.529622
5948,0.752567,1.667143,4.727780,0.213389,0.742414,-0.635049
5949,0.749168,1.665173,4.730617,-0.791564,-0.598200,-0.124833
5950,0.955265,1.652070,4.752673,0.881110,-0.323109,0.345321
5951,0.951135,1.652207,4.750383,-0.507337,-0.633083,-0.584650
5952,1.024013,1.642860,4.784213,0.126044,0.142509,0.981735
5953,1.025220,1.639870,4.780003,0.100762,-0.960604,-0.259012
5954,1.027390,1.644610,4.779037,0.847336,0.516404,-0.123894
5955,0.950880,1.551563,4.749920,0.266421,-0.848979,0.456350
5956,1.015770,1.544333,4.774497,0.283548,0.087372,0.954970
5957,1.016373,1.542007,4.770297,-0.304656,-0.863917,-0.401040
5958,1.014860,1.546590,4.770327,-0.762398,0.513394,-0.393923
5959,1.065810,1.554993,4.821047,-0.282934,-0.288773,-0.914636
5960,0.850063,2.243873,4.697833,0.956866,-0.011379,-0.290308
5961,0.852728,2.233127,4.705423,0.957208,0.085323,-0.276536
5962,0.642083,1.851897,4.655267,-0.542067,-0.181950,0.820401
5963,0.640162,1.654980,4.655983,-0.891039,0.209493,0.402695
5964,0.641939,1.654167,4.651523,0.103954,-0.658797,-0.745104
5965,0.643998,1.657353,4.654420,0.268759,0.960795,-0.068130
5966,0.947841,1.869190,4.746577,-0.493241,0.209946,0.844178
5967,0.950645,1.866973,4.743430,0.783343,-0.619290,0.053429
5968,0.750750,1.961133,4.713973,-0.375462,-0.226002,-0.898861
5969,0.750627,1.964333,4.718013,0.086770,0.976074,0.199376
5970,0.752852,1.960093,4.718150,0.897867,-0.331406,0.289836
5971,0.722814,2.330907,4.408107,0.024940,-0.605713,-0.795292
5972,0.726083,2.334547,4.411107,0.912144,0.409870,0.000553
5973,0.721303,2.334267,4.411170,-0.757611,0.651783,0.034714
5974,0.583418,2.191177,4.516817,-0.384991,0.580012,-0.717892
5975,0.952933,1.656543,4.749853,0.253671,0.878371,-0.405111
5976,0.758179,1.845993,4.726647,0.817635,0.526071,0.233927
5977,0.950304,1.654350,4.754510,-0.456364,0.291936,0.840539
5978,0.856543,1.648567,4.739800,-0.761367,0.648321,-0.000007
5979,0.859805,1.646680,4.743067,0.794841,0.183504,0.578407
5980,1.086543,1.746987,4.824017,0.964054,0.161938,-0.210657
5981,1.083573,1.746963,4.829947,0.408035,0.157452,0.899287
5982,1.082327,1.748757,4.825620,-0.734303,0.572010,-0.365520
5983,1.063997,1.646050,4.812930,0.813565,0.345451,0.467735
5984,1.064737,1.557487,4.825027,0.047760,0.955673,0.290531
5985,1.063037,1.553367,4.826853,-0.793457,-0.588619,0.154769
5986,0.840732,1.855807,4.734273,0.665238,0.746316,-0.021699
5987,0.753056,1.846130,4.727203,-0.876220,0.375289,0.302319
5988,0.755853,1.843837,4.722583,-0.108891,-0.035438,-0.993422
5989,0.756266,1.841220,4.727027,0.025944,-0.889070,0.457036
5990,0.703983,2.063223,4.696210,-0.004670,0.944943,-0.327203
5991,0.836172,1.854967,4.732640,-0.870506,0.201670,-0.448941
5992,0.840456,1.851150,4.732717,0.312504,-0.842181,-0.439401
5993,0.838366,1.853157,4.737670,-0.274870,-0.290137,0.916661
5994,0.642745,1.961767,4.663087,-0.649237,-0.491111,-0.580777
5995,0.848371,2.244397,4.702400,-0.499428,0.669931,0.549331
5996,0.753780,2.049457,4.713770,-0.616109,-0.150952,-0.773061
5997,0.699751,1.955600,4.688727,-0.273858,-0.427432,-0.861571
5998,0.755092,2.052470,4.717227,-0.304031,0.194879,0.932516
5999,0.638358,2.308453,4.591740,0.107506,-0.921562,0.373049
6000,0.702965,2.060643,4.700450,0.215507,-0.166278,0.962241
6001,0.706049,2.058763,4.694977,0.830918,-0.541045,-0.129788
6002,0.840024,2.247680,4.690270,-0.542429,0.666811,0.511012
6003,0.646012,2.145750,4.648523,-0.642576,0.471750,-0.603778
6004,0.536155,2.032020,4.688350,-0.784602,-0.547254,-0.291398
6005,0.539309,2.035630,4.689110,0.070706,0.967927,-0.241076
6006,0.612813,2.025987,4.677887,-0.012602,0.099544,0.994953
6007,0.613443,2.021937,4.673780,0.079618,-0.987717,-0.134447
6008,0.614725,2.026763,4.673313,0.712841,0.550957,-0.433940
6009,0.584182,2.185403,4.517897,-0.028385,-0.888894,-0.457233
6010,0.701039,2.142410,4.685167,-0.636015,0.433416,-0.638464
6011,0.642461,2.226893,4.465907,0.656911,0.714911,0.239521
6012,0.587961,2.189723,4.519360,0.988814,0.140277,0.050688
6013,0.643135,2.221070,4.600260,0.844654,0.190198,-0.500384
6014,0.758372,2.054260,4.714263,0.198153,0.700344,-0.685751
6015,0.648584,2.141773,4.648270,0.170338,-0.981246,-0.090230
6016,-1.716863,2.537557,4.524703,-0.480856,-0.863665,0.151193
6017,-2.043070,2.154863,4.509113,0.779503,-0.142515,-0.609971
6018,-1.992733,2.398017,4.499673,-0.887017,0.346461,0.305232
6019,-1.571450,2.431830,4.565820,-0.473163,-0.557760,0.681924
6020,-1.566770,2.432833,4.563337,0.984757,0.006090,0.173830
6021,-1.854357,2.555133,4.511327,0.600136,0.752550,0.271117
6022,-2.002907,2.531330,4.505530,-0.456300,-0.448666,0.768433
6023,-2.263073,2.464137,4.484463,0.131999,0.740503,-0.658962
6024,-2.263227,2.464487,4.491083,0.103172,0.806362,0.582354
6025,-2.442110,1.443320,4.502497,0.995307,0.001941,0.096744
6026,-2.250880,1.353483,4.517860,-0.561352,0.789341,-0.248645
6027,-3.214957,1.328243,4.444097,-0.922535,0.385596,-0.015666
6028,-3.211517,1.326710,4.440827,0.270305,-0.674347,-0.687162
6029,-3.211873,1.326123,4.447390,0.202162,-0.787652,0.582009
6030,-3.210323,1.329713,4.444477,0.485699,0.867920,0.103973
6031,-2.646463,1.660660,4.472747,0.035079,0.794057,-0.606831
6032,-2.551987,1.652490,4.479130,-0.069060,-0.722148,-0.688283
6033,-2.459587,1.652727,4.485250,-0.778234,0.256934,-0.573006
6034,-2.848547,1.649413,4.454770,0.242372,0.341258,-0.908184
6035,-2.458317,1.650057,4.490487,-0.491752,-0.177802,0.852389
6036,-2.455370,1.652730,4.487683,0.763690,0.630986,0.136508
6037,-2.457410,1.555567,4.492140,0.600263,0.794353,0.093208
6038,-2.847143,1.545033,4.463273,-0.649789,-0.760096,-0.005372
6039,-2.749550,1.454000,4.475530,0.704318,-0.709711,-0.015708
6040,-2.555983,1.245727,4.493627,-0.610141,-0.365318,-0.703044
6041,-2.955540,1.565877,4.447747,0.275962,-0.242769,-0.930004
6042,-2.847447,1.549797,4.463130,-0.733634,0.677763,-0.049179
6043,-2.563903,1.160467,4.498007,0.211055,0.958634,-0.190990
6044,-2.517790,0.984876,4.504343,-0.163012,0.853099,0.495631
6045,-2.552537,1.153157,4.497000,0.455973,0.013711,-0.889888
6046,-2.539393,1.149987,4.499283,-0.579104,-0.207391,-0.788434
6047,-2.740537,0.857937,4.499953,-0.803549,0.594156,0.035876
6048,-2.831077,1.443297,4.467860,0.103704,0.269729,0.957336
6049,-2.746663,1.852513,4.456047,0.086915,0.734416,-0.673111
6050,-2.760400,1.745877,4.460793,-0.607657,-0.076814,-0.790476
6051,-2.349503,1.155613,4.515413,-0.701357,0.704759,-0.106836
6052,-2.956773,1.569407,4.451070,-0.146304,0.966937,0.208872
6053,-2.953497,1.565010,4.453190,0.821519,-0.211483,0.529511
6054,-2.955177,1.344793,4.457457,-0.674062,-0.493956,0.549225
6055,-2.951560,1.344367,4.454350,0.986288,-0.152293,0.063586
6056,-2.750423,1.544463,4.473447,-0.253224,-0.821137,0.511479
6057,-2.852357,1.849140,4.453767,0.005542,-0.840544,0.541715
6058,-2.852007,1.849687,4.447150,0.068892,-0.740427,-0.668596
6059,-2.950857,1.844063,4.444463,0.059391,-0.346726,0.936084
6060,-2.747197,1.548903,4.473330,0.761011,0.442444,0.474453
6061,-2.748577,1.546420,4.468660,0.299492,-0.241900,-0.922924
6062,-2.350563,1.251780,4.512597,0.682053,0.729296,0.054133
6063,-2.352547,1.249260,4.509097,0.082920,-0.814177,-0.574665
6064,-2.355280,1.251587,4.512190,-0.735967,0.673599,-0.067943
6065,-2.649883,1.556683,4.478837,-0.653866,0.746249,-0.124791
6066,-2.758447,1.743670,4.464850,0.621288,-0.753706,0.214311
6067,-2.761857,1.746497,4.467197,-0.890554,0.043995,0.452744
6068,-2.758447,1.748507,4.464380,0.668344,0.739490,0.080438
6069,-2.749403,1.850307,4.459250,-0.708529,-0.705002,-0.030969
6070,-2.554273,1.655073,4.482560,-0.631134,0.775143,0.028683
6071,-2.150817,1.546907,4.518237,0.141555,-0.800622,-0.582209
6072,-2.646933,1.660803,4.479393,-0.048528,0.819537,0.570968
6073,-2.644387,1.658317,4.476287,0.713171,-0.697926,0.065480
6074,-2.246097,1.352207,4.517803,0.967254,0.112725,-0.227403
6075,-2.249627,1.351007,4.521963,-0.050576,-0.232605,0.971255
6076,-2.038747,1.556727,4.527133,0.696366,-0.118688,-0.707805
6077,-2.552583,1.452240,4.490280,0.658373,-0.554034,-0.509501
6078,-2.648147,1.554317,4.482557,0.698145,-0.028785,0.715378
6079,-2.650147,1.551953,4.478903,-0.718124,-0.688303,-0.102645
6080,-2.647063,1.554167,4.475983,0.890587,-0.055943,-0.451358
6081,-1.753067,0.759707,4.564587,-0.596671,0.014528,-0.802355
6082,-2.754863,0.664452,4.494903,-0.994025,-0.101169,-0.040979
6083,-1.558883,0.351172,4.590680,0.746221,-0.661662,0.073197
6084,-1.561373,0.353286,4.587100,-0.006661,0.727907,-0.685643
6085,-1.561383,0.354007,4.593713,-0.008781,0.858361,0.512972
6086,-1.563640,0.351126,4.590677,-0.706285,-0.703880,0.075600
6087,-1.853990,0.366935,4.572947,-0.870398,-0.219691,0.440617
6088,-1.872267,0.459156,4.565893,-0.956194,0.292588,0.009243
6089,-1.444357,0.242928,4.595033,0.391415,-0.181125,-0.902213
6090,-1.531297,0.142469,4.604477,0.669123,0.725495,0.161033
6091,-1.519550,0.078721,4.603017,0.962004,0.249630,0.110604
6092,-1.657983,0.246256,4.591387,0.771437,0.636255,-0.008041
6093,-1.456613,0.080302,4.598960,0.378518,-0.515063,-0.769048
6094,-1.448663,0.070342,4.602617,0.775692,0.067591,0.627482
6095,-1.455783,0.083524,4.602690,0.239044,0.964377,0.113290
6096,-1.652727,0.458890,4.582463,-0.723678,-0.650807,0.229656
6097,-1.492657,0.363026,4.595753,-0.997258,-0.048544,-0.055848
6098,-1.446730,0.236852,4.605010,0.132771,-0.920700,0.366992
6099,-1.489527,0.363543,4.599247,0.538783,-0.403703,0.739416
6100,-1.489100,0.362260,4.592743,0.616995,-0.639875,-0.458124
6101,-1.555870,0.545715,4.586483,-0.129919,-0.817597,0.560943
6102,-1.868940,0.456826,4.568957,0.229347,-0.829992,0.508442
6103,-1.420913,0.454066,4.599757,-0.005599,0.969951,0.243236
6104,-1.414093,0.449733,4.600300,0.925990,-0.342502,0.158854
6105,-1.432640,0.449336,4.600473,-0.505648,0.258105,0.823227
6106,-1.425820,0.445003,4.601017,-0.052579,-0.800295,0.597296
6107,-2.038167,0.842700,4.544153,0.958290,-0.058116,-0.279828
6108,-1.537123,0.746738,4.590600,-0.003893,-0.601336,-0.798987
6109,-1.947990,0.846814,4.556260,-0.792547,0.608090,0.045790
6110,-1.857193,0.947148,4.555490,-0.115715,-0.542602,-0.831981
6111,-1.648377,0.560528,4.582597,0.097095,0.869803,0.483751
6112,-1.945697,0.648094,4.557823,-0.205581,0.803914,0.558085
6113,-1.646210,0.557189,4.579857,0.609041,-0.778380,0.152294
6114,-1.648023,0.559519,4.576030,0.162144,0.686710,-0.708618
6115,-1.650930,0.557921,4.579487,-0.821574,-0.568472,0.043084
6116,-1.742570,0.559334,4.574697,-0.659087,0.751306,0.033816
6117,-2.051547,0.647456,4.548223,0.724858,-0.688749,0.014382
6118,-1.742313,0.949589,4.561357,0.807758,-0.054322,-0.587007
6119,-1.742660,0.949444,4.567967,0.741772,-0.081498,0.665681
6120,-1.744940,0.952065,4.564587,-0.621046,0.783625,-0.015302
6121,-1.568170,1.251093,4.583253,-0.189954,0.692754,0.695708
6122,-1.565020,1.058320,4.585690,-0.931525,-0.207987,-0.298333
6123,-2.047110,0.351843,4.558250,0.702071,-0.607464,0.371595
6124,-2.049007,0.353956,4.553583,0.176468,0.189360,-0.965920
6125,-2.049307,0.356814,4.558823,0.098915,0.920994,0.376811
6126,-2.052167,0.352695,4.557493,-0.892934,-0.414727,0.175131
6127,-2.148640,1.050670,4.537790,-0.688538,0.725142,0.009215
6128,-1.755110,1.046777,4.559620,-0.745140,0.657478,-0.111753
6129,-1.852833,1.053360,4.555383,0.126382,0.754044,-0.644551
6130,-1.954400,1.148363,4.548180,-0.546562,0.827667,-0.127425
6131,-2.146983,0.746833,4.540220,-0.666417,-0.745395,-0.016558
6132,-1.855110,0.949719,4.558883,0.676797,0.735895,0.020106
6133,-1.859760,0.949392,4.559743,-0.888571,0.379158,0.258226
6134,-2.985197,1.044680,4.474677,0.129817,0.974797,0.181434
6135,-2.049727,1.049343,4.546870,-0.068309,0.846272,0.528354
6136,-2.049113,1.048797,4.540263,0.042322,0.747758,-0.662621
6137,-2.051830,1.046523,4.543553,-0.722874,-0.690908,-0.009939
6138,-2.047100,1.046637,4.543983,0.720458,-0.682440,0.123352
6139,-2.442297,0.638743,4.523660,-0.217950,-0.730610,0.647075
6140,-2.345773,1.154890,4.518323,0.717871,0.035684,0.695261
6141,-2.254047,1.054513,4.526907,-0.774665,-0.056550,-0.629838
6142,-2.837107,1.354207,4.468517,-0.683969,0.720925,-0.111597
6143,-2.053247,0.744384,4.548383,0.494209,-0.800040,0.340137
6144,-2.349750,0.850459,4.520917,0.874393,-0.097755,-0.475269
6145,-2.149517,0.352937,4.552707,-0.722468,0.690756,-0.029937
6146,-2.146827,0.350585,4.549480,0.049969,-0.771855,-0.633832
6147,-2.147390,0.350283,4.556107,-0.050416,-0.826574,0.560566
6148,-2.144747,0.352918,4.553107,0.715965,0.691994,0.092401
6149,-2.144643,0.059737,4.557730,-0.734069,-0.665376,-0.135714
6150,-1.862737,0.853806,4.557423,0.889807,-0.452874,0.056106
6151,-1.949627,0.348421,4.561657,0.111844,-0.821919,-0.558516
6152,-1.950000,0.348798,4.568283,0.043688,-0.753015,0.656552
6153,-1.952507,0.350898,4.564690,-0.798699,0.596531,-0.078935
6154,-1.947737,0.351384,4.564930,0.648018,0.761595,-0.006820
6155,-1.751410,0.762283,4.568750,0.409075,0.881515,0.235774
6156,-2.045183,0.057325,4.557967,0.152502,0.884700,-0.440510
6157,-2.045817,0.055546,4.564157,0.019292,0.511046,0.859337
6158,-2.047993,0.053888,4.560073,-0.807731,-0.539531,-0.237649
6159,-2.053670,0.246800,4.561030,0.003826,-0.752557,0.658516
6160,-1.560320,0.443645,4.586003,-0.580574,0.074619,-0.810781
6161,-1.953823,0.455907,4.559190,-0.093999,-0.144978,0.984960
6162,-2.553687,1.452547,4.496773,0.444496,-0.494996,0.746594
6163,-2.553663,1.455790,4.493277,-0.015466,0.998640,-0.049792
6164,-2.488687,1.077490,4.497300,-0.975044,0.204983,-0.085273
6165,-2.446500,1.444643,4.505310,-0.408369,0.390435,0.825104
6166,-2.455223,1.453807,4.503680,-0.001454,-0.164099,0.986443
6167,-2.042957,0.843855,4.542700,-0.545656,0.780405,-0.305333
6168,-2.254310,1.054507,4.533560,-0.822009,-0.057391,0.566575
6169,-2.254383,1.152417,4.525667,-0.714319,-0.697722,-0.054150
6170,-2.358917,1.055293,4.520270,-0.847027,0.215482,0.485915
6171,-2.355503,1.056760,4.517200,0.818814,0.571956,0.049089
6172,-2.446167,1.440190,4.501970,-0.365482,-0.920643,-0.137256
6173,-2.345433,1.671343,4.502073,0.728227,0.560854,0.393863
6174,-2.354537,1.669867,4.501337,-0.553845,0.689766,-0.466346
6175,-2.437007,1.056053,4.511610,-0.349981,0.839414,0.415809
6176,-2.049070,1.151317,4.537273,-0.126170,0.095170,-0.987433
6177,-2.974893,0.945554,4.468637,-0.372527,0.920111,-0.120909
6178,-2.831103,0.946911,4.480720,0.894008,-0.007516,-0.447989
6179,-2.837050,1.246117,4.478393,0.679210,0.182911,0.710786
6180,-2.834183,0.847416,4.486990,0.669823,0.021972,0.742195
6181,-2.752347,0.747173,4.489570,-0.524471,0.849498,-0.057300
6182,-2.456340,1.252863,4.502883,-0.758802,-0.257859,-0.598104
6183,-2.835010,1.352020,4.472210,0.704063,0.013449,0.710010
6184,-2.837157,1.349433,4.468657,-0.663733,-0.745192,-0.064403
6185,-2.972620,0.850324,4.470060,0.806514,0.591087,0.012330
6186,-2.975497,0.848363,4.473347,-0.785612,0.120879,0.606797
6187,-2.975500,0.848507,4.466693,-0.786035,0.146536,-0.600563
6188,-2.975507,1.152233,4.460160,-0.831109,-0.250857,-0.496314
6189,-2.970817,1.151577,4.461907,0.728105,-0.685029,-0.024464
6190,-2.986580,1.246443,4.460987,-0.847770,0.044462,-0.528497
6191,-2.981923,1.248987,4.462380,0.600457,0.758573,-0.253018
6192,-2.982520,1.243870,4.462907,0.502785,-0.856453,-0.117028
6193,-3.152700,1.451987,4.445397,-0.826905,0.179128,0.533049
6194,-3.151920,1.451353,4.438900,-0.674341,0.056198,-0.736278
6195,-3.210870,1.438337,4.438263,-0.624923,0.778734,0.055171
6196,-3.207467,1.435773,4.434843,0.565340,0.065850,-0.822225
6197,-3.234517,1.861567,4.426640,0.735603,-0.145197,-0.661669
6198,-3.235727,1.861617,4.432190,0.417384,-0.094114,0.903844
6199,-3.239357,1.859373,4.428647,-0.646263,-0.751235,-0.134129
6200,-3.218863,1.556927,4.430373,-0.497277,0.781052,-0.377721
6201,-2.966717,1.646373,4.448017,0.043421,-0.063402,0.997043
6202,-2.965210,1.643483,4.443347,0.334781,-0.879027,-0.339460
6203,-2.941093,1.747980,4.438007,0.779150,-0.122358,-0.614780
6204,-2.748973,1.648163,4.468927,0.701801,-0.708385,0.075264
6205,-2.447413,1.153480,4.505733,0.811546,0.582290,-0.048287
6206,-2.752123,1.549353,4.471613,-0.807725,0.585092,-0.072445
6207,-2.654553,1.458483,4.479083,0.207521,0.744868,-0.634119
6208,-2.454443,1.256293,4.505890,0.431393,0.898219,-0.084282
6209,-2.456320,1.253473,4.509487,-0.754558,-0.143981,0.640244
6210,-2.453207,1.251680,4.506310,0.857086,-0.513221,0.044814
6211,-2.550680,1.233677,4.501957,-0.793901,-0.431374,0.428530
6212,-2.844957,1.547643,4.466623,0.775206,0.068263,0.628009
6213,-2.655160,1.459040,4.485697,0.100204,0.843042,0.528431
6214,-2.657607,1.456830,4.482300,-0.827913,-0.560116,-0.028801
6215,-2.053707,1.457340,4.531157,-0.777799,-0.037832,-0.627374
6216,-2.053907,1.457983,4.537777,-0.814300,0.079680,0.574949
6217,-2.051213,1.460043,4.534313,0.696847,0.715579,-0.048487
6218,-1.948890,1.551623,4.538627,0.749986,0.134115,0.647715
6219,-1.948520,1.551340,4.531997,0.817795,0.081863,-0.569657
6220,-1.951567,1.553567,4.535063,-0.767363,0.637374,-0.070062
6221,-1.856040,1.847707,4.537920,0.060153,-0.778212,0.625114
6222,-1.855053,1.847623,4.531337,0.237614,-0.793443,-0.560347
6223,-2.041523,1.554660,4.530763,-0.728696,-0.678739,0.091194
6224,-2.419913,1.513220,4.503023,0.052398,-0.006572,0.998605
6225,-2.846550,1.647533,4.459443,0.840708,-0.222579,0.493628
6226,-2.850927,1.651520,4.459773,-0.225639,0.866623,0.445031
6227,-2.257210,1.249090,4.522710,-0.756318,0.647104,-0.096119
6228,-2.533620,1.046810,4.495467,0.747316,0.624042,0.228235
6229,-2.544773,1.053480,4.504067,0.623625,0.495375,0.604728
6230,-2.753703,1.648220,4.468633,-0.719815,-0.694043,-0.013076
6231,-2.751517,1.650743,4.471993,-0.023906,0.836711,0.547123
6232,-2.751107,1.650443,4.465347,0.047807,0.783517,-0.619528
6233,-2.351147,1.662320,4.505530,0.155411,-0.180346,0.971248
6234,-2.548360,1.238500,4.502933,0.342743,0.629097,0.697685
6235,-2.745100,0.949080,4.485140,0.047173,-0.860865,-0.506642
6236,-2.741743,0.953806,4.486623,0.839624,0.429367,-0.332680
6237,-2.744100,0.951344,4.490587,0.089280,-0.355419,0.930434
6238,-2.746587,0.953366,4.486920,-0.795611,0.597124,-0.102205
6239,-2.752220,1.456310,4.478907,-0.009571,0.709656,0.704483
6240,-3.140423,1.646117,4.434837,0.977902,-0.172221,0.118525
6241,-3.144543,1.645570,4.437397,-0.700837,-0.583140,0.410824
6242,-3.143497,1.647260,4.431217,-0.488835,-0.241485,-0.838287
6243,-3.219203,1.551063,4.430453,-0.504231,-0.752814,-0.423110
6244,-3.217137,1.553927,4.433653,0.098580,0.007861,0.995098
6245,-3.050377,1.255500,4.457330,-0.806853,0.585906,-0.075520
6246,-3.049260,0.945458,4.470133,-0.020506,-0.737157,0.675410
6247,-3.047743,1.253860,4.460900,0.782501,0.178284,0.596579
6248,-3.144813,1.057157,4.457870,-0.163804,0.713331,0.681416
6249,-3.216160,1.276460,4.442070,-0.684934,-0.703561,-0.189385
6250,-3.215987,1.648257,4.430127,-0.759657,-0.649534,-0.032046
6251,-3.213430,1.650430,4.433567,0.769189,-0.076021,0.634483
6252,-3.213127,1.650403,4.426917,0.823688,-0.080543,-0.561294
6253,-3.145700,1.942533,4.440323,0.006935,-0.820082,0.572205
6254,-3.145703,1.942647,4.433660,0.006766,-0.800031,-0.599920
6255,-3.148113,1.944980,4.437033,-0.723586,0.690128,0.012100
6256,-3.303013,2.130673,4.417963,-0.570708,0.772888,0.277374
6257,-3.300167,2.128320,4.414813,0.202845,-0.151914,-0.967355
6258,-3.239527,2.265677,4.428063,0.855897,-0.514897,0.048185
6259,-3.244143,2.264567,4.427840,-0.580861,-0.813731,-0.021011
6260,-3.242123,2.267620,4.424587,-0.153083,0.763043,-0.627957
6261,-2.750380,2.050693,4.453503,-0.700158,0.024423,-0.713570
6262,-3.048577,1.951730,4.441643,0.976187,0.211310,0.049061
6263,-3.137927,2.055050,4.439850,0.674318,-0.056292,0.736292
6264,-2.761197,2.342107,4.449507,0.732138,-0.664549,0.149495
6265,-2.842553,2.346650,4.445423,0.891130,0.219781,-0.396967
6266,-2.845060,2.344623,4.449697,0.128747,-0.397452,0.908546
6267,-2.846983,2.342777,4.444357,-0.172435,-0.847002,-0.502846
6268,-2.847693,2.253433,4.449573,-0.717082,0.693323,-0.071392
6269,-2.754893,2.245760,4.461253,-0.783622,0.024629,0.620749
6270,-2.751033,2.050330,4.460053,-0.826982,-0.045821,0.560358
6271,-2.747917,2.047937,4.456913,0.638429,-0.769394,0.021002
6272,-2.748010,2.052760,4.457170,0.671467,0.733175,0.107646
6273,-2.763210,2.344250,4.445703,-0.668588,-0.070855,-0.740249
6274,-2.764460,2.344343,4.452240,-0.894770,-0.053941,0.443258
6275,-3.298677,2.326980,4.425830,0.816514,0.170374,0.551614
6276,-3.304327,2.328720,4.425647,-0.618375,0.701225,0.354818
6277,-3.120360,2.459747,4.431920,0.005732,0.815791,-0.578318
6278,-2.656727,2.243013,4.463073,-0.863752,0.163343,0.476709
6279,-2.233253,2.178003,4.499087,-0.219523,0.559957,-0.798911
6280,-2.654303,2.240110,4.460177,0.560730,-0.819902,0.115513
6281,-2.214947,2.199787,4.503367,-0.714871,0.681836,-0.155107
6282,-2.460723,2.248407,4.475613,-0.820829,-0.570993,0.014379
6283,-2.621070,2.344393,4.465947,0.832390,0.169638,-0.527589
6284,-2.621937,2.343960,4.472460,0.663120,0.084811,0.743693
6285,-2.440823,2.543670,4.473877,-0.243861,-0.967219,-0.070842
6286,-2.351733,2.550410,4.477133,-0.040502,-0.111544,-0.992934
6287,-2.547097,2.148940,4.475457,0.621347,-0.007347,0.783501
6288,-2.549060,2.146650,4.471657,-0.680347,-0.718360,-0.145216
6289,-2.221727,2.185517,4.507213,-0.416180,0.733156,0.537844
6290,-2.548990,2.151503,4.471647,-0.624218,0.768493,-0.140606
6291,-2.213287,2.197090,4.507333,0.112365,-0.473707,0.873485
6292,-2.351117,2.443850,4.476843,-0.805585,0.591581,-0.032643
6293,-2.349943,2.548233,4.481223,0.706184,-0.493495,0.507708
6294,-2.355243,2.549653,4.481280,-0.924888,-0.282630,0.254367
6295,-1.994067,2.530920,4.506407,0.400522,0.200183,0.894153
6296,-2.089967,2.550677,4.491613,0.312644,-0.755262,-0.576049
6297,-2.265983,2.462080,4.487827,-0.831895,-0.554842,0.010066
6298,-2.348237,2.441853,4.473623,0.435451,-0.220846,-0.872702
6299,-2.346843,2.444043,4.478927,0.795726,0.345193,0.497657
6300,-2.350193,2.439453,4.478417,-0.160518,-0.896718,0.412470
6301,-2.458083,2.250487,4.472237,0.118251,0.799444,-0.588987
6302,-2.457913,2.250410,4.478897,0.148885,0.785718,0.600400
6303,-2.456030,2.247617,4.475483,0.599159,-0.800255,-0.024506
6304,-2.054383,2.496733,4.497780,0.719847,0.661505,-0.210314
6305,-2.059617,2.495087,4.496240,-0.751247,0.207158,-0.626669
6306,-2.058107,2.495190,4.501733,-0.339058,0.222771,0.914009
6307,-1.856037,2.550407,4.513047,0.239813,-0.865581,0.439613
6308,-1.855930,2.552500,4.507000,0.263335,-0.411165,-0.872696
6309,-1.858917,2.553550,4.510697,-0.922925,0.368539,0.111306
6310,-2.003643,2.541423,4.503470,0.502070,0.864620,0.018911
6311,-2.005337,2.537733,4.500310,0.091183,-0.141657,-0.985707
6312,-1.982870,2.526900,4.496997,0.599539,0.768538,-0.223387
6313,-1.983467,2.523743,4.502807,0.489076,0.184082,0.852595
6314,-1.995463,2.525657,4.498630,-0.367412,-0.800880,-0.472863
6315,-2.093143,2.552637,4.494550,-0.895954,0.431486,-0.105292
6316,-2.145317,2.452360,4.499900,-0.284941,0.424167,0.859587
6317,-2.324400,2.607367,4.472767,0.678896,0.518819,-0.519545
6318,-2.143780,2.613847,4.484667,0.600992,0.234786,0.763992
6319,-2.146153,2.609793,4.482653,-0.450225,-0.890782,0.061681
6320,-2.147807,2.615707,4.482137,-0.847348,0.527316,-0.062756
6321,-2.143660,2.613433,4.479573,0.557591,0.083739,-0.825881
6322,-2.436803,2.546367,4.474857,0.960534,-0.165781,0.223364
6323,-2.440997,2.547247,4.477277,-0.557994,0.639728,0.528574
6324,-2.439487,2.547337,4.470850,-0.268793,0.656750,-0.704578
6325,-2.148137,2.442083,4.499587,-0.845380,-0.110507,0.522609
6326,-2.142067,2.437590,4.491377,-0.204343,-0.443585,-0.872626
6327,-2.149527,2.448583,4.490813,-0.734883,-0.255385,-0.628272
6328,-1.995163,2.530387,4.497437,0.075313,0.945323,-0.317321
6329,-2.646597,2.455913,4.468740,-0.896094,-0.322260,-0.305229
6330,-2.641810,2.457333,4.467530,0.476267,0.646602,-0.595883
6331,-2.640993,2.452837,4.469880,0.267558,-0.961040,-0.069395
6332,-3.140320,2.052647,4.436343,-0.773085,-0.631781,-0.056497
6333,-3.136883,2.054357,4.433327,0.866043,-0.184328,-0.464751
6334,-2.985450,1.456557,4.464203,0.189997,0.920782,0.340677
6335,-2.985963,1.453447,4.459803,0.033011,-0.026230,-0.999111
6336,-2.989443,1.452547,4.464177,-0.945360,-0.203893,0.254407
6337,-2.984293,1.451410,4.464377,0.652659,-0.652507,0.385060
6338,-3.211847,1.278917,4.439790,0.753220,-0.098366,-0.650372
6339,-3.212623,1.278020,4.445930,0.574879,-0.304501,0.759469
6340,-3.214850,1.281003,4.442900,-0.465518,0.882269,0.069959
6341,-2.840193,0.346987,4.485787,-0.761173,-0.647934,0.028234
6342,-2.837213,0.348776,4.482417,0.814387,-0.135999,-0.564161
6343,-2.839713,0.351839,4.485310,-0.601913,0.790577,-0.112647
6344,-3.141163,0.853304,4.461627,0.849630,-0.062347,-0.523681
6345,-3.141777,0.853517,4.468250,0.738928,-0.024080,0.673354
6346,-3.045047,0.949933,4.468533,0.912549,0.253605,0.320840
6347,-3.049883,0.949924,4.468377,-0.727543,0.686056,0.002664
6348,-2.669923,0.952579,4.498850,-0.015470,-0.171288,0.985099
6349,-2.666487,0.950623,4.493977,0.773486,-0.619725,-0.132893
6350,-2.671220,0.951971,4.494137,-0.836387,-0.177417,-0.518633
6351,-1.345417,0.552650,4.596923,0.001578,0.826342,-0.563166
6352,-3.144297,1.057767,4.451297,-0.066255,0.828297,-0.556358
6353,-3.146580,1.054517,4.454150,-0.624179,-0.771903,-0.120693
6354,-3.141760,1.055200,4.454593,0.823116,-0.567747,0.012011
6355,-2.740700,0.848298,4.501480,-0.340231,-0.474238,0.811998
6356,-2.746317,0.838213,4.496143,-0.019000,-0.164123,0.986257
6357,-2.756773,1.251487,4.480813,0.854801,-0.499863,0.139470
6358,-2.751537,1.457133,4.472347,0.115714,0.860069,-0.496881
6359,-2.837650,1.047440,4.479360,-0.747677,0.657344,-0.094220
6360,-2.547730,0.841019,4.511100,0.691907,-0.718860,-0.067126
6361,-2.252540,1.249467,4.523233,0.649680,0.757669,0.062073
6362,-2.733410,0.861235,4.501027,0.540673,0.827887,0.149252
6363,-1.350350,0.552997,4.605750,-0.220733,0.256065,0.941120
6364,-1.357013,0.554124,4.598783,0.022910,0.816163,-0.577367
6365,-1.355647,0.549361,4.600400,-0.404434,-0.881373,0.244160
6366,-2.757177,1.045013,4.484107,-0.762082,-0.119093,-0.636433
6367,-2.648673,1.151283,4.493397,-0.763722,-0.643461,-0.051827
6368,-2.648013,1.155780,4.494993,-0.265966,0.870862,0.413355
6369,-2.651223,1.251363,4.495780,0.001799,-0.829718,0.558180
6370,-2.733183,0.852517,4.496030,0.674944,-0.126567,-0.726933
6371,-2.648613,1.254793,4.493080,0.746964,0.653201,0.123988
6372,-2.650947,1.252270,4.489337,0.058310,-0.644495,-0.762382
6373,-2.484383,1.074783,4.494543,0.190309,-0.549410,-0.813592
6374,-2.733573,0.851596,4.502553,0.547630,-0.405305,0.732004
6375,-2.354150,0.648785,4.527103,-0.643980,0.764448,0.030156
6376,-2.443767,0.641427,4.520057,-0.515675,0.852564,-0.084939
6377,-2.433810,1.052120,4.510930,0.847144,-0.373753,0.377698
6378,-2.254307,1.157137,4.525577,-0.685586,0.723587,-0.079962
6379,-2.252287,1.154790,4.529167,0.754217,0.000270,0.656626
6380,-2.144723,1.150443,4.537493,0.777925,0.036287,0.627309
6381,-2.146847,1.148210,4.533760,0.098821,-0.005668,-0.995089
6382,-2.149580,1.150623,4.537010,-0.708612,0.705345,-0.018924
6383,-2.465937,1.358030,4.496770,-0.569708,-0.793221,-0.215018
6384,-2.466143,1.363017,4.497063,-0.666958,0.732712,-0.135278
6385,-2.455857,1.353990,4.505753,-0.335063,-0.908443,0.249929
6386,-2.257283,1.548793,4.507100,0.423463,0.905907,-0.003460
6387,-1.949620,0.748161,4.555810,0.765288,0.635336,0.103357
6388,-1.962013,0.543297,4.553360,0.504009,-0.844554,0.180838
6389,-1.964673,0.546559,4.555927,-0.868576,0.178859,0.462153
6390,-1.963590,0.545813,4.549423,-0.667537,0.040653,-0.743466
6391,-1.961273,0.547950,4.552950,0.797422,0.600018,0.064007
6392,-1.855987,0.945873,4.561513,0.157095,-0.831164,0.533374
6393,-2.056827,0.747856,4.549973,-0.889454,0.150999,0.431359
6394,-2.055083,0.746354,4.543907,-0.527299,-0.161702,-0.834151
6395,-2.052973,0.749098,4.547297,0.701750,0.711972,0.025346
6396,-2.258870,0.845386,4.526000,-0.778969,0.031619,-0.626265
6397,-2.147147,0.751546,4.540080,-0.729815,0.681066,-0.059319
6398,-2.151610,0.945623,4.538537,-0.689139,0.709152,-0.148968
6399,-2.260273,0.747271,4.537697,-0.874730,0.075140,0.478750
6400,-2.146733,0.649121,4.545060,0.793477,-0.049623,0.606574
6401,-2.350240,0.346885,4.536173,0.647904,0.761694,-0.006536
6402,-2.152197,0.848158,4.539483,0.862924,-0.455874,0.218040
6403,-2.551467,0.058338,4.526047,0.770503,0.484117,0.414675
6404,-2.043187,0.838730,4.542977,-0.049365,-0.854949,-0.516358
6405,-2.351623,0.754512,4.522100,0.035236,0.715606,-0.697615
6406,-2.143833,0.547844,4.548793,-0.100985,-0.813297,0.573018
6407,-1.956693,0.455549,4.555397,-0.782310,-0.149328,-0.604725
6408,-2.148490,0.148745,4.558553,-0.580017,-0.788947,-0.202835
6409,-1.650217,0.462596,4.584687,-0.046497,0.925801,0.375141
6410,-1.950380,0.945640,4.550340,0.655097,0.755068,0.026836
6411,-1.757310,0.363622,4.578533,-0.790575,-0.610103,-0.052580
6412,-1.740120,0.556686,4.577910,0.803287,-0.041254,0.594161
6413,-1.645223,0.658932,4.572667,-0.731162,0.680040,-0.054289
6414,-1.561693,0.665373,4.579100,-0.295612,0.713643,0.635081
6415,-1.561200,0.665732,4.572490,-0.203848,0.780540,-0.590934
6416,-1.558567,0.663777,4.575913,0.895094,-0.443833,0.042655
6417,-1.754377,0.758629,4.570890,-0.860486,-0.202314,0.467582
6418,-1.650483,0.460662,4.578367,-0.097150,0.559541,-0.823089
6419,-1.648013,0.459252,4.582153,0.771890,-0.616319,0.156000
6420,-1.654163,1.045430,4.562537,0.575605,-0.806118,-0.137304
6421,-1.646830,1.153357,4.567477,0.383663,-0.041989,0.922518
6422,-1.644080,1.153180,4.561593,0.952357,-0.078206,-0.294787
6423,-1.515127,1.074963,4.609083,0.630592,0.305681,0.713381
6424,-1.653740,1.050270,4.561997,0.519643,0.817291,-0.249012
6425,-1.656127,1.047830,4.566317,-0.394279,0.135891,0.908888
6426,-1.658170,1.047360,4.560510,-0.880785,0.024277,-0.472894
6427,-1.520853,1.074533,4.607750,-0.868619,0.382170,0.315353
6428,-1.566093,1.246130,4.582463,0.511279,-0.762710,0.396064
6429,-1.565730,1.250243,4.578467,0.611726,0.367452,-0.700550
6430,-1.561120,1.055777,4.586630,0.312386,-0.949919,0.008228
6431,-1.560990,1.059627,4.583540,0.565166,0.713709,-0.413772
6432,-0.736715,0.811922,4.668253,-0.775312,0.625713,0.085874
6433,-0.733995,0.810101,4.664643,0.067374,-0.667069,-0.741943
6434,-0.734222,0.808922,4.671177,0.025139,-0.884777,0.465336
6435,-0.855462,0.853411,4.653540,0.997867,0.058654,0.028672
6436,-0.859085,0.854108,4.656643,-0.582369,0.602163,0.546119
6437,-0.858847,0.853245,4.650113,-0.536355,0.434255,-0.723703
6438,-1.567933,1.153343,4.583597,-0.871306,-0.090351,-0.482351
6439,-1.565547,1.154823,4.588270,-0.153948,0.354611,0.922253
6440,-1.562940,1.156343,4.583277,0.435338,0.770141,-0.466223
6441,-0.850484,0.761501,4.658073,-0.030216,0.667078,0.744375
6442,-0.852533,0.759161,4.654473,-0.653815,-0.752237,-0.081638
6443,-1.143297,0.730216,4.619860,-0.293035,-0.220369,-0.930359
6444,-0.911565,1.163410,4.644000,0.586806,-0.181593,0.789102
6445,-0.863502,0.943500,4.650490,0.073839,0.327824,-0.941849
6446,-0.866061,0.940587,4.653890,-0.762943,-0.623756,0.169842
6447,-0.869037,1.144943,4.645340,-0.311260,0.740748,-0.595323
6448,-0.870909,1.143477,4.651510,-0.668978,0.460545,0.583409
6449,-0.914380,1.259853,4.643950,-0.278612,0.958367,0.062518
6450,-0.910133,1.256733,4.642613,0.995455,-0.071714,-0.062654
6451,-0.914542,1.255183,4.646727,-0.036143,-0.434709,0.899845
6452,-0.847944,0.651288,4.632670,-0.612511,0.784900,0.093607
6453,-1.952463,0.943095,4.546920,0.065684,-0.780948,-0.621133
6454,-1.952497,0.942887,4.553577,0.059307,-0.817836,0.572387
6455,-1.955110,0.945271,4.550303,-0.783741,0.620895,0.015445
6456,-1.741697,0.847110,4.568950,-0.426927,-0.901001,0.077004
6457,-1.742000,0.852057,4.570777,-0.236587,0.627294,0.741976
6458,-1.740150,0.556959,4.571260,0.798264,0.007737,-0.602259
6459,-1.742670,0.554602,4.574503,-0.718289,-0.695285,-0.025303
6460,-1.646053,0.744968,4.565063,-0.064126,-0.773211,-0.630898
6461,-1.645853,0.745247,4.571573,-0.023403,-0.716138,0.697566
6462,-1.645017,0.654188,4.572883,-0.612163,-0.790583,0.015330
6463,-1.553413,0.547414,4.581240,0.235771,-0.460309,-0.855878
6464,-1.551733,0.549960,4.585340,0.786527,0.375608,0.490197
6465,-1.437967,0.621168,4.595510,-0.096998,-0.726457,0.680332
6466,-1.943670,0.846614,4.558333,0.829581,0.148695,0.538224
6467,-1.750667,0.757650,4.568113,0.792014,-0.607477,0.060710
6468,-1.865903,0.855401,4.560563,-0.767882,-0.197117,0.609510
6469,-1.850553,0.743433,4.566650,-0.105242,-0.671048,0.733907
6470,-1.849653,0.656375,4.557960,0.394384,-0.086074,-0.914906
6471,-1.848753,0.658993,4.563037,0.651134,0.586202,0.482070
6472,-1.850633,0.653532,4.562740,0.117197,-0.890942,0.438734
6473,-1.853160,0.657545,4.561273,-0.945528,0.325542,-0.000276
6474,-1.837087,0.537789,4.569577,-0.778550,-0.624601,-0.061099
6475,-1.947287,0.645235,4.554380,-0.566006,-0.823554,-0.037348
6476,-1.945130,0.648006,4.551183,-0.105964,0.788536,-0.605791
6477,-1.942667,0.646150,4.554763,0.828368,-0.554718,0.078074
6478,-1.950883,0.454341,4.555773,0.655204,-0.615801,-0.437604
6479,-1.737010,0.849492,4.568430,0.985901,-0.001331,0.167323
6480,-1.741133,0.851210,4.565663,-0.263578,0.319837,-0.910072
6481,-1.847617,0.745576,4.563270,0.786376,0.617493,-0.017773
6482,-1.849997,0.742537,4.560150,0.003764,-0.846025,-0.533130
6483,-1.852533,0.745844,4.562810,-0.693306,0.703479,-0.156347
6484,-1.945370,0.844817,4.552773,0.433666,0.031983,-0.900506
6485,-1.853450,1.053727,4.561990,0.012483,0.820961,0.570848
6486,-1.855647,1.051180,4.558580,-0.773325,-0.632926,-0.037055
6487,-1.947260,0.842077,4.556443,-0.214336,-0.908349,0.359114
6488,-1.864210,0.858288,4.557017,0.392816,0.916991,-0.069450
6489,-1.951877,1.145450,4.545350,0.865162,-0.172173,-0.471010
6490,-1.952873,1.145803,4.551920,0.684074,-0.108209,0.721341
6491,-1.750317,1.046780,4.559837,0.722215,0.689894,-0.049518
6492,-2.041870,0.841213,4.546970,-0.275554,0.064149,0.959143
6493,-1.752770,1.044593,4.563330,-0.031306,-0.709993,0.703512
6494,-2.149693,0.943373,4.542343,-0.092380,-0.714116,0.693905
6495,-2.149060,0.942608,4.535773,0.024440,-0.855137,-0.517825
6496,-2.254147,0.845396,4.526600,0.714154,0.699235,0.032471
6497,-2.154460,0.852937,4.539177,0.058862,0.950142,0.306212
6498,-2.155247,0.849655,4.535427,-0.207780,-0.160325,-0.964947
6499,-2.157367,0.848118,4.540603,-0.806016,-0.351154,0.476476
6500,-2.251860,1.056957,4.530327,0.650125,0.759365,0.026492
6501,-2.524140,1.037713,4.497670,0.545273,0.837953,-0.022634
6502,-2.644740,0.843835,4.508797,-0.642688,0.625705,0.442092
6503,-2.146873,0.649493,4.538457,0.766973,0.020653,-0.641347
6504,-2.149410,0.651429,4.541933,-0.692093,0.719699,0.055145
6505,-2.750713,0.663743,4.498223,0.404626,-0.535297,0.741441
6506,-2.644443,1.151487,4.495690,0.813243,-0.297045,0.500400
6507,-2.526007,1.034970,4.501077,-0.644173,-0.196672,0.739163
6508,-2.645880,1.153630,4.490250,0.454023,0.238215,-0.858555
6509,-2.547550,1.239653,4.494960,0.546759,-0.094531,-0.831937
6510,-2.538100,1.227370,4.500527,0.271723,0.063744,-0.960262
6511,-1.338753,0.551522,4.603890,0.845901,0.372292,0.381903
6512,-2.661477,1.054763,4.494453,-0.980633,-0.061624,-0.185908
6513,-2.749143,0.349078,4.508980,0.407398,-0.862605,0.299900
6514,-2.757947,1.256033,4.480303,0.467431,0.883836,-0.018507
6515,-2.833020,0.847234,4.480453,0.884806,-0.011985,-0.465805
6516,-2.836140,0.844952,4.483337,-0.678713,-0.727484,-0.100573
6517,-2.746897,1.150407,4.486760,0.854317,0.080389,0.513499
6518,-2.573153,1.158290,4.497463,-0.976895,-0.155126,-0.147009
6519,-2.657927,1.058267,4.494653,0.089875,0.988132,-0.124567
6520,-2.658430,1.054983,4.498397,0.385219,-0.436759,0.812925
6521,-2.657167,1.054067,4.492037,0.637391,-0.619741,-0.457880
6522,-2.484973,1.074363,4.500280,0.058343,-0.665291,0.744301
6523,-2.483897,1.078443,4.497777,0.582043,0.804440,0.118757
6524,-2.349437,1.150830,4.515590,-0.402322,-0.864686,0.300757
6525,-2.346557,1.153227,4.512493,0.612487,-0.020649,-0.790211
6526,-2.551077,1.152887,4.504660,-0.225185,0.829283,0.511451
6527,-2.564007,1.157207,4.502133,0.036403,-0.384906,0.922238
6528,-2.624193,1.035333,4.502637,-0.356243,-0.926074,0.124413
6529,-2.542170,1.048777,4.495413,-0.237937,0.230984,-0.943415
6530,-2.556103,1.057433,4.500287,-0.109449,0.159666,-0.981085
6531,-2.558727,1.055450,4.504617,-0.797804,-0.508379,0.324128
6532,-2.555937,1.060230,4.505083,0.049759,0.896282,0.440684
6533,-2.535507,1.037380,4.494550,-0.430399,-0.573111,-0.697352
6534,-2.450380,1.151467,4.509213,-0.422439,0.079480,0.902900
6535,-2.626097,0.935216,4.503710,0.980345,0.085200,0.177943
6536,-2.834897,0.944623,4.483077,-0.609170,-0.781225,-0.136376
6537,-2.755243,1.047777,4.487503,0.592097,0.805647,0.018810
6538,-2.754603,1.043040,4.487623,0.785438,-0.616535,0.054517
6539,-2.523237,1.033063,4.497220,0.719135,-0.678048,-0.151974
6540,-2.749377,1.147733,4.483723,-0.644251,-0.760222,0.083688
6541,-2.747437,1.150133,4.480120,0.759954,0.032402,-0.649169
6542,-2.749720,1.152447,4.483557,-0.751665,0.658667,0.034016
6543,-2.835850,1.245603,4.471860,0.891349,0.091546,-0.443978
6544,-2.838440,1.243097,4.474980,-0.566547,-0.823088,-0.039388
6545,-2.839170,1.247763,4.474477,-0.791703,0.580278,-0.191008
6546,-2.834657,1.045140,4.476380,0.828187,0.029881,-0.559655
6547,-2.837257,1.042657,4.479687,-0.605028,-0.796175,0.006762
6548,-2.835127,1.045553,4.482993,0.741337,0.106216,0.662675
6549,-2.971620,0.678528,4.478600,-0.227312,0.735305,0.638480
6550,-2.972773,0.675345,4.475230,-0.510743,-0.859229,-0.029441
6551,-2.759330,1.252760,4.477050,-0.704645,-0.256072,-0.661742
6552,-2.760090,1.253300,4.483643,-0.840825,-0.158945,0.517445
6553,-2.983583,1.039847,4.475610,0.807980,-0.504292,0.304727
6554,-2.833640,1.150147,4.481597,0.792364,0.000892,0.610048
6555,-2.836047,1.147720,4.478327,-0.734065,-0.678828,0.018470
6556,-2.548367,0.751512,4.512333,-0.005637,0.771754,-0.635896
6557,-2.685700,0.857292,4.500917,-0.670520,-0.232295,0.704587
6558,-3.048390,0.650235,4.474337,0.679192,0.732221,0.050503
6559,-2.684837,0.855477,4.494833,-0.483564,-0.624965,-0.612849
6560,-2.684473,0.860383,4.496797,-0.053234,0.954790,-0.292475
6561,-2.653640,0.554878,4.501860,-0.636026,-0.001663,-0.771666
6562,-2.830477,0.642155,4.487303,0.630624,0.216020,0.745418
6563,-2.831780,0.638968,4.483700,-0.382160,-0.920878,-0.077058
6564,-2.833210,0.643602,4.483567,-0.861280,0.492686,-0.124325
6565,-2.630210,0.935918,4.506187,-0.601031,0.261381,0.755276
6566,-2.629283,0.937049,4.500540,-0.354007,0.562371,-0.747274
6567,-2.629170,0.931665,4.502493,-0.298868,-0.925089,-0.234283
6568,-2.643630,0.842396,4.502560,-0.412295,0.327688,-0.850079
6569,-2.501070,0.985431,4.495297,-0.275424,-0.034967,-0.960687
6570,-2.500417,0.988299,4.499723,0.249905,0.917514,0.309378
6571,-2.498880,0.983430,4.499460,0.777765,-0.573637,0.256950
6572,-2.542580,0.979293,4.497063,-0.352589,0.935754,0.006760
6573,-2.550157,0.843091,4.514640,-0.735175,-0.013746,0.677738
6574,-2.050840,0.554099,4.552217,-0.644326,0.738013,-0.200454
6575,-2.048917,0.551519,4.556067,0.431626,-0.036442,0.901316
6576,-2.046693,0.551851,4.550140,0.909534,0.065608,-0.410419
6577,-2.650893,0.552722,4.505223,0.794542,-0.607125,0.010123
6578,-2.146127,0.447440,4.549300,-0.769533,-0.606265,-0.200652
6579,-2.544137,0.548730,4.513410,-0.777359,0.591145,-0.215081
6580,-2.538083,0.280289,4.520983,0.081346,0.728250,-0.680466
6581,-2.542843,0.275978,4.522163,-0.885424,-0.147657,-0.440706
6582,-2.540017,0.278690,4.525403,0.007422,0.256387,0.966546
6583,-2.449433,0.546429,4.521283,0.118136,-0.885699,-0.448977
6584,-2.663403,0.266165,4.509423,0.372237,0.779432,-0.503910
6585,-2.451543,0.548783,4.526270,-0.307085,-0.306582,0.900948
6586,-2.639683,0.641172,4.506533,0.137576,-0.982395,0.126382
6587,-2.641093,0.645116,4.509243,-0.723678,0.474300,0.501328
6588,-2.640167,0.644413,4.502770,-0.541793,0.335801,-0.770518
6589,-2.637007,0.645330,4.506463,0.957317,0.268136,0.107922
6590,-2.747663,0.480563,4.498343,0.103896,-0.182878,-0.977630
6591,-2.751240,0.480420,4.501823,-0.711072,-0.367931,0.599169
6592,-2.751470,0.490482,4.499917,-0.148693,0.982469,-0.112452
6593,-2.649790,0.449975,4.504917,-0.022849,-0.861236,-0.507691
6594,-2.665580,0.265902,4.515667,-0.041021,0.729427,0.682827
6595,-2.662870,0.262869,4.512977,0.527759,-0.836265,0.148769
6596,-2.354943,0.346496,4.536097,-0.797700,0.602335,-0.029453
6597,-2.352197,0.344132,4.532873,0.076498,-0.811425,-0.579428
6598,-2.660030,0.152648,4.518413,-0.776555,0.570852,-0.266627
6599,-2.536667,0.349593,4.523977,0.760464,0.024905,0.648903
6600,-2.558707,0.136632,4.530457,0.380803,0.575958,0.723368
6601,-2.542080,0.546051,4.517157,-0.137441,-0.659464,0.739065
6602,-2.446810,0.454683,4.523997,-0.727630,-0.666205,-0.163477
6603,-2.254590,0.656775,4.529967,0.086300,0.828088,-0.553915
6604,-2.720000,0.000869,4.501017,0.175279,0.291381,0.940412
6605,-2.715447,0.012621,4.498760,-0.081905,-0.042379,0.995739
6606,-2.819410,0.071831,4.499517,-0.191668,0.122028,-0.973844
6607,-2.843497,0.154230,4.501727,0.687748,-0.717780,0.108603
6608,-2.846743,0.156457,4.504583,-0.709947,0.330120,0.622091
6609,-2.821493,0.073858,4.504863,-0.703973,0.621761,0.343273
6610,-2.820130,0.068578,4.503933,-0.246011,-0.934218,0.258294
6611,-2.868817,0.137556,4.493687,0.396978,-0.641307,-0.656608
6612,-2.873590,0.140805,4.494460,-0.831432,0.307151,-0.463011
6613,-2.870797,0.138824,4.498083,-0.126388,-0.401622,0.907042
6614,-1.556923,0.446561,4.589317,0.391436,0.909791,0.138051
6615,-2.723053,-0.004632,4.497217,-0.989947,-0.127316,-0.061614
6616,-1.752680,0.363259,4.577537,0.855823,-0.420475,-0.301276
6617,-1.754983,0.365857,4.582023,0.222955,0.386057,0.895126
6618,-2.861830,0.055031,4.494400,0.348530,-0.324497,-0.879334
6619,-2.718637,-0.007999,4.497437,0.880510,-0.473517,-0.021993
6620,-2.863997,0.053077,4.498267,-0.290020,-0.693298,0.659716
6621,-2.860203,0.057801,4.498027,0.645714,0.471896,0.600305
6622,-2.822867,0.481308,4.495613,-0.286396,-0.112560,-0.951477
6623,-2.540993,0.545176,4.510823,0.008673,-0.811190,-0.584718
6624,-2.646330,0.356466,4.506983,0.243561,-0.667493,-0.703656
6625,-2.444087,0.457488,4.521273,0.096962,0.852324,-0.513947
6626,-2.539430,0.548377,4.513970,0.763330,0.644650,0.041874
6627,-2.257440,0.654087,4.532857,-0.755405,-0.644923,-0.115921
6628,-2.255230,0.656338,4.536567,-0.031999,0.747400,0.663603
6629,-2.252640,0.653890,4.533310,0.696710,-0.717070,0.020117
6630,-2.252747,0.549702,4.538893,0.744559,0.667292,0.018807
6631,-2.143150,0.547947,4.542167,0.021009,-0.795170,-0.606022
6632,-2.453213,0.550960,4.521537,-0.800013,0.335960,-0.497101
6633,-2.448680,0.550807,4.523030,0.768281,0.639696,0.023107
6634,-2.445553,0.748270,4.517763,0.779781,-0.583288,0.227414
6635,-2.527747,0.976961,4.504333,0.053867,-0.647133,0.760472
6636,-2.734317,0.617224,4.504240,-0.288527,-0.897028,0.334803
6637,-2.643927,0.839220,4.506623,-0.122992,-0.971573,0.202283
6638,-2.356017,0.750134,4.523707,-0.908509,-0.224484,-0.352446
6639,-2.351260,0.750137,4.523950,0.713592,-0.699014,0.046535
6640,-2.673533,0.707333,4.497440,0.522475,0.830550,-0.192890
6641,-2.695317,0.718624,4.498017,0.368837,0.721766,-0.585673
6642,-2.352080,0.554132,4.530333,-0.784381,-0.619857,0.022900
6643,-2.257410,0.744453,4.535003,0.643023,-0.748088,0.163969
6644,-2.550593,0.843287,4.508040,-0.818040,0.023760,-0.574670
6645,-2.547690,0.845783,4.511240,0.633074,0.773860,-0.018904
6646,-2.448007,0.749618,4.513730,-0.075475,0.390011,-0.917712
6647,-2.829230,0.510054,4.502107,-0.812804,-0.565668,-0.139173
6648,-2.730407,0.620848,4.504583,0.879680,0.186053,0.437661
6649,-2.733107,0.620207,4.500540,-0.022205,0.118033,-0.992761
6650,-2.735820,0.622717,4.504927,-0.656815,0.677390,0.331266
6651,-2.549343,0.651958,4.514423,-0.571731,0.820414,0.006597
6652,-2.644963,0.740860,4.511730,-0.165499,-0.693408,0.701281
6653,-2.643497,0.740206,4.505357,0.122845,-0.822457,-0.555404
6654,-2.646727,0.743330,4.507683,-0.747719,0.620726,-0.235830
6655,-2.642003,0.743301,4.508770,0.727326,0.679317,0.097597
6656,-2.550803,0.748951,4.515597,-0.679106,-0.733781,-0.019530
6657,-2.547300,0.649245,4.517733,0.795257,-0.139814,0.589931
6658,-2.349080,0.648308,4.527840,0.803723,0.553568,0.218155
6659,-2.685297,0.711377,4.493307,0.328564,0.868891,-0.370234
6660,-2.686423,0.706514,4.492553,-0.276785,-0.498382,-0.821587
6661,-2.053997,0.649655,4.544843,-0.813783,-0.034404,-0.580150
6662,-2.053987,0.649805,4.551507,-0.812120,-0.008043,0.583435
6663,-2.051670,0.652172,4.548117,0.681091,0.731990,-0.017464
6664,-2.248943,0.252546,4.544610,-0.681690,-0.731000,-0.030619
6665,-2.346800,0.059958,4.538567,0.825016,-0.539778,-0.167296
6666,-2.351943,0.060419,4.537450,-0.789873,-0.519234,-0.326338
6667,-2.651117,0.069274,4.511390,-0.678476,-0.138569,-0.721435
6668,-2.250903,0.059457,4.549853,0.126246,0.838689,-0.529777
6669,-2.536157,0.349420,4.517333,0.850821,-0.005682,-0.525425
6670,-2.655323,0.152757,4.519600,0.710309,0.697085,0.097638
6671,-2.538810,0.347062,4.520533,-0.679956,-0.732504,-0.033124
6672,-2.538857,0.351787,4.520407,-0.710111,0.700321,-0.072751
6673,-2.443710,0.054230,4.535517,-0.793068,0.609134,0.000529
6674,-2.250343,0.151636,4.549740,-0.826584,0.272179,-0.492623
6675,-2.444217,0.254912,4.530637,-0.716188,-0.688032,-0.116985
6676,-2.441030,0.052138,4.538847,0.782017,0.092358,0.616375
6677,-2.440867,0.052356,4.532190,0.811040,0.131725,-0.569967
6678,-2.443043,0.049520,4.535377,-0.582756,-0.811615,-0.040932
6679,-2.254007,0.055065,4.550580,-0.822650,-0.475938,-0.311016
6680,-2.248673,0.149669,4.554793,-0.350370,-0.365141,0.862504
6681,-2.246443,0.254933,4.541390,0.847077,0.018059,-0.531163
6682,-2.142293,0.450520,4.546810,0.438927,0.227044,-0.869364
6683,-2.140993,0.550220,4.545773,0.747545,0.658442,0.087353
6684,-2.145733,0.550466,4.545287,-0.676420,0.734205,-0.058303
6685,-1.952340,0.459475,4.556390,0.212610,0.944613,-0.250007
6686,-2.144970,0.452466,4.551197,-0.365015,0.816195,0.447872
6687,-2.246300,0.147646,4.549693,0.247494,-0.872454,-0.421392
6688,-2.249090,0.257269,4.544537,-0.724560,0.687148,-0.053303
6689,-2.246843,0.255027,4.548043,0.777104,0.033892,0.628459
6690,-2.148647,0.153524,4.557773,-0.473068,0.797422,-0.374600
6691,-2.059153,0.146233,4.567793,0.126892,-0.753758,0.644784
6692,-2.058800,0.145898,4.561153,0.190630,-0.814063,-0.548600
6693,-2.557853,0.134421,4.526220,0.448670,-0.840386,-0.304051
6694,-2.559797,0.138343,4.524120,0.183332,0.886119,-0.425655
6695,-2.562223,0.135874,4.527363,-0.903759,-0.426129,0.040421
6696,-2.656607,0.149459,4.516277,0.157818,-0.819674,-0.550661
6697,-2.658210,0.150213,4.522560,-0.167678,-0.666622,0.726291
6698,-1.557173,0.441827,4.589060,0.663182,-0.748154,-0.021351
6699,-2.553953,0.057664,4.521333,-0.267788,0.401999,-0.875606
6700,-2.556583,0.056999,4.526997,-0.870759,0.249481,0.423719
6701,-2.553407,0.053967,4.524633,0.253954,-0.967206,0.004334
6702,-2.346233,0.159937,4.541943,0.702081,-0.712010,-0.011137
6703,-2.348817,0.162166,4.545303,-0.015332,0.751404,0.659664
6704,-2.441327,0.257250,4.527733,0.813184,0.050762,-0.579788
6705,-2.554370,-0.013705,4.516510,-0.417291,-0.063413,0.906558
6706,-2.550460,-0.015462,4.514427,0.900752,-0.416659,-0.122641
6707,-2.553133,-0.010165,4.513567,0.229742,0.912465,-0.338565
6708,-2.555587,-0.015036,4.512097,-0.564725,-0.402004,-0.720749
6709,-1.646727,0.353326,4.584593,-0.845219,0.525119,-0.099271
6710,-2.348323,0.162756,4.538683,0.072094,0.855745,-0.512351
6711,-2.855777,0.437858,4.483653,0.353428,-0.935300,-0.017373
6712,-2.648307,0.356780,4.512290,-0.394611,-0.549434,0.736481
6713,-2.650063,0.360595,4.508063,-0.841613,0.420903,-0.338422
6714,-2.647030,0.453566,4.507200,0.710498,0.665770,-0.227911
6715,-2.769427,0.541015,4.497850,0.730399,0.677482,0.086805
6716,-2.551770,0.934641,4.505680,-0.995367,-0.087126,0.040671
6717,-2.774120,0.541092,4.496823,-0.737944,0.635336,-0.227568
6718,-2.770970,0.538001,4.494440,0.105304,-0.832729,-0.543574
6719,-2.772363,0.538681,4.500857,-0.163232,-0.701401,0.693825
6720,-2.742260,0.469256,4.508363,-0.878062,-0.382577,0.287474
6721,-2.648907,0.451211,4.511280,0.154755,-0.612058,0.775523
6722,-2.651903,0.453263,4.507933,-0.789938,0.613115,-0.009402
6723,-2.860030,0.440088,4.482783,-0.943461,-0.186207,-0.274242
6724,-2.821237,0.472019,4.504310,-0.537514,0.438705,0.720151
6725,-2.784750,0.331810,4.497963,0.276879,-0.960564,-0.025592
6726,-2.821027,0.467493,4.501237,-0.438434,-0.875407,-0.203565
6727,-2.749420,0.353832,4.508610,0.652795,0.757510,-0.006129
6728,-2.736053,0.471313,4.501167,0.076047,-0.183961,-0.979987
6729,-3.050707,0.647556,4.477493,0.012878,-0.822286,0.568929
6730,-3.050457,0.647783,4.470840,0.058027,-0.781797,-0.620827
6731,-3.053127,0.650031,4.474150,-0.760063,0.649818,-0.006389
6732,-2.855697,0.441763,4.480727,0.483740,0.741447,-0.465029
6733,-2.857377,0.441012,4.487017,0.147696,0.591210,0.792879
6734,-2.753273,0.742610,4.488780,-0.138975,-0.790191,-0.596895
6735,-2.696270,0.717722,4.504533,0.413042,0.428510,0.803602
6736,-2.750450,0.663697,4.491950,0.464743,-0.545642,-0.697344
6737,-2.349717,0.556781,4.533530,0.030231,0.878381,0.477005
6738,-2.349190,0.555872,4.526947,0.122587,0.717717,-0.685460
6739,-2.347393,0.553739,4.530760,0.636674,-0.755332,0.155304
6740,-2.450450,0.748044,4.518070,-0.775905,-0.563523,0.283571
6741,-2.447760,0.752251,4.519637,-0.022929,0.943883,0.329484
6742,-2.144480,0.749231,4.536953,0.841509,0.013121,-0.540084
6743,-2.144850,0.749414,4.543607,0.776476,0.045582,0.628496
6744,-2.254243,0.840638,4.526480,0.070278,-0.839806,-0.538318
6745,-2.550017,1.148140,4.505130,-0.238659,-0.686672,0.686676
6746,-2.536770,1.148230,4.503287,0.755749,-0.625244,0.194715
6747,-2.351580,0.646362,4.523783,0.051380,-0.639079,-0.767423
6748,-2.352560,0.645286,4.530123,-0.153071,-0.850909,0.502518
6749,-2.444910,0.456778,4.527830,-0.054305,0.722198,0.689551
6750,-2.259337,0.746639,4.531140,-0.704948,-0.039457,-0.708160
6751,-2.529333,0.983809,4.499913,-0.312510,0.948739,0.047235
6752,-2.350793,0.850428,4.527483,0.684122,-0.103406,0.722000
6753,-2.442083,0.454491,4.524570,0.725385,-0.688143,0.016606
6754,-2.256820,0.843115,4.529810,-0.125935,-0.022453,0.991784
6755,-2.353060,0.848320,4.523747,-0.752526,-0.647040,-0.122651
6756,-2.441353,0.841890,4.511887,0.792668,0.031965,-0.608815
6757,-2.751013,0.744295,4.493070,-0.114180,-0.146920,0.982536
6758,-2.546013,0.749239,4.515903,0.767332,-0.637076,0.073052
6759,-2.672247,0.693182,4.493440,0.952010,-0.101022,-0.288914
6760,-2.747767,0.746088,4.489940,0.896405,-0.107602,-0.429977
6761,-2.703810,0.719466,4.501933,-0.971195,0.209758,-0.113055
6762,-2.697600,0.709850,4.499943,-0.675301,-0.710711,-0.197127
6763,-2.684710,0.710669,4.504830,0.293049,0.841027,0.454748
6764,-2.685837,0.705806,4.504077,-0.016674,-0.646183,0.763000
6765,-2.726580,0.551764,4.503147,-0.873213,0.480547,-0.081078
6766,-2.550150,0.647286,4.514403,-0.798843,-0.601540,0.000037
6767,-2.547327,0.649280,4.511070,0.790444,-0.133900,-0.597721
6768,-2.724363,0.549241,4.506543,0.109772,-0.821558,0.559457
6769,-2.723273,0.550136,4.500107,0.321280,-0.647743,-0.690803
6770,-2.722063,0.553005,4.504083,0.579119,0.788355,0.207647
6771,-2.651727,0.557450,4.505900,0.432737,0.877008,0.208794
6772,-2.682433,0.669632,4.496163,-0.245855,-0.954508,-0.168731
6773,-2.684847,0.678920,4.499410,-0.844877,0.110945,0.523330
6774,-2.683067,0.679589,4.493030,-0.480147,0.175662,-0.859419
6775,-2.827287,0.512551,4.505753,-0.005792,0.848340,0.529420
6776,-2.825667,0.511799,4.499350,0.289799,0.710675,-0.641060
6777,-2.829017,0.551391,4.492593,-0.178071,0.104975,0.978402
6778,-2.825947,0.552387,4.488513,0.909969,0.348194,-0.225206
6779,-2.677837,0.690145,4.502540,-0.475410,0.236426,0.847400
6780,-2.675423,0.680857,4.499293,0.917434,-0.330689,0.221268
6781,-2.677597,0.690620,4.491153,-0.621740,0.109544,-0.775525
6782,-2.525233,0.975311,4.496380,-0.008269,-0.051841,-0.998621
6783,-2.513690,0.976378,4.500810,0.231574,-0.831625,0.504750
6784,-2.819803,0.499655,4.500593,0.850546,0.093776,-0.517473
6785,-2.737343,0.469033,4.508787,0.605780,0.446377,0.658618
6786,-2.739860,0.481232,4.502740,0.612265,0.453172,0.647894
6787,-2.830980,0.553232,4.487507,-0.752643,0.481968,-0.448592
6788,-2.515277,0.983226,4.496390,0.009745,0.057069,-0.998323
6789,-2.540017,0.975664,4.493793,0.578522,-0.114751,-0.807554
6790,-2.828737,0.547996,4.488477,-0.097893,-0.947287,-0.305064
6791,-2.148500,1.045917,4.537717,-0.679619,-0.733429,-0.014149
6792,-2.146047,1.048203,4.541087,0.793046,0.013962,0.609002
6793,-2.146023,1.048310,4.534437,0.797310,0.032781,-0.602679
6794,-2.149390,1.145743,4.537057,-0.085285,-0.832926,0.546774
6795,-2.051503,1.149310,4.542000,-0.804593,-0.490781,0.334311
6796,-2.050473,1.352227,4.534517,0.706791,0.706533,0.035471
6797,-1.853170,1.555973,4.544880,-0.700764,-0.709457,-0.074841
6798,-1.850517,1.558600,4.541820,0.022833,0.804713,-0.593224
6799,-2.038163,1.556980,4.533680,0.810954,-0.069011,0.581026
6800,-1.743153,2.150643,4.531033,0.183822,-0.850963,0.492007
6801,-1.746233,2.153433,4.528437,-0.831547,0.529447,0.167976
6802,-1.663070,2.245923,4.540567,0.622202,0.782661,0.017505
6803,-1.555893,2.038210,4.579397,-0.014634,-0.618947,0.785296
6804,-1.555000,2.043700,4.577947,0.217911,0.893689,0.392218
6805,-2.235017,1.742127,4.500100,0.114777,-0.075973,-0.990482
6806,-2.232730,1.742903,4.504383,-0.053378,-0.731518,0.679730
6807,-1.146340,-0.074636,1.732053,0.056327,0.304894,-0.950719
6808,-1.662740,2.241183,4.540913,0.743765,-0.656723,0.124613
6809,-1.849297,1.653233,4.544143,-0.867093,-0.058193,0.494735
6810,-1.848570,1.652860,4.537527,-0.740215,-0.123744,-0.660885
6811,-2.279547,1.675960,4.494467,0.264465,-0.870176,-0.415754
6812,-2.249020,1.651133,4.500783,-0.201375,0.570257,-0.796402
6813,-2.246393,1.650520,4.504937,0.942001,-0.214152,0.258403
6814,-2.278743,1.678043,4.500673,0.418382,-0.469705,0.777389
6815,-2.250670,1.648107,4.504290,-0.327796,-0.942287,0.068156
6816,-2.462830,1.456443,4.498173,-0.831127,-0.553924,-0.048954
6817,-2.458773,1.459573,4.498700,0.404823,0.905738,-0.125525
6818,-2.048207,1.254733,4.539267,-0.762350,-0.647120,-0.007566
6819,-2.151073,1.551720,4.518573,0.649047,0.759342,0.046232
6820,-2.377770,1.467173,4.498830,-0.620714,0.732441,-0.279723
6821,-2.358310,1.452497,4.498400,-0.339284,-0.807827,-0.481978
6822,-2.366143,1.570410,4.496180,0.312547,0.949816,0.012793
6823,-2.417257,1.510807,4.499030,0.741824,-0.639166,-0.202887
6824,-2.255077,1.246963,4.526340,-0.002050,-0.802869,0.596152
6825,-2.254323,1.246860,4.519717,0.128567,-0.820862,-0.556467
6826,-2.148403,1.259737,4.533240,0.011697,0.730584,0.682723
6827,-2.551607,1.253793,4.497690,0.824324,0.566034,-0.009756
6828,-2.554190,1.251430,4.501160,-0.447149,-0.451371,0.772219
6829,-2.536327,1.228580,4.505030,0.475276,0.576664,0.664508
6830,-2.538647,1.223757,4.504053,0.094356,-0.970125,0.223507
6831,-2.511507,1.406887,4.497660,-0.262196,-0.374511,-0.889379
6832,-2.550340,1.354393,4.492120,0.755185,-0.540441,-0.370970
6833,-2.554260,1.357353,4.490470,-0.277859,0.778050,-0.563412
6834,-2.551563,1.357053,4.496397,0.271166,0.717048,0.642115
6835,-2.554687,1.354270,4.494093,-0.649118,-0.715183,0.259151
6836,-2.152937,1.255530,4.531410,-0.942165,-0.154156,0.297591
6837,-2.511823,1.410373,4.500910,-0.010541,0.999739,-0.020262
6838,-2.514363,1.406967,4.503093,-0.633267,-0.557697,0.536606
6839,-2.508477,1.406993,4.501347,0.831428,-0.336573,0.442093
6840,-2.364450,1.462380,4.496580,0.505925,0.683423,-0.526282
6841,-2.371630,1.457290,4.500650,-0.395074,-0.813577,-0.426626
6842,-2.449503,1.451033,4.494693,0.614509,0.502268,-0.608363
6843,-2.549510,1.654370,4.482820,0.811758,0.573717,0.109072
6844,-2.357587,1.349517,4.512253,-0.831540,0.544764,-0.108503
6845,-2.355243,1.347557,4.515917,0.089868,-0.734919,0.672174
6846,-2.352923,1.350447,4.512647,0.625477,0.780052,0.017252
6847,-2.354617,1.347200,4.509323,0.207143,-0.801317,-0.561234
6848,-2.269843,1.543710,4.508990,-0.256472,-0.644515,0.720293
6849,-2.149730,1.258360,4.528327,0.056858,0.346113,-0.936468
6850,-2.155857,1.551223,4.518093,-0.793154,0.000303,-0.609021
6851,-2.053170,1.349963,4.537717,-0.852474,0.025942,0.522125
6852,-2.052657,1.349783,4.531073,-0.762373,-0.006570,-0.647105
6853,-2.418573,1.516010,4.499133,0.051555,0.869525,-0.491191
6854,-2.355743,1.546687,4.498960,-0.633639,-0.746586,-0.202756
6855,-2.149920,1.457213,4.522097,-0.724433,-0.641072,-0.253423
6856,-2.370450,1.460133,4.505477,-0.130806,0.100365,0.986315
6857,-2.284443,1.551173,4.498337,0.252930,-0.633755,-0.731014
6858,-2.285167,1.556360,4.500453,0.221211,0.964000,-0.147547
6859,-2.294877,1.553727,4.499377,-0.991755,-0.120388,-0.043917
6860,-2.370420,1.568167,4.496353,-0.959657,0.273961,0.063272
6861,-2.367287,1.567183,4.492810,0.334272,-0.687097,-0.645104
6862,-2.358470,1.555780,4.495450,-0.050079,0.018315,-0.998577
6863,-2.359907,1.560120,4.502783,0.733440,0.424771,0.530693
6864,-2.349877,1.552463,4.502123,-0.058850,0.344071,0.937098
6865,-2.344873,1.538163,4.504723,-0.396887,-0.917868,-0.000523
6866,-2.340703,1.540583,4.504097,0.950421,-0.228091,-0.211362
6867,-2.353323,1.458900,4.504200,0.568750,0.715213,-0.406195
6868,-2.347183,1.449017,4.506020,0.642692,-0.740718,0.195662
6869,-2.356173,1.457553,4.508463,-0.261226,0.015445,0.965154
6870,-2.148597,1.459490,4.526090,-0.147103,0.806592,0.572512
6871,-2.146393,1.459487,4.519800,0.241988,0.806235,-0.539840
6872,-2.153503,1.548990,4.521737,-0.091924,-0.074356,0.992986
6873,-2.255940,1.544377,4.508363,0.737158,-0.654615,0.167560
6874,-1.852233,1.754950,4.535940,0.762884,-0.641496,0.080572
6875,-1.943347,1.846140,4.526503,0.029063,-0.166820,-0.985559
6876,-1.661090,1.653183,4.551877,-0.682139,0.712258,-0.165455
6877,-1.745653,1.750410,4.547467,0.827476,-0.031242,0.560631
6878,-1.748510,1.752970,4.544360,-0.623963,0.780383,0.040887
6879,-1.659390,1.650960,4.555707,-0.109099,-0.737916,0.666016
6880,-1.852637,1.759647,4.535737,0.618391,0.785677,0.017463
6881,-1.576827,2.239427,4.557957,-0.094659,0.100447,-0.990429
6882,-1.579673,2.237750,4.562640,-0.876927,-0.379724,0.294632
6883,-1.562930,1.838813,4.574067,-0.069733,-0.789219,-0.610139
6884,-1.748337,1.949390,4.539033,0.806150,0.588097,-0.065301
6885,-1.752893,1.949773,4.537800,-0.793659,0.468151,-0.388509
6886,-1.737650,2.042763,4.541623,-0.775783,-0.630996,0.002248
6887,-1.735013,2.045013,4.544947,0.749951,-0.049605,0.659631
6888,-1.737060,2.047517,4.541310,-0.576287,0.811992,-0.092530
6889,-2.056007,1.941863,4.519097,0.114437,-0.762679,0.636573
6890,-2.057043,1.943027,4.513647,-0.102856,-0.403941,-0.908984
6891,-1.945440,1.844113,4.530463,-0.077093,-0.743845,0.663891
6892,-1.940880,1.848827,4.529800,0.847364,0.130509,0.514725
6893,-2.053710,1.946237,4.516893,0.819803,0.571640,-0.033918
6894,-2.043177,2.155037,4.515730,0.759401,-0.109023,0.641424
6895,-2.046167,2.152807,4.512430,-0.746970,-0.664836,0.005375
6896,-1.941233,2.241577,4.513400,-0.675226,0.729101,-0.111720
6897,-1.936537,2.240217,4.513803,0.966833,0.253728,0.029258
6898,-2.351913,1.711680,4.503530,-0.842989,-0.156305,0.514721
6899,-2.346737,1.709263,4.502137,0.591290,-0.736399,0.328773
6900,-2.554300,1.754670,4.480813,-0.876944,0.078574,-0.474126
6901,-2.552137,1.754800,4.486463,-0.336719,0.111724,0.934953
6902,-2.550297,1.751923,4.482583,0.485379,-0.858382,-0.166097
6903,-2.844683,1.547457,4.459973,0.824000,0.035457,-0.565479
6904,-2.435827,1.053503,4.506440,0.135900,0.274994,-0.951793
6905,-2.438587,1.050673,4.509830,-0.755885,-0.638977,0.142639
6906,-2.448543,1.148610,4.505633,0.218186,-0.913773,-0.342657
6907,-2.543183,0.974445,4.497320,-0.759944,-0.639836,0.114431
6908,-2.443733,0.839352,4.515367,-0.572824,-0.818057,0.051528
6909,-2.441443,0.842370,4.518507,0.776264,0.120509,0.618782
6910,-2.444190,0.844074,4.515020,-0.765977,0.640350,-0.056844
6911,-2.547820,0.931684,4.506147,0.189231,-0.965449,0.179164
6912,-2.548087,0.935924,4.508703,0.479866,0.720106,0.501175
6913,-2.548243,0.934692,4.502230,0.449556,0.481819,-0.752163
6914,-2.349190,0.455473,4.533447,-0.709412,-0.703577,-0.041396
6915,-2.253137,0.545003,4.538667,0.644978,-0.762517,-0.050703
6916,-2.255433,0.547655,4.535507,-0.816666,0.095237,-0.569198
6917,-2.255303,0.547322,4.542163,-0.793540,0.036561,0.607419
6918,-2.561787,1.150980,4.496457,-0.132875,-0.776109,-0.616441
6919,-2.349127,0.460179,4.534087,-0.333541,0.883526,0.328835
6920,-2.346437,0.457691,4.530280,0.504849,0.109640,-0.856216
6921,-2.345167,0.456080,4.535897,0.783001,-0.094149,0.614854
6922,-2.832977,0.947299,4.486863,0.493081,0.075264,0.866722
6923,-2.835033,0.949626,4.482720,-0.604041,0.762320,-0.232383
6924,-2.835847,1.152437,4.478060,-0.664892,0.744279,-0.062980
6925,-2.833447,1.149757,4.474947,0.826566,-0.066646,-0.558881
6926,-2.749497,0.839478,4.492593,-0.841324,0.362832,-0.400659
6927,-2.743490,0.850484,4.491407,-0.798300,0.422399,-0.429296
6928,-2.745473,0.835627,4.492030,0.224757,-0.836747,-0.499339
6929,-2.739467,0.846633,4.490843,0.717639,-0.120786,-0.685861
6930,-2.751970,0.351485,4.505323,-0.493160,-0.096007,-0.864625
6931,-2.753417,0.352777,4.511007,-0.790651,0.001639,0.612265
6932,-2.788813,0.334250,4.497237,-0.951796,-0.188360,-0.242083
6933,-2.784700,0.335498,4.494897,0.518542,0.731448,-0.442829
6934,-2.786217,0.334890,4.501333,0.237969,0.619021,0.748454
6935,-2.711853,0.012519,4.495267,0.913916,-0.182104,-0.362760
6936,-2.716270,0.015886,4.495047,-0.294468,0.897235,-0.329026
6937,-2.720533,0.004970,4.490917,-0.682946,0.180726,-0.707759
6938,-2.716117,0.001603,4.491137,0.891761,-0.222955,-0.393768
6939,-1.560863,0.442997,4.591810,-0.697376,-0.002030,0.716702
6940,-1.832923,0.537840,4.571907,0.786564,-0.304746,0.537073
6941,-1.834147,0.539897,4.566467,0.474369,0.220068,-0.852375
6942,-1.738613,0.454882,4.576507,-0.669380,-0.742913,0.003268
6943,-1.379607,0.376707,4.596270,0.725955,-0.497067,-0.475304
6944,-1.381040,0.377350,4.602583,0.431354,-0.364234,0.825390
6945,-1.736437,0.457660,4.579817,-0.083678,0.802878,0.590242
6946,-1.736373,0.457574,4.573163,-0.072786,0.787037,-0.612597
6947,-1.733887,0.455348,4.576543,0.777935,-0.628152,0.015556
6948,-1.952293,0.746410,4.552153,-0.204609,-0.354322,-0.912464
6949,-1.950993,0.743932,4.557760,0.092738,-0.922783,0.373992
6950,-1.350733,0.344292,4.605227,-0.001830,0.076221,-0.997089
6951,-1.347517,0.344939,4.608673,0.873349,0.213989,0.437574
6952,-1.351447,0.340789,4.608363,-0.231011,-0.894202,0.383453
6953,-1.643943,0.352058,4.588223,0.732253,0.238817,0.637787
6954,-1.643530,0.351474,4.581617,0.808364,0.132045,-0.573683
6955,-2.988640,1.040333,4.476613,-0.859007,-0.195349,0.473228
6956,-2.986220,1.041000,4.471300,-0.211659,-0.252948,-0.944043
6957,-2.620087,1.037807,4.503067,0.940105,-0.203561,0.273432
6958,-2.624013,1.039603,4.505197,-0.508091,0.780181,0.364912
6959,-2.622497,1.038177,4.498920,-0.219054,0.508488,-0.832740
6960,-3.140140,1.549670,4.435450,0.302801,0.763257,-0.570745
6961,-3.143247,1.547963,4.438583,-0.908035,-0.415181,-0.055641
6962,-3.053057,1.556120,4.446907,-0.689119,-0.724644,0.002518
6963,-3.051157,1.559050,4.450167,-0.083081,0.844638,0.528852
6964,-3.050553,1.558453,4.443573,0.027365,0.735488,-0.676985
6965,-3.210350,0.946713,4.450697,-0.081616,0.032264,-0.996141
6966,-1.756807,1.446933,4.556693,-0.527692,-0.363809,0.767583
6967,-3.212077,0.943770,4.455033,-0.436486,-0.846654,0.304398
6968,-1.534467,0.139868,4.607140,-0.884085,-0.014988,0.467085
6969,-1.533300,0.140241,4.600613,-0.667933,0.054018,-0.742259
6970,-1.658637,0.241588,4.591477,0.602119,-0.798168,0.019516
6971,-1.660780,0.244228,4.594743,-0.800103,0.123310,0.587052
6972,-1.660740,0.244095,4.588083,-0.793194,0.099439,-0.600795
6973,-2.348527,1.942913,4.487347,0.078954,-0.802247,-0.591749
6974,-2.345247,1.947167,4.489917,0.908875,0.399473,-0.119866
6975,-1.985887,2.383440,4.497973,0.856628,-0.515563,0.019594
6976,-1.976107,2.410540,4.504147,0.484083,-0.447187,0.752122
6977,-1.984783,2.393243,4.504483,0.666436,-0.059385,0.743193
6978,0.603382,1.720103,4.701703,-0.554331,-0.281047,-0.783409
6979,0.590879,1.727833,4.699937,-0.125401,-0.717881,-0.684778
6980,0.579876,2.550383,4.686783,0.180077,0.976703,0.116720
6981,0.714297,2.202990,4.704833,-0.655328,-0.739332,0.154705
6982,0.839259,2.349317,4.688203,-0.741265,0.326855,-0.586253
6983,0.637941,2.207737,4.596157,0.178828,-0.791949,-0.583812
6984,0.637563,2.214240,4.606163,-0.063033,-0.584352,0.809048
6985,0.639920,2.229830,4.606337,-0.910372,0.330400,-0.249116
6986,0.634726,2.216497,4.602233,-0.774474,0.516663,-0.365035
6987,0.568529,2.174810,4.681020,0.617020,0.291081,0.731135
6988,0.641560,2.313007,4.589903,0.953200,0.280928,-0.111758
6989,0.636965,2.311290,4.586987,-0.329207,-0.144914,-0.933072
6990,0.636956,2.313120,4.591510,-0.572490,0.619262,0.537372
6991,0.561638,2.436590,4.677723,-0.249052,-0.957388,-0.146226
6992,0.646616,2.145423,4.653217,-0.241950,-0.216777,0.945763
6993,0.576871,2.546170,4.686197,-0.960218,-0.271534,-0.065191
6994,0.580103,1.730873,4.706057,-0.549244,-0.820650,0.157684
6995,0.716010,2.206557,4.707427,-0.104199,0.922229,0.372339
6996,0.731971,2.244037,4.655830,0.892528,0.290618,0.344870
6997,0.839995,2.352540,4.697010,-0.440594,-0.329063,0.835221
6998,0.856384,2.226867,4.719590,0.995216,-0.045235,-0.086597
6999,0.719002,2.203417,4.705093,0.807632,-0.547429,0.219210
7000,1.026723,2.048433,4.769183,-0.308673,-0.854308,-0.418186
7001,1.029607,2.052347,4.767993,0.918890,0.341262,-0.197944
7002,1.026937,2.050500,4.773737,0.400880,-0.016830,0.915976
7003,0.701301,2.141833,4.689920,0.142676,0.349048,0.926180
7004,0.701867,2.137950,4.686720,-0.310675,-0.945492,-0.097603
7005,0.705599,2.140927,4.685023,0.984688,0.171084,-0.033451
7006,1.129750,2.369073,4.760493,0.769373,0.637943,0.033071
7007,1.125060,2.368193,4.761760,-0.909741,0.310728,-0.275354
7008,1.127060,2.365590,4.765450,0.263609,-0.016640,0.964486
7009,0.650525,2.146413,4.649830,0.835546,0.544986,-0.069656
7010,0.569045,2.378180,4.681570,-0.399305,0.909221,0.117783
7011,0.727608,2.245400,4.653197,-0.498760,0.793771,-0.348090
7012,0.729688,2.240790,4.651697,0.203086,-0.690680,-0.694059
7013,0.567769,2.373350,4.682217,-0.633861,-0.760274,0.142138
7014,0.647442,1.961330,4.664387,0.852319,-0.516496,-0.082367
7015,0.645305,1.776900,4.676123,0.605211,-0.071904,0.792811
7016,0.645545,1.777360,4.671000,0.362070,0.472260,-0.803664
7017,0.542923,1.790053,4.697783,0.571964,0.126834,0.810414
7018,0.538020,1.790303,4.696477,-0.822024,0.563581,-0.081567
7019,0.540839,1.786620,4.695063,-0.051729,-0.998656,0.003047
7020,0.593596,1.833870,4.703630,0.509055,0.832468,-0.218769
7021,0.581429,2.545623,4.683740,0.459136,-0.207138,-0.863880
7022,0.550531,1.854870,4.700027,0.296362,0.946336,0.128909
7023,0.585025,1.736107,4.698963,0.142379,0.550183,-0.822816
7024,-0.166032,0.248265,4.688143,-0.845084,0.507973,-0.166723
7025,0.136815,0.025034,4.653433,-0.302545,-0.674390,-0.673547
7026,-0.022748,0.120682,4.704050,-0.696038,-0.579730,0.423609
7027,-0.031279,0.134189,4.705673,-0.737912,-0.484868,0.469457
7028,-0.026126,0.136160,4.706263,0.482820,0.469238,0.739392
7029,-0.017595,0.122652,4.704640,0.854131,-0.191308,0.483592
7030,0.135532,0.026739,4.659090,-0.623178,-0.247678,0.741825
7031,0.140117,0.026929,4.656840,0.971102,-0.046263,0.234138
7032,0.221811,0.038069,4.670613,0.481429,-0.328802,-0.812474
7033,0.217451,0.040337,4.672110,-0.979784,0.167588,-0.109257
7034,0.221081,0.037044,4.675593,-0.078424,-0.649781,0.756065
7035,-0.160995,0.249054,4.688547,0.649817,0.758469,-0.049631
7036,-0.162711,0.245258,4.685677,0.172146,-0.819132,-0.547164
7037,0.556539,1.846947,4.697703,0.412166,-0.184263,-0.892282
7038,0.574249,1.739147,4.705083,-0.812750,0.578690,0.067497
7039,0.574251,1.835810,4.703520,0.145805,0.069157,-0.986893
7040,0.589532,1.833140,4.701327,-0.594355,-0.694382,-0.405681
7041,0.604562,1.822510,4.704243,0.964338,-0.188816,-0.185474
7042,0.699656,1.959540,4.691570,0.472120,0.880486,0.042984
7043,0.643556,1.962340,4.667877,-0.245742,0.188041,0.950921
7044,0.695912,1.957410,4.693817,-0.991838,-0.089518,0.090790
7045,0.646550,1.850863,4.652457,0.958955,-0.257381,0.118999
7046,0.643286,1.854453,4.651097,0.009367,0.943243,-0.331972
7047,0.572801,2.375400,4.683450,0.774175,-0.121295,0.621241
7048,0.600498,1.821780,4.701940,-0.717455,-0.489100,-0.496024
7049,0.538849,1.854920,4.697587,-0.870309,0.487688,-0.068725
7050,0.544002,1.846383,4.701730,-0.510284,-0.574552,0.639921
7051,0.544857,1.846997,4.695263,-0.176894,-0.514132,-0.839272
7052,0.566491,2.174797,4.676740,-0.487411,0.672053,-0.557473
7053,0.565251,2.171003,4.679297,-0.709984,-0.616737,0.339938
7054,0.727408,2.241633,4.656887,-0.558842,-0.473701,0.680664
7055,0.571457,2.375510,4.678043,0.311470,-0.206450,-0.927559
7056,0.601841,1.822580,4.708110,-0.424763,-0.314110,0.849065
7057,0.604742,1.719013,4.706937,-0.113139,-0.664157,0.738982
7058,0.608047,1.721527,4.703697,0.968756,0.077896,-0.235467
7059,0.593210,1.727347,4.711693,-0.149094,-0.605852,0.781482
7060,0.598131,1.732580,4.704600,0.538325,0.841989,0.035508
7061,0.587356,1.735620,4.710720,0.291029,0.719819,0.630209
7062,1.060050,1.647037,4.810240,-0.658005,0.747949,-0.087188
7063,0.951433,1.555843,4.747990,0.325851,0.887718,0.325236
7064,1.060393,1.642857,4.812730,-0.433710,-0.839004,0.328584
7065,1.062880,1.644407,4.807260,0.430020,-0.435708,-0.790722
7066,0.580606,1.838143,4.709870,0.154805,0.623368,0.766451
7067,0.557975,1.847937,4.708217,0.268972,0.565720,0.779497
7068,0.553679,1.843057,4.707240,-0.572164,-0.598311,0.560938
7069,0.588870,1.830663,4.710567,-0.188618,-0.790102,0.583234
7070,0.572246,1.832533,4.706590,-0.238573,-0.849017,0.471437
7071,1.020197,1.841123,4.775070,-0.891008,-0.205145,-0.404993
7072,1.023127,1.845110,4.775983,0.154670,0.920758,0.358166
7073,1.025077,1.840760,4.773897,0.627116,-0.295819,-0.720567
7074,0.965919,2.328840,4.674060,0.334520,0.941983,-0.027652
7075,0.962378,2.325927,4.671800,-0.348072,-0.376037,-0.858745
7076,0.963180,2.325780,4.676510,-0.563218,0.044488,0.825110
7077,1.976440,2.232820,4.806040,0.768148,0.107498,0.631184
7078,1.983123,2.137367,4.806810,-0.512887,0.146084,0.845935
7079,1.981883,2.135587,4.801007,-0.805934,-0.273731,-0.524921
7080,1.803780,2.388487,4.751213,-0.677880,0.075488,-0.731287
7081,1.728807,2.144267,4.823310,-0.390246,0.719486,0.574497
7082,1.722547,2.065083,4.823320,-0.942227,-0.057145,0.330065
7083,1.993047,2.242737,4.662577,0.993011,-0.117953,0.004016
7084,1.974067,2.235653,4.802990,-0.189744,0.864879,-0.464739
7085,1.989483,2.242563,4.659287,-0.331843,-0.129895,-0.934349
7086,1.989197,2.240320,4.664280,-0.544408,-0.565613,0.619437
7087,1.942163,2.155623,4.796550,0.525700,0.186356,0.830007
7088,1.940670,2.152277,4.793277,-0.664445,-0.746337,-0.038652
7089,1.940927,2.156957,4.792063,-0.607333,0.677233,-0.415333
7090,1.754203,2.374107,4.756333,-0.199815,0.937765,0.284024
7091,1.754643,2.368593,4.758773,-0.090552,-0.439663,0.893587
7092,1.752167,2.369547,4.753883,-0.754338,-0.315087,-0.575930
7093,1.728197,2.250247,4.760890,-0.936135,0.232298,-0.263985
7094,1.731787,2.143993,4.819450,0.530650,0.573539,-0.624071
7095,1.971737,2.232007,4.806447,-0.868737,-0.336243,0.363644
7096,1.953697,2.253017,4.761260,-0.359507,-0.257006,-0.897052
7097,1.955960,2.256913,4.763397,0.830481,0.551484,0.078527
7098,1.805533,2.390073,4.755857,0.177187,0.839704,0.513325
7099,1.804160,2.385103,4.756617,-0.595141,-0.664580,0.451819
7100,1.952017,2.254937,4.765543,-0.878482,0.311715,0.362082
7101,1.954727,2.250843,4.765630,0.591078,-0.623753,0.511428
7102,1.679280,2.371887,4.784403,0.720673,0.691892,-0.043774
7103,1.678727,2.367340,4.786203,0.212017,-0.971658,-0.104549
7104,1.675493,2.370767,4.787133,-0.435377,0.376689,0.817650
7105,1.720780,2.425313,4.819440,-0.524432,0.618302,0.585383
7106,1.720000,2.422007,4.814540,-0.696033,-0.203066,-0.688696
7107,1.548230,2.356423,4.790187,-0.968514,0.182476,-0.169363
7108,1.550940,2.360263,4.790987,0.856651,0.509782,-0.079190
7109,1.554660,2.363270,4.805113,0.337305,0.826792,-0.450156
7110,1.552363,2.364113,4.816203,-0.096396,0.508661,0.855553
7111,1.448287,2.341073,4.803507,-0.359576,-0.677926,0.641187
7112,1.366070,2.237697,4.818783,-0.028085,-0.998053,-0.055682
7113,1.362930,2.241690,4.823033,-0.620234,-0.245240,0.745095
7114,1.363577,2.241947,4.818107,-0.342071,0.545403,-0.765195
7115,1.595183,2.283540,4.747723,-0.213769,-0.952311,-0.217732
7116,1.592887,2.287760,4.747463,-0.749273,0.661796,0.024808
7117,1.439440,2.247043,4.839133,0.751455,0.656650,0.064235
7118,1.648887,2.239773,4.844293,-0.815734,0.569789,0.099595
7119,1.652160,2.238670,4.840773,0.786675,0.300236,-0.539445
7120,1.651883,2.237150,4.847203,0.734199,0.012538,0.678819
7121,1.722867,2.420433,4.818770,0.309014,-0.810428,0.497711
7122,0.984924,2.583603,4.711557,0.858865,0.175042,0.481365
7123,1.063500,2.710220,4.807523,-0.782986,-0.544756,0.300288
7124,1.067377,2.714190,4.808700,0.200578,0.864540,0.460803
7125,1.066970,2.724073,4.795900,0.769366,0.416976,-0.483950
7126,1.063400,2.724187,4.799880,-0.145036,0.371323,0.917106
7127,1.350400,2.663587,4.763220,-0.933450,-0.220371,-0.283032
7128,1.353440,2.668200,4.765660,-0.176001,0.929393,0.324426
7129,1.355447,2.665180,4.761393,0.540700,0.086274,-0.836779
7130,-1.852957,1.345917,4.552890,0.705002,0.702959,0.093921
7131,-1.855457,1.343117,4.555877,-0.054999,-0.793182,0.606496
7132,1.064900,1.951307,4.814850,-0.857441,-0.512765,0.043213
7133,1.068520,1.953673,4.810587,0.027050,0.064196,-0.997571
7134,1.978293,1.939057,4.802030,-0.474491,0.081548,-0.876475
7135,1.976597,1.939573,4.808107,-0.853712,0.197339,0.481905
7136,-0.774047,0.150422,4.643033,0.059914,-0.838757,-0.541200
7137,-0.778066,0.154732,4.644543,-0.816091,0.372042,-0.442245
7138,-0.953643,0.040673,4.625193,-0.656324,-0.646624,0.388737
7139,-0.951154,0.044540,4.623960,-0.051103,0.977560,0.204365
7140,-0.780008,-0.024937,4.593947,-0.549145,-0.545364,0.633260
7141,-0.777298,-0.015375,4.601950,-0.648311,-0.241783,0.721965
7142,-0.766731,-0.011198,4.605957,0.483756,0.458892,0.745250
7143,-0.899489,-0.020707,4.564650,-0.280753,0.953083,-0.113186
7144,-0.899279,-0.024893,4.568000,-0.216238,-0.334324,0.917316
7145,-0.914471,-0.009523,4.600000,0.476919,0.691737,-0.542261
7146,-0.917314,-0.014556,4.599410,-0.283842,-0.655004,-0.700288
7147,-0.896339,-0.024501,4.564010,0.962174,-0.139118,-0.234239
7148,-0.962454,-0.008838,4.581893,-0.812595,0.042368,-0.581286
7149,-1.140000,-0.026601,4.568607,0.995302,-0.046751,0.084785
7150,-0.960561,-0.012311,4.592037,0.387728,-0.696663,0.603596
7151,-0.962549,-0.002067,4.595563,0.726304,0.596267,0.341976
7152,-0.965568,-0.006447,4.592447,-0.983374,-0.164226,-0.077489
7153,-1.031433,-0.013473,4.597303,-0.851168,0.475242,0.222839
7154,-1.094930,-0.000641,4.590940,0.385996,-0.051558,-0.921059
7155,-1.091177,0.005370,4.594947,0.572592,0.519306,-0.634397
7156,-1.088087,0.001648,4.601900,0.723858,0.109007,0.681284
7157,-1.104590,0.000304,4.591603,-0.698396,-0.192651,-0.689296
7158,-1.101500,-0.003418,4.598557,-0.324644,-0.879573,0.347789
7159,-1.097747,0.002593,4.602563,-0.340409,0.527846,0.778139
7160,-1.100837,0.006315,4.595610,-0.428057,0.849874,0.307379
7161,-0.847822,0.039130,4.631050,0.313142,-0.846443,0.430670
7162,-0.848030,0.041345,4.625157,0.290888,-0.349437,-0.890661
7163,-0.857581,-0.013397,4.612280,-0.841292,-0.299723,0.449883
7164,-0.758107,0.029024,4.635907,-0.528148,-0.813688,0.242841
7165,-0.756912,0.031655,4.629977,-0.297381,-0.303886,-0.905107
7166,-0.854597,-0.013789,4.608197,0.542233,-0.695683,-0.471178
7167,-0.856729,-0.009294,4.607203,-0.674763,0.501691,-0.541296
7168,-1.143217,-0.023758,4.566353,-0.457569,0.247268,-0.854101
7169,-0.957447,-0.014702,4.581483,0.869127,-0.350901,-0.348549
7170,-0.959435,-0.004458,4.585010,0.723311,0.636366,-0.268068
7171,-0.174628,-0.056703,2.310287,0.528727,-0.078310,0.845172
7172,-0.176594,-0.059749,2.307080,0.157443,-0.587234,-0.793957
7173,-0.176055,-0.053124,2.307357,0.255487,0.617851,-0.743630
7174,-0.253808,-0.061392,2.147833,0.839435,-0.292717,-0.457892
7175,-0.256363,-0.061638,2.152757,-0.041813,-0.492913,0.869073
7176,-0.259329,-0.061729,2.147377,-0.750356,-0.514482,-0.415059
7177,-0.280354,-0.059280,2.302863,0.395728,0.424915,-0.814154
7178,-0.303632,-0.059137,2.304210,-0.697145,-0.543340,-0.467729
7179,-0.295288,-0.059487,2.308083,0.121258,-0.378925,0.917449
7180,-0.281034,-0.059845,2.310533,-0.346358,0.887197,0.304822
7181,-0.277567,-0.063099,2.310520,-0.020685,-0.813526,0.581161
7182,0.192642,0.782816,2.806827,-0.948920,-0.258413,-0.181038
7183,0.194922,0.780220,2.834727,-0.673853,0.359796,0.645344
7184,0.196444,0.777727,2.816403,-0.264005,-0.964411,-0.014567
7185,0.196275,0.775694,2.832053,-0.309717,-0.864432,-0.396020
7186,0.193654,0.786528,2.820507,-0.723122,0.668117,0.175253
7187,1.445217,0.646016,2.833517,-0.320580,-0.600449,0.732591
7188,0.039370,-0.083665,0.942508,-0.829258,0.555537,-0.060916
7189,0.039650,-0.090320,0.942659,-0.779656,-0.625280,-0.034076
7190,0.454797,-0.084959,1.037077,-0.024767,-0.596162,-0.802482
7191,0.452458,-0.081614,1.039517,-0.691947,0.003273,0.721940
7192,0.454728,-0.078294,1.036980,-0.036939,0.572010,-0.819415
7193,0.450696,-0.090831,0.744133,0.798023,-0.601228,0.041046
7194,0.450704,-0.084176,0.744212,0.799468,0.598162,0.055249
7195,0.225563,0.955648,2.768570,-0.838498,-0.041990,-0.543284
7196,0.226679,0.956504,2.774877,-0.603534,0.138182,0.785272
7197,2.222193,0.645689,3.446720,0.142263,-0.051977,-0.988463
7198,2.218397,0.645721,3.449767,-0.692982,-0.541776,0.475662
7199,2.224970,0.645646,3.450717,0.517411,-0.555789,0.650680
7200,2.227873,0.351997,3.507440,0.680857,0.112163,-0.723777
7201,2.231740,0.249310,3.452923,0.016561,-0.973955,-0.226138
7202,2.234883,0.252669,3.454650,0.483423,0.349565,0.802563
7203,2.228360,0.252844,3.453420,-0.723705,0.381635,0.574983
7204,2.227377,0.265264,3.514457,0.227188,0.865203,0.447001
7205,2.226217,0.260078,3.515343,0.325676,-0.822243,0.466746
7206,2.227473,0.262634,3.509757,0.600796,-0.263428,-0.754752
7207,2.223363,0.262424,3.512253,-0.972174,0.195349,-0.129294
7208,-0.246943,-0.093200,0.939131,-0.047943,-0.608526,-0.792084
7209,0.046588,0.752077,4.714223,0.563631,0.276399,-0.778411
7210,0.047821,0.750843,4.720350,0.831944,0.008265,0.554799
7211,0.250478,-0.092371,0.641486,-0.584614,-0.098017,-0.805369
7212,-0.054112,-0.112454,0.242075,-0.834757,-0.550089,-0.024149
7213,-0.053250,-0.106058,0.243181,-0.663184,0.722383,0.195832
7214,-0.050652,-0.110081,0.245040,0.636645,-0.213891,0.740901
7215,-0.049360,-0.107573,0.190403,-0.133303,0.974389,0.181099
7216,0.120711,-0.113227,0.190320,-0.797250,0.235031,-0.556016
7217,-0.047979,-0.112377,0.192570,0.283012,-0.473413,0.834137
7218,0.047740,-0.109708,0.240206,-0.699305,0.433943,0.568037
7219,0.252682,-0.095360,0.644405,0.768704,-0.606147,0.204158
7220,0.249730,-0.091762,0.646110,-0.745720,0.094120,0.659578
7221,-1.135393,-0.064611,2.097537,0.336607,0.928011,-0.159658
7222,-1.128083,-0.066382,2.087553,-0.114096,0.993138,-0.025681
7223,-1.125403,-0.069707,2.084467,0.718937,-0.626085,0.301905
7224,-1.131700,-0.074008,2.092947,0.807138,-0.525422,0.269185
7225,-1.047363,-0.075159,1.641810,-0.257955,0.585721,0.768369
7226,-0.347560,-0.102181,0.551905,0.893473,0.008222,0.449041
7227,-0.350842,-0.105494,0.550881,-0.784109,-0.528304,0.325681
7228,-0.350521,-0.098887,0.550120,-0.726202,0.661081,0.188686
7229,0.951990,-0.060972,1.538790,-0.618943,-0.560101,0.550633
7230,0.952693,-0.059512,1.533870,0.096628,-0.270938,-0.957735
7231,-2.235567,1.947743,4.505563,-0.349289,-0.824876,0.444495
7232,-2.232453,1.952077,4.505977,0.870106,0.296000,0.394080
7233,-2.243080,1.961650,4.504007,0.162666,0.715331,0.679589
7234,-2.254793,1.962830,4.505387,0.144552,0.704841,0.694481
7235,-2.249180,1.954970,4.506597,-0.404774,-0.784308,0.470126
7236,-3.065593,0.289409,4.474133,-0.346086,0.738881,0.578169
7237,-3.049350,0.046914,4.484880,0.573851,0.245715,0.781229
7238,-3.053813,0.048086,4.483093,-0.996452,-0.010841,0.083456
7239,-3.065257,0.289186,4.467517,-0.283184,0.697454,-0.658304
7240,-3.199190,0.155485,4.468253,0.875612,-0.089244,0.474699
7241,-3.201540,0.155287,4.463133,0.213803,-0.145324,-0.966007
