ply
format ascii 1.0
comment PCL generated
element vertex 11254
property float x
property float y
property float z
element face 0
element camera 1
property float view_px
property float view_py
property float view_pz
property float x_axisx
property float x_axisy
property float x_axisz
property float y_axisx
property float y_axisy
property float y_axisz
property float z_axisx
property float z_axisy
property float z_axisz
property float focal
property float scalex
property float scaley
property float centerx
property float centery
property int viewportx
property int viewporty
property float k1
property float k2
end_header
-2.0078447 15.879014 0.052492499
-1.9766028 15.876275 0.052296452
-1.9372981 15.873724 0.052113794
-1.8991514 15.870482 0.05188169
-1.8742323 15.875936 0.052272379
-2.2524824 15.917148 0.055223525
-2.2156048 15.914074 0.055003479
-2.1792483 15.911678 0.05483184
-2.1399388 15.908781 0.054624539
-2.0996447 15.90532 0.054376669
-2.0594695 15.902335 0.054162979
-2.0197706 15.899692 0.05397357
-1.9801797 15.900331 0.054019626
-1.940513 15.899755 0.053978484
-1.9001942 15.899797 0.053982019
-1.8625287 15.902045 0.054142699
-1.8334788 15.914823 0.05505807
-2.5306983 15.958323 0.058172345
-2.4980037 15.955655 0.05798145
-2.4569368 15.952656 0.057766624
-2.4184582 15.950197 0.05759057
-2.3804886 15.946372 0.057316612
-2.3413713 15.943345 0.057099853
-2.2997363 15.940552 0.056900088
-2.2584028 15.939373 0.056815524
-2.2186334 15.939498 0.056824669
-2.1787016 15.940176 0.056873254
-2.1394067 15.939619 0.05683348
-2.0991416 15.940104 0.056868542
-2.0599318 15.939063 0.056793783
-2.0199289 15.940093 0.056867871
-1.9795164 15.940046 0.056864601
-1.9401172 15.939388 0.056817364
-1.8999193 15.939945 0.056857549
-1.8599919 15.940082 0.056867547
-1.8214085 15.941975 0.057003137
-1.7918971 15.952333 0.057745218
-2.804796 15.999899 0.061149895
-2.7717409 15.996581 0.06091221
-2.7346761 15.994296 0.060748767
-2.6964417 15.990911 0.060506374
-2.6578047 15.98651 0.060191218
-2.6189716 15.983967 0.060009077
-2.5784664 15.981887 0.059860166
-2.5393708 15.978429 0.059612706
-2.4997785 15.980389 0.059753116
-2.4608407 15.979705 0.05970424
-2.420094 15.979801 0.059711151
-2.3780608 15.980335 0.059749667
-2.3380709 15.978548 0.059621733
-2.2988634 15.980507 0.059761923
-2.2601619 15.978464 0.059615906
-2.2210166 15.98048 0.059760388
-2.1801276 15.979722 0.059706114
-2.1390381 15.979894 0.059718572
-2.0997746 15.979899 0.059718952
-2.0594985 15.979335 0.059678704
-2.0195711 15.980256 0.059744626
-1.9798515 15.979548 0.059694164
-1.9397473 15.97969 0.059704434
-1.8998549 15.980102 0.059734162
-1.8605553 15.980147 0.059737477
-1.8205075 15.97998 0.059725519
-1.7809111 15.980754 0.05978122
-1.750283 15.992185 0.060599927
-2.9492271 16.031006 0.066041201
-2.8985353 16.024834 0.062935747
-2.8588529 16.022757 0.062787108
-2.8208594 16.021852 0.062722407
-2.7811453 16.019516 0.062555231
-2.7411654 16.020193 0.062603869
-2.7006567 16.018967 0.062516011
-2.6609168 16.019726 0.062570542
-2.6193922 16.01964 0.0625645
-2.580915 16.019747 0.062572338
-2.540333 16.019697 0.062568977
-2.4997735 16.019302 0.06254077
-2.4595585 16.019224 0.062534936
-2.420095 16.019697 0.062569089
-2.3811185 16.020214 0.062606379
-2.3393219 16.01931 0.062541567
-2.298995 16.01997 0.062588796
-2.2608194 16.019094 0.062526315
-2.2206047 16.020397 0.062619723
-2.1807697 16.019827 0.062579051
-2.1408701 16.019087 0.062526055
-2.1004231 16.0198 0.06257727
-2.0601964 16.020144 0.062601991
-2.0200634 16.020252 0.062610008
-1.9800766 16.019535 0.062558629
-1.9397 16.019579 0.062561914
-1.8994689 16.020035 0.062594756
-1.8592664 16.020239 0.062609345
-1.8197615 16.020136 0.062602229
-1.7797818 16.01981 0.062578969
-1.7398368 16.020811 0.062650681
-1.7087244 16.029455 0.063269936
-2.9506443 16.061995 0.068044677
-2.9001088 16.059202 0.065397665
-2.8613894 16.059288 0.065403938
-2.8194113 16.060534 0.065493368
-2.779259 16.059887 0.065447018
-2.7389667 16.059067 0.06538827
-2.7000308 16.059654 0.065430559
-2.6602149 16.060217 0.065470889
-2.6192477 16.060339 0.065479882
-2.5783217 16.059332 0.065407656
-2.5394535 16.061123 0.065536343
-2.4991839 16.059204 0.065398909
-2.4599717 16.060551 0.065495536
-2.4194245 16.059153 0.065395489
-2.3797863 16.060457 0.065489046
-2.3405645 16.059729 0.065437041
-2.3008239 16.059816 0.065443397
-2.2607398 16.059048 0.06538821
-2.2213492 16.060602 0.065499626
-2.1797035 16.059341 0.065409623
-2.1400182 16.059484 0.06541986
-2.0990603 16.059889 0.065449059
-2.0593877 16.059858 0.065446757
-2.0196033 16.059958 0.06545423
-1.9793261 16.059952 0.065453783
-1.9392093 16.059925 0.065452002
-1.8994755 16.059729 0.065437816
-1.8597022 16.060143 0.065468028
-1.819368 16.059755 0.06544017
-1.77943 16.060171 0.065469868
-1.7398612 16.059456 0.065418936
-1.7004943 16.059654 0.065433182
-1.6676582 16.06831 0.066053323
-2.9516098 16.10025 0.070419692
-2.8998785 16.100441 0.068351753
-2.8599801 16.097837 0.068165585
-2.820683 16.101187 0.068405345
-2.7803519 16.098869 0.068239592
-2.7399209 16.100098 0.068327725
-2.70048 16.100182 0.06833373
-2.6591413 16.099958 0.06831792
-2.6200514 16.099537 0.068287872
-2.5804479 16.099983 0.068319872
-2.5410948 16.099611 0.068293259
-2.5016561 16.099409 0.068278924
-2.4600139 16.099827 0.068309069
-2.4204831 16.100285 0.068341874
-2.3803887 16.101498 0.068428867
-2.3397417 16.098925 0.068244524
-2.3000777 16.099966 0.068319142
-2.2613273 16.099485 0.068285093
-2.2197735 16.099831 0.068309836
-2.1792574 16.099455 0.068283007
-2.1396101 16.099688 0.068299673
-2.0998302 16.100666 0.06836991
-2.0597534 16.099672 0.068298705
-2.0203009 16.099182 0.068263821
-1.9797642 16.100006 0.068322986
-1.9397448 16.100399 0.068351068
-1.8994036 16.099642 0.068297282
-1.8589019 16.100323 0.068346158
-1.818949 16.099075 0.068256944
-1.7799462 16.10076 0.068377689
-1.7397368 16.098957 0.068248443
-1.6992972 16.09981 0.068309575
-1.6592355 16.099722 0.068303503
-1.625854 16.106567 0.068793818
-2.9497828 16.138981 0.070941128
-2.8993495 16.141588 0.071299203
-2.8581619 16.137848 0.071031466
-2.8192229 16.139841 0.071174413
-2.7798715 16.137465 0.071004272
-2.7402277 16.140949 0.071254008
-2.6989744 16.140341 0.071210451
-2.6596673 16.139633 0.071159758
-2.6196833 16.139839 0.071174808
-2.5795033 16.14109 0.071264423
-2.5396876 16.139439 0.071146429
-2.4998035 16.139196 0.071129225
-2.4597011 16.139509 0.071151592
-2.4196196 16.140347 0.071211651
-2.3794961 16.139807 0.071173117
-2.3413081 16.140112 0.071195081
-2.301816 16.140518 0.071224578
-2.2609053 16.140249 0.071205013
-2.2195029 16.138746 0.071097374
-2.1795969 16.14006 0.071191616
-2.1401827 16.139887 0.071179375
-2.1008794 16.140146 0.071198024
-2.0603547 16.140949 0.071255565
-2.0194724 16.138586 0.071086854
-1.9796168 16.139875 0.071179159
-1.9394968 16.139925 0.071182892
-1.8996851 16.140141 0.071198322
-1.8597285 16.140617 0.07123246
-1.8199401 16.138754 0.071099177
-1.7803297 16.140184 0.071201876
-1.7401905 16.13965 0.071163423
-1.6998066 16.140619 0.071233213
-1.660231 16.139179 0.071130134
-1.6198817 16.139183 0.071130618
-1.5846052 16.145828 0.071606621
-1.5577183 16.158329 0.072502047
-2.949542 16.179863 0.073437884
-2.8998237 16.180973 0.074120581
-2.8597541 16.17701 0.073836841
-2.820627 16.179972 0.074049138
-2.779413 16.178078 0.07391353
-2.7392833 16.179255 0.073997937
-2.7000911 16.180387 0.074079283
-2.6605551 16.178078 0.073913909
-2.6206725 16.180088 0.074057952
-2.5805192 16.180885 0.074115172
-2.5392871 16.180414 0.074081689
-2.5000589 16.177752 0.073890902
-2.4604821 16.179195 0.073994219
-2.4198713 16.179501 0.074016459
-2.3803487 16.1798 0.074038073
-2.3391068 16.180367 0.074078664
-2.2988579 16.180416 0.074082389
-2.2605696 16.179651 0.074027807
-2.2209291 16.178185 0.073922522
-2.179795 16.18046 0.074085623
-2.1388609 16.179451 0.074013554
-2.0992606 16.179918 0.074047193
-2.060127 16.180756 0.074107237
-2.0198584 16.179291 0.07400234
-1.9799967 16.17938 0.074008979
-1.9402664 16.179705 0.074032344
-1.9000123 16.180437 0.074084952
-1.8595029 16.179817 0.074040428
-1.8194381 16.179134 0.073991843
-1.7791972 16.18004 0.074056715
-1.7393504 16.179783 0.074038319
-1.7000338 16.180513 0.074090756
-1.6600972 16.179272 0.07400202
-1.6195706 16.179619 0.074026875
-1.5794239 16.180553 0.074093863
-1.5429882 16.184116 0.074349225
-1.5154738 16.19602 0.075201906
-2.9480197 16.221209 0.074270196
-2.8994687 16.221354 0.077013128
-2.8601854 16.217966 0.076770611
-2.8206382 16.221889 0.077051774
-2.780338 16.218624 0.076818056
-2.7397215 16.219328 0.076868556
-2.7000649 16.220001 0.076916762
-2.6600718 16.217142 0.076712146
-2.6197395 16.218702 0.076823905
-2.579145 16.219013 0.076846555
-2.5405531 16.221567 0.077029601
-2.5004389 16.219379 0.076872848
-2.4602122 16.22024 0.076934479
-2.4211717 16.219141 0.076856062
-2.3810165 16.219913 0.076911367
-2.3401682 16.218903 0.076839209
-2.3013067 16.218956 0.076843068
-2.2612412 16.21936 0.0768722
-2.2209389 16.220383 0.076945573
-2.1798668 16.220518 0.076955356
-2.1398993 16.219395 0.07687486
-2.1004825 16.219961 0.07691557
-2.0599782 16.21841 0.076804452
-2.0201037 16.219885 0.076910242
-1.9804757 16.220146 0.076929167
-1.9400352 16.220518 0.076955825
-1.8997637 16.21958 0.076888792
-1.8596632 16.21962 0.076891869
-1.8197858 16.219021 0.076848932
-1.7796936 16.22039 0.076947026
-1.7403182 16.220024 0.076921001
-1.6998659 16.220058 0.076923512
-1.6595112 16.219463 0.076881073
-1.6197699 16.219526 0.076885618
-1.5801032 16.220707 0.076970115
-1.5403614 16.220009 0.076920085
-1.5030527 16.222313 0.077085346
-1.4744574 16.234339 0.0779467
-2.9497797 16.259148 0.075907893
-2.8975694 16.252813 0.079266787
-2.8585465 16.252234 0.079225294
-2.8184223 16.252903 0.07927341
-2.7794368 16.251059 0.079141356
-2.7411275 16.251726 0.079189315
-2.7014101 16.250544 0.079104714
-2.6602724 16.249437 0.07902547
-2.6186483 16.252403 0.079238266
-2.5805106 16.250906 0.079131104
-2.5397997 16.251953 0.079206154
-2.5002947 16.251787 0.079194352
-2.4597688 16.25112 0.079146549
-2.4171712 16.252493 0.079245083
-2.3767989 16.251801 0.079195581
-2.337518 16.251125 0.079147406
-2.2992852 16.250471 0.079100527
-2.2613018 16.250469 0.079100572
-2.2198687 16.252836 0.079270281
-2.1816339 16.252422 0.079240747
-2.1404274 16.251513 0.079175562
-2.0990059 16.250742 0.079120323
-2.0584743 16.250744 0.079120725
-2.0200975 16.251509 0.079175599
-1.9793154 16.252174 0.079223365
-1.939057 16.251045 0.07914263
-1.9000152 16.252041 0.0792142
-1.8598268 16.251383 0.079167075
-1.8200032 16.250559 0.079108149
-1.7796469 16.251572 0.079180621
-1.7388792 16.251965 0.079208814
-1.6995306 16.251369 0.079166465
-1.6591309 16.251783 0.079196163
-1.6199976 16.250999 0.079140082
-1.5799813 16.251366 0.079166412
-1.5389661 16.252108 0.079219282
-1.4991477 16.251141 0.079150118
-1.462803 16.252615 0.079255812
-2.9529347 16.29945 0.077536821
-2.9529331 16.33441 0.077726699
-2.942193 16.028896 0.1007035
-2.9421747 16.058832 0.10151511
-2.9424226 16.098198 0.10130672
-2.9438114 16.138708 0.10119637
-2.9444687 16.180023 0.10130958
-2.944819 16.220903 0.10179785
-2.9461989 16.261473 0.098703407
-2.9038231 16.270523 0.080535337
-2.859679 16.272043 0.080644459
-2.819361 16.27121 0.080584802
-2.7803228 16.271748 0.080623455
-2.7388937 16.271881 0.080633096
-2.6984699 16.271986 0.080640726
-2.6585352 16.268644 0.080401421
-2.622864 16.272522 0.080679454
-2.5799527 16.271942 0.080637835
-2.5404494 16.271687 0.08061976
-2.499181 16.271059 0.080574773
-2.4589736 16.270443 0.080530874
-2.4200215 16.273441 0.080745772
-2.3793075 16.272455 0.080675207
-2.3397021 16.271494 0.080606528
-2.3011615 16.270561 0.080539711
-2.2596657 16.270826 0.080558918
-2.2203381 16.271881 0.080634542
-2.1805058 16.271303 0.080593266
-2.13905 16.272015 0.08064425
-2.0999873 16.271338 0.080595724
-2.0620415 16.270668 0.080547929
-2.0184867 16.271923 0.080638014
-1.9797426 16.271461 0.080605052
-1.9412982 16.270699 0.08055035
-1.8995261 16.27195 0.08064013
-1.8600365 16.271877 0.080635101
-1.8198931 16.270702 0.080551021
-1.7806753 16.272045 0.080647245
-1.7398958 16.271626 0.080617607
-1.6976724 16.271177 0.080585368
-1.6601766 16.271788 0.080629125
-1.6198957 16.271055 0.080576643
-1.5802639 16.271315 0.080595426
-1.5400931 16.271917 0.080638476
-1.5001475 16.271624 0.080617547
-1.4602568 16.271002 0.080572978
-1.4317755 16.273558 0.080756135
-2.9461839 16.300268 0.099830009
-2.8995466 16.299026 0.082577303
-2.8602021 16.299391 0.082603425
-2.820291 16.297781 0.082488209
-2.7806916 16.302513 0.082827292
-2.7401178 16.299219 0.082591318
-2.6996157 16.300787 0.082703881
-2.6590717 16.298042 0.082507342
-2.619091 16.299578 0.082617395
-2.5800717 16.299696 0.082626067
-2.5407171 16.300417 0.082677789
-2.4999852 16.298874 0.082567312
-2.4592657 16.300972 0.082717739
-2.4213321 16.300117 0.082656592
-2.3812895 16.299788 0.08263319
-2.3415151 16.300549 0.082687706
-2.3005338 16.299696 0.08262679
-2.2604623 16.299786 0.08263316
-2.2204125 16.300135 0.08265841
-2.1794312 16.299185 0.08259052
-2.1406581 16.300791 0.082705513
-2.1005886 16.29994 0.082644552
-2.059762 16.299921 0.082643256
-2.0201221 16.299232 0.082594067
-1.9796078 16.300066 0.08265423
-1.9396421 16.299509 0.082614273
-1.8997996 16.300375 0.082676321
-1.8595088 16.299625 0.082622744
-1.8195653 16.299835 0.082638092
-1.7795215 16.29986 0.08263991
-1.7397369 16.29986 0.082639806
-1.7002509 16.299883 0.0826414
-1.6601077 16.299429 0.082609169
-1.6197251 16.299868 0.082640596
-1.5790358 16.299854 0.08263965
-1.5401269 16.299553 0.082618006
-1.5008639 16.299755 0.08263243
-1.4603326 16.299513 0.082615398
-1.4205238 16.301519 0.082759164
-1.3898925 16.312021 0.0835113
-2.9466522 16.340054 0.10033069
-2.9013698 16.340672 0.085560404
-2.86077 16.336613 0.085269824
-2.8205976 16.340944 0.0855802
-2.7809744 16.340528 0.085550502
-2.7410274 16.339235 0.08545804
-2.7013817 16.340298 0.085534133
-2.6602399 16.338997 0.085441075
-2.6207881 16.340185 0.08552634
-2.5813234 16.338444 0.085401662
-2.540499 16.339993 0.085512877
-2.5000682 16.340166 0.085525386
-2.4597015 16.340864 0.085575283
-2.4204521 16.340403 0.085542455
-2.38063 16.338762 0.085425034
-2.3413911 16.340725 0.085565656
-2.2991214 16.339684 0.085491195
-2.2594962 16.339836 0.085502118
-2.219125 16.340792 0.085570902
-2.1792223 16.339144 0.085452966
-2.139528 16.341137 0.085595891
-2.1002314 16.338093 0.085377939
-2.060302 16.341436 0.085617155
-2.019505 16.33947 0.085476741
-1.9798814 16.339714 0.085494108
-1.9398379 16.340136 0.085524619
-1.8996074 16.339945 0.085510992
-1.8593332 16.339561 0.08548364
-1.8196721 16.340286 0.085535675
-1.7797525 16.340242 0.085532658
-1.7396449 16.339315 0.085466176
-1.7000533 16.340044 0.085518301
-1.6598085 16.339354 0.08546894
-1.6200964 16.340277 0.0855349
-1.5804106 16.339539 0.085482351
-1.5397758 16.339783 0.085499957
-1.4986385 16.339682 0.085492715
-1.4590074 16.339663 0.085491247
-1.4191955 16.340206 0.08553046
-1.3799095 16.340591 0.085557751
-1.3489013 16.350334 0.086255997
-2.9472485 16.380142 0.098656483
-2.8990948 16.380499 0.088413194
-2.8600452 16.377626 0.088207744
-2.819849 16.382261 0.088539861
-2.7790391 16.378397 0.088263176
-2.7402761 16.381266 0.088468693
-2.7001889 16.379324 0.088329777
-2.6594279 16.380396 0.088406563
-2.6200867 16.379686 0.088355906
-2.5798914 16.380318 0.088401146
-2.5402715 16.378668 0.088283204
-2.4989913 16.380859 0.088440403
-2.4595191 16.380367 0.088405035
-2.4197369 16.379311 0.088329539
-2.3785772 16.379839 0.088367276
-2.3384717 16.380348 0.088404082
-2.2986627 16.379486 0.088342384
-2.2583799 16.378881 0.088299125
-2.2190893 16.380611 0.08842317
-2.178292 16.37838 0.088263527
-2.1392891 16.379911 0.088373236
-2.0984488 16.380377 0.08840666
-2.0594208 16.379786 0.088364489
-2.020628 16.380322 0.088402979
-1.9794861 16.379864 0.088370338
-1.9388124 16.380369 0.088406794
-1.9004637 16.379391 0.088336766
-1.8605922 16.380159 0.088391647
-1.819332 16.379938 0.088376001
-1.7799487 16.38023 0.088396937
-1.7406179 16.379585 0.088351049
-1.7001247 16.37993 0.088375643
-1.659636 16.379663 0.088356309
-1.6197584 16.379179 0.088321589
-1.5797843 16.379578 0.088350564
-1.5401543 16.380573 0.088421747
-1.4999216 16.380053 0.088384323
-1.459101 16.380062 0.088385202
-1.4200144 16.380108 0.088388585
-1.3805221 16.379267 0.08832825
-1.3399748 16.380527 0.088418536
-1.3071615 16.38863 0.08899913
-2.9495523 16.418922 0.10040444
-2.9022293 16.419739 0.091224171
-2.8614185 16.420626 0.091287792
-2.8188732 16.42145 0.091347091
-2.7791519 16.418711 0.091150843
-2.7377739 16.421024 0.091316737
-2.6975546 16.417509 0.091065198
-2.6588147 16.422817 0.091445565
-2.618387 16.417019 0.091030128
-2.578285 16.421797 0.09137243
-2.5378227 16.418936 0.091167666
-2.4987607 16.421909 0.091380693
-2.4593396 16.418198 0.091115013
-2.4192626 16.419832 0.091232195
-2.3796048 16.420383 0.09127187
-2.3379264 16.419504 0.091208853
-2.2983325 16.41988 0.091236085
-2.2596095 16.419094 0.091179825
-2.2212515 16.419304 0.091194905
-2.1820679 16.419466 0.091206543
-2.1410444 16.419489 0.091208331
-2.1013396 16.420422 0.091275476
-2.0597599 16.420038 0.091247968
-2.0188739 16.419977 0.091243684
-1.9796487 16.42013 0.091254622
-1.940134 16.420336 0.091269501
-1.8994792 16.419601 0.091216989
-1.859235 16.419931 0.091240801
-1.8200964 16.420355 0.091271006
-1.7802356 16.419512 0.091210783
-1.7396336 16.419588 0.09121637
-1.6991664 16.419891 0.091238022
-1.6596296 16.419724 0.091226175
-1.6200832 16.419224 0.091190472
-1.5792149 16.420416 0.091275729
-1.5390949 16.419849 0.091235183
-1.4999719 16.419552 0.091213875
-1.4597067 16.420334 0.091270067
-1.4201243 16.41964 0.091220103
-1.3799546 16.419928 0.091241196
-1.3397191 16.419952 0.091243058
-1.3001183 16.419813 0.091232814
-1.2656381 16.42717 0.091759846
-2.9481096 16.459578 0.10049712
-2.8995111 16.460159 0.094119601
-2.8587165 16.46166 0.094227389
-2.8206642 16.459465 0.094070189
-2.7795589 16.461678 0.094228745
-2.7403002 16.45842 0.093995549
-2.7001412 16.458836 0.09402547
-2.6601107 16.460684 0.094157755
-2.6197691 16.457674 0.093942337
-2.5808706 16.460583 0.094150893
-2.5405405 16.458406 0.093995161
-2.5002768 16.461245 0.094198532
-2.460567 16.458529 0.09400405
-2.4214249 16.460314 0.094132058
-2.3807747 16.460535 0.09414801
-2.3396807 16.459541 0.094076924
-2.2995894 16.459293 0.094059333
-2.2592859 16.460127 0.094119109
-2.2194171 16.459829 0.094097979
-2.179137 16.459906 0.09410347
-2.1378632 16.460306 0.094132304
-2.0977173 16.460697 0.094160363
-2.0591521 16.460136 0.094120406
-2.0201566 16.459528 0.094076864
-1.9804329 16.458923 0.094033532
-1.9412326 16.459291 0.094060138
-1.9001036 16.460472 0.094144762
-1.8593516 16.45936 0.094064996
-1.8194351 16.460226 0.094127171
-1.7800089 16.459211 0.094054416
-1.7401018 16.460072 0.094116241
-1.7000252 16.45993 0.094105951
-1.66011 16.459749 0.094093286
-1.6194439 16.460289 0.094132125
-1.5802805 16.459988 0.094110377
-1.5401491 16.459902 0.09410429
-1.4999939 16.459507 0.094075978
-1.459932 16.459942 0.094107091
-1.4194713 16.45929 0.094060481
-1.3798208 16.459787 0.094096147
-1.3399414 16.459734 0.094092436
-1.2995526 16.460146 0.094122045
-1.2596123 16.460163 0.094123289
-1.2245799 16.46579 0.094526544
-1.1987505 16.478603 0.095444322
-2.9497626 16.50075 0.10326725
-2.8988931 16.498848 0.096891083
-2.8614256 16.502228 0.097133413
-2.8197153 16.500484 0.097008593
-2.7812874 16.499846 0.096962802
-2.7401292 16.498764 0.096885495
-2.6988068 16.500097 0.096981138
-2.6608336 16.499863 0.096964486
-2.6199191 16.498602 0.09687417
-2.5787616 16.499193 0.096916661
-2.5397463 16.500441 0.097006157
-2.5003619 16.49999 0.096974134
-2.4589696 16.49785 0.096820913
-2.4179387 16.499912 0.096968718
-2.380688 16.500818 0.097033583
-2.3419802 16.499306 0.096925542
-2.3003445 16.499666 0.096951216
-2.259779 16.500006 0.096975587
-2.2202444 16.500326 0.096998788
-2.1804605 16.500357 0.097001195
-2.1407788 16.49955 0.09694358
-2.1019616 16.500065 0.096980296
-2.06124 16.499767 0.096959263
-2.0197198 16.500372 0.09700264
-1.9797449 16.498978 0.09690284
-1.9393109 16.499853 0.096965447
-1.8998474 16.499289 0.096925192
-1.8603425 16.499504 0.096940622
-1.819854 16.500349 0.09700124
-1.7790926 16.498857 0.096894599
-1.7396575 16.500118 0.096984871
-1.7001938 16.499836 0.096964687
-1.6598141 16.500032 0.096978582
-1.6201253 16.499674 0.096953183
-1.5796992 16.500463 0.097009756
-1.5396948 16.500269 0.09699598
-1.5006659 16.499195 0.09691903
-1.460336 16.499588 0.096947119
-1.4193662 16.49951 0.096941493
-1.3795105 16.499882 0.096968368
-1.3398105 16.499809 0.096963085
-1.299875 16.499821 0.096964203
-1.2598109 16.499968 0.096974559
-1.2198458 16.49984 0.09696541
-1.1833274 16.504229 0.097279742
-1.1557815 16.516941 0.098190606
-2.9502275 16.540682 0.10368814
-2.8984551 16.5408 0.099896245
-2.8579299 16.53969 0.099816933
-2.8195865 16.540314 0.099861786
-2.7786281 16.539627 0.099812686
-2.7375906 16.540962 0.09990833
-2.7013097 16.537918 0.099690363
-2.6616046 16.539934 0.099834777
-2.6200712 16.540487 0.099874601
-2.5781009 16.539671 0.099816263
-2.540489 16.540171 0.099852033
-2.5004623 16.539648 0.099814706
-2.460032 16.538698 0.099747024
-2.4207313 16.54063 0.099885359
-2.3795338 16.540775 0.099895999
-2.3389401 16.538956 0.099765696
-2.2993915 16.539879 0.099831931
-2.2583613 16.539692 0.099818632
-2.2195334 16.539652 0.099815778
-2.1805623 16.53949 0.099804237
-2.1409049 16.540192 0.099854723
-2.0996442 16.539471 0.099803224
-2.0588334 16.539743 0.099822797
-2.0201414 16.54002 0.099842705
-1.9804856 16.54018 0.099854283
-1.9408996 16.539278 0.099789687
-1.9003862 16.539791 0.099826626
-1.8597839 16.539356 0.099795371
-1.8203492 16.54072 0.09989316
-1.7803088 16.53928 0.099790029
-1.7395861 16.540152 0.099852435
-1.6994178 16.539455 0.099802621
-1.6597648 16.54015 0.099852473
-1.6199132 16.539133 0.099779695
-1.5807738 16.540165 0.099853553
-1.5402584 16.540085 0.099847868
-1.4988886 16.539265 0.099789448
-1.4592378 16.539967 0.099839643
-1.4189717 16.540236 0.099858791
-1.3785628 16.539431 0.099801257
-1.33987 16.53994 0.099837512
-1.3001575 16.5396 0.099813588
-1.2598933 16.539841 0.099830724
-1.2196531 16.53923 0.099786885
-1.1799241 16.540045 0.099845275
-1.1429167 16.543013 0.10005803
-1.1151927 16.554829 0.10090469
-2.9512868 16.580698 0.10601908
-2.9020896 16.579397 0.10266116
-2.8614976 16.579884 0.1026961
-2.8202391 16.580879 0.10276753
-2.7781353 16.579796 0.10268995
-2.7405829 16.580084 0.10271084
-2.7003257 16.579069 0.10263824
-2.65921 16.581429 0.10280728
-2.6185815 16.581179 0.1027896
-2.580802 16.57736 0.102516
-2.5390806 16.582552 0.10288811
-2.4994504 16.578691 0.10261159
-2.4597449 16.580202 0.10272001
-2.4199166 16.580214 0.1027208
-2.3797424 16.580088 0.10271198
-2.3403392 16.579542 0.10267288
-2.3006995 16.579924 0.10270035
-2.2595901 16.580406 0.10273514
-2.2192585 16.578587 0.10260475
-2.1800587 16.580328 0.10272965
-2.1387687 16.580097 0.10271307
-2.0982101 16.579704 0.10268539
-2.0594225 16.579649 0.10268147
-2.019814 16.579447 0.10266694
-1.9791073 16.580854 0.10276797
-1.9397699 16.579153 0.10264602
-1.8995315 16.580643 0.10275275
-1.8592917 16.579741 0.10268819
-1.8203225 16.579416 0.10266515
-1.7799206 16.580404 0.10273571
-1.7389966 16.580498 0.10274263
-1.6992544 16.579119 0.10264388
-1.6593463 16.579905 0.10270007
-1.6188127 16.580069 0.10271195
-1.5785533 16.57984 0.10269548
-1.5389603 16.580147 0.10271768
-1.4990282 16.579554 0.10267503
-1.4589443 16.580105 0.10271466
-1.419976 16.580128 0.10271631
-1.3812417 16.579615 0.10267959
-1.3402902 16.579527 0.10267342
-1.2997502 16.58009 0.10271379
-1.2602786 16.579453 0.10266832
-1.219993 16.579794 0.10269312
-1.179698 16.580181 0.10272081
-1.1396739 16.579884 0.1026995
-1.1021196 16.581852 0.10284041
-1.0726495 16.593895 0.10370307
-2.9495416 16.620941 0.10812215
-2.8972061 16.621964 0.10571027
-2.8579314 16.618797 0.10548357
-2.81984 16.620457 0.10560263
-2.7816908 16.618269 0.10544594
-2.7400401 16.620668 0.10561812
-2.6979873 16.621273 0.10566156
-2.6594882 16.619568 0.10553928
-2.6216707 16.619818 0.10555732
-2.5799086 16.621069 0.10564722
-2.539669 16.619822 0.10555788
-2.500427 16.618639 0.10547318
-2.4607291 16.621334 0.10566635
-2.4194586 16.619114 0.10550762
-2.3798296 16.621729 0.10569482
-2.3402085 16.619257 0.10551785
-2.2999952 16.618832 0.10548749
-2.2594984 16.620955 0.10563965
-2.2198696 16.618614 0.1054722
-2.1791382 16.620991 0.10564263
-2.1405907 16.620955 0.10564001
-2.1004763 16.619329 0.10552371
-2.0598769 16.619591 0.1055425
-2.0194697 16.619801 0.10555768
-1.9801286 16.619991 0.10557117
-1.9399288 16.620274 0.10559158
-1.8999312 16.619905 0.10556527
-1.861779 16.619684 0.10554944
-1.8200493 16.619137 0.10551027
-1.779705 16.621204 0.10565836
-1.7400581 16.619797 0.1055577
-1.7004288 16.619272 0.10552032
-1.6595324 16.620171 0.10558462
-1.6201242 16.620031 0.10557459
-1.5802112 16.619999 0.10557235
-1.5406421 16.620106 0.10558005
-1.5008085 16.619061 0.10550532
-1.4598521 16.619993 0.10557202
-1.4206054 16.619879 0.10556393
-1.3803215 16.619583 0.10554294
-1.3394156 16.620094 0.10557969
-1.2996414 16.619905 0.10556608
-1.2598968 16.619255 0.10551948
-1.2197188 16.620523 0.10561024
-1.179551 16.619841 0.10556144
-1.1399343 16.619854 0.10556247
-1.0998782 16.619621 0.1055458
-1.0615592 16.621294 0.10566561
-1.0318338 16.632662 0.10648001
-2.9506311 16.659899 0.11005338
-2.9030058 16.661108 0.10851445
-2.8615725 16.660721 0.10848685
-2.8194768 16.660851 0.10849619
-2.7765384 16.658796 0.10834908
-2.7374182 16.660376 0.10846236
-2.7003601 16.659773 0.10841925
-2.6616287 16.659542 0.10840288
-2.6204398 16.660753 0.10848971
-2.5794673 16.660126 0.10844478
-2.5403275 16.657906 0.10828581
-2.4985976 16.662287 0.10859988
-2.4592521 16.659422 0.10839478
-2.4210222 16.659935 0.10843166
-2.3817461 16.660625 0.10848125
-2.3396559 16.658745 0.10834663
-2.2991202 16.659986 0.10843577
-2.259553 16.661184 0.10852154
-2.2172179 16.65806 0.10829783
-2.1782508 16.660198 0.10845111
-2.1390865 16.660934 0.10850389
-2.1003845 16.659021 0.10836711
-2.0603473 16.659964 0.10843472
-2.0199368 16.660265 0.10845636
-1.9793 16.660267 0.10845631
-1.9385681 16.659613 0.10840972
-1.8990718 16.659355 0.10839113
-1.8589563 16.66 0.10843737
-1.8197495 16.659952 0.10843403
-1.7794104 16.659933 0.10843256
-1.7402651 16.659689 0.10841524
-1.6999985 16.659878 0.10842883
-1.6601356 16.659758 0.10842033
-1.6197715 16.659496 0.10840152
-1.5802994 16.660692 0.10848713
-1.539608 16.659245 0.1083836
-1.5000919 16.659515 0.10840305
-1.4601001 16.659554 0.10840585
-1.4191839 16.660364 0.10846402
-1.3792428 16.659178 0.10837889
-1.3396094 16.660189 0.10845154
-1.2998465 16.660244 0.10845533
-1.2594557 16.659351 0.1083916
-1.2202992 16.660452 0.10847049
-1.1801186 16.659849 0.1084273
-1.1402887 16.659901 0.10843081
-1.1000702 16.659864 0.10842852
-1.0595843 16.659632 0.10841198
-1.020898 16.660625 0.10848295
-0.98948067 16.670568 0.10919529
-2.9502928 16.697008 0.11112539
-2.8973606 16.70084 0.11136046
-2.8579328 16.701176 0.11138458
-2.8190613 16.702059 0.11144795
-2.7822719 16.700686 0.11134978
-2.7411609 16.697992 0.1111569
-2.6988142 16.699654 0.11127613
-2.6591022 16.699062 0.11123379
-2.6198282 16.700502 0.11133704
-2.5798333 16.696995 0.11108594
-2.5399945 16.70001 0.11130214
-2.5009 16.701393 0.11140122
-2.4602458 16.700609 0.11134514
-2.4199634 16.702353 0.11147021
-2.3798795 16.699289 0.11125088
-2.3390772 16.699123 0.11123898
-2.2991657 16.698511 0.11119532
-2.2594328 16.701139 0.11138376
-2.219182 16.696682 0.11106457
-2.1798468 16.7008 0.11135943
-2.1390295 16.70067 0.11135044
-2.0990987 16.700838 0.11136256
-2.0588882 16.700359 0.11132826
-2.0189955 16.699366 0.111257
-1.9799548 16.699816 0.11128934
-1.9397396 16.699718 0.11128233
-1.900273 16.698912 0.11122459
-1.8608582 16.70063 0.11134776
-1.8206971 16.700375 0.1113296
-1.781166 16.699492 0.11126631
-1.7401546 16.699667 0.11127886
-1.6997631 16.699327 0.11125463
-1.6606444 16.699053 0.11123506
-1.620127 16.700949 0.11137109
-1.5794655 16.700186 0.1113161
-1.5404211 16.699154 0.1112425
-1.5003362 16.699471 0.11126517
-1.4601357 16.69981 0.11128945
-1.4195513 16.700552 0.11134279
-1.3802773 16.700188 0.11131674
-1.3404272 16.699551 0.11127117
-1.299512 16.699635 0.11127716
-1.2598113 16.699781 0.11128772
-1.2197472 16.70027 0.11132278
-1.1798699 16.699116 0.11124016
-1.1393857 16.700184 0.1113166
-1.0991697 16.700022 0.11130486
-1.0600133 16.699837 0.11129239
-1.0197599 16.699377 0.11125898
-0.98038834 16.700464 0.11133688
-0.94834036 16.709684 0.11199741
-2.9503386 16.737597 0.11240088
-2.903187 16.739193 0.11410803
-2.8611145 16.742802 0.11436661
-2.8196728 16.740234 0.11418268
-2.7792664 16.743763 0.11443549
-2.739964 16.739107 0.11410222
-2.7012532 16.73983 0.11415403
-2.6613524 16.738777 0.11407867
-2.6210437 16.739897 0.11415903
-2.5798614 16.742517 0.11434696
-2.5393317 16.740372 0.11419327
-2.5008967 16.73979 0.11415169
-2.4606912 16.74128 0.11425857
-2.4196784 16.74264 0.11435604
-2.3789604 16.740406 0.11419617
-2.3389161 16.741699 0.11428881
-2.3001347 16.738234 0.11404073
-2.2596602 16.741947 0.11430688
-2.2201209 16.738806 0.11408198
-2.1814642 16.742428 0.11434141
-2.1413476 16.739586 0.1141382
-2.0996823 16.741417 0.11426926
-2.0590127 16.743176 0.11439531
-2.0196986 16.73996 0.11416481
-1.9796581 16.739674 0.1141445
-1.9394791 16.740366 0.11419396
-1.8993999 16.740488 0.11420291
-1.8594773 16.741673 0.11428775
-1.8197384 16.741421 0.11426979
-1.7797191 16.739504 0.1141326
-1.7398999 16.738884 0.11408804
-1.6999899 16.737875 0.11401603
-1.6596445 16.739107 0.1141043
-1.6196835 16.739859 0.11415806
-1.5798948 16.74004 0.11417087
-1.5399474 16.738756 0.11407904
-1.499746 16.738565 0.11406567
-1.4595469 16.739359 0.11412244
-1.4192759 16.739141 0.11410688
-1.3791071 16.739805 0.1141545
-1.3397223 16.738455 0.11405777
-1.3003044 16.739487 0.11413182
-1.2601243 16.739273 0.11411654
-1.2193991 16.739557 0.11413673
-1.1798143 16.738934 0.11409219
-1.1399094 16.739576 0.11413863
-1.0997739 16.739544 0.11413611
-1.0592034 16.739447 0.11412919
-1.0196036 16.739101 0.11410453
-0.97972089 16.739731 0.11414944
-0.93953866 16.739811 0.11415546
-0.9064734 16.747387 0.1146981
-2.9491472 16.777765 0.11506556
-2.9007528 16.779787 0.11701573
-2.859905 16.780241 0.11704849
-2.8201942 16.781979 0.11717293
-2.7811067 16.782614 0.11721861
-2.741009 16.779642 0.11700583
-2.6996999 16.781378 0.1171303
-2.6573792 16.782139 0.11718478
-2.6172886 16.780678 0.11708037
-2.5802014 16.781025 0.11710526
-2.5418115 16.779629 0.11700535
-2.4993777 16.781136 0.11711361
-2.4589074 16.779886 0.11702415
-2.4209304 16.779335 0.11698473
-2.3794684 16.780504 0.11706844
-2.3403833 16.782907 0.11724073
-2.3011115 16.780209 0.11704746
-2.2604883 16.782579 0.11721754
-2.2201188 16.779778 0.11701679
-2.181361 16.782099 0.11718313
-2.1402018 16.779802 0.1170187
-2.1003697 16.780422 0.11706316
-2.0601683 16.780951 0.11710119
-2.0195165 16.77914 0.11697156
-1.9801739 16.781744 0.11715792
-1.9398885 16.781919 0.11717068
-1.8996191 16.781118 0.11711343
-1.8604617 16.780964 0.1171023
-1.8212776 16.78072 0.11708492
-1.7803394 16.77949 0.11699685
-1.7398019 16.778524 0.11692786
-1.6985031 16.778715 0.1169415
-1.6593245 16.780672 0.11708159
-1.6198339 16.779251 0.11697973
-1.5801121 16.778336 0.11691425
-1.5394806 16.779627 0.11700688
-1.4986721 16.778009 0.1168909
-1.4591846 16.779091 0.1169686
-1.4193037 16.779545 0.11700106
-1.3787374 16.779257 0.11698073
-1.3390224 16.779762 0.11701686
-1.2994813 16.778297 0.11691196
-1.2597483 16.778847 0.11695131
-1.2195774 16.779924 0.11702862
-1.1793089 16.779804 0.11701988
-1.1395653 16.779295 0.11698376
-1.1000034 16.778734 0.11694359
-1.0597976 16.779779 0.11701809
-1.0200108 16.779758 0.11701694
-0.98005676 16.779472 0.11699645
-0.93996298 16.778625 0.11693579
-0.89987862 16.780003 0.11703467
-0.86499256 16.786461 0.11749738
-2.9483502 16.816133 0.11633205
-2.8953052 16.808474 0.11907063
-2.8594804 16.810671 0.11922826
-2.8180351 16.813251 0.11941308
-2.7764697 16.812195 0.11933748
-2.7368026 16.81319 0.119409
-2.6964614 16.811136 0.11926195
-2.6619778 16.810688 0.11922997
-2.6233094 16.808725 0.11908937
-2.5823991 16.809185 0.11912252
-2.5400064 16.812206 0.11933905
-2.4989338 16.81254 0.11936287
-2.4585471 16.808392 0.11906601
-2.4193819 16.809877 0.11917246
-2.3810399 16.811314 0.11927556
-2.3394113 16.809681 0.11915874
-2.3010876 16.810495 0.11921718
-2.2597647 16.812691 0.11937442
-2.2194011 16.810894 0.11924594
-2.1800103 16.81148 0.11928789
-2.1390333 16.810312 0.11920429
-2.0991027 16.809196 0.11912436
-2.0600133 16.810692 0.11923165
-2.0209234 16.810047 0.11918551
-1.9800419 16.812521 0.11936267
-1.9394839 16.81134 0.11927833
-1.8999199 16.810692 0.11923178
-1.8614244 16.810068 0.11918706
-1.8202351 16.811335 0.11927783
-1.7797309 16.810644 0.1192285
-1.7403498 16.809975 0.11918058
-1.7024883 16.810171 0.11919466
-1.6612104 16.811674 0.11930231
-1.6212003 16.811298 0.11927549
-1.5804838 16.811064 0.11925868
-1.5406396 16.810072 0.11918779
-1.4990504 16.810022 0.11918426
-1.4597837 16.810694 0.11923237
-1.4205344 16.811108 0.11926191
-1.3818924 16.810661 0.11923008
-1.3411274 16.811274 0.11927416
-1.2999086 16.810434 0.11921397
-1.2591202 16.809603 0.1191545
-1.2190633 16.811407 0.11928385
-1.1800288 16.811293 0.11927541
-1.1397302 16.809765 0.11916605
-1.0998116 16.810698 0.11923308
-1.0607445 16.811089 0.11926113
-1.0196321 16.810572 0.11922398
-0.98002702 16.810709 0.11923394
-0.93998849 16.809891 0.11917546
-0.89919615 16.811428 0.11928581
-0.85928178 16.810589 0.11922533
-0.82910633 16.813231 0.11941484
-2.9529119 16.858324 0.11610971
-2.9529097 16.909016 0.11890024
-0.49535051 17.182507 0.11441239
-0.49503511 17.219845 0.10528478
-0.49155515 17.258247 0.097665504
-0.46906775 17.2675 0.089982077
-0.49171415 17.298319 0.097716048
-0.46008286 17.29985 0.08998201
-0.4295812 17.308569 0.089982018
-0.49154142 17.339333 0.09793967
-0.45957339 17.34042 0.089982003
-0.42849237 17.337992 0.089982077
-0.48956099 17.382832 0.10137757
-0.46036789 17.384907 0.10020762
-0.43320367 17.383614 0.09943229
-2.9433193 16.028959 0.14048007
-2.9432616 16.059292 0.1399179
-2.9431887 16.098228 0.13925458
-2.9431677 16.138584 0.14046744
-2.9430912 16.179575 0.13978553
-2.9430406 16.221375 0.14004824
-2.9429705 16.26133 0.13951583
-2.9429436 16.298601 0.14037372
-2.9428768 16.340244 0.14007312
-2.9428201 16.383236 0.14017284
-2.9427545 16.423801 0.13983752
-2.9427073 16.46105 0.13998526
-2.9426539 16.498934 0.13996279
-2.9426043 16.540995 0.14026217
-2.9425428 16.580748 0.14001094
-2.9425321 16.619617 0.14154036
-2.9437423 16.660275 0.14146563
-2.9442413 16.700491 0.14098291
-2.9447711 16.739059 0.14167878
-2.9461179 16.778414 0.14060569
-2.9465597 16.819202 0.14096799
-2.8971648 16.829628 0.12058595
-2.8554201 16.831549 0.12072376
-2.8178089 16.830885 0.12067626
-2.7809131 16.830233 0.12062969
-2.741482 16.83209 0.12076296
-2.7009239 16.82984 0.12060176
-2.6580896 16.830078 0.12061895
-2.616184 16.830303 0.12063527
-2.5751772 16.830519 0.12065078
-2.5350378 16.830727 0.12066573
-2.5002844 16.832466 0.12079042
-2.460829 16.830114 0.1206221
-2.4197843 16.831364 0.12071179
-2.3829286 16.831558 0.12072575
-2.3419631 16.827827 0.12045854
-2.3004036 16.83005 0.12061795
-2.2597902 16.832235 0.12077446
-2.2192016 16.831373 0.12071279
-2.1796055 16.830545 0.12065364
-2.1380107 16.830585 0.12065651
-2.0981674 16.830437 0.12064593
-2.0588567 16.831694 0.1207359
-2.0190902 16.829939 0.12061032
-1.981598 16.830793 0.12067156
-1.9398276 16.832495 0.12079338
-1.9001952 16.829781 0.12059906
-1.8614023 16.829348 0.12056816
-1.8213042 16.830822 0.12067375
-1.7802563 16.831779 0.12074254
-1.7405908 16.830812 0.12067311
-1.7001255 16.829821 0.12060224
-1.660483 16.8307 0.12066533
-1.6219392 16.831568 0.12072732
-1.579488 16.830748 0.1206687
-1.5371832 16.829966 0.12061274
-1.5003489 16.830845 0.12067595
-1.4591485 16.831074 0.12069222
-1.4191995 16.830242 0.12063262
-1.3801258 16.830433 0.12064648
-1.3404117 16.83087 0.12067758
-1.3007444 16.831362 0.12071306
-1.2607529 16.830099 0.12062273
-1.2200687 16.83106 0.12069165
-1.1801153 16.830921 0.12068149
-1.1401531 16.829914 0.12060948
-1.1007774 16.8314 0.12071611
-1.0597199 16.830688 0.12066512
-1.0203807 16.830452 0.12064819
-0.97883064 16.830626 0.12066078
-0.9390524 16.830456 0.12064851
-0.89904505 16.831175 0.12070005
-0.86018568 16.830166 0.1206278
-0.82121384 16.831408 0.12071702
-0.7967782 16.837246 0.12113518
-2.9464762 16.860695 0.13891546
-2.9011974 16.857168 0.12255879
-2.8613663 16.860909 0.12282687
-2.8210022 16.861355 0.122859
-2.7792587 16.857382 0.1225745
-2.7393532 16.862358 0.12293106
-2.6967671 16.860445 0.12279405
-2.6573174 16.859987 0.12276144
-2.6186752 16.859535 0.12272917
-2.5808165 16.859087 0.1226972
-2.5413957 16.8589 0.12268402
-2.5014772 16.861809 0.12289233
-2.4592757 16.860191 0.12277658
-2.4186418 16.859272 0.12271074
-2.3805869 16.859301 0.12271304
-2.3417735 16.85948 0.12272611
-2.3021843 16.859499 0.12272751
-2.2590337 16.860373 0.12278998
-2.2184744 16.861851 0.12289606
-2.178268 16.857986 0.12261915
-2.1395891 16.859457 0.1227246
-2.1018214 16.861332 0.12285895
-2.0606241 16.86084 0.12282377
-2.018738 16.859257 0.12271057
-1.9798406 16.859255 0.12271034
-1.9406683 16.861462 0.12286833
-1.8994639 16.859306 0.12271408
-1.8602145 16.859612 0.12273603
-1.8193027 16.859512 0.12272904
-1.7783976 16.861034 0.1228381
-1.7384093 16.859646 0.12273856
-1.6987096 16.860182 0.12277716
-1.6597087 16.859285 0.12271296
-1.6182694 16.860744 0.12281758
-1.5792918 16.859621 0.12273705
-1.5408968 16.859367 0.12271871
-1.500701 16.859921 0.12275852
-1.4593482 16.860542 0.12280317
-1.4208152 16.858921 0.12268705
-1.3797823 16.860693 0.12281391
-1.3394103 16.858713 0.12267239
-1.2998188 16.861046 0.12283945
-1.2599547 16.859232 0.1227093
-1.2208326 16.860247 0.12278209
-1.179965 16.859941 0.12276017
-1.1398287 16.859459 0.12272608
-1.0999026 16.860319 0.12278745
-1.0601376 16.859751 0.12274683
-1.0198535 16.859684 0.12274209
-0.98020214 16.859837 0.1227532
-0.94037002 16.859896 0.12275764
-0.90034944 16.8596 0.12273598
-0.85945153 16.859488 0.1227281
-0.81990224 16.860088 0.12277129
-0.78354299 16.863529 0.12301773
-0.75589854 16.875349 0.12386458
-2.9479682 16.900278 0.13748172
-2.901037 16.900036 0.12562963
-2.8606079 16.901354 0.12572399
-2.8222771 16.899992 0.12562673
-2.7815814 16.901516 0.125736
-2.7425716 16.899811 0.12561396
-2.7039165 16.899281 0.12557596
-2.6618919 16.900766 0.12568265
-2.6212001 16.900036 0.12563048
-2.5793803 16.899488 0.12559129
-2.5366323 16.900375 0.12565498
-2.4975395 16.900599 0.12567109
-2.4617 16.899755 0.1256106
-2.4209337 16.898846 0.12554567
-2.3777907 16.90184 0.1257603
-2.3388109 16.899191 0.12557055
-2.3017528 16.899151 0.12556787
-2.2598825 16.900938 0.12569588
-2.2174866 16.901049 0.12570371
-2.1812251 16.89854 0.12552416
-2.1407402 16.900927 0.12569512
-2.0994561 16.899651 0.12560378
-2.0607252 16.900484 0.12566352
-2.0214159 16.899239 0.1255744
-1.9805924 16.900286 0.1256493
-1.9395075 16.90015 0.12563972
-1.9004184 16.898855 0.12554698
-1.8600197 16.901012 0.12570161
-1.8201423 16.899847 0.1256182
-1.7792723 16.900969 0.12569882
-1.7407579 16.899097 0.12556466
-1.7016231 16.900101 0.12563646
-1.6603818 16.899588 0.12559973
-1.6205798 16.900539 0.12566802
-1.5805516 16.898907 0.12555121
-1.5400003 16.899702 0.125608
-1.4990416 16.90057 0.12567034
-1.4601414 16.899832 0.12561752
-1.4202341 16.899073 0.12556311
-1.3800353 16.900412 0.12565911
-1.3391421 16.899113 0.12556617
-1.2992957 16.900339 0.12565415
-1.2596579 16.899658 0.12560543
-1.2197194 16.899929 0.12562472
-1.1798512 16.899931 0.12562482
-1.1397643 16.899424 0.12558877
-1.0995541 16.90012 0.12563851
-1.0592444 16.899889 0.12562206
-1.0196481 16.899431 0.12558942
-0.97991461 16.900188 0.12564352
-0.93956274 16.899759 0.12561297
-0.8994866 16.899672 0.12560678
-0.85950792 16.899992 0.12562966
-0.8195703 16.899569 0.1255994
-0.7796492 16.900204 0.125645
-0.74206203 16.902201 0.12578793
-0.71336013 16.913992 0.12663272
-2.9473822 16.937626 0.14025636
-2.8964043 16.941456 0.12859671
-2.8570254 16.939672 0.12846911
-2.8170655 16.940611 0.12853631
-2.7792118 16.941582 0.12860601
-2.7396302 16.93906 0.12842552
-2.6970246 16.940119 0.12850158
-2.659106 16.938627 0.12839459
-2.6210444 16.93943 0.12845224
-2.5814569 16.940407 0.12852238
-2.5435858 16.939123 0.12843037
-2.5025768 16.940342 0.12851794
-2.4592874 16.94002 0.12849504
-2.4161961 16.941141 0.12857562
-2.3795667 16.940083 0.12849954
-2.3397675 16.940065 0.12849867
-2.3017049 16.939352 0.12844753
-2.2597089 16.941036 0.12856825
-2.2194879 16.938875 0.12841342
-2.1795261 16.939833 0.12848212
-2.1414294 16.940704 0.12854435
-2.0999475 16.939602 0.12846561
-2.0594072 16.94017 0.12850633
-2.0184395 16.940493 0.12852946
-1.9797293 16.939142 0.12843266
-1.9407551 16.940128 0.12850349
-1.8996407 16.939543 0.12846155
-1.8606149 16.941235 0.12858276
-1.8208288 16.940361 0.12852028
-1.7808225 16.938871 0.12841377
-1.7401431 16.939802 0.12848037
-1.6996351 16.940472 0.12852848
-1.6590922 16.939379 0.12845013
-1.6195793 16.939528 0.12846088
-1.5791343 16.939816 0.12848148
-1.5390409 16.940121 0.1285035
-1.5000678 16.940411 0.12852411
-1.461149 16.938795 0.12840846
-1.4196876 16.939695 0.12847298
-1.3805938 16.940536 0.12853336
-1.3404852 16.939747 0.12847677
-1.2995884 16.939678 0.12847181
-1.2599908 16.939535 0.12846172
-1.2195522 16.939791 0.1284802
-1.1792544 16.940016 0.12849641
-1.1396972 16.939571 0.12846443
-1.0993125 16.93973 0.12847577
-1.059792 16.939692 0.12847319
-1.0201668 16.939869 0.12848611
-0.97970891 16.939835 0.1284835
-0.94003981 16.939829 0.12848325
-0.89992481 16.939722 0.12847558
-0.85993582 16.940153 0.12850672
-0.81979126 16.939785 0.12848026
-0.77984238 16.939613 0.12846798
-0.73926169 16.939775 0.12847956
-0.70134282 16.941551 0.12860699
-0.67196846 16.952341 0.1293799
-2.9490244 16.979219 0.13924639
-2.8987725 16.981106 0.13143684
-2.8589919 16.978905 0.13127948
-2.8190312 16.977491 0.13117829
-2.7778914 16.982059 0.13150546
-2.7376175 16.977678 0.13119181
-2.7020283 16.979074 0.13129203
-2.6588914 16.979214 0.13130218
-2.6186457 16.981026 0.13143188
-2.5782168 16.980358 0.13138433
-2.5400403 16.978662 0.13126285
-2.4988084 16.98119 0.13144401
-2.459897 16.980114 0.13136707
-2.4240701 16.978458 0.13124852
-2.3814237 16.979177 0.13130011
-2.3371191 16.981495 0.1314663
-2.2974331 16.979603 0.13133073
-2.2585456 16.97953 0.13132557
-2.217242 16.98004 0.13136208
-2.1795919 16.980324 0.13138236
-2.139432 16.978985 0.13128665
-2.1004703 16.982079 0.13150838
-2.0595043 16.978876 0.13127884
-2.020689 16.97986 0.1313495
-1.980177 16.978371 0.13124295
-1.9395335 16.981928 0.13149777
-1.899677 16.978792 0.13127309
-1.8587453 16.981218 0.13144705
-1.8194578 16.97958 0.13132955
-1.77988 16.979082 0.13129398
-1.7390953 16.979866 0.1313502
-1.6982795 16.980831 0.13141948
-1.6589081 16.978891 0.13128042
-1.6192957 16.980452 0.13139223
-1.5805194 16.979517 0.13132562
-1.540278 16.979965 0.13135763
-1.5011252 16.979696 0.13133828
-1.4600921 16.979767 0.13134345
-1.4190905 16.979998 0.13135988
-1.3793473 16.980118 0.13136858
-1.3398218 16.979227 0.13130499
-1.3001028 16.979605 0.13133217
-1.2599894 16.979868 0.13135089
-1.2197791 16.980722 0.13141204
-1.1800168 16.979359 0.13131441
-1.1399837 16.97998 0.1313591
-1.1000656 16.97929 0.13130963
-1.0602733 16.979965 0.13135819
-1.0200746 16.979763 0.13134384
-0.97989535 16.979694 0.13133897
-0.9398104 16.980207 0.13137554
-0.90049076 16.979799 0.13134632
-0.86026734 16.979916 0.13135436
-0.81983441 16.979591 0.13133174
-0.77975553 16.980179 0.13137379
-0.73936373 16.979588 0.13133159
-0.69913578 16.980141 0.13137083
-0.66057503 16.98073 0.13141333
-0.62971193 16.991056 0.13215305
-2.9479923 17.019648 0.14295785
-2.9011986 17.021555 0.13433443
-2.8610075 17.018925 0.13414615
-2.8223395 17.01926 0.13417026
-2.7816472 17.019392 0.13417989
-2.7437475 17.019667 0.13419954
-2.7024384 17.020329 0.13424721
-2.6609814 17.020466 0.134257
-2.6215193 17.019541 0.13419087
-2.5840032 17.020517 0.13426094
-2.5408978 17.018654 0.13412774
-2.5012245 17.02112 0.13430426
-2.4599347 17.019281 0.13417275
-2.4196432 17.019068 0.1341576
-2.3781698 17.020142 0.13423456
-2.341378 17.018673 0.13412951
-2.2983906 17.018633 0.13412642
-2.2600305 17.021511 0.13433278
-2.2198949 17.020832 0.13428418
-2.1783454 17.019333 0.13417687
-2.1406391 17.021017 0.13429748
-2.1000566 17.020912 0.13429002
-2.0595667 17.017935 0.13407698
-2.0188487 17.020267 0.13424399
-1.9779304 17.018816 0.13413997
-1.9390961 17.021067 0.13430122
-1.8996199 17.018282 0.13410181
-1.8587532 17.021694 0.13434637
-1.8192799 17.018742 0.13413492
-1.7803906 17.02001 0.13422567
-1.7401319 17.019938 0.13422078
-1.7009138 17.019867 0.13421565
-1.6606407 17.020105 0.13423268
-1.6194575 17.019314 0.134176
-1.57928 17.020374 0.13425224
-1.5410045 17.018675 0.13413049
-1.5004562 17.02017 0.13423771
-1.4600842 17.020144 0.13423589
-1.4199442 17.019794 0.13421077
-1.3787478 17.020241 0.13424276
-1.3391637 17.019913 0.13421904
-1.299735 17.018673 0.1341306
-1.2595423 17.019506 0.13419034
-1.2197378 17.021458 0.13432987
-1.1800011 17.019224 0.13417007
-1.1402556 17.019579 0.13419583
-1.0995932 17.019899 0.13421874
-1.0592601 17.019989 0.13422517
-1.0193052 17.019503 0.13419041
-0.97994596 17.01989 0.13421805
-0.93975502 17.020296 0.13424714
-0.89956856 17.019388 0.13418227
-0.86029518 17.019289 0.1341753
-0.81998491 17.020798 0.13428345
-0.78017575 17.019814 0.13421293
-0.74035722 17.019396 0.13418268
-0.69970858 17.019739 0.13420773
-0.659702 17.019835 0.1342147
-0.62059796 17.02021 0.13424157
-0.58857274 17.029783 0.13492715
-2.949728 17.060551 0.14146708
-2.9000444 17.057812 0.13693163
-2.8630731 17.059753 0.13707088
-2.8219159 17.062443 0.13726367
-2.7801569 17.05921 0.13703217
-2.7378447 17.061644 0.13720658
-2.7004466 17.058697 0.13699557
-2.6599088 17.06039 0.1371171
-2.6177685 17.060177 0.13710192
-2.5795681 17.060139 0.13709918
-2.5417316 17.059462 0.13705076
-2.5026071 17.059227 0.13703406
-2.46191 17.05957 0.13705876
-2.4194896 17.059179 0.13703081
-2.3815393 17.059015 0.13701916
-2.3400049 17.059475 0.13705204
-2.298378 17.060808 0.1371478
-2.2590933 17.061417 0.13719133
-2.2220995 17.05814 0.13695662
-2.1787992 17.060783 0.13714597
-2.1389503 17.06138 0.13718887
-2.1004684 17.058746 0.13700014
-2.0604582 17.059505 0.13705468
-2.0203979 17.061562 0.13720173
-1.9813906 17.058107 0.13695467
-1.9420365 17.059956 0.13708714
-1.8999778 17.058216 0.13696244
-1.8601444 17.061176 0.13717434
-1.8190979 17.058857 0.13700837
-1.7801348 17.06044 0.13712181
-1.7397665 17.0606 0.13713357
-1.6993126 17.059616 0.1370628
-1.6606636 17.059654 0.13706571
-1.6209239 17.059566 0.13705957
-1.5794305 17.059889 0.13708258
-1.5379535 17.059359 0.13704485
-1.4972885 17.060675 0.13713898
-1.4580975 17.06015 0.13710147
-1.4176222 17.060143 0.13710085
-1.3780971 17.059595 0.13706182
-1.3390745 17.059887 0.1370828
-1.2999121 17.059462 0.13705234
-1.2597674 17.059685 0.13706829
-1.2195741 17.060263 0.13710979
-1.1801486 17.059847 0.13707998
-1.1401062 17.059576 0.13706063
-1.0999432 17.060566 0.13713169
-1.0599004 17.05925 0.13703734
-1.0200586 17.059759 0.13707362
-0.98019028 17.05974 0.13707285
-0.94049227 17.060146 0.1371018
-0.90045059 17.059441 0.13705139
-0.85952574 17.05957 0.13706076
-0.81976599 17.060232 0.13710801
-0.77950525 17.059738 0.1370727
-0.7390458 17.059601 0.13706291
-0.69905782 17.059578 0.1370613
-0.65902519 17.060438 0.13712323
-0.61941528 17.059416 0.13705002
-0.57996827 17.060301 0.13711338
-0.54662228 17.067993 0.13766432
-2.9529021 17.101044 0.14341949
-2.9016232 17.09849 0.13984546
-2.8593755 17.100863 0.14001575
-2.8195524 17.100372 0.13998058
-2.7786136 17.099733 0.13993499
-2.7386668 17.102015 0.14009842
-2.6986141 17.097002 0.1397396
-2.6599076 17.102835 0.14015743
-2.6200211 17.097851 0.1398005
-2.5793185 17.099586 0.13992506
-2.5380836 17.101315 0.14004883
-2.4951324 17.098482 0.13984601
-2.4556 17.100182 0.13996792
-2.4183438 17.099522 0.13992065
-2.3807592 17.098928 0.13987803
-2.3414209 17.100658 0.14000225
-2.2988203 17.099049 0.13988693
-2.2611151 17.09988 0.13994652
-2.2217808 17.099886 0.13994707
-2.1823142 17.100761 0.14000975
-2.139616 17.09981 0.13994156
-2.1001103 17.100632 0.14000042
-2.0596025 17.099575 0.13992485
-2.0199654 17.09936 0.13990952
-1.9798661 17.099222 0.13989982
-1.9383547 17.100428 0.13998607
-1.8994586 17.098726 0.13986444
-1.8585746 17.100159 0.13996682
-1.8189113 17.099957 0.13995244
-1.7786008 17.099731 0.1399364
-1.7397753 17.101891 0.14009129
-1.7000508 17.098389 0.13984022
-1.660049 17.100019 0.13995729
-1.6181815 17.099621 0.13992873
-1.5799705 17.099693 0.13993394
-1.540826 17.099785 0.13994052
-1.5005995 17.100584 0.13999788
-1.4603518 17.100403 0.13998494
-1.421666 17.099321 0.13990766
-1.3818954 17.100321 0.13997914
-1.3409594 17.099535 0.13992302
-1.2999396 17.099096 0.13989152
-1.2602301 17.10062 0.14000069
-1.2200081 17.100056 0.13996023
-1.1800152 17.099775 0.13994013
-1.1393764 17.099537 0.13992304
-1.100212 17.100267 0.13997538
-1.0603396 17.099749 0.13993853
-1.0198886 17.100224 0.13997246
-0.97918826 17.09951 0.13992152
-0.93929899 17.099762 0.13993959
-0.89980388 17.099636 0.13993053
-0.85974181 17.100679 0.14000554
-0.81966418 17.099827 0.1399444
-0.78004915 17.099327 0.13990864
-0.73979992 17.099808 0.13994311
-0.70016766 17.099655 0.13993213
-0.66064364 17.099916 0.13995072
-0.61990893 17.099777 0.13994102
-0.5796268 17.099667 0.13993333
-0.5400309 17.099907 0.13995057
-0.50877595 17.105522 0.14017266
-2.950443 17.137308 0.14627971
-2.8981884 17.140673 0.14286725
-2.8556113 17.14266 0.14300987
-2.8152337 17.138741 0.14272906
-2.7768309 17.137976 0.14267431
-2.7405159 17.142439 0.14299437
-2.7013817 17.139372 0.14277457
-2.6625183 17.141308 0.14291345
-2.622895 17.138708 0.1427272
-2.583298 17.13895 0.14274478
-2.5438955 17.141247 0.14290944
-2.5045033 17.140148 0.14283071
-2.4642601 17.139116 0.14275688
-2.4227087 17.138206 0.14269167
-2.3800128 17.139648 0.14279519
-2.3382006 17.14106 0.14289634
-2.2992802 17.13954 0.14278746
-2.2591782 17.139305 0.14277068
-2.2218935 17.140606 0.14286384
-2.1815612 17.140459 0.14285339
-2.1403143 17.138487 0.142712
-2.0984857 17.141859 0.14295374
-2.0595825 17.138639 0.14272328
-2.0200772 17.1401 0.14282788
-1.979645 17.139668 0.14279692
-1.9398885 17.139618 0.14279331
-1.9002589 17.140442 0.14285251
-1.8592474 17.138676 0.14272591
-1.8199831 17.141052 0.14289631
-1.7807173 17.138533 0.14271586
-1.7396111 17.142048 0.1429676
-1.7008204 17.138138 0.14268751
-1.6602622 17.140354 0.14284629
-1.6207874 17.140377 0.14284825
-1.5800542 17.139923 0.14281556
-1.5396923 17.13883 0.14273752
-1.4994967 17.140524 0.14285889
-1.4596279 17.139805 0.14280719
-1.4198804 17.140007 0.14282192
-1.3797578 17.139835 0.14280964
-1.3389822 17.140041 0.14282422
-1.2999618 17.139444 0.14278156
-1.2600836 17.139656 0.14279686
-1.2208265 17.141092 0.14289999
-1.1796612 17.139639 0.14279547
-1.1398281 17.139492 0.14278536
-1.1002903 17.139874 0.14281259
-1.0609925 17.139818 0.14280887
-1.0200983 17.140829 0.14288104
-0.97995853 17.139421 0.14278035
-0.94004804 17.139498 0.14278594
-0.89953268 17.13983 0.14280982
-0.86010182 17.139755 0.14280455
-0.8205446 17.139904 0.14281516
-0.78023666 17.139988 0.14282115
-0.74007624 17.139996 0.14282195
-0.70037973 17.139462 0.14278357
-0.66011548 17.14016 0.14283353
-0.61989123 17.139824 0.14280951
-0.5796358 17.139816 0.14280909
-0.53938264 17.139652 0.14279728
-0.50426495 17.140549 0.14042257
-2.950279 17.175407 0.14854456
-2.899754 17.182858 0.14588919
-2.8612835 17.183069 0.14590426
-2.8204358 17.178686 0.14559053
-2.7825584 17.177683 0.14551878
-2.7418463 17.179323 0.14563623
-2.7018769 17.18092 0.14575087
-2.659971 17.182177 0.14584091
-2.6203935 17.177715 0.14552145
-2.5801122 17.178976 0.14561191
-2.5380838 17.179926 0.1456801
-2.4993446 17.181149 0.14576779
-2.4619706 17.17927 0.14563315
-2.4201553 17.180235 0.14570244
-2.3791876 17.18119 0.14577092
-2.3416333 17.179752 0.14566779
-2.2997415 17.179394 0.14564218
-2.2612431 17.17942 0.14564405
-2.221575 17.180387 0.14571355
-2.1791987 17.182222 0.14584498
-2.1409895 17.177984 0.14554128
-2.1015313 17.177828 0.14553033
-2.0601599 17.180775 0.14574124
-2.0183265 17.179836 0.14567421
-1.9787742 17.178682 0.14559148
-1.9407563 17.181221 0.14577352
-1.9012502 17.180391 0.14571418
-1.8603517 17.178211 0.14555793
-1.8194466 17.181398 0.1457864
-1.7796084 17.179142 0.1456248
-1.7412181 17.180719 0.14573781
-1.6995553 17.178299 0.14556447
-1.6587567 17.181141 0.14576808
-1.6194477 17.179951 0.14568289
-1.5793853 17.180519 0.14572379
-1.5405228 17.178856 0.14560437
-1.5002772 17.180599 0.14572954
-1.4594911 17.179293 0.14563605
-1.4213018 17.180029 0.14568865
-1.3796079 17.179411 0.14564456
-1.3397133 17.179268 0.14563431
-1.3001807 17.180292 0.14570791
-1.2597623 17.179237 0.14563212
-1.2191142 17.180769 0.14574207
-1.1799273 17.180468 0.1457206
-1.1399556 17.1789 0.1456082
-1.0990478 17.180401 0.14571555
-1.0587901 17.179712 0.14566636
-1.019841 17.180159 0.14569846
-0.97976172 17.179562 0.14565575
-0.94009882 17.180256 0.14570566
-0.89970869 17.179981 0.1456859
-0.8593412 17.179356 0.14564118
-0.81903708 17.180098 0.14569442
-0.77941549 17.180279 0.14570731
-0.740058 17.179045 0.1456189
-0.69984084 17.179911 0.14568107
-0.65979451 17.179653 0.14566247
-0.61992514 17.179974 0.14568572
-0.58041233 17.180151 0.14569849
-0.53990245 17.179766 0.14567089
-0.50355154 17.17874 0.14147972
-2.9528978 17.215721 0.15009299
-2.8985465 17.221731 0.14867377
-2.858865 17.220245 0.14856747
-2.8233309 17.217165 0.14834704
-2.7838778 17.220812 0.14860831
-2.7399514 17.221703 0.14867215
-2.6976397 17.219629 0.14852375
-2.6590197 17.220953 0.14861865
-2.6176667 17.218092 0.14841399
-2.5768468 17.219694 0.14852868
-2.5374153 17.219128 0.14848828
-2.4958689 17.219669 0.14852712
-2.4551592 17.2202 0.14856516
-2.415262 17.22072 0.14860243
-2.3761525 17.221231 0.14863899
-2.3377562 17.219389 0.14850709
-2.2983196 17.21946 0.14851229
-2.2592669 17.220465 0.14858419
-2.2212067 17.220978 0.14862111
-2.1817474 17.221964 0.14869189
-2.1402717 17.2195 0.14851533
-2.0988953 17.219048 0.14848295
-2.0584254 17.218443 0.14843963
-2.0203464 17.219837 0.1485395
-1.9799734 17.219357 0.14850534
-1.9377187 17.220989 0.14862221
-1.8984154 17.218349 0.14843325
-1.8588952 17.219763 0.14853449
-1.8202374 17.221136 0.1486329
-1.780479 17.220036 0.14855407
-1.7396845 17.222525 0.1487325
-1.7000678 17.218882 0.14847158
-1.6599344 17.218592 0.14845091
-1.6204129 17.219631 0.1485254
-1.5806648 17.219833 0.14853986
-1.5392661 17.219332 0.14850391
-1.4995847 17.220463 0.14858504
-1.4611069 17.219944 0.14854798
-1.4202029 17.220016 0.14855315
-1.3810519 17.220121 0.14856075
-1.3411391 17.220007 0.14855237
-1.2997553 17.219856 0.14854194
-1.2601943 17.218912 0.14847416
-1.2204938 17.219469 0.14851405
-1.1803863 17.220186 0.14856556
-1.1398036 17.219723 0.14853229
-1.0995089 17.221031 0.14862598
-1.0600609 17.219883 0.14854379
-1.0197548 17.219568 0.14852144
-0.97987759 17.219067 0.14848578
-0.93959141 17.220407 0.14858146
-0.89982432 17.220062 0.14855681
-0.85999894 17.220539 0.14859132
-0.82062352 17.218868 0.14847147
-0.78006381 17.219746 0.14853454
-0.73991215 17.219307 0.14850309
-0.69983566 17.220236 0.14856969
-0.65942973 17.220562 0.14859307
-0.61974126 17.21933 0.14850485
-0.57932073 17.219603 0.1485244
-0.53968364 17.219839 0.14854148
-0.50327623 17.21842 0.14341567
-2.9494054 17.253222 0.1511212
-2.89872 17.263348 0.15165482
-2.8601012 17.255268 0.15107614
-2.8214138 17.259954 0.15141198
-2.7801774 17.260967 0.15148468
-2.7396891 17.261948 0.1515552
-2.6988435 17.259676 0.15139233
-2.6566346 17.25868 0.1513212
-2.6170309 17.257944 0.15126866
-2.5795546 17.258938 0.15133975
-2.5426824 17.259884 0.15140766
-2.5052187 17.259171 0.15135664
-2.4639409 17.259306 0.15136629
-2.4234958 17.259438 0.15137574
-2.3838587 17.259565 0.15138501
-2.3450055 17.259691 0.15139408
-2.3019085 17.259363 0.15137072
-2.2603471 17.259972 0.15141426
-2.2196839 17.260571 0.15145722
-2.1773355 17.259472 0.15137857
-2.13796 17.260117 0.15142478
-2.1005347 17.258694 0.15132287
-2.061481 17.257593 0.15124418
-2.0200894 17.257833 0.15126148
-1.9796427 17.259911 0.15141013
-1.9408969 17.259251 0.15136279
-1.9002112 17.258371 0.15130006
-1.859393 17.259531 0.15138321
-1.8199292 17.258301 0.15129502
-1.7792529 17.260666 0.15146449
-1.7381791 17.261196 0.15150261
-1.6999526 17.260073 0.15142211
-1.6600449 17.260904 0.1514817
-1.6202462 17.260117 0.15142524
-1.5802995 17.259848 0.15140611
-1.5390692 17.260635 0.15146269
-1.5000942 17.259918 0.15141132
-1.4609555 17.260559 0.15145722
-1.4197435 17.261086 0.15149501
-1.3796333 17.261593 0.15153131
-1.3390514 17.259436 0.15137699
-1.2995019 17.259548 0.15138522
-1.2598478 17.259802 0.15140323
-1.2196609 17.260044 0.15142073
-1.1790587 17.260416 0.15144752
-1.1395735 17.260527 0.15145534
-1.1004395 17.260319 0.15144061
-1.0592246 17.259739 0.151399
-1.0196525 17.259922 0.15141232
-0.97981399 17.258839 0.15133452
-0.93941063 17.260168 0.15142977
-0.89969581 17.259554 0.15138574
-0.86010945 17.259689 0.15139563
-0.81973118 17.259727 0.15139845
-0.77977747 17.258852 0.15133572
-0.73983121 17.259327 0.15136962
-0.69943732 17.259464 0.1513795
-0.65907037 17.259871 0.15140902
-0.61959428 17.25869 0.1513242
-0.57979363 17.260277 0.15143792
-0.53980261 17.260141 0.15142828
-0.50304013 17.258856 0.14545538
-2.9486215 17.290724 0.15240094
-2.900301 17.299372 0.15423533
-2.8609755 17.297318 0.15408829
-2.8186712 17.298008 0.154138
-2.7771466 17.298674 0.15418585
-2.734673 17.302252 0.15444221
-2.6963565 17.299932 0.15427631
-2.66346 17.301485 0.15438749
-2.6233635 17.300341 0.15430555
-2.582268 17.29896 0.15420674
-2.5414042 17.299801 0.15426689
-2.5017142 17.299177 0.15422225
-2.4626026 17.299274 0.15422922
-2.4218044 17.298998 0.15420961
-2.3818283 17.298729 0.15419039
-2.3401515 17.298714 0.15418942
-2.2989922 17.300592 0.15432402
-2.2614193 17.300316 0.15430433
-2.2223487 17.300499 0.1543173
-2.1801758 17.29887 0.15420073
-2.1392524 17.298038 0.15414123
-2.0993471 17.299557 0.15425004
-2.0584142 17.30007 0.15428689
-2.0194752 17.298534 0.15417683
-1.981429 17.297056 0.15407096
-1.9414362 17.298704 0.15418905
-1.9001795 17.301085 0.15435955
-1.8592308 17.298027 0.1541407
-1.8195229 17.298595 0.1541816
-1.7795478 17.30068 0.15433072
-1.7408702 17.298086 0.15414493
-1.7004273 17.301462 0.15438671
-1.660212 17.298695 0.15418865
-1.6200944 17.301603 0.15439695
-1.5793742 17.300741 0.15433542
-1.539764 17.30232 0.15444857
-1.5010122 17.299055 0.15421477
-1.4610158 17.300138 0.15429254
-1.4197409 17.300171 0.15429479
-1.3795471 17.301224 0.15437035
-1.3411138 17.300306 0.15430465
-1.3006897 17.300459 0.15431553
-1.2596002 17.300051 0.15428643
-1.2196804 17.29966 0.15425822
-1.1803737 17.300171 0.15429488
-1.1405797 17.300144 0.15429319
-1.099492 17.300093 0.15428963
-1.0596259 17.300041 0.15428582
-1.0201451 17.299313 0.15423371
-0.97974515 17.300001 0.154283
-0.93994641 17.300743 0.15433633
-0.90021914 17.298609 0.15418345
-0.85941952 17.299168 0.15422346
-0.81890219 17.30006 0.15428752
-0.78048629 17.299919 0.15427747
-0.7412892 17.299303 0.15423325
-0.70012504 17.298342 0.15416476
-0.66009891 17.30006 0.15428786
-0.62024522 17.298937 0.15420727
-0.58008361 17.300535 0.15432197
-0.5398798 17.300325 0.15430664
-0.50229794 17.299301 0.14689022
-2.9483311 17.331333 0.15482126
-2.8981056 17.338758 0.15705696
-2.8584936 17.336325 0.15688257
-2.8191216 17.340433 0.15717706
-2.7791667 17.340977 0.15721618
-2.7391319 17.344604 0.15747614
-2.6992733 17.338499 0.15703873
-2.6596143 17.338808 0.15706091
-2.620667 17.339096 0.15708174
-2.579273 17.339314 0.15709725
-2.5379398 17.34164 0.15726396
-2.4979534 17.340584 0.15718834
-2.4560423 17.339876 0.15713769
-2.4172022 17.340307 0.15716863
-2.3797529 17.338577 0.1570448
-2.3363717 17.339342 0.15709953
-2.2951937 17.342079 0.15729579
-2.2573159 17.341393 0.15724656
-2.218153 17.339878 0.15713805
-2.1792581 17.339983 0.15714574
-2.1415148 17.339031 0.15707761
-2.1013756 17.340916 0.1572125
-2.0611198 17.338905 0.15706861
-2.0206409 17.338995 0.15707526
-1.9794221 17.340523 0.15718466
-1.9385587 17.337439 0.15696378
-1.8999014 17.341564 0.15725915
-1.8605853 17.339434 0.1571067
-1.8183322 17.341272 0.15723833
-1.7790222 17.339518 0.15711291
-1.7397845 17.33864 0.15705016
-1.6998188 17.341448 0.15725125
-1.6603007 17.33786 0.15699427
-1.6208237 17.340338 0.15717196
-1.5799042 17.339449 0.15710813
-1.5410324 17.341843 0.15727973
-1.4993919 17.338547 0.15704367
-1.4582411 17.339331 0.15709989
-1.4188205 17.340158 0.15715915
-1.3788396 17.339714 0.15712732
-1.3392758 17.339226 0.15709262
-1.2994883 17.340221 0.1571639
-1.2598051 17.340139 0.15715808
-1.2194273 17.339584 0.15711816
-1.17983 17.339766 0.15713115
-1.1395324 17.340372 0.15717487
-1.0992372 17.33989 0.1571403
-1.0602461 17.339916 0.1571424
-1.0208923 17.338423 0.15703537
-0.98038507 17.340933 0.15721497
-0.94007754 17.340441 0.15717997
-0.89935189 17.338896 0.15706924
-0.85985947 17.339739 0.15712981
-0.82066822 17.34008 0.1571541
-0.78027916 17.340601 0.15719132
-0.73968363 17.339329 0.15710032
-0.70045274 17.339424 0.15710738
-0.65949327 17.34037 0.15717489
-0.61933792 17.339752 0.15713082
-0.57923347 17.339027 0.15707931
-0.53997552 17.339981 0.15714778
-0.50225747 17.340437 0.1491001
-2.9528909 17.377907 0.15497386
-2.9073846 17.370392 0.15932284
-2.8563676 17.369268 0.15924251
-2.8065028 17.368172 0.15916419
-2.7783799 17.370384 0.15932256
-2.7504151 17.372505 0.15947464
-2.7028599 17.371393 0.15939508
-2.6563425 17.37031 0.15931748
-2.6108325 17.369247 0.15924153
-2.5697653 17.365623 0.15898198
-2.5410109 17.3703 0.15931708
-2.5050449 17.369431 0.15925474
-2.4628265 17.371025 0.15936896
-2.4213412 17.370003 0.15929584
-2.3807063 17.369003 0.15922418
-2.3474863 17.370699 0.15934585
-2.3051238 17.372137 0.15944879
-2.2667785 17.371143 0.15937766
-2.2236655 17.368563 0.15919292
-2.1832697 17.368998 0.159224
-2.1425891 17.367462 0.15911406
-2.1014237 17.371159 0.15937896
-2.0589821 17.370949 0.1593641
-2.0174813 17.370739 0.15934916
-1.9768906 17.370529 0.15933409
-1.9413195 17.368029 0.15915503
-1.901844 17.3692 0.15923898
-1.8572038 17.370918 0.15936203
-1.8162944 17.370457 0.15932907
-1.780968 17.367569 0.15912223
-1.7412771 17.370436 0.15932763
-1.7004699 17.372057 0.15944378
-1.6611819 17.36857 0.15919408
-1.6214226 17.370726 0.15934849
-1.5834285 17.367186 0.15909508
-1.5420034 17.372107 0.15944755
-1.4999624 17.368345 0.15917826
-1.4591269 17.369926 0.15929148
-1.4193213 17.371454 0.15940109
-1.3783113 17.368366 0.15917991
-1.3374898 17.368647 0.15919991
-1.2993784 17.370802 0.15935451
-1.2577362 17.369953 0.15929376
-1.2205319 17.369493 0.15926066
-1.1806273 17.370558 0.15933704
-1.1382183 17.368681 0.15920268
-1.1004695 17.370258 0.15931557
-1.0589041 17.37007 0.15930226
-1.0191842 17.368757 0.15920807
-0.97954452 17.370989 0.15936807
-0.94064456 17.369486 0.15926066
-0.90024775 17.370058 0.15930143
-0.859227 17.369427 0.15925634
-0.81969517 17.370495 0.15933293
-0.77802098 17.369551 0.15926526
-0.74091268 17.369955 0.15929444
-0.70096672 17.370312 0.15932
-0.66138154 17.3696 0.15926881
-0.61970133 17.369734 0.15927878
-0.5797314 17.370121 0.15930624
-0.53939241 17.369209 0.15924111
-0.49383143 17.382071 0.14393991
-0.46026501 17.389498 0.13992055
-0.43395731 17.389482 0.13983347
-2.9440272 16.029179 0.18041158
-2.9439902 16.05928 0.17983474
-2.9439454 16.098623 0.17959034
-2.943907 16.138441 0.18032604
-2.9438574 16.179733 0.18008314
-2.9438088 16.221842 0.179836
-2.9437604 16.261786 0.17946763
-2.9437273 16.299349 0.18013625
-2.9436817 16.337374 0.18023007
-2.9436362 16.379263 0.18012941
-2.9435804 16.419744 0.17943333
-2.9435508 16.457254 0.18043283
-2.9434962 16.497807 0.18000667
-2.9434502 16.540384 0.18009897
-2.9434006 16.580235 0.17996085
-2.9433608 16.617619 0.18003331
-2.9433091 16.658768 0.17993101
-2.9432652 16.701107 0.18032281
-2.943223 16.740503 0.18039399
-2.9431672 16.780336 0.17966583
-2.9431281 16.820946 0.18052626
-2.9430697 16.862324 0.17978232
-2.9430239 16.900253 0.17975168
-2.9429905 16.9396 0.18056266
-2.9429371 16.978397 0.17992686
-2.9428887 17.017794 0.17966631
-2.942826 17.058178 0.17896204
-2.9427938 17.099628 0.18045105
-2.9427598 17.142651 0.18130971
-2.9427311 17.180885 0.18163213
-2.943347 17.217674 0.18163314
-2.9451008 17.258055 0.18038307
-2.9456792 17.299206 0.18058796
-2.9460566 17.338696 0.18070771
-2.9450431 17.379925 0.17917031
-2.8953512 17.390207 0.168327
-2.8527372 17.390865 0.17063741
-2.8260384 17.388134 0.16491593
-2.7848527 17.388878 0.16721281
-2.737138 17.389389 0.16770169
-2.6948268 17.389894 0.16919889
-2.6621339 17.38965 0.16781355
-2.6231003 17.389315 0.1673407
-2.5799572 17.389809 0.16783029
-2.5417397 17.388964 0.16718481
-2.5035486 17.388578 0.16712488
-2.4603629 17.390205 0.16840799
-2.4194658 17.389528 0.16800933
-2.379498 17.388954 0.16758196
-2.3368778 17.388702 0.16672663
-2.2964389 17.390118 0.16826756
-2.2570078 17.390041 0.1686299
-2.2178123 17.388859 0.16741922
-2.1786625 17.390051 0.16795428
-2.1373696 17.388678 0.16732517
-2.0978425 17.39007 0.1680571
-2.0566931 17.389606 0.16790681
-2.0202744 17.389063 0.16746573
-1.9835126 17.389561 0.16794139
-1.9409783 17.389179 0.16729145
-1.8993467 17.38928 0.16773121
-1.8599761 17.390368 0.16861486
-1.8203042 17.388521 0.16691332
-1.7814149 17.389715 0.16790061
-1.7414305 17.389618 0.1680087
-1.7000774 17.389595 0.16788736
-1.6597308 17.389572 0.16777013
-1.6168352 17.38978 0.16829857
-1.5791601 17.388908 0.1670211
-1.5415819 17.389921 0.16856241
-1.5023532 17.38946 0.16739863
-1.4618857 17.389269 0.16793549
-1.4212748 17.390018 0.1681169
-1.3800569 17.389544 0.16775441
-1.3391929 17.389406 0.16789353
-1.2975605 17.389479 0.16787146
-1.2590828 17.389612 0.1678735
-1.2180717 17.389643 0.16786471
-1.1789855 17.38916 0.16758162
-1.1402661 17.389462 0.1678734
-1.0997294 17.389427 0.16777728
-1.0596139 17.389338 0.16776355
-1.0189524 17.38933 0.16775344
-0.97927648 17.389482 0.16774809
-0.94048405 17.389385 0.16796945
-0.90138608 17.389826 0.16806607
-0.86030197 17.389174 0.16749217
-0.81999964 17.389668 0.16810338
-0.7797603 17.389437 0.16772757
-0.73887271 17.389471 0.16798864
-0.69940561 17.389572 0.1679057
-0.65951562 17.389353 0.16765976
-0.6196543 17.389736 0.16811821
-0.57982403 17.389603 0.16798039
-0.53987712 17.389454 0.16785181
-0.5005635 17.390083 0.16844326
-0.46023205 17.390467 0.16925012
-0.43395063 17.390568 0.16940115
-2.9393265 17.417799 0.18291533
-2.8973913 17.421923 0.17544858
-2.8647771 17.427181 0.17544878
-2.8192914 17.418289 0.17544873
-2.7748699 17.409603 0.17544873
-2.7423708 17.422152 0.17544909
-2.7020237 17.421539 0.17544916
-2.6594272 17.424042 0.17544937
-2.6183181 17.415586 0.17544936
-2.5774248 17.418177 0.17544952
-2.540112 17.417667 0.17544964
-2.4998953 17.419489 0.17544976
-2.4617171 17.422567 0.17544994
-2.4202924 17.421698 0.17545007
-2.3815727 17.422758 0.17545021
-2.3432689 17.417744 0.17545022
-2.2976186 17.421413 0.17545046
-2.2582905 17.419346 0.17545049
-2.2197692 17.417322 0.17545059
-2.1794784 17.423241 0.17545085
-2.1398356 17.418884 0.17545091
-2.1010618 17.419643 0.17545104
-2.0606079 17.418146 0.17545113
-2.0195925 17.419241 0.17545128
-1.9797527 17.419466 0.17545144
-1.9394677 17.419016 0.17545152
-1.9004087 17.420574 0.1754517
-1.8589584 17.422733 0.17545187
-1.8197281 17.418903 0.17545193
-1.7803423 17.418621 0.17545204
-1.7400357 17.421247 0.17545222
-1.6999195 17.41972 0.17545232
-1.6595106 17.420271 0.17545246
-1.6192615 17.420204 0.17545258
-1.5786457 17.420002 0.17545271
-1.5388225 17.420446 0.17545284
-1.4985634 17.420256 0.17545296
-1.4592519 17.420038 0.17545308
-1.4196782 17.421192 0.17545322
-1.380533 17.419115 0.17545334
-1.3407387 17.421043 0.17545348
-1.2995319 17.420876 0.1754536
-1.2578833 17.41898 0.17545372
-1.2197014 17.419531 0.17545384
-1.1806455 17.420052 0.17545399
-1.1421195 17.420393 0.17545411
-1.1016207 17.419596 0.17545423
-1.0594968 17.419758 0.17545429
-1.0192977 17.419882 0.17545442
-0.97970724 17.419422 0.17545453
-0.94034326 17.419636 0.17545466
-0.90030289 17.420364 0.17545481
-0.85990113 17.419931 0.17545496
-0.81968474 17.420176 0.17545506
-0.78035253 17.420424 0.1754552
-0.73973686 17.419493 0.17545527
-0.69967443 17.419552 0.17545542
-0.65991461 17.420238 0.17545556
-0.61946529 17.419161 0.17545569
-0.57961905 17.419935 0.17545579
-0.53980774 17.420191 0.17545591
-0.50021118 17.419975 0.17545609
-0.46008617 17.419306 0.1754562
-0.43668923 17.415779 0.17545618
-2.9435892 17.459322 0.18437187
-2.8925006 17.456148 0.17544915
-2.8598866 17.461407 0.17544934
-2.8274989 17.466427 0.17544957
-2.7793846 17.4603 0.17544959
-2.7323959 17.454321 0.17544962
-2.6975732 17.458481 0.17544983
-2.6685009 17.467421 0.17545007
-2.6238532 17.461494 0.17545013
-2.5772839 17.458788 0.17545021
-2.5346534 17.453091 0.17545022
-2.4998052 17.460102 0.17545046
-2.4597096 17.458342 0.17545056
-2.4221148 17.464262 0.17545077
-2.3829038 17.459959 0.17545085
-2.3396728 17.460392 0.17545097
-2.3020954 17.461092 0.17545111
-2.2595925 17.461447 0.17545125
-2.2206585 17.458965 0.17545135
-2.1772025 17.462137 0.17545152
-2.1398954 17.459698 0.17545159
-2.1007314 17.460054 0.17545176
-2.0598795 17.458092 0.17545184
-2.0197687 17.461142 0.17545199
-1.9806405 17.459202 0.17545208
-1.9394051 17.459476 0.17545225
-1.8999408 17.46063 0.1754524
-1.8609767 17.459711 0.1754525
-1.8202714 17.463465 0.17545271
-1.7781918 17.456448 0.17545269
-1.7382362 17.459272 0.17545289
-1.7007862 17.460796 0.17545301
-1.6580821 17.460907 0.17545319
-1.6194274 17.457802 0.17545322
-1.5805144 17.460123 0.17545338
-1.5392852 17.461439 0.17545353
-1.4997029 17.460327 0.17545366
-1.4607908 17.460018 0.17545377
-1.4190825 17.461277 0.17545393
-1.3800852 17.45907 0.17545401
-1.3387619 17.459026 0.17545414
-1.2995216 17.460447 0.1754543
-1.2593746 17.460171 0.17545438
-1.2186555 17.458866 0.17545453
-1.179324 17.460583 0.17545468
-1.1390433 17.459084 0.1754548
-1.0992874 17.460602 0.17545491
-1.0595498 17.46064 0.17545508
-1.019105 17.460165 0.17545512
-0.97965401 17.460657 0.17545526
-0.93954468 17.458765 0.17545532
-0.89975101 17.459888 0.17545548
-0.85860282 17.460577 0.17545566
-0.81881523 17.459581 0.17545575
-0.77946812 17.460516 0.17545587
-0.73994261 17.460068 0.17545602
-0.69970369 17.459261 0.17545612
-0.6594227 17.460531 0.17545629
-0.61944097 17.459164 0.17545639
-0.57883704 17.45928 0.17545651
-0.5393334 17.459972 0.17545664
-0.49963379 17.45932 0.17545676
-0.46081781 17.459908 0.1754569
-0.4391591 17.440054 0.17545664
-2.9427793 17.499895 0.18670917
-2.90499 17.502584 0.17544992
-2.8547702 17.495872 0.17544997
-2.8223822 17.500891 0.17545016
-2.7902203 17.505672 0.17545035
-2.7394779 17.502317 0.17545046
-2.6929557 17.495844 0.17545047
-2.6565692 17.493525 0.17545053
-2.6242335 17.503437 0.17545083
-2.5853148 17.502068 0.17545095
-2.5391808 17.498903 0.17545101
-2.4940779 17.49581 0.1754511
-2.4576077 17.494635 0.17545122
-2.4198017 17.500357 0.1754514
-2.3804648 17.501802 0.17545158
-2.3437145 17.501217 0.17545171
-2.3008921 17.501223 0.17545183
-2.2636671 17.501551 0.17545192
-2.2215667 17.501482 0.17545207
-2.1830268 17.498585 0.17545213
-2.1399567 17.501352 0.17545231
-2.1030278 17.498514 0.1754524
-2.0591364 17.498838 0.1754525
-2.0205016 17.49885 0.17545268
-1.9791344 17.499109 0.1754528
-1.9402484 17.501726 0.17545295
-1.9000661 17.499245 0.17545305
-1.860827 17.499792 0.17545319
-1.8218846 17.50087 0.17545336
-1.7811488 17.500118 0.17545347
-1.7378786 17.497969 0.17545354
-1.7004874 17.499016 0.17545371
-1.6614236 17.501059 0.17545384
-1.6193572 17.498781 0.17545392
-1.5803738 17.500042 0.17545408
-1.5407745 17.499437 0.1754542
-1.4999988 17.500551 0.17545435
-1.4601502 17.501968 0.1754545
-1.4211512 17.499737 0.1754546
-1.3795043 17.498774 0.17545468
-1.3420153 17.499149 0.17545483
-1.2998912 17.499622 0.17545496
-1.2606813 17.500257 0.17545506
-1.22082 17.499409 0.17545523
-1.1782184 17.499964 0.17545536
-1.1369098 17.499161 0.17545547
-1.0980879 17.499599 0.17545563
-1.0602726 17.500013 0.17545572
-1.0215995 17.500595 0.17545585
-0.98051935 17.499815 0.17545593
-0.94006348 17.499823 0.17545606
-0.90051293 17.49897 0.17545617
-0.86038041 17.500198 0.17545633
-0.81972963 17.500013 0.17545646
-0.7799474 17.499275 0.17545658
-0.74040341 17.500319 0.17545669
-0.70075113 17.500156 0.17545678
-0.66022336 17.499615 0.1754569
-0.62071735 17.500298 0.17545706
-0.57995248 17.499418 0.17545721
-0.53860748 17.499952 0.17545734
-0.49897057 17.499359 0.17545743
-0.46468681 17.499321 0.17545757
-2.9394722 17.537926 0.18324001
-2.9002304 17.538124 0.17545059
-2.8667965 17.542793 0.17545074
-2.8138957 17.538906 0.17545083
-2.7751136 17.536118 0.17545095
-2.7498353 17.548189 0.17545122
-2.7026405 17.5411 0.17545126
-2.6565495 17.534172 0.17545126
-2.6192403 17.540949 0.17545149
-2.5801446 17.53927 0.17545161
-2.5438118 17.545761 0.17545182
-2.5010779 17.539019 0.17545183
-2.4564006 17.535477 0.17545193
-2.4173911 17.536976 0.17545207
-2.3798938 17.542372 0.17545228
-2.3413448 17.539831 0.17545235
-2.3045249 17.542477 0.17545255
-2.2639329 17.539055 0.17545259
-2.2252388 17.542007 0.17545278
-2.1807885 17.538979 0.17545286
-2.1427071 17.541037 0.17545299
-2.1001172 17.538078 0.1754531
-2.0583782 17.540413 0.17545328
-2.0176387 17.537519 0.17545334
-1.9775984 17.539808 0.1754535
-1.9395143 17.539448 0.17545363
-1.9001489 17.539225 0.17545374
-1.8601382 17.541283 0.17545393
-1.818918 17.539879 0.17545402
-1.780616 17.541348 0.17545417
-1.7425086 17.5408 0.17545429
-1.6997328 17.538132 0.17545436
-1.6606243 17.539148 0.1754545
-1.6223284 17.54015 0.17545466
-1.5827621 17.540205 0.17545478
-1.5402585 17.539473 0.17545488
-1.500259 17.540031 0.17545503
-1.4604092 17.539942 0.17545517
-1.4198184 17.538584 0.17545526
-1.3803852 17.54067 0.17545544
-1.3395792 17.538282 0.17545553
-1.3011144 17.540323 0.17545567
-1.2587373 17.539833 0.17545579
-1.2204927 17.540075 0.17545593
-1.1808925 17.541447 0.17545608
-1.139012 17.539902 0.17545621
-1.098334 17.538406 0.17545632
-1.0596956 17.539497 0.17545645
-1.0196674 17.540123 0.1754566
-0.97912377 17.539461 0.1754567
-0.94024658 17.539837 0.17545675
-0.89964849 17.540062 0.17545685
-0.85898691 17.539705 0.175457
-0.81964898 17.540253 0.17545713
-0.77957958 17.539412 0.17545725
-0.73875141 17.539913 0.1754574
-0.6991474 17.539652 0.17545749
-0.66036814 17.539684 0.17545763
-0.62082112 17.539984 0.17545778
-0.57981741 17.539669 0.17545786
-0.53990257 17.540079 0.17545801
-0.50040889 17.539345 0.17545816
-0.46847147 17.539045 0.17545824
-2.9436672 17.58153 0.18478115
-2.8952336 17.573917 0.17545119
-2.8549783 17.57559 0.17545134
-2.8254209 17.586353 0.17545165
-2.7761655 17.578625 0.17545165
-2.7377222 17.575481 0.17545174
-2.704706 17.581509 0.17545193
-2.6627336 17.583113 0.17545208
-2.6140752 17.57889 0.1754522
-2.5748076 17.576895 0.17545226
-2.5373044 17.579079 0.17545241
-2.5003254 17.581188 0.17545429
-2.4600441 17.582218 0.17545275
-2.4158251 17.578194 0.17545277
-2.3771744 17.579317 0.17545295
-2.3386538 17.577726 0.17545302
-2.2982724 17.580446 0.17545323
-2.2575417 17.579807 0.17545334
-2.2185702 17.579256 0.17545342
-2.1803567 17.581861 0.17545359
-2.1400979 17.581043 0.17545369
-2.1016972 17.578127 0.17545377
-2.0628052 17.582577 0.17545396
-2.0215569 17.579178 0.17545405
-1.9829184 17.578367 0.17545415
-1.9415537 17.577759 0.17545426
-1.9003084 17.57889 0.17545444
-1.8598058 17.581697 0.17545462
-1.8205452 17.578852 0.17545469
-1.7794544 17.581427 0.17545485
-1.7392169 17.583939 0.17545581
-1.6986706 17.576843 0.17545506
-1.6577375 17.578974 0.17545521
-1.62079 17.579247 0.17545533
-1.5800205 17.580902 0.17545551
-1.5406829 17.57876 0.17545559
-1.5002055 17.57884 0.17545572
-1.4609785 17.580923 0.17545585
-1.4212253 17.578945 0.17545596
-1.380334 17.580156 0.17545611
-1.3409163 17.580236 0.17545626
-1.2982063 17.579885 0.17545636
-1.2617223 17.579294 0.17545646
-1.2187995 17.580158 0.17545664
-1.1788621 17.579027 0.17545715
-1.1406122 17.580599 0.17545688
-1.099842 17.579826 0.175457
-1.0588481 17.579979 0.17545712
-1.0199327 17.578865 0.17545721
-0.97963428 17.579504 0.17545736
-0.93918449 17.579277 0.17545751
-0.9005459 17.580599 0.1754576
-0.85958934 17.579958 0.1754577
-0.81999511 17.57991 0.17545781
-0.77944469 17.580645 0.17545813
-0.73937988 17.5793 0.17545809
-0.70049268 17.579172 0.17545818
-0.65952724 17.579967 0.17545831
-0.61920822 17.579777 0.17545846
-0.5796504 17.579388 0.17545858
-0.53952587 17.580332 0.1754587
-0.50048208 17.579821 0.17545885
-0.47306639 17.578255 0.17545891
-2.9428496 17.620159 0.18631086
-2.9080718 17.623001 0.17545199
-2.856566 17.614628 0.17545202
-2.8166265 17.615967 0.17545217
-2.7872276 17.626564 0.17545244
-2.7384353 17.618351 0.17545246
-2.6965632 17.61591 0.17545256
-2.662878 17.625546 0.17545286
-2.6258967 17.621893 0.17545287
-2.5776694 17.617218 0.17545296
-2.5387383 17.614868 0.17545304
-2.5025334 17.620979 0.17545326
-2.4667351 17.626907 0.17545348
-2.4248722 17.619247 0.17545347
-2.3752499 17.620913 0.17545366
-2.3353231 17.613485 0.17545368
-2.2988195 17.619663 0.17545389
-2.2587986 17.622004 0.17545404
-2.2184062 17.617701 0.17545412
-2.179868 17.620001 0.17545421
-2.1419957 17.622248 0.17545442
-2.0994728 17.619156 0.17545451
-2.0613267 17.619616 0.17545462
-2.0223308 17.619228 0.17545472
-1.9796867 17.618151 0.17545485
-1.9396256 17.619654 0.17545503
-1.9003599 17.621126 0.17545517
-1.8603101 17.619398 0.17545526
-1.8198471 17.619049 0.17545538
-1.78066 17.620844 0.17545556
-1.7399906 17.622976 0.17545567
-1.6986414 17.618805 0.17545578
-1.6578239 17.619087 0.17545588
-1.6196268 17.619097 0.17545603
-1.5809501 17.619719 0.17545615
-1.5374957 17.619802 0.17545629
-1.4973289 17.61865 0.17545639
-1.4593852 17.620136 0.17545655
-1.4189085 17.620211 0.17545666
-1.3798656 17.619263 0.17545681
-1.3383901 17.621264 0.17545696
-1.2992271 17.618431 0.17545705
-1.258479 17.619652 0.17545716
-1.2207054 17.620441 0.1754573
-1.1800066 17.619381 0.1754574
-1.1390843 17.619469 0.17545754
-1.0985891 17.619545 0.17545769
-1.059516 17.620796 0.17545784
-1.0191019 17.620392 0.17545792
-0.97891468 17.619514 0.17545809
-0.93922889 17.619831 0.17545818
-0.89928937 17.619024 0.17545831
-0.85991627 17.620447 0.17545843
-0.81943834 17.61903 0.17545851
-0.78046268 17.621529 0.17545868
-0.73951489 17.61874 0.17545873
-0.69863582 17.619682 0.17545891
-0.65931147 17.619682 0.17545904
-0.62028569 17.620708 0.17545916
-0.58050919 17.619278 0.17545928
-0.54033738 17.619764 0.1754594
-0.49870816 17.619467 0.17545953
-0.47700912 17.62005 0.17545962
-2.9407587 17.66037 0.18320543
-2.8884945 17.643612 0.17545241
-2.8689175 17.664223 0.17545286
-2.8178983 17.655336 0.17545283
-2.7782753 17.656342 0.17545302
-2.7490344 17.666773 0.17545326
-2.697561 17.661381 0.17545335
-2.6504269 17.652849 0.17545332
-2.6208358 17.661291 0.1754536
-2.58599 17.66391 0.17545374
-2.5382295 17.658739 0.17545383
-2.4915733 17.65369 0.17545386
-2.4597821 17.660694 0.1754541
-2.4234283 17.662155 0.17545421
-2.3838384 17.662449 0.17545438
-2.3375728 17.660578 0.17545448
-2.2951963 17.655731 0.17545453
-2.2589848 17.6616 0.17545472
-2.2182255 17.656832 0.17545478
-2.1793571 17.658813 0.17545493
-2.1411657 17.660749 0.17545514
-2.1003051 17.660854 0.17545521
-2.0588624 17.660358 0.17545533
-2.0193963 17.660212 0.17545547
-1.9793119 17.65856 0.17545554
-1.9388632 17.65967 0.1754557
-1.8992256 17.660755 0.17545584
-1.8595148 17.659222 0.17545596
-1.8191457 17.660061 0.17545609
-1.7795531 17.66147 0.17545626
-1.7404176 17.660641 0.17545635
-1.7009759 17.660011 0.17545646
-1.659672 17.659832 0.17545661
-1.6192968 17.659647 0.17545673
-1.5796781 17.659317 0.17545685
-1.5412501 17.659309 0.17545696
-1.5013028 17.660822 0.17545713
-1.4605569 17.657366 0.17545719
-1.4210135 17.661047 0.17545737
-1.3814784 17.65962 0.17545748
-1.3405637 17.659531 0.17545761
-1.2997543 17.659885 0.17545775
-1.2602922 17.659424 0.17545788
-1.2200298 17.660133 0.17545798
-1.1827105 17.660442 0.17545812
-1.1414903 17.659933 0.17545828
-1.098416 17.65897 0.17545837
-1.0584595 17.66098 0.17545852
-1.0198878 17.660547 0.17545865
-0.98055977 17.659674 0.17545873
-0.94000667 17.660479 0.17545892
-0.90005434 17.658895 0.175459
-0.8587805 17.660547 0.17545919
-0.81983805 17.659101 0.17545921
-0.7808125 17.660427 0.17545933
-0.74072099 17.659964 0.17545944
-0.70031762 17.660009 0.17545958
-0.66039586 17.658648 0.1754597
-0.61911505 17.660227 0.17545989
-0.57942563 17.660582 0.17546
-0.53966969 17.658838 0.17546006
-0.5009833 17.659969 0.17546019
-2.9451554 17.701227 0.18821616
-2.8981059 17.697685 0.17545335
-2.8493404 17.684832 0.17545325
-2.8297634 17.705442 0.17545368
-2.7792306 17.696045 0.17545366
-2.7350407 17.696772 0.17545383
-2.7076585 17.710333 0.17545418
-2.659831 17.701103 0.17545414
-2.6100421 17.695366 0.17545424
-2.5794873 17.699142 0.17545436
-2.5460835 17.705921 0.17545459
-2.49879 17.70026 0.17545465
-2.4525895 17.694731 0.17545471
-2.4171066 17.700331 0.1754549
-2.3830743 17.702053 0.17545508
-2.3457358 17.702562 0.17545515
-2.2998962 17.700247 0.17545526
-2.2550697 17.697979 0.17545536
-2.2180269 17.696661 0.17545545
-2.1788235 17.698313 0.17545563
-2.1403081 17.699924 0.17545576
-2.1024637 17.701494 0.17545593
-2.0619922 17.701191 0.17545605
-2.0194135 17.701891 0.17545618
-1.9792349 17.700975 0.17545626
-1.9409584 17.70043 0.1754564
-1.9021019 17.698372 0.17545652
-1.8600266 17.698448 0.17545663
-1.8189147 17.699862 0.17545678
-1.7786349 17.700573 0.17545691
-1.7397351 17.698671 0.175457
-1.7013472 17.700232 0.17545716
-1.661554 17.701515 0.1754573
-1.6207027 17.700861 0.17545746
-1.578773 17.699642 0.17545754
-1.5396653 17.699909 0.17545769
-1.5014178 17.700142 0.17545781
-1.4604931 17.697929 0.17545789
-1.4200513 17.698868 0.17545804
-1.380263 17.699562 0.17545819
-1.3411299 17.699802 0.1754583
-1.3009616 17.699896 0.17545843
-1.2589887 17.700777 0.1754586
-1.2180289 17.701601 0.17545874
-1.1789268 17.699791 0.17545882
-1.1387632 17.698565 0.17545892
-1.1000291 17.700035 0.1754591
-1.0597188 17.700335 0.17545919
-1.0195844 17.699209 0.17545933
-0.97999829 17.701357 0.17545949
-0.94003576 17.701126 0.17545964
-0.89861953 17.699059 0.17545971
-0.85865414 17.699228 0.17545983
-0.81890529 17.69916 0.17545997
-0.77908295 17.700048 0.17546003
-0.74027538 17.700092 0.17546014
-0.70088732 17.701065 0.17546028
-0.65964705 17.698122 0.17546038
-0.6193983 17.699186 0.17546055
-0.58026773 17.700937 0.17546071
-0.54068416 17.699734 0.17546079
-0.50532532 17.699648 0.17546088
-2.9402423 17.732693 0.18226597
-2.9113121 17.749632 0.1754542
-2.858453 17.739433 0.17545418
-2.8069236 17.729488 0.17545415
-2.7873468 17.750099 0.17545462
-2.7373409 17.740145 0.17545457
-2.6885622 17.730438 0.17545456
-2.6694658 17.750544 0.17545496
-2.6221011 17.740826 0.17545493
-2.5727642 17.734612 0.17545503
-2.5393603 17.74139 0.17545524
-2.5061769 17.747934 0.17545544
-2.4593499 17.741783 0.1754555
-2.4136059 17.735775 0.17545554
-2.3778093 17.738173 0.17545569
-2.3389812 17.740715 0.17545585
-2.3047023 17.745764 0.17545606
-2.2622194 17.73991 0.17545606
-2.217809 17.737206 0.17545617
-2.1782658 17.738522 0.17545633
-2.1394217 17.739798 0.17545645
-2.1012595 17.741035 0.1754566
-2.0605578 17.741293 0.17545676
-2.0207369 17.742514 0.17545688
-1.9815006 17.741808 0.175457
-1.9401939 17.742079 0.17545713
-1.8988099 17.73959 0.17545724
-1.8592123 17.73988 0.17545733
-1.8204075 17.74016 0.17545749
-1.7800528 17.740152 0.1754576
-1.7404765 17.740746 0.17545775
-1.7017225 17.741314 0.17545789
-1.6615049 17.74218 0.17545803
-1.6221327 17.743019 0.17545815
-1.5797848 17.740753 0.17545825
-1.5380489 17.741371 0.1754584
-1.499696 17.740461 0.17545849
-1.4598105 17.737385 0.1754586
-1.4196694 17.738005 0.17545873
-1.3793662 17.738565 0.17545886
-1.3400155 17.739134 0.17545898
-1.3008584 17.739046 0.17545913
-1.2613995 17.740217 0.17545927
-1.2201823 17.739437 0.1754594
-1.1779454 17.739206 0.17545952
-1.1399418 17.738758 0.17545959
-1.0981083 17.738537 0.17545976
-1.0598779 17.739523 0.17545988
-1.0202937 17.739832 0.17546001
-0.97937423 17.738543 0.17546013
-0.94131112 17.741695 0.17546031
-0.90125519 17.739317 0.1754604
-0.86080313 17.738934 0.17546052
-0.81935817 17.739458 0.17546065
-0.77907658 17.739969 0.17546079
-0.73908168 17.740175 0.17546085
-0.69825882 17.739693 0.17546098
-0.65888649 17.738749 0.17546105
-0.61886942 17.739498 0.17546122
-0.58002001 17.740225 0.1754614
-0.539985 17.740902 0.17546155
-0.50876051 17.739317 0.17546156
-2.9432681 17.782431 0.18469849
-2.8912299 17.770775 0.17545463
-2.8711479 17.791918 0.17545508
-2.8188007 17.781179 0.17545502
-2.7677701 17.77071 0.17545502
-2.748193 17.791321 0.17545544
-2.6986735 17.780853 0.17545541
-2.6503694 17.770647 0.17545539
-2.6234777 17.784061 0.1754557
-2.5812268 17.783857 0.17545584
-2.5354862 17.773857 0.17545582
-2.5023029 17.780403 0.17545606
-2.4693401 17.786716 0.17545624
-2.4229443 17.780111 0.17545627
-2.3746223 17.776815 0.17545635
-2.3369346 17.776796 0.17545651
-2.301224 17.780466 0.17545666
-2.2665999 17.785877 0.17545685
-2.2245426 17.779577 0.17545688
-2.1776826 17.779451 0.17545705
-2.1346817 17.776344 0.17545711
-2.0976233 17.777491 0.17545727
-2.0590863 17.782129 0.17545748
-2.0188205 17.781998 0.17545755
-1.979354 17.781855 0.1754577
-1.9407159 17.782677 0.17545784
-1.9026729 17.781582 0.17545795
-1.8625947 17.781445 0.17545804
-1.8205291 17.780605 0.17545816
-1.7794222 17.781164 0.17545836
-1.7391627 17.781021 0.17545843
-1.6997339 17.780891 0.17545855
-1.6611431 17.781414 0.17545873
-1.6208267 17.781919 0.17545885
-1.5813657 17.782408 0.17545897
-1.540488 17.777473 0.17545904
-1.5004147 17.779564 0.17545919
-1.4617608 17.778561 0.1754593
-1.4210825 17.780355 0.17545946
-1.3808123 17.779394 0.17545958
-1.3403434 17.77965 0.17545968
-1.2993068 17.778793 0.1754598
-1.2602297 17.779787 0.17545994
-1.2206193 17.778894 0.17546007
-1.1803993 17.779449 0.17546017
-1.1398239 17.778624 0.17546034
-1.1001221 17.77914 0.17546043
-1.0588301 17.778381 0.17546058
-1.0209965 17.77919 0.1754607
-0.97977966 17.779444 0.17546082
-0.93906021 17.778797 0.17546093
-0.90058684 17.781149 0.17546114
-0.86072701 17.779783 0.17546122
-0.82093346 17.780848 0.17546137
-0.78107256 17.779768 0.17546147
-0.74038273 17.779598 0.17546162
-0.70085973 17.779432 0.17546163
-0.6605562 17.778566 0.17546177
-0.61962438 17.778759 0.1754619
-0.57976168 17.78067 0.17546207
-0.53987974 17.7812 0.17546222
-0.51360774 17.77776 0.17546223
-2.9412208 17.821857 0.18762617
-2.9045193 17.824356 0.17545551
-2.8510654 17.813059 0.17545553
-2.8343308 17.830677 0.17545584
-2.7824523 17.819447 0.17545581
-2.7286165 17.81193 0.17545585
-2.709039 17.832541 0.17545629
-2.6600065 17.821564 0.17545621
-2.6121764 17.810856 0.17545621
-2.5854006 17.82415 0.17545649
-2.5434973 17.823578 0.17545663
-2.4951019 17.816372 0.17545669
-2.4550049 17.816004 0.17545679
-2.4225023 17.822165 0.17545702
-2.3835049 17.821632 0.17545712
-2.3356388 17.817858 0.17545719
-2.2963948 17.81683 0.17545731
-2.2585816 17.820189 0.17545752
-2.2213039 17.82345 0.17545769
-2.1839678 17.822294 0.17545772
-2.1404226 17.81868 0.17545785
-2.0978289 17.815142 0.17545791
-2.0582786 17.818914 0.17545812
-2.0187268 17.820206 0.17545827
-1.9792528 17.819122 0.17545837
-1.941099 17.82213 0.17545852
-1.8998441 17.821566 0.17545864
-1.8594402 17.821014 0.17545877
-1.8198618 17.820473 0.17545888
-1.7810835 17.819942 0.17545898
-1.7404035 17.819382 0.17545909
-1.7005714 17.818846 0.17545925
-1.6615945 17.818983 0.17545933
-1.6217264 17.821341 0.17545955
-1.5824007 17.821346 0.17545968
-1.5401458 17.818083 0.17545971
-1.4984804 17.817808 0.17545986
-1.4597205 17.818111 0.17545998
-1.418612 17.821739 0.17546019
-1.3799264 17.821491 0.17546029
-1.3407019 17.821144 0.17546044
-1.3013207 17.820736 0.17546053
-1.2595569 17.820644 0.17546065
-1.2192012 17.818476 0.17546073
-1.1807123 17.819223 0.17546089
-1.1410462 17.820883 0.17546105
-1.1009783 17.819523 0.17546114
-1.0617577 17.81953 0.17546128
-1.0184474 17.81879 0.1754614
-0.97867566 17.820055 0.17546155
-0.93992704 17.821316 0.17546169
-0.89870107 17.820034 0.1754618
-0.85901064 17.81987 0.17546192
-0.82036179 17.819702 0.17546207
-0.78099799 17.821783 0.17546222
-0.74075234 17.820034 0.17546228
-0.69971108 17.818405 0.17546241
-0.65984666 17.818523 0.17546247
-0.61977798 17.81925 0.17546259
-0.5799461 17.820538 0.17546272
-0.53992236 17.81983 0.17546289
-0.51654315 17.817738 0.1754629
-2.9415286 17.859835 0.18290852
-2.895503 17.85697 0.17545611
-2.8638299 17.867191 0.17545639
-2.8142486 17.851822 0.1754563
-2.783653 17.862082 0.17545657
-2.7428 17.861191 0.17545666
-2.6894627 17.853151 0.17545669
-2.6731486 17.870325 0.17545706
-2.6213391 17.862272 0.17545705
-2.5708013 17.854416 0.17545708
-2.5426807 17.864159 0.17545736
-2.5057676 17.8633 0.17545745
-2.4578242 17.855619 0.17545748
-2.4180579 17.8549 0.17545758
-2.3857734 17.860832 0.17545781
-2.3440654 17.863155 0.17545797
-2.2966554 17.8589 0.17545803
-2.255996 17.859364 0.17545816
-2.2202616 17.860529 0.1754583
-2.1850522 17.861616 0.17545845
-2.1462913 17.861961 0.17545857
-2.100296 17.860924 0.17545874
-2.0581412 17.856928 0.17545874
-2.0175512 17.859087 0.17545894
-1.9772123 17.856194 0.17545903
-1.9373107 17.860254 0.17545919
-1.899051 17.858788 0.1754593
-1.8619877 17.861422 0.17545946
-1.8219746 17.860458 0.17545952
-1.7800175 17.859442 0.17545968
-1.7389526 17.858461 0.17545982
-1.6991355 17.860605 0.17545994
-1.6601188 17.859331 0.17546007
-1.6209556 17.861769 0.1754602
-1.5806866 17.861401 0.17546035
-1.5412805 17.861036 0.17546046
-1.5008411 17.859465 0.17546058
-1.459633 17.858707 0.17546068
-1.4212927 17.858572 0.17546082
-1.3805948 17.861765 0.17546101
-1.3388352 17.861483 0.17546113
-1.2977713 17.859322 0.17546122
-1.2607739 17.860287 0.17546134
-1.2186387 17.859182 0.17546144
-1.1791592 17.859007 0.17546159
-1.1408919 17.861149 0.17546175
-1.1017388 17.859207 0.17546184
-1.0593435 17.860386 0.17546199
-1.0206513 17.859886 0.17546208
-0.98120248 17.859858 0.17546223
-0.93935788 17.859646 0.17546235
-0.90057999 17.861191 0.17546251
-0.85877305 17.85903 0.17546259
-0.8180728 17.858259 0.17546271
-0.77979821 17.861557 0.17546292
-0.74038476 17.859003 0.17546298
-0.70050395 17.860264 0.17546311
-0.66104317 17.858923 0.1754632
-0.62068677 17.859945 0.17546332
-0.57998109 17.859791 0.17546342
-0.54062825 17.859297 0.17546354
-2.9440351 17.90015 0.18877447
-2.8975463 17.901058 0.17545687
-2.8434854 17.888611 0.17545679
-2.8265314 17.906462 0.17545719
-2.7740846 17.894106 0.17545713
-2.7436593 17.904186 0.1754574
-2.7031474 17.902935 0.17545751
-2.6535716 17.890936 0.17545748
-2.6339951 17.911547 0.17545786
-2.5826721 17.902981 0.17545789
-2.5326085 17.894625 0.17545789
-2.4986353 17.9006 0.1754581
-2.4648941 17.906332 0.17545831
-2.4174399 17.898138 0.17545836
-2.3711095 17.890133 0.17545834
-2.3429232 17.905947 0.1754587
-2.304626 17.904678 0.17545882
-2.2576721 17.899942 0.17545886
-2.2147558 17.892193 0.17545891
-2.1807148 17.896992 0.17545907
-2.1415761 17.900642 0.17545927
-2.1057167 17.904678 0.17545946
-2.0630362 17.900152 0.1754595
-2.0184536 17.89871 0.17545961
-1.9782313 17.900484 0.17545979
-1.9383038 17.897158 0.17545982
-1.8995097 17.897894 0.17545997
-1.8576061 17.899462 0.17546014
-1.8184206 17.901079 0.17546031
-1.7789154 17.89971 0.17546038
-1.7402159 17.898367 0.17546049
-1.699748 17.902657 0.17546065
-1.6599531 17.901222 0.17546079
-1.621014 17.900501 0.17546089
-1.5803504 17.899704 0.17546099
-1.5418993 17.901188 0.17546119
-1.499192 17.900797 0.17546128
-1.4588575 17.89793 0.17546135
-1.4188119 17.899353 0.17546156
-1.3808446 17.899248 0.17546163
-1.3425782 17.901791 0.17546183
-1.3012768 17.901024 0.17546193
-1.2606833 17.898371 0.17546201
-1.2220825 17.899879 0.17546216
-1.1808454 17.90115 0.17546229
-1.141344 17.898821 0.17546239
-1.1011209 17.899916 0.17546257
-1.060737 17.90074 0.17546269
-1.0187927 17.899666 0.1754628
-0.98082888 17.90048 0.17546292
-0.94072336 17.898973 0.17546302
-0.89917463 17.90012 0.17546318
-0.86112064 17.899603 0.17546329
-0.81952083 17.900354 0.17546344
-0.77838081 17.898834 0.17546353
-0.73939735 17.899508 0.17546368
-0.70044523 17.900248 0.17546381
-0.65935022 17.899666 0.17546396
-0.62025964 17.899412 0.17546408
-0.58001715 17.900166 0.17546415
-0.54601592 17.899202 0.17546421
-2.9406469 17.936251 0.18244082
-2.9147587 17.954161 0.17545772
-2.8597538 17.940844 0.17545767
-2.8095775 17.924309 0.17545751
-2.7892332 17.945726 0.17545798
-2.7339203 17.93639 0.175458
-2.700253 17.938908 0.17545819
-2.6634951 17.944683 0.17545836
-2.6144183 17.932158 0.1754583
-2.5832665 17.944086 0.17545861
-2.5440052 17.943689 0.17545871
-2.494416 17.934834 0.17545873
-2.4606745 17.940565 0.17545891
-2.4271646 17.946053 0.17545913
-2.3801625 17.937382 0.17545915
-2.3312032 17.932148 0.17545921
-2.3010268 17.941738 0.17545947
-2.2651868 17.946199 0.17545965
-2.218689 17.940985 0.17545971
-2.1762183 17.932766 0.17545971
-2.1394942 17.94039 0.17545997
-2.1009276 17.940067 0.17546009
-2.0614474 17.943041 0.17546022
-2.0229099 17.942396 0.17546034
-1.978766 17.940493 0.17546044
-1.9355764 17.938629 0.17546058
-1.8993953 17.93812 0.1754607
-1.8609648 17.938475 0.1754608
-1.8194467 17.939636 0.17546093
-1.7806208 17.940876 0.17546108
-1.7415053 17.939096 0.17546116
-1.7001774 17.940521 0.17546132
-1.660406 17.941156 0.17546146
-1.6210734 17.940008 0.17546159
-1.5800076 17.938765 0.17546166
-1.5397618 17.942436 0.17546186
-1.5004199 17.941187 0.17546201
-1.458277 17.936527 0.17546205
-1.4196122 17.939249 0.1754622
-1.3799888 17.940228 0.17546237
-1.3403671 17.940336 0.17546251
-1.2981194 17.940792 0.17546265
-1.2585428 17.940058 0.17546274
-1.2197773 17.938244 0.17546281
-1.1791145 17.941601 0.17546302
-1.1397932 17.938822 0.1754631
-1.101079 17.941216 0.17546326
-1.0594975 17.93959 0.17546336
-1.0185196 17.939709 0.1754635
-0.97861451 17.939856 0.17546363
-0.93816954 17.938442 0.17546371
-0.89913946 17.94112 0.1754639
-0.85794544 17.939524 0.17546397
-0.82077074 17.941179 0.17546412
-0.78086525 17.939714 0.17546426
-0.73955816 17.939529 0.17546438
-0.69938469 17.939098 0.1754645
-0.65948731 17.940908 0.17546465
-0.61963785 17.939459 0.17546473
-0.58024436 17.939785 0.17546487
-0.54922503 17.939091 0.17546493
-2.9464266 17.982124 0.18603674
-2.8973496 17.972488 0.1754581
-2.8764586 17.994482 0.17545855
-2.8219614 17.980633 0.17545846
-2.7688885 17.967148 0.1754584
-2.748544 17.988565 0.17545886
-2.6971035 17.975151 0.1754588
-2.6603451 17.980923 0.175459
-2.627147 17.982948 0.17545915
-2.5752649 17.973377 0.17545913
-2.5401797 17.979015 0.17545934
-2.5053382 17.984398 0.17545953
-2.4530411 17.978394 0.17545959
-2.4168479 17.976776 0.17545968
-2.3894353 17.985775 0.17545994
-2.3397787 17.979898 0.17546003
-2.2912974 17.974159 0.17546006
-2.2599316 17.979456 0.17546026
-2.2287815 17.984526 0.17546043
-2.1797056 17.982027 0.17546053
-2.134716 17.976461 0.17546059
-2.0959809 17.975853 0.1754607
-2.0600781 17.983074 0.17546095
-2.022542 17.982351 0.17546104
-1.9827838 17.984642 0.17546122
-1.9419132 17.979292 0.17546125
-1.8963178 17.979959 0.17546141
-1.8544723 17.977695 0.17546153
-1.8193898 17.976847 0.17546158
-1.7812878 17.979811 0.17546177
-1.7400559 17.981255 0.17546192
-1.6986195 17.978163 0.17546196
-1.6608684 17.981905 0.1754622
-1.621134 17.980312 0.17546226
-1.5796576 17.978605 0.17546239
-1.5390178 17.981918 0.17546254
-1.4992999 17.980225 0.17546266
-1.4622409 17.980858 0.17546283
-1.4201725 17.975838 0.17546283
-1.3781117 17.979971 0.17546304
-1.339484 17.979372 0.17546317
-1.301975 17.980757 0.17546332
-1.2601837 17.980732 0.17546345
-1.2210463 17.979536 0.17546354
-1.1804168 17.979683 0.17546371
-1.1407332 17.979876 0.17546381
-1.1011752 17.979937 0.17546393
-1.0616546 17.980015 0.17546405
-1.0210826 17.98003 0.17546418
-0.97973055 17.979261 0.1754643
-0.94115639 17.979284 0.17546444
-0.89980185 17.980877 0.1754646
-0.86004597 17.980412 0.17546469
-0.82013685 17.979332 0.17546479
-0.77991384 17.979727 0.17546494
-0.74012923 17.981092 0.17546508
-0.6994282 17.979012 0.1754652
-0.66015017 17.980412 0.17546536
-0.62051141 17.97945 0.17546545
-0.57954228 17.979565 0.17546558
-0.55294919 17.980471 0.1754657
-2.9391768 18.01441 0.18397535
-2.9112642 18.031 0.1754591
-2.8555682 18.016476 0.175459
-2.8197532 18.01857 0.17545918
-2.7807333 18.024036 0.17545936
-2.7281995 18.009983 0.1754593
-2.7112458 18.027832 0.17545967
-2.6569395 18.017431 0.17545965
-2.6171665 18.015406 0.17545974
-2.5874951 18.024694 0.17546
-2.5361116 18.014597 0.17545998
-2.5012698 18.019979 0.17546016
-2.4666712 18.025106 0.1754604
-2.4148486 18.018602 0.17546043
-2.3745077 18.016384 0.17546053
-2.3485615 18.028807 0.1754608
-2.2993946 18.022413 0.17546089
-2.2544611 18.012941 0.17546085
-2.2189441 18.017063 0.17546102
-2.1863086 18.029242 0.17546134
-2.1437213 18.019911 0.17546134
-2.0961788 18.017031 0.17546146
-2.0548539 18.019152 0.17546159
-2.0171571 18.018147 0.17546168
-1.9820573 18.024975 0.17546192
-1.9455239 18.02387 0.17546202
-1.9022257 18.021074 0.17546211
-1.859864 18.018341 0.17546217
-1.8156339 18.018587 0.17546232
-1.7781036 18.019236 0.17546247
-1.736536 18.019527 0.1754626
-1.6994877 18.020082 0.17546272
-1.6604069 18.020422 0.17546284
-1.6211959 18.021439 0.17546299
-1.5793009 18.019245 0.17546311
-1.5382593 18.022188 0.17546326
-1.4981576 18.020027 0.17546335
-1.4587611 18.022903 0.17546353
-1.4186195 18.018473 0.17546357
-1.3805423 18.017561 0.17546369
-1.3385794 18.019215 0.17546386
-1.2984427 18.020638 0.17546402
-1.2595885 18.021952 0.17546417
-1.216687 18.02014 0.17546426
-1.1779652 18.017742 0.17546435
-1.1391282 18.021702 0.17546454
-1.1003541 18.019533 0.17546462
-1.0612419 18.019457 0.17546473
-1.0214214 18.022371 0.17546491
-0.98029912 18.019098 0.17546497
-0.93883926 18.018923 0.17546511
-0.90112191 18.021441 0.1754653
-0.86005634 18.019941 0.17546539
-0.81964117 18.021214 0.17546554
-0.77904981 18.019087 0.17546564
-0.74005955 18.020027 0.17546578
-0.70068902 18.021198 0.17546593
-0.65967613 18.020866 0.17546602
-0.62064576 18.019424 0.17546614
-0.57973039 18.020412 0.17546627
-0.55706918 18.01553 0.1754663
-2.9443498 18.06282 0.18569466
-2.8900893 18.053291 0.17545952
-2.8724432 18.071869 0.17545995
-2.8172686 18.056797 0.17545983
-2.7782483 18.062263 0.17546007
-2.7429411 18.063824 0.17546016
-2.6909015 18.04925 0.17546012
-2.670557 18.070669 0.17546052
-2.6167755 18.059717 0.1754605
-2.5676689 18.045567 0.17546043
-2.547843 18.066441 0.17546083
-2.4936955 18.059254 0.17546086
-2.4562647 18.056927 0.17546095
-2.4280045 18.065813 0.17546123
-2.3766561 18.058811 0.17546128
-2.3366628 18.056229 0.17546131
-2.3108323 18.068527 0.17546161
-2.2621174 18.061659 0.17546169
-2.2145553 18.054956 0.17546171
-2.1774495 18.057051 0.17546184
-2.1444688 18.062458 0.17546204
-2.1017396 18.064108 0.1754622
-2.0576415 18.057606 0.17546225
-2.0196025 18.056267 0.17546234
-1.9803134 18.061993 0.1754626
-1.9397137 18.059664 0.17546263
-1.905398 18.066114 0.17546289
-1.8653733 18.059874 0.17546289
-1.8206059 18.059673 0.17546304
-1.7767957 18.059473 0.17546315
-1.7396176 18.059753 0.17546327
-1.698444 18.059633 0.17546339
-1.6590341 18.061121 0.17546356
-1.6167835 18.059252 0.17546366
-1.5789369 18.060717 0.1754638
-1.5384111 18.058889 0.17546387
-1.5020356 18.060326 0.175464
-1.4621626 18.062836 0.17546421
-1.4207829 18.062355 0.17546433
-1.3782812 18.056826 0.17546441
-1.3385071 18.060808 0.17546456
-1.3000188 18.058228 0.17546467
-1.2596763 18.061453 0.17546484
-1.2212323 18.06233 0.17546497
-1.1788173 18.060005 0.17546509
-1.1386817 18.059103 0.17546518
-1.1002706 18.060871 0.17546535
-1.058951 18.060312 0.17546546
-1.0190067 18.060432 0.17546558
-0.98025656 18.059664 0.1754657
-0.94032604 18.060602 0.17546584
-0.89965963 18.060175 0.17546599
-0.86020052 18.060585 0.17546611
-0.81895572 18.061293 0.17546622
-0.78056782 18.060091 0.17546633
-0.73950392 18.06072 0.17546648
-0.6987623 18.058538 0.17546654
-0.66052258 18.061302 0.17546675
-0.62083846 18.060362 0.17546687
-0.58259064 18.05854 0.17546694
-2.9395881 18.093023 0.183624
-2.9076736 18.109959 0.17546044
-2.8512688 18.094162 0.17546037
-2.8336229 18.11274 0.1754607
-2.7754869 18.100784 0.17546071
-2.7257626 18.081909 0.17546058
-2.7051489 18.103611 0.17546098
-2.6502125 18.092087 0.17546098
-2.6332588 18.109936 0.17546132
-2.5799587 18.098478 0.17546134
-2.528017 18.087313 0.17546129
-2.5081909 18.108185 0.17546168
-2.4545424 18.100473 0.17546174
-2.4086714 18.086166 0.17546159
-2.3893378 18.106522 0.17546202
-2.338464 18.099018 0.17546207
-2.2988179 18.096071 0.17546214
-2.2649205 18.102325 0.17546238
-2.2217336 18.104176 0.17546254
-2.1777191 18.093737 0.1754625
-2.1396928 18.100498 0.17546275
-2.1030354 18.103371 0.17546289
-2.0627565 18.10515 0.17546305
-2.019104 18.098177 0.17546308
-1.9735066 18.094448 0.17546315
-1.9379259 18.09819 0.17546332
-1.8993187 18.102192 0.17546353
-1.8636166 18.100428 0.17546363
-1.8256861 18.101656 0.17546374
-1.7813475 18.101004 0.17546391
-1.7379575 18.100365 0.17546403
-1.6982306 18.096849 0.17546408
-1.6574911 18.10169 0.17546426
-1.6185881 18.099047 0.17546432
-1.5794744 18.098534 0.17546444
-1.5419759 18.099628 0.1754646
-1.5008968 18.101791 0.17546478
-1.4589471 18.101398 0.17546488
-1.4213979 18.100842 0.175465
-1.3805234 18.100544 0.17546514
-1.3382692 18.098951 0.17546524
-1.2992719 18.097572 0.17546535
-1.2608458 18.09947 0.17546551
-1.22091 18.102266 0.17546566
-1.1822271 18.100727 0.17546576
-1.1392425 18.099161 0.17546588
-1.0991232 18.099304 0.175466
-1.0612868 18.100752 0.17546615
-1.0208623 18.100414 0.17546625
-0.97927564 18.099508 0.1754664
-0.9389165 18.100363 0.17546654
-0.89949542 18.10079 0.17546667
-0.8597886 18.099247 0.17546679
-0.82001311 18.100456 0.17546692
-0.77931798 18.099211 0.17546701
-0.74006689 18.100872 0.17546721
-0.69983381 18.09931 0.17546728
-0.65813875 18.099083 0.1754674
-0.61841726 18.10001 0.17546755
-0.58513588 18.099352 0.17546766
-2.945416 18.140638 0.18584959
-2.8897843 18.128792 0.17546088
-2.8718956 18.147627 0.17546123
-2.8159771 18.131317 0.17546113
-2.7948022 18.15361 0.17546153
-2.7406697 18.13744 0.17546146
-2.702157 18.142372 0.17546165
-2.6673567 18.143398 0.17546181
-2.6129146 18.131353 0.17546175
-2.5925698 18.152771 0.17546222
-2.5397954 18.14076 0.17546219
-2.4883647 18.129057 0.17546216
-2.4718435 18.146452 0.17546244
-2.4186518 18.138258 0.1754625
-2.3667822 18.130266 0.1754625
-2.3474491 18.150621 0.17546292
-2.2970893 18.14258 0.17546296
-2.2510946 18.131418 0.17546289
-2.2225184 18.14212 0.17546315
-2.1844563 18.143421 0.17546335
-2.1347439 18.138981 0.17546342
-2.0946476 18.136833 0.17546351
-2.0622721 18.141773 0.17546369
-2.0267725 18.143034 0.17546383
-1.9805664 18.138748 0.17546391
-1.9354048 18.134563 0.17546397
-1.9007066 18.140745 0.17546418
-1.8609695 18.137619 0.17546427
-1.8196777 18.140234 0.17546445
-1.7831643 18.146423 0.17546465
-1.7448937 18.139383 0.17546467
-1.7018936 18.138332 0.17546478
-1.6570587 18.140194 0.17546494
-1.6158787 18.139158 0.17546506
-1.5809011 18.138723 0.17546514
-1.5393922 18.139719 0.17546527
-1.4979669 18.141493 0.17546546
-1.4592625 18.140514 0.17546555
-1.4194684 18.142246 0.17546573
-1.3759317 18.138988 0.17546579
-1.3378224 18.140696 0.17546597
-1.2986053 18.136595 0.17546603
-1.2596995 18.139235 0.17546618
-1.2216729 18.140711 0.17546634
-1.182801 18.140833 0.17546646
-1.1397022 18.141045 0.1754666
-1.0975156 18.138626 0.17546673
-1.0596619 18.139046 0.17546682
-1.0176917 18.140896 0.17546697
-0.97799224 18.140368 0.17546713
-0.93913841 18.140392 0.17546721
-0.89959908 18.139467 0.17546733
-0.86074752 18.139187 0.17546745
-0.82064307 18.140461 0.1754676
-0.78131688 18.139696 0.17546771
-0.73975301 18.140606 0.17546783
-0.69952923 18.139799 0.175468
-0.66038257 18.139038 0.1754681
-0.61833405 18.139532 0.17546822
-0.58883858 18.139759 0.17546831
-2.9387758 18.175907 0.18469027
-2.9076104 18.187305 0.17546181
-2.8504283 18.170227 0.17546171
-2.8325391 18.18906 0.17546204
-2.7736273 18.175901 0.17546205
-2.7559819 18.194479 0.17546237
-2.6988883 18.181425 0.17546235
-2.6467431 18.1651 0.17546222
-2.6261292 18.186802 0.17546271
-2.572226 18.174189 0.17546263
-2.5518813 18.195608 0.17546305
-2.5029786 18.179522 0.17546295
-2.4520175 18.167324 0.1754629
-2.4321916 18.188196 0.17546332
-2.3794992 18.179476 0.17546336
-2.3281157 18.170977 0.17546333
-2.3087823 18.19133 0.17546378
-2.2588973 18.182785 0.17546378
-2.2133656 18.171139 0.17546372
-2.1849401 18.181683 0.17546399
-2.1471794 18.182667 0.17546415
-2.097908 18.177759 0.1754642
-2.0581565 18.175251 0.1754643
-2.0212648 18.181332 0.1754645
-1.984791 18.187233 0.17546472
-1.9420294 18.179321 0.17546473
-1.8943723 18.177761 0.17546487
-1.8582186 18.175362 0.17546494
-1.8206196 18.180101 0.17546511
-1.7796984 18.182325 0.17546527
-1.7421024 18.180187 0.17546536
-1.7056359 18.180716 0.17546551
-1.6630555 18.179222 0.17546558
-1.6186317 18.180651 0.17546575
-1.5778543 18.179192 0.17546588
-1.540537 18.180443 0.17546603
-1.4961487 18.179163 0.17546614
-1.4578565 18.177761 0.17546624
-1.4208268 18.181711 0.17546642
-1.3807393 18.182465 0.17546657
-1.3423969 18.179108 0.17546661
-1.3002232 18.176611 0.17546669
-1.2586361 18.178677 0.17546688
-1.2179246 18.180695 0.17546704
-1.178062 18.182667 0.17546722
-1.1395068 18.180195 0.1754673
-1.0994461 18.180311 0.17546742
-1.0579873 18.178133 0.17546751
-1.0202287 18.178755 0.17546763
-0.98237145 18.181805 0.1754678
-0.93985105 18.178541 0.17546786
-0.89902246 18.18125 0.17546807
-0.85809714 18.178621 0.17546815
-0.81952578 18.17906 0.17546828
-0.78004497 18.180746 0.17546844
-0.74048585 18.179979 0.17546855
-0.69892299 18.180033 0.17546867
-0.65910238 18.178671 0.17546877
-0.62106544 18.180664 0.17546892
-0.59247088 18.176193 0.17546894
-2.9457183 18.222153 0.18405867
-2.8858433 18.210224 0.17546228
-2.8677042 18.229319 0.17546265
-2.8110723 18.211658 0.17546253
-2.7896056 18.234259 0.17546299
-2.734807 18.21677 0.17546287
-2.7136321 18.239063 0.17546332
-2.6640706 18.218081 0.1754631
-2.6055155 18.208504 0.17546311
-2.5883372 18.226587 0.1754635
-2.5315371 18.217026 0.17546353
-2.4987404 18.21777 0.17546362
-2.4628153 18.221806 0.17546381
-2.4123659 18.209068 0.17546374
-2.3925397 18.22994 0.17546417
-2.3403463 18.220697 0.17546417
-2.2894495 18.211683 0.17546417
-2.2701161 18.232038 0.17546462
-2.2207053 18.222994 0.17546459
-2.1756365 18.210861 0.17546453
-2.1411033 18.21814 0.17546476
-2.1067958 18.225182 0.17546502
-2.0580025 18.219774 0.17546506
-2.0103507 18.214491 0.17546512
-1.9779743 18.221493 0.17546533
-1.9409024 18.222851 0.17546548
-1.9005278 18.223013 0.17546563
-1.8562707 18.217875 0.17546564
-1.8175529 18.218174 0.17546578
-1.77894 18.219034 0.17546591
-1.7385479 18.217587 0.17546602
-1.6988177 18.219446 0.17546619
-1.6597886 18.221262 0.17546634
-1.6214434 18.223032 0.17546652
-1.5802048 18.221109 0.17546657
-1.5371138 18.222082 0.17546676
-1.5002916 18.217379 0.17546678
-1.4589041 18.218374 0.17546694
-1.418357 18.219347 0.17546709
-1.3786249 18.220303 0.17546718
-1.3374672 18.218662 0.1754673
-1.2993613 18.219604 0.17546746
-1.2598218 18.219147 0.17546755
-1.2186668 18.220757 0.17546774
-1.1786162 18.22006 0.17546783
-1.1394244 18.219383 0.17546797
-1.1008213 18.220924 0.17546812
-1.0592846 18.219522 0.17546822
-1.0182167 18.218805 0.17546836
-0.98067838 18.220726 0.17546847
-0.93971252 18.220093 0.17546862
-0.90009564 18.218225 0.17546871
-0.86111766 18.220007 0.17546885
-0.81952339 18.219389 0.175469
-0.77994436 18.22073 0.17546915
-0.74026805 18.220499 0.17546926
-0.70041132 18.218977 0.17546935
-0.66080987 18.22016 0.17546949
-0.61817712 18.219425 0.17546962
-0.59677464 18.209316 0.17546958
-2.9383826 18.253567 0.18499462
-2.9075458 18.266848 0.1754632
-2.8495646 18.248417 0.17546305
-2.8314254 18.267515 0.17546344
-2.7717164 18.253092 0.17546339
-2.7538273 18.271925 0.17546377
-2.6959865 18.257641 0.17546371
-2.6607609 18.258144 0.17546383
-2.6222901 18.262066 0.175464
-2.5677235 18.248291 0.17546393
-2.5471098 18.269991 0.17546438
-2.4942398 18.256292 0.1754643
-2.4583144 18.260328 0.17546448
-2.4226518 18.264088 0.17546467
-2.372714 18.250814 0.17546459
-2.3528883 18.271687 0.17546503
-2.3011932 18.261917 0.17546503
-2.250783 18.252394 0.17546497
-2.2314498 18.272745 0.17546542
-2.1825135 18.263205 0.17546539
-2.1347635 18.253893 0.17546543
-2.0974045 18.254454 0.17546557
-2.069519 18.264427 0.17546581
-2.0211668 18.258554 0.17546587
-1.9739456 18.252817 0.1754659
-1.9417799 18.259598 0.17546614
-1.9098244 18.266157 0.17546633
-1.8649551 18.260466 0.1754664
-1.8152381 18.261074 0.17546654
-1.7753267 18.252514 0.17546651
-1.7387234 18.258078 0.17546673
-1.6986419 18.2596 0.17546688
-1.6592737 18.261082 0.17546701
-1.6206008 18.26252 0.17546718
-1.5826057 18.263922 0.17546733
-1.541778 18.261564 0.17546739
-1.4990894 18.262117 0.17546757
-1.4599735 18.259829 0.17546764
-1.4189994 18.260387 0.17546782
-1.3814908 18.258162 0.17546785
-1.3421295 18.258726 0.175468
-1.3007406 18.257328 0.1754681
-1.2604147 18.25992 0.17546828
-1.2207969 18.259182 0.17546839
-1.1791685 18.258226 0.1754685
-1.1393363 18.259396 0.17546862
-1.1003338 18.260538 0.17546882
-1.0621359 18.261652 0.17546895
-1.0210668 18.25976 0.17546904
-0.97857648 18.260538 0.17546919
-0.93960935 18.261005 0.17546932
-0.89875925 18.260338 0.17546943
-0.85973704 18.257631 0.17546952
-0.82054198 18.261122 0.1754697
-0.7798354 18.258354 0.17546977
-0.73904806 18.261171 0.17546996
-0.70064956 18.25831 0.17547004
-0.66015524 18.260311 0.1754702
-0.62266415 18.258268 0.17547028
-2.9454863 18.302601 0.18708019
-2.8891487 18.286217 0.17546359
-2.8707523 18.305584 0.17546399
-2.8096583 18.290428 0.17546391
-2.7915192 18.309525 0.1754643
-2.7323606 18.294525 0.17546421
-2.7144716 18.313358 0.17546463
-2.6571662 18.29851 0.17546454
-2.6013994 18.28406 0.17546445
-2.5839908 18.302387 0.17546481
-2.5299315 18.288078 0.17546478
-2.5127537 18.306162 0.17546509
-2.4569418 18.295559 0.17546511
-2.4212794 18.29932 0.17546529
-2.3858356 18.302849 0.17546548
-2.3330624 18.292557 0.17546546
-2.3165412 18.309952 0.17546579
-2.2653034 18.299702 0.17546578
-2.2121165 18.293098 0.17546582
-2.1840823 18.302259 0.17546608
-2.1443217 18.303411 0.17546624
-2.0970349 18.293613 0.17546619
-2.0553732 18.293858 0.17546633
-2.0291355 18.30694 0.17546672
-1.9812614 18.300566 0.17546673
-1.9345071 18.294338 0.17546675
-1.8986088 18.299633 0.17546694
-1.8631155 18.304745 0.17546716
-1.823454 18.304159 0.17546725
-1.7800678 18.298101 0.1754673
-1.738886 18.299311 0.17546745
-1.6984483 18.30048 0.17546761
-1.6587359 18.301613 0.17546777
-1.61973 18.302711 0.17546789
-1.5814133 18.303778 0.17546801
-1.5437679 18.30481 0.17546816
-1.5033513 18.302021 0.17546824
-1.4610653 18.302151 0.17546837
-1.4196554 18.302277 0.17546847
-1.3767612 18.299643 0.17546864
-1.3370979 18.299789 0.17546871
-1.2982308 18.299936 0.17546883
-1.2579187 18.298594 0.17546895
-1.2181876 18.300251 0.17546912
-1.1794993 18.299517 0.17546919
-1.1392421 18.300261 0.17546937
-1.0998322 18.300987 0.1754695
-1.0612434 18.301697 0.17546967
-1.0193614 18.302153 0.17546979
-0.97882408 18.299749 0.17546988
-0.94081414 18.300295 0.17546999
-0.90140313 18.302414 0.17547014
-0.85885179 18.299942 0.17547026
-0.81891674 18.298927 0.17547037
-0.77957624 18.300268 0.17547052
-0.73944211 18.299004 0.17547062
-0.69861859 18.299549 0.17547075
-0.65877479 18.300411 0.17547092
-0.62467837 18.300234 0.17547101
-2.9403853 18.331924 0.1824576
-2.911211 18.344751 0.17546451
-2.8486764 18.328825 0.17546447
-2.8266003 18.352066 0.17546497
-2.7733796 18.328621 0.17546469
-2.7516127 18.351538 0.17546517
-2.6965823 18.332191 0.175465
-2.6751158 18.35479 0.17546543
-2.618346 18.339378 0.17546536
-2.5665822 18.320715 0.17546517
-2.5456917 18.342707 0.17546564
-2.4921401 18.327864 0.17546557
-2.4715261 18.349566 0.175466
-2.4196444 18.334826 0.17546591
-2.376936 18.334742 0.17546606
-2.3456724 18.345131 0.17546631
-2.2934108 18.334303 0.1754663
-2.259656 18.337744 0.17546645
-2.226151 18.340921 0.17546661
-2.1734502 18.333807 0.17546667
-2.1348565 18.333731 0.17546678
-2.1061301 18.343618 0.17546706
-2.0561621 18.336645 0.17546707
-2.0164115 18.334877 0.17546718
-1.9887524 18.349459 0.17546754
-1.9413562 18.342577 0.17546757
-1.8950688 18.335859 0.1754676
-1.8588583 18.341482 0.17546777
-1.8223217 18.345047 0.17546798
-1.7849171 18.34473 0.17546812
-1.7390355 18.341301 0.17546816
-1.6941793 18.337948 0.17546824
-1.6556095 18.338985 0.1754684
-1.6176918 18.339985 0.17546853
-1.5804116 18.340952 0.17546867
-1.5437539 18.341883 0.17546879
-1.5033193 18.339838 0.17546888
-1.46218 18.345367 0.1754691
-1.423041 18.342182 0.17546919
-1.3820251 18.341892 0.17546932
-1.3418509 18.34161 0.17546947
-1.3024923 18.341335 0.17546961
-1.2611356 18.338991 0.17546964
-1.2208096 18.34078 0.1754698
-1.1812333 18.339159 0.17546991
-1.1399724 18.339558 0.17547002
-1.0995979 18.339943 0.17547019
-1.0600814 18.340317 0.17547029
-1.0213964 18.340675 0.17547044
-0.98072314 18.342829 0.17547061
-0.93876076 18.339306 0.17547068
-0.89898455 18.341024 0.17547084
-0.86005449 18.342693 0.17547099
-0.82100844 18.339312 0.17547108
-0.78043884 18.339437 0.17547119
-0.74042112 18.340015 0.17547132
-0.70083052 18.339094 0.17547143
-0.65905184 18.339552 0.17547159
-0.63190645 18.342037 0.17547171
-2.8888175 18.368326 0.175465
-2.8664236 18.391901 0.17546552
-2.8082042 18.371433 0.17546532
-2.7898073 18.390799 0.17546576
-2.7298458 18.374454 0.17546558
-2.7117066 18.393551 0.17546603
-2.6536493 18.377392 0.1754659
-2.6357603 18.396223 0.1754663
-2.5795259 18.380249 0.17546621
-2.5248013 18.3647 0.17546612
-2.5073929 18.383028 0.17546646
-2.450913 18.371267 0.17546642
-2.4337349 18.389351 0.17546681
-2.3789561 18.377661 0.17546679
-2.3365977 18.377207 0.17546695
-2.3055091 18.387415 0.17546719
-2.2537596 18.376047 0.17546715
-2.2135191 18.375616 0.17546727
-2.1837354 18.385576 0.17546752
-2.1347842 18.374514 0.17546751
-2.0965064 18.374105 0.17546761
-2.0679383 18.383827 0.17546788
-2.0152895 18.379673 0.17546794
-1.974362 18.379147 0.1754681
-1.9483694 18.391973 0.1754684
-1.9045209 18.381361 0.17546837
-1.8556305 18.37738 0.17546843
-1.8175089 18.376888 0.17546853
-1.7813931 18.380199 0.17546871
-1.7463804 18.385302 0.17546894
-1.7009343 18.381413 0.175469
-1.6565038 18.377611 0.17546906
-1.6169156 18.378073 0.17546923
-1.578035 18.378511 0.17546932
-1.5398445 18.378927 0.17546947
-1.5023268 18.37932 0.17546959
-1.46455 18.380653 0.17546974
-1.4223007 18.379953 0.17546986
-1.3791896 18.382139 0.17547004
-1.3386875 18.381437 0.17547011
-1.299015 18.380749 0.17547028
-1.2601471 18.380075 0.17547035
-1.2193414 18.377983 0.17547044
-1.179471 18.378693 0.17547059
-1.1395625 18.379822 0.17547072
-1.0993453 18.379707 0.17547084
-1.0599828 18.379591 0.17547099
-1.0214484 18.379477 0.17547113
-0.97992748 18.383343 0.17547131
-0.93814588 18.376783 0.17547134
-0.89844936 18.380623 0.17547154
-0.8612566 18.380747 0.17547166
-0.82083887 18.38019 0.17547177
-0.78064501 18.378954 0.17547189
-0.74016607 18.379034 0.17547201
-0.70013958 18.37928 0.17547211
-0.66076767 18.379583 0.17547226
-0.63325983 18.378654 0.17547233
-2.8477626 18.411547 0.17546585
-2.8291016 18.431192 0.17546625
-2.7677319 18.414042 0.17546618
-2.7493353 18.433409 0.17546663
-2.6935673 18.412647 0.1754664
-2.6754282 18.431744 0.17546681
-2.6178713 18.415056 0.17546666
-2.5999823 18.433889 0.17546713
-2.5407062 18.421118 0.17546701
-2.4865026 18.405022 0.17546692
-2.4656122 18.427013 0.17546737
-2.4131212 18.411053 0.17546724
-2.3925076 18.432755 0.17546773
-2.3382678 18.420498 0.17546764
-2.2854276 18.408558 0.17546764
-2.268693 18.426174 0.17546801
-2.2141082 18.417791 0.175468
-2.1742003 18.417011 0.17546813
-2.1445832 18.426794 0.1754684
-2.0961185 18.41522 0.1754683
-2.0581567 18.41448 0.17546846
-2.029747 18.424034 0.1754687
-1.9775608 18.419394 0.17546877
-1.9369725 18.41851 0.17546889
-1.9040779 18.424408 0.17546913
-1.8646157 18.42337 0.17546922
-1.8161923 18.418901 0.17546928
-1.7718868 18.411379 0.17546928
-1.7419755 18.421696 0.17546958
-1.7078438 18.425873 0.17546974
-1.6628331 18.421528 0.17546983
-1.6159302 18.420328 0.17546995
-1.5729301 18.41614 0.17546999
-1.5358424 18.416483 0.17547011
-1.5003725 18.420485 0.17547034
-1.4600545 18.419415 0.17547046
-1.4205985 18.419371 0.17547053
-1.3839412 18.42034 0.17547067
-1.3412218 18.42211 0.17547083
-1.3011128 18.420996 0.17547093
-1.2618252 18.419903 0.17547107
-1.2205876 18.417345 0.17547113
-1.1790267 18.420427 0.17547131
-1.1408848 18.420719 0.17547144
-1.0996643 18.420223 0.17547156
-1.0593379 18.419729 0.17547169
-1.0198771 18.419245 0.17547181
-0.98198634 18.421021 0.17547195
-0.94063604 18.42009 0.17547208
-0.89962029 18.417345 0.17547219
-0.85840493 18.420536 0.17547235
-0.81953442 18.42136 0.17547247
-0.7783578 18.41905 0.17547257
-0.73726118 18.418873 0.17547272
-0.69922793 18.422136 0.17547287
-0.65911549 18.420149 0.17547281
-0.63833731 18.412167 0.17547274
-2.8104403 18.45084 0.17546663
-2.7917793 18.470486 0.17546706
-2.7309389 18.452776 0.175467
-2.7125423 18.472143 0.1754674
-2.6536615 18.454659 0.17546725
-2.6355221 18.473755 0.17546767
-2.578516 18.456488 0.17546752
-2.5570493 18.479088 0.17546797
-2.5018859 18.461987 0.17546786
-2.4447222 18.449007 0.17546779
-2.4273131 18.467335 0.17546821
-2.3718944 18.454456 0.17546813
-2.3512807 18.476158 0.17546856
-2.3009706 18.459763 0.17546844
-2.2486117 18.447317 0.17546843
-2.2285302 18.468458 0.17546885
-2.1744571 18.459538 0.17546885
-2.1250072 18.447405 0.17546877
-2.1054308 18.468014 0.17546922
-2.057452 18.455929 0.17546915
-2.0151312 18.454687 0.17546925
-1.9883728 18.467592 0.17546959
-1.9366883 18.462425 0.17546964
-1.8893481 18.454109 0.17546967
-1.8569192 18.459862 0.17546985
-1.8247108 18.465384 0.17547007
-1.7797877 18.457228 0.17547007
-1.7356352 18.460377 0.17547026
-1.6995039 18.461121 0.17547037
-1.6639092 18.461781 0.1754705
-1.624732 18.461639 0.17547062
-1.5782549 18.459993 0.17547072
-1.5356711 18.455366 0.17547078
-1.4960682 18.458357 0.17547096
-1.4599469 18.458309 0.1754711
-1.420977 18.460556 0.17547128
-1.3788588 18.458998 0.17547134
-1.3425734 18.462412 0.17547151
-1.3032542 18.462084 0.17547166
-1.2606907 18.45899 0.17547175
-1.2191592 18.458862 0.17547189
-1.1812624 18.463125 0.17547205
-1.1413319 18.460114 0.17547211
-1.0996979 18.459173 0.17547224
-1.0589759 18.458248 0.17547233
-1.0193602 18.459721 0.17547251
-0.98002023 18.461206 0.17547265
-0.93940246 18.461815 0.1754728
-0.89979523 18.45985 0.1754729
-0.86109489 18.457905 0.17547299
-0.82029599 18.460659 0.17547317
-0.78184092 18.461044 0.17547327
-0.74232173 18.459902 0.17547327
-0.69882911 18.459337 0.17547312
-0.66291356 18.46006 0.17547297
-2.7693856 18.494061 0.17546755
-2.7507246 18.513706 0.17546797
-2.6941459 18.49151 0.17546779
-2.6757498 18.510878 0.17546818
-2.6173835 18.492851 0.17546803
-2.5956166 18.515766 0.17546847
-2.5355828 18.501688 0.17546844
-2.4807117 18.484278 0.17546833
-2.4630661 18.502853 0.17546868
-2.409905 18.485661 0.17546853
-2.3890147 18.507656 0.17546901
-2.3306673 18.49786 0.17546903
-2.3134894 18.515944 0.17546934
-2.2636733 18.499029 0.17546925
-2.2084489 18.489599 0.17546926
-2.1883676 18.51074 0.1754697
-2.1381104 18.497803 0.17546962
-2.0858545 18.488625 0.17546964
-2.0662785 18.509233 0.17547007
-2.0187867 18.496637 0.17546999
-1.9768212 18.49502 0.17547007
-1.9501815 18.507799 0.17547037
-1.8989598 18.502146 0.17547047
-1.8520715 18.493355 0.17547049
-1.8198633 18.498875 0.17547065
-1.7878755 18.504164 0.17547086
-1.737316 18.501944 0.17547096
-1.6939225 18.493458 0.17547098
-1.6595064 18.497936 0.17547116
-1.619943 18.501173 0.17547135
-1.5837003 18.504839 0.17547153
-1.5405798 18.499659 0.17547154
-1.4955462 18.49761 0.17547166
-1.457857 18.496973 0.17547177
-1.4205177 18.499823 0.17547196
-1.3816894 18.49861 0.17547202
-1.3401978 18.499699 0.17547223
-1.3004912 18.500799 0.1754723
-1.2596363 18.501797 0.17547247
-1.2204288 18.499861 0.17547257
-1.1805187 18.499544 0.17547271
-1.1391442 18.501631 0.17547287
-1.0997324 18.498901 0.17547294
-1.0586069 18.497526 0.17547306
-1.0182887 18.501081 0.17547321
-0.97889316 18.499704 0.17547333
-0.9410485 18.500694 0.17547348
-0.89998245 18.503321 0.17547363
-0.85737741 18.497446 0.17547363
-0.81804967 18.499411 0.17547369
-0.77836096 18.499565 0.17547356
-0.73840213 18.499611 0.17547341
-0.69810236 18.500603 0.17547332
-0.66467398 18.497747 0.17547317
-2.7320633 18.533352 0.17546839
-2.7134023 18.552998 0.17546877
-2.6536741 18.534119 0.17546865
-2.635278 18.553486 0.17546898
-2.5738497 18.538683 0.17546898
-2.5557108 18.557779 0.17546934
-2.4998055 18.539352 0.1754692
-2.445421 18.521431 0.17546904
-2.4242463 18.543724 0.17546953
-2.3681245 18.529648 0.17546946
-2.3507164 18.547974 0.17546982
-2.2963116 18.534029 0.17546976
-2.2649086 18.543968 0.17547001
-2.2229855 18.541866 0.17547013
-2.1682861 18.531881 0.17547016
-2.1515517 18.5495 0.17547047
-2.0984592 18.539549 0.17547047
-2.0467024 18.529842 0.17547047
-2.0303888 18.547018 0.17547083
-1.9768983 18.540735 0.17547087
-1.9310859 18.527905 0.17547078
-1.9119902 18.54801 0.1754712
-1.8612317 18.541864 0.17547126
-1.8147953 18.5326 0.17547126
-1.7782958 18.536961 0.17547147
-1.7449012 18.549406 0.17547177
-1.7009116 18.540268 0.17547174
-1.6549406 18.5345 0.17547181
-1.6178137 18.541828 0.17547207
-1.5788357 18.541 0.17547214
-1.5405381 18.540165 0.17547223
-1.5000067 18.542374 0.17547244
-1.4554213 18.539854 0.17547254
-1.4146453 18.534405 0.17547254
-1.3784771 18.538675 0.17547275
-1.3390245 18.538895 0.1754729
-1.3015367 18.540403 0.175473
-1.262199 18.541113 0.17547315
-1.2217252 18.541708 0.1754733
-1.1801648 18.538448 0.17547336
-1.1404549 18.53974 0.17547353
-1.0997677 18.539436 0.17547363
-1.0582304 18.53759 0.17547372
-1.0200237 18.540953 0.17547393
-0.9802134 18.53903 0.175474
-0.93864995 18.542074 0.17547417
-0.90053397 18.540262 0.17547411
-0.86208451 18.542416 0.175474
-0.81848371 18.538399 0.17547378
-0.77927744 18.537943 0.17547369
-0.74030721 18.539633 0.17547356
-0.70256841 18.541203 0.17547341
-0.67288446 18.53651 0.17547335
-2.6947415 18.572643 0.17546916
-2.6760805 18.592289 0.17546955
-2.6168814 18.572853 0.17546944
-2.594806 18.596092 0.17546991
-2.5375717 18.576874 0.17546974
-2.519433 18.59597 0.17547011
-2.4604499 18.580786 0.17547005
-2.4030719 18.566015 0.17546999
-2.3854265 18.584591 0.17547034
-2.3298261 18.569967 0.17547028
-2.3089359 18.591959 0.17547069
-2.255085 18.577431 0.17547065
-2.2202742 18.579399 0.1754708
-2.1822979 18.584702 0.17547098
-2.1314702 18.570641 0.17547093
-2.1113889 18.591782 0.17547137
-2.0588081 18.581291 0.17547135
-2.0108128 18.567627 0.17547126
-1.9912367 18.588236 0.17547165
-1.9382325 18.581442 0.17547171
-1.8897121 18.571463 0.17547168
-1.8706163 18.591568 0.17547211
-1.8235034 18.581585 0.17547207
-1.7744125 18.575115 0.17547214
-1.7362472 18.577444 0.1754723
-1.7080661 18.588186 0.17547257
-1.6645074 18.578594 0.17547254
-1.6129601 18.578697 0.17547269
-1.5773551 18.576487 0.17547277
-1.5434244 18.578281 0.17547294
-1.5074985 18.585064 0.17547315
-1.4652295 18.578989 0.17547314
-1.4181625 18.579081 0.17547333
-1.3749591 18.576187 0.17547342
-1.3369001 18.576813 0.17547353
-1.2967209 18.580343 0.1754737
-1.2599837 18.580912 0.17547385
-1.220539 18.580746 0.17547396
-1.1782844 18.581234 0.17547412
-1.1399739 18.57848 0.1754742
-1.0998034 18.580799 0.17547436
-1.0604329 18.578661 0.17547444
-1.0218208 18.580931 0.17547455
-0.98156327 18.578638 0.17547449
-0.94200099 18.581404 0.17547441
-0.90100509 18.580137 0.17547424
-0.8607263 18.582178 0.17547414
-0.82142025 18.582001 0.17547399
-0.78112024 18.576962 0.17547378
-0.74081624 18.578442 0.17547369
-0.70004082 18.580532 0.17547357
-0.67323303 18.573196 0.17547344
-2.653687 18.615864 0.17547002
-2.6350265 18.635509 0.17547041
-2.5727303 18.619333 0.17547038
-2.5543342 18.6387 0.17547077
-2.4976661 18.618887 0.17547061
-2.4210949 18.622219 0.1754709
-2.3642523 18.606884 0.17547083
-2.3466072 18.62546 0.17547119
-2.2880459 18.613953 0.17547117
-2.2706375 18.632278 0.17547154
-2.2172937 18.617218 0.17547143
-2.179317 18.622519 0.17547169
-2.1450007 18.623968 0.1754718
-2.0913076 18.612923 0.17547178
-2.0712264 18.634064 0.1754722
-2.0224614 18.619556 0.17547211
-1.9716606 18.608847 0.17547208
-1.9520845 18.629456 0.17547251
-1.8995671 18.622149 0.17547254
-1.8515209 18.611671 0.17547248
-1.8221154 18.622768 0.1754728
-1.7826315 18.624615 0.17547293
-1.7371362 18.614359 0.17547294
-1.6945589 18.616602 0.17547309
-1.6619391 18.622887 0.1754733
-1.622036 18.62331 0.17547345
-1.576977 18.616579 0.17547347
-1.5381553 18.615108 0.17547354
-1.5021116 18.621777 0.17547381
-1.4645069 18.620213 0.17547387
-1.4246565 18.621704 0.17547403
-1.3780378 18.621325 0.1754742
-1.3381077 18.614985 0.17547418
-1.2975714 18.618217 0.17547436
-1.2577437 18.62138 0.17547457
-1.2174659 18.618118 0.1754746
-1.1790944 18.621208 0.17547481
-1.1404297 18.62109 0.17547491
-1.1002296 18.620325 0.17547502
-1.0600673 18.620401 0.17547499
-1.0214926 18.619659 0.17547478
-0.98041719 18.619518 0.17547458
-0.94047445 18.621902 0.17547448
-0.90155065 18.619181 0.17547438
-0.86077917 18.62249 0.17547424
-0.82123536 18.619127 0.17547414
-0.77865064 18.619816 0.17547394
-0.73775595 18.618734 0.17547376
-0.69839835 18.619669 0.17547366
-2.6163652 18.655155 0.17547086
-2.5977042 18.674801 0.17547125
-2.5359378 18.658066 0.17547117
-2.5175419 18.677435 0.17547154
-2.4613881 18.657078 0.17547138
-2.4396217 18.679995 0.17547184
-2.3853176 18.659885 0.17547166
-2.3289618 18.644035 0.1754716
-2.3077874 18.666328 0.17547202
-2.2532294 18.650606 0.1754719
-2.2323391 18.6726 0.17547233
-2.1760671 18.66062 0.17547233
-2.1246567 18.645386 0.17547226
-2.1043131 18.666803 0.17547266
-2.0511451 18.655207 0.17547265
-2.0215878 18.664373 0.17547293
-1.9828106 18.661301 0.17547296
-1.9325088 18.650064 0.17547287
-1.9129328 18.670675 0.17547333
-1.8609015 18.662855 0.17547338
-1.8133298 18.651878 0.17547332
-1.7840786 18.662813 0.17547359
-1.7449033 18.664333 0.17547376
-1.6967539 18.656874 0.17547381
-1.6560605 18.657133 0.17547394
-1.623695 18.663151 0.17547412
-1.5825983 18.664829 0.1754743
-1.5379952 18.657619 0.17547429
-1.4965588 18.658901 0.17547448
-1.4587939 18.657034 0.17547455
-1.4235671 18.663311 0.17547478
-1.3840836 18.664419 0.17547493
-1.3407793 18.660551 0.17547499
-1.2984217 18.656767 0.17547505
-1.258243 18.659624 0.17547524
-1.2196211 18.659311 0.17547536
-1.178903 18.658716 0.1754754
-1.1408702 18.661451 0.17547534
-1.0998772 18.660683 0.17547518
-1.0597296 18.659925 0.17547508
-1.0204015 18.659187 0.17547497
-0.97924793 18.661221 0.17547476
-0.93866479 18.660618 0.17547457
-0.89962608 18.660006 0.17547446
-0.86091459 18.661968 0.17547441
-0.82084054 18.660349 0.17547424
-0.78147566 18.660994 0.17547414
-0.74094772 18.659199 0.17547394
-0.70102012 18.66033 0.17547378
-2.5753112 18.698376 0.17547174
-2.4954662 18.700674 0.17547205
-2.417855 18.702909 0.17547229
-2.3638511 18.682484 0.17547214
-2.3459625 18.701317 0.1754725
-2.2866132 18.68862 0.1754725
-2.2689683 18.707197 0.17547284
-2.2114494 18.694593 0.17547278
-2.1940408 18.712919 0.17547318
-2.1382763 18.700405 0.17547315
-2.0839691 18.688221 0.17547309
-2.0670164 18.706068 0.17547347
-2.0109828 18.697489 0.17547351
-1.9786168 18.698639 0.17547363
-1.9431598 18.703045 0.17547381
-1.890094 18.694719 0.17547384
-1.8705184 18.715328 0.1754742
-1.8254582 18.700171 0.17547409
-1.7751387 18.692085 0.17547417
-1.7460421 18.702858 0.17547439
-1.7071755 18.704056 0.17547455
-1.6563714 18.699389 0.17547467
-1.6154184 18.697081 0.17547476
-1.5824137 18.70199 0.17547496
-1.5461943 18.703156 0.17547506
-1.496015 18.701817 0.1754752
-1.4529111 18.694267 0.17547521
-1.4175748 18.70043 0.17547545
-1.3836486 18.70281 0.17547558
-1.3421268 18.700348 0.17547564
-1.3006549 18.702793 0.17547582
-1.2587358 18.698549 0.17547582
-1.2189152 18.701031 0.17547576
-1.1786946 18.696886 0.17547561
-1.1403412 18.699322 0.17547548
-1.0995299 18.701809 0.17547531
-1.0593694 18.700228 0.17547517
-1.0193006 18.699451 0.17547509
-0.97776854 18.701096 0.17547496
-0.94005406 18.69957 0.17547475
-0.90012616 18.701834 0.17547458
-0.85769922 18.700644 0.17547448
-0.82060766 18.699594 0.17547438
-0.78065807 18.70266 0.17547424
-0.73967558 18.700453 0.17547411
-0.70860219 18.696753 0.17547396
-2.5379894 18.737667 0.1754725
-2.458674 18.739407 0.17547283
-2.3815773 18.7411 0.17547308
-2.324496 18.723915 0.17547297
-2.3030298 18.746515 0.17547341
-2.2477939 18.729488 0.17547333
-2.2266197 18.75178 0.17547376
-2.1731508 18.734911 0.17547363
-2.1557426 18.753239 0.17547399
-2.1004853 18.740192 0.17547396
-2.0500631 18.723915 0.17547381
-2.0297194 18.745333 0.17547427
-1.9741672 18.736248 0.1754743
-1.9387105 18.740652 0.17547446
-1.9035091 18.744787 0.17547466
-1.8509424 18.735939 0.17547464
-1.8229527 18.744539 0.1754749
-1.7867928 18.740879 0.17547494
-1.7337654 18.735643 0.17547503
-1.6950015 18.736732 0.1754752
-1.6663035 18.747086 0.17547543
-1.6159891 18.741903 0.17547554
-1.5730048 18.730379 0.17547545
-1.5408942 18.742004 0.17547578
-1.5067568 18.744677 0.17547593
-1.460032 18.7397 0.17547597
-1.4143751 18.734838 0.17547604
-1.3786964 18.737913 0.17547619
-1.3399897 18.741188 0.17547628
-1.3016294 18.742987 0.17547618
-1.2633972 18.742022 0.17547607
-1.2190514 18.740334 0.1754759
-1.1784681 18.735727 0.17547572
-1.139789 18.737852 0.17547561
-1.0987632 18.74094 0.17547546
-1.0581132 18.74119 0.1754753
-1.0189203 18.74049 0.17547517
-0.97881556 18.738026 0.17547508
-0.94074214 18.740082 0.17547496
-0.90042239 18.741299 0.17547475
-0.86139601 18.73983 0.17547458
-0.82023209 18.741964 0.17547446
-0.77853447 18.739771 0.17547433
-0.73891944 18.742935 0.17547417
-0.71233886 18.72916 0.17547403
-2.5006676 18.776958 0.1754733
-2.4218817 18.778141 0.1754736
-2.3452997 18.779293 0.17547388
-2.2851412 18.765347 0.17547387
-2.2672527 18.78418 0.17547418
-2.2089748 18.770357 0.17547408
-2.1913295 18.788933 0.17547452
-2.1348526 18.77523 0.17547445
-2.1139629 18.797224 0.17547494
-2.0626945 18.779978 0.17547476
-2.0093758 18.76675 0.17547467
-1.989032 18.788168 0.17547514
-1.934005 18.77853 0.17547515
-1.8988039 18.782665 0.1754753
-1.8671629 18.783052 0.17547543
-1.8117905 18.777157 0.17547552
-1.7746512 18.774525 0.17547558
-1.7449055 18.784977 0.17547584
-1.6955745 18.77585 0.17547587
-1.6571194 18.776615 0.175476
-1.6285758 18.786804 0.17547625
-1.5787133 18.781147 0.17547636
-1.530031 18.775621 0.17547639
-1.5000843 18.779425 0.17547654
-1.4673194 18.786196 0.17547673
-1.4210508 18.780741 0.17547664
-1.3758398 18.77541 0.17547657
-1.3382516 18.776186 0.17547642
-1.3026602 18.780493 0.1754763
-1.2598873 18.778694 0.17547615
-1.2232742 18.784267 0.17547607
-1.1822014 18.779133 0.17547591
-1.1392126 18.777061 0.17547572
-1.0979712 18.780779 0.17547561
-1.0568414 18.779684 0.17547543
-1.0199567 18.781366 0.1754753
-0.98114419 18.780266 0.17547517
-0.93860012 18.778341 0.17547509
-0.89795047 18.779179 0.17547488
-0.85812026 18.779999 0.17547467
-0.819085 18.780804 0.17547451
-0.78202212 18.778925 0.17547438
-0.7420699 18.781221 0.17547421
-0.71492815 18.776064 0.17547411
-2.4596136 18.820181 0.17547421
-2.3850894 18.816875 0.17547441
-2.3235333 18.80221 0.17547435
-2.3053946 18.821306 0.17547472
-2.2457867 18.80678 0.17547464
-2.2278979 18.825611 0.17547505
-2.1701555 18.811226 0.17547494
-2.1525104 18.8298 0.17547536
-2.0965548 18.815552 0.17547527
-2.0791466 18.833878 0.17547572
-2.0249038 18.819763 0.17547557
-1.9686884 18.809586 0.17547557
-1.9517354 18.827433 0.17547591
-1.8938427 18.820812 0.17547601
-1.8473377 18.803925 0.17547587
-1.8275125 18.824797 0.17547628
-1.7759016 18.814939 0.17547628
-1.735824 18.815401 0.17547643
-1.7062403 18.825684 0.17547669
-1.6573839 18.816059 0.17547669
-1.6144981 18.816521 0.17547679
-1.5877041 18.829834 0.17547715
-1.5414375 18.820391 0.1754771
-1.4931965 18.8144 0.17547707
-1.4604321 18.821175 0.175477
-1.4278831 18.827717 0.17547691
-1.3820709 18.821783 0.17547667
-1.3373052 18.815985 0.17547655
-1.2981523 18.815821 0.1754764
-1.2604572 18.819872 0.17547627
-1.2194654 18.821255 0.17547615
-1.1831512 18.826515 0.17547607
-1.1425169 18.820919 0.17547591
-1.0971531 18.821348 0.17547572
-1.0555333 18.818848 0.1754756
-1.0183481 18.820215 0.17547543
-0.97887594 18.82251 0.17547525
-0.94080216 18.818861 0.17547509
-0.90221316 18.820459 0.17547494
-0.86097819 18.81811 0.17547478
-0.82152069 18.818537 0.17547461
-0.78019172 18.820326 0.17547441
-0.73957485 18.819412 0.17547421
-2.4185603 18.8634 0.17547505
-2.3630145 18.840117 0.17547488
-2.340939 18.863356 0.17547534
-2.283628 18.844219 0.17547521
-2.2618616 18.867134 0.17547566
-2.2100096 18.844444 0.17547542
-2.1885433 18.867044 0.17547588
-2.1313362 18.852093 0.17547581
-2.1101623 18.874384 0.17547625
-2.0582569 18.855869 0.17547609
-2.0208287 18.859663 0.17547628
-1.9836775 18.863163 0.17547646
-1.9313917 18.848848 0.17547639
-1.9110483 18.870268 0.1754768
-1.8570275 18.859571 0.17547683
-1.8076874 18.845669 0.17547673
-1.7878623 18.866539 0.17547715
-1.73675 18.856159 0.17547713
-1.6969967 18.856279 0.17547722
-1.6675752 18.866388 0.1754775
-1.6160108 18.859613 0.1754775
-1.5688404 18.849695 0.17547745
-1.5499773 18.869558 0.17547745
-1.5041629 18.859638 0.17547733
-1.453294 18.856417 0.17547709
-1.4137057 18.85651 0.17547695
-1.381606 18.862902 0.17547685
-1.3430909 18.862827 0.17547667
-1.2958065 18.859678 0.17547655
-1.2525219 18.853519 0.17547637
-1.2183588 18.859142 0.17547627
-1.1791871 18.860367 0.17547615
-1.1458943 18.865746 0.17547604
-1.105667 18.85972 0.17547585
-1.0607015 18.859732 0.17547567
-1.0166978 18.859739 0.17547552
-0.97637016 18.856859 0.17547528
-0.94073868 18.862667 0.17547512
-0.89922178 18.862644 0.17547496
-0.85978031 18.859816 0.17547481
-0.81994784 18.859823 0.17547464
-0.78091806 18.859831 0.17547448
-0.74512666 18.858677 0.17547436
-2.3812389 18.902691 0.17547587
-2.304147 18.90209 0.17547613
-2.2437229 18.88623 0.17547607
-2.2255843 18.905329 0.17547645
-2.1670773 18.889643 0.17547631
-2.1491888 18.908476 0.17547674
-2.0925174 18.89296 0.17547663
-2.0748723 18.911537 0.17547703
-2.0164771 18.899857 0.17547698
-1.9630646 18.884865 0.17547691
-1.945887 18.90295 0.17547728
-1.8907048 18.891685 0.17547725
-1.8737518 18.909534 0.17547762
-1.8168656 18.901854 0.17547767
-1.7680371 18.887411 0.17547756
-1.7482121 18.908283 0.175478
-1.6975987 18.897375 0.17547789
-1.6581699 18.897158 0.17547791
-1.6289113 18.907097 0.17547786
-1.5778216 18.899824 0.17547768
-1.5311142 18.889418 0.17547745
-1.5047934 18.902592 0.17547742
-1.4637825 18.902155 0.17547733
-1.4164609 18.895199 0.17547709
-1.3771958 18.894953 0.17547695
-1.3453088 18.901119 0.17547685
-1.304111 18.90387 0.17547667
-1.2602363 18.897133 0.17547655
-1.2186002 18.897858 0.17547637
-1.1777247 18.898554 0.17547619
-1.1375901 18.899221 0.17547603
-1.0981777 18.899862 0.17547584
-1.0594689 18.900475 0.17547572
-1.0214461 18.901064 0.17547558
-0.98063624 18.897709 0.1754754
-0.93520093 18.900206 0.17547517
-0.89614886 18.896931 0.17547499
-0.86148089 18.902384 0.17547488
-0.82120639 18.901951 0.17547472
-0.77903938 18.902899 0.17547449
-0.74562842 18.896988 0.17547438
-2.3439174 18.94198 0.1754767
-2.2820718 18.925331 0.17547661
-2.2636759 18.944698 0.175477
-2.2038181 18.928242 0.17547688
-2.1856794 18.94734 0.17547728
-2.1277227 18.931074 0.17547716
-2.1098344 18.949905 0.17547759
-2.0536981 18.933828 0.17547747
-2.0325241 18.95612 0.17547789
-1.9781795 18.940176 0.1754778
-1.9252739 18.924652 0.17547771
-1.9046612 18.946352 0.17547812
-1.8534085 18.930952 0.17547804
-1.8330648 18.952368 0.17547852
-1.7800506 18.940613 0.17547841
-1.7283871 18.929155 0.17547831
-1.7118672 18.946548 0.17547828
-1.6584488 18.938599 0.17547804
-1.6193446 18.938036 0.17547792
-1.590248 18.947807 0.17547786
-1.5396327 18.940035 0.17547768
-1.4902445 18.932451 0.17547745
-1.4626361 18.942135 0.1754774
-1.4265082 18.941402 0.17547733
-1.3765583 18.937212 0.1754771
-1.3356627 18.935911 0.17547694
-1.3029623 18.945709 0.17547679
-1.265131 18.944914 0.17547663
-1.218738 18.940828 0.17547648
-1.1733932 18.936836 0.17547624
-1.1344111 18.937418 0.17547607
-1.1001251 18.938669 0.17547593
-1.061312 18.940983 0.17547575
-1.0198561 18.942186 0.1754756
-0.98219079 18.942398 0.17547548
-0.94180089 18.938602 0.17547527
-0.89952087 18.937777 0.17547503
-0.85541058 18.939829 0.17547488
-0.8179732 18.941984 0.17547475
-0.7782051 18.941147 0.17547457
-0.75012487 18.936819 0.17547442
-2.3215244 18.965555 0.17547721
-2.3028638 18.985201 0.17547756
-2.24528 18.964064 0.17547739
-2.2268844 18.983431 0.17547777
-2.1675408 18.966434 0.17547765
-2.1494024 18.985531 0.17547809
-2.0919461 18.96874 0.17547794
-2.0704801 18.991339 0.17547841
-2.0113502 18.978413 0.1754784
-1.9937054 18.996988 0.17547876
-1.9398817 18.980494 0.17547862
-1.8840482 18.968052 0.17547858
-1.8668709 18.986137 0.17547892
-1.8127217 18.973785 0.17547876
-1.7923794 18.995205 0.17547876
-1.7432374 18.979372 0.17547852
-1.6920429 18.967422 0.17547828
-1.6722188 18.988297 0.17547828
-1.6192993 18.97982 0.17547804
-1.5676943 18.971552 0.17547786
-1.5483627 18.991907 0.17547786
-1.5014439 18.980246 0.17547768
-1.4525185 18.972174 0.17547743
-1.4192104 18.978165 0.17547734
-1.3861281 18.983921 0.17547725
-1.3366561 18.979229 0.175477
-1.2980909 18.978245 0.1754768
-1.2615609 18.981176 0.17547666
-1.2261512 18.985958 0.17547652
-1.1831678 18.978281 0.17547636
-1.1352943 18.976954 0.17547615
-1.0983852 18.975353 0.17547593
-1.0637817 18.981884 0.17547579
-1.0220455 18.980024 0.17547564
-0.9818036 18.980675 0.17547549
-0.94293541 18.983732 0.17547537
-0.90296513 18.979492 0.17547515
-0.86109638 18.978237 0.17547491
-0.81738824 18.979864 0.17547478
-0.7802887 18.981663 0.17547464
-0.75487149 18.980925 0.17547452
-2.2842031 19.004847 0.17547798
-2.2655425 19.024492 0.17547834
-2.2048092 19.006672 0.17547828
-2.1864133 19.026037 0.17547864
-2.127636 19.008446 0.17547852
-2.1058695 19.031361 0.17547901
-2.0490141 19.013937 0.17547888
-2.0311258 19.032768 0.1754792
-1.9760605 19.015564 0.17547914
-1.9584156 19.03414 0.17547953
-1.9015846 19.020813 0.17547917
-1.849694 19.004223 0.17547899
-1.8290821 19.025925 0.17547899
-1.7720369 19.016624 0.17547876
-1.7550849 19.034473 0.17547876
-1.7030774 19.02166 0.17547852
-1.6523947 19.009171 0.17547828
-1.6325706 19.030045 0.17547828
-1.5834122 19.017607 0.17547804
-1.5290312 19.012262 0.17547786
-1.5096998 19.032618 0.17547774
-1.4632553 19.020456 0.17547755
-1.4147928 19.011896 0.17547734
-1.3817105 19.017653 0.17547725
-1.3457479 19.026438 0.17547712
-1.2967535 19.021246 0.17547686
-1.2519391 19.012978 0.17547667
-1.2209493 19.01852 0.17547655
-1.1830461 19.022524 0.17547639
-1.1416694 19.021978 0.17547621
-1.0971954 19.017071 0.17547598
-1.0588945 19.016933 0.17547582
-1.0223129 19.020603 0.17547567
-0.9806934 19.018957 0.17547552
-0.94220525 19.022369 0.17547534
-0.90040767 19.021894 0.17547522
-0.8613556 19.023306 0.17547502
-0.82267159 19.018694 0.17547485
-0.77936602 19.019899 0.17547469
-2.246882 19.044136 0.17547876
-2.2282214 19.063782 0.17547916
-2.1680174 19.045404 0.17547905
-2.1496212 19.064772 0.17547946
-2.0877314 19.050457 0.17547938
-2.0695927 19.069551 0.17547977
-2.0132372 19.051601 0.17547961
-1.99535 19.070435 0.17547971
-1.9372431 19.056435 0.17547947
-1.9160703 19.078728 0.17547947
-1.8632889 19.061136 0.17547917
-1.8084705 19.047628 0.17547899
-1.7912937 19.065714 0.17547899
-1.7347424 19.055895 0.17547876
-1.7144004 19.077312 0.1754787
-1.6662642 19.060421 0.17547852
-1.6127464 19.050919 0.17547828
-1.5848354 19.064257 0.17547816
-1.5410001 19.062263 0.17547795
-1.4903682 19.052973 0.17547768
-1.4631652 19.061262 0.17547761
-1.4218839 19.064016 0.17547746
-1.3739231 19.054932 0.17547724
-1.3343567 19.057821 0.17547709
-1.3053677 19.068958 0.17547698
-1.2599207 19.060028 0.17547674
-1.2125034 19.054501 0.17547654
-1.1755557 19.057291 0.17547642
-1.1427374 19.063202 0.17547628
-1.1031349 19.062555 0.1754761
-1.0590965 19.057186 0.1754759
-1.0182316 19.05975 0.17547572
-0.98094642 19.059214 0.17547558
-0.94048244 19.057844 0.17547536
-0.90260649 19.064068 0.17547524
-0.86301345 19.060163 0.17547508
-0.81940502 19.061003 0.17547487
-0.78424704 19.059155 0.17547473
-2.2058287 19.087357 0.17547962
-2.1871684 19.107002 0.17548005
-2.1275465 19.088011 0.1754799
-2.1054723 19.111252 0.1754802
-2.0478275 19.092468 0.17547995
-2.02969 19.111565 0.17547995
-1.9738853 19.093037 0.17547971
-1.9524206 19.115637 0.17547971
-1.8948978 19.101021 0.17547947
-1.8424004 19.08313 0.17547917
-1.821512 19.105125 0.17547916
-1.770682 19.087418 0.17547899
-1.7500706 19.109119 0.17547888
-1.6940581 19.098732 0.17547865
-1.6461843 19.081564 0.1754784
-1.6261046 19.102707 0.17547837
-1.5730982 19.092665 0.17547815
-1.5448607 19.100998 0.17547804
-1.501851 19.103487 0.17547788
-1.454927 19.090292 0.17547761
-1.4246602 19.101807 0.1754775
-1.3836954 19.104229 0.17547736
-1.3361973 19.094654 0.17547712
-1.2969321 19.097227 0.17547695
-1.2680937 19.108204 0.17547683
-1.2230878 19.09881 0.17547671
-1.1761013 19.092831 0.17547642
-1.1382682 19.100163 0.1754763
-1.1032465 19.102137 0.17547615
-1.0646007 19.103128 0.17547596
-1.0180669 19.100388 0.17547576
-0.9754709 19.094658 0.17547557
-0.94093937 19.098042 0.1754754
-0.9005788 19.099859 0.17547525
-0.86090732 19.10166 0.17547512
-0.82382804 19.101425 0.17547494
-0.78923237 19.099249 0.17547479
-2.1685078 19.126646 0.17548046
-2.1498482 19.146294 0.17548054
-2.0870776 19.130621 0.17548019
-2.0686829 19.149988 0.17548019
-2.0115526 19.130663 0.17547995
-1.9934151 19.149761 0.17547995
-1.9309558 19.138237 0.17547971
-1.9130685 19.157072 0.17547971
-1.85961 19.138176 0.17547943
-1.8006238 19.127119 0.17547911
-1.7832167 19.145447 0.17547908
-1.7294588 19.130823 0.17547883
-1.7088469 19.152527 0.1754788
-1.6601541 19.13443 0.17547855
-1.6229184 19.139851 0.17547843
-1.5859449 19.144993 0.17547825
-1.5334502 19.134413 0.17547801
-1.4979513 19.139692 0.17547783
-1.4627016 19.144709 0.17547771
-1.4130419 19.134396 0.17547752
-1.3791558 19.139542 0.17547736
-1.3455067 19.14444 0.17547724
-1.2984715 19.134378 0.175477
-1.2546649 19.136885 0.17547683
-1.2211857 19.143402 0.17547671
-1.1831855 19.140827 0.17547654
-1.1336321 19.13755 0.17547633
-1.0972738 19.135202 0.17547615
-1.0649561 19.145102 0.17547603
-1.0260664 19.143703 0.17547587
-0.97996801 19.140505 0.17547563
-0.93489969 19.137379 0.17547546
-0.89845693 19.136177 0.1754753
-0.86067504 19.141876 0.17547517
-0.82176447 19.139721 0.17547499
-0.79432559 19.140211 0.17547484
-2.1311889 19.165939 0.17548054
-2.1125295 19.185587 0.17548054
-2.0502882 19.169357 0.17548019
-2.0318935 19.188725 0.17548023
-1.9716501 19.172678 0.17547995
-1.9498854 19.195595 0.17547983
-1.8951814 19.175907 0.17547962
-1.8772942 19.19474 0.17547959
-1.8207936 19.179049 0.17547931
-1.7658097 19.163776 0.17547905
-1.7484027 19.182106 0.17547897
-1.6882353 19.174231 0.17547876
-1.6710589 19.192318 0.17547864
-1.6194694 19.177271 0.17547844
-1.5824962 19.182413 0.17547828
-1.5491316 19.183756 0.17547815
-1.4938021 19.176161 0.17547789
-1.4585524 19.181177 0.17547777
-1.423552 19.185932 0.17547759
-1.3743789 19.175106 0.17547736
-1.3338357 19.177084 0.17547721
-1.3041356 19.188002 0.17547709
-1.2576017 19.177412 0.17547686
-1.2090766 19.170347 0.17547669
-1.1840218 19.182533 0.17547661
-1.1432832 19.18284 0.17547645
-1.09723 19.175879 0.17547622
-1.0566893 19.177937 0.17547606
-1.0208782 19.180927 0.17547587
-0.98456782 19.187399 0.17547575
-0.94186902 19.180622 0.17547554
-0.89722651 19.177046 0.17547537
-0.85824442 19.178522 0.1754752
-0.81937069 19.177305 0.17547505
-0.79669541 19.185053 0.17547488
-2.0901384 19.209164 0.1754805
-2.0714793 19.228811 0.17548043
-2.0098197 19.211967 0.17548017
-1.991425 19.231337 0.17548013
-1.9317479 19.214693 0.17547981
-1.9136106 19.233791 0.17547977
-1.8558298 19.217342 0.1754795
-1.8343651 19.239944 0.17547941
-1.7819771 19.219921 0.1754792
-1.7275143 19.2041 0.17547891
-1.7066259 19.226095 0.17547886
-1.6504471 19.21402 0.17547861
-1.6298354 19.235722 0.17547858
-1.5787849 19.220108 0.17547832
-1.5290519 19.204899 0.1754781
-1.5089723 19.226042 0.17547801
-1.4541541 19.217907 0.17547779
-1.4191537 19.222662 0.17547765
-1.387665 19.223719 0.17547753
-1.3357158 19.215816 0.17547724
-1.295489 19.217463 0.17547709
-1.2659467 19.228212 0.17547703
-1.2198759 19.217134 0.17547674
-1.1718023 19.209595 0.17547661
-1.1453234 19.223282 0.17547645
-1.1033807 19.224857 0.17547628
-1.0577942 19.217402 0.17547607
-1.0155224 19.218575 0.17547588
-0.97804552 19.220734 0.17547576
-0.94109762 19.222824 0.17547563
-0.90083939 19.223824 0.1754754
-0.85665518 19.219765 0.17547524
-0.81631327 19.21278 0.17547503
-2.05282 19.248459 0.17548037
-2.0304289 19.272036 0.17548029
-1.9730306 19.250706 0.17548005
-1.9546361 19.270073 0.17548001
-1.8918459 19.256708 0.17547968
-1.8737086 19.275806 0.17547965
-1.816478 19.258778 0.17547937
-1.7796977 19.259914 0.17547923
-1.739632 19.264507 0.17547908
-1.6857375 19.248089 0.17547882
-1.6683307 19.266418 0.17547874
-1.6126589 19.253809 0.17547852
-1.5954826 19.271896 0.1754784
-1.5414909 19.259378 0.17547818
-1.4888924 19.247185 0.17547795
-1.4688126 19.26833 0.17547791
-1.414506 19.259655 0.17547767
-1.3680904 19.244331 0.17547745
-1.3485156 19.264942 0.1754774
-1.2970526 19.256527 0.17547716
-1.2571422 19.257841 0.17547697
-1.2277582 19.268423 0.17547688
-1.18215 19.256861 0.17547667
-1.1314222 19.252113 0.17547645
-1.1035115 19.262575 0.17547636
-1.0665479 19.263641 0.17547621
-1.015325 19.262121 0.17547597
-0.97428185 19.251163 0.17547576
-0.94327497 19.26264 0.17547567
-0.90443563 19.261427 0.17547551
-0.86274052 19.263939 0.1754753
-0.8247779 19.25333 0.17547514
-2.0080376 19.295612 0.17548023
-1.9893785 19.31526 0.17548019
-1.9325626 19.293316 0.17547995
-1.914168 19.312685 0.17547983
-1.8555713 19.294903 0.17547959
-1.8374339 19.314001 0.17547953
-1.7771263 19.300213 0.17547922
-1.7043445 19.301664 0.17547897
-1.6474423 19.288412 0.17547868
-1.6265539 19.310408 0.17547864
-1.5748708 19.293598 0.17547837
-1.5542591 19.3153 0.17547834
-1.5041965 19.298649 0.17547812
-1.4487327 19.289471 0.17547786
-1.4319996 19.307091 0.17547782
-1.3781619 19.297926 0.17547755
-1.3289411 19.285553 0.17547733
-1.3093665 19.306164 0.17547725
-1.2583895 19.297237 0.17547704
-1.2187952 19.298216 0.17547685
-1.1836841 19.302914 0.17547673
-1.1381366 19.303205 0.17547654
-1.094148 19.291363 0.17547634
-1.0602865 19.298626 0.17547616
-1.0266454 19.305656 0.17547603
-0.97892278 19.300451 0.17547585
-0.93230349 19.295366 0.1754756
-0.89955348 19.298088 0.17547551
-0.86420316 19.303791 0.17547537
-0.83050293 19.297884 0.17547525
-1.9707192 19.334908 0.17548011
-1.9520599 19.354555 0.17548007
-1.8957734 19.332054 0.17547981
-1.8737 19.355295 0.17547977
-1.8156691 19.336918 0.17547949
-1.7939042 19.359837 0.17547941
-1.7413518 19.337883 0.17547914
-1.6831721 19.323957 0.17547888
-1.6655282 19.342537 0.17547886
-1.6091468 19.328735 0.17547852
-1.5917398 19.347065 0.1754785
-1.5336473 19.337006 0.17547828
-1.5001625 19.33758 0.1754781
-1.4635121 19.341488 0.17547795
-1.4119196 19.328234 0.17547776
-1.3918396 19.349379 0.17547768
-1.3385139 19.339674 0.17547746
-1.2865291 19.330212 0.17547721
-1.2669545 19.350822 0.17547715
-1.2165046 19.341341 0.17547686
-1.1672927 19.33209 0.17547667
-1.1481981 19.352196 0.17547661
-1.1004108 19.342926 0.17547639
-1.0537678 19.333879 0.17547621
-1.0171962 19.334532 0.17547606
-0.98981249 19.34444 0.17547598
-0.94252044 19.338779 0.17547573
-0.89332372 19.336409 0.17547551
-0.85499495 19.337067 0.17547537
-0.83339453 19.346577 0.1754753
-1.9371623 19.381792 0.18485248
-1.9080051 19.391541 0.18752392
-1.8541977 19.383949 0.18511859
-1.8236734 19.392981 0.18811475
-1.7781551 19.384182 0.18500024
-1.7442036 19.391645 0.1913511
-1.6995558 19.38328 0.18360718
-1.6521642 19.377319 0.18552941
-1.6236274 19.388174 0.18552309
-1.5766641 19.379421 0.18504322
-1.5467422 19.389959 0.18764527
-1.4989299 19.381254 0.18011607
-1.4592085 19.380703 0.17547795
-1.4228274 19.384327 0.17547783
-1.3717599 19.37052 0.17547762
-1.3516799 19.391665 0.17547755
-1.2988657 19.381422 0.17547731
-1.2473797 19.371433 0.1754771
-1.2278048 19.392044 0.17547704
-1.1778415 19.382051 0.17547679
-1.129104 19.372301 0.17547657
-1.1100094 19.392408 0.17547654
-1.0626849 19.382652 0.17547627
-1.0164938 19.373127 0.1754761
-0.97889614 19.378647 0.17547597
-0.94172966 19.383976 0.17547581
-0.90005118 19.383499 0.1754756
-0.85734242 19.374294 0.1754754
-0.83935171 19.39324 0.17547536
-1.8923504 19.417427 0.17547987
-1.8736913 19.437075 0.17547983
-1.8148375 19.417276 0.17547959
-1.7964427 19.436646 0.17547947
-1.735865 19.420948 0.17547922
-1.6626484 19.420753 0.17547891
-1.605539 19.405703 0.1754787
-1.5878954 19.42428 0.17547858
-1.5290747 19.413048 0.17547832
-1.502105 19.429159 0.18928614
-1.4547031 19.426174 0.18351099
-1.4140787 19.428022 0.19236377
-1.3825812 19.428411 0.18508509
-1.3359722 19.4259 0.1875647
-1.3034941 19.432173 0.18988858
-1.2604015 19.426912 0.18435515
-1.2142564 19.423096 0.18569018
-1.1834916 19.43219 0.18996188
-1.1386659 19.42765 0.18419647
-1.0944788 19.425669 0.18799277
-1.0619167 19.429502 0.18563005
-1.0228395 19.429718 0.18475144
-0.97703499 19.427547 0.1870545
-0.93748128 19.427732 0.18895838
-0.90433162 19.431223 0.18588044
-0.86308676 19.427139 0.18435316
-1.8587638 19.452791 0.17547978
-1.778048 19.456013 0.17547946
-1.7032177 19.455326 0.17547914
-1.6411837 19.443356 0.17547882
-1.626874 19.458424 0.1754788
-1.5667229 19.446573 0.17547858
-1.5526078 19.461437 0.17547858
-1.4907793 19.453373 0.17547822
-1.4698908 19.475367 0.17547816
-1.4202827 19.456373 0.17547789
-1.3766842 19.456036 0.17547773
-1.3448484 19.466434 0.17547761
-1.2947872 19.451571 0.1754774
-1.2640373 19.461996 0.17547727
-1.2228733 19.461437 0.17547707
-1.1723434 19.450443 0.17547685
-1.1527684 19.471054 0.17547679
-1.103737 19.460079 0.17547657
-1.0527263 19.452724 0.17547633
-1.0259619 19.466009 0.17547625
-0.9840892 19.465408 0.17547609
-0.93573314 19.458166 0.17547588
-0.89566523 19.457767 0.17547569
-0.87010509 19.470488 0.1754756
-1.5243776 19.491161 0.1754784
-1.4559652 19.490028 0.17547816
-1.3859297 19.492544 0.17547779
-1.3245059 19.487854 0.17547756
-1.3143349 19.498564 0.1754775
-1.257974 19.490332 0.17547727
-1.2030492 19.482311 0.17547703
-1.1931372 19.492748 0.17547703
-1.1364563 19.488232 0.17547679
-1.0844054 19.480434 0.17547649
-1.0715175 19.494005 0.17547649
-1.0145373 19.492935 0.17547625
-0.96522647 19.485271 0.17547596
-0.95579493 19.495201 0.17547596
-0.90467137 19.490873 0.17547578
-0.85782737 19.483414 0.17547548
-2.9460981 16.029171 0.21999869
-2.945946 16.059484 0.22089373
-2.9452097 16.099108 0.22079493
-2.9446144 16.139256 0.22115001
-2.9440117 16.179625 0.22055687
-2.9439654 16.221729 0.22028588
-2.9439228 16.261648 0.22018644
-2.9438798 16.299105 0.21950479
-2.94384 16.337715 0.21999432
-2.9437938 16.380335 0.21970196
-2.9437513 16.42054 0.22005546
-2.9437103 16.457506 0.21969466
-2.9436667 16.499695 0.22020528
-2.9436212 16.542231 0.22010544
-2.9435785 16.581669 0.22015899
-2.9435389 16.617395 0.21978232
-2.9434969 16.658701 0.22047421
-2.9434531 16.700884 0.22088422
-2.9434094 16.740273 0.22055441
-2.9433622 16.78042 0.21942024
-2.9433205 16.820684 0.21984728
-2.9432752 16.861719 0.21946837
-2.9432378 16.900349 0.22062734
-2.9431944 16.939337 0.22015303
-2.94315 16.978033 0.21941786
-2.9431067 17.017544 0.21910679
-2.9430659 17.059025 0.22030456
-2.9430213 17.101742 0.2206856
-2.942976 17.142773 0.22014123
-2.9429336 17.180233 0.21964121
-2.9428928 17.22064 0.2204026
-2.9428494 17.259392 0.21990435
-2.9428096 17.298462 0.22048336
-2.9427624 17.341291 0.22016826
-2.9427171 17.382072 0.21964723
-2.9427016 17.418306 0.22022714
-2.9426949 17.457623 0.21916619
-2.9426942 17.499374 0.21970682
-2.9426928 17.539185 0.22008292
-2.942687 17.578671 0.21920259
-2.942692 17.617876 0.22137843
-2.9426796 17.660555 0.21869069
-2.9426863 17.700911 0.22134645
-2.9426727 17.737862 0.21815816
-2.942678 17.779627 0.22038259
-2.9426777 17.822994 0.22113328
-2.9426692 17.860748 0.21939339
-2.942672 17.899057 0.22099583
-2.9426632 17.937914 0.21922958
-2.9426663 17.97735 0.22085433
-2.9426572 18.017353 0.21906091
-2.9426606 18.057962 0.22070865
-2.942651 18.099167 0.21888721
-2.9426613 18.14229 0.22246255
-2.9426451 18.183468 0.21870823
-2.942656 18.220381 0.22244127
-2.942646 18.255703 0.22034214
-2.942636 18.298443 0.21828882
-2.9426434 18.337309 0.2211028
-1.9408168 19.389166 0.22146945
-1.8996285 19.389162 0.21828988
-1.856672 19.38916 0.22158325
-1.8172696 19.389156 0.21754898
-1.7804164 19.389154 0.22098382
-1.7362889 19.389147 0.21861093
-1.6958572 19.389145 0.22180416
-1.6587539 19.389143 0.21788718
-1.6240356 19.389133 0.22121929
-1.5838704 19.389132 0.2190827
-1.5443234 19.38913 0.22201234
-1.5106201 19.390226 0.21650726
-1.4957299 19.427679 0.22367243
-1.4593502 19.43306 0.21799541
-1.4167911 19.433056 0.221503
-1.3795692 19.433052 0.2193571
-1.3383608 19.433048 0.22035585
-1.2978077 19.433046 0.22132093
-1.2587769 19.433044 0.21849675
-1.2177284 19.433043 0.22071847
-1.1800931 19.433043 0.21941808
-1.1382931 19.433039 0.22009254
-1.0953555 19.433037 0.22060393
-1.0597841 19.433031 0.21884295
-1.0236804 19.433025 0.21977815
-0.97911155 19.433022 0.22034428
-0.9384557 19.433018 0.22045238
-0.90032738 19.433016 0.22015196
-0.86134064 19.433014 0.21974017
-2.952945 16.030558 0.25857976
-2.9529431 16.060886 0.26034176
-2.9529421 16.099955 0.26006848
-2.9529414 16.140324 0.26026598
-2.9525175 16.181662 0.25958449
-2.9515245 16.220926 0.25896469
-2.9514658 16.260687 0.26026204
-2.9503367 16.300705 0.25918961
-2.94979 16.338972 0.25962698
-2.9489629 16.378925 0.25882015
-2.9487708 16.418596 0.26070383
-2.9478495 16.457636 0.25980407
-2.9473405 16.499155 0.26024377
-2.9463298 16.540815 0.26036134
-2.9461308 16.581232 0.2610493
-2.9453449 16.619411 0.2607694
-2.9443722 16.660006 0.26027516
-2.9438808 16.70075 0.2613889
-2.9435532 16.740635 0.26074904
-2.9435079 16.780478 0.2599878
-2.9434614 16.821087 0.2592063
-2.9434168 16.86248 0.25921711
-2.9433844 16.900414 0.26152498
-2.9433367 16.939043 0.25975358
-2.9432919 16.977636 0.2589187
-2.9432533 17.018364 0.26028922
-2.9432096 17.060112 0.26066124
-2.9431646 17.100197 0.25999326
-2.9431195 17.142099 0.26000959
-2.9430764 17.18215 0.26005161
-2.9430354 17.219082 0.25978237
-2.9429965 17.258686 0.26078293
-2.9429481 17.300568 0.25969714
-2.942909 17.339655 0.26056314
-2.9428594 17.382992 0.25945547
-2.9428456 17.419161 0.2599934
-2.9428411 17.45676 0.25945622
-2.9428377 17.501413 0.25939536
-2.9428394 17.538425 0.26059443
-2.9428327 17.580034 0.25947624
-2.942836 17.618866 0.26119485
-2.9428272 17.659966 0.25947183
-2.9428265 17.701015 0.26007536
-2.9428253 17.737043 0.26028806
-2.9428203 17.779737 0.25970286
-2.9428215 17.823105 0.26077947
-2.9428132 17.860865 0.25932315
-2.9428179 17.899176 0.26121357
-2.9428103 17.938034 0.25973913
-2.9428079 17.977467 0.25996053
-2.9428062 18.017481 0.26016739
-2.9428048 18.058088 0.26039529
-2.9428024 18.0993 0.26060838
-2.9427934 18.139723 0.25890464
-2.9427986 18.183605 0.26106277
-2.9427896 18.218439 0.25922632
-2.9427958 18.257172 0.26162606
-2.9427798 18.300066 0.2580879
-2.9427814 18.33744 0.25917435
-1.9419569 19.389166 0.26159525
-1.9012331 19.389162 0.25897157
-1.8582504 19.38916 0.2619563
-1.8182606 19.389158 0.25851783
-1.7814889 19.389151 0.26205111
-1.7377988 19.389149 0.25807443
-1.6968958 19.389143 0.26222059
-1.6596872 19.389143 0.25764719
-1.6240356 19.389135 0.26223513
-1.5828727 19.389132 0.25838023
-1.5443232 19.38913 0.26239693
-1.5106201 19.390226 0.25663316
-1.49573 19.427679 0.26396215
-1.45935 19.433056 0.25803745
-1.4167911 19.433056 0.26120809
-1.3795691 19.433054 0.25876743
-1.3383625 19.433048 0.26041722
-1.2978078 19.433046 0.26008373
-1.2583356 19.433044 0.25980365
-1.2186894 19.433043 0.26135758
-1.1812545 19.433043 0.25924072
-1.1367755 19.433037 0.26121271
-1.0964751 19.433035 0.25971025
-1.0604219 19.433031 0.25927109
-1.0229257 19.433029 0.25996241
-0.98151582 19.433022 0.25971657
-0.93772173 19.433016 0.25990021
-0.89898312 19.433018 0.26010177
-0.86327529 19.433016 0.26051322
-2.952945 16.030884 0.29886389
-2.9529433 16.060886 0.30010521
-2.9529421 16.100231 0.29979029
-2.9529414 16.140181 0.29995617
-2.9529405 16.18117 0.30012399
-2.9529369 16.219946 0.29947287
-2.9529352 16.260117 0.3005136
-2.9529343 16.300604 0.29985246
-2.9529338 16.339033 0.30058333
-2.9529319 16.37903 0.30014065
-2.952929 16.419392 0.30028883
-2.9529274 16.460924 0.29982749
-2.9529266 16.502634 0.29996613
-2.9529254 16.540821 0.30002651
-2.9529238 16.579775 0.30009356
-2.9529216 16.621044 0.30043721
-2.9529195 16.659302 0.29932424
-2.9526713 16.698185 0.29823467
-2.9521072 16.736746 0.29952985
-2.9515169 16.777292 0.29932436
-2.9506571 16.818392 0.29915854
-2.9499507 16.859579 0.29890746
-2.950289 16.900023 0.30216247
-2.9482391 16.939074 0.29870015
-2.9484184 16.977938 0.29998809
-2.9473071 17.01881 0.30058342
-2.9471703 17.059048 0.30109298
-2.9455209 17.100214 0.29910979
-2.9455032 17.142237 0.30151311
-2.9443226 17.179485 0.29978934
-2.9443345 17.219517 0.30120131
-2.9431384 17.260437 0.30076873
-2.9430931 17.298954 0.29973769
-2.9430485 17.341797 0.30013889
-2.943007 17.381329 0.30019015
-2.9429893 17.420013 0.29978248
-2.942987 17.455904 0.29972833
-2.9429851 17.500534 0.30003998
-2.9429815 17.539383 0.29979685
-2.9429824 17.578539 0.30071667
-2.9429743 17.618963 0.29931036
-2.9429755 17.659384 0.30024117
-2.9429672 17.701118 0.29880804
-2.9429724 17.737154 0.30091706
-2.9429631 17.779844 0.29902703
-2.9429653 17.823217 0.30042964
-2.9429581 17.860977 0.29925692
-2.9429638 17.899292 0.30143532
-2.9429572 17.938156 0.3002528
-2.9429502 17.977583 0.29906949
-2.9429553 18.017607 0.301278
-2.9429419 18.056963 0.29818237
-2.9429541 18.099434 0.30233386
-2.9429343 18.141253 0.29761842
-2.9429464 18.185036 0.30183765
-2.9429357 18.219604 0.29944584
-2.9429312 18.254505 0.29879946
-2.9429371 18.300211 0.30132172
-2.9429202 18.337574 0.29724956
-1.93978 19.389166 0.29924324
-1.9023547 19.389162 0.30097684
-1.8550936 19.38916 0.29907003
-1.8182607 19.389158 0.30107176
-1.7804193 19.389151 0.30021927
-1.7377988 19.389149 0.29999119
-1.6962051 19.389141 0.30112937
-1.6596872 19.389143 0.29894534
-1.6250463 19.389137 0.3021065
-1.5838703 19.389132 0.2979272
-1.5443232 19.38913 0.30278152
-1.5106201 19.390226 0.2967591
-1.49573 19.427679 0.30425188
-1.4593502 19.43306 0.29807955
-1.415965 19.433056 0.30203515
-1.3795692 19.433052 0.29817769
-1.337929 19.433046 0.30043831
-1.2978079 19.433046 0.29884657
-1.257519 19.433044 0.30106476
-1.2186896 19.433043 0.29949385
-1.1797044 19.433043 0.30072683
-1.1379151 19.433039 0.30067402
-1.097596 19.433037 0.29884517
-1.0590714 19.433029 0.3005619
-1.0247693 19.433027 0.29946637
-0.9791947 19.43302 0.30037662
-0.93699485 19.433018 0.29933071
-0.90032744 19.433016 0.30028605
-0.86129785 19.433014 0.30005822
-2.952945 16.030663 0.33990514
-2.9529431 16.060886 0.33986872
-2.9529421 16.100233 0.33999756
-2.9529414 16.140038 0.33964157
-2.9529405 16.181179 0.33977076
-2.9529371 16.220663 0.33989412
-2.9529355 16.260576 0.34052265
-2.9529345 16.302095 0.34000501
-2.9529338 16.340673 0.34055421
-2.9529319 16.379034 0.3398807
-2.952929 16.418243 0.33980197
-2.9529276 16.459045 0.34036008
-2.9529266 16.501431 0.34033072
-2.9529252 16.541618 0.33923414
-2.9529238 16.581282 0.34004804
-2.9529216 16.62076 0.34035343
-2.9529195 16.65901 0.33961958
-2.9529188 16.697983 0.33886111
-2.9529171 16.736483 0.34038737
-2.9529154 16.776016 0.34037691
-2.9529135 16.816586 0.33957136
-2.9529116 16.858316 0.3395763
-2.9529111 16.90122 0.34125423
-2.9529083 16.938959 0.33991984
-2.9529078 16.978579 0.33988935
-2.9529054 17.019651 0.34100589
-2.9529037 17.058294 0.33930975
-2.9529026 17.101044 0.34082311
-2.9529006 17.137804 0.33914611
-2.9528995 17.176865 0.3397842
-2.9528975 17.216593 0.34044069
-2.9523354 17.254917 0.33882838
-2.9520457 17.297333 0.33968854
-2.9511878 17.336641 0.33921179
-2.9507136 17.380053 0.33958572
-2.9502447 17.41823 0.34028161
-2.9505227 17.462605 0.33991262
-2.9493842 17.500053 0.3385568
-2.9508204 17.54141 0.33973801
-2.9493806 17.578415 0.33870712
-2.95082 17.621105 0.33991238
-2.9493766 17.65929 0.33886227
-2.9503791 17.699738 0.33822897
-2.950424 17.737429 0.34168428
-2.9498525 17.780815 0.33632866
-2.9496801 17.817713 0.34041438
-2.9504163 17.857347 0.33875951
-2.950191 17.895191 0.34040636
-2.9509048 17.939426 0.34077173
-2.9499674 17.98341 0.33849525
-2.9504111 18.023897 0.3409206
-2.9493885 18.060993 0.33497939
-2.950186 18.09692 0.34213948
-2.950403 18.137329 0.33928204
-2.9499712 18.179365 0.33933213
-2.951071 18.221128 0.34253028
-2.9499702 18.262487 0.3369242
-2.949172 18.302351 0.33965853
-2.9503942 18.333412 0.34042764
-1.9408164 19.389166 0.34116182
-1.9012364 19.389162 0.34000149
-1.856672 19.38916 0.33944312
-1.8192502 19.389158 0.34207019
-1.779341 19.389153 0.3383618
-1.7377988 19.389149 0.34190798
-1.6943709 19.389145 0.33856171
-1.6596874 19.389143 0.34024355
-1.6243743 19.389133 0.34047782
-1.5838704 19.389132 0.33862501
-1.5443234 19.38913 0.34316608
-1.5106205 19.390226 0.33688506
-1.4952176 19.428658 0.3431215
-1.4593501 19.433064 0.33812171
-1.416791 19.433056 0.34309286
-1.3795692 19.433054 0.33758801
-1.3374989 19.433046 0.34142643
-1.2978079 19.433046 0.33760941
-1.2571027 19.433044 0.3413851
-1.2194535 19.433043 0.3389422
-1.1792841 19.433043 0.34134507
-1.1387128 19.433041 0.33919114
-1.0954028 19.433037 0.34044826
-1.0597841 19.433029 0.33869612
-1.0226438 19.433027 0.34042409
-0.98109537 19.43302 0.34051281
-0.93836206 19.433016 0.33986667
-0.89898312 19.433016 0.3402119
-0.86327529 19.433016 0.33998716
-2.952945 16.030556 0.38013408
-2.9529431 16.060886 0.37963217
-2.9529421 16.099815 0.37971786
-2.9529414 16.140467 0.37981772
-2.9529405 16.182049 0.37992439
-2.9529371 16.221376 0.38033849
-2.9529352 16.261061 0.38004729
-2.9529343 16.301065 0.37950024
-2.9529338 16.338909 0.37982675
-2.9529324 16.378559 0.38020074
-2.9529288 16.419878 0.38001058
-2.9529278 16.460848 0.38038161
-2.9529266 16.501186 0.38007987
-2.9529252 16.540051 0.38054034
-2.9529233 16.581146 0.37997732
-2.9529214 16.621334 0.37955844
-2.9529195 16.658165 0.38063976
-2.9529188 16.697681 0.37953427
-2.9529171 16.736485 0.37987432
-2.9529154 16.776327 0.38105261
-2.9529133 16.816927 0.37902796
-2.9529116 16.858318 0.38020846
-2.9529107 16.900869 0.38062966
-2.9529085 16.938501 0.37918401
-2.9529068 16.979313 0.38086829
-2.9529061 17.017654 0.37871656
-2.9529037 17.059486 0.38019326
-2.9529023 17.101868 0.38061252
-2.9529004 17.138641 0.3792485
-2.9528995 17.177715 0.38023442
-2.9528975 17.214951 0.37986445
-2.9528961 17.256123 0.37984356
-2.9528947 17.294308 0.38054949
-2.9528925 17.337229 0.37943929
-2.9528916 17.376745 0.38015416
-2.952889 17.421167 0.3790209
-2.952888 17.46233 0.38092694
-2.9528859 17.501581 0.37793103
-2.9528844 17.539263 0.38055053
-2.9528835 17.580013 0.37871453
-2.9528811 17.619839 0.38028449
-2.9528799 17.660961 0.37952328
-2.9528782 17.696455 0.38057789
-2.9528766 17.738506 0.38099474
-2.9528744 17.782164 0.37829942
-2.9528732 17.818398 0.38251486
-2.952872 17.856115 0.37861505
-2.9528704 17.894371 0.38138339
-2.9528685 17.939726 0.3801291
-2.9528666 17.985815 0.37887368
-2.9528649 18.025967 0.38169518
-2.9528637 18.05987 0.37831724
-2.9528625 18.094223 0.38012868
-2.9528606 18.135992 0.38126075
-2.9528587 18.177103 0.37869212
-2.9528573 18.222761 0.38201573
-2.9528551 18.265162 0.37940428
-2.9528539 18.301029 0.37829137
-2.9528525 18.333067 0.38146061
-1.9419571 19.389166 0.38131249
-1.9001083 19.389162 0.37899908
-1.8566719 19.38916 0.38230127
-1.8171721 19.389156 0.37884802
-1.7804164 19.389154 0.37943727
-1.7393087 19.389147 0.38142824
-1.695857 19.389145 0.37774652
-1.6596872 19.389143 0.38154173
-1.6236995 19.389135 0.37883338
-1.5838704 19.389132 0.37932274
-1.5453033 19.38913 0.3824392
-1.5106205 19.390226 0.37701103
-1.4964253 19.427191 0.37977439
-1.4593501 19.433056 0.37816375
-1.416791 19.433056 0.38279793
-1.3795692 19.433054 0.37699836
-1.3383625 19.433048 0.38156679
-1.2985972 19.433046 0.37771222
-1.2579381 19.433044 0.38087139
-1.218943 19.433043 0.37939
-1.1800933 19.433043 0.3801983
-1.1382931 19.433041 0.37946597
-1.0964751 19.433035 0.38050777
-1.0604218 19.433035 0.3791407
-1.023683 19.433025 0.37986234
-0.98030907 19.43302 0.38048902
-0.93699485 19.433018 0.38011813
-0.90032744 19.433016 0.38042012
-0.86129785 19.433016 0.37949693
-2.9529452 16.030447 0.42035902
-2.9529433 16.060886 0.41939571
-2.9529421 16.100235 0.41945031
-2.9529417 16.140467 0.42047873
-2.9529405 16.181902 0.42007571
-2.9529371 16.220749 0.42015189
-2.9529355 16.260113 0.41954431
-2.9529345 16.300898 0.41960064
-2.9529338 16.340555 0.41982946
-2.9529319 16.37986 0.42060414
-2.952929 16.418243 0.42009193
-2.9529276 16.459671 0.42029703
-2.9529264 16.502714 0.41991577
-2.9529252 16.540821 0.42049897
-2.9529233 16.580229 0.4204956
-2.9529216 16.621906 0.41878051
-2.9529197 16.65901 0.42100433
-2.9529188 16.697386 0.42019904
-2.9529169 16.736483 0.41936123
-2.9529157 16.776325 0.42091399
-2.9529135 16.816927 0.41927111
-2.9529116 16.858315 0.42084065
-2.9529111 16.900515 0.41999531
-2.9529088 16.939188 0.41961664
-2.9529078 16.978968 0.42011103
-2.9529061 17.018654 0.41885623
-2.952904 17.06068 0.42110854
-2.9529026 17.100306 0.41905665
-2.9529004 17.139694 0.42048088
-2.9528997 17.176102 0.4193171
-2.9528971 17.216814 0.42076749
-2.9528959 17.254457 0.41958636
-2.9528944 17.296331 0.41991773
-2.9528925 17.335505 0.41986486
-2.9528916 17.377909 0.41895905
-2.952889 17.419378 0.42015305
-2.952888 17.463289 0.41923377
-2.9528861 17.501581 0.41994208
-2.9528847 17.540506 0.42065841
-2.9528825 17.580889 0.41838634
-2.9528813 17.619162 0.42082906
-2.9528797 17.660961 0.41806495
-2.9528782 17.695539 0.42245862
-2.9528766 17.738504 0.42011955
-2.9528744 17.781218 0.41923916
-2.9528732 17.818398 0.4222405
-2.952872 17.856115 0.41862428
-2.9528704 17.894373 0.42000189
-2.9528687 17.939728 0.42076707
-2.952867 17.984606 0.41794881
-2.9528649 18.025969 0.42298177
-2.9528637 18.05987 0.41985878
-2.9528625 18.092964 0.41823873
-2.9528604 18.137266 0.42182758
-2.9528587 18.178398 0.41954812
-2.9528575 18.220003 0.41900426
-2.9528553 18.265162 0.42248961
-2.9528537 18.302094 0.41922659
-2.9528527 18.330919 0.41901746
-1.93978 19.389166 0.41891307
-1.901233 19.389162 0.42101294
-1.8579485 19.38916 0.42133558
-1.8182607 19.389158 0.41809511
-1.7804164 19.389153 0.42169154
-1.7374479 19.389149 0.41914812
-1.6958572 19.389145 0.41933107
-1.6596872 19.389143 0.42283988
-1.6230224 19.389135 0.41717327
-1.5838704 19.389132 0.42002049
-1.5443236 19.38913 0.42141846
-1.5106202 19.390226 0.41713691
-1.49573 19.427679 0.41841078
-1.4593502 19.433058 0.41820589
-1.4167911 19.433056 0.42250299
-1.3803853 19.433054 0.4177776
-1.3383625 19.433048 0.42065081
-1.297806 19.433046 0.41998649
-1.2579383 19.433044 0.41931853
-1.2177285 19.433043 0.42089403
-1.1809052 19.433043 0.41907206
-1.1367756 19.433041 0.42053509
-1.0972589 19.433035 0.41870099
-1.0590713 19.433029 0.42039675
-1.024721 19.433025 0.41932744
-0.9795326 19.433022 0.42044684
-0.93872374 19.433016 0.41982621
-0.89898318 19.433016 0.42032206
-0.86292559 19.433016 0.42029917
-2.9529455 16.030228 0.46138284
-2.9529433 16.06115 0.4596436
-2.9529424 16.100235 0.45965749
-2.9529417 16.14089 0.4606736
-2.9529405 16.181759 0.46022218
-2.9529374 16.219831 0.45934808
-2.9529355 16.260122 0.46004984
-2.9529345 16.302095 0.46037728
-2.9529338 16.3395 0.45970589
-2.9529324 16.37825 0.46025515
-2.952929 16.420008 0.45973411
-2.9529276 16.459433 0.45962274
-2.9529266 16.500795 0.46082172
-2.9529254 16.541618 0.45973068
-2.9529243 16.580099 0.46040222
-2.9529212 16.621609 0.45947158
-2.9529197 16.65901 0.45976287
-2.9529188 16.697086 0.46085513
-2.9529176 16.736483 0.45884818
-2.9529157 16.776325 0.46077538
-2.9529133 16.816242 0.45864689
-2.9529121 16.858315 0.46147281
-2.9529107 16.90016 0.45935097
-2.9529085 16.939188 0.46100903
-2.9529071 16.977428 0.45840412
-2.9529061 17.018654 0.46099567
-2.952904 17.058243 0.45918939
-2.9529026 17.101044 0.46098191
-2.9529004 17.137589 0.45916435
-2.9528997 17.177624 0.46094653
-2.9528978 17.214638 0.46009853
-2.9528959 17.256123 0.45971251
-2.9528947 17.294632 0.45998463
-2.9528925 17.336319 0.45943809
-2.9528918 17.377907 0.4599238
-2.952889 17.420225 0.46041799
-2.9528878 17.464146 0.45986769
-2.9528863 17.501581 0.46195307
-2.9528847 17.540506 0.4582943
-2.952883 17.579201 0.46075565
-2.9528813 17.62018 0.46036348
-2.9528799 17.661867 0.45838058
-2.9528782 17.696455 0.46303913
-2.9528766 17.738504 0.4592444
-2.9528751 17.781218 0.45868519
-2.9528732 17.818399 0.46196616
-2.952872 17.856115 0.45863357
-2.9528706 17.894371 0.45861924
-2.9528687 17.939726 0.4614051
-2.9528666 17.985815 0.45741925
-2.9528649 18.027193 0.46276072
-2.9528637 18.05987 0.46140033
-2.952862 18.094219 0.45849419
-2.9528606 18.134594 0.45824131
-2.9528587 18.1784 0.46198094
-2.9528573 18.221447 0.45841968
-2.9528553 18.265162 0.46018928
-2.9528539 18.302092 0.46258962
-2.9528525 18.331993 0.46017241
-1.9408164 19.389166 0.46085417
-1.9028376 19.389162 0.46177727
-1.8555657 19.389158 0.45847413
-1.8182607 19.389158 0.46064904
-1.7819506 19.389151 0.46155307
-1.7367405 19.389149 0.4583244
-1.6958569 19.389143 0.46091571
-1.6606194 19.389143 0.46264991
-1.6240357 19.389135 0.4570604
-1.5838704 19.389132 0.4607183
-1.5443234 19.38913 0.46180311
-1.5106202 19.390226 0.45726287
-1.49573 19.427679 0.45870051
-1.4593501 19.433056 0.45824796
-1.4167911 19.433056 0.46220806
-1.3795693 19.433052 0.45828897
-1.3383625 19.433048 0.45973483
-1.2970204 19.433046 0.46224231
-1.2579381 19.433044 0.45776558
-1.2186896 19.433043 0.46157306
-1.1804781 19.433043 0.45969859
-1.137915 19.433037 0.4600347
-1.0957893 19.433037 0.46033642
-1.0597841 19.433029 0.45854929
-1.0225978 19.433025 0.46023026
-0.98161465 19.43302 0.45990089
-0.93667889 19.433016 0.459968
-0.90032744 19.433016 0.46055427
-0.86160344 19.433016 0.45985749
-2.9529455 16.030556 0.50167811
-2.9529436 16.06089 0.49987248
-2.9529424 16.100231 0.49986482
-2.9529414 16.140749 0.50036854
-2.9529405 16.181467 0.49986663
-2.9529371 16.220663 0.49922958
-2.9529355 16.261356 0.50061888
-2.9529343 16.301062 0.4998396
-2.9529338 16.339331 0.50021195
-2.9529321 16.37986 0.50010026
-2.952929 16.418169 0.49976864
-2.9529276 16.460796 0.49967456
-2.9529266 16.501751 0.50001752
-2.9529254 16.540052 0.50098979
-2.9529235 16.580688 0.49908915
-2.9529216 16.620502 0.50083709
-2.9529197 16.65901 0.49852169
-2.952919 16.696793 0.50150269
-2.9529171 16.736483 0.49833503
-2.9529157 16.775707 0.50137097
-2.9529133 16.816927 0.49814132
-2.9529116 16.858315 0.50210494
-2.9529107 16.899801 0.49869683
-2.952909 16.939875 0.50146627
-2.9529073 16.97858 0.49858734
-2.9529059 17.019653 0.50117111
-2.952904 17.059486 0.49925828
-2.9529028 17.101866 0.50079292
-2.9529004 17.138641 0.50039679
-2.9528995 17.176014 0.50000149
-2.9528973 17.216814 0.49997124
-2.9528961 17.254456 0.49942693
-2.9528947 17.295435 0.49922767
-2.9528925 17.336319 0.50005096
-2.9528916 17.377907 0.50088853
-2.9528892 17.42141 0.49960101
-2.952888 17.462332 0.50133282
-2.9528863 17.501583 0.49929634
-2.9528847 17.541388 0.4995721
-2.9528835 17.580015 0.5019967
-2.9528813 17.620182 0.49859852
-2.9528799 17.660961 0.499973
-2.952878 17.696455 0.5018478
-2.9528766 17.738506 0.49836928
-2.9528749 17.781216 0.49977431
-2.9528732 17.818399 0.50169176
-2.952872 17.856115 0.49864292
-2.9528704 17.894371 0.49891624
-2.9528687 17.939728 0.50204325
-2.9528666 17.985815 0.49840382
-2.9528651 18.024622 0.49844003
-2.9528637 18.05987 0.50294185
-2.952862 18.094221 0.50029409
-2.9528608 18.135992 0.49707422
-2.9528587 18.179823 0.50112826
-2.9528573 18.221449 0.5011763
-2.9528549 18.265162 0.49788904
-2.9528542 18.302092 0.50053227
-2.9528534 18.333067 0.50134951
-1.9419569 19.389164 0.50102973
-1.8996285 19.389162 0.49907899
-1.856672 19.38916 0.50016123
-1.8182608 19.389158 0.50320297
-1.7788821 19.389151 0.4980292
-1.7377988 19.389149 0.49909583
-1.695857 19.389143 0.50250036
-1.6586618 19.389141 0.49829739
-1.6240357 19.389135 0.49807623
-1.5838705 19.389132 0.50141597
-1.5446517 19.38913 0.50098395
-1.5106205 19.390226 0.49738881
-1.4955471 19.427191 0.49705857
-1.4593503 19.43306 0.49829006
-1.416791 19.433056 0.50191313
-1.3798399 19.433054 0.49898064
-1.3383625 19.433048 0.49881881
-1.2978078 19.433046 0.50235146
-1.2591376 19.433044 0.49829626
-1.2186896 19.433043 0.49970937
-1.1789334 19.433043 0.50110745
-1.1387128 19.433039 0.49857867
-1.0964751 19.433035 0.50130528
-1.0597842 19.433035 0.50003695
-1.023683 19.433025 0.49878645
-0.97900993 19.433022 0.50043243
-0.93877035 19.433016 0.49975312
-0.898983 19.433016 0.50043213
-0.86230856 19.433014 0.50055933
-2.9529457 16.030556 0.54109937
-2.9529431 16.060888 0.53963578
-2.9529424 16.100231 0.54007214
-2.9529417 16.140606 0.54005879
-2.9529405 16.180868 0.53899252
-2.9529371 16.220663 0.54079539
-2.9529357 16.260582 0.54010278
-2.9529343 16.300896 0.53993458
-2.9529338 16.340603 0.54024297
-2.9529324 16.378254 0.53971809
-2.952929 16.420008 0.54006052
-2.9529278 16.459126 0.5401271
-2.9529266 16.502581 0.53985262
-2.9529254 16.540821 0.54097158
-2.952924 16.581686 0.53909445
-2.9529219 16.621332 0.54085732
-2.9529195 16.659855 0.53892738
-2.952919 16.697386 0.54146051
-2.9529171 16.736483 0.53782195
-2.9529159 16.776325 0.54208678
-2.9529133 16.816927 0.5383845
-2.9529121 16.859011 0.54200041
-2.9529111 16.900513 0.53896898
-2.9529088 16.939417 0.54073095
-2.9529078 16.978579 0.54035002
-2.9529064 17.017654 0.53881049
-2.952904 17.060251 0.54101044
-2.952903 17.100306 0.53919601
-2.9529004 17.139481 0.54054296
-2.9528995 17.176865 0.54046637
-2.9528975 17.214638 0.53926545
-2.9528961 17.256124 0.53958148
-2.9528949 17.295433 0.53949475
-2.9528925 17.336317 0.54066384
-2.9528913 17.379074 0.53974164
-2.9528892 17.419039 0.54061198
-2.952888 17.463287 0.53966314
-2.9528863 17.502369 0.5399152
-2.9528844 17.539518 0.54167211
-2.9528835 17.580015 0.53992969
-2.9528811 17.621202 0.53816521
-2.9528799 17.660059 0.54154468
-2.9528782 17.696455 0.54065639
-2.9528768 17.738504 0.537494
-2.9528756 17.78027 0.54232121
-2.9528732 17.818398 0.54141742
-2.952872 17.856115 0.53865218
-2.9528708 17.893202 0.53730983
-2.9528687 17.939726 0.54268122
-2.9528666 17.985815 0.53938848
-2.9528649 18.025967 0.53651994
-2.9528637 18.060846 0.54219288
-2.9528625 18.094219 0.54209381
-2.9528608 18.135994 0.53918821
-2.9528589 18.177103 0.53777885
-2.9528573 18.222761 0.54239017
-2.9528561 18.265162 0.54097432
-2.9528544 18.302092 0.53847492
-2.952853 18.330919 0.53886199
-1.93978 19.389166 0.53858286
-1.9012331 19.389162 0.53984332
-1.8577752 19.38916 0.54187256
-1.8182608 19.389156 0.5404377
-1.7804164 19.389153 0.53789073
-1.7377988 19.389149 0.54101259
-1.697343 19.389145 0.54175276
-1.6596872 19.389143 0.53640991
-1.6240357 19.389135 0.53909206
-1.5838705 19.389132 0.54211378
-1.5443234 19.38913 0.54005063
-1.5106202 19.390226 0.53751475
-1.4957299 19.427679 0.53591776
-1.4593501 19.433056 0.5383321
-1.4167911 19.433056 0.54161817
-1.3792965 19.433054 0.54075384
-1.3383625 19.433048 0.53790277
-1.2978079 19.433046 0.54111433
-1.2575365 19.433044 0.54037964
-1.2186894 19.433043 0.53784561
-1.1800932 19.433043 0.54097855
-1.137217 19.433039 0.54055643
-1.096475 19.433035 0.53847373
-1.0597841 19.433029 0.54152465
-1.023683 19.433025 0.53995252
-0.98031229 19.433022 0.53907055
-0.93672323 19.433016 0.53985876
-0.9003275 19.433016 0.5406884
-0.8623085 19.433014 0.54028767
-2.9529457 16.030556 0.58052069
-2.9529433 16.060888 0.57939947
-2.9529424 16.100233 0.58027941
-2.9529417 16.140467 0.57974428
-2.9529407 16.181614 0.57917768
-2.9529371 16.221373 0.58127868
-2.9529352 16.259802 0.57956082
-2.9529345 16.302097 0.58074963
-2.9529338 16.339033 0.57943982
-2.9529321 16.379932 0.58020598
-2.952929 16.418169 0.58005708
-2.9529274 16.460848 0.57961959
-2.9529266 16.500875 0.58071828
-2.9529257 16.540821 0.57861924
-2.9529238 16.579691 0.58075565
-2.9529221 16.621332 0.57926172
-2.95292 16.658726 0.58066314
-2.9529188 16.697386 0.58058
-2.9529169 16.737091 0.57817274
-2.9529154 16.776325 0.58194822
-2.9529135 16.816927 0.57862765
-2.9529116 16.858667 0.58097905
-2.9529107 16.900513 0.57999772
-2.9529085 16.938223 0.57882792
-2.9529076 16.979315 0.58136207
-2.9529059 17.018652 0.57898587
-2.952904 17.059492 0.58005989
-2.952903 17.101042 0.58114064
-2.9529006 17.137892 0.57924861
-2.9528995 17.176863 0.57973021
-2.9528975 17.215725 0.58120698
-2.9528961 17.254456 0.57926768
-2.9528949 17.295435 0.57976162
-2.9528928 17.337133 0.58027101
-2.9528916 17.376743 0.58037812
-2.9528892 17.420225 0.57979482
-2.952888 17.464495 0.57921106
-2.9528861 17.500736 0.581586
-2.9528847 17.540506 0.58061081
-2.9528835 17.580015 0.57786256
-2.9528811 17.620178 0.57985532
-2.9528801 17.660961 0.58186722
-2.9528782 17.696455 0.57946509
-2.9528766 17.739576 0.57799006
-2.9528751 17.781214 0.58358985
-2.9528735 17.818399 0.58114314
-2.952872 17.856115 0.57866138
-2.9528704 17.894371 0.57614404
-2.9528692 17.939726 0.58331925
-2.9528666 17.985815 0.58037311
-2.9528654 18.025969 0.57780659
-2.9528639 18.058895 0.57793003
-2.9528625 18.095476 0.58239442
-2.9528608 18.135992 0.58130217
-2.9528587 18.178398 0.5786714
-2.9528577 18.220005 0.57930076
-2.9528561 18.266632 0.58074397
-2.9528546 18.302092 0.58183795
-2.9528532 18.331993 0.58003914
-1.9408165 19.389166 0.58054656
-1.9023547 19.389162 0.58190638
-1.8553987 19.389158 0.57895881
-1.8182607 19.389158 0.57767242
-1.7804166 19.389153 0.58014488
-1.7377988 19.389149 0.58292943
-1.6943711 19.389145 0.57760561
-1.6596874 19.389143 0.57770813
-1.6240357 19.389135 0.58010793
-1.5838705 19.389132 0.58281159
-1.5439976 19.38913 0.57911068
-1.5106202 19.390226 0.57764071
-1.4957298 19.427679 0.57620746
-1.4593502 19.43306 0.57837427
-1.416791 19.433056 0.58132321
-1.3787552 19.433054 0.58251399
-1.3383625 19.433048 0.57698673
-1.2978078 19.433046 0.5798772
-1.2571026 19.433044 0.58163816
-1.2196504 19.433043 0.57856464
-1.1800932 19.433043 0.57880914
-1.1379151 19.433039 0.58189881
-1.0971584 19.433037 0.57946581
-1.0597842 19.433029 0.57840246
-1.0236831 19.433029 0.5811184
-0.98031235 19.433023 0.57985014
-0.9384557 19.433018 0.57962334
-0.89898312 19.433016 0.58054245
-0.86230868 19.433016 0.58001608
-2.9529457 16.030556 0.61994207
-2.9529433 16.06089 0.61916298
-2.9529421 16.100235 0.62048668
-2.9529417 16.140326 0.61942512
-2.9529407 16.181614 0.62030303
-2.9529386 16.219902 0.61923188
-2.9529355 16.26058 0.62062484
-2.9529345 16.30056 0.61953396
-2.9529338 16.340256 0.62067795
-2.9529321 16.378134 0.61977112
-2.952929 16.41993 0.61977029
-2.9529276 16.459175 0.62003785
-2.9529266 16.501753 0.61931491
-2.9529254 16.540821 0.62003177
-2.952924 16.58069 0.62076092
-2.9529216 16.621908 0.61851203
-2.9529195 16.658428 0.62170154
-2.952919 16.697386 0.61969942
-2.9529176 16.736786 0.61921078
-2.9529157 16.776327 0.6218096
-2.9529142 16.816927 0.61887068
-2.9529116 16.858316 0.61994785
-2.9529111 16.900513 0.62102658
-2.9529088 16.939188 0.61829996
-2.9529076 16.978582 0.61970639
-2.9529059 17.018654 0.62112534
-2.9529037 17.058723 0.6190874
-2.9529028 17.101044 0.61976302
-2.9529006 17.138641 0.62154514
-2.9528995 17.176867 0.61899412
-2.9528975 17.215725 0.62079966
-2.9528959 17.256123 0.61945015
-2.9528947 17.295433 0.62002873
-2.952893 17.335409 0.62062478
-2.9528916 17.377907 0.61923122
-2.9528892 17.421064 0.62010115
-2.952888 17.46208 0.62054455
-2.9528863 17.501583 0.6206615
-2.9528847 17.540506 0.61824667
-2.9528835 17.580828 0.61913586
-2.9528813 17.619164 0.62152267
-2.9528799 17.660961 0.62040895
-2.9528782 17.696457 0.61827368
-2.9528768 17.738861 0.61947203
-2.9528751 17.781214 0.62303591
-2.9528732 17.818398 0.62086886
-2.9528723 17.856115 0.61867076
-2.9528706 17.894371 0.61644101
-2.9528687 17.941031 0.62287152
-2.9528668 17.985815 0.62135774
-2.9528649 18.025969 0.61909312
-2.9528637 18.05987 0.61718106
-2.9528623 18.09284 0.61846048
-2.9528608 18.135994 0.62341619
-2.9528592 18.1784 0.62110418
-2.952858 18.221449 0.61875695
-2.9528563 18.263826 0.61791921
-2.9528549 18.302092 0.61978072
-2.9528534 18.333067 0.62123853
-1.9419571 19.389166 0.62074697
-1.8999387 19.389162 0.61928022
-1.856672 19.38916 0.61802113
-1.8182608 19.389158 0.62022638
-1.7804166 19.389154 0.62239921
-1.7390199 19.389147 0.62115216
-1.695857 19.389145 0.61685807
-1.6596874 19.389143 0.61900628
-1.6240357 19.389135 0.62112379
-1.5838705 19.389132 0.62350935
-1.543341 19.38913 0.61683488
-1.5106202 19.390226 0.61776662
-1.4957299 19.427679 0.61649722
-1.4593501 19.43306 0.61841643
-1.416791 19.433056 0.62102842
-1.3795693 19.433054 0.62331277
-1.339602 19.433046 0.61821908
-1.2978079 19.433046 0.61864007
-1.2579383 19.433044 0.62116575
-1.2177285 19.433043 0.62106961
-1.1812545 19.433043 0.61871916
-1.1379151 19.433039 0.61939538
-1.0956941 19.433035 0.62105161
-1.0597842 19.433033 0.61989009
-1.0244427 19.433027 0.61875206
-0.98031229 19.43302 0.62062979
-0.9370839 19.433016 0.61980206
-0.90032744 19.433016 0.62082249
-0.86230862 19.433016 0.61974442
-2.9529457 16.030556 0.65936333
-2.9529436 16.061016 0.65941256
-2.9529421 16.100235 0.66069382
-2.9529417 16.139738 0.65857393
-2.9529405 16.181614 0.66142833
-2.9529376 16.220661 0.6585651
-2.9529352 16.261559 0.66073275
-2.9529343 16.301352 0.65972829
-2.9529338 16.339273 0.6599052
-2.9529324 16.379808 0.66029114
-2.9529288 16.418295 0.6597504
-2.9529276 16.459986 0.65946174
-2.9529266 16.502254 0.65975922
-2.9529252 16.540819 0.66144419
-2.9529235 16.58069 0.65878338
-2.9529214 16.621328 0.65991634
-2.9529197 16.65901 0.66130799
-2.9529188 16.697386 0.65881884
-2.9529173 16.736483 0.66024011
-2.9529159 16.776325 0.66167104
-2.9529138 16.816927 0.65911376
-2.9529116 16.857969 0.65890712
-2.9529111 16.900513 0.66205537
-2.9529085 16.939186 0.65969235
-2.9529076 16.977842 0.65802926
-2.9529054 17.019653 0.66133636
-2.952904 17.059486 0.66084647
-2.952903 17.101044 0.6583854
-2.9529004 17.138641 0.66048563
-2.9528997 17.177935 0.66062438
-2.9528975 17.215725 0.66039228
-2.9528964 17.254457 0.65910834
-2.9528947 17.295435 0.66029572
-2.9528928 17.337231 0.65927011
-2.9528918 17.377911 0.66019595
-2.9528894 17.419283 0.66114563
-2.952888 17.463287 0.66009253
-2.9528863 17.501583 0.6580047
-2.9528847 17.541389 0.65955257
-2.9528835 17.579142 0.66143829
-2.9528813 17.62018 0.66109741
-2.9528799 17.660961 0.65895069
-2.9528782 17.696457 0.65708226
-2.9528768 17.738146 0.66093785
-2.9528751 17.781218 0.66248196
-2.9528735 17.818399 0.66059446
-2.9528723 17.856115 0.65868002
-2.9528704 17.894371 0.65673798
-2.9528689 17.940163 0.66085982
-2.9528668 17.985815 0.66234249
-2.9528654 18.025967 0.66037971
-2.9528637 18.05987 0.65872264
-2.9528627 18.094221 0.65704352
-2.9528613 18.135994 0.66026586
-2.9528594 18.179693 0.66203332
-2.952858 18.221449 0.66151363
-2.9528561 18.265163 0.65945911
-2.9528546 18.302092 0.65772343
-2.952853 18.330919 0.65870667
-1.93978 19.389166 0.65825266
-1.9012331 19.389162 0.6586737
-1.856672 19.38916 0.66087931
-1.8182608 19.389158 0.66278034
-1.7816573 19.389153 0.66093916
-1.7367405 19.389149 0.65738928
-1.695857 19.389143 0.65844268
-1.6596874 19.389143 0.66030449
-1.6240357 19.389135 0.66213953
-1.5848656 19.389132 0.66314131
-1.5443234 19.38913 0.65614665
-1.5106205 19.390226 0.65789253
-1.49573 19.427679 0.65678692
-1.4593501 19.43306 0.65845841
-1.4167911 19.433056 0.66073346
-1.3795693 19.433054 0.66272306
-1.3383609 19.433048 0.66005057
-1.2978078 19.433046 0.65740275
-1.2579381 19.433044 0.65961301
-1.2186894 19.433043 0.66178858
-1.1789826 19.433043 0.66091108
-1.1390558 19.433039 0.65896267
-1.096475 19.433035 0.6592713
-1.0597841 19.433029 0.66137779
-1.0230182 19.433027 0.65968019
-0.98142719 19.433023 0.66005421
-0.93772399 19.433018 0.65940791
-0.89898312 19.433016 0.66065252
-0.86230856 19.433016 0.6594727
-2.9529457 16.030556 0.69878477
-2.9529433 16.060888 0.70011133
-2.9529424 16.100231 0.70090127
-2.9529417 16.140465 0.69832981
-2.9529405 16.182528 0.70118296
-2.9529381 16.220663 0.70013088
-2.9529359 16.259626 0.69906467
-2.9529345 16.302216 0.70054752
-2.9529338 16.339794 0.69989139
-2.9529324 16.378208 0.69984239
-2.9529295 16.419632 0.69944888
-2.9529276 16.459986 0.70003819
-2.9529269 16.501186 0.70064598
-2.9529257 16.540821 0.69909179
-2.9529243 16.581549 0.69944525
-2.9529219 16.62076 0.70130503
-2.9529197 16.659012 0.70006651
-2.952919 16.697386 0.6979382
-2.9529169 16.736177 0.70126092
-2.9529157 16.776327 0.70153242
-2.9529138 16.816927 0.69935697
-2.9529121 16.857618 0.69785661
-2.9529111 16.90122 0.70236635
-2.9529088 16.939188 0.70108473
-2.9529073 16.97858 0.6990481
-2.9529061 17.017654 0.69890434
-2.9529037 17.060736 0.70099264
-2.952903 17.101042 0.70129931
-2.9529004 17.138643 0.69942617
-2.9528997 17.175795 0.69951826
-2.9528975 17.215725 0.69998497
-2.9528961 17.256123 0.69931924
-2.9528947 17.295433 0.70056278
-2.9528928 17.335505 0.69959497
-2.9528913 17.377909 0.70116067
-2.9528894 17.420223 0.69917166
-2.952888 17.464249 0.69846946
-2.9528859 17.501583 0.70001578
-2.9528847 17.539518 0.70159292
-2.9528835 17.580015 0.70114475
-2.9528813 17.620182 0.69933242
-2.9528799 17.660961 0.69749236
-2.9528785 17.697372 0.69771963
-2.952877 17.73744 0.70238751
-2.9528754 17.781218 0.70192796
-2.9528735 17.818399 0.70032007
-2.952872 17.856115 0.69868928
-2.9528704 17.894371 0.69703507
-2.9528689 17.939295 0.69882888
-2.9528666 17.985815 0.703327
-2.9528654 18.025969 0.70166636
-2.9528639 18.059872 0.70026422
-2.952863 18.094221 0.69884342
-2.9528615 18.135996 0.69711566
-2.9528596 18.176975 0.69860709
-2.9528577 18.222897 0.70101053
-2.9528561 18.265163 0.70254445
-2.9528544 18.302094 0.70108646
-2.9528532 18.331993 0.69990599
-1.9408169 19.389166 0.700239
-1.9012332 19.389162 0.70188469
-1.8582504 19.38916 0.70138037
-1.8182607 19.389156 0.70001507
-1.779341 19.389154 0.69745058
-1.7377987 19.389149 0.69820046
-1.695857 19.389143 0.70002723
-1.6596872 19.389143 0.70160264
-1.6240357 19.389135 0.70315546
-1.584204 19.389132 0.7011686
-1.5443234 19.38913 0.6965313
-1.5106205 19.390226 0.69801849
-1.4957299 19.427679 0.69707674
-1.4593501 19.433056 0.69850063
-1.416791 19.433056 0.70043838
-1.3795692 19.433054 0.7021333
-1.3371246 19.433046 0.70185155
-1.2985973 19.433046 0.69755715
-1.2579381 19.433044 0.69805992
-1.2186896 19.433043 0.69992495
-1.1800931 19.433043 0.70175874
-1.1368238 19.433039 0.70076329
-1.097546 19.433037 0.69942206
-1.0597841 19.433029 0.69825572
-1.0236831 19.433025 0.70004261
-0.97911161 19.433022 0.70051181
-0.93772417 19.433016 0.69980806
-0.90032762 19.433016 0.70095658
-0.8623085 19.433014 0.69920117
-2.9529457 16.030558 0.73820615
-2.9529433 16.060886 0.7403484
-2.9529421 16.100235 0.74110866
-2.9529417 16.140469 0.73899078
-2.9529402 16.181156 0.73922843
-2.9529381 16.220665 0.7416966
-2.9529357 16.26058 0.7396704
-2.9529345 16.300486 0.73925775
-2.952934 16.340317 0.73989439
-2.9529324 16.379032 0.74088311
-2.9529293 16.418606 0.73947251
-2.9529276 16.459988 0.74061477
-2.9529266 16.501755 0.73861229
-2.9529257 16.540821 0.74050426
-2.9529235 16.579775 0.74105418
-2.9529221 16.621332 0.74056059
-2.9529197 16.659008 0.73882532
-2.952919 16.697985 0.73793608
-2.9529176 16.735878 0.74227303
-2.9529154 16.776325 0.74139386
-2.9529142 16.816927 0.73960024
-2.9529121 16.858316 0.73777145
-2.9529111 16.900515 0.74001718
-2.9529085 16.939188 0.74247706
-2.9529073 16.978579 0.74081075
-2.9529061 17.018652 0.73911536
-2.952904 17.058294 0.7389223
-2.9529028 17.101044 0.73992181
-2.9529006 17.139694 0.74073184
-2.9528995 17.176865 0.74114847
-2.9528975 17.215725 0.73957765
-2.9528961 17.254457 0.738949
-2.9528947 17.295435 0.74082983
-2.9528928 17.336317 0.73921579
-2.9528913 17.378834 0.73888034
-2.9528892 17.420223 0.74049449
-2.952888 17.462427 0.73984629
-2.9528863 17.501581 0.74202681
-2.9528849 17.540506 0.74056339
-2.952883 17.580013 0.73907775
-2.9528813 17.620182 0.73756742
-2.9528799 17.661867 0.73785722
-2.9528785 17.695606 0.74097103
-2.9528768 17.738504 0.74289954
-2.9528751 17.781214 0.74137402
-2.9528735 17.818399 0.74004573
-2.9528723 17.856115 0.73869854
-2.9528704 17.894371 0.73733205
-2.9528689 17.938417 0.73677838
-2.952867 17.987022 0.74287707
-2.9528656 18.025969 0.74295288
-2.9528639 18.059872 0.74180567
-2.952863 18.094221 0.74064308
-2.9528615 18.135994 0.73922968
-2.9528592 18.1784 0.7377947
-2.952858 18.220133 0.73784357
-2.9528561 18.265163 0.74024415
-2.9528549 18.302092 0.73902917
-2.9528537 18.333067 0.74112755
-1.9419571 19.389166 0.74046421
-1.9012332 19.389162 0.73969436
-1.8550936 19.38916 0.73823792
-1.8182607 19.389158 0.73724985
-1.7804165 19.389153 0.73859847
-1.7377989 19.389149 0.74011719
-1.695857 19.389143 0.74161184
-1.6596875 19.389143 0.74290079
-1.6250464 19.389135 0.74311292
-1.5824473 19.389132 0.73766619
-1.5443236 19.38913 0.73691583
-1.5106202 19.390226 0.7381444
-1.4957299 19.427679 0.73736644
-1.4593501 19.433058 0.73854274
-1.4167911 19.433056 0.7401436
-1.3795693 19.433054 0.74154365
-1.3383625 19.433048 0.74309367
-1.2971016 19.433046 0.74082398
-1.2587769 19.433044 0.73762238
-1.2186896 19.433043 0.73806119
-1.1800932 19.433043 0.73958939
-1.1379153 19.433039 0.74125952
-1.0953554 19.433037 0.74083829
-1.0597841 19.433033 0.73974335
-1.0243453 19.433027 0.74042195
-0.98031229 19.43302 0.73843765
-0.93772411 19.433018 0.74020833
-0.89898312 19.433016 0.74076271
-0.86230856 19.433016 0.73892945
-2.9529457 16.030558 0.77762747
-2.9529436 16.060507 0.78100771
-2.9529424 16.100235 0.78131586
-2.9529417 16.140465 0.77965182
-2.9529407 16.181177 0.77838802
-2.9529374 16.220661 0.77979851
-2.9529352 16.26058 0.78168648
-2.9529345 16.301353 0.78007674
-2.952934 16.339329 0.77909034
-2.9529321 16.379032 0.78062266
-2.95293 16.419086 0.77907884
-2.9529278 16.460478 0.78064835
-2.9529266 16.501753 0.77962089
-2.9529254 16.540821 0.78191668
-2.9529238 16.58069 0.78045505
-2.9529219 16.621332 0.77896518
-2.9529197 16.659008 0.77758378
-2.9529188 16.697386 0.78009427
-2.9529171 16.736483 0.78264093
-2.9529159 16.776327 0.78125525
-2.9529142 16.816927 0.77984309
-2.9529121 16.858316 0.77840364
-2.9529107 16.899799 0.7776472
-2.952909 16.939186 0.7797302
-2.9529073 16.978579 0.78257346
-2.9529059 17.018654 0.78125483
-2.9529037 17.05949 0.7799114
-2.952903 17.101044 0.77854425
-2.9529006 17.137589 0.77926892
-2.9528997 17.176865 0.78041238
-2.952898 17.215725 0.77917027
-2.9528961 17.256351 0.78034174
-2.9528949 17.295433 0.78109682
-2.9528928 17.336319 0.77982873
-2.9528916 17.377079 0.77952558
-2.9528894 17.420225 0.78181732
-2.952888 17.463289 0.78052187
-2.9528866 17.501581 0.77937001
-2.9528849 17.540506 0.7781992
-2.9528835 17.580015 0.77701074
-2.9528813 17.621094 0.77955252
-2.9528804 17.660122 0.78079754
-2.9528782 17.696457 0.78321034
-2.952877 17.738506 0.78202444
-2.9528751 17.781218 0.78082007
-2.9528735 17.818398 0.77977151
-2.9528723 17.856115 0.7787078
-2.9528704 17.894371 0.7776289
-2.9528692 17.939726 0.77635002
-2.9528675 17.984488 0.77816522
-2.9528656 18.027193 0.7828033
-2.9528642 18.059872 0.78334725
-2.952863 18.094221 0.78244311
-2.9528615 18.135994 0.78134364
-2.9528596 18.1784 0.7802276
-2.952858 18.221449 0.77909446
-2.9528561 18.265163 0.77794379
-2.9528546 18.302092 0.77697194
-2.9528537 18.330919 0.77855122
-1.9397804 19.389166 0.77792257
-1.9012332 19.389162 0.77750397
-1.856672 19.38916 0.77873921
-1.8182608 19.389158 0.77980381
-1.7804165 19.389153 0.78085274
-1.737799 19.389149 0.78203392
-1.695857 19.389145 0.78319645
-1.6596875 19.389143 0.784199
-1.6228696 19.389137 0.77852082
-1.5838705 19.389132 0.77612585
-1.5443234 19.38913 0.77730036
-1.5106201 19.390226 0.77827042
-1.49573 19.427679 0.77765614
-1.4593502 19.433056 0.77858478
-1.416791 19.433056 0.77984864
-1.3795693 19.433054 0.78095406
-1.3383626 19.433048 0.78217757
-1.2978079 19.433046 0.783382
-1.2572043 19.433044 0.78058648
-1.2196505 19.433043 0.77882022
-1.1800933 19.433043 0.77741998
-1.137915 19.433041 0.77875614
-1.0964751 19.433035 0.7800687
-1.0597841 19.433029 0.78123105
-1.0229261 19.433025 0.7813133
-0.98031235 19.433023 0.77921736
-0.93772417 19.433016 0.78060836
-0.90032744 19.433016 0.78109074
-0.86230862 19.433014 0.77865773
-2.9529459 16.030977 0.81880718
-2.9529433 16.060499 0.82218146
-2.9529424 16.100235 0.82152319
-2.9529417 16.140467 0.82031304
-2.9529407 16.181614 0.81907517
-2.9529381 16.220663 0.81790042
-2.9529355 16.260582 0.8202011
-2.9529345 16.301863 0.81968606
-2.9529338 16.339796 0.82146871
-2.9529328 16.379032 0.82036227
-2.9529297 16.419088 0.81923258
-2.9529278 16.459433 0.82107234
-2.9529266 16.501753 0.8206293
-2.9529254 16.540821 0.81956452
-2.9529238 16.58069 0.81847769
-2.9529219 16.621332 0.8173697
-2.9529197 16.65901 0.82021838
-2.952919 16.696791 0.822236
-2.9529176 16.736485 0.82212794
-2.9529157 16.776327 0.82111669
-2.9529142 16.816927 0.8200863
-2.9529116 16.858316 0.81903589
-2.9529111 16.900511 0.81796491
-2.9529085 16.939188 0.81698334
-2.9529076 16.97858 0.82015979
-2.9529057 17.019447 0.82040399
-2.952904 17.059488 0.82243466
-2.952903 17.101044 0.82145804
-2.9529004 17.138639 0.82057446
-2.9528997 17.176865 0.81967628
-2.952898 17.215727 0.81876296
-2.9528961 17.254137 0.8198362
-2.9528949 17.295435 0.82136387
-2.9528928 17.336319 0.8204416
-2.9528916 17.377907 0.81950331
-2.9528894 17.420225 0.81854856
-2.952888 17.463287 0.81757706
-2.9528868 17.50243 0.81849331
-2.9528847 17.540508 0.82053959
-2.952884 17.580015 0.81968528
-2.9528813 17.619164 0.82221645
-2.9528799 17.660961 0.82275301
-2.9528787 17.696457 0.82201886
-2.952877 17.738506 0.82114929
-2.9528754 17.781218 0.82026607
-2.9528739 17.818398 0.81949711
-2.9528723 17.856115 0.81871718
-2.9528706 17.894371 0.81792593
-2.9528692 17.939726 0.81698799
-2.9528675 17.985817 0.81603479
-2.9528656 18.024622 0.81833255
-2.9528644 18.059872 0.81969613
-2.9528627 18.095476 0.82279795
-2.9528615 18.135996 0.82345772
-2.9528596 18.178398 0.82266045
-2.952858 18.221449 0.82185102
-2.9528561 18.265163 0.82102919
-2.9528544 18.302094 0.82033497
-2.9528537 18.331993 0.81977284
-1.9408172 19.389166 0.81993133
-1.9012332 19.389162 0.82071495
-1.8566722 19.38916 0.82159722
-1.8182608 19.389158 0.82235783
-1.7804164 19.389153 0.823107
-1.7377988 19.389149 0.82395071
-1.695857 19.389145 0.81958312
-1.6596875 19.389143 0.82033491
-1.6240357 19.389137 0.81594908
-1.5838705 19.389132 0.81682378
-1.5443234 19.38913 0.81768507
-1.5106202 19.390226 0.81839627
-1.4957299 19.427679 0.8179459
-1.4593502 19.43306 0.81862688
-1.416791 19.433056 0.81955373
-1.3795692 19.433054 0.82036424
-1.3383625 19.433048 0.8212617
-1.2978079 19.433046 0.82214493
-1.2579383 19.433044 0.82301313
-1.2177286 19.433043 0.82124525
-1.1800933 19.433043 0.81997961
-1.1386107 19.433039 0.82014567
-1.096475 19.433035 0.81723726
-1.0597839 19.433029 0.81810892
-1.023683 19.433025 0.81896657
-0.98031229 19.433022 0.81999689
-0.93772399 19.433018 0.8210088
-0.898983 19.433016 0.82087278
-0.8623085 19.433014 0.81838602
-2.9529457 16.029463 0.84795666
-2.9038329 16.025661 0.86733347
-2.9529445 16.060888 0.84921563
-2.9053261 16.059881 0.86995703
-2.9529424 16.101086 0.85132682
-2.903955 16.099892 0.87261206
-2.9529417 16.140467 0.8508088
-2.9066441 16.139389 0.87228411
-2.9529402 16.181612 0.85334635
-2.9055791 16.179035 0.87443727
-2.9529378 16.22127 0.85322171
-2.908164 16.216524 0.87502366
-2.9529355 16.260578 0.85521466
-2.907588 16.259153 0.87691599
-2.9529345 16.301352 0.85559475
-2.9139206 16.291658 0.87636364
-2.9529338 16.339792 0.86080247
-2.9529326 16.379032 0.86010158
-2.9529297 16.419086 0.85938627
-2.9529276 16.459988 0.85865581
-2.9529269 16.501755 0.85790974
-2.9529257 16.540821 0.86097693
-2.952924 16.580687 0.86030227
-2.9529216 16.621332 0.85961461
-2.95292 16.659008 0.86285293
-2.952919 16.697386 0.86223966
-2.9529176 16.736485 0.86161482
-2.9529159 16.776327 0.86097825
-2.9529142 16.816927 0.86032945
-2.9529121 16.858318 0.85966784
-2.9529111 16.900515 0.85899359
-2.952909 16.939188 0.85837567
-2.9529071 16.978579 0.8577463
-2.9529059 17.017944 0.85800695
-2.952904 17.05949 0.86070555
-2.9529028 17.101044 0.86008048
-2.9529011 17.138641 0.85951507
-2.9528995 17.176863 0.85894018
-2.9528985 17.215725 0.8583557
-2.9528961 17.256031 0.86125553
-2.9528947 17.295435 0.86163092
-2.9528928 17.336315 0.86105442
-2.9528918 17.377909 0.86046803
-2.9528892 17.420223 0.85987139
-2.952888 17.463287 0.85926419
-2.9528863 17.500795 0.86007202
-2.9528847 17.540504 0.86287981
-2.9528835 17.580013 0.86235994
-2.9528813 17.620182 0.86183131
-2.9528801 17.660961 0.86129469
-2.952879 17.696457 0.86082745
-2.9528768 17.738506 0.8602742
-2.9528754 17.781218 0.85971212
-2.9528739 17.818399 0.85922271
-2.952873 17.856115 0.85872644
-2.9528706 17.894371 0.85822278
-2.9528694 17.939728 0.85762614
-2.9528673 17.985817 0.85701948
-2.9528656 18.025969 0.85649109
-2.9528642 18.059872 0.85604489
-2.9528632 18.09284 0.85874987
-2.9528613 18.135994 0.86030746
-2.9528596 18.178398 0.85978913
-2.952858 18.221447 0.85926318
-2.9528561 18.265162 0.858729
-2.9528544 18.303152 0.86136597
-2.9528537 18.331993 0.86336076
-1.9408172 19.389166 0.86345595
-1.9025309 19.389162 0.86017519
-1.8566719 19.38916 0.85909814
-1.8182608 19.389158 0.8595925
-1.7804165 19.389154 0.86007947
-1.7377988 19.389147 0.86062795
-1.695857 19.389143 0.85596961
-1.6596875 19.389143 0.85647082
-1.6240357 19.389137 0.85696483
-1.5838706 19.389132 0.85752153
-1.5443234 19.38913 0.8580696
-1.5106202 19.390226 0.85852218
-1.4957299 19.427679 0.8582356
-1.4593502 19.433056 0.85866892
-1.416791 19.433056 0.85925883
-1.3795693 19.433054 0.85977453
-1.3383625 19.433048 0.86034566
-1.2978078 19.433046 0.86090761
-1.2579381 19.433044 0.86146033
-1.2186896 19.433043 0.8620041
-1.1800931 19.433043 0.86253911
-1.1371202 19.433037 0.86202252
-1.0964751 19.433037 0.85905176
-1.0597841 19.433033 0.85959655
-1.023683 19.433029 0.86013258
-0.98031229 19.433023 0.8607766
-0.93772417 19.433016 0.86140907
-0.89970011 19.433016 0.86197358
-0.86230862 19.433014 0.85811454
-2.9027166 16.02549 0.89966846
-2.9027367 16.057697 0.90212816
-2.9026785 16.099663 0.90234131
-2.9026039 16.142235 0.90202194
-2.9025376 16.17997 0.9017387
-2.9025288 16.218546 0.90144819
-2.9027054 16.261065 0.90112561
-2.9029372 16.301458 0.90081811
-2.9035287 16.339653 0.90052277
-2.9042635 16.377916 0.90127623
-2.9529302 16.419086 0.88128829
-2.9035258 16.418129 0.90353405
-2.9529285 16.459986 0.88078851
-2.9048312 16.458422 0.90375757
-2.9529266 16.503349 0.88365078
-2.9035752 16.499977 0.90667349
-2.9529252 16.540821 0.88733023
-2.9051332 16.541121 0.90710521
-2.9529233 16.584349 0.88942176
-2.9045186 16.579512 0.90865159
-2.9529219 16.621332 0.89033812
-2.9053435 16.619013 0.90978014
-2.9529204 16.660393 0.89103204
-2.9054377 16.658001 0.91178834
-2.9529188 16.697384 0.8935352
-2.9054844 16.702122 0.91326219
-2.9529176 16.736483 0.89320439
-2.9087739 16.740597 0.91353714
-2.9529154 16.777664 0.89551854
-2.9059234 16.780832 0.91691101
-2.9529147 16.816929 0.89654827
-2.9093337 16.818632 0.9167943
-2.9529119 16.858315 0.89623702
-2.914983 16.849854 0.91668957
-2.9529111 16.900513 0.90002245
-2.9529088 16.939188 0.89976805
-2.9529071 16.978579 0.89950883
-2.9529057 17.018654 0.89924514
-2.952904 17.059486 0.89897627
-2.952903 17.101044 0.89870292
-2.9529009 17.138641 0.8984555
-2.9528995 17.176865 0.89820403
-2.9528978 17.215725 0.89794838
-2.9528964 17.254366 0.90082896
-2.9528949 17.295435 0.90189797
-2.9528928 17.336319 0.90166742
-2.9528916 17.377909 0.90143269
-2.9528894 17.420225 0.9011941
-2.952888 17.463287 0.90095127
-2.9528866 17.501581 0.90073532
-2.9528847 17.540506 0.90051579
-2.9528837 17.580015 0.90029293
-2.9528816 17.620182 0.90006649
-2.9528799 17.660963 0.89983636
-2.9528782 17.696457 0.89963627
-2.952877 17.738506 0.89939898
-2.9528759 17.781216 0.89915818
-2.9528739 17.818399 0.89894843
-2.9528725 17.856115 0.89873576
-2.9528711 17.894371 0.89851993
-2.9528692 17.939726 0.89826411
-2.9528675 17.985815 0.89800423
-2.9528656 18.025969 0.89777774
-2.9528642 18.059872 0.89758652
-2.952863 18.094221 0.89739275
-2.9528611 18.135994 0.89715719
-2.9528596 18.1784 0.89691806
-2.952858 18.221449 0.89667529
-2.9528558 18.265163 0.89642864
-2.9528544 18.301029 0.8985523
-2.9528534 18.331993 0.90150023
-1.9408171 19.389168 0.9015398
-1.9001083 19.389162 0.89742464
-1.8566722 19.38916 0.89659905
-1.8182607 19.389158 0.89682728
-1.7804166 19.389154 0.89705193
-1.737799 19.389149 0.89730501
-1.6958572 19.389145 0.89755422
-1.6596875 19.389143 0.89776897
-1.6240357 19.389137 0.89798075
-1.5838706 19.389132 0.89821941
-1.5443234 19.38913 0.89845419
-1.5106205 19.390226 0.89864808
-1.4957299 19.427679 0.89852542
-1.45935 19.433056 0.89871103
-1.4167911 19.433056 0.89896381
-1.3795693 19.433054 0.89918488
-1.3383625 19.433048 0.8994295
-1.2978079 19.433046 0.89967054
-1.2579381 19.433044 0.89990729
-1.2186897 19.433043 0.90014046
-1.1800932 19.433043 0.90036976
-1.1379151 19.433039 0.90062016
-1.096475 19.433035 0.90086621
-1.0597841 19.433033 0.90108418
-1.0236831 19.433025 0.9012987
-0.98031235 19.433022 0.90155619
-0.93772411 19.433018 0.90180922
-0.89970016 19.433016 0.90203494
-0.86230868 19.433016 0.89784276
-2.9037123 16.025642 0.94167024
-2.9036756 16.058231 0.94179261
-2.9036293 16.099836 0.94194907
-2.9035795 16.142424 0.94210905
-2.9035339 16.180178 0.94225067
-2.9034877 16.218765 0.94239545
-2.9034362 16.26124 0.94255531
-2.903348 16.301556 0.93921566
-2.9032996 16.33959 0.93932289
-2.9032505 16.378405 0.93943226
-2.9032004 16.41803 0.93954384
-2.9031472 16.458496 0.93965799
-2.9030907 16.499821 0.93977433
-2.903033 16.542034 0.93989336
-2.9029789 16.581528 0.94000441
-2.9029284 16.618132 0.94010758
-2.9028726 16.659191 0.9402234
-2.9028153 16.701069 0.94034123
-2.9027622 16.739902 0.94045073
-2.9027967 16.779514 0.94056207
-2.9029992 16.819963 0.94067544
-2.9032114 16.861208 0.94079071
-2.9034681 16.90097 0.94127232
-2.9045966 16.938772 0.94138223
-2.9529068 16.996271 0.92454976
-2.9045374 16.979464 0.94338107
-2.9529059 17.018654 0.92452872
-2.903976 17.021063 0.9454087
-2.9529042 17.059488 0.92449033
-2.9053543 17.060379 0.94649434
-2.9529023 17.103846 0.92617047
-2.9047103 17.100138 0.94813854
-2.9529011 17.138641 0.92874265
-2.9044101 17.140711 0.95014125
-2.9528995 17.176865 0.92874265
-2.9067872 17.180101 0.95033199
-2.9528978 17.21736 0.93021369
-2.9039996 17.217224 0.95485365
-2.9528964 17.255247 0.9331789
-2.9048014 17.257042 0.9550823
-2.9528952 17.295435 0.93321675
-2.9079819 17.298994 0.95533454
-2.952893 17.336317 0.9332552
-2.9087467 17.328236 0.95699137
-2.9528918 17.377907 0.93784595
-2.9528894 17.420225 0.93792546
-2.952888 17.463287 0.9380064
-2.9528863 17.501581 0.93807846
-2.9528847 17.540506 0.93815166
-2.9528837 17.580015 0.93822581
-2.9528816 17.62018 0.93830138
-2.9528799 17.660961 0.9383781
-2.952879 17.696457 0.93844479
-2.9528773 17.738504 0.93852389
-2.9528761 17.781218 0.93860406
-2.9528742 17.818398 0.93867415
-2.9528725 17.856115 0.93874496
-2.9528711 17.894371 0.93881696
-2.9528694 17.939728 0.93890214
-2.9528673 17.985817 0.93898875
-2.9528656 18.025969 0.93906426
-2.9528642 18.059872 0.93912804
-2.952863 18.094221 0.93919259
-2.9528615 18.135996 0.93927121
-2.9528596 18.178398 0.93935084
-2.952858 18.221449 0.93943173
-2.9509492 18.265644 0.94074976
-2.9485271 18.299076 0.93722486
-2.9174094 18.29833 0.95565146
-2.9528534 18.331993 0.93419117
-2.9169934 18.335299 0.95582318
-2.9165716 18.372707 0.95599693
-1.9408172 19.389166 0.93962377
-1.9012332 19.389162 0.93954539
-1.8566718 19.38916 0.93945718
-1.8182608 19.389158 0.93938118
-1.7804166 19.389153 0.93930626
-1.7377989 19.389149 0.93922186
-1.6958573 19.389143 0.93913877
-1.6596875 19.389143 0.93906718
-1.6240357 19.389133 0.93899655
-1.5838706 19.389132 0.93891716
-1.5443236 19.38913 0.93883878
-1.5106202 19.390226 0.93877417
-1.49573 19.427679 0.93881518
-1.4593502 19.43306 0.93875325
-1.416791 19.433056 0.93866885
-1.3795692 19.433054 0.93859524
-1.3383625 19.433048 0.93851364
-1.2978079 19.433046 0.93843329
-1.2579383 19.433044 0.93835437
-1.2186897 19.433043 0.93827665
-1.1800932 19.433041 0.93820029
-1.1379151 19.433039 0.93811673
-1.0964751 19.433035 0.93803465
-1.0597841 19.433031 0.93796211
-1.0236831 19.433025 0.93789083
-0.98031229 19.433022 0.9378047
-0.93772399 19.433018 0.93772042
-0.89907068 19.433016 0.94135022
-0.86230856 19.433014 0.94198537
-2.9043124 16.025736 0.98046416
-2.9041567 16.058311 0.98095095
-2.9039576 16.099901 0.98157239
-2.9038146 16.142473 0.98220968
-2.9037809 16.180229 0.98277718
-2.9037344 16.218819 0.97994351
-2.903698 16.261301 0.98054188
-2.90365 16.301636 0.97761893
-2.9036169 16.339672 0.97811902
-2.9035826 16.3785 0.97862977
-2.9035482 16.418135 0.97915065
-2.9035127 16.458609 0.9796828
-2.9034765 16.499943 0.9802264
-2.9034376 16.54055 0.97974199
-2.9034047 16.578785 0.98050243
-2.9033594 16.618288 0.97799361
-2.9033232 16.659361 0.97849506
-2.9032865 16.70125 0.97900671
-2.9032524 16.740101 0.97948092
-2.9032171 16.779692 0.97996432
-2.9031818 16.820044 0.98045707
-2.9031456 16.861177 0.98095918
-2.9031126 16.898878 0.98141956
-2.9030786 16.937271 0.98188835
-2.9030409 16.980724 0.98241889
-2.9030054 17.020573 0.98290539
-2.9029591 17.060299 0.98018348
-2.9029188 17.102489 0.97966188
-2.9028854 17.139877 0.98008335
-2.9028518 17.177891 0.98051178
-2.902818 17.216545 0.98094743
-2.9027832 17.255856 0.98139048
-2.9027481 17.295835 0.98184109
-2.9030163 17.337839 0.97983086
-2.9034317 17.378368 0.97827226
-2.9035654 17.420597 0.97870982
-2.9033496 17.462494 0.98010945
-2.9036584 17.500332 0.97838509
-2.9034166 17.540314 0.97994649
-2.9033868 17.579657 0.9803533
-2.9033639 17.619663 0.98076677
-2.9035003 17.660402 0.97642154
-2.9033079 17.700401 0.97776103
-2.9036326 17.741966 0.97607589
-2.9034159 17.780207 0.97754717
-2.9033899 17.817257 0.97789544
-2.9032178 17.859795 0.97928911
-2.9033368 17.902594 0.9787063
-2.9034598 17.942801 0.97791964
-2.9032726 17.984114 0.97946334
-2.9032443 18.024139 0.97983927
-2.9032161 18.064768 0.98022109
-2.9030385 18.104609 0.98201275
-2.9033463 18.138662 0.97918332
-2.9031379 18.176128 0.98126751
-2.9031074 18.219063 0.98167104
-2.9030769 18.262667 0.9820807
-2.9030514 18.299503 0.98242688
-2.9030256 18.336853 0.98277783
-2.9028971 18.380817 0.98467964
-1.9408172 19.389166 0.98314828
-1.9012333 19.389162 0.98275644
-1.8566719 19.38916 0.98231524
-1.8182608 19.389158 0.9819352
-1.7804165 19.389154 0.98156053
-1.737799 19.389149 0.98113859
-1.6958572 19.389145 0.98072344
-1.6596874 19.389143 0.98036546
-1.6240358 19.389135 0.98001248
-1.5838705 19.389132 0.97961491
-1.5443234 19.38913 0.97922337
-1.5106205 19.390226 0.97890002
-1.4957299 19.427679 0.97910482
-1.4593501 19.43306 0.97879517
-1.4167911 19.433056 0.978374
-1.3795693 19.433054 0.97800553
-1.3383625 19.433048 0.97759771
-1.2978079 19.433046 0.97719616
-1.2579381 19.433044 0.97680151
-1.2186896 19.433043 0.97641301
-1.1800934 19.433043 0.98075974
-1.137915 19.433039 0.98030055
-1.0964751 19.433037 0.97984934
-1.0597842 19.433033 0.97944987
-1.0236831 19.433027 0.9790566
-0.98031229 19.433023 0.97858453
-0.93772417 19.433016 0.97812074
-0.90041953 19.433016 0.98110318
-0.86230862 19.433016 0.98171389
-2.9529457 16.030556 1.0240109
-2.9121749 16.026957 1.0032942
-2.9529438 16.060886 1.0248377
-2.9085953 16.05905 1.0039066
-2.9529424 16.099369 1.0267022
-2.9107437 16.101686 1.0068731
-2.9529417 16.140465 1.0270071
-2.9106724 16.13806 1.0090113
-2.9529395 16.181614 1.0281286
-2.9076309 16.178106 1.0098401
-2.9529381 16.220665 1.0291934
-2.9053898 16.219187 1.0072992
-2.9529366 16.258646 1.0324206
-2.9075434 16.26079 1.0111791
-2.952935 16.30135 1.0349325
-2.9065561 16.30068 1.0131205
-2.9529335 16.338322 1.0356486
-2.9051354 16.340075 1.0134373
-2.9529316 16.37903 1.0335106
-2.9052393 16.37962 1.0150502
-2.9529307 16.402262 1.0341437
-2.9066477 16.419043 1.0188684
-2.9054992 16.459215 1.019779
-2.904654 16.500322 1.0207204
-2.9043157 16.5389 1.0216175
-2.9040289 16.579268 1.0205066
-2.9038229 16.618456 1.0196846
-2.9036169 16.658583 1.0194539
-2.9034257 16.701307 1.0176755
-2.9033926 16.740162 1.0185149
-2.9033592 16.779753 1.0193701
-2.9033248 16.820105 1.0202417
-2.90329 16.861244 1.0211306
-2.9032588 16.898943 1.0219448
-2.9032257 16.93734 1.0227743
-2.9031789 16.979959 1.0205455
-2.9031408 17.020639 1.0204067
-2.9030933 17.061993 1.0177536
-2.9030564 17.102562 1.0178556
-2.903024 17.139952 1.0185932
-2.9029918 17.177969 1.0193431
-2.9029586 17.216627 1.0201054
-2.9029255 17.255939 1.0208808
-2.9028912 17.295925 1.0216695
-2.9028459 17.335688 1.0192995
-2.9028051 17.377972 1.0187852
-2.9027903 17.420099 1.019577
-2.9027908 17.462978 1.0203832
-2.9027917 17.501118 1.0211004
-2.902792 17.539883 1.0218291
-2.9027927 17.579241 1.0225691
-2.9027929 17.619255 1.0233214
-2.902776 17.659874 1.0193177
-2.9027772 17.701199 1.0200559
-2.9027667 17.742235 1.0178032
-2.9027598 17.779697 1.0165778
-2.9027603 17.816763 1.0172049
-2.9027607 17.860695 1.0179484
-2.9027607 17.905336 1.0187038
-2.9027612 17.944223 1.0193616
-2.9027615 17.983683 1.0200295
-2.9027617 18.023726 1.0207071
-2.9027622 18.064369 1.0213948
-2.9027622 18.105627 1.0220929
-2.9027624 18.140471 1.0226824
-2.9027631 18.175787 1.02328
-2.9027579 18.217424 1.0225374
-2.9027443 18.262352 1.0194111
-2.9027441 18.29921 1.0200001
-2.9027441 18.33658 1.0205972
-2.9027383 18.377682 1.019694
-1.9408174 19.389168 1.0212322
-1.9012331 19.389162 1.0205661
-1.8566718 19.389158 1.0198162
-1.8182607 19.389156 1.0191698
-1.7804167 19.389154 1.0238148
-1.7377989 19.389149 1.0230554
-1.6958572 19.389145 1.0223081
-1.6596874 19.389143 1.0216637
-1.6240358 19.389135 1.0210283
-1.5838705 19.389132 1.0203125
-1.5443234 19.38913 1.019608
-1.5106205 19.390226 1.019026
-1.49573 19.427679 1.0193946
-1.4593501 19.43306 1.0188372
-1.416791 19.433056 1.0180789
-1.3795692 19.433054 1.017416
-1.3383625 19.433048 1.0166816
-1.2970206 19.433046 1.0173662
-1.2579381 19.433044 1.0200545
-1.2186897 19.433043 1.0193166
-1.1800933 19.433041 1.0233192
-1.137915 19.433041 1.0224843
-1.096475 19.433035 1.0216637
-1.0597841 19.433029 1.0209374
-1.0236831 19.433025 1.0202228
-0.98031235 19.433022 1.0193641
-0.93772411 19.433018 1.0185207
-0.89867246 19.433016 1.019766
-0.86230874 19.433014 1.0214422
-2.9529459 16.030556 1.0601472
-2.9529436 16.060886 1.0612876
-2.9529424 16.099522 1.0618992
-2.9529414 16.140465 1.057503
-2.9529409 16.181614 1.0589727
-2.9529388 16.220661 1.0603676
-2.9529355 16.260126 1.0613482
-2.9529345 16.301353 1.0597103
-2.9529338 16.340317 1.0603704
-2.9529324 16.379034 1.0587993
-2.9529302 16.419085 1.0601547
-2.9529276 16.459045 1.0598258
-2.9529269 16.501753 1.0592242
-2.9529254 16.540821 1.0605094
-2.9529238 16.579565 1.0641283
-2.9166512 16.579044 1.0454514
-2.9529223 16.621332 1.0669987
-2.9121487 16.617788 1.0464422
-2.9529202 16.657742 1.0669353
-2.9070973 16.664564 1.045729
-2.952919 16.697384 1.0656606
-2.9054084 16.702085 1.0448248
-2.9529169 16.736486 1.0669469
-2.9070022 16.742279 1.0479683
-2.9529157 16.776323 1.0722439
-2.9081197 16.780254 1.051554
-2.952914 16.816927 1.0736178
-2.9058707 16.821211 1.0521833
-2.9529121 16.858316 1.0750185
-2.9049134 16.861973 1.0533398
-2.9529107 16.897676 1.0736126
-2.9044778 16.899508 1.0544198
-2.9529092 16.939186 1.0736159
-2.9057403 16.939043 1.0575449
-2.9059279 16.981041 1.0575299
-2.9049823 17.020504 1.0587574
-2.9040048 17.060947 1.0584074
-2.9040072 17.101967 1.0611112
-2.9037058 17.140326 1.061414
-2.9033816 17.177122 1.0605531
-2.9030993 17.216707 1.0592672
-2.9030676 17.256021 1.0603751
-2.9030347 17.296007 1.0615019
-2.9029877 17.337488 1.0591427
-2.9029508 17.378063 1.0593113
-2.9029386 17.420193 1.0604591
-2.9029336 17.461872 1.0595542
-2.9029257 17.501207 1.0580493
-2.9029272 17.539976 1.0590699
-2.9029291 17.579336 1.0601058
-2.9029305 17.619352 1.0611593
-2.9029319 17.659986 1.0622289
-2.9029334 17.701315 1.0633167
-2.9029222 17.744143 1.0609784
-2.9029081 17.778868 1.0574716
-2.9029024 17.816875 1.0565277
-2.9029031 17.860809 1.0576017
-2.9029043 17.905455 1.0586929
-2.9029052 17.944342 1.0596434
-2.9029055 17.983805 1.0606079
-2.9029057 18.023851 1.0615869
-2.9029062 18.064495 1.0625801
-2.9029064 18.105753 1.0635887
-2.9028993 18.139589 1.0621759
-2.9028897 18.1759 1.0600502
-2.9028823 18.220301 1.0589712
-2.9028721 18.262472 1.0567509
-2.9028721 18.29933 1.0575824
-2.9028714 18.336706 1.0584255
-2.9028718 18.374535 1.0592792
-1.9408172 19.389166 1.059316
-1.9012332 19.389162 1.0583758
-1.856672 19.38916 1.057317
-1.8182608 19.389158 1.0564046
-1.7804165 19.389153 1.0607873
-1.737799 19.389147 1.0597326
-1.6958572 19.389145 1.0638926
-1.6596875 19.389143 1.0629617
-1.6240358 19.389135 1.0620441
-1.5838705 19.389132 1.0610104
-1.5443236 19.38913 1.0599926
-1.5106202 19.390226 1.059152
-1.49573 19.427679 1.0596843
-1.4593501 19.43306 1.0588794
-1.4167911 19.433056 1.0577841
-1.3795692 19.433052 1.0568261
-1.3371246 19.433046 1.0579484
-1.2985126 19.433046 1.0606034
-1.2579383 19.433044 1.0633075
-1.2186896 19.433043 1.0622197
-1.1800934 19.433043 1.06115
-1.137915 19.433039 1.0599808
-1.096475 19.433035 1.0588324
-1.0597841 19.433029 1.0578153
-1.0230182 19.433029 1.0606047
-0.98031223 19.433022 1.0601436
-0.93772417 19.433016 1.0589211
-0.90068334 19.433016 1.0594021
-0.86230862 19.433016 1.0611703
-2.9529457 16.030556 1.0995685
-2.9529436 16.06089 1.1010511
-2.9529424 16.100094 1.1005892
-2.9529417 16.140465 1.098164
-2.9529409 16.181614 1.100098
-2.9529383 16.220226 1.1014161
-2.9529357 16.261097 1.0997456
-2.9529345 16.301352 1.0986464
-2.952934 16.339794 1.100381
-2.9529326 16.378208 1.0998526
-2.95293 16.419086 1.1003085
-2.9529274 16.460922 1.1001396
-2.9529269 16.501757 1.1002327
-2.9529254 16.540821 1.098157
-2.952924 16.58069 1.0998436
-2.9529221 16.621334 1.101563
-2.95292 16.659855 1.101465
-2.952919 16.696791 1.0978315
-2.9529176 16.736483 1.0985365
-2.9529159 16.776325 1.1001469
-2.9529142 16.816927 1.101788
-2.9529121 16.857225 1.1019994
-2.9529107 16.90122 1.0976692
-2.952909 16.939188 1.0984514
-2.9529078 16.978579 1.0999695
-2.9529061 17.018654 1.1015141
-2.952904 17.058241 1.1007155
-2.952903 17.101044 1.1003981
-2.9529014 17.138641 1.1018116
-2.9181714 17.152964 1.0880578
-2.9528999 17.175753 1.1062306
-2.912436 17.182577 1.0864054
-2.952898 17.215727 1.1091093
-2.9078567 17.219435 1.0856391
-2.9528968 17.253885 1.1097708
-2.9058466 17.257654 1.0868587
-2.9528952 17.295435 1.1077073
-2.9050407 17.297218 1.0881686
-2.9528933 17.336317 1.1092445
-2.9046328 17.337694 1.0895237
-2.9528913 17.377909 1.1108081
-2.9057844 17.380432 1.0925205
-2.9528899 17.420992 1.1130834
-2.9043665 17.421116 1.092337
-2.9528883 17.463287 1.1140186
-2.9041023 17.464443 1.0902208
-2.9528871 17.498827 1.1130184
-2.9045455 17.500109 1.0913203
-2.9528852 17.540504 1.1122175
-2.9044271 17.539484 1.0908421
-2.952884 17.580015 1.1136659
-2.9064775 17.579563 1.0940214
-2.9528823 17.620182 1.1151385
-2.9068284 17.620564 1.0935861
-2.9528806 17.660963 1.1166335
-2.9059622 17.65885 1.092944
-2.9528792 17.696455 1.1130837
-2.9041476 17.699663 1.0914547
-2.9528775 17.735909 1.1137918
-2.9048603 17.741306 1.0941889
-2.9528759 17.781216 1.1111805
-2.9044433 17.782532 1.0911385
-2.9528742 17.818399 1.1124738
-2.9045694 17.818184 1.0910318
-2.9528725 17.856115 1.1137856
-2.9054358 17.859032 1.0913351
-2.9528711 17.894373 1.1151162
-2.9068184 17.90222 1.0937114
-2.9528694 17.939726 1.1166936
-2.9072158 17.943016 1.09373
-2.9528675 17.988472 1.1142856
-2.904171 17.984873 1.0911126
-2.9528661 18.023272 1.1134064
-2.9041107 18.02219 1.0912087
-2.9528642 18.059872 1.110487
-2.9046152 18.059172 1.0933561
-2.952863 18.094223 1.1116171
-2.9048893 18.100594 1.0946113
-2.9528611 18.135994 1.1129915
-2.9052718 18.140394 1.0940815
-2.9528596 18.178398 1.1143866
-2.9056678 18.178434 1.0917326
-2.952858 18.221449 1.1158029
-2.9060392 18.219971 1.0916284
-2.9528561 18.265163 1.117241
-2.9068847 18.260748 1.092828
-2.9528544 18.304571 1.1149194
-2.9039402 18.30035 1.0898545
-2.9528534 18.331993 1.1139914
-2.9041719 18.337963 1.0909225
-2.9044087 18.376045 1.0920041
-1.940817 19.389166 1.1028408
-1.9012332 19.389162 1.1015868
-1.8566722 19.38916 1.1001753
-1.8182608 19.389158 1.0989586
-1.7804165 19.389153 1.0977597
-1.737799 19.389149 1.0964097
-1.695857 19.389145 1.1002792
-1.6587542 19.389143 1.1028179
-1.6240357 19.389135 1.10306
-1.5838705 19.389132 1.1017081
-1.5443234 19.38913 1.1003771
-1.5106205 19.390226 1.0992779
-1.49573 19.427679 1.099974
-1.4593501 19.43306 1.0989215
-1.416791 19.433056 1.0974891
-1.3795693 19.433054 1.0962365
-1.3395466 19.433046 1.1014707
-1.2978081 19.433046 1.1031754
-1.2579383 19.433044 1.1017547
-1.2186896 19.433043 1.100356
-1.1800932 19.433043 1.0989805
-1.137915 19.433041 1.0974777
-1.096475 19.433037 1.1006469
-1.0597842 19.433033 1.0993031
-1.0244426 19.433025 1.1014906
-0.98031217 19.433022 1.1009233
-0.93772411 19.433018 1.0993215
-0.89867264 19.433016 1.0998707
-0.86230856 19.433016 1.100899
-2.9529459 16.030556 1.1389898
-2.9529436 16.060886 1.1408148
-2.9529421 16.100235 1.1403005
-2.9529417 16.140465 1.1388251
-2.9529407 16.181614 1.1412233
-2.9529386 16.220663 1.14003
-2.9529355 16.26058 1.138823
-2.9529345 16.301352 1.1411223
-2.9529338 16.339792 1.1397148
-2.9529324 16.379808 1.1393794
-2.9529295 16.419086 1.1404622
-2.9529278 16.459988 1.1390033
-2.9529269 16.501753 1.1412413
-2.9529262 16.540821 1.1395698
-2.9529243 16.580099 1.1385684
-2.9529223 16.621332 1.1399673
-2.95292 16.659008 1.1419153
-2.952919 16.697386 1.1399821
-2.9529178 16.736483 1.1380233
-2.9529159 16.776327 1.1400082
-2.9529142 16.816927 1.1420311
-2.9529123 16.858316 1.1400203
-2.9529111 16.900511 1.1379895
-2.952909 16.939188 1.1398437
-2.9529078 16.978582 1.1417322
-2.9529064 17.017862 1.1406379
-2.9529037 17.06068 1.1386359
-2.9529033 17.101044 1.1390204
-2.9529009 17.138641 1.1407521
-2.9528997 17.175793 1.1405205
-2.952898 17.215727 1.1399035
-2.9528966 17.256124 1.1404175
-2.9528952 17.295433 1.1390259
-2.9528928 17.336319 1.1408323
-2.9528918 17.377907 1.138118
-2.9528894 17.420225 1.139948
-2.9528885 17.463289 1.1418101
-2.9528866 17.502371 1.140162
-2.9528852 17.539621 1.1394134
-2.952884 17.580015 1.1373742
-2.9528818 17.620182 1.1390353
-2.9528806 17.660963 1.1407222
-2.952879 17.696457 1.1421902
-2.9528773 17.739576 1.1425301
-2.9528761 17.78027 1.137689
-2.9528744 17.818398 1.1373023
-2.9528725 17.856115 1.1387913
-2.9528711 17.894371 1.1403018
-2.9528692 17.939726 1.1420923
-2.9528675 17.985819 1.1439121
-2.9528656 18.027317 1.1383193
-2.9528644 18.059872 1.1364504
-2.9528627 18.094221 1.137742
-2.9528615 18.135994 1.1393127
-2.9528599 18.1784 1.1409072
-2.952858 18.221447 1.1425258
-2.9528563 18.263697 1.1408789
-2.9528549 18.302092 1.1401377
-2.9528534 18.331993 1.1412338
-1.9408171 19.389168 1.1409247
-1.9012332 19.389162 1.1393964
-1.856672 19.38916 1.1430334
-1.8182607 19.389158 1.1415124
-1.7804165 19.389153 1.1400139
-1.7377989 19.389149 1.1383263
-1.6958572 19.389145 1.1366657
-1.6607139 19.389143 1.1383685
-1.6230226 19.389135 1.1430054
-1.5838705 19.389132 1.1424059
-1.5443233 19.38913 1.1407619
-1.5106205 19.390226 1.1394038
-1.49573 19.427679 1.1402637
-1.4593501 19.433058 1.1389637
-1.4167911 19.433056 1.1371942
-1.3787552 19.433052 1.1370578
-1.3383625 19.433048 1.1437047
-1.2978079 19.433046 1.1419382
-1.2579381 19.433044 1.1402018
-1.2186896 19.433043 1.1384923
-1.1792843 19.433043 1.1378978
-1.137915 19.433041 1.1396612
-1.096475 19.433035 1.1424613
-1.0597841 19.433029 1.1407906
-1.023683 19.433025 1.139147
-0.97900999 19.433022 1.1396234
-0.93772417 19.433018 1.1397216
-0.90068328 19.433016 1.1395426
-0.86230862 19.433016 1.1406273
-2.9529457 16.030556 1.1784112
-2.9529438 16.060888 1.180578
-2.9529424 16.100233 1.1800288
-2.9529417 16.140465 1.1794863
-2.9529409 16.180868 1.1814363
-2.9529386 16.221096 1.1786597
-2.9529355 16.26058 1.1808389
-2.9529345 16.301352 1.1800586
-2.952934 16.339796 1.1790488
-2.9529326 16.37825 1.1805133
-2.9529305 16.419086 1.1806158
-2.9529276 16.459986 1.1795799
-2.9529269 16.501186 1.1792045
-2.9529259 16.540821 1.1809821
-2.9529245 16.581207 1.1802636
-2.9529223 16.621332 1.1783718
-2.9529204 16.65901 1.180674
-2.952919 16.697985 1.1821492
-2.9529178 16.736483 1.1775103
-2.9529157 16.776325 1.1798697
-2.9529142 16.816927 1.1822741
-2.9529121 16.858665 1.1789812
-2.9529111 16.900513 1.1790185
-2.952909 16.939188 1.181236
-2.9529076 16.977377 1.1811433
-2.9529061 17.019361 1.1782887
-2.952904 17.059486 1.1796297
-2.9529033 17.101046 1.1819344
-2.9529011 17.138641 1.1796929
-2.9528999 17.177935 1.1794064
-2.9528985 17.215725 1.1794963
-2.9528964 17.254457 1.1806346
-2.9528954 17.295433 1.179293
-2.952893 17.336321 1.1814452
-2.9528921 17.377907 1.1790829
-2.9528906 17.41938 1.1802574
-2.9528885 17.463287 1.1788652
-2.9528873 17.501581 1.1808091
-2.9528854 17.541496 1.1814468
-2.9528842 17.580015 1.1800486
-2.9528818 17.620182 1.1772703
-2.9528806 17.660963 1.1792637
-2.9528792 17.696455 1.1809989
-2.9528773 17.738506 1.1830544
-2.9528759 17.781216 1.180204
-2.9528742 17.818399 1.1770281
-2.9528725 17.856115 1.1788007
-2.9528713 17.894371 1.1805989
-2.9528692 17.939728 1.1827304
-2.9528675 17.984488 1.1817567
-2.9528656 18.025969 1.1764623
-2.9528644 18.059872 1.177992
-2.9528627 18.094221 1.1795419
-2.9528615 18.135996 1.1814268
-2.9528596 18.178398 1.18334
-2.952858 18.221449 1.1799378
-2.9528558 18.266497 1.1780063
-2.9528544 18.302092 1.1780803
-2.9528537 18.331993 1.1793733
-1.9408172 19.389166 1.1790085
-1.9012332 19.389162 1.177206
-1.8566719 19.38916 1.1805344
-1.8171723 19.389158 1.1808197
-1.7804166 19.389154 1.1822683
-1.7377989 19.389149 1.1802434
-1.6958573 19.389143 1.1782503
-1.6596874 19.389143 1.1765317
-1.6240386 19.389139 1.1799563
-1.5838705 19.389132 1.1831037
-1.5443232 19.38913 1.1811464
-1.5106202 19.390226 1.1795298
-1.4957299 19.427679 1.1805534
-1.4593502 19.43306 1.1790057
-1.4167911 19.433056 1.1768994
-1.3795674 19.433052 1.1799771
-1.3383625 19.433048 1.1827886
-1.2978079 19.433046 1.180701
-1.2579381 19.433044 1.1786487
-1.2179273 19.433043 1.1779876
-1.1808013 19.433043 1.1801931
-1.137915 19.433041 1.1818449
-1.0964749 19.433035 1.1796298
-1.0597841 19.433031 1.1776685
-1.0236831 19.433023 1.1803128
-0.98161465 19.433022 1.1800311
-0.93772423 19.433018 1.180122
-0.89867246 19.433016 1.1799753
-0.86230874 19.433016 1.1803555
-2.9529464 16.030554 1.2178324
-2.9529436 16.060886 1.2203416
-2.9529424 16.100235 1.2197578
-2.9529419 16.140465 1.2201475
-2.9529409 16.181616 1.2200383
-2.952939 16.220661 1.2197032
-2.9529359 16.259602 1.2209305
-2.9529345 16.301353 1.2189949
-2.952934 16.338913 1.2202606
-2.9529324 16.37986 1.2200736
-2.9529302 16.418604 1.2202095
-2.9529283 16.459988 1.2201564
-2.9529269 16.502258 1.2200972
-2.9529257 16.540821 1.2186297
-2.9529243 16.58069 1.2215154
-2.9529216 16.620533 1.219184
-2.9529202 16.659008 1.2194327
-2.952919 16.697386 1.2221382
-2.9529181 16.735878 1.2178633
-2.9529159 16.776325 1.2197312
-2.9529142 16.816927 1.2225174
-2.9529121 16.859011 1.217952
-2.9529114 16.900513 1.2200474
-2.9529095 16.938501 1.2217087
-2.9529073 16.979731 1.2184278
-2.9529064 17.018654 1.2195044
-2.952904 17.058725 1.2213917
-2.952903 17.101044 1.2205567
-2.9529006 17.138641 1.2186334
-2.9528999 17.176865 1.2210405
-2.9528983 17.215725 1.2190889
-2.9528964 17.256124 1.2202864
-2.9528956 17.295431 1.2195603
-2.952893 17.335171 1.2199782
-2.9528923 17.377909 1.2200477
-2.9528904 17.421167 1.2212954
-2.9528887 17.462429 1.219523
-2.9528868 17.501583 1.2181522
-2.9528852 17.540506 1.2204207
-2.952884 17.580013 1.2227232
-2.9528816 17.619268 1.2192228
-2.9528809 17.660963 1.2178055
-2.952879 17.696457 1.2198073
-2.9528773 17.738506 1.2221791
-2.9528759 17.781216 1.2212931
-2.9528739 17.818398 1.2167538
-2.9528725 17.856115 1.21881
-2.9528706 17.894371 1.2208958
-2.9528694 17.939726 1.2233686
-2.9528673 17.987024 1.2170926
-2.9528656 18.025969 1.2177488
-2.9528644 18.059872 1.2195334
-2.952863 18.094221 1.2213418
-2.9528615 18.134718 1.2220341
-2.9528596 18.178398 1.2204688
-2.952858 18.221449 1.21735
-2.9528561 18.265163 1.2195691
-2.9528544 18.302094 1.2214434
-2.9528537 18.331993 1.2229612
-1.9408174 19.389166 1.2225332
-1.9012333 19.389162 1.2204171
-1.8566722 19.389158 1.2180352
-1.8192506 19.389158 1.2174824
-1.7791789 19.389153 1.2207936
-1.7377989 19.389149 1.2221602
-1.695857 19.389145 1.2198349
-1.6596875 19.389143 1.2178298
-1.6250466 19.389135 1.2169319
-1.5838705 19.389132 1.2238015
-1.5443233 19.38913 1.2215309
-1.5106202 19.390226 1.2196558
-1.49573 19.427679 1.2208432
-1.4593501 19.433056 1.2190479
-1.4167911 19.433056 1.2166044
-1.3803854 19.433054 1.2229155
-1.3383625 19.433048 1.2218726
-1.2978079 19.433046 1.2194639
-1.2571026 19.433044 1.2181865
-1.2193716 19.433043 1.220574
-1.1800933 19.433041 1.2219301
-1.137915 19.433041 1.2193415
-1.0953554 19.433037 1.2188359
-1.0597842 19.433035 1.2191563
-1.023683 19.433025 1.2214789
-0.98031229 19.433022 1.2187312
-0.93772423 19.433016 1.2205219
-0.90068334 19.433016 1.2196833
-0.86230868 19.433016 1.2200838
-2.9529459 16.030134 1.2589805
-2.9529436 16.060886 1.260105
-2.9529424 16.100235 1.2599652
-2.9529419 16.140467 1.2608083
-2.9529407 16.182354 1.2586653
-2.9529395 16.220224 1.2607328
-2.9529357 16.261536 1.2592951
-2.9529345 16.300604 1.2603605
-2.952934 16.340677 1.2594138
-2.9529324 16.37825 1.259976
-2.9529307 16.419632 1.2602605
-2.9529281 16.459175 1.2595757
-2.9529269 16.501753 1.2605388
-2.9529262 16.540325 1.2593498
-2.9529243 16.580688 1.2595378
-2.9529216 16.622164 1.2612181
-2.9529202 16.65901 1.2581913
-2.952919 16.697386 1.2612575
-2.9529185 16.736179 1.258883
-2.9529159 16.776325 1.2595925
-2.9529142 16.816242 1.2620338
-2.9529121 16.858318 1.2578633
-2.9529111 16.900513 1.2610762
-2.9529092 16.939188 1.2598748
-2.952908 16.978579 1.2586677
-2.9529064 17.018654 1.2616436
-2.9529042 17.060362 1.2594711
-2.9529033 17.101044 1.2591792
-2.9529011 17.137894 1.2609326
-2.9528997 17.176865 1.2603046
-2.952898 17.215725 1.2586815
-2.9528966 17.254456 1.2604752
-2.9528956 17.295433 1.2598273
-2.9528933 17.337463 1.2602382
-2.9528921 17.377083 1.2599941
-2.9528906 17.420225 1.2593249
-2.9528885 17.464249 1.2609376
-2.9528871 17.501581 1.2601634
-2.9528852 17.540506 1.2580565
-2.9528837 17.580015 1.2606564
-2.9528818 17.621201 1.2619561
-2.9528806 17.660059 1.2581384
-2.9528792 17.696457 1.2586161
-2.9528773 17.738506 1.261304
-2.9528756 17.782164 1.2621937
-2.9528742 17.818399 1.2564794
-2.9528725 17.856115 1.2588192
-2.9528706 17.894371 1.2611928
-2.9528694 17.938417 1.2629058
-2.9528675 17.985817 1.2566198
-2.9528656 18.025969 1.2590355
-2.9528644 18.059872 1.261075
-2.952863 18.094221 1.2631416
-2.9528613 18.137398 1.2583627
-2.9528596 18.178398 1.2575976
-2.9528577 18.221449 1.2601067
-2.9528561 18.265162 1.2626543
-2.9528549 18.302092 1.2593862
-2.9528534 18.331993 1.2611006
-1.9408171 19.389168 1.2606171
-1.8996286 19.389162 1.2612101
-1.8566722 19.38916 1.2608935
-1.8182608 19.389158 1.258536
-1.7814891 19.389153 1.2573321
-1.7362891 19.389147 1.261731
-1.6958573 19.389145 1.2614198
-1.6596874 19.389143 1.2591282
-1.6240357 19.389135 1.2568696
-1.5824473 19.389132 1.2622217
-1.5443234 19.38913 1.2619156
-1.5106202 19.390226 1.2597817
-1.49573 19.427679 1.2611328
-1.4593501 19.433056 1.2590899
-1.4167911 19.433056 1.2563096
-1.3795692 19.433052 1.2637302
-1.3383625 19.433048 1.2609565
-1.2978079 19.433046 1.2582269
-1.2575365 19.433044 1.2594398
-1.2186896 19.433043 1.2624353
-1.1800932 19.433043 1.2597607
-1.1367755 19.433043 1.258884
-1.0975459 19.433037 1.2602998
-1.0597841 19.433031 1.2606438
-1.022926 19.433023 1.2591021
-0.98031235 19.433023 1.2595108
-0.93772423 19.433018 1.2609224
-0.89867246 19.433016 1.2600799
-0.86230874 19.433016 1.2598121
-2.9529462 16.030668 1.3007562
-2.9529436 16.060886 1.2998685
-2.9529424 16.10037 1.2996856
-2.9529417 16.140039 1.3010103
-2.9529409 16.181614 1.2988703
-2.952939 16.220306 1.3005508
-2.9529359 16.260578 1.2998846
-2.9529347 16.301641 1.2997853
-2.9529338 16.339333 1.3000674
-2.9529326 16.379858 1.2995696
-2.9529302 16.418293 1.2999234
-2.9529281 16.460848 1.3000034
-2.9529266 16.500797 1.2997581
-2.9529262 16.541374 1.3006341
-2.9529245 16.579775 1.2988976
-2.9529223 16.621332 1.3012663
-2.9529204 16.658167 1.2985922
-2.952919 16.697386 1.3003772
-2.9529181 16.736483 1.2999113
-2.9529157 16.776325 1.2994542
-2.9529142 16.816927 1.3013874
-2.9529121 16.858316 1.2984955
-2.9529114 16.899801 1.3013576
-2.9529095 16.939871 1.2980607
-2.9529078 16.97858 1.3004302
-2.9529064 17.017862 1.3007393
-2.952904 17.05949 1.2986947
-2.9529033 17.100306 1.3011266
-2.9529011 17.139481 1.2996321
-2.9528997 17.176867 1.2995684
-2.9528983 17.214638 1.3006272
-2.9528966 17.256124 1.3001553
-2.9528956 17.295435 1.3000941
-2.9528933 17.336319 1.2987713
-2.9528921 17.378832 1.3007056
-2.9528904 17.41938 1.2996136
-2.9528885 17.463287 1.2992947
-2.9528868 17.501583 1.3021744
-2.9528852 17.539618 1.2993374
-2.952884 17.580015 1.2985891
-2.9528818 17.620182 1.3015344
-2.9528806 17.6618 1.3011407
-2.952879 17.696457 1.2974247
-2.9528773 17.738504 1.3004289
-2.9528761 17.781214 1.30348
-2.9528739 17.818398 1.296205
-2.9528725 17.856115 1.2988285
-2.9528713 17.894371 1.3014897
-2.9528694 17.939295 1.3008783
-2.9528675 17.985819 1.2976047
-2.9528656 18.025969 1.3003221
-2.9528644 18.059872 1.3026166
-2.9528632 18.09284 1.3017092
-2.9528615 18.135996 1.2972401
-2.9528599 18.178398 1.3000306
-2.9528577 18.221449 1.3028632
-2.9528561 18.265162 1.300354
-2.9528546 18.302092 1.2973288
-2.9528537 18.331993 1.2992401
-1.9408172 19.389166 1.2987009
-1.9028378 19.389162 1.2984546
-1.8550937 19.38916 1.3013414
-1.8182608 19.389158 1.3010899
-1.7804166 19.389154 1.2984675
-1.739309 19.389147 1.29786
-1.6958573 19.389145 1.3030043
-1.6596874 19.389143 1.3004264
-1.6240361 19.389137 1.2978854
-1.584204 19.389132 1.2987683
-1.5443233 19.38913 1.3023
-1.5106201 19.390226 1.2999077
-1.49573 19.427679 1.3014226
-1.4593501 19.43306 1.2991319
-1.415965 19.433056 1.2974099
-1.3795693 19.433054 1.3031405
-1.3383625 19.433048 1.3000405
-1.2978079 19.433046 1.2969894
-1.2591376 19.433044 1.301504
-1.2186896 19.433043 1.3005716
-1.1792841 19.433043 1.2986507
-1.1390049 19.433043 1.3007331
-1.0964751 19.433035 1.3004274
-1.0590713 19.433033 1.2988176
-1.0243453 19.433023 1.3000497
-0.98031229 19.433022 1.3002903
-0.93708396 19.433018 1.3005193
-0.90068328 19.433016 1.2998236
-0.86230868 19.433016 1.2995405
-2.9529464 16.030558 1.3410206
-2.9529438 16.060886 1.3396323
-2.9529424 16.100233 1.339424
-2.9529417 16.140181 1.3406869
-2.9529409 16.181614 1.3399957
-2.952939 16.22102 1.3397472
-2.9529359 16.259626 1.3404437
-2.9529345 16.301804 1.3398963
-2.952934 16.339794 1.3399544
-2.9529331 16.378557 1.3400198
-2.9529305 16.419931 1.3399466
-2.9529281 16.459045 1.3401062
-2.9529269 16.502716 1.3406169
-2.9529259 16.540821 1.3391023
-2.9529245 16.581018 1.339988
-2.9529221 16.621334 1.3396709
-2.95292 16.659288 1.3403234
-2.9529192 16.697386 1.3394965
-2.9529181 16.736786 1.3409481
-2.9529159 16.776327 1.3393155
-2.9529145 16.816586 1.3408585
-2.9529121 16.858316 1.3391275
-2.9529114 16.900156 1.3406987
-2.9529095 16.939188 1.338527
-2.9529078 16.977844 1.3414255
-2.9529064 17.019363 1.3384436
-2.952904 17.059488 1.341218
-2.952903 17.101868 1.3395237
-2.9529011 17.138641 1.3397816
-2.9528997 17.176014 1.3400363
-2.952899 17.216816 1.3399134
-2.9528968 17.254457 1.3403161
-2.9528954 17.295433 1.3403612
-2.9528937 17.336319 1.3393843
-2.9528923 17.376986 1.3396466
-2.9528904 17.421167 1.3406953
-2.9528887 17.462429 1.3399315
-2.9528868 17.501581 1.3395176
-2.9528852 17.541494 1.3414309
-2.9528842 17.57914 1.338271
-2.9528818 17.620184 1.3397694
-2.9528809 17.660963 1.3430662
-2.9528792 17.695541 1.3380227
-2.9528773 17.738508 1.3395536
-2.9528759 17.781218 1.342926
-2.9528742 17.81744 1.3377622
-2.9528725 17.856115 1.3388377
-2.9528711 17.894371 1.3417867
-2.9528692 17.939728 1.3401905
-2.9528675 17.985815 1.3385893
-2.9528656 18.02597 1.3416089
-2.9528644 18.058897 1.3418566
-2.9528627 18.095476 1.3378048
-2.9528615 18.135996 1.3393542
-2.9528596 18.178398 1.3424634
-2.952858 18.221449 1.3402753
-2.9528561 18.265163 1.3380536
-2.9528544 18.302094 1.3406919
-2.9528537 18.331993 1.3428282
-1.9408172 19.389166 1.3422256
-1.9012332 19.389162 1.3392477
-1.8582506 19.38916 1.3383052
-1.8172702 19.389158 1.3421135
-1.7804165 19.389156 1.3407217
-1.7377989 19.389149 1.3374312
-1.6943711 19.389145 1.342239
-1.6596875 19.389143 1.3417245
-1.624036 19.389133 1.3389013
-1.5838704 19.389132 1.3382567
-1.5443234 19.38913 1.3426846
-1.5106202 19.390226 1.3400335
-1.4957299 19.427679 1.3417125
-1.4593502 19.43306 1.3391743
-1.416791 19.433056 1.3381941
-1.3795693 19.433054 1.3425509
-1.3383625 19.433048 1.3391244
-1.2968152 19.433046 1.3383567
-1.2579383 19.433044 1.3420489
-1.2186896 19.433043 1.3387079
-1.1800907 19.433043 1.3401448
-1.1379151 19.433041 1.3412058
-1.0956939 19.433035 1.3386302
-1.0604219 19.433033 1.3400337
-1.023683 19.433025 1.340403
-0.97919476 19.433023 1.3396704
-0.9384557 19.43302 1.3407168
-0.89867252 19.433016 1.3401845
-0.86230868 19.433016 1.3392692
-2.9529464 16.030884 1.3812088
-2.9529438 16.060888 1.3793956
-2.9529426 16.100235 1.3796312
-2.9529419 16.140324 1.3803687
-2.9529409 16.181177 1.3806467
-2.9529395 16.221094 1.3795844
-2.9529359 16.260738 1.3798995
-2.9529345 16.300602 1.3806852
-2.952934 16.340258 1.3798568
-2.9529326 16.379036 1.3803227
-2.9529307 16.418167 1.3796135
-2.9529278 16.460926 1.380554
-2.9529269 16.501755 1.379836
-2.9529262 16.540052 1.3790798
-2.9529245 16.581282 1.3805366
-2.9529219 16.62076 1.3788953
-2.9529202 16.659594 1.3813856
-2.952919 16.697386 1.3786157
-2.9529181 16.736483 1.3812571
-2.9529159 16.776327 1.3791771
-2.9529145 16.816927 1.3802612
-2.9529121 16.858316 1.3797598
-2.9529111 16.900511 1.3800497
-2.9529095 16.939186 1.3799192
-2.952908 16.978199 1.3806392
-2.9529064 17.018654 1.3796339
-2.9529045 17.058243 1.3812915
-2.9529033 17.101044 1.3793381
-2.9529021 17.137589 1.3810182
-2.9529002 17.177626 1.3790854
-2.9528987 17.214952 1.3808547
-2.9528968 17.256124 1.3800243
-2.9528956 17.294632 1.3796072
-2.9528937 17.336319 1.3799973
-2.9528921 17.378736 1.3803872
-2.9528904 17.420225 1.3787018
-2.9528885 17.464249 1.3813905
-2.9528871 17.500734 1.3785757
-2.9528852 17.540506 1.3803731
-2.952884 17.580828 1.3806212
-2.9528818 17.620182 1.3780044
-2.9528806 17.660963 1.381608
-2.9528792 17.696455 1.379886
-2.9528773 17.738504 1.3786787
-2.9528761 17.781214 1.3823723
-2.9528742 17.818399 1.3789592
-2.9528725 17.856115 1.3788471
-2.9528711 17.894371 1.3820839
-2.9528692 17.940163 1.3795115
-2.9528677 17.985817 1.3795738
-2.9528656 18.025969 1.3828955
-2.9528642 18.060846 1.3776158
-2.952863 18.094221 1.3780912
-2.9528615 18.135996 1.3814682
-2.9528596 18.176975 1.3815948
-2.952858 18.221447 1.3776875
-2.9528561 18.265163 1.3811392
-2.9528546 18.301029 1.3816452
-2.9528534 18.331993 1.3809675
-1.9408171 19.389168 1.3803096
-1.9001086 19.389162 1.3812813
-1.8566722 19.38916 1.3787532
-1.819351 19.389156 1.3788383
-1.779341 19.389154 1.381825
-1.737799 19.389149 1.3793479
-1.6973432 19.389145 1.3781272
-1.6596875 19.389143 1.3830227
-1.6240357 19.389135 1.379917
-1.5848656 19.389132 1.3775194
-1.5443236 19.38913 1.3830694
-1.5106205 19.390226 1.3801594
-1.4957299 19.427679 1.3820022
-1.4593502 19.433062 1.3792163
-1.4165144 19.433056 1.3791876
-1.3795693 19.433054 1.3819612
-1.3383625 19.433048 1.3782085
-1.2980698 19.433046 1.3805175
-1.2579383 19.433044 1.3804959
-1.2179273 19.433043 1.3781714
-1.1809055 19.433043 1.3816576
-1.1379151 19.433041 1.3787024
-1.0971584 19.433037 1.3802475
-1.0597841 19.433029 1.3804971
-1.0226438 19.433023 1.3798721
-0.98151577 19.433022 1.3802202
-0.93667907 19.433018 1.379566
-0.90068334 19.433016 1.3799639
-0.8616035 19.433016 1.3799735
-2.9529464 16.030558 1.4215096
-2.9529436 16.060499 1.4196422
-2.9529428 16.100233 1.4198384
-2.9529419 16.140465 1.420055
-2.9529409 16.181164 1.4202939
-2.9529395 16.220226 1.4200495
-2.9529357 16.261354 1.4199035
-2.9529347 16.301641 1.420143
-2.952934 16.338911 1.4204593
-2.9529326 16.37903 1.4200628
-2.9529302 16.420008 1.4196588
-2.9529281 16.459433 1.4199922
-2.9529269 16.500927 1.4196415
-2.9529262 16.54162 1.4203478
-2.9529243 16.580101 1.4198934
-2.9529221 16.621054 1.4195693
-2.9529204 16.659012 1.4209776
-2.952919 16.696791 1.418565
-2.9529181 16.736485 1.4207438
-2.9529159 16.776327 1.4190384
-2.9529145 16.816927 1.4205043
-2.9529121 16.858315 1.4203918
-2.9529111 16.900866 1.4194107
-2.952909 16.939188 1.4213116
-2.9529073 16.979731 1.4189407
-2.9529064 17.017942 1.4208053
-2.952904 17.060682 1.4193633
-2.9529035 17.100306 1.4212662
-2.9529021 17.139694 1.4196936
-2.9529002 17.176104 1.4207206
-2.952899 17.216593 1.4202449
-2.9528968 17.254456 1.4201568
-2.9528956 17.296331 1.4196676
-2.9528937 17.335506 1.4195734
-2.9528921 17.377907 1.4203199
-2.9528904 17.41938 1.4189699
-2.9528885 17.463287 1.419724
-2.9528868 17.502369 1.4202802
-2.9528854 17.53952 1.4192915
-2.952884 17.580015 1.4218715
-2.9528818 17.618898 1.4187654
-2.9528806 17.660963 1.4201497
-2.9528794 17.697374 1.4217707
-2.9528773 17.738506 1.4178035
-2.9528759 17.781218 1.4218181
-2.9528742 17.818398 1.4186848
-2.9528725 17.856115 1.4188565
-2.9528711 17.894371 1.4223808
-2.9528692 17.939726 1.4189299
-2.9528677 17.985817 1.4205586
-2.9528656 18.024742 1.4226604
-2.9528644 18.059872 1.4168559
-2.952863 18.094221 1.4198912
-2.9528615 18.134718 1.4220301
-2.9528596 18.179691 1.4182757
-2.952858 18.221449 1.420444
-2.9528563 18.263697 1.420862
-2.9528546 18.303152 1.4189873
-2.9528537 18.331993 1.419107
-1.940817 19.389166 1.4183935
-1.9025309 19.389162 1.4187179
-1.8566722 19.38916 1.4216115
-1.8182608 19.389158 1.4181132
-1.7804196 19.389154 1.4199398
-1.737799 19.389149 1.4212648
-1.695857 19.389145 1.417362
-1.658754 19.389143 1.4228215
-1.6240358 19.389135 1.4209328
-1.5838704 19.389132 1.4171159
-1.5433412 19.38913 1.422346
-1.5106205 19.390226 1.4202853
-1.4957299 19.427679 1.4222918
-1.4593502 19.43306 1.4192584
-1.4167911 19.433056 1.4200838
-1.3795693 19.433054 1.4213716
-1.3374989 19.433048 1.4183661
-1.2985973 19.433046 1.4216194
-1.2579383 19.433044 1.4189433
-1.2186878 19.433043 1.4197416
-1.1800933 19.433043 1.420541
-1.1368239 19.433041 1.4191381
-1.0964751 19.433035 1.421225
-1.0588855 19.433035 1.4198372
-1.0247693 19.433027 1.4207666
-0.97911161 19.433022 1.4197066
-0.93872392 19.433016 1.4196994
-0.89867252 19.433016 1.4202892
-0.86292577 19.433016 1.4195267
-2.9529464 16.030556 1.4609309
-2.9529438 16.060886 1.4598649
-2.9529426 16.100237 1.4600457
-2.9529419 16.140608 1.4597461
-2.9529412 16.181612 1.4599345
-2.952939 16.2204 1.4604441
-2.9529359 16.259804 1.4599562
-2.9529347 16.301802 1.4602593
-2.9529343 16.340675 1.4597052
-2.9529326 16.379036 1.4598018
-2.9529302 16.418165 1.4599018
-2.9529278 16.459982 1.459922
-2.9529269 16.502636 1.4605685
-2.9529259 16.540821 1.4595751
-2.9529247 16.580231 1.4598006
-2.9529219 16.622164 1.4609621
-2.9529204 16.659008 1.4597362
-2.952919 16.697086 1.4592171
-2.9529178 16.737091 1.460979
-2.9529159 16.776327 1.4589
-2.9529145 16.816929 1.4599423
-2.9529121 16.858315 1.4610242
-2.9529111 16.901224 1.4587814
-2.9529095 16.938501 1.4617471
-2.9529078 16.97858 1.4591283
-2.9529068 17.018654 1.4596919
-2.952904 17.059486 1.460283
-2.9529035 17.101868 1.4597043
-2.9529018 17.138641 1.4609301
-2.9529002 17.177715 1.4597974
-2.952899 17.214954 1.4600271
-2.9528968 17.256124 1.4598932
-2.9528956 17.294632 1.4601279
-2.952894 17.337231 1.4599924
-2.9528921 17.376743 1.4591291
-2.9528904 17.421167 1.4600954
-2.9528887 17.46208 1.4592175
-2.9528868 17.501581 1.460883
-2.9528854 17.540504 1.4603419
-2.952884 17.580015 1.4598045
-2.9528818 17.62052 1.4604048
-2.9528806 17.660963 1.4586912
-2.9528792 17.696457 1.4623613
-2.9528773 17.73744 1.4582534
-2.9528759 17.781216 1.4612643
-2.9528742 17.818398 1.4600661
-2.9528725 17.856115 1.4588656
-2.9528711 17.894371 1.4626778
-2.9528694 17.941032 1.4581772
-2.9528675 17.985819 1.4615431
-2.9528656 18.02597 1.4602987
-2.9528642 18.059872 1.4583974
-2.952863 18.094221 1.461691
-2.9528613 18.137398 1.4584544
-2.9528596 18.178398 1.4591538
-2.952858 18.220133 1.4616158
-2.9528558 18.266497 1.4581264
-2.9528546 18.302092 1.4599404
-2.9528537 18.331993 1.4626949
-1.9408172 19.389166 1.4619179
-1.9012334 19.389162 1.4580779
-1.8550937 19.38916 1.4620125
-1.818261 19.389158 1.4606675
-1.781489 19.389154 1.4580803
-1.7367407 19.389149 1.4620235
-1.6958572 19.389145 1.4589463
-1.6607141 19.389143 1.4584925
-1.6240358 19.389135 1.4619489
-1.5838705 19.389132 1.4578137
-1.5443236 19.38913 1.4613072
-1.5106205 19.390226 1.4604114
-1.49573 19.427679 1.4625815
-1.4593502 19.433064 1.4593005
-1.4167911 19.433056 1.4597888
-1.3795694 19.433054 1.4607818
-1.337929 19.433048 1.4593455
-1.2978078 19.433046 1.4617314
-1.2571026 19.433044 1.4584395
-1.2194537 19.433043 1.4613295
-1.1800932 19.433041 1.4583719
-1.1390558 19.433043 1.4610622
-1.0956941 19.433035 1.4594076
-1.0606828 19.433031 1.4610102
-1.0236831 19.433025 1.459327
-0.98142725 19.43302 1.4602973
-0.93667889 19.433018 1.4603478
-0.90068334 19.433016 1.4601043
-0.86129797 19.433016 1.4603353
-2.9529464 16.030558 1.5003523
-2.9529436 16.060886 1.4996283
-2.9529426 16.100235 1.5002532
-2.9529419 16.140467 1.4999266
-2.9529412 16.181759 1.5000802
-2.9529393 16.220663 1.5002644
-2.9529357 16.260426 1.499953
-2.9529347 16.300486 1.5004234
-2.952934 16.339033 1.4997008
-2.9529328 16.379032 1.4995418
-2.9529305 16.420006 1.4999851
-2.9529281 16.460543 1.4998678
-2.9529266 16.500875 1.5004003
-2.9529262 16.540052 1.4995296
-2.9529245 16.581144 1.5003241
-2.9529223 16.621332 1.5009695
-2.9529204 16.658428 1.4993051
-2.952919 16.697384 1.4998777
-2.9529181 16.736483 1.5013031
-2.9529159 16.776327 1.4987614
-2.9529145 16.816929 1.4993808
-2.9529121 16.85762 1.5008841
-2.9529114 16.900513 1.4990432
-2.9529095 16.939188 1.4999508
-2.9529083 16.97858 1.500891
-2.9529071 17.019363 1.4985986
-2.9529045 17.058294 1.501171
-2.9529035 17.101046 1.4994967
-2.9529018 17.137806 1.5010356
-2.9529002 17.176867 1.5002506
-2.952899 17.216593 1.4994448
-2.9528968 17.254457 1.4999975
-2.9528954 17.296329 1.5002171
-2.952894 17.335175 1.4996895
-2.9528921 17.379072 1.4998533
-2.9528906 17.419283 1.4993151
-2.9528887 17.464495 1.5006601
-2.9528868 17.501583 1.4982262
-2.9528849 17.541496 1.501415
-2.952884 17.580017 1.4977375
-2.9528818 17.621204 1.5009732
-2.9528809 17.660061 1.4989817
-2.9528792 17.696457 1.50117
-2.9528775 17.738148 1.4997442
-2.9528761 17.781214 1.5007101
-2.9528742 17.818399 1.5014467
-2.9528725 17.856115 1.4988751
-2.9528711 17.894371 1.5029746
-2.9528692 17.939726 1.4976753
-2.9528675 17.985817 1.5025278
-2.9528656 18.027193 1.4979641
-2.9528644 18.059872 1.4999388
-2.9528632 18.092964 1.5019325
-2.9528615 18.135996 1.4972817
-2.9528599 18.178398 1.5015868
-2.9528577 18.222897 1.4986151
-2.9528561 18.265163 1.4996241
-2.9528546 18.301029 1.5008717
-2.9528534 18.331993 1.5008345
-1.9408171 19.389168 1.5000019
-1.9012333 19.389162 1.501289
-1.8582506 19.38916 1.49907
-1.8172702 19.389158 1.5016617
-1.7804166 19.389153 1.4991752
-1.7378021 19.389147 1.49985
-1.6958572 19.389145 1.5005312
-1.6596874 19.389143 1.4965926
-1.6230227 19.389135 1.5018237
-1.5838705 19.389132 1.4985114
-1.5443233 19.38913 1.5016916
-1.5106202 19.390226 1.5005373
-1.4957299 19.427679 1.5028712
-1.4593502 19.433056 1.4993427
-1.4170659 19.433056 1.5006946
-1.3795693 19.433054 1.5001922
-1.3383609 19.433048 1.5003355
-1.2978079 19.433046 1.5004946
-1.2575365 19.433044 1.4997143
-1.2186896 19.433043 1.500787
-1.1789826 19.433043 1.4991488
-1.1379153 19.433039 1.5005664
-1.0964725 19.433037 1.5002017
-1.0597842 19.433029 1.5003504
-1.0230182 19.433027 1.4996456
-0.97953278 19.433022 1.5004628
-0.93872374 19.433018 1.500518
-0.89867246 19.433016 1.5003937
-0.86327547 19.433016 1.4998373
-2.9529464 16.030556 1.5397736
-2.9529436 16.060629 1.5398631
-2.9529426 16.100235 1.5404605
-2.9529417 16.140751 1.5401061
-2.9529409 16.181902 1.5402311
-2.952939 16.221376 1.5395077
-2.9529357 16.261044 1.53997
-2.9529345 16.301725 1.5399084
-2.952934 16.34009 1.5395949
-2.9529328 16.378735 1.5398884
-2.9529309 16.418165 1.5401903
-2.9529283 16.459045 1.5392526
-2.9529269 16.501753 1.5401338
-2.9529262 16.541618 1.5408444
-2.9529247 16.58128 1.5402541
-2.9529221 16.621332 1.5393742
-2.9529204 16.658716 1.5395885
-2.952919 16.697681 1.5405467
-2.9529178 16.736483 1.5407901
-2.9529166 16.776329 1.5386227
-2.9529145 16.816927 1.5396239
-2.9529121 16.858318 1.540657
-2.9529114 16.900515 1.5400722
-2.9529097 16.939871 1.5381738
-2.952908 16.977427 1.5410376
-2.9529071 17.018654 1.5397637
-2.9529045 17.059891 1.5401975
-2.9529035 17.100008 1.5403602
-2.9529018 17.139389 1.5398183
-2.9529002 17.176014 1.5406818
-2.9528992 17.215727 1.5402297
-2.9528968 17.256124 1.5397621
-2.9528956 17.294308 1.5395589
-2.952894 17.337465 1.5400829
-2.9528923 17.376982 1.5398805
-2.9528902 17.421064 1.5404702
-2.9528885 17.463287 1.5401533
-2.9528868 17.500795 1.5388032
-2.9528852 17.540506 1.5403258
-2.9528842 17.579203 1.5389556
-2.9528818 17.620182 1.5405034
-2.9528809 17.660961 1.5405856
-2.9528792 17.696457 1.5399786
-2.9528773 17.738508 1.5400573
-2.9528759 17.781218 1.5401562
-2.9528739 17.818399 1.5411721
-2.9528725 17.856115 1.5388843
-2.9528711 17.894371 1.5432717
-2.9528692 17.939728 1.5383134
-2.9528677 17.984608 1.5419757
-2.9528656 18.025969 1.5377201
-2.9528646 18.059872 1.5414805
-2.9528632 18.094223 1.5400566
-2.9528615 18.135994 1.5393957
-2.9528601 18.177103 1.5424281
-2.952858 18.221449 1.5380248
-2.9528558 18.263826 1.5410935
-2.9528546 18.303152 1.5382576
-2.9528537 18.331993 1.5389738
-1.940817 19.389166 1.5380858
-1.8999392 19.389162 1.5406108
-1.8566723 19.38916 1.5394714
-1.819351 19.389156 1.538448
-1.7804165 19.389156 1.5414296
-1.7388546 19.389149 1.5377018
-1.6958572 19.389145 1.5421157
-1.6596875 19.389143 1.5378908
-1.6240358 19.389135 1.5414095
-1.5838706 19.389132 1.5392092
-1.5439976 19.38913 1.5408577
-1.5106205 19.390226 1.5406634
-1.49573 19.427679 1.5431608
-1.4593501 19.433056 1.5393847
-1.4167913 19.433056 1.5416827
-1.3795693 19.433054 1.5396026
-1.3383625 19.433048 1.5403965
-1.2978081 19.433046 1.5392574
-1.258356 19.433044 1.5409653
-1.2186896 19.433043 1.5389236
-1.1812545 19.433043 1.5414848
-1.1371202 19.433041 1.5390726
-1.0972589 19.433035 1.5410146
-1.0588856 19.433035 1.5396672
-1.0244427 19.433027 1.5406671
-0.97987533 19.433022 1.5397002
-0.93699485 19.433018 1.5402018
-0.90068328 19.433016 1.5402449
-0.86134088 19.433016 1.5406525
-2.9529464 16.030558 1.579195
-2.9529436 16.060888 1.5800992
-2.9529424 16.100508 1.5801948
-2.9529419 16.140465 1.5802839
-2.9529407 16.181614 1.5798886
-2.9529393 16.220224 1.5793663
-2.9529357 16.260576 1.5799868
-2.9529347 16.301348 1.5800358
-2.9529343 16.339792 1.5795336
-2.9529326 16.37981 1.5802161
-2.9529309 16.420006 1.5803113
-2.9529281 16.460924 1.5797961
-2.9529269 16.502636 1.5798926
-2.9529259 16.540821 1.5800476
-2.9529247 16.579775 1.5802
-2.9529221 16.620504 1.5793494
-2.9529207 16.65901 1.5798798
-2.952919 16.697386 1.5804662
-2.9529181 16.736483 1.5802771
-2.9529166 16.775709 1.5793058
-2.9529142 16.816927 1.5798671
-2.9529123 16.857969 1.58049
-2.9529114 16.899801 1.5803081
-2.9529097 16.939188 1.5786028
-2.9529083 16.97858 1.5802298
-2.9529068 17.017944 1.5809096
-2.9529045 17.060249 1.5801631
-2.9529035 17.102081 1.5787923
-2.9529026 17.137589 1.580002
-2.9529002 17.177624 1.5798005
-2.952899 17.214863 1.580992
-2.9528966 17.254457 1.5798382
-2.9528956 17.296562 1.5796272
-2.9528942 17.335409 1.5797492
-2.9528921 17.377907 1.5796205
-2.9528909 17.420225 1.5807241
-2.9528885 17.462082 1.5796174
-2.9528863 17.50243 1.5805606
-2.9528854 17.539518 1.5792125
-2.9528842 17.580891 1.5813724
-2.9528818 17.620182 1.5787386
-2.9528806 17.661867 1.5822103
-2.9528792 17.696457 1.5787873
-2.9528773 17.738861 1.5803794
-2.9528761 17.781218 1.5796022
-2.9528739 17.818399 1.5808979
-2.9528725 17.856115 1.5788935
-2.9528711 17.893202 1.5820488
-2.9528692 17.939728 1.5789514
-2.9528675 17.985817 1.5810734
-2.9528656 18.025969 1.5790068
-2.9528642 18.059872 1.5830222
-2.9528632 18.095476 1.5782086
-2.9528615 18.135996 1.5815096
-2.9528596 18.179825 1.5791862
-2.952858 18.221449 1.5807815
-2.9528563 18.266632 1.5784161
-2.9528546 18.302092 1.5791889
-2.9528537 18.331993 1.5825617
-1.9408172 19.389166 1.5816103
-1.9023551 19.389162 1.5781187
-1.8555657 19.38916 1.5811211
-1.8182608 19.389158 1.5776907
-1.7788821 19.389154 1.5812272
-1.737799 19.389149 1.5784527
-1.6948155 19.389143 1.5825279
-1.6596875 19.389143 1.5791892
-1.6236998 19.389135 1.581185
-1.5838705 19.389132 1.5799072
-1.5443234 19.38913 1.5799346
-1.5106201 19.390226 1.5807891
-1.49573 19.427679 1.5834508
-1.4593502 19.433062 1.5794269
-1.4167912 19.433056 1.581388
-1.3795693 19.433054 1.5790129
-1.3387942 19.433048 1.5804232
-1.2978079 19.433046 1.5780201
-1.258777 19.433044 1.5813079
-1.2179273 19.433043 1.5783552
-1.1800933 19.433043 1.5813212
-1.1375332 19.433041 1.5793344
-1.096475 19.433035 1.5791909
-1.0606828 19.433031 1.5808866
-1.0225979 19.433025 1.5801721
-0.98151577 19.433022 1.5796397
-0.93836206 19.433016 1.5804725
-0.89867264 19.433016 1.5804985
-0.86332059 19.433016 1.5801898
-2.9529464 16.030226 1.6194694
-2.9529438 16.060886 1.6198627
-2.9529426 16.100233 1.6199208
-2.9529419 16.140463 1.6199772
-2.9529407 16.181324 1.6195363
-2.9529395 16.220402 1.6197684
-2.9529362 16.260113 1.6199878
-2.9529347 16.300978 1.6201506
-2.952934 16.339413 1.6200578
-2.9529324 16.378134 1.6205691
-2.9529309 16.418167 1.6204786
-2.9529281 16.459127 1.619772
-2.9529269 16.500875 1.6196715
-2.9529264 16.540024 1.6192271
-2.9529245 16.580568 1.6201079
-2.9529223 16.62133 1.6200154
-2.9529207 16.6593 1.6201795
-2.952919 16.697983 1.6203492
-2.9529183 16.736483 1.6197641
-2.9529166 16.776329 1.6199341
-2.952915 16.816927 1.6201103
-2.9529126 16.858318 1.6202931
-2.9529114 16.900515 1.6204822
-2.9529099 16.939188 1.6199954
-2.952908 16.979731 1.6194531
-2.9529068 17.018654 1.6198218
-2.9529045 17.058294 1.6202042
-2.9529035 17.101044 1.6196556
-2.9529026 17.139694 1.6187688
-2.9529002 17.175795 1.620302
-2.9528992 17.216499 1.6204522
-2.9528971 17.256124 1.6196312
-2.9528956 17.294308 1.6200739
-2.952894 17.337132 1.6202261
-2.9528923 17.378834 1.6193814
-2.9528911 17.419039 1.6198335
-2.9528885 17.464495 1.6211189
-2.9528868 17.501581 1.6195914
-2.9528852 17.540503 1.6202946
-2.952884 17.580015 1.6210197
-2.9528818 17.619164 1.6182363
-2.9528806 17.660963 1.6224937
-2.952879 17.696457 1.6175958
-2.9528773 17.738506 1.620755
-2.9528761 17.781216 1.6190482
-2.9528742 17.818399 1.6206236
-2.9528725 17.856115 1.618903
-2.9528711 17.894371 1.6204996
-2.9528692 17.939728 1.6195896
-2.9528677 17.985819 1.6203499
-2.9528656 18.025969 1.6202935
-2.9528644 18.058897 1.6222125
-2.952863 18.094221 1.6184406
-2.9528618 18.134718 1.6220261
-2.9528599 18.1784 1.6182772
-2.952858 18.220133 1.6219159
-2.9528561 18.265163 1.6181087
-2.9528546 18.302094 1.6225522
-2.9528534 18.331993 1.6207012
-1.9396782 19.389166 1.6217228
-1.9012337 19.389162 1.6201195
-1.8566754 19.38916 1.6198213
-1.818261 19.389158 1.6202446
-1.7807761 19.389154 1.6192845
-1.737799 19.389149 1.6203694
-1.69586 19.389145 1.6200784
-1.6596875 19.389143 1.6204873
-1.6243746 19.389135 1.619554
-1.5838705 19.389132 1.6206048
-1.5443236 19.38913 1.6203191
-1.5106205 19.390226 1.6209151
-1.49573 19.427679 1.6237406
-1.4593502 19.43306 1.619469
-1.4167912 19.433056 1.6210927
-1.3795693 19.433054 1.6184232
-1.3392292 19.433048 1.6214378
-1.2970207 19.433046 1.6180936
-1.2579384 19.433044 1.6207905
-1.2186879 19.433043 1.6199571
-1.1800934 19.433041 1.6191521
-1.1390561 19.433041 1.6204613
-1.095403 19.433037 1.6192267
-1.0597843 19.433029 1.6202035
-1.0240431 19.433025 1.6202953
-0.97901005 19.433022 1.6197804
-0.93772399 19.433018 1.6200355
-0.90068328 19.433016 1.6203854
-0.86134082 19.433016 1.620092
-2.9529464 16.030556 1.6596764
-2.9529436 16.06076 1.6600945
-2.9529426 16.100235 1.6601279
-2.9529419 16.140465 1.6596698
-2.9529409 16.181469 1.6596818
-2.952939 16.220575 1.6601762
-2.9529359 16.260736 1.6600186
-2.9529345 16.301723 1.6602688
-2.9529343 16.340675 1.6599964
-2.9529326 16.379934 1.660314
-2.9529309 16.419508 1.6600227
-2.9529281 16.460297 1.6597321
-2.9529269 16.501751 1.6594312
-2.9529262 16.541086 1.6598468
-2.9529247 16.581144 1.6600364
-2.9529226 16.621618 1.6599495
-2.9529207 16.659595 1.6604875
-2.952919 16.697386 1.6602759
-2.9529183 16.736485 1.6592512
-2.9529166 16.776327 1.6597959
-2.9529145 16.816927 1.6603534
-2.9529133 16.858318 1.6601123
-2.9529114 16.90016 1.6606978
-2.9529099 16.938501 1.6603997
-2.9529083 16.97858 1.6595893
-2.9529068 17.019363 1.6587538
-2.9529045 17.05949 1.6601316
-2.9529035 17.100008 1.6604918
-2.9529018 17.138641 1.6599596
-2.9528999 17.177935 1.6594094
-2.952899 17.214863 1.6601628
-2.9528968 17.254459 1.6596788
-2.9528959 17.29656 1.6601804
-2.952894 17.335411 1.6609595
-2.9528921 17.376747 1.6593531
-2.9528906 17.42141 1.6609917
-2.9528885 17.463287 1.6605825
-2.9528871 17.500734 1.6586016
-2.9528854 17.541496 1.661399
-2.952884 17.580015 1.6589526
-2.9528818 17.62018 1.6599803
-2.9528806 17.660961 1.6610354
-2.9528792 17.695539 1.658137
-2.9528775 17.739578 1.6610413
-2.9528761 17.781218 1.6584944
-2.9528742 17.818398 1.6603492
-2.952873 17.856115 1.6589122
-2.9528711 17.894371 1.6607965
-2.9528694 17.939728 1.6602275
-2.9528673 17.987022 1.6577754
-2.9528656 18.025969 1.66158
-2.9528642 18.060846 1.6580707
-2.952863 18.094221 1.6602405
-2.9528615 18.135996 1.660464
-2.9528596 18.178398 1.66071
-2.952858 18.222897 1.6589934
-2.9528561 18.265162 1.661194
-2.9528549 18.302092 1.6604948
-2.9528537 18.331993 1.6588408
-1.9418525 19.389166 1.6593964
-1.899629 19.389162 1.6607946
-1.8577756 19.38916 1.658548
-1.8172699 19.389158 1.6612095
-1.7814891 19.389156 1.6588285
-1.7367407 19.389149 1.6610885
-1.6968961 19.389143 1.6576539
-1.6596874 19.389143 1.6617856
-1.6250466 19.389135 1.6579384
-1.5838705 19.389132 1.6613027
-1.5446517 19.38913 1.6594051
-1.5106202 19.390226 1.6610409
-1.4955471 19.427191 1.6625613
-1.45935 19.43306 1.659511
-1.4167912 19.433056 1.660798
-1.3795693 19.433054 1.6578335
-1.3383625 19.433048 1.6615673
-1.2975441 19.433046 1.6592045
-1.2579383 19.433044 1.6592376
-1.2194536 19.433043 1.661577
-1.1789336 19.433043 1.6589494
-1.1379153 19.433041 1.659927
-1.0975959 19.433037 1.6608776
-1.0588857 19.433031 1.6594974
-1.0244426 19.433029 1.6596107
-0.98161459 19.433022 1.6604614
-0.93708396 19.433018 1.6595815
-0.89867264 19.433016 1.6606029
-0.86332041 19.433016 1.6596649
-2.9529464 16.030447 1.6999272
-2.9529436 16.060888 1.700335
-2.9529424 16.100235 1.7003354
-2.9529419 16.140181 1.6998321
-2.9529412 16.181614 1.6998323
-2.9529393 16.220749 1.7005901
-2.9529359 16.260424 1.7000465
-2.9529347 16.30106 1.6997873
-2.9529343 16.339035 1.6999055
-2.9529331 16.378132 1.7000294
-2.9529312 16.418783 1.6995596
-2.9529281 16.459677 1.7003
-2.9529266 16.502077 1.6998253
-2.9529262 16.541374 1.6997547
-2.952925 16.580692 1.7005922
-2.9529223 16.62191 1.6998923
-2.9529212 16.659012 1.70004
-2.9529192 16.696791 1.7001845
-2.9529188 16.735878 1.6995349
-2.9529161 16.776329 1.699657
-2.9529145 16.81727 1.6997876
-2.9529128 16.858316 1.6999321
-2.9529114 16.900515 1.7000747
-2.9529095 16.938959 1.699683
-2.9529085 16.977842 1.7005249
-2.9529071 17.018656 1.6998932
-2.9529045 17.060682 1.7000906
-2.9529035 17.102079 1.6989782
-2.9529021 17.137589 1.7011226
-2.9529002 17.176104 1.6998848
-2.9528992 17.216499 1.6996508
-2.9528966 17.256123 1.6995001
-2.9528956 17.294308 1.7005888
-2.952894 17.336317 1.7003809
-2.9528923 17.379072 1.7001736
-2.9528911 17.420223 1.7001011
-2.9528885 17.46208 1.7000172
-2.9528868 17.502369 1.7003984
-2.9528854 17.540506 1.700278
-2.9528842 17.57914 1.698572
-2.9528818 17.620182 1.7006044
-2.9528809 17.660963 1.6995772
-2.9528794 17.696455 1.7000571
-2.9528773 17.738506 1.7014588
-2.9528761 17.781218 1.6979405
-2.9528739 17.818399 1.7000748
-2.9528725 17.856115 1.6989217
-2.9528711 17.894371 1.7010936
-2.9528692 17.939726 1.7008657
-2.9528675 17.985819 1.6972051
-2.9528658 18.02474 1.7012826
-2.9528644 18.059872 1.6972612
-2.952863 18.094221 1.7020406
-2.9528615 18.137268 1.6989303
-2.9528601 18.177103 1.7015148
-2.952858 18.221449 1.6983622
-2.9528561 18.263697 1.7008454
-2.9528546 18.302092 1.6984375
-2.9528537 18.331993 1.7024285
-1.9408172 19.389166 1.7013026
-1.902838 19.389162 1.6982744
-1.8566722 19.38916 1.7001892
-1.8182622 19.389158 1.7000257
-1.7804165 19.389153 1.699883
-1.7374483 19.389149 1.7002999
-1.6958572 19.389145 1.6980579
-1.658754 19.389143 1.7015346
-1.624036 19.389135 1.6977898
-1.5838705 19.389132 1.7020003
-1.5443236 19.38913 1.6985667
-1.5106205 19.390226 1.7011671
-1.49573 19.427679 1.7009577
-1.4593502 19.43306 1.6995531
-1.4167912 19.433056 1.7005029
-1.3787553 19.433054 1.6985631
-1.3383625 19.433048 1.7006515
-1.2980698 19.433046 1.700328
-1.2571026 19.433044 1.6986926
-1.2186896 19.433043 1.7010027
-1.1804783 19.433043 1.7004561
-1.1367757 19.433039 1.6993637
-1.0964751 19.433035 1.6999884
-1.0606829 19.433035 1.7007627
-1.0225979 19.433025 1.6990682
-0.97911161 19.433022 1.7005594
-0.93845576 19.433022 1.6998881
-0.90068334 19.433016 1.7005259
-0.8613407 19.433016 1.6995314
-2.9529464 16.030558 1.7401603
-2.9529438 16.060886 1.7400985
-2.9529431 16.099817 1.7400606
-2.9529419 16.140326 1.7395278
-2.9529407 16.181761 1.739988
-2.9529393 16.220936 1.7398548
-2.9529359 16.260733 1.7400277
-2.9529347 16.30126 1.7399043
-2.952934 16.339796 1.7404411
-2.9529326 16.379423 1.7403958
-2.9529307 16.419392 1.7397276
-2.9529283 16.459986 1.740266
-2.9529269 16.501314 1.740194
-2.9529262 16.540024 1.7396758
-2.9529247 16.580334 1.7405046
-2.9529223 16.62076 1.7398469
-2.9529212 16.658426 1.7395753
-2.9529192 16.697386 1.7400734
-2.9529183 16.736485 1.7397988
-2.9529166 16.776329 1.7395188
-2.9529147 16.816927 1.7392329
-2.952913 16.858664 1.7397505
-2.9529114 16.900515 1.7402833
-2.9529099 16.939186 1.7400248
-2.9529085 16.978212 1.7406024
-2.9529071 17.017944 1.7410138
-2.9529045 17.058725 1.7400874
-2.9529035 17.101044 1.7398144
-2.9529021 17.139696 1.7399448
-2.9528999 17.176867 1.7401897
-2.952899 17.214638 1.7404438
-2.9528968 17.254457 1.7395196
-2.9528954 17.29656 1.7407336
-2.952894 17.337231 1.7398235
-2.9528921 17.376986 1.7401145
-2.9528906 17.419039 1.7391818
-2.9528885 17.463608 1.7404588
-2.9528868 17.501581 1.7409567
-2.9528852 17.53952 1.7391332
-2.9528842 17.580013 1.7395533
-2.9528818 17.621204 1.73999
-2.9528806 17.660961 1.7381188
-2.952879 17.696457 1.7404824
-2.9528775 17.738506 1.7405835
-2.9528761 17.781216 1.7373863
-2.9528742 17.819359 1.7413526
-2.9528725 17.856115 1.7389307
-2.9528711 17.894371 1.7413907
-2.9528692 17.939728 1.7415037
-2.9528675 17.985817 1.7381897
-2.9528658 18.025969 1.7407042
-2.9528644 18.059872 1.7388029
-2.9528635 18.092964 1.7422274
-2.9528615 18.135996 1.7394371
-2.9528596 18.178402 1.7402623
-2.9528582 18.221449 1.7411188
-2.9528558 18.266497 1.7382466
-2.9528546 18.302094 1.7418007
-2.9528534 18.331993 1.740568
-1.9396784 19.389166 1.7413906
-1.9012334 19.389162 1.7389499
-1.8555657 19.38916 1.7418061
-1.8192505 19.389158 1.7388645
-1.7793411 19.389153 1.7409137
-1.738153 19.389149 1.7395273
-1.6958573 19.389145 1.7396426
-1.6596875 19.389143 1.7409334
-1.624036 19.389137 1.7388058
-1.582873 19.389132 1.7415199
-1.5443233 19.38913 1.7389512
-1.5106202 19.390226 1.741293
-1.49573 19.427679 1.7412475
-1.4593502 19.43306 1.7395952
-1.4176193 19.433056 1.7413673
-1.3795693 19.433052 1.7391102
-1.3383625 19.433048 1.7397354
-1.2985973 19.433046 1.7414644
-1.257519 19.433044 1.7390286
-1.2186897 19.433043 1.7391388
-1.1809056 19.433043 1.7411097
-1.1382933 19.433039 1.7405168
-1.0953555 19.433037 1.7390702
-1.0597844 19.433031 1.7400568
-1.024721 19.433027 1.74011
-0.98030955 19.433022 1.7397944
-0.93672311 19.433018 1.7394913
-0.89867264 19.433016 1.7407079
-0.86332041 19.433016 1.7391397
-2.9529464 16.030664 1.7803975
-2.9529438 16.06089 1.7798617
-2.9529426 16.100233 1.7797877
-2.9529419 16.140467 1.7797127
-2.9529414 16.181177 1.7801417
-2.9529393 16.220402 1.7790923
-2.9529359 16.260427 1.7800486
-2.9529347 16.301725 1.7806293
-2.9529343 16.340084 1.7803844
-2.9529326 16.378618 1.7801085
-2.9529309 16.418783 1.7798609
-2.9529283 16.4603 1.7802413
-2.9529269 16.502193 1.7799888
-2.9529264 16.541084 1.7803274
-2.9529247 16.580568 1.7797976
-2.9529228 16.621044 1.7797788
-2.9529214 16.658718 1.779875
-2.9529192 16.697088 1.7799733
-2.9529188 16.736179 1.780073
-2.9529166 16.776327 1.7793798
-2.952915 16.816927 1.779476
-2.9529133 16.858316 1.7795739
-2.9529114 16.900869 1.7804941
-2.9529095 16.939417 1.7803732
-2.9529083 16.978582 1.7806907
-2.9529068 17.018656 1.7799516
-2.9529045 17.059092 1.7800477
-2.9529035 17.100008 1.7806236
-2.9529018 17.137894 1.7800556
-2.9529002 17.177624 1.7805158
-2.952899 17.216816 1.7799345
-2.9528968 17.255247 1.7805116
-2.9528956 17.29454 1.7799768
-2.952894 17.335175 1.7794003
-2.9528921 17.377907 1.7798924
-2.9528906 17.42141 1.7803979
-2.9528885 17.464249 1.7798111
-2.9528871 17.500734 1.7799464
-2.9528854 17.540174 1.7790825
-2.9528842 17.580891 1.7805551
-2.9528818 17.620182 1.7794725
-2.9528809 17.660061 1.7783599
-2.9528792 17.697374 1.7808143
-2.9528775 17.738506 1.7797085
-2.9528759 17.78027 1.7785715
-2.9528739 17.818399 1.7828445
-2.9528725 17.856115 1.7789402
-2.9528716 17.894373 1.7800082
-2.9528694 17.938419 1.7809154
-2.9528677 17.985817 1.7791743
-2.9528658 18.02597 1.7802701
-2.9528642 18.059872 1.7803445
-2.9528632 18.094223 1.7804061
-2.9528615 18.135994 1.7815512
-2.9528596 18.179693 1.779038
-2.952858 18.220135 1.7822163
-2.9528561 18.265162 1.7796788
-2.9528549 18.302092 1.7797433
-2.9528537 18.331993 1.7787074
-1.9418525 19.389166 1.7791114
-1.9001088 19.389162 1.7809012
-1.8566753 19.38916 1.7805394
-1.8182608 19.389158 1.779822
-1.7800601 19.389154 1.7804515
-1.7388548 19.389149 1.7787715
-1.695857 19.389143 1.7812271
-1.6596888 19.389143 1.7805107
-1.624036 19.389137 1.7798216
-1.5838705 19.389133 1.780845
-1.5443234 19.38913 1.7793357
-1.5106205 19.390226 1.7814189
-1.4957299 19.427679 1.7815372
-1.4593501 19.433062 1.7796373
-1.4167912 19.433056 1.7824016
-1.3792965 19.433054 1.7797775
-1.3383625 19.433048 1.7788194
-1.2978079 19.433046 1.781525
-1.2579367 19.433044 1.7793748
-1.2179275 19.433043 1.7785391
-1.1800935 19.433043 1.7799323
-1.1387129 19.433041 1.7808151
-1.0968465 19.433037 1.7798762
-1.0588857 19.433031 1.7793274
-1.0229261 19.433031 1.7804531
-0.98074937 19.433022 1.7798167
-0.93877047 19.433018 1.7797874
-0.90068352 19.433016 1.7806662
-0.86168957 19.433016 1.7798387
-2.9529464 16.030558 1.8206469
-2.9529436 16.060888 1.8200989
-2.9529424 16.100233 1.8199955
-2.9529419 16.140467 1.8198893
-2.9529409 16.181906 1.8202688
-2.952939 16.220575 1.8195082
-2.9529359 16.260269 1.8200977
-2.9529345 16.30106 1.8201268
-2.952934 16.339415 1.8202826
-2.9529326 16.379421 1.8198833
-2.9529309 16.419085 1.8194165
-2.9529283 16.459555 1.82017
-2.9529269 16.501436 1.8203442
-2.9529264 16.541374 1.8202441
-2.9529252 16.581144 1.8197492
-2.9529223 16.62133 1.8197188
-2.9529214 16.65901 1.8201834
-2.9529192 16.697384 1.8198743
-2.9529188 16.736485 1.820349
-2.9529166 16.776016 1.8200332
-2.9529145 16.816927 1.8197192
-2.9529128 16.858316 1.8202063
-2.9529114 16.901222 1.819894
-2.9529099 16.939871 1.8196855
-2.9529083 16.978949 1.820789
-2.9529068 17.019363 1.8189085
-2.9529045 17.059872 1.820025
-2.9529035 17.102079 1.8191643
-2.9529018 17.138643 1.8200414
-2.9529002 17.175793 1.8209379
-2.9528992 17.214638 1.8196108
-2.9528968 17.255241 1.8204395
-2.9528954 17.296234 1.8201799
-2.9528937 17.337465 1.8199275
-2.9528923 17.378834 1.819692
-2.9528904 17.419285 1.8206526
-2.9528885 17.46233 1.8192524
-2.9528873 17.501581 1.8203044
-2.9528852 17.541752 1.8201976
-2.952884 17.580015 1.820168
-2.9528821 17.619164 1.8189303
-2.9528809 17.660961 1.8200129
-2.9528792 17.696457 1.8213412
-2.9528773 17.738506 1.8188332
-2.9528761 17.781216 1.8195581
-2.9528742 17.818399 1.8225702
-2.9528725 17.856115 1.8189493
-2.9528711 17.894371 1.8186264
-2.9528692 17.939728 1.8202307
-2.9528675 17.985815 1.820159
-2.9528658 18.025969 1.819837
-2.9528644 18.059872 1.8218859
-2.9528635 18.095476 1.8186123
-2.9528618 18.134718 1.8220222
-2.9528599 18.1784 1.8198333
-2.952858 18.222897 1.8193715
-2.9528558 18.263826 1.8210832
-2.9528546 18.302092 1.817686
-2.9528537 18.331993 1.8222953
-1.9408172 19.389166 1.8209953
-1.9012367 19.389162 1.8199614
-1.8577758 19.38916 1.8192989
-1.8172699 19.389158 1.8207574
-1.7807759 19.389153 1.8200058
-1.7377993 19.389149 1.8194741
-1.6948155 19.389143 1.8215921
-1.6606196 19.389143 1.8182174
-1.6240358 19.389137 1.8208377
-1.5835398 19.389132 1.8202966
-1.5443236 19.38913 1.8197205
-1.5106202 19.390226 1.821545
-1.4957299 19.427679 1.8218268
-1.4593502 19.43306 1.8196795
-1.4167912 19.433056 1.8221068
-1.3795693 19.433052 1.8203918
-1.3374989 19.433048 1.8189069
-1.2978079 19.433046 1.8202879
-1.2583561 19.433044 1.8197309
-1.2184343 19.433043 1.8190025
-1.1789336 19.433043 1.8196908
-1.1371202 19.433039 1.8202502
-1.0972589 19.433035 1.8198249
-1.0606829 19.433031 1.8206393
-1.0233192 19.433027 1.8197643
-0.97970963 19.433022 1.8198434
-0.93672323 19.433016 1.820274
-0.89867252 19.433016 1.8208122
-0.86231083 19.433016 1.8204174
-2.9529464 16.030556 1.8600683
-2.9529438 16.060888 1.8603359
-2.9529426 16.100235 1.8602028
-2.9529419 16.140467 1.8600668
-2.9529409 16.181759 1.8599169
-2.9529397 16.220749 1.8599291
-2.9529359 16.26058 1.8600855
-2.9529347 16.301352 1.859666
-2.952934 16.339697 1.8602592
-2.9529331 16.378733 1.8601885
-2.9529309 16.419088 1.85957
-2.9529283 16.459883 1.8601809
-2.9529271 16.501642 1.8601172
-2.9529264 16.540024 1.8601242
-2.9529254 16.580692 1.8602867
-2.9529226 16.621618 1.8596673
-2.9529214 16.659008 1.8597171
-2.9529192 16.697386 1.859776
-2.9529183 16.736486 1.8598359
-2.9529166 16.776325 1.8606944
-2.9529145 16.816927 1.8599623
-2.9529128 16.858315 1.8608387
-2.9529114 16.899801 1.8592585
-2.9529099 16.939188 1.8600709
-2.952908 16.978577 1.8600434
-2.9529071 17.018654 1.8600229
-2.9529045 17.059484 1.8599943
-2.9529035 17.100306 1.8589169
-2.9529021 17.139387 1.8600484
-2.9528999 17.177935 1.8601379
-2.952899 17.216816 1.859138
-2.9528971 17.255245 1.8603657
-2.9528956 17.29454 1.8604959
-2.9528937 17.335175 1.8606069
-2.9528923 17.376743 1.8595772
-2.9528904 17.419909 1.859652
-2.9528885 17.463285 1.8597472
-2.9528873 17.50243 1.8606822
-2.9528852 17.540506 1.8602307
-2.9528842 17.579142 1.8597591
-2.9528818 17.619841 1.8595258
-2.9528809 17.660963 1.8601604
-2.9528792 17.696457 1.86015
-2.9528773 17.73744 1.859201
-2.9528759 17.781218 1.8590041
-2.9528739 17.818398 1.862296
-2.9528725 17.856115 1.8589586
-2.9528716 17.894371 1.8589236
-2.9528697 17.939726 1.8608691
-2.9528675 17.985817 1.8611436
-2.9528656 18.027193 1.8593026
-2.9528644 18.058897 1.8610344
-2.952863 18.094221 1.8587899
-2.9528615 18.135996 1.8605059
-2.9528596 18.177103 1.8606015
-2.952858 18.221449 1.8586998
-2.9528558 18.265165 1.8604541
-2.9528546 18.302094 1.8610489
-2.9528534 18.331993 1.8604349
-1.9396784 19.389166 1.8610582
-1.9023551 19.389162 1.8590478
-1.8566722 19.38916 1.8609076
-1.8182622 19.389158 1.859603
-1.781489 19.389156 1.8595766
-1.7377993 19.389149 1.8613908
-1.6955116 19.389143 1.8605139
-1.6596875 19.389143 1.8579518
-1.6230227 19.389137 1.8606423
-1.5838706 19.389132 1.8596945
-1.5453033 19.38913 1.8587735
-1.5106202 19.390226 1.8616709
-1.4964255 19.427191 1.8604808
-1.4593502 19.43306 1.8597215
-1.4167913 19.433056 1.8618121
-1.3795693 19.433054 1.8598021
-1.3379291 19.433048 1.8599215
-1.2978081 19.433046 1.8590505
-1.258777 19.433044 1.8600976
-1.2196507 19.433044 1.8606153
-1.1800921 19.433043 1.8603127
-1.1375164 19.433039 1.8595997
-1.0953555 19.433037 1.859839
-1.0597843 19.433029 1.85991
-1.0247694 19.433031 1.8599743
-0.98161459 19.433022 1.8598852
-0.93877047 19.433016 1.8606068
-0.9000414 19.433016 1.8599323
-0.86230654 19.433016 1.8601464
-2.9529464 16.030884 1.9003053
-2.9529438 16.06089 1.9000993
-2.9529424 16.099955 1.8999243
-2.9529419 16.140467 1.900728
-2.9529409 16.181469 1.89957
-2.9529397 16.22048 1.8997778
-2.9529362 16.260891 1.9000833
-2.9529347 16.301163 1.8998024
-2.9529343 16.339893 1.8995339
-2.9529328 16.379034 1.9005463
-2.9529312 16.419085 1.8997236
-2.9529288 16.460203 1.9000887
-2.9529271 16.50165 1.8999187
-2.9529264 16.540819 1.9000449
-2.952925 16.580334 1.9001849
-2.9529226 16.621336 1.9003708
-2.9529214 16.659302 1.8992616
-2.9529197 16.697388 1.8996778
-2.9529188 16.736483 1.9001127
-2.9529166 16.776327 1.9005556
-2.952915 16.816927 1.9002051
-2.9529126 16.859011 1.9006824
-2.9529114 16.900515 1.8994784
-2.9529095 16.938501 1.9004378
-2.9529085 16.978212 1.8992877
-2.9529068 17.017656 1.9000688
-2.9529045 17.059109 1.8999534
-2.9529035 17.1008 1.8996652
-2.9529026 17.137589 1.9001067
-2.9529002 17.175795 1.8994478
-2.9528992 17.214951 1.8998733
-2.9528968 17.255241 1.9002936
-2.9528956 17.295433 1.899619
-2.952894 17.336622 1.9000547
-2.9528921 17.379076 1.9004942
-2.9528906 17.42141 1.8998036
-2.9528887 17.464247 1.9002643
-2.9528873 17.501583 1.8996654
-2.9528854 17.53952 1.8990544
-2.9528842 17.580013 1.9007684
-2.9528818 17.620522 1.9001371
-2.9528809 17.661867 1.900236
-2.9528792 17.696457 1.8989583
-2.9528775 17.738506 1.89952
-2.9528761 17.781212 1.9000938
-2.9528742 17.818398 1.9020215
-2.9528725 17.856115 1.8989679
-2.9528711 17.894371 1.8992203
-2.9528694 17.939295 1.9002417
-2.9528677 17.985817 1.9021283
-2.9528656 18.025969 1.8989781
-2.9528644 18.059872 1.8997699
-2.952863 18.094221 1.9005896
-2.9528615 18.137268 1.8990173
-2.9528596 18.178402 1.8993856
-2.9528582 18.220133 1.8997699
-2.9528558 18.266497 1.8998542
-2.9528546 18.301029 1.9019063
-2.9528537 18.331993 1.8985742
-1.9418525 19.389166 1.8988262
-1.9001088 19.389162 1.8997071
-1.8550937 19.38916 1.9011809
-1.8192506 19.389158 1.8984715
-1.7804165 19.389154 1.9005909
-1.7362894 19.389147 1.9007796
-1.6962051 19.389143 1.8994519
-1.6596875 19.389143 1.89925
-1.6240358 19.389135 1.9002982
-1.5838705 19.389132 1.9003923
-1.5443236 19.38913 1.8979731
-1.5106205 19.390226 1.9017968
-1.4957299 19.427679 1.8990506
-1.4593501 19.43306 1.8997637
-1.4167912 19.433056 1.9015169
-1.3798399 19.433054 1.900426
-1.3383625 19.433048 1.8999689
-1.2970207 19.433046 1.8990791
-1.2571026 19.433044 1.9005051
-1.2186897 19.433044 1.9012181
-1.1804981 19.433043 1.9000286
-1.1382933 19.433041 1.8998902
-1.0964739 19.433035 1.8997592
-1.0588858 19.433031 1.8991576
-1.0225978 19.433029 1.9002774
-0.97911161 19.433022 1.8998743
-0.93667883 19.43302 1.9001597
-0.89937419 19.433016 1.9000095
-0.86231095 19.433016 1.8998741
-2.9529464 16.030556 1.9405574
-2.9529438 16.060886 1.9398631
-2.9529431 16.100233 1.939657
-2.9529419 16.140175 1.9404345
-2.9529409 16.181614 1.93973
-2.9529397 16.22084 1.9389949
-2.9529359 16.260582 1.9406198
-2.9529345 16.301537 1.9398779
-2.952934 16.33989 1.9400971
-2.9529333 16.37903 1.940286
-2.9529316 16.419088 1.9398779
-2.9529288 16.459984 1.9394605
-2.9529271 16.501976 1.9402544
-2.9529266 16.541096 1.9392116
-2.9529252 16.58057 1.9394873
-2.9529226 16.621044 1.9410661
-2.9529209 16.659012 1.9403379
-2.9529192 16.697685 1.9395932
-2.9529183 16.736483 1.9403894
-2.9529166 16.776329 1.9404172
-2.952915 16.816927 1.9404488
-2.9529126 16.857618 1.9396405
-2.9529114 16.90016 1.9396712
-2.9529102 16.938959 1.939746
-2.9529085 16.978582 1.9393889
-2.9529068 17.018892 1.9390247
-2.952904 17.05949 1.9407849
-2.9529035 17.101292 1.9404267
-2.9529026 17.138893 1.9401052
-2.9528999 17.177118 1.9397782
-2.952899 17.215729 1.9405485
-2.9528968 17.255245 1.9402199
-2.9528959 17.295437 1.9398855
-2.952894 17.336321 1.9395452
-2.9528923 17.376982 1.9403485
-2.9528909 17.419285 1.9400067
-2.9528885 17.46233 1.9396584
-2.9528873 17.500734 1.9386277
-2.9528854 17.540174 1.9390246
-2.9528844 17.580889 1.9417984
-2.9528818 17.621204 1.9407644
-2.9528809 17.660963 1.9404629
-2.9528787 17.695539 1.9394495
-2.9528775 17.738148 1.9398689
-2.9528761 17.781216 1.9411834
-2.9528742 17.818399 1.9417471
-2.952873 17.856115 1.9389772
-2.9528711 17.894371 1.9395175
-2.9528692 17.939726 1.9396019
-2.9528677 17.984608 1.9414874
-2.9528658 18.025969 1.9402646
-2.9528642 18.060846 1.9385256
-2.9528632 18.092964 1.9407318
-2.9528615 18.135996 1.9394788
-2.9528596 18.179693 1.9381977
-2.952858 18.221453 1.9388591
-2.9528563 18.263826 1.9395405
-2.9528546 18.303152 1.93944
-2.9528537 18.331993 1.9421622
-1.9408172 19.389166 1.9406877
-1.9008605 19.389162 1.9401619
-1.8570422 19.38916 1.9398969
-1.818261 19.389158 1.9393996
-1.7793411 19.389153 1.9415812
-1.7377992 19.389149 1.9399745
-1.696896 19.389147 1.9384059
-1.6596875 19.389143 1.9405483
-1.6236999 19.389137 1.9400505
-1.5842041 19.389132 1.9397998
-1.5443234 19.38913 1.9383576
-1.5106202 19.390226 1.9419228
-1.4952178 19.428658 1.9374408
-1.4593503 19.43306 1.939806
-1.4167912 19.433056 1.941222
-1.3795693 19.433054 1.9410881
-1.3383608 19.433048 1.9400305
-1.2975441 19.433046 1.9402199
-1.2579383 19.433044 1.9398947
-1.2186897 19.433044 1.9393545
-1.1809055 19.433043 1.9397545
-1.1387129 19.433041 1.9402022
-1.097596 19.433037 1.9397082
-1.060683 19.433031 1.9405155
-1.0240432 19.433027 1.9405004
-0.98074347 19.433022 1.9399304
-0.93807089 19.433016 1.9396348
-0.9000414 19.433016 1.9400611
-0.86230659 19.433016 1.9396031
-2.9529464 16.030556 1.9799789
-2.9529445 16.060886 1.9796264
-2.9529431 16.100237 1.9798644
-2.9529419 16.140467 1.9801109
-2.9529414 16.181612 1.980366
-2.9529397 16.220663 1.9794259
-2.9529362 16.260252 1.9801459
-2.9529345 16.301353 1.9800143
-2.9529343 16.33979 1.9800199
-2.9529331 16.379036 1.9800253
-2.9529314 16.419085 1.9800313
-2.9529285 16.459988 1.980037
-2.9529271 16.501751 1.9800429
-2.9529264 16.540567 1.9798458
-2.9529252 16.580231 1.9794564
-2.9529226 16.621334 1.9802498
-2.9529214 16.65901 1.9806471
-2.9529192 16.697386 1.9794844
-2.9529183 16.736485 1.9798759
-2.9529166 16.776329 1.9802786
-2.9529147 16.816927 1.9806918
-2.9529128 16.858315 1.9794846
-2.9529114 16.900515 1.9798917
-2.9529097 16.939188 1.9801006
-2.9529083 16.97858 1.9803168
-2.9529071 17.019363 1.9790635
-2.9529047 17.059902 1.9799275
-2.9529035 17.101042 1.9801259
-2.9529021 17.138639 1.9801309
-2.9529002 17.176861 1.9801364
-2.952899 17.215725 1.9801418
-2.9528968 17.255241 1.9801475
-2.9528959 17.295431 1.980153
-2.952894 17.336317 1.9801587
-2.9528921 17.377907 1.9801649
-2.9528906 17.420221 1.9801704
-2.9528887 17.463284 1.9801764
-2.9528873 17.501581 1.9790128
-2.9528854 17.540834 1.9790097
-2.952884 17.580013 1.9813828
-2.9528818 17.620182 1.9802066
-2.9528809 17.660963 1.9790047
-2.952879 17.696457 1.9798025
-2.9528775 17.738506 1.9802122
-2.9528759 17.781218 1.9806296
-2.9528742 17.818399 1.9814728
-2.952873 17.856115 1.9789867
-2.9528711 17.894371 1.9798145
-2.9528694 17.939726 1.9802401
-2.9528675 17.985815 1.9806738
-2.9528658 18.025969 1.9815512
-2.9528642 18.059872 1.9776669
-2.952863 18.094221 1.9806973
-2.9528615 18.134718 1.9799136
-2.9528596 18.1784 1.9789566
-2.952858 18.222763 1.9779763
-2.9528558 18.265165 1.9789391
-2.9528546 18.302094 1.9802974
-2.9528534 18.331993 1.9803017
-1.9396784 19.389166 1.9807259
-1.902838 19.389162 1.9792287
-1.8577759 19.38916 1.9800497
-1.8172702 19.389158 1.9803054
-1.7800599 19.389156 1.981146
-1.738153 19.389149 1.980565
-1.695857 19.389143 1.9787545
-1.6596875 19.389143 1.9818463
-1.6240358 19.389137 1.9797641
-1.5838705 19.389132 1.9792465
-1.5443233 19.38913 1.9787419
-1.5106202 19.390226 1.9820485
-1.49573 19.427679 1.9762756
-1.4593501 19.43306 1.9798476
-1.4167912 19.433056 1.9809273
-1.3795694 19.433054 1.9804983
-1.3383625 19.433048 1.9800913
-1.2978079 19.433046 1.9801757
-1.257519 19.433044 1.9793024
-1.2179273 19.433043 1.9787232
-1.1792845 19.433043 1.9794873
-1.1371204 19.433041 1.9795843
-1.0956942 19.433035 1.9796797
-1.0597844 19.433029 1.9797634
-1.0236856 19.433031 1.9807569
-0.97988123 19.433022 1.9806823
-0.93739229 19.433018 1.9800394
-0.89937407 19.433016 1.9801267
-0.86198789 19.433016 1.980213
-2.9529464 16.03023 2.020216
-2.9529445 16.060888 2.0193903
-2.9529426 16.100235 2.0200713
-2.9529419 16.140182 2.0202949
-2.9529409 16.181316 2.0205188
-2.9529397 16.220575 2.0204046
-2.9529364 16.260891 2.0191388
-2.9529352 16.301163 2.0201454
-2.9529343 16.339705 2.0199401
-2.9529333 16.379032 2.0197654
-2.9529307 16.419086 2.0201848
-2.9529285 16.459875 2.0199876
-2.9529271 16.501537 2.0198245
-2.9529264 16.540819 2.0205176
-2.9529254 16.580687 2.0199721
-2.9529226 16.621332 2.0194223
-2.9529214 16.658718 2.0201616
-2.9529192 16.69739 2.0201683
-2.9529183 16.736485 2.0193632
-2.9529166 16.776329 2.0201404
-2.952915 16.816927 2.0209348
-2.952913 16.857969 2.0192823
-2.9529114 16.900515 2.0200996
-2.9529095 16.939415 2.0204613
-2.9529083 16.978949 2.0212662
-2.9529071 17.017942 2.0190897
-2.9529049 17.059111 2.0190082
-2.9529035 17.1008 2.0198178
-2.9529018 17.138391 2.0201495
-2.9529002 17.176867 2.0193999
-2.952899 17.215729 2.0197341
-2.9528968 17.255247 2.0200739
-2.9528959 17.295437 2.0204196
-2.9528944 17.336321 2.0207713
-2.9528921 17.378836 2.0200024
-2.9528904 17.421167 2.0203569
-2.9528885 17.464249 2.0207171
-2.9528873 17.502432 2.0194178
-2.9528852 17.540508 2.020175
-2.952884 17.580013 2.019316
-2.9528818 17.619164 2.019624
-2.9528809 17.660061 2.0192029
-2.9528792 17.696455 2.0202281
-2.9528775 17.738504 2.0193369
-2.9528761 17.781218 2.0200753
-2.9528742 17.818398 2.0211985
-2.9528725 17.856115 2.018996
-2.9528713 17.894371 2.0201113
-2.9528694 17.939728 2.0208781
-2.9528677 17.985819 2.0199506
-2.9528658 18.024742 2.0211823
-2.9528644 18.059872 2.0192084
-2.9528632 18.094225 2.0207555
-2.9528615 18.135994 2.0201883
-2.9528596 18.177103 2.0196884
-2.952858 18.221449 2.019037
-2.9528563 18.266497 2.0183668
-2.9528546 18.301029 2.0211329
-2.9528537 18.331993 2.0184412
-1.9418525 19.389166 2.0185416
-1.9012334 19.389162 2.0198214
-1.8555657 19.38916 2.0203276
-1.8182621 19.389158 2.0191805
-1.7807759 19.389156 2.0207274
-1.7388549 19.389149 2.019841
-1.695857 19.389143 2.020339
-1.6587542 19.389143 2.021538
-1.6243746 19.389135 2.0194848
-1.5838706 19.389132 2.0199444
-1.5443236 19.38913 2.0191267
-1.5106202 19.390226 2.0221746
-1.49573 19.427679 2.0165651
-1.45935 19.433056 2.0198898
-1.4167912 19.433056 2.0206323
-1.3795693 19.433054 2.0199087
-1.3387942 19.433048 2.0201566
-1.29807 19.433046 2.0201387
-1.2579367 19.433044 2.0196693
-1.2184343 19.433043 2.0192072
-1.1796874 19.433043 2.0192006
-1.1375332 19.433043 2.0198843
-1.0960999 19.433037 2.0196271
-1.0588857 19.433031 2.0189877
-1.0233034 19.433027 2.0200894
-0.98030961 19.433022 2.0207205
-0.93807071 19.433018 2.0204413
-0.9000414 19.433016 2.0201902
-0.8626442 19.433016 2.019943
-2.9529464 16.030556 2.0604601
-2.952945 16.060499 2.0596323
-2.9529428 16.100233 2.0602794
-2.9529419 16.140751 2.0599735
-2.9529414 16.181326 2.060169
-2.95294 16.220306 2.0602717
-2.9529364 16.26058 2.0596654
-2.952935 16.301447 2.0596306
-2.9529343 16.339695 2.060499
-2.9529331 16.379034 2.0595047
-2.9529316 16.419083 2.0603387
-2.9529288 16.459881 2.05937
-2.9529271 16.501862 2.0601683
-2.9529264 16.541096 2.0596926
-2.9529252 16.581144 2.0605011
-2.9529228 16.62162 2.0593846
-2.9529212 16.65901 2.0604873
-2.9529192 16.697386 2.060853
-2.9529188 16.736788 2.0596623
-2.9529169 16.776329 2.0600016
-2.952915 16.816242 2.0603909
-2.9529126 16.858316 2.0591204
-2.9529114 16.900515 2.060308
-2.9529095 16.939871 2.0597987
-2.9529083 16.978577 2.0605042
-2.9529068 17.018417 2.0591197
-2.9529047 17.059492 2.05985
-2.9529035 17.101292 2.0605919
-2.9529021 17.139694 2.0601957
-2.9529002 17.177626 2.0597711
-2.952899 17.215725 2.0593271
-2.9528968 17.255241 2.0600014
-2.9528956 17.295431 2.0606871
-2.952894 17.336014 2.06025
-2.9528925 17.376741 2.0598013
-2.9528911 17.419039 2.060503
-2.9528885 17.46233 2.0600646
-2.9528871 17.500734 2.0599723
-2.9528852 17.540506 2.0601635
-2.9528842 17.579142 2.0588729
-2.9528823 17.619841 2.0602462
-2.9528809 17.660961 2.0592926
-2.9528792 17.696457 2.0606534
-2.9528775 17.738863 2.0596914
-2.9528759 17.781218 2.0595214
-2.9528742 17.818399 2.0609243
-2.952873 17.856115 2.0590053
-2.9528711 17.894371 2.0604088
-2.9528694 17.940163 2.0602541
-2.9528675 17.985817 2.0592277
-2.9528656 18.025969 2.0606754
-2.9528644 18.059872 2.0607498
-2.9528632 18.095476 2.0590155
-2.9528615 18.135996 2.0605476
-2.9528599 18.1784 2.0602775
-2.952858 18.220133 2.0600703
-2.9528561 18.265162 2.0597341
-2.9528546 18.303152 2.0587106
-2.9528537 18.331993 2.0620291
-1.9408174 19.389166 2.0603802
-1.8996288 19.389162 2.0603795
-1.8563056 19.38916 2.0604682
-1.8192506 19.389158 2.0580781
-1.781489 19.389153 2.0603247
-1.7377993 19.389149 2.0604954
-1.6948154 19.389147 2.0606561
-1.6596874 19.389143 2.0609944
-1.6240358 19.389135 2.0592349
-1.5848657 19.389132 2.059339
-1.5443234 19.38913 2.0595112
-1.5106202 19.390226 2.0623004
-1.49573 19.427679 2.056855
-1.4593501 19.433056 2.0599322
-1.4167912 19.433056 2.0603373
-1.3803854 19.433054 2.0605221
-1.3383625 19.433048 2.0602171
-1.2978081 19.433046 2.0601265
-1.2583562 19.433044 2.0600467
-1.2189432 19.433044 2.0597045
-1.1804783 19.433043 2.0598762
-1.1383127 19.433041 2.0602012
-1.0968657 19.433035 2.0595908
-1.0606829 19.433031 2.0603917
-1.0240432 19.433027 2.0594339
-0.98001313 19.433022 2.0600302
-0.93772644 19.433016 2.0599425
-0.89937419 19.433016 2.0602441
-0.86198789 19.433016 2.0596638
-2.9529464 16.030556 2.0998816
-2.9529445 16.060886 2.0998595
-2.9529428 16.100094 2.1000075
-2.9529419 16.140469 2.1001575
-2.9529414 16.181904 2.1003075
-2.95294 16.220921 2.1000788
-2.9529366 16.260269 2.1001813
-2.952935 16.301443 2.0997844
-2.9529345 16.339893 2.0997837
-2.9529333 16.378531 2.0998557
-2.9529312 16.418577 2.0998931
-2.9529285 16.460091 2.099896
-2.9529274 16.501867 2.0999746
-2.9529264 16.540823 2.0995805
-2.9529252 16.580805 2.1004715
-2.9529233 16.621334 2.1000743
-2.9529214 16.65901 2.1000206
-2.9529192 16.69709 2.1007295
-2.9529188 16.736483 2.0999193
-2.9529161 16.776329 2.0998631
-2.9529147 16.816927 2.0998051
-2.9529128 16.858318 2.0997527
-2.9529114 16.900869 2.1005449
-2.9529099 16.938501 2.0990903
-2.9529085 16.978212 2.0997322
-2.9529071 17.018892 2.0991626
-2.9529047 17.05987 2.1007018
-2.9529035 17.10104 2.1002841
-2.9529018 17.137894 2.1001816
-2.9529002 17.175793 2.1000836
-2.9528992 17.215471 2.1000116
-2.9528971 17.255247 2.0999281
-2.9528959 17.295437 2.1009536
-2.952894 17.337463 2.0997717
-2.9528923 17.378218 2.0996513
-2.9528904 17.420538 2.1007018
-2.9528887 17.462967 2.0994389
-2.9528873 17.501581 2.100378
-2.9528852 17.540176 2.0989664
-2.9528842 17.580013 2.0999167
-2.9528818 17.620182 2.0996802
-2.9528809 17.660961 2.0994401
-2.9528792 17.696457 2.0994623
-2.9528775 17.738506 2.1000347
-2.9528761 17.782164 2.1005735
-2.9528744 17.818399 2.1006501
-2.952873 17.856115 2.0990145
-2.9528711 17.894371 2.1007054
-2.9528694 17.939726 2.0996175
-2.9528675 17.985817 2.1002123
-2.9528658 18.02597 2.1002417
-2.9528644 18.059872 2.1022913
-2.9528637 18.094221 2.0991395
-2.9528615 18.137268 2.0991042
-2.9528596 18.1784 2.1009421
-2.952858 18.221451 2.0991964
-2.9528563 18.263826 2.1010728
-2.9528546 18.302092 2.0995462
-2.9528534 18.331993 2.1001685
-1.9396784 19.389166 2.1003933
-1.9016094 19.389162 2.0994723
-1.8570421 19.38916 2.100626
-1.818261 19.389158 2.0989769
-1.7793411 19.389154 2.1000028
-1.7367408 19.389149 2.1011264
-1.6955116 19.389143 2.0996096
-1.6596886 19.389143 2.1005716
-1.6240361 19.389135 2.1002505
-1.5838706 19.389132 2.0988038
-1.5443234 19.38913 2.099896
-1.5106202 19.390226 2.1024265
-1.49573 19.427679 2.0971448
-1.4593502 19.43306 2.0999742
-1.4167912 19.433056 2.1000423
-1.3795694 19.433052 2.1011996
-1.3383625 19.433048 2.0993009
-1.2985973 19.433046 2.1000786
-1.2579383 19.433044 2.0994501
-1.2194537 19.433044 2.100214
-1.1809055 19.433043 2.1005623
-1.137918 19.433043 2.1005061
-1.096478 19.433037 2.0995429
-1.0590715 19.433029 2.1007898
-1.0236856 19.433027 2.0996809
-0.98045701 19.433022 2.0999653
-0.93737376 19.433018 2.0994353
-0.9000414 19.433016 2.1003191
-0.86264414 19.433016 2.0994058
-2.9529464 16.030447 2.1401188
-2.9529443 16.060888 2.1396224
-2.9529426 16.100235 2.1397343
-2.9529421 16.140324 2.1403339
-2.9529414 16.181467 2.140456
-2.95294 16.22084 2.1399059
-2.9529366 16.26058 2.1401927
-2.9529352 16.300871 2.1398931
-2.9529343 16.339413 2.1397552
-2.9529335 16.379423 2.1401653
-2.9529309 16.419596 2.1400285
-2.9529288 16.459557 2.1399016
-2.9529271 16.501223 2.1397312
-2.9529264 16.540554 2.140214
-2.9529252 16.580099 2.1397526
-2.9529228 16.621044 2.1407557
-2.9529212 16.6593 2.1395824
-2.9529192 16.697386 2.1406536
-2.9529188 16.736485 2.1394062
-2.9529166 16.776329 2.1397245
-2.9529145 16.816929 2.1400483
-2.9529128 16.858318 2.1403847
-2.9529114 16.899801 2.1399119
-2.9529099 16.939188 2.1394634
-2.9529085 16.978582 2.1398499
-2.9529068 17.018656 2.1402435
-2.9529047 17.059069 2.1397614
-2.9529035 17.1008 2.1399696
-2.9529023 17.138643 2.1402197
-2.9529002 17.177118 2.1404712
-2.952899 17.216816 2.1407518
-2.9528966 17.255243 2.1398554
-2.9528959 17.295135 2.1400914
-2.9528944 17.335173 2.1403182
-2.9528923 17.377909 2.1394713
-2.9528906 17.420225 2.1408696
-2.9528887 17.463608 2.138828
-2.9528871 17.50243 2.1408041
-2.9528854 17.540834 2.1389728
-2.9528842 17.580889 2.140981
-2.9528818 17.620522 2.1391222
-2.9528809 17.660963 2.1395879
-2.9528794 17.697374 2.139858
-2.9528775 17.738506 2.1391597
-2.9528761 17.781216 2.1417086
-2.9528744 17.818399 2.1403756
-2.952873 17.856115 2.1390238
-2.9528711 17.894371 2.1410024
-2.9528694 17.939726 2.1402555
-2.9528673 17.987024 2.1394517
-2.9528658 18.02597 2.1398084
-2.9528642 18.058897 2.1413903
-2.952863 18.094221 2.140939
-2.9528615 18.135994 2.1395204
-2.9528596 18.179691 2.1398001
-2.952858 18.222761 2.1383507
-2.9528563 18.265165 2.1405094
-2.9528546 18.301029 2.1403594
-2.9528537 18.331993 2.138308
-1.9418525 19.389166 2.1382561
-1.9023552 19.389162 2.1399777
-1.8577758 19.38916 2.1408007
-1.8182608 19.389158 2.1415308
-1.7800601 19.389154 2.1395888
-1.7374483 19.389149 2.1403966
-1.6958573 19.389143 2.1398847
-1.6606196 19.389143 2.1383359
-1.6250468 19.389135 2.1399691
-1.5838706 19.389132 2.1395018
-1.5443234 19.38913 2.1402805
-1.5106202 19.390226 2.1425526
-1.49573 19.427679 2.1374345
-1.4593501 19.433056 2.1400163
-1.4167912 19.433056 2.1397476
-1.3795693 19.433054 2.1406097
-1.3392292 19.433048 2.1393917
-1.2978079 19.433046 2.1400812
-1.2579411 19.433044 2.1398191
-1.2186897 19.433043 2.13957
-1.1792845 19.433043 2.1402402
-1.1375164 19.433039 2.1408007
-1.0961 19.433037 2.140415
-1.0595458 19.433029 2.1399505
-1.0233191 19.433029 2.1399193
-0.98091179 19.433022 2.1400828
-0.93805921 19.433016 2.1398547
-0.89937419 19.433016 2.1403613
-0.86198789 19.433016 2.1391151
-2.9529467 16.030556 2.1803658
-2.9529457 16.061016 2.179862
-2.9529431 16.100233 2.1799424
-2.9529421 16.14089 2.1800349
-2.9529414 16.182056 2.1801212
-2.95294 16.220577 2.1797364
-2.9529366 16.260887 2.1802142
-2.952935 16.301723 2.1793978
-2.9529343 16.339794 2.1802595
-2.9529333 16.37862 2.1799405
-2.9529314 16.418577 2.1801901
-2.952929 16.46051 2.1798425
-2.9529274 16.502193 2.180095
-2.9529264 16.541098 2.1801734
-2.952925 16.580688 2.1796665
-2.9529228 16.621332 2.1807215
-2.9529214 16.658426 2.1798654
-2.9529192 16.697384 2.1797729
-2.9529188 16.735876 2.179682
-2.9529166 16.776329 2.1795857
-2.9529147 16.816927 2.1802914
-2.9529126 16.858318 2.1802044
-2.9529114 16.900515 2.180109
-2.9529099 16.938959 2.1798093
-2.9529083 16.97858 2.1807773
-2.9529068 17.018652 2.1802762
-2.9529047 17.059492 2.1789148
-2.9529035 17.10129 2.1807575
-2.9529021 17.138639 2.1791606
-2.9529002 17.176863 2.1808183
-2.9528995 17.214638 2.1802599
-2.9528968 17.255243 2.1797819
-2.9528959 17.295706 2.1803796
-2.9528937 17.336622 2.1798499
-2.9528923 17.3776 2.179285
-2.9528906 17.419907 2.1810308
-2.9528887 17.463289 2.179348
-2.9528873 17.501581 2.179739
-2.9528852 17.54051 2.1801274
-2.952884 17.580015 2.1805313
-2.9528818 17.621204 2.1797814
-2.9528806 17.661867 2.1797128
-2.952879 17.696455 2.1803212
-2.9528775 17.739574 2.1795521
-2.9528761 17.781218 2.1811545
-2.9528742 17.818399 2.1801012
-2.9528725 17.856115 2.1790328
-2.9528711 17.895538 2.1795919
-2.9528694 17.939728 2.1808937
-2.9528675 17.985815 2.1787748
-2.9528658 18.027193 2.1793451
-2.9528642 18.059872 2.1801755
-2.9528635 18.092964 2.1810267
-2.9528615 18.134718 2.1799097
-2.9528596 18.1784 2.1805129
-2.952858 18.221449 2.1793745
-2.9528563 18.266497 2.1799746
-2.9528546 18.303152 2.1779811
-2.9528537 18.331993 2.1818957
-1.9408172 19.389166 2.1800725
-1.9001086 19.389162 2.1805212
-1.855566 19.38916 2.1810129
-1.8171724 19.389156 2.1806357
-1.7807759 19.389153 2.1791914
-1.7381531 19.389149 2.179683
-1.6962054 19.389143 2.180167
-1.6596874 19.389143 2.1780128
-1.624036 19.389135 2.1797264
-1.5838706 19.389132 2.1801994
-1.5443232 19.38913 2.180665
-1.5106202 19.390226 2.1826785
-1.49573 19.427679 2.1777241
-1.4593502 19.433064 2.1800585
-1.4167912 19.433056 2.1794524
-1.3795693 19.433056 2.1800203
-1.3374989 19.433048 2.1803706
-1.2970206 19.433046 2.180064
-1.257519 19.433044 2.1811323
-1.2179275 19.433043 2.1789069
-1.1796876 19.433043 2.1799669
-1.1379138 19.433041 2.1801829
-1.0968658 19.433035 2.1803987
-1.060683 19.433035 2.1802683
-1.0240616 19.433029 2.1792827
-0.97988129 19.433022 2.1800303
-0.9373737 19.433018 2.1802299
-0.90004134 19.433016 2.1804481
-0.86327553 19.433016 2.179781
-2.9529467 16.030558 2.2197871
-2.9529452 16.060888 2.220098
-2.9529433 16.100231 2.2201493
-2.9529421 16.140467 2.2197242
-2.9529414 16.181175 2.2197602
-2.95294 16.220749 2.2201746
-2.9529366 16.260115 2.2202132
-2.9529352 16.300978 2.2195396
-2.9529343 16.340174 2.2207766
-2.9529333 16.379421 2.2196531
-2.9529314 16.419508 2.2197218
-2.9529285 16.459463 2.2204156
-2.9529271 16.501316 2.2198894
-2.9529264 16.540823 2.220053
-2.9529254 16.581146 2.2202132
-2.9529233 16.621332 2.2198937
-2.9529212 16.659595 2.2201772
-2.952919 16.697386 2.2196748
-2.9529183 16.736485 2.219954
-2.9529169 16.776327 2.2194474
-2.952915 16.816927 2.2205343
-2.9529128 16.858316 2.2200239
-2.9529114 16.900885 2.2194653
-2.9529107 16.939188 2.2201767
-2.952908 16.978195 2.2209015
-2.9529068 17.018417 2.2192414
-2.9529049 17.05987 2.2197769
-2.9529035 17.10104 2.220443
-2.9529018 17.138391 2.2191682
-2.9529002 17.176867 2.2200823
-2.9528992 17.215988 2.2210093
-2.9528971 17.255241 2.2197094
-2.9528959 17.295134 2.2206204
-2.9528935 17.336323 2.2193232
-2.9528923 17.378183 2.2202756
-2.9528904 17.420538 2.2200861
-2.9528887 17.462969 2.2198603
-2.9528873 17.500734 2.2186537
-2.9528854 17.540176 2.2212749
-2.9528842 17.57914 2.2200601
-2.9528823 17.619162 2.2203178
-2.9528809 17.660963 2.2198904
-2.9528792 17.696457 2.2191298
-2.9528775 17.73744 2.2210319
-2.9528761 17.781216 2.2206004
-2.9528742 17.818399 2.2198269
-2.952873 17.856115 2.2190425
-2.9528711 17.894371 2.2182462
-2.9528694 17.939726 2.2215316
-2.9528677 17.985817 2.2197592
-2.9528658 18.025969 2.2189491
-2.9528642 18.060846 2.2189806
-2.9528635 18.094223 2.2193048
-2.9528615 18.135994 2.2202301
-2.9528596 18.177103 2.2211983
-2.952858 18.220133 2.2203703
-2.9528563 18.263826 2.2195299
-2.9528546 18.302092 2.2187943
-2.9528534 18.331993 2.2200353
-1.9397805 19.389166 2.2218659
-1.9008607 19.389162 2.2210145
-1.8563055 19.38916 2.2211754
-1.818261 19.389158 2.2195392
-1.7804165 19.389154 2.2201309
-1.7377994 19.389149 2.2202954
-1.6958573 19.389145 2.2204573
-1.6596874 19.389143 2.219311
-1.6240361 19.389135 2.2207422
-1.5838705 19.389132 2.2208974
-1.5443236 19.38913 2.2210495
-1.5106202 19.390226 2.2228043
-1.49573 19.427679 2.218014
-1.4583446 19.43306 2.2190504
-1.4167913 19.433056 2.2191575
-1.3795693 19.433054 2.2194304
-1.3383625 19.433048 2.2204616
-1.2978081 19.433046 2.2200232
-1.2579383 19.433044 2.2205551
-1.2184343 19.433043 2.2194126
-1.1800921 19.433043 2.2197034
-1.1383127 19.433039 2.2195754
-1.096478 19.433037 2.2203405
-1.0590715 19.433029 2.2206247
-1.0233387 19.433029 2.2195015
-0.98030972 19.433022 2.2200878
-0.93805927 19.43302 2.2206614
-0.89937407 19.433016 2.2204783
-0.86134088 19.433016 2.2203012
-2.9529467 16.030664 2.2600396
-2.9529457 16.060627 2.2603238
-2.9529431 16.100233 2.2603569
-2.9529421 16.140038 2.2593989
-2.9529412 16.181759 2.2599211
-2.95294 16.220226 2.2605622
-2.9529369 16.260426 2.2602305
-2.9529355 16.30135 2.2596433
-2.9529343 16.339388 2.260129
-2.9529333 16.378933 2.2600274
-2.9529314 16.418686 2.2598948
-2.9529288 16.459986 2.2603793
-2.9529274 16.501753 2.2596409
-2.9529264 16.540545 2.2599244
-2.9529252 16.580807 2.2601707
-2.9529221 16.621058 2.2598567
-2.9529214 16.658716 2.2604485
-2.9529192 16.697386 2.2595766
-2.9529183 16.736483 2.2594407
-2.9529166 16.776329 2.2593083
-2.952915 16.816927 2.260778
-2.9529133 16.858315 2.2606556
-2.9529114 16.900515 2.2588875
-2.9529107 16.939415 2.2605495
-2.952908 16.978962 2.259259
-2.9529071 17.018892 2.2593012
-2.9529049 17.058725 2.2605476
-2.9529035 17.1008 2.2601223
-2.9529023 17.138891 2.2603004
-2.9529004 17.176863 2.2593462
-2.9528992 17.215439 2.2605717
-2.9528971 17.255245 2.2596362
-2.9528959 17.29656 2.2598538
-2.952894 17.336317 2.2599363
-2.9528923 17.3776 2.2612092
-2.9528904 17.420225 2.2602468
-2.9528887 17.463608 2.2592652
-2.9528873 17.501581 2.2590866
-2.9528852 17.540506 2.2601016
-2.952884 17.580013 2.2595508
-2.9528828 17.619841 2.2609668
-2.9528809 17.660057 2.2600465
-2.9528792 17.695539 2.2595642
-2.9528773 17.738508 2.2614248
-2.9528761 17.781216 2.2600467
-2.9528742 17.818399 2.2595527
-2.952873 17.856115 2.2590518
-2.9528711 17.894371 2.2585437
-2.9528694 17.941032 2.260972
-2.9528675 17.985815 2.2607439
-2.9528658 18.025969 2.260236
-2.9528644 18.059872 2.2580724
-2.9528635 18.094221 2.2593634
-2.9528615 18.135996 2.2605891
-2.9528601 18.178402 2.2600653
-2.952858 18.221451 2.2595341
-2.9528565 18.265165 2.2589941
-2.9528546 18.301029 2.2595859
-2.9528537 18.331993 2.2581749
-1.9419575 19.389166 2.2597766
-1.902838 19.389162 2.2601831
-1.8570421 19.38916 2.2613552
-1.8192508 19.389158 2.2602468
-1.781489 19.389153 2.2610729
-1.7388549 19.389149 2.2609105
-1.6968962 19.389147 2.2607503
-1.6596875 19.389143 2.2606094
-1.6230227 19.389135 2.2604687
-1.5828729 19.389132 2.2603157
-1.5433412 19.38913 2.260165
-1.5097775 19.390326 2.261363
-1.49573 19.427679 2.2583041
-1.4593503 19.433056 2.2581325
-1.4159651 19.433056 2.2600994
-1.3787553 19.433052 2.2600679
-1.3379291 19.433048 2.2604973
-1.2975442 19.433046 2.2599962
-1.2579368 19.433044 2.2599635
-1.2189431 19.433044 2.2599306
-1.180498 19.433043 2.2594504
-1.137918 19.433041 2.2598665
-1.0960835 19.433035 2.2602725
-1.0595456 19.433031 2.259798
-1.0236819 19.433027 2.2597685
-0.98001319 19.433022 2.2593844
-0.93737388 19.43302 2.261024
-0.9000414 19.433016 2.2605774
-0.86263275 19.433016 2.2609789
-2.9529467 16.030558 2.3002739
-2.9529457 16.060886 2.3005688
-2.9529431 16.100233 2.3005641
-2.9529419 16.140467 2.2995896
-2.9529414 16.181324 2.3000476
-2.9529397 16.220659 2.3004012
-2.9529366 16.260735 2.3002589
-2.9529352 16.301723 2.2997587
-2.9529343 16.340176 2.2994523
-2.9529335 16.379131 2.2997279
-2.9529309 16.419508 2.3000376
-2.9529288 16.460417 2.2997248
-2.9529274 16.502195 2.2994058
-2.9529264 16.540819 2.2991107
-2.9529252 16.580099 2.2994237
-2.9529231 16.621332 2.2997723
-2.9529212 16.659008 2.3000154
-2.9529192 16.697386 2.298696
-2.9529188 16.737091 2.2997365
-2.9529166 16.776327 2.2999675
-2.952915 16.816929 2.3010206
-2.9529128 16.858315 2.3012881
-2.9529114 16.900513 2.2999165
-2.9529102 16.939188 2.3008933
-2.9529085 16.978579 2.2993829
-2.9529071 17.018654 2.3003733
-2.9529047 17.059887 2.3005023
-2.9529035 17.101292 2.3009226
-2.9529018 17.138638 2.3003087
-2.9529004 17.176613 2.2996821
-2.9528992 17.215988 2.300199
-2.9528968 17.255241 2.2995634
-2.9528959 17.294312 2.299979
-2.9528942 17.336323 2.3005495
-2.9528921 17.378216 2.2999363
-2.9528906 17.419909 2.3004
-2.952889 17.463293 2.2997775
-2.9528873 17.50243 2.2995396
-2.9528854 17.540834 2.2989359
-2.9528844 17.580013 2.2990646
-2.9528823 17.620182 2.3004141
-2.9528809 17.660965 2.3001783
-2.9528792 17.696455 2.2999737
-2.9528775 17.738506 2.3005497
-2.9528761 17.781216 2.2994926
-2.9528742 17.818398 2.2992783
-2.9528725 17.856115 2.2990611
-2.9528711 17.894371 2.2988405
-2.9528697 17.938417 2.2989252
-2.9528677 17.984608 2.3000238
-2.9528658 18.024742 2.2998047
-2.9528644 18.059872 2.299614
-2.9528632 18.095476 2.2994192
-2.9528615 18.137268 2.299191
-2.9528596 18.179691 2.29896
-2.952858 18.222761 2.2987251
-2.9528563 18.266497 2.2984869
-2.9528546 18.302092 2.3000932
-2.9528537 18.331993 2.3017631
-1.9408172 19.389166 2.2997649
-1.9001086 19.389162 2.2993269
-1.8566692 19.38916 2.3001957
-1.818261 19.389158 2.3011079
-1.7793411 19.389154 2.3006704
-1.7367409 19.389149 2.3001914
-1.6948155 19.389143 2.2997205
-1.6587542 19.389143 2.3002508
-1.6240358 19.389135 2.3002028
-1.5838706 19.389132 2.2997415
-1.5443236 19.38913 2.2992873
-1.5106205 19.390226 2.2997072
-1.4957299 19.427679 2.2985933
-1.4584438 19.433056 2.299212
-1.4167913 19.433056 2.3010421
-1.3795693 19.433054 2.3007076
-1.3383625 19.433048 2.3005805
-1.2978081 19.433046 2.2999692
-1.2579383 19.433044 2.2993717
-1.2194536 19.433043 2.3004611
-1.1800963 19.433043 2.3000968
-1.1375165 19.433041 2.3001482
-1.0964741 19.433035 2.2993205
-1.060683 19.433035 2.3001444
-1.024031 19.433025 2.3000445
-0.98045707 19.433022 2.2993391
-0.93808883 19.43302 2.2996745
-0.89937419 19.433016 2.300595
-0.86196995 19.433016 2.3006644
-2.9529464 16.038761 2.3216076
-2.9529455 16.064859 2.3277135
-2.9529433 16.101936 2.3353238
-2.9529419 16.140463 2.3402505
-2.9529414 16.181763 2.339726
-2.95294 16.22102 2.3396611
-2.9529366 16.260578 2.3397675
-2.952935 16.300978 2.3398764
-2.9529343 16.339415 2.3399801
-2.9529335 16.378643 2.340086
-2.9529314 16.418688 2.3401937
-2.9529288 16.459257 2.3397052
-2.9529274 16.501316 2.3391736
-2.9529264 16.540556 2.3390336
-2.9529252 16.580688 2.3393605
-2.9529226 16.621609 2.3396962
-2.9529212 16.659008 2.3395493
-2.9529195 16.6971 2.339397
-2.9529188 16.736179 2.3407474
-2.9529166 16.776325 2.3406262
-2.9529152 16.816587 2.3404791
-2.9529128 16.857952 2.3403161
-2.9529114 16.900517 2.3401248
-2.9529104 16.939186 2.3402164
-2.9529083 16.97858 2.3403106
-2.9529068 17.018652 2.3404057
-2.9529045 17.059488 2.3405035
-2.9529035 17.101042 2.3406017
-2.9529018 17.138391 2.3403101
-2.9529002 17.17712 2.3411644
-2.9528992 17.215725 2.3408747
-2.9528968 17.255247 2.3394899
-2.9528959 17.295732 2.3392222
-2.952894 17.336016 2.3400102
-2.9528923 17.377911 2.3397436
-2.9528906 17.420538 2.3394709
-2.9528887 17.462967 2.340282
-2.9528873 17.500734 2.3399985
-2.9528852 17.540508 2.34008
-2.9528842 17.580893 2.3401639
-2.9528818 17.620522 2.3398697
-2.9528809 17.660963 2.3403263
-2.9528797 17.696455 2.3403995
-2.9528775 17.738506 2.3396747
-2.9528761 17.781218 2.3389387
-2.9528744 17.818398 2.3390038
-2.9528725 17.856115 2.3390701
-2.9528711 17.894371 2.3391373
-2.9528694 17.939726 2.338366
-2.9528677 17.985817 2.3392897
-2.9528658 18.025969 2.3393605
-2.9528646 18.059872 2.3411553
-2.9528635 18.094221 2.3394885
-2.9528615 18.135994 2.3395619
-2.9528596 18.1784 2.3396361
-2.952858 18.221449 2.3397119
-2.9528561 18.265163 2.3397887
-2.9528546 18.303152 2.3406224
-2.9528537 18.330919 2.3427503
-1.9397805 19.389166 2.3415358
-1.9008605 19.389162 2.3398366
-1.8563055 19.38916 2.3390274
-1.8172702 19.389158 2.3419476
-1.7800599 19.389154 2.3402834
-1.7374482 19.389149 2.3394883
-1.6958572 19.389145 2.340013
-1.6596875 19.389143 2.3397572
-1.6236998 19.389137 2.3399291
-1.5838705 19.389132 2.3404396
-1.5443236 19.38913 2.3396721
-1.5106205 19.390226 2.339833
-1.49573 19.427679 2.3388832
-1.4593502 19.43306 2.3402114
-1.4167911 19.433056 2.3407476
-1.3795694 19.433054 2.3401177
-1.3383625 19.433048 2.3396642
-1.29807 19.433046 2.3399494
-1.2583562 19.433044 2.3388119
-1.2179275 19.433043 2.3409607
-1.1796876 19.433041 2.3407338
-1.1379139 19.433041 2.3395443
-1.0961027 19.433037 2.3393316
-1.0590715 19.433033 2.3404596
-1.0233034 19.433029 2.3402433
-0.98016769 19.433022 2.3401983
-0.93739253 19.43302 2.3391261
-0.9000414 19.433016 2.3407061
-0.86263281 19.433016 2.3404412
-2.9529419 16.15093 2.3648477
-2.9529409 16.183939 2.3709781
-2.9529395 16.221489 2.3785136
-2.9529366 16.260424 2.3792713
-2.9529352 16.30135 2.3799915
-2.9529343 16.339794 2.3805048
-2.9529335 16.378935 2.3804426
-2.9529309 16.419508 2.3803535
-2.9529288 16.460716 2.3802559
-2.9529271 16.501755 2.3789387
-2.9529264 16.541086 2.3796599
-2.9529252 16.581146 2.3799257
-2.9529228 16.621332 2.3804245
-2.9529212 16.65901 2.3790832
-2.9529192 16.697386 2.3800614
-2.9529183 16.736485 2.3810635
-2.9529166 16.776329 2.3804877
-2.952915 16.81761 2.3790557
-2.9529126 16.858316 2.3792992
-2.9529114 16.900515 2.3803332
-2.9529107 16.939188 2.379539
-2.952908 16.978195 2.3795855
-2.9529068 17.018417 2.3793623
-2.9529047 17.05909 2.3804934
-2.9529035 17.1008 2.3802748
-2.9529021 17.138115 2.3804233
-2.9529002 17.176579 2.3803844
-2.952899 17.215731 2.3804674
-2.9528968 17.255241 2.3794172
-2.9528959 17.295172 2.3794439
-2.952894 17.335747 2.3795919
-2.9528923 17.3776 2.3795443
-2.9528906 17.420225 2.3796239
-2.9528887 17.463608 2.3797019
-2.9528873 17.501581 2.3804519
-2.9528854 17.540176 2.3812165
-2.952884 17.580015 2.3796794
-2.9528823 17.620182 2.3792768
-2.9528809 17.660959 2.3804736
-2.9528792 17.696455 2.380825
-2.9528775 17.73815 2.3799932
-2.9528761 17.78027 2.3800154
-2.9528744 17.818398 2.3787296
-2.952873 17.856115 2.3790796
-2.9528711 17.894371 2.3794346
-2.9528694 17.939728 2.379004
-2.9528675 17.985817 2.3802743
-2.9528658 18.025969 2.3806467
-2.9528644 18.058897 2.3802123
-2.9528635 18.092964 2.3795314
-2.9528618 18.134718 2.3799055
-2.9528596 18.177103 2.380285
-2.952858 18.220133 2.3806708
-2.9528563 18.263826 2.3810625
-2.9528546 18.302092 2.3814058
-2.9528539 18.333067 2.3806419
-1.9419575 19.389166 2.3794942
-1.9016094 19.389162 2.3803635
-1.8570421 19.38916 2.3792231
-1.8182622 19.389158 2.3808894
-1.7807759 19.389153 2.3799126
-1.7377993 19.389149 2.3801005
-1.6955119 19.389143 2.3802876
-1.6596875 19.389143 2.3810554
-1.6240361 19.389137 2.3796687
-1.5835397 19.389132 2.3798552
-1.5443236 19.38913 2.3800566
-1.5106202 19.390226 2.3799589
-1.49573 19.427679 2.379173
-1.4593501 19.433056 2.3802538
-1.4167912 19.433056 2.3804524
-1.3795694 19.433054 2.3795283
-1.3383608 19.433048 2.3797252
-1.2978081 19.433046 2.37992
-1.2579412 19.433044 2.3801138
-1.2186897 19.433043 2.3802989
-1.1800921 19.433043 2.3804841
-1.1375359 19.433043 2.3799052
-1.0968494 19.433037 2.3801069
-1.0595456 19.433033 2.3796446
-1.0240432 19.433027 2.3796389
-0.9806143 19.433022 2.3801634
-0.93807107 19.433018 2.3795819
-0.89937419 19.433016 2.380713
-0.86196995 19.433016 2.380115
-2.9529374 16.265015 2.4070575
-2.9529357 16.302999 2.4150546
-2.9529343 16.339794 2.4198387
-2.9529335 16.379129 2.4201498
-2.9529314 16.418371 2.419894
-2.9529288 16.459557 2.4202187
-2.9529274 16.501757 2.4199471
-2.9529266 16.540821 2.4195833
-2.9529252 16.580231 2.4204669
-2.9529223 16.621332 2.4195971
-2.9529212 16.65873 2.419404
-2.9529192 16.69709 2.4199755
-2.9529188 16.736485 2.4205508
-2.9529166 16.776327 2.4203489
-2.9529147 16.816927 2.418534
-2.9529133 16.858316 2.4199309
-2.9529116 16.899801 2.4205687
-2.9529107 16.938959 2.4198725
-2.9529083 16.97858 2.4196563
-2.9529068 17.018892 2.4194393
-2.9529047 17.059887 2.4195778
-2.9529035 17.101292 2.421088
-2.9529011 17.139168 2.4192193
-2.9529002 17.177118 2.4196966
-2.9528992 17.215723 2.4200602
-2.9528966 17.254982 2.420428
-2.9528961 17.295732 2.4197607
-2.952894 17.336891 2.4200542
-2.9528923 17.377327 2.419466
-2.9528906 17.419909 2.4197688
-2.952889 17.463291 2.420207
-2.9528873 17.50243 2.4209256
-2.9528854 17.540508 2.420054
-2.9528842 17.57914 2.4191735
-2.9528821 17.620186 2.4199018
-2.9528809 17.660965 2.4190154
-2.9528792 17.696457 2.4196336
-2.9528775 17.738506 2.4203668
-2.9528759 17.781216 2.4211102
-2.9528744 17.81744 2.4200902
-2.9528725 17.856115 2.4190888
-2.9528713 17.894371 2.4197314
-2.9528694 17.939726 2.4196422
-2.9528677 17.985821 2.4195509
-2.9528658 18.02597 2.4202127
-2.9528646 18.059872 2.4190395
-2.952863 18.094221 2.4195962
-2.9528615 18.135996 2.4202716
-2.9528596 18.1784 2.4191885
-2.952858 18.221451 2.4198713
-2.9528565 18.265165 2.4205644
-2.9528546 18.301029 2.4221675
-2.9528537 18.331993 2.4216297
-1.9408172 19.389166 2.4194572
-1.9012301 19.389162 2.4195158
-1.857776 19.38916 2.4194357
-1.8192506 19.389158 2.4198537
-1.7814891 19.389154 2.4195585
-1.738153 19.389149 2.4207206
-1.695857 19.389145 2.4205806
-1.6596886 19.389143 2.4206324
-1.624036 19.389137 2.4206843
-1.5838704 19.389133 2.4192891
-1.5443236 19.38913 2.4204414
-1.5106205 19.390226 2.4200847
-1.49573 19.427679 2.4194624
-1.4593502 19.433062 2.420296
-1.4167912 19.433056 2.4201577
-1.3792965 19.433054 2.4201603
-1.3383625 19.433048 2.4197865
-1.2985975 19.433046 2.4199238
-1.257519 19.433044 2.421406
-1.2184343 19.433044 2.4196177
-1.180498 19.433043 2.420244
-1.1382961 19.433043 2.4210465
-1.0964743 19.433035 2.4201179
-1.0600214 19.433033 2.4188426
-1.0236856 19.433029 2.4198611
-0.98030972 19.433022 2.4194551
-0.93739253 19.433018 2.4199204
-0.89969927 19.433016 2.4199109
-0.86263293 19.433016 2.419904
-2.9529338 16.348211 2.4432166
-2.9529328 16.381557 2.4506762
-2.9529312 16.420883 2.4584472
-2.9529288 16.459986 2.4595733
-2.9529274 16.501755 2.4609559
-2.9529264 16.540558 2.4594984
-2.9529252 16.580334 2.4604056
-2.9529231 16.621056 2.4595468
-2.9529214 16.659008 2.4596987
-2.9529192 16.697985 2.4606261
-2.9529183 16.736483 2.4600377
-2.9529169 16.776329 2.4602103
-2.9529154 16.816929 2.4587767
-2.9529128 16.858316 2.4605629
-2.9529116 16.900869 2.4599118
-2.9529102 16.939188 2.4602523
-2.952908 16.978962 2.4597373
-2.9529071 17.018654 2.4605031
-2.9529047 17.05949 2.4595687
-2.9529035 17.10104 2.4607608
-2.9529021 17.138891 2.4593403
-2.9529004 17.176863 2.4600284
-2.952899 17.215729 2.4596529
-2.9528971 17.255537 2.4604092
-2.9528959 17.295172 2.4599738
-2.9528937 17.336622 2.459646
-2.9528923 17.37849 2.4602892
-2.9528906 17.420538 2.4588554
-2.9528887 17.462967 2.4607036
-2.9528875 17.500732 2.4613428
-2.9528854 17.540834 2.4588988
-2.9528844 17.580013 2.4602799
-2.9528825 17.620182 2.4605262
-2.9528809 17.661865 2.4591894
-2.9528792 17.697374 2.4600861
-2.9528775 17.738506 2.4594917
-2.9528761 17.781218 2.4605563
-2.9528744 17.818399 2.4614837
-2.9528725 17.856115 2.4590981
-2.9528713 17.894371 2.4600284
-2.9528694 17.939728 2.4602804
-2.9528677 17.985817 2.4588282
-2.9528658 18.025969 2.4597795
-2.9528646 18.059872 2.4605813
-2.9528632 18.094223 2.4596543
-2.9528615 18.135998 2.4606307
-2.9528599 18.1784 2.4598539
-2.952858 18.222761 2.4590998
-2.9528563 18.266497 2.4600945
-2.9528546 18.303156 2.4598935
-2.9528537 18.330919 2.462595
-1.9387455 19.389591 2.4505477
-1.9004558 19.389208 2.4478583
-1.8543966 19.38936 2.4488533
-1.8161001 19.389198 2.4483807
-1.7781584 19.389254 2.4485238
-1.7378002 19.389168 2.4482257
-1.6967715 19.38954 2.4506588
-1.6617391 19.389145 2.4480793
-1.624877 19.38942 2.4503081
-1.5846003 19.389174 2.4485855
-1.543678 19.389265 2.449492
-1.5107898 19.390667 2.4486837
-1.4957877 19.427835 2.4497414
-1.4605491 19.433084 2.448195
-1.4188319 19.433153 2.4488149
-1.3802652 19.433153 2.449791
-1.3384567 19.433336 2.4492116
-1.2959131 19.433117 2.4489214
-1.259021 19.433376 2.4505024
-1.2187737 19.433323 2.4495304
-1.1791625 19.433084 2.4485083
-1.1389194 19.433296 2.4503534
-1.0965207 19.433201 2.4489899
-1.0597955 19.433073 2.4476631
-1.0237269 19.433201 2.449204
-0.98033613 19.433125 2.4481907
-0.93775225 19.433144 2.4496264
-0.89970577 19.433043 2.4475188
-0.86232871 19.433109 2.4490459
-2.952929 16.464058 2.4866815
-2.9529274 16.503744 2.4954624
-2.9529264 16.541086 2.5001407
-2.9529252 16.581043 2.4996812
-2.9529231 16.621046 2.5002503
-2.9529209 16.659292 2.5000019
-2.9529192 16.697386 2.5005527
-2.9529188 16.736483 2.4995244
-2.9529169 16.776329 2.5000718
-2.9529154 16.816927 2.4990201
-2.9529133 16.857969 2.5003901
-2.9529114 16.900513 2.5001338
-2.9529107 16.939417 2.500638
-2.9529083 16.97858 2.4998441
-2.9529071 17.018654 2.5005352
-2.9529052 17.05909 2.499548
-2.9529035 17.1008 2.500427
-2.9529023 17.138639 2.4993379
-2.9529002 17.176613 2.5003533
-2.952899 17.215725 2.4992456
-2.9528968 17.254986 2.5002773
-2.9528959 17.295731 2.5003002
-2.9528937 17.33605 2.5001988
-2.9528923 17.378218 2.5002215
-2.9528902 17.420227 2.499001
-2.9528885 17.463606 2.5001395
-2.9528875 17.501581 2.5002611
-2.9528854 17.540508 2.5000327
-2.952884 17.580015 2.4997933
-2.9528828 17.619841 2.4999199
-2.9528809 17.660059 2.50089
-2.9528792 17.696457 2.5004926
-2.9528775 17.738506 2.4986165
-2.9528759 17.781218 2.5000021
-2.9528744 17.818399 2.5012095
-2.952873 17.856115 2.4991076
-2.9528711 17.894371 2.5003254
-2.9528694 17.939295 2.4996049
-2.9528675 17.985817 2.4998131
-2.9528658 18.02597 2.501066
-2.9528644 18.060846 2.4994359
-2.9528637 18.094221 2.4997129
-2.9528618 18.135996 2.5009902
-2.9528596 18.179693 2.5005624
-2.952858 18.220133 2.4982245
-2.9528563 18.263826 2.4995196
-2.9528546 18.302092 2.5006547
-2.9528539 18.333067 2.500531
-1.9805827 19.354231 2.5029485
-1.9407018 19.354542 2.50243
-1.8995923 19.355047 2.5005717
-1.8609704 19.354412 2.5023897
-1.818375 19.355024 2.5004582
-1.779826 19.354637 2.5019307
-1.7426019 19.354769 2.5017264
-1.7017337 19.354696 2.5008731
-1.660774 19.354525 2.5025198
-1.6203244 19.35486 2.5005178
-1.5796723 19.354794 2.5008707
-1.5396618 19.35474 2.5012295
-1.5028144 19.354616 2.5016878
-1.4625556 19.354689 2.5010734
-1.4205476 19.354733 2.5015166
-1.3808142 19.354469 2.5022893
-1.3391522 19.354668 2.5014846
-1.2989949 19.354698 2.5013957
-1.2594659 19.354565 2.5021908
-1.2194089 19.354782 2.500731
-1.1820297 19.354809 2.501008
-1.140601 19.354496 2.5018322
-1.0993171 19.3549 2.501008
-1.0592641 19.354494 2.5016053
-1.0193956 19.354887 2.5007982
-0.98070687 19.354452 2.502264
-0.9421913 19.354876 2.5005951
-0.9012574 19.354527 2.5015016
-0.860879 19.354723 2.5011146
-0.83467185 19.354719 2.5011761
-1.9746755 19.365295 2.4824593
-1.9418824 19.374903 2.4819694
-1.8986847 19.378973 2.4816074
-1.8614291 19.375923 2.4818757
-1.8219014 19.377417 2.4815471
-1.7800775 19.376575 2.4819419
-1.7378913 19.377415 2.4816358
-1.6967094 19.379074 2.4816642
-1.6564204 19.374437 2.4818492
-1.6174413 19.378397 2.4815459
-1.5809969 19.376682 2.4816906
-1.5449214 19.378166 2.4818029
-1.5008588 19.377224 2.4818091
-1.4575347 19.376328 2.4818344
-1.4202529 19.377108 2.4815412
-1.3781145 19.376778 2.4819841
-1.3381445 19.378374 2.4816082
-1.2998668 19.376909 2.4816535
-1.2618017 19.375675 2.4819615
-1.2189225 19.377048 2.4817228
-1.1806738 19.377295 2.4814944
-1.1424721 19.376879 2.4818754
-1.1018898 19.377701 2.4814792
-1.0606469 19.376255 2.4819047
-1.0201625 19.379057 2.4814742
-0.97990376 19.374952 2.4819171
-0.93890512 19.377811 2.4816744
-0.90052485 19.377102 2.4817526
-0.86020684 19.377028 2.4817162
-0.83625603 19.378132 2.4813335
-1.9281349 19.409695 2.4812257
-1.8992022 19.41996 2.4812231
-1.8604342 19.420675 2.4812224
-1.8189455 19.418264 2.4812219
-1.7776433 19.422829 2.48122
-1.7409379 19.417995 2.48122
-1.7022063 19.420969 2.4812186
-1.6618502 19.418797 2.4812183
-1.6198516 19.42021 2.4812171
-1.5789222 19.417807 2.4812167
-1.5378231 19.423014 2.4812148
-1.5011989 19.420729 2.4812143
-1.4617912 19.421152 2.4812138
-1.4207668 19.415936 2.4812138
-1.3789995 19.421801 2.4812114
-1.341694 19.420403 2.4812109
-1.3034133 19.421194 2.48121
-1.2605531 19.417353 2.48121
-1.2223557 19.420162 2.4812086
-1.1798366 19.419245 2.4812076
-1.1413738 19.419895 2.4812069
-1.0990535 19.420483 2.4812067
-1.0588589 19.4184 2.4812062
-1.0190673 19.420954 2.4812067
-0.97806203 19.419674 2.4812067
-0.94075143 19.419477 2.4812069
-0.9007684 19.420696 2.4812074
-0.85934782 19.418814 2.4812078
-1.8981173 19.441278 2.4812195
-1.8554965 19.445768 2.4812179
-1.820866 19.44241 2.4812174
-1.7793622 19.446829 2.481216
-1.7457243 19.44351 2.481216
-1.7125425 19.440233 2.4812155
-1.6564821 19.442961 2.4812136
-1.6014326 19.445621 2.4812121
-1.5700793 19.442419 2.4812121
-1.5321252 19.446636 2.4812105
-1.4997145 19.460592 2.4812071
-1.460371 19.457888 2.4812071
-1.4212216 19.458994 2.4812057
-1.379846 19.458994 2.4812052
-1.3391522 19.459009 2.4812047
-1.3013873 19.46282 2.4812043
-1.2610084 19.4587 2.4812047
-1.2209352 19.459049 2.4812047
-1.18303 19.461559 2.4812052
-1.1408665 19.460272 2.4812055
-1.0999702 19.461348 2.4812059
-1.0577128 19.458042 2.4812064
-1.0208867 19.458384 2.4812069
-0.98140085 19.460615 2.4812069
-0.9385767 19.459316 2.4812076
-0.89784038 19.459183 2.4812078
-0.86429673 19.460457 2.4812083
-1.4935604 19.487215 2.4812028
-1.4633188 19.483784 2.4812031
-1.4178878 19.485346 2.4812033
-1.3791783 19.486229 2.4812036
-1.3326173 19.484789 2.481204
-1.3009728 19.485033 2.4812045
-1.2697248 19.485273 2.4812045
-1.2185489 19.485666 2.4812052
-1.1782889 19.485977 2.4812057
-1.1485558 19.486206 2.4812059
-1.0998398 19.48658 2.4812064
-1.06471 19.483494 2.4812064
-1.0207651 19.485531 2.4812071
-0.97752488 19.487522 2.4812078
-0.93824947 19.486187 2.4812081
-0.89956975 19.484882 2.4812083
-0.87007582 19.48835 2.4812088
-2.9529259 16.547991 2.5240912
-2.9529247 16.583488 2.5305882
-2.9529228 16.622889 2.5388174
-2.9529214 16.659012 2.5403194
-2.9529192 16.697386 2.5396719
-2.9529188 16.736481 2.5398014
-2.9529169 16.776329 2.5399332
-2.9529147 16.816927 2.539263
-2.9529126 16.858318 2.5401988
-2.9529114 16.90016 2.5403464
-2.9529107 16.938501 2.5399532
-2.9529083 16.978582 2.5407715
-2.9529068 17.018417 2.539484
-2.9529049 17.059107 2.5395129
-2.9529035 17.100525 2.5402024
-2.9529021 17.138393 2.5393286
-2.9529002 17.176329 2.5407896
-2.9528992 17.215469 2.539906
-2.9528971 17.255537 2.5402687
-2.9528961 17.295437 2.5394175
-2.9528937 17.336622 2.5408766
-2.9528923 17.377909 2.5400162
-2.9528906 17.419909 2.5391383
-2.9528887 17.463291 2.5406363
-2.9528873 17.501581 2.5391603
-2.9528852 17.540176 2.5411587
-2.9528842 17.580891 2.5393469
-2.9528823 17.620182 2.5393834
-2.9528809 17.660963 2.5410643
-2.9528792 17.695541 2.5408769
-2.9528775 17.738861 2.5390036
-2.9528759 17.781218 2.5394485
-2.9528744 17.818398 2.5409353
-2.9528725 17.856115 2.5391166
-2.9528711 17.894371 2.5406225
-2.9528694 17.939726 2.5390134
-2.9528675 17.985817 2.5407979
-2.9528658 18.027193 2.5406837
-2.9528646 18.059872 2.5384777
-2.9528632 18.095476 2.5398226
-2.9528618 18.13727 2.5414021
-2.9528601 18.177103 2.539372
-2.952858 18.221449 2.5392334
-2.9528563 18.265165 2.5390494
-2.9528546 18.301029 2.541394
-2.9528537 18.331993 2.5414965
-1.9793624 19.353895 2.5391386
-1.9403684 19.353888 2.5400088
-1.9019009 19.353884 2.5408669
-1.8619894 19.353884 2.5408688
-1.8185647 19.35388 2.5396702
-1.7804554 19.353876 2.5400736
-1.7429111 19.353876 2.5404747
-1.7013761 19.35387 2.5393083
-1.6611727 19.353865 2.5407684
-1.6195489 19.353806 2.5395062
-1.5792042 19.352818 2.5391891
-1.5398744 19.352789 2.539289
-1.5003152 19.352806 2.5405962
-1.4629207 19.35251 2.5393796
-1.4208831 19.352949 2.539134
-1.3788759 19.353842 2.5407441
-1.3388702 19.353842 2.5405979
-1.2987108 19.353836 2.5392132
-1.2588171 19.35383 2.5406442
-1.2206224 19.35383 2.5400488
-1.1821631 19.353823 2.5398545
-1.1404053 19.353821 2.539396
-1.0997583 19.353821 2.5407395
-1.0594462 19.353819 2.5394633
-1.0198358 19.353817 2.5398371
-0.98020077 19.353813 2.5403621
-0.94261491 19.353809 2.5398512
-0.90095133 19.3538 2.5398526
-0.86003 19.353794 2.5398452
-0.83528525 19.353798 2.539423
-2.9529214 16.66186 2.5664554
-2.9529195 16.698677 2.5735681
-2.9529183 16.736485 2.5800779
-2.9529166 16.776329 2.5797946
-2.9529154 16.816927 2.5795062
-2.9529126 16.859013 2.5800169
-2.9529114 16.901224 2.579725
-2.9529107 16.939871 2.5792387
-2.952908 16.978195 2.580029
-2.9529071 17.018656 2.5805981
-2.9529047 17.060251 2.5803256
-2.9529035 17.10178 2.5798271
-2.9529023 17.138891 2.5804958
-2.9529002 17.177401 2.5799451
-2.952899 17.215183 2.5806787
-2.9528968 17.254984 2.580127
-2.9528959 17.295433 2.5796843
-2.9528935 17.336321 2.5803273
-2.9528923 17.377598 2.5798037
-2.9528909 17.41963 2.5794005
-2.9528887 17.462967 2.5811253
-2.9528873 17.50243 2.5796614
-2.9528854 17.540506 2.5800066
-2.9528844 17.57914 2.5803614
-2.9528823 17.62052 2.5788541
-2.9528811 17.660963 2.5796063
-2.9528792 17.696457 2.5813363
-2.9528775 17.738506 2.5793145
-2.9528759 17.781218 2.5788944
-2.9528744 17.818399 2.5806608
-2.9528725 17.856115 2.5791261
-2.9528716 17.893202 2.5791821
-2.9528697 17.939728 2.5796514
-2.9528675 17.985817 2.5817826
-2.9528658 18.025969 2.5802071
-2.9528646 18.059872 2.5800195
-2.952863 18.094221 2.5798378
-2.9528618 18.134718 2.5799015
-2.9528599 18.1784 2.5800807
-2.952858 18.221453 2.5802088
-2.9528563 18.265162 2.5803394
-2.9528546 18.303152 2.5791633
-2.9528539 18.330919 2.5824399
-1.9804103 19.353888 2.579051
-1.9399927 19.353884 2.5791812
-1.8998634 19.353882 2.5802677
-1.8619841 19.35388 2.5808375
-1.8181995 19.353878 2.5806158
-1.7804527 19.35387 2.580312
-1.7436137 19.35387 2.5796068
-1.70103 19.353865 2.5793531
-1.6591266 19.353863 2.5791087
-1.619477 19.353628 2.5801442
-1.5792505 19.352934 2.5796304
-1.5399271 19.35293 2.5794282
-1.5012053 19.352921 2.5817118
-1.4627925 19.352917 2.5802398
-1.4212779 19.352808 2.5792484
-1.3796811 19.35384 2.5808194
-1.3388709 19.35384 2.5800509
-1.2987118 19.35383 2.5797722
-1.2592299 19.35383 2.5804455
-1.2211274 19.353825 2.5799923
-1.1817578 19.353823 2.579845
-1.1400306 19.353821 2.579118
-1.099386 19.353819 2.5801179
-1.0587386 19.353819 2.5801816
-1.0191357 19.353813 2.5803635
-0.98090196 19.353813 2.5795114
-0.94194049 19.353802 2.5796881
-0.90025789 19.353796 2.5799658
-0.86066526 19.353792 2.5796874
-0.83488309 19.353794 2.5804849
-2.9529176 16.748333 2.6037512
-2.9529164 16.778336 2.6096954
-2.952915 16.818047 2.6175611
-2.9529126 16.858316 2.6198444
-2.9529114 16.900515 2.6199415
-2.9529107 16.939188 2.6196151
-2.9529083 16.978212 2.6192791
-2.9529071 17.018156 2.6206739
-2.9529047 17.058691 2.620301
-2.9529035 17.100798 2.620579
-2.9529021 17.138638 2.6204865
-2.9529002 17.177118 2.6203899
-2.9528992 17.21627 2.6201711
-2.9528968 17.255537 2.6201274
-2.9528959 17.295437 2.6199517
-2.9528937 17.336016 2.6197703
-2.9528925 17.377327 2.6197145
-2.9528902 17.420816 2.6206188
-2.9528885 17.463608 2.6205769
-2.9528875 17.500734 2.6200244
-2.9528854 17.540836 2.6188617
-2.9528844 17.580015 2.6199145
-2.9528823 17.619164 2.6194487
-2.9528809 17.660963 2.6197536
-2.9528797 17.696457 2.6201451
-2.9528778 17.73744 2.6196704
-2.9528759 17.781216 2.6199846
-2.9528742 17.818399 2.6203864
-2.952873 17.856115 2.6191354
-2.9528716 17.894371 2.6178505
-2.9528694 17.939728 2.6202898
-2.9528673 17.987022 2.6211283
-2.9528658 18.024742 2.619705
-2.9528646 18.059872 2.6215611
-2.9528635 18.092964 2.6198258
-2.9528618 18.135996 2.6203134
-2.9528596 18.178402 2.6207449
-2.952858 18.221449 2.6211841
-2.9528563 18.265162 2.6198347
-2.9528546 18.30209 2.6199033
-2.9528537 18.333067 2.6204202
-1.981454 19.353882 2.6189871
-1.9407481 19.353882 2.6197827
-1.9008813 19.35388 2.6196108
-1.8616192 19.353876 2.6194456
-1.8181945 19.35387 2.6202595
-1.7814232 19.353868 2.6205461
-1.7432587 19.353867 2.6199746
-1.7013731 19.353865 2.6194437
-1.660149 19.353857 2.618926
-1.6194758 19.353624 2.6208558
-1.5792505 19.352934 2.6200197
-1.539927 19.352928 2.6195056
-1.5012054 19.352919 2.6214826
-1.4630719 19.352917 2.6209605
-1.4199427 19.352783 2.6202474
-1.3794103 19.353838 2.6208246
-1.3392977 19.353832 2.6195641
-1.2987093 19.353832 2.6203315
-1.2592307 19.353825 2.6192527
-1.2196152 19.353823 2.6197739
-1.1821574 19.353821 2.6190081
-1.1407825 19.353819 2.6196632
-1.0990179 19.353819 2.6194868
-1.0590822 19.353813 2.6201296
-1.0198346 19.353813 2.6207583
-0.98021364 19.353806 2.6196842
-0.9426136 19.353798 2.619396
-0.90147954 19.353794 2.6201062
-0.8603484 19.353792 2.6204946
-0.83448106 19.35379 2.6215355
-2.9529133 16.861898 2.6465802
-2.9529114 16.902018 2.6547153
-2.9529107 16.938959 2.6599362
-2.9529085 16.97858 2.6602061
-2.9529071 17.019363 2.6596053
-2.9529047 17.05987 2.6602771
-2.9529037 17.100527 2.6603479
-2.9529018 17.138391 2.6604707
-2.9529002 17.176863 2.6607103
-2.9528992 17.215183 2.6598544
-2.9528968 17.254984 2.6599762
-2.9528959 17.295433 2.6602182
-2.9528937 17.335747 2.6593361
-2.9528923 17.378492 2.6605849
-2.9528904 17.420538 2.6608908
-2.9528885 17.46233 2.6599076
-2.9528873 17.501583 2.6605258
-2.9528854 17.540508 2.6599855
-2.9528844 17.580013 2.6594281
-2.9528823 17.621204 2.6600571
-2.9528809 17.660961 2.6599011
-2.9528794 17.696455 2.6605709
-2.9528775 17.738506 2.660001
-2.9528761 17.781218 2.6610737
-2.9528744 17.818399 2.6601121
-2.952873 17.855141 2.6607471
-2.9528713 17.894371 2.6581471
-2.9528694 17.939728 2.6609275
-2.9528675 17.985819 2.6603444
-2.9528658 18.025969 2.6593313
-2.9528651 18.058897 2.6605685
-2.9528635 18.094221 2.6599457
-2.9528618 18.135998 2.6606722
-2.9528596 18.1784 2.6614103
-2.952858 18.221447 2.660378
-2.9528563 18.265163 2.6593294
-2.9528546 18.301029 2.6606205
-2.9528539 18.331993 2.6613634
-1.9793561 19.35388 2.6589355
-1.9403621 19.35388 2.6589558
-1.9018954 19.353876 2.6589768
-1.8623531 19.35387 2.6594698
-1.8178353 19.353868 2.6585503
-1.7794751 19.353865 2.6590426
-1.7432568 19.353863 2.6616673
-1.7013712 19.353857 2.6608045
-1.6601471 19.353853 2.6599605
-1.6194979 19.35368 2.6615934
-1.5789242 19.352125 2.6600347
-1.5395824 19.352051 2.6591768
-1.5010149 19.352425 2.6610236
-1.4627551 19.352068 2.6600361
-1.4206034 19.352169 2.660094
-1.3796787 19.353836 2.6608713
-1.3380136 19.353827 2.6598897
-1.2984469 19.353825 2.6596725
-1.2588347 19.353823 2.6590326
-1.2201164 19.353821 2.659709
-1.1817758 19.353819 2.6590788
-1.1404032 19.353819 2.6593845
-1.0997564 19.353813 2.6596823
-1.0587201 19.353813 2.659152
-1.0194751 19.353809 2.6594493
-0.98090076 19.353798 2.6597383
-0.94193941 19.353794 2.6592214
-0.90041494 19.353792 2.6609719
-0.86002839 19.353792 2.6612928
-0.8352837 19.35379 2.6601846
-2.9529099 16.947861 2.6830888
-2.9529083 16.982592 2.6908116
-2.9529073 17.019449 2.6976671
-2.9529047 17.059885 2.7002559
-2.9529035 17.101561 2.6988904
-2.9529021 17.138115 2.7005641
-2.9529002 17.176613 2.7010248
-2.952899 17.21627 2.6993661
-2.9528966 17.254692 2.7010858
-2.9528959 17.295437 2.7004852
-2.9528935 17.336891 2.6998656
-2.9528925 17.378218 2.7005064
-2.9528906 17.419285 2.6998677
-2.9528885 17.46389 2.7003913
-2.9528873 17.501581 2.6994247
-2.9528854 17.540176 2.7011013
-2.9528844 17.580015 2.6989415
-2.9528828 17.619841 2.7006404
-2.9528809 17.660963 2.6984427
-2.952879 17.696457 2.7009964
-2.9528775 17.738508 2.6991255
-2.9528761 17.781218 2.7005198
-2.9528744 17.818398 2.6998377
-2.9528732 17.856115 2.7024801
-2.9528713 17.894371 2.6984444
-2.9528694 17.939728 2.7015657
-2.9528677 17.984606 2.6995356
-2.9528658 18.02597 2.700618
-2.9528651 18.059872 2.6994452
-2.9528635 18.094223 2.7000036
-2.9528618 18.135996 2.7010317
-2.9528599 18.178396 2.7003074
-2.9528582 18.221449 2.6995714
-2.9528565 18.265165 2.7006195
-2.9528546 18.303152 2.6984341
-2.9528539 18.330919 2.7022843
-1.9798828 19.352858 2.7002027
-1.9398855 19.352917 2.6990528
-1.9003762 19.352846 2.6996489
-1.8614316 19.352716 2.7001979
-1.8177468 19.352905 2.6990891
-1.7799796 19.352839 2.6987913
-1.7417426 19.352835 2.7016485
-1.7009532 19.352898 2.7017124
-1.6597381 19.352894 2.7005413
-1.6190906 19.352697 2.7018406
-1.5792323 19.352886 2.7007728
-1.5399091 19.352886 2.699636
-1.5011156 19.352686 2.7009099
-1.4630569 19.352875 2.6998756
-1.4211742 19.352573 2.7013416
-1.3796288 19.352926 2.7004972
-1.339853 19.352945 2.7001143
-1.299847 19.352798 2.7007129
-1.2593129 19.352842 2.700161
-1.2203397 19.352913 2.6992271
-1.1822035 19.352747 2.7004254
-1.1400739 19.352659 2.7003717
-1.0987357 19.352739 2.7003946
-1.0591794 19.352869 2.6994665
-1.019248 19.352901 2.6994808
-0.97998327 19.352859 2.6994545
-0.94175744 19.352896 2.6994407
-0.90070164 19.352692 2.7013085
-0.86043549 19.352718 2.700644
-0.83462775 19.352554 2.7006512
-2.9529049 17.063414 2.7265987
-2.9529037 17.102375 2.7334857
-2.9529021 17.139168 2.739434
-2.9529002 17.176329 2.7414484
-2.9528992 17.215185 2.7390308
-2.9528971 17.255796 2.7409401
-2.9528961 17.295134 2.7395854
-2.952894 17.335747 2.7405519
-2.9528923 17.377909 2.7402887
-2.9528904 17.420818 2.7400105
-2.9528887 17.463287 2.7398052
-2.9528873 17.501583 2.7398798
-2.9528854 17.540506 2.7399588
-2.9528844 17.580015 2.7400353
-2.9528823 17.620182 2.7401173
-2.9528809 17.661867 2.7386663
-2.9528792 17.696457 2.7398052
-2.9528778 17.739578 2.7394896
-2.9528759 17.781218 2.7399657
-2.9528744 17.818398 2.7395637
-2.9528732 17.856115 2.7424896
-2.9528713 17.894371 2.7387416
-2.9528694 17.940165 2.7409968
-2.9528675 17.985817 2.7388899
-2.9528658 18.02597 2.7401845
-2.9528651 18.059872 2.7409866
-2.9528635 18.094221 2.740062
-2.9528618 18.135992 2.7396362
-2.9528596 18.1784 2.7392037
-2.952858 18.221453 2.7405465
-2.9528565 18.266497 2.7402151
-2.9528546 18.302092 2.7391517
-2.9528539 18.333067 2.7403095
-1.978904 19.350933 2.7410271
-1.9385154 19.350924 2.7399557
-1.898417 19.350922 2.73985
-1.8605665 19.350916 2.7392943
-1.816818 19.350916 2.7404132
-1.7790993 19.35091 2.7398462
-1.7429891 19.350904 2.7396517
-1.7004325 19.350908 2.7408533
-1.6585505 19.350893 2.7392943
-1.6183474 19.350903 2.7416832
-1.5784276 19.350891 2.7402055
-1.5391238 19.35088 2.7387557
-1.5004255 19.350883 2.7398157
-1.46259 19.350878 2.7396514
-1.4201387 19.350883 2.7416472
-1.3786407 19.350872 2.739506
-1.3423501 19.350872 2.7405264
-1.3017694 19.350866 2.7403626
-1.2582844 19.350863 2.7399299
-1.2194568 19.350853 2.7392826
-1.1812743 19.350851 2.7395787
-1.139554 19.350853 2.7410316
-1.0989381 19.350849 2.7406042
-1.0579327 19.350838 2.7393408
-1.0180069 19.350838 2.7398775
-0.98015767 19.350832 2.7394323
-0.9422459 19.350824 2.7399158
-0.9002797 19.350811 2.7397981
-0.85970932 19.350788 2.7405083
-0.83426118 19.350773 2.738601
-2.9529018 17.148117 2.7627168
-2.9529004 17.180477 2.7701197
-2.952899 17.217564 2.7765698
-2.9528971 17.25469 2.7809305
-2.9528961 17.294872 2.7788076
-2.952894 17.336891 2.7811007
-2.9528925 17.3776 2.7800632
-2.9528906 17.420538 2.7802753
-2.9528887 17.462685 2.7792046
-2.9528873 17.501581 2.7803352
-2.9528854 17.539883 2.7799752
-2.9528844 17.580013 2.7811298
-2.9528828 17.620522 2.7796016
-2.9528809 17.660061 2.7802682
-2.9528797 17.696455 2.7786138
-2.9528773 17.738148 2.7809958
-2.9528761 17.781218 2.779412
-2.9528744 17.818399 2.779289
-2.9528732 17.856115 2.7824986
-2.9528716 17.894371 2.7790384
-2.9528694 17.939728 2.7803049
-2.9528677 17.985817 2.7798748
-2.9528658 18.025969 2.7797508
-2.9528651 18.060846 2.7798908
-2.952863 18.094221 2.781862
-2.9528615 18.135996 2.7782409
-2.9528596 18.178402 2.7798684
-2.9528582 18.221449 2.7815218
-2.9528565 18.263826 2.7795091
-2.9528546 18.301029 2.7798469
-2.9528537 18.331993 2.7812302
-1.9800378 19.351105 2.7810504
-1.9393604 19.351103 2.7806365
-1.8995198 19.351091 2.7792783
-1.8606527 19.351089 2.7793186
-1.8172643 19.351093 2.7814744
-1.7791805 19.351086 2.7801404
-1.7416615 19.351072 2.7788301
-1.7001612 19.35108 2.7809451
-1.6589636 19.351067 2.7791348
-1.6174114 19.351074 2.7812374
-1.5784985 19.351068 2.780659
-1.5391922 19.351057 2.7788973
-1.5004915 19.351055 2.7796495
-1.4623787 19.351055 2.7803907
-1.4202003 19.351055 2.7808447
-1.3778962 19.351046 2.7796369
-1.3421431 19.351044 2.7802808
-1.3022286 19.35104 2.7805128
-1.2575144 19.351034 2.779774
-1.2192572 19.351034 2.7803822
-1.1809421 19.351019 2.7787607
-1.1392257 19.351015 2.7807853
-1.0986071 19.350996 2.7800083
-1.0586932 19.350969 2.7792382
-1.0194294 19.350943 2.7802794
-0.97949255 19.35091 2.7795889
-0.94194275 19.35088 2.7797892
-0.90313441 19.350845 2.7716315
-0.86701578 19.350815 2.7652588
-2.9528971 17.262716 2.8060584
-2.9528959 17.297968 2.8125951
-2.952894 17.33662 2.8206723
-2.9528923 17.377327 2.8199625
-2.9528909 17.419285 2.8192215
-2.9528885 17.46389 2.8208356
-2.9528875 17.501581 2.8192341
-2.9528854 17.540506 2.8199298
-2.9528844 17.580015 2.8206434
-2.9528823 17.619164 2.8201427
-2.9528809 17.660961 2.8204918
-2.9528792 17.697374 2.8191299
-2.9528775 17.738506 2.8213968
-2.9528759 17.781216 2.8188581
-2.9528744 17.818398 2.8190148
-2.952873 17.856115 2.8225079
-2.9528713 17.894371 2.8193352
-2.9528694 17.938419 2.8196347
-2.9528675 17.985819 2.8208599
-2.9528658 18.025969 2.8210373
-2.9528651 18.059872 2.8188834
-2.9528632 18.094219 2.8201785
-2.9528618 18.135996 2.8203552
-2.9528599 18.1784 2.8205338
-2.9528582 18.221447 2.8207154
-2.9528565 18.265165 2.8191047
-2.9528546 18.302092 2.8204503
-2.9528539 18.330919 2.822129
-1.9780315 19.351278 2.820996
-1.9390621 19.351273 2.8198566
-1.8996061 19.351271 2.8204918
-1.8603724 19.351267 2.8206384
-1.8169757 19.351259 2.8198171
-1.7792593 19.351261 2.8204381
-1.7420905 19.35125 2.8193154
-1.6991975 19.351255 2.8211241
-1.6590393 19.351246 2.8202302
-1.6194913 19.351238 2.8193474
-1.5785693 19.351246 2.8211164
-1.5392607 19.351231 2.8190427
-1.5005578 19.351229 2.8194885
-1.4624428 19.351229 2.819926
-1.4202616 19.351225 2.820045
-1.3795689 19.351215 2.8208368
-1.3379745 19.351196 2.8193035
-1.297576 19.351181 2.8205745
-1.2587922 19.351154 2.8195012
-1.2197887 19.351124 2.8203599
-1.1817292 19.351091 2.81971
-1.1392192 19.351059 2.8204618
-1.0982479 19.351025 2.8193474
-1.0579877 19.350992 2.8200614
-1.0200584 19.35096 2.8174083
-0.98293102 19.350925 2.8084831
-0.9567948 19.350903 2.8028836
-2.9528933 17.351803 2.8437066
-2.9528923 17.38184 2.8499501
-2.9528904 17.422228 2.8573472
-2.9528887 17.463287 2.8602347
-2.9528873 17.502432 2.8597829
-2.9528854 17.541128 2.8598993
-2.9528844 17.580015 2.860157
-2.9528825 17.620182 2.8595965
-2.9528809 17.660963 2.8606398
-2.9528797 17.695539 2.8609912
-2.9528775 17.738508 2.8605218
-2.9528761 17.781218 2.858304
-2.9528744 17.818399 2.8587406
-2.952873 17.856115 2.8625174
-2.9528711 17.894371 2.8596323
-2.9528694 17.939728 2.8590319
-2.9528677 17.985817 2.8601365
-2.9528658 18.025969 2.862324
-2.9528651 18.059872 2.860425
-2.952863 18.094221 2.858495
-2.9528618 18.135996 2.860714
-2.9528599 18.178396 2.8594303
-2.952858 18.221449 2.8599088
-2.9528563 18.265163 2.8603947
-2.9528546 18.303152 2.8610756
-2.9528539 18.333067 2.8601985
-1.9791698 19.351454 2.8610258
-1.9387736 19.351442 2.8590724
-1.8996881 19.351444 2.8599167
-1.861191 19.35144 2.8607538
-1.8166965 19.351427 2.8581553
-1.7803112 19.351437 2.8607802
-1.7421713 19.351431 2.8610742
-1.701347 19.351421 2.8598607
-1.6591148 19.351425 2.8613296
-1.6185569 19.35141 2.8589072
-1.5786347 19.351404 2.8615704
-1.5393203 19.351383 2.8591797
-1.5003256 19.351362 2.8605149
-1.4624834 19.351336 2.8594334
-1.4202888 19.351303 2.8601809
-1.3787805 19.351271 2.8609138
-1.3375798 19.351238 2.8597226
-1.2978451 19.351204 2.8599572
-1.258781 19.351173 2.8601911
-1.2187887 19.351141 2.8602433
-1.1813492 19.351109 2.8597507
-1.1403705 19.351074 2.8600931
-1.1007878 19.35104 2.8534648
-1.0647271 19.351007 2.8462975
-2.9528887 17.466909 2.8863811
-2.9528873 17.501581 2.8939273
-2.9528854 17.540506 2.8999114
-2.9528844 17.580891 2.8997729
-2.9528825 17.620825 2.900207
-2.9528809 17.660963 2.9007871
-2.9528797 17.696455 2.9015076
-2.9528773 17.738508 2.8996465
-2.9528759 17.781218 2.8977499
-2.9528744 17.818398 2.9001215
-2.9528732 17.856115 2.9025266
-2.9528713 17.894371 2.899929
-2.9528697 17.939726 2.8996701
-2.9528677 17.985815 2.8994133
-2.9528661 18.025967 2.9001701
-2.9528651 18.058897 2.89939
-2.952863 18.094221 2.9002953
-2.9528618 18.135994 2.9010732
-2.9528601 18.1784 2.8983271
-2.952858 18.221451 2.9008839
-2.9528565 18.265162 2.8998895
-2.9528546 18.301029 2.8990734
-2.9528539 18.330919 2.8983939
-1.9803036 19.351627 2.9010823
-1.9396187 19.35162 2.8997808
-1.8997732 19.351614 2.8993447
-1.8598 19.351614 2.9007823
-1.817137 19.351601 2.8992269
-1.7784356 19.351587 2.8992445
-1.7425877 19.351572 2.9015605
-1.7000182 19.351543 2.8986809
-1.659495 19.351515 2.9011507
-1.6185867 19.351482 2.8996334
-1.5789838 19.351448 2.9007487
-1.5393336 19.351416 2.8992584
-1.5006177 19.351383 2.9015574
-1.4624898 19.351353 2.8988943
-1.4202964 19.35132 2.9002852
-1.3785162 19.351286 2.9008849
-1.3379933 19.351252 2.9001067
-1.2981094 19.351221 2.8993428
-1.2583888 19.351187 2.9008861
-1.2211525 19.351156 2.898999
-1.183461 19.351122 2.8908865
-1.1520371 19.351093 2.8847065
-2.9528852 17.55171 2.9231949
-2.952884 17.580015 2.9297078
-2.9507837 17.622166 2.9388525
-2.9445775 17.660854 2.9422426
-2.9061944 17.668221 2.9499748
-2.9458268 17.698997 2.9422932
-2.900234 17.700899 2.9499743
-2.869998 17.706331 2.9499748
-2.9464879 17.739172 2.9403183
-2.9007688 17.741625 2.9499743
-2.8599257 17.73893 2.9499743
-2.8305111 17.747908 2.9499748
-2.9457099 17.780819 2.940599
-2.9004278 17.777878 2.9499741
-2.8622277 17.779472 2.9499743
-2.8202682 17.780685 2.9499743
-2.7910242 17.789488 2.9499748
-2.9469364 17.817959 2.9419119
-2.9009707 17.81987 2.9499741
-2.8591592 17.818287 2.9499741
-2.8222365 17.821581 2.9499743
-2.7822385 17.820515 2.9499743
-2.7515373 17.831062 2.9499748
-2.9454806 17.857414 2.9429767
-2.901727 17.859829 2.9499741
-2.8620124 17.860664 2.9499741
-2.8188913 17.860683 2.9499741
-2.7786441 17.859276 2.9499743
-2.741684 17.860243 2.9499743
-2.7120504 17.872641 2.9499748
-2.9466131 17.897064 2.9411027
-2.9021757 17.898411 2.9499738
-2.8588896 17.900656 2.9499741
-2.8204248 17.901333 2.9499741
-2.779994 17.899134 2.9499741
-2.7399113 17.899235 2.9499743
-2.7020509 17.901976 2.9499743
-2.6758542 17.910751 2.9499745
-2.9451354 17.940577 2.9411266
-2.9001117 17.938288 2.9499738
-2.8609333 17.941837 2.9499738
-2.8195112 17.939247 2.9499741
-2.7813661 17.939646 2.9499741
-2.7397451 17.941513 2.9499743
-2.7003422 17.938988 2.9499743
-2.6639807 17.939377 2.9499743
-2.6363673 17.952328 2.9499745
-2.9455404 17.983866 2.9417059
-2.8986697 17.978561 2.9499738
-2.8610599 17.981306 2.9499738
-2.8200974 17.979015 2.9499738
-2.7776849 17.980154 2.9499741
-2.738987 17.980019 2.9499741
-2.7009091 17.979919 2.9499743
-2.6595843 17.978916 2.9499743
-2.6219487 17.982021 2.9499743
-2.5935898 17.997372 2.9499745
-2.9444211 18.024364 2.9409111
-2.9009836 18.018351 2.9499738
-2.8612094 18.021383 2.9499738
-2.8191676 18.018053 2.9499738
-2.7789001 18.022392 2.9499738
-2.7382369 18.019108 2.9499741
-2.6966968 18.020355 2.9499741
-2.6598163 18.02013 2.9499741
-2.6197009 18.02091 2.9499743
-2.5806262 18.021751 2.9499743
-2.5541031 18.038948 2.9499745
-2.9452751 18.060177 2.9415452
-2.8995256 18.05983 2.9499736
-2.8613403 18.06205 2.9499738
-2.8197598 18.059031 2.9499738
-2.7776747 18.061741 2.9499738
-2.7374563 18.058756 2.9499738
-2.6992915 18.06012 2.9499738
-2.6577871 18.058508 2.9499741
-2.619611 18.062462 2.9499743
-2.5812697 18.058916 2.9499743
-2.5410562 18.063419 2.9499743
-2.9450259 18.095686 2.9420562
-2.9018817 18.100878 2.9499729
-2.8634653 18.101288 2.9499736
-2.8188143 18.099239 2.9499738
-2.7793136 18.100876 2.9499738
-2.7409315 18.097847 2.9499738
-2.7010708 18.099728 2.9499738
-2.6593804 18.099581 2.9499738
-2.6173003 18.101137 2.9499741
-2.5810354 18.100319 2.9499743
-2.5414059 18.100891 2.9499743
-2.5031283 18.10067 2.9499743
-2.9453464 18.137756 2.9427118
-2.902333 18.141085 2.9499729
-2.8598385 18.140131 2.9499736
-2.8194122 18.141487 2.9499736
-2.7771642 18.137041 2.9499738
-2.740983 18.141233 2.9499738
-2.7016053 18.141838 2.9499738
-2.6620321 18.138172 2.9499738
-2.6225266 18.140944 2.9499738
-2.5780306 18.13941 2.9499741
-2.5392256 18.140173 2.9499743
-2.5030341 18.138855 2.9499743
-2.4635789 18.142311 2.9499743
-2.9466879 18.178946 2.9406409
-2.900665 18.179947 2.9499729
-2.862165 18.181101 2.9499731
-2.8179679 18.180685 2.9499733
-2.7791443 18.178137 2.9499736
-2.7415931 18.18055 2.9499738
-2.7026615 18.181585 2.9499738
-2.6606977 18.179022 2.9499738
-2.6208918 18.18149 2.9499738
-2.5823483 18.177542 2.9499741
-2.5390487 18.180223 2.9499741
-2.4975002 18.179993 2.9499743
-2.4602365 18.179018 2.9499743
-2.421993 18.184088 2.9499743
-2.9449213 18.220934 2.9418979
-2.8989699 18.219316 2.9499729
-2.8582637 18.220427 2.9499729
-2.8186784 18.218924 2.9499731
-2.7805572 18.220078 2.9499736
-2.742976 18.221203 2.9499736
-2.6980777 18.220306 2.9499738
-2.6593244 18.220463 2.9499738
-2.6211727 18.220646 2.9499738
-2.5797386 18.217606 2.9499738
-2.5415542 18.220495 2.9499738
-2.5004749 18.221073 2.9499741
-2.4590712 18.217695 2.9499743
-2.4204295 18.220932 2.9499743
-2.3824594 18.225714 2.9499743
-2.947706 18.263519 2.9397035
-2.8992617 18.259047 2.9499724
-2.8594146 18.260967 2.9499729
-2.8194232 18.257711 2.9499731
-2.7792168 18.260471 2.9499731
-2.7385798 18.260769 2.9499731
-2.6989269 18.260622 2.9499736
-2.6599 18.260504 2.9499736
-2.6161242 18.259264 2.9499738
-2.5784788 18.259714 2.9499738
-2.5386546 18.260864 2.9499738
-2.5021324 18.261297 2.9499741
-2.4609144 18.257906 2.9499741
-2.4189727 18.259916 2.9499743
-2.3806224 18.262846 2.9499743
-2.3453157 18.262812 2.9499743
-2.9459059 18.30028 2.9414122
-2.8983345 18.300545 2.9499724
-2.8572576 18.299929 2.9499729
-2.817945 18.298584 2.9499731
-2.7778652 18.301468 2.9499731
-2.7403095 18.299398 2.9499729
-2.6988187 18.29911 2.9499733
-2.6572559 18.298601 2.9499736
-2.6209435 18.301521 2.9499736
-2.5802953 18.299225 2.9499738
-2.5407591 18.302389 2.9499738
-2.4964294 18.299553 2.9499738
-2.4600978 18.299129 2.9499741
-2.4204886 18.300474 2.9499741
-2.3788748 18.302137 2.9499743
-2.3391211 18.296793 2.9499743
-2.3057973 18.304422 2.9499743
-2.9439085 18.336002 2.9418771
-2.9001758 18.338354 2.9499724
-2.858597 18.338589 2.9499724
-2.8205957 18.338531 2.9499724
-2.782413 18.342045 2.9499729
-2.7394853 18.339071 2.9499731
-2.6986957 18.33815 2.9499731
-2.6602616 18.343235 2.9499736
-2.6217942 18.339859 2.9499736
-2.5818572 18.339258 2.9499736
-2.5396636 18.339773 2.9499738
-2.5025766 18.339636 2.9499738
-2.4592993 18.341009 2.9499738
-2.4193587 18.342026 2.9499741
-2.3806305 18.339128 2.9499741
-2.339685 18.3379 2.9499743
-2.2993896 18.338627 2.9499743
-2.2662792 18.346031 2.9499743
-2.898134 18.377493 2.9499724
-2.8597744 18.380894 2.9499724
-2.821676 18.377462 2.9499724
-2.781004 18.377382 2.9499726
-2.737448 18.380482 2.9499729
-2.6982276 18.379271 2.9499731
-2.6614153 18.382467 2.9499729
-2.6201653 18.379204 2.9499736
-2.5788012 18.37944 2.9499736
-2.5394702 18.381243 2.9499738
-2.4993522 18.381466 2.9499738
-2.4606853 18.378277 2.9499738
-2.4196777 18.380367 2.9499738
-2.3788788 18.377569 2.9499741
-2.3402667 18.379675 2.9499741
-2.2996294 18.380077 2.9499743
-2.2596581 18.380463 2.9499743
-2.2267611 18.387644 2.9499743
-2.8813441 18.406826 2.9499724
-2.8575737 18.421495 2.9499724
-2.8225715 18.420065 2.9499724
-2.7810719 18.420237 2.9499724
-2.7412536 18.417112 2.9499729
-2.7010815 18.418774 2.9499729
-2.6593115 18.4175 2.9499729
-2.6173325 18.42025 2.9499731
-2.5768666 18.418985 2.9499736
-2.5384972 18.419691 2.9499736
-2.4997396 18.422327 2.9499738
-2.4584651 18.41857 2.9499738
-2.4199643 18.419273 2.9499738
-2.3800852 18.419697 2.9499738
-2.3381946 18.420406 2.9499741
-2.2998824 18.422197 2.9499741
-2.2595737 18.422253 2.9499743
-2.2200129 18.420315 2.9499743
-2.1888497 18.423534 2.9499745
-2.8438263 18.446329 2.9499724
-2.8201234 18.460928 2.9499724
-2.7811265 18.463705 2.9499724
-2.7395966 18.460121 2.9499724
-2.7009611 18.459538 2.9499724
-2.6584697 18.45998 2.9499733
-2.6191061 18.459833 2.9499729
-2.5818927 18.460339 2.9499731
-2.5419364 18.461571 2.9499736
-2.5011888 18.461163 2.9499736
-2.4619231 18.457262 2.9499736
-2.4202929 18.458769 2.9499738
-2.3792801 18.46023 2.9499738
-2.3421721 18.458721 2.9499738
-2.2997792 18.460855 2.9499741
-2.2613883 18.459478 2.9499741
-2.2224941 18.458834 2.9499741
-2.1809752 18.458233 2.9499743
-2.1493628 18.465113 2.9499745
-2.8063085 18.485834 2.9499724
-2.77968 18.500553 2.9499724
-2.7409573 18.503073 2.9499724
-2.7008638 18.500902 2.9499724
-2.6606686 18.501963 2.9499724
-2.6210752 18.503014 2.9499729
-2.5799499 18.501064 2.9499729
-2.5385613 18.503193 2.9499731
-2.4987202 18.50127 2.9499736
-2.4596782 18.498739 2.9499736
-2.4205878 18.498848 2.9499736
-2.3801079 18.49865 2.9499738
-2.3375959 18.498711 2.9499738
-2.3009405 18.499622 2.9499738
-2.2597399 18.499672 2.9499741
-2.2196188 18.497513 2.9499741
-2.1824579 18.500988 2.9499741
-2.1412833 18.500025 2.9499743
-2.1098762 18.506691 2.9499745
-2.765039 18.529287 2.9499724
-2.7390749 18.541088 2.9499724
-2.6980617 18.541878 2.9499724
-2.6583142 18.539394 2.9499724
-2.6209872 18.541616 2.9499724
-2.5795975 18.539358 2.9499731
-2.5379181 18.541197 2.9499729
-2.4978292 18.538977 2.9499731
-2.4602897 18.539734 2.9499733
-2.4209263 18.539549 2.9499736
-2.3792901 18.540392 2.9499736
-2.3416281 18.538246 2.9499738
-2.2986107 18.539761 2.9499738
-2.2596643 18.537724 2.9499738
-2.2185574 18.540714 2.9499741
-2.1793056 18.539961 2.9499741
-2.1424217 18.543144 2.9499741
-2.0998137 18.541491 2.9499743
-2.0670986 18.551733 2.9499748
-2.7275212 18.56879 2.9499724
-2.7016575 18.580488 2.9499724
-2.6609185 18.580986 2.9499724
-2.6185944 18.578352 2.9499724
-2.5785012 18.577887 2.9499724
-2.5408444 18.579647 2.9499726
-2.5018711 18.579151 2.9499729
-2.4620697 18.576628 2.9499731
-2.4212308 18.58086 2.9499736
-2.3821533 18.58037 2.9499736
-2.3392713 18.579065 2.9499736
-2.2997797 18.579718 2.9499738
-2.2598927 18.57733 2.9499738
-2.2215719 18.580322 2.9499738
-2.1799521 18.581367 2.9499741
-2.1393731 18.57992 2.9499741
-2.1027515 18.581205 2.9499741
-2.0611749 18.579748 2.9499743
-2.0309024 18.589844 2.9499745
-2.6900034 18.608295 2.9499724
-2.6611078 18.620962 2.9499724
-2.6185033 18.618002 2.9499724
-2.5786953 18.618212 2.9499724
-2.5394857 18.618431 2.9499724
-2.4974096 18.618568 2.9499726
-2.4581156 18.619301 2.9499731
-2.4191587 18.621811 2.9499731
-2.3793013 18.623013 2.9499736
-2.3410666 18.620182 2.9499736
-2.2997572 18.619322 2.9499736
-2.260478 18.620365 2.9499738
-2.2182522 18.618547 2.9499738
-2.1784744 18.621368 2.9499738
-2.140851 18.620226 2.9499741
-2.0994449 18.618216 2.9499741
-2.061187 18.618834 2.9499741
-2.0214746 18.619568 2.9499743
-1.9914153 18.63142 2.9499745
-2.6487339 18.651749 2.9499724
-2.6207838 18.660463 2.9499724
-2.5814102 18.657059 2.9499724
-2.538835 18.658031 2.9499724
-2.5001833 18.659813 2.9499724
-2.4609501 18.663771 2.9499726
-2.4197567 18.660494 2.9499731
-2.3810174 18.66147 2.9499729
-2.3411083 18.658266 2.9499736
-2.3009191 18.659027 2.9499736
-2.2601452 18.660271 2.9499736
-2.2212801 18.660301 2.9499738
-2.1812177 18.660439 2.9499738
-2.1409554 18.660872 2.9499738
-2.1009779 18.658865 2.9499741
-2.0588851 18.658421 2.9499741
-2.0212274 18.660908 2.9499743
-1.9818337 18.661308 2.9499743
-1.9519284 18.672998 2.9499745
-2.6112158 18.691252 2.9499724
-2.5777917 18.699299 2.9499724
-2.5387671 18.69558 2.9499724
-2.5007155 18.702471 2.9499724
-2.459059 18.703114 2.9499724
-2.4190311 18.69953 2.9499726
-2.3786321 18.70019 2.9499731
-2.3398616 18.696686 2.9499733
-2.3008847 18.699837 2.9499736
-2.2610476 18.701767 2.9499736
-2.2180576 18.701954 2.9499736
-2.1816869 18.698544 2.9499738
-2.1405764 18.700327 2.9499738
-2.0993848 18.699503 2.9499741
-2.060524 18.69949 2.9499741
-2.0186369 18.700798 2.9499741
-1.977599 18.699989 2.9499743
-1.9404089 18.702053 2.9499743
-1.9124415 18.714577 2.9499745
-2.5736983 18.730757 2.9499724
-2.5404499 18.738617 2.9499724
-2.4975724 18.740404 2.9499724
-2.4608607 18.742285 2.9499724
-2.4200473 18.740499 2.9499724
-2.3798296 18.738726 2.9499729
-2.3402767 18.736996 2.9499731
-2.2997231 18.744034 2.9499731
-2.2581339 18.742132 2.9499736
-2.220897 18.738354 2.9499736
-2.1809556 18.73765 2.9499736
-2.1429884 18.741852 2.9499738
-2.1013989 18.741585 2.9499738
-2.0586364 18.7404 2.9499741
-2.0184088 18.74015 2.9499741
-1.9799827 18.739229 2.9499741
-1.9376926 18.742008 2.9499741
-1.9003605 18.73937 2.9499743
-1.8729548 18.756153 2.9499745
-2.5324287 18.774212 2.9499724
-2.4994664 18.777891 2.9499724
-2.4572527 18.781408 2.9499724
-2.4210448 18.782057 2.9499724
-2.3810666 18.777828 2.9499724
-2.3406658 18.77788 2.9499726
-2.299454 18.783558 2.9499731
-2.2613142 18.77939 2.9499736
-2.2204404 18.778351 2.9499736
-2.17944 18.780046 2.9499736
-2.1390932 18.781731 2.9499736
-2.0976596 18.778498 2.9499738
-2.0587206 18.780695 2.9499738
-2.0215344 18.779465 2.9499738
-1.9811639 18.782206 2.9499741
-1.9390056 18.779646 2.9499741
-1.8986449 18.779909 2.9499741
-1.86078 18.781046 2.9499743
-1.8367585 18.794266 2.9499745
-2.494911 18.813715 2.9499724
-2.4594808 18.819988 2.9499724
-2.4174232 18.82045 2.9499724
-2.3786352 18.818159 2.9499724
-2.3394198 18.817997 2.9499724
-2.3000844 18.822693 2.9499729
-2.2611492 18.820311 2.9499731
-2.2199471 18.818909 2.9499729
-2.1800606 18.82086 2.9499736
-2.138021 18.821699 2.9499736
-2.0996075 18.817301 2.9499736
-2.0599802 18.821463 2.9499738
-2.021342 18.820051 2.9499738
-1.9793241 18.818199 2.9499741
-1.941252 18.82254 2.9499741
-1.9003901 18.819754 2.9499741
-1.8584058 18.820042 2.9499741
-1.822197 18.82033 2.9499743
-1.7972716 18.835842 2.9499745
-2.4573932 18.853218 2.9499724
-2.4195015 18.862087 2.9499724
-2.3803902 18.859446 2.9499724
-2.3394327 18.858894 2.9499724
-2.2987173 18.859762 2.9499724
-2.2609499 18.861816 2.9499726
-2.2228756 18.857012 2.9499731
-2.1799545 18.863037 2.9499731
-2.1403024 18.859241 2.9499736
-2.1004295 18.856419 2.9499736
-2.0623453 18.862541 2.9499736
-2.0192904 18.86027 2.9499738
-1.9787916 18.859028 2.9499738
-1.9384853 18.861198 2.9499741
-1.899758 18.857368 2.9499741
-1.862165 18.861025 2.9499741
-1.8205373 18.859921 2.9499741
-1.7826266 18.861994 2.9499743
-1.7577847 18.877419 2.9499745
-2.4161234 18.896671 2.9499724
-2.3764942 18.898542 2.9499724
-2.340369 18.899412 2.9499724
-2.3017685 18.89855 2.9499724
-2.2591515 18.902514 2.9499724
-2.2170401 18.899233 2.9499726
-2.1778467 18.899797 2.9499729
-2.1389298 18.8992 2.9499736
-2.1000776 18.898132 2.9499736
-2.0583031 18.900774 2.9499736
-2.0206404 18.899708 2.9499738
-1.9816355 18.899918 2.9499738
-1.9409739 18.901775 2.9499738
-1.8985646 18.898083 2.9499741
-1.8592657 18.900005 2.9499741
-1.8190384 18.899656 2.9499741
-1.7806729 18.901896 2.9499741
-1.7435125 18.901501 2.9499741
-1.7182978 18.918997 2.9499745
-2.3786058 18.936176 2.9499724
-2.341342 18.940536 2.9499724
-2.3003871 18.939335 2.9499724
-2.2572587 18.941662 2.9499724
-2.2199759 18.938463 2.9499724
-2.1799636 18.938274 2.9499726
-2.1388702 18.941893 2.9499731
-2.0984066 18.938335 2.9499736
-2.0599756 18.941124 2.9499736
-2.0184438 18.939316 2.9499736
-1.9793609 18.939777 2.9499738
-1.9388406 18.939095 2.9499738
-1.9009331 18.939558 2.9499738
-1.8613781 18.939825 2.9499741
-1.8203125 18.940313 2.9499741
-1.7797241 18.939926 2.9499741
-1.7406685 18.941576 2.9499741
-1.7039555 18.943153 2.9499743
-2.3341463 18.976774 2.9499726
-2.3015733 18.981867 2.9499724
-2.2633822 18.9783 2.9499724
-2.2194958 18.981449 2.9499724
-2.177773 18.978689 2.9499724
-2.13745 18.983036 2.9499726
-2.1004121 18.977249 2.9499726
-2.0605114 18.981771 2.9499736
-2.0222571 18.980072 2.9499736
-1.980406 18.981419 2.9499736
-1.9390143 18.978903 2.9499736
-1.8994631 18.980551 2.9499738
-1.8584489 18.977802 2.9499738
-1.8205591 18.982805 2.9499738
-1.7787272 18.978497 2.9499741
-1.7395723 18.982204 2.9499741
-1.6999372 18.981462 2.9499741
-1.6659997 18.982111 2.9499743
-2.2940671 19.020012 2.9499722
-2.2587774 19.018097 2.9499724
-2.218766 19.022381 2.9499724
-2.1804423 19.018814 2.9499724
-2.1405716 19.019964 2.9499724
-2.0990515 19.019852 2.9499724
-2.0573475 19.022594 2.9499726
-2.0179029 19.019598 2.9499736
-1.9774234 19.022297 2.9499736
-1.9392068 19.019346 2.9499736
-1.8998979 19.022009 2.9499736
-1.8605862 19.018852 2.9499738
-1.8173587 19.021067 2.9499738
-1.7823808 19.019148 2.9499741
-1.7404534 19.021324 2.9499741
-1.6984962 19.020462 2.9499741
-1.6592766 19.021566 2.9499741
-1.6247289 19.023554 2.9499741
-2.2565827 19.059479 2.9499722
-2.2215464 19.057299 2.9499724
-2.1787679 19.058748 2.9499724
-2.1387076 19.059038 2.9499724
-2.0976403 19.063063 2.9499724
-2.0618529 19.058996 2.9499726
-2.0214598 19.060381 2.9499729
-1.9810178 19.061543 2.9499733
-1.9393859 19.060369 2.9499736
-1.8984367 19.059227 2.9499736
-1.8576076 19.05793 2.9499736
-1.8203121 19.060577 2.9499738
-1.7789446 19.057621 2.9499738
-1.7415918 19.062096 2.9499741
-1.7012148 19.060108 2.9499741
-1.6575226 19.058659 2.9499741
-1.6194758 19.063473 2.9499741
-1.5848914 19.062912 2.9499741
-2.2166519 19.097824 2.9499722
-2.1784399 19.098297 2.9499724
-2.1372557 19.10191 2.9499724
-2.0995929 19.097702 2.9499724
-2.0587108 19.098831 2.9499724
-2.0182366 19.101307 2.9499726
-1.9800557 19.099897 2.9499726
-1.9383795 19.099804 2.9499736
-1.9013664 19.098423 2.9499736
-1.8620725 19.100563 2.9499736
-1.8196437 19.099241 2.9499738
-1.7804146 19.099295 2.9499738
-1.7378848 19.100857 2.9499738
-1.6996343 19.099848 2.9499741
-1.6620201 19.098867 2.9499741
-1.6174479 19.100851 2.9499741
-1.5769436 19.099316 2.9499741
-1.5428823 19.107721 2.9499741
-2.1791916 19.137268 2.9499722
-2.1404428 19.140501 2.9499724
-2.1003101 19.14081 2.9499724
-2.058522 19.139704 2.9499724
-2.0191605 19.141489 2.9499724
-1.9794577 19.137465 2.9499726
-1.9412451 19.139231 2.9499726
-1.8995187 19.137995 2.9499733
-1.8567407 19.140499 2.9499736
-1.8188879 19.142614 2.9499736
-1.7788808 19.140078 2.9499738
-1.7396944 19.138844 2.9499738
-1.7000974 19.140909 2.9499738
-1.6602534 19.137077 2.9499741
-1.6215961 19.141432 2.9499741
-1.5790036 19.141104 2.9499741
-1.537478 19.138977 2.9499741
-1.5064455 19.146891 2.9499741
-2.1610022 19.165298 2.9499722
-2.1385195 19.178614 2.9499722
-2.1032255 19.179688 2.9499724
-2.0624466 19.180677 2.9499724
-2.0188243 19.179907 2.9499724
-1.9801226 19.177893 2.9499724
-1.9402413 19.179825 2.9499726
-1.8988407 19.180346 2.9499729
-1.8601117 19.182213 2.9499733
-1.8208013 19.181768 2.9499736
-1.7806718 19.18021 2.9499736
-1.7409958 19.177357 2.9499738
-1.7020288 19.17963 2.9499738
-1.6604453 19.17979 2.9499738
-1.6195471 19.179937 2.9499741
-1.5801197 19.182014 2.9499741
-1.5382472 19.17952 2.9499741
-1.4967809 19.178869 2.9499741
-1.4669212 19.188509 2.9499741
-2.1234844 19.204802 2.9499722
-2.0984249 19.217871 2.9499722
-2.0592604 19.220856 2.9499724
-2.0231335 19.218277 2.9499724
-1.9821812 19.218491 2.9499724
-1.9392135 19.220968 2.9499724
-1.9018222 19.217834 2.9499729
-1.8623726 19.222279 2.9499726
-1.8196104 19.217829 2.9499736
-1.7788155 19.219585 2.9499736
-1.7408243 19.219151 2.9499736
-1.6982961 19.218985 2.9499738
-1.6585512 19.220989 2.9499738
-1.6208295 19.218607 2.9499738
-1.5802774 19.218443 2.9499741
-1.5411685 19.220242 2.9499741
-1.4998481 19.219732 2.9499741
-1.4570872 19.220665 2.9499741
-1.4254371 19.227358 2.9499741
-2.0859666 19.244307 2.9499722
-2.0609932 19.257284 2.9499722
-2.019666 19.260025 2.9499724
-1.9786183 19.261381 2.9499724
-1.9399351 19.258718 2.9499724
-1.8989177 19.259745 2.9499724
-1.8584807 19.260723 2.9499726
-1.8215688 19.258137 2.9499726
-1.7834123 19.259474 2.9499731
-1.7395649 19.259743 2.9499736
-1.699241 19.260319 2.9499736
-1.6601179 19.259176 2.9499738
-1.6215718 19.258043 2.9499738
-1.5830959 19.258646 2.9499738
-1.5385643 19.25926 2.9499741
-1.4969769 19.258406 2.9499741
-1.4598119 19.261887 2.9499741
-1.4190154 19.260527 2.9499741
-1.3859502 19.268936 2.9499741
-2.044697 19.28776 2.9499722
-2.0169325 19.301458 2.9499722
-1.9792631 19.303623 2.9499724
-1.9390514 19.298166 2.9499724
-1.9024482 19.300318 2.9499724
-1.8637501 19.300428 2.9499724
-1.8196989 19.299496 2.9499726
-1.7763934 19.298599 2.9499729
-1.7385685 19.301657 2.9499736
-1.7006285 19.301023 2.9499736
-1.6616856 19.297922 2.9499736
-1.619771 19.299 2.9499738
-1.5782949 19.298939 2.9499738
-1.5410318 19.299755 2.9499738
-1.4995624 19.300091 2.9499741
-1.4566636 19.300854 2.9499741
-1.418828 19.302011 2.9499741
-1.3790548 19.30039 2.9499741
-1.349754 19.307047 2.9499741
-2.0071793 19.327263 2.9499722
-1.9784057 19.346489 2.9410746
-1.9387746 19.346031 2.9402645
-1.8988197 19.344769 2.9415126
-1.859815 19.345961 2.9405179
-1.8174634 19.346169 2.9402742
-1.780035 19.345171 2.9405546
-1.741968 19.346144 2.9405584
-1.7005451 19.346336 2.9396398
-1.6588519 19.34549 2.9404695
-1.6179836 19.345558 2.9406712
-1.5787379 19.346231 2.9398439
-1.5397607 19.345079 2.9405811
-1.5002785 19.346329 2.9408917
-1.4612672 19.345543 2.9400375
-1.4192959 19.346333 2.9398959
-1.3788813 19.345402 2.9411995
-1.3386793 19.345587 2.9398177
-1.3000983 19.350367 2.9361846
-1.2621244 19.351202 2.9281318
0 0 0 1 0 0 0 1 0 0 0 1 0 0 0 0 0 11254 1 0 0
