ply
format ascii 1.0
comment PCL generated
element vertex 10519
property float x
property float y
property float z
element face 0
element camera 1
property float view_px
property float view_py
property float view_pz
property float x_axisx
property float x_axisy
property float x_axisz
property float y_axisx
property float y_axisy
property float y_axisz
property float z_axisx
property float z_axisy
property float z_axisz
property float focal
property float scalex
property float scaley
property float centerx
property float centery
property int viewportx
property int viewporty
property float k1
property float k2
end_header
-2.9425941 18.057312 0.1945079
-2.9399059 18.101021 0.18303184
-2.9393427 18.139069 0.1828683
-2.9038477 18.144369 0.17544432
-2.9392736 18.177565 0.18030553
-2.8987069 18.178593 0.17544451
-2.8655825 18.185818 0.17544451
-2.9412572 18.218473 0.18098193
-2.9025655 18.221563 0.17544451
-2.8605053 18.218348 0.1754446
-2.8282928 18.225353 0.1754446
-2.9392531 18.260004 0.17850342
-2.8996115 18.258785 0.17544451
-2.8596087 18.261074 0.17544466
-2.8179696 18.25754 0.17544469
-2.7867122 18.269438 0.17544465
-2.9402649 18.298325 0.1838816
-2.9004498 18.300127 0.17544457
-2.859262 18.298618 0.17544468
-2.8211341 18.301119 0.17544472
-2.7808952 18.300156 0.17544484
-2.7475882 18.30562 0.17544484
-2.9392862 18.338537 0.18255699
-2.8978698 18.340628 0.17544466
-2.858701 18.338627 0.17544471
-2.820652 18.341728 0.17544481
-2.7797635 18.338203 0.17544484
-2.7407949 18.339354 0.17544484
-2.7081902 18.347389 0.17544484
-2.9231915 18.36713 0.1754446
-2.9000905 18.379364 0.17544471
-2.8608048 18.379921 0.17544481
-2.8187714 18.38096 0.17544481
-2.779568 18.379202 0.17544487
-2.7371631 18.377621 0.17544484
-2.7008097 18.381746 0.17544484
-2.6723745 18.385363 0.17544492
-2.8857839 18.40679 0.1754446
-2.8601804 18.419632 0.17544478
-2.8185112 18.417715 0.17544484
-2.7789366 18.421209 0.17544496
-2.7410302 18.420055 0.17544496
-2.7006798 18.42012 0.17544484
-2.6604745 18.418598 0.17544492
-2.6293952 18.430929 0.17544508
-2.844635 18.450415 0.17544484
-2.8202889 18.459883 0.17544495
-2.7824368 18.459496 0.17544492
-2.7391376 18.461422 0.17544498
-2.6980464 18.459549 0.17544508
-2.6588676 18.459663 0.17544499
-2.619705 18.46109 0.17544499
-2.5899978 18.472698 0.17544508
-2.8072274 18.490074 0.17544484
-2.7766192 18.501106 0.17544499
-2.7409286 18.499472 0.17544505
-2.7023778 18.500393 0.17544511
-2.6618867 18.500536 0.17544511
-2.6205153 18.499567 0.17544508
-2.5828571 18.500156 0.17544514
-2.5541816 18.51067 0.17544532
-2.7698197 18.529736 0.17544484
-2.7393486 18.540623 0.17544517
-2.6997173 18.540932 0.17544511
-2.6574643 18.53961 0.17544526
-2.6173549 18.539448 0.17544524
-2.5780303 18.538651 0.17544514
-2.5409405 18.542387 0.17544524
-2.5147841 18.552439 0.17544532
-2.7286708 18.573359 0.17544532
-2.6982901 18.581091 0.17544529
-2.6605124 18.581718 0.17544523
-2.6207585 18.578527 0.17544529
-2.5809238 18.57807 0.17544532
-2.540637 18.581636 0.17544544
-2.5026665 18.578522 0.17544544
-2.4753861 18.594208 0.17544556
-2.691263 18.61302 0.17544532
-2.6585474 18.622711 0.17544532
-2.6185312 18.619183 0.17544532
-2.579978 18.618317 0.17544542
-2.5412438 18.621632 0.17544541
-2.4997337 18.618288 0.17544553
-2.460315 18.621534 0.17544556
-2.4359887 18.635977 0.17544556
-2.6538551 18.652679 0.17544556
-2.6213005 18.662201 0.17544547
-2.580878 18.661102 0.17544535
-2.5392184 18.661528 0.1754455
-2.4991465 18.658314 0.17544556
-2.4598525 18.660967 0.17544563
-2.4187243 18.661846 0.17544559
-2.6127067 18.696304 0.17544556
-2.579093 18.699837 0.17544556
-2.5379608 18.702597 0.17544553
-2.4985096 18.701223 0.17544562
-2.4567418 18.701004 0.17544559
-2.4200392 18.700176 0.17544577
-2.3828156 18.70228 0.17544588
-2.3571935 18.719515 0.17544603
-2.5752988 18.735964 0.17544562
-2.5418918 18.739273 0.17544559
-2.5010219 18.74176 0.17544556
-2.4618483 18.740093 0.17544577
-2.4194627 18.740528 0.17544574
-2.379107 18.742836 0.17544582
-2.3398225 18.745497 0.17544596
-2.5347102 18.773273 0.1754458
-2.4994802 18.780699 0.17544574
-2.4586368 18.778723 0.17544566
-2.4201009 18.780914 0.1754458
-2.3780496 18.781027 0.17544582
-2.3403914 18.779078 0.175446
-2.3039577 18.78352 0.17544603
-2.4947457 18.816599 0.1754458
-2.4595189 18.817974 0.1754458
-2.4193025 18.81992 0.1754458
-2.3807881 18.817648 0.17544593
-2.3394279 18.818594 0.1754459
-2.2986591 18.819502 0.17544603
-2.2658179 18.820803 0.17544603
-2.4549007 18.855436 0.1754458
-2.4194195 18.858463 0.17544587
-2.3800919 18.858011 0.17544585
-2.338423 18.858633 0.17544603
-2.3008356 18.85611 0.17544603
-2.2596636 18.858328 0.17544614
-2.2250557 18.867172 0.17544611
-2.4175456 18.895041 0.17544587
-2.3793564 18.898914 0.17544603
-2.3409116 18.896051 0.17544597
-2.2988455 18.898003 0.17544609
-2.2594981 18.903334 0.17544609
-2.2193274 18.90361 0.17544627
-2.1869602 18.904409 0.17544627
-2.3801901 18.934645 0.1754459
-2.3395922 18.936049 0.17544603
-2.2976301 18.941938 0.17544609
-2.2579424 18.943956 0.17544627
-2.2209539 18.940802 0.17544621
-2.1808329 18.93968 0.1754463
-2.1485817 18.94598 0.17544627
-2.3620741 18.962025 0.17544603
-2.3369639 18.976389 0.17544611
-2.2993031 18.97974 0.17544617
-2.2598646 18.981977 0.17544615
-2.2188575 18.980518 0.17544627
-2.17975 18.981112 0.17544636
-2.1378284 18.978615 0.17544644
-2.1064816 18.985319 0.17544644
-2.3246665 19.001684 0.17544603
-2.2996352 19.015965 0.17544614
-2.2604315 19.022301 0.17544627
-2.220475 19.021034 0.17544633
-2.177366 19.021069 0.17544639
-2.1410203 19.017321 0.17544638
-2.0996799 19.019054 0.17544651
-2.0670841 19.027088 0.17544651
-2.2872586 19.041344 0.17544603
-2.262306 19.05554 0.17544635
-2.2209115 19.061874 0.17544633
-2.1812189 19.061884 0.17544636
-2.1386786 19.058674 0.17544657
-2.0992246 19.057779 0.17544667
-2.0586581 19.062551 0.17544658
-2.0276866 19.068857 0.17544651
-2.24611 19.084969 0.17544651
-2.2183561 19.100092 0.17544651
-2.1788096 19.10297 0.17544648
-2.1419234 19.098551 0.17544658
-2.1021719 19.097376 0.17544657
-2.061255 19.101889 0.17544664
-2.0226719 19.100704 0.17544651
-1.9918709 19.106829 0.17544651
-2.2087023 19.124628 0.17544651
-2.1810403 19.139654 0.17544651
-2.139554 19.141075 0.17544645
-2.0971088 19.137171 0.17544642
-2.0571573 19.14167 0.17544657
-2.0172062 19.139948 0.17544648
-1.9799056 19.139402 0.17544651
-1.948892 19.152397 0.17544635
-2.1675539 19.168255 0.17544651
-2.1399834 19.183184 0.17544651
-2.1025119 19.180349 0.17544633
-2.0627592 19.178513 0.17544641
-2.0218575 19.182528 0.17544635
-1.9810052 19.178328 0.17544642
-1.939921 19.182528 0.17544644
-1.9094944 19.194166 0.17544627
-2.1264052 19.21188 0.17544651
-2.0973761 19.221239 0.17544636
-2.0583949 19.220081 0.17544627
-2.0186198 19.222666 0.17544644
-1.9808578 19.21991 0.1754463
-1.9391533 19.21933 0.17544645
-1.8986176 19.220825 0.17544641
-1.8736787 19.232138 0.17544627
-2.0889978 19.251539 0.17544651
-2.0601063 19.260756 0.17544636
-2.0213981 19.259306 0.17544627
-1.9792404 19.259165 0.17544641
-1.9420117 19.260342 0.1754463
-1.9004383 19.259996 0.17544645
-1.860047 19.259827 0.17544639
-1.8342812 19.273907 0.17544627
-2.0478492 19.295164 0.17544651
-2.0178967 19.301929 0.17544633
-1.9820508 19.29598 0.17544627
-1.9404556 19.302481 0.17544641
-1.9005913 19.297413 0.17544627
-1.8584862 19.301502 0.17544645
-1.8214935 19.298811 0.17544638
-1.7948837 19.315678 0.17544627
-2.0104415 19.334826 0.17544651
-1.9785467 19.340097 0.17544633
-1.9386271 19.340017 0.17544627
-1.8993028 19.339966 0.17544641
-1.8605309 19.339884 0.17544627
-1.822328 19.339838 0.17544645
-1.7815113 19.3412 0.17544638
-1.7554862 19.357447 0.17544627
-1.9730339 19.374485 0.17544651
-1.9421895 19.38131 0.17937325
-1.9014786 19.382637 0.18199366
-1.8620062 19.381432 0.18094556
-1.8183492 19.383175 0.1813252
-1.7786947 19.380581 0.17971675
-1.7432989 19.38456 0.18135655
-1.7051933 19.390858 0.19166021
-1.6754476 19.389133 0.19651198
-1.9393671 19.410179 0.17544651
-1.8986788 19.407721 0.17544627
-1.8537344 19.406736 0.17544635
-1.8153769 19.410547 0.17544635
-1.7771693 19.405649 0.17544635
-1.7423805 19.411179 0.17544651
-1.7089255 19.406809 0.17544651
-2.9427423 17.94714 0.23550034
-2.9427073 17.980089 0.22586615
-2.9426908 18.016403 0.22179423
-2.942692 18.053988 0.22253852
-2.9426823 18.095148 0.22036339
-2.9426851 18.136938 0.2216502
-2.9426749 18.179348 0.21943547
-2.9426773 18.222416 0.22073488
-2.9426711 18.258785 0.21945611
-2.9426706 18.294312 0.21980615
-2.9426665 18.334867 0.2192972
-1.9392698 19.389158 0.2196853
-1.9009087 19.389154 0.22047281
-1.8619969 19.389149 0.21990226
-1.8178357 19.389149 0.22027279
-1.7814082 19.389145 0.21914183
-1.7432282 19.389141 0.22042185
-1.7002848 19.389133 0.22072034
-1.6611053 19.389132 0.21973385
-1.6215006 19.38913 0.22736564
-1.5844703 19.389128 0.23473056
-2.9428759 17.860258 0.27237004
-2.9428451 17.896948 0.26415098
-2.942826 17.93416 0.25919077
-2.9428177 17.973551 0.25732997
-2.9428213 18.013529 0.25885981
-2.9428244 18.054098 0.26041216
-2.9428217 18.095272 0.26025334
-2.9428189 18.137053 0.26009211
-2.9428163 18.179476 0.25992852
-2.9428139 18.222538 0.25976235
-2.9428115 18.25787 0.25962609
-2.9428086 18.295795 0.25947979
-2.9428062 18.334185 0.25933185
-1.9407881 19.389158 0.260378
-1.8998886 19.389154 0.26009557
-1.8623697 19.389151 0.25867358
-1.819281 19.389149 0.26006755
-1.7804351 19.389145 0.25965869
-1.7428778 19.389141 0.2610642
-1.7016734 19.389133 0.25963488
-1.6600837 19.389132 0.25968391
-1.6194865 19.38913 0.26094609
-1.5795197 19.389128 0.25965393
-1.5412962 19.389126 0.26449502
-1.51104 19.389141 0.27057618
-1.4952236 19.427351 0.26621693
-1.4635458 19.433031 0.27146795
-1.4367045 19.433029 0.27940559
-2.943022 17.751633 0.31284297
-2.9430006 17.784 0.30706903
-2.942971 17.820559 0.29908559
-2.94297 17.857161 0.29936042
-2.9429626 17.895437 0.29781467
-2.9429665 17.934275 0.2996155
-2.9429588 17.973669 0.298049
-2.9429629 18.013649 0.29987803
-2.9429557 18.054213 0.29829037
-2.9429595 18.09539 0.30014843
-2.9429514 18.137175 0.29853901
-2.9429553 18.179602 0.30042717
-2.9429474 18.222662 0.29879525
-2.9429488 18.259045 0.29979378
-2.9429505 18.295925 0.30081198
-2.9429455 18.333244 0.3000347
-1.9400306 19.389158 0.30123678
-1.9019248 19.389158 0.29951608
-1.8620002 19.389151 0.30023426
-1.8171086 19.389147 0.29987499
-1.7804366 19.389145 0.30009508
-1.7442831 19.389141 0.30031192
-1.7013254 19.389133 0.2999571
-1.6590594 19.389132 0.29961064
-1.6191521 19.38913 0.30063236
-1.5798515 19.389128 0.29893431
-1.5401684 19.389126 0.30118752
-1.5110399 19.389141 0.30061683
-1.4957367 19.425222 0.30042636
-1.4603778 19.433033 0.29945579
-1.4235777 19.433027 0.30146661
-1.3850573 19.433027 0.30826923
-1.3488276 19.433025 0.31632066
-2.9528852 17.628048 0.35766447
-2.9528842 17.659599 0.34902129
-2.9518683 17.699667 0.34221172
-2.9489591 17.740734 0.33655304
-2.9498379 17.780054 0.33750042
-2.9500208 17.82073 0.33938861
-2.9500203 17.862724 0.33933654
-2.94965 17.900799 0.33836871
-2.9498267 17.939865 0.33699146
-2.9496427 17.97921 0.33756107
-2.9500532 18.019625 0.33771279
-2.9498203 18.060095 0.33832994
-2.9501355 18.101641 0.33856261
-2.9491827 18.138849 0.33677992
-2.9502172 18.176262 0.34054157
-2.9502428 18.218204 0.33935595
-2.9505541 18.258776 0.33999202
-2.9492052 18.296839 0.33717638
-2.950022 18.328709 0.33842596
-1.9404043 19.389158 0.3405723
-1.9009089 19.389154 0.33913934
-1.8627888 19.389151 0.34048542
-1.8185598 19.389149 0.3396804
-1.7804352 19.389145 0.3405312
-1.742171 19.389141 0.33954537
-1.7009807 19.389133 0.34027132
-1.6600837 19.389132 0.33957517
-1.6194867 19.38913 0.34021759
-1.5795197 19.389128 0.33831513
-1.5401685 19.389126 0.34147292
-1.5110399 19.389141 0.34067094
-1.4957367 19.425222 0.34062931
-1.4603777 19.433033 0.33943635
-1.4226425 19.433029 0.33988774
-1.3799986 19.433023 0.340242
-1.3397728 19.433023 0.33964461
-1.3025551 19.433018 0.34544942
-1.2622401 19.43302 0.35461885
-2.9528883 17.545238 0.39283165
-2.9528868 17.584898 0.38505664
-2.9528854 17.622259 0.38069391
-2.9528847 17.657257 0.37981585
-2.9528828 17.698355 0.379511
-2.9528811 17.740801 0.37989482
-2.9528799 17.777441 0.37899053
-2.9528782 17.820864 0.38067782
-2.9528768 17.864975 0.38239828
-2.9528754 17.903387 0.38149038
-2.9528739 17.94235 0.37718046
-2.9528725 17.981888 0.37963495
-2.9528711 18.021999 0.37868676
-2.9528694 18.062706 0.38118872
-2.9528682 18.104021 0.38023791
-2.952867 18.13991 0.37916055
-2.9528656 18.174259 0.37979952
-2.9528639 18.217264 0.38059938
-2.952862 18.262247 0.37947413
-2.9528613 18.297794 0.37938562
-2.9528599 18.327652 0.37992707
-1.940788 19.389158 0.3799158
-1.9009075 19.389158 0.38049269
-1.8608947 19.389151 0.37919027
-1.8178357 19.389149 0.37961578
-1.779461 19.389145 0.38101122
-1.7435817 19.389141 0.37880352
-1.7013257 19.389133 0.38048822
-1.6604259 19.389132 0.37948009
-1.6194866 19.38913 0.38113308
-1.5795196 19.389128 0.37891322
-1.5411433 19.389126 0.38053709
-1.51104 19.389141 0.38072515
-1.4965039 19.424702 0.37955189
-1.4603776 19.433033 0.37941688
-1.4226424 19.433029 0.37956858
-1.3808738 19.433023 0.380584
-1.3397728 19.433025 0.37866706
-1.298948 19.433018 0.37967318
-1.2598649 19.433016 0.38136083
-1.221947 19.433016 0.38232076
-1.1824981 19.433014 0.39144623
-1.1524949 19.433012 0.39879584
-2.9528923 17.42725 0.43721765
-2.9528911 17.463713 0.42857337
-2.9528899 17.498928 0.42155457
-2.9528885 17.536217 0.41966522
-2.9528868 17.581043 0.41984281
-2.9528854 17.622259 0.41896296
-2.9528844 17.657255 0.4215579
-2.9528828 17.699762 0.42067701
-2.9528811 17.740803 0.41905198
-2.9528801 17.777441 0.41842231
-2.9528782 17.820866 0.42043489
-2.952877 17.864975 0.42248598
-2.9528754 17.903389 0.42018354
-2.9528739 17.942352 0.41784787
-2.9528725 17.981888 0.42059854
-2.9528711 18.021999 0.41995099
-2.9528694 18.061462 0.42114627
-2.952868 18.104023 0.42037183
-2.952867 18.138908 0.41865164
-2.9528656 18.174261 0.41867089
-2.9528644 18.217264 0.42154625
-2.9528625 18.260918 0.41908398
-2.9528613 18.298857 0.42003837
-2.9528601 18.328726 0.42078972
-1.9400305 19.389158 0.4207581
-1.900906 19.389154 0.42004794
-1.8623697 19.389149 0.41934332
-1.8181959 19.389149 0.42073369
-1.781408 19.389145 0.41960156
-1.7432284 19.389141 0.41944072
-1.7023634 19.389133 0.42080215
-1.6600835 19.389132 0.41947654
-1.6204923 19.38913 0.42081627
-1.5795197 19.389128 0.41951126
-1.5401683 19.389126 0.41953316
-1.5110397 19.389141 0.42077923
-1.4957365 19.425222 0.4185245
-1.4603776 19.433033 0.41939738
-1.4218173 19.433029 0.42044574
-1.3808737 19.433023 0.41993293
-1.3395053 19.433025 0.41894254
-1.2997962 19.433018 0.42033282
-1.2596081 19.433018 0.42098314
-1.2213336 19.433016 0.41976106
-1.1773883 19.433014 0.42024603
-1.1402246 19.433012 0.42157456
-1.1046791 19.433012 0.4267461
-1.0722115 19.433008 0.43483019
-2.9528954 17.346457 0.47224846
-2.9528942 17.380552 0.46665964
-2.9528925 17.41658 0.45981923
-2.9528918 17.459038 0.45911109
-2.9528899 17.497927 0.460563
-2.9528887 17.53684 0.4596613
-2.9528871 17.582382 0.46008262
-2.9528856 17.621368 0.45891339
-2.9528844 17.657255 0.46008912
-2.9528828 17.698708 0.46077865
-2.9528811 17.740801 0.45984071
-2.9528801 17.777441 0.45785412
-2.9528782 17.820866 0.46019199
-2.9528768 17.864975 0.46257362
-2.9528754 17.903385 0.45887664
-2.9528739 17.942352 0.4585152
-2.9528725 17.981888 0.46156225
-2.9528711 18.022001 0.45949599
-2.9528697 18.063948 0.45901057
-2.9528685 18.104021 0.46050563
-2.9528668 18.138908 0.46079183
-2.9528656 18.174263 0.45930919
-2.9528642 18.217258 0.46071285
-2.9528627 18.260916 0.46034443
-2.9528613 18.297794 0.46063769
-2.9528601 18.326582 0.45883894
-1.9404043 19.389158 0.46010175
-1.9009074 19.389158 0.45960364
-1.8616337 19.389151 0.45959485
-1.8181927 19.389147 0.46057209
-1.7804351 19.389145 0.4600817
-1.7428777 19.389141 0.46006992
-1.700285 19.389133 0.45967609
-1.6600837 19.389132 0.46071473
-1.6184783 19.38913 0.45908225
-1.5795197 19.389128 0.46010932
-1.5401683 19.389126 0.45981857
-1.5110399 19.389141 0.4608334
-1.4957364 19.42522 0.45872739
-1.4603776 19.433033 0.45937794
-1.4226425 19.433029 0.4614031
-1.3808721 19.433023 0.46026567
-1.3397727 19.433025 0.45914841
-1.2985262 19.433018 0.46092057
-1.2596084 19.433018 0.45936862
-1.2200998 19.433016 0.45969844
-1.1774081 19.433014 0.46080568
-1.1399804 19.433012 0.46021378
-1.1031609 19.433012 0.45962858
-1.0621314 19.433012 0.45978117
-1.0235779 19.433004 0.46423113
-0.98582697 19.433001 0.47220773
-0.95964056 19.433001 0.47980976
-2.9528999 17.231728 0.51468158
-2.9528985 17.26358 0.50918263
-2.9528968 17.302845 0.50128186
-2.9528959 17.343584 0.50002694
-2.9528944 17.379501 0.50170445
-2.9528925 17.417175 0.49887213
-2.9528918 17.459322 0.49970761
-2.9528897 17.497927 0.50101185
-2.9528887 17.537464 0.49967256
-2.9528868 17.582048 0.49929553
-2.9528856 17.62315 0.50019771
-2.9528847 17.657253 0.50022578
-2.952883 17.698708 0.49962038
-2.9528811 17.740803 0.50062948
-2.9528804 17.776497 0.4990111
-2.9528787 17.820864 0.4999491
-2.9528768 17.864975 0.50266129
-2.9528751 17.903385 0.49925208
-2.9528739 17.94235 0.49918261
-2.952873 17.98068 0.50092012
-2.9528711 18.022001 0.49904075
-2.9528697 18.062706 0.49896812
-2.9528685 18.10276 0.50074273
-2.952867 18.137905 0.50025469
-2.9528656 18.174261 0.49994734
-2.9528644 18.217262 0.4998796
-2.9528623 18.260914 0.49981087
-2.9528613 18.296734 0.50121516
-2.9528599 18.327654 0.49970189
-1.940788 19.389158 0.49945363
-1.9009087 19.389156 0.50095731
-1.8631024 19.389153 0.49978092
-1.8185595 19.389147 0.49904492
-1.7804364 19.389145 0.50051808
-1.7432284 19.389141 0.50061679
-1.7016733 19.389133 0.4986541
-1.6597439 19.389132 0.50070065
-1.6194865 19.38913 0.49876541
-1.5795196 19.389128 0.50070739
-1.5401683 19.389126 0.50010395
-1.5110397 19.389141 0.50088751
-1.4957364 19.425222 0.49893034
-1.4603776 19.433033 0.49935851
-1.4226424 19.433029 0.50108385
-1.3808737 19.433023 0.50059813
-1.3405726 19.433025 0.49944586
-1.299373 19.433018 0.50061971
-1.2593496 19.433016 0.49898255
-1.22012 19.433016 0.50062305
-1.1777923 19.433014 0.50044215
-1.1397345 19.433012 0.49884683
-1.1024153 19.433012 0.50044805
-1.0614002 19.433012 0.50023961
-1.0221779 19.43301 0.49917212
-0.98326308 19.433006 0.49991867
-0.94176263 19.433004 0.50264579
-0.90224189 19.432999 0.51039064
-0.87270713 19.432995 0.51632851
-2.9529028 17.143284 0.55297792
-2.9529014 17.184237 0.54474723
-2.9528999 17.221628 0.53957254
-2.952899 17.262136 0.54068685
-2.9528968 17.302244 0.53950334
-2.9528959 17.34243 0.54066718
-2.9528942 17.379501 0.53967339
-2.9528928 17.415991 0.54013175
-2.9528916 17.460598 0.5390057
-2.9528899 17.497925 0.53990483
-2.9528887 17.535852 0.54081684
-2.9528873 17.582682 0.53967196
-2.9528856 17.622259 0.54014814
-2.9528847 17.657255 0.54036254
-2.9528828 17.697655 0.5396893
-2.9528811 17.740801 0.53978676
-2.9528801 17.777441 0.53999609
-2.9528785 17.820866 0.53970629
-2.952877 17.863817 0.54116881
-2.9528754 17.903385 0.53962755
-2.9528739 17.94235 0.53985006
-2.9528725 17.981888 0.54006761
-2.9528711 18.021999 0.54030502
-2.9528694 18.062706 0.54053742
-2.952868 18.105282 0.53892505
-2.952867 18.138908 0.53979802
-2.9528658 18.172968 0.54068089
-2.9528642 18.217264 0.54082668
-2.9528625 18.260916 0.53927749
-2.9528613 18.298857 0.5392198
-2.9528599 18.328724 0.54058677
-1.9400306 19.389158 0.54027933
-1.8998885 19.389154 0.5405274
-1.8608944 19.389153 0.53981608
-1.8181961 19.389149 0.54025161
-1.7794609 19.389145 0.53921092
-1.7432253 19.389143 0.53989673
-1.7013255 19.389133 0.53896034
-1.6600837 19.389132 0.54061109
-1.6194863 19.38913 0.53968108
-1.5795196 19.389128 0.54130542
-1.5391908 19.389126 0.53906226
-1.5110397 19.389141 0.54094172
-1.4957366 19.42522 0.53913319
-1.4603776 19.433033 0.53933907
-1.4226422 19.433029 0.54076463
-1.3808736 19.433023 0.53994697
-1.3389747 19.433025 0.54079592
-1.2993711 19.433018 0.54028869
-1.2603823 19.433018 0.53979719
-1.220511 19.433016 0.54061902
-1.177791 19.433014 0.53912097
-1.1399821 19.433012 0.53976125
-1.1027861 19.433012 0.54039031
-1.0624999 19.433012 0.54079467
-1.022868 19.43301 0.53936499
-0.98255533 19.433006 0.53968519
-0.9399035 19.432999 0.54015982
-0.8981508 19.432995 0.5399552
-0.86900854 19.432997 0.53993887
-2.9529068 17.028448 0.59521884
-2.9529057 17.062183 0.58867133
-2.9529042 17.098175 0.58173752
-2.9529035 17.140549 0.58058161
-2.9529011 17.183393 0.57999802
-2.9529002 17.221886 0.5803079
-2.952899 17.261024 0.58063227
-2.9528966 17.302511 0.5788238
-2.9528959 17.342699 0.58031064
-2.952894 17.379503 0.57916087
-2.9528928 17.416269 0.58037919
-2.9528916 17.459038 0.57951063
-2.9528897 17.497078 0.58041799
-2.9528887 17.53717 0.58072919
-2.9528875 17.582047 0.5799821
-2.9528856 17.622257 0.58001167
-2.9528844 17.657255 0.57889372
-2.9528828 17.699057 0.58088785
-2.9528811 17.740803 0.57894397
-2.9528799 17.778389 0.58100337
-2.9528782 17.820866 0.57946336
-2.9528768 17.864973 0.57948798
-2.9528754 17.903387 0.58000296
-2.9528739 17.94235 0.58051753
-2.952873 17.983093 0.57924074
-2.9528713 18.022001 0.58156919
-2.9528697 18.062708 0.58037466
-2.9528685 18.104021 0.57916218
-2.952867 18.138908 0.58193827
-2.9528656 18.175554 0.5793615
-2.9528642 18.215948 0.58008045
-2.9528625 18.260918 0.58053821
-2.9528613 18.297796 0.57979733
-2.9528599 18.326582 0.57859188
-1.9404043 19.389158 0.57963121
-1.901925 19.389154 0.58005315
-1.8623695 19.389154 0.5800131
-1.8178356 19.389143 0.58145022
-1.7804351 19.389143 0.57962531
-1.7432286 19.389141 0.57917684
-1.7013254 19.389133 0.58052611
-1.6611049 19.389132 0.58063853
-1.6198235 19.38913 0.57928699
-1.5791904 19.389128 0.58066565
-1.5401683 19.389126 0.57814962
-1.5110399 19.389141 0.5809958
-1.4957366 19.425222 0.57933617
-1.4603776 19.433033 0.57931966
-1.4226424 19.433029 0.58044535
-1.3808737 19.433023 0.57929593
-1.3397727 19.433025 0.58109337
-1.2993728 19.433018 0.5799576
-1.258836 19.433018 0.58045959
-1.2205095 19.433016 0.57964581
-1.1781778 19.433014 0.57971358
-1.1402247 19.433014 0.5806818
-1.103161 19.433012 0.58034188
-1.0617671 19.433012 0.58124644
-1.0214591 19.433008 0.58033675
-0.98324662 19.433006 0.58044046
-0.94103664 19.433002 0.58047616
-0.89917445 19.432995 0.57909036
-0.86900741 19.432997 0.57963121
-2.9529099 16.943027 0.63217497
-2.9529088 16.980499 0.62497348
-2.9529073 17.019444 0.61989188
-2.9529059 17.060108 0.61987662
-2.952904 17.098087 0.62050533
-2.9529035 17.139721 0.62045759
-2.9529014 17.182318 0.61927176
-2.9529002 17.221889 0.61998558
-2.952899 17.262138 0.62072086
-2.9528968 17.301382 0.61909968
-2.9528959 17.343008 0.61983019
-2.9528947 17.379499 0.62016702
-2.9528928 17.416586 0.62050104
-2.9528916 17.45932 0.62011385
-2.9528902 17.498775 0.62073845
-2.9528887 17.53684 0.6195845
-2.9528875 17.581415 0.62027693
-2.9528856 17.622259 0.61987525
-2.9528847 17.656353 0.61908984
-2.952883 17.698708 0.62099552
-2.9528811 17.740803 0.61810124
-2.9528801 17.777441 0.62215322
-2.9528782 17.820866 0.61922055
-2.952877 17.864975 0.61957562
-2.9528751 17.903385 0.62037843
-2.9528739 17.942352 0.62118489
-2.952873 17.981888 0.61858952
-2.9528711 18.020773 0.62118906
-2.9528697 18.062706 0.62021178
-2.9528685 18.104023 0.61929613
-2.952867 18.13991 0.62150997
-2.9528656 18.174261 0.62009525
-2.9528639 18.218575 0.61907297
-2.9528625 18.259581 0.62008291
-2.9528613 18.296734 0.62035304
-2.9528599 18.327652 0.61947668
-1.9407881 19.389158 0.61899155
-1.9009087 19.389158 0.6196239
-1.8616333 19.389153 0.62024271
-1.8181932 19.389147 0.61992568
-1.7814078 19.389145 0.62006122
-1.7435818 19.389141 0.61973721
-1.7009805 19.389133 0.62082189
-1.6590592 19.389132 0.61914307
-1.6194865 19.38913 0.61895764
-1.5795196 19.389128 0.6199618
-1.5401684 19.389126 0.61843508
-1.5110399 19.389141 0.62105
-1.4957366 19.42522 0.61953914
-1.4603776 19.433033 0.61930019
-1.4226424 19.433029 0.62012613
-1.3808737 19.433023 0.61864483
-1.3397725 19.433025 0.6201157
-1.2993729 19.433018 0.61865902
-1.2596083 19.433016 0.62010568
-1.2200998 19.433016 0.61968309
-1.1774082 19.433014 0.62116849
-1.1397345 19.433014 0.62050444
-1.1024153 19.433012 0.62114215
-1.0621316 19.43301 0.62084758
-1.0225399 19.43301 0.620561
-0.98255521 19.433006 0.62110013
-0.9399035 19.433002 0.62081242
-0.89850616 19.432995 0.61899996
-0.86900854 19.432997 0.61932403
-2.9529142 16.831587 0.67523658
-2.952913 16.865866 0.6677891
-2.9529114 16.901917 0.65996146
-2.9529107 16.939772 0.65937215
-2.9529088 16.979235 0.66071856
-2.9529076 17.020193 0.66039205
-2.9529061 17.061071 0.66029131
-2.9529042 17.096834 0.66016448
-2.9529035 17.138895 0.66031158
-2.9529011 17.182602 0.65978622
-2.9528999 17.221886 0.65966332
-2.952899 17.261024 0.66064745
-2.9528971 17.302513 0.65953839
-2.9528959 17.343307 0.65935749
-2.9528944 17.378695 0.65970421
-2.9528925 17.416895 0.66063082
-2.9528921 17.460598 0.6594432
-2.9528902 17.497923 0.66125137
-2.9528887 17.537464 0.65961552
-2.9528875 17.582047 0.66065818
-2.9528856 17.62137 0.65979075
-2.9528847 17.658159 0.66071343
-2.9528828 17.698709 0.65983737
-2.9528811 17.73987 0.65894318
-2.9528801 17.777441 0.66158491
-2.9528785 17.820866 0.65897769
-2.9528768 17.864973 0.6596632
-2.9528759 17.903385 0.66075391
-2.9528739 17.942352 0.6601581
-2.952873 17.981888 0.65955323
-2.9528711 18.023222 0.65886456
-2.9528694 18.061462 0.66011578
-2.9528685 18.104021 0.65943003
-2.952867 18.138908 0.66095793
-2.9528654 18.174263 0.6607337
-2.9528639 18.217262 0.66010714
-2.952862 18.262247 0.65939265
-2.9528613 18.297794 0.66103554
-2.9528599 18.328724 0.66038364
-1.9400306 19.389158 0.65980059
-1.8998886 19.389158 0.6591717
-1.8619968 19.389151 0.65903598
-1.8185596 19.389149 0.65840942
-1.7804351 19.389145 0.66050476
-1.7432284 19.389141 0.66035813
-1.7013255 19.389133 0.66105735
-1.6600835 19.389132 0.65917069
-1.6194863 19.38913 0.65987307
-1.5795197 19.389128 0.66055977
-1.5401683 19.389126 0.65872049
-1.5110399 19.389141 0.66110414
-1.4957366 19.425222 0.65974206
-1.4603776 19.433033 0.65928072
-1.4226425 19.433029 0.65980685
-1.3804344 19.433023 0.65903461
-1.3400381 19.433025 0.66033691
-1.2997785 19.433016 0.65932989
-1.259865 19.433018 0.65967035
-1.2213335 19.433016 0.65957958
-1.1777923 19.433014 0.66081792
-1.139246 19.433014 0.66031456
-1.1027861 19.433012 0.66109395
-1.0624999 19.433012 0.66045815
-1.0218197 19.433008 0.6606515
-0.98290735 19.433004 0.66002738
-0.94107926 19.433002 0.65965551
-0.89850831 19.432995 0.65991819
-0.86847895 19.432997 0.66047913
-2.9529183 16.716784 0.71869588
-2.9529173 16.744879 0.71197456
-2.9529157 16.782625 0.70439976
-2.9529145 16.821291 0.69989514
-2.9529128 16.862869 0.69992983
-2.9529114 16.900967 0.69913673
-2.9529107 16.939772 0.69998735
-2.9529083 16.979727 0.70049047
-2.9529071 17.019444 0.70006031
-2.9529059 17.059837 0.69961953
-2.9529045 17.097109 0.69993949
-2.9529035 17.140135 0.70015532
-2.9529011 17.182854 0.70019037
-2.9528999 17.222147 0.70040971
-2.952899 17.262136 0.70075476
-2.9528968 17.301378 0.69979537
-2.9528959 17.34358 0.699022
-2.9528944 17.38031 0.69909281
-2.9528925 17.416267 0.69973719
-2.9528921 17.459038 0.69990999
-2.9528902 17.497927 0.70014459
-2.9528887 17.535854 0.70070839
-2.9528875 17.581711 0.69985271
-2.9528856 17.623152 0.70114517
-2.9528844 17.657255 0.70090932
-2.9528828 17.698709 0.69867909
-2.9528811 17.740801 0.69967121
-2.9528801 17.777441 0.70101672
-2.952879 17.820866 0.69873482
-2.952877 17.864975 0.69975072
-2.9528754 17.903387 0.70112944
-2.9528739 17.94235 0.69913083
-2.952873 17.981888 0.70051676
-2.9528713 18.021999 0.6984846
-2.9528694 18.062706 0.69987774
-2.9528682 18.104021 0.70130891
-2.952867 18.137905 0.70038515
-2.9528656 18.172968 0.69966388
-2.9528639 18.217262 0.70105422
-2.9528625 18.260918 0.69893783
-2.9528613 18.298857 0.70173991
-2.9528599 18.32658 0.69834459
-1.9404043 19.389158 0.69916058
-1.9019248 19.389156 0.69874197
-1.8620001 19.389153 0.69920081
-1.8181962 19.389149 0.69960535
-1.7804364 19.389145 0.70094115
-1.742878 19.389141 0.70097136
-1.7013226 19.389133 0.70002514
-1.6604259 19.389132 0.69909674
-1.6194863 19.38913 0.70078874
-1.5795199 19.389128 0.70115787
-1.5401682 19.389126 0.69900596
-1.5110397 19.389141 0.70115829
-1.4957366 19.425222 0.69994491
-1.4603776 19.433033 0.69926137
-1.4226424 19.433029 0.69948757
-1.3817523 19.433023 0.70027673
-1.3397726 19.433025 0.70060164
-1.2993729 19.433018 0.6999355
-1.2593496 19.433016 0.70049542
-1.22012 19.433016 0.70049965
-1.1777909 19.433014 0.69949675
-1.1407167 19.433014 0.69997078
-1.1023961 19.433012 0.70014107
-1.0617671 19.433012 0.7008909
-1.0221779 19.433008 0.69991744
-0.98257172 19.433006 0.69987804
-0.9399448 19.433002 0.6999718
-0.89917219 19.432995 0.69978118
-0.86957765 19.432997 0.70018709
-2.9529212 16.631025 0.75524592
-2.9529197 16.664667 0.74764085
-2.952919 16.701834 0.74129313
-2.9529185 16.740162 0.74019212
-2.9529159 16.780499 0.73981339
-2.9529145 16.821287 0.74022949
-2.9529126 16.862165 0.73982882
-2.9529114 16.900967 0.74021733
-2.9529107 16.940493 0.74061292
-2.9529088 16.978535 0.73910236
-2.9529076 17.01869 0.73970824
-2.9529061 17.060349 0.74010974
-2.9529045 17.097349 0.73960567
-2.9529035 17.139307 0.74000251
-2.9529011 17.183111 0.740601
-2.9528999 17.221598 0.7401582
-2.952899 17.261024 0.74066257
-2.9528968 17.302513 0.74025303
-2.9528961 17.342434 0.73961473
-2.9528947 17.379499 0.73862964
-2.952893 17.416586 0.73986667
-2.9528918 17.45932 0.74052018
-2.9528902 17.497078 0.73907501
-2.9528887 17.53717 0.74066269
-2.9528875 17.583055 0.74017704
-2.9528859 17.622259 0.74106055
-2.9528844 17.657255 0.73944062
-2.952883 17.698359 0.73877341
-2.9528811 17.741737 0.74042141
-2.9528801 17.777441 0.74044847
-2.952879 17.820866 0.73849189
-2.952877 17.864977 0.73983842
-2.9528751 17.903387 0.74150485
-2.9528739 17.94235 0.73979831
-2.9528725 17.98189 0.73977381
-2.9528711 18.021997 0.73974878
-2.9528694 18.063948 0.73966593
-2.952868 18.10276 0.74149156
-2.9528668 18.138908 0.73996431
-2.9528656 18.175554 0.73841709
-2.9528639 18.215948 0.74027085
-2.9528625 18.260916 0.74019814
-2.9528613 18.296734 0.73949063
-2.9528599 18.327652 0.73925149
-1.9407881 19.389158 0.73852926
-1.9009074 19.389154 0.74008816
-1.8623695 19.389153 0.7406829
-1.8178357 19.389149 0.74079311
-1.7794609 19.389145 0.73959714
-1.742171 19.389141 0.74028832
-1.7013257 19.389133 0.73899317
-1.6600837 19.389132 0.73907202
-1.6191519 19.38913 0.74044633
-1.5795197 19.389128 0.74175584
-1.5401683 19.389126 0.73929137
-1.5110399 19.389141 0.74121237
-1.4957364 19.425222 0.74014789
-1.4603776 19.433033 0.73924172
-1.4229168 19.433029 0.74039179
-1.3808737 19.433023 0.74063009
-1.3397725 19.433023 0.73962384
-1.2989688 19.433016 0.74053079
-1.2596081 19.433018 0.74006027
-1.2205111 19.433016 0.74051207
-1.178178 19.433014 0.74010223
-1.1402248 19.433012 0.73978901
-1.10279 19.433012 0.74001223
-1.0621316 19.43301 0.7405014
-1.0225399 19.433006 0.73919261
-0.98326075 19.433006 0.74049681
-0.94107926 19.433002 0.74032879
-0.89850825 19.432991 0.73983067
-0.86847889 19.432997 0.73985469
-2.9529257 16.515221 0.79855227
-2.9529247 16.545084 0.79176015
-2.9529231 16.581722 0.78401983
-2.9529212 16.620676 0.78035814
-2.9529195 16.662922 0.77979493
-2.952919 16.701187 0.77977949
-2.9529183 16.740467 0.78056258
-2.9529159 16.780497 0.77976555
-2.9529145 16.820601 0.77974063
-2.9529126 16.862869 0.779742
-2.9529116 16.900745 0.78029794
-2.9529111 16.939407 0.78038675
-2.9529085 16.979467 0.77881223
-2.9529068 17.019444 0.78021473
-2.9529061 17.06086 0.78061324
-2.9529045 17.097599 0.77927822
-2.952903 17.140545 0.77987432
-2.9529014 17.18257 0.78001529
-2.9528999 17.222147 0.77976942
-2.9528992 17.261286 0.77964848
-2.9528971 17.301382 0.78049088
-2.9528959 17.342697 0.77926928
-2.9528947 17.379503 0.77963632
-2.952893 17.416895 0.78000402
-2.9528918 17.4606 0.77988064
-2.9528902 17.498775 0.77944946
-2.9528887 17.53684 0.77950758
-2.9528875 17.581043 0.78046447
-2.9528859 17.622259 0.77932948
-2.9528847 17.657253 0.77957714
-2.952883 17.698709 0.77878755
-2.9528811 17.740801 0.78125644
-2.9528801 17.777441 0.77988034
-2.9528787 17.820496 0.77952814
-2.952877 17.864977 0.77992606
-2.9528754 17.903387 0.78188032
-2.9528739 17.942352 0.78046578
-2.9528723 17.981884 0.77903074
-2.9528711 18.021999 0.78101301
-2.9528694 18.062706 0.77956074
-2.9528685 18.105284 0.77978265
-2.9528666 18.138908 0.78210443
-2.9528656 18.174261 0.77911443
-2.9528635 18.218573 0.77933729
-2.9528625 18.259581 0.78149945
-2.9528613 18.297794 0.780195
-2.9528599 18.328724 0.78018051
-1.9400306 19.389158 0.77932191
-1.9009089 19.389158 0.78144193
-1.8616334 19.389153 0.78089052
-1.8181933 19.389147 0.77927929
-1.780435 19.389143 0.78004819
-1.7442831 19.389141 0.77944171
-1.7016733 19.389133 0.7792418
-1.6600837 19.389132 0.78031021
-1.6194865 19.38913 0.78006023
-1.5785269 19.389128 0.78113866
-1.5401684 19.389126 0.77957666
-1.5110397 19.389141 0.78126651
-1.4957366 19.425222 0.7803508
-1.4603776 19.433033 0.77922237
-1.4226424 19.433029 0.78133154
-1.3808738 19.433023 0.77997893
-1.3395052 19.433025 0.77987975
-1.2993727 19.433018 0.78120482
-1.258836 19.433016 0.77968693
-1.2205096 19.433016 0.77953881
-1.1769873 19.433014 0.78063059
-1.1397345 19.433014 0.77959514
-1.1031774 19.433012 0.77989334
-1.0625 19.433012 0.78012139
-1.0218196 19.433008 0.77926451
-0.98326319 19.433006 0.78039116
-0.93978435 19.432999 0.7798993
-0.89917219 19.432991 0.77970546
-0.86957771 19.432997 0.77958232
-2.9529285 16.427847 0.83526599
-2.9529271 16.465021 0.8270151
-2.9529266 16.501354 0.82128584
-2.9529254 16.539938 0.8194204
-2.9529238 16.579985 0.82000428
-2.9529212 16.621161 0.82011688
-2.9529195 16.662041 0.82017225
-2.952919 16.701488 0.81978327
-2.9529181 16.740469 0.82013994
-2.9529159 16.780499 0.81971794
-2.9529145 16.821289 0.81927836
-2.952913 16.862867 0.81965113
-2.9529116 16.900969 0.82032233
-2.9529107 16.940134 0.82018995
-2.9529088 16.979235 0.8196103
-2.9529073 17.019833 0.81988603
-2.9529057 17.059624 0.8199048
-2.9529045 17.097107 0.82010889
-2.9529035 17.139721 0.81971473
-2.9529016 17.183111 0.81930262
-2.9528999 17.222435 0.82064641
-2.952899 17.261845 0.81959838
-2.9528968 17.301645 0.81981039
-2.9528959 17.343279 0.81990457
-2.9528947 17.379501 0.82064217
-2.9528928 17.416265 0.81909513
-2.9528921 17.459038 0.82030958
-2.9528906 17.497925 0.81993526
-2.9528887 17.53651 0.81834459
-2.9528875 17.582382 0.82079941
-2.9528856 17.622257 0.81919289
-2.9528847 17.657255 0.81971389
-2.9528832 17.698711 0.82005697
-2.9528811 17.740803 0.82041359
-2.9528801 17.777441 0.8193121
-2.952879 17.820862 0.8204881
-2.952877 17.864977 0.82001376
-2.9528754 17.902212 0.82060361
-2.9528735 17.94235 0.8211332
-2.9528723 17.981888 0.81999427
-2.9528711 18.022001 0.82055813
-2.9528694 18.062708 0.81939811
-2.9528682 18.104021 0.81996542
-2.952867 18.139912 0.8217119
-2.9528656 18.174263 0.81975287
-2.9528637 18.217262 0.82033443
-2.9528625 18.262249 0.82088417
-2.9528613 18.298857 0.82092124
-2.9528599 18.326582 0.81809711
-1.9392698 19.389158 0.82009733
-1.8998885 19.389154 0.82095933
-1.8619965 19.389151 0.81969452
-1.8181963 19.389149 0.81911784
-1.781408 19.389145 0.82052112
-1.7432283 19.389141 0.82009447
-1.7013257 19.389133 0.81952953
-1.6597439 19.389132 0.82027537
-1.6194863 19.38913 0.82097584
-1.5805097 19.389128 0.81909233
-1.5401683 19.389126 0.81986207
-1.5110399 19.389141 0.82132071
-1.4957364 19.425222 0.82055372
-1.4603775 19.433033 0.8192029
-1.4226424 19.433029 0.8210122
-1.3799986 19.433023 0.82030362
-1.3397727 19.433025 0.82010531
-1.2993728 19.433018 0.81990635
-1.2603823 19.433018 0.82038826
-1.2200998 19.433016 0.81955898
-1.1781949 19.433014 0.82020569
-1.1399821 19.433014 0.82052439
-1.1027861 19.433012 0.818937
-1.0617672 19.433012 0.82053542
-1.0218173 19.433006 0.81949025
-0.98255521 19.433006 0.82011414
-0.94119781 19.433004 0.82023233
-0.89850831 19.432995 0.81974304
-0.86847889 19.432997 0.81923044
-2.9529305 16.385229 0.85401416
-2.9529295 16.421732 0.85216731
-2.9529269 16.463106 0.85330099
-2.9529264 16.501825 0.8549698
-2.952925 16.540422 0.85589093
-2.9529233 16.580574 0.85810214
-2.9529216 16.62104 0.85920113
-2.9529197 16.662628 0.85981202
-2.952919 16.70059 0.86052734
-2.9529181 16.740469 0.85971725
-2.9529161 16.780499 0.85967004
-2.9529145 16.821287 0.8596127
-2.9529133 16.862867 0.85956037
-2.9529116 16.90164 0.86041498
-2.9529107 16.939043 0.85993761
-2.9529083 16.979002 0.86040205
-2.9529078 17.019819 0.85955101
-2.9529059 17.060591 0.86035347
-2.9529045 17.097349 0.85978132
-2.9529035 17.138895 0.85953307
-2.9529016 17.182602 0.86089075
-2.9529002 17.221342 0.86019254
-2.952899 17.261284 0.85966814
-2.9528968 17.302217 0.86010504
-2.9528959 17.342699 0.86066145
-2.9528947 17.378695 0.86014628
-2.952893 17.416586 0.85923243
-2.9528918 17.459318 0.86092657
-2.9528909 17.497078 0.8604008
-2.9528887 17.536842 0.85946649
-2.9528875 17.582048 0.85998857
-2.9528856 17.622259 0.85905665
-2.9528847 17.656353 0.85986763
-2.9528832 17.698709 0.8613264
-2.9528811 17.740801 0.8595708
-2.9528801 17.777441 0.85874385
-2.9528785 17.820866 0.86024535
-2.9528768 17.864977 0.86010152
-2.9528751 17.903385 0.85925865
-2.9528735 17.94116 0.86012781
-2.9528723 17.981886 0.86095804
-2.9528706 18.021999 0.86010289
-2.9528694 18.062706 0.85923511
-2.9528685 18.104023 0.86009955
-2.9528668 18.137905 0.85838276
-2.9528656 18.174263 0.86039084
-2.9528639 18.217266 0.86128163
-2.9528625 18.260918 0.86039197
-2.9528613 18.296734 0.85862833
-2.9528599 18.327652 0.85902619
-1.942031 19.389158 0.85937202
-1.901925 19.389158 0.86059022
-1.8623695 19.389154 0.85850734
-1.8185599 19.389149 0.86027122
-1.7804364 19.389145 0.8591699
-1.7435818 19.389141 0.86067086
-1.7009804 19.389133 0.85980952
-1.6600835 19.389132 0.8602066
-1.6184782 19.38913 0.86065102
-1.5795196 19.389128 0.85847527
-1.5401684 19.389126 0.86014754
-1.5110399 19.389141 0.86137486
-1.4957366 19.425222 0.86075664
-1.4603776 19.433033 0.85918343
-1.4226424 19.433029 0.86069286
-1.3808739 19.433023 0.86063689
-1.3397725 19.433025 0.85912776
-1.2993712 19.433018 0.85957509
-1.2596083 19.433016 0.86001503
-1.2213335 19.433016 0.85950691
-1.1777909 19.433014 0.85987246
-1.1399804 19.433014 0.86029899
-1.1024327 19.433012 0.85982466
-1.0621316 19.43301 0.86015528
-1.0225254 19.433008 0.86047745
-0.98255277 19.433006 0.85999608
-0.93978429 19.433001 0.86054957
-0.89917219 19.432995 0.85962987
-0.8695364 19.432997 0.8604455
-2.902837 16.268959 0.91716188
-2.9025919 16.303127 0.91036266
-2.902719 16.342134 0.9031533
-2.9028552 16.380466 0.90446258
-2.9029438 16.420444 0.9052214
-2.9029288 16.461109 0.90664017
-2.902868 16.500687 0.90925151
-2.9032211 16.539057 0.90937012
-2.9032543 16.578835 0.91069382
-2.903538 16.619783 0.91245514
-2.95292 16.670269 0.88113433
-2.9036841 16.660425 0.91397524
-2.9529188 16.708971 0.88285565
-2.9043601 16.693928 0.91438937
-2.9529176 16.740469 0.88346368
-2.9049225 16.732998 0.91588438
-2.9529159 16.780491 0.88523877
-2.9055004 16.772842 0.91740495
-2.9529145 16.823345 0.88632691
-2.9055207 16.80098 0.91948307
-2.9529128 16.862869 0.88806695
-2.9529119 16.899548 0.88904995
-2.9529104 16.941109 0.89069134
-2.952909 16.98044 0.89181161
-2.9529076 17.018877 0.89326477
-2.9529059 17.061003 0.89559406
-2.9529045 17.097662 0.89516205
-2.9529033 17.139719 0.89767772
-2.9529016 17.18314 0.90018755
-2.9529002 17.221632 0.90106058
-2.9528992 17.261845 0.89962751
-2.9528968 17.301647 0.90051055
-2.9528959 17.34301 0.90019906
-2.9528949 17.38031 0.89960134
-2.9528928 17.416895 0.89937717
-2.9528918 17.460596 0.90031815
-2.9528906 17.498775 0.90081662
-2.9528885 17.537169 0.90059644
-2.9528875 17.581711 0.89916986
-2.9528859 17.621368 0.89893043
-2.9528847 17.657255 0.89998001
-2.9528832 17.698708 0.90016836
-2.9528809 17.740801 0.90035945
-2.9528804 17.777439 0.89981866
-2.9528785 17.820862 0.90000248
-2.9528768 17.864977 0.90018922
-2.9528759 17.903385 0.89963406
-2.9528735 17.942352 0.89907104
-2.9528723 17.980675 0.90022773
-2.9528711 18.020773 0.89966071
-2.9528694 18.062706 0.90080428
-2.9528682 18.104021 0.90023321
-2.952867 18.138908 0.89799005
-2.9528656 18.172966 0.90104198
-2.9528639 18.215948 0.90046126
-2.9528625 18.259581 0.89987165
-2.9528613 18.297794 0.89935458
-2.9528599 18.328724 0.89997727
-1.9400306 19.389158 0.89884311
-1.9009089 19.389154 0.9001084
-1.862 19.389151 0.90002698
-1.8178357 19.389143 0.90013605
-1.7804351 19.389145 0.89960593
-1.7428778 19.389141 0.89997709
-1.7013254 19.389133 0.90006077
-1.6590594 19.389132 0.90018654
-1.6194863 19.38913 0.90024227
-1.5795197 19.389128 0.89907336
-1.5401683 19.389126 0.900433
-1.5110397 19.389141 0.901429
-1.4957366 19.425222 0.90095967
-1.4603776 19.433033 0.89916408
-1.4226424 19.433029 0.90037358
-1.3813113 19.433023 0.90093386
-1.3389747 19.433025 0.89939249
-1.299373 19.433018 0.89924413
-1.259865 19.433018 0.8995924
-1.22012 19.433016 0.90037656
-1.1773883 19.433014 0.89952904
-1.1402247 19.433014 0.89889652
-1.1031774 19.433012 0.90060699
-1.0625 19.433012 0.89978468
-1.0221779 19.433008 0.90066284
-0.98324883 19.433006 0.90063894
-0.94048828 19.433002 0.90014136
-0.89850831 19.432995 0.89965564
-0.86843884 19.432997 0.90007341
-2.9036758 16.183002 0.95425826
-2.9035676 16.222439 0.94605386
-2.9034061 16.260216 0.9401328
-2.9033437 16.300333 0.93949616
-2.9032907 16.34169 0.94001484
-2.9032559 16.380701 0.94058508
-2.9031904 16.420517 0.93997991
-2.9031227 16.461168 0.93936276
-2.9030924 16.499195 0.93999326
-2.9030232 16.537535 0.93942565
-2.9029696 16.581169 0.94002205
-2.9029353 16.62158 0.94068009
-2.9028728 16.658754 0.94038826
-2.9028063 16.697466 0.93936241
-2.9027889 16.740011 0.94027114
-2.9028509 16.78307 0.93982244
-2.9029658 16.820026 0.94067383
-2.9031422 16.85708 0.94182259
-2.9032831 16.898706 0.94222331
-2.9031239 16.941309 0.9451744
-2.9033737 16.979713 0.9447003
-2.9033165 17.019169 0.9471845
-2.9036312 17.06035 0.94684482
-2.9034653 17.097609 0.94973111
-2.9038699 17.139433 0.95064038
-2.9034927 17.179453 0.95358366
-2.9047699 17.218958 0.95253724
-2.9528987 17.266582 0.92367882
-2.9046421 17.263302 0.95580029
-2.9528973 17.30365 0.92275828
-2.9058046 17.299133 0.95562267
-2.9528956 17.344036 0.92611551
-2.9068184 17.340565 0.95621586
-2.9528947 17.379498 0.92543578
-2.9061427 17.360828 0.95936
-2.9528933 17.41658 0.92809957
-2.9528921 17.457308 0.92791069
-2.9528904 17.49572 0.92885399
-2.9528887 17.536043 0.92891014
-2.9528871 17.582865 0.92755276
-2.9528859 17.624577 0.9275955
-2.9528847 17.657253 0.92887837
-2.9528828 17.698708 0.92929959
-2.9528813 17.740805 0.92972815
-2.9528801 17.777447 0.92939317
-2.9528785 17.821762 0.92851216
-2.9528766 17.867514 0.92856514
-2.9528754 17.905962 0.9282136
-2.9528737 17.944965 0.92785704
-2.9528728 17.984539 0.92749518
-2.9528708 18.024693 0.92712814
-2.9528694 18.062702 0.92851651
-2.9528682 18.101244 0.92991638
-2.9528668 18.138908 0.92959523
-2.9528656 18.177105 0.92927015
-2.9528639 18.220146 0.92890358
-2.9528623 18.263845 0.92853147
-2.9528611 18.30027 0.9294281
-2.9528599 18.325151 0.92680269
-1.9392698 19.389158 0.9396019
-1.8998889 19.389154 0.93960363
-1.8616334 19.389151 0.94153857
-1.8171085 19.389149 0.9399845
-1.7794609 19.389145 0.93998337
-1.7432286 19.389141 0.94055331
-1.7002848 19.389135 0.94035047
-1.6600837 19.389132 0.94009787
-1.6204922 19.38913 0.93985641
-1.5795199 19.389128 0.93967134
-1.5401683 19.389126 0.94071823
-1.5110397 19.389141 0.94148314
-1.4957366 19.425222 0.94116247
-1.4603776 19.433033 0.93914461
-1.4226424 19.433029 0.94005442
-1.3808738 19.433023 0.94130594
-1.3397727 19.433025 0.9396047
-1.298948 19.433018 0.93894494
-1.2593496 19.433016 0.9403919
-1.2205111 19.433016 0.94040519
-1.1777952 19.433014 0.94005704
-1.1397345 19.433014 0.93868595
-1.1027861 19.433012 0.93964076
-1.0617672 19.433012 0.94017977
-1.0225399 19.433006 0.93995386
-0.98290735 19.433004 0.94047791
-0.94049346 19.433001 0.94047248
-0.89917219 19.432995 0.93955404
-0.8695364 19.432997 0.93984014
-2.9529436 16.020149 0.99798405
-2.9529426 16.044859 0.99812853
-2.9050968 16.069094 0.99671525
-2.9040577 16.100676 0.99058133
-2.9038339 16.139229 0.98279828
-2.9037769 16.178604 0.98109102
-2.9037373 16.220322 0.98055148
-2.9036999 16.259926 0.98034328
-2.9036605 16.300411 0.97979617
-2.9036274 16.341402 0.98108876
-2.90359 16.380407 0.98089552
-2.9035535 16.420229 0.98069829
-2.9035149 16.46089 0.98049712
-2.9034796 16.499321 0.98030657
-2.9034421 16.538542 0.98011243
-2.9034066 16.581322 0.98115385
-2.9033675 16.622017 0.98073
-2.9033334 16.659206 0.9807902
-2.9032984 16.69709 0.98085415
-2.9032569 16.7402 0.98041672
-2.9032114 16.78293 0.97868866
-2.9031892 16.818745 0.98171568
-2.9031518 16.857428 0.98121041
-2.9031103 16.899401 0.98048574
-2.9030743 16.942198 0.98138571
-2.9030328 16.981428 0.97998315
-2.9030006 17.0214 0.98105276
-2.9029534 17.062069 0.9796235
-2.902925 17.098866 0.98087043
-2.9028816 17.140205 0.98022729
-2.9028487 17.183641 0.98161578
-2.9028008 17.222969 0.98070163
-2.9027669 17.26219 0.98092377
-2.9027836 17.302114 0.98112679
-2.9029031 17.342751 0.98116231
-2.9029622 17.379696 0.98180521
-2.9031429 17.416418 0.98120522
-2.9032385 17.459679 0.98133224
-2.903101 17.502537 0.98238128
-2.9032505 17.540556 0.98010892
-2.9031479 17.580118 0.98146689
-2.9031699 17.619854 0.98094404
-2.9029198 17.662182 0.98303276
-2.9030256 17.703627 0.98202872
-2.9030449 17.739653 0.98188037
-2.9030714 17.776196 0.98172647
-2.9031057 17.819508 0.98154211
-2.9031408 17.863508 0.98135585
-2.9031708 17.901833 0.98119313
-2.9032018 17.940714 0.98102808
-2.9032333 17.980165 0.98086071
-2.903265 18.020201 0.98069072
-2.9029605 18.061785 0.98239237
-2.9029825 18.103035 0.98223549
-2.9027452 18.143396 0.98395503
-2.9031587 18.177334 0.98058248
-2.9030378 18.214813 0.98181707
-2.9030609 18.258404 0.98165137
-2.9030843 18.302671 0.98148304
-2.903125 18.33902 0.98030233
-2.9031277 18.376619 0.98119473
-1.9415425 19.389158 0.98030251
-1.9019252 19.389154 0.97927898
-1.8619968 19.389154 0.98035336
-1.819281 19.389149 0.97977597
-1.7804351 19.389145 0.98047119
-1.7421712 19.389141 0.98115754
-1.7023634 19.389137 0.97927225
-1.6611053 19.389132 0.98003209
-1.6194863 19.38913 0.97952378
-1.5795199 19.389128 0.98026937
-1.5401683 19.389126 0.9810037
-1.5110397 19.389141 0.98153728
-1.4957366 19.425222 0.98136544
-1.4603776 19.433033 0.97912514
-1.4226424 19.433029 0.9797352
-1.3808739 19.433023 0.98065472
-1.3405726 19.433025 0.97983688
-1.3002228 19.433018 0.97958148
-1.2596083 19.433016 0.9799695
-1.2205095 19.433016 0.97943181
-1.1781949 19.433014 0.98059511
-1.1399821 19.433014 0.9796235
-1.103161 19.433012 0.97962439
-1.0621315 19.43301 0.97980917
-1.0218198 19.433006 0.97999424
-0.98257178 19.433006 0.98030794
-0.94048846 19.433004 0.98080415
-0.89850843 19.432995 0.97956806
-0.86843884 19.432997 0.97944844
-2.9494531 16.026073 1.018032
-2.9155877 16.033447 1.0051161
-2.9492171 16.061752 1.0180039
-2.9117765 16.060627 1.004987
-2.9492397 16.10107 1.0196557
-2.911201 16.099567 1.0069821
-2.9490981 16.141077 1.0211748
-2.9097886 16.13978 1.0084192
-2.9478688 16.178947 1.0226463
-2.909107 16.180208 1.0104437
-2.947957 16.218861 1.023944
-2.9085081 16.220715 1.0120995
-2.9473372 16.259645 1.0260751
-2.9084377 16.259794 1.0141532
-2.9477932 16.299629 1.0277401
-2.9073739 16.300329 1.0148592
-2.9458909 16.3412 1.0294858
-2.9074302 16.341389 1.0174915
-2.9474697 16.379961 1.0310035
-2.9073265 16.381342 1.0190181
-2.9446917 16.420404 1.0332333
-2.9066753 16.420748 1.020111
-2.9424448 16.461063 1.0357447
-2.9064374 16.461048 1.0216501
-2.9493527 16.498934 1.0355242
-2.9062629 16.498907 1.023632
-2.9529252 16.538134 1.0366871
-2.904423 16.537909 1.0211949
-2.9529235 16.57291 1.0379577
-2.903969 16.581062 1.0209839
-2.9529226 16.602365 1.0396703
-2.9037662 16.621611 1.0215143
-2.9035454 16.658998 1.0205824
-2.9034443 16.697433 1.0210289
-2.903404 16.740259 1.020731
-2.9033656 16.779936 1.0202713
-2.9033368 16.81633 1.0216393
-2.9032955 16.8568 1.0205327
-2.9032547 16.899466 1.0201763
-2.9032168 16.94264 1.0206774
-2.9031792 16.981735 1.0202026
-2.9031451 17.021864 1.0210553
-2.903106 17.062389 1.020575
-2.9030743 17.098944 1.0211143
-2.9030349 17.138376 1.0202768
-2.9030011 17.180622 1.0216377
-2.9029555 17.222511 1.0199043
-2.9029214 17.262289 1.0204195
-2.9028864 17.30274 1.0209452
-2.9028468 17.342983 1.0204246
-2.9028158 17.378801 1.0209305
-2.9027994 17.416513 1.0210875
-2.9027994 17.459702 1.021619
-2.9027953 17.502697 1.021069
-2.9027894 17.541832 1.0200381
-2.9027851 17.581285 1.019398
-2.9027863 17.621347 1.020322
-2.9027877 17.662085 1.0212686
-2.9027832 17.703447 1.0206296
-2.9027822 17.739454 1.0207614
-2.9027805 17.775972 1.0208951
-2.9027791 17.819248 1.0210528
-2.9027774 17.863218 1.0212144
-2.902776 17.901512 1.0213544
-2.9027748 17.940361 1.0214967
-2.9027672 17.979774 1.0199546
-2.9027655 18.019777 1.0200886
-2.9027636 18.060377 1.0202245
-2.9027624 18.101585 1.0203624
-2.9027605 18.143415 1.0205026
-2.9027557 18.177723 1.0196162
-2.9027581 18.213243 1.0207314
-2.9027565 18.256786 1.0208772
-2.9027548 18.301003 1.0210249
-2.9027531 18.339737 1.0211542
-2.9027517 18.379025 1.0212864
-1.9404112 19.389158 1.0197176
-1.9009091 19.389158 1.0187749
-1.8623697 19.389151 1.0191772
-1.8185599 19.389149 1.0196358
-1.781408 19.389143 1.0209807
-1.744283 19.389141 1.0204076
-1.7013254 19.389135 1.0195622
-1.6600837 19.389132 1.0200043
-1.6194863 19.38913 1.0204393
-1.5795197 19.389128 1.0208675
-1.5404949 19.389126 1.020028
-1.5110399 19.389141 1.0215914
-1.4958626 19.424702 1.0203258
-1.4603776 19.433033 1.0191057
-1.4226424 19.433029 1.0194159
-1.3808739 19.433023 1.0200036
-1.3397726 19.433025 1.0200951
-1.2985263 19.433018 1.020147
-1.2588359 19.433018 1.019558
-1.2200998 19.433016 1.0194349
-1.1777909 19.433014 1.0202482
-1.1402247 19.433014 1.0205666
-1.1024152 19.433012 1.0203609
-1.0617841 19.433012 1.020329
-1.0218172 19.433006 1.0202198
-0.98326087 19.433006 1.020969
-0.9407863 19.433002 1.0196691
-0.89917219 19.432995 1.0194783
-0.8695364 19.432997 1.0192345
-2.9529426 16.025618 1.0604929
-2.9529421 16.061575 1.0594431
-2.9529414 16.101118 1.0600384
-2.9529402 16.141411 1.0601625
-2.9529371 16.180336 1.0601267
-2.9529355 16.218967 1.0596173
-2.9529345 16.259508 1.0601747
-2.9529338 16.300398 1.0600438
-2.9529328 16.342258 1.0596119
-2.9529305 16.381407 1.0598649
-2.9529288 16.421978 1.0601025
-2.9529269 16.463181 1.060338
-2.9502482 16.501402 1.0576507
-2.9181461 16.511068 1.041023
-2.9500821 16.540142 1.05822
-2.9141285 16.543234 1.0417025
-2.9486759 16.579727 1.0577019
-2.9126778 16.579298 1.0437169
-2.94876 16.620789 1.0585713
-2.9109766 16.619114 1.0453447
-2.9493082 16.662592 1.0605019
-2.9104152 16.660809 1.0473602
-2.9488547 16.701164 1.0609598
-2.9096045 16.699842 1.0491019
-2.9488151 16.740471 1.0635923
-2.9090629 16.738146 1.0508416
-2.9477305 16.778725 1.0648158
-2.9079614 16.778757 1.0522211
-2.9476287 16.819019 1.0661381
-2.9078398 16.819139 1.0546427
-2.9472184 16.860806 1.0682791
-2.9073536 16.860451 1.0556197
-2.9441016 16.900637 1.0704095
-2.9061623 16.900419 1.056203
-2.9451082 16.941053 1.0711571
-2.9064085 16.940399 1.0577508
-2.945442 16.980038 1.074259
-2.9065952 16.980249 1.0612077
-2.9449394 17.016363 1.0755361
-2.9060147 17.021193 1.0612301
-2.9529064 17.055756 1.0749217
-2.9051182 17.061014 1.0629948
-2.9529049 17.095804 1.0776868
-2.9039459 17.099409 1.0610316
-2.9529037 17.130222 1.0779614
-2.9035072 17.136602 1.0610125
-2.903363 17.179388 1.0607727
-2.9030974 17.223139 1.0590413
-2.903065 17.262367 1.0599239
-2.9030311 17.302263 1.060824
-2.9029887 17.34338 1.0594724
-2.9029558 17.380497 1.0599355
-2.9029453 17.416914 1.0607378
-2.9029417 17.459158 1.0605336
-2.9029388 17.502151 1.0603209
-2.9029312 17.541069 1.0587798
-2.9029312 17.581398 1.0592418
-2.9029307 17.622341 1.0597104
-2.9029322 17.662533 1.0605459
-2.9029298 17.703556 1.0606439
-2.9029238 17.739563 1.0594445
-2.9029236 17.776083 1.0598514
-2.9029231 17.819365 1.060333
-2.9029224 17.863335 1.0608234
-2.9029217 17.901627 1.0612501
-2.9029152 17.940479 1.0600088
-2.9029083 17.979895 1.0587488
-2.9029076 18.019897 1.0591694
-2.9029067 18.060499 1.0595967
-2.9029062 18.101711 1.0600301
-2.9029055 18.143541 1.0604702
-2.9028983 18.178869 1.0590878
-2.9028976 18.215992 1.0594673
-2.9028969 18.259581 1.0599123
-2.9028959 18.303841 1.0603639
-2.9028986 18.340952 1.0617739
-2.902894 18.377781 1.061124
-1.9392698 19.389158 1.0591066
-1.8998886 19.389154 1.0582478
-1.8616337 19.389153 1.0593469
-1.8178357 19.389149 1.059479
-1.7804364 19.389145 1.0595931
-1.7435818 19.389141 1.0597032
-1.7016734 19.389135 1.0598296
-1.6604259 19.389132 1.0599542
-1.6198233 19.38913 1.0600766
-1.5798514 19.389128 1.0601974
-1.5401683 19.389126 1.0590591
-1.5110399 19.389141 1.0616455
-1.4957364 19.425222 1.0592558
-1.4603776 19.433033 1.0590863
-1.4226425 19.433029 1.0590966
-1.3808739 19.433023 1.0593526
-1.3400381 19.433025 1.0603379
-1.2997963 19.43302 1.0607977
-1.2603823 19.433016 1.0603361
-1.2205139 19.433016 1.0603378
-1.1773885 19.433014 1.0598912
-1.1397345 19.433014 1.0603436
-1.1027861 19.433012 1.0603442
-1.0625159 19.43301 1.0607823
-1.0221816 19.433006 1.0603439
-0.98253721 19.433004 1.0599157
-0.94034952 19.433004 1.0591868
-0.89850843 19.432995 1.0594803
-0.86843896 19.432997 1.0588233
-2.9529424 16.025616 1.0999513
-2.9529419 16.061445 1.0997823
-2.9529414 16.101118 1.1003453
-2.95294 16.14184 1.0999433
-2.9529374 16.179659 1.1001903
-2.9529352 16.219412 1.1002493
-2.9529345 16.259144 1.0999138
-2.952934 16.300072 1.1000664
-2.9529328 16.341873 1.100229
-2.9529309 16.381205 1.0996575
-2.9529285 16.421158 1.10033
-2.9529271 16.462656 1.1004045
-2.9529266 16.501081 1.0991096
-2.9529254 16.539839 1.1002923
-2.9529238 16.58082 1.0994917
-2.9529212 16.620916 1.0995787
-2.9529197 16.662628 1.1006712
-2.952919 16.70089 1.0989711
-2.9529183 16.740469 1.1003443
-2.9529161 16.780497 1.0993742
-2.9529145 16.821287 1.1000048
-2.9529126 16.862167 1.0998331
-2.9529116 16.900743 1.10071
-2.9529111 16.93977 1.0995071
-2.9529088 16.979233 1.0997596
-2.9529076 17.019445 1.1008602
-2.9485168 17.059893 1.0956835
-2.9180825 17.065351 1.0813912
-2.9491653 17.097824 1.0978582
-2.9134531 17.099834 1.082221
-2.9496846 17.138712 1.0988479
-2.9115388 17.141666 1.0840689
-2.9480736 17.181494 1.0982709
-2.9111354 17.180983 1.0866497
-2.9491241 17.221703 1.100359
-2.9088314 17.219332 1.0869174
-2.9481421 17.260866 1.1017421
-2.9088633 17.260809 1.0894461
-2.9485502 17.30274 1.1036477
-2.9087186 17.300888 1.091764
-2.9487393 17.343414 1.1054046
-2.9074337 17.340178 1.0924418
-2.9461527 17.379124 1.1067795
-2.9071937 17.378347 1.0946875
-2.9470763 17.418213 1.1076814
-2.9065011 17.417372 1.0944297
-2.9485674 17.461254 1.1080722
-2.9075575 17.459997 1.0952182
-2.9471955 17.500748 1.1073258
-2.9068434 17.502785 1.0942107
-2.9484332 17.537539 1.1082172
-2.9066579 17.54077 1.0945661
-2.9483483 17.580446 1.1075392
-2.9073231 17.579659 1.0949786
-2.9477358 17.618618 1.1084968
-2.9077594 17.620474 1.0960406
-2.9472852 17.655563 1.1080296
-2.9064429 17.661011 1.0940877
-2.9481194 17.696831 1.1073502
-2.9069366 17.700045 1.0954481
-2.9474638 17.736748 1.1083407
-2.9074612 17.739981 1.0952893
-2.9470162 17.775425 1.1078548
-2.9063675 17.778738 1.0940763
-2.94788 17.81868 1.1071526
-2.9062345 17.81988 1.0937805
-2.9471798 17.860466 1.1081772
-2.9071054 17.861614 1.0952168
-2.9475963 17.899139 1.1089091
-2.9075003 17.900213 1.0957285
-2.9464638 17.941452 1.1070613
-2.9062171 17.939297 1.0936725
-2.9468822 17.981314 1.1077961
-2.9065647 17.979 1.0942012
-2.9473066 18.021769 1.1085417
-2.906934 18.019314 1.0947301
-2.9495351 18.06496 1.1067799
-2.9073548 18.060276 1.0952469
-2.9465704 18.107752 1.107392
-2.9063747 18.100164 1.0946625
-2.948318 18.141901 1.1080539
-2.9067872 18.140003 1.0947142
-2.9472249 18.173939 1.1085916
-2.9076419 18.177864 1.0962745
-2.9488537 18.215656 1.1082844
-2.9070826 18.217108 1.0945742
-2.9496024 18.259712 1.1076496
-2.907146 18.258982 1.094257
-2.9449172 18.29985 1.1073667
-2.9064462 18.300936 1.0944767
-2.9442661 18.334488 1.1081505
-2.9060619 18.337923 1.0946612
-2.9071488 18.374317 1.0948982
-1.9415427 19.389158 1.0998569
-1.9009076 19.389154 1.0996763
-1.8608944 19.389153 1.0994998
-1.8171086 19.389149 1.0993059
-1.7794609 19.389145 1.098183
-1.7432283 19.389141 1.1002948
-1.7013254 19.389135 1.1000986
-1.6600837 19.389132 1.0999058
-1.6194863 19.38913 1.0997157
-1.5795197 19.389128 1.0995287
-1.5401683 19.389126 1.0993446
-1.5110399 19.389141 1.1016997
-1.4957364 19.425222 1.0994588
-1.4603776 19.433033 1.0990666
-1.422366 19.433029 1.100014
-1.3808721 19.433023 1.0996851
-1.3397725 19.433025 1.100581
-1.2993729 19.433018 1.1004915
-1.2596083 19.433018 1.0999242
-1.2209208 19.433016 1.1012504
-1.1777949 19.433014 1.100433
-1.139246 19.433012 1.1001081
-1.1023962 19.433012 1.0993582
-1.0621315 19.43301 1.0994631
-1.0225374 19.433006 1.1004764
-0.98324901 19.433006 1.0996833
-0.94063258 19.433001 1.0996023
-0.89917219 19.432995 1.0994025
-0.869008 19.432995 1.1000397
-2.9529424 16.025394 1.139961
-2.9529419 16.061575 1.1401155
-2.9529414 16.10084 1.1401737
-2.9529402 16.14127 1.1397432
-2.9529378 16.180168 1.1402259
-2.9529355 16.218964 1.140404
-2.9529345 16.258776 1.1396408
-2.9529338 16.299747 1.1400785
-2.9529328 16.341385 1.1402493
-2.9529312 16.381697 1.1401354
-2.9529288 16.42198 1.1406099
-2.9529269 16.462225 1.1398252
-2.9529266 16.500835 1.1394557
-2.9529257 16.540171 1.1399064
-2.9529238 16.579983 1.1398273
-2.9529212 16.621275 1.1399531
-2.95292 16.662626 1.1402965
-2.952919 16.701788 1.1397219
-2.9529183 16.740467 1.1399215
-2.9529161 16.780499 1.1393265
-2.9529145 16.821287 1.1403393
-2.9529126 16.863218 1.1388913
-2.9529116 16.900969 1.1407506
-2.9529111 16.939772 1.1401223
-2.9529088 16.979235 1.1394826
-2.9529073 17.019835 1.1405593
-2.9529068 17.060106 1.1392438
-2.9529045 17.097599 1.139825
-2.9529035 17.14015 1.139346
-2.9529018 17.182602 1.1406882
-2.9529002 17.221889 1.1402045
-2.9528992 17.261845 1.1397147
-2.9528971 17.302244 1.1403456
-2.9528961 17.343004 1.1398687
-2.9528949 17.379501 1.1395802
-2.952893 17.416269 1.1404434
-2.9528916 17.45932 1.1387874
-2.9528902 17.497078 1.1403838
-2.9528887 17.535854 1.1405413
-2.9528871 17.582052 1.1399981
-2.9528856 17.622259 1.139689
-2.9528847 17.657255 1.1408004
-2.952883 17.697655 1.1393229
-2.9528811 17.740801 1.1401901
-2.9528801 17.777441 1.1413308
-2.9528785 17.820862 1.1385454
-2.9528768 17.864977 1.1407151
-2.9528754 17.903387 1.1418868
-2.9528735 17.94235 1.1396948
-2.9528725 17.981888 1.1408763
-2.9528711 18.022001 1.1403559
-2.9528694 18.062706 1.1398275
-2.952868 18.10276 1.1392503
-2.952867 18.138908 1.1402962
-2.9528656 18.175554 1.1413575
-2.9528639 18.217264 1.1390091
-2.9528625 18.260918 1.1402456
-2.9528613 18.296734 1.1402264
-2.9528599 18.328724 1.1395711
-1.9407881 19.389158 1.1406112
-1.9019252 19.389158 1.1411271
-1.8631027 19.389153 1.1396824
-1.8192809 19.389147 1.1391619
-1.780435 19.389145 1.1387
-1.7428776 19.389141 1.1408787
-1.7009804 19.389135 1.1403601
-1.659744 19.389132 1.1398499
-1.6194865 19.38913 1.1406314
-1.5795197 19.389128 1.1401267
-1.5401684 19.389126 1.1396301
-1.5110399 19.389141 1.1417539
-1.4957364 19.42522 1.1396618
-1.4603776 19.433033 1.1390473
-1.4226425 19.433029 1.1409359
-1.3808737 19.433023 1.1400177
-1.3397727 19.433025 1.1396034
-1.2993715 19.433018 1.1401602
-1.259865 19.433016 1.1395143
-1.2205112 19.433016 1.1402981
-1.1781948 19.433014 1.1409845
-1.1407166 19.433014 1.1399014
-1.10279 19.433012 1.139263
-1.0617844 19.433012 1.139974
-1.0218015 19.433006 1.139746
-0.98255295 19.433006 1.1404246
-0.94034952 19.433001 1.1398473
-0.89850843 19.432995 1.1393927
-0.86957777 19.432997 1.1412718
-2.9529424 16.025616 1.1799612
-2.9529421 16.061575 1.179978
-2.9529414 16.10112 1.1799961
-2.9529402 16.141556 1.1800147
-2.9529381 16.17956 1.1796869
-2.9529352 16.218658 1.1800492
-2.9529345 16.259054 1.1799958
-2.952934 16.300388 1.1800861
-2.9529328 16.342367 1.1796887
-2.9529312 16.380892 1.1799321
-2.9529288 16.421045 1.1802227
-2.9529271 16.462761 1.179922
-2.9529266 16.501345 1.1804756
-2.9529254 16.540514 1.1794901
-2.9529238 16.580254 1.1802169
-2.9529212 16.621401 1.1803256
-2.9529197 16.662628 1.1799217
-2.952919 16.70059 1.1804876
-2.9529183 16.740469 1.179499
-2.9529161 16.780499 1.1792786
-2.9529145 16.821287 1.1806735
-2.9529128 16.862869 1.1788342
-2.9529116 16.900293 1.1808239
-2.9529111 16.93977 1.1807375
-2.952909 16.979471 1.1802441
-2.9529073 17.019049 1.1792936
-2.9529068 17.059624 1.1796979
-2.9529045 17.097107 1.1806169
-2.9529037 17.139723 1.1792365
-2.9529026 17.182854 1.1811182
-2.9529002 17.221886 1.1798818
-2.9528992 17.261286 1.1797465
-2.9528971 17.300814 1.1796209
-2.9528959 17.34301 1.1805677
-2.9528947 17.378695 1.1790313
-2.952893 17.416586 1.1806016
-2.9528918 17.459644 1.1792982
-2.9528904 17.497927 1.1793009
-2.9528885 17.53783 1.1804556
-2.9528871 17.582048 1.1803385
-2.9528856 17.62315 1.1795917
-2.9528847 17.657255 1.1793314
-2.9528828 17.699762 1.1805238
-2.9528809 17.740801 1.1793474
-2.9528799 17.777441 1.1807626
-2.9528785 17.819763 1.1795717
-2.952877 17.864975 1.1808027
-2.9528754 17.904556 1.1806281
-2.9528739 17.942352 1.1803621
-2.9528725 17.98189 1.1801335
-2.9528711 18.022001 1.1799005
-2.9528694 18.061462 1.179615
-2.9528682 18.104021 1.1794165
-2.952867 18.138908 1.1824363
-2.9528656 18.174263 1.1801965
-2.9528639 18.21595 1.1781247
-2.9528625 18.259581 1.1796603
-2.9528613 18.297794 1.1810043
-2.9528599 18.326582 1.1773552
-1.9387844 19.389158 1.1799614
-1.9009091 19.389156 1.180593
-1.8623695 19.389153 1.1798471
-1.8185598 19.389149 1.1790004
-1.7804351 19.389145 1.1808943
-1.7421708 19.389141 1.1801366
-1.7002851 19.389135 1.1793063
-1.6600837 19.389132 1.1798021
-1.6191521 19.38913 1.1802604
-1.5795196 19.389128 1.180725
-1.5401683 19.389126 1.1799154
-1.5110399 19.389141 1.181808
-1.4957364 19.425222 1.1798648
-1.4603776 19.433033 1.1790277
-1.4226425 19.433029 1.1806166
-1.3808738 19.433023 1.1793667
-1.3395053 19.433025 1.1798372
-1.2993729 19.433018 1.1798292
-1.2593496 19.433016 1.1802884
-1.2205096 19.433016 1.1793249
-1.1777909 19.433014 1.1806239
-1.1402247 19.433014 1.1796741
-1.1031584 19.433012 1.1801062
-1.0625162 19.43301 1.1804461
-1.0225254 19.433008 1.1798693
-0.98291111 19.433006 1.180215
-0.94063264 19.433001 1.1802678
-0.89883077 19.432995 1.1802244
-0.86847895 19.432997 1.1808306
-2.9529426 16.025839 1.2199695
-2.9529419 16.061575 1.2198404
-2.9529414 16.101118 1.2203028
-2.95294 16.141697 1.2202933
-2.9529374 16.179913 1.2197528
-2.9529355 16.219418 1.2197026
-2.9529345 16.259327 1.2203258
-2.952934 16.300234 1.2201009
-2.9529326 16.341492 1.2196828
-2.9529305 16.381697 1.2198126
-2.9529288 16.421556 1.2198683
-2.9529271 16.462553 1.2205455
-2.9529266 16.500813 1.2200963
-2.9529257 16.540066 1.2196813
-2.9529238 16.579973 1.2198374
-2.9529214 16.620436 1.2200531
-2.9529195 16.662334 1.2195683
-2.952919 16.701189 1.220487
-2.9529185 16.740467 1.2198679
-2.9529166 16.780499 1.2192308
-2.9529145 16.821287 1.2210076
-2.9529126 16.862867 1.219558
-2.9529119 16.901644 1.219811
-2.9529107 16.939409 1.221377
-2.952909 16.979004 1.2199806
-2.9529073 17.019445 1.2189927
-2.9529068 17.061071 1.2201014
-2.9529042 17.097351 1.2203087
-2.9529035 17.140131 1.220003
-2.9529026 17.182858 1.2204672
-2.9529002 17.221891 1.2195599
-2.9528995 17.261845 1.2197437
-2.9528971 17.303078 1.2199123
-2.9528959 17.343307 1.22013
-2.9528947 17.380253 1.2201084
-2.9528928 17.416895 1.2207668
-2.9528918 17.459957 1.219816
-2.9528902 17.498713 1.2197915
-2.9528887 17.537167 1.2204635
-2.9528871 17.582382 1.2194867
-2.9528856 17.622259 1.2194234
-2.9528847 17.658159 1.2195144
-2.9528828 17.698708 1.2206134
-2.9528811 17.740801 1.2185045
-2.9528801 17.777441 1.2201942
-2.9528782 17.820864 1.2205359
-2.9528768 17.864977 1.2208905
-2.9528754 17.903385 1.2192813
-2.9528739 17.94235 1.2210296
-2.9528725 17.981888 1.2193899
-2.9528711 18.020775 1.2193874
-2.9528697 18.062706 1.2194934
-2.9528682 18.104023 1.2212954
-2.952867 18.13991 1.2221153
-2.9528656 18.172968 1.2190076
-2.9528637 18.217262 1.2191135
-2.9528625 18.262249 1.2192298
-2.9528613 18.298855 1.221804
-2.9528599 18.327652 1.2183505
-1.9415427 19.38916 1.2194113
-1.8998886 19.389158 1.2200354
-1.8616335 19.389153 1.2199949
-1.8178356 19.389143 1.2188221
-1.7814078 19.389145 1.2214404
-1.7432283 19.389141 1.2207432
-1.7013257 19.389137 1.2195899
-1.6590594 19.389132 1.2197192
-1.6194865 19.38913 1.2199028
-1.5791906 19.389128 1.2200438
-1.5401684 19.389126 1.2202007
-1.5110399 19.389141 1.2218621
-1.4957364 19.425222 1.2200676
-1.4603776 19.433033 1.2190084
-1.4226424 19.433029 1.2202975
-1.3804344 19.433023 1.2197067
-1.3397726 19.433025 1.2200845
-1.298948 19.433018 1.2195055
-1.258836 19.433016 1.2210494
-1.2200998 19.433016 1.2193108
-1.1773884 19.433014 1.2202535
-1.1397345 19.433012 1.2194343
-1.1023961 19.433012 1.2200519
-1.0617646 19.433012 1.2200443
-1.0221779 19.433008 1.2200304
-0.98326075 19.433006 1.2200139
-0.94034958 19.432999 1.2205076
-0.89883524 19.432995 1.2201842
-0.86957777 19.432997 1.220667
-2.9529426 16.025249 1.2605077
-2.9529419 16.061577 1.2597028
-2.9529414 16.101259 1.2601342
-2.9529402 16.141125 1.260071
-2.9529383 16.179827 1.2603824
-2.9529357 16.219116 1.2593517
-2.9529345 16.258961 1.2600452
-2.952934 16.299593 1.2600976
-2.9529328 16.341976 1.2597566
-2.9529309 16.380802 1.2602075
-2.9529285 16.421558 1.2601173
-2.9529271 16.462543 1.2600218
-2.9529264 16.501085 1.2596484
-2.9529257 16.540287 1.2599095
-2.9529238 16.580257 1.2601751
-2.9529214 16.621159 1.2597939
-2.95292 16.663218 1.2599692
-2.952919 16.701487 1.2604623
-2.9529183 16.740469 1.2602366
-2.9529166 16.780499 1.2591829
-2.9529152 16.820944 1.2605561
-2.9529128 16.862867 1.2602818
-2.9529119 16.900967 1.2598844
-2.9529111 16.939768 1.2603068
-2.9529092 16.978537 1.2597042
-2.9529076 17.019068 1.2595172
-2.9529068 17.060591 1.2605643
-2.9529045 17.097599 1.2600073
-2.9529037 17.139307 1.2597573
-2.9529021 17.182854 1.2598156
-2.9529002 17.221886 1.2592373
-2.9528995 17.260469 1.2608857
-2.9528971 17.300814 1.2603068
-2.9528959 17.341856 1.2597182
-2.9528947 17.378695 1.2610304
-2.952893 17.416267 1.2598015
-2.9528921 17.459318 1.2591938
-2.9528906 17.497078 1.2617097
-2.9528885 17.53651 1.260456
-2.9528871 17.581711 1.2598393
-2.9528859 17.622257 1.2592866
-2.9528844 17.657255 1.2596121
-2.9528828 17.698709 1.2594552
-2.9528811 17.741737 1.2593477
-2.9528801 17.777441 1.2596263
-2.952879 17.820862 1.2602929
-2.9528768 17.864977 1.2609781
-2.9528751 17.903387 1.2596567
-2.9528742 17.942352 1.260003
-2.9528725 17.981888 1.2603537
-2.9528711 18.021999 1.2589821
-2.9528697 18.062706 1.2610626
-2.952868 18.105284 1.2614974
-2.9528673 18.137905 1.2586432
-2.9528656 18.174261 1.2596968
-2.9528639 18.218575 1.2601299
-2.9528625 18.260918 1.2586453
-2.9528613 18.296734 1.2593641
-2.9528599 18.327652 1.261905
-1.9407883 19.389158 1.2601491
-1.9009075 19.389154 1.2614943
-1.8608946 19.389153 1.2601255
-1.8171085 19.389149 1.2586272
-1.7804363 19.389145 1.2600161
-1.744283 19.389141 1.2613734
-1.7023634 19.389137 1.2598971
-1.6600837 19.389132 1.2596933
-1.6184782 19.38913 1.2594999
-1.5795197 19.389128 1.2593812
-1.5401683 19.389126 1.2604862
-1.5110399 19.389141 1.2619162
-1.4957366 19.425222 1.2602706
-1.4603775 19.433033 1.2589891
-1.4226425 19.433029 1.2599782
-1.3808737 19.433023 1.2600282
-1.3389746 19.433025 1.2602909
-1.2985262 19.433018 1.2601389
-1.2596083 19.433018 1.260657
-1.2196916 19.433016 1.2592869
-1.1769873 19.433014 1.2598729
-1.139246 19.433012 1.2591826
-1.10279 19.433012 1.2599667
-1.0621353 19.433012 1.2605329
-1.0210996 19.433006 1.2592779
-0.98184741 19.433006 1.2598401
-0.93990159 19.433004 1.2601668
-0.89883083 19.432995 1.2601428
-0.86847895 19.432997 1.2602062
-2.9529426 16.025616 1.3005269
-2.9529419 16.061575 1.2995653
-2.9529414 16.100698 1.2994622
-2.9529402 16.141554 1.2998691
-2.9529381 16.180088 1.2998648
-2.9529352 16.218809 1.2989906
-2.9529345 16.259232 1.3003792
-2.952934 16.300388 1.3006347
-2.9529331 16.341684 1.2997404
-2.9529316 16.381308 1.3006617
-2.9529288 16.421556 1.3003669
-2.9529269 16.46266 1.3000656
-2.9529264 16.501345 1.2999558
-2.9529259 16.540514 1.3001444
-2.9529238 16.580538 1.3005213
-2.9529214 16.620918 1.2995583
-2.9529207 16.662041 1.3003255
-2.952919 16.701191 1.3004775
-2.9529183 16.740469 1.299814
-2.9529166 16.780497 1.2991351
-2.9529147 16.821291 1.3000598
-2.952913 16.862867 1.300191
-2.9529119 16.901194 1.2999377
-2.9529111 16.940134 1.2992458
-2.952909 16.979935 1.299412
-2.9529078 17.019438 1.2991506
-2.9529066 17.05933 1.2999513
-2.9529045 17.096313 1.2997152
-2.9529035 17.139721 1.3005236
-2.9529018 17.183111 1.3002571
-2.9529002 17.222147 1.300017
-2.9528992 17.262691 1.3008755
-2.9528968 17.303076 1.3006365
-2.9528959 17.344156 1.3003933
-2.9528949 17.380312 1.3006189
-2.952893 17.416586 1.2999673
-2.9528918 17.459642 1.2997124
-2.9528904 17.497927 1.3006477
-2.9528885 17.535856 1.3004329
-2.9528871 17.581041 1.3001759
-2.9528859 17.621368 1.3006852
-2.9528844 17.657253 1.2997487
-2.9528828 17.699059 1.2995102
-2.9528811 17.740801 1.3000897
-2.9528801 17.777441 1.2990581
-2.9528785 17.820866 1.30005
-2.9528768 17.864975 1.3010657
-2.9528754 17.903387 1.300032
-2.9528739 17.94235 1.2989755
-2.9528725 17.98068 1.2995352
-2.9528711 18.021999 1.3002462
-2.9528694 18.063948 1.3009764
-2.952868 18.104023 1.2998271
-2.952867 18.138908 1.298322
-2.9528656 18.175554 1.3004131
-2.9528639 18.217262 1.2992367
-2.9528625 18.259581 1.2980323
-2.9528613 18.297794 1.3001639
-2.9528599 18.327652 1.3000151
-1.9387845 19.389158 1.2994556
-1.9020284 19.389156 1.30119
-1.8631027 19.389153 1.3003742
-1.8181963 19.389149 1.2998271
-1.7794608 19.389145 1.2985692
-1.7435817 19.389141 1.3006368
-1.7013254 19.389135 1.3001313
-1.6600837 19.389132 1.3009313
-1.6194865 19.38913 1.2991692
-1.5795196 19.389128 1.2999792
-1.5401683 19.389126 1.3007716
-1.5110397 19.389141 1.3019705
-1.4957364 19.425222 1.3004736
-1.460097 19.433033 1.3002042
-1.4226425 19.433029 1.2996588
-1.3808737 19.433023 1.2993772
-1.3397725 19.433025 1.3005617
-1.2993729 19.433018 1.299793
-1.2596083 19.433016 1.2990425
-1.2213336 19.433016 1.2992494
-1.1786002 19.433014 1.2994798
-1.1407166 19.433012 1.2990255
-1.1031773 19.433012 1.2998908
-1.0625161 19.43301 1.3001099
-1.0232601 19.433008 1.2994056
-0.98397106 19.433006 1.2996252
-0.94091851 19.433004 1.2997006
-0.89883536 19.432995 1.3001025
-0.86957777 19.432997 1.3000623
-2.9529426 16.025618 1.3399854
-2.9529421 16.061575 1.3394277
-2.9529414 16.10112 1.3393013
-2.9529402 16.141554 1.3401455
-2.9529374 16.179913 1.3398983
-2.9529355 16.219114 1.3396406
-2.9529345 16.259239 1.340161
-2.952934 16.299732 1.3401141
-2.9529331 16.341877 1.340379
-2.9529312 16.381304 1.3404963
-2.9529285 16.421556 1.340616
-2.9529271 16.462767 1.3401134
-2.9529266 16.500813 1.3395607
-2.9529259 16.540066 1.340322
-2.952924 16.580254 1.3401392
-2.9529212 16.621275 1.33995
-2.9529202 16.66292 1.3407381
-2.9529192 16.701189 1.3396868
-2.9529183 16.740471 1.3393914
-2.9529161 16.780497 1.3390875
-2.952915 16.821289 1.3403941
-2.9529133 16.862865 1.3401
-2.9529119 16.900967 1.3399935
-2.9529111 16.939772 1.3398824
-2.9529095 16.979469 1.3391443
-2.9529076 17.019819 1.3387946
-2.9529068 17.061073 1.3393257
-2.9529045 17.098089 1.3394097
-2.9529035 17.139286 1.3403916
-2.9529021 17.181778 1.3406942
-2.9528999 17.220795 1.3407922
-2.9528992 17.260469 1.3408918
-2.9528971 17.300819 1.340993
-2.9528961 17.342697 1.3399711
-2.9528947 17.379501 1.3400555
-2.952893 17.416893 1.3401401
-2.9528918 17.459957 1.3402381
-2.9528909 17.498775 1.3396059
-2.9528887 17.53783 1.3404106
-2.9528871 17.583054 1.3405133
-2.9528859 17.622259 1.3406013
-2.9528847 17.656353 1.3414236
-2.9528825 17.698709 1.3395693
-2.9528811 17.740803 1.3392467
-2.9528801 17.777441 1.3384897
-2.9528785 17.820866 1.3398073
-2.9528768 17.864975 1.3411533
-2.9528759 17.903385 1.3404075
-2.9528739 17.94235 1.339643
-2.9528725 17.981888 1.3388591
-2.9528713 18.021999 1.3415104
-2.9528697 18.062706 1.3407456
-2.952868 18.10276 1.3381298
-2.9528668 18.138908 1.3404623
-2.9528654 18.174265 1.3392158
-2.9528642 18.215948 1.338315
-2.9528625 18.260916 1.339363
-2.9528613 18.298855 1.3409854
-2.9528599 18.327652 1.3381253
-1.9404079 19.389158 1.3402654
-1.8998886 19.389154 1.3386797
-1.8623695 19.389151 1.3405169
-1.8192809 19.389147 1.3410511
-1.7804351 19.389145 1.3391231
-1.7428777 19.389141 1.3398843
-1.7016734 19.389135 1.3404175
-1.6611053 19.389132 1.3409367
-1.6194865 19.38913 1.3400849
-1.5785271 19.389128 1.3392533
-1.5398443 19.389126 1.3397802
-1.5110399 19.389141 1.3420247
-1.4952193 19.424702 1.3393725
-1.4603776 19.433033 1.3414464
-1.4218172 19.433029 1.34053
-1.3799986 19.433023 1.3397039
-1.3397726 19.433025 1.3395838
-1.3002226 19.433018 1.3394681
-1.2603823 19.433018 1.3386755
-1.2209209 19.433016 1.3392389
-1.1781752 19.433014 1.3400556
-1.1399789 19.433012 1.3399355
-1.1024126 19.433012 1.3398167
-1.0617646 19.433012 1.3396884
-1.0218172 19.433006 1.3395624
-0.98255289 19.433006 1.3394386
-0.9400636 19.433001 1.3400658
-0.89883089 19.432995 1.3400609
-0.86847895 19.432997 1.3395817
-2.9529426 16.02569 1.379986
-2.9529421 16.061316 1.3797706
-2.9529414 16.10112 1.3796082
-2.9529405 16.141413 1.3804362
-2.9529381 16.179735 1.3799266
-2.9529355 16.219118 1.3807782
-2.9529345 16.258961 1.3792742
-2.952934 16.300072 1.3801374
-2.9529328 16.341873 1.3798074
-2.9529309 16.381308 1.380331
-2.9529288 16.421667 1.3802477
-2.9529271 16.462763 1.3795936
-2.9529266 16.501339 1.379859
-2.9529259 16.540405 1.3799206
-2.9529238 16.579973 1.3797485
-2.9529214 16.620436 1.3803122
-2.9529202 16.662628 1.3803791
-2.952919 16.701189 1.37968
-2.9529185 16.740162 1.3797703
-2.9529161 16.780497 1.3790398
-2.9529145 16.821289 1.3807285
-2.9529133 16.86252 1.3800207
-2.9529116 16.900743 1.3800436
-2.9529114 16.939772 1.3804976
-2.9529092 16.979237 1.379913
-2.9529083 17.019444 1.3793155
-2.9529066 17.060591 1.3797758
-2.9529045 17.097599 1.3801895
-2.9529035 17.140139 1.3793441
-2.9529016 17.183929 1.3800573
-2.9528999 17.222982 1.3804846
-2.9528992 17.262691 1.380919
-2.9528971 17.302845 1.380236
-2.9528959 17.34301 1.3795391
-2.9528949 17.378695 1.3794736
-2.952893 17.415398 1.3802944
-2.9528921 17.45932 1.3796002
-2.9528906 17.497925 1.3799962
-2.9528887 17.537169 1.3803973
-2.9528871 17.582382 1.3808602
-2.9528859 17.622259 1.3788704
-2.9528844 17.657255 1.3816204
-2.952883 17.698355 1.3796201
-2.9528811 17.740801 1.3800355
-2.9528801 17.777441 1.3779216
-2.9528782 17.820866 1.3795645
-2.952877 17.864977 1.381241
-2.9528754 17.903385 1.3807831
-2.9528742 17.94235 1.3803105
-2.952873 17.981888 1.3798227
-2.9528711 18.023224 1.3811491
-2.9528697 18.062708 1.380583
-2.9528682 18.104023 1.3783411
-2.952867 18.138908 1.3826025
-2.9528656 18.172966 1.3779904
-2.9528644 18.217262 1.3793408
-2.9528625 18.262247 1.3807212
-2.9528613 18.296734 1.3785017
-2.9528599 18.327654 1.3816798
-1.9420313 19.38916 1.3811102
-1.9009076 19.389154 1.3801607
-1.8604227 19.389149 1.3792315
-1.8185596 19.389149 1.3808624
-1.780435 19.389145 1.3813173
-1.7421709 19.389141 1.3791153
-1.7009804 19.389135 1.3793477
-1.6600837 19.389132 1.380838
-1.6194863 19.38913 1.3810004
-1.5795197 19.389128 1.3786304
-1.5401683 19.389126 1.3788221
-1.5110399 19.389141 1.3820788
-1.4957366 19.425222 1.3783588
-1.4603776 19.433033 1.381427
-1.4226425 19.433029 1.3814936
-1.3808739 19.433023 1.3800352
-1.3397727 19.433025 1.3786062
-1.2997965 19.433018 1.3801119
-1.259865 19.433016 1.3794364
-1.2205098 19.433016 1.3792177
-1.1773884 19.433014 1.3806155
-1.139246 19.433012 1.3808277
-1.1020076 19.433012 1.3797293
-1.0621355 19.433012 1.3801869
-1.0221816 19.433008 1.3797116
-0.98291105 19.433006 1.3792446
-0.94091851 19.433004 1.3803711
-0.89883536 19.432995 1.3800206
-0.86953646 19.432997 1.3809206
-2.9529426 16.025618 1.4199989
-2.9529419 16.061575 1.420099
-2.9529414 16.101118 1.4199153
-2.9529405 16.141979 1.420218
-2.952939 16.18 1.4194156
-2.9529359 16.219116 1.4204543
-2.9529347 16.259232 1.4196172
-2.952934 16.300402 1.4201714
-2.9529331 16.34197 1.4198273
-2.9529316 16.381306 1.4201658
-2.9529288 16.42116 1.4199209
-2.9529271 16.462553 1.4202065
-2.9529266 16.501083 1.4201925
-2.9529257 16.539837 1.4195445
-2.9529238 16.580257 1.4200975
-2.9529212 16.621401 1.4200258
-2.95292 16.662626 1.4200039
-2.9529192 16.701189 1.4196738
-2.9529183 16.740471 1.4201263
-2.9529161 16.780499 1.418992
-2.9529145 16.820601 1.4202719
-2.9529133 16.862869 1.4199154
-2.9529116 16.900967 1.4200987
-2.9529111 16.939409 1.420292
-2.9529095 16.979004 1.4206756
-2.9529076 17.019068 1.4198265
-2.9529061 17.060108 1.420213
-2.9529042 17.096315 1.4198638
-2.9529037 17.139324 1.4200864
-2.9529016 17.18178 1.4193735
-2.9528999 17.220797 1.4201289
-2.9528992 17.260469 1.4208975
-2.9528971 17.301947 1.4194613
-2.9528961 17.343002 1.4202371
-2.9528947 17.38031 1.4191011
-2.9528928 17.417524 1.4204946
-2.9528921 17.458683 1.4189477
-2.9528902 17.497078 1.4203665
-2.9528887 17.536509 1.4203687
-2.9528873 17.582047 1.4200125
-2.9528856 17.623152 1.4188145
-2.9528844 17.657255 1.4201517
-2.952883 17.697657 1.4208689
-2.9528811 17.740801 1.4208246
-2.9528804 17.778389 1.4190797
-2.9528785 17.820862 1.4193214
-2.9528768 17.864975 1.4213285
-2.9528759 17.903385 1.4211584
-2.9528739 17.941158 1.4191823
-2.9528725 17.981888 1.4207864
-2.9528713 18.022001 1.4206086
-2.9528697 18.061462 1.4185846
-2.9528685 18.104021 1.4202198
-2.9528668 18.13991 1.4223169
-2.9528656 18.174263 1.418716
-2.9528642 18.218575 1.4203941
-2.9528625 18.260918 1.4200994
-2.9528613 18.297794 1.4193234
-2.9528599 18.327654 1.4197898
-1.9387845 19.38916 1.4189498
-1.9019252 19.389158 1.4216644
-1.8619998 19.389151 1.4194795
-1.8166444 19.389147 1.4192479
-1.7814078 19.389145 1.4219002
-1.7432282 19.389141 1.4197618
-1.7002848 19.389133 1.4182619
-1.6604259 19.389132 1.4208114
-1.6204922 19.38913 1.4207083
-1.5795196 19.389128 1.4192287
-1.5401684 19.389126 1.4191076
-1.5110397 19.389141 1.4221327
-1.4957366 19.425222 1.4185619
-1.4603776 19.433033 1.4214075
-1.4226424 19.433029 1.421174
-1.3808738 19.433023 1.419384
-1.3405727 19.433025 1.4189099
-1.2993729 19.433018 1.4197776
-1.2593495 19.433016 1.4201847
-1.2193364 19.433016 1.4201199
-1.1769873 19.433014 1.4202218
-1.1399806 19.433012 1.4194791
-1.1039065 19.433012 1.4196876
-1.0625161 19.43301 1.4197739
-1.0225374 19.433006 1.4198693
-0.9829064 19.433006 1.4199545
-0.9404884 19.433004 1.4199685
-0.89883083 19.432995 1.4199792
-0.86843896 19.432997 1.4204203
-2.9529426 16.025543 1.4600097
-2.9529421 16.061577 1.4599615
-2.9529414 16.101116 1.460222
-2.9529407 16.14127 1.4600065
-2.9529383 16.179911 1.4600424
-2.9529357 16.21896 1.4595711
-2.9529347 16.259056 1.4605426
-2.952934 16.299749 1.4596305
-2.9529331 16.341974 1.4604884
-2.9529314 16.381308 1.4600005
-2.9529288 16.42198 1.4601195
-2.9529271 16.462223 1.4603149
-2.9529266 16.500301 1.4597796
-2.9529259 16.540619 1.4603411
-2.952924 16.580536 1.4604545
-2.9529216 16.621161 1.4597855
-2.9529204 16.662334 1.4604104
-2.952919 16.700888 1.4596719
-2.9529183 16.740471 1.4597036
-2.9529164 16.779879 1.4597518
-2.952915 16.821289 1.4597774
-2.9529128 16.862867 1.4606392
-2.9529116 16.900293 1.4601289
-2.9529111 16.939043 1.4600763
-2.952909 16.978537 1.4603783
-2.9529078 17.01869 1.4603271
-2.9529064 17.059624 1.460637
-2.9529045 17.098087 1.4596051
-2.9529035 17.139717 1.4607921
-2.9529014 17.183619 1.4598562
-2.9529002 17.22298 1.4598584
-2.952899 17.262691 1.4609622
-2.9528971 17.301949 1.4598145
-2.9528959 17.342093 1.4597774
-2.9528947 17.37875 1.4599596
-2.952893 17.416578 1.4606513
-2.9528918 17.460846 1.4595218
-2.9528906 17.497927 1.4593315
-2.9528887 17.535854 1.4603245
-2.9528875 17.581711 1.4591564
-2.9528856 17.622257 1.4601991
-2.9528847 17.657255 1.458683
-2.9528832 17.698708 1.460939
-2.9528809 17.740801 1.4599818
-2.9528801 17.777441 1.4600788
-2.9528787 17.820864 1.4590787
-2.9528768 17.864975 1.4614162
-2.9528754 17.903389 1.4598522
-2.9528739 17.94235 1.4582481
-2.9528725 17.981888 1.46175
-2.9528711 18.022003 1.4601539
-2.9528697 18.062706 1.4585165
-2.952868 18.105282 1.4604667
-2.9528668 18.137905 1.4587736
-2.9528656 18.174261 1.4611211
-2.9528642 18.217264 1.459464
-2.9528625 18.259581 1.4594489
-2.9528613 18.298855 1.4601669
-2.9528599 18.327652 1.4579
-1.9404079 19.389158 1.4597949
-1.8997883 19.389154 1.4591068
-1.8631024 19.389153 1.4610656
-1.8181962 19.389149 1.4591807
-1.7804364 19.389145 1.460439
-1.744283 19.389141 1.4604319
-1.7013254 19.389135 1.4585932
-1.659744 19.389132 1.4594243
-1.6194863 19.38913 1.4602817
-1.5795197 19.389128 1.4598265
-1.5401683 19.389126 1.459393
-1.5110397 19.389141 1.4621871
-1.4957365 19.425222 1.4587649
-1.4603777 19.433033 1.4613881
-1.4226425 19.433029 1.4608548
-1.3817523 19.433023 1.4597445
-1.3397728 19.433023 1.4590966
-1.2993712 19.433018 1.4594465
-1.258836 19.433016 1.4609205
-1.2205111 19.433016 1.460117
-1.1786001 19.433014 1.459883
-1.1409066 19.433012 1.4593364
-1.1024127 19.433012 1.4605106
-1.0610811 19.433012 1.4602305
-1.0210996 19.433008 1.4599763
-0.98216832 19.433004 1.4597359
-0.94006944 19.433004 1.4595557
-0.89883536 19.432995 1.4599389
-0.86953646 19.432997 1.4603151
-2.9529426 16.025618 1.5000107
-2.9529421 16.061575 1.4998237
-2.9529414 16.101118 1.500049
-2.9529407 16.141838 1.4997973
-2.9529381 16.179827 1.5006666
-2.9529357 16.219263 1.4997175
-2.9529345 16.258858 1.5002937
-2.952934 16.299913 1.5001805
-2.9529328 16.341776 1.4998549
-2.9529312 16.381306 1.499835
-2.9529288 16.421158 1.5004113
-2.9529271 16.462973 1.5003326
-2.9529266 16.501869 1.500078
-2.9529257 16.540403 1.5005721
-2.9529238 16.580254 1.500061
-2.9529221 16.620918 1.4995378
-2.9529204 16.662628 1.5000287
-2.952919 16.701191 1.4996583
-2.9529185 16.739861 1.5000751
-2.9529161 16.780497 1.5004886
-2.9529157 16.821287 1.5001117
-2.952913 16.862167 1.5005516
-2.9529119 16.900967 1.5001997
-2.9529111 16.940496 1.4998426
-2.9529088 16.979935 1.5001489
-2.9529073 17.020617 1.4999639
-2.9529061 17.061369 1.500078
-2.9529045 17.097599 1.5003716
-2.9529035 17.140137 1.5006421
-2.9529014 17.182856 1.5002803
-2.9529002 17.220795 1.4994661
-2.9528995 17.260469 1.5009034
-2.9528971 17.301945 1.5001664
-2.9528959 17.344154 1.4994121
-2.9528949 17.379503 1.4995184
-2.952893 17.415642 1.5007862
-2.9528918 17.45932 1.5000064
-2.9528902 17.498775 1.498317
-2.9528885 17.53783 1.5003653
-2.9528875 17.581043 1.4994671
-2.9528856 17.621368 1.5015626
-2.9528847 17.658159 1.4989148
-2.9528828 17.698708 1.4997808
-2.9528811 17.73987 1.5006735
-2.9528801 17.777441 1.4995106
-2.9528785 17.820866 1.4988358
-2.952877 17.864973 1.5015039
-2.9528754 17.903385 1.4985448
-2.9528739 17.94235 1.4989157
-2.952873 17.983093 1.5011264
-2.9528713 18.021997 1.4996985
-2.9528697 18.062706 1.5000858
-2.9528685 18.104021 1.5004963
-2.952867 18.138908 1.4984879
-2.9528656 18.175554 1.5018834
-2.9528642 18.215948 1.4985055
-2.9528625 18.260916 1.5008169
-2.9528613 18.296734 1.4976394
-2.9528601 18.327654 1.5014545
-1.9420313 19.38916 1.5006752
-1.9009074 19.389154 1.4988273
-1.8620031 19.389149 1.4998178
-1.8192809 19.389149 1.5004371
-1.7794609 19.389145 1.4989555
-1.7435818 19.389141 1.4996692
-1.7013257 19.389137 1.5001593
-1.6590594 19.389132 1.4980216
-1.6194863 19.38913 1.5011973
-1.5795197 19.389128 1.5004244
-1.5401683 19.389126 1.4996784
-1.5110399 19.389141 1.5022411
-1.4957366 19.425222 1.4989679
-1.4603776 19.433033 1.5013684
-1.4226425 19.433031 1.5005356
-1.3808739 19.433023 1.5000566
-1.3400381 19.433025 1.4993632
-1.2989479 19.433018 1.500066
-1.2596083 19.433016 1.5005661
-1.2213335 19.433016 1.499177
-1.1781949 19.433014 1.4995019
-1.1397346 19.433012 1.5001825
-1.1020077 19.433012 1.5004129
-1.0629019 19.43301 1.500787
-1.02326 19.433006 1.5001982
-0.98392379 19.433006 1.499604
-0.94091278 19.433004 1.4998826
-0.89883083 19.432995 1.4998974
-0.86843896 19.432997 1.4997951
-2.9529426 16.025616 1.5394692
-2.9529419 16.061575 1.5396864
-2.9529414 16.10112 1.5398763
-2.9529405 16.141125 1.539567
-2.9529386 16.179657 1.5407184
-2.9529357 16.219118 1.5403718
-2.9529345 16.259411 1.5400153
-2.952934 16.300068 1.5396719
-2.9529324 16.341494 1.5399238
-2.9529312 16.381308 1.53967
-2.9529288 16.421978 1.540627
-2.9529271 16.462654 1.5404047
-2.9529266 16.500822 1.5404099
-2.9529259 16.539839 1.5401787
-2.9529238 16.579971 1.5396596
-2.9529214 16.620678 1.5392834
-2.9529204 16.662041 1.5396512
-2.952919 16.700592 1.5396491
-2.9529183 16.740471 1.5404352
-2.9529161 16.780499 1.5404407
-2.952915 16.821289 1.5404458
-2.9529126 16.862865 1.5404516
-2.9529119 16.90164 1.5402888
-2.9529111 16.940134 1.5396408
-2.9529095 16.979469 1.5398602
-2.9529073 17.019444 1.5396384
-2.9529066 17.060108 1.5394123
-2.9529045 17.096315 1.5400124
-2.9529037 17.138479 1.540493
-2.9529016 17.182091 1.5406834
-2.9529002 17.222662 1.5403191
-2.952899 17.262466 1.5398828
-2.9528971 17.30105 1.5393554
-2.9528961 17.341854 1.5400198
-2.9528947 17.380251 1.5390956
-2.952893 17.417526 1.539883
-2.9528918 17.458683 1.5393384
-2.9528904 17.497137 1.5401437
-2.9528887 17.537169 1.5403309
-2.9528873 17.583055 1.5398835
-2.9528859 17.622259 1.5415138
-2.9528844 17.657253 1.5405687
-2.952883 17.698708 1.5386225
-2.9528811 17.740801 1.5415519
-2.9528806 17.777441 1.5389423
-2.9528782 17.820866 1.5385929
-2.952877 17.864977 1.5415916
-2.9528754 17.903385 1.5389203
-2.9528739 17.94235 1.5395832
-2.952873 17.981888 1.5402719
-2.9528711 18.020773 1.539114
-2.9528697 18.062706 1.5416551
-2.952868 18.104023 1.5406303
-2.9528666 18.138908 1.5406282
-2.9528656 18.174265 1.54064
-2.9528644 18.217262 1.5395681
-2.9528623 18.262383 1.540432
-2.9528613 18.297794 1.5384829
-2.9528601 18.327654 1.5395646
-1.9387844 19.38916 1.5384438
-1.9009074 19.389154 1.5419788
-1.8608946 19.389151 1.5385438
-1.8185598 19.389149 1.5402268
-1.780435 19.389145 1.539546
-1.7428777 19.389141 1.5388898
-1.7013254 19.389135 1.5417247
-1.6600837 19.389132 1.5380505
-1.6198235 19.38913 1.5408663
-1.5795197 19.389128 1.5410227
-1.5391909 19.389126 1.5386119
-1.5110397 19.389141 1.5422952
-1.4957367 19.425222 1.5391706
-1.4603776 19.433033 1.5413491
-1.4226424 19.433029 1.5402164
-1.380874 19.433023 1.5394056
-1.3395053 19.433025 1.5407746
-1.2985262 19.433018 1.5406754
-1.2596084 19.433018 1.5389516
-1.2209208 19.433016 1.5391489
-1.1774055 19.433014 1.5400352
-1.1392461 19.433012 1.539902
-1.10357 19.433012 1.5394745
-1.0624974 19.433012 1.5403572
-1.0218172 19.433006 1.5402923
-0.98184735 19.433006 1.5402253
-0.94006932 19.433001 1.540211
-0.89883536 19.432995 1.5398571
-0.86953646 19.432997 1.53971
-2.9529428 16.025396 1.5794805
-2.9529419 16.061188 1.5800208
-2.9529414 16.101116 1.5801829
-2.9529405 16.141699 1.5793672
-2.9529383 16.179911 1.5801831
-2.9529357 16.218662 1.5805407
-2.9529345 16.259142 1.580356
-2.952934 16.300228 1.5796752
-2.9529328 16.342171 1.5799271
-2.9529309 16.381004 1.5801142
-2.9529288 16.421133 1.5796828
-2.9529271 16.462343 1.5804679
-2.9529266 16.500544 1.5799764
-2.9529259 16.540293 1.5803769
-2.9529238 16.579691 1.5792496
-2.9529219 16.621042 1.5796509
-2.9529204 16.663218 1.5800589
-2.952919 16.701187 1.5796396
-2.9529183 16.740471 1.5800127
-2.9529161 16.780497 1.5803931
-2.9529147 16.821289 1.5807801
-2.952913 16.863567 1.5803699
-2.9529116 16.90097 1.5803133
-2.9529111 16.939772 1.5794288
-2.952909 16.979006 1.5795593
-2.9529076 17.019068 1.5801362
-2.9529066 17.059622 1.5798234
-2.9529042 17.098089 1.5798
-2.9529035 17.140957 1.5803554
-2.9529016 17.18371 1.5801129
-2.9529002 17.221024 1.579916
-2.9528992 17.260788 1.5798137
-2.9528968 17.30275 1.5797893
-2.9528961 17.343922 1.5796846
-2.9528949 17.378695 1.5799155
-2.952893 17.41658 1.5800166
-2.9528918 17.460846 1.5799654
-2.9528904 17.497927 1.5806781
-2.9528887 17.536512 1.5802813
-2.9528873 17.582382 1.5802038
-2.9528856 17.622259 1.5797828
-2.9528844 17.657255 1.5807056
-2.9528828 17.699762 1.5787333
-2.9528811 17.740801 1.5807091
-2.9528804 17.777439 1.580017
-2.9528785 17.820866 1.5783501
-2.952877 17.864973 1.5816793
-2.9528754 17.903385 1.5792956
-2.9528742 17.94235 1.5802506
-2.952873 17.98189 1.5795292
-2.9528711 18.021999 1.5787797
-2.9528697 18.063948 1.5816315
-2.9528685 18.10276 1.5788784
-2.9528673 18.138908 1.5827684
-2.9528656 18.172968 1.5793686
-2.9528642 18.218575 1.5806583
-2.9528625 18.259581 1.5778213
-2.9528613 18.297794 1.5818137
-2.9528601 18.327654 1.5776747
-1.9404079 19.38916 1.5793244
-1.9020284 19.389156 1.5817325
-1.8619998 19.389149 1.5801382
-1.8166444 19.389145 1.5785555
-1.7804351 19.389145 1.5817404
-1.7421709 19.389141 1.5780945
-1.7023636 19.389137 1.582096
-1.6600837 19.389132 1.5792888
-1.6191521 19.38913 1.5791614
-1.5795196 19.389128 1.5816206
-1.5401684 19.389126 1.5777242
-1.5110397 19.389141 1.5823493
-1.4957366 19.425222 1.5793738
-1.4603777 19.433033 1.5813296
-1.4226424 19.433029 1.5798972
-1.3813115 19.433023 1.5797625
-1.3397726 19.433025 1.5810416
-1.2993729 19.433018 1.5803783
-1.2603823 19.433018 1.5786229
-1.2201172 19.433016 1.58004
-1.1769873 19.433014 1.5805702
-1.1407167 19.433014 1.5798324
-1.1031585 19.433012 1.5793885
-1.0610344 19.433012 1.5807747
-1.0214261 19.433008 1.5794997
-0.98397106 19.433006 1.5801411
-0.94091278 19.433001 1.5805533
-0.89883083 19.432995 1.5798156
-0.86843896 19.432997 1.5791701
-2.9529428 16.025249 1.6200316
-2.9529421 16.061575 1.6203555
-2.9529414 16.10112 1.6204897
-2.9529405 16.141556 1.619652
-2.9529381 16.180166 1.6196569
-2.9529357 16.219112 1.6201637
-2.9529345 16.25841 1.6201093
-2.952934 16.299913 1.6207139
-2.9529333 16.341877 1.6199623
-2.9529305 16.381611 1.6199362
-2.9529288 16.421867 1.6193066
-2.9529271 16.463089 1.6205102
-2.9529266 16.501869 1.619574
-2.9529262 16.540638 1.6199605
-2.9529238 16.58107 1.6196338
-2.9529219 16.621401 1.620029
-2.9529204 16.662628 1.6196812
-2.952919 16.70179 1.6196477
-2.9529183 16.740469 1.6195898
-2.9529169 16.780499 1.620345
-2.9529145 16.821974 1.6203237
-2.9529133 16.862865 1.6202762
-2.9529116 16.901192 1.6203827
-2.9529111 16.939409 1.6192069
-2.9529095 16.978537 1.6192456
-2.9529076 17.01869 1.6206232
-2.9529061 17.061071 1.6203547
-2.9529042 17.097355 1.6194645
-2.9529035 17.139309 1.620193
-2.9529018 17.182091 1.6193678
-2.9529002 17.222662 1.6196877
-2.952899 17.262465 1.6199222
-2.9528971 17.301048 1.6200455
-2.9528959 17.342186 1.6202862
-2.9528949 17.38031 1.61961
-2.952893 17.415642 1.6201289
-2.9528918 17.459318 1.6204129
-2.9528902 17.498775 1.6196842
-2.9528887 17.535852 1.6202165
-2.9528875 17.581713 1.6205086
-2.9528859 17.622259 1.6180519
-2.9528844 17.656353 1.6207258
-2.9528828 17.699059 1.6199768
-2.9528811 17.740803 1.619866
-2.9528801 17.777441 1.621092
-2.952879 17.820866 1.6181072
-2.952877 17.864975 1.6217669
-2.9528754 17.903385 1.6196712
-2.9528739 17.94235 1.6209182
-2.952873 17.981888 1.6187855
-2.9528713 18.021999 1.6200441
-2.9528697 18.062708 1.6196064
-2.9528682 18.104021 1.6191441
-2.9528673 18.139912 1.6225185
-2.9528656 18.174261 1.6201402
-2.9528642 18.217264 1.6196915
-2.9528625 18.260916 1.6192166
-2.9528615 18.297794 1.619728
-2.9528601 18.327654 1.6212292
-1.9415425 19.38916 1.6215485
-1.8998885 19.389154 1.6191117
-1.8631024 19.389151 1.6217574
-1.8181962 19.389149 1.6185344
-1.7814078 19.389145 1.6223599
-1.7432283 19.389141 1.6187809
-1.7016732 19.389137 1.6210052
-1.6600837 19.389132 1.6205269
-1.6194866 19.38913 1.6188298
-1.5795196 19.389128 1.6222187
-1.5401684 19.389126 1.6180096
-1.5110397 19.389141 1.6224035
-1.4957365 19.425222 1.6195767
-1.4603777 19.433033 1.6213101
-1.4226424 19.433029 1.6195778
-1.3808739 19.433023 1.6200743
-1.3389747 19.433025 1.621189
-1.2993728 19.433018 1.6190798
-1.2598649 19.433018 1.6193584
-1.2196915 19.433016 1.620936
-1.1777923 19.433014 1.6192888
-1.1402248 19.433014 1.6195589
-1.1016698 19.433012 1.6201484
-1.0629019 19.43301 1.6204609
-1.0232121 19.433012 1.6197581
-0.98189247 19.433006 1.6207263
-0.93931669 19.433002 1.6200968
-0.89883536 19.432995 1.6197754
-0.869008 19.432995 1.6204532
-2.9529428 16.025618 1.6600298
-2.9529421 16.061575 1.660218
-2.9529417 16.100979 1.6603208
-2.9529405 16.141554 1.6599283
-2.9529383 16.179998 1.6597106
-2.9529357 16.219574 1.6598021
-2.9529347 16.259876 1.6598386
-2.952934 16.300068 1.6602101
-2.9529331 16.341579 1.6599883
-2.9529312 16.381002 1.659777
-2.9529288 16.421247 1.659562
-2.9529271 16.462225 1.6599596
-2.9529266 16.500822 1.6598749
-2.9529262 16.540287 1.6595551
-2.952924 16.580254 1.6599829
-2.9529216 16.621161 1.6597768
-2.9529202 16.662922 1.6593163
-2.952919 16.701191 1.6596326
-2.9529183 16.740467 1.6591672
-2.9529161 16.780497 1.6602974
-2.9529147 16.821289 1.6598418
-2.9529126 16.863218 1.6601968
-2.9529116 16.900745 1.6593776
-2.9529111 16.939043 1.658975
-2.952909 16.979237 1.6600564
-2.9529078 17.020617 1.6603287
-2.9529066 17.060349 1.6596923
-2.9529042 17.096613 1.6591088
-2.9529035 17.139717 1.6600487
-2.9529021 17.183929 1.6599346
-2.9529002 17.221024 1.6592568
-2.9528992 17.260788 1.6598248
-2.9528971 17.303076 1.6594107
-2.9528961 17.343004 1.6599002
-2.9528947 17.37875 1.660404
-2.952893 17.417526 1.6592717
-2.9528921 17.458681 1.6597292
-2.9528906 17.497925 1.6600266
-2.9528885 17.53684 1.6590745
-2.9528871 17.581043 1.6607978
-2.9528856 17.623152 1.6580379
-2.9528847 17.657255 1.6609718
-2.9528832 17.698709 1.6600143
-2.9528811 17.740803 1.6590233
-2.9528801 17.777441 1.6605238
-2.952879 17.820866 1.6578645
-2.952877 17.864975 1.6618544
-2.9528754 17.902212 1.6582119
-2.9528739 17.94235 1.6615855
-2.952873 17.98068 1.6578879
-2.9528713 18.021999 1.6613082
-2.9528697 18.061462 1.6575541
-2.9528685 18.104021 1.6610228
-2.9528673 18.137905 1.6589037
-2.9528656 18.175554 1.6609387
-2.9528642 18.215948 1.6586959
-2.952862 18.262247 1.6606396
-2.9528613 18.297794 1.6576425
-2.9528601 18.327654 1.6593394
-1.9390984 19.389158 1.6593283
-1.9009074 19.389154 1.6606451
-1.8620033 19.389149 1.6604767
-1.8181962 19.389149 1.6610287
-1.7793648 19.389145 1.6588948
-1.7432284 19.389141 1.6606796
-1.7009807 19.389133 1.6598983
-1.6600837 19.389132 1.661765
-1.6184782 19.38913 1.6583486
-1.5805098 19.389128 1.6616652
-1.5401683 19.389126 1.6582949
-1.5110399 19.389141 1.6624577
-1.4957368 19.425222 1.6597797
-1.4603776 19.433033 1.6612906
-1.4226425 19.433029 1.6592588
-1.3808739 19.433023 1.6594232
-1.3397727 19.433025 1.6615182
-1.3002226 19.43302 1.6588104
-1.2593496 19.433016 1.660081
-1.2205112 19.433016 1.66001
-1.1789477 19.433014 1.6589974
-1.1390547 19.433012 1.6603535
-1.1035701 19.433012 1.6601985
-1.0624975 19.433012 1.6600205
-1.0210996 19.43301 1.6606746
-0.98365158 19.433004 1.6606514
-0.94176483 19.433001 1.6597571
-0.89820689 19.432993 1.6605721
-0.86900806 19.432997 1.6601458
-2.9529426 16.025988 1.7000401
-2.9529419 16.061577 1.7000805
-2.9529414 16.101118 1.7001425
-2.9529407 16.141556 1.7002039
-2.9529381 16.179827 1.699759
-2.9529355 16.219118 1.6999655
-2.9529347 16.259146 1.6995915
-2.952934 16.30023 1.6997122
-2.9529328 16.342258 1.7000151
-2.9529316 16.381611 1.6996119
-2.9529288 16.421867 1.6998116
-2.9529271 16.462976 1.7000149
-2.9529266 16.500544 1.6994328
-2.9529262 16.539391 1.6997622
-2.9529238 16.579441 1.7003083
-2.9529219 16.620571 1.7001545
-2.9529207 16.662628 1.6997113
-2.9529192 16.701487 1.6996388
-2.9529183 16.740471 1.6987448
-2.9529161 16.780497 1.7002493
-2.9529145 16.821287 1.7001759
-2.9529128 16.862865 1.7000977
-2.9529116 16.900293 1.6983598
-2.9529111 16.93977 1.6996063
-2.9529095 16.979935 1.7008858
-2.9529078 17.019445 1.6999613
-2.9529064 17.059624 1.6990098
-2.9529045 17.098089 1.6999949
-2.9529035 17.140137 1.6999176
-2.9529018 17.18178 1.6991218
-2.9529002 17.221888 1.700094
-2.9528992 17.262466 1.6999618
-2.9528971 17.300816 1.6995977
-2.9528959 17.343824 1.6995345
-2.9528944 17.379503 1.6999936
-2.952893 17.415737 1.7004627
-2.9528918 17.460598 1.6992313
-2.9528902 17.497078 1.7003497
-2.9528885 17.538086 1.6991522
-2.9528873 17.582048 1.7000135
-2.9528859 17.622257 1.6993802
-2.9528847 17.657255 1.6995029
-2.9528828 17.698355 1.7000432
-2.9528811 17.740803 1.6981808
-2.9528804 17.776497 1.7014648
-2.9528782 17.820866 1.6976216
-2.952877 17.864977 1.7019423
-2.9528754 17.903387 1.6970493
-2.9528742 17.94235 1.7022527
-2.952873 17.981888 1.6972909
-2.9528713 18.021999 1.7025727
-2.9528697 18.062706 1.6975397
-2.9528685 18.105282 1.701324
-2.9528673 18.138908 1.6986539
-2.9528656 18.174263 1.6996593
-2.9528644 18.217262 1.6997954
-2.9528625 18.260918 1.6999532
-2.9528615 18.297794 1.7009733
-2.9528599 18.327654 1.6974496
-1.9404076 19.389158 1.698854
-1.901925 19.389154 1.7022014
-1.8608943 19.389153 1.6991695
-1.8197479 19.389147 1.7010539
-1.780435 19.389145 1.6977745
-1.7442828 19.389141 1.7013978
-1.7002848 19.389137 1.6987754
-1.6611053 19.389132 1.7018415
-1.6194865 19.38913 1.6980963
-1.5795196 19.389128 1.7008848
-1.5401684 19.389126 1.6985801
-1.5110397 19.389141 1.7025118
-1.4957366 19.425222 1.6999825
-1.4603777 19.433033 1.7012715
-1.4226425 19.433029 1.6989394
-1.3808722 19.433023 1.6997557
-1.3397727 19.433025 1.7005408
-1.2997963 19.433018 1.6994261
-1.258836 19.433018 1.7007916
-1.2213335 19.433016 1.6991047
-1.1774054 19.433014 1.7003978
-1.1399806 19.433014 1.7002422
-1.1031584 19.433012 1.7001015
-1.0610346 19.433012 1.7004005
-1.022935 19.43301 1.7000506
-0.98290634 19.433006 1.7004048
-0.93921739 19.433004 1.6999878
-0.89954865 19.432995 1.7006385
-0.869008 19.432995 1.6998383
-2.9529428 16.025616 1.7400464
-2.9529419 16.061575 1.7399428
-2.9529417 16.10084 1.7399707
-2.9529407 16.141413 1.7404808
-2.9529381 16.179657 1.7398014
-2.9529357 16.218658 1.740114
-2.9529347 16.258408 1.7393209
-2.9529343 16.299595 1.7402363
-2.9529331 16.340988 1.7400227
-2.9529319 16.380524 1.7400339
-2.9529288 16.421247 1.7400542
-2.9529271 16.462656 1.7400713
-2.9529266 16.501841 1.7398156
-2.9529262 16.541191 1.739996
-2.9529238 16.580254 1.7399362
-2.9529221 16.620438 1.7405251
-2.9529202 16.662334 1.7400978
-2.9529192 16.701187 1.7396228
-2.9529185 16.741081 1.7391454
-2.9529161 16.780499 1.7402018
-2.9529145 16.821289 1.7405102
-2.9529133 16.862867 1.7400075
-2.9529116 16.900967 1.7384672
-2.9529111 16.940496 1.7402576
-2.9529092 16.979469 1.7405765
-2.9529073 17.018267 1.7395626
-2.9529066 17.060347 1.7405748
-2.9529045 17.097355 1.7396404
-2.9529037 17.138479 1.739697
-2.9529016 17.183617 1.7397146
-2.9529002 17.222759 1.7409536
-2.9528995 17.26079 1.7398362
-2.9528971 17.303078 1.740135
-2.9528961 17.342093 1.7400932
-2.9528949 17.380253 1.739602
-2.952893 17.41658 1.7406943
-2.9528921 17.459637 1.7396865
-2.9528904 17.497927 1.7393622
-2.9528887 17.535597 1.7412908
-2.9528873 17.583055 1.7392535
-2.9528859 17.621368 1.7407023
-2.9528847 17.657255 1.7380342
-2.9528828 17.697657 1.7412491
-2.9528811 17.740803 1.7373379
-2.9528801 17.777441 1.7426656
-2.9528787 17.820866 1.7373786
-2.952877 17.864975 1.74203
-2.9528754 17.903385 1.7374249
-2.9528742 17.94235 1.74292
-2.952873 17.981888 1.7382549
-2.9528711 18.023222 1.7422913
-2.9528697 18.062706 1.7391089
-2.9528685 18.104023 1.7395546
-2.952867 18.138906 1.7407941
-2.9528656 18.172966 1.7383517
-2.9528642 18.218575 1.7409228
-2.9528625 18.259583 1.7392377
-2.9528615 18.298855 1.7418683
-2.9528599 18.327654 1.741004
-1.9415425 19.389158 1.7411031
-1.8997883 19.389156 1.7395334
-1.862 19.389151 1.740797
-1.8166447 19.389147 1.7378628
-1.7804351 19.389145 1.7399689
-1.7435817 19.389141 1.7406029
-1.7013257 19.389135 1.7391626
-1.6604259 19.389132 1.7404279
-1.6194865 19.38913 1.7390118
-1.5795197 19.389128 1.741483
-1.5401684 19.389126 1.7388656
-1.5110399 19.389141 1.7425659
-1.4957367 19.425222 1.7401856
-1.4603777 19.433033 1.7412518
-1.4226424 19.433029 1.73862
-1.3804346 19.433023 1.7410334
-1.3397726 19.433025 1.7395632
-1.2993716 19.43302 1.7400318
-1.2596083 19.433016 1.7404755
-1.2209008 19.433016 1.740009
-1.1769873 19.433014 1.7409189
-1.1407168 19.433014 1.7389562
-1.1016695 19.433012 1.7408233
-1.062902 19.43301 1.7401346
-1.0221769 19.433008 1.7401406
-0.98216838 19.433004 1.7401412
-0.94166821 19.433002 1.7396901
-0.89820677 19.432993 1.740479
-0.86900806 19.432997 1.7395307
-2.9529428 16.025616 1.7795045
-2.9529421 16.061575 1.7798055
-2.9529414 16.10112 1.7797934
-2.9529405 16.141268 1.7802681
-2.9529388 16.179485 1.7798386
-2.9529357 16.218668 1.7802503
-2.9529345 16.259588 1.7796725
-2.952934 16.300394 1.7802404
-2.9529331 16.34264 1.7800816
-2.9529316 16.382212 1.7805083
-2.9529288 16.42156 1.7796975
-2.9529271 16.461792 1.7794858
-2.9529266 16.500301 1.7807989
-2.9529262 16.540287 1.780202
-2.9529238 16.58107 1.7795879
-2.9529219 16.62104 1.7796305
-2.9529202 16.662043 1.7804763
-2.952919 16.701185 1.779616
-2.9529183 16.740471 1.7794886
-2.9529161 16.780497 1.780154
-2.952915 16.821287 1.7808444
-2.9529135 16.862867 1.7799164
-2.9529116 16.900969 1.779548
-2.9529111 16.940134 1.7800355
-2.9529092 16.978252 1.7791301
-2.9529073 17.019442 1.7801125
-2.9529064 17.061367 1.7811249
-2.9529045 17.096615 1.7792649
-2.9529035 17.140509 1.7805072
-2.9529018 17.182001 1.7789143
-2.9529002 17.221109 1.7804803
-2.9528992 17.262466 1.7800013
-2.9528971 17.300817 1.7802838
-2.9528961 17.344154 1.7798476
-2.9528949 17.378695 1.7803576
-2.952893 17.417768 1.7798318
-2.9528918 17.458681 1.7801201
-2.9528906 17.498775 1.7783952
-2.9528887 17.536842 1.7813686
-2.9528875 17.582382 1.7795472
-2.9528856 17.622259 1.7806951
-2.9528847 17.658159 1.7783157
-2.9528828 17.698709 1.781384
-2.9528811 17.741737 1.7782737
-2.9528801 17.777441 1.7820975
-2.9528785 17.821968 1.7784764
-2.952877 17.864977 1.7821177
-2.9528751 17.903387 1.7778002
-2.9528742 17.943541 1.7820733
-2.952873 17.981888 1.7792183
-2.9528711 18.022001 1.7799518
-2.9528697 18.062706 1.7806782
-2.9528687 18.10276 1.7777581
-2.952867 18.138908 1.7829344
-2.9528656 18.174261 1.7791595
-2.9528642 18.217264 1.7799188
-2.9528625 18.260916 1.7806706
-2.9528615 18.296734 1.7792375
-2.9528599 18.327654 1.7791141
-1.9390984 19.389158 1.7788293
-1.9009074 19.389158 1.7793117
-1.8635771 19.389149 1.7811736
-1.8181962 19.389149 1.7778883
-1.780435 19.389145 1.7821631
-1.7417201 19.389143 1.7783239
-1.7013254 19.389135 1.7807283
-1.659744 19.389132 1.7789991
-1.6194865 19.38913 1.7799274
-1.5798514 19.389128 1.7808595
-1.5401683 19.389126 1.7791512
-1.5110397 19.389141 1.7826201
-1.4957368 19.42522 1.7803885
-1.4603776 19.433033 1.7812326
-1.4226425 19.433029 1.778301
-1.3808739 19.433023 1.7814014
-1.3397728 19.433025 1.7785854
-1.2989483 19.433018 1.7806268
-1.2596083 19.433018 1.7788609
-1.2200999 19.433016 1.7808667
-1.1777923 19.433014 1.7796646
-1.1399789 19.433012 1.7797974
-1.1027876 19.433012 1.7799143
-1.0621306 19.433012 1.7805665
-1.0214262 19.43301 1.7802122
-0.98392385 19.433006 1.780117
-0.93939811 19.433001 1.7798916
-0.89954877 19.432995 1.7805693
-0.86900818 19.432995 1.7792233
-2.9529428 16.025841 1.8195211
-2.9529421 16.061575 1.8196678
-2.9529417 16.100698 1.8196139
-2.9529405 16.141127 1.8200499
-2.9529383 16.179911 1.8204681
-2.9529357 16.219875 1.8204062
-2.9529345 16.25951 1.8200083
-2.952934 16.300072 1.8197466
-2.9529331 16.341583 1.8200797
-2.9529316 16.380402 1.820287
-2.9529285 16.421555 1.8199463
-2.9529271 16.4636 1.819598
-2.9529266 16.501083 1.819671
-2.9529262 16.539389 1.8203832
-2.9529238 16.579983 1.8206466
-2.9529219 16.621977 1.8194076
-2.9529204 16.662628 1.8201325
-2.952919 16.700888 1.8203727
-2.9529183 16.740467 1.8190656
-2.9529161 16.780497 1.8201064
-2.952915 16.821289 1.8211789
-2.9529126 16.862518 1.8198014
-2.9529116 16.900967 1.8206284
-2.9529111 16.939772 1.8198042
-2.952909 16.979237 1.818948
-2.9529078 17.020618 1.8206933
-2.9529066 17.059328 1.8192296
-2.9529045 17.098087 1.8201902
-2.9529035 17.139725 1.8203219
-2.9529016 17.182856 1.8194345
-2.9529002 17.222757 1.8203235
-2.9528992 17.26079 1.8198473
-2.9528971 17.302847 1.8197132
-2.9528959 17.341856 1.8203218
-2.9528949 17.379503 1.8184562
-2.952893 17.415398 1.8209224
-2.9528921 17.460598 1.8196688
-2.9528904 17.497137 1.8201298
-2.9528887 17.536842 1.8189977
-2.9528875 17.58078 1.820918
-2.9528859 17.622259 1.8189641
-2.9528847 17.657253 1.8199201
-2.9528832 17.698706 1.8202258
-2.9528811 17.740801 1.818923
-2.9528801 17.777441 1.8215294
-2.9528785 17.820864 1.8193865
-2.952877 17.864975 1.8222052
-2.9528759 17.903385 1.8181758
-2.9528742 17.942352 1.8208742
-2.952873 17.981888 1.820182
-2.9528711 18.020775 1.8175855
-2.9528697 18.062706 1.8222475
-2.9528685 18.104021 1.8180685
-2.9528668 18.138906 1.8198071
-2.9528656 18.174261 1.8215643
-2.9528642 18.215948 1.8188863
-2.9528625 18.262247 1.822131
-2.9528615 18.297794 1.8201329
-2.9528601 18.327654 1.8172243
-1.9404078 19.389158 1.8183837
-1.9009075 19.389154 1.8224634
-1.860423 19.389149 1.8182371
-1.8181963 19.389149 1.8203824
-1.7815065 19.389145 1.8210834
-1.7432283 19.389141 1.8177998
-1.7013254 19.389135 1.822294
-1.6590594 19.389132 1.8175538
-1.6194865 19.38913 1.820843
-1.5795197 19.389128 1.8201441
-1.5401684 19.389126 1.8194366
-1.5110399 19.389141 1.8226743
-1.4957366 19.425222 1.8205912
-1.4603776 19.433033 1.821213
-1.4226424 19.433029 1.8179816
-1.3799986 19.433023 1.8216429
-1.3397727 19.433023 1.8176078
-1.2985265 19.433018 1.8212118
-1.2603823 19.433018 1.8185709
-1.2196916 19.433016 1.8207952
-1.1786003 19.433014 1.8184309
-1.1392461 19.433012 1.8206211
-1.1039066 19.433012 1.8190339
-1.0613667 19.43301 1.8209804
-1.0232602 19.43301 1.8196411
-0.98184752 19.433006 1.8206108
-0.94166809 19.433004 1.820374
-0.89820689 19.432993 1.8203861
-0.86900824 19.432997 1.818916
-2.9529428 16.02569 1.8600721
-2.9529421 16.061575 1.8595304
-2.9529417 16.10112 1.8594426
-2.9529407 16.141554 1.8603283
-2.9529383 16.180614 1.8605547
-2.9529357 16.219269 1.8600572
-2.9529345 16.258778 1.859722
-2.952934 16.299274 1.8597361
-2.9529333 16.341873 1.8601141
-2.9529312 16.382212 1.8601962
-2.9529288 16.42156 1.8601961
-2.9529271 16.461712 1.8601942
-2.9529266 16.501841 1.8593109
-2.9529259 16.540871 1.860026
-2.9529238 16.579691 1.8609784
-2.9529214 16.621159 1.8597678
-2.9529204 16.662628 1.8589809
-2.9529192 16.70059 1.8611203
-2.9529185 16.740772 1.859459
-2.9529161 16.780497 1.8600584
-2.9529152 16.82163 1.8607335
-2.952913 16.862167 1.8588628
-2.9529116 16.900967 1.861709
-2.9529111 16.939407 1.8595624
-2.9529092 16.979237 1.8607619
-2.9529078 17.019054 1.8594111
-2.9529064 17.06035 1.8597803
-2.9529045 17.097355 1.8598162
-2.9529035 17.138926 1.8601141
-2.9529016 17.183708 1.8599771
-2.9529002 17.221111 1.8598228
-2.9528992 17.262465 1.8600408
-2.9528968 17.301142 1.8598841
-2.9528961 17.343918 1.8601066
-2.9528952 17.379503 1.8594626
-2.952893 17.41658 1.8600599
-2.9528918 17.459637 1.8601009
-2.9528902 17.497927 1.8607087
-2.9528885 17.538086 1.859115
-2.9528873 17.582048 1.8613764
-2.9528859 17.622259 1.857233
-2.9528847 17.656353 1.8615038
-2.9528828 17.698708 1.8590676
-2.9528811 17.740801 1.8597115
-2.9528801 17.777441 1.8609611
-2.9528787 17.820866 1.8591436
-2.952877 17.864975 1.8622931
-2.9528759 17.903385 1.8585511
-2.9528742 17.942354 1.859848
-2.952873 17.981888 1.8611456
-2.9528713 18.021997 1.8573135
-2.9528697 18.063948 1.8622868
-2.9528685 18.104021 1.8599472
-2.9528673 18.138908 1.8566797
-2.9528656 18.175554 1.8624091
-2.9528644 18.217262 1.860023
-2.9528627 18.259449 1.8593836
-2.9528613 18.298855 1.8610498
-2.9528601 18.327654 1.8607787
-1.9404078 19.389158 1.8618488
-1.9009075 19.389154 1.8602208
-1.8620001 19.389151 1.8586136
-1.819281 19.389149 1.861712
-1.7794609 19.389145 1.8575413
-1.7432282 19.389141 1.8596984
-1.7023634 19.389135 1.8627207
-1.6600837 19.389132 1.8576461
-1.6194863 19.38913 1.8617585
-1.5791906 19.389128 1.859422
-1.5401684 19.389126 1.8597219
-1.5110399 19.389141 1.8627285
-1.4957368 19.42522 1.8607943
-1.4603776 19.433033 1.8611935
-1.4226425 19.433029 1.8576623
-1.3808739 19.433023 1.862059
-1.3405727 19.433023 1.8579832
-1.2993731 19.433018 1.8609635
-1.259865 19.433016 1.8592802
-1.2205112 19.433016 1.859903
-1.1777897 19.433014 1.8598588
-1.1399806 19.433012 1.8593414
-1.1017171 19.433012 1.860575
-1.0621331 19.43301 1.8587959
-1.0211456 19.43301 1.8604659
-0.98365164 19.433004 1.8597136
-0.93939811 19.433004 1.8605353
-0.8988331 19.432995 1.8595238
-0.86900812 19.432995 1.8586085
-2.9529431 16.025616 1.9000753
-2.9529424 16.061575 1.8993932
-2.9529417 16.10112 1.8997495
-2.9529407 16.141977 1.9006205
-2.9529386 16.179996 1.9000057
-2.9529359 16.218658 1.8996884
-2.9529347 16.258698 1.9000386
-2.9529343 16.300865 1.900295
-2.9529333 16.342175 1.9001589
-2.9529316 16.380402 1.8999373
-2.9529288 16.421555 1.9004447
-2.9529271 16.463217 1.8997065
-2.9529266 16.500301 1.9002482
-2.9529262 16.540737 1.8996167
-2.9529235 16.580256 1.8998581
-2.9529214 16.620569 1.9001173
-2.9529204 16.663216 1.8986598
-2.952919 16.701189 1.9011564
-2.9529183 16.740471 1.899806
-2.9529161 16.780497 1.9000108
-2.9529147 16.821287 1.9002371
-2.9529128 16.862867 1.89882
-2.9529116 16.901642 1.9018534
-2.9529111 16.939043 1.8993106
-2.952909 16.979935 1.9016228
-2.9529076 17.018688 1.8990321
-2.9529059 17.061071 1.9013833
-2.9529042 17.096615 1.8994217
-2.9529035 17.140959 1.9009854
-2.9529018 17.182091 1.8991348
-2.9529002 17.222757 1.8996938
-2.9528997 17.26079 1.8998588
-2.9528971 17.301945 1.8992016
-2.9528961 17.342188 1.9006075
-2.9528949 17.379503 1.9004689
-2.9528928 17.417767 1.8992261
-2.9528923 17.458685 1.9005111
-2.9528906 17.497927 1.8980461
-2.9528887 17.535597 1.9011745
-2.9528873 17.582048 1.8993441
-2.9528854 17.623087 1.8988439
-2.9528847 17.657255 1.9017919
-2.952883 17.698709 1.8979095
-2.9528811 17.73987 1.9019636
-2.9528801 17.777441 1.9003927
-2.9528782 17.820866 1.898901
-2.952877 17.864975 1.9023805
-2.9528759 17.903385 1.8989267
-2.9528739 17.942352 1.8988203
-2.952873 17.981888 1.9021095
-2.9528713 18.021997 1.8985776
-2.9528697 18.062708 1.9001988
-2.9528682 18.104021 1.9018259
-2.952867 18.138908 1.8988199
-2.9528656 18.17284 1.8990803
-2.9528644 18.217262 1.9027504
-2.9528627 18.260916 1.8990703
-2.9528615 18.296734 1.8983752
-2.9528601 18.327654 1.8988889
-1.9404078 19.389158 1.899881
-1.9009074 19.389154 1.8979784
-1.8620001 19.389153 1.9014559
-1.8181994 19.389147 1.9000683
-1.7804351 19.389145 1.8981977
-1.7432282 19.389141 1.9015971
-1.7013285 19.389135 1.9002386
-1.6600837 19.389132 1.8988844
-1.6194863 19.38913 1.9026742
-1.5785271 19.389128 1.8973681
-1.5401684 19.389126 1.9000075
-1.5110399 19.389141 1.9027827
-1.4957368 19.425222 1.9009972
-1.45954 19.433033 1.90228
-1.4226424 19.433029 1.8973432
-1.3808739 19.433023 1.9014078
-1.3400381 19.433025 1.899364
-1.2993733 19.433018 1.8996645
-1.2586347 19.433016 1.9010493
-1.2205112 19.433016 1.8979775
-1.1769873 19.433014 1.9012673
-1.1409066 19.433014 1.899285
-1.1027876 19.433012 1.9006176
-1.0628035 19.433012 1.8993802
-1.0221794 19.433008 1.8998181
-0.9822588 19.433006 1.9002542
-0.94125724 19.433006 1.9002725
-0.8988331 19.432993 1.8994827
-0.86957794 19.432997 1.8999379
-2.9529431 16.025543 1.9400762
-2.9529421 16.061577 1.9392554
-2.9529417 16.10112 1.9400566
-2.9529412 16.141838 1.9404144
-2.9529386 16.179564 1.9394506
-2.9529357 16.21867 1.9398243
-2.9529347 16.259874 1.9404465
-2.952934 16.299738 1.9397629
-2.9529333 16.34111 1.9401133
-2.9529316 16.38221 1.9398841
-2.9529288 16.421011 1.9400458
-2.9529271 16.462654 1.9397345
-2.9529266 16.501083 1.9391434
-2.9529262 16.539307 1.9403706
-2.9529238 16.580822 1.9387549
-2.9529214 16.620436 1.9404807
-2.9529202 16.66291 1.9398195
-2.9529192 16.701187 1.9403664
-2.9529185 16.740467 1.9401748
-2.9529161 16.780499 1.9399626
-2.952915 16.821287 1.9405713
-2.9529135 16.862869 1.9395441
-2.9529116 16.901194 1.9408276
-2.9529111 16.939772 1.9399817
-2.9529088 16.979239 1.9402146
-2.9529078 17.019444 1.9404351
-2.9529064 17.05954 1.9394999
-2.9529042 17.097351 1.9413569
-2.9529035 17.138426 1.939762
-2.9529016 17.183617 1.940863
-2.9529002 17.221109 1.9391648
-2.9528995 17.262466 1.9400803
-2.9528968 17.301945 1.939554
-2.9528961 17.343006 1.940269
-2.9528947 17.380253 1.9401082
-2.9528928 17.415398 1.9402595
-2.9528921 17.459639 1.9388261
-2.9528909 17.497925 1.9400506
-2.9528885 17.536842 1.9412919
-2.9528875 17.583055 1.9386235
-2.9528856 17.62137 1.9415797
-2.9528847 17.657255 1.9403232
-2.9528828 17.699762 1.9380935
-2.9528811 17.740801 1.9429135
-2.9528801 17.777441 1.9398246
-2.9528785 17.820864 1.9386581
-2.952877 17.864975 1.9424682
-2.9528761 17.903385 1.9393023
-2.9528742 17.941162 1.9375783
-2.952873 17.981888 1.9430729
-2.9528713 18.021999 1.9398419
-2.9528697 18.061462 1.9380838
-2.9528685 18.105282 1.9421815
-2.952867 18.138908 1.9409602
-2.9528656 18.174261 1.9381787
-2.9528642 18.217262 1.9401366
-2.9528625 18.260916 1.9421247
-2.9528615 18.297794 1.9392922
-2.9528601 18.327654 1.9369992
-1.9404078 19.389158 1.9379131
-1.9009072 19.389154 1.9411298
-1.8635772 19.389154 1.9418793
-1.8171088 19.389149 1.9383982
-1.7804351 19.389145 1.9403919
-1.7442828 19.389141 1.9423635
-1.7002848 19.389133 1.9377311
-1.6600837 19.389132 1.9401222
-1.6204921 19.38913 1.9424838
-1.5795195 19.389128 1.9368536
-1.5401683 19.389126 1.940293
-1.5110399 19.389141 1.9428365
-1.4957366 19.425222 1.9412
-1.4603777 19.433033 1.9436462
-1.4226425 19.433029 1.937024
-1.3808739 19.433023 1.9407572
-1.3395052 19.433025 1.9407321
-1.2993731 19.433022 1.9383662
-1.2596083 19.433018 1.9419992
-1.2216349 19.433016 1.9390571
-1.1777923 19.433014 1.9400403
-1.1390548 19.433014 1.9410615
-1.1035701 19.433012 1.9387918
-1.0613668 19.43301 1.9406142
-1.0228382 19.43301 1.9400584
-0.98290884 19.433004 1.9401392
-0.93983084 19.433004 1.9404718
-0.8988331 19.432995 1.939442
-0.86847919 19.432997 1.9393089
-2.9529428 16.025394 1.9806149
-2.9529424 16.061575 1.9791178
-2.9529417 16.10112 1.9803634
-2.9529407 16.141697 1.9802027
-2.9529388 16.179485 1.9789126
-2.9529359 16.219561 1.9805095
-2.9529345 16.258863 1.9795368
-2.9529343 16.299604 1.9797583
-2.9529333 16.342762 1.9802613
-2.9529316 16.380402 1.9795882
-2.9529288 16.422352 1.9797837
-2.9529271 16.462101 1.9797463
-2.9529266 16.501572 1.9795215
-2.9529259 16.540287 1.9800167
-2.952924 16.580252 1.9798244
-2.9529221 16.621038 1.9796157
-2.9529204 16.662334 1.98094
-2.9529192 16.701187 1.9795756
-2.9529183 16.740471 1.980544
-2.9529161 16.780497 1.9799149
-2.9529145 16.821289 1.9800991
-2.9529128 16.862867 1.9802675
-2.9529119 16.900017 1.9786521
-2.9529114 16.93977 1.9814258
-2.9529092 16.978535 1.9787867
-2.9529078 17.020617 1.9810578
-2.9529066 17.060349 1.9789855
-2.9529042 17.097353 1.9799852
-2.9529035 17.139719 1.9805865
-2.9529021 17.182001 1.9799932
-2.9528999 17.222982 1.9801979
-2.9528995 17.26079 1.9798698
-2.9528971 17.301945 1.9799067
-2.9528961 17.343824 1.9799505
-2.9528947 17.378695 1.9807998
-2.952893 17.41658 1.9794255
-2.9528921 17.460497 1.9794664
-2.9528904 17.497927 1.9820552
-2.9528887 17.536842 1.9789209
-2.952888 17.582045 1.9800328
-2.9528856 17.622259 1.9816078
-2.9528847 17.657255 1.9788543
-2.9528828 17.699057 1.979288
-2.9528816 17.740803 1.9820708
-2.9528801 17.777441 1.9792566
-2.9528785 17.820866 1.9784151
-2.952877 17.864977 1.9825559
-2.9528761 17.903385 1.9796777
-2.9528742 17.942352 1.9767581
-2.952873 17.983093 1.9825554
-2.9528713 18.022001 1.9811062
-2.9528697 18.062706 1.9781322
-2.9528685 18.102634 1.9783599
-2.9528673 18.138908 1.9831002
-2.9528656 18.174261 1.9805837
-2.9528644 18.217262 1.977523
-2.9528627 18.260916 1.9797971
-2.9528613 18.297794 1.982623
-2.9528599 18.327654 1.9805536
-1.9404078 19.389158 1.9813783
-1.9020283 19.389156 1.980966
-1.860423 19.389151 1.9788488
-1.8181963 19.389147 1.9797361
-1.7804351 19.389145 1.9825864
-1.7432312 19.389143 1.9801657
-1.7013254 19.389135 1.9781657
-1.6600837 19.389132 1.9813606
-1.6198235 19.38913 1.9807376
-1.5795195 19.389128 1.9774519
-1.5401683 19.389126 1.9805782
-1.5110399 19.389141 1.9828908
-1.4957367 19.42522 1.9814029
-1.4603777 19.433033 1.9836267
-1.4226425 19.433029 1.9767047
-1.3808738 19.433023 1.9801061
-1.3389745 19.433025 1.9820873
-1.300223 19.433018 1.9781526
-1.2596084 19.433018 1.9803846
-1.2193364 19.433016 1.9815866
-1.1786002 19.433014 1.9788339
-1.1399806 19.433014 1.9810053
-1.1021029 19.433012 1.9803748
-1.062133 19.43301 1.9784501
-1.0214261 19.433008 1.9809247
-0.98355651 19.433006 1.9800415
-0.94049126 19.433004 1.9801177
-0.89883304 19.432993 1.979401
-0.86953658 19.432997 1.9807907
-2.9529428 16.025249 2.0211492
-2.9529421 16.061577 2.0189803
-2.9529417 16.10112 2.0206704
-2.9529409 16.141554 2.0199869
-2.952939 16.179911 2.0195653
-2.9529359 16.219574 2.0206666
-2.9529347 16.258698 2.0192595
-2.9529343 16.30105 2.0203648
-2.9529333 16.34099 2.0195415
-2.9529319 16.382086 2.0201645
-2.952929 16.42071 2.0198991
-2.9529271 16.46347 2.0199161
-2.9529266 16.500542 2.0204716
-2.9529259 16.541189 2.0190556
-2.9529238 16.579691 2.0208781
-2.9529216 16.621645 2.0187683
-2.9529202 16.662041 2.0213017
-2.9529192 16.701187 2.0187848
-2.9529185 16.740162 2.0208764
-2.9529161 16.780497 2.0198672
-2.952915 16.821289 2.0196266
-2.9529133 16.862867 2.0209913
-2.9529119 16.900969 2.0178151
-2.9529111 16.940905 2.0213401
-2.9529095 16.979237 2.0196538
-2.9529076 17.018213 2.0187833
-2.9529068 17.060347 2.021559
-2.9529045 17.097351 2.0186131
-2.9529033 17.140625 2.0205357
-2.9529021 17.182858 2.0205498
-2.9529002 17.220797 2.0195644
-2.9528995 17.261581 2.0188758
-2.9528968 17.301947 2.0202594
-2.9528961 17.342091 2.0204089
-2.9528944 17.379503 2.0189316
-2.952893 17.417423 2.0197189
-2.9528921 17.458683 2.0209019
-2.9528904 17.497927 2.0193927
-2.9528887 17.538086 2.0190778
-2.9528875 17.581043 2.0214193
-2.9528856 17.622259 2.0198767
-2.9528847 17.657255 2.0173857
-2.9528832 17.697384 2.0215464
-2.9528816 17.740801 2.0212281
-2.9528801 17.777441 2.0186882
-2.9528787 17.820864 2.0181725
-2.952877 17.864975 2.0226438
-2.9528759 17.903385 2.0200531
-2.9528739 17.942352 2.0174255
-2.952873 17.98189 2.0198889
-2.9528713 18.021997 2.0223701
-2.9528697 18.062706 2.0197015
-2.9528685 18.104021 2.0169928
-2.9528673 18.138906 2.019973
-2.9528656 18.174261 2.0229888
-2.9528644 18.217264 2.0202501
-2.9528625 18.260916 2.0174699
-2.9528611 18.297794 2.0205374
-2.9528599 18.328726 2.0217113
-1.9404078 19.389158 2.0194104
-1.8998886 19.389154 2.0181878
-1.862 19.389153 2.0192723
-1.8181962 19.389149 2.0222304
-1.7815065 19.389145 2.0215466
-1.7421708 19.389141 2.0179429
-1.7013254 19.389135 2.0197315
-1.6600837 19.389132 2.0225987
-1.6191519 19.38913 2.0189755
-1.5795195 19.389128 2.01805
-1.5401683 19.389126 2.0208635
-1.5110399 19.389141 2.0229449
-1.4957367 19.425222 2.021606
-1.4603777 19.433033 2.0236075
-1.4226425 19.433029 2.0163853
-1.3808738 19.433023 2.019455
-1.3397727 19.433025 2.0224755
-1.299776 19.433018 2.0197051
-1.2596083 19.433016 2.0187702
-1.2205112 19.433016 2.0217211
-1.1777898 19.433014 2.0202343
-1.1399806 19.433012 2.0184402
-1.1027875 19.433012 2.0213213
-1.0621331 19.433012 2.0198681
-1.0221794 19.43301 2.0184405
-0.9821685 19.433004 2.0205464
-0.94049126 19.433004 2.0204494
-0.8988331 19.432995 2.0193603
-0.86843908 19.432997 2.0201418
-2.9529431 16.025618 2.0611892
-2.9529421 16.061575 2.0588422
-2.9529417 16.10112 2.0609775
-2.9529407 16.141117 2.0592568
-2.9529388 16.179911 2.0607579
-2.9529359 16.218155 2.0592215
-2.9529347 16.259144 2.060796
-2.9529343 16.299067 2.0592265
-2.9529333 16.34234 2.060287
-2.9529314 16.380478 2.0598493
-2.9529285 16.422354 2.0602994
-2.9529274 16.461794 2.0604358
-2.9529266 16.501629 2.0594366
-2.9529262 16.539444 2.0603733
-2.9529238 16.580256 2.0597804
-2.9529221 16.621378 2.0597765
-2.9529209 16.662628 2.0609918
-2.952919 16.701189 2.0579946
-2.9529185 16.739859 2.0619924
-2.9529161 16.780497 2.0598197
-2.952915 16.820946 2.0591114
-2.9529133 16.862867 2.0617151
-2.9529119 16.900967 2.0588956
-2.9529111 16.939394 2.0593047
-2.952909 16.979235 2.0614674
-2.9529073 17.019444 2.0585678
-2.9529064 17.060347 2.059875
-2.9529045 17.097353 2.0615332
-2.9529035 17.138927 2.0593374
-2.9529016 17.182854 2.0598989
-2.9529002 17.222664 2.0606239
-2.9528997 17.261581 2.0588884
-2.9528966 17.301947 2.0606117
-2.9528961 17.343918 2.0591154
-2.9528952 17.379503 2.059938
-2.952893 17.415642 2.0607791
-2.9528921 17.459637 2.0592403
-2.9528906 17.498775 2.0584733
-2.9528887 17.535599 2.061058
-2.9528875 17.582048 2.0607066
-2.9528859 17.622259 2.0581455
-2.9528847 17.658159 2.0577161
-2.952883 17.698708 2.0629871
-2.9528816 17.740803 2.060385
-2.9528801 17.777441 2.05812
-2.952879 17.821232 2.0592237
-2.952877 17.864975 2.062731
-2.9528759 17.903385 2.0604286
-2.9528742 17.942352 2.0580931
-2.952873 17.98068 2.0571952
-2.9528713 18.022001 2.0636346
-2.9528697 18.062706 2.0612707
-2.9528685 18.104021 2.0588717
-2.952867 18.138908 2.0568457
-2.9528656 18.174263 2.0600934
-2.9528644 18.217262 2.0629778
-2.9528627 18.260916 2.0605242
-2.9528615 18.297794 2.0584517
-2.9528599 18.326582 2.0591705
-1.9404078 19.389158 2.0574427
-1.9009074 19.389154 2.0597966
-1.862 19.389151 2.062115
-1.8194512 19.389147 2.0609763
-1.7794609 19.389145 2.0579276
-1.7432282 19.389141 2.0587173
-1.7013254 19.389135 2.0612974
-1.6611053 19.389132 2.0627458
-1.6184782 19.38913 2.0571978
-1.5795197 19.389128 2.0586476
-1.5401684 19.389126 2.0611491
-1.5110399 19.389141 2.0629992
-1.4957368 19.42522 2.0618088
-1.4603776 19.433033 2.0635879
-1.4226425 19.433029 2.0560663
-1.3808738 19.433023 2.058804
-1.3397727 19.433025 2.0614979
-1.2981595 19.43302 2.0620325
-1.2596083 19.433018 2.0571558
-1.2205113 19.433016 2.0597959
-1.1769874 19.433014 2.0616162
-1.1406376 19.433014 2.0595274
-1.1027876 19.433012 2.0584612
-1.0621331 19.43301 2.0612874
-1.0221792 19.433008 2.0595024
-0.98397118 19.433006 2.0597332
-0.94049114 19.433006 2.060781
-0.89883304 19.432993 2.0593195
-0.86900812 19.432995 2.0614812
-2.9529431 16.025618 2.1006472
-2.9529421 16.061575 2.0987051
-2.9529417 16.101118 2.101284
-2.9529407 16.141125 2.0985529
-2.9529386 16.180338 2.1014295
-2.9529357 16.219116 2.0989397
-2.9529347 16.259924 2.1006327
-2.9529343 16.30007 2.0998127
-2.9529335 16.341352 2.0996122
-2.9529316 16.381779 2.1004186
-2.9529288 16.420712 2.1003802
-2.9529271 16.463217 2.0994012
-2.9529266 16.500597 2.1003659
-2.9529262 16.540289 2.1006639
-2.952924 16.580822 2.0986996
-2.9529219 16.620104 2.1013107
-2.9529204 16.662628 2.0998402
-2.952919 16.701786 2.0980711
-2.9529183 16.740471 2.1024334
-2.9529166 16.780497 2.0997715
-2.9529145 16.820601 2.0977795
-2.9529128 16.862867 2.1024384
-2.9529119 16.900967 2.0999763
-2.9529111 16.939045 2.0982094
-2.9529092 16.980221 2.1013646
-2.9529078 17.019442 2.1007581
-2.9529066 17.060349 2.098191
-2.9529047 17.097351 2.1001608
-2.9529035 17.140509 2.1011066
-2.9529018 17.182856 2.0992475
-2.9529002 17.221024 2.100039
-2.9528995 17.261581 2.0989006
-2.9528968 17.301947 2.1009643
-2.9528961 17.342188 2.0995452
-2.9528944 17.379503 2.1009445
-2.952893 17.416582 2.0987914
-2.9528921 17.460497 2.0999012
-2.9528906 17.497137 2.100116
-2.9528885 17.53684 2.1012149
-2.9528875 17.582048 2.0986748
-2.9528856 17.623152 2.0982084
-2.9528847 17.656416 2.1006901
-2.9528832 17.698708 2.1018291
-2.9528818 17.740801 2.0995424
-2.9528801 17.777441 2.0975516
-2.9528787 17.820864 2.1001744
-2.952877 17.864975 2.1028187
-2.9528754 17.903385 2.1008041
-2.9528742 17.94235 2.0987604
-2.952873 17.981888 2.0966868
-2.9528716 18.023346 2.1017396
-2.9528697 18.062706 2.1028402
-2.9528687 18.104021 2.1007504
-2.9528673 18.138908 2.0989859
-2.9528656 18.174263 2.0971975
-2.9528644 18.217262 2.100364
-2.9528625 18.262247 2.1020498
-2.9528613 18.297794 2.1017826
-2.9528601 18.327654 2.1003284
-1.9404078 19.389158 2.1009078
-1.9009074 19.389154 2.102948
-1.8620001 19.389153 2.0996015
-1.8171086 19.389149 2.0977197
-1.780435 19.389145 2.0986207
-1.7432284 19.389141 2.100616
-1.7013257 19.389135 2.1028633
-1.6600865 19.389132 2.0999286
-1.6194865 19.38913 2.0970235
-1.5795196 19.389128 2.099246
-1.5401684 19.389126 2.1014345
-1.5110399 19.389141 2.1030533
-1.4957368 19.42522 2.1020117
-1.4603776 19.433033 2.1035686
-1.4234695 19.433029 2.097162
-1.3808738 19.433023 2.0981526
-1.3397727 19.433025 2.1005201
-1.2993731 19.43302 2.1028473
-1.2602991 19.433018 2.0992916
-1.2205112 19.433016 2.0978708
-1.1777923 19.433014 2.1004164
-1.1392462 19.433014 2.1013405
-1.1027876 19.433012 2.1002431
-1.0621331 19.43301 2.098104
-1.0221794 19.433008 2.1005638
-0.98189247 19.433006 2.1000991
-0.94114864 19.433004 2.1004555
-0.89883298 19.432995 2.0992787
-0.86900824 19.432997 2.1011741
-2.9529431 16.025616 2.1401055
-2.9529421 16.061575 2.1385677
-2.9529419 16.101118 2.1415915
-2.9529407 16.141554 2.1388645
-2.9529386 16.180187 2.1403227
-2.9529357 16.219114 2.140573
-2.9529347 16.258411 2.1390314
-2.952934 16.301075 2.1404302
-2.9529333 16.341877 2.1396928
-2.9529316 16.380772 2.1401386
-2.9529288 16.422405 2.1396008
-2.9529274 16.46216 2.139957
-2.9529266 16.501085 2.140754
-2.9529259 16.540871 2.1390646
-2.9529243 16.579748 2.1404307
-2.9529219 16.62104 2.1411424
-2.9529209 16.662626 2.1386886
-2.952919 16.701475 2.1395981
-2.9529183 16.740471 2.1420107
-2.9529166 16.780499 2.139724
-2.952915 16.821287 2.1373932
-2.9529126 16.863565 2.1424477
-2.9529119 16.900967 2.1410565
-2.9529111 16.93977 2.1389129
-2.9529092 16.978252 2.1386485
-2.9529078 17.020618 2.1414225
-2.9529064 17.060347 2.1407642
-2.9529045 17.097351 2.1387887
-2.9529035 17.138819 2.1398785
-2.9529018 17.18371 2.1398411
-2.9529002 17.221889 2.1409576
-2.9528995 17.261581 2.1389127
-2.9528971 17.301945 2.1413169
-2.9528961 17.343006 2.1392403
-2.9528949 17.38031 2.1391096
-2.9528928 17.416584 2.1401098
-2.9528921 17.458683 2.1412928
-2.9528904 17.497927 2.1407392
-2.9528887 17.53684 2.138844
-2.9528875 17.583055 2.1379938
-2.9528859 17.621431 2.1408768
-2.9528847 17.657255 2.1426122
-2.9528835 17.698708 2.1406713
-2.9528816 17.740803 2.1386998
-2.9528801 17.777441 2.1369834
-2.952879 17.820866 2.1399314
-2.952877 17.864975 2.1429067
-2.9528761 17.903385 2.1411793
-2.9528742 17.94235 2.1394279
-2.952873 17.981888 2.1376505
-2.9528711 18.020775 2.1373122
-2.9528697 18.063948 2.1429422
-2.9528685 18.104021 2.1426294
-2.952867 18.138908 2.1411262
-2.9528658 18.174263 2.1396029
-2.9528644 18.217262 2.1377504
-2.9528625 18.259451 2.1391656
-2.9528611 18.297794 2.1396971
-2.9528599 18.328726 2.1415086
-1.9417208 19.389158 2.1405582
-1.9009073 19.389154 2.1407056
-1.862 19.389154 2.1370888
-1.8181963 19.389149 2.1390898
-1.7804351 19.389145 2.140815
-1.7432284 19.389141 2.1425145
-1.7028103 19.389139 2.1421387
-1.6590594 19.389132 2.1370864
-1.6194863 19.38913 2.1379387
-1.5795197 19.389128 2.1398439
-1.5401684 19.389126 2.1417198
-1.5110399 19.389141 2.1431074
-1.4957368 19.425222 2.1422148
-1.4603777 19.433033 2.143549
-1.4226425 19.433029 2.1379147
-1.3808738 19.433025 2.1375015
-1.3397725 19.433025 2.1395426
-1.2993731 19.433018 2.1415486
-1.258836 19.433016 2.142154
-1.2216349 19.433016 2.1389971
-1.1777923 19.433014 2.1381516
-1.1399806 19.433014 2.1401043
-1.1027877 19.433012 2.142025
-1.062133 19.433012 2.1395223
-1.0232121 19.43301 2.1399884
-0.98290884 19.433004 2.1391687
-0.93972868 19.433006 2.1405919
-0.8988331 19.432993 2.1392379
-0.86900812 19.432995 2.1408663
-2.9529431 16.025618 2.1795642
-2.9529421 16.061575 2.1784303
-2.9529417 16.101118 2.1818981
-2.9529407 16.141554 2.179626
-2.9529383 16.179209 2.1785223
-2.9529357 16.219875 2.1813009
-2.9529347 16.259142 2.1800313
-2.952934 16.299093 2.1792295
-2.9529335 16.342402 2.1797898
-2.9529319 16.381306 2.1806378
-2.9529288 16.420757 2.1796482
-2.9529271 16.462658 2.1800685
-2.9529266 16.501629 2.1789255
-2.9529262 16.539772 2.1804066
-2.9529235 16.580256 2.1816261
-2.9529216 16.62104 2.179601
-2.9529209 16.66263 2.1775365
-2.9529192 16.700323 2.1817679
-2.9529183 16.740471 2.1815879
-2.9529169 16.780497 2.1796763
-2.9529145 16.821289 2.1777277
-2.952913 16.863234 2.1806905
-2.9529119 16.900969 2.1821375
-2.9529111 16.93977 2.180357
-2.952909 16.979237 2.1785455
-2.9529076 17.018213 2.1790626
-2.9529064 17.061157 2.1802998
-2.9529042 17.097351 2.1817088
-2.9529035 17.139721 2.1798432
-2.9529021 17.182091 2.1789017
-2.9529002 17.221889 2.1806352
-2.9528995 17.26158 2.178925
-2.9528968 17.30275 2.1806948
-2.9528959 17.343008 2.179939
-2.9528947 17.37875 2.1797373
-2.952893 17.416582 2.1814289
-2.9528921 17.459639 2.1796546
-2.9528902 17.497927 2.1780767
-2.9528887 17.538088 2.1790404
-2.9528878 17.581148 2.1803949
-2.9528859 17.622259 2.1825199
-2.9528847 17.657255 2.1811435
-2.9528832 17.698709 2.1795127
-2.9528816 17.740801 2.1778569
-2.9528801 17.777441 2.1764154
-2.9528787 17.820492 2.1808703
-2.952877 17.864975 2.1829941
-2.9528761 17.903385 2.181555
-2.9528739 17.94235 2.1800952
-2.952873 17.981888 2.1786139
-2.9528713 18.021999 2.1771109
-2.9528699 18.06134 2.1787589
-2.9528682 18.10541 2.1813216
-2.9528673 18.138908 2.1832664
-2.9528658 18.174263 2.182008
-2.9528644 18.217262 2.1804776
-2.9528627 18.260916 2.1789238
-2.9528613 18.297794 2.1776114
-2.9528601 18.326582 2.1789229
-1.9392698 19.389158 2.1781051
-1.9009075 19.389154 2.1784627
-1.862 19.389153 2.1799312
-1.8181962 19.389147 2.1815844
-1.780435 19.389145 2.1830094
-1.7447369 19.389143 2.1821163
-1.6998411 19.389135 2.1778934
-1.6600837 19.389132 2.1772418
-1.6194866 19.38913 2.1788545
-1.5795195 19.389128 2.1804421
-1.5401684 19.389126 2.1820052
-1.5110399 19.389141 2.1831617
-1.4957368 19.42522 2.1824179
-1.4603776 19.433033 2.1835294
-1.4229169 19.433029 2.1788981
-1.3808738 19.433023 2.1768503
-1.3397727 19.433025 2.1785645
-1.2993731 19.433018 2.1802497
-1.2596084 19.433016 2.1819084
-1.2193364 19.433016 2.1814306
-1.1784967 19.433014 2.1797905
-1.1399807 19.433014 2.1775393
-1.1027877 19.433012 2.1791644
-1.0621331 19.43301 2.1809411
-1.0210998 19.433008 2.1806657
-0.98290873 19.433006 2.1798797
-0.94158179 19.433004 2.1804502
-0.8988331 19.432995 2.1791968
-0.86900824 19.432997 2.1805594
-2.9529431 16.025618 2.2190228
-2.9529421 16.061575 2.2182925
-2.9529417 16.10112 2.2222042
-2.9529407 16.141554 2.220387
-2.952939 16.179913 2.2186623
-2.9529359 16.218292 2.2192848
-2.9529347 16.259876 2.221055
-2.9529343 16.30007 2.2203505
-2.9529333 16.341412 2.2190845
-2.9529316 16.381306 2.2204721
-2.952929 16.421556 2.2187762
-2.9529271 16.462656 2.220741
-2.9529266 16.500597 2.2198236
-2.9529259 16.540287 2.221312
-2.9529238 16.580254 2.2197027
-2.9529219 16.62104 2.2180595
-2.9529209 16.663155 2.2195818
-2.952919 16.701191 2.2226737
-2.9529183 16.740467 2.2211649
-2.9529161 16.780497 2.2196281
-2.9529147 16.821287 2.2180622
-2.9529133 16.861771 2.2179282
-2.9529116 16.901644 2.2223313
-2.9529111 16.93977 2.2218008
-2.9529092 16.979237 2.2203591
-2.9529078 17.019444 2.2188904
-2.9529066 17.059622 2.2183216
-2.9529042 17.097351 2.2203369
-2.9529033 17.140629 2.2198322
-2.9529018 17.182856 2.2216659
-2.9529002 17.221889 2.2203131
-2.9528995 17.26158 2.2189374
-2.9528971 17.301048 2.2207377
-2.9528961 17.343006 2.2206376
-2.9528944 17.379501 2.2194071
-2.952893 17.416582 2.2181568
-2.9528921 17.460846 2.219243
-2.9528906 17.497925 2.2200811
-2.9528887 17.535595 2.2209415
-2.9528875 17.582048 2.2220697
-2.9528859 17.622259 2.220789
-2.9528847 17.657255 2.2196748
-2.9528832 17.698708 2.2183547
-2.9528816 17.740801 2.2170141
-2.9528801 17.777441 2.2158473
-2.9528787 17.819759 2.2229803
-2.952877 17.864977 2.2230818
-2.9528759 17.903385 2.2219307
-2.9528742 17.942352 2.2207627
-2.952873 17.981888 2.2195776
-2.9528711 18.021999 2.2183754
-2.9528697 18.062706 2.2171555
-2.952868 18.10276 2.2173862
-2.9528668 18.138908 2.2201388
-2.9528658 18.175686 2.2211969
-2.9528644 18.21726 2.2232049
-2.9528625 18.260916 2.2219784
-2.9528615 18.297794 2.220942
-2.9528604 18.327654 2.2201033
-1.9404078 19.389158 2.2204373
-1.9009074 19.389158 2.2216144
-1.8620002 19.389154 2.2227736
-1.8197479 19.389147 2.2217603
-1.780435 19.389145 2.2199295
-1.7417196 19.389143 2.2181344
-1.7013257 19.389137 2.2171693
-1.6600837 19.389132 2.2184796
-1.6194862 19.38913 2.21977
-1.5795195 19.389128 2.22104
-1.5401684 19.389126 2.2222908
-1.5110399 19.389141 2.2232158
-1.495737 19.425222 2.2226207
-1.4603776 19.433033 2.22351
-1.4216021 19.433031 2.221992
-1.3808738 19.433023 2.2161994
-1.3397727 19.433025 2.2175872
-1.2993733 19.43302 2.2189515
-1.2596083 19.433016 2.220294
-1.2205112 19.433016 2.2216139
-1.1769873 19.433014 2.2219646
-1.1399806 19.433012 2.2196538
-1.10347 19.433012 2.2201521
-1.0621331 19.43301 2.2177577
-1.0221794 19.43301 2.2191861
-0.98290873 19.433004 2.2205901
-0.93931675 19.433004 2.2204306
-0.8988331 19.432993 2.2191558
-0.86900812 19.432995 2.2202518
-2.9529431 16.025616 2.258481
-2.9529421 16.061575 2.2581549
-2.9529417 16.101118 2.262512
-2.9529409 16.141554 2.2611485
-2.9529393 16.179911 2.2598548
-2.9529357 16.219116 2.258533
-2.9529347 16.258366 2.2594051
-2.9529343 16.300068 2.2593486
-2.9529333 16.341877 2.2615626
-2.9529321 16.381304 2.2603066
-2.9529288 16.421558 2.2590253
-2.9529271 16.462656 2.2614141
-2.9529266 16.501085 2.2602262
-2.9529259 16.540287 2.2590146
-2.9529238 16.580256 2.2577794
-2.9529214 16.621572 2.2598014
-2.9529204 16.662041 2.2621267
-2.9529192 16.701189 2.261883
-2.9529183 16.740471 2.2607429
-2.9529166 16.780497 2.2595806
-2.952915 16.821289 2.2583961
-2.9529135 16.862869 2.257189
-2.9529121 16.900219 2.259007
-2.9529111 16.940903 2.2617767
-2.9529092 16.979237 2.2621727
-2.952908 17.019442 2.2610807
-2.9529064 17.060347 2.2599697
-2.9529045 17.097351 2.2589645
-2.9529035 17.138926 2.2585604
-2.9529018 17.182856 2.261014
-2.9529002 17.221888 2.2599907
-2.9528995 17.261581 2.2589498
-2.9528971 17.302847 2.2591906
-2.9528961 17.343008 2.2613363
-2.9528949 17.379503 2.2604134
-2.9528928 17.416582 2.2594757
-2.9528921 17.458431 2.2604799
-2.9528904 17.497927 2.2620859
-2.9528887 17.536842 2.2611384
-2.9528875 17.58205 2.2600372
-2.9528856 17.622259 2.259058
-2.9528847 17.657255 2.2582057
-2.952883 17.698709 2.2571964
-2.9528818 17.740803 2.2561712
-2.9528804 17.778318 2.2587826
-2.9528785 17.820864 2.2641609
-2.952877 17.864973 2.2631693
-2.9528759 17.903385 2.2623062
-2.9528742 17.942352 2.26143
-2.952873 17.981888 2.2605412
-2.9528711 18.021999 2.2596397
-2.9528697 18.062706 2.2587247
-2.9528685 18.104021 2.2577956
-2.952867 18.138906 2.2570119
-2.9528658 18.172968 2.2576954
-2.9528644 18.217262 2.2605913
-2.9528627 18.260916 2.2596509
-2.9528611 18.297794 2.2588563
-2.9528601 18.328726 2.2613053
-1.9417208 19.389158 2.2601168
-1.9009075 19.389153 2.259372
-1.862 19.389151 2.2602606
-1.8166447 19.389145 2.2582672
-1.7804351 19.389145 2.2568493
-1.7432284 19.389141 2.2577362
-1.7013255 19.389135 2.2587349
-1.6600837 19.389132 2.2597179
-1.6194863 19.38913 2.2606854
-1.5795195 19.389128 2.2616382
-1.5401684 19.389126 2.2625761
-1.5110399 19.389141 2.2632701
-1.4957367 19.425222 2.2628236
-1.4603777 19.433033 2.2634907
-1.4226425 19.433029 2.26439
-1.3821301 19.433023 2.2577579
-1.3397729 19.433025 2.2566094
-1.2993733 19.433018 2.2576528
-1.2596083 19.433018 2.2586794
-1.2205112 19.433016 2.2596889
-1.1777924 19.433014 2.260792
-1.1399806 19.433014 2.2617683
-1.1020077 19.433012 2.2616475
-1.0621331 19.433012 2.2591763
-1.0221791 19.433008 2.2602477
-0.98290879 19.433006 2.2613006
-0.94125718 19.433006 2.2588351
-0.89883298 19.432995 2.2591147
-0.86900824 19.432997 2.2599447
-2.9529431 16.025618 2.2979398
-2.9529424 16.061167 2.2974806
-2.9529417 16.101118 2.3028183
-2.9529407 16.141554 2.3019097
-2.9529393 16.179911 2.3010473
-2.9529359 16.219116 2.3001661
-2.9529347 16.259144 2.2992663
-2.9529343 16.300072 2.2983463
-2.9529333 16.341877 2.3009911
-2.9529316 16.381306 2.3001418
-2.952929 16.421558 2.2992747
-2.9529274 16.462656 2.2983892
-2.9529266 16.501841 2.2999494
-2.9529259 16.540291 2.3004875
-2.9529243 16.580256 2.2996635
-2.9529219 16.620436 2.3019397
-2.9529204 16.662628 2.3018513
-2.9529192 16.701189 2.3010929
-2.9529183 16.740471 2.3003197
-2.9529166 16.780497 2.2995329
-2.9529154 16.821289 2.2987304
-2.9529133 16.862867 2.2979126
-2.9529119 16.900967 2.297163
-2.9529111 16.938585 2.2986884
-2.9529095 16.979237 2.2998054
-2.9529076 17.020304 2.3000445
-2.9529066 17.06035 2.3025432
-2.9529045 17.097353 2.3018844
-2.9529035 17.139721 2.3011305
-2.9529023 17.182858 2.3003628
-2.9529002 17.221889 2.2996686
-2.9528995 17.261581 2.2989621
-2.9528968 17.301144 2.2992048
-2.9528961 17.343006 2.3020351
-2.9528944 17.379501 2.30142
-2.952893 17.416582 2.3007946
-2.9528921 17.459641 2.3000686
-2.9528904 17.497927 2.299423
-2.9528887 17.536842 2.2987671
-2.9528875 17.58205 2.2980051
-2.9528859 17.622259 2.2973273
-2.9528847 17.657255 2.2967372
-2.9528835 17.698708 2.2960382
-2.9528813 17.740803 2.3002236
-2.9528804 17.776497 2.3026917
-2.9528787 17.820866 2.3039181
-2.952877 17.864975 2.303257
-2.9528759 17.903385 2.3026817
-2.9528742 17.94235 2.3020978
-2.952873 17.981888 2.3015051
-2.9528711 18.021999 2.300904
-2.9528697 18.062706 2.3002937
-2.9528685 18.104021 2.2996747
-2.9528673 18.138908 2.2991521
-2.9528656 18.174263 2.2986221
-2.9528644 18.217262 2.2979777
-2.9528625 18.260916 2.2973235
-2.9528613 18.297794 2.296771
-2.9528604 18.326582 2.2986758
-1.9392698 19.389158 2.2976098
-1.9009075 19.389158 2.2971296
-1.8620001 19.389151 2.2977476
-1.8181963 19.389147 2.2984438
-1.7804351 19.389145 2.2990434
-1.7432283 19.389141 2.2996345
-1.7013257 19.389133 2.3003011
-1.6600837 19.389132 2.300956
-1.6194865 19.38913 2.3016009
-1.5795195 19.389128 2.3022366
-1.5401683 19.389126 2.3028615
-1.5110402 19.389141 2.3033242
-1.4957368 19.425222 2.3030267
-1.4603777 19.433033 2.3034713
-1.4226425 19.433029 2.3040709
-1.3796721 19.433025 2.3015521
-1.3407789 19.433023 2.2983291
-1.2993731 19.433018 2.2963538
-1.2596084 19.433018 2.2970648
-1.2205112 19.433016 2.2977638
-1.1777923 19.433014 2.2985275
-1.1399806 19.433014 2.2992034
-1.1027877 19.433012 2.2998683
-1.062133 19.43301 2.3005953
-1.0221794 19.433008 2.3013089
-0.98290884 19.433004 2.302011
-0.93983084 19.433002 2.2989211
-0.8988331 19.432993 2.2990744
-0.86900818 19.432995 2.2996371
-2.9529431 16.025616 2.3373976
-2.9529421 16.061575 2.336926
-2.9529417 16.101536 2.3427134
-2.9529407 16.141554 2.3426712
-2.9529386 16.179911 2.3422399
-2.9529357 16.219116 2.3417993
-2.9529347 16.259144 2.3413496
-2.9529343 16.300072 2.3408895
-2.9529333 16.341875 2.3404195
-2.9529319 16.381306 2.3399761
-2.9529288 16.421558 2.339524
-2.9529274 16.462656 2.3390622
-2.9529266 16.500301 2.3407171
-2.9529259 16.540289 2.34196
-2.9529238 16.580254 2.341548
-2.9529216 16.62104 2.3411276
-2.9529204 16.662628 2.3406992
-2.9529192 16.701189 2.3403022
-2.9529183 16.740471 2.3398972
-2.9529161 16.780497 2.3394852
-2.9529154 16.821291 2.3390646
-2.9529133 16.862867 2.3386364
-2.9529119 16.900967 2.3382437
-2.9529111 16.93977 2.3378441
-2.952909 16.979237 2.3374372
-2.9529083 17.01869 2.3377368
-2.9529066 17.060349 2.3408589
-2.9529047 17.097349 2.3405125
-2.9529037 17.139721 2.3401158
-2.9529018 17.182856 2.3397117
-2.9529002 17.221889 2.3393462
-2.9528995 17.26158 2.3389742
-2.9528971 17.301947 2.3385963
-2.9528961 17.343006 2.3382115
-2.9528944 17.379503 2.3378699
-2.952893 17.416582 2.3375223
-2.9528921 17.459641 2.3371196
-2.9528906 17.497927 2.3367605
-2.9528887 17.536842 2.3410995
-2.9528878 17.58205 2.3407187
-2.9528856 17.622259 2.3403795
-2.9528847 17.657255 2.3400843
-2.9528832 17.698709 2.3397355
-2.9528816 17.740801 2.3442752
-2.9528806 17.777441 2.3440006
-2.952879 17.820866 2.3436754
-2.9528773 17.864977 2.3433447
-2.9528759 17.903385 2.3430572
-2.9528742 17.942352 2.3427649
-2.952873 17.981888 2.3424687
-2.9528711 18.021999 2.3421683
-2.9528697 18.062706 2.3418634
-2.9528687 18.104021 2.3415534
-2.9528673 18.138908 2.3412921
-2.9528658 18.174263 2.3410273
-2.9528644 18.217264 2.3407052
-2.9528625 18.260916 2.340378
-2.9528613 18.297794 2.3401015
-2.9528601 18.327654 2.3398778
-1.9404078 19.389158 2.339967
-1.9009075 19.389154 2.3402808
-1.862 19.389153 2.34059
-1.8181963 19.389147 2.3409379
-1.7804351 19.389145 2.341238
-1.7432284 19.389141 2.3415337
-1.7013257 19.389135 2.3418667
-1.6600837 19.389132 2.3421943
-1.6194866 19.38913 2.3425164
-1.5795195 19.389128 2.3428345
-1.5401684 19.389126 2.3431468
-1.5110401 19.389141 2.3433781
-1.4957366 19.425222 2.3432293
-1.4603776 19.433033 2.3434517
-1.4226425 19.433029 2.3437514
-1.3808739 19.433025 2.3440838
-1.3387666 19.433023 2.341713
-1.2993733 19.433018 2.3398931
-1.2596081 19.433016 2.3402486
-1.2205112 19.433016 2.3405981
-1.1777923 19.433014 2.3409798
-1.1407168 19.433014 2.3380108
-1.1027876 19.433012 2.337008
-1.0621331 19.43301 2.3374114
-1.0221794 19.433006 2.3378084
-0.98290884 19.433004 2.3381982
-0.94049114 19.433004 2.3386197
-0.8988331 19.432995 2.3390336
-0.8690083 19.432997 2.3393295
-2.9529431 16.025618 2.3801439
-2.9529421 16.060942 2.3778429
-2.9529417 16.100639 2.3795168
-2.9529407 16.14155 2.3800354
-2.9529383 16.179913 2.3799999
-2.9529362 16.219116 2.3799629
-2.9529347 16.259146 2.3799255
-2.9529343 16.30007 2.3798873
-2.9529331 16.341875 2.3798482
-2.9529312 16.381306 2.379811
-2.952929 16.421558 2.3797734
-2.9529274 16.462658 2.3797348
-2.9529266 16.501085 2.379699
-2.9529262 16.540289 2.379662
-2.9529238 16.580256 2.3796248
-2.9529219 16.621038 2.3795865
-2.9529204 16.662628 2.3795474
-2.952919 16.701189 2.3795114
-2.9529183 16.740469 2.3794746
-2.9529166 16.780495 2.3794372
-2.9529154 16.821287 2.3793993
-2.9529128 16.862865 2.37936
-2.9529119 16.90097 2.3793244
-2.9529111 16.93977 2.379288
-2.9529095 16.979237 2.379251
-2.952908 17.019444 2.3792133
-2.9529068 17.060349 2.3791749
-2.9529045 17.097351 2.3791404
-2.9529037 17.139721 2.3791008
-2.9529021 17.182856 2.3790605
-2.9529002 17.221888 2.3790238
-2.9528995 17.26158 2.3789868
-2.9528968 17.301945 2.3789487
-2.9528961 17.343006 2.3789103
-2.9528952 17.379503 2.3788762
-2.9528928 17.416582 2.3788416
-2.9528921 17.459641 2.3788009
-2.9528906 17.497925 2.3787653
-2.9528887 17.53684 2.3834324
-2.9528875 17.58205 2.3834324
-2.9528859 17.622261 2.3834324
-2.9528847 17.657255 2.3834321
-2.9528832 17.698711 2.3834324
-2.9528816 17.740801 2.3834324
-2.9528806 17.777441 2.3834321
-2.9528785 17.820864 2.3834326
-2.952877 17.864975 2.3834324
-2.9528761 17.903385 2.3834324
-2.9528744 17.942352 2.3834324
-2.952873 17.981888 2.3834321
-2.9528713 18.021999 2.3834324
-2.9528697 18.062706 2.3834324
-2.9528685 18.104021 2.3834326
-2.952867 18.138908 2.3834324
-2.9528658 18.174265 2.3834324
-2.9528644 18.217262 2.3834324
-2.9528627 18.260916 2.3834324
-2.9528615 18.297794 2.3834324
-2.9528604 18.327654 2.3834324
-1.9404078 19.389158 2.3834321
-1.9009074 19.389158 2.3834321
-1.862 19.389154 2.3834324
-1.8181963 19.389149 2.3834324
-1.780435 19.389145 2.3834324
-1.7432282 19.389141 2.3834324
-1.7013257 19.389135 2.3834321
-1.6600837 19.389132 2.3834324
-1.6194865 19.38913 2.3834321
-1.5795195 19.389128 2.3834324
-1.5401683 19.389126 2.3834326
-1.5110401 19.389141 2.3834324
-1.4957366 19.425222 2.3834321
-1.4603776 19.433033 2.3834326
-1.4226425 19.433029 2.3834324
-1.3808739 19.433023 2.3834321
-1.3397727 19.433025 2.3834324
-1.2993733 19.433018 2.3834324
-1.2596083 19.433016 2.3834324
-1.2205112 19.433016 2.3834324
-1.1777923 19.433014 2.3834324
-1.1393219 19.433014 2.3797414
-1.1027877 19.433012 2.3787899
-1.0621331 19.433012 2.3788302
-1.0221794 19.433012 2.37887
-0.98290879 19.433006 2.3789086
-0.94049126 19.433002 2.3789513
-0.8988331 19.432993 2.3789921
-0.86900818 19.432995 2.3790219
-2.9529433 16.02562 2.4228904
-2.9529421 16.061573 2.4199662
-2.9529417 16.101118 2.4170215
-2.9529407 16.141556 2.4174006
-2.9529393 16.179913 2.4177599
-2.9529359 16.219116 2.4181266
-2.9529347 16.259144 2.4185019
-2.9529343 16.300072 2.418885
-2.9529335 16.341875 2.4192762
-2.9529316 16.381304 2.419646
-2.9529288 16.421558 2.420023
-2.9529274 16.462656 2.4204078
-2.9529266 16.501085 2.4207675
-2.9529262 16.539307 2.4194071
-2.9529235 16.580254 2.4177015
-2.9529219 16.62104 2.4180453
-2.9529204 16.662628 2.418396
-2.952919 16.701189 2.418721
-2.9529183 16.740469 2.4190519
-2.9529166 16.780497 2.4193892
-2.9529157 16.821287 2.419733
-2.9529135 16.862867 2.420084
-2.9529119 16.900969 2.4204049
-2.9529111 16.93977 2.420732
-2.952909 16.979237 2.4210649
-2.9529073 17.019442 2.4214034
-2.9529064 17.060349 2.4217484
-2.9529045 17.097351 2.4220605
-2.9529037 17.139721 2.4224174
-2.9529023 17.182856 2.4184091
-2.9529002 17.221889 2.4187016
-2.9528995 17.261581 2.418999
-2.9528971 17.301943 2.419301
-2.9528959 17.343008 2.4196091
-2.9528949 17.379503 2.4198825
-2.952893 17.41658 2.4201605
-2.9528921 17.459637 2.4204829
-2.9528904 17.497927 2.4207699
-2.9528887 17.53684 2.4210613
-2.9528875 17.582048 2.4214001
-2.9528859 17.622261 2.4217014
-2.9528847 17.657255 2.4219637
-2.9528835 17.698708 2.4222741
-2.9528816 17.740803 2.4225895
-2.9528806 17.777441 2.4228642
-2.9528785 17.820866 2.4231896
-2.952877 17.864977 2.4235198
-2.9528761 17.903387 2.4238079
-2.9528744 17.942352 2.4240997
-2.952873 17.981888 2.424396
-2.9528713 18.021997 2.4195387
-2.9528699 18.062706 2.4198055
-2.9528685 18.104021 2.4200761
-2.9528673 18.138906 2.420305
-2.9528658 18.174263 2.420537
-2.9528644 18.217262 2.4208188
-2.9528627 18.260916 2.4211051
-2.9528615 18.297794 2.4213469
-2.9528606 18.327654 2.4215426
-1.9404078 19.389158 2.4214644
-1.9009075 19.389153 2.4211898
-1.862 19.389151 2.4209194
-1.8181963 19.389147 2.420615
-1.780435 19.389145 2.4203522
-1.7432283 19.389143 2.4200938
-1.7013258 19.389135 2.4198024
-1.6589049 19.389132 2.4210887
-1.6194866 19.38913 2.4243481
-1.5795195 19.389128 2.4240305
-1.5401683 19.389126 2.4237175
-1.5110401 19.389141 2.4234865
-1.4957365 19.425224 2.4236352
-1.4603776 19.433033 2.4234126
-1.4226425 19.433029 2.4231131
-1.3808739 19.433023 2.4227815
-1.3397729 19.433025 2.4224548
-1.2993733 19.43302 2.4221334
-1.2596083 19.433018 2.4218178
-1.2205112 19.433016 2.4215071
-1.1777923 19.433014 2.4211679
-1.1399807 19.433014 2.4208674
-1.1027877 19.433012 2.4205723
-1.062133 19.43301 2.420249
-1.0221794 19.43301 2.4199314
-0.98290884 19.433004 2.4196193
-0.9404912 19.433006 2.4192822
-0.89883298 19.432995 2.4189515
-0.86900812 19.432997 2.4187148
-2.9529431 16.02562 2.4623492
-2.9529424 16.061575 2.4612515
-2.9529417 16.101118 2.4573288
-2.9529407 16.141554 2.4581621
-2.9529397 16.179913 2.458952
-2.9529362 16.219114 2.45976
-2.9529347 16.259144 2.4605849
-2.9529343 16.300072 2.4614282
-2.9529333 16.341064 2.4600286
-2.9529314 16.381306 2.4594803
-2.9529293 16.421558 2.4602723
-2.9529278 16.462656 2.4610808
-2.9529266 16.501085 2.4618363
-2.9529262 16.541271 2.4605649
-2.952924 16.580252 2.4595859
-2.9529219 16.620504 2.4597874
-2.9529204 16.662628 2.4572439
-2.9529192 16.701187 2.4579301
-2.9529183 16.740469 2.4586298
-2.9529166 16.780499 2.4593418
-2.952915 16.821289 2.4600677
-2.9529135 16.862869 2.4608078
-2.9529119 16.900969 2.4614854
-2.9529111 16.93977 2.4621758
-2.9529092 16.979237 2.4628785
-2.952908 17.019444 2.4593747
-2.9529066 17.060347 2.4600644
-2.9529047 17.097351 2.4606884
-2.9529035 17.139721 2.4614024
-2.9529018 17.182854 2.4577575
-2.9529002 17.221888 2.458379
-2.9528995 17.26158 2.4590111
-2.9528968 17.301945 2.4596539
-2.9528961 17.343006 2.4603076
-2.9528952 17.379505 2.4608889
-2.9528928 17.415739 2.4604959
-2.9528921 17.459639 2.4575336
-2.9528904 17.497927 2.4581072
-2.9528885 17.536842 2.4586904
-2.9528875 17.582048 2.4593682
-2.9528856 17.622259 2.4599705
-2.9528847 17.657255 2.4604948
-2.9528837 17.698708 2.4611161
-2.9528816 17.740801 2.4617469
-2.9528806 17.777441 2.462296
-2.952879 17.820866 2.4629469
-2.952877 17.864975 2.4636075
-2.9528761 17.903385 2.4641831
-2.9528744 17.941044 2.4616942
-2.9528728 17.981886 2.4602392
-2.9528713 18.021999 2.4556448
-2.9528697 18.062706 2.4561787
-2.9528687 18.104021 2.4567201
-2.952867 18.138906 2.4571779
-2.9528656 18.174261 2.4576414
-2.9528644 18.217262 2.458205
-2.952863 18.260916 2.4587774
-2.9528613 18.297796 2.4592612
-2.9528604 18.327654 2.4596527
-1.9404078 19.389158 2.4486301
-1.9009075 19.389153 2.4481595
-1.8619999 19.389153 2.4476957
-1.8181963 19.389147 2.4471738
-1.7804351 19.389145 2.4467239
-1.7432284 19.389141 2.4462805
-1.7013257 19.389137 2.445781
-1.6622726 19.389132 2.4460499
-1.6194865 19.38913 2.4499202
-1.5769068 19.39003 2.4514079
-1.5407743 19.390678 2.4539628
-1.5114838 19.390305 2.4535501
-1.4964423 19.427103 2.4538243
-1.4607787 19.434134 2.4534197
-1.4229299 19.43384 2.4528894
-1.3810422 19.433517 2.4523025
-1.3398577 19.433281 2.4517264
-1.2994314 19.433203 2.4511631
-1.2596421 19.433128 2.450609
-1.2205222 19.433052 2.4500639
-1.1777924 19.433014 2.4494696
-1.1399807 19.433012 2.4489436
-1.1027877 19.433012 2.4484265
-1.062133 19.433008 2.4478614
-1.0221794 19.433002 2.4473059
-0.98290884 19.433002 2.4467597
-0.93845922 19.433664 2.4480669
-0.89904714 19.433979 2.4500501
-0.8691619 19.433727 2.4496009
-1.8469975 19.511856 2.4707174
-1.8194411 19.511906 2.4702804
-1.781271 19.511976 2.4696748
-1.7436541 19.512043 2.4690781
-1.7012929 19.512146 2.4684064
-1.6596605 19.512421 2.4677486
-1.6219381 19.512365 2.4688878
-1.5778532 19.511801 2.4716284
-1.5380071 19.511797 2.4709558
-1.4987645 19.511795 2.470293
-1.4580537 19.511789 2.4739482
-1.422035 19.511787 2.474031
-1.3798852 19.511782 2.4732776
-1.3384051 19.51178 2.4725361
-1.3021158 19.511776 2.4718874
-1.2619286 19.51177 2.471169
-1.2180245 19.51178 2.4703841
-1.179184 19.511847 2.469691
-1.1409833 19.511929 2.4690094
-1.0992277 19.512016 2.4682641
-1.0582135 19.512182 2.4675343
-1.0179393 19.512512 2.4668193
-0.97646976 19.51259 2.4692531
-0.94055754 19.511988 2.4732916
-0.90075099 19.511745 2.4737434
-0.87802631 19.511742 2.4732924
-2.9529431 16.025616 2.5018075
-2.9529421 16.061577 2.5011141
-2.9529417 16.101114 2.4976356
-2.9529412 16.141554 2.4989228
-2.9529397 16.179911 2.500144
-2.9529357 16.219114 2.5013928
-2.9529347 16.258368 2.500447
-2.9529343 16.30007 2.5004256
-2.9529333 16.342642 2.4992068
-2.9529319 16.381306 2.499315
-2.9529288 16.421558 2.5005217
-2.9529276 16.461792 2.4994123
-2.9529266 16.501085 2.4991715
-2.9529262 16.540287 2.5003099
-2.9529238 16.580256 2.5014703
-2.9529216 16.621645 2.5019243
-2.9529204 16.66263 2.4999771
-2.952919 16.701191 2.4971397
-2.9529183 16.740469 2.4982064
-2.9529166 16.780497 2.4992938
-2.9529154 16.821287 2.5004017
-2.9529133 16.862869 2.5015311
-2.9529119 16.900969 2.5025663
-2.9529111 16.938587 2.5013227
-2.9529095 16.979237 2.5005109
-2.952908 17.019444 2.4973457
-2.9529064 17.060349 2.4983804
-2.9529045 17.097351 2.4993167
-2.9529035 17.139721 2.5003877
-2.9529023 17.182856 2.5014787
-2.9529002 17.220795 2.5004745
-2.9528995 17.261581 2.4990234
-2.9528971 17.301945 2.5000067
-2.9528961 17.343006 2.5010064
-2.9528949 17.379501 2.501895
-2.9528928 17.417524 2.5014665
-2.9528921 17.459641 2.4992154
-2.9528906 17.497927 2.5001118
-2.9528887 17.535955 2.5000086
-2.9528875 17.582048 2.4973357
-2.9528859 17.622259 2.4982398
-2.9528847 17.657255 2.4990261
-2.9528832 17.698708 2.499958
-2.9528816 17.740801 2.5009043
-2.9528806 17.777441 2.5017278
-2.9528785 17.820864 2.5027037
-2.952877 17.864975 2.5036955
-2.9528756 17.902212 2.5031528
-2.9528739 17.943541 2.4966753
-2.952873 17.981888 2.4960823
-2.9528713 18.021999 2.4969089
-2.9528697 18.062706 2.4977477
-2.9528687 18.104021 2.4985991
-2.952867 18.138908 2.4993181
-2.9528658 18.174263 2.5000463
-2.9528644 18.217262 2.5009325
-2.9528627 18.260916 2.5018322
-2.9528613 18.297794 2.5025918
-2.9528604 18.327654 2.5032072
-1.979102 19.354671 2.5041847
-1.940468 19.355028 2.502255
-1.9012008 19.355223 2.5014005
-1.8632817 19.355021 2.5020173
-1.8235677 19.354012 2.5049689
-1.7805562 19.354086 2.503988
-1.7382327 19.35416 2.5030229
-1.696582 19.354235 2.5020728
-1.6555876 19.354307 2.5011375
-1.615234 19.354378 2.5002172
-1.5754462 19.354296 2.5043445
-1.5363544 19.35442 2.5034153
-1.497885 19.354612 2.502502
-1.4599963 19.354801 2.5016024
-1.4214079 19.355244 2.4998329
-1.3803653 19.355091 2.5004783
-1.3414357 19.354469 2.502094
-1.3002609 19.354095 2.5025475
-1.2609068 19.354174 2.5015719
-1.2221823 19.354141 2.5052965
-1.1799042 19.3542 2.5042062
-1.1383758 19.354259 2.5031352
-1.0975989 19.354391 2.5020859
-1.057554 19.354618 2.5010562
-1.0182079 19.354874 2.5000458
-0.97953606 19.355152 2.4990528
-0.94045353 19.355268 2.5000453
-0.90006566 19.354025 2.5057123
-0.8596853 19.35409 2.5045903
-1.8482828 19.360241 2.4844098
-1.8212733 19.360741 2.4839089
-1.7839695 19.361568 2.4832199
-1.7426142 19.364006 2.4824829
-1.7020164 19.366755 2.4817657
-1.6613888 19.380146 2.4812376
-1.3334146 19.360308 2.4843032
-1.2981148 19.361027 2.4835811
-1.259294 19.362713 2.4828048
-1.2172489 19.365862 2.4819901
-1.1771789 19.373386 2.4813023
-1.1538632 19.393921 2.4812198
-0.92001992 19.360113 2.4844639
-0.89781266 19.360607 2.4839673
-0.86128694 19.361637 2.4831555
-1.6222147 19.420559 2.4812179
-1.1347004 19.414272 2.4812207
-1.115525 19.434582 2.4812202
-1.5833925 19.461798 2.4812191
-1.0931356 19.458202 2.4812179
-1.073945 19.478451 2.481216
-1.5622159 19.484293 2.4812198
-1.540102 19.504276 2.4811585
-1.498764 19.511791 2.4805119
-1.4745152 19.511791 2.4800544
-1.054734 19.49861 2.4812121
-1.0177549 19.511757 2.4806991
-0.98989534 19.511755 2.4801183
-2.9529433 16.025618 2.541266
-2.9529421 16.061575 2.5409763
-2.9529419 16.101118 2.5379419
-2.9529407 16.141554 2.5396843
-2.9529397 16.179911 2.541337
-2.9529362 16.218294 2.5406425
-2.9529347 16.259872 2.5387952
-2.952934 16.30007 2.5394235
-2.9529333 16.341875 2.5411463
-2.9529316 16.381308 2.53915
-2.9529293 16.421558 2.5407708
-2.9529274 16.463469 2.539844
-2.9529266 16.501085 2.54024
-2.9529262 16.539711 2.5387168
-2.9529238 16.580254 2.539547
-2.9529219 16.62104 2.5411131
-2.9529209 16.662626 2.5427103
-2.9529192 16.700354 2.5388348
-2.9529183 16.740471 2.5377841
-2.9529169 16.780499 2.5392463
-2.9529157 16.821289 2.5407357
-2.9529128 16.862865 2.5422547
-2.9529119 16.900021 2.5417826
-2.9529111 16.940905 2.5382516
-2.9529095 16.979237 2.5381427
-2.9529071 17.019442 2.5395362
-2.9529068 17.060349 2.5409541
-2.9529045 17.097351 2.5422359
-2.9529035 17.139721 2.5393727
-2.9529023 17.182856 2.5408273
-2.9529002 17.222982 2.5397258
-2.9528995 17.26158 2.539036
-2.9528968 17.301949 2.5403593
-2.9528961 17.342188 2.5407233
-2.9528949 17.379503 2.5383453
-2.952893 17.416582 2.539526
-2.9528921 17.459637 2.5408971
-2.9528904 17.497927 2.5421164
-2.9528885 17.537828 2.5419991
-2.952888 17.58205 2.5400493
-2.9528859 17.622259 2.5365086
-2.9528847 17.657255 2.5375574
-2.9528832 17.698709 2.5387998
-2.9528816 17.740801 2.5400612
-2.9528806 17.777441 2.5411599
-2.9528785 17.820864 2.5424609
-2.9528768 17.864977 2.5437829
-2.9528756 17.903387 2.5398786
-2.9528742 17.942352 2.5359354
-2.952873 17.981888 2.537046
-2.9528711 18.021999 2.5381734
-2.9528697 18.062706 2.5393171
-2.9528687 18.104023 2.5404778
-2.9528673 18.138908 2.5414579
-2.9528658 18.174263 2.5424516
-2.9528646 18.21595 2.5421624
-2.9528627 18.260916 2.5395048
-2.9528611 18.297794 2.5405064
-2.9528601 18.327654 2.5413175
-1.9798459 19.353868 2.5411713
-1.9398893 19.353867 2.5400205
-1.8992524 19.353867 2.5404942
-1.8617269 19.353865 2.5430913
-1.823495 19.353857 2.5419526
-1.7804499 19.353855 2.5406702
-1.7380953 19.353853 2.539408
-1.6964154 19.353851 2.5381663
-1.6553938 19.353849 2.5369439
-1.615875 19.353506 2.5347433
-1.5763773 19.352518 2.5436172
-1.5373559 19.353323 2.5437055
-1.4975005 19.353607 2.5421526
-1.4594313 19.353275 2.5409317
-1.4217038 19.352303 2.5396998
-1.3808857 19.353825 2.5384545
-1.340179 19.353823 2.5371609
-1.2990198 19.353823 2.5389543
-1.2607949 19.353821 2.5393634
-1.2220836 19.353819 2.5427816
-1.1797904 19.353817 2.5413532
-1.1382487 19.353813 2.5399508
-1.0974383 19.353811 2.5385728
-1.0563027 19.353809 2.5401282
-1.0179359 19.353802 2.5403724
-0.97920763 19.353798 2.5390258
-0.9421221 19.353796 2.5392663
-0.90001398 19.353792 2.5406401
-0.8596223 19.353792 2.5391965
-2.9529433 16.025618 2.580724
-2.9529421 16.061575 2.5808392
-2.9529417 16.10112 2.5782495
-2.9529407 16.141554 2.5804453
-2.9529397 16.179211 2.5814784
-2.9529357 16.219875 2.5786238
-2.9529347 16.259144 2.5798197
-2.9529343 16.299091 2.5805469
-2.9529333 16.341877 2.5805745
-2.9529321 16.381306 2.5789843
-2.9529288 16.421072 2.580471
-2.9529274 16.462656 2.5794008
-2.9529266 16.501085 2.5813088
-2.9529262 16.540802 2.5800464
-2.952924 16.579693 2.5784724
-2.9529219 16.62104 2.5795722
-2.9529204 16.662628 2.5815585
-2.952919 16.702053 2.5816941
-2.9529183 16.740471 2.5773611
-2.9529169 16.780497 2.5791984
-2.952915 16.821287 2.5810702
-2.952913 16.862167 2.5822651
-2.9529119 16.901918 2.5783751
-2.9529111 16.939772 2.5782197
-2.9529092 16.979237 2.5799565
-2.9529078 17.019444 2.5817263
-2.9529066 17.059542 2.5804832
-2.9529047 17.097351 2.5808642
-2.9529037 17.139719 2.5783575
-2.9529023 17.182858 2.5801759
-2.9529002 17.221109 2.580857
-2.9528995 17.261581 2.5790482
-2.9528971 17.301947 2.5807116
-2.9528961 17.343922 2.5811071
-2.9528952 17.379503 2.5793512
-2.9528928 17.416582 2.5808446
-2.9528921 17.459639 2.5779479
-2.9528906 17.497927 2.5794537
-2.9528887 17.536842 2.5809846
-2.9528875 17.582048 2.5827627
-2.9528859 17.622259 2.579561
-2.9528847 17.656353 2.5779026
-2.9528835 17.698708 2.5776417
-2.9528818 17.740801 2.5792186
-2.9528806 17.777441 2.5805914
-2.9528785 17.820866 2.5822182
-2.952877 17.864975 2.5838706
-2.9528761 17.903387 2.5785725
-2.9528744 17.942352 2.5766027
-2.952873 17.981888 2.5780098
-2.9528711 18.021999 2.5794375
-2.9528701 18.062706 2.5808861
-2.9528685 18.104021 2.5823567
-2.952867 18.138908 2.5835984
-2.9528658 18.174263 2.5795562
-2.9528642 18.218708 2.5789542
-2.9528627 18.260916 2.5771773
-2.9528613 18.297796 2.5784206
-2.9528601 18.327654 2.5794275
-1.9798452 19.35387 2.5792458
-1.9398888 19.353867 2.5778177
-1.9016533 19.353863 2.5775194
-1.8617268 19.353863 2.5803452
-1.8219452 19.353861 2.581897
-1.78045 19.353853 2.5825996
-1.7380958 19.353853 2.5810018
-1.6964159 19.353851 2.5794284
-1.6553943 19.353849 2.5778809
-1.619187 19.351831 2.5764425
-1.5798427 19.352915 2.5800254
-1.5357639 19.352909 2.5833275
-1.4972345 19.352907 2.5817971
-1.4592905 19.352903 2.5802896
-1.4214557 19.351604 2.5787382
-1.3808858 19.353828 2.5772104
-1.3394704 19.353825 2.579354
-1.3013743 19.353823 2.5814111
-1.2607952 19.353821 2.5818901
-1.2220839 19.353819 2.5802758
-1.1797905 19.353819 2.5785115
-1.1371741 19.353819 2.5797307
-1.0974386 19.353813 2.5796392
-1.0584249 19.353813 2.5804362
-1.017936 19.353806 2.5807281
-0.97920769 19.3538 2.579036
-0.94050813 19.353796 2.5810153
-0.90001422 19.353796 2.5799425
-0.8596226 19.353792 2.5781372
-2.9529436 16.025618 2.620183
-2.9529421 16.061575 2.6207013
-2.9529417 16.101118 2.6185563
-2.9529407 16.141556 2.6212072
-2.9529395 16.180185 2.6196761
-2.9529359 16.219112 2.6193533
-2.9529347 16.25841 2.6208212
-2.9529343 16.301075 2.6193419
-2.9529335 16.341873 2.6200035
-2.9529316 16.380478 2.620122
-2.952929 16.422106 2.6205919
-2.9529276 16.462654 2.6200743
-2.9529266 16.501085 2.6186445
-2.9529262 16.540289 2.6209579
-2.9529243 16.580763 2.6201911
-2.9529219 16.620438 2.618737
-2.9529204 16.662628 2.6204064
-2.952919 16.701189 2.6226099
-2.9529185 16.739861 2.6178148
-2.9529171 16.780499 2.6191506
-2.9529147 16.821289 2.6214044
-2.952914 16.862518 2.6212995
-2.9529119 16.900967 2.6175919
-2.9529111 16.93977 2.619663
-2.9529092 16.979237 2.6217699
-2.9529076 17.018585 2.6206534
-2.9529068 17.061071 2.6185169
-2.9529045 17.097351 2.6194921
-2.9529035 17.138926 2.6209092
-2.9529018 17.182856 2.6195245
-2.9529002 17.222757 2.6202421
-2.9528995 17.26158 2.6190603
-2.9528968 17.301945 2.6210642
-2.9528961 17.343008 2.6185801
-2.9528949 17.379501 2.6203578
-2.952893 17.416582 2.6221638
-2.9528921 17.459641 2.6196294
-2.9528902 17.497078 2.6185427
-2.9528887 17.53684 2.6186137
-2.9528875 17.58205 2.6207304
-2.9528863 17.622259 2.6226137
-2.9528847 17.658092 2.6208477
-2.9528835 17.697657 2.6178591
-2.9528818 17.740801 2.6183758
-2.9528806 17.777441 2.6200233
-2.9528785 17.820866 2.6219757
-2.952877 17.864975 2.6239583
-2.9528756 17.904558 2.6170149
-2.9528739 17.94235 2.6172702
-2.952873 17.981888 2.6189737
-2.9528713 18.021999 2.620702
-2.9528701 18.062706 2.6224556
-2.9528687 18.10276 2.62275
-2.9528668 18.138908 2.6204712
-2.9528658 18.174263 2.6166604
-2.9528646 18.217262 2.6184323
-2.9528625 18.260916 2.6202319
-2.9528613 18.297794 2.6217515
-2.9528601 18.327654 2.622982
-1.979844 19.353867 2.6227601
-1.9398879 19.353865 2.6210144
-1.9005375 19.353863 2.6192946
-1.8617258 19.353859 2.617599
-1.8250445 19.353855 2.6182559
-1.7789242 19.353853 2.6222093
-1.738095 19.353851 2.6225951
-1.6964152 19.353851 2.6206911
-1.6553937 19.353849 2.6188173
-1.6191932 19.351847 2.6170771
-1.5803614 19.352915 2.6182582
-1.5357637 19.352909 2.6233068
-1.4972345 19.352905 2.6214702
-1.4592905 19.352903 2.6196613
-1.4214559 19.351604 2.6177995
-1.3796433 19.353827 2.6181021
-1.3409717 19.353825 2.6222558
-1.3001713 19.353823 2.6216464
-1.2607955 19.353821 2.6196914
-1.222084 19.353821 2.6177695
-1.1797906 19.353819 2.6203136
-1.1393723 19.353819 2.6207736
-1.0974386 19.353811 2.6207061
-1.0573405 19.353811 2.6186354
-1.0179362 19.353809 2.621084
-0.97920781 19.353798 2.6190457
-0.94185847 19.353798 2.6204357
-0.899275 19.353792 2.6200745
-0.85962272 19.353792 2.6214054
-2.9529436 16.025618 2.6596408
-2.9529421 16.061575 2.6605637
-2.9529417 16.10112 2.6588633
-2.9529407 16.141125 2.6615191
-2.9529397 16.180336 2.6585691
-2.9529362 16.219114 2.6609869
-2.9529347 16.259922 2.6592169
-2.9529343 16.300072 2.6599622
-2.9529335 16.341352 2.6600845
-2.9529319 16.382086 2.659771
-2.952929 16.420633 2.6597857
-2.9529274 16.462656 2.6607466
-2.9529269 16.501085 2.6597133
-2.9529262 16.539711 2.6593475
-2.9529238 16.580254 2.6613925
-2.9529219 16.620697 2.6597226
-2.9529212 16.662628 2.6592548
-2.9529192 16.701189 2.6618192
-2.9529185 16.740164 2.6589243
-2.9529166 16.780499 2.6591027
-2.952915 16.821287 2.6617391
-2.9529138 16.863234 2.6594834
-2.9529119 16.900969 2.6586719
-2.9529111 16.939772 2.6611071
-2.9529092 16.978456 2.6605806
-2.9529076 17.020193 2.6584146
-2.9529071 17.060349 2.6601593
-2.9529045 17.096613 2.6614611
-2.9529035 17.140629 2.6596787
-2.9529018 17.182856 2.6588731
-2.9529002 17.221888 2.6611762
-2.9528995 17.261581 2.6590726
-2.9528975 17.301947 2.6614168
-2.9528961 17.343006 2.6592793
-2.9528949 17.37875 2.6600165
-2.952893 17.416582 2.6588914
-2.9528921 17.459639 2.6613114
-2.9528902 17.498714 2.6601698
-2.9528887 17.535597 2.6587822
-2.9528875 17.582048 2.6586981
-2.9528859 17.622259 2.6608827
-2.9528847 17.657255 2.6627839
-2.9528837 17.698706 2.6601729
-2.9528818 17.740803 2.6575332
-2.9528806 17.777441 2.6594548
-2.9528787 17.820864 2.6617327
-2.952877 17.864977 2.664046
-2.9528759 17.903385 2.655967
-2.9528744 17.942352 2.6579378
-2.952873 17.981888 2.6599371
-2.9528716 18.021999 2.6619656
-2.9528701 18.061462 2.6625414
-2.9528685 18.10541 2.6588492
-2.952867 18.138908 2.6573439
-2.9528658 18.174263 2.659066
-2.9528646 18.217264 2.6611598
-2.9528627 18.259581 2.6617498
-2.9528615 18.297794 2.6596658
-2.9528606 18.327654 2.661092
-1.9798433 19.353867 2.6608348
-1.9387547 19.353865 2.6609092
-1.9005363 19.353859 2.662179
-1.8617249 19.353857 2.6601744
-1.8234935 19.353855 2.6582
-1.7819732 19.353853 2.658298
-1.7365935 19.353851 2.6618752
-1.6964145 19.353849 2.6619532
-1.6553931 19.353848 2.6597533
-1.6192039 19.35187 2.6577129
-1.5804592 19.351883 2.6569531
-1.537197 19.352915 2.6636617
-1.4971914 19.352791 2.6611338
-1.4588923 19.35183 2.6589503
-1.4211103 19.350653 2.6567879
-1.3812979 19.353827 2.6604619
-1.3401793 19.353825 2.6620653
-1.3001711 19.353823 2.6597612
-1.2607952 19.353821 2.6574931
-1.2220842 19.353821 2.6599503
-1.179791 19.353819 2.6621165
-1.138249 19.353817 2.6596415
-1.0963362 19.353815 2.6592124
-1.0573407 19.353813 2.659344
-1.0179366 19.353809 2.6614406
-0.97920787 19.3538 2.6590557
-0.94113845 19.353798 2.6611195
-0.90065187 19.353796 2.6591864
-0.85962284 19.353792 2.660346
-2.9529433 16.025618 2.6990995
-2.9529421 16.061836 2.700882
-2.9529419 16.101118 2.6991696
-2.9529407 16.141117 2.7008159
-2.9529397 16.179913 2.6992414
-2.9529362 16.218178 2.7012
-2.9529345 16.259144 2.6990552
-2.9529343 16.299067 2.7005494
-2.9529335 16.342339 2.6994081
-2.9529319 16.380402 2.7003849
-2.952929 16.422482 2.6998427
-2.9529278 16.461712 2.6996584
-2.9529266 16.501083 2.7007816
-2.9529262 16.540287 2.7001278
-2.9529238 16.580254 2.6994691
-2.9529221 16.621977 2.7012653
-2.9529209 16.662628 2.6981034
-2.9529192 16.701187 2.7010283
-2.9529185 16.740467 2.7000425
-2.9529166 16.780497 2.699055
-2.9529157 16.821287 2.7020733
-2.952914 16.863565 2.6977317
-2.9529119 16.900967 2.6997533
-2.9529114 16.939047 2.7018054
-2.952909 16.979935 2.6979618
-2.9529073 17.019444 2.6998589
-2.9529068 17.059328 2.7007651
-2.9529047 17.098175 2.699831
-2.9529037 17.139721 2.699645
-2.9529023 17.18178 2.7005734
-2.9529002 17.221888 2.7008541
-2.9528995 17.26158 2.6990848
-2.9528973 17.300816 2.6996973
-2.9528961 17.343004 2.6999779
-2.9528947 17.380312 2.7006671
-2.9528928 17.416584 2.7002106
-2.9528921 17.459641 2.6983621
-2.9528906 17.497927 2.7008007
-2.9528887 17.538086 2.7007389
-2.952888 17.581043 2.6979952
-2.9528859 17.622259 2.699152
-2.9528847 17.657255 2.7013149
-2.9528837 17.699764 2.7025096
-2.9528816 17.740801 2.6966903
-2.9528806 17.777441 2.6988869
-2.9528787 17.820866 2.7014897
-2.952877 17.864973 2.7041337
-2.9528761 17.903385 2.6963422
-2.9528742 17.94235 2.6986048
-2.952873 17.981888 2.700901
-2.9528713 18.021999 2.7032306
-2.9528699 18.064075 2.6983924
-2.9528685 18.104023 2.6975234
-2.9528673 18.138908 2.6994839
-2.9528658 18.174261 2.7014706
-2.9528646 18.21595 2.702353
-2.9528625 18.262383 2.6988816
-2.9528615 18.297794 2.6975803
-2.9528604 18.327654 2.6992021
-1.9794512 19.353094 2.6988423
-1.9404957 19.353022 2.6980636
-1.8986703 19.352671 2.7011676
-1.8609875 19.352316 2.702615
-1.8230419 19.35289 2.7003875
-1.7800958 19.353081 2.6978395
-1.7392005 19.352966 2.6976199
-1.6980505 19.352526 2.7017667
-1.6588286 19.352757 2.701144
-1.6172029 19.353071 2.698298
-1.5785488 19.353014 2.6969194
-1.5381606 19.352127 2.7044818
-1.4972203 19.352871 2.7008097
-1.4593496 19.35306 2.6984143
-1.4208552 19.352804 2.6986599
-1.3812399 19.352356 2.7019365
-1.3399174 19.353054 2.7004299
-1.2999164 19.353052 2.6978078
-1.2604021 19.352589 2.6999116
-1.2217017 19.352583 2.7020226
-1.1795614 19.353046 2.6992071
-1.1372311 19.352659 2.7001543
-1.0981597 19.352602 2.6998258
-1.0571364 19.353039 2.6999841
-1.0166451 19.352734 2.700067
-0.97890633 19.352568 2.6989579
-0.9409582 19.353029 2.7007217
-0.89871025 19.352695 2.7007899
-0.85936064 19.352558 2.6991796
-2.9529433 16.025618 2.7385576
-2.9529424 16.061575 2.7412407
-2.9529417 16.101118 2.7394769
-2.9529407 16.141554 2.7400851
-2.9529397 16.179913 2.7404337
-2.9529362 16.219584 2.7397532
-2.9529347 16.258698 2.740592
-2.9529343 16.301048 2.7394083
-2.9529335 16.340988 2.7401567
-2.9529319 16.382212 2.7400482
-2.952929 16.420631 2.7402651
-2.9529274 16.4636 2.7401562
-2.9529266 16.500301 2.739702
-2.9529262 16.540871 2.7409236
-2.952924 16.579439 2.7391622
-2.9529221 16.62104 2.7410991
-2.9529207 16.661781 2.7386007
-2.9529192 16.701189 2.7402384
-2.9529183 16.740469 2.740411
-2.9529169 16.780497 2.739007
-2.9529154 16.821287 2.7424078
-2.9529133 16.862867 2.7377286
-2.9529119 16.900967 2.7408335
-2.9529111 16.939394 2.7407126
-2.9529095 16.979237 2.7388487
-2.9529076 17.01869 2.7412834
-2.9529066 17.061367 2.738759
-2.9529045 17.097351 2.7396679
-2.9529035 17.138426 2.7404938
-2.9529016 17.183929 2.7395914
-2.9529002 17.221889 2.7405319
-2.9528995 17.261581 2.7390976
-2.9528973 17.303078 2.7397108
-2.9528961 17.343004 2.7406766
-2.9528952 17.379503 2.7388208
-2.9528933 17.416582 2.7415292
-2.9528921 17.459637 2.7400436
-2.9528904 17.497927 2.738138
-2.9528887 17.53684 2.7409077
-2.9528878 17.582949 2.7404385
-2.9528859 17.622259 2.7374208
-2.9528849 17.657255 2.7398462
-2.9528835 17.698709 2.7427194
-2.9528821 17.73987 2.737663
-2.9528806 17.777441 2.7383187
-2.952879 17.820866 2.7412472
-2.9528773 17.863819 2.7427733
-2.9528759 17.903385 2.7367179
-2.9528742 17.94235 2.7392724
-2.952873 17.981888 2.7418644
-2.9528711 18.020775 2.7430041
-2.9528701 18.062706 2.7367709
-2.9528685 18.104021 2.7394025
-2.9528673 18.138908 2.7416244
-2.9528658 18.172968 2.7423441
-2.9528642 18.218706 2.7392225
-2.9528625 18.260916 2.7386312
-2.9528615 18.297794 2.740911
-2.9528604 18.327654 2.7427566
-1.9783385 19.350908 2.7421427
-1.9384074 19.350897 2.7395248
-1.9001988 19.350885 2.7380879
-1.8603072 19.350895 2.7397234
-1.8221116 19.350903 2.7424629
-1.7790941 19.350887 2.7395568
-1.7367676 19.350872 2.7366982
-1.6992528 19.350887 2.7413828
-1.6643281 19.350889 2.742054
-1.6238167 19.350874 2.7392368
-1.583937 19.350861 2.7364638
-1.5398406 19.350887 2.7433991
-1.4964578 19.350874 2.7402964
-1.4585309 19.350857 2.7375839
-1.4214574 19.35087 2.7409573
-1.3798484 19.35087 2.7416396
-1.3391693 19.350853 2.7386498
-1.2980424 19.350851 2.7387264
-1.2598531 19.350864 2.7422647
-1.2211679 19.350851 2.7393441
-1.1778146 19.350845 2.7390933
-1.1381863 19.350855 2.741184
-1.0966204 19.35084 2.7390625
-1.0565557 19.350845 2.7404795
-1.0182471 19.350838 2.7399127
-0.97775406 19.350834 2.7397916
-0.9404428 19.350826 2.7401774
-0.90048885 19.350813 2.7396433
-0.85803688 19.350794 2.7406838
-2.9529433 16.025249 2.7785938
-2.9529421 16.061575 2.7811031
-2.9529417 16.10112 2.7797837
-2.9529409 16.141697 2.7798681
-2.9529393 16.179487 2.7810876
-2.9529362 16.219561 2.7794151
-2.9529347 16.258863 2.7803149
-2.9529343 16.299604 2.7800164
-2.9529333 16.342764 2.7794337
-2.9529314 16.380402 2.780036
-2.952929 16.422482 2.7803607
-2.9529274 16.462101 2.7797246
-2.9529266 16.501841 2.7805905
-2.9529262 16.540289 2.7793076
-2.9529243 16.581041 2.7808628
-2.9529219 16.62104 2.7795572
-2.9529204 16.66291 2.7804241
-2.952919 16.701189 2.7794473
-2.9529188 16.740772 2.7807493
-2.9529161 16.780499 2.7789598
-2.9529154 16.820601 2.7820032
-2.9529135 16.862867 2.7784524
-2.9529119 16.900967 2.7819142
-2.9529114 16.940905 2.7786882
-2.9529095 16.979237 2.7806621
-2.9529078 17.019447 2.7800131
-2.9529071 17.060347 2.7793646
-2.9529047 17.096317 2.7805865
-2.9529037 17.140959 2.7792222
-2.9529021 17.182091 2.7803032
-2.9529002 17.221888 2.78021
-2.9528995 17.26158 2.7791097
-2.9528978 17.300817 2.7803833
-2.9528961 17.343008 2.7813752
-2.9528949 17.379503 2.7798269
-2.9528933 17.415642 2.7795274
-2.9528923 17.459639 2.7817254
-2.9528902 17.497927 2.7801425
-2.9528887 17.536842 2.7785368
-2.9528875 17.582048 2.7820935
-2.9528859 17.621431 2.7790396
-2.9528847 17.657255 2.7783775
-2.9528837 17.698709 2.7815616
-2.9528818 17.740801 2.7798922
-2.9528806 17.777441 2.7777503
-2.9528785 17.820864 2.7810037
-2.9528773 17.864977 2.7809603
-2.9528759 17.903385 2.7770932
-2.9528744 17.942352 2.7799397
-2.952873 17.981888 2.7828281
-2.9528713 18.023346 2.7786298
-2.9528701 18.062708 2.7783403
-2.9528687 18.104021 2.7812812
-2.952867 18.137903 2.7814326
-2.9528658 18.175686 2.7789547
-2.9528644 18.217262 2.7786598
-2.9528627 18.260916 2.7816856
-2.9528615 18.296734 2.7818439
-2.9528606 18.327654 2.7808669
-1.978425 19.351082 2.7802057
-1.9385034 19.351088 2.7827082
-1.8991758 19.351074 2.7798171
-1.8603865 19.351059 2.7769654
-1.8209428 19.351074 2.780966
-1.7791795 19.351072 2.7814739
-1.7368503 19.351057 2.7782779
-1.7012966 19.351048 2.7769983
-1.6644057 19.351074 2.7830582
-1.6238921 19.351057 2.7799191
-1.5840096 19.351042 2.776829
-1.5388837 19.351063 2.7825401
-1.4965255 19.351048 2.7799664
-1.4585961 19.351032 2.7769518
-1.4220716 19.351053 2.7823777
-1.379909 19.351044 2.7803831
-1.3384396 19.35103 2.778414
-1.3004577 19.351042 2.7812674
-1.2599068 19.351034 2.7800543
-1.2200599 19.351027 2.7788527
-1.1801044 19.351027 2.7805665
-1.1374471 19.351009 2.7790377
-1.0966624 19.350994 2.7801125
-1.0565904 19.350975 2.7811694
-1.0161446 19.350945 2.7796631
-0.97914106 19.350914 2.7795763
-0.94045562 19.35088 2.7798209
-0.89935654 19.350849 2.7805088
-0.85998195 19.350815 2.7793024
-2.9529431 16.025396 2.8191299
-2.9529424 16.061575 2.8209653
-2.9529417 16.10112 2.8200908
-2.9529407 16.14184 2.8196566
-2.9529397 16.179562 2.8205497
-2.9529364 16.21867 2.8201025
-2.9529347 16.259874 2.8194032
-2.9529343 16.299583 2.8205242
-2.9529335 16.34141 2.8201625
-2.9529319 16.382212 2.8197362
-2.952929 16.420712 2.8201303
-2.9529276 16.462654 2.8197353
-2.9529266 16.501085 2.8202546
-2.9529262 16.539307 2.8189557
-2.9529238 16.580254 2.8213148
-2.9529219 16.620106 2.8193545
-2.9529204 16.663218 2.8215804
-2.952919 16.701189 2.8186572
-2.9529188 16.740469 2.821152
-2.9529166 16.780497 2.8189118
-2.952915 16.820946 2.8206804
-2.9529133 16.862867 2.819176
-2.9529121 16.900293 2.8220596
-2.9529114 16.93977 2.8185945
-2.9529092 16.978537 2.8215241
-2.9529083 17.020191 2.8187644
-2.9529068 17.059622 2.8209689
-2.9529047 17.098389 2.8189254
-2.9529037 17.138929 2.8201323
-2.9529018 17.183708 2.8194301
-2.9529002 17.221888 2.8198872
-2.9528997 17.260698 2.8203444
-2.9528975 17.303078 2.8204348
-2.9528961 17.341854 2.8199553
-2.9528949 17.379503 2.8208332
-2.9528935 17.417425 2.8206146
-2.9528921 17.459637 2.8187761
-2.9528906 17.497927 2.8221471
-2.9528887 17.535597 2.8186657
-2.9528875 17.582048 2.8200612
-2.9528859 17.623152 2.8217592
-2.9528847 17.656353 2.8186808
-2.9528837 17.698709 2.8204031
-2.9528813 17.741735 2.8221433
-2.9528806 17.777441 2.8171823
-2.9528785 17.820866 2.8207612
-2.9528773 17.864973 2.821048
-2.9528761 17.903385 2.8174689
-2.9528744 17.942352 2.8206072
-2.9528732 17.98068 2.8222947
-2.9528716 18.021999 2.8167069
-2.9528701 18.062706 2.8199093
-2.9528685 18.104023 2.8231599
-2.952867 18.139912 2.8177016
-2.9528658 18.174263 2.818085
-2.9528644 18.21726 2.8213873
-2.9528627 18.259451 2.8213944
-2.9528613 18.298857 2.8191376
-2.9528604 18.327654 2.8189774
-1.9785116 19.35125 2.8182721
-1.9385877 19.351259 2.8204966
-1.8981491 19.351261 2.8215253
-1.8604773 19.351248 2.8195314
-1.8233509 19.351236 2.8175604
-1.7781943 19.351254 2.8222539
-1.7369326 19.351242 2.8198621
-1.7004336 19.351225 2.8168163
-1.6634595 19.351252 2.8229516
-1.6239673 19.351238 2.8206055
-1.5840827 19.351223 2.8171978
-1.5399771 19.351236 2.821425
-1.496593 19.351227 2.8196402
-1.4578345 19.351212 2.8176951
-1.4213178 19.351233 2.8228273
-1.3799677 19.351212 2.8191299
-1.3392841 19.351198 2.820287
-1.2993015 19.351181 2.8214393
-1.2599448 19.351152 2.8178415
-1.2223651 19.351124 2.820715
-1.1789806 19.351091 2.8197219
-1.1367726 19.351057 2.8196089
-1.0966709 19.351023 2.8211522
-1.0555575 19.35099 2.8201721
-1.0182301 19.35096 2.8197045
-0.97777623 19.350925 2.819746
-0.94045883 19.350895 2.8194621
-0.89862061 19.350863 2.8205771
-0.85899305 19.35083 2.8200932
-2.9529433 16.025543 2.8596704
-2.9529421 16.061575 2.8608282
-2.9529417 16.101118 2.8603969
-2.9529407 16.141981 2.8594494
-2.9529397 16.179998 2.859993
-2.9529366 16.218662 2.860239
-2.9529347 16.259142 2.8603735
-2.9529343 16.301048 2.859977
-2.9529333 16.341879 2.8601532
-2.9529321 16.380524 2.8602827
-2.9529288 16.422354 2.8602762
-2.9529274 16.463217 2.8597624
-2.9529266 16.500328 2.8598955
-2.9529262 16.541271 2.8603075
-2.9529238 16.580254 2.8593912
-2.9529221 16.621037 2.860312
-2.9529204 16.662628 2.8612661
-2.9529192 16.70059 2.8587003
-2.9529183 16.740469 2.8607287
-2.9529169 16.780499 2.8588636
-2.9529157 16.821287 2.8601749
-2.9529135 16.862867 2.8599
-2.9529119 16.900969 2.859961
-2.9529111 16.939768 2.8600385
-2.9529092 16.979239 2.8601017
-2.9529083 17.019444 2.8601818
-2.9529068 17.061159 2.8590832
-2.9529045 17.097351 2.8598437
-2.9529037 17.139723 2.8599095
-2.9529023 17.182858 2.8599887
-2.9529002 17.221889 2.859565
-2.9528995 17.262369 2.8601463
-2.952898 17.301048 2.8599217
-2.9528961 17.344154 2.8603692
-2.9528952 17.378695 2.8589532
-2.9528935 17.416582 2.8608952
-2.9528921 17.45878 2.8593967
-2.9528904 17.497927 2.8594844
-2.9528887 17.538086 2.8607016
-2.9528875 17.58205 2.8580289
-2.9528859 17.622259 2.8617954
-2.9528849 17.657255 2.8602498
-2.9528835 17.698709 2.8592451
-2.9528818 17.740803 2.8631086
-2.9528806 17.777441 2.8566141
-2.9528785 17.820864 2.860518
-2.952877 17.864975 2.8611357
-2.9528759 17.903387 2.8578441
-2.9528744 17.94235 2.8612747
-2.9528732 17.98189 2.8596263
-2.9528713 18.021999 2.8579712
-2.9528701 18.062706 2.8614788
-2.9528687 18.102634 2.8617744
-2.9528675 18.138906 2.8575101
-2.9528658 18.174263 2.8604901
-2.9528644 18.215818 2.8607843
-2.9528625 18.262247 2.8586047
-2.9528613 18.297796 2.8600707
-2.9528601 18.327654 2.8625317
-1.9786104 19.351446 2.8617806
-1.9386716 19.351425 2.8582888
-1.9006366 19.351425 2.8586702
-1.8605682 19.351439 2.8621018
-1.8223541 19.351421 2.8586848
-1.7793427 19.351423 2.8600698
-1.7370151 19.351427 2.86145
-1.7005138 19.351412 2.858114
-1.6642154 19.351421 2.8612792
-1.6240416 19.351418 2.8612955
-1.5841527 19.351393 2.8575702
-1.5400358 19.351385 2.8614433
-1.4966435 19.351358 2.8593125
-1.4584295 19.351334 2.8594208
-1.4213428 19.351305 2.8618932
-1.379988 19.351269 2.8578656
-1.340091 19.351238 2.8621666
-1.2993083 19.351204 2.85953
-1.2592649 19.351171 2.8592749
-1.2212573 19.351139 2.8611403
-1.1778429 19.351103 2.8588433
-1.1382492 19.351072 2.8608282
-1.0955726 19.351036 2.8595836
-1.0576822 19.351006 2.8605824
-1.0161515 19.350971 2.8602984
-0.97914773 19.350941 2.8595498
-0.93974459 19.350908 2.8600705
-0.89999962 19.350878 2.8597229
-0.85800534 19.350842 2.8608577
-2.9529431 16.02569 2.9002161
-2.9529424 16.061577 2.9006908
-2.9529419 16.100698 2.9002321
-2.9529409 16.141554 2.8997428
-2.9529397 16.180614 2.8994431
-2.9529362 16.219271 2.8998685
-2.9529347 16.258297 2.9007404
-2.9529343 16.299274 2.9000399
-2.9529331 16.34234 2.9001589
-2.9529314 16.382137 2.9000316
-2.952929 16.420712 2.9006119
-2.9529276 16.461714 2.8992772
-2.9529266 16.501869 2.90083
-2.9529262 16.540289 2.8999553
-2.952924 16.579439 2.8990524
-2.9529221 16.621399 2.9006784
-2.9529209 16.662628 2.900115
-2.9529192 16.700888 2.8994443
-2.9529188 16.741077 2.9010534
-2.9529169 16.780497 2.8988161
-2.9529157 16.821289 2.9005086
-2.9529135 16.862867 2.9006238
-2.9529121 16.901642 2.897881
-2.9529111 16.939047 2.9007041
-2.9529095 16.979935 2.8986986
-2.952908 17.018269 2.9007645
-2.9529068 17.060349 2.8985698
-2.9529047 17.096315 2.9007349
-2.9529037 17.140511 2.899709
-2.9529018 17.182001 2.9005251
-2.9529002 17.221888 2.8992426
-2.9528995 17.260698 2.9003544
-2.9528978 17.30275 2.9000762
-2.9528961 17.342094 2.900177
-2.9528949 17.380253 2.899668
-2.9528933 17.415396 2.900044
-2.9528923 17.460596 2.9008737
-2.9528906 17.497078 2.8985255
-2.952889 17.536842 2.9008307
-2.9528875 17.580784 2.898499
-2.9528859 17.622261 2.9000642
-2.9528847 17.658159 2.9018388
-2.9528835 17.698708 2.8980868
-2.9528818 17.740803 2.9022658
-2.9528806 17.776497 2.897845
-2.9528787 17.820864 2.9002755
-2.9528773 17.864975 2.9012232
-2.9528761 17.903385 2.8982193
-2.9528742 17.942352 2.9019425
-2.9528732 17.981888 2.8988838
-2.9528716 18.021997 2.8992355
-2.9528701 18.062706 2.9030483
-2.9528685 18.105282 2.8979876
-2.9528675 18.138908 2.8996499
-2.9528658 18.17297 2.9013271
-2.9528646 18.218575 2.8977311
-2.9528627 18.260916 2.9000854
-2.9528615 18.296736 2.9009819
-2.9528601 18.327654 2.9006417
-1.9773765 19.351622 2.9013977
-1.9387676 19.351618 2.9014843
-1.8994324 19.351601 2.8977325
-1.8595517 19.351612 2.9013724
-1.8224387 19.351603 2.9009545
-1.7804762 19.351582 2.8979137
-1.7360265 19.351566 2.9018896
-1.7005711 19.351542 2.8994086
-1.6649356 19.351515 2.8996158
-1.6240693 19.351484 2.9019737
-1.5841755 19.35145 2.8979297
-1.540047 19.351414 2.901449
-1.4966509 19.351376 2.8989716
-1.4587131 19.351349 2.8999603
-1.4213476 19.351318 2.9009533
-1.3787507 19.35128 2.8986602
-1.3393037 19.35125 2.9019122
-1.2984747 19.351215 2.8986592
-1.260721 19.351183 2.9015303
-1.2212613 19.351151 2.8986092
-1.1800811 19.35112 2.9003601
-1.1366854 19.351086 2.8996532
-1.0977324 19.351051 2.9003687
-1.0558465 19.351017 2.8996744
-1.0182371 19.350985 2.9003778
-0.97778308 19.350952 2.8996952
-0.94109291 19.350924 2.8995478
-0.89813161 19.350889 2.9006014
-0.85994673 19.350857 2.8995302
-1.2451968 15.758922 2.94998
-1.4958144 15.797548 2.9499807
-1.4576159 15.794271 2.949981
-1.4183813 15.791763 2.9499812
-1.3790042 15.788933 2.949981
-1.3391647 15.785611 2.9499812
-1.2993096 15.782427 2.9499815
-1.2594199 15.780115 2.9499815
-1.2264978 15.786046 2.9499812
-1.7756146 15.838317 2.9499812
-1.7373489 15.834997 2.9499815
-1.6992278 15.832546 2.9499815
-1.659207 15.829438 2.9499815
-1.6192566 15.826238 2.9499815
-1.5800223 15.823498 2.9499815
-1.5393946 15.820435 2.9499815
-1.4997835 15.820042 2.9499815
-1.4598031 15.819264 2.9499815
-1.420082 15.820106 2.9499815
-1.3800513 15.81989 2.9499815
-1.3399171 15.81957 2.9499815
-1.299793 15.819297 2.9499815
-1.2597699 15.820039 2.9499815
-1.2198822 15.819651 2.9499815
-1.1877782 15.826562 2.9499812
-2.0533023 15.878661 2.9499819
-2.0177348 15.876014 2.9499819
-1.9765781 15.873068 2.9499819
-1.9402118 15.870177 2.9499817
-1.900771 15.867129 2.9499817
-1.859159 15.864211 2.9499817
-1.8184692 15.860742 2.9499815
-1.779313 15.85986 2.9499815
-1.7399961 15.85947 2.9499815
-1.6998298 15.860097 2.9499815
-1.6599028 15.85972 2.9499815
-1.6198119 15.859881 2.9499815
-1.5793983 15.859938 2.9499815
-1.5397573 15.859743 2.9499815
-1.5001533 15.859978 2.9499815
-1.4600668 15.859783 2.9499815
-1.4196725 15.859475 2.9499815
-1.3795779 15.859853 2.9499815
-1.3397466 15.859776 2.9499815
-1.2996578 15.859777 2.9499815
-1.2600062 15.859753 2.9499815
-1.2202115 15.859632 2.9499815
-1.1797289 15.859808 2.9499815
-1.1481655 15.867213 2.9499812
-2.3240216 15.918775 2.9499826
-2.2919955 15.916125 2.9499826
-2.2537155 15.911661 2.9499826
-2.2181091 15.91041 2.9499822
-2.1786377 15.908384 2.9499819
-2.1405323 15.904615 2.9499819
-2.1009715 15.901361 2.9499819
-2.0605934 15.899853 2.9499819
-2.0190718 15.900227 2.9499819
-1.9795686 15.900679 2.9499819
-1.9398259 15.899082 2.9499817
-1.8992648 15.899758 2.9499817
-1.8604326 15.900283 2.9499817
-1.8198652 15.900083 2.9499815
-1.7798125 15.899433 2.9499815
-1.7395616 15.899871 2.9499815
-1.6999352 15.899204 2.9499815
-1.659988 15.900149 2.9499815
-1.6199117 15.90026 2.9499815
-1.5799844 15.89964 2.9499815
-1.5399275 15.899649 2.9499815
-1.4998803 15.899839 2.9499815
-1.4598175 15.899974 2.9499815
-1.4196711 15.899617 2.9499815
-1.3798652 15.899983 2.9499815
-1.3396285 15.899782 2.9499812
-1.2997011 15.899873 2.9499815
-1.2596632 15.89994 2.9499815
-1.2194036 15.899308 2.9499815
-1.1795455 15.900001 2.9499815
-1.1399651 15.899542 2.9499815
-1.1089094 15.90849 2.949981
-2.5871949 15.957769 2.9499834
-2.5352044 15.952392 2.9499831
-2.499532 15.952131 2.9499831
-2.4602733 15.947002 2.9499834
-2.4194326 15.945175 2.9499829
-2.3785846 15.942657 2.9499826
-2.3403375 15.940004 2.9499822
-2.3009725 15.942014 2.9499822
-2.2596195 15.938498 2.9499822
-2.2182541 15.939031 2.9499822
-2.1795003 15.940084 2.9499819
-2.139724 15.938916 2.9499819
-2.0994205 15.940351 2.9499819
-2.0592506 15.940405 2.9499819
-2.0199363 15.940042 2.9499819
-1.9791776 15.940476 2.9499819
-1.9392343 15.938409 2.9499819
-1.899899 15.940246 2.9499817
-1.8590692 15.940322 2.9499817
-1.8195294 15.939544 2.9499817
-1.7794505 15.939438 2.9499815
-1.7395836 15.940094 2.9499815
-1.6994022 15.939894 2.9499815
-1.660499 15.939792 2.9499815
-1.6197165 15.939887 2.9499815
-1.5791341 15.939578 2.9499815
-1.5397156 15.93992 2.9499815
-1.4997518 15.939771 2.9499815
-1.4596099 15.939763 2.9499815
-1.4198385 15.939975 2.9499815
-1.379697 15.939681 2.9499815
-1.3393692 15.939796 2.9499815
-1.2995356 15.939781 2.9499812
-1.259497 15.939551 2.9499815
-1.2195272 15.939743 2.9499815
-1.1802285 15.939837 2.9499815
-1.1397485 15.939542 2.9499815
-1.1002345 15.940165 2.9499815
-1.0697892 15.949007 2.9499812
-2.85548 15.997522 2.9499841
-2.8224316 15.99522 2.9499841
-2.7791362 15.990306 2.9499838
-2.7378309 15.989346 2.9499838
-2.7003732 15.988062 2.9499836
-2.6599402 15.980595 2.9499838
-2.6200294 15.981567 2.9499838
-2.5795825 15.979156 2.9499834
-2.5401142 15.978296 2.9499831
-2.5000355 15.978882 2.9499829
-2.4608352 15.979239 2.9499831
-2.4200001 15.979475 2.9499829
-2.3803563 15.979824 2.9499826
-2.3396049 15.980275 2.9499826
-2.2991734 15.979689 2.9499822
-2.2604876 15.979365 2.9499822
-2.2206411 15.978621 2.9499822
-2.178966 15.979239 2.9499822
-2.138742 15.9788 2.9499819
-2.0998943 15.978929 2.9499819
-2.060354 15.979852 2.9499819
-2.0192308 15.979581 2.9499819
-1.9788003 15.979359 2.9499819
-1.9393058 15.978387 2.9499819
-1.8996948 15.978844 2.9499817
-1.8597049 15.980719 2.9499817
-1.8200763 15.980197 2.9499817
-1.7799315 15.979836 2.9499817
-1.7404065 15.980502 2.9499815
-1.7001171 15.980748 2.9499815
-1.6587685 15.980554 2.9499815
-1.6188616 15.979946 2.9499815
-1.5791721 15.979744 2.9499815
-1.5394781 15.980581 2.9499815
-1.4993457 15.979893 2.9499815
-1.4595066 15.979814 2.9499815
-1.419342 15.980166 2.9499815
-1.3795704 15.979614 2.9499815
-1.3398803 15.980027 2.9499815
-1.2995753 15.979881 2.9499815
-1.2595106 15.979229 2.9499812
-1.21986 15.97988 2.9499812
-1.1798151 15.979388 2.9499815
-1.139912 15.979567 2.9499815
-1.0996072 15.97947 2.9499815
-1.0602536 15.979883 2.9499815
-1.0306567 15.989592 2.949981
-2.9507484 16.025963 2.9375765
-2.9000564 16.01969 2.9499838
-2.8596191 16.019863 2.9499838
-2.8201666 16.020025 2.9499838
-2.7797279 16.020575 2.9499838
-2.7403164 16.020742 2.9499838
-2.7001312 16.020636 2.9499838
-2.6596594 16.017197 2.9499838
-2.6196153 16.018871 2.9499836
-2.578882 16.018915 2.9499836
-2.5401437 16.020967 2.9499831
-2.5012245 16.019527 2.9499831
-2.4591761 16.020018 2.9499829
-2.4187353 16.018822 2.9499831
-2.3790617 16.019306 2.9499829
-2.3395298 16.018589 2.9499829
-2.3004894 16.020206 2.9499824
-2.2598093 16.01897 2.9499822
-2.2207763 16.019262 2.9499822
-2.1806755 16.019806 2.9499822
-2.1396935 16.018681 2.9499819
-2.0990763 16.019438 2.9499819
-2.0606089 16.019018 2.9499819
-2.0200191 16.01969 2.9499819
-1.9799851 16.018877 2.9499819
-1.9398053 16.018471 2.9499819
-1.89974 16.019945 2.9499819
-1.8607558 16.019724 2.9499817
-1.8207546 16.020805 2.9499817
-1.7806543 16.019609 2.9499817
-1.7394634 16.020578 2.9499817
-1.7000052 16.021139 2.9499815
-1.6603582 16.01972 2.9499815
-1.6190921 16.020504 2.9499815
-1.5797223 16.020447 2.9499815
-1.5403486 16.019653 2.9499815
-1.4997443 16.02021 2.9499815
-1.4596368 16.020203 2.9499815
-1.4200073 16.019503 2.9499815
-1.3802366 16.02017 2.9499815
-1.3399668 16.019957 2.9499815
-1.2997196 16.019718 2.9499815
-1.2600542 16.019686 2.9499815
-1.2192453 16.019672 2.9499815
-1.1794918 16.019346 2.9499815
-1.1396219 16.019646 2.9499815
-1.0997566 16.019442 2.9499815
-1.0595672 16.019316 2.9499815
-1.0205846 16.020203 2.9499815
-0.99131221 16.030834 2.949981
-2.9492085 16.061249 2.9383407
-2.900636 16.061852 2.9499841
-2.8614783 16.059723 2.9499838
-2.8210864 16.059441 2.9499838
-2.7795329 16.05937 2.9499838
-2.739414 16.061321 2.9499838
-2.7004018 16.062086 2.9499838
-2.659425 16.058025 2.9499836
-2.6191733 16.057076 2.9499838
-2.5811341 16.059669 2.9499836
-2.5405595 16.0616 2.9499831
-2.4992788 16.059334 2.9499831
-2.4594636 16.060118 2.9499834
-2.4195876 16.060253 2.9499829
-2.3795357 16.059282 2.9499831
-2.3394892 16.058002 2.9499826
-2.2991879 16.061359 2.9499829
-2.2602522 16.059963 2.9499826
-2.2184391 16.058784 2.9499822
-2.1800935 16.061102 2.9499822
-2.1406748 16.059828 2.9499822
-2.0997169 16.059954 2.9499819
-2.0581915 16.060757 2.9499819
-2.0178716 16.059649 2.9499819
-1.9788417 16.059504 2.9499819
-1.9402926 16.059927 2.9499819
-1.899205 16.059931 2.9499819
-1.8596885 16.05962 2.9499819
-1.8200552 16.059393 2.9499817
-1.7796884 16.059961 2.9499817
-1.7396065 16.059607 2.9499817
-1.6995711 16.060076 2.9499817
-1.6591687 16.058695 2.9499815
-1.6205775 16.059931 2.9499815
-1.5795605 16.060503 2.9499815
-1.5396764 16.059082 2.9499815
-1.5001596 16.060499 2.9499815
-1.4598552 16.05987 2.9499815
-1.4200202 16.059305 2.9499815
-1.3795613 16.060373 2.9499815
-1.3398755 16.059477 2.9499815
-1.2998676 16.059902 2.9499815
-1.2597927 16.059639 2.9499815
-1.2205019 16.059576 2.9499815
-1.1798729 16.05975 2.9499812
-1.1399564 16.060028 2.9499815
-1.099753 16.059763 2.9499815
-1.0601319 16.059628 2.9499815
-1.0200204 16.059698 2.9499815
-0.98092449 16.060911 2.9499815
-0.9525798 16.071156 2.9499807
-2.9501715 16.10137 2.9375744
-2.8996565 16.099689 2.9499841
-2.8601482 16.099779 2.9499841
-2.8215532 16.097712 2.9499838
-2.781261 16.099117 2.9499838
-2.740658 16.100586 2.9499838
-2.7006419 16.099993 2.9499838
-2.6606114 16.100546 2.9499836
-2.6187334 16.098314 2.9499836
-2.5781937 16.100523 2.9499838
-2.540942 16.10079 2.9499838
-2.5 16.099522 2.9499831
-2.4597123 16.099585 2.9499831
-2.4206209 16.101297 2.9499834
-2.3793912 16.099199 2.9499829
-2.3389125 16.098318 2.9499831
-2.2992535 16.100662 2.9499829
-2.2585778 16.09996 2.9499826
-2.2198827 16.099857 2.9499824
-2.1782751 16.101194 2.9499822
-2.1388187 16.097853 2.9499822
-2.1017511 16.100849 2.9499822
-2.0604291 16.100517 2.9499822
-2.0196369 16.099606 2.9499819
-1.9793044 16.100492 2.9499819
-1.9393108 16.099598 2.9499819
-1.8998816 16.099615 2.9499819
-1.8594805 16.099125 2.9499819
-1.8200357 16.09898 2.9499817
-1.7801988 16.101376 2.9499817
-1.7396425 16.099257 2.9499817
-1.7005767 16.099874 2.9499817
-1.660875 16.099344 2.9499817
-1.6200831 16.100136 2.9499815
-1.580789 16.100307 2.9499815
-1.5395856 16.099533 2.9499815
-1.4990602 16.100206 2.9499815
-1.4595917 16.099737 2.9499815
-1.4198345 16.099636 2.9499815
-1.3798655 16.100016 2.9499815
-1.3397492 16.099569 2.9499815
-1.2999082 16.099844 2.9499815
-1.2600094 16.099342 2.9499815
-1.2202432 16.09988 2.9499815
-1.1799963 16.09996 2.9499815
-1.1395202 16.099789 2.9499812
-1.0998725 16.099779 2.9499815
-1.0595891 16.099796 2.9499815
-1.0196391 16.099457 2.9499815
-0.97979766 16.099867 2.9499815
-0.94126922 16.100882 2.9499815
-0.91279972 16.11236 2.9499805
-2.9509711 16.140848 2.9372339
-2.9010673 16.139839 2.9499841
-2.858752 16.138514 2.9499841
-2.8190341 16.140039 2.9499841
-2.7817192 16.139944 2.9499838
-2.7402146 16.138819 2.9499838
-2.70013 16.13982 2.9499838
-2.6601787 16.141676 2.9499838
-2.6193411 16.141321 2.9499838
-2.5803914 16.13776 2.9499836
-2.5396216 16.139639 2.9499836
-2.5010955 16.140049 2.9499838
-2.4600985 16.141827 2.9499834
-2.4196556 16.137966 2.9499834
-2.3808799 16.139515 2.9499831
-2.3398688 16.140863 2.9499829
-2.301147 16.140354 2.9499831
-2.2608337 16.139551 2.9499826
-2.2204268 16.139845 2.9499826
-2.1809816 16.140762 2.9499822
-2.1395922 16.1394 2.9499822
-2.0992653 16.139381 2.9499819
-2.0607269 16.139853 2.9499819
-2.0192194 16.139853 2.9499819
-1.9794176 16.141132 2.9499819
-1.9406461 16.139566 2.9499819
-1.9005455 16.13905 2.9499819
-1.8594908 16.140169 2.9499819
-1.8190739 16.138985 2.9499819
-1.7799711 16.140457 2.9499817
-1.740707 16.140741 2.9499817
-1.6994532 16.139227 2.9499817
-1.6597085 16.13969 2.9499817
-1.6207142 16.140444 2.9499817
-1.5798224 16.140156 2.9499815
-1.5393078 16.139671 2.9499815
-1.4999841 16.139414 2.9499815
-1.4599067 16.140186 2.9499815
-1.4194461 16.139771 2.9499815
-1.3796657 16.139917 2.9499815
-1.3396761 16.139807 2.9499815
-1.2993765 16.139771 2.9499815
-1.2593929 16.140062 2.9499815
-1.219637 16.139496 2.9499815
-1.1797233 16.140158 2.9499815
-1.1398867 16.139626 2.9499815
-1.0994899 16.139704 2.9499812
-1.0595403 16.139935 2.9499815
-1.0194409 16.139656 2.9499815
-0.9794544 16.139997 2.9499815
-0.93946666 16.139593 2.9499815
-0.90139395 16.141563 2.9499815
-0.87316829 16.15378 2.9499803
-2.9495556 16.179043 2.9376235
-2.9011021 16.179724 2.9499843
-2.8596787 16.17907 2.9499841
-2.821243 16.180227 2.9499841
-2.7817373 16.179581 2.9499841
-2.7397611 16.177919 2.9499838
-2.6987627 16.180643 2.9499838
-2.6609571 16.178862 2.9499838
-2.621815 16.182348 2.9499838
-2.5786953 16.178524 2.9499838
-2.5391695 16.17804 2.9499836
-2.499254 16.179644 2.9499836
-2.4603198 16.181194 2.9499836
-2.4212935 16.178425 2.9499834
-2.3803546 16.179632 2.9499834
-2.3404641 16.180202 2.9499831
-2.2997518 16.178928 2.9499831
-2.2593205 16.180119 2.9499829
-2.2199423 16.178988 2.9499829
-2.1792707 16.180147 2.9499826
-2.1413431 16.179136 2.9499822
-2.1005015 16.179527 2.9499822
-2.0586281 16.179762 2.9499822
-2.0190377 16.179314 2.9499819
-1.9788567 16.180019 2.9499819
-1.9390446 16.179728 2.9499819
-1.8993595 16.179659 2.9499819
-1.8592063 16.180021 2.9499819
-1.8197381 16.178984 2.9499819
-1.7798769 16.179798 2.9499819
-1.7396412 16.180185 2.9499817
-1.6997731 16.179768 2.9499817
-1.6603107 16.179081 2.9499817
-1.6207484 16.180189 2.9499817
-1.580299 16.179596 2.9499817
-1.5400337 16.179857 2.9499815
-1.4997631 16.179693 2.9499815
-1.4600697 16.179983 2.9499815
-1.4199769 16.179756 2.9499815
-1.3795538 16.180099 2.9499815
-1.3396744 16.179764 2.9499815
-1.3000951 16.179941 2.9499815
-1.2597485 16.179626 2.9499815
-1.2191247 16.179884 2.9499815
-1.1793525 16.179976 2.9499815
-1.1397917 16.179779 2.9499815
-1.0997324 16.17996 2.9499815
-1.0595762 16.179935 2.9499812
-1.019647 16.179796 2.9499815
-0.97974497 16.180044 2.9499815
-0.93981838 16.179874 2.9499815
-0.89981985 16.179945 2.9499815
-0.86218685 16.182035 2.9499815
-0.83487648 16.193951 2.94998
-2.9504786 16.218914 2.9371359
-2.9014282 16.219063 2.9499846
-2.8606281 16.220592 2.9499846
-2.8207042 16.218647 2.9499841
-2.7817564 16.220144 2.9499841
-2.7414999 16.217802 2.9499838
-2.7000024 16.220072 2.9499838
-2.6599646 16.220081 2.9499838
-2.6200602 16.220978 2.9499838
-2.5807874 16.221529 2.9499838
-2.5391066 16.216988 2.9499838
-2.4992089 16.219267 2.9499836
-2.460712 16.218981 2.9499838
-2.4209638 16.220699 2.9499834
-2.3804228 16.219114 2.9499834
-2.3401155 16.218536 2.9499831
-2.2993376 16.219528 2.9499831
-2.2615583 16.219421 2.9499831
-2.2203786 16.219181 2.9499826
-2.1802537 16.219236 2.9499826
-2.1393788 16.220404 2.9499826
-2.0995095 16.218628 2.9499822
-2.0610824 16.219837 2.9499822
-2.0190463 16.21998 2.9499822
-1.979098 16.218744 2.9499819
-1.9406277 16.218819 2.9499819
-1.9008316 16.220539 2.9499819
-1.8608284 16.219585 2.9499819
-1.8199278 16.219551 2.9499819
-1.7794151 16.219683 2.9499819
-1.739506 16.219622 2.9499819
-1.6999209 16.220778 2.9499817
-1.6589799 16.218931 2.9499817
-1.61922 16.219425 2.9499817
-1.5801305 16.220181 2.9499817
-1.5394506 16.219212 2.9499817
-1.4998167 16.219971 2.9499815
-1.4593229 16.219913 2.9499815
-1.4192835 16.219387 2.9499815
-1.3793054 16.220118 2.9499815
-1.3399236 16.219585 2.9499815
-1.2996644 16.219648 2.9499815
-1.2588227 16.220043 2.9499815
-1.2192962 16.219454 2.9499815
-1.1798997 16.220186 2.9499815
-1.13969 16.219515 2.9499815
-1.099718 16.219679 2.9499815
-1.0601056 16.220047 2.9499815
-1.0200894 16.21983 2.9499812
-0.98004419 16.219948 2.9499815
-0.93983942 16.220005 2.9499815
-0.89959836 16.219688 2.9499815
-0.8600629 16.219982 2.9499815
-0.82283491 16.222206 2.9499815
-0.79496092 16.234905 2.9499798
-2.9491324 16.259295 2.9383051
-2.8975506 16.258917 2.9499843
-2.8595035 16.261164 2.9499843
-2.8188481 16.260126 2.9499846
-2.7798178 16.259752 2.9499841
-2.7410505 16.258757 2.9499841
-2.7012584 16.260468 2.9499838
-2.6600795 16.260227 2.9499838
-2.6203821 16.259501 2.9499838
-2.5812709 16.2621 2.9499838
-2.5406868 16.260511 2.9499838
-2.4985576 16.259342 2.9499836
-2.4584138 16.259665 2.9499836
-2.4198353 16.260492 2.9499836
-2.3812051 16.260324 2.9499834
-2.3412712 16.2582 2.9499831
-2.300863 16.260151 2.9499831
-2.2593489 16.259796 2.9499829
-2.2189925 16.259399 2.9499831
-2.1791005 16.259304 2.9499826
-2.1401076 16.26115 2.9499829
-2.0999427 16.260719 2.9499826
-2.0608032 16.258041 2.9499822
-2.0209267 16.261236 2.9499822
-1.9795128 16.259567 2.9499822
-1.9393965 16.259007 2.9499819
-1.8990774 16.2589 2.9499819
-1.8602953 16.26008 2.9499819
-1.8203329 16.259733 2.9499819
-1.7801952 16.260544 2.9499819
-1.7399197 16.260008 2.9499819
-1.6995013 16.2598 2.9499819
-1.6591809 16.26012 2.9499817
-1.6194124 16.258766 2.9499817
-1.579653 16.260315 2.9499817
-1.5402536 16.259506 2.9499817
-1.4999716 16.260155 2.9499815
-1.4605664 16.259489 2.9499815
-1.4205914 16.259817 2.9499815
-1.3802031 16.26016 2.9499815
-1.339877 16.259493 2.9499815
-1.3000418 16.259922 2.9499815
-1.260052 16.260046 2.9499815
-1.2196265 16.259817 2.9499815
-1.1800008 16.259485 2.9499815
-1.1400905 16.259773 2.9499815
-1.0997621 16.259573 2.9499815
-1.0596961 16.25968 2.9499815
-1.0197985 16.259876 2.9499812
-0.9796201 16.259741 2.9499812
-0.93968338 16.25997 2.9499815
-0.89982551 16.25968 2.9499815
-0.85951197 16.259758 2.9499815
-0.81913739 16.259676 2.9499815
-0.7825622 16.262827 2.9499815
-0.75586683 16.275446 2.9499798
-2.9498727 16.300217 2.9375341
-2.8980954 16.297215 2.9499848
-2.8596561 16.299093 2.9499843
-2.8192971 16.300652 2.9499846
-2.7794785 16.299484 2.9499843
-2.7405906 16.300676 2.9499841
-2.7003994 16.299583 2.9499838
-2.6611691 16.298531 2.9499838
-2.6206641 16.30028 2.9499838
-2.5790417 16.302055 2.9499838
-2.5405223 16.302397 2.9499838
-2.5012422 16.299294 2.9499838
-2.4589825 16.298756 2.9499838
-2.4193881 16.299744 2.9499838
-2.3811576 16.30028 2.9499838
-2.3390808 16.29999 2.9499834
-2.2985716 16.298576 2.9499831
-2.2600541 16.302032 2.9499834
-2.2212892 16.298132 2.9499829
-2.1808655 16.299822 2.9499831
-2.1393089 16.301491 2.9499829
-2.1002421 16.299458 2.9499829
-2.0590804 16.299612 2.9499826
-2.0176852 16.300159 2.9499822
-1.9798274 16.299341 2.9499822
-1.9401491 16.300091 2.9499822
-1.8987768 16.299608 2.9499819
-1.8579617 16.297918 2.9499819
-1.819321 16.299927 2.9499819
-1.7800983 16.300085 2.9499819
-1.740404 16.30015 2.9499819
-1.7004845 16.300291 2.9499819
-1.6599441 16.300093 2.9499819
-1.6197255 16.299387 2.9499817
-1.5796883 16.29903 2.9499817
-1.539513 16.300524 2.9499817
-1.4997149 16.299757 2.9499817
-1.4596016 16.300091 2.9499815
-1.4190365 16.299358 2.9499815
-1.3804243 16.299992 2.9499815
-1.3399858 16.299829 2.9499815
-1.2997156 16.299839 2.9499815
-1.2600945 16.299623 2.9499815
-1.220095 16.300188 2.9499815
-1.179826 16.299854 2.9499815
-1.1394643 16.299557 2.9499815
-1.0996786 16.299606 2.9499815
-1.0594567 16.299793 2.9499815
-1.0191765 16.300188 2.9499815
-0.97942454 16.299358 2.9499815
-0.93983048 16.299801 2.9499812
-0.89979827 16.299559 2.9499815
-0.85925949 16.29999 2.9499815
-0.81947935 16.299789 2.9499815
-0.77979362 16.29974 2.9499815
-0.7434271 16.302959 2.9499815
-0.71660721 16.317295 2.9499798
-2.9495177 16.340975 2.9383414
-2.8986392 16.336317 2.949985
-2.8598011 16.337812 2.949985
-2.8191185 16.339663 2.9499846
-2.7791429 16.34009 2.9499843
-2.740154 16.341177 2.9499841
-2.699507 16.339581 2.9499841
-2.6597865 16.34037 2.9499838
-2.6209788 16.341139 2.9499838
-2.5803678 16.340401 2.9499838
-2.5388141 16.341736 2.9499838
-2.4999802 16.340816 2.9499838
-2.4593902 16.337099 2.9499838
-2.4192779 16.339895 2.9499836
-2.3804679 16.339453 2.9499836
-2.3411095 16.341722 2.9499836
-2.3015845 16.339743 2.9499831
-2.2594912 16.339001 2.9499834
-2.2200487 16.338757 2.9499831
-2.1799493 16.339983 2.9499829
-2.1397023 16.341227 2.9499831
-2.0994051 16.340473 2.9499826
-2.0589468 16.338701 2.9499826
-2.0192366 16.339815 2.9499826
-1.9784514 16.33856 2.9499822
-1.9396896 16.339531 2.9499822
-1.9008466 16.3417 2.9499819
-1.8601508 16.339396 2.9499819
-1.8182726 16.33885 2.9499819
-1.7786044 16.339321 2.9499819
-1.7399203 16.340343 2.9499819
-1.6993728 16.340752 2.9499819
-1.6598009 16.339767 2.9499819
-1.6190233 16.339916 2.9499817
-1.5795977 16.339211 2.9499817
-1.5401317 16.340618 2.9499817
-1.4997387 16.338902 2.9499817
-1.4599659 16.34012 2.9499817
-1.4199017 16.340012 2.9499815
-1.3793774 16.339325 2.9499815
-1.3398598 16.339697 2.9499815
-1.2998793 16.339378 2.9499815
-1.2601032 16.340147 2.9499815
-1.2197701 16.339922 2.9499815
-1.1795148 16.340267 2.9499815
-1.1401013 16.339361 2.9499815
-1.0996139 16.339859 2.9499815
-1.0596914 16.34004 2.9499815
-1.0194767 16.339787 2.9499815
-0.97987425 16.339642 2.9499815
-0.9396255 16.339586 2.9499815
-0.89977634 16.340103 2.9499812
-0.85917234 16.33971 2.9499815
-0.81932211 16.339577 2.9499815
-0.77943593 16.339899 2.9499815
-0.73967946 16.339439 2.9499815
-0.70411867 16.343946 2.9499815
-0.67811948 16.356741 2.9499798
-2.9500105 16.381241 2.9374983
-2.8991814 16.376247 2.949985
-2.859937 16.377348 2.949985
-2.8189268 16.379503 2.949985
-2.7784467 16.378765 2.9499843
-2.7391448 16.380142 2.9499846
-2.6980412 16.380466 2.9499846
-2.6579037 16.380781 2.9499841
-2.6186984 16.381092 2.9499838
-2.5810378 16.379045 2.9499838
-2.5415008 16.380304 2.9499838
-2.5008969 16.381088 2.9499838
-2.459501 16.380075 2.9499838
-2.419179 16.37908 2.9499838
-2.3797648 16.379564 2.9499838
-2.3393297 16.381514 2.9499838
-2.2983961 16.381479 2.9499834
-2.2596459 16.379208 2.9499831
-2.2198894 16.379574 2.9499831
-2.1794162 16.381325 2.9499831
-2.1399636 16.37994 2.9499831
-2.101604 16.381618 2.9499831
-2.0607145 16.380028 2.9499826
-2.0181141 16.379328 2.9499826
-1.9791219 16.381079 2.9499822
-1.9389981 16.38039 2.9499822
-1.89969 16.381203 2.9499822
-1.8604437 16.381977 2.9499822
-1.8204097 16.378223 2.9499819
-1.7783775 16.37888 2.9499819
-1.7386299 16.378635 2.9499819
-1.6994132 16.379786 2.9499819
-1.6593251 16.379374 2.9499819
-1.6198007 16.379681 2.9499819
-1.5794631 16.37891 2.9499819
-1.5397532 16.379257 2.9499817
-1.5002189 16.379362 2.9499817
-1.4597607 16.379194 2.9499817
-1.4199885 16.380362 2.9499817
-1.380322 16.379751 2.9499815
-1.3398112 16.379524 2.9499815
-1.2997763 16.379915 2.9499815
-1.2600161 16.379791 2.9499815
-1.2196616 16.380007 2.9499815
-1.1793574 16.380352 2.9499815
-1.1396248 16.37994 2.9499815
-1.0999757 16.380095 2.9499815
-1.0597051 16.380671 2.9499815
-1.0200169 16.380219 2.9499815
-0.97974336 16.379398 2.9499815
-0.93977809 16.379057 2.9499815
-0.89978188 16.379547 2.9499812
-0.85961217 16.379524 2.9499812
-0.8196817 16.379662 2.9499815
-0.78016984 16.379725 2.9499815
-0.7397086 16.379473 2.9499815
-0.69974005 16.379942 2.9499815
-0.66476393 16.384562 2.9499812
-0.6386025 16.398638 2.9499798
-2.9500906 16.422085 2.9377713
-2.9006977 16.423101 2.9499853
-2.8576181 16.420313 2.949985
-2.8156085 16.417593 2.949985
-2.777725 16.418245 2.9499843
-2.7381048 16.41993 2.9499846
-2.6990483 16.418734 2.9499843
-2.6610723 16.419661 2.9499846
-2.6213689 16.419518 2.9499841
-2.5802429 16.420158 2.9499841
-2.5400114 16.41921 2.9499838
-2.5008507 16.420362 2.9499838
-2.4617174 16.422626 2.9499838
-2.4208403 16.421062 2.9499838
-2.3792348 16.418829 2.9499838
-2.3383386 16.420305 2.9499838
-2.3003316 16.420988 2.9499836
-2.2597296 16.422041 2.9499831
-2.2191784 16.41824 2.9499834
-2.180599 16.420019 2.9499834
-2.1383994 16.420446 2.9499831
-2.097769 16.418631 2.9499834
-2.0591724 16.421534 2.9499831
-2.0197167 16.421335 2.9499826
-1.9786462 16.420216 2.9499826
-1.9402546 16.421902 2.9499822
-1.8993616 16.421061 2.9499822
-1.8589045 16.419296 2.9499822
-1.8203657 16.4189 2.9499822
-1.7818142 16.419037 2.9499819
-1.739673 16.41992 2.9499819
-1.6995132 16.418911 2.9499819
-1.6607176 16.419525 2.9499819
-1.6198972 16.41997 2.9499819
-1.5789058 16.418459 2.9499819
-1.5393295 16.418528 2.9499819
-1.4994742 16.420116 2.9499817
-1.4594258 16.420105 2.9499817
-1.4198151 16.419872 2.9499817
-1.3795347 16.419634 2.9499817
-1.3398606 16.41923 2.9499815
-1.2992634 16.420158 2.9499815
-1.2597831 16.420061 2.9499815
-1.2206805 16.420145 2.9499815
-1.1803448 16.420153 2.9499815
-1.1394863 16.419579 2.9499815
-1.099761 16.420425 2.9499815
-1.0597903 16.420639 2.9499815
-1.0198058 16.420099 2.9499815
-0.97973949 16.419401 2.9499815
-0.94020748 16.419201 2.9499815
-0.90007681 16.419571 2.9499815
-0.85916024 16.419434 2.9499812
-0.81921303 16.419725 2.9499812
-0.77967411 16.419474 2.9499815
-0.73951322 16.419825 2.9499815
-0.69967568 16.419729 2.9499815
-0.65951967 16.420055 2.9499815
-0.62525129 16.425184 2.9499812
-2.9505835 16.462542 2.9370372
-2.9028721 16.462225 2.9499853
-2.8635569 16.462479 2.9499853
-2.8184996 16.461786 2.949985
-2.7769759 16.458551 2.949985
-2.7394986 16.458773 2.9499848
-2.7002933 16.460016 2.9499846
-2.659225 16.459385 2.9499846
-2.619132 16.458767 2.9499841
-2.5799789 16.458164 2.9499841
-2.5404739 16.460957 2.9499838
-2.501106 16.459349 2.9499838
-2.4612176 16.462381 2.9499838
-2.4211926 16.462196 2.9499838
-2.3800609 16.456919 2.9499838
-2.3391216 16.460384 2.9499836
-2.300699 16.460211 2.9499838
-2.2612886 16.461138 2.9499838
-2.2198627 16.459206 2.9499831
-2.1787138 16.459192 2.9499834
-2.1413283 16.46044 2.9499831
-2.0997889 16.459204 2.9499829
-2.0592473 16.459473 2.9499834
-2.0182135 16.460562 2.9499829
-1.9796566 16.461031 2.9499829
-1.9405491 16.460255 2.9499826
-1.9012182 16.459955 2.9499822
-1.8592706 16.459351 2.9499822
-1.8189597 16.458483 2.9499822
-1.7800646 16.458963 2.9499819
-1.7411326 16.460602 2.9499819
-1.7000175 16.460928 2.9499819
-1.6597793 16.460041 2.9499819
-1.6191694 16.460012 2.9499819
-1.5798815 16.460005 2.9499819
-1.540403 16.457916 2.9499819
-1.4997463 16.460497 2.9499817
-1.4601548 16.460567 2.9499817
-1.4197637 16.459908 2.9499817
-1.3793064 16.459591 2.9499817
-1.3392773 16.459362 2.9499815
-1.300155 16.459906 2.9499815
-1.2611212 16.460142 2.9499815
-1.2201855 16.460136 2.9499815
-1.1797472 16.459496 2.9499815
-1.1393363 16.459433 2.9499815
-1.0995404 16.459457 2.9499815
-1.0600375 16.46035 2.9499815
-1.0199904 16.459383 2.9499815
-0.98016679 16.45998 2.9499815
-0.9397009 16.459663 2.9499815
-0.89961553 16.459633 2.9499815
-0.85982877 16.460106 2.9499815
-0.81955677 16.459684 2.9499812
-0.77966088 16.459745 2.9499815
-0.7397989 16.459755 2.9499815
-0.69963747 16.45973 2.9499815
-0.659796 16.459694 2.9499815
-0.61951447 16.459967 2.9499815
-0.58605075 16.465267 2.9499812
-2.9494054 16.49938 2.9383252
-2.9006083 16.498415 2.9499853
-2.8604572 16.501276 2.9499853
-2.8239403 16.50448 2.9499853
-2.7818258 16.500668 2.949985
-2.7383435 16.49951 2.949985
-2.6988158 16.501081 2.9499846
-2.65733 16.499945 2.9499846
-2.6168392 16.498835 2.9499846
-2.5773089 16.497751 2.9499841
-2.538938 16.501678 2.9499841
-2.4988823 16.501871 2.9499838
-2.4596963 16.499367 2.9499838
-2.4215291 16.500118 2.9499838
-2.3802931 16.498274 2.9499838
-2.3393545 16.499264 2.9499838
-2.2992342 16.500399 2.9499838
-2.259387 16.500832 2.9499838
-2.2205269 16.501244 2.9499838
-2.1796281 16.499285 2.9499834
-2.1394429 16.499855 2.9499834
-2.1018376 16.500896 2.9499834
-2.0600247 16.499311 2.9499829
-2.019429 16.499218 2.9499831
-1.978814 16.500538 2.9499831
-1.9408604 16.500832 2.9499826
-1.9001094 16.499624 2.9499824
-1.8604466 16.499846 2.9499822
-1.8208203 16.499971 2.9499822
-1.7791409 16.49931 2.9499822
-1.7398514 16.499165 2.9499822
-1.6996734 16.500282 2.9499819
-1.6602024 16.500937 2.9499819
-1.6199287 16.499432 2.9499819
-1.580067 16.500505 2.9499819
-1.5398713 16.499166 2.9499819
-1.500194 16.498884 2.9499819
-1.4598972 16.500826 2.9499817
-1.4201773 16.499458 2.9499817
-1.3803238 16.499954 2.9499817
-1.3398917 16.499519 2.9499817
-1.2999753 16.500559 2.9499815
-1.2592121 16.49975 2.9499815
-1.2201631 16.49983 2.9499815
-1.1803955 16.499762 2.9499815
-1.1404746 16.499846 2.9499815
-1.1000501 16.499058 2.9499815
-1.060128 16.500246 2.9499815
-1.019758 16.500015 2.9499815
-0.97961748 16.499548 2.9499815
-0.93964159 16.499809 2.9499815
-0.89954823 16.499847 2.9499815
-0.85950238 16.499882 2.9499815
-0.81959558 16.499685 2.9499815
-0.78006262 16.499834 2.9499812
-0.73992008 16.499739 2.9499815
-0.69976342 16.499699 2.9499815
-0.65979469 16.499697 2.9499815
-0.61972117 16.499802 2.9499815
-0.57976556 16.499718 2.9499815
-0.54705423 16.506142 2.9499812
-2.9491899 16.539852 2.9375224
-2.8936851 16.531261 2.949985
-2.8602178 16.541237 2.9499853
-2.8210576 16.540678 2.9499853
-2.781172 16.5429 2.9499853
-2.742707 16.542141 2.949985
-2.6997108 16.540468 2.949985
-2.6577699 16.538837 2.9499843
-2.6195757 16.53997 2.9499846
-2.5795381 16.538382 2.9499846
-2.538842 16.539301 2.9499841
-2.5001428 16.541645 2.9499841
-2.4582262 16.540434 2.9499838
-2.4213748 16.53944 2.9499838
-2.3797843 16.540127 2.9499838
-2.3374543 16.539265 2.9499838
-2.2987385 16.539484 2.9499836
-2.2597275 16.539394 2.9499836
-2.2217841 16.540697 2.9499838
-2.1814799 16.541861 2.9499836
-2.138078 16.5376 2.9499834
-2.0999506 16.538801 2.9499834
-2.0628889 16.541182 2.9499831
-2.0207219 16.538963 2.9499829
-1.9794624 16.540451 2.9499831
-1.9395586 16.540117 2.9499829
-1.89933 16.540161 2.9499829
-1.8602797 16.540239 2.9499824
-1.8198032 16.539665 2.9499822
-1.780874 16.539469 2.9499822
-1.7394062 16.539993 2.9499822
-1.6992688 16.539227 2.9499819
-1.6591072 16.540371 2.9499819
-1.6193835 16.539928 2.9499819
-1.5792559 16.540472 2.9499819
-1.5400673 16.539305 2.9499819
-1.4997382 16.539291 2.9499819
-1.4599448 16.540289 2.9499819
-1.4199778 16.539696 2.9499817
-1.3789238 16.540127 2.9499817
-1.3392898 16.539452 2.9499817
-1.2993633 16.540279 2.9499817
-1.259248 16.539986 2.9499817
-1.219167 16.53965 2.9499815
-1.1792887 16.539928 2.9499815
-1.1400362 16.540239 2.9499815
-1.0999585 16.539312 2.9499815
-1.0596203 16.540041 2.9499815
-1.0199761 16.53974 2.9499815
-0.97979504 16.539598 2.9499815
-0.93977827 16.540277 2.9499815
-0.89990866 16.539516 2.9499815
-0.85920399 16.540033 2.9499815
-0.81904858 16.539682 2.9499815
-0.77959031 16.539473 2.9499815
-0.73989236 16.539917 2.9499812
-0.69984877 16.539537 2.9499815
-0.65958935 16.539988 2.9499815
-0.61959928 16.53964 2.9499815
-0.5798282 16.540005 2.9499815
-0.53958791 16.539318 2.9499815
-0.50772351 16.547302 2.9499812
-2.9509506 16.581402 2.93731
-2.9003377 16.576572 2.9499853
-2.8574841 16.578371 2.9499853
-2.8180535 16.57744 2.9499853
-2.7810996 16.58304 2.9499853
-2.7431762 16.582029 2.9499853
-2.7006893 16.580782 2.949985
-2.6610782 16.581427 2.949985
-2.6172264 16.581821 2.9499846
-2.5767932 16.579706 2.9499846
-2.537329 16.577642 2.9499843
-2.4989834 16.580791 2.9499841
-2.4590087 16.580605 2.9499838
-2.4176691 16.578888 2.9499838
-2.3818378 16.581358 2.9499838
-2.3402863 16.578096 2.9499838
-2.2997792 16.578379 2.9499838
-2.2597141 16.578535 2.9499838
-2.2196705 16.579878 2.9499836
-2.1805861 16.581196 2.9499838
-2.141027 16.579103 2.9499836
-2.0997076 16.578966 2.9499834
-2.0598543 16.58131 2.9499834
-2.0188468 16.580046 2.9499829
-1.9788737 16.580351 2.9499831
-1.9396249 16.578169 2.9499831
-1.9002804 16.579967 2.9499829
-1.8591115 16.580805 2.9499829
-1.8199636 16.579594 2.9499826
-1.7794924 16.578739 2.9499822
-1.7412163 16.580812 2.9499822
-1.7016001 16.580006 2.9499819
-1.659139 16.57991 2.9499819
-1.6195527 16.579901 2.9499819
-1.5802531 16.579725 2.9499819
-1.5401101 16.579655 2.9499819
-1.5002235 16.579123 2.9499819
-1.4597969 16.579199 2.9499819
-1.4199268 16.580626 2.9499819
-1.3802984 16.580021 2.9499817
-1.3396014 16.580412 2.9499817
-1.3004718 16.579096 2.9499817
-1.2597767 16.579802 2.9499817
-1.2190949 16.579569 2.9499815
-1.1796044 16.580231 2.9499815
-1.1399899 16.579376 2.9499815
-1.0997766 16.580143 2.9499815
-1.059561 16.57942 2.9499815
-1.0196683 16.579708 2.9499815
-0.97943258 16.579805 2.9499815
-0.93943989 16.579994 2.9499815
-0.89996123 16.579708 2.9499815
-0.86033797 16.579998 2.9499815
-0.82006383 16.579941 2.9499815
-0.7800774 16.579292 2.9499815
-0.73972148 16.580219 2.9499812
-0.69961661 16.579481 2.9499812
-0.65948564 16.579859 2.9499815
-0.61974615 16.57976 2.9499815
-0.57989794 16.579819 2.9499815
-0.53988177 16.579552 2.9499815
-0.49985218 16.580147 2.9499815
-0.46865302 16.587189 2.949981
-2.9505632 16.620335 2.9374974
-2.9045594 16.625866 2.9499853
-2.8591466 16.620243 2.9499853
-2.8149211 16.614769 2.9499853
-2.7777503 16.620169 2.9499853
-2.7395725 16.618784 2.9499853
-2.7036426 16.623943 2.9499853
-2.6633217 16.619556 2.949985
-2.6224456 16.622385 2.949985
-2.5790677 16.622276 2.9499846
-2.5390973 16.619673 2.9499846
-2.4977565 16.619598 2.9499841
-2.4598093 16.621727 2.9499841
-2.4202495 16.617046 2.9499838
-2.381727 16.621536 2.9499838
-2.3397024 16.617682 2.9499838
-2.2987463 16.61747 2.9499838
-2.2587452 16.618979 2.9499838
-2.2192895 16.620064 2.9499836
-2.1816406 16.620197 2.9499836
-2.1411445 16.621954 2.9499836
-2.0976264 16.619471 2.9499836
-2.0583003 16.618452 2.9499834
-2.018769 16.620729 2.9499834
-1.9778453 16.621572 2.9499831
-1.9384764 16.618481 2.9499831
-1.8997948 16.619741 2.9499831
-1.8611058 16.619452 2.9499826
-1.8203923 16.619228 2.9499826
-1.7807674 16.619467 2.9499826
-1.7389811 16.6199 2.9499822
-1.698632 16.620342 2.9499822
-1.659514 16.62063 2.9499822
-1.6199751 16.619295 2.9499819
-1.5802228 16.61957 2.9499819
-1.5400871 16.619246 2.9499819
-1.4994578 16.619631 2.9499819
-1.4592422 16.619528 2.9499819
-1.419933 16.620651 2.9499819
-1.3799781 16.620281 2.9499819
-1.3398781 16.620308 2.9499817
-1.299245 16.619455 2.9499817
-1.2595966 16.619379 2.9499817
-1.2193862 16.619537 2.9499817
-1.1797086 16.620153 2.9499815
-1.1395687 16.620096 2.9499815
-1.0991671 16.620314 2.9499815
-1.059411 16.618834 2.9499815
-1.019848 16.619574 2.9499815
-0.97994679 16.620171 2.9499815
-0.93942571 16.619623 2.9499815
-0.89958382 16.620127 2.9499815
-0.85907179 16.619835 2.9499815
-0.81943512 16.619732 2.9499815
-0.77980447 16.619431 2.9499815
-0.74001294 16.620054 2.9499815
-0.69971496 16.619778 2.9499815
-0.65978295 16.619654 2.9499812
-0.61944044 16.61986 2.9499815
-0.57935756 16.619705 2.9499815
-0.53948689 16.619541 2.9499815
-0.49946716 16.620014 2.9499815
-0.45990428 16.619698 2.9499815
-0.42936257 16.62871 2.949981
-2.9495504 16.660734 2.9375622
-2.9019864 16.661734 2.9499855
-2.8654246 16.667358 2.9499853
-2.8231044 16.658455 2.9499853
-2.7742684 16.657867 2.9499853
-2.7358372 16.656103 2.9499853
-2.6997004 16.661055 2.9499853
-2.6594899 16.658062 2.949985
-2.6216478 16.662613 2.9499848
-2.583813 16.663343 2.9499843
-2.5432937 16.660204 2.9499843
-2.5014012 16.659637 2.9499846
-2.4581842 16.661554 2.9499841
-2.4205904 16.658548 2.9499841
-2.3793294 16.660429 2.9499838
-2.3412693 16.659887 2.9499838
-2.2998843 16.655994 2.9499838
-2.2593119 16.659279 2.9499838
-2.2197838 16.660286 2.9499838
-2.1793354 16.658772 2.9499836
-2.1396565 16.661137 2.9499836
-2.1019366 16.6614 2.9499838
-2.0591023 16.657948 2.9499834
-2.0176141 16.659849 2.9499834
-1.9786212 16.661591 2.9499834
-1.9389524 16.660557 2.9499831
-1.8987497 16.658272 2.9499831
-1.8585768 16.659246 2.9499829
-1.8205777 16.660519 2.9499826
-1.7792398 16.65881 2.9499826
-1.7411537 16.661133 2.9499824
-1.6998984 16.659868 2.9499822
-1.6602036 16.659586 2.9499822
-1.6208277 16.660498 2.9499822
-1.579913 16.660313 2.9499819
-1.539307 16.65983 2.9499819
-1.5000135 16.658995 2.9499819
-1.4606884 16.659792 2.9499819
-1.4195323 16.661167 2.9499819
-1.3796738 16.659565 2.9499819
-1.3408667 16.66025 2.9499819
-1.2999287 16.660364 2.9499817
-1.2591788 16.659231 2.9499817
-1.2201396 16.660009 2.9499817
-1.1799572 16.659309 2.9499817
-1.1397278 16.660269 2.9499815
-1.1006461 16.659538 2.9499815
-1.0600048 16.659395 2.9499815
-1.0191708 16.659727 2.9499815
-0.9795565 16.659403 2.9499815
-0.9400208 16.660217 2.9499815
-0.89956003 16.659285 2.9499815
-0.85995537 16.660015 2.9499815
-0.81965208 16.659782 2.9499815
-0.7794407 16.659868 2.9499815
-0.7394976 16.659571 2.9499815
-0.69977289 16.66 2.9499815
-0.65935618 16.659727 2.9499812
-0.61961949 16.659891 2.9499812
-0.57991177 16.659866 2.9499815
-0.53981519 16.659611 2.9499815
-0.49986821 16.659935 2.9499815
-0.45964304 16.659462 2.9499815
-0.41981044 16.659906 2.9499815
-0.39011484 16.669657 2.949981
-2.9497032 16.70188 2.9378693
-2.8930297 16.693323 2.9499855
-2.8608401 16.699835 2.9499855
-2.8245003 16.701784 2.9499853
-2.7819133 16.702127 2.9499853
-2.7361565 16.698275 2.9499853
-2.6956217 16.698738 2.9499853
-2.6584187 16.696539 2.9499848
-2.6200867 16.699839 2.949985
-2.5826099 16.704 2.9499848
-2.5425596 16.701319 2.9499846
-2.502018 16.698343 2.9499846
-2.4613492 16.702103 2.9499843
-2.4209394 16.701038 2.9499841
-2.3814862 16.700003 2.9499841
-2.3429561 16.698992 2.9499838
-2.3009603 16.698183 2.9499838
-2.2599897 16.698288 2.9499838
-2.219877 16.701088 2.9499838
-2.1810629 16.697603 2.9499838
-2.1408875 16.699533 2.9499836
-2.1016679 16.701412 2.9499836
-2.0608544 16.700855 2.9499834
-2.0192964 16.698549 2.9499834
-1.9811373 16.698523 2.9499834
-1.9409667 16.702185 2.9499831
-1.8991911 16.697924 2.9499831
-1.8598597 16.699505 2.9499831
-1.8189405 16.700981 2.9499829
-1.7802069 16.697983 2.9499829
-1.7387227 16.699841 2.9499824
-1.699842 16.701307 2.9499822
-1.659429 16.699867 2.9499822
-1.6198757 16.699881 2.9499822
-1.5818383 16.700541 2.9499822
-1.5398762 16.700369 2.9499819
-1.4990526 16.700085 2.9499819
-1.4587719 16.698603 2.9499819
-1.4197245 16.701317 2.9499819
-1.3791628 16.698933 2.9499819
-1.3390765 16.700686 2.9499819
-1.2998004 16.700237 2.9499817
-1.2602123 16.699278 2.9499817
-1.2200443 16.699413 2.9499817
-1.1809562 16.699909 2.9499817
-1.1397445 16.69895 2.9499815
-1.0992677 16.699787 2.9499815
-1.0597355 16.700294 2.9499815
-1.0202831 16.699575 2.9499815
-0.9800418 16.699808 2.9499815
-0.94008183 16.699915 2.9499815
-0.90016562 16.699627 2.9499815
-0.85984075 16.699417 2.9499815
-0.82024771 16.700062 2.9499815
-0.78051656 16.699421 2.9499815
-0.73971915 16.699974 2.9499815
-0.69938958 16.700241 2.9499815
-0.65930468 16.699705 2.9499815
-0.61948121 16.699753 2.9499815
-0.5797106 16.6999 2.9499812
-0.53971422 16.699753 2.9499815
-0.49961686 16.699484 2.9499815
-0.45947987 16.699923 2.9499815
-0.41962963 16.699688 2.9499815
-0.38029513 16.700169 2.9499815
-0.35087189 16.710302 2.949981
-2.950422 16.740192 2.9385583
-2.8999484 16.742744 2.9499855
-2.8533621 16.735378 2.9499855
-2.8147328 16.734909 2.9499855
-2.7840743 16.742853 2.9499853
-2.7432966 16.743069 2.9499853
-2.6955037 16.741375 2.9499853
-2.65396 16.734407 2.9499853
-2.6186314 16.738722 2.9499848
-2.580683 16.741613 2.949985
-2.5403531 16.743177 2.949985
-2.5000114 16.739019 2.9499843
-2.461436 16.740564 2.9499843
-2.4236529 16.742065 2.9499843
-2.3836951 16.740528 2.9499841
-2.3401728 16.739155 2.9499841
-2.2999039 16.740091 2.9499838
-2.2605646 16.741011 2.9499838
-2.2213774 16.738359 2.9499838
-2.1786971 16.737959 2.9499838
-2.1381042 16.739414 2.9499838
-2.0984874 16.740833 2.9499836
-2.0598128 16.742214 2.9499836
-2.0218256 16.739775 2.9499836
-1.9806252 16.73711 2.9499834
-1.9411288 16.739697 2.9499834
-1.9002043 16.739973 2.9499831
-1.8597858 16.739698 2.9499831
-1.8209698 16.740734 2.9499831
-1.7799917 16.738354 2.9499829
-1.7394238 16.739027 2.9499829
-1.6995281 16.741573 2.9499826
-1.6605929 16.739296 2.9499822
-1.6216583 16.73991 2.9499822
-1.5778817 16.739147 2.9499822
-1.5392567 16.739285 2.9499822
-1.500923 16.74161 2.9499819
-1.4607688 16.739531 2.9499819
-1.4194283 16.739191 2.9499819
-1.3799914 16.739662 2.9499819
-1.3403646 16.74007 2.9499819
-1.3008218 16.740236 2.9499819
-1.2592207 16.739254 2.9499817
-1.2197342 16.739429 2.9499817
-1.1795933 16.739714 2.9499817
-1.1394967 16.739391 2.9499817
-1.0999521 16.74036 2.9499815
-1.0602943 16.740171 2.9499815
-1.0195498 16.739412 2.9499815
-0.97982484 16.740536 2.9499815
-0.93989426 16.739193 2.9499815
-0.89973158 16.740477 2.9499815
-0.85998672 16.739117 2.9499815
-0.81954408 16.739843 2.9499815
-0.77939397 16.739801 2.9499815
-0.73922515 16.739883 2.9499815
-0.70027667 16.740103 2.9499815
-0.65963441 16.739828 2.9499815
-0.6196804 16.739662 2.9499812
-0.57961124 16.740128 2.9499815
-0.53930336 16.739655 2.9499812
-0.49975365 16.739323 2.9499815
-0.45957211 16.740103 2.9499815
-0.41925305 16.739752 2.9499815
-0.37965009 16.739689 2.9499815
-0.34071586 16.740417 2.9499815
-0.31274179 16.750673 2.9499807
-2.9497721 16.779192 2.9367573
-2.9097791 16.790667 2.9499857
-2.8624146 16.782537 2.9499855
-2.8163393 16.774632 2.9499855
-2.7776556 16.778822 2.9499855
-2.7394578 16.7794 2.949985
-2.70468 16.78401 2.949985
-2.6599326 16.779085 2.9499853
-2.6138322 16.776951 2.9499853
-2.5763609 16.776907 2.9499848
-2.5408022 16.780432 2.9499848
-2.5004938 16.778683 2.9499848
-2.4615147 16.779833 2.9499843
-2.4204371 16.779211 2.9499843
-2.3806214 16.781416 2.9499841
-2.3413172 16.780096 2.9499841
-2.3005652 16.780563 2.9499841
-2.2607656 16.781019 2.9499838
-2.2204039 16.779148 2.9499838
-2.1804528 16.778709 2.9499838
-2.1393409 16.779682 2.9499838
-2.0992286 16.780632 2.9499838
-2.060082 16.781551 2.9499836
-2.0218654 16.782444 2.9499836
-1.9812813 16.77989 2.9499834
-1.9392115 16.778986 2.9499834
-1.9010793 16.779173 2.9499834
-1.8597177 16.780958 2.9499831
-1.8185428 16.777838 2.9499834
-1.779729 16.779804 2.9499831
-1.7404495 16.778307 2.9499829
-1.7001874 16.77953 2.9499829
-1.6599002 16.780125 2.9499826
-1.6195161 16.779291 2.9499822
-1.5813087 16.779781 2.9499822
-1.5395198 16.779594 2.9499822
-1.4996204 16.780581 2.9499822
-1.4598578 16.780468 2.9499819
-1.4198551 16.780809 2.9499819
-1.379943 16.779835 2.9499819
-1.3388497 16.779552 2.9499819
-1.2981668 16.779345 2.9499819
-1.2596505 16.779192 2.9499819
-1.2200845 16.779247 2.9499817
-1.1798846 16.779448 2.9499817
-1.1405563 16.779881 2.9499817
-1.0997821 16.780306 2.9499817
-1.059732 16.780354 2.9499815
-1.0203083 16.780212 2.9499815
-0.9799701 16.779779 2.9499815
-0.93961275 16.778933 2.9499815
-0.8997739 16.779484 2.9499815
-0.85954821 16.779638 2.9499815
-0.81940532 16.780027 2.9499815
-0.77925187 16.780577 2.9499815
-0.74004912 16.780169 2.9499815
-0.69946533 16.779049 2.9499815
-0.65981287 16.779575 2.9499815
-0.61983991 16.779684 2.9499815
-0.58006251 16.780252 2.9499815
-0.54009068 16.78027 2.9499812
-0.49992669 16.779428 2.9499812
-0.45916539 16.779448 2.9499815
-0.41946334 16.779694 2.9499815
-0.37977538 16.779778 2.9499815
-0.33982196 16.779739 2.9499815
-0.31343925 16.777515 2.949981
-2.9493313 16.821892 2.9383881
-2.8980346 16.818117 2.9499857
-2.8655696 16.825869 2.9499855
-2.8221998 16.825174 2.9499855
-2.7740276 16.81949 2.9499855
-2.7369959 16.814566 2.9499853
-2.7032154 16.821409 2.9499853
-2.6660633 16.824951 2.9499853
-2.6218209 16.819494 2.9499853
-2.5762119 16.816833 2.9499853
-2.5378923 16.816034 2.9499848
-2.5009749 16.819195 2.949985
-2.4615836 16.819935 2.9499848
-2.4201651 16.819557 2.9499846
-2.3798506 16.820635 2.9499843
-2.3402219 16.819546 2.9499841
-2.2990568 16.819544 2.9499841
-2.2588627 16.819544 2.9499841
-2.2196066 16.819544 2.9499838
-2.1812556 16.819544 2.9499838
-2.1414449 16.818764 2.9499838
-2.1003804 16.819292 2.9499838
-2.0603235 16.819803 2.9499838
-2.0212376 16.820299 2.9499836
-1.9819332 16.823805 2.9499838
-1.9401017 16.820652 2.9499834
-1.8989964 16.81883 2.9499834
-1.8611442 16.820269 2.9499834
-1.8200307 16.820271 2.9499829
-1.7790711 16.818104 2.9499831
-1.739447 16.819563 2.9499831
-1.699576 16.819702 2.9499826
-1.6609708 16.820009 2.9499829
-1.6214992 16.819218 2.9499826
-1.5799654 16.819429 2.9499822
-1.5406232 16.819672 2.9499822
-1.4991335 16.819897 2.9499822
-1.4592227 16.818359 2.9499819
-1.4208486 16.822741 2.9499819
-1.3806787 16.821192 2.9499819
-1.3406655 16.819494 2.9499819
-1.300181 16.819563 2.9499819
-1.2602224 16.819567 2.9499819
-1.2200015 16.818926 2.9499819
-1.1795932 16.819197 2.9499817
-1.139804 16.819162 2.9499817
-1.0999415 16.820265 2.9499817
-1.0596151 16.819998 2.9499817
-1.0202813 16.821117 2.9499817
-0.98007685 16.819798 2.9499815
-0.93986422 16.81905 2.9499815
-0.90028369 16.819489 2.9499815
-0.86025035 16.819599 2.9499815
-0.82036561 16.819599 2.9499815
-0.78028888 16.819481 2.9499815
-0.73960137 16.821255 2.9499815
-0.69946659 16.819443 2.9499815
-0.6599195 16.8197 2.9499815
-0.61981863 16.819372 2.9499815
-0.57961744 16.819609 2.9499815
-0.53953856 16.820215 2.9499815
-0.49943402 16.819904 2.9499812
-0.45956251 16.819258 2.9499812
-0.41999593 16.819971 2.9499815
-0.37978083 16.819609 2.9499815
-0.33960479 16.820221 2.9499815
-0.31722063 16.81213 2.94998
-2.9523292 16.862606 2.9371603
-2.9005892 16.860407 2.9499857
-2.8499725 16.854073 2.9499855
-2.8235855 16.8626 2.9499855
-2.7846663 16.864965 2.9499855
-2.7370043 16.858742 2.9499855
-2.6961961 16.857822 2.9499853
-2.661602 16.861942 2.949985
-2.6274467 16.865892 2.949985
-2.5837092 16.8599 2.9499853
-2.5360839 16.859379 2.9499853
-2.4946244 16.853621 2.9499848
-2.461643 16.860897 2.949985
-2.4198778 16.860777 2.949985
-2.3790534 16.860676 2.9499843
-2.3418241 16.86095 2.9499843
-2.3026385 16.85939 2.9499841
-2.2619221 16.858913 2.9499841
-2.2221665 16.85845 2.9499841
-2.1800666 16.859419 2.9499838
-2.1400476 16.859901 2.9499838
-2.1010919 16.858944 2.9499838
-2.061002 16.858919 2.9499838
-2.0218873 16.858894 2.9499838
-1.9807386 16.862019 2.9499836
-1.9372898 16.86146 2.9499838
-1.8974774 16.859297 2.9499834
-1.8585994 16.86039 2.9499834
-1.8206655 16.861443 2.9499834
-1.7808144 16.859715 2.9499831
-1.7404281 16.858086 2.9499834
-1.7006551 16.860691 2.9499831
-1.6613256 16.860256 2.9499826
-1.6204281 16.859375 2.9499826
-1.5806826 16.858934 2.9499826
-1.5395954 16.858332 2.9499822
-1.5010071 16.860569 2.9499822
-1.4597785 16.858883 2.9499822
-1.4183991 16.860197 2.9499819
-1.3801646 16.860313 2.9499819
-1.3413827 16.861765 2.9499819
-1.3013246 16.860048 2.9499819
-1.2615488 16.85955 2.9499819
-1.2199159 16.859922 2.9499819
-1.1788505 16.859478 2.9499819
-1.1391971 16.859051 2.9499817
-1.0998238 16.85919 2.9499817
-1.0606092 16.860876 2.9499817
-1.0198106 16.859289 2.9499817
-0.97922266 16.860453 2.9499815
-0.93975449 16.860085 2.9499815
-0.89963078 16.859631 2.9499815
-0.8595227 16.859558 2.9499815
-0.81986427 16.859335 2.9499815
-0.77930468 16.859236 2.9499815
-0.7395246 16.860727 2.9499815
-0.69940877 16.859835 2.9499815
-0.6602385 16.860033 2.9499815
-0.62010092 16.859739 2.9499815
-0.57992965 16.859505 2.9499815
-0.53986627 16.859541 2.9499815
-0.50016135 16.860241 2.9499815
-0.46042612 16.859848 2.9499812
-0.42005557 16.859262 2.9499812
-0.38006452 16.859505 2.9499815
-0.34178287 16.859705 2.9499815
-2.9483876 16.898905 2.9371269
-2.9033566 16.903767 2.949986
-2.8619909 16.901331 2.9499857
-2.8146324 16.891541 2.9499855
-2.7794108 16.899712 2.9499855
-2.744452 16.907602 2.9499855
-2.6973369 16.900797 2.9499855
-2.6514864 16.894176 2.9499853
-2.6173999 16.898052 2.949985
-2.5837407 16.901756 2.949985
-2.5430565 16.903 2.9499853
-2.4984636 16.899265 2.949985
-2.4525316 16.898249 2.9499848
-2.414366 16.898327 2.9499848
-2.3769743 16.898386 2.9499846
-2.3406236 16.901417 2.9499843
-2.3011098 16.900101 2.9499843
-2.2599814 16.899128 2.9499841
-2.2198336 16.898178 2.9499841
-2.1808834 16.902218 2.9499838
-2.1401501 16.900375 2.9499838
-2.1004622 16.900206 2.9499838
-2.061708 16.898962 2.9499838
-2.0216899 16.900599 2.9499838
-1.9810678 16.900816 2.9499838
-1.9415706 16.899895 2.9499836
-1.8994656 16.901562 2.9499838
-1.8601665 16.898853 2.9499838
-1.8199853 16.899805 2.9499834
-1.7791363 16.899063 2.9499834
-1.740283 16.900433 2.9499831
-1.7011274 16.899752 2.9499834
-1.6588345 16.900457 2.9499826
-1.6191099 16.900547 2.9499829
-1.5788291 16.899353 2.9499826
-1.5397313 16.898317 2.9499824
-1.4993718 16.900976 2.9499822
-1.4611651 16.900263 2.9499822
-1.4204109 16.89922 2.9499822
-1.3797007 16.899342 2.9499822
-1.3394723 16.899532 2.9499819
-1.3002518 16.901016 2.9499819
-1.2609499 16.898642 2.9499819
-1.2203797 16.900612 2.9499819
-1.1801078 16.899801 2.9499819
-1.1400834 16.899307 2.9499819
-1.0999824 16.899878 2.9499817
-1.0596768 16.901083 2.9499817
-1.0193697 16.899321 2.9499817
-0.98039407 16.899574 2.9499817
-0.93978173 16.900126 2.9499815
-0.89993829 16.899319 2.9499815
-0.860107 16.900713 2.9499815
-0.81926042 16.899633 2.9499815
-0.77982271 16.89942 2.9499815
-0.73976785 16.900023 2.9499815
-0.69971323 16.899471 2.9499815
-0.65941197 16.899628 2.9499815
-0.62011415 16.899668 2.9499815
-0.57996249 16.900017 2.9499815
-0.54002154 16.899708 2.9499815
-0.49930191 16.899868 2.9499815
-0.46006393 16.899817 2.9499815
-0.42033637 16.899755 2.9499812
-0.37991148 16.899544 2.9499812
-0.34582099 16.899311 2.9499812
-2.9502027 16.940468 2.9381204
-2.8911347 16.932158 2.949986
-2.8643415 16.945133 2.949986
-2.8233919 16.942251 2.9499857
-2.7738554 16.934772 2.9499855
-2.7353985 16.936647 2.9499855
-2.706918 16.947395 2.9499855
-2.6603141 16.940048 2.9499855
-2.6149604 16.932899 2.9499853
-2.5777221 16.936533 2.9499853
-2.5426571 16.945314 2.949985
-2.5049446 16.943405 2.9499853
-2.4608436 16.939148 2.949985
-2.4153905 16.937626 2.949985
-2.3766768 16.93713 2.949985
-2.3381798 16.939516 2.9499846
-2.2989411 16.939024 2.9499843
-2.2605774 16.940662 2.9499843
-2.2224545 16.938913 2.9499841
-2.1810293 16.93932 2.9499841
-2.1394095 16.940956 2.9499838
-2.0992689 16.939173 2.9499838
-2.0601094 16.937992 2.9499838
-2.021924 16.941139 2.9499838
-1.9802294 16.940739 2.9499838
-1.9404037 16.941549 2.9499836
-1.9012196 16.942009 2.9499838
-1.8580985 16.938992 2.9499838
-1.8192707 16.9391 2.9499838
-1.7813964 16.939194 2.9499834
-1.7404006 16.942232 2.9499831
-1.699037 16.9391 2.9499831
-1.6589456 16.940712 2.9499831
-1.6186315 16.941214 2.9499831
-1.5782301 16.939693 2.9499829
-1.5387068 16.93836 2.9499826
-1.4991907 16.941301 2.9499822
-1.4593755 16.939941 2.9499822
-1.4196273 16.93877 2.9499822
-1.3800755 16.940453 2.9499822
-1.3389262 16.939943 2.9499819
-1.2984903 16.938753 2.9499819
-1.2602216 16.939646 2.9499819
-1.2205123 16.939808 2.9499819
-1.1800289 16.939528 2.9499819
-1.1397728 16.940382 2.9499819
-1.099524 16.939358 2.9499817
-1.0599349 16.940102 2.9499817
-1.0201533 16.940308 2.9499817
-0.97908461 16.939032 2.9499817
-0.93927884 16.940039 2.9499817
-0.89929146 16.940041 2.9499815
-0.85951519 16.940262 2.9499815
-0.81976974 16.939966 2.9499815
-0.7790795 16.939999 2.9499815
-0.73945171 16.939804 2.9499815
-0.69968766 16.940039 2.9499815
-0.66000766 16.939312 2.9499815
-0.61981583 16.939705 2.9499815
-0.57937688 16.939959 2.9499815
-0.53968579 16.939678 2.9499815
-0.49980587 16.939489 2.9499815
-0.45994535 16.939953 2.9499815
-0.41984779 16.939468 2.9499812
-0.37941387 16.939722 2.9499812
-0.35017139 16.938559 2.9499812
-2.9510918 16.979347 2.936996
-2.9041049 16.981936 2.9499857
-2.8519812 16.973667 2.949986
-2.8248317 16.981876 2.9499862
-2.7847939 16.983173 2.9499857
-2.7357969 16.975122 2.9499855
-2.6932945 16.976425 2.9499855
-2.6667037 16.990032 2.9499855
-2.6232908 16.979301 2.9499853
-2.5758255 16.97439 2.9499853
-2.539752 16.980373 2.949985
-2.5026038 16.980797 2.9499853
-2.4609325 16.982779 2.9499853
-2.4207153 16.981693 2.949985
-2.3757739 16.979628 2.949985
-2.3344073 16.975023 2.9499848
-2.3000054 16.977739 2.9499843
-2.2605796 16.979694 2.9499843
-2.2200637 16.980404 2.9499843
-2.1799734 16.978462 2.9499841
-2.1410401 16.981714 2.9499841
-2.1004064 16.979399 2.9499838
-2.0584872 16.977867 2.9499838
-2.0198936 16.980629 2.9499838
-1.979975 16.97954 2.9499838
-1.938818 16.982096 2.9499838
-1.9008383 16.980593 2.9499836
-1.861015 16.981102 2.9499836
-1.816727 16.979677 2.9499838
-1.7784511 16.979267 2.9499834
-1.7404633 16.980762 2.9499834
-1.699458 16.980455 2.9499831
-1.6577177 16.979628 2.9499834
-1.6198959 16.98073 2.9499834
-1.5811177 16.980837 2.9499829
-1.5406438 16.978584 2.9499829
-1.5005791 16.980532 2.9499824
-1.459327 16.979874 2.9499822
-1.4188412 16.979862 2.9499822
-1.3782036 16.978523 2.9499822
-1.341082 16.981794 2.9499822
-1.2994503 16.979359 2.9499819
-1.2585545 16.979845 2.9499819
-1.2208383 16.979097 2.9499819
-1.179896 16.979864 2.9499819
-1.139402 16.979832 2.9499819
-1.1002795 16.979216 2.9499819
-1.0593101 16.980062 2.9499817
-1.0193322 16.980692 2.9499817
-0.97934282 16.979584 2.9499817
-0.9395926 16.978886 2.9499817
-0.900334 16.981083 2.9499817
-0.8603878 16.979219 2.9499815
-0.82025081 16.97999 2.9499815
-0.7808097 16.980167 2.9499815
-0.74082994 16.97982 2.9499815
-0.70018053 16.980087 2.9499815
-0.66009915 16.979893 2.9499815
-0.62002981 16.979473 2.9499815
-0.58003294 16.980268 2.9499815
-0.54010147 16.979408 2.9499815
-0.49988845 16.979618 2.9499815
-0.46032575 16.979753 2.9499815
-0.42001721 16.979624 2.9499815
-0.37985176 16.979607 2.9499815
-0.35407731 16.977051 2.9499807
-2.9481237 17.020327 2.9378867
-2.8994112 17.019615 2.949986
-2.8643799 17.024054 2.9499857
-2.815624 17.012215 2.9499857
-2.7858629 17.023191 2.9499857
-2.7461956 17.024096 2.9499857
-2.6977384 17.015472 2.9499855
-2.6556296 17.016356 2.9499855
-2.6237628 17.024204 2.9499855
-2.5836234 17.021357 2.9499853
-2.5340815 17.018648 2.9499853
-2.4959645 17.016043 2.949985
-2.461374 17.021017 2.949985
-2.4219248 17.022921 2.9499853
-2.3830955 17.021578 2.9499848
-2.3386328 17.019003 2.949985
-2.2952883 17.016497 2.9499846
-2.2586982 17.019846 2.9499846
-2.2190959 17.019285 2.9499846
-2.1821365 17.020613 2.9499846
-2.1401753 17.020657 2.9499841
-2.0991859 17.020733 2.9499841
-2.059144 17.018496 2.9499838
-2.0200942 17.020845 2.9499838
-1.9819311 17.018658 2.9499838
-1.9402615 17.021643 2.9499838
-1.8996978 17.019329 2.9499838
-1.8599665 17.023096 2.9499836
-1.8195369 17.018394 2.9499836
-1.7800388 17.01762 2.9499836
-1.7394644 17.019045 2.9499836
-1.7002517 17.022177 2.9499834
-1.6596768 17.020288 2.9499831
-1.6186436 17.018427 2.9499834
-1.5806614 17.022326 2.9499834
-1.5399792 17.018724 2.9499829
-1.499377 17.0201 2.9499829
-1.4605751 17.019415 2.9499824
-1.4208671 17.019732 2.9499822
-1.3800569 17.019514 2.9499822
-1.3386998 17.020407 2.9499822
-1.3016098 17.02084 2.9499822
-1.2601194 17.019968 2.9499819
-1.2188462 17.019474 2.9499819
-1.1801882 17.019922 2.9499819
-1.1402425 17.019491 2.9499819
-1.1001158 17.019047 2.9499819
-1.0604357 17.020191 2.9499819
-1.0201339 17.020329 2.9499817
-0.9806096 17.020323 2.9499817
-0.93983668 17.019627 2.9499817
-0.89908284 17.019993 2.9499817
-0.85975355 17.019659 2.9499817
-0.82043338 17.019566 2.9499815
-0.77945781 17.019459 2.9499815
-0.73924768 17.020092 2.9499815
-0.69984734 17.019943 2.9499815
-0.66010207 17.020103 2.9499815
-0.62003881 17.018877 2.9499815
-0.57955664 17.020592 2.9499815
-0.5392946 17.020245 2.9499815
-0.4994286 17.019814 2.9499815
-0.45951426 17.019447 2.9499815
-0.41942003 17.019379 2.9499815
-0.37947381 17.02035 2.9499815
-0.35719648 17.0082 2.9499803
-2.9516582 17.061056 2.9375608
-2.8944228 17.05761 2.9499857
-2.8593915 17.062046 2.949986
-2.8274918 17.06316 2.949986
-2.7764704 17.053726 2.9499857
-2.7405164 17.060982 2.9499857
-2.7048397 17.067942 2.9499857
-2.6569614 17.058704 2.9499855
-2.6104031 17.049721 2.9499855
-2.5863314 17.06389 2.9499855
-2.5466003 17.060608 2.9499853
-2.4975555 17.057375 2.9499853
-2.4568694 17.0557 2.9499853
-2.4188213 17.060896 2.9499853
-2.3797224 17.05916 2.9499853
-2.3429673 17.064121 2.9499848
-2.299016 17.061005 2.949985
-2.25617 17.05797 2.9499846
-2.2179127 17.058023 2.9499843
-2.1780548 17.060602 2.9499843
-2.139256 17.060452 2.9499843
-2.0999367 17.060184 2.9499841
-2.0598161 17.060089 2.9499838
-2.0199637 17.05937 2.9499838
-1.9816903 17.059288 2.9499838
-1.9417411 17.06127 2.9499838
-1.9006565 17.059727 2.9499838
-1.8605084 17.060879 2.9499838
-1.8207525 17.060381 2.9499836
-1.776577 17.057768 2.9499838
-1.7384384 17.058228 2.9499836
-1.7001759 17.060698 2.9499836
-1.6616682 17.062067 2.9499834
-1.6189182 17.05851 2.9499831
-1.5789417 17.06052 2.9499834
-1.5404732 17.059244 2.9499831
-1.5000687 17.060795 2.9499829
-1.4597999 17.059065 2.9499829
-1.4205607 17.060089 2.9499824
-1.3797866 17.058748 2.9499822
-1.3408245 17.060942 2.9499822
-1.29888 17.060715 2.9499822
-1.2598437 17.059563 2.9499822
-1.220639 17.060089 2.9499819
-1.1792881 17.060177 2.9499819
-1.1391556 17.058855 2.9499819
-1.0993869 17.059921 2.9499819
-1.0591128 17.059351 2.9499819
-1.0202312 17.060234 2.9499819
-0.9800961 17.060389 2.9499817
-0.93977499 17.060055 2.9499817
-0.89909607 17.059549 2.9499817
-0.85976034 17.059832 2.9499817
-0.81935382 17.059708 2.9499815
-0.77991581 17.059235 2.9499815
-0.74006283 17.060335 2.9499815
-0.69947249 17.059677 2.9499815
-0.65969419 17.059689 2.9499815
-0.61998612 17.059223 2.9499815
-0.58001089 17.060574 2.9499815
-0.54004323 17.059887 2.9499815
-0.4998599 17.059671 2.9499815
-0.45972866 17.059914 2.9499815
-0.42018998 17.059788 2.9499815
-0.38236773 17.059143 2.9499815
-2.9485612 17.096989 2.9374826
-2.9107552 17.107672 2.9499862
-2.8569884 17.097298 2.949986
-2.8183231 17.094685 2.9499862
-2.7877662 17.105276 2.949986
-2.7345197 17.0982 2.9499857
-2.6953413 17.098587 2.9499857
-2.6689985 17.105942 2.9499857
-2.6189027 17.099054 2.9499855
-2.5701883 17.092358 2.9499855
-2.5410306 17.100567 2.9499855
-2.5042884 17.105467 2.9499853
-2.4584203 17.098866 2.9499853
-2.4111934 17.095165 2.949985
-2.3762186 17.097336 2.9499853
-2.3392446 17.102077 2.9499853
-2.3028395 17.106667 2.9499848
-2.2618749 17.100384 2.949985
-2.2194965 17.096851 2.9499843
-2.1792107 17.099056 2.9499843
-2.1397607 17.1012 2.9499843
-2.1002648 17.097775 2.9499841
-2.059875 17.100304 2.9499841
-2.0204799 17.098816 2.9499838
-1.981444 17.100874 2.9499838
-1.940522 17.100096 2.9499838
-1.9016745 17.099308 2.9499838
-1.860988 17.101784 2.9499838
-1.8191891 17.103836 2.9499838
-1.7788986 17.097925 2.9499836
-1.7384529 17.098188 2.9499838
-1.7007767 17.098156 2.9499836
-1.6610576 17.100616 2.9499834
-1.6199278 17.100359 2.9499831
-1.5798422 17.099531 2.9499834
-1.5399653 17.09922 2.9499834
-1.4998239 17.101828 2.9499831
-1.4596475 17.099094 2.9499829
-1.4188808 17.10037 2.9499829
-1.3804874 17.099045 2.9499822
-1.3382534 17.099155 2.9499822
-1.2999831 17.101103 2.9499822
-1.2577299 17.099815 2.9499822
-1.217948 17.098841 2.9499819
-1.1812062 17.100834 2.9499819
-1.1397249 17.099888 2.9499819
-1.0994576 17.099796 2.9499819
-1.0595645 17.099379 2.9499819
-1.0192984 17.099718 2.9499819
-0.97925049 17.100237 2.9499819
-0.9398734 17.100538 2.9499817
-0.90029883 17.098961 2.9499817
-0.86015123 17.099331 2.9499817
-0.82025528 17.100044 2.9499817
-0.77879888 17.099575 2.9499815
-0.73902649 17.099495 2.9499815
-0.70036215 17.100586 2.9499815
-0.66005892 17.09981 2.9499815
-0.61919051 17.099527 2.9499815
-0.579431 17.099997 2.9499815
-0.53984815 17.099743 2.9499815
-0.49977994 17.099733 2.9499815
-0.45971763 17.099731 2.9499815
-0.41944575 17.099882 2.9499815
-0.38665533 17.098913 2.9499812
-2.9503424 17.139688 2.9381692
-2.890295 17.129364 2.9499862
-2.8698349 17.151056 2.9499862
-2.8195541 17.136986 2.9499857
-2.7784014 17.137011 2.9499862
-2.7480407 17.147394 2.949986
-2.6953659 17.139711 2.9499857
-2.6496992 17.126402 2.9499857
-2.6304002 17.146864 2.9499857
-2.5808437 17.139404 2.9499855
-2.5326548 17.132149 2.9499855
-2.5015857 17.142385 2.9499855
-2.4646211 17.147522 2.9499853
-2.4192855 17.140354 2.9499853
-2.3751512 17.133377 2.949985
-2.3406301 17.138556 2.949985
-2.3021545 17.141401 2.9499848
-2.2613604 17.142357 2.9499848
-2.2222581 17.142385 2.949985
-2.1779327 17.140919 2.9499846
-2.1347091 17.139486 2.9499843
-2.0974882 17.138609 2.9499846
-2.0569165 17.137306 2.9499843
-2.0196729 17.139008 2.9499841
-1.9806354 17.14106 2.9499841
-1.9403844 17.139753 2.9499838
-1.9005026 17.140818 2.9499838
-1.8605542 17.139572 2.9499838
-1.8202521 17.141933 2.9499838
-1.7802435 17.141308 2.9499838
-1.7402815 17.138866 2.9499836
-1.6986779 17.138191 2.9499836
-1.6593024 17.138632 2.9499836
-1.6200875 17.140938 2.9499834
-1.5773365 17.140413 2.9499831
-1.5377316 17.138765 2.9499834
-1.500297 17.141275 2.9499834
-1.4592199 17.140512 2.9499831
-1.4198115 17.138353 2.9499831
-1.3795711 17.139591 2.9499824
-1.3408818 17.141033 2.9499822
-1.2996531 17.139736 2.9499822
-1.2599068 17.139875 2.9499822
-1.2193096 17.140541 2.9499822
-1.1781709 17.138098 2.9499819
-1.1401732 17.140041 2.9499819
-1.1001837 17.140697 2.9499819
-1.060676 17.13978 2.9499819
-1.0196757 17.139679 2.9499819
-0.98008561 17.13942 2.9499819
-0.94003594 17.14086 2.9499819
-0.89981276 17.139135 2.9499817
-0.86032981 17.139458 2.9499817
-0.82074648 17.139801 2.9499817
-0.7811166 17.140556 2.9499817
-0.74058408 17.139063 2.9499815
-0.69929332 17.139973 2.9499815
-0.66007096 17.140562 2.9499815
-0.62062472 17.139229 2.9499815
-0.57974923 17.139854 2.9499815
-0.53979325 17.140341 2.9499815
-0.50014359 17.13979 2.9499815
-0.46019775 17.139606 2.9499815
-0.42018411 17.140074 2.9499815
-0.39115065 17.137798 2.9499815
-2.951134 17.18248 2.9362178
-2.9068141 17.181286 2.9499865
-2.8493752 17.172749 2.9499862
-2.8318377 17.191341 2.9499862
-2.7792399 17.179728 2.9499857
-2.728178 17.168453 2.949986
-2.711153 17.186502 2.949986
-2.6590092 17.178259 2.9499857
-2.6083438 17.170248 2.9499857
-2.5890446 17.19071 2.9499857
-2.5427852 17.179752 2.9499855
-2.4924402 17.174786 2.9499855
-2.4598913 17.180916 2.9499855
-2.427598 17.186775 2.9499853
-2.3801506 17.181845 2.9499853
-2.3365345 17.174318 2.9499853
-2.2996581 17.178505 2.9499853
-2.2600331 17.1812 2.949985
-2.2213175 17.184809 2.9499848
-2.1851175 17.181761 2.9499848
-2.1412594 17.179798 2.9499843
-2.0960765 17.180443 2.9499843
-2.056772 17.176016 2.9499843
-2.0191541 17.177343 2.9499841
-1.9798076 17.179705 2.9499841
-1.9385502 17.180321 2.9499841
-1.8982612 17.180923 2.9499838
-1.8600712 17.179142 2.9499838
-1.8216176 17.179743 2.9499838
-1.7818903 17.181738 2.9499838
-1.7392478 17.181028 2.9499838
-1.6977241 17.180332 2.9499836
-1.6594206 17.177431 2.9499836
-1.6197834 17.17894 2.9499838
-1.5811323 17.180065 2.9499836
-1.5400802 17.179913 2.9499831
-1.4984183 17.17947 2.9499834
-1.4614186 17.179869 2.9499834
-1.4199871 17.179932 2.9499829
-1.3781985 17.180191 2.9499829
-1.3384526 17.181246 2.9499826
-1.2996535 17.180637 2.9499822
-1.259047 17.179283 2.9499822
-1.219211 17.179686 2.9499822
-1.1803421 17.179008 2.9499822
-1.1391237 17.179022 2.9499822
-1.0997533 17.180189 2.9499819
-1.0605116 17.180269 2.9499819
-1.0210201 17.180803 2.9499819
-0.98069865 17.18001 2.9499819
-0.94009101 17.179972 2.9499819
-0.89994711 17.178534 2.9499819
-0.859595 17.180061 2.9499817
-0.82013601 17.179808 2.9499817
-0.7799952 17.180447 2.9499817
-0.73917818 17.180275 2.9499817
-0.69998187 17.17881 2.9499815
-0.65999621 17.180065 2.9499815
-0.61946845 17.179329 2.9499815
-0.57982218 17.180475 2.9499815
-0.53985667 17.179998 2.9499815
-0.49947685 17.179708 2.9499815
-0.45907393 17.179432 2.9499815
-0.41914734 17.179913 2.9499815
-0.39452994 17.176634 2.949981
-2.947233 17.221937 2.9396696
-2.8860416 17.203308 2.9499865
-2.8652692 17.225332 2.9499865
-2.8143005 17.209934 2.9499862
-2.7938404 17.231627 2.9499862
-2.7418058 17.219416 2.9499857
-2.6912899 17.20756 2.9499862
-2.6714275 17.228619 2.949986
-2.6198552 17.219769 2.9499857
-2.5697455 17.211168 2.9499855
-2.5430939 17.224426 2.9499855
-2.5020082 17.222984 2.9499855
-2.4549065 17.214579 2.9499855
-2.4183211 17.219311 2.9499853
-2.3879306 17.22883 2.9499853
-2.3436246 17.220572 2.9499853
-2.2953434 17.217989 2.9499853
-2.2561569 17.217642 2.949985
-2.2190535 17.221001 2.9499848
-2.1800838 17.22024 2.9499848
-2.1421006 17.220446 2.949985
-2.1021409 17.221272 2.9499843
-2.0598583 17.218842 2.9499846
-2.0186133 17.216471 2.9499843
-1.978953 17.21916 2.9499843
-1.9372737 17.219311 2.9499841
-1.8965824 17.219458 2.9499838
-1.8568448 17.219601 2.9499838
-1.8180268 17.219742 2.9499838
-1.7800977 17.219879 2.9499838
-1.740808 17.221823 2.9499838
-1.7000338 17.21838 2.9499836
-1.6595377 17.217165 2.9499836
-1.6194687 17.217838 2.9499838
-1.5803325 17.218861 2.9499836
-1.5420631 17.220551 2.9499834
-1.5001806 17.21711 2.9499831
-1.4587979 17.218554 2.9499834
-1.4199733 17.221188 2.9499834
-1.3787253 17.219286 2.9499831
-1.3396938 17.221012 2.9499831
-1.3004758 17.221508 2.9499826
-1.2609098 17.220547 2.9499824
-1.2191426 17.219994 2.9499822
-1.1786277 17.219439 2.9499822
-1.1409696 17.220751 2.9499819
-1.100369 17.22011 2.9499819
-1.0605116 17.219913 2.9499819
-1.0207925 17.221218 2.9499819
-0.98032081 17.220694 2.9499819
-0.94006872 17.219458 2.9499819
-0.89935285 17.219664 2.9499819
-0.85997558 17.219862 2.9499819
-0.82032549 17.219683 2.9499817
-0.78047049 17.22014 2.9499817
-0.74048984 17.220921 2.9499817
-0.70012802 17.218323 2.9499817
-0.66005439 17.21973 2.9499815
-0.62032986 17.219213 2.9499815
-0.57961088 17.219965 2.9499815
-0.53952831 17.219627 2.9499815
-0.49981117 17.218529 2.9499815
-0.45949122 17.219105 2.9499815
-0.41950357 17.219486 2.9499815
-0.39874095 17.212711 2.9499807
-2.9528995 17.262579 2.9357152
-2.8997371 17.260376 2.9499865
-2.8444967 17.247356 2.9499865
-2.8266916 17.266232 2.9499865
-2.7733805 17.253317 2.9499862
-2.7558432 17.271912 2.9499862
-2.7043715 17.259102 2.9499857
-2.6487272 17.252687 2.949986
-2.6288645 17.273745 2.9499862
-2.5807014 17.261278 2.9499857
-2.531147 17.25209 2.9499855
-2.5046306 17.265203 2.9499855
-2.4639497 17.263334 2.9499855
-2.4146919 17.257214 2.9499855
-2.3760457 17.255619 2.9499853
-2.3452768 17.263004 2.949985
-2.3044896 17.262062 2.9499853
-2.2567267 17.25893 2.9499853
-2.2127533 17.253187 2.949985
-2.1799362 17.257372 2.949985
-2.1429486 17.261978 2.949985
-2.1025548 17.262373 2.9499848
-2.0630224 17.262745 2.9499843
-2.0212257 17.2598 2.9499846
-1.97807 17.259457 2.9499846
-1.9383166 17.256622 2.9499841
-1.8999727 17.258858 2.9499841
-1.8597234 17.258535 2.9499838
-1.8204174 17.258221 2.9499838
-1.7812784 17.261768 2.9499838
-1.7417604 17.25997 2.9499838
-1.7011299 17.259628 2.9499838
-1.6596534 17.25787 2.9499836
-1.6191429 17.257668 2.9499838
-1.57951 17.258581 2.9499836
-1.5408481 17.259449 2.9499838
-1.4997607 17.258974 2.9499834
-1.4590124 17.258772 2.9499831
-1.4189706 17.259317 2.9499834
-1.3812902 17.261391 2.9499831
-1.3409035 17.259054 2.9499831
-1.299957 17.260862 2.9499831
-1.2581265 17.26063 2.9499826
-1.2190387 17.261408 2.9499822
-1.1792872 17.260647 2.9499822
-1.1389438 17.260414 2.9499822
-1.1007172 17.260242 2.9499819
-1.0593506 17.259682 2.9499819
-1.0181748 17.25972 2.9499819
-0.97921008 17.260649 2.9499819
-0.94039381 17.26055 2.9499819
-0.90084344 17.259724 2.9499819
-0.86014712 17.260157 2.9499819
-0.82006085 17.260103 2.9499819
-0.77956718 17.259867 2.9499817
-0.73970056 17.259439 2.9499817
-0.69980305 17.259474 2.9499817
-0.66019076 17.260113 2.9499817
-0.61956912 17.259577 2.9499815
-0.58015841 17.25878 2.9499815
-0.53975928 17.259697 2.9499815
-0.49960098 17.259378 2.9499815
-0.45952907 17.258932 2.9499815
-0.42317119 17.258795 2.9499815
-2.9477189 17.300352 2.9393499
-2.9169247 17.315998 2.9499865
-2.863575 17.298716 2.9499865
-2.8088868 17.285109 2.9499865
-2.7881143 17.307131 2.9499865
-2.7353828 17.293602 2.9499862
-2.7046869 17.303686 2.9499862
-2.6640575 17.301844 2.9499857
-2.6090021 17.294804 2.949986
-2.5919766 17.312855 2.949986
-2.5443442 17.299826 2.9499857
-2.4925485 17.293015 2.9499855
-2.4661672 17.305984 2.9499855
-2.4258912 17.303686 2.9499855
-2.3771584 17.297007 2.9499855
-2.3354797 17.29579 2.9499853
-2.3001914 17.299757 2.949985
-2.2653546 17.303553 2.949985
-2.2181101 17.299871 2.9499853
-2.1746416 17.293592 2.9499853
-2.1395984 17.300138 2.949985
-2.1035125 17.30142 2.9499848
-2.0645297 17.301531 2.9499848
-2.0239036 17.304218 2.9499843
-1.9825933 17.300758 2.9499846
-1.9399114 17.299911 2.9499846
-1.8982644 17.299084 2.9499841
-1.8576152 17.298279 2.9499841
-1.8179278 17.297489 2.9499838
-1.7794367 17.30167 2.9499838
-1.7392449 17.302698 2.9499838
-1.6998663 17.299946 2.9499838
-1.6615217 17.297298 2.9499836
-1.6188054 17.298462 2.9499838
-1.5786641 17.299257 2.9499836
-1.5396012 17.299267 2.9499838
-1.4995933 17.300007 2.9499838
-1.4585867 17.302628 2.9499834
-1.4196054 17.298584 2.9499834
-1.3809075 17.299671 2.9499834
-1.3386021 17.299297 2.9499831
-1.2986525 17.299856 2.9499831
-1.2605557 17.300354 2.9499831
-1.2199876 17.299164 2.9499826
-1.1787977 17.300116 2.9499822
-1.1401333 17.300573 2.9499822
-1.0990207 17.298918 2.9499822
-1.0614853 17.300751 2.9499822
-1.0216671 17.299627 2.9499819
-0.97911632 17.299862 2.9499819
-0.93878728 17.299622 2.9499819
-0.89966708 17.299236 2.9499819
-0.86104304 17.299929 2.9499819
-0.82007068 17.30022 2.9499819
-0.77904683 17.299736 2.9499819
-0.73968011 17.300283 2.9499817
-0.69978821 17.298931 2.9499817
-0.65976566 17.30122 2.9499817
-0.62000698 17.298704 2.9499817
-0.57983559 17.29957 2.9499815
-0.54011834 17.300592 2.9499815
-0.50037479 17.300299 2.9499815
-0.45891777 17.299316 2.9499815
-0.42714956 17.298702 2.9499815
-2.9527173 17.343929 2.9361103
-2.895498 17.338715 2.9499865
-2.8424804 17.321081 2.9499865
-2.8213861 17.343445 2.9499865
-2.7673419 17.329155 2.9499865
-2.749537 17.348032 2.9499865
-2.694463 17.336987 2.9499862
-2.660413 17.339397 2.949986
-2.6237435 17.344584 2.9499857
-2.5721138 17.333912 2.949986
-2.5430899 17.343508 2.9499862
-2.5051901 17.341337 2.9499857
-2.4511933 17.336859 2.9499855
-2.4143126 17.33596 2.9499855
-2.3851142 17.346914 2.9499855
-2.3369434 17.339643 2.9499855
-2.2927289 17.329763 2.9499853
-2.2633672 17.3388 2.949985
-2.2262199 17.345043 2.9499853
-2.1794937 17.340815 2.9499853
-2.1339889 17.336693 2.9499853
-2.0969744 17.335125 2.9499848
-2.0621736 17.340513 2.949985
-2.0249956 17.343447 2.9499846
-1.9834633 17.340343 2.9499843
-1.9415462 17.344276 2.9499843
-1.9017529 17.340366 2.9499846
-1.8605684 17.33905 2.9499841
-1.8203707 17.337765 2.9499841
-1.7790678 17.343452 2.9499841
-1.7382488 17.340103 2.9499838
-1.7008591 17.33885 2.9499838
-1.6602917 17.337997 2.9499838
-1.6198556 17.338079 2.9499836
-1.5786799 17.338741 2.9499836
-1.5401738 17.340063 2.9499836
-1.50159 17.339567 2.9499838
-1.4610785 17.341795 2.9499836
-1.419999 17.34074 2.9499834
-1.3796116 17.338001 2.9499834
-1.3412414 17.340487 2.9499831
-1.2991062 17.341171 2.9499831
-1.25899 17.337904 2.9499834
-1.2207977 17.339617 2.9499829
-1.1821096 17.339323 2.9499826
-1.1401918 17.340376 2.9499822
-1.1008625 17.339012 2.9499822
-1.0580511 17.34053 2.9499822
-1.0196261 17.339479 2.9499822
-0.98077071 17.340527 2.9499819
-0.93895268 17.339928 2.9499819
-0.89935505 17.340321 2.9499819
-0.86059856 17.338385 2.9499819
-0.82040048 17.339567 2.9499819
-0.78020686 17.340342 2.9499819
-0.74043471 17.339827 2.9499819
-0.7005592 17.339575 2.9499817
-0.65999788 17.341118 2.9499817
-0.61954176 17.339067 2.9499817
-0.57937664 17.340265 2.9499817
-0.53905529 17.339781 2.9499815
-0.49922892 17.340342 2.9499815
-0.45989442 17.339434 2.9499815
-0.43082681 17.338562 2.9499815
-2.9472852 17.377625 2.9394314
-2.916003 17.393181 2.9499867
-2.8587663 17.377657 2.9499865
-2.8002915 17.365808 2.9499865
-2.7822106 17.384979 2.9499865
-2.7287643 17.370054 2.9499865
-2.7109592 17.388931 2.9499865
-2.6564655 17.377272 2.9499862
-2.6197963 17.382458 2.949986
-2.5863092 17.384274 2.949986
-2.5323887 17.376028 2.949986
-2.4936655 17.374731 2.9499857
-2.4632397 17.385813 2.9499857
-2.4153519 17.374857 2.9499855
-2.3760741 17.376501 2.9499855
-2.3470554 17.387266 2.9499855
-2.2994101 17.379436 2.9499855
-2.2530613 17.371819 2.9499853
-2.2212825 17.383417 2.949985
-2.1870847 17.386536 2.949985
-2.1434515 17.379025 2.9499853
-2.0958772 17.3771 2.9499853
-2.0567412 17.377781 2.9499848
-2.0219002 17.379662 2.9499846
-1.9804028 17.380627 2.9499846
-1.9417605 17.383429 2.9499846
-1.9017508 17.379881 2.9499843
-1.8612093 17.383352 2.9499841
-1.8228724 17.379017 2.9499841
-1.7784705 17.382187 2.9499841
-1.7397196 17.380405 2.9499838
-1.6995155 17.376625 2.9499838
-1.6604122 17.381733 2.9499838
-1.6199236 17.376888 2.9499838
-1.5773865 17.379288 2.9499838
-1.5397326 17.380033 2.9499836
-1.5001117 17.378885 2.9499836
-1.4598885 17.380526 2.9499838
-1.4195659 17.382309 2.9499836
-1.3798733 17.378069 2.9499834
-1.3390594 17.380995 2.9499834
-1.3013544 17.381334 2.9499834
-1.2594637 17.378887 2.9499829
-1.220083 17.379152 2.9499834
-1.1798041 17.380198 2.9499826
-1.1400981 17.379488 2.9499824
-1.0991191 17.379875 2.9499822
-1.0595734 17.38068 2.9499822
-1.0185593 17.379314 2.9499822
-0.97798991 17.380411 2.9499819
-0.94069225 17.379978 2.9499819
-0.89989978 17.380079 2.9499819
-0.85907853 17.378704 2.9499819
-0.82005781 17.379887 2.9499819
-0.78020078 17.379341 2.9499819
-0.73951894 17.378927 2.9499819
-0.69976515 17.380922 2.9499817
-0.66019481 17.380375 2.9499817
-0.61939055 17.379965 2.9499817
-0.57947505 17.379854 2.9499817
-0.5409438 17.379827 2.9499817
-0.50000948 17.379736 2.9499815
-0.45850292 17.379696 2.9499815
-0.43553925 17.378248 2.9499815
-2.9524775 17.419523 2.9373856
-2.8942332 17.41626 2.9499867
-2.8755736 17.436043 2.9499867
-2.818974 17.419844 2.9499867
-2.7641294 17.404148 2.9499865
-2.7460485 17.423317 2.9499865
-2.6901865 17.410955 2.9499862
-2.6694138 17.432978 2.9499862
-2.6155455 17.420652 2.9499862
-2.5661521 17.405643 2.949986
-2.5459952 17.427013 2.949986
-2.4955008 17.415138 2.9499857
-2.4543211 17.416443 2.9499857
-2.4240859 17.427324 2.9499857
-2.3767536 17.415781 2.9499855
-2.3378356 17.417042 2.9499855
-2.3089967 17.427616 2.9499855
-2.2618766 17.41923 2.9499855
-2.2107494 17.416679 2.9499853
-2.1766229 17.41972 2.949985
-2.142931 17.422592 2.949985
-2.1022604 17.422695 2.9499853
-2.0577652 17.417505 2.9499853
-2.0186794 17.416435 2.9499848
-1.9820276 17.421934 2.9499846
-1.9411135 17.419683 2.9499843
-1.9006807 17.421358 2.9499843
-1.8631862 17.420769 2.9499843
-1.8203779 17.421019 2.9499841
-1.7828203 17.421476 2.9499841
-1.741226 17.421673 2.9499841
-1.7005271 17.417307 2.9499838
-1.6586481 17.419952 2.9499838
-1.6199791 17.419603 2.9499838
-1.5800291 17.419184 2.9499838
-1.5388976 17.418819 2.9499838
-1.4985862 17.41913 2.9499838
-1.4596153 17.419792 2.9499836
-1.4219148 17.42079 2.9499838
-1.3802739 17.420219 2.9499834
-1.3402715 17.41963 2.9499834
-1.2991768 17.420296 2.9499834
-1.2619439 17.420441 2.9499834
-1.2212484 17.419262 2.9499831
-1.1796054 17.42071 2.9499831
-1.1384774 17.418495 2.9499826
-1.0993978 17.420599 2.9499824
-1.0589197 17.420746 2.9499822
-1.0188522 17.419672 2.9499822
-0.97950661 17.419252 2.9499822
-0.93849868 17.418747 2.9499819
-0.89946282 17.419622 2.9499819
-0.86086994 17.420198 2.9499819
-0.82011813 17.419895 2.9499819
-0.7795046 17.418596 2.9499819
-0.73965895 17.419489 2.9499819
-0.69923741 17.419794 2.9499819
-0.65933341 17.419882 2.9499817
-0.6197778 17.420195 2.9499817
-0.57953107 17.418722 2.9499817
-0.53947121 17.419308 2.9499817
-0.49933612 17.419855 2.9499815
-0.45977521 17.419077 2.9499815
-2.9473822 17.458759 2.9384158
-2.9118905 17.476225 2.9499869
-2.856914 17.455826 2.9499867
-2.8382545 17.475609 2.9499867
-2.7791815 17.462034 2.9499865
-2.7249541 17.445683 2.9499865
-2.7068729 17.464851 2.9499865
-2.6516092 17.451853 2.9499862
-2.6338041 17.470732 2.9499862
-2.5775483 17.460938 2.949986
-2.5258384 17.448383 2.949986
-2.5085609 17.466702 2.949986
-2.4557753 17.457254 2.9499857
-2.4149771 17.458157 2.9499857
-2.3877287 17.465868 2.9499857
-2.3381548 17.456703 2.9499855
-2.2951508 17.457296 2.9499855
-2.2626615 17.465073 2.9499855
-2.2216618 17.461864 2.9499855
-2.1737263 17.455931 2.9499853
-2.1398981 17.458654 2.949985
-2.1054718 17.462307 2.949985
-2.0636437 17.463636 2.9499853
-2.0196536 17.457912 2.9499853
-1.9784635 17.459072 2.9499848
-1.9376982 17.458281 2.9499843
-1.898632 17.461264 2.9499846
-1.8591989 17.458584 2.9499843
-1.8220354 17.463297 2.9499846
-1.7822772 17.461411 2.9499841
-1.7420185 17.459249 2.9499841
-1.6992236 17.460846 2.9499838
-1.6608971 17.45874 2.9499838
-1.6200497 17.460308 2.9499838
-1.5818292 17.460608 2.9499838
-1.540231 17.457474 2.9499838
-1.4995121 17.460579 2.9499836
-1.459972 17.458372 2.9499836
-1.4191556 17.461063 2.9499836
-1.3803302 17.461628 2.9499838
-1.3377782 17.459234 2.9499834
-1.2996289 17.458191 2.9499834
-1.2610453 17.459229 2.9499834
-1.2204689 17.461164 2.9499831
-1.1793417 17.45924 2.9499829
-1.1398169 17.459211 2.9499829
-1.0989765 17.460369 2.9499824
-1.0601122 17.459234 2.9499822
-1.0204985 17.45966 2.9499822
-0.98077166 17.459146 2.9499822
-0.9415257 17.45962 2.9499822
-0.89876831 17.459145 2.9499819
-0.86007196 17.459358 2.9499819
-0.82181609 17.460474 2.9499819
-0.78084493 17.459333 2.9499819
-0.73933321 17.459009 2.9499819
-0.70009696 17.459719 2.9499819
-0.6602217 17.459885 2.9499819
-0.62019426 17.460392 2.9499817
-0.57935488 17.459404 2.9499817
-0.53925812 17.45886 2.9499817
-0.49982068 17.459465 2.9499815
-0.46467605 17.4594 2.9499815
-2.9526005 17.500494 2.9367437
-2.8929272 17.49633 2.9499869
-2.8739643 17.516434 2.9499869
-2.8164852 17.49869 2.9499867
-2.74245 17.500977 2.9499865
-2.6887918 17.484022 2.9499865
-2.6676972 17.506386 2.9499865
-2.6130316 17.492754 2.9499862
-2.5952268 17.511631 2.9499862
-2.539551 17.501223 2.9499862
-2.488404 17.488073 2.9499862
-2.4682469 17.509443 2.949986
-2.41605 17.499371 2.9499857
-2.3681519 17.486626 2.9499857
-2.3485751 17.50738 2.9499857
-2.2967999 17.500547 2.9499855
-2.2491903 17.491022 2.9499855
-2.2247081 17.50531 2.9499855
-2.184128 17.501657 2.9499855
-2.134059 17.497986 2.9499853
-2.095551 17.494625 2.949985
-2.0608025 17.502497 2.9499853
-2.025027 17.50458 2.949985
-1.9790009 17.501011 2.9499853
-1.9366707 17.494879 2.9499848
-1.8979355 17.500437 2.9499848
-1.8579216 17.496347 2.9499846
-1.8202885 17.49984 2.9499843
-1.7802763 17.502085 2.9499843
-1.7392417 17.501417 2.9499841
-1.7019236 17.500973 2.9499841
-1.6596757 17.498608 2.9499838
-1.6201221 17.501972 2.9499838
-1.5831672 17.499411 2.9499838
-1.5415429 17.498878 2.9499838
-1.5003819 17.499722 2.9499838
-1.4603236 17.497881 2.9499836
-1.4210967 17.499588 2.9499836
-1.3807501 17.50178 2.9499836
-1.3423941 17.501848 2.9499838
-1.2988296 17.498112 2.9499834
-1.2582999 17.499876 2.9499834
-1.2207417 17.500469 2.9499834
-1.1811461 17.500381 2.9499831
-1.1405882 17.498121 2.9499829
-1.1009744 17.500391 2.9499829
-1.0594983 17.500504 2.9499826
-1.0193148 17.500298 2.9499822
-0.97989345 17.499535 2.9499822
-0.93952364 17.499067 2.9499822
-0.90136981 17.500654 2.9499822
-0.86043239 17.498375 2.9499819
-0.8193965 17.499836 2.9499819
-0.7798081 17.500271 2.9499819
-0.73985851 17.500589 2.9499819
-0.69907814 17.49966 2.9499819
-0.65892619 17.500406 2.9499819
-0.61907178 17.500216 2.9499817
-0.58052903 17.500006 2.9499817
-0.53951865 17.500147 2.9499817
-0.49999726 17.498867 2.9499817
-0.46834463 17.499651 2.9499817
-2.9480026 17.536322 2.937814
-2.9140677 17.555202 2.9499872
-2.8550012 17.536537 2.9499869
-2.8360381 17.556643 2.9499869
-2.779166 17.538256 2.9499867
-2.7210233 17.523693 2.9499865
-2.7026572 17.543163 2.9499865
-2.6466026 17.528749 2.9499865
-2.6285214 17.547918 2.9499865
-2.5744545 17.533655 2.9499862
-2.5536819 17.555676 2.9499862
-2.5044763 17.538408 2.9499862
-2.4480898 17.530813 2.9499862
-2.4308126 17.549131 2.9499862
-2.3791621 17.538481 2.9499857
-2.3289981 17.528135 2.9499857
-2.3094211 17.548891 2.9499857
-2.2582009 17.54147 2.9499855
-2.2084134 17.534254 2.9499855
-2.1831892 17.54155 2.9499855
-2.1465948 17.541452 2.9499855
-2.0970359 17.537237 2.9499853
-2.0547509 17.537882 2.949985
-2.0211291 17.540974 2.949985
-1.9864105 17.545521 2.9499853
-1.9434297 17.538725 2.949985
-1.8965427 17.537422 2.9499848
-1.8569918 17.536743 2.9499843
-1.8186369 17.537996 2.9499846
-1.781378 17.54109 2.9499843
-1.7417792 17.542898 2.9499843
-1.7021892 17.539095 2.9499841
-1.6613969 17.539234 2.9499841
-1.6218606 17.542103 2.9499838
-1.5811307 17.539238 2.9499838
-1.5406985 17.540459 2.9499838
-1.5023632 17.539307 2.9499838
-1.4607143 17.537872 2.9499838
-1.4189301 17.539646 2.9499836
-1.3801996 17.540873 2.9499836
-1.3403237 17.543312 2.9499838
-1.2981125 17.539118 2.9499838
-1.25859 17.539137 2.9499834
-1.2198137 17.5389 2.9499834
-1.1807684 17.541603 2.9499834
-1.1395072 17.539633 2.9499831
-1.0998753 17.538187 2.9499829
-1.0604953 17.542336 2.9499829
-1.0210335 17.539095 2.9499826
-0.98158622 17.540295 2.9499822
-0.94039398 17.539888 2.9499822
-0.89987922 17.540457 2.9499822
-0.86183631 17.539322 2.9499819
-0.81926221 17.540482 2.9499819
-0.7785849 17.53997 2.9499819
-0.74117452 17.539595 2.9499819
-0.70066673 17.541056 2.9499819
-0.66071898 17.540331 2.9499819
-0.62026882 17.539467 2.9499819
-0.58030325 17.540417 2.9499817
-0.54001081 17.538954 2.9499817
-0.49989542 17.539814 2.9499817
-0.47257861 17.539015 2.9499817
-2.9528422 17.583647 2.9361615
-2.8947914 17.575638 2.9499872
-2.8755147 17.596077 2.9499869
-2.8139145 17.580099 2.9499869
-2.7418468 17.577822 2.9499867
-2.6842918 17.562635 2.9499865
-2.665926 17.582106 2.9499865
-2.6074269 17.570284 2.9499865
-2.5893459 17.589453 2.9499865
-2.5329094 17.5777 2.9499862
-2.4995604 17.578339 2.9499862
-2.4635563 17.581793 2.9499862
-2.4106555 17.570501 2.949986
-2.3904984 17.591871 2.9499862
-2.3394368 17.580597 2.9499857
-2.2898445 17.569647 2.9499857
-2.2702675 17.590403 2.9499857
-2.2196026 17.582392 2.9499855
-2.1730733 17.571722 2.9499855
-2.1395955 17.578045 2.9499855
-2.10638 17.584087 2.9499855
-2.0573685 17.579292 2.9499853
-2.0122817 17.571861 2.949985
-1.9827373 17.581676 2.949985
-1.9436789 17.582098 2.9499848
-1.9027771 17.581823 2.949985
-1.8589226 17.577307 2.949985
-1.817302 17.578823 2.9499843
-1.7793522 17.579645 2.9499846
-1.7424679 17.582342 2.9499843
-1.7024497 17.578009 2.9499841
-1.661325 17.5784 2.9499841
-1.6212928 17.580187 2.9499841
-1.5819194 17.579855 2.9499838
-1.5410137 17.58061 2.9499838
-1.5000424 17.57902 2.9499838
-1.461061 17.579765 2.9499838
-1.4209105 17.580072 2.9499838
-1.379618 17.581326 2.9499836
-1.3388163 17.580599 2.9499836
-1.3003441 17.579721 2.9499836
-1.2602882 17.579222 2.9499838
-1.2194933 17.578096 2.9499834
-1.1793777 17.580502 2.9499834
-1.1410526 17.580976 2.9499834
-1.0996462 17.579781 2.9499829
-1.0588984 17.580643 2.9499834
-1.0187989 17.579317 2.9499829
-0.97912687 17.57906 2.9499829
-0.93948728 17.579954 2.9499822
-0.89975417 17.580858 2.9499822
-0.85969651 17.579161 2.9499822
-0.82091743 17.581602 2.9499822
-0.77980459 17.579559 2.9499819
-0.7389375 17.57868 2.9499819
-0.70008343 17.580023 2.9499819
-0.66036797 17.580509 2.9499819
-0.6205551 17.580889 2.9499819
-0.58083236 17.579441 2.9499819
-0.5406993 17.578964 2.9499817
-0.49953699 17.579689 2.9499817
-0.47593519 17.576902 2.9499817
-2.9476657 17.620352 2.9386072
-2.919585 17.633369 2.9499872
-2.8530254 17.619919 2.9499869
-2.7791491 17.616957 2.9499872
-2.720077 17.600903 2.9499867
-2.7014174 17.620686 2.9499867
-2.6444991 17.604824 2.9499865
-2.6261332 17.624294 2.9499865
-2.571265 17.608624 2.9499865
-2.5531838 17.627792 2.9499865
-2.4972997 17.615454 2.9499862
-2.4612954 17.618908 2.9499862
-2.4255586 17.622078 2.949986
-2.3703415 17.613241 2.949986
-2.3530641 17.631559 2.949986
-2.3025489 17.619705 2.9499857
-2.2506905 17.611158 2.9499857
-2.2339101 17.62895 2.9499857
-2.1837611 17.62039 2.9499855
-2.1350148 17.612072 2.9499855
-2.1017995 17.618116 2.9499855
-2.0688462 17.623878 2.9499855
-2.0203454 17.618546 2.9499853
-1.9731468 17.613352 2.949985
-1.9382725 17.618063 2.949985
-1.9038318 17.622597 2.949985
-1.8646654 17.622229 2.9499848
-1.8187944 17.61985 2.949985
-1.7740922 17.617531 2.9499846
-1.7348887 17.618711 2.9499846
-1.6969959 17.61705 2.9499843
-1.6584519 17.618071 2.9499843
-1.620703 17.619059 2.9499841
-1.5810083 17.618977 2.9499841
-1.5396864 17.619272 2.9499838
-1.4993382 17.619562 2.9499838
-1.4599297 17.619843 2.9499838
-1.4214286 17.620119 2.9499838
-1.3814775 17.620142 2.9499838
-1.3406113 17.618862 2.9499836
-1.3008395 17.619617 2.9499836
-1.2620227 17.62035 2.9499836
-1.2207316 17.618238 2.9499836
-1.1784654 17.618483 2.9499834
-1.1388919 17.620378 2.9499834
-1.1002787 17.622217 2.9499834
-1.0600283 17.618999 2.9499831
-1.0204264 17.61886 2.9499829
-0.98102033 17.619076 2.9499826
-0.94093364 17.619551 2.9499822
-0.89918566 17.619913 2.9499822
-0.86003292 17.620245 2.9499822
-0.82062417 17.620586 2.9499822
-0.78016013 17.619051 2.9499819
-0.74058557 17.619829 2.9499819
-0.69952524 17.619064 2.9499819
-0.65910548 17.620373 2.9499819
-0.61996335 17.620716 2.9499819
-0.5792644 17.619661 2.9499819
-0.53969902 17.620247 2.9499819
-0.50037766 17.619131 2.9499817
-2.9528849 17.657253 2.937319
-2.8967178 17.657614 2.9499872
-2.8176851 17.657387 2.9499872
-2.7412231 17.657166 2.9499872
-2.6827579 17.640467 2.9499867
-2.6640983 17.660252 2.9499867
-2.6077673 17.643764 2.9499865
-2.5863407 17.666483 2.9499865
-2.5320895 17.650156 2.9499865
-2.5109949 17.672522 2.9499865
-2.4587221 17.656351 2.9499862
-2.4160488 17.655304 2.9499862
-2.3846383 17.665462 2.949986
-2.3329072 17.652929 2.949986
-2.3027289 17.663122 2.9499862
-2.2628238 17.661821 2.9499857
-2.2115364 17.652668 2.9499857
-2.1827936 17.662567 2.9499855
-2.1451628 17.661314 2.9499855
-2.0942378 17.655304 2.9499855
-2.0543509 17.653835 2.9499855
-2.0286317 17.666515 2.9499853
-1.9833229 17.657795 2.9499853
-1.9340118 17.654842 2.9499853
-1.8967676 17.658484 2.9499853
-1.8601037 17.661976 2.9499853
-1.8240128 17.665331 2.9499848
-1.7811744 17.659735 2.949985
-1.7369512 17.656908 2.9499843
-1.6971699 17.657545 2.9499843
-1.6582245 17.658157 2.9499843
-1.6200902 17.658743 2.9499843
-1.5800693 17.658926 2.9499841
-1.5383228 17.658743 2.9499841
-1.5001099 17.658934 2.9499838
-1.4602232 17.658123 2.9499838
-1.4187757 17.660637 2.9499838
-1.3807787 17.66044 2.9499838
-1.3416145 17.660236 2.9499838
-1.3013434 17.660492 2.9499836
-1.2620509 17.66074 2.9499836
-1.2199661 17.660744 2.9499836
-1.1775287 17.657356 2.9499834
-1.1393001 17.658762 2.9499834
-1.1002446 17.660082 2.9499834
-1.0589577 17.659864 2.9499834
-1.0183876 17.658251 2.9499831
-0.97959751 17.660961 2.9499831
-0.93840629 17.660255 2.9499826
-0.89835984 17.659534 2.9499829
-0.86023575 17.659666 2.9499822
-0.82158548 17.6597 2.9499822
-0.78050876 17.659678 2.9499819
-0.73976833 17.658606 2.9499819
-0.70049572 17.66116 2.9499819
-0.65911627 17.660677 2.9499819
-0.61925322 17.658882 2.9499819
-0.58077836 17.659994 2.9499819
-0.54052466 17.659729 2.9499819
-0.50520676 17.659706 2.9499819
-2.9479876 17.699087 2.9380195
-2.857517 17.699175 2.9499872
-2.7791326 17.698259 2.9499872
-2.7032969 17.697374 2.9499872
-2.6454387 17.680033 2.9499867
-2.6236689 17.703114 2.9499867
-2.5649137 17.689198 2.9499865
-2.5465481 17.70867 2.9499865
-2.4899004 17.694885 2.9499865
-2.4718194 17.714056 2.9499865
-2.4171772 17.700399 2.9499862
-2.3641782 17.687153 2.949986
-2.3466411 17.705746 2.949986
-2.2925932 17.695669 2.949986
-2.2591386 17.698433 2.949986
-2.223098 17.703938 2.9499857
-2.1723828 17.69418 2.9499857
-2.1379561 17.699814 2.9499855
-2.1038074 17.705158 2.9499855
-2.0561793 17.695654 2.9499855
-2.0166862 17.693768 2.9499855
-1.9853119 17.701092 2.9499853
-1.9410107 17.702656 2.9499853
-1.8948768 17.696335 2.949985
-1.8606246 17.700386 2.949985
-1.8225247 17.701818 2.9499853
-1.7859008 17.705736 2.9499848
-1.7435542 17.699621 2.949985
-1.6973345 17.69891 2.9499843
-1.6579801 17.699095 2.9499843
-1.6194531 17.699261 2.9499843
-1.5791011 17.69973 2.9499843
-1.5394894 17.698734 2.9499841
-1.5008526 17.698469 2.9499841
-1.4605463 17.697819 2.9499838
-1.421473 17.702114 2.9499838
-1.3805919 17.701118 2.9499838
-1.3384179 17.700912 2.9499838
-1.2995381 17.699963 2.9499838
-1.261614 17.700069 2.9499836
-1.2212284 17.703003 2.9499838
-1.1799481 17.700132 2.9499838
-1.1398158 17.69734 2.9499834
-1.1002749 17.698271 2.9499834
-1.0617045 17.699165 2.9499834
-1.0214456 17.70158 2.9499831
-0.97957808 17.698591 2.9499834
-0.94050336 17.701025 2.9499834
-0.89903432 17.699987 2.9499826
-0.86023295 17.699959 2.9499829
-0.82022685 17.699984 2.9499822
-0.78037614 17.69878 2.9499822
-0.73998576 17.699749 2.9499819
-0.6988889 17.700871 2.9499819
-0.6617443 17.700293 2.9499819
-0.61955273 17.700191 2.9499819
-0.57852632 17.699459 2.9499819
-0.53971058 17.698957 2.9499819
-0.50942671 17.69803 2.9499819
-2.9528818 17.740803 2.9365284
-2.9020329 17.738869 2.9499874
-2.8183155 17.740736 2.9499872
-2.7405794 17.739134 2.9499872
-2.6811736 17.720831 2.9499869
-2.6622105 17.740936 2.9499869
-2.6018989 17.726192 2.9499867
-2.5832393 17.745975 2.9499867
-2.5281825 17.728142 2.9499865
-2.5098166 17.747614 2.9499865
-2.4537382 17.733225 2.9499865
-2.4356575 17.752394 2.9499865
-2.3815672 17.738152 2.9499862
-2.3261812 17.727438 2.9499862
-2.305721 17.74913 2.949986
-2.2551589 17.735359 2.9499857
-2.2191186 17.740864 2.949986
-2.1862102 17.743048 2.9499857
-2.133229 17.735691 2.9499857
-2.0990801 17.741032 2.9499855
-2.0652089 17.74608 2.9499855
-2.0181205 17.736004 2.9499855
-1.9755386 17.734474 2.9499853
-1.9508837 17.748945 2.9499853
-1.9039879 17.741907 2.9499853
-1.8557416 17.737825 2.9499853
-1.8165745 17.736334 2.949985
-1.7794509 17.738756 2.9499853
-1.741622 17.744181 2.9499848
-1.7034264 17.742165 2.949985
-1.6577177 17.74091 2.9499843
-1.6156038 17.737099 2.9499846
-1.5758886 17.738697 2.9499843
-1.5380099 17.73918 2.9499841
-1.4990523 17.739197 2.9499841
-1.4583435 17.738049 2.9499838
-1.4188939 17.741978 2.9499838
-1.3800262 17.740824 2.9499838
-1.3397341 17.739891 2.9499838
-1.2981288 17.739187 2.9499838
-1.2605463 17.739676 2.9499838
-1.2201999 17.742702 2.9499836
-1.179379 17.741339 2.9499836
-1.1400322 17.739468 2.9499836
-1.0984238 17.738045 2.9499834
-1.059435 17.738455 2.9499834
-1.0208421 17.742491 2.9499834
-0.98089349 17.739943 2.9499831
-0.94041973 17.737482 2.9499834
-0.90194613 17.74091 2.9499829
-0.86157769 17.739565 2.9499829
-0.82065022 17.740805 2.9499822
-0.78027678 17.739017 2.9499822
-0.73997456 17.740559 2.9499822
-0.70041877 17.740067 2.9499819
-0.65830004 17.738359 2.9499819
-0.62064236 17.741415 2.9499819
-0.58112115 17.739447 2.9499819
-0.53896976 17.740116 2.9499819
-0.51142627 17.733442 2.9499819
-2.9493282 17.780418 2.9387996
-2.8820972 17.760004 2.9499874
-2.8621616 17.781139 2.9499874
-2.7791147 17.782295 2.9499872
-2.7020264 17.780008 2.9499872
-2.6432476 17.76104 2.9499869
-2.6242845 17.781143 2.9499869
-2.5645797 17.765759 2.9499867
-2.5459201 17.785542 2.9499867
-2.48839 17.77033 2.9499865
-2.4700243 17.789801 2.9499865
-2.4145627 17.774759 2.9499865
-2.3786383 17.777052 2.9499865
-2.3400223 17.782198 2.9499862
-2.2881837 17.767723 2.949986
-2.2706466 17.786316 2.949986
-2.2148449 17.778101 2.9499857
-2.1757944 17.775892 2.9499857
-2.1464849 17.785166 2.9499857
-2.0940752 17.777203 2.9499857
-2.0563717 17.776026 2.9499855
-2.0266106 17.787003 2.9499855
-1.9773437 17.779236 2.9499855
-1.9321167 17.768841 2.9499853
-1.9057205 17.782637 2.9499853
-1.8643204 17.783962 2.9499853
-1.8166065 17.779314 2.9499853
-1.7727318 17.772062 2.949985
-1.7422669 17.783417 2.9499848
-1.7052914 17.782698 2.9499848
-1.6658063 17.782047 2.9499848
-1.6205769 17.780289 2.9499846
-1.5789303 17.77598 2.9499843
-1.5371867 17.779728 2.9499843
-1.4997159 17.779776 2.9499843
-1.4611828 17.779346 2.9499841
-1.4207309 17.780279 2.9499838
-1.3794599 17.781406 2.9499838
-1.3386936 17.779411 2.9499838
-1.2989756 17.778559 2.9499838
-1.2579902 17.78174 2.9499838
-1.2179326 17.780514 2.9499838
-1.1801355 17.781361 2.9499836
-1.1386483 17.780453 2.9499836
-1.0982236 17.77956 2.9499836
-1.0607476 17.777988 2.9499834
-1.0199885 17.780279 2.9499834
-0.97892302 17.78039 2.9499834
-0.93888974 17.779476 2.9499831
-0.90071756 17.779573 2.9499834
-0.86119527 17.779415 2.9499829
-0.82148749 17.780226 2.9499826
-0.77832109 17.779493 2.9499822
-0.73914552 17.778997 2.9499822
-0.69866115 17.780878 2.9499822
-0.66047597 17.779108 2.9499819
-0.61884445 17.780191 2.9499819
-0.57923102 17.7784 2.9499819
-0.54063988 17.781029 2.9499819
-0.51646119 17.770704 2.9499824
-2.950691 17.819645 2.9362111
-2.9075322 17.82295 2.9499876
-2.842226 17.802277 2.9499874
-2.8222907 17.823414 2.9499874
-2.7431808 17.820393 2.9499872
-2.6634734 17.820883 2.9499872
-2.6053214 17.801249 2.9499869
-2.5863585 17.821354 2.9499869
-2.5241506 17.808622 2.9499867
-2.505491 17.828403 2.9499867
-2.4516585 17.809273 2.9499865
-2.4332926 17.828745 2.9499865
-2.3753872 17.816294 2.9499865
-2.3542926 17.838657 2.9499865
-2.3044126 17.819952 2.9499862
-2.2501862 17.808008 2.9499862
-2.2297263 17.8297 2.949986
-2.174531 17.820841 2.9499857
-2.1266222 17.806223 2.9499857
-2.1067593 17.827282 2.9499857
-2.057718 17.815748 2.9499857
-2.0175879 17.817144 2.9499855
-1.988012 17.827923 2.9499855
-1.9392852 17.819584 2.9499855
-1.8919022 17.811476 2.9499853
-1.8595384 17.823086 2.9499853
-1.8246527 17.826017 2.9499853
-1.7800807 17.818041 2.9499853
-1.7315407 17.815733 2.949985
-1.6990185 17.818794 2.9499848
-1.6629577 17.819077 2.9499848
-1.6256781 17.824593 2.9499848
-1.583436 17.819666 2.9499843
-1.5373666 17.820045 2.9499846
-1.4948567 17.817856 2.9499846
-1.456899 17.818586 2.9499843
-1.4182737 17.819218 2.9499841
-1.3776714 17.819658 2.9499838
-1.3400432 17.820217 2.9499838
-1.2998422 17.818855 2.9499838
-1.258371 17.821609 2.9499838
-1.2178494 17.819859 2.9499838
-1.1782994 17.822533 2.9499836
-1.1397262 17.820808 2.9499836
-1.1017418 17.819572 2.9499838
-1.0584013 17.81918 2.9499838
-1.0194701 17.818573 2.9499834
-0.98089576 17.821724 2.9499834
-0.94030309 17.8209 2.9499831
-0.89830035 17.818636 2.9499834
-0.86165696 17.818361 2.9499829
-0.81921041 17.820955 2.9499826
-0.77867448 17.818087 2.9499829
-0.74028808 17.819817 2.9499822
-0.70188069 17.820026 2.9499822
-0.65932095 17.819923 2.9499822
-0.61961114 17.820366 2.9499819
-0.57873195 17.819685 2.9499819
-0.54026747 17.81778 2.9499819
-2.9523525 17.865831 2.9376686
-2.8872499 17.844454 2.9499876
-2.8669679 17.865957 2.9499876
-2.8023546 17.844547 2.9499874
-2.7824192 17.865683 2.9499874
-2.7235801 17.841175 2.9499872
-2.7039797 17.861954 2.9499872
-2.6409843 17.844725 2.9499869
-2.6217079 17.865162 2.9499869
-2.5642347 17.844809 2.9499869
-2.5452716 17.864914 2.9499869
-2.4868314 17.848188 2.9499867
-2.4681718 17.867971 2.9499867
-2.4118659 17.851461 2.9499865
-2.3935003 17.870934 2.9499865
-2.3362117 17.857824 2.9499865
-2.3008852 17.859486 2.9499865
-2.2628677 17.863998 2.9499862
-2.2092664 17.851393 2.9499862
-2.1917293 17.869986 2.9499862
-2.139976 17.857475 2.9499857
-2.0978708 17.858507 2.9499857
-2.0698714 17.86639 2.9499857
-2.0185645 17.857258 2.9499857
-1.9742137 17.857985 2.9499855
-1.9494137 17.868845 2.9499855
-1.9012268 17.859936 2.9499855
-1.8516876 17.854113 2.9499853
-1.822209 17.862663 2.9499853
-1.7876298 17.865271 2.9499853
-1.7409458 17.859531 2.9499853
-1.6929241 17.856676 2.9499853
-1.6559719 17.853962 2.9499848
-1.6224799 17.861994 2.9499848
-1.5839864 17.86051 2.9499848
-1.5438192 17.861666 2.9499843
-1.4982481 17.861519 2.9499846
-1.4586385 17.856255 2.9499843
-1.4186728 17.859114 2.9499841
-1.3804619 17.859304 2.9499841
-1.3402977 17.859282 2.9499838
-1.3007295 17.860113 2.9499838
-1.2575846 17.86017 2.9499838
-1.2200141 17.858868 2.9499838
-1.1799625 17.863136 2.9499838
-1.1387591 17.860115 2.9499836
-1.0985892 17.860264 2.9499836
-1.0593641 17.860369 2.9499836
-1.0213078 17.857533 2.9499836
-0.97994083 17.860481 2.9499834
-0.94020784 17.861748 2.9499834
-0.89895928 17.859623 2.9499831
-0.85884339 17.857548 2.9499834
-0.82032162 17.860975 2.9499829
-0.77923495 17.85923 2.9499829
-0.73877031 17.859091 2.9499824
-0.69819027 17.860052 2.9499822
-0.66040856 17.859701 2.9499822
-0.61946762 17.860563 2.9499822
-0.57934505 17.858953 2.9499819
-0.54558569 17.858789 2.9499819
-2.9459689 17.899813 2.9386067
-2.9097867 17.913654 2.9499879
-2.8466856 17.887461 2.9499876
-2.8264036 17.908964 2.9499876
-2.7624836 17.886818 2.9499874
-2.7458706 17.90443 2.9499874
-2.6843793 17.882734 2.9499872
-2.6647789 17.903515 2.9499872
-2.6024313 17.885599 2.9499869
-2.5831549 17.906036 2.9499869
-2.5263085 17.885017 2.9499869
-2.5073457 17.905125 2.9499869
-2.4464023 17.89105 2.9499867
-2.4277427 17.910833 2.9499867
-2.3751345 17.890404 2.9499865
-2.353708 17.913122 2.9499865
-2.2970362 17.899361 2.9499865
-2.2420952 17.886021 2.9499862
-2.2242904 17.904898 2.9499862
-2.1712692 17.891676 2.949986
-2.150809 17.913366 2.9499862
-2.0996621 17.900215 2.9499857
-2.0500088 17.887449 2.9499857
-2.0301461 17.908508 2.9499857
-1.9794106 17.898767 2.9499857
-1.9360583 17.89535 2.9499855
-1.9108152 17.909769 2.9499855
-1.863168 17.900286 2.9499855
-1.8114729 17.896748 2.9499853
-1.7769667 17.899277 2.9499853
-1.7479625 17.907326 2.9499853
-1.7018108 17.901022 2.9499853
-1.6568818 17.894888 2.9499853
-1.619153 17.899977 2.9499848
-1.5803976 17.898106 2.9499848
-1.5439435 17.902962 2.9499848
-1.5042021 17.903669 2.9499843
-1.4615747 17.9004 2.9499843
-1.4175915 17.899773 2.9499846
-1.3746878 17.899162 2.9499841
-1.3377335 17.898983 2.9499838
-1.2974397 17.898449 2.9499838
-1.2591027 17.899483 2.9499838
-1.2199534 17.900066 2.9499838
-1.1805856 17.900669 2.9499838
-1.1399248 17.901585 2.9499838
-1.0991759 17.902081 2.9499836
-1.0596625 17.897718 2.9499836
-1.0180198 17.8983 2.9499838
-0.97923434 17.898565 2.9499834
-0.94034445 17.900871 2.9499834
-0.90120912 17.90206 2.9499834
-0.85923952 17.898954 2.9499834
-0.82047147 17.899202 2.9499834
-0.78132015 17.899902 2.9499829
-0.74016446 17.900652 2.9499829
-0.70083177 17.898338 2.9499822
-0.6589852 17.89959 2.9499822
-0.62016249 17.900373 2.9499822
-0.58024031 17.898952 2.9499822
-0.54971778 17.899452 2.9499822
-2.9528744 17.94235 2.9375265
-2.8925858 17.931892 2.9499881
-2.8753846 17.950129 2.9499879
-2.8061213 17.930468 2.9499876
-2.7892196 17.948387 2.9499876
-2.7259352 17.925568 2.9499874
-2.7059999 17.946703 2.9499874
-2.6451783 17.924295 2.9499872
-2.6255779 17.945076 2.9499872
-2.5638785 17.926474 2.9499869
-2.5478148 17.943504 2.9499869
-2.4883826 17.925228 2.9499869
-2.4694195 17.945332 2.9499869
-2.4090831 17.930618 2.9499867
-2.3904235 17.950399 2.9499867
-2.3322811 17.935837 2.9499865
-2.3139153 17.955307 2.9499865
-2.2608743 17.937698 2.9499865
-2.2035179 17.926922 2.9499862
-2.1857128 17.945797 2.9499862
-2.1303489 17.935061 2.949986
-2.1128116 17.953651 2.949986
-2.062228 17.939905 2.9499857
-2.0102835 17.929565 2.9499857
-1.9904208 17.950623 2.9499857
-1.9402567 17.940279 2.9499855
-1.891516 17.930229 2.9499855
-1.8645177 17.943853 2.9499855
-1.822391 17.943518 2.9499855
-1.7739394 17.936543 2.9499853
-1.7397397 17.938745 2.9499853
-1.7049392 17.941891 2.9499853
-1.6626759 17.942514 2.9499853
-1.6156907 17.938559 2.9499853
-1.5766739 17.936287 2.9499848
-1.5400072 17.940928 2.9499848
-1.5051267 17.942459 2.9499848
-1.4634835 17.939915 2.9499843
-1.422456 17.941874 2.9499843
-1.3789589 17.940731 2.9499846
-1.3365291 17.939617 2.9499841
-1.2999796 17.939009 2.9499838
-1.2577083 17.939787 2.9499838
-1.2182411 17.939402 2.9499838
-1.1812084 17.939981 2.9499838
-1.1411662 17.941326 2.9499838
-1.0982331 17.942238 2.9499838
-1.0597806 17.939508 2.9499836
-1.0206144 17.939116 2.9499836
-0.98052967 17.93705 2.9499836
-0.94116294 17.938929 2.9499834
-0.90079695 17.941212 2.9499834
-0.86246526 17.941061 2.9499834
-0.82302868 17.940132 2.9499831
-0.7794323 17.938591 2.9499831
-0.74016714 17.941917 2.9499829
-0.70038027 17.938793 2.9499826
-0.65920407 17.940189 2.9499826
-0.61854672 17.940645 2.9499822
-0.5798648 17.939062 2.9499822
-0.55329859 17.936787 2.9499826
-2.9466286 17.982811 2.9393888
-2.8547435 17.972012 2.9499879
-2.8341022 17.993896 2.9499879
-2.7689369 17.969889 2.9499874
-2.7486544 17.991392 2.9499874
-2.6860642 17.967838 2.9499874
-2.6661289 17.988976 2.9499874
-2.6059775 17.965857 2.9499872
-2.589644 17.983173 2.9499872
-2.528538 17.96394 2.9499869
-2.5092616 17.984377 2.9499869
-2.4472961 17.968788 2.9499867
-2.428333 17.988892 2.9499867
-2.3717639 17.970182 2.9499867
-2.3531044 17.989965 2.9499867
-2.2924886 17.978024 2.9499865
-2.274123 17.997496 2.9499865
-2.2216985 17.979233 2.9499867
-2.1679077 17.964676 2.9499862
-2.1471355 17.986698 2.9499862
-2.0923517 17.975346 2.949986
-2.0748146 17.993937 2.949986
-2.0247934 17.979591 2.9499857
-1.9705582 17.971682 2.9499857
-1.9453198 17.982559 2.9499855
-1.901103 17.981791 2.9499855
-1.8529176 17.971151 2.9499855
-1.8260541 17.984631 2.9499855
-1.7843324 17.983866 2.9499855
-1.7337247 17.979176 2.9499853
-1.6948185 17.975019 2.9499853
-1.6637846 17.985523 2.949985
-1.6261498 17.981237 2.9499853
-1.5770741 17.979498 2.9499853
-1.5318221 17.975111 2.9499848
-1.4981762 17.976774 2.9499848
-1.4625388 17.980984 2.9499846
-1.4239378 17.981844 2.9499843
-1.3833376 17.983349 2.9499843
-1.3403262 17.981691 2.9499841
-1.2983707 17.980074 2.9499841
-1.2574319 17.978497 2.9499838
-1.217474 17.976957 2.9499838
-1.1789976 17.980244 2.9499838
-1.1385585 17.981129 2.9499838
-1.1007581 17.979622 2.9499838
-1.0599434 17.982388 2.9499838
-1.0200415 17.977396 2.9499836
-0.97780526 17.977032 2.9499836
-0.93803823 17.978447 2.9499836
-0.8992182 17.979826 2.9499834
-0.86131161 17.981167 2.9499834
-0.82075167 17.981714 2.9499834
-0.78052914 17.980085 2.9499831
-0.73969132 17.97949 2.9499834
-0.69883436 17.980543 2.9499829
-0.66045713 17.978632 2.9499829
-0.62072879 17.98098 2.9499826
-0.57950586 17.980354 2.9499822
-0.55792814 17.976299 2.9499826
-2.9528713 18.021999 2.9353418
-2.9016151 18.018768 2.9499879
-2.8134608 18.015781 2.9499879
-2.7962601 18.034018 2.9499879
-2.7283723 18.012896 2.9499874
-2.7114706 18.030815 2.9499874
-2.6461933 18.010109 2.9499874
-2.6295803 18.027723 2.9499874
-2.5667768 18.007418 2.9499872
-2.5471764 18.028198 2.9499872
-2.4867723 18.008221 2.9499867
-2.4674959 18.028658 2.9499867
-2.4093699 18.008997 2.9499867
-2.3904068 18.0291 2.9499867
-2.3313346 18.013046 2.9499867
-2.312675 18.032829 2.9499867
-2.2557571 18.016968 2.9499865
-2.2373915 18.036438 2.9499865
-2.182523 18.020767 2.9499865
-2.1263628 18.00872 2.9499862
-2.1085582 18.027599 2.9499862
-2.0572772 18.012531 2.949986
-2.0260904 18.023136 2.9499862
-1.9844795 18.022333 2.9499857
-1.9336703 18.010792 2.9499857
-1.9057369 18.024525 2.9499857
-1.8619494 18.023302 2.9499855
-1.8115622 18.014996 2.9499855
-1.7832764 18.024984 2.9499855
-1.7462736 18.024216 2.9499855
-1.6961912 18.018969 2.9499853
-1.6569431 18.018013 2.9499853
-1.6228291 18.021582 2.9499853
-1.5844055 18.025496 2.9499853
-1.5384575 18.020441 2.9499853
-1.4937104 18.015518 2.9499848
-1.4578733 18.019505 2.9499848
-1.4193851 18.021999 2.9499848
-1.3830178 18.022457 2.9499846
-1.346664 18.02223 2.9499846
-1.3041083 18.020088 2.9499841
-1.262597 18.018 2.9499841
-1.219736 18.018463 2.9499838
-1.1779016 18.018909 2.9499838
-1.1370573 18.019348 2.9499838
-1.0971688 18.019777 2.9499838
-1.0582021 18.020197 2.9499838
-1.0181879 18.018322 2.9499838
-0.97910917 18.017399 2.9499836
-0.93884361 18.018341 2.9499836
-0.89954817 18.019257 2.9499836
-0.86118811 18.020145 2.9499834
-0.82180458 18.021778 2.9499834
-0.77992481 18.022146 2.9499834
-0.73917443 18.017988 2.9499834
-0.6999712 18.020367 2.9499831
-0.65900886 18.019804 2.9499829
-0.62000722 18.021025 2.9499829
-0.58378047 18.021296 2.9499824
-2.950911 18.063757 2.9403558
-2.8806021 18.041046 2.9499879
-2.8595891 18.063324 2.9499879
-2.775619 18.055901 2.9499879
-2.7549777 18.077785 2.9499879
-2.6911883 18.052319 2.9499874
-2.6709061 18.073822 2.9499874
-2.6096449 18.048859 2.9499874
-2.5897093 18.069994 2.9499874
-2.5275757 18.048979 2.9499872
-2.5079751 18.069757 2.9499872
-2.4482193 18.049095 2.9499867
-2.4289429 18.069532 2.9499867
-2.371444 18.049208 2.9499867
-2.3524809 18.069311 2.9499867
-2.2940154 18.052612 2.9499867
-2.2753556 18.072395 2.9499867
-2.2159646 18.059156 2.9499865
-2.1614285 18.043133 2.9499865
-2.1433475 18.062302 2.9499865
-2.0877855 18.04962 2.9499862
-2.0699804 18.068497 2.9499862
-2.0163569 18.055914 2.949986
-1.9815713 18.059105 2.949986
-1.9470453 18.062021 2.949986
-1.8939445 18.052908 2.9499857
-1.8661544 18.06649 2.9499857
-1.8227955 18.064812 2.9499855
-1.7729638 18.055918 2.9499855
-1.7390952 18.061825 2.9499855
-1.7054965 18.067448 2.9499855
-1.6586576 18.058764 2.9499853
-1.6163371 18.058226 2.9499853
-1.5805757 18.062695 2.949985
-1.5452707 18.066986 2.949985
-1.4998409 18.061382 2.9499853
-1.4530576 18.058617 2.9499848
-1.4150462 18.058107 2.9499848
-1.3784826 18.058262 2.9499843
-1.3411754 18.060356 2.9499846
-1.3042948 18.060398 2.9499843
-1.2624327 18.05851 2.9499841
-1.2220535 18.060986 2.9499841
-1.1820399 18.058426 2.9499838
-1.1406571 18.058397 2.9499838
-1.1002536 18.058369 2.9499838
-1.0607953 18.058342 2.9499838
-1.0180155 18.058804 2.9499838
-0.97825325 18.060661 2.9499838
-0.93966466 18.059217 2.9499836
-0.89988202 18.059649 2.9499836
-0.85914654 18.060097 2.9499838
-0.819372 18.060905 2.9499834
-0.78049242 18.062401 2.9499834
-0.73960805 18.059246 2.9499834
-0.69945806 18.059099 2.9499834
-0.66002113 18.061277 2.9499834
-0.6188215 18.060167 2.9499829
-0.58450294 18.058037 2.9499826
-2.948494 18.101458 2.9361639
-2.9109764 18.108833 2.9499881
-2.8245671 18.100454 2.9499879
-2.7343364 18.099667 2.9499879
-2.6506238 18.095325 2.9499874
-2.6337221 18.113245 2.9499874
-2.5697737 18.091129 2.9499874
-2.5498383 18.112267 2.9499874
-2.4883745 18.090538 2.9499872
-2.4687741 18.11132 2.9499872
-2.4096663 18.089968 2.9499867
-2.3903902 18.110405 2.9499867
-2.3303576 18.092766 2.9499869
-2.3113945 18.112871 2.9499869
-2.2535861 18.095476 2.9499867
-2.2349265 18.115257 2.9499867
-2.1792333 18.098099 2.9499865
-2.1252666 18.08147 2.9499865
-2.104172 18.103836 2.9499865
-2.0492082 18.090519 2.9499862
-2.0284355 18.112543 2.9499862
-1.9783601 18.096199 2.9499857
-1.9372257 18.094893 2.9499862
-1.9067314 18.104763 2.949986
-1.8513815 18.098034 2.9499857
-1.8187876 18.100826 2.9499855
-1.7864383 18.103359 2.9499855
-1.7343652 18.09684 2.9499855
-1.6969194 18.096542 2.9499855
-1.6674381 18.107798 2.9499855
-1.6184428 18.101398 2.9499853
-1.5707812 18.095173 2.949985
-1.5396386 18.100574 2.949985
-1.5087447 18.105713 2.949985
-1.4637986 18.099594 2.9499853
-1.4174867 18.096329 2.9499848
-1.376925 18.096825 2.9499848
-1.3386468 18.100496 2.9499843
-1.298714 18.10076 2.9499843
-1.2596283 18.101002 2.9499843
-1.2213637 18.101229 2.9499841
-1.1810126 18.098875 2.9499841
-1.1419878 18.100889 2.9499838
-1.1034125 18.097883 2.9499838
-1.0590682 18.097845 2.9499838
-1.0198753 18.101723 2.9499838
-0.97939652 18.099306 2.9499838
-0.9400326 18.100639 2.9499836
-0.9015255 18.098806 2.9499836
-0.85961354 18.098606 2.9499836
-0.81874019 18.101276 2.9499836
-0.77945268 18.101929 2.9499834
-0.73937052 18.099707 2.9499834
-0.6993258 18.099161 2.9499834
-0.65944517 18.098539 2.9499834
-0.62049359 18.100504 2.9499834
-0.59213656 18.097361 2.9499831
-2.9528675 18.138908 2.9365227
-2.8895779 18.131521 2.9499881
-2.8717456 18.150425 2.9499881
-2.8035541 18.122734 2.9499879
-2.7825408 18.14501 2.9499879
-2.699934 18.136139 2.9499876
-2.6792927 18.158026 2.9499876
-2.6168201 18.131165 2.9499874
-2.5965381 18.152666 2.9499874
-2.5299027 18.133402 2.9499874
-2.5132899 18.151014 2.9499874
-2.4491735 18.132099 2.9499872
-2.4295731 18.15288 2.9499872
-2.3711135 18.130842 2.9499867
-2.3518372 18.151279 2.9499867
-2.2924314 18.132977 2.9499869
-2.2734685 18.15308 2.9499869
-2.2162669 18.13504 2.9499867
-2.1976073 18.154823 2.9499867
-2.1394408 18.140285 2.9499867
-2.0830774 18.1262 2.9499865
-2.0649962 18.145369 2.9499865
-2.0106306 18.131422 2.9499862
-1.9928256 18.150297 2.9499862
-1.9374398 18.139582 2.9499857
-1.8865745 18.126133 2.949986
-1.8664173 18.147503 2.949986
-1.8144937 18.137142 2.9499857
-1.7761179 18.135475 2.9499855
-1.7472847 18.144871 2.9499855
-1.698524 18.13484 2.9499855
-1.6540741 18.136967 2.9499855
-1.6266611 18.15103 2.9499855
-1.5809094 18.141191 2.9499853
-1.5337582 18.134424 2.949985
-1.4988223 18.138325 2.949985
-1.4643284 18.142048 2.949985
-1.4226075 18.143263 2.9499853
-1.3793747 18.136736 2.949985
-1.3367095 18.13946 2.9499848
-1.297419 18.139471 2.9499846
-1.2589378 18.139467 2.9499846
-1.2206488 18.14233 2.9499843
-1.1799546 18.140192 2.9499841
-1.1404641 18.141062 2.9499841
-1.1015632 18.13826 2.9499838
-1.0615122 18.142307 2.9499838
-1.0220456 18.141285 2.9499838
-0.98106599 18.138327 2.9499838
-0.93888772 18.137814 2.9499836
-0.89881188 18.140545 2.9499836
-0.85927927 18.138197 2.9499838
-0.81853753 18.140495 2.9499836
-0.78033173 18.139967 2.9499836
-0.7414791 18.142189 2.9499834
-0.70025188 18.140909 2.9499834
-0.65890533 18.13637 2.9499834
-0.61921334 18.1397 2.9499834
-0.59363192 18.1397 2.9499829
-2.9481947 18.177179 2.9397891
-2.8539133 18.169333 2.9499881
-2.8325148 18.192019 2.9499881
-2.7615278 18.16729 2.9499879
-2.7440169 18.185856 2.9499879
-2.6586514 18.179909 2.9499876
-2.5762558 18.17417 2.9499874
-2.5559735 18.195673 2.9499874
-2.4933543 18.17215 2.9499874
-2.473419 18.193285 2.9499874
-2.4099724 18.17366 2.9499872
-2.3936391 18.190979 2.9499872
-2.3325605 18.171715 2.9499867
-2.3132842 18.192154 2.9499867
-2.2545054 18.173185 2.9499867
-2.2355421 18.193289 2.9499867
-2.1758378 18.177904 2.9499867
-2.0996482 18.182474 2.9499865
-2.0439019 18.167734 2.9499862
-2.0258212 18.186903 2.9499862
-1.9720533 18.172321 2.9499862
-1.9542483 18.191196 2.9499862
-1.8994426 18.179867 2.9499857
-1.8462603 18.168873 2.949986
-1.8289829 18.187191 2.949986
-1.7747684 18.179258 2.9499857
-1.7277079 18.165625 2.9499855
-1.7081311 18.18638 2.9499855
-1.6571686 18.178684 2.9499855
-1.6076318 18.171204 2.9499855
-1.591321 18.188498 2.9499855
-1.5433758 18.180984 2.9499853
-1.4940907 18.176479 2.9499853
-1.4541061 18.174686 2.949985
-1.422695 18.186186 2.949985
-1.3839909 18.184206 2.9499848
-1.3387221 18.179836 2.949985
-1.2946216 18.175579 2.9499846
-1.2581912 18.178694 2.9499843
-1.2195702 18.181206 2.9499846
-1.1822864 18.18075 2.9499846
-1.1414406 18.181025 2.9499841
-1.0996666 18.179493 2.9499838
-1.0608574 18.180634 2.9499838
-1.0193653 18.181633 2.9499838
-0.98045403 18.180149 2.9499838
-0.94008279 18.177233 2.9499838
-0.8985436 18.180588 2.9499836
-0.85793561 18.179543 2.9499836
-0.81833625 18.178516 2.9499836
-0.77966815 18.17963 2.9499836
-0.73982406 18.18129 2.9499836
-0.69894516 18.181437 2.9499834
-0.65964621 18.178192 2.9499834
-0.61956608 18.180107 2.9499834
-0.59972161 18.176775 2.9499831
-2.9496467 18.215763 2.9351907
-2.9025223 18.221525 2.9499884
-2.8111162 18.214706 2.9499881
-2.7932837 18.233612 2.9499881
-2.7265058 18.20442 2.9499879
-2.7089949 18.222984 2.9499879
-2.6208093 18.220032 2.9499876
-2.5356913 18.217176 2.9499874
-2.5187895 18.235096 2.9499874
-2.4534831 18.21442 2.9499874
-2.4335477 18.235558 2.9499874
-2.3740385 18.211758 2.9499872
-2.3544381 18.232538 2.9499872
-2.2907948 18.215996 2.9499869
-2.2715185 18.236433 2.9499869
-2.2134185 18.216747 2.9499867
-2.1944556 18.236849 2.9499867
-2.1385186 18.21747 2.9499867
-2.0629168 18.221418 2.9499865
-2.00774 18.206072 2.9499862
-1.9896591 18.225243 2.9499862
-1.9334759 18.213221 2.9499862
-1.9127035 18.235243 2.9499862
-1.8614451 18.220152 2.9499857
-1.808826 18.208559 2.9499862
-1.7886691 18.229933 2.949986
-1.7378806 18.218369 2.9499857
-1.6857573 18.2101 2.9499855
-1.6661803 18.230858 2.9499855
-1.6185702 18.219606 2.9499855
-1.5722917 18.208672 2.9499855
-1.545429 18.222567 2.9499855
-1.5031613 18.223621 2.9499853
-1.4570678 18.215733 2.9499853
-1.4168411 18.216957 2.949985
-1.3820251 18.222136 2.9499848
-1.3453743 18.225147 2.9499848
-1.3006103 18.220242 2.949985
-1.2544936 18.218122 2.9499846
-1.2161794 18.217318 2.9499846
-1.1798829 18.21982 2.9499843
-1.1400831 18.220993 2.9499843
-1.1010584 18.219995 2.9499843
-1.0616237 18.21983 2.9499838
-1.0232258 18.22053 2.9499838
-0.98217583 18.221062 2.9499838
-0.94130599 18.217583 2.9499838
-0.89926791 18.220507 2.9499836
-0.85818315 18.218939 2.9499836
-0.81767118 18.219625 2.9499836
-0.77899975 18.220222 2.9499836
-0.74085736 18.218704 2.9499836
-0.70204663 18.220015 2.9499834
-0.6591621 18.219786 2.9499834
-0.62333751 18.219561 2.9499834
-2.9528627 18.260916 2.937758
-2.8843565 18.240784 2.9499884
-2.8625579 18.263895 2.9499884
-2.7718849 18.2563 2.9499881
-2.7540529 18.275204 2.9499881
-2.6879816 18.245262 2.9499879
-2.6669683 18.267542 2.9499879
-2.582967 18.260151 2.9499876
-2.498507 18.256599 2.9499874
-2.478225 18.278103 2.9499874
-2.4136121 18.256691 2.9499874
-2.3969994 18.274305 2.9499874
-2.3348377 18.253319 2.9499872
-2.315237 18.274099 2.9499872
-2.2522421 18.25687 2.9499869
-2.2361784 18.273901 2.9499869
-2.1754925 18.256954 2.9499867
-2.1565294 18.277058 2.9499867
-2.1011994 18.257036 2.9499867
-2.0414901 18.244133 2.9499865
-2.0231242 18.263607 2.9499865
-1.9685646 18.247606 2.9499862
-1.9474702 18.269972 2.9499862
-1.8919309 18.257267 2.9499862
-1.8575556 18.258993 2.949986
-1.8205248 18.263536 2.9499857
-1.7685121 18.251303 2.9499862
-1.7512347 18.269621 2.9499862
-1.6981552 18.260485 2.9499857
-1.6466032 18.251612 2.9499855
-1.6298232 18.269402 2.9499855
-1.5799719 18.260529 2.9499855
-1.5315148 18.251904 2.9499855
-1.5031219 18.262558 2.9499855
-1.4656277 18.263414 2.9499853
-1.4174004 18.257788 2.9499853
-1.3704678 18.252312 2.949985
-1.3422642 18.260708 2.9499848
-1.3067577 18.266088 2.9499848
-1.2624985 18.260649 2.949985
-1.2168735 18.258009 2.9499843
-1.1764773 18.259407 2.9499846
-1.1393675 18.258158 2.9499846
-1.1005836 18.259495 2.9499843
-1.0594718 18.259695 2.9499841
-1.0185591 18.259861 2.9499838
-0.97999281 18.260094 2.9499838
-0.94020116 18.260204 2.9499838
-0.90114415 18.259001 2.9499838
-0.85843647 18.259251 2.9499836
-0.81789041 18.261654 2.9499836
-0.77834654 18.259584 2.9499836
-0.73971808 18.259747 2.9499836
-0.6999197 18.260445 2.9499836
-0.65994835 18.261326 2.9499834
-0.6274035 18.256094 2.9499834
-2.9446881 18.297525 2.9404323
-2.9159596 18.314957 2.9499884
-2.8407593 18.287006 2.9499884
-2.8225939 18.306265 2.9499884
-2.7362206 18.294111 2.9499881
-2.7183883 18.313017 2.9499881
-2.6459553 18.28982 2.9499879
-2.6284444 18.308386 2.9499881
-2.562326 18.282034 2.9499876
-2.5416846 18.303917 2.9499876
-2.457943 18.299606 2.9499874
-2.3770638 18.295441 2.9499874
-2.3571281 18.316576 2.9499874
-2.2956367 18.29488 2.9499872
-2.2760363 18.31566 2.9499872
-2.2169018 18.294336 2.9499869
-2.1976252 18.314774 2.9499869
-2.1375666 18.297161 2.9499867
-2.1186035 18.317268 2.9499867
-2.0607703 18.299898 2.9499869
-2.0047584 18.283077 2.9499865
-1.9863927 18.302547 2.9499865
-1.9263757 18.292336 2.9499862
-1.9082947 18.311504 2.9499862
-1.856321 18.295019 2.9499862
-1.8192905 18.299561 2.949986
-1.7825277 18.303822 2.949986
-1.7310777 18.290991 2.949986
-1.7109208 18.312361 2.9499862
-1.6612673 18.299593 2.9499857
-1.6102463 18.290157 2.9499855
-1.5906693 18.310913 2.9499855
-1.5413734 18.301451 2.9499855
-1.4934561 18.292253 2.9499855
-1.4593034 18.29929 2.9499853
-1.4254131 18.306049 2.949985
-1.3803774 18.297039 2.9499853
-1.335981 18.29808 2.9499853
-1.2996161 18.300545 2.9499848
-1.263813 18.302893 2.9499848
-1.2218459 18.303747 2.949985
-1.1767454 18.300552 2.9499843
-1.1352701 18.294811 2.9499846
-1.0972379 18.300518 2.9499843
-1.0579993 18.296766 2.9499846
-1.0210425 18.30044 2.9499841
-0.98057407 18.300133 2.9499838
-0.94242567 18.299923 2.9499838
-0.9006961 18.298515 2.9499838
-0.85869581 18.300514 2.9499838
-0.82089645 18.300997 2.9499836
-0.77988964 18.29928 2.9499836
-0.73856264 18.301762 2.9499836
-0.70049661 18.299208 2.9499836
-0.66108775 18.301617 2.9499836
-0.63097984 18.296686 2.9499836
-2.9528606 18.327654 2.9333076
-2.8974481 18.334583 2.9499884
-2.8789363 18.35421 2.9499884
-2.8044281 18.325523 2.9499884
-2.7862628 18.344782 2.9499884
-2.6969898 18.335703 2.9499881
-2.675591 18.358391 2.9499881
-2.6074314 18.330664 2.9499881
-2.5899205 18.349228 2.9499879
-2.5210435 18.325802 2.9499876
-2.5038426 18.344038 2.9499876
-2.4207585 18.339027 2.9499874
-2.3371928 18.337711 2.9499874
-2.3172572 18.358849 2.9499874
-2.2531691 18.339905 2.9499872
-2.1783488 18.335211 2.9499869
-2.1590722 18.355648 2.9499869
-2.0964797 18.340723 2.9499867
-2.0203412 18.342764 2.9499867
-1.9649661 18.325264 2.9499865
-1.9466003 18.344736 2.9499865
-1.8902136 18.330675 2.9499862
-1.8721327 18.349844 2.9499862
-1.8177437 18.33592 2.9499862
-1.7809808 18.340178 2.949986
-1.7445303 18.344107 2.9499857
-1.6907638 18.333731 2.949986
-1.6627926 18.341583 2.9499862
-1.621542 18.341707 2.9499857
-1.5710926 18.331669 2.9499855
-1.5515156 18.352425 2.9499855
-1.502775 18.342373 2.9499855
-1.4553975 18.332603 2.9499853
-1.4215072 18.339361 2.949985
-1.3878795 18.34584 2.949985
-1.3380655 18.3419 2.9499853
-1.294807 18.332529 2.949985
-1.259145 18.338078 2.949985
-1.2239234 18.343435 2.9499848
-1.1837341 18.344154 2.9499848
-1.1391255 18.340435 2.9499846
-1.0956532 18.336813 2.9499846
-1.0568527 18.336411 2.9499843
-1.0192047 18.337896 2.9499843
-0.98261297 18.341183 2.9499838
-0.94013733 18.339882 2.9499838
-0.89939433 18.339273 2.9499838
-0.85953909 18.340364 2.9499838
-0.81974912 18.340061 2.9499838
-0.78144097 18.340881 2.9499836
-0.73993361 18.339867 2.9499836
-0.69895273 18.339417 2.9499836
-0.65911961 18.341379 2.9499836
-0.6327824 18.335361 2.9499836
-2.8567224 18.37776 2.9499884
-2.7644639 18.367893 2.9499884
-2.7462981 18.387154 2.9499884
-2.6577585 18.377296 2.9499881
-2.639926 18.396202 2.9499881
-2.5724094 18.367792 2.9499881
-2.5513964 18.39007 2.9499881
-2.4866416 18.362274 2.9499876
-2.4660003 18.384159 2.9499876
-2.3801939 18.382034 2.9499874
-2.2973218 18.379984 2.9499874
-2.2172351 18.378004 2.9499872
-2.1365831 18.379492 2.9499872
-2.0585539 18.380934 2.9499867
-1.9830219 18.382328 2.9499867
-1.9282346 18.364208 2.9499865
-1.9068077 18.386927 2.9499865
-1.8510382 18.37221 2.9499862
-1.8329573 18.391378 2.9499862
-1.7761987 18.379965 2.9499857
-1.7240703 18.365797 2.949986
-1.7065331 18.38439 2.949986
-1.6533295 18.373419 2.949986
-1.6226748 18.384117 2.9499857
-1.5818167 18.383825 2.9499855
-1.5319387 18.373178 2.9499855
-1.504451 18.38689 2.9499855
-1.4641765 18.383297 2.9499855
-1.4146204 18.375835 2.9499853
-1.3737216 18.375439 2.949985
-1.347665 18.388477 2.949985
-1.3010427 18.381149 2.9499853
-1.2556721 18.37402 2.9499853
-1.2175527 18.378586 2.9499848
-1.1800247 18.382996 2.9499848
-1.1456221 18.384562 2.9499846
-1.1015054 18.380322 2.9499843
-1.0585124 18.37619 2.9499843
-1.0176631 18.377958 2.9499843
-0.97767216 18.379679 2.9499841
-0.93851364 18.381351 2.9499841
-0.89976299 18.380186 2.9499838
-0.85920185 18.37875 2.9499838
-0.81990087 18.380095 2.9499838
-0.78140169 18.380718 2.9499838
-0.74080825 18.379417 2.9499836
-0.69952571 18.380487 2.9499836
-0.65921903 18.38154 2.9499836
-2.8196995 18.417011 2.9499884
-2.7281327 18.406414 2.9499884
-2.7099674 18.425673 2.9499884
-2.6185274 18.418888 2.9499881
-2.5303831 18.41235 2.9499881
-2.5128722 18.430916 2.9499879
-2.4453592 18.406042 2.9499876
-2.4281583 18.424278 2.9499876
-2.3430102 18.421457 2.9499874
-2.2607729 18.418732 2.9499874
-2.1780341 18.419563 2.9499872
-2.0980301 18.420366 2.9499872
-2.020628 18.421141 2.9499867
-1.9612525 18.405407 2.9499865
-1.9425929 18.42519 2.9499865
-1.8853812 18.409641 2.9499865
-1.8670154 18.429111 2.9499865
-1.8148762 18.410547 2.9499862
-1.7937816 18.432913 2.9499862
-1.7405888 18.417717 2.9499857
-1.6973208 18.417303 2.9499862
-1.6685358 18.424675 2.949986
-1.6130155 18.416159 2.949986
-1.5788461 18.419682 2.9499857
-1.5449288 18.422934 2.9499855
-1.492785 18.414692 2.9499855
-1.4604411 18.418118 2.9499855
-1.425578 18.424215 2.9499855
-1.3765618 18.416185 2.9499853
-1.3360567 18.415371 2.949985
-1.3101313 18.428272 2.949985
-1.2640197 18.420401 2.9499853
-1.213928 18.418276 2.9499853
-1.1733233 18.41831 2.949985
-1.1375064 18.419348 2.9499846
-1.1010482 18.423317 2.9499846
-1.0613774 18.422867 2.9499843
-1.0188957 18.418194 2.9499843
-0.97847331 18.419508 2.9499841
-0.93890077 18.420786 2.9499841
-0.90015191 18.422024 2.9499841
-0.85884851 18.417942 2.9499838
-0.81906188 18.418169 2.9499838
-0.78025442 18.419064 2.9499838
-0.73975313 18.419643 2.9499838
-0.70019382 18.420204 2.9499836
-0.66394836 18.421061 2.9499836
-2.7789738 18.46019 2.9499884
-2.6881685 18.448782 2.9499884
-2.6663702 18.471893 2.9499884
-2.5792964 18.460482 2.9499881
-2.4918592 18.453194 2.9499879
-2.4708462 18.475471 2.9499879
-2.407517 18.446163 2.9499876
-2.3868756 18.468048 2.9499876
-2.3227279 18.442961 2.9499874
-2.3024457 18.464464 2.9499874
-2.2209022 18.461004 2.9499874
-2.138833 18.461123 2.9499872
-2.0594771 18.461239 2.9499872
-1.9827021 18.461351 2.9499867
-1.9239333 18.444973 2.9499865
-1.9052737 18.464756 2.9499865
-1.8486497 18.448584 2.9499865
-1.8302839 18.468056 2.9499865
-1.7726872 18.455276 2.9499862
-1.7546062 18.474445 2.9499862
-1.6990439 18.461763 2.9499857
-1.6480757 18.446365 2.9499862
-1.6276157 18.468058 2.949986
-1.5755812 18.455847 2.9499857
-1.5351855 18.455069 2.9499855
-1.5052034 18.465052 2.9499855
-1.4564278 18.453236 2.9499855
-1.4215649 18.459335 2.9499855
-1.3869796 18.465139 2.9499855
-1.3385034 18.456535 2.9499853
-1.2948416 18.45615 2.949985
-1.2631536 18.463886 2.949985
-1.2243522 18.462458 2.9499853
-1.1774021 18.457001 2.9499853
-1.1371844 18.456625 2.9499848
-1.1030784 18.461086 2.9499846
-1.0647177 18.461836 2.9499846
-1.0237573 18.462749 2.9499846
-0.97927868 18.460192 2.9499843
-0.93591928 18.457701 2.9499843
-0.89783168 18.458698 2.9499843
-0.85847819 18.457972 2.9499838
-0.81819499 18.457029 2.9499838
-0.77907437 18.458212 2.9499838
-0.73816597 18.458328 2.9499838
-0.69821876 18.458443 2.9499838
-0.66652399 18.45999 2.9499836
-2.7382483 18.503366 2.9499884
-2.6482043 18.491154 2.9499884
-2.6300385 18.510412 2.9499884
-2.5400655 18.502073 2.9499881
-2.453335 18.494036 2.9499881
-2.4358242 18.5126 2.9499879
-2.3662343 18.489929 2.9499876
-2.3490334 18.508165 2.9499876
-2.2821634 18.485966 2.9499874
-2.2652617 18.503885 2.9499874
-2.1843538 18.499752 2.9499874
-2.1028988 18.499222 2.9499869
-2.0209243 18.502113 2.9499872
-1.9605786 18.484806 2.9499867
-1.9416155 18.504911 2.9499867
-1.883504 18.487837 2.9499865
-1.8648446 18.50762 2.9499865
-1.8088573 18.490772 2.9499865
-1.7904915 18.510244 2.9499865
-1.7335113 18.496811 2.9499862
-1.7154304 18.51598 2.9499862
-1.663434 18.499517 2.9499857
-1.6071557 18.489752 2.9499862
-1.5896183 18.508345 2.9499862
-1.5352672 18.498589 2.9499857
-1.4952639 18.497393 2.9499855
-1.4654781 18.507168 2.9499855
-1.4144775 18.497711 2.9499855
-1.3767538 18.496555 2.9499855
-1.3483813 18.506062 2.9499855
-1.2977264 18.499769 2.9499853
-1.2511499 18.490803 2.949985
-1.2207084 18.500376 2.949985
-1.184685 18.504513 2.949985
-1.138267 18.498491 2.9499853
-1.093079 18.492632 2.9499848
-1.0607778 18.500696 2.9499846
-1.021588 18.501486 2.9499843
-0.98362917 18.505293 2.9499846
-0.94213796 18.499571 2.9499846
-0.89924562 18.496582 2.9499841
-0.85808969 18.498865 2.9499841
-0.81729883 18.496693 2.9499841
-0.77786034 18.498184 2.9499838
-0.73899549 18.496782 2.9499838
-0.70165956 18.50001 2.9499838
-0.67177278 18.502178 2.9499838
-2.7012253 18.542618 2.9499884
-2.6082394 18.533522 2.9499884
-2.5900741 18.55278 2.9499884
-2.504401 18.539886 2.9499881
-2.4148111 18.53488 2.9499879
-2.3973002 18.553444 2.9499879
-2.3283923 18.53005 2.9499876
-2.3077509 18.551933 2.9499876
-2.2449794 18.525389 2.9499874
-2.2246971 18.546892 2.9499874
-2.1644185 18.520887 2.9499874
-2.1444831 18.542025 2.9499874
-2.0832984 18.52 2.9499869
-2.0636981 18.540781 2.9499869
-1.9855843 18.539581 2.9499869
-1.9226524 18.525015 2.9499867
-1.9036891 18.545118 2.9499867
-1.8461848 18.527403 2.9499865
-1.8275253 18.547186 2.9499865
-1.7721256 18.529715 2.9499865
-1.75376 18.549187 2.9499865
-1.6973493 18.535149 2.9499862
-1.660965 18.53793 2.949986
-1.6218891 18.543566 2.9499857
-1.5691583 18.530035 2.949986
-1.5486983 18.551727 2.9499862
-1.4949533 18.541328 2.9499857
-1.4456153 18.528227 2.9499855
-1.4285903 18.546276 2.9499855
-1.3753233 18.539223 2.9499855
-1.3336803 18.537079 2.9499855
-1.3070259 18.549906 2.9499855
-1.2596678 18.540115 2.9499853
-1.2109352 18.533438 2.949985
-1.179171 18.538738 2.949985
-1.1476619 18.543766 2.949985
-1.0991322 18.539984 2.9499853
-1.0518879 18.536303 2.9499848
-1.0185984 18.540176 2.9499846
-0.98161107 18.541443 2.9499846
-0.94600898 18.545177 2.9499846
-0.90252113 18.541573 2.9499846
-0.85768217 18.540648 2.9499841
-0.81637192 18.537188 2.9499841
-0.77907258 18.537218 2.9499838
-0.74004877 18.538271 2.9499838
-0.69829655 18.539932 2.9499838
-0.67742783 18.549515 2.9499841
-2.6642022 18.581871 2.9499884
-2.5719085 18.572039 2.9499884
-2.5537429 18.591301 2.9499884
-2.4830024 18.562572 2.9499881
-2.4651701 18.581478 2.9499881
-2.376287 18.575724 2.9499879
-2.355274 18.598001 2.9499879
-2.2871099 18.573818 2.9499876
-2.2699089 18.592054 2.9499876
-2.2044148 18.568396 2.9499874
-2.1875131 18.586315 2.9499874
-2.1245475 18.56316 2.9499874
-2.1046119 18.584293 2.9499872
-2.0440977 18.561562 2.9499869
-2.024497 18.582342 2.9499869
-1.9663078 18.560019 2.9499869
-1.9470313 18.580456 2.9499869
-1.8847263 18.565226 2.9499867
-1.8657631 18.585331 2.9499867
-1.8088657 18.566969 2.9499865
-1.7902061 18.586752 2.9499865
-1.7323333 18.571903 2.9499865
-1.7139676 18.591373 2.9499865
-1.6581739 18.576683 2.9499862
-1.6190979 18.582317 2.949986
-1.5833117 18.584463 2.949986
-1.531161 18.57032 2.9499862
-1.5136237 18.588913 2.9499862
-1.4575189 18.581018 2.9499857
-1.4087275 18.567335 2.9499855
-1.3888648 18.588394 2.9499855
-1.3361696 18.580732 2.9499855
-1.2877266 18.570368 2.9499855
-1.2684275 18.59083 2.9499855
-1.2216091 18.580465 2.9499853
-1.1734016 18.573233 2.949985
-1.1377575 18.576969 2.949985
-1.10535 18.588623 2.949985
-1.0599971 18.581472 2.949985
-1.0132712 18.577244 2.9499848
-0.9752962 18.575613 2.9499846
-0.93923354 18.577868 2.9499846
-0.90160698 18.583969 2.9499846
-0.86290425 18.583574 2.9499846
-0.82100856 18.579529 2.9499841
-0.77773941 18.578146 2.9499841
-0.73839325 18.579525 2.9499838
-0.69952494 18.576416 2.9499838
-2.6419883 18.605423 2.9499884
-2.6234767 18.625048 2.9499884
-2.5319443 18.61441 2.9499884
-2.5137787 18.633671 2.9499884
-2.4437714 18.604164 2.9499881
-2.4223728 18.626852 2.9499881
-2.3342605 18.620279 2.9499879
-2.2527077 18.610291 2.9499876
-2.2320669 18.632174 2.9499876
-2.1672308 18.607819 2.9499874
-2.1469488 18.629322 2.9499874
-2.0846763 18.605431 2.9499872
-2.0680633 18.623045 2.9499872
-2.0048966 18.603123 2.9499869
-1.9852962 18.623901 2.9499869
-1.9245421 18.604298 2.9499869
-1.9052656 18.624735 2.9499869
-1.8436397 18.608784 2.9499867
-1.8246766 18.628891 2.9499867
-1.7684366 18.609833 2.9499865
-1.749777 18.629616 2.9499865
-1.6925408 18.61409 2.9499865
-1.6741749 18.633562 2.9499862
-1.6159849 18.621412 2.9499862
-1.5655068 18.60334 2.949986
-1.5477018 18.622217 2.949986
-1.4931636 18.610603 2.949986
-1.4727036 18.632296 2.9499862
-1.4200846 18.620705 2.9499857
-1.3690022 18.609453 2.9499855
-1.3491395 18.630512 2.9499855
-1.2998124 18.619278 2.9499855
-1.2491283 18.61129 2.9499855
-1.2325863 18.628828 2.9499855
-1.1835508 18.620815 2.9499853
-1.1358681 18.613026 2.949985
-1.10197 18.620586 2.949985
-1.0683272 18.627876 2.949985
-1.023471 18.620199 2.949985
-0.97722906 18.615456 2.9499848
-0.9366979 18.61479 2.9499846
-0.89884335 18.620689 2.9499846
-0.85987264 18.619928 2.9499846
-0.82016766 18.621962 2.9499843
-0.78189009 18.621002 2.9499841
-0.73910677 18.619104 2.9499841
-0.70508438 18.61676 2.9499838
-2.6049652 18.644674 2.9499884
-2.5864534 18.664299 2.9499884
-2.4956131 18.652931 2.9499884
-2.4738145 18.676041 2.9499884
-2.4045405 18.645758 2.9499881
-2.3867083 18.664661 2.9499881
-2.2992387 18.657408 2.9499879
-2.2782257 18.679688 2.9499879
-2.2114255 18.65406 2.9499876
-2.1942246 18.672295 2.9499876
-2.1300468 18.647242 2.9499874
-2.1097646 18.668745 2.9499874
-2.0481279 18.644178 2.9499872
-2.0281925 18.665316 2.9499872
-1.965696 18.644684 2.9499869
-1.9460955 18.665462 2.9499869
-1.8859892 18.645172 2.9499869
-1.8667127 18.665607 2.9499869
-1.8057137 18.648994 2.9499867
-1.7867507 18.669098 2.9499867
-1.7311174 18.649399 2.9499865
-1.7124578 18.66918 2.9499865
-1.6558092 18.653032 2.9499862
-1.6343825 18.675751 2.9499862
-1.579823 18.659752 2.9499862
-1.5269294 18.644241 2.949986
-1.5061569 18.666264 2.949986
-1.4522436 18.653988 2.949986
-1.4347062 18.672581 2.949986
-1.3826504 18.660391 2.9499857
-1.3292766 18.651571 2.9499855
-1.3122514 18.669621 2.9499855
-1.2606585 18.660791 2.9499855
-1.2132869 18.64929 2.9499855
-1.1859415 18.66328 2.9499855
-1.1427737 18.664047 2.9499853
-1.0956534 18.655661 2.9499853
-1.0546001 18.656618 2.949985
-1.0234476 18.66441 2.949985
-0.98433608 18.661692 2.9499848
-0.9386124 18.656399 2.949985
-0.89595556 18.657986 2.9499846
-0.85671717 18.656851 2.9499846
-0.81991488 18.662292 2.9499846
-0.78217727 18.661085 2.9499846
-0.74277157 18.662476 2.9499841
-0.70771778 18.652382 2.9499843
-2.564239 18.687851 2.9499884
-2.5457275 18.707478 2.9499884
-2.4520159 18.699152 2.9499884
-2.4338503 18.71841 2.9499884
-2.3653097 18.687351 2.9499881
-2.3474772 18.706255 2.9499881
-2.2572126 18.701965 2.9499879
-2.1735835 18.69418 2.9499876
-2.1529422 18.716064 2.9499876
-2.0894823 18.690248 2.9499874
-2.0725806 18.708168 2.9499874
-2.0082569 18.686451 2.9499872
-1.9883214 18.707586 2.9499872
-1.9264951 18.686245 2.9499869
-1.9101614 18.70356 2.9499869
-1.8474362 18.686047 2.9499869
-1.8281597 18.706482 2.9499869
-1.7677876 18.689203 2.9499867
-1.7488246 18.709309 2.9499867
-1.6906883 18.692261 2.9499865
-1.6720285 18.712044 2.9499865
-1.6129558 18.698467 2.9499862
-1.5945901 18.717937 2.9499862
-1.5436608 18.69809 2.9499862
-1.4853843 18.688286 2.949986
-1.4675794 18.707165 2.949986
-1.4142463 18.694273 2.949986
-1.3937862 18.715965 2.949986
-1.3452159 18.700081 2.9499857
-1.2923887 18.690678 2.9499855
-1.2725261 18.711737 2.9499855
-1.2243017 18.699335 2.9499855
-1.1719315 18.693134 2.9499855
-1.1430029 18.703806 2.9499855
-1.1047153 18.704397 2.9499853
-1.0581199 18.695454 2.9499853
-1.0174493 18.696005 2.949985
-0.98224568 18.700729 2.9499848
-0.94259214 18.705948 2.9499848
-0.89742136 18.700068 2.949985
-0.85343152 18.694344 2.9499846
-0.8164143 18.699579 2.9499846
-0.77842551 18.697996 2.9499846
-0.74264342 18.702997 2.9499846
-0.71343273 18.693583 2.9499843
-2.527216 18.727104 2.9499884
-2.5087044 18.746729 2.9499884
-2.4156847 18.737671 2.9499884
-2.3975191 18.756929 2.9499884
-2.3296452 18.725163 2.9499881
-2.3082464 18.747849 2.9499881
-2.2221906 18.739096 2.9499879
-2.1323009 18.737946 2.9499876
-2.1150999 18.756184 2.9499876
-2.0522983 18.72967 2.9499874
-2.032016 18.751173 2.9499874
-1.9683859 18.728722 2.9499872
-1.951773 18.746336 2.9499872
-1.8872942 18.727806 2.9499867
-1.8676938 18.748587 2.9499867
-1.8088832 18.726919 2.9499869
-1.7896068 18.747356 2.9499869
-1.7267011 18.732765 2.9499867
-1.707738 18.752869 2.9499867
-1.6533688 18.731827 2.9499865
-1.634709 18.75161 2.9499865
-1.5762243 18.737408 2.9499862
-1.5402125 18.738667 2.9499862
-1.501472 18.742819 2.9499862
-1.4468069 18.729187 2.9499862
-1.4290019 18.748064 2.9499862
-1.3733261 18.737658 2.949986
-1.3404239 18.73885 2.949986
-1.304902 18.742823 2.9499857
-1.2526634 18.732796 2.9499855
-1.2257817 18.745413 2.9499855
-1.1851478 18.740849 2.9499855
-1.1333328 18.734055 2.9499853
-1.0985005 18.740986 2.9499853
-1.0639381 18.747629 2.9499853
-1.0179054 18.738089 2.9499853
-0.97048062 18.731613 2.949985
-0.94505918 18.744755 2.949985
-0.90606618 18.744673 2.9499848
-0.86137921 18.738279 2.949985
-0.81277895 18.737442 2.9499846
-0.77453965 18.735474 2.9499846
-0.73855305 18.740267 2.9499846
-0.71681696 18.738457 2.9499846
-2.4901929 18.766356 2.9499884
-2.4716814 18.78598 2.9499884
-2.3757205 18.780041 2.9499884
-2.2868476 18.770535 2.9499879
-2.2690153 18.78944 2.9499881
-2.2011776 18.761374 2.9499879
-2.1801646 18.783651 2.9499879
-2.0944588 18.778067 2.9499876
-2.0738175 18.799952 2.9499876
-2.011734 18.772676 2.9499874
-1.994832 18.790596 2.9499874
-1.9318376 18.767471 2.9499872
-1.9119021 18.788607 2.9499872
-1.8480934 18.769367 2.9499867
-1.8284926 18.790146 2.9499867
-1.7671175 18.7712 2.9499867
-1.747841 18.791636 2.9499867
-1.6887751 18.772972 2.9499867
-1.6698121 18.793077 2.9499867
-1.6129395 18.774689 2.9499865
-1.5942799 18.794472 2.9499865
-1.5364318 18.779598 2.9499862
-1.4803774 18.765184 2.9499862
-1.4622965 18.784353 2.9499862
-1.4111971 18.766939 2.9499862
-1.3904246 18.788963 2.949986
-1.3353287 18.777941 2.9499857
-1.2998068 18.781914 2.949986
-1.2674676 18.782511 2.9499857
-1.2129381 18.774912 2.9499855
-1.185799 18.782509 2.9499855
-1.1459941 18.782358 2.9499855
-1.0947344 18.774979 2.9499853
-1.0601721 18.78162 2.9499853
-1.0258796 18.787979 2.9499853
-0.98037159 18.777882 2.9499853
-0.93081319 18.773668 2.949985
-0.89874792 18.780046 2.9499848
-0.86257333 18.781822 2.9499848
-0.82018811 18.78195 2.949985
-0.77720785 18.775156 2.9499846
-0.7408464 18.779696 2.9499846
-2.4494674 18.809532 2.9499884
-2.4309559 18.829159 2.9499884
-2.3393896 18.818558 2.9499884
-2.2476168 18.812128 2.9499881
-2.2297845 18.831036 2.9499879
-2.1451426 18.820782 2.9499879
-2.0566168 18.818188 2.9499876
-2.0394156 18.836424 2.9499876
-1.9745499 18.812099 2.9499874
-1.9542676 18.833603 2.9499874
-1.8919665 18.809742 2.9499872
-1.8720311 18.830877 2.9499872
-1.8088923 18.810928 2.9499867
-1.7892919 18.831707 2.9499867
-1.7285646 18.812073 2.9499867
-1.7092881 18.832512 2.9499867
-1.650849 18.813181 2.9499867
-1.631886 18.833286 2.9499867
-1.5756203 18.814255 2.9499865
-1.5569607 18.834038 2.9499865
-1.4997004 18.818541 2.9499862
-1.4442154 18.803522 2.9499862
-1.4261343 18.822691 2.9499862
-1.3696522 18.810987 2.9499862
-1.3518473 18.829863 2.9499862
-1.2973316 18.818226 2.949986
-1.2581385 18.814859 2.9499857
-1.2271537 18.825253 2.9499857
-1.1760503 18.814022 2.9499855
-1.139904 18.82058 2.9499855
-1.1040436 18.826834 2.9499855
-1.0561359 18.815899 2.9499853
-1.0218436 18.822256 2.9499853
-0.98782098 18.828327 2.9499853
-0.94283789 18.817675 2.9499853
-0.89379036 18.81292 2.949985
-0.85774708 18.817993 2.949985
-0.82779622 18.827654 2.9499848
-0.78414595 18.820162 2.949985
-0.74163687 18.812866 2.9499846
-2.4124444 18.848785 2.9499884
-2.3939328 18.86841 2.9499884
-2.3030584 18.857077 2.9499884
-2.2119522 18.849939 2.9499881
-2.1941199 18.868847 2.9499879
-2.1241295 18.84306 2.9499879
-2.1066184 18.861626 2.9499879
-2.018774 18.858307 2.9499874
-1.9339855 18.855106 2.9499874
-1.9170836 18.873026 2.9499874
-1.8520956 18.852013 2.9499872
-1.8354827 18.869627 2.9499872
-1.7696915 18.852488 2.9499867
-1.7533576 18.869804 2.9499869
-1.6900116 18.852947 2.9499867
-1.673948 18.869978 2.9499869
-1.6097625 18.856741 2.9499865
-1.5939599 18.873495 2.9499865
-1.5383011 18.853823 2.9499865
-1.5196415 18.873604 2.9499865
-1.4629688 18.857483 2.9499862
-1.4050398 18.845057 2.949986
-1.3869588 18.864225 2.949986
-1.3310747 18.851885 2.949986
-1.3132699 18.870762 2.949986
-1.2593342 18.858511 2.9499857
-1.2069967 18.846622 2.9499857
-1.1897193 18.864939 2.9499857
-1.1363248 18.856136 2.9499855
-1.0960778 18.856455 2.9499855
-1.0676866 18.865379 2.9499855
-1.0147805 18.859745 2.9499853
-0.96607327 18.851387 2.9499853
-0.94266939 18.861614 2.9499853
-0.90262341 18.860312 2.9499853
-0.85412288 18.854975 2.9499853
-0.81605273 18.853912 2.9499848
-0.78572619 18.861502 2.9499848
-0.75067824 18.855644 2.9499848
-2.3717189 18.891962 2.9499884
-2.3495049 18.915512 2.9499884
-2.2812595 18.880188 2.9499884
-2.2594609 18.903299 2.9499884
-2.1727214 18.891533 2.9499879
-2.1513226 18.914219 2.9499879
-2.0856054 18.883904 2.9499879
-2.0645924 18.906181 2.9499879
-1.9809319 18.898428 2.9499874
-1.8968016 18.894527 2.9499874
-1.8765192 18.916031 2.9499874
-1.8155471 18.890762 2.9499872
-1.7956116 18.911898 2.9499872
-1.7337573 18.890585 2.9499869
-1.7141569 18.911366 2.9499869
-1.6546714 18.890415 2.9499869
-1.6353951 18.910851 2.9499869
-1.5749967 18.8936 2.9499865
-1.5560337 18.913704 2.9499865
-1.497872 18.896685 2.9499865
-1.4588224 18.899982 2.9499865
-1.4201155 18.902918 2.9499862
-1.3688779 18.883396 2.949986
-1.3477833 18.90576 2.949986
-1.2924974 18.892786 2.949986
-1.2717249 18.91481 2.949986
-1.2213367 18.898794 2.9499857
-1.1695623 18.886309 2.9499857
-1.1494055 18.907679 2.9499857
-1.0994369 18.895247 2.9499855
-1.0559759 18.893677 2.9499855
-1.0285329 18.906891 2.9499855
-0.97893918 18.897745 2.9499853
-0.9307332 18.888853 2.9499853
-0.904742 18.901823 2.9499853
-0.86508989 18.900105 2.9499853
-0.81709987 18.894228 2.9499853
-0.77891344 18.89789 2.9499848
-0.75474423 18.905104 2.9499848
-2.3309934 18.935139 2.9499884
-2.3124819 18.954765 2.9499884
-2.2231297 18.941814 2.9499881
-2.1334903 18.933126 2.9499881
-2.1156583 18.95203 2.9499879
-2.0435793 18.928459 2.9499879
-2.0260684 18.947023 2.9499881
-1.9430897 18.938549 2.9499874
-1.8562371 18.937534 2.9499874
-1.8359548 18.959038 2.9499874
-1.7756761 18.933033 2.9499872
-1.7557405 18.954168 2.9499872
-1.6945564 18.932144 2.9499869
-1.6749558 18.952927 2.9499869
-1.6129059 18.934694 2.9499869
-1.5936295 18.955132 2.9499869
-1.5370708 18.933809 2.9499865
-1.5181078 18.953915 2.9499865
-1.4574428 18.939548 2.9499865
-1.4387832 18.959332 2.9499865
-1.3833839 18.941858 2.9499862
-1.3266889 18.928123 2.949986
-1.3086078 18.947294 2.949986
-1.25392 18.933685 2.949986
-1.236115 18.952564 2.949986
-1.1833396 18.939079 2.9499857
-1.1292485 18.92905 2.9499857
-1.1090915 18.95042 2.9499857
-1.0597116 18.937363 2.9499855
-1.0166792 18.935341 2.9499855
-0.98937899 18.948402 2.9499855
-0.94034082 18.938665 2.9499853
-0.89267451 18.929203 2.9499853
-0.86164397 18.938763 2.9499853
-0.82219428 18.945581 2.9499853
-0.77478796 18.939087 2.9499853
-2.2939703 18.97439 2.9499884
-2.2754588 18.994017 2.9499884
-2.2013311 18.964928 2.9499881
-2.1831656 18.984188 2.9499881
-2.0942597 18.974718 2.9499879
-2.0764272 18.993624 2.9499879
-2.0085573 18.965591 2.9499879
-1.9875443 18.987867 2.9499879
-1.9224485 18.960432 2.9499874
-1.9018074 18.982315 2.9499874
-1.8156726 18.980541 2.9499874
-1.735805 18.975304 2.9499872
-1.7158695 18.996441 2.9499872
-1.6553556 18.973707 2.9499869
-1.6357551 18.994488 2.9499869
-1.574353 18.975569 2.9499869
-1.5550765 18.996006 2.9499869
-1.4959841 18.977369 2.9499865
-1.4170136 18.98241 2.9499865
-1.3619572 18.964575 2.9499862
-1.3435913 18.984047 2.9499862
-1.2875134 18.969658 2.9499862
-1.2694323 18.988827 2.9499862
-1.2153426 18.974585 2.949986
-1.1840066 18.984663 2.9499862
-1.1424195 18.982464 2.9499857
-1.0889345 18.97179 2.9499857
-1.0716572 18.990107 2.9499857
-1.0199862 18.979479 2.9499855
-0.96980214 18.969156 2.9499855
-0.95022523 18.989912 2.9499855
-0.90174234 18.979588 2.9499853
-0.85189754 18.972435 2.9499853
-0.82305473 18.983564 2.9499853
-0.78466064 18.985376 2.9499853
-2.2532449 19.017569 2.9499884
-2.2347331 19.037193 2.9499884
-2.165 19.003447 2.9499881
-2.1468346 19.022705 2.9499881
-2.0550284 19.016308 2.9499879
-2.0336299 19.038998 2.9499879
-1.9665309 19.010147 2.9499876
-1.9490199 19.028711 2.9499876
-1.8811661 19.0042 2.9499874
-1.8639653 19.022436 2.9499874
-1.7784886 19.019964 2.9499874
-1.6959341 19.017574 2.9499872
-1.6793212 19.035189 2.9499872
-1.6161546 19.015266 2.9499869
-1.5965542 19.036049 2.9499869
-1.5357999 19.016443 2.9499867
-1.5165234 19.03688 2.9499867
-1.4580582 19.017578 2.9499865
-1.3796945 19.021976 2.9499865
-1.3252256 19.003519 2.9499862
-1.3068599 19.022991 2.9499862
-1.2513514 19.007998 2.9499862
-1.2302569 19.030361 2.949986
-1.1737976 19.018631 2.949986
-1.1389761 19.020832 2.949986
-1.1044222 19.022747 2.949986
-1.0515003 19.011478 2.9499857
-1.0235384 19.024773 2.9499857
-0.98026067 19.021597 2.9499855
-0.93064839 19.010668 2.9499855
-0.91386819 19.02846 2.9499855
-0.86314404 19.02051 2.9499853
-0.81383896 19.012783 2.9499853
-0.7948097 19.032959 2.9499853
-2.2162218 19.05682 2.9499884
-2.19771 19.076447 2.9499884
-2.1250358 19.045815 2.9499881
-2.1068704 19.065077 2.9499881
-2.0157976 19.057903 2.9499879
-1.9979655 19.076809 2.9499879
-1.928007 19.050989 2.9499876
-1.910496 19.069553 2.9499876
-1.8467642 19.040672 2.9499874
-1.826123 19.062557 2.9499874
-1.7413044 19.059387 2.9499874
-1.6593857 19.056326 2.9499872
-1.6394501 19.077459 2.9499872
-1.5736868 19.060291 2.9499869
-1.497247 19.057316 2.9499867
-1.4779705 19.077753 2.9499867
-1.4201323 19.057787 2.9499865
-1.3423753 19.061543 2.9499865
-1.2854332 19.045708 2.9499862
-1.2670674 19.065178 2.9499862
-1.2091624 19.052727 2.9499862
-1.1910814 19.071896 2.9499862
-1.1352202 19.05953 2.9499857
-1.0839622 19.044441 2.949986
-1.0635021 19.066132 2.949986
-1.0111864 19.05422 2.9499857
-0.98273855 19.062578 2.9499855
-0.94053531 19.063713 2.9499855
-0.89149457 19.052179 2.9499855
-0.86164111 19.063253 2.9499855
-0.82178873 19.064356 2.9499853
-0.7839359 19.044489 2.9499853
-2.1754961 19.099997 2.9499884
-2.0887046 19.084335 2.9499881
-2.066906 19.107445 2.9499881
-1.9765669 19.099495 2.9499879
-1.892985 19.08812 2.9499876
-1.871972 19.110397 2.9499876
-1.8054818 19.08444 2.9499874
-1.7882808 19.102676 2.9499874
-1.7210222 19.080889 2.9499874
-1.7007401 19.102392 2.9499874
-1.6195147 19.098595 2.9499872
-1.5995792 19.119732 2.9499872
-1.5377527 19.098389 2.9499872
-1.4586941 19.09819 2.9499867
-1.4394176 19.118628 2.9499867
-1.3822061 19.097998 2.9499865
-1.3206056 19.084621 2.9499865
-1.301946 19.104404 2.9499865
-1.2487017 19.084648 2.9499862
-1.230336 19.10412 2.9499862
-1.169987 19.094259 2.949986
-1.1519058 19.11343 2.949986
-1.0996103 19.097286 2.9499857
-1.054974 19.098318 2.9499862
-1.0255048 19.106417 2.949986
-0.97375202 19.093906 2.9499857
-0.94262099 19.105108 2.9499855
-0.90364742 19.102823 2.9499855
-0.85234082 19.093689 2.9499855
-0.82267243 19.104568 2.9499855
-0.79421842 19.093586 2.9499853
-2.138473 19.139248 2.9499884
-2.0451074 19.130558 2.9499881
-2.026942 19.149817 2.9499881
-1.9409024 19.137308 2.9499879
-1.9195033 19.159994 2.9499879
-1.8509588 19.132675 2.9499876
-1.8334479 19.151241 2.9499876
-1.7676396 19.124561 2.9499874
-1.7469985 19.146444 2.9499874
-1.6804578 19.123896 2.9499874
-1.6601757 19.145399 2.9499874
-1.5796437 19.140867 2.9499872
-1.4985518 19.139952 2.9499872
-1.4169284 19.142469 2.9499867
-1.3600826 19.121452 2.9499865
-1.3411198 19.141558 2.9499865
-1.2832863 19.124187 2.9499865
-1.2646267 19.14397 2.9499865
-1.2089093 19.126837 2.9499862
-1.1874826 19.149555 2.9499862
-1.1338248 19.132599 2.949986
-1.1157436 19.151768 2.949986
-1.0580654 19.141333 2.9499857
-1.0079675 19.125011 2.949986
-0.98750746 19.146702 2.949986
-0.93343818 19.136648 2.9499857
-0.89457679 19.134241 2.9499855
-0.86392212 19.144939 2.9499855
-0.813187 19.135199 2.9499855
-2.1014497 19.178501 2.9499884
-2.0087762 19.169075 2.9499881
-1.990611 19.188334 2.9499881
-1.8981049 19.182682 2.9499879
-1.8124347 19.173519 2.9499876
-1.7914217 19.195797 2.9499876
-1.7263572 19.168327 2.9499874
-1.7091564 19.186563 2.9499874
-1.626372 19.181238 2.9499874
-1.5430952 19.179617 2.9499872
-1.4593509 19.181511 2.9499872
-1.3815882 19.179939 2.9499867
-1.3221565 19.161663 2.9499865
-1.3031936 19.181767 2.9499865
-1.2459673 19.163754 2.9499865
-1.2273076 19.183537 2.9499865
-1.1691167 19.169025 2.9499862
-1.1507511 19.188496 2.9499862
-1.0946492 19.174133 2.949986
-1.0735548 19.196497 2.949986
-1.0224556 19.179085 2.9499857
-0.96704739 19.168394 2.949986
-0.94951022 19.186987 2.949986
-0.89600378 19.176336 2.9499857
-0.85465527 19.176567 2.9499855
-0.8241967 19.187056 2.9499855
-2.0644269 19.217752 2.9499884
-1.9688121 19.211445 2.9499881
-1.9506466 19.230705 2.9499881
-1.8624403 19.220493 2.9499879
-1.7739109 19.214363 2.9499876
-1.7563999 19.232927 2.9499876
-1.6885151 19.20845 2.9499874
-1.6678737 19.230331 2.9499874
-1.6060896 19.202742 2.9499874
-1.5858074 19.224245 2.9499874
-1.5032244 19.221888 2.9499872
-1.4234169 19.219608 2.9499869
-1.3623117 19.200375 2.9499867
-1.3430353 19.220812 2.9499867
-1.2842306 19.201872 2.9499865
-1.2652675 19.221975 2.9499865
-1.205538 19.206617 2.9499865
-1.1868784 19.2264 2.9499865
-1.1293244 19.211214 2.9499862
-1.1109587 19.230684 2.9499862
-1.0524603 19.218861 2.949986
-1.0180311 19.21957 2.949986
-0.9809106 19.223129 2.9499857
-0.92905015 19.208677 2.9499857
-0.90859002 19.23037 2.9499857
-0.85568994 19.219078 2.9499857
-2.0422127 19.241304 2.9499884
-2.0237012 19.260929 2.9499884
-1.9324809 19.249964 2.9499881
-1.9143155 19.269222 2.9499881
-1.8410416 19.243179 2.9499879
-1.8232093 19.262085 2.9499879
-1.7353867 19.255205 2.9499876
-1.7178757 19.273771 2.9499876
-1.6472325 19.252216 2.9499874
-1.6300316 19.270454 2.9499874
-1.5655253 19.245747 2.9499874
-1.5486234 19.263666 2.9499874
-1.4666759 19.260635 2.9499872
-1.4038163 19.240389 2.9499869
-1.3842161 19.261169 2.9499869
-1.3237588 19.241249 2.9499867
-1.3044822 19.261684 2.9499867
-1.2463045 19.242081 2.9499865
-1.2273414 19.262186 2.9499865
-1.1682189 19.246183 2.9499865
-1.1495593 19.265966 2.9499865
-1.0895319 19.253403 2.9499862
-1.071166 19.272873 2.9499862
-1.0162983 19.2572 2.949986
-0.97917765 19.260761 2.949986
-0.94233322 19.264029 2.949986
-0.88813001 19.252062 2.9499857
-0.87059277 19.270655 2.9499857
-0.8297739 19.246553 2.9499857
-2.0051897 19.280556 2.9499884
-1.982976 19.304108 2.9499884
-1.8925169 19.292334 2.9499881
-1.8707178 19.315445 2.9499881
-1.805377 19.280991 2.9499879
-1.7839785 19.303677 2.9499879
-1.6968628 19.296047 2.9499876
-1.6758496 19.318327 2.9499876
-1.6128305 19.288689 2.9499874
-1.5921893 19.310574 2.9499874
-1.5283413 19.28517 2.9499874
-1.508059 19.306673 2.9499874
-1.4434178 19.285294 2.9499872
-1.4234822 19.306431 2.9499869
-1.3646156 19.28195 2.9499869
-1.345015 19.302731 2.9499869
-1.2852058 19.282124 2.9499867
-1.2659295 19.302559 2.9499867
-1.205218 19.285641 2.9499865
-1.186255 19.305744 2.9499865
-1.1277897 19.289047 2.9499865
-1.1091301 19.308828 2.9499865
-1.0528003 19.292345 2.9499862
-1.0344346 19.311815 2.9499862
-0.97712272 19.298735 2.9499857
-0.92452818 19.282907 2.949986
-0.90672332 19.301785 2.949986
-0.8501327 19.292347 2.9499857
-0.83551842 19.30784 2.9499857
-1.9787031 19.349749 2.9349964
-1.9398363 19.349232 2.9402144
-1.8994912 19.351721 2.935251
-1.8594681 19.347054 2.9374487
-1.8224034 19.351528 2.9379091
-1.7781332 19.349678 2.934711
-1.7391187 19.349422 2.9386616
-1.7005779 19.351557 2.9355292
-1.6639497 19.347626 2.9373691
-1.6240743 19.351496 2.9375618
-1.5816537 19.34766 2.936589
-1.5411602 19.351152 2.9372988
-1.4953872 19.348074 2.9360034
-1.4611019 19.35018 2.9374974
-1.4188083 19.347933 2.9372532
-1.3811352 19.350224 2.9369476
-1.3382391 19.349125 2.9366317
-1.3008279 19.34915 2.9370787
-1.257599 19.347654 2.937907
-1.2209032 19.350002 2.9359031
-1.177616 19.348156 2.9374361
-1.1391603 19.349819 2.9368868
-1.0956467 19.347322 2.9376206
-1.0584339 19.350439 2.936357
-1.0161688 19.346882 2.938412
-0.97932225 19.350967 2.9350631
-0.94058561 19.346872 2.9385378
-0.89965063 19.348547 2.9365788
-0.85969263 19.349249 2.9373391
0 0 0 1 0 0 0 1 0 0 0 1 0 0 0 0 0 10519 1 0 0
