ply
format ascii 1.0
comment PCL generated
element vertex 7683
property float x
property float y
property float z
element face 0
element camera 1
property float view_px
property float view_py
property float view_pz
property float x_axisx
property float x_axisy
property float x_axisz
property float y_axisx
property float y_axisy
property float y_axisz
property float z_axisx
property float z_axisy
property float z_axisz
property float focal
property float scalex
property float scaley
property float centerx
property float centery
property int viewportx
property int viewporty
property float k1
property float k2
end_header
-3.9297144 12.857788 -9.059906e-06
-3.8857133 12.85635 -9.059906e-06
-3.8428166 12.860134 -9.059906e-06
-3.800868 12.863835 -9.1791153e-06
-3.930702 12.900258 -9.059906e-06
-3.8866897 12.898341 -9.059906e-06
-3.8436613 12.896465 -9.059906e-06
-3.8017035 12.899765 -9.1791153e-06
-3.7606621 12.902992 -9.1791153e-06
-3.931689 12.942728 -9.059906e-06
-3.8876657 12.940331 -9.059906e-06
-3.8446264 12.937986 -9.059906e-06
-3.8025389 12.935695 -9.1791153e-06
-3.7616062 12.943606 -9.1791153e-06
-3.7213256 12.941302 -9.1791153e-06
-3.9325533 12.97989 -9.059906e-06
-3.8886421 12.982322 -9.059906e-06
-3.8455925 12.979509 -9.1791153e-06
-3.8034937 12.976757 -9.1791153e-06
-3.7625504 12.984221 -9.1791153e-06
-3.72226 12.981478 -9.2387199e-06
-3.6828308 12.978793 -9.2983246e-06
-3.6442361 12.976167 -9.2983246e-06
-3.9334176 13.017053 -9.059906e-06
-3.8894966 13.019063 -9.059906e-06
-3.8465579 13.021029 -9.1791153e-06
-3.8044481 13.01782 -9.1791153e-06
-3.763377 13.019757 -9.1791153e-06
-3.7231944 13.021652 -9.2387199e-06
-3.6837549 13.018538 -9.2983246e-06
-3.6451507 13.015491 -9.2983246e-06
-3.6075814 13.022235 -9.4175339e-06
-3.9344049 13.059523 -9.059906e-06
-3.8903508 13.055805 -9.059906e-06
-3.8475232 13.062551 -9.1791153e-06
-3.805403 13.058882 -9.1791153e-06
-3.7642031 13.055294 -9.1791153e-06
-3.7241282 13.061827 -9.2387199e-06
-3.6846793 13.058283 -9.2983246e-06
-3.6461792 13.059732 -9.2983246e-06
-3.6084862 13.061149 -9.4175339e-06
-3.5714619 13.057722 -9.4175339e-06
-3.5353074 13.059131 -9.3579292e-06
-3.9353921 13.101994 -9.059906e-06
-3.8913269 13.097796 -9.059906e-06
-3.8484888 13.104073 -9.1791153e-06
-3.8063579 13.099945 -9.1791153e-06
-3.7651474 13.095908 -9.1791153e-06
-3.7250624 13.102001 -9.2387199e-06
-3.6856034 13.098028 -9.2983246e-06
-3.6472077 13.103971 -9.2983246e-06
-3.6093907 13.100061 -9.4175339e-06
-3.5723572 13.096231 -9.4175339e-06
-3.5363045 13.10201 -9.3579292e-06
-3.5007648 13.098238 -9.4771385e-06
-3.466048 13.099211 -9.4771385e-06
-3.9362564 13.139155 -9.059906e-06
-3.8923035 13.139786 -9.059906e-06
-3.8493335 13.140404 -9.1791153e-06
-3.8073125 13.141007 -9.1791153e-06
-3.7660916 13.136521 -9.1791153e-06
-3.7259963 13.142176 -9.2387199e-06
-3.6865273 13.137773 -9.2983246e-06
-3.6481221 13.143295 -9.3281269e-06
-3.6102955 13.138973 -9.4175339e-06
-3.5733643 13.139555 -9.4175339e-06
-3.5371909 13.140124 -9.4175339e-06
-3.5017517 13.140681 -9.4771385e-06
-3.467025 13.141228 -9.4771385e-06
-3.4328823 13.137142 -9.521842e-06
-3.9371202 13.176316 -9.059906e-06
-3.89328 13.181776 -9.149313e-06
-3.850178 13.176735 -9.1791153e-06
-3.8082671 13.18207 -9.1791153e-06
-3.7670362 13.177135 -9.2685223e-06
-3.7269304 13.182352 -9.2387199e-06
-3.6874514 13.177519 -9.2983246e-06
-3.6490369 13.182619 -9.4175339e-06
-3.6112003 13.177886 -9.4175339e-06
-3.5743718 13.182878 -9.4175339e-06
-3.5380771 13.178239 -9.4771385e-06
-3.5027387 13.183125 -9.4771385e-06
-3.4678934 13.178576 -9.4771385e-06
-3.4190166 13.178812 -9.5367432e-06
-3.938108 13.218786 -9.059906e-06
-3.8942564 13.223766 -9.1791153e-06
-3.8511434 13.218256 -9.1791153e-06
-3.8092217 13.223133 -9.1791153e-06
-3.7679806 13.21775 -9.2983246e-06
-3.7278645 13.222526 -9.2387199e-06
-3.6883752 13.217264 -9.2983246e-06
-3.6499512 13.221945 -9.4175339e-06
-3.6121051 13.216799 -9.4175339e-06
-3.5752673 13.221387 -9.4175339e-06
-3.5389633 13.216352 -9.4771385e-06
-3.5036159 13.220853 -9.4771385e-06
-3.4688702 13.220593 -9.4771385e-06
-3.4162703 13.220201 -9.5367432e-06
-3.3687019 13.219847 -9.5963478e-06
-3.3366032 13.219606 -9.6559525e-06
-3.939095 13.261257 -9.059906e-06
-3.8951108 13.260509 -9.1791153e-06
-3.8521087 13.259777 -9.1791153e-06
-3.8101766 13.264195 -9.1791153e-06
-3.7689247 13.258364 -9.2983246e-06
-3.7287986 13.262701 -9.2387199e-06
-3.6892996 13.257009 -9.2983246e-06
-3.6508656 13.261269 -9.4175339e-06
-3.6130097 13.255712 -9.4175339e-06
-3.5761623 13.259897 -9.4175339e-06
-3.5399604 13.259232 -9.4771385e-06
-3.504493 13.258581 -9.4771385e-06
-3.4698474 13.26261 -9.4771385e-06
-3.4190335 13.259298 -9.5367432e-06
-3.3696504 13.260633 -9.5963478e-06
-3.3375421 13.26 -9.6559525e-06
-3.3060482 13.259378 -9.6559525e-06
-3.2583094 13.258436 -9.6956892e-06
-3.9400828 13.303727 -9.059906e-06
-3.8959649 13.297251 -9.1791153e-06
-3.8530741 13.301299 -9.1791153e-06
-3.811012 13.300125 -9.1791153e-06
-3.7698693 13.298977 -9.2983246e-06
-3.7297328 13.302876 -9.2387199e-06
-3.6902237 13.296755 -9.2983246e-06
-3.6517799 13.300593 -9.4175339e-06
-3.6140277 13.299489 -9.4175339e-06
-3.5770578 13.298406 -9.4175339e-06
-3.5409572 13.302111 -9.4771385e-06
-3.5054798 13.301023 -9.4771385e-06
-3.4707155 13.299959 -9.4771385e-06
-3.4217985 13.298461 -9.5367432e-06
-3.3705988 13.30142 -9.6261501e-06
-3.3384812 13.300392 -9.6559525e-06
-3.3069785 13.299385 -9.6559525e-06
-3.2609611 13.300092 -9.7572802e-06
-3.2160873 13.300795 -9.7155571e-06
-3.9409466 13.340889 -9.059906e-06
-3.8969412 13.339241 -9.1791153e-06
-3.8540397 13.34282 -9.1791153e-06
-3.8118474 13.336054 -9.1791153e-06
-3.7708135 13.33959 -9.2983246e-06
-3.7306666 13.34305 -9.2387199e-06
-3.6911478 13.336499 -9.2983246e-06
-3.6526942 13.339918 -9.4175339e-06
-3.6150455 13.343265 -9.4175339e-06
-3.5779533 13.336916 -9.4473362e-06
-3.5418434 13.340225 -9.4771385e-06
-3.5064669 13.343467 -9.4771385e-06
-3.4715843 13.337307 -9.5367432e-06
-3.4190493 13.339718 -9.5367432e-06
-3.3714418 13.337676 -9.6559525e-06
-3.3394203 13.340786 -9.6559525e-06
-3.3079085 13.339392 -9.6559525e-06
-3.2618785 13.339533 -9.7751617e-06
-3.2169914 13.339685 -9.7155571e-06
-3.1878698 13.342633 -9.8347664e-06
-3.1450462 13.338504 -9.7751617e-06
-3.9418108 13.37805 -9.0897083e-06
-3.8979175 13.381231 -9.1791153e-06
-3.855005 13.384341 -9.1791153e-06
-3.8128023 13.377117 -9.2089176e-06
-3.7717578 13.380204 -9.2983246e-06
-3.731601 13.383225 -9.2387199e-06
-3.6920724 13.376244 -9.4175339e-06
-3.6536083 13.379242 -9.4175339e-06
-3.6159501 13.382177 -9.4175339e-06
-3.5789609 13.380239 -9.4771385e-06
-3.5427299 13.37834 -9.4771385e-06
-3.507344 13.381195 -9.4771385e-06
-3.4725614 13.379324 -9.5367432e-06
-3.421814 13.378881 -9.5367432e-06
-3.37239 13.378464 -9.6559525e-06
-3.3403594 13.38118 -9.6559525e-06
-3.3088388 13.379398 -9.6559525e-06
-3.2627952 13.378975 -9.7751617e-06
-3.2178957 13.378574 -9.7155571e-06
-3.1765513 13.384071 -9.8092214e-06
-3.1399267 13.377639 -9.7751617e-06
-3.1043153 13.380323 -9.894371e-06
-3.9427986 13.420521 -9.1791153e-06
-3.8988938 13.423222 -9.1791153e-06
-3.8558495 13.420673 -9.1791153e-06
-3.8137572 13.41818 -9.2387199e-06
-3.7727022 13.420818 -9.2983246e-06
-3.7325349 13.4234 -9.2387199e-06
-3.6929965 13.415989 -9.4175339e-06
-3.6545229 13.418568 -9.4175339e-06
-3.6168549 13.421091 -9.4175339e-06
-3.5799682 13.423561 -9.4771385e-06
-3.5436158 13.416454 -9.4771385e-06
-3.5082209 13.418922 -9.4771385e-06
-3.4735379 13.421341 -9.5367432e-06
-3.4227767 13.420275 -9.5367432e-06
-3.3733385 13.41925 -9.6559525e-06
-3.3412988 13.421572 -9.6559525e-06
-3.3097692 13.419405 -9.6559525e-06
-3.2654498 13.420734 -9.7751617e-06
-3.2188001 13.417465 -9.7155571e-06
-3.1753578 13.420794 -9.8049641e-06
-3.1328683 13.419834 -9.8049641e-06
-3.1051874 13.417818 -9.894371e-06
-3.0647867 13.421023 -9.9182125e-06
-3.9437861 13.462992 -9.1791153e-06
-3.8997481 13.459964 -9.1791153e-06
-3.8566945 13.457005 -9.1791153e-06
-3.8147116 13.459242 -9.2387199e-06
-3.7736464 13.461432 -9.2983246e-06
-3.733469 13.463574 -9.2387199e-06
-3.6939206 13.455734 -9.4175339e-06
-3.6554372 13.457891 -9.4175339e-06
-3.6177597 13.460003 -9.4175339e-06
-3.5808632 13.46207 -9.4771385e-06
-3.5446129 13.459332 -9.4771385e-06
-3.5090983 13.45665 -9.4771385e-06
-3.4574056 13.459688 -9.5367432e-06
-3.407073 13.462647 -9.5367432e-06
-3.3742867 13.460037 -9.6559525e-06
-3.3422379 13.461966 -9.6559525e-06
-3.3045933 13.462431 -9.6917156e-06
-3.2608473 13.458094 -9.7751617e-06
-3.2198048 13.460675 -9.763241e-06
-3.1778951 13.461424 -9.8082755e-06
-3.1337481 13.457669 -9.894371e-06
-3.1061559 13.459478 -9.894371e-06
-3.0657427 13.462132 -9.9241734e-06
-3.0132313 13.457486 -9.9539757e-06
-2.9751163 13.460093 -1.001358e-05
-3.9446499 13.500153 -9.1791153e-06
-3.9006023 13.496706 -9.1791153e-06
-3.8576598 13.498526 -9.1791153e-06
-3.8156664 13.500305 -9.2387199e-06
-3.7745905 13.502046 -9.2983246e-06
-3.7344031 13.503749 -9.2387199e-06
-3.6948445 13.495479 -9.4175339e-06
-3.6563513 13.497216 -9.4175339e-06
-3.6186645 13.498917 -9.4175339e-06
-3.5817587 13.500581 -9.4771385e-06
-3.54561 13.502212 -9.4771385e-06
-3.5100853 13.499094 -9.50098e-06
-3.4602194 13.499355 -9.5367432e-06
-3.4079247 13.499261 -9.6261501e-06
-3.3752351 13.500824 -9.6559525e-06
-3.3431773 13.502358 -9.6559525e-06
-3.296206 13.500175 -9.7453594e-06
-3.2505143 13.502426 -9.7751617e-06
-3.2207088 13.499566 -9.7751617e-06
-3.1755955 13.499488 -9.8016526e-06
-3.1347256 13.499707 -9.894371e-06
-3.0970304 13.504765 -9.894371e-06
-3.0621002 13.496614 -9.9341078e-06
-3.0141704 13.497881 -9.9539757e-06
-2.9760432 13.499967 -1.001358e-05
-2.9389911 13.501993 -9.983778e-06
-3.945514 13.537314 -9.1791153e-06
-3.9015787 13.538696 -9.1791153e-06
-3.8586252 13.540047 -9.1791153e-06
-3.8166213 13.541368 -9.2387199e-06
-3.7755349 13.54266 -9.2983246e-06
-3.7353373 13.543923 -9.2387199e-06
-3.6957688 13.535225 -9.4175339e-06
-3.6572657 13.536541 -9.4175339e-06
-3.6195691 13.537828 -9.4473362e-06
-3.582654 13.53909 -9.4771385e-06
-3.5464959 13.540326 -9.4771385e-06
-3.5110724 13.541536 -9.5963478e-06
-3.4574001 13.540802 -9.5367432e-06
-3.4088821 13.540449 -9.6559525e-06
-3.3761833 13.541613 -9.6559525e-06
-3.3440118 13.538263 -9.6559525e-06
-3.297132 13.539994 -9.7453594e-06
-3.2514269 13.54168 -9.7751617e-06
-3.2216134 13.538455 -9.7751617e-06
-3.1781325 13.540121 -9.8049641e-06
-3.1357028 13.541745 -9.894371e-06
-3.0959978 13.541428 -9.894371e-06
-3.0541434 13.536674 -9.9539757e-06
-3.0151093 13.538275 -9.9539757e-06
-2.9769702 13.539839 -1.001358e-05
-2.9399066 13.541359 -1.000166e-05
-2.8948808 13.546101 -1.013279e-05
-3.9465017 13.579784 -9.1791153e-06
-3.902555 13.580687 -9.1791153e-06
-3.8595908 13.581568 -9.2089176e-06
-3.8175759 13.58243 -9.2387199e-06
-3.7764792 13.583273 -9.2983246e-06
-3.7362719 13.584099 -9.3579292e-06
-3.6968083 13.579938 -9.4175339e-06
-3.6581802 13.575865 -9.4175339e-06
-3.6204739 13.57674 -9.4771385e-06
-3.5835495 13.5776 -9.4771385e-06
-3.5473819 13.578442 -9.4771385e-06
-3.5119495 13.579265 -9.5963478e-06
-3.4602137 13.580467 -9.5367432e-06
-3.4098401 13.581638 -9.6559525e-06
-3.3771317 13.582398 -9.6559525e-06
-3.3449509 13.578657 -9.6559525e-06
-3.2980576 13.579811 -9.7453594e-06
-3.2523398 13.580935 -9.7751617e-06
-3.2226181 13.581668 -9.7751617e-06
-3.1806707 13.580814 -9.8082755e-06
-3.1365826 13.579578 -9.894371e-06
-3.0938413 13.578395 -9.9076169e-06
-3.0550952 13.5776 -9.9539757e-06
-3.0160489 13.57867 -9.983778e-06
-2.9778972 13.579712 -1.001358e-05
-2.9408221 13.580725 -1.001358e-05
-2.8927608 13.582041 -1.013279e-05
-2.8576171 13.579175 -1.0192394e-05
-2.8235114 13.580154 -1.0162592e-05
-3.947489 13.622255 -9.1791153e-06
-3.9035313 13.622678 -9.1791153e-06
-3.8605564 13.623091 -9.2387199e-06
-3.8185306 13.623493 -9.2387199e-06
-3.7774234 13.623888 -9.2983246e-06
-3.7372057 13.624272 -9.3579292e-06
-3.6978478 13.624651 -9.4175339e-06
-3.6592088 13.620105 -9.4175339e-06
-3.6214919 13.620519 -9.4771385e-06
-3.5844448 13.616109 -9.4771385e-06
-3.5482683 13.616555 -9.4771385e-06
-3.5128267 13.616993 -9.5963478e-06
-3.4610779 13.617629 -9.5367432e-06
-3.4106915 13.618251 -9.6559525e-06
-3.3779747 13.618654 -9.6559525e-06
-3.34589 13.61905 -9.6559525e-06
-3.2989831 13.619628 -9.7453594e-06
-3.2532525 13.620192 -9.7900629e-06
-3.2235222 13.620558 -9.7751617e-06
-3.1783688 13.618756 -9.8281434e-06
-3.1374621 13.617414 -9.894371e-06
-3.0962698 13.617978 -9.9241734e-06
-3.0560467 13.618527 -9.9539757e-06
-3.016988 13.619061 -9.983778e-06
-2.9788241 13.619586 -1.001358e-05
-2.9417369 13.620092 -1.001358e-05
-2.893661 13.62075 -1.013279e-05
-2.8585949 13.621231 -1.0192394e-05
-2.8244777 13.621698 -1.0162592e-05
-2.7791631 13.620299 -1.0192394e-05
-3.9483531 13.659416 -9.1791153e-06
-3.9043856 13.659419 -9.1791153e-06
-3.8614008 13.659421 -9.2387199e-06
-3.8194854 13.664556 -9.2387199e-06
-3.7783678 13.664501 -9.2983246e-06
-3.7381399 13.664448 -9.3579292e-06
-3.6987717 13.664395 -9.4175339e-06
-3.6602371 13.664345 -9.4175339e-06
-3.6225095 13.664295 -9.4771385e-06
-3.5854523 13.659431 -9.4771385e-06
-3.5492654 13.659434 -9.4771385e-06
-3.5138135 13.659436 -9.5963478e-06
-3.46205 13.659437 -9.5367432e-06
-3.411649 13.659441 -9.6559525e-06
-3.3789229 13.659441 -9.6559525e-06
-3.3468292 13.659442 -9.6917156e-06
-3.2999089 13.659444 -9.7453594e-06
-3.2541656 13.659447 -9.8347664e-06
-3.2244267 13.659449 -9.7751617e-06
-3.1809072 13.65945 -9.8347664e-06
-3.1384397 13.659451 -9.894371e-06
-3.0972342 13.659452 -9.9241734e-06
-3.056998 13.659454 -9.9539757e-06
-3.0179272 13.659456 -9.983778e-06
-2.9797513 13.659457 -1.001358e-05
-2.9426525 13.65946 -1.001358e-05
-2.8945611 13.65946 -1.013279e-05
-2.859484 13.659464 -1.0192394e-05
-2.825356 13.659464 -1.0186433e-05
-2.7810643 13.659467 -1.0192394e-05
-2.7381687 13.659468 -1.0281801e-05
-3.9492173 13.696578 -9.1791153e-06
-3.9052398 13.696161 -9.1791153e-06
-3.8622456 13.695752 -9.2387199e-06
-3.8203208 13.700485 -9.2387199e-06
-3.7791941 13.700038 -9.2983246e-06
-3.739074 13.704622 -9.3579292e-06
-3.6996961 13.704141 -9.4175339e-06
-3.6611514 13.70367 -9.4175339e-06
-3.6234145 13.703207 -9.4771385e-06
-3.5864594 13.702756 -9.4771385e-06
-3.5502625 13.702312 -9.4920397e-06
-3.5032895 13.70485 -9.5764799e-06
-3.4572735 13.698064 -9.6162157e-06
-3.4126067 13.700629 -9.6559525e-06
-3.3798711 13.700229 -9.6559525e-06
-3.3477685 13.699835 -9.7155571e-06
-3.3008349 13.699262 -9.7453594e-06
-3.2550781 13.698702 -9.8347664e-06
-3.225431 13.702658 -9.7751617e-06
-3.1818976 13.702066 -9.8347664e-06
-3.1394172 13.701489 -9.894371e-06
-3.0981984 13.70093 -9.9241734e-06
-3.0579498 13.700381 -9.9539757e-06
-3.0188661 13.69985 -9.983778e-06
-2.9806783 13.699331 -1.001358e-05
-2.9435678 13.698827 -1.0037422e-05
-2.8954608 13.698172 -1.0162592e-05
-2.8603728 13.697695 -1.0192394e-05
-2.8252583 13.699268 -1.0224906e-05
-2.7820148 13.700344 -1.0192394e-05
-2.739104 13.699703 -1.0281801e-05
-2.6975231 13.699081 -1.0281801e-05
-3.9502046 13.739049 -9.1791153e-06
-3.9062159 13.738152 -9.1791153e-06
-3.8632112 13.737273 -9.2387199e-06
-3.8211563 13.736414 -9.2387199e-06
-3.7800202 13.735575 -9.2983246e-06
-3.7400079 13.744798 -9.3579292e-06
-3.7006202 13.743885 -9.4175339e-06
-3.662066 13.742993 -9.4771385e-06
-3.6243193 13.74212 -9.4771385e-06
-3.5873547 13.741265 -9.4771385e-06
-3.5511487 13.740427 -9.5367432e-06
-3.4982984 13.739204 -9.5665455e-06
-3.4468532 13.738014 -9.6559525e-06
-3.4134579 13.737242 -9.6559525e-06
-3.3808198 13.741015 -9.6559525e-06
-3.3487079 13.740229 -9.7155571e-06
-3.3017604 13.739078 -9.7453594e-06
-3.2559905 13.737958 -9.8347664e-06
-3.2263355 13.741549 -9.7751617e-06
-3.1827898 13.740423 -9.8347664e-06
-3.1402967 13.739324 -9.894371e-06
-3.0991628 13.742404 -9.9301342e-06
-3.0589015 13.741308 -9.9539757e-06
-3.0198054 13.740245 -1.0031462e-05
-2.9816055 13.739204 -1.001358e-05
-2.9444833 13.738194 -1.0073185e-05
-2.8953345 13.738956 -1.0165301e-05
-2.8613508 13.739751 -1.0192394e-05
-2.8282633 13.740515 -1.0219487e-05
-2.7829652 13.741223 -1.0192394e-05
-2.7400396 13.739939 -1.0281801e-05
-2.6975591 13.740622 -1.0284511e-05
-2.6582019 13.741029 -1.0301669e-05
-2.6190886 13.739806 -1.0371208e-05
-3.9511921 13.781519 -9.1791153e-06
-3.9071922 13.780142 -9.1791153e-06
-3.8641763 13.778794 -9.2387199e-06
-3.8221107 13.777477 -9.2387199e-06
-3.7809649 13.776189 -9.3579292e-06
-3.7408254 13.77995 -9.3579292e-06
-3.7015443 13.783631 -9.4175339e-06
-3.6629806 13.782318 -9.5367432e-06
-3.6252236 13.781033 -9.4771385e-06
-3.5882502 13.779775 -9.4771385e-06
-3.5520346 13.778542 -9.5367432e-06
-3.4973001 13.77927 -9.563234e-06
-3.4478202 13.779613 -9.6559525e-06
-3.4144154 13.77843 -9.6559525e-06
-3.381768 13.781803 -9.6559525e-06
-3.349647 13.780622 -9.7155571e-06
-3.3026862 13.778895 -9.7453594e-06
-3.257005 13.781573 -9.8347664e-06
-3.2272391 13.780439 -9.7751617e-06
-3.1836815 13.778776 -9.8466871e-06
-3.1411765 13.777158 -9.894371e-06
-3.0985749 13.781968 -9.9539757e-06
-3.0598531 13.782236 -9.9539757e-06
-3.0207448 13.780637 -1.0043383e-05
-2.9825327 13.779078 -1.001358e-05
-2.9453986 13.77756 -1.0073185e-05
-2.8984678 13.781264 -1.0159883e-05
-2.8623283 13.781805 -1.0192394e-05
-2.8281655 13.780317 -1.0222197e-05
-2.7838292 13.778386 -1.0192394e-05
-2.7409751 13.780173 -1.0281801e-05
-2.7003343 13.779977 -1.0322441e-05
-2.6591089 13.780035 -1.0341406e-05
-2.6200631 13.781718 -1.0371208e-05
-2.5820944 13.779907 -1.0460615e-05
-3.9521794 13.82399 -9.1791153e-06
-3.9081693 13.822132 -9.2983246e-06
-3.8651419 13.820316 -9.2387199e-06
-3.8230658 13.818541 -9.2387199e-06
-3.7819095 13.816803 -9.4175339e-06
-3.7416425 13.815104 -9.3579292e-06
-3.7024682 13.823376 -9.4175339e-06
-3.6638949 13.821643 -9.5367432e-06
-3.6261287 13.819946 -9.4771385e-06
-3.5891457 13.818283 -9.4771385e-06
-3.5529211 13.816656 -9.5367432e-06
-3.5021334 13.821136 -9.569857e-06
-3.4487877 13.821212 -9.6559525e-06
-3.4153731 13.819618 -9.6559525e-06
-3.3826108 13.818058 -9.6559525e-06
-3.3505864 13.821014 -9.7155571e-06
-3.3036122 13.818713 -9.763241e-06
-3.2579176 13.820829 -9.8347664e-06
-3.2281437 13.819328 -9.7751617e-06
-3.1846728 13.821396 -9.8645687e-06
-3.1421537 13.819196 -9.894371e-06
-3.1024511 13.818974 -9.9539757e-06
-3.0608044 13.823163 -9.9539757e-06
-3.0216839 13.821032 -1.0043383e-05
-2.9834597 13.81895 -1.001358e-05
-2.9452507 13.819004 -1.0073185e-05
-2.8983412 13.822046 -1.0162592e-05
-2.853076 13.821141 -1.0212262e-05
-2.8214734 13.815127 -1.0242064e-05
-2.7847798 13.819264 -1.0222197e-05
-2.7419105 13.820407 -1.0281801e-05
-2.6994004 13.819815 -1.0338696e-05
-2.6600158 13.819042 -1.0341406e-05
-2.6209567 13.820137 -1.0371208e-05
-2.5830545 13.821198 -1.0460615e-05
-2.5461805 13.81884 -1.0430813e-05
-2.5017297 13.820414 -1.0460615e-05
-3.9530437 13.861152 -9.1791153e-06
-3.9091454 13.864123 -9.2983246e-06
-3.8661072 13.861836 -9.2387199e-06
-3.8240201 13.859602 -9.2387199e-06
-3.7828538 13.857417 -9.4175339e-06
-3.7425771 13.855277 -9.3579292e-06
-3.7033925 13.863121 -9.4175339e-06
-3.6648092 13.860967 -9.5367432e-06
-3.6270335 13.858859 -9.4771385e-06
-3.5900409 13.856794 -9.4771385e-06
-3.5539176 13.859535 -9.5367432e-06
-3.5011349 13.861202 -9.5665455e-06
-3.4496474 13.858188 -9.6559525e-06
-3.4163311 13.860809 -9.6559525e-06
-3.3835595 13.858844 -9.7513202e-06
-3.3410861 13.863728 -9.7155571e-06
-3.2979248 13.858727 -9.8007067e-06
-3.2588303 13.860085 -9.8347664e-06
-3.2207811 13.861366 -9.8092214e-06
-3.1807146 13.856591 -9.8546343e-06
-3.1431313 13.861234 -9.894371e-06
-3.1018629 13.858538 -9.9539757e-06
-3.0616608 13.859997 -9.9539757e-06
-3.0226231 13.861425 -1.0043383e-05
-2.9843867 13.858824 -1.0025501e-05
-2.9473205 13.860214 -1.0073185e-05
-2.8992414 13.860758 -1.0192394e-05
-2.8516564 13.859454 -1.0224906e-05
-2.8187382 13.858815 -1.0251999e-05
-2.7857301 13.860144 -1.0222197e-05
-2.7428458 13.860642 -1.0281801e-05
-2.7021768 13.859225 -1.0344115e-05
-2.660064 13.859906 -1.0344115e-05
-2.6218495 13.858556 -1.0376175e-05
-2.583127 13.860852 -1.0457906e-05
-2.5404158 13.860663 -1.0468066e-05
-2.4976234 13.859317 -1.0481902e-05
-2.4596043 13.859032 -1.052022e-05
-3.9539075 13.898314 -9.1791153e-06
-3.9099998 13.900864 -9.2983246e-06
-3.8670726 13.903359 -9.2387199e-06
-3.824975 13.900665 -9.2387199e-06
-3.783798 13.89803 -9.4175339e-06
-3.7435107 13.895452 -9.3579292e-06
-3.7043166 13.902865 -9.4175339e-06
-3.6657236 13.900292 -9.5367432e-06
-3.6279383 13.897772 -9.4771385e-06
-3.5910485 13.900116 -9.50098e-06
-3.5549147 13.902413 -9.5367432e-06
-3.502008 13.898741 -9.6559525e-06
-3.4506145 13.899788 -9.6559525e-06
-3.4172883 13.901998 -9.6559525e-06
-3.3845079 13.899632 -9.7751617e-06
-3.3366978 13.900642 -9.7155571e-06
-3.2900987 13.901613 -9.8347664e-06
-3.259743 13.89934 -9.8347664e-06
-3.2154317 13.900316 -9.8347664e-06
-3.172102 13.897014 -9.8347664e-06
-3.144011 13.899069 -9.894371e-06
-3.1028275 13.900012 -9.9539757e-06
-3.0625174 13.896831 -9.9778172e-06
-3.023562 13.901819 -1.0043383e-05
-2.9728541 13.897679 -1.0073185e-05
-2.9360771 13.902501 -1.0073185e-05
-2.9001415 13.899469 -1.0192394e-05
-2.8547053 13.901156 -1.0219487e-05
-2.8197005 13.900189 -1.0251999e-05
-2.7856488 13.899238 -1.0224906e-05
-2.7437816 13.900876 -1.0281801e-05
-2.7022121 13.900738 -1.0341406e-05
-2.6627707 13.898743 -1.0354953e-05
-2.6228244 13.90047 -1.0401011e-05
-2.5857017 13.898539 -1.0463325e-05
-2.5390692 13.899346 -1.047055e-05
-2.4948502 13.901696 -1.0490417e-05
-2.4605169 13.898286 -1.052022e-05
-2.4191337 13.90059 -1.0589759e-05
-3.954895 13.940784 -9.1791153e-06
-3.9108539 13.937607 -9.2983246e-06
-3.8679173 13.93969 -9.2387199e-06
-3.8259299 13.941729 -9.2387199e-06
-3.7847424 13.938644 -9.4175339e-06
-3.7444451 13.935627 -9.3579292e-06
-3.7052407 13.942611 -9.432435e-06
-3.6666379 13.939616 -9.5367432e-06
-3.6288428 13.936684 -9.4771385e-06
-3.5920558 13.94344 -9.5963478e-06
-3.540626 13.941328 -9.5622881e-06
-3.4913149 13.936879 -9.6956892e-06
-3.4515815 13.941385 -9.6559525e-06
-3.4181399 13.93861 -9.6559525e-06
-3.3854566 13.940419 -9.7751617e-06
-3.3376327 13.940843 -9.7155571e-06
-3.2910199 13.94124 -9.8347664e-06
-3.2606559 13.938596 -9.8347664e-06
-3.214762 13.941263 -9.8413893e-06
-3.1730881 13.939435 -9.8347664e-06
-3.1448908 13.936902 -9.9658964e-06
-3.1037917 13.94149 -9.9539757e-06
-3.0634692 13.937757 -1.001358e-05
-3.0245013 13.942213 -1.0043383e-05
-2.9726942 13.939431 -1.0073185e-05
-2.9369886 13.941701 -1.0073185e-05
-2.9010415 13.938179 -1.0192394e-05
-2.8545971 13.941226 -1.0222197e-05
-2.820575 13.937802 -1.0251999e-05
-2.7885768 13.939968 -1.0224906e-05
-2.7437162 13.939341 -1.0333278e-05
-2.7031329 13.940349 -1.0341406e-05
-2.6628191 13.939609 -1.0371208e-05
-2.6228845 13.94069 -1.040372e-05
-2.5857747 13.938191 -1.0460615e-05
-2.5400121 13.939889 -1.047055e-05
-2.4957762 13.941514 -1.0490417e-05
-2.460819 13.93922 -1.0554607e-05
-2.4191992 13.940242 -1.0590804e-05
-2.3799465 13.940727 -1.0639429e-05
-2.3420029 13.940157 -1.064539e-05
-3.9558825 13.983254 -9.1791153e-06
-3.9118302 13.979596 -9.2983246e-06
-3.868762 13.976022 -9.2387199e-06
-3.8268847 13.98279 -9.2685223e-06
-3.7856867 13.979258 -9.4175339e-06
-3.745379 13.975802 -9.3579292e-06
-3.7061648 13.982357 -9.4771385e-06
-3.6675522 13.97894 -9.5367432e-06
-3.6298606 13.980461 -9.4771385e-06
-3.5929513 13.98195 -9.5963478e-06
-3.5370107 13.979464 -9.569857e-06
-3.4865639 13.981566 -9.7155571e-06
-3.4524412 13.978363 -9.6559525e-06
-3.4190979 13.979799 -9.6559525e-06
-3.3864045 13.981207 -9.7751617e-06
-3.3367682 13.978876 -9.7155571e-06
-3.2919412 13.980866 -9.8347664e-06
-3.2616699 13.982213 -9.8347664e-06
-3.2189016 13.979804 -9.8546343e-06
-3.1740744 13.981857 -9.8347664e-06
-3.1458683 13.978941 -1.001358e-05
-3.1032014 13.980952 -9.9539757e-06
-3.0644209 13.978685 -1.001358e-05
-3.0239644 13.980648 -1.0040071e-05
-2.9747922 13.981038 -1.0073185e-05
-2.9379001 13.980901 -1.0073185e-05
-2.900913 13.978873 -1.0192394e-05
-2.8554826 13.979303 -1.0234117e-05
-2.821537 13.979177 -1.0251999e-05
-2.787549 13.980966 -1.0251999e-05
-2.746568 13.979459 -1.0338696e-05
-2.7040539 13.979959 -1.0341406e-05
-2.6628664 13.98043 -1.0371208e-05
-2.625525 13.979 -1.0398301e-05
-2.5867348 13.979482 -1.0465582e-05
-2.5409546 13.980431 -1.0503663e-05
-2.496702 13.981328 -1.0490417e-05
-2.4624183 13.980058 -1.0579824e-05
-2.4209769 13.979875 -1.0589759e-05
-2.3802598 13.98026 -1.0641722e-05
-2.3413823 13.980557 -1.0653546e-05
-2.2966027 13.980335 -1.068178e-05
-3.9567463 14.020416 -9.1989832e-06
-3.9128065 14.021587 -9.2983246e-06
-3.8697276 14.017542 -9.2387199e-06
-3.8278399 14.023853 -9.3579292e-06
-3.7866311 14.019872 -9.4175339e-06
-3.7463129 14.015978 -9.3579292e-06
-3.7070889 14.0221 -9.4771385e-06
-3.6684666 14.018266 -9.5367432e-06
-3.6308787 14.024238 -9.4771385e-06
-3.5938468 14.020459 -9.5963478e-06
-3.5399146 14.019661 -9.5665455e-06
-3.4874325 14.018915 -9.7155571e-06
-3.4534087 14.019961 -9.6559525e-06
-3.4200549 14.020988 -9.6559525e-06
-3.3872476 14.017462 -9.7751617e-06
-3.3411975 14.018941 -9.7950297e-06
-3.2928627 14.020494 -9.8347664e-06
-3.2625825 14.021467 -9.8347664e-06
-3.2182319 14.020749 -9.8645687e-06
-3.174962 14.020037 -9.8347664e-06
-3.1468456 14.020979 -1.001358e-05
-3.1056235 14.020274 -9.9539757e-06
-3.0653722 14.019612 -1.001358e-05
-3.0262854 14.018946 -1.0043383e-05
-2.9757154 14.020742 -1.0073185e-05
-2.9388118 14.020101 -1.0120869e-05
-2.9029315 14.019455 -1.0192394e-05
-2.8553731 14.019315 -1.0251999e-05
-2.8126659 14.020922 -1.0251999e-05
-2.7821591 14.018954 -1.0251999e-05
-2.7455866 14.019781 -1.0344115e-05
-2.7040873 14.021399 -1.0338696e-05
-2.6655753 14.019348 -1.0371208e-05
-2.6255853 14.019219 -1.0415912e-05
-2.5837626 14.02215 -1.0490417e-05
-2.5382268 14.018403 -1.0514259e-05
-2.4976275 14.021146 -1.0490417e-05
-2.463331 14.019314 -1.0579824e-05
-2.4218946 14.019524 -1.0590804e-05
-2.3824255 14.021276 -1.0650891e-05
-2.3430936 14.019914 -1.0688054e-05
-2.2990232 14.019957 -1.0690093e-05
-2.2552161 14.019951 -1.0748704e-05
-2.2153125 14.021513 -1.0748704e-05
-3.9576106 14.057577 -9.2387199e-06
-3.9137828 14.063578 -9.2983246e-06
-3.8706927 14.059064 -9.2387199e-06
-3.828675 14.059783 -9.3579292e-06
-3.7875752 14.060486 -9.4175339e-06
-3.7472472 14.056151 -9.3579292e-06
-3.7080128 14.061847 -9.4771385e-06
-3.6693807 14.05759 -9.5367432e-06
-3.631783 14.06315 -9.4771385e-06
-3.5947418 14.058969 -9.5963478e-06
-3.5428207 14.059926 -9.563234e-06
-3.4884095 14.060931 -9.7155571e-06
-3.454376 14.061561 -9.6559525e-06
-3.4209065 14.0576 -9.7155571e-06
-3.3881958 14.058249 -9.7751617e-06
-3.3386364 14.059232 -9.8148985e-06
-3.2937839 14.060122 -9.8347664e-06
-3.2634952 14.060722 -9.8347664e-06
-3.2175605 14.061634 -9.8678802e-06
-3.1758499 14.058217 -9.8347664e-06
-3.1375012 14.064785 -9.9912286e-06
-3.1019213 14.055615 -9.9539757e-06
-3.0565395 14.062268 -1.0035932e-05
-3.0216501 14.056847 -1.0115759e-05
-2.9766383 14.060446 -1.0073185e-05
-2.939723 14.0593 -1.013279e-05
-2.9049506 14.060085 -1.0192394e-05
-2.8573413 14.059247 -1.0251999e-05
-2.8113019 14.058454 -1.0251999e-05
-2.7794635 14.059214 -1.0251999e-05
-2.7484398 14.059958 -1.0338696e-05
-2.706867 14.06095 -1.0365789e-05
-2.665622 14.060173 -1.0371208e-05
-2.6256449 14.059402 -1.0430813e-05
-2.5782495 14.0594 -1.0490417e-05
-2.5337791 14.060047 -1.052022e-05
-2.4985535 14.060963 -1.0490417e-05
-2.4649305 14.060194 -1.0577532e-05
-2.4228203 14.059172 -1.061625e-05
-2.3827384 14.060809 -1.0669231e-05
-2.3440399 14.060308 -1.0690093e-05
-2.2985027 14.060522 -1.0690093e-05
-2.256139 14.059784 -1.0750796e-05
-2.2147021 14.060022 -1.0748704e-05
-2.1748018 14.060255 -1.0788441e-05
-3.9585981 14.100047 -9.2387199e-06
-3.9146373 14.100319 -9.2983246e-06
-3.8716583 14.100586 -9.2387199e-06
-3.8295105 14.095713 -9.3579292e-06
-3.7885194 14.101099 -9.4175339e-06
-3.7481813 14.096326 -9.3579292e-06
-3.7089372 14.101591 -9.4771385e-06
-3.670295 14.096914 -9.5367432e-06
-3.632688 14.102062 -9.4771385e-06
-3.5956376 14.097478 -9.5963478e-06
-3.5417891 14.100266 -9.5963478e-06
-3.4893861 14.102948 -9.7155571e-06
-3.4552355 14.098537 -9.6559525e-06
-3.4218643 14.09879 -9.7155571e-06
-3.3891442 14.099036 -9.7751617e-06
-3.3430681 14.099384 -9.7950297e-06
-3.2947052 14.09975 -9.8347664e-06
-3.2644079 14.099978 -9.8347664e-06
-3.2217033 14.100301 -9.8612572e-06
-3.1768363 14.100639 -9.8705295e-06
-3.133353 14.100968 -9.9804665e-06
-3.0938392 14.097136 -1.001358e-05
-3.0541313 14.099536 -1.0043383e-05
-3.0153408 14.101857 -1.013279e-05
-2.9775615 14.100149 -1.0073185e-05
-2.9406345 14.0985 -1.013279e-05
-2.9048219 14.100763 -1.0192394e-05
-2.8593109 14.099225 -1.0251999e-05
-2.8142724 14.099628 -1.0257418e-05
-2.7804105 14.099929 -1.0251999e-05
-2.7474568 14.100223 -1.0371208e-05
-2.7059288 14.100593 -1.0371208e-05
-2.6656685 14.100951 -1.0371208e-05
-2.6274531 14.09954 -1.0430813e-05
-2.5802739 14.099429 -1.0490417e-05
-2.5347185 14.100442 -1.052022e-05
-2.4994793 14.10078 -1.0550022e-05
-2.4590077 14.103189 -1.0602176e-05
-2.4196305 14.097507 -1.0620803e-05
-2.3767347 14.101243 -1.0669231e-05
-2.3394933 14.099641 -1.0694776e-05
-2.3001842 14.101163 -1.0704995e-05
-2.2570682 14.099614 -1.0782764e-05
-2.2156558 14.101054 -1.0748704e-05
-2.1757381 14.100523 -1.0788441e-05
-2.1367264 14.100923 -1.0842627e-05
-3.9595857 14.142517 -9.2387199e-06
-3.9154913 14.137062 -9.2983246e-06
-3.8726237 14.142107 -9.2387199e-06
-3.8304651 14.136774 -9.3579292e-06
-3.7894635 14.141713 -9.4175339e-06
-3.7491155 14.136501 -9.3579292e-06
-3.709861 14.141336 -9.4771385e-06
-3.6712093 14.136239 -9.5367432e-06
-3.6335931 14.140975 -9.5963478e-06
-3.5784931 14.138309 -9.5665455e-06
-3.5249977 14.140462 -9.6559525e-06
-3.4902546 14.140297 -9.7155571e-06
-3.4562027 14.140137 -9.6559525e-06
-3.422822 14.139978 -9.7155571e-06
-3.3900924 14.139824 -9.7751617e-06
-3.3405049 14.139588 -9.8148985e-06
-3.2956266 14.139377 -9.8347664e-06
-3.2653205 14.139234 -9.8466871e-06
-3.2193596 14.139015 -9.8678802e-06
-3.1777244 14.138819 -1.001358e-05
-3.135812 14.140703 -9.983778e-06
-3.0947995 14.138426 -1.001358e-05
-3.0550785 14.140285 -1.0043383e-05
-3.0162759 14.142075 -1.013279e-05
-2.9784846 14.139853 -1.0073185e-05
-2.941546 14.137701 -1.013279e-05
-2.9057214 14.139475 -1.0204315e-05
-2.859201 14.139224 -1.0251999e-05
-2.8132176 14.140839 -1.0279092e-05
-2.7753258 14.144803 -1.0286059e-05
-2.7481029 14.137178 -1.0371208e-05
-2.70871 14.140202 -1.0371208e-05
-2.6683791 14.139955 -1.0371208e-05
-2.6247783 14.141813 -1.0439982e-05
-2.5788691 14.138969 -1.0490417e-05
-2.5356576 14.140835 -1.052022e-05
-2.5004051 14.140597 -1.0550022e-05
-2.4577928 14.140844 -1.0609627e-05
-2.416528 14.140016 -1.0609627e-05
-2.375958 14.14032 -1.0669231e-05
-2.3376975 14.141036 -1.0701327e-05
-2.3010983 14.140761 -1.0728836e-05
-2.2580209 14.140442 -1.0788441e-05
-2.2165618 14.14013 -1.0750796e-05
-2.1766746 14.140794 -1.0816824e-05
-2.1382391 14.14143 -1.0867913e-05
-2.1011374 14.140195 -1.090765e-05
-2.0595734 14.140321 -1.0952353e-05
-3.9604499 14.17968 -9.2387199e-06
-3.9164677 14.179051 -9.2983246e-06
-3.873589 14.183628 -9.2387199e-06
-3.8314199 14.177837 -9.3579292e-06
-3.7904079 14.182326 -9.4175339e-06
-3.7500496 14.176676 -9.4473362e-06
-3.7107854 14.181082 -9.4771385e-06
-3.6721237 14.175562 -9.5367432e-06
-3.6344979 14.17989 -9.5963478e-06
-3.5814509 14.179059 -9.569857e-06
-3.5259848 14.182905 -9.6559525e-06
-3.491123 14.177646 -9.7155571e-06
-3.45717 14.181735 -9.6559525e-06
-3.4237797 14.181168 -9.7155571e-06
-3.3910408 14.180611 -9.7751617e-06
-3.344938 14.179828 -9.8082755e-06
-3.2965481 14.179004 -9.8347664e-06
-3.2662337 14.178489 -9.894371e-06
-3.2219315 14.179873 -9.8645687e-06
-3.178612 14.176999 -1.001358e-05
-3.1382725 14.180498 -9.9870895e-06
-3.0957594 14.179718 -1.001358e-05
-3.056026 14.181033 -1.0043383e-05
-3.017211 14.182294 -1.013279e-05
-2.979408 14.179556 -1.0091067e-05
-2.9424572 14.176901 -1.013279e-05
-2.9055917 14.180091 -1.0224906e-05
-2.8590899 14.179174 -1.0251999e-05
-2.8151386 14.180173 -1.0281801e-05
-2.7725508 14.181153 -1.0306185e-05
-2.7397273 14.180461 -1.0371208e-05
-2.7077701 14.179788 -1.0371208e-05
-2.6674819 14.178937 -1.0392882e-05
-2.619801 14.18025 -1.0450681e-05
-2.5720232 14.180335 -1.0490417e-05
-2.5357442 14.179521 -1.0522928e-05
-2.5013306 14.180412 -1.0550022e-05
-2.4587021 14.179963 -1.0609627e-05
-2.4180827 14.180082 -1.0637136e-05
-2.378531 14.180126 -1.0669231e-05
-2.3391793 14.179745 -1.0699034e-05
-2.3020253 14.180361 -1.0728836e-05
-2.2582388 14.180296 -1.0788441e-05
-2.2174733 14.179211 -1.0768573e-05
-2.1775911 14.180104 -1.0830164e-05
-2.1391582 14.180964 -1.0867913e-05
-2.1015115 14.179966 -1.0910359e-05
-2.0601001 14.179697 -1.095136e-05
-2.0200193 14.180389 -1.1005185e-05
-3.9613137 14.216842 -9.2387199e-06
-3.917444 14.221043 -9.2983246e-06
-3.8744342 14.219959 -9.3579292e-06
-3.8323748 14.218901 -9.3579292e-06
-3.7913523 14.222941 -9.4175339e-06
-3.750984 14.21685 -9.4771385e-06
-3.7117095 14.220827 -9.4771385e-06
-3.6731522 14.219803 -9.5367432e-06
-3.6354029 14.218801 -9.5963478e-06
-3.5803866 14.219747 -9.5665455e-06
-3.5268619 14.220633 -9.6559525e-06
-3.4920998 14.219663 -9.7155571e-06
-3.4580295 14.218712 -9.6559525e-06
-3.4247375 14.222357 -9.7155571e-06
-3.3866889 14.223485 -9.7850962e-06
-3.3401465 14.218198 -9.8720193e-06
-3.2974694 14.218632 -9.8347664e-06
-3.2671463 14.217745 -9.894371e-06
-3.2245047 14.220796 -9.8612572e-06
-3.1795983 14.219419 -1.001358e-05
-3.1376615 14.220236 -9.983778e-06
-3.0967193 14.221008 -1.001358e-05
-3.055469 14.219687 -1.0066562e-05
-3.018146 14.222513 -1.013279e-05
-2.9803312 14.219258 -1.0102987e-05
-2.9434602 14.220021 -1.013279e-05
-2.9076114 14.220751 -1.0222197e-05
-2.8610594 14.219167 -1.0251999e-05
-2.8170602 14.21955 -1.0284511e-05
-2.7715425 14.221652 -1.0317022e-05
-2.7348125 14.224454 -1.0388238e-05
-2.7084093 14.216163 -1.0391076e-05
-2.6651607 14.221329 -1.0405268e-05
-2.6168835 14.219522 -1.0454654e-05
-2.5737731 14.21963 -1.0490417e-05
-2.5374572 14.218244 -1.052022e-05
-2.5022566 14.220229 -1.0579824e-05
-2.4596326 14.22017 -1.0609627e-05
-2.4183908 14.220119 -1.0639429e-05
-2.3786302 14.22006 -1.0669231e-05
-2.3401158 14.220003 -1.0703291e-05
-2.3029397 14.219961 -1.0760207e-05
-2.260572 14.220079 -1.0788441e-05
-2.2184277 14.220243 -1.0768573e-05
-2.1785023 14.219413 -1.0828177e-05
-2.1400774 14.2205 -1.0879266e-05
-2.1035597 14.220599 -1.094558e-05
-2.0612178 14.219787 -1.0954923e-05
-2.021939 14.22028 -1.1008719e-05
-1.9829425 14.219937 -1.1044164e-05
-1.9405811 14.220369 -1.1086464e-05
-3.962301 14.259312 -9.2387199e-06
-3.9184201 14.263033 -9.2983246e-06
-3.8752789 14.25629 -9.3579292e-06
-3.8333292 14.259962 -9.3579292e-06
-3.7922966 14.263555 -9.4175339e-06
-3.7519183 14.257025 -9.4771385e-06
-3.7126336 14.260572 -9.4771385e-06
-3.674181 14.264044 -9.5367432e-06
-3.6363072 14.257713 -9.5963478e-06
-3.5793202 14.260361 -9.563234e-06
-3.527739 14.25836 -9.6559525e-06
-3.4930768 14.26168 -9.7155571e-06
-3.4589972 14.26031 -9.7155571e-06
-3.4255886 14.258969 -9.7155571e-06
-3.3750906 14.261444 -9.8082755e-06
-3.3293035 14.259542 -9.894371e-06
-3.2983906 14.258258 -9.8347664e-06
-3.2681603 14.26136 -9.894371e-06
-3.2221584 14.259388 -9.8678802e-06
-3.1805847 14.261841 -1.001358e-05
-3.1370485 14.259914 -1.0020203e-05
-3.0976796 14.262299 -1.001358e-05
-3.0578258 14.258436 -1.0073185e-05
-3.0190811 14.262731 -1.013279e-05
-2.9812541 14.258962 -1.0102987e-05
-2.9337645 14.262624 -1.015928e-05
-2.9005911 14.257785 -1.0242064e-05
-2.8630304 14.259205 -1.0257418e-05
-2.8160036 14.260673 -1.0279092e-05
-2.7734184 14.260389 -1.0371208e-05
-2.7321336 14.260131 -1.0398301e-05
-2.6923313 14.262364 -1.0371208e-05
-2.6543236 14.257488 -1.0421643e-05
-2.6129632 14.260974 -1.0457906e-05
-2.5747263 14.260616 -1.0510285e-05
-2.5383966 14.258636 -1.052022e-05
-2.5031824 14.260045 -1.0609627e-05
-2.4605715 14.260374 -1.0609627e-05
-2.4186978 14.26012 -1.0641722e-05
-2.3787396 14.259952 -1.0669231e-05
-2.3410518 14.260262 -1.0728836e-05
-2.3038671 14.259562 -1.0770559e-05
-2.2607992 14.259935 -1.0788441e-05
-2.2193615 14.260294 -1.0767579e-05
-2.1794388 14.259683 -1.0850884e-05
-2.1409969 14.260035 -1.090765e-05
-2.1009657 14.261997 -1.0942419e-05
-2.0603733 14.258337 -1.0967255e-05
-2.0178874 14.261082 -1.104452e-05
-1.9807743 14.258703 -1.1065006e-05
-1.9421675 14.259928 -1.1086464e-05
-1.9017693 14.260134 -1.1116266e-05
-3.9632888 14.301783 -9.2387199e-06
-3.9192746 14.299774 -9.2983246e-06
-3.8762443 14.297812 -9.3579292e-06
-3.8342843 14.301025 -9.3579292e-06
-3.793241 14.304169 -9.4175339e-06
-3.7528522 14.297199 -9.4771385e-06
-3.7135575 14.300317 -9.4771385e-06
-3.6750951 14.303368 -9.5367432e-06
-3.6187751 14.29814 -9.5963478e-06
-3.5642202 14.302616 -9.6559525e-06
-3.5287259 14.300802 -9.6559525e-06
-3.4939451 14.299028 -9.7155571e-06
-3.4599643 14.301909 -9.7155571e-06
-3.4265461 14.300159 -9.7155571e-06
-3.3777664 14.299842 -9.8049641e-06
-3.3302338 14.299548 -9.894371e-06
-3.2994144 14.302289 -9.8347664e-06
-3.269073 14.300616 -9.894371e-06
-3.2247319 14.300308 -9.8824503e-06
-3.1814723 14.300022 -1.001358e-05
-3.1395099 14.299731 -1.0043383e-05
-3.0985434 14.29946 -1.001358e-05
-3.0587733 14.299185 -1.0073185e-05
-3.0200164 14.30295 -1.013279e-05
-2.9821773 14.298665 -1.0102987e-05
-2.9332898 14.299652 -1.0168553e-05
-2.8976178 14.299383 -1.0251999e-05
-2.8619218 14.300974 -1.0284511e-05
-2.8179259 14.300051 -1.0281801e-05
-2.775295 14.29917 -1.0371208e-05
-2.7311699 14.299939 -1.040372e-05
-2.6921289 14.300931 -1.0371208e-05
-2.6515067 14.299945 -1.0430813e-05
-2.6121237 14.299002 -1.0506673e-05
-2.5756795 14.301602 -1.052022e-05
-2.5393357 14.299033 -1.052022e-05
-2.5041082 14.299863 -1.0609627e-05
-2.4606252 14.300565 -1.0612764e-05
-2.4202523 14.300199 -1.065433e-05
-2.3813145 14.299845 -1.0669231e-05
-2.3425348 14.299023 -1.0724251e-05
-2.3040743 14.300161 -1.0767579e-05
-2.2610161 14.299751 -1.0791421e-05
-2.219588 14.299359 -1.0806322e-05
-2.1803753 14.299953 -1.0867913e-05
-2.141916 14.299568 -1.090765e-05
-2.0990572 14.300282 -1.0959034e-05
-2.0579593 14.29963 -1.1005185e-05
-2.0179479 14.29987 -1.1040318e-05
-1.9795765 14.299685 -1.1065732e-05
-1.9429345 14.300138 -1.1086464e-05
-1.9026985 14.300095 -1.1116266e-05
-1.8597093 14.299852 -1.1126201e-05
-3.9641526 14.338943 -9.2387199e-06
-3.9202509 14.341765 -9.2983246e-06
-3.9197626 14.32077 -9.2983246e-06
-3.8772097 14.339333 -9.3579292e-06
-3.8352387 14.342088 -9.3579292e-06
-3.7940671 14.339706 -9.4175339e-06
-3.7537861 14.337375 -9.4771385e-06
-3.7144818 14.340061 -9.4771385e-06
-3.6760097 14.342692 -9.5814466e-06
-3.6217871 14.339406 -9.5963478e-06
-3.5651064 14.34073 -9.6559525e-06
-3.5297127 14.343246 -9.6559525e-06
-3.4949222 14.341044 -9.7155571e-06
-3.460824 14.338886 -9.7155571e-06
-3.4275038 14.341347 -9.7155571e-06
-3.3787103 14.340433 -9.8049641e-06
-3.3311636 14.339555 -9.894371e-06
-3.3003356 14.341916 -9.8645687e-06
-3.2568369 14.342819 -9.8678802e-06
-3.2168305 14.33712 -9.9301342e-06
-3.1823599 14.338202 -1.001358e-05
-3.1404827 14.341581 -1.0043383e-05
-3.0994077 14.336621 -1.001358e-05
-3.0597205 14.339933 -1.0073185e-05
-3.0209513 14.343167 -1.013279e-05
-2.9831004 14.338368 -1.0108948e-05
-2.9331477 14.340549 -1.0197813e-05
-2.898514 14.337934 -1.0251999e-05
-2.8638926 14.341011 -1.0281801e-05
-2.8198488 14.339472 -1.0284511e-05
-2.7742848 14.339584 -1.0371208e-05
-2.7339904 14.339999 -1.0398301e-05
-2.6912084 14.340099 -1.0425394e-05
-2.6533377 14.340496 -1.0430813e-05
-2.6139138 14.338918 -1.052022e-05
-2.5774307 14.340961 -1.051751e-05
-2.5402749 14.339425 -1.052022e-05
-2.505034 14.339679 -1.0609627e-05
-2.4624407 14.34077 -1.0622873e-05
-2.4211464 14.338641 -1.0669231e-05
-2.3814127 14.339738 -1.0669231e-05
-2.3354132 14.340464 -1.0750796e-05
-2.3000491 14.3382 -1.0760931e-05
-2.262671 14.340581 -1.0808309e-05
-2.2211981 14.339414 -1.0808309e-05
-2.1813114 14.34022 -1.0867913e-05
-2.1428547 14.340043 -1.090765e-05
-2.0995736 14.340383 -1.0967255e-05
-2.0578718 14.340235 -1.1008719e-05
-2.0179667 14.34036 -1.1042754e-05
-1.9800361 14.339569 -1.1065732e-05
-1.9437058 14.340338 -1.1086464e-05
-1.9036278 14.340055 -1.1116266e-05
-1.8599705 14.340308 -1.1159153e-05
-1.8185974 14.339617 -1.120392e-05
-3.9650168 14.376105 -9.2387199e-06
-3.9211049 14.378507 -9.2983246e-06
-3.8781753 14.380856 -9.3579292e-06
-3.8361933 14.38315 -9.3579292e-06
-3.7948935 14.375242 -9.432435e-06
-3.7547204 14.37755 -9.4771385e-06
-3.7154057 14.379807 -9.4771385e-06
-3.676924 14.382016 -9.5963478e-06
-3.6206882 14.380425 -9.5963478e-06
-3.5659924 14.378845 -9.6559525e-06
-3.5305901 14.380975 -9.6559525e-06
-3.495899 14.383062 -9.7155571e-06
-3.4617913 14.380486 -9.7155571e-06
-3.4283552 14.377959 -9.7155571e-06
-3.3796537 14.381022 -9.8124146e-06
-3.3320942 14.379562 -9.894371e-06
-3.3012574 14.381544 -9.894371e-06
-3.2560515 14.3801 -9.8645687e-06
-3.2119594 14.378706 -9.9539757e-06
-3.1833463 14.380625 -1.001358e-05
-3.1429453 14.381476 -1.0040071e-05
-3.1003675 14.377912 -1.001358e-05
-3.0606682 14.380682 -1.0085106e-05
-3.0218863 14.383387 -1.013279e-05
-2.9840238 14.378073 -1.013279e-05
-2.9351954 14.381612 -1.0192394e-05
-2.8994999 14.380337 -1.0251999e-05
-2.8647778 14.379086 -1.0281801e-05
-2.8187902 14.380508 -1.0279092e-05
-2.7771814 14.380309 -1.0371208e-05
-2.733026 14.379752 -1.0430813e-05
-2.6930811 14.38126 -1.0430813e-05
-2.6524577 14.379044 -1.0430813e-05
-2.6148808 14.38052 -1.052022e-05
-2.5775058 14.380176 -1.052022e-05
-2.5412142 14.379819 -1.0545055e-05
-2.4995387 14.380868 -1.0609627e-05
-2.4585147 14.378431 -1.0635172e-05
-2.4227018 14.37876 -1.0669231e-05
-2.381521 14.37959 -1.0669231e-05
-2.3371224 14.379709 -1.0760207e-05
-2.2993054 14.379037 -1.0758638e-05
-2.2643409 14.380455 -1.0807264e-05
-2.2221522 14.380445 -1.0808309e-05
-2.1815705 14.379494 -1.0889768e-05
-2.1437979 14.380519 -1.090765e-05
-2.1000943 14.38046 -1.096931e-05
-2.0592999 14.379976 -1.1006991e-05
-2.020375 14.380177 -1.1040767e-05
-1.9772263 14.380814 -1.107057e-05
-1.9404404 14.379219 -1.1093616e-05
-1.9007368 14.381036 -1.1152343e-05
-1.8583637 14.379246 -1.1163099e-05
-1.8205923 14.380117 -1.1207427e-05
-1.7809013 14.379923 -1.1253086e-05
-3.9660041 14.418576 -9.2387199e-06
-3.9220812 14.420498 -9.2983246e-06
-3.8791404 14.422376 -9.3579292e-06
-3.8371484 14.424213 -9.3579292e-06
-3.7958379 14.415856 -9.4771385e-06
-3.7556543 14.417724 -9.4771385e-06
-3.7163301 14.419552 -9.4771385e-06
-3.661736 14.424176 -9.5963478e-06
-3.6092489 14.418079 -9.5963478e-06
-3.5668788 14.41696 -9.6559525e-06
-3.531467 14.418702 -9.6559525e-06
-3.4967673 14.42041 -9.7155571e-06
-3.4627585 14.422084 -9.7155571e-06
-3.4293129 14.419148 -9.7155571e-06
-3.3823321 14.419527 -9.8347664e-06
-3.333024 14.419569 -9.894371e-06
-3.3021789 14.421171 -9.894371e-06
-3.2569604 14.419174 -9.8645687e-06
-3.212955 14.421521 -9.9539757e-06
-3.1842341 14.418803 -1.001358e-05
-3.1407444 14.418864 -1.0046694e-05
-3.1013274 14.419203 -1.001358e-05
-3.0616155 14.42143 -1.013279e-05
-3.0228214 14.423604 -1.013279e-05
-2.9849467 14.417773 -1.013279e-05
-2.9361031 14.420649 -1.0192394e-05
-2.9004858 14.422742 -1.0251999e-05
-2.8667498 14.419183 -1.0279092e-05
-2.820713 14.41993 -1.0341406e-05
-2.7761698 14.420663 -1.0371208e-05
-2.7358477 14.419869 -1.0430813e-05
-2.693995 14.420568 -1.0430813e-05
-2.6542888 14.419594 -1.0430813e-05
-2.6166725 14.420492 -1.0522929e-05
-2.5775802 14.419352 -1.0577115e-05
-2.5421536 14.420212 -1.0550022e-05
-2.4982917 14.419914 -1.0609627e-05
-2.4558704 14.419604 -1.0639429e-05
-2.4224215 14.420261 -1.0669231e-05
-2.3840981 14.419565 -1.0706876e-05
-2.3365071 14.419754 -1.0770559e-05
-2.3008196 14.420104 -1.0756346e-05
-2.2637935 14.419208 -1.0809303e-05
-2.2237613 14.420552 -1.0839105e-05
-2.1831393 14.418832 -1.090765e-05
-2.1421611 14.421899 -1.090765e-05
-2.1002121 14.418908 -1.0971839e-05
-2.0607269 14.419743 -1.1006127e-05
-2.0198176 14.419964 -1.1042754e-05
-1.9770792 14.419867 -1.1092425e-05
-1.9365324 14.420916 -1.1102358e-05
-1.8964229 14.419174 -1.1173162e-05
-1.8577057 14.420139 -1.1162324e-05
-1.82048 14.420588 -1.120392e-05
-1.7810267 14.419967 -1.1259601e-05
-3.9669914 14.461046 -9.2387199e-06
-3.923058 14.462488 -9.4175339e-06
-3.8803473 14.474277 -9.3579292e-06
-3.8798645 14.453517 -9.3579292e-06
-3.8379838 14.460143 -9.3579292e-06
-3.7967823 14.45647 -9.4771385e-06
-3.7565885 14.457899 -9.4771385e-06
-3.7172542 14.459297 -9.4771385e-06
-3.659905 14.461336 -9.5963478e-06
-3.6041431 14.463318 -9.5963478e-06
-3.5678756 14.459839 -9.6559525e-06
-3.5323443 14.45643 -9.6559525e-06
-3.4976358 14.457758 -9.7751617e-06
-3.463618 14.459061 -9.7155571e-06
-3.4302704 14.460337 -9.7155571e-06
-3.3797023 14.459776 -9.8347664e-06
-3.3339546 14.459575 -9.894371e-06
-3.3031001 14.460798 -9.894371e-06
-3.2595756 14.460602 -9.8678802e-06
-3.2138507 14.460052 -9.9539757e-06
-3.1851218 14.456983 -1.001358e-05
-3.1432071 14.45876 -1.0073185e-05
-3.1022875 14.460495 -1.001358e-05
-3.0625632 14.462178 -1.013279e-05
-3.0237567 14.463823 -1.013279e-05
-2.9858699 14.457479 -1.013279e-05
-2.9370105 14.459683 -1.0192394e-05
-2.901382 14.46129 -1.0251999e-05
-2.8656387 14.460834 -1.0311604e-05
-2.8226371 14.459394 -1.0338696e-05
-2.7780471 14.459473 -1.0371208e-05
-2.7348814 14.459564 -1.0430813e-05
-2.6949091 14.459873 -1.0430813e-05
-2.6552708 14.461825 -1.0460615e-05
-2.6158302 14.45841 -1.051751e-05
-2.5793326 14.458724 -1.0579824e-05
-2.5430925 14.460607 -1.0550022e-05
-2.4992437 14.460693 -1.0612938e-05
-2.4567766 14.458585 -1.0639429e-05
-2.4192133 14.462544 -1.0693073e-05
-2.380487 14.45849 -1.0690268e-05
-2.3389888 14.45999 -1.0766481e-05
-2.3006148 14.459416 -1.0760931e-05
-2.2654493 14.460074 -1.0808309e-05
-2.2239954 14.459592 -1.0845065e-05
-2.1840754 14.459101 -1.090765e-05
-2.1387994 14.461112 -1.090765e-05
-2.0964849 14.458965 -1.0987123e-05
-2.0606425 14.46029 -1.1007894e-05
-2.0222273 14.459846 -1.1072556e-05
-1.9774785 14.45941 -1.1101846e-05
-1.9364364 14.460364 -1.1101365e-05
-1.8966123 14.459371 -1.1175871e-05
-1.8579628 14.460837 -1.1160093e-05
-1.8206393 14.460834 -1.1216192e-05
-1.7821375 14.459291 -1.1276631e-05
-3.967979 14.503517 -9.2387199e-06
-3.9239123 14.499229 -9.4175339e-06
-3.8809507 14.500229 -9.3579292e-06
-3.838819 14.496073 -9.3579292e-06
-3.7977264 14.497084 -9.4771385e-06
-3.7575223 14.498074 -9.4771385e-06
-3.7105441 14.50218 -9.50098e-06
-3.6580722 14.498414 -9.5963478e-06
-3.6050389 14.501827 -9.6410513e-06
-3.5688727 14.502717 -9.6559525e-06
-3.5333309 14.498874 -9.6559525e-06
-3.4986129 14.499776 -9.7751617e-06
-3.4645855 14.500659 -9.7155571e-06
-3.4312282 14.501526 -9.7155571e-06
-3.3823802 14.498282 -9.8347664e-06
-3.3348844 14.499582 -9.894371e-06
-3.3040214 14.500425 -9.894371e-06
-3.2571712 14.499305 -9.9407298e-06
-3.2147465 14.498583 -9.9539757e-06
-3.1861079 14.499405 -1.001358e-05
-3.1441805 14.500608 -1.0073185e-05
-3.1032474 14.501785 -1.001358e-05
-3.0635102 14.502927 -1.013279e-05
-3.0245981 14.500019 -1.013279e-05
-2.986793 14.497183 -1.013279e-05
-2.9379184 14.49872 -1.0251999e-05
-2.9022784 14.49984 -1.0251999e-05
-2.8676109 14.500931 -1.0311604e-05
-2.8215761 14.500341 -1.0344115e-05
-2.7789898 14.500028 -1.0371208e-05
-2.7367992 14.501411 -1.0430813e-05
-2.695823 14.499181 -1.0460615e-05
-2.6561708 14.500536 -1.0460615e-05
-2.6176214 14.498383 -1.052022e-05
-2.5802855 14.499711 -1.0579824e-05
-2.5440316 14.501 -1.0554989e-05
-2.4992843 14.50138 -1.062845e-05
-2.4576828 14.497566 -1.0639429e-05
-2.4168546 14.49913 -1.0708968e-05
-2.3773148 14.500645 -1.0679166e-05
-2.3383725 14.499977 -1.0770559e-05
-2.2949262 14.500766 -1.0768573e-05
-2.2598784 14.500787 -1.0820536e-05
-2.2242203 14.498593 -1.0859966e-05
-2.1850116 14.499367 -1.090765e-05
-2.1403773 14.501261 -1.090765e-05
-2.0979469 14.499463 -1.0985395e-05
-2.0620713 14.499157 -1.1024021e-05
-2.0216687 14.499569 -1.1088451e-05
-1.9789456 14.500306 -1.1101365e-05
-1.9375322 14.50036 -1.1101846e-05
-1.8975362 14.499119 -1.1175871e-05
-1.8594457 14.500992 -1.1188909e-05
-1.8188285 14.500184 -1.1240894e-05
-1.7788055 14.499681 -1.1279728e-05
-3.9688432 14.540679 -9.2387199e-06
-3.9247665 14.535971 -9.4175339e-06
-3.8817954 14.53656 -9.3579292e-06
-3.8401318 14.552534 -9.3579292e-06
-3.8396547 14.532002 -9.3579292e-06
-3.7986708 14.537698 -9.4771385e-06
-3.7584567 14.538248 -9.4771385e-06
-3.6998415 14.539051 -9.5516443e-06
-3.6428666 14.539832 -9.5963478e-06
-3.6059341 14.540337 -9.6559525e-06
-3.5697589 14.540833 -9.6559525e-06
-3.534318 14.541317 -9.6559525e-06
-3.4995897 14.541793 -9.7751617e-06
-3.4655523 14.542258 -9.7155571e-06
-3.4321856 14.542716 -9.7155571e-06
-3.3833237 14.538874 -9.8347664e-06
-3.3358147 14.539587 -9.9301342e-06
-3.3049431 14.540052 -9.894371e-06
-3.2597866 14.540733 -9.9539757e-06
-3.2157416 14.541397 -9.9539757e-06
-3.1870942 14.541827 -1.001358e-05
-3.1451535 14.542458 -1.0073185e-05
-3.1042075 14.543076 -1.001358e-05
-3.0658708 14.54185 -1.013279e-05
-3.0160246 14.539373 -1.0162592e-05
-2.9823091 14.533563 -1.013279e-05
-2.9388261 14.537756 -1.0251999e-05
-2.8966095 14.541785 -1.0269029e-05
-2.8655713 14.53619 -1.0311604e-05
-2.8235004 14.539805 -1.0341406e-05
-2.7799332 14.540581 -1.0401011e-05
-2.7377274 14.541333 -1.0430813e-05
-2.6967366 14.538486 -1.0460615e-05
-2.6570706 14.539246 -1.0460615e-05
-2.6185887 14.539982 -1.0525187e-05
-2.5812383 14.540699 -1.0579824e-05
-2.5449708 14.541393 -1.0579824e-05
-2.5011396 14.542233 -1.0629495e-05
-2.4586647 14.539796 -1.0639429e-05
-2.4178195 14.540635 -1.0708968e-05
-2.3781905 14.538308 -1.0699034e-05
-2.3400359 14.539144 -1.0768573e-05
-2.295841 14.540109 -1.0768573e-05
-2.2596979 14.5393 -1.0843461e-05
-2.2258322 14.538708 -1.0887782e-05
-2.1818469 14.541098 -1.090765e-05
-2.138123 14.539329 -1.090765e-05
-2.097841 14.540687 -1.0988929e-05
-2.0590968 14.541268 -1.1053578e-05
-2.0202346 14.53935 -1.1086464e-05
-1.9805909 14.540609 -1.1100372e-05
-1.9375867 14.538986 -1.1100372e-05
-1.89846 14.538865 -1.1179596e-05
-1.8603504 14.539907 -1.1218712e-05
-1.8189312 14.540522 -1.1242018e-05
-1.7801234 14.539776 -1.1280179e-05
-3.969707 14.577841 -9.2387199e-06
-3.9257431 14.577962 -9.4175339e-06
-3.8827605 14.578081 -9.3579292e-06
-3.8407285 14.578197 -9.3579292e-06
-3.7996151 14.578312 -9.4771385e-06
-3.7463462 14.581772 -9.5168753e-06
-3.6942623 14.575292 -9.5963478e-06
-3.6437714 14.578743 -9.5963478e-06
-3.6068296 14.578847 -9.6559525e-06
-3.5706451 14.578946 -9.6559525e-06
-3.5351951 14.579044 -9.6559525e-06
-3.5004582 14.579141 -9.7751617e-06
-3.4664123 14.579235 -9.7155571e-06
-3.4190578 14.581309 -9.7836764e-06
-3.374577 14.57677 -9.8347664e-06
-3.336745 14.579595 -9.9539757e-06
-3.3058643 14.57968 -9.894371e-06
-3.2606952 14.579806 -9.9539757e-06
-3.2166378 14.579927 -9.9539757e-06
-3.1824133 14.582544 -1.0025501e-05
-3.1440136 14.578328 -1.0073185e-05
-3.105072 14.580236 -1.0147691e-05
-3.063803 14.578098 -1.013279e-05
-3.0137246 14.576485 -1.0162592e-05
-2.9762042 14.57664 -1.013279e-05
-2.9397337 14.576792 -1.0251999e-05
-2.8914361 14.579078 -1.0284511e-05
-2.8580329 14.580922 -1.0311604e-05
-2.8244584 14.581017 -1.0366241e-05
-2.7808759 14.581136 -1.0401011e-05
-2.7386551 14.581253 -1.0430813e-05
-2.6977339 14.581367 -1.0460615e-05
-2.6580527 14.581475 -1.047055e-05
-2.619556 14.581582 -1.0550022e-05
-2.5821912 14.581685 -1.0579824e-05
-2.5459099 14.581787 -1.0579824e-05
-2.5020621 14.581909 -1.0629495e-05
-2.4596465 14.582026 -1.065433e-05
-2.4187846 14.58214 -1.0708968e-05
-2.3791389 14.57911 -1.0699034e-05
-2.3409691 14.579266 -1.0768573e-05
-2.2967558 14.579451 -1.0796955e-05
-2.254952 14.58051 -1.0868907e-05
-2.2178111 14.580724 -1.0904339e-05
-2.1780469 14.578553 -1.090765e-05
-2.1359317 14.580114 -1.090765e-05
-2.0993054 14.580267 -1.0987123e-05
-2.0582287 14.58044 -1.1056662e-05
-2.0187135 14.580602 -1.1086464e-05
-1.9800758 14.579385 -1.1102358e-05
-1.9391809 14.578393 -1.1116266e-05
-1.8993846 14.578611 -1.1190772e-05
-1.861255 14.578818 -1.1220574e-05
-1.8202595 14.579046 -1.1241436e-05
-1.7787242 14.580294 -1.1286802e-05
-3.9267192 14.619953 -9.4175339e-06
-3.8837261 14.619602 -9.3579292e-06
-3.8416836 14.619261 -9.4473362e-06
-3.8005593 14.618925 -9.4771385e-06
-3.7604415 14.623619 -9.4771385e-06
-3.7287555 14.615328 -9.5725063e-06
-3.6824098 14.617964 -9.5963478e-06
-3.6446762 14.617657 -9.5963478e-06
-3.6077249 14.617356 -9.6559525e-06
-3.5715311 14.617062 -9.6559525e-06
-3.5360723 14.616773 -9.6559525e-06
-3.501435 14.621158 -9.7751617e-06
-3.4673793 14.620834 -9.7155571e-06
-3.4176285 14.620363 -9.8347664e-06
-3.3691611 14.619901 -9.8347664e-06
-3.3376751 14.619601 -9.9539757e-06
-3.3067856 14.619308 -9.894371e-06
-3.2616036 14.618876 -9.9539757e-06
-3.2175338 14.618459 -9.9539757e-06
-3.1747975 14.618054 -1.0055303e-05
-3.1330845 14.617658 -1.0073185e-05
-3.1059363 14.617398 -1.0192394e-05
-3.0661633 14.61702 -1.013279e-05
-3.0146556 14.616529 -1.0162592e-05
-2.9772151 14.620128 -1.013279e-05
-2.9407318 14.619731 -1.0251999e-05
-2.8945246 14.620965 -1.0306185e-05
-2.8590031 14.622635 -1.0311604e-05
-2.8254166 14.622223 -1.0371208e-05
-2.7818189 14.621689 -1.0401011e-05
-2.7395835 14.621172 -1.0430813e-05
-2.6986477 14.620674 -1.0460615e-05
-2.6589527 14.620188 -1.052022e-05
-2.6204426 14.619716 -1.0550022e-05
-2.5831444 14.622674 -1.0579824e-05
-2.5390577 14.623054 -1.058859e-05
-2.4963031 14.620214 -1.0637136e-05
-2.4605534 14.621007 -1.0669231e-05
-2.4196756 14.620453 -1.0708968e-05
-2.3800879 14.619915 -1.0699034e-05
-2.3419023 14.619393 -1.0768573e-05
-2.2969949 14.620895 -1.0812282e-05
-2.2552037 14.621182 -1.0867913e-05
-2.2142665 14.62057 -1.090765e-05
-2.1748414 14.619982 -1.090765e-05
-2.1368456 14.619412 -1.090765e-05
-2.1002028 14.618864 -1.0987123e-05
-2.0583735 14.61967 -1.1056662e-05
-2.0196364 14.620305 -1.1086464e-05
-1.9817213 14.619686 -1.1112541e-05
-1.9401251 14.619008 -1.1131167e-05
-1.9003088 14.618357 -1.1190772e-05
-1.8618022 14.619599 -1.1221e-05
-1.8211982 14.619442 -1.1241436e-05
-1.7777436 14.618671 -1.1306339e-05
-3.8846915 14.661123 -9.3579292e-06
-3.8426385 14.660322 -9.4771385e-06
-3.8015037 14.659539 -9.4771385e-06
-3.7612588 14.658773 -9.4771385e-06
-3.7218747 14.658023 -9.5963478e-06
-3.6833243 14.657289 -9.5963478e-06
-3.6455808 14.656569 -9.5963478e-06
-3.6087322 14.66068 -9.6559525e-06
-3.5725281 14.65994 -9.6559525e-06
-3.5370593 14.659216 -9.7513202e-06
-3.5024118 14.663176 -9.7751617e-06
-3.4683466 14.662434 -9.7155571e-06
-3.4185815 14.661348 -9.8347664e-06
-3.3701005 14.660294 -9.8347664e-06
-3.3386054 14.659608 -9.9539757e-06
-3.3077068 14.658935 -9.894371e-06
-3.2609148 14.660316 -9.9605986e-06
-3.2185295 14.661273 -9.9539757e-06
-3.1757793 14.660283 -1.0073185e-05
-3.1340532 14.659317 -1.0073185e-05
-3.0950811 14.660234 -1.0165903e-05
-3.0583096 14.654839 -1.013279e-05
-3.0155869 14.656576 -1.0162592e-05
-2.9782267 14.663614 -1.0228157e-05
-2.9417305 14.662671 -1.0251999e-05
-2.8944087 14.661448 -1.0311604e-05
-2.8598845 14.660555 -1.0311604e-05
-2.8262877 14.659685 -1.0371208e-05
-2.7826757 14.658557 -1.0401011e-05
-2.7405119 14.661094 -1.0460615e-05
-2.6995618 14.659978 -1.0460615e-05
-2.659853 14.658896 -1.052022e-05
-2.6213291 14.657849 -1.0550022e-05
-2.584018 14.660246 -1.0579824e-05
-2.5389283 14.66231 -1.0589759e-05
-2.4952562 14.661 -1.0639429e-05
-2.4614594 14.659989 -1.0669231e-05
-2.4205663 14.658763 -1.0708968e-05
-2.3810365 14.660719 -1.0724579e-05
-2.3428349 14.659521 -1.0768573e-05
-2.2993922 14.660063 -1.0804126e-05
-2.2553954 14.660832 -1.0866868e-05
-2.215215 14.661345 -1.090765e-05
-2.1757717 14.660002 -1.090765e-05
-2.137759 14.658708 -1.0930356e-05
-2.1006222 14.659355 -1.0987987e-05
-2.0608466 14.660044 -1.1056662e-05
-2.0205598 14.660008 -1.1092141e-05
-1.9821564 14.660597 -1.1144146e-05
-1.9410691 14.659622 -1.1131167e-05
-1.9008067 14.658759 -1.1191223e-05
-1.8605152 14.661774 -1.1218222e-05
-1.8195529 14.658702 -1.126698e-05
-1.7787138 14.660378 -1.1312962e-05
-3.7621932 14.698947 -9.4771385e-06
-3.7227991 14.697768 -9.5963478e-06
-3.6842387 14.696611 -9.5963478e-06
-3.6465988 14.700346 -9.6201893e-06
-3.6097395 14.704002 -9.6559525e-06
-3.5735252 14.702818 -9.6559525e-06
-3.5380464 14.701658 -9.7751617e-06
-3.5032804 14.700523 -9.7751617e-06
-3.4692063 14.69941 -9.7155571e-06
-3.4176676 14.700243 -9.8347664e-06
-3.3710396 14.700686 -9.8347664e-06
-3.3395355 14.699614 -9.9539757e-06
-3.3086281 14.698563 -9.894371e-06
-3.2651188 14.699001 -9.9804665e-06
-3.219425 14.699804 -9.9539757e-06
-3.1767612 14.702515 -1.0073185e-05
-3.1350219 14.700979 -1.0073185e-05
-3.0945125 14.699491 -1.0162592e-05
-3.0549474 14.698036 -1.0156631e-05
-3.0165181 14.696622 -1.0162592e-05
-2.9791462 14.703148 -1.0251999e-05
-2.9426379 14.701708 -1.0251999e-05
-2.8953009 14.699837 -1.0311604e-05
-2.8607662 14.698474 -1.0311604e-05
-2.8261983 14.699142 -1.0371208e-05
-2.7836192 14.699111 -1.0425846e-05
-2.7414398 14.701014 -1.0460615e-05
-2.7004752 14.699285 -1.0460615e-05
-2.6608346 14.701126 -1.052022e-05
-2.6222963 14.699449 -1.0550022e-05
-2.5848916 14.697819 -1.0579824e-05
-2.5387933 14.701516 -1.0592096e-05
-2.4961755 14.700535 -1.0639429e-05
-2.4623659 14.69897 -1.0669231e-05
-2.4207022 14.699266 -1.0740757e-05
-2.3819854 14.70152 -1.0728836e-05
-2.3437679 14.699646 -1.0768573e-05
-2.2995701 14.700502 -1.0819662e-05
-2.2577128 14.699277 -1.0868907e-05
-2.2154708 14.701205 -1.090765e-05
-2.1767025 14.700024 -1.0921842e-05
-2.1381316 14.698989 -1.0950999e-05
-2.1026495 14.700593 -1.0986219e-05
-2.0604148 14.699979 -1.10618e-05
-2.0214829 14.69971 -1.1126201e-05
-1.9835956 14.700126 -1.1148056e-05
-1.9420139 14.700236 -1.1131167e-05
-1.9020512 14.699712 -1.1189418e-05
-1.8594576 14.700137 -1.1235476e-05
-1.8185931 14.699947 -1.1280179e-05
-1.7790473 14.700711 -1.1313529e-05
-3.6106348 14.742511 -9.6559525e-06
-3.5744112 14.740933 -9.6559525e-06
-3.5389235 14.739386 -9.7751617e-06
-3.504149 14.737872 -9.7751617e-06
-3.4701736 14.741008 -9.7155571e-06
-3.4222484 14.740867 -9.8347664e-06
-3.3719788 14.741079 -9.8794699e-06
-3.3404658 14.739621 -9.9539757e-06
-3.3095493 14.73819 -9.894371e-06
-3.2644298 14.740438 -9.983778e-06
-3.2203209 14.738337 -9.9539757e-06
-3.1776447 14.74052 -1.0073185e-05
-3.1359904 14.74264 -1.0085106e-05
-3.095468 14.740599 -1.0162592e-05
-3.055891 14.738605 -1.0192394e-05
-3.0163481 14.738784 -1.0159883e-05
-2.9800651 14.742682 -1.0251999e-05
-2.9435458 14.740743 -1.0251999e-05
-2.8961933 14.73823 -1.0311604e-05
-2.8617363 14.740186 -1.0391076e-05
-2.829164 14.740107 -1.0371208e-05
-2.7845616 14.739665 -1.0430813e-05
-2.742368 14.740933 -1.0460615e-05
-2.7013893 14.738591 -1.0465582e-05
-2.6617346 14.73984 -1.052022e-05
-2.6232636 14.741047 -1.0550022e-05
-2.5858448 14.738807 -1.0579824e-05
-2.5407476 14.740555 -1.0589759e-05
-2.4970949 14.74007 -1.0689099e-05
-2.4632721 14.737952 -1.0669231e-05
-2.4233186 14.740644 -1.0750796e-05
-2.3796165 14.741631 -1.0728836e-05
-2.3430748 14.738029 -1.0772756e-05
-2.2997506 14.740901 -1.0844909e-05
-2.2579639 14.739915 -1.0867913e-05
-2.2170455 14.739967 -1.0925532e-05
-2.1776333 14.740046 -1.0927518e-05
-2.1396494 14.740096 -1.094558e-05
-2.1030231 14.740166 -1.0995638e-05
-2.061929 14.739776 -1.107057e-05
-2.0162191 14.740333 -1.1148056e-05
-1.9796317 14.739462 -1.1125337e-05
-1.9424502 14.740236 -1.113261e-05
-1.9031383 14.740067 -1.1205673e-05
-1.8597207 14.739929 -1.1253925e-05
-1.8195297 14.740234 -1.1280179e-05
-1.7811562 14.740061 -1.1312407e-05
-3.3413956 14.779628 -9.9539757e-06
-3.2991679 14.780422 -9.9167228e-06
-3.2563434 14.77636 -1.000166e-05
-3.2213166 14.781148 -9.9539757e-06
-3.1785285 14.778528 -1.0073185e-05
-3.1368623 14.780135 -1.013279e-05
-3.0964241 14.781708 -1.0162592e-05
-3.056834 14.779173 -1.0192394e-05
-3.0184727 14.780701 -1.0162592e-05
-2.9809842 14.782216 -1.0251999e-05
-2.9444535 14.779779 -1.026988e-05
-2.896076 14.778634 -1.0311604e-05
-2.8543184 14.784133 -1.0408461e-05
-2.8242474 14.77601 -1.0371208e-05
-2.7855051 14.78022 -1.0430813e-05
-2.7432964 14.780856 -1.0460615e-05
-2.7014313 14.779771 -1.0495836e-05
-2.6626348 14.778549 -1.052022e-05
-2.6233306 14.780999 -1.0550022e-05
-2.5867975 14.779796 -1.0579824e-05
-2.5416837 14.780803 -1.0589759e-05
-2.498014 14.779603 -1.0699034e-05
-2.4635775 14.778625 -1.0669231e-05
-2.4233868 14.780087 -1.0748704e-05
-2.3768857 14.780344 -1.0728836e-05
-2.3380864 14.77926 -1.0788441e-05
-2.3021433 14.780151 -1.0851026e-05
-2.2582116 14.78051 -1.0886788e-05
-2.2179685 14.779774 -1.0927518e-05
-2.1785634 14.780067 -1.0927518e-05
-2.1405869 14.780327 -1.0970093e-05
-2.0991344 14.781137 -1.1022444e-05
-2.0599329 14.777974 -1.1069079e-05
-2.0186048 14.779876 -1.1144081e-05
-1.9801164 14.780049 -1.1126201e-05
-1.9438727 14.780189 -1.1153519e-05
-1.9014113 14.780897 -1.1218919e-05
-1.8592741 14.779159 -1.1257223e-05
-1.8199176 14.779351 -1.1281056e-05
-1.7809012 14.779922 -1.1313793e-05
-3.1377342 14.81763 -1.013279e-05
-3.0958529 14.820867 -1.015928e-05
-3.0577776 14.819745 -1.0192394e-05
-3.0194042 14.820747 -1.0198355e-05
-2.9819036 14.82175 -1.0251999e-05
-2.9453609 14.818815 -1.0281801e-05
-2.8991675 14.820675 -1.0311604e-05
-2.8523135 14.818883 -1.0401011e-05
-2.8189394 14.819837 -1.0371208e-05
-2.786448 14.820773 -1.0430813e-05
-2.7442248 14.820775 -1.0490417e-05
-2.7041726 14.8189 -1.0484999e-05
-2.6636167 14.820778 -1.052022e-05
-2.6259367 14.81896 -1.0550022e-05
-2.5797138 14.82103 -1.0571059e-05
-2.5351701 14.819229 -1.060466e-05
-2.4989331 14.819138 -1.0699034e-05
-2.4578149 14.820486 -1.0713151e-05
-2.4156232 14.819254 -1.0733421e-05
-2.3770378 14.820012 -1.0728836e-05
-2.3390162 14.819253 -1.0788441e-05
-2.3016379 14.820562 -1.0883808e-05
-2.2598305 14.820044 -1.0886788e-05
-2.2195611 14.819555 -1.0925532e-05
-2.1794941 14.820087 -1.0950224e-05
-2.1420882 14.82054 -1.098351e-05
-2.0991476 14.820107 -1.1026859e-05
-2.0575058 14.819248 -1.1065732e-05
-2.0182738 14.820147 -1.1146069e-05
-1.9769667 14.821671 -1.1141811e-05
-1.9408369 14.819588 -1.1185805e-05
-1.8996572 14.819006 -1.12179e-05
-1.8580037 14.820209 -1.1267084e-05
-1.8218971 14.819627 -1.1286314e-05
-1.7824321 14.820232 -1.1324883e-05
-3.020335 14.860792 -1.0251999e-05
-2.9828227 14.861282 -1.0251999e-05
-2.9462686 14.857851 -1.0281801e-05
-2.8990498 14.861078 -1.0311604e-05
-2.8522139 14.858601 -1.0398301e-05
-2.8198938 14.860878 -1.0418892e-05
-2.7863743 14.859547 -1.0430813e-05
-2.7451527 14.860693 -1.0490417e-05
-2.7042143 14.860084 -1.0490417e-05
-2.6636705 14.861309 -1.0550022e-05
-2.626004 14.858912 -1.0550022e-05
-2.579566 14.860775 -1.056989e-05
-2.5346098 14.859203 -1.0609627e-05
-2.4998529 14.858672 -1.0699034e-05
-2.4578722 14.860448 -1.0728836e-05
-2.4178109 14.860503 -1.0724251e-05
-2.3771853 14.85964 -1.0728836e-05
-2.3394084 14.860829 -1.085263e-05
-2.3040378 14.859866 -1.088569e-05
-2.261441 14.859616 -1.0886788e-05
-2.2198195 14.859389 -1.0927518e-05
-2.1804247 14.860109 -1.0967255e-05
-2.142458 14.860802 -1.0987123e-05
-2.100491 14.859986 -1.1037136e-05
-2.0594635 14.859615 -1.1067499e-05
-2.0197477 14.860394 -1.1152029e-05
-1.9765766 14.860154 -1.1176832e-05
-1.9356142 14.859936 -1.1190772e-05
-1.8966749 14.859737 -1.1220123e-05
-1.8580918 14.860119 -1.1265278e-05
-1.8181447 14.860323 -1.1326336e-05
-1.7798125 14.860208 -1.1326538e-05
-3.02108 14.892829 -1.0251999e-05
-2.98365 14.896864 -1.0251999e-05
-2.9461296 14.89889 -1.0284511e-05
-2.8999426 14.899469 -1.0335445e-05
-2.8552227 14.900016 -1.040372e-05
-2.8207612 14.898189 -1.0430813e-05
-2.789264 14.899976 -1.0430813e-05
-2.7450953 14.898849 -1.0490417e-05
-2.7042551 14.901221 -1.0506673e-05
-2.6663446 14.899901 -1.0577115e-05
-2.6269712 14.900512 -1.0550022e-05
-2.5794108 14.900471 -1.0567553e-05
-2.5355422 14.899307 -1.0609627e-05
-2.5007718 14.898208 -1.0699034e-05
-2.457932 14.900363 -1.0731973e-05
-2.4181225 14.900332 -1.0728836e-05
-2.3797188 14.900294 -1.0766481e-05
-2.341485 14.900732 -1.0843461e-05
-2.3034668 14.899221 -1.0889768e-05
-2.2609711 14.899203 -1.0889768e-05
-2.2207675 14.900164 -1.0927518e-05
-2.1813552 14.90013 -1.0967255e-05
-2.1433713 14.900097 -1.1004153e-05
-2.1001832 14.899804 -1.1057689e-05
-2.0593834 14.900019 -1.1076098e-05
-2.0206599 14.899983 -1.1175871e-05
-1.9778453 14.900168 -1.1176832e-05
-1.9363785 14.899691 -1.1190291e-05
-1.8967459 14.900479 -1.1220123e-05
-1.8592972 14.900037 -1.128334e-05
-1.8186406 14.899658 -1.1334817e-05
-1.7800386 14.900546 -1.1323129e-05
-2.936209 14.942238 -1.0311604e-05
-2.8998239 14.939816 -1.0376627e-05
-2.8551235 14.939735 -1.0401011e-05
-2.8163376 14.942233 -1.0430813e-05
-2.785605 14.938267 -1.0430813e-05
-2.7479105 14.938674 -1.0490417e-05
-2.7069983 14.940436 -1.0550022e-05
-2.6663988 14.940431 -1.0579824e-05
-2.6247907 14.941655 -1.0554989e-05
-2.580313 14.939274 -1.0609627e-05
-2.5364747 14.939411 -1.0609627e-05
-2.501071 14.939413 -1.0701327e-05
-2.4597285 14.940282 -1.0728836e-05
-2.4184337 14.940125 -1.0779271e-05
-2.3790143 14.939906 -1.0766481e-05
-2.3397501 14.941957 -1.0852303e-05
-2.3043482 14.938643 -1.0888827e-05
-2.2626109 14.939766 -1.0887782e-05
-2.2210219 14.939949 -1.0928512e-05
-2.182286 14.940152 -1.0975769e-05
-2.1427143 14.941053 -1.102945e-05
-2.1008527 14.939038 -1.1063048e-05
-2.0613422 14.940424 -1.1105429e-05
-2.0214245 14.940224 -1.117491e-05
-1.9780939 14.940168 -1.117491e-05
-1.9374632 14.939461 -1.1190772e-05
-1.8981166 14.940647 -1.123175e-05
-1.8605056 14.939977 -1.1295983e-05
-1.819988 14.939839 -1.1338744e-05
-1.7782749 14.941221 -1.1332333e-05
-2.9371126 14.981112 -1.0311604e-05
-2.9018168 14.980075 -1.0371208e-05
-2.8550229 14.979409 -1.0398301e-05
-2.8107913 14.980591 -1.0430813e-05
-2.7794602 14.981424 -1.0550022e-05
-2.7469506 14.978662 -1.0490417e-05
-2.7060823 14.979809 -1.0550022e-05
-2.6664517 14.980918 -1.0582534e-05
-2.6194305 14.979931 -1.0586447e-05
-2.5723572 14.980164 -1.0615046e-05
-2.5374072 14.979512 -1.0609627e-05
-2.5026863 14.980557 -1.0699034e-05
-2.4606524 14.980208 -1.0753933e-05
-2.4199717 14.979862 -1.0788441e-05
-2.380743 14.979535 -1.0772756e-05
-2.3353791 14.980992 -1.0868907e-05
-2.2993598 14.979131 -1.090765e-05
-2.263557 14.980331 -1.0886788e-05
-2.2226181 14.979756 -1.0933195e-05
-2.1832161 14.980174 -1.0987123e-05
-2.1390834 14.980303 -1.104176e-05
-2.0966897 14.980434 -1.1083873e-05
-2.0612197 14.979886 -1.1105429e-05
-2.0221696 14.980491 -1.1177858e-05
-1.9798691 14.979498 -1.1175871e-05
-1.9384024 14.979855 -1.1207536e-05
-1.8990356 14.980184 -1.1235476e-05
-1.8608766 14.979884 -1.1294177e-05
-1.8205091 14.980027 -1.1334817e-05
-1.7773259 14.979995 -1.1363695e-05
-2.9380164 15.019983 -1.0311604e-05
-2.9038112 15.020382 -1.0365789e-05
-2.8580339 15.020914 -1.0436232e-05
-2.8137219 15.02143 -1.0430813e-05
-2.780314 15.018146 -1.0550022e-05
-2.7497675 15.018543 -1.0490417e-05
-2.708827 15.019076 -1.0550022e-05
-2.6691275 15.019592 -1.0577115e-05
-2.6203725 15.020228 -1.058859e-05
-2.5740879 15.019126 -1.0609627e-05
-2.5383394 15.019616 -1.0624528e-05
-2.5036051 15.020091 -1.0699034e-05
-2.461585 15.020135 -1.0768573e-05
-2.4215105 15.019629 -1.0788441e-05
-2.3816957 15.020203 -1.078248e-05
-2.3362994 15.020855 -1.0888827e-05
-2.2997549 15.019876 -1.090765e-05
-2.264497 15.020897 -1.0899135e-05
-2.2235663 15.020531 -1.0947387e-05
-2.1834774 15.019198 -1.0988117e-05
-2.1399941 15.019481 -1.104176e-05
-2.0976224 15.020632 -1.1086464e-05
-2.0592084 15.021099 -1.1113973e-05
-2.0212958 15.018468 -1.1178164e-05
-1.9804492 15.01952 -1.1179596e-05
-1.9393415 15.020249 -1.1235476e-05
-1.8998212 15.020319 -1.1236379e-05
-1.8625088 15.020402 -1.129508e-05
-1.8218527 15.019755 -1.1358942e-05
-1.77864 15.019644 -1.1373398e-05
-1.7373524 15.019552 -1.1419708e-05
-2.9389203 15.058855 -1.0311604e-05
-2.9036918 15.060712 -1.039505e-05
-2.8579335 15.06059 -1.0460615e-05
-2.8136392 15.060471 -1.0430813e-05
-2.7742727 15.060954 -1.0530154e-05
-2.7444921 15.055733 -1.0490417e-05
-2.7088668 15.060187 -1.0550022e-05
-2.6619761 15.062235 -1.0572374e-05
-2.6158586 15.058187 -1.0601112e-05
-2.5750341 15.059817 -1.0619561e-05
-2.5392721 15.059719 -1.0639429e-05
-2.5045249 15.059627 -1.0699034e-05
-2.4624882 15.05898 -1.0771884e-05
-2.4212439 15.060999 -1.0788441e-05
-2.3826342 15.060868 -1.08104e-05
-2.3372326 15.060715 -1.0892749e-05
-2.3001494 15.060592 -1.090765e-05
-2.2654145 15.060473 -1.0926473e-05
-2.2244945 15.060336 -1.0949373e-05
-2.1850328 15.058297 -1.0987123e-05
-2.1405253 15.060055 -1.1042754e-05
-2.0985334 15.059913 -1.1089173e-05
-2.0583091 15.059774 -1.1114279e-05
-2.0188613 15.059645 -1.1190124e-05
-1.981029 15.059514 -1.120766e-05
-1.9402813 15.060643 -1.1235476e-05
-1.9009027 15.060484 -1.1235476e-05
-1.8590784 15.060957 -1.1314184e-05
-1.8184947 15.058558 -1.1370863e-05
-1.7795808 15.060223 -1.1372566e-05
-1.7386485 15.059603 -1.1422899e-05
-2.9398239 15.097727 -1.0311604e-05
-2.9035714 15.100997 -1.0430813e-05
-2.8578317 15.100217 -1.0463325e-05
-2.813555 15.099465 -1.0430813e-05
-2.7706733 15.098736 -1.051751e-05
-2.7353141 15.10443 -1.0505319e-05
-2.7016318 15.101092 -1.0550022e-05
-2.6576233 15.0988 -1.0575567e-05
-2.6128156 15.101205 -1.0609627e-05
-2.5759802 15.100505 -1.0669231e-05
-2.5402043 15.099823 -1.0639429e-05
-2.4991455 15.101893 -1.0721385e-05
-2.4592443 15.097458 -1.0792166e-05
-2.4227829 15.100766 -1.0788441e-05
-2.3827491 15.100523 -1.08104e-05
-2.3381529 15.100578 -1.0926473e-05
-2.2961173 15.101349 -1.0924206e-05
-2.2619457 15.0984 -1.0915101e-05
-2.2254171 15.10014 -1.0947387e-05
-2.1793826 15.099382 -1.0996029e-05
-2.1356854 15.100952 -1.1046727e-05
-2.0989332 15.100129 -1.1086464e-05
-2.0584869 15.100045 -1.1122227e-05
-2.0193222 15.100022 -1.1205673e-05
-1.9823093 15.099516 -1.1205673e-05
-1.9407172 15.10041 -1.1234514e-05
-1.901822 15.10002 -1.1239201e-05
-1.8595179 15.100128 -1.1334817e-05
-1.8189436 15.099655 -1.1370863e-05
-1.780512 15.100336 -1.1371715e-05
-1.7395898 15.100092 -1.1448065e-05
-2.9408185 15.140485 -1.0311604e-05
-2.9053872 15.133639 -1.0430813e-05
-2.861254 15.134273 -1.0456358e-05
-2.8168814 15.132974 -1.0447843e-05
-2.7724409 15.133493 -1.052022e-05
-2.7294252 15.134009 -1.0524477e-05
-2.6891439 15.132776 -1.0550022e-05
-2.6514902 15.133375 -1.0602176e-05
-2.6149113 15.133944 -1.0609627e-05
-2.5767684 15.13441 -1.0669231e-05
-2.5409815 15.133242 -1.0639429e-05
-2.4977586 15.13346 -1.0728836e-05
-2.4559388 15.133686 -1.0788441e-05
-2.4209192 15.134068 -1.0795064e-05
-2.3843105 15.132802 -1.0848045e-05
-2.3377788 15.133314 -1.0930575e-05
-2.2952573 15.13273 -1.092599e-05
-2.2594028 15.134391 -1.090765e-05
-2.2261801 15.133147 -1.094433e-05
-2.1807418 15.133537 -1.0998626e-05
-2.1355636 15.13353 -1.1048147e-05
-2.1010787 15.132957 -1.1086464e-05
-2.0596468 15.133615 -1.1146069e-05
-2.0205724 15.133327 -1.1205673e-05
-1.9830894 15.133066 -1.1205673e-05
-1.9426894 15.133225 -1.1236894e-05
-1.9021589 15.133353 -1.1267987e-05
-1.8596138 15.133433 -1.1340336e-05
-1.8198444 15.133241 -1.1368232e-05
-1.7809875 15.133073 -1.1376266e-05
-1.7400903 15.133389 -1.1456424e-05
-2.9418123 15.183245 -1.0311604e-05
-2.9425354 15.214343 -1.0311604e-05
-2.9414637 14.941171 0.021641746
-2.9414179 14.980295 0.021945393
-2.9423373 15.019229 0.021935565
-2.9437456 15.058072 0.021767102
-2.944066 15.098005 0.021360109
-2.9445863 15.140666 0.022645013
-2.9043701 15.153023 0.0004748255
-2.8548594 15.153168 0.00048549971
-2.814261 15.15358 0.00051532686
-2.7748349 15.153966 0.00054323673
-2.7402444 15.152622 0.00044727325
-2.7037308 15.152692 0.00045238732
-2.6553385 15.153865 0.00053676963
-2.6126962 15.153022 0.00047670305
-2.5755649 15.154999 0.00061863661
-2.5400777 15.153497 0.00051119924
-2.5004816 15.152158 0.00041558742
-2.4598842 15.15446 0.0005808234
-2.4229584 15.151831 0.0003926903
-2.3834405 15.153885 0.00054018694
-2.3401866 15.15388 0.00054012024
-2.2947319 15.151932 0.00040084124
-2.2633536 15.154984 0.00061951875
-2.2236464 15.152793 0.00046283007
-2.1789277 15.153768 0.00053309067
-2.137552 15.153176 0.00049096346
-2.0996084 15.153292 0.00049947202
-2.0583794 15.153324 0.00050200359
-2.0216045 15.152773 0.00046283859
-1.9820458 15.153298 0.00050070608
-1.9404538 15.152926 0.00047441124
-1.9030126 15.153399 0.00050839188
-1.8597748 15.153414 0.00050970487
-1.8198124 15.152853 0.00046989592
-1.7814349 15.153096 0.00048743401
-1.7399067 15.153381 0.00050829252
-2.9460309 15.182748 0.021955378
-2.8990312 15.180593 0.0024497688
-2.8553972 15.176617 0.0021652712
-2.8174763 15.180208 0.0024228469
-2.7846451 15.182415 0.0025811121
-2.7467527 15.179132 0.0023461471
-2.7037904 15.180729 0.0024609133
-2.6645837 15.178763 0.0023204142
-2.6235809 15.178105 0.002273509
-2.5802076 15.181586 0.002522907
-2.5374103 15.181962 0.0025502671
-2.501184 15.179077 0.0023439925
-2.4601269 15.179745 0.0023919623
-2.4206996 15.180886 0.002473976
-2.3793325 15.180626 0.0024556362
-2.3386133 15.178316 0.0022904915
-2.303103 15.180872 0.0024738102
-2.2625096 15.180079 0.0024172601
-2.2224281 15.179625 0.0023848594
-2.1830165 15.180178 0.0024247796
-2.1416605 15.17839 0.002297014
-2.0996718 15.181775 0.0025399351
-2.0600002 15.178706 0.0023203094
-2.0206661 15.181072 0.0024899656
-1.979193 15.180399 0.0024420242
-1.9382063 15.180174 0.0024261866
-1.8985679 15.179314 0.002364774
-1.8607082 15.17929 0.0023633314
-1.8201441 15.180326 0.0024379715
-1.7784414 15.179218 0.0023586373
-1.7387938 15.1802 0.002429567
-2.9443278 15.222809 0.021078369
-2.8971431 15.215911 0.0049797636
-2.8641481 15.222717 0.0054675541
-2.823792 15.219539 0.0052400706
-2.7815526 15.21882 0.0051888716
-2.7374804 15.219788 0.0052584303
-2.6984274 15.220962 0.0053426679
-2.6582096 15.22012 0.0052829883
-2.6192071 15.219329 0.0052263518
-2.5835483 15.220455 0.0053072842
-2.5417173 15.218287 0.0051522176
-2.4993157 15.222179 0.0054313382
-2.4608672 15.220421 0.0053056679
-2.4202657 15.22023 0.0052923858
-2.3792388 15.219639 0.0052501145
-2.3420849 15.220813 0.0053346283
-2.2990789 15.219668 0.0052530644
-2.256825 15.219477 0.0052394033
-2.2161589 15.219289 0.0052262456
-2.1768572 15.220078 0.0052829897
-2.139116 15.219888 0.0052695218
-2.1008239 15.218488 0.0051693888
-2.0601764 15.221256 0.0053682704
-2.019299 15.219081 0.0052126371
-1.9807389 15.220079 0.005284484
-1.9417174 15.220906 0.0053439457
-1.9008889 15.219029 0.0052096895
-1.8590789 15.220737 0.0053324103
-1.8192217 15.218855 0.0051976442
-1.7804638 15.221052 0.005355665
-1.7407794 15.220002 0.0052804905
-2.9463887 15.260146 0.021524105
-2.9052172 15.261907 0.0082745887
-2.8606148 15.260912 0.008203405
-2.8172524 15.259533 0.0081051318
-2.7733209 15.258055 0.0079995338
-2.7372918 15.260129 0.0081483126
-2.6986494 15.259644 0.0081137661
-2.6590359 15.262432 0.0083138067
-2.6150668 15.260962 0.0082088346
-2.5754366 15.258454 0.0080294125
-2.5399313 15.260646 0.0081866086
-2.5009172 15.25744 0.0079571884
-2.4604845 15.261764 0.0082671829
-2.4188766 15.257981 0.0079965247
-2.3814363 15.261358 0.0082386658
-2.3377998 15.259801 0.0081274249
-2.2985902 15.259351 0.008095406
-2.2630663 15.2615 0.0082495082
-2.2237554 15.259994 0.0081418781
-2.1820376 15.259515 0.0081079677
-2.139148 15.260056 0.0081470991
-2.0978506 15.260419 0.0081731388
-2.0597341 15.258171 0.0080124931
-2.0210261 15.26118 0.0082281698
-1.9797846 15.259701 0.0081226323
-1.9385003 15.260321 0.0081672398
-1.8992145 15.26028 0.0081645921
-1.8606184 15.259282 0.0080934521
-1.8196372 15.260263 0.0081639271
-1.7788792 15.259175 0.0080863563
-1.7390637 15.259634 0.0081193568
-2.9483325 15.299569 0.022086997
-2.8977511 15.30135 0.011100005
-2.8548462 15.297509 0.010825151
-2.819433 15.30096 0.011072601
-2.7867508 15.300916 0.011069464
-2.7444084 15.300695 0.011054128
-2.7033727 15.300495 0.011040012
-2.6635871 15.300306 0.011026859
-2.6249986 15.300118 0.011013582
-2.5824442 15.2977 0.010840535
-2.5382185 15.302939 0.011216263
-2.4988859 15.297844 0.010851433
-2.4600098 15.2982 0.01087718
-2.4214311 15.301787 0.011134427
-2.3784254 15.29844 0.010894978
-2.3412759 15.301779 0.011134229
-2.3023243 15.29987 0.010998023
-2.258307 15.300084 0.011013577
-2.2180088 15.300382 0.01103509
-2.1791809 15.300653 0.011054915
-2.140646 15.299916 0.011002259
-2.1010394 15.298253 0.01088346
-2.0600824 15.301298 0.011101872
-2.0185905 15.299353 0.010962624
-1.9783888 15.299135 0.010947419
-1.940588 15.300273 0.011029029
-1.9005231 15.300163 0.0110216
-1.859321 15.301285 0.0111021
-1.8201423 15.298885 0.010930563
-1.7812042 15.300282 0.011030812
-1.7406319 15.299866 0.011001345
-2.9471631 15.338613 0.018875401
-2.8965328 15.338539 0.013763989
-2.8635852 15.343891 0.014147441
-2.8232856 15.338956 0.013794208
-2.7784975 15.339902 0.013862214
-2.7370155 15.341004 0.013941641
-2.6962194 15.34019 0.013883513
-2.6566653 15.339394 0.013826634
-2.6188345 15.340473 0.013904219
-2.5799417 15.339507 0.01383529
-2.5424819 15.339397 0.013827732
-2.4995594 15.340133 0.01388073
-2.4581668 15.340324 0.013894871
-2.41837 15.339458 0.013833039
-2.3794961 15.341215 0.013959
-2.339762 15.340032 0.01387452
-2.2968011 15.337797 0.013714899
-2.2600832 15.340467 0.013906323
-2.221751 15.340138 0.013882929
-2.1803658 15.340078 0.013878944
-2.1382172 15.340686 0.013922694
-2.0986576 15.340011 0.013874549
-2.0591903 15.338781 0.013786774
-2.0212188 15.341747 0.01399962
-1.9805504 15.340194 0.013888635
-1.9387046 15.339682 0.013852108
-1.8994671 15.340466 0.013908569
-1.8602105 15.339105 0.013811239
-1.8190836 15.340963 0.013944891
-1.7783102 15.33849 0.013767766
-1.739423 15.339845 0.013865235
-2.9478436 15.376174 0.021010322
-2.903389 15.382601 0.016920142
-2.8600574 15.381844 0.016866099
-2.8154202 15.380322 0.016757548
-2.7737043 15.377165 0.01653162
-2.7377107 15.379783 0.016719431
-2.7011118 15.379358 0.016689213
-2.6623609 15.381096 0.016813898
-2.6191888 15.38045 0.016768018
-2.575948 15.380212 0.01675107
-2.5375149 15.38105 0.016811481
-2.5026181 15.37973 0.01671725
-2.4603014 15.378923 0.016659571
-2.4188373 15.381362 0.016834497
-2.3803177 15.379576 0.016706834
-2.339608 15.378724 0.016646134
-2.302496 15.380758 0.016792113
-2.261868 15.380836 0.01679788
-2.2194705 15.379458 0.016699642
-2.1802251 15.381157 0.016821655
-2.1428626 15.379043 0.016670268
-2.1001203 15.379133 0.016677257
-2.0605142 15.380765 0.016794147
-2.0186889 15.379283 0.01668814
-1.9797021 15.380057 0.016743908
-1.9401146 15.3794 0.016697187
-1.8996127 15.380491 0.016775627
-1.8584058 15.381042 0.016815327
-1.820598 15.379609 0.0167131
-1.7807835 15.380525 0.016779007
-1.7397341 15.379487 0.016705031
-2.9529665 15.420171 0.021524008
-2.8993249 15.418172 0.019468188
-2.8561108 15.4169 0.019377328
-2.8245118 15.424041 0.019889126
-2.7849905 15.420239 0.019617129
-2.7433376 15.420101 0.019607455
-2.7017252 15.421638 0.019717803
-2.6620321 15.419604 0.019572502
-2.6223755 15.419248 0.019547176
-2.5836635 15.417914 0.019451976
-2.5397537 15.420968 0.019670803
-2.4968355 15.4222 0.019759417
-2.4623377 15.417563 0.019427463
-2.4209142 15.419318 0.019553538
-2.3792863 15.419419 0.019561065
-2.3417559 15.420534 0.019641072
-2.2987828 15.420593 0.019645598
-2.2556484 15.418477 0.019494465
-2.2172141 15.418712 0.019511322
-2.1775055 15.421649 0.019722247
-2.1376169 15.42105 0.019679399
-2.10004 15.419248 0.019550571
-2.0593276 15.418783 0.019517416
-2.0206652 15.421749 0.01973038
-1.9812254 15.419964 0.019602532
-1.9396495 15.419595 0.01957646
-1.8992112 15.421085 0.019683471
-1.8611265 15.418463 0.019495785
-1.8195047 15.42068 0.019654969
-1.7792065 15.419668 0.019582843
-1.7396895 15.418963 0.019532634
-2.949054 15.463091 0.023096221
-2.8976312 15.456465 0.022211254
-2.8647175 15.463974 0.022749364
-2.8227806 15.458084 0.022327762
-2.7786653 15.45905 0.022397196
-2.7359569 15.459986 0.02246446
-2.6945894 15.46089 0.022529608
-2.6551263 15.458262 0.022341574
-2.6162376 15.459167 0.022406602
-2.5785151 15.460044 0.02246972
-2.5419066 15.460895 0.022530938
-2.5014842 15.459885 0.022458879
-2.4595807 15.461878 0.022601973
-2.4196696 15.458605 0.022367693
-2.3814793 15.461164 0.022551281
-2.3375478 15.458645 0.022371121
-2.2993755 15.460122 0.022477265
-2.2629521 15.459414 0.022426546
-2.222131 15.459637 0.022442844
-2.1820416 15.460732 0.02252168
-2.1414945 15.460162 0.022481065
-2.0998838 15.460733 0.022522343
-2.0606852 15.460572 0.022510994
-2.0196311 15.459932 0.022465367
-1.9776031 15.457911 0.02232117
-1.9398347 15.459843 0.02245965
-1.8997908 15.461101 0.022549922
-1.8587046 15.461086 0.022549165
-1.8205081 15.45962 0.022444334
-1.7805258 15.460129 0.022481266
-1.7399161 15.459382 0.022427918
-2.9508536 15.501998 0.029035922
-2.9046588 15.503942 0.025612142
-2.8595006 15.502481 0.025507718
-2.8149261 15.499017 0.025259957
-2.7753546 15.49566 0.025019679
-2.7409806 15.499897 0.025323451
-2.7030659 15.500787 0.025387395
-2.6641107 15.500076 0.025336871
-2.6214931 15.499393 0.025288148
-2.577976 15.501641 0.025449395
-2.5369761 15.502219 0.0254912
-2.4997768 15.501184 0.025417283
-2.4607394 15.499536 0.025299506
-2.4203722 15.503646 0.025594171
-2.378474 15.497833 0.025178047
-2.3416307 15.501388 0.02543284
-2.3007445 15.499547 0.025301268
-2.2576778 15.499903 0.025326973
-2.2162647 15.500242 0.025351712
-2.1764119 15.500572 0.025375506
-2.1380327 15.500888 0.025398416
-2.1010466 15.501192 0.025420507
-2.0590112 15.500121 0.025343899
-2.0193036 15.498518 0.025229478
-1.9813033 15.500193 0.025349814
-1.9400251 15.500007 0.025336567
-1.8999757 15.50039 0.025364393
-1.8609875 15.50026 0.025355415
-1.8194158 15.500547 0.025376067
-1.7788566 15.498158 0.025205119
-1.7401357 15.499816 0.025324162
-2.9529614 15.540893 0.030202286
-2.8987126 15.540441 0.02822662
-2.8555605 15.537287 0.028001025
-2.8240056 15.543036 0.028413024
-2.7851522 15.539517 0.028161203
-2.7422678 15.539167 0.02813651
-2.6994522 15.540742 0.028249675
-2.6598547 15.541984 0.028338814
-2.6208518 15.541615 0.028312549
-2.58302 15.541255 0.028287062
-2.5412688 15.538878 0.028117137
-2.4981387 15.542429 0.028371667
-2.4591062 15.540078 0.028203592
-2.4189434 15.538775 0.02811048
-2.3795431 15.540528 0.028236398
-2.3384476 15.540047 0.028202239
-2.2981334 15.539445 0.028159328
-2.2618163 15.542105 0.02835013
-2.2231703 15.541603 0.028314501
-2.1827841 15.539526 0.028165845
-2.1406145 15.539158 0.028139802
-2.0987339 15.540757 0.028254494
-2.0604134 15.538963 0.02812629
-2.0202937 15.541142 0.028282668
-1.9785441 15.53932 0.028152438
-1.9395647 15.540102 0.028208727
-1.8995835 15.539767 0.028184965
-1.859064 15.540212 0.028217128
-1.8194894 15.539989 0.028201494
-1.7806362 15.540923 0.0282686
-1.7394392 15.53994 0.028198617
-2.9510138 15.579728 0.031106511
-2.896831 15.575304 0.030723998
-2.8643522 15.580686 0.031109676
-2.8215625 15.580616 0.031105096
-2.7775316 15.579598 0.031032464
-2.7349031 15.578613 0.030962089
-2.6942434 15.579276 0.031009706
-2.6529679 15.5802 0.031076323
-2.6129923 15.581079 0.031139649
-2.5759819 15.581684 0.031183168
-2.539489 15.580742 0.031115836
-2.5022676 15.578532 0.030957818
-2.4600868 15.579642 0.031037614
-2.4193134 15.58079 0.031120164
-2.3794353 15.579704 0.031042689
-2.3394384 15.57781 0.030907277
-2.3021152 15.581494 0.031171277
-2.2589843 15.581424 0.031166453
-2.2181094 15.581083 0.031142641
-2.1782222 15.579889 0.031057375
-2.1398106 15.57874 0.030975232
-2.1007447 15.579049 0.030997548
-2.0596454 15.580088 0.031072073
-2.0189795 15.579229 0.031010741
-1.9805233 15.5821 0.031216871
-1.9404 15.580286 0.03108733
-1.9003742 15.578927 0.03099004
-1.8606532 15.579097 0.031002536
-1.8201357 15.580765 0.031122278
-1.7783315 15.579471 0.031029817
-1.7401134 15.580295 0.031089222
-1.6993461 15.579077 0.031002235
-2.9477053 15.61654 0.034372855
-2.9022436 15.621938 0.034064531
-2.8596823 15.619091 0.033860862
-2.8152709 15.619527 0.0338923
-2.7782335 15.618872 0.033845656
-2.7441707 15.623257 0.034159999
-2.7062442 15.620549 0.033966377
-2.6658537 15.618955 0.033852413
-2.6266963 15.61741 0.033741955
-2.5823309 15.620409 0.033957072
-2.5377822 15.622546 0.034110546
-2.4974895 15.618839 0.033845093
-2.4608016 15.617752 0.0337676
-2.420877 15.621922 0.034066655
-2.3808711 15.620126 0.033938155
-2.3412194 15.620471 0.033963148
-2.2972176 15.619354 0.033883534
-2.257838 15.61754 0.033753894
-2.2210298 15.621922 0.034067839
-2.1809609 15.619409 0.033888161
-2.1387479 15.619141 0.033869237
-2.0988386 15.62225 0.03409221
-2.059881 15.619275 0.033879176
-2.020674 15.620218 0.033947159
-1.9783924 15.619403 0.033889007
-1.939263 15.619997 0.033931829
-1.8990821 15.618989 0.033859987
-1.8589272 15.621647 0.03405045
-1.8194003 15.619594 0.033903692
-1.7806321 15.620111 0.03394093
-1.7389636 15.620274 0.03395281
-1.699183 15.619946 0.033929754
-2.9529574 15.657489 0.034946799
-2.8995931 15.660398 0.036819376
-2.8550112 15.657384 0.036603808
-2.8235004 15.661744 0.036916435
-2.7840073 15.660153 0.036802787
-2.7418582 15.659545 0.036759421
-2.6978176 15.661036 0.036866523
-2.6583116 15.660442 0.036824316
-2.6193967 15.658272 0.036669012
-2.5798991 15.661276 0.036884487
-2.5438778 15.660705 0.036843892
-2.5008531 15.657234 0.036595561
-2.4597931 15.662429 0.036967814
-2.4196842 15.657958 0.036648028
-2.3796608 15.661089 0.036872435
-2.3387887 15.658199 0.036665659
-2.3007181 15.662569 0.036978945
-2.2623112 15.658925 0.036718316
-2.2194014 15.661018 0.036868386
-2.1800327 15.659207 0.036739022
-2.1416323 15.660207 0.03681089
-2.1009793 15.657922 0.036647502
-2.0604234 15.661164 0.036879957
-2.018724 15.659074 0.036730427
-1.9818305 15.660527 0.036834795
-1.9407748 15.660441 0.036828779
-1.9004786 15.659749 0.036779612
-1.8600583 15.659361 0.036752228
-1.8195616 15.660777 0.03685382
-1.7791758 15.658615 0.03669928
-1.7405475 15.66073 0.036851007
-1.7003551 15.660007 0.036799371
-2.9529557 15.697081 0.036013566
-2.8947046 15.691144 0.039021898
-2.8625612 15.692534 0.039121702
-2.8224883 15.691833 0.03907188
-2.7777784 15.692618 0.039128274
-2.7345166 15.693372 0.039182536
-2.694453 15.692204 0.039099295
-2.6509287 15.693242 0.039173763
-2.6133492 15.692125 0.039094076
-2.5768654 15.691031 0.039015856
-2.5382104 15.693539 0.039195821
-2.5028524 15.690989 0.039013356
-2.4576831 15.693259 0.039176311
-2.417773 15.691151 0.039025664
-2.3799479 15.692449 0.039118927
-2.3409054 15.692513 0.039123721
-2.3017902 15.693279 0.039178912
-2.2562749 15.691904 0.039080605
-2.2165642 15.692234 0.039104562
-2.1744113 15.691856 0.039077673
-2.1365867 15.692245 0.039105702
-2.0993638 15.691768 0.039071765
-2.0585837 15.691976 0.039086986
-2.0200875 15.693336 0.039184742
-1.9790461 15.691498 0.039053269
-1.9367834 15.692575 0.039130799
-1.8965336 15.692389 0.039117847
-1.858165 15.692805 0.039147869
-1.8202862 15.692087 0.039096802
-1.7804326 15.692379 0.039117761
-1.7384387 15.69246 0.039123848
-1.699097 15.692533 0.039129201
-2.9529538 15.742854 0.039456524
-2.9529521 15.781618 0.039738692
-2.9529514 15.808737 0.039936066
-2.9425571 14.940949 0.060261916
-2.9425113 14.980088 0.06055278
-2.9424655 15.019199 0.060843464
-2.94242 15.058289 0.061133932
-2.9423742 15.097348 0.061424199
-2.9423239 15.140284 0.061743308
-2.9422741 15.183189 0.062062141
-2.9422283 15.222167 0.062351808
-2.9421825 15.261118 0.062641285
-2.9421372 15.300041 0.062930524
-2.941983 15.338948 0.059369836
-2.9419374 15.377821 0.059659991
-2.9418879 15.420547 0.059978917
-2.9418378 15.463246 0.060297664
-2.9418766 15.501441 0.0635399
-2.9417737 15.540062 0.061785426
-2.9417019 15.579536 0.061164729
-2.9439833 15.618332 0.060733546
-2.9445295 15.657077 0.060839511
-2.9429059 15.700724 0.059575345
-2.9000185 15.71203 0.040518075
-2.8622739 15.711655 0.040491365
-2.8182061 15.713741 0.040641174
-2.7743323 15.710577 0.040414765
-2.7342224 15.713658 0.040635724
-2.7061625 15.713932 0.040655553
-2.6669726 15.711896 0.040509999
-2.623275 15.71272 0.040569257
-2.5750256 15.711895 0.040510487
-2.5348244 15.713155 0.04060103
-2.4975083 15.712107 0.040526189
-2.4662704 15.712145 0.040529169
-2.4204743 15.712636 0.040564671
-2.3818715 15.713275 0.040610701
-2.3410575 15.712052 0.04052335
-2.2955024 15.713105 0.040599115
-2.2584717 15.711492 0.04048368
-2.2215922 15.712979 0.040590584
-2.1874087 15.711483 0.040483579
-2.1402082 15.711953 0.040517587
-2.0964208 15.713202 0.040607512
-2.0606589 15.712352 0.040546618
-2.0204356 15.712268 0.040540863
-1.9779748 15.71134 0.040474739
-1.9430771 15.713654 0.040640712
-1.9026793 15.711696 0.040500756
-1.8596857 15.712935 0.040589832
-1.8191364 15.712236 0.040539961
-1.7796736 15.712201 0.040537786
-1.738567 15.712238 0.040540665
-1.6976867 15.712673 0.040572152
-2.9444039 15.741138 0.059028279
-2.9030571 15.74178 0.042649105
-2.8598402 15.74094 0.042589244
-2.8147781 15.737686 0.042356398
-2.7796378 15.74013 0.042531718
-2.7453749 15.742445 0.042697772
-2.7045949 15.740935 0.042589795
-2.6649156 15.739111 0.042459462
-2.6240118 15.740884 0.042586718
-2.5833421 15.738252 0.042398412
-2.5406172 15.739499 0.042488042
-2.4982998 15.742147 0.042678133
-2.4600427 15.739204 0.042467494
-2.4199524 15.739639 0.042498965
-2.3789167 15.741702 0.042646959
-2.3386068 15.739946 0.042521425
-2.2984021 15.737843 0.042371057
-2.261734 15.741791 0.042653952
-2.222219 15.739911 0.042519774
-2.1811063 15.739465 0.042487957
-2.1425934 15.739902 0.042519633
-2.1010535 15.739006 0.042455681
-2.0599611 15.74115 0.042609379
-2.0193565 15.738774 0.042439703
-1.9804978 15.740979 0.042597938
-1.9411483 15.740461 0.042560924
-1.9011109 15.739827 0.042515878
-1.8611723 15.739853 0.042517845
-1.8197033 15.740232 0.042545263
-1.7786936 15.738647 0.042432223
-1.7406157 15.740562 0.042569559
-1.7007511 15.74002 0.042530812
-2.9473186 15.781095 0.060864359
-2.8975234 15.778543 0.045282446
-2.8565791 15.77699 0.045171518
-2.8237295 15.781987 0.04552979
-2.7828641 15.780444 0.045419544
-2.7394714 15.779774 0.045371801
-2.6961884 15.780918 0.045454022
-2.6567733 15.778504 0.045281369
-2.6167371 15.781254 0.045478534
-2.5785298 15.780602 0.045432091
-2.5414584 15.779996 0.045388941
-2.5026097 15.779089 0.045324285
-2.4587154 15.781422 0.04549174
-2.4197865 15.779514 0.045355204
-2.3800018 15.780062 0.045394678
-2.3399987 15.779622 0.045363404
-2.3013523 15.780171 0.045403171
-2.2583842 15.779823 0.045378331
-2.2162342 15.78044 0.045423049
-2.1758339 15.780118 0.045400001
-2.1363995 15.779817 0.045378789
-2.0988519 15.780403 0.045421001
-2.0594857 15.778299 0.045270547
-2.0199111 15.781335 0.045488209
-1.9785963 15.779366 0.045347542
-1.9373742 15.778872 0.045312393
-1.8986799 15.780088 0.04539974
-1.8588539 15.781338 0.045489587
-1.8204126 15.780006 0.045394365
-1.7802398 15.779717 0.045374122
-1.7381147 15.779359 0.045348879
-1.6983844 15.780693 0.045444485
-2.946774 15.820702 0.058790363
-2.8994071 15.816844 0.048026178
-2.8636296 15.822121 0.048404343
-2.8212535 15.819121 0.048189819
-2.7752726 15.819645 0.048227534
-2.7335904 15.816936 0.048033789
-2.7002807 15.819681 0.048230588
-2.6607287 15.820379 0.048280962
-2.6193657 15.82087 0.04831646
-2.5781598 15.820938 0.048321579
-2.536545 15.820421 0.048284743
-2.4983795 15.82092 0.048320752
-2.4624112 15.820035 0.048257615
-2.4196351 15.820396 0.048283767
-2.378619 15.818579 0.048153821
-2.3405182 15.820293 0.048276938
-2.2977133 15.818592 0.048155319
-2.2606153 15.820668 0.048304349
-2.2233834 15.820676 0.048305042
-2.1832523 15.820587 0.048298955
-2.1420345 15.819214 0.048200916
-2.0995295 15.82051 0.048294049
-2.0587673 15.820635 0.048303179
-2.0194795 15.818561 0.048154987
-1.9810393 15.821099 0.048336964
-1.9411291 15.819743 0.048240077
-1.9006127 15.820336 0.048282851
-1.8608928 15.819818 0.04824606
-1.8192949 15.820324 0.048282541
-1.7789735 15.819094 0.048194803
-1.7409253 15.820663 0.048307545
-1.7011157 15.819483 0.048223231
-2.9470315 15.857319 0.059752561
-2.9043233 15.862547 0.051300008
-2.8592858 15.86077 0.051172916
-2.8148127 15.858006 0.050975252
-2.7840788 15.86383 0.051392633
-2.745779 15.859382 0.051074177
-2.7029512 15.860908 0.051183794
-2.660881 15.860719 0.051170602
-2.6219504 15.860467 0.051152822
-2.5836036 15.858635 0.05102174
-2.5423374 15.857714 0.050956134
-2.4993753 15.861041 0.051194683
-2.4585729 15.861882 0.051255401
-2.4206419 15.858277 0.050997339
-2.3811245 15.861403 0.051221397
-2.3390741 15.857367 0.050932579
-2.3025544 15.862005 0.051264998
-2.2605491 15.860115 0.051129978
-2.2182093 15.860092 0.051128801
-2.1775079 15.860075 0.051127791
-2.1389244 15.860078 0.051128075
-2.1006391 15.860039 0.051125597
-2.0603578 15.859185 0.051064722
-2.0194294 15.861528 0.051232833
-1.9791075 15.85957 0.051092796
-1.9387882 15.858546 0.051019672
-1.8991255 15.860063 0.051128648
-1.8591083 15.86114 0.051205963
-1.8199373 15.860236 0.051141422
-1.7796575 15.860084 0.051130958
-1.7381375 15.859592 0.051096257
-1.6982795 15.859952 0.051122151
-2.9497209 15.898429 0.061520305
-2.896915 15.899926 0.053977374
-2.8560295 15.896597 0.053739291
-2.8249202 15.9045 0.054305747
-2.7817256 15.900375 0.054010455
-2.7370992 15.899522 0.053949654
-2.6945651 15.900393 0.054012336
-2.6546226 15.899525 0.053950433
-2.6146963 15.900368 0.054011162
-2.5755613 15.899576 0.053954598
-2.5380595 15.900393 0.054013379
-2.5026422 15.899594 0.053956505
-2.4600871 15.898289 0.053863179
-2.418946 15.901993 0.054128792
-2.3779447 15.898102 0.053850219
-2.3401582 15.90213 0.054139167
-2.2984257 15.899858 0.053976588
-2.2581937 15.897682 0.05382093
-2.2211661 15.900787 0.05404374
-2.1814361 15.89975 0.053969588
-2.1403439 15.900207 0.054002479
-2.0987349 15.901109 0.054067548
-2.0587809 15.900558 0.054028388
-2.0195038 15.899279 0.053936958
-1.9800978 15.900061 0.053993315
-1.9409215 15.900058 0.053993337
-1.9006475 15.900114 0.053997677
-1.8611598 15.899589 0.053960018
-1.8200444 15.899446 0.05395028
-1.7801234 15.900772 0.054045536
-1.7411709 15.900509 0.054026891
-1.700937 15.899753 0.053973034
-2.9479742 15.940372 0.061305165
-2.8987966 15.938223 0.056720845
-2.86307 15.941935 0.056986898
-2.8179522 15.940685 0.056897763
-2.7741475 15.939143 0.056787591
-2.7372386 15.937632 0.056679588
-2.7025867 15.940575 0.056890696
-2.6662893 15.941098 0.056928322
-2.6251082 15.938796 0.056763742
-2.5830798 15.939553 0.056818113
-2.5395935 15.941361 0.056948077
-2.4968889 15.940393 0.05687904
-2.4600499 15.939253 0.056797545
-2.4193525 15.938658 0.056755271
-2.3794179 15.940814 0.056909807
-2.3387563 15.939058 0.056784391
-2.2991154 15.940047 0.056855392
-2.2621379 15.939448 0.056812931
-2.22019 15.93976 0.056835379
-2.1785665 15.940063 0.056857251
-2.139601 15.941165 0.056936715
-2.1017611 15.940516 0.05689038
-2.0606563 15.939246 0.056799646
-2.0201654 15.941506 0.056961723
-1.9793713 15.94026 0.056872964
-1.9382606 15.939064 0.056787461
-1.8986397 15.940267 0.056873828
-1.8580695 15.940743 0.056908343
-1.8196528 15.939701 0.05683377
-1.779454 15.940237 0.056872509
-1.738085 15.938837 0.056772467
-1.6991572 15.939499 0.056820136
-2.9491925 15.980827 0.06379468
-2.9037063 15.984037 0.060002625
-2.8587327 15.980308 0.05973579
-2.8174319 15.977247 0.059516668
-2.7843409 15.981938 0.05985301
-2.7433903 15.979173 0.059655353
-2.701313 15.980473 0.05974853
-2.6599498 15.980039 0.059717715
-2.6198871 15.979615 0.059687871
-2.5810642 15.97921 0.059658933
-2.5424306 15.980398 0.059744254
-2.5013754 15.978188 0.059586108
-2.4590178 15.981222 0.059803963
-2.4206495 15.979041 0.059647866
-2.3788831 15.979568 0.059685979
-2.3391831 15.979604 0.059688691
-2.3009396 15.979626 0.059690695
-2.2569244 15.978155 0.05958559
-2.2177958 15.97888 0.059637852
-2.1804149 15.979501 0.05968247
-2.1396439 15.980115 0.059726726
-2.0988975 15.982275 0.05988165
-2.0597794 15.980146 0.059729539
-2.0190344 15.979673 0.059695825
-1.9797305 15.980572 0.059760511
-1.941686 15.980309 0.059741981
-1.901342 15.980322 0.05974295
-1.8614354 15.979199 0.059662804
-1.8199961 15.979748 0.05970246
-1.780369 15.980353 0.059746314
-1.7408774 15.980041 0.059724107
-1.700307 15.979374 0.059676662
-2.9529426 16.021397 0.064745039
-2.8963087 16.021009 0.062650986
-2.8554814 16.015915 0.06228637
-2.8244152 16.022453 0.062754899
-2.7805955 16.019939 0.06257543
-2.7366982 16.018847 0.062497213
-2.6929469 16.019463 0.062541611
-2.6536403 16.018772 0.062492382
-2.6147258 16.020262 0.062599376
-2.5749011 16.021078 0.062658243
-2.536093 16.020224 0.062597059
-2.5002277 16.020809 0.062639311
-2.4618275 16.017681 0.062415518
-2.4196007 16.021259 0.06267228
-2.3808489 16.02042 0.062612422
-2.3405132 16.020205 0.062597163
-2.298481 16.017666 0.062415529
-2.2624447 16.021551 0.062694073
-2.2220287 16.020353 0.062608548
-2.1808517 16.019953 0.062580019
-2.1406798 16.019581 0.062553748
-2.101135 16.018709 0.062491525
-2.0596251 16.020393 0.062612399
-2.0201683 16.0205 0.062620386
-1.980128 16.01963 0.062558398
-1.9380738 16.018839 0.06250184
-1.8975284 16.019674 0.062561907
-1.8580947 16.020697 0.062635534
-1.8193027 16.020662 0.06263338
-1.7791578 16.01932 0.062537514
-1.7386286 16.019417 0.062544614
-1.6996832 16.019745 0.062568381
-2.9492593 16.060707 0.065669872
-2.8981876 16.059301 0.065394141
-2.8625121 16.061457 0.065548614
-2.8181422 16.060068 0.065449297
-2.7751765 16.058725 0.065353453
-2.7398229 16.058725 0.065353848
-2.7062266 16.060469 0.065478884
-2.6653025 16.060741 0.065498777
-2.6251018 16.059052 0.065377943
-2.5855548 16.060656 0.065493017
-2.5420833 16.058578 0.065344557
-2.496767 16.062689 0.065639324
-2.4568439 16.059692 0.065424778
-2.4206054 16.059078 0.06538114
-2.3798518 16.061863 0.065580904
-2.3395689 16.058296 0.065325662
-2.3016055 16.060997 0.065519512
-2.2587938 16.06012 0.065456808
-2.2168341 16.059092 0.065383516
-2.177501 16.059973 0.065446943
-2.1378343 16.061211 0.065535843
-2.0973752 16.059923 0.065443724
-2.0606575 16.060514 0.065486349
-2.0197115 16.059929 0.065444581
-1.9784907 16.058271 0.065326415
-1.9412379 16.060831 0.065509856
-1.9013717 16.059769 0.065434135
-1.8608398 16.06032 0.06547384
-1.8201928 16.059858 0.065441124
-1.7804562 16.060743 0.065504953
-1.740134 16.06015 0.06546285
-1.699375 16.059986 0.065451004
-1.6603168 16.059893 0.065444358
-2.9500525 16.097267 0.068987124
-2.9037704 16.101988 0.068451732
-2.858181 16.099556 0.068277933
-2.8156888 16.096815 0.068081625
-2.7841897 16.104057 0.068600744
-2.7429812 16.098604 0.068210401
-2.6996803 16.09963 0.068284146
-2.6577942 16.100595 0.068353564
-2.6178415 16.098284 0.068188347
-2.5775142 16.100819 0.068370081
-2.5404537 16.100195 0.068325587
-2.5044875 16.099596 0.068282977
-2.4604607 16.099142 0.068250775
-2.417511 16.101215 0.068399534
-2.3795433 16.098682 0.068218514
-2.3404443 16.101463 0.068417877
-2.2980011 16.098618 0.068214163
-2.2598665 16.100197 0.068327703
-2.2230477 16.101681 0.068434164
-2.1831388 16.099867 0.068304464
-2.1430707 16.10059 0.068356663
-2.1019681 16.098841 0.068231456
-2.0593066 16.101456 0.068419114
-2.0199966 16.100067 0.068319857
-1.9807225 16.100092 0.068321966
-1.9385633 16.098684 0.068221331
-1.898851 16.100161 0.068327352
-1.8586154 16.101309 0.068409845
-1.8190836 16.100309 0.068338543
-1.7793413 16.099136 0.068254702
-1.7391703 16.099857 0.068306729
-1.7001113 16.099749 0.068299301
-1.6590012 16.100763 0.068372071
-2.9529381 16.137085 0.069438182
-2.8971879 16.140059 0.071178705
-2.8575032 16.136225 0.07090456
-2.8240721 16.140511 0.071211703
-2.7801275 16.140984 0.071245864
-2.7349832 16.139524 0.071141578
-2.6944864 16.137695 0.071010873
-2.658942 16.139181 0.071117751
-2.620153 16.139652 0.07115154
-2.579253 16.140343 0.071201272
-2.5374377 16.141562 0.071288832
-2.4960392 16.139793 0.071162574
-2.4617846 16.1402 0.071191996
-2.4203303 16.138025 0.071036153
-2.3792205 16.141596 0.071292356
-2.3386798 16.138737 0.071087763
-2.3008187 16.141602 0.071293339
-2.2609527 16.140224 0.071194947
-2.2178915 16.140167 0.071191028
-2.1759441 16.140091 0.071185924
-2.1361742 16.140038 0.071182489
-2.0984986 16.140007 0.071180426
-2.0607984 16.139233 0.071125336
-2.0197268 16.140762 0.071235105
-1.9788394 16.139206 0.071123905
-1.9410741 16.140745 0.071234301
-1.9006586 16.140259 0.071199737
-1.8611546 16.140127 0.07119064
-1.8204657 16.138865 0.071100473
-1.779858 16.140879 0.071245052
-1.739921 16.140034 0.071184553
-1.6988245 16.139927 0.071177326
-1.6598718 16.140215 0.071198314
-2.9483061 16.180408 0.070855185
-2.9013577 16.178812 0.073954925
-2.8635454 16.179369 0.073994912
-2.8169448 16.180859 0.07410197
-2.775099 16.175188 0.07369595
-2.7448685 16.182306 0.074206322
-2.7051659 16.181671 0.074160978
-2.6637547 16.178026 0.073900133
-2.6224334 16.180981 0.074111961
-2.5840437 16.179125 0.073979452
-2.5429418 16.178818 0.073957667
-2.5009663 16.179485 0.074005648
-2.4569957 16.18108 0.074120164
-2.4197218 16.180773 0.074098386
-2.378602 16.178215 0.073915504
-2.3393281 16.182503 0.074222952
-2.2996364 16.178976 0.073970713
-2.257282 16.17849 0.073935911
-2.2210989 16.180748 0.074097991
-2.1840527 16.180662 0.07409212
-2.1424918 16.1791 0.07398054
-2.1003945 16.179037 0.073976226
-2.0585546 16.181564 0.074157462
-2.0198469 16.179462 0.074007228
-1.9809843 16.180441 0.074077524
-1.9388529 16.179462 0.074007615
-1.898365 16.179779 0.074030749
-1.8583473 16.180393 0.074075066
-1.8194345 16.180292 0.074067816
-1.7800038 16.178658 0.073951244
-1.7403678 16.180285 0.074067958
-1.7008193 16.179991 0.074047163
-1.6601936 16.17988 0.074039645
-1.620216 16.180805 0.074105926
-2.9475353 16.219181 0.074241094
-2.9025226 16.220665 0.076952867
-2.8561981 16.220171 0.076917805
-2.8173423 16.219711 0.076885164
-2.7837415 16.219807 0.076892063
-2.7412522 16.219347 0.076859444
-2.6974146 16.221693 0.077028029
-2.6567285 16.219147 0.076845773
-2.6151979 16.21973 0.076887853
-2.5749993 16.220304 0.076929182
-2.53848 16.219528 0.076873906
-2.5006981 16.220079 0.07691364
-2.4620147 16.217506 0.076729499
-2.4202013 16.22254 0.077090293
-2.3800321 16.218502 0.076801404
-2.3393903 16.221045 0.07698369
-2.2999806 16.2183 0.076787524
-2.2622371 16.221224 0.076997086
-2.2204766 16.219618 0.076882407
-2.1775846 16.219698 0.076888435
-2.1380184 16.220745 0.076963626
-2.0991967 16.219141 0.07684885
-2.0607646 16.219601 0.076882169
-2.0198812 16.22016 0.076922424
-1.9786942 16.219051 0.076843329
-1.9408543 16.220856 0.076972909
-1.9017212 16.220575 0.076953135
-1.8615047 16.21977 0.076895781
-1.8206873 16.218624 0.076813757
-1.7799277 16.221201 0.076998606
-1.738605 16.220093 0.076919444
-1.6979004 16.220011 0.076914012
-1.6590223 16.219929 0.076908514
-1.6195551 16.219416 0.07687179
-2.9529333 16.260242 0.074176446
-2.8988411 16.249914 0.079048
-2.861722 16.251381 0.079153359
-2.8256865 16.252806 0.079255641
-2.7797074 16.251228 0.079143025
-2.7364638 16.25157 0.079167858
-2.6940331 16.250137 0.079065479
-2.6568146 16.250883 0.079119198
-2.6221197 16.251759 0.079182029
-2.5817025 16.252701 0.079249851
-2.5344174 16.251247 0.079145998
-2.4952722 16.250717 0.079108357
-2.4592261 16.252373 0.079227172
-2.4201384 16.250605 0.079100832
-2.379488 16.251432 0.079160295
-2.3421845 16.252077 0.07920672
-2.301877 16.252968 0.079270653
-2.2583482 16.250685 0.079107441
-2.2150254 16.251123 0.079139233
-2.1786292 16.251738 0.079183474
-2.1400616 16.251579 0.079172455
-2.097991 16.252193 0.079216547
-2.0590119 16.251911 0.079196759
-2.0200367 16.249868 0.07905069
-1.9814087 16.253227 0.079291426
-1.9391079 16.250715 0.079111971
-1.89729 16.252098 0.07921128
-1.8576314 16.251167 0.079144619
-1.8195602 16.251385 0.079160444
-1.77879 16.25102 0.079134695
-1.7410913 16.252249 0.079222977
-1.7017682 16.251535 0.079172201
-1.6605982 16.25098 0.079132766
-1.619876 16.252394 0.079234153
-2.9529319 16.294834 0.074419469
-2.9440079 14.917154 0.11034703
-2.9436522 14.940727 0.098911829
-2.9436054 14.979881 0.099189907
-2.9435589 15.01901 0.099467747
-2.9435132 15.05811 0.099745408
-2.9434671 15.097189 0.10002292
-2.9434164 15.14014 0.10032788
-2.9433658 15.183062 0.10063269
-2.9433198 15.222054 0.1009096
-2.9432743 15.261021 0.10118625
-2.9432278 15.299961 0.10146278
-2.9431825 15.338873 0.1017391
-2.9431367 15.377761 0.10201525
-2.9430864 15.420508 0.10231878
-2.9430358 15.463223 0.1026221
-2.9429901 15.50203 0.10289762
-2.9428532 15.541341 0.099993937
-2.94279 15.579558 0.09960337
-2.9427443 15.618285 0.09987963
-2.942699 15.656985 0.10015573
-2.9426489 15.699524 0.10045923
-2.9425609 15.741205 0.099385165
-2.9424448 15.780647 0.097198956
-2.9423993 15.819235 0.097475551
-2.9423537 15.8578 0.097751915
-2.9423041 15.900191 0.098055772
-2.9422543 15.942554 0.098359376
-2.9422092 15.981037 0.098635152
-2.9421637 16.019495 0.098910779
-2.9421186 16.057928 0.099186249
-2.9440329 16.099911 0.099432625
-2.9442902 16.141348 0.099105768
-2.9450178 16.180565 0.098563284
-2.9464614 16.220184 0.099000432
-2.946434 16.258551 0.099270195
-2.8943224 16.271318 0.080581456
-2.8573294 16.272499 0.080666162
-2.8221254 16.27018 0.080500185
-2.7755868 16.271723 0.08061102
-2.7312799 16.269875 0.080478996
-2.7035959 16.272472 0.080665156
-2.6665919 16.272089 0.080637969
-2.6274898 16.272161 0.08064355
-2.5857458 16.271729 0.080612808
-2.5436051 16.269268 0.080436759
-2.4982631 16.272585 0.080674633
-2.4555662 16.273399 0.080733247
-2.4198024 16.270033 0.080492474
-2.3796065 16.270443 0.080522142
-2.3389041 16.272053 0.080637716
-2.2997346 16.273602 0.080748893
-2.2572775 16.269152 0.080430426
-2.2219119 16.272091 0.080641076
-2.183857 16.272919 0.08070071
-2.144918 16.271275 0.080583163
-2.1024437 16.270786 0.08054857
-2.0580645 16.272139 0.080645613
-2.0207891 16.271851 0.080625214
-1.9786993 16.271345 0.080589347
-1.9374944 16.271235 0.080581665
-1.899128 16.271656 0.080612168
-1.8588973 16.271206 0.08058019
-1.8184061 16.272507 0.08067368
-1.7808803 16.270807 0.080552101
-1.7416868 16.272087 0.080644056
-1.7004786 16.271082 0.080572173
-1.6607839 16.271706 0.080617361
-1.6194724 16.27142 0.080597095
-2.9449317 16.299385 0.099205196
-2.9007461 16.299467 0.082597658
-2.8637002 16.300272 0.082655497
-2.8164523 16.297853 0.0824828
-2.7764862 16.295408 0.08230786
-2.7447636 16.302195 0.082794026
-2.7035275 16.300451 0.082669377
-2.6609621 16.301428 0.082739688
-2.6193202 16.300671 0.082685947
-2.5804887 16.300137 0.082647741
-2.5418499 16.301075 0.082715131
-2.5030494 16.297823 0.082482584
-2.4597664 16.300102 0.082645953
-2.4182007 16.299395 0.082595818
-2.3801923 16.297447 0.082456425
-2.3403227 16.301804 0.082768679
-2.2991562 16.299458 0.08260113
-2.2620773 16.301867 0.082773775
-2.2215645 16.300802 0.082697682
-2.1798623 16.299345 0.08259394
-2.1389363 16.299616 0.082613543
-2.1008615 16.299139 0.082579412
-2.0609097 16.299002 0.08256992
-2.0190945 16.302143 0.0827953
-1.9795902 16.29907 0.082575366
-1.9421198 16.301229 0.082730226
-1.9008662 16.299526 0.082608402
-1.8613665 16.29981 0.082629047
-1.8202522 16.29966 0.082618468
-1.7797519 16.301691 0.082764454
-1.7386132 16.299093 0.08257851
-1.6985357 16.299103 0.082579508
-1.658579 16.301104 0.082723133
-1.6200159 16.299341 0.082597114
-2.9475567 16.338196 0.098601662
-2.9035444 16.340034 0.085503466
-2.8570817 16.337194 0.085300393
-2.8225846 16.341511 0.085609794
-2.7847748 16.339325 0.08545351
-2.7395296 16.339672 0.085478723
-2.6957948 16.340008 0.085503072
-2.653497 16.340332 0.085526653
-2.6137507 16.339201 0.085445918
-2.5749817 16.34215 0.08565741
-2.5345469 16.341246 0.085592888
-2.4978831 16.338497 0.085396133
-2.4617887 16.33882 0.085419551
-2.4202945 16.337664 0.085336976
-2.3789856 16.341377 0.085603252
-2.3397756 16.337936 0.085356951
-2.3014555 16.342125 0.085657321
-2.2589176 16.340637 0.085551061
-2.2170503 16.339619 0.085478343
-2.1789582 16.338285 0.085383005
-2.139488 16.339268 0.085453711
-2.0983326 16.340351 0.085531592
-2.0586891 16.34066 0.085553885
-2.0203347 16.339245 0.085453033
-1.9805813 16.341717 0.085630186
-1.9382564 16.338884 0.085427538
-1.8985769 16.33868 0.085413396
-1.858655 16.340387 0.085535988
-1.8187485 16.340723 0.085560083
-1.7799963 16.339731 0.085489258
-1.7409239 16.340166 0.085520804
-1.7009691 16.339588 0.085479587
-1.6606578 16.33951 0.085474133
-1.6193309 16.340805 0.085567214
-2.9490478 16.379507 0.098501325
-2.8974504 16.379295 0.088315949
-2.8619456 16.383133 0.088591114
-2.8230495 16.380327 0.088390388
-2.7765226 16.379976 0.088365413
-2.735908 16.376356 0.088106483
-2.7029049 16.380764 0.088422559
-2.6656811 16.380613 0.088411897
-2.6255758 16.378828 0.088284314
-2.5855486 16.378525 0.088262774
-2.5430219 16.379372 0.088323861
-2.4994965 16.380924 0.0884353
-2.4574821 16.382399 0.088541277
-2.4196873 16.380186 0.088383079
-2.3796742 16.378332 0.088250443
-2.3398166 16.381262 0.08846049
-2.2980368 16.379107 0.088306606
-2.2589381 16.377682 0.088204756
-2.2220914 16.381109 0.088450417
-2.1812608 16.380692 0.08842092
-2.1407797 16.380283 0.088391811
-2.1018577 16.37989 0.088363774
-2.0611396 16.37808 0.088234477
-2.0197883 16.380453 0.088404752
-1.978928 16.378809 0.088287286
-1.9412931 16.38204 0.088518918
-1.9014219 16.380119 0.088381782
-1.8612289 16.379665 0.088349193
-1.8206146 16.37813 0.088239729
-1.7790706 16.38113 0.088454776
-1.7389965 16.379419 0.088332348
-1.6993189 16.379726 0.088354625
-1.6588782 16.380192 0.088388458
-1.6191221 16.380018 0.088376269
-2.9472847 16.420591 0.099546634
-2.9001362 16.419827 0.091219224
-2.8616397 16.420885 0.091295481
-2.8159342 16.419884 0.091223903
-2.7797179 16.420637 0.091278203
-2.7444844 16.421324 0.091327645
-2.7018945 16.418825 0.091148905
-2.6582918 16.419558 0.09120167
-2.6177335 16.420073 0.091238908
-2.5779698 16.419113 0.09117043
-2.5388896 16.421251 0.091323741
-2.501579 16.420301 0.091256104
-2.4613116 16.41909 0.091169581
-2.4191658 16.422682 0.09142708
-2.3791063 16.420061 0.091239586
-2.3395123 16.418167 0.091104053
-2.2999692 16.42038 0.091262817
-2.261215 16.419634 0.091209896
-2.2179701 16.420118 0.091244891
-2.1760964 16.419096 0.091171816
-2.1370914 16.420534 0.091275051
-2.0978067 16.421272 0.091328219
-2.0587986 16.418911 0.091159202
-2.0198407 16.418594 0.091136768
-1.9806131 16.421736 0.091362327
-1.9383311 16.419861 0.09122806
-1.8983928 16.420153 0.091249324
-1.8585203 16.420029 0.091240846
-1.818072 16.420094 0.091245584
-1.7805961 16.419186 0.09118098
-1.740324 16.421049 0.0913148
-1.7001168 16.420019 0.091241144
-1.6601431 16.41971 0.091218993
-2.9485068 16.459076 0.10355091
-2.9029305 16.460421 0.094127223
-2.857527 16.457193 0.093896151
-2.8208711 16.464233 0.094400808
-2.7829487 16.461304 0.094191276
-2.7378123 16.459585 0.094068348
-2.6941803 16.45792 0.093949489
-2.6558776 16.45776 0.093938239
-2.6200459 16.461489 0.094205499
-2.5786793 16.460041 0.094102144
-2.5371857 16.460299 0.094120868
-2.4976525 16.461399 0.094199836
-2.4590302 16.459238 0.094045453
-2.4206944 16.459612 0.094072476
-2.379648 16.461155 0.094183147
-2.3399644 16.458521 0.093994796
-2.3009162 16.46039 0.094128944
-2.2574806 16.458488 0.093993053
-2.221246 16.462523 0.094282292
-2.1830578 16.459406 0.09405905
-2.1421659 16.459986 0.094101079
-2.1019461 16.459824 0.094089776
-2.0596845 16.458714 0.094010562
-2.0193667 16.462505 0.094282277
-1.9786209 16.458513 0.093996555
-1.9410681 16.460791 0.094159923
-1.9008605 16.461088 0.094181545
-1.861091 16.459332 0.094056278
-1.8211943 16.459375 0.094059482
-1.7789983 16.461103 0.094183564
-1.7394879 16.458275 0.093981147
-1.7000998 16.460224 0.094121039
-1.6599681 16.46043 0.094135806
-2.9501998 16.499121 0.10367034
-2.8968458 16.499332 0.096914597
-2.8613911 16.501629 0.097079329
-2.8233035 16.498743 0.096872881
-2.7760618 16.50001 0.096963905
-2.738692 16.498468 0.096853778
-2.704175 16.50218 0.097119786
-2.6652718 16.50034 0.096988127
-2.6229138 16.49972 0.096944094
-2.582433 16.500582 0.097005948
-2.5442786 16.499813 0.096951418
-2.5015974 16.498793 0.096878611
-2.4590673 16.500147 0.096975937
-2.4177046 16.500883 0.097028986
-2.380594 16.499382 0.096921638
-2.3396137 16.499844 0.096955106
-2.2987022 16.499239 0.096911967
-2.26089 16.500957 0.097034968
-2.2197974 16.500196 0.096980885
-2.1762176 16.500046 0.096970446
-2.1368983 16.498922 0.096890211
-2.0979259 16.501202 0.097054005
-2.0594425 16.500208 0.096982718
-2.0201502 16.498421 0.096855059
-1.9809185 16.501394 0.097068444
-1.9380099 16.500118 0.096977197
-1.8976938 16.498938 0.096892864
-1.8588842 16.499189 0.096911319
-1.8187072 16.501541 0.097079858
-1.7805725 16.499577 0.096939333
-1.7407283 16.500135 0.096979529
-1.6992674 16.500179 0.096982814
-2.9478428 16.540331 0.10369436
-2.8995275 16.539888 0.099819683
-2.8618565 16.540922 0.099894129
-2.8154442 16.536312 0.099564031
-2.7808654 16.543787 0.1000997
-2.7440751 16.539804 0.099814691
-2.6996295 16.540014 0.099830054
-2.6566551 16.540247 0.099846922
-2.6150978 16.540453 0.099861927
-2.5748813 16.540657 0.099876992
-2.5359447 16.540852 0.099891089
-2.4992218 16.539488 0.099793673
-2.4616668 16.541227 0.099918477
-2.4211545 16.537445 0.099647932
-2.3793063 16.54262 0.1000187
-2.3395114 16.537729 0.099668741
-2.300864 16.5413 0.099924862
-2.2583737 16.539036 0.09976285
-2.2186313 16.538977 0.099758871
-2.1830907 16.541286 0.099924542
-2.143538 16.539671 0.099809252
-2.1020751 16.539865 0.099823363
-2.0600796 16.540319 0.099856094
-2.0188355 16.5408 0.099890791
-1.9789675 16.538719 0.09974207
-1.9412652 16.541395 0.099933952
-1.9014852 16.539595 0.099805325
-1.8604852 16.539364 0.099789143
-1.820933 16.539791 0.099819697
-1.7793651 16.540541 0.099873602
-1.7385435 16.539024 0.099765211
-2.9508724 16.581112 0.1069444
-2.902318 16.580515 0.10272982
-2.8554962 16.577156 0.1024894
-2.8225069 16.582922 0.10290277
-2.7818229 16.579523 0.10265976
-2.7361012 16.579084 0.10262849
-2.6965909 16.577091 0.10248586
-2.6614769 16.579609 0.10266647
-2.6241333 16.582422 0.10286829
-2.5834081 16.580475 0.10272907
-2.5438766 16.579672 0.10267196
-2.499434 16.579254 0.10264215
-2.4573336 16.582397 0.10286751
-2.4196532 16.578798 0.10260995
-2.3798261 16.578838 0.1026133
-2.3398626 16.582146 0.10285031
-2.2980123 16.577986 0.10255275
-2.2615573 16.581957 0.10283736
-2.2217317 16.579393 0.10265412
-2.1789572 16.580143 0.10270797
-2.1374376 16.580038 0.10270071
-2.0980022 16.580742 0.10275152
-2.060698 16.580599 0.10274155
-2.020175 16.578468 0.10258898
-1.9800555 16.580976 0.10276883
-1.9391588 16.579643 0.1026739
-1.8982149 16.579468 0.10266151
-1.8588787 16.579569 0.1026691
-1.8188496 16.580959 0.10276876
-1.7801437 16.580412 0.10272975
-2.9529192 16.620577 0.10757
-2.8962424 16.619078 0.1054922
-2.8608382 16.619841 0.10554707
-2.8206332 16.620409 0.10558811
-2.7765601 16.616159 0.10528393
-2.7414653 16.620558 0.10559935
-2.7050812 16.622362 0.10572883
-2.6614509 16.619656 0.10553525
-2.6202633 16.620085 0.10556614
-2.5803983 16.620481 0.10559487
-2.5398157 16.619484 0.10552362
-2.5024619 16.619879 0.10555212
-2.4626889 16.617414 0.10537595
-2.4191327 16.621075 0.10563848
-2.378185 16.620623 0.10560633
-2.3396406 16.619267 0.10550947
-2.3001287 16.62233 0.10572906
-2.2583818 16.619492 0.10552603
-2.2164855 16.617613 0.10539198
-2.1800122 16.620853 0.10562436
-2.1414311 16.620157 0.10557469
-2.1002054 16.619572 0.10553305
-2.0579033 16.621132 0.10564476
-2.0190389 16.620615 0.10560828
-1.9792838 16.618374 0.10544784
-1.9404343 16.621065 0.1056409
-1.9012979 16.620752 0.10561863
-1.8604778 16.619732 0.10554609
-2.9475632 16.659746 0.10849899
-2.8989205 16.659658 0.10839913
-2.8613026 16.659067 0.10835708
-2.8167658 16.657644 0.10825527
-2.7832341 16.662701 0.10861774
-2.7423506 16.659369 0.1083793
-2.6973619 16.660757 0.10847905
-2.6550298 16.660494 0.10846069
-2.6130705 16.657228 0.10822681
-2.5756421 16.658998 0.10835405
-2.5373988 16.660656 0.10847287
-2.4975848 16.661083 0.10850371
-2.4584744 16.659502 0.1083907
-2.4211588 16.659389 0.10838296
-2.3796995 16.660843 0.10848733
-2.338223 16.660931 0.10849388
-2.2992015 16.660137 0.10843728
-2.2592432 16.658669 0.10833235
-2.222029 16.6611 0.1085069
-2.179882 16.660263 0.10844719
-2.1386893 16.66021 0.10844366
-2.099241 16.659342 0.10838192
-2.061079 16.660109 0.10843699
-2.0202839 16.658937 0.10835321
-1.9804006 16.661022 0.10850286
-1.9388423 16.65958 0.10839994
-1.8982306 16.658945 0.10835465
-2.9529161 16.700788 0.11196826
-2.9031909 16.698887 0.11120903
-2.8573058 16.696783 0.11105862
-2.8230433 16.703957 0.11157279
-2.7800081 16.700699 0.11133959
-2.7343957 16.698175 0.11115927
-2.6982265 16.698967 0.11121625
-2.6660473 16.703688 0.11155458
-2.6254439 16.699921 0.11128502
-2.583889 16.699068 0.11122438
-2.5441618 16.699734 0.11127211
-2.5024743 16.698109 0.11115602
-2.4592462 16.700052 0.11129555
-2.4172029 16.701488 0.11139869
-2.3811145 16.701067 0.11136878
-2.3397079 16.700413 0.11132222
-2.2989385 16.701145 0.11137481
-2.2611899 16.69919 0.11123513
-2.2172542 16.699303 0.11124347
-2.178786 16.698645 0.11119671
-2.1410019 16.700384 0.11132154
-2.1000028 16.699425 0.11125301
-2.0583797 16.702351 0.1114629
-2.0189059 16.699165 0.11123495
-1.9796294 16.698318 0.11117453
-2.9529147 16.742762 0.11225108
-2.8972526 16.737545 0.11397823
-2.8615999 16.744137 0.11445072
-2.819437 16.739902 0.11414778
-2.7764983 16.736122 0.11387719
-2.7442284 16.742622 0.11434315
-2.7034495 16.739923 0.11414992
-2.6598098 16.739923 0.11415032
-2.6165304 16.741449 0.11425991
-2.5768285 16.739912 0.11414991
-2.5373423 16.739912 0.11415032
-2.49911 16.739914 0.11415069
-2.4620726 16.739916 0.11415106
-2.4207275 16.737741 0.11399569
-2.3785589 16.741655 0.11427638
-2.3410809 16.739931 0.11415298
-2.3006785 16.741264 0.11424876
-2.2587943 16.738081 0.11402112
-2.2222309 16.742094 0.11430853
-2.1815369 16.739508 0.11412374
-2.1399369 16.740343 0.11418393
-2.1002328 16.739527 0.11412571
-2.0618329 16.740332 0.11418351
-2.0202868 16.739056 0.11409235
-2.9428413 16.780809 0.11479292
-2.8975649 16.78253 0.11720076
-2.860028 16.780266 0.11703873
-2.8178766 16.775532 0.1166999
-2.7842598 16.781467 0.1171253
-2.7394254 16.7801 0.11702772
-2.6945839 16.779411 0.11697871
-2.6536002 16.77597 0.1167326
-2.6199129 16.781366 0.11711929
-2.5821619 16.780735 0.11707434
-2.5409625 16.77984 0.11701042
-2.4985974 16.780121 0.11703081
-2.4578476 16.782063 0.11717009
-2.4191208 16.779408 0.11698001
-2.3809462 16.777849 0.11686882
-2.339745 16.781462 0.11712801
-2.2993968 16.778198 0.11689436
-2.2613428 16.782145 0.11717735
-2.2174904 16.780685 0.11707304
-2.1766725 16.778572 0.11692186
-2.1388931 16.779228 0.1169693
-2.0995083 16.779821 0.11701214
-2.0579927 16.781353 0.11712188
-2.9529114 16.819002 0.11661631
-2.9040918 16.811666 0.11928781
-2.8563251 16.808764 0.1190802
-2.8208995 16.812515 0.11934914
-2.7789085 16.810072 0.11917436
-2.7340195 16.81048 0.11920401
-2.7000201 16.811148 0.11925204
-2.6657643 16.8102 0.11918447
-2.6245997 16.810593 0.11921269
-2.5847437 16.81098 0.11924081
-2.5433583 16.811264 0.11926133
-2.5049624 16.810129 0.11918046
-2.4605637 16.809628 0.11914483
-2.4186494 16.811823 0.11930227
-2.3777487 16.810534 0.11921009
-2.338747 16.810305 0.11919399
-2.2995737 16.810459 0.11920537
-2.2580197 16.811142 0.11925456
-2.2213945 16.810774 0.11922856
-2.1843867 16.811211 0.11925996
-2.1427095 16.810591 0.1192159
-2.101552 16.810823 0.11923276
-2.0652258 16.809668 0.11915006
-2.9529095 16.860891 0.11689725
-2.9529085 16.895144 0.11712696
-2.9461012 14.979409 0.14137688
-2.9460304 15.018576 0.1416474
-2.945483 15.056953 0.14064953
-2.9445488 15.097025 0.13865446
-2.9445 15.139995 0.13894503
-2.9444497 15.182936 0.13923541
-2.9444046 15.221941 0.13949919
-2.9443595 15.260922 0.13976279
-2.944314 15.299877 0.14002624
-2.9442694 15.338803 0.14028944
-2.9442239 15.377707 0.14055252
-2.9441748 15.420471 0.14084169
-2.9441252 15.463202 0.14113063
-2.9440799 15.502026 0.14139321
-2.9440339 15.540818 0.14165583
-2.9439881 15.579585 0.14191826
-2.9439421 15.618328 0.14218056
-2.9438958 15.657043 0.1424427
-2.9438453 15.699602 0.1427308
-2.9437456 15.742986 0.14131698
-2.9436402 15.780755 0.13943912
-2.9435947 15.819362 0.13970175
-2.9435484 15.857943 0.13996425
-2.9434986 15.900355 0.14025278
-2.9434481 15.942733 0.14054109
-2.9433649 15.980399 0.13942777
-2.9432483 16.019686 0.13723062
-2.9432025 16.058134 0.13749343
-2.9431527 16.100395 0.13778238
-2.9431028 16.142626 0.13807108
-2.9430573 16.180992 0.13833334
-2.9430115 16.219332 0.13859549
-2.942966 16.257648 0.13885738
-2.9429162 16.299763 0.13914531
-2.9428663 16.341848 0.13943303
-2.942821 16.380083 0.13969439
-2.942776 16.418293 0.13995561
-2.9427264 16.460289 0.14024274
-2.9426763 16.50226 0.14052966
-2.942631 16.54039 0.14079033
-2.9425857 16.578487 0.14105079
-2.9425361 16.620373 0.14133713
-2.9434106 16.661963 0.14199831
-2.9449413 16.700407 0.14058018
-2.9445858 16.739189 0.1415246
-2.9454899 16.780048 0.14235798
-2.946672 16.820707 0.14146501
-2.9025171 16.830402 0.12062999
-2.8618782 16.829079 0.12053537
-2.8266733 16.831249 0.12069116
-2.7761486 16.83116 0.12068512
-2.7417154 16.828377 0.12048588
-2.7069781 16.831951 0.12074216
-2.663255 16.830391 0.12063075
-2.6221716 16.830465 0.12063629
-2.5795276 16.830431 0.12063421
-2.5394337 16.831907 0.12074002
-2.5011694 16.830446 0.12063578
-2.4651399 16.830517 0.12064087
-2.4186544 16.83153 0.12071391
-2.3767874 16.829857 0.12059432
-2.3406703 16.831133 0.12068597
-2.3000751 16.830425 0.12063549
-2.2587426 16.829727 0.12058584
-2.2230504 16.832214 0.12076428
-2.1800444 16.830471 0.12063956
-2.1382935 16.831099 0.12068491
-2.1008368 16.830063 0.12061083
-2.9471085 16.860266 0.14074598
-2.8966498 16.856777 0.12251921
-2.8610473 16.86182 0.12288078
-2.816952 16.860661 0.12279797
-2.7767003 16.856432 0.12249534
-2.7429442 16.862904 0.12295918
-2.7011869 16.860203 0.122766
-2.65818 16.859753 0.12273405
-2.6139069 16.86071 0.12280308
-2.5732706 16.858738 0.12266196
-2.5338542 16.86125 0.12284213
-2.4957759 16.859333 0.1227049
-2.4583595 16.860319 0.12277593
-2.4221187 16.861256 0.12284325
-2.380085 16.857801 0.12259598
-2.3397202 16.861502 0.12286146
-2.2998884 16.858807 0.12266862
-2.2608538 16.862049 0.12290119
-2.2193103 16.860415 0.12278438
-2.1774685 16.85877 0.12266687
-2.1398759 16.856701 0.12251876
-2.1071622 16.845226 0.12169707
-2.9455967 16.900818 0.13984108
-2.9002204 16.903828 0.12588963
-2.8594782 16.897804 0.12545826
-2.8184273 16.898523 0.12550999
-2.7839315 16.90132 0.12571064
-2.7382631 16.900417 0.12564629
-2.695282 16.89805 0.12547703
-2.6580348 16.898117 0.12548214
-2.6256764 16.902452 0.12579295
-2.5858245 16.898594 0.12551691
-2.5460193 16.900471 0.1256516
-2.5032072 16.897556 0.12544298
-2.4591303 16.900774 0.1256738
-2.4167111 16.901171 0.12570246
-2.3809988 16.899202 0.1255617
-2.3393342 16.898201 0.12549041
-2.3003154 16.90201 0.12576351
-2.2592521 16.900143 0.12562993
-2.218745 16.898003 0.12547697
-2.1867747 16.893295 0.12513986
-2.9482727 16.940153 0.14264721
-2.9012249 16.941078 0.12855785
-2.8579221 16.936659 0.12824167
-2.822444 16.941666 0.12860048
-2.7758336 16.940113 0.12848967
-2.7368813 16.937544 0.12830578
-2.7044718 16.942318 0.12864807
-2.6629672 16.93935 0.12843573
-2.6206486 16.940619 0.12852679
-2.5787654 16.938744 0.12839267
-2.5381734 16.941362 0.12858073
-2.4999886 16.938169 0.12835237
-2.4619508 16.94072 0.12853515
-2.422246 16.937323 0.12829204
-2.3779252 16.941568 0.12859645
-2.3401189 16.939737 0.1284657
-2.2990847 16.938694 0.12839121
-2.9487145 16.979671 0.14192709
-2.8995442 16.977543 0.13116996
-2.863054 16.984974 0.13170247
-2.8170421 16.977865 0.13119362
-2.7802198 16.979494 0.13131057
-2.744503 16.981073 0.13142399
-2.6989281 16.980024 0.13134898
-2.6554234 16.980618 0.13139187
-2.6135588 16.976921 0.13112748
-2.577915 16.979275 0.13129616
-2.5389333 16.981586 0.13146217
-2.4980986 16.980007 0.13134915
-2.4563425 16.98107 0.13142563
-2.4177511 16.980434 0.13138042
-2.3824618 16.978638 0.13125181
-2.9479303 17.020153 0.14110871
-2.8996141 17.022821 0.13441333
-2.8574769 17.021603 0.13432643
-2.8202627 17.019415 0.13417003
-2.7834773 17.020472 0.13424587
-2.7365577 17.018713 0.13412045
-2.6969037 17.016861 0.13398787
-2.6655571 17.02327 0.13444707
-2.6253178 17.019064 0.13414606
-2.5832088 17.020374 0.13424014
-2.5425014 17.021639 0.13433102
-2.5036635 17.020029 0.13421595
-2.462904 17.016832 0.13398741
-2.9499137 17.061783 0.14651975
-2.9006174 17.06003 0.13707872
-2.8615055 17.060545 0.13711588
-2.8236029 17.061043 0.13715188
-2.776 17.060247 0.13709508
-2.7396472 17.059071 0.13701113
-2.7038281 17.060974 0.13714772
-2.6601965 17.060177 0.13709101
-2.6169257 17.060801 0.13713579
-2.5751138 17.061401 0.13717909
-2.5346889 17.061979 0.13722096
-2.9506893 17.099821 0.14539738
-2.8989394 17.096342 0.13967985
-2.8625009 17.10219 0.14009905
-2.8165901 17.098072 0.1398045
-2.7813954 17.101748 0.14006796
-2.7427843 17.099434 0.13990237
-2.696676 17.099379 0.13989885
-2.6548457 17.096941 0.13972448
-2.6194212 17.10121 0.14003032
-2.5835066 17.10309 0.14016542
-2.9473374 17.137373 0.14616463
-2.8990095 17.141521 0.14291625
-2.8569317 17.138502 0.14270008
-2.8190639 17.137915 0.14265837
-2.7816656 17.140486 0.14284278
-2.7366855 17.137167 0.14260544
-2.7017102 17.140417 0.14283828
-2.6649742 17.139942 0.14280449
-2.9528971 17.179831 0.14975643
-2.9000113 17.17869 0.14557882
-2.8609552 17.177528 0.14549579
-2.8223999 17.179575 0.14564273
-2.775748 17.178782 0.14558597
-2.7424691 17.183334 0.1459125
-2.7015214 17.180529 0.14571176
-2.9528956 17.221468 0.15002514
-2.8983359 17.214851 0.14816904
-2.8616264 17.222462 0.14871432
-2.8162868 17.218346 0.14841986
-2.7819932 17.222462 0.14871481
-2.9471822 17.257202 0.15137374
-2.9010289 17.261036 0.15147734
-2.8564246 17.26013 0.15141279
-2.820231 17.261692 0.15152481
-2.9528923 17.300888 0.15437374
-2.8979959 17.298721 0.15417686
-2.8589544 17.300602 0.15431182
-2.9528904 17.342447 0.15464053
-2.9027867 17.340055 0.15713763
-2.8662372 17.337503 0.15695517
-2.9529846 14.978106 0.18247071
-2.9529829 15.017359 0.18270899
-2.952708 15.057494 0.18128948
-2.9518614 15.099304 0.18015896
-2.9514184 15.142236 0.17935155
-2.9511132 15.182148 0.18030539
-2.9502656 15.22133 0.1807694
-2.9502516 15.260389 0.18101121
-2.9493382 15.298625 0.17931972
-2.9480329 15.338568 0.17817578
-2.9480081 15.377522 0.17842095
-2.9471457 15.420365 0.17890811
-2.9462931 15.463161 0.1793927
-2.9462605 15.502011 0.17963926
-2.9451962 15.540824 0.18015172
-2.9445167 15.579595 0.18056455
-2.9444764 15.618347 0.18081249
-2.9444354 15.65707 0.18106036
-2.9443915 15.699636 0.18133269
-2.9443467 15.742175 0.18160494
-2.9443061 15.780817 0.18185221
-2.9442661 15.819432 0.18209936
-2.9442255 15.858025 0.18234634
-2.9441807 15.900445 0.18261781
-2.9441369 15.942836 0.18288906
-2.9440844 15.982197 0.18142594
-2.9440305 16.019825 0.17952403
-2.943989 16.058281 0.17977166
-2.943944 16.100557 0.18004386
-2.9438984 16.142801 0.18031593
-2.9438574 16.181179 0.18056303
-2.9438035 16.218937 0.17784189
-2.9437585 16.257854 0.17720439
-2.9437132 16.299982 0.17747709
-2.9436677 16.342081 0.17774965
-2.9436264 16.380325 0.1779972
-2.9435849 16.418547 0.17824465
-2.9435399 16.46056 0.1785166
-2.9434948 16.502541 0.17878844
-2.9434545 16.540682 0.17903532
-2.943413 16.578798 0.17928207
-2.943368 16.620695 0.17955329
-2.9433227 16.662561 0.17982434
-2.9432824 16.700596 0.18007055
-2.9432409 16.738609 0.18031664
-2.9431968 16.78039 0.18058708
-2.943151 16.822142 0.18085758
-2.9431088 16.860069 0.18110344
-2.9430671 16.897974 0.18134908
-2.9430206 16.93964 0.18161917
-2.942975 16.981277 0.18188906
-2.9429333 17.0191 0.18213417
-2.9428875 17.060678 0.18240367
-2.9428413 17.102228 0.18267299
-2.9427996 17.139977 0.18291764
-2.9427578 17.177696 0.18316212
-2.9430814 17.218731 0.18385553
-2.9447603 17.260368 0.18312916
-2.9450421 17.298878 0.18270294
-2.9448466 17.339724 0.18441629
-2.9529841 14.978107 0.22157082
-2.9529829 15.017357 0.2217966
-2.9529808 15.056581 0.22202227
-2.9529798 15.099699 0.22227028
-2.9529777 15.142786 0.22251816
-2.9529765 15.181932 0.22274336
-2.9529748 15.221051 0.22296843
-2.9529727 15.260144 0.22319332
-2.9529719 15.300055 0.22091605
-2.9529703 15.338257 0.21974413
-2.9529688 15.377277 0.21996985
-2.9529657 15.42017 0.220218
-2.9529648 15.462495 0.2197914
-2.9529638 15.501975 0.21679783
-2.9529619 15.540893 0.21702419
-2.9529603 15.579782 0.21725044
-2.9529586 15.618649 0.21747652
-2.9518955 15.657435 0.2179731
-2.9512594 15.700077 0.2183831
-2.9511962 15.742718 0.21864648
-2.9498577 15.781328 0.21920879
-2.9495144 15.81999 0.21951981
-2.9494386 15.858647 0.21976335
-2.9476643 15.899531 0.21961355
-2.9481122 15.941711 0.22143824
-2.9474785 15.981894 0.22096807
-2.9460459 16.02018 0.2215444
-2.9458981 16.058647 0.22180435
-2.9454157 16.100195 0.22163118
-2.9441702 16.141975 0.22330488
-2.9440224 16.181219 0.22297511
-2.9439702 16.220098 0.22002088
-2.943928 16.257898 0.21958674
-2.9438837 16.300028 0.21984382
-2.94384 16.342131 0.2201007
-2.9438004 16.380381 0.22033408
-2.9437602 16.418604 0.22056727
-2.9437087 16.459661 0.21841358
-2.9436588 16.502602 0.21723415
-2.9436188 16.540743 0.21746817
-2.9435792 16.578859 0.21770199
-2.9435351 16.62076 0.21795903
-2.9434912 16.66263 0.21821588
-2.9434509 16.700666 0.21844921
-2.9434118 16.73868 0.21868238
-2.943368 16.780464 0.21893874
-2.9433243 16.822222 0.21919484
-2.943284 16.860153 0.21942753
-2.9432447 16.898062 0.21966009
-2.9432013 16.93973 0.2199157
-2.9431577 16.981373 0.22017115
-2.9431181 17.019199 0.22040321
-2.943074 17.060783 0.2206583
-2.9430311 17.102335 0.2209132
-2.9429913 17.140085 0.22114474
-2.9429514 17.177809 0.22137617
-2.9429083 17.219275 0.22163056
-2.9428649 17.260717 0.22188477
-2.9428253 17.298363 0.2221157
-2.9427826 17.339745 0.22236957
-2.9427385 17.381098 0.22262321
-2.9529843 14.978106 0.2606709
-2.9529829 15.017359 0.26088426
-2.9529808 15.05658 0.26109743
-2.9529798 15.099699 0.2613318
-2.9529777 15.142784 0.26156595
-2.9529767 15.18193 0.26177865
-2.9529746 15.221051 0.26199126
-2.9529727 15.260144 0.26220381
-2.9529717 15.299216 0.26241618
-2.95297 15.338256 0.26262835
-2.9529684 15.377279 0.26284045
-2.9529662 15.420168 0.26307353
-2.952965 15.463632 0.26241115
-2.9529643 15.501975 0.25962484
-2.9529624 15.540893 0.25983757
-2.9529598 15.579782 0.26005018
-2.9529583 15.618649 0.26026264
-2.9529574 15.657492 0.26047498
-2.9529564 15.700185 0.25682136
-2.9529541 15.742855 0.25705597
-2.9529524 15.781616 0.25726914
-2.9529502 15.820355 0.25748217
-2.9529495 15.859069 0.25769496
-2.9529481 15.897758 0.25790775
-2.9529464 15.940288 0.25814158
-2.9529443 15.982787 0.25837526
-2.9529426 16.021395 0.25858757
-2.9529417 16.059986 0.25879979
-2.95294 16.098547 0.25901183
-2.9529383 16.137085 0.2592237
-2.9529357 16.179447 0.25945666
-2.9524262 16.221653 0.25981149
-2.9511588 16.259783 0.2603271
-2.9508657 16.298996 0.26001802
-2.9503505 16.338699 0.26065585
-2.949707 16.379707 0.26215991
-2.9493036 16.420361 0.26165164
-2.9473681 16.461582 0.25872228
-2.9468284 16.501143 0.25882837
-2.9471691 16.540586 0.25992897
-2.9456887 16.579647 0.25952765
-2.9449906 16.620779 0.25936806
-2.9451511 16.662025 0.26010859
-2.9440188 16.700163 0.26120025
-2.9435461 16.738739 0.25706151
-2.9435019 16.780525 0.25730392
-2.9434586 16.822281 0.25754628
-2.9434183 16.860218 0.25776643
-2.9433789 16.898125 0.25798646
-2.9433341 16.939796 0.25822827
-2.9432909 16.98144 0.25846988
-2.9432518 17.019268 0.25868949
-2.9432082 17.060854 0.2589308
-2.9431643 17.102409 0.2591719
-2.943125 17.140158 0.25939101
-2.9430854 17.177887 0.25960994
-2.9430425 17.219355 0.25985056
-2.9429986 17.260798 0.26009107
-2.9429591 17.298445 0.26030952
-2.9429157 17.339832 0.26054969
-2.942872 17.381184 0.26078963
-2.9529824 15.017357 0.29997188
-2.9529808 15.056581 0.30017257
-2.9529798 15.099699 0.30039322
-2.9529779 15.142784 0.30061373
-2.952976 15.181933 0.30081403
-2.9529746 15.22105 0.30101421
-2.9529727 15.260146 0.30121425
-2.9529722 15.299216 0.30141422
-2.95297 15.338258 0.30161399
-2.9529681 15.377277 0.30181369
-2.952966 15.420169 0.30203316
-2.952965 15.463031 0.3022525
-2.9529641 15.501975 0.30245179
-2.9529617 15.540893 0.30265093
-2.9529603 15.579782 0.30284995
-2.9529583 15.618649 0.30304885
-2.9529572 15.65749 0.30324763
-2.9529564 15.700187 0.29957902
-2.9529545 15.742857 0.29979867
-2.9529521 15.781616 0.29999831
-2.95295 15.820356 0.30019778
-2.9529495 15.859068 0.30039707
-2.9529481 15.896899 0.29843602
-2.9529469 15.940287 0.29693592
-2.9529448 15.982788 0.29715607
-2.9529426 16.021395 0.29735604
-2.9529417 16.059984 0.29755601
-2.9529397 16.098547 0.29775578
-2.9529383 16.137085 0.29795545
-2.9529364 16.179449 0.29817489
-2.9529345 16.221781 0.29839423
-2.952934 16.260244 0.29859349
-2.9529314 16.298674 0.29879263
-2.9529309 16.33709 0.29899165
-2.9529283 16.379313 0.2992104
-2.9529269 16.421511 0.299429
-2.9529259 16.459841 0.2996276
-2.9529243 16.498146 0.29982603
-2.9529226 16.540264 0.30004421
-2.95292 16.582348 0.3002623
-2.9529192 16.620579 0.30046034
-2.9529183 16.658789 0.30065826
-2.9529166 16.700788 0.30087584
-2.9513657 16.7421 0.29759291
-2.9509792 16.780769 0.2972616
-2.9497941 16.819536 0.29798144
-2.9501462 16.860704 0.29939377
-2.94944 16.901068 0.29885831
-2.9478033 16.940304 0.29838291
-2.9481511 16.980143 0.29956022
-2.9480171 17.019714 0.30084231
-2.9461441 17.061329 0.29952645
-2.9464903 17.101736 0.30056289
-2.9457486 17.1397 0.30129376
-2.9450924 17.178326 0.30188671
-2.9445639 17.21973 0.30105329
-2.9436355 17.25979 0.29988587
-2.9430931 17.298529 0.29850692
-2.9430487 17.339912 0.29873338
-2.943006 17.381271 0.29895961
-2.9529824 15.01736 0.33905947
-2.9529808 15.05658 0.33924773
-2.9529798 15.099698 0.33945471
-2.9529779 15.142786 0.33966148
-2.9529765 15.181929 0.33984938
-2.9529746 15.221052 0.34003717
-2.9529727 15.260145 0.34022471
-2.9529722 15.299216 0.34041229
-2.9529703 15.338258 0.3405996
-2.9529688 15.377277 0.3407869
-2.952966 15.420168 0.34099278
-2.9529648 15.463032 0.3411985
-2.9529641 15.501975 0.34138539
-2.9529617 15.540893 0.34157217
-2.9529603 15.579782 0.34175882
-2.9529586 15.618649 0.34194535
-2.9529572 15.657488 0.34213176
-2.9529564 15.700187 0.34233674
-2.9529541 15.742855 0.34254146
-2.9529524 15.781616 0.34272754
-2.9529502 15.820354 0.34291348
-2.9529495 15.859069 0.34309924
-2.9529481 15.898588 0.34079424
-2.9529471 15.940288 0.33960959
-2.952944 15.982788 0.33981487
-2.9529424 16.021395 0.34000146
-2.9529417 16.059986 0.34018785
-2.9529402 16.098549 0.34037417
-2.9529388 16.137085 0.34056038
-2.9529364 16.179447 0.33689317
-2.9529345 16.221783 0.33709905
-2.952934 16.260244 0.33728611
-2.9529319 16.298677 0.33747303
-2.9529307 16.337086 0.33765984
-2.9529283 16.379313 0.33786508
-2.9529269 16.421509 0.3380703
-2.9529259 16.459841 0.33825672
-2.9529243 16.498146 0.33844298
-2.9529223 16.540264 0.33864778
-2.9529202 16.582348 0.33885244
-2.952919 16.620579 0.3390384
-2.9529181 16.658789 0.33922416
-2.9529164 16.70079 0.33942842
-2.9529145 16.742765 0.33963257
-2.9529121 16.780891 0.339818
-2.9529114 16.819 0.34000331
-2.9529102 16.860889 0.34020701
-2.9529078 16.902754 0.34041059
-2.9529061 16.940783 0.34059551
-2.9529045 16.97879 0.34078035
-2.9529035 17.020571 0.34098351
-2.9529023 17.062323 0.34118661
-2.9529002 17.100254 0.34137103
-2.952899 17.138161 0.34155542
-2.9528964 17.179831 0.34175798
-2.9528959 17.221468 0.34196052
-2.9517424 17.260159 0.33922282
-2.9515035 17.300558 0.33935818
-2.9509242 17.341917 0.33851919
-2.9529829 15.017359 0.37814716
-2.9529808 15.05658 0.3783229
-2.95298 15.0997 0.37851617
-2.9529777 15.142784 0.37870929
-2.9529765 15.181932 0.3788847
-2.9529748 15.22105 0.37906003
-2.9529727 15.260143 0.37923527
-2.9529722 15.299216 0.37941033
-2.95297 15.338258 0.37958527
-2.9529688 15.377277 0.37976018
-2.952966 15.42017 0.3799524
-2.9529648 15.463032 0.38014451
-2.9529641 15.501975 0.38031903
-2.9529619 15.540893 0.38049343
-2.9529603 15.579784 0.38066769
-2.9529586 15.618648 0.38084185
-2.9529572 15.65749 0.38101593
-2.9529562 15.700186 0.38120735
-2.9529541 15.742855 0.3813985
-2.9529524 15.781616 0.38157228
-2.9529502 15.820355 0.38174587
-2.9529493 15.85907 0.38191932
-2.9529476 15.897758 0.38209271
-2.9529467 15.940289 0.38228327
-2.9529448 15.982787 0.38247377
-2.9529426 16.021395 0.38264683
-2.9529417 16.059988 0.38281974
-2.95294 16.098547 0.3829926
-2.9529386 16.137085 0.38316533
-2.9529359 16.179447 0.37948325
-2.9529345 16.221781 0.3796744
-2.952934 16.260246 0.37984797
-2.9529321 16.298677 0.38002142
-2.9529307 16.337088 0.38019484
-2.9529278 16.379314 0.38038537
-2.9529269 16.421509 0.38057581
-2.9529262 16.459253 0.37777475
-2.9529238 16.498146 0.37706003
-2.9529228 16.540264 0.37725145
-2.9529204 16.582348 0.37744272
-2.9529192 16.620579 0.37761647
-2.9529183 16.658789 0.37779015
-2.9529166 16.700787 0.37798101
-2.9529145 16.742765 0.3781718
-2.9529121 16.780891 0.37834513
-2.9529114 16.819 0.37851828
-2.9529104 16.860889 0.37870875
-2.952908 16.902752 0.37889898
-2.9529066 16.940784 0.37907177
-2.9529045 16.97879 0.37924454
-2.9529035 17.020573 0.3794345
-2.9529018 17.062323 0.37962425
-2.9528997 17.100254 0.37979662
-2.9528985 17.138163 0.37996891
-2.9528964 17.179831 0.38015828
-2.9528959 17.221468 0.38034764
-2.952894 17.259302 0.38051957
-2.9528921 17.300886 0.38070858
-2.9528906 17.342445 0.38089743
-2.9529829 15.017357 0.41723478
-2.9529808 15.056581 0.41739815
-2.9529796 15.0997 0.41757759
-2.9529779 15.142786 0.417757
-2.9529765 15.181929 0.41791996
-2.9529746 15.221051 0.41808292
-2.9529727 15.260144 0.41824567
-2.9529717 15.299215 0.41840836
-2.95297 15.338257 0.41857091
-2.9529684 15.377277 0.41873333
-2.9529662 15.420168 0.41891196
-2.9529648 15.463031 0.41909042
-2.9529641 15.501976 0.41925257
-2.9529619 15.540893 0.41941464
-2.9529603 15.579782 0.41957664
-2.9529583 15.618649 0.41973838
-2.9529572 15.65749 0.41990009
-2.9529564 15.700185 0.42007789
-2.9529541 15.742855 0.42025554
-2.9529524 15.781617 0.42041695
-2.9529502 15.820355 0.4205783
-2.9529495 15.85907 0.42073944
-2.9529476 15.897758 0.42090052
-2.9529462 15.940288 0.42107758
-2.9529448 15.982785 0.42125458
-2.9529421 16.021395 0.42141533
-2.9529417 16.059986 0.42157593
-2.95294 16.098547 0.42173654
-2.9529383 16.137083 0.42189702
-2.9529364 16.179449 0.42207342
-2.952935 16.221783 0.42224967
-2.952934 16.260244 0.42240983
-2.9529319 16.298677 0.42256984
-2.9529302 16.33709 0.42272985
-2.9529281 16.379314 0.42290553
-2.9529269 16.421507 0.42308122
-2.9529262 16.460369 0.42004624
-2.9529243 16.498146 0.41953871
-2.9529223 16.540262 0.41971546
-2.95292 16.58235 0.41989186
-2.952919 16.620579 0.42005241
-2.9529185 16.658785 0.4202126
-2.9529169 16.700787 0.42038885
-2.952914 16.742765 0.42056486
-2.9529121 16.780077 0.41934568
-2.9529114 16.819002 0.41703331
-2.9529104 16.860889 0.4172104
-2.952908 16.902754 0.41738731
-2.9529068 16.940784 0.41754806
-2.9529045 16.97879 0.41770878
-2.9529035 17.020571 0.41788539
-2.9529018 17.062323 0.41806191
-2.9529002 17.100254 0.41822225
-2.952899 17.138161 0.41838253
-2.9528966 17.179831 0.41855866
-2.9528959 17.221468 0.41873458
-2.9528937 17.259302 0.41889462
-2.9528921 17.30089 0.41907039
-2.9528904 17.342447 0.41924608
-2.9529822 15.017358 0.46023118
-2.9529805 15.05658 0.46038076
-2.95298 15.099699 0.45663911
-2.9529779 15.142787 0.45680481
-2.9529767 15.181932 0.45695537
-2.9529748 15.22105 0.45710579
-2.9529727 15.260143 0.4572562
-2.9529717 15.299216 0.4574064
-2.9529703 15.33826 0.45755655
-2.9529688 15.377277 0.4577066
-2.9529662 15.420169 0.45787159
-2.952965 15.463032 0.45803645
-2.9529641 15.501975 0.45818615
-2.9529617 15.540893 0.45833588
-2.9529603 15.579782 0.45848542
-2.9529586 15.618647 0.45863491
-2.9529574 15.65749 0.45878428
-2.952956 15.700186 0.45894849
-2.9529541 15.742855 0.45911261
-2.9529524 15.781616 0.45926166
-2.9529502 15.820355 0.45941067
-2.9529495 15.859069 0.45955956
-2.9529481 15.897757 0.45970836
-2.9529467 15.940288 0.45987186
-2.9529448 15.982787 0.46003532
-2.9529426 16.021395 0.46018392
-2.9529417 16.059986 0.46033221
-2.95294 16.098547 0.46048045
-2.9529383 16.137087 0.46062878
-2.9529359 16.179447 0.46079174
-2.952935 16.221779 0.46095458
-2.9529335 16.260244 0.46110246
-2.9529319 16.298676 0.46125028
-2.9529302 16.337088 0.46139789
-2.9529281 16.379314 0.46156031
-2.9529269 16.421509 0.46172255
-2.9529259 16.459841 0.46187001
-2.9529243 16.498146 0.46201736
-2.9529226 16.540264 0.46217933
-2.9529202 16.582348 0.46234119
-2.952919 16.620579 0.46248817
-2.9529183 16.658789 0.46263519
-2.9529164 16.70079 0.46279669
-2.9529145 16.742765 0.4629581
-2.9529119 16.78174 0.46139586
-2.9529114 16.819 0.45939976
-2.9529102 16.860888 0.45956224
-2.9529083 16.902752 0.45972458
-2.9529061 16.940784 0.45987207
-2.9529042 16.97879 0.46001944
-2.9529035 17.020571 0.46018144
-2.9529023 17.062321 0.46034339
-2.9529004 17.100254 0.46049041
-2.9528983 17.138157 0.46063745
-2.9528964 17.178797 0.45904976
-2.9528959 17.221468 0.45712176
-2.9528942 17.259302 0.45726967
-2.952893 17.300886 0.45743227
-2.9528904 17.342445 0.45759463
-2.9529829 15.017357 0.50322759
-2.9529808 15.05658 0.50336349
-2.9529798 15.099697 0.49960676
-2.9529784 15.142786 0.49975729
-2.9529765 15.181931 0.4998942
-2.9529741 15.22105 0.50003088
-2.9529727 15.260144 0.50016761
-2.9529722 15.299218 0.50030434
-2.9529703 15.338258 0.50044078
-2.9529688 15.377277 0.49667981
-2.9529662 15.420169 0.49683121
-2.952965 15.463032 0.4969824
-2.9529641 15.501976 0.49711978
-2.9529619 15.540893 0.49725714
-2.9529603 15.579782 0.49739429
-2.9529586 15.618649 0.49753144
-2.9529572 15.657489 0.49766845
-2.952956 15.700186 0.49781913
-2.9529541 15.742855 0.49796963
-2.9529524 15.781616 0.49810642
-2.9529502 15.820355 0.49824306
-2.9529493 15.859069 0.49837968
-2.9529481 15.897757 0.4985162
-2.9529464 15.940288 0.49866611
-2.9529448 15.982787 0.4988161
-2.9529426 16.021395 0.49895236
-2.9529417 16.059986 0.49908844
-2.9529397 16.098547 0.49922451
-2.9529383 16.137083 0.49936053
-2.9529359 16.179447 0.49950996
-2.9529345 16.221781 0.49965939
-2.952934 16.260244 0.49979499
-2.9529319 16.298676 0.49993056
-2.9529307 16.337088 0.50006604
-2.9529283 16.379314 0.50021505
-2.9529269 16.421511 0.50036395
-2.9529259 16.459843 0.50049919
-2.9529243 16.498146 0.50063437
-2.9529223 16.540262 0.50078291
-2.9529202 16.582348 0.50093138
-2.9529192 16.620581 0.50106627
-2.9529183 16.658787 0.50120103
-2.9529164 16.700788 0.50134921
-2.9529145 16.742765 0.50149733
-2.9529126 16.780891 0.50163192
-2.9529114 16.819 0.50176632
-2.9529104 16.860889 0.50191402
-2.9529083 16.902752 0.50206184
-2.9529066 16.940783 0.50219601
-2.9529047 16.97879 0.50233001
-2.9529035 17.020573 0.50247753
-2.9529018 17.062323 0.50262469
-2.9529002 17.100254 0.50275862
-2.952899 17.138161 0.50289237
-2.9528966 17.180862 0.50094861
-2.9528959 17.221468 0.4993476
-2.952894 17.259302 0.49948218
-2.9528921 17.300892 0.49963018
-2.9528902 17.342445 0.49977818
-2.9529824 15.017357 0.54231524
-2.9529808 15.05658 0.54243857
-2.9529798 15.0997 0.54257429
-2.9529779 15.142786 0.54270995
-2.9529767 15.181931 0.54283309
-2.9529748 15.22105 0.54295611
-2.9529727 15.260144 0.5430792
-2.9529722 15.299216 0.54320216
-2.95297 15.338257 0.54332495
-2.9529688 15.377277 0.53955048
-2.952966 15.420166 0.53968668
-2.9529648 15.463033 0.53982311
-2.9529643 15.501975 0.53994673
-2.9529622 15.540893 0.54007047
-2.9529598 15.579782 0.54019397
-2.9529583 15.618649 0.54031765
-2.9529572 15.65749 0.54044116
-2.9529564 15.699215 0.53814447
-2.9529541 15.742855 0.53682661
-2.9529524 15.781616 0.53695107
-2.9529502 15.820355 0.53707552
-2.9529495 15.859069 0.5371998
-2.9529483 15.897758 0.53732395
-2.9529462 15.940288 0.53746045
-2.9529448 15.982788 0.53759688
-2.9529426 16.021395 0.53772086
-2.9529417 16.059986 0.53784472
-2.95294 16.098549 0.53796852
-2.9529383 16.137085 0.53809226
-2.9529359 16.179449 0.53822815
-2.952935 16.221781 0.53836417
-2.952934 16.260244 0.53848761
-2.9529321 16.298676 0.53861105
-2.9529302 16.337086 0.53873432
-2.9529281 16.379314 0.53886992
-2.9529269 16.421507 0.53900522
-2.9529259 16.459841 0.53912836
-2.9529243 16.498146 0.53925139
-2.9529228 16.540262 0.53938651
-2.9529204 16.582348 0.53952163
-2.9529192 16.620581 0.53964436
-2.9529183 16.658787 0.53976703
-2.9529164 16.700788 0.53990179
-2.9529145 16.742765 0.54003656
-2.9529126 16.780893 0.54015899
-2.9529114 16.819002 0.5402813
-2.9529102 16.860889 0.54041582
-2.952908 16.902752 0.54055017
-2.9529066 16.940784 0.5406723
-2.9529045 16.97879 0.54079425
-2.9529037 17.020571 0.54092842
-2.9529023 17.062323 0.54106236
-2.9529004 17.100254 0.54118419
-2.9528985 17.138161 0.54130578
-2.9528966 17.179831 0.54143959
-2.9528954 17.221468 0.54157335
-2.9528942 17.259304 0.5416947
-2.9528923 17.30089 0.54182827
-2.9528904 17.342445 0.54196167
-2.9529824 15.017357 0.58140284
-2.9529808 15.05658 0.58151376
-2.9529798 15.099699 0.58163577
-2.9529779 15.142787 0.58175772
-2.9529767 15.181931 0.58186841
-2.9529748 15.22105 0.58197904
-2.9529731 15.260144 0.58208966
-2.9529722 15.299216 0.58220017
-2.9529703 15.33826 0.58231062
-2.9529684 15.377277 0.58242106
-2.9529662 15.420169 0.58254236
-2.9529648 15.463031 0.58266354
-2.9529641 15.501975 0.5827738
-2.9529619 15.540893 0.58288383
-2.9529607 15.579782 0.58299387
-2.9529586 15.618648 0.58310378
-2.9529572 15.65749 0.58321363
-2.9529562 15.701098 0.58059335
-2.9529545 15.742856 0.57956928
-2.9529519 15.781616 0.57968032
-2.95295 15.820355 0.57979113
-2.9529495 15.85907 0.57990181
-2.9529488 15.897759 0.58001256
-2.9529467 15.940288 0.58013421
-2.9529443 15.982787 0.58025575
-2.9529424 16.021395 0.58036625
-2.9529417 16.059986 0.58047664
-2.9529402 16.098017 0.57991749
-2.9529388 16.137087 0.57682395
-2.9529359 16.179447 0.57694644
-2.952935 16.221783 0.57706892
-2.952934 16.260244 0.57718015
-2.9529321 16.298676 0.57729137
-2.9529309 16.33709 0.57740247
-2.9529288 16.379314 0.57752454
-2.9529269 16.421507 0.57764667
-2.9529259 16.459841 0.57775748
-2.9529243 16.498146 0.57786828
-2.9529221 16.540262 0.57799011
-2.9529202 16.582348 0.57811183
-2.9529192 16.620579 0.57822245
-2.9529183 16.658789 0.57833296
-2.9529164 16.700788 0.57845438
-2.9529145 16.742765 0.57857585
-2.9529126 16.780895 0.57868612
-2.9529116 16.819 0.57879633
-2.9529099 16.860889 0.5789175
-2.9529083 16.902752 0.57903856
-2.9529066 16.940783 0.57914847
-2.9529047 16.97879 0.57925856
-2.9529035 17.020573 0.57937938
-2.9529016 17.062323 0.57950014
-2.9529004 17.100252 0.57960981
-2.9528983 17.138161 0.57971948
-2.9528966 17.179831 0.57983994
-2.9528954 17.221468 0.57996047
-2.9528942 17.2593 0.58006978
-2.9528921 17.300886 0.58019006
-2.9528909 17.342445 0.58031034
-2.9529846 14.978106 0.62039191
-2.9529829 15.017357 0.62049055
-2.9529808 15.05658 0.62058896
-2.9529798 15.099699 0.62069726
-2.9529779 15.142786 0.62080544
-2.952976 15.181931 0.62090367
-2.9529746 15.221051 0.6210019
-2.9529727 15.260145 0.62110013
-2.9529722 15.299216 0.6211983
-2.9529703 15.338257 0.62129617
-2.9529688 15.377279 0.62139428
-2.9529662 15.420169 0.6215018
-2.952965 15.463032 0.62160957
-2.9529638 15.501975 0.6217072
-2.9529619 15.540893 0.62180513
-2.9529603 15.579782 0.6219027
-2.9529586 15.618649 0.62200028
-2.9529572 15.65749 0.62209785
-2.9529564 15.700186 0.6222049
-2.9529543 15.742855 0.62231219
-2.9529526 15.781616 0.62240946
-2.9529502 15.820355 0.62250686
-2.9529495 15.85907 0.62260401
-2.9529483 15.897757 0.62270111
-2.9529462 15.940287 0.62280786
-2.9529448 15.982785 0.62291467
-2.9529426 16.021395 0.62301165
-2.9529419 16.059986 0.62310851
-2.9529402 16.09914 0.62231278
-2.9529383 16.137085 0.61942893
-2.9529357 16.179449 0.61953664
-2.9529345 16.221779 0.61964422
-2.952934 16.260246 0.61974204
-2.9529321 16.298677 0.61983979
-2.9529307 16.337088 0.61993748
-2.9529278 16.379313 0.62004477
-2.9529266 16.421511 0.62015218
-2.9529262 16.459841 0.62024963
-2.952925 16.498146 0.62034696
-2.9529223 16.540264 0.62045407
-2.9529202 16.582348 0.62056106
-2.9529192 16.620579 0.62065822
-2.9529183 16.658789 0.61689883
-2.9529164 16.700787 0.61700702
-2.9529145 16.742765 0.61711502
-2.9529123 16.780891 0.61721319
-2.9529114 16.819 0.6173113
-2.9529104 16.860889 0.61741912
-2.9529083 16.902754 0.61752695
-2.9529068 16.940784 0.61762482
-2.9529045 16.97879 0.61772275
-2.9529035 17.020571 0.61783034
-2.9529018 17.062323 0.6179378
-2.9528997 17.100254 0.6180355
-2.9528985 17.138161 0.61813307
-2.9528966 17.179829 0.61824024
-2.9528959 17.221468 0.61834753
-2.952894 17.259302 0.61844492
-2.9528928 17.300886 0.61855197
-2.9528906 17.342445 0.61865896
-2.9529843 14.978106 0.65949214
-2.9529829 15.017357 0.65957814
-2.9529808 15.05658 0.65966415
-2.9529798 15.0997 0.65975869
-2.9529779 15.142786 0.65985316
-2.9529765 15.181928 0.65993905
-2.9529748 15.22105 0.66002488
-2.9529727 15.260144 0.66011053
-2.9529722 15.299216 0.6601963
-2.9529703 15.338258 0.66028196
-2.9529691 15.377276 0.66036749
-2.952966 15.420168 0.66046149
-2.9529648 15.463032 0.6605556
-2.9529641 15.501976 0.66064078
-2.9529619 15.540893 0.66072631
-2.9529603 15.579781 0.6608116
-2.9529586 15.618648 0.66089678
-2.9529572 15.657489 0.66098207
-2.9529557 15.700186 0.66107577
-2.9529543 15.742855 0.66116923
-2.9529524 15.781616 0.66125429
-2.9529502 15.820355 0.66133916
-2.9529495 15.85907 0.6614241
-2.9529483 15.897758 0.66150892
-2.9529462 15.940288 0.66160226
-2.9529443 15.982787 0.66169542
-2.9529426 16.021395 0.66178012
-2.9529417 16.059986 0.66186476
-2.9529405 16.098549 0.66194934
-2.9529383 16.137087 0.6620338
-2.9529359 16.179449 0.66212684
-2.9529345 16.221779 0.66221952
-2.952934 16.260244 0.66230392
-2.9529321 16.298676 0.66238815
-2.9529307 16.337088 0.66247249
-2.9529288 16.379314 0.66256499
-2.9529269 16.421509 0.66265762
-2.9529259 16.459843 0.66274172
-2.9529243 16.498146 0.66282564
-2.9529223 16.540262 0.66291797
-2.9529209 16.582348 0.66301042
-2.9529192 16.620581 0.66309416
-2.9529185 16.658789 0.65932143
-2.9529171 16.700787 0.65941489
-2.952914 16.742765 0.65950841
-2.9529121 16.780893 0.65959305
-2.9529114 16.819 0.6596778
-2.9529104 16.860889 0.65977097
-2.9529088 16.902752 0.65986419
-2.9529061 16.940783 0.65994889
-2.9529042 16.97879 0.66003335
-2.9529035 17.020573 0.66012633
-2.9529021 17.062323 0.66021919
-2.9529006 17.100254 0.66030371
-2.9528985 17.138161 0.66038793
-2.9528966 17.179829 0.66048056
-2.9528959 17.221468 0.6605733
-2.9528947 17.259304 0.66065735
-2.9528921 17.30089 0.66075003
-2.9528902 17.341866 0.65789133
-2.9529843 14.978106 0.69859213
-2.9529829 15.017359 0.69866586
-2.9529808 15.056581 0.69873929
-2.95298 15.099697 0.69882023
-2.9529779 15.142786 0.698901
-2.952976 15.181929 0.69897437
-2.9529748 15.22105 0.69904768
-2.9529731 15.260145 0.699121
-2.9529722 15.299216 0.69919431
-2.9529703 15.338258 0.69926751
-2.9529691 15.377277 0.69934082
-2.9529662 15.420168 0.69942111
-2.9529648 15.463032 0.69950157
-2.9529641 15.501975 0.69957453
-2.9529619 15.540893 0.69964755
-2.9529603 15.579781 0.69972038
-2.9529586 15.618649 0.69979334
-2.9529572 15.65749 0.69986618
-2.9529562 15.700185 0.69994634
-2.9529541 15.742855 0.70002633
-2.9529524 15.781616 0.70009893
-2.9529502 15.820356 0.70017159
-2.9529495 15.859067 0.70024419
-2.9529483 15.897758 0.70031679
-2.9529464 15.940288 0.70039654
-2.9529443 15.982787 0.70047623
-2.9529426 16.021395 0.70054865
-2.9529419 16.059984 0.70062095
-2.9529397 16.098547 0.70069331
-2.9529383 16.137087 0.70076561
-2.9529364 16.179449 0.700845
-2.9529345 16.221781 0.70092428
-2.9529335 16.260244 0.70099646
-2.9529321 16.298676 0.70106858
-2.9529309 16.337088 0.70114058
-2.952929 16.379314 0.70121974
-2.9529269 16.421509 0.70129889
-2.9529259 16.459841 0.70137084
-2.9529238 16.498146 0.70144266
-2.9529223 16.540262 0.70152181
-2.9529209 16.582346 0.70160049
-2.9529192 16.620579 0.7016722
-2.9529183 16.658789 0.7017439
-2.9529166 16.700788 0.70182264
-2.9529142 16.742765 0.70190126
-2.9529123 16.780891 0.70197278
-2.9529114 16.819002 0.70204437
-2.9529102 16.860889 0.70212287
-2.9529083 16.902752 0.70220131
-2.9529068 16.940784 0.70227265
-2.9529045 16.97879 0.702344
-2.9529035 17.020571 0.70242238
-2.9529018 17.062323 0.70250058
-2.9529006 17.100254 0.70257169
-2.9528985 17.138161 0.7026428
-2.9528966 17.179831 0.70272094
-2.9528959 17.221468 0.70279908
-2.9528942 17.259304 0.70286995
-2.9528923 17.300886 0.70294797
-2.9528902 17.342968 0.69985342
-2.9529846 14.978106 0.73769224
-2.9529824 15.017357 0.73775345
-2.9529808 15.05658 0.73781449
-2.95298 15.099699 0.7378816
-2.9529779 15.142786 0.73794878
-2.9529767 15.181929 0.73800969
-2.9529748 15.22105 0.73807067
-2.9529727 15.260145 0.73813146
-2.9529722 15.299216 0.73819238
-2.9529703 15.338257 0.73825318
-2.9529688 15.377277 0.73831397
-2.9529662 15.420168 0.73838067
-2.9529648 15.463032 0.73844749
-2.9529641 15.501976 0.73850816
-2.9529619 15.540893 0.7385689
-2.9529603 15.579779 0.7386294
-2.9529586 15.618648 0.7386899
-2.9529572 15.657489 0.73875028
-2.952956 15.700187 0.73881686
-2.9529541 15.742855 0.73888338
-2.9529526 15.781616 0.73894364
-2.9529502 15.820356 0.73900408
-2.9529495 15.85907 0.73906428
-2.9529483 15.897758 0.73912454
-2.9529464 15.940288 0.73919082
-2.9529448 15.982788 0.73925704
-2.9529426 16.021395 0.73931712
-2.9529417 16.059984 0.7393772
-2.95294 16.098547 0.73943734
-2.9529388 16.137085 0.7394973
-2.9529359 16.179449 0.73956329
-2.9529345 16.221781 0.73962903
-2.952934 16.260244 0.73968923
-2.9529321 16.298676 0.73974901
-2.9529302 16.337086 0.7398088
-2.9529283 16.379314 0.73987454
-2.9529269 16.421507 0.73994029
-2.9529259 16.459841 0.74000001
-2.9529243 16.498146 0.74005961
-2.9529228 16.540262 0.74012524
-2.9529209 16.582348 0.74019074
-2.9529192 16.620579 0.74025035
-2.9529183 16.658789 0.74030977
-2.9529166 16.700788 0.74037516
-2.9529145 16.742765 0.74044061
-2.9529126 16.780893 0.74049985
-2.9529114 16.818998 0.7405594
-2.9529102 16.860889 0.74062443
-2.9529083 16.902752 0.74068969
-2.9529066 16.940784 0.74074906
-2.9529045 16.97879 0.74080819
-2.9529037 17.020569 0.74087334
-2.9529018 17.062321 0.74093825
-2.9529004 17.100254 0.74099737
-2.9528985 17.138159 0.74105626
-2.9528966 17.179831 0.74112135
-2.9528959 17.221468 0.74118614
-2.952894 17.259304 0.74124509
-2.9528923 17.30089 0.74130982
-2.9528909 17.342447 0.74137461
-2.9529858 14.942762 0.76501518
-2.9050984 14.940827 0.78697807
-2.9529841 14.978107 0.7689724
-2.9040124 14.978244 0.78987449
-2.9529829 15.017356 0.76902354
-2.9042993 15.018184 0.79095763
-2.952981 15.05756 0.77005267
-2.9075429 15.058313 0.79119033
-2.95298 15.0997 0.77303702
-2.9048848 15.102895 0.79486847
-2.9529777 15.142786 0.77309167
-2.9082835 15.140958 0.79474843
-2.9529765 15.182952 0.77568853
-2.9137287 15.171113 0.79452181
-2.9529746 15.221051 0.77709353
-2.9529727 15.260144 0.77714211
-2.9529722 15.299216 0.77719039
-2.9529703 15.338258 0.77723885
-2.9529688 15.377276 0.77728713
-2.9529665 15.420169 0.77734029
-2.9529648 15.463032 0.77739358
-2.9529641 15.501975 0.77744186
-2.9529619 15.540893 0.77749008
-2.9529603 15.579782 0.7775383
-2.9529593 15.618648 0.77758646
-2.9529572 15.65749 0.77763456
-2.952956 15.700186 0.77768767
-2.9529541 15.742855 0.77774042
-2.9529524 15.781616 0.77778846
-2.9529502 15.820356 0.77783644
-2.9529495 15.859069 0.77788442
-2.9529486 15.897758 0.77793229
-2.9529464 15.940287 0.77798522
-2.9529443 15.982788 0.77803779
-2.9529426 16.021395 0.77808565
-2.9529417 16.059984 0.77813357
-2.9529405 16.098547 0.77818131
-2.9529383 16.137085 0.77822912
-2.9529364 16.179449 0.77828145
-2.952935 16.221783 0.7783339
-2.952934 16.260244 0.77838165
-2.9529321 16.298677 0.77842927
-2.9529307 16.337088 0.77847689
-2.9529283 16.379314 0.77852929
-2.9529269 16.421507 0.77858162
-2.9529259 16.459841 0.77862906
-2.9529238 16.498146 0.77867669
-2.9529223 16.540264 0.77872878
-2.9529204 16.582348 0.778781
-2.9529192 16.620581 0.77882838
-2.9529183 16.658789 0.77887571
-2.9529166 16.700788 0.7789278
-2.9529145 16.742765 0.77897978
-2.9529123 16.780895 0.7790271
-2.9529114 16.819 0.77907419
-2.9529104 16.860889 0.77912629
-2.9529083 16.902752 0.77917814
-2.9529066 16.940781 0.77922529
-2.9529045 16.97879 0.77927238
-2.9529035 17.020571 0.77932417
-2.9529018 17.062323 0.77937591
-2.9529006 17.100254 0.779423
-2.952899 17.138159 0.77946991
-2.9528966 17.179831 0.77952164
-2.9528959 17.221468 0.77957326
-2.9528937 17.259304 0.77962011
-2.9528918 17.300886 0.77967167
-2.9528909 17.342447 0.77972323
-2.9020684 14.941448 0.81787515
-2.9020109 14.980037 0.81791282
-2.9019525 15.0186 0.81795061
-2.9018939 15.057135 0.81798846
-2.9019201 15.099483 0.81802583
-2.9021032 15.141777 0.81805611
-2.9022779 15.180211 0.81808335
-2.9026077 15.218605 0.81810385
-2.904108 15.258586 0.81722236
-2.9529717 15.30312 0.80059338
-2.9029534 15.299525 0.82167459
-2.95297 15.338259 0.80063027
-2.9032178 15.341391 0.82202178
-2.9529686 15.377278 0.8006711
-2.9050193 15.379641 0.82198012
-2.9529669 15.42017 0.80461198
-2.9028893 15.418056 0.82593244
-2.952965 15.463034 0.80465573
-2.9044034 15.460139 0.82590955
-2.9529636 15.503922 0.80664378
-2.9056325 15.500463 0.82707316
-2.9529617 15.540892 0.80862707
-2.9039965 15.540494 0.82982272
-2.9529607 15.579782 0.80866534
-2.907016 15.578786 0.82974446
-2.9529588 15.619943 0.81129783
-2.9073806 15.617023 0.83167601
-2.9529574 15.657488 0.81263036
-2.9069772 15.66288 0.83364546
-2.9529555 15.700187 0.81267112
-2.9133751 15.701488 0.83345777
-2.9529541 15.742855 0.81659752
-2.9529524 15.781617 0.81663322
-2.95295 15.820951 0.81756538
-2.9529495 15.85824 0.8191995
-2.9529486 15.897757 0.81674027
-2.9529464 15.940288 0.81677938
-2.9529448 15.982787 0.81681871
-2.9529426 16.021395 0.81685418
-2.9529419 16.059986 0.8168897
-2.95294 16.098549 0.81692523
-2.9529383 16.137085 0.81696081
-2.9529364 16.179449 0.81699967
-2.952935 16.221783 0.81703877
-2.9529335 16.260244 0.8170743
-2.9529319 16.298676 0.81710976
-2.9529309 16.33709 0.81714523
-2.9529283 16.379314 0.81718415
-2.9529274 16.421509 0.81722289
-2.9529259 16.459839 0.8172583
-2.9529243 16.498146 0.81729364
-2.9529228 16.540262 0.81733257
-2.9529209 16.582348 0.81737107
-2.9529192 16.620579 0.81740648
-2.9529183 16.658791 0.8174417
-2.9529166 16.70079 0.81748039
-2.9529145 16.742765 0.81751907
-2.9529126 16.780893 0.81755418
-2.9529114 16.819 0.81758934
-2.9529102 16.860889 0.81762791
-2.9529083 16.902752 0.81766653
-2.9529068 16.940784 0.81770158
-2.9529045 16.97879 0.81773657
-2.9529037 17.020573 0.81777507
-2.9529018 17.062319 0.81781369
-2.9529006 17.100252 0.81784868
-2.9528985 17.138159 0.81788355
-2.9528966 17.179831 0.81792182
-2.9528959 17.221468 0.81796038
-2.9528942 17.259302 0.81799525
-2.9528921 17.30089 0.81803346
-2.9528906 17.342445 0.8180719
-2.9528887 17.380201 0.81810659
-2.903264 14.941202 0.86010462
-2.9032052 14.979807 0.8601281
-2.9031465 15.018386 0.86015165
-2.9031043 15.057682 0.86079431
-2.9030075 15.099869 0.85965312
-2.9029603 15.141664 0.86022663
-2.9029012 15.180132 0.86025006
-2.9028432 15.218578 0.86027354
-2.902801 15.257738 0.86091477
-2.9027047 15.299771 0.85977566
-2.902657 15.341424 0.86034828
-2.9025989 15.379757 0.86037153
-2.9025397 15.418066 0.86039484
-2.9024763 15.460175 0.86042041
-2.9024124 15.502253 0.86044592
-2.902355 15.540479 0.86046928
-2.9022968 15.578679 0.86049259
-2.902267 15.62067 0.86051702
-2.9023986 15.662641 0.8605364
-2.9025323 15.70077 0.86055362
-2.9027395 15.738891 0.86056864
-2.9032674 15.780286 0.86112082
-2.9042463 15.821218 0.86122596
-2.952949 15.870679 0.84000504
-2.9030218 15.860696 0.86444384
-2.9529481 15.897758 0.84002483
-2.9042554 15.898873 0.86442947
-2.9529462 15.944153 0.84264487
-2.9038641 15.93944 0.86680794
-2.9529448 15.982788 0.84396505
-2.9037194 15.982353 0.86830246
-2.9529433 16.021399 0.84399205
-2.9050295 16.019728 0.86888927
-2.9529417 16.059986 0.84789473
-2.9033113 16.058128 0.87216061
-2.9529397 16.098547 0.84792048
-2.9045627 16.098951 0.87259966
-2.9529383 16.138048 0.84891498
-2.9059312 16.138525 0.87331074
-2.9529369 16.179449 0.85184628
-2.9045348 16.179571 0.87599993
-2.9529347 16.221781 0.85187322
-2.9078441 16.218229 0.87595093
-2.952934 16.261246 0.85442156
-2.9067726 16.256863 0.87870884
-2.9529319 16.298676 0.8557902
-2.9078326 16.30146 0.87979966
-2.9529309 16.337088 0.85581338
-2.9138882 16.337238 0.87970692
-2.9529283 16.379864 0.85915238
-2.9529269 16.421507 0.85972846
-2.9529262 16.459841 0.85975045
-2.952925 16.498146 0.85977232
-2.9529221 16.540262 0.85979635
-2.9529202 16.582348 0.85982037
-2.9529192 16.620579 0.85984248
-2.9529185 16.658789 0.85986429
-2.9529171 16.700788 0.85988826
-2.952914 16.742765 0.85991222
-2.9529121 16.780891 0.85993409
-2.9529114 16.819002 0.85995579
-2.9529104 16.860888 0.85997981
-2.9529088 16.902754 0.86000377
-2.9529061 16.940784 0.86002553
-2.9529042 16.97879 0.86004722
-2.9529037 17.020569 0.8600713
-2.9529023 17.062321 0.86009502
-2.9529002 17.100254 0.86011678
-2.9528983 17.138159 0.86013836
-2.9528966 17.179829 0.86016232
-2.9528959 17.221468 0.86018604
-2.9528947 17.259304 0.86020774
-2.9528925 17.30089 0.86023158
-2.9528906 17.342445 0.86025512
-2.9528887 17.380201 0.86027694
-2.9048867 14.940869 0.90236753
-2.9045868 14.979544 0.90237772
-2.9043298 15.018176 0.90238756
-2.9042497 15.060601 0.90239775
-2.9041908 15.102998 0.90240759
-2.9041359 15.141506 0.90241677
-2.9040823 15.179993 0.90242571
-2.9040287 15.218452 0.90243483
-2.903969 15.260726 0.90244502
-2.9039071 15.302971 0.90245509
-2.9038479 15.341347 0.90246397
-2.903789 15.379699 0.90247309
-2.9037311 15.418022 0.90248209
-2.9036667 15.46015 0.90249223
-2.9036026 15.502246 0.90250212
-2.9035437 15.540488 0.90251112
-2.9034858 15.578705 0.9025203
-2.9034212 15.620711 0.90253031
-2.903357 15.662688 0.90254003
-2.9032989 15.70082 0.90254903
-2.9032407 15.738931 0.90255821
-2.9031763 15.78082 0.90256786
-2.9031129 15.822677 0.902578
-2.9030542 15.860702 0.902587
-2.9029965 15.898705 0.90259606
-2.9029324 15.94047 0.90260571
-2.902869 15.982211 0.90261567
-2.9028113 16.02013 0.90262473
-2.9027529 16.058023 0.90263367
-2.9026897 16.099674 0.90264344
-2.9026258 16.141298 0.90265334
-2.9025681 16.179108 0.90266228
-2.9025047 16.220669 0.90267211
-2.9025085 16.262218 0.90268087
-2.9026852 16.300016 0.90268636
-2.902868 16.337797 0.90269166
-2.903192 16.379368 0.90269631
-2.9043622 16.421196 0.90268826
-2.9529252 16.47517 0.88679612
-2.9041958 16.457781 0.90476888
-2.9529243 16.498152 0.88680422
-2.9035079 16.499161 0.90700823
-2.9529226 16.540262 0.88681889
-2.9053442 16.540136 0.90649939
-2.9529209 16.585217 0.88972867
-2.9043286 16.577831 0.90936345
-2.9529195 16.620579 0.89070475
-2.9045975 16.619576 0.91076422
-2.9529178 16.658789 0.89071691
-2.9067581 16.659637 0.91084641
-2.9529159 16.701916 0.8941322
-2.9046352 16.699522 0.91412306
-2.952915 16.742764 0.89459747
-2.9074156 16.740282 0.91445524
-2.9529126 16.781845 0.89557177
-2.9085712 16.778395 0.91573298
-2.9529111 16.819 0.89847088
-2.907594 16.82082 0.91791403
-2.9529102 16.860889 0.89848155
-2.9141288 16.86141 0.9178912
-2.952908 16.903746 0.90100229
-2.9529068 16.940784 0.90234929
-2.9529045 16.97879 0.90235788
-2.9529035 17.020573 0.90236717
-2.9529018 17.062323 0.90237653
-2.9529004 17.100254 0.90238494
-2.952899 17.138161 0.90239334
-2.9528968 17.179831 0.90240264
-2.9528959 17.221468 0.90241194
-2.952894 17.259304 0.90242022
-2.9528923 17.300886 0.90242952
-2.9528906 17.342447 0.90243894
-2.9528887 17.380203 0.9024471
-2.9162765 14.938517 0.92542171
-2.9529841 14.978108 0.9449228
-2.9097311 14.978551 0.92543191
-2.9529831 15.01605 0.94622093
-2.9108167 15.022555 0.92763776
-2.952981 15.05658 0.94882041
-2.9093122 15.06153 0.92893714
-2.9529798 15.099699 0.94881356
-2.9068336 15.102603 0.92928517
-2.9529781 15.142786 0.95271146
-2.9092085 15.141931 0.93258965
-2.9529762 15.181931 0.95270407
-2.9071238 15.179623 0.93312967
-2.9529748 15.219311 0.95313048
-2.9057965 15.218262 0.93312418
-2.9529731 15.260144 0.95659018
-2.9077549 15.260376 0.93697357
-2.9529719 15.299214 0.95658147
-2.9057631 15.302828 0.93695831
-2.9529705 15.330452 0.9565745
-2.9063222 15.342242 0.93870544
-2.906363 15.379569 0.94079393
-2.9052444 15.417969 0.9407804
-2.9048188 15.460122 0.94077283
-2.9045076 15.502244 0.9407661
-2.9042525 15.540493 0.94076014
-2.9041836 15.578719 0.94075608
-2.9041414 15.620739 0.94075203
-2.9040978 15.662724 0.94074774
-2.904058 15.700871 0.94074404
-2.9040179 15.738992 0.94074023
-2.9039748 15.780893 0.94073606
-2.9039314 15.822765 0.94073194
-2.9038918 15.860805 0.94072813
-2.9038508 15.898822 0.94072443
-2.9038026 15.940603 0.94072032
-2.9037538 15.982358 0.94071615
-2.9037094 16.020292 0.94071245
-2.9036658 16.058197 0.94070864
-2.9036171 16.099865 0.94070458
-2.903569 16.141504 0.94070047
-2.9035242 16.179333 0.94069672
-2.9034734 16.220913 0.9406926
-2.9034202 16.262461 0.94068837
-2.9033713 16.300207 0.94068468
-2.9033227 16.337929 0.94068092
-2.9032693 16.379393 0.94067675
-2.9032164 16.420824 0.94067276
-2.9031675 16.458466 0.94066888
-2.9031136 16.499842 0.94066483
-2.9030554 16.541183 0.94066072
-2.9030023 16.578745 0.9406569
-2.9029438 16.620029 0.94065267
-2.9028857 16.661285 0.94064856
-2.902833 16.698763 0.94064492
-2.9027743 16.73996 0.94064069
-2.9027653 16.781151 0.94063658
-2.9029348 16.818653 0.94063258
-2.903137 16.859892 0.94062781
-2.9034674 16.901173 0.94062352
-2.9044492 16.939032 0.94061887
-2.9047236 16.979004 0.94229442
-2.9529033 17.024368 0.92543781
-2.9039841 17.020916 0.94439161
-2.9529021 17.062321 0.92543906
-2.9054563 17.061047 0.94507521
-2.9529002 17.102781 0.9267211
-2.9047444 17.100716 0.94682705
-2.9528985 17.138161 0.92928284
-2.9052439 17.140892 0.94815814
-2.9528973 17.179831 0.9292829
-2.9061072 17.178625 0.94977313
-2.9528959 17.222549 0.93257314
-2.9051456 17.220682 0.95157903
-2.952894 17.259302 0.93312037
-2.9075623 17.259739 0.95235157
-2.9528925 17.301886 0.9339264
-2.9085407 17.293875 0.9535507
-2.9528911 17.342447 0.93695271
-2.9074273 17.335663 0.95569408
-2.9128921 17.372696 0.95573807
-2.9529846 14.978106 0.98011309
-2.9529824 15.017359 0.98009688
-2.9529808 15.056581 0.98008066
-2.9529798 15.099699 0.98006272
-2.9529781 15.142786 0.98004484
-2.9529767 15.181931 0.98002875
-2.9529753 15.221051 0.98001254
-2.9529727 15.260144 0.9799965
-2.9529722 15.299216 0.97998041
-2.952971 15.338257 0.9799642
-2.9529684 15.377279 0.97994798
-2.9529665 15.420169 0.97993034
-2.952965 15.463033 0.98380721
-2.9165742 15.463722 0.96388704
-2.9529641 15.501974 0.9837898
-2.9097304 15.502208 0.96379203
-2.9529619 15.540072 0.98438746
-2.9095926 15.543099 0.96506047
-2.9529607 15.579782 0.98764622
-2.9104958 15.578852 0.96761799
-2.9529588 15.618647 0.98762763
-2.9068153 15.620834 0.96755129
-2.9529574 15.655695 0.98880637
-2.9082518 15.66471 0.97021389
-2.952956 15.700185 0.99147588
-2.9070206 15.701063 0.97135699
-2.9529541 15.742854 0.99145424
-2.9055274 15.739108 0.9713183
-2.9529526 15.781618 0.99531877
-2.9074824 15.779484 0.97447091
-2.952951 15.820355 0.99529791
-2.9058287 15.820891 0.97581023
-2.9529498 15.855199 0.99527907
-2.9060621 15.862112 0.97684383
-2.9061902 15.899134 0.97891366
-2.9048121 15.940098 0.97833997
-2.9045882 15.981619 0.97943062
-2.9041979 16.020378 0.97881919
-2.9039316 16.05825 0.97879761
-2.9038417 16.099913 0.97877854
-2.9038033 16.141556 0.97876078
-2.9037685 16.179392 0.97874433
-2.9037306 16.220976 0.97872663
-2.9036922 16.262537 0.9787088
-2.9036574 16.300289 0.97869265
-2.9036226 16.338018 0.97867656
-2.9035847 16.379488 0.97865868
-2.9035463 16.420933 0.97864091
-2.9035118 16.458582 0.9786247
-2.9034743 16.499968 0.978607
-2.9034362 16.541323 0.9785893
-2.9034019 16.578896 0.97857314
-2.9033637 16.620193 0.97855538
-2.903326 16.661463 0.97853774
-2.9032917 16.698956 0.97852165
-2.9032538 16.74017 0.97850394
-2.9032159 16.781353 0.97848642
-2.9031816 16.818768 0.97847021
-2.9031436 16.859898 0.97845256
-2.9031065 16.900993 0.97843492
-2.9030719 16.938328 0.97841907
-2.9030342 16.97937 0.97840136
-2.9029965 17.020382 0.97838378
-2.9029574 17.060038 0.97755784
-2.9029253 17.100668 0.97918844
-2.9028821 17.139523 0.97833282
-2.9028392 17.180416 0.97831511
-2.902797 17.221281 0.97829765
-2.9027586 17.258408 0.97828174
-2.9027679 17.29925 0.97826463
-2.9029672 17.340191 0.97825015
-2.9031281 17.369959 0.9782396
-2.9529846 14.978106 1.0192131
-2.9529824 15.017356 1.0191845
-2.952981 15.05658 1.0191559
-2.95298 15.099701 1.0191243
-2.9529779 15.142787 1.0190927
-2.952976 15.181931 1.0190639
-2.9529748 15.22105 1.0190355
-2.9529727 15.260145 1.0190068
-2.9529722 15.299216 1.0189782
-2.9529705 15.338256 1.0189499
-2.9529688 15.377279 1.0189214
-2.9529665 15.420169 1.0188899
-2.9529648 15.463032 1.0188584
-2.9529641 15.501975 1.0188299
-2.9529619 15.540893 1.0188017
-2.9529607 15.579782 1.0187733
-2.9529586 15.618648 1.0187449
-2.9529572 15.65749 1.0187166
-2.9529564 15.700185 1.0186852
-2.9529541 15.742856 1.0186541
-2.9529526 15.781616 1.0186257
-2.952951 15.820356 1.0185975
-2.9529495 15.859069 1.0185692
-2.9529486 15.897758 1.0185409
-2.9529459 15.940289 1.0185097
-2.952945 15.981732 1.0205946
-2.9160702 15.988207 1.002007
-2.9529426 16.021397 1.0223273
-2.909842 16.021385 1.0018255
-2.9529417 16.059986 1.0222977
-2.9093926 16.061842 1.0030657
-2.9529405 16.098549 1.0261428
-2.9100683 16.099472 1.005259
-2.9529383 16.137085 1.0261122
-2.9067719 16.140146 1.0058331
-2.9529374 16.177523 1.027048
-2.9080675 16.182158 1.0081408
-2.9529352 16.221783 1.0299153
-2.9067228 16.219358 1.0087712
-2.9529335 16.260241 1.0298836
-2.9052646 16.260283 1.0096221
-2.9529324 16.295383 1.0315123
-2.9072177 16.301279 1.0130179
-2.9529307 16.337088 1.0336869
-2.9052992 16.338507 1.0129273
-2.952929 16.375477 1.033654
-2.9055705 16.38068 1.014372
-2.9060531 16.420866 1.0172833
-2.9045527 16.458931 1.0166169
-2.9055505 16.500694 1.0193062
-2.9049456 16.541142 1.0209801
-2.904139 16.579172 1.0203081
-2.9038565 16.620386 1.0202661
-2.9036016 16.661579 1.0202247
-2.9034412 16.699018 1.02019
-2.9034014 16.740234 1.0201573
-2.9033639 16.781422 1.0201248
-2.9033296 16.818836 1.0200953
-2.9032917 16.859966 1.0200627
-2.903254 16.901066 1.0200301
-2.9032195 16.938406 1.0200006
-2.903182 16.979448 1.019968
-2.9031441 17.020462 1.0199355
-2.9031096 17.057722 1.0199062
-2.9030719 17.098679 1.0198739
-2.9030342 17.139612 1.0198413
-2.902997 17.18051 1.0198088
-2.9029591 17.22138 1.0197766
-2.9029253 17.258512 1.0197471
-2.9028878 17.299326 1.0197148
-2.9028499 17.340113 1.0196825
-2.902823 17.369757 1.0196592
-2.9529843 14.978107 1.0583131
-2.9529829 15.017357 1.0582721
-2.952981 15.056581 1.0582309
-2.9529798 15.099698 1.0581857
-2.9529781 15.142786 1.0581405
-2.952976 15.18193 1.0580994
-2.9529746 15.22105 1.0580585
-2.9529727 15.260144 1.0580173
-2.9529722 15.299216 1.0579765
-2.9529705 15.338257 1.0579354
-2.9529684 15.377277 1.0578946
-2.9529665 15.420169 1.0578496
-2.952965 15.463032 1.0578046
-2.9529641 15.501976 1.0577638
-2.9529624 15.540893 1.0577228
-2.9529603 15.579781 1.0576822
-2.9529591 15.618648 1.0576413
-2.9529572 15.65749 1.0576007
-2.9529564 15.700186 1.0575558
-2.9529541 15.742856 1.0575111
-2.9529526 15.781616 1.0574704
-2.9529507 15.820356 1.0574298
-2.9529495 15.859067 1.0573893
-2.9529488 15.897758 1.0573486
-2.9529462 15.940289 1.057304
-2.9529448 15.982788 1.0572594
-2.9529426 16.021395 1.057219
-2.9529419 16.059986 1.0571786
-2.95294 16.098549 1.057138
-2.9529386 16.137085 1.0570974
-2.9529364 16.179447 1.0570532
-2.9529345 16.221783 1.0570087
-2.9529343 16.260244 1.0569683
-2.9529321 16.298677 1.0569282
-2.9529302 16.337088 1.0568879
-2.9529283 16.379314 1.0568435
-2.9529269 16.422037 1.0599965
-2.9529262 16.459841 1.060622
-2.9529247 16.497326 1.0619606
-2.9529231 16.540262 1.0643954
-2.9529204 16.582346 1.0643486
-2.9177732 16.599442 1.0474088
-2.9529192 16.619852 1.0672461
-2.9135499 16.620426 1.0472094
-2.9529185 16.658787 1.0681202
-2.9077942 16.659527 1.0469275
-2.9529159 16.6994 1.0691251
-2.9108632 16.703819 1.0503964
-2.952915 16.742765 1.071878
-2.9074075 16.740273 1.0502825
-2.9529123 16.780891 1.0718331
-2.9055185 16.780346 1.0508472
-2.9529114 16.817097 1.0737163
-2.9083261 16.819742 1.0548581
-2.9529102 16.860891 1.0755892
-2.9051092 16.859734 1.0537457
-2.952908 16.902752 1.0755388
-2.9058778 16.901531 1.0562892
-2.9529066 16.940783 1.0793403
-2.9060118 16.938747 1.0584785
-2.9529052 16.97879 1.0792933
-2.9043312 16.980049 1.0578099
-2.9529037 17.012978 1.0792508
-2.9059341 17.021957 1.0616291
-2.904465 17.058466 1.0615113
-2.903856 17.099121 1.0614346
-2.9035413 17.139906 1.0613728
-2.9032533 17.180662 1.0613124
-2.9031067 17.221472 1.0612597
-2.9030721 17.258604 1.0612167
-2.9030349 17.299417 1.0611696
-2.902997 17.34021 1.0611227
-2.9029698 17.369854 1.0610883
-2.9529831 15.017359 1.0973595
-2.9529812 15.056581 1.0973061
-2.9529798 15.0997 1.0972472
-2.9529781 15.142786 1.0971884
-2.952976 15.181929 1.0971348
-2.9529748 15.221051 1.0970813
-2.9529731 15.260144 1.097028
-2.9529722 15.299216 1.0969744
-2.9529705 15.338258 1.0969212
-2.9529688 15.377276 1.0968677
-2.9529665 15.420169 1.0968091
-2.952965 15.463032 1.0967506
-2.9529645 15.501976 1.0966973
-2.9529624 15.541726 1.0991452
-2.9529598 15.579782 1.1004821
-2.9529586 15.618648 1.1004275
-2.9529572 15.657491 1.100373
-2.9529564 15.700187 1.1003137
-2.9529545 15.742857 1.1002539
-2.9529519 15.781616 1.1001995
-2.9529502 15.820356 1.1001453
-2.9529495 15.85907 1.1000913
-2.9529488 15.897758 1.1000371
-2.9529467 15.940288 1.0999777
-2.9529445 15.982788 1.0999184
-2.9529424 16.021395 1.0998644
-2.9529419 16.059986 1.0998104
-2.9529407 16.098547 1.0997566
-2.9529388 16.137083 1.0997027
-2.9529357 16.179445 1.0996433
-2.9529347 16.221781 1.099584
-2.952934 16.260246 1.0995305
-2.9529328 16.298677 1.0994765
-2.9529305 16.337088 1.0994227
-2.9529278 16.379314 1.0993638
-2.9529269 16.420918 1.1022779
-2.9529259 16.459841 1.1031141
-2.9529243 16.498146 1.1030593
-2.9529221 16.540262 1.1029991
-2.9529209 16.582348 1.1029389
-2.9529192 16.620581 1.1028842
-2.9529183 16.658787 1.1028295
-2.9529166 16.700787 1.1027694
-2.9529145 16.742765 1.1027093
-2.9529126 16.780891 1.1026551
-2.9529114 16.818998 1.1026006
-2.9529107 16.860889 1.1025405
-2.9529083 16.902754 1.1024805
-2.9529068 16.940784 1.1024262
-2.9529045 16.97879 1.1023718
-2.9529037 17.020573 1.1023121
-2.9529023 17.062323 1.1022522
-2.9529002 17.100252 1.1021981
-2.9171863 17.114128 1.0848114
-2.9528992 17.137438 1.1050717
-2.9115896 17.140818 1.0844637
-2.9528968 17.179831 1.1059242
-2.9070094 17.179165 1.0841573
-2.9528956 17.220673 1.1064705
-2.909528 17.221647 1.087273
-2.952894 17.259302 1.1096456
-2.906836 17.258907 1.0881648
-2.9528923 17.300888 1.1095835
-2.9057069 17.301977 1.0885723
-2.9528906 17.340561 1.1114415
-2.9069912 17.341404 1.0919697
-2.9047577 17.371037 1.0913222
-2.9529827 15.017359 1.1403562
-2.9529808 15.05658 1.1402888
-2.9529798 15.099699 1.1402148
-2.9529784 15.142785 1.1401408
-2.9529767 15.181931 1.1400737
-2.9529746 15.221051 1.1400067
-2.9529729 15.260143 1.1399395
-2.9529722 15.299218 1.1398722
-2.952971 15.338258 1.1398053
-2.9529686 15.377277 1.1397384
-2.9529657 15.42017 1.1396645
-2.9529648 15.463031 1.1395912
-2.9529643 15.501978 1.1395243
-2.9529622 15.540028 1.1416211
-2.9529603 15.579782 1.1432817
-2.9529591 15.618648 1.1432136
-2.9529572 15.657489 1.1431459
-2.9529564 15.700185 1.1430713
-2.9529543 15.742855 1.1429967
-2.9529524 15.781616 1.142929
-2.9529507 15.820355 1.1428611
-2.9529495 15.859069 1.1427935
-2.9529488 15.897758 1.1427258
-2.9529467 15.940288 1.1426513
-2.9529448 15.982787 1.1425772
-2.9529426 16.021395 1.1425096
-2.9529419 16.059986 1.1424423
-2.95294 16.098549 1.1423746
-2.9529378 16.137083 1.1423075
-2.9529364 16.179449 1.1422334
-2.952935 16.221779 1.1421592
-2.952934 16.260244 1.1420921
-2.9529321 16.298676 1.142025
-2.9529309 16.337088 1.1419579
-2.9529283 16.379314 1.141884
-2.9529269 16.421507 1.1418103
-2.9529259 16.459841 1.1417432
-2.9529243 16.498146 1.1416763
-2.9529226 16.540262 1.1416028
-2.9529202 16.582348 1.141529
-2.9529192 16.620581 1.1414622
-2.9529183 16.658787 1.1413956
-2.9529166 16.70079 1.1413219
-2.9529145 16.742765 1.1412486
-2.9529128 16.780893 1.1411819
-2.9529114 16.819 1.1411153
-2.9529104 16.860889 1.1410421
-2.9529083 16.902752 1.1409688
-2.9529068 16.940783 1.1409025
-2.9529047 16.97879 1.140836
-2.9529035 17.020571 1.140763
-2.9529023 17.062321 1.14069
-2.9529006 17.100254 1.1406236
-2.952899 17.138161 1.1405575
-2.9528968 17.179831 1.1404846
-2.9528959 17.221468 1.1404117
-2.9528942 17.2593 1.1403458
-2.9528921 17.300886 1.1402729
-2.9528906 17.342445 1.1402004
-2.9528892 17.380201 1.1401343
-2.9529831 15.017357 1.1833524
-2.952981 15.05658 1.1832715
-2.95298 15.0997 1.1831825
-2.9529786 15.142787 1.1830934
-2.9529765 15.181929 1.1830126
-2.9529748 15.22105 1.1829315
-2.9529727 15.260143 1.182851
-2.9529717 15.299216 1.1827703
-2.952971 15.338258 1.1826895
-2.9529688 15.377276 1.182609
-2.9529665 15.420168 1.1825203
-2.952965 15.463032 1.1824318
-2.9529641 15.501975 1.1823512
-2.9529624 15.540893 1.1822709
-2.9529603 15.579782 1.1821905
-2.9529583 15.618648 1.1821103
-2.9529574 15.65749 1.1820301
-2.9529562 15.700185 1.1819417
-2.9529543 15.742856 1.1818537
-2.9529529 15.781616 1.1817735
-2.9529507 15.820355 1.1816934
-2.9529495 15.859069 1.1816137
-2.9529486 15.897758 1.1815336
-2.9529464 15.940289 1.1814456
-2.952945 15.982787 1.181358
-2.9529426 16.021395 1.1812782
-2.9529419 16.059986 1.1811985
-2.9529407 16.098547 1.1811188
-2.9529388 16.137085 1.1810391
-2.9529364 16.179449 1.1809518
-2.9529345 16.221781 1.1808642
-2.952934 16.260244 1.1807847
-2.9529321 16.298677 1.1807054
-2.9529307 16.337086 1.180626
-2.9529283 16.379314 1.1805385
-2.9529274 16.421509 1.1804515
-2.9529259 16.459841 1.1803724
-2.9529245 16.498146 1.1802931
-2.9529231 16.540264 1.1802062
-2.9529204 16.582346 1.1801193
-2.9529192 16.620579 1.1800404
-2.9529183 16.658789 1.1799613
-2.9529166 16.70079 1.1798747
-2.9529145 16.742765 1.1797879
-2.9529126 16.780893 1.1797092
-2.9529114 16.819002 1.1796304
-2.9529104 16.860889 1.1795441
-2.9529083 16.902752 1.1794573
-2.9529068 16.940784 1.1793789
-2.9529049 16.97879 1.1793002
-2.9529035 17.020571 1.179214
-2.9529023 17.062323 1.1791277
-2.9529004 17.100252 1.1790493
-2.952899 17.138159 1.1789709
-2.9528966 17.179831 1.178885
-2.9528959 17.221468 1.1787988
-2.952894 17.259304 1.1787208
-2.952893 17.30089 1.1786346
-2.9528906 17.342445 1.1785489
-2.9528887 17.380203 1.178471
-2.9529831 15.017359 1.22244
-2.952981 15.056581 1.2223467
-2.9529798 15.099699 1.2222438
-2.9529781 15.142786 1.2221411
-2.9529765 15.181931 1.2220479
-2.9529748 15.22105 1.2219546
-2.9529727 15.260144 1.2218615
-2.9529722 15.299216 1.2217681
-2.952971 15.338258 1.2216752
-2.9529691 15.377277 1.2215822
-2.9529662 15.420169 1.22148
-2.952965 15.463032 1.2213778
-2.9529641 15.501976 1.221285
-2.9529619 15.540893 1.2211921
-2.9529603 15.579782 1.2210995
-2.9529586 15.618647 1.2210068
-2.9529574 15.657493 1.2209142
-2.9529562 15.700185 1.2208122
-2.9529543 15.742856 1.2207108
-2.9529526 15.781617 1.2206185
-2.9529505 15.820355 1.220526
-2.9529495 15.859067 1.2204335
-2.9529486 15.897758 1.2203413
-2.9529467 15.940287 1.22024
-2.9529448 15.982788 1.2201387
-2.9529426 16.021395 1.2200466
-2.9529417 16.059984 1.2199547
-2.9529407 16.098549 1.2198627
-2.9529388 16.137083 1.2197709
-2.9529364 16.179449 1.2196698
-2.952935 16.221783 1.2195688
-2.952934 16.260244 1.2194773
-2.9529321 16.298676 1.2193857
-2.9529302 16.337086 1.2192942
-2.9529283 16.379314 1.2191936
-2.9529269 16.421509 1.219093
-2.9529259 16.459841 1.2190017
-2.9529243 16.498146 1.2189101
-2.9529221 16.540262 1.2188098
-2.9529204 16.582348 1.2187097
-2.9529192 16.620581 1.2186184
-2.9529183 16.658789 1.2185272
-2.9529169 16.700788 1.2184272
-2.9529145 16.742765 1.2183272
-2.9529128 16.780891 1.2182362
-2.9529114 16.819 1.2181453
-2.9529104 16.860889 1.2180456
-2.9529083 16.902752 1.2179458
-2.9529068 16.940784 1.2178553
-2.9529049 16.97879 1.2177646
-2.9529037 17.020573 1.2176651
-2.9529018 17.062323 1.2175654
-2.9529004 17.100254 1.2174749
-2.952899 17.138161 1.2173846
-2.9528968 17.179831 1.2172852
-2.9528959 17.221468 1.217186
-2.952894 17.259302 1.2170959
-2.9528925 17.301832 1.2184327
-2.9528902 17.342445 1.2207326
-2.9528887 17.380205 1.2206415
-2.9529829 15.01736 1.2615278
-2.9529812 15.05658 1.2614217
-2.9529798 15.099699 1.2613053
-2.9529779 15.142784 1.261189
-2.9529765 15.181932 1.2610832
-2.9529748 15.22105 1.2609775
-2.9529727 15.260143 1.2608719
-2.9529722 15.299216 1.2607665
-2.952971 15.338258 1.2606609
-2.9529684 15.377277 1.2605554
-2.9529662 15.420168 1.2604395
-2.952965 15.463034 1.2603239
-2.9529641 15.501976 1.2602184
-2.9529619 15.540893 1.2601132
-2.9529603 15.579782 1.2600082
-2.9529591 15.618648 1.2599031
-2.9529572 15.65749 1.2597984
-2.9529562 15.700185 1.2596831
-2.9529543 15.742855 1.2595676
-2.9529526 15.781617 1.259463
-2.9529507 15.820354 1.2593583
-2.9529495 15.85907 1.2592539
-2.9529488 15.897758 1.2591493
-2.9529462 15.940288 1.2590343
-2.952945 15.982787 1.2589195
-2.9529426 16.021395 1.2588153
-2.9529419 16.059986 1.258711
-2.95294 16.098549 1.2586069
-2.9529386 16.137083 1.2585026
-2.9529364 16.179449 1.2583883
-2.952935 16.221783 1.2582738
-2.952934 16.260246 1.25817
-2.9529321 16.298676 1.2580662
-2.9529302 16.33709 1.2579623
-2.9529288 16.379314 1.2578484
-2.9529269 16.421507 1.2577343
-2.9529259 16.459841 1.2576306
-2.9529245 16.498146 1.2575272
-2.9529228 16.540262 1.2574136
-2.9529209 16.582348 1.2572998
-2.9529192 16.620579 1.2571965
-2.9529183 16.658789 1.2570932
-2.9529164 16.700788 1.2569797
-2.952914 16.743582 1.2593414
-2.9529126 16.780893 1.2606162
-2.9529114 16.818998 1.2605118
-2.9529104 16.860891 1.2603973
-2.9529088 16.902754 1.260283
-2.9529064 16.940784 1.260179
-2.9529047 16.97879 1.260075
-2.9529037 17.020569 1.259961
-2.9529026 17.062323 1.2598468
-2.9529009 17.100254 1.2597431
-2.9528985 17.138161 1.2596395
-2.9528968 17.179829 1.2595254
-2.9528959 17.221468 1.2594119
-2.9528949 17.259304 1.2593083
-2.9528928 17.300001 1.2603253
-2.9528904 17.342445 1.262916
-2.9528887 17.380203 1.2628115
-2.9529831 15.017359 1.3006154
-2.9529812 15.05658 1.3004969
-2.9529798 15.099699 1.3003669
-2.9529781 15.142787 1.3002367
-2.9529769 15.181931 1.3001186
-2.9529746 15.22105 1.3000007
-2.9529731 15.260144 1.2998825
-2.9529724 15.299216 1.2997644
-2.952971 15.338261 1.2996465
-2.9529693 15.377276 1.2995288
-2.9529662 15.420169 1.2993993
-2.952965 15.463032 1.2992697
-2.9529645 15.501975 1.299152
-2.9529624 15.540893 1.2990346
-2.9529607 15.579782 1.2989173
-2.9529591 15.618649 1.2987998
-2.9529574 15.65749 1.2986825
-2.952956 15.700185 1.2985535
-2.9529541 15.742855 1.2984248
-2.9529529 15.781616 1.2983078
-2.9529505 15.820356 1.2981907
-2.9529495 15.859069 1.298074
-2.9529488 15.897758 1.2979572
-2.9529469 15.940288 1.2978286
-2.952945 15.982787 1.2977002
-2.9529426 16.021395 1.2975836
-2.9529419 16.059986 1.2974674
-2.9529407 16.098549 1.2973508
-2.9529388 16.137085 1.2972345
-2.9529359 16.179447 1.2971064
-2.952935 16.221777 1.2969786
-2.952934 16.260244 1.2968625
-2.9529326 16.299208 1.299946
-2.9529312 16.337088 1.3004972
-2.9529283 16.379314 1.3003685
-2.9529269 16.421507 1.3002398
-2.9529264 16.459841 1.3001229
-2.9529252 16.498146 1.300006
-2.9529226 16.54026 1.2998774
-2.9529204 16.582348 1.2997491
-2.9529192 16.620581 1.2996323
-2.9529185 16.658787 1.299516
-2.9529171 16.700787 1.2993875
-2.9529142 16.741919 1.3014032
-2.9529128 16.780891 1.3029959
-2.9529114 16.819002 1.3028784
-2.9529104 16.860889 1.3027492
-2.9529083 16.902754 1.3026201
-2.9529066 16.940784 1.3025029
-2.9529047 16.97879 1.3023858
-2.9529037 17.020571 1.3022569
-2.9529023 17.062323 1.3021283
-2.9529006 17.100254 1.3020113
-2.952899 17.138161 1.3018944
-2.9528966 17.179831 1.301766
-2.9528954 17.221468 1.3016375
-2.952894 17.259302 1.3015208
-2.9528916 17.30089 1.3013927
-2.9528904 17.342447 1.3012645
-2.9529834 15.017357 1.3397032
-2.952981 15.05658 1.3395723
-2.9529798 15.099699 1.3394283
-2.9529786 15.142787 1.3392845
-2.952976 15.181929 1.3391539
-2.9529748 15.22105 1.3390232
-2.9529731 15.260141 1.3388927
-2.9529722 15.299216 1.3387622
-2.952971 15.338257 1.3386322
-2.9529688 15.377277 1.3385019
-2.9529665 15.420169 1.3383588
-2.952965 15.463031 1.3382156
-2.9529641 15.501976 1.3380857
-2.9529624 15.540893 1.337956
-2.9529607 15.579782 1.3378259
-2.9529586 15.618649 1.3376964
-2.9529572 15.65749 1.3375669
-2.9529564 15.700186 1.3374242
-2.9529541 15.742854 1.3372818
-2.9529526 15.781616 1.3371526
-2.9529507 15.820355 1.337023
-2.9529495 15.85907 1.3368939
-2.952949 15.898353 1.3376582
-2.9529474 15.940288 1.3405023
-2.9529445 15.982788 1.3403592
-2.9529424 16.021395 1.3402289
-2.9529419 16.059986 1.3400992
-2.9529407 16.098551 1.3399694
-2.952939 16.137085 1.3398395
-2.9529359 16.179447 1.3396969
-2.9529345 16.221781 1.3395542
-2.952934 16.260246 1.3394244
-2.9529326 16.298086 1.342272
-2.9529312 16.337088 1.3430322
-2.9529283 16.379314 1.3428886
-2.9529269 16.421507 1.3427452
-2.9529259 16.459841 1.3426149
-2.9529245 16.498146 1.3424846
-2.9529226 16.540264 1.3423411
-2.9529214 16.582348 1.3421984
-2.9529192 16.620579 1.3420684
-2.9529183 16.658789 1.3419381
-2.9529169 16.700788 1.3417957
-2.9529145 16.742765 1.3416529
-2.9529126 16.780893 1.3415229
-2.9529114 16.819002 1.3413932
-2.9529107 16.860889 1.3412511
-2.9529085 16.902752 1.3411087
-2.9529066 16.940784 1.3409791
-2.9529052 16.97879 1.3408501
-2.9529037 17.020571 1.3407079
-2.9529018 17.062323 1.3405659
-2.9529006 17.100254 1.3404368
-2.952899 17.138159 1.3403077
-2.9528966 17.179831 1.3401661
-2.9528954 17.221468 1.3400246
-2.952894 17.259302 1.339896
-2.9528923 17.300886 1.3397543
-2.9528904 17.342445 1.3396133
-2.9529829 15.017357 1.3787906
-2.952981 15.05658 1.3786472
-2.95298 15.0997 1.3784899
-2.9529786 15.142786 1.3783323
-2.9529765 15.181929 1.3781891
-2.9529746 15.22105 1.3780462
-2.9529731 15.260144 1.3779033
-2.9529722 15.299216 1.3777603
-2.952971 15.338257 1.3776178
-2.9529688 15.377277 1.3774751
-2.9529665 15.42017 1.3773183
-2.952965 15.463032 1.3771615
-2.9529641 15.501975 1.3770195
-2.9529619 15.540893 1.3768772
-2.9529607 15.579782 1.3767351
-2.9529583 15.618648 1.3804828
-2.9529572 15.657489 1.3803394
-2.9529567 15.700185 1.3801819
-2.9529548 15.742855 1.3800246
-2.9529526 15.781617 1.379882
-2.9529505 15.820355 1.3797389
-2.9529495 15.85907 1.3795961
-2.952949 15.897224 1.3801244
-2.9529469 15.940287 1.3831762
-2.952945 15.982787 1.3830181
-2.9529426 16.021395 1.3828743
-2.9529419 16.059986 1.3827308
-2.9529405 16.098549 1.3825876
-2.9529388 16.137085 1.3824443
-2.9529366 16.179449 1.3822867
-2.952935 16.221779 1.3821295
-2.952934 16.260246 1.3819863
-2.9529324 16.298676 1.3818436
-2.9529309 16.337088 1.3817004
-2.9529288 16.379314 1.3815434
-2.9529269 16.421507 1.3813864
-2.9529259 16.459843 1.3812441
-2.9529245 16.498146 1.3811017
-2.9529226 16.540262 1.3809448
-2.9529209 16.582348 1.3807884
-2.9529192 16.620579 1.3806463
-2.9529183 16.658787 1.3805041
-2.9529166 16.70079 1.3803478
-2.9529145 16.742765 1.3801919
-2.9529126 16.780891 1.3800501
-2.9529114 16.818998 1.3799084
-2.9529107 16.860889 1.3797526
-2.9529085 16.902752 1.3795968
-2.9529068 16.940784 1.3794554
-2.9529047 16.97879 1.3793143
-2.9529037 17.020573 1.3791586
-2.9529023 17.062323 1.3790038
-2.9529004 17.100254 1.3788625
-2.9528985 17.138161 1.3787215
-2.9528964 17.179831 1.3785663
-2.9528959 17.221468 1.3784118
-2.9528942 17.259302 1.3782709
-2.9528928 17.30089 1.3781164
-2.9528897 17.342445 1.3779618
-2.9529831 15.017359 1.4178784
-2.952981 15.05658 1.4177225
-2.95298 15.099701 1.4175513
-2.9529781 15.142787 1.4173799
-2.9529767 15.18193 1.4172243
-2.9529753 15.221048 1.417069
-2.9529731 15.260143 1.4169136
-2.9529722 15.299216 1.4167584
-2.952971 15.339095 1.4191064
-2.9529693 15.377277 1.4203458
-2.9529662 15.420168 1.4201736
-2.952965 15.463033 1.4200021
-2.9529645 15.501977 1.4198463
-2.9529624 15.540893 1.4196905
-2.9529605 15.579783 1.4195348
-2.9529586 15.618649 1.4232689
-2.9529574 15.657489 1.423112
-2.9529564 15.700186 1.4229395
-2.9529541 15.742856 1.4227675
-2.9529526 15.781616 1.4226108
-2.9529507 15.820356 1.4224545
-2.9529495 15.859069 1.4222983
-2.9529488 15.897758 1.4221421
-2.9529464 15.940289 1.4219704
-2.952945 15.982787 1.4217987
-2.9529426 16.021395 1.4216429
-2.9529419 16.059986 1.4214873
-2.9529397 16.098547 1.4213318
-2.9529386 16.137085 1.4211762
-2.9529364 16.179449 1.421005
-2.952935 16.221781 1.4208342
-2.952934 16.260244 1.420679
-2.9529324 16.298677 1.4205239
-2.9529309 16.337088 1.4203688
-2.9529288 16.379314 1.4201983
-2.9529269 16.421509 1.420028
-2.9529264 16.459843 1.419873
-2.9529245 16.498146 1.4197185
-2.9529223 16.540262 1.4195485
-2.9529212 16.582348 1.4193786
-2.9529192 16.620581 1.4192244
-2.9529183 16.658789 1.4190702
-2.9529169 16.70079 1.4189006
-2.9529145 16.742765 1.4187311
-2.9529126 16.780893 1.4185771
-2.9529116 16.819 1.4184234
-2.9529107 16.860889 1.4182543
-2.9529085 16.902752 1.4180853
-2.9529068 16.940784 1.4179318
-2.9529049 16.97879 1.4177785
-2.9529037 17.020573 1.4176098
-2.9529023 17.062323 1.4174411
-2.9529002 17.100254 1.4172879
-2.9528985 17.138161 1.417135
-2.9528966 17.180864 1.4190569
-2.9528959 17.221468 1.4206375
-2.952894 17.259304 1.4204837
-2.952893 17.30089 1.4203142
-2.9528902 17.342445 1.4201453
-2.9529831 15.017359 1.4569659
-2.9529812 15.056581 1.4567976
-2.9529798 15.100679 1.4580731
-2.9529788 15.142786 1.4603325
-2.9529772 15.181931 1.4601632
-2.9529746 15.22105 1.4599946
-2.9529727 15.260144 1.4598253
-2.9529722 15.299218 1.4596562
-2.952971 15.33739 1.4616574
-2.9529691 15.377276 1.4632164
-2.9529665 15.420169 1.4630295
-2.952965 15.463032 1.4628427
-2.9529645 15.501975 1.4626733
-2.9529624 15.540893 1.4625038
-2.9529607 15.579782 1.4623344
-2.9529586 15.618649 1.4621652
-2.9529574 15.657489 1.4619962
-2.9529564 15.700184 1.4618102
-2.9529543 15.742856 1.4616246
-2.9529529 15.781616 1.4614556
-2.9529507 15.820355 1.461287
-2.9529495 15.859069 1.4611183
-2.9529488 15.897757 1.4609497
-2.9529469 15.940287 1.4607645
-2.9529448 15.982787 1.4605796
-2.9529426 16.021395 1.4604112
-2.9529419 16.059984 1.4602436
-2.9529405 16.098547 1.4600757
-2.9529386 16.137085 1.4599075
-2.9529359 16.179449 1.4597231
-2.952935 16.221779 1.4595392
-2.952934 16.260244 1.4593714
-2.9529328 16.298674 1.4592042
-2.9529309 16.337088 1.4590371
-2.9529288 16.379314 1.4588528
-2.9529269 16.421507 1.4586692
-2.9529264 16.459841 1.4585022
-2.9529245 16.498146 1.4583354
-2.9529226 16.540262 1.4581521
-2.9529209 16.582348 1.4579691
-2.9529192 16.620579 1.4578025
-2.9529183 16.658787 1.4576361
-2.9529169 16.70079 1.4574531
-2.9529145 16.742765 1.4572704
-2.9529126 16.780891 1.4571043
-2.9529114 16.819588 1.4578245
-2.9529104 16.860889 1.4606061
-2.952909 16.902754 1.4604225
-2.9529064 16.940784 1.4602557
-2.9529047 16.97879 1.4600891
-2.9529037 17.020573 1.459906
-2.9529023 17.062321 1.4597228
-2.9529002 17.100254 1.4595561
-2.9528985 17.138159 1.45939
-2.9528966 17.178795 1.4609571
-2.9528959 17.221468 1.4628634
-2.9528937 17.259304 1.4626962
-2.9528923 17.30089 1.4625125
-2.9528904 17.342445 1.4623288
-2.9529827 15.017359 1.4999624
-2.952981 15.05658 1.4997803
-2.95298 15.098777 1.5007334
-2.9529781 15.142784 1.5032852
-2.9529765 15.181931 1.5031021
-2.9529748 15.221051 1.5029194
-2.9529731 15.260143 1.5027368
-2.9529722 15.299216 1.5025543
-2.952971 15.338257 1.5023718
-2.9529688 15.377277 1.5021895
-2.9529665 15.42017 1.5019892
-2.952965 15.463031 1.501789
-2.9529641 15.501975 1.5016069
-2.9529624 15.540893 1.501425
-2.9529607 15.579782 1.5012435
-2.9529586 15.618648 1.5010619
-2.9529572 15.65749 1.5008802
-2.9529562 15.700186 1.5006808
-2.9529543 15.742854 1.5004814
-2.9529529 15.781616 1.5003003
-2.9529507 15.820355 1.5001192
-2.9529495 15.859069 1.4999385
-2.9529488 15.897758 1.4997576
-2.9529469 15.940288 1.499559
-2.952945 15.982787 1.4993607
-2.9529426 16.021395 1.49918
-2.9529419 16.059986 1.4989996
-2.9529407 16.098549 1.4988196
-2.9529388 16.137085 1.4986393
-2.9529364 16.179449 1.4984416
-2.952935 16.221781 1.498244
-2.952934 16.260246 1.4980642
-2.9529324 16.298676 1.4978845
-2.9529309 16.337088 1.4977051
-2.9529288 16.379314 1.4975078
-2.9529269 16.421509 1.4973108
-2.9529264 16.459841 1.4971315
-2.9529245 16.498146 1.4969527
-2.9529228 16.540812 1.5000616
-2.9529207 16.582348 1.5004182
-2.9529192 16.620579 1.5002385
-2.9529185 16.658789 1.5000589
-2.9529171 16.700788 1.4998611
-2.952914 16.742765 1.4996635
-2.9529123 16.780893 1.4994842
-2.9529114 16.818476 1.4999712
-2.9529104 16.860889 1.5029581
-2.9529083 16.902752 1.5027597
-2.9529068 16.940783 1.5025797
-2.9529045 16.97879 1.5023998
-2.9529035 17.020571 1.5022017
-2.9529016 17.062319 1.5020041
-2.9529004 17.100254 1.5018244
-2.9528985 17.138161 1.5016448
-2.9528966 17.179831 1.5014478
-2.9528959 17.221468 1.5012505
-2.9528937 17.259302 1.5010712
-2.9528928 17.300886 1.5008743
-2.9528906 17.342447 1.5006775
-2.9529834 15.017357 1.5429589
-2.952981 15.056581 1.5427632
-2.9529798 15.0997 1.5425481
-2.9529779 15.142786 1.5423331
-2.9529767 15.181932 1.5421376
-2.9529748 15.221051 1.5419425
-2.9529731 15.260144 1.5417471
-2.9529724 15.299216 1.5415523
-2.9529703 15.338258 1.5413574
-2.9529681 15.377277 1.5411628
-2.9529662 15.420169 1.5409489
-2.952965 15.463032 1.5407349
-2.9529645 15.501975 1.5405405
-2.9529619 15.540893 1.540346
-2.9529605 15.579782 1.5401524
-2.9529593 15.618648 1.5399584
-2.9529574 15.65749 1.5397645
-2.9529562 15.700187 1.5395513
-2.9529541 15.742856 1.5393384
-2.9529526 15.781616 1.539145
-2.9529507 15.820355 1.5389519
-2.9529495 15.859069 1.5387585
-2.9529488 15.897758 1.5385655
-2.9529464 15.940289 1.538353
-2.9529448 15.982788 1.5381411
-2.9529428 16.021395 1.5379485
-2.9529419 16.059984 1.5377558
-2.9529407 16.098547 1.5375634
-2.9529386 16.137083 1.537371
-2.9529364 16.179449 1.5371597
-2.952935 16.221783 1.5369486
-2.952934 16.261068 1.5392399
-2.9529328 16.298674 1.5404328
-2.9529314 16.337088 1.5402399
-2.9529283 16.379314 1.5400279
-2.9529269 16.421509 1.5398158
-2.9529264 16.459843 1.5396233
-2.952925 16.498146 1.5394315
-2.9529223 16.539646 1.542336
-2.9529214 16.582348 1.5428673
-2.9529192 16.620579 1.5426741
-2.9529183 16.658787 1.5424811
-2.9529169 16.70079 1.5422688
-2.9529145 16.742765 1.5420569
-2.9529126 16.780891 1.541864
-2.9529116 16.818998 1.5416716
-2.9529107 16.860889 1.5414597
-2.9529083 16.902752 1.541248
-2.9529068 16.940784 1.5410559
-2.9529045 16.97879 1.5408636
-2.9529035 17.020573 1.5406526
-2.9529018 17.062323 1.5404418
-2.9529006 17.100254 1.5402501
-2.9528985 17.138161 1.5400583
-2.9528964 17.179831 1.539848
-2.9528959 17.221468 1.5396374
-2.9528942 17.259302 1.5394461
-2.9528928 17.30089 1.5392362
-2.9528899 17.342445 1.539026
-2.9529831 15.017359 1.5820462
-2.9529812 15.05658 1.5818383
-2.95298 15.0997 1.5816094
-2.9529779 15.142786 1.581381
-2.9529767 15.181932 1.5811729
-2.9529753 15.221051 1.5809652
-2.9529731 15.260145 1.5807579
-2.9529722 15.299216 1.5805501
-2.952971 15.338258 1.5803429
-2.9529688 15.377279 1.5801361
-2.9529662 15.42017 1.5799083
-2.952965 15.463032 1.5796809
-2.9529645 15.501975 1.5794742
-2.9529619 15.540893 1.5792674
-2.9529612 15.579782 1.5790614
-2.9529586 15.618647 1.5788548
-2.9529574 15.65749 1.5786487
-2.9529564 15.700185 1.5784221
-2.9529543 15.742855 1.5781955
-2.9529526 15.781617 1.5779898
-2.952951 15.820355 1.5777843
-2.9529495 15.859069 1.5775785
-2.9529488 15.897758 1.5773734
-2.9529464 15.940289 1.5771477
-2.9529448 15.982788 1.5769218
-2.9529424 16.022223 1.5792047
-2.9529419 16.059986 1.5803878
-2.9529409 16.098549 1.5801818
-2.9529388 16.137083 1.5799763
-2.9529362 16.179449 1.5797501
-2.9529347 16.221781 1.5795239
-2.9529343 16.25939 1.5814726
-2.9529328 16.298677 1.5829812
-2.9529309 16.337088 1.5827748
-2.9529288 16.379314 1.5825484
-2.9529274 16.421511 1.5823216
-2.9529259 16.459845 1.5821157
-2.9529243 16.498146 1.5819101
-2.9529223 16.540264 1.5816839
-2.9529209 16.582346 1.5814576
-2.9529192 16.620581 1.5812523
-2.9529183 16.658789 1.5810471
-2.9529169 16.70079 1.5808215
-2.9529145 16.742765 1.580596
-2.9529126 16.780893 1.5803913
-2.9529116 16.819 1.5801865
-2.9529104 16.860888 1.5799613
-2.9529083 16.902752 1.5797364
-2.9529068 16.940784 1.5795325
-2.9529045 16.97879 1.5793281
-2.9529037 17.020573 1.5791037
-2.9529018 17.062321 1.5788792
-2.9529006 17.100254 1.5786755
-2.9528985 17.138161 1.5784721
-2.9528964 17.179831 1.5782483
-2.9528959 17.221468 1.5780246
-2.952894 17.259302 1.577821
-2.9528925 17.30089 1.5775979
-2.9528906 17.342445 1.5773747
-2.9529831 15.017357 1.6211343
-2.9529815 15.056581 1.6209134
-2.9529798 15.0997 1.6206708
-2.9529781 15.142787 1.6204284
-2.9529767 15.181931 1.6202083
-2.9529753 15.221051 1.6199881
-2.9529731 15.260144 1.6197684
-2.9529722 15.299216 1.6195484
-2.9529705 15.33826 1.619329
-2.9529691 15.377279 1.6191092
-2.9529665 15.420168 1.618868
-2.952965 15.463032 1.6186268
-2.9529641 15.501975 1.6184077
-2.9529624 15.540893 1.618189
-2.9529614 15.579782 1.6179701
-2.9529591 15.618648 1.6177515
-2.9529574 15.65749 1.617533
-2.9529564 15.700185 1.6172925
-2.9529541 15.742856 1.6170526
-2.9529526 15.781616 1.6168348
-2.9529505 15.820889 1.619827
-2.9529495 15.85907 1.620281
-2.9529488 15.897758 1.6200621
-2.9529474 15.940289 1.6198213
-2.9529443 15.982788 1.619581
-2.9529428 16.020536 1.6215211
-2.9529419 16.059986 1.6230197
-2.9529405 16.098549 1.6228005
-2.9529388 16.137087 1.6225814
-2.9529364 16.179449 1.62234
-2.952935 16.221783 1.6220994
-2.952934 16.260244 1.6218805
-2.9529328 16.298676 1.6216618
-2.9529309 16.337088 1.6214432
-2.9529288 16.379314 1.6212029
-2.9529269 16.421507 1.6209629
-2.9529259 16.459841 1.6207448
-2.9529243 16.498146 1.6205269
-2.9529231 16.540264 1.6202872
-2.9529212 16.582346 1.620048
-2.9529192 16.620579 1.6198301
-2.9529183 16.658789 1.6196132
-2.9529169 16.70079 1.6193742
-2.9529145 16.742765 1.6191351
-2.9529126 16.780891 1.6189183
-2.9529114 16.818998 1.6187015
-2.9529104 16.860889 1.6184632
-2.9529083 16.902752 1.6182251
-2.9529066 16.940784 1.6180086
-2.9529045 16.97879 1.6177922
-2.9529037 17.020573 1.6175545
-2.9529018 17.062323 1.6173171
-2.9529004 17.100252 1.6171012
-2.9528983 17.138683 1.6200618
-2.9528966 17.179829 1.6204889
-2.9528959 17.221468 1.6202502
-2.9528944 17.259304 1.6200337
-2.9528918 17.300888 1.6197959
-2.9528899 17.342445 1.6195581
-2.9529831 15.01736 1.6602218
-2.9529812 15.05658 1.6599885
-2.9529798 15.099699 1.6597325
-2.9529786 15.142787 1.6594763
-2.9529765 15.181931 1.6592438
-2.9529748 15.221051 1.6590111
-2.9529731 15.260143 1.6587787
-2.9529722 15.299216 1.6585466
-2.952971 15.338257 1.6583145
-2.9529688 15.377277 1.6580825
-2.9529669 15.42017 1.6578276
-2.952965 15.463031 1.6575727
-2.9529641 15.501975 1.6573415
-2.9529619 15.540893 1.6571101
-2.9529612 15.579781 1.6568789
-2.9529588 15.619481 1.6591432
-2.9529574 15.657489 1.6603055
-2.9529567 15.700185 1.6600504
-2.9529548 15.742857 1.6597958
-2.9529526 15.781616 1.6595637
-2.952951 15.819758 1.6623229
-2.9529495 15.859069 1.6629828
-2.9529493 15.897758 1.6627507
-2.9529467 15.940288 1.6624949
-2.9529448 15.982788 1.6622397
-2.9529428 16.021395 1.662008
-2.9529419 16.059986 1.6617764
-2.9529407 16.098549 1.6615443
-2.9529386 16.137083 1.6613128
-2.9529366 16.179447 1.6610584
-2.952935 16.221779 1.6608042
-2.952934 16.260244 1.6605728
-2.9529324 16.298676 1.6603422
-2.9529309 16.337088 1.6601115
-2.9529288 16.379314 1.6598576
-2.9529269 16.421507 1.6596042
-2.9529259 16.459843 1.6593738
-2.9529245 16.498146 1.6591439
-2.9529235 16.540264 1.6588906
-2.9529212 16.582348 1.6586381
-2.9529192 16.620579 1.6584085
-2.9529183 16.658787 1.6581787
-2.9529166 16.700788 1.6579264
-2.9529145 16.742765 1.6576744
-2.9529126 16.780891 1.6574452
-2.9529114 16.819002 1.6572165
-2.9529102 16.861841 1.6584026
-2.952909 16.902752 1.6605623
-2.9529061 16.940783 1.6603323
-2.9529042 16.97879 1.6601028
-2.9529037 17.020571 1.6598507
-2.9529023 17.062321 1.6595982
-2.9529002 17.100254 1.6593691
-2.9528985 17.137579 1.6620988
-2.9528966 17.179831 1.662729
-2.9528959 17.221468 1.6624761
-2.9528937 17.259302 1.6622466
-2.9528928 17.300886 1.6619939
-2.9528909 17.342449 1.661742
-2.9529834 15.017357 1.6993093
-2.9529812 15.056581 1.6990638
-2.95298 15.0997 1.6987938
-2.9529786 15.142786 1.6985239
-2.9529767 15.181932 1.6982788
-2.9529748 15.221051 1.6980339
-2.9529731 15.260144 1.6977892
-2.9529722 15.299216 1.6975447
-2.952971 15.338257 1.6973001
-2.9529688 15.377277 1.6970562
-2.9529665 15.420168 1.696787
-2.952965 15.463032 1.7004135
-2.9529643 15.501975 1.7001686
-2.9529626 15.540893 1.6999234
-2.9529607 15.579784 1.6996788
-2.9529586 15.617785 1.7016004
-2.9529574 15.657489 1.7030778
-2.9529567 15.700186 1.7028078
-2.9529541 15.742856 1.7025383
-2.9529526 15.781616 1.7022929
-2.952951 15.820355 1.7020482
-2.9529495 15.859069 1.701803
-2.9529488 15.897758 1.7015582
-2.9529469 15.940288 1.7012894
-2.9529448 15.982787 1.7010207
-2.9529431 16.021395 1.7007763
-2.9529419 16.059986 1.7005321
-2.9529407 16.098549 1.7002884
-2.9529388 16.137087 1.7000445
-2.9529364 16.179447 1.6997768
-2.952935 16.221783 1.699509
-2.9529343 16.260244 1.6992657
-2.9529328 16.298676 1.6990225
-2.9529309 16.337088 1.6987796
-2.9529288 16.379314 1.6985128
-2.9529269 16.421507 1.6982455
-2.9529259 16.459841 1.6980031
-2.9529247 16.498146 1.6977608
-2.9529231 16.540264 1.6974946
-2.9529212 16.582348 1.6972286
-2.9529192 16.620579 1.6969866
-2.9529188 16.658789 1.7006013
-2.9529171 16.700787 1.7003343
-2.952914 16.742765 1.7000674
-2.9529121 16.780891 1.6998252
-2.9529114 16.819 1.6995831
-2.9529104 16.859991 1.7004546
-2.9529083 16.902752 1.7028995
-2.9529066 16.940781 1.7026565
-2.9529045 16.97879 1.7024134
-2.9529037 17.020571 1.7021468
-2.9529018 17.062323 1.70188
-2.9529006 17.100254 1.7016376
-2.9528985 17.138161 1.7013955
-2.9528964 17.179831 1.7011292
-2.9528959 17.221468 1.7008632
-2.952894 17.259304 1.7006214
-2.9528928 17.300886 1.700356
-2.9528906 17.342445 1.7000903
-2.9529834 15.017357 1.7383969
-2.9529812 15.056581 1.738139
-2.9529798 15.099699 1.7378553
-2.9529781 15.142786 1.7375718
-2.9529767 15.181931 1.7373143
-2.9529753 15.22105 1.7370571
-2.9529731 15.260144 1.7367996
-2.9529722 15.299756 1.7397664
-2.952971 15.338257 1.7401843
-2.9529688 15.377277 1.7399265
-2.9529662 15.42017 1.7396427
-2.952965 15.463032 1.7432541
-2.9529645 15.501978 1.7429953
-2.9529624 15.540893 1.7427368
-2.9529603 15.579782 1.7424785
-2.9529586 15.618648 1.7422204
-2.9529579 15.65749 1.7419623
-2.9529567 15.700186 1.7416786
-2.9529541 15.742856 1.7413952
-2.9529526 15.781616 1.7411377
-2.9529507 15.820355 1.7408801
-2.9529495 15.859069 1.7406231
-2.9529486 15.897758 1.7403665
-2.9529469 15.940289 1.7400835
-2.952945 15.982788 1.7398013
-2.9529431 16.021395 1.7395446
-2.9529419 16.059986 1.7392884
-2.9529405 16.098549 1.7390323
-2.9529388 16.137087 1.7387762
-2.9529364 16.179449 1.7384949
-2.952935 16.221783 1.7382138
-2.952934 16.260244 1.7379581
-2.9529324 16.298674 1.7377031
-2.9529309 16.337088 1.7374479
-2.9529288 16.379314 1.7371671
-2.9529269 16.422098 1.7377747
-2.9529262 16.459841 1.7404952
-2.952925 16.498146 1.7402396
-2.9529231 16.540264 1.7399583
-2.9529202 16.582348 1.7396775
-2.9529192 16.620581 1.7394226
-2.9529183 16.658785 1.7430236
-2.9529166 16.700788 1.7427422
-2.9529145 16.742765 1.742461
-2.9529126 16.780891 1.7422049
-2.9529114 16.819 1.7419496
-2.9529102 16.860889 1.7416685
-2.9529083 16.902752 1.7413878
-2.9529066 16.940784 1.7411326
-2.9529045 16.97879 1.7408776
-2.9529037 17.020571 1.7405976
-2.9529018 17.062325 1.7403176
-2.9529006 17.100254 1.7400632
-2.9528985 17.138161 1.7398093
-2.9528966 17.179831 1.7395295
-2.9528959 17.221468 1.7392502
-2.9528942 17.259302 1.7389969
-2.9528921 17.300886 1.7387177
-2.9528909 17.342445 1.7384391
-2.9529831 15.017357 1.7774848
-2.9529812 15.05658 1.7772142
-2.95298 15.099698 1.7769165
-2.9529786 15.143655 1.7783488
-2.9529769 15.181931 1.7802532
-2.9529748 15.22105 1.7799822
-2.9529729 15.260144 1.7797114
-2.9529724 15.298615 1.7824442
-2.9529705 15.338257 1.7830685
-2.9529688 15.377277 1.782797
-2.9529665 15.420169 1.7824985
-2.952965 15.463032 1.7822
-2.9529641 15.501975 1.781929
-2.9529624 15.540893 1.7816582
-2.9529614 15.579782 1.7813872
-2.9529591 15.618648 1.7811168
-2.9529574 15.65749 1.7808466
-2.9529567 15.700185 1.7805493
-2.9529541 15.742856 1.7802522
-2.9529526 15.781616 1.7799823
-2.952951 15.820355 1.7797126
-2.9529498 15.85907 1.7794434
-2.9529488 15.897758 1.7791739
-2.9529469 15.940288 1.7788777
-2.952945 15.982787 1.778582
-2.9529431 16.021395 1.7783136
-2.9529419 16.059986 1.7780447
-2.9529405 16.098547 1.7777764
-2.9529386 16.137089 1.7775081
-2.9529366 16.179449 1.7772132
-2.952935 16.221781 1.7769183
-2.9529343 16.260246 1.7805198
-2.9529331 16.298679 1.7802513
-2.9529309 16.337088 1.7799823
-2.9529281 16.379314 1.7796874
-2.9529269 16.42098 1.7800623
-2.9529264 16.459841 1.7829872
-2.9529245 16.498146 1.7827183
-2.9529228 16.540262 1.7824224
-2.9529212 16.582348 1.7821268
-2.952919 16.620579 1.7818582
-2.9529183 16.658789 1.7815896
-2.9529166 16.700788 1.7812949
-2.9529145 16.742765 1.7809999
-2.9529123 16.780893 1.7807318
-2.9529114 16.819 1.7804646
-2.9529102 16.860889 1.7801703
-2.9529083 16.902752 1.7798762
-2.9529066 16.940781 1.7796091
-2.9529045 16.97879 1.7793422
-2.9529037 17.020571 1.7790486
-2.9529018 17.062323 1.7787553
-2.9529006 17.100254 1.7784888
-2.952899 17.138161 1.7782227
-2.9528966 17.179831 1.7779301
-2.9528959 17.221468 1.7776374
-2.9528942 17.259302 1.7773715
-2.9528918 17.301498 1.7778177
-2.9528906 17.342447 1.7806224
-2.9529829 15.018229 1.8183031
-2.9529812 15.056581 1.8201967
-2.9529798 15.099697 1.8198842
-2.9529786 15.141947 1.8209727
-2.9529767 15.181931 1.8231921
-2.9529753 15.22105 1.8229071
-2.9529731 15.260143 1.8226227
-2.9529724 15.299216 1.8223382
-2.952971 15.338257 1.8220543
-2.9529688 15.377276 1.8217702
-2.9529665 15.420169 1.8214577
-2.952965 15.463032 1.8211459
-2.9529641 15.501975 1.8208624
-2.9529624 15.540893 1.8205795
-2.9529607 15.579782 1.8202962
-2.9529593 15.618647 1.8200134
-2.9529574 15.657489 1.8197305
-2.9529567 15.700185 1.8194196
-2.9529543 15.742855 1.8191092
-2.9529529 15.781616 1.818827
-2.952951 15.820356 1.8185449
-2.9529495 15.859069 1.8182633
-2.9529488 15.897758 1.8179817
-2.9529467 15.940289 1.817672
-2.952945 15.982787 1.817363
-2.9529428 16.021395 1.8170816
-2.9529419 16.060843 1.8185173
-2.9529407 16.098547 1.820395
-2.952939 16.137089 1.8201131
-2.9529362 16.179447 1.8198032
-2.9529347 16.221781 1.8194939
-2.9529343 16.260244 1.823082
-2.9529324 16.298677 1.8227998
-2.9529302 16.337088 1.8225178
-2.9529288 16.379314 1.8222078
-2.9529269 16.421507 1.8218979
-2.9529264 16.459841 1.8216162
-2.9529245 16.498146 1.8213352
-2.9529231 16.540264 1.821026
-2.9529209 16.582348 1.820717
-2.9529192 16.620579 1.8204362
-2.9529183 16.658787 1.8201557
-2.9529166 16.700788 1.8198473
-2.9529145 16.742765 1.8195392
-2.9529126 16.780891 1.8192592
-2.9529114 16.819002 1.8189795
-2.9529102 16.860889 1.8186721
-2.9529083 16.902754 1.8183646
-2.9529066 16.940784 1.8180853
-2.9529045 16.97879 1.8178064
-2.9529037 17.020571 1.8174994
-2.9529018 17.062323 1.8171927
-2.9529006 17.101067 1.8193786
-2.9528983 17.138161 1.8204772
-2.9528966 17.179829 1.8201703
-2.9528959 17.221468 1.819863
-2.9528944 17.259302 1.8195843
-2.9528923 17.300348 1.8198292
-2.9528909 17.342445 1.8228061
-2.9529831 15.016517 1.8609712
-2.952981 15.056581 1.8631797
-2.95298 15.099699 1.862852
-2.9529781 15.142786 1.8625247
-2.9529767 15.18193 1.8622274
-2.9529753 15.22105 1.8619301
-2.9529731 15.260143 1.8616333
-2.9529722 15.299216 1.8613364
-2.952971 15.338256 1.8610398
-2.9529691 15.377277 1.8607434
-2.9529669 15.420169 1.8604175
-2.952965 15.463032 1.860092
-2.9529645 15.501975 1.859796
-2.9529624 15.540893 1.8595004
-2.9529607 15.579782 1.859205
-2.9529586 15.618649 1.85891
-2.9529574 15.657489 1.8586148
-2.9529567 15.700186 1.8582903
-2.9529541 15.742855 1.8579664
-2.9529529 15.781616 1.8576719
-2.952951 15.820356 1.8573776
-2.9529498 15.859069 1.8570836
-2.952949 15.898355 1.8576806
-2.9529474 15.940288 1.8603461
-2.9529445 15.982787 1.8600216
-2.9529428 16.021395 1.8597274
-2.9529419 16.05916 1.8608234
-2.9529407 16.098547 1.8630131
-2.9529383 16.137087 1.8627179
-2.9529366 16.179449 1.8623936
-2.9529345 16.221779 1.8620689
-2.9529343 16.260244 1.8617744
-2.9529328 16.298676 1.8614801
-2.9529309 16.33709 1.8611859
-2.9529288 16.379314 1.8608625
-2.9529274 16.421509 1.8605392
-2.9529264 16.459841 1.8602457
-2.9529245 16.498146 1.8599521
-2.9529228 16.540262 1.8596295
-2.9529209 16.582348 1.8593073
-2.9529192 16.620579 1.8590144
-2.9529183 16.658787 1.8587217
-2.9529166 16.700788 1.8584
-2.9529145 16.742765 1.8580785
-2.9529126 16.780891 1.8577865
-2.9529114 16.818998 1.8574944
-2.9529102 16.860889 1.8571734
-2.9529088 16.903568 1.8593208
-2.9529064 16.940784 1.8604095
-2.9529045 16.97879 1.8601168
-2.9529037 17.020571 1.8597957
-2.9529023 17.062321 1.8594743
-2.9529006 17.099411 1.8613237
-2.9528985 17.138159 1.8627324
-2.9528966 17.179831 1.8624102
-2.9528959 17.221468 1.8620889
-2.952894 17.259302 1.8617967
-2.9528925 17.300886 1.8614756
-2.9528906 17.342445 1.8611547
-2.9529831 15.017357 1.902565
-2.9529812 15.05658 1.9022546
-2.9529798 15.099699 1.9019132
-2.9529781 15.142786 1.9015727
-2.9529769 15.181931 1.9012628
-2.9529753 15.221051 1.9009535
-2.9529727 15.260143 1.9006436
-2.9529722 15.299216 1.9003346
-2.952971 15.338256 1.9000254
-2.9529691 15.377277 1.899717
-2.9529665 15.420167 1.8993772
-2.952965 15.463032 1.8990381
-2.9529641 15.501975 1.8987297
-2.9529626 15.540893 1.8984216
-2.9529605 15.579781 1.8981137
-2.9529593 15.618647 1.8978064
-2.9529574 15.657488 1.897499
-2.9529567 15.700187 1.8971609
-2.9529541 15.742856 1.8968234
-2.9529531 15.781616 1.900401
-2.952951 15.820354 1.9000931
-2.9529495 15.85907 1.8997858
-2.952949 15.897225 1.9001516
-2.9529469 15.940288 1.9030195
-2.952945 15.982787 1.9026809
-2.9529431 16.021395 1.9023726
-2.9529419 16.059986 1.9020648
-2.9529407 16.098549 1.901757
-2.9529388 16.137085 1.9014497
-2.9529366 16.179449 1.9011116
-2.952935 16.221779 1.9007742
-2.9529343 16.260246 1.9004669
-2.9529328 16.298674 1.9001607
-2.9529309 16.337086 1.8998542
-2.9529288 16.379314 1.8995172
-2.9529269 16.421509 1.8991809
-2.9529259 16.459843 1.8988746
-2.9529243 16.498146 1.898569
-2.9529228 16.540262 1.8982328
-2.9529209 16.582348 1.8978974
-2.9529192 16.620581 1.8975924
-2.9529188 16.658789 1.8972877
-2.9529169 16.701742 1.8983904
-2.952914 16.742765 1.9004714
-2.9529123 16.780893 1.9001659
-2.9529114 16.819002 1.8998607
-2.9529104 16.860889 1.8995255
-2.9529085 16.901907 1.9013346
-2.9529068 16.940784 1.902733
-2.9529045 16.97879 1.9024273
-2.9529037 17.020571 1.9020917
-2.9529018 17.062325 1.9017558
-2.9529006 17.100254 1.9014506
-2.9528985 17.138161 1.9011459
-2.9528966 17.179831 1.9008107
-2.9528959 17.221468 1.9004762
-2.9528942 17.259302 1.9001716
-2.9528921 17.300886 1.8998373
-2.9528909 17.342445 1.8995034
-2.9529831 15.017357 1.9416528
-2.9529812 15.05658 1.9413298
-2.95298 15.0997 1.9409748
-2.9529781 15.142787 1.9406203
-2.9529767 15.181929 1.9402978
-2.9529753 15.221051 1.9399759
-2.9529731 15.260145 1.9396542
-2.9529722 15.299216 1.9393325
-2.9529712 15.33826 1.9390112
-2.9529684 15.377277 1.9386898
-2.9529662 15.420168 1.938337
-2.952965 15.463032 1.9379843
-2.9529645 15.501975 1.9376634
-2.9529624 15.540891 1.937343
-2.9529603 15.579782 1.9370227
-2.9529591 15.619513 1.9384242
-2.9529574 15.657488 1.9402715
-2.9529567 15.700185 1.9399185
-2.9529548 15.742855 1.9395663
-2.9529529 15.781616 1.9431304
-2.9529505 15.820355 1.9428091
-2.9529495 15.859069 1.9424876
-2.9529488 15.897758 1.9421669
-2.9529469 15.940289 1.9418142
-2.952945 15.982788 1.9414614
-2.9529431 16.021395 1.941141
-2.9529419 16.059986 1.9408212
-2.95294 16.098547 1.940501
-2.9529386 16.137087 1.9401814
-2.9529364 16.179449 1.9398299
-2.952935 16.221781 1.9394788
-2.952934 16.260244 1.9391599
-2.9529328 16.298677 1.9388412
-2.9529309 16.337088 1.938522
-2.9529283 16.379314 1.9381721
-2.9529269 16.421509 1.9378216
-2.9529259 16.459841 1.9375042
-2.9529243 16.498146 1.9371861
-2.9529226 16.541306 1.9389334
-2.9529202 16.582348 1.9403465
-2.9529192 16.620579 1.9400285
-2.9529188 16.658789 1.93971
-2.9529169 16.69989 1.9405019
-2.9529145 16.742765 1.9428647
-2.9529123 16.780893 1.9425462
-2.9529116 16.819 1.9422276
-2.9529102 16.860889 1.9418771
-2.9529083 16.902752 1.9415272
-2.9529066 16.940781 1.9412096
-2.9529045 16.97879 1.9408914
-2.9529037 17.020571 1.9405425
-2.9529018 17.062323 1.9401935
-2.9529006 17.100254 1.9398761
-2.9528985 17.138161 1.9395595
-2.9528966 17.179831 1.9392112
-2.9528959 17.221468 1.9388629
-2.9528942 17.259302 1.9385468
-2.9528923 17.300886 1.9381993
-2.9528909 17.342447 1.937852
-2.9529834 15.017357 1.9807407
-2.9529812 15.05658 1.9804051
-2.95298 15.099699 1.9800364
-2.9529786 15.142786 1.979668
-2.9529769 15.181931 1.9793334
-2.9529753 15.22105 1.978999
-2.9529731 15.260143 1.9786648
-2.9529724 15.299216 1.9783305
-2.952971 15.338257 1.9779968
-2.9529688 15.377276 1.9776632
-2.9529665 15.420169 1.9772964
-2.952965 15.463032 1.9769303
-2.9529643 15.50281 1.9790926
-2.9529626 15.540893 1.9801564
-2.9529607 15.579782 1.9798226
-2.9529588 15.617815 1.9808853
-2.9529574 15.65749 1.983044
-2.9529567 15.700185 1.9826764
-2.9529541 15.742858 1.9823089
-2.9529526 15.781616 1.9819751
-2.952951 15.820355 1.9816414
-2.9529498 15.859069 1.981308
-2.9529488 15.897757 1.9809746
-2.9529469 15.940287 1.9806082
-2.952945 15.982787 1.9802423
-2.9529428 16.021395 1.9799097
-2.9529419 16.059984 1.9795773
-2.9529405 16.098547 1.9792452
-2.9529388 16.137085 1.9789134
-2.9529366 16.179449 1.9785482
-2.952935 16.221783 1.9781836
-2.9529343 16.260244 1.9778525
-2.9529324 16.298677 1.9775212
-2.9529309 16.337088 1.9771905
-2.9529285 16.38036 1.9789259
-2.9529269 16.421507 1.9803272
-2.9529262 16.459841 1.9799961
-2.9529245 16.498146 1.9796646
-2.9529226 16.539221 1.9810646
-2.9529204 16.582348 1.9827961
-2.9529192 16.620579 1.9824642
-2.9529183 16.658787 1.9821329
-2.9529164 16.70079 1.9817683
-2.9529145 16.742765 1.9814041
-2.9529123 16.780893 1.9810733
-2.9529116 16.819 1.9807423
-2.9529102 16.860889 1.9803792
-2.9529083 16.902752 1.9800158
-2.9529066 16.940783 1.9796858
-2.9529045 16.97879 1.9793558
-2.9529037 17.020571 1.9789933
-2.9529023 17.062323 1.9786313
-2.9529004 17.100254 1.978302
-2.9528985 17.138159 1.9779732
-2.9528966 17.179831 1.9776115
-2.9528959 17.221468 1.9772501
-2.9528942 17.260115 1.9793816
-2.9528928 17.300888 1.9803973
-2.9528902 17.342445 1.9800354
-2.9529831 15.017357 2.0198278
-2.952981 15.05658 2.0194805
-2.95298 15.099699 2.019098
-2.9529781 15.142786 2.0187159
-2.9529769 15.181931 2.0183685
-2.9529753 15.22105 2.0180216
-2.9529731 15.260143 2.0176749
-2.9529724 15.299215 2.0173287
-2.952971 15.338257 2.0169826
-2.9529696 15.378145 2.0183606
-2.9529662 15.420168 2.0201521
-2.952965 15.463032 2.0197704
-2.9529645 15.50111 2.0215943
-2.9529624 15.540893 2.0229697
-2.9529607 15.579782 2.0226223
-2.9529591 15.618649 2.0222752
-2.9529574 15.657489 2.0219283
-2.9529567 15.700186 2.0215468
-2.9529543 15.742855 2.0211658
-2.9529529 15.781616 2.0208199
-2.952951 15.820356 2.0204737
-2.9529498 15.859069 2.0201278
-2.9529488 15.897758 2.0197823
-2.9529469 15.940289 2.0194025
-2.952945 15.982787 2.0190237
-2.9529428 16.021395 2.0186782
-2.9529419 16.059986 2.0183334
-2.9529405 16.098547 2.0179892
-2.9529388 16.137087 2.0176451
-2.9529366 16.179449 2.0172668
-2.9529347 16.222374 2.017776
-2.952934 16.260246 2.0204141
-2.9529328 16.298677 2.0200696
-2.9529307 16.337088 2.0197253
-2.9529283 16.378267 2.0211129
-2.9529269 16.421509 2.0228329
-2.9529259 16.459841 2.0224881
-2.9529243 16.498146 2.0221434
-2.9529226 16.540262 2.021765
-2.9529209 16.582348 2.0213861
-2.9529192 16.620581 2.0210421
-2.9529188 16.658789 2.0206988
-2.9529164 16.700788 2.0203207
-2.9529145 16.742765 2.0199435
-2.9529126 16.780893 2.0196002
-2.9529114 16.819 2.0192575
-2.9529104 16.860889 2.0188804
-2.9529083 16.902752 2.0185044
-2.9529068 16.940783 2.0181623
-2.9529045 16.97879 2.0178201
-2.9529037 17.020571 2.0174444
-2.9529021 17.062906 2.0179505
-2.9529009 17.100254 2.0205705
-2.9528985 17.138159 2.0202281
-2.9528968 17.179829 2.0198519
-2.9528959 17.221468 2.0194757
-2.9528944 17.258463 2.0212741
-2.9528923 17.30089 2.0225952
-2.9528909 17.342445 2.0222187
-2.9529831 15.017359 2.0589159
-2.952981 15.05658 2.0585556
-2.95298 15.0997 2.0581596
-2.9529786 15.142786 2.0577636
-2.9529765 15.181931 2.0574038
-2.9529753 15.22105 2.0570447
-2.9529729 15.260746 2.05758
-2.9529724 15.299218 2.0602267
-2.9529712 15.338257 2.0598671
-2.9529691 15.376442 2.0609062
-2.9529665 15.420169 2.0630076
-2.952965 15.463031 2.0626113
-2.9529645 15.501975 2.0622511
-2.9529624 15.540893 2.0618908
-2.9529607 15.579781 2.0615311
-2.9529593 15.618649 2.0611718
-2.9529574 15.65749 2.0608125
-2.9529567 15.700186 2.0604177
-2.9529543 15.742855 2.0600228
-2.9529529 15.781616 2.0596642
-2.952951 15.820356 2.0593064
-2.9529495 15.859069 2.058948
-2.9529488 15.897758 2.0585902
-2.9529469 15.940288 2.0581968
-2.952945 15.982788 2.0578034
-2.9529431 16.021395 2.0574467
-2.9529419 16.059986 2.0570898
-2.9529407 16.099373 2.059216
-2.9529393 16.137089 2.06025
-2.9529359 16.179449 2.0598567
-2.9529347 16.221251 2.0601358
-2.952934 16.260244 2.0629759
-2.9529321 16.298676 2.062618
-2.9529309 16.337088 2.0622604
-2.9529288 16.379314 2.0618672
-2.9529269 16.421507 2.0614743
-2.9529259 16.459843 2.0611172
-2.9529243 16.498146 2.0607605
-2.9529226 16.540262 2.0603685
-2.9529209 16.582348 2.0599766
-2.9529192 16.620579 2.0596204
-2.9529183 16.658791 2.0592644
-2.9529164 16.700788 2.0588734
-2.9529145 16.742765 2.0584824
-2.9529126 16.780891 2.0581274
-2.9529114 16.819 2.0577722
-2.9529107 16.860889 2.0573823
-2.9529085 16.903337 2.0578752
-2.9529061 16.940783 2.0604861
-2.9529045 16.97879 2.0601306
-2.9529037 17.020569 2.0597405
-2.9529023 17.061798 2.0600176
-2.9529006 17.100254 2.0628386
-2.952899 17.138159 2.0624831
-2.9528966 17.179831 2.0620923
-2.9528959 17.221468 2.0617018
-2.9528942 17.259302 2.0613468
-2.9528928 17.30089 2.0609572
-2.9528906 17.342445 2.0605674
-2.9529831 15.017359 2.0980034
-2.9529812 15.05658 2.0976305
-2.95298 15.099699 2.0972209
-2.9529786 15.142786 2.0968113
-2.9529772 15.18247 2.0996649
-2.952975 15.221051 2.0999699
-2.9529729 15.259604 2.1002748
-2.9529724 15.299216 2.1031241
-2.952971 15.338256 2.1027508
-2.9529691 15.377276 2.1023779
-2.9529665 15.420169 2.1019673
-2.952965 15.463032 2.1015573
-2.9529645 15.501975 2.1011846
-2.9529626 15.540893 2.1008124
-2.9529607 15.579784 2.1004403
-2.9529595 15.618647 2.1000686
-2.9529574 15.657488 2.0996966
-2.9529567 15.700186 2.0992885
-2.9529543 15.742856 2.0988801
-2.9529529 15.781616 2.0985091
-2.952951 15.820354 2.0981383
-2.9529498 15.85907 2.0977683
-2.9529488 15.897758 2.097398
-2.9529469 15.940287 2.0969913
-2.9529445 15.98332 2.0997889
-2.9529426 16.021395 2.1000922
-2.9529419 16.059986 2.0997217
-2.9529407 16.097691 2.101512
-2.9529388 16.137087 2.1028547
-2.9529364 16.179449 2.1024466
-2.952935 16.221783 2.1020391
-2.952934 16.260244 2.1016686
-2.9529324 16.298677 2.1012986
-2.9529302 16.337088 2.1009285
-2.9529283 16.379314 2.100522
-2.9529269 16.421509 2.1001158
-2.9529264 16.459843 2.0997465
-2.9529243 16.498146 2.0993774
-2.9529223 16.540262 2.0989718
-2.9529204 16.582348 2.0985665
-2.9529192 16.620581 2.0981987
-2.9529183 16.658789 2.0978303
-2.9529169 16.700788 2.0974262
-2.9529142 16.743351 2.0979054
-2.9529126 16.780893 2.1005073
-2.9529114 16.819 2.1001394
-2.9529107 16.860888 2.0997341
-2.9529088 16.902227 2.0999987
-2.9529068 16.940783 2.1028101
-2.9529049 16.97879 2.1024413
-2.9529037 17.020573 2.1020365
-2.9529018 17.062321 2.1016321
-2.9529006 17.100254 2.101264
-2.952899 17.138161 2.1008961
-2.9528966 17.179831 2.1004925
-2.9528959 17.221468 2.1000891
-2.9528942 17.259302 2.0997224
-2.9528925 17.30089 2.099319
-2.9528909 17.342445 2.0989158
-2.9529831 15.017359 2.1370909
-2.9529812 15.057183 2.1376014
-2.95298 15.099699 2.1401887
-2.9529788 15.142786 2.1397638
-2.9529772 15.181329 2.1423872
-2.9529753 15.221051 2.142895
-2.9529731 15.260144 2.1425085
-2.9529722 15.299216 2.1421225
-2.952971 15.338257 2.1417365
-2.9529691 15.377276 2.1413507
-2.9529669 15.420168 2.1409268
-2.952965 15.463034 2.1405029
-2.9529645 15.501976 2.1401181
-2.9529624 15.540893 2.1397338
-2.9529612 15.579782 2.139349
-2.9529593 15.618649 2.1389649
-2.9529574 15.657488 2.1385808
-2.9529569 15.700186 2.1381593
-2.9529543 15.742856 2.1377373
-2.9529526 15.781616 2.1373541
-2.952951 15.820355 2.1369708
-2.9529495 15.859601 2.1397958
-2.952949 15.897757 2.1400867
-2.9529476 15.940288 2.1396646
-2.9529448 15.982193 2.1422324
-2.9529431 16.021395 2.1427376
-2.9529419 16.059986 2.1423535
-2.9529405 16.098549 2.1419697
-2.9529386 16.137085 2.1415865
-2.9529359 16.179449 2.141165
-2.952935 16.221779 2.1407437
-2.952934 16.260244 2.1403611
-2.9529324 16.298674 2.1399789
-2.9529309 16.337088 2.1395965
-2.9529288 16.379314 2.1391764
-2.9529269 16.421507 2.1387568
-2.9529259 16.459841 2.1383758
-2.9529243 16.498146 2.1379943
-2.9529226 16.540262 2.1375756
-2.9529209 16.582348 2.137157
-2.9529192 16.621397 2.1392484
-2.9529185 16.658789 2.1402528
-2.9529173 16.700788 2.1398337
-2.952914 16.742239 2.1400843
-2.9529126 16.780891 2.1428869
-2.9529114 16.818998 2.1425054
-2.9529107 16.860889 2.142086
-2.9529083 16.902752 2.1416671
-2.9529066 16.940784 2.1412861
-2.9529047 16.97879 2.1409059
-2.9529037 17.020573 2.1404874
-2.9529023 17.062323 2.1400692
-2.9529004 17.100254 2.1396897
-2.952899 17.138159 2.1393099
-2.9528968 17.179831 2.1388927
-2.9528959 17.221468 2.1384759
-2.9528942 17.259302 2.1380973
-2.952893 17.300886 2.137681
-2.9528909 17.342445 2.1372645
-2.9529831 15.017358 2.1800873
-2.9529808 15.056039 2.1803677
-2.95298 15.0997 2.1831563
-2.9529786 15.142787 2.1827166
-2.9529769 15.181931 2.1823173
-2.9529753 15.221051 2.1819184
-2.9529731 15.260143 2.181519
-2.9529724 15.299216 2.1811204
-2.952971 15.338257 2.180722
-2.9529693 15.377277 2.1803238
-2.9529669 15.42017 2.1798863
-2.952965 15.463031 2.1794488
-2.9529645 15.501975 2.1790519
-2.9529624 15.540893 2.1786547
-2.9529607 15.579782 2.1782579
-2.9529593 15.618649 2.1778617
-2.9529572 15.657488 2.1774652
-2.9529567 15.700186 2.1770296
-2.9529548 15.74339 2.1798043
-2.9529526 15.781616 2.1800833
-2.9529507 15.820355 2.179687
-2.9529495 15.858474 2.1822829
-2.9529488 15.897758 2.182775
-2.9529471 15.940288 2.1823385
-2.952945 15.982787 2.1819024
-2.9529431 16.021395 2.1815062
-2.9529419 16.059986 2.1811099
-2.9529405 16.098547 2.1807139
-2.9529383 16.137085 2.1803184
-2.9529364 16.179447 2.1798835
-2.952935 16.221781 2.1794488
-2.952934 16.260246 2.179054
-2.9529321 16.298676 2.178659
-2.9529309 16.337088 2.1782649
-2.9529281 16.379314 2.1778312
-2.9529269 16.421509 2.177398
-2.9529264 16.459841 2.1770046
-2.9529245 16.498146 2.1804731
-2.9529228 16.540262 2.1800394
-2.9529202 16.582348 2.1796062
-2.9529192 16.61973 2.1813643
-2.9529188 16.658789 2.1826751
-2.9529166 16.700788 2.1822419
-2.9529145 16.742765 2.1818082
-2.9529126 16.780893 2.1814141
-2.9529114 16.819002 2.1810207
-2.9529104 16.860889 2.1805882
-2.9529083 16.902752 2.1801553
-2.9529068 16.940783 2.1797626
-2.9529049 16.97879 2.1793699
-2.9529037 17.020571 2.1789384
-2.9529023 17.062319 2.1785069
-2.9529004 17.100254 2.1781151
-2.952899 17.138161 2.1777234
-2.9528968 17.179831 2.1772933
-2.9528959 17.221991 2.1800342
-2.9528947 17.259302 2.1803098
-2.9528923 17.300888 2.179879
-2.9528906 17.342445 2.1794484
-2.9529834 15.017356 2.223084
-2.9529812 15.05658 2.222671
-2.95298 15.099699 2.2222178
-2.9529786 15.142784 2.2217646
-2.9529769 15.18193 2.2213526
-2.9529755 15.221052 2.2209411
-2.9529731 15.260143 2.2205296
-2.9529724 15.299216 2.2201185
-2.9529703 15.338258 2.2197077
-2.9529691 15.377277 2.2192972
-2.9529665 15.420169 2.2188461
-2.952965 15.463032 2.218395
-2.9529645 15.501975 2.2179856
-2.9529624 15.540893 2.217576
-2.9529607 15.579782 2.2171667
-2.9529593 15.619246 2.217649
-2.9529574 15.657489 2.2202377
-2.9529569 15.700184 2.2197871
-2.9529545 15.74226 2.2223322
-2.9529536 15.781616 2.2228127
-2.9529507 15.820355 2.2224021
-2.9529495 15.85907 2.2219925
-2.9529488 15.897758 2.2215831
-2.9529469 15.940288 2.2211332
-2.9529448 15.982787 2.2206833
-2.9529426 16.021395 2.2202744
-2.9529419 16.059986 2.219866
-2.9529405 16.098549 2.2194579
-2.9529388 16.137087 2.2190502
-2.9529364 16.179447 2.2186015
-2.952935 16.221783 2.2181535
-2.9529343 16.260244 2.2177465
-2.9529321 16.298677 2.2173398
-2.9529307 16.337679 2.217819
-2.9529281 16.379313 2.2203517
-2.9529269 16.421509 2.2199037
-2.9529262 16.459839 2.2194972
-2.9529245 16.498146 2.2229517
-2.9529221 16.540264 2.2225034
-2.9529209 16.582346 2.2220552
-2.9529192 16.620579 2.2216482
-2.9529183 16.658787 2.2212415
-2.9529166 16.70079 2.2207942
-2.9529145 16.742765 2.2203472
-2.9529126 16.780891 2.2199409
-2.9529114 16.818998 2.2195354
-2.9529107 16.860889 2.2190895
-2.9529083 16.902752 2.2186437
-2.9529066 16.940784 2.2182386
-2.9529049 16.97879 2.2178338
-2.9529037 17.020571 2.2173893
-2.9529023 17.063164 2.2186441
-2.9528999 17.100254 2.2203834
-2.9528985 17.138161 2.2199783
-2.9528968 17.179829 2.2195337
-2.9528959 17.220886 2.222048
-2.9528942 17.259302 2.2225225
-2.9528928 17.30089 2.2220767
-2.9528906 17.342445 2.2216318
-2.9529831 15.017359 2.2621715
-2.9529812 15.05658 2.2617466
-2.95298 15.0997 2.2612791
-2.9529788 15.142786 2.2608123
-2.9529769 15.181932 2.2603877
-2.9529753 15.221051 2.2599638
-2.9529731 15.260145 2.2595403
-2.9529722 15.299216 2.2591169
-2.952971 15.338258 2.2586935
-2.9529688 15.377277 2.2582707
-2.9529665 15.42017 2.2578056
-2.952965 15.463032 2.2573414
-2.9529645 15.501976 2.2569191
-2.9529626 15.54143 2.2597125
-2.952961 15.579782 2.2599671
-2.9529591 15.618113 2.2602205
-2.9529574 15.65749 2.2630105
-2.9529567 15.700186 2.2625453
-2.9529543 15.742856 2.2620792
-2.9529526 15.781616 2.261657
-2.952951 15.820355 2.2612345
-2.9529495 15.859069 2.2608128
-2.9529488 15.897758 2.260391
-2.9529469 15.940289 2.259927
-2.952945 15.982788 2.259464
-2.9529426 16.021395 2.259043
-2.9529417 16.059986 2.2586219
-2.9529405 16.098547 2.2582018
-2.9529388 16.137085 2.2577817
-2.9529364 16.179449 2.2573202
-2.9529347 16.222635 2.2585692
-2.952934 16.260246 2.260308
-2.9529326 16.298674 2.2598879
-2.9529312 16.336555 2.2601402
-2.9529288 16.379314 2.2628717
-2.9529274 16.421507 2.2624094
-2.9529264 16.459841 2.2619891
-2.9529245 16.498146 2.2615688
-2.9529226 16.540262 2.2611074
-2.9529212 16.582348 2.2606456
-2.952919 16.620579 2.2602262
-2.9529183 16.658787 2.2598073
-2.9529169 16.70079 2.2593465
-2.9529145 16.742765 2.2588863
-2.9529123 16.780891 2.2584684
-2.9529114 16.819002 2.2580504
-2.9529107 16.860889 2.257591
-2.9529083 16.902756 2.2571323
-2.9529061 16.940783 2.2605629
-2.9529047 16.97879 2.2601445
-2.9529037 17.020573 2.2596855
-2.9529023 17.061506 2.2606075
-2.9529004 17.100254 2.2626514
-2.9528992 17.138161 2.2622337
-2.9528966 17.179831 2.2617736
-2.9528959 17.221468 2.2613151
-2.9528942 17.259302 2.2608974
-2.9528928 17.30089 2.2604387
-2.9528909 17.342445 2.2599804
-2.9529831 15.017357 2.301259
-2.9529815 15.056581 2.3008218
-2.9529798 15.0997 2.3003404
-2.9529786 15.142784 2.29986
-2.9529769 15.18193 2.2994235
-2.9529753 15.221051 2.2989864
-2.9529731 15.260144 2.2985506
-2.9529722 15.299216 2.2981153
-2.952971 15.338258 2.2976792
-2.9529693 15.377277 2.2972436
-2.9529665 15.420797 2.2975118
-2.952965 15.463031 2.3001819
-2.9529645 15.501977 2.2997458
-2.9529626 15.540294 2.3023109
-2.9529612 15.579782 2.3027663
-2.9529593 15.618648 2.3023303
-2.9529574 15.65749 2.3018942
-2.9529567 15.700186 2.3014154
-2.9529543 15.742855 2.3009367
-2.9529526 15.781616 2.3005018
-2.952951 15.820355 2.3000677
-2.9529498 15.85907 2.2996328
-2.9529488 15.897758 2.2991984
-2.9529469 15.940288 2.2987213
-2.952945 15.982787 2.2982447
-2.9529426 16.021395 2.2978115
-2.9529419 16.059986 2.2973785
-2.9529405 16.098549 2.2969458
-2.9529383 16.137083 2.3003869
-2.9529362 16.179451 2.2999103
-2.9529345 16.220955 2.3008251
-2.952934 16.260244 2.3028703
-2.9529328 16.298677 2.3024366
-2.9529309 16.337086 2.3020034
-2.9529281 16.379316 2.3015268
-2.9529269 16.421509 2.3010504
-2.9529259 16.459841 2.3006182
-2.9529247 16.498146 2.3001854
-2.9529231 16.540264 2.2997105
-2.9529209 16.582348 2.2992358
-2.9529192 16.620579 2.2988045
-2.9529183 16.658789 2.2983732
-2.9529164 16.70079 2.2978995
-2.9529145 16.742765 2.297426
-2.9529126 16.781481 2.297878
-2.9529114 16.819 2.3004172
-2.9529104 16.860889 2.2999434
-2.9529088 16.902752 2.2994692
-2.9529068 16.940783 2.3028865
-2.9529047 16.97879 2.3024554
-2.9529035 17.020573 2.3019814
-2.9529026 17.062325 2.3015075
-2.9529006 17.100254 2.3010774
-2.952899 17.138161 2.300647
-2.9528966 17.179832 2.3001742
-2.9528959 17.221468 2.2997019
-2.952894 17.259302 2.2992725
-2.9528925 17.30089 2.2988009
-2.9528909 17.342447 2.2983291
-2.9529831 15.01736 2.3403471
-2.9529815 15.05658 2.3398967
-2.9529798 15.099699 2.339402
-2.9529786 15.142787 2.338908
-2.9529767 15.181931 2.3384585
-2.9529753 15.22105 2.3380096
-2.9529731 15.260143 2.3375614
-2.9529724 15.299215 2.3371127
-2.952971 15.339125 2.3383875
-2.9529691 15.377277 2.3401144
-2.9529662 15.419612 2.3401837
-2.952965 15.463032 2.3430221
-2.9529645 15.501975 2.3425732
-2.9529626 15.540893 2.342124
-2.9529612 15.579781 2.3416755
-2.9529593 15.618648 2.3412271
-2.9529574 15.65749 2.3407788
-2.9529567 15.700186 2.3402863
-2.9529543 15.742855 2.3397939
-2.9529529 15.781616 2.3393464
-2.9529514 15.820355 2.3388996
-2.9529495 15.859067 2.3384531
-2.9529488 15.897758 2.3380065
-2.9529467 15.940287 2.3375158
-2.952945 15.982787 2.3370256
-2.9529424 16.021927 2.339782
-2.9529419 16.059986 2.3400106
-2.9529407 16.098547 2.3395641
-2.9529386 16.137083 2.3429916
-2.9529364 16.179447 2.3425
-2.952935 16.221779 2.3420091
-2.952934 16.260244 2.3415627
-2.9529324 16.298676 2.3411171
-2.9529309 16.337088 2.3406713
-2.9529283 16.379314 2.3401811
-2.9529269 16.421507 2.3396921
-2.9529259 16.459843 2.3392472
-2.9529245 16.498146 2.3388028
-2.9529223 16.540264 2.3383145
-2.9529209 16.582348 2.3378263
-2.9529192 16.620581 2.3373828
-2.9529185 16.659636 2.3386436
-2.9529171 16.70079 2.3403072
-2.952914 16.742765 2.3398192
-2.9529121 16.780367 2.3400452
-2.9529114 16.819002 2.3427835
-2.9529104 16.860889 2.3422949
-2.9529085 16.902754 2.3418067
-2.9529068 16.940784 2.3413627
-2.9529047 16.97879 2.3409197
-2.9529037 17.020571 2.3404322
-2.9529023 17.062323 2.3399451
-2.9529006 17.100254 2.3395028
-2.952899 17.138161 2.3390608
-2.9528968 17.179831 2.3385742
-2.9528959 17.221468 2.3380885
-2.9528942 17.259304 2.3376474
-2.9528933 17.3015 2.3378975
-2.9528902 17.342445 2.3405123
-2.9529834 15.017359 2.3794346
-2.9529812 15.05658 2.3789721
-2.95298 15.099699 2.3784637
-2.9529786 15.142786 2.3779554
-2.9529767 15.181931 2.3774936
-2.9529753 15.221051 2.3770328
-2.9529729 15.260982 2.3790696
-2.9529722 15.299218 2.3800104
-2.952971 15.33742 2.3809509
-2.9529691 15.377279 2.3829851
-2.9529665 15.42017 2.3824766
-2.952965 15.463031 2.3819685
-2.9529645 15.501974 2.3815064
-2.9529626 15.540893 2.3810453
-2.9529605 15.579779 2.3805842
-2.9529593 15.618648 2.3801236
-2.9529574 15.657489 2.379663
-2.9529567 15.700185 2.3791571
-2.9529543 15.742856 2.3786511
-2.9529526 15.781616 2.3781912
-2.9529507 15.820356 2.3777316
-2.9529495 15.859069 2.3772728
-2.952949 15.898353 2.3777027
-2.9529474 15.940286 2.3801894
-2.9529445 15.982787 2.3796842
-2.9529424 16.020802 2.3822143
-2.9529419 16.059986 2.382642
-2.9529405 16.098547 2.3821828
-2.9529386 16.137087 2.3817232
-2.9529364 16.179449 2.3812184
-2.952935 16.221781 2.3807137
-2.952934 16.260244 2.3802555
-2.9529324 16.298677 2.3797975
-2.9529309 16.33709 2.3793397
-2.9529288 16.379314 2.3788362
-2.9529269 16.421509 2.3783333
-2.9529264 16.459841 2.3778763
-2.9529243 16.498146 2.3774197
-2.9529226 16.54122 2.3783541
-2.9529212 16.582348 2.3802752
-2.9529192 16.620581 2.3798182
-2.9529185 16.657969 2.3807483
-2.9529173 16.70079 2.3827147
-2.9529145 16.742765 2.3822119
-2.9529126 16.780893 2.3817554
-2.9529114 16.819 2.3812983
-2.9529104 16.860889 2.3807969
-2.9529083 16.902752 2.380295
-2.9529068 16.940784 2.3798394
-2.9529049 16.97879 2.3793838
-2.9529037 17.020567 2.3788834
-2.9529026 17.062321 2.3783829
-2.9529006 17.100254 2.3779287
-2.952899 17.138161 2.3774743
-2.9528966 17.180861 2.3790567
-2.9528959 17.221468 2.3803146
-2.9528947 17.259304 2.3798602
-2.9528925 17.30035 2.379915
-2.9528909 17.342445 2.3826962
-2.9529831 15.017359 2.4185224
-2.9529812 15.056581 2.418047
-2.95298 15.099699 2.4175248
-2.9529788 15.142784 2.4170029
-2.9529774 15.18277 2.4190285
-2.952975 15.22105 2.4199576
-2.9529729 15.259275 2.4216609
-2.9529724 15.299216 2.4229088
-2.9529705 15.338256 2.4224329
-2.9529691 15.377277 2.4219582
-2.9529665 15.420169 2.4214361
-2.952965 15.463034 2.4209144
-2.9529645 15.501975 2.4204402
-2.9529624 15.540893 2.4199665
-2.9529612 15.579781 2.419493
-2.9529595 15.618649 2.4190199
-2.9529574 15.65749 2.4185472
-2.9529564 15.700186 2.4180274
-2.9529543 15.742856 2.4175079
-2.9529529 15.781616 2.4170361
-2.952951 15.820889 2.4197714
-2.9529495 15.859069 2.419975
-2.952949 15.897224 2.4201787
-2.9529471 15.940288 2.4228632
-2.9529448 15.982787 2.4223433
-2.9529426 16.021395 2.4218705
-2.9529419 16.059986 2.4213984
-2.9529405 16.098549 2.4209266
-2.9529388 16.137087 2.4204547
-2.9529364 16.179449 2.4199367
-2.952935 16.221783 2.4194186
-2.952934 16.260244 2.4189479
-2.9529324 16.298674 2.4184778
-2.9529309 16.33709 2.4180079
-2.9529288 16.379314 2.417491
-2.9529269 16.422098 2.4178591
-2.9529262 16.459841 2.4203684
-2.952925 16.498146 2.4198985
-2.9529221 16.539362 2.4205282
-2.9529209 16.582348 2.4227242
-2.9529192 16.620577 2.4222541
-2.9529183 16.658785 2.4217844
-2.9529166 16.700788 2.4212675
-2.9529145 16.742765 2.4207511
-2.9529126 16.780891 2.4202826
-2.9529116 16.819 2.4198136
-2.9529104 16.860889 2.4192984
-2.9529085 16.902752 2.4187834
-2.9529066 16.940784 2.4183156
-2.9529049 16.97879 2.4178481
-2.9529037 17.020571 2.4173341
-2.9529021 17.062843 2.4199951
-2.9529004 17.100254 2.4201968
-2.9528985 17.138159 2.4197288
-2.9528966 17.178799 2.4209735
-2.9528961 17.221468 2.4225402
-2.9528942 17.259302 2.4220726
-2.9528925 17.30089 2.4215586
-2.9528909 17.342445 2.4210448
-2.9529831 15.017357 2.4576099
-2.9529812 15.05658 2.4571226
-2.95298 15.100768 2.4587035
-2.9529788 15.142785 2.4599557
-2.9529772 15.181062 2.4616475
-2.9529753 15.22105 2.462883
-2.9529731 15.260146 2.462395
-2.9529724 15.299216 2.4619064
-2.952971 15.338257 2.4614189
-2.9529693 15.377279 2.4609313
-2.9529669 15.420168 2.4603958
-2.952965 15.463031 2.4598603
-2.9529645 15.501975 2.4593742
-2.9529626 15.540893 2.4588876
-2.9529607 15.579782 2.4584019
-2.9529593 15.618649 2.4579165
-2.9529574 15.65749 2.4574313
-2.9529567 15.700811 2.4576421
-2.9529545 15.742856 2.4602506
-2.9529524 15.781617 2.4597652
-2.9529507 15.819759 2.4622743
-2.9529495 15.859069 2.4626772
-2.9529488 15.897757 2.4621916
-2.9529467 15.940288 2.4616575
-2.952945 15.982788 2.4611237
-2.9529426 16.021395 2.4606392
-2.9529419 16.059984 2.4601548
-2.9529407 16.098547 2.4596708
-2.9529386 16.137087 2.4591868
-2.9529366 16.179447 2.4586546
-2.952935 16.221781 2.4581234
-2.952934 16.260244 2.4576409
-2.9529328 16.298677 2.4571581
-2.9529312 16.337616 2.4598694
-2.9529283 16.379316 2.4600115
-2.9529269 16.420979 2.4601533
-2.9529259 16.459843 2.4628606
-2.9529245 16.498146 2.4623771
-2.9529223 16.540262 2.4618461
-2.9529212 16.582348 2.4613144
-2.9529192 16.620579 2.4608321
-2.9529183 16.658789 2.46035
-2.9529166 16.700788 2.4598205
-2.9529145 16.742765 2.4592905
-2.9529126 16.780891 2.4588091
-2.9529114 16.819002 2.4583287
-2.9529107 16.860889 2.4578001
-2.9529085 16.902752 2.4572713
-2.9529061 16.941309 2.4599693
-2.9529047 16.97879 2.4601586
-2.9529037 17.020569 2.45963
-2.9529026 17.061739 2.4620662
-2.9529006 17.100254 2.4624646
-2.9528992 17.138161 2.4619837
-2.9528968 17.179831 2.4614558
-2.9528959 17.221468 2.4609275
-2.952894 17.259304 2.460448
-2.9528925 17.300886 2.4599202
-2.9528909 17.342447 2.4593935
-2.9529829 15.017961 2.497592
-2.9529812 15.056581 2.5001054
-2.95298 15.098631 2.501343
-2.9529786 15.142784 2.5029085
-2.9529769 15.181931 2.5024071
-2.9529753 15.22105 2.5019059
-2.9529731 15.260143 2.5014052
-2.9529724 15.299216 2.5009046
-2.952971 15.338257 2.5004044
-2.9529691 15.377276 2.4999049
-2.9529665 15.420169 2.4993553
-2.952965 15.463032 2.4988062
-2.9529645 15.501976 2.4983075
-2.9529624 15.540893 2.4978092
-2.9529607 15.579782 2.4973109
-2.9529588 15.619246 2.4977031
-2.9529574 15.657491 2.5002036
-2.9529567 15.699632 2.5002179
-2.9529543 15.742855 2.5029931
-2.9529529 15.781616 2.5024946
-2.9529505 15.820355 2.5019958
-2.9529495 15.859069 2.5014973
-2.9529488 15.897758 2.5009992
-2.9529467 15.940287 2.5004518
-2.952945 15.982788 2.4999049
-2.9529426 16.021395 2.499408
-2.9529419 16.059986 2.4989109
-2.9529407 16.098547 2.4984145
-2.9529386 16.137081 2.4979181
-2.9529366 16.179447 2.4973729
-2.9529347 16.222635 2.4985373
-2.9529343 16.260246 2.5002024
-2.9529328 16.298677 2.4997067
-2.9529309 16.336498 2.502193
-2.9529288 16.379314 2.5025318
-2.9529269 16.421509 2.5019855
-2.9529259 16.459841 2.5014899
-2.9529245 16.498146 2.5009942
-2.9529235 16.540264 2.5004492
-2.9529212 16.582348 2.4999049
-2.9529192 16.620579 2.4994106
-2.9529183 16.658787 2.4989164
-2.9529166 16.700788 2.4983723
-2.9529145 16.742765 2.4978297
-2.9529126 16.780891 2.4973369
-2.9529405 16.098547 2.5371587
-3.9328389 12.81938 2.9500029
-3.8951955 12.821431 2.9500029
-3.9352334 12.859369 2.9500029
-3.8931766 12.857996 2.9500027
-3.8549531 12.862116 2.9500024
-3.8159218 12.858291 2.9500024
-3.9362221 12.9019 2.9500029
-3.8955312 12.897583 2.9500027
-3.8572698 12.901323 2.9500024
-3.8168802 12.89952 2.9500024
-3.7787471 12.900472 2.9500024
-3.7413759 12.90138 2.9500022
-3.9386179 12.941951 2.9500027
-3.8965096 12.939671 2.9500027
-3.8567693 12.940228 2.9500024
-3.8178389 12.940748 2.9500024
-3.7782836 12.938565 2.9500024
-3.7423153 12.941783 2.9500022
-3.7055588 12.937285 2.9500022
-3.9365451 12.97881 2.9500027
-3.8974884 12.981757 2.9500027
-3.8562677 12.979091 2.9500024
-3.8187976 12.981977 2.9500024
-3.7805259 12.976981 2.9500024
-3.7432549 12.982187 2.9500022
-3.7064888 12.977288 2.9500022
-3.6617899 12.980367 2.9500015
-3.9389412 13.01886 2.9500027
-3.8998449 13.02142 2.9500027
-3.8585846 13.018314 2.9500024
-3.819756 13.023205 2.9500024
-3.7814748 13.017794 2.9500024
-3.744194 13.022591 2.9500022
-3.6984332 13.018472 2.9500017
-3.6538315 13.019405 2.9500017
-3.6189308 13.019132 2.9500017
-3.9399297 13.06139 2.9500027
-3.8978226 13.057837 2.9500027
-3.8595529 13.059969 2.9500024
-3.8220363 13.062073 2.9500024
-3.7824235 13.058605 2.9500024
-3.7451336 13.062995 2.9500022
-3.6993616 13.058377 2.9500017
-3.6538222 13.061124 2.9500017
-3.6198385 13.05817 2.9500012
-3.9423275 13.101499 2.9500027
-3.9001791 13.097498 2.9500027
-3.8605216 13.101622 2.9500024
-3.820112 13.097715 2.9500024
-3.7833729 13.099417 2.9500024
-3.7460728 13.103397 2.9500022
-3.7002895 13.098282 2.9500017
-3.6557784 13.103155 2.9500017
-3.6207459 13.097208 2.9500015
-3.9402521 13.138238 2.9500027
-3.9011576 13.139586 2.9500027
-3.8614902 13.143275 2.9500024
-3.822392 13.136583 2.9500024
-3.7843218 13.140228 2.9500024
-3.7470124 13.143802 2.9500022
-3.7012167 13.138187 2.950002
-3.6566949 13.142574 2.9500017
-3.6226742 13.138865 2.9500015
-3.9426496 13.178348 2.9500027
-3.9021363 13.181672 2.9500027
-3.8638093 13.182589 2.9500024
-3.8233507 13.177811 2.9500024
-3.7852705 13.181041 2.9500024
-3.7405472 13.181813 2.9500022
-3.6960897 13.17695 2.950002
-3.6576114 13.181992 2.9500017
-3.6226749 13.180173 2.9500012
-3.9850237 13.217935 2.9500029
-3.9436383 13.220877 2.9500027
-3.9044948 13.221408 2.9500027
-3.8618343 13.218509 2.9500024
-3.8243093 13.219039 2.9500024
-3.7862194 13.221852 2.9500024
-3.739558 13.218589 2.950002
-3.694046 13.218692 2.9500017
-3.6585279 13.221411 2.9500017
-3.6226747 13.221448 2.9500017
-3.9860232 13.260918 2.9500029
-3.9446273 13.263408 2.9500027
-3.9024692 13.257675 2.9500027
-3.8641534 13.257823 2.9500024
-3.825268 13.260267 2.9500024
-3.7871685 13.262665 2.9500024
-3.740495 13.258889 2.950002
-3.694972 13.258497 2.950002
-3.6594443 13.260829 2.9500017
-3.6246035 13.263116 2.9500015
-3.9884639 13.30153 2.9500029
-3.945492 13.300621 2.9500027
-3.9048274 13.297411 2.9500027
-3.8651218 13.299476 2.9500024
-3.8262265 13.301497 2.9500024
-3.7850075 13.3042 2.9500024
-3.7376683 13.296021 2.9500022
-3.6958971 13.298304 2.9500017
-3.6603608 13.300247 2.9500017
-3.6226912 13.303925 2.9500015
-3.9863307 13.338508 2.9500029
-3.9463575 13.337836 2.9500027
-3.9058061 13.339499 2.9500027
-3.8660903 13.341129 2.9500024
-3.8271849 13.342724 2.9500024
-3.7796171 13.341296 2.950002
-3.7330761 13.336523 2.9500022
-3.6968226 13.338111 2.9500017
-3.6612775 13.339664 2.9500017
-3.6178439 13.341565 2.9500015
-3.9887714 13.379121 2.9500029
-3.9473464 13.380366 2.9500027
-3.9067843 13.381587 2.9500027
-3.8670588 13.382782 2.9500024
-3.8281436 13.383953 2.9500024
-3.7786021 13.378326 2.9500022
-3.7340107 13.376728 2.9500022
-3.6977489 13.377917 2.950002
-3.662194 13.379084 2.9500017
-3.6187494 13.380508 2.9500015
-4.0123863 13.423979 2.9500029
-3.9834144 13.418991 2.9500029
-3.9483354 13.422897 2.9500027
-3.907763 13.423674 2.9500027
-3.8693798 13.422182 2.9500024
-3.819416 13.420223 2.9500024
-3.7750418 13.414346 2.9500022
-3.7349455 13.416929 2.9500022
-3.6986742 13.417724 2.950002
-3.6631105 13.418502 2.9500017
-3.6196544 13.419453 2.9500015
-4.0117002 13.459511 2.9500029
-3.9801741 13.459813 2.9500029
-3.9492004 13.460111 2.9500027
-3.9086192 13.4605 2.9500027
-3.8674009 13.457927 2.9500024
-3.8202531 13.456207 2.9500024
-3.7728901 13.456726 2.9500024
-3.7358801 13.457131 2.9500022
-3.6995997 13.45753 2.9500022
-3.6640267 13.457921 2.9500017
-3.6205599 13.458397 2.950001
-4.012579 13.497322 2.9500029
-3.9722164 13.499609 2.9500029
-3.9438388 13.494127 2.9500027
-3.9094756 13.497328 2.9500027
-3.8599529 13.497329 2.9500024
-3.8116052 13.497331 2.9500024
-3.7738342 13.497333 2.9500024
-3.736815 13.497334 2.9500022
-3.7005255 13.497336 2.9500017
-3.6649435 13.497338 2.9500017
-3.6214657 13.49734 2.950001
-3.9716771 13.540078 2.9500029
-3.9306481 13.539633 2.9500027
-3.8904693 13.539196 2.9500027
-3.8511145 13.538769 2.9500024
-3.8125589 13.538351 2.9500024
-3.7747784 13.537941 2.9500022
-3.7377496 13.537538 2.9500022
-3.7014508 13.537143 2.9500017
-3.6658597 13.536757 2.9500017
-3.6223707 13.536284 2.9500015
-3.972671 13.582834 2.9500029
-3.9316313 13.581941 2.9500027
-3.8914428 13.581067 2.9500027
-3.8520782 13.58021 2.9500024
-3.8135128 13.57937 2.9500024
-3.7757225 13.578547 2.9500022
-3.7386842 13.57774 2.9500022
-3.7023764 13.576949 2.9500017
-3.6580207 13.575984 2.9500015
-3.6147735 13.579895 2.9500012
-3.9735413 13.620246 2.9500029
-3.9311116 13.621927 2.9500027
-3.8924165 13.622935 2.9500027
-3.8530414 13.621649 2.9500024
-3.8144662 13.620389 2.9500024
-3.7766666 13.619154 2.9500022
-3.739619 13.617943 2.9500022
-3.7033017 13.616756 2.9500017
-3.6577606 13.618768 2.9500012
-3.6157894 13.623602 2.9500012
-3.974411 13.657656 2.9500029
-3.9348564 13.658299 2.9500027
-3.8932676 13.659572 2.9500027
-3.8540051 13.663088 2.9500024
-3.8154202 13.661407 2.9500024
-3.7776105 13.659761 2.9500022
-3.7405539 13.658145 2.9500022
-3.7042272 13.656563 2.950002
-3.6600008 13.661167 2.9500015
-3.616693 13.662453 2.9500012
-3.9754047 13.700411 2.9500029
-3.9343367 13.698288 2.9500027
-3.8941197 13.696206 2.9500027
-3.853524 13.702227 2.9500024
-3.8163738 13.702426 2.9500024
-3.7785549 13.700367 2.9500024
-3.7414887 13.698348 2.9500022
-3.7051525 13.696369 2.950002
-3.6623001 13.701961 2.9500012
-3.6175959 13.701303 2.9500012
-3.9763989 13.743167 2.9500029
-3.9353204 13.740594 2.9500027
-3.8950932 13.738075 2.9500027
-3.8571353 13.737909 2.9500024
-3.8173275 13.743445 2.9500024
-3.7794991 13.740973 2.9500022
-3.7424233 13.738551 2.9500022
-3.7060783 13.736176 2.9500017
-3.6619062 13.743106 2.9500015
-3.618499 13.740152 2.9500012
-3.9772692 13.780578 2.9500029
-3.9363039 13.782902 2.9500027
-3.8960667 13.779943 2.9500027
-3.8566549 13.777048 2.9500024
-3.8168647 13.782157 2.9500024
-3.7804432 13.781581 2.9500022
-3.7433579 13.778753 2.9500022
-3.6981401 13.778595 2.9500017
-3.6540241 13.781734 2.9500017
-3.6194026 13.779003 2.9500012
-3.9781387 13.817988 2.9500029
-3.937165 13.819921 2.9500027
-3.8970401 13.821815 2.9500027
-3.8576183 13.818487 2.9500024
-3.8191154 13.820343 2.9500024
-3.7813873 13.822188 2.9500022
-3.7442925 13.818955 2.9500022
-3.6990972 13.819958 2.9500017
-3.6549358 13.820961 2.9500017
-3.620306 13.81785 2.9500012
-3.9791327 13.860744 2.9500029
-3.9380255 13.856939 2.9500027
-3.8965385 13.861299 2.9500027
-3.8585815 13.859926 2.9500024
-3.8213668 13.858569 2.9500024
-3.7823312 13.862793 2.9500022
-3.7452273 13.859159 2.9500022
-3.7000637 13.861321 2.9500015
-3.6558478 13.860188 2.9500017
-3.9785895 13.901049 2.9500029
-3.9390092 13.899247 2.9500027
-3.900219 13.897469 2.9500027
-3.8595452 13.901367 2.9500024
-3.8209038 13.897267 2.9500024
-3.7832754 13.9034 2.9500022
-3.7461622 13.899362 2.9500022
-3.7009866 13.901031 2.9500015
-3.65676 13.899415 2.9500017
-3.98241 13.938016 2.9500029
-3.9399929 13.941556 2.9500027
-3.8997171 13.936954 2.9500027
-3.8605084 13.942806 2.9500024
-3.8218575 13.938285 2.9500024
-3.7828298 13.941666 2.9500022
-3.7440932 13.940863 2.9500022
-3.7002599 13.939783 2.9500015
-3.6576722 13.938642 2.9500017
-3.9818664 13.978321 2.9500029
-3.9394698 13.981408 2.9500027
-3.9006908 13.978824 2.9500027
-3.8600256 13.981842 2.9500024
-3.8228111 13.979305 2.9500024
-3.7850456 13.979527 2.9500022
-3.7389014 13.978576 2.950002
-3.693929 13.982578 2.9500017
-3.6585841 13.977869 2.9500017
-3.9828606 14.021076 2.9500029
-3.9432209 14.018048 2.9500027
-3.9016643 14.020691 2.9500027
-3.8623149 14.020494 2.9500024
-3.823765 14.020324 2.9500024
-3.7859898 14.020133 2.9500022
-3.7398341 14.01868 2.950002
-3.6948502 14.022189 2.9500017
-3.6594963 14.017096 2.9500017
-3.9823163 14.06132 2.9500029
-3.9426978 14.057901 2.9500027
-3.9026375 14.062562 2.9500027
-3.8646052 14.059184 2.9500024
-3.8247187 14.061343 2.9500024
-3.7869334 14.060738 2.9500022
-3.7407663 14.058781 2.950002
-3.695771 14.061801 2.9500017
-3.6594989 14.058888 2.9500017
-3.9861393 14.098409 2.9500029
-3.9436812 14.100208 2.9500027
-3.9021339 14.101958 2.9500027
-3.8641217 14.098206 2.9500024
-3.8256724 14.102362 2.9500024
-3.7827327 14.10162 2.9500022
-3.7379851 14.096273 2.9500022
-3.696692 14.101413 2.9500017
-3.6614337 14.100441 2.9500017
-3.9855945 14.138654 2.9500029
-3.9431572 14.140001 2.9500027
-3.9058185 14.138306 2.9500027
-3.8650854 14.139646 2.9500024
-3.8252068 14.140944 2.9500024
-3.77946 14.138652 2.950002
-3.7334619 14.137394 2.9500022
-3.697613 14.141024 2.9500017
-3.6623461 14.139668 2.9500017
-3.9865882 14.181408 2.9500029
-3.9455256 14.179522 2.9500027
-3.9053147 14.177702 2.9500027
-3.8660483 14.181086 2.9500024
-3.8274603 14.179258 2.9500024
-3.7804012 14.17916 2.9500024
-3.7343917 14.177397 2.9500022
-3.698534 14.180635 2.9500017
-3.6632581 14.178895 2.9500012
-3.9860423 14.221593 2.9500029
-3.9478951 14.219085 2.9500027
-3.9062881 14.219571 2.9500027
-3.8670123 14.222525 2.9500024
-3.8227749 14.222241 2.9500024
-3.7775676 14.217577 2.9500022
-3.735322 14.217402 2.9500022
-3.6994548 14.220247 2.9500017
-3.6651943 14.220501 2.9500012
-3.9898682 14.258802 2.9500029
-3.9473703 14.258862 2.9500027
-3.9072616 14.26144 2.9500027
-3.8665264 14.261457 2.9500024
-3.8198881 14.261073 2.9500024
-3.772963 14.259941 2.9500022
-3.7362521 14.257405 2.9500022
-3.700376 14.259858 2.9500017
-3.6651962 14.262264 2.9500012
-4.0155191 14.304299 2.9500029
-3.9877815 14.296387 2.9500029
-3.948354 14.30117 2.9500027
-3.9067562 14.300764 2.9500027
-3.8656328 14.301815 2.9500024
-3.8188713 14.298846 2.9500024
-3.7739024 14.300345 2.9500022
-3.7371824 14.297409 2.9500022
-3.701297 14.299469 2.9500017
-3.6609261 14.302275 2.9500012
-4.0125642 14.338101 2.9500029
-3.9799013 14.339507 2.9500029
-3.9478278 14.34089 2.9500027
-3.9090862 14.339931 2.9500027
-3.8600686 14.339496 2.9500024
-3.8121951 14.339065 2.9500024
-3.7748415 14.340749 2.9500022
-3.7381124 14.337413 2.9500022
-3.7022173 14.339082 2.9500015
-3.6570086 14.340241 2.950001
-4.0120068 14.378469 2.9500029
-3.9721096 14.382431 2.9500027
-3.9372475 14.38202 2.9500027
-3.8956921 14.377335 2.9500024
-3.851269 14.378572 2.9500024
-3.8131437 14.379875 2.9500024
-3.7757814 14.381152 2.9500022
-3.7390425 14.377416 2.9500022
-3.7031384 14.378693 2.9500012
-3.6592906 14.381062 2.950001
-3.970047 14.419725 2.9500027
-3.9295084 14.420641 2.9500027
-3.891149 14.418896 2.9500024
-3.8522279 14.419801 2.9500024
-3.8140926 14.420686 2.9500024
-3.7767208 14.421557 2.9500022
-3.7399726 14.417421 2.9500017
-3.7040594 14.418305 2.9500012
-3.6602011 14.420196 2.950001
-3.9724381 14.459558 2.9500027
-3.9318595 14.460058 2.9500027
-3.8921175 14.460548 2.9500024
-3.8531866 14.461029 2.9500024
-3.8150413 14.461498 2.9500024
-3.7776599 14.461961 2.950002
-3.7399526 14.45993 2.9500017
-3.7049804 14.457915 2.9500012
-3.6611102 14.459325 2.950001
-3.9748304 14.499434 2.9500027
-3.9342113 14.499518 2.9500027
-3.8944304 14.499602 2.9500024
-3.8554614 14.499684 2.9500024
-3.8172801 14.499764 2.9500024
-3.7798629 14.499842 2.950002
-3.7419484 14.502415 2.9500017
-3.7049704 14.5 2.9500012
-3.6620543 14.50009 2.950001
-3.9742928 14.539317 2.9500027
-3.9336946 14.538985 2.9500027
-3.8939335 14.538662 2.9500024
-3.8549836 14.538344 2.9500024
-3.8168211 14.538034 2.9500024
-3.7794213 14.53773 2.950002
-3.7428787 14.542419 2.9500017
-3.6980791 14.541177 2.950001
-3.6543281 14.54159 2.950001
-3.9737537 14.579155 2.9500027
-3.9346731 14.581073 2.9500027
-3.8949018 14.580315 2.9500024
-3.855942 14.579573 2.9500024
-3.8177698 14.578846 2.9500024
-3.7803607 14.578134 2.9500022
-3.7438087 14.582423 2.9500017
-3.6989982 14.580691 2.950001
-3.6552355 14.580627 2.950001
-3.976146 14.619047 2.9500027
-3.9341547 14.620481 2.9500027
-3.8944037 14.619318 2.9500024
-3.8569009 14.620802 2.9500024
-3.8187184 14.619658 2.9500022
-3.7813003 14.618537 2.9500017
-3.7447388 14.622427 2.9500017
-3.6999161 14.620206 2.950001
-3.6561432 14.619664 2.950001
-3.9365075 14.659972 2.9500027
-3.8967173 14.658401 2.9500024
-3.8564217 14.659391 2.9500024
-3.8196673 14.66047 2.9500022
-3.7822394 14.65894 2.9500017
-3.7456686 14.66243 2.9500017
-3.7008352 14.659721 2.950001
-3.6570511 14.658703 2.950001
-3.783179 14.699345 2.9500017
-3.7465987 14.702435 2.9500017
-3.7017539 14.699238 2.950001
0 0 0 1 0 0 0 1 0 0 0 1 0 0 0 0 0 7683 1 0 0
