ply
format ascii 1.0
comment PCL generated
element vertex 8268
property float x
property float y
property float z
element face 0
element camera 1
property float view_px
property float view_py
property float view_pz
property float x_axisx
property float x_axisy
property float x_axisz
property float y_axisx
property float y_axisy
property float y_axisz
property float z_axisx
property float z_axisy
property float z_axisz
property float focal
property float scalex
property float scaley
property float centerx
property float centery
property int viewportx
property int viewporty
property float k1
property float k2
end_header
-1.0107839 -32.075439 0.15182979
-0.97547776 -32.073997 0.15306871
-1.0536803 -32.071697 0.17841676
-1.0102755 -32.071701 0.18166572
-0.97926337 -32.071701 0.18022792
-0.94775385 -32.071705 0.17876697
-1.0599576 -34.95512 0.21938249
-1.0204108 -34.955143 0.21813107
-0.97799969 -34.955166 0.21960232
-1.1004421 -32.071697 0.22222704
-1.0558279 -32.071701 0.2179662
-1.0102764 -32.071701 0.21890855
-0.9792645 -32.071701 0.21776718
-0.94775546 -32.071705 0.22201318
-1.1367619 -34.955078 0.257644
-1.0987921 -34.955101 0.26199865
-1.0618236 -34.95512 0.25850827
-1.0204108 -34.955143 0.26039743
-0.97994453 -34.955166 0.25958315
-0.9387207 -34.955189 0.25872862
-1.1418754 -32.07169 0.25973743
-1.1004432 -32.071697 0.26380569
-1.0558293 -32.071701 0.26003212
-1.0102775 -32.071701 0.25615144
-0.97926581 -32.071701 0.26066911
-0.94775653 -32.071705 0.25985336
-0.91573775 -32.071705 0.25902468
-1.2226031 -34.955032 0.30124801
-1.1862768 -34.955051 0.30088064
-1.136762 -34.955078 0.29863974
-1.0987921 -34.955101 0.30340886
-1.0599576 -34.955124 0.29780427
-1.0204108 -34.955143 0.3026638
-0.98188955 -34.955162 0.29950556
-0.9387207 -34.955189 0.30188709
-1.2143699 -32.07169 0.29700565
-1.1865325 -32.071693 0.30159283
-1.143926 -32.07169 0.29833791
-1.1004443 -32.071697 0.30018696
-1.0579771 -32.071701 0.29949358
-1.0102789 -32.071701 0.29871482
-0.97926724 -32.071705 0.30357105
-0.94775784 -32.071705 0.29769385
-1.2581471 -34.955009 0.34129921
-1.2226031 -34.955032 0.34130633
-1.1862769 -34.955051 0.34133571
-1.1367624 -34.955078 0.33963549
-1.0987922 -34.955101 0.339643
-1.0599576 -34.95512 0.3396388
-1.0204108 -34.955143 0.33964691
-0.97994471 -34.955166 0.33964255
-0.9387207 -34.955189 0.33965063
-1.2954392 -32.071686 0.34282053
-1.2553048 -32.07169 0.34011957
-1.214371 -32.07169 0.33734006
-1.1865339 -32.071693 0.34223139
-1.1439273 -32.071697 0.33944163
-1.1004454 -32.071697 0.3365683
-1.0558317 -32.071701 0.33888498
-1.0102803 -32.071701 0.34127802
-0.97926831 -32.071705 0.34111023
-0.94775903 -32.071705 0.34093982
-1.3385844 -34.954967 0.37680712
-1.3045313 -34.954987 0.38205549
-1.258147 -34.955009 0.38096941
-1.2226031 -34.955032 0.38136467
-1.188022 -34.955051 0.37911484
-1.1367623 -34.955078 0.38063121
-1.0987923 -34.955101 0.37587717
-1.0599576 -34.955124 0.38147333
-1.0204108 -34.955143 0.37662989
-0.97994483 -34.955166 0.38235074
-0.9387207 -34.955189 0.37741435
-1.3346076 -32.071686 0.37960616
-1.2954403 -32.071686 0.3822695
-1.255306 -32.07169 0.380007
-1.2143722 -32.071693 0.37767449
-1.186535 -32.071693 0.38286984
-1.1439284 -32.071693 0.38054544
-1.1004468 -32.071697 0.37814686
-1.055833 -32.071701 0.38095081
-1.0102814 -32.071701 0.38384122
-0.97926962 -32.071705 0.37864941
-0.94776034 -32.071705 0.37878013
-1.4154694 -34.954922 0.42028624
-1.371928 -34.954948 0.41968262
-1.3385844 -34.954967 0.42044774
-1.3045313 -34.954987 0.42121905
-1.258147 -34.955009 0.42063957
-1.2226033 -34.955032 0.42142302
-1.186277 -34.955051 0.41717222
-1.1367623 -34.955082 0.42162701
-1.0987923 -34.955101 0.41728771
-1.0580918 -34.955124 0.42086622
-1.0204108 -34.955143 0.41889614
-0.97799999 -34.955166 0.4225674
-0.9387207 -34.955189 0.42057276
-1.4229254 -32.071678 0.41962391
-1.3841945 -32.071682 0.42026031
-1.3346086 -32.071686 0.41862741
-1.2954414 -32.071686 0.42171857
-1.2553072 -32.07169 0.41989446
-1.2143734 -32.071693 0.41800901
-1.1865362 -32.071693 0.42350823
-1.1439296 -32.071693 0.4216491
-1.1004481 -32.071697 0.41972551
-1.0536877 -32.071701 0.42043003
-1.0102825 -32.071701 0.42108393
-0.97927082 -32.071705 0.42155126
-0.94776142 -32.071705 0.41662031
-1.4579462 -34.954903 0.45833415
-1.4166636 -34.954922 0.4604736
-1.371928 -34.954948 0.4581103
-1.3385844 -34.954967 0.4640885
-1.3045313 -34.954987 0.46038273
-1.2581471 -34.955009 0.46030977
-1.2226033 -34.955032 0.46148139
-1.1862769 -34.955051 0.4576273
-1.1367623 -34.955078 0.46262273
-1.0987923 -34.955101 0.45869806
-1.0599577 -34.955124 0.4599309
-1.0204108 -34.955143 0.46116251
-0.98188961 -34.955162 0.45958179
-0.9387207 -34.955189 0.4637312
-1.4593933 -32.071682 0.45902854
-1.4229265 -32.071682 0.4624379
-1.3855915 -32.071682 0.46111459
-1.3346095 -32.071686 0.45764875
-1.2954426 -32.071686 0.46116772
-1.2553084 -32.07169 0.4597818
-1.2143747 -32.071693 0.45834336
-1.1865373 -32.071693 0.46414652
-1.1459801 -32.071697 0.46012074
-1.1004493 -32.071697 0.46130407
-1.0558352 -32.071701 0.45984453
-1.0102839 -32.071705 0.45832679
-0.97927213 -32.071705 0.45909047
-0.94776285 -32.071709 0.45986632
-1.5398595 -34.954857 0.49971539
-1.4993973 -34.95488 0.50010717
-1.4567809 -34.954903 0.49831328
-1.4154692 -34.954926 0.50091988
-1.3707033 -34.954948 0.49909177
-1.3385844 -34.954967 0.50288028
-1.3045313 -34.954987 0.49954635
-1.2581472 -34.955009 0.49997997
-1.2226033 -34.955032 0.50153971
-1.186277 -34.955051 0.49808231
-1.1349703 -34.955078 0.50126398
-1.0987923 -34.955101 0.50010848
-1.0618238 -34.95512 0.49893957
-1.020411 -34.955143 0.50342888
-0.97994483 -34.955166 0.49979842
-0.93872094 -34.955189 0.50149488
-1.5745074 -32.071671 0.49903652
-1.5417204 -32.071674 0.50038087
-1.5082027 -32.071674 0.50175518
-1.4580566 -32.071682 0.49910212
-1.4229274 -32.071682 0.50049472
-1.3855926 -32.071686 0.49957919
-1.3331742 -32.071686 0.49917269
-1.2954438 -32.07169 0.50061679
-1.2553097 -32.07169 0.49966919
-1.214376 -32.071693 0.49867785
-1.1865386 -32.071693 0.4997052
-1.1439319 -32.071697 0.49869895
-1.1004504 -32.071697 0.50288248
-1.0579833 -32.071701 0.49919462
-1.0102853 -32.071705 0.50088996
-0.9792732 -32.071705 0.49662954
-0.94776428 -32.071709 0.5031122
-1.6179546 -34.954811 0.53916764
-1.5793672 -34.954834 0.54001546
-1.5398595 -34.954857 0.54088342
-1.4982599 -34.95488 0.5396173
-1.4591118 -34.954899 0.54019201
-1.4154692 -34.954922 0.53887206
-1.3731526 -34.954948 0.54201889
-1.3385844 -34.954967 0.54167205
-1.3045313 -34.954987 0.53871
-1.2581472 -34.955009 0.53965008
-1.2226033 -34.955032 0.54159802
-1.186277 -34.955051 0.53853732
-1.1367623 -34.955082 0.53950691
-1.0987923 -34.955101 0.54151893
-1.0599579 -34.95512 0.53835273
-1.020411 -34.955143 0.54041195
-0.97994483 -34.955166 0.54250669
-0.93872094 -34.955189 0.53925848
-1.6201332 -32.071671 0.53979331
-1.5770071 -32.071674 0.539855
-1.5417213 -32.071674 0.53714043
-1.5069025 -32.071682 0.54126155
-1.4607339 -32.071682 0.54134548
-1.4229287 -32.071682 0.53855157
-1.3869896 -32.071686 0.54036868
-1.334612 -32.071686 0.54058677
-1.2954448 -32.07169 0.54006577
-1.2553108 -32.07169 0.5395565
-1.2143769 -32.071693 0.53901207
-1.1865395 -32.071693 0.53526366
-1.1439332 -32.071697 0.53980255
-1.1004516 -32.071701 0.53926367
-1.0558379 -32.071701 0.5386973
-1.0102865 -32.071705 0.54345304
-0.97927427 -32.071705 0.53953123
-0.94776529 -32.071709 0.54095227
-1.6546179 -34.954792 0.58045822
-1.6179549 -34.954815 0.57937628
-1.5793673 -34.954834 0.58069807
-1.5387491 -34.954853 0.57993549
-1.500535 -34.954876 0.58096284
-1.4579463 -34.954903 0.58017117
-1.4142748 -34.954926 0.57937384
-1.3719281 -34.954948 0.58300018
-1.3385847 -34.954967 0.58046383
-1.3045316 -34.954987 0.57787371
-1.2594526 -34.955009 0.58161283
-1.2226033 -34.955032 0.5816564
-1.186277 -34.955051 0.57899237
-1.1385542 -34.955078 0.57769597
-1.0987923 -34.955101 0.58292925
-1.0599579 -34.955124 0.5801872
-1.020411 -34.955143 0.57739502
-0.979945 -34.955166 0.57987642
-0.93872094 -34.955189 0.58241689
-1.7042772 -32.071667 0.58117646
-1.6645274 -32.071671 0.5794642
-1.6201341 -32.071667 0.58018446
-1.5745095 -32.071674 0.58093983
-1.5417223 -32.071674 0.57849485
-1.5069034 -32.071682 0.57840133
-1.4593968 -32.071682 0.58141911
-1.4229299 -32.071682 0.57660842
-1.3855947 -32.071686 0.58129919
-1.3346131 -32.071686 0.57960796
-1.295446 -32.07169 0.5795148
-1.255312 -32.07169 0.57944381
-1.2143781 -32.071693 0.57934642
-1.1865408 -32.071693 0.5759021
-1.1439345 -32.071697 0.58090621
-1.1004525 -32.071701 0.57564485
-1.0558389 -32.071701 0.58076286
-1.0102876 -32.071705 0.58069581
-0.9792757 -32.071705 0.5824331
-0.94776654 -32.071709 0.57879245
-1.7462053 -34.954742 0.62005496
-1.701529 -34.954769 0.62113214
-1.6566881 -34.954792 0.61987329
-1.6179547 -34.954811 0.61958474
-1.5782828 -34.954838 0.61930251
-1.5409701 -34.954853 0.6207611
-1.4993975 -34.95488 0.62047297
-1.4579463 -34.954903 0.61765945
-1.4166639 -34.954926 0.62171483
-1.3719281 -34.954948 0.62142789
-1.3385847 -34.954967 0.6192556
-1.3045315 -34.95499 0.61703742
-1.2581474 -34.955009 0.6239332
-1.2226033 -34.955032 0.62171471
-1.186277 -34.955051 0.61944747
-1.1367624 -34.955078 0.61635685
-1.0987924 -34.955101 0.6243397
-1.0599579 -34.95512 0.62202173
-1.020411 -34.955143 0.61966133
-0.97994506 -34.955166 0.61724615
-0.93872094 -34.955189 0.62018055
-1.8110787 -32.090809 0.62160647
-1.7886852 -32.093975 0.61738551
-1.8135474 -32.062218 0.62291592
-1.7065859 -32.071667 0.62034774
-1.6621596 -32.071671 0.6194976
-1.6201351 -32.071671 0.62057555
-1.5770093 -32.071674 0.62169701
-1.5417235 -32.071674 0.61984938
-1.5056031 -32.071682 0.61796814
-1.4593977 -32.071682 0.61907756
-1.4229311 -32.071682 0.61942232
-1.3855958 -32.071686 0.61976367
-1.3360509 -32.071686 0.62095523
-1.2954471 -32.07169 0.61896384
-1.2553129 -32.07169 0.619331
-1.2143793 -32.071693 0.61968076
-1.186542 -32.071697 0.61654037
-1.1439357 -32.071697 0.62200975
-1.1004539 -32.071701 0.61722326
-1.0536938 -32.071701 0.6203534
-1.0102887 -32.071705 0.61793846
-0.9792769 -32.071705 0.61997205
-0.94776785 -32.071709 0.62203825
-1.8135448 -32.019875 0.62277228
-1.814142 -34.954704 0.66097474
-1.781023 -34.95472 0.66081351
-1.7462053 -34.954742 0.65868795
-1.7015291 -34.954769 0.66031402
-1.6546179 -34.954792 0.65997463
-1.6179549 -34.954811 0.65979338
-1.580452 -34.954834 0.65962124
-1.5398595 -34.954857 0.65981317
-1.4993975 -34.95488 0.65750867
-1.4579463 -34.954903 0.65983379
-1.4154694 -34.954922 0.66221654
-1.3719281 -34.954948 0.65985554
-1.3385847 -34.954967 0.65804738
-1.3045316 -34.954987 0.656201
-1.2581474 -34.955009 0.66360343
-1.2226033 -34.955032 0.66177309
-1.186277 -34.955051 0.65990245
-1.1367626 -34.955078 0.65735257
-1.0987926 -34.955101 0.66057378
-1.0580919 -34.95512 0.66153175
-1.020411 -34.955143 0.66192764
-0.97994506 -34.955166 0.65995443
-0.93872094 -34.955189 0.6579442
-1.8108039 -32.09116 0.66184831
-1.7886851 -32.093975 0.65996122
-1.8135469 -32.062218 0.66093093
-1.7042791 -32.071667 0.65989107
-1.6645296 -32.071671 0.65915561
-1.61892 -32.071671 0.65883976
-1.575761 -32.071674 0.66044855
-1.5417246 -32.071674 0.66120374
-1.5082068 -32.071682 0.65953881
-1.4580607 -32.071682 0.65921313
-1.4229321 -32.071682 0.66223621
-1.385597 -32.071686 0.65822816
-1.3346155 -32.071686 0.66251045
-1.2954483 -32.07169 0.65841275
-1.2553141 -32.07169 0.65921831
-1.2143804 -32.071693 0.66001499
-1.186543 -32.071697 0.65717858
-1.1439369 -32.071701 0.66311336
-1.100455 -32.071701 0.65880156
-1.0558414 -32.071701 0.65965641
-1.0102901 -32.071705 0.6605016
-0.97927833 -32.071709 0.65751112
-1.8135449 -32.019871 0.6607905
-1.813542 -31.977512 0.66065001
-1.8565749 -34.954678 0.69856125
-1.8160133 -34.954704 0.69839901
-1.7800666 -34.95472 0.7013371
-1.7462056 -34.954742 0.70161343
-1.7015291 -34.954769 0.69949591
-1.6566881 -34.954788 0.69933873
-1.6179547 -34.954811 0.70000196
-1.5793676 -34.954834 0.69822568
-1.5398595 -34.954857 0.70098114
-1.4993975 -34.95488 0.69917357
-1.4579464 -34.954903 0.70200819
-1.4154694 -34.954926 0.70016873
-1.3719282 -34.954948 0.6982832
-1.3385847 -34.954967 0.69683915
-1.3032596 -34.954987 0.69803786
-1.2581474 -34.955009 0.70327359
-1.2226034 -34.955032 0.70183134
-1.1862773 -34.955051 0.7003575
-1.1367625 -34.955078 0.6983484
-1.0987926 -34.955101 0.69680786
-1.0618241 -34.95512 0.69755656
-1.020411 -34.955143 0.69891071
-0.97994506 -34.955166 0.70266265
-1.8113528 -32.090454 0.69972157
-1.7886851 -32.093975 0.70253694
-1.813547 -32.062218 0.69894594
-1.706588 -32.071667 0.69900578
-1.6621617 -32.071671 0.69924724
-1.6213536 -32.071671 0.69899666
-1.5745127 -32.071674 0.6992445
-1.5417256 -32.071678 0.70255816
-1.5069065 -32.071682 0.6991055
-1.4607379 -32.071682 0.70133227
-1.4229331 -32.071682 0.70029294
-1.3842021 -32.071686 0.69923866
-1.3346165 -32.071686 0.70153171
-1.2954493 -32.07169 0.69786167
-1.2553152 -32.07169 0.69910556
-1.2143816 -32.071693 0.70034921
-1.1865443 -32.071697 0.69781691
-1.1418885 -32.071701 0.70184243
-1.1004566 -32.071701 0.70038009
-1.0579892 -32.071701 0.6988951
-1.0102912 -32.071705 0.70306444
-0.97927964 -32.071709 0.70041281
-1.8135448 -32.019871 0.69880861
-1.8135418 -31.977507 0.69867116
-1.8970386 -34.954659 0.72510964
-1.8565747 -34.954681 0.72341257
-1.8122711 -34.954708 0.72436118
-1.7838922 -34.954716 0.72602421
-1.7462056 -34.954742 0.72736877
-1.7015291 -34.954769 0.72561711
-1.655653 -34.954792 0.7238183
-1.6179547 -34.954811 0.72234005
-1.5793675 -34.954834 0.7253474
-1.5398597 -34.954857 0.72842652
-1.4993975 -34.95488 0.72695047
-1.4579464 -34.954903 0.7254383
-1.4154695 -34.954926 0.72388887
-1.3719282 -34.954948 0.72230047
-1.3385847 -34.954967 0.721084
-1.3083475 -34.954983 0.72650844
-1.2581474 -34.955009 0.72806746
-1.2226036 -34.955032 0.72686791
-1.1862773 -34.955051 0.72564191
-1.1367625 -34.955078 0.72397071
-1.0987926 -34.955101 0.72268939
-1.0599581 -34.955124 0.72137862
-1.020411 -34.955143 0.7200439
-0.97994459 -34.955166 0.7293551
-1.8110783 -32.090805 0.73996347
-1.7886851 -32.093975 0.74085522
-1.8135469 -32.062222 0.74118495
-1.7075119 -32.071671 0.73034924
-1.6740067 -32.071671 0.72008955
-1.6091919 -32.071674 0.72275651
-1.5870056 -32.071674 0.72064745
-1.4951947 -32.071678 0.72123635
-1.3981616 -32.071686 0.72185862
-1.29545 -32.07169 0.72251725
-1.2688258 -32.071693 0.72020447
-1.1865449 -32.071697 0.7232157
-1.1582847 -32.071697 0.72083771
-1.0408177 -32.071705 0.72151101
-1.8135448 -32.019875 0.74105102
-1.8135419 -31.97751 0.74091703
-2.1017687 -34.905403 0.79197437
-2.0623779 -34.904755 0.79342723
-2.0198328 -34.905151 0.79223269
-1.9811442 -34.906101 0.78826076
-1.9401566 -34.906094 0.78833568
-1.902414 -34.905533 0.79240656
-1.8607855 -34.90472 0.79505187
-1.8184353 -34.905342 0.79129791
-1.7770083 -34.905838 0.79020429
-1.739876 -34.906353 0.78840321
-1.7066622 -34.90609 0.78897071
-1.6686083 -34.904793 0.79190099
-1.6240129 -34.904819 0.79575431
-1.5859656 -34.905293 0.79167414
-1.5478467 -34.905693 0.7915566
-1.5050455 -34.906227 0.78965485
-1.4610895 -34.906799 0.78768277
-1.4217311 -34.90493 0.7930423
-1.3768598 -34.904953 0.79165083
-1.3424749 -34.904972 0.79058433
-1.3067188 -34.905247 0.79411417
-1.2575004 -34.905807 0.79211926
-1.2197309 -34.906242 0.79058683
-1.1810138 -34.906708 0.78899109
-1.1346893 -34.906483 0.78958398
-1.0945611 -34.905109 0.79326093
-1.0543069 -34.905132 0.7921223
-1.0132875 -34.905155 0.7909621
-0.98537135 -34.905186 0.79015505
-0.93644744 -34.905785 0.79180622
-1.7712879 -32.120895 0.79170507
-1.7418096 -32.121674 0.79404074
-1.6984959 -32.121437 0.79418468
-1.6551821 -32.121674 0.7949211
-1.621501 -32.121677 0.79190314
-1.5906372 -32.121578 0.79507762
-1.5399944 -32.121681 0.79379338
-1.5038731 -32.121685 0.79530138
-1.4697796 -32.121212 0.79348087
-1.4163476 -32.121689 0.79258281
-1.3764809 -32.121307 0.79366672
-1.3377032 -32.121693 0.79571116
-1.2970893 -32.121696 0.79240465
-1.2553521 -32.121666 0.79398197
-1.2129159 -32.1217 0.79563832
-1.1839793 -32.1217 0.79336143
-1.1334424 -32.121281 0.79240245
-1.0943837 -32.121704 0.7967217
-1.0635531 -32.121708 0.79438007
-1.0322196 -32.121708 0.79200017
-0.98337805 -32.121445 0.79340017
-1.8108035 -32.09116 0.78021562
-1.7821692 -32.102211 0.78682858
-1.744576 -32.118465 0.78245366
-1.6597211 -32.119034 0.78381622
-1.6330962 -32.117306 0.77963042
-1.570188 -32.119629 0.785254
-1.5420685 -32.117863 0.78096402
-1.4458354 -32.11845 0.78237379
-1.3439364 -32.119072 0.78386652
-1.2188243 -32.118755 0.7830888
-1.0847762 -32.118431 0.78227723
-0.96013069 -32.119118 0.78392768
-1.8135469 -32.062218 0.77919996
-1.8135445 -32.019875 0.77906907
-1.8135418 -31.977509 0.77893817
-2.207099 -34.904499 0.83693522
-2.173516 -34.904514 0.82685643
-2.1352787 -34.904537 0.82004601
-2.0990767 -34.90456 0.82167149
-2.0627162 -34.904583 0.82064313
-2.0178525 -34.904602 0.81937426
-1.9793994 -34.904625 0.81828672
-1.9398311 -34.904648 0.81716746
-1.8992475 -34.904667 0.82010382
-1.8562468 -34.904694 0.82191247
-1.8145577 -34.904716 0.82202375
-1.7793243 -34.904732 0.82112348
-1.7432737 -34.904755 0.82020223
-1.7063787 -34.904778 0.81925946
-1.6686083 -34.904793 0.81829423
-1.6200672 -34.904823 0.82151908
-1.5802908 -34.904842 0.82055706
-1.549724 -34.904861 0.81981772
-1.508122 -34.904884 0.81881142
-1.465471 -34.904903 0.81777966
-1.421731 -34.90493 0.81672168
-1.37686 -34.904953 0.8204335
-1.3424749 -34.904972 0.81964874
-1.3073334 -34.904991 0.82373881
-1.2594336 -34.905022 0.82271093
-1.2227018 -34.905041 0.82192266
-1.1851339 -34.90506 0.82111663
-1.1338882 -34.90509 0.82001698
-1.0945611 -34.905109 0.81917322
-1.0543069 -34.905132 0.81830943
-1.0132875 -34.905155 0.81742924
-0.9854176 -34.90517 0.81683117
-0.94484985 -34.90519 0.81827891
-1.773151 -32.12167 0.82260579
-1.7418098 -32.12167 0.81996882
-1.6990803 -32.121674 0.82075298
-1.6539459 -32.121674 0.81949162
-1.621501 -32.121677 0.81881654
-1.5870349 -32.121677 0.82054317
-1.5386693 -32.121677 0.81923419
-1.5038731 -32.121685 0.82317817
-1.4668801 -32.121685 0.82031786
-1.4149233 -32.121689 0.81895804
-1.3775122 -32.121689 0.82304537
-1.3377032 -32.121693 0.82007605
-1.2970893 -32.121696 0.8170467
-1.2569921 -32.1217 0.82126313
-1.2129159 -32.1217 0.82085484
-1.1839793 -32.1217 0.81877542
-1.1417879 -32.121704 0.81795663
-1.0943837 -32.121704 0.82274735
-1.0635531 -32.121708 0.82061613
-1.0162953 -32.121708 0.8173492
-0.96799445 -32.121712 0.81938773
-0.93507731 -32.121716 0.82257986
-1.8113528 -32.090454 0.81806821
-1.7815304 -32.10302 0.82120663
-1.8135468 -32.062218 0.81721497
-1.8135445 -32.019867 0.81708717
-1.8135418 -31.97751 0.81695944
-2.2801864 -34.904457 0.87669051
-2.2519712 -34.904472 0.86841524
-2.2158787 -34.904499 0.86149317
-2.175777 -34.904514 0.8609066
-2.1344545 -34.904537 0.86030191
-2.0990767 -34.90456 0.85978413
-2.0627162 -34.904579 0.8592521
-2.0178528 -34.904602 0.85859567
-1.9793994 -34.904625 0.858033
-1.9398313 -34.904648 0.857454
-1.8992475 -34.904667 0.85686016
-1.8587545 -34.90469 0.85882312
-1.8145577 -34.904716 0.8598206
-1.7793244 -34.904732 0.85935313
-1.743274 -34.904751 0.8588748
-1.7063785 -34.904774 0.85838526
-1.6686081 -34.904793 0.86228293
-1.6200675 -34.904819 0.86170536
-1.5802908 -34.904842 0.86123198
-1.5497241 -34.904858 0.8608681
-1.5081222 -34.904884 0.86037284
-1.465471 -34.904907 0.85986519
-1.4217312 -34.904926 0.8593446
-1.37686 -34.904957 0.86360765
-1.3424749 -34.904972 0.86324531
-1.3073335 -34.904991 0.86287498
-1.2594336 -34.905022 0.86237031
-1.2227018 -34.905041 0.86198324
-1.1851338 -34.905064 0.86158735
-1.1338884 -34.90509 0.86104727
-1.0945611 -34.905109 0.86063313
-1.0543069 -34.905132 0.86020881
-1.0132877 -34.905155 0.85977656
-0.9854176 -34.90517 0.85948288
-0.942801 -34.905193 0.85903382
-1.7731509 -32.12167 0.86111289
-1.7406387 -32.121674 0.86118549
-1.6990805 -32.121674 0.86017001
-1.6564181 -32.121674 0.85914254
-1.6215012 -32.121677 0.85918665
-1.5857465 -32.121677 0.85924196
-1.5413196 -32.121677 0.8602891
-1.5038731 -32.121685 0.86034739
-1.4668801 -32.121685 0.85789108
-1.4177718 -32.121689 0.86151993
-1.3775122 -32.121689 0.86159444
-1.3377032 -32.121693 0.85905981
-1.2970893 -32.121696 0.85647392
-1.2554337 -32.1217 0.8637923
-1.212916 -32.1217 0.86120129
-1.1839793 -32.1217 0.85943794
-1.139655 -32.121704 0.8567369
-1.0943837 -32.121704 0.85918313
-1.0635533 -32.121708 0.86259365
-1.0162954 -32.121708 0.85984278
-0.96799451 -32.121712 0.85703135
-0.93507743 -32.121716 0.86053795
-1.8110783 -32.090805 0.85832036
-1.780683 -32.104088 0.85955822
-1.8135468 -32.062218 0.85945392
-1.8135443 -32.019867 0.85932952
-1.8135418 -31.97751 0.85920548
-2.3366928 -34.954414 0.91508067
-2.303751 -34.954433 0.915209
-2.265435 -34.954453 0.91496277
-2.2175691 -34.954479 0.91006082
-2.1788509 -34.954502 0.9109211
-2.1389945 -34.954525 0.91180658
-2.0979495 -34.954544 0.91271853
-2.0556612 -34.954571 0.91365796
-2.0194612 -34.95459 0.91446227
-1.9822612 -34.954609 0.91528875
-1.9402459 -34.954636 0.91420043
-1.8970381 -34.954659 0.91309547
-1.8565744 -34.954681 0.9139393
-1.8150775 -34.954704 0.91060615
-1.7810229 -34.95472 0.91126978
-1.7462054 -34.954742 0.91194832
-1.701529 -34.954769 0.91281909
-1.655653 -34.954792 0.91371298
-1.6179547 -34.954811 0.91444755
-1.5793674 -34.954834 0.91519952
-1.5398593 -34.954857 0.91139519
-1.4993975 -34.95488 0.91212851
-1.4579461 -34.954903 0.91287965
-1.4154692 -34.954926 0.9136495
-1.3719279 -34.954948 0.91443855
-1.3385849 -34.954967 0.91504288
-1.3007154 -34.95499 0.91245514
-1.2581472 -34.955009 0.91154194
-1.2226033 -34.955032 0.91213757
-1.1862769 -34.955051 0.91274625
-1.1367624 -34.955078 0.91357601
-1.0987921 -34.955101 0.91421235
-1.0643119 -34.95512 0.91304094
-1.0204108 -34.955143 0.91024232
-0.97994471 -34.955166 0.91086525
-0.9387207 -34.955189 0.91149986
-0.91071916 -34.955204 0.91193092
-2.3348744 -34.905899 0.91293669
-2.2975836 -34.904957 0.90203398
-2.2571518 -34.905041 0.90163583
-2.2170069 -34.905079 0.90106857
-2.1769137 -34.905125 0.90106118
-2.1365831 -34.905163 0.90039665
-2.100549 -34.905396 0.9030391
-2.0614204 -34.905258 0.90105277
-2.017679 -34.905155 0.90003473
-1.9793758 -34.905548 0.90236002
-1.9396037 -34.905235 0.89999628
-1.8991634 -34.905643 0.90237832
-1.858364 -34.905281 0.8991335
-1.8174732 -34.90556 0.90192658
-1.7791429 -34.905788 0.90240568
-1.7414454 -34.905613 0.90099692
-1.7044839 -34.905659 0.90099043
-1.6662514 -34.905876 0.90520477
-1.6212691 -34.90509 0.90039992
-1.582936 -34.905453 0.90399504
-1.5488306 -34.905258 0.90152693
-1.5071862 -34.905293 0.90152931
-1.4644909 -34.905327 0.9015317
-1.420705 -34.905369 0.90153426
-1.3757852 -34.905407 0.90153688
-1.3413625 -34.905437 0.90153885
-1.306182 -34.905468 0.90154088
-1.2582281 -34.905514 0.90154374
-1.2214544 -34.905544 0.901546
-1.1838431 -34.905575 0.90154833
-1.1349808 -34.905388 0.89957303
-1.0976179 -34.905972 0.90432358
-1.0554246 -34.905445 0.89954227
-1.0164146 -34.906059 0.90437889
-0.98388606 -34.90575 0.9015609
-0.94121575 -34.905788 0.90156364
-0.89770997 -34.905823 0.90156627
-1.7731509 -32.12167 0.8953414
-1.7422472 -32.121368 0.89940834
-1.6986458 -32.121498 0.89938712
-1.6551179 -32.121647 0.89700246
-1.6215012 -32.121677 0.89507127
-1.586592 -32.121506 0.89741772
-1.5394316 -32.12146 0.89927393
-1.5036459 -32.121597 0.8974179
-1.4668802 -32.121685 0.89546412
-1.4163479 -32.121689 0.89742637
-1.3811896 -32.121124 0.90264875
-1.337232 -32.121521 0.89784873
-1.2969983 -32.121666 0.89586401
-1.2554338 -32.1217 0.89868927
-1.2129163 -32.1217 0.89650458
-1.1829455 -32.121342 0.89969182
-1.1390251 -32.121487 0.89763671
-1.0941747 -32.121635 0.89553803
-1.0635533 -32.121708 0.89932412
-1.0162954 -32.121708 0.89702481
-0.96672237 -32.121292 0.8995775
-0.93410063 -32.121399 0.89813393
-1.8110783 -32.090801 0.90059072
-1.7804949 -32.104359 0.90183902
-1.7325687 -32.117874 0.91940659
-1.691246 -32.1185 0.91790444
-1.6595764 -32.118973 0.91675329
-1.6272054 -32.119461 0.91557652
-1.5797846 -32.118843 0.9170804
-1.5425584 -32.118053 0.91899872
-1.5077987 -32.118549 0.91780221
-1.4603752 -32.119225 0.91617006
-1.4239728 -32.119747 0.91491723
-1.3667774 -32.117737 0.91978705
-1.3412287 -32.11808 0.918957
-1.3021588 -32.118607 0.91768777
-1.2623215 -32.119144 0.91639364
-1.221493 -32.119698 0.91506726
-1.1431656 -32.117744 0.91979289
-1.099606 -32.118298 0.91846192
-1.0551426 -32.118862 0.91710341
-1.0248797 -32.119247 0.91617858
-0.99413776 -32.119637 0.91523921
-1.8135469 -32.062218 0.90169281
-1.7054394 -32.071671 0.91113544
-1.6633518 -32.071671 0.90948987
-1.6237913 -32.071674 0.90944403
-1.5720199 -32.071678 0.91351527
-1.5417314 -32.071678 0.91392475
-1.5069125 -32.071682 0.91265845
-1.4594058 -32.071686 0.91093063
-1.4229388 -32.071686 0.90960455
-1.3897916 -32.071686 0.91000748
-1.3346225 -32.07169 0.91127032
-1.2954556 -32.071693 0.91483045
-1.2553215 -32.071693 0.91348052
-1.2143879 -32.071697 0.91210365
-1.1865506 -32.071697 0.9111672
-1.1439443 -32.071701 0.90973413
-1.1004629 -32.071705 0.91346884
-1.0558492 -32.071705 0.91202903
-1.010298 -32.071709 0.91055894
-0.97928572 -32.071709 0.90955806
-0.94777691 -32.071712 0.91394693
-0.91575813 -32.071712 0.91295731
-1.8135446 -32.019867 0.90157205
-1.8135418 -31.977507 0.90145117
-2.3746247 -34.951866 0.94307071
-2.3397486 -34.947933 0.9369874
-2.3034925 -34.947544 0.93572527
-2.261745 -34.947445 0.93602443
-2.2195334 -34.947006 0.93574363
-2.1803715 -34.947201 0.9367063
-2.1401927 -34.946381 0.93441933
-2.0985744 -34.946606 0.93535089
-2.0556762 -34.94685 0.93631047
-2.0189393 -34.947048 0.93713188
-1.9811713 -34.947254 0.93797618
-1.9359245 -34.949066 0.93488765
-1.8969681 -34.945515 0.9329648
-1.8563164 -34.951405 0.93719345
-1.8158098 -34.950161 0.93753225
-1.7814779 -34.950268 0.9383564
-1.745725 -34.948055 0.93812281
-1.7010994 -34.944839 0.93436408
-1.6544151 -34.945087 0.93521053
-1.6160342 -34.945293 0.93590623
-1.5767313 -34.945507 0.93661851
-1.5399281 -34.950264 0.93656939
-1.5019768 -34.947132 0.93570757
-1.4609399 -34.946751 0.934672
-1.4171648 -34.946304 0.93331742
-1.3729144 -34.946545 0.93404144
-1.3388493 -34.949055 0.93647259
-1.3044481 -34.949162 0.93715227
-1.2575794 -34.94931 0.93807811
-1.221656 -34.949425 0.93878758
-1.1849329 -34.949543 0.93951243
-1.1388016 -34.951698 0.93996674
-1.0995083 -34.944481 0.93414116
-1.0583141 -34.95187 0.93644977
-1.0196649 -34.94664 0.93284321
-0.979469 -34.952389 0.93618608
-0.94032967 -34.950264 0.93582153
-0.91295314 -34.945324 0.93446189
-2.3620801 -34.916523 0.9240182
-2.3383808 -34.913811 0.92289907
-2.2993958 -34.914692 0.92321724
-2.2596302 -34.912506 0.92234439
-2.2204869 -34.912842 0.92247194
-2.1801627 -34.913189 0.92260379
-2.1386032 -34.913544 0.92274052
-2.0990801 -34.914425 0.92309415
-2.0630503 -34.913643 0.92276555
-2.0212834 -34.914551 0.9231267
-1.9782934 -34.915485 0.92350119
-1.9390576 -34.914684 0.92316407
-1.9018734 -34.915569 0.92351949
-1.859778 -34.915932 0.92365813
-1.8165629 -34.916302 0.92380029
-1.7810594 -34.916603 0.92391706
-1.7468745 -34.915894 0.9236002
-1.7048159 -34.914177 0.92290378
-1.6666678 -34.914467 0.92301375
-1.6242821 -34.911827 0.92163527
-1.5843115 -34.912029 0.92179537
-1.5433502 -34.912239 0.92195928
-1.5013617 -34.912457 0.92212749
-1.4582001 -34.91272 0.92225456
-1.4187031 -34.914108 0.922813
-1.3798578 -34.913254 0.92245293
-1.3401933 -34.912365 0.92207927
-1.2978885 -34.913788 0.92265069
-1.2545966 -34.915253 0.92324132
-1.219152 -34.913128 0.92236185
-1.1794188 -34.915775 0.92343742
-1.1424838 -34.913616 0.92254084
-1.1010674 -34.916321 0.92364216
-1.0625458 -34.914124 0.92272741
-1.0193366 -34.916897 0.92385548
-0.97912812 -34.91465 0.92292362
-0.94230866 -34.916149 0.92353159
-0.90889049 -34.912521 0.92203307
-1.8108038 -32.09116 0.94085717
-1.7801683 -32.099895 0.93322873
-1.7435652 -32.10508 0.92444438
-1.7050699 -32.106579 0.92417425
-1.6644794 -32.10574 0.92400563
-1.6258072 -32.105446 0.92387235
-1.5868312 -32.10537 0.92401069
-1.5444473 -32.105 0.92439318
-1.500918 -32.106594 0.92410356
-1.4593617 -32.106571 0.9241761
-1.4194888 -32.104439 0.9238916
-1.3853425 -32.107231 0.92360485
-1.3427712 -32.104038 0.92443937
-1.2975128 -32.104084 0.92462999
-1.261363 -32.108833 0.92345941
-1.2215194 -32.10659 0.92410028
-1.1833315 -32.111294 0.92270517
-1.1423573 -32.102036 0.9246006
-1.101771 -32.103409 0.92443663
-1.0601997 -32.104813 0.92426878
-1.0176718 -32.106197 0.92404395
-0.97808075 -32.105705 0.92421722
-0.93481791 -32.110771 0.92279035
-1.8135464 -32.062218 0.93970805
-1.7054402 -32.071667 0.94173557
-1.6633524 -32.071674 0.94049203
-1.6201435 -32.071678 0.93921566
-1.5770177 -32.071682 0.93997002
-1.5417321 -32.071678 0.94149423
-1.5069129 -32.071682 0.94051307
-1.4594063 -32.071686 0.93917429
-1.4229398 -32.071686 0.93814707
-1.3856047 -32.071686 0.93709499
-1.3331866 -32.07169 0.93833756
-1.2954564 -32.071693 0.944417
-1.2553225 -32.071693 0.94339585
-1.2143887 -32.071697 0.9423542
-1.1865516 -32.071697 0.94164574
-1.1439452 -32.071701 0.94056165
-1.1004635 -32.071705 0.93945515
-1.05585 -32.071705 0.9383198
-1.0102986 -32.071709 0.93716073
-0.97928673 -32.071709 0.93637162
-0.94777781 -32.071712 0.94097549
-0.91575915 -32.071712 0.94020444
-1.8135445 -32.019867 0.93959016
-1.8135417 -31.977509 0.93947232
-2.4223523 -34.954361 0.98036915
-2.3796511 -34.954395 0.98112231
-2.3382821 -34.954411 0.97923774
-2.303751 -34.954433 0.97877556
-2.2613323 -34.95446 0.98087597
-2.2175689 -34.954479 0.9793939
-2.1788511 -34.954502 0.98125845
-2.1389947 -34.954525 0.9794212
-2.0988162 -34.95454 0.97891253
-2.0556614 -34.954571 0.97945017
-2.0194614 -34.95459 0.98109454
-1.9822612 -34.954609 0.98278433
-1.9363682 -34.954639 0.97680289
-1.8970382 -34.954659 0.97848189
-1.8565744 -34.954678 0.98020971
-1.8150775 -34.954704 0.98198128
-1.781023 -34.95472 0.97919017
-1.7462053 -34.954742 0.98062909
-1.7015291 -34.954769 0.97812212
-1.655653 -34.954792 0.97995532
-1.6179549 -34.954811 0.98146188
-1.5793676 -34.954834 0.97848368
-1.5398593 -34.954857 0.9800086
-1.4993975 -34.954876 0.98157036
-1.4567806 -34.954903 0.98060387
-1.4154692 -34.954922 0.9800657
-1.371928 -34.954948 0.97688341
-1.3385847 -34.954967 0.9780795
-1.3045313 -34.954987 0.97930092
-1.2581472 -34.955009 0.98096478
-1.2226033 -34.955032 0.98223972
-1.186277 -34.955051 0.98354262
-1.1349705 -34.955078 0.97731787
-1.0987923 -34.955101 0.9763279
-1.059958 -34.955124 0.97761476
-1.0204108 -34.955143 0.97892517
-0.97994483 -34.955166 0.98026615
-0.9387207 -34.955189 0.98163235
-0.91071939 -34.955204 0.98256028
-1.8113524 -32.090454 0.97868133
-1.7886851 -32.093975 0.97927958
-1.8135469 -32.062218 0.97772294
-1.7054411 -32.071671 0.98107845
-1.6633534 -32.071671 0.98035216
-1.6201446 -32.071674 0.97960651
-1.5757693 -32.071682 0.97884089
-1.5417329 -32.071678 0.97825348
-1.5069141 -32.071682 0.97765261
-1.4594074 -32.071686 0.97683275
-1.4229409 -32.071686 0.98096073
-1.3856061 -32.071686 0.9803673
-1.3360612 -32.07169 0.98175567
-1.2954576 -32.071693 0.98386574
-1.2553235 -32.071697 0.98328292
-1.2143898 -32.071697 0.98268825
-1.1865526 -32.071701 0.98228389
-1.1439464 -32.071701 0.98166502
-1.1004647 -32.071705 0.98103333
-1.0558512 -32.071705 0.98038524
-1.0102997 -32.071709 0.97972351
-0.9792881 -32.071709 0.97927308
-0.94777894 -32.071712 0.97881538
-0.91576028 -32.071712 0.97835028
-1.8135446 -32.019867 0.97760844
-1.8135415 -31.977505 0.97749376
-2.4610062 -34.954346 1.0186409
-2.4230568 -34.954361 1.0200282
-2.3791585 -34.954395 1.0204928
-2.3390079 -34.954411 1.0188299
-2.303751 -34.95443 1.0211532
-2.2613325 -34.95446 1.020359
-2.2175689 -34.954479 1.0195341
-2.1796679 -34.954502 1.0196092
-2.1389947 -34.954525 1.0207413
-2.0971344 -34.954548 1.0206307
-2.0556614 -34.954571 1.0181515
-2.0194614 -34.95459 1.02029
-1.9822612 -34.954609 1.0224874
-1.9363682 -34.954636 1.0171325
-1.8970382 -34.954659 1.0193486
-1.8565744 -34.954678 1.0216285
-1.8150773 -34.954704 1.019768
-1.781023 -34.95472 1.0173954
-1.7462056 -34.954742 1.0192621
-1.702825 -34.954769 1.020337
-1.655653 -34.954792 1.0197009
-1.6179546 -34.954811 1.0216705
-1.5793674 -34.954834 1.0191662
-1.54097 -34.954853 1.019081
-1.4993975 -34.954876 1.0186059
-1.4579461 -34.954903 1.0206586
-1.4154692 -34.954922 1.0227621
-1.371928 -34.954948 1.0201147
-1.3385847 -34.954967 1.0168712
-1.3045311 -34.954987 1.0184646
-1.2581471 -34.955009 1.0206349
-1.2226036 -34.955032 1.0222981
-1.186277 -34.955051 1.0239975
-1.1367625 -34.955078 1.0160655
-1.0987923 -34.955101 1.0177383
-1.059958 -34.955124 1.0194492
-1.0204108 -34.955143 1.0211915
-0.97994483 -34.955166 1.0229745
-0.9387207 -34.955189 1.0193959
-1.8110781 -32.090801 1.0189477
-1.7886848 -32.093975 1.0175978
-1.8135468 -32.062218 1.019962
-1.7054422 -32.071667 1.0204214
-1.6633545 -32.071678 1.0202123
-1.6201456 -32.071678 1.0199976
-1.5757704 -32.071682 1.0197769
-1.5417341 -32.071678 1.0196077
-1.5069151 -32.071682 1.0194346
-1.4594088 -32.071686 1.0191984
-1.4229422 -32.071686 1.0237744
-1.3856072 -32.07169 1.0236398
-1.3346256 -32.07169 1.0234557
-1.2954586 -32.071693 1.0233145
-1.2553246 -32.071693 1.0231699
-1.214391 -32.071697 1.0230223
-1.1865538 -32.071701 1.0229219
-1.1439475 -32.071701 1.0227683
-1.1004663 -32.071705 1.0226116
-1.0558524 -32.071709 1.0224506
-1.0103011 -32.071709 1.0222864
-0.97928953 -32.071712 1.0221746
-0.94778025 -32.071712 1.022061
-0.91576159 -32.071716 1.0219455
-1.8135443 -32.019871 1.0198506
-1.8135415 -31.97751 1.0197395
-2.5370126 -34.954296 1.0596209
-2.4966817 -34.95433 1.060729
-2.460454 -34.954346 1.0594747
-2.4230571 -34.954357 1.0604516
-2.3786702 -34.954395 1.0598872
-2.3390079 -34.954411 1.06063
-2.3037508 -34.954433 1.0599995
-2.2613325 -34.95446 1.0598423
-2.2175689 -34.954479 1.0596745
-2.178082 -34.954502 1.0601425
-2.1398358 -34.954525 1.0596435
-2.0979497 -34.954544 1.0614021
-2.0565543 -34.954575 1.0582319
-2.0194616 -34.95459 1.0594854
-1.9822612 -34.954609 1.0621908
-1.9363683 -34.954636 1.0574622
-1.8970385 -34.954659 1.0602152
-1.8577473 -34.954681 1.0617757
-1.8150774 -34.954704 1.0575547
-1.7810228 -34.95472 1.0598456
-1.7462056 -34.954742 1.0621876
-1.7001336 -34.954769 1.0592473
-1.655653 -34.954792 1.0594461
-1.619014 -34.954815 1.0598192
-1.5793676 -34.954834 1.059849
-1.5387491 -34.954853 1.059866
-1.4993975 -34.954872 1.060271
-1.4579463 -34.954903 1.0581468
-1.4154692 -34.954922 1.0607142
-1.371928 -34.954948 1.0633457
-1.3385847 -34.954967 1.0605121
-1.3045312 -34.954987 1.0576282
-1.2581471 -34.955009 1.060305
-1.2226036 -34.955032 1.0623564
-1.188022 -34.955051 1.0621774
-1.1367625 -34.955078 1.0570612
-1.0987923 -34.955101 1.0591488
-1.059958 -34.955124 1.0612838
-1.0204108 -34.955143 1.063458
-0.97994477 -34.955166 1.0603442
-0.9387207 -34.955189 1.0571597
-1.8110778 -32.090805 1.061218
-1.7886848 -32.093975 1.0601735
-1.8135464 -32.062218 1.0622009
-1.7054431 -32.071671 1.0597644
-1.6633555 -32.071674 1.0600722
-1.6201466 -32.071674 1.0603882
-1.5757716 -32.071682 1.0607129
-1.5417354 -32.071682 1.060962
-1.5069163 -32.071682 1.0612166
-1.4594098 -32.071686 1.061564
-1.4229431 -32.071686 1.061831
-1.3856082 -32.07169 1.062104
-1.3346267 -32.07169 1.0624768
-1.2954597 -32.071693 1.0627632
-1.2553257 -32.071697 1.0630568
-1.2143922 -32.071697 1.0633564
-1.1865549 -32.071701 1.0635599
-1.1439488 -32.071701 1.0638715
-1.1004674 -32.071705 1.0641897
-1.0558535 -32.071705 1.0592579
-1.0103022 -32.071709 1.0595288
-0.97929066 -32.071712 1.0597134
-0.9477815 -32.071712 1.0599008
-1.8135443 -32.019867 1.0620931
-1.8135415 -31.97751 1.0619854
-2.5806553 -34.954277 1.1000601
-2.5360551 -34.954292 1.1005381
-2.4966819 -34.95433 1.0999464
-2.4604537 -34.954346 1.0992856
-2.4230576 -34.954357 1.100875
-2.378186 -34.954395 1.0993052
-2.3396909 -34.954411 1.1013336
-2.3037508 -34.954433 1.0988457
-2.2622089 -34.95446 1.1002609
-2.2175689 -34.954475 1.0998149
-2.1788509 -34.954502 1.0997214
-2.1382029 -34.954525 1.1007963
-2.0979497 -34.954544 1.0995262
-2.0556645 -34.954571 1.0994118
-2.0194616 -34.95459 1.0986809
-1.9822613 -34.954609 1.101894
-1.9363683 -34.954639 1.097792
-1.8970382 -34.954659 1.1010816
-1.8565704 -34.954678 1.1003089
-1.8150774 -34.954704 1.0995402
-1.7819792 -34.95472 1.1003264
-1.7462056 -34.954742 1.1008204
-1.701529 -34.954769 1.1000211
-1.655653 -34.954796 1.0991917
-1.6168953 -34.954811 1.0996797
-1.5793674 -34.954834 1.1005316
-1.5398595 -34.954857 1.0989383
-1.4993978 -34.954876 1.1019362
-1.4579464 -34.954903 1.1003212
-1.4154692 -34.954922 1.0986663
-1.371928 -34.954948 1.1017734
-1.3385847 -34.954967 1.1041527
-1.3045312 -34.954987 1.0967919
-1.2581469 -34.955009 1.0999751
-1.2226033 -34.955032 1.1024146
-1.186277 -34.955051 1.0998342
-1.1367625 -34.955078 1.0980569
-1.0987923 -34.955101 1.1005591
-1.059958 -34.95512 1.1031182
-1.020411 -34.955143 1.100441
-0.97994483 -34.955166 1.0977139
-0.93872094 -34.955189 1.1003181
-1.8108035 -32.09116 1.1014986
-1.7886851 -32.093975 1.1027493
-1.8135464 -32.062218 1.1002157
-1.705444 -32.071667 1.0991074
-1.6633564 -32.071678 1.0999322
-1.6201477 -32.071678 1.1007792
-1.5770217 -32.071682 1.099596
-1.5417364 -32.071682 1.0977211
-1.5069174 -32.071682 1.098356
-1.4594107 -32.071686 1.0992222
-1.4229441 -32.071686 1.0998874
-1.3856095 -32.07169 1.1005682
-1.3346277 -32.07169 1.1014978
-1.2954609 -32.071693 1.102212
-1.2553271 -32.071697 1.1029439
-1.2143936 -32.071697 1.1036904
-1.1865561 -32.071701 1.104198
-1.1439499 -32.071701 1.0998369
-1.1004685 -32.071705 1.1005706
-1.0558548 -32.071709 1.0960649
-1.0103036 -32.071709 1.0967712
-0.9792918 -32.071712 1.0972521
-0.94778264 -32.071712 1.0977407
-1.813544 -32.019871 1.1001112
-1.8135414 -31.977509 1.1000065
-2.5800493 -34.954277 1.1397892
-2.5368137 -34.954296 1.1407543
-2.4966819 -34.95433 1.1391637
-2.4604537 -34.954346 1.1390961
-2.4237664 -34.954361 1.1404777
-2.3789165 -34.954395 1.139639
-2.3382823 -34.954411 1.1395173
-2.3044527 -34.954433 1.140101
-2.2605321 -34.954464 1.1396711
-2.2175691 -34.954475 1.139955
-2.1796224 -34.954502 1.1392666
-2.1389945 -34.954525 1.1409454
-2.0988162 -34.954544 1.1389838
-2.0547655 -34.954571 1.1406291
-2.0194616 -34.95459 1.1378763
-1.9822614 -34.954605 1.1415973
-1.9363683 -34.954636 1.1381217
-1.8970385 -34.954659 1.1419483
-1.855406 -34.954681 1.1388892
-1.8150774 -34.954704 1.1415255
-1.7800664 -34.95472 1.1382253
-1.7462053 -34.954742 1.1394534
-1.7029195 -34.954769 1.1407421
-1.6556532 -34.954792 1.138937
-1.6190143 -34.954811 1.1402105
-1.5793676 -34.954834 1.1412141
-1.5398595 -34.954853 1.1401064
-1.4993975 -34.954876 1.1389718
-1.4579463 -34.954903 1.1424955
-1.4166636 -34.954922 1.1391476
-1.3719281 -34.954948 1.140201
-1.3385847 -34.954967 1.1429445
-1.3058032 -34.954987 1.1385653
-1.2581469 -34.955009 1.1396453
-1.2226031 -34.955032 1.142473
-1.186277 -34.955051 1.1402892
-1.1367625 -34.955078 1.1390525
-1.0987923 -34.955101 1.1419696
-1.0618241 -34.955116 1.1425606
-1.020411 -34.955143 1.137424
-0.97994483 -34.955166 1.1404222
-0.93872094 -34.955189 1.1434765
-1.8113524 -32.090454 1.1392946
-1.7886851 -32.093975 1.1410675
-1.8135464 -32.062218 1.1382309
-1.7065989 -32.071671 1.1408341
-1.6633575 -32.071674 1.1397921
-1.6201489 -32.071682 1.1411698
-1.5745244 -32.071682 1.1400893
-1.5417373 -32.071682 1.1390753
-1.5069183 -32.071686 1.140138
-1.4607501 -32.071686 1.1394476
-1.4229451 -32.071686 1.1379439
-1.3856102 -32.07169 1.1390324
-1.3346291 -32.07169 1.1405188
-1.2954621 -32.071693 1.1416606
-1.2553283 -32.071697 1.1428308
-1.2143947 -32.071701 1.1440243
-1.1865574 -32.071701 1.1397562
-1.1439509 -32.071701 1.1358023
-1.1004695 -32.071705 1.1369514
-1.055856 -32.071712 1.1381302
-1.0103048 -32.071709 1.139334
-0.97929317 -32.071712 1.1401536
-0.94778413 -32.071712 1.1409862
-1.8135442 -32.019867 1.1381295
-1.8135414 -31.97751 1.1380279
-2.5803499 -34.954277 1.1795329
-2.5374041 -34.954296 1.1801263
-2.4972925 -34.95433 1.1792067
-2.4604552 -34.954346 1.1800133
-2.4230573 -34.954361 1.1800265
-2.3796513 -34.954395 1.1799386
-2.3390079 -34.954411 1.1790638
-2.3037488 -34.95443 1.1800585
-2.2624516 -34.954464 1.1801012
-2.2175691 -34.954479 1.1800952
-2.1780314 -34.954502 1.1798697
-2.1398356 -34.954525 1.1798105
-2.0979526 -34.954544 1.1795743
-2.0556614 -34.954571 1.1806968
-2.0201287 -34.954594 1.1791285
-1.9822614 -34.954609 1.1813006
-1.9363683 -34.954636 1.1784514
-1.8979249 -34.954659 1.1808953
-1.8565747 -34.954678 1.1790204
-1.8160131 -34.954704 1.1815387
-1.781023 -34.95472 1.1787062
-1.7471833 -34.954742 1.1803626
-1.7002381 -34.954765 1.1797541
-1.6566882 -34.954792 1.181024
-1.6168957 -34.954811 1.1801229
-1.5804522 -34.954834 1.1797734
-1.5398595 -34.954857 1.1812744
-1.5005352 -34.954876 1.1784625
-1.4579463 -34.954903 1.1799839
-1.4142748 -34.954926 1.1815295
-1.3719281 -34.954948 1.1786287
-1.3385849 -34.954967 1.1817362
-1.3045311 -34.954983 1.1799989
-1.258147 -34.955009 1.1793156
-1.2226031 -34.955032 1.1825312
-1.1862769 -34.955051 1.1807442
-1.1367625 -34.955078 1.1800485
-1.0987923 -34.955101 1.18338
-1.0580919 -34.95512 1.1787207
-1.020411 -34.955143 1.1796904
-0.98188984 -34.955162 1.1806692
-0.93872094 -34.955189 1.1812402
-1.8110778 -32.090801 1.179575
-1.7886848 -32.093971 1.1793855
-1.8135464 -32.062218 1.18047
-1.7042924 -32.071674 1.1797805
-1.6633583 -32.071678 1.179652
-1.621366 -32.071682 1.1795056
-1.5757747 -32.071682 1.1789724
-1.5417385 -32.071682 1.1804293
-1.5069196 -32.071686 1.1819197
-1.458075 -32.071686 1.1813864
-1.4229463 -32.07169 1.1807574
-1.3856114 -32.07169 1.1774966
-1.33463 -32.07169 1.1795397
-1.2954632 -32.071693 1.1811092
-1.2553294 -32.071697 1.1827179
-1.2143958 -32.071701 1.1843581
-1.1865584 -32.071701 1.1753144
-1.1439521 -32.071701 1.1769056
-1.1004708 -32.071705 1.1785295
-1.0558573 -32.071712 1.1801956
-1.0103061 -32.071712 1.1818967
-0.9792943 -32.071712 1.1830548
-0.94778538 -32.071716 1.178826
-1.813544 -32.019867 1.1803718
-1.8135414 -31.977507 1.1802738
-2.6223733 -34.954258 1.2200019
-2.5806551 -34.954285 1.2198924
-2.5370126 -34.954296 1.2202739
-2.4968879 -34.95433 1.2200387
-2.4604535 -34.954346 1.2209296
-2.4230573 -34.954357 1.2204496
-2.3789165 -34.954395 1.2202059
-2.3396907 -34.954407 1.2197356
-2.3030512 -34.954433 1.2200493
-2.2602139 -34.95446 1.219555
-2.2175689 -34.954475 1.2202356
-2.1796682 -34.954502 1.2194554
-2.1389973 -34.954525 1.2198173
-2.0970805 -34.954548 1.2202017
-2.0556614 -34.954571 1.2193981
-2.0194616 -34.95459 1.2201766
-1.9822614 -34.954609 1.2210038
-1.9363683 -34.954636 1.218781
-1.8970385 -34.954655 1.2195839
-1.8565747 -34.954678 1.2204394
-1.8141418 -34.954704 1.2190716
-1.781023 -34.95472 1.2211562
-1.7452273 -34.954742 1.2187355
-1.7028247 -34.954769 1.2205182
-1.6546181 -34.954796 1.2205026
-1.6190143 -34.954811 1.2206014
-1.5782831 -34.954834 1.2201825
-1.5409701 -34.954853 1.2202802
-1.4982603 -34.95488 1.2198471
-1.4591117 -34.954903 1.219943
-1.4154694 -34.954926 1.2220109
-1.3731527 -34.954948 1.2195891
-1.3385849 -34.954967 1.2205281
-1.3032594 -34.954987 1.2214777
-1.258147 -34.955009 1.2189858
-1.2226031 -34.955032 1.2225896
-1.1845319 -34.955055 1.2184912
-1.1367626 -34.955078 1.2210442
-1.0987924 -34.955101 1.219614
-1.059958 -34.95512 1.218163
-1.020411 -34.955143 1.2219567
-0.97800022 -34.955166 1.2176229
-0.93872094 -34.955189 1.2190038
-1.8110778 -32.090801 1.2218454
-1.7886846 -32.093971 1.2219614
-1.8135464 -32.062218 1.2227089
-1.7054474 -32.071674 1.2215073
-1.6633596 -32.071674 1.2195121
-1.6189346 -32.071682 1.2195184
-1.5757756 -32.071682 1.2199082
-1.5417395 -32.071682 1.2171886
-1.5069206 -32.071686 1.2190592
-1.4594142 -32.071686 1.2216115
-1.4229475 -32.07169 1.2235708
-1.3870084 -32.07169 1.2185512
-1.3346312 -32.07169 1.2185605
-1.2954643 -32.071697 1.2205579
-1.2553303 -32.071697 1.2226046
-1.214397 -32.071701 1.2246921
-1.1865597 -32.071701 1.2159524
-1.1439534 -32.071705 1.2180089
-1.100472 -32.071705 1.2201074
-1.0558585 -32.071712 1.2222607
-1.0103073 -32.071712 1.219139
-0.97929549 -32.071712 1.2205936
-0.94778657 -32.071716 1.2166657
-1.813544 -32.019867 1.2226142
-1.8135414 -31.97751 1.2225196
-2.6223679 -34.954254 1.2602565
-2.5800493 -34.954281 1.2596529
-2.5366178 -34.954296 1.2604415
-2.4966819 -34.95433 1.2600702
-2.460454 -34.954346 1.2607405
-2.4232912 -34.954357 1.2600265
-2.3791585 -34.954395 1.2604905
-2.3390057 -34.954411 1.2591699
-2.3044529 -34.954437 1.2601385
-2.2621377 -34.95446 1.259936
-2.2183185 -34.954475 1.2591826
-2.178082 -34.954498 1.2601054
-2.1381507 -34.954525 1.2598594
-2.0979497 -34.954544 1.2596471
-2.0565543 -34.954571 1.2594151
-2.0194616 -34.95459 1.259372
-1.9822614 -34.954613 1.260707
-1.9363683 -34.954639 1.2591109
-1.8970385 -34.954659 1.2604504
-1.8577473 -34.954678 1.2605095
-1.8150775 -34.954704 1.2590846
-1.7819794 -34.95472 1.2615877
-1.7462053 -34.954742 1.2596447
-1.7001334 -34.954769 1.2595975
-1.6566882 -34.954788 1.2604893
-1.6168957 -34.954815 1.2605661
-1.5793679 -34.954834 1.2587419
-1.5387491 -34.954853 1.2611985
-1.4993978 -34.954876 1.2593378
-1.4567809 -34.954903 1.2618617
-1.4154694 -34.954922 1.2599632
-1.3719282 -34.954948 1.2602724
-1.3385849 -34.954967 1.2593199
-1.3045313 -34.954987 1.2632374
-1.258147 -34.955009 1.2586559
-1.2226031 -34.955032 1.2626479
-1.1862769 -34.955051 1.2566141
-1.1367625 -34.955082 1.2620399
-1.0987926 -34.955101 1.2558482
-1.0599581 -34.95512 1.2599976
-1.020411 -34.955143 1.2589399
-0.97994506 -34.955166 1.25787
-0.93872094 -34.955189 1.2621622
-1.8110778 -32.090805 1.2598888
-1.7886846 -32.093971 1.2602797
-1.8135464 -32.062222 1.2607241
-1.7054484 -32.071674 1.26085
-1.6633606 -32.071678 1.2593718
-1.6213681 -32.071682 1.2602572
-1.5757769 -32.071682 1.2608441
-1.5417405 -32.071682 1.2585427
-1.5082231 -32.071686 1.2586846
-1.4594151 -32.071686 1.2592696
-1.4229486 -32.07169 1.2616273
-1.3842177 -32.07169 1.2614504
-1.3346322 -32.07169 1.2575814
-1.2954655 -32.071697 1.2600065
-1.2553316 -32.071701 1.2624916
-1.214398 -32.071701 1.2599844
-1.1865606 -32.071701 1.2565901
-1.1439545 -32.071705 1.2591119
-1.1004732 -32.071709 1.2616855
-1.0580063 -32.071712 1.2619368
-1.0103084 -32.071712 1.2563813
-0.97929662 -32.071712 1.2581322
-0.94778788 -32.071716 1.2599112
-1.813544 -32.019867 1.2606323
-1.8135417 -31.977512 1.260541
-2.622555 -34.954254 1.2997311
-2.5806394 -34.954277 1.2999914
-2.536814 -34.954296 1.2998041
-2.4964797 -34.95433 1.300112
-2.4604535 -34.954342 1.3005513
-2.4230573 -34.954361 1.2996083
-2.3786702 -34.954399 1.2999315
-2.3390079 -34.954411 1.2998093
-2.3037488 -34.95443 1.3001285
-2.261327 -34.954464 1.3003178
-2.2167726 -34.954475 1.2992752
-2.1796679 -34.954502 1.3008741
-2.1398358 -34.954525 1.2999779
-2.0988162 -34.954548 1.2990551
-2.0556614 -34.954571 1.2993677
-2.0187943 -34.95459 1.3004587
-1.9822612 -34.954609 1.3004099
-1.9363682 -34.954636 1.2994404
-1.8961519 -34.954659 1.2991849
-1.8565747 -34.954678 1.3005009
-1.8150774 -34.954704 1.30107
-1.7800664 -34.95472 1.2995856
-1.7471833 -34.954739 1.3005165
-1.7028246 -34.954769 1.2988501
-1.6546179 -34.954792 1.3000189
-1.6190143 -34.954815 1.3009925
-1.5793678 -34.954834 1.2994244
-1.5398598 -34.954857 1.3002042
-1.5005352 -34.954876 1.2987881
-1.4579465 -34.954903 1.3018209
-1.4154695 -34.954922 1.2979152
-1.3707036 -34.954948 1.3009992
-1.3385849 -34.954967 1.2981117
-1.3045313 -34.954987 1.3024009
-1.258147 -34.955009 1.2983261
-1.2226032 -34.955032 1.3027062
-1.186277 -34.955051 1.2970691
-1.1367623 -34.955078 1.3030355
-1.0987924 -34.955101 1.2972586
-1.0599582 -34.95512 1.3018321
-1.020411 -34.955143 1.295923
-0.97994506 -34.955166 1.3005781
-0.93872094 -34.955189 1.2999259
-1.8110778 -32.090801 1.2979321
-1.7886846 -32.093971 1.2985978
-1.8135463 -32.062218 1.2987388
-1.7054493 -32.071678 1.3001927
-1.6633617 -32.071678 1.2992316
-1.6189368 -32.071682 1.3003297
-1.577027 -32.071682 1.2996521
-1.5417416 -32.071682 1.2998965
-1.5056214 -32.071686 1.3001367
-1.4607543 -32.071686 1.2994328
-1.4229496 -32.07169 1.2996837
-1.3856149 -32.07169 1.302505
-1.3360701 -32.07169 1.2991977
-1.2954664 -32.071697 1.2994552
-1.2553326 -32.071701 1.3023784
-1.214399 -32.071701 1.2952764
-1.1865619 -32.071701 1.2972281
-1.1439559 -32.071705 1.300215
-1.1004744 -32.071709 1.3032634
-1.0537144 -32.071712 1.2982643
-1.0103096 -32.071712 1.298944
-0.97929823 -32.071712 1.3010335
-0.94778913 -32.071716 1.3031565
-1.813544 -32.019875 1.2986506
-1.8135413 -31.97751 1.2985622
-2.6221991 -34.954258 1.3399991
-2.5803576 -34.954288 1.3403766
-2.5368109 -34.954292 1.3399709
-2.4966822 -34.95433 1.3401424
-2.4604537 -34.954346 1.3403621
-2.4230573 -34.954361 1.340032
-2.3789165 -34.954395 1.3402165
-2.3383274 -34.954411 1.3404479
-2.3030512 -34.954437 1.3401518
-2.2613378 -34.954464 1.3398014
-2.2183187 -34.954479 1.3394406
-2.1788538 -34.954502 1.3403378
-2.1389973 -34.954525 1.3400211
-2.0979526 -34.954548 1.3396952
-2.0556643 -34.954571 1.3393593
-2.0194614 -34.95459 1.3416923
-1.9822614 -34.954609 1.3401133
-1.9363683 -34.954636 1.3397702
-1.8970382 -34.954659 1.3381078
-1.8565704 -34.954678 1.3405389
-1.8160129 -34.954704 1.3410344
-1.7810228 -34.95472 1.340017
-1.7452273 -34.954742 1.3389642
-1.7015239 -34.954769 1.3394486
-1.6566881 -34.954788 1.3399547
-1.6168952 -34.954815 1.341009
-1.5793673 -34.954834 1.3401071
-1.5409701 -34.954857 1.3391705
-1.4982599 -34.95488 1.3402532
-1.4579463 -34.954903 1.339309
-1.4166639 -34.954926 1.3383281
-1.371928 -34.954948 1.3419461
-1.3385847 -34.954967 1.3369035
-1.3045311 -34.954987 1.3415647
-1.2581468 -34.955009 1.3379962
-1.2226032 -34.955032 1.3427646
-1.186277 -34.955051 1.3375242
-1.1385542 -34.955078 1.3415922
-1.0987921 -34.955101 1.3386688
-1.0618242 -34.95512 1.3411776
-1.020411 -34.955143 1.3381892
-0.98188984 -34.955162 1.3407453
-0.93872094 -34.955189 1.3376895
-1.8110777 -32.090801 1.3402026
-1.7886845 -32.093971 1.3411738
-1.8135464 -32.062218 1.3409781
-1.7054503 -32.071674 1.3395356
-1.6633625 -32.071678 1.3390914
-1.6213703 -32.071682 1.3410087
-1.5745298 -32.071682 1.3402952
-1.5417427 -32.071682 1.3412507
-1.5069238 -32.071686 1.3397621
-1.4580796 -32.071686 1.3414956
-1.4229507 -32.07169 1.3377402
-1.3856159 -32.07169 1.3409691
-1.3346345 -32.071697 1.3404832
-1.2954676 -32.071697 1.3389037
-1.2553339 -32.071701 1.3422652
-1.2144001 -32.071701 1.3356103
-1.186563 -32.071701 1.3378658
-1.143957 -32.071705 1.3413181
-1.1004759 -32.071709 1.3396441
-1.0558622 -32.071712 1.33794
-1.0103109 -32.071712 1.3415066
-0.97929937 -32.071712 1.3385721
-0.94779021 -32.071716 1.3409961
-1.8135436 -32.019867 1.3408931
-1.8135414 -31.977507 1.3408079
-2.6225553 -34.954254 1.3802345
-2.5806506 -34.954277 1.380124
-2.5370133 -34.954296 1.3809271
-2.4966819 -34.95433 1.3793597
-2.4604537 -34.954346 1.3801728
-2.4230576 -34.954357 1.3804554
-2.3796513 -34.954395 1.3805318
-2.3396909 -34.954411 1.3799267
-2.3044529 -34.954433 1.3801761
-2.2615976 -34.954464 1.3801646
-2.2167728 -34.954475 1.3795799
-2.1780314 -34.954502 1.3798364
-2.1381509 -34.954525 1.3801005
-2.0970805 -34.954548 1.3803725
-2.0556614 -34.954575 1.3793503
-2.0194616 -34.95459 1.3808877
-1.9822614 -34.954609 1.3798164
-1.9363683 -34.954639 1.3800998
-1.8970385 -34.954655 1.3789742
-1.8565747 -34.954685 1.3805774
-1.814142 -34.954704 1.3786645
-1.7819794 -34.95472 1.3804117
-1.7462056 -34.954739 1.3798363
-1.7002382 -34.954769 1.3800977
-1.6546179 -34.954792 1.3795352
-1.619014 -34.954815 1.3813835
-1.5804517 -34.954834 1.3786011
-1.5387491 -34.954857 1.3801676
-1.4993973 -34.954876 1.3797034
-1.4591118 -34.954899 1.3792142
-1.4142748 -34.954926 1.380847
-1.371928 -34.954948 1.3803737
-1.3385844 -34.954967 1.3805439
-1.304531 -34.954987 1.3807282
-1.2581468 -34.955013 1.3776665
-1.2226028 -34.955032 1.3828228
-1.1862767 -34.955055 1.377979
-1.136762 -34.955082 1.3798853
-1.0987921 -34.955101 1.3800793
-1.0599579 -34.95512 1.3802537
-1.020411 -34.955143 1.3804555
-0.97800022 -34.955166 1.3778585
-0.938721 -34.955189 1.3808479
-1.8108033 -32.09116 1.3805077
-1.7886846 -32.093971 1.3794919
-1.8135464 -32.062222 1.3789932
-1.7054513 -32.071678 1.3788784
-1.6645482 -32.071682 1.3812786
-1.6189389 -32.071682 1.3811409
-1.5757799 -32.071682 1.3791032
-1.541744 -32.071686 1.3826045
-1.5082263 -32.071686 1.3793414
-1.4594188 -32.071686 1.3816588
-1.4229519 -32.07169 1.3805535
-1.3856171 -32.07169 1.3794332
-1.3346357 -32.071693 1.3795038
-1.2954687 -32.071697 1.3783522
-1.255335 -32.071701 1.3821522
-1.2144012 -32.071701 1.3759441
-1.1865642 -32.071705 1.3785038
-1.1439583 -32.071705 1.3824213
-1.1004767 -32.071709 1.376025
-1.0558634 -32.071712 1.3800052
-1.0103122 -32.071712 1.3787489
-0.97930044 -32.071716 1.3761108
-0.94779134 -32.071716 1.3788359
-1.8135439 -32.019871 1.3789111
-1.8135415 -31.977512 1.3830538
-2.6227226 -34.954258 1.4197532
-2.5800567 -34.954277 1.4204775
-2.5368142 -34.954296 1.4203008
-2.4972925 -34.95433 1.4194068
-2.460454 -34.954346 1.4199837
-2.4230576 -34.954357 1.4208784
-2.3781865 -34.954395 1.4199117
-2.3390059 -34.954411 1.4194039
-2.3037486 -34.954437 1.4201989
-2.2618923 -34.95446 1.4205956
-2.2183187 -34.954475 1.4196987
-2.1796682 -34.954502 1.4193013
-2.1398358 -34.954525 1.420145
-2.0988164 -34.954544 1.4210141
-2.0547655 -34.954571 1.4193664
-2.0194616 -34.95459 1.4200832
-1.9822614 -34.954605 1.4195198
-1.9363682 -34.954636 1.4204293
-1.8970385 -34.954659 1.4198411
-1.8554062 -34.954681 1.4206461
-1.8150778 -34.954704 1.4186291
-1.7800666 -34.95472 1.418483
-1.7471834 -34.954742 1.4206707
-1.7028248 -34.954769 1.4206994
-1.6566881 -34.954788 1.41942
-1.6168953 -34.954815 1.4214523
-1.5782828 -34.954834 1.4191403
-1.5398595 -34.954857 1.4191339
-1.5005348 -34.954876 1.4191133
-1.4567809 -34.954903 1.4212409
-1.4154692 -34.954926 1.4212596
-1.371928 -34.954948 1.4188012
-1.3385844 -34.954967 1.4241848
-1.3045311 -34.95499 1.4198918
-1.2581469 -34.955013 1.4173366
-1.2226031 -34.955032 1.4228812
-1.186277 -34.955055 1.4184341
-1.1367623 -34.955082 1.4208813
-1.0987921 -34.955101 1.4214895
-1.0580918 -34.955128 1.4193859
-1.0204108 -34.955143 1.4227219
-0.97994471 -34.955166 1.4180257
-0.9387207 -34.955189 1.4186114
-1.811352 -32.09045 1.4182545
-1.7886846 -32.093971 1.4178102
-1.8135462 -32.062218 1.4170082
-1.7066063 -32.071674 1.4205042
-1.6621803 -32.071682 1.4209126
-1.620156 -32.071682 1.4194169
-1.575781 -32.071682 1.4200389
-1.5417449 -32.071686 1.4193636
-1.5056245 -32.071686 1.4208857
-1.4594195 -32.07169 1.4193169
-1.4229531 -32.07169 1.4233669
-1.3856182 -32.07169 1.4178972
-1.3332002 -32.071697 1.420856
-1.29547 -32.071697 1.4178009
-1.2553363 -32.071701 1.4220389
-1.2144027 -32.071701 1.416278
-1.1865654 -32.071705 1.4191415
-1.1460087 -32.071705 1.4211032
-1.1004782 -32.071709 1.4176028
-1.0558646 -32.071712 1.4220704
-1.0103133 -32.071712 1.4159911
-0.97930169 -32.071716 1.4190118
-0.94779277 -32.071716 1.4220812
-1.813544 -32.019871 1.4169295
-1.8135412 -31.977509 1.4210751
-2.6220181 -34.954258 1.4599533
-2.5803576 -34.954277 1.4602245
-2.5366187 -34.954296 1.4596848
-2.4960682 -34.95433 1.4602329
-2.460454 -34.954346 1.4597943
-2.4228203 -34.954357 1.4604834
-2.3791587 -34.954395 1.4593459
-2.3390081 -34.954411 1.4600428
-2.3030512 -34.954437 1.4602547
-2.2607734 -34.95446 1.4600033
-2.217567 -34.954479 1.4610656
-2.1788538 -34.954502 1.4588006
-2.1389973 -34.954525 1.460225
-2.0979497 -34.954548 1.4604211
-2.0565543 -34.954575 1.4605983
-2.0194614 -34.95459 1.4592786
-1.9832011 -34.954609 1.4605075
-1.9374802 -34.954636 1.4593713
-1.8970387 -34.954659 1.4607074
-1.8577477 -34.954678 1.4592435
-1.8150778 -34.954704 1.4606143
-1.781023 -34.95472 1.4588778
-1.7452276 -34.954739 1.4591933
-1.7015239 -34.954769 1.4613477
-1.6546179 -34.954796 1.4590514
-1.6190141 -34.954815 1.4617747
-1.580452 -34.954834 1.4599396
-1.5409701 -34.954857 1.4580607
-1.49826 -34.954876 1.4606591
-1.4579463 -34.954903 1.4611461
-1.4154694 -34.954926 1.4592118
-1.3731527 -34.954948 1.4596782
-1.3385847 -34.954967 1.4629765
-1.3045313 -34.954987 1.4590555
-1.2594523 -34.955009 1.4595349
-1.2226033 -34.955032 1.4629395
-1.186277 -34.955051 1.4588891
-1.1349703 -34.955082 1.4592478
-1.0987921 -34.955101 1.4628999
-1.0599577 -34.955124 1.4587114
-1.0204108 -34.955143 1.4597049
-0.97994488 -34.955166 1.460734
-0.9387207 -34.955189 1.4563751
-1.8110774 -32.090805 1.4585596
-1.7886846 -32.093971 1.460386
-1.8135459 -32.062218 1.4592472
-1.7042993 -32.071674 1.4596521
-1.6645502 -32.071682 1.4609691
-1.6201572 -32.071682 1.4598076
-1.5757821 -32.071682 1.4609748
-1.5417459 -32.071686 1.4607176
-1.5069271 -32.071686 1.4604648
-1.4607587 -32.07169 1.4594178
-1.4229541 -32.07169 1.461423
-1.3870152 -32.07169 1.4588563
-1.334638 -32.071697 1.4624407
-1.2954712 -32.071697 1.4572492
-1.2553374 -32.071701 1.4619257
-1.2144039 -32.071701 1.4566119
-1.1865668 -32.071705 1.4597793
-1.1439605 -32.071709 1.45947
-1.1004792 -32.071709 1.4591806
-1.0580124 -32.071712 1.4616349
-1.0103147 -32.071712 1.4585538
-0.979303 -32.071716 1.4619131
-0.94779396 -32.071716 1.4599209
-1.813544 -32.019867 1.4591717
-1.8135414 -31.977507 1.4590964
-2.6227229 -34.954258 1.5002511
-2.580651 -34.954285 1.4999567
-2.5374041 -34.954292 1.4998266
-2.4966824 -34.95433 1.5002799
-2.460454 -34.954346 1.4996054
-2.4230578 -34.954357 1.5000452
-2.3789167 -34.954391 1.4996551
-2.3383274 -34.954411 1.5007244
-2.3044531 -34.954433 1.5002137
-2.2618926 -34.95446 1.4995452
-2.217572 -34.954475 1.5012062
-2.178849 -34.954502 1.499522
-2.1381509 -34.954525 1.5003413
-2.0979526 -34.954548 1.4998159
-2.0556614 -34.954571 1.5006145
-2.0194616 -34.95459 1.4984741
-1.9822617 -34.954609 1.5015594
-1.9363686 -34.954636 1.498386
-1.8970385 -34.954659 1.5015739
-1.8565749 -34.954678 1.4993117
-1.8160133 -34.9547 1.5005304
-1.7819794 -34.95472 1.499236
-1.7462056 -34.954739 1.5000277
-1.7015343 -34.954769 1.50053
-1.6566882 -34.954788 1.4988855
-1.6168954 -34.954815 1.5018954
-1.5782828 -34.954834 1.5005325
-1.5387491 -34.954857 1.4991367
-1.4993976 -34.954876 1.5000691
-1.4579463 -34.954903 1.4986345
-1.4166641 -34.954922 1.4995693
-1.3719283 -34.954948 1.5004454
-1.3385851 -34.954967 1.5017684
-1.3045313 -34.954987 1.4982193
-1.2581472 -34.955009 1.5016196
-1.2226033 -34.955032 1.5029979
-1.186277 -34.955051 1.4993442
-1.1367624 -34.955078 1.4977653
-1.0987921 -34.955101 1.5043104
-1.0599577 -34.955124 1.5005457
-1.0204108 -34.955143 1.4966879
-0.98188961 -34.955162 1.5008217
-0.9387207 -34.955189 1.4995334
-1.8110774 -32.090801 1.5008298
-1.7886845 -32.093971 1.5029618
-1.8135462 -32.062222 1.5014862
-1.7066083 -32.071678 1.4991612
-1.6621823 -32.071682 1.5006613
-1.6201582 -32.071682 1.500198
-1.5770326 -32.071682 1.4997077
-1.5417471 -32.071686 1.5020714
-1.5082295 -32.071686 1.4999979
-1.4580839 -32.07169 1.5016047
-1.422955 -32.071693 1.4994794
-1.3856204 -32.07169 1.499616
-1.3346391 -32.071697 1.5014615
-1.2954723 -32.071697 1.4966977
-1.2553384 -32.071701 1.5018123
-1.2144049 -32.071701 1.4969455
-1.1865679 -32.071705 1.500417
-1.1439618 -32.071705 1.500573
-1.1004804 -32.071709 1.5007584
-1.0537205 -32.071712 1.4981849
-1.010316 -32.071712 1.5011163
-0.97930425 -32.071716 1.4994516
-0.94779539 -32.071716 1.4977604
-1.8135437 -32.019871 1.5014142
-1.8135413 -31.977505 1.5013424
-2.6220183 -34.954258 1.5404757
-2.580663 -34.954281 1.5396851
-2.5362208 -34.954296 1.5400087
-2.4968882 -34.95433 1.5402864
-2.460454 -34.954346 1.5394162
-2.4237669 -34.954357 1.5396062
-2.378917 -34.954395 1.5408015
-2.3396909 -34.954411 1.5401176
-2.3037488 -34.954433 1.540269
-2.2607734 -34.954464 1.5389866
-2.217567 -34.954479 1.5413465
-2.178854 -34.954502 1.5402437
-2.1398361 -34.954525 1.5403124
-2.09795 -34.954544 1.5392108
-2.0556645 -34.954571 1.5406059
-2.0201287 -34.95459 1.5396423
-1.9822617 -34.954605 1.5412625
-1.9363687 -34.954636 1.5387158
-1.897925 -34.954659 1.5404146
-1.8565706 -34.954678 1.5393499
-1.8150778 -34.954704 1.5403752
-1.781023 -34.95472 1.5395215
-1.7471834 -34.954742 1.5408248
-1.7015245 -34.954769 1.5397116
-1.6546181 -34.954792 1.5385679
-1.6179547 -34.954811 1.5399143
-1.5804522 -34.954834 1.5412784
-1.5409703 -34.954853 1.5403695
-1.5005354 -34.95488 1.5394387
-1.459112 -34.954903 1.5384854
-1.4154696 -34.954926 1.5398456
-1.3719283 -34.954948 1.538873
-1.3385851 -34.954967 1.5405602
-1.3058035 -34.954987 1.5398505
-1.2581472 -34.955009 1.5412899
-1.2226033 -34.955032 1.5430564
-1.1862772 -34.955051 1.5397992
-1.1367625 -34.955078 1.5387611
-1.0987923 -34.955101 1.5405445
-1.0618237 -34.95512 1.5397946
-1.0204108 -34.955143 1.5389543
-0.97994483 -34.955166 1.5407935
-0.9387207 -34.955189 1.5426919
-1.8108031 -32.091156 1.5411491
-1.7886844 -32.093971 1.54128
-1.8135459 -32.062218 1.5395013
-1.7043014 -32.071674 1.5383656
-1.6645523 -32.071682 1.5406594
-1.6213753 -32.071682 1.538401
-1.5745349 -32.071686 1.5405008
-1.541748 -32.071686 1.5388304
-1.5056279 -32.071686 1.5416344
-1.4594231 -32.07169 1.5417055
-1.4229563 -32.071693 1.5375357
-1.3842256 -32.07169 1.5404254
-1.3346403 -32.071697 1.540482
-1.2954733 -32.071697 1.5361462
-1.2553397 -32.071701 1.5416991
-1.2144061 -32.071705 1.5372791
-1.1865692 -32.071705 1.5410548
-1.1419133 -32.071709 1.5390236
-1.1004816 -32.071709 1.5423365
-1.0558681 -32.071712 1.5377493
-1.0103173 -32.071716 1.5436788
-0.97930539 -32.071716 1.5369902
-0.9477967 -32.071716 1.5410056
-1.8135439 -32.019871 1.5394323
-1.8135412 -31.977505 1.5393636
-2.6227231 -34.954258 1.5807487
-2.5803528 -34.954277 1.5800625
-2.5370133 -34.954296 1.5801369
-2.4966822 -34.95433 1.5803455
-2.460454 -34.954346 1.579227
-2.4230573 -34.954361 1.5791961
-2.3794272 -34.954399 1.5802373
-2.3390062 -34.954407 1.579638
-2.3037534 -34.954433 1.5791153
-2.2610629 -34.954456 1.5794253
-2.217572 -34.954479 1.5814867
-2.178849 -34.954502 1.5809654
-2.1389978 -34.954525 1.580429
-2.0979474 -34.954544 1.5798763
-2.0556617 -34.954571 1.580597
-2.0194619 -34.95459 1.5807745
-1.9822617 -34.954609 1.5809659
-1.9363686 -34.954636 1.5790455
-1.8970387 -34.954659 1.5792096
-1.8565749 -34.954678 1.5793881
-1.8141422 -34.954704 1.5802555
-1.7800666 -34.95472 1.5798435
-1.7452276 -34.954742 1.579422
-1.7015344 -34.954769 1.5788934
-1.6566882 -34.954792 1.578351
-1.6190141 -34.954815 1.577895
-1.5782835 -34.954834 1.5819244
-1.5387495 -34.954857 1.5815001
-1.4982605 -34.95488 1.5810657
-1.4567813 -34.954903 1.5806203
-1.4142752 -34.954926 1.5801644
-1.3707038 -34.954948 1.5796968
-1.3385851 -34.954967 1.5793519
-1.3045316 -34.954987 1.5814264
-1.2581472 -34.955009 1.58096
-1.2226033 -34.955032 1.5831146
-1.1862772 -34.955051 1.5802542
-1.1367625 -34.955078 1.579757
-1.0987923 -34.955101 1.5767787
-1.0599579 -34.955124 1.5789676
-1.0204108 -34.955143 1.5812206
-0.97800022 -34.955166 1.5808235
-0.9387207 -34.955189 1.5804554
-1.811352 -32.090454 1.5788678
-1.7886845 -32.093971 1.5795983
-1.8135458 -32.062218 1.5775163
-1.7054565 -32.071682 1.579963
-1.6621844 -32.071682 1.5804098
-1.6189439 -32.071682 1.5786791
-1.5757854 -32.071686 1.5792336
-1.541749 -32.071686 1.5801842
-1.5069305 -32.071686 1.5811675
-1.4594238 -32.07169 1.5793633
-1.4229574 -32.071693 1.580349
-1.3856226 -32.07169 1.5813693
-1.3346415 -32.071697 1.5795029
-1.2954745 -32.071701 1.5755945
-1.2553407 -32.071701 1.5815858
-1.2144072 -32.071705 1.577613
-1.1865704 -32.071705 1.5816925
-1.1439641 -32.071712 1.5776606
-1.1004829 -32.071709 1.5839142
-1.0558693 -32.071712 1.5798142
-1.0103183 -32.071716 1.5809208
-0.97930682 -32.071716 1.5798913
-0.94779778 -32.07172 1.5788454
-1.8135437 -32.019871 1.5774504
-1.8135413 -31.97751 1.5773846
-2.6220183 -34.954258 1.6209985
-2.5806632 -34.954277 1.6204498
-2.5368145 -34.954296 1.6195277
-2.4966824 -34.95433 1.6195626
-2.460454 -34.954346 1.6190379
-2.4230578 -34.954357 1.6196193
-2.378917 -34.954395 1.619658
-2.3390081 -34.954411 1.6202769
-2.303751 -34.95443 1.6191388
-2.2621381 -34.95446 1.6206236
-2.2175672 -34.954479 1.6216269
-2.1788516 -34.954502 1.620453
-2.1389954 -34.954525 1.6192449
-2.09795 -34.954544 1.620542
-2.0556614 -34.954571 1.6192983
-2.0194619 -34.95459 1.61997
-1.9822617 -34.954609 1.6206691
-1.9363687 -34.954639 1.6193752
-1.8970387 -34.954659 1.6200759
-1.8565749 -34.954678 1.6208074
-1.815078 -34.954704 1.6201589
-1.781023 -34.95472 1.6201885
-1.7462056 -34.954742 1.620219
-1.7015291 -34.954769 1.6195264
-1.6546184 -34.954792 1.6180842
-1.6168959 -34.954815 1.6180911
-1.5793681 -34.954834 1.6203651
-1.53986 -34.954857 1.6203997
-1.499398 -34.954876 1.6204351
-1.4579467 -34.954903 1.6204715
-1.4154698 -34.954922 1.6205086
-1.3719285 -34.954948 1.6205466
-1.3385851 -34.954967 1.6181438
-1.3045316 -34.954987 1.6205901
-1.2581472 -34.955009 1.6206303
-1.2226036 -34.955032 1.623173
-1.1862773 -34.955051 1.6207092
-1.1367625 -34.955078 1.6207528
-1.0987923 -34.955101 1.6181891
-1.059958 -34.955124 1.6208019
-1.0204108 -34.955143 1.6234871
-0.97994506 -34.955166 1.6208901
-0.9387207 -34.955189 1.6182193
-1.8110775 -32.090801 1.619187
-1.7886845 -32.093971 1.622174
-1.8135458 -32.062222 1.6197553
-1.7066114 -32.071682 1.6215161
-1.6645542 -32.071682 1.6203495
-1.6213775 -32.071682 1.6191521
-1.5770354 -32.071686 1.6179219
-1.5417502 -32.071686 1.621538
-1.5082327 -32.071686 1.6206541
-1.4607631 -32.07169 1.6194019
-1.4229586 -32.071693 1.623162
-1.3856237 -32.071693 1.619833
-1.3346425 -32.071697 1.6185236
-1.2954756 -32.071701 1.6199739
-1.255342 -32.071701 1.6214726
-1.2144084 -32.071705 1.6179466
-1.1865714 -32.071705 1.6223302
-1.1439652 -32.071712 1.6187634
-1.100484 -32.071709 1.6202947
-1.0558708 -32.071712 1.6218793
-1.0103195 -32.071716 1.618163
-0.97930801 -32.071716 1.6227922
-0.94779909 -32.07172 1.6166848
-1.8135436 -32.019871 1.6196928
-1.8135411 -31.977507 1.6196309
-2.6227231 -34.95425 1.6612464
-2.58005 -34.954281 1.6595234
-2.5371938 -34.954296 1.6596838
-2.4972928 -34.95433 1.6596136
-2.460454 -34.954346 1.6588486
-2.4230578 -34.954357 1.6600431
-2.378917 -34.954399 1.6608044
-2.3390102 -34.954411 1.659755
-2.3037496 -34.95443 1.6603395
-2.2607734 -34.95446 1.6610513
-2.2175696 -34.954475 1.660551
-2.1788542 -34.954502 1.6587068
-2.1389928 -34.954525 1.659313
-2.0979528 -34.954544 1.6599368
-2.0565543 -34.954571 1.6593509
-2.0194619 -34.95459 1.6591654
-1.9822617 -34.954609 1.6603723
-1.9363686 -34.954639 1.6597048
-1.8970387 -34.954659 1.6609428
-1.8577478 -34.954678 1.6609198
-1.8160136 -34.954704 1.6600262
-1.7819794 -34.95472 1.6604972
-1.7471842 -34.954739 1.6609788
-1.7015247 -34.954769 1.6616106
-1.6566886 -34.954788 1.6578164
-1.6190145 -34.954811 1.6582865
-1.5804526 -34.954834 1.6587675
-1.5409704 -34.954857 1.6592599
-1.5005355 -34.95488 1.6597644
-1.4591123 -34.954903 1.6602811
-1.4166642 -34.954922 1.6608106
-1.3719285 -34.954948 1.6589744
-1.3385851 -34.954967 1.6569356
-1.3045318 -34.954987 1.6597538
-1.2581472 -34.955009 1.6603004
-1.2226036 -34.955032 1.6632314
-1.1862773 -34.955051 1.6611643
-1.1367625 -34.955082 1.6617484
-1.0987923 -34.955101 1.6595994
-1.058092 -34.955128 1.6600516
-1.0204109 -34.955143 1.6604701
-0.98188984 -34.955162 1.6608982
-0.93872076 -34.955189 1.6613778
-1.8110774 -32.090801 1.6614574
-1.7886845 -32.093971 1.6604922
-1.6214223 -32.085674 1.6799841
-1.5766032 -32.085674 1.6794729
-1.5305672 -32.085682 1.6789526
-1.4832127 -32.085678 1.6784118
-1.8135458 -32.062218 1.6619942
-1.7043046 -32.071682 1.6608089
-1.6621865 -32.071682 1.6601579
-1.6201622 -32.071682 1.6572572
-1.574181 -32.071686 1.6542475
-1.5417509 -32.071686 1.6537021
-1.5069323 -32.07169 1.6554297
-1.459426 -32.07169 1.6546631
-1.4229596 -32.071693 1.6612184
-1.3856248 -32.071693 1.6582969
-1.3360801 -32.071697 1.6599944
-1.2954769 -32.071701 1.6643534
-1.2553431 -32.071701 1.6613591
-1.2144096 -32.071705 1.6582803
-1.1865727 -32.071705 1.6629678
-1.1439666 -32.071712 1.6598666
-1.1004852 -32.071712 1.6566753
-1.0580184 -32.071712 1.6613321
-1.0103208 -32.071716 1.6607254
-0.97930932 -32.071716 1.6603308
-0.94780034 -32.07172 1.6599299
-1.8135437 -32.019867 1.6619356
-1.8135411 -31.977505 1.6618767
-2.6225555 -34.954258 1.7007537
-2.580353 -34.954277 1.6999108
-2.5368145 -34.954296 1.699854
-2.4964797 -34.95433 1.7004144
-2.4604542 -34.954346 1.6986594
-2.4230578 -34.954361 1.7004663
-2.3784065 -34.954395 1.7002568
-2.3390088 -34.954411 1.6992329
-2.3044534 -34.95443 1.700404
-2.2618926 -34.95446 1.7005078
-2.2183192 -34.954479 1.6995176
-2.178849 -34.954502 1.6994286
-2.1389978 -34.954525 1.7006328
-2.09795 -34.954544 1.6993315
-2.0547657 -34.954571 1.7005103
-2.0194619 -34.954594 1.6983608
-1.9822618 -34.954609 1.7000755
-1.9363688 -34.954636 1.7000346
-1.8970387 -34.954659 1.7018093
-1.8554065 -34.954681 1.6994287
-1.8150781 -34.954704 1.6999197
-1.7810234 -34.95472 1.7008326
-1.7452283 -34.954742 1.699651
-1.7015349 -34.954769 1.7007923
-1.6556534 -34.954792 1.6997764
-1.6168959 -34.954815 1.6985344
-1.5782835 -34.954834 1.6994905
-1.5387495 -34.954857 1.7004694
-1.4993981 -34.954876 1.699122
-1.4579468 -34.954903 1.7001199
-1.4154698 -34.954922 1.7011423
-1.3731531 -34.954948 1.6997676
-1.3385851 -34.954967 1.7005764
-1.3045317 -34.954987 1.6989175
-1.2581474 -34.955009 1.6999707
-1.2226036 -34.955032 1.7032897
-1.1862773 -34.955051 1.7016194
-1.1385545 -34.955078 1.700134
-1.0987923 -34.955101 1.7010098
-1.059958 -34.955124 1.6992596
-1.020411 -34.955143 1.6974531
-0.97994506 -34.955166 1.7009494
-0.93872112 -34.955189 1.6991411
-1.8110774 -32.090805 1.6995007
-1.7886845 -32.093971 1.6988106
-1.6214223 -32.085674 1.702414
-1.5869888 -32.083794 1.6877232
-1.5418453 -32.084015 1.6874431
-1.4918922 -32.083881 1.7009337
-1.8135459 -32.062218 1.7000093
-1.7066133 -32.071682 1.700173
-1.6645564 -32.071682 1.7000397
-1.6298927 -32.075668 1.6996847
-1.58065 -32.078194 1.7075701
-1.5464754 -32.078197 1.7052234
-1.5116717 -32.078201 1.7028122
-1.4229608 -32.071693 1.6992745
-1.3870219 -32.071693 1.6991606
-1.3346448 -32.071697 1.7014246
-1.2954779 -32.071701 1.7038018
-1.2553443 -32.071701 1.7012458
-1.2144107 -32.071705 1.6986139
-1.1865737 -32.071709 1.7036054
-1.1439677 -32.071712 1.7009695
-1.1004865 -32.071712 1.698253
-1.055873 -32.071716 1.7007304
-1.0103219 -32.071716 1.7032877
-0.97931039 -32.071716 1.6978693
-0.94780147 -32.07172 1.7031751
-1.8135437 -32.019867 1.6999537
-1.8135411 -31.977509 1.6998978
-2.6223681 -34.954262 1.7402087
-2.5806634 -34.954281 1.7402818
-2.5370135 -34.954292 1.7392377
-2.4966824 -34.95433 1.7404758
-2.4610069 -34.954346 1.739602
-2.4230576 -34.954361 1.7408899
-2.378917 -34.954395 1.7396764
-2.3390067 -34.954411 1.7398722
-2.3030519 -34.954433 1.7403446
-2.2607737 -34.95446 1.7400345
-2.2167733 -34.954479 1.7395698
-2.1788542 -34.954502 1.74015
-2.1389954 -34.954525 1.7394488
-2.0979474 -34.954544 1.7399975
-2.0556617 -34.954571 1.7405623
-2.0187948 -34.954594 1.7395495
-1.9822617 -34.954609 1.7397789
-1.9363691 -34.954636 1.7403643
-1.8961527 -34.954659 1.7406745
-1.8565751 -34.954678 1.7395414
-1.8141427 -34.954704 1.7398486
-1.780067 -34.95472 1.741204
-1.7471843 -34.954742 1.7382207
-1.7015247 -34.954769 1.7399746
-1.6546185 -34.954792 1.7417761
-1.6190145 -34.954815 1.7386775
-1.5804524 -34.954834 1.7401061
-1.5409704 -34.954853 1.7415687
-1.4982607 -34.95488 1.7385201
-1.4567813 -34.954903 1.7399999
-1.4154698 -34.954926 1.7390945
-1.3719285 -34.954948 1.7406181
-1.3385851 -34.954967 1.744217
-1.3045316 -34.954987 1.7380812
-1.2581475 -34.955009 1.739641
-1.2226036 -34.955032 1.743348
-1.1880224 -34.955051 1.7394801
-1.1367625 -34.955078 1.7385983
-1.0987924 -34.955101 1.7424203
-1.0599582 -34.955124 1.7410941
-1.0204114 -34.955143 1.7397196
-0.97800052 -34.955166 1.7410593
-0.93872142 -34.955189 1.736905
-1.8110774 -32.090801 1.7375441
-1.7886846 -32.093971 1.7413864
-1.6214225 -32.085674 1.7383016
-1.4899951 -32.083656 1.7404573
-1.8135458 -32.062218 1.7380245
-1.7043065 -32.071682 1.7395223
-1.6621885 -32.071682 1.7399063
-1.6298933 -32.075668 1.7399552
-1.5806503 -32.078194 1.739362
-1.5477527 -32.078197 1.7396178
-1.5116713 -32.078201 1.7398987
-1.4229617 -32.071693 1.7373306
-1.3856273 -32.071697 1.7400156
-1.3346459 -32.071701 1.7404451
-1.2954793 -32.071701 1.74325
-1.2553456 -32.071701 1.7411323
-1.2144121 -32.071705 1.7389475
-1.1865749 -32.071709 1.7442429
-1.1460181 -32.071712 1.7394778
-1.1004877 -32.071712 1.7398307
-1.0537277 -32.071716 1.7401931
-1.0103234 -32.071716 1.7405297
-0.97931182 -32.071716 1.7407702
-0.9478026 -32.07172 1.7410145
-1.8135437 -32.019867 1.7379718
-1.8135409 -31.977507 1.737919
-2.622189 -34.954262 1.7796733
-2.580651 -34.954281 1.7800107
-2.5368116 -34.954292 1.7801844
-2.4966826 -34.95433 1.7796931
-2.4604545 -34.954346 1.7804832
-2.4232912 -34.954361 1.7804905
-2.3796518 -34.954395 1.7799493
-2.3390088 -34.954411 1.7805113
-2.3037493 -34.954433 1.7804095
-2.2618928 -34.95446 1.7794571
-2.2183192 -34.954475 1.7797757
-2.1796687 -34.954502 1.77966
-2.138993 -34.954525 1.7795172
-2.09795 -34.954548 1.7806629
-2.0556648 -34.954571 1.7805536
-2.0194621 -34.95459 1.7806813
-1.9822619 -34.954609 1.7794821
-1.9363693 -34.954636 1.7806944
-1.8970391 -34.954659 1.7794669
-1.856571 -34.954678 1.77958
-1.8150784 -34.954704 1.7797031
-1.78198 -34.95472 1.7793212
-1.7462063 -34.954742 1.7790314
-1.7028255 -34.954769 1.7806364
-1.6566887 -34.954792 1.7814291
-1.6168962 -34.954815 1.7789775
-1.5782837 -34.954834 1.7808824
-1.53986 -34.954857 1.7804837
-1.5005356 -34.95488 1.7800899
-1.4579468 -34.954903 1.7797967
-1.4142754 -34.954926 1.7794816
-1.3719285 -34.954948 1.7790458
-1.3385854 -34.954967 1.7830088
-1.3032597 -34.954987 1.7797579
-1.2581475 -34.955009 1.7793111
-1.2226036 -34.955032 1.7834064
-1.1862774 -34.955051 1.7774559
-1.1367629 -34.955078 1.7795943
-1.0987928 -34.955101 1.7838306
-1.0618246 -34.95512 1.7802258
-1.0204115 -34.955143 1.781986
-0.98189014 -34.955162 1.7782876
-0.93872142 -34.955189 1.7800635
-1.8110771 -32.090801 1.7798145
-1.7886846 -32.093971 1.7797046
-1.6214225 -32.085674 1.7786753
-1.4892412 -32.083881 1.7802442
-1.8135458 -32.062218 1.7802634
-1.7066152 -32.071682 1.7788296
-1.6645583 -32.071682 1.7797296
-1.629894 -32.075668 1.7802258
-1.5806501 -32.078194 1.780237
-1.545198 -32.078197 1.7809484
-1.5116713 -32.078201 1.7816215
-1.4229629 -32.071693 1.7801437
-1.3856283 -32.071697 1.7784795
-1.3346468 -32.071701 1.7794658
-1.2954805 -32.071701 1.7826983
-1.2553467 -32.071701 1.7810189
-1.2144133 -32.071705 1.7792811
-1.1865762 -32.071709 1.7798008
-1.1439699 -32.071712 1.778018
-1.100489 -32.071712 1.7814083
-1.0558755 -32.071716 1.7796227
-1.0103245 -32.071716 1.7777718
-0.97931314 -32.07172 1.7836711
-0.94780391 -32.07172 1.7788539
-1.8135434 -32.019867 1.7802141
-1.8135409 -31.97751 1.780165
-2.6225393 -34.954254 1.8199598
-2.580358 -34.954281 1.8197484
-2.5368149 -34.954296 1.8203508
-2.4968886 -34.95433 1.8197415
-2.4604545 -34.954346 1.820294
-2.423058 -34.954357 1.8200485
-2.3786707 -34.954399 1.8193703
-2.3396919 -34.954411 1.8211586
-2.3044534 -34.954433 1.8204414
-2.2615986 -34.95446 1.8198844
-2.2167733 -34.954479 1.8198742
-2.1780324 -34.954498 1.8191035
-2.1389985 -34.954525 1.8208367
-2.0979531 -34.95454 1.8200575
-2.0556617 -34.954571 1.8205451
-2.0194621 -34.95459 1.8198769
-1.982262 -34.954609 1.8191854
-1.9363693 -34.954639 1.8210237
-1.8970392 -34.954655 1.8203335
-1.8565751 -34.954678 1.8196181
-1.8160138 -34.954704 1.8195223
-1.7810236 -34.95472 1.819693
-1.7452283 -34.954742 1.8198795
-1.7001344 -34.954769 1.8197579
-1.6546186 -34.954796 1.8212923
-1.6190147 -34.954815 1.8190684
-1.5804527 -34.954834 1.8214446
-1.5387495 -34.954857 1.8194385
-1.4993981 -34.954876 1.8194878
-1.4591123 -34.954903 1.8195523
-1.4154699 -34.954922 1.8197575
-1.3707038 -34.954948 1.8199533
-1.3385854 -34.954967 1.8218007
-1.3045318 -34.954987 1.8213196
-1.258148 -34.955009 1.8189813
-1.222604 -34.955032 1.8234649
-1.1862777 -34.955051 1.8179111
-1.1367631 -34.955078 1.8205899
-1.0987929 -34.955101 1.8200649
-1.0599585 -34.95512 1.8195162
-1.0204115 -34.955143 1.8189691
-0.9799453 -34.955166 1.8183973
-0.93872142 -34.955189 1.823222
-1.8110771 -32.090805 1.8220848
-1.7886845 -32.093971 1.8180227
-1.6206146 -32.085346 1.814425
-1.4913514 -32.083252 1.8125355
-1.8135458 -32.062218 1.8225025
-1.7054625 -32.071682 1.8203752
-1.6621906 -32.071682 1.8196545
-1.6243738 -32.073906 1.8220567
-1.577598 -32.073929 1.8236278
-1.5461859 -32.076107 1.8185689
-1.5086681 -32.074364 1.8241854
-1.4594308 -32.071693 1.8288307
-1.4229641 -32.071693 1.8229568
-1.3842332 -32.071697 1.8193989
-1.3346481 -32.071701 1.8184865
-1.2954816 -32.071701 1.8221465
-1.2553477 -32.071705 1.8209054
-1.2144144 -32.071705 1.8196146
-1.1865772 -32.071709 1.8153586
-1.1439712 -32.071712 1.8191205
-1.1004901 -32.071712 1.822986
-1.0580232 -32.071716 1.8189877
-1.0103259 -32.071716 1.8203342
-0.97931403 -32.07172 1.8212095
-0.9478054 -32.07172 1.822099
-1.8135434 -32.019867 1.8224565
-1.8135409 -31.977507 1.8224111
-2.622189 -34.954254 1.8601899
-2.5800571 -34.954285 1.8595016
-2.5366192 -34.954296 1.859704
-2.4966826 -34.95433 1.8597587
-2.4604545 -34.954346 1.8601049
-2.4230583 -34.954361 1.8604721
-2.3789175 -34.954395 1.8596787
-2.3383276 -34.954411 1.8606195
-2.3030522 -34.954433 1.8604474
-2.2613385 -34.95446 1.8602439
-2.2183194 -34.954479 1.8600335
-2.1796236 -34.954498 1.8598447
-2.1398368 -34.954525 1.8609027
-2.0988166 -34.954544 1.8607212
-2.0565548 -34.954571 1.860534
-2.0201292 -34.95459 1.8609704
-1.9822619 -34.954609 1.8588886
-1.9363652 -34.954632 1.8600094
-1.8979257 -34.954655 1.8590796
-1.8577479 -34.954681 1.8596537
-1.8150784 -34.954704 1.859464
-1.7800672 -34.95472 1.8601012
-1.7471843 -34.954742 1.8583747
-1.7028258 -34.954769 1.8589684
-1.6566889 -34.954788 1.8608947
-1.6168962 -34.954815 1.8594208
-1.5793682 -34.954834 1.8599273
-1.5409708 -34.954853 1.8604592
-1.4982606 -34.95488 1.8589259
-1.4579468 -34.954903 1.859445
-1.4166644 -34.954926 1.8599908
-1.3719289 -34.954948 1.8607197
-1.3385856 -34.954967 1.8605924
-1.3045322 -34.954987 1.8604833
-1.258148 -34.955009 1.8586515
-1.222604 -34.955032 1.863523
-1.1862779 -34.955051 1.8583661
-1.1367632 -34.955078 1.8615857
-1.098793 -34.955101 1.8562989
-1.0599586 -34.955124 1.8613504
-1.0204115 -34.955143 1.8559523
-0.97994548 -34.955166 1.8611056
-0.93872142 -34.955189 1.8609854
-1.8110772 -32.090805 1.8601282
-1.7886845 -32.093971 1.8605988
-1.8135458 -32.062222 1.8605175
-1.7043098 -32.071682 1.8619652
-1.6645603 -32.071682 1.8594195
-1.6213839 -32.071686 1.8614049
-1.5745434 -32.071686 1.8590082
-1.5417566 -32.07169 1.8604708
-1.506938 -32.07169 1.8597107
-1.4580936 -32.07169 1.8594937
-1.4229653 -32.071693 1.8610129
-1.3856304 -32.071697 1.8602321
-1.3346492 -32.071701 1.857507
-1.2954826 -32.071701 1.8615948
-1.2553488 -32.071705 1.8607919
-1.2144156 -32.071709 1.8599482
-1.1865783 -32.071709 1.8559963
-1.1439724 -32.071712 1.8602235
-1.1004913 -32.071712 1.8593664
-1.0558779 -32.071716 1.8584738
-1.0103271 -32.071716 1.8628963
-0.97931528 -32.07172 1.858748
-0.94780666 -32.07172 1.8599383
-1.8135433 -32.019871 1.8604748
-1.8135411 -31.977505 1.8604323
-2.5806515 -34.954281 1.899843
-2.5370138 -34.954296 1.899891
-2.4972932 -34.95433 1.8998137
-2.4604545 -34.954342 1.8999159
-2.4230583 -34.954361 1.9008955
-2.3791592 -34.954395 1.899976
-2.3390067 -34.954411 1.9001063
-2.3037498 -34.954433 1.9004799
-2.261328 -34.95446 1.8997276
-2.2167737 -34.954479 1.9001787
-2.1780326 -34.954498 1.9005712
-2.1381519 -34.954525 1.9009755
-2.0979502 -34.954544 1.9001057
-2.0556617 -34.954575 1.9005148
-2.0194621 -34.95459 1.9021772
-1.9822652 -34.954609 1.899915
-1.9363693 -34.954639 1.8989944
-1.8970392 -34.954659 1.8979689
-1.8565751 -34.954678 1.8996797
-1.8150784 -34.954704 1.9014494
-1.78198 -34.95472 1.8981454
-1.7462063 -34.954742 1.899223
-1.7002389 -34.954769 1.8996065
-1.6546185 -34.954792 1.9008089
-1.6190147 -34.954811 1.8994598
-1.5782837 -34.954834 1.8984485
-1.5398604 -34.954857 1.8994137
-1.500536 -34.954876 1.9004154
-1.456782 -34.954903 1.8993791
-1.4154705 -34.954926 1.9003912
-1.3731538 -34.954948 1.9014429
-1.3385856 -34.954967 1.8993843
-1.3045322 -34.954987 1.8996469
-1.258148 -34.955009 1.8983217
-1.2226043 -34.955032 1.9035815
-1.1862779 -34.955051 1.8988212
-1.1367632 -34.955078 1.9025816
-1.098793 -34.955101 1.8977094
-1.0580927 -34.95512 1.900717
-1.0204115 -34.955143 1.8982185
-0.97800076 -34.955166 1.9012948
-0.93872142 -34.955189 1.8987492
-1.8110771 -32.090801 1.8981717
-1.7886844 -32.093971 1.8989168
-1.8135457 -32.062218 1.8985325
-1.7066184 -32.071682 1.9011843
-1.6621927 -32.071682 1.8994026
-1.6201684 -32.071686 1.8995996
-1.5770431 -32.071686 1.8998168
-1.5417576 -32.07169 1.8972296
-1.5082402 -32.07169 1.8990906
-1.4607707 -32.07169 1.9017266
-1.4229662 -32.071697 1.899069
-1.3870275 -32.071697 1.9010156
-1.3332138 -32.071701 1.8990511
-1.2954838 -32.071701 1.9010431
-1.2553499 -32.071705 1.9006784
-1.2144167 -32.071709 1.9002817
-1.1865797 -32.071709 1.8966336
-1.1439737 -32.071712 1.9013262
-1.1004922 -32.071712 1.8957469
-1.0558792 -32.071716 1.9005384
-1.0103281 -32.071716 1.9001384
-0.97931671 -32.07172 1.9016486
-0.94780779 -32.07172 1.8977777
-1.813543 -32.019867 1.8984932
-1.8135408 -31.977507 1.8984534
-2.6216662 -34.954258 1.9399139
-2.580358 -34.954277 1.9395968
-2.537405 -34.954296 1.9400579
-2.496069 -34.95433 1.9406238
-2.4604547 -34.954346 1.9397265
-2.4237676 -34.954361 1.9404885
-2.378917 -34.954395 1.9402537
-2.3396919 -34.954411 1.939561
-2.3044538 -34.95443 1.940479
-2.2613385 -34.954456 1.9392102
-2.2183199 -34.954475 1.9402916
-2.1788547 -34.954502 1.9400562
-2.1389985 -34.954525 1.9410408
-2.0970809 -34.954544 1.9395274
-2.0556617 -34.954575 1.9392161
-2.0194623 -34.95459 1.9413726
-1.9822619 -34.954609 1.9409417
-1.9363694 -34.954636 1.9393241
-1.8970394 -34.954659 1.9388355
-1.8565753 -34.954678 1.9410986
-1.8141428 -34.954704 1.9414397
-1.7810236 -34.95472 1.9385536
-1.7452284 -34.954739 1.9401084
-1.701525 -34.954769 1.9402376
-1.6566889 -34.954792 1.9403604
-1.6168962 -34.954815 1.939864
-1.5804528 -34.954834 1.9389338
-1.5387502 -34.954857 1.9384077
-1.4993985 -34.95488 1.9398535
-1.459113 -34.954903 1.941348
-1.4154706 -34.954926 1.9383435
-1.3719293 -34.954948 1.9423634
-1.3385856 -34.954967 1.938176
-1.3058041 -34.954987 1.9411356
-1.258148 -34.955009 1.9379919
-1.2226043 -34.955032 1.9436398
-1.1862779 -34.955051 1.9392762
-1.1349713 -34.955078 1.941178
-1.098793 -34.955101 1.9391198
-1.0599587 -34.955124 1.939808
-1.0204115 -34.955143 1.940485
-0.98189032 -34.955162 1.9383639
-0.93872142 -34.955189 1.9419076
-1.8110771 -32.090801 1.9404417
-1.7886845 -32.093971 1.9372351
-1.8135457 -32.062218 1.9407715
-1.7043116 -32.071682 1.9406782
-1.6645625 -32.071682 1.9391096
-1.6201694 -32.071686 1.9399898
-1.5745455 -32.071686 1.9409097
-1.5417587 -32.07169 1.9385831
-1.5069399 -32.07169 1.9386151
-1.4594338 -32.07169 1.9418041
-1.4229672 -32.071697 1.9371248
-1.3856328 -32.071697 1.9419504
-1.3346516 -32.071701 1.9404432
-1.2954848 -32.071705 1.9404911
-1.2553511 -32.071705 1.9405648
-1.2144178 -32.071709 1.9406152
-1.1865808 -32.071709 1.9372711
-1.1439749 -32.071712 1.9424288
-1.1004936 -32.071712 1.9373245
-1.0537338 -32.071716 1.9401125
-1.0103294 -32.07172 1.9373802
-0.97931808 -32.07172 1.939187
-0.9478091 -32.071724 1.9410228
-1.8135434 -32.019867 1.9407355
-1.8135409 -31.977507 1.9406995
-2.5806396 -34.954285 1.9799761
-2.5362215 -34.954296 1.9802043
-2.4966829 -34.95433 1.980679
-2.4604547 -34.954346 1.9795374
-2.4230587 -34.954361 1.9800469
-2.3796523 -34.954395 1.9805428
-2.3390093 -34.954411 1.9802126
-2.3030522 -34.954437 1.9805498
-2.2610633 -34.95446 1.979591
-2.216774 -34.954479 1.9804833
-2.1796687 -34.954502 1.9795063
-2.139837 -34.954525 1.98107
-2.0979531 -34.95454 1.9801786
-2.0547662 -34.954571 1.9792477
-2.0194623 -34.95459 1.9805679
-1.982262 -34.954609 1.9806453
-1.9363693 -34.954636 1.9796541
-1.8970394 -34.954659 1.979702
-1.8554066 -34.954681 1.9811858
-1.8160139 -34.954704 1.9790181
-1.7810236 -34.95472 1.981004
-1.7471845 -34.954739 1.9785287
-1.7028257 -34.954769 1.9808178
-1.6546189 -34.954792 1.9803251
-1.6190151 -34.954811 1.979851
-1.5782838 -34.954834 1.9798404
-1.5409712 -34.954853 1.9793496
-1.498261 -34.95488 1.9793324
-1.4579475 -34.954903 1.9812821
-1.414276 -34.954926 1.978799
-1.3719292 -34.954948 1.980791
-1.3385856 -34.954967 1.9769678
-1.3045323 -34.954987 1.982854
-1.2581481 -34.955009 1.9776621
-1.2226043 -34.955032 1.983698
-1.1862779 -34.955051 1.9797312
-1.1367632 -34.955078 1.9794657
-1.098793 -34.955101 1.9805301
-1.0618247 -34.955116 1.9788429
-1.0204117 -34.955143 1.9827514
-0.97994554 -34.955166 1.9785532
-0.93872166 -34.955189 1.9796714
-1.8110771 -32.090801 1.9827121
-1.7886845 -32.093971 1.979811
-1.8135457 -32.062218 1.9830105
-1.7066205 -32.071682 1.9798406
-1.6621946 -32.071686 1.9791505
-1.6201707 -32.071686 1.9803803
-1.577045 -32.071686 1.981657
-1.5417597 -32.07169 1.9799366
-1.5056397 -32.07169 1.9781859
-1.459435 -32.07169 1.9794619
-1.4229685 -32.071697 1.9799381
-1.3856337 -32.071701 1.9804139
-1.3346527 -32.071701 1.9794636
-1.295486 -32.071705 1.9799392
-1.2553523 -32.071705 1.9804513
-1.214419 -32.071709 1.9809486
-1.1865819 -32.071709 1.9779086
-1.1419265 -32.071712 1.9811199
-1.1004949 -32.071712 1.9789019
-1.0558816 -32.071716 1.9794306
-1.0103306 -32.07172 1.9799424
-0.97931921 -32.07172 1.9767251
-0.94781035 -32.071724 1.9788618
-1.813543 -32.019867 1.9829781
-1.8135409 -31.977507 1.9829454
-2.6216662 -34.954258 2.0204487
-2.5800502 -34.954281 2.0203264
-2.5366197 -34.954296 2.0203838
-2.4966831 -34.95433 2.0198963
-2.4604547 -34.954342 2.0193479
-2.4230587 -34.954357 2.0204704
-2.3781872 -34.954399 2.0199742
-2.3383284 -34.954411 2.020896
-2.3044953 -34.95443 2.0193253
-2.2624524 -34.95446 2.0199587
-2.2183199 -34.954479 2.02055
-2.1780326 -34.954498 2.0190701
-2.1389959 -34.954525 2.0199125
-2.0988166 -34.95454 2.0207925
-2.055665 -34.954571 2.0205014
-2.0194623 -34.95459 2.0197635
-1.9822619 -34.954609 2.0203483
-1.9363694 -34.954636 2.0199838
-1.8970394 -34.954659 2.0205684
-1.8565713 -34.954678 2.01981
-1.815079 -34.954704 2.0190084
-1.7800677 -34.95472 2.0214617
-1.7462066 -34.954742 2.0194144
-1.7001344 -34.954769 2.020108
-1.656689 -34.954792 2.0198259
-1.6168963 -34.954815 2.0203073
-1.5804528 -34.954834 2.0202723
-1.5398606 -34.954857 2.0183434
-1.500536 -34.954876 2.0207407
-1.4579475 -34.954903 2.0187702
-1.416665 -34.954926 2.0212326
-1.3719292 -34.954948 2.0192187
-1.3385856 -34.954967 2.0157595
-1.3045323 -34.954987 2.0220177
-1.2581481 -34.955009 2.0173323
-1.2226043 -34.955032 2.0237565
-1.1862779 -34.955051 2.0201862
-1.1367632 -34.955078 2.0204613
-1.098793 -34.955101 2.0219407
-1.0599587 -34.95512 2.0182297
-1.0204117 -34.955143 2.0197344
-0.97994554 -34.955166 2.0212615
-0.93872166 -34.955189 2.0174351
-1.811077 -32.090805 2.0207558
-1.7886845 -32.093971 2.0223866
-1.8135456 -32.062222 2.0210257
-1.7043136 -32.071682 2.0193913
-1.6645645 -32.071686 2.0187993
-1.6201718 -32.071686 2.0207703
-1.5757968 -32.071686 2.0204122
-1.541761 -32.07169 2.0212903
-1.5082433 -32.07169 2.0197461
-1.4580979 -32.071693 2.0196013
-1.4229696 -32.071697 2.0227509
-1.3856349 -32.071701 2.0188777
-1.3360904 -32.071701 2.0207891
-1.295487 -32.071705 2.0193875
-1.2553533 -32.071705 2.0203376
-1.2144201 -32.071709 2.021282
-1.186583 -32.071709 2.0185461
-1.1439773 -32.071712 2.019516
-1.1004962 -32.071716 2.0204794
-1.0580293 -32.071716 2.0186841
-1.0103317 -32.07172 2.0225043
-0.97932041 -32.07172 2.0196259
-0.94781148 -32.071724 2.0167012
-1.8135431 -32.019867 2.0209956
-1.8135408 -31.977512 2.0209663
-2.5806563 -34.954277 2.0600748
-2.5370142 -34.954296 2.0605438
-2.4964809 -34.95433 2.0599375
-2.4604547 -34.954346 2.0591588
-2.4230587 -34.954357 2.0608935
-2.3789175 -34.954395 2.0602639
-2.3390069 -34.954411 2.0603404
-2.3037519 -34.954426 2.0593851
-2.2605333 -34.95446 2.0603638
-2.216774 -34.954479 2.0607874
-2.1796236 -34.954498 2.0596943
-2.1381519 -34.954525 2.0587919
-2.0979502 -34.954544 2.0602267
-2.0556619 -34.954571 2.0604932
-2.0194626 -34.95459 2.058959
-1.9822624 -34.954609 2.0600514
-1.9374815 -34.954632 2.0588918
-1.8970394 -34.954659 2.0614352
-1.8577484 -34.954678 2.058388
-1.815079 -34.954704 2.0609937
-1.7819803 -34.95472 2.059407
-1.7452286 -34.954742 2.0603371
-1.7028259 -34.954769 2.0591497
-1.6546191 -34.954788 2.0598414
-1.6190152 -34.954811 2.0602422
-1.5793685 -34.954834 2.0588202
-1.5398606 -34.954853 2.0595117
-1.4993987 -34.95488 2.0602195
-1.456782 -34.954903 2.0587587
-1.4154706 -34.954926 2.0616879
-1.3719293 -34.954948 2.0576463
-1.3385859 -34.954967 2.0594003
-1.3045323 -34.954987 2.0611813
-1.2581482 -34.955009 2.0570025
-1.2226043 -34.955032 2.0638146
-1.1862779 -34.955051 2.0606413
-1.1385553 -34.955082 2.0586758
-1.098793 -34.955101 2.0633509
-1.0599587 -34.95512 2.0600643
-1.0204117 -34.955143 2.0567174
-0.97800082 -34.955166 2.0615306
-0.93872166 -34.955189 2.0605936
-1.8110769 -32.090801 2.0587993
-1.7886844 -32.093971 2.0607049
-1.8135456 -32.062218 2.0590408
-1.7066224 -32.071682 2.058497
-1.6633812 -32.071686 2.0609784
-1.620173 -32.071686 2.0611606
-1.5745486 -32.07169 2.0592117
-1.5417619 -32.07169 2.0626438
-1.5069432 -32.07169 2.0593166
-1.4607751 -32.071693 2.0617099
-1.4229705 -32.071697 2.0608068
-1.385636 -32.071701 2.0573413
-1.3346549 -32.071701 2.0623641
-1.2954882 -32.071705 2.0588355
-1.2553546 -32.071705 2.0602238
-1.2144215 -32.071709 2.0616155
-1.1865842 -32.071709 2.0591836
-1.1439784 -32.071712 2.0606186
-1.1004975 -32.071716 2.062057
-1.0558839 -32.071716 2.0582814
-1.0103332 -32.07172 2.0597465
-0.9793216 -32.07172 2.0625267
-0.9478128 -32.071724 2.0599461
-1.8135428 -32.019863 2.0590143
-1.8135409 -31.97751 2.0589879
-2.62182 -34.954254 2.1002014
-2.5809662 -34.954281 2.0997984
-2.5374055 -34.954296 2.1006842
-2.4966831 -34.95433 2.0999682
-2.4604547 -34.954346 2.0989697
-2.4230587 -34.954357 2.1013167
-2.3786712 -34.954395 2.100565
-2.3396919 -34.954411 2.0997519
-2.3030524 -34.954433 2.1006527
-2.2622099 -34.95446 2.0997961
-2.2183201 -34.954475 2.1008081
-2.1788521 -34.954502 2.0992291
-2.1397901 -34.954525 2.0999889
-2.0970814 -34.95454 2.0996985
-2.056555 -34.954571 2.1004066
-2.0194626 -34.95459 2.0981543
-1.9832022 -34.954609 2.1009979
-1.9363697 -34.954636 2.09794
-1.8970397 -34.954659 2.1023016
-1.8565757 -34.954678 2.0984905
-1.8141433 -34.954704 2.1010327
-1.7810242 -34.95472 2.0998645
-1.7471846 -34.954739 2.0986829
-1.7002393 -34.954769 2.0999501
-1.6566892 -34.954788 2.0992911
-1.6168965 -34.954815 2.1007502
-1.5793688 -34.954838 2.0995026
-1.5398606 -34.954857 2.1006796
-1.4982612 -34.95488 2.0997386
-1.459113 -34.954903 2.1006191
-1.4154706 -34.954926 2.0996401
-1.3707047 -34.954948 2.0986507
-1.3385859 -34.954967 2.1030412
-1.3045323 -34.954987 2.1003449
-1.2581482 -34.955009 2.0966728
-1.2226043 -34.955032 2.1038733
-1.1862779 -34.955051 2.1010962
-1.1367633 -34.955078 2.0973113
-1.098793 -34.955101 2.0995851
-1.0599587 -34.95512 2.1018989
-1.0204117 -34.955143 2.0989838
-0.9818905 -34.955162 2.0984404
-0.93872178 -34.955189 2.1037519
-1.8110769 -32.090801 2.1010695
-1.7886845 -32.093971 2.0990233
-1.8135453 -32.062222 2.1012795
-1.7054695 -32.071682 2.1001432
-1.6633823 -32.071686 2.1008377
-1.6189578 -32.071686 2.099458
-1.5770481 -32.07169 2.0998702
-1.5417631 -32.07169 2.0994024
-1.505643 -32.07169 2.0989335
-1.4594381 -32.071693 2.1018496
-1.4229715 -32.071697 2.0988626
-1.3842413 -32.071701 2.0983713
-1.3346561 -32.071701 2.1013846
-1.2954895 -32.071705 2.0982838
-1.2553557 -32.071709 2.1001103
-1.2144226 -32.071709 2.1019487
-1.1865857 -32.071712 2.0998206
-1.1460291 -32.071712 2.0989308
-1.1004987 -32.071716 2.1036346
-1.0558853 -32.071716 2.1003461
-1.0103344 -32.07172 2.0969882
-0.97932291 -32.071724 2.100065
-0.94781399 -32.071724 2.1031911
-1.8135428 -32.019871 2.1012568
-1.8135409 -31.977505 2.1012337
-2.6228817 -34.95425 2.1404009
-2.5794635 -34.954277 2.13957
-2.5368154 -34.954296 2.1400673
-2.4968889 -34.95433 2.1399889
-2.4604545 -34.954346 2.1387806
-2.422354 -34.954361 2.1409435
-2.3791595 -34.954395 2.1399736
-2.3390093 -34.954411 2.1404464
-2.304496 -34.954433 2.1393607
-2.2613337 -34.954464 2.1402032
-2.2175705 -34.954479 2.1397898
-2.1788523 -34.954502 2.139951
-2.1389961 -34.954525 2.1401165
-2.0979538 -34.954544 2.1402988
-2.0556624 -34.954575 2.1404626
-2.0194631 -34.95459 2.1373498
-1.9822623 -34.954605 2.1420913
-1.9363697 -34.954636 2.1382701
-1.8961533 -34.954659 2.1412857
-1.8565758 -34.954678 2.1399093
-1.8160146 -34.954704 2.1385138
-1.7810242 -34.95472 2.1423147
-1.7462065 -34.954742 2.139606
-1.7029207 -34.954765 2.1389246
-1.6556542 -34.954792 2.1413925
-1.6190152 -34.954815 2.1406331
-1.5793688 -34.954834 2.1401856
-1.5387502 -34.954853 2.1397402
-1.5005362 -34.95488 2.1410666
-1.4579477 -34.954903 2.1406074
-1.4154706 -34.954926 2.1375923
-1.3731539 -34.954948 2.1415319
-1.3385859 -34.954967 2.1418328
-1.3045324 -34.954987 2.1395085
-1.2581482 -34.955009 2.1363428
-1.2226043 -34.955032 2.1439314
-1.186278 -34.955051 2.1415513
-1.1367635 -34.955082 2.1383071
-1.0987934 -34.955101 2.1358192
-1.058093 -34.955124 2.1413827
-1.0204121 -34.955143 2.1412501
-0.97994614 -34.955166 2.1387093
-0.93872213 -34.955189 2.1415155
-1.811077 -32.090805 2.1391129
-1.7886841 -32.093971 2.1415992
-1.8135452 -32.062218 2.1392951
-1.7054707 -32.071682 2.1394854
-1.6633831 -32.071686 2.140697
-1.6213911 -32.071686 2.1395457
-1.5758002 -32.07169 2.13867
-1.541764 -32.071693 2.1407559
-1.5082469 -32.07169 2.1404011
-1.4594393 -32.071697 2.1395071
-1.4229728 -32.071697 2.1369185
-1.3870341 -32.071701 2.1413183
-1.3346573 -32.071701 2.1404049
-1.2954905 -32.071705 2.1377316
-1.255357 -32.071709 2.1399968
-1.2144239 -32.071709 2.142282
-1.1865867 -32.071712 2.1404581
-1.1439806 -32.071712 2.1376665
-1.1004997 -32.071716 2.1400146
-1.0558865 -32.071716 2.1424108
-1.0103357 -32.07172 2.1395504
-0.97932398 -32.071724 2.137603
-0.94781542 -32.071724 2.1410303
-1.813543 -32.019863 2.1392746
-1.8135407 -31.977509 2.1392548
-2.622371 -34.95425 2.1799085
-2.5812209 -34.954277 2.1805077
-2.5362217 -34.954296 2.1794808
-2.4972935 -34.95433 2.1808
-2.4604547 -34.954346 2.1785917
-2.4230587 -34.954357 2.1804905
-2.3796525 -34.954395 2.1793592
-2.3383286 -34.954411 2.1811728
-2.3037519 -34.954426 2.1794553
-2.2604518 -34.95446 2.1806507
-2.2175705 -34.954475 2.1799302
-2.1788523 -34.954506 2.1806726
-2.1381521 -34.954525 2.1790326
-2.0988173 -34.95454 2.1808634
-2.0556626 -34.954571 2.1791642
-2.018796 -34.95459 2.1786401
-1.9822625 -34.954609 2.1817944
-1.9363695 -34.954639 2.1785996
-1.8970397 -34.954659 2.1799593
-1.8565757 -34.954678 2.1813283
-1.8150791 -34.954704 2.1785526
-1.781024 -34.95472 2.1805201
-1.7452291 -34.954742 2.1805663
-1.7015303 -34.954769 2.1796651
-1.6556542 -34.954792 2.181138
-1.6179559 -34.954811 2.1787708
-1.5793688 -34.954834 2.1808681
-1.5409713 -34.954853 2.1805487
-1.4993987 -34.95488 2.1805854
-1.4579476 -34.954903 2.1780958
-1.4154706 -34.954926 2.1802886
-1.3719294 -34.954948 2.1825364
-1.3385859 -34.954967 2.1806247
-1.3045325 -34.954987 2.1786723
-1.2581483 -34.955009 2.176013
-1.2226045 -34.955032 2.18399
-1.1862783 -34.955051 2.1820064
-1.1367637 -34.955082 2.1793027
-1.0987937 -34.955101 2.1772296
-1.0618254 -34.95512 2.1774597
-1.0204122 -34.955143 2.1835165
-0.97994626 -34.955166 2.1814177
-0.93872213 -34.955189 2.1792793
-1.8110769 -32.090801 2.1771564
-1.7886839 -32.093971 2.1799171
-1.8135453 -32.062218 2.1773102
-1.7054716 -32.071682 2.1788278
-1.6633844 -32.071686 2.1805563
-1.6189598 -32.071686 2.1802683
-1.575801 -32.07169 2.179605
-1.5417652 -32.071693 2.1821094
-1.5069466 -32.07169 2.1800182
-1.4594405 -32.071697 2.1771648
-1.422974 -32.071697 2.1797314
-1.3856394 -32.071701 2.182348
-1.3346583 -32.071701 2.1794252
-1.2954917 -32.071705 2.1771798
-1.255358 -32.071712 2.179883
-1.2144248 -32.071709 2.1826153
-1.186588 -32.071712 2.1810956
-1.1439819 -32.071716 2.1787691
-1.1005007 -32.071716 2.1763952
-1.0537412 -32.07172 2.1821194
-1.0103368 -32.07172 2.1821125
-0.97932529 -32.071724 2.1805038
-0.94781649 -32.071724 2.1788695
-1.8135428 -32.019863 2.1772933
-1.8135409 -31.97751 2.1772764
-2.6223717 -34.954254 2.2201638
-2.5803556 -34.954281 2.2202775
-2.5368185 -34.954292 2.2204101
-2.4966834 -34.95433 2.220875
-2.4604547 -34.954346 2.2184019
-2.423059 -34.954361 2.2209141
-2.3789177 -34.954395 2.2196951
-2.3397329 -34.954411 2.2193096
-2.3030527 -34.954433 2.2207551
-2.2621388 -34.95446 2.2200058
-2.2175705 -34.954479 2.2200706
-2.1780834 -34.954498 2.2202642
-2.1397908 -34.954525 2.2201581
-2.0979509 -34.954544 2.2203476
-2.0556626 -34.954571 2.2178655
-2.0201302 -34.95459 2.2214847
-1.9822624 -34.954609 2.2214975
-1.9363697 -34.954636 2.2189293
-1.8979261 -34.954659 2.2185988
-1.8554074 -34.954681 2.221508
-1.8150791 -34.954704 2.2205379
-1.7810242 -34.95472 2.2187252
-1.747185 -34.954742 2.218837
-1.7001349 -34.954769 2.2204585
-1.6556542 -34.954796 2.2208834
-1.6179558 -34.954811 2.2189794
-1.5793686 -34.954834 2.2215509
-1.5398607 -34.954857 2.2196095
-1.4993987 -34.954876 2.2176208
-1.4579477 -34.954903 2.2202702
-1.4154707 -34.954926 2.2229848
-1.3719295 -34.954948 2.220964
-1.3385862 -34.954967 2.2194166
-1.3045328 -34.954987 2.2178359
-1.2581486 -34.955009 2.2156835
-1.2226048 -34.955032 2.2240481
-1.1862785 -34.955051 2.2224612
-1.1367636 -34.955082 2.2202985
-1.0987937 -34.955101 2.2186401
-1.0599594 -34.95512 2.2169437
-1.0204122 -34.955143 2.2204995
-0.97800148 -34.955166 2.2217662
-0.93872213 -34.955189 2.2224376
-1.8110768 -32.090801 2.2194264
-1.7886839 -32.093971 2.2182355
-1.8135453 -32.062218 2.2195489
-1.7043188 -32.071686 2.2205465
-1.6633854 -32.071686 2.2204156
-1.6213931 -32.071686 2.2202959
-1.5758021 -32.07169 2.2205405
-1.541766 -32.071693 2.218868
-1.505646 -32.07169 2.219681
-1.4594414 -32.071693 2.2195296
-1.4229752 -32.071701 2.2225444
-1.3856405 -32.071701 2.2208118
-1.3346595 -32.071705 2.2184455
-1.2954926 -32.071705 2.2166278
-1.2553592 -32.071712 2.2197695
-1.2144262 -32.071712 2.2229488
-1.1865891 -32.071712 2.2217326
-1.1439831 -32.071716 2.2198715
-1.100502 -32.071716 2.2179723
-1.0580355 -32.07172 2.2183797
-1.0103379 -32.07172 2.2193544
-0.97932678 -32.071724 2.2234044
-0.94781792 -32.071724 2.2221141
-1.8135428 -32.019863 2.2195358
-1.8135409 -31.977507 2.2195225
-2.6223712 -34.954254 2.2604189
-2.5794637 -34.954281 2.2594643
-2.5374057 -34.954296 2.2613103
-2.4966834 -34.95433 2.260092
-2.4604552 -34.954346 2.258213
-2.4228213 -34.954361 2.2605221
-2.3789179 -34.954395 2.2608411
-2.3390095 -34.954411 2.2588801
-2.3044958 -34.954433 2.2593966
-2.2602148 -34.954464 2.260566
-2.2175703 -34.954483 2.2602108
-2.1796694 -34.954502 2.2607713
-2.1389961 -34.954525 2.2603204
-2.0979509 -34.954544 2.2584717
-2.0548224 -34.954571 2.2592676
-2.0194631 -34.95459 2.2627752
-1.9822624 -34.954609 2.2612009
-1.9363697 -34.954639 2.259259
-1.89704 -34.954659 2.2575946
-1.857834 -34.954678 2.2584913
-1.8150791 -34.954704 2.2625237
-1.781024 -34.95472 2.2611756
-1.746207 -34.954742 2.2597973
-1.7028261 -34.954769 2.259331
-1.6556543 -34.954792 2.2606287
-1.6179559 -34.954811 2.2591877
-1.5793689 -34.954834 2.2577131
-1.539861 -34.954857 2.2607775
-1.4993991 -34.954876 2.2592862
-1.457948 -34.954903 2.2624445
-1.4154708 -34.954926 2.260937
-1.3719296 -34.954948 2.2593915
-1.3385863 -34.954967 2.2582083
-1.304533 -34.95499 2.2569995
-1.2568436 -34.955009 2.2580709
-1.2226048 -34.955032 2.2641065
-1.1862786 -34.955051 2.2629163
-1.1367637 -34.955078 2.2612944
-1.0987937 -34.955101 2.2600505
-1.0599593 -34.955124 2.2587783
-1.0204123 -34.955143 2.2574825
-0.9818911 -34.955162 2.2585166
-0.93872219 -34.955189 2.2602012
-1.8110768 -32.090801 2.2616971
-1.7886841 -32.093971 2.2608113
-1.8135452 -32.062218 2.2617881
-1.7066275 -32.071686 2.2595072
-1.6633863 -32.071686 2.2602749
-1.6201777 -32.07169 2.2586236
-1.5745541 -32.07169 2.2594151
-1.5417671 -32.071693 2.2602215
-1.5082501 -32.071697 2.2610567
-1.4594425 -32.071697 2.2618945
-1.4229763 -32.071701 2.2606001
-1.3856416 -32.071701 2.2592752
-1.3346605 -32.071705 2.2574658
-1.2954938 -32.071705 2.2560759
-1.2568613 -32.071712 2.2619126
-1.2144272 -32.071712 2.2632821
-1.1865903 -32.071712 2.2623701
-1.1439843 -32.071716 2.2609742
-1.1005032 -32.071716 2.2595496
-1.0558901 -32.07172 2.2580884
-1.0103391 -32.071724 2.2565958
-0.97932786 -32.071724 2.2609425
-0.94781905 -32.071724 2.2599535
-1.813543 -32.019863 2.2617784
-1.8135407 -31.977507 2.2617679
-2.6223714 -34.954258 2.3006737
-2.5812209 -34.954277 2.3003111
-2.5368154 -34.954296 2.300734
-2.4966834 -34.95433 2.2993095
-2.4604552 -34.954346 2.2980239
-2.4232926 -34.954361 2.2992079
-2.3789179 -34.954395 2.3019879
-2.3390095 -34.954411 2.3006806
-2.3037522 -34.954433 2.2995253
-2.2624526 -34.954464 2.2998116
-2.2175708 -34.954475 2.3003511
-2.1788523 -34.954502 2.2991354
-2.1389961 -34.954525 2.2978842
-2.0979509 -34.954544 2.3004084
-2.0565557 -34.954571 2.30159
-2.0194631 -34.95459 2.3019705
-1.9822627 -34.954609 2.3009043
-1.9363697 -34.954639 2.2995884
-1.89704 -34.954659 2.2984612
-1.8565757 -34.954678 2.2973015
-1.8150791 -34.954704 2.3003101
-1.7810241 -34.95472 2.2993805
-1.7452291 -34.954742 2.3007948
-1.7015306 -34.954769 2.3015637
-1.6556545 -34.954792 2.3003743
-1.6179564 -34.954815 2.2993965
-1.5793691 -34.954834 2.2983959
-1.5398612 -34.954857 2.3019452
-1.4993992 -34.95488 2.3009515
-1.457948 -34.954903 2.2999327
-1.4154708 -34.954926 2.2988892
-1.3719296 -34.954948 2.2978191
-1.3385863 -34.954967 2.2969999
-1.3045329 -34.954987 2.2961633
-1.2581487 -34.955009 2.2999983
-1.2226048 -34.955032 2.3041649
-1.1862785 -34.955051 2.3033714
-1.1367637 -34.955078 2.30229
-1.0987937 -34.955101 2.301461
-1.0599593 -34.955124 2.3006127
-1.0204124 -34.955143 2.2997489
-0.97994626 -34.955166 2.2988651
-0.93872237 -34.955189 2.297965
-1.8110766 -32.090805 2.2997401
-1.7886839 -32.093971 2.2991295
-1.8135456 -32.062218 2.299803
-1.7054746 -32.071686 2.3012257
-1.6633875 -32.071686 2.3001342
-1.6201792 -32.07169 2.2990134
-1.5770534 -32.07169 2.2999234
-1.5417683 -32.071693 2.3015747
-1.5069498 -32.071697 2.300719
-1.4594438 -32.071697 2.2995522
-1.4229772 -32.071701 2.298656
-1.3856426 -32.071701 2.2977388
-1.3346617 -32.071705 2.2964861
-1.2954949 -32.071709 2.2955239
-1.2553616 -32.071712 2.3045092
-1.2144284 -32.071712 2.3036151
-1.1865914 -32.071712 2.3030074
-1.1439855 -32.071716 2.3020768
-1.1005046 -32.071716 2.3011272
-1.0558913 -32.07172 2.3001528
-1.0103405 -32.071724 2.2991579
-0.97932911 -32.071724 2.2984805
-0.94782019 -32.071724 2.2977924
-1.8135431 -32.019867 2.2997963
-1.8135405 -31.977505 2.2997894
-2.6223714 -34.954254 2.340929
-2.5803556 -34.954281 2.3401258
-2.5368154 -34.954292 2.3392937
-2.4966838 -34.95433 2.3385272
-2.4604552 -34.954346 2.3378346
-2.423768 -34.954357 2.3378708
-2.3789177 -34.954391 2.3397055
-2.3383286 -34.954411 2.3414495
-2.3037522 -34.954426 2.3419027
-2.2613337 -34.95446 2.3412082
-2.2175705 -34.954475 2.3404915
-2.1788526 -34.954502 2.3398571
-2.1389964 -34.954525 2.3392043
-2.0979509 -34.95454 2.3423448
-2.0556631 -34.954571 2.3417094
-2.0194631 -34.95459 2.341166
-1.9822628 -34.954609 2.3406074
-1.9363698 -34.954636 2.3399184
-1.89704 -34.954659 2.3393276
-1.8565763 -34.954678 2.3387206
-1.8150793 -34.954704 2.3380971
-1.7810246 -34.95472 2.3375859
-1.7471852 -34.954739 2.3389909
-1.7015308 -34.954769 2.3407462
-1.6556549 -34.954788 2.3401198
-1.6179565 -34.954811 2.3396051
-1.5793691 -34.954834 2.3390784
-1.5398612 -34.954857 2.3385391
-1.4993992 -34.954876 2.3379867
-1.457948 -34.954903 2.3374209
-1.415471 -34.954926 2.3368413
-1.3719299 -34.954948 2.336247
-1.3385866 -34.954967 2.3357918
-1.304533 -34.954987 2.3402226
-1.2594539 -34.955009 2.3418798
-1.2226048 -34.955032 2.3442233
-1.1862783 -34.955051 2.3438265
-1.1367637 -34.955078 2.343286
-1.0987937 -34.955101 2.3428712
-1.0599593 -34.955124 2.342447
-1.0204124 -34.955143 2.3420153
-0.97994626 -34.955166 2.3415735
-0.93872237 -34.955189 2.3411233
-2.8984919 -32.09391 2.356854
-2.8603964 -32.093914 2.356334
-2.8207717 -32.093922 2.3557932
-2.7796431 -32.093918 2.3552315
-2.7416713 -32.093922 2.3547132
-2.7023201 -32.093929 2.3541763
-2.6615119 -32.093929 2.3536191
-2.6191654 -32.093933 2.3561652
-2.5808115 -32.093933 2.3556941
-2.5410857 -32.093933 2.355206
-2.5000477 -32.093937 2.3547018
-2.4636924 -32.093941 2.3542554
-2.419827 -32.093941 2.3537164
-2.3711278 -32.093945 2.3548563
-2.3341577 -32.093948 2.3561769
-2.2996311 -32.093948 2.3558002
-2.264101 -32.093952 2.355412
-2.2202055 -32.093952 2.3549325
-2.182533 -32.093956 2.3545213
-2.146868 -32.09396 2.3548906
-2.1038523 -32.093964 2.3574896
-2.0627425 -32.093964 2.3570967
-2.020493 -32.093967 2.356693
-1.9857448 -32.093967 2.3563609
-1.941069 -32.093971 2.3559341
-1.8951011 -32.093971 2.355495
-1.8572489 -32.093975 2.3551333
-1.8125479 -32.091438 2.3377979
-1.7886839 -32.093971 2.3374476
-1.8135452 -32.062222 2.3335943
-1.7054757 -32.071686 2.3405678
-1.6633884 -32.071686 2.3399932
-1.62018 -32.07169 2.3394036
-1.5758052 -32.07169 2.338798
-1.5417695 -32.071693 2.3383334
-1.5069507 -32.071697 2.337858
-1.4594448 -32.071697 2.3372095
-1.4229782 -32.071701 2.3367119
-1.3856438 -32.071701 2.3362024
-1.3346629 -32.071709 2.340384
-1.2954962 -32.071709 2.3399029
-1.2553626 -32.071712 2.3443954
-1.2144296 -32.071712 2.3439484
-1.1865926 -32.071712 2.3436446
-1.1439867 -32.071716 2.3431795
-1.1005059 -32.071716 2.3427043
-1.0558927 -32.07172 2.3422172
-1.0103415 -32.071724 2.3417199
-0.97933042 -32.071724 2.3413813
-0.94782162 -32.071728 2.3410373
-1.8135427 -32.019871 2.3335903
-1.8135402 -31.977512 2.3335862
-2.6223714 -34.954254 2.3811839
-2.5812457 -34.954277 2.3793466
-2.5368154 -34.954296 2.3778539
-2.4966838 -34.95433 2.3777442
-2.4604549 -34.954346 2.3776455
-2.4230592 -34.954361 2.3775437
-2.3789179 -34.954399 2.3774226
-2.3397326 -34.954411 2.379498
-2.3037527 -34.95443 2.380749
-2.2613337 -34.95446 2.3806918
-2.2175708 -34.954479 2.3806314
-2.1788526 -34.954502 2.3805788
-2.1389961 -34.954525 2.3805246
-2.0979509 -34.95454 2.3804681
-2.0556631 -34.954575 2.3804107
-2.0194633 -34.95459 2.3803613
-1.982263 -34.954609 2.3803105
-1.93637 -34.954636 2.3802483
-1.8970404 -34.954655 2.3801944
-1.8565766 -34.954678 2.3801389
-1.8150793 -34.954704 2.3800826
-1.7810247 -34.95472 2.3800361
-1.7462072 -34.954739 2.3799887
-1.7015307 -34.954769 2.3799279
-1.6556549 -34.954792 2.3798652
-1.6179565 -34.954811 2.3798137
-1.5793692 -34.95483 2.3797612
-1.5398612 -34.954857 2.3797071
-1.4993992 -34.95488 2.379652
-1.457948 -34.954903 2.3795953
-1.4154711 -34.954926 2.3795376
-1.3719299 -34.954948 2.3794782
-1.3385866 -34.954967 2.3794324
-1.3045329 -34.954987 2.3842816
-1.2581488 -34.955009 2.3842816
-1.2226048 -34.955032 2.3842816
-1.1862785 -34.955051 2.3842816
-1.1367637 -34.955078 2.3842816
-1.0987937 -34.955101 2.3842816
-1.0618254 -34.95512 2.3820329
-1.0204124 -34.955143 2.3789985
-0.97994632 -34.955166 2.3789432
-0.93872237 -34.955189 2.3788869
-2.89849 -32.09391 2.3733099
-2.8603945 -32.09391 2.3731019
-2.8207693 -32.093925 2.3728852
-2.7796404 -32.093925 2.3726609
-2.7416687 -32.093925 2.3724537
-2.7023168 -32.093929 2.3722389
-2.661509 -32.093929 2.3720162
-2.6191621 -32.093929 2.3717847
-2.5808079 -32.093933 2.3715756
-2.5410812 -32.093933 2.3713586
-2.5000432 -32.093933 2.3711345
-2.4636874 -32.093937 2.3709362
-2.4198217 -32.093937 2.3706963
-2.3756349 -32.093937 2.3714032
-2.3341496 -32.093945 2.3737421
-2.2996225 -32.093945 2.3736002
-2.2640922 -32.093948 2.373455
-2.220196 -32.093948 2.3732753
-2.1825228 -32.093952 2.373121
-2.1437044 -32.093956 2.372962
-2.1038413 -32.09396 2.3727989
-2.0627313 -32.09396 2.3726306
-2.0204816 -32.093964 2.3724575
-1.9857327 -32.093964 2.3723152
-1.9410567 -32.093967 2.3721325
-1.8950883 -32.093967 2.3719442
-1.8572359 -32.093967 2.371789
-1.8184205 -32.093971 2.3716302
-1.7886826 -32.093971 2.3715086
-2.9381678 -32.071602 2.3923466
-2.8980803 -32.071602 2.3925104
-2.8606074 -32.071609 2.392664
-2.8216553 -32.071617 2.3928237
-2.78125 -32.071621 2.3929892
-2.7391865 -32.071621 2.3931615
-2.6954918 -32.071625 2.3933403
-2.6602707 -32.071625 2.3934844
-2.6238539 -32.071629 2.3936338
-2.5807958 -32.071629 2.3906336
-2.5417974 -32.071629 2.3907402
-2.5014038 -32.071636 2.3908505
-2.459676 -32.07164 2.3909643
-2.4227097 -32.07164 2.3910654
-2.3846102 -32.071644 2.3911693
-2.345324 -32.071651 2.3912766
-2.304795 -32.071651 2.3913872
-2.2629635 -32.071655 2.3915017
-2.2197654 -32.071655 2.3916194
-2.1827087 -32.071659 2.3917208
-2.1445451 -32.071659 2.391825
-2.0973573 -32.071667 2.3919537
-2.0568254 -32.071671 2.3920643
-2.0235162 -32.071671 2.3921556
-1.9807256 -32.071671 2.3922722
-1.9367349 -32.071678 2.3923922
-1.9005425 -32.071678 2.3924913
-1.8634574 -32.071682 2.3925927
-1.8254464 -32.071686 2.3926964
-1.786466 -32.071686 2.392803
-1.7464862 -32.071682 2.3929119
-1.7054765 -32.071686 2.37991
-1.6633894 -32.071686 2.3798523
-1.6201813 -32.07169 2.3797936
-1.5758064 -32.07169 2.3797328
-1.5417705 -32.071693 2.3796866
-1.5069518 -32.071693 2.3796394
-1.4594457 -32.071701 2.3795743
-1.4229794 -32.071701 2.3795247
-1.385645 -32.071705 2.3794734
-1.3346641 -32.071705 2.3842814
-1.2954975 -32.071709 2.3842816
-1.2553641 -32.071712 2.3842816
-1.2144309 -32.071712 2.3842816
-1.1865938 -32.071712 2.3842816
-1.143988 -32.071716 2.3842816
-1.100507 -32.071716 2.3842816
-1.0580403 -32.07172 2.3820195
-1.0103431 -32.071724 2.3789618
-0.97933149 -32.071724 2.3789194
-0.94782275 -32.071728 2.3788764
-2.6223712 -34.95425 2.4214389
-2.5794928 -34.954281 2.420126
-2.5368156 -34.954292 2.419627
-2.4972522 -34.95433 2.4194906
-2.4604552 -34.954346 2.4174564
-2.4230592 -34.954361 2.4179671
-2.3789179 -34.954395 2.4185693
-2.3390095 -34.954411 2.4191144
-2.3037524 -34.954426 2.419595
-2.2613337 -34.95446 2.4201744
-2.217571 -34.954479 2.4207721
-2.1796243 -34.954498 2.4201958
-2.1389964 -34.954525 2.4180882
-2.0979517 -34.954544 2.4185922
-2.0556633 -34.954571 2.419112
-2.0194633 -34.95459 2.4195571
-1.9822632 -34.954609 2.4200139
-1.9363703 -34.954639 2.4205778
-1.8970404 -34.954659 2.421061
-1.8565763 -34.954678 2.4215581
-1.8150793 -34.954704 2.4220681
-1.7810247 -34.95472 2.4224865
-1.7471852 -34.954742 2.420989
-1.7015308 -34.954769 2.4191093
-1.6556547 -34.954792 2.4196103
-1.6179565 -34.954811 2.4200222
-1.5793692 -34.954834 2.4204438
-1.5398612 -34.954857 2.4208751
-1.4993993 -34.954876 2.4213169
-1.457948 -34.954903 2.4217696
-1.4154711 -34.954926 2.4222336
-1.3719299 -34.954948 2.4227092
-1.3385866 -34.954967 2.4230733
-1.304533 -34.954987 2.4234452
-1.2581488 -34.955009 2.4239519
-1.2226048 -34.955032 2.4243398
-1.1880237 -34.955051 2.422543
-1.1367639 -34.955082 2.4201529
-1.098794 -34.955101 2.4205158
-1.0580932 -34.95512 2.4179063
-1.0204124 -34.955143 2.4159815
-0.97994626 -34.955166 2.4163127
-0.93872237 -34.955189 2.4166508
-2.938168 -32.071602 2.4192331
-2.8980806 -32.071602 2.4199443
-2.8606076 -32.071602 2.420609
-2.8216555 -32.071609 2.4213004
-2.78125 -32.071609 2.4220178
-2.7391875 -32.071609 2.4198039
-2.6954916 -32.071625 2.4205198
-2.6602707 -32.071629 2.4210963
-2.6238539 -32.071636 2.4216931
-2.5807955 -32.07164 2.4192221
-2.5417969 -32.071636 2.4198074
-2.5023062 -32.07164 2.4188771
-2.459676 -32.071648 2.4176989
-2.4227097 -32.071648 2.4182034
-2.3846102 -32.071648 2.4187236
-2.3453238 -32.071651 2.4192598
-2.3047948 -32.071651 2.4198132
-2.2629635 -32.071655 2.4203844
-2.2197652 -32.071655 2.4209738
-2.1833923 -32.071659 2.4197752
-2.1445451 -32.071659 2.4182289
-2.0973575 -32.071663 2.4188085
-2.0568252 -32.071667 2.4193063
-2.0235159 -32.071667 2.4197159
-1.9807256 -32.071674 2.4202416
-1.9367348 -32.071678 2.4207821
-1.9005425 -32.071682 2.4212265
-1.8634573 -32.071682 2.4216824
-1.8254459 -32.071686 2.4221492
-1.7864662 -32.071686 2.4226284
-1.7464869 -32.071686 2.4188042
-1.7054776 -32.071686 2.4192519
-1.6633904 -32.071686 2.4197116
-1.6201823 -32.07169 2.4201837
-1.5758073 -32.07169 2.4206681
-1.5417715 -32.071693 2.4210398
-1.5069529 -32.071697 2.4214201
-1.4594469 -32.071701 2.4219389
-1.4229804 -32.071701 2.4223373
-1.3856462 -32.071701 2.4227452
-1.3346651 -32.071705 2.4233017
-1.2954988 -32.071709 2.4237294
-1.2553651 -32.071712 2.4241676
-1.214432 -32.071712 2.4246149
-1.1865951 -32.071712 2.4198391
-1.1439888 -32.071716 2.4202464
-1.1005082 -32.07172 2.4206619
-1.0537484 -32.07172 2.4180925
-1.0103441 -32.071724 2.4162033
-0.9793328 -32.071724 2.4164572
-0.94782406 -32.071728 2.4167154
-2.6229193 -34.95425 2.4594412
-2.5803559 -34.954281 2.4599741
-2.5368156 -34.954292 2.4614005
-2.4960697 -34.95433 2.4618142
-2.4604554 -34.954346 2.457267
-2.423059 -34.954357 2.4583902
-2.3789184 -34.954395 2.4597156
-2.33901 -34.954411 2.4609146
-2.304455 -34.954433 2.4609087
-2.2613339 -34.95446 2.4596577
-2.217571 -34.954479 2.4609122
-2.1780331 -34.954502 2.4606504
-2.1389964 -34.954525 2.4594083
-2.0987694 -34.95454 2.4593794
-2.0556633 -34.954571 2.4578133
-2.0194633 -34.95459 2.4587524
-1.9822632 -34.954609 2.4597173
-1.9363703 -34.954639 2.4609075
-1.8970404 -34.954659 2.4619277
-1.8577492 -34.954678 2.4617565
-1.8150795 -34.954704 2.4598548
-1.7810247 -34.95472 2.4606917
-1.7452292 -34.954742 2.4591799
-1.7015308 -34.954769 2.4582913
-1.6556549 -34.954788 2.4593558
-1.6179565 -34.954811 2.4602306
-1.5793692 -34.95483 2.4611263
-1.5398613 -34.954857 2.4574687
-1.4993992 -34.954876 2.4583526
-1.457948 -34.954903 2.4592581
-1.4154711 -34.954926 2.4601858
-1.3719299 -34.954948 2.4611368
-1.3385866 -34.954967 2.4618649
-1.304533 -34.954987 2.4626088
-1.2581488 -34.955009 2.4636219
-1.2226048 -34.955032 2.4643984
-1.1845337 -34.955055 2.4572713
-1.1367638 -34.955082 2.4560242
-1.098794 -34.955101 2.4567499
-1.0599594 -34.95512 2.4574921
-1.0204124 -34.955143 2.4582479
-0.97994649 -34.955166 2.4590211
-0.93872237 -34.955189 2.4598091
-2.938168 -32.071609 2.4595628
-2.8987432 -32.071606 2.4595058
-2.8606074 -32.071606 2.4597325
-2.8216553 -32.071609 2.4611685
-2.7819543 -32.071609 2.4612861
-2.7391872 -32.071613 2.4582872
-2.6954918 -32.071617 2.459779
-2.6602707 -32.071632 2.4609807
-2.6238537 -32.071636 2.4591057
-2.5807955 -32.071636 2.4605167
-2.5417967 -32.071632 2.4617941
-2.5011714 -32.07164 2.4606147
-2.459676 -32.071648 2.4578009
-2.4227097 -32.071648 2.4589109
-2.3846102 -32.071648 2.4600554
-2.3453243 -32.071651 2.4612348
-2.3056512 -32.071651 2.4601996
-2.2629631 -32.071655 2.460098
-2.2197654 -32.071655 2.4613366
-2.182025 -32.071659 2.4603841
-2.1445448 -32.071659 2.4597211
-2.0983551 -32.071663 2.4585774
-2.0568252 -32.071667 2.4582238
-2.0235159 -32.071667 2.4590878
-1.9807254 -32.071674 2.4601977
-1.9367344 -32.071678 2.4613388
-1.900542 -32.071682 2.4622774
-1.8645 -32.071682 2.4613597
-1.8254459 -32.071686 2.4600179
-1.7864667 -32.071686 2.4609754
-1.7464882 -32.071686 2.4576426
-1.7054787 -32.071686 2.4585938
-1.6633914 -32.071686 2.4595709
-1.6201832 -32.07169 2.4605734
-1.5770577 -32.07169 2.4595461
-1.5417726 -32.071693 2.4577985
-1.5069541 -32.071697 2.4585588
-1.4594481 -32.071701 2.4595964
-1.4229815 -32.071701 2.460393
-1.3856472 -32.071701 2.4612083
-1.3346664 -32.071709 2.462322
-1.2954998 -32.071709 2.4631774
-1.2553663 -32.071712 2.4640539
-1.2144331 -32.071712 2.4599063
-1.186596 -32.071716 2.4553967
-1.1439902 -32.071716 2.4562111
-1.1005092 -32.07172 2.457042
-1.0558963 -32.07172 2.4578946
-1.0103455 -32.071724 2.458765
-0.97933388 -32.071724 2.4593577
-0.94782543 -32.071728 2.45996
-2.6218638 -34.95425 2.4995625
-2.5812211 -34.954277 2.4997771
-2.5368156 -34.954296 2.4999602
-2.4966841 -34.95433 2.5019326
-2.4610081 -34.954342 2.4982691
-2.4230592 -34.954357 2.4988134
-2.3789179 -34.954395 2.5008624
-2.3397334 -34.954411 2.5004988
-2.3030071 -34.954437 2.4995229
-2.2613342 -34.95446 2.4991405
-2.2175708 -34.954475 2.5010524
-2.178853 -34.954502 2.499042
-2.1389964 -34.954525 2.5007286
-2.0970824 -34.954544 2.5010655
-2.0565064 -34.954567 2.4992061
-2.0194633 -34.95459 2.4979475
-1.9822632 -34.954609 2.4994204
-1.9363701 -34.954636 2.5012369
-1.8970404 -34.954659 2.5027943
-1.8553135 -34.954681 2.4987004
-1.8150795 -34.954704 2.4976416
-1.7810247 -34.95472 2.4988968
-1.7462075 -34.954742 2.50018
-1.7028269 -34.954769 2.5005281
-1.6556547 -34.954792 2.4991014
-1.6179565 -34.954811 2.5004392
-1.5793692 -34.95483 2.5018089
-1.5398614 -34.954853 2.498637
-1.4993993 -34.95488 2.5000176
-1.4591135 -34.954899 2.4993033
-1.4154713 -34.954922 2.498138
-1.3719299 -34.954948 2.4995646
-1.3385866 -34.954967 2.5006568
-1.304533 -34.954987 2.5017724
-1.2581488 -34.955009 2.5032921
-1.222605 -34.955032 2.5044565
-1.1862787 -34.955051 2.4955328
-1.1367639 -34.955082 2.4970198
-1.098794 -34.955101 2.4981604
-1.0599595 -34.95512 2.4993265
-1.0204124 -34.955143 2.5005143
-0.97994643 -34.955166 2.5017292
-0.93872237 -34.955189 2.5029676
-2.938168 -32.071602 2.4998927
-2.8974357 -32.071606 2.5005436
-2.8606071 -32.071602 2.4988563
-2.8216558 -32.071609 2.5010364
-2.7810791 -32.071609 2.4996402
-2.739188 -32.071613 2.4997311
-2.6962545 -32.071621 2.5006168
-2.6602707 -32.071629 2.5008647
-2.6238539 -32.071636 2.4996359
-2.5814514 -32.07164 2.4994853
-2.5417967 -32.071632 2.5005507
-2.5006976 -32.07164 2.5016439
-2.459676 -32.071648 2.4979029
-2.4227095 -32.071648 2.4996183
-2.3846099 -32.071648 2.5013864
-2.3461533 -32.071651 2.5009797
-2.3039889 -32.071651 2.4990597
-2.2629633 -32.071655 2.4998121
-2.2206783 -32.071655 2.4993594
-2.1827083 -32.071659 2.499598
-2.1445448 -32.071659 2.5012131
-2.0964179 -32.071659 2.5005336
-2.0568249 -32.071667 2.4971414
-2.0235157 -32.071667 2.4984601
-1.980725 -32.071678 2.5001538
-1.9367344 -32.071678 2.5018954
-1.9015596 -32.071682 2.5014582
-1.8624142 -32.071682 2.4983647
-1.8254459 -32.071686 2.4978859
-1.7864673 -32.071686 2.4993224
-1.7464892 -32.071686 2.5007958
-1.7066337 -32.071686 2.5003157
-1.6633925 -32.07169 2.4994299
-1.6201842 -32.07169 2.5009634
-1.5745603 -32.07169 2.5000474
-1.5417736 -32.071693 2.4991517
-1.5069551 -32.071693 2.50034
-1.4594492 -32.071701 2.4972539
-1.4229829 -32.071701 2.4984488
-1.3856483 -32.071705 2.4996719
-1.3346674 -32.071709 2.5013423
-1.295501 -32.071709 2.5026252
-1.2553675 -32.071712 2.5039401
-1.2144341 -32.071712 2.4951978
-1.1865972 -32.071716 2.4960337
-1.1439914 -32.071716 2.4973135
-1.1005105 -32.07172 2.4986191
-1.0558974 -32.07172 2.4999592
-1.0103467 -32.071724 2.501327
-0.97933519 -32.071728 2.5022583
-0.94782662 -32.071728 2.5032046
-2.6229196 -34.954254 2.539932
-2.579464 -34.954281 2.540648
-2.537406 -34.954296 2.539376
-2.4966843 -34.95433 2.5411503
-2.4604554 -34.954346 2.5390906
-2.4230592 -34.954357 2.5392368
-2.379653 -34.954395 2.5412121
-2.3383291 -34.954411 2.5386088
-2.3037529 -34.95443 2.5396655
-2.2624533 -34.954464 2.5405068
-2.217571 -34.954479 2.5411925
-2.178853 -34.954502 2.5397635
-2.1398377 -34.954525 2.5396469
-2.0979517 -34.954544 2.5405893
-2.0547674 -34.954575 2.5415478
-2.0194635 -34.95459 2.5371432
-1.9822632 -34.954609 2.5391233
-1.9363704 -34.954639 2.5415666
-1.8979268 -34.954659 2.5417924
-1.8565766 -34.954678 2.5375311
-1.8150795 -34.954704 2.5396268
-1.7810247 -34.95472 2.541347
-1.7471852 -34.954742 2.5411432
-1.7001355 -34.954769 2.5393929
-1.6556549 -34.954796 2.5388465
-1.6179565 -34.954811 2.540648
-1.5793692 -34.95483 2.537971
-1.5398614 -34.954857 2.5398049
-1.4993992 -34.954876 2.5416827
-1.4567828 -34.954903 2.5410495
-1.4166656 -34.954922 2.5386653
-1.3719299 -34.954948 2.537992
-1.3385866 -34.954967 2.5394485
-1.3045331 -34.954987 2.5409362
-1.2581488 -34.955009 2.5429623
-1.2226051 -34.955032 2.5445149
-1.1862787 -34.955051 2.5359879
-1.136764 -34.955078 2.5380156
-1.0987942 -34.955101 2.5395706
-1.0599599 -34.955124 2.5411611
-1.0204129 -34.955143 2.5427804
-0.98189175 -34.955162 2.542062
-0.93872285 -34.955189 2.5407312
-2.9385726 -32.071609 2.5397038
-2.8980806 -32.071602 2.540653
-2.8611732 -32.071602 2.5394213
-2.8216553 -32.071609 2.540904
-2.7807424 -32.071609 2.5388093
-2.7397504 -32.071613 2.5406072
-2.6947291 -32.071617 2.5397372
-2.6602707 -32.071632 2.5407486
-2.6238537 -32.071636 2.5401666
-2.5807993 -32.07164 2.5399182
-2.5417972 -32.071632 2.5393076
-2.5014036 -32.07164 2.5419543
-2.4596758 -32.071648 2.5380046
-2.4227097 -32.071648 2.5403261
-2.3853698 -32.071648 2.5416522
-2.3445427 -32.071651 2.5392594
-2.3047948 -32.071651 2.5406237
-2.2629633 -32.071655 2.5395262
-2.2189057 -32.071655 2.5395145
-2.1827083 -32.071659 2.5405166
-2.1445444 -32.071659 2.5389328
-2.097357 -32.071659 2.5415738
-2.0568249 -32.071663 2.5399504
-2.0235157 -32.071667 2.537832
-1.9807248 -32.071674 2.5401101
-1.9367346 -32.071678 2.5424523
-1.8995247 -32.071682 2.5380392
-1.8634573 -32.071682 2.5380416
-1.8254459 -32.071686 2.5399616
-1.7864678 -32.071686 2.5419304
-1.7464902 -32.071686 2.5396342
-1.7043269 -32.071686 2.5392697
-1.6633936 -32.07169 2.539289
-1.6201853 -32.07169 2.5413535
-1.5758104 -32.07169 2.5389252
-1.5417746 -32.071697 2.5405049
-1.5069562 -32.071697 2.5421209
-1.4594501 -32.071705 2.5396187
-1.4229839 -32.071701 2.5365043
-1.3856492 -32.071705 2.5381353
-1.3346686 -32.071709 2.5403621
-1.2955019 -32.071709 2.542073
-1.2553686 -32.071712 2.5438263
-1.2144351 -32.071712 2.535531
-1.1865983 -32.071716 2.5366709
-1.1439927 -32.071716 2.5384154
-1.1005116 -32.07172 2.5401964
-1.0558988 -32.07172 2.5420234
-1.010348 -32.071724 2.5438888
-0.97933644 -32.071728 2.5397961
-0.94782782 -32.071728 2.5410435
-2.6218643 -34.954254 2.5800903
-2.5803559 -34.954281 2.5798218
-2.5370147 -34.954296 2.5794942
-2.4966841 -34.95433 2.5803673
-2.4604568 -34.954346 2.5800078
-2.4230595 -34.954357 2.5796602
-2.3791604 -34.954395 2.5805879
-2.33901 -34.954411 2.5793481
-2.3044548 -34.954433 2.580946
-2.260215 -34.954456 2.5798132
-2.2183206 -34.954475 2.5801992
-2.1788528 -34.954502 2.5804853
-2.1382048 -34.954525 2.5807676
-2.0979517 -34.95454 2.5787134
-2.0556633 -34.954571 2.5816572
-2.0201306 -34.95459 2.5784266
-1.9822633 -34.954609 2.5788267
-1.9363703 -34.954636 2.5818963
-1.8961539 -34.954659 2.578222
-1.8565767 -34.954678 2.5789499
-1.8150797 -34.954704 2.5816121
-1.7810247 -34.95472 2.5795522
-1.7452292 -34.954742 2.5794084
-1.7015311 -34.954769 2.5801904
-1.6556547 -34.954788 2.5785923
-1.6179565 -34.954811 2.5808563
-1.5793692 -34.954834 2.5786538
-1.5398614 -34.954857 2.5809729
-1.4993993 -34.95488 2.5787184
-1.4579483 -34.954903 2.581095
-1.414277 -34.954926 2.5809548
-1.3731548 -34.954948 2.5790129
-1.3385867 -34.954967 2.5782404
-1.3045334 -34.954987 2.5800996
-1.2581491 -34.955009 2.5826325
-1.2226055 -34.955032 2.5845733
-1.1862792 -34.955051 2.576443
-1.1367644 -34.955078 2.5790117
-1.0987945 -34.955101 2.580981
-1.0599599 -34.955124 2.5829957
-1.0204132 -34.955143 2.5797637
-0.97800213 -34.955166 2.5788443
-0.93872309 -34.955189 2.5784948
-2.9377298 -32.071606 2.5799937
-2.8985336 -32.071606 2.5796213
-2.8604624 -32.071602 2.5805759
-2.8216555 -32.071609 2.5807722
-2.78125 -32.071609 2.5787721
-2.7394724 -32.071609 2.5802474
-2.696044 -32.071613 2.5798512
-2.6602707 -32.071629 2.5806324
-2.6244421 -32.071636 2.5799482
-2.5801351 -32.07164 2.5803831
-2.5423923 -32.071632 2.5791998
-2.5014036 -32.07164 2.5813723
-2.459676 -32.071648 2.5781062
-2.4227095 -32.071648 2.5810335
-2.3838024 -32.071648 2.5793703
-2.3453243 -32.071651 2.5801647
-2.3056507 -32.071651 2.5809703
-2.2629631 -32.071655 2.5792398
-2.2206779 -32.071655 2.5800571
-2.1827083 -32.071659 2.5814357
-2.1454561 -32.071659 2.5792444
-2.0973568 -32.071663 2.5799379
-2.0568247 -32.071663 2.5827594
-2.0235157 -32.071667 2.5772042
-1.9807249 -32.071674 2.5800662
-1.9367346 -32.071678 2.5830088
-1.900542 -32.071682 2.5772192
-1.863457 -32.071682 2.5795987
-1.8254459 -32.071686 2.5820374
-1.7864684 -32.071686 2.5802774
-1.7464911 -32.071686 2.5784724
-1.7054819 -32.071686 2.5809913
-1.6633947 -32.07169 2.5791481
-1.6201862 -32.07169 2.5817432
-1.5758116 -32.07169 2.5798602
-1.5417755 -32.071697 2.5772634
-1.5069573 -32.071697 2.5792594
-1.4594512 -32.071701 2.5819829
-1.422985 -32.071701 2.5793171
-1.3870463 -32.071705 2.5791838
-1.3346697 -32.071712 2.5793822
-1.2955031 -32.071709 2.5815208
-1.2553697 -32.071712 2.5837121
-1.2144363 -32.071716 2.5758641
-1.1865996 -32.071716 2.5773082
-1.1439939 -32.071716 2.5795181
-1.100513 -32.07172 2.5817738
-1.0580465 -32.07172 2.5817144
-1.0103492 -32.071724 2.5811303
-0.97933781 -32.071728 2.5773342
-0.94782901 -32.071728 2.5788827
-2.6229196 -34.954254 2.6204226
-2.5812213 -34.954281 2.61958
-2.5360568 -34.954292 2.6204059
-2.4966841 -34.95433 2.6195843
-2.4604559 -34.954346 2.620924
-2.4230595 -34.954357 2.6200838
-2.3786716 -34.954395 2.6199872
-2.33901 -34.954411 2.6211481
-2.3030071 -34.95443 2.6196272
-2.2621398 -34.954464 2.6203213
-2.2167749 -34.954479 2.6201692
-2.1796246 -34.954498 2.6200449
-2.1389964 -34.954525 2.6209326
-2.0987697 -34.95454 2.6194537
-2.0556633 -34.954571 2.6203589
-2.0187964 -34.95459 2.621285
-1.9822634 -34.954605 2.6185298
-1.9363701 -34.954636 2.6222265
-1.8970404 -34.954659 2.6172204
-1.8565767 -34.954678 2.6203687
-1.816015 -34.954704 2.6216538
-1.7810247 -34.95472 2.6177573
-1.7462075 -34.954742 2.6203713
-1.7029212 -34.954762 2.6209347
-1.6556551 -34.954788 2.6183376
-1.6179569 -34.954811 2.6210649
-1.5793694 -34.95483 2.6193364
-1.5398618 -34.954857 2.6221409
-1.4993999 -34.954884 2.6203833
-1.4579487 -34.954903 2.6185832
-1.4154716 -34.954926 2.6214824
-1.3707057 -34.954948 2.6218607
-1.3385868 -34.954967 2.6170321
-1.3045335 -34.954987 2.6192634
-1.2581493 -34.955009 2.6223028
-1.2226055 -34.955032 2.6246316
-1.1862792 -34.955051 2.6168981
-1.1367644 -34.955078 2.6200073
-1.0987945 -34.955101 2.6223915
-1.061826 -34.95512 2.6224639
-1.0204132 -34.955143 2.6167467
-0.97994709 -34.955166 2.6191771
-0.93872309 -34.955189 2.6216533
-2.9387889 -32.071606 2.6198111
-2.8983045 -32.071606 2.6196558
-2.8606074 -32.071598 2.6204097
-2.8216555 -32.071609 2.6206398
-2.78125 -32.071609 2.6194119
-2.7389061 -32.071613 2.6199014
-2.6954882 -32.071617 2.6198239
-2.6607828 -32.071632 2.6195383
-2.6232178 -32.071636 2.6204135
-2.5814514 -32.07164 2.6201577
-2.5417988 -32.071632 2.6200409
-2.5014036 -32.07164 2.6207907
-2.459676 -32.071648 2.6182089
-2.4227095 -32.071648 2.6217408
-2.3846099 -32.071648 2.6184931
-2.346107 -32.071651 2.6210325
-2.3039887 -32.071651 2.6199074
-2.2638469 -32.071655 2.6202219
-2.2189054 -32.071655 2.6202655
-2.1827083 -32.071659 2.6186347
-2.1435761 -32.071659 2.6205773
-2.0983548 -32.071659 2.6196494
-2.0568247 -32.071663 2.6216769
-2.0242815 -32.071667 2.6186559
-1.980725 -32.071678 2.6200225
-1.9377278 -32.071674 2.6216774
-1.900542 -32.071682 2.6182702
-1.8634571 -32.071682 2.6211555
-1.8254459 -32.071686 2.6199057
-1.7864687 -32.071686 2.6186247
-1.7464921 -32.071686 2.6216257
-1.7054827 -32.071686 2.6203334
-1.6633956 -32.07169 2.6190071
-1.6214035 -32.07169 2.620044
-1.5758127 -32.071693 2.6207952
-1.5417769 -32.071697 2.6186166
-1.5082597 -32.071701 2.6188796
-1.4594524 -32.071701 2.6196406
-1.422986 -32.071705 2.6221294
-1.3856516 -32.071705 2.6198525
-1.3346707 -32.071712 2.6184025
-1.2955043 -32.071709 2.6209686
-1.2553707 -32.071712 2.6235981
-1.2144375 -32.071716 2.6161971
-1.1866007 -32.071716 2.6179452
-1.143995 -32.071716 2.6206203
-1.1005143 -32.07172 2.6233506
-1.0537544 -32.07172 2.6180096
-1.0103501 -32.071724 2.618372
-0.97933912 -32.071728 2.6202345
-0.94783032 -32.071728 2.6221271
-2.6223745 -34.954258 2.6598637
-2.5800509 -34.954277 2.6599138
-2.5368156 -34.954296 2.6606271
-2.4972949 -34.95433 2.6596417
-2.4604559 -34.954346 2.6607349
-2.4230595 -34.954353 2.6605072
-2.3781879 -34.954395 2.6594105
-2.3397334 -34.954411 2.6606874
-2.3037534 -34.95443 2.6597357
-2.2604525 -34.95446 2.6597226
-2.2183208 -34.954475 2.6604574
-2.1780336 -34.954502 2.6606174
-2.1398375 -34.954525 2.6598139
-2.0970824 -34.954544 2.6612363
-2.0556633 -34.954571 2.65906
-2.0194635 -34.95459 2.6625686
-1.9822634 -34.954605 2.6582332
-1.937482 -34.954639 2.661293
-1.8970406 -34.954659 2.658087
-1.8565768 -34.954678 2.6617877
-1.8141444 -34.954704 2.6591299
-1.7810252 -34.95472 2.6602077
-1.7471857 -34.954742 2.6612973
-1.7002404 -34.954765 2.6599019
-1.6566905 -34.954788 2.6604416
-1.6179571 -34.954811 2.6612735
-1.5793698 -34.954834 2.6600189
-1.5398618 -34.954857 2.6587346
-1.4993999 -34.954876 2.6620486
-1.4591142 -34.954903 2.6585746
-1.4154718 -34.954926 2.6594348
-1.3719304 -34.954948 2.6628821
-1.338587 -34.954967 2.6558237
-1.3045335 -34.954987 2.6584268
-1.2581494 -34.955009 2.661973
-1.2226055 -34.955032 2.66469
-1.1862792 -34.955051 2.6573527
-1.1367644 -34.955078 2.6610029
-1.0987945 -34.955101 2.6638019
-1.058094 -34.95512 2.6585717
-1.0204132 -34.955143 2.659013
-0.97994709 -34.955166 2.6618853
-0.93872309 -34.955189 2.6594169
-2.9375298 -32.071606 2.6601322
-2.8978546 -32.071606 2.6597054
-2.860167 -32.071598 2.660223
-2.822176 -32.071609 2.6599319
-2.78125 -32.071609 2.6600525
-2.7386298 -32.071613 2.6601753
-2.6949427 -32.071621 2.6598284
-2.6597311 -32.071629 2.6593316
-2.6246665 -32.071636 2.6602132
-2.5810168 -32.07164 2.6598344
-2.5411992 -32.071632 2.6609118
-2.5014033 -32.07164 2.6602094
-2.4596758 -32.071648 2.6583104
-2.4234459 -32.071648 2.6613629
-2.3846092 -32.071648 2.6598239
-2.3444908 -32.071651 2.6593878
-2.305603 -32.071651 2.6602972
-2.262131 -32.071655 2.6598098
-2.2206779 -32.071655 2.6607547
-2.182708 -32.071659 2.6595535
-2.1445444 -32.071659 2.6596367
-2.0973604 -32.071659 2.6604884
-2.0568247 -32.071663 2.6605945
-2.0235157 -32.071667 2.659874
-1.980725 -32.071674 2.6599786
-1.9367344 -32.071678 2.6600544
-1.900542 -32.071682 2.6593208
-1.8644998 -32.071682 2.6607645
-1.8254461 -32.071686 2.657774
-1.7864692 -32.071686 2.661232
-1.7464931 -32.071686 2.660464
-1.7054837 -32.071686 2.6596754
-1.6633966 -32.07169 2.6588659
-1.6189723 -32.07169 2.6601243
-1.577063 -32.071693 2.6595981
-1.5417778 -32.071697 2.6599696
-1.5056579 -32.071701 2.6603403
-1.4607915 -32.071701 2.6597979
-1.4229872 -32.071705 2.6601851
-1.384257 -32.071705 2.6605709
-1.3346717 -32.071712 2.6574223
-1.2955053 -32.071712 2.6604164
-1.2553718 -32.071712 2.6634843
-1.2144387 -32.071716 2.6565301
-1.1866019 -32.071716 2.658582
-1.1439962 -32.07172 2.6617224
-1.1005154 -32.07172 2.6597307
-1.0559022 -32.07172 2.6577003
-1.0103515 -32.071728 2.6609337
-0.97934031 -32.071728 2.6631351
-0.94783145 -32.071732 2.6599662
-2.6223691 -34.954254 2.7001185
-2.5803514 -34.954285 2.6996593
-2.537406 -34.954296 2.7000022
-2.4966843 -34.95433 2.6996431
-2.4604554 -34.954346 2.7005455
-2.4230595 -34.954357 2.7009306
-2.3789184 -34.954395 2.6997366
-2.3383293 -34.954411 2.6988857
-2.3044553 -34.954433 2.7009833
-2.2621398 -34.954464 2.6992636
-2.2167752 -34.954479 2.7004735
-2.1796703 -34.954502 2.7002347
-2.1389992 -34.954525 2.6998043
-2.0979519 -34.95454 2.7007103
-2.0565562 -34.954571 2.6991067
-2.0194635 -34.95459 2.7017639
-1.9822636 -34.954609 2.6979365
-1.9363707 -34.954636 2.7001827
-1.8970406 -34.954659 2.6989534
-1.8577497 -34.954681 2.701894
-1.81508 -34.954704 2.6991713
-1.7819816 -34.95472 2.7006679
-1.7452297 -34.954742 2.6996374
-1.7028272 -34.954762 2.7007091
-1.6546203 -34.954788 2.6998858
-1.6190164 -34.954811 2.699388
-1.5793699 -34.954834 2.7007017
-1.5398618 -34.954857 2.6999028
-1.4993999 -34.954876 2.699084
-1.4567832 -34.954903 2.700429
-1.4154717 -34.954922 2.6973867
-1.3719304 -34.954948 2.7013094
-1.338587 -34.954967 2.6994646
-1.3045336 -34.954987 2.6975906
-1.2581494 -34.955009 2.701643
-1.2226055 -34.955032 2.7047482
-1.1862793 -34.955051 2.697808
-1.1367646 -34.955078 2.7019987
-1.0987946 -34.955101 2.700036
-1.05996 -34.955124 2.6980405
-1.0204132 -34.955143 2.7012794
-0.98189193 -34.955162 2.7021384
-0.93872309 -34.955189 2.6971803
-2.9388039 -32.071606 2.6999073
-2.898077 -32.071606 2.69976
-2.8606074 -32.071598 2.7000625
-2.8216553 -32.071609 2.6992269
-2.78176 -32.071609 2.6999669
-2.7400546 -32.071609 2.6998203
-2.6962543 -32.071613 2.6998634
-2.6607828 -32.071632 2.6992881
-2.6236444 -32.071636 2.6999347
-2.5805776 -32.07164 2.6995323
-2.5417964 -32.071632 2.7007937
-2.5014036 -32.07164 2.6996279
-2.4596758 -32.071648 2.6984119
-2.4227066 -32.071648 2.6997514
-2.3853695 -32.071648 2.7000422
-2.3453233 -32.071651 2.6990938
-2.3039353 -32.071651 2.6992848
-2.2638469 -32.071655 2.6996226
-2.219768 -32.071655 2.6998291
-2.182708 -32.071659 2.7004726
-2.1454561 -32.071659 2.6999087
-2.0963552 -32.071659 2.7013693
-2.0568247 -32.071663 2.6995118
-2.0227497 -32.071667 2.7011254
-1.980725 -32.071674 2.6999352
-1.9367344 -32.071678 2.7006111
-1.900542 -32.071682 2.7003717
-1.863457 -32.071682 2.7001011
-1.8254455 -32.071686 2.6998496
-1.7875661 -32.071686 2.7018285
-1.7464941 -32.071686 2.699302
-1.7066387 -32.07169 2.7013249
-1.6633976 -32.07169 2.6987252
-1.6214057 -32.07169 2.7007937
-1.5745654 -32.071697 2.7002494
-1.5417792 -32.071697 2.7013226
-1.5069604 -32.071701 2.6999598
-1.4581165 -32.071701 2.7018697
-1.4229882 -32.071705 2.6982408
-1.385654 -32.071709 2.7016041
-1.3361095 -32.071712 2.6990168
-1.2955065 -32.071712 2.6998641
-1.2553732 -32.071712 2.7033701
-1.2144399 -32.071716 2.6968632
-1.1866032 -32.071716 2.6992192
-1.1439974 -32.07172 2.7028248
-1.1005164 -32.07172 2.6961105
-1.0559034 -32.07172 2.6997647
-1.0103528 -32.071728 2.7034953
-0.97934145 -32.071728 2.7006729
-0.9478327 -32.071732 2.6978049
-2.622375 -34.954258 2.7403734
-2.580657 -34.954281 2.7400215
-2.5370147 -34.954296 2.7401476
-2.4968903 -34.95433 2.7396781
-2.4604557 -34.954346 2.7403567
-2.4237685 -34.954357 2.7405136
-2.3796535 -34.954395 2.7400284
-2.3390102 -34.954411 2.7395821
-2.3030074 -34.954433 2.7397318
-2.2613294 -34.954456 2.7396162
-2.2183652 -34.954475 2.739502
-2.1780841 -34.954502 2.7408543
-2.1381531 -34.954525 2.7398303
-2.0988183 -34.95454 2.7401466
-2.0556664 -34.954567 2.74032
-2.0194638 -34.95459 2.7409592
-1.9832031 -34.954605 2.7390068
-1.9363706 -34.954639 2.7405124
-1.8970406 -34.954659 2.7398202
-1.8565727 -34.954681 2.7404683
-1.81508 -34.954704 2.7411566
-1.7800688 -34.95472 2.7386079
-1.7462078 -34.954739 2.7405629
-1.7001359 -34.954765 2.7397432
-1.6566904 -34.954788 2.7399073
-1.6168978 -34.954811 2.7393169
-1.5804545 -34.954834 2.7392526
-1.5398619 -34.954857 2.7410707
-1.5005374 -34.954876 2.7385662
-1.4579487 -34.954903 2.7404203
-1.4166663 -34.954926 2.7378457
-1.3719304 -34.954948 2.739737
-1.338587 -34.954967 2.7431054
-1.3045336 -34.954987 2.7367544
-1.2581494 -34.955009 2.741313
-1.2226055 -34.955032 2.7448065
-1.1862793 -34.955051 2.7382631
-1.1367646 -34.955078 2.7429945
-1.0987947 -34.955101 2.73627
-1.0599601 -34.95512 2.7398746
-1.0204132 -34.955143 2.7435455
-0.97800225 -34.955166 2.7390802
-0.93872309 -34.955189 2.7403388
-2.9379578 -32.071606 2.7397199
-2.8983088 -32.071606 2.7398012
-2.8610451 -32.071598 2.739876
-2.8221431 -32.071609 2.739671
-2.78125 -32.071609 2.7398715
-2.7391851 -32.071613 2.7394984
-2.6953058 -32.071613 2.7398665
-2.6602688 -32.071632 2.7401593
-2.6238492 -32.071636 2.7396889
-2.580791 -32.07164 2.7400362
-2.5417967 -32.071632 2.7395506
-2.5021048 -32.07164 2.739856
-2.4596758 -32.07164 2.7385144
-2.4227095 -32.071648 2.7393286
-2.3846097 -32.071648 2.7401795
-2.346107 -32.071651 2.7399256
-2.3047941 -32.071651 2.7396054
-2.2621307 -32.071655 2.7392623
-2.2188485 -32.071655 2.7389421
-2.1833918 -32.071659 2.7396061
-2.1435761 -32.071659 2.7413235
-2.097357 -32.071659 2.7410669
-2.0568247 -32.071663 2.7384293
-2.0235157 -32.071667 2.7425666
-1.9807249 -32.071674 2.7398911
-1.9357412 -32.071678 2.7390392
-1.900542 -32.071682 2.7414222
-1.8624142 -32.071682 2.7394772
-1.8254455 -32.071686 2.7419257
-1.7853732 -32.071686 2.7399383
-1.7476194 -32.071686 2.7404039
-1.7043319 -32.07169 2.7404234
-1.6645832 -32.07169 2.740907
-1.6189744 -32.07169 2.7409339
-1.5758157 -32.071697 2.7390521
-1.5417801 -32.071697 2.7426758
-1.5082629 -32.071701 2.7395334
-1.4594558 -32.071701 2.7420268
-1.4229891 -32.071705 2.7362962
-1.3856549 -32.071709 2.7400677
-1.3346741 -32.071712 2.7403224
-1.2955079 -32.071712 2.7393117
-1.2553744 -32.071716 2.7432561
-1.2144413 -32.071716 2.737196
-1.1866045 -32.071716 2.7398562
-1.1460479 -32.07172 2.7415211
-1.1005177 -32.071724 2.7376876
-1.0559049 -32.07172 2.7418292
-1.0103542 -32.071728 2.7407367
-0.97934258 -32.071728 2.7382107
-0.94783407 -32.071732 2.7410493
-2.6223693 -34.95425 2.7806284
-2.5800509 -34.954277 2.7797782
-2.5366201 -34.954296 2.780313
-2.4966848 -34.95433 2.7797081
-2.4604559 -34.954342 2.7801676
-2.4230595 -34.954357 2.7800817
-2.3791611 -34.954395 2.7794433
-2.3396931 -34.954411 2.7802463
-2.3037536 -34.954426 2.7798057
-2.2605343 -34.954464 2.7800066
-2.2168245 -34.954479 2.7795632
-2.1788533 -34.954506 2.7803915
-2.1398382 -34.954525 2.7799814
-2.0979548 -34.954544 2.7807586
-2.0556633 -34.954571 2.7803111
-2.0194638 -34.95459 2.7801547
-1.9822634 -34.954609 2.7799761
-1.9363706 -34.954636 2.7808423
-1.8970406 -34.954659 2.7806866
-1.8554084 -34.954681 2.779089
-1.8160157 -34.954704 2.7811499
-1.7810252 -34.95472 2.7790682
-1.7471861 -34.954739 2.7814512
-1.7028272 -34.954765 2.7790411
-1.6546203 -34.954792 2.779402
-1.6190165 -34.954815 2.7797792
-1.5782855 -34.954834 2.7796783
-1.5409724 -34.954857 2.7800679
-1.4982624 -34.95488 2.7799683
-1.4579488 -34.954903 2.7779088
-1.4142774 -34.954926 2.7802725
-1.3719306 -34.954948 2.7781646
-1.338587 -34.954967 2.7818971
-1.3058056 -34.954987 2.7784898
-1.2581494 -34.955009 2.7809834
-1.2226057 -34.955032 2.7848649
-1.1862794 -34.955051 2.778718
-1.1385566 -34.955078 2.7815957
-1.0987947 -34.955101 2.7776804
-1.0599602 -34.95512 2.7817092
-1.0204132 -34.955143 2.7805288
-0.97994721 -34.955166 2.7793331
-0.93872309 -34.955189 2.7834973
-2.9383721 -32.071606 2.7800269
-2.8980823 -32.071606 2.7793138
-2.860755 -32.071598 2.7803912
-2.8216555 -32.071609 2.7800922
-2.7814178 -32.071609 2.7797794
-2.739187 -32.071613 2.7803502
-2.6954944 -32.071621 2.779881
-2.6602719 -32.071629 2.7800438
-2.6238568 -32.071636 2.7802196
-2.5810165 -32.07164 2.7805293
-2.5423923 -32.071632 2.779392
-2.5014033 -32.07164 2.7800944
-2.4603136 -32.071644 2.7797387
-2.4227095 -32.071648 2.780036
-2.3846068 -32.071648 2.7803628
-2.3453202 -32.071651 2.7795339
-2.3056505 -32.071651 2.7798865
-2.2637975 -32.071655 2.7802262
-2.2206273 -32.071655 2.7793546
-2.1820242 -32.071659 2.7803755
-2.1445444 -32.071659 2.7803404
-2.0973566 -32.071663 2.7794313
-2.0575731 -32.071663 2.7793601
-2.0235157 -32.071667 2.7819388
-1.980725 -32.071678 2.7798471
-1.9367344 -32.071678 2.7776809
-1.9015596 -32.071682 2.7805085
-1.8634571 -32.071682 2.7790718
-1.8265147 -32.071686 2.7819872
-1.7864707 -32.071686 2.7805343
-1.7453716 -32.071686 2.7790296
-1.7066407 -32.07169 2.7799797
-1.6622152 -32.07169 2.780549
-1.6201916 -32.07169 2.7792044
-1.5758169 -32.071693 2.7799869
-1.5417812 -32.071697 2.7794342
-1.5056614 -32.071701 2.7810867
-1.459457 -32.071701 2.7796843
-1.4229902 -32.071705 2.7791085
-1.3856562 -32.071709 2.7785306
-1.3346753 -32.071712 2.7793419
-1.2955089 -32.071712 2.7787595
-1.2553755 -32.071716 2.7831421
-1.2144423 -32.071716 2.777529
-1.1866056 -32.071716 2.7804928
-1.1439998 -32.07172 2.7798717
-1.1005189 -32.071724 2.7792647
-1.0580524 -32.07172 2.7814081
-1.0103551 -32.071728 2.7779782
-0.97934401 -32.071728 2.7811108
-0.94783551 -32.071732 2.778888
-2.6225572 -34.954254 2.8201034
-2.5806406 -34.954281 2.8201201
-2.5368159 -34.954296 2.8196771
-2.4964824 -34.95433 2.8197491
-2.4604559 -34.954346 2.8199785
-2.4232931 -34.954357 2.8196557
-2.3789186 -34.954395 2.8197317
-2.3390083 -34.954411 2.8196881
-2.3044553 -34.954433 2.8210213
-2.2624536 -34.954464 2.8203592
-2.2183652 -34.954475 2.8197584
-2.1796246 -34.954502 2.8198946
-2.1389999 -34.954525 2.8200083
-2.0979519 -34.95454 2.8201528
-2.0547676 -34.954567 2.8202848
-2.0194638 -34.95459 2.8193502
-1.9822636 -34.954605 2.8196793
-1.9363706 -34.954639 2.8211718
-1.8970406 -34.954659 2.821553
-1.8565769 -34.954678 2.8191798
-1.8141446 -34.954704 2.8187227
-1.7810252 -34.95472 2.8215187
-1.74523 -34.954742 2.8198659
-1.7015265 -34.954765 2.8196177
-1.6566904 -34.954788 2.8193729
-1.6168978 -34.954815 2.8197603
-1.5804543 -34.954834 2.820591
-1.5387514 -34.954853 2.8210034
-1.4993999 -34.954876 2.8194499
-1.4591144 -34.954903 2.8178456
-1.4154719 -34.954926 2.8207312
-1.3731551 -34.954948 2.8191023
-1.338587 -34.954967 2.820689
-1.3045337 -34.954987 2.8199615
-1.2581494 -34.955009 2.8206534
-1.2226057 -34.955032 2.824923
-1.1862794 -34.955051 2.8191733
-1.1367646 -34.955078 2.8198442
-1.0987947 -34.955101 2.8190908
-1.0618263 -34.95512 2.8210809
-1.0204132 -34.955143 2.8175118
-0.97994721 -34.955166 2.8220413
-0.93872309 -34.955189 2.8212607
-2.9381692 -32.071606 2.8198304
-2.8983006 -32.071606 2.8193765
-2.8606069 -32.071598 2.8202157
-2.8216553 -32.071609 2.8199604
-2.7812495 -32.071609 2.8196967
-2.7394767 -32.071609 2.8206215
-2.6956725 -32.071621 2.8198843
-2.6602688 -32.071632 2.8199277
-2.6238494 -32.071636 2.82075
-2.5805781 -32.07164 2.8202503
-2.5417984 -32.071632 2.8202837
-2.5016403 -32.07164 2.8203225
-2.4596758 -32.071644 2.820935
-2.4227095 -32.071648 2.8207436
-2.383852 -32.071648 2.8193996
-2.3445418 -32.071651 2.8191788
-2.3039885 -32.071651 2.8189504
-2.2620759 -32.071655 2.8199184
-2.2188487 -32.071655 2.8196948
-2.182708 -32.071659 2.819509
-2.145509 -32.071659 2.8193157
-2.0983546 -32.071659 2.8190715
-2.0568247 -32.071663 2.8201442
-2.0235155 -32.071667 2.821311
-1.980725 -32.071678 2.8198035
-1.9367344 -32.071678 2.8182375
-1.900542 -32.071682 2.8194063
-1.8634571 -32.071682 2.8206289
-1.8243766 -32.071686 2.8196764
-1.7875674 -32.071686 2.8210881
-1.7464972 -32.071686 2.8201318
-1.7043341 -32.07169 2.8191354
-1.664585 -32.07169 2.820596
-1.6201923 -32.07169 2.8195944
-1.5758181 -32.071697 2.8209217
-1.5417821 -32.071697 2.8207872
-1.5069637 -32.071701 2.8206601
-1.4607959 -32.071701 2.8197794
-1.4229918 -32.071705 2.8219211
-1.387053 -32.071705 2.8194838
-1.3332399 -32.071712 2.820714
-1.2955099 -32.071712 2.8182073
-1.2553766 -32.071716 2.8230281
-1.2144434 -32.071716 2.817862
-1.1866066 -32.071716 2.8211298
-1.1440009 -32.07172 2.8209741
-1.1005201 -32.071724 2.8208418
-1.0559071 -32.071724 2.8206785
-1.0103565 -32.071728 2.82054
-0.97934508 -32.071728 2.8186486
-0.94783652 -32.071732 2.8167272
-2.6222012 -34.954254 2.8603699
-2.5803595 -34.954273 2.8605037
-2.5368128 -34.954292 2.8598437
-2.4966848 -34.95433 2.8597806
-2.4604559 -34.954346 2.8597891
-2.4230597 -34.954357 2.8592408
-2.3786721 -34.954395 2.8600318
-2.3383296 -34.954411 2.8591619
-2.303751 -34.95443 2.8610184
-2.2610645 -34.95446 2.8607652
-2.2168245 -34.954479 2.8598669
-2.1780338 -34.954502 2.860584
-2.1381533 -34.954525 2.8600712
-2.0970826 -34.954544 2.8595426
-2.0556636 -34.954571 2.8603065
-2.0194638 -34.95459 2.8585458
-1.9822636 -34.954609 2.8593829
-1.9363669 -34.954639 2.860157
-1.8979272 -34.954659 2.8604569
-1.8565769 -34.954678 2.8605986
-1.8150803 -34.954704 2.8587155
-1.7819816 -34.95472 2.8619292
-1.746208 -34.954742 2.8607543
-1.7002404 -34.954765 2.8602452
-1.6546203 -34.954788 2.8589187
-1.6190164 -34.954815 2.8601704
-1.5782856 -34.95483 2.8610706
-1.5398619 -34.954857 2.8600004
-1.5005375 -34.954876 2.8588915
-1.4567835 -34.954903 2.859808
-1.4154719 -34.954926 2.8586836
-1.3719306 -34.954948 2.8598084
-1.338587 -34.954967 2.8594806
-1.3045337 -34.954987 2.8591254
-1.2581495 -34.955009 2.8603237
-1.2226057 -34.955032 2.8599741
-1.1862794 -34.955051 2.859628
-1.1367646 -34.955078 2.8608401
-1.0987947 -34.955101 2.8605013
-1.0599604 -34.95512 2.8601313
-1.0204134 -34.955143 2.8597782
-0.98189205 -34.955162 2.8622148
-0.93872327 -34.955189 2.8590245
-2.976886 -32.071606 2.8598211
-2.9385812 -32.071606 2.859632
-2.8978584 -32.071606 2.8599598
-2.8604617 -32.071598 2.8600492
-2.821655 -32.071609 2.8598282
-2.7812495 -32.071609 2.8603375
-2.7388995 -32.071609 2.8596747
-2.6953058 -32.071621 2.8606734
-2.6602719 -32.071629 2.8598118
-2.6240664 -32.071636 2.8604858
-2.5814512 -32.07164 2.8599677
-2.5417967 -32.071632 2.8601165
-2.5014033 -32.07164 2.86057
-2.4596758 -32.07164 2.8610373
-2.4219747 -32.071648 2.8603337
-2.3846097 -32.071648 2.8595934
-2.3461065 -32.071651 2.8588185
-2.3056033 -32.071651 2.8592169
-2.2637975 -32.071655 2.8596289
-2.2206271 -32.071655 2.8600538
-2.1833918 -32.071659 2.858613
-2.1445482 -32.071659 2.8595388
-2.0973604 -32.071659 2.8599813
-2.0560763 -32.071663 2.8609617
-2.0235155 -32.071667 2.860683
-1.9807249 -32.071674 2.8597598
-1.9367344 -32.071678 2.8587942
-1.900542 -32.071682 2.8604569
-1.8644998 -32.071682 2.8601694
-1.8254455 -32.071686 2.8597379
-1.7853751 -32.071686 2.8592818
-1.7476226 -32.071686 2.8611903
-1.7054888 -32.07169 2.8607562
-1.6622175 -32.07169 2.8602955
-1.6201936 -32.071693 2.8599842
-1.5770681 -32.071697 2.8596492
-1.5417832 -32.071701 2.8621402
-1.5082661 -32.071701 2.8601875
-1.4594588 -32.071701 2.8596897
-1.4229928 -32.071705 2.8599765
-1.3856585 -32.071712 2.8602479
-1.3346776 -32.071712 2.8622773
-1.2955111 -32.071712 2.8576548
-1.2553778 -32.071716 2.8629138
-1.2144446 -32.071716 2.8581948
-1.186608 -32.07172 2.8617666
-1.1419525 -32.07172 2.8594093
-1.1005208 -32.071724 2.8624189
-1.0537612 -32.071728 2.860014
-1.0103569 -32.071728 2.8631015
-0.97934514 -32.071728 2.8561864
-0.94783664 -32.071732 2.8599715
-2.6582565 -34.954231 2.9000397
-2.6225572 -34.954254 2.9006073
-2.5806522 -34.954285 2.9002526
-2.537015 -34.954296 2.9008005
-2.4966848 -34.95433 2.898998
-2.4604559 -34.954346 2.8996
-2.4230595 -34.954357 2.8996637
-2.3789191 -34.954395 2.9003136
-2.3390102 -34.954411 2.8998156
-2.3030534 -34.95443 2.9010489
-2.2616303 -34.954456 2.9002244
-2.2183654 -34.954479 2.9000154
-2.1796703 -34.954502 2.9000809
-2.1398382 -34.954521 2.9001482
-2.0988183 -34.954544 2.900218
-2.0565562 -34.954567 2.9002895
-2.0201309 -34.95459 2.8997538
-1.9822637 -34.954609 2.8990858
-1.9363707 -34.954639 2.8991423
-1.897041 -34.954659 2.8991888
-1.8577498 -34.954678 2.9006274
-1.8150803 -34.954704 2.9007008
-1.7800691 -34.95472 2.8999681
-1.7471861 -34.954742 2.9016047
-1.7028273 -34.954765 2.9008901
-1.6566905 -34.954788 2.8988383
-1.6168978 -34.954815 2.9002035
-1.5793699 -34.954834 2.8995945
-1.5409724 -34.954853 2.898958
-1.4982625 -34.95488 2.9003744
-1.4579489 -34.954903 2.8997455
-1.4166664 -34.954926 2.899087
-1.3707061 -34.954948 2.9005582
-1.338587 -34.954967 2.8982725
-1.3032618 -34.954987 2.9006555
-1.2581496 -34.955009 2.8999937
-1.2226057 -34.955032 2.8950253
-1.1862794 -34.955051 2.9000831
-1.1349727 -34.955078 2.8991621
-1.0987947 -34.955101 2.9019113
-1.0580941 -34.95512 2.8992374
-1.0204134 -34.955143 2.9020445
-0.97800243 -34.955166 2.8993154
-2.9764891 -32.071606 2.8998804
-2.9377429 -32.071606 2.8999431
-2.898082 -32.071606 2.9000225
-2.8606069 -32.071598 2.8998637
-2.8216553 -32.071609 2.8996961
-2.7810781 -32.071609 2.9002674
-2.7391839 -32.071613 2.8993535
-2.6954944 -32.071617 2.9006772
-2.6602685 -32.071632 2.8996959
-2.6242595 -32.071636 2.9002724
-2.5803733 -32.07164 2.900413
-2.5411987 -32.071632 2.8999717
-2.5014031 -32.07164 2.8999882
-2.4596758 -32.07164 2.901139
-2.4227092 -32.071648 2.8999085
-2.3853693 -32.071648 2.8997512
-2.3453231 -32.071651 2.8996291
-2.3047915 -32.071651 2.8994887
-2.2629602 -32.071655 2.9005477
-2.2188482 -32.071655 2.9004471
-2.1820245 -32.071659 2.8994422
-2.1435761 -32.071659 2.8998032
-2.0973568 -32.071659 2.8996241
-2.0568247 -32.071663 2.9018822
-2.0235152 -32.071667 2.9000552
-1.9807249 -32.071678 2.8997157
-1.9367344 -32.071678 2.8993509
-1.8995245 -32.071682 2.8994076
-1.863457 -32.071682 2.8995743
-1.8265146 -32.071686 2.8997586
-1.7864721 -32.071686 2.8998358
-1.7453744 -32.07169 2.8999021
-1.7054899 -32.07169 2.9000978
-1.6645873 -32.07169 2.9002845
-1.6214108 -32.071697 2.8981814
-1.5745708 -32.071697 2.9004505
-1.5417842 -32.071701 2.8988986
-1.5056646 -32.071701 2.9018326
-1.4581219 -32.071705 2.8996468
-1.4229939 -32.071705 2.8980322
-1.3842634 -32.071712 2.9010611
-1.3346784 -32.071712 2.9012971
-1.295512 -32.071712 2.8971024
-1.2553781 -32.071716 2.9028001
-1.2144451 -32.071716 2.8985279
-1.1866081 -32.07172 2.9024036
-1.1440021 -32.07172 2.8980606
-1.1005208 -32.071724 2.903996
-1.0559076 -32.071728 2.89957
-1.0103564 -32.071728 2.9003432
-0.97934532 -32.071728 2.899087
-0.94783664 -32.071732 2.9032159
-2.6597195 -34.947659 2.9402785
-2.6185961 -34.948296 2.9406922
-2.5788736 -34.950497 2.9380867
-2.5360911 -34.948021 2.9410191
-2.496423 -34.951248 2.9374664
-2.4620187 -34.949894 2.9389961
-2.4234316 -34.948372 2.9404895
-2.3790209 -34.950619 2.9387963
-2.3419886 -34.949173 2.9397993
-2.3018675 -34.947514 2.9420218
-2.2585297 -34.950226 2.9379654
-2.2172351 -34.950397 2.9387996
-2.1795316 -34.949787 2.9392138
-2.1408453 -34.949112 2.9396195
-2.100569 -34.950275 2.9394016
-2.0594244 -34.949669 2.9398532
-2.0239375 -34.947021 2.9412792
-1.9846153 -34.95042 2.9386692
-1.9399186 -34.949802 2.9391341
-1.9010448 -34.947201 2.9406698
-1.8587377 -34.950302 2.9391592
-1.8175902 -34.947758 2.941468
-1.7786855 -34.947392 2.9408119
-1.7380913 -34.94891 2.9410322
-1.6997175 -34.954765 2.9357431
-1.6625838 -34.947933 2.9398966
-1.6214482 -34.949627 2.9403465
-1.5783681 -34.949142 2.9396322
-1.5318259 -34.948105 2.940774
-1.4994001 -34.954876 2.9351864
-1.4609748 -34.949825 2.9395509
-1.41206 -34.948845 2.9408317
-1.371931 -34.954948 2.9366789
-1.3436266 -34.944527 2.9425037
-1.298279 -34.949482 2.9417186
-1.2581497 -34.955009 2.9347055
-1.222338 -34.946583 2.9415705
-1.1862797 -34.955051 2.9354813
-1.1444042 -34.947899 2.9396479
-1.0930574 -34.947063 2.9441826
-1.0599605 -34.95512 2.9333591
-1.0183293 -34.945415 2.9446237
-2.6975224 -34.900658 2.9502203
-2.6630108 -34.898659 2.9502206
-2.6140506 -34.900078 2.9502206
-2.57499 -34.898041 2.9502201
-2.5354187 -34.900734 2.9502203
-2.4946485 -34.900257 2.9502201
-2.4666147 -34.901028 2.9502203
-2.4232357 -34.900547 2.9502201
-2.3784571 -34.900028 2.9502203
-2.3476424 -34.897362 2.9502201
-2.2998333 -34.900311 2.9502201
-2.2504246 -34.899776 2.9502201
-2.216346 -34.900623 2.9502201
-2.1813767 -34.901489 2.9502201
-2.1455026 -34.898632 2.9502201
-2.108644 -34.899494 2.9502201
-2.0707819 -34.900383 2.9502201
-2.0318983 -34.897392 2.9502201
-1.9918804 -34.902233 2.9502201
-1.9507748 -34.899185 2.9502201
-1.9084619 -34.90012 2.9502201
-1.8649137 -34.901081 2.9502201
-1.8201002 -34.897877 2.9502201
-1.7739139 -34.898834 2.9502201
-1.726317 -34.899822 2.9502201
-1.6772444 -34.900837 2.9502201
-1.6266263 -34.901886 2.9502199
-1.5744145 -34.898441 2.9502201
-1.5204785 -34.899487 2.9502199
-1.4647591 -34.900566 2.9502199
-1.4071665 -34.90168 2.9502199
-1.3476342 -34.897995 2.9502199
-1.2859726 -34.904026 2.9502199
-1.2221878 -34.900253 2.9502199
-1.1561038 -34.896339 2.9502199
-1.0875342 -34.902676 2.9502196
-2.7319794 -34.859837 2.9502206
-2.6977692 -34.858738 2.9502203
-2.6614001 -34.859142 2.9502206
-2.6123631 -34.859692 2.9502199
-2.5752139 -34.860104 2.9502201
-2.5366855 -34.860535 2.9502199
-2.494899 -34.857731 2.9502201
-2.4668489 -34.861313 2.9502201
-2.4234736 -34.860126 2.9502201
-2.3786998 -34.858871 2.9502201
-2.3478675 -34.859169 2.9502201
-2.3015456 -34.859623 2.9502203
-2.2506583 -34.860123 2.9502201
-2.2165828 -34.860458 2.9502201
-2.1816165 -34.860806 2.9502201
-2.1457238 -34.861153 2.9502201
-2.1088901 -34.857716 2.9502201
-2.0710089 -34.861885 2.9502201
-2.0321286 -34.85836 2.9502201
-1.9921138 -34.862659 2.9502201
-1.9510113 -34.859047 2.9502201
-1.9086781 -34.863476 2.9502201
-1.8651574 -34.859772 2.9502201
-1.8203226 -34.860149 2.9502201
-1.7741398 -34.860542 2.9502201
-1.7265463 -34.860939 2.9502201
-1.6774771 -34.861355 2.9502201
-1.6268626 -34.861782 2.9502199
-1.5746549 -34.857697 2.9502199
-1.5206952 -34.862679 2.9502199
-1.4650072 -34.858471 2.9502199
-1.4073913 -34.863632 2.9502199
-1.3478622 -34.859299 2.9502199
-1.2862337 -34.859734 2.9502199
-2.7762921 -34.818886 2.9502206
-2.7313485 -34.82003 2.9502206
-2.697999 -34.819809 2.9502203
-2.6634767 -34.819584 2.9502206
-2.6145265 -34.81926 2.9502199
-2.5754561 -34.819004 2.9502201
-2.5358925 -34.820362 2.9502203
-2.4951305 -34.818478 2.9502201
-2.4670832 -34.821598 2.9502201
-2.4237123 -34.819698 2.9502201
-2.3789425 -34.817707 2.9502201
-2.348093 -34.82098 2.9502201
-2.2988303 -34.820724 2.9502203
-2.2508922 -34.820473 2.9502201
-2.2168195 -34.820293 2.9502201
-2.1818564 -34.820114 2.9502201
-2.1459668 -34.819927 2.9502201
-2.1091142 -34.819733 2.9502201
-2.0712583 -34.819534 2.9502201
-2.0323586 -34.819332 2.9502201
-1.9923471 -34.823082 2.9502201
-1.9512479 -34.818909 2.9502201
-1.908918 -34.822762 2.9502201
-1.8654009 -34.818462 2.9502201
-1.8205452 -34.822422 2.9502201
-1.7743906 -34.817989 2.9502201
-1.7267755 -34.82206 2.9502199
-1.6777099 -34.821873 2.9502201
-1.627099 -34.821678 2.9502199
-1.5748684 -34.821476 2.9502199
-1.5209396 -34.821266 2.9502199
-2.8594749 -34.780651 2.9502206
-2.8188322 -34.779575 2.9502206
-2.7765305 -34.778465 2.9502206
-2.7324481 -34.780235 2.9502206
-2.6982284 -34.780888 2.9502203
-2.6618667 -34.779999 2.9502206
-2.6137931 -34.780392 2.9502201
-2.5756986 -34.777905 2.9502201
-2.5351 -34.780132 2.9502199
-2.495362 -34.779221 2.9502201
-2.4673171 -34.781887 2.9502201
-2.4239507 -34.779274 2.9502201
-2.3791647 -34.779984 2.9502201
-2.3483386 -34.779316 2.9502201
-2.3005421 -34.780041 2.9502201
-2.2511258 -34.780823 2.9502201
-2.2170565 -34.780132 2.9502201
-2.1820962 -34.779427 2.9502201
-2.1462097 -34.778698 2.9502201
-2.1093378 -34.78175 2.9502201
-2.0715079 -34.777187 2.9502201
-2.0325885 -34.780304 2.9502201
-1.9925804 -34.783508 2.9502201
-1.9514847 -34.778778 2.9502201
-1.9091581 -34.782047 2.9502201
-1.8656445 -34.777153 2.9502201
-1.8207924 -34.780499 2.9502201
-1.7746162 -34.779694 2.9502201
-1.7270302 -34.778858 2.9502199
-1.6779426 -34.782387 2.9502199
-1.6273353 -34.78157 2.9502199
-2.8994415 -34.739536 2.9502208
-2.8590484 -34.740391 2.9502208
-2.8190658 -34.739964 2.9502206
-2.7759302 -34.739441 2.9502206
-2.7335482 -34.740482 2.9502206
-2.6984754 -34.73896 2.9502203
-2.6639431 -34.740501 2.9502203
-2.614032 -34.739967 2.9502199
-2.5759223 -34.739964 2.9502201
-2.5363665 -34.739948 2.9502201
-2.4955933 -34.739964 2.9502201
-2.4675515 -34.742172 2.9502201
-2.4241889 -34.73885 2.9502201
-2.3793876 -34.742252 2.9502201
-2.3485842 -34.737652 2.9502201
-2.302254 -34.739429 2.9502203
-2.2513595 -34.741173 2.9502201
-2.2172933 -34.739971 2.9502201
-2.1823363 -34.738735 2.9502201
-2.1464307 -34.741222 2.9502201
-2.1095843 -34.739971 2.9502201
-2.0717351 -34.738689 2.9502201
-2.0328186 -34.741276 2.9502201
-1.9928371 -34.739975 2.9502201
-1.9517214 -34.73864 2.9502201
-1.9093983 -34.741333 2.9502201
-1.8658636 -34.739975 2.9502201
-1.8210396 -34.738579 2.9502201
-1.774842 -34.741402 2.9502201
-1.7272594 -34.739979 2.9502199
-1.6782014 -34.738518 2.9502199
-1.6275721 -34.741467 2.9502199
-2.9366469 -34.699913 2.9502208
-2.8990357 -34.700054 2.9502206
-2.8606215 -34.698849 2.9502208
-2.8192995 -34.700344 2.9502206
-2.7769897 -34.700489 2.9502206
-2.7329178 -34.700661 2.9502203
-2.698705 -34.700035 2.9502203
-2.6632636 -34.699398 2.9502203
-2.61427 -34.699543 2.9502201
-2.5761459 -34.702023 2.9502201
-2.5376325 -34.699825 2.9502199
-2.4958246 -34.70071 2.9502201
-2.4677854 -34.702457 2.9502201
-2.4244273 -34.698425 2.9502201
-2.3796299 -34.701092 2.9502201
-2.3488095 -34.699463 2.9502201
-2.3010216 -34.698708 2.9502201
-2.2515936 -34.701519 2.9502201
-2.2175298 -34.69981 2.9502201
-2.1825542 -34.701744 2.9502201
-2.1466739 -34.699997 2.9502201
-2.1098306 -34.698193 2.9502201
-2.0719619 -34.700188 2.9502201
-2.0330491 -34.702244 2.9502201
-1.9930938 -34.696442 2.9502201
-1.9519579 -34.698502 2.9502201
-1.9096382 -34.700615 2.9502201
-1.8660829 -34.702797 2.9502201
-1.8212618 -34.700851 2.9502201
-1.7750931 -34.698845 2.9502201
-1.7274888 -34.701099 2.9502199
-1.678434 -34.699036 2.9502199
-1.6278083 -34.701363 2.9502199
-3.0249786 -34.660072 2.9502208
-2.981878 -34.659985 2.9502208
-2.9368827 -34.659874 2.9502206
-2.8986297 -34.660538 2.9502208
-2.8601949 -34.658581 2.9502206
-2.8195331 -34.660728 2.9502206
-2.7772279 -34.660065 2.9502206
-2.7331607 -34.659397 2.9502199
-2.6989343 -34.66111 2.9502203
-2.6634965 -34.659843 2.9502203
-2.6135366 -34.660591 2.9502199
-2.5763881 -34.660919 2.9502201
-2.5368404 -34.659576 2.9502201
-2.4960563 -34.661453 2.9502201
-2.4680195 -34.662743 2.9502201
-2.4246657 -34.658001 2.9502201
-2.3798726 -34.659939 2.9502201
-2.3490345 -34.66127 2.9502201
-2.3012512 -34.659798 2.9502201
-2.2518485 -34.658264 2.9502201
-2.2177668 -34.659645 2.9502201
-2.1827941 -34.66106 2.9502201
-2.1469169 -34.658772 2.9502201
-2.1100545 -34.66021 2.9502201
-2.0721889 -34.66169 2.9502201
-2.0332789 -34.663216 2.9502201
-1.9933271 -34.656864 2.9502201
-1.9521946 -34.658363 2.9502201
-1.9098781 -34.659904 2.9502201
-1.8663266 -34.661491 2.9502199
-1.8214843 -34.663124 2.9502201
-1.7753187 -34.660549 2.9502201
-1.7277435 -34.657898 2.9502199
-1.6786671 -34.65955 2.9502199
-1.6280448 -34.661255 2.9502199
-1.5758295 -34.658489 2.9502199
-3.0582664 -34.620598 2.9502208
-3.0257716 -34.620628 2.9502208
-2.9813108 -34.619934 2.9502211
-2.937119 -34.619831 2.9502208
-2.900147 -34.61985 2.9502208
-2.8604233 -34.619747 2.9502206
-2.8197665 -34.621113 2.9502206
-2.7782876 -34.62117 2.9502203
-2.7334039 -34.61813 2.9502199
-2.6991813 -34.61919 2.9502201
-2.6637301 -34.620285 2.9502201
-2.6156998 -34.620327 2.9502199
-2.5766304 -34.619823 2.9502201
-2.5370677 -34.620991 2.9502201
-2.4962876 -34.622196 2.9502201
-2.4682539 -34.623028 2.9502201
-2.4249041 -34.617573 2.9502201
-2.380115 -34.618778 2.9502201
-2.3492804 -34.619606 2.9502201
-2.3014805 -34.620888 2.9502201
-2.2520823 -34.618614 2.9502201
-2.2180035 -34.61948 2.9502201
-2.1830342 -34.620373 2.9502201
-2.1471379 -34.621284 2.9502201
-2.1102786 -34.622231 2.9502201
-2.072439 -34.619343 2.9502201
-2.0335321 -34.620281 2.9502201
-1.9935604 -34.61729 2.9502201
-1.9524311 -34.618225 2.9502199
-1.9101185 -34.61919 2.9502201
-1.8665701 -34.620182 2.9502199
-1.8217316 -34.621201 2.9502199
-1.7755445 -34.622253 2.9502201
-1.7279725 -34.619015 2.9502199
-1.6788998 -34.620068 2.9502199
-1.6282811 -34.621151 2.9502199
-1.5760431 -34.622269 2.9502199
-3.1436079 -34.579166 2.9502208
-3.0981598 -34.579891 2.9502208
-3.0585027 -34.580528 2.9502208
-3.023948 -34.580013 2.9502208
-2.9823446 -34.581722 2.9502211
-2.937355 -34.579792 2.9502206
-2.8997416 -34.580338 2.9502206
-2.8606524 -34.580906 2.9502203
-2.8199999 -34.581501 2.9502199
-2.7776878 -34.582115 2.9502201
-2.7336302 -34.579807 2.9502201
-2.6994112 -34.580261 2.9502201
-2.6639636 -34.58073 2.9502201
-2.6149666 -34.581379 2.9502201
-2.576854 -34.581879 2.9502201
-2.5372956 -34.582405 2.9502201
-2.4965384 -34.57967 2.9502201
-2.4685075 -34.580006 2.9502201
-2.425142 -34.577148 2.9502201
-2.3803575 -34.577618 2.9502201
-2.3495259 -34.577942 2.9502201
-2.3017309 -34.578442 2.9502201
-2.2523162 -34.57896 2.9502201
-2.2182403 -34.579319 2.9502201
-2.183274 -34.579685 2.9502201
-2.1473811 -34.580059 2.9502201
-2.1105247 -34.580448 2.9502201
-2.0726883 -34.576992 2.9502201
-2.0337853 -34.577347 2.9502201
-1.9937937 -34.577717 2.9502201
-1.9526678 -34.578087 2.9502199
-1.9103584 -34.578476 2.9502199
-1.8668137 -34.578869 2.9502199
-1.8219786 -34.579281 2.9502199
-1.7757956 -34.579704 2.9502199
-1.7282016 -34.580135 2.9502199
-1.6791325 -34.580582 2.9502199
-1.6285177 -34.581047 2.9502199
-1.5762832 -34.58152 2.9502199
-3.2146771 -34.539089 2.9502203
-3.1804526 -34.539944 2.9502208
-3.1438334 -34.540966 2.9502208
-3.0983908 -34.540699 2.9502208
-3.0587392 -34.540455 2.9502208
-3.0171707 -34.540211 2.9502208
-2.9738073 -34.539959 2.9502203
-2.9375916 -34.539745 2.9502208
-2.899982 -34.53952 2.9502208
-2.8615544 -34.5406 2.9502203
-2.8202338 -34.541882 2.9502203
-2.777926 -34.541691 2.9502199
-2.733856 -34.541492 2.9502199
-2.6996405 -34.541336 2.9502201
-2.6641963 -34.541176 2.9502199
-2.615205 -34.540951 2.9502199
-2.5770965 -34.540779 2.9502201
-2.5375416 -34.540604 2.9502199
-2.4967892 -34.537144 2.9502201
-2.4557283 -34.535378 2.9502203
-2.4155545 -34.542282 2.9502201
-2.3805799 -34.539894 2.9502201
-2.349751 -34.539749 2.9502201
-2.3019605 -34.539536 2.9502201
-2.2525499 -34.53931 2.9502201
-2.2184772 -34.539158 2.9502201
-2.1835139 -34.539001 2.9502201
-2.1476243 -34.538837 2.9502201
-2.1107712 -34.53867 2.9502201
-2.0729156 -34.538494 2.9502201
-2.0340152 -34.538322 2.9502201
-1.9940271 -34.538139 2.9502201
-1.9529045 -34.537952 2.9502199
-1.9105984 -34.537758 2.9502199
-1.8670572 -34.537563 2.9502199
-1.8222256 -34.537361 2.9502199
-1.7760462 -34.537151 2.9502199
-1.728431 -34.541256 2.9502199
-1.6793653 -34.5411 2.9502199
-1.6287541 -34.540939 2.9502199
-3.2547243 -34.499111 2.9502203
-3.2154539 -34.499332 2.9502206
-3.1798534 -34.500309 2.9502208
-3.144073 -34.500366 2.9502203
-3.0992472 -34.500637 2.9502206
-3.0589755 -34.500389 2.9502208
-3.0174122 -34.499241 2.9502208
-2.9746399 -34.499283 2.9502208
-2.9378273 -34.499702 2.9502206
-2.9002228 -34.498711 2.9502201
-2.8604705 -34.499149 2.9502203
-2.8204672 -34.502266 2.9502199
-2.7781644 -34.501263 2.9502199
-2.7340991 -34.500225 2.9502199
-2.6998878 -34.499416 2.9502201
-2.6653609 -34.500011 2.9502199
-2.6154432 -34.50053 2.9502201
-2.5773387 -34.499676 2.9502201
-2.5377879 -34.498798 2.9502201
-2.4970205 -34.49789 2.9502201
-2.455946 -34.498497 2.9502203
-2.4108908 -34.50275 2.9502201
-2.3808026 -34.502163 2.9502201
-2.3499761 -34.50156 2.9502201
-2.3021898 -34.500622 2.9502201
-2.2527838 -34.49966 2.9502201
-2.218714 -34.498993 2.9502201
-2.1837323 -34.50201 2.9502201
-2.147845 -34.501354 2.9502201
-2.1109951 -34.500687 2.9502201
-2.0731423 -34.499996 2.9502201
-2.0342453 -34.49929 2.9502201
-1.9942604 -34.498562 2.9502201
-1.9531412 -34.497818 2.9502199
-1.9108384 -34.497047 2.9502199
-1.8672764 -34.500385 2.9502199
-1.8224483 -34.49963 2.9502199
-1.7762718 -34.498856 2.9502199
-1.7286602 -34.502377 2.9502199
-1.6795982 -34.501617 2.9502199
-1.6289904 -34.500835 2.9502199
-3.2995143 -34.460777 2.9502199
-3.2549613 -34.458847 2.9502203
-3.2146192 -34.460457 2.9502206
-3.1805112 -34.459328 2.9502211
-3.1443117 -34.459766 2.9502208
-3.0988708 -34.459854 2.9502206
-3.0592115 -34.460327 2.9502208
-3.0183887 -34.459084 2.9502208
-2.9736855 -34.46011 2.9502206
-2.9380634 -34.459663 2.9502208
-2.9004471 -34.460617 2.9502203
-2.8613722 -34.458836 2.9502203
-2.8214004 -34.461178 2.9502196
-2.7784023 -34.460842 2.9502199
-2.7343423 -34.458958 2.9502199
-2.7001171 -34.460487 2.9502201
-2.6637495 -34.460629 2.9502199
-2.6156814 -34.460102 2.9502199
-2.5775623 -34.461735 2.9502201
-2.5380156 -34.460209 2.9502201
-2.4972522 -34.458637 2.9502201
-2.4548666 -34.460346 2.9502201
-2.4111307 -34.462086 2.9502201
-2.3810453 -34.461006 2.9502201
-2.3502219 -34.459896 2.9502201
-2.3039026 -34.459846 2.9502203
-2.2530177 -34.460007 2.9502201
-2.2189507 -34.458832 2.9502201
-2.1839719 -34.461323 2.9502201
-2.1480882 -34.460133 2.9502201
-2.1112189 -34.462704 2.9502201
-2.0733695 -34.461498 2.9502201
-2.0344756 -34.460262 2.9502199
-1.9944937 -34.458988 2.9502201
-1.9533777 -34.45768 2.9502199
-1.9110788 -34.456337 2.9502199
-1.8674955 -34.463207 2.9502199
-1.8226707 -34.461903 2.9502199
-1.7764978 -34.46056 2.9502199
-1.7289149 -34.459175 2.9502199
-1.679857 -34.457748 2.9502199
-1.6292272 -34.460732 2.9502196
-3.3808916 -34.419975 2.9502199
-3.3415284 -34.419876 2.9502203
-3.2994251 -34.420525 2.9502199
-3.2556942 -34.419315 2.9502206
-3.2153797 -34.419937 2.9502203
-3.1807461 -34.419567 2.9502208
-3.1451159 -34.419956 2.9502206
-3.0991037 -34.419834 2.9502203
-3.0594478 -34.420258 2.9502208
-3.0178754 -34.419868 2.9502208
-2.9745178 -34.419437 2.9502201
-2.9382994 -34.419613 2.9502206
-2.9006877 -34.419807 2.9502208
-2.8616009 -34.420002 2.9502203
-2.8209507 -34.420219 2.9502199
-2.7786415 -34.420418 2.9502199
-2.7354426 -34.419113 2.9502199
-2.7003467 -34.421562 2.9502201
-2.6649144 -34.419464 2.9502199
-2.6159198 -34.419682 2.9502201
-2.5778048 -34.420635 2.9502201
-2.5382431 -34.421627 2.9502201
-2.4974835 -34.41938 2.9502201
-2.4551024 -34.420395 2.9502201
-2.4113703 -34.421417 2.9502201
-2.3812881 -34.419846 2.9502201
-2.3504672 -34.418232 2.9502201
-2.3011861 -34.421135 2.9502203
-2.2532513 -34.420357 2.9502201
-2.2191875 -34.418667 2.9502201
-2.1842117 -34.420635 2.9502201
-2.1483312 -34.418903 2.9502201
-2.1114652 -34.420925 2.9502201
-2.0735962 -34.422997 2.9502201
-2.0347056 -34.42123 2.9502199
-1.9947271 -34.419411 2.9502201
-1.9536145 -34.417542 2.9502199
-1.9112947 -34.419689 2.9502199
-1.8677391 -34.421898 2.9502199
-1.8229177 -34.419983 2.9502199
-1.7767487 -34.418007 2.9502199
-1.7291443 -34.420296 2.9502196
-1.6800895 -34.418262 2.9502199
-1.6294638 -34.420624 2.9502196
-3.4239211 -34.380058 2.9502196
-3.3808458 -34.3797 2.9502199
-3.3409469 -34.379623 2.9502203
-3.2993309 -34.38026 2.9502199
-3.2554274 -34.379818 2.9502203
-3.2161424 -34.379459 2.9502206
-3.1809797 -34.379807 2.9502211
-3.1441934 -34.379387 2.9502206
-3.098716 -34.379818 2.9502206
-3.0596838 -34.380192 2.9502208
-3.018116 -34.379742 2.9502208
-2.9753499 -34.378796 2.9502208
-2.9391429 -34.380871 2.9502208
-2.9009283 -34.37899 2.9502206
-2.86183 -34.381157 2.9502199
-2.8211844 -34.380604 2.9502206
-2.7788796 -34.379993 2.9502199
-2.7339377 -34.380898 2.9502199
-2.7005937 -34.379642 2.9502201
-2.6651471 -34.379913 2.9502201
-2.6171122 -34.380764 2.9502199
-2.578047 -34.379536 2.9502201
-2.5395098 -34.38139 2.9502199
-2.497715 -34.380127 2.9502201
-2.4553378 -34.380447 2.9502201
-2.4116099 -34.380753 2.9502201
-2.3815305 -34.378689 2.9502201
-2.3506923 -34.380043 2.9502201
-2.3028986 -34.38036 2.9502201
-2.253485 -34.380707 2.9502201
-2.2194242 -34.378502 2.9502201
-2.1844516 -34.379948 2.9502201
-2.1485519 -34.38142 2.9502201
-2.1117115 -34.379143 2.9502201
-2.0738459 -34.38065 2.9502201
-2.0349357 -34.382202 2.9502201
-1.9949604 -34.379841 2.9502201
-1.9538511 -34.377407 2.9502199
-1.9115108 -34.383049 2.9502199
-1.8679829 -34.380592 2.9502199
-1.8231649 -34.378063 2.9502199
-1.7769744 -34.379715 2.9502199
-1.7293737 -34.381416 2.9502199
-1.6803224 -34.37878 2.9502199
-1.6297002 -34.38052 2.9502199
-1.5774847 -34.377785 2.9502196
-3.5031109 -34.339867 2.9502196
-3.4650793 -34.340378 2.9502196
-3.4241576 -34.339916 2.9502196
-3.3812275 -34.339935 2.9502199
-3.3420112 -34.340054 2.9502203
-3.3002264 -34.339981 2.9502199
-3.2556646 -34.339546 2.9502203
-3.2158494 -34.339756 2.9502206
-3.1812148 -34.34005 2.9502208
-3.1456091 -34.339588 2.9502206
-3.0995758 -34.339787 2.9502208
-3.0599201 -34.340122 2.9502208
-3.0176165 -34.339603 2.9502206
-2.9743962 -34.33955 2.9502208
-2.9381485 -34.340889 2.9502208
-2.9018004 -34.339523 2.9502208
-2.8627315 -34.340923 2.9502208
-2.820735 -34.339588 2.9502196
-2.7791178 -34.339569 2.9502199
-2.7350376 -34.341053 2.9502199
-2.7008235 -34.340714 2.9502201
-2.6653805 -34.340355 2.9502199
-2.6154242 -34.340427 2.9502199
-2.5782707 -34.341595 2.9502201
-2.5376966 -34.339664 2.9502199
-2.4979463 -34.340866 2.9502201
-2.4555736 -34.340496 2.9502201
-2.4118497 -34.340088 2.9502201
-2.381773 -34.337524 2.9502201
-2.3509178 -34.341846 2.9502201
-2.304611 -34.339653 2.9502203
-2.2537189 -34.341053 2.9502201
-2.219661 -34.338345 2.9502201
-2.1846917 -34.339256 2.9502201
-2.1487954 -34.340195 2.9502201
-2.1119356 -34.341164 2.9502201
-2.0740957 -34.338303 2.9502201
-2.0351658 -34.34317 2.9502199
-1.9951938 -34.340263 2.9502201
-1.9540879 -34.337269 2.9502199
-1.9117508 -34.342335 2.9502199
-1.8682263 -34.339283 2.9502199
-1.8233874 -34.340332 2.9502199
-1.7772001 -34.341419 2.9502199
-1.7296283 -34.338207 2.9502199
-1.6805553 -34.339294 2.9502199
-1.6299366 -34.340416 2.9502199
-1.5776982 -34.341568 2.9502196
-3.5399315 -34.300087 2.9502196
-3.5034523 -34.299522 2.9502196
-3.4630775 -34.299004 2.9502196
-3.4231255 -34.300846 2.9502199
-3.381598 -34.300194 2.9502199
-3.3418319 -34.300484 2.9502203
-3.2999659 -34.30027 2.9502199
-3.2558959 -34.300034 2.9502206
-3.2160909 -34.299271 2.9502203
-3.1783917 -34.298496 2.9502211
-3.1432416 -34.301437 2.9502211
-3.1004312 -34.299805 2.9502206
-3.0601559 -34.30006 2.9502208
-3.0193243 -34.300377 2.9502206
-2.9758136 -34.300217 2.9502208
-2.9396145 -34.300819 2.9502208
-2.9013934 -34.300098 2.9502203
-2.8623047 -34.300724 2.9502206
-2.8216684 -34.298523 2.9502199
-2.7793562 -34.299145 2.9502199
-2.735281 -34.299789 2.9502199
-2.7010529 -34.301788 2.9502201
-2.6665444 -34.299278 2.9502199
-2.6175883 -34.299953 2.9502199
-2.5785129 -34.300499 2.9502201
-2.5389636 -34.299435 2.9502201
-2.4981775 -34.301617 2.9502201
-2.4558089 -34.300549 2.9502201
-2.4120896 -34.299423 2.9502201
-2.3819957 -34.299797 2.9502201
-2.3511631 -34.30019 2.9502201
-2.3018954 -34.300804 2.9502203
-2.2539527 -34.301403 2.9502201
-2.219898 -34.29818 2.9502201
-2.1849313 -34.298573 2.9502201
-2.1490383 -34.298969 2.9502201
-2.1121819 -34.299381 2.9502201
-2.0743225 -34.299805 2.9502201
-2.0354192 -34.300243 2.9502199
-1.9954271 -34.300686 2.9502201
-1.9543244 -34.297131 2.9502199
-1.9119909 -34.301617 2.9502199
-1.8684698 -34.297974 2.9502199
-1.8236099 -34.302605 2.9502199
-1.7774515 -34.298866 2.9502199
-1.7298574 -34.299332 2.9502199
-1.680788 -34.299812 2.9502199
-1.6301732 -34.300308 2.9502196
-1.5779383 -34.300819 2.9502196
-3.6191432 -34.259918 2.9502211
-3.5789287 -34.260368 2.9502208
-3.5399554 -34.26033 2.9502196
-3.503253 -34.258797 2.9502196
-3.4597893 -34.260387 2.9502201
-3.4194436 -34.259274 2.9502203
-3.3819833 -34.260426 2.9502199
-3.3420653 -34.260212 2.9502203
-3.29988 -34.259991 2.9502199
-3.2561312 -34.260513 2.9502203
-3.2163279 -34.25956 2.9502206
-3.1745291 -34.259342 2.9502206
-3.1381266 -34.260357 2.9502208
-3.1000469 -34.259773 2.9502208
-3.0603924 -34.259995 2.9502208
-3.0188205 -34.260235 2.9502201
-2.9754601 -34.259621 2.9502208
-2.938621 -34.260784 2.9502203
-2.9009871 -34.260639 2.9502208
-2.8618774 -34.260487 2.9502196
-2.8219016 -34.258911 2.9502199
-2.780416 -34.26017 2.9502199
-2.7363806 -34.260006 2.9502199
-2.7012999 -34.259869 2.9502201
-2.6649337 -34.259727 2.9502199
-2.615901 -34.259541 2.9502199
-2.5787551 -34.259399 2.9502201
-2.5402298 -34.259247 2.9502199
-2.498409 -34.26236 2.9502201
-2.4560442 -34.260601 2.9502201
-2.4123294 -34.258755 2.9502201
-2.3822181 -34.262074 2.9502201
-2.351409 -34.258522 2.9502201
-2.3036077 -34.260098 2.9502201
-2.2541864 -34.261753 2.9502201
-2.2201133 -34.261665 2.9502201
-2.1851714 -34.257885 2.9502199
-2.1492591 -34.261494 2.9502201
-2.1124282 -34.257603 2.9502199
-2.0745497 -34.261303 2.9502199
-2.0356722 -34.257305 2.9502199
-1.9956604 -34.261108 2.9502199
-1.9545609 -34.256996 2.9502199
-1.9122308 -34.260902 2.9502199
-1.8687134 -34.256664 2.9502199
-1.8238569 -34.260685 2.9502199
-1.7776771 -34.260571 2.9502199
-1.7300869 -34.260448 2.9502196
-1.6810207 -34.26033 2.9502199
-1.6304095 -34.260204 2.9502196
-1.5781786 -34.260071 2.9502196
-3.6610563 -34.219765 2.950222
-3.6196501 -34.220211 2.9502211
-3.5788708 -34.220131 2.9502208
-3.5402935 -34.220089 2.9502196
-3.4988997 -34.219875 2.9502206
-3.4556222 -34.220016 2.9502196
-3.4200399 -34.219654 2.9502203
-3.3819306 -34.220146 2.9502196
-3.3423066 -34.21994 2.9502203
-3.3004408 -34.219711 2.9502199
-3.2563679 -34.220249 2.9502203
-3.2165518 -34.220604 2.9502206
-3.1747701 -34.219418 2.9502206
-3.1379223 -34.220776 2.9502208
-3.100287 -34.219753 2.9502206
-3.0606284 -34.219925 2.9502208
-3.0190525 -34.220116 2.9502199
-2.9751074 -34.218987 2.9502208
-2.9400866 -34.220757 2.9502208
-2.9025052 -34.219841 2.9502208
-2.8627791 -34.220257 2.9502199
-2.8221352 -34.219296 2.9502199
-2.7798154 -34.221195 2.9502199
-2.7357502 -34.220211 2.9502199
-2.7015295 -34.220943 2.9502201
-2.6670108 -34.220196 2.9502199
-2.6180649 -34.219139 2.9502199
-2.578979 -34.221455 2.9502201
-2.5394373 -34.219055 2.9502201
-2.4986598 -34.219833 2.9502201
-2.4562798 -34.22065 2.9502201
-2.412569 -34.21809 2.9502201
-2.3824608 -34.220913 2.9502201
-2.3376112 -34.216938 2.9502201
-2.2968838 -34.223316 2.9502201
-2.2544415 -34.218494 2.9502199
-2.22035 -34.221504 2.9502201
-2.1853893 -34.220894 2.9502199
-2.1495025 -34.220264 2.9502201
-2.1126523 -34.21962 2.9502199
-2.0747769 -34.222805 2.9502199
-2.0359023 -34.218277 2.9502199
-1.9958938 -34.221535 2.9502199
-1.9547977 -34.216858 2.9502199
-1.9124711 -34.220192 2.9502199
-1.8689325 -34.219486 2.9502199
-1.8241043 -34.218761 2.9502199
-1.7779028 -34.222275 2.9502199
-1.7303162 -34.221569 2.9502196
-1.6812534 -34.220848 2.9502199
-1.6306459 -34.2201 2.9502196
-1.578419 -34.219326 2.9502196
-3.7404504 -34.180092 2.9502227
-3.7005072 -34.180214 2.9502213
-3.6616061 -34.179905 2.950222
-3.6197443 -34.180164 2.9502211
-3.5791039 -34.180244 2.9502208
-3.5404296 -34.179871 2.9502196
-3.4994965 -34.179863 2.9502206
-3.4557328 -34.180237 2.9502196
-3.4199104 -34.180065 2.9502203
-3.3823102 -34.179352 2.9502199
-3.3429523 -34.180378 2.9502203
-3.3011694 -34.180016 2.9502199
-3.2566059 -34.179985 2.9502203
-3.2167933 -34.180126 2.9502203
-3.1755674 -34.180283 2.9502206
-3.1390378 -34.180031 2.9502208
-3.1005194 -34.179729 2.9502208
-3.0608652 -34.179859 2.9502208
-3.0192938 -34.179996 2.9502203
-2.9765236 -34.179729 2.9502196
-2.9390934 -34.180668 2.9502196
-2.9020996 -34.180378 2.9502199
-2.8636801 -34.180065 2.9502196
-2.8223686 -34.179676 2.9502199
-2.7800541 -34.180771 2.9502199
-2.7359931 -34.178947 2.9502199
-2.7017589 -34.182014 2.9502201
-2.6654003 -34.180588 2.9502199
-2.6173313 -34.180256 2.9502201
-2.5792212 -34.180355 2.9502201
-2.539665 -34.18047 2.9502201
-2.4989107 -34.177307 2.9502201
-2.4565156 -34.180698 2.9502201
-2.4128091 -34.177425 2.9502201
-2.3827035 -34.179752 2.9502201
-2.3375003 -34.181656 2.9502199
-2.2878847 -34.17997 2.9502201
-2.2546751 -34.178844 2.9502199
-2.2205868 -34.181343 2.9502201
-2.1856291 -34.180206 2.9502199
-2.1497455 -34.179039 2.9502201
-2.1128762 -34.181641 2.9502199
-2.0750263 -34.180462 2.9502199
-2.0361323 -34.179249 2.9502199
-1.9961269 -34.181961 2.9502199
-1.9550343 -34.17672 2.9502199
-1.9127111 -34.179474 2.9502199
-1.8691517 -34.182308 2.9502199
-1.8243515 -34.176842 2.9502199
-1.7781538 -34.179722 2.9502199
-1.7305453 -34.18269 2.9502196
-1.6814866 -34.181362 2.9502199
-1.6308823 -34.179993 2.9502196
-1.5786591 -34.178581 2.9502196
-3.781136 -34.140282 2.9502223
-3.7409103 -34.139999 2.9502227
-3.7008507 -34.140083 2.9502215
-3.6616302 -34.140045 2.950222
-3.6197119 -34.140121 2.9502211
-3.5794892 -34.14035 2.9502208
-3.5409765 -34.139652 2.9502196
-3.5000958 -34.139828 2.9502206
-3.456332 -34.14045 2.9502196
-3.4201477 -34.139778 2.9502203
-3.3824089 -34.139595 2.9502199
-3.342375 -34.140099 2.9502203
-3.3007486 -34.139736 2.9502199
-3.2573383 -34.140476 2.9502206
-3.2175558 -34.13966 2.9502206
-3.1746862 -34.140354 2.9502206
-3.1388335 -34.140453 2.9502208
-3.1013741 -34.139732 2.9502206
-3.0611012 -34.13979 2.9502208
-3.0202703 -34.1399 2.9502196
-2.9761708 -34.139091 2.9502196
-2.9405587 -34.140694 2.9502196
-2.9016936 -34.140877 2.9502196
-2.8632529 -34.13982 2.9502199
-2.822602 -34.140057 2.9502199
-2.7802923 -34.140343 2.9502199
-2.735363 -34.139095 2.9502199
-2.7020059 -34.140095 2.9502201
-2.6674769 -34.141117 2.9502199
-2.6175694 -34.139835 2.9502199
-2.5794637 -34.139252 2.9502201
-2.5388722 -34.140209 2.9502199
-2.4991419 -34.13805 2.9502201
-2.4567509 -34.140751 2.9502201
-2.4130287 -34.140148 2.9502201
-2.382946 -34.138596 2.9502201
-2.3363011 -34.141438 2.9502199
-2.2881155 -34.14082 2.9502201
-2.2549088 -34.139194 2.9502199
-2.2208235 -34.141178 2.9502199
-2.185869 -34.139519 2.9502199
-2.1499662 -34.14156 2.9502201
-2.1131225 -34.139858 2.9502199
-2.0752759 -34.138111 2.9502199
-2.0363624 -34.140217 2.9502199
-1.9963605 -34.142384 2.9502199
-1.9552708 -34.136581 2.9502199
-1.9129511 -34.13876 2.9502199
-1.8693953 -34.141003 2.9502199
-1.824574 -34.139114 2.9502199
-1.7784046 -34.137173 2.9502199
-1.7307999 -34.139488 2.9502196
-1.6817191 -34.14188 2.9502199
-1.6311189 -34.139889 2.9502196
-1.5788726 -34.142365 2.9502196
-3.8190446 -34.099953 2.950223
-3.7799356 -34.099419 2.9502225
-3.739538 -34.100964 2.9502225
-3.6985204 -34.09911 2.9502218
-3.6596706 -34.101135 2.9502215
-3.6204941 -34.100414 2.9502211
-3.5798733 -34.100121 2.9502208
-3.5405936 -34.099876 2.9502196
-3.4992592 -34.099827 2.9502206
-3.4558365 -34.100159 2.9502196
-3.4203851 -34.099499 2.9502203
-3.3824956 -34.099827 2.9502199
-3.3434265 -34.09985 2.9502203
-3.3013177 -34.099464 2.9502199
-3.257071 -34.100956 2.9502203
-3.2172704 -34.099178 2.9502203
-3.1760378 -34.100468 2.9502201
-3.1390741 -34.099686 2.9502211
-3.1009903 -34.099716 2.9502208
-3.061337 -34.099724 2.9502208
-3.0197668 -34.099766 2.9502194
-2.9764023 -34.099796 2.9502199
-2.9401882 -34.099285 2.9502196
-2.9032109 -34.100163 2.9502196
-2.863482 -34.100975 2.9502199
-2.8235352 -34.099094 2.9502196
-2.7805309 -34.099922 2.9502199
-2.7373188 -34.100895 2.9502199
-2.7022531 -34.098175 2.9502201
-2.6667972 -34.099998 2.9502199
-2.6178079 -34.099407 2.9502201
-2.5796874 -34.101318 2.9502201
-2.5411775 -34.098537 2.9502199
-2.4993734 -34.098797 2.9502201
-2.4569864 -34.100796 2.9502201
-2.4132488 -34.102871 2.9502201
-2.3831885 -34.097435 2.9502201
-2.3365483 -34.099518 2.9502199
-2.2883463 -34.101665 2.9502201
-2.2551429 -34.099541 2.9502199
-2.2210603 -34.101017 2.9502199
-2.1861091 -34.098831 2.9502199
-2.1502094 -34.10033 2.9502201
-2.1133687 -34.09808 2.9502199
-2.0755031 -34.099617 2.9502199
-2.0365925 -34.101185 2.9502199
-1.9965938 -34.10281 2.9502199
-1.9555076 -34.096447 2.9502199
-1.9131908 -34.098045 2.9502199
-1.8696388 -34.099689 2.9502199
-1.8247963 -34.101387 2.9502199
-1.7786303 -34.098877 2.9502199
-1.7310292 -34.100605 2.9502196
-1.6819779 -34.098007 2.9502199
-1.6313553 -34.099785 2.9502196
-3.819109 -34.059849 2.950223
-3.7783899 -34.06004 2.9502227
-3.7382412 -34.060211 2.9502223
-3.6977272 -34.060055 2.950222
-3.6586571 -34.060501 2.9502211
-3.6200557 -34.060013 2.9502211
-3.5798113 -34.060234 2.9502208
-3.5411377 -34.059647 2.9502196
-3.5005667 -34.059822 2.9502206
-3.4564395 -34.060364 2.9502196
-3.4206231 -34.059223 2.9502203
-3.3834553 -34.060093 2.9502199
-3.3428295 -34.06023 2.9502203
-3.3018816 -34.059216 2.9502199
-3.257309 -34.060684 2.9502199
-3.21696 -34.059425 2.9502206
-3.1757085 -34.059746 2.9502194
-3.1393139 -34.058918 2.9502208
-3.1012218 -34.060516 2.9502201
-3.0621068 -34.060978 2.9502199
-3.0200088 -34.058796 2.9502192
-2.976634 -34.060493 2.9502196
-2.940424 -34.059238 2.9502199
-2.9028051 -34.060661 2.9502199
-2.8630555 -34.060677 2.9502196
-2.8230863 -34.058018 2.9502199
-2.7807689 -34.059498 2.9502199
-2.7366884 -34.061043 2.9502199
-2.7024829 -34.059246 2.9502201
-2.6670303 -34.060444 2.9502201
-2.6180463 -34.058983 2.9502199
-2.5799294 -34.060211 2.9502201
-2.5403855 -34.058277 2.9502201
-2.4996049 -34.05954 2.9502201
-2.457222 -34.060856 2.9502201
-2.4134881 -34.062206 2.9502201
-2.3834109 -34.059708 2.9502201
-2.3353496 -34.059212 2.9502199
-2.2885981 -34.058956 2.9502201
-2.2553766 -34.059891 2.9502199
-2.221297 -34.060852 2.9502199
-2.1863487 -34.058144 2.9502199
-2.1504526 -34.059105 2.9502199
-2.1135926 -34.060097 2.9502199
-2.0757298 -34.061111 2.9502199
-2.0368228 -34.062157 2.9502199
-1.9968269 -34.063232 2.9502199
-1.9557441 -34.056313 2.9502199
-1.9134312 -34.057331 2.9502199
-1.8698822 -34.058384 2.9502199
-1.8250434 -34.059467 2.9502196
-1.778856 -34.060577 2.9502199
-1.7312584 -34.061729 2.9502196
-1.6822107 -34.058525 2.9502196
-1.6315916 -34.059677 2.9502196
-3.8597019 -34.020271 2.9502234
-3.8195193 -34.020374 2.9502227
-3.7787609 -34.019718 2.950223
-3.7381384 -34.019619 2.9502223
-3.6983354 -34.01973 2.950222
-3.6586421 -34.02029 2.9502213
-3.6208344 -34.019981 2.9502208
-3.5800452 -34.02071 2.9502208
-3.5416925 -34.020378 2.9502196
-3.4997165 -34.020138 2.9502206
-3.4570305 -34.019615 2.9502196
-3.4208603 -34.018936 2.9502203
-3.3831112 -34.019798 2.9502196
-3.3423455 -34.018993 2.9502201
-3.300539 -34.020393 2.9502201
-3.2575464 -34.02042 2.9502192
-3.2182579 -34.02055 2.9502196
-3.1759443 -34.019817 2.9502192
-3.1395404 -34.020554 2.9502208
-3.1014531 -34.021313 2.9502194
-3.0617948 -34.02211 2.9502196
-3.0194657 -34.019455 2.9502192
-2.9768808 -34.01857 2.9502196
-2.9406598 -34.019199 2.9502196
-2.9030457 -34.019848 2.9502196
-2.8646281 -34.019215 2.9502196
-2.8233197 -34.018398 2.9502199
-2.7810073 -34.019073 2.9502199
-2.736932 -34.019775 2.9502199
-2.7027118 -34.020321 2.9502201
-2.6672642 -34.020882 2.9502199
-2.6182847 -34.018559 2.9502201
-2.5801718 -34.019115 2.9502201
-2.5406129 -34.019695 2.9502201
-2.4998362 -34.020287 2.9502201
-2.4574575 -34.020905 2.9502201
-2.4137278 -34.021542 2.9502201
-2.3836336 -34.02198 2.9502201
-2.3384471 -34.021042 2.9502199
-2.2888291 -34.019802 2.9502199
-2.25561 -34.020241 2.9502199
-2.221534 -34.020691 2.9502199
-2.1865671 -34.021152 2.9502199
-2.1506734 -34.021629 2.9502199
-2.1138167 -34.022114 2.9502199
-2.0759568 -34.022614 2.9502199
-2.0370529 -34.023129 2.9502199
-1.9970604 -34.023659 2.9502199
-1.9559807 -34.016174 2.9502199
-1.9136711 -34.016617 2.9502199
-1.870126 -34.017075 2.9502196
-1.8252904 -34.017544 2.9502196
-1.7791071 -34.018028 2.9502196
-1.731513 -34.018528 2.9502196
-1.6824434 -34.019043 2.9502196
-1.6318281 -34.019573 2.9502196
-3.859936 -33.980648 2.9502234
-3.8195744 -33.980469 2.950223
-3.779253 -33.979202 2.950223
-3.7383711 -33.980099 2.950222
-3.6981969 -33.979916 2.950222
-3.6588812 -33.97974 2.9502213
-3.6207938 -33.979561 2.9502213
-3.5802772 -33.981171 2.9502208
-3.5416017 -33.981052 2.9502196
-3.5010283 -33.980198 2.9502206
-3.4569199 -33.978817 2.9502196
-3.4210978 -33.978653 2.9502203
-3.3837912 -33.98 2.9502196
-3.3378267 -33.980404 2.9502196
-3.2957501 -33.980278 2.9502203
-3.2577837 -33.98016 2.9502192
-3.2179732 -33.98003 2.9502192
-3.1761796 -33.979904 2.9502192
-3.1397805 -33.979782 2.9502208
-3.1022933 -33.980423 2.9502192
-3.0620306 -33.98204 2.9502196
-3.0212061 -33.981178 2.9502192
-2.9771135 -33.979267 2.9502199
-2.9408958 -33.979153 2.9502199
-2.9032862 -33.979038 2.9502199
-2.8642013 -33.978912 2.9502199
-2.8235531 -33.978779 2.9502199
-2.7812457 -33.978645 2.9502199
-2.7371747 -33.978508 2.9502199
-2.7029593 -33.978401 2.9502201
-2.6684282 -33.979702 2.9502199
-2.6185043 -33.981243 2.9502201
-2.5803955 -33.981174 2.9502201
-2.5408404 -33.981106 2.9502201
-2.5000677 -33.98103 2.9502201
-2.4576929 -33.980953 2.9502201
-2.4139678 -33.980877 2.9502201
-2.3838761 -33.980824 2.9502201
-2.3372486 -33.98074 2.9502199
-2.2890596 -33.980648 2.9502199
-2.2558441 -33.980591 2.9502199
-2.2217705 -33.980526 2.9502199
-2.1868069 -33.980465 2.9502199
-2.1509163 -33.980404 2.9502199
-2.114063 -33.980335 2.9502199
-2.0762064 -33.980267 2.9502199
-2.0373058 -33.980198 2.9502199
-1.997317 -33.980122 2.9502199
-1.9561937 -33.980053 2.9502199
-1.9138873 -33.979973 2.9502199
-1.8703451 -33.979897 2.9502196
-1.825513 -33.979816 2.9502196
-1.7793329 -33.979733 2.9502196
-1.7317421 -33.979645 2.9502196
-1.6826762 -33.979557 2.9502196
-1.6320648 -33.979469 2.9502196
-3.8605094 -33.940495 2.9502234
-3.8201666 -33.93993 2.950223
-3.7793694 -33.939308 2.9502227
-3.7386041 -33.940571 2.9502223
-3.6986651 -33.940372 2.950222
-3.6593702 -33.939514 2.9502211
-3.6210299 -33.939507 2.9502208
-3.5809503 -33.940559 2.9502211
-3.541841 -33.940365 2.9502196
-3.5012724 -33.940128 2.9502206
-3.4571521 -33.939518 2.9502196
-3.4174948 -33.93837 2.9502196
-3.3794477 -33.941952 2.9502201
-3.3380654 -33.939976 2.9502189
-3.2959819 -33.940945 2.9502201
-3.2580211 -33.939888 2.9502196
-3.2187352 -33.93951 2.9502196
-3.1764147 -33.939976 2.9502192
-3.1400208 -33.939018 2.9502196
-3.1013155 -33.938881 2.9502192
-3.0622673 -33.941975 2.9502196
-3.0207026 -33.94099 2.9502192
-2.9773445 -33.939968 2.9502196
-2.9411321 -33.93911 2.9502196
-2.9035108 -33.940941 2.9502199
-2.8644307 -33.940071 2.9502199
-2.8237863 -33.939167 2.9502199
-2.7814841 -33.938225 2.9502199
-2.7374008 -33.940189 2.9502201
-2.7031887 -33.939472 2.9502201
-2.6668167 -33.940361 2.9502199
-2.6187432 -33.940819 2.9502199
-2.5806377 -33.940075 2.9502201
-2.5421076 -33.940811 2.9502199
-2.5002992 -33.941776 2.9502201
-2.4579284 -33.941006 2.9502201
-2.4142075 -33.940208 2.9502199
-2.384119 -33.939663 2.9502201
-2.3374956 -33.938816 2.9502199
-2.2893114 -33.937939 2.9502199
-2.2560775 -33.940941 2.9502199
-2.2220078 -33.940365 2.9502199
-2.1870468 -33.939777 2.9502199
-2.1511598 -33.939175 2.9502199
-2.1143093 -33.938557 2.9502199
-2.0764563 -33.93792 2.9502199
-2.037559 -33.937263 2.9502199
-1.9975735 -33.936592 2.9502199
-1.9564068 -33.943928 2.9502196
-1.9141032 -33.943329 2.9502199
-1.8705642 -33.942719 2.9502196
-1.8257354 -33.942089 2.9502196
-1.7795585 -33.941437 2.9502196
-1.7319715 -33.940765 2.9502196
-1.6829088 -33.940075 2.9502196
-1.6323013 -33.939362 2.9502196
-1.5800741 -33.938625 2.9502196
-3.8604336 -33.900181 2.9502234
-3.8199894 -33.899841 2.950223
-3.779532 -33.900093 2.9502227
-3.7391846 -33.900005 2.9502223
-3.6988554 -33.900311 2.950222
-3.6594779 -33.899662 2.9502211
-3.6216693 -33.900154 2.9502211
-3.5807562 -33.899982 2.9502208
-3.5420814 -33.899673 2.9502196
-3.5004361 -33.900146 2.9502206
-3.4573846 -33.900215 2.9502196
-3.4161079 -33.90033 2.9502199
-3.3783233 -33.899685 2.9502196
-3.3383038 -33.899555 2.9502189
-3.2966588 -33.90086 2.9502189
-3.2582583 -33.899624 2.9502192
-3.2184424 -33.899845 2.9502192
-3.17665 -33.900051 2.9502192
-3.1402473 -33.900642 2.9502196
-3.102175 -33.898815 2.9502192
-3.0625036 -33.901909 2.9502196
-3.0209444 -33.900013 2.9502192
-2.9781766 -33.8993 2.9502196
-2.9413683 -33.899071 2.9502199
-2.9037514 -33.900127 2.9502196
-2.8646598 -33.901234 2.9502199
-2.8240204 -33.899548 2.9502199
-2.7825444 -33.899174 2.9502199
-2.737627 -33.901871 2.9502199
-2.6982257 -33.896984 2.9502201
-2.6659696 -33.901623 2.9502201
-2.6189811 -33.900394 2.9502201
-2.5808799 -33.898972 2.9502201
-2.5402932 -33.899204 2.9502199
-2.5005305 -33.902523 2.9502201
-2.4581642 -33.901054 2.9502201
-2.4144471 -33.899544 2.9502199
-2.3843615 -33.898502 2.9502199
-2.3391693 -33.898537 2.9502199
-2.2895424 -33.898785 2.9502199
-2.2563114 -33.901291 2.9502199
-2.2222445 -33.900204 2.9502199
-2.1872866 -33.89909 2.9502199
-2.1513805 -33.901695 2.9502199
-2.1145334 -33.900574 2.9502199
-2.0766833 -33.899422 2.9502199
-2.0377891 -33.898235 2.9502199
-1.9978069 -33.897015 2.9502199
-1.9566433 -33.90379 2.9502196
-1.9143432 -33.902615 2.9502196
-1.8708076 -33.901409 2.9502196
-1.8259827 -33.900166 2.9502196
-1.7798094 -33.898888 2.9502196
-1.7322261 -33.89756 2.9502196
-1.6831421 -33.900593 2.9502196
-1.6325376 -33.899258 2.9502196
-1.5803142 -33.897881 2.9502196
-3.8607831 -33.860031 2.9502234
-3.8204639 -33.859722 2.950223
-3.7798266 -33.860424 2.9502227
-3.7390776 -33.859955 2.9502223
-3.6988559 -33.860241 2.950222
-3.6595869 -33.859795 2.9502211
-3.6213617 -33.859756 2.9502211
-3.5808427 -33.860088 2.9502208
-3.5426285 -33.859447 2.9502196
-3.5017438 -33.860115 2.9502206
-3.4579825 -33.860416 2.9502196
-3.4164805 -33.860405 2.9502196
-3.3789558 -33.859596 2.9502189
-3.3391528 -33.860203 2.9502189
-3.2964604 -33.860104 2.9502189
-3.2584956 -33.85936 2.9502194
-3.2181578 -33.860142 2.9502192
-3.1774597 -33.859329 2.9502192
-3.1404877 -33.859882 2.9502194
-3.1024058 -33.859612 2.9502192
-3.0627396 -33.861843 2.9502196
-3.0219212 -33.859879 2.9502192
-2.9772229 -33.860111 2.9502196
-2.9422119 -33.860313 2.9502196
-2.9039919 -33.859318 2.9502199
-2.8655615 -33.860962 2.9502196
-2.8242538 -33.859932 2.9502199
-2.7819431 -33.860279 2.9502199
-2.73787 -33.8606 2.9502199
-2.6928327 -33.859398 2.9502199
-2.6562345 -33.858944 2.9502201
-2.6192195 -33.85997 2.9502196
-2.5811038 -33.861034 2.9502201
-2.5415604 -33.858913 2.9502199
-2.5007815 -33.859993 2.9502199
-2.4583995 -33.861103 2.9502199
-2.4146869 -33.858875 2.9502199
-2.3846042 -33.857346 2.9502199
-2.3365226 -33.86031 2.9502199
-2.2897732 -33.859631 2.9502199
-2.2565665 -33.858032 2.9502199
-2.222481 -33.860039 2.9502199
-2.1875267 -33.858402 2.9502199
-2.1516235 -33.86047 2.9502199
-2.1147573 -33.862591 2.9502199
-2.0769105 -33.86092 2.9502199
-2.0380192 -33.859203 2.9502199
-1.9980404 -33.857441 2.9502199
-1.9568799 -33.863655 2.9502196
-1.9145832 -33.8619 2.9502196
-1.8710512 -33.8601 2.9502196
-1.8262298 -33.858246 2.9502196
-1.7800354 -33.860592 2.9502196
-1.7324554 -33.858685 2.9502196
-1.6833748 -33.861107 2.9502196
-1.6327741 -33.859154 2.9502196
-1.5805277 -33.861664 2.9502196
-3.8609972 -33.819889 2.9502234
-3.8205807 -33.820026 2.950223
-3.779999 -33.820335 2.9502227
-3.7395308 -33.820168 2.9502223
-3.6992302 -33.82016 2.950222
-3.6598248 -33.819592 2.9502213
-3.6218762 -33.81971 2.9502211
-3.5815253 -33.819839 2.9502208
-3.5380642 -33.819614 2.9502208
-3.4967716 -33.820305 2.9502196
-3.4579787 -33.820148 2.9502196
-3.416719 -33.819984 2.9502192
-3.3784087 -33.820232 2.9502189
-3.3386149 -33.820309 2.9502189
-3.296694 -33.820049 2.9502192
-3.259228 -33.819839 2.9502192
-3.2194381 -33.8204 2.9502192
-3.1771238 -33.820221 2.9502192
-3.1407275 -33.819111 2.9502196
-3.1026373 -33.820408 2.9502192
-3.0634606 -33.820499 2.9502196
-3.0214169 -33.819794 2.9502192
-2.9780552 -33.819443 2.9502196
-2.9412172 -33.820358 2.9502196
-2.9048638 -33.819832 2.9502196
-2.8644776 -33.819435 2.9502196
-2.8244872 -33.820316 2.9502199
-2.782182 -33.819851 2.9502199
-2.7381132 -33.819336 2.9502199
-2.691258 -33.820377 2.9502199
-2.6564691 -33.81918 2.9502199
-2.6194575 -33.819542 2.9502199
-2.5813463 -33.819935 2.9502201
-2.5417881 -33.820324 2.9502199
-2.5010321 -33.817471 2.9502199
-2.4586351 -33.821156 2.9502199
-2.4149265 -33.818211 2.9502199
-2.3848267 -33.819618 2.9502199
-2.338196 -33.820034 2.9502199
-2.290004 -33.82048 2.9502199
-2.2568002 -33.818382 2.9502199
-2.2227178 -33.819878 2.9502199
-2.1877446 -33.821415 2.9502199
-2.1518667 -33.819241 2.9502199
-2.1150036 -33.820812 2.9502199
-2.0771372 -33.822426 2.9502199
-2.0382495 -33.820171 2.9502199
-1.9982736 -33.817863 2.9502199
-1.9571167 -33.823517 2.9502196
-1.9148232 -33.82119 2.9502196
-1.871295 -33.818794 2.9502196
-1.8264523 -33.820518 2.9502196
-1.780261 -33.822292 2.9502196
-1.7326849 -33.819805 2.9502196
-1.6836075 -33.821625 2.9502196
-1.6330106 -33.819046 2.9502196
-3.8611889 -33.779915 2.9502234
-3.8208122 -33.780132 2.950223
-3.7801716 -33.780228 2.9502227
-3.7395906 -33.780121 2.9502223
-3.6995168 -33.780098 2.950222
-3.6601887 -33.779716 2.9502211
-3.6221075 -33.780006 2.9502211
-3.5814636 -33.779961 2.9502208
-3.5384698 -33.779903 2.9502206
-3.4970016 -33.780159 2.9502194
-3.4580898 -33.78035 2.9502194
-3.4173632 -33.780052 2.9502192
-3.3794122 -33.780151 2.9502189
-3.3390009 -33.780415 2.9502189
-3.296488 -33.779972 2.9502189
-3.2589619 -33.780334 2.9502192
-3.2191529 -33.779934 2.9502192
-3.1773529 -33.780304 2.9502192
-3.1413994 -33.779533 2.9502196
-3.1034927 -33.780407 2.9502192
-3.0632267 -33.779217 2.9502196
-3.0216489 -33.779671 2.9502192
-2.9788873 -33.778812 2.9502196
-2.9426835 -33.780258 2.9502196
-2.9038265 -33.779079 2.9502196
-2.8653791 -33.779167 2.9502199
-2.8247209 -33.780704 2.9502199
-2.7824204 -33.779427 2.9502199
-2.7392135 -33.779518 2.9502199
-2.6924002 -33.779678 2.9502199
-2.6567032 -33.779411 2.9502199
-2.6206501 -33.780647 2.9502196
-2.5815885 -33.778828 2.9502199
-2.5430543 -33.780102 2.9502196
-2.5012636 -33.778214 2.9502199
-2.4588706 -33.781208 2.9502199
-2.4151664 -33.777546 2.9502199
-2.3850491 -33.781887 2.9502199
-2.3398693 -33.779823 2.9502199
-2.2902353 -33.78133 2.9502199
-2.2570341 -33.778728 2.9502199
-2.2229545 -33.779713 2.9502199
-2.1879847 -33.780724 2.9502199
-2.1520877 -33.781765 2.9502199
-2.1152499 -33.77903 2.9502196
-2.0773866 -33.780075 2.9502199
-2.0384796 -33.781147 2.9502196
-1.9985069 -33.77829 2.9502199
-1.9573532 -33.783379 2.9502196
-1.9150633 -33.780476 2.9502196
-1.8715384 -33.777485 2.9502196
-1.8266747 -33.782787 2.9502196
-1.7805119 -33.779743 2.9502196
-1.7329142 -33.780926 2.9502196
-1.6838402 -33.782143 2.9502196
-1.633247 -33.778942 2.9502196
-3.8616774 -33.740131 2.9502234
-3.8212268 -33.739803 2.950223
-3.7805362 -33.740135 2.9502227
-3.7397912 -33.739819 2.9502223
-3.6998918 -33.740021 2.950222
-3.6604178 -33.740192 2.9502211
-3.622072 -33.739952 2.9502211
-3.5818486 -33.740078 2.9502208
-3.5386989 -33.740204 2.9502208
-3.4973557 -33.740482 2.9502192
-3.458566 -33.740063 2.9502194
-3.4171898 -33.740143 2.9502187
-3.3792624 -33.74007 2.9502189
-3.3394015 -33.74054 2.9502189
-3.297611 -33.739204 2.9502189
-3.2591991 -33.740067 2.9502192
-3.2193882 -33.739456 2.9502192
-3.1775947 -33.740376 2.9502192
-3.1411943 -33.739986 2.9502196
-3.1031091 -33.740387 2.9502192
-3.0634627 -33.739147 2.9502196
-3.0218904 -33.739548 2.9502192
-2.9779336 -33.739548 2.9502196
-2.9416895 -33.74025 2.9502196
-2.9046979 -33.739597 2.9502199
-2.8656082 -33.740326 2.9502199
-2.8249545 -33.741085 2.9502199
-2.7826583 -33.739006 2.9502199
-2.7385828 -33.739765 2.9502199
-2.6935425 -33.739033 2.9502199
-2.6569378 -33.739643 2.9502199
-2.6189625 -33.740273 2.9502196
-2.5818121 -33.740891 2.9502199
-2.5422618 -33.739948 2.9502199
-2.5014951 -33.738956 2.9502199
-2.4591062 -33.741257 2.9502201
-2.4153862 -33.740269 2.9502199
-2.3852918 -33.740726 2.9502199
-2.3386695 -33.739704 2.9502199
-2.2904871 -33.738617 2.9502199
-2.2572677 -33.739079 2.9502199
-2.223191 -33.739552 2.9502199
-2.1882246 -33.74004 2.9502196
-2.1523306 -33.740536 2.9502199
-2.1154737 -33.741051 2.9502196
-2.0776367 -33.737724 2.9502196
-2.0387096 -33.742115 2.9502196
-1.9987404 -33.738716 2.9502196
-1.9575897 -33.74324 2.9502196
-1.9153035 -33.739758 2.9502196
-1.8717575 -33.740307 2.9502196
-1.8269218 -33.740868 2.9502196
-1.7807629 -33.73719 2.9502196
-1.7331434 -33.742043 2.9502196
-1.684099 -33.73827 2.9502196
-1.6334834 -33.738838 2.9502196
-3.8617268 -33.700153 2.9502234
-3.8212283 -33.699699 2.950223
-3.7807083 -33.700039 2.9502227
-3.7401066 -33.699757 2.9502223
-3.6998456 -33.70023 2.950222
-3.6605296 -33.699978 2.9502213
-3.6228545 -33.699909 2.9502211
-3.581934 -33.700188 2.9502208
-3.5387731 -33.699745 2.9502208
-3.4976988 -33.700813 2.9502189
-3.4585655 -33.699791 2.9502194
-3.4174283 -33.699718 2.9502187
-3.379885 -33.699974 2.9502189
-3.3397846 -33.700634 2.9502189
-3.2974069 -33.699127 2.9502192
-3.2594361 -33.699799 2.9502192
-3.22015 -33.699715 2.9502192
-3.1778235 -33.700455 2.9502192
-3.1409893 -33.700413 2.9502196
-3.103348 -33.700371 2.9502192
-3.063699 -33.699081 2.9502196
-3.0221267 -33.700279 2.9502192
-2.9793506 -33.700233 2.9502196
-2.943156 -33.700195 2.9502196
-2.9055696 -33.700153 2.9502196
-2.8665092 -33.700111 2.9502196
-2.8258874 -33.700062 2.9502196
-2.7820582 -33.700016 2.9502199
-2.737952 -33.699963 2.9502199
-2.6919684 -33.699913 2.9502199
-2.6571722 -33.699875 2.9502199
-2.6211267 -33.699837 2.9502196
-2.5820541 -33.699791 2.9502199
-2.5414696 -33.699749 2.9502196
-2.5017264 -33.699703 2.9502199
-2.4593418 -33.701309 2.9502199
-2.4156058 -33.702991 2.9502199
-2.3855345 -33.699574 2.9502199
-2.3374701 -33.699516 2.9502199
-2.2907176 -33.699463 2.9502199
-2.2575016 -33.699429 2.9502199
-2.223428 -33.69939 2.9502199
-2.1884644 -33.699352 2.9502199
-2.1525741 -33.69931 2.9502196
-2.11572 -33.699268 2.9502199
-2.0778637 -33.699226 2.9502196
-2.0389397 -33.703083 2.9502196
-1.9989736 -33.699139 2.9502196
-1.9578266 -33.703106 2.9502196
-1.9155433 -33.699043 2.9502196
-1.8719772 -33.703129 2.9502196
-1.8271691 -33.698948 2.9502196
-1.7809886 -33.698898 2.9502196
-1.7333981 -33.698841 2.9502196
-1.6843317 -33.698788 2.9502196
-1.63372 -33.69873 2.9502196
-3.861985 -33.660004 2.9502234
-3.8216405 -33.659798 2.950223
-3.7808149 -33.659939 2.9502227
-3.7403882 -33.659988 2.9502223
-3.7001755 -33.660412 2.950222
-3.6610191 -33.659767 2.9502211
-3.6228149 -33.659859 2.9502208
-3.5824656 -33.660301 2.9502208
-3.5393453 -33.659672 2.9502206
-3.4978216 -33.660175 2.9502187
-3.4589241 -33.66 2.9502187
-3.4177971 -33.659786 2.9502187
-3.379354 -33.659927 2.9502189
-3.339406 -33.660206 2.9502189
-3.2976391 -33.659798 2.9502192
-3.2596738 -33.659538 2.9502192
-3.2193375 -33.660042 2.9502192
-3.1780653 -33.66053 2.9502192
-3.1421056 -33.659657 2.9502196
-3.1035812 -33.660355 2.9502192
-3.0639353 -33.659019 2.9502196
-3.0223529 -33.661015 2.9502192
-2.9789972 -33.659626 2.9502196
-2.942162 -33.660133 2.9502196
-2.9051628 -33.660706 2.9502199
-2.866082 -33.659885 2.9502199
-2.8254383 -33.659039 2.9502196
-2.7831178 -33.661022 2.9502199
-2.7390516 -33.660164 2.9502196
-2.6940036 -33.660797 2.9502196
-2.6574066 -33.660107 2.9502199
-2.6194391 -33.659389 2.9502196
-2.5822966 -33.658691 2.9502199
-2.5427358 -33.659542 2.9502199
-2.5019579 -33.660446 2.9502199
-2.46069 -33.659725 2.9502196
-2.4158456 -33.662327 2.9502199
-2.3857772 -33.658413 2.9502199
-2.340569 -33.661114 2.9502199
-2.2909486 -33.660313 2.9502199
-2.2577353 -33.659779 2.9502199
-2.223665 -33.659225 2.9502199
-2.188704 -33.658661 2.9502196
-2.1527948 -33.661831 2.9502196
-2.1159663 -33.65749 2.9502196
-2.0780904 -33.660728 2.9502196
-2.0391929 -33.660152 2.9502199
-1.9992069 -33.659565 2.9502196
-1.9580631 -33.662971 2.9502196
-1.9157835 -33.658333 2.9502196
-1.8722206 -33.661819 2.9502196
-1.8274162 -33.657028 2.9502196
-1.7812144 -33.660603 2.9502196
-1.7336273 -33.659958 2.9502196
-1.6845644 -33.659302 2.9502196
-1.6339564 -33.658627 2.9502196
-3.860579 -33.62072 2.9502232
-3.8218188 -33.620121 2.950223
-3.781245 -33.61985 2.9502227
-3.7406204 -33.619938 2.9502223
-3.7005515 -33.620346 2.950222
-3.661001 -33.619911 2.9502211
-3.6227753 -33.619808 2.9502206
-3.5824084 -33.62006 2.9502206
-3.5394075 -33.619953 2.9502201
-3.4978354 -33.620041 2.9502187
-3.4590347 -33.620201 2.9502187
-3.4178989 -33.619881 2.9502187
-3.3799713 -33.619831 2.9502189
-3.3402615 -33.619801 2.9502189
-3.2978778 -33.61974 2.9502189
-3.2599039 -33.620018 2.9502192
-3.2200902 -33.620308 2.9502192
-3.1782942 -33.620617 2.9502192
-3.1419013 -33.620083 2.9502196
-3.1044366 -33.620338 2.9502192
-3.0641713 -33.61895 2.9502196
-3.0225947 -33.620041 2.9502192
-2.9786444 -33.618984 2.9502196
-2.9436276 -33.620132 2.9502196
-2.9047573 -33.62122 2.9502196
-2.8663113 -33.621044 2.9502199
-2.8256717 -33.619423 2.9502196
-2.7833569 -33.620602 2.9502196
-2.7401509 -33.620415 2.9502196
-2.6933408 -33.620148 2.9502196
-2.6576412 -33.620338 2.9502199
-2.6216025 -33.619022 2.9502196
-2.5825202 -33.620747 2.9502199
-2.5440023 -33.619389 2.9502196
-2.5021894 -33.621189 2.9502199
-2.4598324 -33.618099 2.9502199
-2.4160852 -33.621662 2.9502199
-2.3860197 -33.617252 2.9502199
-2.33937 -33.620922 2.9502199
-2.2911794 -33.621162 2.9502196
-2.2579691 -33.620125 2.9502199
-2.2239017 -33.619061 2.9502199
-2.1889224 -33.621677 2.9502196
-2.1530378 -33.620602 2.9502199
-2.1161904 -33.619511 2.9502196
-2.0783174 -33.622231 2.9502196
-2.0394459 -33.617222 2.9502196
-1.9994404 -33.619987 2.9502196
-1.9582999 -33.622833 2.9502196
-1.9160236 -33.617615 2.9502196
-1.8724642 -33.62051 2.9502196
-1.8276386 -33.619297 2.9502196
-1.7814652 -33.61805 2.9502196
-1.7338566 -33.621082 2.9502196
-1.6847973 -33.61982 2.9502196
-1.6341927 -33.618523 2.9502196
-1.5819426 -33.621708 2.9502196
-3.8598359 -33.579849 2.950223
-3.8219912 -33.580013 2.950223
-3.7813528 -33.579742 2.9502227
-3.7409456 -33.579887 2.9502223
-3.7005999 -33.580547 2.9502218
-3.6613617 -33.580032 2.9502208
-3.6232853 -33.580109 2.9502206
-3.5826411 -33.580173 2.9502203
-3.5394814 -33.580254 2.9502201
-3.4986339 -33.58036 2.9502187
-3.4596338 -33.58041 2.9502187
-3.4185426 -33.579952 2.9502187
-3.380594 -33.579765 2.9502189
-3.340349 -33.579887 2.9502189
-3.2981112 -33.579674 2.9502192
-3.2601395 -33.580498 2.9502192
-3.2208519 -33.580605 2.9502192
-3.1790881 -33.579918 2.9502192
-3.1416967 -33.580479 2.9502196
-3.1040528 -33.580334 2.9502192
-3.0644078 -33.57888 2.9502196
-3.0228264 -33.579922 2.9502192
-2.9800603 -33.579746 2.9502196
-2.9426343 -33.580021 2.9502196
-2.9062743 -33.580471 2.9502194
-2.8658843 -33.580776 2.9502196
-2.8259051 -33.579803 2.9502196
-2.7835946 -33.580177 2.9502196
-2.739521 -33.580593 2.9502196
-2.6926787 -33.579453 2.9502196
-2.6578755 -33.58057 2.9502199
-2.6208694 -33.58012 2.9502199
-2.5827625 -33.579647 2.9502199
-2.5432098 -33.579174 2.9502199
-2.5024207 -33.581936 2.9502199
-2.4600677 -33.578152 2.9502199
-2.4163253 -33.580997 2.9502199
-2.3862424 -33.579525 2.9502199
-2.339617 -33.579002 2.9502199
-2.2914102 -33.582008 2.9502199
-2.258203 -33.580475 2.9502196
-2.2241385 -33.578899 2.9502199
-2.1891623 -33.58099 2.9502199
-2.153281 -33.57938 2.9502196
-2.1164141 -33.581528 2.9502196
-2.0785673 -33.579884 2.9502199
-2.039676 -33.578194 2.9502196
-1.9996738 -33.580414 2.9502196
-1.9585365 -33.582695 2.9502196
-1.9162636 -33.5769 2.9502196
-1.8727077 -33.579201 2.9502196
-1.8278611 -33.58157 2.9502196
-1.7816913 -33.579754 2.9502196
-1.7341111 -33.577881 2.9502196
-1.6850302 -33.580338 2.9502196
-1.6344291 -33.578415 2.9502196
-1.5821826 -33.580963 2.9502196
-3.8599689 -33.539726 2.950223
-3.8222909 -33.53989 2.950223
-3.7818549 -33.539867 2.9502225
-3.741307 -33.540108 2.9502218
-3.7009237 -33.540195 2.9502218
-3.6617241 -33.540173 2.9502206
-3.6237915 -33.540058 2.9502206
-3.5830274 -33.540291 2.9502203
-3.5397139 -33.540173 2.9502203
-3.4979687 -33.540207 2.9502187
-3.4591389 -33.540127 2.9502187
-3.4183693 -33.540047 2.9502187
-3.3800631 -33.539661 2.9502189
-3.3408928 -33.540535 2.9502189
-3.2987876 -33.539639 2.9502189
-3.2603765 -33.54023 2.9502192
-3.2205663 -33.540123 2.9502192
-3.1782 -33.539967 2.9502192
-3.142812 -33.539787 2.9502196
-3.1042836 -33.541134 2.9502192
-3.0597253 -33.537106 2.9502194
-3.0203817 -33.542877 2.9502194
-2.979708 -33.539104 2.9502196
-2.9440997 -33.540073 2.9502196
-2.9058685 -33.540989 2.9502196
-2.8674574 -33.539253 2.9502194
-2.8261387 -33.540192 2.9502196
-2.7838328 -33.539753 2.9502196
-2.739764 -33.53933 2.9502196
-2.6947131 -33.540428 2.9502196
-2.6581099 -33.540802 2.9502199
-2.6211076 -33.5397 2.9502196
-2.5830047 -33.538548 2.9502199
-2.5434372 -33.540577 2.9502199
-2.5026519 -33.542683 2.9502199
-2.4603035 -33.5382 2.9502199
-2.4165649 -33.540333 2.9502199
-2.3864648 -33.541798 2.9502199
-2.3384185 -33.538723 2.9502199
-2.291662 -33.539295 2.9502199
-2.2584367 -33.540821 2.9502199
-2.2243755 -33.538738 2.9502196
-2.1894021 -33.540298 2.9502196
-2.153502 -33.541901 2.9502196
-2.1166606 -33.539745 2.9502199
-2.0788169 -33.537533 2.9502196
-2.0332553 -33.536804 2.9502199
-1.9998839 -33.544796 2.9502196
-1.9587733 -33.542557 2.9502196
-1.9164796 -33.54026 2.9502196
-1.8729513 -33.537891 2.9502196
-1.8281081 -33.53965 2.9502196
-1.781917 -33.541458 2.9502196
-1.7343404 -33.538998 2.9502196
-1.6852629 -33.540855 2.9502196
-1.6346661 -33.538311 2.9502194
-1.5824229 -33.540215 2.9502196
-3.8602033 -33.500004 2.950223
-3.8225799 -33.500206 2.950223
-3.7819505 -33.499996 2.9502227
-3.7409942 -33.499798 2.950222
-3.7010248 -33.50013 2.9502215
-3.6617088 -33.499977 2.9502208
-3.6232073 -33.499992 2.9502206
-3.5834103 -33.500057 2.9502203
-3.5397861 -33.49971 2.9502201
-3.4991066 -33.500084 2.9502187
-3.4597409 -33.500332 2.9502187
-3.4186077 -33.499619 2.9502187
-3.3810735 -33.500317 2.9502189
-3.3402104 -33.500095 2.9502187
-3.2985835 -33.499565 2.9502192
-3.2611094 -33.500748 2.9502192
-3.2208085 -33.498878 2.9502192
-3.1795588 -33.500103 2.9502192
-3.1381009 -33.498451 2.9502194
-3.1008155 -33.502895 2.9502194
-3.0566633 -33.499107 2.9502192
-3.0148332 -33.500912 2.9502194
-2.9799392 -33.499802 2.9502199
-2.9431064 -33.499916 2.9502196
-2.9061091 -33.500172 2.9502196
-2.8670311 -33.498985 2.9502196
-2.8263724 -33.500572 2.9502196
-2.7848918 -33.500858 2.9502196
-2.7400074 -33.498058 2.9502196
-2.6940503 -33.499733 2.9502196
-2.6583443 -33.501038 2.9502199
-2.621346 -33.499271 2.9502199
-2.5832288 -33.50061 2.9502199
-2.5436649 -33.501999 2.9502199
-2.5029027 -33.500153 2.9502199
-2.4605389 -33.498249 2.9502199
-2.416805 -33.499664 2.9502199
-2.3867073 -33.500637 2.9502199
-2.3415163 -33.500504 2.9502199
-2.2918925 -33.500141 2.9502196
-2.2586703 -33.501171 2.9502196
-2.224612 -33.498573 2.9502199
-2.189642 -33.499615 2.9502199
-2.1537449 -33.500671 2.9502199
-2.1169071 -33.497967 2.9502196
-2.0595901 -33.49958 2.9502199
-2.0001404 -33.501263 2.9502196
-1.9590098 -33.502422 2.9502196
-1.9166956 -33.503616 2.9502196
-1.8731947 -33.496582 2.9502196
-1.8283556 -33.49773 2.9502196
-1.7821678 -33.498905 2.9502196
-1.7345695 -33.500118 2.9502196
-1.6854956 -33.501369 2.9502196
-1.6349025 -33.498207 2.9502194
-1.5826632 -33.499466 2.9502196
-3.8605959 -33.459682 2.9502227
-3.8225858 -33.459713 2.9502227
-3.7817912 -33.460327 2.9502225
-3.7416561 -33.460274 2.9502215
-3.7011254 -33.460049 2.9502218
-3.6619489 -33.459423 2.9502208
-3.6227005 -33.459148 2.9502208
-3.5820398 -33.461178 2.9502199
-3.5406964 -33.460403 2.9502199
-3.4985425 -33.460361 2.9502187
-3.460331 -33.459579 2.9502187
-3.4188457 -33.459198 2.9502187
-3.3809137 -33.460213 2.9502189
-3.3413699 -33.459724 2.9502189
-3.2988157 -33.460236 2.9502192
-3.2608423 -33.461201 2.9502192
-3.2210388 -33.459927 2.9502192
-3.1792386 -33.460934 2.9502192
-3.1353178 -33.459587 2.9502192
-3.0974793 -33.459286 2.9502196
-3.0569012 -33.458858 2.9502192
-3.0150757 -33.459751 2.9502196
-2.9801712 -33.460503 2.9502194
-2.9445717 -33.460007 2.9502196
-2.9063494 -33.459358 2.9502196
-2.86726 -33.46014 2.9502196
-2.8266063 -33.460957 2.9502196
-2.7842925 -33.461803 2.9502196
-2.7402334 -33.459743 2.9502199
-2.6942813 -33.460602 2.9502199
-2.6585789 -33.461266 2.9502199
-2.6215842 -33.458847 2.9502196
-2.5834713 -33.459507 2.9502199
-2.5439112 -33.460194 2.9502196
-2.5031536 -33.45763 2.9502199
-2.4607742 -33.458302 2.9502199
-2.4170444 -33.459 2.9502199
-2.3869498 -33.45948 2.9502199
-2.3403172 -33.460224 2.9502199
-2.2921236 -33.460991 2.9502199
-2.2589045 -33.461521 2.9502199
-2.224849 -33.458412 2.9502196
-2.1898818 -33.458923 2.9502196
-2.1539884 -33.459446 2.9502196
-2.1171308 -33.459984 2.9502196
-2.0598187 -33.460815 2.9502199
-2.0003738 -33.461689 2.9502196
-1.9592464 -33.462288 2.9502196
-1.9169357 -33.462902 2.9502196
-1.8734138 -33.459408 2.9502196
-1.828578 -33.459999 2.9502196
-1.7823937 -33.460609 2.9502196
-1.7347989 -33.461239 2.9502196
-1.6857285 -33.461887 2.9502196
-1.6351388 -33.458099 2.9502194
-1.5829036 -33.458721 2.9502194
-3.8608356 -33.41917 2.9502227
-3.8203518 -33.420033 2.9502232
-3.7792401 -33.420448 2.950222
-3.7416704 -33.420486 2.950222
-3.7018733 -33.419453 2.9502218
-3.6621869 -33.418877 2.9502208
-3.620106 -33.420601 2.9502213
-3.5794296 -33.420643 2.9502189
-3.5404177 -33.420673 2.9502203
-3.4994586 -33.420273 2.9502187
-3.4602218 -33.418785 2.9502187
-3.4190841 -33.418762 2.9502187
-3.3815391 -33.419399 2.9502189
-3.3411255 -33.420864 2.9502189
-3.2990472 -33.420902 2.9502192
-3.2610805 -33.42094 2.9502192
-3.2212689 -33.420975 2.9502192
-3.1794744 -33.421013 2.9502192
-3.1355591 -33.418644 2.9502192
-3.0972581 -33.418629 2.9502196
-3.0571377 -33.418613 2.9502192
-3.0153184 -33.418594 2.9502196
-2.9804182 -33.418579 2.9502194
-2.944185 -33.421234 2.9502199
-2.9065745 -33.421268 2.9502196
-2.8674889 -33.421303 2.9502196
-2.8268394 -33.421345 2.9502196
-2.7845311 -33.421379 2.9502196
-2.740459 -33.421421 2.9502196
-2.6945121 -33.421467 2.9502196
-2.6588135 -33.421497 2.9502199
-2.6218228 -33.418423 2.9502199
-2.5837133 -33.418407 2.9502199
-2.5441577 -33.418392 2.9502199
-2.5033848 -33.418369 2.9502199
-2.4610097 -33.418354 2.9502199
-2.417284 -33.418335 2.9502199
-2.3871925 -33.418324 2.9502199
-2.3405645 -33.418301 2.9502199
-2.2923753 -33.418278 2.9502199
-2.2591593 -33.418262 2.9502199
-2.2250643 -33.421902 2.9502196
-2.1900997 -33.421936 2.9502196
-2.1542091 -33.421967 2.9502196
-2.1173549 -33.422001 2.9502196
-2.0600471 -33.422054 2.9502199
-2.0006073 -33.422112 2.9502196
-1.9594831 -33.42215 2.9502196
-1.9171757 -33.422188 2.9502196
-1.8736331 -33.42223 2.9502196
-1.8288002 -33.422272 2.9502196
-1.7826195 -33.422314 2.9502196
-1.735028 -33.422359 2.9502196
-1.6859615 -33.422405 2.9502196
-1.6353751 -33.417992 2.9502194
-1.5831437 -33.417973 2.9502194
-3.8610764 -33.379436 2.9502227
-3.8199651 -33.38026 2.9502234
-3.7796662 -33.380421 2.9502223
-3.7422509 -33.379906 2.9502218
-3.7017353 -33.379631 2.9502215
-3.6620359 -33.378792 2.9502206
-3.6197803 -33.380898 2.9502215
-3.579663 -33.380985 2.9502189
-3.5406582 -33.379852 2.9502203
-3.4997089 -33.380066 2.9502187
-3.4604523 -33.379478 2.9502187
-3.4198732 -33.379318 2.9502189
-3.3809879 -33.3801 2.9502189
-3.3413639 -33.38044 2.9502187
-3.2997241 -33.380802 2.9502189
-3.2613175 -33.380669 2.9502192
-3.2215118 -33.37973 2.9502192
-3.1802838 -33.380264 2.9502192
-3.1357861 -33.380112 2.9502192
-3.0974901 -33.379257 2.9502196
-3.0573757 -33.378365 2.9502192
-3.0155461 -33.380009 2.9502196
-2.9806502 -33.379276 2.9502196
-2.9444213 -33.381187 2.9502194
-2.9068151 -33.380455 2.9502194
-2.8683906 -33.381004 2.9502194
-2.8270729 -33.381725 2.9502196
-2.7847691 -33.380955 2.9502196
-2.7407024 -33.380154 2.9502196
-2.6947608 -33.379318 2.9502196
-2.6590657 -33.37867 2.9502199
-2.6220424 -33.381107 2.9502199
-2.5839369 -33.380466 2.9502199
-2.5443852 -33.379803 2.9502199
-2.5036163 -33.379116 2.9502199
-2.4612453 -33.378403 2.9502199
-2.4175241 -33.377666 2.9502199
-2.3874352 -33.377163 2.9502199
-2.3407912 -33.379871 2.9502199
-2.2926061 -33.379128 2.9502196
-2.259393 -33.378613 2.9502196
-2.225301 -33.381741 2.9502199
-2.1903398 -33.381248 2.9502199
-2.1544521 -33.380741 2.9502199
-2.1176012 -33.380222 2.9502199
-2.0620563 -33.381214 2.9502199
-2.0008404 -33.382534 2.9502196
-1.9597199 -33.382011 2.9502196
-1.9174156 -33.381477 2.9502196
-1.8738768 -33.38092 2.9502196
-1.8290476 -33.380352 2.9502196
-1.7828703 -33.379761 2.9502196
-1.7352829 -33.379158 2.9502194
-1.6862199 -33.378532 2.9502196
-1.6356118 -33.377892 2.9502194
-1.5833572 -33.381752 2.9502194
-3.8599298 -33.339321 2.950223
-3.8197985 -33.340748 2.9502227
-3.7798283 -33.340157 2.950222
-3.7421424 -33.339878 2.9502218
-3.702204 -33.340099 2.9502215
-3.6587472 -33.34008 2.9502215
-3.6169477 -33.339645 2.9502203
-3.5802674 -33.340427 2.9502192
-3.5414011 -33.339764 2.9502201
-3.4992719 -33.339951 2.9502187
-3.4606853 -33.340172 2.9502187
-3.4195492 -33.339951 2.9502187
-3.3816226 -33.339973 2.9502189
-3.3416023 -33.340008 2.9502189
-3.299526 -33.340065 2.9502189
-3.2615552 -33.340408 2.9502192
-3.2222745 -33.339226 2.9502192
-3.1794016 -33.340431 2.9502192
-3.1366174 -33.340744 2.9502192
-3.0977223 -33.33989 2.9502196
-3.0583224 -33.338921 2.9502192
-3.0157738 -33.341419 2.9502194
-2.9808815 -33.339973 2.9502194
-2.9452808 -33.339752 2.9502194
-2.9070556 -33.339638 2.9502196
-2.8673065 -33.339535 2.9502194
-2.8273065 -33.34211 2.9502196
-2.7850077 -33.340534 2.9502196
-2.7409456 -33.33889 2.9502196
-2.6949911 -33.340183 2.9502199
-2.6593001 -33.338905 2.9502199
-2.6222806 -33.340679 2.9502196
-2.5841792 -33.339367 2.9502199
-2.5446129 -33.341213 2.9502199
-2.5038478 -33.339863 2.9502199
-2.4614809 -33.338451 2.9502199
-2.4177635 -33.337002 2.9502199
-2.3876576 -33.339436 2.9502196
-2.3410175 -33.341442 2.9502199
-2.2928369 -33.339973 2.9502199
-2.2596269 -33.338963 2.9502199
-2.2255375 -33.341576 2.9502196
-2.1905797 -33.340557 2.9502196
-2.154695 -33.339516 2.9502196
-2.1070526 -33.334827 2.9502199
-2.0540369 -33.341755 2.9502199
-2.0010738 -33.342964 2.9502196
-1.9600275 -33.329834 2.9502196
-1.9599091 -33.349903 2.9502194
-1.9176559 -33.340759 2.9502196
-1.8741201 -33.339611 2.9502196
-1.8292948 -33.338428 2.9502196
-1.7831211 -33.337212 2.9502196
-1.735512 -33.340275 2.9502194
-1.6864526 -33.33905 2.9502196
-1.6358482 -33.337784 2.9502194
-1.5835974 -33.341007 2.9502194
-3.8992214 -33.300053 2.9502232
-3.8589673 -33.300228 2.9502232
-3.8180783 -33.299885 2.9502227
-3.7799895 -33.299885 2.950222
-3.7424681 -33.299816 2.9502218
-3.7023931 -33.300037 2.9502218
-3.6594052 -33.299976 2.9502215
-3.6170411 -33.300064 2.9502206
-3.5801415 -33.299889 2.9502189
-3.541127 -33.300076 2.9502201
-3.5001817 -33.299782 2.9502187
-3.4612832 -33.300388 2.9502187
-3.4196465 -33.30003 2.9502187
-3.3822556 -33.299885 2.9502189
-3.3424511 -33.300644 2.9502189
-3.2997601 -33.299999 2.9502192
-3.2617922 -33.30014 2.9502192
-3.2219813 -33.299545 2.9502192
-3.1807399 -33.29966 2.9502192
-3.1356835 -33.299862 2.9502192
-3.0979545 -33.300514 2.9502196
-3.0578401 -33.299568 2.9502192
-3.0160165 -33.300259 2.9502194
-2.981714 -33.29932 2.9502194
-2.9442859 -33.299824 2.9502194
-2.9079275 -33.300144 2.9502194
-2.8682084 -33.299244 2.9502196
-2.8282397 -33.301033 2.9502194
-2.7852457 -33.300106 2.9502196
-2.7420461 -33.299038 2.9502196
-2.6952217 -33.301048 2.9502196
-2.6595349 -33.299137 2.9502199
-2.6225193 -33.300259 2.9502199
-2.5844216 -33.298267 2.9502199
-2.5458796 -33.300957 2.9502196
-2.5040791 -33.30061 2.9502199
-2.4617164 -33.298504 2.9502199
-2.4179833 -33.299725 2.9502196
-2.3878801 -33.301708 2.9502199
-2.3412647 -33.299519 2.9502199
-2.2930679 -33.300823 2.9502196
-2.2598605 -33.299313 2.9502196
-2.2257745 -33.301414 2.9502199
-2.1908193 -33.29987 2.9502199
-2.1549163 -33.302036 2.9502196
-2.0991478 -33.299648 2.9502199
-2.0413327 -33.297176 2.9502196
-2.001307 -33.303383 2.9502196
-1.960193 -33.301739 2.9502196
-1.9178959 -33.300045 2.9502196
-1.8743637 -33.298302 2.9502196
-1.8295171 -33.300701 2.9502196
-1.783347 -33.298916 2.9502196
-1.7357413 -33.301395 2.9502194
-1.6866856 -33.299568 2.9502194
-1.6360583 -33.302135 2.9502194
-1.5838377 -33.300262 2.9502194
-3.899411 -33.260063 2.9502232
-3.8590863 -33.260242 2.9502232
-3.8182569 -33.259571 2.9502227
-3.7801867 -33.259846 2.950222
-3.7425728 -33.260044 2.9502218
-3.7023952 -33.25996 2.9502215
-3.659534 -33.259888 2.9502215
-3.6172729 -33.260105 2.9502206
-3.580375 -33.260235 2.9502189
-3.5413673 -33.259621 2.9502203
-3.500073 -33.260117 2.9502187
-3.4612811 -33.26012 2.9502187
-3.4200191 -33.260109 2.9502187
-3.3817086 -33.260521 2.9502189
-3.3414555 -33.260223 2.9502189
-3.2995534 -33.259941 2.9502189
-3.2620296 -33.259872 2.9502192
-3.2216971 -33.25983 2.9502192
-3.179852 -33.259777 2.9502192
-3.1364958 -33.259693 2.9502192
-3.0981867 -33.26115 2.9502194
-3.0580769 -33.259319 2.9502192
-3.016259 -33.259098 2.9502194
-2.9807601 -33.260105 2.9502194
-2.9457524 -33.259697 2.9502194
-2.9068899 -33.259422 2.9502194
-2.8684371 -33.260395 2.9502196
-2.8277898 -33.260063 2.9502196
-2.7854841 -33.259682 2.9502196
-2.7405407 -33.260834 2.9502196
-2.6963644 -33.260368 2.9502196
-2.6597693 -33.259365 2.9502199
-2.6227574 -33.259834 2.9502196
-2.584645 -33.260326 2.9502199
-2.5440662 -33.259281 2.9502196
-2.5043108 -33.261353 2.9502199
-2.461952 -33.258556 2.9502199
-2.4182031 -33.262451 2.9502199
-2.3881226 -33.260548 2.9502199
-2.3429382 -33.259289 2.9502199
-2.2932987 -33.261669 2.9502199
-2.2600944 -33.259663 2.9502199
-2.2260113 -33.26125 2.9502196
-2.1910591 -33.259186 2.9502196
-2.1551592 -33.260807 2.9502199
-2.0993733 -33.261414 2.9502199
-2.041563 -33.258148 2.9502196
-2.0015638 -33.259853 2.9502199
-1.9604298 -33.261604 2.9502196
-1.9181359 -33.259331 2.9502196
-1.8746073 -33.256996 2.9502196
-1.8297393 -33.262974 2.9502196
-1.7835728 -33.26062 2.9502196
-1.7359959 -33.258198 2.9502194
-1.6869185 -33.260082 2.9502194
-1.6362947 -33.262032 2.9502194
-1.5840778 -33.259514 2.9502194
-3.8994215 -33.219902 2.9502232
-3.8592789 -33.220066 2.9502232
-3.8184946 -33.219879 2.9502225
-3.7806118 -33.219826 2.950222
-3.7430208 -33.220249 2.9502218
-3.7029104 -33.220165 2.9502215
-3.6596642 -33.21978 2.9502215
-3.6172295 -33.220173 2.9502206
-3.5805192 -33.220127 2.9502192
-3.5417733 -33.219547 2.9502201
-3.500304 -33.219967 2.9502187
-3.4613919 -33.220325 2.9502187
-3.4202583 -33.219681 2.9502187
-3.3827116 -33.220436 2.9502189
-3.3429277 -33.219822 2.9502189
-3.3002324 -33.219868 2.9502192
-3.2627625 -33.220364 2.9502192
-3.2229769 -33.220112 2.9502192
-3.1812108 -33.219845 2.9502192
-3.1373272 -33.220367 2.9502192
-3.098887 -33.220535 2.9502194
-3.0583048 -33.21991 2.9502192
-3.0170653 -33.219212 2.9502194
-2.9815927 -33.219448 2.9502194
-2.9447582 -33.219715 2.9502194
-2.9077613 -33.219921 2.9502196
-2.8693388 -33.220154 2.9502194
-2.8280237 -33.220444 2.9502196
-2.7857225 -33.219257 2.9502196
-2.7416415 -33.220982 2.9502196
-2.6947896 -33.221321 2.9502196
-2.6600037 -33.219597 2.9502199
-2.6229959 -33.219406 2.9502199
-2.5848877 -33.219227 2.9502199
-2.5453331 -33.219021 2.9502199
-2.5045421 -33.222095 2.9502199
-2.4621873 -33.218605 2.9502199
-2.4184427 -33.221783 2.9502199
-2.3883655 -33.219387 2.9502199
-2.3402917 -33.220974 2.9502199
-2.2935503 -33.21896 2.9502199
-2.2603283 -33.220013 2.9502196
-2.226248 -33.221088 2.9502199
-2.1912773 -33.222195 2.9502196
-2.1554022 -33.219582 2.9502196
-2.1013308 -33.221218 2.9502199
-2.0417931 -33.21912 2.9502196
-2.0018206 -33.21632 2.9502196
-1.9606663 -33.221466 2.9502196
-1.9183762 -33.218616 2.9502194
-1.8748266 -33.219818 2.9502196
-1.8299868 -33.22105 2.9502194
-1.7838236 -33.218071 2.9502196
-1.7362255 -33.219315 2.9502194
-1.6871512 -33.2206 2.9502194
-1.6365314 -33.221924 2.9502194
-1.5843182 -33.218765 2.9502194
-3.899884 -33.180111 2.9502232
-3.859771 -33.180065 2.9502232
-3.8189037 -33.179981 2.9502227
-3.7808545 -33.180061 2.9502218
-3.7403252 -33.179783 2.9502223
-3.700027 -33.180668 2.9502208
-3.660114 -33.179672 2.9502215
-3.6178844 -33.180214 2.9502206
-3.580848 -33.180027 2.9502189
-3.542002 -33.179836 2.9502201
-3.500658 -33.180294 2.9502187
-3.4618678 -33.180035 2.9502187
-3.4209023 -33.179768 2.9502187
-3.378706 -33.179386 2.9502189
-3.338968 -33.180916 2.9502189
-3.3009088 -33.179825 2.9502189
-3.2624953 -33.180851 2.9502192
-3.2226839 -33.180397 2.9502192
-3.1808965 -33.179146 2.9502192
-3.1369684 -33.180233 2.9502192
-3.0986652 -33.179955 2.9502194
-3.058542 -33.180504 2.9502192
-3.0161507 -33.18066 2.9502194
-2.982424 -33.178833 2.9502194
-2.9462245 -33.179634 2.9502194
-2.908633 -33.180462 2.9502194
-2.8689115 -33.179955 2.9502196
-2.8282571 -33.180828 2.9502196
-2.7859612 -33.178833 2.9502196
-2.741884 -33.179718 2.9502196
-2.6959321 -33.180634 2.9502196
-2.660238 -33.179832 2.9502199
-2.6241879 -33.180531 2.9502196
-2.58513 -33.178127 2.9502199
-2.5455608 -33.180435 2.9502199
-2.5047731 -33.182842 2.9502199
-2.4624231 -33.178654 2.9502199
-2.4186828 -33.181118 2.9502199
-2.3886082 -33.17823 2.9502199
-2.341965 -33.18074 2.9502199
-2.2937813 -33.179806 2.9502196
-2.2605619 -33.180359 2.9502199
-2.226485 -33.180927 2.9502196
-2.1915171 -33.181507 2.9502199
-2.1556232 -33.182102 2.9502196
-2.0981371 -33.17923 2.9502199
-2.0420232 -33.180092 2.9502196
-2.002054 -33.176746 2.9502196
-1.9609028 -33.181328 2.9502196
-1.9186163 -33.177902 2.9502194
-1.8750458 -33.18264 2.9502196
-1.8302339 -33.179131 2.9502194
-1.7840493 -33.179775 2.9502196
-1.7364546 -33.180431 2.9502194
-1.6873839 -33.181118 2.9502194
-1.6367676 -33.18182 2.9502194
-1.5845318 -33.182549 2.9502194
-3.9000578 -33.139935 2.9502232
-3.859679 -33.140255 2.9502232
-3.8189039 -33.139668 2.9502227
-3.7810063 -33.140301 2.950222
-3.7400384 -33.139915 2.9502223
-3.6997116 -33.140022 2.9502208
-3.6601889 -33.139851 2.9502215
-3.6178427 -33.14027 2.9502206
-3.5813637 -33.139938 2.9502192
-3.5424061 -33.139744 2.9502201
-3.5010009 -33.140621 2.9502187
-3.4618671 -33.139759 2.9502187
-3.4207287 -33.139843 2.9502187
-3.3771698 -33.139954 2.9502187
-3.3369486 -33.140396 2.9502192
-3.300704 -33.139759 2.9502192
-3.262733 -33.140583 2.9502192
-3.2229249 -33.139915 2.9502192
-3.1811383 -33.139225 2.9502192
-3.1378 -33.140072 2.9502192
-3.0988972 -33.140591 2.9502194
-3.058779 -33.140259 2.9502192
-3.0169566 -33.140766 2.9502194
-2.9814711 -33.139542 2.9502194
-2.9452307 -33.139603 2.9502194
-2.9075956 -33.139664 2.9502194
-2.8684847 -33.139729 2.9502194
-2.828491 -33.141212 2.9502196
-2.7870207 -33.139858 2.9502196
-2.7429838 -33.139931 2.9502196
-2.6970739 -33.140007 2.9502196
-2.6604724 -33.14006 2.9502199
-2.6225004 -33.140121 2.9502196
-2.5853536 -33.140186 2.9502199
-2.5468276 -33.140244 2.9502196
-2.5050242 -33.140312 2.9502199
-2.4626584 -33.138706 2.9502199
-2.4189224 -33.140453 2.9502199
-2.3888307 -33.140499 2.9502196
-2.3436379 -33.140572 2.9502199
-2.2940121 -33.140656 2.9502199
-2.2607958 -33.140709 2.9502196
-2.2267215 -33.140762 2.9502199
-2.191757 -33.14082 2.9502196
-2.1558664 -33.140877 2.9502199
-2.1000946 -33.139042 2.9502199
-2.0422533 -33.14106 2.9502196
-2.0022874 -33.137169 2.9502196
-1.9611397 -33.14119 2.9502194
-1.9188563 -33.137188 2.9502194
-1.8752892 -33.141331 2.9502194
-1.8304809 -33.137211 2.9502194
-1.7842751 -33.141476 2.9502194
-1.7366838 -33.141552 2.9502194
-1.6876167 -33.141632 2.9502194
-1.637004 -33.141716 2.9502194
-1.5847723 -33.141796 2.9502194
-3.9003799 -33.099953 2.9502232
-3.8600307 -33.100269 2.9502232
-3.819262 -33.099983 2.9502225
-3.7811272 -33.100269 2.950222
-3.7404959 -33.100052 2.9502223
-3.6999464 -33.099998 2.9502208
-3.6603224 -33.100323 2.9502215
-3.618355 -33.100319 2.9502206
-3.5784047 -33.09861 2.9502199
-3.5396621 -33.100971 2.9502194
-3.5011227 -33.099979 2.9502187
-3.4622252 -33.099957 2.9502187
-3.4209666 -33.099419 2.9502187
-3.3771138 -33.099365 2.9502189
-3.3371813 -33.100525 2.9502189
-3.3009431 -33.099693 2.9502189
-3.26297 -33.100319 2.9502192
-3.2236879 -33.099426 2.9502192
-3.1813676 -33.0993 2.9502192
-3.1368356 -33.099983 2.9502192
-3.0986757 -33.099979 2.9502194
-3.0590162 -33.10001 2.9502192
-3.0171986 -33.099609 2.9502194
-2.9828873 -33.100254 2.9502194
-2.9466965 -33.099571 2.9502194
-2.9091139 -33.098862 2.9502194
-2.869386 -33.099495 2.9502196
-2.828042 -33.100163 2.9502194
-2.7864201 -33.100887 2.9502196
-2.7423534 -33.10014 2.9502196
-2.6964111 -33.099377 2.9502196
-2.660707 -33.100296 2.9502199
-2.6246645 -33.099712 2.9502196
-2.5855961 -33.099083 2.9502199
-2.5460346 -33.100063 2.9502199
-2.5052748 -33.09779 2.9502199
-2.462894 -33.098759 2.9502199
-2.419162 -33.099789 2.9502199
-2.3890531 -33.102772 2.9502199
-2.3424385 -33.100414 2.9502199
-2.2942638 -33.097942 2.9502199
-2.2610295 -33.101059 2.9502199
-2.2269585 -33.100597 2.9502196
-2.1919971 -33.100132 2.9502199
-2.1561093 -33.099651 2.9502196
-2.102052 -33.098927 2.9502199
-2.0424836 -33.102032 2.9502196
-2.0025206 -33.097591 2.9502196
-1.9613764 -33.101055 2.9502194
-1.9190964 -33.096474 2.9502194
-1.8755329 -33.100018 2.9502194
-1.8307035 -33.099483 2.9502194
-1.7845261 -33.098927 2.9502194
-1.736913 -33.102673 2.9502194
-1.6878752 -33.097763 2.9502194
-1.6372406 -33.101608 2.9502192
-3.9005897 -33.060146 2.9502232
-3.8603358 -33.059921 2.9502232
-3.8195508 -33.060093 2.9502227
-3.7815163 -33.05999 2.950222
-3.7408786 -33.059956 2.9502225
-3.7004075 -33.060307 2.9502208
-3.6606038 -33.060509 2.9502215
-3.618171 -33.060375 2.9502206
-3.5776105 -33.060116 2.9502201
-3.538219 -33.059986 2.9502187
-3.5011373 -33.059837 2.9502187
-3.4623361 -33.060177 2.9502187
-3.4213355 -33.059498 2.9502187
-3.3779373 -33.059853 2.9502189
-3.3374245 -33.059944 2.9502189
-3.301177 -33.059635 2.9502192
-3.2632074 -33.060055 2.9502192
-3.2228765 -33.059734 2.9502192
-3.1816089 -33.059376 2.9502192
-3.1376779 -33.059818 2.9502192
-3.0993762 -33.059383 2.9502194
-3.0592537 -33.059765 2.9502192
-3.0180049 -33.059765 2.9502194
-2.9825344 -33.059635 2.9502194
-2.9457026 -33.059494 2.9502194
-2.9087079 -33.059406 2.9502196
-2.8702872 -33.059299 2.9502194
-2.828975 -33.059139 2.9502196
-2.7866585 -33.060459 2.9502196
-2.7425964 -33.05888 2.9502196
-2.6957486 -33.058693 2.9502196
-2.6609416 -33.060528 2.9502199
-2.6229777 -33.059238 2.9502196
-2.5858381 -33.057983 2.9502199
-2.5452421 -33.059822 2.9502196
-2.5055063 -33.058529 2.9502199
-2.4644237 -33.060524 2.9502199
-2.4194021 -33.059124 2.9502199
-2.3892956 -33.061615 2.9502199
-2.3412397 -33.060184 2.9502199
-2.2944949 -33.058788 2.9502196
-2.2612634 -33.061405 2.9502196
-2.2271955 -33.060436 2.9502199
-2.1922367 -33.059444 2.9502196
-2.1563306 -33.062172 2.9502196
-2.1005681 -33.058765 2.9502199
-2.0427134 -33.063 2.9502196
-2.002754 -33.058018 2.9502194
-1.9616129 -33.060921 2.9502194
-1.9193124 -33.05983 2.9502194
-1.8757763 -33.058712 2.9502194
-1.8309262 -33.061756 2.9502194
-1.7847517 -33.060631 2.9502194
-1.7371677 -33.059471 2.9502194
-1.688108 -33.058281 2.9502194
-1.6374772 -33.061504 2.9502192
-3.9007647 -33.019993 2.9502232
-3.8605063 -33.019936 2.950223
-3.8196709 -33.019775 2.9502227
-3.778944 -33.019535 2.9502225
-3.7378132 -33.020115 2.9502218
-3.7004178 -33.020279 2.9502208
-3.6609464 -33.020409 2.9502215
-3.6186869 -33.020077 2.9502206
-3.5776818 -33.020325 2.9502203
-3.5386665 -33.019966 2.9502187
-3.5019367 -33.020153 2.9502187
-3.462935 -33.020378 2.9502187
-3.4218428 -33.020096 2.9502187
-3.3780196 -33.019787 2.9502187
-3.3380778 -33.020096 2.9502189
-3.3018532 -33.019581 2.9502189
-3.2634447 -33.019783 2.9502192
-3.223629 -33.020004 2.9502192
-3.1824064 -33.020252 2.9502192
-3.1385102 -33.019695 2.9502192
-3.0996082 -33.020012 2.9502194
-3.0602002 -33.020374 2.9502192
-3.0176687 -33.019875 2.9502194
-2.9821818 -33.018986 2.9502194
-2.9471686 -33.019508 2.9502194
-2.9083016 -33.019909 2.9502194
-2.8698602 -33.019054 2.9502196
-2.8292084 -33.01952 2.9502196
-2.7868969 -33.020039 2.9502196
-2.7419662 -33.019032 2.9502196
-2.6977835 -33.019638 2.9502196
-2.661176 -33.02076 2.9502199
-2.6251409 -33.018898 2.9502196
-2.5860617 -33.020046 2.9502199
-2.5465086 -33.019657 2.9502199
-2.5057378 -33.019279 2.9502199
-2.4633453 -33.022205 2.9502199
-2.419642 -33.018456 2.9502199
-2.3895383 -33.020458 2.9502199
-2.3443377 -33.021862 2.9502199
-2.2947257 -33.019638 2.9502199
-2.2614968 -33.021755 2.9502199
-2.227432 -33.020275 2.9502196
-2.1924767 -33.018757 2.9502199
-2.1565735 -33.020943 2.9502199
-2.1007934 -33.020527 2.9502199
-2.0429666 -33.020065 2.9502199
-2.0029869 -33.01844 2.9502194
-1.9618496 -33.020782 2.9502194
-1.9195284 -33.023186 2.9502194
-1.8760198 -33.017406 2.9502194
-1.8311729 -33.019833 2.9502194
-1.7849777 -33.022335 2.9502194
-1.737397 -33.020596 2.9502194
-1.6883408 -33.018795 2.9502194
-1.6377137 -33.0214 2.9502192
-1.5854928 -33.019562 2.9502192
-3.901041 -32.98 2.9502232
-3.8606935 -32.98011 2.9502232
-3.8200254 -32.979877 2.9502225
-3.7787631 -32.980068 2.9502225
-3.7378936 -32.979881 2.9502218
-3.7007666 -32.980247 2.9502208
-3.6612897 -32.980312 2.9502215
-3.6192043 -32.979774 2.9502206
-3.578069 -32.979836 2.9502203
-3.5382762 -32.979942 2.9502187
-3.5012705 -32.980015 2.9502187
-3.462441 -32.980095 2.9502187
-3.4216695 -32.980183 2.9502187
-3.3781185 -32.979736 2.9502189
-3.3374696 -32.980206 2.9502189
-3.3016496 -32.979523 2.9502192
-3.2636824 -32.979523 2.9502192
-3.2243898 -32.980316 2.9502192
-3.1815245 -32.980305 2.9502192
-3.1381433 -32.980358 2.9502192
-3.1003082 -32.979454 2.9502194
-3.0597181 -32.980968 2.9502192
-3.0179117 -32.978714 2.9502194
-2.9835973 -32.979771 2.9502194
-2.9467816 -32.98077 2.9502196
-2.9023869 -32.977905 2.9502192
-2.8645341 -32.983627 2.9502199
-2.8294423 -32.979908 2.9502196
-2.7871354 -32.979614 2.9502196
-2.743922 -32.98082 2.9502196
-2.6971209 -32.978958 2.9502196
-2.6614101 -32.980991 2.9502199
-2.6244073 -32.979984 2.9502199
-2.5721991 -32.981163 2.9502196
-2.533366 -32.978577 2.9502199
-2.5059693 -32.980022 2.9502199
-2.4635808 -32.982258 2.9502199
-2.4198816 -32.977791 2.9502199
-2.3897812 -32.979298 2.9502199
-2.3431389 -32.981632 2.9502199
-2.2949564 -32.980484 2.9502196
-2.2617519 -32.9785 2.9502199
-2.2276685 -32.98011 2.9502199
-2.1927171 -32.978065 2.9502196
-2.1506872 -32.977467 2.9502194
-2.0972369 -32.981667 2.9502199
-2.0432198 -32.977135 2.9502194
-2.0032203 -32.97887 2.9502194
-1.9620863 -32.980644 2.9502194
-1.9197683 -32.982475 2.9502194
-1.8762391 -32.980225 2.9502194
-1.8314202 -32.977913 2.9502194
-1.7852287 -32.979786 2.9502194
-1.7376261 -32.981712 2.9502194
-1.6885737 -32.979313 2.9502194
-1.6379501 -32.981293 2.9502192
-1.5857332 -32.978809 2.9502192
-3.9014444 -32.940025 2.9502232
-3.8612998 -32.939949 2.9502232
-3.820205 -32.939983 2.9502227
-3.7790663 -32.939976 2.9502225
-3.7378597 -32.940144 2.9502218
-3.7011151 -32.940231 2.9502208
-3.661263 -32.939926 2.9502215
-3.6187346 -32.940174 2.9502203
-3.5780048 -32.939701 2.9502203
-3.5387182 -32.939911 2.9502187
-3.5024097 -32.93988 2.9502187
-3.463042 -32.940292 2.9502187
-3.4219081 -32.939751 2.9502187
-3.3783433 -32.940201 2.9502189
-3.3385394 -32.939674 2.9502189
-3.3018813 -32.940193 2.9502192
-3.2639127 -32.939999 2.9502192
-3.2241049 -32.939823 2.9502192
-3.1828766 -32.940434 2.9502192
-3.1378043 -32.94017 2.9502192
-3.1000872 -32.938824 2.9502194
-3.0599549 -32.94072 2.9502192
-3.0181394 -32.940128 2.9502196
-2.9832447 -32.939114 2.9502194
-2.9470179 -32.940727 2.9502194
-2.8997035 -32.940105 2.9502192
-2.8519108 -32.937481 2.9502199
-2.8255153 -32.942711 2.9502199
-2.787374 -32.939186 2.9502196
-2.7432921 -32.940971 2.9502196
-2.6973517 -32.939823 2.9502199
-2.6616449 -32.941223 2.9502199
-2.6246459 -32.93956 2.9502196
-2.5744548 -32.93998 2.9502196
-2.5335948 -32.93977 2.9502199
-2.5062006 -32.940769 2.9502199
-2.4638164 -32.94231 2.9502199
-2.4201212 -32.937126 2.9502199
-2.3900235 -32.938137 2.9502199
-2.3433859 -32.939709 2.9502199
-2.2951872 -32.941334 2.9502199
-2.2619855 -32.938847 2.9502196
-2.227906 -32.939949 2.9502196
-2.1929348 -32.941082 2.9502196
-2.1369436 -32.940819 2.9502196
-2.0823579 -32.936958 2.9502194
-2.0434499 -32.938107 2.9502194
-2.0034537 -32.939293 2.9502194
-1.9623228 -32.940506 2.9502194
-1.9200565 -32.93362 2.9502194
-1.9199364 -32.953972 2.9502194
-1.8764582 -32.943047 2.9502194
-1.8316426 -32.940186 2.9502194
-1.7854795 -32.937233 2.9502194
-1.7378809 -32.938511 2.9502194
-1.6888065 -32.939831 2.9502194
-1.6381865 -32.941189 2.9502192
-1.5859733 -32.938065 2.9502192
-3.9012303 -32.899689 2.9502232
-3.8610957 -32.89996 2.9502232
-3.8203125 -32.900291 2.9502225
-3.7795634 -32.899445 2.9502225
-3.7385747 -32.900158 2.9502218
-3.7004414 -32.900021 2.9502208
-3.6607342 -32.900253 2.9502213
-3.6195288 -32.899895 2.9502206
-3.5782397 -32.899921 2.9502203
-3.5394835 -32.900391 2.9502187
-3.5021901 -32.900673 2.9502187
-3.4636326 -32.89954 2.9502187
-3.4221463 -32.899326 2.9502187
-3.3790169 -32.900177 2.9502187
-3.3383665 -32.899784 2.9502192
-3.3021131 -32.900864 2.9502192
-3.2646437 -32.901272 2.9502192
-3.2243481 -32.898575 2.9502192
-3.1825471 -32.8997 2.9502192
-3.13922 -32.899319 2.9502192
-3.1003187 -32.899456 2.9502194
-3.0601928 -32.900471 2.9502192
-3.0183671 -32.901539 2.9502194
-2.9834764 -32.899807 2.9502196
-2.9472542 -32.900684 2.9502196
-2.8990524 -32.900845 2.9502192
-2.8511229 -32.898891 2.9502194
-2.8195591 -32.898079 2.9502199
-2.7876115 -32.898766 2.9502196
-2.7435348 -32.899708 2.9502196
-2.6975822 -32.900688 2.9502196
-2.6618793 -32.901455 2.9502199
-2.6248839 -32.899139 2.9502199
-2.573683 -32.900162 2.9502199
-2.5338237 -32.900959 2.9502199
-2.5064321 -32.901512 2.9502199
-2.464052 -32.902363 2.9502199
-2.4203408 -32.899849 2.9502196
-2.3902459 -32.90041 2.9502196
-2.3436334 -32.897789 2.9502199
-2.295439 -32.898621 2.9502199
-2.2622194 -32.899197 2.9502199
-2.2281425 -32.899788 2.9502199
-2.1931746 -32.900391 2.9502199
-2.140537 -32.899582 2.9502196
-2.0825849 -32.898457 2.9502194
-2.04368 -32.899075 2.9502194
-2.0036869 -32.899715 2.9502194
-1.9625595 -32.900372 2.9502194
-1.9202486 -32.901043 2.9502194
-1.8767017 -32.901741 2.9502194
-1.8318651 -32.902454 2.9502194
-1.7857053 -32.898937 2.9502194
-1.7381102 -32.899628 2.9502194
-1.6890391 -32.900345 2.9502194
-1.638423 -32.901085 2.9502192
-1.5861868 -32.901848 2.9502192
-3.9017537 -32.860054 2.9502232
-3.8613307 -32.860146 2.9502232
-3.8207293 -32.860195 2.9502227
-3.7794745 -32.859123 2.9502225
-3.7384706 -32.859341 2.950222
-3.6978226 -32.861183 2.9502215
-3.658437 -32.860443 2.9502206
-3.6194935 -32.859928 2.9502203
-3.5784738 -32.860142 2.9502203
-3.5392928 -32.860336 2.9502189
-3.5024264 -32.860527 2.9502189
-3.4635234 -32.858757 2.9502187
-3.4223843 -32.858898 2.9502187
-3.3788254 -32.859062 2.9502187
-3.3390186 -32.860588 2.9502189
-3.3023448 -32.861526 2.9502192
-3.2643766 -32.861713 2.9502192
-3.2245777 -32.859631 2.9502192
-3.1827824 -32.859779 2.9502192
-3.1388533 -32.859943 2.9502192
-3.1005507 -32.860077 2.9502194
-3.0604298 -32.860226 2.9502192
-3.0186098 -32.860378 2.9502194
-2.9837089 -32.860508 2.9502194
-2.9474902 -32.860645 2.9502194
-2.9010198 -32.859974 2.9502192
-2.8506851 -32.858196 2.9502196
-2.8197939 -32.858265 2.9502199
-2.7878499 -32.858337 2.9502196
-2.743778 -32.85844 2.9502196
-2.6978307 -32.858543 2.9502196
-2.6621318 -32.858627 2.9502199
-2.6260767 -32.860153 2.9502196
-2.5739081 -32.862011 2.9502199
-2.5340521 -32.862152 2.9502199
-2.5066636 -32.862259 2.9502199
-2.4642875 -32.862415 2.9502199
-2.4205606 -32.862576 2.9502199
-2.3904684 -32.862682 2.9502199
-2.3438597 -32.85936 2.9502199
-2.2956698 -32.85947 2.9502196
-2.2624533 -32.859547 2.9502196
-2.2283792 -32.859627 2.9502196
-2.1934147 -32.859703 2.9502194
-2.139096 -32.859829 2.9502199
-2.0828118 -32.859959 2.9502194
-2.0439103 -32.860046 2.9502194
-2.0039203 -32.860138 2.9502194
-1.9627962 -32.860233 2.9502194
-1.9204884 -32.860329 2.9502194
-1.8769455 -32.860432 2.9502194
-1.8321121 -32.860535 2.9502194
-1.7859312 -32.860645 2.9502194
-1.7383394 -32.860748 2.9502194
-1.6892723 -32.860863 2.9502192
-1.6386595 -32.860977 2.9502192
-1.5864271 -32.861103 2.9502192
-3.8615661 -32.82032 2.9502232
-3.821151 -32.819862 2.9502225
-3.7799129 -32.819462 2.9502225
-3.7387042 -32.819595 2.9502215
-3.6984322 -32.820587 2.9502218
-3.6582794 -32.820652 2.9502208
-3.6199994 -32.819973 2.9502206
-3.5787086 -32.820358 2.9502203
-3.5395346 -32.819378 2.9502189
-3.5026639 -32.82037 2.9502187
-3.4637547 -32.81945 2.9502187
-3.4230292 -32.818954 2.9502187
-3.3790584 -32.819527 2.9502189
-3.3384302 -32.820099 2.9502189
-3.3030126 -32.820705 2.9502189
-3.2646143 -32.821453 2.9502192
-3.2248075 -32.820679 2.9502192
-3.183018 -32.819859 2.9502192
-3.1396837 -32.82056 2.9502192
-3.1007829 -32.820709 2.9502194
-3.0606673 -32.819984 2.9502192
-3.0188525 -32.819221 2.9502194
-2.9845402 -32.819824 2.9502194
-2.9477258 -32.820599 2.9502196
-2.9004126 -32.819805 2.9502192
-2.8509164 -32.818974 2.9502196
-2.8200285 -32.818451 2.9502199
-2.7880886 -32.817913 2.9502196
-2.744004 -32.820118 2.9502199
-2.6980612 -32.819408 2.9502199
-2.6623662 -32.818859 2.9502199
-2.624388 -32.819962 2.9502196
-2.5741518 -32.820679 2.9502196
-2.5343001 -32.820118 2.9502199
-2.5069141 -32.819729 2.9502199
-2.4645228 -32.82246 2.9502199
-2.4208002 -32.821903 2.9502199
-2.3907111 -32.821522 2.9502199
-2.3440864 -32.820927 2.9502194
-2.2959006 -32.820316 2.9502199
-2.262687 -32.819897 2.9502199
-2.228616 -32.819462 2.9502194
-2.1936543 -32.819016 2.9502194
-2.1393189 -32.822098 2.9502196
-2.0830388 -32.821461 2.9502194
-2.0441401 -32.821022 2.9502194
-2.0041537 -32.820564 2.9502194
-1.9630327 -32.820099 2.9502194
-1.9207287 -32.819618 2.9502194
-1.8771889 -32.819122 2.9502194
-1.8323593 -32.818615 2.9502194
-1.7861818 -32.818092 2.9502194
-1.7385941 -32.817547 2.9502194
-1.689505 -32.821381 2.9502192
-1.6388958 -32.820873 2.9502192
-1.5866673 -32.820354 2.9502192
-3.8614221 -32.780697 2.950223
-3.8208458 -32.78019 2.9502225
-3.7800767 -32.780022 2.9502225
-3.7392812 -32.780369 2.9502218
-3.6981595 -32.779758 2.9502215
-3.65852 -32.779858 2.9502208
-3.6196806 -32.779697 2.9502203
-3.5792458 -32.780216 2.9502203
-3.5401974 -32.779335 2.9502187
-3.5028994 -32.780212 2.9502189
-3.4639862 -32.780148 2.9502187
-3.4229863 -32.779575 2.9502187
-3.379292 -32.779995 2.9502187
-3.3390715 -32.780193 2.9502192
-3.302387 -32.779255 2.9502189
-3.2648516 -32.781185 2.9502192
-3.2250502 -32.77943 2.9502192
-3.183253 -32.779934 2.9502192
-3.1387503 -32.779709 2.9502192
-3.1010151 -32.781345 2.9502194
-3.0609045 -32.779736 2.9502192
-3.0196583 -32.779289 2.9502194
-2.9835865 -32.780663 2.9502194
-2.9448593 -32.778641 2.9502192
-2.8996692 -32.782299 2.9502192
-2.8511479 -32.779747 2.9502196
-2.8202634 -32.778633 2.9502199
-2.789149 -32.778858 2.9502196
-2.74423 -32.781803 2.9502196
-2.6982923 -32.780277 2.9502196
-2.662601 -32.779091 2.9502199
-2.6255805 -32.780972 2.9502199
-2.5743954 -32.779346 2.9502199
-2.5345478 -32.778076 2.9502199
-2.507165 -32.777203 2.9502199
-2.4647584 -32.782513 2.9502199
-2.4210403 -32.781239 2.9502199
-2.3755412 -32.779919 2.9502194
-2.3285382 -32.778549 2.9502194
-2.2961314 -32.781166 2.9502196
-2.2629209 -32.780243 2.9502194
-2.228853 -32.779301 2.9502194
-2.1938941 -32.778328 2.9502194
-2.1395633 -32.780594 2.9502194
-2.0832658 -32.782963 2.9502194
-2.0443702 -32.78199 2.9502194
-2.0043869 -32.780987 2.9502194
-1.9632695 -32.779961 2.9502194
-1.9209687 -32.778908 2.9502194
-1.8774322 -32.777813 2.9502194
-1.832582 -32.780884 2.9502194
-1.7864077 -32.779797 2.9502194
-1.7388232 -32.778667 2.9502192
-1.6897377 -32.781898 2.9502192
-1.6391325 -32.780769 2.9502192
-1.5869074 -32.779606 2.9502192
-3.8597171 -32.740005 2.9502227
-3.8214366 -32.740086 2.9502227
-3.7803729 -32.740154 2.9502225
-3.739171 -32.740108 2.9502218
-3.6985371 -32.739983 2.9502215
-3.6591434 -32.739758 2.9502206
-3.6206176 -32.740086 2.9502206
-3.5791817 -32.740089 2.9502203
-3.5398972 -32.739803 2.9502187
-3.5034835 -32.739574 2.9502187
-3.4645851 -32.740345 2.9502187
-3.4229474 -32.740162 2.9502187
-3.3801205 -32.739414 2.9502189
-3.3397148 -32.740311 2.9502189
-3.303066 -32.739162 2.9502192
-3.265089 -32.740921 2.9502192
-3.2258265 -32.739697 2.9502192
-3.1834888 -32.740017 2.9502192
-3.1395628 -32.739525 2.9502192
-3.1017158 -32.7407 2.9502194
-3.061142 -32.739491 2.9502192
-3.0187426 -32.740822 2.9502194
-2.9844184 -32.739986 2.9502194
-2.9388587 -32.739971 2.9502192
-2.8912377 -32.739967 2.9502194
-2.8513789 -32.740528 2.9502196
-2.8204982 -32.738823 2.9502199
-2.7885482 -32.739964 2.9502196
-2.7444732 -32.740536 2.9502196
-2.6994345 -32.739578 2.9502196
-2.6628351 -32.739326 2.9502199
-2.625819 -32.740551 2.9502196
-2.57462 -32.741192 2.9502199
-2.5347767 -32.739269 2.9502199
-2.5073965 -32.737949 2.9502199
-2.4661078 -32.740833 2.9502196
-2.4212799 -32.740574 2.9502199
-2.3757854 -32.738506 2.9502199
-2.3287663 -32.739887 2.9502194
-2.2963622 -32.742012 2.9502199
-2.2631545 -32.740593 2.9502194
-2.2290895 -32.739136 2.9502194
-2.1941125 -32.741341 2.9502194
-2.1398079 -32.739094 2.9502196
-2.0835154 -32.740612 2.9502194
-2.0446005 -32.742958 2.9502194
-2.0046203 -32.741413 2.9502194
-1.9635061 -32.739822 2.9502194
-1.9212086 -32.738186 2.9502194
-1.8776517 -32.740639 2.9502192
-1.8328043 -32.743156 2.9502194
-1.7866335 -32.741497 2.9502192
-1.7390524 -32.739788 2.9502192
-1.6899964 -32.738026 2.9502192
-1.6393688 -32.740662 2.9502192
-1.5871477 -32.738861 2.9502192
-3.8217378 -32.69997 2.9502225
-3.7805464 -32.699841 2.9502225
-3.7396281 -32.700108 2.9502218
-3.6991498 -32.699963 2.9502218
-3.6589887 -32.699986 2.9502206
-3.6202981 -32.70013 2.9502206
-3.5795703 -32.699955 2.9502203
-3.5402396 -32.700237 2.9502187
-3.5033762 -32.699921 2.9502187
-3.4645824 -32.700081 2.9502187
-3.4233201 -32.700245 2.9502187
-3.379174 -32.699886 2.9502189
-3.3391228 -32.69976 2.9502189
-3.3032978 -32.699821 2.9502192
-3.2653265 -32.700653 2.9502192
-3.2255189 -32.700008 2.9502192
-3.184298 -32.699306 2.9502192
-3.1403937 -32.70018 2.9502192
-3.1014938 -32.70015 2.9502194
-3.0613792 -32.699249 2.9502192
-3.0195491 -32.700886 2.9502194
-2.9852512 -32.699333 2.9502194
-2.9399033 -32.700626 2.9502192
-2.8914809 -32.698757 2.9502196
-2.8516102 -32.701298 2.9502196
-2.8207326 -32.699009 2.9502199
-2.7887862 -32.699543 2.9502196
-2.7447164 -32.699268 2.9502196
-2.6978595 -32.700562 2.9502196
-2.6630695 -32.699554 2.9502199
-2.6260574 -32.700127 2.9502199
-2.5758615 -32.701397 2.9502196
-2.5350056 -32.700459 2.9502199
-2.5076277 -32.698696 2.9502199
-2.4652493 -32.699306 2.9502199
-2.42152 -32.699909 2.9502194
-2.3774211 -32.698757 2.9502199
-2.328994 -32.701214 2.9502194
-2.2966139 -32.699303 2.9502194
-2.2633884 -32.700943 2.9502194
-2.2293262 -32.698971 2.9502194
-2.1943524 -32.700653 2.9502194
-2.1400304 -32.701363 2.9502196
-2.083765 -32.698265 2.9502194
-2.0448537 -32.700027 2.9502194
-2.0048537 -32.701839 2.9502194
-1.9637426 -32.699688 2.9502194
-1.9214485 -32.697472 2.9502194
-1.8778712 -32.703461 2.9502192
-1.8330513 -32.701237 2.9502194
-1.7868843 -32.698948 2.9502192
-1.7392817 -32.700905 2.9502192
-1.6902292 -32.698544 2.9502192
-1.6396052 -32.700558 2.9502192
-1.5873616 -32.702637 2.9502192
-3.7394731 -32.660084 2.9502218
-3.6990094 -32.659931 2.9502215
-3.6594818 -32.659878 2.9502206
-3.6208067 -32.659843 2.9502206
-3.5796545 -32.659805 2.9502203
-3.5405724 -32.660679 2.9502187
-3.5036066 -32.659756 2.9502187
-3.4646926 -32.660282 2.9502187
-3.4235585 -32.659817 2.9502187
-3.3805871 -32.660381 2.9502189
-3.3402009 -32.659882 2.9502189
-3.3039744 -32.659771 2.9502189
-3.265564 -32.660389 2.9502192
-3.2252355 -32.659523 2.9502192
-3.1839621 -32.660179 2.9502192
-3.1400347 -32.660065 2.9502192
-3.1012719 -32.659573 2.9502194
-3.0623255 -32.659843 2.9502192
-3.0197921 -32.659729 2.9502194
-2.9842973 -32.660107 2.9502194
-2.9393277 -32.659519 2.9502192
-2.8917077 -32.660301 2.9502196
-2.8525271 -32.660652 2.9502194
-2.8209679 -32.659195 2.9502199
-2.7881856 -32.660587 2.9502196
-2.7458167 -32.659447 2.9502196
-2.699002 -32.659863 2.9502196
-2.6633039 -32.659786 2.9502199
-2.6272495 -32.661224 2.9502196
-2.5740912 -32.66016 2.9502196
-2.5352342 -32.661655 2.9502199
-2.5078592 -32.659435 2.9502194
-2.4654849 -32.659355 2.9502199
-2.4217594 -32.659245 2.9502194
-2.3748417 -32.660919 2.9502199
-2.3292427 -32.659039 2.9502194
-2.296845 -32.660149 2.9502194
-2.263622 -32.661289 2.9502194
-2.229563 -32.658813 2.9502194
-2.194592 -32.659966 2.9502194
-2.1419396 -32.661705 2.9502196
-2.0839922 -32.659767 2.9502194
-2.0451066 -32.657093 2.9502194
-2.0050869 -32.662262 2.9502194
-1.9639794 -32.659554 2.9502194
-1.9216888 -32.656761 2.9502192
-1.8781147 -32.662148 2.9502192
-1.8332987 -32.659317 2.9502192
-1.7871101 -32.660652 2.9502192
-1.7395111 -32.662025 2.9502192
-1.6904619 -32.659058 2.9502192
-1.6398416 -32.660454 2.9502192
-1.5876017 -32.661888 2.9502192
-3.6992927 -32.620167 2.9502215
-3.6594596 -32.620113 2.9502206
-3.6211896 -32.619545 2.9502206
-3.5798893 -32.620014 2.9502203
-3.5407081 -32.620182 2.9502189
-3.5039601 -32.620106 2.9502187
-3.4651685 -32.619995 2.9502187
-3.4242024 -32.619896 2.9502187
-3.3800879 -32.620296 2.9502187
-3.3400178 -32.620022 2.9502189
-3.3037701 -32.619717 2.9502192
-3.265801 -32.620125 2.9502192
-3.2265155 -32.619823 2.9502192
-3.1841917 -32.620266 2.9502192
-3.1396658 -32.619896 2.9502192
-3.1019723 -32.618938 2.9502194
-3.0618436 -32.620445 2.9502192
-3.0205984 -32.619846 2.9502194
-2.9857142 -32.620762 2.9502194
-2.9395759 -32.619289 2.9502192
-2.8925939 -32.620453 2.9502194
-2.8520889 -32.620064 2.9502196
-2.8135223 -32.617474 2.9502199
-2.7849116 -32.624538 2.9502199
-2.7451859 -32.619698 2.9502196
-2.7001443 -32.619209 2.9502196
-2.6635382 -32.620018 2.9502199
-2.6255622 -32.620861 2.9502194
-2.5753326 -32.620373 2.9502199
-2.5354822 -32.619614 2.9502199
-2.4953661 -32.617435 2.9502196
-2.4554505 -32.623165 2.9502199
-2.4219992 -32.61858 2.9502194
-2.3764775 -32.621174 2.9502194
-2.3294706 -32.620369 2.9502194
-2.2970755 -32.620998 2.9502194
-2.2638772 -32.618034 2.9502194
-2.2297997 -32.618649 2.9502194
-2.1948321 -32.619278 2.9502194
-2.1388333 -32.620285 2.9502196
-2.0842192 -32.621265 2.9502194
-2.045337 -32.618065 2.9502194
-2.0053205 -32.622688 2.9502194
-1.9642159 -32.619415 2.9502192
-1.9219048 -32.620117 2.9502192
-1.8783581 -32.620842 2.9502192
-1.8335459 -32.617393 2.9502192
-1.7873358 -32.622353 2.9502192
-1.7397659 -32.618828 2.9502192
-1.6906947 -32.619576 2.9502192
-1.6401045 -32.615891 2.9502192
-1.6399732 -32.638172 2.9502192
-1.587842 -32.621147 2.9502192
-3.6596975 -32.579998 2.9502208
-3.6211479 -32.579597 2.9502206
-3.5807395 -32.580246 2.9502203
-3.5411577 -32.580166 2.9502187
-3.5000343 -32.579765 2.9502199
-3.460829 -32.580593 2.9502189
-3.4240289 -32.579987 2.9502187
-3.3809059 -32.57975 2.9502187
-3.3402529 -32.579449 2.9502189
-3.3040023 -32.580387 2.9502192
-3.2665331 -32.580643 2.9502192
-3.2262225 -32.580101 2.9502192
-3.1844337 -32.580334 2.9502192
-3.1411033 -32.579811 2.9502192
-3.1022046 -32.579567 2.9502194
-3.0620804 -32.580196 2.9502192
-3.0202622 -32.579994 2.9502194
-2.9853609 -32.580173 2.9502194
-2.9398024 -32.579052 2.9502192
-2.8921771 -32.580639 2.9502196
-2.85232 -32.580837 2.9502196
-2.8108525 -32.581051 2.9502196
-2.7786999 -32.57975 2.9502199
-2.7445552 -32.579899 2.9502196
-2.6985698 -32.580097 2.9502196
-2.6637728 -32.580254 2.9502199
-2.6277258 -32.580406 2.9502194
-2.5765736 -32.580631 2.9502194
-2.5357301 -32.577576 2.9502199
-2.4943171 -32.579334 2.9502194
-2.4515994 -32.581177 2.9502199
-2.4222391 -32.577911 2.9502194
-2.3767211 -32.579762 2.9502194
-2.3296986 -32.581699 2.9502194
-2.2973278 -32.578285 2.9502194
-2.264111 -32.578384 2.9502194
-2.2300367 -32.578484 2.9502194
-2.1950719 -32.57859 2.9502194
-2.1407423 -32.58062 2.9502196
-2.084446 -32.582771 2.9502194
-2.0455668 -32.579033 2.9502194
-2.0055537 -32.583111 2.9502194
-1.9644527 -32.579277 2.9502192
-1.9221207 -32.583473 2.9502192
-1.8786018 -32.579533 2.9502192
-1.8337684 -32.579666 2.9502192
-1.7875868 -32.579803 2.9502192
-1.7399951 -32.579945 2.9502192
-1.6909275 -32.580093 2.9502192
-1.6403147 -32.580242 2.9502192
-1.5880821 -32.580402 2.9502192
-3.5803623 -32.540112 2.9502203
-3.5411799 -32.540138 2.9502189
-3.4995203 -32.540169 2.9502199
-3.4561405 -32.539433 2.9502189
-3.4203129 -32.540726 2.9502189
-3.3804133 -32.539673 2.9502189
-3.3404901 -32.539581 2.9502192
-3.3042407 -32.540321 2.9502189
-3.2621744 -32.539368 2.9502189
-3.2233703 -32.541801 2.9502192
-3.1846621 -32.540421 2.9502192
-3.1407447 -32.539642 2.9502192
-3.1024368 -32.540203 2.9502194
-3.0623178 -32.539951 2.9502192
-3.0199268 -32.540108 2.9502194
-2.9850078 -32.539547 2.9502194
-2.9400499 -32.538815 2.9502192
-2.8917608 -32.540787 2.9502194
-2.8518827 -32.540199 2.9502194
-2.8110888 -32.541035 2.9502196
-2.7789397 -32.539124 2.9502199
-2.7456551 -32.540096 2.9502196
-2.7006056 -32.540974 2.9502196
-2.6640072 -32.540485 2.9502199
-2.6260386 -32.539978 2.9502196
-2.5758011 -32.540901 2.9502199
-2.535959 -32.538769 2.9502199
-2.4945498 -32.539845 2.9502194
-2.4518363 -32.540989 2.9502194
-2.4224787 -32.537243 2.9502194
-2.3783567 -32.540104 2.9502196
-2.3299472 -32.539524 2.9502194
-2.2975585 -32.539131 2.9502194
-2.2643445 -32.538731 2.9502194
-2.2302735 -32.538322 2.9502194
-2.1952901 -32.541599 2.9502194
-2.1426511 -32.541042 2.9502196
-2.0846956 -32.540421 2.9502194
-2.0457969 -32.540005 2.9502194
-2.0057871 -32.543541 2.9502192
-1.9646893 -32.539139 2.9502192
-1.9223608 -32.542763 2.9502192
-1.8788452 -32.538227 2.9502192
-1.8339907 -32.541939 2.9502192
-1.7878376 -32.537254 2.9502192
-1.7402242 -32.541069 2.9502192
-1.6911604 -32.540607 2.9502192
-1.6405512 -32.540138 2.9502192
-1.5883224 -32.539654 2.9502192
-3.5415213 -32.499649 2.9502187
-3.5001192 -32.500271 2.9502199
-3.4559379 -32.500137 2.9502187
-3.4192355 -32.499882 2.9502189
-3.3812363 -32.500164 2.9502189
-3.3407226 -32.500427 2.9502189
-3.3044744 -32.500263 2.9502192
-3.259944 -32.500175 2.9502189
-3.220325 -32.499634 2.9502194
-3.1854558 -32.49971 2.9502192
-3.1415768 -32.499508 2.9502192
-3.1031368 -32.499626 2.9502194
-3.0625553 -32.499706 2.9502192
-3.0207326 -32.50024 2.9502194
-2.9864244 -32.500278 2.9502194
-2.9411204 -32.499477 2.9502192
-2.8933063 -32.499611 2.9502194
-2.8527989 -32.499577 2.9502196
-2.8113246 -32.501019 2.9502196
-2.7791791 -32.498489 2.9502199
-2.7467546 -32.50034 2.9502196
-2.6999428 -32.500328 2.9502196
-2.6642418 -32.500717 2.9502194
-2.6282022 -32.499596 2.9502196
-2.5750291 -32.501118 2.9502194
-2.5361879 -32.499958 2.9502199
-2.4947827 -32.500362 2.9502194
-2.4520733 -32.500805 2.9502194
-2.4226985 -32.499969 2.9502194
-2.3771889 -32.500412 2.9502194
-2.3301752 -32.500854 2.9502194
-2.2977889 -32.499981 2.9502194
-2.2645786 -32.499081 2.9502194
-2.2304885 -32.501812 2.9502194
-2.1955299 -32.500912 2.9502192
-2.1395457 -32.499477 2.9502192
-2.0849452 -32.49807 2.9502194
-2.0460272 -32.500977 2.9502194
-2.0060437 -32.500004 2.9502192
-1.9649258 -32.499001 2.9502192
-1.922601 -32.502045 2.9502192
-1.8790888 -32.496918 2.9502192
-1.8342378 -32.500019 2.9502192
-1.7880634 -32.498959 2.9502192
-1.7404789 -32.497864 2.9502192
-1.6913933 -32.501125 2.9502192
-1.6407876 -32.500031 2.9502192
-1.5885627 -32.498905 2.9502192
-3.4558048 -32.46006 2.9502187
-3.4194727 -32.459999 2.9502189
-3.381319 -32.460102 2.9502187
-3.3413765 -32.460567 2.9502189
-3.305151 -32.460213 2.9502189
-3.2607417 -32.460339 2.9502189
-3.2201593 -32.459366 2.9502192
-3.1845679 -32.459789 2.9502192
-3.1412096 -32.46019 2.9502192
-3.1029153 -32.459011 2.9502194
-3.0627925 -32.459457 2.9502192
-3.0215385 -32.460403 2.9502194
-2.9860711 -32.459644 2.9502194
-2.9396594 -32.46014 2.9502192
-2.8928897 -32.459759 2.9502196
-2.8530304 -32.460354 2.9502196
-2.8115604 -32.461002 2.9502196
-2.7794187 -32.457859 2.9502199
-2.746124 -32.460526 2.9502196
-2.6992798 -32.459641 2.9502196
-2.6571469 -32.457806 2.9502196
-2.6232767 -32.464111 2.9502196
-2.5772855 -32.459866 2.9502194
-2.5364163 -32.461155 2.9502199
-2.4961026 -32.459293 2.9502194
-2.4523098 -32.460621 2.9502194
-2.4229183 -32.462692 2.9502194
-2.3774335 -32.459 2.9502194
-2.3304031 -32.462193 2.9502194
-2.2980201 -32.460827 2.9502194
-2.2648122 -32.459431 2.9502194
-2.2307255 -32.461647 2.9502194
-2.1957698 -32.460228 2.9502192
-2.1431401 -32.458084 2.9502196
-2.0851722 -32.459572 2.9502194
-2.0462575 -32.461948 2.9502192
-2.0063004 -32.45647 2.9502192
-1.9651626 -32.45887 2.9502192
-1.9228408 -32.46133 2.9502192
-1.8793079 -32.45974 2.9502192
-1.8344853 -32.458096 2.9502192
-1.7882891 -32.460663 2.9502192
-1.7407084 -32.458984 2.9502192
-1.6916258 -32.461643 2.9502192
-1.641024 -32.45993 2.9502192
-1.5888028 -32.45816 2.9502192
-3.4200759 -32.420116 2.9502189
-3.38185 -32.419533 2.9502187
-3.3407884 -32.419971 2.9502189
-3.3040566 -32.419434 2.9502189
-3.2604136 -32.420452 2.9502189
-3.2199941 -32.419064 2.9502194
-3.1859267 -32.419888 2.9502192
-3.1408396 -32.420826 2.9502192
-3.1031475 -32.41964 2.9502194
-3.0630205 -32.420052 2.9502192
-3.0212026 -32.420506 2.9502194
-2.9863033 -32.420345 2.9502196
-2.9415579 -32.419937 2.9502192
-2.8931167 -32.421295 2.9502196
-2.8539472 -32.419788 2.9502194
-2.8117964 -32.420982 2.9502196
-2.7796412 -32.420132 2.9502199
-2.7463672 -32.419258 2.9502194
-2.7013147 -32.420609 2.9502196
-2.6515276 -32.420296 2.9502194
-2.6151862 -32.421009 2.9502196
-2.5765135 -32.420082 2.9502194
-2.5366449 -32.422348 2.9502199
-2.4952674 -32.418125 2.9502194
-2.4525473 -32.420437 2.9502194
-2.4231579 -32.422028 2.9502194
-2.3762662 -32.419224 2.9502196
-2.3306518 -32.42001 2.9502192
-2.2982509 -32.421677 2.9502194
-2.2650459 -32.419781 2.9502194
-2.2309623 -32.421486 2.9502194
-2.1797009 -32.418629 2.9502196
-2.1232667 -32.419281 2.9502192
-2.0853992 -32.421074 2.9502192
-2.0464873 -32.422916 2.9502192
-2.0065336 -32.416893 2.9502192
-1.9653991 -32.418732 2.9502192
-1.9230808 -32.420616 2.9502192
-1.8795271 -32.422558 2.9502192
-1.8347075 -32.420368 2.9502192
-1.7885401 -32.41811 2.9502192
-1.7409375 -32.420105 2.9502192
-1.6918589 -32.422157 2.9502192
-1.6412604 -32.419823 2.9502192
-1.5890162 -32.421936 2.9502192
-3.3418546 -32.379444 2.9502189
-3.2989213 -32.380074 2.9502189
-3.2541616 -32.379284 2.9502192
-3.2210302 -32.380035 2.9502194
-3.1850388 -32.379917 2.9502192
-3.142262 -32.379936 2.9502192
-3.1033795 -32.380272 2.9502194
-3.0632572 -32.380646 2.9502192
-3.0214453 -32.379341 2.9502194
-2.9865346 -32.381039 2.9502194
-2.9409776 -32.380577 2.9502192
-2.8933597 -32.380085 2.9502194
-2.8535097 -32.379116 2.9502196
-2.8120322 -32.38097 2.9502196
-2.7798634 -32.382404 2.9502199
-2.7457368 -32.379383 2.9502196
-2.7006524 -32.379917 2.9502196
-2.6536469 -32.380459 2.9502196
-2.6154258 -32.38036 2.9502194
-2.5757413 -32.380245 2.9502196
-2.5368931 -32.380306 2.9502199
-2.4955001 -32.378635 2.9502194
-2.4527841 -32.380253 2.9502194
-2.4233978 -32.381363 2.9502194
-2.3792918 -32.381451 2.9502196
-2.3309007 -32.377827 2.9502194
-2.2985027 -32.378963 2.9502194
-2.26528 -32.380131 2.9502194
-2.231199 -32.381321 2.9502194
-2.1783004 -32.379456 2.9502196
-2.1234906 -32.381302 2.9502192
-2.0856264 -32.382576 2.9502194
-2.0467403 -32.379986 2.9502194
-2.0067673 -32.377319 2.9502192
-1.9656357 -32.378593 2.9502192
-1.9233211 -32.379906 2.9502192
-1.8797706 -32.381248 2.9502192
-1.8349298 -32.382641 2.9502192
-1.7887659 -32.379814 2.9502192
-1.7411666 -32.381222 2.9502192
-1.6921175 -32.378288 2.9502192
-1.6414967 -32.379715 2.9502192
-1.5892566 -32.381191 2.9502192
-1.5353448 -32.378113 2.9502192
-3.2991538 -32.340584 2.9502189
-3.2544007 -32.338696 2.9502192
-3.2150531 -32.338612 2.9502192
-3.181345 -32.341679 2.9502192
-3.1419199 -32.339767 2.9502192
-3.1036115 -32.340904 2.9502194
-3.0642037 -32.341301 2.9502192
-3.0216875 -32.338184 2.9502194
-2.9867821 -32.339119 2.9502194
-2.9412148 -32.340343 2.9502192
-2.8936026 -32.338879 2.9502196
-2.8537407 -32.339893 2.9502196
-2.8122685 -32.34095 2.9502196
-2.7801034 -32.341774 2.9502199
-2.7476926 -32.341232 2.9502196
-2.7008832 -32.340782 2.9502199
-2.6529498 -32.338863 2.9502194
-2.6156654 -32.339714 2.9502196
-2.5779974 -32.339092 2.9502194
-2.5371408 -32.338268 2.9502199
-2.495733 -32.339157 2.9502194
-2.4530208 -32.340069 2.9502194
-2.4236374 -32.340698 2.9502194
-2.378125 -32.341671 2.9502194
-2.3311286 -32.339165 2.9502194
-2.2987337 -32.339809 2.9502194
-2.2655137 -32.340477 2.9502194
-2.2314358 -32.34116 2.9502194
-2.1769006 -32.34021 2.9502196
-2.1237371 -32.33952 2.9502192
-2.0858757 -32.340229 2.9502194
-2.0469937 -32.337055 2.9502192
-2.0070004 -32.337746 2.9502192
-1.9658724 -32.338455 2.9502192
-1.9235611 -32.339188 2.9502192
-1.8800627 -32.33168 2.9502192
-1.879941 -32.352337 2.9502192
-1.8351772 -32.340721 2.9502192
-1.7889916 -32.341515 2.9502192
-1.741396 -32.342342 2.9502192
-1.6923503 -32.338806 2.9502192
-1.6417334 -32.339615 2.9502192
-1.5894969 -32.340446 2.9502192
-1.5355618 -32.341305 2.9502192
-3.2546403 -32.298111 2.9502192
-3.2141693 -32.300678 2.9502192
-3.1789579 -32.300949 2.9502194
-3.1421463 -32.301235 2.9502192
-3.0973635 -32.300228 2.9502192
-3.0582676 -32.303547 2.9502192
-3.0219152 -32.299599 2.9502196
-2.9810257 -32.298088 2.9502192
-2.937072 -32.302013 2.9502194
-2.8938291 -32.300415 2.9502196
-2.853972 -32.300671 2.9502196
-2.8125043 -32.300934 2.9502196
-2.7803426 -32.30114 2.9502199
-2.7470624 -32.301353 2.9502196
-2.7011139 -32.301647 2.9502196
-2.6531851 -32.298878 2.9502199
-2.6159053 -32.299068 2.9502194
-2.5772257 -32.299259 2.9502194
-2.5373697 -32.299461 2.9502194
-2.4959657 -32.299671 2.9502194
-2.4532578 -32.299885 2.9502194
-2.423877 -32.30003 2.9502194
-2.3783693 -32.300262 2.9502194
-2.3313565 -32.300495 2.9502194
-2.2989645 -32.300659 2.9502194
-2.2657471 -32.300827 2.9502194
-2.2316725 -32.300999 2.9502194
-2.180403 -32.299557 2.9502196
-2.1239831 -32.297741 2.9502192
-2.0861256 -32.297878 2.9502192
-2.0472236 -32.298023 2.9502192
-2.0072336 -32.298168 2.9502192
-1.966109 -32.298317 2.9502192
-1.9238008 -32.298473 2.9502192
-1.8802578 -32.298634 2.9502192
-1.8354242 -32.298801 2.9502192
-1.7892427 -32.298969 2.9502192
-1.7416506 -32.299141 2.9502192
-1.6925831 -32.299324 2.9502192
-1.6419697 -32.299507 2.9502192
-1.5897369 -32.299702 2.9502192
-1.5358061 -32.299896 2.9502192
-3.2144003 -32.261406 2.9502192
-3.1791945 -32.260864 2.9502192
-3.1423876 -32.260292 2.9502192
-3.0967829 -32.261181 2.9502192
-3.055794 -32.261482 2.9502194
-3.0221424 -32.261009 2.9502194
-2.9782484 -32.260395 2.9502192
-2.9324062 -32.259747 2.9502194
-2.8947155 -32.260506 2.9502194
-2.854203 -32.261444 2.9502196
-2.8127401 -32.260921 2.9502196
-2.7805822 -32.260509 2.9502199
-2.7473054 -32.260086 2.9502196
-2.7013624 -32.259502 2.9502196
-2.6534212 -32.258892 2.9502194
-2.6161263 -32.261547 2.9502194
-2.5774505 -32.261108 2.9502194
-2.5375986 -32.260654 2.9502194
-2.4961984 -32.260181 2.9502194
-2.4534948 -32.259701 2.9502194
-2.4241171 -32.259369 2.9502194
-2.3786132 -32.258846 2.9502194
-2.3316052 -32.258316 2.9502194
-2.2992163 -32.25795 2.9502194
-2.2659812 -32.261177 2.9502192
-2.2319093 -32.260834 2.9502194
-2.1790032 -32.260307 2.9502196
-2.124207 -32.259758 2.9502192
-2.0863528 -32.25938 2.9502192
-2.0474536 -32.258991 2.9502192
-2.0074673 -32.258595 2.9502192
-1.9663455 -32.258183 2.9502192
-1.924041 -32.257759 2.9502192
-1.8805014 -32.257328 2.9502192
-1.8356712 -32.256878 2.9502192
-1.7894685 -32.260674 2.9502192
-1.7418797 -32.260265 2.9502192
-1.6928158 -32.259838 2.9502192
-1.6422063 -32.259399 2.9502192
-1.5899774 -32.258953 2.9502192
-1.5360501 -32.258484 2.9502192
-3.1426296 -32.219353 2.9502192
-3.0963981 -32.220047 2.9502192
-3.0560322 -32.221062 2.9502194
-3.0223854 -32.219852 2.9502194
-2.9792998 -32.219986 2.9502192
-2.9326446 -32.219322 2.9502196
-2.8936551 -32.219444 2.9502194
-2.8551204 -32.220757 2.9502194
-2.8129761 -32.220898 2.9502196
-2.7808211 -32.219879 2.9502199
-2.7475488 -32.218819 2.9502196
-2.7015932 -32.220371 2.9502199
-2.653657 -32.218906 2.9502194
-2.6163659 -32.220898 2.9502196
-2.5776942 -32.219776 2.9502194
-2.5378273 -32.221848 2.9502194
-2.4964316 -32.220703 2.9502194
-2.4537315 -32.219517 2.9502194
-2.4243567 -32.2187 2.9502194
-2.3802493 -32.219055 2.9502196
-2.3318331 -32.219646 2.9502194
-2.2994473 -32.218796 2.9502194
-2.2662151 -32.221523 2.9502192
-2.2321463 -32.220673 2.9502194
-2.1792448 -32.219349 2.9502192
-2.1244311 -32.221779 2.9502192
-2.0865796 -32.220879 2.9502192
-2.0476837 -32.219963 2.9502192
-2.0077004 -32.219017 2.9502192
-1.9665823 -32.218048 2.9502192
-1.9242811 -32.217049 2.9502192
-1.8807204 -32.220146 2.9502192
-1.835894 -32.219151 2.9502192
-1.7896942 -32.222374 2.9502192
-1.7421091 -32.221382 2.9502192
-1.6930488 -32.220356 2.9502192
-1.6424425 -32.219299 2.9502192
-1.5902178 -32.218208 2.9502192
-1.536267 -32.22168 2.9502192
-1.4805608 -32.220589 2.9502192
-3.0562701 -32.180637 2.9502194
-3.0226281 -32.178692 2.9502194
-2.9779415 -32.180588 2.9502192
-2.933502 -32.180195 2.9502194
-2.8945415 -32.179535 2.9502196
-2.8546822 -32.18021 2.9502196
-2.8132117 -32.180885 2.9502196
-2.7810612 -32.179249 2.9502199
-2.7486494 -32.178963 2.9502194
-2.7018239 -32.181232 2.9502196
-2.6548262 -32.180397 2.9502194
-2.6166055 -32.180252 2.9502194
-2.5779381 -32.17844 2.9502194
-2.5380752 -32.179806 2.9502196
-2.496664 -32.181217 2.9502194
-2.4539685 -32.179329 2.9502194
-2.4245965 -32.178036 2.9502194
-2.3776691 -32.181313 2.9502196
-2.3320611 -32.180981 2.9502192
-2.2996778 -32.179642 2.9502194
-2.2664697 -32.178268 2.9502192
-2.232383 -32.180508 2.9502194
-2.179486 -32.178391 2.9502189
-2.1246774 -32.179996 2.9502192
-2.0868065 -32.182384 2.9502192
-2.047914 -32.180931 2.9502192
-2.0079336 -32.179443 2.9502192
-1.966819 -32.17791 2.9502192
-1.9245211 -32.176331 2.9502192
-1.8809395 -32.182972 2.9502192
-1.8361164 -32.181419 2.9502192
-1.789945 -32.179829 2.9502192
-1.7423637 -32.178181 2.9502192
-1.6932814 -32.18087 2.9502192
-1.6426793 -32.179192 2.9502192
-1.5904579 -32.177456 2.9502192
-1.5365112 -32.180267 2.9502192
-1.4807813 -32.183174 2.9502192
-1.4232059 -32.181419 2.9502192
-1.3636625 -32.179604 2.9502189
-1.3020476 -32.177727 2.9502189
-1.2382522 -32.175781 2.9502189
-3.0234346 -32.138783 2.9502194
-2.9797397 -32.140171 2.9502192
-2.9324863 -32.13987 2.9502194
-2.8947685 -32.141075 2.9502196
-2.854244 -32.139622 2.9502194
-2.813448 -32.140873 2.9502196
-2.7813008 -32.138618 2.9502199
-2.747144 -32.14077 2.9502194
-2.7020721 -32.139091 2.9502196
-2.6531768 -32.140541 2.9502194
-2.6168454 -32.139606 2.9502196
-2.5781629 -32.140289 2.9502194
-2.5383232 -32.137768 2.9502194
-2.496897 -32.141731 2.9502194
-2.4542053 -32.139149 2.9502194
-2.4248362 -32.137371 2.9502194
-2.3793051 -32.141521 2.9502194
-2.33231 -32.138802 2.9502192
-2.2999086 -32.140491 2.9502194
-2.2667038 -32.138618 2.9502192
-2.2326198 -32.14035 2.9502194
-2.1797056 -32.141155 2.9502189
-2.1249237 -32.138214 2.9502192
-2.0870562 -32.140034 2.9502192
-2.0481441 -32.141907 2.9502192
-2.008167 -32.13987 2.9502192
-1.9670556 -32.137772 2.9502192
-1.9247372 -32.13969 2.9502192
-1.8811833 -32.141663 2.9502192
-1.8363634 -32.139503 2.9502192
-1.7901962 -32.137276 2.9502192
-1.7425928 -32.139301 2.9502192
-1.6935142 -32.141388 2.9502192
-1.6429157 -32.139084 2.9502192
-1.5906714 -32.141239 2.9502192
-1.5367554 -32.138859 2.9502192
-1.4810295 -32.141079 2.9502192
-1.4234303 -32.143375 2.9502189
-1.3638905 -32.140907 2.9502189
-1.3022797 -32.138359 2.9502189
-1.2384884 -32.135719 2.9502189
-1.1723378 -32.143181 2.9502189
-1.1038209 -32.14053 2.9502189
-1.0327426 -32.137779 2.9502189
-2.9791903 -32.099838 2.9502192
-2.9339786 -32.099373 2.9502194
-2.8956549 -32.101212 2.9502192
-2.8551614 -32.098946 2.9502196
-2.8136837 -32.100853 2.9502194
-2.7815402 -32.097988 2.9502199
-2.7482445 -32.100918 2.9502194
-2.7023029 -32.099957 2.9502194
-2.6552975 -32.100464 2.9502194
-2.6170847 -32.098957 2.9502194
-2.5794039 -32.10051 2.9502194
-2.5385516 -32.098965 2.9502194
-2.4982173 -32.100567 2.9502194
-2.4544423 -32.098965 2.9502194
-2.425056 -32.10009 2.9502194
-2.379549 -32.100109 2.9502189
-2.3325379 -32.100136 2.9502192
-2.3001397 -32.101337 2.9502192
-2.2669375 -32.098965 2.9502192
-2.2328568 -32.100185 2.9502192
-2.1799471 -32.100204 2.9502189
-2.1251478 -32.100235 2.9502192
-2.0873058 -32.097687 2.9502192
-2.0483742 -32.102875 2.9502192
-2.0084004 -32.100292 2.9502192
-1.9672921 -32.097633 2.9502192
-1.9249535 -32.103046 2.9502192
-1.8814268 -32.100349 2.9502192
-1.8366106 -32.097576 2.9502192
-1.7904217 -32.09898 2.9502192
-1.7428221 -32.100422 2.9502192
-1.6937469 -32.101906 2.9502192
-1.6431521 -32.098984 2.9502192
-1.5909119 -32.100491 2.9502192
-1.5369725 -32.102051 2.9502192
-1.4812775 -32.098984 2.9502192
-1.4236828 -32.100574 2.9502189
-1.3641187 -32.102215 2.9502189
-1.3025119 -32.098991 2.9502189
-1.2387245 -32.095654 2.9502189
-1.1725781 -32.10239 2.9502189
-1.1040659 -32.098995 2.9502189
-1.0329608 -32.100758 2.9502189
-2.9770093 -32.072147 2.9370279
-2.9379189 -32.071949 2.9363799
-2.8980093 -32.072086 2.9365902
-2.8603742 -32.07201 2.9366462
-2.82093 -32.07209 2.9365323
-2.7814791 -32.071754 2.9357543
-2.7405295 -32.072037 2.9364638
-2.696914 -32.072361 2.9373367
-2.6586277 -32.072361 2.9379444
-2.622731 -32.071907 2.9360614
-2.580373 -32.072151 2.9375296
-2.5423462 -32.071941 2.9364319
-2.5007291 -32.072048 2.9367483
-2.4593143 -32.071915 2.9367104
-2.4238732 -32.072277 2.9369571
-2.3839922 -32.072186 2.9372137
-2.3435173 -32.072208 2.9368386
-2.3044758 -32.071995 2.9361074
-2.2632802 -32.071815 2.9365842
-2.2217524 -32.072128 2.9368784
-2.1821866 -32.072151 2.9379048
-2.1430628 -32.072105 2.9361637
-2.0965941 -32.071884 2.9353878
-2.0559013 -32.072529 2.9383869
-2.0218515 -32.072212 2.9371266
-1.9810662 -32.071827 2.9356105
-1.9354414 -32.072445 2.9374483
-1.8984343 -32.072113 2.9361227
-1.8621161 -32.071682 2.93485
-1.8256571 -32.071777 2.9354219
-1.7882152 -32.072437 2.9378657
-1.7473245 -32.072041 2.9364979
-1.7042003 -32.072609 2.9367518
-1.6595563 -32.072315 2.937427
-1.618632 -32.071697 2.9339652
-1.5779998 -32.071934 2.936857
-1.5408498 -32.073174 2.9385691
-1.5033166 -32.072258 2.9386468
-1.4594607 -32.071705 2.9350204
-1.4232085 -32.071785 2.9360528
-1.3826029 -32.072613 2.9390526
-1.3346785 -32.071712 2.9354393
-1.2972982 -32.07238 2.936269
-1.2553781 -32.071716 2.9377003
-1.214445 -32.071716 2.9338195
-1.1831383 -32.073017 2.9410255
-1.1440021 -32.07172 2.934025
-1.1017537 -32.072163 2.9401922
-1.0559076 -32.071724 2.9363759
-1.0160387 -32.073696 2.9367533
-0.97934532 -32.071728 2.9366248
0 0 0 1 0 0 0 1 0 0 0 1 0 0 0 0 0 8268 1 0 0
