ply
format ascii 1.0
comment PCL generated
element vertex 11422
property float x
property float y
property float z
element face 0
element camera 1
property float view_px
property float view_py
property float view_pz
property float x_axisx
property float x_axisy
property float x_axisz
property float y_axisx
property float y_axisy
property float y_axisz
property float z_axisx
property float z_axisy
property float z_axisz
property float focal
property float scalex
property float scaley
property float centerx
property float centery
property int viewportx
property int viewporty
property float k1
property float k2
end_header
-0.29167676 -9.9933605 0.1141746
-0.26128516 -9.9933634 0.10710152
-0.23055768 -9.9933662 0.099950433
-0.41031647 -10.003366 0.15361691
-0.38132191 -10.003367 0.15229607
-0.33754396 -10.003253 0.15047097
-0.29405308 -10.002825 0.15451372
-0.25672689 -10.001769 0.15256183
-0.2315712 -10.003377 0.15639162
-0.38229403 -9.9962416 0.14849918
-0.33515239 -9.9938574 0.13719673
-0.29674697 -9.994194 0.14285767
-0.26098713 -9.9934645 0.13946407
-0.23057859 -9.9933596 0.13811357
-0.49548078 -10.00336 0.19390917
-0.46739101 -10.003362 0.18759172
-0.42466044 -10.003365 0.1806241
-0.38132191 -10.003367 0.1788609
-0.33720374 -10.00337 0.17706597
-0.29244709 -10.003373 0.18064435
-0.26217556 -10.003375 0.17944233
-0.2315712 -10.003377 0.17822695
-3.5715778 -13.045867 0.23031378
-0.60495901 -10.003353 0.23381591
-0.57801247 -10.003355 0.22783446
-0.53506744 -10.003357 0.21830185
-0.49548078 -10.00336 0.21991809
-0.46739101 -10.003362 0.22419572
-0.42466044 -10.003365 0.2227903
-0.38132191 -10.003367 0.22136486
-0.33720374 -10.00337 0.2199136
-0.29244709 -10.003373 0.21844125
-0.26217556 -10.003375 0.21744561
-0.2315712 -10.003377 0.21643901
-3.5715778 -13.045867 0.26100683
-3.5715756 -13.002223 0.25807548
-3.5715733 -12.959286 0.26525676
-3.5715714 -12.917038 0.27731514
-0.69279069 -10.003348 0.27335104
-0.65803194 -10.003349 0.26577082
-0.61829472 -10.003352 0.25965241
-0.57801247 -10.003355 0.25856286
-0.53703237 -10.003357 0.25745451
-0.49548078 -10.00336 0.25633061
-0.46739101 -10.003362 0.2607998
-0.42466044 -10.003365 0.25968572
-0.38132191 -10.003367 0.26386875
-0.33720374 -10.00337 0.26276129
-0.29244709 -10.003373 0.26163775
-0.26217556 -10.003375 0.26087797
-0.2315712 -10.003377 0.2601099
-3.5715778 -13.045867 0.30193108
-3.5715756 -13.002223 0.29866564
-3.5715733 -12.959286 0.29545307
-3.5715714 -12.917038 0.30227661
-3.5715687 -12.875463 0.304039
-3.5715671 -12.834544 0.31068707
-0.8109796 -10.00334 0.31870341
-0.77105415 -10.003344 0.31015211
-0.73565197 -10.003345 0.30256957
-0.69710267 -10.003347 0.30182734
-0.6580317 -10.003349 0.30107486
-0.61829472 -10.003353 0.30030969
-0.57801247 -10.003355 0.29953408
-0.53703237 -10.003357 0.2987451
-0.49548042 -10.00336 0.29794472
-0.46739101 -10.003362 0.29740381
-0.42466044 -10.003365 0.29658115
-0.38132191 -10.003367 0.30105963
-0.33720374 -10.00337 0.30025312
-0.29244709 -10.003373 0.29943466
-0.26217556 -10.003375 0.29888129
-0.2315712 -10.003377 0.29832187
-3.5715778 -13.045867 0.34285522
-3.5715756 -13.002223 0.33925581
-3.5715733 -12.959286 0.33571482
-3.5715714 -12.917038 0.34221506
-3.571569 -12.875463 0.33870685
-3.5715671 -12.834544 0.34016767
-3.5715652 -12.794268 0.34160548
-3.5715632 -12.754618 0.34785783
-3.5715613 -12.71558 0.35881329
-0.89208335 -10.003335 0.35533643
-0.85997391 -10.003337 0.34858426
-0.82328832 -10.00334 0.34331697
-0.77356493 -10.003343 0.34274691
-0.73565197 -10.003345 0.34231234
-0.69710267 -10.003347 0.34187049
-0.6580317 -10.003349 0.34142244
-0.61829472 -10.003353 0.34096694
-0.57801247 -10.003355 0.34050518
-0.53703237 -10.003357 0.34003556
-0.4954803 -10.00336 0.33955902
-0.46739101 -10.003362 0.33923703
-0.42466044 -10.003365 0.33874732
-0.38132191 -10.003367 0.33825064
-0.33720374 -10.00337 0.33774471
-0.29244709 -10.003373 0.33723158
-0.26217556 -10.003375 0.33688462
-0.2315712 -10.003377 0.33653384
-3.571578 -13.045867 0.38377932
-3.5715756 -13.002223 0.3798461
-3.5715733 -12.959286 0.37597659
-3.5715714 -12.917038 0.38215363
-3.571569 -12.875463 0.37832728
-3.5715671 -12.834544 0.3843883
-3.5715652 -12.794268 0.38060462
-3.5715632 -12.754618 0.37687972
-3.5715613 -12.71558 0.38281143
-3.5715592 -12.677139 0.38388947
-3.5715575 -12.639285 0.39440441
-1.0013866 -10.003328 0.39715755
-0.97837877 -10.003329 0.39240897
-0.94174963 -10.003332 0.38484892
-0.89606786 -10.003335 0.38264388
-0.85997391 -10.003337 0.38251144
-0.82328844 -10.00334 0.38237679
-0.77356493 -10.003343 0.38219422
-0.73565197 -10.003345 0.38205501
-0.69710267 -10.003347 0.38191366
-0.65803176 -10.003349 0.3817701
-0.61829472 -10.003352 0.38162416
-0.57801247 -10.003355 0.38147637
-0.53703237 -10.003357 0.38132605
-0.49548036 -10.00336 0.38117331
-0.46739107 -10.003362 0.38107026
-0.42466056 -10.003366 0.38091344
-0.38132191 -10.003367 0.38075444
-0.33720374 -10.00337 0.38059238
-0.29244709 -10.003373 0.38042799
-0.26217556 -10.003375 0.38031697
-0.2315712 -10.003377 0.38020468
-3.571578 -13.045867 0.419588
-3.5715756 -13.002223 0.42043638
-3.5715733 -12.959286 0.41623825
-3.5715714 -12.917038 0.42209214
-3.5715692 -12.875463 0.41794777
-3.5715671 -12.834544 0.42369568
-3.5715654 -12.794268 0.41960385
-3.5715632 -12.754618 0.42041254
-3.5715613 -12.71558 0.42120862
-3.5715592 -12.677139 0.41722977
-3.5715568 -12.620644 0.4207992
-3.5715535 -12.565274 0.42892995
-3.5715518 -12.529095 0.43425453
-1.0912788 -10.003323 0.43419611
-1.0557009 -10.003325 0.42699179
-1.0127821 -10.003327 0.42065552
-0.97837877 -10.003329 0.42079735
-0.94342494 -10.003332 0.42094117
-0.8960681 -10.003335 0.4211365
-0.85997391 -10.003337 0.4212853
-0.82328844 -10.00334 0.42143649
-0.77356505 -10.003342 0.42164141
-0.73565197 -10.003345 0.42179769
-0.69710279 -10.003347 0.42195663
-0.65803194 -10.003349 0.42211759
-0.61829484 -10.003353 0.42228138
-0.57801247 -10.003355 0.42244744
-0.53703249 -10.003357 0.42261645
-0.49548054 -10.00336 0.42278749
-0.46739125 -10.003362 0.42290333
-0.42466092 -10.003365 0.42307958
-0.38132191 -10.003367 0.42325827
-0.33720374 -10.00337 0.42343992
-0.29244709 -10.003373 0.4236244
-0.26217556 -10.003375 0.41832018
-0.2315712 -10.003377 0.41841659
-3.571578 -13.045867 0.45539665
-3.5715756 -13.002223 0.46102667
-3.5715733 -12.959286 0.45649999
-3.5715714 -12.917038 0.46203059
-3.5715692 -12.875463 0.45756817
-3.5715671 -12.834544 0.46300304
-3.5715654 -12.794268 0.45860305
-3.5715632 -12.754618 0.46394542
-3.5715613 -12.71558 0.45960578
-3.5715592 -12.677139 0.4600957
-3.5715566 -12.618571 0.46084198
-3.5715537 -12.565274 0.46152118
-3.5715518 -12.529095 0.45736098
-3.5715499 -12.493448 0.46243656
-3.571548 -12.458324 0.4674378
-3.5715466 -12.42371 0.47688687
-1.1849433 -10.003317 0.47581372
-1.1442198 -10.003319 0.46776581
-1.1022556 -10.003322 0.45717245
-1.0579376 -10.003325 0.45770061
-1.0127821 -10.003327 0.45823869
-0.9783783 -10.003329 0.45864832
-0.94342494 -10.003332 0.45906484
-0.8960681 -10.003335 0.45962918
-0.85997391 -10.003337 0.46005923
-0.82328832 -10.003339 0.46049631
-0.77356505 -10.003343 0.46108872
-0.73565197 -10.003345 0.46154046
-0.69710279 -10.003347 0.46199983
-0.65803194 -10.003349 0.46246523
-0.61829484 -10.003352 0.46293867
-0.57801247 -10.003355 0.46341863
-0.53703249 -10.003357 0.463907
-0.49548054 -10.00336 0.45920005
-0.46739125 -10.003362 0.45950738
-0.42466092 -10.003365 0.45997497
-0.38132191 -10.003367 0.46044922
-0.33720374 -10.00337 0.46093169
-0.29244709 -10.003373 0.46142134
-0.26217556 -10.003375 0.45632353
-0.2315712 -10.003377 0.45662862
-3.571578 -13.045867 0.49632084
-3.5715756 -13.002223 0.5016169
-3.5715733 -12.959286 0.49676174
-3.5715714 -12.917038 0.50196916
-3.5715692 -12.875463 0.49718857
-3.5715671 -12.834544 0.5023104
-3.5715652 -12.794268 0.49760213
-3.5715632 -12.754618 0.50264126
-3.5715613 -12.71558 0.49800298
-3.5715592 -12.677139 0.50296164
-3.5715568 -12.620642 0.50083196
-3.5715537 -12.565274 0.49876845
-3.5715518 -12.529095 0.49895269
-3.5715499 -12.493448 0.49913424
-3.571548 -12.458324 0.49931312
-3.5715466 -12.42371 0.4994894
-3.5715449 -12.389597 0.50415105
-3.5715425 -12.344922 0.51173025
-1.2818053 -10.00331 0.51269937
-1.2490381 -10.003313 0.50635147
-1.2200198 -10.003314 0.50072986
-1.1884701 -10.003317 0.50141305
-1.1457591 -10.003319 0.50233799
-1.1022555 -10.003321 0.49866921
-1.0579374 -10.003325 0.49958581
-1.0127821 -10.003327 0.50051975
-0.9783783 -10.003329 0.49649966
-0.94342494 -10.003332 0.49718854
-0.8960681 -10.003335 0.49812186
-0.85997391 -10.003337 0.49883324
-0.8232882 -10.003339 0.49955609
-0.77356505 -10.003342 0.50053608
-0.73565197 -10.003345 0.50128317
-0.69710255 -10.003347 0.50204283
-0.65803194 -10.003349 0.5028128
-0.61829484 -10.003351 0.50359589
-0.57801247 -10.003355 0.50438982
-0.53703243 -10.003357 0.50003624
-0.49548054 -10.00336 0.49561256
-0.46739125 -10.003362 0.49611145
-0.42466092 -10.003366 0.49687034
-0.38132191 -10.003367 0.4976401
-0.33720374 -10.00337 0.49842352
-0.29244709 -10.003373 0.49921823
-0.26217556 -10.003375 0.49975589
-0.2315712 -10.003377 0.50029945
-3.571578 -13.045867 0.53724504
-3.5715756 -13.002223 0.54220712
-3.5715733 -12.959286 0.53702348
-3.5715714 -12.917038 0.54190761
-3.5715692 -12.875463 0.53680897
-3.5715671 -12.834544 0.54161775
-3.5715652 -12.794268 0.53660131
-3.5715632 -12.754618 0.54133707
-3.5715613 -12.71558 0.53640008
-3.5715592 -12.677139 0.54106474
-3.571557 -12.622713 0.54087341
-3.5715537 -12.565274 0.54067159
-3.5715518 -12.529095 0.54054433
-3.5715499 -12.493448 0.5404191
-3.571548 -12.458324 0.54029566
-3.5715466 -12.42371 0.54017401
-3.5715449 -12.389597 0.54005414
-3.571542 -12.341239 0.53988409
-3.5715399 -12.290146 0.54409754
-3.5715382 -12.257927 0.54831529
-3.5715365 -12.226156 0.55680621
-1.3681669 -10.003304 0.55118871
-1.3306018 -10.003306 0.5440942
-1.2919198 -10.00331 0.53900671
-1.2510974 -10.003311 0.54024863
-1.2200198 -10.003314 0.54119408
-1.1896458 -10.003317 0.54010171
-1.1457591 -10.003319 0.538885
-1.1022555 -10.003322 0.54016584
-1.0579374 -10.003325 0.54147106
-1.0127821 -10.003327 0.54280084
-0.9783783 -10.003329 0.53908235
-0.943425 -10.003332 0.54007769
-0.89606798 -10.003334 0.5366146
-0.85997391 -10.003337 0.53760719
-0.8232882 -10.00334 0.53861594
-0.77356505 -10.003343 0.53998339
-0.73565197 -10.003345 0.541026
-0.69710255 -10.003347 0.54208601
-0.65803194 -10.003349 0.54316044
-0.61829484 -10.003352 0.54425323
-0.57801247 -10.003355 0.54023957
-0.53703225 -10.003358 0.53616536
-0.49548054 -10.00336 0.53722686
-0.46739125 -10.003362 0.53794467
-0.42466092 -10.003365 0.53903657
-0.38132191 -10.003367 0.54014403
-0.33720362 -10.00337 0.54127115
-0.29244709 -10.003373 0.54241472
-0.26217556 -10.003375 0.54318827
-0.2315712 -10.003377 0.53851146
-3.571578 -13.045867 0.57816917
-3.5715756 -13.002223 0.58279741
-3.5715733 -12.959286 0.57728523
-3.5715714 -12.917038 0.58184618
-3.5715692 -12.875463 0.57642949
-3.5715671 -12.834544 0.58092511
-3.5715652 -12.794268 0.58047545
-3.5715632 -12.754618 0.58003289
-3.5715613 -12.71558 0.579597
-3.5715592 -12.677139 0.57916784
-3.5715568 -12.620642 0.58090019
-3.5715537 -12.565274 0.58257467
-3.5715518 -12.529095 0.57751477
-3.5715499 -12.493448 0.58170384
-3.571548 -12.458324 0.5812782
-3.5715466 -12.42371 0.58085865
-3.5715451 -12.389597 0.58044511
-3.571542 -12.337556 0.5798142
-3.5715396 -12.290146 0.57923967
-3.5715382 -12.257927 0.57884896
-3.5715365 -12.226156 0.57846415
-3.5715344 -12.181581 0.58587444
-3.5715318 -12.133444 0.59431195
-1.4638535 -10.003299 0.59055251
-1.4164935 -10.003303 0.58183897
-1.3714215 -10.003304 0.58007365
-1.3320214 -10.003306 0.5816561
-1.2919197 -10.00331 0.57884073
-1.2510974 -10.003312 0.58044046
-1.2200198 -10.003314 0.58165842
-1.1872945 -10.003317 0.58042037
-1.145759 -10.003319 0.58000028
-1.1034751 -10.003323 0.57956201
-1.0579375 -10.003325 0.57870233
-1.0127821 -10.003327 0.58038402
-0.9783783 -10.003329 0.58166504
-0.94342494 -10.003332 0.58296674
-0.89606798 -10.003334 0.57991886
-0.85997391 -10.003337 0.57638115
-0.8232882 -10.00334 0.5776757
-0.77356505 -10.003343 0.57943064
-0.73565197 -10.003345 0.5807687
-0.69710255 -10.003348 0.58212918
-0.65803194 -10.003349 0.58350807
-0.62019998 -10.003352 0.5826596
-0.57801247 -10.003355 0.57608938
-0.53703225 -10.003357 0.57745582
-0.49548054 -10.00336 0.57884121
-0.46739125 -10.003362 0.57977784
-0.42466092 -10.003365 0.58120275
-0.38132191 -10.003367 0.58264792
-0.33931944 -10.00337 0.58174658
-0.29244709 -10.003373 0.58021158
-0.26217556 -10.003375 0.5811916
-0.2315712 -10.003377 0.57672346
-3.571578 -13.045867 0.6190933
-3.5715756 -13.002223 0.62338769
-3.5715733 -12.959286 0.61754698
-3.5715714 -12.917038 0.62178463
-3.5715692 -12.875463 0.61604989
-3.5715671 -12.834544 0.62023246
-3.5715652 -12.794268 0.62434959
-3.5715632 -12.754618 0.61872852
-3.5715613 -12.71558 0.62279379
-3.5715592 -12.677139 0.61727083
-3.5715566 -12.61857 0.6208756
-3.5715537 -12.565274 0.61982185
-3.5715518 -12.529095 0.61910641
-3.5715499 -12.493448 0.61840153
-3.5715485 -12.458323 0.62226087
-3.5715466 -12.42371 0.62154329
-3.5715449 -12.389597 0.62083614
-3.571542 -12.341239 0.61983359
-3.5715394 -12.290147 0.61877441
-3.5715382 -12.257927 0.62246859
-3.5715365 -12.226156 0.61744833
-3.5715342 -12.181091 0.62080258
-3.5715318 -12.133444 0.61976939
-3.5715303 -12.103378 0.61911732
-3.5715282 -12.062012 0.62989581
-1.5734024 -10.003292 0.63561898
-1.5405139 -10.003295 0.62766379
-1.5030327 -10.003296 0.61886281
-1.4669702 -10.003299 0.61879122
-1.4196782 -10.003301 0.62115121
-1.3714213 -10.003304 0.61921066
-1.3320212 -10.003306 0.62113851
-1.2919197 -10.00331 0.61867464
-1.2510974 -10.003312 0.62063229
-1.2200198 -10.003314 0.61762673
-1.1884701 -10.003316 0.61910892
-1.1457589 -10.003319 0.62111557
-1.1010358 -10.003323 0.6206491
-1.0579375 -10.003325 0.62058759
-1.0127821 -10.003326 0.61796725
-0.9783783 -10.003329 0.61951631
-0.94342494 -10.003332 0.62109047
-0.8960681 -10.003335 0.62322319
-0.85997391 -10.003337 0.62000191
-0.8232882 -10.00334 0.61673558
-0.77356505 -10.003343 0.61887801
-0.73565197 -10.003345 0.62051147
-0.69710255 -10.003347 0.6221723
-0.65803194 -10.003349 0.62385565
-0.61638969 -10.003352 0.61765432
-0.57801247 -10.003355 0.61706054
-0.53703225 -10.003357 0.61874634
-0.49548054 -10.00336 0.6204555
-0.46739125 -10.003362 0.62161106
-0.42466092 -10.003365 0.62336898
-0.38132191 -10.003367 0.61983883
-0.33508757 -10.00337 0.61862665
-0.29244709 -10.003373 0.61800855
-0.26217556 -10.003375 0.61919487
-0.2315712 -10.003377 0.62039429
-3.571578 -13.045867 0.66001749
-3.5715756 -13.002223 0.66397786
-3.5715733 -12.959286 0.65780872
-3.5715714 -12.917038 0.66172314
-3.5715692 -12.875463 0.65567029
-3.5715671 -12.834544 0.65953982
-3.5715652 -12.794268 0.66334879
-3.5715632 -12.754618 0.65742439
-3.5715613 -12.71558 0.66119093
-3.5715592 -12.677139 0.66013682
-3.5715568 -12.620642 0.66093284
-3.5715537 -12.565274 0.65706903
-3.5715518 -12.529095 0.66069812
-3.5715499 -12.493448 0.65968639
-3.5715485 -12.458324 0.65868962
-3.5715466 -12.42371 0.66222799
-3.5715451 -12.389597 0.66122711
-3.571542 -12.337556 0.65970033
-3.5715394 -12.290147 0.65830946
-3.571538 -12.257927 0.66172624
-3.5715365 -12.226156 0.6607641
-3.5715342 -12.177657 0.65929484
-3.5715318 -12.133444 0.66219848
-3.5715301 -12.103378 0.65704477
-3.5715282 -12.06071 0.65992558
-3.5715261 -12.015575 0.65851516
-3.5715244 -11.987082 0.66583061
-3.5715227 -11.949708 0.67135805
-1.660585 -10.003286 0.67148429
-1.6174141 -10.003289 0.66400391
-1.5773525 -10.003291 0.66121042
-1.5395097 -10.003295 0.65887505
-1.5040542 -10.003296 0.65913409
-1.4669702 -10.003298 0.66134602
-1.4196782 -10.003303 0.6598652
-1.3714215 -10.003304 0.65834761
-1.3320214 -10.003306 0.66062099
-1.2919198 -10.00331 0.65850878
-1.2510974 -10.003312 0.66082418
-1.2200198 -10.003314 0.65809101
-1.1884701 -10.003317 0.65984988
-1.1469561 -10.003319 0.66012895
-1.1022555 -10.003321 0.66004521
-1.0579374 -10.003325 0.66247278
-1.0127819 -10.003327 0.66024816
-0.9783783 -10.003329 0.65736759
-0.94342494 -10.003332 0.65921408
-0.8960681 -10.003335 0.66171587
-0.85997367 -10.003337 0.6636225
-0.82465577 -10.00334 0.65843165
-0.77356505 -10.003343 0.65832531
-0.73565197 -10.003345 0.66025424
-0.69710255 -10.003347 0.66221547
-0.65803194 -10.003349 0.66420329
-0.61829484 -10.003353 0.6560607
-0.57801247 -10.003355 0.6580317
-0.53703225 -10.003357 0.6600368
-0.49548054 -10.00336 0.6620698
-0.46739125 -10.003362 0.66344428
-0.42466092 -10.003365 0.66026431
-0.38132191 -10.003367 0.65702975
-0.3372035 -10.00337 0.6591022
-0.29244709 -10.003373 0.66120499
-0.26217556 -10.003375 0.66262728
-0.2315712 -10.003377 0.65860635
-3.571578 -13.045867 0.68559504
-3.5715756 -13.002223 0.68934679
-3.5715733 -12.959286 0.68297231
-3.5715714 -12.917038 0.68668473
-3.5715692 -12.875463 0.68538558
-3.5715671 -12.834544 0.68410695
-3.5715652 -12.794268 0.68772328
-3.5715632 -12.754618 0.68160927
-3.5715613 -12.71558 0.68518913
-3.5715592 -12.677139 0.68871415
-3.5715566 -12.620642 0.68447715
-3.5715537 -12.565274 0.68500441
-3.5715518 -12.529095 0.68380463
-3.5715499 -12.493448 0.68720961
-3.5715485 -12.458324 0.68145764
-3.5715466 -12.42371 0.68483055
-3.5715449 -12.389596 0.68815458
-3.5715423 -12.339397 0.68416578
-3.5715394 -12.290147 0.6846661
-3.571538 -12.257927 0.68353593
-3.5715365 -12.226156 0.68675351
-3.5715344 -12.184525 0.68525344
-3.5715318 -12.133444 0.68765593
-3.5715303 -12.103378 0.68232965
-3.5715282 -12.054207 0.68472522
-3.5715261 -12.015575 0.68329632
-3.5715244 -11.987082 0.68634534
-3.5715227 -11.949708 0.68492717
-3.5715203 -11.903809 0.68720889
-1.7714422 -10.003279 0.71444631
-1.7351139 -10.003282 0.70836383
-1.697264 -10.003284 0.70000714
-1.6634277 -10.003286 0.69839776
-1.6203158 -10.00329 0.70147306
-1.5753775 -10.003291 0.69821912
-1.540514 -10.003295 0.698798
-1.5040541 -10.003296 0.7013278
-1.4669702 -10.003299 0.6996454
-1.4196783 -10.003302 0.69857913
-1.3714215 -10.003304 0.70183325
-1.3320212 -10.003306 0.7001034
-1.2919198 -10.00331 0.69834262
-1.2510974 -10.003312 0.70101595
-1.2200198 -10.003314 0.69855529
-1.1884701 -10.003317 0.70059073
-1.1445615 -10.003319 0.70087957
-1.1034751 -10.003322 0.6994105
-1.0579375 -10.003325 0.69970411
-1.0127819 -10.003327 0.70252931
-0.9783783 -10.003329 0.69995034
-0.94342494 -10.003332 0.69733781
-0.8960681 -10.003335 0.70020843
-0.85997343 -10.003337 0.70239651
-0.8232882 -10.00334 0.69972575
-0.77356505 -10.003342 0.69777262
-0.73565197 -10.003345 0.69999695
-0.69710243 -10.003347 0.70225859
-0.65803194 -10.003349 0.70455092
-0.61829484 -10.003353 0.69671792
-0.57801247 -10.003355 0.69900286
-0.53703225 -10.003357 0.70132732
-0.49548054 -10.00336 0.70368415
-0.46739125 -10.003362 0.70004827
-0.42466092 -10.003365 0.69715971
-0.38132191 -10.003367 0.6995337
-0.3372035 -10.00337 0.70194995
-0.29244709 -10.003373 0.69900197
-0.26217556 -10.003375 0.70063061
-0.2315712 -10.003377 0.69681829
-1.7795025 -10.003279 0.72172624
-1.7470027 -10.003281 0.72429788
-1.6888738 -10.003284 0.72081864
-1.6634279 -10.003286 0.72278255
-1.6377027 -10.003288 0.72476792
-1.576365 -10.003292 0.72120404
-1.5405139 -10.003294 0.72390115
-1.4669703 -10.003299 0.72092283
-1.4196783 -10.003301 0.72438842
-1.3320215 -10.003307 0.72203809
-1.2919198 -10.003309 0.72489864
-1.2200198 -10.003314 0.72103548
-1.1884701 -10.003317 0.72322458
-1.1565349 -10.003319 0.72544038
-1.0912788 -10.003323 0.72072518
-1.0579375 -10.003325 0.7229737
-1.0241776 -10.003326 0.72525036
-0.94342494 -10.003332 0.721165
-0.8960681 -10.003335 0.72426647
-0.81097984 -10.00334 0.72004986
-0.77356505 -10.003343 0.72242719
-0.73565197 -10.003345 0.72483623
-0.61829484 -10.003352 0.72212881
-0.57801247 -10.003355 0.72460985
-0.46739125 -10.003362 0.72096491
-0.42466092 -10.003365 0.7235136
-0.29244709 -10.003373 0.72060013
-0.26217556 -10.003375 0.72234678
-0.2315712 -10.003377 0.72411263
-3.6200728 -12.969397 0.79060674
-3.6215711 -12.917425 0.79215682
-3.6215689 -12.874187 0.79570818
-3.6210535 -12.83432 0.79333895
-3.6215644 -12.789843 0.79299188
-3.6215625 -12.748705 0.79644942
-3.6215601 -12.708231 0.79510719
-3.6215582 -12.668407 0.79378653
-3.6215563 -12.629218 0.79715526
-3.6215544 -12.590649 0.79120779
-3.6202226 -12.540359 0.78903645
-3.6215506 -12.515309 0.79782808
-3.6215477 -12.460395 0.79363984
-3.6211159 -12.408591 0.79317933
-3.6215429 -12.37145 0.79278207
-3.621541 -12.336832 0.79595649
-3.6215396 -12.302728 0.79472762
-3.6194854 -12.261697 0.7867741
-3.6215351 -12.214267 0.79581183
-3.6215329 -12.171235 0.79422021
-3.6203465 -12.14467 0.79073894
-3.6215296 -12.108295 0.79189229
-3.6212885 -12.05825 0.79366082
-3.621525 -12.017174 0.79260468
-3.6215234 -11.98764 0.79553878
-3.6215217 -11.948936 0.79403305
-3.6196582 -11.908958 0.78855771
-3.6215172 -11.864287 0.79467696
-3.6204529 -11.822861 0.79078996
-3.6215131 -11.782983 0.79529542
-3.6212144 -11.740289 0.79292858
-3.6215088 -11.700581 0.79381609
-1.927038 -9.9532814 0.79878044
-1.8951212 -9.95403 0.79102635
-1.8612864 -9.9538784 0.79135072
-1.8197412 -9.9541044 0.79134977
-1.7802355 -9.9545155 0.78934109
-1.7448307 -9.9532909 0.79458004
-1.6997377 -9.9548721 0.78813392
-1.6596067 -9.953558 0.79301894
-1.6230261 -9.9543791 0.79072189
-1.5785266 -9.9543848 0.79006392
-1.5354286 -9.9533005 0.79479259
-1.4928795 -9.9544191 0.78957397
-1.4588866 -9.9541483 0.79107273
-1.42237 -9.9533091 0.79490483
-1.3774813 -9.9544592 0.78954476
-1.3416324 -9.9541836 0.79108185
-1.3065301 -9.9533205 0.79331511
-1.2557065 -9.9545021 0.78951281
-1.2178478 -9.9542189 0.79109156
-1.180784 -9.953331 0.7933898
-1.133651 -9.9533215 0.79368925
-1.1028749 -9.9553728 0.78700686
-1.0659349 -9.9536533 0.79335243
-1.0210531 -9.9533272 0.79221946
-0.97519404 -9.9545965 0.79049546
-0.9435935 -9.9546223 0.78943175
-0.90685624 -9.9533539 0.79355258
-0.85394037 -9.9533367 0.79388213
-0.81915927 -9.9555311 0.7867735
-0.77771568 -9.953701 0.79351223
-0.74021196 -9.9533424 0.79150057
-0.70108366 -9.9533443 0.79398757
-0.66400892 -9.955617 0.78664607
-0.6199922 -9.9537277 0.79359972
-0.58011246 -9.9533501 0.79153311
-0.53845012 -9.953352 0.79409981
-0.49885115 -9.9557114 0.78650928
-0.46545863 -9.9540977 0.7924149
-0.42396379 -9.953413 0.79063267
-0.3799963 -9.9533606 0.79332876
-0.3436029 -9.9555511 0.78724903
-0.30129838 -9.9544926 0.79116082
-0.25819492 -9.9534931 0.78965485
-0.22737217 -9.9533682 0.79160404
-0.19580746 -9.9533701 0.79342568
-3.621573 -12.9614 0.82344717
-3.6215711 -12.917425 0.81687665
-3.6215689 -12.874187 0.8202213
-3.6215668 -12.831665 0.82351053
-3.6215644 -12.789843 0.81710172
-3.6215625 -12.748705 0.82036257
-3.6215601 -12.708231 0.82357073
-3.6215582 -12.668407 0.8173157
-3.6215563 -12.629218 0.82049704
-3.6215546 -12.590649 0.81899655
-3.6215525 -12.552684 0.81751966
-3.6215506 -12.515309 0.82062507
-3.6215477 -12.462407 0.81851667
-3.6215448 -12.406595 0.82074744
-3.6215432 -12.37145 0.81931305
-3.6215408 -12.336832 0.82228887
-3.6215396 -12.302728 0.82086432
-3.6215377 -12.269127 0.81946087
-3.6215353 -12.221517 0.82175058
-3.6215329 -12.171235 0.81960231
-3.6215317 -12.13954 0.82244825
-3.6215293 -12.108295 0.81691313
-3.6215274 -12.062306 0.82113016
-3.6215253 -12.017174 0.81710273
-3.6215234 -11.98764 0.81986749
-3.6215215 -11.944147 0.81993932
-3.6215191 -11.901442 0.81999177
-3.6215167 -11.85969 0.82006103
-3.6215148 -11.818678 0.82011127
-3.6215129 -11.778564 0.82017773
-3.621511 -11.739149 0.82022631
-3.6215088 -11.701739 0.81844878
-3.6215069 -11.662668 0.82033664
-3.6215055 -11.629643 0.82739311
-3.6215031 -11.589062 0.83513737
-2.0060723 -9.953269 0.83380622
-1.978217 -9.9532719 0.82941312
-1.9410058 -9.9532766 0.82114083
-1.8974141 -9.9532785 0.81912637
-1.8577292 -9.9532814 0.81998408
-1.8181179 -9.9532833 0.81962907
-1.7777488 -9.9532852 0.81928235
-1.7448387 -9.9532871 0.82214373
-1.702901 -9.95329 0.81783259
-1.6601465 -9.9532919 0.82146674
-1.6252674 -9.9532928 0.82036859
-1.5807986 -9.9532948 0.82001597
-1.5364549 -9.9532986 0.82185388
-1.4984056 -9.9533005 0.8185029
-1.4607276 -9.9533024 0.82155865
-1.4223797 -9.9533043 0.82041663
-1.3833468 -9.9533072 0.8192544
-1.344723 -9.9533091 0.82038331
-1.3020132 -9.953311 0.81889057
-1.2619431 -9.9533138 0.82004738
-1.2199728 -9.9533157 0.81883836
-1.1760194 -9.9533176 0.81968832
-1.1336553 -9.9533215 0.82088536
-1.1004637 -9.9533224 0.81881744
-1.0667437 -9.9533243 0.8213222
-1.021057 -9.9533253 0.82007343
-0.9744761 -9.9533291 0.81879961
-0.93896919 -9.953331 0.82136786
-0.90152866 -9.9533319 0.82142633
-0.85394263 -9.9533348 0.81790709
-0.81662869 -9.9533367 0.82053334
-0.7786814 -9.9533386 0.82320404
-0.74021381 -9.9533415 0.81607926
-0.70108545 -9.9533434 0.81875682
-0.66141462 -9.9533453 0.82147157
-0.62298459 -9.9533472 0.82193917
-0.58011413 -9.9533501 0.81689143
-0.53845203 -9.953352 0.81966114
-0.49619377 -9.9533539 0.82247049
-0.46761596 -9.9533548 0.82437038
-0.42412478 -9.9533577 0.81681424
-0.37999856 -9.9533596 0.81966192
-0.35014796 -9.9533615 0.82158816
-0.30688614 -9.9533634 0.82208502
-0.25858474 -9.9533663 0.81672728
-0.22737432 -9.9533672 0.81868041
-0.19580996 -9.9533691 0.82065594
-3.621573 -12.9614 0.86333549
-3.6215711 -12.917425 0.85642856
-3.6215689 -12.874187 0.85944241
-3.6215668 -12.831665 0.86240619
-3.6215644 -12.789843 0.86049938
-3.6215625 -12.748705 0.85862356
-3.6215601 -12.708231 0.86152202
-3.6215584 -12.668407 0.85966814
-3.6215563 -12.629218 0.85784376
-3.6215544 -12.590649 0.86067986
-3.6215522 -12.552684 0.85887605
-3.6215508 -12.515309 0.86165982
-3.6215477 -12.458381 0.8589009
-3.6215446 -12.406595 0.8608464
-3.6215429 -12.37145 0.85910952
-3.621541 -12.336832 0.86178744
-3.6215396 -12.302728 0.86006927
-3.6215377 -12.269127 0.86270058
-3.6215353 -12.217892 0.86007047
-3.6215329 -12.171235 0.86190587
-3.6215315 -12.13954 0.86024868
-3.6215293 -12.108295 0.85861474
-3.6215274 -12.063993 0.86042607
-3.6215253 -12.017174 0.85793287
-3.6215234 -11.98764 0.8604151
-3.6215215 -11.944147 0.86007106
-3.6215191 -11.901442 0.85971516
-3.6215172 -11.85969 0.85938501
-3.6215148 -11.818678 0.85904324
-3.6215127 -11.777359 0.86057818
-3.621511 -11.739149 0.85839748
-3.6215088 -11.699421 0.85990912
-3.6215069 -11.662668 0.85777634
-3.6215055 -11.624438 0.85926551
-3.6215026 -11.578189 0.86020052
-3.6215007 -11.54151 0.86525834
-3.6214995 -11.51241 0.87155485
-2.0958185 -9.9532557 0.87313074
-2.0561917 -9.9532595 0.86351711
-2.0165606 -9.9532623 0.85987979
-1.9792812 -9.9532642 0.86111391
-1.9429766 -9.9532661 0.85998553
-1.895564 -9.95327 0.86068887
-1.8577452 -9.9532728 0.85826379
-1.8171313 -9.9532738 0.86081427
-1.7777655 -9.9532766 0.85834134
-1.7448559 -9.9532776 0.86152363
-1.7039759 -9.9532804 0.85900658
-1.6601645 -9.9532824 0.86167163
-1.6243072 -9.9532843 0.85875607
-1.5808169 -9.9532871 0.86099368
-1.5344325 -9.95329 0.85884881
-1.4984244 -9.9532919 0.86028326
-1.461802 -9.9532928 0.8617329
-1.4223977 -9.9532967 0.85868567
-1.3844593 -9.9532986 0.86014724
-1.3425136 -9.9533005 0.85904676
-1.3031667 -9.9533033 0.86054832
-1.2619615 -9.9533052 0.85972255
-1.2199917 -9.9533081 0.85888165
-1.1784358 -9.953311 0.86041325
-1.1336745 -9.9533119 0.86168522
-1.1004832 -9.9533148 0.85990828
-1.0667613 -9.9533167 0.85811031
-1.0210762 -9.9533186 0.86186016
-0.97580093 -9.9533215 0.85879999
-0.93898708 -9.9533243 0.85915148
-0.90289342 -9.9533253 0.86204368
-0.85533339 -9.9533281 0.85890853
-0.81664598 -9.953331 0.8592698
-0.77869976 -9.953331 0.8622365
-0.74023217 -9.9533348 0.86032706
-0.70110214 -9.9533377 0.85839313
-0.66143227 -9.9533386 0.86141741
-0.62106508 -9.9533415 0.85944843
-0.58012921 -9.9533443 0.85746962
-0.53846848 -9.9533463 0.86056429
-0.49621153 -9.9533482 0.86370349
-0.46763125 -9.9533501 0.86064392
-0.42413902 -9.9533529 0.85860741
-0.38001406 -9.9533539 0.86179936
-0.35016441 -9.9533558 0.8639586
-0.30253908 -9.9533596 0.85899955
-0.25859761 -9.9533615 0.8598097
-0.22738862 -9.9533634 0.86200655
-0.19582129 -9.9533663 0.85878104
-3.5733738 -13.09213 0.90871251
-3.571578 -13.045867 0.9055624
-3.5715759 -13.002224 0.9024455
-3.6210871 -12.963989 0.90235364
-3.6190293 -12.930839 0.91615498
-3.5715733 -12.959286 0.90441197
-3.6209049 -12.912257 0.90023071
-3.5715714 -12.917038 0.9063465
-3.6206658 -12.870361 0.9024415
-3.5715692 -12.875463 0.90825051
-3.6208889 -12.826784 0.9035002
-3.5715668 -12.834544 0.9101243
-3.6209226 -12.78281 0.90335888
-3.5715649 -12.794269 0.90221888
-3.6208756 -12.744061 0.90091974
-3.571563 -12.754619 0.90411043
-3.6206436 -12.704832 0.90305328
-3.5715611 -12.71558 0.90597278
-3.6211932 -12.670222 0.90136611
-3.5715592 -12.67714 0.90780663
-3.6207867 -12.62656 0.90198737
-3.5715568 -12.623305 0.90365314
-3.6208482 -12.586472 0.90156525
-3.5715535 -12.565274 0.90383172
-3.6205254 -12.545146 0.90529805
-3.5715516 -12.529095 0.90562695
-3.6210334 -12.508559 0.90234911
-3.5715497 -12.493449 0.90739554
-3.6212049 -12.459993 0.8993153
-3.5715485 -12.458324 0.90458483
-3.6207104 -12.410479 0.90390903
-3.5715466 -12.423711 0.90633547
-3.6206696 -12.37548 0.90176803
-3.5715446 -12.389598 0.90357286
-3.6211166 -12.338771 0.90052587
-3.5715425 -12.339397 0.90615982
-3.6204832 -12.301888 0.90501004
-3.5715399 -12.290146 0.90430498
-3.6204751 -12.262822 0.90621012
-3.5715382 -12.257927 0.9059962
-3.6212854 -12.218994 0.89855701
-3.5715363 -12.226155 0.90333241
-3.6208756 -12.174105 0.90303326
-3.5715342 -12.179374 0.90583259
-3.6203945 -12.139977 0.90351772
-3.5715318 -12.133444 0.90404451
-3.6208904 -12.105891 0.90230459
-3.5715303 -12.103378 0.90568006
-3.6211693 -12.06078 0.89911002
-3.5715287 -12.061174 0.90619403
-3.6203804 -12.017718 0.90400976
-3.5715263 -12.015576 0.90632647
-3.6203761 -11.984038 0.9052881
-3.5715246 -11.987082 0.90380085
-3.6211464 -11.942802 0.8997345
-3.5715227 -11.945083 0.90616596
-3.6202927 -11.899384 0.90569282
-3.5715206 -11.903809 0.90446693
-3.6209085 -11.858343 0.90039581
-3.5715179 -11.861509 0.90461975
-3.6205571 -11.818601 0.90321493
-3.571516 -11.823708 0.90510756
-3.6209006 -11.779736 0.90221196
-3.5715141 -11.784832 0.9073714
-3.6203256 -11.740465 0.90423578
-3.5715115 -11.732277 0.90437281
-3.6210136 -11.701295 0.90092522
-3.5715098 -11.696775 0.90484792
-3.620193 -11.662049 0.90493554
-3.5715082 -11.660242 0.90704495
-3.6208906 -11.623752 0.90118432
-3.5715053 -11.610823 0.90414065
-3.6209173 -11.577233 0.90136242
-3.5715039 -11.577419 0.90460372
-3.6203129 -11.540588 0.90587628
-3.571502 -11.543022 0.9067381
-3.6208127 -11.50333 0.9006784
-3.5714998 -11.499289 0.90420461
-3.6207387 -11.46375 0.90330434
-3.5714979 -11.454124 0.90506804
-3.6202786 -11.422407 0.91110855
-3.5714955 -11.41002 0.90592122
-3.6183197 -11.387599 0.91765922
-3.5714939 -11.379613 0.90631217
-3.5714924 -11.352038 0.91275883
-2.3489029 -10.133049 0.90831709
-2.3489039 -10.104941 0.91356897
-2.252934 -10.003249 0.91458648
-2.2180145 -10.003251 0.9125517
-2.1772518 -10.003255 0.91322982
-2.1393957 -10.003258 0.91287917
-2.0987937 -10.003259 0.91122442
-2.0572894 -10.003262 0.91197729
-2.0148578 -10.003265 0.91151655
-1.9787769 -10.003267 0.91259062
-1.9440858 -10.003268 0.91123188
-1.8968898 -10.003272 0.91193837
-1.8585358 -10.003274 0.91305029
-1.821637 -10.003276 0.91165304
-1.7795026 -10.003279 0.91136909
-1.7387686 -10.003281 0.91251373
-1.6972643 -10.003284 0.90963566
-1.6634278 -10.003286 0.91379619
-1.6203159 -10.003289 0.91088504
-1.576365 -10.003292 0.91204602
-1.5405139 -10.003294 0.91217422
-1.5040542 -10.003296 0.91228688
-1.4669703 -10.003299 0.91241968
-1.4158623 -10.003302 0.91065121
-1.3746761 -10.003304 0.91308516
-1.3320215 -10.003307 0.9106763
-1.2952913 -10.00331 0.91335613
-1.2510974 -10.003313 0.91090679
-1.2200201 -10.003315 0.91436487
-1.1849433 -10.003316 0.91071302
-1.1457589 -10.003319 0.91349113
-1.0985966 -10.003322 0.91095167
-1.0579376 -10.003325 0.91378415
-1.0089831 -10.003327 0.91119957
-0.9783783 -10.003329 0.91286379
-0.94342494 -10.003332 0.91178334
-0.89606798 -10.003335 0.91191834
-0.85997343 -10.003337 0.91080654
-0.81918544 -10.003339 0.91172451
-0.77774972 -10.003343 0.9126603
-0.73565197 -10.003345 0.91361403
-0.69710231 -10.003347 0.91248512
-0.65803194 -10.003349 0.91133249
-0.61384958 -10.003352 0.91229242
-0.57801247 -10.003355 0.91410154
-0.53703189 -10.003357 0.91294116
-0.49548054 -10.00336 0.91175574
-0.46739125 -10.003362 0.91444349
-0.41987959 -10.003366 0.91019124
-0.38132143 -10.003367 0.91205305
-0.3372035 -10.00337 0.91083252
-0.29244709 -10.003373 0.90958476
-0.26217556 -10.003375 0.91236341
-0.2315712 -10.003377 0.90971375
-2.2079825 -9.9556913 0.9158864
-2.1782427 -9.9543638 0.91028881
-2.1384039 -9.9541187 0.90371227
-2.0992904 -9.9539137 0.90185142
-2.0592155 -9.9537764 0.89985657
-2.0168133 -9.9539967 0.9020068
-1.9796002 -9.9540272 0.90231609
-1.9409714 -9.9538803 0.9017061
-1.897401 -9.9538355 0.90097743
-1.8583286 -9.9539175 0.90093452
-1.8188664 -9.9539375 0.90182197
-1.7781175 -9.9540596 0.90174669
-1.7442435 -9.9539728 0.90221125
-1.7018385 -9.9538231 0.90078461
-1.6609448 -9.9540558 0.90297091
-1.6237875 -9.9540129 0.90067559
-1.5813901 -9.9536276 0.90028733
-1.5368818 -9.9540548 0.90132588
-1.4991233 -9.9541483 0.9031449
-1.4579669 -9.9541721 0.90268362
-1.421332 -9.9537792 0.9006778
-1.380639 -9.9541178 0.90191084
-1.3426548 -9.9537306 0.89984739
-1.3012539 -9.9541368 0.90332592
-1.261043 -9.9537001 0.89896423
-1.2181942 -9.954071 0.90254509
-1.1754026 -9.9540806 0.90208757
-1.1339399 -9.9537077 0.89991772
-1.1006864 -9.9547501 0.90670115
-1.065666 -9.9537601 0.89901078
-1.0210258 -9.9538527 0.90088016
-0.97685009 -9.9539337 0.90058261
-0.94052577 -9.9542713 0.90341187
-0.90248799 -9.9540033 0.90189046
-0.85323 -9.9536095 0.89928359
-0.81770897 -9.9545031 0.90443164
-0.77758861 -9.9537477 0.90081495
-0.73844898 -9.9539938 0.9038592
-0.70106876 -9.9538841 0.90005738
-0.66356033 -9.9544954 0.9046365
-0.6201278 -9.9536781 0.89933974
-0.58099145 -9.9546595 0.90468663
-0.539837 -9.9535675 0.898862
-0.49884009 -9.9544001 0.9064104
-0.46510538 -9.9542198 0.90115994
-0.42288673 -9.9537792 0.89993644
-0.37796843 -9.9540443 0.90319109
-0.33814636 -9.954011 0.90287656
-0.2981236 -9.9538584 0.89914298
-0.25664341 -9.9540014 0.90220082
-0.2246871 -9.9542408 0.90438652
-0.19512212 -9.9535913 0.89665908
-3.5834899 -13.095537 0.92349434
-3.6025779 -13.06266 0.92496502
-3.5763485 -13.04777 0.93399793
-3.6073487 -13.022204 0.92392802
-3.5760994 -13.00522 0.93536299
-3.6089687 -12.983891 0.92328596
-3.5929766 -12.979554 0.924968
-3.6108305 -12.944801 0.92310971
-3.5794737 -12.954854 0.9347496
-3.6080689 -12.901512 0.92379606
-3.5767655 -12.916206 0.9380275
-3.6081314 -12.858674 0.9236992
-3.5796216 -12.869924 0.93693453
-3.6095843 -12.819813 0.92308724
-3.5760422 -12.828789 0.94060814
-3.6113145 -12.780115 0.92299139
-3.5797627 -12.787665 0.93255121
-3.6100199 -12.739178 0.9233436
-3.5793698 -12.749789 0.93363529
-3.6073492 -12.699226 0.9239617
-3.5766816 -12.714396 0.93664962
-3.6099048 -12.657202 0.9230063
-3.5795133 -12.671318 0.93575364
-3.6093113 -12.619498 0.92332017
-3.5737717 -12.617767 0.93934524
-3.6103375 -12.581543 0.92328483
-3.5784929 -12.569961 0.93647563
-3.6077638 -12.543907 0.92391104
-3.5801613 -12.531877 0.93363959
-3.6106243 -12.500895 0.92286575
-3.5763783 -12.492894 0.9365983
-3.6083939 -12.460627 0.92371309
-3.5761559 -12.458664 0.93780452
-3.6113014 -12.418709 0.92285228
-3.5825946 -12.423857 0.93498552
-3.6087794 -12.377778 0.92377079
-3.5782447 -12.389209 0.93533069
-3.6096904 -12.339282 0.92300749
-3.5740368 -12.341857 0.93816531
-3.608952 -12.298664 0.92347968
-3.5793188 -12.294856 0.93462068
-3.6085198 -12.260771 0.92381918
-3.5824456 -12.25738 0.93406695
-3.6111417 -12.223104 0.92272156
-3.578167 -12.225327 0.93426579
-3.6088669 -12.180728 0.92343384
-3.5737748 -12.179914 0.93874913
-3.6082962 -12.140002 0.92366111
-3.5781314 -12.136765 0.93729848
-3.6102917 -12.099599 0.92304087
-3.5823064 -12.102251 0.93321079
-3.6091783 -12.055901 0.92337132
-3.5757065 -12.05965 0.9366371
-3.6086307 -12.017366 0.92360973
-3.5783474 -12.017287 0.93525362
-3.6091881 -11.980038 0.92359364
-3.5812206 -11.984329 0.93481719
-3.6094735 -11.937907 0.92331219
-3.5767474 -11.945094 0.93863189
-3.6084118 -11.897967 0.92377949
-3.5785508 -11.904097 0.93331444
-3.6084363 -11.861062 0.92363077
-3.5771387 -11.861616 0.93549836
-3.610146 -11.82083 0.92309421
-3.5819697 -11.819498 0.93366784
-3.6079752 -11.779866 0.92373741
-3.5755723 -11.782654 0.93962532
-3.6101515 -11.73812 0.92326409
-3.5771291 -11.735107 0.93631333
-3.6091492 -11.698153 0.92344654
-3.5802031 -11.699421 0.93391031
-3.6078506 -11.657488 0.9237951
-3.5769124 -11.662452 0.93742192
-3.6104693 -11.61729 0.92310393
-3.5778439 -11.613937 0.93614697
-3.6085823 -11.577845 0.92362499
-3.5801218 -11.579519 0.9331156
-3.6083815 -11.539039 0.92356342
-3.5768585 -11.544872 0.93640989
-3.6098785 -11.501783 0.92329556
-3.579128 -11.497381 0.93552428
-3.6092327 -11.460148 0.92342281
-3.5762746 -11.454944 0.93779385
-3.6088569 -11.4205 0.92352331
-3.5773048 -11.41264 0.93636423
-3.6087229 -11.378873 0.92363149
-3.5812621 -11.381476 0.93279302
-3.605653 -11.352047 0.92449421
-3.5762265 -11.349226 0.9367978
-3.5714905 -11.308968 0.94355357
-3.5714886 -11.270349 0.94894302
-3.5714867 -11.239175 0.95608151
-2.3489034 -10.131672 0.94017166
-2.3489039 -10.097853 0.93992275
-2.3489048 -10.061201 0.94309103
-2.3489063 -10.025772 0.95011026
-2.2810409 -10.003247 0.94173056
-2.2553389 -10.003249 0.93968874
-2.2180083 -10.003251 0.94074214
-2.1799438 -10.003253 0.94064146
-2.1401842 -10.003257 0.94050491
-2.0995998 -10.00326 0.93915385
-2.0564675 -10.003263 0.94017208
-2.0139575 -10.003264 0.94002533
-1.9787767 -10.003266 0.93888921
-1.9419687 -10.003267 0.94022262
-1.8968842 -10.003271 0.94007355
-1.8585358 -10.003273 0.94016874
-1.8193823 -10.003277 0.94025236
-1.77877 -10.00328 0.94092393
-1.7387685 -10.003282 0.94044888
-1.6972644 -10.003284 0.93785393
-1.6634277 -10.003287 0.94224501
-1.6203158 -10.00329 0.93962777
-1.5753775 -10.003292 0.93891269
-1.540514 -10.003295 0.94146121
-1.5030327 -10.003296 0.93960983
-1.4680094 -10.003298 0.94018394
-1.4196781 -10.003302 0.93946594
-1.3703368 -10.003304 0.93871415
-1.3331255 -10.003307 0.93929833
-1.2907958 -10.00331 0.93944192
-1.2522416 -10.003312 0.94004273
-1.2200201 -10.003315 0.94134104
-1.1884701 -10.003317 0.94050932
-1.1457589 -10.003319 0.94090128
-1.1034751 -10.003323 0.93910748
-1.0579376 -10.003325 0.94170767
-1.0140479 -10.003327 0.93988717
-0.9783783 -10.003329 0.94125223
-0.94472778 -10.003332 0.9381094
-0.89606798 -10.003335 0.94078785
-0.85997343 -10.003337 0.93988687
-0.8232882 -10.00334 0.93897933
-0.77356505 -10.003343 0.93937516
-0.73565197 -10.003345 0.93845332
-0.69710231 -10.003347 0.94251746
-0.65803194 -10.003349 0.93654972
-0.61829484 -10.003351 0.94066155
-0.57801247 -10.003355 0.93970853
-0.53703189 -10.003357 0.93874776
-0.49548054 -10.00336 0.94296646
-0.46739125 -10.003362 0.94058925
-0.42466092 -10.003365 0.93961537
-0.38132143 -10.003367 0.94393098
-0.3372035 -10.00337 0.93761235
-0.29244709 -10.003373 0.94198215
-0.26217556 -10.003375 0.93950862
-0.2315712 -10.003377 0.93700802
-2.3374815 -9.9874096 0.95521402
-2.2506349 -9.9744186 0.92471272
-2.219255 -9.9712973 0.92426801
-2.1796737 -9.9703741 0.92420822
-2.1401114 -9.9713783 0.92429703
-2.0997112 -9.971365 0.92430156
-2.0606592 -9.9698067 0.92404836
-2.018502 -9.9702816 0.92411804
-1.9798306 -9.9707594 0.92439651
-1.9413387 -9.9694481 0.9239819
-1.8979435 -9.9709597 0.92423928
-1.8591352 -9.9705925 0.92434049
-1.8183169 -9.9699459 0.92407715
-1.7789557 -9.9716101 0.92447603
-1.7427793 -9.9691296 0.92406201
-1.7013716 -9.9710732 0.92419267
-1.6603141 -9.9702969 0.92415971
-1.620465 -9.970665 0.92420191
-1.5831026 -9.9694576 0.92416012
-1.5410781 -9.9712219 0.92424077
-1.4988512 -9.9711599 0.9242838
-1.45854 -9.9699507 0.92426652
-1.4177049 -9.9724321 0.92433834
-1.3784314 -9.9687872 0.92411113
-1.3393509 -9.9723663 0.92430633
-1.2987148 -9.9686594 0.92407125
-1.2581503 -9.9722986 0.92427319
-1.216077 -9.9685259 0.92403001
-1.1770097 -9.9715815 0.92411715
-1.1390301 -9.9720764 0.92466372
-1.1002707 -9.9699039 0.92416161
-1.0660415 -9.971117 0.92420161
-1.0209395 -9.9719038 0.92431378
-0.98224336 -9.971674 0.92443657
-0.94422895 -9.969964 0.9242841
-0.90153342 -9.9720001 0.92412776
-0.85788369 -9.9707432 0.9245255
-0.81894207 -9.9695606 0.92401636
-0.78048712 -9.9708109 0.92409039
-0.73715365 -9.9688587 0.92384464
-0.70193207 -9.973299 0.92433703
-0.66420811 -9.9717026 0.92447937
-0.62035525 -9.9701662 0.92402869
-0.57921761 -9.9712963 0.92430228
-0.5397808 -9.9709387 0.92428285
-0.50077724 -9.97153 0.92446184
-0.46177205 -9.9686174 0.92401665
-0.42124724 -9.9693222 0.92406535
-0.37940264 -9.9736395 0.92472392
-0.33935308 -9.9670525 0.92365372
-0.29655567 -9.9712858 0.92445487
-0.25908199 -9.9735785 0.92469865
-0.22341172 -9.9682951 0.92390966
-0.19898462 -9.9625883 0.92258728
-2.2192059 -9.9580841 0.92069966
-2.1857696 -9.9585953 0.92080319
-2.1520391 -9.9589348 0.92111564
-2.0980313 -9.9587021 0.92101872
-2.0505385 -9.9578772 0.92067719
-2.0342703 -9.9590492 0.92116082
-1.9850695 -9.9582243 0.9208076
-1.9343479 -9.9575281 0.92028129
-1.9085786 -9.9591751 0.92121023
-1.8647383 -9.9578638 0.92042685
-1.8380213 -9.959548 0.92136323
-1.7835644 -9.9586782 0.92100316
-1.7276597 -9.9577808 0.92063248
-1.7083449 -9.9590549 0.92115676
-1.6501729 -9.9581966 0.9207319
-1.579982 -9.9580021 0.92052674
-1.5490115 -9.9598551 0.92148459
-1.4971299 -9.958251 0.92082202
-1.4754777 -9.9596004 0.92137754
-1.421804 -9.9579639 0.9207027
-1.3993614 -9.9593353 0.92126739
-1.3321501 -9.9583683 0.92086112
-1.2625322 -9.9575472 0.92024958
-1.2388122 -9.9587774 0.92103469
-1.1413835 -9.9592123 0.92121226
-1.0661275 -9.9581766 0.92078447
-1.0397515 -9.9596615 0.9213959
-0.97479582 -9.957859 0.92065215
-0.94736052 -9.9593716 0.92127454
-0.86546516 -9.9583502 0.92077696
-0.78034973 -9.9574881 0.92004859
-0.75140381 -9.9587545 0.92101729
-0.64737844 -9.9584274 0.92088068
-0.53898239 -9.958086 0.92073834
-0.50619268 -9.9597368 0.92141819
-0.42593622 -9.9577303 0.92059004
-0.39168072 -9.9594145 0.92128336
-0.30728102 -9.9575748 0.92020404
-0.27211285 -9.9590778 0.92114258
-3.571578 -13.045867 0.97717965
-3.5715756 -13.002224 0.97855222
-3.5715733 -12.959286 0.97990239
-3.5715714 -12.917038 0.98123121
-3.5715692 -12.875463 0.9825387
-3.5715671 -12.834544 0.98382556
-3.5715652 -12.794268 0.98021728
-3.5715632 -12.754618 0.97666508
-3.5715613 -12.71558 0.9779675
-3.5715594 -12.67714 0.97924995
-3.5715568 -12.620642 0.98113477
-3.5715537 -12.565274 0.98298198
-3.5715518 -12.529095 0.97956765
-3.5715499 -12.493448 0.98079091
-3.5715485 -12.458324 0.97744268
-3.5715466 -12.423711 0.97866368
-3.5715446 -12.389597 0.97986692
-3.571542 -12.337556 0.97924489
-3.5715401 -12.290146 0.97898227
-3.5715382 -12.257927 0.98014957
-3.5715365 -12.226156 0.98130071
-3.5715344 -12.181091 0.98103482
-3.5715318 -12.133444 0.98041689
-3.5715301 -12.103378 0.97732085
-3.571528 -12.059084 0.97901028
-3.5715261 -12.015576 0.98066968
-3.5715249 -11.987082 0.98175657
-3.5715227 -11.946625 0.98149997
-3.5715203 -11.903809 0.97688627
-3.5715184 -11.863416 0.97850418
-3.571516 -11.823708 0.98009473
-3.5715141 -11.784832 0.98165196
-3.5715117 -11.732928 0.9816317
-3.5715098 -11.696775 0.97752857
-3.5715079 -11.660242 0.97906172
-3.5715058 -11.612507 0.98106515
-3.5715039 -11.577419 0.9788267
-3.571502 -11.543022 0.98030323
-3.5714996 -11.499064 0.98054242
-3.5714982 -11.454124 0.98052579
-3.5714953 -11.411199 0.97885734
-3.5714939 -11.379615 0.98027354
-3.571492 -11.348619 0.98166323
-3.5714905 -11.308057 0.98002851
-3.5714881 -11.268387 0.97842962
-3.571486 -11.221173 0.98162258
-3.5714836 -11.174248 0.99090254
-3.5714822 -11.145246 0.99408007
-2.3489032 -10.132691 0.97994184
-2.3489039 -10.097855 0.98037094
-2.3489051 -10.059572 0.97947389
-2.348907 -10.022856 0.9806627
-2.2810409 -10.003247 0.97981822
-2.2560766 -10.003249 0.98039806
-2.2172568 -10.003251 0.98066711
-2.1783562 -10.003253 0.97977626
-2.1385579 -10.003258 0.98006505
-2.0979373 -10.00326 0.97914791
-2.0581625 -10.003262 0.98070294
-2.0157456 -10.003265 0.9797731
-1.9794395 -10.003266 0.97840524
-1.9410366 -10.003267 0.9806639
-1.8959329 -10.003271 0.97970426
-1.8585358 -10.003274 0.97890949
-1.8193822 -10.003278 0.97937447
-1.7795026 -10.00328 0.98249578
-1.7387685 -10.003282 0.98035622
-1.6972643 -10.003284 0.97816545
-1.6643752 -10.003287 0.98094398
-1.6203158 -10.00329 0.98068893
-1.576365 -10.003291 0.97843754
-1.5415181 -10.003295 0.98130006
-1.5040543 -10.003296 0.97980565
-1.4659314 -10.0033 0.97827601
-1.4210449 -10.003302 0.98106706
-1.3714216 -10.003304 0.98014098
-1.3309172 -10.003307 0.97856688
-1.2930435 -10.00331 0.97949135
-1.2499534 -10.003312 0.98001754
-1.2200201 -10.003315 0.9818055
-1.1884701 -10.003317 0.98125029
-1.1469561 -10.003319 0.9798333
-1.1010357 -10.003322 0.98037982
-1.0579376 -10.003325 0.97893894
-1.0115155 -10.003327 0.98194027
-0.9783783 -10.003329 0.97910357
-0.94212216 -10.003332 0.98076653
-0.89606798 -10.003335 0.97928059
-0.85997343 -10.003337 0.98350775
-0.8232882 -10.00334 0.97803915
-0.77356505 -10.003343 0.97882247
-0.73565197 -10.003345 0.97819602
-0.69710231 -10.003348 0.98256063
-0.65803194 -10.003349 0.9768973
-0.61829484 -10.003352 0.98131889
-0.57801199 -10.003355 0.97555828
-0.53703189 -10.003357 0.98003829
-0.49548054 -10.00336 0.979379
-0.46739125 -10.003362 0.9771933
-0.42466086 -10.003365 0.98178142
-0.38132143 -10.003367 0.98112184
-0.3372035 -10.00337 0.98046005
-0.29244709 -10.003373 0.97977901
-0.26217556 -10.003375 0.97751194
-0.2315712 -10.003377 0.98067886
-2.3404319 -9.9881172 0.98010153
-3.571578 -13.045867 1.0181038
-3.5715756 -13.002224 1.0191424
-3.5715733 -12.959286 1.0201641
-3.5715714 -12.917038 1.0211698
-3.5715692 -12.875463 1.0221591
-3.5715671 -12.834544 1.0231329
-3.5715652 -12.794268 1.0240914
-3.5715632 -12.754618 1.020198
-3.5715613 -12.71558 1.0163647
-3.5715594 -12.67714 1.0173531
-3.5715568 -12.620642 1.0188055
-3.5715537 -12.565274 1.0202292
-3.5715518 -12.529095 1.0211594
-3.5715499 -12.493448 1.0220758
-3.5715485 -12.458324 1.0184252
-3.5715466 -12.423711 1.0193483
-3.5715446 -12.389597 1.0202579
-3.5715423 -12.339397 1.0215966
-3.5715399 -12.290146 1.0185173
-3.5715382 -12.257927 1.0194073
-3.5715365 -12.226156 1.020285
-3.5715342 -12.177658 1.0192513
-3.5715318 -12.133444 1.0186031
-3.5715301 -12.103378 1.0194623
-3.571528 -12.059084 1.0207283
-3.5715261 -12.015575 1.0219716
-3.5715249 -11.987082 1.0227859
-3.5715225 -11.945083 1.0199367
-3.5715203 -11.903809 1.0171192
-3.5715184 -11.863416 1.0183508
-3.571516 -11.823708 1.0195615
-3.5715141 -11.784832 1.0207471
-3.5715117 -11.734067 1.0222951
-3.5715101 -11.696776 1.0196069
-3.5715079 -11.66134 1.0190036
-3.5715058 -11.612508 1.0185121
-3.5715039 -11.577419 1.0196493
-3.571502 -11.543022 1.020764
-3.5714998 -11.497045 1.0202768
-3.5714979 -11.454124 1.0200515
-3.5714953 -11.411199 1.0214835
-3.5714939 -11.379614 1.0190153
-3.571492 -11.348619 1.0200789
-3.5714905 -11.308056 1.0180174
-3.5714881 -11.268387 1.0194168
-3.5714865 -11.220051 1.0211217
-3.5714836 -11.17292 1.0227841
-3.5714817 -11.13615 1.0175031
-3.5714798 -11.101137 1.0235034
-3.5714779 -11.066637 1.031041
-3.5714769 -11.038903 1.0371001
-2.3489029 -10.132182 1.0198922
-2.3489041 -10.097266 1.0201463
-2.3489048 -10.059951 1.0191634
-2.3489068 -10.022272 1.0203037
-2.2810409 -10.003247 1.0179061
-2.2568159 -10.003249 1.0210825
-2.2187653 -10.003251 1.020631
-2.1798971 -10.003253 1.0201701
-2.1401842 -10.003258 1.0196987
-2.0995996 -10.00326 1.0192175
-2.0572915 -10.003263 1.019938
-2.0148549 -10.003265 1.0194484
-1.9781142 -10.003266 1.0195956
-1.9419663 -10.003267 1.019881
-1.8978331 -10.003271 1.0206597
-1.8592403 -10.003274 1.01965
-1.8193848 -10.003278 1.0198009
-1.7795026 -10.00328 1.0220063
-1.7387685 -10.003281 1.0202636
-1.6972644 -10.003284 1.0184771
-1.6634277 -10.003287 1.019455
-1.6215612 -10.003289 1.0203886
-1.576365 -10.003291 1.0199268
-1.5395097 -10.003295 1.01877
-1.5050757 -10.003296 1.0199736
-1.4669702 -10.003299 1.0188068
-1.4196743 -10.003303 1.0211827
-1.3725065 -10.003304 1.0215383
-1.3320214 -10.003307 1.0203496
-1.2907958 -10.00331 1.0191295
-1.2522416 -10.003312 1.0204064
-1.2200201 -10.003315 1.0222697
-1.1896455 -10.003317 1.0198174
-1.1445615 -10.00332 1.0207471
-1.1022556 -10.003322 1.0196834
-1.0591801 -10.003325 1.0185897
-1.0127816 -10.003326 1.0219864
-0.9783783 -10.003329 1.0169548
-0.94342494 -10.003332 1.0213889
-0.89606798 -10.003334 1.0177733
-0.85997343 -10.003337 1.0222816
-0.82465577 -10.003339 1.0196366
-0.77217019 -10.003343 1.0206383
-0.73565197 -10.003345 1.0179389
-0.69710231 -10.003347 1.0226038
-0.65803194 -10.003349 1.0172451
-0.61829484 -10.003353 1.0219761
-0.57801199 -10.003355 1.0165294
-0.53703189 -10.003357 1.0213288
-0.49548054 -10.00336 1.0157915
-0.46739125 -10.003362 1.0190265
-0.42670986 -10.003365 1.0214467
-0.38132143 -10.003367 1.0183128
-0.33931944 -10.00337 1.0207665
-0.29244709 -10.003373 1.0175759
-0.26217556 -10.003375 1.0209444
-0.2315712 -10.003377 1.0188909
-2.3402121 -9.9882641 1.020105
-3.571578 -13.045867 1.0590281
-3.5715756 -13.002224 1.0597327
-3.5715733 -12.959286 1.0604259
-3.5715714 -12.917038 1.0611082
-3.5715692 -12.875463 1.0617796
-3.5715671 -12.834544 1.0624403
-3.5715652 -12.794268 1.0630906
-3.5715632 -12.754618 1.0637307
-3.5715613 -12.71558 1.0595615
-3.5715594 -12.67714 1.0602189
-3.571557 -12.622713 1.0590649
-3.5715537 -12.565274 1.0574764
-3.5715518 -12.529095 1.0581297
-3.5715499 -12.493448 1.0587735
-3.5715485 -12.458324 1.0594078
-3.5715466 -12.423711 1.0600328
-3.5715446 -12.389597 1.0606489
-3.571542 -12.339397 1.0615555
-3.5715401 -12.290146 1.0580523
-3.5715382 -12.257927 1.0586649
-3.5715365 -12.226156 1.0592692
-3.5715339 -12.179374 1.0601588
-3.5715318 -12.133444 1.0610323
-3.5715301 -12.103378 1.0616039
-3.5715282 -12.059084 1.0624462
-3.5715261 -12.015575 1.0632737
-3.5715246 -11.987082 1.0597124
-3.5715222 -11.943541 1.0583322
-3.5715203 -11.903809 1.0573522
-3.5715179 -11.863416 1.0581975
-3.571516 -11.823708 1.0590284
-3.5715141 -11.784831 1.0598421
-3.5715117 -11.734066 1.0609047
-3.5715098 -11.696775 1.0616852
-3.5715082 -11.659143 1.0604115
-3.5715058 -11.612507 1.0597041
-3.5715036 -11.577419 1.0604719
-3.571502 -11.543022 1.0612248
-3.5714996 -11.498055 1.0585736
-3.5714974 -11.454124 1.059577
-3.5714955 -11.411199 1.0605575
-3.5714939 -11.379615 1.057757
-3.571492 -11.348619 1.0584947
-3.5714905 -11.308057 1.0594599
-3.5714881 -11.268387 1.0604039
-3.5714862 -11.220051 1.0615542
-3.5714836 -11.17292 1.0626758
-3.5714815 -11.136851 1.0587304
-3.5714798 -11.100147 1.0578982
-3.5714779 -11.064892 1.0588048
-3.571476 -11.022871 1.0608156
-3.5714741 -10.98105 1.0685841
-3.5714722 -10.949754 1.0752419
-2.3489032 -10.131672 1.0598259
-2.3489037 -10.098462 1.0598466
-2.3489048 -10.059952 1.0605711
-2.348907 -10.023418 1.0591874
-2.2810409 -10.003247 1.0594562
-2.2560749 -10.00325 1.0605869
-2.2180085 -10.003251 1.0605553
-2.1791241 -10.003253 1.0605233
-2.1393938 -10.003257 1.0604906
-2.0987916 -10.00326 1.060457
-2.0572872 -10.003263 1.0604228
-2.0139575 -10.003264 1.0591511
-1.9787767 -10.003266 1.0591114
-1.9428935 -10.003267 1.0590695
-1.8968842 -10.003271 1.0602908
-1.8585358 -10.003274 1.0602574
-1.8193822 -10.003278 1.0602268
-1.7795025 -10.00328 1.0615169
-1.7387682 -10.003282 1.0601708
-1.6972643 -10.003284 1.0587885
-1.6634276 -10.003287 1.060096
-1.6203159 -10.00329 1.0600625
-1.576365 -10.003292 1.061416
-1.5405139 -10.003295 1.0586089
-1.5040541 -10.003296 1.0599645
-1.4669702 -10.003299 1.0613616
-1.4196823 -10.003303 1.0598972
-1.3703368 -10.003304 1.0605032
-1.3320214 -10.003307 1.0598321
-1.2930435 -10.00331 1.0591395
-1.2499534 -10.003312 1.0604215
-1.2200201 -10.003315 1.058238
-1.1872942 -10.003317 1.0603788
-1.1457589 -10.003319 1.0596789
-1.1034751 -10.003321 1.0589558
-1.0566951 -10.003325 1.0602899
-1.0127816 -10.003327 1.0595696
-0.9783783 -10.003329 1.0595375
-0.94342494 -10.003332 1.0595126
-0.89739621 -10.003335 1.0587564
-0.85997343 -10.003337 1.0610557
-0.8232882 -10.00334 1.0610293
-0.77356505 -10.003343 1.0626603
-0.73565197 -10.003345 1.0576816
-0.69710231 -10.003347 1.0626469
-0.65803194 -10.003349 1.0575926
-0.61829484 -10.003352 1.0626334
-0.57801199 -10.003355 1.0575006
-0.53703189 -10.003357 1.0626193
-0.49548054 -10.00336 1.0574058
-0.46739125 -10.003362 1.0608597
-0.4226115 -10.003366 1.0580732
-0.38132143 -10.003367 1.0608168
-0.33508757 -10.00337 1.0579846
-0.29244709 -10.003373 1.0607724
-0.26217556 -10.003375 1.0589477
-0.23157072 -10.003377 1.0571027
-2.3404317 -9.9881182 1.0601144
-3.571578 -13.045867 1.0999522
-3.5715756 -13.002224 1.100323
-3.5715733 -12.959286 1.1006876
-3.5715714 -12.917038 1.1010466
-3.5715692 -12.875463 1.1014
-3.5715671 -12.834544 1.1017476
-3.5715652 -12.794268 1.1020898
-3.5715632 -12.754618 1.1024265
-3.5715613 -12.71558 1.1027583
-3.5715594 -12.67714 1.1030849
-3.5715566 -12.618572 1.1009763
-3.5715537 -12.565274 1.0993795
-3.5715518 -12.529095 1.0997214
-3.5715499 -12.493448 1.1000583
-3.5715485 -12.458324 1.1003903
-3.5715466 -12.423711 1.1007174
-3.5715446 -12.389597 1.10104
-3.5715423 -12.339397 1.1015145
-3.5715401 -12.290146 1.10198
-3.5715382 -12.257927 1.1022847
-3.5715365 -12.226156 1.102585
-3.5715342 -12.179374 1.0987402
-3.5715318 -12.133444 1.0992184
-3.5715303 -12.103378 1.0995314
-3.5715282 -12.059084 1.0999924
-3.5715261 -12.015575 1.1004453
-3.5715244 -11.987082 1.0966389
-3.5715222 -11.945084 1.097116
-3.5715203 -11.90381 1.0975851
-3.5715184 -11.863416 1.0980442
-3.571516 -11.823708 1.0984955
-3.5715141 -11.784831 1.0989373
-3.5715117 -11.734067 1.0995142
-3.5715098 -11.696775 1.0999382
-3.5715084 -11.660242 1.1003532
-3.5715058 -11.612508 1.1008958
-3.5715034 -11.577419 1.1012945
-3.571502 -11.543022 1.1016855
-3.5714996 -11.498055 1.0985613
-3.5714977 -11.454124 1.0991025
-3.5714951 -11.411199 1.0996314
-3.5714939 -11.379615 1.1000208
-3.5714922 -11.348619 1.1004025
-3.5714903 -11.308057 1.1009024
-3.5714881 -11.268387 1.1013912
-3.5714862 -11.220052 1.1019866
-3.5714836 -11.172921 1.1025673
-3.5714812 -11.135451 1.1012628
-3.5714798 -11.100148 1.1002094
-3.5714781 -11.065562 1.0991858
-3.571476 -11.021873 1.0980688
-3.5714738 -10.979866 1.0986669
-3.5714717 -10.938977 1.0992488
-3.57147 -10.899905 1.1042258
-3.5714681 -10.865245 1.1114004
-2.3489029 -10.13269 1.0996294
-2.3489034 -10.097561 1.0996289
-2.3489046 -10.06033 1.1002771
-2.3489068 -10.022855 1.0995104
-2.2810409 -10.003247 1.1010064
-2.2553389 -10.00325 1.1001163
-2.2172565 -10.003251 1.1005052
-2.1791277 -10.003252 1.0997033
-2.1393976 -10.003256 1.1000962
-2.0987957 -10.00326 1.1004977
-2.0572915 -10.003263 1.1009083
-2.0156951 -10.003264 1.1000839
-1.9794393 -10.003266 1.0986068
-1.9419687 -10.003267 1.0995203
-1.8968867 -10.003271 1.099937
-1.8578312 -10.003273 1.1008868
-1.8193822 -10.003277 1.0993488
-1.7795025 -10.00328 1.1010274
-1.7387685 -10.003282 1.1000782
-1.6972644 -10.003284 1.0991002
-1.6634276 -10.003287 1.1007373
-1.6203125 -10.003289 1.0997546
-1.5773525 -10.003292 1.1008946
-1.5405139 -10.003295 1.1004474
-1.5030329 -10.003296 1.0999835
-1.4680092 -10.003298 1.101854
-1.4196742 -10.003303 1.0986106
-1.3725065 -10.003304 1.0997933
-1.3320214 -10.003307 1.0993147
-1.2907958 -10.00331 1.0988173
-1.2522416 -10.003312 1.1007701
-1.2200201 -10.003315 1.0987023
-1.1896455 -10.003317 1.1012785
-1.1469561 -10.003319 1.0985805
-1.1010358 -10.003323 1.1002901
-1.0579376 -10.003325 1.0999407
-1.0140479 -10.003326 1.0995736
-0.9783783 -10.003329 1.1021202
-0.94472778 -10.003331 1.1000917
-0.89606786 -10.003334 1.0995585
-0.85997343 -10.003337 1.0998297
-0.8232882 -10.00334 1.1000892
-0.77356505 -10.003343 1.1021075
-0.73565197 -10.003345 1.0974243
-0.69710231 -10.003347 1.1026901
-0.65803194 -10.003349 1.0979402
-0.62019998 -10.003352 1.1008505
-0.57801199 -10.003355 1.0984718
-0.53899682 -10.003357 1.1014314
-0.49548054 -10.00336 1.0990202
-0.46739125 -10.003362 1.1026928
-0.42466068 -10.003366 1.0977384
-0.38132143 -10.003367 1.1033206
-0.3372035 -10.00337 1.0982912
-0.29244709 -10.003373 1.0985694
-0.26217556 -10.003375 1.096951
-0.23157072 -10.003377 1.1007736
-2.3404317 -9.9881172 1.1007968
-3.571578 -13.045867 1.1408764
-3.5715756 -13.002224 1.1409132
-3.5715733 -12.959286 1.1409494
-3.5715714 -12.917038 1.1409853
-3.5715692 -12.875463 1.1410204
-3.5715671 -12.834544 1.141055
-3.5715652 -12.794268 1.141089
-3.5715632 -12.754618 1.1411226
-3.5715613 -12.71558 1.1411555
-3.5715594 -12.67714 1.141188
-3.5715566 -12.620644 1.1412356
-3.5715537 -12.565274 1.1412827
-3.5715518 -12.529095 1.1413131
-3.5715499 -12.493448 1.1413431
-3.5715485 -12.458324 1.1413729
-3.5715466 -12.423711 1.141402
-3.5715446 -12.389597 1.141431
-3.571542 -12.339397 1.1414733
-3.5715399 -12.290146 1.141515
-3.5715382 -12.257927 1.1415422
-3.5715365 -12.226156 1.1415691
-3.5715339 -12.179374 1.1373217
-3.5715318 -12.133444 1.1374047
-3.5715301 -12.103378 1.1374588
-3.571528 -12.059084 1.1375386
-3.5715261 -12.015575 1.1376169
-3.5715244 -11.987082 1.1376683
-3.5715225 -11.945083 1.1377438
-3.5715203 -11.90381 1.1378181
-3.5715179 -11.863417 1.1378909
-3.571516 -11.823708 1.1379625
-3.5715141 -11.784831 1.1380324
-3.5715117 -11.734067 1.1381238
-3.5715098 -11.696775 1.1381911
-3.5715079 -11.660242 1.1382569
-3.5715058 -11.612507 1.1383427
-3.5715034 -11.577419 1.138406
-3.571502 -11.543023 1.1384681
-3.5714996 -11.498055 1.1385491
-3.5714977 -11.454124 1.1386281
-3.5714953 -11.410233 1.1406392
-3.5714939 -11.379615 1.1422844
-3.571492 -11.348619 1.1423105
-3.5714905 -11.308057 1.1423448
-3.5714881 -11.268387 1.1423784
-3.5714858 -11.22005 1.1424192
-3.5714834 -11.172923 1.1424592
-3.5714817 -11.13615 1.1424904
-3.5714798 -11.100147 1.1425207
-3.5714781 -11.06422 1.1408209
-3.5714762 -11.021873 1.1394068
-3.5714741 -10.979866 1.1394825
-3.5714722 -10.938976 1.1395562
-3.5714698 -10.899028 1.1396282
-3.5714679 -10.860115 1.1396983
-3.5714655 -10.822654 1.1411419
-3.5714643 -10.787442 1.1481946
-3.5714624 -10.751122 1.1554698
-2.3489027 -10.132182 1.1395633
-2.3489039 -10.098147 1.1400652
-2.3489046 -10.059952 1.1399399
-2.348907 -10.022573 1.1398124
-2.2810409 -10.003247 1.1425567
-2.2568159 -10.00325 1.1396105
-2.2187655 -10.00325 1.1404192
-2.1791239 -10.003253 1.1388828
-2.1393938 -10.003256 1.1397014
-2.0987916 -10.00326 1.140538
-2.0564139 -10.003262 1.1401887
-2.0139575 -10.003265 1.1410499
-1.9781142 -10.003266 1.1398385
-1.9410365 -10.003267 1.1399999
-1.8968843 -10.003271 1.1395829
-1.8585358 -10.003274 1.1416204
-1.8183931 -10.003278 1.1397989
-1.7795023 -10.00328 1.140538
-1.7387685 -10.003281 1.1399854
-1.6972644 -10.003284 1.1394118
-1.6624799 -10.003287 1.1392926
-1.6203159 -10.00329 1.1394476
-1.5763648 -10.003291 1.1402369
-1.5415181 -10.003295 1.140249
-1.5040541 -10.003296 1.1401415
-1.4659313 -10.0033 1.140023
-1.4196782 -10.003302 1.1401925
-1.3703368 -10.003304 1.1387963
-1.3331255 -10.003307 1.1410478
-1.2930435 -10.00331 1.1387877
-1.2499534 -10.003312 1.140825
-1.2200201 -10.003315 1.1391666
-1.1872942 -10.003317 1.1418811
-1.1445615 -10.00332 1.139555
-1.1022555 -10.003321 1.1395626
-1.0591801 -10.003325 1.13956
-1.0127816 -10.003326 1.1394228
-0.9783783 -10.003329 1.1399715
-0.94342494 -10.003332 1.1405139
-0.89473969 -10.003335 1.1403944
-0.85997343 -10.003337 1.1386034
-0.8232882 -10.00334 1.139149
-0.77356482 -10.003343 1.1415548
-0.73565197 -10.003345 1.1371671
-0.69710231 -10.003348 1.1427333
-0.65803194 -10.003349 1.1382879
-0.61829484 -10.003352 1.1388528
-0.57801199 -10.003355 1.1394429
-0.53703189 -10.003357 1.1400257
-0.49548054 -10.00336 1.1406345
-0.46739125 -10.003362 1.139297
-0.42466068 -10.003365 1.1399045
-0.38132143 -10.003367 1.1405115
-0.3372035 -10.00337 1.1411389
-0.29244709 -10.003373 1.1363661
-0.26217556 -10.003375 1.1403834
-0.23157072 -10.003377 1.1389855
-2.3407612 -9.9881849 1.1401188
-3.571578 -13.045867 1.1818006
-3.5715756 -13.002224 1.1815034
-3.5715733 -12.959286 1.1812111
-3.5715714 -12.917038 1.1809237
-3.5715692 -12.875463 1.1806407
-3.5715671 -12.834544 1.1803623
-3.5715652 -12.794268 1.1800882
-3.5715632 -12.754618 1.1798183
-3.5715613 -12.71558 1.1795527
-3.5715594 -12.67714 1.179291
-3.5715568 -12.620644 1.1789064
-3.5715537 -12.565274 1.1785299
-3.5715518 -12.529095 1.1782835
-3.5715499 -12.493448 1.1780407
-3.5715485 -12.458324 1.1778018
-3.5715466 -12.423711 1.1775662
-3.5715446 -12.389597 1.1818218
-3.571542 -12.339397 1.1814324
-3.5715401 -12.290146 1.1810501
-3.5715382 -12.257927 1.1807998
-3.5715365 -12.226156 1.1805533
-3.5715339 -12.179375 1.1801902
-3.5715318 -12.133444 1.1798338
-3.5715301 -12.103378 1.1796004
-3.571528 -12.059084 1.1792566
-3.5715261 -12.015575 1.178919
-3.5715244 -11.987082 1.1786976
-3.5715225 -11.945083 1.1783715
-3.5715203 -11.903809 1.1780512
-3.5715179 -11.863416 1.1777375
-3.571516 -11.823708 1.1774292
-3.5715146 -11.784831 1.1771276
-3.5715117 -11.732926 1.1788241
-3.5715101 -11.696776 1.1802692
-3.5715082 -11.660241 1.1799508
-3.5715058 -11.612507 1.1795347
-3.5715034 -11.577419 1.1792287
-3.571502 -11.543023 1.1789287
-3.5714996 -11.498055 1.1785369
-3.5714979 -11.454124 1.1781538
-3.5714953 -11.412163 1.1793979
-3.5714939 -11.379614 1.1810262
-3.571492 -11.348619 1.1807262
-3.5714905 -11.308057 1.1803337
-3.5714881 -11.268387 1.17995
-3.5714858 -11.220051 1.1828517
-3.5714836 -11.172923 1.1823506
-3.5714819 -11.13615 1.1819597
-3.5714798 -11.100147 1.181577
-3.5714777 -11.064893 1.1812021
-3.5714755 -11.021873 1.1807448
-3.5714738 -10.979866 1.1802982
-3.5714717 -10.938976 1.1798636
-3.5714695 -10.899029 1.1794388
-3.5714676 -10.859307 1.1801256
-3.5714653 -10.822075 1.1816095
-3.5714641 -10.784999 1.1811799
-3.5714617 -10.741621 1.1806769
-3.57146 -10.701287 1.1855644
-3.5714579 -10.662908 1.1929952
-2.3489027 -10.131672 1.1794803
-2.3489037 -10.097246 1.1798208
-2.3489046 -10.059408 1.1804768
-2.3489068 -10.022857 1.1801054
-2.2810407 -10.003247 1.1806443
-2.2560749 -10.00325 1.1791393
-2.218008 -10.003251 1.1803687
-2.1783559 -10.003253 1.1792786
-2.1393976 -10.003257 1.1793071
-2.0987957 -10.00326 1.1805786
-2.0581625 -10.003262 1.1794024
-2.0157454 -10.003264 1.1807036
-1.9787767 -10.003266 1.1793337
-1.9428935 -10.003267 1.1804101
-1.8959329 -10.003271 1.1792616
-1.8585358 -10.003274 1.1803612
-1.8193822 -10.003278 1.1802117
-1.7795023 -10.00328 1.1800486
-1.7387685 -10.003282 1.1798929
-1.6972644 -10.003284 1.1797235
-1.6634276 -10.003287 1.1779639
-1.6203158 -10.00329 1.1805085
-1.5753771 -10.003292 1.1796061
-1.5405139 -10.003295 1.1799319
-1.5050755 -10.003296 1.1802716
-1.4669702 -10.003299 1.1805153
-1.4196823 -10.003303 1.1803405
-1.3714216 -10.003304 1.1801746
-1.3309171 -10.003307 1.1804155
-1.2907958 -10.00331 1.1785048
-1.2522416 -10.003312 1.1811337
-1.2200201 -10.003315 1.1796309
-1.1884699 -10.003317 1.1804279
-1.1469561 -10.003319 1.1807902
-1.1034751 -10.003323 1.1788043
-1.0566951 -10.003325 1.1813232
-1.0115155 -10.003327 1.1793039
-0.9783783 -10.003329 1.1778228
-0.94212216 -10.003332 1.180969
-0.89606786 -10.003335 1.1813672
-0.85997343 -10.003337 1.1773776
-0.82192063 -10.00334 1.1805977
-0.77356482 -10.003343 1.1810021
-0.73565197 -10.003345 1.1769099
-0.69710231 -10.003347 1.1827765
-0.65803194 -10.003349 1.1786354
-0.6182946 -10.003353 1.17951
-0.57801199 -10.003355 1.1804142
-0.53703189 -10.003357 1.1813161
-0.49548054 -10.00336 1.1822488
-0.46739125 -10.003362 1.1759011
-0.42466068 -10.003366 1.1820707
-0.38132143 -10.003367 1.1777025
-0.33931944 -10.00337 1.1813837
-0.29244709 -10.003373 1.1795627
-0.26217556 -10.003375 1.1783867
-0.23157072 -10.003377 1.1771975
-2.3404315 -9.9881182 1.1794466
-3.571578 -13.045867 1.2227247
-3.5715756 -13.002224 1.2220937
-3.5715733 -12.959286 1.2214729
-3.5715714 -12.917038 1.2208623
-3.5715692 -12.875463 1.2202611
-3.5715671 -12.834544 1.2196697
-3.5715652 -12.794268 1.2190874
-3.5715632 -12.754618 1.2185141
-3.5715613 -12.71558 1.2179497
-3.5715594 -12.67714 1.2173941
-3.5715566 -12.618572 1.2191533
-3.5715535 -12.565275 1.2204328
-3.5715518 -12.529095 1.2198752
-3.5715499 -12.493448 1.2193257
-3.5715485 -12.458324 1.2187842
-3.5715466 -12.423711 1.2182508
-3.5715446 -12.389597 1.2222129
-3.571542 -12.339397 1.2213911
-3.5715396 -12.290147 1.2205849
-3.5715382 -12.257927 1.2200575
-3.5715365 -12.226156 1.2195376
-3.5715342 -12.177657 1.221117
-3.5715318 -12.133444 1.2222629
-3.5715301 -12.103378 1.2217419
-3.571528 -12.059084 1.2209746
-3.5715261 -12.015575 1.2202207
-3.5715244 -11.987082 1.219727
-3.5715225 -11.945083 1.2189991
-3.5715203 -11.903809 1.2182841
-3.5715184 -11.863417 1.2175843
-3.571516 -11.823708 1.2168963
-3.5715141 -11.784832 1.220132
-3.5715117 -11.735206 1.2209744
-3.5715098 -11.696776 1.2223475
-3.5715079 -11.660242 1.2216448
-3.5715053 -11.612507 1.2207264
-3.5715034 -11.577419 1.2200514
-3.571502 -11.543023 1.2193897
-3.5714996 -11.498055 1.2185246
-3.5714977 -11.454124 1.2212726
-3.5714953 -11.411199 1.2204057
-3.5714934 -11.379615 1.2197678
-3.5714922 -11.348619 1.219142
-3.5714905 -11.308057 1.2183229
-3.5714881 -11.268387 1.2175215
-3.571486 -11.21886 1.2211462
-3.5714836 -11.172923 1.2222424
-3.5714817 -11.13615 1.2214293
-3.5714798 -11.100147 1.2206334
-3.5714781 -11.064892 1.219854
-3.571476 -11.021873 1.2189031
-3.5714738 -10.979228 1.2196465
-3.5714717 -10.938976 1.220171
-3.57147 -10.899027 1.2192494
-3.5714679 -10.860884 1.2192731
-3.5714655 -10.822075 1.2204634
-3.5714641 -10.784228 1.2206372
-3.5714617 -10.741621 1.2214426
-3.5714591 -10.699438 1.2203891
-3.5714574 -10.658412 1.2193644
-3.571456 -10.619949 1.2208804
-3.5714538 -10.581763 1.2307769
-3.5714521 -10.550092 1.2366663
-2.3489027 -10.132691 1.2193171
-2.3489039 -10.09844 1.2195733
-2.3489046 -10.060133 1.2201414
-2.3489068 -10.023139 1.2204081
-2.2810404 -10.003247 1.218732
-2.2560766 -10.00325 1.2198193
-2.2172565 -10.003251 1.2203434
-2.1798973 -10.003253 1.2195883
-2.1393938 -10.003257 1.2189122
-2.0987916 -10.00326 1.220619
-2.0572913 -10.003263 1.2186832
-2.0148549 -10.003264 1.2204258
-1.9794393 -10.003266 1.2188084
-1.9419687 -10.003267 1.22089
-1.897833 -10.003271 1.220121
-1.8585358 -10.003274 1.2191019
-1.8203688 -10.003277 1.2205939
-1.7795023 -10.00328 1.2195591
-1.7387685 -10.003282 1.2198002
-1.6972643 -10.003284 1.2200351
-1.6634276 -10.003287 1.2186053
-1.619074 -10.003289 1.220253
-1.5763648 -10.00329 1.2190752
-1.5395097 -10.003295 1.2196417
-1.5040543 -10.003296 1.2203004
-1.4680094 -10.0033 1.2209792
-1.4196742 -10.003302 1.2190542
-1.3725065 -10.003304 1.2215233
-1.3331255 -10.003306 1.2199931
-1.2930435 -10.00331 1.2184361
-1.2499534 -10.003312 1.221229
-1.2200201 -10.003315 1.2200953
-1.1896453 -10.003316 1.2189447
-1.1445615 -10.003319 1.2218065
-1.1010358 -10.003323 1.2202003
-1.0579376 -10.003325 1.2209425
-1.0127816 -10.003326 1.2192981
-0.9783783 -10.003329 1.2204055
-0.94342494 -10.003332 1.2215382
-0.89606786 -10.003335 1.2198598
-0.85997343 -10.003337 1.2161515
-0.8232882 -10.00334 1.2221632
-0.77356482 -10.003343 1.2204494
-0.73565197 -10.003345 1.2166526
-0.69710231 -10.003347 1.2228196
-0.65803194 -10.003349 1.2189829
-0.61829448 -10.003352 1.2201674
-0.57801199 -10.003355 1.2213854
-0.53506696 -10.003357 1.219968
-0.49548054 -10.00336 1.2238631
-0.46739125 -10.003362 1.2177342
-0.42670971 -10.003365 1.2216603
-0.38132143 -10.003367 1.2202065
-0.33508757 -10.00337 1.2187254
-0.29244709 -10.003373 1.2227591
-0.26217556 -10.003375 1.2163899
-0.23157072 -10.003377 1.2208683
-2.3404319 -9.9881172 1.2201289
-3.571578 -13.045867 1.263649
-3.5715756 -13.002224 1.262684
-3.5715733 -12.959286 1.2617346
-3.5715714 -12.917038 1.2608007
-3.5715692 -12.875463 1.2598815
-3.5715671 -12.834544 1.2589771
-3.5715652 -12.794268 1.2580867
-3.5715632 -12.754618 1.2572101
-3.5715613 -12.71558 1.2563471
-3.5715594 -12.67714 1.2602601
-3.5715566 -12.622715 1.2610896
-3.5715535 -12.565275 1.2623359
-3.5715518 -12.529095 1.2614669
-3.5715499 -12.493448 1.2606106
-3.5715485 -12.458324 1.2597669
-3.5715466 -12.423711 1.2589355
-3.5715446 -12.389597 1.258116
-3.5715423 -12.339397 1.26135
-3.5715394 -12.290147 1.2601198
-3.5715382 -12.257927 1.2593153
-3.5715365 -12.226156 1.2585218
-3.5715342 -12.181091 1.259295
-3.5715318 -12.133444 1.2604491
-3.5715303 -12.103378 1.2596693
-3.5715282 -12.059084 1.2626923
-3.5715261 -12.015575 1.2615225
-3.5715244 -11.987082 1.2607563
-3.5715225 -11.945083 1.259627
-3.5715203 -11.903809 1.258517
-3.5715184 -11.863416 1.2574309
-3.571516 -11.823708 1.2563632
-3.5715146 -11.784831 1.2631369
-3.5715117 -11.734067 1.2616746
-3.5715098 -11.696776 1.2606007
-3.5715079 -11.660242 1.2595483
-3.5715053 -11.612507 1.2581733
-3.5715034 -11.577419 1.2608739
-3.5715024 -11.543023 1.2598503
-3.5714996 -11.498055 1.2585121
-3.5714977 -11.454125 1.2607982
-3.5714955 -11.411199 1.2594796
-3.5714934 -11.379615 1.2620314
-3.5714922 -11.348619 1.2610499
-3.5714905 -11.308057 1.2597653
-3.5714881 -11.268387 1.2585088
-3.5714862 -11.220051 1.2592121
-3.5714836 -11.172921 1.262134
-3.5714817 -11.13615 1.2608989
-3.5714798 -11.100147 1.2596899
-3.5714779 -11.064892 1.2585057
-3.5714755 -11.021022 1.2592524
-3.5714734 -10.980504 1.2602575
-3.5714722 -10.938976 1.2604784
-3.5714693 -10.899029 1.2590603
-3.5714679 -10.860115 1.2607038
-3.5714653 -10.822077 1.2593174
-3.5714641 -10.78573 1.2588743
-3.5714619 -10.740907 1.2613028
-3.5714595 -10.699437 1.2605898
-3.5714574 -10.658412 1.259016
-3.5714567 -10.617919 1.2594018
-3.571454 -10.579632 1.2615073
-3.5714512 -10.541794 1.2599832
-3.5714493 -10.500925 1.2664915
-3.5714476 -10.461159 1.2743529
-2.3489027 -10.132182 1.2592343
-2.3489039 -10.097562 1.2600137
-2.3489044 -10.059771 1.2598641
-2.348907 -10.022291 1.2600101
-2.2810404 -10.003247 1.2602822
-2.2553389 -10.003249 1.2605438
-2.2187653 -10.003251 1.2602074
-2.1791239 -10.003253 1.2599839
-2.1386089 -10.003256 1.2597642
-2.0987957 -10.00326 1.2606596
-2.0572872 -10.003263 1.2591681
-2.0139575 -10.003264 1.2601757
-1.9781144 -10.003266 1.2600814
-1.9419663 -10.003267 1.2600822
-1.8968842 -10.003271 1.2598001
-1.8592403 -10.003274 1.2597998
-1.8193822 -10.003276 1.2610534
-1.7795023 -10.00328 1.2590697
-1.7387685 -10.003282 1.2597076
-1.697264 -10.003284 1.2603467
-1.6634276 -10.003287 1.2592465
-1.6203158 -10.00329 1.2599049
-1.5763648 -10.003291 1.2605644
-1.5405139 -10.003295 1.2594335
-1.5030329 -10.003296 1.2603571
-1.4659313 -10.003298 1.2592049
-1.4196781 -10.003302 1.2606359
-1.3703368 -10.003304 1.2605854
-1.3309172 -10.003306 1.2593995
-1.2907958 -10.00331 1.2581927
-1.2522416 -10.003312 1.2614975
-1.2200201 -10.003315 1.2605594
-1.1872941 -10.003317 1.2596068
-1.1457589 -10.003319 1.2606871
-1.1022555 -10.003321 1.2594421
-1.0591799 -10.003325 1.2605302
-1.0140479 -10.003327 1.2592604
-0.9783783 -10.003329 1.2629882
-0.94342494 -10.003332 1.2596619
-0.89606786 -10.003335 1.2583525
-0.85997343 -10.003337 1.2597721
-0.8232882 -10.00334 1.261223
-0.77356482 -10.003343 1.2598968
-0.73565197 -10.003345 1.2563953
-0.69895029 -10.003347 1.2604021
-0.65803194 -10.003349 1.2593307
-0.61829448 -10.003351 1.2608244
-0.57801199 -10.003355 1.2623565
-0.53703189 -10.003357 1.2587492
-0.49548054 -10.00336 1.2602757
-0.46739125 -10.003362 1.2595675
-0.42466044 -10.003365 1.2611183
-0.38132143 -10.003367 1.2627102
-0.3372035 -10.00337 1.2589701
-0.29244709 -10.003373 1.2605561
-0.26217544 -10.003375 1.2598224
-0.23157072 -10.003377 1.2590804
-2.3406255 -9.9882631 1.2601495
-3.571578 -13.045867 1.3045731
-3.5715756 -13.002224 1.3032743
-3.5715733 -12.959286 1.3019964
-3.5715714 -12.917038 1.3007392
-3.5715692 -12.875463 1.2995019
-3.5715671 -12.834545 1.2982844
-3.5715652 -12.794268 1.2970859
-3.5715632 -12.754618 1.2959058
-3.5715613 -12.71558 1.2995437
-3.5715594 -12.67714 1.3031261
-3.5715568 -12.620643 1.3013366
-3.5715535 -12.565275 1.2995831
-3.5715518 -12.529095 1.2984374
-3.5715499 -12.493448 1.2973082
-3.5715485 -12.458324 1.3007494
-3.5715466 -12.423711 1.29962
-3.5715446 -12.389597 1.298507
-3.571542 -12.339397 1.301309
-3.5715394 -12.290147 1.299655
-3.5715382 -12.257927 1.2985728
-3.5715365 -12.226156 1.3018376
-3.5715339 -12.179374 1.3002217
-3.5715318 -12.133444 1.2986352
-3.5715301 -12.103378 1.2975967
-3.5715282 -12.059084 1.3002386
-3.5715261 -12.015575 1.3028244
-3.5715244 -11.987082 1.3017857
-3.5715225 -11.945084 1.3002546
-3.5715203 -11.903809 1.2987499
-3.5715184 -11.863416 1.2972776
-3.571516 -11.823708 1.2997768
-3.5715146 -11.784831 1.3022319
-3.5715117 -11.734067 1.3002844
-3.5715098 -11.696776 1.2988536
-3.5715075 -11.659143 1.2994709
-3.5715058 -11.612507 1.2993653
-3.5715034 -11.577419 1.3016965
-3.571502 -11.543023 1.3003112
-3.5714996 -11.497045 1.3004363
-3.5714979 -11.454124 1.3003236
-3.5714953 -11.411199 1.2985537
-3.5714936 -11.379614 1.3007731
-3.571492 -11.347686 1.3013258
-3.5714905 -11.308057 1.3012078
-3.5714881 -11.268387 1.2994959
-3.5714862 -11.221171 1.2984444
-3.5714836 -11.172923 1.3020254
-3.5714817 -11.13615 1.3003685
-3.5714798 -11.100148 1.2987462
-3.5714777 -11.06422 1.2988573
-3.5714757 -11.022769 1.3004434
-3.5714734 -10.979866 1.2996056
-3.5714722 -10.938168 1.2998121
-3.5714691 -10.899028 1.2988709
-3.5714679 -10.860116 1.3000308
-3.5714653 -10.822075 1.3011601
-3.5714645 -10.784999 1.299312
-3.5714614 -10.741623 1.3000522
-3.5714591 -10.699439 1.3007907
-3.5714574 -10.658412 1.2986672
-3.5714562 -10.619088 1.3012007
-3.571454 -10.579632 1.3001038
-3.5714512 -10.541252 1.2999326
-3.5714493 -10.499543 1.300422
-3.5714478 -10.456743 1.3006198
-3.5714459 -10.423628 1.3019066
-3.5714445 -10.385747 1.3088818
-3.5714424 -10.352031 1.3166646
-2.3489027 -10.131672 1.2991346
-2.3489037 -10.097549 1.2997576
-2.3489044 -10.059951 1.3003892
-2.348907 -10.022857 1.2996333
-2.2810404 -10.003247 1.3018326
-2.2568157 -10.00325 1.2999718
-2.218008 -10.00325 1.3001819
-2.1791277 -10.003253 1.2991637
-2.1401842 -10.003257 1.3004773
-2.0987916 -10.00326 1.3006998
-2.0572915 -10.003263 1.2996535
-2.0157454 -10.003265 1.2997736
-1.9787769 -10.003266 1.2995561
-1.9419639 -10.003269 1.3005385
-1.8968866 -10.003271 1.2994461
-1.8585358 -10.003274 1.3004498
-1.8193822 -10.003278 1.3001755
-1.7795023 -10.00328 1.2985803
-1.739795 -10.003282 1.3008801
-1.697264 -10.003284 1.3006583
-1.6634276 -10.003287 1.2998877
-1.6215611 -10.003289 1.299522
-1.5773523 -10.003291 1.2999969
-1.5405139 -10.003295 1.3012722
-1.5040541 -10.003296 1.3004773
-1.4669702 -10.003298 1.2996688
-1.4196823 -10.003302 1.3007839
-1.3725065 -10.003304 1.2997782
-1.3331254 -10.003307 1.2989386
-1.2930435 -10.00331 1.2980844
-1.2499534 -10.003312 1.3016326
-1.2200201 -10.003315 1.3010237
-1.1896454 -10.003317 1.3004059
-1.1469561 -10.00332 1.2995374
-1.1034751 -10.003323 1.2986529
-1.0579374 -10.003325 1.300048
-1.0127816 -10.003327 1.2991514
-0.9783783 -10.003329 1.3008394
-0.9447276 -10.003332 1.3001876
-0.89739609 -10.003335 1.299271
-0.85997343 -10.003337 1.3033929
-0.8232882 -10.003339 1.3002828
-0.77356482 -10.003342 1.2993441
-0.73565197 -10.003345 1.296138
-0.69710231 -10.003347 1.2978879
-0.65803194 -10.003349 1.2996783
-0.61829448 -10.003353 1.3014818
-0.57801199 -10.003355 1.3033276
-0.53703189 -10.003357 1.3000399
-0.49548054 -10.00336 1.2966881
-0.46739125 -10.003362 1.3014007
-0.4226113 -10.003366 1.3006204
-0.38132143 -10.003367 1.2999014
-0.33931944 -10.00337 1.2991695
-0.29244709 -10.003373 1.298353
-0.26217508 -10.003375 1.3032546
-0.23157072 -10.003377 1.2972925
-2.3401394 -9.9877586 1.2994307
-3.571578 -13.045867 1.3403817
-3.5715756 -13.002224 1.3438644
-3.5715733 -12.959286 1.3422581
-3.5715714 -12.917038 1.3406776
-3.5715692 -12.875463 1.3391223
-3.5715671 -12.834545 1.3375916
-3.5715652 -12.794268 1.3360851
-3.5715632 -12.754618 1.3394387
-3.5715613 -12.71558 1.3427405
-3.5715594 -12.67714 1.3412291
-3.5715566 -12.620644 1.3390075
-3.5715535 -12.565275 1.3368303
-3.5715518 -12.529095 1.3400289
-3.5715499 -12.493448 1.3385931
-3.5715485 -12.458324 1.3417319
-3.5715466 -12.423711 1.3403046
-3.5715446 -12.389597 1.3388979
-3.571542 -12.339397 1.3412678
-3.5715394 -12.290147 1.3391899
-3.5715377 -12.257927 1.3378305
-3.5715365 -12.226156 1.3408217
-3.5715342 -12.177657 1.3411025
-3.5715318 -12.133444 1.3410645
-3.5715301 -12.103378 1.3397385
-3.5715282 -12.059084 1.3377846
-3.5715261 -12.015576 1.339996
-3.5715244 -11.987082 1.342815
-3.5715225 -11.945084 1.3408824
-3.5715203 -11.903809 1.3389831
-3.5715184 -11.863416 1.3371242
-3.571516 -11.823708 1.3431903
-3.5715141 -11.784831 1.341327
-3.5715117 -11.734067 1.338894
-3.5715098 -11.696776 1.3371065
-3.5715082 -11.66134 1.3409171
-3.5715058 -11.612507 1.340557
-3.5715034 -11.577419 1.3388082
-3.571502 -11.543023 1.340772
-3.5714998 -11.499064 1.3401866
-3.5714974 -11.454124 1.3398494
-3.5714953 -11.411199 1.3411798
-3.5714934 -11.379615 1.3395149
-3.571492 -11.34955 1.3395133
-3.5714905 -11.307145 1.3410262
-3.5714881 -11.268387 1.3404832
-3.5714862 -11.220052 1.3378427
-3.5714834 -11.172923 1.3419172
-3.5714819 -11.13615 1.3398384
-3.5714798 -11.100148 1.3378028
-3.5714777 -11.065563 1.3405516
-3.571476 -11.021873 1.3397369
-3.5714734 -10.979866 1.3404213
-3.5714717 -10.939829 1.3399965
-3.5714695 -10.898422 1.3402898
-3.5714674 -10.860116 1.3393577
-3.5714655 -10.822075 1.340014
-3.5714641 -10.784999 1.3406584
-3.5714614 -10.742332 1.3388299
-3.5714595 -10.699439 1.3409913
-3.5714571 -10.6578 1.3393039
-3.5714562 -10.618491 1.3413063
-3.571454 -10.579052 1.3396596
-3.5714517 -10.542361 1.34065
-3.5714493 -10.498112 1.3400148
-3.5714483 -10.457788 1.3401272
-3.5714459 -10.422042 1.3403671
-3.5714426 -10.383691 1.3389852
-3.5714417 -10.340007 1.3408928
-3.5714395 -10.298944 1.3473544
-3.5714376 -10.261314 1.3544787
-2.3489027 -10.13269 1.3390045
-2.3489039 -10.097857 1.3395154
-2.3489044 -10.059951 1.3400716
-3.3272417 -10.003197 1.3567061
-3.316416 -10.003197 1.3534755
-2.3489068 -10.022855 1.3399323
-2.2810407 -10.003247 1.3399203
-2.2560749 -10.003249 1.3395339
-2.2172565 -10.003251 1.3401812
-2.1791258 -10.003254 1.3395305
-2.1393938 -10.003256 1.341329
-2.0987957 -10.00326 1.3407404
-2.0572872 -10.003263 1.3401386
-2.0148549 -10.003264 1.3395236
-1.9794395 -10.003266 1.3390102
-1.9419659 -10.003269 1.3409954
-1.8968841 -10.003271 1.3390921
-1.8585358 -10.003273 1.3391905
-1.8193822 -10.003278 1.3392978
-1.7802352 -10.00328 1.3400723
-1.7387682 -10.003281 1.3421721
-1.697264 -10.003284 1.34097
-1.6634276 -10.003287 1.3405287
-1.6203157 -10.00329 1.3392785
-1.5763648 -10.003291 1.3393854
-1.5415181 -10.003295 1.3410268
-1.5050755 -10.003296 1.3405695
-1.4680089 -10.003298 1.3401043
-1.4196742 -10.003303 1.3394978
-1.3703368 -10.003304 1.3388785
-1.3309171 -10.003307 1.3383838
-1.2907958 -10.00331 1.3378803
-1.2522416 -10.003312 1.3418611
-1.2200201 -10.003315 1.3414881
-1.1872942 -10.003317 1.3411093
-1.1445615 -10.003319 1.3406144
-1.1010358 -10.003323 1.3401108
-1.0566949 -10.003325 1.3395973
-1.0115155 -10.003326 1.3390743
-0.9783783 -10.003329 1.3386908
-0.9434247 -10.003332 1.3406631
-0.89606786 -10.003335 1.3401378
-0.85997343 -10.003337 1.3421669
-0.8232882 -10.00334 1.3393427
-0.7735647 -10.003343 1.3387914
-0.73565197 -10.003345 1.3358809
-0.69710231 -10.003347 1.3379312
-0.65803194 -10.003349 1.3400258
-0.61638927 -10.003352 1.3395844
-0.57801199 -10.003355 1.344299
-0.53703189 -10.003357 1.3413305
-0.49548054 -10.00336 1.3383025
-0.46739125 -10.003362 1.3432338
-0.42466044 -10.003365 1.340194
-0.38132143 -10.003367 1.337092
-0.3372035 -10.00337 1.3392953
-0.29244709 -10.003373 1.3415494
-0.26217508 -10.003375 1.3412579
-0.23157072 -10.003377 1.3409634
-3.2978458 -9.9860954 1.3544327
-2.3404322 -9.9881182 1.3394629
-3.571578 -13.045867 1.3761904
-3.5715756 -13.002224 1.3844547
-3.5715733 -12.959286 1.3825198
-3.5715714 -12.917038 1.3806163
-3.5715692 -12.875463 1.3787427
-3.5715671 -12.834545 1.376899
-3.5715652 -12.794268 1.3799591
-3.5715632 -12.754618 1.3829715
-3.5715613 -12.71558 1.3811377
-3.5715594 -12.67714 1.3793322
-3.5715566 -12.618572 1.3791871
-3.5715535 -12.565275 1.3787334
-3.5715518 -12.529095 1.3816206
-3.5715499 -12.493448 1.379878
-3.5715485 -12.458324 1.3781608
-3.5715466 -12.423711 1.3809893
-3.5715446 -12.389597 1.3792889
-3.571542 -12.339398 1.3812268
-3.5715394 -12.290147 1.3787249
-3.5715377 -12.257927 1.3814501
-3.5715365 -12.226156 1.379806
-3.5715342 -12.18109 1.3793722
-3.5715318 -12.133444 1.3792505
-3.5715301 -12.103378 1.3818799
-3.571528 -12.059084 1.3795025
-3.5715261 -12.015576 1.3771677
-3.5715244 -11.987082 1.3797414
-3.5715225 -11.945083 1.38151
-3.5715203 -11.903809 1.3792161
-3.5715184 -11.863416 1.376971
-3.571516 -11.823708 1.3826572
-3.5715141 -11.784832 1.380422
-3.571512 -11.732926 1.3795375
-3.5715101 -11.696776 1.3791847
-3.5715084 -11.660242 1.3808397
-3.5715058 -11.611435 1.3799767
-3.5715034 -11.577419 1.3796307
-3.571502 -11.543023 1.3812327
-3.5714996 -11.497045 1.3803903
-3.5714977 -11.454124 1.379375
-3.5714955 -11.411199 1.380254
-3.5714939 -11.379615 1.3817787
-3.571492 -11.348619 1.379789
-3.5714905 -11.308969 1.3788097
-3.5714881 -11.268387 1.3814706
-3.5714862 -11.220053 1.3782754
-3.5714836 -11.172921 1.3818088
-3.5714819 -11.13615 1.3793079
-3.5714798 -11.099463 1.3785604
-3.5714781 -11.064892 1.3809032
-3.5714757 -11.020979 1.3789982
-3.5714734 -10.979866 1.381237
-3.5714717 -10.938167 1.3804066
-3.5714695 -10.899634 1.3799464
-3.5714676 -10.859345 1.3807404
-3.5714653 -10.822076 1.378868
-3.5714645 -10.784265 1.3810583
-3.5714617 -10.741621 1.3786809
-3.5714595 -10.699438 1.3811918
-3.5714574 -10.658412 1.3798496
-3.5714562 -10.618491 1.3804232
-3.571454 -10.57963 1.380046
-3.5714512 -10.541796 1.3796946
-3.5714493 -10.499722 1.3801548
-3.5714478 -10.456743 1.3798009
-3.5714457 -10.423059 1.3793924
-3.5714428 -10.383155 1.3794743
-3.5714417 -10.339489 1.3807235
-3.5714405 -10.297212 1.3806814
-3.5714369 -10.256117 1.38004
-3.571435 -10.217867 1.3833611
-3.5714335 -10.18152 1.390747
-3.5714321 -10.151563 1.3976337
-2.3489029 -10.132182 1.3789053
-2.3489034 -10.097854 1.380661
-2.3489044 -10.059952 1.3797542
-3.4128098 -10.003189 1.3948793
-3.3787313 -10.003193 1.3873246
-3.3404253 -10.003198 1.3801981
-3.316416 -10.003197 1.3780156
-2.3489068 -10.022857 1.3809146
-2.2810404 -10.003247 1.3780079
-2.2560763 -10.003249 1.3802139
-2.2187653 -10.003251 1.3799956
-2.1791236 -10.003253 1.3810848
-2.1393976 -10.003256 1.3809346
-2.0987916 -10.00326 1.3807807
-2.0572915 -10.003262 1.3806238
-2.0148504 -10.003265 1.3804635
-1.9781144 -10.003266 1.3803245
-1.9419684 -10.003268 1.3801876
-1.8968821 -10.003271 1.3800172
-1.8578315 -10.003274 1.3798695
-1.8193847 -10.003278 1.3797238
-1.7795023 -10.00328 1.3815446
-1.7387682 -10.003281 1.3820795
-1.6972641 -10.003284 1.3812815
-1.6634276 -10.003287 1.38117
-1.6203157 -10.00329 1.3803394
-1.5763648 -10.003291 1.3808746
-1.5405139 -10.003295 1.3807564
-1.5040543 -10.003296 1.3806362
-1.4669701 -10.003298 1.3805139
-1.4196781 -10.003301 1.3810793
-1.3714216 -10.003304 1.3802081
-1.3320212 -10.003308 1.3800783
-1.2919196 -10.00331 1.3799462
-1.2499534 -10.003312 1.3820364
-1.2200198 -10.003315 1.3819524
-1.1896453 -10.003317 1.3818669
-1.1457589 -10.003319 1.3794649
-1.1022556 -10.003321 1.3793215
-1.0579374 -10.003325 1.3791754
-1.0127816 -10.003327 1.3790267
-0.9783783 -10.003329 1.3765421
-0.9434247 -10.003332 1.3787869
-0.89606786 -10.003335 1.3786306
-0.85997343 -10.003337 1.3809408
-0.8232882 -10.003339 1.3784025
-0.77356458 -10.003343 1.3782387
-0.73565197 -10.003345 1.3756236
-0.69710231 -10.003347 1.3779743
-0.65803194 -10.003349 1.3803735
-0.61829442 -10.003352 1.3777273
-0.57801199 -10.003355 1.3801488
-0.53899682 -10.003357 1.380039
-0.49548054 -10.003361 1.3799168
-0.46739125 -10.003362 1.379838
-0.42670959 -10.003365 1.3797235
-0.38132143 -10.003367 1.379596
-0.33508757 -10.00337 1.3794662
-0.29244709 -10.003373 1.3793465
-0.26217508 -10.003375 1.3792613
-0.23157072 -10.003377 1.3791753
-3.3016427 -9.9865265 1.3805122
-2.3404317 -9.9881172 1.3801452
-3.571578 -13.045867 1.4171145
-3.5715759 -13.002224 1.4199711
-3.5715733 -12.959286 1.4227817
-3.5715714 -12.917038 1.4205546
-3.5715692 -12.875463 1.4183633
-3.5715671 -12.834545 1.4162064
-3.5715652 -12.794269 1.4238333
-3.5715632 -12.754618 1.4216675
-3.5715613 -12.71558 1.419535
-3.5715594 -12.67714 1.4174353
-3.5715566 -12.622715 1.4212579
-3.5715535 -12.565275 1.4206364
-3.5715518 -12.529095 1.4185909
-3.5715499 -12.493448 1.4211628
-3.5715485 -12.458324 1.4191434
-3.5715466 -12.423711 1.4216738
-3.5715446 -12.389597 1.41968
-3.571542 -12.339398 1.4211857
-3.5715394 -12.290147 1.4182599
-3.571538 -12.257927 1.4207078
-3.5715365 -12.226156 1.4187901
-3.5715339 -12.179375 1.4202532
-3.5715318 -12.133444 1.4174367
-3.5715303 -12.103378 1.4198072
-3.5715282 -12.059084 1.4212205
-3.5715261 -12.015576 1.4184695
-3.5715244 -11.987082 1.4166678
-3.5715225 -11.945083 1.4221377
-3.5715203 -11.90381 1.4194489
-3.5715179 -11.862202 1.4189049
-3.571516 -11.823708 1.4221241
-3.5715146 -11.784832 1.4195173
-3.5715122 -11.734067 1.4199622
-3.5715098 -11.696776 1.4212632
-3.5715079 -11.660242 1.4187435
-3.5715058 -11.61358 1.4209678
-3.5715034 -11.577419 1.4204534
-3.571502 -11.541988 1.4199424
-3.5714998 -11.499064 1.4201831
-3.5714974 -11.453138 1.4207829
-3.5714953 -11.411199 1.4193279
-3.5714939 -11.379614 1.4205204
-3.5714922 -11.348619 1.4216973
-3.5714903 -11.308057 1.4186282
-3.5714881 -11.267495 1.4208318
-3.5714862 -11.220052 1.418708
-3.5714836 -11.172923 1.4217004
-3.5714815 -11.13615 1.4187775
-3.5714798 -11.100832 1.4207237
-3.5714779 -11.064892 1.4195551
-3.5714765 -11.022722 1.4202522
-3.5714734 -10.979867 1.4189132
-3.5714722 -10.939829 1.4206321
-3.5714693 -10.898422 1.4198962
-3.5714676 -10.860928 1.4199873
-3.5714653 -10.822077 1.4207107
-3.5714641 -10.785001 1.4203881
-3.5714619 -10.74162 1.4194462
-3.5714598 -10.699438 1.4213927
-3.5714574 -10.658412 1.4195009
-3.5714562 -10.618491 1.4195402
-3.571454 -10.580215 1.4204562
-3.5714509 -10.541252 1.4196212
-3.5714493 -10.498112 1.4203829
-3.5714483 -10.457788 1.4193385
-3.5714457 -10.42254 1.4193994
-3.5714428 -10.382617 1.4199392
-3.5714417 -10.338967 1.4205306
-3.5714405 -10.297214 1.4204704
-3.5714369 -10.256422 1.4204198
-3.5714347 -10.216451 1.4197751
-3.5714338 -10.177582 1.4197493
-3.5714324 -10.140692 1.4208739
-2.3489029 -10.131672 1.4187891
-3.5714285 -10.102429 1.4269639
-2.3489037 -10.098157 1.4211298
-3.5714281 -10.064091 1.4342885
-2.3489044 -10.060134 1.4202894
-3.524636 -10.003185 1.4368145
-3.4975457 -10.003188 1.4316045
-3.4578481 -10.003181 1.4237047
-3.4180222 -10.003184 1.4207623
-3.3797207 -10.003197 1.4198903
-3.3409894 -10.003195 1.419492
-3.316416 -10.003197 1.4197335
-2.3489068 -10.023148 1.4205505
-2.2810404 -10.003247 1.4195582
-2.2560782 -10.003249 1.4197313
-2.2180083 -10.003251 1.4199952
-2.1791275 -10.003253 1.4202647
-2.1393938 -10.003256 1.42054
-2.0987957 -10.00326 1.4208213
-2.0572872 -10.003263 1.4211091
-2.0148525 -10.003264 1.4201627
-1.9787767 -10.003266 1.4197785
-1.9419658 -10.003267 1.4193799
-1.8968842 -10.003271 1.4209422
-1.858536 -10.003274 1.4205536
-1.819382 -10.003277 1.4201502
-1.7795023 -10.00328 1.4210551
-1.7387685 -10.003282 1.4219867
-1.6972643 -10.003284 1.4215931
-1.6643753 -10.003287 1.4197693
-1.6203123 -10.003289 1.4200321
-1.5753771 -10.003292 1.4202995
-1.5395097 -10.003295 1.4205133
-1.5030327 -10.003296 1.4207307
-1.4659312 -10.0033 1.4209516
-1.4196824 -10.003303 1.4212271
-1.3725065 -10.003304 1.4215083
-1.3331254 -10.003307 1.4217428
-1.2930436 -10.00331 1.4219815
-1.2522416 -10.003312 1.4222246
-1.2200193 -10.003315 1.4179206
-1.1884699 -10.003317 1.420336
-1.1469561 -10.003319 1.4182847
-1.1034752 -10.003322 1.4185014
-1.0591799 -10.003325 1.4187219
-1.014048 -10.003327 1.418947
-0.9783783 -10.00333 1.4191246
-0.9421218 -10.003333 1.4193053
-0.89473969 -10.003335 1.4195417
-0.85997343 -10.003337 1.4197147
-0.82465577 -10.00334 1.4198909
-0.77495944 -10.003343 1.4201384
-0.73565197 -10.003345 1.4153664
-0.69710231 -10.003347 1.4180174
-0.65803194 -10.003349 1.4207212
-0.61829436 -10.003353 1.4183846
-0.57801199 -10.003355 1.4159985
-0.53703189 -10.003358 1.4187367
-0.49548054 -10.003361 1.4215312
-0.46739125 -10.003362 1.416442
-0.42466044 -10.003366 1.4192417
-0.38132143 -10.003367 1.4221001
-0.3372035 -10.00337 1.4196491
-0.29244709 -10.003373 1.4171433
-0.26217508 -10.003375 1.4226937
-0.23157072 -10.003377 1.4173872
-3.3016424 -9.9865274 1.4197513
-2.3404319 -9.9881163 1.4208277
-3.571578 -13.045867 1.4580388
-3.5715756 -13.002224 1.4554877
-3.5715733 -12.959286 1.4630435
-3.5715714 -12.917038 1.4604933
-3.5715692 -12.875463 1.4579835
-3.5715671 -12.834545 1.4555138
-3.5715652 -12.794269 1.4628325
-3.5715632 -12.754618 1.4603633
-3.5715613 -12.71558 1.4579322
-3.5715594 -12.67714 1.4603012
-3.5715568 -12.620644 1.4614375
-3.5715535 -12.565275 1.4578836
-3.5715518 -12.529095 1.4601825
-3.5715499 -12.493448 1.4624476
-3.5715485 -12.458324 1.4601259
-3.5715466 -12.423711 1.4578379
-3.5715446 -12.389597 1.4600708
-3.571542 -12.339398 1.4611447
-3.5715394 -12.290147 1.4621876
-3.5715377 -12.257927 1.4599653
-3.5715365 -12.226156 1.4577742
-3.5715342 -12.177658 1.4610879
-3.5715318 -12.133444 1.4598659
-3.5715301 -12.103378 1.4577347
-3.5715282 -12.057458 1.4609599
-3.5715261 -12.015576 1.4597714
-3.5715249 -11.987082 1.4576972
-3.5715227 -11.943542 1.4608387
-3.5715203 -11.90381 1.459682
-3.5715184 -11.863416 1.4606361
-3.571516 -11.823708 1.4615911
-3.5715146 -11.784832 1.4586122
-3.571512 -11.735206 1.4604217
-3.5715098 -11.696776 1.4595163
-3.5715079 -11.659143 1.458622
-3.5715058 -11.612508 1.4603876
-3.5715034 -11.577419 1.4612761
-3.571502 -11.544057 1.4602273
-3.5714996 -11.497045 1.4603447
-3.5714979 -11.455112 1.4601368
-3.5714953 -11.410233 1.4602526
-3.5714939 -11.379615 1.4592623
-3.571492 -11.348619 1.4601128
-3.5714903 -11.308057 1.4600706
-3.5714881 -11.268387 1.4600199
-3.5714862 -11.220052 1.4591403
-3.5714834 -11.172923 1.4615921
-3.5714815 -11.136149 1.4582468
-3.5714798 -11.100147 1.4614815
-3.5714784 -11.06422 1.4598745
-3.5714755 -11.021873 1.4605708
-3.5714738 -10.979867 1.4597291
-3.5714717 -10.938128 1.4599689
-3.5714695 -10.899634 1.4595827
-3.5714679 -10.859345 1.4593748
-3.5714655 -10.821498 1.4611121
-3.5714645 -10.785731 1.4597467
-3.5714624 -10.741621 1.4602118
-3.57146 -10.698744 1.460655
-3.5714571 -10.65841 1.4600967
-3.5714562 -10.617895 1.4596043
-3.571454 -10.579632 1.4600041
-3.5714517 -10.542362 1.4603852
-3.5714495 -10.499123 1.4598944
-3.5714481 -10.457254 1.4598473
-3.5714459 -10.422042 1.4602518
-3.5714428 -10.382977 1.4597459
-3.5714417 -10.339487 1.4603236
-3.5714402 -10.297213 1.4602591
-3.5714366 -10.256271 1.4601972
-3.5714347 -10.216747 1.4595338
-3.5714338 -10.178696 1.4600816
-3.5714326 -10.141374 1.4600253
-2.3489029 -10.132182 1.4598536
-3.5714278 -10.100215 1.460534
-2.3489037 -10.097549 1.4601419
-3.5714269 -10.060866 1.4598985
-2.3489044 -10.059771 1.4599922
-3.5699317 -10.018969 1.4633942
-3.5392864 -10.00318 1.460694
-3.5007987 -10.00318 1.4601552
-3.4601827 -10.00318 1.459969
-3.4180183 -10.003182 1.4601212
-3.3801963 -10.003197 1.4597678
-3.3413084 -10.003197 1.459769
-3.3164163 -10.003197 1.461452
-2.3489068 -10.022855 1.4601496
-2.2810404 -10.003247 1.4611086
-2.2560766 -10.00325 1.4592487
-2.2187653 -10.003251 1.4599844
-2.1791239 -10.003253 1.4594444
-2.1393976 -10.003257 1.4601456
-2.0987916 -10.00326 1.4608619
-2.0572913 -10.003262 1.4615942
-2.0148547 -10.003265 1.4586213
-1.9794393 -10.003266 1.4592118
-1.9419637 -10.003267 1.4598364
-1.8968866 -10.003271 1.4605881
-1.858536 -10.003274 1.4592943
-1.819382 -10.003277 1.4592721
-1.7795023 -10.00328 1.4605658
-1.7387682 -10.003282 1.4618942
-1.6981966 -10.003284 1.4598705
-1.6634276 -10.003287 1.45838
-1.6203156 -10.00329 1.4597244
-1.5763648 -10.003291 1.4597127
-1.5405139 -10.003295 1.4602582
-1.5040541 -10.003296 1.4608129
-1.468009 -10.003299 1.4592295
-1.4196742 -10.003303 1.4599411
-1.3703368 -10.003304 1.4606677
-1.3309171 -10.003307 1.4612479
-1.2907958 -10.00331 1.4618388
-1.2510974 -10.003312 1.4601854
-1.2200193 -10.003315 1.4583848
-1.1872944 -10.003317 1.4588349
-1.1445615 -10.003319 1.4594223
-1.101036 -10.003322 1.4600208
-1.0566949 -10.003325 1.4606305
-1.0127817 -10.003327 1.4588799
-0.9783783 -10.00333 1.4617074
-0.9434247 -10.003332 1.4598109
-0.89606786 -10.003335 1.4604393
-0.85997343 -10.003337 1.4584888
-0.8232882 -10.00334 1.4613928
-0.77356458 -10.003343 1.462052
-0.73565197 -10.003345 1.4600769
-0.69710231 -10.003347 1.4580607
-0.65803194 -10.003349 1.4610687
-0.61829436 -10.003353 1.4590418
-0.57801199 -10.003355 1.4569697
-0.53703189 -10.003358 1.4600272
-0.49548054 -10.003361 1.4631454
-0.46739054 -10.003362 1.4582751
-0.42466044 -10.003365 1.4614078
-0.38132143 -10.003367 1.459291
-0.33931944 -10.00337 1.4597865
-0.29244709 -10.003373 1.4603398
-0.26217508 -10.003375 1.4606968
-0.23157072 -10.003377 1.4610583
-3.301986 -9.9866247 1.4599123
-2.341042 -9.9882641 1.46086
-3.571578 -13.045867 1.4989629
-3.5715756 -13.002224 1.496078
-3.5715733 -12.959286 1.5033052
-3.5715714 -12.917038 1.5004318
-3.5715692 -12.875463 1.4976039
-3.5715671 -12.834546 1.4997345
-3.5715652 -12.794269 1.5018317
-3.5715632 -12.754618 1.4990591
-3.5715613 -12.71558 1.4963292
-3.5715594 -12.67714 1.5031672
-3.5715566 -12.620644 1.4991083
-3.5715535 -12.565275 1.4997866
-3.5715518 -12.529095 1.5017742
-3.5715499 -12.493448 1.4991453
-3.5715485 -12.458324 1.5011085
-3.5715466 -12.423711 1.4985225
-3.5715446 -12.389597 1.5004619
-3.571542 -12.337557 1.4989822
-3.5715394 -12.290147 1.5017226
-3.571538 -12.257927 1.4992231
-3.5715365 -12.226156 1.50109
-3.5715342 -12.181091 1.4994496
-3.5715318 -12.133444 1.502295
-3.5715301 -12.103378 1.4998764
-3.5715282 -12.06071 1.4982916
-3.5715261 -12.015576 1.5010732
-3.5715249 -11.987082 1.4987264
-3.5715225 -11.945083 1.499317
-3.5715203 -11.90381 1.4999149
-3.5715184 -11.863417 1.5004828
-3.571516 -11.823708 1.501058
-3.5715141 -11.783664 1.4997325
-3.5715117 -11.734067 1.5010544
-3.5715098 -11.696776 1.4977691
-3.5715082 -11.66134 1.5001564
-3.5715058 -11.611435 1.4997746
-3.5715034 -11.577419 1.5020988
-3.571502 -11.541988 1.5008423
-3.5714996 -11.499064 1.50018
-3.5714979 -11.453138 1.4998132
-3.5714953 -11.412163 1.4991775
-3.5714939 -11.379615 1.5015258
-3.571492 -11.348619 1.4985285
-3.5714905 -11.308057 1.501513
-3.5714881 -11.269279 1.4992371
-3.5714858 -11.220053 1.4995731
-3.5714836 -11.172921 1.5014838
-3.5714815 -11.135451 1.4994113
-3.5714798 -11.100147 1.5005379
-3.5714779 -11.064892 1.5000714
-3.5714757 -11.02098 1.4998
-3.5714741 -10.979866 1.5005445
-3.5714717 -10.939784 1.5002352
-3.5714695 -10.898422 1.4995024
-3.5714676 -10.860118 1.4996805
-3.5714655 -10.822653 1.4998599
-3.5714641 -10.784999 1.5001371
-3.5714614 -10.740907 1.5000162
-3.5714598 -10.699438 1.4998709
-3.5714574 -10.658412 1.500692
-3.5714562 -10.618492 1.4996282
-3.571454 -10.579053 1.4995278
-3.5714514 -10.54123 1.5003208
-3.5714493 -10.498919 1.4994208
-3.5714476 -10.456722 1.500333
-3.5714457 -10.422542 1.5001987
-3.5714428 -10.383156 1.5002065
-3.5714417 -10.339316 1.5001231
-3.5714405 -10.297213 1.500048
-3.5714369 -10.256729 1.499983
-3.5714343 -10.216602 1.4998971
-3.5714338 -10.177582 1.5004107
-3.5714324 -10.140293 1.499748
-2.3489025 -10.132691 1.5009351
-3.5714278 -10.100005 1.5005373
-2.3489034 -10.097854 1.4999131
-3.5714266 -10.060989 1.5000306
-2.3489044 -10.059952 1.500527
-3.5698066 -10.017218 1.4998914
-3.5401714 -10.003178 1.4996979
-3.5011497 -10.00318 1.500447
-3.4602568 -10.003179 1.4998951
-3.41763 -10.003184 1.4998149
-3.380142 -10.003197 1.5000473
-3.3409903 -10.003196 1.4996794
-3.3164172 -10.003197 1.500716
-2.3489068 -10.022565 1.4997389
-2.2810404 -10.003247 1.5026587
-2.2560749 -10.003249 1.4999285
-2.2172565 -10.003251 1.4998192
-2.1798973 -10.003253 1.4998547
-2.1393938 -10.003257 1.499751
-2.0987959 -10.00326 1.5009022
-2.0572891 -10.003263 1.4996258
-2.0148506 -10.003265 1.4995613
-1.9781144 -10.003266 1.5005676
-1.9419659 -10.003269 1.500293
-1.8968843 -10.003271 1.5002344
-1.8592403 -10.003273 1.4999497
-1.8193821 -10.003278 1.4983943
-1.7795023 -10.00328 1.5000763
-1.7387682 -10.003281 1.5018013
-1.6972643 -10.003284 1.4981769
-1.6634276 -10.003287 1.4990213
-1.6203156 -10.00329 1.5007855
-1.5773523 -10.003292 1.4990991
-1.5415181 -10.003295 1.4999758
-1.5050753 -10.003296 1.5008674
-1.46697 -10.003298 1.4996674
-1.4210449 -10.003303 1.5001525
-1.3725065 -10.003304 1.4997631
-1.3331254 -10.003307 1.5006882
-1.2930436 -10.00331 1.5016298
-1.2499532 -10.003312 1.4981751
-1.2200193 -10.003315 1.4988492
-1.1896453 -10.003317 1.4995332
-1.1469561 -10.003319 1.5004944
-1.1034752 -10.003322 1.5014732
-1.0579374 -10.003325 1.5001771
-1.0115155 -10.003327 1.4988449
-0.9783783 -10.00333 1.4995587
-0.94472736 -10.003332 1.5002837
-0.89606786 -10.003335 1.4989319
-0.85997343 -10.003337 1.4972627
-0.8232882 -10.00334 1.5004525
-0.77356458 -10.003342 1.5014993
-0.73565197 -10.003345 1.5047877
-0.69710231 -10.003347 1.4981037
-0.65803194 -10.003349 1.5014164
-0.61829436 -10.003351 1.4996991
-0.57801199 -10.003355 1.4979408
-0.53703189 -10.003358 1.5013177
-0.49548054 -10.003361 1.499558
-0.46739054 -10.003362 1.5001084
-0.4226113 -10.003365 1.5009859
-0.38132143 -10.003367 1.4964819
-0.3372035 -10.003371 1.499974
-0.29244685 -10.003373 1.5035362
-0.26217508 -10.003375 1.4987004
-0.23157072 -10.003377 1.4992701
-3.3014345 -9.9864855 1.5003651
-2.3402121 -9.9882641 1.5001554
-3.571578 -13.045867 1.5398871
-3.5715756 -13.002224 1.5366683
-3.5715733 -12.959286 1.5435669
-3.5715714 -12.917038 1.5403702
-3.5715692 -12.875463 1.5372243
-3.5715671 -12.834545 1.5439553
-3.5715652 -12.794269 1.5408307
-3.5715632 -12.754618 1.5377549
-3.5715613 -12.71558 1.5395261
-3.5715594 -12.67714 1.5412703
-3.5715566 -12.618572 1.5392207
-3.5715535 -12.565275 1.5416899
-3.5715518 -12.529095 1.5387447
-3.5715499 -12.493448 1.5404302
-3.5715482 -12.458324 1.5420909
-3.5715466 -12.423711 1.5392072
-3.5715446 -12.389597 1.5408529
-3.571542 -12.34124 1.538744
-3.5715394 -12.290147 1.5412576
-3.5715377 -12.257927 1.5384808
-3.5715365 -12.226156 1.5400741
-3.5715344 -12.179375 1.5402845
-3.5715318 -12.133444 1.5404811
-3.5715301 -12.103378 1.5420178
-3.571528 -12.059084 1.5380309
-3.5715261 -12.015576 1.5423752
-3.5715249 -11.987082 1.5397558
-3.5715225 -11.945084 1.5399448
-3.5715203 -11.90381 1.5401479
-3.5715184 -11.863417 1.5403295
-3.571516 -11.823708 1.540525
-3.5715141 -11.784832 1.5406997
-3.5715117 -11.734066 1.539664
-3.5715101 -11.696776 1.5398475
-3.5715077 -11.660242 1.540035
-3.5715058 -11.613579 1.5408313
-3.5715034 -11.577419 1.5392103
-3.5715024 -11.544057 1.5411706
-3.5714996 -11.497045 1.5402989
-3.5714974 -11.455112 1.5392089
-3.5714953 -11.411199 1.5401021
-3.5714939 -11.379614 1.5402676
-3.571492 -11.348619 1.5404366
-3.5714905 -11.307145 1.5412811
-3.5714881 -11.268388 1.5385884
-3.5714862 -11.220052 1.5400056
-3.5714836 -11.172923 1.5413753
-3.5714819 -11.13615 1.5404667
-3.5714798 -11.100147 1.5395942
-3.5714781 -11.065562 1.5402927
-3.5714757 -11.02187 1.5400563
-3.5714736 -10.979229 1.5398307
-3.5714717 -10.938128 1.5405625
-3.5714695 -10.899634 1.539219
-3.5714679 -10.860884 1.5400161
-3.5714653 -10.822077 1.5402613
-3.5714641 -10.784265 1.5404989
-3.5714619 -10.74162 1.5397925
-3.5714595 -10.699437 1.5400716
-3.5714569 -10.658412 1.5403435
-3.5714562 -10.618489 1.5396765
-3.571454 -10.57963 1.5399461
-3.5714517 -10.541794 1.5402088
-3.5714493 -10.498913 1.5396168
-3.5714483 -10.457763 1.5399158
-3.5714459 -10.423036 1.5401678
-3.5714431 -10.383336 1.5406753
-3.5714417 -10.339488 1.5399287
-3.5714402 -10.297215 1.5398369
-3.5714369 -10.255814 1.5403461
-3.5714345 -10.216451 1.5402538
-3.5714338 -10.178281 1.5401688
-3.5714328 -10.140966 1.5400764
-2.3489027 -10.132182 1.5408132
-3.5714278 -10.10042 1.5400485
-2.3489039 -10.097561 1.5403798
-3.5714269 -10.060866 1.540158
-2.3489046 -10.05995 1.5402095
-3.5698066 -10.01722 1.539862
-3.5401716 -10.003178 1.5399464
-3.5004492 -10.00318 1.5400815
-3.460022 -10.00318 1.5398055
-3.418016 -10.003182 1.5398561
-3.3800211 -10.003197 1.5399023
-3.3408821 -10.003195 1.5399498
-3.3164172 -10.003196 1.5399802
-2.3489068 -10.022856 1.5393785
-2.2810407 -10.003247 1.5407465
-2.2560766 -10.003249 1.5406083
-2.218008 -10.003251 1.5398083
-2.1783559 -10.003253 1.5401349
-2.1393976 -10.003256 1.5393564
-2.0987916 -10.00326 1.5409429
-2.0572872 -10.003263 1.5388842
-2.0148549 -10.003264 1.5405011
-1.9787767 -10.003266 1.5400009
-1.9419683 -10.003268 1.5394853
-1.8978331 -10.003271 1.5399202
-1.8585358 -10.003273 1.5406421
-1.8203686 -10.003278 1.5388612
-1.7795025 -10.00328 1.5395868
-1.7387682 -10.003281 1.5417086
-1.6972644 -10.003284 1.5384886
-1.6634276 -10.003287 1.5396625
-1.6215609 -10.003289 1.5405271
-1.5763648 -10.003291 1.5385339
-1.5405139 -10.003295 1.5397426
-1.504054 -10.003296 1.5409718
-1.4659311 -10.0033 1.5401337
-1.4183152 -10.003303 1.5401729
-1.3703365 -10.003304 1.5389606
-1.3309171 -10.003307 1.5402322
-1.2907958 -10.00331 1.5415264
-1.2522414 -10.003312 1.5383055
-1.2200193 -10.003315 1.5393134
-1.1872944 -10.003317 1.5403372
-1.1457589 -10.003319 1.5393472
-1.1022556 -10.003323 1.5406867
-1.0591799 -10.003325 1.5396924
-1.0140479 -10.003327 1.5410603
-0.9783783 -10.00333 1.53741
-0.94342446 -10.003332 1.5408123
-0.89739609 -10.003334 1.5397856
-0.85997343 -10.003337 1.5360367
-0.82328808 -10.00334 1.5395123
-0.77356458 -10.003343 1.5409466
-0.73565197 -10.003345 1.5445304
-0.69710231 -10.003347 1.5381469
-0.65803194 -10.003349 1.5417639
-0.61829436 -10.003353 1.5403563
-0.57801199 -10.003355 1.5389121
-0.53506696 -10.003358 1.5400881
-0.49548054 -10.003361 1.5359704
-0.46739054 -10.003362 1.5419415
-0.42466044 -10.003365 1.5404835
-0.38132143 -10.003367 1.5389857
-0.33508757 -10.00337 1.5402069
-0.29244661 -10.003373 1.5413332
-0.26217508 -10.003375 1.5421326
-0.23157072 -10.003377 1.5374823
-3.3016429 -9.9865274 1.5399191
-2.3404315 -9.9881182 1.5401615
-3.571578 -13.045867 1.5808113
-3.5715756 -13.002224 1.5772585
-3.5715733 -12.959286 1.5838287
-3.5715714 -12.917038 1.5803088
-3.5715692 -12.875463 1.5768449
-3.5715671 -12.834545 1.5832627
-3.5715652 -12.794269 1.5798299
-3.571563 -12.754619 1.5764507
-3.5715613 -12.71558 1.582723
-3.5715594 -12.67714 1.5793734
-3.571557 -12.622715 1.5814263
-3.5715535 -12.565275 1.5789371
-3.5715518 -12.529095 1.5803363
-3.5715499 -12.493448 1.5817151
-3.5715482 -12.458324 1.5785201
-3.5715466 -12.423711 1.5798918
-3.5715446 -12.389597 1.581244
-3.571542 -12.337557 1.5788683
-3.5715394 -12.290147 1.5807927
-3.5715377 -12.257927 1.5821005
-3.5715365 -12.226156 1.5790584
-3.5715342 -12.177657 1.5810733
-3.5715318 -12.133444 1.5786674
-3.5715303 -12.103378 1.5799452
-3.5715282 -12.059084 1.5797489
-3.5715261 -12.015576 1.5795469
-3.5715249 -11.987082 1.5807853
-3.5715225 -11.945084 1.5805725
-3.5715203 -11.90381 1.5803809
-3.5715184 -11.863417 1.5801761
-3.571516 -11.823708 1.5799919
-3.5715141 -11.784832 1.5797948
-3.5715117 -11.734067 1.5782737
-3.5715098 -11.696776 1.5819257
-3.5715079 -11.659143 1.5798798
-3.5715053 -11.612508 1.5802183
-3.5715034 -11.577419 1.5800328
-3.571502 -11.543023 1.5798584
-3.5714996 -11.499064 1.5801766
-3.5714977 -11.454124 1.5805961
-3.5714953 -11.410233 1.5809956
-3.5714939 -11.379615 1.5790092
-3.571492 -11.347686 1.5806409
-3.5714905 -11.308969 1.5791656
-3.5714881 -11.268388 1.5795754
-3.5714858 -11.220053 1.5804381
-3.5714836 -11.172923 1.5812668
-3.5714817 -11.13615 1.5799364
-3.5714798 -11.100148 1.5786508
-3.5714781 -11.064892 1.5806044
-3.5714762 -11.022769 1.5803448
-3.5714736 -10.980503 1.5805662
-3.5714717 -10.938973 1.5798264
-3.5714695 -10.898422 1.5791086
-3.5714676 -10.859346 1.5803511
-3.5714655 -10.821498 1.5806407
-3.5714645 -10.785001 1.5798666
-3.5714619 -10.741621 1.5805578
-3.5714595 -10.699438 1.5802721
-3.5714574 -10.658412 1.5799946
-3.5714562 -10.618491 1.5797248
-3.571454 -10.580215 1.5803887
-3.5714517 -10.54236 1.5801204
-3.5714493 -10.498919 1.5798125
-3.5714478 -10.456743 1.5803936
-3.5714459 -10.422043 1.5801363
-3.5714426 -10.383152 1.5798479
-3.5714417 -10.339488 1.5803646
-3.5714402 -10.297213 1.5796258
-3.5714369 -10.256271 1.580132
-3.5714343 -10.216747 1.5800261
-3.571434 -10.178141 1.5799112
-3.5714328 -10.140831 1.5803905
-2.3489027 -10.131672 1.5806746
-3.5714281 -10.100215 1.5800511
-2.3489037 -10.097853 1.5801085
-3.5714266 -10.060498 1.5802968
-2.3489044 -10.059952 1.5798922
-3.5698066 -10.01722 1.5798329
-3.5401709 -10.003178 1.5801953
-3.5009711 -10.00318 1.5800439
-3.4601779 -10.003179 1.5797266
-3.4176302 -10.003181 1.5798992
-3.3799057 -10.003197 1.5797638
-3.3409903 -10.003197 1.5798731
-3.3164172 -10.003196 1.5792443
-2.3489068 -10.022858 1.5796775
-2.2810404 -10.003247 1.5788342
-2.2560782 -10.003249 1.5801258
-2.2187653 -10.003251 1.5797724
-2.1791239 -10.003253 1.5805455
-2.1393936 -10.003258 1.5789616
-2.0987957 -10.00326 1.5809834
-2.057291 -10.003263 1.5793694
-2.0157456 -10.003265 1.58023
-1.9794393 -10.003266 1.5794135
-1.9428931 -10.003268 1.579972
-1.895933 -10.003271 1.5807654
-1.8585358 -10.003274 1.5793829
-1.8183929 -10.003278 1.5805097
-1.7795023 -10.00328 1.5790974
-1.7387682 -10.003281 1.581616
-1.6972644 -10.003284 1.5788002
-1.6634276 -10.003287 1.5803035
-1.6203156 -10.00329 1.5801589
-1.5763648 -10.00329 1.5800231
-1.5405139 -10.003295 1.5815811
-1.5030326 -10.003296 1.5811042
-1.4680089 -10.003299 1.5783547
-1.4196743 -10.003303 1.5803846
-1.3725063 -10.003304 1.5780181
-1.3331254 -10.003307 1.5796337
-1.2930436 -10.00331 1.5812781
-1.249953 -10.003312 1.5785789
-1.2200193 -10.003315 1.5797777
-1.1896454 -10.003317 1.5809942
-1.1445615 -10.003319 1.5782304
-1.1010358 -10.003322 1.5799313
-1.0579374 -10.003325 1.5792828
-1.0127817 -10.003327 1.5810252
-0.9783783 -10.00333 1.5799927
-0.94342446 -10.003332 1.5789357
-0.89606786 -10.003335 1.5807173
-0.85997343 -10.003337 1.5796573
-0.82328784 -10.003341 1.5785723
-0.77356458 -10.003343 1.5803939
-0.73565197 -10.003345 1.5842731
-0.69710231 -10.003348 1.5781901
-0.65803194 -10.003349 1.5821116
-0.61829436 -10.003352 1.5810136
-0.57801199 -10.003355 1.5798832
-0.53703189 -10.003358 1.578751
-0.49548054 -10.003361 1.5775849
-0.46739054 -10.003362 1.5837748
-0.42670959 -10.003365 1.5799371
-0.38132143 -10.003367 1.5814897
-0.3372035 -10.00337 1.5803279
-0.29244661 -10.003373 1.5791299
-0.26217508 -10.003375 1.5801359
-0.23157072 -10.003377 1.5811532
-3.3019099 -9.9865503 1.5797738
-2.3401394 -9.9880362 1.5801647
-3.571578 -13.045867 1.6217353
-3.5715756 -13.002224 1.6178486
-3.5715733 -12.959286 1.6240904
-3.5715714 -12.917038 1.6202472
-3.5715692 -12.875463 1.6164653
-3.5715671 -12.834545 1.62257
-3.5715652 -12.794269 1.618829
-3.571563 -12.754619 1.6199834
-3.5715613 -12.71558 1.6211202
-3.5715594 -12.67714 1.6174765
-3.5715566 -12.620644 1.6215385
-3.5715535 -12.565275 1.6208401
-3.5715518 -12.529095 1.621928
-3.5715499 -12.493448 1.6184127
-3.571548 -12.458324 1.6195024
-3.5715466 -12.423711 1.6205764
-3.5715446 -12.389597 1.6216348
-3.571542 -12.34124 1.6186937
-3.5715394 -12.290147 1.6203276
-3.571538 -12.257927 1.621358
-3.5715365 -12.226156 1.6223742
-3.5715342 -12.181091 1.6195272
-3.5715318 -12.133444 1.6210966
-3.5715301 -12.103378 1.6178726
-3.5715282 -12.059084 1.6214669
-3.5715261 -12.015576 1.6167185
-3.5715249 -11.987082 1.6218145
-3.5715222 -11.945084 1.6212
-3.5715203 -11.90381 1.6206138
-3.5715184 -11.863416 1.620023
-3.571516 -11.823708 1.6194588
-3.5715141 -11.785999 1.6208091
-3.5715117 -11.732926 1.6188496
-3.5715098 -11.696776 1.6201786
-3.5715079 -11.660242 1.6196209
-3.5715055 -11.611436 1.6195725
-3.5715034 -11.577419 1.6208556
-3.571502 -11.541988 1.6185149
-3.5714996 -11.497045 1.620253
-3.5714974 -11.454124 1.6201217
-3.5714953 -11.412163 1.619983
-3.5714939 -11.379615 1.621273
-3.571492 -11.34955 1.6189713
-3.5714905 -11.308057 1.6189336
-3.5714881 -11.268387 1.6205626
-3.5714858 -11.218927 1.6197224
-3.5714836 -11.172923 1.6211585
-3.5714817 -11.13615 1.6194059
-3.5714798 -11.099463 1.6193601
-3.5714781 -11.064892 1.6192561
-3.5714762 -11.02098 1.6206013
-3.5714738 -10.979866 1.6198521
-3.5714717 -10.938978 1.6201332
-3.5714693 -10.899634 1.6188556
-3.5714684 -10.86012 1.6206865
-3.5714657 -10.822654 1.6194329
-3.5714641 -10.784999 1.6202289
-3.5714619 -10.741623 1.620353
-3.5714595 -10.699439 1.620473
-3.5714569 -10.658412 1.6196462
-3.5714562 -10.619088 1.6197892
-3.571454 -10.579052 1.6208069
-3.5714514 -10.54123 1.6200081
-3.5714493 -10.498914 1.6200078
-3.5714476 -10.457255 1.6208713
-3.5714459 -10.422541 1.620105
-3.5714426 -10.383157 1.6196675
-3.5714417 -10.339663 1.6201805
-3.5714405 -10.297213 1.6194147
-3.5714364 -10.256119 1.6198952
-3.5714345 -10.216157 1.6197846
-3.571434 -10.177994 1.6196474
-3.5714326 -10.140833 1.6201239
-2.3489025 -10.132691 1.6206223
-3.5714285 -10.100006 1.6200435
-2.3489034 -10.098148 1.6198472
-3.5714266 -10.061234 1.6198404
-2.3489044 -10.060134 1.6204373
-3.5698066 -10.01722 1.6198037
-3.5403531 -10.003179 1.6201649
-3.5010617 -10.00318 1.6200092
-3.4601409 -10.00318 1.6199287
-3.4180169 -10.00318 1.6199269
-3.380142 -10.003197 1.6196434
-3.3410928 -10.003195 1.6197912
-3.3164172 -10.003196 1.6185081
-2.3489068 -10.022857 1.6199765
-2.2810404 -10.003247 1.6203846
-2.2560761 -10.003249 1.6196431
-2.2172565 -10.003251 1.6196572
-2.1791277 -10.003253 1.619725
-2.1401842 -10.003257 1.6197855
-2.0996478 -10.00326 1.6198304
-2.057287 -10.003263 1.6198548
-2.0139573 -10.003264 1.6198701
-1.9787769 -10.003266 1.6188896
-1.9410363 -10.003268 1.6203684
-1.8968843 -10.003271 1.6204515
-1.8578311 -10.003274 1.6201043
-1.8193821 -10.003277 1.6209769
-1.7795023 -10.00328 1.6186079
-1.7387682 -10.003281 1.6215234
-1.6972641 -10.003284 1.6191118
-1.6634274 -10.003287 1.6209446
-1.6190736 -10.003289 1.6198256
-1.5763648 -10.003291 1.6215124
-1.5395095 -10.003295 1.621385
-1.5050755 -10.003296 1.6189818
-1.46697 -10.003298 1.6188209
-1.4210449 -10.003303 1.6205587
-1.3714215 -10.003304 1.6193691
-1.3309171 -10.003307 1.6192164
-1.2907958 -10.00331 1.6212142
-1.2522413 -10.003312 1.618669
-1.2200193 -10.003315 1.6202421
-1.1884699 -10.003317 1.6195135
-1.1469561 -10.003319 1.6192415
-1.1034751 -10.003321 1.6213219
-1.0566949 -10.003325 1.6189047
-1.0127817 -10.003327 1.6186082
-0.9783783 -10.00333 1.6225753
-0.94212162 -10.003332 1.6195078
-0.89606786 -10.003334 1.6192101
-0.85997343 -10.003337 1.6232781
-0.82328784 -10.003341 1.617632
-0.77356458 -10.003343 1.6198413
-0.73565197 -10.003345 1.6240158
-0.69710231 -10.003347 1.6182331
-0.65803146 -10.00335 1.6224591
-0.6201995 -10.003351 1.6190416
-0.57801199 -10.003355 1.6208544
-0.53703189 -10.003357 1.6200415
-0.49548054 -10.003361 1.6191993
-0.46739054 -10.003362 1.6203789
-0.42466044 -10.003365 1.619531
-0.38132143 -10.003367 1.6239936
-0.33931944 -10.00337 1.6204035
-0.29244661 -10.003373 1.6223266
-0.26217508 -10.003375 1.6181393
-0.23157072 -10.003377 1.6193651
-3.301532 -9.9864855 1.6199293
-2.3404319 -9.9881172 1.6201727
-3.5715778 -13.045868 1.6626596
-3.5715756 -13.002224 1.6584389
-3.5715733 -12.959286 1.6643522
-3.5715714 -12.917038 1.6601858
-3.5715692 -12.875463 1.6560857
-3.5715671 -12.834545 1.6618774
-3.5715652 -12.794269 1.6578285
-3.571563 -12.754619 1.6635164
-3.5715613 -12.715581 1.6595172
-3.5715594 -12.67714 1.6603425
-3.5715566 -12.620644 1.6592093
-3.5715535 -12.565275 1.6627432
-3.5715518 -12.529095 1.6588984
-3.5715499 -12.493448 1.6596975
-3.5715482 -12.458324 1.660485
-3.5715461 -12.423711 1.661261
-3.5715446 -12.389597 1.6620259
-3.571542 -12.337557 1.6587543
-3.5715394 -12.290147 1.6598626
-3.5715377 -12.257927 1.6606159
-3.5715365 -12.226156 1.6613584
-3.5715339 -12.179375 1.6603158
-3.5715318 -12.133444 1.6592827
-3.5715301 -12.103378 1.6600144
-3.5715282 -12.057458 1.6611314
-3.5715261 -12.015576 1.6580204
-3.5715249 -11.987082 1.6628439
-3.5715227 -11.946626 1.6597639
-3.5715203 -11.90381 1.6608467
-3.5715184 -11.863416 1.6598696
-3.571516 -11.823708 1.6589257
-3.5715141 -11.784832 1.6619068
-3.5715117 -11.734067 1.6593418
-3.5715098 -11.696776 1.6584316
-3.5715082 -11.66134 1.6593956
-3.5715058 -11.613579 1.6606946
-3.5715034 -11.577419 1.6579672
-3.571502 -11.544057 1.6589066
-3.5714996 -11.499065 1.6601734
-3.5714979 -11.454124 1.6596473
-3.5714953 -11.410233 1.6591233
-3.5714939 -11.379614 1.6600147
-3.571492 -11.348619 1.6591759
-3.5714905 -11.308057 1.660376
-3.5714881 -11.267495 1.6598641
-3.5714862 -11.220052 1.6590443
-3.5714836 -11.172923 1.6610503
-3.5714815 -11.13615 1.6588755
-3.5714798 -11.100148 1.66001
-3.5714781 -11.06422 1.6595358
-3.5714757 -11.021871 1.6608902
-3.5714734 -10.979229 1.6591151
-3.5714717 -10.938973 1.6604408
-3.5714688 -10.899028 1.6602294
-3.5714681 -10.860113 1.6600134
-3.571465 -10.822077 1.659812
-3.5714641 -10.785731 1.660619
-3.5714624 -10.741621 1.6601473
-3.5714595 -10.699438 1.660674
-3.5714574 -10.658412 1.6592976
-3.5714562 -10.617895 1.660736
-3.5714536 -10.579632 1.6603307
-3.5714517 -10.541795 1.6599202
-3.5714493 -10.498919 1.6602035
-3.5714483 -10.457252 1.6604694
-3.5714459 -10.423036 1.660096
-3.5714428 -10.382978 1.6601144
-3.5714417 -10.339488 1.6599749
-3.5714402 -10.296741 1.6598221
-3.5714371 -10.256271 1.6596782
-3.5714345 -10.216888 1.660126
-3.5714338 -10.17786 1.6594119
-3.5714326 -10.140831 1.659857
-2.3489029 -10.132182 1.6604842
-3.5714285 -10.100013 1.6600289
-2.3489034 -10.097856 1.660311
-3.5714269 -10.060745 1.6594021
-2.3489041 -10.059771 1.6601198
-3.5698066 -10.01722 1.6597754
-3.5401709 -10.003179 1.660131
-3.5007107 -10.00318 1.6596396
-3.4600189 -10.003179 1.6601344
-3.4176304 -10.003181 1.6599828
-3.3800797 -10.003196 1.6598969
-3.3410974 -10.003195 1.6597104
-3.3164175 -10.003196 1.6602263
-2.3489068 -10.022575 1.6602843
-2.2810404 -10.003247 1.6619347
-2.2560749 -10.003249 1.6603231
-2.2180083 -10.003251 1.6596214
-2.1791239 -10.003252 1.6589048
-2.1393957 -10.003257 1.6545633
-2.0987937 -10.003258 1.6537753
-2.0585623 -10.003262 1.6542252
-2.0148525 -10.003264 1.6546364
-1.9781142 -10.003266 1.6583862
-1.9419683 -10.003269 1.6608551
-1.8968867 -10.003271 1.6600971
-1.8585358 -10.003274 1.6607459
-1.819382 -10.003278 1.660099
-1.7795022 -10.00328 1.6581185
-1.7387682 -10.003282 1.6614307
-1.6972643 -10.003284 1.6594236
-1.6634276 -10.003287 1.6615858
-1.6203156 -10.00329 1.6595552
-1.5753771 -10.003291 1.6609931
-1.5415179 -10.003295 1.6589248
-1.5040541 -10.003296 1.6591141
-1.46697 -10.003298 1.661376
-1.4183152 -10.003302 1.6606535
-1.3703365 -10.003304 1.6607499
-1.3331254 -10.003307 1.6585792
-1.2930436 -10.00331 1.6609262
-1.2499529 -10.003312 1.6589828
-1.2200193 -10.003315 1.6607063
-1.1884699 -10.003317 1.6602545
-1.1445615 -10.00332 1.6604819
-1.1022555 -10.003323 1.6605662
-1.0591799 -10.003325 1.6606627
-1.0115157 -10.003326 1.6586154
-0.9783783 -10.00333 1.6604266
-0.94342446 -10.003332 1.6599603
-0.89606786 -10.003335 1.6577027
-0.85997343 -10.003337 1.6620522
-0.82192016 -10.00334 1.6592112
-0.77356458 -10.003343 1.6592885
-0.73565197 -10.003345 1.6637588
-0.69710231 -10.003347 1.6582764
-0.65803146 -10.00335 1.6628067
-0.61829436 -10.003352 1.6572331
-0.57801199 -10.003355 1.6618257
-0.53899682 -10.003358 1.6586468
-0.4954803 -10.003361 1.6608135
-0.46739054 -10.003362 1.6569829
-0.42466044 -10.003365 1.6616971
-0.38132143 -10.003367 1.6611847
-0.3372035 -10.00337 1.660653
-0.29244661 -10.003373 1.6601233
-0.26217508 -10.003375 1.6615717
-0.23157072 -10.003377 1.657577
-3.3018212 -9.9864855 1.6597805
-2.3403301 -9.9878998 1.6594744
-2.1647146 -9.9958525 1.6788826
-2.1376424 -9.9878941 1.6787504
-2.0968909 -9.9878941 1.678146
-2.0552278 -9.987895 1.6775279
-3.5715775 -13.045868 1.7035837
-3.5715756 -13.002224 1.6990292
-3.5715733 -12.959286 1.7046139
-3.5715714 -12.917038 1.7001243
-3.5715692 -12.875463 1.6957062
-3.5715671 -12.834545 1.7011847
-3.5715652 -12.794269 1.6968275
-3.571563 -12.754619 1.7022122
-3.5715611 -12.715581 1.6979144
-3.5715594 -12.67714 1.7032083
-3.5715566 -12.618572 1.6992544
-3.5715535 -12.565275 1.6999904
-3.5715518 -12.529095 1.7004902
-3.5715499 -12.493448 1.7009823
-3.571548 -12.458324 1.7014675
-3.5715463 -12.423711 1.7019455
-3.5715446 -12.389597 1.697929
-3.571542 -12.34124 1.6986432
-3.5715394 -12.290147 1.6993977
-3.571538 -12.257927 1.6998733
-3.5715365 -12.226156 1.7003425
-3.5715342 -12.177658 1.7010589
-3.5715318 -12.133444 1.697469
-3.5715301 -12.103378 1.7021558
-3.5715282 -12.059084 1.700717
-3.5715261 -12.015576 1.6993223
-3.5715246 -11.987082 1.6997702
-3.5715225 -11.945084 1.698406
-3.5715203 -11.90381 1.70108
-3.5715184 -11.863417 1.6997162
-3.571516 -11.823708 1.6983925
-3.5715141 -11.784832 1.7010019
-3.5715117 -11.735206 1.6998688
-3.5715101 -11.696776 1.7005099
-3.5715079 -11.660242 1.6992298
-3.5715058 -11.612507 1.700049
-3.5715034 -11.577419 1.69879
-3.571502 -11.541988 1.6994147
-3.5714996 -11.497045 1.7002072
-3.5714974 -11.453137 1.7009816
-3.5714953 -11.411199 1.6999402
-3.5714939 -11.379615 1.6987562
-3.571492 -11.347686 1.6993502
-3.5714905 -11.307145 1.7001039
-3.5714881 -11.268387 1.6991119
-3.5714862 -11.220052 1.6994767
-3.5714836 -11.172923 1.7009419
-3.5714819 -11.13685 1.6999804
-3.5714798 -11.100147 1.6990663
-3.5714781 -11.064892 1.6997725
-3.571476 -11.021873 1.7001082
-3.5714734 -10.980504 1.6998966
-3.5714717 -10.938979 1.7007481
-3.5714693 -10.899029 1.70004
-3.5714676 -10.860118 1.6993401
-3.571465 -10.821499 1.7001691
-3.5714641 -10.784266 1.6999395
-3.5714619 -10.741621 1.7009128
-3.5714595 -10.699439 1.6999172
-3.5714574 -10.658412 1.698949
-3.5714562 -10.618491 1.7008009
-3.5714538 -10.57963 1.6998464
-3.5714512 -10.541796 1.7007309
-3.5714493 -10.498707 1.6997095
-3.5714476 -10.457255 1.7000673
-3.5714459 -10.422042 1.700021
-3.5714426 -10.383155 1.7005882
-3.5714414 -10.338967 1.6997678
-3.5714405 -10.297213 1.7002283
-3.5714366 -10.255975 1.70007
-3.5714345 -10.216601 1.6999006
-3.5714338 -10.178417 1.6997322
-3.5714328 -10.140703 1.7001603
-2.3489027 -10.131672 1.7003288
-3.5714285 -10.100626 1.700034
-2.3489034 -10.097562 1.7007644
-3.5714269 -10.060868 1.6995406
-2.3489044 -10.059407 1.6997905
-3.569808 -10.016835 1.7003649
-3.5401714 -10.003179 1.7003797
-3.5007989 -10.00318 1.6999362
-3.4599004 -10.00318 1.700346
-3.4180157 -10.003181 1.6999987
-3.3800232 -10.003195 1.700169
-3.3410952 -10.003195 1.6996412
-3.3164175 -10.003196 1.7019442
-2.3489068 -10.022291 1.6998996
-2.2810407 -10.003247 1.7000223
-2.2568154 -10.00325 1.6998419
-2.2187653 -10.003251 1.6995604
-2.1798973 -10.003253 1.6992731
-1.9794393 -10.003266 1.6996151
-1.9419662 -10.003269 1.7000476
-1.8968842 -10.003271 1.6997435
-1.8585358 -10.003274 1.6994865
-1.819382 -10.003277 1.6992209
-1.7795022 -10.00328 1.697629
-1.7387682 -10.003282 1.7013379
-1.6972644 -10.003284 1.699735
-1.6634276 -10.003287 1.7022272
-1.6203156 -10.00329 1.7006164
-1.5763648 -10.00329 1.7003504
-1.5405136 -10.003295 1.6987289
-1.5040541 -10.003296 1.7013077
-1.4659311 -10.0033 1.7018805
-1.4196742 -10.003303 1.7008284
-1.3725063 -10.003304 1.6997482
-1.3320212 -10.003308 1.7003149
-1.2907958 -10.00331 1.7009019
-1.2522413 -10.003312 1.6990328
-1.2200193 -10.003315 1.7011706
-1.1884699 -10.003317 1.7009954
-1.1469561 -10.003319 1.7014513
-1.1010357 -10.003322 1.6998415
-1.0579374 -10.003325 1.7002845
-1.0140481 -10.003326 1.700747
-0.9783783 -10.00333 1.698278
-0.94472736 -10.003332 1.7003795
-0.89473969 -10.003335 1.6986885
-0.85997343 -10.003337 1.700826
-0.82328784 -10.00334 1.7006462
-0.77356458 -10.003343 1.6987358
-0.73565197 -10.003345 1.7035015
-0.69710231 -10.003347 1.6983196
-0.65803146 -10.00335 1.7031544
-0.61829436 -10.003352 1.6978903
-0.57801199 -10.003355 1.7027967
-0.53703189 -10.003358 1.6974478
-0.49548006 -10.003361 1.7024277
-0.46739054 -10.003362 1.6988161
-0.4226113 -10.003365 1.701351
-0.38132143 -10.003367 1.6983755
-0.33508757 -10.00337 1.7009475
-0.29244661 -10.003373 1.6979203
-0.26217508 -10.003375 1.6995751
-0.23157072 -10.003377 1.7012479
-3.3015263 -9.9866686 1.6999421
-2.3404319 -9.9881172 1.698824
-2.1645212 -9.9915133 1.6991169
-2.1380322 -9.9903975 1.6974987
-2.0990262 -9.9934845 1.6996897
-2.0575454 -9.993432 1.6993694
-2.0295744 -9.9900703 1.6997691
-3.5715775 -13.045868 1.7445078
-3.5715756 -13.002224 1.7396195
-3.5715735 -12.959286 1.7448757
-3.5715714 -12.917038 1.7400628
-3.5715694 -12.875463 1.7353266
-3.5715673 -12.834545 1.7404921
-3.5715652 -12.794269 1.7358267
-3.5715632 -12.754619 1.740908
-3.5715611 -12.715581 1.7363114
-3.5715594 -12.67714 1.7413113
-3.5715568 -12.620644 1.739242
-3.5715537 -12.565275 1.7372377
-3.5715518 -12.529095 1.7420819
-3.5715501 -12.493448 1.7376801
-3.5715485 -12.458324 1.7424501
-3.5715466 -12.423711 1.7381097
-3.5715446 -12.389597 1.7383198
-3.571542 -12.337558 1.7386405
-3.5715396 -12.290147 1.7389326
-3.5715377 -12.257927 1.7391312
-3.5715365 -12.226156 1.7393268
-3.5715342 -12.181091 1.7396045
-3.571532 -12.133444 1.739898
-3.5715303 -12.103378 1.7400832
-3.5715282 -12.06071 1.7403461
-3.5715261 -12.015576 1.7406242
-3.5715249 -11.987082 1.7366966
-3.5715225 -11.945084 1.7390337
-3.5715203 -11.90381 1.7413126
-3.5715184 -11.863416 1.7395627
-3.571516 -11.823708 1.7378595
-3.5715141 -11.784832 1.740097
-3.5715122 -11.734067 1.7404339
-3.5715098 -11.696776 1.7425883
-3.5715079 -11.659143 1.7390308
-3.5715058 -11.611435 1.7393705
-3.5715039 -11.577419 1.7396123
-3.5715024 -11.544057 1.7398498
-3.5714996 -11.499064 1.74017
-3.5714982 -11.455112 1.7404828
-3.5714953 -11.412163 1.7407886
-3.5714939 -11.379615 1.7410202
-3.571492 -11.348619 1.7394897
-3.5714905 -11.308057 1.7397979
-3.5714881 -11.268387 1.7400993
-3.5714862 -11.220054 1.7399093
-3.5714836 -11.172923 1.7408334
-3.5714817 -11.13615 1.7411126
-3.5714798 -11.100832 1.7397488
-3.5714781 -11.065562 1.7400335
-3.5714755 -11.021876 1.7403864
-3.5714734 -10.979229 1.7407308
-3.5714717 -10.938973 1.7410555
-3.5714691 -10.899028 1.7398506
-3.5714679 -10.860116 1.7406838
-3.5714653 -10.822075 1.7405014
-3.5714641 -10.785002 1.7393452
-3.5714622 -10.741618 1.739737
-3.5714595 -10.699438 1.7391608
-3.5714574 -10.658412 1.7386003
-3.5714562 -10.618491 1.7399178
-3.5714533 -10.579632 1.7393621
-3.5714514 -10.541796 1.7406347
-3.5714493 -10.498515 1.7392532
-3.5714478 -10.457252 1.7396653
-3.5714457 -10.422542 1.7400116
-3.5714428 -10.382786 1.7404091
-3.5714417 -10.339488 1.7395749
-3.5714405 -10.297213 1.7400172
-3.5714369 -10.25627 1.7404459
-3.5714345 -10.216313 1.7396618
-3.571434 -10.17786 1.7400826
-3.5714324 -10.140564 1.7404907
-2.3489029 -10.132691 1.7403098
-3.5714285 -10.099808 1.7399999
-2.3489037 -10.097852 1.7405058
-3.5714269 -10.060866 1.7402343
-2.3489044 -10.059952 1.7403415
-3.5698066 -10.01722 1.7409786
-3.5404665 -10.003179 1.7400706
-3.500886 -10.00318 1.7402273
-3.4601412 -10.00318 1.7402569
-3.4182124 -10.003181 1.7400588
-3.3802595 -10.003193 1.7400333
-3.3409877 -10.003196 1.7402526
-3.3164177 -10.003196 1.7412084
-2.3489068 -10.023417 1.7394931
-2.2810404 -10.003247 1.7381101
-2.2553387 -10.003249 1.7393565
-2.2172565 -10.003251 1.7394953
-2.1783559 -10.003253 1.7396371
-1.9787767 -10.003266 1.7391119
-1.9428931 -10.003269 1.7392319
-1.8978329 -10.003271 1.7393816
-1.8592401 -10.003274 1.7400994
-1.8193847 -10.003278 1.7396469
-1.7787694 -10.00328 1.7391812
-1.7399445 -10.003281 1.7399057
-1.6972644 -10.003284 1.7400467
-1.6624799 -10.003287 1.7409191
-1.6203121 -10.003289 1.7403091
-1.5773523 -10.003292 1.7396812
-1.5405138 -10.003295 1.7405674
-1.5030327 -10.003296 1.7414777
-1.4680089 -10.003298 1.7400248
-1.4210447 -10.003302 1.740965
-1.3714215 -10.003304 1.7411289
-1.3320212 -10.003307 1.7397975
-1.2930436 -10.00331 1.7405746
-1.2499529 -10.003312 1.7393863
-1.2200193 -10.003315 1.741635
-1.1872944 -10.003317 1.7395654
-1.1457589 -10.003319 1.7403553
-1.1034751 -10.003323 1.7411704
-1.0566949 -10.003325 1.7399379
-1.0127819 -10.003327 1.7407538
-0.9783783 -10.00333 1.7408606
-0.9434247 -10.003332 1.7409616
-0.89606786 -10.003335 1.7395113
-0.85997367 -10.003337 1.7395999
-0.82328796 -10.00334 1.7397059
-0.77356464 -10.003343 1.7381831
-0.73565197 -10.003345 1.7432441
-0.69710243 -10.003347 1.7383627
-0.65803146 -10.00335 1.743502
-0.61829448 -10.003351 1.7385476
-0.57801223 -10.003355 1.743768
-0.53703201 -10.003358 1.7387383
-0.49548006 -10.003361 1.744042
-0.46739078 -10.003362 1.7406492
-0.42670959 -10.003365 1.7380003
-0.38132143 -10.003367 1.7408794
-0.33931923 -10.00337 1.7381897
-0.29244661 -10.003373 1.7411168
-0.26217508 -10.003375 1.7375784
-0.23157072 -10.003377 1.73946
-3.3016288 -9.9864855 1.7400907
-2.3404317 -9.9881172 1.7395064
-2.1645372 -9.9918756 1.7402123
-2.1382148 -9.9916496 1.7391917
-2.0972509 -9.9954071 1.7399391
-2.0556557 -9.9954071 1.7400514
-2.0298986 -9.9903412 1.7387801
-3.5715778 -13.045868 1.7803165
-3.5715756 -13.002224 1.7802098
-3.5715735 -12.959286 1.7801046
-3.5715714 -12.917038 1.7800014
-3.5715694 -12.875463 1.7798996
-3.5715673 -12.834545 1.7797995
-3.5715652 -12.794269 1.7797009
-3.5715632 -12.754619 1.7796038
-3.5715613 -12.715581 1.7795084
-3.5715594 -12.677141 1.7794144
-3.571557 -12.622715 1.7792811
-3.5715537 -12.565275 1.7791407
-3.5715518 -12.529095 1.7790521
-3.5715499 -12.493448 1.778965
-3.5715485 -12.458324 1.778879
-3.5715466 -12.423711 1.7787945
-3.5715449 -12.389597 1.778711
-3.5715425 -12.34124 1.7785925
-3.5715396 -12.290147 1.7784675
-3.571538 -12.257927 1.7783887
-3.5715365 -12.226156 1.778311
-3.5715339 -12.179375 1.7803471
-3.571532 -12.133445 1.7823271
-3.5715301 -12.103378 1.7780106
-3.571528 -12.059084 1.7799952
-3.5715261 -12.015576 1.7819259
-3.5715249 -11.987082 1.7777262
-3.5715225 -11.945084 1.7796614
-3.5715203 -11.90381 1.7815456
-3.5715184 -11.863416 1.7794094
-3.5715165 -11.823708 1.7773263
-3.5715146 -11.784832 1.779192
-3.5715122 -11.734067 1.7790438
-3.5715098 -11.696776 1.7808412
-3.5715079 -11.66134 1.7807206
-3.5715058 -11.613579 1.780558
-3.5715039 -11.577419 1.7804351
-3.5715024 -11.541988 1.7803146
-3.5714996 -11.497045 1.7801616
-3.5714982 -11.453137 1.7800121
-3.5714953 -11.410233 1.7798663
-3.5714939 -11.379614 1.7797619
-3.571492 -11.34955 1.7796596
-3.5714905 -11.308969 1.7795216
-3.5714881 -11.268387 1.7810864
-3.5714862 -11.220051 1.7803419
-3.5714834 -11.172923 1.7807249
-3.5714817 -11.13615 1.7805824
-3.5714798 -11.100148 1.7804426
-3.5714781 -11.064892 1.7803055
-3.5714755 -11.021873 1.7806642
-3.5714734 -10.979866 1.7799673
-3.5714717 -10.938128 1.780375
-3.5714693 -10.898422 1.7811862
-3.5714676 -10.860113 1.7810191
-3.5714655 -10.822653 1.7808559
-3.5714641 -10.784999 1.7797071
-3.5714624 -10.741621 1.7785616
-3.5714595 -10.699439 1.7793615
-3.5714571 -10.6578 1.7792319
-3.5714562 -10.618488 1.7799659
-3.5714533 -10.579634 1.7797967
-3.5714514 -10.541793 1.7796315
-3.5714493 -10.499319 1.7794462
-3.5714478 -10.457254 1.779263
-3.5714457 -10.422042 1.7800124
-3.5714428 -10.383155 1.7802221
-3.5714417 -10.339488 1.7800106
-3.5714402 -10.297213 1.779806
-3.5714369 -10.25627 1.7796084
-3.5714345 -10.216453 1.7800353
-3.5714338 -10.178417 1.7804205
-3.5714326 -10.141106 1.7802225
-2.3489022 -10.132182 1.7801554
-3.5714285 -10.100216 1.7800049
-2.3489039 -10.098147 1.7802575
-3.5714269 -10.060615 1.7797943
-2.3489044 -10.060493 1.7809104
-3.5698066 -10.01722 1.78095
-3.5401711 -10.003179 1.7797546
-3.5010619 -10.00318 1.7798656
-3.4602199 -10.00318 1.7801831
-3.4174438 -10.00318 1.7800778
-3.379787 -10.003191 1.7799066
-3.3409898 -10.003196 1.7801751
-3.3164177 -10.003196 1.7804723
-2.3489068 -10.022857 1.7798032
-2.2810404 -10.003247 1.7796602
-2.2560761 -10.003249 1.7800378
-2.2180083 -10.003251 1.7794347
-2.1791236 -10.003253 1.7800059
-1.9781142 -10.003266 1.7786293
-1.9410363 -10.003267 1.7797043
-1.8959327 -10.003271 1.7803228
-1.8585355 -10.003274 1.7808348
-1.819382 -10.003278 1.7800733
-1.7795022 -10.00328 1.7806089
-1.7387682 -10.003282 1.7784816
-1.6972643 -10.003284 1.7803586
-1.6634274 -10.003287 1.779454
-1.6203156 -10.00329 1.7800013
-1.5763648 -10.003291 1.7791716
-1.5395094 -10.003295 1.7804084
-1.5050753 -10.003296 1.7792797
-1.4669701 -10.003299 1.7805294
-1.4183151 -10.003303 1.7811344
-1.3714213 -10.003304 1.7802658
-1.3320212 -10.003308 1.7792797
-1.2907958 -10.00331 1.7805895
-1.2522413 -10.003312 1.7793963
-1.2200193 -10.003315 1.7776033
-1.1896454 -10.003316 1.7801217
-1.1445615 -10.003319 1.7792898
-1.1022553 -10.003322 1.7804456
-1.0591799 -10.003325 1.7816329
-1.0127817 -10.003327 1.778337
-0.9783783 -10.00333 1.7834432
-0.94342458 -10.003332 1.7790852
-0.89739609 -10.003334 1.7803004
-0.85997367 -10.003337 1.778374
-0.82465559 -10.00334 1.7810957
-0.7735647 -10.003343 1.7776304
-0.73565197 -10.003345 1.7829869
-0.69710243 -10.003347 1.7784057
-0.65803146 -10.00335 1.7838495
-0.61829448 -10.003351 1.779205
-0.57801223 -10.003355 1.7796177
-0.53703201 -10.003358 1.7800288
-0.49548006 -10.003361 1.7804546
-0.46739078 -10.003362 1.7824824
-0.42466044 -10.003365 1.7776544
-0.38132143 -10.003367 1.7833833
-0.33720326 -10.00337 1.7784841
-0.29244661 -10.003373 1.7789139
-0.26217508 -10.003375 1.7810109
-0.23157072 -10.003377 1.7776721
-3.3019097 -9.9865503 1.7802576
-2.341042 -9.9882641 1.7794961
-2.1645372 -9.9918756 1.7794285
-2.1393843 -9.9913092 1.78056
-2.0989156 -9.9954071 1.779891
-2.057358 -9.9954071 1.7804483
-2.0298984 -9.9903412 1.7794231
-3.5715775 -13.045868 1.8161252
-3.5715756 -13.002224 1.8207999
-3.5715735 -12.959286 1.8153338
-3.5715714 -12.917038 1.8199399
-3.5715694 -12.875463 1.8244727
-3.5715673 -12.834545 1.8191069
-3.5715652 -12.794269 1.823575
-3.5715632 -12.754619 1.8182997
-3.5715613 -12.715581 1.8227051
-3.5715592 -12.677141 1.8175175
-3.5715568 -12.620644 1.8193104
-3.5715537 -12.565275 1.8210438
-3.5715518 -12.529095 1.8206438
-3.5715501 -12.493448 1.8202498
-3.5715485 -12.458324 1.8198617
-3.5715466 -12.423711 1.8194789
-3.5715451 -12.389597 1.8191019
-3.571542 -12.337558 1.8185267
-3.5715396 -12.290147 1.8223953
-3.5715377 -12.257927 1.8176464
-3.5715365 -12.226156 1.8216269
-3.5715342 -12.177658 1.8210443
-3.571532 -12.133445 1.8205132
-3.5715301 -12.103378 1.8201523
-3.5715282 -12.057458 1.8196006
-3.5715261 -12.015576 1.8232279
-3.5715249 -11.987082 1.8187555
-3.5715225 -11.945084 1.8202893
-3.5715203 -11.90381 1.8217787
-3.5715184 -11.863416 1.8192562
-3.5715165 -11.823708 1.8167932
-3.5715144 -11.783664 1.8202208
-3.571512 -11.732928 1.8195629
-3.5715098 -11.696776 1.8190941
-3.5715084 -11.660242 1.8205214
-3.5715058 -11.612507 1.8198795
-3.5715039 -11.577419 1.8212576
-3.5715024 -11.544057 1.8207933
-3.5714996 -11.499064 1.8201668
-3.5714982 -11.455112 1.8195548
-3.5714953 -11.412163 1.8189569
-3.5714939 -11.379615 1.8185035
-3.571492 -11.348619 1.8198231
-3.5714903 -11.308057 1.819239
-3.5714881 -11.269279 1.8203838
-3.5714862 -11.220052 1.8207746
-3.5714836 -11.172923 1.8206167
-3.5714817 -11.13615 1.8200518
-3.5714798 -11.100148 1.8194987
-3.5714777 -11.06422 1.8205531
-3.5714757 -11.02187 1.8198824
-3.5714734 -10.980504 1.8192272
-3.5714717 -10.939829 1.8195575
-3.5714695 -10.899634 1.8210098
-3.5714679 -10.860118 1.8203461
-3.5714655 -10.821498 1.8196976
-3.5714641 -10.784265 1.820101
-3.5714624 -10.741621 1.8193266
-3.5714595 -10.699437 1.8195624
-3.5714571 -10.659026 1.8206993
-3.5714562 -10.618491 1.8200142
-3.5714533 -10.579632 1.8202311
-3.5714517 -10.541796 1.8204422
-3.5714495 -10.498514 1.8196326
-3.5714478 -10.456744 1.8197657
-3.5714459 -10.423036 1.8199178
-3.5714426 -10.383524 1.8200513
-3.5714417 -10.339488 1.8204463
-3.5714405 -10.297212 1.8195949
-3.5714369 -10.256118 1.819397
-3.5714343 -10.217046 1.8197712
-3.5714338 -10.17786 1.820753
-3.5714326 -10.140562 1.8199482
-2.3489025 -10.131671 1.8199834
-3.5714285 -10.099809 1.8200054
-2.3489037 -10.097552 1.8200071
-3.5714269 -10.060866 1.8193574
-2.3489044 -10.060133 1.820585
-3.5697803 -10.016862 1.8206102
-3.5401709 -10.003179 1.820003
-3.500541 -10.00318 1.8198252
-3.4599819 -10.00318 1.8200979
-3.4182134 -10.003181 1.8201232
-3.3803124 -10.003193 1.8201641
-3.3408856 -10.003195 1.8197513
-3.3164177 -10.003196 1.8197365
-2.3489068 -10.023139 1.8201065
-2.2810404 -10.003249 1.8212105
-2.2560749 -10.003249 1.8207178
-2.218765 -10.003251 1.8193488
-2.1798971 -10.003254 1.8203484
-2.138309 -10.002899 1.8299816
-2.0970852 -10.003259 1.830976
-2.0552883 -10.003263 1.8309193
-2.0154507 -10.002911 1.8309441
-1.9794393 -10.003266 1.8198166
-1.9419684 -10.003268 1.8201526
-1.8968842 -10.003271 1.8199605
-1.8585355 -10.003274 1.8195753
-1.8203685 -10.003278 1.8204715
-1.7795022 -10.00328 1.8201196
-1.7387682 -10.003281 1.8183891
-1.6972643 -10.003284 1.8206699
-1.6634271 -10.003287 1.8200951
-1.6215609 -10.003289 1.8196602
-1.5763648 -10.003291 1.8206608
-1.5405138 -10.003295 1.8200693
-1.5040541 -10.003297 1.8194498
-1.4659312 -10.0033 1.8210626
-1.4211457 -10.003303 1.8198005
-1.3714215 -10.003304 1.8194029
-1.3309171 -10.003307 1.8210651
-1.2930434 -10.00331 1.8202226
-1.2499529 -10.003312 1.8197901
-1.2200193 -10.003315 1.8180676
-1.1884699 -10.003317 1.8186914
-1.146956 -10.003319 1.8201985
-1.1010358 -10.003322 1.8197515
-1.0579374 -10.003325 1.8212863
-1.0115156 -10.003327 1.8183858
-0.9783783 -10.00333 1.8212945
-0.9421218 -10.003333 1.8197104
-0.89606786 -10.003335 1.8212968
-0.85997367 -10.003337 1.817148
-0.82328796 -10.00334 1.8226962
-0.7735647 -10.003342 1.8170776
-0.73565197 -10.003345 1.8227296
-0.69710219 -10.003347 1.818449
-0.65803146 -10.00335 1.8241973
-0.61829448 -10.003353 1.8198621
-0.57801223 -10.003355 1.8154675
-0.53703201 -10.003358 1.8213193
-0.49548006 -10.003361 1.8168671
-0.46739078 -10.003362 1.8190864
-0.42466044 -10.003365 1.8198205
-0.38132143 -10.003367 1.8205742
-0.33720326 -10.00337 1.8213317
-0.29244661 -10.003373 1.8167107
-0.26217508 -10.003375 1.8190141
-0.23157072 -10.003377 1.8213428
-3.3014348 -9.9864855 1.8204077
-2.3404317 -9.9881182 1.8195099
-2.1645372 -9.9918756 1.8115146
-2.1361966 -9.9922972 1.8126326
-2.0959516 -9.9958782 1.8124416
-2.0560956 -9.9956656 1.8121893
-2.0287433 -9.9910154 1.8124055
-3.5715775 -13.045868 1.8570493
-3.5715756 -13.002224 1.8613902
-3.5715735 -12.959286 1.8555955
-3.5715714 -12.917038 1.8598783
-3.5715694 -12.875463 1.8640929
-3.5715673 -12.834545 1.8584142
-3.5715652 -12.794269 1.8625742
-3.5715632 -12.754619 1.8569956
-3.5715613 -12.715581 1.8611023
-3.5715592 -12.677141 1.8603834
-3.5715566 -12.618572 1.8592879
-3.5715537 -12.565275 1.8582909
-3.5715518 -12.529095 1.8622355
-3.5715499 -12.493448 1.8615347
-3.5715485 -12.458324 1.8608441
-3.5715466 -12.423711 1.8601635
-3.5715449 -12.389597 1.8594929
-3.571542 -12.34124 1.8585421
-3.5715396 -12.290147 1.8619304
-3.5715377 -12.257927 1.8612661
-3.5715365 -12.226156 1.860611
-3.5715342 -12.181091 1.8596818
-3.571532 -12.133445 1.8586996
-3.5715301 -12.103378 1.8622938
-3.5715282 -12.059084 1.8592453
-3.5715261 -12.015576 1.8603996
-3.5715249 -11.987082 1.8597848
-3.5715225 -11.945084 1.8609167
-3.5715203 -11.90381 1.8620117
-3.5715184 -11.863417 1.8591028
-3.5715163 -11.823708 1.860207
-3.5715146 -11.784831 1.8612797
-3.5715117 -11.734067 1.8601118
-3.5715098 -11.696776 1.8573471
-3.5715079 -11.659143 1.8602886
-3.5715058 -11.611435 1.8591679
-3.5715039 -11.577419 1.8583692
-3.5715024 -11.541988 1.8612142
-3.5714996 -11.497045 1.8601158
-3.5714979 -11.453137 1.8590426
-3.5714953 -11.411199 1.8597986
-3.5714939 -11.379615 1.8607674
-3.571492 -11.347686 1.8599564
-3.5714905 -11.308057 1.8606815
-3.5714881 -11.268387 1.8596548
-3.571486 -11.220056 1.8600838
-3.5714836 -11.172923 1.8605083
-3.5714817 -11.13615 1.8595214
-3.5714798 -11.099463 1.8601596
-3.5714779 -11.064892 1.8608217
-3.5714757 -11.02098 1.860186
-3.5714734 -10.979228 1.8600147
-3.5714717 -10.938973 1.8588768
-3.5714693 -10.898422 1.8607924
-3.5714676 -10.860113 1.8596729
-3.5714653 -10.822075 1.8600522
-3.5714641 -10.785731 1.8594145
-3.5714624 -10.741621 1.8600924
-3.5714595 -10.699437 1.859763
-3.5714574 -10.658412 1.8613309
-3.5714562 -10.618491 1.8591309
-3.5714538 -10.579632 1.8597465
-3.5714514 -10.541795 1.8603461
-3.5714493 -10.499319 1.8598492
-3.5714476 -10.457763 1.860194
-3.5714457 -10.422541 1.8599182
-3.5714428 -10.383158 1.859866
-3.5714417 -10.339316 1.8602631
-3.5714402 -10.297214 1.8593841
-3.5714369 -10.25673 1.8597682
-3.5714345 -10.216314 1.8601334
-3.5714338 -10.177994 1.8605149
-3.5714324 -10.141103 1.8596978
-2.3489027 -10.132182 1.8611037
-3.5714285 -10.100626 1.8599803
-2.3489039 -10.097266 1.8597441
-3.5714269 -10.060867 1.8600513
-2.3489044 -10.059196 1.8593472
-3.5698066 -10.01722 1.8602512
-3.5401711 -10.003179 1.8602524
-3.5008848 -10.00318 1.8601151
-3.4599791 -10.00318 1.8600094
-3.4176319 -10.003181 1.859827
-3.3799639 -10.003191 1.8600283
-3.3410954 -10.003195 1.8600196
-3.3164177 -10.003196 1.8590006
-2.348906 -10.022858 1.8597219
-2.2810407 -10.003248 1.8592983
-2.2568159 -10.003249 1.8602033
-2.2180099 -10.003251 1.8604764
-2.1783557 -10.003254 1.8607637
-2.1393936 -10.003257 1.8598002
-2.0996478 -10.00326 1.8600181
-2.0581129 -10.003262 1.8602779
-2.0148547 -10.003265 1.8605762
-1.9787767 -10.003266 1.8593343
-1.9428933 -10.003267 1.8605727
-1.8968865 -10.003271 1.8596065
-1.8585355 -10.003274 1.8583161
-1.819382 -10.003277 1.8609154
-1.7795022 -10.00328 1.8596302
-1.7387682 -10.003282 1.8582965
-1.6972643 -10.003284 1.8609816
-1.6643751 -10.003287 1.8585947
-1.6203154 -10.00329 1.8593749
-1.5763648 -10.003291 1.8621502
-1.5415179 -10.003295 1.8597026
-1.5040541 -10.003296 1.8616434
-1.468009 -10.003299 1.8591502
-1.419678 -10.003302 1.8599731
-1.3703365 -10.003304 1.8608322
-1.3331254 -10.003307 1.8603287
-1.2907957 -10.00331 1.8602769
-1.2522413 -10.003312 1.85976
-1.2200193 -10.003315 1.8585317
-1.1884699 -10.003318 1.8594322
-1.1457586 -10.003319 1.859133
-1.1034751 -10.003322 1.8610187
-1.0579374 -10.003325 1.8585176
-1.0140481 -10.003327 1.8604333
-0.9783783 -10.00333 1.8591459
-0.9434247 -10.003332 1.8601096
-0.89606786 -10.003335 1.8597894
-0.85997367 -10.003337 1.855922
-0.82328796 -10.00334 1.861756
-0.77216983 -10.003343 1.8591245
-0.73565197 -10.003345 1.8624724
-0.69710219 -10.003347 1.8584921
-0.65803146 -10.00335 1.8645449
-0.61829448 -10.003352 1.8605194
-0.57801223 -10.003355 1.8564388
-0.53703201 -10.003358 1.8626099
-0.49548006 -10.003361 1.8584814
-0.46739078 -10.003362 1.8556906
-0.42466044 -10.003365 1.8619866
-0.38132143 -10.003367 1.8577652
-0.3350873 -10.00337 1.8616884
-0.29244661 -10.003373 1.8599072
-0.26217508 -10.003375 1.8570174
-0.23157072 -10.003377 1.8595548
-3.3018217 -9.9864864 1.8602586
-2.3404319 -9.9881172 1.8601924
-3.5715775 -13.045868 1.8979735
-3.5715756 -13.002224 1.9019805
-3.5715735 -12.959286 1.8958571
-3.5715714 -12.917038 1.8998169
-3.5715694 -12.875463 1.9037135
-3.5715673 -12.834545 1.8977215
-3.5715652 -12.794269 1.9015734
-3.5715632 -12.754619 1.9005286
-3.5715613 -12.715581 1.8994995
-3.5715592 -12.677141 1.9032494
-3.5715568 -12.620644 1.8993431
-3.5715537 -12.565275 1.9001942
-3.5715518 -12.529095 1.8992059
-3.5715501 -12.493448 1.9028196
-3.5715485 -12.458324 1.8972731
-3.5715466 -12.423711 1.9008483
-3.5715451 -12.389597 1.8998839
-3.571542 -12.337557 1.8984127
-3.5715396 -12.290147 1.9014654
-3.571538 -12.257927 1.9005237
-3.5715365 -12.226156 1.8995953
-3.5715342 -12.177658 1.8981779
-3.571532 -12.133445 1.9011285
-3.5715303 -12.103378 1.9002212
-3.5715282 -12.059084 1.9009634
-3.5715261 -12.015576 1.8975713
-3.5715249 -11.987082 1.9008143
-3.5715227 -11.943542 1.8994584
-3.5715203 -11.90381 1.9022446
-3.5715184 -11.863417 1.8989494
-3.5715165 -11.823708 1.9036205
-3.5715141 -11.784832 1.9003748
-3.5715117 -11.734067 1.8987215
-3.5715101 -11.696776 1.8994254
-3.5715084 -11.660242 1.9001071
-3.5715058 -11.613579 1.9004215
-3.5715039 -11.577419 1.8991919
-3.5715022 -11.543023 1.8998556
-3.5714996 -11.499064 1.9001632
-3.5714979 -11.454124 1.9003835
-3.5714953 -11.410233 1.9006089
-3.5714939 -11.379614 1.8995091
-3.5714922 -11.348619 1.9001371
-3.5714905 -11.307145 1.9003586
-3.5714877 -11.268387 1.9006419
-3.5714858 -11.220051 1.8993936
-3.5714836 -11.172923 1.9003998
-3.5714819 -11.135451 1.9006041
-3.5714798 -11.100148 1.900858
-3.5714779 -11.064892 1.8994735
-3.5714757 -11.02277 1.9004132
-3.5714734 -10.979866 1.8992748
-3.5714717 -10.938979 1.8991846
-3.5714693 -10.899634 1.9006461
-3.5714676 -10.86012 1.8990002
-3.5714655 -10.822654 1.9004285
-3.5714645 -10.784999 1.8998084
-3.5714622 -10.741624 1.8998873
-3.5714595 -10.699438 1.899964
-3.5714569 -10.658412 1.9009825
-3.5714562 -10.617895 1.8991905
-3.5714538 -10.579052 1.9001921
-3.5714514 -10.541793 1.8993427
-3.5714493 -10.498515 1.9000124
-3.5714476 -10.457255 1.9006966
-3.571445 -10.422042 1.8998967
-3.5714428 -10.382618 1.9003179
-3.5714417 -10.339488 1.9000518
-3.5714402 -10.297214 1.899173
-3.5714369 -10.255815 1.9001508
-3.5714345 -10.2166 1.8999019
-3.5714338 -10.178141 1.9002475
-3.5714324 -10.140562 1.8994062
-2.3489022 -10.132724 1.9010714
-3.5714285 -10.100013 1.899979
-2.3489034 -10.09844 1.9002202
-3.5714269 -10.060745 1.9001883
-2.3489041 -10.059951 1.8990712
-3.5698063 -10.01722 1.9002223
-3.5402799 -10.003179 1.9002243
-3.5007994 -10.00318 1.9000797
-3.4603817 -10.00318 1.8999331
-3.418016 -10.00318 1.8998562
-3.3799653 -10.00319 1.8999127
-3.3413088 -10.003195 1.8999296
-3.3164179 -10.003196 1.8982644
-2.348906 -10.022576 1.8993273
-2.2810404 -10.003249 1.897386
-2.2560763 -10.003249 1.9009067
-2.2172077 -10.003251 1.9004571
-2.1799433 -10.003254 1.8998764
-2.1401842 -10.003257 1.9005638
-2.0979898 -10.00326 1.9001265
-2.0564137 -10.003263 1.900833
-2.0157454 -10.003265 1.9002305
-1.9781142 -10.003266 1.8988723
-1.9419659 -10.003267 1.8997922
-1.8978328 -10.003271 1.9004849
-1.8578311 -10.003274 1.8990868
-1.819382 -10.003278 1.9000376
-1.7802349 -10.00328 1.9010209
-1.7387685 -10.003281 1.8982034
-1.6972643 -10.003284 1.9012934
-1.6634274 -10.003287 1.8973049
-1.6203156 -10.00329 1.900436
-1.5753771 -10.003292 1.9016865
-1.5405138 -10.003295 1.8995535
-1.5030327 -10.003297 1.9018514
-1.46697 -10.003298 1.899683
-1.418206 -10.003303 1.9001852
-1.3725063 -10.003304 1.8997332
-1.3309171 -10.003307 1.9000492
-1.2930434 -10.00331 1.8998712
-1.249953 -10.003312 1.9001939
-1.2200193 -10.003315 1.8989961
-1.1884699 -10.003317 1.9001729
-1.1457586 -10.003319 1.9002483
-1.1022555 -10.003323 1.9003249
-1.0566949 -10.003325 1.8982122
-1.0127819 -10.003327 1.9004822
-0.9783783 -10.00333 1.8969972
-0.9447276 -10.003332 1.9004754
-0.89606786 -10.003335 1.8982819
-0.85997373 -10.003337 1.8995426
-0.82328796 -10.00334 1.900816
-0.7735647 -10.003343 1.9009156
-0.73565197 -10.003345 1.9022151
-0.69710219 -10.003347 1.8985353
-0.65803146 -10.00335 1.8998491
-0.61829448 -10.003353 1.9011766
-0.57801223 -10.003355 1.8974099
-0.53506666 -10.003358 1.9015141
-0.49548006 -10.003361 1.9000958
-0.46739078 -10.003362 1.8975238
-0.4226113 -10.003365 1.9017164
-0.38132143 -10.003367 1.900269
-0.33931923 -10.00337 1.8988067
-0.29244661 -10.003373 1.9031036
-0.26217508 -10.003375 1.9004498
-0.23157072 -10.003377 1.8977668
-3.3015316 -9.9864845 1.9001156
-2.3404319 -9.9881172 1.9008747
-3.5715775 -13.045868 1.9388976
-3.5715756 -13.002224 1.9425707
-3.5715733 -12.959286 1.9361188
-3.5715714 -12.917038 1.9397553
-3.5715694 -12.875463 1.9433339
-3.5715673 -12.834545 1.9370289
-3.5715652 -12.794269 1.9405727
-3.5715632 -12.754619 1.9440613
-3.5715613 -12.715581 1.9378966
-3.5715592 -12.677141 1.9413524
-3.571557 -12.622715 1.9394495
-3.5715537 -12.565275 1.9420972
-3.5715518 -12.529095 1.9407976
-3.5715501 -12.493448 1.9395173
-3.5715485 -12.458324 1.9382557
-3.5715466 -12.423711 1.9415329
-3.5715449 -12.389597 1.9402748
-3.5715423 -12.339398 1.9406359
-3.5715396 -12.290147 1.9410002
-3.5715377 -12.257927 1.9397814
-3.5715365 -12.226156 1.9385794
-3.5715339 -12.179375 1.9389455
-3.571532 -12.133445 1.9393148
-3.5715301 -12.103378 1.9381487
-3.5715282 -12.06071 1.9406668
-3.5715261 -12.015576 1.9388731
-3.5715249 -11.987082 1.9418434
-3.5715225 -11.945084 1.9380963
-3.5715203 -11.90381 1.9424776
-3.5715179 -11.863419 1.9387963
-3.5715165 -11.823708 1.9430873
-3.5715141 -11.784832 1.9394699
-3.571512 -11.735208 1.9393162
-3.5715098 -11.696776 1.9415038
-3.5715082 -11.66134 1.9399596
-3.5715058 -11.611436 1.9415292
-3.5715039 -11.577419 1.9400145
-3.5715024 -11.543023 1.9403166
-3.5714996 -11.497044 1.9400699
-3.5714977 -11.454125 1.9399092
-3.5714953 -11.412163 1.9397625
-3.5714939 -11.379615 1.9382507
-3.5714922 -11.34955 1.940348
-3.5714905 -11.308057 1.9401032
-3.5714881 -11.267496 1.9398735
-3.5714862 -11.220051 1.9398257
-3.5714836 -11.172921 1.9402918
-3.5714817 -11.13615 1.9417411
-3.5714798 -11.100147 1.9399143
-3.5714781 -11.065563 1.9397746
-3.5714757 -11.021871 1.9407161
-3.5714734 -10.980504 1.9385581
-3.5714722 -10.938973 1.9394916
-3.5714688 -10.898422 1.9403987
-3.5714676 -10.859345 1.9393387
-3.5714655 -10.821498 1.9392262
-3.5714641 -10.785002 1.9401706
-3.5714624 -10.741621 1.939682
-3.5714595 -10.699437 1.9401644
-3.5714574 -10.658412 1.9406337
-3.5714562 -10.619088 1.9401478
-3.5714538 -10.580215 1.9406048
-3.5714517 -10.54123 1.9392498
-3.5714493 -10.498707 1.939563
-3.5714483 -10.457252 1.9402946
-3.5714459 -10.423036 1.939846
-3.5714431 -10.383335 1.9401315
-3.5714414 -10.339489 1.940487
-3.5714402 -10.297053 1.9395905
-3.5714371 -10.256424 1.9405321
-3.5714345 -10.216451 1.9390666
-3.571434 -10.178281 1.9399872
-3.5714324 -10.140703 1.9397424
-2.3489027 -10.131671 1.9396375
-3.5714278 -10.100007 1.9399639
-2.3489037 -10.098161 1.9399712
-3.5714269 -10.060866 1.9403063
-2.3489044 -10.059952 1.9404789
-3.5698066 -10.01722 1.9401935
-3.5401709 -10.003179 1.9401889
-3.5009749 -10.00318 1.9397088
-3.4600184 -10.003179 1.9401345
-3.4176319 -10.003181 1.9399109
-3.380141 -10.003191 1.9401562
-3.3409905 -10.003195 1.939513
-3.3164179 -10.003194 1.9399825
-2.3489065 -10.022291 1.938924
-2.2810404 -10.003249 1.9389361
-2.2552907 -10.003249 1.9404752
-2.2187653 -10.003251 1.939137
-2.1791258 -10.003254 1.9402779
-2.1385577 -10.003258 1.9402553
-2.0996475 -10.00326 1.9400809
-2.0572913 -10.003262 1.9400551
-2.0139575 -10.003265 1.9400204
-1.9794393 -10.003266 1.9400185
-1.9410362 -10.003269 1.9390402
-1.8968838 -10.003271 1.9401678
-1.8592401 -10.003274 1.9415153
-1.8193818 -10.003278 1.9391596
-1.7795022 -10.00328 1.9425945
-1.7387682 -10.003282 1.9381107
-1.697264 -10.003284 1.941605
-1.6634274 -10.003287 1.9379463
-1.6203156 -10.00329 1.9414971
-1.5773523 -10.003292 1.9387834
-1.5405138 -10.003295 1.9413919
-1.5050755 -10.003296 1.9395777
-1.4659311 -10.0033 1.9402442
-1.4210446 -10.003303 1.9387749
-1.3714215 -10.003304 1.9411627
-1.3331251 -10.003307 1.9392743
-1.2907957 -10.00331 1.9399648
-1.2522413 -10.003312 1.9401239
-1.2200193 -10.003315 1.9394605
-1.1872941 -10.003316 1.9387934
-1.1457586 -10.003319 1.9413636
-1.1010357 -10.003322 1.9396619
-1.0591799 -10.003325 1.9398251
-1.0127816 -10.003327 1.9380655
-0.9783783 -10.00333 1.9395797
-0.94342482 -10.003333 1.9411108
-0.89473969 -10.003335 1.9393325
-0.85997343 -10.003337 1.9431632
-0.82328796 -10.00334 1.9398757
-0.7735647 -10.003343 1.9403629
-0.73565197 -10.003345 1.941958
-0.69710219 -10.003347 1.9385784
-0.65803146 -10.00335 1.9351531
-0.61829448 -10.003352 1.9418339
-0.57801223 -10.003355 1.938381
-0.53703165 -10.003358 1.940043
-0.49548006 -10.003361 1.94171
-0.46739078 -10.003362 1.939357
-0.42670959 -10.003365 1.9382139
-0.38132143 -10.003367 1.942773
-0.33720326 -10.00337 1.9391631
-0.29244661 -10.003373 1.9409004
-0.26217508 -10.003375 1.9384532
-0.23157072 -10.003377 1.9414377
-3.301831 -9.9867134 1.9399735
-2.3404319 -9.9881182 1.9415573
-3.5715775 -13.045868 1.9798219
-3.5715756 -13.002224 1.983161
-3.5715733 -12.959286 1.9763806
-3.5715714 -12.917038 1.9796939
-3.5715694 -12.875463 1.9829543
-3.5715673 -12.834545 1.9763364
-3.5715652 -12.794269 1.9795719
-3.5715632 -12.754619 1.9827571
-3.5715613 -12.715581 1.9762939
-3.5715592 -12.677141 1.9794555
-3.5715566 -12.618572 1.9816666
-3.5715537 -12.565275 1.9793445
-3.5715518 -12.529095 1.9823893
-3.5715499 -12.493448 1.9808022
-3.5715485 -12.458324 1.9792383
-3.5715466 -12.423711 1.9822174
-3.5715451 -12.389597 1.9806659
-3.571542 -12.339398 1.9805946
-3.5715396 -12.290147 1.9805353
-3.571538 -12.257927 1.979039
-3.5715365 -12.226156 1.9775636
-3.5715342 -12.181091 1.9797595
-3.571532 -12.133445 1.9775012
-3.5715301 -12.103378 1.9802902
-3.5715287 -12.059084 1.9802414
-3.5715261 -12.015576 1.980175
-3.5715249 -11.987082 1.982873
-3.5715225 -11.945084 1.9787241
-3.5715203 -11.90381 1.9827106
-3.5715184 -11.863417 1.9786428
-3.5715165 -11.823708 1.9825544
-3.5715146 -11.784832 1.978565
-3.5715115 -11.734067 1.9798138
-3.5715098 -11.696776 1.9797567
-3.5715079 -11.659143 1.9815465
-3.5715058 -11.612507 1.9808906
-3.5715039 -11.577419 1.9808372
-3.5715022 -11.543023 1.9807774
-3.5714996 -11.499064 1.9801601
-3.5714977 -11.454124 1.9794348
-3.5714953 -11.410233 1.9787369
-3.5714939 -11.379615 1.9805145
-3.5714922 -11.347686 1.9786655
-3.5714905 -11.308057 1.9815458
-3.5714881 -11.268387 1.9791913
-3.5714862 -11.220052 1.9802581
-3.5714836 -11.172921 1.9801832
-3.5714817 -11.13615 1.9812108
-3.5714798 -11.100148 1.9789709
-3.5714779 -11.064892 1.9800068
-3.5714757 -11.02098 1.9809875
-3.5714734 -10.979229 1.9792994
-3.5714717 -10.938979 1.9797995
-3.5714693 -10.899634 1.9802824
-3.5714676 -10.860884 1.9796665
-3.571465 -10.822076 1.9796027
-3.5714641 -10.784265 1.9795418
-3.5714617 -10.741621 1.9804475
-3.5714595 -10.699438 1.9803652
-3.5714574 -10.658412 1.9802849
-3.5714562 -10.618491 1.9802072
-3.5714536 -10.579634 1.9801314
-3.5714517 -10.542362 1.9791474
-3.5714495 -10.499114 1.9797412
-3.5714478 -10.457255 1.9798926
-3.5714457 -10.422541 1.9798249
-3.5714428 -10.382978 1.9799669
-3.5714414 -10.338966 1.9803069
-3.5714405 -10.297213 1.9799918
-3.5714364 -10.256271 1.9803158
-3.5714345 -10.216602 1.9794202
-3.571434 -10.177582 1.9797603
-3.5714326 -10.140833 1.9800514
-2.3489027 -10.132182 1.9807744
-3.5714278 -10.100214 1.9799587
-2.3489037 -10.09694 1.9789618
-3.5714266 -10.060865 1.9798701
-2.3489044 -10.060494 1.9810783
-3.5698063 -10.01722 1.9801648
-3.5403535 -10.003179 1.9801617
-3.5007985 -10.00318 1.9796808
-3.4598587 -10.00318 1.9800603
-3.418016 -10.00318 1.9799273
-3.3800256 -10.003187 1.9800329
-3.3409891 -10.003195 1.9797941
-3.3164179 -10.003194 1.9817004
-2.3489063 -10.022856 1.9792434
-2.2810404 -10.003249 1.9804864
-2.2568159 -10.003249 1.9787313
-2.2180097 -10.003251 1.9802895
-2.1783059 -10.003254 1.980706
-2.1401842 -10.003257 1.9797581
-2.0979898 -10.00326 1.9802246
-2.0581625 -10.003263 1.9792509
-2.0156949 -10.003264 1.9808538
-1.9787767 -10.003266 1.9795564
-1.9428411 -10.003268 1.9806528
-1.8968842 -10.003271 1.9785351
-1.8585355 -10.003274 1.9822865
-1.8193818 -10.003278 1.9782819
-1.7795022 -10.00328 1.9821049
-1.7387682 -10.003282 1.9780183
-1.697264 -10.003284 1.9819164
-1.6634274 -10.003287 1.9785875
-1.6190736 -10.003289 1.9812704
-1.5763648 -10.003293 1.9783199
-1.5395094 -10.003295 1.98128
-1.504054 -10.003296 1.9797856
-1.4680088 -10.003298 1.9782753
-1.4196779 -10.003302 1.9804164
-1.3714213 -10.003304 1.9802995
-1.332021 -10.003308 1.9810789
-1.2930434 -10.00331 1.9795194
-1.2499529 -10.003312 1.9805979
-1.2200193 -10.003315 1.9799248
-1.1896452 -10.003317 1.9792489
-1.1445613 -10.00332 1.9803494
-1.1034751 -10.003322 1.9808671
-1.0579374 -10.003325 1.9795194
-1.0115155 -10.003327 1.9781562
-0.9783783 -10.00333 1.9821626
-0.9434247 -10.003332 1.9792346
-0.89606786 -10.003335 1.9800906
-0.85997343 -10.003337 1.9819373
-0.82328796 -10.00334 1.9789357
-0.77356464 -10.003343 1.9798101
-0.73565197 -10.003345 1.9817007
-0.69710219 -10.003347 1.9786216
-0.65803146 -10.00335 1.9755008
-0.61829448 -10.003352 1.9824913
-0.57801223 -10.003355 1.9793522
-0.53899664 -10.003358 1.9785297
-0.49548006 -10.003361 1.9833243
-0.46739078 -10.003362 1.9811902
-0.42466044 -10.003366 1.9779437
-0.38132143 -10.003367 1.9799638
-0.33720326 -10.003371 1.9820108
-0.29244661 -10.003373 1.9786975
-0.26217508 -10.003375 1.9764564
-0.23157072 -10.003377 1.9796497
-3.3016286 -9.9864855 1.9798194
-2.3402119 -9.9882631 1.9816145
-3.5715775 -13.045868 2.020746
-3.5715756 -13.002224 2.0237513
-3.5715733 -12.959286 2.0166423
-3.5715714 -12.917038 2.0196323
-3.5715694 -12.875463 2.0225747
-3.5715673 -12.834545 2.0156436
-3.5715652 -12.794269 2.0185711
-3.5715632 -12.754619 2.0214529
-3.5715613 -12.715581 2.0194907
-3.5715592 -12.677141 2.0175586
-3.5715566 -12.620644 2.0217731
-3.5715537 -12.565275 2.0212474
-3.5715518 -12.529095 2.0193596
-3.5715501 -12.493448 2.0220871
-3.5715485 -12.458324 2.0202208
-3.5715466 -12.423711 2.0183816
-3.5715449 -12.389597 2.0210569
-3.5715423 -12.339399 2.0205536
-3.5715396 -12.290147 2.0200703
-3.5715377 -12.257927 2.0182967
-3.5715365 -12.226156 2.0208793
-3.5715342 -12.177658 2.0181632
-3.571532 -12.133445 2.0199301
-3.5715301 -12.103378 2.0224319
-3.5715282 -12.057458 2.0197723
-3.5715261 -12.015576 2.021477
-3.5715246 -11.987082 2.0197995
-3.5715225 -11.945084 2.0193515
-3.5715203 -11.90381 2.0229435
-3.5715179 -11.863419 2.0184896
-3.571516 -11.823709 2.0220213
-3.5715141 -11.784832 2.0176597
-3.5715117 -11.732926 2.0202761
-3.5715098 -11.696776 2.0180097
-3.5715084 -11.660242 2.0213988
-3.5715058 -11.613579 2.0202849
-3.5715039 -11.577419 2.0216599
-3.5715024 -11.544057 2.0194724
-3.5714996 -11.497045 2.0200241
-3.5714979 -11.455112 2.0208287
-3.5714953 -11.411199 2.0196366
-3.5714939 -11.379614 2.0192561
-3.571492 -11.348619 2.0188763
-3.5714905 -11.308969 2.0213304
-3.5714881 -11.268388 2.0201786
-3.571486 -11.218926 2.019547
-3.5714836 -11.172923 2.0200748
-3.5714817 -11.13615 2.0206807
-3.5714798 -11.100834 2.0197101
-3.5714781 -11.06422 2.0202146
-3.571476 -11.021873 2.0202017
-3.5714734 -10.980504 2.0202053
-3.5714722 -10.938973 2.0201063
-3.5714688 -10.898423 2.0200047
-3.5714676 -10.860119 2.0200057
-3.5714655 -10.822654 2.0200014
-3.5714641 -10.784999 2.0199001
-3.5714619 -10.740907 2.020227
-3.57146 -10.698744 2.0195937
-3.5714569 -10.658412 2.0199368
-3.5714562 -10.618489 2.0202551
-3.5714538 -10.57963 2.0196466
-3.5714512 -10.541252 2.0199485
-3.5714495 -10.498707 2.0199485
-3.5714476 -10.456743 2.0203581
-3.5714457 -10.422044 2.0197816
-3.5714428 -10.382618 2.0197856
-3.5714414 -10.339488 2.0200875
-3.5714402 -10.297213 2.0197806
-3.5714366 -10.256119 2.0200922
-3.5714343 -10.216746 2.0197804
-3.5714338 -10.178696 2.0200651
-3.5714324 -10.140834 2.0197849
-2.3489025 -10.132724 2.0207601
-3.5714278 -10.100013 2.0204191
-2.3489037 -10.097854 2.0194521
-3.5714269 -10.060868 2.0194333
-2.3489039 -10.059953 2.01985
-3.5698063 -10.01722 2.0201354
-3.5401709 -10.003179 2.0201247
-3.5008845 -10.00318 2.0199726
-3.4601405 -10.00318 2.0196736
-3.4181182 -10.003181 2.0199847
-3.3804963 -10.003189 2.0199037
-3.3410933 -10.003195 2.0203898
-3.3164182 -10.003194 2.0209644
-2.3489063 -10.022857 2.0202253
-2.2810404 -10.003249 2.0220366
-2.2560763 -10.003249 2.019459
-2.2172077 -10.003251 2.0202966
-2.1798971 -10.003253 2.0197668
-2.1386092 -10.003257 2.0206802
-2.0996475 -10.00326 2.0201435
-2.0564673 -10.003263 2.0198581
-2.0148523 -10.003264 2.0206048
-1.9781142 -10.003266 2.0191152
-1.9419659 -10.003269 2.021162
-1.895991 -10.003271 2.0195315
-1.8585355 -10.003274 2.0210271
-1.8183928 -10.003278 2.018785
-1.7795022 -10.00328 2.0216155
-1.7387682 -10.003282 2.0179257
-1.697264 -10.003284 2.0222278
-1.6634274 -10.003287 2.0192287
-1.6203121 -10.003289 2.0195253
-1.5763645 -10.003293 2.0198092
-1.5415179 -10.003295 2.0186517
-1.504054 -10.003296 2.0219793
-1.46697 -10.003298 2.0188365
-1.4182061 -10.003303 2.0206685
-1.3714215 -10.003304 2.0194366
-1.332021 -10.003307 2.0205612
-1.2907957 -10.003311 2.0196524
-1.2522413 -10.003312 2.0204873
-1.2200193 -10.003315 2.0203891
-1.1872939 -10.003317 2.0202959
-1.146956 -10.003319 2.0211554
-1.1022553 -10.003321 2.0202041
-1.0566949 -10.003325 2.0192456
-1.0140479 -10.003327 2.0201201
-0.9783783 -10.00333 2.0200138
-0.9434247 -10.003332 2.0173581
-0.89739609 -10.003335 2.0208151
-0.85997343 -10.003337 2.0207112
-0.82328796 -10.00334 2.0179954
-0.77495962 -10.003342 2.0215442
-0.73565197 -10.003345 2.0214434
-0.69710207 -10.003348 2.0186648
-0.65803146 -10.00335 2.0158484
-0.61829448 -10.003352 2.0231485
-0.57801223 -10.003355 2.0203233
-0.53703165 -10.003358 2.0174494
-0.49548006 -10.003361 2.0197368
-0.46739078 -10.003362 2.0230234
-0.42466044 -10.003365 2.0201097
-0.38132143 -10.003367 2.0171547
-0.3350873 -10.00337 2.022429
-0.29244661 -10.003373 2.021894
-0.26217508 -10.003375 2.0198889
-0.23157072 -10.003377 2.0178618
-3.3019097 -9.9865522 2.0199749
-2.3401392 -9.9880371 2.0209177
-3.5715775 -13.045868 2.0616703
-3.5715756 -13.002224 2.0643415
-3.5715733 -12.959286 2.0569043
-3.5715714 -12.917039 2.0595708
-3.5715694 -12.875463 2.0621953
-3.5715671 -12.834546 2.0598645
-3.5715652 -12.794269 2.0575702
-3.5715632 -12.754619 2.060149
-3.5715613 -12.715581 2.0626876
-3.5715592 -12.677141 2.0604246
-3.5715566 -12.620644 2.059444
-3.5715537 -12.565275 2.0631506
-3.5715518 -12.529095 2.0609515
-3.5715501 -12.493448 2.0587845
-3.5715485 -12.458324 2.0612032
-3.5715466 -12.423711 2.0590663
-3.5715451 -12.389597 2.0614479
-3.571542 -12.339398 2.0605125
-3.5715396 -12.290147 2.0596054
-3.5715377 -12.257927 2.0619164
-3.5715365 -12.226156 2.0598636
-3.5715339 -12.179375 2.0589771
-3.571532 -12.133445 2.0623593
-3.5715303 -12.103378 2.0603592
-3.5715282 -12.059084 2.0594916
-3.5715261 -12.015576 2.0627789
-3.5715249 -11.987082 2.0567257
-3.5715225 -11.945084 2.059979
-3.5715203 -11.90381 2.0631766
-3.5715184 -11.863417 2.0583363
-3.571516 -11.823709 2.0614882
-3.5715141 -11.785999 2.0587995
-3.5715117 -11.734068 2.0608819
-3.5715101 -11.696776 2.0600879
-3.5715079 -11.660242 2.0593026
-3.5715058 -11.611436 2.061327
-3.5715039 -11.577419 2.0587711
-3.5715024 -11.541988 2.0597866
-3.5714996 -11.499064 2.0601568
-3.5714974 -11.453138 2.0602109
-3.5714953 -11.412163 2.0605681
-3.5714939 -11.379615 2.0579979
-3.571492 -11.348619 2.0607841
-3.5714905 -11.307145 2.0591815
-3.5714881 -11.268388 2.0611658
-3.5714862 -11.220052 2.0588648
-3.5714836 -11.172923 2.0599666
-3.5714817 -11.13615 2.0601504
-3.5714798 -11.100148 2.0603471
-3.5714779 -11.064892 2.060523
-3.5714762 -11.022769 2.0594482
-3.5714738 -10.979228 2.060915
-3.5714722 -10.938128 2.0593531
-3.5714693 -10.899634 2.0599191
-3.5714676 -10.859346 2.0603149
-3.571465 -10.821499 2.0587544
-3.5714641 -10.78573 2.060287
-3.5714619 -10.741621 2.0600281
-3.5714598 -10.699438 2.0588436
-3.5714574 -10.658412 2.059588
-3.5714562 -10.618491 2.0603032
-3.571454 -10.579052 2.0600605
-3.5714519 -10.541796 2.0598571
-3.5714493 -10.498919 2.0594687
-3.5714478 -10.457787 2.0599811
-3.5714457 -10.423036 2.0597744
-3.5714428 -10.383692 2.0595896
-3.5714417 -10.340006 2.0598917
-3.5714405 -10.297212 2.0595694
-3.5714366 -10.256272 2.0598617
-3.5714343 -10.216452 2.059545
-3.5714338 -10.177582 2.0604222
-3.5714326 -10.14044 2.0601017
-2.3489022 -10.131672 2.0592921
-3.5714278 -10.10021 2.0603988
-2.3489039 -10.098439 2.0606437
-3.5714269 -10.060867 2.0601273
-2.3489044 -10.059408 2.058604
-3.5698066 -10.01722 2.0601065
-3.5404265 -10.003179 2.0600929
-3.5009713 -10.00318 2.0602598
-3.4601767 -10.003179 2.0598946
-3.4175375 -10.00318 2.0600076
-3.3795505 -10.003186 2.0597641
-3.3408837 -10.003195 2.0603185
-3.3164182 -10.003194 2.0602283
-2.3489063 -10.022858 2.0612073
-2.2810407 -10.003248 2.0601244
-2.2560763 -10.003249 2.061301
-2.2187653 -10.003251 2.0589249
-2.1783559 -10.003254 2.0602663
-2.1402314 -10.003256 2.0601478
-2.0979898 -10.00326 2.060323
-2.0581622 -10.003263 2.0602026
-2.0139573 -10.003264 2.0591464
-1.9794393 -10.003266 2.06022
-1.9419658 -10.003269 2.0590899
-1.897833 -10.003271 2.0615883
-1.8585358 -10.003274 2.0597677
-1.8193818 -10.003277 2.0591443
-1.7795022 -10.00328 2.0611262
-1.738768 -10.003282 2.057833
-1.697264 -10.003284 2.0625396
-1.6634274 -10.003287 2.0598702
-1.6203154 -10.00329 2.0592172
-1.5763648 -10.003293 2.0612984
-1.5405138 -10.003295 2.0585399
-1.5040541 -10.003296 2.0599535
-1.4669698 -10.003299 2.0613914
-1.4210446 -10.003303 2.059181
-1.3703365 -10.003304 2.0609143
-1.332021 -10.003308 2.0600438
-1.2930434 -10.00331 2.0591674
-1.2510972 -10.003312 2.0585976
-1.2200193 -10.003315 2.0608535
-1.1896453 -10.003317 2.06071
-1.1457586 -10.003319 2.0601413
-1.1010357 -10.003322 2.0595722
-1.0591798 -10.003325 2.0607953
-1.0127816 -10.003327 2.0602109
-0.9783783 -10.00333 2.0578651
-0.9421218 -10.003332 2.0580471
-0.89606768 -10.003335 2.0618761
-0.85997343 -10.003337 2.0594852
-0.82328796 -10.003341 2.0570552
-0.77356464 -10.003343 2.0636234
-0.73565197 -10.003345 2.0611863
-0.69710207 -10.003348 2.058708
-0.65803146 -10.00335 2.0561962
-0.61829448 -10.003353 2.0638058
-0.57801223 -10.003355 2.0612946
-0.53703165 -10.003358 2.0587397
-0.49548006 -10.003361 2.0561495
-0.46739078 -10.003362 2.0596275
-0.42466044 -10.003366 2.0622759
-0.38132143 -10.003367 2.0596588
-0.33931923 -10.00337 2.0594237
-0.29244661 -10.003373 2.0596907
-0.26217508 -10.003375 2.0633214
-0.23157072 -10.003377 2.0615325
-3.301821 -9.9864864 2.0601275
-2.3403296 -9.9878988 2.059505
-3.5715775 -13.045868 2.1025944
-3.5715759 -13.002224 2.099858
-3.5715733 -12.959286 2.0971661
-3.5715714 -12.917039 2.0995092
-3.5715694 -12.875463 2.1018157
-3.5715673 -12.834545 2.1040852
-3.5715652 -12.794269 2.0965695
-3.5715632 -12.754619 2.0988445
-3.5715613 -12.715581 2.1010847
-3.5715592 -12.677141 2.1032906
-3.5715566 -12.622715 2.099618
-3.5715537 -12.565275 2.1003978
-3.5715518 -12.529095 2.1025431
-3.5715499 -12.493448 2.1000695
-3.5715485 -12.458324 2.0976322
-3.5715466 -12.423711 2.0997508
-3.5715449 -12.389597 2.1018388
-3.5715423 -12.339398 2.1004715
-3.5715399 -12.290147 2.0991404
-3.571538 -12.257927 2.1011739
-3.5715365 -12.226156 2.0988479
-3.5715339 -12.179375 2.1018453
-3.571532 -12.133445 2.1005456
-3.5715301 -12.103378 2.0982866
-3.571528 -12.059084 2.1012094
-3.5715261 -12.015576 2.0999503
-3.5715249 -11.987082 2.0977552
-3.5715225 -11.945084 2.1006069
-3.5715203 -11.90381 2.1034095
-3.5715184 -11.863417 2.0981829
-3.571516 -11.823709 2.100955
-3.5715146 -11.784832 2.099772
-3.5715115 -11.734067 2.0994916
-3.5715098 -11.696776 2.1021659
-3.5715079 -11.66134 2.0991988
-3.5715058 -11.612508 2.1007209
-3.5715039 -11.577419 2.0995939
-3.5715024 -11.544057 2.1004157
-3.5714996 -11.497045 2.0999784
-3.5714979 -11.455112 2.0999007
-3.5714951 -11.410233 2.0994797
-3.5714939 -11.379615 2.1002617
-3.5714922 -11.34955 2.1010361
-3.5714905 -11.308057 2.0989661
-3.5714881 -11.268388 2.1021531
-3.5714862 -11.220053 2.0992975
-3.5714836 -11.172921 2.099858
-3.5714817 -11.13615 2.0996196
-3.5714798 -11.099463 2.1009593
-3.5714781 -11.064892 2.0991747
-3.5714757 -11.02187 2.0997083
-3.5714741 -10.979866 2.1002138
-3.5714717 -10.939783 2.0997138
-3.5714693 -10.898422 2.0996115
-3.5714679 -10.860884 2.1007018
-3.5714657 -10.822077 2.0991533
-3.5714641 -10.785002 2.099649
-3.5714624 -10.74162 2.1007934
-3.5714595 -10.699439 2.0990443
-3.5714569 -10.658412 2.0992396
-3.5714562 -10.617895 2.1003222
-3.571454 -10.579634 2.0995891
-3.5714517 -10.542336 2.0997889
-3.5714495 -10.498913 2.0996635
-3.5714476 -10.456744 2.0995393
-3.5714457 -10.422543 2.0997317
-3.5714428 -10.383156 2.1000595
-3.5714417 -10.339488 2.0997033
-3.5714405 -10.296741 2.0999725
-3.5714369 -10.255814 2.0996284
-3.5714345 -10.216157 2.0992956
-3.5714338 -10.178571 2.100167
-3.5714326 -10.141374 2.1004224
-2.3489027 -10.132182 2.1004457
-3.5714278 -10.100421 2.09993
-2.3489037 -10.09816 2.1003823
-3.5714269 -10.06099 2.1002581
-2.3489044 -10.059952 2.0992093
-3.5698066 -10.01722 2.1000779
-3.5399899 -10.003179 2.0997777
-3.5008008 -10.00318 2.1002197
-3.4602234 -10.00318 2.1000979
-3.418118 -10.003181 2.1000526
-3.3801997 -10.003186 2.1000292
-3.3410974 -10.003195 2.1002431
-3.3164182 -10.003194 2.0994923
-2.3489065 -10.023417 2.101558
-2.2810404 -10.003249 2.0982122
-2.255291 -10.003249 2.1009049
-2.2180102 -10.003251 2.1001024
-2.1799436 -10.003253 2.099292
-2.1386089 -10.003257 2.0999081
-2.0996475 -10.00326 2.1002064
-2.0564137 -10.003263 2.0996246
-2.0156951 -10.003265 2.0999255
-1.9787767 -10.003266 2.0997787
-1.9410932 -10.003269 2.0996346
-1.8968841 -10.003271 2.10131
-1.858536 -10.003274 2.0985084
-1.8193846 -10.003278 2.09957
-1.7795022 -10.00328 2.1006367
-1.738768 -10.003282 2.0977404
-1.697264 -10.003284 2.1028512
-1.6634274 -10.003287 2.1005113
-1.6215609 -10.003289 2.0987937
-1.5763648 -10.003293 2.102788
-1.5405136 -10.003295 2.100378
-1.5040541 -10.003296 2.0979278
-1.4669698 -10.0033 2.0996909
-1.419678 -10.003301 2.1008601
-1.3725063 -10.003304 2.0997183
-1.3320209 -10.003307 2.0995262
-1.2919195 -10.00331 2.1013741
-1.2510972 -10.003312 2.0987892
-1.2200193 -10.003315 2.1013179
-1.1884698 -10.003317 2.0993509
-1.1445613 -10.00332 2.0991576
-1.1034751 -10.003321 2.1007156
-1.0579373 -10.003325 2.1005211
-1.0127816 -10.003327 2.0977941
-0.9783783 -10.00333 2.1004479
-0.9447276 -10.003332 2.1005716
-0.89606762 -10.003335 2.1003687
-0.85997343 -10.003337 2.0982592
-0.82192034 -10.00334 2.0987539
-0.7735647 -10.003343 2.103071
-0.73565197 -10.003345 2.100929
-0.69710207 -10.003348 2.0987511
-0.65803146 -10.00335 2.0965438
-0.61638933 -10.003352 2.1021864
-0.57801223 -10.003355 2.1022658
-0.53703153 -10.003358 2.1000304
-0.49548006 -10.003361 2.0977638
-0.46739078 -10.003362 2.0962315
-0.4226113 -10.003366 2.1020815
-0.38132143 -10.003367 2.1021626
-0.33720326 -10.00337 2.0998421
-0.29244661 -10.003373 2.0974879
-0.26217508 -10.003375 2.1013246
-0.23157072 -10.003377 2.0997446
-3.3013365 -9.9864855 2.0999866
-2.341042 -9.9882631 2.0981321
-3.5715775 -13.045868 2.1435184
-3.5715756 -13.002224 2.1353745
-3.5715733 -12.959286 2.1374278
-3.5715714 -12.917039 2.1394477
-3.5715694 -12.875463 2.1414361
-3.5715673 -12.834545 2.1433926
-3.5715652 -12.794269 2.1404436
-3.5715632 -12.754619 2.1375406
-3.5715613 -12.715581 2.139482
-3.5715592 -12.677141 2.1413937
-3.5715566 -12.618572 2.1417
-3.5715535 -12.565275 2.137645
-3.5715518 -12.529095 2.1395135
-3.5715501 -12.493448 2.1413543
-3.5715485 -12.458324 2.1386147
-3.5715466 -12.423711 2.1404352
-3.5715449 -12.389597 2.1377418
-3.571542 -12.339398 2.1404307
-3.5715401 -12.290147 2.1386752
-3.5715377 -12.257927 2.1404319
-3.5715365 -12.226156 2.1421638
-3.5715342 -12.179375 2.1404271
-3.571532 -12.133445 2.1387317
-3.5715301 -12.103378 2.1404283
-3.5715284 -12.06071 2.1409879
-3.5715261 -12.015576 2.1371222
-3.5715249 -11.987082 2.1387844
-3.5715225 -11.945084 2.1412346
-3.5715203 -11.90381 2.1436424
-3.5715179 -11.863417 2.1380296
-3.571516 -11.823709 2.1404221
-3.5715144 -11.783664 2.1407092
-3.5715117 -11.734067 2.1381011
-3.5715098 -11.696776 2.1404192
-3.5715079 -11.659143 2.1406972
-3.5715058 -11.613579 2.1401482
-3.5715039 -11.577419 2.1404166
-3.5715024 -11.541988 2.1406865
-3.5714996 -11.499064 2.1401536
-3.5714974 -11.453137 2.1392412
-3.5714953 -11.411199 2.1404109
-3.5714939 -11.379614 2.1390033
-3.5714922 -11.347686 2.1392717
-3.5714905 -11.308057 2.1404088
-3.5714881 -11.26928 2.1415308
-3.5714862 -11.220051 2.13973
-3.5714836 -11.172923 2.1397498
-3.5714819 -11.13615 2.1390893
-3.5714798 -11.100147 2.1417062
-3.5714781 -11.065563 2.1395154
-3.5714753 -11.02098 2.1399372
-3.5714743 -10.980505 2.1395361
-3.5714717 -10.938128 2.1399467
-3.5714691 -10.899031 2.1410124
-3.5714676 -10.859306 2.1399562
-3.5714653 -10.822076 2.1409962
-3.5714641 -10.784265 2.1389823
-3.5714619 -10.742332 2.1406317
-3.5714595 -10.69944 2.139245
-3.5714571 -10.65841 2.1398346
-3.5714562 -10.61849 2.1403918
-3.571454 -10.580215 2.139142
-3.5714509 -10.54123 2.1405427
-3.5714495 -10.49892 2.1398597
-3.5714478 -10.457763 2.1400707
-3.5714457 -10.422042 2.1396663
-3.5714428 -10.383336 2.1405268
-3.5714417 -10.339488 2.1401389
-3.5714405 -10.297212 2.140383
-3.5714366 -10.256272 2.1394031
-3.5714345 -10.217175 2.139677
-3.5714338 -10.178137 2.1399131
-3.5714324 -10.140293 2.140137
-2.3489025 -10.132724 2.1404488
-3.5714278 -10.100013 2.139926
-2.3489037 -10.096941 2.1393189
-3.5714269 -10.060745 2.1398177
-2.3489041 -10.059952 2.1406167
-3.5698066 -10.01722 2.140048
-3.5401709 -10.003179 2.1397519
-3.5006266 -10.00318 2.1401882
-3.4596579 -10.00318 2.1400146
-3.417629 -10.003181 2.1397567
-3.3803251 -10.003185 2.1398861
-3.3415153 -10.003195 2.1405003
-3.3164191 -10.003193 2.1387563
-2.3489056 -10.023149 2.1404757
-2.2810404 -10.003249 2.1397622
-2.2568157 -10.003249 2.1390927
-2.2172074 -10.003251 2.1401365
-2.1791258 -10.003254 2.1397381
-2.1402314 -10.003256 2.1393406
-2.0979898 -10.00326 2.1404209
-2.0581129 -10.003263 2.1399329
-2.0148525 -10.003265 2.1397026
-1.9781142 -10.003266 2.1393583
-1.942893 -10.003268 2.1411734
-1.8968841 -10.003271 2.1396773
-1.8585358 -10.003274 2.1372492
-1.8203685 -10.003277 2.1411939
-1.7795022 -10.00328 2.1401472
-1.738768 -10.003282 2.1376479
-1.697264 -10.003284 2.1431632
-1.6634274 -10.003287 2.1411524
-1.6203156 -10.00329 2.1385911
-1.5763648 -10.003292 2.1401281
-1.5405138 -10.003295 2.1422167
-1.5040541 -10.003296 2.1401212
-1.46697 -10.003299 2.1379905
-1.4196779 -10.003303 2.1395738
-1.3714215 -10.003304 2.141196
-1.3320209 -10.003308 2.1390085
-1.2919195 -10.00331 2.1412079
-1.2510972 -10.003312 2.1389811
-1.2200193 -10.003315 2.141782
-1.1884695 -10.003317 2.1400919
-1.146956 -10.003319 2.1399028
-1.1022555 -10.003322 2.1400836
-1.0579373 -10.003325 2.1377525
-1.0127817 -10.003327 2.1400752
-0.9783783 -10.00333 2.1430306
-0.9434247 -10.003333 2.1412601
-0.89606762 -10.003334 2.1388614
-0.85997343 -10.003337 2.137033
-0.82328796 -10.00334 2.1400695
-0.7735647 -10.003343 2.1425183
-0.73565197 -10.003345 2.1406717
-0.69710207 -10.003348 2.1387944
-0.65803146 -10.00335 2.1368914
-0.61829448 -10.003353 2.1400511
-0.57801223 -10.003355 2.1432369
-0.53703153 -10.003358 2.1413207
-0.49548006 -10.003361 2.1393781
-0.46739078 -10.003362 2.1380649
-0.42670959 -10.003365 2.1384275
-0.38132143 -10.003367 2.1393535
-0.33720326 -10.00337 2.1426897
-0.29244661 -10.003373 2.1406841
-0.26217508 -10.003375 2.139328
-0.23157072 -10.003377 2.1379566
-3.3016422 -9.9865284 2.1395319
-2.3404317 -9.9881182 2.1381884
-3.5715775 -13.045868 2.1844428
-3.5715756 -13.002224 2.1759648
-3.5715733 -12.959286 2.1776896
-3.5715714 -12.917039 2.1793864
-3.5715692 -12.875463 2.1810565
-3.5715673 -12.834545 2.1826999
-3.5715652 -12.794269 2.1843176
-3.5715632 -12.754619 2.1762364
-3.5715613 -12.715581 2.1778791
-3.5715592 -12.677141 2.1794968
-3.5715566 -12.620644 2.1818738
-3.5715535 -12.565275 2.179548
-3.5715518 -12.529095 2.1811051
-3.5715501 -12.493448 2.1780519
-3.5715485 -12.458324 2.1795974
-3.5715466 -12.423711 2.1811199
-3.5715451 -12.389597 2.1781328
-3.571542 -12.339398 2.1803892
-3.5715399 -12.290147 2.1782103
-3.571538 -12.257927 2.1796894
-3.5715365 -12.226156 2.1811478
-3.5715339 -12.179375 2.1790087
-3.571532 -12.133445 2.1811609
-3.5715301 -12.103378 2.18257
-3.5715282 -12.057458 2.1782415
-3.5715261 -12.015577 2.1784241
-3.5715249 -11.987082 2.1798139
-3.5715222 -11.945084 2.1818624
-3.5715203 -11.90381 2.1838753
-3.5715184 -11.863417 2.1778762
-3.571516 -11.823709 2.179889
-3.5715146 -11.784831 2.1818595
-3.5715125 -11.735206 2.1787634
-3.5715098 -11.696776 2.1786723
-3.5715084 -11.660242 2.180594
-3.5715058 -11.611436 2.1811247
-3.5715039 -11.57742 2.1812391
-3.5715022 -11.543023 2.1794031
-3.5714996 -11.497045 2.1799324
-3.5714977 -11.454124 2.180656
-3.5714955 -11.411199 2.1794848
-3.5714939 -11.379615 2.1777451
-3.571492 -11.348619 2.1795237
-3.5714905 -11.308057 2.1818511
-3.5714881 -11.267496 2.1789062
-3.5714862 -11.220053 2.180162
-3.5714836 -11.172924 2.1796415
-3.5714819 -11.13615 2.1785591
-3.5714798 -11.100147 2.1807625
-3.5714781 -11.06422 2.181232
-3.571476 -11.021873 2.1791942
-3.5714736 -10.979228 2.1801991
-3.5714717 -10.939783 2.1803484
-3.5714693 -10.899029 2.1808231
-3.5714681 -10.860116 2.1803286
-3.5714657 -10.822076 2.1798499
-3.5714641 -10.784999 2.179379
-3.5714624 -10.74162 2.1803925
-3.5714595 -10.69944 2.179446
-3.5714574 -10.658412 2.1804302
-3.5714557 -10.618491 2.1795087
-3.5714543 -10.579077 2.1804223
-3.5714514 -10.541795 2.1795688
-3.5714493 -10.498914 2.1800547
-3.5714476 -10.456722 2.1795986
-3.5714455 -10.42254 2.1805303
-3.5714428 -10.382416 2.1796677
-3.5714417 -10.339488 2.1805747
-3.5714405 -10.297213 2.180172
-3.5714371 -10.25673 2.1791995
-3.5714345 -10.216026 2.1806052
-3.5714335 -10.17771 2.1796386
-3.5714324 -10.141373 2.1799066
-2.3489027 -10.131672 2.1789467
-3.5714278 -10.099809 2.1803658
-2.3489034 -10.097854 2.1798494
-3.5714266 -10.060499 2.1793642
-2.3489044 -10.059952 2.1820247
-3.5698063 -10.017221 2.1800191
-3.5401711 -10.003179 2.1800005
-3.50071 -10.00318 2.1801548
-3.4606707 -10.00318 2.17963
-3.4182961 -10.00318 2.1801109
-3.3795028 -10.003183 2.1797903
-3.3409913 -10.003196 2.1800787
-3.3164191 -10.003193 2.1780202
-2.3489063 -10.021981 2.1785986
-2.2810404 -10.003249 2.1813126
-2.2560761 -10.00325 2.1798534
-2.2187653 -10.003251 2.1787128
-2.1783059 -10.003254 2.1802113
-2.1393957 -10.003255 2.1802351
-2.0996475 -10.00326 2.1802685
-2.0572891 -10.003263 2.1792767
-2.0148523 -10.003265 2.1806426
-1.9794393 -10.003266 2.1804221
-1.9419657 -10.003269 2.1804597
-1.8968841 -10.003271 2.1780443
-1.8585358 -10.003274 2.1798639
-1.819382 -10.003277 2.1817167
-1.7795022 -10.00328 2.1796579
-1.7387679 -10.003281 2.1775548
-1.697264 -10.003284 2.1834748
-1.6634274 -10.003287 2.1817937
-1.6203156 -10.00329 2.179652
-1.5763645 -10.003293 2.1774685
-1.5405136 -10.003295 2.1798713
-1.504054 -10.003297 2.1823151
-1.46697 -10.003299 2.1805451
-1.419678 -10.003302 2.1782877
-1.3714212 -10.003304 2.1803331
-1.332021 -10.003307 2.1784909
-1.2919194 -10.00331 2.1810422
-1.2510972 -10.003312 2.1791732
-1.2200193 -10.003315 2.1822462
-1.1884699 -10.003317 2.1808326
-1.1457586 -10.003319 2.1789188
-1.1010357 -10.003322 2.1794825
-1.0579371 -10.003325 2.1796379
-1.0127816 -10.003327 2.1823564
-0.9783783 -10.00333 2.1808817
-0.9434247 -10.003332 2.179384
-0.89606744 -10.003335 2.1773539
-0.85997343 -10.003337 2.175807
-0.82465559 -10.00334 2.1813498
-0.7735647 -10.003343 2.1819654
-0.73565161 -10.003345 2.1804144
-0.69710207 -10.003348 2.1788375
-0.65803146 -10.00335 2.1772389
-0.62019962 -10.003352 2.177875
-0.57801223 -10.003355 2.1842082
-0.53703153 -10.003358 2.1826115
-0.49548006 -10.003361 2.1809924
-0.46739078 -10.003362 2.1798978
-0.42466044 -10.003365 2.1782331
-0.38132119 -10.003367 2.1765444
-0.33720326 -10.00337 2.1801813
-0.29244661 -10.003373 2.1784813
-0.26217508 -10.003375 2.1827602
-0.23157072 -10.003377 2.1816273
-3.3013287 -9.9864454 2.1794028
-2.3404317 -9.9881182 2.1788716
-3.5715778 -13.045868 2.2202513
-3.5715756 -13.002224 2.2165549
-3.5715733 -12.959286 2.2179511
-3.5715714 -12.917039 2.2193251
-3.5715692 -12.875463 2.2206767
-3.5715673 -12.834545 2.2220073
-3.5715652 -12.794269 2.2233169
-3.5715632 -12.754619 2.2197692
-3.5715613 -12.715581 2.2162762
-3.5715592 -12.677141 2.2175999
-3.5715566 -12.620644 2.2195449
-3.5715535 -12.565275 2.2214513
-3.5715518 -12.529095 2.2226968
-3.5715499 -12.493448 2.219337
-3.5715485 -12.458324 2.2205796
-3.5715466 -12.423711 2.2218044
-3.5715449 -12.389597 2.218524
-3.571542 -12.339398 2.2203481
-3.5715401 -12.290147 2.2177453
-3.5715382 -12.257927 2.2189469
-3.5715365 -12.226156 2.2201321
-3.5715339 -12.179375 2.2218769
-3.571532 -12.133445 2.219347
-3.5715303 -12.103378 2.2204971
-3.5715282 -12.059084 2.2180197
-3.5715261 -12.015577 2.2197258
-3.5715249 -11.987082 2.2208431
-3.5715225 -11.945084 2.2224898
-3.5715203 -11.90381 2.2200851
-3.5715184 -11.863417 2.2177231
-3.571516 -11.823709 2.2193561
-3.5715146 -11.784831 2.2209544
-3.5715117 -11.732928 2.2209897
-3.5715101 -11.696776 2.2207506
-3.5715077 -11.660242 2.2184973
-3.5715058 -11.612507 2.220552
-3.5715039 -11.57742 2.2220619
-3.5715024 -11.543023 2.2198641
-3.5714998 -11.499064 2.2201502
-3.5714977 -11.454125 2.2201817
-3.5714953 -11.411199 2.218559
-3.5714939 -11.379615 2.2200089
-3.571492 -11.348619 2.2214317
-3.57149 -11.308057 2.21984
-3.5714881 -11.268388 2.2182834
-3.5714862 -11.220052 2.2205951
-3.5714836 -11.172209 2.2210972
-3.5714819 -11.13615 2.2180288
-3.5714798 -11.100148 2.2198191
-3.5714777 -11.064893 2.2215724
-3.5714765 -11.022722 2.2195396
-3.5714741 -10.979866 2.2195215
-3.5714722 -10.938128 2.2205403
-3.5714695 -10.899028 2.2206337
-3.5714679 -10.860115 2.219655
-3.5714657 -10.822077 2.218704
-3.5714641 -10.784999 2.2207251
-3.5714619 -10.741622 2.2201877
-3.5714595 -10.69944 2.219646
-3.5714571 -10.6578 2.2209706
-3.5714555 -10.618492 2.2186253
-3.571454 -10.579632 2.2208927
-3.5714512 -10.542335 2.2195227
-3.5714493 -10.498294 2.2195451
-3.5714476 -10.457253 2.2201126
-3.5714457 -10.423059 2.2205501
-3.5714428 -10.383157 2.2195098
-3.5714417 -10.339663 2.2203894
-3.5714405 -10.297214 2.2199612
-3.5714369 -10.256424 2.2195804
-3.5714345 -10.2166 2.2203841
-3.5714338 -10.178543 2.2200189
-3.5714324 -10.140295 2.2195859
-2.3489027 -10.132182 2.2201166
-3.5714278 -10.100832 2.2203872
-2.3489034 -10.097854 2.2216923
-3.5714269 -10.060867 2.2195058
-2.3489041 -10.059952 2.2199819
-3.5697801 -10.017129 2.2196667
-3.5401711 -10.003179 2.2202494
-3.5013335 -10.00318 2.2194369
-3.4600203 -10.003179 2.2201333
-3.4173303 -10.003181 2.2201886
-3.3805459 -10.003182 2.2203948
-3.3406692 -10.003195 2.2193241
-3.3164194 -10.003193 2.219738
-2.348906 -10.022857 2.2183049
-2.2810407 -10.003248 2.2194004
-2.2560761 -10.003249 2.2216957
-2.2180102 -10.003251 2.2199156
-2.1798971 -10.003254 2.2191854
-2.1393957 -10.003257 2.2198405
-2.0979898 -10.00326 2.2205188
-2.0572889 -10.003263 2.2197621
-2.0148525 -10.003265 2.2215822
-1.9787767 -10.003266 2.2200012
-1.9419658 -10.003268 2.2183876
-1.8959912 -10.003271 2.2190859
-1.8585358 -10.003274 2.2224784
-1.819382 -10.003277 2.2208388
-1.7795022 -10.00328 2.2191684
-1.7387677 -10.003281 2.2174623
-1.6963316 -10.003284 2.221961
-1.6634274 -10.003287 2.222435
-1.6203156 -10.00329 2.2207131
-1.5763645 -10.003293 2.2189579
-1.5405138 -10.003295 2.2175262
-1.504054 -10.003297 2.2202895
-1.4659309 -10.0033 2.2211733
-1.419678 -10.003302 2.2213035
-1.3714211 -10.003304 2.2194703
-1.332021 -10.003308 2.2179732
-1.2919195 -10.00331 2.220876
-1.2510972 -10.003312 2.2193649
-1.2200193 -10.003315 2.2182145
-1.187294 -10.003317 2.2195237
-1.1457586 -10.003319 2.2200341
-1.1034751 -10.003322 2.2205644
-1.0579371 -10.003325 2.2215228
-1.0127816 -10.003327 2.2199395
-0.9783783 -10.00333 2.2187331
-0.9434247 -10.003332 2.2175076
-0.89473915 -10.003335 2.2184799
-0.85997343 -10.003337 2.2194278
-0.82328796 -10.003341 2.2230599
-0.77356464 -10.003343 2.2214129
-0.73565149 -10.003345 2.2201571
-0.69710207 -10.003348 2.2188807
-0.65803146 -10.00335 2.2175865
-0.61829448 -10.003352 2.2162704
-0.57801223 -10.003355 2.2200577
-0.53703153 -10.003358 2.223902
-0.49548006 -10.003361 2.2226067
-0.46739078 -10.003362 2.2217312
-0.42466044 -10.003365 2.2203991
-0.38132095 -10.003367 2.2190483
-0.33720326 -10.00337 2.2176733
-0.29244661 -10.003373 2.2162781
-0.26217508 -10.003375 2.2207634
-0.23157072 -10.003377 2.2198393
-3.3020689 -9.9866867 2.2204456
-2.3404315 -9.9881182 2.2195537
-3.5715775 -13.045868 2.2560601
-3.5715756 -13.002224 2.2571452
-3.5715733 -12.959286 2.2582128
-3.5715714 -12.917039 2.2592635
-3.5715692 -12.875463 2.2602971
-3.5715673 -12.834545 2.2613146
-3.5715652 -12.794269 2.2623162
-3.5715632 -12.754619 2.2633021
-3.5715613 -12.715581 2.2594731
-3.5715592 -12.677141 2.2604656
-3.5715568 -12.620644 2.2572157
-3.5715535 -12.565275 2.2586985
-3.5715518 -12.529096 2.2596674
-3.5715501 -12.493448 2.2606218
-3.5715485 -12.458324 2.2615623
-3.5715466 -12.423711 2.2624891
-3.5715451 -12.389597 2.2589149
-3.5715423 -12.339398 2.2603071
-3.5715401 -12.290147 2.261673
-3.5715382 -12.257927 2.2582047
-3.5715365 -12.226156 2.2591162
-3.5715342 -12.179375 2.2604585
-3.571532 -12.133445 2.2575333
-3.5715301 -12.103378 2.2584248
-3.5715282 -12.059084 2.2597377
-3.5715261 -12.015577 2.2610278
-3.5715249 -11.987082 2.2618725
-3.5715225 -11.945084 2.2631178
-3.5715203 -11.90381 2.2562947
-3.5715179 -11.863417 2.2575696
-3.571516 -11.823709 2.2588229
-3.5715141 -11.784832 2.2600498
-3.5715115 -11.734067 2.2616518
-3.5715098 -11.696776 2.2628288
-3.5715082 -11.660241 2.2601914
-3.5715058 -11.612507 2.2579989
-3.5715039 -11.57742 2.2591734
-3.5715022 -11.543023 2.260325
-3.5714996 -11.497045 2.2598867
-3.5714977 -11.454124 2.2597072
-3.5714953 -11.411199 2.2611849
-3.5714939 -11.379615 2.2622726
-3.571492 -11.348619 2.2598476
-3.5714905 -11.308057 2.2578292
-3.5714881 -11.268388 2.2592709
-3.5714862 -11.220053 2.2610273
-3.5714836 -11.172924 2.2627401
-3.5714817 -11.13615 2.2574983
-3.5714798 -11.100148 2.2588754
-3.5714781 -11.064892 2.2602241
-3.5714757 -11.02098 2.2607384
-3.5714743 -10.979866 2.2603371
-3.5714722 -10.938976 2.2588398
-3.5714693 -10.899029 2.2604446
-3.5714679 -10.860116 2.2589824
-3.5714657 -10.822076 2.2605469
-3.5714641 -10.78573 2.2611594
-3.5714622 -10.740907 2.2589402
-3.5714595 -10.699441 2.2598469
-3.5714574 -10.658412 2.2616131
-3.571456 -10.61909 2.2587361
-3.571454 -10.579632 2.2594891
-3.5714514 -10.54123 2.2602303
-3.5714493 -10.498918 2.260438
-3.5714478 -10.457253 2.2597106
-3.571445 -10.422042 2.2595506
-3.5714428 -10.383156 2.2606139
-3.5714417 -10.339317 2.2595403
-3.5714405 -10.297213 2.2597501
-3.5714364 -10.25568 2.2605245
-3.5714343 -10.217045 2.2595775
-3.5714338 -10.17771 2.260304
-3.5714324 -10.140834 2.260515
-2.3489022 -10.132691 2.2613027
-3.5714278 -10.09958 2.2594075
-2.3489037 -10.097854 2.2600484
-3.5714269 -10.060867 2.2601995
-2.3489039 -10.059952 2.2579389
-3.5698066 -10.01722 2.2593255
-3.5401716 -10.003179 2.2604983
-3.5007987 -10.00318 2.259423
-3.4594002 -10.00318 2.2603772
-3.4182956 -10.00318 2.2601733
-3.3800247 -10.003181 2.2598937
-3.3407907 -10.003193 2.2599428
-3.3164194 -10.003193 2.261456
-2.348906 -10.022858 2.2592876
-2.2810404 -10.003249 2.257488
-2.2560761 -10.00325 2.2600508
-2.2172565 -10.003251 2.2611434
-2.1791258 -10.003252 2.2608395
-2.1393957 -10.003257 2.2594461
-2.0996475 -10.00326 2.2603314
-2.0572889 -10.003263 2.2602472
-2.0148525 -10.003264 2.2588005
-1.9781142 -10.003266 2.2596014
-1.9419659 -10.003269 2.2601082
-1.8978326 -10.003271 2.2610495
-1.8585355 -10.003274 2.2612195
-1.8193818 -10.003277 2.2599607
-1.7795022 -10.00328 2.2586792
-1.7387679 -10.003282 2.2573695
-1.6981962 -10.003284 2.2578609
-1.6634274 -10.003287 2.2630763
-1.6203156 -10.00329 2.2617745
-1.5763648 -10.003293 2.2604473
-1.5405138 -10.003295 2.2593644
-1.5040538 -10.003297 2.2582636
-1.4680089 -10.0033 2.2590706
-1.4196779 -10.003303 2.2600176
-1.371421 -10.003304 2.2586071
-1.332021 -10.003308 2.2618427
-1.2919195 -10.00331 2.26071
-1.2510972 -10.003312 2.2595568
-1.2200193 -10.003315 2.2586789
-1.1896454 -10.003317 2.2598374
-1.1457586 -10.003319 2.2611494
-1.1022553 -10.003321 2.259963
-1.0579371 -10.003325 2.2587543
-1.0127816 -10.003327 2.2575228
-0.9783783 -10.00333 2.2565844
-0.9434247 -10.003332 2.2603967
-0.89739555 -10.003335 2.2613297
-0.85997343 -10.003337 2.2630484
-0.82328796 -10.003341 2.2621193
-0.7735647 -10.003343 2.2608602
-0.73565149 -10.003345 2.2599001
-0.69710207 -10.003348 2.258924
-0.65803146 -10.00335 2.2579341
-0.61829448 -10.003352 2.256928
-0.57801223 -10.003355 2.2559075
-0.53703153 -10.003358 2.260031
-0.49548006 -10.003361 2.2642212
-0.46739078 -10.003362 2.2635643
-0.42466044 -10.003365 2.2625654
-0.38132095 -10.003367 2.2615523
-0.33720326 -10.00337 2.2605207
-0.29244661 -10.003373 2.2594745
-0.26217508 -10.003375 2.2587669
-0.23157072 -10.003377 2.2580514
-3.3018215 -9.9864845 2.2612097
-2.3404315 -9.9881172 2.2602358
-3.5715775 -13.045868 2.2969842
-3.5715756 -13.002224 2.2977355
-3.5715733 -12.959286 2.2984748
-3.5715714 -12.917039 2.299202
-3.5715692 -12.875463 2.2999177
-3.5715671 -12.834545 2.300622
-3.5715652 -12.794269 2.3013153
-3.5715632 -12.754619 2.3019979
-3.5715613 -12.715581 2.30267
-3.5715592 -12.677141 2.3033316
-3.5715566 -12.620644 2.2995954
-3.5715535 -12.565275 2.3006015
-3.5715518 -12.529096 2.3012588
-3.5715501 -12.493448 2.2973194
-3.5715485 -12.458324 2.2979913
-3.5715466 -12.423711 2.2986531
-3.5715449 -12.389597 2.2993059
-3.571542 -12.339398 2.300266
-3.5715399 -12.290147 2.301208
-3.5715382 -12.257927 2.2974625
-3.5715365 -12.226156 2.2981005
-3.5715339 -12.179375 2.2990398
-3.571532 -12.133445 2.2999625
-3.5715301 -12.103378 2.3005662
-3.5715282 -12.059084 2.301456
-3.5715261 -12.015577 2.3023295
-3.5715249 -11.987082 2.302902
-3.5715227 -11.946626 2.3019147
-3.5715203 -11.90381 2.2965279
-3.5715184 -11.863417 2.2974162
-3.571516 -11.823709 2.2982898
-3.5715141 -11.784832 2.2991447
-3.5715117 -11.734068 2.3002615
-3.5715098 -11.696776 2.3010817
-3.5715084 -11.660242 2.3018854
-3.5715058 -11.612507 2.2991905
-3.5715039 -11.57742 2.2999959
-3.5715024 -11.543023 2.3007853
-3.5714998 -11.499064 2.3001468
-3.5714974 -11.454124 2.2992327
-3.5714955 -11.411199 2.3002591
-3.5714939 -11.379614 2.3010142
-3.571492 -11.348619 2.2982628
-3.5714905 -11.308057 2.2992713
-3.5714881 -11.268387 2.3002579
-3.5714862 -11.220051 2.3014596
-3.5714836 -11.172923 2.3026319
-3.5714819 -11.13685 2.2987249
-3.5714798 -11.100148 2.2979321
-3.5714777 -11.064892 2.298876
-3.571476 -11.021873 2.3000278
-3.5714738 -10.979866 2.3011529
-3.5714717 -10.938976 2.2991471
-3.5714691 -10.899028 2.3002553
-3.5714679 -10.860116 2.3013344
-3.5714657 -10.822076 2.2994006
-3.5714641 -10.784228 2.2994034
-3.5714624 -10.741621 2.2987974
-3.5714591 -10.69944 2.3000476
-3.5714574 -10.658412 2.301264
-3.571456 -10.617919 2.3005254
-3.5714533 -10.580215 2.2990744
-3.5714514 -10.541795 2.2992799
-3.5714495 -10.498916 2.3006332
-3.5714481 -10.457253 2.2993083
-3.5714452 -10.42254 2.300437
-3.5714426 -10.383692 2.3011239
-3.5714417 -10.338966 2.2986753
-3.5714402 -10.297214 2.2995386
-3.5714366 -10.256272 2.3009486
-3.5714345 -10.216182 2.300473
-3.5714338 -10.178571 2.2995274
-3.5714324 -10.140835 2.3002481
-2.3489025 -10.13164 2.2997663
-3.5714278 -10.100214 2.2994258
-2.3489034 -10.097854 2.2984042
-3.5714269 -10.060867 2.3008935
-2.3489039 -10.059953 2.2993472
-3.5698066 -10.017221 2.2992969
-3.5401716 -10.003179 2.3007474
-3.5007989 -10.00318 2.3003626
-3.4606221 -10.00318 2.2996461
-3.4178252 -10.003181 2.2995651
-3.3797469 -10.003181 2.3001895
-3.3415165 -10.003193 2.3008504
-3.3164194 -10.003193 2.30072
-2.3489065 -10.022858 2.3002691
-2.2810404 -10.003249 2.2990382
-2.2560759 -10.003249 2.2984061
-2.2188106 -10.003251 2.2996683
-2.1791255 -10.003253 2.300019
-2.1393955 -10.003257 2.2990515
-2.0979898 -10.003261 2.3006175
-2.0572886 -10.003264 2.3007326
-2.0148525 -10.003265 2.2997406
-1.9794393 -10.003266 2.3006234
-1.9419658 -10.003268 2.3018296
-1.8968842 -10.003271 2.3008194
-1.8585355 -10.003274 2.2999604
-1.819382 -10.003277 2.2990832
-1.7795022 -10.00328 2.2981896
-1.7387679 -10.003282 2.297277
-1.697264 -10.003284 2.2963471
-1.6624799 -10.003287 2.3018951
-1.6203154 -10.00329 2.302835
-1.5763648 -10.003293 2.3019364
-1.5405138 -10.003295 2.3012033
-1.5040536 -10.003296 2.3004572
-1.4669698 -10.003299 2.2996991
-1.419678 -10.003302 2.2987313
-1.371421 -10.003304 2.2977443
-1.3320208 -10.003307 2.3013251
-1.2919195 -10.00331 2.300544
-1.2510971 -10.003312 2.2997487
-1.2200193 -10.003315 2.2991433
-1.1884699 -10.003317 2.2985284
-1.1457586 -10.003319 2.2976966
-1.1010354 -10.003322 2.2993927
-1.0579371 -10.003325 2.3006394
-1.0127817 -10.003327 2.2998037
-0.9783783 -10.00333 2.2991672
-0.94342458 -10.003332 2.3032858
-0.89606738 -10.003334 2.3024554
-0.85997343 -10.003337 2.3018227
-0.82328796 -10.00334 2.3011794
-0.77356452 -10.003343 2.3003075
-0.73565149 -10.003345 2.2996428
-0.69710207 -10.003348 2.2989669
-0.65803146 -10.00335 2.2982817
-0.61829448 -10.003352 2.297585
-0.57801217 -10.003355 2.2968788
-0.53703153 -10.003357 2.2961605
-0.49548006 -10.003361 2.3006334
-0.46739078 -10.003362 2.3001683
-0.42466044 -10.003366 2.2994606
-0.38132095 -10.003367 2.3040562
-0.33720326 -10.00337 2.3033686
-0.29244661 -10.003373 2.302671
-0.26217508 -10.003375 2.3021991
-0.23157072 -10.003377 2.3017223
-3.3016422 -9.9865274 2.3007758
-2.3404315 -9.9881172 2.3009183
-3.5715775 -13.045868 2.3379083
-3.5715756 -13.002224 2.3383257
-3.5715733 -12.959286 2.3387363
-3.5715714 -12.917039 2.3391404
-3.5715692 -12.875463 2.3395379
-3.5715671 -12.834545 2.3399293
-3.5715652 -12.794269 2.3403144
-3.5715632 -12.754619 2.340694
-3.5715613 -12.715581 2.3410673
-3.5715592 -12.677141 2.3414347
-3.5715566 -12.620644 2.3419752
-3.5715535 -12.565275 2.3425045
-3.5715518 -12.529096 2.3428507
-3.5715499 -12.493449 2.3386045
-3.5715485 -12.458324 2.338974
-3.5715466 -12.423711 2.3393381
-3.5715451 -12.389597 2.3396969
-3.571542 -12.339398 2.3402247
-3.5715401 -12.290147 2.3407431
-3.5715382 -12.257927 2.3410821
-3.5715365 -12.226156 2.3414164
-3.5715339 -12.179375 2.3419085
-3.571532 -12.133445 2.3423915
-3.5715301 -12.103378 2.3427081
-3.5715282 -12.059084 2.3431737
-3.5715261 -12.015577 2.3395014
-3.5715246 -11.987082 2.3398283
-3.5715222 -11.943542 2.3380785
-3.5715203 -11.90381 2.3367608
-3.5715184 -11.863417 2.3372626
-3.571516 -11.823709 2.3377566
-3.5715146 -11.784831 2.3382399
-3.5715115 -11.734068 2.3388715
-3.5715098 -11.696776 2.339335
-3.5715079 -11.660242 2.3397889
-3.5715058 -11.612507 2.3403826
-3.5715039 -11.57742 2.3408189
-3.5715022 -11.543023 2.3412464
-3.5714996 -11.497045 2.3398409
-3.5714977 -11.454124 2.3387582
-3.5714953 -11.411199 2.3393328
-3.5714939 -11.379615 2.339756
-3.571492 -11.348619 2.3401711
-3.5714905 -11.308057 2.340714
-3.5714881 -11.268388 2.3412449
-3.5714862 -11.220053 2.3418922
-3.5714834 -11.172923 2.3425233
-3.5714812 -11.135451 2.3412585
-3.5714798 -11.100149 2.3402431
-3.5714777 -11.065563 2.3392565
-3.571476 -11.021873 2.3381858
-3.5714741 -10.979866 2.338829
-3.5714717 -10.938976 2.3394547
-3.5714695 -10.899029 2.340066
-3.5714679 -10.860115 2.3406613
-3.5714657 -10.822077 2.3382545
-3.5714641 -10.784999 2.3388574
-3.5714619 -10.741621 2.3395629
-3.5714595 -10.699437 2.3402483
-3.5714574 -10.658412 2.3409154
-3.5714557 -10.618491 2.3415647
-3.5714536 -10.579077 2.3402915
-3.5714512 -10.541796 2.3400905
-3.5714493 -10.498918 2.3408291
-3.5714476 -10.457788 2.3398602
-3.5714452 -10.422541 2.3395369
-3.5714431 -10.382585 2.3395586
-3.5714417 -10.339489 2.3385193
-3.5714405 -10.297214 2.3393276
-3.5714374 -10.256271 2.3401105
-3.5714343 -10.2166 2.3408694
-3.5714338 -10.177732 2.3397858
-3.5714328 -10.140834 2.3399813
-2.348902 -10.132182 2.3327477
-3.5714278 -10.100213 2.3407972
-2.3489037 -10.097855 2.3332734
-3.5714269 -10.060866 2.3415873
-2.3489044 -10.059952 2.3338532
-3.5697803 -10.016996 2.3389328
-3.5400226 -10.003179 2.3404515
-3.5007987 -10.00318 2.3413014
-3.4600201 -10.003179 2.3404675
-3.4178255 -10.00318 2.3396041
-3.3803251 -10.003182 2.3407922
-3.3409917 -10.003195 2.3404622
-3.3164196 -10.003193 2.3399839
-2.348906 -10.022858 2.3344212
-2.2810404 -10.003249 2.3405886
-2.2560759 -10.003249 2.3402481
-2.2180099 -10.003251 2.3397288
-2.1791255 -10.003253 2.3391986
-2.1393957 -10.003255 2.3386567
-2.0996475 -10.003261 2.340394
-2.0572889 -10.003263 2.3412178
-2.0148523 -10.003265 2.3406804
-1.9787766 -10.003266 2.3402238
-1.9419658 -10.003269 2.3397572
-1.8968841 -10.003271 2.3391867
-1.8585355 -10.003274 2.3387008
-1.819382 -10.003277 2.3382049
-1.7795022 -10.00328 2.3377004
-1.7387679 -10.003282 2.3371842
-1.697264 -10.003284 2.336659
-1.6643748 -10.003287 2.3380523
-1.6203154 -10.003289 2.3397906
-1.5753771 -10.003292 2.3415749
-1.5405138 -10.003295 2.3430414
-1.5040535 -10.003297 2.3426509
-1.4669698 -10.003299 2.3422534
-1.4196779 -10.003302 2.3417468
-1.371421 -10.003304 2.3412297
-1.332021 -10.003308 2.3408074
-1.2919195 -10.00331 2.3403783
-1.2510971 -10.003312 2.3399405
-1.2200193 -10.003315 2.3396072
-1.1884696 -10.003317 2.3392694
-1.1457586 -10.003319 2.3388121
-1.1034746 -10.003322 2.3404126
-1.0579371 -10.003325 2.3425248
-1.0127816 -10.003327 2.3420849
-0.9783783 -10.00333 2.3417499
-0.94342458 -10.003332 2.3414092
-0.89606738 -10.003335 2.3409481
-0.85997343 -10.003337 2.3405964
-0.82328796 -10.003341 2.3402393
-0.77356446 -10.003342 2.3397546
-0.73565149 -10.003345 2.3393855
-0.69710207 -10.003348 2.3390102
-0.65803146 -10.00335 2.3386292
-0.61829448 -10.003352 2.3382425
-0.57801199 -10.003355 2.3378501
-0.53703153 -10.003357 2.3374507
-0.49548006 -10.003361 2.3370461
-0.46739078 -10.003362 2.3367724
-0.42466044 -10.003366 2.3363564
-0.38132095 -10.003367 2.3412468
-0.33720326 -10.00337 2.3408601
-0.29244661 -10.003373 2.3404677
-0.26217508 -10.003375 2.3402026
-0.23157072 -10.003377 2.3399343
-3.3016424 -9.9865274 2.3400152
-3.2591555 -9.9838171 2.3541863
-3.2195652 -9.983819 2.3536465
-3.1787302 -9.9838209 2.3530896
-3.1428418 -9.9838238 2.3532546
-3.0975053 -9.9838257 2.3567529
-3.0595322 -9.9838276 2.3568356
-3.0212495 -9.9838314 2.3563881
-2.9818883 -9.9838343 2.3559279
-2.9414029 -9.9838352 2.3554549
-2.8997445 -9.98384 2.3549676
-2.8612251 -9.9838409 2.3545175
-2.8216357 -9.9838428 2.3540547
-2.7810121 -9.9838476 2.35358
-2.7413259 -9.9838495 2.3534513
-2.6963241 -9.9838514 2.3556294
-2.6571491 -9.9838543 2.3552098
-2.6169777 -9.9838572 2.3547792
-2.5757713 -9.98386 2.3543377
-2.5388558 -9.983861 2.3539422
-2.4974086 -9.9838638 2.3556583
-2.4624019 -9.9838657 2.3563905
-2.4227986 -9.9838696 2.3560047
-2.3822951 -9.9838715 2.3556101
-2.3405278 -9.9869051 2.3406446
-3.5715775 -13.045868 2.3788326
-3.5715756 -13.002224 2.378916
-3.5715733 -12.959286 2.3789983
-3.5715714 -12.917039 2.3790789
-3.5715692 -12.875463 2.3791585
-3.5715671 -12.834545 2.3792369
-3.5715652 -12.79427 2.3793139
-3.5715632 -12.754619 2.3793898
-3.5715613 -12.715581 2.3794641
-3.5715592 -12.677141 2.3795378
-3.5715566 -12.620644 2.3796458
-3.5715535 -12.565275 2.3797519
-3.5715518 -12.529096 2.3798208
-3.5715499 -12.493449 2.3798892
-3.5715485 -12.458324 2.3799562
-3.5715466 -12.423711 2.3800228
-3.5715449 -12.389597 2.3800879
-3.571542 -12.339398 2.3801837
-3.5715399 -12.290147 2.3802781
-3.5715382 -12.257927 2.3803396
-3.5715365 -12.226156 2.3804004
-3.5715342 -12.179375 2.3804901
-3.571532 -12.133445 2.3805778
-3.5715303 -12.103378 2.3806355
-3.5715284 -12.059084 2.3807201
-3.5715261 -12.015577 2.3766732
-3.5715249 -11.987082 2.3767548
-3.5715225 -11.945084 2.3768754
-3.5715203 -11.90381 2.3769939
-3.5715184 -11.863417 2.3771095
-3.571516 -11.823709 2.3772235
-3.5715141 -11.784832 2.3773351
-3.571511 -11.734068 2.377481
-3.5715098 -11.696776 2.3775878
-3.5715079 -11.660242 2.3776927
-3.5715058 -11.612508 2.3778293
-3.5715039 -11.57742 2.3779302
-3.571502 -11.543023 2.3780286
-3.5714996 -11.497044 2.3801382
-3.5714977 -11.454124 2.3818772
-3.5714953 -11.411199 2.3819592
-3.5714939 -11.379615 2.3820198
-3.571492 -11.348619 2.3820789
-3.5714905 -11.308057 2.3821566
-3.5714881 -11.268388 2.3822324
-3.5714862 -11.220053 2.3823249
-3.5714836 -11.172923 2.3824153
-3.5714817 -11.13615 2.3824852
-3.5714798 -11.100147 2.3825543
-3.5714777 -11.064222 2.3808932
-3.5714757 -11.021873 2.379524
-3.5714738 -10.979866 2.3796446
-3.5714717 -10.938976 2.3797619
-3.5714691 -10.899031 2.3798766
-3.5714679 -10.860116 2.3799882
-3.5714657 -10.822076 2.3800976
-3.5714645 -10.784999 2.3802037
-3.5714619 -10.741621 2.3803282
-3.5714595 -10.699437 2.3804493
-3.5714574 -10.658412 2.3805668
-3.5714555 -10.618492 2.3806818
-3.5714533 -10.579632 2.3807926
-3.5714512 -10.541795 2.3809016
-3.5714493 -10.498917 2.3810248
-3.5714476 -10.456743 2.3793132
-3.5714457 -10.42254 2.3786371
-3.5714426 -10.383155 2.3787875
-3.5714417 -10.339489 2.3789549
-3.5714402 -10.297214 2.3791168
-3.5714366 -10.256271 2.3792729
-3.5714343 -10.2166 2.3794248
-3.5714338 -10.178138 2.3795719
-3.5714326 -10.140833 2.3797147
-3.5714278 -10.100213 2.3798699
-3.5714266 -10.060867 2.3800209
-3.5697803 -10.01686 2.3782518
-3.5407791 -10.00318 2.3789439
-3.5007985 -10.003181 2.3799665
-3.4600203 -10.00318 2.3798072
-3.4178255 -10.003181 2.3796427
-3.3800249 -10.003182 2.3794954
-3.3409925 -10.003194 2.3793435
-3.3041432 -10.00319 2.3872619
-3.2623827 -10.003192 2.3915701
-3.2228537 -10.003193 2.391609
-3.1820917 -10.0032 2.3916485
-3.1400375 -10.003201 2.3916893
-3.1003182 -10.003203 2.3917279
-3.0593734 -10.003204 2.3917682
-3.0172226 -10.003205 2.3918092
-2.9777601 -10.003208 2.3918474
-2.9371765 -10.00321 2.3918872
-2.8996708 -10.003213 2.3919234
-2.8611445 -10.003216 2.3919611
-2.8216331 -10.003219 2.3919997
-2.7810171 -10.00322 2.3920395
-2.7393334 -10.003222 2.3920801
-2.7012959 -10.003223 2.392117
-2.662312 -10.003226 2.3921549
-2.6223457 -10.003228 2.3921938
-2.5813606 -10.00323 2.3922338
-2.5393162 -10.003234 2.3922746
-2.5016468 -10.003235 2.3923116
-2.4630632 -10.003236 2.392349
-2.4178855 -10.003241 2.3923931
-2.3773735 -10.003242 2.3924322
-2.3418562 -10.003243 2.392467
-2.2957776 -10.003248 2.3883567
-2.2560759 -10.00325 2.3820903
-2.2180099 -10.003251 2.3820159
-2.1791255 -10.003253 2.3819404
-2.1393957 -10.003257 2.3818629
-2.0995994 -10.00326 2.3807111
-2.0572889 -10.003263 2.3780224
-2.0148523 -10.003264 2.3778985
-1.9787766 -10.003266 2.3777928
-1.9419658 -10.003268 2.3776853
-1.8968837 -10.003271 2.3775537
-1.8585355 -10.003274 2.3774416
-1.819382 -10.003278 2.377327
-1.7795022 -10.00328 2.3772106
-1.7387679 -10.003282 2.3770914
-1.697264 -10.003284 2.3769703
-1.6634271 -10.003287 2.3768716
-1.6203154 -10.00329 2.3767457
-1.577352 -10.003292 2.3784676
-1.5405134 -10.003295 2.3806963
-1.5040536 -10.003297 2.380625
-1.4669698 -10.0033 2.3805528
-1.4196777 -10.003303 2.3804607
-1.371421 -10.003304 2.3803668
-1.3320209 -10.003307 2.38029
-1.2919195 -10.00331 2.3802118
-1.251097 -10.003312 2.3801322
-1.2200193 -10.003315 2.3800719
-1.1884698 -10.003317 2.3800106
-1.1457586 -10.003319 2.3799274
-1.102255 -10.003322 2.3798425
-1.0579371 -10.003325 2.379756
-1.0127816 -10.003327 2.3796682
-0.9783783 -10.00333 2.379601
-0.94342458 -10.003332 2.3795328
-0.89606738 -10.003335 2.3794408
-0.85997343 -10.003337 2.3793702
-0.82328796 -10.00334 2.3792992
-0.77356446 -10.003343 2.3792021
-0.73565149 -10.003345 2.3791282
-0.69710207 -10.003348 2.3790531
-0.65803146 -10.00335 2.3789771
-0.61829448 -10.003353 2.3788996
-0.57801199 -10.003355 2.3788211
-0.53703153 -10.003358 2.3787415
-0.49548006 -10.003361 2.3786604
-0.46739078 -10.003362 2.3786056
-0.42466038 -10.003365 2.3785224
-0.38132095 -10.003367 2.378438
-0.33720326 -10.00337 2.3783519
-0.29244661 -10.003373 2.3782649
-0.26217508 -10.003375 2.378206
-0.23157072 -10.003377 2.3781462
-3.3016419 -9.9865246 2.3718967
-3.2591562 -9.9838152 2.3716252
-3.2195663 -9.9838219 2.3713555
-3.1787312 -9.9838228 2.3710768
-3.1401713 -9.9838247 2.3708138
-3.1015582 -9.9838247 2.3721831
-3.0595331 -9.9838266 2.3729496
-3.0212505 -9.9838276 2.372726
-2.9818897 -9.9838305 2.3724959
-2.9414053 -9.9838333 2.3722594
-2.8997469 -9.9838381 2.372016
-2.8612282 -9.98384 2.3717906
-2.8216395 -9.9838409 2.3715596
-2.7810161 -9.9838419 2.3713219
-2.739233 -9.9838438 2.3710778
-2.6963282 -9.9838486 2.370827
-2.6571534 -9.9838505 2.3705978
-2.616982 -9.9838543 2.3703635
-2.5757763 -9.9838562 2.3701224
-2.5388608 -9.9838572 2.3699069
-2.5026143 -9.983861 2.3710835
-2.4624076 -9.9838619 2.3727274
-2.4228046 -9.9838648 2.372534
-2.3823011 -9.9838676 2.3723371
-2.3407724 -9.9838705 2.3721349
-3.5715775 -13.045868 2.4197567
-3.5715756 -13.002224 2.4195063
-3.5715733 -12.959286 2.4192598
-3.5715714 -12.917039 2.4190176
-3.5715692 -12.875463 2.4187791
-3.5715671 -12.834545 2.4185441
-3.5715652 -12.79427 2.418313
-3.5715632 -12.754619 2.4180856
-3.5715613 -12.715581 2.4178615
-3.5715592 -12.677141 2.4176409
-3.5715566 -12.620644 2.4173169
-3.5715535 -12.565275 2.4169989
-3.5715518 -12.529096 2.4214127
-3.5715499 -12.493449 2.421174
-3.5715485 -12.458324 2.420939
-3.5715466 -12.423711 2.4207072
-3.5715451 -12.389597 2.4204788
-3.5715423 -12.339398 2.4201429
-3.5715401 -12.290147 2.4198132
-3.5715382 -12.257927 2.4195971
-3.5715365 -12.226156 2.4193847
-3.5715339 -12.179375 2.4190714
-3.571532 -12.133445 2.4187641
-3.5715301 -12.103378 2.4185627
-3.571528 -12.059084 2.4182661
-3.5715261 -12.015577 2.4179749
-3.5715249 -11.987082 2.4177842
-3.5715225 -11.945084 2.4175029
-3.5715203 -11.90381 2.4172268
-3.5715184 -11.863417 2.4169564
-3.571516 -11.823709 2.4166903
-3.5715141 -11.783664 2.4185483
-3.5715115 -11.734069 2.4199512
-3.5715101 -11.696776 2.4196661
-3.5715082 -11.660241 2.4193866
-3.5715055 -11.612508 2.4190214
-3.5715039 -11.57742 2.4187529
-3.5715024 -11.543023 2.4184897
-3.5714998 -11.499064 2.419801
-3.5714977 -11.454124 2.4214027
-3.5714955 -11.411199 2.4210334
-3.5714939 -11.379614 2.4207616
-3.5714924 -11.348619 2.4204946
-3.5714905 -11.308057 2.4201455
-3.5714881 -11.268389 2.4198041
-3.5714862 -11.220052 2.4227574
-3.5714836 -11.172923 2.4223068
-3.5714817 -11.13615 2.4219549
-3.5714798 -11.100147 2.4216108
-3.5714779 -11.064892 2.4212735
-3.5714755 -11.021873 2.4208622
-3.5714738 -10.979866 2.4204605
-3.5714717 -10.938976 2.4200692
-3.5714693 -10.899029 2.4196875
-3.5714684 -10.860116 2.4193151
-3.5714657 -10.822076 2.4219401
-3.5714641 -10.784999 2.4215503
-3.5714619 -10.741621 2.4210935
-3.5714598 -10.699438 2.42065
-3.5714574 -10.658412 2.4202182
-3.5714562 -10.618491 2.4197984
-3.5714536 -10.579632 2.4193892
-3.5714514 -10.541796 2.4189916
-3.5714493 -10.498112 2.4199548
-3.5714476 -10.457254 2.4207418
-3.5714457 -10.422541 2.4203439
-3.5714428 -10.383156 2.4198918
-3.5714417 -10.339489 2.4193904
-3.5714405 -10.297215 2.4189053
-3.5714369 -10.256272 2.4184353
-3.5714345 -10.2166 2.4203901
-3.571434 -10.17814 2.4199114
-3.5714328 -10.140833 2.4194477
-3.5714278 -10.100214 2.4189429
-3.5714269 -10.060867 2.4184535
-3.5697083 -10.016627 2.4189303
-3.5401714 -10.003179 2.4181323
-3.5007989 -10.00318 2.4186308
-3.4600208 -10.003179 2.4191475
-3.4178252 -10.00318 2.4196818
-3.3800244 -10.003181 2.4201601
-3.3416121 -10.003193 2.4193239
-3.3007329 -10.003197 2.418695
-3.2623832 -10.003197 2.4191434
-3.2228527 -10.003198 2.4196053
-3.1820917 -10.003202 2.4200814
-3.1400373 -10.003203 2.420573
-3.1003184 -10.003203 2.4210374
-3.0593727 -10.003204 2.4188116
-3.0172222 -10.003205 2.4192626
-2.9777601 -10.003206 2.4196863
-2.9371762 -10.003207 2.4201207
-2.8996708 -10.003213 2.4205229
-2.861145 -10.003214 2.4209354
-2.8216331 -10.003218 2.4213593
-2.7810178 -10.00322 2.4217947
-2.7393339 -10.003221 2.419225
-2.7012961 -10.003222 2.4195955
-2.6623118 -10.003224 2.419975
-2.6223462 -10.003231 2.4203644
-2.5813608 -10.003232 2.4207637
-2.5393159 -10.003234 2.4211733
-2.501647 -10.003235 2.4215403
-2.4630632 -10.003236 2.4219158
-2.4178855 -10.003238 2.4223564
-2.3773735 -10.00324 2.4227505
-2.342603 -10.003244 2.420959
-2.2994618 -10.003248 2.4200652
-2.2560763 -10.003249 2.4204454
-2.2180099 -10.003251 2.420779
-2.1791255 -10.003253 2.4211199
-2.139396 -10.003256 2.421468
-2.0979373 -10.003261 2.4204619
-2.0572889 -10.003263 2.4185073
-2.0148523 -10.003265 2.4188383
-1.9787766 -10.003266 2.4191196
-1.9419659 -10.003268 2.4194059
-1.8968838 -10.00327 2.4197576
-1.8585356 -10.003274 2.4200566
-1.820313 -10.003278 2.419199
-1.7795022 -10.00328 2.4167211
-1.7387677 -10.003282 2.4169989
-1.697264 -10.003284 2.4172819
-1.663427 -10.003287 2.4175127
-1.6203154 -10.00329 2.4178069
-1.5763648 -10.003293 2.4181063
-1.5405135 -10.003295 2.4183507
-1.5040537 -10.003296 2.4185996
-1.46697 -10.003299 2.4188523
-1.419678 -10.003302 2.4191747
-1.3714209 -10.003304 2.4195039
-1.332021 -10.003308 2.4197724
-1.2919194 -10.00331 2.4200461
-1.251097 -10.003312 2.4203238
-1.2200193 -10.003315 2.4205363
-1.1884698 -10.003318 2.4207513
-1.1457586 -10.003319 2.4210422
-1.102255 -10.003322 2.421339
-1.0579371 -10.003325 2.4169874
-1.0127816 -10.003327 2.4172513
-0.9783783 -10.00333 2.4174523
-0.94342434 -10.003332 2.4176567
-0.89606738 -10.003335 2.4179335
-0.85997343 -10.003337 2.4181445
-0.82328796 -10.00334 2.4183586
-0.77356422 -10.003343 2.4186497
-0.73565149 -10.003345 2.4188709
-0.69710207 -10.003348 2.4190965
-0.65803146 -10.00335 2.4193244
-0.61829442 -10.003352 2.4195571
-0.57801199 -10.003355 2.4197924
-0.53703153 -10.003358 2.420032
-0.49548006 -10.003361 2.4202747
-0.46739078 -10.003362 2.420439
-0.42466021 -10.003365 2.4206886
-0.38132095 -10.003367 2.4209418
-0.33720326 -10.00337 2.4211998
-0.29244661 -10.003373 2.4214616
-0.26217508 -10.003375 2.4216383
-0.23157072 -10.003377 2.4218171
-3.5715775 -13.045868 2.460681
-3.5715756 -13.002224 2.4600966
-3.5715733 -12.959286 2.4595218
-3.5715714 -12.917039 2.458956
-3.5715692 -12.875463 2.4583993
-3.5715671 -12.834545 2.4578514
-3.5715652 -12.79427 2.4573121
-3.5715632 -12.754619 2.4567814
-3.5715613 -12.715581 2.4562585
-3.5715592 -12.677141 2.4605069
-3.5715566 -12.620644 2.4596963
-3.5715535 -12.565275 2.4589024
-3.5715518 -12.529096 2.4630046
-3.5715499 -12.493449 2.4624588
-3.5715482 -12.458324 2.4619215
-3.5715466 -12.423711 2.4613917
-3.5715449 -12.389597 2.4608698
-3.571542 -12.339398 2.4601016
-3.5715399 -12.290147 2.459348
-3.5715382 -12.257927 2.4588549
-3.5715365 -12.226156 2.4583688
-3.5715339 -12.179375 2.4619398
-3.571532 -12.133445 2.4611931
-3.5715301 -12.103378 2.4607043
-3.571528 -12.059084 2.4599843
-3.5715261 -12.015577 2.4592767
-3.5715249 -11.987082 2.4588134
-3.5715225 -11.945084 2.4581311
-3.5715203 -11.90381 2.4574597
-3.5715179 -11.863417 2.4568031
-3.571516 -11.823709 2.460104
-3.5715144 -11.785999 2.4612262
-3.5715117 -11.734067 2.4624221
-3.5715098 -11.696777 2.4617443
-3.5715077 -11.660242 2.4610806
-3.5715058 -11.612507 2.4602132
-3.5715039 -11.57742 2.4595754
-3.571502 -11.543023 2.4589505
-3.5714996 -11.497045 2.4600923
-3.5714972 -11.454124 2.4609282
-3.5714953 -11.411199 2.4601071
-3.5714939 -11.379615 2.4595032
-3.571492 -11.348619 2.4589102
-3.5714905 -11.308057 2.4581344
-3.5714881 -11.268388 2.4573758
-3.571486 -11.218861 2.4610534
-3.5714836 -11.172923 2.4621983
-3.5714817 -11.13615 2.4614248
-3.5714798 -11.100148 2.4606671
-3.5714779 -11.064893 2.4599254
-3.5714755 -11.021874 2.4590206
-3.5714743 -10.979229 2.4598093
-3.5714717 -10.938976 2.4603767
-3.5714691 -10.899028 2.4594977
-3.5714681 -10.860116 2.458642
-3.5714657 -10.822076 2.460794
-3.5714641 -10.785 2.4599431
-3.5714619 -10.741621 2.4618592
-3.5714598 -10.699439 2.4608505
-3.5714569 -10.658412 2.4598696
-3.5714562 -10.618491 2.4589155
-3.5714538 -10.579052 2.4589703
-3.5714512 -10.541796 2.4598024
-3.5714495 -10.499722 2.4600015
-3.5714474 -10.457254 2.46034
-3.5714457 -10.422021 2.4603739
-3.5714428 -10.383156 2.4609954
-3.5714417 -10.339488 2.4598262
-3.5714402 -10.297214 2.4586942
-3.5714364 -10.255839 2.459471
-3.5714343 -10.216599 2.4613552
-3.5714338 -10.17814 2.4602518
-3.5714324 -10.140418 2.4598031
-3.5714278 -10.100214 2.4603145
-3.5714269 -10.060868 2.4591475
-3.5698318 -10.017178 2.4601119
-3.5401716 -10.003179 2.4583809
-3.5007985 -10.00318 2.4595704
-3.4602945 -10.003179 2.4605298
-3.4178255 -10.003181 2.4597204
-3.3800249 -10.003182 2.460825
-3.3403828 -10.003192 2.4605196
-3.301053 -10.003197 2.4586449
-3.2623827 -10.003197 2.4592488
-3.2228529 -10.003198 2.4603274
-3.1824598 -10.003202 2.4610415
-3.1400375 -10.003202 2.4599605
-3.1003184 -10.003203 2.4610052
-3.0593729 -10.003204 2.4593775
-3.0176222 -10.003205 2.4599395
-2.9777601 -10.003206 2.4586601
-2.9371767 -10.003207 2.4596493
-2.8996711 -10.003214 2.4605622
-2.861145 -10.003214 2.4615006
-2.8223176 -10.003219 2.4610863
-2.7810171 -10.003218 2.4604759
-2.7393336 -10.003222 2.4584343
-2.7012963 -10.003222 2.4592862
-2.6623118 -10.003225 2.4601595
-2.6229093 -10.003231 2.4603441
-2.5813606 -10.003233 2.4588034
-2.5393162 -10.003234 2.4597042
-2.5016468 -10.003235 2.4605112
-2.4630632 -10.003236 2.4613385
-2.4178855 -10.003238 2.4623065
-2.3781049 -10.003241 2.4610503
-2.3411539 -10.003244 2.4581404
-2.2994616 -10.003249 2.4579551
-2.2560759 -10.00325 2.4588008
-2.2180099 -10.003251 2.4595423
-2.1791255 -10.003253 2.4602995
-2.1393957 -10.003257 2.4610736
-2.0996475 -10.003261 2.459569
-2.0572889 -10.003263 2.4589927
-2.0148523 -10.003265 2.4597783
-1.9787766 -10.003266 2.4604461
-1.9419658 -10.003268 2.4611273
-1.8968838 -10.003271 2.4619615
-1.8585355 -10.003274 2.4626713
-1.8183929 -10.003278 2.4619412
-1.7802345 -10.00328 2.4583704
-1.7387679 -10.003282 2.4569063
-1.697264 -10.003284 2.4575937
-1.6634271 -10.003287 2.458154
-1.6203156 -10.00329 2.4588678
-1.5763648 -10.003293 2.4595957
-1.5405133 -10.003295 2.4601893
-1.5040536 -10.003297 2.460793
-1.4669698 -10.003299 2.4614072
-1.4196779 -10.003302 2.4621899
-1.3714209 -10.003304 2.4586408
-1.332021 -10.003307 2.459255
-1.2919195 -10.00331 2.4598799
-1.251097 -10.003312 2.4605162
-1.2200193 -10.003315 2.4610004
-1.1884698 -10.003317 2.4614921
-1.1457586 -10.003319 2.462158
-1.102255 -10.003323 2.462836
-1.0579371 -10.003325 2.4588726
-1.0127817 -10.003327 2.4595325
-0.9783783 -10.00333 2.4600351
-0.94342434 -10.003332 2.460546
-0.89606738 -10.003334 2.4564261
-0.85997343 -10.003337 2.4569182
-0.82328796 -10.00334 2.4574187
-0.7735641 -10.003343 2.4580967
-0.73565149 -10.003345 2.4586139
-0.69710207 -10.003348 2.4591396
-0.65803146 -10.00335 2.4596725
-0.61829424 -10.003351 2.4602141
-0.57801199 -10.003355 2.4607635
-0.53703153 -10.003357 2.4613223
-0.49548006 -10.003361 2.461889
-0.46739078 -10.003362 2.4622722
-0.42466021 -10.003366 2.4628549
-0.38132095 -10.003367 2.4634459
-0.33931923 -10.00337 2.4617169
-0.29244661 -10.003373 2.4592583
-0.26217508 -10.003375 2.4596417
-0.23157072 -10.003377 2.4600291
-3.5715775 -13.045868 2.501605
-3.5715756 -13.002224 2.5006869
-3.5715733 -12.959286 2.4997833
-3.5715714 -12.917039 2.4988942
-3.5715692 -12.875463 2.4980199
-3.5715671 -12.834545 2.497159
-3.5715652 -12.79427 2.4963117
-3.571563 -12.75462 2.5003142
-3.5715613 -12.715581 2.4994552
-3.5715592 -12.677141 2.5033729
-3.5715566 -12.620644 2.5020759
-3.5715535 -12.565275 2.5008051
-3.5715518 -12.529096 2.4999747
-3.5715499 -12.493449 2.4991567
-3.5715482 -12.458324 2.4983504
-3.5715466 -12.423711 2.4975557
-3.5715451 -12.389597 2.5012608
-3.5715423 -12.339398 2.5000606
-3.5715401 -12.290147 2.498883
-3.5715382 -12.257927 2.4981124
-3.5715365 -12.226156 2.4973531
-3.5715342 -12.179375 2.5005214
-3.571532 -12.133445 2.4993794
-3.5715301 -12.103378 2.5028462
-3.571528 -12.059084 2.5017021
-3.5715261 -12.015577 2.5005786
-3.5715249 -11.987082 2.4998431
-3.5715222 -11.945084 2.4987583
-3.5715203 -11.90381 2.4976926
-3.5715179 -11.863417 2.4966495
-3.571516 -11.823709 2.5035176
-3.5715146 -11.784831 2.5024395
-3.571511 -11.734067 2.5010314
-3.5715098 -11.696777 2.4999974
-3.5715079 -11.660242 2.4989839
-3.5715058 -11.611435 2.4996669
-3.5715039 -11.57742 2.5003982
-3.571502 -11.543023 2.4994113
-3.5714996 -11.499064 2.4997976
-3.5714974 -11.454124 2.5004537
-3.5714955 -11.411199 2.4991813
-3.5714939 -11.379615 2.5017669
-3.5714922 -11.348619 2.5008183
-3.5714905 -11.308057 2.499577
-3.5714881 -11.268387 2.4983628
-3.5714862 -11.220053 2.4991179
-3.5714836 -11.172923 2.5020902
-3.5714817 -11.13615 2.5008943
-3.5714798 -11.100148 2.4997232
-3.5714781 -11.064892 2.4985771
-3.571476 -11.021022 2.4993706
-3.5714738 -10.980503 2.5004191
-3.5714717 -10.938976 2.5006838
-3.5714693 -10.899029 2.4993086
-3.5714681 -10.860116 2.5009937
-3.5714657 -10.822076 2.4996479
-3.5714641 -10.784999 2.4983361
-3.5714617 -10.740871 2.5007534
-3.5714598 -10.699437 2.5010512
-3.5714574 -10.658412 2.499521
-3.5714562 -10.617896 2.4990213
-3.5714543 -10.580187 2.500196
-3.5714519 -10.541796 2.500613
-3.5714493 -10.498294 2.4996417
-3.5714481 -10.457253 2.4999375
-3.5714457 -10.423036 2.4993534
-3.5714426 -10.382416 2.500865
-3.5714417 -10.339488 2.5002613
-3.5714405 -10.297213 2.4984829
-3.5714366 -10.25673 2.5010042
-3.5714345 -10.2166 2.4999101
-3.5714338 -10.177732 2.5000279
-3.5714328 -10.141227 2.4994636
-3.5714278 -10.099579 2.5003366
-3.5714269 -10.060868 2.4998419
-3.5698066 -10.017219 2.5004013
-3.5404179 -10.003179 2.4989221
-3.5007989 -10.00318 2.5005093
-3.4600177 -10.00318 2.5001361
-3.4178252 -10.00318 2.499759
-3.3803253 -10.003182 2.4995208
-3.3409925 -10.003189 2.5008461
-3.3009858 -10.003197 2.4993725
-3.2623825 -10.003198 2.4993551
-3.2228529 -10.003198 2.5010488
-3.1816888 -10.003202 2.4997444
-3.1400375 -10.003202 2.4993474
-3.1006954 -10.003203 2.5004756
-3.0593727 -10.003204 2.499943
-3.0167885 -10.003205 2.5010304
-2.9783926 -10.003206 2.4993641
-2.9371765 -10.003207 2.4991763
-2.8996708 -10.003212 2.5006013
-2.8616567 -10.003214 2.5015304
-2.8209484 -10.003219 2.4990692
-2.7810173 -10.00322 2.4991572
-2.7393336 -10.003222 2.5006599
-2.7018726 -10.003222 2.4998083
-2.6623118 -10.003224 2.5003448
-2.621738 -10.003231 2.5008869
-2.5813603 -10.003233 2.5000136
-2.5393162 -10.003234 2.4982359
-2.501647 -10.003235 2.4994833
-2.4630635 -10.003236 2.500761
-2.4178855 -10.003238 2.5022576
-2.3773735 -10.00324 2.4990997
-2.3418562 -10.003245 2.4979687
-2.2994616 -10.003249 2.4992905
-2.2560759 -10.00325 2.5006425
-2.2180102 -10.003251 2.5018287
-2.1791255 -10.003252 2.4994798
-2.1393957 -10.003257 2.5006793
-2.0979896 -10.003261 2.4993553
-2.0572886 -10.003263 2.4994781
-2.0148525 -10.003264 2.5007181
-1.9787766 -10.003266 2.4980149
-1.9419658 -10.003268 2.4990551
-1.8968837 -10.003271 2.5003285
-1.8585355 -10.003274 2.5014119
-1.819382 -10.003279 2.5025179
-1.7787689 -10.00328 2.5015059
-1.7387679 -10.003282 2.4968138
-1.697264 -10.003284 2.4979053
-1.6634271 -10.003287 2.498795
-1.6203154 -10.00329 2.499929
-1.5763648 -10.003293 2.5010848
-1.5405133 -10.003295 2.5020275
-1.505075 -10.003297 2.5010805
-1.46697 -10.0033 2.4997065
-1.4196776 -10.003303 2.5009041
-1.371421 -10.003304 2.4977779
-1.332021 -10.003308 2.4987373
-1.2919194 -10.00331 2.4997139
-1.251097 -10.003312 2.5007081
-1.2200193 -10.003315 2.5014648
-1.1884699 -10.003317 2.4977062
-1.1457585 -10.00332 2.4987049
-1.102255 -10.003322 2.4997215
-1.0579371 -10.003325 2.5007577
-1.0127816 -10.003327 2.5018137
-0.9783783 -10.00333 2.5026178
-0.94342434 -10.003332 2.5034349
-0.89606732 -10.003335 2.4997306
-0.85997343 -10.003337 2.5005391
-0.82328796 -10.00334 2.4964786
-0.7735641 -10.003343 2.4975441
-0.73565149 -10.003345 2.4983566
-0.69710207 -10.003348 2.4991827
-0.65803146 -10.00335 2.50002
-0.61829424 -10.003352 2.5008714
-0.57801199 -10.003355 2.5017347
-0.53703153 -10.003358 2.5026128
-0.49548006 -10.003361 2.5035033
-0.46739078 -10.003362 2.5041053
-0.42466021 -10.003366 2.4997504
-0.38132095 -10.003367 2.5006368
-0.3350873 -10.00337 2.4985137
-0.29244661 -10.003373 2.4970551
-0.26217508 -10.003375 2.4976449
-0.23157024 -10.003377 2.4982412
-3.5715775 -13.045868 2.5425293
-3.5715756 -13.002224 2.5412772
-3.5715733 -12.959286 2.5400453
-3.5715714 -12.917039 2.5388331
-3.5715692 -12.875463 2.5376403
-3.5715671 -12.834545 2.5364664
-3.5715652 -12.79427 2.5401857
-3.571563 -12.75462 2.5438471
-3.5715613 -12.715581 2.5426521
-3.5715592 -12.677141 2.541476
-3.5715566 -12.620644 2.5397468
-3.5715535 -12.565275 2.5380526
-3.5715518 -12.529096 2.5369451
-3.5715499 -12.493449 2.5404415
-3.571548 -12.458324 2.5393329
-3.5715466 -12.423712 2.5382404
-3.5715449 -12.389597 2.541652
-3.571542 -12.339399 2.5400195
-3.5715399 -12.290147 2.5384181
-3.5715382 -12.257927 2.5417323
-3.5715365 -12.226156 2.540669
-3.5715339 -12.179375 2.539103
-3.571532 -12.133445 2.5375657
-3.5715303 -12.103378 2.5407734
-3.5715282 -12.057458 2.5415025
-3.5715261 -12.015577 2.5418804
-3.5715249 -11.987082 2.5408723
-3.5715225 -11.945084 2.539386
-3.5715203 -11.90381 2.5379257
-3.5715182 -11.862204 2.5386198
-3.571516 -11.823709 2.5429845
-3.5715146 -11.784832 2.5415347
-3.5715117 -11.734068 2.5396411
-3.5715098 -11.696777 2.5382502
-3.5715082 -11.659143 2.5389078
-3.5715055 -11.613579 2.54059
-3.5715039 -11.57742 2.5412207
-3.571502 -11.543023 2.5398719
-3.5714996 -11.497045 2.5400465
-3.5714977 -11.454124 2.5399792
-3.5714953 -11.411199 2.5382552
-3.5714939 -11.379614 2.5405087
-3.571492 -11.347686 2.5410955
-3.5714905 -11.308057 2.5410194
-3.5714881 -11.268388 2.5393503
-3.5714858 -11.220054 2.5395501
-3.5714836 -11.172923 2.5419817
-3.5714817 -11.13615 2.540364
-3.5714798 -11.100148 2.53878
-3.5714781 -11.06422 2.5389292
-3.5714757 -11.022769 2.54056
-3.5714741 -10.979866 2.539768
-3.5714722 -10.938167 2.5400186
-3.5714691 -10.899031 2.5391195
-3.5714679 -10.860116 2.5403206
-3.5714657 -10.822076 2.5414906
-3.5714641 -10.784999 2.5396824
-3.5714622 -10.742332 2.5384707
-3.5714595 -10.699437 2.5412521
-3.5714574 -10.658412 2.5391726
-3.571456 -10.618488 2.5399356
-3.571454 -10.579632 2.5406933
-3.5714514 -10.54123 2.5396583
-3.5714493 -10.4995 2.5397599
-3.5714476 -10.456722 2.5404627
-3.5714455 -10.422539 2.5402503
-3.5714428 -10.383895 2.5393004
-3.5714417 -10.339488 2.5406983
-3.5714405 -10.296741 2.5389187
-3.5714364 -10.256271 2.5408182
-3.5714345 -10.216026 2.5397019
-3.5714338 -10.178571 2.5403068
-3.5714324 -10.140293 2.5398471
-3.5714278 -10.100832 2.5393486
-3.5714269 -10.060867 2.5405354
-3.5698066 -10.01722 2.5403719
-3.5401711 -10.003179 2.539434
-3.5013337 -10.00318 2.5404994
-3.459749 -10.003179 2.5397573
-3.4181256 -10.003181 2.540148
-3.3797467 -10.003181 2.540138
-3.3409925 -10.003191 2.539727
-3.3006697 -10.003197 2.5400872
-3.2623832 -10.003198 2.5394611
-3.2234354 -10.003198 2.5409586
-3.1820917 -10.003202 2.5389843
-3.1406579 -10.003202 2.5405219
-3.0999098 -10.003203 2.5403671
-3.0600305 -10.003204 2.5396447
-3.0172222 -10.003205 2.5400624
-2.9771106 -10.003206 2.5410028
-2.9371769 -10.003207 2.5387037
-2.8996708 -10.003213 2.5406399
-2.8614056 -10.003215 2.540324
-2.8216331 -10.003218 2.5387971
-2.7810175 -10.003221 2.5408144
-2.7393339 -10.003221 2.5398693
-2.7007627 -10.003222 2.5393696
-2.6623116 -10.003226 2.5405295
-2.6223462 -10.003231 2.5393069
-2.5813608 -10.003233 2.541223
-2.5399089 -10.003234 2.5392337
-2.5016468 -10.003235 2.538455
-2.4630632 -10.003236 2.5401835
-2.4178855 -10.003238 2.5422082
-2.3766847 -10.003241 2.5383034
-2.3418562 -10.003245 2.5388081
-2.2994616 -10.003248 2.5406249
-2.2568157 -10.003249 2.5414238
-2.2180099 -10.003251 2.540592
-2.1791255 -10.003253 2.5386591
-2.1393957 -10.003257 2.5402844
-2.0996475 -10.00326 2.5396316
-2.0572889 -10.003263 2.539963
-2.0148523 -10.003264 2.5416582
-1.9787766 -10.003266 2.5393419
-1.9428408 -10.003268 2.5396218
-1.8968837 -10.003271 2.5386958
-1.8585355 -10.003274 2.5401525
-1.819382 -10.003278 2.5416398
-1.7795017 -10.00328 2.5431552
-1.7397944 -10.003282 2.5381746
-1.697264 -10.003285 2.5382168
-1.663427 -10.003287 2.5394363
-1.6203154 -10.00329 2.5409901
-1.5763645 -10.003293 2.5425742
-1.5405133 -10.003295 2.5396824
-1.5030322 -10.003296 2.5386477
-1.4669698 -10.003299 2.5380058
-1.4196775 -10.003302 2.539618
-1.3714209 -10.003304 2.5412636
-1.3331251 -10.003307 2.5406151
-1.2919192 -10.00331 2.5395479
-1.2510967 -10.003312 2.5409
-1.2200193 -10.003315 2.5419292
-1.1884699 -10.003317 2.5384469
-1.1457584 -10.00332 2.5398202
-1.1034746 -10.003323 2.5391252
-1.0579371 -10.003325 2.5379889
-1.0127816 -10.003327 2.539397
-0.97837758 -10.00333 2.5404692
-0.94342434 -10.003332 2.5415587
-0.89606738 -10.003335 2.5430348
-0.85997343 -10.003337 2.5441599
-0.82465547 -10.00334 2.5382042
-0.7735641 -10.003343 2.5369914
-0.73565149 -10.003345 2.5380993
-0.69710207 -10.003348 2.5392261
-0.65803146 -10.00335 2.5403676
-0.61829418 -10.003353 2.5415289
-0.57801199 -10.003355 2.542706
-0.53703153 -10.003357 2.5439036
-0.49548006 -10.003361 2.539916
-0.46739078 -10.003362 2.5407093
-0.42466021 -10.003366 2.5366459
-0.38132095 -10.003367 2.5378275
-0.33720326 -10.003371 2.539031
-0.29244661 -10.003373 2.5402517
-0.26217508 -10.003375 2.5410774
-0.23157024 -10.003377 2.5419121
-3.5715775 -13.045868 2.5834534
-3.5715756 -13.002224 2.5818672
-3.5715733 -12.959286 2.580307
-3.5715714 -12.917039 2.5787716
-3.5715692 -12.875463 2.5772605
-3.5715671 -12.834545 2.5757737
-3.5715652 -12.79427 2.5840597
-3.571563 -12.75462 2.5825429
-3.5715613 -12.715581 2.5810494
-3.5715592 -12.677141 2.5795789
-3.5715568 -12.620644 2.5774179
-3.5715535 -12.565275 2.5799556
-3.5715518 -12.529096 2.5785367
-3.5715499 -12.493449 2.5817263
-3.5715482 -12.458324 2.5803156
-3.5715466 -12.423712 2.5789251
-3.5715451 -12.389597 2.5820427
-3.5715423 -12.339398 2.5799785
-3.5715401 -12.290147 2.5779529
-3.5715382 -12.257927 2.5809898
-3.5715365 -12.226156 2.579653
-3.5715339 -12.179375 2.5819714
-3.5715318 -12.133445 2.5799947
-3.5715301 -12.103378 2.5787008
-3.5715282 -12.06071 2.5787125
-3.5715261 -12.015577 2.5831826
-3.5715249 -11.987082 2.5819016
-3.5715225 -11.945084 2.5800138
-3.5715203 -11.90381 2.5781586
-3.5715179 -11.863417 2.5803151
-3.571516 -11.823709 2.5824516
-3.5715141 -11.784832 2.5806298
-3.5715115 -11.734068 2.5782506
-3.5715101 -11.696777 2.5803285
-3.5715079 -11.66134 2.5803518
-3.5715053 -11.612508 2.5800436
-3.5715039 -11.57742 2.5783324
-3.571502 -11.543023 2.580333
-3.5714998 -11.499064 2.5797942
-3.5714974 -11.454125 2.579505
-3.5714953 -11.411199 2.5808814
-3.5714939 -11.379615 2.5792503
-3.5714922 -11.34955 2.5792806
-3.5714905 -11.307145 2.5808392
-3.5714881 -11.268388 2.5803373
-3.5714862 -11.221174 2.5787942
-3.5714836 -11.172923 2.5818732
-3.5714817 -11.13615 2.5798333
-3.5714798 -11.100148 2.5778365
-3.5714781 -11.065562 2.5806222
-3.571476 -11.021873 2.5798542
-3.5714741 -10.979865 2.5805836
-3.5714717 -10.939829 2.5802011
-3.5714695 -10.898422 2.5805392
-3.5714686 -10.860116 2.5796478
-3.5714657 -10.822078 2.5803444
-3.5714645 -10.784999 2.5810287
-3.5714619 -10.741621 2.5783322
-3.5714598 -10.699438 2.5814526
-3.5714574 -10.658412 2.578824
-3.5714555 -10.619088 2.580873
-3.571454 -10.579634 2.5792902
-3.5714512 -10.542336 2.5803742
-3.5714493 -10.498294 2.5800149
-3.5714478 -10.457763 2.5799689
-3.5714457 -10.422022 2.5802579
-3.5714428 -10.383156 2.5791698
-3.5714417 -10.338967 2.5805218
-3.5714402 -10.297213 2.5792966
-3.5714364 -10.256271 2.5799801
-3.5714345 -10.217175 2.5806036
-3.5714338 -10.177582 2.5801067
-3.5714324 -10.141376 2.5795183
-3.5714278 -10.100213 2.5798304
-3.5714269 -10.060498 2.5806801
-3.5698066 -10.01722 2.5803432
-3.5401714 -10.003179 2.5796826
-3.50071 -10.00318 2.5797765
-3.4606225 -10.00318 2.5802767
-3.4178276 -10.00318 2.5798316
-3.3800247 -10.003182 2.5804269
-3.3416121 -10.003188 2.579668
-3.3005412 -10.003197 2.580415
-3.2623827 -10.003198 2.5795672
-3.2228506 -10.003198 2.5799396
-3.1820915 -10.003202 2.5803411
-3.1393893 -10.003202 2.579833
-3.100898 -10.003203 2.5798807
-3.0586851 -10.003204 2.5801332
-3.0178523 -10.003205 2.5796382
-2.9777601 -10.003206 2.5811505
-2.9376323 -10.003207 2.5788255
-2.8996711 -10.003214 2.5806792
-2.861145 -10.003214 2.5797062
-2.8216329 -10.003218 2.5799003
-2.7818735 -10.003222 2.5807388
-2.7393336 -10.003222 2.5790787
-2.7020364 -10.003222 2.5799539
-2.6623118 -10.003224 2.580714
-2.6223462 -10.003232 2.579998
-2.5813606 -10.003233 2.5792627
-2.538676 -10.003234 2.5808544
-2.5022194 -10.003235 2.5785868
-2.4630635 -10.003236 2.5796065
-2.4178858 -10.003238 2.5821588
-2.3773737 -10.00324 2.5777102
-2.3418562 -10.003245 2.5796475
-2.3002625 -10.003248 2.5811639
-2.2552905 -10.00325 2.5795698
-2.2180099 -10.003251 2.5793552
-2.1791255 -10.003254 2.5814006
-2.1393957 -10.003256 2.5798903
-2.0979898 -10.00326 2.5794535
-2.0572891 -10.003263 2.5804484
-2.0148523 -10.003265 2.5788763
-1.9787766 -10.003266 2.580668
-1.9410362 -10.003269 2.5811155
-1.8978326 -10.003271 2.5784509
-1.8585355 -10.003274 2.5788932
-1.819382 -10.003278 2.5807617
-1.7795017 -10.00328 2.5826657
-1.7387679 -10.003282 2.579278
-1.697264 -10.003285 2.5785284
-1.6634274 -10.003287 2.5800776
-1.6203154 -10.00329 2.582051
-1.5763645 -10.003292 2.5799146
-1.5405133 -10.003295 2.577337
-1.5040536 -10.003297 2.5789354
-1.4669698 -10.003299 2.5805604
-1.4210445 -10.003303 2.5813396
-1.371421 -10.003304 2.5804002
-1.3309169 -10.003307 2.5796938
-1.2919194 -10.00331 2.5793819
-1.2510967 -10.003312 2.5810916
-1.2200193 -10.003315 2.5778973
-1.1884696 -10.003317 2.5791879
-1.1457584 -10.00332 2.5809355
-1.1010354 -10.003323 2.5801976
-1.0579371 -10.003325 2.579874
-1.0140479 -10.003327 2.5795343
-0.97837758 -10.00333 2.5783205
-0.94342434 -10.003332 2.5796821
-0.89606738 -10.003335 2.5815272
-0.85997343 -10.003337 2.5829337
-0.8219201 -10.00334 2.5816972
-0.7735641 -10.003343 2.5764389
-0.73565149 -10.003345 2.5778422
-0.69710207 -10.003348 2.5792689
-0.65803146 -10.00335 2.5807152
-0.618294 -10.003352 2.5821862
-0.57801199 -10.003355 2.5836771
-0.53703153 -10.003358 2.5800326
-0.49548006 -10.003361 2.5763285
-0.46739078 -10.003362 2.5773134
-0.42466009 -10.003365 2.5788119
-0.38132095 -10.003367 2.5803316
-0.33720326 -10.00337 2.5818789
-0.29244661 -10.003373 2.5834482
-0.26217508 -10.003375 2.5790806
-0.23157024 -10.003377 2.5801239
-3.5715775 -13.045868 2.6243775
-3.5715756 -13.002224 2.6224575
-3.5715733 -12.959286 2.6205688
-3.5715714 -12.917039 2.61871
-3.5715692 -12.875463 2.6168811
-3.5715671 -12.834546 2.6199944
-3.5715652 -12.79427 2.6230588
-3.571563 -12.75462 2.6212387
-3.5715613 -12.715581 2.6194468
-3.5715592 -12.677141 2.617682
-3.5715568 -12.620644 2.6197972
-3.5715535 -12.565275 2.6218586
-3.5715518 -12.529096 2.6201286
-3.5715499 -12.493449 2.6184239
-3.571548 -12.458324 2.6212981
-3.5715466 -12.423712 2.6196098
-3.5715446 -12.389597 2.6224339
-3.571542 -12.339398 2.6199374
-3.5715401 -12.290147 2.621881
-3.5715382 -12.257927 2.6202478
-3.5715365 -12.226156 2.6186373
-3.5715342 -12.179375 2.620553
-3.5715318 -12.133445 2.6224236
-3.5715301 -12.103378 2.6208425
-3.571528 -12.059084 2.6185126
-3.5715261 -12.015577 2.6203542
-3.5715249 -11.987082 2.622931
-3.5715225 -11.945084 2.6206412
-3.5715203 -11.90381 2.6183915
-3.5715184 -11.863417 2.6201615
-3.571516 -11.823709 2.6219184
-3.5715141 -11.784832 2.6197248
-3.5715117 -11.732929 2.6188955
-3.5715098 -11.696777 2.622407
-3.5715079 -11.660242 2.6202755
-3.5715058 -11.611436 2.6194646
-3.5715039 -11.57742 2.6191549
-3.571502 -11.543023 2.6207938
-3.5714996 -11.497044 2.6200006
-3.5714977 -11.454125 2.6190307
-3.5714955 -11.411199 2.6199555
-3.5714939 -11.379615 2.6215143
-3.571492 -11.348619 2.6195576
-3.5714905 -11.308969 2.6186204
-3.5714884 -11.268387 2.6213245
-3.5714862 -11.220053 2.618181
-3.5714836 -11.172923 2.6217649
-3.5714819 -11.13615 2.619303
-3.5714798 -11.099463 2.6185949
-3.5714779 -11.064892 2.6209745
-3.5714757 -11.020979 2.6191163
-3.5714738 -10.979866 2.6213996
-3.5714715 -10.938128 2.6195822
-3.5714693 -10.899634 2.620194
-3.5714676 -10.859308 2.6200256
-3.5714653 -10.822077 2.6191986
-3.5714641 -10.784228 2.6204472
-3.5714619 -10.741621 2.6190972
-3.57146 -10.698745 2.6207342
-3.5714569 -10.6578 2.6194532
-3.5714555 -10.618491 2.620971
-3.5714543 -10.579077 2.6197562
-3.5714514 -10.541796 2.6203244
-3.5714493 -10.499499 2.6201677
-3.5714478 -10.456744 2.6205218
-3.5714459 -10.423038 2.6192818
-3.5714426 -10.383156 2.6202734
-3.5714417 -10.339489 2.6202977
-3.5714405 -10.297055 2.6197109
-3.5714362 -10.255815 2.6197655
-3.5714343 -10.2166 2.6203964
-3.571434 -10.178696 2.6204014
-3.5714328 -10.140437 2.6198769
-3.5714278 -10.099593 2.6202819
-3.5714266 -10.060745 2.6202245
-3.5698066 -10.01722 2.6203141
-3.5401711 -10.003179 2.619931
-3.5006266 -10.00318 2.6197426
-3.459898 -10.00318 2.6201763
-3.4180171 -10.003181 2.620209
-3.3805461 -10.003181 2.6199121
-3.3408892 -10.003187 2.6202545
-3.3007333 -10.003197 2.6203468
-3.2623825 -10.003198 2.619673
-3.2226391 -10.003198 2.6193824
-3.1827817 -10.003202 2.6204276
-3.1404178 -10.003202 2.6197078
-3.0997233 -10.003203 2.6197679
-3.0600584 -10.003204 2.6198568
-3.0170133 -10.003205 2.620209
-2.9777601 -10.003206 2.6201246
-2.9374056 -10.003207 2.6194584
-2.8996704 -10.003214 2.620718
-2.8608897 -10.003213 2.619679
-2.8216329 -10.003218 2.6210039
-2.7801874 -10.003222 2.6193175
-2.739857 -10.003222 2.6205919
-2.700556 -10.003222 2.6195097
-2.6628611 -10.003226 2.6201684
-2.6223464 -10.003231 2.6206887
-2.5819383 -10.003233 2.619724
-2.5393162 -10.003234 2.6202519
-2.5011022 -10.003235 2.6206546
-2.4630635 -10.003236 2.619029
-2.4186339 -10.003238 2.621331
-2.3773732 -10.00324 2.6181345
-2.3418562 -10.003245 2.620487
-2.2994578 -10.003249 2.6198409
-2.2560763 -10.003249 2.619195
-2.2187653 -10.003251 2.6205535
-2.1791255 -10.003253 2.6205804
-2.1393957 -10.003257 2.6194954
-2.0996475 -10.003261 2.6196942
-2.0572891 -10.003264 2.6209333
-2.0148523 -10.003264 2.6198158
-1.9787763 -10.003266 2.6182377
-1.9419658 -10.003268 2.620425
-1.8959907 -10.003271 2.6204431
-1.8585355 -10.003274 2.6176343
-1.8193818 -10.003278 2.619884
-1.7795017 -10.00328 2.6221762
-1.7387677 -10.003282 2.6191854
-1.6972637 -10.003285 2.61884
-1.6634271 -10.003287 2.6207187
-1.6215608 -10.003289 2.621865
-1.5763645 -10.003293 2.617255
-1.5405133 -10.003295 2.6191757
-1.5040536 -10.003297 2.6211288
-1.4680089 -10.0033 2.6211646
-1.4182057 -10.003303 2.6197636
-1.3714209 -10.003304 2.6195374
-1.3320209 -10.003308 2.6215715
-1.2919191 -10.00331 2.619216
-1.251097 -10.003312 2.6212835
-1.2200193 -10.003315 2.6183617
-1.1884696 -10.003317 2.6199288
-1.1469557 -10.00332 2.619956
-1.1022549 -10.003322 2.6196012
-1.0579371 -10.003325 2.6217594
-1.0115155 -10.003327 2.6214044
-0.97837752 -10.00333 2.620903
-0.94342434 -10.003332 2.617806
-0.89606738 -10.003335 2.6200202
-0.85997343 -10.003337 2.6217079
-0.82328773 -10.00334 2.6234231
-0.77495897 -10.003343 2.618556
-0.73565149 -10.003345 2.6175847
-0.69710207 -10.003348 2.619312
-0.65803146 -10.00335 2.6210628
-0.618294 -10.003352 2.6228433
-0.57801199 -10.003355 2.6195269
-0.53703153 -10.003358 2.6161618
-0.49548006 -10.003361 2.6179428
-0.46739078 -10.003362 2.6191466
-0.42465997 -10.003366 2.6209781
-0.38132095 -10.003367 2.6228356
-0.33720326 -10.00337 2.6193705
-0.29244661 -10.003373 2.6212451
-0.26217508 -10.003375 2.617084
-0.23157024 -10.003377 2.6183362
-3.5715778 -13.045868 2.6601863
-3.5715756 -13.002224 2.6630478
-3.5715733 -12.959286 2.6608303
-3.5715714 -12.917039 2.6586485
-3.5715692 -12.875463 2.6565013
-3.5715671 -12.834545 2.6642151
-3.5715652 -12.79427 2.6620581
-3.571563 -12.75462 2.6599345
-3.5715613 -12.715581 2.6578441
-3.5715592 -12.677141 2.660548
-3.5715566 -12.620644 2.6621771
-3.5715535 -12.565275 2.6591058
-3.5715518 -12.529096 2.6570988
-3.5715499 -12.493449 2.659709
-3.5715482 -12.458324 2.6622806
-3.5715466 -12.423712 2.6602943
-3.5715446 -12.389597 2.6583369
-3.5715423 -12.339398 2.6598966
-3.5715399 -12.290147 2.6614158
-3.5715382 -12.257927 2.6595054
-3.5715365 -12.226156 2.661953
-3.5715339 -12.179375 2.6591344
-3.5715318 -12.133445 2.66061
-3.5715301 -12.103378 2.6629837
-3.5715287 -12.059084 2.6602304
-3.5715261 -12.015577 2.6575255
-3.5715246 -11.987082 2.6598575
-3.5715222 -11.945084 2.6612694
-3.5715203 -11.90381 2.6586246
-3.5715179 -11.863417 2.6600084
-3.571516 -11.823709 2.6613853
-3.5715141 -11.784832 2.6588199
-3.5715117 -11.735206 2.6611567
-3.5715098 -11.696777 2.6606598
-3.5715079 -11.660242 2.658179
-3.5715058 -11.613579 2.6604533
-3.5715039 -11.57742 2.6599774
-3.571502 -11.541988 2.6595042
-3.5714996 -11.499064 2.659791
-3.5714979 -11.453138 2.66044
-3.5714953 -11.411199 2.6590297
-3.5714939 -11.379614 2.6602554
-3.571492 -11.348619 2.6614656
-3.5714905 -11.308057 2.6584399
-3.5714881 -11.267496 2.660687
-3.5714862 -11.220052 2.6586137
-3.5714836 -11.172924 2.6616566
-3.5714817 -11.136151 2.6587729
-3.5714798 -11.100834 2.6607568
-3.5714781 -11.064892 2.6596265
-3.571476 -11.022722 2.6603684
-3.5714741 -10.979866 2.6590753
-3.5714717 -10.939783 2.6598058
-3.5714688 -10.898423 2.660145
-3.5714679 -10.860884 2.6592703
-3.5714653 -10.822077 2.6610415
-3.5714641 -10.78573 2.6587603
-3.5714619 -10.74162 2.6598628
-3.5714595 -10.699437 2.6599314
-3.5714574 -10.658412 2.660006
-3.5714555 -10.618492 2.6600878
-3.571454 -10.580215 2.6610453
-3.5714514 -10.541229 2.6593459
-3.5714495 -10.498294 2.6603885
-3.5714478 -10.457787 2.6600578
-3.5714457 -10.422539 2.6601567
-3.5714426 -10.382618 2.6607392
-3.5714417 -10.339317 2.6601031
-3.5714402 -10.297215 2.6601155
-3.5714366 -10.256119 2.660135
-3.5714345 -10.216158 2.6595573
-3.5714338 -10.17771 2.6601741
-3.5714328 -10.140835 2.6601782
-3.5714278 -10.100215 2.6602647
-3.5714269 -10.06099 2.6597817
-3.5698063 -10.01722 2.6602852
-3.5401711 -10.003179 2.6601801
-3.5005417 -10.00318 2.6600387
-3.4600236 -10.00318 2.6598072
-3.4178278 -10.003181 2.6599057
-3.3797894 -10.003182 2.6601489
-3.3407788 -10.003188 2.6601803
-3.3004107 -10.003197 2.6602619
-3.2623827 -10.003198 2.6597791
-3.2228527 -10.003198 2.6596904
-3.1817899 -10.003202 2.6595941
-3.1402724 -10.003203 2.6599565
-3.1008976 -10.003203 2.6597984
-3.0591235 -10.003204 2.6599383
-3.0167882 -10.003205 2.6602895
-2.9782038 -10.003206 2.6596723
-2.9371777 -10.003207 2.6601007
-2.8996711 -10.003214 2.6607573
-2.8606369 -10.003214 2.6590822
-2.8223178 -10.003219 2.6606855
-2.7810173 -10.003221 2.6598349
-2.7387688 -10.003221 2.6597147
-2.7018321 -10.003222 2.6600673
-2.6617188 -10.003225 2.6602652
-2.6231246 -10.003231 2.6598639
-2.5807366 -10.003233 2.6608436
-2.5399537 -10.003234 2.6596253
-2.5016468 -10.003235 2.6618655
-2.4630632 -10.003236 2.6584513
-2.4178855 -10.003238 2.6603873
-2.3773735 -10.00324 2.6585588
-2.3418565 -10.003245 2.6613262
-2.2986643 -10.003248 2.658546
-2.2560761 -10.00325 2.6610372
-2.2172074 -10.003251 2.6591396
-2.1791255 -10.003252 2.65976
-2.1402311 -10.003258 2.6603851
-2.0979898 -10.003261 2.6595519
-2.0581129 -10.003263 2.6602728
-2.0148523 -10.003264 2.6607559
-1.9787765 -10.003266 2.659564
-1.9428931 -10.003269 2.6597056
-1.8968836 -10.003271 2.6614711
-1.8592401 -10.003274 2.6584365
-1.8193817 -10.003279 2.6590066
-1.7795017 -10.00328 2.6616869
-1.7387677 -10.003282 2.6590931
-1.6972637 -10.003286 2.6591518
-1.6634271 -10.003287 2.6613603
-1.620312 -10.003289 2.6600554
-1.5763645 -10.003293 2.6587443
-1.5405133 -10.003295 2.6610141
-1.505075 -10.003297 2.6613786
-1.4659309 -10.0033 2.6591105
-1.4196777 -10.003302 2.6600614
-1.3725058 -10.003304 2.6610196
-1.332021 -10.003308 2.6610541
-1.2919192 -10.00331 2.65905
-1.2510968 -10.003312 2.6614754
-1.2200193 -10.003315 2.6588259
-1.1884698 -10.003317 2.6606698
-1.1445609 -10.00332 2.6606925
-1.1034745 -10.003323 2.6589739
-1.0579371 -10.003325 2.6589911
-1.0127814 -10.003327 2.6615419
-0.97837758 -10.00333 2.6634858
-0.94472718 -10.003332 2.6584997
-0.89606738 -10.003335 2.6585131
-0.85997343 -10.003337 2.6604819
-0.82328737 -10.00334 2.6624827
-0.7735641 -10.003343 2.6602519
-0.73565149 -10.003345 2.6573277
-0.69710207 -10.003348 2.6593554
-0.65803146 -10.00335 2.6614103
-0.618294 -10.003353 2.6635005
-0.57801199 -10.003355 2.6553769
-0.53703153 -10.003358 2.6574523
-0.49548006 -10.003361 2.6595571
-0.46739078 -10.003362 2.6609797
-0.42465997 -10.003366 2.6631444
-0.38132095 -10.003367 2.6600266
-0.33720326 -10.003371 2.656862
-0.29244661 -10.003373 2.6590419
-0.26217508 -10.003375 2.6605165
-0.23157024 -10.003377 2.6620069
-3.5715778 -13.045868 2.6959949
-3.5715756 -13.002224 2.7036381
-3.5715733 -12.959286 2.7010922
-3.5715714 -12.917039 2.6985872
-3.5715692 -12.875463 2.6961217
-3.5715671 -12.834545 2.7035224
-3.5715652 -12.79427 2.7010574
-3.571563 -12.75462 2.6986303
-3.5715613 -12.715581 2.6962409
-3.5715594 -12.677141 2.703414
-3.5715566 -12.620644 2.6998479
-3.5715535 -12.565275 2.701009
-3.5715518 -12.529096 2.6986907
-3.5715499 -12.493449 2.7009938
-3.5715482 -12.458324 2.6987097
-3.5715466 -12.423712 2.7009792
-3.5715446 -12.389597 2.6987278
-3.571542 -12.339398 2.6998553
-3.5715401 -12.290147 2.7009509
-3.5715382 -12.257927 2.6987629
-3.5715365 -12.226156 2.7009373
-3.5715342 -12.177658 2.6999712
-3.5715318 -12.133445 2.6987963
-3.5715303 -12.103379 2.7009115
-3.5715282 -12.059084 2.7019486
-3.5715261 -12.015577 2.6988277
-3.5715249 -11.987082 2.6967838
-3.5715222 -11.945084 2.7018969
-3.5715203 -11.90381 2.6988575
-3.5715179 -11.863417 2.6998546
-3.571516 -11.823709 2.7008524
-3.5715146 -11.784831 2.6979148
-3.5715115 -11.734068 2.7018015
-3.5715098 -11.696777 2.6989129
-3.5715082 -11.660241 2.699873
-3.5715058 -11.612508 2.6998744
-3.5715039 -11.57742 2.7008002
-3.5715024 -11.544057 2.6997871
-3.5714996 -11.497045 2.6999547
-3.5714979 -11.455112 2.6997914
-3.5714953 -11.410233 2.6999557
-3.5714939 -11.379615 2.6989975
-3.571492 -11.347686 2.7017014
-3.5714905 -11.308057 2.6998823
-3.5714881 -11.268387 2.6998739
-3.5714862 -11.220052 2.6990461
-3.5714836 -11.172921 2.7015483
-3.5714817 -11.13615 2.6982424
-3.5714798 -11.100148 2.7015152
-3.5714777 -11.06422 2.6999464
-3.571476 -11.021873 2.7006884
-3.5714741 -10.979866 2.6998913
-3.5714722 -10.938127 2.7001755
-3.5714693 -10.899634 2.6998305
-3.5714676 -10.859345 2.6996658
-3.5714655 -10.822076 2.6998956
-3.5714641 -10.784999 2.6991608
-3.5714626 -10.741621 2.7006283
-3.5714598 -10.699439 2.7001317
-3.5714574 -10.658412 2.6996574
-3.5714557 -10.618492 2.6992049
-3.571454 -10.579632 2.7005937
-3.5714517 -10.542336 2.7001083
-3.5714493 -10.498914 2.6999013
-3.5714478 -10.456743 2.6997035
-3.5714457 -10.422022 2.7001414
-3.5714426 -10.382978 2.7005453
-3.5714414 -10.339489 2.6999035
-3.5714402 -10.297213 2.699904
-3.5714369 -10.256272 2.6999056
-3.5714345 -10.216599 2.6999092
-3.5714335 -10.178137 2.6999104
-3.5714324 -10.140831 2.6999118
-3.5714278 -10.100005 2.7002716
-3.5714269 -10.060867 2.699914
-3.5698063 -10.017221 2.7002563
-3.540427 -10.003179 2.7001491
-3.5012379 -10.00318 2.6999979
-3.4601769 -10.003179 2.6997201
-3.4178228 -10.00318 2.6999435
-3.380023 -10.003182 2.7000234
-3.3409903 -10.003187 2.7001057
-3.3007329 -10.003197 2.7001915
-3.2623827 -10.003197 2.6998854
-3.2224989 -10.003198 2.6999881
-3.181726 -10.003202 2.6996691
-3.1394198 -10.003203 2.699774
-3.0997238 -10.003203 2.6997197
-3.0593696 -10.003204 2.7000608
-3.0176532 -10.003205 2.6998565
-2.9779828 -10.003206 2.6997421
-2.9371765 -10.003207 2.7001932
-2.8996708 -10.003214 2.7007964
-2.8611455 -10.003215 2.6990917
-2.8214667 -10.003218 2.6995223
-2.7818491 -10.00322 2.70032
-2.7393339 -10.003222 2.6997235
-2.7007174 -10.003222 2.6996851
-2.6630709 -10.003224 2.6997626
-2.621568 -10.003231 2.7004557
-2.5813608 -10.003232 2.6997223
-2.5395305 -10.003234 2.6997256
-2.5016465 -10.003235 2.7008369
-2.4637306 -10.003236 2.6987283
-2.4178855 -10.003238 2.7003376
-2.3773732 -10.00324 2.6989827
-2.3425605 -10.003244 2.701098
-2.2994616 -10.003247 2.6990757
-2.2568603 -10.003249 2.7006273
-2.2180097 -10.003251 2.6991682
-2.1799431 -10.003254 2.7002013
-2.1386089 -10.003258 2.6998272
-2.0996475 -10.00326 2.6997566
-2.0564137 -10.003263 2.7005913
-2.0157452 -10.003265 2.6992919
-1.9787766 -10.003266 2.7008908
-1.9419682 -10.003268 2.7000644
-1.8968836 -10.003271 2.6998379
-1.8578312 -10.003274 2.7008018
-1.8193818 -10.003277 2.6981287
-1.7795017 -10.00328 2.7011974
-1.7387679 -10.003282 2.6990001
-1.6972637 -10.003285 2.6994634
-1.663427 -10.003287 2.7020011
-1.6190735 -10.003289 2.6982818
-1.5763643 -10.003293 2.7002335
-1.5415175 -10.003295 2.7009158
-1.5030322 -10.003297 2.6990216
-1.4669697 -10.003299 2.6997144
-1.4211451 -10.003303 2.70032
-1.3703361 -10.003304 2.699815
-1.332021 -10.003308 2.7005363
-1.2919192 -10.00331 2.6988838
-1.2510968 -10.003312 2.7016671
-1.2200193 -10.003315 2.6992903
-1.1896453 -10.003318 2.6993153
-1.1457583 -10.00332 2.6997132
-1.1010354 -10.003322 2.7001081
-1.0591798 -10.003325 2.6987219
-1.0127814 -10.003327 2.6991255
-0.97837758 -10.00333 2.7013373
-0.94212151 -10.003333 2.701014
-0.89606738 -10.003334 2.6970053
-0.85997343 -10.003337 2.6992555
-0.82328725 -10.003341 2.7015431
-0.7735641 -10.003343 2.6996996
-0.73565149 -10.003345 2.6970706
-0.69710207 -10.003348 2.6993985
-0.65803099 -10.00335 2.7017579
-0.62019914 -10.003352 2.701859
-0.57801199 -10.003355 2.6963477
-0.53703153 -10.003358 2.6987429
-0.49548006 -10.003361 2.7011714
-0.46739066 -10.003363 2.7028131
-0.42465997 -10.003366 2.7000396
-0.38132095 -10.003367 2.6972175
-0.33720326 -10.00337 2.6997099
-0.29244661 -10.003373 2.7022386
-0.26217508 -10.003375 2.6985197
-0.23157024 -10.003377 2.7002189
-3.5715778 -13.045868 2.7369192
-3.5715756 -13.002224 2.7442284
-3.5715733 -12.959286 2.7413538
-3.5715714 -12.917039 2.7385259
-3.5715692 -12.875463 2.7357421
-3.5715671 -12.834545 2.74283
-3.5715652 -12.79427 2.7400565
-3.571563 -12.75462 2.7373264
-3.5715613 -12.715581 2.7394376
-3.5715594 -12.677141 2.7415171
-3.5715566 -12.618572 2.7399781
-3.5715535 -12.565275 2.7429121
-3.5715518 -12.529096 2.7402823
-3.5715499 -12.493449 2.7376914
-3.571548 -12.458324 2.7396922
-3.5715466 -12.423712 2.7416637
-3.5715446 -12.389597 2.7391188
-3.5715423 -12.339398 2.7398143
-3.5715399 -12.290147 2.7404857
-3.5715382 -12.257927 2.7423825
-3.5715365 -12.226156 2.7399216
-3.5715342 -12.181091 2.7383292
-3.5715318 -12.133445 2.7412252
-3.5715301 -12.103379 2.7388389
-3.5715282 -12.057458 2.7416737
-3.5715261 -12.015577 2.7401299
-3.5715249 -11.987082 2.7378135
-3.5715222 -11.945084 2.7425244
-3.5715203 -11.90381 2.7390904
-3.5715184 -11.863417 2.7397017
-3.571516 -11.823709 2.740319
-3.5715141 -11.783664 2.7390363
-3.5715117 -11.734068 2.7404113
-3.5715098 -11.696777 2.7371657
-3.5715084 -11.660242 2.7415669
-3.5715058 -11.611435 2.7392623
-3.5715039 -11.57742 2.7416229
-3.571502 -11.541988 2.7404041
-3.5714996 -11.499064 2.7397878
-3.5714979 -11.453138 2.7394702
-3.5714953 -11.412163 2.738878
-3.5714939 -11.379615 2.7412612
-3.571492 -11.34955 2.739969
-3.5714905 -11.308057 2.7413247
-3.5714884 -11.26928 2.7390902
-3.5714862 -11.220051 2.7394788
-3.5714836 -11.172923 2.7414398
-3.5714819 -11.135451 2.7394075
-3.5714798 -11.100147 2.7405717
-3.5714781 -11.064892 2.7401426
-3.5714762 -11.02098 2.7399175
-3.5714741 -10.979866 2.7407067
-3.5714722 -10.939783 2.7404404
-3.5714695 -10.898422 2.7397513
-3.5714679 -10.860119 2.7399704
-3.5714657 -10.822075 2.7387493
-3.5714645 -10.784999 2.7405074
-3.5714622 -10.740907 2.7404335
-3.5714598 -10.699438 2.7403328
-3.5714574 -10.658412 2.7393093
-3.5714562 -10.617896 2.7392619
-3.571454 -10.579052 2.7401178
-3.5714514 -10.541795 2.7400358
-3.5714493 -10.49892 2.7400968
-3.5714478 -10.457256 2.7401576
-3.5714459 -10.423035 2.7392101
-3.5714426 -10.383336 2.7403677
-3.5714414 -10.339488 2.7403393
-3.5714402 -10.297213 2.7396934
-3.5714364 -10.256424 2.7396836
-3.5714345 -10.217045 2.7402823
-3.5714338 -10.178141 2.7402499
-3.5714326 -10.140704 2.7402258
-3.5714278 -10.100419 2.7397747
-3.5714266 -10.061234 2.7400517
-3.5698066 -10.017221 2.7402272
-3.5403533 -10.003179 2.7398326
-3.5008845 -10.00318 2.7399604
-3.4601407 -10.00318 2.7399409
-3.4178278 -10.003181 2.7399833
-3.3802619 -10.003182 2.7398868
-3.3413095 -10.003185 2.7403643
-3.3010535 -10.003197 2.7401061
-3.2623832 -10.003198 2.7399914
-3.2232101 -10.003198 2.739862
-3.1826925 -10.003202 2.7397313
-3.1406579 -10.003202 2.740036
-3.100898 -10.003203 2.7397161
-3.0597177 -10.003204 2.7397201
-3.0174339 -10.003205 2.7399254
-2.9777613 -10.003206 2.7398221
-2.9369485 -10.003207 2.740283
-2.8996711 -10.003214 2.7408352
-2.861145 -10.003214 2.7396564
-2.8211396 -10.003218 2.7391479
-2.7810156 -10.003221 2.7401626
-2.7400563 -10.003221 2.7404699
-2.7018323 -10.003222 2.7394359
-2.6615529 -10.003224 2.7398682
-2.622952 -10.003231 2.740437
-2.5821593 -10.003233 2.7393785
-2.5391047 -10.003234 2.739841
-2.5016465 -10.003235 2.7398086
-2.4632876 -10.003236 2.7397611
-2.4178855 -10.003238 2.7402887
-2.3773737 -10.00324 2.7394073
-2.3418546 -10.003244 2.7395937
-2.2994616 -10.003249 2.7404101
-2.2553387 -10.003249 2.7388413
-2.2187653 -10.003251 2.7403424
-2.1783557 -10.003253 2.7392368
-2.1401839 -10.003257 2.7407739
-2.0979898 -10.003261 2.7396498
-2.0581625 -10.003263 2.7400033
-2.0140121 -10.003265 2.7400811
-1.9787766 -10.003266 2.7384601
-1.9410362 -10.003268 2.7404513
-1.8978329 -10.003271 2.7395542
-1.8585358 -10.003274 2.7416043
-1.8203683 -10.003277 2.7386262
-1.7795022 -10.00328 2.7407079
-1.738768 -10.003282 2.7389076
-1.6972637 -10.003286 2.7397747
-1.6634274 -10.003287 2.7426424
-1.6203154 -10.00329 2.7380836
-1.5763643 -10.003293 2.7417226
-1.5395091 -10.003295 2.73826
-1.5040536 -10.003296 2.7392712
-1.4680086 -10.0033 2.7402899
-1.4183151 -10.003303 2.7388208
-1.3714209 -10.003304 2.7412972
-1.332021 -10.003307 2.7400188
-1.2919191 -10.00331 2.7387178
-1.252241 -10.003312 2.7397816
-1.2200193 -10.003315 2.7397547
-1.1872939 -10.003317 2.7397203
-1.1457584 -10.003319 2.7408285
-1.1022549 -10.003322 2.7394805
-1.0566947 -10.003325 2.740262
-1.0140474 -10.003327 2.7392211
-0.97837782 -10.00333 2.7391884
-0.94342434 -10.003332 2.7417078
-0.89739555 -10.003334 2.7380719
-0.85997343 -10.003337 2.73803
-0.82328725 -10.00334 2.7406025
-0.77216923 -10.003343 2.7414415
-0.73565149 -10.003345 2.7368131
-0.69710207 -10.003348 2.7394419
-0.65803099 -10.00335 2.7421057
-0.618294 -10.003352 2.7397201
-0.57801199 -10.003355 2.737319
-0.53703153 -10.003358 2.7400334
-0.49548006 -10.003361 2.7427857
-0.46739054 -10.003363 2.7394171
-0.42465997 -10.003365 2.7369351
-0.38132095 -10.003367 2.7397213
-0.33720326 -10.00337 2.7425575
-0.29244661 -10.003373 2.7400353
-0.26217473 -10.003375 2.7365232
-0.23157024 -10.003377 2.738431
-3.5715778 -13.045868 2.7778432
-3.5715759 -13.002224 2.7797449
-3.5715733 -12.959286 2.7816157
-3.5715714 -12.917039 2.7784641
-3.5715692 -12.875463 2.775363
-3.5715671 -12.834545 2.7821372
-3.5715652 -12.79427 2.7790558
-3.571563 -12.75462 2.7760222
-3.5715613 -12.715581 2.7826347
-3.5715594 -12.677141 2.7796202
-3.5715566 -12.620644 2.7798805
-3.5715535 -12.565275 2.7801592
-3.5715518 -12.529096 2.7772527
-3.5715499 -12.493449 2.7789764
-3.5715482 -12.458324 2.7806747
-3.5715466 -12.423712 2.7778277
-3.5715446 -12.389597 2.77951
-3.571542 -12.339398 2.779773
-3.5715401 -12.290147 2.780021
-3.5715382 -12.257927 2.7816403
-3.5715365 -12.226156 2.7789056
-3.5715339 -12.179375 2.7791657
-3.5715318 -12.133445 2.7794116
-3.5715301 -12.103379 2.7809803
-3.5715284 -12.06071 2.7790329
-3.5715261 -12.015577 2.7814312
-3.5715249 -11.987082 2.7788424
-3.5715222 -11.943542 2.7811975
-3.5715203 -11.90381 2.7793233
-3.5715179 -11.863417 2.7795482
-3.571516 -11.823709 2.7797861
-3.5715146 -11.784832 2.7800021
-3.5715115 -11.734068 2.779021
-3.5715101 -11.696777 2.7792437
-3.5715079 -11.660242 2.7794707
-3.5715055 -11.613579 2.7803166
-3.5715039 -11.57742 2.7787344
-3.571502 -11.544057 2.7807305
-3.5714996 -11.497045 2.7799089
-3.5714974 -11.455112 2.7788637
-3.5714953 -11.411199 2.7798035
-3.5714939 -11.379614 2.7800031
-3.5714922 -11.348619 2.7802048
-3.5714905 -11.307145 2.7810938
-3.5714881 -11.268388 2.7784424
-3.5714862 -11.220052 2.7799108
-3.5714836 -11.172923 2.7813313
-3.5714817 -11.13615 2.780462
-3.5714798 -11.100148 2.779628
-3.5714781 -11.065563 2.7803636
-3.5714762 -11.021871 2.780174
-3.5714738 -10.979229 2.7799938
-3.5714717 -10.938128 2.7807696
-3.5714693 -10.899634 2.7794669
-3.5714679 -10.860884 2.7803054
-3.5714653 -10.822076 2.780592
-3.5714638 -10.784265 2.78087
-3.5714619 -10.741621 2.7802088
-3.5714598 -10.699439 2.7805331
-3.5714569 -10.65841 2.7799048
-3.5714562 -10.61849 2.7802241
-3.571454 -10.579632 2.7805357
-3.5714517 -10.541253 2.7799401
-3.5714493 -10.498914 2.7802925
-3.5714478 -10.457763 2.7806354
-3.5714457 -10.422042 2.7791953
-3.5714428 -10.383153 2.7795432
-3.5714417 -10.339664 2.7801495
-3.5714405 -10.297213 2.7794821
-3.5714369 -10.256271 2.7794569
-3.5714343 -10.216158 2.7800217
-3.571434 -10.177994 2.7799914
-3.5714324 -10.140973 2.7799659
-3.5714278 -10.100216 2.7797811
-3.5714266 -10.060499 2.7795968
-3.5698066 -10.01722 2.7801983
-3.5401716 -10.003179 2.7798014
-3.5007982 -10.00318 2.780251
-3.4601407 -10.00318 2.7798474
-3.4178228 -10.00318 2.7800221
-3.3797894 -10.003182 2.779762
-3.3409944 -10.003185 2.7802925
-3.3009264 -10.003197 2.7804322
-3.2627287 -10.003197 2.7796693
-3.2230659 -10.003198 2.7797296
-3.182164 -10.003202 2.779793
-3.1400352 -10.003203 2.7802982
-3.1001241 -10.003203 2.7802024
-3.059031 -10.003204 2.7793927
-3.0170064 -10.003205 2.7800047
-2.9775383 -10.003206 2.7799103
-2.9371767 -10.003207 2.7803798
-2.8996711 -10.003212 2.7808745
-2.8611455 -10.003214 2.780221
-2.8216331 -10.003218 2.7795448
-2.7801871 -10.003222 2.7800386
-2.738611 -10.003221 2.7796206
-2.7012937 -10.003223 2.7798615
-2.6630707 -10.003223 2.780113
-2.6223488 -10.003231 2.7803144
-2.5805624 -10.003233 2.7805264
-2.538676 -10.003234 2.7799714
-2.501647 -10.003235 2.77878
-2.4630635 -10.003236 2.7799942
-2.4178858 -10.003238 2.7802391
-2.3773735 -10.00324 2.7798314
-2.3418567 -10.003245 2.779299
-2.3002627 -10.003249 2.7809036
-2.2560759 -10.00325 2.7795897
-2.218008 -10.003251 2.7802103
-2.1798968 -10.003253 2.7797267
-2.1385577 -10.003259 2.7802515
-2.0996475 -10.003261 2.7798197
-2.0564671 -10.003263 2.7803571
-2.0148523 -10.003265 2.7798533
-1.9787766 -10.003266 2.7797863
-1.9419658 -10.003267 2.7797229
-1.8968866 -10.003271 2.7803998
-1.8585358 -10.003274 2.780345
-1.8193842 -10.003277 2.7802753
-1.7795022 -10.00328 2.7802186
-1.738768 -10.003282 2.778815
-1.6972637 -10.003286 2.7800868
-1.6643748 -10.003287 2.7813845
-1.6203154 -10.00329 2.779145
-1.5773519 -10.003292 2.7812729
-1.5405133 -10.003295 2.778162
-1.5040536 -10.003296 2.7814648
-1.4659307 -10.0033 2.7782927
-1.4196777 -10.003302 2.7805052
-1.3714209 -10.003304 2.7804341
-1.332021 -10.003308 2.7795014
-1.2930429 -10.00331 2.7809088
-1.2499528 -10.003312 2.7796624
-1.2200193 -10.003315 2.7802188
-1.1884695 -10.003317 2.7783659
-1.1457584 -10.00332 2.7819438
-1.1034746 -10.003323 2.7788224
-1.0579374 -10.003325 2.7799928
-1.0115151 -10.003327 2.7811749
-0.97837782 -10.00333 2.7770398
-0.94342422 -10.003333 2.7798319
-0.89473915 -10.003335 2.7810407
-0.85997319 -10.003338 2.7768037
-0.82328725 -10.003341 2.7796624
-0.7735641 -10.003343 2.7835374
-0.73565149 -10.003345 2.7765558
-0.69710207 -10.003348 2.7794847
-0.65803099 -10.00335 2.7824531
-0.618294 -10.003352 2.7803774
-0.57801199 -10.003355 2.7782903
-0.53703153 -10.003357 2.7813241
-0.49548006 -10.003361 2.7791984
-0.46739054 -10.003363 2.7760212
-0.42465997 -10.003365 2.7791016
-0.38132095 -10.003367 2.7822251
-0.33720326 -10.00337 2.7800493
-0.29244661 -10.003373 2.7778323
-0.26217461 -10.003375 2.7799554
-0.23157024 -10.003377 2.7821019
-3.5715778 -13.045868 2.8187675
-3.5715754 -13.002224 2.8152614
-3.5715733 -12.959286 2.8218775
-3.5715714 -12.917039 2.8184028
-3.571569 -12.875463 2.8199356
-3.5715671 -12.834545 2.8214445
-3.5715652 -12.79427 2.8180552
-3.571563 -12.75462 2.8195553
-3.5715613 -12.715581 2.8210318
-3.5715594 -12.677141 2.8177233
-3.5715566 -12.622715 2.8198347
-3.5715535 -12.565275 2.8174064
-3.5715518 -12.529096 2.8188443
-3.5715499 -12.493449 2.820261
-3.571548 -12.458324 2.8216574
-3.5715466 -12.423712 2.8185124
-3.5715446 -12.389597 2.819901
-3.5715423 -12.339399 2.819732
-3.5715399 -12.290147 2.8195558
-3.5715382 -12.257927 2.8208978
-3.5715365 -12.226156 2.8178899
-3.5715342 -12.177658 2.8199568
-3.5715318 -12.133445 2.8175979
-3.5715301 -12.103379 2.823122
-3.571528 -12.059084 2.8187585
-3.5715261 -12.015577 2.8227334
-3.5715249 -11.987082 2.8198719
-3.5715225 -11.945084 2.8197043
-3.5715203 -11.90381 2.8195565
-3.5715184 -11.863417 2.8193951
-3.5715165 -11.823709 2.819253
-3.5715146 -11.784831 2.8190975
-3.5715117 -11.732929 2.8196087
-3.5715098 -11.696777 2.8213227
-3.5715082 -11.659143 2.8193169
-3.5715058 -11.612508 2.819705
-3.5715039 -11.57742 2.819557
-3.5715022 -11.543023 2.8194194
-3.5714996 -11.499064 2.8197846
-3.5714977 -11.454125 2.8202517
-3.5714953 -11.410233 2.820698
-3.5714939 -11.379615 2.8187447
-3.5714922 -11.347686 2.8204105
-3.5714905 -11.308969 2.8189764
-3.5714881 -11.268388 2.8194296
-3.5714862 -11.220052 2.8203435
-3.5714836 -11.172923 2.821223
-3.5714817 -11.13615 2.8199313
-3.5714798 -11.100148 2.8186846
-3.5714781 -11.064892 2.8206758
-3.5714757 -11.022769 2.8204613
-3.5714738 -10.980504 2.8207278
-3.5714717 -10.938973 2.8200321
-3.5714698 -10.898423 2.8193579
-3.5714684 -10.859345 2.820642
-3.571465 -10.821499 2.820972
-3.5714641 -10.785002 2.8202369
-3.5714619 -10.741623 2.8200035
-3.5714595 -10.699438 2.8207338
-3.5714574 -10.658412 2.8205001
-3.5714562 -10.618492 2.8202727
-3.571454 -10.579632 2.8200512
-3.5714514 -10.542361 2.8207495
-3.5714495 -10.49892 2.8204885
-3.5714478 -10.456722 2.8202338
-3.5714459 -10.422541 2.8191559
-3.5714428 -10.383157 2.8193629
-3.5714417 -10.339488 2.8199492
-3.5714407 -10.297213 2.8192708
-3.5714369 -10.256274 2.8198426
-3.5714345 -10.21645 2.8197844
-3.5714335 -10.177861 2.8197603
-3.5714326 -10.140703 2.8196878
-3.5714278 -10.100007 2.8197775
-3.5714269 -10.060866 2.8197343
-3.5698063 -10.01722 2.8201697
-3.5402799 -10.003179 2.8197684
-3.5009744 -10.00318 2.8202245
-3.4597838 -10.003179 2.820049
-3.4178278 -10.003181 2.820061
-3.3801963 -10.003182 2.8200159
-3.3408873 -10.003185 2.8198748
-3.3007333 -10.003197 2.8203547
-3.2627122 -10.003197 2.8197815
-3.222923 -10.003198 2.8196018
-3.1820168 -10.003202 2.8202937
-3.1398025 -10.003203 2.8201337
-3.1005182 -10.003203 2.820168
-3.0596216 -10.003204 2.8194928
-3.01722 -10.003205 2.8200898
-2.9773142 -10.003207 2.8200085
-2.9371765 -10.003207 2.8199084
-2.900141 -10.003215 2.8202062
-2.8616567 -10.003214 2.8201966
-2.8221283 -10.003218 2.8199217
-2.7815568 -10.003221 2.8199077
-2.7398565 -10.003222 2.8196213
-2.7007625 -10.003223 2.8203084
-2.6615527 -10.003225 2.8202565
-2.621738 -10.003231 2.8202143
-2.5813606 -10.003233 2.8201821
-2.5399537 -10.003234 2.8201416
-2.5022194 -10.003235 2.8188708
-2.4628417 -10.003236 2.820235
-2.4178855 -10.003238 2.8201902
-2.3773735 -10.00324 2.8202555
-2.3411539 -10.003244 2.8189609
-2.299726 -10.003248 2.8204913
-2.2568157 -10.00325 2.8203135
-2.2172565 -10.003251 2.8201041
-2.1791236 -10.003253 2.8200321
-2.1401839 -10.003256 2.819968
-2.0979898 -10.003261 2.8197477
-2.0572891 -10.003264 2.8196788
-2.0156951 -10.003264 2.8195994
-1.9787766 -10.003266 2.8211131
-1.942893 -10.003268 2.8189654
-1.8959327 -10.003271 2.8212736
-1.8585355 -10.003274 2.8190856
-1.8193817 -10.003278 2.8207009
-1.7795022 -10.00328 2.8197291
-1.738768 -10.003282 2.8187222
-1.6972637 -10.003284 2.8203983
-1.6634274 -10.003287 2.8198526
-1.6203154 -10.00329 2.8202062
-1.575377 -10.003292 2.8183427
-1.5405133 -10.003295 2.8200002
-1.505075 -10.003296 2.8216765
-1.4669695 -10.003299 2.8188682
-1.4211456 -10.003303 2.8207233
-1.371421 -10.003304 2.819571
-1.333125 -10.003307 2.82131
-1.2907952 -10.00331 2.8204546
-1.252241 -10.003312 2.8201456
-1.2200193 -10.003315 2.820683
-1.1884694 -10.003317 2.8191068
-1.1457584 -10.00332 2.8184907
-1.1010354 -10.003322 2.8200183
-1.0591799 -10.003325 2.8196919
-1.0127813 -10.003327 2.8212707
-0.97837782 -10.00333 2.8196225
-0.94342434 -10.003332 2.8179555
-0.89606738 -10.003335 2.8221071
-0.85997295 -10.003338 2.8204246
-0.82328725 -10.003341 2.8187225
-0.7735641 -10.003343 2.8229845
-0.73565149 -10.003345 2.8162985
-0.69710195 -10.003348 2.8195281
-0.65803099 -10.00335 2.8228011
-0.61638886 -10.003352 2.8182938
-0.57801199 -10.003355 2.8192613
-0.53703153 -10.003358 2.8226147
-0.49547994 -10.003361 2.8156109
-0.46739054 -10.003363 2.8178544
-0.42465997 -10.003366 2.8212674
-0.38132095 -10.003367 2.819416
-0.33720326 -10.00337 2.8175409
-0.29244661 -10.003373 2.8210287
-0.26217461 -10.003375 2.8233879
-0.23157024 -10.003377 2.8203137
-3.5715778 -13.045868 2.8596916
-3.5715754 -13.002224 2.8558517
-3.5715733 -12.959286 2.8621392
-3.5715714 -12.917039 2.8583412
-3.5715692 -12.875463 2.8645086
-3.5715671 -12.834545 2.8607521
-3.5715652 -12.79427 2.8570542
-3.571563 -12.75462 2.8630879
-3.5715613 -12.715581 2.8594291
-3.5715594 -12.677141 2.8605893
-3.5715568 -12.620644 2.8599491
-3.5715535 -12.565275 2.8593097
-3.5715518 -12.529096 2.860436
-3.5715499 -12.493449 2.861546
-3.5715482 -12.458324 2.8626399
-3.5715466 -12.423712 2.8591969
-3.5715446 -12.389597 2.860292
-3.571542 -12.339399 2.8596907
-3.5715401 -12.290147 2.8590908
-3.5715382 -12.257927 2.8601556
-3.5715365 -12.226156 2.8612056
-3.5715342 -12.181091 2.8584068
-3.5715318 -12.133445 2.8600268
-3.5715303 -12.103379 2.8610492
-3.571528 -12.059084 2.860477
-3.5715261 -12.015577 2.8599048
-3.5715249 -11.987082 2.8609014
-3.5715222 -11.945084 2.8603318
-3.5715203 -11.90381 2.8597894
-3.5715184 -11.863417 2.8592417
-3.5715165 -11.823709 2.8587201
-3.5715144 -11.785999 2.8601105
-3.5715117 -11.734068 2.8600891
-3.5715098 -11.696777 2.8595753
-3.5715086 -11.66134 2.8609161
-3.5715058 -11.611436 2.8590605
-3.5715039 -11.57742 2.8603797
-3.571502 -11.543023 2.8598804
-3.5714996 -11.497045 2.8598628
-3.5714974 -11.453137 2.8616083
-3.5714953 -11.412163 2.8596838
-3.5714939 -11.379615 2.8610084
-3.5714922 -11.34955 2.8587384
-3.5714905 -11.308057 2.8587453
-3.5714881 -11.268388 2.8604167
-3.5714858 -11.218926 2.8596289
-3.5714836 -11.172923 2.8611145
-3.5714819 -11.13615 2.859401
-3.5714798 -11.099463 2.8593946
-3.5714779 -11.064892 2.859328
-3.5714762 -11.02098 2.8607194
-3.5714741 -10.979866 2.8600142
-3.5714722 -10.938979 2.8603392
-3.5714693 -10.899634 2.8591037
-3.5714676 -10.860119 2.8609762
-3.5714657 -10.822653 2.8597627
-3.5714641 -10.784999 2.8605986
-3.5714624 -10.74162 2.8597987
-3.57146 -10.69944 2.8599775
-3.5714574 -10.658412 2.8601513
-3.5714562 -10.618491 2.8593895
-3.571454 -10.580215 2.8595819
-3.5714514 -10.54123 2.8606386
-3.5714493 -10.498707 2.8600006
-3.5714483 -10.457763 2.8598454
-3.5714457 -10.422539 2.8599937
-3.5714426 -10.382977 2.8598125
-3.5714417 -10.339488 2.8603852
-3.5714407 -10.29737 2.8596923
-3.5714364 -10.256273 2.860229
-3.5714345 -10.216747 2.8595607
-3.5714338 -10.178418 2.8600614
-3.5714324 -10.140561 2.8600254
-3.5714278 -10.100013 2.8597624
-3.5714266 -10.060745 2.859854
-3.5698066 -10.01722 2.8601401
-3.5401711 -10.003179 2.8597383
-3.5007994 -10.00318 2.8598526
-3.4603455 -10.00318 2.8599772
-3.4181149 -10.003181 2.8597615
-3.3800859 -10.003182 2.8598847
-3.3413022 -10.003186 2.860137
-3.3007987 -10.003197 2.8602703
-3.2623825 -10.003198 2.8602991
-3.2228529 -10.003198 2.8599031
-3.1822419 -10.003202 2.8603661
-3.1403458 -10.003202 2.8599329
-3.1001236 -10.003203 2.8601437
-3.059375 -10.003204 2.8596144
-3.0174389 -10.003205 2.8601663
-2.9782035 -10.003207 2.8600798
-2.9371765 -10.003207 2.8594365
-2.8996708 -10.003215 2.8595164
-2.8613997 -10.003214 2.8595967
-2.8217967 -10.003218 2.8595431
-2.7812917 -10.00322 2.8597736
-2.7395065 -10.003222 2.8603246
-2.7020369 -10.003222 2.8607786
-2.6630707 -10.003226 2.8604634
-2.6231244 -10.003231 2.8601401
-2.5821593 -10.003233 2.8598082
-2.5395305 -10.003234 2.8602622
-2.5016482 -10.003235 2.8599644
-2.4630635 -10.003236 2.8604841
-2.4178855 -10.003238 2.8601406
-2.3773735 -10.00324 2.8606794
-2.3418567 -10.003245 2.8587167
-2.2991934 -10.003249 2.8600972
-2.2560742 -10.00325 2.8597784
-2.2187648 -10.003251 2.8601298
-2.1783557 -10.003254 2.860363
-2.1385577 -10.003256 2.8594799
-2.0996475 -10.003261 2.8598819
-2.0581131 -10.003263 2.8589749
-2.0139573 -10.003264 2.8604431
-1.9787766 -10.003266 2.8586824
-1.9419682 -10.003268 2.8593621
-1.8968838 -10.003271 2.86098
-1.8585355 -10.003274 2.8578267
-1.8193817 -10.003278 2.8598228
-1.7795022 -10.00328 2.8592396
-1.7387705 -10.003282 2.8599598
-1.6972637 -10.003284 2.8607097
-1.6634274 -10.003287 2.8604934
-1.6203153 -10.00329 2.8612671
-1.5763643 -10.003293 2.8578925
-1.5405133 -10.003295 2.8618388
-1.5030322 -10.003297 2.859395
-1.4669695 -10.003299 2.861423
-1.4183149 -10.003303 2.8593013
-1.3725058 -10.003304 2.8610048
-1.3309168 -10.003307 2.8605268
-1.293043 -10.00331 2.8605571
-1.2499528 -10.003312 2.8600664
-1.2200193 -10.003315 2.8611474
-1.1884693 -10.003317 2.8598478
-1.1457584 -10.003319 2.859606
-1.102255 -10.003322 2.8593602
-1.0566946 -10.003325 2.861295
-1.0127813 -10.003327 2.8588541
-0.97837782 -10.00333 2.862205
-0.94472718 -10.003332 2.8585956
-0.89606738 -10.003334 2.8605995
-0.85997295 -10.003338 2.8640454
-0.82328725 -10.00334 2.8577824
-0.7735641 -10.003343 2.8624318
-0.73565149 -10.003345 2.8560414
-0.69710195 -10.003348 2.859571
-0.65803099 -10.00335 2.8631487
-0.618294 -10.003352 2.8566227
-0.57801199 -10.003355 2.8602326
-0.53899652 -10.003358 2.8615112
-0.49547958 -10.003361 2.8572252
-0.46739054 -10.003363 2.8596876
-0.42670912 -10.003365 2.8609891
-0.38132095 -10.003367 2.8566072
-0.33720326 -10.00337 2.8603888
-0.29244646 -10.003373 2.8588257
-0.26217461 -10.003375 2.8613911
-0.23157024 -10.003377 2.8585258
-3.5715778 -13.045868 2.9006157
-3.5715754 -13.002224 2.8964419
-3.5715733 -12.959287 2.9024007
-3.5715714 -12.917039 2.8982797
-3.5715692 -12.875463 2.9041293
-3.5715671 -12.834545 2.9000592
-3.5715652 -12.79427 2.8960533
-3.571563 -12.75462 2.9017837
-3.5715613 -12.715581 2.8978264
-3.5715594 -12.677141 2.9034553
-3.5715566 -12.618572 2.9000118
-3.5715535 -12.565275 2.9012127
-3.5715518 -12.529096 2.8974066
-3.5715499 -12.493449 2.9028311
-3.5715482 -12.458324 2.8990688
-3.5715466 -12.423712 2.8998818
-3.5715446 -12.389597 2.9006827
-3.571542 -12.339399 2.8996496
-3.5715399 -12.290147 2.8986259
-3.5715382 -12.257927 2.8994133
-3.5715365 -12.226156 2.9001899
-3.5715339 -12.179375 2.8991973
-3.5715318 -12.133445 2.902456
-3.5715301 -12.103379 2.8989768
-3.5715282 -12.057458 2.9001431
-3.5715261 -12.015577 2.8970766
-3.5715249 -11.987082 2.9019308
-3.5715225 -11.945084 2.9009595
-3.5715203 -11.90381 2.9000225
-3.5715179 -11.863417 2.8990884
-3.5715165 -11.823709 2.8981869
-3.5715141 -11.784832 2.9012094
-3.5715117 -11.735208 2.9006042
-3.5715098 -11.696777 2.8978283
-3.5715084 -11.660242 2.9007623
-3.5715055 -11.61358 2.9001803
-3.5715039 -11.57742 2.9012024
-3.571502 -11.543023 2.900341
-3.5714998 -11.499064 2.8997812
-3.5714979 -11.455112 2.9010656
-3.5714953 -11.411199 2.9005778
-3.5714939 -11.379614 2.8997502
-3.5714922 -11.348619 2.8989441
-3.5714905 -11.308057 2.9001877
-3.5714881 -11.268388 2.9014041
-3.5714862 -11.220052 2.8989503
-3.5714836 -11.172924 2.9010065
-3.5714817 -11.13615 2.8988712
-3.5714798 -11.100147 2.9000437
-3.5714777 -11.06422 2.8996081
-3.571476 -11.021873 2.8999476
-3.5714738 -10.979231 2.8992779
-3.5714717 -10.938973 2.9006469
-3.5714693 -10.898423 2.8989639
-3.5714676 -10.860113 2.9003036
-3.571465 -10.822077 2.9001424
-3.5714641 -10.784997 2.8999767
-3.5714619 -10.741621 2.9005642
-3.5714598 -10.69944 2.8992214
-3.5714574 -10.658412 2.8998029
-3.5714562 -10.619089 2.8994615
-3.571454 -10.579052 2.8999858
-3.5714517 -10.541793 2.9005506
-3.5714495 -10.498515 2.89955
-3.5714478 -10.456744 2.9002955
-3.5714457 -10.422538 2.8999624
-3.5714428 -10.383156 2.9002836
-3.5714414 -10.338967 2.9001863
-3.5714405 -10.297214 2.900094
-3.5714369 -10.256119 2.8999906
-3.5714343 -10.216603 2.8999155
-3.5714338 -10.17786 2.9004304
-3.5714326 -10.141105 2.8997295
-3.5714281 -10.100616 2.9002166
-3.5714269 -10.060867 2.8999898
-3.5697803 -10.016862 2.8997896
-3.5401711 -10.003179 2.899987
-3.5008843 -10.00318 2.8998182
-3.4599404 -10.003179 2.8998899
-3.4179201 -10.00318 2.8997982
-3.3800831 -10.003182 2.899766
-3.3411007 -10.003188 2.9004052
-3.3007336 -10.003197 2.9001935
-3.2623827 -10.003198 2.9004047
-3.2227807 -10.003198 2.9002066
-3.1819425 -10.003202 2.8999803
-3.140347 -10.003203 2.9002237
-3.100518 -10.003203 2.9000971
-3.0597918 -10.003204 2.8997388
-3.0172231 -10.003205 2.8997045
-2.977983 -10.003206 2.9001651
-2.9376326 -10.003207 2.8995383
-2.8996708 -10.003214 2.8995554
-2.8611453 -10.003214 2.8995857
-2.8216326 -10.003218 2.8999097
-2.7807479 -10.003221 2.899662
-2.738611 -10.003221 2.9002936
-2.700556 -10.003223 2.9004672
-2.6621158 -10.003226 2.8998663
-2.6221447 -10.003231 2.9000394
-2.5811546 -10.003234 2.9002163
-2.5391045 -10.003234 2.9003983
-2.5016465 -10.003235 2.9000177
-2.4630635 -10.003236 2.8999069
-2.4178855 -10.003238 2.9000914
-2.3773737 -10.00324 2.9011042
-2.3418567 -10.003245 2.8995559
-2.2986643 -10.003249 2.8997211
-2.2553384 -10.00325 2.8992691
-2.218008 -10.003251 2.9000232
-2.1798968 -10.003253 2.9008026
-2.1401842 -10.003257 2.8991623
-2.0979898 -10.003261 2.8998463
-2.0564137 -10.003263 2.8993826
-2.0157454 -10.003264 2.9002228
-1.9787765 -10.003266 2.9000089
-1.9410362 -10.003269 2.8997869
-1.8968838 -10.003271 2.8993471
-1.8592401 -10.003274 2.8985865
-1.8183926 -10.003278 2.9002166
-1.7795022 -10.00328 2.8987503
-1.7387677 -10.003282 2.9011972
-1.6972637 -10.003285 2.9010215
-1.6624799 -10.003287 2.8989973
-1.6215607 -10.003289 2.9009984
-1.5763643 -10.003293 2.8993821
-1.5415175 -10.003295 2.9016938
-1.5040535 -10.003297 2.8996069
-1.4680085 -10.0033 2.9019599
-1.4210443 -10.003303 2.8995557
-1.3703361 -10.003304 2.8998973
-1.3331248 -10.003307 2.9002559
-1.2907954 -10.00331 2.9001424
-1.2522411 -10.003312 2.9005094
-1.2200193 -10.003315 2.9016118
-1.1884693 -10.003317 2.9005885
-1.1457584 -10.00332 2.9007215
-1.1034746 -10.003322 2.8986707
-1.0579371 -10.003325 2.9009943
-1.0140474 -10.003327 2.8989079
-0.97837782 -10.00333 2.9000564
-0.94212151 -10.003332 2.9012167
-0.8960672 -10.003335 2.8990927
-0.85997295 -10.003338 2.9028192
-0.82465482 -10.00334 2.8994093
-0.7735641 -10.003343 2.9018791
-0.73565149 -10.003345 2.8957841
-0.69710195 -10.003348 2.8996143
-0.65803099 -10.00335 2.9034963
-0.618294 -10.003353 2.89728
-0.57801199 -10.003355 2.9012036
-0.53703153 -10.003358 2.9000211
-0.49547958 -10.003361 2.8988395
-0.46739054 -10.003363 2.9015207
-0.42261082 -10.003366 2.8975029
-0.38132095 -10.003367 2.8991108
-0.33931923 -10.00337 2.900737
-0.29244614 -10.003373 2.8966227
-0.26217461 -10.003375 2.8993945
-0.23157024 -10.003377 2.9021969
-3.5458746 -13.364937 2.9499726
-3.5306129 -13.349395 2.9499729
-3.5629561 -13.273878 2.9499726
-3.5479851 -13.258632 2.9499729
-3.5720537 -13.178742 2.9499729
-3.5573623 -13.163781 2.9499729
-3.588028 -13.094441 2.9499729
-3.5720849 -13.054339 2.9398115
-3.606967 -13.016785 2.9499729
-3.5777678 -13.00316 2.9364622
-3.5821838 -12.991544 2.9499729
-3.6148026 -12.931252 2.9499729
-3.5715733 -12.959287 2.9376299
-3.5803764 -12.908969 2.9427953
-3.6292 -12.855653 2.9499731
-3.5715692 -12.875463 2.938797
-3.608696 -12.834771 2.9499731
-3.5810673 -12.822743 2.9433217
-3.6498227 -12.78948 2.9499731
-3.6330283 -12.772377 2.9499731
-3.5715652 -12.79427 2.9350526
-3.6664505 -12.722169 2.9499731
-3.612875 -12.751853 2.9499731
-3.5821426 -12.742973 2.9428079
-3.6499381 -12.705353 2.9499731
-3.6301236 -12.685173 2.9499731
-3.5733078 -12.715038 2.9388433
-3.6727846 -12.64716 2.9499731
-3.6103086 -12.664994 2.9499731
-3.5791333 -12.66421 2.9420664
-3.6500497 -12.624006 2.9499731
-3.6305623 -12.60416 2.9499731
-3.5729887 -12.623323 2.9389479
-3.6884978 -12.584352 2.9499731
-3.6725225 -12.568082 2.9499731
-3.6110754 -12.584315 2.9499731
-3.5795674 -12.564954 2.9402714
-3.7037082 -12.523554 2.9499731
-3.650157 -12.545305 2.9499731
-3.6309869 -12.525782 2.9499731
-3.5739002 -12.536477 2.9395759
-3.6911328 -12.510746 2.9499731
-3.6722691 -12.491535 2.9499731
-3.6118169 -12.50626 2.9499731
-3.5799885 -12.490765 2.940954
-3.7060618 -12.452065 2.9499731
-3.6502614 -12.469124 2.9499731
-3.6282539 -12.446712 2.9499731
-3.574321 -12.463456 2.9403229
-3.7266214 -12.401407 2.9499731
-3.6874955 -12.433157 2.9499731
-3.6689289 -12.414248 2.9499731
-3.6093905 -12.427501 2.9499731
-3.5810366 -12.416001 2.9430094
-3.7205286 -12.395203 2.9499731
-3.70225 -12.376589 2.9499731
-3.6472683 -12.392189 2.9499731
-3.6256073 -12.370129 2.9499731
-3.5728498 -12.390669 2.9392483
-3.7315533 -12.337021 2.9499733
-3.7017624 -12.341387 2.9499731
-3.6626461 -12.336255 2.9499731
-3.6070406 -12.351221 2.9499731
-3.578315 -12.336565 2.9410908
-3.7452013 -12.2836 2.9499733
-3.698554 -12.303416 2.9499731
-3.6594379 -12.298283 2.9499731
-3.6230423 -12.295923 2.9499731
-3.5718319 -12.295429 2.9370091
-3.7304275 -12.268555 2.9499733
-3.7126987 -12.250499 2.9499731
-3.6565552 -12.260643 2.9499731
-3.604764 -12.277308 2.9499731
-3.5808802 -12.258406 2.9440992
-3.7438898 -12.216938 2.9499733
-3.6920149 -12.229433 2.9499731
-3.6713312 -12.208369 2.9499731
-3.6205561 -12.223981 2.9499731
-3.5771403 -12.221443 2.9378686
-3.7655649 -12.175592 2.9499733
-3.7438984 -12.174666 2.9499733
-3.7031355 -12.175433 2.9499733
-3.6506476 -12.187305 2.9499731
-3.6299636 -12.166241 2.9499731
-3.5762696 -12.18086 2.9408681
-3.7753077 -12.123919 2.9499733
-3.7340114 -12.143457 2.9499733
-3.7035406 -12.133565 2.9499733
-3.665292 -12.136892 2.9499733
-3.6092801 -12.145176 2.9499731
-3.5795395 -12.130916 2.941829
-3.7639983 -12.112402 2.9499733
-3.7442074 -12.092248 2.9499733
-3.6938515 -12.102559 2.9499733
-3.6554899 -12.10577 2.9499733
-3.6245377 -12.095388 2.9499733
-3.5742643 -12.107281 2.9412606
-3.7764118 -12.065197 2.9499733
-3.7406592 -12.05871 2.9499733
-3.7046256 -12.051936 2.9499733
-3.6565607 -12.064582 2.9499733
-3.6149337 -12.064467 2.9499733
-3.5766342 -12.058136 2.9403286
-3.7857299 -12.016515 2.9499733
-3.7346046 -12.022621 2.9499733
-3.6949213 -12.022105 2.9499733
-3.6650441 -12.011626 2.9499733
-3.616401 -12.023682 2.9499733
-3.5764852 -12.013109 2.9373934
-3.802922 -11.977454 2.9499736
-3.7792869 -11.981668 2.9499736
-3.7445076 -11.974533 2.9499733
-3.6955841 -11.982882 2.9499733
-3.6555264 -11.981984 2.9499733
-3.6282892 -11.974195 2.9499733
-3.5774982 -11.987964 2.9434509
-3.8089523 -11.928566 2.9499733
-3.773109 -11.947092 2.9499736
-3.7445147 -11.936829 2.9499733
-3.706033 -11.935349 2.9499733
-3.6565638 -11.943145 2.9499733
-3.6156373 -11.946348 2.9499733
-3.5777717 -11.942273 2.9407403
-3.8200963 -11.886363 2.9499736
-3.7822187 -11.90134 2.9499738
-3.7351646 -11.90845 2.9499736
-3.7017086 -11.897005 2.9499733
-3.6648102 -11.893369 2.9499733
-3.6175435 -11.903404 2.9499733
-3.5764477 -11.903043 2.9408123
-3.8129175 -11.86602 2.9499736
-3.7816455 -11.856132 2.9499738
-3.7394435 -11.85778 2.9499738
-3.6918006 -11.864287 2.9499736
-3.6592007 -11.859372 2.9499733
-3.6263356 -11.854186 2.9499733
-3.5757113 -11.865392 2.9399583
-3.8192642 -11.824922 2.9499738
-3.783643 -11.817961 2.9499736
-3.748883 -11.81384 2.9499736
-3.7020164 -11.819663 2.9499738
-3.653857 -11.825645 2.9499733
-3.6209915 -11.820459 2.9499733
-3.5805964 -11.818871 2.9427443
-3.8467307 -11.761126 2.9499736
-3.8183923 -11.781726 2.9499738
-3.7777135 -11.782608 2.9499738
-3.7403247 -11.779058 2.9499738
-3.7023404 -11.775367 2.9499733
-3.6619151 -11.778824 2.9499733
-3.6159129 -11.787004 2.9499733
-3.5765996 -11.781402 2.939111
-3.847991 -11.73831 2.9499736
-3.8239117 -11.737887 2.9499738
-3.7772954 -11.739873 2.9499738
-3.7320461 -11.74456 2.9499736
-3.6968808 -11.740027 2.9499736
-3.6623363 -11.73641 2.9499733
-3.6218143 -11.737985 2.9499736
-3.5748451 -11.73913 2.9407105
-3.8517828 -11.702409 2.9499733
-3.8219588 -11.70147 2.9499738
-3.783345 -11.696574 2.9499738
-3.7387664 -11.700636 2.9499738
-3.69561 -11.707454 2.9499736
-3.6617234 -11.699009 2.9499733
-3.6242414 -11.697615 2.9499736
-3.5786633 -11.698495 2.9420991
-3.8532796 -11.663444 2.9499736
-3.8208804 -11.659751 2.9499738
-3.7817612 -11.660532 2.9499738
-3.7427785 -11.655261 2.9499738
-3.7002385 -11.661397 2.9499738
-3.6582556 -11.660951 2.9499738
-3.6179798 -11.66315 2.9499738
-3.5770035 -11.656826 2.9399083
-3.8598003 -11.620659 2.9499738
-3.8205097 -11.619598 2.9499738
-3.7811184 -11.619256 2.9499738
-3.7451639 -11.617523 2.9499738
-3.7047467 -11.616529 2.9499738
-3.6591413 -11.619543 2.9499738
-3.6149299 -11.625289 2.9499738
-3.5759153 -11.613163 2.9396591
-3.8828473 -11.568593 2.9499736
-3.8576801 -11.580345 2.9499738
-3.818346 -11.580039 2.9499738
-3.7779379 -11.580607 2.9499738
-3.7413561 -11.578763 2.9499738
-3.7050278 -11.576648 2.9499738
-3.6667159 -11.577798 2.9499738
-3.6206126 -11.580307 2.9499738
-3.5756152 -11.583169 2.943311
-3.884845 -11.528061 2.9499733
-3.8590298 -11.544337 2.9499738
-3.8211768 -11.538497 2.9499738
-3.7794111 -11.540386 2.9499738
-3.7385552 -11.5405 2.9499738
-3.7015939 -11.538269 2.9499738
-3.662617 -11.539195 2.9499738
-3.6261489 -11.536484 2.9499738
-3.5771384 -11.543305 2.9405289
-3.8891211 -11.490854 2.9499736
-3.8589597 -11.501698 2.9499738
-3.8188605 -11.498109 2.9499738
-3.7775156 -11.499483 2.9499738
-3.7376511 -11.502646 2.9499738
-3.6991732 -11.500392 2.9499738
-3.6614721 -11.500764 2.9499738
-3.6224194 -11.498259 2.9499738
-3.5775352 -11.496819 2.9410462
-3.8932972 -11.454521 2.9499736
-3.8609529 -11.458111 2.9499738
-3.8166013 -11.458561 2.9499738
-3.7780499 -11.461867 2.9499738
-3.7389982 -11.460257 2.9499738
-3.6986644 -11.462943 2.9499738
-3.6603909 -11.463078 2.9499738
-3.6216738 -11.460233 2.9499738
-3.5782259 -11.452708 2.9409039
-3.8951051 -11.416713 2.9499738
-3.8588245 -11.419414 2.9499738
-3.8193595 -11.419809 2.9499738
-3.7789497 -11.420217 2.9499738
-3.73756 -11.420631 2.9499738
-3.6975656 -11.423514 2.9499738
-3.659678 -11.423239 2.9499738
-3.6209848 -11.422946 2.9499738
-3.5775242 -11.412735 2.9407246
-3.9208007 -11.366272 2.9499738
-3.9010327 -11.3798 2.9499738
-3.8607738 -11.377875 2.9499738
-3.8197551 -11.379625 2.9499738
-3.7798281 -11.379551 2.9499738
-3.7389441 -11.379475 2.9499738
-3.6994519 -11.381823 2.9499738
-3.6589901 -11.384227 2.9499738
-3.6181595 -11.381755 2.9499738
-3.5769877 -11.382795 2.9416385
-3.9244361 -11.332952 2.9499738
-3.900233 -11.337922 2.9499738
-3.8606617 -11.338686 2.9499738
-3.8221796 -11.33814 2.9499738
-3.7806859 -11.339837 2.9499738
-3.7402964 -11.339293 2.9499738
-3.6989398 -11.338732 2.9499738
-3.6613436 -11.343013 2.9499738
-3.6204371 -11.34012 2.9499738
-3.5766521 -11.346804 2.9407544
-3.9279912 -11.300369 2.9499738
-3.9016151 -11.298851 2.9499738
-3.8603568 -11.297312 2.9499738
-3.8202906 -11.297571 2.9499738
-3.779372 -11.302814 2.9499738
-3.7393181 -11.297709 2.9499738
-3.7007649 -11.299032 2.9499738
-3.661288 -11.300388 2.9499738
-3.6184721 -11.299353 2.9499738
-3.5754704 -11.307134 2.9405887
-3.9327273 -11.259882 2.9499738
-3.8993392 -11.258313 2.9499738
-3.8602283 -11.259518 2.9499738
-3.8204815 -11.256701 2.9499738
-3.780097 -11.260845 2.9499738
-3.7406349 -11.2594 2.9499738
-3.7025473 -11.260261 2.9499738
-3.658886 -11.261001 2.9499738
-3.6189299 -11.257252 2.9499738
-3.5773337 -11.267105 2.9417369
-3.9350553 -11.21867 2.9499738
-3.9000225 -11.219151 2.9499738
-3.8604128 -11.218671 2.9499738
-3.8208067 -11.219371 2.9499738
-3.7820473 -11.218232 2.9499738
-3.7396748 -11.219679 2.9499738
-3.6997774 -11.222197 2.9499738
-3.6588604 -11.22028 2.9499738
-3.621702 -11.218514 2.9499738
-3.5758357 -11.221149 2.9394157
-3.9400439 -11.178883 2.9499741
-3.900707 -11.180949 2.9499738
-3.8615768 -11.179998 2.9499738
-3.821486 -11.179029 2.9499738
-3.7813852 -11.179224 2.9499738
-3.7421629 -11.177614 2.9499738
-3.6974854 -11.180587 2.9499738
-3.6588352 -11.1805 2.9499738
-3.6197343 -11.180996 2.9499738
-3.5776184 -11.176331 2.9415472
-3.9640636 -11.135645 2.9499741
-3.9399667 -11.140747 2.9499741
-3.8992081 -11.139496 2.9499738
-3.8590891 -11.141648 2.9499738
-3.81914 -11.138355 2.9499738
-3.7807686 -11.139814 2.9499738
-3.7397931 -11.137671 2.9499738
-3.7004819 -11.138193 2.9499738
-3.6588109 -11.141633 2.9499738
-3.6184039 -11.139324 2.9499738
-3.5775442 -11.138795 2.9406445
-3.9671516 -11.099989 2.9499741
-3.9410822 -11.099255 2.9499741
-3.9003656 -11.09775 2.9499741
-3.8599722 -11.103 2.9499738
-3.8205345 -11.0993 2.9499738
-3.7806747 -11.099183 2.9499738
-3.7418149 -11.100143 2.9499738
-3.7003617 -11.097514 2.9499738
-3.6587706 -11.099496 2.9499738
-3.6206551 -11.098469 2.9499738
-3.577904 -11.101554 2.9411011
-3.9687967 -11.060066 2.9499741
-3.9386914 -11.060828 2.9499741
-3.9005392 -11.059618 2.9499741
-3.8609631 -11.060288 2.9499741
-3.8200519 -11.058884 2.9499738
-3.7788374 -11.059919 2.9499738
-3.7403626 -11.060019 2.9499738
-3.7008255 -11.059365 2.9499738
-3.6587591 -11.058363 2.9499738
-3.6188049 -11.058795 2.9499738
-3.5767767 -11.064268 2.9409862
-3.9768133 -11.018104 2.9499741
-3.9409153 -11.020563 2.9499741
-3.8987644 -11.021536 2.9499741
-3.8599672 -11.018299 2.9499741
-3.8190851 -11.019921 2.9499738
-3.7787933 -11.021233 2.9499738
-3.7408235 -11.021205 2.9499738
-3.6999056 -11.020077 2.9499738
-3.6600251 -11.020389 2.9499738
-3.6192889 -11.018167 2.9499738
-3.5754933 -11.02272 2.9392254
-3.9770672 -10.979726 2.9499741
-3.939882 -10.979018 2.9499741
-3.900142 -10.981002 2.9499741
-3.8602352 -10.980927 2.9499741
-3.8217695 -10.978744 2.9499738
-3.7800007 -10.980108 2.9499738
-3.738631 -10.981437 2.9499738
-3.7005172 -10.980157 2.9499738
-3.6615334 -10.97916 2.9499738
-3.6217234 -10.978806 2.9499738
-3.5782764 -10.982041 2.9413767
-4.0007024 -10.94033 2.9499741
-3.979423 -10.940753 2.9499741
-3.9409442 -10.939935 2.9499741
-3.9009264 -10.939345 2.9499741
-3.8606184 -10.940749 2.9499741
-3.8201668 -10.940121 2.9499741
-3.7812054 -10.937434 2.9499738
-3.7392671 -10.941293 2.9499738
-3.6995263 -10.940506 2.9499738
-3.6605721 -10.939477 2.9499738
-3.6206234 -10.938074 2.9499738
-3.5773976 -10.939735 2.9407089
-4.0043993 -10.901837 2.9499741
-3.9805081 -10.898216 2.9499741
-3.9393847 -10.899978 2.9499741
-3.9003983 -10.900483 2.9499741
-3.86042 -10.900976 2.9499741
-3.819725 -10.899253 2.9499741
-3.7800989 -10.899316 2.9499741
-3.7413881 -10.901729 2.9499738
-3.7003834 -10.899034 2.9499738
-3.6593349 -10.900681 2.9499738
-3.620626 -10.900337 2.9499738
-3.5779583 -10.899205 2.9411864
-4.0095577 -10.858467 2.9499741
-3.9789338 -10.859496 2.9499741
-3.9394364 -10.860238 2.9499741
-3.8998275 -10.859693 2.9499741
-3.8592646 -10.860472 2.9499741
-3.8200433 -10.859858 2.9499741
-3.7801988 -10.858998 2.9499741
-3.740279 -10.860134 2.9499738
-3.7025537 -10.858933 2.9499738
-3.66208 -10.860025 2.9499738
-3.6199317 -10.86156 2.9499738
-3.5767519 -10.859687 2.9403582
-4.0137668 -10.818933 2.9499741
-3.9810545 -10.819739 2.9499741
-3.9396908 -10.81986 2.9499741
-3.8996353 -10.819149 2.9499741
-3.8594491 -10.820265 2.9499741
-3.8205009 -10.819656 2.9499741
-3.7796609 -10.819277 2.9499741
-3.7391684 -10.81964 2.9499741
-3.7006667 -10.820966 2.9499738
-3.6604476 -10.819299 2.9499738
-3.6189716 -10.821071 2.9499738
-3.5767443 -10.820368 2.9417586
-4.0160918 -10.778453 2.9499741
-3.9814672 -10.78054 2.9499741
-3.9411697 -10.779122 2.9499741
-3.9003587 -10.780701 2.9499741
-3.8619103 -10.779099 2.9499741
-3.8195145 -10.779823 2.9499741
-3.7806425 -10.779687 2.9499741
-3.7406592 -10.779558 2.9499741
-3.699245 -10.780787 2.9499741
-3.6605647 -10.780126 2.9499738
-3.6208456 -10.779478 2.9499738
-3.576376 -10.7835 2.9396417
-4.0200191 -10.738681 2.9499741
-3.9783447 -10.740252 2.9499741
-3.939929 -10.739583 2.9499741
-3.9001362 -10.740101 2.9499741
-3.8591676 -10.740566 2.9499741
-3.819854 -10.738453 2.9499741
-3.779211 -10.740372 2.9499741
-3.7385166 -10.740151 2.9499741
-3.7003138 -10.739978 2.9499741
-3.6596611 -10.740476 2.9499741
-3.6204627 -10.739287 2.9499741
-3.5772514 -10.741444 2.9409313
-4.0439572 -10.702606 2.9499741
-4.0210223 -10.698905 2.9499741
-3.9809327 -10.700064 2.9499741
-3.939677 -10.69976 2.9499741
-3.9006081 -10.69954 2.9499741
-3.8602109 -10.69944 2.9499741
-3.819562 -10.700393 2.9499741
-3.779572 -10.699203 2.9499741
-3.7406709 -10.700887 2.9499741
-3.701297 -10.699597 2.9499741
-3.6612923 -10.700239 2.9499741
-3.6200786 -10.700164 2.9499741
-3.5767705 -10.699804 2.9405353
-4.0488453 -10.660255 2.9499741
-4.0211568 -10.659547 2.9499741
-3.9806409 -10.660116 2.9499741
-3.9403076 -10.65858 2.9499741
-3.8989437 -10.659447 2.9499741
-3.8601627 -10.660543 2.9499741
-3.8210714 -10.659912 2.9499741
-3.779633 -10.659729 2.9499741
-3.7413721 -10.659635 2.9499741
-3.6995163 -10.659211 2.9499741
-3.6599729 -10.661091 2.9499741
-3.6222703 -10.660499 2.9499741
-3.5770018 -10.659133 2.9406209
-4.0520835 -10.618601 2.9499743
-4.0214658 -10.619687 2.9499741
-3.9806736 -10.620275 2.9499741
-3.9407165 -10.618723 2.9499741
-3.9012222 -10.618887 2.9499741
-3.8601887 -10.619979 2.9499741
-3.8200378 -10.621527 2.9499741
-3.781141 -10.619246 2.9499741
-3.7388811 -10.619572 2.9499741
-3.6996078 -10.620395 2.9499741
-3.6603487 -10.620923 2.9499741
-3.6199574 -10.621424 2.9499741
-3.5773547 -10.619284 2.9406343
-4.0561428 -10.579154 2.9499743
-4.0202832 -10.579294 2.9499741
-3.9792666 -10.578952 2.9499741
-3.9395089 -10.579737 2.9499741
-3.9002125 -10.578209 2.9499741
-3.8610294 -10.58023 2.9499741
-3.8194664 -10.580866 2.9499741
-3.7794821 -10.581257 2.9499741
-3.7412829 -10.57972 2.9499741
-3.6989882 -10.580467 2.9499741
-3.6603169 -10.580381 2.9499741
-3.6204727 -10.580325 2.9499741
-3.5762813 -10.579884 2.9410541
-4.0582776 -10.53924 2.9499743
-4.0196114 -10.539598 2.9499741
-3.9796145 -10.539668 2.9499741
-3.9395995 -10.538553 2.9499741
-3.9004383 -10.539049 2.9499741
-3.8598776 -10.540824 2.9499741
-3.8206267 -10.539084 2.9499741
-3.7808409 -10.540356 2.9499741
-3.7400875 -10.541137 2.9499741
-3.7013369 -10.539038 2.9499741
-3.6605701 -10.53982 2.9499741
-3.6222737 -10.539012 2.9499741
-3.5778818 -10.541072 2.9411249
-4.0825744 -10.496145 2.9499743
-4.058599 -10.49967 2.9499743
-4.0193477 -10.500367 2.9499743
-3.9809299 -10.499755 2.9499741
-3.9405844 -10.499921 2.9499741
-3.8996179 -10.499049 2.9499741
-3.8594718 -10.50071 2.9499741
-3.819813 -10.499497 2.9499741
-3.7802951 -10.499485 2.9499741
-3.7402232 -10.49899 2.9499741
-3.6995506 -10.501537 2.9499741
-3.6602876 -10.497646 2.9499741
-3.619308 -10.500839 2.9499741
-3.5759773 -10.499911 2.9398673
-4.0873981 -10.45677 2.9499743
-4.0607572 -10.459906 2.9499743
-4.0202417 -10.46085 2.9499743
-3.9803717 -10.459549 2.9499743
-3.9394774 -10.460524 2.9499743
-3.8996117 -10.459027 2.9499743
-3.8596737 -10.460082 2.9499741
-3.8200116 -10.460204 2.9499741
-3.7803268 -10.46034 2.9499741
-3.7415447 -10.458793 2.9499741
-3.7004616 -10.45967 2.9499741
-3.659095 -10.460548 2.9499741
-3.6206772 -10.459316 2.9499741
-3.5785718 -10.459029 2.9417763
-4.0907383 -10.419475 2.9499743
-4.0597506 -10.419311 2.9499743
-4.018961 -10.420164 2.9499743
-3.9800534 -10.419922 2.9499743
-3.9407082 -10.419826 2.9499743
-3.9002585 -10.420376 2.9499743
-3.860568 -10.419267 2.9499741
-3.8199594 -10.419636 2.9499741
-3.7798421 -10.420858 2.9499741
-3.7387748 -10.419525 2.9499741
-3.7007251 -10.418747 2.9499741
-3.6606696 -10.420218 2.9499741
-3.6185091 -10.420353 2.9499741
-3.5768182 -10.421414 2.9408202
-4.0936012 -10.379104 2.9499743
-4.0600152 -10.379887 2.9499743
-4.0197129 -10.379832 2.9499743
-3.9794586 -10.379936 2.9499743
-3.9395344 -10.379723 2.9499743
-3.8999918 -10.380127 2.9499743
-3.8600695 -10.379653 2.9499743
-3.8205109 -10.379291 2.9499741
-3.7804012 -10.380027 2.9499741
-3.7406013 -10.380352 2.9499741
-3.7013876 -10.379946 2.9499741
-3.6609268 -10.379524 2.9499741
-3.6202214 -10.379145 2.9499741
-3.5765281 -10.382246 2.9405475
-4.0976133 -10.338773 2.9499743
-4.0596113 -10.340431 2.9499743
-4.0207195 -10.340023 2.9499743
-3.9812322 -10.339717 2.9499743
-3.9399567 -10.339705 2.9499743
-3.8994675 -10.340207 2.9499743
-3.860615 -10.33975 2.9499743
-3.8207903 -10.339649 2.9499741
-3.7796471 -10.340304 2.9499741
-3.7395892 -10.340281 2.9499741
-3.6998596 -10.340127 2.9499741
-3.6590736 -10.340022 2.9499741
-3.6204519 -10.339571 2.9499741
-3.5771325 -10.339915 2.9407167
-4.1213946 -10.291185 2.9499748
-4.0993643 -10.299892 2.9499743
-4.059464 -10.299933 2.9499743
-4.0195055 -10.299588 2.9499743
-3.979562 -10.299914 2.9499743
-3.9399405 -10.299769 2.9499743
-3.8998976 -10.300039 2.9499743
-3.8600724 -10.300426 2.9499743
-3.8202221 -10.299134 2.9499741
-3.78004 -10.300258 2.9499741
-3.7396429 -10.299653 2.9499741
-3.6989088 -10.300598 2.9499741
-3.66014 -10.299884 2.9499741
-3.6202645 -10.301242 2.9499741
-3.5773461 -10.297211 2.9409354
-4.1255794 -10.257658 2.9499743
-4.1010051 -10.259835 2.9499743
-4.0610094 -10.259957 2.9499743
-4.0199533 -10.259697 2.9499743
-3.9802954 -10.259215 2.9499743
-3.9401865 -10.260313 2.9499743
-3.8997879 -10.259332 2.9499743
-3.8600287 -10.260418 2.9499743
-3.8198364 -10.259452 2.9499743
-3.7801974 -10.260908 2.9499741
-3.7406352 -10.258592 2.9499741
-3.7005424 -10.259832 2.9499741
-3.6591253 -10.260085 2.9499741
-3.6186769 -10.260452 2.9499741
-3.5764911 -10.256848 2.9404409
-4.1283073 -10.218882 2.9499743
-4.1002626 -10.220051 2.9499743
-4.0602045 -10.22029 2.9499743
-4.0207691 -10.220619 2.9499743
-3.980442 -10.21946 2.9499743
-3.9397495 -10.219312 2.9499743
-3.900121 -10.219508 2.9499743
-3.8594928 -10.218961 2.9499743
-3.8198311 -10.219969 2.9499743
-3.7804987 -10.220266 2.9499743
-3.7400248 -10.219108 2.9499741
-3.6998279 -10.219442 2.9499741
-3.659831 -10.220677 2.9499741
-3.6201699 -10.220449 2.9499741
-3.5765638 -10.218071 2.9406569
-4.1328936 -10.17972 2.9499743
-4.100358 -10.180245 2.949975
-4.0601907 -10.180311 2.9499745
-4.0201125 -10.179959 2.9499743
-3.9801855 -10.179757 2.9499743
-3.9406569 -10.179047 2.9499743
-3.8998287 -10.179894 2.9499743
-3.8597512 -10.179399 2.9499743
-3.8200431 -10.179787 2.9499743
-3.7802832 -10.179691 2.9499743
-3.7402489 -10.179275 2.9499743
-3.6995492 -10.178924 2.9499741
-3.6604745 -10.180057 2.9499741
-3.6206944 -10.180819 2.9499741
-3.5774121 -10.179981 2.9413147
-4.1363587 -10.140015 2.9499743
-4.0998077 -10.139925 2.9499755
-4.06036 -10.139703 2.9499748
-4.0202756 -10.139662 2.9499745
-3.9805503 -10.139417 2.9499743
-3.9396648 -10.139825 2.9499743
-3.9007292 -10.139516 2.9499743
-3.860424 -10.140187 2.9499743
-3.8201861 -10.139589 2.9499743
-3.7799509 -10.140017 2.9499743
-3.7400296 -10.139514 2.9499743
-3.7009985 -10.139395 2.9499741
-3.6604352 -10.139507 2.9499741
-3.6203754 -10.139388 2.9499741
-3.5770991 -10.141422 2.9408062
-4.1610441 -10.085577 2.9499745
-4.1395111 -10.099729 2.949976
-4.1006155 -10.100153 2.9499757
-4.0606141 -10.09929 2.9499753
-4.020823 -10.099517 2.949975
-3.9797242 -10.099853 2.9499745
-3.9399321 -10.100078 2.9499743
-3.8997836 -10.09993 2.9499743
-3.8606672 -10.099679 2.9499743
-3.8201072 -10.099127 2.9499743
-3.780225 -10.100185 2.9499743
-3.7409048 -10.10025 2.9499743
-3.7001777 -10.099934 2.9499743
-3.6614234 -10.10038 2.9499741
-3.6207671 -10.098691 2.9499741
-3.5763276 -10.100504 2.940484
-4.1641841 -10.055277 2.9499743
-4.140408 -10.060139 2.9499764
-4.1003957 -10.059551 2.949976
-4.0607839 -10.059589 2.9499757
-4.0200701 -10.059908 2.9499755
-3.9798505 -10.059344 2.9499748
-3.9403098 -10.059998 2.9499745
-3.9001729 -10.060302 2.9499743
-3.8600688 -10.060122 2.9499743
-3.8211141 -10.059399 2.9499743
-3.7806954 -10.059854 2.9499743
-3.7399886 -10.060418 2.9499743
-3.7007654 -10.059394 2.9499743
-3.6609242 -10.0603 2.9499741
-3.6211488 -10.059364 2.9499741
-3.5781705 -10.060596 2.9417133
-4.1677494 -10.018296 2.9499743
-4.1400065 -10.019587 2.9499769
-4.0998826 -10.019764 2.9499764
-4.0605731 -10.019896 2.949976
-4.0208664 -10.01997 2.949976
-3.9805965 -10.019373 2.9499755
-3.9406695 -10.019443 2.9499748
-3.9003491 -10.020206 2.9499745
-3.8594587 -10.020166 2.9499743
-3.8194935 -10.019918 2.9499743
-3.7799315 -10.019361 2.9499743
-3.7401948 -10.02002 2.9499743
-3.7003877 -10.020075 2.9499743
-3.6600175 -10.019454 2.9499741
-3.6200056 -10.019794 2.9499741
-3.5743835 -10.017917 2.9393413
-3.5402172 -10.003108 2.9357352
-3.5005007 -10.003128 2.9355342
-3.4601007 -10.003144 2.9354603
-3.4175341 -10.003079 2.9357553
-3.3795121 -10.003078 2.935967
-3.3405952 -10.003164 2.9354529
-3.3011363 -10.003104 2.935564
-3.2627094 -10.003119 2.9358845
-3.2229965 -10.003136 2.935802
-3.1821361 -10.003151 2.9352965
-3.1397722 -10.003159 2.9356368
-3.100317 -10.003203 2.9352753
-3.059165 -10.003086 2.9357352
-3.0172505 -10.003175 2.9353836
-2.978164 -10.003093 2.9357846
-2.9369731 -10.003123 2.9356036
-2.8988521 -10.003119 2.9359391
-2.8608122 -10.003218 2.9349535
-2.8215156 -10.003138 2.9358473
-2.7813699 -10.00322 2.9353411
-2.7400811 -10.003156 2.9356942
-2.7013586 -10.003173 2.93556
-2.6617882 -10.003082 2.9353719
-2.6223862 -10.003199 2.9352405
-2.5815377 -10.003098 2.9358261
-2.5396111 -10.003222 2.9357083
-2.5018601 -10.003079 2.9356802
-2.4633546 -10.003236 2.9352174
-2.4183323 -10.003136 2.9358337
-2.3782735 -10.003242 2.93594
-2.3428795 -10.00313 2.9358375
-2.3008232 -10.003247 2.9350042
-2.2571034 -10.003165 2.9353273
-2.2180121 -10.003251 2.9352629
-2.1782095 -10.003196 2.9363337
-2.1383646 -10.003259 2.9351015
-2.1002383 -10.003019 2.9362166
-2.058403 -10.00324 2.9350195
-2.0152135 -10.003056 2.9360774
-1.9787761 -10.003266 2.9375784
-1.9419657 -10.003269 2.9352276
-1.8983687 -10.003096 2.9351158
-1.8585355 -10.003274 2.9353006
-1.819672 -10.003121 2.9367115
-1.7795019 -10.00328 2.9343095
-1.7387638 -10.003282 2.9357834
-1.6976063 -10.003107 2.9372323
-1.6634274 -10.003287 2.9336562
-1.620311 -10.003289 2.9351654
-1.5765982 -10.003178 2.9366767
-1.5392221 -10.003295 2.9349172
-1.5053666 -10.003297 2.9356029
-1.4656336 -10.003301 2.9357526
-1.4197506 -10.003266 2.9353335
-1.3722993 -10.0029 2.9368219
-1.3306013 -10.003306 2.9350915
-1.2933642 -10.00331 2.935812
-1.2496258 -10.003312 2.9359715
-1.2215903 -10.002623 2.9373064
-1.1884693 -10.003317 2.9368031
-1.1472977 -10.00332 2.9351258
-1.1006869 -10.003322 2.9352837
-1.0603045 -10.003001 2.9359148
-1.0111533 -10.003327 2.9362128
-0.97837782 -10.00333 2.9331763
-0.9434244 -10.003332 2.9370918
-0.89839107 -10.003088 2.9352303
-0.85997295 -10.003338 2.9367464
-0.82328725 -10.00334 2.93589
-0.7735641 -10.003343 2.9363956
-0.73640847 -10.003056 2.9354124
-0.69710177 -10.003348 2.9346521
-0.65803099 -10.00335 2.9388001
-0.618294 -10.003353 2.9328554
-0.57801199 -10.003355 2.9370537
-0.53728038 -10.003266 2.9361143
-0.49547958 -10.003361 2.9352522
-0.46739054 -10.003363 2.9381249
-0.42465997 -10.003366 2.9319537
-0.38132095 -10.003367 2.9363022
-0.33720326 -10.00337 2.935358
-0.29244614 -10.003373 2.9344196
-0.26217461 -10.003375 2.9373977
-0.23157024 -10.003377 2.9349499
-4.1712904 -9.9787359 2.9499743
-4.1403723 -9.9795227 2.9499772
-4.1000957 -9.9799156 2.9499769
-4.0601144 -9.9798336 2.9499764
-4.0201917 -9.9795408 2.9499764
-3.9798143 -9.9803963 2.9499755
-3.9404166 -9.9790993 2.9499753
-3.9005318 -9.9802332 2.949975
-3.8600914 -9.9798079 2.9499745
-3.8197415 -9.9793882 2.9499743
-3.7796352 -9.9800663 2.9499743
-3.7397301 -9.9800501 2.9499741
-3.7005041 -9.980052 2.9499743
-3.6599247 -9.9799767 2.9499743
-3.6191335 -9.9795437 2.9499741
-3.5797076 -9.9790611 2.9499741
-3.540477 -9.9798059 2.9499741
-3.4995837 -9.9800014 2.9499741
-3.4593945 -9.9799643 2.9499741
-3.4216528 -9.9798746 2.9499741
-3.3811731 -9.979785 2.9499741
-3.3402689 -9.9797773 2.9499741
-3.2988138 -9.9795294 2.9499741
-3.2587991 -9.9804583 2.9499741
-3.2215033 -9.979948 2.9499741
-3.18173 -9.9795446 2.9499741
-3.1401377 -9.9800825 2.9499741
-3.10045 -9.980052 2.9499738
-3.060261 -9.9793186 2.9499738
-3.0203745 -9.980916 2.9499738
-2.9797328 -9.979825 2.9499738
-2.941268 -9.9798908 2.9499738
-2.9012218 -9.9787188 2.9499738
-2.8577907 -9.9800062 2.9499738
-2.8183646 -9.9804296 2.9499738
-2.7801692 -9.9807339 2.9499738
-2.7404697 -9.9779787 2.9499738
-2.7006381 -9.9804306 2.9499738
-2.6605206 -9.9812412 2.9499738
-2.618675 -9.9801207 2.9499738
-2.5790606 -9.9792681 2.9499736
-2.540122 -9.9812193 2.9499736
-2.5001576 -9.9788723 2.9499736
-2.4592457 -9.9808588 2.9499736
-2.4196818 -9.9791508 2.9499736
-2.3815048 -9.9814653 2.9499736
-2.3401403 -9.9785728 2.9499736
-2.3000734 -9.9816074 2.9499736
-2.2619753 -9.9782619 2.9499733
-2.2200429 -9.9806738 2.9499731
-2.1819966 -9.9783955 2.9499731
-2.1421871 -9.9770098 2.9499729
-2.0972912 -9.9794865 2.9499729
-2.0537901 -9.9846449 2.9499731
-2.0187786 -9.9794512 2.9499731
-1.9817071 -9.9793825 2.9499731
-1.9421848 -9.9738884 2.9499731
-1.8974713 -9.9819031 2.9499729
-1.8569708 -9.9846802 2.9499729
-1.8248 -9.9770651 2.9499729
-1.7823063 -9.9762154 2.9499729
-1.7362095 -9.9874439 2.9499729
-1.6999154 -9.9804058 2.9499729
-1.6633409 -9.9730797 2.9499729
-1.6170299 -9.9875107 2.9499726
-1.5858084 -9.9768553 2.9499729
-1.5431477 -9.975688 2.9499724
-1.4936368 -9.990593 2.9499726
-1.4729532 -9.9695272 2.9499729
-1.418615 -9.9815111 2.9499724
-1.3801035 -9.9769945 2.9499726
-1.344313 -9.9752502 2.9499726
-1.2893318 -9.9908504 2.9499724
-1.2707653 -9.9719429 2.9499724
-1.2105837 -9.984539 2.9499724
-1.1917202 -9.9653282 2.9499724
-1.1356647 -9.9845295 2.9499722
-1.1164947 -9.9650059 2.9499722
-1.0550216 -9.9812117 2.9499722
-1.0355346 -9.9613667 2.9499722
-0.97827208 -9.9845095 2.9499722
-0.95845747 -9.9643307 2.9499722
-0.89554036 -9.984499 2.9499722
-0.87538719 -9.963975 2.9499722
-0.81334794 -9.9879684 2.9499722
-0.79284406 -9.9670877 2.9499722
-0.72824597 -9.9915609 2.9499719
-0.71085721 -9.9738522 2.9499719
-0.64361835 -9.998888 2.9499717
-0.62237573 -9.9772549 2.9499719
-0.53425223 -9.9844532 2.9499717
-0.51622534 -9.966095 2.9499717
-0.44650722 -9.9956627 2.9499717
-0.42447054 -9.9732208 2.9499717
-0.33296359 -9.9844284 2.9499717
-0.31424999 -9.9653702 2.9499717
-0.24171829 -9.9999571 2.9499714
-0.21882573 -9.9766436 2.9499714
-4.1748738 -9.9387417 2.9499764
-4.1402659 -9.9399185 2.9499774
-4.100585 -9.9397154 2.9499772
-4.0601435 -9.9400206 2.9499772
-4.0199003 -9.939292 2.9499762
-3.9800925 -9.9398422 2.9499762
-3.9401762 -9.9397945 2.9499755
-3.900533 -9.9397755 2.9499755
-3.8606539 -9.940155 2.9499748
-3.8205276 -9.9395294 2.9499743
-3.7804296 -9.9403639 2.9499743
-3.7399669 -9.9400883 2.9499743
-3.6991372 -9.9399567 2.9499741
-3.6594832 -9.9400759 2.9499741
-3.6198142 -9.9399071 2.9499741
-3.580214 -9.9399042 2.9499741
-3.5402408 -9.940094 2.9499741
-3.500828 -9.9394274 2.9499741
-3.4600954 -9.9404993 2.9499741
-3.4193993 -9.9398918 2.9499741
-3.3801844 -9.9392767 2.9499741
-3.3404963 -9.940052 2.9499741
-3.2997718 -9.9385357 2.9499741
-3.2603137 -9.9402103 2.9499741
-3.2194967 -9.9400759 2.9499741
-3.1787918 -9.9390736 2.9499741
-3.1412172 -9.9397106 2.9499741
-3.1000061 -9.9392128 2.9499738
-3.0603569 -9.9397974 2.9499738
-3.0194588 -9.9396343 2.9499738
-2.9793241 -9.9410858 2.9499738
-2.9400415 -9.9394026 2.9499738
-2.9005313 -9.9400158 2.9499738
-2.8600347 -9.9380894 2.9499738
-2.8201849 -9.9396429 2.9499738
-2.7792079 -9.9412193 2.9499738
-2.7405775 -9.9391823 2.9499738
-2.7027509 -9.9395638 2.9499738
-2.6602502 -9.939352 2.9499738
-2.6196642 -9.9404192 2.9499738
-2.5794344 -9.940156 2.9499738
-2.5393875 -9.9409218 2.9499738
-2.499903 -9.940259 2.9499736
-2.4599271 -9.9396229 2.9499736
-2.4203579 -9.9396029 2.9499736
-2.3802726 -9.9407072 2.9499736
-2.3393345 -9.9385195 2.9499736
-2.2997272 -9.9403725 2.9499733
-2.2589424 -9.9397211 2.9499736
-2.2206323 -9.9385519 2.9499736
-2.1808038 -9.940712 2.9499731
-2.1423666 -9.9380369 2.9499731
-2.1021373 -9.936223 2.9499729
-2.0592599 -9.9407558 2.9499731
-2.0152617 -9.9454079 2.9499731
-1.9791592 -9.9424868 2.9499731
-1.9441664 -9.9342003 2.9499731
-1.9052595 -9.9362831 2.9499731
-1.8573703 -9.9410648 2.9499726
-1.8108699 -9.9487371 2.9499729
-1.7826581 -9.9341488 2.9499729
-1.7438318 -9.9370327 2.9499729
-1.6944021 -9.9448671 2.9499729
-1.6539974 -9.9436159 2.9499729
-1.6237595 -9.9327698 2.9499729
-1.5768707 -9.9466124 2.9499726
-1.5454508 -9.9357538 2.9499729
-1.5053046 -9.937149 2.9499726
-1.4522696 -9.9484634 2.9499726
-1.4315858 -9.9273996 2.9499729
-1.3766161 -9.9387379 2.9499724
-1.3260345 -9.9566345 2.9499726
-1.3077561 -9.9380188 2.9499726
-1.2521988 -9.9530344 2.9499724
-1.2305381 -9.930975 2.9499724
-1.1728567 -9.9461174 2.9499724
-1.1539932 -9.9269066 2.9499724
-1.0973245 -9.9454842 2.9499722
-1.0781543 -9.9259605 2.9499722
-1.0160474 -9.9415207 2.9499722
-0.99656034 -9.9216747 2.9499722
-0.9386431 -9.9441509 2.9499722
-0.91882849 -9.9239721 2.9499722
-0.85523373 -9.9434509 2.9499722
-0.83843946 -9.9263477 2.9499722
-0.77234036 -9.946207 2.9499722
-0.75183654 -9.9253254 2.9499722
-0.68999094 -9.9526014 2.9499719
-0.66912413 -9.9313507 2.9499719
-0.60113311 -9.9556208 2.9499719
-0.58343089 -9.9375935 2.9499719
-0.49459296 -9.9440641 2.9499717
-0.47296095 -9.9220333 2.9499717
-0.40610695 -9.9545183 2.9499717
-0.38774276 -9.9358158 2.9499717
-0.29553604 -9.946312 2.9499717
-0.27682257 -9.9272537 2.9499717
-0.1806716 -9.9377871 2.9499714
-4.178823 -9.8991003 2.9499779
-4.1400208 -9.8997726 2.9499779
-4.1002064 -9.8996506 2.9499774
-4.0600204 -9.8997526 2.9499774
-4.01968 -9.8994951 2.9499767
-3.980289 -9.8997412 2.9499764
-3.9402928 -9.8998795 2.9499762
-3.9001951 -9.8997679 2.9499757
-3.8603876 -9.9003353 2.9499753
-3.8206313 -9.899971 2.9499748
-3.7804363 -9.8999081 2.9499745
-3.7401955 -9.8993883 2.9499743
-3.6996031 -9.9000692 2.9499743
-3.6593513 -9.9002533 2.9499741
-3.6199214 -9.8993273 2.9499741
-3.5801048 -9.9001274 2.9499741
-3.5397432 -9.9008808 2.9499743
-3.5006087 -9.8997307 2.9499741
-3.4604199 -9.8997688 2.9499741
-3.419112 -9.8995419 2.9499741
-3.3798933 -9.8997889 2.9499741
-3.340138 -9.8995152 2.9499741
-3.3006423 -9.8994627 2.9499741
-3.260041 -9.8991442 2.9499741
-3.2199006 -9.8991652 2.9499741
-3.1794796 -9.9008875 2.9499741
-3.1388035 -9.9002485 2.9499741
-3.1006172 -9.8985291 2.9499741
-3.0592527 -9.9005289 2.9499738
-3.0209873 -9.8986187 2.9499738
-2.9807825 -9.9001656 2.9499738
-2.9403033 -9.8993711 2.9499738
-2.8988986 -9.8996258 2.9499738
-2.8581436 -9.9006453 2.9499738
-2.8188477 -9.8991461 2.9499738
-2.7798767 -9.8985939 2.9499738
-2.7390034 -9.9012947 2.9499738
-2.6997807 -9.900588 2.9499738
-2.660841 -9.896884 2.9499738
-2.6203845 -9.9015875 2.9499738
-2.5788352 -9.9015942 2.9499738
-2.5382004 -9.8994808 2.9499738
-2.4996457 -9.9004498 2.9499738
-2.4596841 -9.8992996 2.9499736
-2.4187257 -9.9002457 2.9499736
-2.3798938 -9.9000463 2.9499736
-2.3409655 -9.8989849 2.9499736
-2.3018501 -9.9003448 2.9499736
-2.2617903 -9.9017372 2.9499733
-2.2211392 -9.8981075 2.9499736
-2.1791558 -9.8995047 2.9499731
-2.1388903 -9.9004822 2.9499729
-2.1027365 -9.8976774 2.9499731
-2.0620875 -9.8954344 2.9499729
-2.0186932 -9.8994427 2.9499731
-1.9767333 -9.9061699 2.9499731
-1.9376993 -9.9002647 2.9499731
-1.899807 -9.8994503 2.9499731
-1.8656967 -9.8959913 2.9499731
-1.8199425 -9.9029474 2.9499726
-1.7758837 -9.9021015 2.9499729
-1.7445818 -9.8953705 2.9499729
-1.7053576 -9.897851 2.9499729
-1.6553818 -9.9051285 2.9499729
-1.614603 -9.9034958 2.9499729
-1.5841777 -9.8924599 2.9499729
-1.5367111 -9.905714 2.9499726
-1.5007794 -9.9008303 2.9499726
-1.46455 -9.8956432 2.9499726
-1.4109024 -9.9063349 2.9499726
-1.3931738 -9.888279 2.9499726
-1.3406172 -9.9020777 2.9499724
-1.2974932 -9.9044323 2.9499729
-1.265106 -9.8945837 2.9499726
-1.2088771 -9.9089155 2.9499724
-1.190311 -9.890007 2.9499724
-1.1351298 -9.9076958 2.9499724
-1.1162664 -9.888485 2.9499724
-1.058984 -9.9064369 2.9499722
-1.0366187 -9.8836603 2.9499722
-0.97707331 -9.9018288 2.9499722
-0.95758629 -9.8819838 2.9499722
-0.89901412 -9.9037924 2.9499722
-0.8791995 -9.8836136 2.9499722
-0.81828612 -9.9058237 2.9499722
-0.7981329 -9.8852987 2.9499722
-0.73133308 -9.9044437 2.9499719
-0.71082938 -9.883563 2.9499719
-0.64825749 -9.9101 2.9499719
-0.62739086 -9.8888483 2.9499719
-0.56572866 -9.9195652 2.9499719
-0.54448593 -9.8979321 2.9499719
-0.45493376 -9.9036751 2.9499717
-0.43690681 -9.8853159 2.9499717
-0.36570597 -9.9133739 2.9499717
-0.34734201 -9.8946724 2.9499714
-0.2581085 -9.9081955 2.9499717
-0.23565292 -9.8853254 2.9499714
-0.14251757 -9.8989305 2.9499714
-4.2028608 -9.8556509 2.9499743
-4.1803479 -9.8595362 2.9499781
-4.1402707 -9.8597631 2.9499779
-4.1000938 -9.8597822 2.9499779
-4.0593629 -9.8596926 2.9499774
-4.0200472 -9.8601894 2.9499772
-3.980454 -9.8593979 2.9499769
-3.9406421 -9.8597918 2.9499764
-3.9010167 -9.8594971 2.9499762
-3.8604245 -9.8601542 2.9499757
-3.8202786 -9.8595514 2.9499755
-3.7801447 -9.8601456 2.9499748
-3.7401805 -9.8598051 2.9499745
-3.7004116 -9.8599348 2.9499743
-3.6596103 -9.8593435 2.9499741
-3.6196933 -9.8598642 2.9499741
-3.5803201 -9.8602381 2.9499743
-3.5407567 -9.8596773 2.9499743
-3.5001214 -9.8598261 2.9499743
-3.4602809 -9.8596525 2.9499741
-3.420769 -9.8587637 2.9499741
-3.3804743 -9.8601933 2.9499741
-3.3413312 -9.8605175 2.9499741
-3.2992659 -9.8599882 2.9499741
-3.2592297 -9.8592606 2.9499741
-3.2203579 -9.8588381 2.9499741
-3.1811969 -9.8607616 2.9499741
-3.1400187 -9.8599472 2.9499741
-3.0996451 -9.8603687 2.9499741
-3.0610774 -9.8594675 2.9499738
-3.0190802 -9.8596163 2.9499738
-2.9794338 -9.8597469 2.9499738
-2.9405234 -9.8592463 2.9499738
-2.8991978 -9.8594837 2.9499738
-2.8589516 -9.8606081 2.9499738
-2.8188763 -9.8606548 2.9499738
-2.7804482 -9.858572 2.9499738
-2.7402852 -9.8603382 2.9499738
-2.699816 -9.8613863 2.9499738
-2.6619394 -9.8590965 2.9499738
-2.6212642 -9.860158 2.9499738
-2.5804105 -9.861146 2.9499738
-2.5390623 -9.8601236 2.9499738
-2.498944 -9.8595018 2.9499736
-2.4599042 -9.8599758 2.9499738
-2.4198909 -9.8604565 2.9499736
-2.3803046 -9.8595028 2.9499736
-2.3402002 -9.859623 2.9499736
-2.2990406 -9.8613615 2.9499736
-2.2603619 -9.8598242 2.9499731
-2.2191112 -9.8582726 2.9499731
-2.1801507 -9.8594799 2.9499729
-2.1403406 -9.8599739 2.9499731
-2.0996249 -9.8604946 2.9499729
-2.0631063 -9.8573179 2.9499731
-2.0245407 -9.8571978 2.9499731
-1.9781265 -9.8581295 2.9499731
-1.9356362 -9.8643169 2.9499731
-1.8997097 -9.8615751 2.9499731
-1.8632113 -9.8587065 2.9499731
-1.8261341 -9.8557014 2.9499729
-1.7771683 -9.8593855 2.9499726
-1.7322721 -9.8686924 2.9499729
-1.701329 -9.859807 2.9499729
-1.6641347 -9.8558683 2.9499729
-1.6163616 -9.8653898 2.9499729
-1.5752085 -9.8633766 2.9499729
-1.5445961 -9.852149 2.9499729
-1.4965516 -9.8648148 2.9499726
-1.4603224 -9.8596287 2.9499726
-1.4237955 -9.8541393 2.9499726
-1.3724903 -9.8672152 2.9499726
-1.3518065 -9.8461514 2.9499726
-1.2986184 -9.8593054 2.9499724
-1.243781 -9.8728676 2.9499726
-1.2255027 -9.8542519 2.9499726
-1.1717446 -9.8710995 2.9499724
-1.1531782 -9.852191 2.9499724
-1.0942589 -9.8660727 2.9499724
-1.0722514 -9.8436604 2.9499724
-1.0142536 -9.8608837 2.9499722
-0.99508381 -9.8413601 2.9499722
-0.93809909 -9.8621378 2.9499722
-0.918612 -9.8422918 2.9499722
-0.85938483 -9.8634338 2.9499722
-0.83957005 -9.843255 2.9499722
-0.77797979 -9.8647747 2.9499719
-0.75782657 -9.8442507 2.9499722
-0.69032556 -9.8626823 2.9499719
-0.67323923 -9.8452806 2.9499719
-0.6100018 -9.8711395 2.9499719
-0.59261304 -9.8534317 2.9499719
-0.52324367 -9.876298 2.9499717
-0.50200093 -9.8546638 2.9499717
-0.41527432 -9.8632851 2.9499717
-0.39364195 -9.8412552 2.9499717
-0.32897806 -9.8759699 2.9499717
-0.30694151 -9.853528 2.9499717
-0.21319616 -9.8624554 2.9499714
-0.19448233 -9.8433981 2.9499714
-0.10436325 -9.860074 2.9499714
-4.2061386 -9.8172379 2.9499743
-4.1802249 -9.8194914 2.9499784
-4.140389 -9.8195143 2.9499781
-4.1003733 -9.8201828 2.9499779
-4.060554 -9.820056 2.9499779
-4.0196948 -9.8198576 2.9499774
-3.980155 -9.8192492 2.9499772
-3.9403887 -9.8197508 2.9499769
-3.9001029 -9.8195276 2.9499764
-3.8600607 -9.8199482 2.9499762
-3.8198287 -9.8196754 2.9499755
-3.7803311 -9.8205385 2.9499753
-3.7401123 -9.8199329 2.9499748
-3.7005794 -9.8194733 2.9499745
-3.6612113 -9.819252 2.9499743
-3.6204517 -9.8194628 2.9499743
-3.5796959 -9.8205042 2.9499743
-3.5399036 -9.8190765 2.9499743
-3.499649 -9.8196535 2.9499741
-3.4598677 -9.8208704 2.9499741
-3.4206316 -9.8192739 2.9499741
-3.3800623 -9.8203659 2.9499741
-3.3394864 -9.8213844 2.9499741
-3.3007214 -9.8191605 2.9499741
-3.2602856 -9.8192663 2.9499741
-3.2194891 -9.8187895 2.9499741
-3.1799552 -9.8202572 2.9499741
-3.1400089 -9.8188143 2.9499741
-3.0988288 -9.8200979 2.9499741
-3.0595784 -9.8203344 2.9499738
-3.0215371 -9.8191996 2.9499738
-2.979846 -9.8198032 2.9499738
-2.9391749 -9.8196173 2.9499738
-2.8994503 -9.8204937 2.9499738
-2.8595757 -9.8201952 2.9499738
-2.8202317 -9.8211756 2.9499738
-2.7797735 -9.8221474 2.9499738
-2.7406845 -9.8180761 2.9499738
-2.6990161 -9.8206453 2.9499738
-2.6589139 -9.8197317 2.9499738
-2.6211164 -9.8187532 2.9499738
-2.5808644 -9.8194361 2.9499738
-2.539587 -9.8193026 2.9499738
-2.4982629 -9.8195391 2.9499738
-2.4596875 -9.8195229 2.9499738
-2.4201622 -9.8195038 2.9499738
-2.3796515 -9.819478 2.9499736
-2.3402874 -9.820363 2.9499736
-2.302057 -9.8207769 2.9499736
-2.2598243 -9.8180418 2.9499731
-2.2195911 -9.8202829 2.9499729
-2.1811743 -9.8196373 2.9499731
-2.1391513 -9.8200617 2.9499731
-2.0987742 -9.8208361 2.9499729
-2.0603592 -9.8205051 2.9499729
-2.0211251 -9.820158 2.9499729
-1.9844908 -9.816411 2.9499731
-1.9400953 -9.8193979 2.9499729
-1.8945395 -9.822464 2.9499731
-1.8556154 -9.8234386 2.9499731
-1.8213104 -9.8195095 2.9499731
-1.7865713 -9.8154097 2.9499729
-1.7397406 -9.821269 2.9499726
-1.691618 -9.8272905 2.9499729
-1.6587719 -9.8221245 2.9499729
-1.6256603 -9.8166866 2.9499729
-1.5773414 -9.8256521 2.9499729
-1.5399247 -9.8174696 2.9499729
-1.5050145 -9.8118391 2.9499729
-1.4563923 -9.8239164 2.9499726
-1.4198654 -9.8184271 2.9499726
-1.3830411 -9.8126345 2.9499726
-1.3340777 -9.8280964 2.9499726
-1.3133941 -9.8070316 2.9499729
-1.2596196 -9.8195887 2.9499724
-1.2072241 -9.8356371 2.9499724
-1.1858991 -9.8139191 2.9499724
-1.1315172 -9.8301315 2.9499724
-1.1098565 -9.8080721 2.9499724
-1.0533881 -9.8244495 2.9499722
-1.034525 -9.8052387 2.9499722
-0.97591352 -9.8218384 2.9499722
-0.95674324 -9.8023148 2.9499722
-0.89912498 -9.8224468 2.9499722
-0.87963796 -9.8026009 2.9499722
-0.81975591 -9.8230753 2.9499722
-0.7999413 -9.8028965 2.9499722
-0.73767334 -9.8237257 2.9499722
-0.71752 -9.8032017 2.9499722
-0.65615261 -9.8278809 2.9499719
-0.63564885 -9.8069992 2.9499719
-0.57174689 -9.83218 2.9499719
-0.55088037 -9.8109293 2.9499719
-0.48075819 -9.8330307 2.9499717
-0.46305609 -9.8150024 2.9499717
-0.375615 -9.822896 2.9499717
-0.35758781 -9.8045378 2.9499717
-0.2849052 -9.8310852 2.9499717
-0.26654115 -9.8123837 2.9499714
-0.17576873 -9.8243389 2.9499714
-0.1570549 -9.8052816 2.9499714
-0.081470966 -9.8367605 2.9499714
-0.062393665 -9.8173323 2.9499714
-4.2099719 -9.7781582 2.949976
-4.1802344 -9.7794647 2.9499786
-4.1404271 -9.7795916 2.9499784
-4.1001954 -9.780158 2.9499781
-4.0601597 -9.7800322 2.9499779
-4.0206695 -9.7797661 2.9499779
-3.9800406 -9.779541 2.9499774
-3.9401443 -9.7795305 2.9499772
-3.9003587 -9.7793922 2.9499769
-3.860503 -9.7799988 2.9499764
-3.8199232 -9.7805033 2.949976
-3.7799985 -9.780242 2.9499757
-3.7402253 -9.7799273 2.9499755
-3.7001417 -9.7786694 2.9499748
-3.6609883 -9.7795973 2.9499743
-3.6204469 -9.77952 2.9499743
-3.5800579 -9.7798204 2.9499743
-3.5400138 -9.7799492 2.9499743
-3.5007911 -9.7793617 2.9499743
-3.460429 -9.7793083 2.9499743
-3.4202187 -9.7813606 2.9499741
-3.3806939 -9.7800398 2.9499741
-3.3405445 -9.781354 2.9499741
-3.3007257 -9.779067 2.9499741
-3.2603428 -9.7794132 2.9499741
-3.2194078 -9.7789354 2.9499741
-3.1804976 -9.7783756 2.9499741
-3.1418779 -9.7787256 2.9499741
-3.1003194 -9.7805262 2.9499741
-3.0584326 -9.7801065 2.9499741
-3.0183916 -9.7810097 2.9499738
-2.9809122 -9.7794991 2.9499738
-2.9402781 -9.7808533 2.9499738
-2.9002228 -9.7800093 2.9499738
-2.8601172 -9.7788668 2.9499738
-2.8209889 -9.7798367 2.9499738
-2.7807026 -9.7793407 2.9499738
-2.7404885 -9.7821417 2.9499738
-2.7018511 -9.7792959 2.9499738
-2.659862 -9.7811155 2.9499738
-2.618557 -9.7798376 2.9499738
-2.5796397 -9.7782354 2.9499738
-2.5397947 -9.7797089 2.9499738
-2.4996061 -9.7788544 2.9499738
-2.45948 -9.7800426 2.9499738
-2.4204309 -9.7795429 2.9499736
-2.3804202 -9.7790298 2.9499736
-2.3394125 -9.7784977 2.9499736
-2.2995543 -9.7788811 2.9499736
-2.260849 -9.7788105 2.9499736
-2.221231 -9.778738 2.9499733
-2.1795933 -9.7810326 2.9499731
-2.137996 -9.7809868 2.9499731
-2.0979519 -9.7819967 2.9499729
-2.0599246 -9.781271 2.9499729
-2.0210941 -9.7805176 2.9499729
-1.9814352 -9.7797375 2.9499729
-1.9444405 -9.7756243 2.9499731
-1.9020642 -9.7806673 2.9499731
-1.8560112 -9.783226 2.9499729
-1.815361 -9.7841349 2.9499731
-1.7779956 -9.7806101 2.9499731
-1.7443708 -9.7724342 2.9499731
-1.6996397 -9.7804308 2.9499726
-1.6536741 -9.7886477 2.9499729
-1.6217645 -9.7787781 2.9499729
-1.5844377 -9.7747049 2.9499729
-1.5355343 -9.7830734 2.9499729
-1.5006239 -9.7774448 2.9499726
-1.4654329 -9.7715292 2.9499726
-1.4162328 -9.7830181 2.9499726
-1.3822985 -9.7801685 2.9499726
-1.348109 -9.7770596 2.9499726
-1.2927105 -9.7859669 2.9499726
-1.2749819 -9.7679119 2.9499726
-1.2206208 -9.7798719 2.9499724
-1.164574 -9.792202 2.9499724
-1.1462954 -9.7735863 2.9499724
-1.0912901 -9.7891645 2.9499724
-1.0727239 -9.770256 2.9499724
-1.0156615 -9.7860289 2.9499722
-0.99679804 -9.766818 2.9499722
-0.93757296 -9.7827911 2.9499722
-0.91840267 -9.7632685 2.9499722
-0.85690355 -9.7794466 2.9499722
-0.7768243 -9.7793541 2.9499722
-0.69736665 -9.7826777 2.9499722
-0.67721343 -9.7621536 2.9499722
-0.61514539 -9.7861176 2.9499719
-0.59464145 -9.7652359 2.9499719
-0.53001356 -9.7896786 2.9499719
-0.50914699 -9.7684288 2.9499719
-0.44535398 -9.7969742 2.9499717
-0.42411119 -9.775341 2.9499717
-0.33595601 -9.7825069 2.9499717
-0.31432343 -9.7604761 2.9499717
-0.24817729 -9.7936821 2.9499717
-0.2261405 -9.7712393 2.9499717
-0.13834107 -9.7862234 2.9499714
-0.11962748 -9.7671652 2.9499714
-0.043317318 -9.797904 2.9499712
-0.024240017 -9.7784748 2.9499712
-4.2105293 -9.7453413 2.9499757
-4.1803985 -9.7395687 2.9499788
-4.1402268 -9.7397022 2.9499786
-4.1002812 -9.7401638 2.9499786
-4.060308 -9.7395658 2.9499781
-4.0201769 -9.7395096 2.9499779
-3.9803665 -9.740366 2.9499779
-3.9404485 -9.7397232 2.9499774
-3.9004292 -9.7391748 2.9499772
-3.8596911 -9.7397137 2.9499769
-3.8202689 -9.7403574 2.9499764
-3.7807109 -9.7399349 2.9499762
-3.7402718 -9.7390366 2.9499757
-3.7004874 -9.7397356 2.9499753
-3.66009 -9.7397823 2.9499748
-3.6204817 -9.7406168 2.9499745
-3.5802517 -9.7395306 2.9499743
-3.5406265 -9.7397079 2.9499743
-3.5003333 -9.7395411 2.9499743
-3.4606495 -9.7393179 2.9499741
-3.4193447 -9.7402506 2.9499741
-3.3796835 -9.7400808 2.9499741
-3.3410192 -9.7396355 2.9499741
-3.300848 -9.7396889 2.9499741
-3.2605164 -9.7400732 2.9499741
-3.220134 -9.7397203 2.9499741
-3.1801624 -9.7389679 2.9499741
-3.1405168 -9.7395897 2.9499741
-3.1013243 -9.7403984 2.9499741
-3.0609856 -9.7393599 2.9499741
-3.0200808 -9.7400074 2.9499738
-2.9793673 -9.7412672 2.9499738
-2.9413471 -9.7392054 2.9499738
-2.9012072 -9.7395725 2.9499738
-2.8625462 -9.7390013 2.9499738
-2.8204284 -9.7400179 2.9499738
-2.7794194 -9.7385654 2.9499738
-2.7385018 -9.739625 2.9499738
-2.6996319 -9.7416592 2.9499738
-2.660706 -9.7402325 2.9499738
-2.62043 -9.7409592 2.9499738
-2.5811996 -9.7405863 2.9499738
-2.5424471 -9.738636 2.9499738
-2.5011342 -9.7382383 2.9499738
-2.4592814 -9.7414989 2.9499738
-2.4206972 -9.7405453 2.9499738
-2.3811743 -9.7395649 2.9499736
-2.3406785 -9.7385559 2.9499736
-2.3013039 -9.7380047 2.9499736
-2.2603178 -9.738924 2.9499736
-2.2186291 -9.7391167 2.9499736
-2.1796732 -9.7409248 2.9499731
-2.1408901 -9.7416172 2.9499731
-2.1011691 -9.739933 2.9499731
-2.0605643 -9.7400274 2.9499731
-2.021075 -9.7417059 2.9499729
-1.9818287 -9.74053 2.9499729
-1.9417452 -9.739316 2.9499729
-1.9043907 -9.7348366 2.9499731
-1.8614974 -9.7393541 2.9499731
-1.8174828 -9.743989 2.9499731
-1.7805128 -9.7401848 2.9499731
-1.7428138 -9.7395687 2.9499731
-1.7074459 -9.734828 2.9499729
-1.6595389 -9.7395916 2.9499726
-1.6130204 -9.7472458 2.9499729
-1.5868366 -9.7347221 2.9499729
-1.5459633 -9.7355223 2.9499729
-1.4965141 -9.7433367 2.9499729
-1.461323 -9.737421 2.9499726
-1.4286785 -9.7340984 2.9499726
-1.3789419 -9.7450418 2.9499724
-1.3381084 -9.7457352 2.9499729
-1.3073548 -9.7355547 2.9499726
-1.2542981 -9.7468472 2.9499726
-1.2336143 -9.7257833 2.9499726
-1.1816217 -9.7401552 2.9499724
-1.1280168 -9.7549725 2.9499724
-1.1066921 -9.7332544 2.9499724
-1.0510631 -9.7481966 2.9499724
-1.0324967 -9.7292881 2.9499724
-0.97479057 -9.7444057 2.9499722
-0.95592713 -9.7251949 2.9499722
-0.89603752 -9.7404909 2.9499722
-0.81792945 -9.7397566 2.9499722
-0.73719519 -9.7389946 2.9499722
-0.65706044 -9.7416286 2.9499722
-0.6369071 -9.7211056 2.9499722
-0.57413781 -9.7443552 2.9499719
-0.55705118 -9.7269545 2.9499719
-0.4882803 -9.7471781 2.9499719
-0.47089124 -9.7294693 2.9499719
-0.40286922 -9.7537069 2.9499717
-0.385167 -9.7356787 2.9499717
-0.29629636 -9.7421179 2.9499717
-0.27826929 -9.7237587 2.9499717
-0.20410371 -9.7487965 2.9499717
-0.18573983 -9.7300949 2.9499714
-0.097171307 -9.7442951 2.9499714
-0.074714661 -9.721426 2.9499714
-0.0051627159 -9.7590475 2.9499712
0.017729759 -9.735733 2.9499712
-4.1731677 -9.7066202 2.9499767
-4.1402974 -9.6995354 2.9499788
-4.1004672 -9.699667 2.9499786
-4.0607109 -9.6998034 2.9499784
-4.0205388 -9.6999035 2.9499781
-3.9802983 -9.6996222 2.9499779
-3.9401505 -9.6996307 2.9499779
-3.9002216 -9.699728 2.9499774
-3.8606532 -9.6994333 2.9499772
-3.8203931 -9.7000275 2.9499769
-3.7796643 -9.6999149 2.9499764
-3.7403448 -9.6995192 2.949976
-3.6999853 -9.6996851 2.949976
-3.6604621 -9.6997919 2.9499748
-3.6206391 -9.6999731 2.9499753
-3.5799568 -9.7000761 2.9499743
-3.5400105 -9.6998949 2.9499743
-3.5003941 -9.6994534 2.9499741
-3.4598734 -9.700017 2.9499741
-3.4204552 -9.7002926 2.9499743
-3.3811038 -9.699398 2.9499741
-3.3400669 -9.7000065 2.9499741
-3.3006477 -9.6995993 2.9499741
-3.2605572 -9.6999416 2.9499741
-3.2204971 -9.7002058 2.9499741
-3.1809268 -9.6992922 2.9499741
-3.1395626 -9.7001657 2.9499741
-3.1008632 -9.6998272 2.9499741
-3.0607641 -9.69909 2.9499741
-3.020349 -9.6991959 2.9499741
-2.9797828 -9.7011738 2.9499741
-2.9402986 -9.7001801 2.9499738
-2.9017828 -9.6989117 2.9499738
-2.8606648 -9.6997766 2.9499738
-2.8197694 -9.7013063 2.9499738
-2.7799296 -9.6987743 2.9499738
-2.7412503 -9.6996927 2.9499738
-2.6997595 -9.7001715 2.9499738
-2.6598134 -9.6999798 2.9499738
-2.620894 -9.6996861 2.9499738
-2.5800588 -9.6998444 2.9499738
-2.5408125 -9.7006617 2.9499738
-2.500927 -9.6980753 2.9499738
-2.4618328 -9.7005587 2.9499738
-2.420809 -9.7012262 2.9499738
-2.3779206 -9.7005224 2.9499738
-2.3398674 -9.6991062 2.9499738
-2.3009367 -9.698082 2.9499736
-2.2613134 -9.7014856 2.9499736
-2.2203996 -9.6995611 2.9499736
-2.1785657 -9.699419 2.9499736
-2.140228 -9.699626 2.9499731
-2.0998199 -9.699791 2.9499731
-2.0598147 -9.6998444 2.9499729
-2.019727 -9.7002563 2.9499731
-1.9776554 -9.6998825 2.9499731
-1.9396353 -9.7008324 2.9499731
-1.902055 -9.6988955 2.9499729
-1.8643411 -9.6940498 2.9499731
-1.8234664 -9.7006216 2.9499729
-1.7763858 -9.7021351 2.9499731
-1.7374538 -9.7047949 2.9499731
-1.6993942 -9.7005625 2.9499731
-1.6652458 -9.6918526 2.9499729
-1.6221112 -9.7014751 2.9499726
-1.5723661 -9.705843 2.9499729
-1.538686 -9.6998272 2.9499729
-1.5047405 -9.6935406 2.9499729
-1.4547065 -9.7007589 2.9499729
-1.4154648 -9.7056799 2.9499726
-1.3890969 -9.6937885 2.9499726
-1.3387823 -9.7041426 2.9499724
-1.2975527 -9.7044325 2.9499729
-1.2666003 -9.6940498 2.9499726
-1.2129308 -9.7047195 2.9499726
-1.1922472 -9.6836548 2.9499726
-1.1426228 -9.7004385 2.9499724
-1.0853672 -9.7115374 2.9499724
-1.0670886 -9.6929216 2.9499724
-1.0139301 -9.7103796 2.9499724
-0.99226952 -9.6883202 2.9499724
-0.93706387 -9.7059841 2.9499722
-0.91505659 -9.6835718 2.9499722
-0.85769719 -9.7014465 2.9499722
-0.77895528 -9.7000647 2.9499722
-0.69756633 -9.6986361 2.9499722
-0.61675388 -9.7005816 2.9499722
-0.59660053 -9.6800566 2.9499722
-0.53654754 -9.7060728 2.9499719
-0.51604366 -9.6851921 2.9499719
-0.45350251 -9.7117596 2.9499719
-0.43263593 -9.6905098 2.9499714
-0.36392426 -9.7140455 2.9499717
-0.34268177 -9.6924124 2.9499717
-0.25663701 -9.7017288 2.9499717
-0.16737628 -9.7113924 2.9499717
-0.14901225 -9.6926908 2.9499714
-0.056000948 -9.7023678 2.9499714
-0.037287235 -9.6833096 2.9499714
0.055883884 -9.6968765 2.9499714
-4.1333065 -9.6661634 2.9499769
-4.1000061 -9.6596394 2.9499788
-4.0603256 -9.6596794 2.9499786
-4.0203629 -9.6598825 2.9499786
-3.9800808 -9.6595373 2.9499781
-3.9403946 -9.6597443 2.9499779
-3.9001188 -9.6597109 2.9499779
-3.8599398 -9.6598864 2.9499774
-3.8199594 -9.6597385 2.9499772
-3.780046 -9.6596994 2.9499767
-3.7398326 -9.6596975 2.9499764
-3.6994889 -9.6600513 2.949976
-3.6594832 -9.6594906 2.9499757
-3.6196237 -9.6604309 2.9499753
-3.5796847 -9.6598253 2.9499748
-3.539515 -9.6598148 2.9499743
-3.4998257 -9.6597919 2.9499743
-3.4609716 -9.6593676 2.9499741
-3.4206581 -9.6601 2.9499741
-3.3793664 -9.6602402 2.9499741
-3.3397949 -9.6593227 2.9499741
-3.3004422 -9.6599302 2.9499741
-3.2602971 -9.6598759 2.9499741
-3.2202308 -9.6601362 2.9499741
-3.1794333 -9.6598635 2.9499741
-3.1394942 -9.6593704 2.9499741
-3.0994124 -9.659688 2.9499741
-3.0605547 -9.6600561 2.9499741
-3.0211861 -9.6597748 2.9499741
-2.9810765 -9.6590872 2.9499738
-2.9395258 -9.6601763 2.9499738
-2.8999476 -9.6603861 2.9499738
-2.8622179 -9.6586199 2.9499738
-2.8212175 -9.6609259 2.9499738
-2.7802212 -9.6586084 2.9499738
-2.7399418 -9.6612101 2.9499738
-2.6998639 -9.6584558 2.9499738
-2.6601911 -9.6600771 2.9499738
-2.6190667 -9.6596117 2.9499738
-2.5796216 -9.6594658 2.9499738
-2.5403519 -9.6618032 2.9499738
-2.5000956 -9.6606417 2.9499738
-2.4603159 -9.6577005 2.9499738
-2.4176309 -9.6611338 2.9499738
-2.3776426 -9.6608772 2.9499738
-2.3390954 -9.6609821 2.9499736
-2.2985349 -9.6590242 2.9499736
-2.2596393 -9.6597271 2.9499736
-2.2210438 -9.6604738 2.9499736
-2.18188 -9.6590405 2.9499736
-2.1407166 -9.6597719 2.9499736
-2.1008158 -9.6606178 2.9499731
-2.0611172 -9.6603756 2.9499731
-2.0192649 -9.6600685 2.9499731
-1.9778204 -9.6596537 2.9499729
-1.9387803 -9.6602907 2.9499731
-1.9003347 -9.6608095 2.9499731
-1.8623649 -9.6584759 2.9499729
-1.8212757 -9.6570768 2.9499729
-1.7828997 -9.6593084 2.9499729
-1.7378576 -9.6628971 2.9499729
-1.6959032 -9.6624794 2.9499731
-1.6611942 -9.6564465 2.9499731
-1.6237211 -9.6584883 2.9499729
-1.579337 -9.6579142 2.9499726
-1.5344223 -9.667201 2.9499729
-1.5004768 -9.6609154 2.9499729
-1.466266 -9.6543579 2.9499729
-1.4156866 -9.6610212 2.9499729
-1.3760235 -9.665513 2.9499726
-1.3495152 -9.6534786 2.9499726
-1.2986232 -9.6632433 2.9499724
-1.2569965 -9.6631289 2.9499729
-1.2258457 -9.652545 2.9499726
-1.1745186 -9.6655998 2.9499724
-1.1450676 -9.6580477 2.9499724
-1.100624 -9.6576662 2.9499724
-1.04881 -9.6743069 2.9499724
-1.0274851 -9.6525898 2.9499724
-0.97060895 -9.6662617 2.9499722
-0.95204234 -9.6473522 2.9499724
-0.89304906 -9.6611586 2.9499722
-0.87418556 -9.6419487 2.9499722
-0.81935668 -9.6623993 2.9499722
-0.73998147 -9.6603727 2.9499722
-0.65793723 -9.6582785 2.9499722
-0.57644719 -9.6595325 2.9499722
-0.49554023 -9.6643105 2.9499719
-0.47503662 -9.6434298 2.9499719
-0.41176924 -9.6692581 2.9499714
-0.39090252 -9.6480074 2.9499714
-0.32497931 -9.6743841 2.9499717
-0.30727744 -9.6563568 2.9499717
-0.22058335 -9.6650114 2.9499717
-0.19895124 -9.6429806 2.9499717
-0.13064814 -9.6739883 2.9499717
-0.10861158 -9.6515465 2.9499717
-0.018573523 -9.6642513 2.9499714
0.00014019012 -9.6451931 2.9499714
0.07877636 -9.673563 2.9499714
0.097853184 -9.6541348 2.9499712
-4.0939531 -9.6263237 2.9499769
-4.0604653 -9.619256 2.9499788
-4.0205202 -9.6199322 2.9499786
-3.9801996 -9.6196556 2.9499784
-3.9401684 -9.6198492 2.9499781
-3.9001801 -9.6196871 2.9499779
-3.8600893 -9.6199627 2.9499779
-3.8203297 -9.6194124 2.9499774
-3.7805765 -9.6200504 2.9499772
-3.7406006 -9.6195316 2.9499769
-3.7009196 -9.6200705 2.9499764
-3.6605251 -9.6196957 2.9499762
-3.6200664 -9.6197758 2.9499757
-3.5808103 -9.6200857 2.9499753
-3.5406444 -9.6194124 2.949975
-3.5004599 -9.6198883 2.9499743
-3.4600506 -9.6201496 2.9499741
-3.4200487 -9.6192217 2.9499741
-3.3804262 -9.6198988 2.9499741
-3.3407629 -9.6196136 2.9499741
-3.3007367 -9.6199846 2.9499741
-3.2607701 -9.6203861 2.9499741
-3.2205763 -9.620101 2.9499741
-3.1800158 -9.6191816 2.9499741
-3.1398757 -9.6195545 2.9499741
-3.1000791 -9.6203413 2.9499741
-3.0605123 -9.6205111 2.9499741
-3.0200372 -9.6202602 2.9499741
-2.9801927 -9.6193342 2.9499741
-2.9407001 -9.6190414 2.9499738
-2.900435 -9.6192036 2.9499741
-2.8588567 -9.6204052 2.9499738
-2.820621 -9.6196804 2.9499738
-2.781003 -9.6199722 2.9499738
-2.7404883 -9.6216555 2.9499738
-2.7019358 -9.6194506 2.9499738
-2.660253 -9.6207848 2.9499738
-2.6208291 -9.6181097 2.9499738
-2.5797668 -9.6195889 2.9499738
-2.5387998 -9.6203995 2.9499738
-2.4999483 -9.6206579 2.9499738
-2.4591582 -9.6189508 2.9499738
-2.421422 -9.6200609 2.9499738
-2.3820426 -9.6192999 2.9499738
-2.339292 -9.6218224 2.9499738
-2.3002696 -9.6214428 2.9499736
-2.2592349 -9.6190004 2.9499736
-2.2198529 -9.6192093 2.9499736
-2.1807745 -9.6194649 2.9499736
-2.1420825 -9.6198015 2.9499733
-2.1006281 -9.6200457 2.9499731
-2.0590675 -9.6180992 2.9499731
-2.0188041 -9.6224794 2.9499731
-1.9800941 -9.6201773 2.9499731
-1.9393785 -9.6205053 2.9499729
-1.899905 -9.6207018 2.9499731
-1.861034 -9.6207857 2.9499731
-1.822675 -9.6180525 2.9499729
-1.7827228 -9.6189623 2.9499731
-1.7423328 -9.6179953 2.9499729
-1.6967604 -9.6210432 2.9499729
-1.6573092 -9.6214819 2.9499731
-1.620793 -9.6205149 2.9499731
-1.5861206 -9.61127 2.9499729
-1.5419095 -9.6197977 2.9499726
-1.4937683 -9.6257982 2.9499729
-1.4595574 -9.6192427 2.9499729
-1.4277915 -9.6151762 2.9499729
-1.3766664 -9.6212826 2.9499724
-1.3365823 -9.6253452 2.9499726
-1.3099334 -9.6131687 2.9499726
-1.2584636 -9.622344 2.9499724
-1.2164407 -9.6218271 2.9499729
-1.1880026 -9.6140051 2.9499726
-1.1361061 -9.6264801 2.9499724
-1.1154224 -9.6054153 2.9499724
-1.0646249 -9.6210041 2.9499724
-1.0061603 -9.6308718 2.9499724
-0.98788166 -9.612257 2.9499724
-0.93347603 -9.6284447 2.9499724
-0.91181517 -9.6063852 2.9499724
-0.85532218 -9.6227388 2.9499722
-0.83645868 -9.6035271 2.9499722
-0.78101701 -9.623353 2.9499722
-0.75865173 -9.6005764 2.9499722
-0.70100737 -9.6206818 2.9499722
-0.61830801 -9.6179199 2.9499722
-0.53949994 -9.6219044 2.9499722
-0.45453277 -9.6225481 2.9499719
-0.4340291 -9.6016674 2.9499719
-0.3700358 -9.6267567 2.9499714
-0.35264683 -9.6090479 2.9499717
-0.28603482 -9.6347227 2.9499717
-0.26479244 -9.6130886 2.9499717
-0.17731896 -9.6209488 2.9499717
-0.086574793 -9.6291046 2.9499717
-0.068210602 -9.6104021 2.9499714
0.022596072 -9.622324 2.9499714
0.11693048 -9.6347065 2.9499712
0.13600743 -9.6152782 2.9499712
-4.0536485 -9.5854597 2.9499774
-4.0200491 -9.5798998 2.9499788
-3.9805603 -9.5795078 2.9499786
-3.9402015 -9.5795317 2.9499784
-3.9002988 -9.5799255 2.9499781
-3.8604016 -9.5796995 2.9499779
-3.8200457 -9.5795689 2.9499776
-3.7800756 -9.5799561 2.9499774
-3.7399004 -9.5793314 2.9499772
-3.7002106 -9.5800266 2.9499767
-3.6599238 -9.5797987 2.9499767
-3.620012 -9.5798244 2.949976
-3.5799601 -9.5796242 2.9499757
-3.5402493 -9.5796089 2.9499753
-3.5002422 -9.580039 2.9499748
-3.4600399 -9.579937 2.9499745
-3.4206808 -9.579525 2.9499741
-3.3804126 -9.5799036 2.9499741
-3.3399034 -9.5794458 2.9499741
-3.2994952 -9.5801353 2.9499741
-3.2606218 -9.5802765 2.9499741
-3.2212777 -9.5795641 2.9499741
-3.1806457 -9.5794363 2.9499741
-3.140352 -9.5803213 2.9499741
-3.1005692 -9.5800085 2.9499741
-3.0601885 -9.5793648 2.9499741
-3.0195491 -9.5804758 2.9499741
-2.9795914 -9.5808849 2.9499741
-2.9397786 -9.5792322 2.9499741
-2.90115 -9.5778017 2.9499738
-2.8610075 -9.5802135 2.9499738
-2.818706 -9.5805235 2.9499738
-2.779779 -9.5789928 2.9499738
-2.7395141 -9.5803909 2.9499738
-2.6986923 -9.5812969 2.9499738
-2.6595893 -9.5796804 2.9499738
-2.6184974 -9.5795794 2.9499738
-2.5808089 -9.5793743 2.9499738
-2.5404668 -9.579565 2.9499738
-2.4989302 -9.5797958 2.9499738
-2.4595442 -9.5795097 2.9499738
-2.4206185 -9.5811481 2.9499738
-2.3815782 -9.5775137 2.9499738
-2.3394089 -9.5812502 2.9499738
-2.2972708 -9.5821772 2.9499738
-2.2588668 -9.579278 2.9499736
-2.2199345 -9.5789776 2.9499736
-2.1796937 -9.5807772 2.9499736
-2.1405046 -9.5784531 2.9499731
-2.100445 -9.5804119 2.9499731
-2.0593672 -9.5780258 2.9499731
-2.019583 -9.5818348 2.9499731
-1.9813439 -9.5791349 2.9499731
-1.9396757 -9.5801983 2.9499731
-1.8995751 -9.5799694 2.9499729
-1.8610299 -9.58111 2.9499731
-1.8186829 -9.5809269 2.9499729
-1.7788916 -9.5801773 2.9499729
-1.742587 -9.5780878 2.9499731
-1.7017663 -9.5766821 2.9499729
-1.6556636 -9.5791912 2.9499729
-1.6135448 -9.5870657 2.9499731
-1.5826976 -9.5765047 2.9499731
-1.5444164 -9.5777235 2.9499729
-1.5018085 -9.5789585 2.9499729
-1.4531143 -9.5843964 2.9499729
-1.4171406 -9.5817022 2.9499729
-1.3865688 -9.5731945 2.9499729
-1.337646 -9.5815439 2.9499724
-1.2971408 -9.5851784 2.9499726
-1.270352 -9.5728579 2.9499726
-1.2183046 -9.5814466 2.9499724
-1.1752753 -9.5851889 2.9499726
-1.1472483 -9.5725012 2.9499726
-1.0947387 -9.5843506 2.9499724
-1.063912 -9.5753984 2.9499724
-1.0226262 -9.5782337 2.9499724
-0.96655661 -9.590539 2.9499724
-0.94827813 -9.5719252 2.9499724
-0.89015424 -9.5843258 2.9499724
-0.87158811 -9.5654182 2.9499722
-0.81759518 -9.5843172 2.9499722
-0.7987318 -9.5651064 2.9499722
-0.7362864 -9.5777998 2.9499722
-0.6620332 -9.5809898 2.9499722
-0.57867914 -9.5775614 2.9499719
-0.4991934 -9.5808563 2.9499719
-0.41694248 -9.5842667 2.9499719
-0.39985609 -9.5668659 2.9499719
-0.33178067 -9.5877972 2.9499717
-0.31091428 -9.5665464 2.9499717
-0.24354982 -9.5914555 2.9499717
-0.22584772 -9.5734272 2.9499714
-0.14126463 -9.5842323 2.9499717
-0.11963224 -9.5622015 2.9499717
-0.049846888 -9.5917006 2.9499717
-0.03148365 -9.572998 2.9499714
0.060023595 -9.5842066 2.9499714
0.082479954 -9.5613365 2.9499714
0.15508461 -9.59585 2.9499712
0.17416167 -9.5764217 2.9499712
-4.0140276 -9.545599 2.9499774
-3.9801292 -9.5394955 2.9499788
-3.9404652 -9.5396204 2.9499786
-3.9002585 -9.5395451 2.9499784
-3.8601773 -9.5396757 2.9499781
-3.820472 -9.5399218 2.9499779
-3.7802467 -9.5396032 2.9499776
-3.740495 -9.5396156 2.9499774
-3.7002482 -9.5400763 2.9499772
-3.6602972 -9.53969 2.9499767
-3.6203887 -9.5400295 2.9499764
-3.5807011 -9.5397902 2.949976
-3.5402973 -9.539897 2.9499757
-3.4998286 -9.5401173 2.9499753
-3.4600732 -9.5400124 2.9499745
-3.4200377 -9.5396891 2.9499743
-3.3799508 -9.5399122 2.9499741
-3.3404167 -9.5393076 2.9499741
-3.3003235 -9.5395107 2.9499741
-3.2589762 -9.5399981 2.9499741
-3.2190378 -9.5394793 2.9499741
-3.1798813 -9.5391569 2.9499741
-3.1403396 -9.5401716 2.9499741
-3.099426 -9.5398207 2.9499741
-3.0595126 -9.5391912 2.9499741
-3.0207708 -9.5403624 2.9499741
-2.9806886 -9.5396214 2.9499741
-2.9405143 -9.5397034 2.9499741
-2.9019024 -9.5396032 2.9499741
-2.8607149 -9.539506 2.9499741
-2.8197286 -9.5393276 2.9499738
-2.7796395 -9.5407372 2.9499738
-2.7401502 -9.5386343 2.9499738
-2.7001994 -9.5405083 2.9499738
-2.6598117 -9.5400362 2.9499738
-2.621448 -9.5408373 2.9499738
-2.5802543 -9.5393133 2.9499738
-2.5406339 -9.5402336 2.9499738
-2.4996686 -9.5391426 2.9499738
-2.4590602 -9.5391922 2.9499738
-2.4175107 -9.5414476 2.9499738
-2.3796616 -9.5394373 2.9499738
-2.342634 -9.5398216 2.9499738
-2.3010359 -9.5396185 2.9499738
-2.2593422 -9.5413456 2.9499736
-2.2200413 -9.5397377 2.9499736
-2.1808879 -9.5408573 2.9499738
-2.1398771 -9.5402288 2.9499736
-2.1011446 -9.5396309 2.9499733
-2.05966 -9.5388765 2.9499731
-2.0203443 -9.5421391 2.9499736
-1.9802099 -9.5377903 2.9499731
-1.9389125 -9.5411167 2.9499731
-1.8974314 -9.5405531 2.9499729
-1.8586302 -9.5398283 2.9499731
-1.8194468 -9.5427523 2.9499729
-1.7793475 -9.5408678 2.9499729
-1.7391297 -9.5396833 2.9499729
-1.7024511 -9.5372133 2.9499731
-1.663735 -9.5379505 2.9499731
-1.6197039 -9.5425692 2.9499729
-1.5764455 -9.540823 2.9499731
-1.5383313 -9.541749 2.9499731
-1.504325 -9.5386791 2.9499729
-1.4617075 -9.5381184 2.9499726
-1.4151701 -9.5457544 2.9499729
-1.3788784 -9.5427351 2.9499729
-1.3453463 -9.5312128 2.9499726
-1.2986259 -9.5418053 2.9499724
-1.2577002 -9.5450115 2.9499726
-1.2307706 -9.532548 2.9499726
-1.1781451 -9.5405474 2.9499724
-1.1346695 -9.5438366 2.9499726
-1.1064939 -9.5309963 2.9499726
-1.0533714 -9.542223 2.9499726
-1.0186348 -9.5405073 2.9499726
-0.9806273 -9.5354614 2.9499724
-0.92999959 -9.5533094 2.9499724
-0.90867454 -9.5315914 2.9499724
-0.85302186 -9.5465088 2.9499722
-0.83445525 -9.5276012 2.9499722
-0.77672434 -9.5426931 2.9499722
-0.75471687 -9.5202808 2.9499722
-0.69794589 -9.5387535 2.9499722
-0.62305945 -9.5412989 2.9499719
-0.53905004 -9.5372028 2.9499719
-0.45888683 -9.5398073 2.9499719
-0.37935248 -9.5459843 2.9499719
-0.35884905 -9.5251036 2.9499719
-0.29352537 -9.5488377 2.9499714
-0.27265868 -9.5275869 2.9499714
-0.20814538 -9.5553989 2.9499717
-0.18690276 -9.5337658 2.9499717
-0.098000146 -9.5401707 2.9499717
-0.0094467802 -9.5505562 2.9499714
0.012589931 -9.5281143 2.9499714
0.1049365 -9.5384674 2.9499714
0.19323874 -9.5569944 2.9499712
0.21231556 -9.5375652 2.9499712
-3.974493 -9.50527 2.9499774
-3.9401104 -9.4995518 2.9499788
-3.9001956 -9.4995565 2.9499786
-3.8602293 -9.5000639 2.9499784
-3.8200972 -9.4996548 2.9499781
-3.7800529 -9.4995508 2.9499779
-3.7400258 -9.5000687 2.9499776
-3.6998479 -9.4996309 2.9499774
-3.6599994 -9.499897 2.9499769
-3.6200933 -9.4999523 2.9499769
-3.5797207 -9.4995165 2.9499764
-3.5405347 -9.5002451 2.949976
-3.5009253 -9.5000248 2.9499757
-3.4602697 -9.4999714 2.9499755
-3.4199605 -9.4996586 2.9499748
-3.379777 -9.4996023 2.9499741
-3.3401818 -9.4998293 2.9499741
-3.3002529 -9.4992552 2.9499741
-3.2595406 -9.4997663 2.9499741
-3.2204058 -9.4999456 2.9499741
-3.1807208 -9.4998198 2.9499741
-3.1408408 -9.4993992 2.9499741
-3.1005788 -9.4996815 2.9499741
-3.0597804 -9.4996233 2.9499741
-3.0202637 -9.5003433 2.9499741
-2.9796884 -9.4993248 2.9499741
-2.9405921 -9.4992323 2.9499741
-2.9004109 -9.5007925 2.9499741
-2.8605583 -9.4991617 2.9499741
-2.8219883 -9.4996605 2.9499738
-2.7814991 -9.4992418 2.9499738
-2.7405732 -9.5009518 2.9499738
-2.699512 -9.4994507 2.9499738
-2.6611168 -9.4993696 2.9499738
-2.6194668 -9.5009909 2.9499738
-2.5800045 -9.4986315 2.9499738
-2.5393076 -9.5013342 2.9499738
-2.4995401 -9.4983845 2.9499738
-2.4603536 -9.4991055 2.9499738
-2.4204259 -9.4999847 2.9499738
-2.3793862 -9.5019684 2.9499738
-2.3408625 -9.4997015 2.9499738
-2.2994087 -9.4993048 2.9499738
-2.2599494 -9.5008125 2.9499738
-2.2199781 -9.5003119 2.9499738
-2.1793435 -9.5002222 2.9499738
-2.1396625 -9.5008488 2.9499736
-2.1000612 -9.4996805 2.9499736
-2.0608602 -9.4986038 2.9499736
-2.0202248 -9.4995756 2.9499736
-1.9790366 -9.5000725 2.9499731
-1.9406357 -9.5014343 2.9499731
-1.9028223 -9.5003223 2.9499731
-1.8613629 -9.4992609 2.9499731
-1.8201712 -9.5006628 2.9499731
-1.7805289 -9.5031176 2.9499729
-1.7406766 -9.4982128 2.9499731
-1.6993675 -9.4991903 2.9499729
-1.6599824 -9.4997015 2.9499729
-1.6231685 -9.4966383 2.9499731
-1.5786068 -9.5007162 2.9499729
-1.5354674 -9.5075512 2.9499731
-1.4997244 -9.5009413 2.9499726
-1.4620101 -9.4955854 2.9499729
-1.4216067 -9.4972801 2.9499729
-1.3745165 -9.5043516 2.9499729
-1.3359209 -9.502758 2.9499729
-1.3068718 -9.4920301 2.9499726
-1.2568187 -9.4992285 2.9499724
-1.2109797 -9.512393 2.9499729
-1.1911891 -9.4922371 2.9499726
-1.1379857 -9.4996481 2.9499724
-1.0861168 -9.5102453 2.9499729
-1.0657396 -9.4894924 2.9499726
-1.014959 -9.5031042 2.9499724
-0.99427509 -9.4820395 2.9499726
-0.94462866 -9.4987993 2.9499724
-0.88734955 -9.5098753 2.9499724
-0.86907101 -9.4912596 2.9499724
-0.81279451 -9.5055418 2.9499722
-0.79113364 -9.4834824 2.9499722
-0.73585355 -9.50107 2.9499722
-0.71699047 -9.4818602 2.9499722
-0.65960574 -9.4997072 2.9499722
-0.60032463 -9.5181456 2.9499719
-0.58083743 -9.4983006 2.9499719
-0.49942097 -9.4968443 2.9499719
-0.41858053 -9.4987602 2.9499719
-0.33834505 -9.5042219 2.9499719
-0.31784105 -9.4833412 2.9499719
-0.25179195 -9.5063362 2.9499714
-0.23440289 -9.4886274 2.9499717
-0.1656599 -9.5121317 2.9499717
-0.14795828 -9.4941034 2.9499714
-0.058341026 -9.4997816 2.9499719
0.030954123 -9.5094118 2.9499714
0.049317997 -9.4907103 2.9499714
0.14236394 -9.500351 2.9499714
0.23520803 -9.5142517 2.9499712
0.25428519 -9.4948235 2.9499712
-3.9604406 -9.4796991 2.9499748
-3.9346125 -9.4650345 2.9499774
-3.9005208 -9.4597483 2.9499788
-3.8603861 -9.4598036 2.9499786
-3.820092 -9.4598017 2.9499784
-3.7804141 -9.4594469 2.9499781
-3.7405467 -9.4598961 2.9499779
-3.7001214 -9.4599943 2.9499776
-3.6609218 -9.4597578 2.9499774
-3.6208951 -9.4594049 2.9499772
-3.5806015 -9.4596691 2.9499767
-3.5405381 -9.4601469 2.9499764
-3.4999368 -9.4596539 2.949976
-3.4600759 -9.459754 2.9499757
-3.4201066 -9.4599342 2.949975
-3.380513 -9.4594851 2.9499748
-3.3400869 -9.460433 2.9499741
-3.2989593 -9.4591236 2.9499741
-3.2596781 -9.4601765 2.9499741
-3.2195427 -9.4597883 2.9499741
-3.1798918 -9.4598274 2.9499741
-3.1398518 -9.4602079 2.9499741
-3.0995319 -9.4596243 2.9499741
-3.0609534 -9.4587231 2.9499741
-3.0201123 -9.4603567 2.9499741
-2.9803116 -9.4603739 2.9499741
-2.9398668 -9.4591007 2.9499741
-2.9000862 -9.4605265 2.9499741
-2.8604128 -9.4600592 2.9499741
-2.8192003 -9.4604435 2.9499741
-2.7797174 -9.4586477 2.9499738
-2.7401597 -9.4594631 2.9499738
-2.6993759 -9.4602489 2.9499738
-2.6586452 -9.4599857 2.9499738
-2.6207128 -9.4595566 2.9499738
-2.5797682 -9.4601841 2.9499738
-2.5411265 -9.4593811 2.9499738
-2.5007794 -9.4602184 2.9499738
-2.4602585 -9.4583788 2.9499738
-2.4210386 -9.4590664 2.9499738
-2.3798192 -9.4606581 2.9499738
-2.3389275 -9.4607649 2.9499738
-2.3000314 -9.459547 2.9499738
-2.2587523 -9.4606085 2.9499738
-2.219557 -9.4594145 2.9499738
-2.1796439 -9.4601803 2.9499736
-2.1404946 -9.460659 2.9499738
-2.1003187 -9.4607801 2.9499736
-2.0602448 -9.4591322 2.9499736
-2.0196257 -9.4595575 2.9499736
-1.9816227 -9.459403 2.9499736
-1.9415146 -9.4588852 2.9499733
-1.8988398 -9.458868 2.9499731
-1.8590207 -9.4597549 2.9499731
-1.818238 -9.4606628 2.9499731
-1.7789298 -9.4633341 2.9499729
-1.738124 -9.4599323 2.9499729
-1.6985843 -9.4586182 2.9499729
-1.6596057 -9.4586964 2.9499729
-1.6197852 -9.4587631 2.9499729
-1.5826019 -9.4553251 2.9499731
-1.5400786 -9.4614782 2.9499731
-1.4938264 -9.4651442 2.9499729
-1.4596252 -9.4615936 2.9499729
-1.4249845 -9.4578781 2.9499729
-1.3815057 -9.4564419 2.9499726
-1.3365726 -9.4657106 2.9499729
-1.3012625 -9.4580336 2.9499729
-1.2683972 -9.4528484 2.9499726
-1.2177986 -9.4594889 2.9499724
-1.1685709 -9.469203 2.9499726
-1.1487801 -9.449048 2.9499729
-1.1006947 -9.4616709 2.9499724
-1.0482734 -9.4717045 2.9499726
-1.0308071 -9.4539165 2.9499726
-0.97654665 -9.4639835 2.9499726
-0.94122362 -9.4616709 2.9499724
-0.90262985 -9.456027 2.9499724
-0.85079235 -9.4726448 2.9499724
-0.82946748 -9.4509277 2.9499724
-0.77256727 -9.4645748 2.9499722
-0.75400138 -9.4456654 2.9499722
-0.69812715 -9.4626493 2.9499722
-0.67926359 -9.4434385 2.9499722
-0.62126541 -9.4606609 2.9499722
-0.56135035 -9.4784536 2.9499719
-0.54186338 -9.4586086 2.9499719
-0.4630948 -9.4598484 2.9499719
-0.37827396 -9.4577112 2.9499719
-0.29733744 -9.4624596 2.9499719
-0.27683353 -9.4415789 2.9499719
-0.21353674 -9.4673767 2.9499717
-0.19267011 -9.446126 2.9499717
-0.13025594 -9.4760761 2.9499717
-0.10901344 -9.454443 2.9499717
-0.018681526 -9.4593925 2.9499717
0.071354546 -9.4682674 2.9499714
0.089718103 -9.4495659 2.9499714
0.17979097 -9.4622345 2.9499712
0.2733624 -9.4753952 2.9499712
0.29625487 -9.4520817 2.9499712
-3.9214201 -9.4399605 2.9499748
-3.8948314 -9.4250174 2.9499776
-3.8604474 -9.4192219 2.9499788
-3.8203046 -9.4197626 2.9499786
-3.7802513 -9.4201145 2.9499784
-3.7401528 -9.4198732 2.9499781
-3.7003918 -9.4196053 2.9499779
-3.6601679 -9.4193964 2.9499779
-3.6199737 -9.4199743 2.9499774
-3.5803573 -9.4197693 2.9499772
-3.5401499 -9.4199619 2.9499767
-3.5002835 -9.4203005 2.9499762
-3.4598634 -9.4193935 2.949976
-3.4201543 -9.4196615 2.949976
-3.3800249 -9.4195013 2.9499753
-3.3405366 -9.4196157 2.9499745
-3.3012369 -9.4198408 2.9499741
-3.2606289 -9.4200897 2.9499741
-3.2206402 -9.4204206 2.9499741
-3.1807513 -9.4196148 2.9499741
-3.1400049 -9.4205637 2.9499741
-3.100666 -9.4192896 2.9499741
-3.0601609 -9.4187117 2.9499741
-3.0200369 -9.4194221 2.9499741
-2.980252 -9.4208174 2.9499741
-2.9402874 -9.4192505 2.9499741
-2.900419 -9.419385 2.9499741
-2.8607311 -9.4204473 2.9499741
-2.820926 -9.4202166 2.9499741
-2.7797999 -9.419405 2.9499738
-2.7398601 -9.4202938 2.9499738
-2.7007351 -9.4206486 2.9499738
-2.6602902 -9.4204435 2.9499738
-2.6192608 -9.420785 2.9499738
-2.5804567 -9.41856 2.9499738
-2.5401101 -9.4201746 2.9499738
-2.5008576 -9.4193192 2.9499738
-2.460377 -9.4185486 2.9499738
-2.4214883 -9.4188957 2.9499738
-2.3817236 -9.4190283 2.9499738
-2.3399205 -9.4200249 2.9499738
-2.2984662 -9.4212112 2.9499738
-2.2614586 -9.4202642 2.9499738
-2.2205315 -9.4189768 2.9499738
-2.1800103 -9.4194012 2.9499738
-2.1394501 -9.4214516 2.9499738
-2.0996966 -9.4207191 2.9499736
-2.0609746 -9.4207115 2.9499736
-2.0212979 -9.4207001 2.9499736
-1.9793053 -9.4184942 2.9499733
-1.9394259 -9.4201965 2.9499733
-1.8986861 -9.4187918 2.9499731
-1.856735 -9.4210625 2.9499731
-1.8187062 -9.4238939 2.9499729
-1.780187 -9.4219122 2.9499731
-1.7396739 -9.4198942 2.9499731
-1.6978284 -9.4188948 2.9499729
-1.6592487 -9.4185581 2.9499729
-1.6198436 -9.4182024 2.9499729
-1.582888 -9.4154501 2.9499731
-1.5445703 -9.4165936 2.9499729
-1.4989815 -9.4196243 2.9499731
-1.4547874 -9.4253874 2.9499729
-1.4175936 -9.4222641 2.9499729
-1.3826692 -9.4147854 2.9499729
-1.3414046 -9.4156017 2.9499729
-1.2959185 -9.4243078 2.9499729
-1.2586259 -9.420269 2.9499726
-1.2271749 -9.4108658 2.9499729
-1.1787785 -9.4197521 2.9499724
-1.1289892 -9.4288921 2.9499726
-1.1091983 -9.4087381 2.9499729
-1.0605353 -9.4207716 2.9499724
-1.0104302 -9.4331656 2.9499724
-0.990053 -9.4124117 2.9499724
-0.93813419 -9.4248648 2.9499724
-0.89954042 -9.4192209 2.9499724
-0.86363095 -9.4163113 2.9499724
-0.8081426 -9.4292107 2.9499722
-0.78986448 -9.410594 2.9499722
-0.73543477 -9.4267578 2.9499722
-0.7168684 -9.4078503 2.9499722
-0.65725619 -9.4210262 2.9499722
-0.58292526 -9.4216156 2.9499722
-0.52237654 -9.4387627 2.9499719
-0.50288951 -9.4189167 2.9499719
-0.44328022 -9.4396696 2.9499719
-0.42346573 -9.4194899 2.9499719
-0.34132624 -9.420084 2.9499719
-0.2563304 -9.4206982 2.9499717
-0.17180336 -9.4248753 2.9499717
-0.15093684 -9.4036245 2.9499717
-0.087770462 -9.4328089 2.9499717
-0.066528082 -9.4111748 2.9499717
0.020977816 -9.4190035 2.9499719
0.10808214 -9.4308634 2.9499714
0.13011885 -9.4084215 2.9499714
0.22096141 -9.4203062 2.9499712
0.31533194 -9.4326534 2.9499712
0.33440876 -9.4132252 2.9499712
-3.8805416 -9.3983297 2.9499748
-3.8547809 -9.384409 2.9499776
-3.8205695 -9.3795033 2.9499788
-3.7802842 -9.3801432 2.9499786
-3.7401795 -9.3798351 2.9499784
-3.7006502 -9.3794861 2.9499781
-3.6598737 -9.3797112 2.9499779
-3.6198163 -9.3793392 2.9499776
-3.5800576 -9.3796368 2.9499774
-3.5401993 -9.3806171 2.9499772
-3.5003653 -9.3801956 2.9499767
-3.4607008 -9.3793783 2.9499764
-3.4200089 -9.379055 2.949976
-3.3801544 -9.3801374 2.9499755
-3.3398445 -9.3796034 2.9499753
-3.3003221 -9.3799276 2.9499743
-3.260885 -9.3798294 2.9499743
-3.2202547 -9.3794746 2.9499741
-3.1800618 -9.3807869 2.9499741
-3.1404741 -9.3806381 2.9499741
-3.1000092 -9.3793211 2.9499741
-3.0601454 -9.3793974 2.9499741
-3.0204465 -9.3792095 2.9499741
-2.9802461 -9.3788977 2.9499741
-2.9409084 -9.3799419 2.9499741
-2.9006953 -9.3803854 2.9499741
-2.8608959 -9.3804369 2.9499741
-2.8213749 -9.3803663 2.9499741
-2.780513 -9.3802919 2.9499738
-2.7400298 -9.3803787 2.9499738
-2.7000544 -9.3799906 2.9499738
-2.6607978 -9.3786411 2.9499738
-2.6209071 -9.3805885 2.9499738
-2.5806718 -9.3791523 2.9499738
-2.5405235 -9.3798275 2.9499738
-2.4991906 -9.3797531 2.9499738
-2.4606154 -9.3796797 2.9499738
-2.4194453 -9.3796072 2.9499738
-2.378567 -9.37953 2.9499738
-2.3409162 -9.3787861 2.9499738
-2.3000212 -9.3793907 2.9499738
-2.2579854 -9.3799858 2.9499738
-2.2204854 -9.3785372 2.9499738
-2.180557 -9.3786783 2.9499738
-2.1400146 -9.3812332 2.9499738
-2.099093 -9.3816109 2.9499736
-2.0608287 -9.3811359 2.9499736
-2.0216308 -9.3806448 2.9499736
-1.9814667 -9.3801374 2.9499736
-1.9402997 -9.3796129 2.9499733
-1.9003351 -9.3809242 2.9499731
-1.8614573 -9.3808784 2.9499731
-1.821661 -9.3808327 2.9499731
-1.7809122 -9.3807859 2.9499731
-1.7373797 -9.3783169 2.9499731
-1.6970986 -9.3799963 2.9499729
-1.6589102 -9.379262 2.9499729
-1.619913 -9.378499 2.9499729
-1.5800816 -9.3777084 2.9499729
-1.5427521 -9.3745756 2.9499731
-1.5065393 -9.377862 2.9499729
-1.460453 -9.3803873 2.9499729
-1.4131465 -9.3829794 2.9499729
-1.3761154 -9.384366 2.9499729
-1.3456438 -9.3770771 2.9499729
-1.3039773 -9.3774853 2.9499724
-1.2552646 -9.382905 2.9499724
-1.2150264 -9.3843527 2.9499729
-1.1887004 -9.3716841 2.9499729
-1.1397583 -9.3800135 2.9499724
-1.0894076 -9.3885822 2.9499726
-1.0696169 -9.3684273 2.9499729
-1.020376 -9.3798742 2.9499724
-0.96967578 -9.3916597 2.9499724
-0.94929856 -9.3709078 2.9499724
-0.8967669 -9.3827362 2.9499724
-0.86085761 -9.3798256 2.9499724
-0.82463235 -9.3765945 2.9499724
-0.77158588 -9.3919802 2.9499722
-0.75026089 -9.3702621 2.9499722
-0.6952076 -9.3857899 2.9499722
-0.67354667 -9.3637314 2.9499722
-0.61952931 -9.3826046 2.9499722
-0.579041 -9.3795156 2.9499722
-0.54138994 -9.3793154 2.9499722
-0.48340249 -9.3990707 2.9499719
-0.46391541 -9.3792248 2.9499719
-0.40365076 -9.3993111 2.9499719
-0.38383657 -9.3791323 2.9499719
-0.32117319 -9.39956 2.9499719
-0.30102015 -9.379035 2.9499719
-0.21874039 -9.3824158 2.9499719
-0.13354795 -9.3859158 2.9499714
-0.1161592 -9.368206 2.9499717
-0.045285225 -9.3895416 2.9499717
-0.027583599 -9.3715143 2.9499714
0.060636997 -9.3786135 2.9499717
0.15215556 -9.3859787 2.9499714
0.17051959 -9.3672771 2.9499714
0.25464597 -9.3860025 2.9499712
0.35348558 -9.3937969 2.9499712
-3.8415213 -9.3585911 2.9499745
-3.8150127 -9.3445158 2.9499779
-3.7804253 -9.3399458 2.9499788
-3.740576 -9.3395109 2.9499786
-3.7000892 -9.3398151 2.9499784
-3.6601062 -9.3399515 2.9499781
-3.6203351 -9.3394432 2.9499779
-3.5804234 -9.3392229 2.9499776
-3.5402024 -9.3404408 2.9499774
-3.5001945 -9.3396597 2.9499772
-3.4600575 -9.3397036 2.9499767
-3.4205904 -9.3395605 2.9499762
-3.3800509 -9.3398218 2.9499762
-3.3402872 -9.3404646 2.9499755
-3.3009045 -9.3393898 2.949975
-3.2609415 -9.3398228 2.9499743
-3.2206984 -9.3389044 2.9499743
-3.1796458 -9.3406258 2.9499741
-3.1403308 -9.3397112 2.9499741
-3.1006515 -9.3400793 2.9499741
-3.060189 -9.3393145 2.9499741
-3.0204434 -9.3405685 2.9499741
-2.9800577 -9.3391857 2.9499741
-2.9399116 -9.3397398 2.9499741
-2.900203 -9.3408804 2.9499741
-2.8596909 -9.3398905 2.9499741
-2.8195019 -9.3401318 2.9499741
-2.7794487 -9.3400192 2.9499741
-2.7396214 -9.3401613 2.9499741
-2.6993415 -9.3389416 2.9499738
-2.6596127 -9.3390474 2.9499738
-2.6202748 -9.3387079 2.9499738
-2.5789406 -9.3401432 2.9499738
-2.5395586 -9.3406916 2.9499738
-2.5002117 -9.3399944 2.9499738
-2.4585571 -9.3403864 2.9499738
-2.4192359 -9.3388271 2.9499738
-2.3798058 -9.3407412 2.9499738
-2.3397384 -9.3399878 2.9499738
-2.2999339 -9.3379889 2.9499738
-2.2601428 -9.3387518 2.9499738
-2.219856 -9.3411551 2.9499738
-2.1794376 -9.3384209 2.9499738
-2.1386373 -9.3410492 2.9499738
-2.0993159 -9.3397856 2.9499738
-2.0599689 -9.3405066 2.9499738
-2.02196 -9.3415518 2.9499736
-1.982287 -9.3405762 2.9499736
-1.9416355 -9.339572 2.9499736
-1.8999691 -9.3385401 2.9499733
-1.8594977 -9.3393345 2.9499731
-1.8201433 -9.3388042 2.9499731
-1.7776719 -9.3405437 2.9499731
-1.7386961 -9.3424101 2.9499729
-1.6993287 -9.3395662 2.9499731
-1.65859 -9.3407793 2.9499729
-1.6199925 -9.3396254 2.9499729
-1.5805776 -9.3384399 2.9499729
-1.5403196 -9.3372135 2.9499729
-1.501351 -9.3404436 2.9499729
-1.4659728 -9.3365479 2.9499729
-1.4219248 -9.3411493 2.9499726
-1.3767104 -9.3458719 2.9499729
-1.3388176 -9.3420382 2.9499729
-1.3043981 -9.3350725 2.9499729
-1.2638762 -9.3366461 2.9499726
-1.2173208 -9.3442631 2.9499729
-1.1766849 -9.3453045 2.9499729
-1.1502264 -9.3325014 2.9499726
-1.1007384 -9.3402758 2.9499724
-1.0498261 -9.3482723 2.9499726
-1.0300353 -9.3281174 2.9499729
-0.98021638 -9.3389759 2.9499724
-0.92892128 -9.3501558 2.9499724
-0.90854406 -9.3294029 2.9499724
-0.85540026 -9.3406076 2.9499724
-0.80363274 -9.3552084 2.9499724
-0.78563339 -9.3368778 2.9499724
-0.72893578 -9.3485441 2.9499722
-0.71065736 -9.3299303 2.9499722
-0.65498048 -9.3448229 2.9499722
-0.63641429 -9.3259144 2.9499722
-0.57865846 -9.3409824 2.9499722
-0.54100728 -9.3407822 2.9499722
-0.49985453 -9.3370161 2.9499722
-0.44442844 -9.3593798 2.9499719
-0.42494124 -9.3395338 2.9499719
-0.36402178 -9.3589525 2.9499719
-0.34420747 -9.3387737 2.9499719
-0.28086662 -9.358511 2.9499719
-0.26071367 -9.3379869 2.9499719
-0.17773271 -9.3406534 2.9499719
-0.095292568 -9.3469563 2.9499717
-0.074425936 -9.3257055 2.9499717
-0.009881258 -9.3534851 2.9499717
0.0042803288 -9.3390636 2.9499717
0.085874557 -9.352911 2.9499717
-3.8015718 -9.3179064 2.9499745
-3.7752652 -9.3043604 2.9499779
-3.7402158 -9.2998104 2.9499788
-3.7004116 -9.299696 2.9499786
-3.6605246 -9.2997837 2.9499784
-3.6202843 -9.2996521 2.9499781
-3.580369 -9.2996578 2.9499779
-3.5401983 -9.2998466 2.9499776
-3.4999826 -9.2998495 2.9499774
-3.4603491 -9.2995872 2.9499772
-3.4200857 -9.2998009 2.9499769
-3.3803773 -9.2994909 2.9499762
-3.3402846 -9.3002853 2.9499762
-3.3000007 -9.2994356 2.949975
-3.2599292 -9.2998724 2.949975
-3.219732 -9.2990122 2.9499743
-3.1801131 -9.3002872 2.9499743
-3.139663 -9.2995129 2.9499741
-3.0997441 -9.3004913 2.9499741
-3.060266 -9.2995348 2.9499741
-3.0200469 -9.3002205 2.9499741
-2.9799106 -9.2995558 2.9499741
-2.9391561 -9.2997684 2.9499741
-2.8995967 -9.3005066 2.9499741
-2.8596542 -9.2995863 2.9499741
-2.8200419 -9.2997284 2.9499741
-2.7805796 -9.2999125 2.9499741
-2.7400558 -9.2998991 2.9499741
-2.699573 -9.2993765 2.9499741
-2.6592495 -9.300786 2.9499738
-2.6208656 -9.2991104 2.9499738
-2.5817935 -9.2995176 2.9499738
-2.5388889 -9.2993488 2.9499738
-2.498632 -9.3014097 2.9499738
-2.459909 -9.2989502 2.9499738
-2.4199476 -9.2990522 2.9499738
-2.3815076 -9.3004045 2.9499738
-2.3404632 -9.2994728 2.9499738
-2.299407 -9.3017168 2.9499738
-2.2605889 -9.2979183 2.9499738
-2.220906 -9.3009739 2.9499738
-2.181072 -9.3016567 2.9499738
-2.1426365 -9.2992554 2.9499738
-2.1016693 -9.2983379 2.9499738
-2.0583391 -9.3015909 2.9499738
-2.0180216 -9.3009377 2.9499738
-1.9791191 -9.2995329 2.9499738
-1.9409515 -9.3008938 2.9499733
-1.9018046 -9.2990074 2.9499736
-1.8618379 -9.2988644 2.9499731
-1.8207798 -9.2964602 2.9499733
-1.7789648 -9.3012733 2.9499731
-1.7404656 -9.3026524 2.9499731
-1.7010076 -9.2994099 2.9499731
-1.6606894 -9.3002138 2.9499731
-1.6175724 -9.2997856 2.9499731
-1.5779184 -9.3020992 2.9499731
-1.541242 -9.2983789 2.9499729
-1.4995003 -9.3023577 2.9499729
-1.4611287 -9.2994814 2.9499729
-1.4254061 -9.2952356 2.9499729
-1.3808279 -9.2992954 2.9499726
-1.3350688 -9.3034658 2.9499729
-1.2938355 -9.3031788 2.9499729
-1.2628366 -9.2954245 2.9499729
-1.2237751 -9.2958078 2.9499729
-1.1766666 -9.3028612 2.9499726
-1.1369882 -9.3048763 2.9499726
-1.111752 -9.2933187 2.9499726
-1.0617181 -9.3005371 2.9499724
-1.0102444 -9.3079624 2.9499726
-0.99045354 -9.2878075 2.9499729
-0.9400571 -9.2980757 2.9499724
-0.8881669 -9.308651 2.9499724
-0.87070066 -9.290863 2.9499724
-0.81994265 -9.3044968 2.9499724
-0.77617556 -9.3048058 2.9499724
-0.74363458 -9.2941055 2.9499722
-0.68933266 -9.3082123 2.9499722
-0.66800761 -9.2864943 2.9499722
-0.61475331 -9.3038549 2.9499722
-0.59618688 -9.2849474 2.9499722
-0.53778762 -9.2993593 2.9499722
-0.46151435 -9.2979698 2.9499722
-0.40545416 -9.3196888 2.9499719
-0.38596725 -9.2998428 2.9499719
-0.3243928 -9.318594 2.9499719
-0.3045783 -9.2984142 2.9499719
-0.24056005 -9.3174629 2.9499719
-0.22712469 -9.3037806 2.9499719
-0.15039468 -9.3128119 2.9499717
-3.7625513 -9.2781677 2.9499745
-3.7355599 -9.2643919 2.9499779
-3.7002165 -9.2596931 2.9499788
-3.660619 -9.2596445 2.9499786
-3.6205773 -9.2596655 2.9499784
-3.5802794 -9.2599583 2.9499781
-3.540499 -9.2597694 2.9499779
-3.5005238 -9.2597752 2.9499776
-3.4602559 -9.2597132 2.9499774
-3.4203315 -9.2595062 2.9499769
-3.3802645 -9.2598219 2.9499767
-3.3406172 -9.2598724 2.9499764
-3.3005183 -9.2597904 2.9499757
-3.260046 -9.2599287 2.9499753
-3.2201352 -9.2594843 2.9499753
-3.1801698 -9.2593298 2.9499743
-3.1400149 -9.260067 2.9499741
-3.0997348 -9.2599335 2.9499741
-3.0601289 -9.2604485 2.9499741
-3.0203104 -9.2595453 2.9499741
-2.980211 -9.260107 2.9499741
-2.9408863 -9.2600832 2.9499741
-2.9004276 -9.2593136 2.9499741
-2.8597395 -9.2599163 2.9499741
-2.8199086 -9.2594528 2.9499741
-2.7803857 -9.2593174 2.9499741
-2.7402866 -9.2603827 2.9499741
-2.7005217 -9.2596378 2.9499741
-2.6607311 -9.2600451 2.9499738
-2.6194742 -9.2595682 2.9499738
-2.5790217 -9.2610083 2.9499738
-2.5417264 -9.2589216 2.9499738
-2.4997659 -9.2595062 2.9499738
-2.4588745 -9.2609205 2.9499738
-2.4196064 -9.2579069 2.9499738
-2.3792503 -9.2609892 2.9499738
-2.3406525 -9.2594461 2.9499738
-2.2997286 -9.2612715 2.9499738
-2.2603946 -9.2598181 2.9499738
-2.2198927 -9.2594166 2.9499738
-2.1809783 -9.2603092 2.9499738
-2.1405914 -9.2604303 2.9499738
-2.1016638 -9.2575283 2.9499738
-2.059629 -9.2605696 2.9499738
-2.0183899 -9.2618303 2.9499736
-1.9796143 -9.2599335 2.9499736
-1.9402314 -9.2599297 2.9499738
-1.8994656 -9.2598515 2.9499733
-1.8599205 -9.2592344 2.9499736
-1.8215175 -9.257802 2.9499731
-1.7823611 -9.2607784 2.9499731
-1.7421052 -9.2593307 2.9499731
-1.7008978 -9.2578468 2.9499731
-1.6586864 -9.2609282 2.9499729
-1.6202477 -9.2596197 2.9499731
-1.5784596 -9.2599535 2.9499731
-1.5363462 -9.2608252 2.9499729
-1.4994806 -9.2623959 2.9499729
-1.4596664 -9.2617893 2.9499729
-1.4209067 -9.2585192 2.9499729
-1.3848395 -9.2539215 2.9499729
-1.3422996 -9.2600584 2.9499729
-1.2960303 -9.2637081 2.9499726
-1.255967 -9.2646132 2.9499729
-1.2250574 -9.2542715 2.9499729
-1.1863478 -9.2576914 2.9499724
-1.1360127 -9.2614584 2.9499724
-1.0952215 -9.2651701 2.9499726
-1.0677812 -9.248539 2.9499726
-1.0226979 -9.2607975 2.9499724
-0.97066307 -9.2676525 2.9499726
-0.95087224 -9.2474966 2.9499729
-0.90276629 -9.2601004 2.9499724
-0.85032344 -9.2701111 2.9499724
-0.82994622 -9.2493591 2.9499724
-0.77857524 -9.2623682 2.9499724
-0.74176347 -9.2585392 2.9499722
-0.70763576 -9.2574444 2.9499722
-0.64972901 -9.2678795 2.9499722
-0.63145041 -9.2492647 2.9499722
-0.57762051 -9.2660389 2.9499722
-0.55595958 -9.2439804 2.9499722
-0.50320494 -9.2641392 2.9499722
-0.43275928 -9.2686853 2.9499719
-0.36648035 -9.2799969 2.9499719
-0.3599844 -9.2733812 2.9499719
-3.7226021 -9.237484 2.9499748
-3.6956532 -9.2241831 2.9499779
-3.6598141 -9.2194014 2.9499788
-3.6203029 -9.2199888 2.9499786
-3.5802758 -9.2198315 2.9499784
-3.5401478 -9.2196112 2.9499781
-3.5002871 -9.2199707 2.9499779
-3.4601426 -9.2197237 2.9499776
-3.4202986 -9.2195349 2.9499774
-3.3802559 -9.2196217 2.9499772
-3.3398626 -9.2199249 2.9499767
-3.2999637 -9.2198486 2.9499764
-3.2600379 -9.2198086 2.949976
-3.2199507 -9.2194443 2.9499755
-3.1801369 -9.2197599 2.9499753
-3.1406 -9.2195988 2.9499745
-3.1008213 -9.2201691 2.9499741
-3.0601573 -9.219635 2.9499741
-3.0199847 -9.220336 2.9499741
-2.9807026 -9.2194481 2.9499741
-2.9405184 -9.2201433 2.9499741
-2.9003224 -9.2195473 2.9499741
-2.8600297 -9.2197247 2.9499741
-2.8194175 -9.2207022 2.9499741
-2.780514 -9.2193346 2.9499741
-2.7412176 -9.2196941 2.9499741
-2.7007074 -9.2191505 2.9499741
-2.6602538 -9.2196722 2.9499741
-2.6199648 -9.2199726 2.9499738
-2.5800669 -9.2214346 2.9499738
-2.5399709 -9.2190027 2.9499738
-2.5013816 -9.2186069 2.9499738
-2.4596176 -9.2198143 2.9499738
-2.419117 -9.2204323 2.9499738
-2.3813965 -9.2193737 2.9499738
-2.3401039 -9.2197533 2.9499738
-2.299545 -9.2205143 2.9499738
-2.2590339 -9.2214661 2.9499738
-2.2207656 -9.2188253 2.9499738
-2.1805081 -9.2193079 2.9499738
-2.1410506 -9.2196474 2.9499738
-2.1001108 -9.2192068 2.9499738
-2.0613568 -9.2191305 2.9499738
-2.0201235 -9.2203445 2.9499738
-1.9794034 -9.2212029 2.9499738
-1.9412102 -9.2208233 2.9499736
-1.9013438 -9.2203255 2.9499738
-1.8600779 -9.219739 2.9499733
-1.8200545 -9.2186337 2.9499736
-1.7825711 -9.2189808 2.9499733
-1.7415239 -9.2191896 2.9499731
-1.7007915 -9.2172556 2.9499731
-1.6590773 -9.2197676 2.9499731
-1.6186817 -9.2201872 2.9499731
-1.5773065 -9.2206173 2.9499729
-1.5399427 -9.220726 2.9499731
-1.4973596 -9.2211218 2.9499729
-1.4600747 -9.2222643 2.9499729
-1.4198325 -9.2212219 2.9499729
-1.3806847 -9.217557 2.9499729
-1.3426322 -9.2191811 2.9499729
-1.3012028 -9.2182064 2.9499726
-1.2569919 -9.2239504 2.9499729
-1.2180277 -9.2190247 2.9499729
-1.1802803 -9.2193813 2.9499729
-1.1435735 -9.2141294 2.9499724
-1.0980691 -9.2228165 2.9499724
-1.0561824 -9.2225838 2.9499726
-1.023526 -9.2151031 2.9499726
-0.98089075 -9.2182217 2.9499724
-0.93108141 -9.2273426 2.9499726
-0.90413952 -9.2153034 2.9499726
-0.8626067 -9.2192011 2.9499724
-0.8095693 -9.2286062 2.9499724
-0.78919202 -9.2078543 2.9499724
-0.74016279 -9.2232494 2.9499724
-0.68663633 -9.2360592 2.9499722
-0.6746366 -9.2238388 2.9499722
-0.61621845 -9.2337523 2.9499722
-3.6835816 -9.1977453 2.9499748
-3.6561024 -9.1839609 2.9499781
-3.620079 -9.179822 2.9499788
-3.5803256 -9.179636 2.9499786
-3.5401869 -9.1796083 2.9499784
-3.5000741 -9.1796665 2.9499781
-3.4604783 -9.1799307 2.9499779
-3.4203033 -9.1796932 2.9499776
-3.380259 -9.1796789 2.9499774
-3.3407421 -9.1798477 2.9499772
-3.299674 -9.1797256 2.9499769
-3.2599256 -9.1800413 2.949976
-3.2205529 -9.1799812 2.949976
-3.1803606 -9.1792288 2.9499757
-3.1400938 -9.1797552 2.9499753
-3.0998995 -9.1798668 2.9499743
-3.0604241 -9.1796408 2.9499741
-3.0207279 -9.1801586 2.9499741
-2.9800758 -9.1797743 2.9499741
-2.9401126 -9.1796007 2.9499741
-2.8996511 -9.179904 2.9499741
-2.8603284 -9.1796474 2.9499741
-2.8208842 -9.1798592 2.9499741
-2.7795289 -9.1800804 2.9499741
-2.7393825 -9.1794996 2.9499741
-2.7000945 -9.1790276 2.9499741
-2.6603448 -9.1804085 2.9499738
-2.6198523 -9.1802397 2.9499738
-2.5796976 -9.1800575 2.9499738
-2.5402906 -9.1796379 2.9499738
-2.5003946 -9.1792297 2.9499738
-2.4608607 -9.179143 2.9499738
-2.4204774 -9.1799526 2.9499738
-2.378726 -9.1810131 2.9499738
-2.3410883 -9.1783237 2.9499738
-2.2999065 -9.1802654 2.9499738
-2.2603185 -9.1814709 2.9499738
-2.2205322 -9.1787596 2.9499738
-2.1790302 -9.1803875 2.9499738
-2.1396029 -9.1792641 2.9499738
-2.1011224 -9.1789846 2.9499738
-2.0602829 -9.181241 2.9499738
-2.0203481 -9.1773682 2.9499738
-1.9791003 -9.1810656 2.9499738
-1.9378661 -9.181983 2.9499738
-1.8984718 -9.1791868 2.9499738
-1.8606402 -9.1808033 2.9499736
-1.8206905 -9.1796255 2.9499733
-1.7801889 -9.1780348 2.9499731
-1.7409557 -9.179966 2.9499731
-1.7006869 -9.1776009 2.9499731
-1.6594592 -9.1795683 2.9499731
-1.6195459 -9.1795082 2.9499731
-1.58103 -9.1818428 2.9499731
-1.5393759 -9.1772594 2.9499731
-1.4987513 -9.1842289 2.9499729
-1.4583733 -9.1814184 2.9499729
-1.420669 -9.1821337 2.9499729
-1.3799984 -9.1806555 2.9499729
-1.3391958 -9.1798954 2.9499729
-1.301977 -9.1777782 2.9499729
-1.260106 -9.1763535 2.9499726
-1.2153505 -9.1815424 2.9499729
-1.1770513 -9.1842451 2.9499729
-1.1457165 -9.1734715 2.9499729
-1.106146 -9.176013 2.9499724
-1.0574154 -9.1814137 2.9499724
-1.0100698 -9.189765 2.9499729
-0.98553073 -9.1793175 2.9499726
-0.94744492 -9.1841602 2.9499726
-0.89432693 -9.1899109 2.9499729
-0.84252739 -9.1987514 2.9499724
-0.83679032 -9.1929092 2.9499724
-3.6436322 -9.1570597 2.9499745
-3.6162066 -9.1436129 2.9499781
-3.5800605 -9.139555 2.9499788
-3.5401011 -9.1397429 2.9499786
-3.5001895 -9.1395817 2.9499784
-3.4601443 -9.1400757 2.9499781
-3.4199772 -9.1396236 2.9499779
-3.3802111 -9.1399746 2.9499776
-3.3403139 -9.1396999 2.9499774
-3.3004525 -9.1400833 2.9499769
-3.2603917 -9.1398268 2.9499767
-3.2204158 -9.1400204 2.9499764
-3.1804807 -9.1398096 2.949976
-3.1405475 -9.1396046 2.9499753
-3.1006718 -9.1391373 2.949975
-3.0604374 -9.1396761 2.9499743
-3.0204699 -9.1398935 2.9499741
-2.9800401 -9.1393995 2.9499741
-2.9396026 -9.1404514 2.9499741
-2.9001732 -9.1395426 2.9499741
-2.8608561 -9.1395864 2.9499741
-2.8208969 -9.1388769 2.9499741
-2.7805119 -9.1403971 2.9499741
-2.740638 -9.1398478 2.9499741
-2.7010434 -9.1397591 2.9499741
-2.6609895 -9.1401081 2.9499741
-2.6198959 -9.1393023 2.9499738
-2.5795391 -9.140871 2.9499738
-2.5396051 -9.1392269 2.9499738
-2.498302 -9.1399918 2.9499738
-2.4605081 -9.1410284 2.9499738
-2.4217408 -9.13867 2.9499738
-2.3803499 -9.1404085 2.9499738
-2.3389432 -9.1404991 2.9499738
-2.3001275 -9.139781 2.9499738
-2.2596602 -9.1407576 2.9499738
-2.2187514 -9.1391382 2.9499738
-2.1797175 -9.1406841 2.9499738
-2.1386089 -9.1401701 2.9499738
-2.1001964 -9.1391335 2.9499738
-2.0597405 -9.14116 2.9499738
-2.0197675 -9.1399803 2.9499738
-1.982083 -9.1383982 2.9499738
-1.941107 -9.1398726 2.9499738
-1.899309 -9.1396341 2.9499738
-1.8600448 -9.1400518 2.9499738
-1.8197719 -9.1404715 2.9499738
-1.7800003 -9.1381865 2.9499733
-1.7416712 -9.1396313 2.9499733
-1.7005847 -9.1388512 2.9499731
-1.661665 -9.1382923 2.9499733
-1.6203902 -9.13978 2.9499731
-1.5800143 -9.1392479 2.9499731
-1.5386717 -9.1387043 2.9499731
-1.4987085 -9.1405735 2.9499731
-1.4577646 -9.1424875 2.9499731
-1.4186981 -9.1410122 2.9499729
-1.3786589 -9.1409864 2.9499731
-1.3367872 -9.1411238 2.9499731
-1.2989246 -9.1388836 2.9499726
-1.2656753 -9.1325645 2.9499729
-1.2267147 -9.1423464 2.9499729
-1.181517 -9.1470861 2.9499729
-1.1324685 -9.1492691 2.9499729
-1.0847585 -9.154232 2.9499726
-1.0357332 -9.1593323 2.9499726
-3.6036825 -9.1163759 2.9499748
-3.5765717 -9.1034336 2.9499781
-3.5403192 -9.0998487 2.9499788
-3.500505 -9.0996237 2.9499786
-3.4603579 -9.099721 2.9499784
-3.4204779 -9.0998611 2.9499781
-3.3805437 -9.0999556 2.9499779
-3.3405514 -9.0998878 2.9499776
-3.3010001 -9.0997896 2.9499774
-3.2603664 -9.0997572 2.9499774
-3.2200809 -9.1000805 2.9499767
-3.1801543 -9.0999565 2.9499764
-3.1400621 -9.0995398 2.949976
-3.1002171 -9.0991344 2.9499753
-3.0598762 -9.0996056 2.949975
-3.02 -9.0996971 2.9499743
-2.9809461 -9.0993652 2.9499741
-2.9406071 -9.0999537 2.9499741
-2.8994501 -9.0999432 2.9499741
-2.8586833 -9.1000938 2.9499741
-2.8194666 -9.0993729 2.9499741
-2.7805774 -9.1002035 2.9499741
-2.7405455 -9.0991211 2.9499741
-2.6997805 -9.1000881 2.9499741
-2.6602492 -9.0991497 2.9499741
-2.620729 -9.1002769 2.9499738
-2.5809946 -9.0996866 2.9499738
-2.5392547 -9.0998411 2.9499738
-2.4993989 -9.1000977 2.9499738
-2.4589763 -9.1009798 2.9499738
-2.4195421 -9.1001129 2.9499738
-2.3801358 -9.1003017 2.9499738
-2.3405037 -9.0985746 2.9499738
-2.2999752 -9.1010256 2.9499738
-2.2597725 -9.0986843 2.9499738
-2.2208993 -9.0998049 2.9499738
-2.1809633 -9.1006527 2.9499738
-2.1401806 -9.1004133 2.9499738
-2.0997128 -9.1005583 2.9499738
-2.0617881 -9.1004972 2.9499738
-2.0197549 -9.1004381 2.9499738
-1.9792519 -9.0987196 2.9499738
-1.9390937 -9.0999775 2.9499738
-1.8983246 -9.099021 2.9499738
-1.8576932 -9.1003351 2.9499738
-1.819746 -9.1005878 2.9499736
-1.7802128 -9.098896 2.9499733
-1.7406127 -9.098074 2.9499733
-1.7017956 -9.09902 2.9499733
-1.6602137 -9.0977373 2.9499731
-1.6189429 -9.0986567 2.9499731
-1.5813212 -9.0999918 2.9499731
-1.5404831 -9.0989895 2.9499731
-1.50102 -9.1003599 2.9499731
-1.4629823 -9.1041889 2.9499729
-1.4216002 -9.1056576 2.9499731
-1.3816304 -9.1096478 2.9499731
-1.3406557 -9.1137381 2.9499731
-1.2961335 -9.1153841 2.9499729
-3.5630848 -9.0763483 2.9499745
-3.5366726 -9.0634403 2.9499781
-3.5002975 -9.0597372 2.9499788
-3.4602671 -9.0596571 2.9499786
-3.4205177 -9.0597734 2.9499784
-3.3800459 -9.0598135 2.9499781
-3.339828 -9.060008 2.9499779
-3.3003783 -9.0596228 2.9499776
-3.2601395 -9.0593653 2.9499774
-3.2197452 -9.0598145 2.9499769
-3.1800778 -9.0598526 2.9499767
-3.1396494 -9.059803 2.9499764
-3.100024 -9.0595274 2.9499757
-3.0604608 -9.059927 2.949975
-3.0208826 -9.0596457 2.949975
-2.9804962 -9.060359 2.9499743
-2.9404511 -9.0592718 2.9499743
-2.9000437 -9.0600433 2.9499741
-2.8591342 -9.0596409 2.9499741
-2.8197212 -9.0595407 2.9499741
-2.7798307 -9.0607824 2.9499741
-2.739794 -9.0586681 2.9499741
-2.7007473 -9.0597229 2.9499741
-2.6602626 -9.0601559 2.9499741
-2.6203406 -9.0604858 2.9499741
-2.5800812 -9.0584173 2.9499741
-2.5398486 -9.0608473 2.9499738
-2.4989092 -9.0596437 2.9499738
-2.459199 -9.0600853 2.9499738
-2.4191184 -9.0602865 2.9499738
-2.3805366 -9.0611467 2.9499738
-2.3407063 -9.0589151 2.9499738
-2.3003061 -9.0587816 2.9499738
-2.2590759 -9.0605316 2.9499738
-2.2199943 -9.058814 2.9499738
-2.1792166 -9.0602818 2.9499738
-2.1399221 -9.0597601 2.9499738
-2.0999255 -9.0594234 2.9499738
-2.0608175 -9.0609465 2.9499738
-2.0223753 -9.060359 2.9499738
-1.9797693 -9.0597162 2.9499738
-1.9407725 -9.0595331 2.9499738
-1.9023795 -9.0580435 2.9499738
-1.86052 -9.0605192 2.9499738
-1.8197167 -9.061657 2.9499738
-1.7793964 -9.0610704 2.9499738
-1.7391839 -9.059474 2.9499736
-1.7003604 -9.0598965 2.9499731
-1.6627731 -9.0666838 2.9499731
-1.6287575 -9.06991 2.9499731
-1.5916834 -9.0708961 2.9499731
-1.556041 -9.0742464 2.9499731
-1.5195546 -9.0776758 2.9499731
-3.5233672 -9.0356789 2.9499743
-3.4968598 -9.023221 2.9499781
-3.4603727 -9.0199203 2.9499788
-3.4199576 -9.0199041 2.9499786
-3.3803031 -9.0194216 2.9499784
-3.340373 -9.0194941 2.9499781
-3.3001134 -9.0199623 2.9499779
-3.2605367 -9.0198135 2.9499776
-3.220752 -9.020134 2.9499774
-3.1801445 -9.0194664 2.9499772
-3.1403997 -9.019433 2.9499769
-3.1002169 -9.0196114 2.949976
-3.0603547 -9.0199966 2.949976
-3.0199516 -9.0194492 2.949975
-2.979852 -9.0206375 2.949975
-2.9400883 -9.0202818 2.9499741
-2.8994641 -9.0199776 2.9499743
-2.8601623 -9.0187874 2.9499741
-2.8202252 -9.0192623 2.9499741
-2.779933 -9.0199947 2.9499741
-2.7403171 -9.0191221 2.9499741
-2.7000875 -9.0197878 2.9499741
-2.6605277 -9.020442 2.9499741
-2.6207407 -9.0202112 2.9499741
-2.5807023 -9.0197582 2.9499741
-2.5411725 -9.0201149 2.9499741
-2.5010207 -9.0213041 2.9499738
-2.4595091 -9.0186281 2.9499738
-2.4190624 -9.0192089 2.9499738
-2.3789587 -9.0205879 2.9499738
-2.339756 -9.0199356 2.9499738
-2.2996736 -9.0183582 2.9499738
-2.2601418 -9.0192633 2.9499738
-2.219882 -9.0206175 2.9499738
-2.1811976 -9.0196018 2.9499738
-2.1392884 -9.0197105 2.9499738
-2.1001647 -9.0194101 2.9499738
-2.0603206 -9.0207434 2.9499738
-2.0188787 -9.0204477 2.9499738
-1.9800808 -9.0193796 2.9499738
-1.9398797 -9.0236092 2.9499738
-1.8999296 -9.0231323 2.9499736
-1.8606219 -9.0307236 2.9499733
-1.81908 -9.0320883 2.9499733
-1.7744869 -9.0371723 2.9499733
-1.7431788 -9.0399342 2.9499733
-3.4837301 -8.9960966 2.9499743
-3.4569125 -8.9833918 2.9499784
-3.4204178 -8.9797096 2.9499788
-3.3804379 -8.9793882 2.9499786
-3.3403242 -8.9795818 2.9499781
-3.3001645 -8.9796667 2.9499781
-3.2606258 -8.9798784 2.9499779
-3.2206666 -8.9805365 2.9499776
-3.1806543 -8.9792986 2.9499774
-3.1405249 -8.9791365 2.9499769
-3.1007843 -8.9797697 2.9499767
-3.0602155 -8.9799938 2.949976
-3.0204725 -8.9798355 2.9499755
-2.9803405 -8.9796877 2.9499755
-2.9400356 -8.9800272 2.949975
-2.9007664 -8.9809103 2.9499743
-2.860899 -8.9792194 2.9499741
-2.8210142 -8.978919 2.9499741
-2.7805705 -8.9796295 2.9499741
-2.7399881 -8.9793158 2.9499741
-2.7006688 -8.9796982 2.9499741
-2.6597247 -8.9803009 2.9499741
-2.6199841 -8.9806004 2.9499741
-2.5805917 -8.9802141 2.9499741
-2.5405571 -8.9798937 2.9499741
-2.4998574 -8.9802761 2.9499741
-2.4598098 -8.9785385 2.9499738
-2.4208288 -8.9792404 2.9499738
-2.3806002 -8.9800348 2.9499738
-2.3399823 -8.9797955 2.9499738
-2.2990632 -8.9804096 2.9499738
-2.2600362 -8.9798183 2.9499738
-2.220964 -8.9793634 2.9499738
-2.1809728 -8.9822016 2.9499738
-2.1401987 -8.9850426 2.9499738
-2.0997629 -8.9896259 2.9499738
-2.061162 -8.9922924 2.9499738
-2.022934 -8.9950056 2.9499736
-1.9849226 -8.9991341 2.9499736
-3.4440956 -8.9554977 2.9499743
-3.4168532 -8.9428339 2.9499784
-3.379925 -8.9397001 2.9499788
-3.3403325 -8.9399214 2.9499786
-3.3001423 -8.9395151 2.9499784
-3.2593234 -8.9394855 2.9499781
-3.219635 -8.9400682 2.9499779
-3.1800041 -8.9397602 2.9499776
-3.1401148 -8.9394846 2.9499772
-3.0997853 -8.9398432 2.9499772
-3.0603302 -8.9400158 2.9499767
-3.0202787 -8.9395266 2.9499762
-2.9805663 -8.9397163 2.9499755
-2.9404531 -8.9392481 2.9499753
-2.9001148 -8.9403439 2.9499748
-2.8606822 -8.9400406 2.9499748
-2.8199041 -8.9401569 2.9499741
-2.7803965 -8.9397192 2.9499741
-2.7403593 -8.939127 2.9499741
-2.6996853 -8.9391966 2.9499741
-2.6601331 -8.9404984 2.9499741
-2.6201921 -8.9401293 2.9499741
-2.5800257 -8.9403286 2.9499741
-2.5399811 -8.939209 2.9499741
-2.4999168 -8.9385042 2.9499741
-2.4600999 -8.9397449 2.9499738
-2.4215014 -8.9422636 2.9499738
-2.381427 -8.9456358 2.9499738
-2.3412969 -8.9481897 2.9499738
-2.3018761 -8.9528446 2.9499738
-2.2614632 -8.9557562 2.9499736
-2.2273891 -8.9582119 2.9499736
-3.4050288 -8.9157124 2.9499743
-3.3773389 -8.9029942 2.9499784
-3.3402648 -8.8996363 2.9499788
-3.3005764 -8.8995171 2.9499786
-3.2606487 -8.8997564 2.9499784
-3.2202168 -8.8997793 2.9499781
-3.1802282 -8.8999319 2.9499779
-3.1401579 -8.8996611 2.9499776
-3.1001976 -8.8995857 2.9499774
-3.0599399 -8.8999519 2.9499769
-3.0199475 -8.8995848 2.9499767
-2.9796178 -8.8999681 2.9499762
-2.9401228 -8.8995209 2.9499753
-2.9011984 -8.8997231 2.9499753
-2.8601062 -8.9001284 2.949975
-2.8198462 -8.8996735 2.9499743
-2.7799394 -8.9001007 2.9499741
-2.7401357 -8.8996372 2.9499741
-2.7000985 -8.8993216 2.9499741
-2.6607475 -8.9023857 2.9499741
-2.6210051 -8.9040632 2.9499741
-2.5809345 -8.9086008 2.9499741
-2.5403681 -8.9114857 2.9499741
-2.5017281 -8.9148436 2.9499741
-2.4702845 -8.9184561 2.9499741
-3.3648696 -8.875144 2.9499743
-3.3372366 -8.8623819 2.9499784
-3.300385 -8.859808 2.9499788
-3.2607112 -8.8598013 2.9499786
-3.2204707 -8.8598528 2.9499784
-3.1801918 -8.8598356 2.9499781
-3.1405818 -8.8595943 2.9499779
-3.1003063 -8.8596506 2.9499776
-3.0601423 -8.8599701 2.9499774
-3.0201957 -8.8597202 2.9499769
-2.9804251 -8.8598785 2.9499764
-2.9401963 -8.8596325 2.9499762
-2.901006 -8.861187 2.9499748
-2.8612475 -8.8648806 2.9499741
-2.8203275 -8.8682499 2.9499741
-2.7807989 -8.8718185 2.9499741
-2.7423546 -8.8745136 2.9499741
-2.7061424 -8.8785019 2.9499741
-3.3250597 -8.8348198 2.9499743
-3.2975328 -8.8224325 2.9499786
-3.2598581 -8.8197613 2.9499788
-3.2201869 -8.8200092 2.9499786
-3.1805642 -8.8196249 2.9499784
-3.140769 -8.8212385 2.9499779
-3.1010141 -8.8243542 2.9499767
-3.0614071 -8.8282022 2.9499748
-3.021481 -8.8313293 2.9499743
-2.9821529 -8.8348923 2.9499741
-2.9469967 -8.8373241 2.9499741
-3.2849655 -8.7941885 2.9499743
-3.2610974 -8.7914448 2.9499757
-3.2219763 -8.7945747 2.9499743
-3.1852937 -8.7977276 2.9499743
0 0 0 1 0 0 0 1 0 0 0 1 0 0 0 0 0 11422 1 0 0
