ply
format ascii 1.0
comment PCL generated
element vertex 11916
property float x
property float y
property float z
element face 0
element camera 1
property float view_px
property float view_py
property float view_pz
property float x_axisx
property float x_axisy
property float x_axisz
property float y_axisx
property float y_axisy
property float y_axisz
property float z_axisx
property float z_axisy
property float z_axisz
property float focal
property float scalex
property float scaley
property float centerx
property float centery
property int viewportx
property int viewporty
property float k1
property float k2
end_header
-2.3290868 -9.9639206 4.2974949e-05
-2.2940934 -9.9837341 0.0097297542
-2.2600024 -9.9877882 0.013405814
-2.2207227 -9.9862423 0.012141753
-2.18209 -9.9869261 0.012508883
-2.1393373 -9.9876413 0.013252392
-2.0975895 -9.9885597 0.013956649
-2.0580487 -9.986433 0.012668219
-2.0163844 -9.9882393 0.014197167
-1.9804847 -9.9873209 0.012956445
-1.9404693 -9.9873514 0.012739817
-1.8982109 -9.9868975 0.012984728
-1.8582023 -9.9881124 0.014308483
-1.8172414 -9.987112 0.012460688
-1.778839 -9.9874334 0.013129434
-1.7392658 -9.987546 0.012752909
-1.6985023 -9.9878798 0.013450274
-1.6561655 -9.9868917 0.012575622
-1.6167014 -9.9889908 0.014581856
-1.581183 -9.9856491 0.011412316
-1.5403583 -9.9873037 0.012211717
-1.4969544 -9.9901876 0.015667291
-1.458774 -9.9849977 0.01167981
-1.4240589 -9.9884462 0.014479973
-1.3831309 -9.9869938 0.012986839
-1.3408366 -9.9877214 0.013941212
-1.3029397 -9.9855785 0.010368957
-1.2593131 -9.9902344 0.01661445
-1.2143842 -9.9858942 0.010560449
-1.1741121 -9.9883213 0.014665039
-1.1375759 -9.987133 0.013215501
-1.0986412 -9.9886875 0.014772718
-1.0571051 -9.985199 0.010804065
-1.0116044 -9.9873972 0.012919202
-0.97858065 -9.9869051 0.012531295
-0.94526911 -9.9878016 0.013824825
-0.90342063 -9.988945 0.013441741
-0.86086035 -9.988224 0.014001821
-0.82605046 -9.9870987 0.012424742
-0.78789705 -9.9881372 0.01275022
-0.74282998 -9.9872332 0.013415873
-0.70625526 -9.9858198 0.011931837
-0.66475034 -9.9871693 0.012079152
-0.62688571 -9.9863892 0.012799339
-0.58397651 -9.9876165 0.013059529
-0.54402894 -9.9869833 0.013704121
-0.49992943 -9.9879694 0.0141538
-0.45786163 -9.9866819 0.010128866
-0.42107901 -9.9855957 0.010837342
-2.3737054 -9.929348 4.3034554e-05
-2.34092 -9.9384832 4.3007731e-05
-2.3035192 -9.9406528 4.295792e-05
-2.2640662 -9.9401426 4.2974949e-05
-2.2231033 -9.9396143 4.2940443e-05
-2.1805301 -9.9400759 4.2900443e-05
-2.1362722 -9.9405546 4.2862015e-05
-2.0986536 -9.9409628 4.285574e-05
-2.0584373 -9.9392662 4.2842494e-05
-2.0175302 -9.9402084 4.2820971e-05
-1.9837216 -9.9405508 4.2801101e-05
-1.9400346 -9.9415617 4.2839183e-05
-1.8956857 -9.9397402 4.277446e-05
-1.858305 -9.940094 4.2801552e-05
-1.8197917 -9.9404593 4.2741947e-05
-1.7800937 -9.940835 4.2747368e-05
-1.7391555 -9.9412231 4.2747368e-05
-1.6969181 -9.9416227 4.2682343e-05
-1.65231 -9.940176 4.2712687e-05
-1.6186968 -9.9385643 4.2688847e-05
-1.5841584 -9.9407597 4.262328e-05
-1.5368154 -9.9411745 4.2653082e-05
-1.5003035 -9.9434834 4.2617321e-05
-1.4641451 -9.9398165 4.2643813e-05
-1.4243004 -9.9401407 4.2510033e-05
-1.3832453 -9.9404726 4.2590829e-05
-1.3442105 -9.9407883 4.2498112e-05
-1.304028 -9.9411144 4.2531225e-05
-1.2596912 -9.941473 4.2498112e-05
-1.2155832 -9.9396667 4.2474268e-05
-1.1703625 -9.9377871 4.2510033e-05
-1.139447 -9.937995 4.2393804e-05
-1.1079348 -9.9382076 4.2510033e-05
-1.0576069 -9.9385471 4.2425261e-05
-1.0096344 -9.9388695 4.2393804e-05
-0.97555006 -9.9390993 4.2319298e-05
-0.94077402 -9.939333 4.2334199e-05
-0.90528458 -9.9395723 4.2319298e-05
-0.86905986 -9.9398165 4.2393804e-05
-0.83207607 -9.9400654 4.2319298e-05
-0.79430926 -9.94032 4.221499e-05
-0.75573248 -9.9356041 4.2274594e-05
-0.71632683 -9.9408455 4.221499e-05
-0.67605442 -9.9360313 4.221499e-05
-0.63489771 -9.9413939 4.2155385e-05
-0.59281546 -9.9364786 4.2244792e-05
-0.549788 -9.941967 4.2140484e-05
-0.50577086 -9.9369469 4.209578e-05
-0.46074265 -9.9425669 4.2200089e-05
-0.41465604 -9.9374352 4.2572618e-05
-2.4477744 -9.8838558 4.3153763e-05
-2.4152746 -9.8943272 4.3052434e-05
-2.3787313 -9.9001656 4.3102285e-05
-2.3415179 -9.89991 4.3051583e-05
-2.3034959 -9.9005671 4.3040229e-05
-2.2640421 -9.8993044 4.3057262e-05
-2.2230766 -9.8999739 4.3023199e-05
-2.1805134 -9.900672 4.2981224e-05
-2.1362419 -9.9003658 4.2942167e-05
-2.0974326 -9.9000969 4.2942855e-05
-2.0584178 -9.8998289 4.2924756e-05
-2.0181475 -9.8995495 4.2851156e-05
-1.9836982 -9.9009542 4.2880576e-05
-1.9400105 -9.9012489 4.2892163e-05
-1.894825 -9.9004126 4.2850774e-05
-1.8574187 -9.9001789 4.2885542e-05
-1.8188782 -9.8999395 4.2825937e-05
-1.7791525 -9.8996925 4.2825937e-05
-1.7372407 -9.9012423 4.281781e-05
-1.6949424 -9.9010077 4.2763622e-05
-1.6512793 -9.9007654 4.2796135e-05
-1.6186743 -9.9005833 4.2760374e-05
-1.5851928 -9.9003992 4.2698601e-05
-1.537885 -9.9001369 4.2731113e-05
-1.5002779 -9.8999262 4.2706728e-05
-1.4627153 -9.9017334 4.2670967e-05
-1.4242764 -9.8995056 4.258156e-05
-1.3847052 -9.9013348 4.2670967e-05
-1.3441883 -9.9032345 4.2569638e-05
-1.3024395 -9.9009542 4.2611362e-05
-1.2596658 -9.898592 4.2593478e-05
-1.2139049 -9.8983393 4.2564337e-05
-1.170339 -9.898097 4.2587519e-05
-1.1394234 -9.8979244 4.2474268e-05
-1.107911 -9.8977499 4.2587519e-05
-1.0594041 -9.8997507 4.2498112e-05
-1.0096124 -9.9018335 4.2468309e-05
-0.97552526 -9.8970146 4.2408705e-05
-0.94075173 -9.9015465 4.2408705e-05
-0.90525925 -9.8966255 4.2408705e-05
-0.86903715 -9.9012451 4.2468309e-05
-0.83205014 -9.8962183 4.2408705e-05
-0.79428601 -9.9009323 4.2289495e-05
-0.75570899 -9.8957958 4.23491e-05
-0.71630317 -9.9006062 4.2289495e-05
-0.6760304 -9.8953533 4.2289495e-05
-0.63487339 -9.9002657 4.2229891e-05
-0.59279364 -9.9000902 4.2219956e-05
-0.5497632 -9.899909 4.2229891e-05
-0.50574893 -9.8997259 4.2160351e-05
-0.4607172 -9.8995371 4.2289495e-05
-0.41463336 -9.8993435 4.2597454e-05
-2.4891057 -9.8491774 4.3226613e-05
-2.4577928 -9.8586407 4.3148088e-05
-2.4194875 -9.859704 4.3122935e-05
-2.3776159 -9.8597307 4.3178148e-05
-2.341495 -9.8605528 4.3116866e-05
-2.303472 -9.8604813 4.3116866e-05
-2.2646894 -9.8594141 4.3097138e-05
-2.2230499 -9.8593435 4.3100117e-05
-2.180486 -9.8602571 4.3060099e-05
-2.1362247 -9.8601761 4.3018867e-05
-2.0986056 -9.8592482 4.3020798e-05
-2.0583909 -9.8603878 4.299813e-05
-2.0174823 -9.85888 4.2930245e-05
-1.984333 -9.8597279 4.2965778e-05
-1.9399867 -9.8609343 4.2958392e-05
-1.8948007 -9.8593607 4.2930245e-05
-1.856532 -9.8602247 4.2904507e-05
-1.8179654 -9.8593788 4.289909e-05
-1.7782115 -9.8585072 4.2904507e-05
-1.7391083 -9.8612833 4.2904507e-05
-1.6968701 -9.8604164 4.2839485e-05
-1.6532699 -9.8595181 4.2866577e-05
-1.618652 -9.8626041 4.2831896e-05
-1.5841109 -9.8600254 4.2784213e-05
-1.5367668 -9.8590841 4.2814016e-05
-1.5002521 -9.8563709 4.2796135e-05
-1.4626914 -9.8616238 4.2748452e-05
-1.4242525 -9.8588715 4.2665004e-05
-1.3846807 -9.8601608 4.2748452e-05
-1.3441635 -9.8615065 4.2605399e-05
-1.3008507 -9.8607349 4.2690172e-05
-1.2596431 -9.8599997 4.2662024e-05
-1.2171896 -9.8592424 4.2604075e-05
-1.1703155 -9.8584061 4.2676926e-05
-1.1393998 -9.8578539 4.2542815e-05
-1.1078898 -9.8617878 4.2662024e-05
-1.0612015 -9.8610191 4.2564337e-05
-1.0095878 -9.8601685 4.2545795e-05
-0.97550315 -9.8596077 4.2483211e-05
-0.94072664 -9.8590345 4.2498112e-05
-0.90523666 -9.8584499 4.2483211e-05
-0.86901426 -9.8626747 4.2542815e-05
-0.8320272 -9.8572435 4.2483211e-05
-0.79426277 -9.8615456 4.2364001e-05
-0.75568551 -9.8559866 4.2438507e-05
-0.71627939 -9.8603678 4.2364001e-05
-0.67600942 -9.8597603 4.2378902e-05
-0.63484907 -9.8591385 4.2304397e-05
-0.59277213 -9.8637009 4.2304397e-05
-0.54973841 -9.8578529 4.2304397e-05
-0.50572693 -9.862505 4.2244792e-05
-0.46069175 -9.8565073 4.2378902e-05
-0.41460991 -9.8612528 4.2393804e-05
-2.563549 -9.8029947 4.3332577e-05
-2.5338607 -9.8129416 4.3306085e-05
-2.4965916 -9.8203478 4.3286433e-05
-2.4588258 -9.8204117 4.3229622e-05
-2.4192586 -9.8198242 4.3215354e-05
-2.3781395 -9.8201208 4.3270134e-05
-2.3414733 -9.8202572 4.320524e-05
-2.3034482 -9.8203964 4.321053e-05
-2.2633269 -9.820569 4.3189524e-05
-2.2237267 -9.8196926 4.3192507e-05
-2.181222 -9.8198271 4.3150627e-05
-2.1361947 -9.8199863 4.3112039e-05
-2.0979838 -9.8199425 4.3109059e-05
-2.0592127 -9.8209352 4.3087883e-05
-2.0174592 -9.8198385 4.3024618e-05
-1.9836496 -9.8184738 4.3054421e-05
-1.9399629 -9.8206224 4.305111e-05
-1.89394 -9.8199778 4.3018299e-05
-1.8573712 -9.8203077 4.298985e-05
-1.8197209 -9.8206596 4.2991203e-05
-1.7800217 -9.8191929 4.3002041e-05
-1.7371932 -9.8212461 4.2931599e-05
-1.6948943 -9.8197412 4.2931599e-05
-1.6522391 -9.8201075 4.2951106e-05
-1.6186272 -9.8208256 4.2935211e-05
-1.5840881 -9.8215742 4.2867661e-05
-1.5367435 -9.8199873 4.2903423e-05
-1.5002289 -9.8167744 4.2879583e-05
-1.4626677 -9.8215141 4.2837859e-05
-1.4242284 -9.8182383 4.2760374e-05
-1.3861407 -9.8211012 4.2835873e-05
-1.3441387 -9.8197784 4.2700769e-05
-1.3023918 -9.82057 4.2784213e-05
-1.2596203 -9.8214064 4.2748452e-05
-1.2138585 -9.8200274 4.266368e-05
-1.1702921 -9.818716 4.2751431e-05
-1.1393788 -9.822237 4.2632222e-05
-1.1078659 -9.8213301 4.2748452e-05
-1.0575368 -9.8198833 4.2657059e-05
-1.0095633 -9.8185034 4.2632222e-05
-0.97548109 -9.8221998 4.2572618e-05
-0.94070148 -9.8165236 4.2587519e-05
-0.90521419 -9.8202753 4.2572618e-05
-0.86899161 -9.8241043 4.2632222e-05
-0.83200407 -9.8182688 4.2572618e-05
-0.79423946 -9.8221588 4.2453408e-05
-0.75566196 -9.8161793 4.2527914e-05
-0.71625555 -9.8201294 4.2453408e-05
-0.67598832 -9.8241653 4.2453408e-05
-0.63482487 -9.8180103 4.2393804e-05
-0.59274757 -9.822113 4.2393804e-05
-0.54971361 -9.815794 4.2408705e-05
-0.50570178 -9.8199673 4.2334199e-05
-0.46066961 -9.8188562 4.2458374e-05
-0.4145838 -9.8177195 4.2408705e-05
-2.6076922 -9.7672548 4.3383665e-05
-2.5762236 -9.7776871 4.3383352e-05
-2.5388596 -9.780489 4.3378721e-05
-2.496911 -9.7800379 4.3367185e-05
-2.4587989 -9.7806463 4.330407e-05
-2.4190435 -9.779932 4.3291471e-05
-2.3781183 -9.7805433 4.3346125e-05
-2.3414469 -9.7799606 4.3287164e-05
-2.3034248 -9.7803116 4.3287164e-05
-2.263972 -9.7806768 4.3264456e-05
-2.2223113 -9.780077 4.326403e-05
-2.1797175 -9.7804508 4.3225289e-05
-2.136178 -9.7797956 4.3188269e-05
-2.097362 -9.7806053 4.3185857e-05
-2.0574944 -9.7804585 4.316945e-05
-2.0174358 -9.7807941 4.3094158e-05
-1.983626 -9.7788744 4.3128926e-05
-1.939939 -9.7803097 4.3127271e-05
-1.8947541 -9.7806616 4.3099124e-05
-1.8582104 -9.7804298 4.3072483e-05
-1.8188076 -9.780098 4.3069322e-05
-1.7781651 -9.7797432 4.3061646e-05
-1.7390609 -9.7813444 4.3007461e-05
-1.696822 -9.7792053 4.3007461e-05
-1.651208 -9.780652 4.2974949e-05
-1.6186025 -9.779047 4.301071e-05
-1.583006 -9.7811413 4.2953274e-05
-1.5367205 -9.7808886 4.2974949e-05
-1.5002053 -9.7771778 4.2951106e-05
-1.462644 -9.7814054 4.2921303e-05
-1.4242045 -9.7776041 4.2831896e-05
-1.3846346 -9.7819481 4.2915344e-05
-1.3441141 -9.7780514 4.2772292e-05
-1.3039331 -9.7804651 4.2862361e-05
-1.259595 -9.7785244 4.2831896e-05
-1.2171434 -9.7810125 4.2743151e-05
-1.1702688 -9.7790251 4.2831896e-05
-1.1393549 -9.7821665 4.2712687e-05
-1.107842 -9.7808733 4.2825937e-05
-1.0611528 -9.7789574 4.2716663e-05
-1.0095414 -9.7814684 4.2706728e-05
-0.97545624 -9.7801151 4.2653082e-05
-0.94067919 -9.7787361 4.2647123e-05
-0.9051916 -9.7821007 4.2647123e-05
-0.86896574 -9.7807121 4.2665004e-05
-0.83198118 -9.779295 4.2647123e-05
-0.79421622 -9.7827711 4.2527914e-05
-0.75563842 -9.77637 4.260242e-05
-0.71623182 -9.7798901 4.2527914e-05
-0.6759643 -9.7834873 4.2527914e-05
-0.63480055 -9.7768822 4.2483211e-05
-0.59272301 -9.7805262 4.2468309e-05
-0.54969192 -9.7789946 4.2478245e-05
-0.50567663 -9.7774277 4.2423606e-05
-0.46064734 -9.7812052 4.2527914e-05
-0.41456127 -9.7796278 4.2478245e-05
-2.6587107 -9.7297201 4.3502874e-05
-2.6202884 -9.7391148 4.3477117e-05
-2.5781848 -9.7404528 4.3462962e-05
-2.5383418 -9.7404327 4.3448061e-05
-2.4967215 -9.7404079 4.342397e-05
-2.4592583 -9.7400045 4.3381817e-05
-2.4199846 -9.7400064 4.3374301e-05
-2.3786368 -9.7400551 4.3430111e-05
-2.3419881 -9.7396784 4.3370506e-05
-2.3034008 -9.7402277 4.3366636e-05
-2.263948 -9.7398376 4.3346769e-05
-2.2229793 -9.7404242 4.3326618e-05
-2.1804118 -9.7400227 4.3311717e-05
-2.136941 -9.7406511 4.3266697e-05
-2.0985351 -9.7398195 4.3272972e-05
-2.0583239 -9.7399378 4.3251013e-05
-2.0174134 -9.7417498 4.3178599e-05
-1.9836026 -9.7392797 4.3213367e-05
-1.9399155 -9.7399969 4.3210057e-05
-1.8947301 -9.7396097 4.3178599e-05
-1.857324 -9.7404623 4.3153763e-05
-1.8178947 -9.7394962 4.3148346e-05
-1.7799754 -9.7404823 4.3153763e-05
-1.7380909 -9.739502 4.3094158e-05
-1.6958233 -9.7403927 4.3088199e-05
-1.653199 -9.7394934 4.3067066e-05
-1.6185801 -9.7410679 4.3082237e-05
-1.5850974 -9.7389612 4.3034554e-05
-1.5366974 -9.7417917 4.3022632e-05
-1.5001822 -9.7375813 4.3046475e-05
-1.4626205 -9.7412958 4.2998792e-05
-1.4241804 -9.7369699 4.2927266e-05
-1.3846102 -9.7407742 4.2986871e-05
-1.3440919 -9.7404966 4.285574e-05
-1.3023446 -9.7402248 4.2945147e-05
-1.2595723 -9.7399321 4.2915344e-05
-1.2154649 -9.7396431 4.2825937e-05
-1.1702452 -9.7393341 4.2915344e-05
-1.1393313 -9.7420969 4.2781234e-05
-1.107818 -9.7404156 4.2915344e-05
-1.0593097 -9.7401209 4.2796135e-05
-1.0095167 -9.7398024 4.2796135e-05
-0.97543132 -9.7380314 4.2751431e-05
-0.9406569 -9.7409477 4.2721629e-05
-0.90516627 -9.7391529 4.273653e-05
-0.86893988 -9.7373199 4.2691827e-05
-0.83195806 -9.7403202 4.2721629e-05
-0.79419297 -9.7433844 4.260242e-05
-0.75561494 -9.7365627 4.2691827e-05
-0.7162081 -9.7396517 4.2617321e-05
-0.67594033 -9.7428093 4.260242e-05
-0.63477623 -9.735754 4.2572618e-05
-0.59269845 -9.7389383 4.2557716e-05
-0.54966998 -9.7421942 4.2542815e-05
-0.50565463 -9.7402077 4.2498112e-05
-0.46062189 -9.7381754 4.2632222e-05
-0.41453874 -9.7415371 4.2557716e-05
-2.7280452 -9.6846743 4.3660402e-05
-2.6974137 -9.6956596 4.3617561e-05
-2.66134 -9.6998653 4.3578009e-05
-2.6209607 -9.6996355 4.3559365e-05
-2.5783105 -9.7000227 4.3551128e-05
-2.5383177 -9.6997538 4.3533742e-05
-2.4965208 -9.7007694 4.35037e-05
-2.4582491 -9.7002182 4.3432821e-05
-2.4185944 -9.7001343 4.3457952e-05
-2.3780687 -9.7004776 4.3497199e-05
-2.3413997 -9.6993818 4.3457461e-05
-2.3033774 -9.7001419 4.3454624e-05
-2.2639213 -9.6999722 4.3433905e-05
-2.2236562 -9.7008104 4.3392181e-05
-2.1811159 -9.6996365 4.3395161e-05
-2.1353765 -9.7004347 4.33594e-05
-2.0979133 -9.7004814 4.3352444e-05
-2.0591412 -9.6994638 4.3335713e-05
-2.0167477 -9.7010174 4.3268388e-05
-1.9835792 -9.6996813 4.3297809e-05
-1.9398916 -9.6996851 4.3296153e-05
-1.8955445 -9.700345 4.3267555e-05
-1.8572997 -9.6987953 4.3238204e-05
-1.8196499 -9.7008591 4.3235043e-05
-1.779034 -9.6992693 4.3198466e-05
-1.7380669 -9.6995182 4.3177606e-05
-1.6957992 -9.6997747 4.3178599e-05
-1.652168 -9.700038 4.3147804e-05
-1.6185554 -9.6992884 4.3183565e-05
-1.5840155 -9.6985292 4.3118001e-05
-1.535579 -9.7006474 4.3115833e-05
-1.5001585 -9.6979847 4.3118001e-05
-1.4625968 -9.7011852 4.3088199e-05
-1.4241564 -9.6963358 4.2998792e-05
-1.384586 -9.6995983 4.3058397e-05
-1.3440697 -9.7029438 4.2939188e-05
-1.3007559 -9.6999245 4.3021308e-05
-1.2595494 -9.7013388 4.2974949e-05
-1.2154417 -9.70051 4.2907894e-05
-1.1702218 -9.6996441 4.2998792e-05
-1.1393077 -9.7020264 4.2879583e-05
-1.1077942 -9.6999578 4.3004751e-05
-1.0574667 -9.7012205 4.2875607e-05
-1.0094922 -9.6981373 4.2885542e-05
-0.97540927 -9.7006245 4.2825937e-05
-0.94063455 -9.7031612 4.2811036e-05
-0.90514088 -9.6962051 4.2825937e-05
-0.86891699 -9.6987495 4.2766333e-05
-0.83193511 -9.7013464 4.2811036e-05
-0.79416972 -9.7039976 4.2691827e-05
-0.75559139 -9.6967535 4.2766333e-05
-0.71618426 -9.6994133 4.2706728e-05
-0.67591608 -9.7021303 4.2632222e-05
-0.63475496 -9.6997671 4.2637188e-05
-0.5926739 -9.6973505 4.2647123e-05
-0.54964519 -9.7001362 4.2647123e-05
-0.5056327 -9.7029877 4.2572618e-05
-0.46059966 -9.7005234 4.2696793e-05
-0.41451299 -9.6980038 4.2647123e-05
-2.7750106 -9.6489477 4.3677432e-05
-2.7416182 -9.658473 4.3678574e-05
-2.701431 -9.6596861 4.3680502e-05
-2.6623592 -9.6595106 4.3656895e-05
-2.6211627 -9.6597881 4.3634962e-05
-2.5781374 -9.6595945 4.3625012e-05
-2.5381284 -9.6597052 4.3607528e-05
-2.4968405 -9.6604786 4.3578686e-05
-2.4592113 -9.6604929 4.3511391e-05
-2.4191737 -9.660223 4.3535234e-05
-2.3774984 -9.6608686 4.354932e-05
-2.3413763 -9.6600237 4.3508553e-05
-2.3033538 -9.660058 4.3531258e-05
-2.2645726 -9.6611156 4.3505432e-05
-2.2229352 -9.6601667 4.3471653e-05
-2.1796453 -9.6591692 4.3472646e-05
-2.1368937 -9.6602993 4.3426688e-05
-2.0978889 -9.6596155 4.3400698e-05
-2.0582724 -9.6600084 4.3412048e-05
-2.0180049 -9.6588469 4.3332577e-05
-1.9835558 -9.6600838 4.3372314e-05
-1.9398679 -9.6593714 4.3372314e-05
-1.8946835 -9.6609373 4.3342512e-05
-1.856413 -9.6587734 4.3305485e-05
-1.8187369 -9.6602564 4.331271e-05
-1.7790108 -9.6599016 4.3255091e-05
-1.7380433 -9.6595335 4.3253105e-05
-1.6957754 -9.6591558 4.3237211e-05
-1.6511371 -9.6605387 4.3218784e-05
-1.6185309 -9.6575108 4.326105e-05
-1.5839927 -9.6600761 4.3189524e-05
-1.5366488 -9.659668 4.3195487e-05
-1.5001353 -9.6583881 4.3201446e-05
-1.4625731 -9.6610775 4.3159722e-05
-1.4241349 -9.6597643 4.3079257e-05
-1.3845615 -9.6584263 4.3135882e-05
-1.3440453 -9.6612158 4.301071e-05
-1.3038632 -9.6620922 4.3107404e-05
-1.2595236 -9.6584578 4.2963027e-05
-1.2154188 -9.661375 4.2980908e-05
-1.1701984 -9.6599541 4.3079257e-05
-1.139284 -9.6619558 4.2960048e-05
-1.1077702 -9.6595011 4.3034554e-05
-1.0610826 -9.6604233 4.2955082e-05
-1.0094703 -9.6611023 4.2960048e-05
-0.97538722 -9.6632156 4.2885542e-05
-0.94060946 -9.6606503 4.2891501e-05
-0.90511835 -9.6580305 4.2900443e-05
-0.86889434 -9.6601791 4.2840838e-05
-0.83191204 -9.6623707 4.2900443e-05
-0.79414642 -9.6646099 4.2766333e-05
-0.75556797 -9.6569452 4.2840838e-05
-0.71616054 -9.659174 4.2781234e-05
-0.675892 -9.6614513 4.2721629e-05
-0.6347338 -9.6637802 4.2706728e-05
-0.59264934 -9.6557636 4.2721629e-05
-0.54962039 -9.6580801 4.2721629e-05
-0.50560755 -9.6604481 4.2662024e-05
-0.46057719 -9.6628723 4.2706728e-05
-0.41449046 -9.6599121 4.2716663e-05
-2.7777536 -9.6201134 4.3758089e-05
-2.7418158 -9.6197414 4.3756583e-05
-2.7002242 -9.6197739 4.3745651e-05
-2.6614099 -9.619729 4.3742584e-05
-2.621362 -9.619956 4.3717828e-05
-2.5781138 -9.6197834 4.3714419e-05
-2.5384333 -9.6203041 4.3697895e-05
-2.4971633 -9.6202126 4.3667133e-05
-2.4582255 -9.6197805 4.3599503e-05
-2.4197392 -9.620348 4.3624434e-05
-2.3785439 -9.6195135 4.3640965e-05
-2.3413532 -9.6206646 4.3573833e-05
-2.3033297 -9.6199732 4.3622083e-05
-2.2638779 -9.6212234 4.3573833e-05
-2.2222164 -9.6194859 4.3565036e-05
-2.1811037 -9.6198454 4.3558448e-05
-2.135329 -9.6200285 4.3523312e-05
-2.0978649 -9.6187468 4.3491524e-05
-2.0574 -9.620513 4.3498843e-05
-2.0173399 -9.6181135 4.3407083e-05
-1.9835323 -9.6204882 4.3456752e-05
-1.9398441 -9.6190596 4.3451786e-05
-1.8946594 -9.6198854 4.3431919e-05
-1.8581161 -9.6207666 4.3403019e-05
-1.8178238 -9.6196136 4.3408436e-05
-1.7789878 -9.620532 4.3337543e-05
-1.7380197 -9.6195507 4.3344498e-05
-1.6947764 -9.6202698 4.3316322e-05
-1.653128 -9.6194677 4.3310902e-05
-1.6185086 -9.6195297 4.3344498e-05
-1.58397 -9.6216249 4.3267013e-05
-1.5377187 -9.6187372 4.328381e-05
-1.5001118 -9.6187916 4.3284894e-05
-1.4625494 -9.6209669 4.3255091e-05
-1.4241133 -9.6231937 4.3153763e-05
-1.3845372 -9.6172514 4.3231248e-05
-1.3440205 -9.6194887 4.310608e-05
-1.3022745 -9.6217928 4.3189524e-05
-1.2595009 -9.6198645 4.3049455e-05
-1.2137403 -9.6199007 4.3074291e-05
-1.1701748 -9.6202641 4.3165684e-05
-1.1392603 -9.6218853 4.3034554e-05
-1.1077459 -9.6190434 4.298985e-05
-1.0592396 -9.6215219 4.3049455e-05
-1.0094457 -9.6194363 4.3046475e-05
-0.9753623 -9.6211329 4.2974949e-05
-0.94058436 -9.6181393 4.298985e-05
-0.90509576 -9.6198549 4.298985e-05
-0.86887145 -9.6216078 4.2930245e-05
-0.83188903 -9.6233969 4.298985e-05
-0.79412025 -9.6203003 4.285574e-05
-0.75554442 -9.617137 4.2930245e-05
-0.71613681 -9.6189346 4.2870641e-05
-0.67586797 -9.6207733 4.2811036e-05
-0.63470948 -9.6226521 4.2811036e-05
-0.59262776 -9.6193743 4.2816002e-05
-0.54959559 -9.6160221 4.2811036e-05
-0.50558245 -9.6179113 4.2751431e-05
-0.46055156 -9.6198425 4.2751431e-05
-0.41446811 -9.6218204 4.2811036e-05
-2.7777305 -9.5802317 4.3835906e-05
-2.7419732 -9.5798817 4.3837863e-05
-2.701396 -9.5803509 4.3826443e-05
-2.6621721 -9.5794115 4.3824741e-05
-2.6208882 -9.580595 4.3790042e-05
-2.5785317 -9.5793839 4.3782322e-05
-2.5387418 -9.580924 4.3778651e-05
-2.4966226 -9.5792608 4.3749809e-05
-2.4591839 -9.5800972 4.3679367e-05
-2.4183536 -9.5803871 4.3702126e-05
-2.3779969 -9.5789843 4.3721426e-05
-2.3413298 -9.5813074 4.3656146e-05
-2.3038912 -9.5789909 4.3703752e-05
-2.2638533 -9.5803852 4.3656146e-05
-2.2236192 -9.5809412 4.3636875e-05
-2.18032 -9.5793896 4.3622083e-05
-2.1368461 -9.5799484 4.3589818e-05
-2.0978427 -9.5810223 4.3570995e-05
-2.0590317 -9.5790567 4.3579937e-05
-2.0173171 -9.5790701 4.3481588e-05
-1.9835091 -9.5808907 4.3541193e-05
-1.9398155 -9.5798655 4.3500873e-05
-1.8946351 -9.5788317 4.3511391e-05
-1.8572297 -9.5807438 4.3481588e-05
-1.8195794 -9.5810595 4.3484299e-05
-1.7780465 -9.5792503 4.3419273e-05
-1.7379961 -9.579567 4.3421984e-05
-1.6967041 -9.5798788 4.3397598e-05
-1.652097 -9.5799694 4.3392181e-05
-1.6184858 -9.5815487 4.3416025e-05
-1.5828878 -9.5811157 4.3332577e-05
-1.5366004 -9.5775785 4.3368338e-05
-1.5000885 -9.579195 4.3368338e-05
-1.4625257 -9.5808582 4.3314696e-05
-1.4240892 -9.5825605 4.3237211e-05
-1.3830311 -9.577961 4.331271e-05
-1.3439958 -9.5777607 4.3189524e-05
-1.3022496 -9.5794945 4.3272972e-05
-1.259478 -9.5812712 4.3118001e-05
-1.2170253 -9.5810947 4.3153763e-05
-1.1701515 -9.5805731 4.324317e-05
-1.1392367 -9.5818148 4.312396e-05
-1.107722 -9.5785856 4.3070315e-05
-1.0592154 -9.5804691 4.312396e-05
-1.009421 -9.5777721 4.312396e-05
-0.97533751 -9.5790482 4.3064356e-05
-0.94056183 -9.5803509 4.3019652e-05
-0.90507329 -9.5816803 4.3064356e-05
-0.86884874 -9.5830364 4.3004751e-05
-0.83186322 -9.5795498 4.3070315e-05
-0.79409409 -9.5759888 4.2945147e-05
-0.75552088 -9.5773296 4.3004751e-05
-0.71611297 -9.5786972 4.2945147e-05
-0.67584395 -9.5800943 4.2885542e-05
-0.63468516 -9.5815239 4.2885542e-05
-0.59260631 -9.5829849 4.2885542e-05
-0.5495739 -9.5792208 4.2895477e-05
-0.50556046 -9.5806894 4.2816002e-05
-0.46052617 -9.5768127 4.2825937e-05
-0.41444242 -9.5782871 4.2885542e-05
-2.7777071 -9.5403538 4.3915377e-05
-2.7421322 -9.54004 4.3915075e-05
-2.7007678 -9.539958 4.3906104e-05
-2.6617672 -9.5396299 4.3898821e-05
-2.6201994 -9.5407038 4.3869019e-05
-2.5780661 -9.5389318 4.3857843e-05
-2.538224 -9.5408583 4.382804e-05
-2.496047 -9.5395746 4.3827913e-05
-2.458658 -9.5394039 4.3762226e-05
-2.4198661 -9.5399055 4.3783584e-05
-2.3779743 -9.5403271 4.3792385e-05
-2.3413064 -9.5419483 4.3693042e-05
-2.3032813 -9.5379057 4.3783868e-05
-2.2638295 -9.5395441 4.373278e-05
-2.2228646 -9.5412474 4.3712913e-05
-2.1802969 -9.5399847 4.370014e-05
-2.1352816 -9.5396214 4.3642522e-05
-2.0978184 -9.5401554 4.3651886e-05
-2.0582011 -9.538496 4.3653781e-05
-2.0172937 -9.5400267 4.356106e-05
-1.9834858 -9.5412931 4.3610733e-05
-1.9408462 -9.5418949 4.3578009e-05
-1.8946108 -9.5377798 4.3600798e-05
-1.8572053 -9.5390787 4.3566029e-05
-1.8186661 -9.5404158 4.3556094e-05
-1.7798569 -9.5401306 4.3495136e-05
-1.7379725 -9.5395832 4.349351e-05
-1.6957054 -9.5409937 4.3469667e-05
-1.6510662 -9.5404263 4.3473461e-05
-1.6184613 -9.5397711 4.3501455e-05
-1.5849793 -9.5390863 4.3408436e-05
-1.5365775 -9.5384808 4.3439864e-05
-1.5000651 -9.5395985 4.3439864e-05
-1.4625019 -9.5407495 4.338026e-05
-1.4240654 -9.5419264 4.3320655e-05
-1.3859754 -9.541255 4.3372314e-05
-1.3439736 -9.540206 4.3258071e-05
-1.3006608 -9.5391121 4.3332577e-05
-1.2594527 -9.5383911 4.3213367e-05
-1.2153468 -9.5396214 4.3237211e-05
-1.1701281 -9.5408831 4.3320655e-05
-1.1392131 -9.5417452 4.3201446e-05
-1.1076982 -9.5381298 4.3138862e-05
-1.0591912 -9.5394154 4.3198466e-05
-1.0093992 -9.5407362 4.3198466e-05
-0.97531545 -9.5416403 4.3138862e-05
-0.94053948 -9.5425634 4.3079257e-05
-0.90505069 -9.5435047 4.3138862e-05
-0.86882305 -9.5396442 4.3094158e-05
-0.83183724 -9.5357027 4.3168664e-05
-0.79407084 -9.536602 4.3034554e-05
-0.75549716 -9.5375204 4.3019652e-05
-0.71608925 -9.5384579 4.3019652e-05
-0.67581999 -9.5394163 4.2960048e-05
-0.63466084 -9.5403957 4.2960048e-05
-0.59258175 -9.5413971 4.2960048e-05
-0.5495522 -9.5424213 4.2960048e-05
-0.50553852 -9.5434694 4.2900443e-05
-0.46050391 -9.5391617 4.2915344e-05
-0.41441989 -9.5401955 4.2974949e-05
-2.7776833 -9.500473 4.4008095e-05
-2.7426748 -9.5006952 4.4002089e-05
-2.7007444 -9.5005064 4.3991207e-05
-2.6617432 -9.4992743 4.3993194e-05
-2.62149 -9.499486 4.3961893e-05
-2.5780425 -9.4991217 4.3950975e-05
-2.5381999 -9.5001764 4.3915585e-05
-2.497093 -9.5006771 4.3882479e-05
-2.4586346 -9.4996395 4.384631e-05
-2.419075 -9.5006342 4.3862634e-05
-2.3779511 -9.501668 4.3886048e-05
-2.3407421 -9.5006437 4.3791275e-05
-2.3032577 -9.4978199 4.383496e-05
-2.2638056 -9.4987078 4.3826443e-05
-2.2228403 -9.4996262 4.3795222e-05
-2.1802733 -9.5005808 4.3786706e-05
-2.1367986 -9.4995966 4.372785e-05
-2.0977943 -9.4992867 4.3739874e-05
-2.0581782 -9.5001221 4.3710072e-05
-2.0172706 -9.5009842 4.3650467e-05
-1.9834623 -9.5016975 4.3710072e-05
-1.939775 -9.5026159 4.3667023e-05
-1.8945887 -9.5001469 4.3672324e-05
-1.8563187 -9.4990005 4.3641438e-05
-1.8186411 -9.4981194 4.3650467e-05
-1.7789158 -9.498847 4.3590862e-05
-1.7379489 -9.4995985 4.356106e-05
-1.6956815 -9.5003748 4.356106e-05
-1.6530572 -9.4994431 4.3565578e-05
-1.6184366 -9.4979925 4.3594839e-05
-1.5838972 -9.498579 4.3505432e-05
-1.5365542 -9.499382 4.3535234e-05
-1.5000417 -9.5000019 4.3535234e-05
-1.4624784 -9.5006399 4.3475629e-05
-1.4240413 -9.5012922 4.3404103e-05
-1.3844693 -9.5019636 4.3463708e-05
-1.3439516 -9.5026522 4.3344498e-05
-1.303768 -9.5014458 4.3339198e-05
-1.2594299 -9.4997978 4.3287873e-05
-1.2153236 -9.5004864 4.3317676e-05
-1.1701045 -9.5011921 4.3407083e-05
-1.1391894 -9.5016747 4.3287873e-05
-1.107677 -9.5021667 4.3228269e-05
-1.0573481 -9.5004053 4.3292839e-05
-1.0093746 -9.4990711 4.3296815e-05
-0.97529048 -9.4995575 4.3237211e-05
-0.94051439 -9.5000515 4.3177606e-05
-0.9050253 -9.5005579 4.3237211e-05
-0.86879754 -9.496253 4.3183565e-05
-0.83181429 -9.4967279 4.324317e-05
-0.79404759 -9.4972143 4.312396e-05
-0.75547338 -9.4977112 4.3064356e-05
-0.71606553 -9.4982195 4.312396e-05
-0.67579591 -9.4987373 4.3049455e-05
-0.63463664 -9.4992676 4.3049455e-05
-0.59255719 -9.4998102 4.3049455e-05
-0.54952717 -9.5003633 4.3049455e-05
-0.50551337 -9.5009308 4.298985e-05
-0.46048164 -9.5015106 4.298985e-05
-0.41439736 -9.5021038 4.3049455e-05
-2.7776594 -9.4605913 4.4080945e-05
-2.7420871 -9.4608059 4.4069024e-05
-2.7007208 -9.4610586 4.4061078e-05
-2.6617193 -9.4589195 4.4070184e-05
-2.6208165 -9.4591122 4.4037402e-05
-2.5780189 -9.4593115 4.4025481e-05
-2.5381756 -9.4594975 4.3995678e-05
-2.4965515 -9.4596949 4.3965876e-05
-2.4586112 -9.4598713 4.3926138e-05
-2.4190509 -9.4600573 4.3921173e-05
-2.3779268 -9.4602499 4.3950975e-05
-2.3418217 -9.4586248 4.3869019e-05
-2.3032343 -9.4577379 4.3908756e-05
-2.2637813 -9.4578686 4.3903077e-05
-2.2228155 -9.458003 4.3843473e-05
-2.1810093 -9.4600639 4.3859607e-05
-2.1359859 -9.4613838 4.3799479e-05
-2.0977721 -9.4615631 4.3809414e-05
-2.0581553 -9.4617491 4.3779612e-05
-2.0172474 -9.4619408 4.3720007e-05
-1.9834388 -9.4620981 4.3779612e-05
-1.9397511 -9.4623051 4.370014e-05
-1.8945662 -9.4625149 4.3749809e-05
-1.8580219 -9.4611025 4.3728134e-05
-1.8186181 -9.4593468 4.3725966e-05
-1.7788925 -9.4594793 4.3666361e-05
-1.7379252 -9.4596148 4.3636559e-05
-1.6956575 -9.4597559 4.3636559e-05
-1.6520264 -9.4598999 4.3636559e-05
-1.6184139 -9.4600124 4.3606757e-05
-1.5838745 -9.4601278 4.3576954e-05
-1.5365311 -9.4602833 4.3606757e-05
-1.5000184 -9.4604053 4.3606757e-05
-1.4624546 -9.4605303 4.3547152e-05
-1.4240172 -9.4606581 4.3487547e-05
-1.384445 -9.4607897 4.3547152e-05
-1.3439268 -9.4609241 4.3427943e-05
-1.3021793 -9.4610634 4.3427943e-05
-1.2594073 -9.4612045 4.3368338e-05
-1.2153006 -9.4613514 4.339814e-05
-1.1700808 -9.4615021 4.3392181e-05
-1.1391656 -9.4616041 4.3368338e-05
-1.1076529 -9.461709 4.3308733e-05
-1.0609643 -9.4598274 4.3372314e-05
-1.0093499 -9.457406 4.337728e-05
-0.97526568 -9.4574728 4.3317676e-05
-0.94048929 -9.4575415 4.3258071e-05
-0.90499997 -9.4576111 4.3317676e-05
-0.86877465 -9.4576817 4.3258071e-05
-0.83179116 -9.4577541 4.3317676e-05
-0.79402435 -9.4578276 4.3198466e-05
-0.75544995 -9.4579029 4.3138862e-05
-0.71604168 -9.4579811 4.3198466e-05
-0.67577189 -9.4580593 4.3138862e-05
-0.63461232 -9.4581404 4.3138862e-05
-0.59253263 -9.4582224 4.3138862e-05
-0.54950202 -9.4583063 4.3049455e-05
-0.50548828 -9.4583921 4.3079257e-05
-0.46045625 -9.4584808 4.3079257e-05
-0.41437161 -9.4585714 4.3138862e-05
-2.7776365 -9.4207115 4.4167042e-05
-2.7420628 -9.4200525 4.415512e-05
-2.7006962 -9.4192867 4.4145851e-05
-2.6616971 -9.4209375 4.4139102e-05
-2.6207931 -9.4202366 4.4119359e-05
-2.5779958 -9.4195023 4.4107437e-05
-2.538152 -9.4188175 4.4077635e-05
-2.4972374 -9.4193373 4.4049819e-05
-2.4585876 -9.420105 4.4008095e-05
-2.4190269 -9.4194794 4.4003129e-05
-2.377902 -9.4188309 4.4008095e-05
-2.3412335 -9.418252 4.394849e-05
-2.3032107 -9.4176531 4.396552e-05
-2.2637587 -9.4199457 4.3991538e-05
-2.2227924 -9.4193554 4.3938559e-05
-2.1795049 -9.4208593 4.3952467e-05
-2.135962 -9.4211941 4.3888886e-05
-2.097748 -9.4206944 4.3898821e-05
-2.0581307 -9.4201765 4.3869019e-05
-2.0178645 -9.4211597 4.380483e-05
-1.9834156 -9.4225016 4.3859083e-05
-1.9397273 -9.4219904 4.3789547e-05
-1.8945421 -9.421463 4.3839216e-05
-1.8571353 -9.4210253 4.3749809e-05
-1.8185954 -9.4205751 4.3809414e-05
-1.7788693 -9.4201097 4.3749809e-05
-1.7379017 -9.419632 4.3720007e-05
-1.6956334 -9.419137 4.3720007e-05
-1.6530106 -9.420351 4.3717297e-05
-1.6183914 -9.4220324 4.3678283e-05
-1.5838517 -9.4216747 4.3648481e-05
-1.536508 -9.4211864 4.3690205e-05
-1.4999948 -9.4208088 4.3642522e-05
-1.4624307 -9.4204206 4.36306e-05
-1.4239933 -9.4200239 4.3570995e-05
-1.3844206 -9.4196148 4.36306e-05
-1.3439022 -9.4191971 4.3511391e-05
-1.3021544 -9.4187641 4.3511391e-05
-1.2593819 -9.4183245 4.3451786e-05
-1.2152749 -9.4178677 4.3481588e-05
-1.1700573 -9.4218111 4.3451786e-05
-1.139142 -9.4215345 4.3451786e-05
-1.1076291 -9.4212523 4.3392181e-05
-1.0591211 -9.4208164 4.3451786e-05
-1.0093279 -9.4203701 4.3362379e-05
-0.97524363 -9.4200649 4.3407083e-05
-0.94046694 -9.419754 4.3347478e-05
-0.90497744 -9.4194355 4.3407083e-05
-0.86875194 -9.4191103 4.3347478e-05
-0.83176827 -9.4187794 4.3407083e-05
-0.79400104 -9.4184408 4.3287873e-05
-0.75542641 -9.4180956 4.3228269e-05
-0.71601796 -9.4177418 4.3287873e-05
-0.67574787 -9.4173813 4.3228269e-05
-0.634588 -9.4170113 4.3228269e-05
-0.59250808 -9.4166346 4.3228269e-05
-0.5494771 -9.4162493 4.3109059e-05
-0.50546628 -9.4211721 4.3153763e-05
-0.46043405 -9.4208298 4.3153763e-05
-0.41434908 -9.4204798 4.3213367e-05
-2.7776132 -9.3808317 4.4249828e-05
-2.7420392 -9.3792992 4.4241217e-05
-2.7006733 -9.3798361 4.4225155e-05
-2.6616731 -9.3805838 4.4221681e-05
-2.6212213 -9.3808527 4.4177217e-05
-2.5779719 -9.379694 4.4181943e-05
-2.5386219 -9.3787374 4.4167042e-05
-2.495796 -9.3804836 4.413128e-05
-2.4585636 -9.3803377 4.4090051e-05
-2.4197717 -9.3802023 4.408757e-05
-2.3778794 -9.3801727 4.4093245e-05
-2.3412101 -9.3788939 4.4033641e-05
-2.303834 -9.3784542 4.4032931e-05
-2.263736 -9.3820248 4.4053508e-05
-2.2227697 -9.3807068 4.4013774e-05
-2.180202 -9.3793373 4.4033641e-05
-2.1359382 -9.3810043 4.3968361e-05
-2.0977237 -9.3798265 4.3983262e-05
-2.0581067 -9.3786068 4.3958426e-05
-2.0165575 -9.3790855 4.3896529e-05
-1.9840505 -9.3811531 4.395155e-05
-1.9397036 -9.3816795 4.3869019e-05
-1.8945175 -9.3804092 4.3923657e-05
-1.857111 -9.3793602 4.3839216e-05
-1.8185705 -9.3782778 4.3898821e-05
-1.7788458 -9.3807411 4.3809414e-05
-1.7378781 -9.3796482 4.3803455e-05
-1.6956093 -9.3785181 4.3803455e-05
-1.6509712 -9.3793802 4.3798576e-05
-1.6183668 -9.3802538 4.3779612e-05
-1.5848861 -9.3811598 4.3744392e-05
-1.5364848 -9.3820887 4.3773653e-05
-1.4999714 -9.3812122 4.3714048e-05
-1.4624074 -9.380312 4.3714048e-05
-1.4239693 -9.3793898 4.3654443e-05
-1.3843961 -9.3784409 4.3678283e-05
-1.3438776 -9.37747 4.3594839e-05
-1.3021319 -9.3806982 4.3600798e-05
-1.259359 -9.3797302 4.3541193e-05
-1.2152519 -9.3787336 4.3570995e-05
-1.1700338 -9.3821211 4.3535234e-05
-1.1391184 -9.381464 4.3535234e-05
-1.1076052 -9.3807955 4.3475629e-05
-1.0590969 -9.3797636 4.3535234e-05
-1.0093031 -9.378706 4.335642e-05
-0.97522151 -9.3826571 4.3466687e-05
-0.94044465 -9.3819666 4.3421984e-05
-0.90495485 -9.3812599 4.3481588e-05
-0.86872911 -9.3805399 4.3421984e-05
-0.83174515 -9.3798037 4.3481588e-05
-0.7939778 -9.3790541 4.3362379e-05
-0.75540286 -9.3782864 4.3302774e-05
-0.71599424 -9.3775034 4.3362379e-05
-0.67572385 -9.3767023 4.3302774e-05
-0.63456368 -9.3758841 4.3302774e-05
-0.59248662 -9.3802462 4.3292839e-05
-0.5494554 -9.3794489 4.317363e-05
-0.50544423 -9.3839502 4.3228269e-05
-0.46041179 -9.3831787 4.3228269e-05
-0.41432661 -9.3823881 4.3302774e-05
-2.7775891 -9.3409491 4.4322675e-05
-2.742579 -9.3394289 4.4318134e-05
-2.7006497 -9.3403845 4.4302145e-05
-2.6616495 -9.3402281 4.4297427e-05
-2.620971 -9.3405457 4.425503e-05
-2.5779486 -9.3398829 4.4237822e-05
-2.5382674 -9.3393669 4.4230492e-05
-2.4964812 -9.340126 4.4206157e-05
-2.4590421 -9.3396416 4.4169752e-05
-2.4182119 -9.3397341 4.4163069e-05
-2.3784006 -9.3405485 4.4167042e-05
-2.3411868 -9.3395357 4.4110275e-05
-2.3031638 -9.3394032 4.4107437e-05
-2.2637122 -9.3411856 4.4107437e-05
-2.2227452 -9.3390856 4.4090408e-05
-2.1801786 -9.3399324 4.408757e-05
-2.135915 -9.3408155 4.4047832e-05
-2.098299 -9.3404446 4.4061588e-05
-2.0580838 -9.3402348 4.4027965e-05
-2.0171747 -9.3383045 4.3973327e-05
-1.983367 -9.3400202 4.4032931e-05
-1.9396799 -9.3413658 4.394849e-05
-1.8944936 -9.3393574 4.3998163e-05
-1.8579501 -9.3393164 4.3912369e-05
-1.8185475 -9.3395052 4.3976306e-05
-1.7788225 -9.3413734 4.3878954e-05
-1.7378544 -9.3396635 4.3878954e-05
-1.6955878 -9.3415928 4.3874978e-05
-1.6519552 -9.3398314 4.3869019e-05
-1.6183422 -9.3384752 4.3857097e-05
-1.582745 -9.3391438 4.3825668e-05
-1.5375546 -9.3409071 4.3847343e-05
-1.4999479 -9.3416157 4.3785571e-05
-1.4623836 -9.3402014 4.3791533e-05
-1.4239452 -9.3387556 4.3737888e-05
-1.3843716 -9.3372669 4.3708085e-05
-1.3438554 -9.3399153 4.3675303e-05
-1.3021095 -9.3426313 4.3666361e-05
-1.2593362 -9.3411379 4.3606757e-05
-1.2152287 -9.3395977 4.3642522e-05
-1.1700077 -9.3380203 4.3618678e-05
-1.1390947 -9.3413935 4.3615699e-05
-1.1075814 -9.3403378 4.3556094e-05
-1.0590726 -9.3387098 4.3615699e-05
-1.0092784 -9.3370409 4.3436885e-05
-0.97519666 -9.3405743 4.3547152e-05
-0.94041955 -9.3394547 4.3487547e-05
-0.90493238 -9.3430843 4.3556094e-05
-0.86870635 -9.3419685 4.349649e-05
-0.83172184 -9.3408308 4.3466687e-05
-0.79395455 -9.3396664 4.3436885e-05
-0.75537938 -9.3384781 4.337728e-05
-0.7159704 -9.337265 4.3436885e-05
-0.67569983 -9.3360233 4.337728e-05
-0.63454252 -9.3398972 4.3372314e-05
-0.5924651 -9.3438568 4.3362379e-05
-0.54943371 -9.3426485 4.3258071e-05
-0.50541914 -9.3414125 4.3317676e-05
-0.46038634 -9.3401489 4.3317676e-05
-0.41430104 -9.3388548 4.337728e-05
-2.7778778 -9.3005037 4.4400629e-05
-2.7419903 -9.300066 4.4397333e-05
-2.7012179 -9.2995377 4.4395758e-05
-2.6620073 -9.3004522 4.4385026e-05
-2.6204967 -9.3002272 4.4345856e-05
-2.577925 -9.3000727 4.4329092e-05
-2.5379157 -9.2999773 4.4293942e-05
-2.4971664 -9.2998114 4.4288237e-05
-2.4580364 -9.2999659 4.4257744e-05
-2.4195499 -9.2997618 4.4253367e-05
-2.3778343 -9.300108 4.4253738e-05
-2.3411634 -9.3001776 4.4201101e-05
-2.3031404 -9.2993183 4.4198263e-05
-2.2636878 -9.3003464 4.4198263e-05
-2.2234528 -9.2993975 4.4179589e-05
-2.180155 -9.3005295 4.4158525e-05
-2.1366806 -9.2995462 4.4138807e-05
-2.0970781 -9.2997503 4.4139531e-05
-2.0589056 -9.3007441 4.4116849e-05
-2.0171516 -9.2992601 4.4062734e-05
-1.9826831 -9.2988529 4.4121192e-05
-1.9396555 -9.3010521 4.4037897e-05
-1.8944693 -9.2983046 4.4047832e-05
-1.8562019 -9.3013496 4.3993645e-05
-1.8185247 -9.3007326 4.4062734e-05
-1.7797151 -9.3001118 4.397739e-05
-1.7378308 -9.2996798 4.3970347e-05
-1.6955637 -9.3009729 4.3968361e-05
-1.6529396 -9.3003263 4.3944878e-05
-1.6183197 -9.3004942 4.3940545e-05
-1.5837791 -9.2986288 4.3910743e-05
-1.5364363 -9.2999983 4.3934582e-05
-1.4999247 -9.3020191 4.388094e-05
-1.4623598 -9.3000937 4.388094e-05
-1.4239213 -9.2981224 4.3833257e-05
-1.3858314 -9.298008 4.3802793e-05
-1.3438332 -9.3023605 4.3761731e-05
-1.3020843 -9.300333 4.3761731e-05
-1.259311 -9.2982569 4.3714048e-05
-1.2152056 -9.3004637 4.3705106e-05
-1.1699843 -9.2983303 4.3705106e-05
-1.139071 -9.3013248 4.3702126e-05
-1.1075575 -9.29988 4.3642522e-05
-1.0608697 -9.299778 4.3710072e-05
-1.0092565 -9.300005 4.3526292e-05
-0.9751718 -9.2984896 4.3645501e-05
-0.9403944 -9.2969437 4.3585896e-05
-0.90490705 -9.3001385 4.3642522e-05
-0.86868358 -9.3033991 4.3585896e-05
-0.83169866 -9.3018551 4.3526292e-05
-0.79393131 -9.3002796 4.3526292e-05
-0.75535583 -9.2986698 4.3466687e-05
-0.71594667 -9.2970257 4.3526292e-05
-0.67567581 -9.2953453 4.3481588e-05
-0.63452125 -9.3039093 4.3466687e-05
-0.59244055 -9.302269 4.3466687e-05
-0.54940885 -9.3005905 4.3347478e-05
-0.50539404 -9.2988749 4.3407083e-05
-0.460361 -9.2971191 4.3407083e-05
-0.41427851 -9.3007631 4.3471653e-05
-2.7775412 -9.2600889 4.4479966e-05
-2.7417841 -9.2602148 4.4470482e-05
-2.7004018 -9.2596397 4.4463679e-05
-2.6611969 -9.2601252 4.4463261e-05
-2.6206942 -9.2598886 4.442249e-05
-2.5779016 -9.2602644 4.440546e-05
-2.5380583 -9.259923 4.4377521e-05
-2.4962606 -9.2602129 4.4345856e-05
-2.4589953 -9.2601299 4.4335018e-05
-2.418937 -9.2598896 4.4322012e-05
-2.3772612 -9.2596369 4.4340439e-05
-2.3411403 -9.2608204 4.4274897e-05
-2.303117 -9.2592335 4.4277735e-05
-2.263664 -9.2595081 4.4243676e-05
-2.2220049 -9.2608423 4.4256449e-05
-2.180891 -9.2600813 4.4239194e-05
-2.1351159 -9.2594509 4.4220687e-05
-2.0976532 -9.2603674 4.4196844e-05
-2.0580401 -9.2603025 4.4201548e-05
-2.0171287 -9.2602177 4.4137239e-05
-1.9833179 -9.257515 4.420181e-05
-1.9396322 -9.2607403 4.4117372e-05
-1.8952835 -9.2588768 4.4107437e-05
-1.857041 -9.2613077 4.4077635e-05
-1.8184996 -9.2584372 4.4097502e-05
-1.7778584 -9.2609491 4.4047832e-05
-1.7378072 -9.259696 4.4047832e-05
-1.6955398 -9.2603559 4.4047832e-05
-1.6509 -9.2592688 4.402074e-05
-1.6182972 -9.2625141 4.4012071e-05
-1.5837566 -9.2601767 4.3994187e-05
-1.5353183 -9.2590418 4.3966553e-05
-1.4999012 -9.2624226 4.3952467e-05
-1.4623362 -9.259984 4.3964385e-05
-1.4238973 -9.2574883 4.390478e-05
-1.3828437 -9.2612391 4.3862397e-05
-1.3438085 -9.2606335 4.3845175e-05
-1.3020594 -9.2580357 4.3845175e-05
-1.2592881 -9.2596636 4.3779612e-05
-1.2151825 -9.2613297 4.3779612e-05
-1.1699609 -9.2586393 4.3785571e-05
-1.1390474 -9.2612534 4.3779612e-05
-1.1075336 -9.2594223 4.3720007e-05
-1.0572056 -9.2590446 4.3776301e-05
-1.0092347 -9.262969 4.3600798e-05
-0.97514975 -9.2610817 4.3720007e-05
-0.94037211 -9.2591562 4.3660402e-05
-0.9048816 -9.2571907 4.3720007e-05
-0.86865795 -9.2600069 4.3666361e-05
-0.83167565 -9.2628803 4.3600798e-05
-0.793908 -9.2608919 4.3600798e-05
-0.75533235 -9.2588615 4.3541193e-05
-0.71592295 -9.2567873 4.3600798e-05
-0.67565483 -9.2597513 4.3551128e-05
-0.63449645 -9.2627821 4.3421984e-05
-0.59241599 -9.2606812 4.3541193e-05
-0.54938388 -9.2585335 4.3421984e-05
-0.50536889 -9.2563372 4.349649e-05
-0.46033874 -9.2594681 4.3491524e-05
-0.41425598 -9.2626715 4.3541193e-05
-2.7775183 -9.2202101 4.4559438e-05
-2.741945 -9.2199125 4.4551161e-05
-2.7007837 -9.2201958 4.4538861e-05
-2.6621008 -9.2203531 4.4531684e-05
-2.6209025 -9.2195625 4.4504315e-05
-2.5783188 -9.2198362 4.448674e-05
-2.5375438 -9.2198753 4.4457374e-05
-2.4958975 -9.2199125 4.4424687e-05
-2.4579895 -9.2204132 4.4415825e-05
-2.4183106 -9.2199869 4.438285e-05
-2.377785 -9.2200212 4.4399785e-05
-2.3416808 -9.2205086 4.4353983e-05
-2.3030932 -9.2191467 4.4360047e-05
-2.2643116 -9.2196226 4.4316053e-05
-2.2226748 -9.2201653 4.4323147e-05
-2.1793866 -9.2207432 4.4313074e-05
-2.1366332 -9.2191954 4.4298798e-05
-2.0982282 -9.2210159 4.427708e-05
-2.057163 -9.219821 4.427684e-05
-2.0171058 -9.2211752 4.4216711e-05
-1.9832945 -9.2179184 4.4286251e-05
-1.9396082 -9.2204285 4.4196844e-05
-1.8944227 -9.2196331 4.4186909e-05
-1.8570164 -9.2196417 4.4162076e-05
-1.8184764 -9.2196646 4.415512e-05
-1.7787509 -9.2196875 4.4137239e-05
-1.7377837 -9.2197123 4.4125318e-05
-1.6955158 -9.2197371 4.4132274e-05
-1.6518843 -9.2197628 4.4095515e-05
-1.6182724 -9.2207355 4.4097502e-05
-1.5837336 -9.2217255 4.4065713e-05
-1.5363878 -9.2178755 4.4041873e-05
-1.4998779 -9.222826 4.4035911e-05
-1.4623125 -9.2198753 4.4041873e-05
-1.4238731 -9.216855 4.3940545e-05
-1.3843036 -9.2219791 4.3946504e-05
-1.3437839 -9.2189045 4.3928623e-05
-1.302037 -9.2199688 4.3921173e-05
-1.2592653 -9.2210712 4.3857097e-05
-1.2168119 -9.2199078 4.3862397e-05
-1.1699374 -9.2189484 4.3869019e-05
-1.1390238 -9.2211828 4.3857097e-05
-1.1075097 -9.2189655 4.3809414e-05
-1.0590025 -9.2201118 4.3824315e-05
-1.0092101 -9.2213039 4.3690205e-05
-0.97512484 -9.218998 4.3809414e-05
-0.94034982 -9.2213688 4.3734908e-05
-0.90485907 -9.2190151 4.3794513e-05
-0.86863232 -9.2166147 4.376471e-05
-0.83165264 -9.2239065 4.3675303e-05
-0.79388475 -9.2215061 4.3675303e-05
-0.75530887 -9.2190533 4.3615699e-05
-0.71589911 -9.2165489 4.3705106e-05
-0.67563379 -9.2241583 4.3615699e-05
-0.63447213 -9.2216539 4.349649e-05
-0.59239143 -9.2190943 4.36306e-05
-0.54935908 -9.2164764 4.3526292e-05
-0.50534695 -9.2191162 4.3570995e-05
-0.46031648 -9.221817 4.3556094e-05
-0.41423023 -9.2191391 4.36306e-05
-2.777494 -9.1803293 4.4648845e-05
-2.74229 -9.1796122 4.4641169e-05
-2.7005537 -9.1802788 4.4627624e-05
-2.6614218 -9.1805944 4.4618591e-05
-2.6206536 -9.1797123 4.457555e-05
-2.5778534 -9.179409 4.4574961e-05
-2.5385053 -9.1804762 4.4543896e-05
-2.4970963 -9.1802893 4.4516721e-05
-2.4589274 -9.1797333 4.4506531e-05
-2.4196537 -9.1801014 4.4467051e-05
-2.3783057 -9.180438 4.4465065e-05
-2.3410926 -9.1802397 4.4445198e-05
-2.3030672 -9.1800184 4.4438242e-05
-2.2636166 -9.1797867 4.440546e-05
-2.2233481 -9.1795292 4.440546e-05
-2.180809 -9.1802883 4.4402481e-05
-2.1358235 -9.1800699 4.4367815e-05
-2.0970075 -9.1802607 4.4364195e-05
-2.0579891 -9.1803455 4.4365723e-05
-2.0177226 -9.1804571 4.4309178e-05
-1.9832715 -9.1783199 4.4365723e-05
-1.9395845 -9.1801157 4.4269695e-05
-1.893562 -9.1803484 4.4280834e-05
-1.8578557 -9.1796532 4.4248322e-05
-1.8184537 -9.180892 4.4246513e-05
-1.7787273 -9.1803188 4.4214725e-05
-1.7377601 -9.1797295 4.4216711e-05
-1.6954916 -9.1791182 4.4190885e-05
-1.6528686 -9.1803017 4.4188717e-05
-1.618248 -9.178957 4.4190885e-05
-1.5847679 -9.1812859 4.4150787e-05
-1.5363648 -9.1787777 4.413128e-05
-1.4998543 -9.1832294 4.4119359e-05
-1.4622889 -9.1797638 4.413128e-05
-1.4238515 -9.1802835 4.4003129e-05
-1.3842794 -9.1808052 4.4041873e-05
-1.3437593 -9.1771784 4.4012071e-05
-1.3020146 -9.181901 4.4006109e-05
-1.25924 -9.1781902 4.3952467e-05
-1.2134811 -9.1809959 4.394849e-05
-1.169914 -9.1792593 4.3952467e-05
-1.1390001 -9.1811132 4.3943524e-05
-1.1074858 -9.1785078 4.3898821e-05
-1.0607997 -9.1812439 4.3915377e-05
-1.0091854 -9.1796389 4.376471e-05
-0.97509998 -9.1769142 4.3898821e-05
-0.94032747 -9.1835814 4.3824315e-05
-0.90483642 -9.1808405 4.3854117e-05
-0.86860955 -9.1780434 4.3839216e-05
-0.83162671 -9.1800594 4.3773653e-05
-0.79386151 -9.1821184 4.376471e-05
-0.75528532 -9.179245 4.3720007e-05
-0.71587539 -9.1763096 4.3779612e-05
-0.67560971 -9.1834793 4.3705106e-05
-0.63444787 -9.1805267 4.3585896e-05
-0.59236687 -9.1775064 4.3720007e-05
-0.54933739 -9.1796761 4.3590862e-05
-0.50532496 -9.1818953 4.3645501e-05
-0.46029109 -9.1787872 4.3660402e-05
-0.41420722 -9.1810474 4.3590862e-05
-2.777576 -9.1399002 4.4717981e-05
-2.7417107 -9.1402273 4.4715958e-05
-2.7007296 -9.1398954 4.4706256e-05
-2.6616566 -9.1402464 4.4693264e-05
-2.6206276 -9.1403522 4.4645371e-05
-2.5778301 -9.1396008 4.4628978e-05
-2.537987 -9.1404276 4.4621527e-05
-2.4963629 -9.1399937 4.4591725e-05
-2.4579184 -9.1399775 4.4581564e-05
-2.4186656 -9.1401844 4.4549335e-05
-2.3777399 -9.1399555 4.4543634e-05
-2.3410711 -9.139945 4.4521959e-05
-2.3030467 -9.1408873 4.4479257e-05
-2.2635903 -9.1399202 4.4479966e-05
-2.2226248 -9.1399078 4.4482946e-05
-2.180057 -9.1398945 4.4485925e-05
-2.135793 -9.1398811 4.4423341e-05
-2.0981801 -9.1393013 4.4442138e-05
-2.0588114 -9.140914 4.4433695e-05
-2.0170572 -9.1398458 4.4380624e-05
-1.9832481 -9.1387243 4.4445198e-05
-1.9395605 -9.1398039 4.4342545e-05
-1.8943763 -9.1409349 4.4350822e-05
-1.8569694 -9.1397963 4.4311088e-05
-1.8193189 -9.1403112 4.4329601e-05
-1.7787043 -9.1409512 4.4291217e-05
-1.7377365 -9.1397448 4.429221e-05
-1.6964444 -9.1402979 4.4264576e-05
-1.6508292 -9.1391544 4.4264576e-05
-1.6182255 -9.1409769 4.4262408e-05
-1.5826267 -9.1391211 4.4215809e-05
-1.5363417 -9.1396799 4.4202803e-05
-1.4998311 -9.1436329 4.4202803e-05
-1.462265 -9.1396561 4.4202803e-05
-1.4238298 -9.143713 4.4083594e-05
-1.3842551 -9.1396303 4.4113396e-05
-1.3437371 -9.1396236 4.4092536e-05
-1.3019892 -9.1396046 4.4023989e-05
-1.2592173 -9.1395969 4.4032931e-05
-1.2151105 -9.139576 4.4023989e-05
-1.1698906 -9.1395683 4.4032931e-05
-1.1389763 -9.1410427 4.4023989e-05
-1.1074618 -9.138051 4.3964385e-05
-1.0571353 -9.1403809 4.4001474e-05
-1.0091635 -9.1426029 4.3839216e-05
-0.97507793 -9.1395063 4.3973327e-05
-0.94030237 -9.1410694 4.390478e-05
-0.90481347 -9.1426659 4.3839216e-05
-0.86858678 -9.139473 4.3913722e-05
-0.8316009 -9.1362123 4.3854117e-05
-0.7938382 -9.1427307 4.3839216e-05
-0.75526184 -9.1394367 4.3794513e-05
-0.71585166 -9.1360703 4.3854117e-05
-0.67558569 -9.1428013 4.3779612e-05
-0.63442361 -9.1393986 4.3675303e-05
-0.59234232 -9.1359196 4.3794513e-05
-0.54931569 -9.1428757 4.3660402e-05
-0.50529987 -9.1393576 4.3734908e-05
-0.46026883 -9.1411352 4.3729942e-05
-0.41418469 -9.1429558 4.3660402e-05
-2.7774467 -9.0994616 4.4796201e-05
-2.741874 -9.1003685 4.4794877e-05
-2.7003121 -9.0999899 4.4789424e-05
-2.6613741 -9.0998764 4.4781151e-05
-2.6208246 -9.1005049 4.4731867e-05
-2.5778067 -9.0997915 4.4705346e-05
-2.538126 -9.1003952 4.4684257e-05
-2.4966936 -9.0996857 4.4677654e-05
-2.4588804 -9.1002207 4.4667202e-05
-2.4188337 -9.1002903 4.4631957e-05
-2.3777142 -9.100379 4.462685e-05
-2.3410454 -9.0996504 4.460982e-05
-2.3030231 -9.1008024 4.4564407e-05
-2.2635701 -9.1000538 4.4564407e-05
-2.2219098 -9.1002483 4.4566394e-05
-2.1800404 -9.1004906 4.4562315e-05
-2.1357758 -9.0996904 4.4505847e-05
-2.0975583 -9.1000509 4.4529635e-05
-2.057946 -9.1004171 4.4487024e-05
-2.0170343 -9.1008024 4.4470031e-05
-1.9832243 -9.0991259 4.4529635e-05
-1.939537 -9.0994902 4.4431952e-05
-1.8943521 -9.0998831 4.4440229e-05
-1.8560826 -9.0998983 4.4378368e-05
-1.8184057 -9.0998363 4.4410426e-05
-1.7795967 -9.0997591 4.4383785e-05
-1.7377125 -9.099761 4.4375658e-05
-1.694469 -9.0997763 4.4351273e-05
-1.6518135 -9.0996943 4.4357777e-05
-1.6182008 -9.0991983 4.4345856e-05
-1.5836611 -9.0986805 4.4298173e-05
-1.5363185 -9.1005812 4.429221e-05
-1.4998053 -9.1000757 4.4286251e-05
-1.4622414 -9.0995455 4.429221e-05
-1.423806 -9.1030788 4.4167042e-05
-1.3842307 -9.0984564 4.4202803e-05
-1.343715 -9.1020689 4.4167042e-05
-1.3035305 -9.0993738 4.4120683e-05
-1.2591944 -9.1010036 4.4107437e-05
-1.21674 -9.0982189 4.4120683e-05
-1.169867 -9.0998783 4.4107437e-05
-1.1389527 -9.1009731 4.4092536e-05
-1.107438 -9.0975933 4.4062734e-05
-1.0607512 -9.0991821 4.4080945e-05
-1.0091391 -9.1009388 4.3928623e-05
-0.97505581 -9.1020985 4.4047832e-05
-0.94027728 -9.0985584 4.4003129e-05
-0.9047882 -9.0997181 4.3928623e-05
-0.86856395 -9.1009026 4.4003129e-05
-0.83157778 -9.0972376 4.3943524e-05
-0.79381502 -9.103344 4.3913722e-05
-0.75523829 -9.0996284 4.388392e-05
-0.7158277 -9.0958328 4.3913722e-05
-0.67556173 -9.1021233 4.3869019e-05
-0.63439929 -9.0982704 4.376471e-05
-0.59232086 -9.0995302 4.3869019e-05
-0.5492909 -9.1008177 4.376471e-05
-0.50527471 -9.0968189 4.3824315e-05
-0.46024662 -9.1034842 4.3809414e-05
-0.41415918 -9.0994225 4.376471e-05
-2.7774229 -9.0595818 4.4878987e-05
-2.7418485 -9.0600681 4.4872813e-05
-2.7008789 -9.0600786 4.4867051e-05
-2.6614809 -9.0601234 4.4863013e-05
-2.6208086 -9.0601816 4.4812517e-05
-2.5777831 -9.0599823 4.4789165e-05
-2.53794 -9.0603418 4.4759363e-05
-2.4958031 -9.0600643 4.4757318e-05
-2.4583726 -9.0595655 4.4737175e-05
-2.4190159 -9.0604067 4.4711705e-05
-2.3776882 -9.0598812 4.4711258e-05
-2.341022 -9.0602922 4.4689292e-05
-2.3029995 -9.0607176 4.4649554e-05
-2.2635455 -9.0592146 4.4649554e-05
-2.2232783 -9.060648 4.4649838e-05
-2.1800103 -9.0610867 4.4623019e-05
-2.135745 -9.0595026 4.4593216e-05
-2.0969367 -9.0607691 4.4611785e-05
-2.0570688 -9.0598764 4.4568587e-05
-2.0163691 -9.0601482 4.455218e-05
-1.983201 -9.0595293 4.4564407e-05
-1.9405614 -9.060339 4.4510645e-05
-1.8943278 -9.0588293 4.452467e-05
-1.8569218 -9.0599241 4.4465065e-05
-1.8174926 -9.0593204 4.448674e-05
-1.77774 -9.0604563 4.4459648e-05
-1.737689 -9.0597763 4.4429304e-05
-1.6963966 -9.0590897 4.4432552e-05
-1.6527977 -9.060276 4.4432552e-05
-1.6181761 -9.0574207 4.4441222e-05
-1.5836383 -9.0602274 4.4369699e-05
-1.5362955 -9.0614834 4.4369699e-05
-1.4997797 -9.0565205 4.4381617e-05
-1.4622173 -9.0594378 4.4316053e-05
-1.4237819 -9.0624447 4.425049e-05
-1.3856905 -9.0593138 4.4286251e-05
-1.3436903 -9.0603418 4.425049e-05
-1.3003783 -9.0614023 4.4193534e-05
-1.2591691 -9.0581226 4.4202803e-05
-1.2134091 -9.0591803 4.4193534e-05
-1.1698437 -9.0601883 4.4196844e-05
-1.1389289 -9.0609026 4.413128e-05
-1.1074167 -9.0616302 4.4137239e-05
-1.0570869 -9.0582304 4.4167042e-05
-1.0091144 -9.0592737 4.401803e-05
-0.9750309 -9.0600147 4.413128e-05
-0.94025493 -9.0607719 4.4077635e-05
-0.9047628 -9.0567713 4.401803e-05
-0.86854124 -9.0623312 4.4077635e-05
-0.83155489 -9.0582628 4.401803e-05
-0.79379171 -9.0639563 4.4003129e-05
-0.75521475 -9.0598202 4.3958426e-05
-0.7158038 -9.0555935 4.3958426e-05
-0.67553771 -9.0614443 4.3958426e-05
-0.63437498 -9.0571423 4.3839216e-05
-0.59229934 -9.0631409 4.3958426e-05
-0.54926604 -9.0587616 4.3839216e-05
-0.50525278 -9.059598 4.3888886e-05
-0.46022123 -9.0604544 4.3898821e-05
-0.41413665 -9.0613308 4.3829281e-05
-2.7773993 -9.019702 4.4955148e-05
-2.7421956 -9.020237 4.4948676e-05
-2.7004585 -9.0201654 4.4934972e-05
-2.6615961 -9.0203781 4.4932873e-05
-2.6201015 -9.0203152 4.4886659e-05
-2.5779085 -9.0195694 4.4866043e-05
-2.5379159 -9.0196609 4.4835731e-05
-2.4964616 -9.0197916 4.4836153e-05
-2.458353 -9.0197983 4.4809145e-05
-2.4191751 -9.0204906 4.477501e-05
-2.377666 -9.0193834 4.4785796e-05
-2.3409984 -9.0209332 4.4765926e-05
-2.3029759 -9.0206347 4.4726192e-05
-2.2635255 -9.0203218 4.4725442e-05
-2.2225564 -9.0199986 4.4726192e-05
-2.1799893 -9.0196609 4.4686454e-05
-2.1357281 -9.01931 4.4665838e-05
-2.0981097 -9.0198727 4.4685145e-05
-2.0587399 -9.0194435 4.4650154e-05
-2.0169866 -9.0194511 4.4628978e-05
-1.9831777 -9.0199327 4.4628978e-05
-1.9394907 -9.0211201 4.4584274e-05
-1.8951423 -9.0194817 4.4584274e-05
-1.8577613 -9.0199881 4.4540924e-05
-1.8192482 -9.0205116 4.4573437e-05
-1.7795502 -9.0210495 4.4540924e-05
-1.7386121 -9.0216045 4.4508415e-05
-1.6944211 -9.0185099 4.4513832e-05
-1.650758 -9.019043 4.4497578e-05
-1.6181538 -9.0194397 4.4512748e-05
-1.5846726 -9.0198479 4.444339e-05
-1.5373653 -9.0204248 4.444339e-05
-1.4997562 -9.0169239 4.4453143e-05
-1.4621937 -9.0193281 4.4393539e-05
-1.4237578 -9.0218105 4.4322012e-05
-1.3841845 -9.0202427 4.4357777e-05
-1.3436656 -9.0186138 4.4310094e-05
-1.3019195 -9.0211725 4.426837e-05
-1.2591463 -9.0195303 4.427135e-05
-1.2166936 -9.01999 4.4273005e-05
-1.1698202 -9.0204973 4.4274329e-05
-1.138905 -9.0208321 4.4211745e-05
-1.1073929 -9.0211735 4.4202803e-05
-1.058884 -9.0194073 4.4241548e-05
-1.0090925 -9.0222378 4.4092536e-05
-0.97500598 -9.017931 4.4181943e-05
-0.94023263 -9.0229836 4.4152141e-05
-0.90474021 -9.0185957 4.4092536e-05
-0.86851835 -9.0237608 4.4152141e-05
-0.83153176 -9.0192881 4.4092536e-05
-0.79376847 -9.0245705 4.4092536e-05
-0.75519133 -9.0200119 4.4032931e-05
-0.71578014 -9.0153542 4.4047832e-05
-0.67551363 -9.0207653 4.4032931e-05
-0.63435078 -9.0160141 4.3928623e-05
-0.59227479 -9.021553 4.4032931e-05
-0.54924107 -9.0167036 4.3913722e-05
-0.50523067 -9.022378 4.3943524e-05
-0.46019578 -9.0174246 4.3973327e-05
-0.41411412 -9.0232391 4.3913722e-05
-2.7773757 -8.9798212 4.5047866e-05
-2.7418032 -8.9799252 4.5041244e-05
-2.7008314 -8.9802351 4.5029228e-05
-2.6616974 -8.9806061 4.5013778e-05
-2.6209757 -8.9800243 4.4963188e-05
-2.5777352 -8.9791212 4.4960529e-05
-2.5382318 -8.980257 4.4927994e-05
-2.4966233 -8.9801388 4.4927994e-05
-2.4583259 -8.980032 4.4895256e-05
-2.4183831 -8.9799185 4.4854482e-05
-2.3776453 -8.979804 4.4879587e-05
-2.3415391 -8.9806023 4.4855205e-05
-2.3029521 -8.9805479 4.4817018e-05
-2.2634997 -8.9814272 4.4811339e-05
-2.2225299 -8.9793673 4.4822693e-05
-2.1799686 -8.9792471 4.4778775e-05
-2.1356974 -8.9791222 4.4763088e-05
-2.0968883 -8.9790125 4.4781427e-05
-2.0578711 -8.9799681 4.4739907e-05
-2.0169632 -8.9804077 4.4718385e-05
-1.9831543 -8.9803352 4.4718385e-05
-1.9394667 -8.9808083 4.4676992e-05
-1.8942813 -8.9801569 4.465878e-05
-1.8568748 -8.9800787 4.4628978e-05
-1.8183351 -8.9799948 4.465878e-05
-1.7786092 -8.9799109 4.4633944e-05
-1.7366971 -8.9816322 4.4600529e-05
-1.6953739 -8.9797182 4.4602155e-05
-1.6517423 -8.9796247 4.4572353e-05
-1.6181313 -8.9814596 4.4596196e-05
-1.5835907 -8.9794941 4.454255e-05
-1.536247 -8.979394 4.454255e-05
-1.4997327 -8.9773273 4.4548513e-05
-1.4621701 -8.9792194 4.4482946e-05
-1.4237339 -8.9811764 4.4417382e-05
-1.3841603 -8.9790697 4.4453143e-05
-1.3436408 -8.9768867 4.4369699e-05
-1.3034605 -8.9810019 4.4359102e-05
-1.2591234 -8.9809361 4.4357777e-05
-1.2133628 -8.9808702 4.4359102e-05
-1.1697967 -8.9808073 4.4360757e-05
-1.1388814 -8.9807606 4.4298173e-05
-1.1073689 -8.9807158 4.4301152e-05
-1.0606811 -8.980648 4.4325989e-05
-1.0090679 -8.9805727 4.4190885e-05
-0.97498357 -8.9805231 4.4181943e-05
-0.94020748 -8.9804726 4.425049e-05
-0.90471768 -8.9804211 4.4181943e-05
-0.8684929 -8.9803677 4.425049e-05
-0.83150882 -8.9803143 4.4181943e-05
-0.7937423 -8.9802599 4.4190885e-05
-0.75516778 -8.9802036 4.4122338e-05
-0.7157563 -8.9751167 4.4137239e-05
-0.6754896 -8.9800873 4.4122338e-05
-0.6343295 -8.9800272 4.4008095e-05
-0.59225023 -8.9799662 4.4122338e-05
-0.54921937 -8.9799032 4.4008095e-05
-0.50520515 -8.9798384 4.3943524e-05
-0.46017352 -8.9797735 4.4067699e-05
-0.41408837 -8.9797068 4.4003129e-05
-2.7773523 -8.9399414 4.510747e-05
-2.741962 -8.9396219 4.5118006e-05
-2.7000299 -8.939887 4.5105815e-05
-2.6611519 -8.9402418 4.5092667e-05
-2.6207373 -8.9396687 4.5021861e-05
-2.5777116 -8.939312 4.5023859e-05
-2.5378697 -8.9408503 4.5001507e-05
-2.4962449 -8.9398537 4.5005232e-05
-2.4583063 -8.9402657 4.4977121e-05
-2.4191272 -8.939352 4.4927994e-05
-2.3776195 -8.9402266 4.4956094e-05
-2.3403838 -8.9394417 4.4936485e-05
-2.3029284 -8.9404621 4.4893652e-05
-2.2634754 -8.940588 4.4893652e-05
-2.2232063 -8.9396982 4.4894219e-05
-2.179939 -8.9398422 4.4858454e-05
-2.1356812 -8.9389315 4.483524e-05
-2.0974636 -8.9397116 4.4857461e-05
-2.0578518 -8.9405289 4.4813281e-05
-2.01758 -8.9397564 4.4740162e-05
-1.9831311 -8.9407377 4.4792891e-05
-1.939443 -8.9404945 4.4756467e-05
-1.8942571 -8.939105 4.4738252e-05
-1.8559884 -8.9401264 4.4703484e-05
-1.8174218 -8.9394379 4.4730576e-05
-1.7776679 -8.9387293 4.4681809e-05
-1.7385647 -8.9416647 4.4676392e-05
-1.6963269 -8.9409695 4.4676392e-05
-1.6527268 -8.9402504 4.4649296e-05
-1.6181065 -8.9396811 4.4673681e-05
-1.5835679 -8.9410429 4.4614077e-05
-1.5362238 -8.9402962 4.4584274e-05
-1.4997094 -8.9377308 4.4620036e-05
-1.4621463 -8.9391088 4.4560431e-05
-1.4237099 -8.9405422 4.4500826e-05
-1.3826541 -8.9399223 4.452467e-05
-1.3436186 -8.939333 4.4435263e-05
-1.3018719 -8.9408264 4.4435263e-05
-1.2590983 -8.938056 4.4441222e-05
-1.2166476 -8.941761 4.4431952e-05
-1.1697733 -8.9411163 4.4441222e-05
-1.1388578 -8.940691 4.4375658e-05
-1.1073451 -8.940259 4.4381617e-05
-1.0570168 -8.9395666 4.4412081e-05
-1.0090433 -8.9389076 4.4256449e-05
-0.9749614 -8.9431152 4.4256449e-05
-0.94018245 -8.9379616 4.4316053e-05
-0.90469515 -8.9422455 4.4256449e-05
-0.86846715 -8.9369764 4.4330955e-05
-0.83148575 -8.9413404 4.4256449e-05
-0.79371613 -8.9359484 4.427135e-05
-0.7551443 -8.9403954 4.4196844e-05
-0.71573544 -8.9399071 4.4206779e-05
-0.67546564 -8.9394083 4.4196844e-05
-0.63430822 -8.9440403 4.4077635e-05
-0.59222567 -8.9383783 4.4196844e-05
-0.54919767 -8.9431028 4.4077635e-05
-0.50518 -8.9373016 4.4032931e-05
-0.46015131 -8.9421225 4.4137239e-05
-0.41406584 -8.9416151 4.408757e-05
-2.777329 -8.9000616 4.5175355e-05
-2.7415714 -8.8997793 4.5192512e-05
-2.7007933 -8.8999615 4.5184577e-05
-2.6616499 -8.89991 4.5176814e-05
-2.62026 -8.899826 4.5103272e-05
-2.5776885 -8.8995018 4.5085326e-05
-2.5378451 -8.9001713 4.5085326e-05
-2.4958663 -8.8995457 4.5086941e-05
-2.4582787 -8.9004984 4.5050747e-05
-2.4189205 -8.899435 4.501384e-05
-2.3781412 -8.9006357 4.5034019e-05
-2.3409266 -8.8991108 4.5018536e-05
-2.3029048 -8.9003773 4.4975961e-05
-2.2634516 -8.8997478 4.4975961e-05
-2.2217917 -8.900116 4.4974684e-05
-2.1799223 -8.9004393 4.4932491e-05
-2.1364446 -8.8997555 4.4919943e-05
-2.0980392 -8.900444 4.4932731e-05
-2.0586693 -8.9000063 4.490112e-05
-2.0169148 -8.8990793 4.4817727e-05
-1.9837657 -8.8995218 4.4886881e-05
-1.9394193 -8.9001827 4.4832628e-05
-1.8933963 -8.8997278 4.4817276e-05
-1.8568276 -8.9002066 4.4787925e-05
-1.8191775 -8.9007111 4.4822693e-05
-1.7794782 -8.8994064 4.4757671e-05
-1.7375945 -8.8998556 4.4763088e-05
-1.6943512 -8.9003057 4.4746834e-05
-1.6516958 -8.9008455 4.4721364e-05
-1.618082 -8.8979025 4.477501e-05
-1.5824857 -8.9006281 4.4703484e-05
-1.5362008 -8.9011974 4.463792e-05
-1.499686 -8.8981342 4.4703484e-05
-1.4621226 -8.8990002 4.4643879e-05
-1.4236858 -8.8999081 4.4584274e-05
-1.3841139 -8.9008207 4.4608118e-05
-1.3435965 -8.9017782 4.4512748e-05
-1.3002832 -8.9005919 4.4518049e-05
-1.2590754 -8.8994627 4.452467e-05
-1.2149692 -8.9004383 4.4488908e-05
-1.16975 -8.9014263 4.4509768e-05
-1.1388342 -8.9006214 4.4465065e-05
-1.1073211 -8.8998013 4.4465065e-05
-1.0606326 -8.8985863 4.4498178e-05
-1.0090214 -8.9018717 4.4330955e-05
-0.9749366 -8.9010315 4.4345856e-05
-0.9401601 -8.9001741 4.4390559e-05
-0.90466976 -8.8992996 4.4345856e-05
-0.86844444 -8.898406 4.4420362e-05
-0.8314628 -8.9023657 4.4330955e-05
-0.79369265 -8.8965616 4.4301152e-05
-0.75512075 -8.9005871 4.427135e-05
-0.71571481 -8.9046984 4.427135e-05
-0.67544162 -8.8987293 4.4286251e-05
-0.6342839 -8.9029121 4.4152141e-05
-0.59220111 -8.8967905 4.4301152e-05
-0.54917288 -8.9010448 4.4152141e-05
-0.50515801 -8.9000807 4.4107437e-05
-0.46012592 -8.8990927 4.4226646e-05
-0.41404331 -8.9035234 4.4152141e-05
-2.7776172 -8.8596401 4.5264089e-05
-2.7421007 -8.8599386 4.5273791e-05
-2.7003646 -8.8600531 4.5262954e-05
-2.6615012 -8.8601274 4.52616e-05
-2.6209135 -8.8599901 4.5190496e-05
-2.5781386 -8.8603306 4.517263e-05
-2.5378215 -8.8594923 4.517287e-05
-2.4967144 -8.8599358 4.5143788e-05
-2.4587386 -8.8598471 4.5144039e-05
-2.4186914 -8.8595495 4.5098863e-05
-2.3770254 -8.8601646 4.5120716e-05
-2.3409035 -8.8597517 4.5103687e-05
-2.3028812 -8.8602934 4.5063949e-05
-2.2634249 -8.8598824 4.5061111e-05
-2.2224593 -8.8604479 4.5064091e-05
-2.1798923 -8.8610325 4.502535e-05
-2.1348796 -8.8596001 4.5004486e-05
-2.096818 -8.8595219 4.5024433e-05
-2.0569503 -8.8595362 4.4982684e-05
-2.0168917 -8.8600359 4.4902165e-05
-1.9830822 -8.8582563 4.4966739e-05
-1.9393953 -8.859868 4.4905479e-05
-1.8942105 -8.8604078 4.4907134e-05
-1.8576671 -8.8603249 4.4876881e-05
-1.8182644 -8.8601542 4.4902165e-05
-1.7776215 -8.8599663 4.4844368e-05
-1.7375708 -8.8598709 4.4846536e-05
-1.6962788 -8.8597622 4.479018e-05
-1.6506649 -8.8613949 4.4811855e-05
-1.6180595 -8.8599224 4.4846536e-05
-1.5835202 -8.8602781 4.4786932e-05
-1.5361776 -8.8621006 4.4721364e-05
-1.4996626 -8.8585377 4.4786932e-05
-1.462099 -8.8588905 4.4727327e-05
-1.4236619 -8.8592749 4.4667722e-05
-1.3840897 -8.8596468 4.466176e-05
-1.3435719 -8.8600512 4.4608118e-05
-1.3018243 -8.8604422 4.4608118e-05
-1.2590526 -8.8608694 4.4608118e-05
-1.2132907 -8.8590546 4.4577653e-05
-1.1697264 -8.8617353 4.4608118e-05
-1.1388104 -8.8605518 4.4539571e-05
-1.1072972 -8.8593445 4.4548513e-05
-1.0587896 -8.8597765 4.4561923e-05
-1.0089967 -8.8602066 4.4429304e-05
-0.97491175 -8.8589478 4.4435263e-05
-0.9401378 -8.8623867 4.4479966e-05
-0.90464443 -8.8563509 4.4435263e-05
-0.86842155 -8.8598347 4.4494867e-05
-0.83143973 -8.8633909 4.4420362e-05
-0.79366934 -8.8571739 4.4375658e-05
-0.75509721 -8.8607779 4.4360757e-05
-0.71569097 -8.86446 4.4360757e-05
-0.67541754 -8.8580513 4.4375658e-05
-0.63425964 -8.861784 4.4241548e-05
-0.5921796 -8.8604021 4.4365723e-05
-0.54914808 -8.8589878 4.4256449e-05
-0.50513607 -8.8628588 4.4181943e-05
-0.46010366 -8.8614416 4.4306118e-05
-0.41401768 -8.8599901 4.4256449e-05
-2.777281 -8.8192015 4.5339268e-05
-2.7417066 -8.8200874 4.5351007e-05
-2.7001462 -8.819664 4.5327251e-05
-2.6613395 -8.8203764 4.5334593e-05
-2.620441 -8.8201408 4.5266093e-05
-2.578083 -8.8205042 4.5248955e-05
-2.5379598 -8.8194437 4.5249541e-05
-2.4960005 -8.819643 4.5216853e-05
-2.4577291 -8.8200846 4.5185738e-05
-2.4184759 -8.8196554 4.5174154e-05
-2.3775506 -8.8196526 4.5199286e-05
-2.3408799 -8.8203936 4.5177483e-05
-2.3028574 -8.8202105 4.5137745e-05
-2.2634044 -8.8200159 4.5137745e-05
-2.2231364 -8.820817 4.5138597e-05
-2.1805968 -8.8206301 4.5099856e-05
-2.1363971 -8.8194046 4.5079934e-05
-2.0979905 -8.8187284 4.5102377e-05
-2.0577765 -8.8200808 4.5061111e-05
-2.0168688 -8.8209925 4.498164e-05
-1.9830588 -8.8186598 4.5041244e-05
-1.9393713 -8.8195572 4.498164e-05
-1.8950251 -8.8211269 4.4979832e-05
-1.8567804 -8.8203592 4.4951837e-05
-1.8173509 -8.8195562 4.4931065e-05
-1.7794316 -8.8206968 4.4920227e-05
-1.7375473 -8.8198881 4.4922035e-05
-1.6952798 -8.8209515 4.4858454e-05
-1.6526561 -8.8202267 4.4893135e-05
-1.6180372 -8.8219423 4.4918059e-05
-1.5845546 -8.819973 4.4844368e-05
-1.5350593 -8.8209753 4.4801018e-05
-1.4996393 -8.8189411 4.4858454e-05
-1.4634839 -8.8208733 4.4796201e-05
-1.4236379 -8.8186398 4.4739245e-05
-1.3855494 -8.8206215 4.4710105e-05
-1.3435471 -8.8183231 4.467964e-05
-1.3033658 -8.8203545 4.4683617e-05
-1.2590272 -8.8179884 4.467964e-05
-1.2165755 -8.8200722 4.4657125e-05
-1.169703 -8.8220444 4.4688582e-05
-1.1387868 -8.8204813 4.4620036e-05
-1.1072733 -8.8188858 4.4628978e-05
-1.0569464 -8.8209038 4.4590895e-05
-1.0089723 -8.8185415 4.4509768e-05
-0.97488964 -8.8215399 4.4509768e-05
-0.94011271 -8.8198757 4.4560431e-05
-0.9046219 -8.8181763 4.4509768e-05
-0.8683989 -8.8212633 4.4569373e-05
-0.83141387 -8.8195438 4.4500826e-05
-0.7936461 -8.8177881 4.4450164e-05
-0.75507379 -8.8209705 4.4450164e-05
-0.71566713 -8.8242207 4.4435263e-05
-0.67539352 -8.8173733 4.4450164e-05
-0.63423538 -8.8206558 4.4330955e-05
-0.5921579 -8.8240128 4.4375658e-05
-0.54912323 -8.8169308 4.4330955e-05
-0.50511092 -8.8203211 4.427135e-05
-0.4600814 -8.8237906 4.4375658e-05
-0.41399205 -8.8164568 4.4330955e-05
-2.77759 -8.7798719 4.542555e-05
-2.7416849 -8.7797861 4.5437282e-05
-2.7005167 -8.7797728 4.5414581e-05
-2.6613207 -8.7800217 4.5409975e-05
-2.6206431 -8.7802877 4.5351866e-05
-2.5776176 -8.7800941 4.533492e-05
-2.5382686 -8.7800407 4.5339908e-05
-2.4968598 -8.7799931 4.5307479e-05
-2.4586914 -8.7803326 4.5263248e-05
-2.4194162 -8.7797441 4.5253833e-05
-2.3780692 -8.7791719 4.5291403e-05
-2.3408587 -8.7800999 4.5267017e-05
-2.3028338 -8.7801237 4.5225734e-05
-2.2640522 -8.7801723 4.5222045e-05
-2.2224147 -8.7801895 4.5225734e-05
-2.1791255 -8.7801962 4.51833e-05
-2.1347899 -8.7802238 4.5152086e-05
-2.097369 -8.7793961 4.5190256e-05
-2.0577569 -8.7806416 4.5145815e-05
-2.0162036 -8.7802629 4.5061111e-05
-1.9830356 -8.7790632 4.5130651e-05
-1.9393476 -8.7792444 4.5061111e-05
-1.8941642 -8.7817354 4.5061111e-05
-1.8567561 -8.7786942 4.504621e-05
-1.8191066 -8.7809105 4.5006924e-05
-1.7784905 -8.7794886 4.5011442e-05
-1.7375237 -8.7799044 4.5013428e-05
-1.6952561 -8.7803335 4.4941902e-05
-1.6516249 -8.780777 4.4983626e-05
-1.6180124 -8.7801638 4.5001507e-05
-1.5834724 -8.7795458 4.4894219e-05
-1.5361291 -8.7799778 4.4888257e-05
-1.4996159 -8.7793446 4.4953824e-05
-1.462054 -8.7827005 4.4882298e-05
-1.4236139 -8.7780056 4.4834615e-05
-1.3840433 -8.7814341 4.479885e-05
-1.3435249 -8.7807693 4.4777989e-05
-1.301777 -8.780097 4.4769047e-05
-1.2590044 -8.7793961 4.4748187e-05
-1.2148973 -8.7786865 4.4745208e-05
-1.1696795 -8.7823544 4.4763088e-05
-1.1387632 -8.7804108 4.4718385e-05
-1.1072495 -8.778429 4.4715405e-05
-1.0605626 -8.7800522 4.4683617e-05
-1.0089504 -8.7815065 4.4599175e-05
-0.97486478 -8.7794552 4.4584274e-05
-0.94008756 -8.7773647 4.465878e-05
-0.90459931 -8.7800007 4.4599175e-05
-0.86837602 -8.7826929 4.465878e-05
-0.831388 -8.7756968 4.4599175e-05
-0.79362285 -8.7784004 4.4539571e-05
-0.75505024 -8.7811613 4.4539571e-05
-0.71564353 -8.7839823 4.4509768e-05
-0.6753695 -8.7766953 4.4539571e-05
-0.63421106 -8.7795286 4.4420362e-05
-0.59213305 -8.7824249 4.440546e-05
-0.54910135 -8.7801313 4.440546e-05
-0.50508583 -8.7777834 4.4360757e-05
-0.46005601 -8.7807608 4.4479966e-05
-0.41396952 -8.7783661 4.4425327e-05
-2.7772346 -8.7405558 4.5496556e-05
-2.7418437 -8.7394819 4.5520337e-05
-2.700489 -8.7398443 4.5494977e-05
-2.6616967 -8.7402668 4.5490986e-05
-2.6203868 -8.7399664 4.5422996e-05
-2.5775943 -8.740283 4.5416877e-05
-2.5377512 -8.7400093 4.5416877e-05
-2.4956143 -8.7403631 4.5387977e-05
-2.4577057 -8.7396479 4.534877e-05
-2.4180269 -8.739852 4.5328306e-05
-2.3775015 -8.7395878 4.5367651e-05
-2.3408327 -8.7398043 4.5344943e-05
-2.3028102 -8.7400389 4.5308047e-05
-2.2633572 -8.7402973 4.5305205e-05
-2.2216966 -8.7395229 4.5308472e-05
-2.1805847 -8.7408381 4.5271296e-05
-2.1363139 -8.7400818 4.5225024e-05
-2.0967474 -8.7400303 4.5267436e-05
-2.0585747 -8.7401762 4.5221102e-05
-2.0168209 -8.7396402 4.5150518e-05
-1.9830121 -8.7394648 4.5210123e-05
-1.9393194 -8.7400513 4.512773e-05
-1.8941396 -8.7406826 4.5150518e-05
-1.8558694 -8.7386742 4.5115299e-05
-1.8181934 -8.7403135 4.5090914e-05
-1.7784675 -8.7401199 4.5084955e-05
-1.7375001 -8.7399206 4.5041244e-05
-1.695232 -8.7397137 4.5031309e-05
-1.650594 -8.7412815 4.5055694e-05
-1.6179879 -8.7383852 4.5096873e-05
-1.5834497 -8.7410936 4.4965745e-05
-1.5371989 -8.7390261 4.4974415e-05
-1.4995924 -8.739748 4.502535e-05
-1.4620302 -8.74259 4.4953824e-05
-1.4235899 -8.7373714 4.4918059e-05
-1.3840189 -8.7402592 4.4882298e-05
-1.3435028 -8.7432146 4.4846536e-05
-1.3001883 -8.7397804 4.4855806e-05
-1.2589815 -8.7408018 4.4786932e-05
-1.2297587 -8.7385263 4.4852495e-05
-1.1831363 -8.7392855 4.4829314e-05
-1.1387396 -8.7403402 4.4786932e-05
-1.1072257 -8.7379713 4.4792891e-05
-1.0587194 -8.7411785 4.4763088e-05
-1.0089257 -8.7398405 4.4667722e-05
-0.97483999 -8.7373714 4.4673681e-05
-0.94006526 -8.7395763 4.4733286e-05
-0.90457678 -8.7418261 4.4673681e-05
-0.86835021 -8.7393007 4.4691562e-05
-0.83136487 -8.736722 4.4673681e-05
-0.79359955 -8.7390137 4.4614077e-05
-0.75502676 -8.741354 4.4614077e-05
-0.71561968 -8.7437439 4.4614077e-05
-0.67534554 -8.7360153 4.4614077e-05
-0.63418674 -8.7384005 4.4494867e-05
-0.59210849 -8.7408381 4.4494867e-05
-0.54907966 -8.74333 4.4494867e-05
-0.50506383 -8.7405624 4.4425327e-05
-0.46003062 -8.73773 4.4554472e-05
-0.41394699 -8.7402744 4.4494867e-05
-2.7772112 -8.7006731 4.5566096e-05
-2.7420065 -8.699645 4.5590779e-05
-2.7002757 -8.6999359 4.5571218e-05
-2.6607497 -8.7004843 4.5565997e-05
-2.6201415 -8.6996298 4.550015e-05
-2.5775709 -8.7004728 4.5493245e-05
-2.5377269 -8.6993294 4.5472756e-05
-2.49593 -8.7000647 4.5462963e-05
-2.4586642 -8.6999378 4.5424156e-05
-2.4186063 -8.6999512 4.5406818e-05
-2.3774781 -8.7009296 4.5441448e-05
-2.3413732 -8.6995487 4.5407902e-05
-2.3034339 -8.7009544 4.5382978e-05
-2.2633333 -8.6994562 4.5381843e-05
-2.2223647 -8.6999063 4.5388937e-05
-2.1798007 -8.7004004 4.5342105e-05
-2.134742 -8.6998167 4.5308941e-05
-2.0979202 -8.6993008 4.5345379e-05
-2.0577059 -8.7007113 4.5282974e-05
-2.0174382 -8.6990547 4.5235342e-05
-1.9829885 -8.6998682 4.5284629e-05
-1.9393014 -8.7008581 4.5206813e-05
-1.8941156 -8.6996298 4.5225024e-05
-1.8575727 -8.7006617 4.5174904e-05
-1.8172802 -8.6996727 4.5174904e-05
-1.7784442 -8.7007504 4.5160454e-05
-1.7374763 -8.6999359 4.5108794e-05
-1.6942333 -8.7008324 4.5104462e-05
-1.6525848 -8.700202 4.5136971e-05
-1.6179653 -8.7004042 4.5168399e-05
-1.5823677 -8.7006044 4.5050274e-05
-1.5360806 -8.6978884 4.504919e-05
-1.4995692 -8.7001514 4.5108794e-05
-1.4620063 -8.7024813 4.4983626e-05
-1.4235659 -8.6967373 4.5001507e-05
-1.3839948 -8.6990843 4.4959783e-05
-1.343478 -8.7014866 4.4929981e-05
-1.3032957 -8.7019806 4.4922035e-05
-1.2589562 -8.6979218 4.4882298e-05
-1.2297357 -8.6995745 4.4929981e-05
-1.1864834 -8.7000618 4.4895543e-05
-1.1387157 -8.7002697 4.4867396e-05
-1.1072043 -8.7020092 4.4852495e-05
-1.0586951 -8.7001247 4.4846536e-05
-1.0089011 -8.6981754 4.4748187e-05
-0.97481787 -8.6999645 4.4748187e-05
-0.94004297 -8.7017889 4.4807792e-05
-0.90455425 -8.7036514 4.4748187e-05
-0.86832452 -8.6959085 4.4777989e-05
-0.83134198 -8.6977472 4.4748187e-05
-0.79357636 -8.6996269 4.4688582e-05
-0.75500321 -8.7015448 4.4688582e-05
-0.71559584 -8.7035046 4.4688582e-05
-0.67532146 -8.6953373 4.4718385e-05
-0.63416249 -8.6972723 4.4584274e-05
-0.59208393 -8.6992502 4.4569373e-05
-0.54905486 -8.701272 4.4569373e-05
-0.5050419 -8.7033424 4.4509768e-05
-0.46000838 -8.700079 4.4643879e-05
-0.41392124 -8.6967411 4.4584274e-05
-2.7771876 -8.6607933 4.5658813e-05
-2.7416134 -8.6593475 4.5677025e-05
-2.700048 -8.6600132 4.5658544e-05
-2.6617694 -8.6601725 4.5660665e-05
-2.6203463 -8.6597824 4.5593191e-05
-2.5775473 -8.6606636 4.5582652e-05
-2.5372126 -8.6592541 4.55591e-05
-2.496789 -8.66047 4.5541921e-05
-2.4581382 -8.6592588 4.5518082e-05
-2.4191718 -8.6600828 4.5494788e-05
-2.3769333 -8.6603832 4.5535358e-05
-2.3407853 -8.6592236 4.5495373e-05
-2.3027637 -8.6617899 4.5475506e-05
-2.263309 -8.6586189 4.5475506e-05
-2.2230415 -8.660327 4.5475364e-05
-2.179014 -8.6599197 4.5437562e-05
-2.1362667 -8.65973 4.5394896e-05
-2.0972986 -8.659936 4.5438606e-05
-2.0568333 -8.6612034 4.5374822e-05
-2.016773 -8.6583128 4.5319397e-05
-1.9829654 -8.6602707 4.5339268e-05
-1.9392776 -8.6605473 4.5296219e-05
-1.8940912 -8.6585779 4.5319397e-05
-1.856686 -8.6606417 4.5259792e-05
-1.8190356 -8.6611109 4.525618e-05
-1.7775031 -8.6594715 4.525618e-05
-1.7374529 -8.6599531 4.5200188e-05
-1.6961612 -8.6604338 4.5207413e-05
-1.6515539 -8.6607075 4.5222045e-05
-1.6179428 -8.6624241 4.5192242e-05
-1.5844592 -8.6585379 4.5142391e-05
-1.5360576 -8.6587896 4.5144559e-05
-1.4995457 -8.6605549 4.5192242e-05
-1.4619828 -8.6623726 4.5073033e-05
-1.4235443 -8.6601677 4.5076013e-05
-1.3839704 -8.6579113 4.5055152e-05
-1.3434535 -8.6597595 4.502535e-05
-1.301707 -8.661665 4.5013428e-05
-1.2589333 -8.6593285 4.4956803e-05
-1.2297128 -8.6606226 4.5016408e-05
-1.1847736 -8.6582232 4.4995548e-05
-1.1386921 -8.6602001 4.4965745e-05
-1.1071802 -8.6615524 4.4906141e-05
-1.058671 -8.6590729 4.4927001e-05
-1.0088793 -8.6611404 4.4837594e-05
-0.97479576 -8.6625566 4.4837594e-05
-0.94001788 -8.659277 4.4906141e-05
-0.9045288 -8.6607037 4.4846536e-05
-0.86830187 -8.6573372 4.4852495e-05
-0.83131886 -8.6587734 4.4837594e-05
-0.79355305 -8.6602383 4.4777989e-05
-0.75497967 -8.6617355 4.4777989e-05
-0.71557224 -8.6632662 4.4777989e-05
-0.67530042 -8.6597443 4.4782955e-05
-0.63413823 -8.6561441 4.4673681e-05
-0.59205937 -8.6576624 4.4673681e-05
-0.54903007 -8.659215 4.465878e-05
-0.50501674 -8.6608038 4.4599175e-05
-0.45998615 -8.6624279 4.4718385e-05
-0.41389871 -8.6586494 4.4663746e-05
-2.7771635 -8.6209145 4.5734974e-05
-2.7412248 -8.6190205 4.5750628e-05
-2.7008164 -8.6201391 4.5729237e-05
-2.6608195 -8.6203547 4.5733017e-05
-2.6209829 -8.6194897 4.5669931e-05
-2.5775237 -8.6208534 4.5659021e-05
-2.5375142 -8.6198511 4.5628316e-05
-2.4960558 -8.6201525 4.5601279e-05
-2.4581144 -8.6194935 4.5591878e-05
-2.4177864 -8.6201019 4.557371e-05
-2.3779745 -8.6190634 4.5611101e-05
-2.3407617 -8.6198654 4.5572007e-05
-2.3027401 -8.6217041 4.555214e-05
-2.2626166 -8.618679 4.555285e-05
-2.2223201 -8.6196489 4.555214e-05
-2.1804783 -8.6206436 4.5514105e-05
-2.1354892 -8.6205196 4.5471723e-05
-2.0966768 -8.6205397 4.547376e-05
-2.058465 -8.6197681 4.5454501e-05
-2.0167501 -8.6192694 4.5398872e-05
-1.982942 -8.6206751 4.5388937e-05
-1.940302 -8.6214495 4.5373159e-05
-1.8940672 -8.6175241 4.5398872e-05
-1.8566614 -8.6189756 4.5339268e-05
-1.8181225 -8.6204729 4.5329332e-05
-1.7793133 -8.6203451 4.5277855e-05
-1.737429 -8.6199703 4.5275687e-05
-1.6951622 -8.6215515 4.5275687e-05
-1.6515297 -8.6194334 4.5304496e-05
-1.617918 -8.6206455 4.5269728e-05
-1.5833769 -8.6180477 4.5216082e-05
-1.5360343 -8.6196909 4.5216082e-05
-1.4995224 -8.6209583 4.5275687e-05
-1.4619592 -8.622263 4.5156477e-05
-1.4235227 -8.6235971 4.5144559e-05
-1.3824642 -8.6186047 4.5127337e-05
-1.3434289 -8.6180325 4.5096873e-05
-1.3016819 -8.6193676 4.506707e-05
-1.2589105 -8.6207352 4.5037268e-05
-1.2296898 -8.6216707 4.5096873e-05
-1.1847503 -8.6187181 4.5076013e-05
-1.1386685 -8.6201296 4.5031309e-05
-1.1071563 -8.6210957 4.4971704e-05
-1.0568279 -8.6200905 4.5001507e-05
-1.0088546 -8.6194744 4.4918059e-05
-0.9747709 -8.6204729 4.4918059e-05
-0.93999273 -8.6167669 4.4986606e-05
-0.90450352 -8.6177559 4.4927001e-05
-0.86827898 -8.6187677 4.4927001e-05
-0.83129591 -8.6197977 4.49121e-05
-0.79352981 -8.6208515 4.4852495e-05
-0.75495619 -8.6219273 4.4852495e-05
-0.7155484 -8.6230268 4.4852495e-05
-0.67527896 -8.6241503 4.4733286e-05
-0.63411695 -8.6201582 4.4743221e-05
-0.59203482 -8.6160755 4.4748187e-05
-0.54900527 -8.617157 4.4748187e-05
-0.50499165 -8.6182652 4.4688582e-05
-0.4599607 -8.6193981 4.4792891e-05
-0.41387618 -8.6205578 4.4733286e-05
-2.7771404 -8.5810337 4.581445e-05
-2.7415633 -8.5800915 4.5835972e-05
-2.7001998 -8.5792732 4.5810804e-05
-2.661582 -8.5800667 4.581724e-05
-2.6202967 -8.5796175 4.5728684e-05
-2.5774999 -8.5810442 4.5744702e-05
-2.5383353 -8.5811586 4.571279e-05
-2.4960315 -8.5785646 4.568696e-05
-2.4580908 -8.5797262 4.5642257e-05
-2.4192984 -8.5796442 4.5655172e-05
-2.3774066 -8.5794344 4.5696896e-05
-2.3407383 -8.5805082 4.5657158e-05
-2.3027165 -8.5816193 4.5637291e-05
-2.2639668 -8.580905 4.5622652e-05
-2.221602 -8.5789318 4.5633315e-05
-2.1797292 -8.579155 4.5597553e-05
-2.1354656 -8.5803308 4.5557816e-05
-2.0978494 -8.5798731 4.5533365e-05
-2.0576346 -8.5791969 4.5537949e-05
-2.0167267 -8.5802269 4.5478344e-05
-1.9829183 -8.5810766 4.5478344e-05
-1.939231 -8.5821772 4.5451852e-05
-1.8940446 -8.5798931 4.5448542e-05
-1.855775 -8.5789022 4.5413322e-05
-1.8180975 -8.5781746 4.5418739e-05
-1.7783722 -8.5790663 4.5359135e-05
-1.7374057 -8.5799856 4.5359135e-05
-1.6951381 -8.5809326 4.5359135e-05
-1.6515052 -8.5781593 4.5400859e-05
-1.6178932 -8.5788679 4.5371056e-05
-1.5833542 -8.5795956 4.529953e-05
-1.5360115 -8.5805931 4.529953e-05
-1.4994986 -8.5813618 4.529953e-05
-1.4619353 -8.5821533 4.5228004e-05
-1.4234987 -8.5829639 4.5228004e-05
-1.3854085 -8.5819273 4.5200188e-05
-1.3434067 -8.5804777 4.5180321e-05
-1.3000932 -8.57897 4.5160454e-05
-1.2588853 -8.5778551 4.5120716e-05
-1.2296642 -8.5783901 4.5180321e-05
-1.184727 -8.5792141 4.5150518e-05
-1.1386449 -8.58006 4.5120716e-05
-1.1071324 -8.580637 4.5061111e-05
-1.0604441 -8.5794563 4.5100849e-05
-1.0088301 -8.5778103 4.5016408e-05
-0.97474611 -8.5783892 4.5016408e-05
-0.93996996 -8.5789795 4.4956803e-05
-0.90448099 -8.5795822 4.5016408e-05
-0.86825627 -8.5801964 4.5016408e-05
-0.83127284 -8.5808239 4.4986606e-05
-0.7935065 -8.5814648 4.4927001e-05
-0.7549327 -8.582119 4.4927001e-05
-0.71552455 -8.5827885 4.4927001e-05
-0.67525494 -8.5834713 4.4807792e-05
-0.63409567 -8.5841703 4.4807792e-05
-0.59201336 -8.5796862 4.4822693e-05
-0.54898351 -8.5803576 4.4822693e-05
-0.50496966 -8.5810442 4.4763088e-05
-0.45993537 -8.5763683 4.4897199e-05
-0.41385067 -8.5770245 4.4837594e-05
-2.777117 -8.541152 4.5900542e-05
-2.7419128 -8.5411901 4.5892866e-05
-2.7001767 -8.5398235 4.5894085e-05
-2.6611764 -8.5402718 4.5903027e-05
-2.6202736 -8.5407429 4.5810641e-05
-2.577477 -8.5412369 4.581362e-05
-2.5376337 -8.5416937 4.5798719e-05
-2.5003767 -8.5402441 4.5762819e-05
-2.4629395 -8.5393276 4.5741046e-05
-2.4185073 -8.5403605 4.5742308e-05
-2.3773837 -8.5407772 4.5770692e-05
-2.3407154 -8.5411491 4.5742308e-05
-2.3026929 -8.5415335 4.5722438e-05
-2.2632401 -8.541935 4.5713925e-05
-2.2230043 -8.5404606 4.5716763e-05
-2.1797061 -8.539752 4.5677025e-05
-2.1354415 -8.5401421 4.5630666e-05
-2.0972276 -8.5404768 4.561742e-05
-2.0576117 -8.5408249 4.561742e-05
-2.0167038 -8.5411825 4.5528013e-05
-1.982895 -8.5414801 4.5557816e-05
-1.9392076 -8.5418625 4.5537949e-05
-1.8940226 -8.5422602 4.5528013e-05
-1.8574783 -8.5409975 4.5500019e-05
-1.8180748 -8.539403 4.5502187e-05
-1.7783489 -8.5396976 4.5442583e-05
-1.7373817 -8.5400019 4.5442583e-05
-1.6951141 -8.5403147 4.5442583e-05
-1.6514832 -8.540638 4.5448542e-05
-1.6178709 -8.5408878 4.5442583e-05
-1.5833315 -8.5411434 4.5382978e-05
-1.5359883 -8.5414944 4.5382978e-05
-1.4994755 -8.5417652 4.5382978e-05
-1.4619118 -8.5420437 4.5323373e-05
-1.4234747 -8.5423298 4.5323373e-05
-1.3839021 -8.5426235 4.5293571e-05
-1.3433845 -8.542923 4.5263769e-05
-1.3032008 -8.5413322 4.5233304e-05
-1.2588625 -8.5392609 4.5210123e-05
-1.2296412 -8.5394382 4.5269728e-05
-1.1847035 -8.53971 4.5210123e-05
-1.1386211 -8.5399895 4.5210123e-05
-1.1071086 -8.5401793 4.5150518e-05
-1.0586009 -8.5404739 4.5180321e-05
-1.0088083 -8.5407753 4.5090914e-05
-0.97472394 -8.5409813 4.5090914e-05
-0.93994761 -8.5411911 4.5031309e-05
-0.9044584 -8.5414066 4.5090914e-05
-0.86823344 -8.541626 4.5090914e-05
-0.83124989 -8.5418491 4.5076013e-05
-0.79348326 -8.5420771 4.5016408e-05
-0.75490922 -8.5423107 4.5016408e-05
-0.71550095 -8.5425491 4.5016408e-05
-0.67523086 -8.5427933 4.4897199e-05
-0.63407141 -8.5430422 4.4897199e-05
-0.59199184 -8.5432968 4.4897199e-05
-0.54896164 -8.5435572 4.4897199e-05
-0.5049476 -8.5438242 4.4837594e-05
-0.45991302 -8.5387173 4.4941902e-05
-0.41382813 -8.5389328 4.4902165e-05
-2.7770934 -8.5012732 4.5980018e-05
-2.7415199 -8.5008583 4.5959154e-05
-2.7001534 -8.5003719 4.596313e-05
-2.6611528 -8.499918 4.5980018e-05
-2.6208999 -8.5003576 4.588726e-05
-2.5774529 -8.5014277 4.5873225e-05
-2.5376098 -8.5010138 4.5873225e-05
-2.5013239 -8.5006399 4.5833487e-05
-2.4635253 -8.5002499 4.581362e-05
-2.4184835 -8.4997835 4.581362e-05
-2.3778827 -8.5002098 4.5812649e-05
-2.3406923 -8.501792 4.5810426e-05
-2.302669 -8.5014505 4.5790559e-05
-2.263216 -8.5010967 4.5799075e-05
-2.22225 -8.5007296 4.5782042e-05
-2.1796825 -8.5003481 4.5759338e-05
-2.1354177 -8.4999495 4.5679866e-05
-2.0972037 -8.499609 4.5699733e-05
-2.0583944 -8.500226 4.5698882e-05
-2.0166807 -8.502141 4.5607489e-05
-1.9828715 -8.5018835 4.5637291e-05
-1.9391836 -8.5015507 4.561742e-05
-1.8939983 -8.5012074 4.5607489e-05
-1.8565918 -8.5009232 4.5577686e-05
-1.8180517 -8.5006304 4.555285e-05
-1.7783254 -8.50033 4.5518082e-05
-1.7373585 -8.5000172 4.5518082e-05
-1.6950902 -8.4996958 4.5518082e-05
-1.6514586 -8.4993649 4.5518082e-05
-1.6178461 -8.4991083 4.5518082e-05
-1.5833089 -8.5026913 4.5454501e-05
-1.5359652 -8.5023966 4.5454501e-05
-1.4994519 -8.5021687 4.5454501e-05
-1.4618881 -8.501935 4.5394896e-05
-1.4234507 -8.5016956 4.5394896e-05
-1.383878 -8.5014477 4.5347213e-05
-1.3433597 -8.5011959 4.5335291e-05
-1.3016121 -8.5009346 4.5305489e-05
-1.2588396 -8.5006685 4.5275687e-05
-1.2296183 -8.5004864 4.5335291e-05
-1.1846801 -8.500206 4.5245884e-05
-1.1385975 -8.4999189 4.5275687e-05
-1.1070846 -8.4997225 4.5216082e-05
-1.0585767 -8.4994202 4.5245884e-05
-1.0087836 -8.4991093 4.5156477e-05
-0.97469914 -8.4988966 4.5156477e-05
-0.93992531 -8.5034037 4.5090914e-05
-0.90443587 -8.503231 4.5150518e-05
-0.86821067 -8.5030546 4.5150518e-05
-0.83122683 -8.5028753 4.516542e-05
-0.79346001 -8.5026903 4.5105815e-05
-0.75488567 -8.5025024 4.5105815e-05
-0.71547711 -8.5023108 4.5105815e-05
-0.6752069 -8.5021143 4.4986606e-05
-0.63404715 -8.501914 4.4986606e-05
-0.59196728 -8.501709 4.4986606e-05
-0.54893684 -8.5014992 4.4986606e-05
-0.50492251 -8.5012856 4.4927001e-05
-0.4598906 -8.5010662 4.4986606e-05
-0.4138056 -8.5008421 4.4986606e-05
-2.7770696 -8.4613914 4.606611e-05
-2.7414961 -8.460103 4.604525e-05
-2.700722 -8.4594936 4.6039735e-05
-2.661129 -8.4595613 4.607439e-05
-2.6195607 -8.4591599 4.5977889e-05
-2.5774295 -8.4616156 4.5957044e-05
-2.5375853 -8.4603338 4.5919791e-05
-2.5012996 -8.4591665 4.5930345e-05
-2.4640684 -8.4598894 4.5907909e-05
-2.4184594 -8.4592066 4.5910478e-05
-2.3767886 -8.4589319 4.5909124e-05
-2.3412325 -8.4614325 4.5884739e-05
-2.3026459 -8.4613667 4.5875709e-05
-2.2631917 -8.4602585 4.5892739e-05
-2.2222254 -8.4591074 4.5853001e-05
-2.1804187 -8.4598541 4.5851659e-05
-2.1353939 -8.4597607 4.5766432e-05
-2.0971794 -8.4587402 4.5791268e-05
-2.0567138 -8.4588461 4.5779503e-05
-2.0166559 -8.4598436 4.5695477e-05
-1.9828482 -8.4622869 4.5716763e-05
-1.9391596 -8.4612389 4.5703517e-05
-1.8939739 -8.4601555 4.5696896e-05
-1.856567 -8.4592581 4.5677025e-05
-1.8180267 -8.458334 4.5647223e-05
-1.7783024 -8.4609604 4.5609475e-05
-1.7373346 -8.4600334 4.5609475e-05
-1.6950665 -8.4590778 4.5609475e-05
-1.6514343 -8.4580908 4.5609475e-05
-1.6178215 -8.4573307 4.5609475e-05
-1.5832839 -8.4603949 4.5547884e-05
-1.537035 -8.4611969 4.5527111e-05
-1.4994286 -8.4625721 4.554987e-05
-1.4618645 -8.4618254 4.5490266e-05
-1.4234266 -8.4610615 4.5490266e-05
-1.3838537 -8.4602747 4.5430661e-05
-1.3433353 -8.4594679 4.5430661e-05
-1.3015871 -8.4586391 4.5400859e-05
-1.2588142 -8.4577875 4.5382978e-05
-1.2295952 -8.4615345 4.543364e-05
-1.1846567 -8.4607019 4.5344234e-05
-1.1385739 -8.4598494 4.5374036e-05
-1.1070608 -8.4592657 4.5314431e-05
-1.0585525 -8.4583673 4.5344234e-05
-1.0087589 -8.4574442 4.5254827e-05
-0.97467428 -8.4568129 4.5254827e-05
-0.93990022 -8.4608927 4.5180321e-05
-0.90441054 -8.4602833 4.5239925e-05
-0.86818504 -8.4596624 4.5239925e-05
-0.83120382 -8.4639006 4.5254827e-05
-0.79343677 -8.4633026 4.5195222e-05
-0.75486165 -8.4626942 4.5076013e-05
-0.71545327 -8.4620724 4.5195222e-05
-0.67518288 -8.4614353 4.5076013e-05
-0.63402283 -8.4607868 4.5076013e-05
-0.59194273 -8.4601221 4.5076013e-05
-0.54891205 -8.4594431 4.5076013e-05
-0.50489742 -8.4587479 4.5016408e-05
-0.45986515 -8.4580364 4.5076013e-05
-0.41377985 -8.4573088 4.5076013e-05
-2.7773585 -8.4209366 4.6146881e-05
-2.7414718 -8.4193468 4.6128698e-05
-2.6994994 -8.4201183 4.6114128e-05
-2.6616278 -8.4203587 4.6102439e-05
-2.6202025 -8.4192581 4.605651e-05
-2.5778468 -8.4211569 4.6041878e-05
-2.5375617 -8.4196539 4.5999885e-05
-2.5017562 -8.4193745 4.5982273e-05
-2.4629476 -8.4203215 4.5984023e-05
-2.4192042 -8.419939 4.5982997e-05
-2.3773117 -8.4192829 4.598924e-05
-2.3406458 -8.4202738 4.5963308e-05
-2.3026218 -8.4212818 4.5960856e-05
-2.2631674 -8.4194193 4.5969373e-05
-2.2229328 -8.4194059 4.5923811e-05
-2.1789136 -8.4206038 4.5907498e-05
-2.1353707 -8.4195728 4.5847326e-05
-2.0971575 -8.4210157 4.5865774e-05
-2.0575397 -8.4193096 4.5826037e-05
-2.0166309 -8.4175472 4.5776367e-05
-1.9834831 -8.4209452 4.5808461e-05
-1.939136 -8.4209251 4.5786303e-05
-1.8939499 -8.4191017 4.5776367e-05
-1.8574063 -8.4192114 4.5743855e-05
-1.8180037 -8.4195614 4.5722722e-05
-1.7782792 -8.4215918 4.568696e-05
-1.7373109 -8.4200506 4.568696e-05
-1.6960191 -8.4201813 4.5662575e-05
-1.651412 -8.4205694 4.568696e-05
-1.6177992 -8.4193506 4.5692919e-05
-1.5832589 -8.4180975 4.5633315e-05
-1.5348214 -8.4184818 4.560297e-05
-1.4994051 -8.4229755 4.5621397e-05
-1.4618409 -8.4217167 4.5561792e-05
-1.4234028 -8.4204273 4.557371e-05
-1.3838291 -8.4190998 4.5514105e-05
-1.3433106 -8.4177418 4.5514105e-05
-1.3015645 -8.4205713 4.5478344e-05
-1.2587916 -8.4191942 4.5448542e-05
-1.2295723 -8.4225826 4.5502187e-05
-1.1846335 -8.4211979 4.541278e-05
-1.1385503 -8.4197788 4.5454501e-05
-1.1070368 -8.418808 4.5394896e-05
-1.0585309 -8.421875 4.5418739e-05
-1.0087368 -8.4204082 4.5269728e-05
-0.97465217 -8.419405 4.5329332e-05
-0.93987513 -8.4183817 4.5269728e-05
-0.90438515 -8.4173374 4.5329332e-05
-0.86815947 -8.4162703 4.5329332e-05
-0.83117789 -8.4200535 4.5335291e-05
-0.79341352 -8.4239168 4.5269728e-05
-0.75483817 -8.4228859 4.5150518e-05
-0.7154296 -8.421834 4.5269728e-05
-0.67515886 -8.4207573 4.5150518e-05
-0.63399851 -8.4196587 4.5150518e-05
-0.59191817 -8.4185343 4.5150518e-05
-0.54888725 -8.4173841 4.5150518e-05
-0.50487226 -8.4162102 4.5090914e-05
-0.45984301 -8.4203854 4.5160454e-05
-0.41375732 -8.4192171 4.5160454e-05
-2.7770216 -8.3805294 4.6210156e-05
-2.7420123 -8.3794899 4.620746e-05
-2.7004702 -8.3801584 4.6194953e-05
-2.6605601 -8.3800707 4.6184836e-05
-2.6206303 -8.3798904 4.6126726e-05
-2.5775311 -8.3801355 4.612677e-05
-2.5380325 -8.37959 4.608016e-05
-2.5007942 -8.3805876 4.6040699e-05
-2.4641876 -8.3799372 4.6066441e-05
-2.4176445 -8.3794498 4.6066441e-05
-2.3772891 -8.3806257 4.6060199e-05
-2.3400528 -8.3790836 4.6033751e-05
-2.3025982 -8.381196 4.6037494e-05
-2.2631435 -8.3785801 4.6014786e-05
-2.2214847 -8.3808804 4.6002864e-05
-2.1803362 -8.3800659 4.5987963e-05
-2.1353464 -8.3793821 4.5925379e-05
-2.0971332 -8.3801489 4.5946665e-05
-2.0575173 -8.3809357 4.5902198e-05
-2.0166078 -8.3785028 4.5860808e-05
-1.9827994 -8.3798037 4.5875709e-05
-1.9391122 -8.3806143 4.5862464e-05
-1.8939253 -8.3780489 4.5865774e-05
-1.8556581 -8.3812523 4.5754692e-05
-1.8179809 -8.3807898 4.5791268e-05
-1.7782539 -8.378644 4.5776367e-05
-1.7372873 -8.3800659 4.5764446e-05
-1.6940436 -8.3798113 4.57276e-05
-1.6523963 -8.3810596 4.577095e-05
-1.6177766 -8.3813696 4.5764446e-05
-1.5832363 -8.3796463 4.5704841e-05
-1.5358912 -8.3772821 4.568696e-05
-1.4993818 -8.383379 4.5704841e-05
-1.4618171 -8.3816071 4.5645236e-05
-1.4233787 -8.3797932 4.5621397e-05
-1.3838049 -8.3779259 4.5597553e-05
-1.3432884 -8.380187 4.5582652e-05
-1.301542 -8.3825035 4.5555829e-05
-1.2587687 -8.3806019 4.5526027e-05
-1.2295464 -8.379303 4.5537949e-05
-1.1862941 -8.3793402 4.5504836e-05
-1.1385264 -8.3797083 4.5523047e-05
-1.107013 -8.3783512 4.5463443e-05
-1.0585067 -8.3808212 4.5502187e-05
-1.0087123 -8.3787441 4.5359135e-05
-0.97463006 -8.3819981 4.5403838e-05
-0.93985277 -8.3805943 4.5344234e-05
-0.90436262 -8.3791618 4.5403838e-05
-0.86813664 -8.3776999 4.5403838e-05
-0.83115196 -8.3762074 4.543364e-05
-0.79339021 -8.3845291 4.5344234e-05
-0.75481468 -8.3830776 4.5225024e-05
-0.71540582 -8.3815947 4.5344234e-05
-0.67513478 -8.3800793 4.5225024e-05
-0.63397425 -8.3785305 4.5225024e-05
-0.59189361 -8.3769464 4.5239925e-05
-0.54886556 -8.3805847 4.5239925e-05
-0.50485033 -8.3789873 4.5180321e-05
-0.45982075 -8.3827343 4.5225024e-05
-0.41373479 -8.3811255 4.5225024e-05
-2.7771034 -8.3400955 4.6303143e-05
-2.7414236 -8.3401146 4.6278943e-05
-2.700253 -8.339798 4.6283702e-05
-2.6615803 -8.3396721 4.6270736e-05
-2.620383 -8.3400621 4.6212499e-05
-2.5773578 -8.3397121 4.6210364e-05
-2.537677 -8.340209 4.6166682e-05
-2.501229 -8.3399343 4.6133995e-05
-2.4626973 -8.3403368 4.6149889e-05
-2.4189825 -8.3394957 4.6119607e-05
-2.3778102 -8.3410177 4.615025e-05
-2.3405952 -8.3387346 4.6094257e-05
-2.3025746 -8.3411093 4.6131157e-05
-2.2637913 -8.3386793 4.6095251e-05
-2.2221549 -8.340189 4.6094257e-05
-2.1788254 -8.3407621 4.6064979e-05
-2.1360774 -8.3401861 4.6011806e-05
-2.0971086 -8.3392801 4.5984983e-05
-2.0583005 -8.3403931 4.5993926e-05
-2.0165846 -8.3394604 4.5945246e-05
-1.9827758 -8.3402071 4.5945246e-05
-1.9390883 -8.3403006 4.5955181e-05
-1.89474 -8.3386183 4.5944344e-05
-1.8564974 -8.3412056 4.5855839e-05
-1.817956 -8.3384924 4.5885641e-05
-1.7782304 -8.3392744 4.5859815e-05
-1.7372637 -8.3400812 4.5855839e-05
-1.6949965 -8.3409147 4.582405e-05
-1.650357 -8.3400106 4.5857647e-05
-1.6177521 -8.339591 4.5855839e-05
-1.5832134 -8.3411942 4.5782326e-05
-1.535868 -8.3381844 4.5770408e-05
-1.4993559 -8.3398218 4.5796234e-05
-1.4617934 -8.3414974 4.5734643e-05
-1.4233545 -8.339159 4.5621397e-05
-1.3852645 -8.3386803 4.5677025e-05
-1.3432662 -8.3426313 4.566908e-05
-1.3015171 -8.3402061 4.5651199e-05
-1.2587435 -8.3377209 4.5621397e-05
-1.2295234 -8.3403511 4.5612454e-05
-1.1829002 -8.3401546 4.5584307e-05
-1.1385028 -8.3396378 4.5621397e-05
-1.1069918 -8.3423882 4.555285e-05
-1.0584823 -8.3397684 4.5582652e-05
-1.0086876 -8.337079 4.5448542e-05
-0.9746052 -8.3399143 4.5502187e-05
-0.93983048 -8.3428059 4.543364e-05
-0.90434009 -8.3409863 4.5493245e-05
-0.86811388 -8.3391294 4.5493245e-05
-0.83112907 -8.3372326 4.5508146e-05
-0.79336405 -8.3402185 4.5442583e-05
-0.7547912 -8.3432693 4.5314431e-05
-0.71538198 -8.3413563 4.543364e-05
-0.67511076 -8.3394012 4.5314431e-05
-0.63395 -8.3374023 4.5329332e-05
-0.59187216 -8.3405581 4.5319397e-05
-0.54884344 -8.3437843 4.5225024e-05
-0.50482833 -8.3417673 4.5254827e-05
-0.4597953 -8.3397045 4.5314431e-05
-0.41370916 -8.3375921 4.5329332e-05
-2.7769744 -8.2996635 4.6379035e-05
-2.7414012 -8.2998142 4.634857e-05
-2.7002335 -8.2998705 4.6354395e-05
-2.660902 -8.2999315 4.6350739e-05
-2.6201341 -8.3002195 4.6289548e-05
-2.5773342 -8.2999029 4.6273693e-05
-2.5374908 -8.3001709 4.6243891e-05
-2.5016658 -8.2993088 4.6211739e-05
-2.4639411 -8.2999964 4.6232053e-05
-2.4185667 -8.3002939 4.6199766e-05
-2.377244 -8.300559 4.6220692e-05
-2.3405726 -8.2993784 4.6170891e-05
-2.302551 -8.3010263 4.6179408e-05
-2.2630944 -8.2998323 4.6175719e-05
-2.2228289 -8.2995358 4.6166777e-05
-2.1795645 -8.3002958 4.6108449e-05
-2.1345065 -8.3000717 4.6096349e-05
-2.0976844 -8.2999277 4.6051464e-05
-2.0566192 -8.2989016 4.607439e-05
-2.0165613 -8.3004179 4.6019752e-05
-1.9827528 -8.3006096 4.6019752e-05
-1.9390645 -8.2999878 4.6031342e-05
-1.8930423 -8.3011637 4.6009369e-05
-1.8564728 -8.2995396 4.5935314e-05
-1.8179331 -8.2997208 4.596114e-05
-1.7782073 -8.2999067 4.5935314e-05
-1.7372402 -8.3000984 4.5883655e-05
-1.6949724 -8.3002968 4.5900542e-05
-1.6513412 -8.3005009 4.5931338e-05
-1.6177273 -8.2978134 4.5931338e-05
-1.5842476 -8.3007355 4.5841389e-05
-1.535845 -8.2990856 4.5841931e-05
-1.4993304 -8.2962666 4.5883655e-05
-1.4617697 -8.3013878 4.5812129e-05
-1.4233305 -8.2985249 4.5692919e-05
-1.3837587 -8.2997131 4.5752524e-05
-1.3432415 -8.3009052 4.5752524e-05
-1.3030581 -8.2999096 4.5716763e-05
-1.2587206 -8.2991276 4.5701861e-05
-1.2295004 -8.3013983 4.5692919e-05
-1.1862473 -8.3003731 4.5663779e-05
-1.1384792 -8.2995682 4.5701861e-05
-1.1069678 -8.3019314 4.5633315e-05
-1.0602794 -8.3008728 4.5650537e-05
-1.0086657 -8.3000431 4.5523047e-05
-0.97458041 -8.2978306 4.5582652e-05
-0.93980539 -8.3002949 4.5514105e-05
-0.9043175 -8.3028116 4.5567751e-05
-0.86809111 -8.3005581 4.5567751e-05
-0.83110547 -8.2982578 4.5463443e-05
-0.79333794 -8.295908 4.5523047e-05
-0.75476766 -8.3034611 4.5388937e-05
-0.71535832 -8.3011169 4.5508146e-05
-0.6750868 -8.2987223 4.5403838e-05
-0.63392568 -8.2962742 4.5403838e-05
-0.59185064 -8.3041687 4.5388937e-05
-0.54881835 -8.3017273 4.5269728e-05
-0.50480324 -8.2992287 4.5344234e-05
-0.4597699 -8.2966747 4.5403838e-05
-0.41368675 -8.2995005 4.5398872e-05
-2.7769501 -8.2597857 4.6463476e-05
-2.7411935 -8.2595024 4.6434729e-05
-2.6998153 -8.2599869 4.642093e-05
-2.6610088 -8.2601662 4.6430265e-05
-2.6198823 -8.2603607 4.6373869e-05
-2.5773106 -8.2600927 4.6359375e-05
-2.5373015 -8.2601233 4.6322424e-05
-2.5011799 -8.2595911 4.629467e-05
-2.4633789 -8.2596903 4.6314795e-05
-2.4175742 -8.2603788 4.6286979e-05
-2.3766711 -8.2600698 4.6274879e-05
-2.3405492 -8.2600183 4.6253204e-05
-2.302527 -8.2609396 4.6253204e-05
-2.2630734 -8.2599659 4.625888e-05
-2.2221045 -8.2599316 4.6256184e-05
-2.1802998 -8.2598705 4.6196736e-05
-2.1360302 -8.2598324 4.6166777e-05
-2.096463 -8.2591753 4.6138579e-05
-2.0574455 -8.2594213 4.6157176e-05
-2.0165381 -8.2613745 4.6104193e-05
-1.9820689 -8.2594128 4.6106485e-05
-1.9390409 -8.259675 4.6117439e-05
-1.8938566 -8.2617321 4.6044588e-05
-1.8573117 -8.2595472 4.6020203e-05
-1.8179102 -8.2609491 4.6044588e-05
-1.7790997 -8.2586832 4.6025623e-05
-1.7372166 -8.2601147 4.5955181e-05
-1.6949484 -8.2596779 4.5996905e-05
-1.6523254 -8.261035 4.6009369e-05
-1.617705 -8.2598324 4.6026707e-05
-1.5821065 -8.2586069 4.5933506e-05
-1.5358219 -8.2599888 4.5931338e-05
-1.4993069 -8.25667 4.5967103e-05
-1.461746 -8.2612782 4.5895576e-05
-1.4233065 -8.2578907 4.5788289e-05
-1.3822528 -8.2606897 4.5835972e-05
-1.3432169 -8.2591763 4.5835972e-05
-1.2999059 -8.2620697 4.5789613e-05
-1.2586979 -8.2605343 4.5776367e-05
-1.2294748 -8.2581177 4.5788289e-05
-1.1828537 -8.2611046 4.5743254e-05
-1.1384556 -8.2594976 4.5776367e-05
-1.106944 -8.2614737 4.5716763e-05
-1.056615 -8.2600651 4.5696896e-05
-1.008644 -8.2630072 4.5582652e-05
-0.97455823 -8.2604218 4.5672059e-05
-0.93978024 -8.2577839 4.5612454e-05
-0.90429211 -8.2598639 4.5657158e-05
-0.86806828 -8.2619877 4.5642257e-05
-0.83108252 -8.2592821 4.555285e-05
-0.79331464 -8.2565212 4.5612454e-05
-0.75474411 -8.2636518 4.5463443e-05
-0.71533453 -8.2608786 4.5612454e-05
-0.67506278 -8.2580433 4.5493245e-05
-0.6339044 -8.2602873 4.5478344e-05
-0.59182608 -8.2625809 4.5478344e-05
-0.54879355 -8.2596693 4.5374036e-05
-0.50477809 -8.2566919 4.543364e-05
-0.45974764 -8.2590227 4.5478344e-05
-0.41366422 -8.2614098 4.5478344e-05
-2.7769268 -8.2199059 4.6544606e-05
-2.7417231 -8.2196693 4.6516008e-05
-2.6999857 -8.219594 4.6503814e-05
-2.66099 -8.2198114 4.6498637e-05
-2.6205356 -8.2205315 4.645528e-05
-2.577287 -8.2202845 4.6441332e-05
-2.5374439 -8.2200804 4.6398491e-05
-2.500699 -8.2198429 4.6377598e-05
-2.4633639 -8.2200356 4.6398243e-05
-2.4190862 -8.2198381 4.6366455e-05
-2.3777385 -8.2195549 4.6358866e-05
-2.34109 -8.2197275 4.6337194e-05
-2.3025033 -8.2208567 4.6327001e-05
-2.2623811 -8.2200956 4.6339632e-05
-2.22139 -8.2202873 4.6324731e-05
-2.1787956 -8.2204876 4.6277048e-05
-2.1344585 -8.2196636 4.6240657e-05
-2.097038 -8.219821 4.6218436e-05
-2.0582678 -8.2199869 4.6240657e-05
-2.0171552 -8.2206659 4.6189016e-05
-1.9827038 -8.2181044 4.61936e-05
-1.9390168 -8.2193613 4.6200221e-05
-1.8938327 -8.2206812 4.6129029e-05
-1.8564256 -8.2196932 4.6099227e-05
-1.8187753 -8.2203636 4.6133995e-05
-1.777243 -8.2194443 4.6096065e-05
-1.7371927 -8.2201319 4.6038629e-05
-1.6959014 -8.2208529 4.607439e-05
-1.6502858 -8.2198973 4.6085228e-05
-1.6176827 -8.2218523 4.6098234e-05
-1.5831409 -8.2181482 4.6014786e-05
-1.5357988 -8.22089 4.6008827e-05
-1.4992836 -8.2170734 4.6050547e-05
-1.4617221 -8.2211695 4.5955181e-05
-1.4232824 -8.2172565 4.5871733e-05
-1.3837123 -8.2214642 4.591942e-05
-1.3431922 -8.2174501 4.5931338e-05
-1.3014469 -8.2217741 4.5859815e-05
-1.2586725 -8.2176533 4.5871733e-05
-1.2294519 -8.2191668 4.5865774e-05
-1.1845143 -8.2192898 4.5830013e-05
-1.1384318 -8.2194281 4.5865774e-05
-1.10692 -8.2210169 4.5800211e-05
-1.0584121 -8.2211695 4.5768917e-05
-1.0086193 -8.2213421 4.5681001e-05
-0.97453618 -8.2230148 4.5731664e-05
-0.93975794 -8.2199965 4.568696e-05
-0.90426677 -8.216917 4.5746565e-05
-0.86804557 -8.2234163 4.5731664e-05
-0.83105946 -8.2203074 4.5627356e-05
-0.79329139 -8.2171345 4.568696e-05
-0.75472063 -8.2238445 4.555285e-05
-0.71531069 -8.2206402 4.568696e-05
-0.6750387 -8.2173653 4.5567751e-05
-0.63388318 -8.2243004 4.555285e-05
-0.59180152 -8.220994 4.5567751e-05
-0.54876876 -8.2176113 4.5448542e-05
-0.50475615 -8.219471 4.5498211e-05
-0.45972544 -8.2213717 4.5567751e-05
-0.41363847 -8.2178764 4.5567751e-05
-2.7769034 -8.1800241 4.6607522e-05
-2.7415125 -8.1798182 4.6593221e-05
-2.7003675 -8.1796751 4.6582449e-05
-2.6609609 -8.1794558 4.6561745e-05
-2.6198382 -8.1801987 4.6532779e-05
-2.5772636 -8.1804743 4.65177e-05
-2.5379145 -8.1800289 4.6474317e-05
-2.5015957 -8.1801052 4.6455341e-05
-2.463511 -8.1797323 4.6453169e-05
-2.4180984 -8.1799078 4.6446406e-05
-2.3771703 -8.179987 4.6434856e-05
-2.3405018 -8.1794405 4.6414989e-05
-2.3030646 -8.1798325 4.6372414e-05
-2.2630265 -8.1802206 4.6414989e-05
-2.2227581 -8.1806536 4.6390294e-05
-2.1802182 -8.1800785 4.6354533e-05
-2.1360195 -8.1805115 4.6315945e-05
-2.0976138 -8.1804981 4.629447e-05
-2.0574021 -8.179492 4.6309673e-05
-2.0164902 -8.1800451 4.6268106e-05
-1.9826803 -8.1785059 4.6268106e-05
-1.9400415 -8.1801901 4.6256711e-05
-1.8938084 -8.1796274 4.6203535e-05
-1.855539 -8.179801 4.6171925e-05
-1.8178622 -8.1798925 4.6208501e-05
-1.7790531 -8.1799736 4.615567e-05
-1.7371693 -8.1801462 4.6114128e-05
-1.6939257 -8.1803389 4.6144833e-05
-1.6512702 -8.1804314 4.6145917e-05
-1.6176578 -8.1800737 4.6173733e-05
-1.5831181 -8.1796961 4.6086312e-05
-1.5357758 -8.1817913 4.6086312e-05
-1.4992602 -8.1774769 4.6122073e-05
-1.4616985 -8.1810598 4.6026707e-05
-1.4232585 -8.1766233 4.5943259e-05
-1.3836882 -8.1802893 4.5996905e-05
-1.3431702 -8.1798954 4.5999885e-05
-1.301422 -8.1794758 4.59373e-05
-1.2586497 -8.1790609 4.594028e-05
-1.2294289 -8.1802139 4.5931338e-05
-1.1844909 -8.1797838 4.5910478e-05
-1.1384082 -8.1793575 4.5943259e-05
-1.1068962 -8.1805592 4.5880675e-05
-1.0583879 -8.1801167 4.5847893e-05
-1.0085946 -8.179677 4.5761466e-05
-0.97451133 -8.1809301 4.5812129e-05
-0.93973565 -8.182209 4.5761466e-05
-0.90424418 -8.1787415 4.580617e-05
-0.86801988 -8.1800251 4.5812129e-05
-0.83103651 -8.1813335 4.5701861e-05
-0.79326808 -8.1777468 4.5761466e-05
-0.75469708 -8.1840363 4.5642257e-05
-0.71528703 -8.1804008 4.5761466e-05
-0.67501467 -8.1766863 4.5642257e-05
-0.63385874 -8.1831722 4.5642257e-05
-0.59177697 -8.1794062 4.5642257e-05
-0.54874706 -8.1808119 4.5518082e-05
-0.50473416 -8.18225 4.5582652e-05
-0.45970005 -8.1783419 4.5642257e-05
-0.41361594 -8.1797848 4.5637291e-05
-2.7768798 -8.1401434 4.6696929e-05
-2.7409418 -8.1399689 4.6669084e-05
-2.6995466 -8.1402302 4.6671823e-05
-2.6610756 -8.1397066 4.6652374e-05
-2.6200395 -8.1398611 4.6612287e-05
-2.5772402 -8.1406651 4.660897e-05
-2.5373964 -8.1400023 4.6564266e-05
-2.5011094 -8.140358 4.6543453e-05
-2.4636791 -8.1393967 4.653732e-05
-2.4182665 -8.1400166 4.6531361e-05
-2.3771491 -8.1404076 4.6524136e-05
-2.3404782 -8.1400814 4.6505815e-05
-2.3024547 -8.1387892 4.6468915e-05
-2.2636743 -8.1403818 4.6485664e-05
-2.2220371 -8.1400204 4.6485948e-05
-2.179466 -8.1396618 4.6446919e-05
-2.1344547 -8.1402884 4.6402216e-05
-2.0963924 -8.1396847 4.6390753e-05
-2.057375 -8.1400528 4.638566e-05
-2.015825 -8.1393929 4.6358658e-05
-1.9826571 -8.1389112 4.6357512e-05
-1.9389706 -8.1409931 4.6322744e-05
-1.8937839 -8.1385736 4.6302874e-05
-1.8563784 -8.139822 4.6268106e-05
-1.8169491 -8.1393805 4.6296555e-05
-1.7771964 -8.1406794 4.623695e-05
-1.7371457 -8.1401625 4.6205521e-05
-1.6958534 -8.1396456 4.6242367e-05
-1.6522542 -8.1410093 4.6242367e-05
-1.6176331 -8.1382961 4.6265126e-05
-1.5830952 -8.1412449 4.6175719e-05
-1.5368454 -8.1407146 4.6171925e-05
-1.4992368 -8.1378803 4.6217443e-05
-1.4616748 -8.1409512 4.6116114e-05
-1.4232368 -8.1400528 4.6029687e-05
-1.3836638 -8.1391153 4.6092271e-05
-1.3431479 -8.1423407 4.607439e-05
-1.3029633 -8.1392612 4.6034653e-05
-1.2586268 -8.1404676 4.6026707e-05
-1.2294059 -8.141263 4.6029687e-05
-1.1844676 -8.1402798 4.6002864e-05
-1.1383842 -8.139287 4.5895576e-05
-1.1068723 -8.1401014 4.5967103e-05
-1.0583637 -8.1390619 4.594028e-05
-1.0085728 -8.1426411 4.5850873e-05
-0.97448647 -8.1388464 4.5910478e-05
-0.9397105 -8.139698 4.5859815e-05
-0.90422148 -8.1405668 4.5850873e-05
-0.86799431 -8.136632 4.5910478e-05
-0.83101344 -8.1423588 4.5791268e-05
-0.79324484 -8.13836 4.5850873e-05
-0.75467366 -8.144228 4.5731664e-05
-0.71526325 -8.1401615 4.5850873e-05
-0.67499065 -8.1360083 4.5746565e-05
-0.63383436 -8.1420441 4.5731664e-05
-0.59175241 -8.1378183 4.5731664e-05
-0.54872537 -8.1440115 4.5612454e-05
-0.50470901 -8.1397123 4.5672059e-05
-0.45967779 -8.1406908 4.573663e-05
-0.41359341 -8.1416931 4.5731664e-05
-2.7768564 -8.1002645 4.6774745e-05
-2.7416594 -8.100585 4.6736972e-05
-2.7003043 -8.0998678 4.6749006e-05
-2.6611772 -8.0999327 4.6731795e-05
-2.6204643 -8.100029 4.6689336e-05
-2.5772166 -8.1008539 4.667975e-05
-2.5373721 -8.0993214 4.664436e-05
-2.5010874 -8.0997496 4.6620768e-05
-2.4629219 -8.0997677 4.6612819e-05
-2.4184484 -8.1001358 4.6586167e-05
-2.3771236 -8.1008291 4.6599478e-05
-2.3404567 -8.0997868 4.658374e-05
-2.3024313 -8.0987062 4.6545552e-05
-2.262979 -8.1004992 4.6542711e-05
-2.2220094 -8.09939 4.6566129e-05
-2.1794493 -8.1002579 4.6522993e-05
-2.1359718 -8.1001616 4.6485347e-05
-2.0969675 -8.1003609 4.6461821e-05
-2.0573471 -8.0995474 4.646778e-05
-2.0164421 -8.0986938 4.6436984e-05
-1.9826339 -8.0993137 4.6436984e-05
-1.9389468 -8.1006804 4.6402216e-05
-1.8945984 -8.0992231 4.6377831e-05
-1.8572177 -8.0998831 4.6350739e-05
-1.8187045 -8.100564 4.6372414e-05
-1.7790066 -8.101264 4.6318226e-05
-1.7371219 -8.1001787 4.6283007e-05
-1.6938777 -8.0990734 4.6296555e-05
-1.6502148 -8.0997849 4.6312809e-05
-1.6176107 -8.1003141 4.634857e-05
-1.5841297 -8.1008596 4.6253204e-05
-1.5357271 -8.0997028 4.6229361e-05
-1.4992135 -8.0982838 4.6288966e-05
-1.4616511 -8.1008406 4.61936e-05
-1.4232153 -8.1034822 4.6098234e-05
-1.3851236 -8.099987 4.6167108e-05
-1.3431231 -8.1006136 4.6110152e-05
-1.2998109 -8.1012602 4.6107503e-05
-1.2586015 -8.0975866 4.6110152e-05
-1.2293829 -8.1023102 4.6098234e-05
-1.1861281 -8.098568 4.6081012e-05
-1.1383605 -8.0992165 4.5931338e-05
-1.1068484 -8.0996447 4.6044588e-05
-1.0601608 -8.1002769 4.6014786e-05
-1.0085483 -8.1009769 4.5931338e-05
-0.97446436 -8.1014385 4.5984983e-05
-0.9396854 -8.097187 4.594028e-05
-0.90419894 -8.1023912 4.5925379e-05
-0.86797148 -8.0980616 4.5984983e-05
-0.83099043 -8.103384 4.5865774e-05
-0.79322159 -8.0989723 4.5925379e-05
-0.75465012 -8.1044188 4.580617e-05
-0.71523941 -8.0999241 4.5925379e-05
-0.67496669 -8.0953293 4.5821071e-05
-0.63381004 -8.1009159 4.580617e-05
-0.59172785 -8.0962315 4.5821071e-05
-0.54870051 -8.1019535 4.568696e-05
-0.50468385 -8.0971727 4.5746565e-05
-0.45965552 -8.1030397 4.580617e-05
-0.41356772 -8.0981598 4.580617e-05
-2.7768328 -8.0603828 4.6854217e-05
-2.7412601 -8.060729 4.6814814e-05
-2.6998913 -8.0594797 4.6806279e-05
-2.6606317 -8.0595846 4.6814188e-05
-2.6199918 -8.0596914 4.6775454e-05
-2.5776341 -8.0604086 4.6749909e-05
-2.5370097 -8.0599108 4.6722093e-05
-2.5010655 -8.0600061 4.6702949e-05
-2.4636319 -8.0601044 4.669229e-05
-2.418608 -8.0602226 4.6662488e-05
-2.3770976 -8.0603323 4.6683395e-05
-2.3404305 -8.0594921 4.6664762e-05
-2.3024075 -8.0586195 4.6627862e-05
-2.2629552 -8.05966 4.6625024e-05
-2.2226868 -8.0597048 4.6640635e-05
-2.17942 -8.060854 4.6595931e-05
-2.1351621 -8.0609703 4.6557503e-05
-2.0975432 -8.0610695 4.6542056e-05
-2.0573268 -8.0590439 4.6521425e-05
-2.0164194 -8.0596504 4.6516459e-05
-1.9826102 -8.0597153 4.6516459e-05
-1.9389229 -8.0603676 4.6485002e-05
-1.8937377 -8.0599022 4.6456855e-05
-1.8563313 -8.0599756 4.6427052e-05
-1.8177913 -8.0600519 4.6427052e-05
-1.7780656 -8.0601292 4.6392281e-05
-1.7380428 -8.058383 4.6366997e-05
-1.6958051 -8.0584373 4.6372414e-05
-1.6511993 -8.0603619 4.6396257e-05
-1.6175883 -8.062335 4.6420097e-05
-1.5830476 -8.0605106 4.6336652e-05
-1.535704 -8.0606031 4.630685e-05
-1.4991901 -8.0586872 4.6372414e-05
-1.4616274 -8.0607328 4.6277048e-05
-1.4231913 -8.0628481 4.6181678e-05
-1.3836178 -8.0609016 4.6247245e-05
-1.3430984 -8.0588856 4.61936e-05
-1.301352 -8.0610447 4.6187641e-05
-1.2585788 -8.0589933 4.61936e-05
-1.2293574 -8.0590305 4.61936e-05
-1.1827343 -8.0590897 4.6160487e-05
-1.1383367 -8.0591459 4.6014786e-05
-1.1068245 -8.0591869 4.6133995e-05
-1.0564965 -8.0592499 4.6107503e-05
-1.0085236 -8.0593119 4.5999885e-05
-0.9744395 -8.0593548 4.607439e-05
-0.93966311 -8.0593987 4.5999885e-05
-0.90417349 -8.0594444 4.6014786e-05
-0.86794877 -8.0594902 4.6059489e-05
-0.83096457 -8.0595379 4.5955181e-05
-0.79319835 -8.0595856 4.5999885e-05
-0.75462657 -8.0646114 4.5880675e-05
-0.71521574 -8.0596848 4.5999885e-05
-0.67494559 -8.0597353 4.5895576e-05
-0.63378572 -8.0597887 4.5880675e-05
-0.59170634 -8.0598421 4.5895576e-05
-0.54867554 -8.0598965 4.5776367e-05
-0.50466186 -8.0599527 4.5835972e-05
-0.45963013 -8.06001 4.5895576e-05
-0.41354537 -8.0600681 4.5895576e-05
-2.776809 -8.020503 4.6941968e-05
-2.7412362 -8.0199757 4.6906207e-05
-2.699872 -8.0200291 4.6894664e-05
-2.6611297 -8.0192337 4.6886067e-05
-2.619966 -8.019845 4.6859681e-05
-2.5771685 -8.0200005 4.6839938e-05
-2.5373256 -8.0204973 4.6800822e-05
-2.5010405 -8.0202608 4.6792131e-05
-2.4628751 -8.020443 4.6779711e-05
-2.4178157 -8.01964 4.6751895e-05
-2.3770757 -8.0198326 4.6732879e-05
-2.3404074 -8.020133 4.6749909e-05
-2.3023839 -8.0185347 4.6713012e-05
-2.2629287 -8.0197954 4.669428e-05
-2.2212718 -8.020154 4.6733021e-05
-2.1801238 -8.0204058 4.6670437e-05
-2.1351314 -8.0207806 4.6655536e-05
-2.0963216 -8.0201941 4.6633759e-05
-2.0573072 -8.0196056 4.6592009e-05
-2.0163963 -8.0206079 4.6600897e-05
-1.982587 -8.0201197 4.6600897e-05
-1.9388989 -8.0200548 4.6574409e-05
-1.8937131 -8.0188494 4.6546262e-05
-1.8554448 -8.0200272 4.6507877e-05
-1.8168782 -8.0194979 4.6513298e-05
-1.7771245 -8.0189514 4.6480785e-05
-1.7361282 -8.0183878 4.6453693e-05
-1.6948065 -8.0196743 4.6455862e-05
-1.6521835 -8.0209846 4.6486206e-05
-1.6175636 -8.0205564 4.651149e-05
-1.5819657 -8.0201149 4.6426601e-05
-1.535681 -8.0215063 4.6390294e-05
-1.4991667 -8.0190907 4.6455862e-05
-1.4616038 -8.0206223 4.6360492e-05
-1.4231672 -8.0222139 4.6277048e-05
-1.3835933 -8.0197287 4.6336652e-05
-1.3430736 -8.0171585 4.6277048e-05
-1.3028933 -8.0208893 4.6273071e-05
-1.258556 -8.0204 4.6277048e-05
-1.2293344 -8.0200787 4.6268106e-05
-1.1860815 -8.0196018 4.6233337e-05
-1.1383131 -8.0190763 4.6098234e-05
-1.1068006 -8.0187292 4.6223402e-05
-1.0601122 -8.0182152 4.6186979e-05
-1.0085016 -8.0222759 4.6089292e-05
-0.97441459 -8.017271 4.6133995e-05
-0.93964076 -8.0216122 4.6089292e-05
-0.90414822 -8.0164976 4.6104193e-05
-0.86792588 -8.0209198 4.6148896e-05
-0.83093858 -8.0156908 4.6044588e-05
-0.7931751 -8.0201979 4.6089292e-05
-0.75460309 -8.0248022 4.5970082e-05
-0.7151916 -8.0194454 4.6014786e-05
-0.67492461 -8.0241423 4.5970082e-05
-0.63376153 -8.0186605 4.5984983e-05
-0.59168488 -8.0234528 4.5970082e-05
-0.54865074 -8.0178394 4.5865774e-05
-0.50463992 -8.0227318 4.5910478e-05
-0.45960474 -8.0169802 4.5984983e-05
-0.41352236 -8.0219774 4.5850873e-05
-2.7770975 -7.9800711 4.7007121e-05
-2.7413943 -7.9796753 4.6982008e-05
-2.700038 -7.9801164 4.696846e-05
-2.6609814 -7.9794579 4.6946785e-05
-2.6203856 -7.9799972 4.6932983e-05
-2.5769987 -7.9795809 4.691608e-05
-2.5377963 -7.9804578 4.6872323e-05
-2.5010149 -7.979651 4.686739e-05
-2.4635849 -7.9808102 4.685521e-05
-2.4187698 -7.9797473 4.6826641e-05
-2.3770545 -7.9802556 4.6805901e-05
-2.3403842 -7.9807763 4.6826543e-05
-2.3030076 -7.9793863 4.6789646e-05
-2.2629077 -7.979928 4.6769779e-05
-2.2219396 -7.9804697 4.6801568e-05
-2.1786532 -7.9800568 4.6747922e-05
-2.1351147 -7.9805908 4.6723766e-05
-2.0974948 -7.9793549 4.6707115e-05
-2.0572801 -7.9801645 4.6670437e-05
-2.0170131 -7.9799628 4.6679608e-05
-1.9825636 -7.9805222 4.6665471e-05
-1.9388752 -7.9797421 4.665057e-05
-1.8928524 -7.9794755 4.6616249e-05
-1.8562841 -7.9801044 4.6556193e-05
-1.8186337 -7.9807634 4.6589157e-05
-1.7789348 -7.9796224 4.6562065e-05
-1.7379956 -7.9784436 4.6518715e-05
-1.693808 -7.9808669 4.6524136e-05
-1.6501441 -7.979671 4.6556645e-05
-1.6175388 -7.9787774 4.6586989e-05
-1.5829998 -7.9797463 4.6473742e-05
-1.5345626 -7.9804158 4.6469948e-05
-1.4991432 -7.9794936 4.6527384e-05
-1.4615799 -7.9805136 4.6437977e-05
-1.4231434 -7.9815798 4.634857e-05
-1.383569 -7.9785538 4.6384335e-05
-1.3430516 -7.9796042 4.6357512e-05
-1.3013047 -7.9806991 4.634857e-05
-1.2585307 -7.977519 4.634857e-05
-1.2293112 -7.9811263 4.634857e-05
-1.1826875 -7.9800396 4.626645e-05
-1.1382895 -7.9790058 4.6178699e-05
-1.1067768 -7.9782724 4.6288966e-05
-1.0582693 -7.9794331 4.6268106e-05
-1.0084772 -7.9806113 4.6169756e-05
-0.97439229 -7.9798632 4.6178699e-05
-0.93961561 -7.9791007 4.6169756e-05
-0.90412563 -7.978322 4.6178699e-05
-0.86790323 -7.9823489 4.6223402e-05
-0.83091569 -7.9767165 4.6119094e-05
-0.7931518 -7.9808111 4.6178699e-05
-0.75457656 -7.9800177 4.6050547e-05
-0.71516764 -7.979207 4.6059489e-05
-0.67490059 -7.9834638 4.6044588e-05
-0.63373721 -7.9775319 4.6059489e-05
-0.59166032 -7.9818649 4.6044588e-05
-0.54862595 -7.9757814 4.594028e-05
-0.50461477 -7.9801936 4.5999885e-05
-0.45958248 -7.9793296 4.6054523e-05
-0.41349661 -7.9784436 4.594028e-05
-2.7767611 -7.939642 4.709429e-05
-2.7413776 -7.9402876 4.7059948e-05
-2.7000201 -7.9397464 4.7057172e-05
-2.6608191 -7.9397106 4.7035079e-05
-2.6199193 -7.9401603 4.7004221e-05
-2.5771208 -7.9391351 4.7007576e-05
-2.5372784 -7.9404187 4.6957284e-05
-2.5014539 -7.9399037 4.6955502e-05
-2.4633701 -7.9404755 4.6930007e-05
-2.4179571 -7.9405398 4.6912966e-05
-2.377573 -7.9397511 4.6895308e-05
-2.3409245 -7.940474 4.6908855e-05
-2.3023376 -7.9402857 4.6854926e-05
-2.263556 -7.9400544 4.6858193e-05
-2.2219183 -7.9398403 4.6854926e-05
-2.179348 -7.9396095 4.6837329e-05
-2.1367602 -7.942215 4.6809513e-05
-2.1001766 -7.9377637 4.6810932e-05
-2.0581019 -7.9407187 4.6752e-05
-2.0163481 -7.9392791 4.676481e-05
-1.98254 -7.9409256 4.6735007e-05
-1.9388515 -7.9394293 4.6736663e-05
-1.8936667 -7.9401512 4.6705205e-05
-1.8571231 -7.940218 4.6616249e-05
-1.8177205 -7.9402089 4.6675403e-05
-1.7770782 -7.940186 4.6643345e-05
-1.7370275 -7.940258 4.6592952e-05
-1.6957356 -7.9403172 4.662167e-05
-1.6521348 -7.9384685 4.6648762e-05
-1.6175168 -7.9407973 4.6682359e-05
-1.5840343 -7.939424 4.6556645e-05
-1.5356325 -7.9393835 4.6557187e-05
-1.4991198 -7.9398971 4.6622754e-05
-1.4615564 -7.9404039 4.6527384e-05
-1.4231193 -7.9409456 4.6432018e-05
-1.3820628 -7.9393716 4.6478377e-05
-1.3430294 -7.9420495 4.6432018e-05
-1.2997159 -7.9404492 4.6432018e-05
-1.258508 -7.9389267 4.6446919e-05
-1.2292856 -7.9378471 4.644394e-05
-1.1860347 -7.9406347 4.6345922e-05
-1.1382658 -7.9389358 4.6265126e-05
-1.1067529 -7.9378142 4.6387315e-05
-1.0564264 -7.9405875 4.6352547e-05
-1.0084525 -7.9389458 4.6268106e-05
-0.97437024 -7.9424553 4.6253204e-05
-0.93959057 -7.9365892 4.6268106e-05
-0.9041031 -7.9401469 4.6268106e-05
-0.86788034 -7.943778 4.6297908e-05
-0.83089256 -7.9377422 4.6208501e-05
-0.79312855 -7.9414239 4.6268106e-05
-0.75455022 -7.9352331 4.6148896e-05
-0.71514398 -7.9389682 4.6148896e-05
-0.67487657 -7.9427853 4.6133995e-05
-0.63371289 -7.9364042 4.6148896e-05
-0.5916357 -7.9402781 4.6148896e-05
-0.54860425 -7.9389815 4.6014786e-05
-0.50458968 -7.9376554 4.6089292e-05
-0.45956022 -7.9416776 4.6133995e-05
-0.41347408 -7.940352 4.6014786e-05
-2.7767382 -7.8997607 4.7173766e-05
-2.7411654 -7.9004374 4.7138001e-05
-2.6999931 -7.8998208 4.7137572e-05
-2.6606655 -7.8999524 4.7114761e-05
-2.619673 -7.9003062 4.7079153e-05
-2.5770977 -7.8993254 4.7085807e-05
-2.5370886 -7.9003797 4.703768e-05
-2.5005105 -7.9001684 4.7033249e-05
-2.4631753 -7.9001718 4.7010184e-05
-2.418313 -7.8999434 4.6993457e-05
-2.3770053 -7.9001908 4.6974135e-05
-2.340337 -7.9001951 4.6994006e-05
-2.3023136 -7.9002018 4.6937239e-05
-2.2628608 -7.9002075 4.6937239e-05
-2.2225919 -7.8992147 4.6938658e-05
-2.180052 -7.8992028 4.6917798e-05
-2.1420298 -7.9006863 4.6872177e-05
-2.1037452 -7.9002218 4.6896308e-05
-2.0563834 -7.900229 4.6839839e-05
-2.016325 -7.9002357 4.6849251e-05
-1.9831754 -7.8997269 4.6817157e-05
-1.9388278 -7.8991165 4.6819448e-05
-1.8944813 -7.9008679 4.6789646e-05
-1.8562368 -7.9002576 4.6700239e-05
-1.8168075 -7.8996158 4.6757134e-05
-1.7788886 -7.9009123 4.6730042e-05
-1.7370039 -7.9002743 4.6670437e-05
-1.6937598 -7.8996005 4.6692112e-05
-1.651104 -7.899035 4.6730042e-05
-1.6174918 -7.8990192 4.6759844e-05
-1.5829519 -7.8990135 4.6640635e-05
-1.5356092 -7.9002852 4.6640635e-05
-1.4990965 -7.9003005 4.669428e-05
-1.4615328 -7.9002943 4.6610832e-05
-1.4230953 -7.9003115 4.6515466e-05
-1.3835226 -7.9003038 4.6551228e-05
-1.3430048 -7.900322 4.6515466e-05
-1.3012573 -7.9003153 4.6521425e-05
-1.2584851 -7.9003334 4.6515466e-05
-1.2292627 -7.8988948 4.6521425e-05
-1.1826408 -7.900991 4.6432018e-05
-1.138242 -7.8988652 4.6342611e-05
-1.1067317 -7.9018526 4.6461821e-05
-1.0600423 -7.8996811 4.6425397e-05
-1.0084306 -7.9019098 4.6342611e-05
-0.97434539 -7.9003716 4.6336652e-05
-0.93956828 -7.8988018 4.6342611e-05
-0.90408057 -7.9019713 4.6342611e-05
-0.86785477 -7.9003859 4.6396257e-05
-0.83086962 -7.8987675 4.6283007e-05
-0.7931053 -7.9020371 4.6342611e-05
-0.75452667 -7.8954253 4.6223402e-05
-0.7151202 -7.8987293 4.6223402e-05
-0.67485249 -7.9021072 4.6223402e-05
-0.63369161 -7.9004173 4.6213467e-05
-0.59161115 -7.8986902 4.6223402e-05
-0.54858255 -7.9021816 4.6104193e-05
-0.50456768 -7.900435 4.6153862e-05
-0.45953482 -7.8986478 4.6223402e-05
-0.41345155 -7.9022608 4.6104193e-05
-2.7767143 -7.8598804 4.7249927e-05
-2.7411397 -7.860136 4.7215006e-05
-2.6997795 -7.8599224 4.7205493e-05
-2.6612968 -7.8601766 4.7189347e-05
-2.6203227 -7.8599844 4.7153088e-05
-2.5770736 -7.8595152 4.7139823e-05
-2.5372312 -7.8603268 4.7115609e-05
-2.5009441 -7.8604188 4.7108402e-05
-2.4629674 -7.8598599 4.7089594e-05
-2.4179087 -7.8593788 4.7050675e-05
-2.3764353 -7.8605957 4.704974e-05
-2.3403134 -7.860837 4.707064e-05
-2.30229 -7.860116 4.7011035e-05
-2.2628367 -7.8593678 4.7016711e-05
-2.2211769 -7.8595629 4.7013164e-05
-2.1785409 -7.8597832 4.6993558e-05
-2.1431561 -7.8607202 4.6959289e-05
-2.1053109 -7.8595047 4.6977402e-05
-2.0572128 -7.8597169 4.6911991e-05
-2.0163021 -7.8611927 4.6869118e-05
-1.9824911 -7.8584437 4.689892e-05
-1.9387995 -7.8599234 4.6891324e-05
-1.89362 -7.8614802 4.6809513e-05
-1.8562121 -7.8585916 4.6779711e-05
-1.818563 -7.8609633 4.6832996e-05
-1.7779471 -7.8597069 4.6779711e-05
-1.7369801 -7.8602896 4.6747922e-05
-1.6956878 -7.8591084 4.6778809e-05
-1.6558335 -7.8642726 4.6806676e-05
-1.6274782 -7.8546042 4.6756533e-05
-1.5829294 -7.8605604 4.671812e-05
-1.5366791 -7.8593144 4.6719204e-05
-1.4990731 -7.8607039 4.6777724e-05
-1.4615089 -7.8601847 4.6652556e-05
-1.4230713 -7.8596773 4.6598911e-05
-1.3849827 -7.8612933 4.6617453e-05
-1.3429801 -7.8585944 4.6598911e-05
-1.3027985 -7.8602405 4.6597586e-05
-1.2584594 -7.8574524 4.6491623e-05
-1.2292397 -7.8599424 4.6598911e-05
-1.1859882 -7.8616681 4.6498244e-05
-1.1382184 -7.8587952 4.6432018e-05
-1.1067078 -7.8613954 4.6527384e-05
-1.0581992 -7.8608346 4.6476722e-05
-1.008406 -7.8602448 4.6420097e-05
-0.97432053 -7.8582878 4.6417117e-05
-0.93954593 -7.8610144 4.6417117e-05
-0.90405804 -7.8637967 4.6417117e-05
-0.86782908 -7.8569937 4.6476722e-05
-0.83084655 -7.8597927 4.6357512e-05
-0.79308158 -7.8626499 4.6297908e-05
-0.75450319 -7.855617 4.6312809e-05
-0.71509635 -7.8584909 4.6297908e-05
-0.67482853 -7.8614283 4.6297908e-05
-0.63367045 -7.8644304 4.6297908e-05
-0.59158659 -7.8571024 4.6297908e-05
-0.5485577 -7.8601236 4.6178699e-05
-0.50454527 -7.8632135 4.6119094e-05
-0.45951262 -7.8609967 4.6292942e-05
-0.4134258 -7.8587275 4.6178699e-05
-2.7766907 -7.8200006 4.7340989e-05
-2.7411182 -7.8198338 4.7307545e-05
-2.6995513 -7.8200092 4.7295591e-05
-2.6602292 -7.8198333 4.7285768e-05
-2.6196222 -7.8201427 4.7244677e-05
-2.5770507 -7.8197055 4.7223642e-05
-2.53737 -7.8202839 4.7206879e-05
-2.5013833 -7.8206987 4.7204288e-05
-2.4638565 -7.8195467 4.7179063e-05
-2.4188492 -7.8194818 4.7133366e-05
-2.37696 -7.8201036 4.7144564e-05
-2.3397226 -7.8205152 4.7166239e-05
-2.3022666 -7.8200312 4.7104699e-05
-2.2621448 -7.8194695 4.710555e-05
-2.2218449 -7.8199286 4.710555e-05
-2.1800053 -7.8204193 4.708469e-05
-2.1419826 -7.8205547 4.7037236e-05
-2.1045127 -7.8198113 4.7064488e-05
-2.0580301 -7.8192468 4.7006106e-05
-2.0156369 -7.8204532 4.6954705e-05
-1.9824677 -7.8188453 4.6988327e-05
-1.9387815 -7.8207297 4.6985017e-05
-1.8935961 -7.8204274 4.689892e-05
-1.8553257 -7.8185759 4.6865505e-05
-1.81765 -7.8203683 4.6928722e-05
-1.7779239 -7.8203378 4.6861172e-05
-1.7369566 -7.8203053 4.6839315e-05
-1.6946888 -7.8202734 4.6861172e-05
-1.6621403 -7.8193107 4.6928722e-05
-1.6287085 -7.8183317 4.6843292e-05
-1.5829067 -7.8221102 4.6801568e-05
-1.535561 -7.8181953 4.6813489e-05
-1.4990498 -7.8211074 4.6861172e-05
-1.4614851 -7.820076 4.6747922e-05
-1.4230473 -7.8190432 4.669428e-05
-1.3834764 -7.8220916 4.6712161e-05
-1.3429554 -7.8168669 4.669428e-05
-1.3012097 -7.8199692 4.6688318e-05
-1.2584367 -7.8188591 4.6566129e-05
-1.2292167 -7.820991 4.6685338e-05
-1.1842782 -7.8198791 4.6598911e-05
-1.1381948 -7.8187251 4.6506524e-05
-1.1066837 -7.8209372 4.6625733e-05
-1.0581751 -7.8197813 4.6575071e-05
-1.0083815 -7.8185802 4.6506524e-05
-0.97429848 -7.8208799 4.6506524e-05
-0.93952364 -7.8232265 4.6506524e-05
-0.90403259 -7.8208494 4.6515466e-05
-0.86780643 -7.8184233 4.6566129e-05
-0.8308236 -7.8208179 4.6446919e-05
-0.79305828 -7.8232622 4.6387315e-05
-0.75447965 -7.8158078 4.6402216e-05
-0.71507269 -7.8182521 4.6387315e-05
-0.67480451 -7.8207498 4.6387315e-05
-0.63364613 -7.8233023 4.6387315e-05
-0.59156513 -7.8207135 4.6392281e-05
-0.54853272 -7.8180661 4.6268106e-05
-0.50452012 -7.8206758 4.6208501e-05
-0.45949036 -7.8233457 4.6387315e-05
-0.41340342 -7.8206363 4.6273071e-05
-2.7766666 -7.7801208 4.7403904e-05
-2.741658 -7.7799897 4.738292e-05
-2.7003207 -7.7800918 4.7370446e-05
-2.6612492 -7.7794914 4.7331348e-05
-2.6198268 -7.7802877 4.7323181e-05
-2.5770271 -7.7798958 4.7300011e-05
-2.5371838 -7.7802405 4.7283247e-05
-2.5008986 -7.7800751 4.7244132e-05
-2.4623663 -7.7798753 4.7256548e-05
-2.41746 -7.7795682 4.72151e-05
-2.3774786 -7.7796421 4.7220426e-05
-2.340266 -7.7802362 4.7240937e-05
-2.302243 -7.7799463 4.7181333e-05
-2.2627895 -7.779624 4.7181333e-05
-2.2225215 -7.7803345 4.7180056e-05
-2.1785352 -7.7799392 4.7159196e-05
-2.1431086 -7.7806292 4.7124347e-05
-2.1037183 -7.7800779 4.7138332e-05
-2.057162 -7.7797871 4.7071113e-05
-2.0162542 -7.7798409 4.7033031e-05
-1.9824448 -7.7792497 4.7062833e-05
-1.9387575 -7.7804184 4.7054556e-05
-1.8935719 -7.7793751 4.6973426e-05
-1.857029 -7.7805557 4.6941368e-05
-1.8167367 -7.7797322 4.700639e-05
-1.7779006 -7.7809691 4.6938658e-05
-1.7369331 -7.7803221 4.6914814e-05
-1.694665 -7.7796555 4.6943624e-05
-1.6621161 -7.778203 4.7004221e-05
-1.628686 -7.7805047 4.6914814e-05
-1.5818245 -7.7816253 4.6876343e-05
-1.535538 -7.7790976 4.6885012e-05
-1.4990263 -7.7815108 4.6944617e-05
-1.4614613 -7.7799668 4.6819448e-05
-1.4230232 -7.7784095 4.6765803e-05
-1.3834523 -7.7809167 4.6795605e-05
-1.3429333 -7.7793131 4.6759844e-05
-1.299621 -7.7796383 4.6763154e-05
-1.258414 -7.7802668 4.6646594e-05
-1.2291938 -7.7820387 4.6765803e-05
-1.1842549 -7.780375 4.6670437e-05
-1.1381712 -7.7786546 4.6586989e-05
-1.10666 -7.7804794 4.6706198e-05
-1.0581508 -7.778728 4.6648085e-05
-1.0083596 -7.7815447 4.658103e-05
-0.97427368 -7.7787962 4.6586989e-05
-0.93949854 -7.780715 4.6586989e-05
-0.90400732 -7.7779021 4.6595931e-05
-0.86778355 -7.7798519 4.6640635e-05
-0.83080053 -7.7818427 4.6521425e-05
-0.79303503 -7.7838755 4.6461821e-05
-0.7544561 -7.776 4.6476722e-05
-0.71504891 -7.7780132 4.6476722e-05
-0.67478049 -7.7800713 4.6461821e-05
-0.63362181 -7.7821741 4.6461821e-05
-0.59154361 -7.7843246 4.6461821e-05
-0.54850793 -7.7760086 4.6357512e-05
-0.50449502 -7.7781382 4.6283007e-05
-0.45946497 -7.7803154 4.6461821e-05
-0.41338098 -7.7825446 4.6342611e-05
-2.7766438 -7.7402396 4.7485035e-05
-2.741071 -7.7401495 4.7459867e-05
-2.6993206 -7.7397113 4.7453424e-05
-2.6607044 -7.7403154 4.741177e-05
-2.6204636 -7.7399759 4.7406978e-05
-2.5770037 -7.7400866 4.7380105e-05
-2.5376546 -7.7402229 4.7370311e-05
-2.5004151 -7.7394242 4.7326088e-05
-2.4638095 -7.7402697 4.7336023e-05
-2.4180388 -7.739677 4.7290327e-05
-2.3769107 -7.7400384 4.7306221e-05
-2.3402445 -7.7399402 4.7320671e-05
-2.3022192 -7.7398615 4.7266483e-05
-2.2627635 -7.7397561 4.7263504e-05
-2.2218003 -7.7396712 4.7266483e-05
-2.1799934 -7.7406297 4.7241385e-05
-2.1425092 -7.7389669 4.7206879e-05
-2.1052773 -7.7394443 4.7228838e-05
-2.0571392 -7.741415 4.7140653e-05
-2.0168712 -7.7392607 4.711518e-05
-1.9824214 -7.7396522 4.7147274e-05
-1.9397821 -7.7413015 4.7105201e-05
-1.8935475 -7.7383213 4.7057867e-05
-1.8561424 -7.7405396 4.7028065e-05
-1.8184922 -7.7411633 4.7076832e-05
-1.7769595 -7.7396941 4.7017227e-05
-1.7369094 -7.7403378 4.6998262e-05
-1.6946409 -7.7390356 4.7028065e-05
-1.6620938 -7.7408323 4.6956538e-05
-1.6276386 -7.7406631 4.6990135e-05
-1.5839161 -7.7395492 4.6973877e-05
-1.5355146 -7.7399988 4.6962501e-05
-1.4990025 -7.7419143 4.6873094e-05
-1.4614379 -7.7398577 4.6908855e-05
-1.4229994 -7.7377753 4.6849251e-05
-1.3834279 -7.7397432 4.6879053e-05
-1.3429111 -7.7417579 4.6837329e-05
-1.3027285 -7.741869 4.6822759e-05
-1.2583886 -7.7373857 4.6730042e-05
-1.2291682 -7.7387581 4.6849251e-05
-1.1842315 -7.7408705 4.6759844e-05
-1.1381474 -7.7385845 4.6670437e-05
-1.1066358 -7.7400227 4.6730042e-05
-1.0563077 -7.7397723 4.672342e-05
-1.0083349 -7.7398796 4.6670437e-05
-0.97424877 -7.7367125 4.6685338e-05
-0.93947339 -7.7382045 4.6685338e-05
-0.90398473 -7.739727 4.6670437e-05
-0.86776072 -7.7412815 4.6685338e-05
-0.83077753 -7.7428684 4.6595931e-05
-0.79301178 -7.7444882 4.6536326e-05
-0.75443268 -7.7361913 4.6566129e-05
-0.71502507 -7.7377748 4.6566129e-05
-0.67475641 -7.7393932 4.6551228e-05
-0.63359749 -7.7410464 4.6536326e-05
-0.59151906 -7.7427368 4.6536326e-05
-0.54848623 -7.7392087 4.6432018e-05
-0.50447303 -7.7409167 4.6372414e-05
-0.45943952 -7.7372856 4.6566129e-05
-0.41335523 -7.7390118 4.6432018e-05
-2.776953 -7.7009425 4.7571317e-05
-2.7410464 -7.6993966 4.7528745e-05
-2.7000923 -7.7002859 4.7538339e-05
-2.6606803 -7.6999612 4.7498281e-05
-2.6197772 -7.7001219 4.7467649e-05
-2.5771289 -7.6996665 4.7470585e-05
-2.5371368 -7.7001629 4.7452748e-05
-2.5013316 -7.7006321 4.7407368e-05
-2.462522 -7.6998906 4.7399153e-05
-2.4186044 -7.6998181 4.7379526e-05
-2.3768876 -7.7013817 4.7385693e-05
-2.3407824 -7.6987681 4.7407368e-05
-2.3021953 -7.6997776 4.7351634e-05
-2.2634141 -7.7009301 4.7346948e-05
-2.2210815 -7.6989698 4.7349931e-05
-2.1792099 -7.7001662 4.7320413e-05
-2.1424856 -7.6989121 4.729132e-05
-2.1044426 -7.7007523 4.7306221e-05
-2.0571144 -7.6998434 4.7232425e-05
-2.016206 -7.6985116 4.7201913e-05
-1.9823977 -7.7000556 4.7226746e-05
-1.9387116 -7.7020493 4.7187012e-05
-1.8926865 -7.698854 4.7147274e-05
-1.8561178 -7.6988735 4.7112506e-05
-1.8175792 -7.7005272 4.7167141e-05
-1.7787697 -7.7005596 4.7114761e-05
-1.7368857 -7.7003546 4.708171e-05
-1.6936418 -7.7001286 4.7109344e-05
-1.6620697 -7.6997256 4.7047932e-05
-1.6296623 -7.6993012 4.7082252e-05
-1.5828339 -7.6990638 4.7051908e-05
-1.5354917 -7.700901 4.7051908e-05
-1.4989791 -7.7023177 4.6932699e-05
-1.4614141 -7.699749 4.6992303e-05
-1.4229753 -7.6971412 4.6932699e-05
-1.3834035 -7.6985693 4.6962501e-05
-1.3428866 -7.7000303 4.6932699e-05
-1.3011396 -7.7015371 4.6902896e-05
-1.2583659 -7.698792 4.6819448e-05
-1.2291452 -7.6998072 4.6938658e-05
-1.1842083 -7.7013664 4.683435e-05
-1.1381238 -7.698514 4.6753885e-05
-1.1066116 -7.6995649 4.6753885e-05
-1.0599236 -7.6990848 4.6816138e-05
-1.0083104 -7.6982145 4.6759844e-05
-0.97422665 -7.6993046 4.6759844e-05
-0.9394511 -7.7004166 4.6759844e-05
-0.90396219 -7.7015519 4.6744943e-05
-0.86773753 -7.7027106 4.6685338e-05
-0.83075452 -7.7038937 4.6685338e-05
-0.79298556 -7.7001777 4.6634676e-05
-0.75440913 -7.696383 4.6640635e-05
-0.71500134 -7.697536 4.6640635e-05
-0.67473239 -7.6987138 4.6640635e-05
-0.63357329 -7.6999183 4.6640635e-05
-0.59149402 -7.701149 4.6521425e-05
-0.54846454 -7.7024078 4.6506524e-05
-0.50445104 -7.7036958 4.6446919e-05
-0.45941734 -7.6996346 4.6630699e-05
-0.4133327 -7.7009201 4.651149e-05
-2.7765973 -7.6615939 4.7645633e-05
-2.7410228 -7.658639 4.7604244e-05
-2.699657 -7.6603603 4.7600268e-05
-2.6606565 -7.6596055 4.757382e-05
-2.6197543 -7.6612501 4.7542155e-05
-2.5773966 -7.6586504 4.7548252e-05
-2.5371127 -7.6594853 4.7523528e-05
-2.500828 -7.6608429 4.748255e-05
-2.4635956 -7.6603174 4.7472018e-05
-2.4173892 -7.6605082 4.7455575e-05
-2.3768632 -7.6599612 4.7462683e-05
-2.3401942 -7.6584239 4.7487873e-05
-2.3021719 -7.6596918 4.7428268e-05
-2.2627199 -7.6610069 4.7422589e-05
-2.2224844 -7.6604662 4.7423338e-05
-2.1791868 -7.6607633 4.7365826e-05
-2.1424618 -7.6588564 4.7368663e-05
-2.1044185 -7.6600213 4.7345955e-05
-2.0570898 -7.6582727 4.7306221e-05
-2.0161827 -7.6594691 4.7276419e-05
-1.9823742 -7.660459 4.7256548e-05
-1.9386872 -7.6617365 4.7266483e-05
-1.8943397 -7.6614728 4.7212296e-05
-1.8552315 -7.6588039 4.7185204e-05
-1.8175539 -7.6582313 4.7246616e-05
-1.7778287 -7.6592841 4.7187012e-05
-1.7368621 -7.6603713 4.7157209e-05
-1.6955699 -7.659781 4.7174366e-05
-1.6620452 -7.658618 4.7135352e-05
-1.6286147 -7.6594591 4.7159196e-05
-1.5828114 -7.6606126 4.7123431e-05
-1.5354685 -7.6618032 4.7123431e-05
-1.4989557 -7.6627212 4.7004221e-05
-1.4627988 -7.6618414 4.7067802e-05
-1.4229513 -7.656507 4.7016143e-05
-1.3833793 -7.6573954 4.7045945e-05
-1.3428618 -7.6583033 4.7016143e-05
-1.3011147 -7.6592393 4.6974419e-05
-1.2583431 -7.6601992 4.6885012e-05
-1.2291222 -7.6608543 4.7004221e-05
-1.1841848 -7.6618624 4.6914814e-05
-1.1381001 -7.6584435 4.683435e-05
-1.1065878 -7.6591082 4.683435e-05
-1.0580807 -7.6601291 4.6893954e-05
-1.0082885 -7.6611786 4.683435e-05
-0.9742046 -7.6618962 4.683435e-05
-0.93942881 -7.6626291 4.6819448e-05
-0.90393966 -7.6633768 4.6819448e-05
-0.8677119 -7.6593184 4.6765803e-05
-0.83072853 -7.6600471 4.6765803e-05
-0.79295945 -7.6558676 4.671514e-05
-0.75438565 -7.6565747 4.671514e-05
-0.71497762 -7.6572971 4.671514e-05
-0.67470843 -7.6580358 4.671514e-05
-0.63354897 -7.6587901 4.671514e-05
-0.59146947 -7.6595621 4.6595931e-05
-0.54843974 -7.6603508 4.6595931e-05
-0.50442588 -7.6611576 4.6536326e-05
-0.45939511 -7.6619835 4.671514e-05
-0.41331017 -7.6628284 4.658103e-05
-2.7765734 -7.6217151 4.7728419e-05
-2.7410002 -7.6201506 4.7691166e-05
-2.6990423 -7.6194558 4.7667083e-05
-2.6606326 -7.6192493 4.7660535e-05
-2.6197298 -7.6199465 4.7630732e-05
-2.5769315 -7.6181836 4.7639012e-05
-2.5370884 -7.6188045 4.7594309e-05
-2.5008037 -7.6193709 4.7574442e-05
-2.4630053 -7.6199603 4.7557056e-05
-2.4185236 -7.620039 4.7522208e-05
-2.3768387 -7.6185427 4.7561669e-05
-2.3401706 -7.6190658 4.7581536e-05
-2.3021481 -7.619607 4.7521931e-05
-2.2626956 -7.6201687 4.7510577e-05
-2.22173 -7.6207514 4.7499227e-05
-2.179163 -7.6213584 4.7445297e-05
-2.1424382 -7.6187997 4.7455233e-05
-2.1043947 -7.6192889 4.7435362e-05
-2.0570672 -7.6198983 4.7395628e-05
-2.01616 -7.6204267 4.7365826e-05
-1.9823509 -7.6208611 4.7336023e-05
-1.9386637 -7.6214237 4.7345955e-05
-1.8934788 -7.6220055 4.7296286e-05
-1.8569344 -7.6208911 4.72719e-05
-1.8175312 -7.6194587 4.733801e-05
-1.7778057 -7.619915 4.7278405e-05
-1.7368386 -7.6203871 4.7248603e-05
-1.6945709 -7.6208735 4.72188e-05
-1.6620232 -7.6212478 4.72188e-05
-1.6285923 -7.6216331 4.7248603e-05
-1.5827886 -7.6221604 4.72188e-05
-1.5354455 -7.622705 4.7177076e-05
-1.4989322 -7.6231246 4.7087669e-05
-1.461369 -7.6235571 4.7147274e-05
-1.4229298 -7.6199369 4.7102571e-05
-1.3833573 -7.6203384 4.7110021e-05
-1.3428397 -7.6207495 4.7102571e-05
-1.299526 -7.6188278 4.7081048e-05
-1.2583177 -7.6173182 4.6992303e-05
-1.2290967 -7.6175742 4.7111513e-05
-1.1841589 -7.6179695 4.7004221e-05
-1.1380765 -7.6183729 4.6920777e-05
-1.1065638 -7.6186509 4.6920777e-05
-1.0580564 -7.6190767 4.6980382e-05
-1.0082638 -7.6195135 4.6920777e-05
-0.97417974 -7.619812 4.6908855e-05
-0.93940371 -7.6201181 4.6908855e-05
-0.90391427 -7.62043 4.6908855e-05
-0.86768627 -7.6159263 4.6864152e-05
-0.83070278 -7.6162004 4.6864152e-05
-0.79293621 -7.6164804 4.6804547e-05
-0.75436211 -7.6167665 4.6804547e-05
-0.71495378 -7.6170588 4.6804547e-05
-0.67468441 -7.6173573 4.6804547e-05
-0.63352466 -7.6176624 4.6804547e-05
-0.59144491 -7.6179743 4.6685338e-05
-0.54841483 -7.6182928 4.6685338e-05
-0.50440079 -7.6186199 4.6625733e-05
-0.45936966 -7.6189537 4.6804547e-05
-0.41328442 -7.6192951 4.6685338e-05
-2.7765498 -7.5818329 4.7814516e-05
-2.740977 -7.5816603 4.7759215e-05
-2.7002146 -7.5801291 4.7748996e-05
-2.6606092 -7.5788951 4.774332e-05
-2.6197052 -7.578639 4.7707559e-05
-2.5769079 -7.5783734 4.7713518e-05
-2.5370648 -7.5781245 4.7668815e-05
-2.5007808 -7.5804901 4.7649657e-05
-2.4629819 -7.5803061 4.7634756e-05
-2.4179401 -7.5800867 4.7590052e-05
-2.376816 -7.5798855 4.7629786e-05
-2.3401475 -7.5797076 4.7649657e-05
-2.3021243 -7.5795221 4.759289e-05
-2.2626712 -7.5793304 4.7598565e-05
-2.2217052 -7.5791311 4.7558831e-05
-2.1791384 -7.5789237 4.7538961e-05
-2.1424146 -7.5787439 4.7538961e-05
-2.1043723 -7.5816922 4.7488345e-05
-2.0570445 -7.5815258 4.74751e-05
-2.0161364 -7.5813828 4.7430396e-05
-1.9823278 -7.5812631 4.7415495e-05
-1.9386398 -7.5811105 4.7435362e-05
-1.8934544 -7.5809531 4.7385693e-05
-1.8560481 -7.5808215 4.735589e-05
-1.8175082 -7.5806861 4.7415495e-05
-1.7777821 -7.5805469 4.735589e-05
-1.736815 -7.5804029 4.7326088e-05
-1.6945471 -7.5802541 4.7296286e-05
-1.6619989 -7.5801406 4.7296286e-05
-1.6285677 -7.5800233 4.7326088e-05
-1.5827637 -7.5798631 4.7296286e-05
-1.5354199 -7.5796971 4.7266483e-05
-1.498909 -7.583528 4.7171117e-05
-1.4613454 -7.5834479 4.7230722e-05
-1.4229081 -7.5833664 4.7171117e-05
-1.3833354 -7.5832815 4.7171117e-05
-1.3428174 -7.5831938 4.7171117e-05
-1.3026335 -7.5812192 4.7140653e-05
-1.2582949 -7.5787253 4.7057867e-05
-1.2290735 -7.5786228 4.7177076e-05
-1.1841356 -7.578465 4.7057867e-05
-1.1380527 -7.5783033 4.6998262e-05
-1.10654 -7.5781932 4.6998262e-05
-1.0580322 -7.578023 4.7057867e-05
-1.0082393 -7.5778484 4.6998262e-05
-0.97415483 -7.5777287 4.6998262e-05
-0.93937832 -7.5776072 4.6938658e-05
-0.90388888 -7.5774827 4.6998262e-05
-0.86766356 -7.5773554 4.6938658e-05
-0.83067966 -7.5772257 4.6938658e-05
-0.7929129 -7.5770931 4.6879053e-05
-0.75433856 -7.5769582 4.6879053e-05
-0.71493006 -7.5768199 4.6879053e-05
-0.67466009 -7.5766792 4.6819448e-05
-0.63350034 -7.5765343 4.6879053e-05
-0.59142035 -7.5763865 4.6759844e-05
-0.54838991 -7.5762362 4.6759844e-05
-0.50437564 -7.5760813 4.6700239e-05
-0.4593474 -7.5813026 4.6869118e-05
-0.41326189 -7.5812035 4.6749909e-05
-2.7768385 -7.541368 4.7891528e-05
-2.7409532 -7.540906 4.7836038e-05
-2.6995859 -7.5396886 4.7828093e-05
-2.6609879 -7.5402813 4.781918e-05
-2.6196823 -7.5397654 4.7776102e-05
-2.5768845 -7.5385633 4.7791749e-05
-2.5375662 -7.5393066 4.7747431e-05
-2.5007575 -7.5416093 4.7693651e-05
-2.4629583 -7.5406528 4.7713518e-05
-2.4184763 -7.5401397 4.7674101e-05
-2.3767931 -7.5412283 4.7706424e-05
-2.3401241 -7.54035 4.7714937e-05
-2.3021011 -7.5394373 4.7666686e-05
-2.2626469 -7.5384912 4.7683716e-05
-2.2224126 -7.5394101 4.7639798e-05
-2.1791148 -7.5395184 4.7614176e-05
-2.142391 -7.5386887 4.7614176e-05
-2.1043479 -7.5409603 4.7547477e-05
-2.0570199 -7.5399547 4.755599e-05
-2.0161133 -7.5423388 4.7485035e-05
-1.9823042 -7.5416675 4.7485035e-05
-1.938616 -7.5407996 4.7508212e-05
-1.8934301 -7.5398998 4.7435362e-05
-1.8560234 -7.5391555 4.7440331e-05
-1.8174833 -7.5383892 4.7504902e-05
-1.777759 -7.5411782 4.7433376e-05
-1.7367913 -7.5404191 4.7385693e-05
-1.6945229 -7.5396361 4.7373771e-05
-1.6619745 -7.5390334 4.7373771e-05
-1.6285429 -7.5384154 4.7403573e-05
-1.5827386 -7.5375662 4.7367812e-05
-1.5353945 -7.5366898 4.735589e-05
-1.4988832 -7.5399718 4.7256548e-05
-1.4613217 -7.5433397 4.7302245e-05
-1.4228842 -7.5427322 4.7254562e-05
-1.383311 -7.5421057 4.7254562e-05
-1.3427929 -7.5414672 4.7254562e-05
-1.3010447 -7.5408072 4.7224759e-05
-1.2582721 -7.540132 4.7135352e-05
-1.2290506 -7.5396705 4.7254562e-05
-1.1841122 -7.5389609 4.7147274e-05
-1.1380291 -7.5382333 4.7087669e-05
-1.1065187 -7.5422306 4.7072768e-05
-1.0580106 -7.5415311 4.7132373e-05
-1.0082175 -7.540813 4.7072768e-05
-0.97413278 -7.5403204 4.7072768e-05
-0.93935603 -7.5398192 4.7013164e-05
-0.90386641 -7.5393071 4.7072768e-05
-0.86764073 -7.538785 4.7013164e-05
-0.83065671 -7.5382509 4.7013164e-05
-0.79288965 -7.5377064 4.6953559e-05
-0.75431508 -7.5371499 4.696846e-05
-0.71490633 -7.536581 4.696846e-05
-0.67463583 -7.5359998 4.6864152e-05
-0.63347918 -7.5405469 4.696846e-05
-0.59139889 -7.5399976 4.6849251e-05
-0.54836822 -7.5394359 4.6849251e-05
-0.5043537 -7.5388608 4.6789646e-05
-0.45932519 -7.5436516 4.6953559e-05
-0.4132396 -7.5431123 4.683435e-05
-2.7766075 -7.5004106 4.7983351e-05
-2.7409289 -7.5001512 4.7930083e-05
-2.6999738 -7.4997549 4.790178e-05
-2.660183 -7.5 4.7913618e-05
-2.6201103 -7.5003839 4.7865436e-05
-2.5768609 -7.4987531 4.7877431e-05
-2.5365283 -7.5012574 4.7835612e-05
-2.5007329 -7.5001369 4.7783058e-05
-2.4636679 -7.4996295 4.7808884e-05
-2.4172943 -7.4996586 4.7759764e-05
-2.3772924 -7.5006795 4.7805515e-05
-2.3401008 -7.5009909 4.7780217e-05
-2.3020771 -7.4993525 4.776035e-05
-2.2632952 -7.4985609 4.7749279e-05
-2.2209649 -7.5009184 4.7719477e-05
-2.1790917 -7.5001149 4.7700745e-05
-2.1429431 -7.5000815 4.7669961e-05
-2.1043241 -7.5002308 4.7643978e-05
-2.0569956 -7.4983845 4.7637357e-05
-2.0160887 -7.5000424 4.7581536e-05
-1.9822809 -7.5020709 4.7584374e-05
-1.9385923 -7.5004859 4.7604244e-05
-1.8934059 -7.4988465 4.7524769e-05
-1.8568625 -7.4991045 4.7521156e-05
-1.8174604 -7.4996171 4.7582387e-05
-1.7777357 -7.5018086 4.7524769e-05
-1.7367674 -7.5004354 4.7465164e-05
-1.694499 -7.4990177 4.7465164e-05
-1.6619526 -7.5016632 4.7457219e-05
-1.6285207 -7.5005884 4.749298e-05
-1.5827157 -7.499114 4.7409536e-05
-1.5353714 -7.497592 4.7439338e-05
-1.4988575 -7.4964156 4.7349931e-05
-1.4612982 -7.5032287 4.7397614e-05
-1.4228599 -7.5020981 4.7302245e-05
-1.3832867 -7.5009322 4.7343969e-05
-1.3427682 -7.4997396 4.7349931e-05
-1.3010198 -7.4985099 4.7320129e-05
-1.2582468 -7.497251 4.7230722e-05
-1.2290275 -7.5007186 4.7340989e-05
-1.1840888 -7.4994569 4.722178e-05
-1.1380055 -7.4981632 4.7162175e-05
-1.1064948 -7.5017729 4.7171117e-05
-1.0579865 -7.5004778 4.7230722e-05
-1.0081928 -7.4991479 4.7171117e-05
-0.97411072 -7.5029135 4.7162175e-05
-0.93933368 -7.5020313 4.7102571e-05
-0.90384382 -7.5011325 4.7162175e-05
-0.86761796 -7.5002136 4.7102571e-05
-0.83063364 -7.4992766 4.7102571e-05
-0.79286635 -7.4983196 4.7057867e-05
-0.75429159 -7.4973416 4.7057867e-05
-0.71488249 -7.4963427 4.7057867e-05
-0.67461181 -7.4953218 4.6938658e-05
-0.6334579 -7.5045605 4.7042966e-05
-0.59137738 -7.5036087 4.6923757e-05
-0.54834652 -7.502635 4.6923757e-05
-0.50433171 -7.5016398 4.6864152e-05
-0.4592998 -7.5006213 4.7042966e-05
-0.41321385 -7.499579 4.6923757e-05
-2.7764783 -7.4599881 4.8028098e-05
-2.7412736 -7.4598408 4.8004767e-05
-2.6991558 -7.4603405 4.7980386e-05
-2.6605387 -7.4602013 4.7987327e-05
-2.6198597 -7.4600759 4.794768e-05
-2.5768375 -7.4589429 4.7944486e-05
-2.5369956 -7.4611697 4.7910959e-05
-2.5011699 -7.4594898 4.7857346e-05
-2.462177 -7.4600673 4.7856571e-05
-2.418463 -7.4603591 4.7837864e-05
-2.3761981 -7.4593663 4.7876078e-05
-2.3406413 -7.4606519 4.7857113e-05
-2.3020535 -7.4592676 4.7836984e-05
-2.2625978 -7.4597435 4.7820806e-05
-2.2216351 -7.4602118 4.779725e-05
-2.1798277 -7.4596453 4.7774691e-05
-2.1417696 -7.4602079 4.7720394e-05
-2.1050749 -7.4604888 4.7719477e-05
-2.0569727 -7.460011 4.7680405e-05
-2.0160635 -7.4577451 4.7663849e-05
-1.9822572 -7.4624729 4.7653913e-05
-1.9385684 -7.4601722 4.7667159e-05
-1.8933816 -7.4577937 4.7604244e-05
-1.8551147 -7.461153 4.7597019e-05
-1.8174375 -7.4608455 4.7653913e-05
-1.7777104 -7.4588618 4.7594309e-05
-1.7367442 -7.4604516 4.7540663e-05
-1.6944748 -7.4583993 4.7540663e-05
-1.6619283 -7.460556 4.7534704e-05
-1.6295213 -7.4607539 4.7575344e-05
-1.5826931 -7.4606619 4.7481059e-05
-1.5353483 -7.4584932 4.7510861e-05
-1.4988343 -7.4568191 4.7421454e-05
-1.4612744 -7.4631205 4.7481059e-05
-1.4228359 -7.4614639 4.7361849e-05
-1.3832624 -7.4597578 4.7421454e-05
-1.3427435 -7.4580126 4.7421454e-05
-1.3009973 -7.4604425 4.7393143e-05
-1.258224 -7.4586582 4.7311187e-05
-1.2290043 -7.4617667 4.7361849e-05
-1.1840656 -7.4599533 4.7302245e-05
-1.1379818 -7.4580927 4.724264e-05
-1.1064709 -7.4613161 4.7236681e-05
-1.0579622 -7.4594245 4.7303736e-05
-1.0081679 -7.4574823 4.7191978e-05
-0.97408581 -7.4608293 4.724264e-05
-0.93930852 -7.4595199 4.7183035e-05
-0.90382129 -7.4629569 4.7236681e-05
-0.8675952 -7.4616432 4.7177076e-05
-0.83061069 -7.4603024 4.7177076e-05
-0.79284316 -7.4589319 4.7132373e-05
-0.75426811 -7.4575334 4.7132373e-05
-0.71485877 -7.4561033 4.7132373e-05
-0.67459083 -7.4597282 4.7008198e-05
-0.63343358 -7.4634328 4.7117472e-05
-0.59135282 -7.4620209 4.6998262e-05
-0.54832172 -7.460578 4.6998262e-05
-0.50430661 -7.4591017 4.6953559e-05
-0.45927435 -7.4575915 4.7132373e-05
-0.41319132 -7.4614873 4.7008198e-05
-2.7764544 -7.4201074 4.8099293e-05
-2.7410641 -7.4200091 4.8088757e-05
-2.7001076 -7.4199452 4.8066293e-05
-2.6608965 -7.4204311 4.8054968e-05
-2.619386 -7.4197536 4.8028262e-05
-2.5768139 -7.4191346 4.8028305e-05
-2.5369713 -7.4204898 4.7987327e-05
-2.500684 -7.4197946 4.7942867e-05
-2.4634216 -7.4196944 4.7941361e-05
-2.4178505 -7.420496 4.7920148e-05
-2.3767216 -7.4197345 4.7961872e-05
-2.3400528 -7.4204116 4.7944843e-05
-2.3020298 -7.4191828 4.7922134e-05
-2.261909 -7.420886 4.7904254e-05
-2.2223084 -7.4195418 4.788041e-05
-2.1783228 -7.4203482 4.7850608e-05
-2.1428952 -7.4199915 4.7802925e-05
-2.1034613 -7.4198699 4.7802925e-05
-2.0577946 -7.4205284 4.7765279e-05
-2.0160403 -7.4187026 4.7748286e-05
-1.9828923 -7.4211512 4.7747904e-05
-1.9385446 -7.4198599 4.774332e-05
-1.8941959 -7.4183593 4.7689133e-05
-1.8559538 -7.421103 4.7683716e-05
-1.8174125 -7.4185481 4.774332e-05
-1.7776871 -7.4194932 4.763007e-05
-1.7367204 -7.4204674 4.7624111e-05
-1.695428 -7.4195285 4.7618694e-05
-1.6619041 -7.4194489 4.7636033e-05
-1.6274486 -7.4193769 4.7624111e-05
-1.5826703 -7.4222107 4.7552585e-05
-1.5353252 -7.419394 4.7600268e-05
-1.4988108 -7.4172225 4.7516824e-05
-1.4612507 -7.4230108 4.7552585e-05
-1.4228119 -7.4208298 4.7445297e-05
-1.3832381 -7.4185839 4.7510861e-05
-1.3427215 -7.4204578 4.7504902e-05
-1.3009748 -7.4223757 4.7469141e-05
-1.2582012 -7.4200654 4.7385693e-05
-1.2289788 -7.4184866 4.7445297e-05
-1.1840422 -7.4204488 4.7385693e-05
-1.137958 -7.4180226 4.7340989e-05
-1.106447 -7.4208589 4.7326088e-05
-1.0597593 -7.4205017 4.7379071e-05
-1.0081459 -7.4204469 4.7206879e-05
-0.97406095 -7.4187455 4.7340989e-05
-0.93928349 -7.4170094 4.7281384e-05
-0.90379602 -7.4200096 4.7326088e-05
-0.86757237 -7.4230723 4.7251582e-05
-0.83058763 -7.4213276 4.7251582e-05
-0.79281986 -7.4195447 4.722178e-05
-0.75424439 -7.4177246 4.7177076e-05
-0.71483505 -7.4158649 4.722178e-05
-0.67456979 -7.4241343 4.7072768e-05
-0.63340926 -7.4223042 4.7191978e-05
-0.59132826 -7.4204335 4.7087669e-05
-0.54829693 -7.4185205 4.7102571e-05
-0.50428146 -7.416563 4.7042966e-05
-0.45925212 -7.4199405 4.7206879e-05
-0.41316879 -7.4233961 4.7072768e-05
-2.7719295 -7.3922172 4.8165519e-05
-2.7392056 -7.3820896 4.8149854e-05
-2.6992919 -7.3800387 4.8148078e-05
-2.6600866 -7.380096 4.8138878e-05
-2.619132 -7.3798909 4.8112579e-05
-2.5767899 -7.3793235 4.8112124e-05
-2.5369475 -7.3798094 4.8050657e-05
-2.5002027 -7.3800697 4.8025795e-05
-2.4628589 -7.3794017 4.8021477e-05
-2.4178171 -7.379921 4.8007569e-05
-2.3772426 -7.3801346 4.8030506e-05
-2.3400316 -7.380116 4.8022379e-05
-2.3020062 -7.3790975 4.8007285e-05
-2.2625539 -7.3809705 4.7987414e-05
-2.2215848 -7.3799543 4.7969817e-05
-2.179745 -7.3798547 4.7901274e-05
-2.1417222 -7.380074 4.789004e-05
-2.1050649 -7.3800979 4.7887628e-05
-2.0569296 -7.3800821 4.7846843e-05
-2.0160172 -7.3796601 4.7827762e-05
-1.9822091 -7.3799901 4.7827762e-05
-1.9385207 -7.3795471 4.7822792e-05
-1.8924989 -7.3809123 4.7764996e-05
-1.855929 -7.3794379 4.7773123e-05
-1.8173897 -7.379776 4.7826768e-05
-1.7776637 -7.380125 4.7708552e-05
-1.7366966 -7.3804841 4.7707559e-05
-1.6934524 -7.3791075 4.7710808e-05
-1.661882 -7.3820786 4.7707559e-05
-1.6284492 -7.3795433 4.7677757e-05
-1.5837047 -7.3817477 4.7645786e-05
-1.535302 -7.3802962 4.7677757e-05
-1.4987874 -7.3776259 4.758835e-05
-1.4612269 -7.3829017 4.7600268e-05
-1.4227879 -7.3801956 4.7528745e-05
-1.3846978 -7.3793521 4.7590998e-05
-1.3426992 -7.3829031 4.758835e-05
-1.3009498 -7.3800783 4.7552585e-05
-1.2581761 -7.3771844 4.7469141e-05
-1.2289557 -7.3795352 4.7534704e-05
-1.1840189 -7.3809447 4.7469141e-05
-1.1379344 -7.3779526 4.7409536e-05
-1.1064231 -7.3804011 4.7415495e-05
-1.0560951 -7.3797479 4.7471789e-05
-1.0081213 -7.3787818 4.7290327e-05
-0.9740389 -7.3813376 4.7415495e-05
-0.9392612 -7.3792219 4.735589e-05
-0.90377057 -7.3770628 4.7415495e-05
-0.86754686 -7.3796797 4.7349931e-05
-0.83056462 -7.3823524 4.7340989e-05
-0.79279661 -7.3801575 4.7296286e-05
-0.75422078 -7.3779163 4.7236681e-05
-0.71481121 -7.3756261 4.7296286e-05
-0.67454576 -7.3834553 4.7162175e-05
-0.633385 -7.381176 4.7296286e-05
-0.59130371 -7.3788462 4.7177076e-05
-0.54827201 -7.3764629 4.7177076e-05
-0.50425953 -7.3793426 4.7107536e-05
-0.45922953 -7.3822889 4.7206879e-05
-0.41314304 -7.3798628 4.7177076e-05
-2.7273524 -7.35638 4.818042e-05
-2.6959658 -7.3453565 4.8213991e-05
-2.6609898 -7.3403349 4.8214897e-05
-2.6202269 -7.339591 4.8164809e-05
-2.5772405 -7.3401475 4.818747e-05
-2.5374179 -7.3397756 4.8127866e-05
-2.5010993 -7.3402863 4.8100948e-05
-2.4628441 -7.339747 4.8098962e-05
-2.4179993 -7.340023 4.8082449e-05
-2.3766761 -7.3396683 4.8084694e-05
-2.3400052 -7.3398213 4.8100948e-05
-2.3019826 -7.3390126 4.8083919e-05
-2.2625301 -7.3401313 4.8064052e-05
-2.2208703 -7.3403268 4.8029422e-05
-2.1789937 -7.3394804 4.7987698e-05
-2.1428485 -7.3398995 4.79634e-05
-2.104233 -7.3404527 4.7966052e-05
-2.0560522 -7.3395925 4.7922134e-05
-2.0159943 -7.3406157 4.7902267e-05
-1.9821854 -7.3403935 4.7902267e-05
-1.9384969 -7.3392344 4.786584e-05
-1.8933129 -7.3414783 4.7842663e-05
-1.8567685 -7.3394423 4.7846275e-05
-1.8173667 -7.3410034 4.7872465e-05
-1.7785561 -7.3388977 4.7786671e-05
-1.7366732 -7.3404994 4.7783058e-05
-1.6944052 -7.3402357 4.7785044e-05
-1.6618576 -7.3409715 4.7783058e-05
-1.6294497 -7.3397527 4.7748737e-05
-1.5815635 -7.3396273 4.7732483e-05
-1.535279 -7.341198 4.7755242e-05
-1.498764 -7.3380294 4.7671794e-05
-1.4612032 -7.3427916 4.7659873e-05
-1.4227638 -7.3395615 4.761219e-05
-1.3831921 -7.3403711 4.7665835e-05
-1.3426745 -7.341176 4.7659873e-05
-1.3024908 -7.339797 4.7610865e-05
-1.2581532 -7.3385911 4.7549605e-05
-1.2289327 -7.3405828 4.7600268e-05
-1.1856794 -7.3391438 4.7551261e-05
-1.1379108 -7.337882 4.7490001e-05
-1.1063992 -7.3399439 4.7481059e-05
-1.057892 -7.3408256 4.7542155e-05
-1.0080966 -7.3371172 4.7370791e-05
-0.9740141 -7.3392539 4.7481059e-05
-0.93923885 -7.341434 4.7430396e-05
-0.90374798 -7.3388872 4.7490001e-05
-0.86752117 -7.336288 4.7430396e-05
-0.83054161 -7.3433781 4.7430396e-05
-0.79277337 -7.3407707 4.7370791e-05
-0.7541973 -7.3381081 4.7311187e-05
-0.71478748 -7.3353877 4.7370791e-05
-0.67452174 -7.3427773 4.7251582e-05
-0.63336074 -7.3400488 4.7370791e-05
-0.59127915 -7.3372583 4.7251582e-05
-0.5482502 -7.3396626 4.7246616e-05
-0.50423753 -7.3421221 4.7191978e-05
-0.45920402 -7.3392591 4.7251582e-05
-0.41311729 -7.3363295 4.7251582e-05
-2.6552751 -7.3113999 4.8299629e-05
-2.6182895 -7.3009958 4.8253987e-05
-2.5767441 -7.3009586 4.8272312e-05
-2.5370631 -7.3003731 4.8212467e-05
-2.5006135 -7.3005605 4.8150188e-05
-2.4628119 -7.3000932 4.8186383e-05
-2.4175789 -7.3007927 4.817083e-05
-2.3766506 -7.3000908 4.8171907e-05
-2.3399823 -7.3004632 4.8191774e-05
-2.3026061 -7.2998819 4.8175454e-05
-2.2631774 -7.3002648 4.8157573e-05
-2.2222381 -7.3006616 4.8092006e-05
-2.1789765 -7.3000755 4.8069578e-05
-2.1416748 -7.2999439 4.8050515e-05
-2.1033905 -7.3007674 4.8035068e-05
-2.0568781 -7.3001232 4.8014852e-05
-2.0159714 -7.3015733 4.7986705e-05
-1.9821616 -7.300797 4.7991674e-05
-1.9395213 -7.3000407 4.7960701e-05
-1.893289 -7.3004246 4.7937036e-05
-1.8550204 -7.3013806 4.7927551e-05
-1.8182319 -7.300415 4.7932972e-05
-1.7766995 -7.2996659 4.7878784e-05
-1.7366495 -7.3005157 4.7874451e-05
-1.6953579 -7.3014069 4.7851692e-05
-1.6618334 -7.2998643 4.7874451e-05
-1.6284024 -7.3001213 4.7850608e-05
-1.5825979 -7.2991648 4.7814847e-05
-1.535256 -7.3021002 4.7844649e-05
-1.4987406 -7.2984328 4.7755242e-05
-1.4611795 -7.3026824 4.7749279e-05
-1.42274 -7.2989283 4.7695637e-05
-1.3816859 -7.301333 4.7756566e-05
-1.3426499 -7.2994485 4.7755242e-05
-1.2993387 -7.3019276 4.7690337e-05
-1.2581303 -7.2999983 4.7636033e-05
-1.2289097 -7.3016305 4.7698617e-05
-1.1822858 -7.2998438 4.7637357e-05
-1.1378872 -7.297812 4.758835e-05
-1.1063755 -7.2994862 4.7579408e-05
-1.0578678 -7.2997718 4.7606231e-05
-1.0080748 -7.3000813 4.7460198e-05
-0.97398913 -7.2971702 4.7579408e-05
-0.93921375 -7.2989225 4.7528745e-05
-0.9037255 -7.3007126 4.7579408e-05
-0.8674984 -7.2977171 4.7519803e-05
-0.83051556 -7.2995315 4.7504902e-05
-0.79275006 -7.301384 4.7460198e-05
-0.75417382 -7.2982998 4.7400594e-05
-0.71476376 -7.2951488 4.74751e-05
-0.67449772 -7.3020983 4.7340989e-05
-0.63333642 -7.2989206 4.7460198e-05
-0.59125459 -7.2956705 4.735589e-05
-0.5482285 -7.3028622 4.7340989e-05
-0.50421238 -7.2995839 4.7281384e-05
-0.45917863 -7.2962294 4.7340989e-05
-0.41309491 -7.2982383 4.7345955e-05
-2.6071162 -7.2743583 4.8299629e-05
-2.5748479 -7.2643409 4.8327904e-05
-2.5368767 -7.2603254 4.8294663e-05
-2.5005915 -7.2599525 4.8230093e-05
-2.4627967 -7.2604384 4.8265854e-05
-2.4179351 -7.2602296 4.825092e-05
-2.3760805 -7.2605038 4.824996e-05
-2.3393919 -7.2601566 4.8236412e-05
-2.3019361 -7.2607632 4.8248541e-05
-2.2624829 -7.2604117 4.8231512e-05
-2.2215171 -7.2600431 4.8166228e-05
-2.178947 -7.2606726 4.8154594e-05
-2.142801 -7.2598085 4.8133043e-05
-2.1049571 -7.260035 4.811287e-05
-2.0577002 -7.2606997 4.8091537e-05
-2.0165884 -7.2608714 4.8073438e-05
-1.9814782 -7.2595806 4.8013833e-05
-1.9384505 -7.2608662 4.8031408e-05
-1.8932644 -7.2593722 4.8011541e-05
-1.8558594 -7.2613854 4.8011541e-05
-1.8173188 -7.2599473 4.8011541e-05
-1.7785096 -7.2601886 4.7954647e-05
-1.7366257 -7.2605329 4.7951937e-05
-1.6933824 -7.2609024 4.7922134e-05
-1.661809 -7.2587566 4.7951937e-05
-1.6273547 -7.2604461 4.7927551e-05
-1.5825751 -7.2607126 4.7892332e-05
-1.5363256 -7.261003 4.7889622e-05
-1.4987173 -7.2588363 4.7838686e-05
-1.4623059 -7.2605238 4.78246e-05
-1.4227159 -7.2582932 4.7779082e-05
-1.3831457 -7.2621222 4.7832727e-05
-1.3426253 -7.2577209 4.7814847e-05
-1.3008797 -7.2616463 4.7773123e-05
-1.2581075 -7.261405 4.7713518e-05
-1.2288868 -7.2626786 4.7767164e-05
-1.1856328 -7.2601776 4.7716829e-05
-1.1378634 -7.2577419 4.7653913e-05
-1.1063515 -7.2590284 4.7659873e-05
-1.0578434 -7.258719 4.7683716e-05
-1.0080529 -7.2630453 4.7534704e-05
-0.97396708 -7.2597623 4.7653913e-05
-0.93918866 -7.256412 4.760921e-05
-0.90370291 -7.262537 4.7653913e-05
-0.86747557 -7.2591462 4.7594309e-05
-0.83048964 -7.2556844 4.7549605e-05
-0.79272687 -7.2619963 4.7534704e-05
-0.75415033 -7.2584906 4.74751e-05
-0.7147429 -7.2599397 4.754464e-05
-0.6744737 -7.2614198 4.7415495e-05
-0.63331211 -7.2577925 4.7534704e-05
-0.59123307 -7.2592816 4.742543e-05
-0.54820359 -7.2608051 4.7385693e-05
-0.50418723 -7.2570457 4.735589e-05
-0.45915636 -7.2585778 4.742543e-05
-0.41307247 -7.2601466 4.7415495e-05
-2.5620346 -7.2396832 4.8339367e-05
-2.5324051 -7.2282972 4.8372895e-05
-2.5005693 -7.2202077 4.8312275e-05
-2.4629445 -7.220139 4.8345137e-05
-2.417531 -7.2196307 4.8314701e-05
-2.3771479 -7.2200255 4.8328529e-05
-2.3399346 -7.2198601 4.8310983e-05
-2.3019125 -7.2206798 4.8328013e-05
-2.2624588 -7.2195711 4.8313821e-05
-2.2214897 -7.2194123 4.8214199e-05
-2.1782048 -7.2202301 4.8232079e-05
-2.1416273 -7.219811 4.8192647e-05
-2.1041586 -7.2203488 4.8193666e-05
-2.0568347 -7.2201939 4.8169964e-05
-2.0159233 -7.2202449 4.8150618e-05
-1.9821132 -7.2182908 4.8095982e-05
-1.9384265 -7.2205529 4.8110884e-05
-1.8940789 -7.2200041 4.8095531e-05
-1.8558348 -7.2197189 4.8095982e-05
-1.8164058 -7.2194386 4.8100948e-05
-1.7766529 -7.2209001 4.8025089e-05
-1.7375468 -7.2187047 4.8025089e-05
-1.6953101 -7.2201991 4.8008831e-05
-1.6617848 -7.2176499 4.8041344e-05
-1.6283554 -7.2206712 4.799962e-05
-1.5836093 -7.2203093 4.7970902e-05
-1.5352074 -7.2200112 4.797578e-05
-1.4986937 -7.2192397 4.7910213e-05
-1.4611297 -7.2184701 4.7922134e-05
-1.4226919 -7.21766 4.786253e-05
-1.3831213 -7.2209473 4.7916175e-05
-1.342603 -7.2201667 4.7788024e-05
-1.3008547 -7.2193489 4.7856571e-05
-1.2580847 -7.2228117 4.7791003e-05
-1.2288612 -7.2193995 4.786253e-05
-1.1822391 -7.2207947 4.7789679e-05
-1.1378424 -7.2221241 4.7728419e-05
-1.1063275 -7.2185717 4.774332e-05
-1.0596404 -7.2199054 4.7763187e-05
-1.0080283 -7.2213807 4.7624111e-05
-0.97394502 -7.2223539 4.7728419e-05
-0.93916631 -7.2186241 4.7668815e-05
-0.90367758 -7.2195902 4.774332e-05
-0.86745286 -7.2205753 4.7668815e-05
-0.83046651 -7.2167091 4.7639012e-05
-0.79270357 -7.222609 4.760921e-05
-0.75412679 -7.2186828 4.7549605e-05
-0.7147221 -7.2247305 4.760921e-05
-0.67444968 -7.2207413 4.7490001e-05
-0.63328791 -7.2166643 4.7639012e-05
-0.59121162 -7.2228928 4.7490001e-05
-0.54817843 -7.2187471 4.7385693e-05
-0.50416523 -7.2198243 4.7445297e-05
-0.4591341 -7.2209272 4.7490001e-05
-0.41304672 -7.2166138 4.7504902e-05
-2.492614 -7.1952276 4.8354268e-05
-2.4601188 -7.1836681 4.841452e-05
-2.4182975 -7.1804314 4.8386639e-05
-2.3765814 -7.1795163 4.8420647e-05
-2.3404753 -7.1795988 4.8363752e-05
-2.3018889 -7.1805944 4.8418839e-05
-2.2624326 -7.1797051 4.8393013e-05
-2.2207754 -7.1797333 4.8300622e-05
-2.1796269 -7.1798682 4.8315524e-05
-2.1427534 -7.1797175 4.8275178e-05
-2.1041317 -7.1806626 4.8276783e-05
-2.0568075 -7.1807556 4.8259895e-05
-2.0152583 -7.1795831 4.8224741e-05
-1.9820895 -7.1786942 4.818042e-05
-1.9384028 -7.1802411 4.8200291e-05
-1.893218 -7.1806998 4.818042e-05
-1.8566741 -7.1797776 4.8182228e-05
-1.818161 -7.1806154 4.8176807e-05
-1.7775455 -7.1797023 4.8120815e-05
-1.7356319 -7.1787734 4.8090111e-05
-1.6933342 -7.1796355 4.8090111e-05
-1.6617628 -7.1802797 4.8124792e-05
-1.6293559 -7.1809402 4.8090111e-05
-1.5825274 -7.1799788 4.8047303e-05
-1.5351843 -7.180912 4.8059224e-05
-1.4986706 -7.1796432 4.8005582e-05
-1.4611059 -7.1783614 4.8005582e-05
-1.422668 -7.1770248 4.7945978e-05
-1.3830969 -7.1797738 4.8005582e-05
-1.3425806 -7.1826119 4.7874451e-05
-1.3023959 -7.1791482 4.7942001e-05
-1.2580594 -7.1799307 4.7886373e-05
-1.2288382 -7.1804471 4.7937036e-05
-1.1855862 -7.18121 4.7882397e-05
-1.1378186 -7.1820536 4.7767164e-05
-1.1063038 -7.1781144 4.7826768e-05
-1.0559764 -7.1789341 4.786253e-05
-1.0080036 -7.1797152 4.7698617e-05
-0.97392005 -7.1802702 4.7826768e-05
-0.93914402 -7.1808367 4.7758222e-05
-0.90365225 -7.1766429 4.7832727e-05
-0.86742997 -7.1820049 4.7758222e-05
-0.83044356 -7.1777344 4.7713518e-05
-0.79268032 -7.1832218 4.7698617e-05
-0.75410324 -7.178874 4.7653913e-05
-0.71469843 -7.1844921 4.7698617e-05
-0.67442566 -7.1800632 4.7579408e-05
-0.63326359 -7.1755362 4.7713518e-05
-0.59118706 -7.1813049 4.7579408e-05
-0.54815364 -7.1766896 4.74751e-05
-0.5041433 -7.1826038 4.7519803e-05
-0.45910871 -7.177897 4.7594309e-05
-0.41302419 -7.1785221 4.7584374e-05
-2.4461644 -7.1589594 4.8398972e-05
-2.4125638 -7.1470227 4.8468512e-05
-2.3765559 -7.1399384 4.8495473e-05
-2.3398869 -7.1392813 4.8438709e-05
-2.3018649 -7.1405087 4.8495473e-05
-2.2624118 -7.1398373 4.8435868e-05
-2.2221429 -7.1401701 4.8375128e-05
-2.1788754 -7.1394281 4.8381091e-05
-2.1415801 -7.139679 4.8343951e-05
-2.104115 -7.1399322 4.835819e-05
-2.0567806 -7.1402497 4.8336387e-05
-2.0158751 -7.1388917 4.8289698e-05
-1.9820662 -7.1390967 4.8259895e-05
-1.938379 -7.1399274 4.8279762e-05
-1.8931938 -7.139647 4.8259895e-05
-1.8557878 -7.1398735 4.8254926e-05
-1.8172477 -7.1401067 4.8254926e-05
-1.7784379 -7.1385455 4.8198483e-05
-1.7374994 -7.1387653 4.8171391e-05
-1.6952621 -7.1389918 4.8171391e-05
-1.6617385 -7.1391716 4.8200291e-05
-1.6272832 -7.1393571 4.8171391e-05
-1.5814452 -7.1396022 4.8111786e-05
-1.534066 -7.1398563 4.8138878e-05
-1.498647 -7.1400466 4.8077105e-05
-1.4610822 -7.1382513 4.8083068e-05
-1.4226439 -7.1363916 4.8029422e-05
-1.3830727 -7.1385994 4.8071146e-05
-1.342556 -7.1408844 4.7957896e-05
-1.2992437 -7.1411176 4.8021477e-05
-1.2580366 -7.1413383 4.7951937e-05
-1.2288152 -7.1414948 4.80175e-05
-1.1821923 -7.1417446 4.7955247e-05
-1.137795 -7.141983 4.7832727e-05
-1.1062799 -7.1376572 4.7907233e-05
-1.0577734 -7.1401205 4.7929585e-05
-1.0079818 -7.1426802 4.7773123e-05
-0.97389525 -7.1381865 4.7907233e-05
-0.93912172 -7.1430492 4.7832727e-05
-0.90362918 -7.1384673 4.7788024e-05
-0.86740732 -7.143434 4.7832727e-05
-0.83042049 -7.1387606 4.7788024e-05
-0.79265702 -7.1438351 4.7773123e-05
-0.75407976 -7.1390662 4.7728419e-05
-0.71467459 -7.1442533 4.7773123e-05
-0.67440164 -7.1393843 4.7668815e-05
-0.63324231 -7.1395493 4.7783058e-05
-0.5911625 -7.1397176 4.7668815e-05
-0.54813188 -7.1398902 4.754464e-05
-0.50411814 -7.1400661 4.760921e-05
-0.45908651 -7.1402459 4.7663849e-05
-0.41300166 -7.1404305 4.7653913e-05
-2.3713913 -7.1124153 4.8543727e-05
-2.3356812 -7.0932531 0.00926957
-2.3025141 -7.089098 0.012739263
-2.2610719 -7.0888453 0.012595901
-2.2209315 -7.0900865 0.01160623
-2.1792648 -7.0887718 0.012704296
-2.1382284 -7.0879493 0.013894973
-2.0997047 -7.0901217 0.01157481
-2.0561957 -7.0896521 0.011706539
-2.0175951 -7.0891972 0.012435107
-1.9811918 -7.0880771 0.01322171
-1.939696 -7.0911422 0.010326566
-1.8981206 -7.0879712 0.01393226
-1.8571885 -7.0890951 0.012464849
-1.8194103 -7.0889602 0.012906275
-1.7804517 -7.0890837 0.012344821
-1.7403468 -7.0889478 0.012800272
-1.6983566 -7.0890656 0.012228558
-1.6594942 -7.0858903 0.015700314
-1.6210762 -7.0891027 0.012065143
-1.5808007 -7.0906677 0.011042076
-1.5385956 -7.0888104 0.01288755
-1.5005302 -7.0882077 0.013855163
-1.4605182 -7.0888538 0.0125879
-1.4204094 -7.0871558 0.013894217
-1.3845011 -7.0907979 0.0096368026
-1.3418792 -7.0865817 0.015242228
-1.2993623 -7.09202 0.010535316
-1.2597588 -7.0894666 0.012812452
-1.2238067 -7.087935 0.014087924
-1.1837301 -7.0921679 0.009766873
-1.1420128 -7.0891709 0.013959574
-1.1044471 -7.0881238 0.013385782
-1.0595508 -7.0917315 0.010674437
-1.014042 -7.0893703 0.013090803
-0.97387004 -7.0883217 0.012528534
-0.93969154 -7.0923901 0.01070251
-0.90501279 -7.0881591 0.013152014
-0.86232495 -7.0890994 0.013588516
-0.82656717 -7.0909395 0.011256285
-0.78814149 -7.0895457 0.012055944
-0.74177438 -7.0878148 0.013585041
-0.70585328 -7.0930548 0.010462411
-0.66316825 -7.0876327 0.014275084
-0.62526846 -7.0928292 0.010991283
-0.58030283 -7.0879269 0.012597951
-0.54108769 -7.0925927 0.011543304
-0.50489527 -7.0909886 0.009352318
-0.46213219 -7.0895519 0.012501386
-0.41538605 -7.0907736 0.0099298786
-2.2871711 -9.9931335 0.059126306
-2.2572207 -9.9931335 0.05988365
-2.2182415 -9.9931335 0.059965041
-2.1831899 -9.9931335 0.060052019
-2.1415668 -9.9931335 0.059971392
-2.0975966 -9.9931335 0.059601601
-2.0575764 -9.9931326 0.06045996
-2.0161371 -9.9931326 0.059727907
-1.9786851 -9.9931326 0.059814718
-1.93998 -9.9931326 0.060464591
-1.9000765 -9.9931326 0.060008455
-1.8595817 -9.9931326 0.060403179
-1.8161972 -9.9931316 0.059039075
-1.7785014 -9.9931316 0.060649253
-1.7389208 -9.9931326 0.059923425
-1.699717 -9.9931316 0.060327254
-1.6593868 -9.9931316 0.059505612
-1.6160412 -9.9931326 0.059984699
-1.5796638 -9.9931316 0.060163449
-1.5413057 -9.9931316 0.059075922
-1.4960731 -9.9931316 0.059494063
-1.4573635 -9.9931297 0.060379162
-1.4239728 -9.9931297 0.060899787
-1.3834971 -9.9931316 0.059678894
-1.3395011 -9.9931307 0.061299272
-1.3043541 -9.9931307 0.059774525
-1.2592307 -9.9931316 0.059955232
-1.2128531 -9.9931288 0.060157292
-1.1736486 -9.9931297 0.060706392
-1.1345662 -9.9931297 0.059090748
-1.0956515 -9.9931297 0.059745163
-1.0557989 -9.9931297 0.060401361
-1.0137914 -9.9931297 0.058722146
-0.98041797 -9.9931288 0.062057778
-0.94753671 -9.9931297 0.05843848
-0.90400863 -9.9931297 0.059107568
-0.85678363 -9.9931288 0.059695579
-0.82154906 -9.9931278 0.060810506
-0.78687072 -9.9931297 0.059518762
-0.73640627 -9.9931288 0.060132235
-0.69872606 -9.9931288 0.061290205
-0.66017079 -9.9931297 0.057361968
-0.62090266 -9.9931278 0.063658535
-0.5806995 -9.9931288 0.059672162
-0.53973466 -9.9931288 0.060857039
-0.49979416 -9.9931288 0.059478197
-0.45500153 -9.9931297 0.0579319
-0.42592955 -9.9931278 0.062355444
-2.3317554 -7.0820794 0.061286755
-2.3028998 -7.082078 0.06005552
-2.2603369 -7.0820785 0.059901483
-2.2207181 -7.0820789 0.059886899
-2.1789207 -7.0820804 0.059604209
-2.1361217 -7.0820813 0.060239162
-2.0967448 -7.0820813 0.059936151
-2.0559831 -7.0820827 0.0596187
-2.0192978 -7.0820842 0.060736153
-1.9804446 -7.0820827 0.058882561
-1.9409657 -7.0820842 0.060303509
-1.8993417 -7.0820832 0.059773643
-1.8579443 -7.0820847 0.059824012
-1.8206224 -7.0820847 0.061117131
-1.7814273 -7.0820851 0.060099036
-1.7425965 -7.0820851 0.06019447
-1.7025937 -7.0820851 0.06030488
-1.6605816 -7.0820851 0.060437817
-1.6153505 -7.0820851 0.059368726
-1.5790547 -7.0820875 0.060512215
-1.5407604 -7.0820866 0.060422413
-1.5014834 -7.0820875 0.060316063
-1.4610373 -7.082087 0.060221236
-1.4195244 -7.0820885 0.060108852
-1.3854281 -7.0820885 0.05837699
-1.3416512 -7.0820904 0.061016969
-1.2956573 -7.0820894 0.060166113
-1.2586492 -7.0820894 0.058361921
-1.2228775 -7.0820913 0.06095412
-1.1841025 -7.0820913 0.059116807
-1.1421334 -7.0820918 0.061574407
-1.1013496 -7.0820918 0.059697594
-1.0607071 -7.0820923 0.060113199
-1.0190511 -7.0820923 0.060524583
-0.97510582 -7.0820928 0.058562234
-0.94016528 -7.0820932 0.061724022
-0.9070031 -7.0820928 0.060288455
-0.85875416 -7.0820932 0.060608245
-0.82273698 -7.0820942 0.061522961
-0.78589535 -7.0820951 0.057520561
-0.73563361 -7.0820956 0.060363114
-0.69705582 -7.0820951 0.061307743
-0.65566522 -7.0820961 0.059628963
-0.61731625 -7.0820961 0.063236341
-0.57609344 -7.0820961 0.059020534
-0.53406549 -7.0820975 0.05997334
-0.50549483 -7.0820971 0.058853492
-0.46178326 -7.0820971 0.059817784
-0.41719145 -7.082098 0.060828507
-2.2871799 -9.9931278 0.099527553
-2.2577267 -9.9931307 0.099679202
-2.2189016 -9.9931288 0.10016986
-2.1824968 -9.9931297 0.099382944
-2.1409998 -9.9931288 0.10069612
-2.0978074 -9.9931278 0.099670142
-2.0573838 -9.9931278 0.099676162
-2.0167775 -9.9931297 0.099598877
-1.9786954 -9.9931269 0.099498048
-1.9399902 -9.9931288 0.10078201
-1.900089 -9.9931269 0.099841624
-1.8582635 -9.9931269 0.099421933
-1.8162098 -9.9931269 0.10020816
-1.7785169 -9.9931269 0.100032
-1.7405217 -9.9931259 0.099809796
-1.6997228 -9.9931259 0.10089274
-1.658531 -9.9931259 0.099471062
-1.6160553 -9.9931269 0.10053974
-1.579675 -9.9931259 0.098680325
-1.5432115 -9.993124 0.10061845
-1.4960847 -9.993124 0.099152096
-1.4564819 -9.993125 0.098521873
-1.4239849 -9.993125 0.10154209
-1.3823003 -9.993124 0.099553198
-1.3404788 -9.993124 0.10102848
-1.3053544 -9.993125 0.099960081
-1.2592328 -9.993124 0.098557152
-1.2139132 -9.9931231 0.10152957
-1.1758054 -9.993124 0.10042243
-1.1367755 -9.9931231 0.099288493
-1.0967894 -9.993124 0.098126799
-1.0535065 -9.9931231 0.10143927
-1.0114411 -9.9931231 0.1002746
-0.9804309 -9.9931231 0.099415958
-0.94877899 -9.9931231 0.098539621
-0.90276325 -9.993124 0.099645667
-0.85550529 -9.9931221 0.10079733
-0.82156366 -9.9931221 0.099903896
-0.78554136 -9.9931221 0.10141529
-0.73642236 -9.9931221 0.10015567
-0.69874263 -9.9931221 0.10172518
-0.66018927 -9.9931221 0.098218404
-0.62091827 -9.9931221 0.099782944
-0.58071899 -9.9931211 0.10139655
-0.53975141 -9.9931221 0.097757235
-0.49779668 -9.9931211 0.099364787
-0.45502466 -9.9931211 0.10102966
-0.42594925 -9.9931211 0.10034367
-2.3317559 -7.0820794 0.10079972
-2.3028994 -7.082078 0.10011997
-2.2608497 -7.0820785 0.1001828
-2.2203844 -7.0820799 0.10007299
-2.1797702 -7.0820804 0.099598654
-2.1364932 -7.0820808 0.10036049
-2.096951 -7.0820813 0.099987924
-2.0555661 -7.0820827 0.099647805
-2.0187325 -7.0820842 0.10083155
-1.9802245 -7.0820827 0.099355631
-1.9409659 -7.0820842 0.10057326
-1.9003681 -7.0820832 0.098995313
-1.8579464 -7.0820847 0.10029745
-1.8206273 -7.0820847 0.099838331
-1.7829571 -7.0820851 0.10052444
-1.7425913 -7.0820851 0.10008684
-1.7017801 -7.0820851 0.099603251
-1.6596959 -7.0820851 0.10035127
-1.6171885 -7.0820856 0.099820703
-1.5790548 -7.0820875 0.099010691
-1.541728 -7.0820866 0.10069351
-1.5014834 -7.0820875 0.099873431
-1.4610373 -7.082088 0.10033073
-1.4195244 -7.0820885 0.10078502
-1.3854281 -7.0820885 0.099518605
-1.3416564 -7.0820899 0.099973693
-1.2966722 -7.0820894 0.10045733
-1.2596886 -7.0820899 0.099134147
-1.2207479 -7.0820913 0.099903889
-1.1819206 -7.0820913 0.098541103
-1.1443697 -7.0820918 0.10166636
-1.1036422 -7.0820918 0.1002925
-1.0618827 -7.0820923 0.098883808
-1.0178453 -7.0820923 0.099698842
-0.97263104 -7.0820928 0.10055067
-0.9401654 -7.0820932 0.099499866
-0.90571612 -7.0820928 0.10076136
-0.85875416 -7.0820932 0.099273153
-0.82273662 -7.0820942 0.10058109
-0.78727204 -7.0820947 0.099481575
-0.73563337 -7.0820956 0.10037252
-0.69705564 -7.0820951 0.10173844
-0.65756339 -7.0820961 0.098023139
-0.61731577 -7.0820961 0.099375091
-0.57609344 -7.0820961 0.10077228
-0.53406549 -7.0820971 0.096907705
-0.50549483 -7.0820971 0.10137621
-0.45968106 -7.0820975 0.10008096
-0.41719151 -7.082098 0.098879673
-2.2602174 -10.003111 0.1544036
-2.2219369 -10.002873 0.15419701
-2.1821294 -10.002677 0.15396123
-2.1383436 -10.003121 0.15427513
-2.0995412 -10.003121 0.15457617
-2.0621822 -10.003013 0.15474916
-2.0217135 -10.002686 0.15431817
-1.9815141 -10.002728 0.15441792
-1.9401577 -10.003121 0.15458174
-1.8985618 -10.003121 0.15399782
-1.8596236 -10.00309 0.15346725
-1.8240638 -10.002727 0.15432377
-1.7809713 -10.00246 0.15446395
-1.7347912 -10.003122 0.15533842
-1.6949587 -10.003122 0.15483363
-1.6631489 -10.003122 0.15443055
-1.6258589 -10.003092 0.15397301
-1.5830593 -10.002892 0.15353139
-1.5396595 -10.002278 0.15328985
-1.4998411 -10.003122 0.15434644
-1.4565518 -10.003122 0.1548337
-1.4175047 -10.003123 0.15539025
-1.378742 -10.003123 0.15495196
-1.3390115 -10.003123 0.15450262
-1.3042159 -10.003064 0.15413888
-1.2623354 -10.002388 0.15292613
-1.2162296 -10.002422 0.15454626
-1.1721457 -10.003123 0.15482616
-1.1332932 -10.003124 0.15441349
-1.0934941 -10.003124 0.15399081
-1.0527139 -10.003124 0.15355766
-1.0109154 -10.003124 0.15311372
-0.97890925 -10.003124 0.15510213
-0.94272542 -10.003055 0.15477775
-0.89887428 -10.002733 0.15450309
-0.85389632 -10.002404 0.15422131
-0.82101607 -10.003124 0.15353227
-0.78522718 -10.003124 0.1556361
-0.73643506 -10.003124 0.15518409
-0.69901061 -10.003125 0.15737271
-0.66072643 -10.003125 0.15450019
-0.62173271 -10.003125 0.15155083
-0.58182383 -10.003125 0.15375158
-0.54115963 -10.003125 0.15601873
-0.49952054 -10.003125 0.15300822
-0.45775175 -10.002872 0.15004754
-0.41541469 -10.00245 0.15254891
-2.287549 -9.9931335 0.13560192
-2.2584786 -9.9935856 0.13681571
-2.2187395 -9.9933977 0.13654518
-2.1830344 -9.9932775 0.13566417
-2.1409655 -9.9938107 0.13792552
-2.0974207 -9.9935322 0.13643041
-2.0578403 -9.9934216 0.13626029
-2.0158725 -9.9932957 0.13613574
-1.9779644 -9.9935722 0.13673826
-1.9390819 -9.9936695 0.13744876
-1.8991812 -9.9936609 0.13711245
-1.8595003 -9.9932737 0.13499993
-1.8175341 -9.9933748 0.13757487
-1.778445 -9.9931631 0.13581122
-1.7398512 -9.9935656 0.13604842
-1.7003338 -9.993844 0.13847104
-1.6590557 -9.9934187 0.1356177
-1.6173937 -9.9934978 0.1369423
-1.58021 -9.9932747 0.13520135
-1.5421919 -9.9931631 0.13706416
-1.4962897 -9.9936333 0.13601367
-1.4578667 -9.9937677 0.13640586
-1.4246783 -9.9941292 0.13920388
-1.3817611 -9.9933882 0.1365011
-1.3389244 -9.9934092 0.13636595
-1.3040143 -9.9932928 0.13576588
-1.2591718 -9.9931555 0.13571021
-1.211532 -9.9931183 0.13629411
-1.1730297 -9.9939041 0.13740797
-1.1342117 -9.9937868 0.13678783
-1.0944483 -9.9936676 0.13615249
-1.0550498 -9.9936056 0.13778524
-1.013366 -9.9934626 0.13715671
-0.97963923 -9.9934654 0.13659036
-0.94587249 -9.993166 0.13617079
-0.90115559 -9.9931173 0.13544451
-0.85681182 -9.9931173 0.13712819
-0.81742281 -9.9948263 0.13809478
-0.78555393 -9.9931173 0.13596585
-0.73968065 -9.993947 0.13730034
-0.70210689 -9.9943018 0.14034106
-0.6607365 -9.993638 0.13626429
-0.6193074 -9.9937506 0.13557176
-0.58013314 -9.9933472 0.13778242
-0.53976589 -9.9931164 0.13465668
-0.49772224 -9.9931498 0.13664721
-0.45503989 -9.9931154 0.13873875
-0.4259626 -9.9931164 0.13290392
-2.3320625 -7.082037 0.13606645
-2.3035178 -7.0820789 0.13558085
-2.2595522 -7.0819836 0.13578162
-2.2207692 -7.0820794 0.13571569
-2.1792033 -7.0820813 0.13475648
-2.1362009 -7.0820098 0.13663682
-2.0967479 -7.0820823 0.13536838
-2.0560448 -7.0820842 0.13478281
-2.0184855 -7.081934 0.13649668
-1.980734 -7.0820842 0.13561992
-1.9409686 -7.0820842 0.13525003
-1.8997025 -7.0820298 0.13484837
-1.8579494 -7.0820847 0.13614528
-1.8206217 -7.0820847 0.13503897
-1.7821908 -7.0820851 0.13509075
-1.742385 -7.0819702 0.13629077
-1.7017294 -7.0820603 0.13518521
-1.6596928 -7.0820851 0.13525563
-1.6162714 -7.0820866 0.13531415
-1.5794567 -7.0818644 0.13548058
-1.5406271 -7.0820198 0.13711356
-1.5014837 -7.082088 0.13547507
-1.46253 -7.0820875 0.13500208
-1.4207283 -7.0820885 0.13538472
-1.3850808 -7.0819235 0.13645652
-1.3416475 -7.082088 0.13475518
-1.2979773 -7.0820894 0.13648282
-1.2610251 -7.0820894 0.13558944
-1.2231817 -7.0820913 0.13467444
-1.1824781 -7.0818534 0.13577628
-1.1416452 -7.0820174 0.13711354
-1.1010224 -7.0820918 0.1362233
-1.0591959 -7.0820923 0.13526912
-1.0162948 -7.0820923 0.13429043
-0.97386855 -7.0820928 0.13566814
-0.94016552 -7.0820937 0.13255374
-0.90368062 -7.0819368 0.13641666
-0.85705459 -7.0820932 0.13549316
-0.82273674 -7.0820942 0.13475704
-0.78589505 -7.0820947 0.13642468
-0.73563337 -7.0820956 0.13538079
-0.69705558 -7.0820956 0.13711534
-0.65756333 -7.0820961 0.13377741
-0.61616063 -7.0816569 0.13527589
-0.57603508 -7.0820746 0.13729317
-0.53406549 -7.0820975 0.13384207
-0.50549483 -7.0820975 0.13858359
-0.46178329 -7.0820975 0.135088
-0.41719151 -7.082098 0.13149494
-2.3209996 -7.0736518 0.152274
-2.3002179 -7.0733504 0.15348049
-2.2624335 -7.0732899 0.15321927
-2.2168982 -7.0729094 0.15411828
-2.1789958 -7.073442 0.15346996
-2.1404867 -7.0736456 0.15294898
-2.0977864 -7.0733089 0.15300252
-2.0595546 -7.0735474 0.15381768
-2.0192473 -7.0726647 0.15408477
-1.9791931 -7.0733085 0.15328339
-1.9380405 -7.0736732 0.1527907
-1.898492 -7.0734596 0.15394169
-1.8567809 -7.072515 0.15463042
-1.8181065 -7.0736351 0.15306036
-1.7768732 -7.0740576 0.15274143
-1.7381001 -7.0723844 0.15317269
-1.6986183 -7.0730286 0.15393306
-1.6563119 -7.0728259 0.15424907
-1.6193597 -7.0745697 0.15264273
-1.5821631 -7.0721483 0.15376736
-1.5379646 -7.072876 0.15330559
-1.497131 -7.0733242 0.15276623
-1.4586554 -7.072897 0.15450867
-1.4161921 -7.074791 0.15280086
-1.3791353 -7.072216 0.15412284
-1.3390019 -7.0724831 0.1535603
-1.2984344 -7.0730329 0.15313286
-1.2570574 -7.0744696 0.15205531
-1.2130108 -7.0737624 0.15418139
-1.1769959 -7.0720711 0.15493995
-1.1378003 -7.0722637 0.15441017
-1.098187 -7.072701 0.15399663
-1.0575985 -7.0731487 0.15357272
-1.015998 -7.0736065 0.15313797
-0.97334743 -7.0740757 0.15269198
-0.93638206 -7.075798 0.15059033
-0.9007054 -7.0720725 0.15529771
-0.85454625 -7.0723205 0.15474743
-0.81265295 -7.0731583 0.15209866
-0.78549671 -7.072072 0.15607083
-0.74285144 -7.0732846 0.1535995
-0.70383883 -7.0746431 0.15371272
-0.6594336 -7.0743003 0.1528908
-0.61809754 -7.0720725 0.15116435
-0.5771805 -7.072073 0.15316528
-0.53546953 -7.072073 0.15523034
-0.50964904 -7.0730143 0.15004891
-0.46116582 -7.0729103 0.15466662
-0.41018152 -7.0741358 0.151871
-2.2604516 -10.003116 0.18013166
-2.2212355 -10.003117 0.17935659
-2.1814673 -10.003116 0.17917833
-2.1402743 -10.003124 0.17899361
-2.1022036 -10.003124 0.17957789
-2.0620115 -10.003124 0.18023582
-2.021013 -10.003124 0.18007992
-1.978551 -10.003124 0.17991848
-1.9401648 -10.003123 0.18033618
-1.9004804 -10.003124 0.17962945
-1.8595594 -10.003123 0.17889181
-1.8233728 -10.003122 0.18109187
-1.7792248 -10.003124 0.1809542
-1.7348026 -10.003122 0.18081574
-1.6949446 -10.003122 0.1806915
-1.6602166 -10.003121 0.18058327
-1.6258152 -10.003122 0.18047598
-1.5826058 -10.003122 0.1803413
-1.5380424 -10.003122 0.18020238
-1.5005455 -10.003121 0.18008551
-1.4626613 -10.003122 0.17996739
-1.4211401 -10.003123 0.17983794
-1.378722 -10.003122 0.17970577
-1.3351684 -10.003123 0.17956993
-1.3001614 -10.003123 0.17946082
-1.2643456 -10.003123 0.17934918
-1.2193913 -10.003122 0.17920905
-1.1732121 -10.003123 0.17906509
-1.1343855 -10.003124 0.17894405
-1.0946134 -10.003124 0.17882006
-1.0538609 -10.003124 0.17869306
-1.0120912 -10.003124 0.17856282
-0.97890937 -10.003124 0.18313083
-0.94622362 -10.003124 0.18072301
-0.90170658 -10.003124 0.18061483
-0.85602713 -10.003124 0.1805038
-0.82101607 -10.003124 0.17796719
-0.78522712 -10.003124 0.18031529
-0.73643506 -10.003124 0.18019632
-0.69901061 -10.003125 0.18264034
-0.66072655 -10.003125 0.18002918
-0.62173271 -10.003125 0.17734593
-0.58182383 -10.003125 0.17981906
-0.54115963 -10.003125 0.18236381
-0.49952054 -10.003125 0.17963746
-0.45707607 -10.003125 0.17683268
-0.42822838 -10.003125 0.18216592
-2.3214409 -7.0720673 0.17891335
-2.3008506 -7.0720673 0.18006973
-2.26279 -7.0720677 0.17988552
-2.2194209 -7.0720677 0.17990999
-2.1781707 -7.0720677 0.1800455
-2.1403341 -7.0720677 0.17959541
-2.1011865 -7.0720677 0.17912976
-2.0602608 -7.0720677 0.18023588
-2.0182624 -7.0720677 0.17976479
-1.9802862 -7.0720677 0.179893
-1.9410181 -7.0720677 0.1789062
-1.9005206 -7.0720677 0.18015374
-1.8591475 -7.0720677 0.17971808
-1.8153075 -7.0720677 0.17925641
-1.7769891 -7.0720677 0.17885289
-1.7375067 -7.0720682 0.17843714
-1.6968251 -7.0720687 0.17923841
-1.6548785 -7.0720692 0.18006459
-1.6196091 -7.0720701 0.18099011
-1.5819935 -7.0720692 0.18064535
-1.5363824 -7.0720692 0.18022731
-1.4979782 -7.0720701 0.17987528
-1.4569762 -7.0720692 0.18217722
-1.4156387 -7.0720701 0.18116279
-1.3816918 -7.0720701 0.18087499
-1.3381134 -7.0720692 0.17980295
-1.2933453 -7.0720701 0.18011351
-1.2565409 -7.0720701 0.17980114
-1.2199134 -7.0720711 0.18166685
-1.1813371 -7.0720711 0.18136591
-1.1418138 -7.0720711 0.18105765
-1.101307 -7.0720711 0.18074167
-1.0597804 -7.0720716 0.18041778
-1.0171945 -7.0720711 0.18008557
-0.97350872 -7.0720716 0.17974482
-0.93877888 -7.072072 0.17947388
-0.90454286 -7.0720716 0.1816
-0.85787815 -7.0720716 0.18126807
-0.8220942 -7.072072 0.17856373
-0.78549671 -7.0720716 0.18073639
-0.73557591 -7.0720716 0.18038082
-0.69726586 -7.0720725 0.18264356
-0.65805423 -7.0720725 0.17984672
-0.61809754 -7.0720725 0.17697246
-0.57718062 -7.0720739 0.17925265
-0.53546977 -7.072073 0.18160242
-0.5071184 -7.072073 0.17610678
-0.46583441 -7.0720739 0.18115425
-0.41951281 -7.0720735 0.18085626
-2.2599554 -10.003116 0.21984422
-2.2215722 -10.003116 0.21952514
-2.1814651 -10.003118 0.21977849
-2.1395502 -10.003124 0.21912248
-2.1012468 -10.003124 0.21963054
-2.0616243 -10.003124 0.2201561
-2.0210125 -10.003124 0.21906669
-1.9785515 -10.003124 0.2196008
-1.9401646 -10.003123 0.22064734
-1.9004803 -10.003124 0.22059061
-1.8595573 -10.003122 0.21936694
-1.8233775 -10.003122 0.21979742
-1.780375 -10.003124 0.22030903
-1.7347974 -10.003122 0.22085136
-1.6949503 -10.003122 0.22132549
-1.660845 -10.003121 0.21986575
-1.6258124 -10.003122 0.21962252
-1.5826091 -10.003122 0.22137976
-1.5380393 -10.003122 0.22058699
-1.4998412 -10.003121 0.22166157
-1.460539 -10.003123 0.22008616
-1.4202312 -10.003122 0.21848512
-1.3787265 -10.003123 0.21958725
-1.3361292 -10.003122 0.2193251
-1.3011442 -10.003122 0.21966986
-1.2653514 -10.003122 0.2200226
-1.2193805 -10.003122 0.21829771
-1.1710792 -10.003123 0.21874054
-1.1322011 -10.003124 0.219097
-1.0923753 -10.003124 0.2194621
-1.0515674 -10.003124 0.21983626
-1.0097402 -10.003124 0.22021978
-0.97890949 -10.003124 0.22050241
-0.94744462 -10.003124 0.22079089
-0.90170681 -10.003124 0.21882951
-0.85602725 -10.003124 0.21921733
-0.82101613 -10.003124 0.21706307
-0.78522718 -10.003124 0.21980201
-0.73643506 -10.003125 0.22021586
-0.69901061 -10.003125 0.22306858
-0.66072667 -10.003125 0.22087553
-0.62173271 -10.003125 0.21861809
-0.58182383 -10.003125 0.2215271
-0.54115963 -10.003125 0.21924686
-0.50152236 -10.003125 0.21955614
-0.45707607 -10.003125 0.21990299
-0.42822838 -10.003126 0.2201281
-2.3214414 -7.0720677 0.2186234
-2.3008504 -7.0720677 0.22017322
-2.26279 -7.0720677 0.2207164
-2.2191401 -7.0720677 0.21983215
-2.1774549 -7.0720677 0.2194657
-2.1395941 -7.0720677 0.21968722
-2.1004202 -7.0720677 0.21991642
-2.059864 -7.0720677 0.2201537
-2.0184777 -7.0720677 0.2196105
-1.9802862 -7.0720677 0.21951856
-1.9410182 -7.0720677 0.21917503
-1.9005182 -7.0720677 0.21881193
-1.8585943 -7.0720677 0.21959293
-1.81531 -7.0720677 0.22040872
-1.7769865 -7.0720677 0.21942216
-1.7375124 -7.0720687 0.21840608
-1.6968226 -7.0720692 0.21858858
-1.6548816 -7.0720692 0.21877666
-1.618947 -7.0720701 0.22083063
-1.5819964 -7.0720692 0.22166753
-1.536379 -7.0720692 0.2206109
-1.4972569 -7.0720701 0.22145906
-1.4569762 -7.0720692 0.22234207
-1.4165711 -7.0720706 0.21984561
-1.3826456 -7.0720706 0.21999778
-1.3381084 -7.0720696 0.22019754
-1.292335 -7.0720711 0.22040288
-1.2555064 -7.0720711 0.22056808
-1.2177945 -7.0720711 0.22073725
-1.1791668 -7.0720711 0.22091044
-1.1395898 -7.0720711 0.22108802
-1.0990273 -7.0720711 0.22126992
-1.057443 -7.0720716 0.22145642
-1.015996 -7.0720716 0.21932575
-0.97227871 -7.0720716 0.21949181
-0.93877918 -7.072072 0.22198871
-0.90454274 -7.0720716 0.2197648
-0.85787833 -7.0720716 0.21994251
-0.8220942 -7.072072 0.21762891
-0.78549671 -7.0720716 0.22020122
-0.73557591 -7.072072 0.22039089
-0.69726586 -7.0720725 0.22307196
-0.65805423 -7.0720725 0.22070333
-0.6180979 -7.072073 0.21826547
-0.57718062 -7.0720739 0.22099243
-0.53546977 -7.072073 0.22379774
-0.5071187 -7.072073 0.21861175
-0.46166331 -7.0720739 0.21875359
-0.41951299 -7.0720735 0.21888518
-2.2602046 -10.003116 0.26018897
-2.2219086 -10.003117 0.25967538
-2.1814625 -10.003121 0.26098478
-2.1402745 -10.003124 0.25923219
-2.1019957 -10.003124 0.26041916
-2.0620115 -10.003124 0.260066
-2.0206118 -10.003124 0.25969332
-1.9785514 -10.003124 0.25928313
-1.9401648 -10.003123 0.26095849
-1.9010036 -10.003124 0.25982636
-1.8595595 -10.003123 0.25984204
-1.8233751 -10.003123 0.25967586
-1.7792248 -10.003124 0.25969121
-1.7348024 -10.003122 0.26088685
-1.6957889 -10.003122 0.26077676
-1.6614734 -10.003121 0.25912076
-1.6258097 -10.003122 0.26003197
-1.5826091 -10.003122 0.25985324
-1.5380394 -10.003123 0.25966892
-1.4998413 -10.003122 0.26126492
-1.460539 -10.003123 0.26022601
-1.4202313 -10.003122 0.25917521
-1.3787266 -10.003123 0.2608439
-1.3370901 -10.003123 0.25904351
-1.3021271 -10.003123 0.25984132
-1.2663571 -10.003123 0.26065758
-1.2193856 -10.003123 0.26028174
-1.1732121 -10.003123 0.25837687
-1.1343855 -10.003124 0.25920987
-1.0946133 -10.003124 0.26006311
-1.0538609 -10.003124 0.26093742
-1.0109156 -10.003124 0.25955212
-0.97890949 -10.003124 0.25787398
-0.94622386 -10.003124 0.26088113
-0.90295929 -10.003124 0.25939977
-0.8573128 -10.003124 0.26031673
-0.82101631 -10.003124 0.25615889
-0.78522748 -10.003125 0.2592887
-0.73643517 -10.003125 0.26023537
-0.69901079 -10.003125 0.26349682
-0.66072679 -10.003125 0.26172185
-0.62173277 -10.003125 0.25989026
-0.57990557 -10.003125 0.26067343
-0.54115963 -10.003125 0.25612992
-0.49952054 -10.003126 0.25950608
-0.45707607 -10.003126 0.26297331
-0.42822838 -10.003126 0.25809026
-2.3214414 -7.0720677 0.25833338
-2.3008506 -7.0720677 0.26027673
-2.2633116 -7.0720677 0.26039803
-2.2186131 -7.0720677 0.26028481
-2.1783311 -7.0720677 0.25965828
-2.1403344 -7.0720677 0.25977039
-2.1011863 -7.0720677 0.26069421
-2.0602608 -7.0720677 0.26006684
-2.0176194 -7.0720677 0.26019317
-1.9802862 -7.0720677 0.25914413
-1.9410181 -7.0720677 0.25944385
-1.9005182 -7.0720677 0.25974414
-1.8588563 -7.0720677 0.26037478
-1.8153126 -7.0720677 0.26038507
-1.7769841 -7.0720687 0.26118484
-1.7375071 -7.0720692 0.25837508
-1.6968287 -7.0720692 0.25916836
-1.6548759 -7.0720692 0.25998646
-1.6182849 -7.0720701 0.26070008
-1.5819968 -7.0720692 0.26012579
-1.5363792 -7.0720692 0.25969186
-1.497257 -7.0720701 0.26107407
-1.4581441 -7.0720696 0.26123458
-1.4156389 -7.0720701 0.25853676
-1.3816918 -7.0720701 0.25912911
-1.3381134 -7.0720701 0.26059207
-1.2933453 -7.0720711 0.26068318
-1.2575754 -7.0720711 0.25915697
-1.2199134 -7.0720711 0.25978857
-1.1813374 -7.0720711 0.26043552
-1.1418139 -7.0720711 0.26109838
-1.1013074 -7.0720711 0.26177773
-1.0586119 -7.0720716 0.26022083
-1.0147972 -7.0720716 0.25860849
-0.97104901 -7.0720716 0.25928247
-0.93877935 -7.072072 0.25977963
-0.90582234 -7.0720716 0.2602874
-0.85787857 -7.0720716 0.25861692
-0.8220945 -7.072072 0.25669414
-0.78549683 -7.0720716 0.25966609
-0.73557615 -7.072072 0.26040095
-0.69726586 -7.0720725 0.26350036
-0.65805423 -7.0720725 0.26155993
-0.61809802 -7.072073 0.25955844
-0.57521349 -7.0720739 0.26016051
-0.53546977 -7.072073 0.26071861
-0.5071187 -7.072073 0.26111665
-0.46374899 -7.0720739 0.25904942
-0.41951299 -7.0720735 0.25691408
-2.2607028 -10.003117 0.30052188
-2.2215722 -10.003116 0.29984736
-2.1814675 -10.003121 0.30037293
-2.1395504 -10.003124 0.29938671
-2.1018176 -10.003124 0.30046827
-2.0623991 -10.003124 0.29995582
-2.0210133 -10.003124 0.30029622
-1.9785517 -10.003124 0.29896545
-1.940165 -10.003123 0.30126962
-1.9004806 -10.003124 0.29909173
-1.8602601 -10.003122 0.30034903
-1.8233728 -10.003122 0.3007274
-1.7803749 -10.003124 0.29901153
-1.7347972 -10.003122 0.3009226
-1.6941035 -10.003122 0.30008242
-1.6602166 -10.003121 0.30030841
-1.6258125 -10.003122 0.30044124
-1.582612 -10.003122 0.29960907
-1.5380394 -10.003123 0.29875085
-1.4998412 -10.003122 0.30086827
-1.4605392 -10.003123 0.30036587
-1.4202313 -10.003122 0.29986531
-1.3799303 -10.003122 0.3007715
-1.3361295 -10.003122 0.2988058
-1.3011446 -10.003122 0.30005771
-1.264346 -10.003123 0.29923972
-1.2193913 -10.003123 0.30081785
-1.1721458 -10.003125 0.300266
-1.1322011 -10.003124 0.29941642
-1.0923755 -10.003124 0.30076018
-1.0527141 -10.003124 0.29980594
-1.0120912 -10.003124 0.29884276
-0.97890949 -10.003124 0.29991701
-0.94622391 -10.003124 0.29860964
-0.90170681 -10.003124 0.30002034
-0.85602742 -10.003124 0.30146778
-0.82101631 -10.003124 0.30014175
-0.78522748 -10.003125 0.29877537
-0.73643529 -10.003125 0.30025494
-0.69901085 -10.003125 0.30392507
-0.66256666 -10.003125 0.29995197
-0.62173295 -10.003125 0.30116242
-0.5818243 -10.003125 0.29974794
-0.54115981 -10.003125 0.298282
-0.49751887 -10.003126 0.29951611
-0.45707616 -10.003126 0.30065984
-0.42822844 -10.003126 0.30147564
-2.3214414 -7.0720677 0.29804334
-2.3008506 -7.0720677 0.30038023
-2.2622862 -7.0720677 0.29944468
-2.2194209 -7.0720677 0.30019009
-2.1776395 -7.0720677 0.30055714
-2.1395943 -7.0720677 0.29988843
-2.1008036 -7.0720677 0.29991999
-2.060658 -7.0720677 0.29995948
-2.0182624 -7.0720677 0.30003285
-1.9802883 -7.0720682 0.29987028
-1.9410182 -7.0720677 0.29971263
-1.9005163 -7.0720677 0.29953948
-1.8578033 -7.0720677 0.30022353
-1.8153076 -7.0720682 0.29918593
-1.7769891 -7.0720682 0.30056083
-1.7382965 -7.0720692 0.29959273
-1.6968231 -7.0720692 0.2997483
-1.654882 -7.0720692 0.30119598
-1.6189474 -7.0720701 0.30054367
-1.5820001 -7.0720692 0.29986584
-1.5363795 -7.0720692 0.29877284
-1.4972572 -7.0720701 0.30068907
-1.4569764 -7.0720692 0.29997927
-1.4156392 -7.0720701 0.29926592
-1.3816919 -7.0720701 0.3003217
-1.3393778 -7.0720706 0.30103901
-1.2943559 -7.0720711 0.3009249
-1.256541 -7.0720711 0.2999239
-1.2177945 -7.0720711 0.29891101
-1.179167 -7.0720711 0.30003342
-1.1395898 -7.0720711 0.30118337
-1.1001675 -7.0720716 0.30007011
-1.0597807 -7.0720716 0.29894373
-1.0171951 -7.0720716 0.30012295
-0.97350895 -7.0720716 0.30133268
-0.93877935 -7.072072 0.29757053
-0.90454328 -7.0720716 0.30084935
-0.85919213 -7.0720716 0.29966581
-0.82209468 -7.072072 0.29575932
-0.78549701 -7.072072 0.29913095
-0.73557639 -7.0720725 0.30041093
-0.69726646 -7.072073 0.30392879
-0.65993917 -7.0720739 0.29980692
-0.61809808 -7.072073 0.3008514
-0.57718086 -7.0720739 0.29927337
-0.53546977 -7.072073 0.29763949
-0.5071187 -7.072073 0.30362156
-0.46583483 -7.0720739 0.29928264
-0.41951299 -7.0720735 0.3003757
-2.2602029 -10.003118 0.34025297
-2.2217329 -10.003124 0.34077001
-2.181463 -10.003122 0.3397615
-2.1402745 -10.003124 0.33947068
-2.1016188 -10.003124 0.34046504
-2.0620117 -10.003124 0.33988237
-2.0216372 -10.003124 0.34008268
-1.9787695 -10.003124 0.33949229
-1.9408219 -10.003122 0.34048137
-1.9004809 -10.003124 0.34005293
-1.8588611 -10.003122 0.33960366
-1.8240958 -10.003122 0.34062678
-1.7800726 -10.003124 0.33930674
-1.7348027 -10.003122 0.34095797
-1.6949506 -10.003122 0.33953342
-1.6614734 -10.003121 0.34139407
-1.6258156 -10.003122 0.3395876
-1.5826092 -10.003123 0.33936512
-1.538981 -10.003123 0.33916074
-1.4998413 -10.003122 0.3404716
-1.4605391 -10.003123 0.34050575
-1.4202313 -10.003122 0.34055537
-1.3775276 -10.003122 0.33918524
-1.3361295 -10.003122 0.34064394
-1.3001616 -10.003123 0.34031159
-1.2653517 -10.003122 0.33987468
-1.2193806 -10.003126 0.3399069
-1.1721458 -10.003124 0.33993497
-1.1343858 -10.003124 0.33947563
-1.0946136 -10.003124 0.34130621
-1.0515676 -10.003124 0.33871514
-1.0097402 -10.003124 0.34058318
-0.97890955 -10.003124 0.34196001
-0.94500297 -10.003124 0.33875656
-0.90170681 -10.003124 0.33823499
-0.85602742 -10.003124 0.34018135
-0.82101631 -10.003125 0.34412462
-0.78522748 -10.003125 0.33826211
-0.73643529 -10.003125 0.34027448
-0.69901085 -10.003125 0.34435329
-0.6607269 -10.003125 0.33829111
-0.62173295 -10.003125 0.34243459
-0.58374256 -10.003125 0.33876485
-0.54115987 -10.003126 0.34043407
-0.49952078 -10.003127 0.33941293
-0.45707631 -10.003126 0.33834636
-0.42822862 -10.003126 0.33943781
-2.3214414 -7.0720677 0.33775336
-2.3008506 -7.0720677 0.34048373
-2.2627902 -7.0720677 0.33970913
-2.2183528 -7.0720677 0.34005904
-2.1774554 -7.0720677 0.34078491
-2.1403346 -7.0720677 0.33994532
-2.1004202 -7.0720677 0.33916569
-2.0602615 -7.0720677 0.3398838
-2.0189021 -7.0720677 0.33983997
-1.9802867 -7.0720677 0.34059668
-1.9410186 -7.0720677 0.33998144
-1.9005187 -7.0720677 0.33933464
-1.8593906 -7.0720677 0.34011266
-1.8153101 -7.0720692 0.34033811
-1.7769841 -7.0720692 0.33993718
-1.7366734 -7.0720692 0.3394841
-1.6968288 -7.0720692 0.34032786
-1.654879 -7.0720692 0.33990824
-1.6196098 -7.0720701 0.34035835
-1.5819968 -7.0720692 0.33960608
-1.5373435 -7.0720692 0.33918619
-1.4972571 -7.0720701 0.34030408
-1.4569765 -7.0720692 0.34014416
-1.4156392 -7.0720701 0.33999509
-1.3816922 -7.0720711 0.34151426
-1.3368542 -7.0720706 0.33993557
-1.2933456 -7.0720711 0.34122807
-1.2555069 -7.0720711 0.34073034
-1.2199135 -7.0720711 0.33791029
-1.1813377 -7.0720716 0.33950514
-1.1418139 -7.0720711 0.34113911
-1.0990275 -7.0720716 0.33840296
-1.057443 -7.0720716 0.34006533
-1.0159962 -7.0720716 0.33940572
-0.97227907 -7.0720716 0.34112337
-0.93877935 -7.072072 0.34008533
-0.90454352 -7.0720716 0.3390142
-0.85787857 -7.072072 0.34078389
-0.82209474 -7.0720725 0.33970767
-0.78549719 -7.072072 0.33859584
-0.73557639 -7.072072 0.34042099
-0.69726658 -7.072073 0.34435722
-0.65805447 -7.0720739 0.33814803
-0.61809826 -7.072073 0.34214437
-0.57718122 -7.0720739 0.34101319
-0.53546995 -7.072073 0.33983481
-0.50711888 -7.0720735 0.3408134
-0.46374938 -7.0720739 0.33961433
-0.41951299 -7.0720735 0.33840466
-2.2602048 -10.003119 0.380582
-2.221575 -10.003124 0.38017258
-2.1820149 -10.003121 0.37973994
-2.1400857 -10.003124 0.38040107
-2.1014285 -10.003124 0.38047203
-2.0622151 -10.003124 0.37900963
-2.0208068 -10.003124 0.38068184
-1.9785515 -10.003124 0.37997982
-1.940165 -10.003123 0.37964216
-1.9007285 -10.003124 0.38017684
-1.8595595 -10.003123 0.3801108
-1.8226568 -10.003122 0.38046291
-1.779806 -10.003124 0.37953579
-1.7356168 -10.003122 0.379792
-1.6949453 -10.003122 0.38016772
-1.6608455 -10.003121 0.38070011
-1.6266974 -10.003123 0.38000876
-1.5835218 -10.003123 0.37913311
-1.5380397 -10.003123 0.37950644
-1.4998413 -10.003122 0.38007495
-1.4605392 -10.003123 0.38064563
-1.4202315 -10.003122 0.38124552
-1.3787265 -10.003123 0.37911299
-1.3351687 -10.003123 0.38045603
-1.3021274 -10.003123 0.37828779
-1.2663574 -10.003124 0.38047123
-1.2207196 -10.003126 0.38045779
-1.1721461 -10.003125 0.37960398
-1.1322013 -10.003124 0.37973589
-1.0934948 -10.003124 0.37972859
-1.0538611 -10.003124 0.3797349
-1.0109158 -10.003124 0.37987375
-0.97890973 -10.003124 0.37933162
-0.94744503 -10.003124 0.38108048
-0.9004544 -10.003124 0.37891367
-0.85602766 -10.003125 0.37889481
-0.82101643 -10.003125 0.38322049
-0.78522748 -10.003125 0.37774882
-0.73643523 -10.003125 0.38029402
-0.69901085 -10.003125 0.38478154
-0.6607269 -10.003125 0.37913746
-0.62173295 -10.003126 0.38370675
-0.5818243 -10.003126 0.37793207
-0.54115987 -10.003126 0.38258612
-0.5015226 -10.003127 0.37924963
-0.45707631 -10.003126 0.38141668
-0.42822862 -10.003126 0.37739998
-2.3214414 -7.0720677 0.37746328
-2.3008511 -7.0720677 0.38058719
-2.2630424 -7.0720677 0.37995106
-2.219141 -7.0720677 0.38054025
-2.1781712 -7.0720677 0.38015768
-2.1395943 -7.0720677 0.38008961
-2.1011868 -7.0720677 0.37990364
-2.0604696 -7.0720677 0.3790125
-2.0180509 -7.0720677 0.3804515
-1.9802865 -7.0720677 0.38022217
-1.941764 -7.0720677 0.37938964
-1.9005187 -7.0720687 0.38026688
-1.8583275 -7.0720687 0.37997767
-1.8153127 -7.0720692 0.38031438
-1.7777506 -7.0720692 0.38052005
-1.7382969 -7.0720692 0.37950692
-1.6976852 -7.0720692 0.37969375
-1.6548761 -7.0720692 0.37986931
-1.6189474 -7.0720701 0.3802368
-1.5829304 -7.0720692 0.37936237
-1.5363795 -7.0720692 0.37952614
-1.4972571 -7.0720701 0.37991911
-1.4569764 -7.0720696 0.38030908
-1.4156392 -7.0720711 0.38072425
-1.3807386 -7.0720711 0.3807081
-1.3381138 -7.0720701 0.38038272
-1.2923352 -7.0720711 0.3815698
-1.2575758 -7.0720711 0.37924016
-1.2188543 -7.0720711 0.37919226
-1.1791673 -7.0720716 0.37915638
-1.13959 -7.0720716 0.38127878
-1.1013076 -7.0720716 0.37882981
-1.0597811 -7.0720716 0.38100016
-1.0147976 -7.0720716 0.37873095
-0.97227931 -7.0720716 0.37854847
-0.93877941 -7.072072 0.3826001
-0.90326434 -7.0720716 0.37963545
-0.85787863 -7.0720716 0.37945831
-0.82209468 -7.0720725 0.38365602
-0.78549731 -7.0720725 0.3780607
-0.73557639 -7.0720725 0.38043097
-0.69726658 -7.072073 0.38478565
-0.65805471 -7.0720739 0.37900469
-0.61809826 -7.072073 0.38343728
-0.57914841 -7.0720739 0.38004547
-0.53547001 -7.0720735 0.38203013
-0.50711894 -7.0720735 0.37800521
-0.46166402 -7.0720739 0.38000855
-0.41951323 -7.0720739 0.37643355
-2.2599506 -10.003121 0.42033863
-2.2214096 -10.003124 0.41958407
-2.1811917 -10.003122 0.4197526
-2.1397262 -10.003124 0.42050135
-2.1018186 -10.003124 0.41973481
-2.0620084 -10.003124 0.41970232
-2.0210133 -10.003124 0.42049837
-1.9785514 -10.003124 0.41966212
-1.940165 -10.003123 0.41995335
-1.9004809 -10.003124 0.42026472
-1.8595574 -10.003122 0.42058611
-1.8233728 -10.003122 0.42036283
-1.7795227 -10.003124 0.41977775
-1.7340317 -10.003122 0.41980529
-1.6949508 -10.003122 0.42080131
-1.6602172 -10.003121 0.42003354
-1.6249249 -10.003123 0.42039505
-1.5816939 -10.003123 0.42014784
-1.5370951 -10.003123 0.41989273
-1.4998416 -10.003122 0.4196783
-1.4605395 -10.003123 0.42078549
-1.4202316 -10.003122 0.42193562
-1.378727 -10.003123 0.42036965
-1.3361295 -10.003123 0.42014822
-1.3011446 -10.003125 0.41854173
-1.2653517 -10.003125 0.42119059
-1.2180574 -10.003126 0.4209643
-1.1710796 -10.003124 0.42156008
-1.1343857 -10.003124 0.41974148
-1.0934947 -10.003125 0.42036384
-1.0515676 -10.003124 0.42101586
-1.0120915 -10.003124 0.41912279
-0.97890973 -10.003124 0.41670316
-0.94622409 -10.003124 0.42122737
-0.90170705 -10.003125 0.41945657
-0.85602772 -10.003125 0.41760835
-0.82101655 -10.003125 0.42231634
-0.78522778 -10.003125 0.41723552
-0.73643547 -10.003125 0.4203136
-0.69901103 -10.003125 0.42015624
-0.66072702 -10.003125 0.41998377
-0.62173295 -10.003126 0.41981992
-0.5818243 -10.003126 0.41964009
-0.54115987 -10.003126 0.41946921
-0.49952096 -10.003127 0.41928157
-0.45707631 -10.003126 0.41910324
-0.42822862 -10.003126 0.42078531
-2.3214417 -7.0720677 0.42000967
-2.3008511 -7.0720677 0.42069072
-2.2627907 -7.0720677 0.42019963
-2.2191505 -7.0720677 0.42041445
-2.1779842 -7.0720677 0.42037293
-2.1403346 -7.0720677 0.42012024
-2.1010046 -7.0720677 0.41994488
-2.0602579 -7.0720677 0.41970426
-2.0182629 -7.0720677 0.42028627
-1.9802867 -7.0720677 0.41984776
-1.9410186 -7.0720677 0.41882944
-1.9012119 -7.0720687 0.42006433
-1.8588566 -7.0720687 0.41989774
-1.8153079 -7.0720692 0.41911539
-1.7761751 -7.0720692 0.4198682
-1.7366738 -7.0720692 0.419447
-1.6960176 -7.0720692 0.42024335
-1.6548822 -7.0720692 0.42107862
-1.6182851 -7.0720701 0.4201442
-1.5810602 -7.0720692 0.4203527
-1.5354125 -7.0720692 0.41990754
-1.4972572 -7.0720701 0.41953412
-1.4569767 -7.0720701 0.4204739
-1.4156392 -7.0720711 0.42145339
-1.3816922 -7.0720711 0.41979185
-1.3381089 -7.0720706 0.42077756
-1.294356 -7.0720711 0.41960225
-1.2565414 -7.0720711 0.42004657
-1.217795 -7.0720716 0.42051473
-1.1813378 -7.0720716 0.41857472
-1.1418144 -7.0720716 0.42117992
-1.0990279 -7.0720716 0.41949499
-1.0586123 -7.0720716 0.41981643
-1.0171952 -7.0720716 0.42016035
-0.97104955 -7.0720716 0.41839623
-0.93877959 -7.072072 0.42039102
-0.90454382 -7.072072 0.42013007
-0.8578788 -7.072072 0.41813272
-0.8220948 -7.0720725 0.42272118
-0.78549743 -7.0720739 0.41752562
-0.73557639 -7.0720725 0.420441
-0.69726658 -7.072073 0.42016041
-0.65805471 -7.0720739 0.41986129
-0.61809826 -7.072073 0.41956866
-0.57718134 -7.0720739 0.41925657
-0.53547019 -7.0720735 0.41895103
-0.50711894 -7.0720735 0.42051011
-0.46374965 -7.0720739 0.42021897
-0.41951358 -7.0720739 0.41989523
-2.2602053 -10.003121 0.46007544
-2.2217336 -10.003124 0.45976603
-2.181742 -10.003122 0.45972151
-2.1406367 -10.003124 0.45989412
-2.1016192 -10.003124 0.45974186
-2.0618124 -10.003124 0.4604052
-2.0212235 -10.003124 0.46030417
-1.9785517 -10.003124 0.45934448
-1.940165 -10.003123 0.46026441
-1.9012341 -10.003124 0.46039644
-1.8602604 -10.003122 0.45989254
-1.8240958 -10.003122 0.46022871
-1.7809502 -10.003124 0.46008417
-1.7356168 -10.003122 0.45983866
-1.6957893 -10.003122 0.4601908
-1.6614738 -10.003121 0.46106431
-1.6258157 -10.003123 0.46081552
-1.5826093 -10.003123 0.45991552
-1.5380399 -10.003123 0.46028954
-1.4998415 -10.003122 0.45928174
-1.4605395 -10.003123 0.46092531
-1.419323 -10.003123 0.46067947
-1.3787224 -10.003122 0.46025154
-1.3370905 -10.003124 0.4598037
-1.301145 -10.003125 0.46085739
-1.2643465 -10.003124 0.46194834
-1.2208171 -10.003126 0.460049
-1.1732125 -10.003124 0.46106249
-1.1322014 -10.003124 0.46005535
-1.0934948 -10.003124 0.46099913
-1.0538611 -10.003124 0.46197927
-1.0109161 -10.003124 0.4585312
-0.97890967 -10.003124 0.45874625
-0.94622409 -10.003125 0.45895585
-0.90295959 -10.003125 0.45995501
-0.85474229 -10.003125 0.45884717
-0.82101655 -10.003125 0.46141222
-0.78389049 -10.003125 0.45929828
-0.73643553 -10.003125 0.46033308
-0.69901109 -10.003125 0.45553094
-0.66072714 -10.003125 0.46083012
-0.62173319 -10.003126 0.45593303
-0.58182448 -10.003127 0.46134809
-0.54115999 -10.003126 0.45635223
-0.49952111 -10.003127 0.46188837
-0.45707631 -10.003126 0.45678967
-0.42822862 -10.003126 0.45874754
-2.3214417 -7.0720677 0.46255609
-2.3008511 -7.0720677 0.46079418
-2.2630527 -7.0720677 0.45984831
-2.2188756 -7.0720677 0.4603048
-2.1778166 -7.0720677 0.46054024
-2.1401587 -7.0720677 0.45948261
-2.100801 -7.0720677 0.45993504
-2.0600572 -7.0720677 0.46040657
-2.0184784 -7.0720677 0.46011016
-1.9802865 -7.0720677 0.45947334
-1.9410187 -7.0720677 0.45909822
-1.9005184 -7.0720692 0.45984662
-1.8585948 -7.0720687 0.46063209
-1.816052 -7.0720692 0.4590826
-1.7777506 -7.0720692 0.45924938
-1.7382971 -7.0720692 0.45942119
-1.6976852 -7.0720692 0.4608275
-1.6557652 -7.0720692 0.46102917
-1.6189476 -7.0720701 0.45994982
-1.5819972 -7.0720692 0.4601087
-1.5363799 -7.0720701 0.46030754
-1.4972575 -7.0720711 0.45914912
-1.4569767 -7.0720701 0.46063882
-1.4156398 -7.0720711 0.46218258
-1.3826461 -7.0720711 0.45883909
-1.3393782 -7.0720706 0.45976573
-1.2933457 -7.072072 0.45994401
-1.255507 -7.0720716 0.46089256
-1.219914 -7.0720716 0.45943302
-1.1802526 -7.072072 0.46038485
-1.1395901 -7.0720716 0.46137422
-1.1013077 -7.0720716 0.45986584
-1.0574435 -7.0720716 0.45867428
-1.0159965 -7.0720716 0.45948562
-0.97350955 -7.072072 0.46033224
-0.93877983 -7.072072 0.45818198
-0.90582275 -7.072072 0.46057925
-0.85656554 -7.0720725 0.45932612
-0.82209492 -7.0720725 0.46178639
-0.78549767 -7.0720739 0.45699042
-0.73557675 -7.0720739 0.46045104
-0.6972667 -7.072073 0.45553529
-0.65805501 -7.0720739 0.46071795
-0.61809832 -7.0720735 0.45569995
-0.57718134 -7.0720739 0.46099633
-0.53547049 -7.0720735 0.45587194
-0.50711894 -7.0720735 0.46301502
-0.46583527 -7.0720744 0.46036679
-0.4195137 -7.0720739 0.46335682
-2.2604618 -10.003122 0.49979818
-2.22206 -10.003124 0.49992999
-2.1814637 -10.003121 0.50033432
-2.1391885 -10.003124 0.49996868
-2.1014292 -10.003124 0.49975869
-2.0622153 -10.003124 0.50033057
-2.0210135 -10.003124 0.50009274
-1.9791981 -10.003124 0.49986416
-1.940165 -10.003123 0.50057572
-1.8997327 -10.003124 0.49960285
-1.8595598 -10.003123 0.50036877
-1.8226569 -10.003122 0.50013167
-1.7786504 -10.003124 0.49937373
-1.7340319 -10.003122 0.49989948
-1.6941041 -10.003123 0.49962065
-1.6608455 -10.003122 0.5003978
-1.6266974 -10.003123 0.50119805
-1.5826128 -10.003123 0.4996711
-1.5380399 -10.003123 0.49937144
-1.4998415 -10.003122 0.49888507
-1.4605395 -10.003123 0.50106514
-1.4202316 -10.003122 0.49925795
-1.378727 -10.003123 0.50013262
-1.3361297 -10.003125 0.49962893
-1.3001621 -10.003124 0.50116229
-1.2663579 -10.003124 0.50028491
-1.2180575 -10.003126 0.49917406
-1.17108 -10.003124 0.50092429
-1.1343858 -10.003124 0.50000721
-1.0923761 -10.003124 0.49948862
-1.0527145 -10.003124 0.5009166
-1.0109161 -10.003125 0.50018108
-0.97890979 -10.003125 0.50078923
-0.94500339 -10.003125 0.49915946
-0.90170693 -10.003125 0.50064743
-0.85602772 -10.003125 0.49989042
-0.82101655 -10.003125 0.50050807
-0.78522778 -10.003125 0.50116116
-0.73643553 -10.003125 0.50035262
-0.69901109 -10.003126 0.49595922
-0.66072714 -10.003125 0.50167644
-0.62173319 -10.003126 0.49720514
-0.57990634 -10.003127 0.50061482
-0.54116011 -10.003126 0.49850428
-0.49751949 -10.003127 0.50200224
-0.45707655 -10.003126 0.49985999
-0.42822886 -10.003126 0.4967097
-2.3214417 -7.0720677 0.50226605
-2.3010035 -7.0720677 0.50018531
-2.2627907 -7.0720677 0.49952349
-2.2186079 -7.0720677 0.50021005
-2.1778109 -7.0720677 0.49996281
-2.1397848 -7.0720677 0.49956203
-2.1006067 -7.0720677 0.49993512
-2.0604696 -7.0720677 0.50033414
-2.0182631 -7.0720687 0.49991462
-1.9808667 -7.0720682 0.50018209
-1.9410187 -7.0720687 0.499367
-1.9005189 -7.0720692 0.50077885
-1.8586003 -7.0720687 0.50051671
-1.8153104 -7.0720692 0.50023246
-1.7762256 -7.0720692 0.49983716
-1.7367257 -7.0720692 0.50062019
-1.6959642 -7.0720692 0.50019848
-1.6548792 -7.0720692 0.49973899
-1.6196102 -7.0720701 0.49972656
-1.5820005 -7.0720692 0.49984854
-1.5363799 -7.0720701 0.49938849
-1.4972575 -7.0720711 0.49876419
-1.4569767 -7.0720701 0.50080365
-1.4147074 -7.0720711 0.50097299
-1.3816926 -7.0720711 0.49804601
-1.338114 -7.072072 0.50015736
-1.2923357 -7.0720716 0.50032443
-1.2575761 -7.0720716 0.49932331
-1.2188547 -7.072072 0.50075543
-1.1802528 -7.0720716 0.49993297
-1.1418145 -7.0720716 0.5012207
-1.0990281 -7.0720716 0.50058705
-1.0597812 -7.0720716 0.49952602
-1.0147978 -7.0720716 0.49885347
-0.97227955 -7.072072 0.50018001
-0.93878001 -7.0720725 0.50069678
-0.90454376 -7.072072 0.5012145
-0.85787904 -7.072073 0.500332
-0.82209504 -7.072073 0.50085157
-0.78412998 -7.0720739 0.49904096
-0.73557687 -7.0720739 0.50046104
-0.69726682 -7.072073 0.49596366
-0.65805507 -7.0720739 0.50157458
-0.61809874 -7.0720735 0.49699295
-0.57718158 -7.0720739 0.50273615
-0.53547066 -7.0720739 0.49806723
-0.50711942 -7.0720735 0.50020689
-0.46374974 -7.0720744 0.5007838
-0.4195137 -7.0720735 0.50138575
-2.2602053 -10.003121 0.5395596
-2.2210884 -10.003124 0.5400762
-2.1817529 -10.003122 0.54033804
-2.1406367 -10.003124 0.54011977
-2.102371 -10.003124 0.53978586
-2.0626147 -10.003124 0.5402354
-2.0216374 -10.003124 0.53989184
-1.9785517 -10.003124 0.54035145
-1.9401652 -10.003123 0.54088676
-1.9004813 -10.003124 0.53973478
-1.8588613 -10.003122 0.54087782
-1.8233728 -10.003122 0.53999829
-1.7800729 -10.003124 0.53966349
-1.7356174 -10.003123 0.53988522
-1.6957427 -10.003123 0.54020429
-1.6602173 -10.003122 0.53975868
-1.6258128 -10.003123 0.54035872
-1.5835222 -10.003123 0.54066956
-1.5380433 -10.003123 0.5397557
-1.4998415 -10.003122 0.53848839
-1.4605395 -10.003123 0.54120505
-1.4202316 -10.003122 0.53994811
-1.3799305 -10.003125 0.53996491
-1.3361297 -10.003125 0.54146707
-1.3021278 -10.003124 0.53903651
-1.2653521 -10.003125 0.54104269
-1.219381 -10.003126 0.53969347
-1.1732126 -10.003124 0.54037422
-1.1322016 -10.003124 0.54037476
-1.094614 -10.003124 0.53990024
-1.0515678 -10.003124 0.5398947
-1.0109162 -10.003124 0.54183078
-0.97890997 -10.003125 0.5381608
-0.94744545 -10.003125 0.54137009
-0.90170717 -10.003125 0.53886199
-0.85731328 -10.003125 0.54088807
-0.82101661 -10.003125 0.53960395
-0.78522778 -10.003125 0.54064792
-0.73643553 -10.003126 0.54037219
-0.69901156 -10.003125 0.5363875
-0.66072714 -10.003126 0.54252273
-0.62173319 -10.003126 0.5384773
-0.58182454 -10.003127 0.5395689
-0.54116011 -10.003126 0.54065633
-0.50152302 -10.003127 0.53894317
-0.45707655 -10.003126 0.54293031
-0.42822886 -10.003126 0.54009503
-2.3214419 -7.0720682 0.54197609
-2.3008511 -7.0720677 0.53956604
-2.2627888 -7.0720677 0.53977108
-2.2191505 -7.0720677 0.5394569
-2.1783321 -7.0720677 0.54014498
-2.1407049 -7.0720677 0.5404368
-2.1015704 -7.0720677 0.53995025
-2.0608785 -7.0720677 0.54024076
-2.0189025 -7.0720677 0.53973311
-1.980287 -7.0720692 0.54091573
-1.9410191 -7.0720687 0.53963584
-1.8998276 -7.0720692 0.54060495
-1.8583281 -7.0720687 0.53953379
-1.8145224 -7.0720692 0.54024297
-1.7777965 -7.0720692 0.53917027
-1.7383436 -7.0720692 0.54054481
-1.6976376 -7.0720692 0.54073346
-1.6540456 -7.0720692 0.53973413
-1.6189476 -7.0720711 0.53964293
-1.5829308 -7.0720701 0.54083347
-1.5363835 -7.0720701 0.53977174
-1.4972575 -7.0720711 0.53837919
-1.4569768 -7.0720701 0.54096854
-1.4156399 -7.0720711 0.53957951
-1.3816926 -7.0720711 0.53923857
-1.3368549 -7.072072 0.54059786
-1.2943565 -7.0720716 0.53827959
-1.2565418 -7.072072 0.54016924
-1.2188549 -7.0720716 0.53982925
-1.1802529 -7.072072 0.5394811
-1.1407024 -7.0720716 0.53912437
-1.1013083 -7.0720716 0.5409019
-1.0586125 -7.072072 0.53838384
-1.0171958 -7.0720716 0.54019773
-0.97104961 -7.072072 0.54007137
-0.93878013 -7.072073 0.54321158
-0.90454388 -7.0720739 0.53937936
-0.85919255 -7.0720739 0.54129118
-0.82209539 -7.072073 0.53991681
-0.78549767 -7.0720739 0.54087007
-0.73557693 -7.0720739 0.54047114
-0.69726682 -7.072073 0.53639209
-0.65805507 -7.0720739 0.54243112
-0.61809897 -7.0720735 0.53828591
-0.57521445 -7.0720744 0.54204923
-0.53547072 -7.0720739 0.54026252
-0.50711966 -7.0720739 0.5373987
-0.46166426 -7.0720744 0.54126346
-0.41951394 -7.0720739 0.53941464
-2.2602031 -10.003121 0.57988852
-2.2214098 -10.003124 0.58025241
-2.1811879 -10.003122 0.5797078
-2.139189 -10.003124 0.58024567
-2.1010365 -10.003124 0.57980341
-2.0614061 -10.003124 0.58014727
-2.021014 -10.003124 0.57968003
-1.9785517 -10.003124 0.58003384
-1.9401652 -10.003123 0.58119792
-1.9002287 -10.003124 0.5798468
-1.8595579 -10.003122 0.58017367
-1.8240961 -10.003122 0.57983065
-1.779806 -10.003124 0.57991308
-1.7340322 -10.003123 0.57999378
-1.6949482 -10.003123 0.57963121
-1.6614741 -10.003122 0.58073455
-1.624925 -10.003123 0.57955778
-1.5826097 -10.003123 0.58045256
-1.53804 -10.003123 0.58014071
-1.499842 -10.003122 0.5780918
-1.4605395 -10.003123 0.58134484
-1.4211407 -10.003123 0.57847935
-1.3787272 -10.003126 0.57988012
-1.335169 -10.003124 0.5813421
-1.301145 -10.003125 0.57934141
-1.2653521 -10.003124 0.5795666
-1.2207201 -10.003126 0.58016026
-1.17108 -10.003124 0.58028847
-1.1343859 -10.003124 0.58027297
-1.0923762 -10.003124 0.58078671
-1.0538613 -10.003124 0.58077675
-1.0109164 -10.003124 0.57885289
-0.97890997 -10.003125 0.58020383
-0.94622457 -10.003125 0.58157361
-0.90045482 -10.003125 0.57961255
-0.85602796 -10.003125 0.5821408
-0.82101679 -10.003125 0.57869983
-0.78522801 -10.003125 0.58013463
-0.73643571 -10.003125 0.58039171
-0.69901168 -10.003126 0.57681572
-0.6607272 -10.003127 0.58336914
-0.62173319 -10.003126 0.57974946
-0.58374274 -10.003127 0.57846534
-0.54116011 -10.003126 0.58280843
-0.49952126 -10.003127 0.5790571
-0.45707655 -10.003126 0.58061683
-0.42822886 -10.003126 0.58348042
-2.3214419 -7.0720682 0.58168602
-2.3008513 -7.0720677 0.57966965
-2.2627907 -7.0720677 0.5800187
-2.2188764 -7.0720677 0.57936233
-2.1770983 -7.0720677 0.58032429
-2.1392245 -7.0720677 0.58052552
-2.1002049 -7.0720677 0.57994676
-2.0596409 -7.0720677 0.58014828
-2.0182633 -7.0720687 0.57953578
-1.9802871 -7.0720692 0.58054137
-1.9410192 -7.0720687 0.57990468
-1.9005189 -7.0720692 0.58037996
-1.8588572 -7.0720687 0.57942069
-1.8160522 -7.0720692 0.57897753
-1.7769876 -7.0720692 0.57976174
-1.7367258 -7.0720692 0.58058161
-1.6968265 -7.0720692 0.58010536
-1.6557653 -7.0720692 0.58087313
-1.6182854 -7.0720716 0.57958835
-1.5819976 -7.0720701 0.58059764
-1.5363802 -7.0720701 0.58015573
-1.4972577 -7.0720711 0.57799417
-1.456977 -7.0720701 0.58113343
-1.4156398 -7.0720711 0.58030862
-1.3816929 -7.072072 0.5804311
-1.3381094 -7.0720725 0.57957017
-1.2933459 -7.072072 0.57866001
-1.2555076 -7.0720716 0.58105481
-1.2188547 -7.072072 0.5789032
-1.180253 -7.0720716 0.57902926
-1.1407024 -7.072072 0.57915843
-1.1001683 -7.0720716 0.57929075
-1.0586126 -7.072072 0.57942641
-1.0159972 -7.072072 0.57956553
-0.97350991 -7.072072 0.58192003
-0.93878031 -7.072073 0.58100247
-0.90454412 -7.0720739 0.57754415
-0.85787922 -7.0720739 0.58249891
-0.82209545 -7.072073 0.578982
-0.78549778 -7.0720739 0.58033496
-0.73557693 -7.0720739 0.58048117
-0.69726694 -7.0720735 0.57682043
-0.65805507 -7.0720739 0.58328778
-0.61809897 -7.0720739 0.57957888
-0.57914883 -7.0720744 0.57820749
-0.53547072 -7.0720739 0.58245778
-0.50711966 -7.0720739 0.5799036
-0.46583572 -7.0720744 0.57849514
-0.41951394 -7.0720744 0.58287627
-2.2604525 -10.003121 0.61963224
-2.2222457 -10.003124 0.61964822
-2.1822917 -10.003122 0.6197089
-2.1406369 -10.003124 0.62034541
-2.1016257 -10.003124 0.61982322
-2.0618131 -10.003124 0.62006545
-2.0203867 -10.003124 0.61950028
-1.9785522 -10.003124 0.61971611
-1.9401652 -10.003123 0.62150902
-1.9004816 -10.003124 0.61995453
-1.860261 -10.003122 0.61943609
-1.8233755 -10.003123 0.62091666
-1.7797948 -10.003124 0.6192739
-1.7356174 -10.003123 0.61993194
-1.6941566 -10.003123 0.61909348
-1.6608458 -10.003122 0.62009549
-1.625816 -10.003123 0.61992705
-1.5826095 -10.003123 0.61892605
-1.5389814 -10.003123 0.62045801
-1.4998419 -10.003122 0.61769515
-1.4605396 -10.003125 0.62148482
-1.4202321 -10.003123 0.61724806
-1.3787272 -10.003126 0.62113684
-1.3370907 -10.003124 0.61873883
-1.3011451 -10.003125 0.62165713
-1.2653522 -10.003125 0.61809045
-1.2180576 -10.003126 0.62083393
-1.1732128 -10.003124 0.61968601
-1.1322017 -10.003124 0.62069428
-1.094614 -10.003124 0.62114334
-1.0527146 -10.003124 0.61975479
-1.0109165 -10.003125 0.62050277
-0.97890997 -10.003125 0.62224686
-0.94622457 -10.003125 0.61930209
-0.90170753 -10.003125 0.62008369
-0.85602796 -10.003125 0.62085438
-0.82101679 -10.003125 0.61779571
-0.78522801 -10.003125 0.61962134
-0.73643577 -10.003127 0.62041128
-0.6990118 -10.003126 0.61724401
-0.65888757 -10.003127 0.62188405
-0.62173343 -10.003126 0.62102163
-0.58182478 -10.003127 0.61775303
-0.54116029 -10.003126 0.61969149
-0.49952134 -10.003127 0.62166387
-0.45707655 -10.003126 0.61830336
-0.42822886 -10.003126 0.62144256
-2.3214419 -7.0720682 0.62139606
-2.3008516 -7.0720677 0.61977309
-2.2630429 -7.0720677 0.62026638
-2.219141 -7.0720677 0.61984193
-2.1785295 -7.0720677 0.6197263
-2.1407053 -7.0720677 0.62059855
-2.1008074 -7.0720677 0.61995286
-2.0600574 -7.0720687 0.62006837
-2.0176201 -7.0720687 0.61937118
-1.980287 -7.0720692 0.6201669
-1.9410192 -7.0720687 0.62017339
-1.9005167 -7.0720692 0.6201756
-1.8593912 -7.0720687 0.61928207
-1.8153106 -7.0720692 0.62016177
-1.776176 -7.0720692 0.62039059
-1.7383436 -7.0720692 0.62045765
-1.6960179 -7.0720692 0.61951303
-1.6548795 -7.0720701 0.61962163
-1.6196103 -7.0720716 0.62114996
-1.5819976 -7.0720701 0.61905587
-1.5373441 -7.0720701 0.62047452
-1.4972578 -7.0720711 0.61760914
-1.4569772 -7.0720701 0.62129825
-1.4165722 -7.0720716 0.61886668
-1.3816931 -7.072072 0.62162369
-1.3393786 -7.0720725 0.61849242
-1.2933463 -7.072072 0.62105852
-1.2575765 -7.0720716 0.61940646
-1.2177955 -7.0720716 0.62029219
-1.180253 -7.072072 0.61857736
-1.1407026 -7.0720716 0.61919242
-1.1001683 -7.072072 0.61982274
-1.0586128 -7.072072 0.62046897
-1.0147983 -7.072072 0.61897588
-0.97227991 -7.072073 0.62181151
-0.93878031 -7.072073 0.61879337
-0.90326512 -7.0720739 0.61825275
-0.85787928 -7.0720739 0.62117332
-0.82209563 -7.072073 0.61804718
-0.78549796 -7.0720739 0.61979973
-0.73557723 -7.0720739 0.62049109
-0.69726717 -7.0720735 0.61724883
-0.65617043 -7.0720739 0.62180895
-0.61809903 -7.0720739 0.62087178
-0.5771817 -7.0720744 0.61752057
-0.53547072 -7.0720735 0.61937869
-0.50711966 -7.0720739 0.62240851
-0.46375012 -7.0720744 0.6189748
-0.41951394 -7.0720744 0.62090516
-2.2607038 -10.003121 0.65936202
-2.2215726 -10.003123 0.65982473
-2.1806426 -10.003122 0.65970749
-2.1393468 -10.003124 0.65974241
-2.1022048 -10.003124 0.65981394
-2.0627873 -10.003124 0.66073167
-2.0208077 -10.003124 0.66011131
-1.9785522 -10.003124 0.6593985
-1.9401654 -10.003123 0.66182017
-1.9007294 -10.003124 0.66005057
-1.8595605 -10.003123 0.65995628
-1.8226104 -10.003122 0.66086757
-1.7806281 -10.003125 0.65948957
-1.7340322 -10.003123 0.66008806
-1.6957897 -10.003123 0.65960491
-1.6602173 -10.003122 0.65948385
-1.6266978 -10.003123 0.66025919
-1.581694 -10.003123 0.65876108
-1.5380399 -10.003123 0.66089636
-1.4998419 -10.003122 0.65729845
-1.4605396 -10.003125 0.66162473
-1.4202321 -10.003125 0.65793818
-1.3775282 -10.003126 0.66111487
-1.3361299 -10.003125 0.65861392
-1.3011451 -10.003124 0.65974128
-1.2653522 -10.003125 0.66089475
-1.2208173 -10.003126 0.65974534
-1.1710801 -10.003124 0.65965259
-1.1343863 -10.003124 0.66053879
-1.0934952 -10.003124 0.6596604
-1.0527146 -10.003126 0.66089112
-1.0109165 -10.003125 0.66215247
-0.97890997 -10.003125 0.65961844
-0.94500375 -10.003125 0.65956235
-0.90296006 -10.003125 0.6605103
-0.85602796 -10.003125 0.65956789
-0.82101679 -10.003125 0.65689158
-0.78656524 -10.003126 0.66139299
-0.73643577 -10.003127 0.66043079
-0.6990118 -10.003126 0.65767217
-0.66072738 -10.003127 0.65997356
-0.6217339 -10.003126 0.66229385
-0.58182478 -10.003127 0.65946102
-0.54116035 -10.003126 0.65657461
-0.49751973 -10.003127 0.66185963
-0.45707679 -10.003126 0.66137367
-0.42822903 -10.003126 0.65940475
-2.3214419 -7.0720682 0.66110599
-2.3008516 -7.0720677 0.65987653
-2.2632997 -7.0720677 0.6599164
-2.219408 -7.0720677 0.66030645
-2.1772983 -7.0720677 0.65994275
-2.1393862 -7.0720677 0.65996057
-2.1014001 -7.0720687 0.6599291
-2.0610549 -7.0720682 0.66073775
-2.0180516 -7.0720687 0.66000116
-1.9802873 -7.0720692 0.65979248
-1.9410194 -7.0720687 0.66044217
-1.9012126 -7.0720692 0.65876937
-1.8585953 -7.0720687 0.6600439
-1.8145226 -7.0720692 0.66020882
-1.7777513 -7.0720692 0.65965128
-1.7367258 -7.0720692 0.66054296
-1.6976856 -7.0720692 0.65997428
-1.6540457 -7.0720701 0.65965325
-1.618948 -7.0720711 0.66109526
-1.5810609 -7.0720701 0.65887308
-1.5363803 -7.0720701 0.66090906
-1.4972579 -7.0720711 0.65722418
-1.4569772 -7.072072 0.66146314
-1.41564 -7.072072 0.65768254
-1.3807395 -7.0720716 0.66090608
-1.3381145 -7.072073 0.65894961
-1.2923361 -7.0720716 0.66149127
-1.2565421 -7.072072 0.66029197
-1.2199146 -7.0720716 0.65907741
-1.1791677 -7.0720716 0.66048223
-1.1407026 -7.072072 0.65922648
-1.1001683 -7.072072 0.66035473
-1.0574442 -7.0720725 0.65939695
-1.0171959 -7.072073 0.66023511
-0.97228014 -7.0720739 0.65923661
-0.93878031 -7.072073 0.65658432
-0.90582341 -7.0720739 0.66087115
-0.85787952 -7.0720739 0.6598478
-0.82209563 -7.072073 0.65711236
-0.78686589 -7.0720739 0.66155046
-0.73557729 -7.0720739 0.66050106
-0.69726729 -7.0720735 0.65767723
-0.65805554 -7.0720739 0.65991187
-0.61809921 -7.0720739 0.66216475
-0.57718205 -7.0720744 0.65926033
-0.53547084 -7.0720739 0.65629959
-0.50711983 -7.0720735 0.65960026
-0.46375045 -7.0720744 0.66195339
-0.41951394 -7.0720744 0.65893412
-2.2602055 -10.003121 0.69969243
-2.2210886 -10.003124 0.70076841
-2.1817374 -10.003122 0.69968939
-2.1404371 -10.003124 0.69981039
-2.1008735 -10.003124 0.69990689
-2.0620124 -10.003124 0.70066994
-2.0212247 -10.003124 0.7007013
-1.9785522 -10.003124 0.69908077
-1.9401654 -10.003123 0.70213127
-1.9012346 -10.003124 0.69926476
-1.8595605 -10.003123 0.70158792
-1.8240967 -10.003122 0.69943255
-1.7789785 -10.003125 0.70071429
-1.7356175 -10.003123 0.69997859
-1.6941046 -10.003123 0.69915891
-1.6614743 -10.003122 0.70040488
-1.6258131 -10.003123 0.69947058
-1.582613 -10.003123 0.6997332
-1.53804 -10.003124 0.69997823
-1.4998419 -10.003122 0.69690186
-1.4605397 -10.003126 0.70176452
-1.4202321 -10.003125 0.69862825
-1.3787228 -10.003126 0.69954062
-1.3361299 -10.003125 0.70045203
-1.3011451 -10.003125 0.69782543
-1.2653524 -10.003124 0.6994186
-1.2193866 -10.003126 0.70037359
-1.173213 -10.003124 0.69899774
-1.1332941 -10.003124 0.69860566
-1.0934954 -10.003126 0.70029569
-1.0527151 -10.003124 0.70202738
-1.0109166 -10.003125 0.69917452
-0.97891021 -10.003125 0.69699001
-0.94744563 -10.003125 0.70165962
-0.90170765 -10.003125 0.70127451
-0.85602808 -10.003125 0.69828141
-0.82101679 -10.003125 0.6959874
-0.78522801 -10.003127 0.70351416
-0.73643577 -10.003127 0.7004503
-0.6990118 -10.003126 0.69810045
-0.66256714 -10.003127 0.6980077
-0.6217339 -10.003126 0.70356601
-0.58182478 -10.003127 0.70116901
-0.54116035 -10.003126 0.69872665
-0.50152326 -10.003127 0.69863665
-0.45707679 -10.003126 0.6990602
-0.42822909 -10.003126 0.70279014
-2.3214419 -7.0720682 0.70081598
-2.3013141 -7.0720677 0.69923073
-2.2627909 -7.0720677 0.70016384
-2.218065 -7.0720677 0.70022011
-2.1783705 -7.0720677 0.69931144
-2.1405013 -7.0720677 0.69999975
-2.1000383 -7.0720682 0.70000279
-2.060262 -7.0720687 0.70067388
-2.0184791 -7.0720687 0.70060968
-1.9802871 -7.0720692 0.69941795
-1.9410195 -7.0720687 0.70071107
-1.9005193 -7.0720692 0.69861788
-1.8578042 -7.0720687 0.70084304
-1.8160526 -7.0720692 0.69887251
-1.7762266 -7.0720692 0.70035571
-1.738344 -7.0720692 0.70037043
-1.6959647 -7.0720701 0.69947207
-1.6557654 -7.0720701 0.70071715
-1.6189483 -7.0720711 0.69904912
-1.582001 -7.0720701 0.69983113
-1.5363802 -7.0720716 0.69999003
-1.4972581 -7.072072 0.69683915
-1.4569772 -7.072073 0.70162797
-1.41564 -7.072072 0.69841164
-1.3816931 -7.072072 0.69990128
-1.3381145 -7.072073 0.70073706
-1.2943568 -7.0720716 0.69934165
-1.2555077 -7.0720716 0.70121706
-1.2188553 -7.072072 0.70046628
-1.1813384 -7.0720716 0.69971108
-1.1407031 -7.0720716 0.69926047
-1.1001685 -7.072072 0.70088673
-1.0597821 -7.0720739 0.70010835
-1.0159972 -7.0720725 0.6996454
-0.97105026 -7.0720739 0.69918513
-0.93878043 -7.0720735 0.69909912
-0.90454423 -7.0720739 0.70157975
-0.85787952 -7.0720739 0.69852215
-0.82209563 -7.0720735 0.69617754
-0.78549814 -7.0720739 0.70364571
-0.73557729 -7.0720739 0.70051116
-0.69726729 -7.0720739 0.69810563
-0.6599403 -7.0720744 0.69795829
-0.61809921 -7.0720739 0.70345771
-0.57718205 -7.0720744 0.70100009
-0.53547108 -7.0720739 0.69849491
-0.50711989 -7.0720744 0.69679207
-0.4637506 -7.0720744 0.69955951
-0.41951424 -7.0720749 0.70239568
-2.2602055 -10.003121 0.74060559
-2.2215705 -10.003124 0.74016243
-2.1820018 -10.003121 0.74026418
-2.1393468 -10.003124 0.7400139
-2.1023712 -10.003124 0.74060756
-2.0620124 -10.003124 0.738985
-2.0216384 -10.003124 0.74127054
-1.9785522 -10.003124 0.73876309
-1.9395106 -10.003122 0.74140882
-1.9004818 -10.003124 0.73940891
-1.858816 -10.003123 0.74100119
-1.8233759 -10.003124 0.74055213
-1.7807014 -10.003124 0.73996842
-1.7340323 -10.003123 0.74018234
-1.695743 -10.003123 0.73962164
-1.660846 -10.003122 0.73979318
-1.6249254 -10.003123 0.73872036
-1.5835223 -10.003123 0.7406671
-1.53804 -10.003125 0.7390601
-1.4991378 -10.003124 0.73862404
-1.4605401 -10.003126 0.74190438
-1.4202321 -10.003125 0.73931831
-1.3799309 -10.003126 0.73791796
-1.3361301 -10.003125 0.7422902
-1.3011451 -10.003125 0.74014115
-1.2653522 -10.003125 0.73794258
-1.2193865 -10.003125 0.7394622
-1.1721466 -10.003125 0.74103248
-1.133294 -10.003125 0.73875207
-1.0934952 -10.003125 0.74093091
-1.0527152 -10.003125 0.73859298
-1.0109166 -10.003126 0.74082434
-0.97891027 -10.003125 0.73903304
-0.94622481 -10.003125 0.74191988
-0.90170777 -10.003125 0.73948908
-0.8560282 -10.003126 0.73699498
-0.82101727 -10.003125 0.73997027
-0.78522825 -10.003127 0.74300081
-0.73643589 -10.003127 0.74046987
-0.69901192 -10.003126 0.73852867
-0.66072738 -10.003127 0.73654282
-0.6217339 -10.003126 0.73967916
-0.58182478 -10.003127 0.74287701
-0.54116035 -10.003126 0.7408787
-0.49952149 -10.003127 0.73883247
-0.45707679 -10.003126 0.73674673
-0.42822909 -10.003127 0.74075228
-2.3214424 -7.0720682 0.7405259
-2.3008516 -7.0720677 0.73864263
-2.2627912 -7.0720677 0.74099469
-2.219147 -7.0720682 0.7394799
-2.1778142 -7.0720682 0.73951995
-2.1393862 -7.0720687 0.74016917
-2.1015706 -7.0720682 0.74069065
-2.060262 -7.0720687 0.73898941
-2.018903 -7.0720687 0.74119681
-1.9802871 -7.0720692 0.73904359
-1.9410194 -7.0720687 0.74097985
-1.9005193 -7.0720692 0.73955005
-1.85859 -7.0720687 0.73982674
-1.815311 -7.0720692 0.74009115
-1.777797 -7.0720701 0.73956871
-1.7367266 -7.0720692 0.74050444
-1.697638 -7.0720701 0.73988372
-1.65488 -7.0720701 0.73950446
-1.6182861 -7.0720716 0.73903239
-1.5829314 -7.0720701 0.74074996
-1.5363804 -7.0720725 0.73907089
-1.4965366 -7.072072 0.73857266
-1.4569772 -7.072073 0.74179274
-1.4156402 -7.072072 0.73914087
-1.3826468 -7.0720716 0.73886001
-1.3368552 -7.0720725 0.74126005
-1.2933465 -7.072072 0.73977453
-1.2575766 -7.0720716 0.73948967
-1.2188553 -7.072072 0.73954034
-1.1802536 -7.072072 0.74161595
-1.1407031 -7.072072 0.73929447
-1.1001687 -7.0720739 0.74141878
-1.0586133 -7.0720739 0.73903644
-1.0147986 -7.0720739 0.73909837
-0.97351044 -7.0720739 0.74091965
-0.93878078 -7.072073 0.74161386
-0.90454447 -7.0720739 0.73974454
-0.85787988 -7.0720739 0.73719656
-0.82209569 -7.0720735 0.74012583
-0.78549814 -7.0720744 0.74311066
-0.73557746 -7.0720744 0.74052119
-0.69726729 -7.0720739 0.73853397
-0.65805578 -7.0720744 0.73650002
-0.61809921 -7.0720735 0.73958904
-0.57718205 -7.0720744 0.74273992
-0.53547144 -7.0720744 0.74069023
-0.50711989 -7.0720744 0.73929697
-0.4637506 -7.0720749 0.73716575
-0.41951442 -7.0720749 0.74042463
-2.2602055 -10.003121 0.7669071
-2.2234521 -10.003121 0.76452523
-2.1794591 -10.003121 0.7664659
-2.1419361 -10.003121 0.76447773
-2.0995429 -10.003121 0.76674688
-2.0620127 -10.003121 0.76452839
-2.0175381 -10.003121 0.76680058
-1.9785526 -10.003121 0.76521802
-1.9429486 -10.003122 0.76447135
-1.9004815 -10.003121 0.7667163
-1.8619426 -10.003122 0.76488823
-1.8233761 -10.003122 0.76518291
-1.7798009 -10.003123 0.76596534
-1.7380674 -10.003123 0.76516914
-1.6915724 -10.003123 0.76598012
-1.660846 -10.003123 0.76597703
-1.6286541 -10.003123 0.76480514
-1.58261 -10.003123 0.76512545
-1.5380402 -10.003124 0.7664175
-1.5024248 -10.003124 0.76569921
-1.4605399 -10.003124 0.76598829
-1.4202323 -10.003124 0.76373237
-1.3787274 -10.003124 0.76553518
-1.3361303 -10.003124 0.76739311
-1.3011453 -10.003124 0.76553059
-1.2653524 -10.003124 0.76362514
-1.2193865 -10.003124 0.76552123
-1.1721466 -10.003124 0.76747847
-1.1332941 -10.003125 0.76551622
-1.0934952 -10.003125 0.76350611
-1.0527151 -10.003125 0.7660172
-1.0109166 -10.003125 0.76859093
-0.97891021 -10.003125 0.76706171
-0.94622481 -10.003125 0.76550013
-0.90170777 -10.003125 0.76337326
-0.85217196 -10.003125 0.7642433
-0.8210175 -10.003125 0.76929218
-0.78522825 -10.003126 0.76768005
-0.73643601 -10.003126 0.76548213
-0.69901204 -10.003126 0.76379633
-0.66072762 -10.003126 0.76207173
-0.62173402 -10.003126 0.76547426
-0.5818249 -10.003126 0.7689445
-0.54116035 -10.003126 0.76722372
-0.49952149 -10.003126 0.76546174
-0.45707679 -10.003126 0.76366568
-0.42822909 -10.003127 0.76244497
-2.3110952 -9.9681969 0.78695655
-2.26316 -9.9660645 0.77588969
-2.2084887 -9.9611568 0.77792048
-2.1836812 -9.965333 0.77619332
-2.1248162 -9.9602165 0.77830976
-2.0980656 -9.9645414 0.77652025
-2.0128937 -9.962553 0.77734339
-1.9909301 -9.9659595 0.7759341
-1.9211662 -9.9604139 0.77822882
-1.8974247 -9.9639397 0.77677035
-1.8732817 -9.9675217 0.77528715
-1.778957 -9.9642267 0.7766518
-1.6679833 -9.961937 0.77759963
-1.6391833 -9.9658327 0.77598763
-1.5262885 -9.9621353 0.77751786
-1.4943404 -9.9662418 0.77581692
-1.3807175 -9.9609365 0.778014
-1.3454243 -9.9652433 0.77623135
-1.1804252 -9.9641361 0.77669048
-1.0113518 -9.9612942 0.7778672
-0.98183608 -9.9645081 0.77653754
-0.95185161 -9.9677582 0.77518678
-0.77390862 -9.9632139 0.77707374
-0.74013305 -9.9666567 0.77564442
-0.53905463 -9.961751 0.77767944
-0.5007236 -9.9654112 0.77616197
-2.2996199 -9.9543867 0.78962409
-2.2599671 -9.9544506 0.78975523
-2.2216182 -9.9543419 0.7896235
-2.178612 -9.9543152 0.7897197
-2.1415451 -9.9545288 0.78930414
-2.0993912 -9.9542704 0.78917241
-2.0581098 -9.9544096 0.78984177
-2.0193954 -9.9542618 0.79023165
-1.9787413 -9.9547224 0.78771746
-1.9393595 -9.9542971 0.79055721
-1.8988807 -9.9541969 0.7898407
-1.8594491 -9.9545984 0.78830963
-1.8215953 -9.9548378 0.78854746
-1.7845925 -9.9539852 0.79126513
-1.7440839 -9.9544201 0.78910691
-1.7042377 -9.9547653 0.78791022
-1.6599662 -9.9539928 0.79118425
-1.6201208 -9.9539566 0.79105568
-1.5819991 -9.9550619 0.78708071
-1.5431888 -9.9547443 0.7884497
-1.4952918 -9.9538574 0.79174268
-1.4564937 -9.954628 0.7887333
-1.4189154 -9.954915 0.7880764
-1.3819298 -9.9537373 0.7912671
-1.3378931 -9.9545755 0.7875616
-1.2969898 -9.9542513 0.79072779
-1.2590319 -9.9546309 0.78901625
-1.2223617 -9.9548864 0.78910458
-1.1832563 -9.9540844 0.79000062
-1.1424551 -9.9544725 0.78821707
-1.0993296 -9.9545259 0.78904152
-1.05887 -9.9547625 0.78912282
-1.018304 -9.9537039 0.79203171
-0.97784108 -9.9537201 0.79193848
-0.94545954 -9.9547005 0.78748149
-0.90320075 -9.9547319 0.78731465
-0.85753286 -9.9541149 0.79029673
-0.82272077 -9.9559956 0.78646511
-0.78536111 -9.9537029 0.79236358
-0.7390607 -9.9537325 0.79226726
-0.7020514 -9.9547548 0.78750229
-0.65964931 -9.9541759 0.78926635
-0.61987263 -9.955658 0.78432208
-0.57242286 -9.9545069 0.78946304
-0.53263068 -9.9535866 0.79326558
-0.50329518 -9.9538145 0.79222357
-0.45838976 -9.9541645 0.79062855
-0.41255832 -9.9545202 0.78900057
-2.3769395 -7.1218209 0.79254055
-2.3401699 -7.1216717 0.79283053
-2.3040533 -7.1218629 0.79250139
-2.2585394 -7.1217632 0.79322296
-2.2211251 -7.1217027 0.79201603
-2.178025 -7.1217175 0.792099
-2.1416514 -7.1215987 0.79244345
-2.1002409 -7.1219125 0.7924757
-2.0578513 -7.1216941 0.79313338
-2.0231433 -7.1218152 0.79295212
-1.9805692 -7.1217675 0.79189122
-1.9379399 -7.12146 0.79196978
-1.9010724 -7.1220813 0.7946462
-1.8578799 -7.1216979 0.79130423
-1.8155178 -7.1215491 0.79184443
-1.7800757 -7.1217856 0.79317826
-1.7353693 -7.1218019 0.79237944
-1.6995271 -7.121398 0.79051924
-1.6641911 -7.1217723 0.79367763
-1.6201886 -7.1220379 0.79399294
-1.5813121 -7.121696 0.79208159
-1.541099 -7.1212654 0.79010421
-1.4996829 -7.1220841 0.79467326
-1.4607126 -7.1220345 0.7941789
-1.417201 -7.121666 0.79215842
-1.3812875 -7.1213021 0.79049051
-1.3470224 -7.1220856 0.79306918
-1.297066 -7.1220856 0.79421288
-1.2526741 -7.1218224 0.79311371
-1.2126603 -7.121439 0.79136479
-1.1759604 -7.1214604 0.79123384
-1.132872 -7.1220875 0.79234052
-1.1013529 -7.1220875 0.79100668
-1.0689225 -7.1219921 0.79418039
-1.024076 -7.121594 0.79234254
-0.97799563 -7.1211805 0.79045409
-0.93394542 -7.1220894 0.79338372
-0.89845204 -7.1220894 0.79197872
-0.85806608 -7.122088 0.7936101
-0.81641555 -7.1219468 0.79525948
-0.78119034 -7.1213708 0.79063559
-0.73846769 -7.1215096 0.79231387
-0.69592381 -7.1220913 0.79407233
-0.65526223 -7.1220913 0.79257369
-0.61380029 -7.1220918 0.79104555
-0.58553958 -7.122066 0.79000401
-0.5414862 -7.1217346 0.79364526
-0.49648249 -7.1213827 0.79204679
-0.46585214 -7.1211424 0.79095876
-0.42268133 -7.1220932 0.79485863
-2.3750112 -7.1176949 0.78134775
-2.3411174 -7.1153069 0.77955258
-2.298125 -7.1181154 0.78183013
-2.2621415 -7.1149521 0.77928418
-2.2197115 -7.1178045 0.7812106
-2.1852217 -7.1153083 0.77987844
-2.1390052 -7.1177406 0.78062028
-2.0992413 -7.1150117 0.77985483
-2.0626364 -7.1181827 0.78064835
-2.0166252 -7.1165814 0.78094953
-1.9825025 -7.116271 0.78045881
-1.9441675 -7.1174636 0.77975076
-1.898995 -7.1155467 0.78038782
-1.8612127 -7.1185703 0.78158444
-1.819219 -7.1165166 0.77911967
-1.7772398 -7.1151333 0.78023285
-1.7432839 -7.1187072 0.78191376
-1.6980337 -7.1169586 0.77938128
-1.6518176 -7.1154332 0.78054398
-1.6214052 -7.115046 0.78014821
-1.5818838 -7.1181531 0.78057283
-1.5350963 -7.1144047 0.77808213
-1.4942191 -7.1141639 0.77986759
-1.462464 -7.1188402 0.78223336
-1.4268935 -7.1180973 0.78043687
-1.3855363 -7.1150494 0.77834809
-1.3394612 -7.1144462 0.78019452
-1.3034104 -7.1190138 0.78265238
-1.263857 -7.1182327 0.78076273
-1.2194964 -7.1157646 0.77864343
-1.1791143 -7.1110988 0.77671427
-1.149079 -7.1157146 0.78119725
-1.1041682 -7.1187987 0.78212965
-1.0593231 -7.1179638 0.78010958
-1.0191817 -7.1149378 0.77830148
-0.988832 -7.1116314 0.77693444
-0.94877994 -7.1139545 0.77985293
-0.90260589 -7.1189923 0.78259665
-0.86488223 -7.1183329 0.78100038
-0.82408357 -7.1168127 0.77927399
-0.77464962 -7.1122313 0.77718222
-0.73973656 -7.1086612 0.77570498
-0.7028271 -7.1196709 0.78423476
-0.66064668 -7.1189804 0.78256506
-0.61738145 -7.1182723 0.78085244
-0.57076526 -7.1166506 0.77900708
-0.53176284 -7.1129112 0.77746326
-0.49198818 -7.1091065 0.77588886
-0.43136024 -7.1197076 0.78432173
-2.3214424 -7.0720692 0.76605374
-2.3008518 -7.0720682 0.76442349
-2.2608867 -7.0720682 0.76677608
-2.2208788 -7.0720692 0.76437271
-2.1778142 -7.0720701 0.76681226
-2.1420333 -7.0720701 0.76461822
-2.0986764 -7.0720701 0.76681441
-2.060262 -7.0720701 0.7645331
-2.0147011 -7.0720706 0.76673084
-1.9802874 -7.0720706 0.76546049
-1.9444268 -7.0720701 0.7650311
-1.9005194 -7.0720706 0.76683825
-1.8612115 -7.0720706 0.76476181
-1.8121591 -7.0720706 0.76635253
-1.776988 -7.0720711 0.76590347
-1.7408442 -7.0720711 0.76545525
-1.693379 -7.0720711 0.76620126
-1.6548799 -7.0720711 0.76572871
-1.6213773 -7.0720711 0.76498491
-1.5819979 -7.0720711 0.7651971
-1.5332959 -7.072072 0.76547337
-1.4999045 -7.0720716 0.76566046
-1.4569775 -7.0720716 0.76589179
-1.4156402 -7.072072 0.7635783
-1.3816931 -7.072072 0.76579767
-1.3425226 -7.072072 0.76575422
-1.2933465 -7.072072 0.76521361
-1.2565422 -7.072072 0.76325428
-1.2188553 -7.072072 0.76558948
-1.1802535 -7.0720725 0.76798141
-1.140703 -7.0720725 0.76598388
-1.1001687 -7.072073 0.76393664
-1.0551068 -7.072073 0.76471049
-1.0195941 -7.072073 0.76602507
-0.97228038 -7.072073 0.76683366
-0.93878078 -7.072073 0.76523322
-0.90454447 -7.072073 0.76359749
-0.85393947 -7.0720735 0.76441342
-0.82209587 -7.0720735 0.76942474
-0.78549838 -7.0720739 0.76777619
-0.73557758 -7.0720739 0.76552749
-0.69726729 -7.0720739 0.76380169
-0.65805578 -7.0720739 0.76203537
-0.61809921 -7.0720739 0.76539713
-0.57718205 -7.0720739 0.76882732
-0.53547144 -7.0720744 0.76706231
-0.50711989 -7.0720744 0.76586258
-0.4637506 -7.0720749 0.76402736
-0.41951442 -7.0720749 0.76215541
-2.3134956 -9.9690914 0.8194257
-2.2987049 -9.9534769 0.81863874
-2.2599812 -9.9531393 0.82107967
-2.2206097 -9.9531355 0.82043427
-2.1798222 -9.9531403 0.81977993
-2.1408234 -9.9531393 0.81948978
-2.1006482 -9.9531412 0.81996262
-2.060801 -9.9531393 0.8210578
-2.0176547 -9.9531403 0.8199439
-1.97919 -9.9531412 0.81815875
-1.9391496 -9.9531412 0.82055199
-1.8983517 -9.9531412 0.82123959
-1.8620292 -9.9531412 0.81965286
-1.8253828 -9.9531412 0.81909168
-1.7861284 -9.9531422 0.81990707
-1.7456623 -9.9531422 0.820759
-1.7055501 -9.9531422 0.82017684
-1.6642601 -9.9531431 0.82082754
-1.6198469 -9.9531431 0.82046372
-1.5825408 -9.9531441 0.81898677
-1.5441506 -9.9531431 0.81746715
-1.4977264 -9.9531441 0.82207721
-1.4560192 -9.953146 0.82201874
-1.4225934 -9.953146 0.82078677
-1.3796871 -9.953145 0.8192054
-1.3356121 -9.953146 0.81758088
-1.2993811 -9.9531469 0.82047957
-1.2622826 -9.9531469 0.81916296
-1.2242874 -9.953146 0.82215089
-1.1853592 -9.9531469 0.82082254
-1.1454656 -9.9531469 0.81946105
-1.1057198 -9.9531479 0.82011098
-1.0626334 -9.9531479 0.82119155
-1.0196158 -9.9531479 0.81978226
-0.97547549 -9.9531488 0.81833619
-0.94164395 -9.9531488 0.81722784
-0.90576947 -9.9531488 0.8187111
-0.86124104 -9.9531479 0.82158154
-0.82375056 -9.9531498 0.82313204
-0.78675628 -9.9531488 0.82202113
-0.73628175 -9.9531488 0.82050532
-0.69753695 -9.9531498 0.81934184
-0.65786999 -9.9531498 0.81815058
-0.61744165 -9.9531507 0.81693655
-0.57802105 -9.9531507 0.81799859
-0.53380561 -9.9531507 0.81970388
-0.50509906 -9.9531507 0.81888103
-0.46117586 -9.9531507 0.82300013
-0.41636443 -9.9531517 0.82177681
-2.377322 -7.1220737 0.82016701
-2.3407674 -7.1220746 0.82097298
-2.302819 -7.1220737 0.8189528
-2.2587445 -7.1220746 0.82074398
-2.2180135 -7.1220756 0.82039326
-2.1807411 -7.1220789 0.81918836
-2.141063 -7.1220803 0.81958944
-2.0999439 -7.1220813 0.82001501
-2.0591249 -7.1220808 0.82106352
-2.020457 -7.1220789 0.82015741
-1.9811107 -7.1220803 0.81833124
-1.9405066 -7.1220798 0.82093292
-1.898447 -7.1220813 0.82132244
-1.8549955 -7.1220798 0.81942463
-1.8172671 -7.1220808 0.81881881
-1.7768207 -7.1220837 0.81958973
-1.7350904 -7.1220837 0.8203969
-1.7008492 -7.1220832 0.82005864
-1.6657066 -7.1220837 0.82095873
-1.6202782 -7.1220841 0.82055277
-1.5820941 -7.1220846 0.81904113
-1.5427723 -7.1220851 0.81748462
-1.5031587 -7.1220851 0.8216725
-1.4608192 -7.1220851 0.822263
-1.4180956 -7.1220846 0.82068837
-1.382978 -7.1220846 0.81939399
-1.3470227 -7.1220856 0.81806898
-1.3022468 -7.122086 0.81902939
-1.2532694 -7.122086 0.81890821
-1.2141352 -7.1220865 0.82186735
-1.1740154 -7.1220865 0.82049817
-1.132872 -7.1220865 0.81909418
-1.1013529 -7.122087 0.81801856
-1.0691502 -7.1220884 0.82146567
-1.0252697 -7.1220889 0.82002807
-0.98021728 -7.1220889 0.81855214
-0.93394542 -7.1220894 0.81703627
-0.89845198 -7.1220894 0.82065237
-0.86349797 -7.1220899 0.82170844
-0.81259441 -7.1220899 0.82285309
-0.77455974 -7.1220903 0.82171088
-0.73561704 -7.1220899 0.82054138
-0.69592404 -7.1220913 0.81934941
-0.65526247 -7.1220922 0.81812835
-0.61380041 -7.1220918 0.81688327
-0.58561069 -7.1220922 0.8160367
-0.54247516 -7.1220927 0.82000619
-0.49846435 -7.1220927 0.81874466
-0.46852374 -7.1220927 0.8232522
-0.42268133 -7.1220932 0.82200068
-2.3134956 -9.9690905 0.8593201
-2.2987134 -9.9534693 0.85881621
-2.2613344 -9.9531298 0.85889465
-2.219799 -9.9531279 0.86100256
-2.179111 -9.9531326 0.8608008
-2.1408353 -9.9531326 0.85959905
-2.1018214 -9.9531307 0.86063957
-2.0601881 -9.9531326 0.86026257
-2.0176668 -9.9531336 0.8589856
-1.9792025 -9.9531364 0.85783046
-1.9396639 -9.9531345 0.85914081
-1.8983648 -9.9531345 0.86223543
-1.8620429 -9.9531355 0.86124396
-1.8246512 -9.9531355 0.86022311
-1.7861418 -9.9531364 0.85917181
-1.7473019 -9.9531374 0.86038184
-1.7055639 -9.9531374 0.86065155
-1.6633828 -9.9531374 0.85955745
-1.6198605 -9.9531374 0.85842878
-1.5825545 -9.9531384 0.85746115
-1.5432526 -9.9531384 0.85920233
-1.4967391 -9.9531384 0.86316466
-1.4560343 -9.9531384 0.86222011
-1.4226083 -9.9531384 0.86144459
-1.3797022 -9.9531393 0.8604489
-1.3356273 -9.9531403 0.85942614
-1.2993953 -9.9531403 0.85858536
-1.2622969 -9.9531403 0.85772449
-1.2243017 -9.9531393 0.86117929
-1.1853738 -9.9531403 0.86032915
-1.1454798 -9.9531412 0.85945779
-1.1045836 -9.9531412 0.85856462
-1.0626467 -9.9531422 0.85764879
-1.0196311 -9.9531422 0.86132509
-0.97549039 -9.9531431 0.8604213
-0.94165879 -9.9531422 0.85972863
-0.90836853 -9.9531441 0.86117387
-0.85992873 -9.9531422 0.86288905
-0.8237651 -9.9531441 0.862198
-0.78677034 -9.9531441 0.86149108
-0.73629534 -9.953145 0.8605265
-0.69755 -9.953145 0.85978609
-0.65788233 -9.953146 0.85902816
-0.61745334 -9.953146 0.85825545
-0.57604086 -9.9531469 0.85746408
-0.53381574 -9.9531469 0.85665715
-0.50510865 -9.9531469 0.85610855
-0.46118709 -9.9531479 0.86064744
-0.41637477 -9.9531479 0.85985225
-2.3777602 -7.1220737 0.86096799
-2.3407674 -7.1220746 0.86031419
-2.3028195 -7.1220737 0.85901898
-2.2598462 -7.1220751 0.85920298
-2.2172987 -7.122076 0.86068946
-2.1802056 -7.1220813 0.86089331
-2.1410635 -7.1220813 0.8596645
-2.1011324 -7.1220808 0.86067545
-2.0584853 -7.1220803 0.8602674
-2.0204568 -7.1220789 0.85912549
-1.9811107 -7.1220813 0.85794383
-1.9405044 -7.1220794 0.8600924
-1.898447 -7.1220813 0.86228943
-1.8549955 -7.1220798 0.861103
-1.8164995 -7.1220822 0.86005205
-1.7768207 -7.1220837 0.85896885
-1.7367679 -7.1220837 0.86015368
-1.7008492 -7.1220827 0.86057842
-1.6647956 -7.1220837 0.85964334
-1.6202782 -7.1220841 0.85848886
-1.5820941 -7.1220846 0.85749847
-1.5418369 -7.1220851 0.85921472
-1.502414 -7.1220846 0.86334103
-1.4608192 -7.1220851 0.8623758
-1.4180956 -7.1220846 0.86138439
-1.382978 -7.1220856 0.8605696
-1.3470225 -7.1220856 0.85973519
-1.3008078 -7.1220856 0.85866272
-1.2532696 -7.1220865 0.85755956
-1.2141354 -7.122086 0.86099958
-1.1740156 -7.1220865 0.8601234
-1.1328722 -7.1220865 0.85922486
-1.1013529 -7.1220875 0.85853648
-1.0691502 -7.1220884 0.85783315
-1.024035 -7.1220889 0.85941511
-0.98021734 -7.1220884 0.86055815
-0.93394536 -7.1220884 0.85961086
-0.89845204 -7.1220894 0.86366308
-0.86214077 -7.1220894 0.86296916
-0.81259441 -7.1220899 0.86202228
-0.77455974 -7.1220903 0.86129558
-0.73561698 -7.1220903 0.86055136
-0.69592404 -7.1220913 0.85979277
-0.65526247 -7.1220922 0.85901582
-0.61380053 -7.1220918 0.85822344
-0.58561087 -7.1220922 0.85768473
-0.54247534 -7.1220927 0.8568604
-0.49846452 -7.1220927 0.85601944
-0.46852398 -7.1220932 0.86081314
-0.42268145 -7.1220932 0.85999966
-2.3134956 -9.9690924 0.89921504
-2.2988098 -9.9537458 0.89848739
-2.2607844 -9.9535503 0.89902711
-2.2216368 -9.9534254 0.89899403
-2.179369 -9.9535685 0.90083867
-2.1402962 -9.953474 0.89970422
-2.1006994 -9.9534559 0.89916366
-2.0596912 -9.9534369 0.89860374
-2.0180044 -9.9533567 0.89732188
-1.9797947 -9.953475 0.89837587
-1.9406453 -9.9533367 0.89697802
-1.8992342 -9.9534836 0.9006747
-1.861591 -9.9533882 0.89936537
-1.8226714 -9.9538221 0.90138257
-1.7845936 -9.9539833 0.9019984
-1.7449474 -9.9539537 0.90156525
-1.7040813 -9.9539251 0.90111899
-1.661938 -9.9538927 0.90065861
-1.6196693 -9.9536839 0.89907211
-1.582467 -9.9540663 0.90126163
-1.543638 -9.9538889 0.90181142
-1.4967501 -9.9537001 0.90167713
-1.4562688 -9.9541149 0.90388393
-1.4211674 -9.9538326 0.90209579
-1.3799504 -9.9536133 0.90051454
-1.3377976 -9.9537945 0.90127963
-1.2999923 -9.9540138 0.90246677
-1.2609339 -9.953763 0.90056467
-1.2229494 -9.9537506 0.90020162
-1.1840343 -9.9537373 0.89982975
-1.144155 -9.9537239 0.89944857
-1.1032742 -9.9537106 0.89905798
-1.061354 -9.9536982 0.89865744
-1.0180331 -9.9538193 0.902861
-0.97619164 -9.9535189 0.90050495
-0.94368154 -9.9541855 0.90507066
-0.90554106 -9.9537735 0.90193957
-0.85842144 -9.9537535 0.90155351
-0.82228076 -9.9537382 0.90125757
-0.78531033 -9.953723 0.9009546
-0.73731053 -9.9534636 0.89840752
-0.70047867 -9.9540234 0.90327531
-0.6590094 -9.9534454 0.89771998
-0.62070179 -9.95397 0.9026863
-0.57728738 -9.9534273 0.89700234
-0.53740901 -9.9539156 0.9020713
-0.50386077 -9.9536057 0.89864904
-0.45997399 -9.9535875 0.8982895
-0.41520035 -9.9535704 0.89792264
-2.3772001 -7.1219931 0.89744282
-2.3406823 -7.1220183 0.89684457
-2.3027694 -7.1220412 0.89622325
-2.2589993 -7.1220694 0.89550596
-2.2188582 -7.1220775 0.89620775
-2.1802053 -7.1220794 0.89724457
-2.1401904 -7.1219816 0.89753181
-2.0999706 -7.1217494 0.8991825
-2.0587742 -7.1218343 0.89791977
-2.0209754 -7.1217041 0.89895159
-1.9806343 -7.1218057 0.89755315
-1.9407245 -7.1218076 0.8980003
-1.8990093 -7.1218534 0.89912707
-1.8559656 -7.1217518 0.90018314
-1.8160598 -7.1218443 0.89883232
-1.7764163 -7.1218667 0.89834511
-1.7355366 -7.1218901 0.89784276
-1.7005152 -7.1219091 0.89741242
-1.664497 -7.1219311 0.8969698
-1.6200246 -7.1219563 0.89642322
-1.58188 -7.1219778 0.89595431
-1.5437973 -7.1219873 0.89789283
-1.5022546 -7.1220078 0.89893043
-1.460719 -7.1220374 0.8984766
-1.4180577 -7.1220675 0.89801055
-1.382978 -7.1220856 0.89762735
-1.3470227 -7.1220856 0.89723474
-1.3008077 -7.1220856 0.89673018
-1.2532696 -7.122086 0.89621109
-1.2141354 -7.122086 0.89578378
-1.1740156 -7.1220865 0.89534569
-1.1328722 -7.1220865 0.89489639
-1.1013532 -7.1220875 0.89455229
-1.0691504 -7.1220884 0.89420062
-1.0268577 -7.1220889 0.89571923
-0.98021746 -7.1220889 0.89789683
-0.93394548 -7.1220894 0.8974548
-0.89845204 -7.1220894 0.89711571
-0.86214083 -7.1220894 0.89676881
-0.81259441 -7.1220899 0.89629537
-0.77455974 -7.1220908 0.89593202
-0.73561698 -7.1220908 0.89555997
-0.69592404 -7.1220913 0.89518076
-0.65526247 -7.1220918 0.89479226
-0.61240005 -7.1215749 0.89955795
-0.58423233 -7.1215868 0.89932716
-0.5411315 -7.1216059 0.89897406
-0.49715728 -7.1216249 0.89861381
-0.46724212 -7.1216373 0.89836872
-0.4214398 -7.1216569 0.89799356
-2.3773141 -7.119298 0.91676533
-2.3409386 -7.119401 0.91651708
-2.2989831 -7.1195197 0.9162308
-2.2597609 -7.1196313 0.91596317
-2.2189884 -7.1197462 0.91568488
-2.1766927 -7.1198664 0.91539633
-2.1426449 -7.1199627 0.91516399
-1.8089595 -7.1179776 0.91995901
-1.7826039 -7.1180215 0.91985112
-1.7421188 -7.1180916 0.91968536
-1.7003609 -7.1181626 0.91951442
-1.6572698 -7.1182365 0.91933799
-1.6203289 -7.118299 0.91918677
-1.5823098 -7.1183639 0.91903114
-1.5433084 -7.1184301 0.91887152
-1.5031363 -7.1184983 0.91870707
-1.4618968 -7.1185694 0.91853821
-1.4193836 -7.1186423 0.91836423
-1.3757077 -7.1187162 0.91818535
-1.3397989 -7.1187773 0.91803837
-1.303027 -7.1188402 0.91788781
-1.2653605 -7.1189046 0.91773361
-1.2267662 -7.1189704 0.9175756
-1.1872091 -7.1190376 0.91741371
-1.1466539 -7.1191068 0.91724765
-1.1050609 -7.1191778 0.91707736
-1.0623907 -7.1192508 0.91690266
-1.0186001 -7.1193252 0.91672343
-0.97364473 -7.1194019 0.91653937
-0.93917465 -7.1194601 0.91639829
-0.90392447 -7.1195202 0.91625392
-0.85584593 -7.1196022 0.91605711
-0.81895304 -7.1196647 0.91590613
-0.78119576 -7.119729 0.91575158
-0.7427249 -7.1197948 0.91559404
-0.70333266 -7.1198616 0.91543281
-0.66317964 -7.1199298 0.91526842
-0.63589001 -7.119976 0.91515666
-2.2602055 -10.003123 0.94225001
-2.2215736 -10.003124 0.94246107
-2.1814666 -10.003123 0.94268024
-2.139914 -10.003124 0.94290704
-2.1016233 -10.003124 0.94311619
-2.0620129 -10.003124 0.94333249
-2.0210147 -10.003124 0.94355649
-1.9785531 -10.003123 0.94048154
-1.9401658 -10.003123 0.94063866
-1.9004819 -10.003124 0.94080144
-1.8595608 -10.003123 0.94096893
-1.8233768 -10.003123 0.94111723
-1.7798011 -10.003124 0.94129562
-1.7348009 -10.003123 0.94148004
-1.6949488 -10.003123 0.9416433
-1.6608465 -10.003123 0.94178307
-1.6258138 -10.003126 0.94192672
-1.5826105 -10.003126 0.94210356
-1.5380403 -10.003126 0.94228619
-1.4998424 -10.003125 0.9424426
-1.4605402 -10.003126 0.94260371
-1.4202324 -10.003125 0.94276887
-1.3787276 -10.003126 0.94293892
-1.3361305 -10.003125 0.94311333
-1.3011456 -10.003125 0.93902504
-1.2653527 -10.003124 0.93912286
-1.2193868 -10.003126 0.93924826
-1.1721469 -10.003125 0.93937743
-1.1332943 -10.003125 0.93948358
-1.0934955 -10.003125 0.93959224
-1.0527153 -10.003125 0.93970364
-1.0109169 -10.003125 0.93981791
-0.97891045 -10.003126 0.93990529
-0.94622517 -10.003127 0.93999457
-0.90170801 -10.003127 0.94011611
-0.85602844 -10.003127 0.94024098
-0.82101774 -10.003126 0.94033659
-0.78522849 -10.003127 0.94043434
-0.73643637 -10.003127 0.94056761
-0.69901228 -10.003126 0.94066983
-0.66072786 -10.003127 0.94077438
-0.62173438 -10.003126 0.94088095
-0.5818252 -10.003127 0.94098997
-0.54116118 -10.003127 0.94110096
-0.49952179 -10.003127 0.94121474
-0.4570775 -10.003127 0.94133067
-0.42822933 -10.003127 0.94140947
-2.3029675 -9.9648685 0.92196858
-2.2587719 -9.9602499 0.92178774
-2.2371628 -9.9600353 0.92169929
-2.2150233 -9.959816 0.92160863
-2.1787164 -9.9594574 0.92145997
-2.1411831 -9.9590845 0.92130637
-2.1023602 -9.9587002 0.92114741
-2.06218 -9.9583015 0.9209829
-2.0205677 -9.9578915 0.92081261
-1.9773399 -9.9575291 0.92063564
-1.9378376 -9.9574356 0.92047387
-1.902871 -9.9573755 0.92033076
-1.8607664 -9.957305 0.92015839
-1.8299129 -9.9572525 0.92003208
-2.3733919 -7.1138039 0.92226976
-2.3414335 -7.1141214 0.92213887
-2.3000937 -7.1145301 0.92196959
-2.2614682 -7.1149135 0.92181146
-2.221339 -7.1153116 0.92164725
-2.1797335 -7.1157231 0.9214769
-2.141366 -7.1161036 0.92131978
-2.1016488 -7.116497 0.92115724
-2.0605094 -7.1169043 0.9209888
-2.0178699 -7.1173267 0.92081416
-1.9792156 -7.1176639 0.92065597
-1.9387729 -7.1177559 0.92049038
-1.8969809 -7.1178269 0.92031932
-1.8599828 -7.1178908 0.92016792
-1.8283314 -7.1179442 0.92003834
-2.3214428 -7.0720696 0.94191217
-2.3008518 -7.0720687 0.94202471
-2.2627914 -7.0720682 0.94223249
-2.2188795 -7.0720682 0.9424724
-2.177815 -7.0720687 0.94269687
-2.1399655 -7.0720687 0.94290352
-2.100805 -7.0720687 0.9431172
-2.0602624 -7.0720687 0.94333857
-2.0189633 -7.0720687 0.9428528
-1.9802881 -7.0720692 0.94047344
-1.94102 -7.0720687 0.94063425
-1.9005201 -7.0720701 0.94080007
-1.8585958 -7.0720696 0.94097185
-1.8153116 -7.0720701 0.94114912
-1.7769884 -7.0720701 0.94130629
-1.7375113 -7.0720701 0.94146782
-1.6968274 -7.072073 0.9416346
-1.6548808 -7.072073 0.9418065
-1.6189489 -7.072072 0.94195354
-1.5819982 -7.072073 0.94210505
-1.5363812 -7.072073 0.94229192
-1.4972589 -7.072072 0.94245213
-1.4569781 -7.072073 0.94261724
-1.4156408 -7.072072 0.94278651
-1.3816938 -7.072072 0.94292563
-1.3381151 -7.072073 0.94310421
-1.2933471 -7.072072 0.93904763
-1.2565427 -7.0720725 0.93914819
-1.2188559 -7.0720739 0.93925107
-1.180254 -7.0720739 0.93935657
-1.1407037 -7.0720739 0.93946469
-1.1001692 -7.0720739 0.93957531
-1.0586138 -7.0720739 0.93968892
-1.0159979 -7.0720739 0.93980527
-0.97228098 -7.0720739 0.93992472
-0.93878102 -7.0720735 0.94001621
-0.90454519 -7.0720744 0.94010973
-0.85788047 -7.0720744 0.94023716
-0.82209635 -7.0720739 0.94033492
-0.7854991 -7.0720744 0.94043493
-0.73557812 -7.0720744 0.94057131
-0.69726813 -7.0720744 0.94067585
-0.6580562 -7.0720744 0.94078302
-0.61809993 -7.0720749 0.94089216
-0.57718265 -7.0720749 0.94100392
-0.53547168 -7.0720749 0.94111788
-0.50712061 -7.0720749 0.94119531
-0.46375114 -7.0720749 0.94131386
-0.41951466 -7.0720749 0.94143462
-2.2602057 -10.003121 0.98024106
-2.2215734 -10.003123 0.98113763
-2.1823158 -10.003122 0.9803375
-2.139914 -10.003124 0.97994614
-2.1016231 -10.003124 0.98078245
-2.0620134 -10.003124 0.98164767
-2.0210147 -10.003124 0.98254317
-1.9793845 -10.003124 0.97861379
-1.9401659 -10.003124 0.97759056
-1.9004822 -10.003125 0.97834903
-1.8595611 -10.003124 0.97913116
-1.8233768 -10.003124 0.97982287
-1.779801 -10.003125 0.98065561
-1.7355722 -10.003123 0.98042512
-1.694949 -10.003125 0.9785834
-1.6608465 -10.003125 0.97918856
-1.6258136 -10.003126 0.97981036
-1.5826104 -10.003126 0.98057711
-1.5380403 -10.003126 0.98136812
-1.4998426 -10.003125 0.98204595
-1.4605403 -10.003126 0.9827435
-1.4202324 -10.003125 0.98345888
-1.3787278 -10.003125 0.98006982
-1.3361305 -10.003124 0.98076767
-1.3011458 -10.003125 0.97710925
-1.2653528 -10.003126 0.97764671
-1.2193868 -10.003126 0.97833711
-1.1721472 -10.003126 0.97904652
-1.1332946 -10.003126 0.97962987
-1.0934956 -10.003126 0.98022759
-1.0527154 -10.003126 0.98084003
-1.0120925 -10.003125 0.97938675
-0.97891045 -10.003126 0.97727686
-0.94622529 -10.003127 0.97772306
-0.90170801 -10.003127 0.97833079
-0.85602844 -10.003127 0.97895449
-0.82101774 -10.003126 0.97943246
-0.78522849 -10.003127 0.97992104
-0.73643637 -10.003127 0.98058712
-0.69901228 -10.003126 0.98109806
-0.66072798 -10.003127 0.98162067
-0.62173438 -10.003126 0.98215306
-0.58182526 -10.003127 0.98269796
-0.5411613 -10.003127 0.98325312
-0.50152373 -10.003127 0.98150349
-0.45707774 -10.003127 0.9790172
-0.42822948 -10.003127 0.97937173
-2.3214428 -7.0720701 0.97878581
-2.3008518 -7.0720682 0.97926348
-2.2627919 -7.0720682 0.98014677
-2.2188792 -7.0720682 0.98116589
-2.1783717 -7.0720687 0.97991824
-2.139966 -7.0720687 0.97991329
-2.1008048 -7.0720687 0.98076862
-2.0602627 -7.0720687 0.98165423
-2.0176213 -7.0720687 0.98166949
-1.9808403 -7.0720687 0.97909242
-1.9410204 -7.0720692 0.97754735
-1.9005201 -7.0720696 0.97832131
-1.858596 -7.0720692 0.97912264
-1.8153117 -7.0720706 0.97994971
-1.7769884 -7.0720696 0.98068237
-1.7375113 -7.0720725 0.98143673
-1.6968274 -7.072073 0.97852534
-1.6548808 -7.072073 0.97926974
-1.6189489 -7.072072 0.97990751
-1.5819987 -7.072073 0.98056322
-1.5363811 -7.072073 0.98137283
-1.4972589 -7.072072 0.98206723
-1.4569781 -7.072073 0.98278207
-1.4165734 -7.072072 0.98168385
-1.3816938 -7.072072 0.97999889
-1.3381153 -7.0720725 0.98071271
-1.2933472 -7.0720725 0.97720635
-1.256543 -7.0720739 0.97775906
-1.218856 -7.0720739 0.97832501
-1.180254 -7.0720739 0.97890472
-1.1407038 -7.0720739 0.97949868
-1.1001693 -7.0720739 0.98010743
-1.0586138 -7.0720739 0.98073137
-1.0171968 -7.0720739 0.97929424
-0.97228098 -7.0720744 0.97734976
-0.93878126 -7.0720735 0.97780704
-0.90454519 -7.0720744 0.97827446
-0.85788059 -7.0720744 0.97891158
-0.82209635 -7.0720739 0.97940016
-0.7854991 -7.0720744 0.97989976
-0.73557818 -7.0720744 0.98058128
-0.69726825 -7.0720744 0.98110425
-0.65805644 -7.0720749 0.98163956
-0.61810017 -7.0720749 0.98218513
-0.57718295 -7.0720749 0.98274368
-0.5354718 -7.0720749 0.98331314
-0.50712073 -7.0720749 0.98370022
-0.4637512 -7.0720749 0.97891998
-0.41951466 -7.0720754 0.97946352
-2.2602055 -10.003121 1.0211544
-2.2220969 -10.003124 1.0206207
-2.1806433 -10.003122 1.0195544
-2.139914 -10.003123 1.0200719
-2.1022055 -10.003124 1.0192999
-2.0620129 -10.003124 1.0199629
-2.0210147 -10.003124 1.02153
-1.9783392 -10.003125 1.0206352
-1.9401659 -10.003124 1.0179018
-1.9004823 -10.003125 1.0193104
-1.8595611 -10.003124 1.0207628
-1.8240976 -10.003123 1.0209818
-1.7798011 -10.003124 1.0200155
-1.733982 -10.003123 1.0202076
-1.694949 -10.003126 1.0192175
-1.6608467 -10.003125 1.0203346
-1.6266985 -10.003126 1.0190797
-1.5826105 -10.003126 1.0190505
-1.5380404 -10.003126 1.0204501
-1.4998424 -10.003125 1.0216494
-1.4605404 -10.003126 1.0228834
-1.4202324 -10.003124 1.0200799
-1.3787277 -10.003126 1.0172007
-1.3361305 -10.003125 1.0184219
-1.3011458 -10.003126 1.019425
-1.265353 -10.003126 1.0204511
-1.2193868 -10.003126 1.0217687
-1.1721472 -10.003125 1.0187154
-1.1332946 -10.003125 1.0197762
-1.0934958 -10.003125 1.0208628
-1.0527154 -10.003125 1.0219762
-1.0097417 -10.003126 1.0205704
-0.97891062 -10.003126 1.0193199
-0.94622535 -10.003127 1.0201677
-0.90170807 -10.003127 1.0165454
-0.85602844 -10.003127 1.017668
-0.82101774 -10.003126 1.0185283
-0.78522849 -10.003127 1.0194077
-0.73643637 -10.003127 1.0206068
-0.69901228 -10.003126 1.0215263
-0.6607281 -10.003127 1.0224671
-0.62173438 -10.003127 1.0234252
-0.58374351 -10.003127 1.0221165
-0.5411613 -10.003127 1.0201362
-0.49752021 -10.003127 1.0180947
-0.45707774 -10.003127 1.0167038
-0.42822957 -10.003127 1.0173339
-2.3214428 -7.0720701 1.0184957
-2.3008521 -7.0720682 1.0193671
-2.2627916 -7.0720682 1.0209776
-2.2194555 -7.0720682 1.0205026
-2.1772997 -7.0720682 1.0191989
-2.1399655 -7.0720682 1.0200074
-2.1014006 -7.0720687 1.0192701
-2.0602629 -7.0720687 1.0199696
-2.0182645 -7.0720692 1.021575
-1.9802881 -7.0720696 1.020815
-1.9410201 -7.0720692 1.0178162
-1.9005203 -7.0720696 1.0192536
-1.8585962 -7.0720692 1.0207415
-1.8160536 -7.0720711 1.0212089
-1.7769885 -7.0720716 1.0200584
-1.7375118 -7.072073 1.0214057
-1.6968275 -7.072073 1.0191051
-1.6548809 -7.072073 1.0204793
-1.6189489 -7.072072 1.0178614
-1.5819987 -7.072073 1.0190215
-1.5363812 -7.072073 1.0204538
-1.4972589 -7.072072 1.0216821
-1.4569782 -7.072073 1.022947
-1.4147086 -7.072072 1.0179307
-1.381694 -7.0720725 1.0170722
-1.3381155 -7.0720735 1.0183215
-1.2933474 -7.0720739 1.0196049
-1.2565432 -7.0720739 1.02066
-1.2188561 -7.0720739 1.0217404
-1.1802542 -7.0720739 1.0184528
-1.140704 -7.0720739 1.0195327
-1.1001695 -7.0720739 1.0206393
-1.058614 -7.0720739 1.0217739
-1.0147991 -7.0720739 1.0203962
-0.97228098 -7.0720739 1.019453
-0.93878156 -7.0720739 1.020322
-0.90582436 -7.0720744 1.0190494
-0.85788071 -7.0720744 1.017586
-0.82209635 -7.0720739 1.0184653
-0.7854991 -7.0720744 1.0193646
-0.7355783 -7.0720744 1.0205913
-0.69726825 -7.0720749 1.0215325
-0.65805662 -7.0720749 1.0224962
-0.61810017 -7.0720749 1.023478
-0.57915014 -7.0720749 1.022191
-0.53547239 -7.0720749 1.020234
-0.50712085 -7.0720749 1.020892
-0.46375144 -7.0720754 1.0165262
-0.41951519 -7.0720754 1.0174924
-2.2609739 -10.003122 1.0609517
-2.2210891 -10.003124 1.0591763
-2.1820025 -10.003121 1.0602744
-2.1399138 -10.003124 1.0601974
-2.1010842 -10.003124 1.0599772
-2.0626156 -10.003124 1.0591335
-2.0210147 -10.003125 1.0605167
-1.9785532 -10.003125 1.0611707
-1.9401659 -10.003124 1.058213
-1.9004822 -10.003125 1.0602715
-1.8602618 -10.003123 1.0613327
-1.8226111 -10.003123 1.0594655
-1.779801 -10.003125 1.0593755
-1.7355723 -10.003123 1.0604732
-1.694949 -10.003126 1.0598514
-1.6608467 -10.003125 1.0614808
-1.6249812 -10.003126 1.0605135
-1.5835229 -10.003126 1.0589182
-1.5380409 -10.003126 1.0595318
-1.4998429 -10.003125 1.0612528
-1.4605407 -10.003126 1.0630233
-1.4202325 -10.003125 1.0567009
-1.3787277 -10.003126 1.0584574
-1.3361305 -10.003126 1.0602601
-1.3011458 -10.003126 1.0617406
-1.2663587 -10.003125 1.0613048
-1.2193869 -10.003126 1.0608574
-1.1721472 -10.003126 1.0583844
-1.1332946 -10.003126 1.0599225
-1.0946149 -10.003125 1.0594411
-1.0527154 -10.003126 1.0585419
-1.0109172 -10.003127 1.0601395
-0.97891068 -10.003126 1.0613629
-0.94622558 -10.003127 1.0626123
-0.90170825 -10.003127 1.0595372
-0.8560288 -10.003127 1.0563815
-0.82101798 -10.003126 1.0576241
-0.78522867 -10.003127 1.0588944
-0.73643649 -10.003127 1.0606263
-0.69901234 -10.003126 1.0619545
-0.66072816 -10.003127 1.0633134
-0.62173438 -10.003127 1.0595384
-0.579907 -10.003127 1.0579762
-0.5411613 -10.003127 1.0570192
-0.49952197 -10.003127 1.0583835
-0.45707774 -10.003127 1.059774
-0.42822957 -10.003127 1.0607193
-2.3214433 -7.0720706 1.0582057
-2.3008521 -7.0720682 1.0594705
-2.2632999 -7.0720682 1.0612587
-2.2183547 -7.0720682 1.0591052
-2.1783333 -7.0720682 1.0602552
-2.1399662 -7.0720687 1.0601014
-2.1002529 -7.0720682 1.0599325
-2.0608797 -7.0720687 1.0591396
-2.0182645 -7.0720692 1.0605783
-1.9797066 -7.0720696 1.0614617
-1.9410206 -7.0720692 1.0580847
-1.9005203 -7.0720696 1.0601859
-1.8597026 -7.0720692 1.060719
-1.8145239 -7.0720711 1.0597891
-1.7769885 -7.072073 1.0594345
-1.7382988 -7.072073 1.0602621
-1.6968278 -7.072073 1.0596849
-1.6548809 -7.072073 1.0616891
-1.6189491 -7.0720725 1.0596105
-1.5829322 -7.072073 1.0588721
-1.5363812 -7.072073 1.0595348
-1.4972589 -7.072072 1.0612972
-1.4581462 -7.0720725 1.0619053
-1.4156411 -7.072072 1.056828
-1.3816942 -7.0720735 1.0582647
-1.3381155 -7.0720735 1.0601088
-1.2933474 -7.0720739 1.0620034
-1.2565432 -7.0720739 1.0592709
-1.2188561 -7.0720739 1.0608143
-1.1802542 -7.0720739 1.0580009
-1.140704 -7.0720739 1.0595667
-1.1001697 -7.0720739 1.0611713
-1.0586141 -7.0720739 1.0582561
-1.0159985 -7.0720744 1.059885
-0.97228134 -7.0720744 1.0615562
-0.93878174 -7.0720739 1.0628366
-0.90326625 -7.0720744 1.0615351
-0.85919422 -7.0720744 1.0588905
-0.82209659 -7.0720739 1.0575304
-0.7854991 -7.0720744 1.0588295
-0.73557842 -7.0720749 1.0606014
-0.69726825 -7.0720749 1.0619609
-0.65805662 -7.0720749 1.0633528
-0.61810023 -7.0720749 1.0596094
-0.57521588 -7.0720749 1.0580808
-0.53547239 -7.0720749 1.0571549
-0.50712085 -7.0720749 1.0580838
-0.46375144 -7.0720754 1.0595047
-0.41951537 -7.0720754 1.0609541
-2.2602038 -10.003121 1.1000445
-2.2215736 -10.003123 1.1001424
-2.1814625 -10.003122 1.1002226
-2.1404386 -10.003124 1.0995935
-2.1016235 -10.003124 1.1000592
-2.062017 -10.003124 1.0997764
-2.0210149 -10.003125 1.0995036
-1.9785534 -10.003125 1.1008531
-1.9401662 -10.003124 1.098524
-1.9004821 -10.003125 1.1012328
-1.8588167 -10.003123 1.0992992
-1.823377 -10.003124 1.0994581
-1.7809514 -10.003125 1.1006037
-1.7339818 -10.003124 1.1003034
-1.6949489 -10.003126 1.1004853
-1.6608467 -10.003125 1.0988863
-1.6258138 -10.003126 1.1010383
-1.5826136 -10.003126 1.0998322
-1.5380406 -10.003126 1.0986139
-1.4998429 -10.003125 1.1008561
-1.4616797 -10.003126 1.1019431
-1.4202328 -10.003125 1.0973911
-1.3787277 -10.003126 1.0997142
-1.3361307 -10.003126 1.1020982
-1.3011459 -10.003125 1.0998248
-1.2643474 -10.003125 1.0994493
-1.2193871 -10.003126 1.0999461
-1.1732135 -10.003125 1.1004395
-1.1332946 -10.003125 1.1000688
-1.0923769 -10.003126 1.0996754
-1.0527154 -10.003126 1.099678
-1.0120927 -10.003127 1.0996668
-0.97891068 -10.003126 1.0987345
-0.94622546 -10.003127 1.1003407
-0.90170825 -10.003127 1.1025286
-0.85602891 -10.003127 1.0999342
-0.82101798 -10.003126 1.09672
-0.78522873 -10.003127 1.0983812
-0.73643661 -10.003127 1.1006458
-0.69901252 -10.003127 1.1023828
-0.66256809 -10.003127 1.1018785
-0.62173456 -10.003127 1.0956515
-0.58182538 -10.003127 1.0973949
-0.54116136 -10.003127 1.0991713
-0.499522 -10.003127 1.1009902
-0.45707774 -10.003127 1.1028444
-0.42822957 -10.003127 1.0986813
-2.3214433 -7.0720706 1.0979156
-2.3008521 -7.0720682 1.099574
-2.2630501 -7.0720682 1.1003088
-2.2188797 -7.0720682 1.1002233
-2.1772556 -7.0720687 1.0995746
-2.1399667 -7.0720682 1.1001953
-2.1008053 -7.0720692 1.0999979
-2.0602663 -7.0720692 1.0997835
-2.0182645 -7.0720692 1.0995818
-1.9802881 -7.0720696 1.1022776
-1.9410206 -7.0720692 1.0983537
-1.9005203 -7.0720696 1.101118
-1.8583289 -7.0720701 1.0996091
-1.8153119 -7.072073 1.0998793
-1.7777973 -7.072073 1.1000946
-1.7366755 -7.072073 1.1000277
-1.6968279 -7.072073 1.1002649
-1.6548811 -7.072073 1.0991524
-1.6189495 -7.072072 1.1013596
-1.5820022 -7.072073 1.0997708
-1.5363814 -7.072073 1.0986156
-1.4972591 -7.072072 1.1009121
-1.4569784 -7.072073 1.1005841
-1.4156412 -7.0720725 1.0975573
-1.3816941 -7.0720739 1.0994573
-1.3381155 -7.0720744 1.1018963
-1.2933475 -7.0720739 1.1001621
-1.2565432 -7.0720739 1.0978817
-1.2188562 -7.0720739 1.0998881
-1.1813395 -7.0720739 1.0999265
-1.140704 -7.0720739 1.0996008
-1.1001697 -7.0720744 1.1017034
-1.0586141 -7.0720739 1.0992987
-1.0171973 -7.0720744 1.0993315
-0.97228134 -7.0720744 1.0989813
-0.93878174 -7.0720739 1.1006275
-0.90454555 -7.0720744 1.1023099
-0.85656744 -7.0720744 1.1019732
-0.82209706 -7.0720744 1.0965956
-0.78549927 -7.0720744 1.0982943
-0.73557872 -7.0720749 1.1006113
-0.69726837 -7.0720749 1.1023893
-0.65994138 -7.0720749 1.1019254
-0.6181004 -7.0720749 1.0957407
-0.57718301 -7.0720749 1.0975281
-0.53547239 -7.0720754 1.0993502
-0.50712132 -7.0720754 1.1005887
-0.46375144 -7.0720754 1.1024832
-0.41951537 -7.0720763 1.0989829
-2.2599566 -10.003121 1.1397814
-2.2222464 -10.003124 1.1403501
-2.1809356 -10.003121 1.1402018
-2.1393478 -10.003124 1.1396317
-2.1023724 -10.003124 1.139341
-2.0614073 -10.003125 1.1404492
-2.0216389 -10.003125 1.1393396
-1.9785537 -10.003125 1.1405355
-1.9401665 -10.003124 1.1388352
-1.9012355 -10.003125 1.1413828
-1.8595613 -10.003124 1.1387188
-1.8240976 -10.003123 1.1405836
-1.7786517 -10.003126 1.1398048
-1.7355726 -10.003125 1.1405212
-1.694949 -10.003126 1.1411194
-1.6608467 -10.003125 1.1400323
-1.6258138 -10.003126 1.1389221
-1.581695 -10.003126 1.1407843
-1.5389824 -10.003126 1.1390855
-1.4998429 -10.003125 1.1404595
-1.4605407 -10.003126 1.1406124
-1.4202328 -10.003125 1.1380813
-1.378728 -10.003126 1.1409707
-1.3361307 -10.003125 1.1397526
-1.301146 -10.003126 1.1379091
-1.2653532 -10.003126 1.1403033
-1.2208182 -10.003126 1.1406014
-1.1710809 -10.003125 1.1397439
-1.1332948 -10.003126 1.1402152
-1.0934961 -10.003127 1.1382537
-1.0527158 -10.003126 1.1408143
-1.0097417 -10.003127 1.140934
-0.97891062 -10.003126 1.1407775
-0.94622552 -10.003127 1.1380693
-0.90170825 -10.003127 1.1407433
-0.85602897 -10.003127 1.143487
-0.82101798 -10.003126 1.1358159
-0.78522873 -10.003127 1.1378678
-0.73643661 -10.003127 1.1406654
-0.69901252 -10.003127 1.1428111
-0.66072834 -10.003127 1.1398827
-0.62173462 -10.003127 1.1369237
-0.58182561 -10.003127 1.1391028
-0.54116154 -10.003127 1.1413233
-0.50152397 -10.003127 1.141197
-0.45707798 -10.003127 1.1405309
-0.42822969 -10.003128 1.1366435
-2.3214433 -7.0720706 1.1376256
-2.3008523 -7.0720682 1.1396775
-2.2625382 -7.0720682 1.1393658
-2.2196958 -7.0720682 1.1407251
-2.1778152 -7.0720682 1.1398084
-2.1399665 -7.0720687 1.1402892
-2.1015718 -7.0720692 1.1392623
-2.0596423 -7.0720692 1.1404581
-2.0189042 -7.0720692 1.1394335
-1.9802881 -7.0720696 1.1419032
-1.9410208 -7.0720692 1.1386225
-1.9012139 -7.0720716 1.1409836
-1.8578051 -7.0720711 1.1394752
-1.8160536 -7.072073 1.1411039
-1.7762271 -7.072073 1.1392947
-1.7382988 -7.072073 1.1401759
-1.696828 -7.072073 1.1408446
-1.6557177 -7.072073 1.1391907
-1.6189495 -7.072072 1.1393135
-1.581062 -7.072073 1.1407083
-1.5373455 -7.072073 1.1390846
-1.4972593 -7.072072 1.140527
-1.4569784 -7.0720735 1.140749
-1.4156415 -7.0720735 1.1382864
-1.3816946 -7.0720739 1.1406498
-1.3394721 -7.0720744 1.1410103
-1.2933477 -7.0720739 1.1383208
-1.2565433 -7.0720739 1.1407826
-1.2199159 -7.0720739 1.1412972
-1.1791692 -7.0720739 1.1391139
-1.1407042 -7.0720739 1.1396348
-1.1013095 -7.0720739 1.1401544
-1.0586143 -7.0720744 1.1403413
-1.0147996 -7.0720744 1.1405187
-0.9735114 -7.0720744 1.1389229
-0.93878174 -7.0720739 1.1384184
-0.90454566 -7.0720744 1.1404748
-0.85788095 -7.0720744 1.1432778
-0.82209706 -7.0720744 1.1356608
-0.78549951 -7.0720749 1.1377592
-0.73557878 -7.0720749 1.1406213
-0.69726884 -7.0720749 1.1428177
-0.65805686 -7.0720749 1.139941
-0.61810058 -7.0720749 1.1370337
-0.57718325 -7.0720749 1.1392679
-0.53547251 -7.0720754 1.1415454
-0.50712138 -7.0720758 1.1430936
-0.46375144 -7.0720754 1.1400895
-0.41951537 -7.0720758 1.1370118
-2.2597113 -10.003121 1.1795321
-2.2214105 -10.003124 1.1797071
-2.1823163 -10.003122 1.1802323
-2.1404386 -10.003124 1.1798263
-2.1008744 -10.003124 1.1800541
-2.0620134 -10.003125 1.1796092
-2.0212255 -10.003125 1.179912
-1.9785534 -10.003125 1.1802177
-1.9401665 -10.003124 1.1791463
-1.9007305 -10.003125 1.1805929
-1.8595613 -10.003124 1.1803502
-1.8226112 -10.003124 1.1791365
-1.7806294 -10.003127 1.1801708
-1.7339823 -10.003126 1.1803992
-1.6957905 -10.003126 1.1793607
-1.6608469 -10.003125 1.1811785
-1.6266497 -10.003126 1.1793989
-1.5826106 -10.003126 1.1806393
-1.538041 -10.003126 1.1793693
-1.4998429 -10.003125 1.1800627
-1.4605405 -10.003126 1.1807522
-1.4202331 -10.003125 1.1787713
-1.3799314 -10.003126 1.1809419
-1.3361306 -10.003126 1.1774069
-1.301146 -10.003126 1.1802247
-1.2663589 -10.003125 1.1811185
-1.2180586 -10.003126 1.1794603
-1.1732137 -10.003125 1.1797512
-1.1332948 -10.003127 1.1803614
-1.0934962 -10.003127 1.1788889
-1.0538625 -10.003127 1.179827
-1.0109174 -10.003127 1.1804612
-0.97891092 -10.003126 1.1828206
-0.94744641 -10.003127 1.1783228
-0.9017083 -10.003127 1.1789579
-0.85602891 -10.003127 1.1822006
-0.82101804 -10.003126 1.1797987
-0.78522879 -10.003127 1.1773546
-0.73643661 -10.003127 1.1806848
-0.69901252 -10.003127 1.1832392
-0.65888852 -10.003127 1.177942
-0.62173462 -10.003127 1.1781958
-0.58182561 -10.003127 1.1808109
-0.54116154 -10.003127 1.1834754
-0.49752045 -10.003127 1.1779521
-0.45707798 -10.003127 1.1782174
-0.42822981 -10.003128 1.1800289
-2.3214433 -7.0720706 1.1773356
-2.3008523 -7.0720682 1.179781
-2.2627926 -7.0720682 1.1796253
-2.218605 -7.0720682 1.1799743
-2.1785309 -7.0720682 1.1807767
-2.1405029 -7.0720692 1.1796342
-2.1000395 -7.0720692 1.1799628
-2.0602632 -7.0720692 1.1796174
-2.0184805 -7.0720692 1.180024
-1.9802884 -7.0720696 1.1815288
-1.9410208 -7.0720692 1.1788912
-1.9005185 -7.0720725 1.1795602
-1.8585964 -7.0720716 1.1802808
-1.8145242 -7.072073 1.179755
-1.7777525 -7.072073 1.1800115
-1.7366757 -7.072073 1.1799906
-1.6976392 -7.072073 1.1802585
-1.6539922 -7.072073 1.180241
-1.6196119 -7.072072 1.1792732
-1.5819988 -7.072073 1.180546
-1.5363816 -7.072073 1.179369
-1.4972591 -7.072072 1.1801422
-1.4569786 -7.0720744 1.1809139
-1.4156415 -7.0720739 1.1790155
-1.3816946 -7.0720739 1.1818424
-1.3368566 -7.0720744 1.1784022
-1.2933478 -7.0720739 1.1807194
-1.2565433 -7.0720739 1.1793934
-1.2177972 -7.0720739 1.180042
-1.1802546 -7.0720739 1.1810396
-1.1407043 -7.0720739 1.1796688
-1.09903 -7.0720744 1.1803449
-1.0597833 -7.0720744 1.179263
-1.0159986 -7.0720744 1.179965
-0.97105145 -7.0720744 1.180671
-0.93878174 -7.0720739 1.1809332
-0.90454566 -7.0720744 1.1786397
-0.85788101 -7.0720749 1.1819521
-0.822097 -7.0720749 1.1796091
-0.78549957 -7.0720749 1.1772239
-0.73557878 -7.0720749 1.1806314
-0.69726896 -7.0720749 1.1832461
-0.6561721 -7.0720749 1.178013
-0.61810064 -7.0720749 1.1783266
-0.57718349 -7.0720754 1.1810076
-0.53547263 -7.0720754 1.1837407
-0.50712156 -7.0720763 1.1802853
-0.46375188 -7.0720754 1.1776958
-0.41951555 -7.0720758 1.1804734
-2.260206 -10.003121 1.2198762
-2.2210894 -10.003124 1.2198684
-2.180644 -10.003122 1.2196
-2.139348 -10.003125 1.219903
-2.102206 -10.003125 1.2201359
-2.0627882 -10.003124 1.2195413
-2.0208082 -10.003125 1.2205055
-1.9785538 -10.003125 1.2199001
-1.9401665 -10.003124 1.2194574
-1.9002296 -10.003125 1.2198273
-1.8602619 -10.003124 1.2208761
-1.823377 -10.003124 1.2190934
-1.7797965 -10.003127 1.2203796
-1.7355728 -10.003126 1.2205691
-1.6941576 -10.003126 1.2198589
-1.6608469 -10.003125 1.2185839
-1.6249267 -10.003126 1.2209318
-1.5826108 -10.003126 1.2191129
-1.5380447 -10.003126 1.2197546
-1.499843 -10.003125 1.2196661
-1.4605408 -10.003126 1.2208923
-1.4202331 -10.003125 1.2194616
-1.378728 -10.003126 1.2207184
-1.3361307 -10.003126 1.2192452
-1.3021289 -10.003125 1.2205617
-1.2643476 -10.003125 1.2193398
-1.2207211 -10.003126 1.2201847
-1.1710809 -10.003125 1.219108
-1.1332948 -10.003127 1.2205079
-1.0934962 -10.003127 1.219524
-1.0515692 -10.003127 1.2206399
-1.0120931 -10.003127 1.2199467
-0.97891092 -10.003126 1.2201921
-0.94500488 -10.003127 1.2204334
-0.90170848 -10.003127 1.2171724
-0.85602927 -10.003127 1.220914
-0.82101822 -10.003126 1.2237816
-0.78522909 -10.003127 1.2168412
-0.73643672 -10.003127 1.2207043
-0.69901258 -10.003127 1.2236675
-0.66072834 -10.003127 1.2164872
-0.62173462 -10.003127 1.219468
-0.58182561 -10.003127 1.2225189
-0.54116154 -10.003127 1.2203584
-0.49952221 -10.003127 1.218159
-0.45707798 -10.003127 1.2212877
-0.42822981 -10.003128 1.2234143
-2.3214436 -7.0720706 1.2198819
-2.3008523 -7.0720682 1.2198845
-2.2622886 -7.0720682 1.2198776
-2.2183552 -7.0720682 1.2198713
-2.1770997 -7.0720692 1.2201396
-2.1393874 -7.0720692 1.2196827
-2.1014016 -7.0720692 1.2200253
-2.0610564 -7.0720692 1.2195472
-2.0182648 -7.0720692 1.2198278
-1.9802886 -7.0720696 1.2211542
-1.941021 -7.0720716 1.21916
-1.9005209 -7.072073 1.2193558
-1.8593929 -7.072072 1.2210491
-1.815312 -7.072073 1.2198086
-1.7761772 -7.072073 1.2192594
-1.7382989 -7.072073 1.2200902
-1.6959662 -7.072073 1.2207067
-1.6557672 -7.072073 1.2203395
-1.6182872 -7.072072 1.220806
-1.5819991 -7.072073 1.2190044
-1.5363852 -7.0720744 1.219753
-1.4972591 -7.0720739 1.2197572
-1.4569784 -7.0720744 1.2210786
-1.4156414 -7.0720739 1.2197447
-1.3826482 -7.0720739 1.2211064
-1.338116 -7.0720744 1.2189012
-1.2943581 -7.0720739 1.2211328
-1.2565436 -7.0720739 1.2180042
-1.2188566 -7.0720739 1.2214513
-1.1802547 -7.0720744 1.2205876
-1.1407043 -7.0720739 1.2197027
-1.10017 -7.0720744 1.2187959
-1.0574458 -7.0720744 1.219987
-1.0171977 -7.0720744 1.2193688
-0.97228181 -7.0720744 1.2206126
-0.93878192 -7.0720744 1.223448
-0.9058249 -7.0720744 1.2193413
-0.85788113 -7.0720749 1.2206265
-0.82209712 -7.0720749 1.2235575
-0.78549969 -7.0720749 1.2166888
-0.73557878 -7.0720749 1.2206414
-0.69726896 -7.0720749 1.2236745
-0.65805703 -7.0720749 1.2165649
-0.61810064 -7.0720754 1.2196195
-0.5771836 -7.0720754 1.2227474
-0.53547263 -7.0720754 1.2206616
-0.50712156 -7.0720758 1.2174772
-0.46375197 -7.0720754 1.2206742
-0.41951561 -7.0720763 1.2185024
-2.2607043 -10.003121 1.2601932
-2.2220612 -10.003124 1.2600598
-2.1822929 -10.003122 1.2595848
-2.1406386 -10.003124 1.2592896
-2.1016266 -10.003124 1.2601312
-2.0618138 -10.003125 1.2602154
-2.0210152 -10.003125 1.2603132
-1.9785537 -10.003125 1.2595824
-1.9401665 -10.003124 1.2597685
-1.9004825 -10.003125 1.2599455
-1.8595591 -10.003124 1.2601327
-1.8240976 -10.003125 1.2601854
-1.7798073 -10.003127 1.2597404
-1.7339823 -10.003126 1.2604951
-1.6957905 -10.003126 1.2606034
-1.6608468 -10.003125 1.25973
-1.6258143 -10.003126 1.2601502
-1.5835233 -10.003126 1.2589158
-1.5380412 -10.003126 1.2601388
-1.4998431 -10.003125 1.2592695
-1.4605409 -10.003126 1.261032
-1.4202334 -10.003126 1.2601515
-1.3787239 -10.003126 1.2605993
-1.3361311 -10.003126 1.2610832
-1.3001634 -10.003125 1.2583716
-1.2653532 -10.003126 1.2601553
-1.2179508 -10.003126 1.2591125
-1.1721473 -10.003126 1.2611369
-1.1332948 -10.003127 1.260654
-1.0934962 -10.003127 1.2601594
-1.0527158 -10.003127 1.2596526
-1.0097419 -10.003127 1.2612972
-0.97891128 -10.003126 1.2575636
-0.94622576 -10.003127 1.260687
-0.90296102 -10.003127 1.2579161
-0.85602921 -10.003127 1.2596275
-0.82101822 -10.003126 1.2628775
-0.7865665 -10.003127 1.2589405
-0.73643684 -10.003127 1.2607239
-0.69901276 -10.003127 1.2640958
-0.66072857 -10.003127 1.2573334
-0.6217348 -10.003127 1.2607402
-0.58374399 -10.003127 1.261817
-0.5411616 -10.003127 1.2572415
-0.49952233 -10.003128 1.2607657
-0.45707798 -10.003128 1.2589742
-0.42822981 -10.003128 1.2613764
-2.3214436 -7.0720706 1.2624283
-2.3008525 -7.0720682 1.2599878
-2.2633007 -7.0720682 1.2595326
-2.219696 -7.0720687 1.2597381
-2.1785312 -7.0720682 1.259596
-2.1405029 -7.0720692 1.2598033
-2.1008093 -7.0720692 1.2600062
-2.0600588 -7.0720692 1.2602246
-2.0180531 -7.0720696 1.259643
-1.9802884 -7.0720725 1.2607797
-1.941021 -7.0720716 1.2594287
-1.8998294 -7.072073 1.2591138
-1.8585914 -7.072072 1.2600375
-1.816054 -7.072073 1.2609987
-1.776989 -7.072073 1.2598948
-1.7366756 -7.072073 1.2599535
-1.6976873 -7.072073 1.2601668
-1.6548843 -7.072073 1.2602323
-1.6189497 -7.072072 1.2607658
-1.5829326 -7.072073 1.2587888
-1.536382 -7.0720735 1.260136
-1.4972595 -7.0720739 1.259372
-1.4569787 -7.0720744 1.2612435
-1.4156417 -7.0720739 1.2604737
-1.3816946 -7.0720739 1.2600963
-1.3381162 -7.0720744 1.2606885
-1.2923375 -7.0720739 1.2590218
-1.2565438 -7.0720739 1.2609053
-1.2188566 -7.0720744 1.2605252
-1.1802548 -7.0720739 1.2601357
-1.1407043 -7.0720744 1.2597368
-1.1001701 -7.0720739 1.2593279
-1.0586145 -7.0720744 1.2589085
-1.0148001 -7.0720744 1.2606411
-0.97228187 -7.0720744 1.2580378
-0.93878222 -7.0720744 1.2612388
-0.90326667 -7.0720749 1.2619737
-0.85788143 -7.0720749 1.2593009
-0.8220973 -7.0720749 1.2626226
-0.78686756 -7.0720749 1.2587616
-0.73557895 -7.0720749 1.2606512
-0.69726908 -7.0720754 1.2641029
-0.65805709 -7.0720749 1.2574215
-0.61810064 -7.0720754 1.2609124
-0.57915086 -7.0720754 1.2620713
-0.53547263 -7.0720758 1.2575825
-0.50712156 -7.0720758 1.2599821
-0.46583775 -7.0720754 1.2611653
-0.41951561 -7.0720758 1.2565312
-2.260453 -10.003121 1.2999296
-2.2217345 -10.003124 1.3002086
-2.1814654 -10.003121 1.3001895
-2.1391904 -10.003124 1.2994012
-2.1010377 -10.003125 1.3001561
-2.0614076 -10.003125 1.3001369
-2.0203876 -10.003125 1.300117
-1.9785541 -10.003125 1.2992647
-1.9401667 -10.003124 1.3000798
-1.8997344 -10.003125 1.3000591
-1.858863 -10.003124 1.2994229
-1.8233747 -10.003126 1.3000118
-1.7800739 -10.003127 1.2999921
-1.7355731 -10.003126 1.3006173
-1.6949521 -10.003126 1.2999495
-1.6608469 -10.003125 1.3008761
-1.6266991 -10.003126 1.29933
-1.5826141 -10.003126 1.2998942
-1.5370966 -10.003126 1.3004889
-1.4998431 -10.003125 1.2988728
-1.4605408 -10.003126 1.3011718
-1.4202332 -10.003126 1.3008416
-1.3775294 -10.003126 1.299064
-1.3370919 -10.003125 1.30094
-1.3011463 -10.003126 1.2987086
-1.266359 -10.003125 1.3009323
-1.2193875 -10.003127 1.2997322
-1.1721478 -10.003127 1.300806
-1.1332952 -10.003127 1.3008003
-1.0934962 -10.003127 1.3007947
-1.0538627 -10.003127 1.2986243
-1.0109174 -10.003127 1.3007828
-0.9789114 -10.003126 1.2996067
-0.94622576 -10.003127 1.2984155
-0.90045601 -10.003127 1.3006265
-0.85602909 -10.003127 1.298341
-0.82101822 -10.003126 1.3019732
-0.78522921 -10.003127 1.300734
-0.73643684 -10.003127 1.3007433
-0.69901276 -10.003127 1.3045239
-0.66072857 -10.003127 1.2981797
-0.62173486 -10.003127 1.3020123
-0.5799076 -10.003127 1.2979176
-0.54116178 -10.003127 1.2993937
-0.50152451 -10.003127 1.3008903
-0.45707816 -10.003128 1.2966608
-0.42822993 -10.003128 1.2993386
-2.3214436 -7.0720706 1.3021382
-2.3008523 -7.0720682 1.3000915
-2.2630448 -7.0720682 1.2991897
-2.218878 -7.0720687 1.2996296
-2.1776419 -7.0720692 1.2997614
-2.1399636 -7.0720692 1.3006552
-2.1002069 -7.0720692 1.3000174
-2.0596426 -7.0720696 1.3001481
-2.017622 -7.0720701 1.3002836
-1.9802889 -7.0720725 1.3004053
-1.941021 -7.0720716 1.2996974
-1.9005209 -7.072073 1.2989571
-1.8585968 -7.0720716 1.2999228
-1.8145244 -7.072073 1.2997208
-1.7777979 -7.072073 1.3004929
-1.738299 -7.072073 1.3000041
-1.6960196 -7.072073 1.3006644
-1.6539923 -7.072073 1.3001624
-1.6189497 -7.072072 1.2987196
-1.5820025 -7.0720735 1.2997533
-1.5354145 -7.0720739 1.3004885
-1.4972596 -7.0720739 1.2989872
-1.4569744 -7.0720744 1.300069
-1.4156418 -7.0720739 1.3012029
-1.3807411 -7.0720739 1.2991229
-1.3393805 -7.0720744 1.3011215
-1.2933481 -7.0720739 1.2994354
-1.2575784 -7.0720739 1.301771
-1.2188566 -7.0720739 1.2995989
-1.1802549 -7.0720744 1.2996838
-1.1407043 -7.0720739 1.2997707
-1.1001704 -7.0720744 1.2998599
-1.0586147 -7.0720739 1.2999512
-1.0159991 -7.0720744 1.3000448
-0.97351182 -7.0720744 1.2979226
-0.93878222 -7.0720749 1.2990298
-0.9045459 -7.0720749 1.3026752
-0.85788143 -7.0720749 1.2979753
-0.8220973 -7.0720749 1.3016877
-0.78549993 -7.0720749 1.3005347
-0.73557925 -7.0720749 1.3006613
-0.6972692 -7.0720754 1.3045313
-0.65805757 -7.0720754 1.2982781
-0.61810088 -7.0720754 1.3022053
-0.57521671 -7.0720754 1.298208
-0.53547281 -7.0720758 1.2997779
-0.50712162 -7.0720758 1.3024869
-0.46166655 -7.0720754 1.2983741
-0.41951573 -7.0720758 1.2999928
-2.2602041 -10.003121 1.3396802
-2.2214108 -10.003124 1.3403755
-2.1811874 -10.003122 1.3402008
-2.1406386 -10.003124 1.3395152
-2.1023724 -10.003124 1.3401625
-2.0626161 -10.003125 1.3400388
-2.0216391 -10.003125 1.340718
-1.9785538 -10.003125 1.3389469
-1.9401667 -10.003124 1.3403908
-1.9012358 -10.003126 1.3393024
-1.8595614 -10.003126 1.3399377
-1.8226587 -10.003126 1.3398727
-1.7786521 -10.003127 1.3402703
-1.7339828 -10.003126 1.3405908
-1.694106 -10.003126 1.3393312
-1.6614754 -10.003125 1.3402233
-1.6258174 -10.003126 1.3396935
-1.5816954 -10.003126 1.3409115
-1.5380415 -10.003126 1.3409216
-1.4998431 -10.003126 1.3384762
-1.4605367 -10.003126 1.3399733
-1.4202332 -10.003126 1.3415316
-1.3787285 -10.003126 1.3390028
-1.3351705 -10.003125 1.3383734
-1.3011463 -10.003126 1.3410244
-1.2643476 -10.003125 1.3392303
-1.2208184 -10.003127 1.3402979
-1.1721478 -10.003127 1.3404748
-1.1332951 -10.003127 1.3409466
-1.0946153 -10.003127 1.339278
-1.0515695 -10.003127 1.3395189
-1.0120933 -10.003127 1.3402267
-0.97891158 -10.003126 1.3416498
-0.94744682 -10.003127 1.3386124
-0.9017086 -10.003127 1.3413701
-0.85731459 -10.003127 1.3395867
-0.82101822 -10.003127 1.3410691
-0.78522921 -10.003127 1.3402207
-0.73643708 -10.003127 1.340763
-0.69901276 -10.003127 1.3398986
-0.66072857 -10.003127 1.3390261
-0.62173486 -10.003127 1.3432844
-0.58182585 -10.003128 1.3372159
-0.54116178 -10.003128 1.3415457
-0.49752089 -10.003128 1.3378094
-0.45707822 -10.003128 1.339731
-0.42823005 -10.003128 1.3427238
-2.3214436 -7.0720706 1.3418483
-2.3008525 -7.0720682 1.3401947
-2.2627928 -7.0720687 1.3394439
-2.2186153 -7.0720687 1.340126
-2.1778185 -7.0720692 1.3399434
-2.1401613 -7.0720692 1.339973
-2.101572 -7.0720692 1.3400025
-2.0608807 -7.0720711 1.3400456
-2.0189044 -7.0720716 1.3408971
-1.980289 -7.072073 1.3400308
-1.9410213 -7.0720716 1.3399662
-1.9005209 -7.072073 1.3398889
-1.858602 -7.072072 1.3398082
-1.8153125 -7.072073 1.3397378
-1.7762281 -7.072073 1.3398131
-1.736676 -7.072073 1.3399165
-1.6976874 -7.072073 1.3413007
-1.6557672 -7.072073 1.3401836
-1.6196122 -7.0720744 1.3386415
-1.5810623 -7.072073 1.3407575
-1.5363821 -7.0720744 1.3409176
-1.4972597 -7.0720739 1.3386019
-1.4569787 -7.0720744 1.3388957
-1.4156419 -7.0720739 1.3419321
-1.3816948 -7.0720739 1.3383739
-1.3381116 -7.0720744 1.340068
-1.2943587 -7.0720744 1.33981
-1.2555096 -7.0720744 1.3401623
-1.2199163 -7.0720744 1.3409417
-1.1802553 -7.0720739 1.3392318
-1.1407046 -7.0720744 1.3398046
-1.1001705 -7.0720739 1.3403919
-1.0586147 -7.0720744 1.3409936
-1.017198 -7.0720744 1.3394061
-0.97105175 -7.0720749 1.3397845
-0.93878222 -7.0720749 1.3368206
-0.90454614 -7.0720749 1.3408399
-0.85919499 -7.0720749 1.3391757
-0.82209778 -7.0720749 1.3407528
-0.78549993 -7.0720749 1.3399996
-0.73557937 -7.0720754 1.3406713
-0.6972692 -7.0720754 1.3399061
-0.65805757 -7.0720754 1.3391347
-0.618101 -7.0720754 1.3434982
-0.57718396 -7.0720754 1.3375318
-0.53547311 -7.0720758 1.3419731
-0.5071218 -7.0720763 1.3396788
-0.46375236 -7.0720758 1.338865
-0.41951627 -7.0720763 1.3434545
-2.2602062 -10.003121 1.3800091
-2.2215769 -10.003124 1.3797946
-2.1817393 -10.003122 1.3795556
-2.1397388 -10.003124 1.3804259
-2.1014304 -10.003125 1.3801973
-2.0622168 -10.003125 1.3799469
-2.0210149 -10.003125 1.3805224
-1.9779038 -10.003125 1.3794824
-1.940167 -10.003124 1.3807019
-1.9004828 -10.003127 1.3794155
-1.8602622 -10.003126 1.3804197
-1.8240978 -10.003126 1.3797873
-1.780952 -10.003127 1.3795786
-1.7356188 -10.003126 1.3794529
-1.6957444 -10.003126 1.3800051
-1.6602191 -10.003125 1.3812267
-1.6249268 -10.003126 1.3800943
-1.5826111 -10.003126 1.3807015
-1.5380417 -10.003126 1.3800036
-1.4998434 -10.003126 1.3780795
-1.460541 -10.003126 1.3787757
-1.4202335 -10.003126 1.3822216
-1.3787285 -10.003126 1.3802594
-1.3361313 -10.003126 1.3782301
-1.3021291 -10.003126 1.3813105
-1.2653533 -10.003127 1.3800074
-1.2180589 -10.003127 1.3793299
-1.1721475 -10.003127 1.3801439
-1.1343875 -10.003127 1.3789539
-1.0923773 -10.003127 1.379702
-1.053863 -10.003127 1.3808688
-1.0097421 -10.003127 1.3816607
-0.97891164 -10.003126 1.3790213
-0.94500518 -10.003127 1.3808364
-0.90170896 -10.003127 1.3795848
-0.85602939 -10.003127 1.3805914
-0.8210184 -10.003127 1.3801651
-0.78522933 -10.003127 1.3797076
-0.7364372 -10.003127 1.3807826
-0.69901276 -10.003127 1.3752733
-0.66072857 -10.003127 1.3798723
-0.62173486 -10.003127 1.3793977
-0.58182585 -10.003128 1.3789238
-0.54116178 -10.003128 1.3836977
-0.49952269 -10.003128 1.3779345
-0.45707822 -10.003128 1.3828013
-0.42823005 -10.003128 1.3806862
-2.3214436 -7.0720706 1.3815582
-2.3013155 -7.0720692 1.3795588
-2.2627909 -7.0720687 1.3796917
-2.2194097 -7.0720687 1.380585
-2.1779864 -7.0720692 1.3801149
-2.1397877 -7.0720692 1.3800776
-2.1006086 -7.0720711 1.3800256
-2.060472 -7.0720716 1.3799554
-2.0182652 -7.0720716 1.3807207
-1.980289 -7.072073 1.3796563
-1.9417665 -7.072072 1.379364
-1.9012144 -7.072073 1.3796885
-1.8585969 -7.0720716 1.3796926
-1.8160542 -7.072073 1.3808936
-1.7777532 -7.072073 1.3804133
-1.7382993 -7.072073 1.3799186
-1.6968313 -7.072073 1.380622
-1.6548845 -7.0720735 1.3801148
-1.6182879 -7.0720744 1.3802499
-1.5819993 -7.0720744 1.3805288
-1.5363821 -7.0720744 1.3799984
-1.4972597 -7.0720739 1.378217
-1.4569787 -7.0720744 1.3790605
-1.4165742 -7.0720739 1.3807045
-1.3816948 -7.0720739 1.3795664
-1.336857 -7.0720744 1.3790644
-1.2933483 -7.0720739 1.37998
-1.256544 -7.0720739 1.3810279
-1.2177976 -7.0720744 1.3798194
-1.1813406 -7.0720744 1.3810629
-1.1407049 -7.0720739 1.3798388
-1.1001706 -7.0720744 1.3809237
-1.0597841 -7.0720749 1.3798451
-1.0148005 -7.0720749 1.3807634
-0.97228229 -7.0720749 1.3796692
-0.93878233 -7.0720749 1.3793355
-0.90454638 -7.0720749 1.3790047
-0.85788143 -7.0720749 1.3801422
-0.82209778 -7.0720749 1.379818
-0.78549993 -7.0720749 1.3794645
-0.73557949 -7.0720754 1.3806813
-0.6972692 -7.0720754 1.3752809
-0.65805757 -7.0720754 1.3799914
-0.61810136 -7.0720763 1.3796295
-0.57718396 -7.0720754 1.3792715
-0.53547311 -7.0720758 1.3841683
-0.50712204 -7.0720763 1.3768705
-0.46375239 -7.0720758 1.3818437
-0.41951632 -7.0720763 1.3814834
-2.2607045 -10.003121 1.4203576
-2.221735 -10.003124 1.4192046
-2.1817436 -10.003122 1.4195766
-2.1401045 -10.003125 1.4205359
-2.1016204 -10.003124 1.4202125
-2.0618138 -10.003125 1.4198754
-2.0212257 -10.003125 1.4203092
-1.9792005 -10.003125 1.4207654
-1.9408237 -10.003126 1.4198898
-1.9007308 -10.003127 1.4195095
-1.8595594 -10.003126 1.4197203
-1.8233749 -10.003126 1.4196473
-1.7795241 -10.003127 1.4198732
-1.7340333 -10.003126 1.4194733
-1.6941061 -10.003126 1.4206246
-1.6608473 -10.003125 1.4205737
-1.6266993 -10.003126 1.4205195
-1.5835238 -10.003126 1.4204521
-1.538983 -10.003126 1.4203829
-1.4998434 -10.003126 1.4176829
-1.4605411 -10.003126 1.4189155
-1.4211423 -10.003125 1.4209483
-1.379932 -10.003126 1.4201353
-1.3361315 -10.003126 1.4200683
-1.3001636 -10.003126 1.4192222
-1.2663592 -10.003126 1.4207458
-1.2207215 -10.003127 1.4198873
-1.1721475 -10.003127 1.4198129
-1.1322029 -10.003127 1.4189178
-1.0946153 -10.003127 1.4205213
-1.0515695 -10.003127 1.4218197
-1.0109177 -10.003127 1.4211044
-0.97891158 -10.003126 1.4210643
-0.946226 -10.003127 1.4210331
-0.90170896 -10.003127 1.4177997
-0.85602939 -10.003127 1.419305
-0.82101846 -10.003127 1.4192609
-0.78522944 -10.003127 1.4191941
-0.73643732 -10.003127 1.420802
-0.69901299 -10.003127 1.4157016
-0.66072881 -10.003127 1.4207187
-0.62173498 -10.003127 1.4155108
-0.58182597 -10.003128 1.4206318
-0.54116178 -10.003128 1.4205807
-0.49952269 -10.003128 1.420541
-0.45707822 -10.003128 1.4204879
-0.42823052 -10.003128 1.4186482
-2.3214438 -7.0720706 1.4212682
-2.3008537 -7.0720687 1.4189609
-2.2627928 -7.0720687 1.4199393
-2.21861 -7.0720687 1.420459
-2.1781735 -7.0720701 1.4203355
-2.1401615 -7.0720696 1.420154
-2.1008027 -7.0720716 1.4200242
-2.0600595 -7.0720716 1.4198864
-2.018481 -7.0720716 1.4205235
-1.980289 -7.072073 1.419282
-1.9410213 -7.0720716 1.4188142
-1.9005209 -7.072073 1.4194689
-1.8588591 -7.072072 1.4204291
-1.8153104 -7.072073 1.4208548
-1.7769868 -7.072073 1.4209667
-1.7366761 -7.0720735 1.4198794
-1.6959664 -7.072073 1.4199799
-1.6539927 -7.0720744 1.4200839
-1.6189502 -7.0720739 1.4201717
-1.5829332 -7.0720744 1.4202597
-1.5373461 -7.0720744 1.4203725
-1.4972599 -7.0720739 1.417832
-1.4569792 -7.0720744 1.4192253
-1.415642 -7.0720739 1.4193059
-1.381695 -7.0720739 1.420759
-1.3381165 -7.0720744 1.4194808
-1.292338 -7.0720744 1.4201887
-1.2575784 -7.0720744 1.4218543
-1.2199166 -7.0720744 1.4190632
-1.17917 -7.0720744 1.4204397
-1.140705 -7.0720744 1.4198728
-1.1013105 -7.0720749 1.4192783
-1.0574462 -7.0720749 1.4207096
-1.0159993 -7.0720749 1.4201248
-0.97351241 -7.0720749 1.4195104
-0.93878245 -7.0720749 1.4218502
-0.90582573 -7.0720749 1.419633
-0.8565681 -7.0720749 1.4211553
-0.82209802 -7.0720754 1.4188833
-0.78550029 -7.0720754 1.4189292
-0.73557961 -7.0720754 1.4206914
-0.6972695 -7.0720754 1.4157093
-0.65805757 -7.0720754 1.4208479
-0.61810136 -7.0720758 1.415761
-0.57718402 -7.0720754 1.4210113
-0.53547311 -7.0720763 1.4210892
-0.50712228 -7.0720763 1.4193754
-0.46583799 -7.0720754 1.4222492
-0.41951632 -7.0720768 1.4195122
-2.2599571 -10.003121 1.460068
-2.2215741 -10.003123 1.4601198
-2.1811941 -10.003122 1.4595498
-2.1402767 -10.003124 1.4599286
-2.1018205 -10.003125 1.4602182
-2.0626166 -10.003125 1.4597963
-2.0210154 -10.003125 1.4601169
-1.9785542 -10.003125 1.4613008
-1.940167 -10.003126 1.4590746
-1.900483 -10.003127 1.4596272
-1.8595619 -10.003126 1.4601955
-1.822659 -10.003126 1.4595416
-1.7798077 -10.003127 1.4601177
-1.7356188 -10.003126 1.4594996
-1.6957912 -10.003126 1.4600176
-1.6614757 -10.003125 1.4598935
-1.6258175 -10.003126 1.4609213
-1.5826113 -10.003126 1.4602002
-1.5380417 -10.003126 1.4607594
-1.5005478 -10.003126 1.4593128
-1.4605411 -10.003126 1.4590553
-1.4202337 -10.003126 1.4595217
-1.3787287 -10.003126 1.460007
-1.3370923 -10.003126 1.4598751
-1.3011466 -10.003127 1.4595085
-1.264348 -10.003127 1.4591209
-1.2193826 -10.003127 1.4604124
-1.1732144 -10.003127 1.4617486
-1.1343875 -10.003127 1.4592196
-1.0923775 -10.003127 1.461
-1.0527161 -10.003127 1.4607632
-1.0120932 -10.003127 1.4605066
-0.97891164 -10.003126 1.4631071
-0.946226 -10.003127 1.4587617
-0.90296143 -10.003127 1.4584715
-0.85474396 -10.003127 1.4603693
-0.82101846 -10.003127 1.4583567
-0.78522944 -10.003127 1.4586809
-0.73643732 -10.003127 1.4608215
-0.69901299 -10.003127 1.4561298
-0.66072899 -10.003127 1.461565
-0.6217351 -10.003128 1.4567829
-0.58182609 -10.003128 1.4623399
-0.54116201 -10.003128 1.4574637
-0.50152475 -10.003128 1.4605839
-0.4570784 -10.003128 1.4581743
-0.42823064 -10.003128 1.4620335
-2.3214438 -7.0720711 1.4609782
-2.3008537 -7.0720687 1.4590646
-2.2633009 -7.0720687 1.4601941
-2.2188783 -7.0720692 1.4603572
-2.177458 -7.0720706 1.4596887
-2.1397877 -7.0720706 1.4602722
-2.101007 -7.0720716 1.4600126
-2.0608811 -7.0720716 1.4598031
-2.0182655 -7.0720716 1.4603491
-1.9808691 -7.072073 1.4599917
-1.9410214 -7.0720716 1.459083
-1.9005212 -7.072073 1.4604011
-1.8583301 -7.072072 1.4603447
-1.8145735 -7.072073 1.4608507
-1.7769923 -7.072073 1.4603435
-1.7382994 -7.0720735 1.4598324
-1.6976875 -7.0720744 1.4593133
-1.6557677 -7.0720744 1.4600275
-1.6196126 -7.0720744 1.4600648
-1.5819997 -7.0720744 1.4599956
-1.5363823 -7.0720744 1.4607514
-1.4979817 -7.0720744 1.4594709
-1.4569794 -7.0720744 1.4593903
-1.4156423 -7.0720739 1.4600351
-1.3816952 -7.0720739 1.4619516
-1.3393811 -7.0720744 1.4598482
-1.2933486 -7.0720739 1.4605496
-1.2555099 -7.0720744 1.4603243
-1.2177979 -7.0720744 1.4579931
-1.1813407 -7.0720744 1.4601324
-1.140705 -7.0720739 1.4599068
-1.0990307 -7.0720749 1.4596617
-1.0586152 -7.0720749 1.4595611
-1.0171981 -7.0720749 1.4594434
-0.97105241 -7.0720749 1.4614596
-0.93878245 -7.0720749 1.4596412
-0.90454662 -7.0720749 1.460089
-0.85788178 -7.0720749 1.4623415
-0.82209802 -7.0720754 1.4579484
-0.78550041 -7.0720754 1.4583941
-0.73557973 -7.0720754 1.4607012
-0.69726992 -7.0720758 1.4561377
-0.65805781 -7.0720754 1.4617044
-0.61810154 -7.0720758 1.4570538
-0.57915151 -7.0720754 1.460233
-0.53547317 -7.0720758 1.4580101
-0.50712234 -7.0720763 1.4618802
-0.46166691 -7.0720758 1.4596289
-0.41951632 -7.0720768 1.4629738
-2.2604532 -10.003121 1.4998226
-2.2219107 -10.003124 1.5003072
-2.1820173 -10.003122 1.4995556
-2.1395526 -10.003124 1.4999928
-2.1014309 -10.003125 1.4994841
-2.0616264 -10.003124 1.5004532
-2.0208085 -10.003125 1.4999348
-1.9785542 -10.003126 1.5009829
-1.940167 -10.003126 1.4993856
-1.900483 -10.003127 1.5005888
-1.8588634 -10.003126 1.500697
-1.8240981 -10.003126 1.4993892
-1.780075 -10.003127 1.5003488
-1.7340341 -10.003126 1.4995676
-1.694953 -10.003126 1.4994254
-1.6602193 -10.003125 1.5009518
-1.6258149 -10.003126 1.5000678
-1.5826145 -10.003126 1.4999565
-1.5380416 -10.003126 1.4998411
-1.4998434 -10.003126 1.5008394
-1.4605412 -10.003126 1.4991952
-1.4202337 -10.003126 1.500212
-1.3787242 -10.003126 1.4998882
-1.3361315 -10.003127 1.4995488
-1.3021296 -10.003127 1.4997569
-1.2653539 -10.003127 1.4998595
-1.2193935 -10.003127 1.4995017
-1.1710815 -10.003127 1.5012918
-1.1322033 -10.003127 1.4992372
-1.0934967 -10.003127 1.4994558
-1.053863 -10.003127 1.4996661
-1.0109179 -10.003127 1.4997619
-0.97891182 -10.003126 1.5004787
-0.94744694 -10.003127 1.498902
-0.90170908 -10.003127 1.4989903
-0.85602951 -10.003127 1.501587
-0.82101846 -10.003127 1.4974525
-0.78389215 -10.003127 1.5005803
-0.73643732 -10.003127 1.5008411
-0.69901299 -10.003128 1.4965582
-0.66072905 -10.003127 1.5024114
-0.6217351 -10.003128 1.4980551
-0.58374435 -10.003128 1.5015177
-0.54116201 -10.003128 1.4996159
-0.49952292 -10.003128 1.5004097
-0.45707846 -10.003128 1.5012448
-0.42823076 -10.003128 1.4999957
-2.3214438 -7.0720711 1.5006882
-2.3008535 -7.0720687 1.4991677
-2.2625389 -7.0720687 1.4998428
-2.2191529 -7.0720692 1.5002397
-2.1776421 -7.0720711 1.4999216
-2.1401615 -7.0720716 1.5003351
-2.1011894 -7.0720716 1.5000521
-2.0598674 -7.0720716 1.5004659
-2.0182657 -7.0720716 1.4993525
-1.9802895 -7.072073 1.5007243
-1.9410216 -7.0720716 1.4993516
-1.9005193 -7.072073 1.5001961
-1.8593936 -7.072072 1.5002184
-1.8160548 -7.072073 1.5007887
-1.7769871 -7.072073 1.4997191
-1.7375097 -7.0720735 1.50102
-1.6968313 -7.0720744 1.4986721
-1.6548847 -7.0720744 1.4999973
-1.6189502 -7.0720739 1.4998648
-1.582003 -7.0720744 1.4997358
-1.5363824 -7.0720744 1.4998326
-1.4972601 -7.0720739 1.5010126
-1.4569794 -7.0720744 1.4995551
-1.4156423 -7.0720739 1.5007641
-1.3826489 -7.0720744 1.5011271
-1.338117 -7.0720744 1.5002534
-1.294359 -7.0720744 1.5008721
-1.257579 -7.0720744 1.4990503
-1.2188573 -7.0720739 1.4993098
-1.1791703 -7.0720744 1.4995624
-1.1407051 -7.0720749 1.4999408
-1.1013107 -7.0720749 1.5003145
-1.0597841 -7.0720749 1.498371
-1.0148005 -7.0720749 1.500886
-0.97228241 -7.0720749 1.5013006
-0.93878269 -7.0720749 1.497432
-0.90326756 -7.0720754 1.5005907
-0.8578819 -7.0720754 1.5010158
-0.82209802 -7.0720754 1.4970136
-0.78413272 -7.0720754 1.5002755
-0.73557973 -7.0720754 1.5007112
-0.69726992 -7.0720758 1.4965658
-0.65805793 -7.0720754 1.5025611
-0.6181016 -7.0720758 1.4983468
-0.57718456 -7.0720758 1.4992546
-0.53547335 -7.0720758 1.5002054
-0.50712252 -7.0720763 1.4990721
-0.46375281 -7.0720758 1.5000346
-0.41951647 -7.0720768 1.5010028
-2.2602069 -10.003121 1.5401465
-2.2210896 -10.003124 1.5397006
-2.1814656 -10.003122 1.539539
-2.1402767 -10.003124 1.5401673
-2.1016209 -10.003124 1.5394899
-2.0620139 -10.003125 1.5403968
-2.0216393 -10.003126 1.5405273
-1.9785542 -10.003127 1.5406653
-1.940167 -10.003126 1.5396966
-1.9002303 -10.003127 1.5407224
-1.8602628 -10.003126 1.5399631
-1.823375 -10.003126 1.5392827
-1.7803775 -10.003127 1.5406464
-1.7356192 -10.003126 1.5395463
-1.6949476 -10.003126 1.5400589
-1.6608477 -10.003125 1.5402715
-1.6258118 -10.003126 1.5404767
-1.5826114 -10.003126 1.5397122
-1.5380452 -10.003126 1.540226
-1.4998437 -10.003126 1.5404427
-1.4605412 -10.003126 1.539335
-1.4202337 -10.003126 1.5409018
-1.3787287 -10.003126 1.53977
-1.3351706 -10.003127 1.5392593
-1.3011467 -10.003127 1.5398962
-1.2663596 -10.003127 1.5405593
-1.219383 -10.003127 1.5385898
-1.1732144 -10.003127 1.5410604
-1.1343876 -10.003127 1.5394855
-1.0946155 -10.003127 1.5378722
-1.0515696 -10.003127 1.5406984
-1.0097423 -10.003127 1.5390589
-0.97891188 -10.003126 1.5378505
-0.9450053 -10.003127 1.5412393
-0.90045673 -10.003127 1.5395539
-0.85602987 -10.003127 1.5403005
-0.82101864 -10.003127 1.5365485
-0.78522962 -10.003127 1.5426066
-0.73643744 -10.003127 1.5408607
-0.69901299 -10.003128 1.5369864
-0.66256875 -10.003128 1.5407604
-0.6217351 -10.003128 1.5393273
-0.58182609 -10.003128 1.540524
-0.54116201 -10.003128 1.541768
-0.49752113 -10.003128 1.5402956
-0.45707846 -10.003128 1.5389313
-0.42823076 -10.003128 1.5379579
-2.321444 -7.0720711 1.540398
-2.3012822 -7.0720692 1.539982
-2.2630453 -7.0720696 1.5395046
-2.2191432 -7.0720701 1.5401142
-2.1778188 -7.0720716 1.5400872
-2.1403377 -7.0720716 1.5396898
-2.1004233 -7.0720716 1.5407965
-2.0602639 -7.0720716 1.5404077
-2.018054 -7.0720716 1.5391927
-1.9802897 -7.072073 1.5403497
-1.9410216 -7.0720716 1.5396208
-1.9005216 -7.072073 1.5399913
-1.8578063 -7.072072 1.5400945
-1.8153108 -7.0720739 1.5407841
-1.7769927 -7.0720735 1.5390954
-1.7375157 -7.0720739 1.5409893
-1.696826 -7.0720744 1.5392514
-1.6539931 -7.0720744 1.5400053
-1.618288 -7.0720744 1.539694
-1.582 -7.0720744 1.539476
-1.536386 -7.0720744 1.5402163
-1.4972602 -7.0720739 1.5406275
-1.4569794 -7.0720744 1.5397197
-1.4147099 -7.0720744 1.5394266
-1.3816955 -7.0720739 1.5402057
-1.3381121 -7.0720744 1.5406479
-1.2923384 -7.0720744 1.5389432
-1.2565444 -7.0720739 1.5397488
-1.2199168 -7.0720744 1.540586
-1.1813409 -7.0720749 1.5392017
-1.1407051 -7.0720749 1.5399748
-1.0990311 -7.0720749 1.5407537
-1.0574465 -7.0720749 1.5393186
-1.0159998 -7.0720749 1.5402045
-0.97228253 -7.0720749 1.5387259
-0.93878305 -7.0720758 1.5399467
-0.90454668 -7.0720754 1.541205
-0.85788214 -7.0720754 1.5396901
-0.82209802 -7.0720754 1.5360787
-0.78550053 -7.0720754 1.5422736
-0.73557985 -7.0720754 1.5407214
-0.69726992 -7.0720758 1.5369943
-0.65994281 -7.0720754 1.5409124
-0.6181016 -7.0720758 1.5396397
-0.57718468 -7.0720758 1.5409944
-0.53547335 -7.0720763 1.5424008
-0.50712252 -7.0720768 1.5362638
-0.46583864 -7.0720758 1.5403776
-0.41951656 -7.0720768 1.5390316
-2.2597122 -10.003121 1.580493
-2.221735 -10.003124 1.5798491
-2.180918 -10.003122 1.5795522
-2.1395528 -10.003124 1.5802568
-2.1018207 -10.003125 1.5794847
-2.0624013 -10.003124 1.5803201
-2.0210154 -10.003127 1.5803188
-1.9785542 -10.003127 1.5803479
-1.9401671 -10.003126 1.5800079
-1.9012362 -10.003127 1.5799395
-1.8595601 -10.003126 1.5793079
-1.8233774 -10.003126 1.5803342
-1.7792275 -10.003127 1.5799572
-1.7340341 -10.003126 1.5796617
-1.6949532 -10.003126 1.5806931
-1.6614761 -10.003125 1.5795636
-1.6258149 -10.003126 1.5808862
-1.581696 -10.003126 1.5795249
-1.5380419 -10.003126 1.5806104
-1.4998438 -10.003126 1.5800459
-1.4605416 -10.003126 1.579475
-1.4193251 -10.003125 1.5795348
-1.3787291 -10.003127 1.5810264
-1.3361316 -10.003127 1.5790532
-1.3001639 -10.003127 1.5800731
-1.2643481 -10.003127 1.5790114
-1.2193882 -10.003127 1.5805742
-1.1710815 -10.003127 1.5806559
-1.1322033 -10.003127 1.5795566
-1.0923777 -10.003127 1.5784305
-1.0527164 -10.003127 1.5796013
-1.0120937 -10.003127 1.5807863
-0.97891188 -10.003127 1.5798934
-0.94622624 -10.003127 1.5813795
-0.90170926 -10.003127 1.580212
-0.85602987 -10.003127 1.5790138
-0.8210187 -10.003127 1.5756444
-0.78522968 -10.003127 1.5820932
-0.73643756 -10.003127 1.5808803
-0.69901323 -10.003128 1.5774145
-0.66072929 -10.003128 1.5789806
-0.62173522 -10.003128 1.5805994
-0.57990795 -10.003128 1.5795879
-0.54116207 -10.003128 1.58392
-0.49952292 -10.003128 1.5803167
-0.45707846 -10.003128 1.5766177
-0.42823076 -10.003128 1.5813433
-2.3214443 -7.0720711 1.5801078
-2.300854 -7.0720696 1.5807984
-2.2627933 -7.0720701 1.5797532
-2.2183375 -7.0720706 1.5800222
-2.1779871 -7.0720711 1.5802438
-2.1395974 -7.0720716 1.5797527
-2.1008067 -7.0720716 1.5800391
-2.0606608 -7.0720716 1.5803285
-2.0189049 -7.0720716 1.5797832
-1.9802895 -7.072073 1.5799755
-1.9410216 -7.0720716 1.5798892
-1.9005214 -7.072073 1.5809236
-1.8588595 -7.072072 1.5799518
-1.8153157 -7.0720744 1.5795848
-1.7769901 -7.0720744 1.5796647
-1.7375103 -7.0720744 1.580958
-1.6968317 -7.0720744 1.5798316
-1.6557679 -7.0720744 1.5798714
-1.6189502 -7.0720739 1.5795778
-1.5810633 -7.0720744 1.5792778
-1.5363826 -7.0720744 1.5805997
-1.4972603 -7.0720739 1.5802426
-1.4569796 -7.0720744 1.5798843
-1.4156425 -7.0720739 1.578161
-1.3807416 -7.0720744 1.5793205
-1.338117 -7.0720744 1.5810426
-1.2933489 -7.0720739 1.5792656
-1.25551 -7.0720744 1.5804865
-1.2177981 -7.0720744 1.5795969
-1.1791704 -7.0720749 1.5786854
-1.1407052 -7.0720749 1.5800087
-1.1013111 -7.0720749 1.5813502
-1.0597842 -7.0720749 1.5804274
-1.0171989 -7.0720749 1.5794806
-0.97351253 -7.0720754 1.5785097
-0.93878317 -7.0720754 1.5824615
-0.90454698 -7.0720754 1.5793697
-0.85788238 -7.0720754 1.5783645
-0.82209826 -7.0720758 1.580027
-0.78550071 -7.0720754 1.5817385
-0.73558015 -7.0720754 1.5807312
-0.69726992 -7.0720758 1.5774226
-0.65805817 -7.0720758 1.579149
-0.6181016 -7.0720763 1.5809327
-0.57521755 -7.0720758 1.5800964
-0.53547353 -7.0720768 1.5793215
-0.50712252 -7.0720768 1.5787686
-0.4637531 -7.0720758 1.5805992
-0.41951656 -7.0720768 1.5824933
-2.2607179 -10.003122 1.6196169
-2.221411 -10.003124 1.6200576
-2.1820035 -10.003121 1.6201152
-2.1402769 -10.003124 1.6204059
-2.1019986 -10.003126 1.6195322
-2.0620139 -10.003127 1.6202129
-2.0210154 -10.003127 1.6193055
-1.9787723 -10.003127 1.6208262
-1.9401673 -10.003126 1.620319
-1.9004831 -10.003127 1.6200508
-1.8595622 -10.003126 1.619783
-1.8233802 -10.003126 1.6202128
-1.7803779 -10.003127 1.619349
-1.7356193 -10.003126 1.6195928
-1.6949478 -10.003126 1.6213272
-1.6602193 -10.003125 1.6206768
-1.6258179 -10.003126 1.6200329
-1.583524 -10.003126 1.6204498
-1.5380418 -10.003126 1.6196922
-1.4998438 -10.003126 1.6196493
-1.4605415 -10.003126 1.6196145
-1.420234 -10.003126 1.6182241
-1.3775301 -10.003127 1.6209936
-1.3361317 -10.003127 1.6208912
-1.3011469 -10.003127 1.6203082
-1.265354 -10.003127 1.6197116
-1.2193938 -10.003127 1.6211104
-1.1732146 -10.003127 1.6203721
-1.1343879 -10.003127 1.6197515
-1.0946157 -10.003127 1.6191152
-1.0538632 -10.003127 1.6184635
-1.0109179 -10.003127 1.6200835
-0.97891188 -10.003127 1.6219363
-0.94622624 -10.003127 1.619108
-0.90170926 -10.003127 1.6184268
-0.8573153 -10.003127 1.620158
-0.8210187 -10.003127 1.6196274
-0.78522968 -10.003128 1.6215799
-0.73643756 -10.003128 1.6208998
-0.69901323 -10.003128 1.6178428
-0.66072929 -10.003128 1.6198269
-0.62173533 -10.003128 1.6218717
-0.58182657 -10.003128 1.6187447
-0.54116225 -10.003128 1.6208032
-0.50152498 -10.003128 1.6202774
-0.45707858 -10.003128 1.619688
-0.42823085 -10.003128 1.6193055
-2.3214443 -7.0720716 1.6198177
-2.300854 -7.0720706 1.6209021
-2.2627935 -7.0720701 1.6205841
-2.2194104 -7.0720706 1.6198621
-2.178174 -7.0720716 1.6204474
-2.1403379 -7.0720716 1.6198643
-2.1011901 -7.0720716 1.6192616
-2.0602643 -7.0720716 1.6202244
-2.0182657 -7.0720716 1.6196059
-1.9802899 -7.072073 1.6196009
-1.9412671 -7.072072 1.6192844
-1.8998301 -7.072073 1.6207818
-1.8585974 -7.0720725 1.6207317
-1.8153131 -7.0720744 1.6195613
-1.7769877 -7.0720744 1.6214271
-1.7375158 -7.0720744 1.620927
-1.6968262 -7.0720744 1.6204114
-1.6548851 -7.0720744 1.6198798
-1.6196128 -7.0720744 1.6194328
-1.5829337 -7.0720744 1.6201763
-1.5363828 -7.0720744 1.6196808
-1.4972605 -7.0720739 1.6198575
-1.4569798 -7.0720744 1.6200496
-1.4156427 -7.0720739 1.61889
-1.3816957 -7.0720739 1.6184833
-1.3381225 -7.0720744 1.6200441
-1.2943594 -7.0720744 1.6195493
-1.257579 -7.0720744 1.6191335
-1.2199169 -7.0720749 1.6187074
-1.1813409 -7.0720749 1.6182714
-1.1418175 -7.0720749 1.6178243
-1.0990311 -7.0720749 1.6218457
-1.0574468 -7.0720749 1.6214323
-1.014801 -7.0720749 1.6210082
-0.97105259 -7.0720754 1.6205734
-0.93878317 -7.0720754 1.6202524
-0.90582627 -7.0720754 1.6199247
-0.85919595 -7.0720754 1.6194612
-0.82209849 -7.0720758 1.6239754
-0.78550076 -7.0720754 1.6212033
-0.73558033 -7.0720754 1.6207414
-0.69727015 -7.0720758 1.617851
-0.65805835 -7.0720758 1.6200056
-0.61810178 -7.0720763 1.6222256
-0.5771848 -7.0720758 1.6192753
-0.53547388 -7.0720768 1.6162423
-0.50712252 -7.0720768 1.6212736
-0.46166751 -7.0720758 1.6208836
-0.41951689 -7.0720768 1.6205221
-2.2602067 -10.003121 1.6593796
-2.2220616 -10.003124 1.6601698
-2.1815071 -10.003096 1.6607198
-2.1399148 -10.003125 1.6589764
-2.1016243 -10.003126 1.6587563
-2.0620139 -10.003127 1.6585284
-2.0203879 -10.003127 1.6591392
-1.9785544 -10.003127 1.6613621
-1.9401673 -10.003126 1.6606302
-1.9004831 -10.003127 1.6610118
-1.8595624 -10.003126 1.6614145
-1.8233756 -10.003126 1.6589183
-1.7792279 -10.003127 1.6586944
-1.7348055 -10.003126 1.6584692
-1.6949505 -10.003126 1.6607298
-1.6608477 -10.003126 1.6599691
-1.6258149 -10.003126 1.6591792
-1.5826117 -10.003126 1.6602625
-1.5380419 -10.003126 1.6587746
-1.4998438 -10.003126 1.6592525
-1.4605415 -10.003126 1.6597544
-1.4202337 -10.003126 1.6589142
-1.3799325 -10.003127 1.6593285
-1.3370925 -10.003127 1.6606351
-1.3021299 -10.003127 1.6605057
-1.2663599 -10.003127 1.6603731
-1.2193831 -10.003127 1.660199
-1.171082 -10.003127 1.6600201
-1.1322036 -10.003127 1.6598761
-1.0923781 -10.003127 1.6597285
-1.0515701 -10.003127 1.6595773
-1.0097427 -10.003127 1.6594224
-0.978912 -10.003127 1.6593081
-0.94744712 -10.003127 1.6591916
-0.90296173 -10.003127 1.6590266
-0.85602987 -10.003127 1.6612644
-0.8210187 -10.003127 1.6636101
-0.78522992 -10.003128 1.6610665
-0.73643756 -10.003128 1.6609193
-0.69901323 -10.003128 1.6582711
-0.66072929 -10.003128 1.6606731
-0.62173533 -10.003128 1.6631438
-0.58182657 -10.003128 1.6604526
-0.54116225 -10.003128 1.6576861
-0.49952316 -10.003128 1.6601851
-0.4570787 -10.003128 1.6627584
-0.428231 -10.003128 1.6572677
-2.1646276 -9.9930496 1.6785082
-2.1425524 -9.9921436 1.6766291
-2.1043696 -9.9919462 1.676702
-2.0648665 -9.9917459 1.6767794
-2.034379 -9.9915924 1.6768398
-2.3214443 -7.0720716 1.6595277
-2.300854 -7.0720711 1.6610054
-2.2633152 -7.0720706 1.6602776
-2.2188785 -7.0720706 1.659768
-2.1774585 -7.0720716 1.6598651
-2.1395977 -7.0720716 1.659954
-2.1004241 -7.0720716 1.6600455
-2.0598676 -7.0720716 1.6601408
-2.0178545 -7.0720716 1.660239
-1.9802899 -7.072073 1.6592265
-1.9410219 -7.0720716 1.6587449
-1.9012153 -7.0720735 1.6593142
-1.859151 -7.072073 1.6606109
-1.8153111 -7.0720744 1.6607137
-1.7769928 -7.0720744 1.6608033
-1.7375104 -7.0720744 1.6608959
-1.6968321 -7.0720744 1.6609913
-1.6548795 -7.0720744 1.6610895
-1.6189505 -7.0720739 1.659271
-1.5820004 -7.0720744 1.6599783
-1.5363828 -7.0720744 1.6587617
-1.4972603 -7.0720739 1.6594722
-1.4569799 -7.0720744 1.6602142
-1.4156429 -7.0720739 1.6596191
-1.3816956 -7.0720739 1.6596756
-1.3381172 -7.0720744 1.6590457
-1.2933493 -7.0720749 1.6598103
-1.2565447 -7.0720749 1.6598713
-1.2188579 -7.0720749 1.6599337
-1.1802559 -7.0720749 1.6599976
-1.1395937 -7.0720749 1.6578469
-1.1001712 -7.0720749 1.6601443
-1.0586157 -7.0720749 1.6602135
-1.0159999 -7.0720749 1.6602843
-0.97228277 -7.0720754 1.6603572
-0.93878317 -7.0720754 1.6580433
-0.9045471 -7.0720754 1.6604542
-0.85788238 -7.0720754 1.6605314
-0.82209849 -7.0720758 1.6630405
-0.78550082 -7.0720754 1.6606681
-0.73558033 -7.0720754 1.6607512
-0.69727015 -7.0720763 1.6582794
-0.6580584 -7.0720758 1.6608624
-0.61810231 -7.0720768 1.6635184
-0.57718492 -7.0720758 1.6610149
-0.53547406 -7.0720768 1.6584377
-0.50712299 -7.0720768 1.6637784
-0.46583888 -7.0720758 1.6585056
-0.41951722 -7.0720768 1.6585511
-2.2602067 -10.003121 1.7002926
-2.2212384 -10.003124 1.6996176
-2.1817276 -10.002953 1.7000337
-1.9743019 -10.003126 1.7006642
-1.9401671 -10.003126 1.7009413
-1.8999599 -10.003127 1.7002763
-1.8595647 -10.003126 1.7007333
-1.8233782 -10.003126 1.6999695
-1.7798028 -10.003127 1.6998502
-1.7348002 -10.003126 1.6985047
-1.6949534 -10.003126 1.6989009
-1.6614765 -10.003126 1.6992339
-1.6258122 -10.003126 1.6995887
-1.582615 -10.003126 1.7000183
-1.5389836 -10.003126 1.6992244
-1.4998441 -10.003126 1.698856
-1.4605416 -10.003127 1.6998944
-1.420234 -10.003126 1.6996044
-1.3787292 -10.003127 1.6992956
-1.3361317 -10.003127 1.700372
-1.301147 -10.003127 1.700696
-1.2643485 -10.003127 1.6989018
-1.2193938 -10.003127 1.6992875
-1.1732147 -10.003127 1.6996838
-1.134388 -10.003127 1.7000171
-1.0946158 -10.003127 1.7003582
-1.0538635 -10.003127 1.7007079
-1.0120939 -10.003127 1.7010665
-0.97891212 -10.003127 1.6966796
-0.9462266 -10.003127 1.699266
-0.90170956 -10.003127 1.6996174
-0.85603011 -10.003127 1.6999779
-0.82101887 -10.003127 1.7027059
-0.78523004 -10.003128 1.7005534
-0.73643762 -10.003128 1.7009387
-0.69901323 -10.003128 1.6986992
-0.66072929 -10.003128 1.7015195
-0.62173533 -10.003128 1.7044159
-0.5837447 -10.003128 1.699531
-0.54116225 -10.003128 1.6998382
-0.49752137 -10.003128 1.7001531
-0.4570787 -10.003128 1.7004448
-0.428231 -10.003128 1.7006528
-2.1646273 -9.9930487 1.6998782
-2.1415462 -9.9903727 1.6971928
-2.101866 -9.9929943 1.7010976
-2.0623417 -9.9933214 1.7007377
-2.0292504 -9.9902325 1.7017529
-2.3214443 -7.0720716 1.6992377
-2.3008542 -7.0720711 1.7011088
-2.2622893 -7.0720706 1.6993011
-2.2188811 -7.0720701 1.7002476
-2.1781743 -7.0720716 1.6992793
-2.1403379 -7.0720716 1.7000396
-2.1011903 -7.0720716 1.7008262
-2.0602643 -7.0720716 1.700055
-2.018266 -7.0720716 1.7008702
-1.9802918 -7.072073 1.6999526
-1.9410219 -7.0720725 1.6990138
-1.9005216 -7.0720744 1.6991721
-1.8585981 -7.072073 1.7004929
-1.8153161 -7.0720744 1.6995143
-1.7769878 -7.0720744 1.7001795
-1.737516 -7.0720744 1.7008648
-1.6976883 -7.0720744 1.7003975
-1.6548826 -7.0720744 1.7010503
-1.6182882 -7.0720744 1.6991382
-1.5820036 -7.0720744 1.6997184
-1.5373471 -7.0720744 1.6992046
-1.4972605 -7.0720739 1.6990875
-1.4569801 -7.0720744 1.7003791
-1.4156427 -7.0720739 1.7003483
-1.3816957 -7.0720739 1.7008682
-1.3381126 -7.0720744 1.6994404
-1.2923388 -7.0720749 1.70011
-1.2555104 -7.0720749 1.7006487
-1.2177986 -7.0720749 1.7012004
-1.1791707 -7.0720749 1.7017654
-1.141818 -7.0720749 1.697865
-1.1013113 -7.0720749 1.6984024
-1.0597849 -7.0720754 1.6989533
-1.017199 -7.0720754 1.699518
-0.97351307 -7.0720754 1.7000974
-0.93878329 -7.0720758 1.7005581
-0.90454721 -7.0720754 1.6986189
-0.85788238 -7.0720754 1.6992059
-0.82209849 -7.0720758 1.7021058
-0.785501 -7.0720754 1.700133
-0.73558033 -7.0720758 1.7007613
-0.69727033 -7.0720763 1.6987078
-0.6580584 -7.0720758 1.7017189
-0.61810231 -7.0720768 1.6996498
-0.57915205 -7.0720758 1.7001133
-0.53547406 -7.0720768 1.7006329
-0.50712329 -7.0720768 1.7009701
-0.46375379 -7.0720773 1.6987898
-0.41951752 -7.0720773 1.7020125
-2.2602048 -10.003122 1.7400374
-2.2215748 -10.003123 1.7397808
-2.1817572 -10.002929 1.739405
-1.973168 -10.003126 1.7414281
-1.9401654 -10.003126 1.7401327
-1.9004831 -10.003127 1.7395285
-1.8595624 -10.003126 1.7400517
-1.8233804 -10.003126 1.739848
-1.780378 -10.003127 1.74098
-1.7355739 -10.003126 1.7397993
-1.694948 -10.003126 1.7395352
-1.6602197 -10.003126 1.7404021
-1.625815 -10.003126 1.7399981
-1.5826119 -10.003126 1.7397743
-1.5370972 -10.003126 1.7407808
-1.4998442 -10.003126 1.7384593
-1.460542 -10.003127 1.7400342
-1.4202342 -10.003127 1.7402945
-1.3787293 -10.003127 1.7405523
-1.3351712 -10.003127 1.7401454
-1.3001642 -10.003127 1.7409235
-1.2653543 -10.003127 1.7395633
-1.2193831 -10.003127 1.7383765
-1.171082 -10.003127 1.7393842
-1.1322036 -10.003127 1.7401956
-1.092378 -10.003127 1.7410265
-1.0527167 -10.003127 1.7395616
-1.0109183 -10.003127 1.7404052
-0.97891217 -10.003127 1.7387226
-0.94500571 -10.003127 1.7393838
-0.90045696 -10.003127 1.7402525
-0.85603011 -10.003127 1.7386914
-0.82101893 -10.003128 1.7418017
-0.78523016 -10.003128 1.7400398
-0.7364378 -10.003128 1.7409583
-0.69901347 -10.003128 1.7391275
-0.66072953 -10.003128 1.7423658
-0.62173551 -10.003128 1.7405291
-0.58182657 -10.003128 1.7386367
-0.54116225 -10.003128 1.7419902
-0.49952319 -10.003128 1.740092
-0.4570787 -10.003128 1.7381314
-0.428231 -10.003128 1.738615
-2.1646273 -9.9930506 1.7395651
-2.140888 -9.9929056 1.7396873
-2.1042509 -9.9952841 1.7403165
-2.0641158 -9.9952841 1.7399199
-2.0302548 -9.9909039 1.7396224
-2.3214447 -7.0720716 1.7389477
-2.3010068 -7.0720711 1.740515
-2.2627938 -7.0720701 1.7395768
-2.2188833 -7.0720706 1.7401315
-2.1779876 -7.0720711 1.7394837
-2.1395977 -7.0720716 1.7401549
-2.100807 -7.0720716 1.7400503
-2.0606608 -7.0720716 1.7399493
-2.018266 -7.0720716 1.7398738
-1.9802901 -7.0720739 1.7406787
-1.9410218 -7.0720725 1.7392826
-1.9005218 -7.0720744 1.7401044
-1.8580449 -7.0720735 1.7404003
-1.8153133 -7.0720744 1.7394905
-1.7769929 -7.0720744 1.7395552
-1.7375106 -7.0720744 1.7408335
-1.6959672 -7.0720744 1.7396353
-1.6548858 -7.0720744 1.7397623
-1.6196135 -7.0720744 1.7408561
-1.5820006 -7.0720744 1.7394584
-1.5354156 -7.0720744 1.7407722
-1.4972607 -7.0720739 1.7387024
-1.4569801 -7.0720744 1.7405438
-1.4156427 -7.0720739 1.7410774
-1.3826495 -7.0720744 1.7399684
-1.3381174 -7.0720749 1.7398347
-1.2933491 -7.0720749 1.7403799
-1.2575794 -7.0720749 1.7392166
-1.2199173 -7.0720749 1.7402301
-1.1813413 -7.0720749 1.7412684
-1.1407059 -7.0720749 1.7401311
-1.0990314 -7.0720754 1.7389786
-1.0574472 -7.0720754 1.740041
-1.0148014 -7.0720754 1.7411305
-0.97228324 -7.0720754 1.7398704
-0.93878341 -7.0720758 1.7430727
-0.90326816 -7.0720754 1.7392077
-0.85656905 -7.0720754 1.740337
-0.82209867 -7.0720758 1.7411708
-0.78550124 -7.0720758 1.7395977
-0.73558033 -7.0720758 1.7407713
-0.69727039 -7.0720768 1.7391362
-0.65617365 -7.0720758 1.7400739
-0.61810231 -7.0720768 1.7357812
-0.57718539 -7.0720758 1.7392581
-0.5354743 -7.0720768 1.7428281
-0.50712347 -7.0720773 1.7381618
-0.46166846 -7.0720778 1.7391369
-0.41951752 -7.0720773 1.7400414
-2.2602067 -10.003121 1.7797818
-2.2219112 -10.003124 1.7799251
-2.1822677 -10.002957 1.7794148
-1.973168 -10.003126 1.7811987
-1.9401673 -10.003126 1.7793241
-1.9012365 -10.003127 1.7796354
-1.8595604 -10.003126 1.780527
-1.8233782 -10.003126 1.7797265
-1.7792281 -10.003127 1.7803788
-1.7339835 -10.003126 1.7797403
-1.6949536 -10.003126 1.780169
-1.6614763 -10.003126 1.7815071
-1.6258183 -10.003126 1.7791444
-1.5835246 -10.003126 1.7795689
-1.5380422 -10.003126 1.7812309
-1.4998441 -10.003127 1.7780628
-1.460542 -10.003127 1.7801744
-1.4202342 -10.003127 1.7809845
-1.3787249 -10.003127 1.7804339
-1.336132 -10.003127 1.7798764
-1.3021302 -10.003127 1.7789521
-1.2663602 -10.003127 1.7801865
-1.2193886 -10.003127 1.7803601
-1.1732148 -10.003127 1.7789955
-1.1343882 -10.003127 1.7802827
-1.0946162 -10.003127 1.7816014
-1.0515701 -10.003127 1.7784562
-1.009743 -10.003127 1.7797856
-0.97891212 -10.003127 1.7807657
-0.9462266 -10.003127 1.7794542
-0.90170956 -10.003127 1.780839
-0.85474467 -10.003128 1.7798716
-0.82101893 -10.003128 1.7808976
-0.78523016 -10.003128 1.7795267
-0.7364378 -10.003128 1.7809778
-0.69901359 -10.003128 1.7795558
-0.65888977 -10.003128 1.7807217
-0.62173557 -10.003128 1.7766423
-0.58182681 -10.003128 1.7803448
-0.54116249 -10.003128 1.7841423
-0.50152522 -10.003128 1.779971
-0.45707881 -10.003128 1.7812018
-0.42823106 -10.003128 1.7765774
-2.1646273 -9.9930506 1.7792521
-2.142256 -9.9926481 1.7797037
-2.1040509 -9.9952841 1.7802677
-2.0645201 -9.9952841 1.7798398
-2.0303395 -9.9908524 1.7800468
-2.3214447 -7.0720716 1.7786577
-2.3008542 -7.0720711 1.7798806
-2.263046 -7.0720706 1.7798245
-2.2191436 -7.0720706 1.7794204
-2.1778197 -7.0720716 1.7796414
-2.1403379 -7.0720716 1.7802144
-2.1004241 -7.0720716 1.7792947
-2.0602648 -7.0720725 1.7798721
-2.0189054 -7.0720716 1.7796832
-1.9802901 -7.0720739 1.7803042
-1.9410219 -7.072073 1.7795511
-1.9005196 -7.0720744 1.7798996
-1.8593942 -7.0720735 1.7793962
-1.8153113 -7.0720744 1.7806429
-1.7769878 -7.0720744 1.7789317
-1.7375162 -7.0720744 1.7808022
-1.6968322 -7.0720744 1.7790413
-1.6557686 -7.0720744 1.7797545
-1.6189511 -7.0720739 1.7807232
-1.582934 -7.0720744 1.779231
-1.5363832 -7.0720744 1.7812152
-1.4972609 -7.0720739 1.7783175
-1.4569802 -7.0720744 1.7807088
-1.4165753 -7.0720744 1.7797252
-1.3816961 -7.0720749 1.7791224
-1.3393816 -7.0720749 1.7802689
-1.2943597 -7.0720749 1.7806115
-1.2565451 -7.0720749 1.779994
-1.2177986 -7.0720749 1.779374
-1.1791711 -7.0720749 1.7808881
-1.1407059 -7.0720749 1.780165
-1.1013113 -7.0720754 1.7794383
-1.0597849 -7.0720754 1.7810094
-1.0160003 -7.0720754 1.7803642
-0.97105324 -7.0720754 1.7796868
-0.93878365 -7.0720758 1.7808636
-0.90454733 -7.0720754 1.7797348
-0.85788274 -7.0720754 1.781405
-0.82209873 -7.0720758 1.7802361
-0.78550148 -7.0720758 1.7790625
-0.73558056 -7.0720758 1.7807813
-0.69727069 -7.0720768 1.7795645
-0.65805906 -7.0720758 1.7783427
-0.61810267 -7.0720768 1.7770739
-0.57718575 -7.0720778 1.7809978
-0.5354743 -7.0720768 1.7797489
-0.50712347 -7.0720773 1.7806668
-0.46375406 -7.0720778 1.7793946
-0.41951752 -7.0720778 1.7780704
-2.2607052 -10.003121 1.8201058
-2.221575 -10.003123 1.8201027
-2.181361 -10.003013 1.8194259
-2.1405818 -10.003123 1.8337591
-2.1016245 -10.003124 1.8345323
-2.0641789 -10.003123 1.8333081
-2.023257 -10.003123 1.8342806
-1.9743022 -10.003126 1.8216491
-1.9401673 -10.003126 1.8196349
-1.9004833 -10.003127 1.8197325
-1.8602636 -10.003126 1.8198673
-1.8233762 -10.003126 1.8207779
-1.780378 -10.003127 1.8196824
-1.735574 -10.003126 1.8198471
-1.695792 -10.003126 1.8195968
-1.6608483 -10.003126 1.8208034
-1.6267 -10.003126 1.8195794
-1.5816963 -10.003126 1.8205301
-1.5380421 -10.003126 1.8203129
-1.4991397 -10.003127 1.8196872
-1.460542 -10.003127 1.8203139
-1.4211431 -10.003127 1.8195894
-1.3787293 -10.003127 1.8203152
-1.3370929 -10.003127 1.8195703
-1.3011475 -10.003127 1.8191799
-1.2653546 -10.003127 1.8208792
-1.2193942 -10.003127 1.8208961
-1.1710823 -10.003127 1.8187485
-1.1322037 -10.003127 1.8205149
-1.0934973 -10.003127 1.8200092
-1.0538639 -10.003127 1.8195055
-1.012094 -10.003127 1.8213463
-0.97891223 -10.003127 1.8181372
-0.94744754 -10.003127 1.8194811
-0.90296203 -10.003127 1.8213809
-0.85603011 -10.003128 1.8209735
-0.82101893 -10.003128 1.8199935
-0.78523016 -10.003128 1.8190134
-0.7364378 -10.003128 1.8209974
-0.69901395 -10.003128 1.8199838
-0.66072953 -10.003128 1.8189702
-0.62173557 -10.003128 1.8179144
-0.58182681 -10.003128 1.822053
-0.54116249 -10.003128 1.8210254
-0.49952352 -10.003128 1.8199606
-0.45707893 -10.003129 1.8188883
-0.42823124 -10.003129 1.8199626
-2.1646278 -9.9930515 1.8097807
-2.1417246 -9.9926834 1.8117439
-2.1037254 -9.9954987 1.8117529
-2.0636594 -9.9954834 1.8118038
-2.0304105 -9.9908133 1.8107644
-2.3214447 -7.0720716 1.8183676
-2.3008542 -7.0720711 1.8199842
-2.2627938 -7.0720701 1.8200675
-2.2186167 -7.0720706 1.8199
-2.1776428 -7.0720711 1.8198079
-2.140162 -7.0720716 1.8195701
-2.1011903 -7.0720716 1.8200352
-2.060473 -7.0720716 1.8190012
-2.0180542 -7.072072 1.8202914
-1.9802901 -7.0720744 1.81993
-1.9410223 -7.072073 1.8198203
-1.9005222 -7.0720744 1.8196948
-1.8583314 -7.0720735 1.8192576
-1.8160553 -7.0720744 1.8206351
-1.7777543 -7.0720744 1.8195173
-1.7375107 -7.0720744 1.8207716
-1.6968267 -7.0720744 1.8196213
-1.6539937 -7.0720744 1.8196533
-1.6189512 -7.0720739 1.8186769
-1.5810637 -7.0720744 1.820189
-1.5363833 -7.0720744 1.8202962
-1.497261 -7.0720739 1.8179324
-1.4569802 -7.0720744 1.8208735
-1.415643 -7.0720739 1.8184513
-1.3816961 -7.0720749 1.8203148
-1.336858 -7.0720749 1.819191
-1.2933494 -7.0720749 1.8209245
-1.2555108 -7.0720749 1.8208108
-1.2199178 -7.0720749 1.8183517
-1.1813416 -7.0720754 1.8203379
-1.1407059 -7.0720758 1.8201993
-1.0990318 -7.0720754 1.8200707
-1.058616 -7.0720754 1.819809
-1.017199 -7.0720754 1.8195553
-0.97351331 -7.0720754 1.8216852
-0.93878365 -7.0720758 1.8186545
-0.90582645 -7.0720754 1.8202165
-0.8578828 -7.0720758 1.8200793
-0.82209873 -7.0720758 1.8193012
-0.7855016 -7.0720758 1.8185275
-0.7355811 -7.0720758 1.820791
-0.69727087 -7.0720768 1.8199928
-0.65805936 -7.0720758 1.8191994
-0.61810279 -7.0720768 1.8183668
-0.57521874 -7.0720778 1.8202236
-0.53547502 -7.0720773 1.8166697
-0.50712371 -7.0720773 1.8231716
-0.46583983 -7.0720778 1.8195896
-0.41951764 -7.0720778 1.821532
-2.260205 -10.003121 1.8598456
-2.221736 -10.003125 1.8610227
-2.1817441 -10.003124 1.8594807
-2.1399121 -10.003127 1.8596017
-2.1018209 -10.003127 1.8604419
-2.0620112 -10.003127 1.8596793
-2.0210159 -10.003127 1.8597236
-1.9792008 -10.003127 1.8605776
-1.9401673 -10.003126 1.8599461
-1.9002309 -10.003127 1.8598238
-1.8588643 -10.003126 1.8591422
-1.8240993 -10.003126 1.8606669
-1.7800756 -10.003127 1.859982
-1.7339836 -10.003126 1.8598362
-1.694159 -10.003126 1.8601822
-1.66022 -10.003126 1.860127
-1.6249275 -10.003126 1.859938
-1.5826123 -10.003127 1.8603246
-1.5380423 -10.003127 1.8593947
-1.4998442 -10.003127 1.8612401
-1.460542 -10.003127 1.8604541
-1.4202342 -10.003127 1.8582846
-1.379933 -10.003127 1.8602124
-1.3361323 -10.003127 1.8593569
-1.3011472 -10.003127 1.8614954
-1.2643487 -10.003127 1.8616104
-1.2193834 -10.003127 1.8599855
-1.1732149 -10.003127 1.8583074
-1.1343883 -10.003127 1.8605485
-1.0923783 -10.003127 1.858457
-1.0515704 -10.003127 1.8607568
-1.0109187 -10.003127 1.8607268
-0.97891235 -10.003127 1.8601801
-0.94622684 -10.003128 1.8596121
-0.90170968 -10.003128 1.8620297
-0.85603029 -10.003128 1.8596871
-0.82101905 -10.003128 1.8590893
-0.78523022 -10.003128 1.8585001
-0.7364378 -10.003128 1.861017
-0.69901395 -10.003128 1.8604121
-0.66072953 -10.003128 1.8598166
-0.62173557 -10.003128 1.8591864
-0.57990867 -10.003128 1.8612584
-0.54116249 -10.003128 1.8579084
-0.49752173 -10.003129 1.8600105
-0.45707893 -10.003129 1.8565748
-0.42823124 -10.003129 1.863348
-2.321445 -7.0720716 1.8580774
-2.3008544 -7.0720711 1.8600876
-2.2630556 -7.0720706 1.859722
-2.2194245 -7.0720706 1.8597645
-2.1779873 -7.0720711 1.8607739
-2.1397882 -7.0720711 1.8596345
-2.1010084 -7.072072 1.8600758
-2.0602612 -7.0720725 1.8596922
-2.0182664 -7.072073 1.860127
-1.9802901 -7.0720744 1.8595556
-1.9417675 -7.0720735 1.8592187
-1.900522 -7.0720744 1.8606271
-1.8585982 -7.072073 1.8600321
-1.8145746 -7.0720744 1.8605798
-1.7762293 -7.0720744 1.8600538
-1.7375165 -7.0720744 1.8607401
-1.6968327 -7.0720744 1.8602008
-1.6548859 -7.0720744 1.8596447
-1.6182885 -7.0720744 1.8585819
-1.5820007 -7.0720744 1.8599609
-1.5363833 -7.0720744 1.8593769
-1.4965394 -7.0720744 1.8595845
-1.4569803 -7.0720749 1.8610384
-1.415643 -7.0720749 1.8591802
-1.3816961 -7.0720749 1.8615074
-1.3381176 -7.0720749 1.8596252
-1.2923394 -7.0720749 1.8612766
-1.2575796 -7.0720749 1.8592995
-1.2188585 -7.0720749 1.8596443
-1.1791713 -7.0720754 1.860011
-1.1407062 -7.0720754 1.8602332
-1.1013118 -7.0720754 1.8604742
-1.0574476 -7.0720754 1.8586497
-1.0160006 -7.0720754 1.8588631
-0.97228324 -7.0720754 1.8615018
-0.93878371 -7.0720758 1.8564454
-0.90454769 -7.0720754 1.8608192
-0.85919666 -7.0720758 1.8610861
-0.82209945 -7.0720768 1.8583663
-0.78686959 -7.0720758 1.8603725
-0.73558116 -7.0720758 1.8608012
-0.69727087 -7.0720768 1.8604212
-0.65805936 -7.0720758 1.860056
-0.61810279 -7.0720768 1.8596598
-0.57718587 -7.0720778 1.8592787
-0.53547502 -7.0720773 1.858865
-0.50712371 -7.0720773 1.8603634
-0.4637543 -7.0720782 1.8599594
-0.41951776 -7.0720773 1.8595608
-2.2602072 -10.003122 1.9001746
-2.2215781 -10.003126 1.9004279
-2.1814661 -10.003123 1.9000832
-2.1399186 -10.003127 1.8997273
-2.1016214 -10.003127 1.9004453
-2.0618148 -10.003127 1.9003786
-2.0212262 -10.003127 1.8995337
-1.9785546 -10.003127 1.9010983
-1.9401675 -10.003126 1.9002573
-1.9004835 -10.003127 1.8999524
-1.859563 -10.003126 1.8996391
-1.82266 -10.003126 1.9005239
-1.7798088 -10.003127 1.900215
-1.7355741 -10.003126 1.8998952
-1.6957921 -10.003126 1.9008393
-1.6614769 -10.003126 1.9011773
-1.6258187 -10.003126 1.9003723
-1.5826155 -10.003127 1.9000803
-1.5380456 -10.003127 1.8997791
-1.4998446 -10.003127 1.9008439
-1.4605422 -10.003127 1.9005936
-1.4202344 -10.003127 1.8989748
-1.3787295 -10.003127 1.9000629
-1.3361324 -10.003127 1.9011949
-1.3001646 -10.003127 1.9017745
-1.2663602 -10.003127 1.9000005
-1.2207224 -10.003127 1.9005209
-1.1721485 -10.003127 1.9002352
-1.1322042 -10.003127 1.9008344
-1.0946163 -10.003127 1.8989522
-1.0538639 -10.003127 1.9017497
-1.0097432 -10.003127 1.900149
-0.97891235 -10.003127 1.9022232
-0.94500613 -10.003128 1.8997866
-0.90170968 -10.003128 1.9002444
-0.85731578 -10.003128 1.9007293
-0.82101917 -10.003128 1.8981853
-0.78656769 -10.003128 1.900362
-0.73643804 -10.003128 1.9010365
-0.69901419 -10.003128 1.9008403
-0.66072971 -10.003128 1.900663
-0.62173569 -10.003128 1.9004586
-0.58182681 -10.003128 1.9002736
-0.54116249 -10.003129 1.9000607
-0.49952352 -10.003129 1.8998675
-0.45707893 -10.003129 1.8996451
-0.42823124 -10.003129 1.9013103
-2.3214452 -7.0720716 1.8977875
-2.3008544 -7.0720711 1.9001913
-2.2627938 -7.0720701 1.8993914
-2.2188811 -7.0720701 1.9002539
-2.1776321 -7.0720716 1.9001741
-2.1401622 -7.0720716 1.8997509
-2.1008041 -7.072072 1.9000651
-2.0600603 -7.072073 1.9003937
-2.018482 -7.072073 1.8999518
-1.9808699 -7.0720744 1.9002756
-1.9410223 -7.072073 1.8986678
-1.9012157 -7.0720744 1.9004153
-1.8588607 -7.0720735 1.9007938
-1.8153114 -7.0720744 1.9005722
-1.776988 -7.0720744 1.9006397
-1.7383471 -7.0720744 1.8994908
-1.6976891 -7.0720744 1.8995438
-1.6557689 -7.0720744 1.8995984
-1.6196138 -7.0720744 1.9002242
-1.5820043 -7.0720744 1.8997009
-1.5363872 -7.0720744 1.8997602
-1.4972612 -7.0720749 1.9011347
-1.4581482 -7.0720749 1.8998553
-1.4156432 -7.0720749 1.8999096
-1.3807424 -7.0720749 1.9007238
-1.3381128 -7.0720749 1.9000202
-1.29436 -7.0720749 1.8992887
-1.2565453 -7.0720749 1.9001163
-1.2177991 -7.0720754 1.9009775
-1.1813416 -7.0720754 1.8994075
-1.1407062 -7.0720758 1.9002672
-1.0990319 -7.0720754 1.9011626
-1.0597854 -7.0720754 1.8995353
-1.0148016 -7.0720754 1.8982135
-0.97228378 -7.0720758 1.8989265
-0.9387843 -7.0720763 1.8989601
-0.90454829 -7.0720758 1.8989838
-0.85788357 -7.0720758 1.9022462
-0.82209963 -7.0720768 1.8974314
-0.78550196 -7.0720758 1.9023733
-0.73558122 -7.0720758 1.900811
-0.69727087 -7.0720768 1.9008496
-0.65805936 -7.0720778 1.9009125
-0.61810279 -7.0720768 1.9009526
-0.579153 -7.0720778 1.8982748
-0.53547502 -7.0720778 1.9010603
-0.50712371 -7.0720773 1.8975552
-0.4616687 -7.0720782 1.9003919
-0.41951776 -7.0720778 1.8975897
-2.2604542 -10.003123 1.9405215
-2.2214122 -10.003126 1.939842
-2.1817553 -10.003124 1.9400978
-2.1399124 -10.003127 1.9398534
-2.1014316 -10.003127 1.9404585
-2.062218 -10.003127 1.940311
-2.0210161 -10.003127 1.9393178
-1.9785547 -10.003127 1.9407805
-1.9401678 -10.003126 1.9405684
-1.9007317 -10.003127 1.9400682
-1.8595608 -10.003126 1.9401144
-1.8233764 -10.003126 1.9404134
-1.7795253 -10.003127 1.9404607
-1.7339836 -10.003126 1.9399319
-1.6941067 -10.003126 1.9402429
-1.6608484 -10.003126 1.940501
-1.6267002 -10.003126 1.9407685
-1.5826124 -10.003127 1.9398364
-1.5380422 -10.003127 1.940164
-1.4998446 -10.003127 1.9404469
-1.4605423 -10.003127 1.9407333
-1.4202346 -10.003127 1.9396645
-1.3775305 -10.003127 1.9399598
-1.3351718 -10.003127 1.9410313
-1.3021303 -10.003127 1.9397006
-1.2653549 -10.003127 1.9407314
-1.2180601 -10.003127 1.941058
-1.1721487 -10.003127 1.9399041
-1.1343887 -10.003127 1.9408141
-1.0923783 -10.003127 1.939755
-1.0527172 -10.003127 1.9406722
-1.0120944 -10.003127 1.9416262
-0.97891235 -10.003127 1.9395947
-0.94622695 -10.003128 1.9398003
-0.90170968 -10.003128 1.9384589
-0.85603034 -10.003128 1.9419373
-0.82101923 -10.003128 1.937281
-0.7852304 -10.003128 1.9423927
-0.73643804 -10.003128 1.941056
-0.69901419 -10.003128 1.9412684
-0.66256952 -10.003128 1.9388162
-0.62173599 -10.003128 1.9417307
-0.5837453 -10.003128 1.9392313
-0.54116273 -10.003129 1.9422125
-0.50152546 -10.003129 1.9396641
-0.45707905 -10.003129 1.9427152
-0.4282313 -10.003129 1.9392724
-2.3214452 -7.0720716 1.9374973
-2.3008544 -7.0720711 1.9402944
-2.2627919 -7.0720706 1.9396385
-2.2186115 -7.0720706 1.9407533
-2.1779878 -7.0720711 1.9396126
-2.1397884 -7.0720711 1.9398291
-2.1006098 -7.072073 1.9400645
-2.060473 -7.072073 1.9403228
-2.0182664 -7.072073 1.9397554
-1.9802903 -7.0720744 1.9409976
-1.9410224 -7.072073 1.9389368
-1.9005222 -7.0720744 1.9402061
-1.8586037 -7.0720735 1.9397973
-1.8160555 -7.0720744 1.9405302
-1.7777544 -7.0720744 1.9411898
-1.7367294 -7.0720744 1.9394735
-1.6960214 -7.0720744 1.9401375
-1.6539941 -7.0720744 1.9395747
-1.6189514 -7.0720739 1.940129
-1.5829345 -7.0720744 1.9407016
-1.5363837 -7.0720749 1.9401442
-1.4972613 -7.0720749 1.9407498
-1.4569806 -7.0720749 1.9386754
-1.4156435 -7.0720749 1.9406388
-1.3816965 -7.0720749 1.9397848
-1.3393823 -7.0720749 1.9389955
-1.2933499 -7.0720749 1.9396404
-1.255511 -7.0720754 1.9409728
-1.2199179 -7.0720754 1.9398744
-1.1791714 -7.0720754 1.939134
-1.1407062 -7.0720754 1.9403011
-1.1013119 -7.0720754 1.9415103
-1.0574479 -7.0720754 1.9407635
-1.0172 -7.0720758 1.9395924
-0.9710542 -7.0720758 1.9388002
-0.9387846 -7.0720763 1.9414747
-0.90326911 -7.0720758 1.939646
-0.85788357 -7.0720758 1.9409205
-0.82209969 -7.0720768 1.9364965
-0.78550208 -7.0720758 1.9418381
-0.7355814 -7.0720758 1.9408211
-0.69727111 -7.0720768 1.9412779
-0.65994424 -7.0720778 1.9390633
-0.61810291 -7.0720773 1.9422456
-0.57718593 -7.0720778 1.9375219
-0.53547508 -7.0720778 1.9432555
-0.50712371 -7.0720778 1.9400601
-0.46583989 -7.0720782 1.9377178
-0.41951776 -7.0720778 1.9410512
-2.2597125 -10.003123 1.9802508
-2.221736 -10.003126 1.9800187
-2.18119 -10.003124 1.9794462
-2.1399186 -10.003127 1.9799783
-2.1018212 -10.003127 1.9797078
-2.0626173 -10.003127 1.9802234
-2.0210125 -10.003127 1.9799298
-1.9785547 -10.003127 1.9804629
-1.9408249 -10.003126 1.9797384
-1.9004837 -10.003127 1.9801637
-1.8602637 -10.003126 1.9794105
-1.8240995 -10.003126 1.9802686
-1.7809536 -10.003127 1.9807469
-1.7355742 -10.003126 1.979943
-1.6949537 -10.003126 1.9796445
-1.6602203 -10.003126 1.979852
-1.6258156 -10.003127 1.9799155
-1.5835247 -10.003127 1.9795663
-1.5389839 -10.003127 1.9805217
-1.4998446 -10.003127 1.9800503
-1.4616814 -10.003127 1.9795045
-1.4202344 -10.003127 1.9803545
-1.3787295 -10.003127 1.9798405
-1.3370934 -10.003127 1.9785053
-1.3011475 -10.003127 1.9799793
-1.2643492 -10.003127 1.9815009
-1.2208197 -10.003127 1.9801108
-1.1721489 -10.003127 1.979573
-1.1322043 -10.003127 1.9811537
-1.0946164 -10.003127 1.9801952
-1.0515704 -10.003127 1.9796355
-1.0109189 -10.003127 1.9810482
-0.97891241 -10.003128 1.9769664
-0.9474479 -10.003128 1.9797704
-0.90045714 -10.003128 1.9791796
-0.8560304 -10.003128 1.9806509
-0.82101941 -10.003128 1.9763769
-0.7852304 -10.003128 1.9818795
-0.73643804 -10.003128 1.9810755
-0.69901419 -10.003128 1.9816966
-0.66072977 -10.003128 1.9772322
-0.62173605 -10.003128 1.9830028
-0.58182704 -10.003129 1.9784577
-0.54116273 -10.003129 1.9790955
-0.49952376 -10.003129 1.9797361
-0.45707917 -10.003129 1.9804019
-0.42823148 -10.003129 1.9826577
-2.3214452 -7.072072 1.9800438
-2.3008549 -7.0720711 1.9803981
-2.2627938 -7.0720701 1.9798861
-2.2191544 -7.0720706 1.9800022
-2.17782 -7.0720716 1.9797852
-2.1401622 -7.072073 1.9799321
-2.1015737 -7.0720725 1.9800832
-2.0608823 -7.072073 1.9802306
-2.0189064 -7.072073 1.979576
-1.9802905 -7.0720744 1.9806232
-1.9410225 -7.072073 1.9792056
-1.9005227 -7.0720744 1.9811388
-1.8585988 -7.072073 1.9796823
-1.8145747 -7.0720744 1.9805433
-1.7761792 -7.0720744 1.9806054
-1.7383472 -7.0720744 1.9794039
-1.6976891 -7.0720744 1.9806775
-1.6548861 -7.0720744 1.9795274
-1.6182891 -7.0720744 1.9800628
-1.582001 -7.0720744 1.9804499
-1.5373477 -7.0720749 1.9804924
-1.4972613 -7.0720749 1.9803646
-1.4569805 -7.0720749 1.9788404
-1.4156435 -7.0720749 1.9813677
-1.3826501 -7.0720749 1.9788091
-1.3381181 -7.0720749 1.9793999
-1.2923397 -7.0720754 1.9800311
-1.2575803 -7.0720754 1.9793826
-1.2188587 -7.0720758 1.9812075
-1.1813421 -7.0720754 1.9784769
-1.1407067 -7.0720758 1.9803349
-1.1001726 -7.0720758 1.9798825
-1.0597858 -7.0720758 1.9815913
-1.0160012 -7.0720758 1.9789429
-0.97351426 -7.0720758 1.9806845
-0.9387846 -7.0720768 1.9792657
-0.90454829 -7.0720758 1.9800997
-0.85788357 -7.0720758 1.9795949
-0.82209969 -7.0720763 1.9804447
-0.78550208 -7.0720758 1.981303
-0.7355814 -7.0720778 1.980831
-0.69727111 -7.0720768 1.9817063
-0.6580596 -7.0720778 1.9775006
-0.6181035 -7.0720778 1.9835384
-0.57718611 -7.0720782 1.9792618
-0.53547525 -7.0720773 1.9801764
-0.50712395 -7.0720778 1.9825652
-0.46375445 -7.0720782 1.9781502
-0.41951784 -7.0720773 1.9790802
-2.2607057 -10.003123 2.0199802
-2.2220628 -10.003126 2.0201769
-2.1817338 -10.003123 2.0200753
-2.1399126 -10.003127 2.0201044
-2.1016214 -10.003127 2.0197217
-2.0614088 -10.003127 2.0201132
-2.0210161 -10.003127 2.0205405
-1.9785548 -10.003127 2.0201452
-1.9401678 -10.003126 2.0189409
-1.9012371 -10.003127 2.0202723
-1.8595632 -10.003126 2.019897
-1.8226603 -10.003126 2.0201924
-1.7786534 -10.003127 2.0200694
-1.733984 -10.003126 2.0200276
-1.6957922 -10.003126 2.0190105
-1.661477 -10.003126 2.0208476
-1.6249281 -10.003127 2.0191004
-1.5826124 -10.003127 2.0193353
-1.5380424 -10.003127 2.0209196
-1.4998443 -10.003127 2.0196538
-1.4605423 -10.003127 2.0183227
-1.4202346 -10.003127 2.0210447
-1.3787252 -10.003127 2.0197227
-1.3361325 -10.003127 2.0183415
-1.3001647 -10.003127 2.0202961
-1.2663608 -10.003127 2.019814
-1.2180603 -10.003127 2.019268
-1.1721492 -10.003127 2.019242
-1.1343887 -10.003127 2.0210798
-1.0934978 -10.003127 2.0186706
-1.053864 -10.003127 2.0205469
-1.010919 -10.003128 2.0180705
-0.97891283 -10.003128 2.0190091
-0.94622719 -10.003128 2.0199583
-0.90296257 -10.003128 2.0219359
-0.85603058 -10.003128 2.0193644
-0.82101953 -10.003128 2.0203595
-0.78523052 -10.003128 2.0213661
-0.73643804 -10.003128 2.021095
-0.69901419 -10.003128 2.0221248
-0.66072977 -10.003128 2.0180786
-0.62173605 -10.003129 2.0242751
-0.58182704 -10.003129 2.0201657
-0.54116273 -10.003129 2.0159786
-0.49952376 -10.003129 2.0223429
-0.45707917 -10.003129 2.0180883
-0.42823148 -10.003129 2.0206199
-2.3214452 -7.072072 2.0225902
-2.3008549 -7.0720711 2.0205016
-2.2630463 -7.0720706 2.0201397
-2.2188795 -7.0720706 2.0199065
-2.1776435 -7.0720716 2.0199678
-2.1399648 -7.0720725 2.0192504
-2.1002085 -7.072073 2.0200748
-2.0596447 -7.072073 2.0201337
-2.0176232 -7.072073 2.0201957
-1.9802903 -7.0720744 2.0202487
-1.9410224 -7.072073 2.0194743
-1.8998314 -7.0720744 2.0209737
-1.8583319 -7.0720735 2.020437
-1.8160996 -7.0720744 2.0192826
-1.777755 -7.0720744 2.0199187
-1.7367296 -7.0720744 2.0194345
-1.6959682 -7.0720744 2.0200942
-1.6557691 -7.0720744 2.0194421
-1.6196138 -7.0720749 2.0216472
-1.5820011 -7.0720749 2.018908
-1.536384 -7.0720749 2.0208974
-1.4972614 -7.0720749 2.0199797
-1.4569808 -7.0720749 2.0190053
-1.4156435 -7.0720749 2.0220971
-1.3816967 -7.0720749 2.0180392
-1.3381182 -7.0720749 2.0211873
-1.2943605 -7.0720754 2.0179658
-1.256546 -7.0720758 2.0202391
-1.2188592 -7.0720754 2.0202813
-1.1802573 -7.0720758 2.0203247
-1.1407069 -7.0720754 2.0203688
-1.1001728 -7.0720758 2.0204146
-1.0586172 -7.0720758 2.0204611
-1.0148025 -7.0720758 2.0183361
-0.9722842 -7.0720758 2.0205579
-0.93878466 -7.0720768 2.0170565
-0.9058274 -7.0720758 2.0205081
-0.85788357 -7.0720758 2.0182693
-0.82209969 -7.0720768 2.0243931
-0.78550214 -7.0720758 2.0207677
-0.7355814 -7.0720778 2.0208406
-0.69727111 -7.0720768 2.0221345
-0.6580596 -7.0720778 2.0183573
-0.6181035 -7.0720773 2.0196698
-0.57718611 -7.0720782 2.0210016
-0.53547525 -7.0720778 2.0170972
-0.50712395 -7.0720773 2.0197568
-0.46375453 -7.0720782 2.0211289
-0.41951799 -7.0720778 2.0171089
-2.2599583 -10.003123 2.0597281
-2.2210913 -10.003126 2.0603399
-2.1811886 -10.003124 2.0600505
-2.1399188 -10.003127 2.0602295
-2.1014321 -10.003127 2.0597451
-2.061815 -10.003127 2.0600386
-2.0208094 -10.003127 2.0603428
-1.9785547 -10.003127 2.0598273
-1.9401675 -10.003126 2.0592518
-1.900484 -10.003127 2.0603676
-1.8588648 -10.003126 2.0604162
-1.8233765 -10.003126 2.0600486
-1.7809536 -10.003127 2.0594316
-1.7355744 -10.003126 2.0599914
-1.6941593 -10.003127 2.0597165
-1.6608486 -10.003127 2.0601985
-1.6258187 -10.003127 2.0594838
-1.5816967 -10.003127 2.0591433
-1.5380429 -10.003127 2.0600016
-1.500549 -10.003127 2.0611372
-1.4605424 -10.003127 2.0584624
-1.4202349 -10.003127 2.0617347
-1.3787296 -10.003127 2.0596037
-1.3361326 -10.003127 2.0601799
-1.3021306 -10.003127 2.058147
-1.265355 -10.003127 2.0605834
-1.2193836 -10.003127 2.059772
-1.1721489 -10.003127 2.0589111
-1.1332965 -10.003127 2.0591059
-1.0934978 -10.003127 2.0593057
-1.0527173 -10.003128 2.0595105
-1.010919 -10.003128 2.0597203
-0.97891283 -10.003128 2.0610523
-0.94622719 -10.003128 2.0576868
-0.90171003 -10.003128 2.0626566
-0.8560307 -10.003128 2.0580778
-0.82101965 -10.003128 2.0643425
-0.78523064 -10.003128 2.0608528
-0.73643851 -10.003128 2.0611143
-0.69901437 -10.003128 2.0625532
-0.66072994 -10.003128 2.0589249
-0.62173611 -10.003129 2.0603881
-0.58182704 -10.003129 2.0618737
-0.54116273 -10.003129 2.0581307
-0.49752197 -10.003129 2.0624964
-0.45707917 -10.003129 2.0611587
-0.42823148 -10.003129 2.0585821
-2.3214455 -7.072072 2.0623002
-2.3013172 -7.0720711 2.0598745
-2.2633023 -7.0720706 2.0597954
-2.2191443 -7.0720711 2.0603867
-2.1785331 -7.0720725 2.0601289
-2.1405044 -7.0720725 2.0601001
-2.100811 -7.0720725 2.0600829
-2.0600607 -7.072073 2.0600557
-2.0182669 -7.072073 2.0600159
-1.9802905 -7.0720744 2.0598743
-1.9410225 -7.072073 2.0597432
-1.9005206 -7.0720744 2.0596027
-1.8588609 -7.0720735 2.0603163
-1.8153142 -7.0720744 2.0592904
-1.7762301 -7.0720744 2.0605721
-1.7383474 -7.0720744 2.0593164
-1.6976414 -7.0720744 2.0605848
-1.6539944 -7.0720744 2.0594959
-1.6189516 -7.0720749 2.0615811
-1.5810645 -7.0720749 2.0587094
-1.5363841 -7.0720749 2.059978
-1.4972618 -7.0720749 2.0595946
-1.4569808 -7.0720749 2.05917
-1.4156437 -7.0720749 2.0628262
-1.3816967 -7.0720749 2.0592313
-1.336859 -7.0720754 2.0616574
-1.2933506 -7.0720758 2.0583563
-1.2555118 -7.0720754 2.0611346
-1.2188592 -7.0720758 2.059355
-1.1802573 -7.0720754 2.0598726
-1.1407069 -7.0720758 2.0604031
-1.1001728 -7.0720758 2.0609462
-1.0574483 -7.0720758 2.0593724
-1.0172004 -7.0720758 2.0596294
-0.97228432 -7.0720758 2.0579829
-0.93878478 -7.0720763 2.0595713
-0.90454853 -7.0720758 2.0611839
-0.85788375 -7.0720758 2.0569437
-0.82209986 -7.0720768 2.0634582
-0.7855022 -7.0720758 2.0602326
-0.73558146 -7.0720773 2.0608509
-0.69727111 -7.0720773 2.0625629
-0.6580596 -7.0720778 2.0592139
-0.6181035 -7.0720778 2.0558009
-0.57718611 -7.0720782 2.0627413
-0.53547525 -7.0720778 2.0592926
-0.50712395 -7.0720778 2.0569484
-0.46166894 -7.0720782 2.0616467
-0.41951799 -7.0720778 2.0605707
-2.2602072 -10.003123 2.1000652
-2.2214122 -10.003126 2.1005104
-2.1817398 -10.003124 2.0994482
-2.1404788 -10.003127 2.099565
-2.1023736 -10.003127 2.0997405
-2.062218 -10.003127 2.0999441
-2.0210164 -10.003127 2.1001418
-1.9785548 -10.003127 2.09951
-1.9401684 -10.003126 2.0995629
-1.8997357 -10.003127 2.1004984
-1.859561 -10.003126 2.0997024
-1.8240995 -10.003126 2.0998707
-1.7789812 -10.003127 2.0997093
-1.7339839 -10.003126 2.1001234
-1.6957922 -10.003127 2.1002531
-1.6602203 -10.003127 2.0995772
-1.6267006 -10.003127 2.0998297
-1.5826155 -10.003127 2.1001422
-1.5380427 -10.003127 2.0990829
-1.4998446 -10.003127 2.1028101
-1.4605426 -10.003127 2.0986021
-1.4202349 -10.003127 2.1024251
-1.3799332 -10.003127 2.0994053
-1.3361328 -10.003127 2.1020181
-1.3011478 -10.003127 2.0984633
-1.2643495 -10.003127 2.1013913
-1.2207229 -10.003127 2.1002231
-1.1710829 -10.003127 2.1009321
-1.1332967 -10.003127 2.0992522
-1.0934978 -10.003127 2.099941
-1.0527173 -10.003128 2.1006467
-1.010919 -10.003128 2.1013701
-0.97891283 -10.003128 2.098424
-0.94622719 -10.003128 2.1001313
-0.90171003 -10.003128 2.1008713
-0.8560307 -10.003128 2.0967913
-0.82101965 -10.003128 2.1034384
-0.78523064 -10.003128 2.1003394
-0.73820454 -10.003128 2.098419
-0.69901443 -10.003128 2.1029813
-0.66073 -10.003129 2.0997713
-0.62173629 -10.003129 2.0965011
-0.57990903 -10.003129 2.1011996
-0.54116327 -10.003129 2.1002827
-0.5015257 -10.003129 2.0993578
-0.45707926 -10.003129 2.0988452
-0.42823154 -10.003129 2.1019673
-2.3214455 -7.072072 2.10201
-2.3008549 -7.0720716 2.0992675
-2.2627943 -7.0720706 2.1000311
-2.2188866 -7.0720716 2.1002645
-2.1773021 -7.0720725 2.1003411
-2.1393895 -7.072073 2.1002259
-2.1014037 -7.072073 2.1000612
-2.0604734 -7.072073 2.0999563
-2.018055 -7.072073 2.0998406
-1.9802908 -7.0720744 2.0994997
-1.9410225 -7.072073 2.1000121
-1.9005227 -7.0720744 2.0993977
-1.859395 -7.0720735 2.1001713
-1.814575 -7.0720744 2.1005065
-1.7778002 -7.0720744 2.0998378
-1.7367295 -7.0720744 2.0993958
-1.6968303 -7.0720744 2.0999782
-1.6557199 -7.0720744 2.1005898
-1.6189516 -7.0720749 2.099535
-1.5820044 -7.0720749 2.099683
-1.5363841 -7.0720749 2.0990591
-1.4979836 -7.0720749 2.1010737
-1.4569813 -7.0720749 2.099335
-1.4147121 -7.0720754 2.1016638
-1.3816975 -7.0720758 2.1004236
-1.3381139 -7.0720754 2.1005998
-1.2933506 -7.0720758 2.1007547
-1.2575806 -7.0720754 2.0994654
-1.2177998 -7.0720754 2.1007545
-1.1802573 -7.0720758 2.0994208
-1.1407069 -7.0720758 2.1004369
-1.0990328 -7.0720758 2.0993872
-1.059786 -7.0720758 2.1001172
-1.0160015 -7.0720758 2.0990226
-0.97228432 -7.0720758 2.1000862
-0.93878484 -7.0720768 2.1020861
-0.90454847 -7.0720758 2.0993488
-0.85657024 -7.0720758 2.098208
-0.82209992 -7.0720768 2.1025233
-0.78550231 -7.0720778 2.0996974
-0.73558164 -7.0720778 2.1008608
-0.69727147 -7.0720778 2.1029911
-0.65805972 -7.0720782 2.1000705
-0.61810362 -7.0720778 2.0970938
-0.57521904 -7.0720782 2.1021121
-0.53547525 -7.0720778 2.1014876
-0.50712395 -7.0720778 2.0994534
-0.46584013 -7.0720782 2.0988019
-0.41951799 -7.0720782 2.0985997
-2.2602053 -10.003123 2.1403942
-2.2222483 -10.003127 2.1398921
-2.1820042 -10.003123 2.1400332
-2.139394 -10.003126 2.1397269
-2.1010392 -10.003127 2.1398029
-2.0626178 -10.003127 2.1398287
-2.0212269 -10.003127 2.1399302
-1.9785548 -10.003127 2.1391923
-1.9401684 -10.003126 2.1398745
-1.9004842 -10.003127 2.1405947
-1.8602638 -10.003126 2.1389539
-1.8233789 -10.003126 2.1409671
-1.7797984 -10.003127 2.1399527
-1.7355746 -10.003127 2.140039
-1.6941072 -10.003127 2.1397812
-1.661477 -10.003127 2.1405175
-1.6258159 -10.003127 2.1390269
-1.5835248 -10.003127 2.1411026
-1.5380427 -10.003127 2.1381652
-1.4998448 -10.003127 2.1424134
-1.4605426 -10.003127 2.1387422
-1.4193261 -10.003127 2.1412292
-1.3787299 -10.003127 2.1393509
-1.3351721 -10.003127 2.1419172
-1.3011479 -10.003127 2.140779
-1.2663609 -10.003127 2.1396272
-1.2180606 -10.003127 2.140928
-1.1732159 -10.003127 2.1403046
-1.133297 -10.003127 2.1393983
-1.093498 -10.003128 2.1405761
-1.0527174 -10.003128 2.141783
-1.0109192 -10.003128 2.138392
-0.97891295 -10.003128 2.1404669
-0.94622719 -10.003128 2.142576
-0.90171015 -10.003128 2.1390858
-0.85474527 -10.003128 2.1381013
-0.82101965 -10.003128 2.1425343
-0.7852307 -10.003128 2.1398263
-0.73643851 -10.003128 2.1361344
-0.69901443 -10.003128 2.1434095
-0.66073006 -10.003129 2.1406174
-0.62173629 -10.003129 2.1377735
-0.58374548 -10.003129 2.1372447
-0.54116344 -10.003129 2.1424346
-0.499524 -10.003129 2.1395113
-0.45707941 -10.003129 2.1365316
-0.42823172 -10.003129 2.1399295
-2.3214455 -7.0720725 2.1275377
-2.2985487 -7.0720739 2.1327486
-2.26229 -7.0720711 2.140295
-2.2186172 -7.0720711 2.1401577
-2.1783743 -7.072073 2.1397135
-2.1405046 -7.0720725 2.140269
-2.1002088 -7.072073 2.1393352
-2.0608823 -7.072073 2.1398365
-2.0184827 -7.072073 2.140451
-1.9802908 -7.0720744 2.1391253
-1.941023 -7.072073 2.1402807
-1.9012164 -7.0720744 2.1391201
-1.8585988 -7.072073 2.1409431
-1.8160996 -7.0720744 2.1391752
-1.7769914 -7.0720744 2.1404638
-1.7383475 -7.0720749 2.1392291
-1.6960217 -7.0720744 2.1394072
-1.6548833 -7.0720749 2.1406069
-1.6182892 -7.0720749 2.1395071
-1.5829349 -7.0720749 2.1406181
-1.5363841 -7.0720749 2.1381402
-1.497262 -7.0720749 2.1427751
-1.4569815 -7.0720754 2.1394997
-1.4156445 -7.0720758 2.1402225
-1.3816977 -7.0720758 2.1416159
-1.3393831 -7.0720754 2.1394918
-1.2923404 -7.0720754 2.1411977
-1.2565465 -7.0720758 2.1403613
-1.2199187 -7.0720758 2.1395185
-1.1802574 -7.0720758 2.1389689
-1.1407071 -7.0720758 2.140471
-1.1013128 -7.0720758 2.1395979
-1.0586171 -7.0720758 2.1390283
-1.0160015 -7.0720758 2.1405885
-0.97228432 -7.0720758 2.1421895
-0.93878484 -7.0720768 2.1398768
-0.90454859 -7.0720758 2.1375136
-0.85919732 -7.0720768 2.1413715
-0.82209992 -7.0720768 2.1415887
-0.78550231 -7.0720778 2.1391623
-0.73738909 -7.0720778 2.138123
-0.69727182 -7.0720778 2.1434195
-0.65805984 -7.0720782 2.1409268
-0.61810374 -7.0720778 2.1383867
-0.57915348 -7.0720782 2.138155
-0.53547549 -7.0720778 2.143683
-0.50712413 -7.0720778 2.1419582
-0.46375465 -7.0720782 2.1393197
-0.41951805 -7.0720782 2.1366286
-2.2528286 -10.003124 2.167316
-2.219588 -10.003127 2.1760917
-2.1806171 -10.003124 2.1800599
-2.1404791 -10.003127 2.1797962
-2.1021671 -10.003126 2.1805503
-2.061409 -10.003127 2.179801
-2.0216401 -10.003127 2.1805072
-1.9783407 -10.003127 2.1797147
-1.9401684 -10.003126 2.1801851
-1.9002317 -10.003127 2.1807189
-1.8595632 -10.003126 2.1794846
-1.822613 -10.003126 2.1809289
-1.7806315 -10.003127 2.1801565
-1.7339842 -10.003127 2.1802192
-1.6957458 -10.003127 2.1802692
-1.6608489 -10.003127 2.1798964
-1.6249835 -10.003127 2.1795206
-1.5826128 -10.003127 2.1809235
-1.5370983 -10.003127 2.1786425
-1.4998448 -10.003127 2.1820168
-1.4605424 -10.003127 2.1788821
-1.4202349 -10.003127 2.1797471
-1.3787297 -10.003127 2.1806078
-1.3370936 -10.003127 2.1792653
-1.3001651 -10.003127 2.1811464
-1.2653552 -10.003127 2.1804354
-1.2208201 -10.003127 2.1798069
-1.171083 -10.003127 2.1802959
-1.133297 -10.003127 2.1795449
-1.093498 -10.003128 2.1812115
-1.0527174 -10.003128 2.1783485
-1.0109193 -10.003128 2.1800418
-0.97891307 -10.003128 2.1825099
-0.94622743 -10.003128 2.1803045
-0.90171033 -10.003128 2.1773007
-0.85731632 -10.003128 2.1813004
-0.82101977 -10.003128 2.1816301
-0.78523076 -10.003128 2.1793127
-0.73643851 -10.003128 2.1761539
-0.69901443 -10.003129 2.1838379
-0.66073024 -10.003129 2.1814637
-0.62173629 -10.003129 2.1790457
-0.58182728 -10.003129 2.1765707
-0.54116344 -10.003129 2.1793177
-0.499524 -10.003129 2.1821184
-0.45707941 -10.003129 2.1796017
-0.42823172 -10.003129 2.1778917
-2.2513094 -7.0720735 2.1669567
-2.2165573 -7.0720725 2.1772382
-2.1778176 -7.072072 2.1799197
-2.1399684 -7.072073 2.1796165
-2.1013629 -7.0720725 2.180052
-2.0602655 -7.072073 2.1789773
-2.0189064 -7.072073 2.1810398
-1.9802909 -7.0720744 2.1787508
-1.941023 -7.072073 2.1805494
-1.9005228 -7.0720744 2.1789773
-1.8574928 -7.0720735 2.180908
-1.8153147 -7.0720744 2.1792197
-1.7769917 -7.0720744 2.1798401
-1.7375143 -7.0720749 2.180479
-1.6976893 -7.0720749 2.1798241
-1.6539946 -7.0720749 2.1794174
-1.6196147 -7.0720749 2.1810153
-1.5820018 -7.0720749 2.1804321
-1.5354168 -7.0720754 2.1786263
-1.4972621 -7.0720758 2.1823897
-1.4569815 -7.0720754 2.1796644
-1.4165769 -7.0720754 2.1787455
-1.3816975 -7.0720758 2.1828089
-1.3381189 -7.0720754 2.1799791
-1.294361 -7.0720754 2.1790276
-1.255512 -7.0720754 2.1812968
-1.2188593 -7.0720758 2.180918
-1.1802576 -7.0720758 2.1785169
-1.1407071 -7.0720758 2.180505
-1.100173 -7.0720758 2.1780388
-1.0586174 -7.0720758 2.1800709
-1.0160017 -7.0720758 2.1821547
-0.97228444 -7.0720758 2.1796145
-0.9387849 -7.0720768 2.1776679
-0.90326947 -7.0720763 2.1782632
-0.85788369 -7.0720768 2.1826353
-0.82209992 -7.0720773 2.1806536
-0.78550231 -7.0720778 2.178627
-0.73558164 -7.0720778 2.1758626
-0.69727182 -7.0720778 2.1838479
-0.65805984 -7.0720782 2.1817837
-0.61810374 -7.0720778 2.1796796
-0.57718635 -7.0720782 2.1775255
-0.53547549 -7.0720773 2.180604
-0.50712419 -7.0720773 2.1791501
-0.46375477 -7.0720787 2.1822982
-0.41951823 -7.0720782 2.18009
-2.1765878 -10.003126 2.2089262
-2.1386001 -10.003127 2.2186446
-2.1016252 -10.003127 2.2205985
-2.0618153 -10.003127 2.2196984
-2.0210166 -10.003127 2.2203369
-1.9785548 -10.003127 2.2202139
-1.9401681 -10.003126 2.2204967
-1.9015311 -10.003127 2.2190261
-1.8595632 -10.003126 2.2211163
-1.8240995 -10.003126 2.2194724
-1.7786541 -10.003127 2.2205348
-1.7355748 -10.003127 2.2200871
-1.6949514 -10.003127 2.2197425
-1.6602204 -10.003127 2.2193022
-1.6267009 -10.003127 2.2210188
-1.5826129 -10.003127 2.2193973
-1.5380465 -10.003127 2.2202501
-1.499845 -10.003127 2.2216201
-1.4605427 -10.003127 2.2190218
-1.421144 -10.003127 2.2182307
-1.3787301 -10.003127 2.2218645
-1.3361332 -10.003127 2.2191646
-1.3021308 -10.003127 2.2188959
-1.2643495 -10.003127 2.2212818
-1.2193893 -10.003127 2.2204521
-1.1732159 -10.003127 2.2196164
-1.133297 -10.003128 2.219691
-1.0923791 -10.003128 2.2197814
-1.0527176 -10.003128 2.2194848
-1.0109193 -10.003128 2.2216916
-0.97891307 -10.003128 2.2198815
-0.94622743 -10.003128 2.2180331
-0.90171039 -10.003128 2.2202921
-0.85603094 -10.003128 2.2226105
-0.82101989 -10.003128 2.220726
-0.78523093 -10.003128 2.2187996
-0.73643875 -10.003129 2.2161736
-0.6990146 -10.003129 2.2242661
-0.66073036 -10.003129 2.2223101
-0.62173635 -10.003129 2.2203176
-0.58182728 -10.003129 2.2182786
-0.54116344 -10.003129 2.2162008
-0.499524 -10.003129 2.2193992
-0.45707941 -10.00313 2.2226722
-0.42823172 -10.00313 2.221277
-2.1731658 -7.0720739 2.2099047
-2.1386228 -7.072073 2.2176514
-2.1008079 -7.072073 2.2200911
-2.0596941 -7.0720725 2.2197423
-2.0182669 -7.072073 2.2208941
-1.9802909 -7.0720744 2.2183759
-1.9410232 -7.072073 2.2208183
-1.9005228 -7.0720744 2.2199097
-1.8597054 -7.0720735 2.218899
-1.8153147 -7.0720744 2.2215474
-1.7769916 -7.0720744 2.2192161
-1.7375147 -7.0720749 2.220448
-1.6959686 -7.0720749 2.2193673
-1.6557209 -7.0720749 2.2204359
-1.6189524 -7.0720749 2.2209868
-1.5820023 -7.0720754 2.2188907
-1.536388 -7.0720754 2.2202232
-1.4972625 -7.0720758 2.2220049
-1.4569817 -7.0720754 2.2198293
-1.4156445 -7.0720758 2.2175965
-1.3816977 -7.0720754 2.219882
-1.3381189 -7.0720754 2.2217667
-1.2933507 -7.0720758 2.2194705
-1.257581 -7.0720754 2.2195485
-1.2188594 -7.0720758 2.2199917
-1.1791723 -7.0720758 2.2204595
-1.1407071 -7.0720758 2.2205389
-1.100173 -7.0720758 2.2185709
-1.0586174 -7.0720758 2.2211134
-1.0160016 -7.0720758 2.2191026
-0.97105438 -7.0720758 2.2195888
-0.93878508 -7.0720763 2.2201824
-0.90582782 -7.0720773 2.2207994
-0.85788405 -7.0720778 2.2213099
-0.82210004 -7.0720773 2.2197189
-0.78550243 -7.0720778 2.2180917
-0.73558164 -7.0720778 2.2158725
-0.69727182 -7.0720778 2.2242761
-0.65805984 -7.0720782 2.2226403
-0.61810374 -7.0720778 2.2209725
-0.57718635 -7.0720782 2.2192655
-0.53547549 -7.0720782 2.2175248
-0.50712419 -7.0720782 2.2163417
-0.46375477 -7.0720787 2.2199044
-0.41951823 -7.0720782 2.2235515
-2.1257575 -10.003124 2.2443635
-2.0981488 -10.003126 2.2513089
-2.0622187 -10.003127 2.2595763
-2.0210166 -10.003127 2.2593234
-1.9785551 -10.003127 2.259896
-1.9401686 -10.003126 2.260808
-1.9004842 -10.003127 2.2583466
-1.8588189 -10.003126 2.26054
-1.8233789 -10.003127 2.2606022
-1.7809539 -10.003127 2.2597213
-1.7348037 -10.003127 2.258991
-1.6949514 -10.003127 2.2603767
-1.6614772 -10.003127 2.2601881
-1.6258162 -10.003127 2.2602549
-1.5826129 -10.003127 2.2578707
-1.5389847 -10.003127 2.2618186
-1.499845 -10.003127 2.2612233
-1.4605427 -10.003127 2.2591617
-1.4202352 -10.003127 2.2570472
-1.3775311 -10.003127 2.2618895
-1.3361334 -10.003127 2.261003
-1.3011482 -10.003127 2.2592633
-1.2663612 -10.003127 2.2594411
-1.2193893 -10.003127 2.2595408
-1.1721497 -10.003127 2.2616634
-1.133297 -10.003128 2.2598376
-1.094617 -10.003128 2.2600327
-1.0527177 -10.003128 2.2606211
-1.0109193 -10.003128 2.2587137
-0.97891307 -10.003128 2.2572532
-0.94622767 -10.003128 2.2604775
-0.90171039 -10.003128 2.2632837
-0.85603094 -10.003128 2.2613237
-0.82101989 -10.003128 2.2598219
-0.78523099 -10.003128 2.2582865
-0.73643875 -10.003129 2.2561929
-0.69901466 -10.003129 2.2646942
-0.66073048 -10.003129 2.2631564
-0.62173653 -10.003129 2.26159
-0.58182752 -10.003129 2.2599866
-0.54116362 -10.003129 2.2583528
-0.49952409 -10.003129 2.2566803
-0.4570798 -10.003129 2.2603586
-0.42823172 -10.00313 2.2592392
-2.1254933 -7.0720735 2.2435226
-2.0972512 -7.0720744 2.2508368
-2.0602658 -7.072073 2.2604082
-2.0182674 -7.072073 2.2598975
-1.9802909 -7.0720744 2.2580016
-1.941023 -7.072073 2.2610865
-1.9005228 -7.0720744 2.2608418
-1.8585993 -7.072073 2.2588632
-1.8153152 -7.0720749 2.2603483
-1.7761805 -7.0720749 2.2599041
-1.737515 -7.0720749 2.2604165
-1.6976422 -7.0720749 2.2597344
-1.6548843 -7.0720749 2.2604895
-1.6189524 -7.0720749 2.2589409
-1.5810652 -7.0720754 2.2587581
-1.5373485 -7.0720754 2.2617798
-1.4972626 -7.0720758 2.2616198
-1.4569818 -7.0720754 2.259994
-1.4156446 -7.0720758 2.2583253
-1.3816977 -7.0720758 2.2569554
-1.3367575 -7.0720754 2.2609386
-1.2933509 -7.0720758 2.261869
-1.2565465 -7.0720758 2.260484
-1.2188594 -7.0720758 2.2590659
-1.1813428 -7.0720758 2.2596128
-1.1407071 -7.0720758 2.2605729
-1.100173 -7.0720758 2.2591028
-1.0586175 -7.0720758 2.2575955
-1.0160017 -7.0720758 2.2606683
-0.97351444 -7.0720758 2.2612715
-0.93878508 -7.0720768 2.2626972
-0.9045487 -7.0720778 2.261549
-0.85788411 -7.0720778 2.2599843
-0.82210016 -7.0720773 2.2587843
-0.78550261 -7.0720782 2.2575564
-0.73558187 -7.0720782 2.2558825
-0.69727206 -7.0720778 2.2647045
-0.65805995 -7.0720782 2.2634966
-0.61810386 -7.0720778 2.2622654
-0.57718635 -7.0720782 2.2610052
-0.53547549 -7.0720782 2.2597198
-0.50712419 -7.0720782 2.2588468
-0.46375477 -7.0720787 2.2575104
-0.41951823 -7.0720787 2.2615807
-2.0502493 -10.003125 2.2858217
-2.0181203 -10.003126 2.2942111
-1.978773 -10.003127 2.3003798
-1.9401689 -10.003126 2.3011189
-1.9004844 -10.003127 2.2993076
-1.8602641 -10.003126 2.2984974
-1.8226132 -10.003127 2.3005996
-1.7798039 -10.003127 2.300957
-1.734804 -10.003127 2.2990263
-1.6949517 -10.003127 2.3010106
-1.660849 -10.003127 2.2995939
-1.6258162 -10.003127 2.2981389
-1.5826128 -10.003127 2.3001916
-1.5380433 -10.003127 2.3023093
-1.499845 -10.003127 2.3008265
-1.4605427 -10.003127 2.2993014
-1.4202352 -10.003127 2.2977371
-1.3800213 -10.003127 2.2987227
-1.3361334 -10.003127 2.3028407
-1.3011482 -10.003127 2.301579
-1.2653555 -10.003127 2.3002875
-1.2193894 -10.003127 2.298629
-1.1721499 -10.003128 2.3013322
-1.1332972 -10.003128 2.2999837
-1.0934982 -10.003128 2.2986023
-1.0515712 -10.003128 2.2996936
-1.0109193 -10.003128 2.3003635
-0.97891313 -10.003128 2.2992959
-0.94622767 -10.003128 2.302922
-0.90171039 -10.003128 2.3014984
-0.85603106 -10.003128 2.3000374
-0.82101989 -10.003128 2.2989178
-0.78523093 -10.003129 2.2977726
-0.73643899 -10.003129 2.2962124
-0.69901466 -10.003129 2.3000689
-0.66073048 -10.003129 2.3040025
-0.62173653 -10.003129 2.3028617
-0.58182776 -10.003129 2.3016946
-0.54116368 -10.003129 2.3005047
-0.49952424 -10.003129 2.2992871
-0.45708013 -10.003129 2.2980452
-0.42823195 -10.00313 2.2972014
-2.0482175 -7.0720735 2.2860012
-2.0152986 -7.0720744 2.2948411
-1.9802911 -7.0720744 2.2976272
-1.9410235 -7.072073 2.3013556
-1.9005237 -7.0720749 2.301774
-1.8585998 -7.0720735 2.300482
-1.8153152 -7.0720749 2.2991488
-1.7777559 -7.0720749 2.2990499
-1.7375147 -7.0720749 2.3003852
-1.6968309 -7.0720749 2.2991877
-1.6548843 -7.0720749 2.2979529
-1.6189524 -7.0720754 2.3006899
-1.5828837 -7.0720754 2.3008144
-1.5363849 -7.0720754 2.3022799
-1.4972626 -7.0720758 2.301235
-1.4569819 -7.0720754 2.3001587
-1.4156446 -7.0720758 2.2990546
-1.3816978 -7.0720758 2.2981479
-1.3393832 -7.0720754 2.2982183
-1.2933509 -7.0720758 2.3000276
-1.2565467 -7.0720758 2.2990952
-1.2178003 -7.0720758 2.3005319
-1.1802578 -7.0720758 2.3015552
-1.1407073 -7.0720758 2.300607
-1.100173 -7.0720758 2.2996347
-1.0586174 -7.0720758 2.2986381
-1.0160017 -7.0720758 2.3022346
-0.97228444 -7.0720768 2.3012459
-0.93878508 -7.0720773 2.3004882
-0.90454876 -7.0720778 2.2997141
-0.85788405 -7.0720778 2.2986584
-0.82210016 -7.0720773 2.2978492
-0.78550267 -7.0720782 2.2970214
-0.73558187 -7.0720782 2.2958925
-0.69727206 -7.0720773 2.3000793
-0.65806007 -7.0720782 2.3043532
-0.61810398 -7.0720782 2.3035583
-0.57718658 -7.0720782 2.3027451
-0.53547573 -7.0720782 2.3019154
-0.50712436 -7.0720782 2.3013518
-0.46375489 -7.0720787 2.3004889
-0.41951829 -7.0720787 2.2996094
-1.9731463 -10.003125 2.3286853
-1.9386822 -10.003126 2.3384831
-1.9004847 -10.003127 2.3402691
-1.8595634 -10.003127 2.339072
-1.8240997 -10.003127 2.3390744
-1.7798039 -10.003127 2.340317
-1.734804 -10.003127 2.3390617
-1.6941075 -10.003127 2.3393192
-1.6608491 -10.003127 2.34074
-1.6258163 -10.003127 2.3398111
-1.582613 -10.003127 2.3425126
-1.5380434 -10.003127 2.3413911
-1.4998451 -10.003127 2.3404303
-1.4605428 -10.003127 2.3394415
-1.4202352 -10.003127 2.3384271
-1.3787303 -10.003127 2.3373833
-1.3361334 -10.003127 2.3404953
-1.3011484 -10.003127 2.3396628
-1.2653556 -10.003127 2.3388114
-1.2193896 -10.003128 2.3420608
-1.1721499 -10.003128 2.3410015
-1.1332972 -10.003128 2.3401303
-1.0934982 -10.003128 2.3392377
-1.0538648 -10.003128 2.3403864
-1.0109196 -10.003128 2.3420134
-0.97891331 -10.003128 2.3413389
-0.94622785 -10.003128 2.3406506
-0.90171051 -10.003128 2.3397131
-0.85603112 -10.003128 2.3387508
-0.82101995 -10.003129 2.3380136
-0.78523105 -10.003129 2.3372598
-0.73643899 -10.003129 2.3362319
-0.69901466 -10.003129 2.3354437
-0.65889072 -10.003129 2.3426344
-0.62173653 -10.003129 2.3441339
-0.58182776 -10.003129 2.3434026
-0.54116368 -10.003129 2.3426569
-0.49952424 -10.003129 2.3418937
-0.45708013 -10.00313 2.3411155
-0.42823195 -10.00313 2.3405867
-1.9766144 -7.0720744 2.3250716
-1.9389223 -7.0720744 2.3381591
-1.9005239 -7.0720749 2.342706
-1.8585997 -7.0720763 2.3421013
-1.8153157 -7.0720749 2.3414769
-1.7769922 -7.0720749 2.3409238
-1.7375153 -7.0720749 2.3403542
-1.6968311 -7.0720749 2.3397675
-1.6548845 -7.0720754 2.3391621
-1.6189525 -7.0720758 2.3424392
-1.5820022 -7.0720754 2.3419569
-1.5363848 -7.0720754 2.341361
-1.4972626 -7.0720758 2.3408499
-1.4569818 -7.0720754 2.3403237
-1.4156446 -7.0720758 2.3397837
-1.3816978 -7.0720758 2.3393402
-1.338119 -7.0720754 2.3387711
-1.2933509 -7.0720758 2.3381865
-1.2565467 -7.0720758 2.3377056
-1.2199192 -7.0720758 2.3391626
-1.1802579 -7.0720758 2.3411033
-1.1407075 -7.0720758 2.3406408
-1.1001732 -7.0720758 2.3401666
-1.0586177 -7.0720758 2.3396807
-1.0160018 -7.0720758 2.3391821
-0.97228462 -7.0720778 2.3386707
-0.93878514 -7.0720773 2.3382792
-0.90454876 -7.0720778 2.3378787
-0.85788405 -7.0720778 2.337333
-0.82210016 -7.0720778 2.3369143
-0.78550267 -7.0720782 2.3364863
-0.73558187 -7.0720782 2.3359027
-0.69727206 -7.0720778 2.3354542
-0.65806007 -7.0720782 2.3401027
-0.61810398 -7.0720782 2.3396897
-0.57718658 -7.0720782 2.3392673
-0.53547573 -7.0720782 2.3441105
-0.50712442 -7.0720782 2.3438566
-0.46375501 -7.0720787 2.3434675
-0.41951847 -7.0720787 2.343071
-1.8947287 -10.003126 2.3709078
-1.8588649 -10.003127 2.3796787
-1.8233789 -10.003127 2.3802371
-1.7798039 -10.003127 2.3796771
-1.734804 -10.003127 2.3790975
-1.6957461 -10.003127 2.3796866
-1.6608493 -10.003127 2.381886
-1.6258163 -10.003127 2.3814828
-1.5826131 -10.003127 2.380986
-1.5380435 -10.003127 2.3804731
-1.4998453 -10.003127 2.3800335
-1.460543 -10.003127 2.3795812
-1.4202354 -10.003127 2.3791175
-1.3787304 -10.003127 2.3786397
-1.3361334 -10.003127 2.3781495
-1.3011484 -10.003127 2.3777468
-1.2653555 -10.003127 2.3773351
-1.2193896 -10.003128 2.3811493
-1.1721497 -10.003128 2.3806705
-1.1332972 -10.003128 2.3802764
-1.0934983 -10.003128 2.3798726
-1.052718 -10.003128 2.3794594
-1.0109197 -10.003128 2.3790352
-0.97891331 -10.003128 2.3787105
-0.94622797 -10.003128 2.3783791
-0.90171069 -10.003128 2.3779275
-0.85603136 -10.003129 2.3774645
-0.82102013 -10.003129 2.3771095
-0.78523129 -10.003129 2.3767462
-0.73643923 -10.003129 2.3762515
-0.69901478 -10.003129 2.3758719
-0.66257036 -10.003129 2.3776982
-0.62173653 -10.003129 2.3802471
-0.58182776 -10.003129 2.3798969
-0.54116368 -10.00313 2.3795397
-0.49952424 -10.003129 2.3791745
-0.45708013 -10.00313 2.3788021
-0.42823195 -10.00313 2.3785489
-1.8965999 -7.0720749 2.3711281
-1.8576422 -7.0720744 2.3795273
-1.8153156 -7.0720749 2.3802772
-1.7769922 -7.0720749 2.3803
-1.7375152 -7.0720749 2.3803229
-1.696831 -7.0720749 2.3803473
-1.6548846 -7.0720754 2.380372
-1.6189528 -7.0720758 2.380393
-1.5820024 -7.0720754 2.3804147
-1.5363849 -7.0720754 2.3804414
-1.4972627 -7.0720758 2.380465
-1.4569818 -7.0720754 2.3804886
-1.4156446 -7.0720758 2.3805127
-1.3816978 -7.0720758 2.3805327
-1.3381191 -7.0720754 2.3805587
-1.2933509 -7.0720758 2.380585
-1.2565467 -7.0720758 2.3806067
-1.2188597 -7.0720758 2.3806291
-1.1802579 -7.0720758 2.3806515
-1.1407076 -7.0720758 2.3806748
-1.1001732 -7.0720758 2.3806987
-1.0586178 -7.0720763 2.3807232
-1.0160019 -7.0720773 2.3807483
-0.97228467 -7.0720778 2.380774
-0.93878537 -7.0720773 2.380794
-0.904549 -7.0720778 2.3808141
-0.85788423 -7.0720782 2.3760071
-0.82210028 -7.0720778 2.3759794
-0.78550273 -7.0720782 2.3759511
-0.73558187 -7.0720782 2.3759127
-0.69727206 -7.0720778 2.3758826
-0.65806007 -7.0720782 2.3758521
-0.61810398 -7.0720782 2.3758211
-0.57718658 -7.0720782 2.3757894
-0.53547573 -7.0720787 2.3810318
-0.50712442 -7.0720787 2.3810484
-0.46375501 -7.0720787 2.3810737
-0.41951847 -7.0720787 2.3810999
-1.8476532 -10.003126 2.4049489
-1.8206607 -10.003127 2.4126976
-1.779804 -10.003127 2.4190364
-1.734804 -10.003127 2.4191327
-1.6949517 -10.003127 2.4192185
-1.6608493 -10.003127 2.4192915
-1.6258163 -10.003127 2.4193666
-1.5826131 -10.003127 2.4194596
-1.5380435 -10.003127 2.4195549
-1.4998453 -10.003127 2.419637
-1.460543 -10.003127 2.4197209
-1.4202354 -10.003127 2.4198074
-1.3787305 -10.003127 2.4198964
-1.3361335 -10.003127 2.4199879
-1.3011488 -10.003127 2.4200628
-1.2653559 -10.003127 2.4201398
-1.2193897 -10.003128 2.420238
-1.1721499 -10.003128 2.4203393
-1.1332972 -10.003128 2.4204228
-1.0934983 -10.003128 2.4205079
-1.052718 -10.003128 2.4205956
-1.0109198 -10.003128 2.4206851
-0.97891331 -10.003128 2.4207537
-0.94622785 -10.003128 2.4208236
-0.9029634 -10.003128 2.4187865
-0.85603136 -10.003129 2.416178
-0.82102013 -10.003129 2.4162054
-0.78523147 -10.003129 2.4162328
-0.73643923 -10.003129 2.4162707
-0.6990149 -10.003129 2.4163001
-0.66073072 -10.003129 2.4163301
-0.62173676 -10.003129 2.4163604
-0.581828 -10.003129 2.4163914
-0.5411638 -10.00313 2.4164228
-0.49952433 -10.003129 2.4164555
-0.45708019 -10.00313 2.4164884
-0.42823195 -10.00313 2.4165111
-1.8443829 -7.0720749 2.4035149
-1.8132175 -7.0720749 2.4126496
-1.7769922 -7.0720749 2.4196761
-1.7375153 -7.0720749 2.4202919
-1.6968312 -7.0720754 2.4209268
-1.6557704 -7.0720754 2.41922
-1.6189528 -7.0720758 2.4183469
-1.5820025 -7.0720754 2.4188731
-1.5363851 -7.0720754 2.4195225
-1.4972628 -7.0720758 2.4200797
-1.4569819 -7.0720754 2.4206533
-1.4156448 -7.0720758 2.4212422
-1.3816979 -7.0720758 2.4217253
-1.3381191 -7.0720754 2.4223459
-1.2943614 -7.0720758 2.4210792
-1.2565469 -7.0720758 2.4192176
-1.2188597 -7.0720758 2.4197025
-1.1802579 -7.0720758 2.4201996
-1.1407075 -7.0720758 2.4207089
-1.1001732 -7.0720768 2.4212308
-1.0586177 -7.0720778 2.4217658
-1.0160019 -7.0720778 2.4223146
-0.97228479 -7.0720778 2.4228773
-0.93878531 -7.0720773 2.4233086
-0.904549 -7.0720782 2.4237494
-0.85788453 -7.0720778 2.4195161
-0.82210046 -7.0720778 2.4199278
-0.78687066 -7.0720782 2.4181335
-0.73558205 -7.0720782 2.4159224
-0.69727224 -7.0720782 2.4163108
-0.65806019 -7.0720782 2.4167087
-0.61810404 -7.0720782 2.417114
-0.57718658 -7.0720787 2.4175291
-0.53547573 -7.0720787 2.4179525
-0.50712442 -7.0720787 2.4182401
-0.46375501 -7.0720787 2.41868
-0.41951847 -7.0720787 2.4191289
-1.7692624 -10.003127 2.4454143
-1.7330592 -10.003127 2.4560537
-1.6949518 -10.003127 2.4598527
-1.6608492 -10.003127 2.4604375
-1.6266519 -10.003127 2.4599044
-1.582613 -10.003127 2.4579327
-1.5380435 -10.003127 2.4586368
-1.4998453 -10.003127 2.45924
-1.460543 -10.003127 2.459861
-1.4202356 -10.003127 2.4604976
-1.3787305 -10.003127 2.4611528
-1.3361335 -10.003127 2.4618258
-1.3011488 -10.003127 2.4623783
-1.2663617 -10.003128 2.4610202
-1.2193899 -10.003128 2.4593265
-1.17215 -10.003128 2.4600081
-1.1332974 -10.003128 2.4605689
-1.0934987 -10.003128 2.4611433
-1.0527182 -10.003128 2.4617317
-1.0109198 -10.003128 2.4623349
-0.97891337 -10.003128 2.4627967
-0.94622797 -10.003128 2.4632683
-0.90045846 -10.003128 2.4612665
-0.85603124 -10.003129 2.4597306
-0.82102013 -10.003129 2.4601882
-0.78523147 -10.003129 2.4557195
-0.73643923 -10.003129 2.4562905
-0.6990149 -10.003129 2.4567285
-0.66073084 -10.003129 2.4571762
-0.62173676 -10.00313 2.4576323
-0.581828 -10.003129 2.4580994
-0.54116392 -10.00313 2.4585752
-0.49952471 -10.003129 2.4590623
-0.45708036 -10.00313 2.4595585
-0.42823219 -10.00313 2.4598963
-1.7683498 -7.0720749 2.4473493
-1.735289 -7.0720754 2.4573104
-1.6968311 -7.0720754 2.4615068
-1.6540508 -7.0720754 2.4601653
-1.6189528 -7.0720754 2.4600961
-1.5829359 -7.0720754 2.4587395
-1.5363851 -7.0720754 2.4586036
-1.4972628 -7.0720758 2.4596946
-1.4569819 -7.0720754 2.4608183
-1.4156448 -7.0720758 2.461971
-1.381698 -7.0720758 2.4629178
-1.3381191 -7.0720754 2.4599545
-1.2923408 -7.0720758 2.4588065
-1.256547 -7.0720758 2.4578283
-1.2188598 -7.0720758 2.4587767
-1.180258 -7.0720758 2.4597478
-1.1407076 -7.0720758 2.460743
-1.1013131 -7.0720768 2.4597261
-1.0586177 -7.0720778 2.4582481
-1.0160019 -7.0720778 2.4592621
-0.97228479 -7.0720778 2.4603024
-0.93878531 -7.0720778 2.4610994
-0.904549 -7.0720782 2.4619145
-0.85788453 -7.0720782 2.4630246
-0.8221004 -7.0720778 2.4638762
-0.78413516 -7.0720782 2.4620295
-0.73558211 -7.0720782 2.4559324
-0.6972723 -7.0720782 2.4567394
-0.65806031 -7.0720782 2.4575655
-0.61810422 -7.0720787 2.4584069
-0.57718682 -7.0720787 2.459269
-0.53547591 -7.0720787 2.4601476
-0.5071246 -7.0720787 2.4607449
-0.4637551 -7.0720787 2.4616582
-0.41951853 -7.0720787 2.4625905
-1.6904578 -10.003127 2.4907744
-1.6600815 -10.003127 2.4999499
-1.6249287 -10.003127 2.5013113
-1.5834752 -10.003127 2.4990897
-1.5380437 -10.003127 2.4977186
-1.4998454 -10.003127 2.4988432
-1.460543 -10.003127 2.5000005
-1.4202354 -10.003127 2.5011873
-1.3787307 -10.003127 2.5024097
-1.3361336 -10.003127 2.49948
-1.3011488 -10.003128 2.5004625
-1.2643503 -10.003128 2.4991109
-1.21939 -10.003128 2.4984152
-1.17215 -10.003128 2.4996772
-1.1332976 -10.003128 2.5007153
-1.0946176 -10.003128 2.4997358
-1.0527184 -10.003128 2.498297
-1.0109199 -10.003128 2.4993567
-0.97891355 -10.003128 2.5001681
-0.94622827 -10.003128 2.5009968
-0.90171111 -10.003128 2.5021253
-0.85603142 -10.003129 2.5032833
-0.82102019 -10.003129 2.5041709
-0.78656876 -10.003129 2.4979091
-0.73643923 -10.003129 2.49631
-0.6990149 -10.003129 2.4971566
-0.66073084 -10.003129 2.4980226
-0.62173676 -10.00313 2.4989047
-0.581828 -10.003129 2.4998071
-0.54116392 -10.00313 2.5007269
-0.49952471 -10.003129 2.5016689
-0.45708036 -10.00313 2.5026293
-0.42823219 -10.00313 2.5032818
-1.692242 -7.0720754 2.4887569
-1.6538721 -7.0720754 2.4992344
-1.618953 -7.0720758 2.5018451
-1.5811238 -7.0720754 2.5007985
-1.5363851 -7.0720754 2.4976842
-1.4972628 -7.0720758 2.4993098
-1.4569821 -7.0720754 2.500983
-1.4156448 -7.0720758 2.5027003
-1.3816981 -7.0720758 2.4999912
-1.3381193 -7.0720754 2.4975634
-1.2933513 -7.0720758 2.4993005
-1.2565471 -7.0720758 2.5007291
-1.21886 -7.0720758 2.5021918
-1.180258 -7.0720758 2.4992959
-1.1407079 -7.0720768 2.500777
-1.0990336 -7.0720778 2.4998276
-1.0586179 -7.0720778 2.4992905
-1.0160019 -7.0720778 2.500828
-0.97228491 -7.0720782 2.4977274
-0.93878531 -7.0720778 2.4988904
-0.904549 -7.0720782 2.5000792
-0.85788453 -7.0720782 2.501699
-0.8221004 -7.0720778 2.5029414
-0.78550291 -7.0720782 2.5042121
-0.73558211 -7.0720782 2.4959424
-0.6972723 -7.0720782 2.4971676
-0.65806031 -7.0720782 2.4984219
-0.61810422 -7.0720787 2.4996998
-0.57718682 -7.0720787 2.5010087
-0.53547597 -7.0720787 2.5023427
-0.50712466 -7.0720787 2.5032499
-0.46375525 -7.0720787 2.4992647
-0.41951871 -7.0720787 2.5006192
-1.6210899 -10.003127 2.5307026
-1.5806636 -10.003127 2.5400963
-1.5389853 -10.003127 2.538218
-1.4998457 -10.003127 2.5384469
-1.4605433 -10.003127 2.5401406
-1.4202356 -10.003127 2.5418775
-1.3800219 -10.003127 2.541065
-1.3361336 -10.003127 2.5371346
-1.3011488 -10.003128 2.5385466
-1.2653559 -10.003128 2.5399916
-1.2207239 -10.003128 2.540545
-1.17215 -10.003128 2.5393462
-1.1332976 -10.003128 2.5408616
-1.0923797 -10.003128 2.5399413
-1.0527184 -10.003128 2.5394335
-1.0109199 -10.003128 2.5410066
-0.97891355 -10.003128 2.53754
-0.94622838 -10.003128 2.5387249
-0.90171111 -10.003128 2.5403399
-0.85603154 -10.003129 2.541997
-0.82102084 -10.003129 2.5432665
-0.78389442 -10.003129 2.541862
-0.73643941 -10.003129 2.5363297
-0.69901508 -10.003129 2.5375848
-0.6607309 -10.003129 2.5388689
-0.62173676 -10.00313 2.5401766
-0.581828 -10.003129 2.5415154
-0.54116392 -10.00313 2.5428791
-0.50152653 -10.003129 2.5419178
-0.45708036 -10.00313 2.5403156
-0.42823219 -10.00313 2.5412438
-1.6406612 -7.0720758 2.5234787
-1.6174959 -7.0720758 2.5307744
-1.5809357 -7.0720754 2.5409081
-1.5373493 -7.0720754 2.5381699
-1.497263 -7.0720758 2.5389245
-1.4569821 -7.0720754 2.5411479
-1.4165771 -7.0720758 2.5415628
-1.3816979 -7.0720758 2.5370643
-1.3381193 -7.0720754 2.539351
-1.2933512 -7.0720758 2.5416989
-1.2565471 -7.0720758 2.53934
-1.2188599 -7.0720758 2.5412657
-1.180258 -7.0720763 2.5388439
-1.1407079 -7.0720778 2.5408108
-1.1001736 -7.0720778 2.5383232
-1.0586181 -7.0720778 2.5403333
-1.0160022 -7.0720782 2.5423942
-0.97228515 -7.0720778 2.5398307
-0.93878555 -7.0720778 2.5366814
-0.90454924 -7.0720782 2.5382438
-0.85788465 -7.0720782 2.5403733
-0.82210052 -7.0720778 2.5420065
-0.78550297 -7.0720782 2.5436766
-0.73558211 -7.0720782 2.5359526
-0.6972723 -7.0720787 2.537596
-0.65806031 -7.0720782 2.5392785
-0.61810428 -7.0720787 2.5409927
-0.57718694 -7.0720787 2.5427487
-0.53547615 -7.0720787 2.5392637
-0.50712484 -7.0720787 2.5404415
-0.46375546 -7.0720787 2.5368707
-0.41951895 -7.0720792 2.5386481
-1.5679634 -10.003127 2.5664499
-1.5339303 -10.003127 2.5739882
-1.4998457 -10.003127 2.5780501
-1.4605435 -10.003127 2.5802805
-1.4202359 -10.003127 2.5825677
-1.377532 -10.003127 2.5779088
-1.3361337 -10.003128 2.5789728
-1.3011489 -10.003128 2.5808625
-1.2663617 -10.003128 2.5808334
-1.2179536 -10.003128 2.5793309
-1.1721501 -10.003128 2.5790153
-1.1332974 -10.003128 2.581008
-1.0934987 -10.003128 2.5785341
-1.0527184 -10.003128 2.5805697
-1.01092 -10.003128 2.5826564
-0.97891349 -10.003129 2.5795827
-0.94744927 -10.003129 2.5790076
-0.90171111 -10.003129 2.5785546
-0.85603154 -10.003129 2.5807104
-0.82102084 -10.003129 2.5823622
-0.78523171 -10.003129 2.5840516
-0.73643947 -10.003129 2.576349
-0.69901538 -10.003129 2.5780129
-0.66073108 -10.003129 2.5797153
-0.621737 -10.00313 2.581449
-0.58182836 -10.003129 2.5832233
-0.5411641 -10.00313 2.5797622
-0.49752298 -10.003129 2.5785887
-0.45708036 -10.00313 2.5780022
-0.42823219 -10.00313 2.5792062
-1.5670133 -7.0720763 2.566005
-1.5321739 -7.0720754 2.5740085
-1.497263 -7.0720758 2.5785394
-1.4569821 -7.0720754 2.5813129
-1.415645 -7.0720758 2.5800741
-1.3816983 -7.0720758 2.5782571
-1.3381195 -7.0720754 2.5811381
-1.2933513 -7.0720758 2.5798578
-1.256547 -7.0720758 2.577951
-1.2188599 -7.0720758 2.5803397
-1.1813433 -7.0720778 2.5807583
-1.1407079 -7.0720773 2.5808449
-1.1001735 -7.0720778 2.578855
-1.0597869 -7.0720782 2.5792716
-1.0160022 -7.0720782 2.5793419
-0.97228515 -7.0720782 2.581934
-0.93878555 -7.0720778 2.5791962
-0.90582836 -7.0720782 2.5789778
-0.85788471 -7.0720782 2.5790477
-0.82210064 -7.0720778 2.5810716
-0.78550327 -7.0720782 2.5831416
-0.73558235 -7.0720782 2.5759623
-0.69727266 -7.0720787 2.5780244
-0.65806061 -7.0720787 2.5801349
-0.61810452 -7.0720787 2.5822856
-0.57915419 -7.0720787 2.5821383
-0.53547621 -7.0720787 2.5761843
-0.5071249 -7.0720787 2.5776334
-0.46375549 -7.0720787 2.5798492
-0.41951919 -7.0720792 2.5821099
-1.497263 -10.003127 2.6046269
-1.4578904 -10.003127 2.6172726
-1.4211447 -10.003127 2.6213806
-1.3787309 -10.003128 2.617928
-1.3361337 -10.003128 2.6208105
-1.3021318 -10.003128 2.6212256
-1.2643504 -10.003128 2.6190012
-1.2193902 -10.003128 2.6200242
-1.1721504 -10.003128 2.6186843
-1.1332978 -10.003128 2.6211541
-1.0934989 -10.003128 2.6191692
-1.0538652 -10.003128 2.6195972
-1.01092 -10.003128 2.6196785
-0.97891396 -10.003128 2.6216257
-0.94500756 -10.003129 2.6210604
-0.90296352 -10.003129 2.6193419
-0.85603154 -10.003129 2.6194239
-0.82102084 -10.003129 2.6214583
-0.78523171 -10.003129 2.6235383
-0.73643947 -10.003129 2.6163688
-0.69901538 -10.00313 2.6184411
-0.66073108 -10.003129 2.6205616
-0.621737 -10.00313 2.6227212
-0.58374661 -10.003129 2.6225829
-0.54116416 -10.00313 2.6166453
-0.49952495 -10.003129 2.6188378
-0.4570806 -10.00313 2.6210723
-0.42823291 -10.00313 2.6225913
-1.4946169 -7.0720763 2.6051607
-1.4542623 -7.0720754 2.618366
-1.4147127 -7.0720758 2.6186213
-1.3816984 -7.0720758 2.6194494
-1.3393838 -7.0720754 2.621624
-1.2933514 -7.0720758 2.6180165
-1.2565473 -7.0720758 2.6208515
-1.21886 -7.0720773 2.6194134
-1.179173 -7.0720778 2.6199679
-1.1407079 -7.0720778 2.6208787
-1.1001735 -7.0720778 2.6193869
-1.0574491 -7.0720782 2.6199617
-1.0172009 -7.0720782 2.6187627
-0.97228515 -7.0720782 2.6193588
-0.93878567 -7.0720778 2.6217108
-0.90327042 -7.0720782 2.6215451
-0.857885 -7.0720782 2.617722
-0.82210088 -7.0720782 2.6201367
-0.78550339 -7.0720787 2.622606
-0.73558259 -7.0720787 2.615972
-0.69727278 -7.0720787 2.6184525
-0.65806079 -7.0720787 2.6209915
-0.6181047 -7.0720787 2.6235785
-0.57522011 -7.0720787 2.6181428
-0.53547639 -7.0720787 2.6183798
-0.50712502 -7.0720787 2.6201382
-0.46375558 -7.0720787 2.6228275
-0.41951942 -7.0720801 2.6201384
-1.416146 -10.003127 2.6479933
-1.377532 -10.003128 2.6581101
-1.3370947 -10.003128 2.6607063
-1.300166 -10.003128 2.6589832
-1.2653562 -10.003128 2.6598437
-1.2208209 -10.003128 2.6606631
-1.1721504 -10.003128 2.6583531
-1.1332979 -10.003128 2.6613002
-1.0934991 -10.003128 2.6598043
-1.051572 -10.003128 2.6603804
-1.0120956 -10.003129 2.6591792
-0.97891426 -10.003128 2.6589971
-0.94622862 -10.003129 2.6613429
-0.90045887 -10.003129 2.6619651
-0.85603184 -10.003129 2.6581373
-0.8210209 -10.003129 2.6605539
-0.78523171 -10.003129 2.6630249
-0.73643953 -10.003129 2.6563883
-0.69901538 -10.00313 2.6588695
-0.66073108 -10.003129 2.6614079
-0.621737 -10.00313 2.6639934
-0.57991028 -10.003129 2.658561
-0.54116416 -10.00313 2.6587973
-0.49952495 -10.003129 2.6614444
-0.4570806 -10.00313 2.6587589
-0.42823291 -10.00313 2.6605532
-1.4139669 -7.0720763 2.6478527
-1.3807447 -7.0720758 2.6589053
-1.3381146 -7.0720754 2.6605172
-1.2933514 -7.0720758 2.6604152
-1.2565475 -7.0720768 2.6594627
-1.2188601 -7.0720778 2.6584873
-1.1813438 -7.0720778 2.6598279
-1.140708 -7.0720778 2.6609128
-1.1001737 -7.0720778 2.6599193
-1.0586183 -7.0720782 2.6589003
-1.0148038 -7.0720782 2.6600006
-0.97351539 -7.0720782 2.6592746
-0.93878579 -7.0720778 2.6595016
-0.9045496 -7.0720782 2.6622791
-0.85919857 -7.0720782 2.6589701
-0.82210088 -7.0720782 2.6592016
-0.78550339 -7.0720787 2.6620712
-0.73698837 -7.0720787 2.6586447
-0.69727278 -7.0720787 2.6588809
-0.65806079 -7.0720787 2.6618481
-0.6181047 -7.0720787 2.6597099
-0.5771873 -7.0720787 2.6575327
-0.53547645 -7.0720792 2.6605749
-0.50712514 -7.0720792 2.6626432
-0.46375573 -7.0720792 2.6604338
-0.41951966 -7.0720797 2.6581674
-1.3618824 -10.003128 2.685447
-1.3332514 -10.003128 2.6921976
-1.301149 -10.003128 2.6993463
-1.2663618 -10.003128 2.7006471
-1.2180616 -10.003128 2.6995542
-1.1732168 -10.003128 2.7003696
-1.1332979 -10.003128 2.7014468
-1.0934991 -10.003128 2.7004397
-1.0527186 -10.003129 2.6994078
-1.0097445 -10.003129 2.7004995
-0.97891426 -10.003129 2.70104
-0.94622862 -10.003129 2.6990714
-0.90171134 -10.003129 2.7027521
-0.85603201 -10.003129 2.6968508
-0.82102108 -10.003129 2.69965
-0.78523195 -10.003129 2.7025115
-0.73643982 -10.003129 2.6964076
-0.6990155 -10.00313 2.6992977
-0.6607312 -10.003129 2.7022543
-0.6217373 -10.00313 2.7001064
-0.58182847 -10.003129 2.6979203
-0.54116416 -10.00313 2.7009494
-0.50152677 -10.003129 2.7016113
-0.4570806 -10.00313 2.6964455
-0.42823291 -10.00313 2.6985154
-1.3314991 -7.0720758 2.6925595
-1.2943619 -7.0720768 2.7008181
-1.2565476 -7.0720778 2.6980736
-1.2199198 -7.0720778 2.6998596
-1.1791735 -7.0720782 2.6990905
-1.1407081 -7.0720778 2.7009463
-1.100174 -7.0720782 2.7004509
-1.0586185 -7.0720778 2.6999428
-1.0160027 -7.0720782 2.6994216
-0.97105557 -7.0720782 2.7010741
-0.93878603 -7.0720782 2.6972923
-0.9045499 -7.0720782 2.7004437
-0.85788524 -7.0720787 2.6998889
-0.82210094 -7.0720782 2.698267
-0.78550351 -7.0720787 2.7015359
-0.73558259 -7.0720787 2.7009761
-0.69727278 -7.0720787 2.6993093
-0.65806079 -7.0720787 2.7027047
-0.6181047 -7.0720787 2.6958411
-0.5771873 -7.0720792 2.6992724
-0.53547645 -7.0720792 2.7027705
-0.50712514 -7.0720792 2.6998348
-0.46375573 -7.0720792 2.6980402
-0.41951966 -7.0720797 2.7016289
-1.2923033 -10.003128 2.7256241
-1.2623391 -10.003128 2.7329185
-1.2207241 -10.003128 2.7402472
-1.171084 -10.003128 2.7397511
-1.1343901 -10.003128 2.7394948
-1.0934991 -10.003128 2.741075
-1.0527186 -10.003129 2.7405441
-1.0109204 -10.003129 2.74
-0.97891426 -10.003129 2.743083
-0.94744939 -10.003129 2.7392974
-0.90171134 -10.003129 2.740967
-0.85731751 -10.003129 2.738127
-0.82102108 -10.003129 2.7387457
-0.78523195 -10.003129 2.7419982
-0.73643994 -10.003129 2.7364271
-0.69901562 -10.00313 2.7397258
-0.66073132 -10.003129 2.7431006
-0.62173772 -10.00313 2.7362194
-0.58182859 -10.003129 2.7396283
-0.54116428 -10.00313 2.7431014
-0.4975234 -10.003129 2.738446
-0.4570806 -10.00313 2.7395158
-0.42823291 -10.00313 2.7419009
-1.2842586 -7.0720773 2.7250235
-1.2552176 -7.0720778 2.7350025
-1.217801 -7.0720778 2.738678
-1.1802586 -7.0720778 2.7409787
-1.1407081 -7.0720782 2.7409809
-1.1013139 -7.0720782 2.7388499
-1.0586183 -7.0720782 2.7409852
-1.0172015 -7.0720782 2.7388
-0.97228563 -7.0720782 2.7409899
-0.93878603 -7.0720778 2.7398071
-0.90454996 -7.0720782 2.7386084
-0.85657173 -7.0720787 2.740854
-0.82210112 -7.0720787 2.7373321
-0.78550363 -7.0720787 2.7410007
-0.73558283 -7.0720787 2.7409859
-0.6972729 -7.0720787 2.7397375
-0.65994561 -7.0720787 2.7411811
-0.6181047 -7.0720787 2.737134
-0.5771873 -7.0720792 2.7410123
-0.53547645 -7.0720792 2.7396915
-0.5071255 -7.0720797 2.7370265
-0.46375573 -7.0720792 2.7410188
-0.41951966 -7.0720801 2.7396576
-1.2054032 -10.003128 2.7692497
-1.1721506 -10.003128 2.77736
-1.132206 -10.003128 2.7793767
-1.0946182 -10.003128 2.7795727
-1.0527188 -10.003129 2.7816806
-1.0120959 -10.003129 2.7794588
-0.97891426 -10.003129 2.7804546
-0.94500786 -10.003129 2.7814627
-0.90171158 -10.003129 2.7791815
-0.85474658 -10.003129 2.7813935
-0.82102108 -10.003129 2.7778416
-0.78523207 -10.003129 2.7814848
-0.73643994 -10.003129 2.7764466
-0.69901562 -10.00313 2.780154
-0.66257107 -10.003129 2.7815688
-0.62173772 -10.00313 2.7774916
-0.58182871 -10.003129 2.7813361
-0.5411644 -10.00313 2.7799845
-0.49952543 -10.003129 2.7786131
-0.45708084 -10.00313 2.7825861
-0.42823315 -10.00313 2.7798634
-1.2156821 -7.0720773 2.7659705
-1.1788634 -7.0720782 2.7788231
-1.1418203 -7.0720782 2.7788944
-1.0990341 -7.0720782 2.7791443
-1.0597873 -7.0720782 2.7798536
-1.0148038 -7.0720782 2.7801228
-0.97228569 -7.0720782 2.7784154
-0.93878603 -7.0720782 2.7823219
-0.90582913 -7.0720787 2.7792692
-0.85788524 -7.0720787 2.7820878
-0.82210112 -7.0720787 2.7763972
-0.78550363 -7.0720787 2.7804656
-0.73558283 -7.0720787 2.7809963
-0.69727302 -7.0720787 2.7801661
-0.65806103 -7.0720787 2.7792928
-0.61810493 -7.0720792 2.7784271
-0.57718754 -7.0720792 2.782752
-0.53547657 -7.0720797 2.7766118
-0.50712574 -7.0720797 2.7795315
-0.46584135 -7.0720792 2.7814715
-0.41951966 -7.0720797 2.7776866
-1.1625531 -10.003128 2.8005457
-1.1313322 -10.003128 2.8114257
-1.0923802 -10.003129 2.8199677
-1.0538657 -10.003129 2.8206387
-1.0097451 -10.003129 2.8208628
-0.9789145 -10.003129 2.8178263
-0.94622886 -10.003129 2.8216891
-0.90296429 -10.003129 2.8198967
-0.85603213 -10.003129 2.8226697
-0.82102108 -10.003129 2.8169374
-0.78523225 -10.003129 2.8209715
-0.73643994 -10.003129 2.8164661
-0.69901562 -10.00313 2.8205824
-0.66073138 -10.003129 2.81967
-0.62173772 -10.00313 2.8187637
-0.58374691 -10.003129 2.8205962
-0.5411644 -10.00313 2.8168676
-0.49952543 -10.003129 2.8212199
-0.45708084 -10.00313 2.8202724
-0.42823315 -10.003131 2.8178253
-1.135704 -7.0720778 2.808363
-1.1001742 -7.0720782 2.8175433
-1.0574499 -7.0720782 2.8206842
-1.0160027 -7.0720782 2.8195014
-0.97351575 -7.0720782 2.818274
-0.93878603 -7.0720782 2.8201127
-0.90454996 -7.0720787 2.8196931
-0.85788524 -7.0720787 2.8207622
-0.82210112 -7.0720787 2.8203454
-0.78550363 -7.0720787 2.8199303
-0.73558283 -7.0720787 2.8210061
-0.69727302 -7.0720792 2.8205943
-0.65806103 -7.0720792 2.8201492
-0.61810493 -7.0720792 2.8197198
-0.57915467 -7.0720792 2.8220181
-0.53547668 -7.0720797 2.8188074
-0.50712585 -7.0720797 2.8220363
-0.46167037 -7.0720792 2.8187566
-0.4195199 -7.0720797 2.8211482
-1.0834286 -10.003129 2.8462343
-1.0492789 -10.003129 2.8552647
-1.0109206 -10.003129 2.8603218
-0.97891444 -10.003129 2.8598695
-0.94622898 -10.003129 2.8594174
-0.90171182 -10.003129 2.8603723
-0.85603225 -10.003129 2.8613832
-0.82102132 -10.00313 2.8560333
-0.78523242 -10.003129 2.8604581
-0.73781365 -10.003129 2.8590894
-0.69901574 -10.00313 2.8610106
-0.66073143 -10.003129 2.8605161
-0.62173772 -10.00313 2.8600359
-0.58182871 -10.003129 2.8595204
-0.54116452 -10.00313 2.8590198
-0.50152719 -10.003129 2.861305
-0.45708084 -10.003131 2.857959
-0.42823315 -10.003131 2.8612103
-1.0899148 -7.0720778 2.8414958
-1.056515 -7.0720778 2.8534739
-1.0172018 -7.0720782 2.8588374
-0.97105598 -7.0720782 2.8601878
-0.93878627 -7.0720787 2.8579037
-0.90327084 -7.0720787 2.8601618
-0.85788536 -7.0720787 2.859437
-0.82210118 -7.0720787 2.8642938
-0.78550363 -7.0720787 2.8593953
-0.73558283 -7.0720787 2.8610163
-0.69727302 -7.0720792 2.8610227
-0.65806103 -7.0720792 2.861006
-0.61810493 -7.0720792 2.8610129
-0.57522047 -7.0720792 2.8582702
-0.53547668 -7.0720797 2.8610027
-0.50712585 -7.0720801 2.8592281
-0.46375597 -7.0720792 2.8592093
-0.4195199 -7.0720801 2.8591774
-1.007394 -10.003129 2.8870442
-0.9789145 -10.003129 2.8972409
-0.9474498 -10.003129 2.8995867
-0.90045929 -10.003129 2.9008923
-0.85603237 -10.003129 2.9000967
-0.82102126 -10.00313 2.9000163
-0.78523242 -10.003129 2.8999448
-0.73644018 -10.003129 2.9014909
-0.69901586 -10.00313 2.9014387
-0.65889186 -10.003129 2.8986924
-0.62173796 -10.00313 2.9013078
-0.5799107 -10.003129 2.8985019
-0.54116476 -10.00313 2.9011717
-0.4975237 -10.00313 2.8983035
-0.45708084 -10.003131 2.9010296
-0.42823315 -10.003131 2.8991728
-1.0052133 -7.0720782 2.8857715
-0.97070444 -7.0720787 2.8982885
-0.93878633 -7.0720787 2.9004185
-0.90455008 -7.0720787 2.9008088
-0.85788548 -7.0720787 2.8981113
-0.82210135 -7.0720787 2.9033589
-0.78550386 -7.0720787 2.8988597
-0.73558301 -7.0720787 2.9010265
-0.69727314 -7.0720792 2.9014511
-0.65617627 -7.0720792 2.8992155
-0.61810493 -7.0720797 2.9023056
-0.57718766 -7.0720792 2.8975363
-0.53547668 -7.0720797 2.9031978
-0.50712585 -7.0720797 2.8964198
-0.46584156 -7.0720792 2.8995993
-0.4195199 -7.0720801 2.8972058
-0.93524146 -10.003129 2.9270709
-0.90171176 -10.003129 2.9368169
-0.85805953 -10.002973 2.9362702
-0.81613988 -10.002695 2.9418507
-0.78523237 -10.003129 2.9344959
-0.73552591 -10.002786 2.9384446
-0.69901586 -10.00313 2.9368134
-0.66182995 -10.002696 2.9365275
-0.62173796 -10.00313 2.9374211
-0.58412796 -10.002981 2.9350333
-0.54116488 -10.00313 2.9380543
-0.50217426 -10.002884 2.9354918
-0.45708108 -10.003131 2.9387159
-0.42987102 -10.00252 2.9363012
-0.89529121 -9.9819212 2.9500661
-0.86080045 -9.9791241 2.9500663
-0.81885767 -9.9795389 2.9500666
-0.77499497 -9.9825783 2.950067
-0.73909003 -9.9770622 2.950067
-0.70247269 -9.9815331 2.9500673
-0.66645902 -9.9782887 2.9500673
-0.6269902 -9.980444 2.9500675
-0.58808166 -9.9798965 2.9500675
-0.54836243 -9.97931 2.9500675
-0.50634515 -9.9815588 2.9500678
-0.466389 -9.9781265 2.9500678
-0.42255411 -9.9804106 2.9500682
-0.89619011 -9.9411411 2.9500666
-0.86171687 -9.937932 2.9500666
-0.81883436 -9.9404192 2.9500666
-0.77497172 -9.9429808 2.9500673
-0.73906636 -9.9370718 2.9500673
-0.70244884 -9.9411421 2.9500673
-0.66508871 -9.9402075 2.9500673
-0.62696576 -9.93923 2.9500678
-0.58665478 -9.9410028 2.9500678
-0.5497722 -9.9397192 2.9500678
-0.50778508 -9.9415226 2.9500678
-0.46785983 -9.9376965 2.9500682
-0.42405728 -9.9395151 2.9500685
-0.89524299 -9.9005775 2.9500666
-0.86169398 -9.8992796 2.9500666
-0.82014245 -9.8996668 2.9500666
-0.77593422 -9.9008112 2.9500673
-0.73904252 -9.8970814 2.9500673
-0.702425 -9.9007511 2.9500673
-0.66506445 -9.8994102 2.9500675
-0.62694144 -9.898015 2.9500678
-0.58803546 -9.9018078 2.9500678
-0.54831564 -9.9004354 2.9500678
-0.50775999 -9.8990068 2.9500678
-0.46484777 -9.9003954 2.9500682
-0.42556041 -9.8986645 2.9500682
-0.89429599 -9.8599806 2.9500666
-0.86167121 -9.86063 2.9500666
-0.81878608 -9.8589363 2.9500673
-0.77492189 -9.8588457 2.9500673
-0.7390188 -9.857091 2.9500675
-0.70240116 -9.8603611 2.9500675
-0.66369396 -9.8612738 2.9500675
-0.62829399 -9.8592615 2.9500678
-0.58801067 -9.8601685 2.9500678
-0.5468592 -9.8611078 2.9500678
-0.50919992 -9.8590317 2.950068
-0.46631876 -9.8599644 2.9500685
-0.42248365 -9.8609314 2.9500687
-0.89519501 -9.819211 2.950067
-0.86164832 -9.8219786 2.9500673
-0.81876308 -9.8198175 2.9500673
-0.77489829 -9.8192482 2.9500675
-0.73899525 -9.8171005 2.9500675
-0.70237696 -9.8199701 2.9500678
-0.66501904 -9.8229008 2.9500678
-0.62689579 -9.8207493 2.9500678
-0.58798587 -9.8185301 2.950068
-0.54826903 -9.8215351 2.950068
-0.50625056 -9.8220625 2.9500682
-0.46778983 -9.8195782 2.950069
-0.42398655 -9.8200808 2.950069
-0.89517236 -9.7809267 2.950067
-0.86256462 -9.7808514 2.9500673
-0.81873995 -9.7806978 2.9500673
-0.77487481 -9.7796488 2.9500675
-0.73897159 -9.7771101 2.9500675
-0.70235306 -9.7795811 2.9500675
-0.66499496 -9.7821026 2.9500678
-0.62687123 -9.7795362 2.950068
-0.58936661 -9.7794085 2.950068
-0.54824418 -9.7794619 2.950068
-0.50769049 -9.7820883 2.9500685
-0.46477792 -9.7821865 2.950069
-0.42548949 -9.7792768 2.950069
-0.89607114 -9.7402 2.950067
-0.86159968 -9.7398577 2.9500673
-0.8187201 -9.7399492 2.9500673
-0.7748515 -9.7400513 2.9500675
-0.73894787 -9.7371197 2.9500678
-0.70232916 -9.7391901 2.9500678
-0.66497087 -9.7413034 2.9500678
-0.62547284 -9.7409668 2.9500682
-0.58793986 -9.740469 2.9500685
-0.54965395 -9.7399464 2.9500687
-0.5076654 -9.7395706 2.950069
-0.46624887 -9.7418003 2.950069
-0.42241257 -9.7414532 2.9500692
-0.89512396 -9.6995831 2.9500673
-0.8615768 -9.7012062 2.9500673
-0.81869149 -9.6991997 2.9500673
-0.77482808 -9.7004528 2.9500678
-0.73892403 -9.6971292 2.9500678
-0.7023052 -9.6988001 2.9500678
-0.66494656 -9.7005062 2.950068
-0.62682539 -9.7022457 2.9500685
-0.58791518 -9.6988287 2.9500685
-0.54819715 -9.7005882 2.950069
-0.50910538 -9.6996555 2.950069
-0.46622333 -9.6988316 2.9500692
-0.42391568 -9.7006474 2.9500692
-0.8941769 -9.6589336 2.9500673
-0.86061168 -9.6601686 2.9500673
-0.81866837 -9.6600809 2.9500675
-0.77480453 -9.6608543 2.9500678
-0.74019665 -9.6595984 2.9500678
-0.70228142 -9.6584101 2.9500678
-0.66492224 -9.6597071 2.950068
-0.62680101 -9.6610308 2.9500685
-0.58648807 -9.659833 2.9500682
-0.54674059 -9.6611862 2.950069
-0.50761831 -9.6598673 2.950069
-0.46769422 -9.6585073 2.9500694
-0.42541882 -9.6598883 2.9500692
-0.89507592 -9.6182175 2.9500675
-0.86152804 -9.6190605 2.9500675
-0.81864524 -9.6209612 2.9500678
-0.77478099 -9.6212559 2.950068
-0.73887968 -9.622159 2.950068
-0.70225739 -9.6180201 2.9500685
-0.66489804 -9.6189089 2.9500685
-0.6267767 -9.6198158 2.950069
-0.58786875 -9.6207418 2.950069
-0.54815054 -9.6216869 2.950069
-0.50613099 -9.6200352 2.9500692
-0.46468225 -9.6209936 2.9500694
-0.42386764 -9.6192293 2.9500694
-0.89505327 -9.5799322 2.9500675
-0.86150503 -9.58041 2.9500678
-0.81862205 -9.5818415 2.9500678
-0.77475739 -9.5816574 2.950068
-0.73885602 -9.5821686 2.950068
-0.70223349 -9.5776291 2.9500685
-0.66487408 -9.5781107 2.9500685
-0.6267522 -9.5786009 2.950069
-0.58784413 -9.5791016 2.9500692
-0.54812568 -9.5796137 2.9500692
-0.5075708 -9.5801363 2.9500692
-0.46615332 -9.5806694 2.9500694
-0.42231622 -9.5785246 2.9500694
-0.89595211 -9.539258 2.9500675
-0.86242169 -9.5393476 2.9500678
-0.81859881 -9.5427217 2.9500678
-0.77473402 -9.5420589 2.950068
-0.73883235 -9.5421791 2.950068
-0.70353192 -9.5397663 2.9500682
-0.66619915 -9.5398645 2.9500682
-0.62810457 -9.5399647 2.9500692
-0.58922493 -9.5400677 2.9500692
-0.54953551 -9.5401716 2.9500692
-0.50901085 -9.5402784 2.9500692
-0.46762446 -9.5403891 2.9500694
-0.42534798 -9.5404997 2.9500697
-0.89500487 -9.4985886 2.9500678
-0.86145675 -9.4982882 2.9500678
-0.81856954 -9.5003433 2.9500682
-0.77372169 -9.4999733 2.9500682
-0.73880851 -9.5021877 2.9500685
-0.70218855 -9.5019102 2.950069
-0.66482878 -9.501627 2.950069
-0.62670624 -9.5013361 2.9500692
-0.587798 -9.5010424 2.9500692
-0.54807878 -9.5007401 2.9500694
-0.50752366 -9.500432 2.9500694
-0.46610561 -9.5001163 2.9500697
-0.42379665 -9.4997959 2.9500697
-0.89498228 -9.4603052 2.9500678
-0.86143374 -9.4596376 2.9500678
-0.81854862 -9.4579649 2.9500682
-0.77468431 -9.457901 2.9500685
-0.73878479 -9.4621973 2.950069
-0.70216477 -9.4615192 2.950069
-0.66480446 -9.4608278 2.950069
-0.62668192 -9.4601231 2.9500692
-0.58777332 -9.4594021 2.9500694
-0.54805374 -9.4586658 2.9500694
-0.50603652 -9.4605398 2.9500694
-0.46458668 -9.4598007 2.9500697
-0.42224529 -9.4590445 2.9500697
-0.89403522 -9.4195919 2.9500678
-0.8614108 -9.4209871 2.9500678
-0.81852549 -9.4188433 2.9500682
-0.77466083 -9.4183025 2.9500685
-0.73876119 -9.4222069 2.950069
-0.70214081 -9.4211302 2.950069
-0.66478014 -9.4200306 2.9500692
-0.62665755 -9.4189072 2.9500692
-0.58634621 -9.4203176 2.9500694
-0.54659718 -9.4191742 2.9500694
-0.50747657 -9.4207001 2.9500694
-0.46605769 -9.4195375 2.9500697
-0.42527738 -9.4211121 2.9500697
-0.89493418 -9.3789377 2.950068
-0.86044568 -9.3798742 2.9500685
-0.81850243 -9.3797245 2.9500682
-0.77463734 -9.3787031 2.950069
-0.73873758 -9.3822174 2.950069
-0.70211673 -9.3807392 2.9500692
-0.66475606 -9.3792324 2.9500692
-0.62663317 -9.3776932 2.9500694
-0.58772683 -9.3813133 2.9500694
-0.54800713 -9.3797646 2.9500694
-0.5089165 -9.3809042 2.9500697
-0.46752885 -9.3793192 2.9500699
-0.42372608 -9.3803606 2.9500699
-0.89491153 -9.3406544 2.950068
-0.86136222 -9.3388414 2.9500682
-0.81847924 -9.3406067 2.9500685
-0.77461398 -9.3391056 2.950069
-0.73871398 -9.342226 2.9500692
-0.70209277 -9.3403482 2.9500692
-0.66473204 -9.3384323 2.9500692
-0.62523472 -9.3389788 2.9500694
-0.58770227 -9.3396749 2.9500697
-0.5494172 -9.3403997 2.9500697
-0.507429 -9.3409958 2.9500697
-0.46601009 -9.3389854 2.9500701
-0.42217442 -9.3395662 2.9500706
-0.89581037 -9.3000422 2.9500682
-0.86133939 -9.3001909 2.9500685
-0.81845927 -9.2998571 2.950069
-0.77459055 -9.2995081 2.950069
-0.73869014 -9.3022366 2.9500692
-0.70206892 -9.2999592 2.9500692
-0.66470784 -9.2976341 2.9500692
-0.62658709 -9.3004017 2.9500697
-0.58908314 -9.3007278 2.9500697
-0.54796028 -9.3008919 2.9500697
-0.50740397 -9.29848 2.9500697
-0.46449137 -9.2986069 2.9500701
-0.42520645 -9.3017254 2.9500701
-0.89486319 -9.2593107 2.950069
-0.86225581 -9.259202 2.9500685
-0.81843072 -9.2591066 2.9500692
-0.77456719 -9.2599087 2.950069
-0.73866618 -9.2622461 2.9500694
-0.70204502 -9.2595682 2.9500694
-0.66333735 -9.2592821 2.9500694
-0.62656277 -9.2591877 2.9500697
-0.5876562 -9.2616138 2.9500697
-0.54793537 -9.2588186 2.9500699
-0.50591671 -9.2585125 2.9500699
-0.4674589 -9.2612009 2.9500706
-0.42365515 -9.2609282 2.9500706
-0.8948406 -9.2210245 2.950069
-0.86129057 -9.2180691 2.950069
-0.81840754 -9.2199888 2.9500692
-0.77454352 -9.2203112 2.9500694
-0.73864269 -9.2222557 2.9500694
-0.70202112 -9.2191772 2.9500694
-0.66466248 -9.2211246 2.9500694
-0.62791538 -9.2206678 2.9500697
-0.58763152 -9.2199745 2.9500699
-0.54647869 -9.2192526 2.9500699
-0.50882208 -9.2215271 2.9500699
-0.46594 -9.2208214 2.9500709
-0.42210373 -9.2200851 2.9500709
-0.89389336 -9.1802502 2.9500685
-0.86126757 -9.1794186 2.9500692
-0.81838447 -9.1808691 2.9500692
-0.77452004 -9.1807127 2.9500694
-0.73861909 -9.1822653 2.9500694
-0.70199716 -9.1787872 2.9500694
-0.6646384 -9.1803265 2.9500694
-0.62651712 -9.1819229 2.9500697
-0.58760667 -9.1783352 2.9500699
-0.54788876 -9.1799173 2.9500699
-0.50733477 -9.1815605 2.9500701
-0.46591458 -9.1778536 2.9500709
-0.42513591 -9.1823359 2.9500709
-0.89479232 -9.1396589 2.9500692
-0.86124468 -9.1407671 2.9500692
-0.81969261 -9.1401463 2.9500694
-0.7744965 -9.1411142 2.9500697
-0.73859543 -9.1422749 2.9500697
-0.70197308 -9.1383972 2.9500697
-0.66461426 -9.1395283 2.9500697
-0.62649274 -9.1407089 2.9500701
-0.58617961 -9.1391468 2.9500706
-0.54929894 -9.140626 2.9500706
-0.50730944 -9.1390438 2.9500704
-0.46439579 -9.137414 2.9500711
-0.42358449 -9.1414938 2.9500711
-0.89569134 -9.0991011 2.9500692
-0.86122179 -9.1021156 2.9500692
-0.81833607 -9.0993853 2.9500694
-0.77545929 -9.099165 2.9500697
-0.73857176 -9.1022844 2.9500697
-0.70194924 -9.0980072 2.9500697
-0.66593945 -9.1014414 2.9500697
-0.6264683 -9.099494 2.9500701
-0.58756047 -9.1002474 2.9500704
-0.5478422 -9.1010427 2.9500704
-0.505822 -9.0990162 2.9500709
-0.46736363 -9.1001291 2.9500711
-0.42355859 -9.0980644 2.9500711
-0.89474416 -9.0583162 2.9500692
-0.86025679 -9.0609179 2.9500692
-0.81831288 -9.0602674 2.9500694
-0.7744469 -9.0569792 2.9500697
-0.73854792 -9.062294 2.9500697
-0.7019254 -9.0576162 2.9500697
-0.66456902 -9.0630445 2.9500697
-0.62644386 -9.05828 2.9500704
-0.58894145 -9.061389 2.9500706
-0.54781711 -9.0589705 2.9500706
-0.50872749 -9.0621519 2.9500709
-0.46584481 -9.0596895 2.9500711
-0.42353594 -9.0600615 2.9500711
-0.89472163 -9.020031 2.9500692
-0.86117327 -9.0199709 2.9500694
-0.81828994 -9.0211477 2.9500694
-0.7744233 -9.0173807 2.9500697
-0.73852426 -9.0223036 2.9500699
-0.70190144 -9.0172262 2.9500699
-0.6645447 -9.0222464 2.9500699
-0.62641948 -9.017065 2.9500704
-0.58751434 -9.0221863 2.9500709
-0.54636019 -9.01933 2.9500711
-0.50724024 -9.0221243 2.9500711
-0.46432573 -9.0192051 2.9500713
-0.4235135 -9.0220604 2.9500713
-0.89469886 -8.9817467 2.9500692
-0.86208987 -8.9790564 2.9500694
-0.81826669 -8.982028 2.9500694
-0.77439964 -8.9777832 2.9500699
-0.73850065 -8.9823122 2.9500699
-0.70187759 -8.9768362 2.9500699
-0.66452044 -8.9814472 2.9500704
-0.62502128 -8.978219 2.9500706
-0.5874896 -8.9805479 2.9500709
-0.54777038 -8.9800692 2.9500711
-0.50721514 -8.9796076 2.9500711
-0.46729341 -8.9820108 2.9500713
-0.42348784 -8.9786301 2.9500713
-0.8937518 -8.9409075 2.9500694
-0.86112463 -8.937849 2.9500694
-0.81690598 -8.9411774 2.9500694
-0.77437627 -8.9381847 2.9500699
-0.73847699 -8.9423218 2.9500699
-0.70185345 -8.9364452 2.9500704
-0.6644963 -8.94065 2.9500704
-0.62637377 -8.9397745 2.9500704
-0.58746481 -8.9389076 2.9500711
-0.54918045 -8.9408512 2.9500711
-0.50718975 -8.9370918 2.9500711
-0.4657746 -8.9415274 2.9500713
-0.42346549 -8.9406271 2.9500713
-0.89557236 -8.898159 2.9500697
-0.86110187 -8.8991976 2.9500697
-0.81821847 -8.9005136 2.9500697
-0.77435285 -8.8985863 2.9500704
-0.73845327 -8.9023323 2.9500704
-0.70182955 -8.8960552 2.9500704
-0.66447228 -8.8998508 2.9500709
-0.62772644 -8.901372 2.9500711
-0.58744013 -8.8972673 2.9500711
-0.54772377 -8.9011955 2.9500711
-0.5071677 -8.8998909 2.9500713
-0.46574914 -8.8985577 2.9500716
-0.42344293 -8.902626 2.9500716
-0.89462507 -8.8573217 2.9500697
-0.8610791 -8.8605471 2.9500697
-0.81819856 -8.8597641 2.9500697
-0.77432948 -8.8589878 2.9500704
-0.73842943 -8.8623409 2.9500706
-0.70048606 -8.8579435 2.9500706
-0.66444814 -8.8590527 2.9500709
-0.62632775 -8.8625097 2.9500711
-0.58601314 -8.8579769 2.9500711
-0.54769874 -8.8591223 2.9500713
-0.50714576 -8.862689 2.9500713
-0.4642303 -8.8580132 2.9500716
-0.423417 -8.8591957 2.9500716
-0.89460242 -8.8190365 2.9500697
-0.86105597 -8.8218956 2.9500697
-0.81817001 -8.8190155 2.9500701
-0.77430594 -8.8193893 2.9500706
-0.73840582 -8.8223515 2.9500706
-0.70178473 -8.8203106 2.9500709
-0.66442376 -8.8182554 2.9500709
-0.62630343 -8.8212948 2.9500711
-0.5887996 -8.822051 2.9500713
-0.54767376 -8.817049 2.9500713
-0.50712061 -8.8201733 2.9500713
-0.46719819 -8.82094 2.9500716
-0.42186543 -8.8181982 2.9500718
-0.89457989 -8.7807522 2.9500697
-0.8610329 -8.7832451 2.9500699
-0.81947839 -8.7784271 2.9500704
-0.77428252 -8.7797909 2.9500709
-0.73838216 -8.7823601 2.9500709
-0.70176089 -8.7799206 2.9500709
-0.6643995 -8.7774563 2.9500711
-0.62627912 -8.7800808 2.9500713
-0.58737242 -8.7827587 2.9500713
-0.54765189 -8.7802343 2.9500716
-0.50709552 -8.7776566 2.9500716
-0.46567911 -8.7803955 2.9500718
-0.42489782 -8.7807589 2.9500718
-0.89455676 -8.7424679 2.9500701
-0.86006767 -8.7419624 2.9500699
-0.81812191 -8.7375326 2.9500704
-0.77425903 -8.7401924 2.9500709
-0.7383585 -8.7423706 2.9500709
-0.70305961 -8.742342 2.9500709
-0.66437542 -8.7366581 2.9500711
-0.6262548 -8.7388659 2.9500713
-0.58734751 -8.7411194 2.9500716
-0.54763019 -8.7434206 2.9500716
-0.50707346 -8.7404556 2.9500716
-0.46565354 -8.7374258 2.9500718
-0.42334631 -8.7397623 2.9500718
-0.89360917 -8.7015667 2.9500704
-0.86192387 -8.6989117 2.9500704
-0.81809872 -8.6984129 2.9500706
-0.77423561 -8.7005939 2.9500711
-0.73833489 -8.7023802 2.9500711
-0.70171583 -8.7042007 2.9500711
-0.66435134 -8.6958599 2.9500711
-0.62623024 -8.6976519 2.9500713
-0.58732283 -8.6994801 2.9500716
-0.54760534 -8.7013464 2.9500716
-0.50705129 -8.7032537 2.9500716
-0.46563137 -8.6998291 2.9500723
-0.42179483 -8.6987181 2.9500718
-0.89543003 -8.6589441 2.9500711
-0.86095822 -8.657629 2.9500709
-0.81807524 -8.6592932 2.9500706
-0.7742123 -8.6609955 2.9500711
-0.73831105 -8.6623898 2.9500711
-0.70169199 -8.6638107 2.9500713
-0.66298085 -8.6572895 2.9500713
-0.62620562 -8.6564369 2.9500716
-0.58729833 -8.6578407 2.9500716
-0.54758042 -8.6592731 2.9500716
-0.50702596 -8.660737 2.9500718
-0.46560916 -8.6622314 2.9500723
-0.42482704 -8.6613703 2.9500721
-0.89448273 -8.618042 2.9500709
-0.86093485 -8.6189785 2.9500711
-0.81805223 -8.6201744 2.9500711
-0.77418888 -8.621398 2.9500711
-0.73828721 -8.6223993 2.9500713
-0.70166814 -8.6234207 2.9500713
-0.66565543 -8.6222334 2.9500713
-0.62618428 -8.6203737 2.9500716
-0.58727366 -8.6162014 2.9500716
-0.54755533 -8.6171999 2.9500718
-0.50700092 -8.6182213 2.9500718
-0.46558371 -8.6192627 2.9500723
-0.42327544 -8.6203279 2.9500728
-0.89446026 -8.5797567 2.9500711
-0.86091202 -8.580327 2.9500711
-0.81802893 -8.5810556 2.9500711
-0.77416521 -8.5817995 2.9500713
-0.73826361 -8.5824089 2.9500713
-0.7016443 -8.5830297 2.9500713
-0.66428471 -8.5836639 2.9500716
-0.62616301 -8.5843105 2.9500716
-0.5872522 -8.5797663 2.9500721
-0.54753339 -8.5803862 2.9500723
-0.50697893 -8.5810194 2.9500723
-0.4655582 -8.5762949 2.9500728
-0.42324972 -8.5768967 2.9500728
-0.89443767 -8.5414734 2.9500711
-0.86088932 -8.5416765 2.9500713
-0.8180055 -8.541935 2.9500713
-0.77414167 -8.5422001 2.9500713
-0.73823988 -8.5424185 2.9500716
-0.70162034 -8.5426397 2.9500713
-0.66426051 -8.5428658 2.9500716
-0.62613863 -8.5430956 2.9500718
-0.58723044 -8.5433321 2.9500721
-0.5475117 -8.5435724 2.9500723
-0.50695693 -8.5438175 2.9500723
-0.46553579 -8.5386963 2.950073
-0.42322728 -8.5388956 2.950073
-0.89441502 -8.5031881 2.9500711
-0.86086661 -8.5030251 2.9500711
-0.81798202 -8.5028162 2.9500713
-0.7741183 -8.5026016 2.9500713
-0.73821628 -8.5024281 2.9500716
-0.70159626 -8.5022488 2.9500716
-0.66423637 -8.5020676 2.9500716
-0.62611431 -8.5018816 2.9500716
-0.58720559 -8.5016918 2.9500723
-0.54748678 -8.5014982 2.9500723
-0.50693178 -8.5013018 2.9500725
-0.4655135 -8.5010996 2.950073
-0.42320478 -8.5008945 2.950073
-0.89438963 -8.4601183 2.9500713
-0.86084098 -8.4595423 2.9500713
-0.81795883 -8.4636965 2.9500716
-0.77409452 -8.4630041 2.9500716
-0.73819268 -8.4624376 2.9500716
-0.7015723 -8.4618587 2.9500716
-0.66421229 -8.4612684 2.9500716
-0.62608969 -8.4606667 2.9500721
-0.58718097 -8.4600525 2.9500728
-0.54746199 -8.459425 2.9500725
-0.50690651 -8.4587851 2.9500728
-0.46548811 -8.4581308 2.950073
-0.42317915 -8.4574633 2.950073
-0.89436418 -8.4170475 2.9500713
-0.86081529 -8.4160595 2.9500713
-0.81917495 -8.4211264 2.9500721
-0.77407074 -8.4234056 2.9500718
-0.73816884 -8.4224472 2.9500718
-0.70154846 -8.4214678 2.9500718
-0.66418815 -8.4204702 2.9500718
-0.62606525 -8.4194527 2.9500728
-0.58715641 -8.4184132 2.9500728
-0.54743695 -8.4173517 2.9500728
-0.50688124 -8.4162683 2.950073
-0.46546593 -8.4205332 2.950073
-0.42315647 -8.4194613 2.9500732
-0.89434159 -8.3787632 2.9500713
-0.8607924 -8.377408 2.9500713
-0.81657147 -8.3775139 2.9500718
-0.77404749 -8.3838072 2.9500718
-0.73814476 -8.3824558 2.9500723
-0.70152473 -8.3810787 2.9500716
-0.66416395 -8.3796721 2.9500718
-0.62604082 -8.3782377 2.9500728
-0.58713186 -8.3767738 2.9500728
-0.54741508 -8.380538 2.950073
-0.5068593 -8.3790674 2.950073
-0.46544376 -8.3829365 2.950073
-0.42313379 -8.3814592 2.9500732
-0.89431894 -8.3404779 2.9500713
-0.86076987 -8.3387585 2.9500713
-0.81788379 -8.3365583 2.9500721
-0.77402401 -8.3442097 2.9500723
-0.73812068 -8.3424644 2.9500728
-0.70150077 -8.3406878 2.9500718
-0.66413975 -8.3388739 2.9500723
-0.6260165 -8.3370228 2.950073
-0.58851236 -8.3374386 2.950073
-0.5473932 -8.3437233 2.950073
-0.50683731 -8.3418646 2.950073
-0.4654181 -8.3399677 2.9500732
-0.4231081 -8.338028 2.9500732
-0.89429629 -8.3021936 2.9500713
-0.86074686 -8.300107 2.9500716
-0.81786078 -8.2974386 2.9500716
-0.77498651 -8.3019257 2.9500723
-0.73809707 -8.302475 2.9500728
-0.70147616 -8.3002968 2.9500728
-0.66411561 -8.2980757 2.9500723
-0.62736893 -8.2981043 2.950073
-0.58568323 -8.3015995 2.950073
-0.54736841 -8.30165 2.950073
-0.50681221 -8.2993488 2.950073
-0.46539247 -8.296999 2.9500735
-0.42308578 -8.3000269 2.9500735
-0.89519525 -8.2613249 2.9500713
-0.86072409 -8.2614555 2.9500716
-0.81783772 -8.2583199 2.9500721
-0.7739743 -8.2600746 2.9500723
-0.73807347 -8.2624846 2.9500728
-0.70145202 -8.2599068 2.950073
-0.66409165 -8.2572775 2.9500723
-0.62459701 -8.2626019 2.950073
-0.58706379 -8.2622643 2.950073
-0.54734349 -8.2595778 2.950073
-0.50678688 -8.2568331 2.9500732
-0.4653703 -8.2594023 2.9500735
-0.42306328 -8.2620249 2.9500735
-0.8933239 -8.2186384 2.9500716
-0.8607012 -8.222805 2.9500716
-0.81781483 -8.2192011 2.9500721
-0.77395093 -8.2204752 2.9500728
-0.73804986 -8.2224941 2.950073
-0.70142817 -8.2195168 2.9500728
-0.66406709 -8.2164783 2.9500728
-0.62594914 -8.2236824 2.9500732
-0.58703923 -8.2206249 2.9500732
-0.5473187 -8.2175035 2.9500732
-0.50676465 -8.2196312 2.9500735
-0.46534809 -8.2218037 2.9500735
-0.42303759 -8.2185946 2.9500735
-0.89422286 -8.1777687 2.9500716
-0.86161774 -8.1815643 2.9500716
-0.81779146 -8.1800814 2.9500721
-0.77293873 -8.1785774 2.9500728
-0.73802626 -8.1825037 2.950073
-0.70140433 -8.1791267 2.950073
-0.6653915 -8.1779957 2.950073
-0.62592477 -8.1824684 2.9500732
-0.58701462 -8.1789856 2.9500732
-0.54872823 -8.1778183 2.9500732
-0.50674266 -8.1824293 2.9500735
-0.4653227 -8.1788359 2.9500735
-0.42301491 -8.1805925 2.950074
-0.89420038 -8.1394844 2.9500716
-0.85971069 -8.1384277 2.9500716
-0.81776851 -8.1409616 2.9500721
-0.77390128 -8.1363173 2.9500728
-0.73800266 -8.1425133 2.950073
-0.70138049 -8.1387348 2.950073
-0.66402137 -8.1399946 2.950073
-0.62590015 -8.1412525 2.9500732
-0.58699 -8.1373463 2.9500732
-0.54584002 -8.1414871 2.9500735
-0.50671756 -8.1399136 2.9500735
-0.46679372 -8.1383209 2.9500735
-0.42299223 -8.1425905 2.9500737
-0.89417779 -8.1011992 2.9500716
-0.86062717 -8.097188 2.9500718
-0.81774545 -8.1018419 2.9500725
-0.7738778 -8.0967188 2.950073
-0.73797917 -8.1025229 2.950073
-0.70135665 -8.0983458 2.9500732
-0.66265118 -8.1019526 2.9500732
-0.62587541 -8.1000385 2.9500737
-0.58837062 -8.0980997 2.9500735
-0.54724985 -8.1018019 2.9500735
-0.50669247 -8.0973969 2.9500735
-0.46378163 -8.1011868 2.9500744
-0.4229666 -8.0991611 2.9500742
-0.89507675 -8.0603819 2.9500716
-0.86060429 -8.0585375 2.9500718
-0.81905359 -8.0610209 2.9500728
-0.77385443 -8.0571213 2.950073
-0.73795569 -8.0625324 2.950073
-0.70133269 -8.0579548 2.950073
-0.66397625 -8.0634842 2.9500732
-0.62585104 -8.0588245 2.9500737
-0.58554119 -8.0620832 2.9500735
-0.547225 -8.0597286 2.9500735
-0.50813234 -8.0573397 2.9500735
-0.46525246 -8.0606718 2.9500742
-0.42446965 -8.0582409 2.9500744
-0.89412975 -8.0198555 2.9500716
-0.86058152 -8.019886 2.9500718
-0.81769729 -8.02036 2.9500725
-0.77383113 -8.0175228 2.950073
-0.73793203 -8.022541 2.950073
-0.70130879 -8.0175648 2.9500732
-0.66395211 -8.022687 2.9500732
-0.6258266 -8.0176086 2.9500737
-0.58692163 -8.0228367 2.9500737
-0.54720014 -8.0176554 2.9500737
-0.5051831 -8.0205355 2.9500737
-0.46522704 -8.017704 2.9500744
-0.42139292 -8.0206461 2.9500744
-0.89318264 -7.9792957 2.9500718
-0.86055851 -7.9812355 2.9500723
-0.81767756 -7.97961 2.9500728
-0.77380764 -7.9779234 2.950073
-0.7379083 -7.9825516 2.9500732
-0.70128512 -7.9771743 2.9500732
-0.66392803 -7.9818878 2.9500735
-0.62717915 -7.9788055 2.950074
-0.58689678 -7.9811974 2.9500742
-0.54860973 -7.978044 2.9500737
-0.50662297 -7.9804773 2.9500742
-0.46669811 -7.9772501 2.9500747
-0.42289597 -7.9797263 2.9500747
-0.89408159 -7.938489 2.9500718
-0.86053574 -7.942585 2.9500723
-0.81764919 -7.9388604 2.950073
-0.77378434 -7.9383254 2.950073
-0.73788476 -7.9425611 2.9500732
-0.70126128 -7.9367838 2.9500732
-0.66390395 -7.9410896 2.9500735
-0.62578106 -7.9403448 2.9500742
-0.58687222 -7.9395576 2.9500744
-0.54572123 -7.9415641 2.9500747
-0.50659788 -7.9379616 2.9500742
-0.46368629 -7.9399934 2.9500747
-0.42439887 -7.9388533 2.9500749
-0.89405912 -7.9002047 2.9500718
-0.86145228 -7.9014196 2.9500723
-0.81762624 -7.8997416 2.950073
-0.77376091 -7.8987269 2.950073
-0.73786116 -7.9025707 2.9500732
-0.70255977 -7.8987856 2.9500732
-0.66387981 -7.9002914 2.9500735
-0.62575674 -7.8991308 2.9500742
-0.58684754 -7.8979177 2.9500744
-0.5471307 -7.9019537 2.9500747
-0.50803769 -7.897964 2.9500744
-0.46515715 -7.8995399 2.9500747
-0.42132196 -7.9011655 2.9500749
-0.89403641 -7.8619204 2.9500723
-0.86048734 -7.8604631 2.9500728
-0.81760293 -7.8606224 2.950073
-0.77373755 -7.8591285 2.9500732
-0.73783749 -7.8625803 2.9500732
-0.70121658 -7.8610649 2.9500735
-0.66385573 -7.8594933 2.9500735
-0.62435859 -7.8606124 2.9500744
-0.5882284 -7.8587599 2.9500747
-0.54710591 -7.85988 2.9500749
-0.50508839 -7.8610392 2.9500747
-0.46662802 -7.8591309 2.9500749
-0.42282507 -7.8602924 2.9500749
-0.89493537 -7.821166 2.9500723
-0.85952228 -7.8194723 2.9500728
-0.81624246 -7.8198547 2.950073
-0.77371407 -7.81953 2.9500732
-0.73781395 -7.8225899 2.9500732
-0.7011928 -7.8206739 2.9500735
-0.66383159 -7.8186951 2.9500735
-0.62571108 -7.8218389 2.9500744
-0.58680153 -7.8198576 2.9500747
-0.54708117 -7.8178067 2.9500749
-0.50652784 -7.8210411 2.9500749
-0.46361598 -7.821785 2.9500749
-0.42432818 -7.8194647 2.9500749
-0.89398837 -7.7805762 2.9500723
-0.8604387 -7.7783179 2.9500728
-0.81755495 -7.7791076 2.950073
-0.7736907 -7.779932 2.9500732
-0.73779035 -7.7825994 2.9500732
-0.70116889 -7.7802839 2.9500737
-0.66380751 -7.7778964 2.9500735
-0.62568671 -7.7806253 2.9500744
-0.58537453 -7.7809129 2.9500747
-0.54849118 -7.7782702 2.9500749
-0.50650275 -7.7785254 2.9500751
-0.46508667 -7.7813764 2.9500751
-0.42125136 -7.7816858 2.9500751
-0.89304131 -7.739953 2.9500728
-0.86041582 -7.7396665 2.950073
-0.81753188 -7.7399883 2.9500732
-0.77366745 -7.7403336 2.9500735
-0.73776662 -7.7426081 2.9500735
-0.70114505 -7.7398934 2.9500735
-0.66513264 -7.7395716 2.9500737
-0.62566233 -7.7394099 2.9500747
-0.58675539 -7.7417688 2.9500749
-0.54560298 -7.741642 2.9500749
-0.5079428 -7.7385874 2.9500751
-0.4650608 -7.7384076 2.9500754
-0.42275432 -7.7408581 2.9500751
-0.89394033 -7.6992097 2.9500728
-0.86039305 -7.7010155 2.950073
-0.81884003 -7.6993017 2.9500732
-0.77364409 -7.7007351 2.9500735
-0.73774302 -7.7026181 2.9500735
-0.70112121 -7.6995029 2.9500735
-0.66376239 -7.7014122 2.9500737
-0.62563813 -7.698195 2.9500747
-0.58673072 -7.7001305 2.9500749
-0.54701293 -7.7021046 2.9500749
-0.50499362 -7.7015433 2.9500751
-0.46653178 -7.6980615 2.9500754
-0.42425707 -7.7000761 2.9500754
-0.89391762 -7.6609249 2.9500728
-0.86130947 -7.6599154 2.950073
-0.81748372 -7.6585059 2.9500732
-0.77362072 -7.6611366 2.9500735
-0.73771948 -7.6626282 2.9500735
-0.70109737 -7.6591129 2.9500737
-0.66373831 -7.6606135 2.9500737
-0.62699074 -7.6595087 2.9500747
-0.58670622 -7.6584907 2.9500749
-0.54698813 -7.6600323 2.9500751
-0.50643373 -7.6616058 2.9500751
-0.46351984 -7.6605911 2.9500756
-0.42270559 -7.659441 2.9500759
-0.8948167 -7.620225 2.950073
-0.86034465 -7.6188941 2.950073
-0.81746054 -7.6193862 2.9500732
-0.77359736 -7.6215382 2.9500735
-0.73769575 -7.6226373 2.9500737
-0.70107341 -7.6187224 2.9500737
-0.66371417 -7.6198158 2.9500742
-0.62559259 -7.6209302 2.9500747
-0.58808702 -7.6194196 2.9500751
-0.54839814 -7.6205535 2.9500751
-0.50640857 -7.6190896 2.9500754
-0.46499088 -7.6202435 2.9500756
-0.42115402 -7.6187587 2.9500759
-0.89386976 -7.5795822 2.950073
-0.86032188 -7.5802431 2.950073
-0.81743747 -7.5802665 2.9500732
-0.77357399 -7.5819402 2.9500735
-0.73867786 -7.5801339 2.9500737
-0.70104969 -7.5783324 2.950074
-0.66369009 -7.5790176 2.9500742
-0.62556833 -7.5797167 2.9500749
-0.58666015 -7.58043 2.9500751
-0.54694158 -7.5811577 2.9500751
-0.50784862 -7.5792117 2.9500754
-0.46646222 -7.5799417 2.9500756
-0.42418602 -7.5806885 2.9500759
-0.89384699 -7.5412974 2.950073
-0.86029899 -7.5415921 2.950073
-0.81741452 -7.5411472 2.9500732
-0.77453667 -7.5398655 2.9500737
-0.73764575 -7.5376701 2.9500737
-0.7010259 -7.5379415 2.9500742
-0.66366601 -7.5382185 2.9500744
-0.62554395 -7.5385017 2.9500749
-0.58663547 -7.5387902 2.9500751
-0.54691672 -7.5390849 2.9500751
-0.50636148 -7.5393858 2.9500754
-0.46494362 -7.5396929 2.9500756
-0.42263472 -7.5400062 2.9500761
-0.89290005 -7.5006123 2.950073
-0.85933399 -7.5005169 2.9500732
-0.81739467 -7.5003977 2.9500732
-0.77352428 -7.4978051 2.9500737
-0.73762238 -7.4976797 2.9500737
-0.69968235 -7.5000653 2.9500744
-0.66229576 -7.4999604 2.9500747
-0.62414569 -7.4998522 2.9500749
-0.58520854 -7.499742 2.9500751
-0.5454601 -7.4996305 2.9500754
-0.50487435 -7.4995151 2.9500754
-0.46342486 -7.4993982 2.9500756
-0.42108342 -7.4992785 2.9500766
-0.89379907 -7.4599309 2.950073
-0.86025047 -7.4594469 2.9500732
-0.8231588 -7.4608221 2.9500735
-0.78072494 -7.4576397 2.9500735
-0.73759866 -7.4576888 2.9500737
-0.70098102 -7.4621968 2.9500744
-0.66362083 -7.4617085 2.9500747
-0.62549829 -7.4612103 2.9500751
-0.58658934 -7.4607019 2.9500751
-0.54687011 -7.4601831 2.9500754
-0.5063144 -7.4596529 2.9500754
-0.46489596 -7.4591126 2.9500759
-0.42411548 -7.4612999 2.9500766
-0.89469802 -7.4192829 2.9500732
-0.8602277 -7.4207954 2.9500732
-0.82603049 -7.419929 2.9500732
-0.78230786 -7.4196491 2.9500735
-0.73757499 -7.4176989 2.9500737
-0.70095718 -7.4218068 2.9500747
-0.66359675 -7.4209104 2.9500747
-0.62547398 -7.4199953 2.9500751
-0.58656508 -7.4190631 2.9500751
-0.54828018 -7.4207797 2.9500754
-0.5077545 -7.4198356 2.9500754
-0.46636719 -7.4188714 2.9500759
-0.42256415 -7.4205723 2.9500766
-0.89375103 -7.3785868 2.9500732
-0.8611443 -7.3797703 2.9500732
-0.82600772 -7.3809042 2.9500735
-0.78228456 -7.3801475 2.950074
-0.73755145 -7.377708 2.9500742
-0.70093346 -7.3814163 2.9500747
-0.66357267 -7.3801117 2.9500749
-0.62544966 -7.3787818 2.9500751
-0.58794594 -7.3800802 2.9500754
-0.5468235 -7.3813095 2.9500754
-0.50626731 -7.3799496 2.9500756
-0.46484843 -7.3785605 2.9500761
-0.42101279 -7.3797984 2.9500768
-0.89372838 -7.3403025 2.9500732
-0.86017919 -7.3386736 2.9500732
-0.82694221 -7.3394928 2.9500735
-0.78226113 -7.3406448 2.950074
-0.73752779 -7.337718 2.9500742
-0.7009095 -7.3410254 2.9500747
-0.66354847 -7.3393135 2.9500749
-0.62680233 -7.3402114 2.9500751
-0.58651888 -7.341002 2.9500754
-0.54679871 -7.3392363 2.9500754
-0.50478017 -7.3400192 2.9500756
-0.46332964 -7.3382049 2.9500759
-0.42404512 -7.3419118 2.9500766
-0.89370573 -7.3020182 2.9500732
-0.86015642 -7.3000231 2.9500735
-0.82595873 -7.2979889 2.9500735
-0.78223783 -7.3011432 2.950074
-0.73750412 -7.2977276 2.9500747
-0.70088565 -7.3006353 2.9500747
-0.66352451 -7.2985153 2.9500749
-0.625404 -7.3015165 2.9500751
-0.58649433 -7.2993627 2.9500754
-0.54534203 -7.2997065 2.9500756
-0.50622022 -7.3002172 2.9500761
-0.46629742 -7.3007531 2.9500766
-0.42249393 -7.3011379 2.9500766
-0.89275867 -7.2612696 2.9500735
-0.86013353 -7.2613716 2.9500735
-0.82593572 -7.2589645 2.9500735
-0.78221446 -7.261641 2.9500744
-0.73748058 -7.2577372 2.9500747
-0.70086181 -7.2602453 2.9500749
-0.66484988 -7.2603636 2.9500749
-0.62537968 -7.2603025 2.9500754
-0.58646977 -7.2577229 2.9500754
-0.5467521 -7.2603345 2.9500756
-0.50766039 -7.2604589 2.9500759
-0.46477866 -7.260397 2.9500768
-0.42094257 -7.2603188 2.9500768
-0.8936578 -7.2206521 2.9500735
-0.85916847 -7.2202215 2.9500735
-0.82591265 -7.2199397 2.9500735
-0.78354865 -7.2204828 2.9500742
-0.73745692 -7.2177467 2.9500747
-0.70083785 -7.2198544 2.9500749
-0.66347945 -7.2220311 2.9500749
-0.62535536 -7.2190876 2.9500751
-0.58504283 -7.2185712 2.9500754
-0.5481621 -7.2210054 2.9500756
-0.50617313 -7.2205133 2.9500761
-0.46325988 -7.2199965 2.9500768
-0.42397469 -7.2225232 2.9500768
-0.89455688 -7.1800671 2.9500735
-0.86008501 -7.1792269 2.9500737
-0.82588959 -7.1809154 2.9500737
-0.782166 -7.1793613 2.9500749
-0.73743331 -7.1777558 2.9500749
-0.70081413 -7.1794643 2.9500751
-0.66345537 -7.1812325 2.9500751
-0.62533098 -7.1778731 2.9500754
-0.58642364 -7.1796355 2.9500754
-0.54670548 -7.1814604 2.9500759
-0.50614834 -7.1779971 2.9500761
-0.46473104 -7.1798167 2.9500768
-0.42242336 -7.1817045 2.9500771
-0.89360976 -7.139308 2.9500735
-0.86006224 -7.1405754 2.9500735
-0.82586658 -7.141891 2.9500737
-0.78214264 -7.1398602 2.9500749
-0.73740971 -7.1377654 2.9500749
-0.70079029 -7.1390738 2.9500751
-0.66343129 -7.1404347 2.9500751
-0.62393266 -7.139092 2.9500756
-0.5878045 -7.1407409 2.9500756
-0.54668057 -7.1393881 2.9500761
-0.50466102 -7.1379919 2.9500759
-0.46620229 -7.1396823 2.9500768
-0.4223977 -7.1382737 2.9500771
-0.89358711 -7.1010227 2.9500735
-0.86097884 -7.0996242 2.9500735
-0.82584369 -7.1028671 2.9500737
-0.78211933 -7.1003575 2.9500749
-0.73738611 -7.0977745 2.9500749
-0.70208889 -7.1013598 2.9500751
-0.66340721 -7.0996361 2.9500751
-0.62528539 -7.1005816 2.9500756
-0.5863775 -7.1015739 2.9500756
-0.54665577 -7.0973144 2.9500761
-0.50756657 -7.1010833 2.9500766
-0.4646835 -7.0992651 2.9500768
-0.42084625 -7.0973916 2.9500771
-0.93878627 -7.0720787 2.9287617
-0.90180582 -7.0733328 2.9381709
-0.85857189 -7.0723586 2.9363947
-0.82359236 -7.0746374 2.9425542
-0.78437084 -7.0732756 2.9389527
-0.73454374 -7.072381 2.9380405
-0.69866574 -7.0746474 2.9421256
-0.65939397 -7.0725937 2.9369111
-0.62230396 -7.0736876 2.9413466
-0.57948142 -7.0729465 2.9380629
-0.53585392 -7.0722213 2.9399216
-0.50671101 -7.0740561 2.9401975
-0.46239138 -7.0723433 2.9366415
-0.422903 -7.0733109 2.9389455
0 0 0 1 0 0 0 1 0 0 0 1 0 0 0 0 0 11916 1 0 0
