ply
format ascii 1.0
comment PCL generated
element vertex 10114
property float x
property float y
property float z
element face 0
element camera 1
property float view_px
property float view_py
property float view_pz
property float x_axisx
property float x_axisy
property float x_axisz
property float y_axisx
property float y_axisy
property float y_axisz
property float z_axisx
property float z_axisy
property float z_axisz
property float focal
property float scalex
property float scaley
property float centerx
property float centery
property int viewportx
property int viewporty
property float k1
property float k2
end_header
-6.4475412 -12.589862 -1.4543533e-05
-6.4206543 -12.589198 -1.4483929e-05
-6.377634 -12.588135 -1.4424324e-05
-6.3399911 -12.587204 -1.4464061e-05
-6.4467487 -12.544794 -1.4603138e-05
-6.4201684 -12.544137 -1.4558434e-05
-6.3776402 -12.543087 -1.4543533e-05
-6.3404274 -12.542168 -1.4543533e-05
-6.303215 -12.541247 -1.4483929e-05
-6.2606869 -12.540197 -1.4483929e-05
-6.2181582 -12.539145 -1.4364719e-05
-6.1809464 -12.538227 -1.4364719e-05
-6.143734 -12.537308 -1.4364719e-05
-6.1012053 -12.536257 -1.4364719e-05
-6.0586772 -12.535207 -1.4364719e-05
-6.0161486 -12.534155 -1.424551e-05
-5.9789367 -12.533237 -1.424551e-05
-5.9417243 -12.532316 -1.4215708e-05
-5.8991961 -12.531267 -1.4185905e-05
-5.8566675 -12.530216 -1.4156103e-05
-5.8194556 -12.529296 -1.4066696e-05
-5.7822428 -12.528377 -1.4066696e-05
-5.7397146 -12.527326 -1.4036894e-05
-5.6971865 -12.526275 -1.4007092e-05
-5.6599746 -12.525356 -1.4007092e-05
-5.6227622 -12.524436 -1.3887882e-05
-5.5802341 -12.523386 -1.3887882e-05
-5.5377054 -12.522335 -1.3828278e-05
-5.5004926 -12.521416 -1.3828278e-05
-5.4632807 -12.520496 -1.3813376e-05
-3.6996465 -12.521971 -1.232326e-05
-3.6566267 -12.520908 -1.2338161e-05
-3.6297393 -12.520245 -1.2338161e-05
-6.4459734 -12.500744 -1.4603138e-05
-6.4196939 -12.500095 -1.4603138e-05
-6.3776455 -12.499056 -1.4603138e-05
-6.3408542 -12.498147 -1.4543533e-05
-6.3040619 -12.497238 -1.4543533e-05
-6.2620139 -12.4962 -1.4513731e-05
-6.2199664 -12.49516 -1.4424324e-05
-6.1779184 -12.494122 -1.4424324e-05
-6.1358709 -12.493084 -1.4409423e-05
-6.0990791 -12.492175 -1.4424324e-05
-6.0622873 -12.491265 -1.4364719e-05
-6.0202389 -12.490227 -1.4305115e-05
-5.9781914 -12.489187 -1.4305115e-05
-5.9361434 -12.488149 -1.4230609e-05
-5.8993516 -12.48724 -1.424551e-05
-5.8625603 -12.48633 -1.4185905e-05
-5.8205128 -12.485292 -1.4126301e-05
-5.7784643 -12.484253 -1.4096498e-05
-5.7364168 -12.483213 -1.4051795e-05
-5.699625 -12.482305 -1.4066696e-05
-5.6628332 -12.481396 -1.3977289e-05
-5.6260414 -12.480488 -1.3947487e-05
-5.4207525 -12.519445 -1.3768673e-05
-5.3782248 -12.518395 -1.3768673e-05
-5.3410125 -12.517475 -1.3709068e-05
-5.3038001 -12.516556 -1.3709068e-05
-5.261272 -12.515505 -1.3679266e-05
-5.2187433 -12.514454 -1.3589859e-05
-5.1762156 -12.513404 -1.3589859e-05
-5.1390033 -12.512485 -1.3490518e-05
-5.1017909 -12.511565 -1.3530254e-05
-5.0592628 -12.510514 -1.3500452e-05
-5.0167346 -12.509464 -1.3411045e-05
-4.9795222 -12.508545 -1.3411045e-05
-4.9423103 -12.507626 -1.3381243e-05
-4.8997822 -12.506574 -1.3411045e-05
-4.8572536 -12.505524 -1.335144e-05
-4.8200417 -12.504604 -1.3291836e-05
-4.7828293 -12.503684 -1.3291836e-05
-4.7403007 -12.502634 -1.3187528e-05
-4.6977725 -12.501583 -1.3232231e-05
-4.6605606 -12.500664 -1.3192494e-05
-4.6233482 -12.499744 -1.3113022e-05
-4.5808201 -12.498694 -1.3113022e-05
-4.5382919 -12.497644 -1.3008714e-05
-4.50108 -12.496723 -1.3053417e-05
-4.4638677 -12.495805 -1.3023615e-05
-4.4213395 -12.494754 -1.2993813e-05
-4.3788114 -12.493703 -1.2993813e-05
-4.3362832 -12.492652 -1.2874603e-05
-4.2990718 -12.491734 -1.2934208e-05
-4.2618589 -12.490813 -1.2874603e-05
-4.2193308 -12.489763 -1.2814999e-05
-4.1768026 -12.488712 -1.2785196e-05
-4.1395907 -12.487793 -1.2695789e-05
-4.1023788 -12.486874 -1.2740493e-05
-4.0598507 -12.485823 -1.2695789e-05
-4.0173225 -12.484773 -1.2636185e-05
-3.9801102 -12.483852 -1.2636185e-05
-3.9428983 -12.482934 -1.2516975e-05
-3.9003701 -12.481882 -1.2561679e-05
-3.857842 -12.480831 -1.2487173e-05
-3.8312619 -12.480175 -1.2457371e-05
-3.6136069 -12.519846 -1.2218952e-05
-3.5974746 -12.519447 -1.2218952e-05
-6.4452152 -12.45768 -1.4662743e-05
-6.4192295 -12.457037 -1.4662743e-05
-6.3776512 -12.456011 -1.463294e-05
-6.3360729 -12.454983 -1.4603138e-05
-6.2996926 -12.454083 -1.4603138e-05
-6.2633119 -12.453186 -1.4558434e-05
-6.221734 -12.452158 -1.4543533e-05
-6.1801558 -12.451131 -1.4513731e-05
-6.1385775 -12.450104 -1.4469028e-05
-6.0970001 -12.449078 -1.4483929e-05
-6.0606194 -12.448178 -1.4364719e-05
-6.0242386 -12.447279 -1.4364719e-05
-5.9826603 -12.446252 -1.4305115e-05
-5.941083 -12.445224 -1.4290214e-05
-5.8995047 -12.444197 -1.4305115e-05
-5.8579264 -12.44317 -1.4185905e-05
-5.8163486 -12.442142 -1.4185905e-05
-5.7799683 -12.441243 -1.4146169e-05
-5.7487845 -12.440473 -1.4146169e-05
-5.6050177 -12.479968 -1.3947487e-05
-5.5787377 -12.479319 -1.3917685e-05
-5.5366898 -12.478279 -1.385808e-05
-5.4998984 -12.477371 -1.3887882e-05
-5.4631062 -12.476461 -1.3843179e-05
-5.4210591 -12.475423 -1.3828278e-05
-5.3790112 -12.474384 -1.3768673e-05
-5.3369632 -12.473346 -1.3738871e-05
-5.3001723 -12.472438 -1.3768673e-05
-5.2633801 -12.471527 -1.3723969e-05
-5.2213326 -12.470489 -1.3709068e-05
-5.1792846 -12.469449 -1.3649464e-05
-5.1372366 -12.46841 -1.3619661e-05
-5.1004453 -12.467503 -1.3649464e-05
-5.0636535 -12.466593 -1.3530254e-05
-5.0216055 -12.465553 -1.3530254e-05
-4.9795585 -12.464516 -1.347065e-05
-4.93751 -12.463476 -1.3425946e-05
-4.9007187 -12.462567 -1.347065e-05
-4.8639269 -12.461658 -1.335144e-05
-4.8218794 -12.460619 -1.335144e-05
-4.7798319 -12.45958 -1.3306737e-05
-4.7377844 -12.458542 -1.3306737e-05
-4.7009921 -12.457633 -1.3311704e-05
-4.6642003 -12.456724 -1.3232231e-05
-4.6221528 -12.455685 -1.3232231e-05
-4.5801053 -12.454647 -1.3142824e-05
-4.5380578 -12.453608 -1.3127923e-05
-4.4960103 -12.452568 -1.3113022e-05
-4.4592185 -12.45166 -1.3053417e-05
-4.4224267 -12.45075 -1.3053417e-05
-4.3803787 -12.449711 -1.2934208e-05
-4.3383317 -12.448673 -1.2934208e-05
-4.2962842 -12.447634 -1.2934208e-05
-4.2594919 -12.446724 -1.2874603e-05
-4.2227006 -12.445816 -1.2874603e-05
-4.1806526 -12.444777 -1.2814999e-05
-4.1386051 -12.443739 -1.2814999e-05
-4.0965581 -12.442699 -1.2785196e-05
-4.0597663 -12.441791 -1.2755394e-05
-4.0229745 -12.440882 -1.2725592e-05
-3.9966946 -12.440232 -1.2636185e-05
-3.8153138 -12.479781 -1.2457371e-05
-3.7834177 -12.478992 -1.244247e-05
-3.7408895 -12.477942 -1.2397766e-05
-3.6983619 -12.476892 -1.244247e-05
-3.6611493 -12.475972 -1.2377898e-05
-3.6239376 -12.475053 -1.2338161e-05
-3.5973573 -12.474396 -1.2338161e-05
-6.4444747 -12.415566 -1.4722347e-05
-6.4187756 -12.414932 -1.4722347e-05
-6.3776569 -12.413916 -1.4662743e-05
-6.3365383 -12.412899 -1.4662743e-05
-6.3005595 -12.412011 -1.4662743e-05
-6.2645807 -12.411121 -1.4543533e-05
-6.2234621 -12.410107 -1.4543533e-05
-6.1823444 -12.40909 -1.449883e-05
-6.1412249 -12.408073 -1.4528632e-05
-6.1001072 -12.407058 -1.4513731e-05
-6.0589876 -12.406043 -1.4424324e-05
-6.0178699 -12.405027 -1.4424324e-05
-5.9767509 -12.404011 -1.4305115e-05
-5.9356322 -12.402994 -1.4349818e-05
-5.899653 -12.402106 -1.4285247e-05
-5.8636742 -12.401217 -1.424551e-05
-5.8276958 -12.400327 -1.424551e-05
-5.7279954 -12.43996 -1.4185905e-05
-5.7020092 -12.439318 -1.4156103e-05
-5.6604319 -12.438292 -1.4066696e-05
-5.6188536 -12.437263 -1.4066696e-05
-5.5772753 -12.436235 -1.3947487e-05
-5.5356975 -12.435209 -1.3977289e-05
-5.4993167 -12.43431 -1.3967355e-05
-5.4629364 -12.433411 -1.3887882e-05
-5.4213581 -12.432384 -1.3887882e-05
-5.3797803 -12.431356 -1.3768673e-05
-5.3382025 -12.430329 -1.3798475e-05
-5.2966247 -12.429302 -1.3783574e-05
-5.2602439 -12.428403 -1.3768673e-05
-5.2238631 -12.427505 -1.3768673e-05
-5.1822853 -12.426477 -1.3649464e-05
-5.1407075 -12.42545 -1.3664365e-05
-5.0991292 -12.424422 -1.3619661e-05
-5.0575514 -12.423396 -1.3589859e-05
-5.0159736 -12.422369 -1.3530254e-05
-4.9795933 -12.421471 -1.347065e-05
-4.9432125 -12.42057 -1.3485551e-05
-4.9016347 -12.419544 -1.3411045e-05
-4.8600569 -12.418516 -1.3411045e-05
-4.8184786 -12.417489 -1.335144e-05
-4.7769012 -12.416462 -1.3291836e-05
-4.7405205 -12.415563 -1.3291836e-05
-4.7041397 -12.414665 -1.3291836e-05
-4.6625619 -12.413637 -1.3291836e-05
-4.6209841 -12.41261 -1.3202428e-05
-4.5794063 -12.411583 -1.3172626e-05
-4.5378284 -12.410555 -1.3172626e-05
-4.4962506 -12.409529 -1.3172626e-05
-4.4598699 -12.40863 -1.3172626e-05
-4.4234891 -12.407731 -1.308322e-05
-4.3819113 -12.406704 -1.3053417e-05
-4.3403339 -12.405676 -1.2993813e-05
-4.2987561 -12.404649 -1.2993813e-05
-4.2571783 -12.403622 -1.2978911e-05
-4.2156 -12.402595 -1.2934208e-05
-4.1792197 -12.401695 -1.2934208e-05
-4.142839 -12.400798 -1.2874603e-05
-4.1168528 -12.400154 -1.2874603e-05
-3.9756708 -12.439713 -1.2636185e-05
-3.9388793 -12.438805 -1.2636185e-05
-3.8968318 -12.437765 -1.2606382e-05
-3.8600399 -12.436855 -1.257658e-05
-3.8232484 -12.435947 -1.2546778e-05
-3.7812009 -12.434908 -1.2457371e-05
-3.7391534 -12.43387 -1.2457371e-05
-3.6971059 -12.432831 -1.244247e-05
-3.6603138 -12.431922 -1.2457371e-05
-3.6235223 -12.431013 -1.2427568e-05
-3.5972428 -12.430363 -1.2338161e-05
-6.4437499 -12.374373 -1.4841557e-05
-6.4183311 -12.373745 -1.4841557e-05
-6.3776622 -12.372741 -1.4722347e-05
-6.3369932 -12.371737 -1.4781952e-05
-6.2963238 -12.370731 -1.4722347e-05
-6.2556548 -12.369726 -1.4662743e-05
-6.2200694 -12.368847 -1.4662743e-05
-6.1844831 -12.367968 -1.4543533e-05
-6.1438141 -12.366963 -1.4588237e-05
-6.1031456 -12.365957 -1.4558434e-05
-6.0624762 -12.364953 -1.4543533e-05
-6.0218067 -12.363949 -1.4483929e-05
-5.9811382 -12.362944 -1.4424324e-05
-5.9404683 -12.361939 -1.4469028e-05
-5.8997998 -12.360935 -1.4364719e-05
-5.8692975 -12.36018 -1.4364719e-05
-5.8071365 -12.39982 -1.4126301e-05
-5.7814379 -12.399185 -1.4126301e-05
-5.7403193 -12.398169 -1.4156103e-05
-5.6992011 -12.397152 -1.4141202e-05
-5.658082 -12.396137 -1.4126301e-05
-5.6169639 -12.395122 -1.4066696e-05
-5.5758448 -12.394106 -1.4007092e-05
-5.539866 -12.393216 -1.4046828e-05
-5.5038881 -12.392327 -1.3947487e-05
-5.4627695 -12.391312 -1.3947487e-05
-5.4216509 -12.390297 -1.3887882e-05
-5.3805323 -12.389279 -1.3828278e-05
-5.3394146 -12.388264 -1.3843179e-05
-5.2982955 -12.387249 -1.3828278e-05
-5.2571769 -12.386232 -1.3828278e-05
-5.2160583 -12.385217 -1.3709068e-05
-5.1800799 -12.384328 -1.3709068e-05
-5.1441011 -12.383439 -1.3664365e-05
-5.1029825 -12.382423 -1.3649464e-05
-5.0618644 -12.381408 -1.3649464e-05
-5.0207458 -12.380392 -1.3530254e-05
-4.9796271 -12.379375 -1.3530254e-05
-4.938509 -12.378359 -1.3455749e-05
-4.8973904 -12.377344 -1.347065e-05
-4.8562717 -12.376328 -1.3440847e-05
-4.8202934 -12.37544 -1.3411045e-05
-4.7843146 -12.374551 -1.3411045e-05
-4.743196 -12.373535 -1.3336539e-05
-4.7020779 -12.372519 -1.335144e-05
-4.6609592 -12.371502 -1.3291836e-05
-4.6198411 -12.370486 -1.3232231e-05
-4.5787225 -12.369471 -1.3202429e-05
-4.5376043 -12.368455 -1.3127923e-05
-4.4964857 -12.367439 -1.3172626e-05
-4.4605069 -12.36655 -1.3113022e-05
-4.4245286 -12.365661 -1.3113022e-05
-4.38341 -12.364645 -1.308322e-05
-4.3422918 -12.363629 -1.2993813e-05
-4.3011732 -12.362614 -1.3053417e-05
-4.2600551 -12.361598 -1.2934208e-05
-4.2189364 -12.360581 -1.2934208e-05
-4.0960641 -12.39964 -1.2874603e-05
-4.0596833 -12.398742 -1.2844801e-05
-4.0181055 -12.397715 -1.2755394e-05
-3.9765282 -12.396688 -1.2755394e-05
-3.9401474 -12.39579 -1.2636185e-05
-3.9037671 -12.39489 -1.2680888e-05
-3.8621893 -12.393864 -1.2665987e-05
-3.8206115 -12.392836 -1.257658e-05
-3.7790337 -12.391809 -1.257658e-05
-3.7374558 -12.390781 -1.2516975e-05
-3.695878 -12.389754 -1.257658e-05
-3.6594975 -12.388855 -1.2497107e-05
-3.623117 -12.387957 -1.2457371e-05
-3.597131 -12.387315 -1.2457371e-05
-6.4430408 -12.334071 -1.4841557e-05
-6.4178972 -12.33345 -1.4826655e-05
-6.3776674 -12.332457 -1.4781952e-05
-6.3374386 -12.331462 -1.4841557e-05
-6.2972088 -12.330469 -1.4722347e-05
-6.256979 -12.329474 -1.4722347e-05
-6.2167497 -12.328481 -1.463294e-05
-6.1765203 -12.327487 -1.4603138e-05
-6.1362906 -12.326493 -1.4647841e-05
-6.0960612 -12.325499 -1.4603138e-05
-6.0558314 -12.324506 -1.4603138e-05
-6.0156021 -12.323511 -1.4483929e-05
-5.9753723 -12.322517 -1.4483929e-05
-5.935143 -12.321523 -1.4439225e-05
-5.8999424 -12.320653 -1.4424324e-05
-5.8592515 -12.346504 -1.4384587e-05
-5.8184614 -12.358925 -1.4320016e-05
-5.777792 -12.357922 -1.4305115e-05
-5.7371225 -12.356915 -1.4290214e-05
-5.696454 -12.35591 -1.424551e-05
-5.6557846 -12.354906 -1.424551e-05
-5.6201992 -12.354027 -1.4126301e-05
-5.5846138 -12.353148 -1.4126301e-05
-5.5439444 -12.352142 -1.4096498e-05
-5.5032749 -12.351137 -1.4066696e-05
-5.4626064 -12.350134 -1.4051795e-05
-5.421937 -12.349129 -1.4007092e-05
-5.3812685 -12.348124 -1.4007092e-05
-5.3405991 -12.347118 -1.3917685e-05
-5.2999296 -12.346114 -1.3947487e-05
-5.2592607 -12.345108 -1.3887882e-05
-5.2185917 -12.344105 -1.3828278e-05
-5.1779227 -12.3431 -1.3798475e-05
-5.1372533 -12.342094 -1.3738871e-05
-5.0965843 -12.34109 -1.3768673e-05
-5.0559154 -12.340084 -1.3709068e-05
-5.02033 -12.339207 -1.3709068e-05
-4.9847445 -12.338327 -1.3679266e-05
-4.9440756 -12.337322 -1.360476e-05
-4.9034061 -12.336318 -1.3649464e-05
-4.8627372 -12.335313 -1.3530254e-05
-4.8220682 -12.334309 -1.3530254e-05
-4.7813988 -12.333303 -1.3440847e-05
-4.7407303 -12.332298 -1.3425946e-05
-4.7000608 -12.331293 -1.3440847e-05
-4.6593919 -12.330289 -1.3411045e-05
-4.6187229 -12.329285 -1.3411045e-05
-4.5780535 -12.328279 -1.3291836e-05
-4.537385 -12.327274 -1.3306737e-05
-4.4967155 -12.326269 -1.3262033e-05
-4.4560471 -12.325265 -1.3232231e-05
-4.4153776 -12.324261 -1.3202429e-05
-4.3797927 -12.32338 -1.3172626e-05
-4.3442068 -12.322502 -1.3172626e-05
-4.3035383 -12.321497 -1.3142824e-05
-4.2628689 -12.320492 -1.3113022e-05
-4.1778183 -12.359566 -1.2844801e-05
-4.1366997 -12.35855 -1.2814999e-05
-4.0955815 -12.357534 -1.2859702e-05
-4.0596027 -12.356647 -1.2814999e-05
-4.0236244 -12.355757 -1.2814999e-05
-3.9825058 -12.354741 -1.2725592e-05
-3.9413877 -12.353724 -1.2695789e-05
-3.9002693 -12.352709 -1.2695789e-05
-3.8591509 -12.351692 -1.2636185e-05
-3.8180327 -12.350677 -1.2606382e-05
-3.7769141 -12.349662 -1.2516975e-05
-3.735796 -12.348646 -1.2516975e-05
-3.6998174 -12.347756 -1.2497107e-05
-3.6638389 -12.346868 -1.2457371e-05
-3.6227207 -12.345852 -1.244247e-05
-3.5970216 -12.345217 -1.2397766e-05
-6.4423466 -12.294631 -1.4960766e-05
-6.4174724 -12.294017 -1.4871359e-05
-6.3776731 -12.293033 -1.4841557e-05
-6.3378735 -12.292051 -1.4871359e-05
-6.2980747 -12.291067 -1.4781952e-05
-6.258275 -12.290083 -1.4781952e-05
-6.2184758 -12.289101 -1.4722347e-05
-6.1786766 -12.288118 -1.4722347e-05
-6.1388774 -12.287134 -1.4692545e-05
-6.0990782 -12.28615 -1.4662743e-05
-6.0592785 -12.285167 -1.463294e-05
-6.0194798 -12.284184 -1.4543533e-05
-5.9796805 -12.283201 -1.4543533e-05
-5.9398813 -12.282217 -1.4528632e-05
-5.9000821 -12.281235 -1.4543533e-05
-5.8624854 -12.300017 -1.4444192e-05
-5.8245115 -12.31879 -1.4364719e-05
-5.7842827 -12.317797 -1.4364719e-05
-5.7440529 -12.316801 -1.4305115e-05
-5.7038236 -12.315809 -1.4305115e-05
-5.6635942 -12.314815 -1.424551e-05
-5.6233644 -12.31382 -1.4185905e-05
-5.5831347 -12.312826 -1.4156103e-05
-5.5429053 -12.311832 -1.4096498e-05
-5.502676 -12.310839 -1.4126301e-05
-5.4624467 -12.309845 -1.4081597e-05
-5.4222169 -12.308851 -1.4066696e-05
-5.3819876 -12.307857 -1.4007092e-05
-5.3417583 -12.306863 -1.3977289e-05
-5.3015289 -12.305868 -1.3977289e-05
-5.2612991 -12.304875 -1.3887882e-05
-5.2210703 -12.303882 -1.3887882e-05
-5.1808405 -12.302887 -1.3843179e-05
-5.1406112 -12.301893 -1.385808e-05
-5.1003819 -12.300899 -1.3828278e-05
-5.0601521 -12.299906 -1.3768673e-05
-5.0199232 -12.298912 -1.3738871e-05
-4.9796934 -12.297917 -1.3649464e-05
-4.9394641 -12.296924 -1.3664365e-05
-4.8992348 -12.29593 -1.3649464e-05
-4.859005 -12.294935 -1.3649464e-05
-4.8187761 -12.293942 -1.3589859e-05
-4.7785463 -12.292948 -1.3530254e-05
-4.738317 -12.291954 -1.3515353e-05
-4.6980877 -12.29096 -1.347065e-05
-4.6578584 -12.289968 -1.347065e-05
-4.6176291 -12.288973 -1.335144e-05
-4.5773997 -12.287979 -1.335144e-05
-4.5371699 -12.286984 -1.3336539e-05
-4.4969411 -12.285991 -1.335144e-05
-4.4567118 -12.284998 -1.3321638e-05
-4.416482 -12.284003 -1.3232231e-05
-4.3762527 -12.28301 -1.3232231e-05
-4.3360233 -12.282015 -1.3127923e-05
-4.295794 -12.281021 -1.3172626e-05
-4.2656221 -12.280275 -1.3142824e-05
-4.2221999 -12.319488 -1.3053417e-05
-4.181531 -12.318483 -1.2993813e-05
-4.140862 -12.317478 -1.296401e-05
-4.100193 -12.316473 -1.2934208e-05
-4.0595236 -12.315468 -1.2934208e-05
-4.0188546 -12.314465 -1.2874603e-05
-3.9781861 -12.313459 -1.2874603e-05
-3.9375172 -12.312454 -1.2814999e-05
-3.8968482 -12.311451 -1.2814999e-05
-3.8561792 -12.310445 -1.2785196e-05
-3.8155103 -12.309441 -1.2695789e-05
-3.7799251 -12.30856 -1.2695789e-05
-3.7443395 -12.307682 -1.2606382e-05
-3.7036705 -12.306677 -1.2621284e-05
-3.6630015 -12.305673 -1.2621284e-05
-3.6223326 -12.304667 -1.257658e-05
-3.5969145 -12.304039 -1.257658e-05
-6.4416676 -12.256026 -1.502037e-05
-6.4170566 -12.255417 -1.4901161e-05
-6.3776779 -12.254444 -1.4901161e-05
-6.3382998 -12.253471 -1.4916062e-05
-6.2989216 -12.2525 -1.4901161e-05
-6.2595434 -12.251526 -1.4871359e-05
-6.2201657 -12.250553 -1.4781952e-05
-6.180788 -12.249581 -1.4781952e-05
-6.1414089 -12.248608 -1.4647841e-05
-6.1020317 -12.247635 -1.4662743e-05
-6.0626535 -12.246662 -1.4618039e-05
-6.0232754 -12.245689 -1.4603138e-05
-5.9838972 -12.244717 -1.4543533e-05
-5.944519 -12.243744 -1.4528632e-05
-5.900218 -12.242649 -1.4519692e-05
-5.853806 -12.24922 -1.4424324e-05
-5.818512 -12.259925 -1.4424324e-05
-5.7806845 -12.278284 -1.4364719e-05
-5.7408848 -12.277301 -1.4349818e-05
-5.701086 -12.276318 -1.4364719e-05
-5.6612864 -12.275334 -1.4305115e-05
-5.6214876 -12.274351 -1.4305115e-05
-5.5816879 -12.273367 -1.4215707e-05
-5.5418882 -12.272385 -1.4215708e-05
-5.50209 -12.2714 -1.4185905e-05
-5.4622908 -12.270418 -1.4126301e-05
-5.4224911 -12.269434 -1.4126301e-05
-5.3826919 -12.268451 -1.4066696e-05
-5.3428936 -12.267468 -1.4096498e-05
-5.3030939 -12.266485 -1.4036895e-05
-5.2632947 -12.265501 -1.4007092e-05
-5.2234955 -12.264518 -1.3947487e-05
-5.1836963 -12.263535 -1.3887882e-05
-5.1438971 -12.262552 -1.3887882e-05
-5.1040978 -12.261568 -1.3887882e-05
-5.0642986 -12.260585 -1.3887882e-05
-5.0244994 -12.259602 -1.3798475e-05
-4.9847007 -12.258618 -1.3768673e-05
-4.9399266 -12.257512 -1.3685227e-05
-4.8951521 -12.256406 -1.3649464e-05
-4.8553534 -12.255423 -1.3619661e-05
-4.8155541 -12.25444 -1.3589859e-05
-4.7757549 -12.253457 -1.3589859e-05
-4.7359557 -12.252474 -1.3500452e-05
-4.6961565 -12.25149 -1.3530254e-05
-4.6563573 -12.250507 -1.3440847e-05
-4.6165586 -12.249523 -1.3411045e-05
-4.5767593 -12.24854 -1.3381243e-05
-4.5369601 -12.247557 -1.3366342e-05
-4.4971609 -12.246573 -1.3381243e-05
-4.4573622 -12.245589 -1.3291836e-05
-4.417563 -12.244607 -1.3291836e-05
-4.3777637 -12.243624 -1.3202429e-05
-4.3379645 -12.24264 -1.3187528e-05
-4.2981658 -12.241657 -1.3202429e-05
-4.2540803 -12.253709 -1.3152759e-05
-4.2189665 -12.271238 -1.3124943e-05
-4.175106 -12.27804 -1.308322e-05
-4.1399055 -12.277169 -1.2993813e-05
-4.1047049 -12.2763 -1.3053417e-05
-4.0644751 -12.275307 -1.296401e-05
-4.0242462 -12.274313 -1.2934208e-05
-3.9840167 -12.273317 -1.2904406e-05
-3.9437876 -12.272325 -1.2874603e-05
-3.9035583 -12.271332 -1.2934208e-05
-3.8633289 -12.270336 -1.2814999e-05
-3.8230996 -12.269343 -1.2814999e-05
-3.7828703 -12.268349 -1.2725592e-05
-3.7426412 -12.267355 -1.2695789e-05
-3.7024119 -12.266361 -1.2680888e-05
-3.6621823 -12.265368 -1.2636185e-05
-3.6219532 -12.264374 -1.2621284e-05
-3.5968099 -12.263752 -1.257658e-05
-6.4410024 -12.218229 -1.4960766e-05
-6.4166484 -12.217627 -1.4960766e-05
-6.3776827 -12.216665 -1.4960766e-05
-6.338717 -12.215702 -1.4901161e-05
-6.2997513 -12.214739 -1.4901161e-05
-6.2607856 -12.213776 -1.4856458e-05
-6.2218199 -12.212813 -1.4841557e-05
-6.1828542 -12.211851 -1.475215e-05
-6.143888 -12.210888 -1.4707446e-05
-6.1000519 -12.209805 -1.4698506e-05
-6.0562153 -12.208723 -1.4603138e-05
-6.0172496 -12.20776 -1.4603138e-05
-5.9782839 -12.206797 -1.4543533e-05
-5.9393182 -12.205834 -1.4588237e-05
-5.9003525 -12.204871 -1.4513731e-05
-5.8613863 -12.203909 -1.4483929e-05
-5.8224211 -12.202946 -1.4469028e-05
-5.7803087 -12.220796 -1.4394522e-05
-5.7388034 -12.217672 -1.4430947e-05
-5.7008033 -12.230166 -1.4340878e-05
-5.6590281 -12.236691 -1.4305115e-05
-5.6196499 -12.235718 -1.4275312e-05
-5.5802717 -12.234743 -1.4185905e-05
-5.5408936 -12.233772 -1.4215708e-05
-5.5015154 -12.232799 -1.4185905e-05
-5.4621377 -12.231826 -1.4185905e-05
-5.4227595 -12.230852 -1.4096498e-05
-5.3833814 -12.229879 -1.4066696e-05
-5.3440037 -12.228907 -1.4066696e-05
-5.2997031 -12.227812 -1.4066696e-05
-5.255403 -12.226718 -1.4036894e-05
-5.2160244 -12.225745 -1.3947487e-05
-5.1766472 -12.224772 -1.3947487e-05
-5.137269 -12.2238 -1.385808e-05
-5.0978909 -12.222826 -1.3887882e-05
-5.0585132 -12.221855 -1.3843179e-05
-5.019135 -12.220881 -1.3828278e-05
-4.9797568 -12.219908 -1.3798475e-05
-4.9403787 -12.218935 -1.3738871e-05
-4.901001 -12.217962 -1.3768673e-05
-4.8616228 -12.216989 -1.3649464e-05
-4.8222451 -12.216017 -1.3649464e-05
-4.782867 -12.215043 -1.360476e-05
-4.7434893 -12.214071 -1.360476e-05
-4.7041111 -12.213098 -1.3589859e-05
-4.6598105 -12.212004 -1.3530254e-05
-4.6155105 -12.210909 -1.3515353e-05
-4.5761328 -12.209936 -1.347065e-05
-4.5367546 -12.208963 -1.3485551e-05
-4.4973764 -12.207991 -1.3411045e-05
-4.4579988 -12.207017 -1.3411045e-05
-4.4186211 -12.206045 -1.3276935e-05
-4.3792429 -12.205072 -1.3232231e-05
-4.3398647 -12.204099 -1.3232231e-05
-4.300487 -12.203126 -1.3232231e-05
-4.2611089 -12.202153 -1.3232231e-05
-4.2182431 -12.217631 -1.3121537e-05
-4.1824141 -12.22226 -1.3078962e-05
-4.1389694 -12.237723 -1.3053417e-05
-4.0991702 -12.236741 -1.3023615e-05
-4.059371 -12.235758 -1.2993813e-05
-4.0195723 -12.234775 -1.296401e-05
-3.979773 -12.233791 -1.2934208e-05
-3.9399738 -12.232807 -1.2904406e-05
-3.9001751 -12.231825 -1.2874603e-05
-3.8603759 -12.230842 -1.2874603e-05
-3.8205769 -12.229857 -1.2755394e-05
-3.7807779 -12.228875 -1.2755394e-05
-3.7409787 -12.22789 -1.2725592e-05
-3.70118 -12.226908 -1.2755394e-05
-3.6613808 -12.225924 -1.2725592e-05
-3.621582 -12.224941 -1.2636185e-05
-3.5967073 -12.224327 -1.2636185e-05
-6.4451714 -12.181334 -1.4960766e-05
-6.4162502 -12.180619 -1.4960766e-05
-6.3776884 -12.179667 -1.4901161e-05
-6.3391256 -12.178715 -1.4901161e-05
-6.3005638 -12.177761 -1.4901161e-05
-6.262002 -12.176808 -1.4781952e-05
-6.2234397 -12.175857 -1.4781952e-05
-6.1800575 -12.174785 -1.4734268e-05
-6.1366754 -12.173714 -1.4781952e-05
-6.0981135 -12.17276 -1.4692545e-05
-6.0595512 -12.171807 -1.4662743e-05
-6.0209894 -12.170855 -1.4647841e-05
-5.9824271 -12.169902 -1.4603138e-05
-5.9438658 -12.168949 -1.4647841e-05
-5.9004831 -12.167877 -1.4543533e-05
-5.857101 -12.166805 -1.4543533e-05
-5.8185391 -12.165854 -1.4483929e-05
-5.7799773 -12.1649 -1.4483929e-05
-5.7414155 -12.163946 -1.4439225e-05
-5.6977353 -12.178724 -1.4398779e-05
-5.6582913 -12.178336 -1.4371342e-05
-5.6169701 -12.179372 -1.4275312e-05
-5.581646 -12.184665 -1.4265378e-05
-5.5399194 -12.195967 -1.424551e-05
-5.5009537 -12.195004 -1.424551e-05
-5.461988 -12.194041 -1.4215708e-05
-5.4230223 -12.193079 -1.4126301e-05
-5.3840566 -12.192116 -1.4126301e-05
-5.3402205 -12.191033 -1.4102459e-05
-5.2963839 -12.189951 -1.4126301e-05
-5.2574182 -12.188988 -1.4007092e-05
-5.2184525 -12.188025 -1.4007092e-05
-5.1794868 -12.187061 -1.3977289e-05
-5.140521 -12.186099 -1.3977289e-05
-5.1015553 -12.185137 -1.3977289e-05
-5.0625896 -12.184175 -1.3887882e-05
-5.0236239 -12.183211 -1.3887882e-05
-4.9797878 -12.182128 -1.3768673e-05
-4.9359512 -12.181046 -1.3798475e-05
-4.8969855 -12.180082 -1.3768673e-05
-4.8580198 -12.17912 -1.3768673e-05
-4.8190541 -12.178158 -1.3679266e-05
-4.7800889 -12.177195 -1.3589859e-05
-4.7411232 -12.176231 -1.3589859e-05
-4.7021575 -12.175269 -1.3589859e-05
-4.6631918 -12.174307 -1.3589859e-05
-4.6242261 -12.173344 -1.347065e-05
-4.58039 -12.17226 -1.347065e-05
-4.5365534 -12.171178 -1.3396144e-05
-4.4975877 -12.170215 -1.3411045e-05
-4.458622 -12.169252 -1.3381243e-05
-4.4196568 -12.168289 -1.335144e-05
-4.3806911 -12.167328 -1.3321638e-05
-4.3417253 -12.166365 -1.3247132e-05
-4.3027596 -12.165401 -1.3291836e-05
-4.2637939 -12.164439 -1.3247132e-05
-4.2199578 -12.163357 -1.3232231e-05
-4.1744142 -12.169787 -1.3136863e-05
-4.1400661 -12.180272 -1.3075769e-05
-4.1033678 -12.182063 -1.3087477e-05
-4.0642195 -12.197289 -1.3023615e-05
-4.0199194 -12.196195 -1.2993813e-05
-3.9756193 -12.1951 -1.296401e-05
-3.9362414 -12.194126 -1.2874603e-05
-3.8968635 -12.193154 -1.2934208e-05
-3.8574855 -12.192183 -1.2874603e-05
-3.8181076 -12.191208 -1.2874603e-05
-3.7787297 -12.190236 -1.2785196e-05
-3.739352 -12.189262 -1.2755394e-05
-3.6999741 -12.188291 -1.2785196e-05
-3.6605961 -12.187317 -1.2695789e-05
-3.6212182 -12.186344 -1.2695789e-05
-3.5966072 -12.185736 -1.2636185e-05
-6.4492545 -12.145197 -1.502037e-05
-6.42063 -12.14449 -1.5020369e-05
-6.3776927 -12.143429 -1.4975667e-05
-6.3395262 -12.142487 -1.502037e-05
-6.3013601 -12.141542 -1.4960766e-05
-6.2631931 -12.1406 -1.4901161e-05
-6.2202559 -12.13954 -1.488924e-05
-6.1773186 -12.138478 -1.4841557e-05
-6.1391525 -12.137536 -1.4901161e-05
-6.100986 -12.136592 -1.4781952e-05
-6.0628195 -12.13565 -1.4781952e-05
-6.0198822 -12.134589 -1.4734268e-05
-5.9769444 -12.133528 -1.4722347e-05
-5.9387779 -12.132586 -1.4722347e-05
-5.9006119 -12.131641 -1.4662743e-05
-5.8624454 -12.130699 -1.4618039e-05
-5.8195081 -12.129639 -1.4483929e-05
-5.7765703 -12.128576 -1.4469028e-05
-5.7384043 -12.127634 -1.4469028e-05
-5.7002382 -12.126692 -1.4483929e-05
-5.6620712 -12.125749 -1.4364719e-05
-5.6191339 -12.124688 -1.4364719e-05
-5.5734272 -12.135638 -1.4305115e-05
-5.5384979 -12.140816 -1.4320016e-05
-5.5001335 -12.139867 -1.4305115e-05
-5.4617696 -12.13892 -1.4215708e-05
-5.4261923 -12.148912 -1.4197826e-05
-5.3798971 -12.155016 -1.411438e-05
-5.3365149 -12.153944 -1.41114e-05
-5.2979536 -12.152992 -1.4066696e-05
-5.2593913 -12.152039 -1.4007092e-05
-5.220829 -12.151086 -1.399219e-05
-5.1822677 -12.150133 -1.3947487e-05
-5.1437054 -12.149181 -1.3977289e-05
-5.1003237 -12.148108 -1.3911724e-05
-5.056941 -12.147037 -1.3887882e-05
-5.0183797 -12.146085 -1.3843179e-05
-4.9798174 -12.145132 -1.3828278e-05
-4.9412556 -12.144179 -1.3798475e-05
-4.9026937 -12.143226 -1.3768673e-05
-4.8593116 -12.142154 -1.3720989e-05
-4.8159294 -12.141082 -1.3649464e-05
-4.7773676 -12.14013 -1.3649464e-05
-4.7388058 -12.139177 -1.3619661e-05
-4.7002439 -12.138226 -1.3649464e-05
-4.6616821 -12.137272 -1.3560057e-05
-4.6231203 -12.136318 -1.3530254e-05
-4.5797386 -12.135248 -1.3494491e-05
-4.5363564 -12.134176 -1.3500452e-05
-4.4977942 -12.133223 -1.3500452e-05
-4.4592323 -12.132269 -1.3411045e-05
-4.4206705 -12.131317 -1.3411045e-05
-4.3821087 -12.130364 -1.335144e-05
-4.3435473 -12.129412 -1.335144e-05
-4.3001652 -12.12834 -1.3267994e-05
-4.256783 -12.127269 -1.3232231e-05
-4.2182217 -12.126314 -1.3142824e-05
-4.1796598 -12.125362 -1.3113022e-05
-4.141098 -12.124411 -1.3098121e-05
-4.0987444 -12.130763 -1.3101101e-05
-4.0615993 -12.140945 -1.308322e-05
-4.0204449 -12.137873 -1.301368e-05
-3.9792519 -12.13891 -1.2993813e-05
-3.942328 -12.156498 -1.2993813e-05
-3.9033628 -12.155535 -1.296401e-05
-3.8595264 -12.154451 -1.2934208e-05
-3.81569 -12.153369 -1.2889504e-05
-3.7767243 -12.152406 -1.2874603e-05
-3.7377586 -12.151443 -1.2814999e-05
-3.6987934 -12.15048 -1.2814999e-05
-3.6598277 -12.149518 -1.2814999e-05
-3.6208625 -12.148554 -1.2695789e-05
-3.596509 -12.147953 -1.2695789e-05
-6.4485331 -12.109676 -1.513958e-05
-6.4201989 -12.108976 -1.513958e-05
-6.3776975 -12.107926 -1.4960766e-05
-6.3399181 -12.106993 -1.502037e-05
-6.3021398 -12.10606 -1.4975667e-05
-6.2596383 -12.105009 -1.4960766e-05
-6.2171364 -12.10396 -1.4871359e-05
-6.1793575 -12.103026 -1.4841557e-05
-6.1415787 -12.102093 -1.488626e-05
-6.0990767 -12.101042 -1.4841557e-05
-6.0565763 -12.099993 -1.4811754e-05
-6.0187969 -12.09906 -1.4722347e-05
-5.9810176 -12.098127 -1.4722347e-05
-5.9432387 -12.097193 -1.4707446e-05
-5.9007378 -12.096143 -1.4722347e-05
-5.8582358 -12.095093 -1.4603138e-05
-5.820457 -12.09416 -1.4603138e-05
-5.7826781 -12.093225 -1.4573336e-05
-5.7401772 -12.092176 -1.4591217e-05
-5.6976752 -12.091125 -1.4543533e-05
-5.6598969 -12.090192 -1.4483929e-05
-5.6221175 -12.089258 -1.4454126e-05
-5.5796165 -12.088209 -1.4364719e-05
-5.5371151 -12.08716 -1.4409423e-05
-5.4993362 -12.086226 -1.4305115e-05
-5.4615574 -12.085293 -1.4305115e-05
-5.4189453 -12.097553 -1.424551e-05
-5.3787985 -12.102971 -1.4212396e-05
-5.3382163 -12.099997 -1.4215708e-05
-5.3002439 -12.099058 -1.4156103e-05
-5.2622709 -12.098121 -1.4141202e-05
-5.2231579 -12.114905 -1.4081597e-05
-5.1802206 -12.113844 -1.4066696e-05
-5.1372833 -12.112783 -1.4021993e-05
-5.0991173 -12.111841 -1.4007092e-05
-5.0609508 -12.110898 -1.3977289e-05
-5.0227842 -12.109955 -1.3947487e-05
-4.9798474 -12.108893 -1.3911724e-05
-4.9369097 -12.107833 -1.3798475e-05
-4.8987436 -12.10689 -1.3828278e-05
-4.8605771 -12.105947 -1.3768673e-05
-4.8224106 -12.105003 -1.3768673e-05
-4.7794738 -12.103944 -1.3673305e-05
-4.7365365 -12.102883 -1.3679266e-05
-4.69837 -12.10194 -1.3679266e-05
-4.6602039 -12.100997 -1.3649464e-05
-4.6220374 -12.100054 -1.3619661e-05
-4.5791006 -12.098993 -1.3530254e-05
-4.5361633 -12.097933 -1.3545156e-05
-4.4979968 -12.09699 -1.3530254e-05
-4.4598308 -12.096047 -1.3530254e-05
-4.4216642 -12.095104 -1.3411045e-05
-4.3834982 -12.09416 -1.3411045e-05
-4.3405609 -12.0931 -1.3387204e-05
-4.2976236 -12.09204 -1.3411045e-05
-4.2594576 -12.091096 -1.335144e-05
-4.2212911 -12.090154 -1.3291836e-05
-4.183125 -12.089211 -1.3262033e-05
-4.1401877 -12.08815 -1.3184547e-05
-4.0972509 -12.087089 -1.3232231e-05
-4.0590844 -12.086145 -1.3113022e-05
-4.0209179 -12.085203 -1.3113022e-05
-3.9827518 -12.08426 -1.3023615e-05
-3.9392962 -12.099292 -1.2973945e-05
-3.8984823 -12.100298 -1.3001263e-05
-3.8601182 -12.099349 -1.296401e-05
-3.8239715 -12.101044 -1.2908663e-05
-3.7795811 -12.115479 -1.2850762e-05
-3.7361989 -12.114407 -1.2814999e-05
-3.6976373 -12.113454 -1.2844801e-05
-3.6590755 -12.112501 -1.2755394e-05
-3.6205137 -12.111549 -1.2755394e-05
-3.5964127 -12.110953 -1.2695789e-05
-6.4474792 -12.057813 -1.5169382e-05
-6.4230928 -12.061472 -1.5132129e-05
-6.3777018 -12.073137 -1.5079975e-05
-6.3403025 -12.072213 -1.513958e-05
-6.3029032 -12.071289 -1.4960766e-05
-6.260829 -12.07025 -1.4960766e-05
-6.2187548 -12.06921 -1.4901161e-05
-6.1813555 -12.068287 -1.4901161e-05
-6.1392813 -12.067246 -1.4865398e-05
-6.0972071 -12.066206 -1.4841557e-05
-6.0598078 -12.065284 -1.4796853e-05
-6.0224085 -12.06436 -1.4781952e-05
-5.9803343 -12.063319 -1.4734268e-05
-5.9382601 -12.062281 -1.4722347e-05
-5.9008608 -12.061357 -1.4707446e-05
-5.8587866 -12.060316 -1.4662743e-05
-5.8167124 -12.059277 -1.4647841e-05
-5.7793131 -12.058353 -1.4603138e-05
-5.7419138 -12.05743 -1.4647841e-05
-5.6998396 -12.056391 -1.4567375e-05
-5.6577654 -12.055349 -1.4543533e-05
-5.6203661 -12.054426 -1.449883e-05
-5.5829668 -12.053503 -1.4483929e-05
-5.5408926 -12.052463 -1.4412403e-05
-5.4988184 -12.051424 -1.4364719e-05
-5.4614191 -12.050499 -1.4334917e-05
-5.4193454 -12.049459 -1.4305115e-05
-5.3772712 -12.04842 -1.4275312e-05
-5.3398719 -12.047497 -1.4230609e-05
-5.3024726 -12.046574 -1.424551e-05
-5.2603984 -12.045533 -1.4185904e-05
-5.2196536 -12.063853 -1.4152792e-05
-5.1795702 -12.060931 -1.4081597e-05
-5.139555 -12.05801 -1.4073319e-05
-5.0997171 -12.058958 -1.4074147e-05
-5.0598102 -12.059906 -1.4033582e-05
-5.0176549 -12.074326 -1.4007092e-05
-4.9798756 -12.073393 -1.3887882e-05
-4.9420972 -12.072458 -1.3917685e-05
-4.8995962 -12.071408 -1.3911724e-05
-4.8570943 -12.070359 -1.3887882e-05
-4.8193159 -12.069425 -1.3798475e-05
-4.7815371 -12.068491 -1.3709068e-05
-4.7390356 -12.067442 -1.3709068e-05
-4.6965342 -12.066393 -1.3709068e-05
-4.6587553 -12.065458 -1.3679266e-05
-4.6209769 -12.064524 -1.3589859e-05
-4.5831981 -12.063593 -1.3589859e-05
-4.5406966 -12.062542 -1.3566018e-05
-4.4981952 -12.061492 -1.3589859e-05
-4.4604168 -12.060558 -1.3500452e-05
-4.4226379 -12.059625 -1.347065e-05
-4.380136 -12.058576 -1.3434887e-05
-4.337635 -12.057525 -1.3425946e-05
-4.2998567 -12.056592 -1.3440847e-05
-4.2620773 -12.055658 -1.335144e-05
-4.2195764 -12.054608 -1.333952e-05
-4.1770754 -12.053558 -1.3291836e-05
-4.1392961 -12.052626 -1.3306737e-05
-4.1015177 -12.051691 -1.3172626e-05
-4.0590162 -12.050642 -1.3172625e-05
-4.0165153 -12.049592 -1.3113022e-05
-3.9787364 -12.048658 -1.3113022e-05
-3.9409575 -12.047725 -1.3053417e-05
-3.9031789 -12.046791 -1.3053417e-05
-3.8606772 -12.045741 -1.3029576e-05
-3.8157878 -12.051733 -1.2969971e-05
-3.7813885 -12.061534 -1.2919307e-05
-3.740854 -12.062504 -1.286798e-05
-3.6985118 -12.057515 -1.2907717e-05
-3.6579778 -12.058485 -1.2874603e-05
-3.6229389 -12.06827 -1.2779235e-05
-3.5915477 -12.074594 -1.2755394e-05
-6.4464531 -12.007315 -1.5199184e-05
-6.4151044 -12.016089 -1.5122549e-05
-6.3777084 -12.022328 -1.5117228e-05
-6.3408642 -12.021418 -1.5132129e-05
-6.2994132 -12.020393 -1.5109777e-05
-6.2579632 -12.019371 -1.5035272e-05
-6.2211185 -12.018459 -1.4990568e-05
-6.1796675 -12.017436 -1.4966727e-05
-6.1402545 -12.026489 -1.4925003e-05
-6.1000023 -12.03218 -1.4901161e-05
-6.0629749 -12.031265 -1.4841557e-05
-6.0213199 -12.030235 -1.4841557e-05
-5.9796638 -12.029207 -1.4722347e-05
-5.942637 -12.028292 -1.4781952e-05
-5.9009814 -12.027263 -1.4746189e-05
-5.8593264 -12.026234 -1.4722347e-05
-5.8222985 -12.025319 -1.4662743e-05
-5.780643 -12.024289 -1.4603138e-05
-5.7389879 -12.02326 -1.463294e-05
-5.7019606 -12.022346 -1.4603138e-05
-5.660305 -12.021317 -1.4555454e-05
-5.61865 -12.020287 -1.4483929e-05
-5.5816226 -12.019373 -1.4483929e-05
-5.5399671 -12.018344 -1.4412403e-05
-5.498311 -12.017315 -1.4424324e-05
-5.4612846 -12.016399 -1.4364719e-05
-5.4196291 -12.015371 -1.4364719e-05
-5.3779736 -12.014341 -1.424551e-05
-5.3409462 -12.013427 -1.4290214e-05
-5.2992907 -12.012398 -1.4269352e-05
-5.2576351 -12.011368 -1.424551e-05
-5.2206082 -12.010454 -1.4185905e-05
-5.1789527 -12.009425 -1.4126301e-05
-5.1372972 -12.008396 -1.4141202e-05
-5.1002698 -12.007481 -1.4126301e-05
-5.0586147 -12.006451 -1.4078617e-05
-5.0194688 -12.022533 -1.4007092e-05
-4.9799166 -12.023449 -1.3973978e-05
-4.9403672 -12.020578 -1.3917685e-05
-4.9008856 -12.017709 -1.3920996e-05
-4.8613124 -12.018625 -1.3843179e-05
-4.8216729 -12.019541 -1.3795164e-05
-4.7829914 -12.026918 -1.3780594e-05
-4.7414846 -12.032713 -1.3738871e-05
-4.6994104 -12.031674 -1.3768673e-05
-4.6573362 -12.030634 -1.3649464e-05
-4.6199369 -12.029711 -1.3649464e-05
-4.5825377 -12.028787 -1.360476e-05
-4.5404639 -12.027746 -1.3613701e-05
-4.4983897 -12.026707 -1.3619661e-05
-4.4609904 -12.025784 -1.3589859e-05
-4.4189167 -12.024744 -1.3542175e-05
-4.3768425 -12.023705 -1.347065e-05
-4.3394432 -12.02278 -1.347065e-05
-4.3020439 -12.021856 -1.347065e-05
-4.2599702 -12.020818 -1.3434887e-05
-4.217896 -12.019777 -1.3291836e-05
-4.1804972 -12.018853 -1.3291836e-05
-4.1430979 -12.017929 -1.3247132e-05
-4.1010237 -12.01689 -1.3291836e-05
-4.0589495 -12.015851 -1.3202428e-05
-4.0215507 -12.014927 -1.3172626e-05
-3.9794765 -12.013887 -1.3136863e-05
-3.9374027 -12.012848 -1.3127923e-05
-3.9000034 -12.011923 -1.3142824e-05
-3.8626046 -12.011 -1.3053417e-05
-3.8205304 -12.009961 -1.3041496e-05
-3.7784564 -12.008921 -1.2993813e-05
-3.7410572 -12.007998 -1.2993813e-05
-3.6989834 -12.006957 -1.2934208e-05
-3.6569092 -12.005919 -1.2934208e-05
-3.6176269 -12.019857 -1.2874603e-05
-3.5914824 -12.021696 -1.2844801e-05
-6.4457865 -11.974524 -1.513958e-05
-6.4185576 -11.973852 -1.513958e-05
-6.3777156 -11.972844 -1.513958e-05
-6.3414106 -11.971947 -1.513958e-05
-6.3005681 -11.970937 -1.513958e-05
-6.2597246 -11.969928 -1.502037e-05
-6.2188821 -11.968919 -1.5020369e-05
-6.1780391 -11.96791 -1.4960766e-05
-6.138772 -11.980986 -1.502037e-05
-6.1017146 -11.98059 -1.4974012e-05
-6.0608535 -11.983221 -1.4894538e-05
-6.0196705 -11.978562 -1.4848179e-05
-5.9787207 -11.981193 -1.4808443e-05
-5.9399104 -11.978414 -1.4826655e-05
-5.9011645 -11.975636 -1.4755461e-05
-5.862596 -11.983526 -1.4730862e-05
-5.8186097 -11.991802 -1.4662743e-05
-5.7819471 -11.990897 -1.4662743e-05
-5.7407022 -11.989879 -1.4662743e-05
-5.6994567 -11.988859 -1.4662743e-05
-5.6627946 -11.987953 -1.4573336e-05
-5.6215496 -11.986935 -1.4543533e-05
-5.5803041 -11.985915 -1.4454126e-05
-5.5390596 -11.984897 -1.4472008e-05
-5.4978142 -11.983877 -1.4424324e-05
-5.4611521 -11.982971 -1.4364719e-05
-5.4199071 -11.981953 -1.4340878e-05
-5.3786616 -11.980934 -1.4305115e-05
-5.3419995 -11.980028 -1.4334917e-05
-5.3007545 -11.97901 -1.4305115e-05
-5.2595091 -11.97799 -1.4275312e-05
-5.222847 -11.977084 -1.4185905e-05
-5.181602 -11.976066 -1.4185904e-05
-5.140357 -11.975046 -1.4171004e-05
-5.0991116 -11.974028 -1.4185904e-05
-5.0578661 -11.973008 -1.4007092e-05
-5.021204 -11.972102 -1.4007092e-05
-4.979959 -11.971084 -1.3959408e-05
-4.9387145 -11.970065 -1.3977289e-05
-4.9020519 -11.969159 -1.3977289e-05
-4.8608069 -11.96814 -1.3947487e-05
-4.819562 -11.967121 -1.3887882e-05
-4.7795916 -11.982846 -1.3798475e-05
-4.7405887 -11.980024 -1.3815032e-05
-4.7013197 -11.980911 -1.3813376e-05
-4.6598692 -11.979889 -1.3774634e-05
-4.6184187 -11.978864 -1.3709068e-05
-4.581574 -11.977954 -1.3679266e-05
-4.5435886 -11.981193 -1.3649464e-05
-4.4985805 -11.992615 -1.3649464e-05
-4.4615536 -11.991701 -1.3619661e-05
-4.419898 -11.990672 -1.3530254e-05
-4.3782425 -11.989643 -1.3530254e-05
-4.3412156 -11.988728 -1.3485551e-05
-4.2995596 -11.9877 -1.3530254e-05
-4.257905 -11.98667 -1.335144e-05
-4.2208776 -11.985755 -1.335144e-05
-4.1792221 -11.984726 -1.3303757e-05
-4.1375666 -11.983696 -1.3306737e-05
-4.1005397 -11.982782 -1.3321638e-05
-4.0588841 -11.981753 -1.3291836e-05
-4.0172291 -11.980723 -1.3232231e-05
-3.9802022 -11.979809 -1.3172626e-05
-3.9385467 -11.97878 -1.3160706e-05
-3.8968914 -11.977751 -1.3172626e-05
-3.8598642 -11.976835 -1.3142824e-05
-3.8228374 -11.975922 -1.3053417e-05
-3.7811821 -11.974892 -1.3053417e-05
-3.7395267 -11.973863 -1.2993813e-05
-3.7024994 -11.972948 -1.3053417e-05
-3.6608441 -11.971918 -1.2910366e-05
-3.6191893 -11.97089 -1.2874603e-05
-3.5914187 -11.970203 -1.2844801e-05
-6.4451332 -11.942369 -1.5258789e-05
-6.4181681 -11.941703 -1.5258789e-05
-6.3777194 -11.940703 -1.5184283e-05
-6.3417654 -11.939816 -1.513958e-05
-6.3013172 -11.938816 -1.5115738e-05
-6.260869 -11.937817 -1.5079975e-05
-6.2204208 -11.936818 -1.5056134e-05
-6.1799726 -11.935819 -1.502037e-05
-6.1395249 -11.934819 -1.5056134e-05
-6.0990763 -11.933819 -1.4960766e-05
-6.0586286 -11.93282 -1.4948845e-05
-6.0181804 -11.931822 -1.4901161e-05
-5.9822259 -11.930933 -1.4901161e-05
-5.9417782 -11.929934 -1.4829636e-05
-5.90133 -11.928935 -1.4841557e-05
-5.8581433 -11.93705 -1.4722347e-05
-5.819932 -11.944779 -1.4689233e-05
-5.7794089 -11.940206 -1.465612e-05
-5.7409601 -11.941043 -1.4685094e-05
-5.700315 -11.940039 -1.4638901e-05
-5.6596694 -11.939034 -1.4603138e-05
-5.6190238 -11.938029 -1.4567375e-05
-5.5783787 -11.937025 -1.4513731e-05
-5.5417719 -11.943007 -1.4535019e-05
-5.4973264 -11.951093 -1.4483929e-05
-5.4610224 -11.950195 -1.4483929e-05
-5.4201798 -11.949187 -1.4424324e-05
-5.3793373 -11.948178 -1.4424324e-05
-5.3384943 -11.947168 -1.4328956e-05
-5.2976513 -11.946159 -1.4305115e-05
-5.2613468 -11.945263 -1.4260411e-05
-5.2205038 -11.944254 -1.424551e-05
-5.1796613 -11.943245 -1.4156103e-05
-5.1388183 -11.942235 -1.4162064e-05
-5.0979757 -11.941226 -1.4156103e-05
-5.0616713 -11.940331 -1.4126301e-05
-5.0208287 -11.939321 -1.4102459e-05
-4.9799857 -11.938312 -1.4066696e-05
-4.9391432 -11.937304 -1.4030933e-05
-4.8983002 -11.936294 -1.3947487e-05
-4.8619957 -11.935397 -1.3932586e-05
-4.8211532 -11.934386 -1.3887882e-05
-4.7803106 -11.933379 -1.3887882e-05
-4.7394676 -11.932369 -1.3804436e-05
-4.6986251 -11.93136 -1.3828278e-05
-4.6623206 -11.930463 -1.3768673e-05
-4.6214781 -11.929455 -1.3768673e-05
-4.5806355 -11.928446 -1.3709068e-05
-4.5359273 -11.936704 -1.3726099e-05
-4.4988585 -11.94281 -1.3694167e-05
-4.4623752 -11.94191 -1.3649464e-05
-4.4213309 -11.940896 -1.3613701e-05
-4.3802876 -11.939881 -1.3500452e-05
-4.3392439 -11.938868 -1.3506413e-05
-4.2982001 -11.937855 -1.3507903e-05
-4.2593346 -11.935074 -1.3477273e-05
-4.2192178 -11.952289 -1.3399124e-05
-4.1779723 -11.951269 -1.335144e-05
-4.1413102 -11.950364 -1.3336539e-05
-4.1000657 -11.949346 -1.335144e-05
-4.0588202 -11.948326 -1.3291836e-05
-4.0221581 -11.94742 -1.3232231e-05
-3.9809132 -11.946402 -1.322031e-05
-3.9396682 -11.945382 -1.3187528e-05
-3.898423 -11.944364 -1.320839e-05
-3.8571782 -11.943344 -1.3113022e-05
-3.8205161 -11.942439 -1.3113022e-05
-3.7792709 -11.94142 -1.2993813e-05
-3.7380261 -11.940401 -1.2993813e-05
-3.701364 -11.939495 -1.3008714e-05
-3.6601193 -11.938477 -1.2993813e-05
-3.6188743 -11.937457 -1.2904406e-05
-3.5913777 -11.936777 -1.2874603e-05
-6.4444923 -11.91083 -1.5258789e-05
-6.4222355 -11.910279 -1.5258789e-05
-6.3821745 -11.909288 -1.5223026e-05
-6.342114 -11.908299 -1.5258789e-05
-6.3020525 -11.90731 -1.5187264e-05
-6.2619915 -11.906321 -1.513958e-05
-6.2219305 -11.90533 -1.5103817e-05
-6.1818695 -11.904341 -1.5079975e-05
-6.1418085 -11.903352 -1.5103817e-05
-6.101747 -11.902361 -1.5079975e-05
-6.061686 -11.901372 -1.500845e-05
-6.0216246 -11.900382 -1.4901161e-05
-5.9815636 -11.899393 -1.487732e-05
-5.9415026 -11.898401 -1.4901161e-05
-5.9014411 -11.897413 -1.487732e-05
-5.8613801 -11.896423 -1.4841557e-05
-5.8213196 -11.895433 -1.4793873e-05
-5.7812581 -11.894444 -1.4722347e-05
-5.7411971 -11.893454 -1.475811e-05
-5.7011361 -11.892464 -1.4722347e-05
-5.6610751 -11.891474 -1.4710427e-05
-5.6210136 -11.890484 -1.4662743e-05
-5.5809531 -11.889496 -1.4626979e-05
-5.5381951 -11.898946 -1.4533599e-05
-5.5010867 -11.903284 -1.4543533e-05
-5.4608321 -11.902288 -1.4469028e-05
-5.420578 -11.901294 -1.4424324e-05
-5.3803234 -11.900301 -1.4379621e-05
-5.3400688 -11.899305 -1.4412403e-05
-5.2998142 -11.898312 -1.4357269e-05
-5.2595592 -11.897316 -1.4334917e-05
-5.219305 -11.896323 -1.4297664e-05
-5.185431 -11.904943 -1.4209747e-05
-5.1418042 -11.91017 -1.4209747e-05
-5.101356 -11.90917 -1.4185905e-05
-5.0609083 -11.908171 -1.4173985e-05
-5.0204601 -11.907171 -1.4126301e-05
-4.9800119 -11.906172 -1.4126301e-05
-4.9395638 -11.905172 -1.3977289e-05
-4.899116 -11.904175 -1.4007093e-05
-4.8586679 -11.903174 -1.3947487e-05
-4.8182197 -11.902175 -1.3947487e-05
-4.7777715 -11.901176 -1.3887882e-05
-4.741818 -11.900288 -1.3917685e-05
-4.7013698 -11.899289 -1.3875961e-05
-4.6609216 -11.89829 -1.3828278e-05
-4.6204739 -11.897291 -1.3792514e-05
-4.5800257 -11.896291 -1.3768673e-05
-4.539578 -11.895292 -1.3685227e-05
-4.4991298 -11.894292 -1.3649464e-05
-4.4586816 -11.893293 -1.3625622e-05
-4.4182339 -11.892294 -1.3589859e-05
-4.3822799 -11.891405 -1.3574958e-05
-4.3418322 -11.890406 -1.3554096e-05
-4.301384 -11.889406 -1.3560057e-05
-4.2609358 -11.888407 -1.347065e-05
-4.2190385 -11.903442 -1.3433397e-05
-4.1805935 -11.900707 -1.3404422e-05
-4.1400647 -11.903276 -1.3391177e-05
-4.0993466 -11.8987 -1.3397799e-05
-4.0587296 -11.901267 -1.3344817e-05
-4.0181003 -11.896693 -1.3252099e-05
-3.9797051 -11.89753 -1.3232231e-05
-3.9412472 -11.898365 -1.3218985e-05
-3.8999252 -11.911628 -1.3232231e-05
-3.8590827 -11.91062 -1.3232231e-05
-3.8182402 -11.90961 -1.3053417e-05
-3.7819357 -11.908712 -1.3053417e-05
-3.7410932 -11.907704 -1.3017654e-05
-3.7002506 -11.906695 -1.3053417e-05
-3.6594081 -11.905686 -1.2981892e-05
-3.6185656 -11.904676 -1.2934208e-05
-3.5913372 -11.904005 -1.2934208e-05
-6.4435549 -11.864706 -1.5377998e-05
-6.4216132 -11.864164 -1.5363097e-05
-6.3821177 -11.863188 -1.5300513e-05
-6.3382349 -11.862104 -1.5330315e-05
-6.2987394 -11.861129 -1.5288591e-05
-6.259244 -11.860153 -1.527667e-05
-6.2197495 -11.859177 -1.5199184e-05
-6.1802545 -11.858202 -1.5193224e-05
-6.1384573 -11.855482 -1.513958e-05
-6.0991774 -11.857883 -1.5132957e-05
-6.0634274 -11.857483 -1.5079975e-05
-6.0205956 -11.869431 -1.5079975e-05
-5.9809141 -11.86845 -1.4990568e-05
-5.9412322 -11.867469 -1.5020369e-05
-5.9015512 -11.866488 -1.4930964e-05
-5.8618693 -11.865508 -1.4901161e-05
-5.8177795 -11.864419 -1.4853477e-05
-5.7780981 -11.86344 -1.4841557e-05
-5.7384167 -11.862459 -1.4853477e-05
-5.6987352 -11.861478 -1.4841557e-05
-5.6590538 -11.860497 -1.4734268e-05
-5.6193724 -11.859518 -1.4662743e-05
-5.5796919 -11.858538 -1.4626979e-05
-5.5400095 -11.857557 -1.4662743e-05
-5.5003285 -11.856576 -1.4626979e-05
-5.4606471 -11.855597 -1.4603138e-05
-5.4209661 -11.854615 -1.4555454e-05
-5.3812847 -11.853636 -1.4483929e-05
-5.3416033 -11.852655 -1.450777e-05
-5.3019218 -11.851675 -1.4483929e-05
-5.2622409 -11.850694 -1.4460087e-05
-5.2181501 -11.849606 -1.4424324e-05
-5.1771803 -11.864057 -1.4334917e-05
-5.139452 -11.861405 -1.4311738e-05
-5.0997257 -11.86386 -1.4285247e-05
-5.0597515 -11.859438 -1.4205773e-05
-5.0199409 -11.86189 -1.417266e-05
-4.9800515 -11.857467 -1.4139547e-05
-4.9401569 -11.859919 -1.4152792e-05
-4.900351 -11.855499 -1.4146169e-05
-4.8603716 -11.857947 -1.4119678e-05
-4.8247175 -11.860503 -1.4007092e-05
-4.7797327 -11.8697 -1.3947487e-05
-4.7396717 -11.86871 -1.3917685e-05
-4.6996107 -11.86772 -1.3887882e-05
-4.6595497 -11.866732 -1.3872981e-05
-4.6194887 -11.865741 -1.3828278e-05
-4.5794277 -11.864752 -1.3798475e-05
-4.5393667 -11.863762 -1.373291e-05
-4.4993057 -11.862773 -1.3753772e-05
-4.4592447 -11.861783 -1.3709068e-05
-4.4191837 -11.860793 -1.3694167e-05
-4.3791232 -11.859803 -1.3649464e-05
-4.3390617 -11.858814 -1.3679266e-05
-4.2990007 -11.857823 -1.3589859e-05
-4.2589397 -11.856834 -1.3589859e-05
-4.2188787 -11.855844 -1.347065e-05
-4.1788182 -11.854855 -1.347065e-05
-4.1387572 -11.853865 -1.3434887e-05
-4.0986967 -11.852875 -1.347065e-05
-4.0586357 -11.851885 -1.3375282e-05
-4.0185747 -11.850896 -1.335144e-05
-3.9785137 -11.849905 -1.3303757e-05
-3.9384527 -11.848916 -1.3306737e-05
-3.8998954 -11.863726 -1.3267994e-05
-3.8596406 -11.862732 -1.3239682e-05
-3.819386 -11.861736 -1.3160706e-05
-3.7791319 -11.860744 -1.3098121e-05
-3.7388775 -11.859748 -1.3077259e-05
-3.6986229 -11.858753 -1.309067e-05
-3.6583683 -11.857758 -1.3065338e-05
-3.6181142 -11.856765 -1.3031065e-05
-3.5912778 -11.856101 -1.3023615e-05
-6.4426408 -11.819729 -1.5437603e-05
-6.4210057 -11.819195 -1.53929e-05
-6.3820624 -11.818233 -1.538992e-05
-6.3387923 -11.817163 -1.5366077e-05
-6.2998495 -11.816201 -1.5318394e-05
-6.2609062 -11.815239 -1.5246868e-05
-6.2176361 -11.814171 -1.5199184e-05
-6.1786933 -11.813208 -1.5154481e-05
-6.13975 -11.812246 -1.5199184e-05
-6.1008067 -11.811283 -1.5154481e-05
-6.0572715 -11.818717 -1.5122549e-05
-6.0190339 -11.822499 -1.5086598e-05
-5.9799981 -11.824843 -1.5046861e-05
-5.9408226 -11.820567 -1.5046861e-05
-5.8995476 -11.821203 -1.4990568e-05
-5.8582096 -11.821836 -1.4960766e-05
-5.8191605 -11.817562 -1.4901161e-05
-5.7799172 -11.819901 -1.487467e-05
-5.7409496 -11.81563 -1.487467e-05
-5.6995711 -11.816263 -1.4847517e-05
-5.6604452 -11.815295 -1.4811754e-05
-5.6221299 -11.82924 -1.4781952e-05
-5.5784531 -11.82816 -1.4722347e-05
-5.539145 -11.827188 -1.4781952e-05
-5.499836 -11.826218 -1.4662743e-05
-5.4605269 -11.825248 -1.4662743e-05
-5.4212179 -11.824276 -1.4603138e-05
-5.377542 -11.823197 -1.4591217e-05
-5.3382335 -11.822226 -1.4603138e-05
-5.2989244 -11.821256 -1.4603138e-05
-5.2596159 -11.820284 -1.4424324e-05
-5.2203074 -11.819312 -1.4424324e-05
-5.1809983 -11.81834 -1.4364719e-05
-5.1416898 -11.817369 -1.4400483e-05
-5.0980134 -11.81629 -1.4364719e-05
-5.0587044 -11.81532 -1.4364719e-05
-5.0193958 -11.814348 -1.4317035e-05
-4.9800873 -11.813378 -1.4305115e-05
-4.9407783 -11.812407 -1.4197826e-05
-4.9014702 -11.811436 -1.4185905e-05
-4.8621612 -11.810464 -1.4138222e-05
-4.8162479 -11.820709 -1.4081597e-05
-4.7804165 -11.823618 -1.4036894e-05
-4.740921 -11.822643 -1.4042855e-05
-4.6990733 -11.823294 -1.4013714e-05
-4.6598959 -11.818954 -1.3980601e-05
-4.6180482 -11.819607 -1.3941526e-05
-4.5785532 -11.81863 -1.3887882e-05
-4.5390582 -11.817655 -1.3875961e-05
-4.4995637 -11.816679 -1.385808e-05
-4.4600687 -11.815703 -1.3840198e-05
-4.4201164 -11.829889 -1.3768673e-05
-4.380435 -11.828909 -1.3768673e-05
-4.3407536 -11.827929 -1.360476e-05
-4.3010721 -11.826948 -1.3649464e-05
-4.2613916 -11.825968 -1.360476e-05
-4.2217102 -11.824987 -1.3589859e-05
-4.1820288 -11.824007 -1.3545156e-05
-4.1423473 -11.823027 -1.3542175e-05
-4.0982575 -11.821938 -1.3542175e-05
-4.0585761 -11.820957 -1.3530254e-05
-4.0188951 -11.819977 -1.3434887e-05
-3.9792137 -11.818996 -1.3411045e-05
-3.9395328 -11.818016 -1.335144e-05
-3.8998513 -11.817037 -1.335144e-05
-3.8601704 -11.816056 -1.3315677e-05
-3.8204892 -11.815075 -1.3291836e-05
-3.780808 -11.814095 -1.322031e-05
-3.741127 -11.813114 -1.3172626e-05
-3.7014458 -11.812134 -1.320839e-05
-3.6617646 -11.811154 -1.3172626e-05
-3.6220832 -11.810173 -1.3148785e-05
-3.5912201 -11.809411 -1.3113022e-05
-6.4417548 -11.776127 -1.5467405e-05
-6.4204168 -11.775599 -1.5407801e-05
-6.3838992 -11.77629 -1.5411111e-05
-6.3391557 -11.78794 -1.5377998e-05
-6.300571 -11.786987 -1.5377998e-05
-6.2619867 -11.786034 -1.5318394e-05
-6.2191157 -11.784975 -1.5318394e-05
-6.1805315 -11.784021 -1.5258789e-05
-6.1419473 -11.783068 -1.5318394e-05
-6.0990758 -11.782008 -1.513958e-05
-6.0604916 -11.781055 -1.513958e-05
-6.0219069 -11.780102 -1.5079975e-05
-5.9790359 -11.779042 -1.5091896e-05
-5.9404516 -11.778091 -1.5079975e-05
-5.9018679 -11.777138 -1.5079975e-05
-5.8589964 -11.776077 -1.5020369e-05
-5.8204122 -11.775125 -1.502037e-05
-5.7818284 -11.774172 -1.4901161e-05
-5.7389565 -11.773111 -1.4936924e-05
-5.7003727 -11.772159 -1.4841557e-05
-5.6617885 -11.771207 -1.4841557e-05
-5.6197128 -11.784781 -1.475811e-05
-5.5809493 -11.783825 -1.4722347e-05
-5.5421853 -11.782866 -1.4722347e-05
-5.499115 -11.781802 -1.4710427e-05
-5.4603505 -11.780846 -1.4647841e-05
-5.4215879 -11.779887 -1.463294e-05
-5.3785172 -11.778824 -1.4555454e-05
-5.3397532 -11.777866 -1.4603138e-05
-5.3009896 -11.776907 -1.4537572e-05
-5.2599401 -11.774269 -1.451042e-05
-5.2232032 -11.778639 -1.4454126e-05
-5.1791534 -11.788514 -1.4364719e-05
-5.1402106 -11.787552 -1.4379621e-05
-5.1012678 -11.786591 -1.4364719e-05
-5.0579977 -11.785521 -1.4328956e-05
-5.0190544 -11.784559 -1.4305115e-05
-4.9801111 -11.783596 -1.4233589e-05
-4.9411688 -11.782635 -1.4230609e-05
-4.9022255 -11.781672 -1.4197826e-05
-4.8589559 -11.780603 -1.4126301e-05
-4.8200126 -11.779642 -1.4096498e-05
-4.7810698 -11.778679 -1.4066696e-05
-4.7377996 -11.777611 -1.4066696e-05
-4.6988564 -11.776649 -1.4066696e-05
-4.6599135 -11.775686 -1.4019012e-05
-4.6209707 -11.774724 -1.3947487e-05
-4.5820279 -11.773762 -1.3923645e-05
-4.5387578 -11.772694 -1.3923645e-05
-4.4998145 -11.77173 -1.3887882e-05
-4.4608717 -11.770769 -1.3828278e-05
-4.419126 -11.782973 -1.380841e-05
-4.3803606 -11.785325 -1.376205e-05
-4.3388815 -11.782645 -1.3738871e-05
-4.2997551 -11.781679 -1.3716519e-05
-4.2606287 -11.780713 -1.3697148e-05
-4.2192535 -11.778035 -1.3656087e-05
-4.1802802 -11.780381 -1.3636218e-05
-4.1410422 -11.776102 -1.3596482e-05
-4.0997992 -11.776739 -1.3566018e-05
-4.0584927 -11.777372 -1.3510386e-05
-4.0236397 -11.77982 -1.3490518e-05
-3.9799008 -11.788668 -1.3434887e-05
-3.9405923 -11.787696 -1.3425946e-05
-3.9012837 -11.786726 -1.3446808e-05
-3.8576074 -11.785646 -1.3411045e-05
-3.8182988 -11.784675 -1.3321638e-05
-3.7789903 -11.783705 -1.3232231e-05
-3.7396817 -11.782733 -1.321733e-05
-3.7003732 -11.781761 -1.3232231e-05
-3.6610646 -11.780791 -1.3202429e-05
-3.6217561 -11.779819 -1.3172625e-05
-3.5911827 -11.779064 -1.3172626e-05
-6.4450998 -11.73368 -1.5437603e-05
-6.4198427 -11.733057 -1.5437603e-05
-6.3791299 -11.736747 -1.5417734e-05
-6.3396864 -11.745166 -1.5437603e-05
-6.2973986 -11.74412 -1.5395879e-05
-6.2593403 -11.74318 -1.5348196e-05
-6.2212806 -11.742239 -1.5318394e-05
-6.1789927 -11.741196 -1.5300513e-05
-6.1387153 -11.738635 -1.5285281e-05
-6.1008658 -11.740829 -1.5225675e-05
-6.0605879 -11.738271 -1.5193224e-05
-6.02037 -11.735711 -1.5172694e-05
-5.9802604 -11.736285 -1.5103817e-05
-5.9400916 -11.736857 -1.5106466e-05
-5.9015245 -11.735906 -1.5066729e-05
-5.8594894 -11.747391 -1.502037e-05
-5.8212576 -11.746447 -1.4972687e-05
-5.7787781 -11.745398 -1.4901161e-05
-5.7405462 -11.744452 -1.4930964e-05
-5.7023139 -11.743508 -1.4901161e-05
-5.6598349 -11.742458 -1.4865398e-05
-5.6173549 -11.741409 -1.4841557e-05
-5.579123 -11.740465 -1.4781952e-05
-5.5408912 -11.73952 -1.4770031e-05
-5.4984117 -11.73847 -1.4710427e-05
-5.4601793 -11.737526 -1.4662743e-05
-5.421948 -11.736582 -1.4626979e-05
-5.379468 -11.735533 -1.4603138e-05
-5.3412361 -11.734588 -1.4618039e-05
-5.3030043 -11.733644 -1.4603138e-05
-5.2605247 -11.732594 -1.4567375e-05
-5.2162633 -11.736283 -1.4533599e-05
-5.1808228 -11.746569 -1.443757e-05
-5.1401701 -11.74397 -1.4412403e-05
-5.0995784 -11.741372 -1.4397833e-05
-5.0612702 -11.743615 -1.4364719e-05
-5.0206785 -11.741018 -1.4334917e-05
-4.9801483 -11.738422 -1.4278624e-05
-4.9396152 -11.739015 -1.4287233e-05
-4.8990211 -11.739606 -1.4272001e-05
-4.8607183 -11.735472 -1.4252133e-05
-4.8201232 -11.736064 -1.4215708e-05
-4.779469 -11.736652 -1.4119678e-05
-4.7438984 -11.742789 -1.4102459e-05
-4.7014723 -11.74748 -1.4102459e-05
-4.6586013 -11.746422 -1.4007093e-05
-4.6200171 -11.745468 -1.399219e-05
-4.5814333 -11.744514 -1.3947487e-05
-4.5385618 -11.743456 -1.3971328e-05
-4.4999781 -11.742503 -1.3947487e-05
-4.4613938 -11.741549 -1.3923645e-05
-4.4185228 -11.740491 -1.3828278e-05
-4.3799386 -11.739537 -1.3798475e-05
-4.3413544 -11.738584 -1.373291e-05
-4.2984834 -11.737524 -1.3756752e-05
-4.2598991 -11.73657 -1.3709068e-05
-4.2213149 -11.735618 -1.3697148e-05
-4.1784439 -11.734559 -1.3649464e-05
-4.1398602 -11.733606 -1.3634562e-05
-4.1012764 -11.732653 -1.3589859e-05
-4.0584049 -11.731594 -1.3566018e-05
-4.0159822 -11.743073 -1.3496195e-05
-3.9809427 -11.742672 -1.3464027e-05
-3.9399991 -11.743284 -1.3417006e-05
-3.8989933 -11.743896 -1.3430913e-05
-3.8604071 -11.739694 -1.3397799e-05
-3.8194015 -11.740303 -1.3369322e-05
-3.780638 -11.739347 -1.334399e-05
-3.7418747 -11.73839 -1.3321638e-05
-3.6988041 -11.737325 -1.3285875e-05
-3.6600406 -11.736368 -1.321733e-05
-3.6212773 -11.735411 -1.3160706e-05
-3.5925629 -11.739573 -1.313289e-05
-6.4444995 -11.705992 -1.5556812e-05
-6.4194689 -11.705374 -1.5556812e-05
-6.3819222 -11.704446 -1.5521049e-05
-6.3402052 -11.703415 -1.5556812e-05
-6.2984867 -11.702384 -1.5377998e-05
-6.2567687 -11.701353 -1.5366077e-05
-6.2192225 -11.700426 -1.5318394e-05
-6.1816773 -11.699499 -1.5330315e-05
-6.1399589 -11.698467 -1.5318394e-05
-6.0982409 -11.697437 -1.5306472e-05
-6.0606952 -11.69651 -1.5258789e-05
-6.023149 -11.695582 -1.5246868e-05
-5.981431 -11.694551 -1.5211105e-05
-5.939713 -11.693521 -1.5223026e-05
-5.8958678 -11.697049 -1.5079975e-05
-5.8601856 -11.706929 -1.5073352e-05
-5.8203912 -11.704409 -1.4990568e-05
-5.7806559 -11.701891 -1.4980634e-05
-5.7407875 -11.702443 -1.4996529e-05
-5.6988807 -11.701408 -1.4954805e-05
-5.6589332 -11.701958 -1.4901161e-05
-5.6214895 -11.697959 -1.4887915e-05
-5.581542 -11.698508 -1.4811754e-05
-5.5396357 -11.697474 -1.4841557e-05
-5.4977293 -11.696438 -1.4781952e-05
-5.4600134 -11.695506 -1.4737248e-05
-5.4222975 -11.694574 -1.4692545e-05
-5.3829689 -11.702827 -1.4662743e-05
-5.3379917 -11.706328 -1.4662743e-05
-5.300106 -11.705393 -1.4647841e-05
-5.2622199 -11.704456 -1.4603138e-05
-5.2201247 -11.703417 -1.4567375e-05
-5.1780295 -11.702376 -1.4424324e-05
-5.1401434 -11.701441 -1.4454126e-05
-5.1022577 -11.700504 -1.4424324e-05
-5.0601625 -11.699465 -1.4400483e-05
-5.0180674 -11.698424 -1.4364719e-05
-4.9801817 -11.697489 -1.4334917e-05
-4.942296 -11.696551 -1.4340878e-05
-4.9002004 -11.695513 -1.4317035e-05
-4.8581052 -11.694473 -1.424551e-05
-4.8202195 -11.693537 -1.4185905e-05
-4.7823339 -11.692599 -1.4126301e-05
-4.7392545 -11.70406 -1.4119678e-05
-4.6989679 -11.704631 -1.4102459e-05
-4.6586213 -11.705198 -1.4079942e-05
-4.6209092 -11.701137 -1.4040205e-05
-4.5805631 -11.701706 -1.4001131e-05
-4.5382757 -11.700661 -1.398325e-05
-4.5002165 -11.699721 -1.398474e-05
-4.4621582 -11.69878 -1.3905764e-05
-4.4198709 -11.697736 -1.3870001e-05
-4.3795419 -11.695173 -1.3834901e-05
-4.341795 -11.697371 -1.380841e-05
-4.301466 -11.69481 -1.3798475e-05
-4.2612019 -11.703209 -1.3768673e-05
-4.2197723 -11.706882 -1.3709068e-05
-4.1815405 -11.705936 -1.3709068e-05
-4.139061 -11.704887 -1.3673305e-05
-4.1008296 -11.703943 -1.3709068e-05
-4.0625982 -11.702998 -1.3530254e-05
-4.0201187 -11.701949 -1.3518334e-05
-3.9776387 -11.700899 -1.347065e-05
-3.9394071 -11.699955 -1.3485551e-05
-3.9011753 -11.699011 -1.347065e-05
-3.858696 -11.697961 -1.3458729e-05
-3.8204641 -11.697017 -1.3411045e-05
-3.7822328 -11.696072 -1.3387204e-05
-3.739753 -11.695023 -1.3303757e-05
-3.6972733 -11.693974 -1.3327599e-05
-3.6590419 -11.693028 -1.3232231e-05
-3.6208103 -11.692084 -1.322031e-05
-3.5896571 -11.700879 -1.3172626e-05
-6.4477367 -11.665539 -1.5586615e-05
-6.4230375 -11.664928 -1.5562773e-05
-6.3818722 -11.663912 -1.5509129e-05
-6.3407078 -11.662893 -1.5497208e-05
-6.2995429 -11.661879 -1.5437603e-05
-6.258378 -11.660861 -1.5407801e-05
-6.2191296 -11.658406 -1.5377998e-05
-6.1801829 -11.65893 -1.5360118e-05
-6.1411796 -11.659449 -1.5377998e-05
-6.1019516 -11.656996 -1.5330315e-05
-6.0607862 -11.65598 -1.5288591e-05
-6.0196218 -11.654963 -1.5228987e-05
-5.9784565 -11.653944 -1.5211105e-05
-5.942708 -11.661072 -1.5163421e-05
-5.9022632 -11.665414 -1.513958e-05
-5.8609166 -11.664392 -1.5103817e-05
-5.8195696 -11.66337 -1.5079975e-05
-5.7782226 -11.662349 -1.4996529e-05
-5.736876 -11.661328 -1.5020369e-05
-5.6996627 -11.660408 -1.4960766e-05
-5.6624513 -11.65949 -1.4960766e-05
-5.6211042 -11.658468 -1.4901161e-05
-5.5797567 -11.657446 -1.4901161e-05
-5.5384097 -11.656425 -1.4901161e-05
-5.4970627 -11.655403 -1.4865398e-05
-5.4598503 -11.654484 -1.4722347e-05
-5.4226384 -11.653563 -1.4710427e-05
-5.3791714 -11.664572 -1.4649497e-05
-5.3394604 -11.665101 -1.4686584e-05
-5.2979279 -11.664075 -1.4638901e-05
-5.2583447 -11.661587 -1.4609761e-05
-5.221221 -11.66369 -1.4550156e-05
-5.1816378 -11.6612 -1.4531613e-05
-5.1401052 -11.660175 -1.4537572e-05
-5.0985727 -11.659149 -1.4525652e-05
-5.0590892 -11.656663 -1.4457438e-05
-5.01968 -11.6572 -1.4436245e-05
-4.9802141 -11.657735 -1.4358096e-05
-4.9407501 -11.65525 -1.4346838e-05
-4.8992181 -11.654224 -1.4305115e-05
-4.8627496 -11.661478 -1.4305115e-05
-4.8216767 -11.665899 -1.424551e-05
-4.7799592 -11.664869 -1.4221669e-05
-4.7382407 -11.663838 -1.4173985e-05
-4.700695 -11.66291 -1.4171004e-05
-4.6631494 -11.661983 -1.4126301e-05
-4.6214318 -11.660953 -1.411438e-05
-4.5797138 -11.659922 -1.4066696e-05
-4.5379958 -11.658892 -1.4054775e-05
-4.5004506 -11.657963 -1.4007092e-05
-4.462904 -11.657036 -1.3959408e-05
-4.4211864 -11.656006 -1.3887882e-05
-4.3794689 -11.654974 -1.3852119e-05
-4.3377509 -11.653944 -1.3864041e-05
-4.3002052 -11.653017 -1.385808e-05
-4.2597637 -11.664317 -1.3775296e-05
-4.2195997 -11.664862 -1.3750791e-05
-4.1797347 -11.662339 -1.3715691e-05
-4.1399961 -11.662894 -1.3685227e-05
-4.1001997 -11.663448 -1.3682577e-05
-4.0603552 -11.660927 -1.3643503e-05
-4.0205693 -11.658406 -1.3589859e-05
-3.9807518 -11.658961 -1.3566018e-05
-3.9388454 -11.657926 -1.3494491e-05
-3.8989482 -11.658478 -1.3497141e-05
-3.8614049 -11.654476 -1.3477273e-05
-3.8215077 -11.655027 -1.3411045e-05
-3.7829466 -11.657534 -1.3373792e-05
-3.7383728 -11.666809 -1.3363361e-05
-3.7004871 -11.665873 -1.335144e-05
-3.6626015 -11.664938 -1.333952e-05
-3.6205063 -11.663898 -1.3291836e-05
-3.5910397 -11.66317 -1.3291836e-05
-6.4465265 -11.61303 -1.5646219e-05
-6.4224486 -11.625326 -1.5568734e-05
-6.3818235 -11.624323 -1.5509129e-05
-6.3411989 -11.623319 -1.5509129e-05
-6.3005743 -11.622315 -1.5497208e-05
-6.2599492 -11.621312 -1.5437603e-05
-6.2193246 -11.620309 -1.5437603e-05
-6.1786995 -11.619304 -1.538992e-05
-6.1380749 -11.618299 -1.5413762e-05
-6.0974503 -11.617297 -1.5318394e-05
-6.0568252 -11.616293 -1.5294552e-05
-6.0202632 -11.615391 -1.5258789e-05
-5.9837008 -11.614487 -1.5234948e-05
-5.9395504 -11.625057 -1.5232298e-05
-5.9003553 -11.625545 -1.5211105e-05
-5.8595514 -11.624537 -1.5169382e-05
-5.8208418 -11.622124 -1.5126334e-05
-5.782042 -11.622623 -1.5079975e-05
-5.7412386 -11.621614 -1.5097857e-05
-5.7004347 -11.620607 -1.502037e-05
-5.6596313 -11.619598 -1.4960766e-05
-5.6188269 -11.618591 -1.4930964e-05
-5.5780244 -11.617582 -1.4853477e-05
-5.53722 -11.616574 -1.48952e-05
-5.4982462 -11.617069 -1.4854802e-05
-5.4619436 -11.613256 -1.4834934e-05
-5.4229693 -11.613751 -1.4775991e-05
-5.3846817 -11.621552 -1.4732282e-05
-5.3408952 -11.624843 -1.4734268e-05
-5.2999125 -11.62383 -1.4722347e-05
-5.2589297 -11.622818 -1.4662743e-05
-5.2179475 -11.621805 -1.4662743e-05
-5.1769648 -11.620792 -1.4603138e-05
-5.1400805 -11.619882 -1.4662743e-05
-5.1031957 -11.61897 -1.4483929e-05
-5.0622129 -11.617958 -1.4472008e-05
-5.0212302 -11.616945 -1.4424324e-05
-4.9802485 -11.615932 -1.4412403e-05
-4.9392653 -11.61492 -1.4412403e-05
-4.8982825 -11.613908 -1.437664e-05
-4.8568048 -11.624751 -1.4278624e-05
-4.8196139 -11.626798 -1.4258756e-05
-4.7805786 -11.624351 -1.4221669e-05
-4.7415996 -11.621904 -1.4238887e-05
-4.702384 -11.622419 -1.4221669e-05
-4.6612186 -11.621402 -1.4197825e-05
-4.6200542 -11.620386 -1.4126301e-05
-4.5788898 -11.619369 -1.4072657e-05
-4.537725 -11.618352 -1.4072657e-05
-4.4984078 -11.615897 -1.4033582e-05
-4.4617805 -11.61796 -1.4007093e-05
-4.4224639 -11.615503 -1.3971328e-05
-4.381299 -11.614487 -1.3917685e-05
-4.3430119 -11.616879 -1.3887882e-05
-4.2980027 -11.62578 -1.3828278e-05
-4.2566557 -11.624759 -1.3804436e-05
-4.2194433 -11.623839 -1.3768673e-05
-4.1822314 -11.62292 -1.3744831e-05
-4.1408844 -11.6219 -1.373291e-05
-4.0995378 -11.620877 -1.373291e-05
-4.0581908 -11.619856 -1.3709068e-05
-4.0168438 -11.618834 -1.3613701e-05
-3.9796319 -11.617914 -1.3589859e-05
-3.9424198 -11.616996 -1.3577938e-05
-3.9010727 -11.615974 -1.3589859e-05
-3.859726 -11.614952 -1.3494491e-05
-3.8183792 -11.613932 -1.347065e-05
-3.7739429 -11.620599 -1.3368471e-05
-3.7382631 -11.627054 -1.3371308e-05
-3.7012138 -11.623116 -1.3384554e-05
-3.6615932 -11.623648 -1.335144e-05
-3.6200614 -11.622622 -1.3303757e-05
-3.5909886 -11.621904 -1.3232231e-05
-6.4456449 -11.574778 -1.5616417e-05
-6.4218764 -11.58686 -1.5586615e-05
-6.3817768 -11.585871 -1.5598536e-05
-6.3416758 -11.584879 -1.5586615e-05
-6.3015757 -11.583889 -1.5562773e-05
-6.2614756 -11.582897 -1.552701e-05
-6.2213755 -11.581907 -1.5467405e-05
-6.1812754 -11.580917 -1.5419722e-05
-6.1411748 -11.579926 -1.5425681e-05
-6.1010742 -11.578936 -1.5407801e-05
-6.0609746 -11.577945 -1.5360118e-05
-6.020874 -11.576954 -1.5348196e-05
-5.9807744 -11.575964 -1.5306472e-05
-5.9406743 -11.574972 -1.5336274e-05
-5.9005733 -11.573981 -1.5228987e-05
-5.8620005 -11.574436 -1.521243e-05
-5.8179688 -11.58461 -1.513958e-05
-5.7776957 -11.583616 -1.5127659e-05
-5.7374225 -11.582621 -1.5079975e-05
-5.6971493 -11.581625 -1.5032291e-05
-5.6568766 -11.58063 -1.4960766e-05
-5.6166039 -11.579636 -1.4925003e-05
-5.5763307 -11.578641 -1.4913082e-05
-5.5400848 -11.577745 -1.4930964e-05
-5.5038395 -11.576851 -1.4901161e-05
-5.4635658 -11.575854 -1.4865398e-05
-5.4232931 -11.574861 -1.4841557e-05
-5.3809628 -11.585273 -1.4755461e-05
-5.3422875 -11.585749 -1.4770031e-05
-5.3018394 -11.584751 -1.4734268e-05
-5.2613902 -11.583751 -1.4692545e-05
-5.2209411 -11.582751 -1.4644861e-05
-5.1804924 -11.581753 -1.462102e-05
-5.1400437 -11.580752 -1.4603138e-05
-5.0995951 -11.579755 -1.4591217e-05
-5.0591459 -11.578753 -1.4549494e-05
-5.0186968 -11.577756 -1.4531613e-05
-4.9802814 -11.575375 -1.4430947e-05
-4.9418616 -11.575857 -1.4448166e-05
-4.9014134 -11.574858 -1.4424324e-05
-4.8609643 -11.573858 -1.4352799e-05
-4.824532 -11.578483 -1.4305115e-05
-4.781208 -11.58478 -1.4281273e-05
-4.7405834 -11.583776 -1.4221669e-05
-4.6999588 -11.582772 -1.4221669e-05
-4.6593337 -11.581768 -1.4185904e-05
-4.6187091 -11.580765 -1.4162064e-05
-4.5780845 -11.579761 -1.4126301e-05
-4.5374603 -11.578757 -1.4126301e-05
-4.4968352 -11.577754 -1.4126301e-05
-4.4602733 -11.57685 -1.4036894e-05
-4.4237108 -11.575948 -1.4007093e-05
-4.3830862 -11.574944 -1.3959408e-05
-4.3385081 -11.581339 -1.3973032e-05
-4.3008871 -11.586031 -1.3917685e-05
-4.2600832 -11.585023 -1.385808e-05
-4.2192798 -11.584015 -1.3786555e-05
-4.1784759 -11.583007 -1.3762712e-05
-4.1396794 -11.58059 -1.376205e-05
-4.1009669 -11.581092 -1.3762712e-05
-4.060164 -11.580084 -1.372695e-05
-4.0193605 -11.579076 -1.3697148e-05
-3.9785562 -11.578067 -1.3625622e-05
-3.9397295 -11.578566 -1.3583236e-05
-3.9010117 -11.576152 -1.3571977e-05
-3.860208 -11.575144 -1.3542175e-05
-3.8215663 -11.572732 -1.3510386e-05
-3.7859604 -11.57659 -1.3485551e-05
-3.742574 -11.585356 -1.3387204e-05
-3.7015915 -11.584343 -1.3411045e-05
-3.6606095 -11.58333 -1.335144e-05
-3.6196265 -11.582318 -1.335144e-05
-3.5909388 -11.58161 -1.3291836e-05
-6.444788 -11.537605 -1.5646219e-05
-6.4211349 -11.537021 -1.5646219e-05
-6.3817143 -11.536047 -1.5622378e-05
-6.3422942 -11.535073 -1.5646219e-05
-6.3028736 -11.534099 -1.5592575e-05
-6.2613559 -11.53196 -1.556765e-05
-6.2249055 -11.540336 -1.5497208e-05
-6.1798339 -11.543303 -1.5497208e-05
-6.1362867 -11.542227 -1.5437603e-05
-6.0966997 -11.541249 -1.5413762e-05
-6.0571117 -11.540271 -1.5377998e-05
-6.0175238 -11.539293 -1.5342235e-05
-5.9779367 -11.538316 -1.5330315e-05
-5.9383488 -11.537336 -1.5330315e-05
-5.8987617 -11.53636 -1.5318394e-05
-5.8571 -11.539482 -1.5209119e-05
-5.8211818 -11.546897 -1.5169382e-05
-5.7814245 -11.545915 -1.5109777e-05
-5.7416668 -11.544931 -1.5133619e-05
-5.7019091 -11.54395 -1.5091896e-05
-5.6621523 -11.542967 -1.5068054e-05
-5.622395 -11.541986 -1.4996529e-05
-5.5826373 -11.541004 -1.4978647e-05
-5.5428796 -11.540022 -1.4990568e-05
-5.5031219 -11.539038 -1.4972687e-05
-5.4633646 -11.538057 -1.4901161e-05
-5.4236073 -11.537075 -1.4871359e-05
-5.3817158 -11.534906 -1.4846975e-05
-5.3401337 -11.535012 -1.4823675e-05
-5.3003759 -11.53403 -1.4805793e-05
-5.2606192 -11.533049 -1.476407e-05
-5.2238669 -11.544594 -1.4722347e-05
-5.1839399 -11.543608 -1.4650822e-05
-5.1400199 -11.542522 -1.4652808e-05
-5.0960999 -11.541437 -1.4603138e-05
-5.0561724 -11.540451 -1.4591217e-05
-5.0162449 -11.539465 -1.4543533e-05
-4.9763184 -11.538478 -1.4519692e-05
-4.9363909 -11.537492 -1.4483929e-05
-4.8964639 -11.536505 -1.4460087e-05
-4.8565359 -11.535519 -1.4424324e-05
-4.814559 -11.543983 -1.4334917e-05
-4.7778034 -11.546244 -1.4281273e-05
-4.7377028 -11.545252 -1.4275312e-05
-4.6976027 -11.544262 -1.424551e-05
-4.6575031 -11.543272 -1.4209747e-05
-4.617403 -11.542281 -1.4156103e-05
-4.5773029 -11.54129 -1.411438e-05
-4.5372028 -11.540299 -1.4138222e-05
-4.4971032 -11.53931 -1.411438e-05
-4.4570026 -11.538318 -1.4084578e-05
-4.416903 -11.537329 -1.4019012e-05
-4.3768024 -11.536338 -1.3995171e-05
-4.3385792 -11.533985 -1.3967355e-05
-4.3006296 -11.534455 -1.3959408e-05
-4.2605295 -11.533464 -1.3929605e-05
-4.2249112 -11.541032 -1.3897817e-05
-4.1828861 -11.544216 -1.3840198e-05
-4.1426129 -11.543221 -1.3852119e-05
-4.1023397 -11.542227 -1.3828278e-05
-4.062067 -11.541231 -1.3792514e-05
-4.0217943 -11.540236 -1.3649464e-05
-3.9815216 -11.539241 -1.3637543e-05
-3.9412484 -11.538246 -1.3613701e-05
-3.9009757 -11.537251 -1.3625622e-05
-3.8607025 -11.536257 -1.3589859e-05
-3.82043 -11.535261 -1.3518334e-05
-3.7771564 -11.541558 -1.347065e-05
-3.740551 -11.546179 -1.3476611e-05
-3.7001023 -11.545179 -1.3476611e-05
-3.6596534 -11.54418 -1.3446808e-05
-3.6192048 -11.54318 -1.335144e-05
-3.5908906 -11.542481 -1.3291836e-05
-6.3816705 -11.499723 -1.5699863e-05
-6.3427458 -11.498762 -1.5711785e-05
-6.2999272 -11.497704 -1.5676022e-05
-6.2571096 -11.496646 -1.5628339e-05
-6.2158408 -11.506329 -1.5563435e-05
-6.1784205 -11.506742 -1.5515088e-05
-6.1393318 -11.505777 -1.552701e-05
-6.1002426 -11.504811 -1.5473366e-05
-6.0611529 -11.503845 -1.5461444e-05
-6.0200763 -11.501736 -1.5394255e-05
-5.9790826 -11.501818 -1.5383959e-05
-5.9399929 -11.500851 -1.5377998e-05
-5.9009042 -11.499886 -1.5318394e-05
-5.8598309 -11.499966 -1.5258789e-05
-5.818799 -11.497858 -1.5223026e-05
-5.7797098 -11.49689 -1.5211105e-05
-5.7406206 -11.495926 -1.5163421e-05
-5.699667 -11.49382 -1.5134161e-05
-5.6585498 -11.493898 -1.5085936e-05
-5.6194606 -11.492933 -1.5068054e-05
-5.5839467 -11.497215 -1.502037e-05
-5.5416746 -11.503051 -1.5079975e-05
-5.5024214 -11.502081 -1.4960766e-05
-5.4631681 -11.501111 -1.4948845e-05
-5.4199891 -11.500043 -1.4901161e-05
-5.3768106 -11.498978 -1.4865398e-05
-5.3375568 -11.498008 -1.4901161e-05
-5.2983036 -11.497037 -1.4865398e-05
-5.2590504 -11.496068 -1.4841557e-05
-5.2188268 -11.507318 -1.475215e-05
-5.1794057 -11.506344 -1.4722347e-05
-5.1399851 -11.505369 -1.4686584e-05
-5.100565 -11.504396 -1.462102e-05
-5.0611444 -11.503423 -1.4555454e-05
-5.0217237 -11.502447 -1.4537572e-05
-4.9803414 -11.500313 -1.4489347e-05
-4.9389577 -11.500402 -1.4519692e-05
-4.8995371 -11.49943 -1.4454126e-05
-4.860117 -11.498456 -1.4406442e-05
-4.8206968 -11.497482 -1.4364719e-05
-4.7812757 -11.496508 -1.4334917e-05
-4.7418556 -11.495535 -1.4346838e-05
-4.7024355 -11.49456 -1.4311076e-05
-4.6630144 -11.493586 -1.4269352e-05
-4.622879 -11.495043 -1.4227629e-05
-4.576539 -11.503694 -1.4185904e-05
-4.5369511 -11.502714 -1.4185904e-05
-4.497364 -11.501738 -1.4185904e-05
-4.4577765 -11.50076 -1.4126301e-05
-4.418189 -11.499782 -1.4102459e-05
-4.3786016 -11.498804 -1.4007093e-05
-4.3390141 -11.497826 -1.4030933e-05
-4.2994266 -11.496847 -1.4007093e-05
-4.2598395 -11.495869 -1.398325e-05
-4.2173438 -11.50589 -1.3894505e-05
-4.1792192 -11.506332 -1.3852119e-05
-4.139461 -11.50535 -1.3840198e-05
-4.0997038 -11.504367 -1.3840198e-05
-4.059947 -11.503386 -1.3798475e-05
-4.0201898 -11.502402 -1.3768673e-05
-3.980432 -11.50142 -1.3738871e-05
-3.940675 -11.500439 -1.3720989e-05
-3.9009175 -11.499456 -1.3709068e-05
-3.859256 -11.497295 -1.3638626e-05
-3.8174446 -11.497395 -1.3607741e-05
-3.7776871 -11.496412 -1.3554096e-05
-3.7379298 -11.495428 -1.3500452e-05
-3.6981723 -11.494448 -1.3452768e-05
-3.6584153 -11.493464 -1.3417006e-05
-3.6216609 -11.49567 -1.3381243e-05
-3.5908434 -11.50425 -1.335144e-05
-6.3411083 -11.46234 -1.5746464e-05
-6.2991271 -11.463421 -1.5730207e-05
-6.2586088 -11.461362 -1.5646219e-05
-6.2201657 -11.460411 -1.5616417e-05
-6.1817222 -11.459462 -1.5574693e-05
-6.1412792 -11.457404 -1.5589323e-05
-6.0991473 -11.45848 -1.5556812e-05
-6.0587049 -11.456423 -1.5497208e-05
-6.0202618 -11.455473 -1.5467405e-05
-5.9798784 -11.453416 -1.5399673e-05
-5.9395461 -11.453479 -1.5425681e-05
-5.901103 -11.452529 -1.5383959e-05
-5.8634934 -11.457421 -1.5363097e-05
-5.8180518 -11.462122 -1.5258789e-05
-5.7794499 -11.461168 -1.5246868e-05
-5.7408476 -11.460215 -1.5258789e-05
-5.7022457 -11.459261 -1.5223026e-05
-5.6597838 -11.458211 -1.5199184e-05
-5.617322 -11.457163 -1.5151501e-05
-5.576211 -11.465026 -1.5102327e-05
-5.5405035 -11.467104 -1.5044212e-05
-5.5017405 -11.466146 -1.501441e-05
-5.4629769 -11.465189 -1.4972687e-05
-5.4203372 -11.464134 -1.4950831e-05
-5.3776979 -11.463081 -1.4901161e-05
-5.3389335 -11.462124 -1.4919043e-05
-5.3001709 -11.461165 -1.4871359e-05
-5.2614069 -11.460208 -1.4835596e-05
-5.220623 -11.458123 -1.4781952e-05
-5.1800203 -11.458198 -1.4740229e-05
-5.1393695 -11.458271 -1.4760278e-05
-5.0986004 -11.456186 -1.4698506e-05
-5.0598373 -11.455229 -1.4680624e-05
-5.0210738 -11.45427 -1.4603138e-05
-4.9803815 -11.452189 -1.4586883e-05
-4.9415984 -11.453624 -1.4589892e-05
-4.9025207 -11.463181 -1.4531613e-05
-4.8597031 -11.462123 -1.4483929e-05
-4.8168859 -11.461066 -1.4412403e-05
-4.7779608 -11.460104 -1.4364719e-05
-4.7390356 -11.459143 -1.437664e-05
-4.7001109 -11.458181 -1.4364719e-05
-4.6611862 -11.45722 -1.4317035e-05
-4.6197915 -11.46021 -1.429518e-05
-4.5814986 -11.468384 -1.4196743e-05
-4.5388227 -11.46514 -1.4191322e-05
-4.4976182 -11.465217 -1.4168024e-05
-4.458529 -11.464252 -1.4144182e-05
-4.4194398 -11.463286 -1.4102459e-05
-4.3803501 -11.46232 -1.4078617e-05
-4.3412619 -11.461355 -1.4042855e-05
-4.3021727 -11.46039 -1.4019014e-05
-4.2610574 -11.45828 -1.3979999e-05
-4.2201014 -11.458361 -1.3941526e-05
-4.1810122 -11.457396 -1.3911724e-05
-4.1399937 -11.457477 -1.3904138e-05
-4.0989084 -11.455367 -1.3893843e-05
-4.0598197 -11.454401 -1.3822317e-05
-4.0207305 -11.453436 -1.3780594e-05
-3.9816418 -11.452471 -1.3744831e-05
-3.9401367 -11.463484 -1.373291e-05
-3.9008834 -11.462513 -1.3709068e-05
-3.86163 -11.461545 -1.3685227e-05
-3.8223767 -11.460574 -1.3589859e-05
-3.7831235 -11.459605 -1.3577938e-05
-3.7399447 -11.458538 -1.3550122e-05
-3.6967664 -11.457471 -1.3554096e-05
-3.6575131 -11.456501 -1.3530254e-05
-3.6149423 -11.462446 -1.3428075e-05
-3.5907977 -11.467097 -1.3396144e-05
-6.2983704 -11.416522 -1.5699863e-05
-6.2605524 -11.415589 -1.5676022e-05
-6.220737 -11.413581 -1.5632673e-05
-6.1793499 -11.414607 -1.5610998e-05
-6.1395345 -11.4126 -1.5586615e-05
-6.101717 -11.411665 -1.5574693e-05
-6.0626211 -11.421968 -1.5556812e-05
-6.0208526 -11.420936 -1.5497208e-05
-5.9790831 -11.419905 -1.5461444e-05
-5.9411116 -11.418965 -1.5461444e-05
-5.8993421 -11.417933 -1.5437603e-05
-5.8559675 -11.425452 -1.5355647e-05
-5.8211322 -11.427456 -1.5336274e-05
-5.7810402 -11.427506 -1.5258789e-05
-5.7392139 -11.42439 -1.5280464e-05
-5.699122 -11.424441 -1.5228987e-05
-5.6609945 -11.4235 -1.5205145e-05
-5.6208434 -11.423549 -1.5166673e-05
-5.5791359 -11.420436 -1.5107068e-05
-5.5389853 -11.420485 -1.5103817e-05
-5.5008574 -11.419543 -1.5062094e-05
-5.462729 -11.418602 -1.5044212e-05
-5.4207878 -11.417564 -1.4995535e-05
-5.3788476 -11.416529 -1.4942884e-05
-5.3407192 -11.415586 -1.4930964e-05
-5.3005748 -11.413553 -1.4901161e-05
-5.2588549 -11.414605 -1.4868649e-05
-5.2187095 -11.412573 -1.4823675e-05
-5.1821485 -11.412943 -1.4808443e-05
-5.141202 -11.422112 -1.4746189e-05
-5.1029181 -11.421166 -1.4722347e-05
-5.0608058 -11.420125 -1.4672677e-05
-5.018693 -11.419086 -1.4650822e-05
-4.9804087 -11.418139 -1.4603138e-05
-4.9388518 -11.420995 -1.4613072e-05
-4.8996997 -11.42673 -1.4554371e-05
-4.8593111 -11.426791 -1.4519692e-05
-4.820868 -11.425841 -1.4483929e-05
-4.7804193 -11.425901 -1.4451417e-05
-4.7382998 -11.422742 -1.4462255e-05
-4.6978507 -11.422802 -1.4388561e-05
-4.6594076 -11.421853 -1.4352799e-05
-4.620965 -11.420902 -1.4317035e-05
-4.5825214 -11.419953 -1.4293194e-05
-4.5402346 -11.41891 -1.4290214e-05
-4.4979467 -11.417864 -1.424551e-05
-4.4595041 -11.416914 -1.4185904e-05
-4.4210615 -11.415964 -1.4150142e-05
-4.3805804 -11.413906 -1.4115463e-05
-4.3385243 -11.414984 -1.4126301e-05
-4.2980437 -11.412924 -1.4102459e-05
-4.2611833 -11.413308 -1.4020337e-05
-4.2199326 -11.422641 -1.4007093e-05
-4.1813307 -11.421686 -1.3947487e-05
-4.1427293 -11.420732 -1.398325e-05
-4.1002674 -11.419683 -1.3947487e-05
-4.0578051 -11.418635 -1.3923645e-05
-4.0192032 -11.417682 -1.3887882e-05
-3.9772577 -11.42059 -1.380841e-05
-3.9395916 -11.427553 -1.3774634e-05
-3.8989565 -11.425473 -1.377951e-05
-3.8582046 -11.425543 -1.3709068e-05
-3.8194413 -11.424584 -1.3673305e-05
-3.7806783 -11.423627 -1.3637543e-05
-3.7419152 -11.42267 -1.3607741e-05
-3.7010725 -11.422738 -1.3606114e-05
-3.6587145 -11.419538 -1.3557347e-05
-3.6178722 -11.419604 -1.3512373e-05
-3.5907378 -11.418935 -1.3485551e-05
-6.262434 -11.371281 -1.5771389e-05
-6.2208734 -11.381165 -1.5676022e-05
-6.1797757 -11.380149 -1.5699863e-05
-6.1424136 -11.379225 -1.5735626e-05
-6.0983052 -11.381304 -1.5624932e-05
-6.0589304 -11.38825 -1.5586615e-05
-6.0195103 -11.386269 -1.5535137e-05
-5.9801683 -11.386306 -1.5532971e-05
-5.9407821 -11.386341 -1.5491789e-05
-5.8995128 -11.383305 -1.5453859e-05
-5.8601265 -11.383341 -1.5407801e-05
-5.8206968 -11.383374 -1.5361742e-05
-5.7795143 -11.380341 -1.5361742e-05
-5.7400846 -11.380374 -1.5330315e-05
-5.7006111 -11.380406 -1.5285883e-05
-5.6595173 -11.377377 -1.5231696e-05
-5.6200433 -11.377409 -1.5199184e-05
-5.5805249 -11.37744 -1.517751e-05
-5.5395198 -11.374412 -1.5172091e-05
-5.5000014 -11.374443 -1.5127659e-05
-5.4604459 -11.372458 -1.5058301e-05
-5.4195166 -11.373463 -1.5031206e-05
-5.3799601 -11.371477 -1.4990568e-05
-5.3420219 -11.381628 -1.4996529e-05
-5.3005919 -11.380604 -1.4901161e-05
-5.259161 -11.37958 -1.4865398e-05
-5.2214966 -11.37865 -1.4841557e-05
-5.1781268 -11.380798 -1.4781952e-05
-5.1393294 -11.388912 -1.4809045e-05
-5.099555 -11.386907 -1.4734268e-05
-5.0598254 -11.384901 -1.471151e-05
-5.020153 -11.384944 -1.4668703e-05
-4.9804354 -11.384988 -1.4646487e-05
-4.9388528 -11.381912 -1.4630231e-05
-4.8991356 -11.381955 -1.4579296e-05
-4.8613176 -11.381021 -1.4543533e-05
-4.8215413 -11.381063 -1.4527278e-05
-4.780076 -11.37799 -1.4505603e-05
-4.7403002 -11.378032 -1.4495849e-05
-4.7004795 -11.378072 -1.4445998e-05
-4.6591039 -11.375001 -1.4397231e-05
-4.6192822 -11.375042 -1.4364719e-05
-4.5814648 -11.374107 -1.4334917e-05
-4.539865 -11.373078 -1.4315049e-05
-4.4982653 -11.372051 -1.4281273e-05
-4.4635768 -11.376024 -1.4219965e-05
-4.4222441 -11.381441 -1.4185904e-05
-4.3804755 -11.38041 -1.4136235e-05
-4.338706 -11.379377 -1.4150142e-05
-4.3007345 -11.378439 -1.4066696e-05
-4.2598615 -11.381248 -1.4046828e-05
-4.2216249 -11.386898 -1.3990836e-05
-4.1797957 -11.387948 -1.3958324e-05
-4.1397057 -11.385916 -1.3953448e-05
-4.0996614 -11.383885 -1.3925813e-05
-4.0596523 -11.383938 -1.3852119e-05
-4.019599 -11.38399 -1.381744e-05
-3.9795685 -11.38196 -1.3792514e-05
-3.9395845 -11.37993 -1.3784928e-05
-3.8995156 -11.379982 -1.3798475e-05
-3.861388 -11.379041 -1.3750791e-05
-3.82126 -11.37909 -1.3687394e-05
-3.7795069 -11.375977 -1.3654882e-05
-3.7393787 -11.376026 -1.3643503e-05
-3.7012513 -11.375084 -1.3673305e-05
-3.6593103 -11.374047 -1.3634562e-05
-3.6173699 -11.373012 -1.3583898e-05
-3.5906804 -11.372353 -1.3560057e-05
-6.2573495 -11.341835 -1.5803746e-05
-6.2190523 -11.348559 -1.5795231e-05
-6.1801991 -11.346623 -1.5778975e-05
-6.1397676 -11.347577 -1.5751883e-05
-6.1009154 -11.34564 -1.5705824e-05
-6.0603061 -11.344638 -1.5671054e-05
-6.0196962 -11.343634 -1.5646219e-05
-5.980916 -11.341702 -1.5594742e-05
-5.940341 -11.34265 -1.5589323e-05
-5.8997264 -11.339695 -1.5529718e-05
-5.8590927 -11.340643 -1.5497208e-05
-5.8185377 -11.337689 -1.5470114e-05
-5.7797475 -11.337708 -1.538992e-05
-5.7409143 -11.337724 -1.5399673e-05
-5.7004437 -11.334771 -1.5356323e-05
-5.6596665 -11.335717 -1.5323812e-05
-5.6192546 -11.332767 -1.52913e-05
-5.5803928 -11.332782 -1.5228987e-05
-5.539783 -11.331779 -1.522402e-05
-5.5019827 -11.333529 -1.5199184e-05
-5.4586072 -11.340511 -1.5199184e-05
-5.4178367 -11.339504 -1.513958e-05
-5.3807726 -11.338589 -1.5115738e-05
-5.3395691 -11.348479 -1.5030305e-05
-5.298635 -11.347469 -1.5002489e-05
-5.2614222 -11.346549 -1.4960766e-05
-5.2204881 -11.345538 -1.4930964e-05
-5.1795545 -11.344526 -1.4901161e-05
-5.14043 -11.342568 -1.4868649e-05
-5.099596 -11.343544 -1.4825301e-05
-5.0604725 -11.341586 -1.4811754e-05
-5.0213923 -11.339628 -1.4792789e-05
-4.9804721 -11.340602 -1.474944e-05
-4.9395537 -11.337606 -1.474944e-05
-4.9004717 -11.337633 -1.4716386e-05
-4.8613477 -11.337658 -1.4651905e-05
-4.8205166 -11.334667 -1.4603138e-05
-4.779449 -11.335636 -1.4548952e-05
-4.738678 -11.332644 -1.4570626e-05
-4.699523 -11.332668 -1.4543533e-05
-4.6603246 -11.332693 -1.4511022e-05
-4.6231208 -11.335457 -1.4458384e-05
-4.5806937 -11.340643 -1.4388561e-05
-4.5395961 -11.339629 -1.441439e-05
-4.498498 -11.338614 -1.4364719e-05
-4.4581404 -11.345932 -1.4305115e-05
-4.4196434 -11.347753 -1.4230609e-05
-4.3783798 -11.346735 -1.4197826e-05
-4.340867 -11.345807 -1.4203787e-05
-4.3013949 -11.343823 -1.4175068e-05
-4.2602978 -11.344825 -1.4093789e-05
-4.2208257 -11.342842 -1.4054775e-05
-4.181397 -11.340859 -1.4028766e-05
-4.1402125 -11.341858 -1.4028766e-05
-4.0988994 -11.338821 -1.4007092e-05
-4.059535 -11.338857 -1.3929605e-05
-4.0201273 -11.338891 -1.3909556e-05
-3.9789023 -11.335856 -1.3887882e-05
-3.9394944 -11.335891 -1.3887882e-05
-3.9000425 -11.335925 -1.3877045e-05
-3.8589048 -11.332892 -1.3828278e-05
-3.819453 -11.332925 -1.3762712e-05
-3.7799575 -11.332958 -1.3709068e-05
-3.742521 -11.335776 -1.3692038e-05
-3.6998646 -11.341059 -1.3649464e-05
-3.6622002 -11.340128 -1.3625622e-05
-3.6207695 -11.339104 -1.3530254e-05
-3.5906386 -11.33836 -1.3530254e-05
-6.2196183 -11.305345 -1.5816906e-05
-6.1798472 -11.306253 -1.5822325e-05
-6.1396976 -11.30337 -1.583316e-05
-6.0998702 -11.304277 -1.5789812e-05
-6.0597763 -11.301395 -1.5708532e-05
-6.0198917 -11.302301 -1.5670603e-05
-5.9798555 -11.299421 -1.5670603e-05
-5.9399137 -11.300325 -1.5605579e-05
-5.8999343 -11.297446 -1.5578487e-05
-5.8599362 -11.298349 -1.5524301e-05
-5.8200121 -11.295471 -1.5497208e-05
-5.7799573 -11.296374 -1.5480951e-05
-5.7400913 -11.293497 -1.5432184e-05
-5.6999793 -11.294398 -1.5399673e-05
-5.6601706 -11.291523 -1.5350905e-05
-5.6200023 -11.292422 -1.5312975e-05
-5.5832043 -11.291723 -1.5298525e-05
-5.5387001 -11.299872 -1.5348196e-05
-5.495532 -11.304847 -1.5284333e-05
-5.4584804 -11.308461 -1.5209119e-05
-5.41819 -11.307467 -1.5193224e-05
-5.3815637 -11.306561 -1.5133619e-05
-5.3412743 -11.305565 -1.5149514e-05
-5.3009849 -11.30457 -1.5079975e-05
-5.260695 -11.303575 -1.5050173e-05
-5.2204056 -11.30258 -1.5020369e-05
-5.1801162 -11.301585 -1.4955799e-05
-5.1398268 -11.300589 -1.4966727e-05
-5.1013331 -11.298676 -1.490658e-05
-5.0611143 -11.299605 -1.4879487e-05
-5.0207829 -11.296688 -1.4841557e-05
-4.9805069 -11.297614 -1.4809045e-05
-4.9402332 -11.294697 -1.4825301e-05
-4.8998985 -11.295623 -1.4760278e-05
-4.859683 -11.292708 -1.4738603e-05
-4.8192906 -11.293632 -1.4657324e-05
-4.7791333 -11.290717 -1.4641068e-05
-4.7435646 -11.293443 -1.4677644e-05
-4.7010393 -11.300319 -1.463294e-05
-4.6605911 -11.299319 -1.4603138e-05
-4.6175051 -11.306847 -1.4537572e-05
-4.5799427 -11.308065 -1.450181e-05
-4.5393338 -11.307063 -1.4473994e-05
-4.4987245 -11.306059 -1.4436245e-05
-4.4618068 -11.305147 -1.4400483e-05
-4.4211974 -11.304143 -1.4369686e-05
-4.3805881 -11.303141 -1.4334917e-05
-4.3399796 -11.302138 -1.4285247e-05
-4.2993703 -11.301134 -1.4263392e-05
-4.2605391 -11.299198 -1.4229255e-05
-4.2200651 -11.300151 -1.4180487e-05
-4.1793499 -11.297193 -1.4099208e-05
-4.1388183 -11.298144 -1.4099208e-05
-4.1000166 -11.296209 -1.4090538e-05
-4.0612569 -11.294274 -1.4055859e-05
-4.0206399 -11.295224 -1.4034184e-05
-3.9800682 -11.292271 -1.3996254e-05
-3.9393921 -11.293219 -1.3952906e-05
-3.8988791 -11.290264 -1.3947487e-05
-3.8611507 -11.301045 -1.3864041e-05
-3.8203802 -11.30004 -1.3828278e-05
-3.7796102 -11.299032 -1.3828278e-05
-3.7363377 -11.306692 -1.3816357e-05
-3.6985145 -11.30794 -1.3762712e-05
-3.6613019 -11.307019 -1.373291e-05
-3.6203678 -11.306008 -1.36892e-05
-3.5905976 -11.305273 -1.3649464e-05
-6.2203693 -11.265326 -1.5854836e-05
-6.1791339 -11.263391 -1.5849417e-05
-6.1399465 -11.264256 -1.5854836e-05
-6.1004415 -11.261445 -1.5789812e-05
-6.0611997 -11.26231 -1.5741045e-05
-6.0199924 -11.260376 -1.5676022e-05
-5.978827 -11.258442 -1.5659765e-05
-5.9394989 -11.259304 -1.5643511e-05
-5.9001346 -11.256496 -1.5562231e-05
-5.8607526 -11.257359 -1.5556812e-05
-5.8214421 -11.254554 -1.5556812e-05
-5.7802696 -11.254453 -1.5546879e-05
-5.7390523 -11.254351 -1.5556812e-05
-5.6998277 -11.251549 -1.5480951e-05
-5.6603055 -11.252407 -1.5443022e-05
-5.6211362 -11.249604 -1.5377998e-05
-5.5770378 -11.264643 -1.5340745e-05
-5.5412507 -11.268881 -1.5318394e-05
-5.5015855 -11.267901 -1.5293559e-05
-5.4583149 -11.266831 -1.5248855e-05
-5.4186502 -11.265852 -1.5181303e-05
-5.3789859 -11.264873 -1.5179317e-05
-5.3393202 -11.263891 -1.5169382e-05
-5.2996564 -11.262913 -1.513958e-05
-5.2599912 -11.261931 -1.5109777e-05
-5.2203259 -11.260952 -1.5050173e-05
-5.1787963 -11.258994 -1.5009533e-05
-5.139255 -11.259881 -1.4993278e-05
-5.0994945 -11.257035 -1.4966185e-05
-5.0598979 -11.25792 -1.4928254e-05
-5.0201931 -11.255076 -1.4868649e-05
-4.9805408 -11.25596 -1.4863231e-05
-4.9408917 -11.253118 -1.4852394e-05
-4.9011831 -11.253999 -1.4819882e-05
-4.8615894 -11.251158 -1.4781952e-05
-4.820086 -11.251064 -1.475215e-05
-4.7834954 -11.256989 -1.4682611e-05
-4.7384129 -11.264494 -1.4670193e-05
-4.6988912 -11.26872 -1.4627974e-05
-4.658917 -11.267733 -1.4585256e-05
-4.6189427 -11.266744 -1.4543533e-05
-4.578968 -11.265757 -1.4466047e-05
-4.5389929 -11.264771 -1.4478962e-05
-4.4990187 -11.263783 -1.4454126e-05
-4.459044 -11.262794 -1.4439225e-05
-4.4190688 -11.261807 -1.4400483e-05
-4.3790946 -11.260819 -1.4364719e-05
-4.3391199 -11.259832 -1.4388561e-05
-4.2991452 -11.258845 -1.4334917e-05
-4.2591705 -11.257856 -1.4293194e-05
-4.2209597 -11.255967 -1.4256348e-05
-4.1810908 -11.256875 -1.4175068e-05
-4.1410389 -11.253993 -1.4175068e-05
-4.1011133 -11.254898 -1.4158813e-05
-4.0611186 -11.252018 -1.4099208e-05
-4.0211353 -11.252923 -1.4061277e-05
-3.9811976 -11.250045 -1.4001673e-05
-3.9407635 -11.260396 -1.3977289e-05
-3.9006329 -11.259405 -1.3959408e-05
-3.8598127 -11.268006 -1.3942068e-05
-3.8193705 -11.268928 -1.3887882e-05
-3.7792628 -11.266015 -1.3828278e-05
-3.7407138 -11.266024 -1.3810396e-05
-3.7004244 -11.26503 -1.3828278e-05
-3.6601357 -11.264033 -1.3798475e-05
-3.6198463 -11.263038 -1.3748805e-05
-3.5905445 -11.262314 -1.3709068e-05
-6.1804729 -11.224599 -1.5854836e-05
-6.1398754 -11.222707 -1.5854836e-05
-6.1012545 -11.223533 -1.5789812e-05
-6.060658 -11.221639 -1.574556e-05
-6.020103 -11.219748 -1.5724789e-05
-5.97962 -11.219638 -1.5700856e-05
-5.9390974 -11.219525 -1.5692278e-05
-5.9003296 -11.216789 -1.5648928e-05
-5.8598065 -11.216678 -1.562635e-05
-5.8192425 -11.216564 -1.5578487e-05
-5.7805567 -11.21383 -1.5524301e-05
-5.7399921 -11.213717 -1.5517076e-05
-5.6993866 -11.213603 -1.5480951e-05
-5.6607838 -11.210871 -1.5437603e-05
-5.6201787 -11.210758 -1.5417734e-05
-5.5806932 -11.2236 -1.5374024e-05
-5.5398245 -11.228491 -1.5372038e-05
-5.5007653 -11.227525 -1.5288591e-05
-5.4581552 -11.226474 -1.5248855e-05
-5.4190955 -11.225509 -1.5217066e-05
-5.3800373 -11.224542 -1.5179317e-05
-5.3390851 -11.222629 -1.5204603e-05
-5.3002596 -11.223475 -1.513958e-05
-5.2593079 -11.22156 -1.5124679e-05
-5.2202497 -11.220594 -1.5097857e-05
-5.1811895 -11.219631 -1.5030305e-05
-5.1403069 -11.217717 -1.5047463e-05
-5.1013436 -11.218562 -1.4987859e-05
-5.060461 -11.216648 -1.4945865e-05
-5.0196199 -11.214737 -1.4911999e-05
-4.9805732 -11.215577 -1.4819882e-05
-4.9415288 -11.212807 -1.4852394e-05
-4.9006867 -11.212701 -1.4831622e-05
-4.8598027 -11.212594 -1.4771114e-05
-4.8208423 -11.209825 -1.474944e-05
-4.7812681 -11.223099 -1.4702479e-05
-4.7390394 -11.228729 -1.4707446e-05
-4.6996794 -11.227757 -1.4674663e-05
-4.6603198 -11.226784 -1.4642875e-05
-4.6209602 -11.225813 -1.4573336e-05
-4.5816011 -11.224841 -1.4513731e-05
-4.5386629 -11.223779 -1.4523665e-05
-4.4993033 -11.222807 -1.4466047e-05
-4.4599433 -11.221835 -1.4454126e-05
-4.4205837 -11.220861 -1.4424324e-05
-4.3812242 -11.219891 -1.4374654e-05
-4.3399816 -11.217955 -1.440265e-05
-4.3008094 -11.218821 -1.4375557e-05
-4.2595668 -11.216886 -1.4324983e-05
-4.2202077 -11.215913 -1.424551e-05
-4.1808481 -11.21494 -1.4205773e-05
-4.1396756 -11.213006 -1.4218417e-05
-4.1003633 -11.213868 -1.4175068e-05
-4.0609846 -11.211062 -1.4158813e-05
-4.0198455 -11.210963 -1.4116366e-05
-3.9812214 -11.215052 -1.4051795e-05
-3.9402637 -11.229328 -1.4042855e-05
-3.9005988 -11.228349 -1.4026959e-05
-3.8590562 -11.228254 -1.3947487e-05
-3.8195417 -11.225414 -1.3942068e-05
-3.7796984 -11.226295 -1.3909556e-05
-3.7402399 -11.223456 -1.3904138e-05
-3.6986694 -11.223361 -1.3877948e-05
-3.6590049 -11.222381 -1.3798475e-05
-3.6193407 -11.2214 -1.3763706e-05
-3.5904932 -11.220687 -1.3738871e-05
-6.141767 -11.185088 -1.5859803e-05
-6.1001105 -11.184059 -1.5834967e-05
-6.0601459 -11.18221 -1.580065e-05
-6.0202827 -11.182087 -1.5765429e-05
-5.9803777 -11.181965 -1.5768137e-05
-5.9404292 -11.180115 -1.5735626e-05
-5.9005189 -11.178266 -1.5692278e-05
-5.8606 -11.178143 -1.5636286e-05
-5.8189449 -11.177113 -1.556178e-05
-5.7789721 -11.176989 -1.5573069e-05
-5.740891 -11.174322 -1.5589323e-05
-5.7009187 -11.174198 -1.5556812e-05
-5.6592622 -11.173168 -1.5536943e-05
-5.6192355 -11.173043 -1.5437603e-05
-5.5795879 -11.174896 -1.5419264e-05
-5.5415888 -11.179852 -1.5397867e-05
-5.5012546 -11.186194 -1.5336733e-05
-5.4580002 -11.187328 -1.5313426e-05
-5.419528 -11.186378 -1.526475e-05
-5.3810563 -11.185428 -1.5268723e-05
-5.339087 -11.184392 -1.5258789e-05
-5.2987652 -11.182519 -1.5199184e-05
-5.2604961 -11.183326 -1.5161254e-05
-5.2201743 -11.181453 -1.5114744e-05
-5.1798925 -11.179582 -1.5074556e-05
-5.1415424 -11.180387 -1.5112487e-05
-5.1012616 -11.178515 -1.5050172e-05
-5.0592923 -11.177479 -1.5000501e-05
-5.0190654 -11.175609 -1.4928254e-05
-4.9806056 -11.176411 -1.4911999e-05
-4.9403787 -11.174541 -1.4925997e-05
-4.9001927 -11.172672 -1.4884906e-05
-4.859951 -11.172554 -1.4841557e-05
-4.8196673 -11.172436 -1.474944e-05
-4.7788033 -11.177695 -1.4726321e-05
-4.743104 -11.182164 -1.4760664e-05
-4.7004437 -11.188035 -1.4722347e-05
-4.6581564 -11.18699 -1.4652808e-05
-4.6193933 -11.186031 -1.4585256e-05
-4.5806298 -11.185075 -1.4558434e-05
-4.538343 -11.184031 -1.4543533e-05
-4.4995794 -11.183073 -1.450777e-05
-4.4608159 -11.182115 -1.4473994e-05
-4.418529 -11.181071 -1.4424324e-05
-4.3797655 -11.180114 -1.4424324e-05
-4.3410029 -11.179154 -1.4444192e-05
-4.2987151 -11.178111 -1.4404456e-05
-4.2599521 -11.177153 -1.4352799e-05
-4.221189 -11.176196 -1.4285247e-05
-4.1806264 -11.174305 -1.4256348e-05
-4.1401515 -11.174194 -1.4220675e-05
-4.0996361 -11.174082 -1.4175068e-05
-4.0608535 -11.171347 -1.4147975e-05
-4.0203381 -11.171234 -1.4126301e-05
-3.9780803 -11.177243 -1.4105013e-05
-3.9401543 -11.189875 -1.4066696e-05
-3.9011865 -11.187106 -1.4050441e-05
-3.8603065 -11.186997 -1.3997157e-05
-3.8193841 -11.186893 -1.3947487e-05
-3.7804999 -11.184124 -1.3909556e-05
-3.739578 -11.184016 -1.3863047e-05
-3.7005191 -11.18305 -1.3840198e-05
-3.6614599 -11.182087 -1.380841e-05
-3.61885 -11.181034 -1.3798475e-05
-3.5904434 -11.180332 -1.3798475e-05
-6.0990129 -11.145775 -1.5887346e-05
-6.0597482 -11.145642 -1.5834967e-05
-6.0204449 -11.14551 -1.576272e-05
-5.9810681 -11.143699 -1.5750527e-05
-5.9400253 -11.142685 -1.5765429e-05
-5.8989811 -11.141671 -1.5765429e-05
-5.8596725 -11.139861 -1.5692278e-05
-5.8203278 -11.139728 -1.5636286e-05
-5.779284 -11.138713 -1.5616417e-05
-5.7382407 -11.137699 -1.5586615e-05
-5.6988292 -11.137565 -1.5524301e-05
-5.6613617 -11.134961 -1.5508045e-05
-5.6219501 -11.134827 -1.5482306e-05
-5.5809064 -11.133812 -1.5487274e-05
-5.5398631 -11.132798 -1.5447536e-05
-5.4979692 -11.139977 -1.5374491e-05
-5.4578123 -11.14008 -1.5338263e-05
-5.4200497 -11.139148 -1.5302499e-05
-5.3834124 -11.145369 -1.5272544e-05
-5.3406987 -11.146449 -1.5258789e-05
-5.2993512 -11.145428 -1.5199184e-05
-5.2580037 -11.144406 -1.5179317e-05
-5.2183056 -11.142575 -1.5150417e-05
-5.1805501 -11.143344 -1.5085394e-05
-5.1408515 -11.141511 -1.5075008e-05
-5.0995045 -11.140491 -1.5040238e-05
-5.0598598 -11.138661 -1.502037e-05
-5.020268 -11.138535 -1.4960766e-05
-4.9789205 -11.137512 -1.4906128e-05
-4.9392743 -11.137383 -1.4939092e-05
-4.8996577 -11.135552 -1.4906128e-05
-4.8600812 -11.133726 -1.4846975e-05
-4.8204212 -11.133595 -1.4772017e-05
-4.7790737 -11.132576 -1.4737248e-05
-4.7373004 -11.138285 -1.4773437e-05
-4.700489 -11.140086 -1.4757409e-05
-4.662447 -11.139134 -1.4740974e-05
-4.6213441 -11.147527 -1.4682611e-05
-4.5796885 -11.146499 -1.4603138e-05
-4.5380321 -11.145469 -1.4618039e-05
-4.4998474 -11.144526 -1.4579296e-05
-4.4616628 -11.143581 -1.4493863e-05
-4.4200072 -11.142552 -1.4478962e-05
-4.3783507 -11.141524 -1.444916e-05
-4.3383398 -11.139672 -1.4440579e-05
-4.3003368 -11.14046 -1.4386394e-05
-4.260325 -11.138608 -1.4364719e-05
-4.2186694 -11.137578 -1.4324983e-05
-4.1787128 -11.13573 -1.4272603e-05
-4.1406007 -11.136514 -1.4250929e-05
-4.1006436 -11.134664 -1.4240543e-05
-4.0607276 -11.132814 -1.4212998e-05
-4.0208163 -11.132693 -1.4156103e-05
-3.9791605 -11.131661 -1.4086564e-05
-3.9399962 -11.141406 -1.4122795e-05
-3.9021714 -11.141901 -1.4086564e-05
-3.8615043 -11.147012 -1.4050441e-05
-3.8212254 -11.146893 -1.4017027e-05
-3.7792561 -11.145856 -1.3957421e-05
-3.7389221 -11.145736 -1.3914975e-05
-3.7006774 -11.143039 -1.3909556e-05
-3.6603434 -11.142919 -1.3868014e-05
-3.6183746 -11.141881 -1.385808e-05
-3.590395 -11.14119 -1.385808e-05
-6.1001987 -11.10144 -1.5930997e-05
-6.059895 -11.100444 -1.5894571e-05
-6.0195918 -11.099448 -1.5861458e-05
-5.9792881 -11.098452 -1.5851525e-05
-5.9407663 -11.104321 -1.5799817e-05
-5.8991852 -11.10534 -1.5770396e-05
-5.8604445 -11.10357 -1.5708532e-05
-5.8216705 -11.103425 -1.5641252e-05
-5.7812219 -11.102426 -1.5641252e-05
-5.7407727 -11.101426 -1.5676022e-05
-5.7003245 -11.100427 -1.5631318e-05
-5.6598759 -11.099427 -1.5566746e-05
-5.6194272 -11.098428 -1.5502175e-05
-5.5789781 -11.09743 -1.5477339e-05
-5.5385299 -11.096431 -1.5467405e-05
-5.4980812 -11.095429 -1.5467405e-05
-5.4576325 -11.094432 -1.5422702e-05
-5.4171834 -11.093433 -1.5377998e-05
-5.3786292 -11.100395 -1.5310943e-05
-5.3416109 -11.101663 -1.5321901e-05
-5.3020473 -11.099628 -1.5268723e-05
-5.2614508 -11.098623 -1.5258789e-05
-5.2215123 -11.104557 -1.5203769e-05
-5.179287 -11.10559 -1.5144547e-05
-5.1385431 -11.104584 -1.5159448e-05
-5.0994639 -11.102793 -1.5096231e-05
-5.060463 -11.102654 -1.5030305e-05
-5.0197186 -11.101649 -1.5015402e-05
-4.9789753 -11.10064 -1.4980634e-05
-4.939909 -11.100503 -1.5009532e-05
-4.9008703 -11.098712 -1.4960766e-05
-4.8601265 -11.097706 -1.488626e-05
-4.8193827 -11.096699 -1.4861424e-05
-4.7804098 -11.094911 -1.4841557e-05
-4.741303 -11.094771 -1.4831622e-05
-4.7005591 -11.093764 -1.4781952e-05
-4.6586156 -11.094844 -1.4754442e-05
-4.6194453 -11.10093 -1.4699168e-05
-4.5785513 -11.099921 -1.4642875e-05
-4.5376568 -11.098911 -1.4649497e-05
-4.5013547 -11.104653 -1.4581464e-05
-4.4624844 -11.106182 -1.4563401e-05
-4.4214406 -11.10517 -1.4523665e-05
-4.3803973 -11.104156 -1.4483929e-05
-4.339354 -11.103141 -1.4488895e-05
-4.2983108 -11.102127 -1.4434258e-05
-4.2589145 -11.100315 -1.4375557e-05
-4.2196574 -11.100183 -1.4364719e-05
-4.1803594 -11.100051 -1.4299696e-05
-4.1409779 -11.09824 -1.4305115e-05
-4.0999346 -11.097225 -1.4275312e-05
-4.0588913 -11.096211 -1.424551e-05
-4.0195751 -11.094402 -1.4202161e-05
-3.980237 -11.094269 -1.4136235e-05
-3.939194 -11.093255 -1.4116366e-05
-3.8979535 -11.09724 -1.4107961e-05
-3.8603809 -11.100616 -1.405014e-05
-3.8203287 -11.099632 -1.4000079e-05
-3.7833436 -11.099942 -1.3971328e-05
-3.741955 -11.106954 -1.3972322e-05
-3.700608 -11.105933 -1.3957421e-05
-3.6592607 -11.104911 -1.3887882e-05
-3.617913 -11.103889 -1.3838212e-05
-3.5903482 -11.103209 -1.3798475e-05
-6.0611305 -11.05677 -1.5969077e-05
-6.021543 -11.055793 -1.5944242e-05
-5.9802928 -11.054113 -1.588693e-05
-5.9376874 -11.061359 -1.5837304e-05
-5.8988843 -11.06142 -1.58151e-05
-5.8591547 -11.060437 -1.5768739e-05
-5.8194242 -11.059456 -1.5735626e-05
-5.7796955 -11.058475 -1.5709134e-05
-5.7409244 -11.058531 -1.5679529e-05
-5.7000275 -11.065122 -1.5616417e-05
-5.6601577 -11.064137 -1.5616417e-05
-5.6202865 -11.063152 -1.5596548e-05
-5.5788522 -11.06146 -1.5556812e-05
-5.5372338 -11.0611 -1.5497208e-05
-5.4973636 -11.060116 -1.5452504e-05
-5.4574928 -11.059131 -1.5407801e-05
-5.4176211 -11.058146 -1.5407801e-05
-5.3777509 -11.05716 -1.5407801e-05
-5.3378797 -11.056176 -1.5348196e-05
-5.2980094 -11.055191 -1.5313426e-05
-5.2581382 -11.054207 -1.5278658e-05
-5.2185249 -11.060977 -1.523074e-05
-5.1796641 -11.06105 -1.5219052e-05
-5.1396503 -11.060061 -1.5209119e-05
-5.0996346 -11.059071 -1.5162759e-05
-5.0596204 -11.058084 -1.5106466e-05
-5.0205564 -11.063841 -1.5015786e-05
-4.9790287 -11.064832 -1.5000503e-05
-4.9388709 -11.063842 -1.5045206e-05
-4.8987136 -11.062848 -1.5005469e-05
-4.8585558 -11.061856 -1.4960766e-05
-4.818398 -11.060864 -1.4871359e-05
-4.7782402 -11.059872 -1.4831622e-05
-4.7380824 -11.058879 -1.4871359e-05
-4.6979251 -11.057888 -1.4871359e-05
-4.6577678 -11.056895 -1.480182e-05
-4.6176105 -11.055904 -1.4742215e-05
-4.5774527 -11.054912 -1.4697512e-05
-4.5372949 -11.05392 -1.4692545e-05
-4.4960766 -11.060761 -1.4627681e-05
-4.4588943 -11.059786 -1.462549e-05
-4.4209504 -11.059956 -1.4609761e-05
-4.3806472 -11.058958 -1.4543533e-05
-4.3424091 -11.060229 -1.4524907e-05
-4.3014884 -11.065869 -1.4488895e-05
-4.2610388 -11.06487 -1.441439e-05
-4.2205911 -11.06387 -1.4364719e-05
-4.1801424 -11.062871 -1.4339884e-05
-4.1396937 -11.061873 -1.4359753e-05
-4.0992455 -11.060874 -1.4354785e-05
-4.0587964 -11.059875 -1.4265378e-05
-4.0200505 -11.058104 -1.4223836e-05
-3.9812825 -11.05796 -1.4185905e-05
-3.940834 -11.056958 -1.4205773e-05
-3.9003856 -11.055962 -1.4146169e-05
-3.859937 -11.054962 -1.4126301e-05
-3.8194885 -11.053963 -1.4086564e-05
-3.7773936 -11.056796 -1.4024122e-05
-3.739145 -11.061017 -1.3993846e-05
-3.6985486 -11.060015 -1.3983912e-05
-3.6579523 -11.059011 -1.3960733e-05
-3.6194146 -11.061657 -1.3947487e-05
-3.5903025 -11.066334 -1.3887882e-05
-6.0590587 -11.022897 -1.5924374e-05
-6.0200248 -11.021934 -1.5899539e-05
-5.9809899 -11.020969 -1.591444e-05
-5.9403281 -11.019323 -1.5864005e-05
-5.8996792 -11.01896 -1.5844902e-05
-5.8606453 -11.017997 -1.5795231e-05
-5.8199534 -11.017632 -1.5763137e-05
-5.7793121 -11.015986 -1.5755495e-05
-5.7389994 -11.016932 -1.5731041e-05
-5.6999865 -11.021561 -1.5685433e-05
-5.6597128 -11.021447 -1.5632973e-05
-5.6205401 -11.02048 -1.5596548e-05
-5.5813689 -11.019512 -1.5589925e-05
-5.5421963 -11.018543 -1.5576681e-05
-5.5007505 -11.018358 -1.5503168e-05
-5.4601202 -11.021302 -1.5463147e-05
-5.4180474 -11.023853 -1.5407801e-05
-5.3787384 -11.022882 -1.5427669e-05
-5.3394284 -11.021912 -1.5432635e-05
-5.3001194 -11.02094 -1.5377998e-05
-5.2608104 -11.01997 -1.5278658e-05
-5.2215009 -11.018997 -1.5238921e-05
-5.1805062 -11.017335 -1.521294e-05
-5.1396184 -11.016974 -1.5258789e-05
-5.1003094 -11.016003 -1.5228987e-05
-5.0609999 -11.015033 -1.513958e-05
-5.0192447 -11.021583 -1.5076664e-05
-4.9796352 -11.021557 -1.5050173e-05
-4.9401865 -11.020583 -1.5099843e-05
-4.9007368 -11.019608 -1.5056796e-05
-4.8601875 -11.017712 -1.4992137e-05
-4.819664 -11.017606 -1.4934275e-05
-4.7811408 -11.025149 -1.4891227e-05
-4.7415524 -11.024171 -1.4930964e-05
-4.7019644 -11.023192 -1.4911096e-05
-4.6623764 -11.022214 -1.4851491e-05
-4.6227889 -11.021236 -1.4762084e-05
-4.5814357 -11.020875 -1.4717762e-05
-4.5387793 -11.018502 -1.4731517e-05
-4.4974265 -11.018139 -1.4692545e-05
-4.4578385 -11.017161 -1.4672677e-05
-4.418251 -11.016183 -1.4623006e-05
-4.3786626 -11.015205 -1.458327e-05
-4.3368955 -11.017883 -1.4577593e-05
-4.2987061 -11.021886 -1.451042e-05
-4.2589769 -11.020906 -1.4503797e-05
-4.2192464 -11.019924 -1.4490552e-05
-4.1795177 -11.018942 -1.443757e-05
-4.1397877 -11.017962 -1.441439e-05
-4.10109 -11.021928 -1.4373234e-05
-4.0587049 -11.024574 -1.4305115e-05
-4.0188346 -11.023589 -1.4275312e-05
-3.9789639 -11.022605 -1.4275312e-05
-3.9390934 -11.021619 -1.4260411e-05
-3.8992221 -11.020634 -1.4235576e-05
-3.8593519 -11.019649 -1.4166038e-05
-3.8194811 -11.018664 -1.4146169e-05
-3.7796099 -11.01768 -1.4086564e-05
-3.7397401 -11.016694 -1.4076631e-05
-3.6998689 -11.01571 -1.4071663e-05
-3.6599987 -11.014725 -1.4026959e-05
-3.61643 -11.018044 -1.3947487e-05
-3.5902474 -11.021783 -1.390775e-05
-6.0197916 -10.981008 -1.5947222e-05
-5.9792953 -10.980004 -1.5964111e-05
-5.9398656 -10.979026 -1.5948948e-05
-5.9004354 -10.978055 -1.5894571e-05
-5.8599386 -10.977058 -1.5848875e-05
-5.8214326 -10.979318 -1.5807153e-05
-5.7795925 -10.982482 -1.5799817e-05
-5.7394633 -10.982114 -1.5785297e-05
-5.7009673 -10.981163 -1.5760461e-05
-5.6607947 -10.980793 -1.5685191e-05
-5.6192355 -10.97852 -1.5666852e-05
-5.5790634 -10.97815 -1.5656153e-05
-5.5405679 -10.977201 -1.5646219e-05
-5.5020714 -10.976249 -1.5606483e-05
-5.4586964 -10.981638 -1.5541127e-05
-5.4185619 -10.982368 -1.5487274e-05
-5.3799324 -10.981417 -1.5457472e-05
-5.3413029 -10.980461 -1.543098e-05
-5.300477 -10.978634 -1.539886e-05
-5.2587295 -10.979281 -1.5362313e-05
-5.2189736 -10.977438 -1.5318394e-05
-5.1811762 -10.977463 -1.5290345e-05
-5.1406579 -10.983651 -1.5288591e-05
-5.1002531 -10.98202 -1.5290883e-05
-5.0599122 -10.981656 -1.5209119e-05
-5.0195384 -10.981292 -1.5153335e-05
-4.9791441 -10.979661 -1.5119712e-05
-4.9403806 -10.978703 -1.513958e-05
-4.9000301 -10.977073 -1.5089145e-05
-4.8596358 -10.976708 -1.5050173e-05
-4.8208723 -10.97575 -1.4980634e-05
-4.779779 -10.983029 -1.4923121e-05
-4.7387595 -10.981152 -1.4923121e-05
-4.6987553 -10.981031 -1.4921029e-05
-4.6598563 -10.98007 -1.4884605e-05
-4.6209574 -10.979109 -1.4831622e-05
-4.5820584 -10.978148 -1.4768706e-05
-4.5399175 -10.977108 -1.480182e-05
-4.4977074 -10.984324 -1.4702479e-05
-4.4586735 -10.983361 -1.4662743e-05
-4.4196396 -10.982396 -1.4637907e-05
-4.3806052 -10.981433 -1.4588237e-05
-4.3415713 -10.980469 -1.4573336e-05
-4.3008494 -10.978821 -1.4543533e-05
-4.2602611 -10.978459 -1.4538567e-05
-4.2196393 -10.978097 -1.4502269e-05
-4.1789279 -10.976449 -1.4434258e-05
-4.139894 -10.975487 -1.4424324e-05
-4.0985951 -10.981892 -1.4396275e-05
-4.0591917 -10.981025 -1.4374131e-05
-4.0188842 -10.980911 -1.4338229e-05
-3.9797122 -10.979945 -1.4278624e-05
-3.9405403 -10.978977 -1.4278624e-05
-3.9002807 -10.977979 -1.4229825e-05
-3.8608308 -10.977993 -1.4213954e-05
-3.8194973 -10.984363 -1.4146169e-05
-3.7801883 -10.98339 -1.4116366e-05
-3.7408793 -10.982419 -1.4076631e-05
-3.7015703 -10.981448 -1.4066696e-05
-3.662261 -10.980477 -1.4041861e-05
-3.6211915 -10.980113 -1.4007092e-05
-3.5921509 -10.977054 -1.4007093e-05
-5.9802523 -10.939797 -1.6001555e-05
-5.9394178 -10.939986 -1.5932779e-05
-5.9001193 -10.938416 -1.5904507e-05
-5.8608503 -10.936848 -1.5882346e-05
-5.8179941 -10.941292 -1.5832484e-05
-5.7797141 -10.942472 -1.5804642e-05
-5.7397676 -10.943136 -1.5795231e-05
-5.6998219 -10.941318 -1.5732488e-05
-5.6599169 -10.939511 -1.5688571e-05
-5.6209936 -10.939375 -1.564953e-05
-5.5799956 -10.938361 -1.56448e-05
-5.5389977 -10.937349 -1.564953e-05
-5.5011539 -10.936413 -1.5583304e-05
-5.4621401 -10.940336 -1.5541911e-05
-5.4190612 -10.942204 -1.5507141e-05
-5.3810887 -10.941268 -1.5517076e-05
-5.339952 -10.940249 -1.5454632e-05
-5.2988157 -10.939233 -1.5417734e-05
-5.2608433 -10.938296 -1.5368065e-05
-5.2212319 -10.936711 -1.5318394e-05
-5.1792097 -10.938548 -1.5314135e-05
-5.1406112 -10.944125 -1.5302709e-05
-5.1004033 -10.94146 -1.5261927e-05
-5.0601773 -10.941297 -1.5205459e-05
-5.0210176 -10.940333 -1.5192561e-05
-4.9807978 -10.939342 -1.5157461e-05
-4.9395204 -10.938315 -1.516154e-05
-4.9003596 -10.937352 -1.5093221e-05
-4.8601408 -10.936361 -1.5059113e-05
-4.8198924 -10.94329 -1.5030305e-05
-4.7801256 -10.941692 -1.4969935e-05
-4.740253 -10.941321 -1.4960766e-05
-4.7003474 -10.940952 -1.4928671e-05
-4.6590891 -10.938702 -1.4933256e-05
-4.619184 -10.938331 -1.4856458e-05
-4.5809517 -10.937387 -1.4826655e-05
-4.5395336 -10.936363 -1.4811754e-05
-4.4980488 -10.94341 -1.4821689e-05
-4.4596839 -10.942462 -1.4755461e-05
-4.4213195 -10.941515 -1.4682611e-05
-4.3807707 -10.939706 -1.4612078e-05
-4.3393183 -10.940341 -1.4653331e-05
-4.2998328 -10.938513 -1.4609761e-05
-4.2603912 -10.936693 -1.4584315e-05
-4.2199211 -10.936536 -1.45153e-05
-4.1804018 -10.943597 -1.4483929e-05
-4.1403198 -10.943232 -1.4497684e-05
-4.1001911 -10.941616 -1.4454126e-05
-4.0600944 -10.940002 -1.4424324e-05
-4.0200024 -10.939635 -1.4374654e-05
-3.9798784 -10.939268 -1.4323455e-05
-3.9397919 -10.937654 -1.4324983e-05
-3.8997381 -10.93604 -1.4332624e-05
-3.8585756 -10.937536 -1.426385e-05
-3.8208132 -10.943759 -1.4207865e-05
-3.7800581 -10.941887 -1.4138849e-05
-3.7393465 -10.940029 -1.4157672e-05
-3.6995938 -10.939904 -1.4136235e-05
-3.6609645 -10.93895 -1.409981e-05
-3.6223345 -10.937995 -1.4036894e-05
-3.5933621 -10.937278 -1.4007093e-05
-5.9791536 -10.902135 -1.6033649e-05
-5.9389734 -10.901152 -1.6015769e-05
-5.8987927 -10.900149 -1.5992868e-05
-5.8596134 -10.898397 -1.5939537e-05
-5.8205204 -10.899014 -1.5933263e-05
-5.7803111 -10.896473 -1.5920401e-05
-5.7401314 -10.897031 -1.5867385e-05
-5.7017555 -10.896118 -1.5831656e-05
-5.6598988 -10.902348 -1.5795231e-05
-5.6197252 -10.900188 -1.5758551e-05
-5.5808921 -10.899812 -1.5725693e-05
-5.5405774 -10.898817 -1.5667507e-05
-5.5002637 -10.89782 -1.5616417e-05
-5.458334 -10.90282 -1.5594458e-05
-5.4195414 -10.90347 -1.5533633e-05
-5.380055 -10.901731 -1.5509129e-05
-5.3397579 -10.902304 -1.5503481e-05
-5.3002181 -10.899721 -1.5478385e-05
-5.2598662 -10.900286 -1.541078e-05
-5.219348 -10.897723 -1.5359175e-05
-5.1799707 -10.897548 -1.5362313e-05
-5.140553 -10.897382 -1.5362313e-05
-5.1010246 -10.895598 -1.5327805e-05
-5.0588961 -10.902762 -1.5290883e-05
-5.0198479 -10.901208 -1.5238921e-05
-4.9808302 -10.899652 -1.5180844e-05
-4.9402342 -10.899831 -1.515792e-05
-4.899682 -10.897648 -1.513958e-05
-4.8606429 -10.897274 -1.5129645e-05
-4.820035 -10.903243 -1.5047192e-05
-4.7792931 -10.90383 -1.4988999e-05
-4.7396255 -10.902029 -1.5020369e-05
-4.7000003 -10.900243 -1.5001548e-05
-4.6602173 -10.900887 -1.4935669e-05
-4.619626 -10.898293 -1.4871359e-05
-4.5798855 -10.898086 -1.4834934e-05
-4.5391636 -10.897081 -1.4858587e-05
-4.4984417 -10.896074 -1.4811754e-05
-4.4619026 -10.901107 -1.4754442e-05
-4.4198041 -10.901846 -1.4722347e-05
-4.3789454 -10.900837 -1.4712413e-05
-4.3412299 -10.899905 -1.4712413e-05
-4.3003712 -10.898895 -1.4641455e-05
-4.2595124 -10.897885 -1.458327e-05
-4.2201877 -10.896316 -1.4571043e-05
-4.1798058 -10.903766 -1.45153e-05
-4.1398277 -10.90361 -1.452471e-05
-4.0999441 -10.900974 -1.447138e-05
-4.0599661 -10.900807 -1.4430599e-05
-4.0199828 -10.898999 -1.4396091e-05
-3.9801095 -10.899663 -1.4358445e-05
-3.9401269 -10.897845 -1.434276e-05
-3.9001865 -10.896041 -1.4305115e-05
-3.8617935 -10.898677 -1.4284078e-05
-3.8195632 -10.902083 -1.422717e-05
-3.7799537 -10.901711 -1.4156103e-05
-3.7403121 -10.901339 -1.4167565e-05
-3.6993499 -10.899115 -1.417215e-05
-3.6597087 -10.89874 -1.4116366e-05
-3.6217368 -10.897803 -1.4041861e-05
-3.5932579 -10.897099 -1.4007092e-05
-5.9404855 -10.856904 -1.6138667e-05
-5.8990698 -10.855885 -1.6054511e-05
-5.8596749 -10.854904 -1.6014827e-05
-5.8199544 -10.861706 -1.6001555e-05
-5.780488 -10.859611 -1.5964875e-05
-5.7394166 -10.859157 -1.5927213e-05
-5.6976175 -10.861272 -1.588038e-05
-5.6600795 -10.86381 -1.5875697e-05
-5.6193314 -10.864268 -1.5836955e-05
-5.5797839 -10.861789 -1.5785819e-05
-5.5390596 -10.861555 -1.5806585e-05
-5.4994059 -10.860574 -1.5742249e-05
-5.4597526 -10.859593 -1.5707243e-05
-5.4200983 -10.858615 -1.564953e-05
-5.380445 -10.857635 -1.566183e-05
-5.3397117 -10.855861 -1.566661e-05
-5.3001809 -10.856383 -1.5580654e-05
-5.2615108 -10.856414 -1.5500715e-05
-5.2196255 -10.861546 -1.5469697e-05
-5.1797328 -10.859425 -1.5488038e-05
-5.1400394 -10.859579 -1.5474283e-05
-5.098948 -10.859064 -1.5433345e-05
-5.0606904 -10.864491 -1.5349764e-05
-5.0207758 -10.863514 -1.5297532e-05
-4.9808607 -10.862519 -1.5280748e-05
-4.9409451 -10.861541 -1.5267729e-05
-4.8999891 -10.859781 -1.5226006e-05
-4.8601089 -10.860323 -1.5180362e-05
-4.8201852 -10.857809 -1.5181303e-05
-4.7802501 -10.858352 -1.5130168e-05
-4.7403803 -10.855838 -1.5121698e-05
-4.7003922 -10.856378 -1.5048604e-05
-4.662601 -10.858609 -1.5024344e-05
-4.6188989 -10.860993 -1.4973538e-05
-4.5788522 -10.860004 -1.493593e-05
-4.538805 -10.859014 -1.4947994e-05
-4.4987583 -10.858025 -1.4881293e-05
-4.459589 -10.862927 -1.4841557e-05
-4.4204726 -10.864383 -1.4790892e-05
-4.3801613 -10.861846 -1.4766267e-05
-4.340085 -10.862398 -1.4799833e-05
-4.299829 -10.859862 -1.4725484e-05
-4.2596979 -10.860413 -1.4674663e-05
-4.2194958 -10.857878 -1.4618823e-05
-4.1803555 -10.857697 -1.4596863e-05
-4.1401758 -10.856713 -1.4618039e-05
-4.0999956 -10.855714 -1.4571767e-05
-4.0618782 -10.859786 -1.450777e-05
-4.0195346 -10.860657 -1.4479344e-05
-3.9791937 -10.860826 -1.4433494e-05
-3.9389279 -10.858665 -1.4396815e-05
-3.9001408 -10.858291 -1.4364719e-05
-3.8582132 -10.860121 -1.4357269e-05
-3.8202951 -10.863961 -1.4305115e-05
-3.7798457 -10.862965 -1.4217127e-05
-3.7393963 -10.861962 -1.4212396e-05
-3.6999118 -10.861749 -1.4206767e-05
-3.6596117 -10.85919 -1.4185905e-05
-3.6211603 -10.859042 -1.4116366e-05
-3.5931571 -10.858351 -1.4066696e-05
-5.8992968 -10.819711 -1.6088668e-05
-5.8605175 -10.819829 -1.6010725e-05
-5.8204741 -10.825368 -1.6008105e-05
-5.779592 -10.824361 -1.5997886e-05
-5.7397189 -10.822665 -1.5974045e-05
-5.6998091 -10.823091 -1.5938282e-05
-5.6599345 -10.821405 -1.5893578e-05
-5.6201005 -10.819712 -1.5830994e-05
-5.5791802 -10.819407 -1.58151e-05
-5.5402904 -10.818447 -1.5834967e-05
-5.5014019 -10.817485 -1.5775362e-05
-5.4595222 -10.816451 -1.5721434e-05
-5.4195485 -10.814721 -1.5691707e-05
-5.3808327 -10.81521 -1.5676022e-05
-5.339519 -10.820521 -1.5646219e-05
-5.2989306 -10.818974 -1.5584323e-05
-5.257719 -10.82297 -1.5564263e-05
-5.2197185 -10.824003 -1.5512109e-05
-5.1796079 -10.823732 -1.5461444e-05
-5.1394577 -10.82345 -1.5461444e-05
-5.0993261 -10.821031 -1.5455484e-05
-5.059176 -10.820757 -1.5416741e-05
-5.0200357 -10.819783 -1.5359175e-05
-4.980896 -10.818823 -1.5324355e-05
-4.9397483 -10.817802 -1.5326908e-05
-4.8996048 -10.816809 -1.5255652e-05
-4.8604646 -10.815847 -1.5205145e-05
-4.8203292 -10.814138 -1.5199184e-05
-4.7800317 -10.820984 -1.5169382e-05
-4.7391887 -10.820528 -1.5190015e-05
-4.7000537 -10.818455 -1.5134995e-05
-4.6579719 -10.823692 -1.506429e-05
-4.6202798 -10.824289 -1.502037e-05
-4.5808845 -10.823316 -1.4974958e-05
-4.5384588 -10.822268 -1.4986311e-05
-4.499064 -10.821296 -1.4940898e-05
-4.4596682 -10.820321 -1.4935221e-05
-4.4202733 -10.819347 -1.487467e-05
-4.3808784 -10.818376 -1.4821689e-05
-4.3394265 -10.816626 -1.4841557e-05
-4.300106 -10.817142 -1.4788227e-05
-4.2606616 -10.814679 -1.475811e-05
-4.2228117 -10.818084 -1.469627e-05
-4.1797781 -10.820627 -1.4692545e-05
-4.1387181 -10.819052 -1.4662743e-05
-4.0992279 -10.819198 -1.4630647e-05
-4.0580058 -10.823336 -1.4589892e-05
-4.0200639 -10.824024 -1.4543533e-05
-3.9804103 -10.823052 -1.4480948e-05
-3.9397335 -10.821309 -1.4495849e-05
-3.9000943 -10.821836 -1.4499614e-05
-3.8604527 -10.819351 -1.4433264e-05
-3.8197448 -10.819811 -1.4355779e-05
-3.7801571 -10.817331 -1.4305115e-05
-3.7394533 -10.817095 -1.4350528e-05
-3.6997998 -10.816116 -1.4315049e-05
-3.660146 -10.815136 -1.4265378e-05
-3.6206017 -10.821475 -1.4205773e-05
-3.5930595 -10.820793 -1.4156103e-05
-5.8995094 -10.785811 -1.6155996e-05
-5.8603783 -10.784847 -1.6130152e-05
-5.8202696 -10.78386 -1.6060472e-05
-5.7801609 -10.782866 -1.6008105e-05
-5.7400632 -10.781196 -1.6015769e-05
-5.6999545 -10.780887 -1.5979722e-05
-5.6588678 -10.779871 -1.5917278e-05
-5.6187081 -10.779555 -1.5878677e-05
-5.5806594 -10.777225 -1.5886206e-05
-5.5414758 -10.776971 -1.5871865e-05
-5.5003886 -10.775955 -1.5820775e-05
-5.4593019 -10.77494 -1.5775362e-05
-5.4190798 -10.774624 -1.5720725e-05
-5.379848 -10.77975 -1.5676022e-05
-5.3412366 -10.785683 -1.5684536e-05
-5.2998877 -10.784661 -1.5622094e-05
-5.2594919 -10.782973 -1.5586615e-05
-5.2201586 -10.782695 -1.5541911e-05
-5.1807861 -10.782406 -1.553595e-05
-5.1404028 -10.780721 -1.5539783e-05
-5.1000571 -10.779036 -1.5464426e-05
-5.0606732 -10.778757 -1.5440583e-05
-5.0203085 -10.777754 -1.5375161e-05
-4.978961 -10.776732 -1.5377998e-05
-4.9395819 -10.775759 -1.5399957e-05
-4.9002028 -10.774788 -1.5329748e-05
-4.861773 -10.776263 -1.5297357e-05
-4.8209734 -10.779156 -1.5208354e-05
-4.7808046 -10.784974 -1.5211105e-05
-4.7401752 -10.784669 -1.519067e-05
-4.6995058 -10.784359 -1.513958e-05
-4.6609626 -10.78198 -1.5101935e-05
-4.6212821 -10.781732 -1.5043077e-05
-4.5796704 -10.780703 -1.5014693e-05
-4.5380578 -10.779675 -1.5020369e-05
-4.4994183 -10.778721 -1.5020369e-05
-4.4607782 -10.777766 -1.4946574e-05
-4.4191656 -10.776738 -1.4901161e-05
-4.3794837 -10.775027 -1.4860379e-05
-4.3409438 -10.7755 -1.4859438e-05
-4.3020329 -10.777113 -1.4827532e-05
-4.2592807 -10.779195 -1.4781952e-05
-4.2181511 -10.784118 -1.4760915e-05
-4.1802316 -10.784139 -1.4686584e-05
-4.1403441 -10.783865 -1.4698506e-05
-4.0994611 -10.782851 -1.4651389e-05
-4.059576 -10.781862 -1.459059e-05
-4.0206881 -10.780909 -1.4543533e-05
-3.9798055 -10.779895 -1.4523665e-05
-3.9399197 -10.778907 -1.4556082e-05
-3.9000342 -10.777925 -1.4503797e-05
-3.8601673 -10.7762 -1.4465106e-05
-3.8202755 -10.775953 -1.4407294e-05
-3.7793489 -10.775647 -1.4349818e-05
-3.7426753 -10.776852 -1.4336904e-05
-3.700983 -10.780044 -1.4334917e-05
-3.6589687 -10.779006 -1.4266798e-05
-3.6200621 -10.785202 -1.4252133e-05
-3.5929651 -10.784533 -1.4219019e-05
-5.8603959 -10.744884 -1.6152859e-05
-5.8200717 -10.743891 -1.6101769e-05
-5.779748 -10.742894 -1.606771e-05
-5.7403955 -10.741266 -1.6033649e-05
-5.7010326 -10.74095 -1.5974045e-05
-5.6607084 -10.739953 -1.596553e-05
-5.6203847 -10.738957 -1.5920117e-05
-5.58006 -10.737961 -1.5928632e-05
-5.5397363 -10.736964 -1.591444e-05
-5.4994121 -10.735969 -1.5857673e-05
-5.4590888 -10.734973 -1.5849158e-05
-5.4179525 -10.735157 -1.5781685e-05
-5.3795471 -10.742887 -1.5718242e-05
-5.3383422 -10.744481 -1.5699863e-05
-5.299768 -10.744193 -1.5676022e-05
-5.260159 -10.743213 -1.5650478e-05
-5.2205691 -10.742895 -1.5607477e-05
-5.1809282 -10.741256 -1.5582356e-05
-5.1403532 -10.740252 -1.5588033e-05
-5.0997787 -10.73925 -1.5548298e-05
-5.0601993 -10.73761 -1.5497208e-05
-5.0205717 -10.737295 -1.5429088e-05
-4.9799967 -10.736293 -1.5437603e-05
-4.9394212 -10.735289 -1.5420574e-05
-4.8998122 -10.734312 -1.5366077e-05
-4.8602591 -10.739042 -1.5329748e-05
-4.8195777 -10.745647 -1.5284333e-05
-4.7797194 -10.744666 -1.5246868e-05
-4.7408686 -10.743032 -1.5255809e-05
-4.7009902 -10.74272 -1.5207699e-05
-4.6601605 -10.74171 -1.5133903e-05
-4.6193309 -10.740702 -1.5099843e-05
-4.5785012 -10.739693 -1.5045915e-05
-4.5376716 -10.738684 -1.505443e-05
-4.4997582 -10.737747 -1.5036927e-05
-4.4618459 -10.736811 -1.5009017e-05
-4.4210162 -10.735803 -1.4957927e-05
-4.380187 -10.734793 -1.4923868e-05
-4.3393574 -10.733785 -1.4932382e-05
-4.2977328 -10.743848 -1.4880125e-05
-4.259984 -10.745313 -1.4821689e-05
-4.219873 -10.744999 -1.476407e-05
-4.180747 -10.742676 -1.4698506e-05
-4.140636 -10.742363 -1.4739378e-05
-4.1005268 -10.741376 -1.4725328e-05
-4.0604186 -10.740382 -1.4648551e-05
-4.019331 -10.739367 -1.4642875e-05
-3.9792018 -10.737696 -1.4585256e-05
-3.9401119 -10.738089 -1.4597177e-05
-3.8999829 -10.736418 -1.4517988e-05
-3.859874 -10.735432 -1.4483929e-05
-3.8207736 -10.733781 -1.4457107e-05
-3.7829921 -10.736716 -1.4399781e-05
-3.7383833 -10.74379 -1.4421013e-05
-3.6991794 -10.745115 -1.4342013e-05
-3.6587341 -10.744803 -1.4322996e-05
-3.620507 -10.742453 -1.429884e-05
-3.5928557 -10.742491 -1.4258756e-05
-5.8196878 -10.699137 -1.6103897e-05
-5.7793503 -10.704378 -1.6113123e-05
-5.7397614 -10.703401 -1.6093254e-05
-5.7001734 -10.702421 -1.6036487e-05
-5.6605849 -10.701445 -1.5996751e-05
-5.6200542 -10.700441 -1.595508e-05
-5.5795221 -10.699442 -1.5937147e-05
-5.5390577 -10.697871 -1.5922567e-05
-5.4984717 -10.697441 -1.5874704e-05
-5.4588833 -10.696461 -1.5829291e-05
-5.4192944 -10.695484 -1.5792393e-05
-5.3781977 -10.698543 -1.5797616e-05
-5.339787 -10.699885 -1.5771815e-05
-5.3012576 -10.702088 -1.5705824e-05
-5.2597971 -10.704221 -1.5684536e-05
-5.2199669 -10.703237 -1.5619255e-05
-5.1801353 -10.702253 -1.5599388e-05
-5.1403055 -10.701271 -1.5582356e-05
-5.1004748 -10.700285 -1.5542621e-05
-5.0597234 -10.698701 -1.548908e-05
-5.0189281 -10.698271 -1.5446118e-05
-4.9790969 -10.697287 -1.5423411e-05
-4.9392676 -10.696302 -1.5414897e-05
-4.899436 -10.69532 -1.5386513e-05
-4.8582158 -10.697522 -1.5350679e-05
-4.8197517 -10.699796 -1.5307751e-05
-4.7804494 -10.704052 -1.5275045e-05
-4.7395754 -10.704205 -1.529285e-05
-4.6995001 -10.703215 -1.5267304e-05
-4.6594248 -10.702224 -1.5182154e-05
-4.619348 -10.701235 -1.5119712e-05
-4.5792723 -10.700245 -1.5122549e-05
-4.5383296 -10.698647 -1.5090813e-05
-4.4980946 -10.697592 -1.5047192e-05
-4.4600244 -10.6973 -1.4999508e-05
-4.4209013 -10.696332 -1.4966443e-05
-4.380825 -10.695341 -1.4949413e-05
-4.3407507 -10.694352 -1.4977796e-05
-4.3011966 -10.700617 -1.4921029e-05
-4.2609158 -10.705373 -1.4875616e-05
-4.2205925 -10.704376 -1.4835879e-05
-4.1802683 -10.703381 -1.4750731e-05
-4.1399441 -10.702384 -1.4781952e-05
-4.1006198 -10.700758 -1.4767051e-05
-4.0612288 -10.700438 -1.4688288e-05
-4.0209055 -10.699443 -1.4625844e-05
-3.980581 -10.698447 -1.4580432e-05
-3.9402575 -10.697452 -1.4600299e-05
-3.8999341 -10.696455 -1.4569078e-05
-3.8596103 -10.695458 -1.4546372e-05
-3.8192866 -10.694463 -1.451515e-05
-3.7783813 -10.697857 -1.444916e-05
-3.7395816 -10.705647 -1.4472575e-05
-3.6999726 -10.704672 -1.4436245e-05
-3.6614101 -10.703053 -1.4355779e-05
-3.6217327 -10.702737 -1.4344851e-05
-3.5927505 -10.702022 -1.4331606e-05
-5.7798328 -10.661253 -1.6152859e-05
-5.7396841 -10.660255 -1.6135829e-05
-5.7002273 -10.659488 -1.6097365e-05
-5.6606102 -10.65873 -1.606558e-05
-5.6197567 -10.66331 -1.6005266e-05
-5.5808773 -10.662352 -1.6013781e-05
-5.5410085 -10.66192 -1.6001139e-05
-5.4994783 -10.659808 -1.5945538e-05
-5.4586854 -10.65933 -1.5908763e-05
-5.419806 -10.658372 -1.5871865e-05
-5.3809261 -10.657412 -1.586619e-05
-5.3410716 -10.655873 -1.5838579e-05
-5.299262 -10.65917 -1.5756259e-05
-5.2602711 -10.660775 -1.5737682e-05
-5.219872 -10.660205 -1.5661633e-05
-5.1806955 -10.659278 -1.5669399e-05
-5.1402593 -10.663691 -1.5622094e-05
-5.1002316 -10.662143 -1.5575777e-05
-5.0601816 -10.661715 -1.555965e-05
-5.0201373 -10.66072 -1.548637e-05
-4.9800935 -10.659734 -1.5497208e-05
-4.9409809 -10.658769 -1.549437e-05
-4.9009213 -10.65722 -1.5443022e-05
-4.8599763 -10.657329 -1.5426765e-05
-4.8199167 -10.655778 -1.5346777e-05
-4.779346 -10.660098 -1.5333295e-05
-4.7400346 -10.660016 -1.5318394e-05
-4.7001243 -10.658393 -1.5267011e-05
-4.6606112 -10.664217 -1.5238921e-05
-4.6212621 -10.663244 -1.5176478e-05
-4.5819125 -10.662273 -1.515661e-05
-4.5397525 -10.661231 -1.5129645e-05
-4.4975924 -10.66019 -1.5077137e-05
-4.4582434 -10.659218 -1.5031724e-05
-4.4188943 -10.658246 -1.4986311e-05
-4.3795447 -10.657272 -1.4966443e-05
-4.3401957 -10.656301 -1.4989149e-05
-4.2999506 -10.656449 -1.4947219e-05
-4.260025 -10.659963 -1.4905272e-05
-4.2198496 -10.659616 -1.48522e-05
-4.1811037 -10.661398 -1.4808178e-05
-4.1393018 -10.663863 -1.480182e-05
-4.0997133 -10.662886 -1.476776e-05
-4.0601249 -10.661906 -1.4702479e-05
-4.0205369 -10.660929 -1.4662743e-05
-3.9800055 -10.659925 -1.4646487e-05
-3.9394748 -10.658927 -1.4625844e-05
-3.8998866 -10.657948 -1.4603138e-05
-3.8602982 -10.656969 -1.4580432e-05
-3.8197939 -10.655398 -1.4508312e-05
-3.779247 -10.654967 -1.4483929e-05
-3.7401276 -10.660367 -1.4492443e-05
-3.700417 -10.659387 -1.4439225e-05
-3.6609302 -10.664723 -1.4401618e-05
-3.6210999 -10.66374 -1.4333498e-05
-3.5926497 -10.663036 -1.4265378e-05
-5.7793813 -10.619248 -1.6217882e-05
-5.7396007 -10.619319 -1.6193499e-05
-5.6998196 -10.617805 -1.615015e-05
-5.6594219 -10.617324 -1.6111395e-05
-5.6202912 -10.622476 -1.6067426e-05
-5.5795488 -10.619912 -1.6045571e-05
-5.5400734 -10.619714 -1.6035778e-05
-5.4998932 -10.619284 -1.5983658e-05
-5.4598122 -10.617734 -1.5929341e-05
-5.4202995 -10.622565 -1.5883219e-05
-5.380229 -10.621062 -1.5875568e-05
-5.3394217 -10.6211 -1.5857544e-05
-5.3002567 -10.619598 -1.5806585e-05
-5.2602172 -10.618098 -1.5766724e-05
-5.2193456 -10.618134 -1.5705824e-05
-5.1779609 -10.618063 -1.5698373e-05
-5.1390834 -10.621334 -1.5676022e-05
-5.1000848 -10.620576 -1.562919e-05
-5.0603971 -10.619202 -1.5594562e-05
-5.0193753 -10.618977 -1.5544891e-05
-4.9808221 -10.619745 -1.5540123e-05
-4.9398899 -10.622491 -1.5540556e-05
-4.8996258 -10.62096 -1.5497208e-05
-4.8594031 -10.621047 -1.5448441e-05
-4.8200536 -10.619535 -1.5403542e-05
-4.7798214 -10.618024 -1.5375406e-05
-4.7395639 -10.617546 -1.5372321e-05
-4.7001896 -10.617111 -1.5340069e-05
-4.6590543 -10.620753 -1.5284617e-05
-4.6191154 -10.620563 -1.5243888e-05
-4.5805807 -10.619611 -1.5201314e-05
-4.5392933 -10.618591 -1.5206635e-05
-4.4991541 -10.621477 -1.513958e-05
-4.4592996 -10.622561 -1.5099843e-05
-4.4206505 -10.621605 -1.5074298e-05
-4.3810406 -10.620082 -1.5017661e-05
-4.3397117 -10.620127 -1.5061834e-05
-4.2991834 -10.618605 -1.4991987e-05
-4.2596059 -10.617082 -1.4960766e-05
-4.2200575 -10.616652 -1.4943736e-05
-4.1790051 -10.619369 -1.4857604e-05
-4.1400099 -10.620945 -1.4899106e-05
-4.0998888 -10.619123 -1.4857999e-05
-4.0604296 -10.618773 -1.4790467e-05
-4.0213089 -10.6219 -1.4767646e-05
-3.9794505 -10.622789 -1.4702479e-05
-3.9396462 -10.621803 -1.4684417e-05
-3.8998408 -10.620821 -1.4671257e-05
-3.8600512 -10.619287 -1.4600429e-05
-3.8202417 -10.618855 -1.4546372e-05
-3.7803991 -10.618423 -1.4538115e-05
-3.7396948 -10.616863 -1.4511022e-05
-3.699024 -10.615307 -1.4483929e-05
-3.6593874 -10.621019 -1.4428581e-05
-3.6203904 -10.620055 -1.4373234e-05
-3.592536 -10.619367 -1.4364719e-05
-5.7399716 -10.579077 -1.6232332e-05
-5.7000995 -10.578081 -1.6192595e-05
-5.6602278 -10.577106 -1.6152859e-05
-5.6199985 -10.581167 -1.6106211e-05
-5.5799327 -10.581175 -1.6104092e-05
-5.5400481 -10.579191 -1.6067339e-05
-5.5009022 -10.578712 -1.6027972e-05
-5.4601679 -10.57861 -1.597166e-05
-5.4208522 -10.582388 -1.5922955e-05
-5.3807521 -10.581397 -1.591444e-05
-5.339951 -10.579809 -1.5912385e-05
-5.2999105 -10.579944 -1.5875985e-05
-5.2597723 -10.577827 -1.582195e-05
-5.2203584 -10.577429 -1.5791256e-05
-5.1811757 -10.581594 -1.5758949e-05
-5.1401625 -10.580569 -1.5745993e-05
-5.0999374 -10.580585 -1.5694986e-05
-5.0597506 -10.578584 -1.5652698e-05
-5.0204144 -10.578105 -1.5622094e-05
-4.9798384 -10.579742 -1.560037e-05
-4.9407468 -10.582234 -1.5580654e-05
-4.9004374 -10.580479 -1.552701e-05
-4.8600659 -10.580241 -1.5493233e-05
-4.819787 -10.578487 -1.5435617e-05
-4.7800984 -10.577687 -1.5410884e-05
-4.7418914 -10.580353 -1.5413762e-05
-4.6997747 -10.581078 -1.5359858e-05
-4.6601982 -10.580599 -1.5309879e-05
-4.6197486 -10.5796 -1.5268723e-05
-4.5792999 -10.5786 -1.5250274e-05
-4.5415473 -10.577668 -1.5253112e-05
-4.4996543 -10.580622 -1.5199184e-05
-4.4604831 -10.58145 -1.5145966e-05
-4.4205589 -10.579905 -1.5103048e-05
-4.3800592 -10.580061 -1.5086142e-05
-4.3401194 -10.577709 -1.5093883e-05
-4.3008366 -10.578325 -1.5045915e-05
-4.2605295 -10.58278 -1.4979731e-05
-4.2207317 -10.580743 -1.4949928e-05
-4.1809597 -10.580284 -1.490658e-05
-4.140275 -10.579284 -1.4937442e-05
-4.0995898 -10.578274 -1.4882196e-05
-4.0607128 -10.577315 -1.4850071e-05
-4.019886 -10.58049 -1.4792596e-05
-3.9800215 -10.581563 -1.4732282e-05
-3.9399235 -10.579583 -1.4753177e-05
-3.9004805 -10.579409 -1.4710015e-05
-3.8603384 -10.577441 -1.4654795e-05
-3.8216374 -10.581624 -1.4575819e-05
-3.7797897 -10.581527 -1.4546124e-05
-3.7397516 -10.581047 -1.4554887e-05
-3.7005882 -10.580613 -1.4481219e-05
-3.6597781 -10.578562 -1.4476154e-05
-3.6197093 -10.578081 -1.4407294e-05
-3.5924268 -10.577407 -1.4384587e-05
-5.7401757 -10.539952 -1.6284486e-05
-5.699512 -10.539364 -1.622542e-05
-5.6595159 -10.539307 -1.6181366e-05
-5.6200609 -10.543273 -1.6134978e-05
-5.5802412 -10.541761 -1.6158627e-05
-5.5390587 -10.541266 -1.6130507e-05
-5.4998589 -10.540299 -1.6082611e-05
-5.46066 -10.539331 -1.6044825e-05
-5.4188457 -10.5383 -1.5974045e-05
-5.3796463 -10.537331 -1.5976173e-05
-5.341423 -10.537457 -1.5946229e-05
-5.2999268 -10.54023 -1.5892765e-05
-5.2606883 -10.540221 -1.5847061e-05
-5.2204547 -10.538286 -1.5826328e-05
-5.179584 -10.542848 -1.5791256e-05
-5.1401157 -10.542231 -1.577735e-05
-5.10005 -10.541072 -1.5737549e-05
-5.0599513 -10.539892 -1.5697877e-05
-5.0205522 -10.539645 -1.5681982e-05
-4.9804478 -10.537762 -1.5662563e-05
-4.939755 -10.537463 -1.5651027e-05
-4.9007154 -10.538531 -1.5607586e-05
-4.8598866 -10.540732 -1.5551394e-05
-4.8203549 -10.539759 -1.5507574e-05
-4.7799606 -10.538283 -1.5476475e-05
-4.7383885 -10.542068 -1.5452504e-05
-4.7003212 -10.54175 -1.5406773e-05
-4.6600065 -10.541322 -1.5370548e-05
-4.6203613 -10.540341 -1.5307751e-05
-4.5807157 -10.539362 -1.5281141e-05
-4.5410705 -10.538383 -1.5282205e-05
-4.5014248 -10.537404 -1.5234575e-05
-4.4612899 -10.538939 -1.5192307e-05
-4.4201579 -10.541383 -1.513687e-05
-4.379456 -10.539874 -1.5107294e-05
-4.3396993 -10.538891 -1.5122549e-05
-4.299305 -10.538787 -1.5077591e-05
-4.2594557 -10.542502 -1.5028317e-05
-4.219583 -10.541509 -1.4996529e-05
-4.1797118 -10.540532 -1.4962753e-05
-4.1398396 -10.539538 -1.4960766e-05
-4.0999675 -10.538562 -1.492699e-05
-4.0594563 -10.537016 -1.4860784e-05
-4.0208769 -10.539041 -1.4810562e-05
-3.9797363 -10.541619 -1.4776769e-05
-3.9397192 -10.539638 -1.479008e-05
-3.8997457 -10.539643 -1.4766403e-05
-3.8597696 -10.537661 -1.4733185e-05
-3.8186352 -10.54159 -1.4664872e-05
-3.7801342 -10.541276 -1.4613414e-05
-3.74 -10.541406 -1.463967e-05
-3.6999557 -10.539293 -1.4613414e-05
-3.659776 -10.539426 -1.457622e-05
-3.6197782 -10.537313 -1.4533257e-05
-3.5923221 -10.537215 -1.4493863e-05
-5.6999812 -10.502637 -1.6281681e-05
-5.6597366 -10.502144 -1.6221777e-05
-5.6194611 -10.501647 -1.6197082e-05
-5.5798445 -10.500339 -1.6172085e-05
-5.5409322 -10.498524 -1.6150872e-05
-5.5012727 -10.49823 -1.6100705e-05
-5.4603772 -10.497218 -1.6044825e-05
-5.4194841 -10.49621 -1.6018748e-05
-5.3806586 -10.497614 -1.599697e-05
-5.3388338 -10.501019 -1.597166e-05
-5.3004913 -10.504124 -1.5931744e-05
-5.2599864 -10.502622 -1.5908852e-05
-5.2195125 -10.501117 -1.5845222e-05
-5.1796889 -10.500471 -1.5843299e-05
-5.1398444 -10.499823 -1.5820226e-05
-5.1000085 -10.498164 -1.5777927e-05
-5.0601845 -10.498186 -1.5749085e-05
-5.0203633 -10.496535 -1.5704862e-05
-4.9810538 -10.497338 -1.5688354e-05
-4.9399214 -10.499897 -1.5651638e-05
-4.8992419 -10.501243 -1.5620832e-05
-4.8603501 -10.503388 -1.5581807e-05
-4.8202772 -10.502057 -1.5551044e-05
-4.7802262 -10.500725 -1.5501053e-05
-4.7401752 -10.500753 -1.549913e-05
-4.7001104 -10.499428 -1.5445294e-05
-4.6607423 -10.497582 -1.5411775e-05
-4.6206598 -10.497295 -1.5366822e-05
-4.5793118 -10.496273 -1.5327707e-05
-4.5406113 -10.500558 -1.5315556e-05
-4.501739 -10.499599 -1.527369e-05
-4.4588103 -10.50222 -1.5217683e-05
-4.4191551 -10.50238 -1.5179957e-05
-4.3795667 -10.501925 -1.5167395e-05
-4.3399444 -10.501456 -1.5164575e-05
-4.2996459 -10.499428 -1.5124197e-05
-4.2593799 -10.49878 -1.5072284e-05
-4.2190909 -10.498131 -1.502037e-05
-4.1794643 -10.496975 -1.5002489e-05
-4.1411009 -10.497546 -1.5001212e-05
-4.1003442 -10.500323 -1.4947219e-05
-4.0603867 -10.499337 -1.4911096e-05
-4.018333 -10.501501 -1.4863633e-05
-3.979605 -10.502571 -1.4812716e-05
-3.9397683 -10.501756 -1.4827649e-05
-3.8999202 -10.500949 -1.4791565e-05
-3.8600504 -10.499073 -1.4742215e-05
-3.820214 -10.499325 -1.4695429e-05
-3.7803552 -10.497824 -1.4648835e-05
-3.74053 -10.496315 -1.4680048e-05
-3.7007673 -10.499564 -1.4653573e-05
-3.660358 -10.500217 -1.4600299e-05
-3.6210487 -10.499246 -1.45485e-05
-3.592222 -10.498533 -1.453691e-05
-5.7001967 -10.462852 -1.629442e-05
-5.6601815 -10.461864 -1.6268343e-05
-5.6201668 -10.460872 -1.6227365e-05
-5.5801525 -10.459887 -1.623109e-05
-5.5401382 -10.458898 -1.6190112e-05
-5.5001225 -10.457909 -1.6141683e-05
-5.4601083 -10.456921 -1.6108155e-05
-5.420094 -10.455933 -1.6056001e-05
-5.3796802 -10.459335 -1.6057491e-05
-5.3394818 -10.463849 -1.6026199e-05
-5.2992511 -10.462856 -1.5974045e-05
-5.2596412 -10.461395 -1.5933667e-05
-5.2200561 -10.4609 -1.5899539e-05
-5.1798248 -10.459907 -1.587905e-05
-5.1402311 -10.458767 -1.5875985e-05
-5.1006236 -10.457951 -1.5821308e-05
-5.0603929 -10.456956 -1.5772879e-05
-5.0201616 -10.455962 -1.5731901e-05
-4.9799027 -10.458723 -1.5731901e-05
-4.9394736 -10.463987 -1.5705824e-05
-4.8996439 -10.462842 -1.5666408e-05
-4.8598413 -10.462019 -1.561828e-05
-4.8193917 -10.46102 -1.5579164e-05
-4.7795715 -10.459547 -1.555489e-05
-4.7397671 -10.459054 -1.5536323e-05
-4.699317 -10.458054 -1.5504658e-05
-4.6588683 -10.457055 -1.5450642e-05
-4.6184177 -10.456054 -1.5417114e-05
-4.5794721 -10.457243 -1.5401414e-05
-4.5401702 -10.46425 -1.5386513e-05
-4.5020413 -10.463306 -1.533702e-05
-4.4613709 -10.462303 -1.5292317e-05
-4.4207006 -10.461298 -1.5240163e-05
-4.3800287 -10.460293 -1.5206635e-05
-4.3399849 -10.458811 -1.522418e-05
-4.2999697 -10.458315 -1.5178695e-05
-4.2599387 -10.457163 -1.514727e-05
-4.2199035 -10.456338 -1.5087426e-05
-4.1812501 -10.457197 -1.5045915e-05
-4.1387424 -10.4617 -1.5035824e-05
-4.1000724 -10.46345 -1.4987684e-05
-4.0598035 -10.46262 -1.4930964e-05
-4.0201964 -10.461298 -1.4893214e-05
-3.9805777 -10.460664 -1.4862046e-05
-3.9396834 -10.459653 -1.4882535e-05
-3.8994231 -10.458495 -1.485117e-05
-3.8598108 -10.457179 -1.4799257e-05
-3.8202052 -10.457196 -1.4747343e-05
-3.7804461 -10.456214 -1.4699274e-05
-3.7390075 -10.460273 -1.4699023e-05
-3.6990609 -10.462945 -1.4649971e-05
-3.6609106 -10.462611 -1.4612751e-05
-3.6203952 -10.462118 -1.4573336e-05
-3.5921257 -10.461419 -1.4538567e-05
-5.6613207 -10.421153 -1.629301e-05
-5.6202011 -10.422281 -1.6251579e-05
-5.5804081 -10.421437 -1.624678e-05
-5.5394559 -10.419728 -1.6221229e-05
-5.4990225 -10.419284 -1.6182661e-05
-5.4598498 -10.418318 -1.6145408e-05
-5.4206777 -10.41735 -1.610443e-05
-5.3799958 -10.417306 -1.6076225e-05
-5.3405833 -10.419913 -1.6064179e-05
-5.3011308 -10.420137 -1.6012253e-05
-5.2599545 -10.423019 -1.5977657e-05
-5.2199559 -10.421889 -1.5933067e-05
-5.1805754 -10.420916 -1.5934929e-05
-5.1399651 -10.419914 -1.5902169e-05
-5.0993552 -10.418909 -1.5875325e-05
-5.0593748 -10.417773 -1.5825935e-05
-5.0193696 -10.416933 -1.5784055e-05
-4.9790239 -10.418004 -1.5759468e-05
-4.9402471 -10.419335 -1.574871e-05
-4.900619 -10.42275 -1.5702317e-05
-4.8599811 -10.422593 -1.5672296e-05
-4.8203917 -10.421612 -1.5627593e-05
-4.7801828 -10.420182 -1.5605579e-05
-4.7399864 -10.419625 -1.559034e-05
-4.7003975 -10.418649 -1.5538186e-05
-4.660809 -10.417671 -1.5502796e-05
-4.6212206 -10.416694 -1.5456229e-05
-4.5806298 -10.417777 -1.5430791e-05
-4.5425549 -10.420122 -1.5420792e-05
-4.5010672 -10.422851 -1.5363974e-05
-4.4600978 -10.422413 -1.5318394e-05
-4.4196844 -10.421558 -1.5273239e-05
-4.3792491 -10.420415 -1.5232712e-05
-4.3394494 -10.419434 -1.5251338e-05
-4.2996483 -10.418448 -1.5206635e-05
-4.2598481 -10.417466 -1.5150756e-05
-4.2200475 -10.416484 -1.5113503e-05
-4.1790991 -10.417583 -1.5090193e-05
-4.1410522 -10.421626 -1.5086598e-05
-4.099658 -10.423314 -1.5035271e-05
-4.0596433 -10.422324 -1.5001743e-05
-4.019629 -10.421334 -1.4942139e-05
-3.9796145 -10.420346 -1.4901161e-05
-3.9402394 -10.418895 -1.491462e-05
-3.900846 -10.4184 -1.4882535e-05
-3.8602016 -10.416949 -1.4828913e-05
-3.819576 -10.416391 -1.4780089e-05
-3.779103 -10.416147 -1.4747634e-05
-3.740835 -10.423611 -1.4740409e-05
-3.70014 -10.423352 -1.4685094e-05
-3.659909 -10.422359 -1.466088e-05
-3.6196785 -10.421364 -1.462549e-05
-3.5920193 -10.420681 -1.4588237e-05
-5.6202788 -10.381004 -1.6333091e-05
-5.5801249 -10.379158 -1.6320319e-05
-5.5403824 -10.379261 -1.6264799e-05
-5.5009146 -10.3802 -1.6209326e-05
-5.4596024 -10.381308 -1.6171485e-05
-5.4205952 -10.379933 -1.6134796e-05
-5.3799167 -10.379725 -1.6132422e-05
-5.3397141 -10.378346 -1.6087666e-05
-5.2992821 -10.378116 -1.6063452e-05
-5.2601132 -10.380955 -1.6019112e-05
-5.2201924 -10.379755 -1.5983978e-05
-5.1798348 -10.379194 -1.596553e-05
-5.1407967 -10.380521 -1.5954176e-05
-5.0999422 -10.381667 -1.5905409e-05
-5.0601869 -10.380134 -1.5878317e-05
-5.0198226 -10.379821 -1.5818021e-05
-4.9800458 -10.378568 -1.5806407e-05
-4.9402866 -10.377317 -1.5768936e-05
-4.899179 -10.380503 -1.5714764e-05
-4.8594689 -10.379995 -1.568028e-05
-4.8193536 -10.379223 -1.5654216e-05
-4.7806783 -10.379997 -1.5613196e-05
-4.7401981 -10.381845 -1.5601516e-05
-4.700201 -10.3814 -1.5562071e-05
-4.6596375 -10.379713 -1.5522495e-05
-4.6196918 -10.378448 -1.5480951e-05
-4.5802965 -10.377895 -1.546368e-05
-4.5410209 -10.377634 -1.5444828e-05
-4.5003004 -10.38059 -1.5403164e-05
-4.4590044 -10.379572 -1.5358626e-05
-4.421031 -10.380133 -1.5302285e-05
-4.3802924 -10.381828 -1.528227e-05
-4.3401313 -10.38112 -1.5285883e-05
-4.299952 -10.380408 -1.5238921e-05
-4.2603741 -10.379291 -1.5191734e-05
-4.2201886 -10.378299 -1.5160616e-05
-4.1794052 -10.377145 -1.5096231e-05
-4.1384792 -10.379472 -1.5100917e-05
-4.0997562 -10.380042 -1.5056715e-05
-4.0601983 -10.379069 -1.501739e-05
-4.0203185 -10.382758 -1.4953315e-05
-3.9799366 -10.38148 -1.4930964e-05
-3.9395325 -10.380762 -1.4951453e-05
-3.8997443 -10.379633 -1.4921029e-05
-3.8599672 -10.378795 -1.4875084e-05
-3.8201878 -10.377384 -1.4818076e-05
-3.7804089 -10.376827 -1.4791265e-05
-3.7397683 -10.380359 -1.4795363e-05
-3.6999002 -10.379611 -1.4749969e-05
-3.6600394 -10.381595 -1.4693396e-05
-3.6189911 -10.382337 -1.4655292e-05
-3.5919182 -10.381669 -1.4618039e-05
-5.5796547 -10.340616 -1.6403548e-05
-5.5399876 -10.338625 -1.6349204e-05
-5.4981227 -10.341203 -1.6296193e-05
-5.4593363 -10.341486 -1.6246737e-05
-5.4194975 -10.340502 -1.6213788e-05
-5.3796582 -10.339518 -1.6213953e-05
-5.3402743 -10.33815 -1.6192143e-05
-5.3008451 -10.338437 -1.6146898e-05
-5.260253 -10.3405 -1.6111988e-05
-5.2197418 -10.339877 -1.605644e-05
-5.1798024 -10.338884 -1.6058193e-05
-5.1390538 -10.340698 -1.6033649e-05
-5.0999913 -10.341512 -1.5998996e-05
-5.0599494 -10.340111 -1.5945661e-05
-5.0199003 -10.339531 -1.5908896e-05
-4.9798827 -10.337718 -1.5900248e-05
-4.9411278 -10.339441 -1.588307e-05
-4.8998251 -10.340714 -1.5826787e-05
-4.860281 -10.339867 -1.5802456e-05
-4.8201265 -10.338618 -1.5759468e-05
-4.7789998 -10.340242 -1.5719517e-05
-4.7402935 -10.341007 -1.5692656e-05
-4.7000537 -10.340423 -1.5666088e-05
-4.6603036 -10.338603 -1.5599388e-05
-4.6200137 -10.338855 -1.5549882e-05
-4.5806341 -10.340024 -1.550402e-05
-4.5410423 -10.34068 -1.5506521e-05
-4.5006962 -10.339684 -1.5478996e-05
-4.4603496 -10.338687 -1.5433878e-05
-4.4191675 -10.339394 -1.5373413e-05
-4.3797946 -10.341619 -1.5353284e-05
-4.3402839 -10.339567 -1.5363807e-05
-4.3003135 -10.339427 -1.5329748e-05
-4.2598753 -10.338014 -1.5282354e-05
-4.2197351 -10.341527 -1.5210022e-05
-4.1803617 -10.340824 -1.5197378e-05
-4.1404119 -10.339706 -1.5218468e-05
-4.1004705 -10.33858 -1.5168479e-05
-4.0599542 -10.338108 -1.5108926e-05
-4.0198669 -10.341253 -1.5045915e-05
-3.9796872 -10.339835 -1.5014693e-05
-3.939513 -10.339488 -1.503882e-05
-3.9001644 -10.338972 -1.4972687e-05
-3.8597338 -10.341646 -1.4919223e-05
-3.8201804 -10.340395 -1.4872262e-05
-3.7800043 -10.340348 -1.4839803e-05
-3.7392788 -10.338276 -1.484331e-05
-3.6996968 -10.337832 -1.4798716e-05
-3.6596973 -10.34119 -1.4729798e-05
-3.6197431 -10.339795 -1.469601e-05
-3.591809 -10.339743 -1.4654795e-05
-5.5390596 -10.301247 -1.6392602e-05
-5.5001998 -10.300286 -1.6361475e-05
-5.46134 -10.299325 -1.6331673e-05
-5.4201937 -10.29831 -1.6297234e-05
-5.3794827 -10.296927 -1.626936e-05
-5.3410249 -10.298297 -1.6231286e-05
-5.2994723 -10.300888 -1.6180245e-05
-5.2601819 -10.302052 -1.613068e-05
-5.2202168 -10.301646 -1.6093254e-05
-5.1802368 -10.300463 -1.6086324e-05
-5.1402755 -10.299482 -1.6056678e-05
-5.0998559 -10.299047 -1.6014685e-05
-5.0598831 -10.297298 -1.5980975e-05
-5.0214243 -10.297978 -1.5944242e-05
-4.9801636 -10.299852 -1.5924374e-05
-4.9386082 -10.301316 -1.5912912e-05
-4.9000554 -10.301703 -1.5886717e-05
-4.8603487 -10.301307 -1.581741e-05
-4.820653 -10.299934 -1.5773052e-05
-4.780478 -10.299142 -1.5755946e-05
-4.7398448 -10.297945 -1.5751883e-05
-4.6996827 -10.29714 -1.5688496e-05
-4.6596103 -10.300827 -1.5639207e-05
-4.6203313 -10.298864 -1.5609405e-05
-4.5791636 -10.301813 -1.5592852e-05
-4.5405149 -10.301651 -1.5565753e-05
-4.5010734 -10.300677 -1.5525024e-05
-4.4597516 -10.299269 -1.548637e-05
-4.4198804 -10.298677 -1.5465987e-05
-4.3799815 -10.298069 -1.5410509e-05
-4.3405805 -10.298762 -1.5403773e-05
-4.2998581 -10.300427 -1.5369233e-05
-4.2603216 -10.29845 -1.533943e-05
-4.2202611 -10.302066 -1.5285126e-05
-4.1801682 -10.301475 -1.5261561e-05
-4.1400619 -10.299887 -1.5258789e-05
-4.0999603 -10.299295 -1.5226908e-05
-4.0603218 -10.298313 -1.5162286e-05
-4.0214548 -10.298188 -1.5113412e-05
-3.9802814 -10.300229 -1.5085084e-05
-3.9399648 -10.299606 -1.5099259e-05
-3.8992636 -10.299804 -1.503196e-05
-3.8597798 -10.301769 -1.4976014e-05
-3.8194602 -10.300777 -1.4938588e-05
-3.7796276 -10.300194 -1.4923868e-05
-3.740274 -10.298403 -1.4922449e-05
-3.6999397 -10.298415 -1.4861876e-05
-3.6611497 -10.299526 -1.4824526e-05
-3.6198969 -10.300351 -1.4793542e-05
-3.5917046 -10.299655 -1.4772017e-05
-4.0608997 -10.257329 -1.5199184e-05
-4.0194283 -10.260657 -1.5148991e-05
-3.9797022 -10.262539 -1.5123324e-05
-3.9399371 -10.261551 -1.5122946e-05
-3.9001627 -10.260761 -1.5092167e-05
-3.8599243 -10.259579 -1.5051527e-05
-3.8201621 -10.258779 -1.501344e-05
-3.7803869 -10.257989 -1.4956702e-05
-3.740555 -10.2572 -1.4957994e-05
-3.7004681 -10.259438 -1.4899408e-05
-3.6594739 -10.261895 -1.4865682e-05
-3.6191711 -10.262094 -1.4829636e-05
-3.5916057 -10.261414 -1.4817715e-05
-3.7002723 -10.221169 -1.4955997e-05
-3.6587534 -10.222493 -1.4915731e-05
-3.6184018 -10.221497 -1.4864074e-05
-3.5915003 -10.220831 -1.4829636e-05
-3.66082 -10.195422 -1.4923121e-05
-3.6190369 -10.193986 -1.4901161e-05
-3.5914295 -10.193505 -1.4871359e-05
-6.4511375 -12.619424 0.020124257
-6.4510827 -12.584677 0.019655714
-6.451015 -12.541287 0.019070702
-6.4509606 -12.500362 0.021149687
-3.5874214 -12.516227 0.01681456
-6.4508963 -12.458799 0.020560876
-3.5873532 -12.471519 0.016557813
-6.4508324 -12.418124 0.01998464
-3.5872872 -12.427814 0.016306996
-6.4507699 -12.378309 0.019420527
-3.5872223 -12.385081 0.016061604
-6.4507089 -12.339327 0.018868268
-3.5871589 -12.343286 0.015821591
-6.4506497 -12.301148 0.018327385
-3.5870969 -12.302397 0.015586853
-6.4505987 -12.262743 0.020238804
-3.5870361 -12.262387 0.015357018
-6.4505291 -12.218122 0.019576402
-3.586977 -12.223228 0.015132278
-6.4504681 -12.173566 0.021321796
-3.5869186 -12.184892 0.019835079
-6.4504137 -12.138723 0.020780757
-3.5868614 -12.147353 0.019568395
-6.4503598 -12.104564 0.020250291
-3.5868061 -12.110588 0.019307112
-6.4502969 -12.062832 0.020371825
-3.5867512 -12.074573 0.02382347
-6.4502401 -12.02293 0.021275666
-3.5866716 -12.021992 0.023378134
-6.4501767 -11.982259 0.02061657
-3.5865939 -11.9708 0.02294454
-6.4501028 -11.935699 0.019861905
-3.5865436 -11.937565 0.022662982
-6.4500451 -11.898693 0.019262182
-3.586494 -11.904974 0.022386909
-6.4499855 -11.860942 0.018650413
-3.586422 -11.85733 0.021983385
-6.4499283 -11.817709 0.020828051
-3.5863514 -11.810887 0.02158995
-6.4498563 -11.775601 0.01868736
-3.5863056 -11.780697 0.021334171
-6.4498029 -11.734628 0.020807343
-3.5862384 -11.736521 0.020959944
-6.4497385 -11.694686 0.020105559
-3.5861731 -11.693415 0.020594805
-6.4496832 -11.65578 0.020787796
-3.5861306 -11.665367 0.020357296
-6.4496284 -11.617856 0.021452701
-3.5860682 -11.624292 0.020009294
-6.4495649 -11.58086 0.019437509
-3.5860076 -11.584177 0.019669518
-6.449501 -11.538884 0.019341335
-3.5859485 -11.545217 0.023389513
-3.5858722 -11.494743 0.022893077
-3.5858159 -11.457949 0.022531247
-3.585762 -11.42217 0.022179341
-3.5856915 -11.375761 0.021722872
-3.58564 -11.341891 0.021389794
-3.5855896 -11.308919 0.021065414
-3.5855248 -11.266105 0.020644385
-3.5854619 -11.224611 0.020236218
-3.5854008 -11.184379 0.019840568
-3.5853417 -11.14535 0.019456733
-3.5852842 -11.107474 0.022536865
-3.5852156 -11.061726 0.022024479
-3.5851479 -11.017498 0.021529118
-3.5850961 -10.983273 0.02114585
-3.5850329 -10.941868 0.020682087
-3.5849724 -10.901772 0.02023302
-3.5849142 -10.863098 0.019799905
-3.584846 -10.818306 0.019298213
-3.5847793 -10.774531 0.020900691
-3.5847175 -10.733791 0.021294381
-3.5846572 -10.693882 0.020792907
-3.5845988 -10.655418 0.020309692
-3.5845428 -10.618334 0.019843683
-3.5844879 -10.582545 0.019394089
-3.5844259 -10.541803 0.019615592
-3.5843596 -10.498373 0.020957928
-3.5842969 -10.456289 0.020371746
-3.5842359 -10.41601 0.019810705
-3.5841761 -10.377419 0.019273171
-3.5841212 -10.340418 0.018757762
-3.5840607 -10.300598 0.020554688
-3.5839965 -10.258378 0.019908994
-3.583936 -10.218178 0.019294193
-3.5838788 -10.181389 0.020961348
-6.4512949 -12.619751 0.063408419
-6.4512324 -12.586547 0.059908934
-6.4511628 -12.543116 0.058879808
-6.4511008 -12.49915 0.060468085
-3.5874212 -12.516227 0.059815019
-6.4510355 -12.457614 0.059455473
-3.5873532 -12.471519 0.05907023
-6.4509811 -12.41842 0.061074845
-3.5872872 -12.427814 0.058342263
-6.4509177 -12.378598 0.060076647
-3.5872223 -12.385081 0.05763036
-6.4508553 -12.339608 0.059099406
-3.5871589 -12.343286 0.056934074
-6.4507942 -12.301426 0.058142371
-3.5870969 -12.302397 0.056252956
-6.4507513 -12.264057 0.062118866
-3.5870361 -12.262387 0.055586353
-6.4506745 -12.218402 0.060108189
-3.5869765 -12.223228 0.059909344
-6.4506063 -12.173821 0.059746824
-3.5869188 -12.184892 0.064141303
-6.4505572 -12.138031 0.061172232
-3.5868616 -12.147353 0.06341359
-6.4505024 -12.103885 0.06024674
-3.5868061 -12.110588 0.062700793
-6.4504366 -12.063078 0.059140656
-3.5867512 -12.074573 0.06200245
-6.4503794 -12.022284 0.060338601
-3.5866716 -12.021992 0.060983099
-6.4503226 -11.982508 0.061499078
-3.5865939 -11.9708 0.059990644
-6.4502482 -11.935956 0.06017394
-3.5865436 -11.937565 0.059346288
-6.4501853 -11.897277 0.059072785
-3.586494 -11.904974 0.058714405
-6.4501305 -11.860143 0.05957181
-3.5864193 -11.855588 0.060231745
-6.4500728 -11.817946 0.061132558
-3.5863514 -11.810886 0.061302852
-6.4500046 -11.775848 0.059876807
-3.5863056 -11.780697 0.060676277
-6.4499426 -11.733888 0.060120344
-3.5862384 -11.736521 0.059759498
-6.4498777 -11.694911 0.058846038
-3.5861733 -11.693415 0.058864962
-6.4498248 -11.656008 0.060399558
-3.5861306 -11.665367 0.058283009
-6.4497728 -11.618081 0.061913829
-3.5860684 -11.62429 0.057430536
-6.449708 -11.581079 0.059394281
-3.5860076 -11.584177 0.05659809
-6.4496436 -11.538262 0.059724506
-3.5859463 -11.54379 0.062048335
-3.5858722 -11.494743 0.062704392
-3.5858159 -11.457949 0.061840475
-3.5857615 -11.422171 0.061000329
-3.5856915 -11.375761 0.059910547
-3.58564 -11.341891 0.059115279
-3.5855896 -11.30892 0.058340967
-3.5855253 -11.266106 0.061004814
-3.5854616 -11.224612 0.059973806
-3.5854008 -11.184379 0.058974221
-3.5853417 -11.145351 0.058004562
-3.5852845 -11.107473 0.060516141
-3.5852139 -11.060665 0.061673649
-3.5851479 -11.017498 0.061487656
-3.5850961 -10.983273 0.060543966
-3.5850325 -10.941868 0.059402149
-3.5849724 -10.901772 0.058296513
-3.5849144 -10.863098 0.060349293
-3.584846 -10.818306 0.059053022
-3.5847819 -10.77598 0.059716288
-3.5847168 -10.73308 0.060605694
-3.5846577 -10.693883 0.061228685
-3.5845983 -10.655418 0.060010701
-3.5845425 -10.618334 0.058836158
-3.584487 -10.582034 0.059584647
-3.5844281 -10.542927 0.059730802
-3.5843594 -10.498374 0.060280103
-3.5842962 -10.45579 0.06079492
-3.5842359 -10.41601 0.059956018
-3.5841761 -10.377419 0.058575951
-3.5841212 -10.340419 0.059658572
-3.5840602 -10.300598 0.060531773
-3.5839961 -10.258002 0.060764428
-3.5839355 -10.218179 0.059598379
-3.5838768 -10.179386 0.059412673
-3.5838168 -10.139748 0.060736541
-6.4514289 -12.620028 0.10128957
-6.4513764 -12.588409 0.10021724
-6.4513121 -12.543421 0.10133733
-6.4512429 -12.500931 0.099867448
-3.5874212 -12.516227 0.10281548
-6.4511743 -12.459356 0.098429285
-3.5873532 -12.471519 0.1015826
-6.4511151 -12.417251 0.099546731
-3.5872872 -12.427814 0.10037754
-6.4510608 -12.378877 0.10074083
-3.5872223 -12.385081 0.099199116
-6.4509969 -12.339883 0.099338472
-3.5871589 -12.343286 0.098046556
-6.4509416 -12.300663 0.10040941
-3.5870969 -12.302397 0.09691906
-6.4508905 -12.264321 0.10153456
-3.5870361 -12.262387 0.095815718
-6.4508119 -12.218658 0.099026024
-3.5869768 -12.223228 0.10468635
-6.4507494 -12.173109 0.10053772
-3.5869188 -12.184892 0.10352463
-6.4507017 -12.13925 0.10162297
-3.5868616 -12.147353 0.1023871
-6.4506445 -12.105081 0.1003013
-3.5868061 -12.110588 0.10127294
-6.4505768 -12.062069 0.099530146
-3.5867512 -12.074573 0.10018143
-6.4505148 -12.021633 0.099376798
-3.5866716 -12.021992 0.098588049
-6.4504604 -11.981545 0.10093542
-3.5865939 -11.9708 0.097036764
-6.4503903 -11.936196 0.10049272
-3.5865436 -11.937565 0.10061496
-6.4503284 -11.899178 0.098985128
-3.586494 -11.904974 0.099582836
-6.4502778 -11.862473 0.10029849
-3.5864246 -11.859073 0.10010903
-6.4502101 -11.818182 0.10000479
-3.5863514 -11.810886 0.10101575
-6.4501443 -11.775085 0.099705957
-3.5863056 -11.780697 0.10001838
-6.4500837 -11.736036 0.099245474
-3.586236 -11.734903 0.10088968
-6.4500246 -11.695144 0.10036068
-3.5861733 -11.693415 0.10138737
-6.449965 -11.656225 0.10001788
-3.5861306 -11.665367 0.10042267
-6.4499092 -11.617403 0.10108297
-3.5860684 -11.624292 0.099009693
-6.4498487 -11.581297 0.099357843
-3.5860076 -11.584177 0.097629823
-3.5859506 -11.546642 0.098130971
-3.5858722 -11.494743 0.10251571
-3.5858159 -11.457949 0.10114968
-3.585762 -11.422171 0.099821307
-3.5856915 -11.375762 0.098098226
-3.58564 -11.341891 0.10061333
-3.5855901 -11.308919 0.099344075
-3.585525 -11.266105 0.10136521
-3.5854619 -11.224611 0.099711381
-3.5854008 -11.18438 0.10166549
-3.5853417 -11.145351 0.10005674
-3.5852845 -11.107474 0.098495424
-3.5852153 -11.06173 0.099982716
-3.5851479 -11.017498 0.10144619
-3.5850961 -10.983273 0.099942088
-3.5850315 -10.941012 0.099265218
-3.5849724 -10.901771 0.099531963
-3.5849142 -10.863099 0.10089871
-3.5848448 -10.817537 0.099891245
-3.5847805 -10.775237 0.099796623
-3.5847187 -10.734468 0.098715208
-3.5846572 -10.693883 0.10166445
-3.5845983 -10.655419 0.099711716
-3.5845416 -10.617782 0.098807424
-3.5844886 -10.583078 0.100512
-3.5844259 -10.541806 0.10003798
-3.5843592 -10.498373 0.09960226
-3.5842969 -10.456293 0.099846236
-3.5842359 -10.41601 0.10010134
-3.5841753 -10.376864 0.099140346
-3.5841212 -10.340419 0.10055936
-3.5840597 -10.300202 0.10005257
-3.5839963 -10.258382 0.10018889
-3.583936 -10.218179 0.0999026
-3.5838768 -10.180017 0.10047702
-3.5838158 -10.139241 0.099834748
-3.5837541 -10.098368 0.10011246
-3.5836947 -10.059055 0.10006681
-6.4539919 -12.619795 0.13928756
-6.4537568 -12.586284 0.13925654
-6.4542766 -12.544115 0.14241162
-6.45368 -12.500616 0.14069301
-3.5840847 -12.515115 0.14064455
-6.4537516 -12.459375 0.1400443
-3.5848694 -12.470744 0.14158122
-6.453825 -12.420695 0.13949569
-3.5837402 -12.425045 0.14400783
-6.45437 -12.379885 0.14240548
-3.5841053 -12.3808 0.14267243
-6.4537611 -12.339886 0.14077277
-3.5846572 -12.342955 0.13921449
-6.4542937 -12.300805 0.14358582
-3.5844111 -12.304945 0.1400892
-6.4537001 -12.262484 0.14197451
-3.5847592 -12.263386 0.13883908
-6.4537311 -12.21642 0.14036322
-3.5831113 -12.222694 0.14557734
-6.4533248 -12.174459 0.1413987
-3.5834656 -12.182951 0.14429547
-6.4535651 -12.141627 0.14080989
-3.5838108 -12.14407 0.14304039
-6.4534049 -12.098336 0.1405652
-3.5841479 -12.106021 0.14181133
-6.4534864 -12.05756 0.14120568
-3.5831797 -12.064166 0.14227562
-6.4543028 -12.022675 0.14314161
-3.5845752 -12.016212 0.13853078
-6.4525485 -11.983993 0.1395541
-3.5837851 -11.969731 0.14048918
-6.4532328 -11.93805 0.14135154
-3.5835509 -11.93508 0.14336506
-6.4530463 -11.900004 0.13982232
-3.5838711 -11.901339 0.14220414
-6.4533968 -11.862146 0.14223552
-3.5832915 -11.855672 0.14141408
-6.4531116 -11.817335 0.1408899
-3.5832996 -11.811193 0.14210919
-6.4526992 -11.777507 0.13999408
-3.5835578 -11.780064 0.1409574
-6.4528408 -11.736185 0.14047027
-3.5837727 -11.738958 0.14017534
-6.4526033 -11.696652 0.14101814
-3.5823543 -11.696598 0.14451058
-6.4530482 -11.657347 0.14192492
-3.5817173 -11.663973 0.14529689
-6.4527164 -11.618785 0.14059925
-3.5838811 -11.622754 0.14058939
-6.4527512 -11.580781 0.14079565
-3.5825067 -11.580317 0.14199188
-3.5838728 -11.543572 0.13830744
-3.58272 -11.49622 0.14324211
-3.5821171 -11.45545 0.14336152
-3.583555 -11.42131 0.13991632
-3.5826554 -11.378242 0.1410335
-3.581758 -11.340552 0.14462097
-3.5820336 -11.303725 0.14393528
-3.5828154 -11.263306 0.14068
-3.5828669 -11.223152 0.14037682
-3.5818748 -11.180001 0.14411588
-3.5826771 -11.143001 0.14104737
-3.5822396 -11.105088 0.14201908
-3.5827718 -11.062738 0.1403278
-3.5818059 -11.018617 0.14280103
-3.5818901 -10.980912 0.14254162
-3.5828032 -10.942544 0.13981171
-3.5811813 -10.901378 0.14422774
-3.5822806 -10.862542 0.14076084
-3.5821607 -10.819786 0.14132836
-3.5818591 -10.77773 0.14166468
-3.5820005 -10.736181 0.14094338
-3.58165 -10.697343 0.1422509
-3.5815344 -10.657948 0.14222616
-3.5813601 -10.619803 0.14158975
-3.5814474 -10.58248 0.14222211
-3.5815272 -10.542147 0.1413988
-3.5814312 -10.498335 0.141964
-3.5814302 -10.457094 0.14123562
-3.5812807 -10.416032 0.14178866
-3.581264 -10.378224 0.14170302
-3.581039 -10.340545 0.14205804
-3.5811257 -10.300737 0.14188699
-3.5811043 -10.258835 0.14145267
-3.5811 -10.218926 0.14150707
-3.5808983 -10.180472 0.14216082
-3.5808887 -10.140464 0.1415091
-3.5808387 -10.099382 0.14162464
-3.5807037 -10.059125 0.14198117
-3.5792427 -10.01742 0.14253607
-3.5395939 -10.003982 0.15319961
-6.4612894 -12.585402 0.17841375
-6.4612222 -12.540705 0.17861302
-6.4611597 -12.499996 0.17897613
-6.4610977 -12.458669 0.18182692
-3.5773451 -12.468719 0.17647389
-6.4610367 -12.418218 0.17948671
-3.5772793 -12.425529 0.17959149
-6.4609747 -12.377218 0.17966557
-3.5772157 -12.383286 0.18264076
-6.4609184 -12.33984 0.18000275
-3.577153 -12.341961 0.18048616
-6.4608612 -12.301861 0.18272617
-3.5770917 -12.301523 0.17837775
-6.4608054 -12.264656 0.18047209
-3.5770316 -12.261946 0.17631423
-6.4607368 -12.219238 0.1801468
-3.576973 -12.2232 0.1842452
-6.460669 -12.174873 0.17984515
-3.5769153 -12.185261 0.18216358
-6.460619 -12.141151 0.18014503
-3.576859 -12.148102 0.18012485
-6.4605536 -12.097833 0.18057001
-3.5768037 -12.111702 0.17812768
-6.4604926 -12.057326 0.17954676
-3.5767202 -12.056617 0.17773144
-6.4604306 -12.016046 0.18150042
-3.5766449 -12.00682 0.18173368
-6.460371 -11.977429 0.17897651
-3.5765939 -11.973228 0.17979902
-6.4603119 -11.938048 0.18089186
-3.5765438 -11.94029 0.17790183
-6.4602556 -11.901193 0.17843261
-3.5764947 -11.907984 0.18058652
-6.4601979 -11.863583 0.18031076
-3.5764258 -11.862472 0.17988522
-6.4601355 -11.821515 0.18022367
-3.5763535 -11.814684 0.17950349
-6.4600687 -11.778563 0.1787935
-3.576308 -11.784735 0.18207403
-6.4600072 -11.737715 0.18017231
-3.5762413 -11.740902 0.17936996
-6.4599466 -11.697915 0.18012819
-3.5761766 -11.698122 0.18098991
-6.4598861 -11.658218 0.18011108
-3.5761118 -11.655087 0.1806007
-6.4598303 -11.621321 0.1800323
-3.5760524 -11.616063 0.17996281
-3.5759926 -11.576688 0.17742626
-3.5759346 -11.53821 0.18302915
-3.5758777 -11.500813 0.18051787
-3.5758026 -11.451241 0.17932059
-3.5757504 -11.416954 0.18263771
-3.5756984 -11.382536 0.1802327
-3.5756288 -11.336864 0.17908794
-3.5755646 -11.294591 0.18150392
-3.5754998 -11.251717 0.18037467
-3.5754395 -11.211991 0.17910226
-3.5753796 -11.172547 0.17972627
-3.5753214 -11.134265 0.1803319
-3.5752668 -11.09793 0.17910229
-3.5752113 -11.060994 0.18149106
-3.5751431 -11.016442 0.17917053
-3.5750806 -10.975105 0.18121363
-3.575031 -10.94239 0.17852576
-3.5749722 -10.903597 0.18051103
-3.5748997 -10.85615 0.179831
-3.5748451 -10.819993 0.18071258
-3.5747898 -10.783633 0.17962861
-3.5747287 -10.742979 0.17986314
-3.5746682 -10.703135 0.17917763
-3.57461 -10.664736 0.18135354
-3.5745437 -10.621483 0.17937122
-3.574481 -10.579784 0.179785
-3.5744214 -10.540648 0.18034062
-3.574357 -10.497861 0.1799154
-3.5742934 -10.455546 0.17954111
-3.5742328 -10.415704 0.18041581
-3.5741739 -10.377516 0.18001609
-3.5741196 -10.341019 0.18023951
-3.574059 -10.301439 0.17997809
-3.5739963 -10.259601 0.17982019
-3.5739353 -10.219752 0.17967811
-3.5738771 -10.181422 0.17996678
-3.5738165 -10.141688 0.1803664
-3.5737545 -10.100507 0.17970186
-3.5736952 -10.061549 0.18042162
-3.5708275 -10.016263 0.17970937
-3.5391681 -10.004597 0.18014763
-6.4612894 -12.585402 0.22139442
-6.4612241 -12.54223 0.21854338
-6.4611578 -12.498506 0.21828975
-6.4611001 -12.460128 0.22093067
-3.5773454 -12.468719 0.21895862
-6.4610367 -12.418218 0.2206423
-3.5772798 -12.425529 0.21635307
-6.4609766 -12.378617 0.21791887
-3.5772157 -12.383286 0.22419278
-6.4609184 -12.33984 0.22030261
-3.5771532 -12.34196 0.22158706
-6.4608612 -12.301861 0.22261149
-3.5770919 -12.301523 0.2190372
-6.4608054 -12.264656 0.21995121
-3.5770316 -12.261945 0.21654162
-6.4607368 -12.219238 0.21913011
-3.576973 -12.223199 0.2240496
-6.4606695 -12.174874 0.21834409
-3.5769155 -12.185259 0.2215538
-6.460618 -12.140198 0.22059411
-3.576859 -12.148102 0.21910942
-6.4605536 -12.097828 0.21979672
-3.5768039 -12.111701 0.21671483
-6.4604893 -12.055509 0.22127584
-3.5767262 -12.0605 0.22020105
-6.4604292 -12.014822 0.22134544
-3.5766449 -12.006819 0.21917586
-6.4603686 -11.975697 0.21972841
-3.5765939 -11.973228 0.21687447
-6.46031 -11.936881 0.21981475
-3.5765443 -11.940289 0.21920717
-6.4602528 -11.899537 0.21825206
-3.5764952 -11.907982 0.22149509
-6.4601979 -11.863588 0.21979955
-3.576421 -11.859016 0.22048423
-6.4601336 -11.820506 0.22066581
-3.5763535 -11.814684 0.21926622
-6.4600687 -11.778561 0.22008508
-3.5763083 -11.784735 0.22146893
-6.4600058 -11.73675 0.21953368
-3.5762393 -11.739297 0.22049552
-6.4599452 -11.696979 0.22036967
-3.5761769 -11.698122 0.2193211
-6.4598875 -11.659129 0.21979012
-3.5761163 -11.658126 0.21816738
-6.4598303 -11.621321 0.22060223
-3.5760524 -11.616063 0.22143325
-3.5759926 -11.576687 0.21835932
-3.5759346 -11.538209 0.22343712
-3.5758777 -11.500812 0.22041556
-3.5758045 -11.452326 0.22040543
-3.5757504 -11.416954 0.22139101
-3.5756984 -11.382536 0.21851639
-3.5756323 -11.338863 0.22034292
-3.5755637 -11.293622 0.22051878
-3.5755026 -11.253593 0.22035681
-3.5754385 -11.211081 0.22052711
-3.5753801 -11.172547 0.21868621
-3.5753205 -11.133407 0.22053494
-3.5752656 -11.097096 0.21874726
-3.5752099 -11.060184 0.2205423
-3.5751448 -11.017344 0.22018857
-3.5750809 -10.975104 0.22048219
-3.5750301 -10.941769 0.21892953
-3.5749707 -10.902773 0.21970236
-3.5749025 -10.857689 0.22020772
-3.5748448 -10.819992 0.22050183
-3.5747917 -10.78434 0.21974425
-3.5747299 -10.74365 0.21925287
-3.5746682 -10.703135 0.21979509
-3.5746107 -10.664734 0.22123739
-3.5745447 -10.621901 0.21982342
-3.5744822 -10.580306 0.21984196
-3.5744214 -10.54045 0.21986207
-3.5743554 -10.496635 0.21989006
-3.5742927 -10.455051 0.21990947
-3.5742321 -10.415229 0.21992807
-3.5741746 -10.377944 0.21994525
-3.57412 -10.341293 0.21996237
-3.574059 -10.301247 0.22044323
-3.5739954 -10.25942 0.21976309
-3.5739343 -10.219397 0.21956472
-3.5738771 -10.181581 0.22024874
-3.5738173 -10.142006 0.21987881
-3.5737555 -10.100632 0.21989675
-3.5736952 -10.061436 0.22026536
-3.5709822 -10.01632 0.22014128
-3.5391679 -10.004592 0.22107998
-6.4612918 -12.58696 0.26181513
-6.4612241 -12.542231 0.26105273
-6.4611597 -12.499998 0.25780246
-6.4610977 -12.458669 0.25983548
-3.5773454 -12.468719 0.26144326
-6.4610367 -12.418218 0.26179779
-3.57728 -12.425528 0.25836623
-6.4609766 -12.378617 0.25864208
-3.5772159 -12.383286 0.26055077
-6.4609184 -12.33984 0.26060247
-3.5771532 -12.34196 0.26268789
-6.4608612 -12.301861 0.26249674
-3.5770919 -12.301522 0.2596966
-6.4608054 -12.264656 0.25943035
-3.5770321 -12.261945 0.25676891
-6.4607391 -12.220622 0.25973651
-3.5769732 -12.223198 0.26385391
-6.4606709 -12.175848 0.25933737
-3.5769157 -12.185259 0.26094395
-6.4606161 -12.139244 0.26100934
-3.5768592 -12.1481 0.25809389
-6.4605513 -12.096546 0.26059458
-3.5768044 -12.1117 0.26012534
-6.4604907 -12.056417 0.26087072
-3.5767233 -12.058558 0.26072758
-6.4604321 -12.01728 0.26114279
-3.5766449 -12.006819 0.25661799
-6.460371 -11.977428 0.26074943
-3.5765941 -11.973228 0.25858432
-6.4603133 -11.939138 0.26018623
-3.5765443 -11.940289 0.2605125
-6.4602547 -11.900365 0.26047119
-3.5764952 -11.907982 0.25785822
-6.4601965 -11.862544 0.26075104
-3.5764263 -11.862471 0.26058447
-6.4601321 -11.81949 0.26106852
-3.5763538 -11.814682 0.25902888
-6.4600673 -11.777573 0.26137763
-3.5763085 -11.784734 0.26086378
-6.4600072 -11.737712 0.26026037
-3.5762444 -11.742504 0.25913146
-6.4599485 -11.69885 0.25918299
-3.5761771 -11.69812 0.26191121
-6.4598889 -11.660041 0.2595045
-3.5761139 -11.656606 0.25821713
-6.4598317 -11.622209 0.25981793
-3.5760529 -11.616062 0.2629036
-3.5759926 -11.576687 0.25929236
-3.5759344 -11.538208 0.25980431
-3.5758781 -11.500812 0.26031321
-3.5758045 -11.452324 0.25964144
-3.5757508 -11.416954 0.26014438
-3.5756967 -11.381503 0.25877953
-3.5756309 -11.337863 0.25999394
-3.5755668 -11.295559 0.26115635
-3.5754998 -11.251716 0.26067129
-3.5754411 -11.212901 0.25992912
-3.5753801 -11.172546 0.26118788
-3.5753236 -11.13512 0.25877425
-3.5752659 -11.097095 0.26001343
-3.5752113 -11.060992 0.25943932
-3.5751448 -11.017344 0.26014879
-3.5750809 -10.975104 0.25975072
-3.5750322 -10.943008 0.26077589
-3.5749702 -10.90199 0.25990862
-3.5749002 -10.856112 0.25965604
-3.5748456 -10.819992 0.26029104
-3.5747933 -10.785037 0.25989914
-3.5747287 -10.742976 0.25967732
-3.5746689 -10.703135 0.26041254
-3.5746105 -10.664735 0.26112118
-3.5745447 -10.621695 0.25958443
-3.5744829 -10.580835 0.25992975
-3.5744226 -10.540826 0.26005799
-3.5743558 -10.496982 0.26049125
-3.5742936 -10.455381 0.25963107
-3.5742335 -10.415702 0.25943962
-3.5741732 -10.377092 0.26047501
-3.5741186 -10.340354 0.26026508
-3.574059 -10.301441 0.25997838
-3.5739958 -10.259606 0.26017559
-3.573935 -10.219415 0.25991681
-3.573878 -10.181744 0.26010475
-3.573817 -10.141635 0.25973552
-3.573755 -10.100455 0.26044497
-3.5736952 -10.061386 0.25975609
-3.5709827 -10.016376 0.26022136
-3.5391672 -10.004592 0.2600632
-6.4612875 -12.583842 0.29917049
-6.4612265 -12.543756 0.30104551
-6.4611597 -12.499997 0.29985079
-6.4610953 -12.457208 0.29869655
-3.5773456 -12.468718 0.30392784
-6.4610391 -12.419647 0.30051643
-3.57728 -12.425527 0.30037937
-6.4609766 -12.378617 0.29936525
-3.5772161 -12.383285 0.29690877
-6.4609184 -12.339841 0.30090237
-3.5771534 -12.341959 0.30378872
-6.4608612 -12.301861 0.30238199
-3.5770922 -12.301521 0.30035597
-6.4608054 -12.264656 0.29890943
-3.5770321 -12.261944 0.29699624
-6.4607368 -12.219238 0.3003616
-3.5769734 -12.223198 0.30365822
-6.4606695 -12.174875 0.30016631
-3.5769157 -12.185258 0.3003341
-6.460618 -12.140197 0.30158827
-3.5768595 -12.1481 0.29707837
-6.4605541 -12.097833 0.2998049
-3.5768042 -12.111699 0.30353588
-6.4604926 -12.057325 0.30049786
-3.5767236 -12.058558 0.29873455
-6.4604292 -12.016046 0.30098686
-3.5766454 -12.006818 0.29874039
-6.4603686 -11.975697 0.30145875
-3.5765944 -11.973227 0.30029419
-6.46031 -11.936881 0.30059165
-3.5765443 -11.940289 0.29722834
-6.4602547 -11.900366 0.30041116
-3.5764954 -11.907982 0.29876679
-6.4601998 -11.864707 0.30023748
-3.5764215 -11.859015 0.30109853
-6.4601345 -11.821594 0.30002591
-3.5763543 -11.814682 0.29879156
-6.4600706 -11.779543 0.30124348
-3.5763085 -11.784733 0.30025864
-6.4600091 -11.738669 0.30102438
-3.576242 -11.7409 0.30025691
-6.4599466 -11.697916 0.29942471
-3.5761771 -11.69812 0.30024236
-6.4598875 -11.659131 0.29923433
-3.5761142 -11.656605 0.30024073
-6.4598298 -11.62132 0.29904854
-3.5760527 -11.616062 0.3002269
-3.5759931 -11.576686 0.30022541
-3.5759346 -11.538208 0.29617152
-3.5758781 -11.500812 0.3002108
-3.5758059 -11.453406 0.30078828
-3.5757508 -11.416954 0.29889765
-3.5757003 -11.383567 0.30076087
-3.5756299 -11.336864 0.29960123
-3.5755653 -11.29459 0.30017114
-3.5755033 -11.253592 0.30070969
-3.5754385 -11.211081 0.29960376
-3.5753803 -11.172546 0.30014777
-3.5753222 -11.134263 0.29897723
-3.5752659 -11.097095 0.30127963
-3.5752113 -11.06099 0.30011427
-3.5751452 -11.017344 0.30010903
-3.5750809 -10.975104 0.29901919
-3.5750313 -10.942388 0.30117962
-3.5749712 -10.902773 0.30008781
-3.574903 -10.857645 0.3000865
-3.5748458 -10.819992 0.30008027
-3.5747905 -10.783632 0.30007234
-3.574728 -10.742297 0.30006441
-3.5746677 -10.702481 0.30005687
-3.5746098 -10.664105 0.30004957
-3.5745447 -10.621698 0.3000409
-3.5744817 -10.579783 0.30003345
-3.5744224 -10.540449 0.30023932
-3.5743556 -10.496797 0.30047578
-3.5742946 -10.455544 0.30000603
-3.5742338 -10.415703 0.29958373
-3.5741744 -10.377512 0.30040422
-3.5741196 -10.340882 0.29998469
-3.5740592 -10.301444 0.29998085
-3.5739956 -10.259414 0.30013081
-3.5739348 -10.219575 0.30026445
-3.5738773 -10.181741 0.29995805
-3.5738182 -10.142195 0.29995039
-3.5737557 -10.100631 0.30029127
-3.5736957 -10.061544 0.29993215
-3.5709567 -10.016445 0.29970247
-3.5391662 -10.004591 0.29904631
-6.4612894 -12.585402 0.33959123
-6.4612222 -12.540706 0.33796069
-6.4611597 -12.499998 0.34189904
-6.4610977 -12.458668 0.33781621
-3.5773458 -12.468717 0.34110188
-6.4610367 -12.418218 0.33897805
-3.5772803 -12.425526 0.34239244
-6.4609766 -12.378617 0.34008846
-3.5772161 -12.383284 0.33846068
-6.4609184 -12.339841 0.34120226
-3.5771534 -12.341958 0.33975196
-6.4608617 -12.301861 0.34226727
-3.5770922 -12.301521 0.34101531
-6.4608054 -12.264656 0.3383885
-3.5770321 -12.261942 0.33722353
-6.4607368 -12.219238 0.33934486
-3.5769737 -12.223196 0.34346253
-6.4606681 -12.173901 0.34096077
-3.576916 -12.185257 0.33972418
-6.4606175 -12.140198 0.33970872
-3.5768595 -12.148099 0.33606285
-6.460556 -12.099123 0.33906013
-3.5768046 -12.111698 0.34212291
-6.4604897 -12.05551 0.3421624
-3.5767207 -12.056615 0.33917099
-6.4604282 -12.014823 0.34078848
-3.5766454 -12.006818 0.34086278
-6.4603701 -11.976562 0.3401469
-3.5765946 -11.973227 0.33736959
-6.4603138 -11.939226 0.33952346
-3.5765445 -11.940288 0.33853358
-6.4602547 -11.900366 0.3403511
-3.5764956 -11.90798 0.33967531
-6.4601965 -11.862546 0.33970198
-3.5764265 -11.862469 0.34128359
-6.4601321 -11.819489 0.33896187
-3.576354 -11.814682 0.3385542
-6.4600682 -11.778563 0.34111288
-3.5763087 -11.784733 0.33965346
-6.4600067 -11.737714 0.34037343
-3.5762396 -11.739295 0.34132111
-6.4599466 -11.697917 0.33965302
-3.5761771 -11.69812 0.33857346
-6.459887 -11.659129 0.34032008
-3.576112 -11.655086 0.34021163
-6.4598298 -11.62132 0.3396185
-3.5760529 -11.616062 0.33755022
-3.5759933 -11.576686 0.34115839
-3.5759349 -11.538208 0.33657938
-3.5758781 -11.500811 0.34010842
-3.5758045 -11.452322 0.34205315
-3.5757511 -11.416952 0.33765092
-3.5756989 -11.382534 0.34102398
-3.575633 -11.338862 0.34094337
-3.5755644 -11.293622 0.33914366
-3.5755005 -11.251716 0.3409678
-3.5754411 -11.2129 0.33906034
-3.5753803 -11.172546 0.33910763
-3.5753224 -11.134263 0.34085202
-3.5752647 -11.096263 0.34085858
-3.5752115 -11.06099 0.34078923
-3.5751452 -11.017343 0.34006914
-3.5750804 -10.974466 0.33994943
-3.5750313 -10.942388 0.33991233
-3.5749717 -10.902774 0.34028754
-3.5749006 -10.856109 0.34051594
-3.574846 -10.819992 0.33986941
-3.5747917 -10.784338 0.3402265
-3.5747292 -10.742978 0.33946633
-3.5746689 -10.703135 0.33970129
-3.5746107 -10.664735 0.33897808
-3.5745449 -10.621694 0.34049755
-3.5744829 -10.580306 0.34012175
-3.5744224 -10.540273 0.33978626
-3.5743568 -10.497507 0.33972743
-3.5742948 -10.455709 0.34039143
-3.5742335 -10.4157 0.33972788
-3.5741742 -10.37737 0.34031779
-3.5741191 -10.340614 0.33971319
-3.5740592 -10.301032 0.34045449
-3.5739958 -10.259419 0.34007204
-3.5739355 -10.219751 0.34015638
-3.5738771 -10.181419 0.34024984
-3.5738177 -10.14169 0.33980531
-3.573756 -10.100742 0.33978423
-3.5736957 -10.061494 0.34011263
-3.5708287 -10.015981 0.33997411
-3.5391665 -10.004596 0.33997867
-6.4612918 -12.58696 0.38005877
-6.4612241 -12.542231 0.37795353
-6.4611621 -12.501489 0.38148913
-6.4610977 -12.458669 0.37941328
-3.5773458 -12.468716 0.37827593
-6.4610367 -12.418218 0.38013363
-3.5772808 -12.425526 0.37915397
-6.4609766 -12.378617 0.38081163
-3.5772164 -12.383283 0.38001269
-6.460917 -12.33847 0.37882179
-3.5771537 -12.341957 0.37571514
-6.4608612 -12.301861 0.38215256
-3.5770924 -12.301519 0.38167465
-6.4608059 -12.264656 0.37786758
-3.5770326 -12.261942 0.37745082
-6.4607368 -12.219234 0.37995189
-3.5769737 -12.223196 0.38326681
-6.460669 -12.174875 0.38196474
-3.5769162 -12.185257 0.37911433
-6.4606175 -12.140198 0.3778291
-3.5768597 -12.148098 0.37992033
-6.4605532 -12.097828 0.3798427
-3.5768046 -12.111698 0.38070998
-6.4604912 -12.056417 0.38178954
-3.5767241 -12.058556 0.37947541
-6.4604316 -12.01728 0.38067296
-3.5766456 -12.006817 0.3783049
-6.460371 -11.977428 0.37886578
-3.5765948 -11.973226 0.37907943
-6.4603105 -11.936961 0.37987468
-3.5765448 -11.940287 0.37983888
-6.4602547 -11.900365 0.38029104
-3.5764956 -11.90798 0.38058379
-6.4601998 -11.864625 0.38070178
-3.5764215 -11.859014 0.38171279
-6.4601359 -11.821513 0.37941164
-3.5763543 -11.81468 0.37831688
-6.4600668 -11.777574 0.38094357
-3.576309 -11.784731 0.37904829
-6.4600058 -11.73675 0.37968478
-3.5762448 -11.742502 0.38007963
-6.4599471 -11.697915 0.37988055
-3.5761776 -11.698118 0.38116351
-6.459888 -11.659132 0.3800368
-3.5761147 -11.656604 0.38006687
-6.4598298 -11.621322 0.38018832
-3.5760531 -11.61606 0.37902054
-3.5759914 -11.575245 0.38007301
-3.5759349 -11.538207 0.37698728
-3.5758786 -11.500809 0.38000593
-3.5758045 -11.452322 0.38128906
-3.5757515 -11.416953 0.38027954
-3.5756993 -11.382534 0.37930757
-3.5756314 -11.337863 0.38055068
-3.5755675 -11.295557 0.37986577
-3.5755033 -11.253591 0.38106251
-3.5754385 -11.211081 0.37868041
-3.5753791 -11.171662 0.37985814
-3.5753212 -11.133406 0.38100126
-3.5752661 -11.097095 0.38036051
-3.5752127 -11.061799 0.37975016
-3.5751457 -11.017341 0.38002929
-3.5750816 -10.975101 0.38081717
-3.5750308 -10.941767 0.3802737
-3.5749714 -10.90277 0.38048747
-3.5749023 -10.856894 0.37993029
-3.5748465 -10.819992 0.37965864
-3.5747921 -10.784331 0.37938344
-3.5747292 -10.742975 0.37985978
-3.5746684 -10.703135 0.3803187
-3.5746112 -10.664734 0.37886184
-3.5745447 -10.621481 0.38023818
-3.5744836 -10.580834 0.38024127
-3.5744233 -10.541014 0.37994194
-3.5743566 -10.497324 0.37972611
-3.5742939 -10.455049 0.38010937
-3.5742335 -10.415701 0.37987196
-3.5741749 -10.377513 0.38025013
-3.5741203 -10.341287 0.38001317
-3.5740592 -10.301439 0.37997654
-3.573997 -10.259983 0.38002622
-3.5739355 -10.219751 0.38050544
-3.5738776 -10.181741 0.38009471
-3.5738182 -10.141939 0.37966987
-3.5737557 -10.100515 0.37998062
-3.5736949 -10.061275 0.3799459
-3.5709832 -10.016611 0.38041931
-3.5391665 -10.004592 0.38091099
-6.4612875 -12.583842 0.41732049
-6.4612241 -12.54223 0.42046285
-6.4611578 -12.498506 0.41794181
-6.4610977 -12.458669 0.42101038
-3.5773461 -12.468716 0.42076057
-6.4610343 -12.416789 0.41853666
-3.5772805 -12.425526 0.41591537
-6.4609766 -12.378617 0.42153481
-3.5772166 -12.383282 0.42156455
-6.4609189 -12.339841 0.41675147
-3.5771542 -12.341957 0.41681588
-6.4608612 -12.301862 0.42203778
-3.5770926 -12.301519 0.42233402
-6.4608054 -12.264656 0.41734663
-3.5770326 -12.261942 0.41767806
-6.4607368 -12.219238 0.42056003
-3.5769739 -12.223195 0.42307115
-6.460669 -12.174875 0.42046371
-3.5769162 -12.185257 0.41850442
-6.4606194 -12.141151 0.41846272
-3.57686 -12.148098 0.42377788
-6.4605513 -12.096546 0.42058104
-3.5768046 -12.111697 0.41929707
-6.4604912 -12.056418 0.41899535
-3.5767276 -12.060496 0.41984874
-6.4604292 -12.016046 0.42047328
-3.5766456 -12.006816 0.42042723
-6.4603686 -11.975697 0.41951364
-3.5765948 -11.973225 0.42078918
-6.4603138 -11.939226 0.42035791
-3.576545 -11.940287 0.42114416
-6.4602547 -11.900365 0.42023101
-3.5764959 -11.90798 0.42149225
-6.4601965 -11.862468 0.4201121
-3.576427 -11.862469 0.42198265
-6.4601326 -11.820505 0.41979054
-3.5763545 -11.81468 0.4180795
-6.4600701 -11.779543 0.42088476
-3.5763087 -11.784731 0.41844311
-6.4600067 -11.737712 0.42046133
-3.5762405 -11.739294 0.41899475
-6.4599457 -11.696978 0.42006078
-3.5761776 -11.698118 0.4194946
-6.4598875 -11.659131 0.41975275
-3.5761173 -11.658123 0.41998017
-6.4598298 -11.621319 0.42075816
-3.5760531 -11.61606 0.42049083
-3.5759933 -11.576685 0.41891336
-3.5759354 -11.538206 0.4173952
-3.5758786 -11.500809 0.41990352
-3.5758052 -11.452321 0.42052501
-3.5757515 -11.416952 0.42290807
-3.5756979 -11.381502 0.4195115
-3.5756302 -11.336864 0.42011434
-3.5755644 -11.293621 0.42069829
-3.5755012 -11.251712 0.42126426
-3.5754404 -11.211989 0.41999605
-3.575382 -11.173428 0.41877851
-3.5753241 -11.135119 0.41934806
-3.5752676 -11.097927 0.4199011
-3.5752122 -11.06099 0.41876161
-3.5751457 -11.01734 0.41998941
-3.5750816 -10.975101 0.42008567
-3.5750315 -10.942387 0.42059448
-3.5749717 -10.902766 0.4196294
-3.5749023 -10.856901 0.42037401
-3.5748456 -10.819432 0.42098224
-3.5747921 -10.784334 0.41954389
-3.5747306 -10.74365 0.42029691
-3.5746689 -10.703137 0.41996893
-3.5746112 -10.664734 0.41874558
-3.5745451 -10.621692 0.42001131
-3.5744822 -10.579782 0.42028177
-3.5744221 -10.540273 0.42015606
-3.5743558 -10.496634 0.42030942
-3.5742946 -10.455542 0.42047775
-3.5742335 -10.415545 0.41937023
-3.5741751 -10.377513 0.41956046
-3.5741196 -10.340741 0.41971445
-3.5740602 -10.30144 0.41997889
-3.5739958 -10.259232 0.4199599
-3.5739355 -10.219751 0.42085439
-3.5738773 -10.181741 0.41950992
-3.5738182 -10.141562 0.41952279
-3.5737557 -10.100509 0.42018002
-3.5736957 -10.061544 0.42011645
-3.5710087 -10.016423 0.42029911
-3.5391665 -10.004593 0.41989419
-6.4612894 -12.585402 0.45778802
-6.4612265 -12.543756 0.46051803
-6.4611597 -12.499996 0.45753184
-6.4610977 -12.458668 0.4626075
-3.5773463 -12.468715 0.46324512
-6.4610372 -12.418219 0.45728651
-3.577281 -12.425524 0.45792845
-6.4609766 -12.378617 0.4622581
-3.5772166 -12.383282 0.46311644
-6.4609189 -12.339841 0.4570514
-3.5771542 -12.341956 0.45791662
-6.4608612 -12.301862 0.46192309
-3.5770926 -12.301518 0.46299335
-6.4608059 -12.264656 0.45682576
-3.5770328 -12.26194 0.45790535
-6.4607339 -12.217859 0.46109146
-3.5769739 -12.223194 0.46287537
-6.460669 -12.174874 0.45896268
-3.5769162 -12.185255 0.4578945
-6.4606161 -12.139244 0.46108687
-3.57686 -12.148097 0.46276227
-6.4605527 -12.097833 0.459851
-3.5768049 -12.111696 0.4578841
-6.4604926 -12.057326 0.45866457
-3.5767245 -12.058554 0.46026394
-6.4604282 -12.014825 0.46023151
-3.5766459 -12.006816 0.46254954
-6.460371 -11.977429 0.46063864
-3.5765948 -11.973225 0.45786458
-6.4603105 -11.936961 0.46065348
-3.576545 -11.940286 0.46244934
-6.4602547 -11.900366 0.46017101
-3.5764961 -11.907979 0.45785528
-6.4601998 -11.864624 0.45970377
-3.5764244 -11.860741 0.46009973
-6.4601321 -11.819489 0.4601295
-3.5763545 -11.814679 0.45784211
-6.4600673 -11.7775 0.45922703
-3.5763092 -11.784731 0.4622151
-6.4600081 -11.738669 0.46127504
-3.5762432 -11.740897 0.45998058
-6.4599466 -11.697916 0.46032447
-3.5761776 -11.698117 0.4578256
-6.4598861 -11.658216 0.45941001
-3.5761147 -11.656603 0.45993027
-6.4598298 -11.621323 0.45997617
-3.5760536 -11.61606 0.46196109
-3.5759933 -11.576684 0.45984632
-3.5759354 -11.538205 0.45780307
-3.5758786 -11.500807 0.45980105
-3.5758052 -11.452321 0.45976081
-3.5757515 -11.41695 0.46166125
-3.5756993 -11.382534 0.45968747
-3.5756316 -11.33786 0.45965093
-3.5755661 -11.294588 0.45961556
-3.5755041 -11.253589 0.46141526
-3.5754423 -11.212899 0.46135399
-3.575381 -11.172543 0.45952889
-3.5753229 -11.134262 0.45949721
-3.5752661 -11.097093 0.45946646
-3.5752122 -11.06099 0.45943654
-3.5751457 -11.017341 0.45994955
-3.5750821 -10.975101 0.45935404
-3.5750315 -10.942387 0.45932722
-3.574971 -10.90195 0.45987678
-3.5749023 -10.856892 0.46081778
-3.574847 -10.820548 0.46076313
-3.5747921 -10.784338 0.46070856
-3.5747285 -10.742297 0.45961723
-3.5746689 -10.703134 0.45961925
-3.5746112 -10.664732 0.45862919
-3.5745447 -10.62107 0.45978734
-3.5744834 -10.580305 0.46040136
-3.5744238 -10.541014 0.46034223
-3.574357 -10.497504 0.46027663
-3.574295 -10.455881 0.46021399
-3.5742338 -10.4157 0.4589023
-3.5741749 -10.377238 0.46009558
-3.5741191 -10.340613 0.46004039
-3.5740607 -10.301437 0.45998138
-3.5739965 -10.259606 0.45991841
-3.5739353 -10.219388 0.46032262
-3.5738778 -10.181738 0.45980114
-3.5738192 -10.142126 0.45974153
-3.5737565 -10.100862 0.45967931
-3.5736959 -10.061382 0.46030226
-3.5709565 -10.016444 0.45997679
-3.5391669 -10.004593 0.45887744
-6.4612894 -12.585402 0.50076866
-6.4612222 -12.540706 0.4973084
-6.4611597 -12.499997 0.49958014
-6.4611006 -12.460129 0.50181878
-3.5773461 -12.468715 0.50041908
-6.4610372 -12.418219 0.49844199
-3.577281 -12.425524 0.4999415
-6.4609766 -12.378617 0.50298131
-3.5772169 -12.383281 0.49947438
-6.4609189 -12.339841 0.49735126
-3.5771542 -12.341955 0.49901739
-6.4608622 -12.301862 0.50180835
-3.5770929 -12.301517 0.50365263
-6.4608073 -12.265679 0.4989306
-3.577033 -12.26194 0.49813259
-6.4607368 -12.219238 0.50175893
-3.5769742 -12.223194 0.50267965
-6.460669 -12.174875 0.49746168
-3.5769167 -12.185255 0.49728459
-6.460618 -12.140198 0.50172043
-3.5768604 -12.148096 0.50174671
-6.4605556 -12.099123 0.49916619
-3.5768051 -12.111696 0.49647114
-6.4604897 -12.055509 0.50024486
-3.5767217 -12.056611 0.50061023
-6.4604321 -12.01728 0.50020331
-3.5766461 -12.006815 0.4999916
-6.4603682 -11.975697 0.50124383
-3.5765953 -11.973224 0.49957436
-6.4603119 -11.938052 0.49961153
-3.5765452 -11.940285 0.49916512
-6.4602547 -11.900365 0.50011098
-3.5764961 -11.907978 0.4987638
-6.4601965 -11.862468 0.49906117
-3.576422 -11.859013 0.49815547
-6.460135 -11.821515 0.50065649
-3.5763545 -11.814678 0.50202286
-6.4600687 -11.778561 0.49914762
-3.5763092 -11.78473 0.50160986
-6.4600072 -11.737714 0.50057459
-3.5762455 -11.7425 0.50102764
-6.4599481 -11.69885 0.50062442
-3.5761781 -11.698117 0.50041568
-6.459888 -11.659131 0.49917367
-3.5761125 -11.655084 0.49982235
-6.4598303 -11.62132 0.49919334
-3.5760536 -11.616058 0.49928436
-3.5759938 -11.576683 0.50077921
-3.5759358 -11.538205 0.49821097
-3.5758786 -11.500807 0.49969858
-3.5758049 -11.45232 0.49899673
-3.5757518 -11.41695 0.50041449
-3.575701 -11.383565 0.49990863
-3.5756333 -11.338859 0.49923125
-3.5755682 -11.295556 0.49857512
-3.5755012 -11.25171 0.50156063
-3.5754395 -11.211079 0.50088942
-3.5753801 -11.17166 0.50023836
-3.5753219 -11.133405 0.49960652
-3.5752666 -11.097093 0.50073248
-3.5752122 -11.06099 0.5001114
-3.5751457 -11.017341 0.49990967
-3.5750821 -10.975101 0.49862245
-3.5750327 -10.943007 0.49969038
-3.5749733 -10.903591 0.49998114
-3.5749009 -10.856108 0.50025767
-3.5748456 -10.819432 0.50054079
-3.5747921 -10.78433 0.49986514
-3.5747299 -10.742975 0.50005436
-3.5746689 -10.703134 0.50023663
-3.5746102 -10.664164 0.49948853
-3.5745461 -10.621896 0.50019687
-3.5744829 -10.580307 0.49958333
-3.5744224 -10.540272 0.50052595
-3.5743561 -10.496797 0.49957058
-3.5742948 -10.455542 0.49994919
-3.5742331 -10.415259 0.4996773
-3.5741754 -10.377513 0.50063139
-3.57412 -10.340878 0.49975163
-3.5740602 -10.301441 0.49998391
-3.5739968 -10.259231 0.49987584
-3.5739362 -10.21975 0.49975052
-3.573878 -10.18174 0.50009227
-3.5738184 -10.141756 0.50030929
-3.5737553 -10.100336 0.49952912
-3.5736961 -10.0616 0.5001303
-3.570802 -10.015986 0.50004089
-3.5391679 -10.004596 0.49980974
-6.4612918 -12.58696 0.5413
-6.4612236 -12.542231 0.53736365
-6.4611597 -12.499998 0.54162842
-6.4610953 -12.457209 0.53778827
-3.5773468 -12.468714 0.53759313
-6.4610367 -12.418219 0.53959757
-3.577281 -12.425523 0.54195452
-6.4609766 -12.378617 0.54370457
-3.5772171 -12.38328 0.53583223
-6.4609184 -12.33984 0.53765112
-3.5771546 -12.341954 0.5401181
-6.4608617 -12.301862 0.54169369
-3.5770931 -12.301517 0.54431188
-6.4608054 -12.264656 0.54073149
-3.577033 -12.26194 0.53835976
-6.4607368 -12.219238 0.54074222
-3.5769744 -12.223193 0.54248387
-6.4606709 -12.175846 0.53853196
-3.5769167 -12.185254 0.53667462
-6.4606175 -12.140198 0.53984082
-3.5768604 -12.148096 0.54073107
-6.4605536 -12.097829 0.53988868
-3.5768051 -12.111695 0.53988153
-6.4604912 -12.056417 0.53991419
-3.5767248 -12.058553 0.54100466
-6.4604297 -12.016046 0.53995973
-3.5766463 -12.006814 0.53743362
-6.4603696 -11.976563 0.53998411
-3.5765953 -11.973223 0.54128408
-6.4603119 -11.938052 0.54001439
-3.5765452 -11.940285 0.5404703
-6.4602542 -11.900365 0.54005098
-3.5764964 -11.907978 0.53967226
-6.4601979 -11.863586 0.54007989
-3.5764275 -11.862467 0.53854787
-6.4601312 -11.819416 0.53945965
-3.576355 -11.814678 0.54178542
-6.4600701 -11.779544 0.54052597
-3.5763097 -11.784729 0.54100466
-6.4600062 -11.73675 0.53983599
-3.5762405 -11.739292 0.53982013
-6.4599466 -11.697917 0.53940564
-3.5761781 -11.698116 0.53874671
-6.4598875 -11.659129 0.54025954
-3.5761154 -11.656601 0.53975636
-6.4598303 -11.621321 0.53976321
-3.5760536 -11.616058 0.53660756
-3.575994 -11.576684 0.54171216
-3.5759358 -11.538204 0.5386188
-3.5758789 -11.500807 0.53959614
-3.575804 -11.451237 0.54015505
-3.5757518 -11.41695 0.53916758
-3.5757003 -11.382533 0.54009849
-3.5756304 -11.336859 0.54062724
-3.5755646 -11.293618 0.53932291
-3.5755031 -11.252648 0.53990579
-3.5754423 -11.212899 0.54048502
-3.5753829 -11.173426 0.53924066
-3.5753233 -11.134261 0.53974426
-3.5752654 -11.096261 0.54024547
-3.5752122 -11.060989 0.54078627
-3.5751457 -11.01734 0.53986973
-3.5750833 -10.975739 0.5395546
-3.575032 -10.942386 0.54003125
-3.5749722 -10.902764 0.54022843
-3.5749037 -10.857685 0.53959864
-3.5748479 -10.820546 0.54036117
-3.5747924 -10.784337 0.53902203
-3.5747299 -10.742977 0.54044771
-3.5746694 -10.703135 0.54085392
-3.5746112 -10.664733 0.54028445
-3.5745463 -10.62169 0.53997743
-3.5744834 -10.580309 0.53967667
-3.5744228 -10.540447 0.54006612
-3.5743563 -10.49698 0.53954405
-3.5742941 -10.455047 0.54031605
-3.574234 -10.4157 0.54043496
-3.5741754 -10.377513 0.53994173
-3.5741205 -10.341141 0.53948081
-3.5740607 -10.301435 0.53998619
-3.5739975 -10.259604 0.54026926
-3.573936 -10.219749 0.5400995
-3.5738778 -10.181418 0.53994399
-3.5738184 -10.141745 0.54017359
-3.573756 -10.100683 0.53971869
-3.5736957 -10.061543 0.54030639
-3.5709836 -10.016434 0.54029906
-3.5391672 -10.004594 0.54074198
-6.4612875 -12.583842 0.57843411
-6.4612236 -12.54223 0.57987297
-6.4611621 -12.501489 0.58129591
-6.4610977 -12.458669 0.57699955
-3.5773468 -12.468713 0.58007765
-6.4610367 -12.418219 0.58075315
-3.5772815 -12.425522 0.58396757
-6.460979 -12.380017 0.58212203
-3.5772171 -12.38328 0.57738411
-6.4609184 -12.339841 0.57795107
-3.5771546 -12.341953 0.5812189
-6.4608612 -12.301862 0.58157897
-3.5770931 -12.301517 0.57988882
-6.4608059 -12.264656 0.58021063
-3.5770333 -12.261938 0.578587
-6.4607358 -12.219238 0.5797255
-3.5769744 -12.223193 0.58228815
-6.4606676 -12.173902 0.58151305
-3.5769169 -12.185253 0.57606465
-6.4606175 -12.140198 0.57796133
-3.5768607 -12.148095 0.57971549
-6.4605517 -12.096546 0.5805676
-3.5768056 -12.111694 0.58329195
-6.4604926 -12.057325 0.57961571
-3.576725 -12.058552 0.57901156
-6.4604282 -12.014825 0.57967466
-3.5766463 -12.006813 0.57955593
-6.4603701 -11.976562 0.5808599
-3.5765955 -11.973223 0.57835943
-6.4603119 -11.938052 0.58041722
-3.5765457 -11.940284 0.58177555
-6.4602537 -11.900366 0.57999098
-3.5764966 -11.907977 0.58058059
-6.4601979 -11.863586 0.57956821
-3.576422 -11.859011 0.57876956
-6.4601336 -11.820506 0.5799427
-3.576355 -11.814678 0.58154798
-6.4600673 -11.7775 0.57879013
-3.5763097 -11.784729 0.58039939
-6.4600072 -11.737711 0.58066243
-3.5762432 -11.740896 0.58086717
-6.4599452 -11.696978 0.57814962
-3.5761783 -11.698116 0.57707775
-6.4598875 -11.659129 0.5813455
-3.5761175 -11.65812 0.57974839
-6.4598289 -11.62043 0.57888681
-3.5760541 -11.616058 0.57807785
-3.5759964 -11.578122 0.58066648
-3.5759358 -11.538204 0.57902664
-3.5758789 -11.500806 0.57949364
-3.5758057 -11.45232 0.58137578
-3.5757523 -11.416949 0.57792091
-3.5756989 -11.381501 0.58024317
-3.5756321 -11.337857 0.58020747
-3.5755682 -11.295554 0.58018768
-3.5755031 -11.252648 0.58006805
-3.5754395 -11.211079 0.57996601
-3.5753815 -11.172543 0.57995009
-3.575325 -11.135118 0.57992166
-3.5752668 -11.097092 0.5798133
-3.5752113 -11.060181 0.57972044
-3.5751462 -11.017339 0.57982975
-3.5750825 -10.975101 0.58044302
-3.575031 -10.941766 0.58034009
-3.5749717 -10.90195 0.58043349
-3.5749016 -10.856143 0.58007997
-3.574846 -10.819431 0.58009911
-3.5747917 -10.783628 0.57918727
-3.5747292 -10.742296 0.57986051
-3.5746684 -10.70248 0.58050877
-3.5746114 -10.664733 0.58016819
-3.5745463 -10.62148 0.57974583
-3.5744829 -10.580305 0.58068091
-3.5744243 -10.540646 0.57957184
-3.5743566 -10.497146 0.57948571
-3.574295 -10.455708 0.58003598
-3.574234 -10.415697 0.58057892
-3.5741754 -10.37737 0.57987356
-3.5741196 -10.340613 0.58036757
-3.57406 -10.30103 0.57950705
-3.573997 -10.259792 0.58022511
-3.5739367 -10.21975 0.58044839
-3.5738788 -10.181738 0.58022875
-3.573818 -10.141687 0.57967645
-3.5737555 -10.100452 0.57991737
-3.5736959 -10.061271 0.58047992
-3.5709574 -10.016443 0.5797835
-3.5391679 -10.004594 0.57972521
-6.461339 -12.618382 0.61635518
-6.4612894 -12.585402 0.61896551
-6.4612241 -12.542231 0.62238234
-6.4611578 -12.498506 0.61759377
-6.4610977 -12.458669 0.61859673
-3.5773468 -12.468713 0.62256211
-6.4610367 -12.418218 0.62190866
-3.5772812 -12.425521 0.62072891
-6.4609766 -12.378617 0.62007391
-3.5772173 -12.383278 0.61893606
-6.4609184 -12.339841 0.61825097
-3.5771546 -12.341953 0.62231958
-6.4608617 -12.301862 0.62146425
-3.5770934 -12.301516 0.61546564
-6.4608054 -12.264656 0.6196897
-3.5770335 -12.261938 0.61881423
-6.4607358 -12.219238 0.61870879
-3.5769746 -12.223192 0.62209231
-6.460669 -12.174875 0.62258333
-3.5769172 -12.185253 0.61545467
-6.4606194 -12.141151 0.6186496
-3.5768609 -12.148094 0.61869991
-6.4605541 -12.097833 0.61989725
-3.5768056 -12.111694 0.62187892
-6.4604893 -12.055509 0.6211316
-3.5767279 -12.060493 0.61949617
-6.4604321 -12.01728 0.61973351
-3.5766466 -12.006813 0.62167823
-6.4603701 -11.976562 0.62173575
-3.5765958 -11.973223 0.62006915
-6.4603133 -11.939138 0.61944097
-3.5765457 -11.940283 0.61849123
-6.4602542 -11.900365 0.61993092
-3.5764968 -11.907976 0.62148905
-6.4601979 -11.863586 0.61905646
-3.5764279 -11.862464 0.61924684
-6.460134 -11.821596 0.62046695
-3.5763552 -11.814677 0.62131047
-6.4600687 -11.778561 0.61875129
-3.5763099 -11.784728 0.61979413
-6.4600091 -11.738669 0.62152576
-3.5762455 -11.742498 0.62197554
-6.4599466 -11.697916 0.61846191
-3.5761788 -11.698115 0.61966777
-6.4598889 -11.660041 0.62116915
-3.5761158 -11.656601 0.61961967
-6.4598303 -11.621321 0.61818695
-3.5760541 -11.616056 0.61954808
-3.5759945 -11.57668 0.61950243
-3.5759361 -11.538203 0.61943448
-3.5758793 -11.500806 0.61939114
-3.5758061 -11.452319 0.62061161
-3.5757523 -11.416949 0.62054938
-3.5757003 -11.382531 0.62047833
-3.5756338 -11.338856 0.61983132
-3.5755653 -11.293618 0.62087744
-3.5755031 -11.252648 0.62023026
-3.575443 -11.212897 0.61961615
-3.5753806 -11.171658 0.62061858
-3.5753238 -11.134261 0.62001699
-3.5752671 -11.097092 0.62107939
-3.5752125 -11.060989 0.61873424
-3.5751462 -11.017339 0.6197899
-3.5750825 -10.975099 0.6197114
-3.5750329 -10.942386 0.62071341
-3.5749741 -10.903591 0.62062293
-3.5749037 -10.857684 0.62051439
-3.5748484 -10.820546 0.61995918
-3.5747941 -10.785034 0.61933786
-3.5747306 -10.742973 0.62023652
-3.5746696 -10.703133 0.62014246
-3.5746114 -10.664729 0.62005186
-3.5745466 -10.62169 0.61949104
-3.5744827 -10.579782 0.62076759
-3.5744238 -10.540636 0.61976415
-3.5743573 -10.497321 0.61943823
-3.5742946 -10.455379 0.61978477
-3.574234 -10.415697 0.62072301
-3.5741758 -10.377512 0.61978757
-3.5741203 -10.340878 0.62009674
-3.5740616 -10.301439 0.61998183
-3.573997 -10.259413 0.61970526
-3.5739374 -10.219573 0.6203599
-3.573879 -10.18174 0.6200819
-3.5738199 -10.142191 0.61953264
-3.5737562 -10.100914 0.62010914
-3.5736966 -10.06149 0.62031978
-3.5710096 -10.016482 0.61946952
-3.5391665 -10.004594 0.61870855
-6.461339 -12.618382 0.65969586
-6.4612894 -12.585402 0.66194618
-6.4612241 -12.542232 0.65957803
-6.4611597 -12.499997 0.65726125
-6.4610977 -12.458669 0.66019386
-3.5773468 -12.468713 0.65973604
-6.4610367 -12.418218 0.66306418
-3.5772815 -12.425521 0.65749025
-6.4609747 -12.377218 0.65798384
-3.5772176 -12.383278 0.66048783
-6.4609189 -12.339841 0.65855086
-3.5771549 -12.341952 0.66342032
-6.4608612 -12.301862 0.66134953
-3.5770936 -12.301516 0.65612489
-6.460804 -12.263633 0.66143197
-3.5770335 -12.261937 0.65904135
-6.4607368 -12.219238 0.65769213
-3.5769749 -12.223191 0.66189647
-6.4606695 -12.174875 0.66108227
-3.5769172 -12.185251 0.65976846
-6.4606161 -12.139244 0.6611644
-3.5768609 -12.148094 0.65768421
-6.4605551 -12.099123 0.65927225
-3.5768058 -12.111693 0.6604659
-6.4604907 -12.056417 0.66083306
-3.576725 -12.058551 0.65979993
-6.4604278 -12.014908 0.66084373
-3.5766468 -12.006812 0.6591202
-6.4603701 -11.976562 0.65806973
-3.5765958 -11.973221 0.66177881
-6.46031 -11.936881 0.65960014
-3.5765457 -11.940283 0.65979642
-6.4602547 -11.900366 0.65987086
-3.5764971 -11.907976 0.65785205
-6.4601994 -11.864707 0.6601451
-3.5764227 -11.85901 0.65938365
-6.4601312 -11.819491 0.65919048
-3.5763555 -11.814676 0.66107303
-6.4600687 -11.778561 0.6614669
-3.5763102 -11.784727 0.65918887
-6.4600058 -11.736679 0.65923852
-3.576241 -11.739291 0.66064543
-6.4599466 -11.697915 0.66007704
-3.5761788 -11.698114 0.66225767
-6.4598875 -11.659129 0.66078961
-3.5761137 -11.65508 0.65943289
-6.4598303 -11.621322 0.65875685
-3.5760543 -11.616056 0.66101825
-6.4597654 -11.578421 0.66069233
-3.5759945 -11.57668 0.66043532
-3.5759361 -11.538202 0.65984231
-3.5758793 -11.500805 0.65928859
-3.5758061 -11.452318 0.6598475
-3.5757523 -11.416948 0.66317785
-3.5757003 -11.38253 0.65876186
-3.5756309 -11.336858 0.66114014
-3.5755668 -11.294584 0.65986598
-3.5755036 -11.252647 0.66039246
-3.5754402 -11.211076 0.6590423
-3.5753832 -11.173423 0.65970266
-3.5753222 -11.133404 0.66007251
-3.5752687 -11.097924 0.66069931
-3.5752125 -11.060988 0.65940911
-3.5751462 -11.017338 0.65974987
-3.5750813 -10.974462 0.6605562
-3.5750329 -10.942384 0.65944606
-3.5749733 -10.902764 0.66082734
-3.574903 -10.856891 0.65992564
-3.5748467 -10.819429 0.65965742
-3.5747929 -10.784335 0.65950376
-3.5747323 -10.743649 0.66064996
-3.5746701 -10.703133 0.66075981
-3.5746119 -10.664729 0.65993547
-3.5745459 -10.621066 0.65925449
-3.5744836 -10.580306 0.65994567
-3.574424 -10.540645 0.65995705
-3.5743568 -10.49698 0.66006017
-3.5742948 -10.455541 0.66014963
-3.5742333 -10.415224 0.66024333
-3.5741754 -10.377089 0.65971541
-3.5741196 -10.340348 0.65981472
-3.5740616 -10.301437 0.65998411
-3.5739975 -10.259604 0.65966105
-3.5739374 -10.219748 0.66024536
-3.573879 -10.181577 0.65994132
-3.5738182 -10.14163 0.65974569
-3.5737553 -10.100388 0.65995508
-3.5736976 -10.061811 0.66015869
-3.5708029 -10.015985 0.65991426
-3.5391672 -10.004594 0.65964073
-6.461339 -12.618382 0.70303655
-6.4612899 -12.585402 0.6995542
-6.4612241 -12.542231 0.69677377
-6.4611597 -12.499997 0.69930959
-6.4610982 -12.458669 0.70179099
-3.5773468 -12.468713 0.69690984
-6.4610391 -12.419648 0.70193499
-3.5772815 -12.425521 0.69950318
-6.4609766 -12.378617 0.69641656
-3.5772176 -12.383278 0.7020396
-6.4609184 -12.339841 0.69885075
-3.5771551 -12.341951 0.70452094
-6.4608612 -12.301862 0.70123482
-3.5770936 -12.301514 0.69678414
-6.4608054 -12.264656 0.70357025
-3.5770338 -12.261936 0.69926852
-6.4607387 -12.220621 0.69846833
-3.5769749 -12.22319 0.70170063
-6.4606695 -12.174875 0.69958133
-3.5769176 -12.185251 0.70408213
-6.4606171 -12.140198 0.70185262
-3.5768611 -12.148093 0.69666862
-6.4605513 -12.096634 0.70135194
-3.5768061 -12.111692 0.69905281
-6.4604912 -12.056418 0.69803894
-3.5767224 -12.056609 0.70003486
-6.4604301 -12.016049 0.70079327
-3.5766468 -12.006811 0.70124251
-6.4603701 -11.976562 0.69894564
-3.576596 -11.973221 0.69885409
-6.4603133 -11.939138 0.70027333
-3.5765462 -11.940282 0.70110154
-6.4602547 -11.900365 0.69981086
-3.5764968 -11.907975 0.69876039
-6.4601965 -11.862546 0.69936758
-3.5764279 -11.862464 0.69994569
-6.460134 -11.820505 0.70114899
-3.5763557 -11.814676 0.70083559
-6.4600682 -11.778561 0.69991094
-3.5763099 -11.784727 0.69858354
-6.4600072 -11.737712 0.69870526
-3.5762436 -11.740894 0.70175374
-6.4599466 -11.697915 0.70169204
-3.5761788 -11.698114 0.70058876
-6.4598866 -11.658149 0.69899571
-3.5761161 -11.656599 0.69944555
-6.4598298 -11.621322 0.69932669
-3.5760543 -11.616055 0.70248848
-6.459764 -11.577559 0.70159519
-3.5759921 -11.575238 0.6991964
-3.5759366 -11.538202 0.70025021
-3.5758796 -11.500805 0.69918609
-3.5758064 -11.452319 0.69908321
-3.5757527 -11.416948 0.701931
-3.575702 -11.383561 0.69905609
-3.5756326 -11.337857 0.70076388
-3.5755684 -11.295554 0.69889683
-3.5755036 -11.252647 0.70055473
-3.5754421 -11.211986 0.70045477
-3.5753808 -11.171658 0.69851148
-3.5753243 -11.134261 0.70026392
-3.5752664 -11.096259 0.69837976
-3.5752127 -11.060988 0.70008397
-3.5751462 -11.017338 0.69970995
-3.5750828 -10.975098 0.70150906
-3.5750325 -10.942386 0.69817871
-3.5749722 -10.901947 0.70099014
-3.5749018 -10.856107 0.69929701
-3.5748484 -10.820546 0.69955707
-3.5747924 -10.783628 0.69963062
-3.5747311 -10.742975 0.70005035
-3.5746713 -10.703781 0.7004419
-3.5746121 -10.664729 0.69981909
-3.5745482 -10.622313 0.69970202
-3.5744848 -10.580833 0.69915509
-3.574424 -10.540636 0.70014882
-3.574357 -10.497145 0.70001221
-3.5742943 -10.455046 0.70051557
-3.574234 -10.415697 0.69974655
-3.5741765 -10.377511 0.69962698
-3.5741212 -10.341286 0.70012003
-3.5740616 -10.301241 0.69951856
-3.5739975 -10.259418 0.70007282
-3.5739367 -10.219392 0.70015049
-3.5738804 -10.18174 0.6997844
-3.5738194 -10.141936 0.69996136
-3.5737565 -10.100685 0.69980377
-3.5736976 -10.06138 0.69999331
-3.5709841 -10.016493 0.7001794
-3.539166 -10.004595 0.70057321
-3.5014422 -10.004649 0.70041382
-6.4613395 -12.618382 0.74095964
-6.4612899 -12.585402 0.73716229
-6.4612241 -12.542231 0.73928308
-6.4611597 -12.499998 0.74135786
-3.5774136 -12.512885 0.73722434
-6.4610977 -12.458669 0.74338812
-3.5773468 -12.468713 0.73939431
-6.4610343 -12.416789 0.73737109
-3.5772815 -12.425521 0.74151611
-6.4609766 -12.378617 0.73713988
-3.5772176 -12.383278 0.74359143
-6.4609184 -12.339841 0.7391507
-3.5771551 -12.341952 0.740484
-6.4608617 -12.301862 0.7411201
-3.5770938 -12.301514 0.73744333
-6.4608054 -12.264656 0.74304944
-3.577034 -12.261936 0.73949564
-6.4607368 -12.219239 0.73892373
-3.5769753 -12.22319 0.74150479
-6.4606695 -12.174875 0.73808026
-3.5769176 -12.185251 0.74347222
-6.4606175 -12.140198 0.73997307
-3.5768614 -12.148092 0.73565292
-6.4605541 -12.097833 0.74228549
-3.5768061 -12.111692 0.73763978
-6.4604912 -12.056418 0.7398954
-3.5767252 -12.058549 0.74054056
-6.4604316 -12.01728 0.73926377
-3.576647 -12.006811 0.74336469
-6.4603701 -11.976563 0.73982143
-3.576596 -11.973221 0.74056375
-6.46031 -11.936881 0.74037701
-3.5765462 -11.940281 0.73781723
-6.4602547 -11.900365 0.7397508
-3.5764971 -11.907974 0.73966885
-6.4601998 -11.864625 0.74060005
-3.5764227 -11.859008 0.73999757
-6.4601331 -11.820503 0.74010807
-3.5763557 -11.814674 0.74059808
-6.4600687 -11.77856 0.73835492
-3.5763104 -11.784726 0.74235547
-6.4600072 -11.737712 0.74086344
-3.5762436 -11.740894 0.74061006
-6.4599485 -11.69885 0.74206591
-3.576179 -11.698113 0.73891973
-6.4598875 -11.659129 0.73747158
-3.5761166 -11.656599 0.74146903
-6.4598303 -11.621322 0.7398966
-3.5760546 -11.616055 0.73981166
-6.4597654 -11.57842 0.74264807
-3.575995 -11.576679 0.73819005
-3.5759368 -11.538202 0.74065793
-3.5758784 -11.499684 0.74096131
-3.5758061 -11.452318 0.7383191
-3.5757527 -11.416947 0.74068415
-3.5756991 -11.381496 0.74097466
-3.5756328 -11.337856 0.73843777
-3.5755656 -11.293616 0.73950189
-3.5755036 -11.252647 0.74071687
-3.5754418 -11.211985 0.74000657
-3.5753822 -11.17254 0.7393176
-3.5753257 -11.135118 0.74049509
-3.5752678 -11.097091 0.73799974
-3.5752127 -11.060988 0.74075866
-3.5751462 -11.017337 0.73967004
-3.5750828 -10.975098 0.74077749
-3.5750339 -10.943004 0.73860449
-3.5749736 -10.902766 0.74015498
-3.5749059 -10.857641 0.73981035
-3.574847 -10.819427 0.73921573
-3.5747931 -10.784331 0.740816
-3.5747299 -10.742295 0.73941296
-3.5746708 -10.703131 0.74007195
-3.5746121 -10.664729 0.73970288
-3.5745473 -10.621894 0.74016929
-3.5744839 -10.579803 0.74010575
-3.5744233 -10.540067 0.73965269
-3.5743575 -10.497321 0.73997575
-3.5742958 -10.456031 0.74026138
-3.5742342 -10.415698 0.73989052
-3.574177 -10.377938 0.73956698
-3.5741217 -10.341011 0.73984188
-3.5740616 -10.301435 0.73998392
-3.573998 -10.259599 0.74001598
-3.5739377 -10.219748 0.74003804
-3.57388 -10.181417 0.7396338
-3.5738192 -10.141756 0.74018002
-3.5737555 -10.100218 0.740004
-3.5736978 -10.061271 0.73982471
-3.5709836 -10.016434 0.73986316
-3.5391681 -10.004596 0.73955643
-3.5014429 -10.004649 0.73942411
-6.4612894 -12.585402 0.76402521
-6.4153805 -12.572638 0.78595471
-6.4612246 -12.542232 0.76585138
-6.4141307 -12.542536 0.78971952
-6.4611607 -12.499997 0.76763809
-6.4136767 -12.502002 0.78855079
-3.6222973 -12.489891 0.78643751
-3.5774136 -12.512885 0.7640785
-6.4610982 -12.45867 0.76938635
-6.4123626 -12.460503 0.78660512
-3.6266003 -12.440531 0.78827262
-3.5773468 -12.468713 0.7659471
-6.4610376 -12.41822 0.76595306
-6.4126916 -12.423168 0.78629094
-3.6240845 -12.428656 0.78873169
-3.5772815 -12.425521 0.76777422
-6.4609771 -12.378618 0.7625919
-6.4122925 -12.381761 0.78787374
-3.6253042 -12.378774 0.78537953
-6.4609184 -12.339842 0.76433814
-6.4118996 -12.341246 0.78942239
-3.6271739 -12.348866 0.79165053
-3.5771551 -12.341951 0.76103431
-6.4608612 -12.301863 0.76604843
-6.4156632 -12.303287 0.78588456
-3.6255805 -12.312431 0.78788716
-3.5770938 -12.301514 0.76285529
-6.4608054 -12.264656 0.76772386
-6.4137931 -12.261658 0.78753847
-3.6258824 -12.26902 0.7895484
-3.577034 -12.261935 0.76463759
-6.4607315 -12.215642 0.76604253
-6.4122062 -12.221424 0.78913575
-3.6221571 -12.22935 0.78607416
-3.5769753 -12.223189 0.7663824
-6.46067 -12.174874 0.76695454
-6.4116721 -12.181015 0.78912926
-3.6246109 -12.179404 0.78807783
-3.5769176 -12.18525 0.7680909
-6.4606171 -12.140198 0.76379836
-6.4118872 -12.136981 0.78770226
-3.6254942 -12.136725 0.78977489
-3.5768614 -12.148092 0.76001811
-6.4605536 -12.097833 0.76582175
-6.4138422 -12.097315 0.78651881
-3.6252215 -12.093189 0.78669721
-3.5768063 -12.111691 0.76175666
-6.4604912 -12.056418 0.76779974
-6.4124746 -12.058494 0.78892267
-3.6255078 -12.054712 0.78827405
-3.5767257 -12.058549 0.7642948
-6.4604249 -12.012851 0.76621282
-6.4129181 -12.020228 0.78787225
-3.6220524 -12.013326 0.78528196
-3.5766473 -12.00681 0.76676589
-6.4603705 -11.976562 0.76707196
-6.4119525 -11.98264 0.78817368
-3.626236 -11.97368 0.79312617
-3.5765963 -11.973219 0.76837027
-6.4603119 -11.938052 0.76447463
-6.4111786 -11.945057 0.78957206
-3.6245162 -11.933616 0.78861427
-3.5765462 -11.940281 0.76076454
-6.4602547 -11.900366 0.76637745
-6.4130206 -11.897573 0.78673869
-3.6252079 -11.897014 0.79016966
-3.5764973 -11.907974 0.76239568
-6.4601932 -11.859953 0.76623398
-6.4139876 -11.860916 0.7858513
-3.6248517 -11.864979 0.78704429
-3.5764256 -11.860735 0.76478076
-6.4601326 -11.820503 0.76608086
-6.4120908 -11.821008 0.78765368
-3.6224236 -11.817027 0.78473938
-3.5763559 -11.814674 0.76710641
-6.4600744 -11.782015 0.76594567
-6.4108844 -11.778979 0.79060918
-3.6258812 -11.775632 0.79241616
-3.5763106 -11.784725 0.76861858
-6.4600067 -11.737712 0.76615828
-6.4109282 -11.740662 0.7902112
-3.6242666 -11.740077 0.78817439
-3.5762439 -11.740892 0.76219696
-6.4599419 -11.694645 0.7663784
-6.414463 -11.699473 0.78478879
-3.6244116 -11.701902 0.78778195
-3.5761793 -11.698112 0.76447368
-6.459888 -11.659131 0.76623172
-6.4119506 -11.658457 0.78777379
-3.6254799 -11.661436 0.79174781
-3.5761161 -11.656599 0.7666831
-6.4598351 -11.624435 0.76610124
-6.4111638 -11.620124 0.78857452
-3.6218293 -11.621289 0.78522539
-3.5760548 -11.616055 0.76469374
-6.4597654 -11.578422 0.76663876
-6.4119873 -11.579995 0.78890091
-3.6245537 -11.576956 0.78898758
-3.575995 -11.576679 0.76274979
-6.4132543 -11.54122 0.78590178
-3.624573 -11.538867 0.78916126
-3.5759368 -11.538201 0.76490259
-3.6248951 -11.498248 0.7911045
-3.5758801 -11.500803 0.76699495
-3.621743 -11.461243 0.78500193
-3.5758064 -11.452317 0.76186055
-3.6243129 -11.421465 0.78856963
-3.5757527 -11.416946 0.76393604
-3.6238103 -11.382851 0.7870568
-3.5757008 -11.382529 0.76595557
-3.622716 -11.34869 0.7894249
-3.5756385 -11.341519 0.76333874
-3.6230195 -11.304492 0.78761756
-3.5755672 -11.294584 0.76369941
-3.6243973 -11.25828 0.78940767
-3.5755038 -11.252647 0.76627457
-3.6225431 -11.218096 0.78801191
-3.5754471 -11.215322 0.76377249
-3.6231959 -11.178813 0.78861803
-3.5753822 -11.17254 0.76411021
-3.6236236 -11.137 0.78740543
-3.5753193 -11.131116 0.76444918
-3.622417 -11.096856 0.78768587
-3.5752723 -11.100142 0.76416844
-3.623364 -11.058851 0.78984082
-3.575213 -11.060987 0.76448566
-3.6231744 -11.019811 0.78635579
-3.5751414 -11.013895 0.76497996
-3.6217132 -10.978434 0.78646982
-3.5750828 -10.975098 0.76368397
-3.6241684 -10.937907 0.7914061
-3.5750294 -10.939693 0.76400346
-3.6219473 -10.897298 0.78579849
-3.5749779 -10.905878 0.7646929
-3.6235018 -10.857522 0.78991944
-3.5748978 -10.853154 0.76441342
-3.6232605 -10.820004 0.78883338
-3.5748477 -10.819986 0.76529682
-3.6221848 -10.7815 0.78746003
-3.5747936 -10.784332 0.76491219
-3.6235299 -10.739191 0.78983217
-3.5747349 -10.74567 0.76426709
-3.6222401 -10.699262 0.78778785
-3.5746655 -10.699879 0.76401532
-3.6222417 -10.656714 0.78828698
-3.5746162 -10.667238 0.76457727
-3.6223245 -10.620046 0.78847557
-3.5745409 -10.617669 0.76443321
-3.6220651 -10.579453 0.78752387
-3.5744886 -10.583204 0.76495677
-3.6227059 -10.540204 0.78968269
-3.5744243 -10.540639 0.76444566
-3.6214724 -10.498738 0.7867834
-3.574353 -10.493603 0.76407272
-3.6228619 -10.459697 0.78905988
-3.5742962 -10.456275 0.76463652
-3.6218348 -10.418699 0.78825074
-3.5742345 -10.415697 0.76498049
-3.621861 -10.378301 0.7878406
-3.5741737 -10.375501 0.76404619
-3.6221561 -10.338007 0.78866208
-3.574121 -10.340878 0.76451063
-3.6222708 -10.30087 0.78823215
-3.5740628 -10.302396 0.76447171
-3.6220896 -10.262074 0.78869897
-3.573998 -10.259604 0.76435357
-3.6215012 -10.219243 0.78817397
-3.5739372 -10.219748 0.76469564
-3.6216369 -10.178944 0.78807557
-3.5738797 -10.181738 0.76415437
-3.6214869 -10.141085 0.78800726
-3.5738194 -10.141938 0.76473117
-3.6216824 -10.100389 0.78853202
-3.5737588 -10.101978 0.76458812
-3.6216924 -10.05902 0.78866893
-3.5736978 -10.061557 0.76447338
-3.621686 -10.019517 0.7884779
-3.5705457 -10.015228 0.76481998
-3.5391669 -10.004594 0.7648955
-3.501441 -10.004651 0.7647807
-3.6202538 -9.9782743 0.78757536
-3.5790443 -9.963932 0.77729571
-3.5402303 -9.9643631 0.77714193
-3.5169077 -9.9646225 0.7770496
-3.612663 -9.95574 0.78991097
-3.5798018 -9.9555454 0.78971797
-3.5399389 -9.9557056 0.78931409
-3.5197654 -9.9581089 0.78155011
-6.4111681 -12.580429 0.8232258
-6.4111147 -12.54876 0.82181555
-6.4110408 -12.503697 0.82005709
-3.6273785 -12.483361 0.8239972
-6.4109612 -12.461147 0.81607181
-6.4109035 -12.419561 0.81732023
-3.6273088 -12.437476 0.81998324
-6.4108458 -12.378874 0.81854177
-3.6272407 -12.392656 0.81606257
-6.4107895 -12.339054 0.81973714
-3.6271739 -12.348866 0.81737715
-6.4107356 -12.300076 0.82090735
-3.6271091 -12.30607 0.81866199
-6.4106817 -12.26191 0.82205319
-3.6270456 -12.264235 0.81991792
-6.4106297 -12.224536 0.82317513
-3.6269836 -12.223327 0.82114601
-6.4105506 -12.177614 0.82115
-3.6269226 -12.183318 0.82234716
-6.4104791 -12.135325 0.81898367
-3.6268635 -12.144176 0.82352221
-6.4104199 -12.099534 0.81750524
-3.6268051 -12.105877 0.81985825
-6.4103608 -12.057038 0.81889707
-3.6267481 -12.068392 0.81627214
-6.4103031 -12.015509 0.82025725
-3.6266928 -12.031694 0.81747401
-6.4102583 -11.983032 0.82132083
-3.6266115 -11.978165 0.81922728
-6.4101896 -11.942194 0.81945306
-3.6265321 -11.926091 0.82093263
-6.4101229 -11.896869 0.81970805
-3.6264808 -11.892311 0.82203895
-6.4100699 -11.85913 0.82099563
-3.6264305 -11.859205 0.81864607
-6.4100175 -11.822313 0.82225162
-3.6263814 -11.826755 0.81975305
-6.4099426 -11.779172 0.81944913
-3.6263092 -11.779339 0.8213706
-6.4098773 -11.736143 0.81936127
-3.6262393 -11.733143 0.81864154
-6.4098134 -11.696339 0.81822699
-3.6261935 -11.703127 0.81970644
-6.4097581 -11.656555 0.81969285
-3.6261244 -11.657619 0.81899631
-6.4097052 -11.617798 0.82112092
-3.6260619 -11.61641 0.81863737
-6.4096527 -11.580023 0.82251257
-3.625999 -11.574895 0.82016695
-6.4095879 -11.543176 0.81992859
-3.6259377 -11.534376 0.82165986
-3.6258774 -11.495058 0.82310855
-3.6258194 -11.456656 0.81666774
-3.6257629 -11.419362 0.81814367
-3.6257071 -11.382918 0.81958592
-3.6256535 -11.347498 0.82098752
-3.6255827 -11.300549 0.82082689
-3.6255167 -11.257149 0.82090741
-3.6254508 -11.21415 0.81907082
-3.6253867 -11.171578 0.81894839
-3.6253269 -11.132164 0.81905395
-3.6252673 -11.093056 0.82076174
-3.6252098 -11.055125 0.82241803
-3.6251543 -11.018325 0.81736583
-3.6250999 -10.9826 0.81902343
-3.6250339 -10.939438 0.82102585
-3.6249709 -10.897702 0.81979722
-3.6249108 -10.858345 0.81971961
-3.624851 -10.818596 0.82051831
-3.6247935 -10.781074 0.81935567
-3.6247275 -10.737627 0.82154948
-3.6246631 -10.695174 0.81878787
-3.6246037 -10.655677 0.8200174
-3.6245444 -10.616416 0.82110143
-3.6244888 -10.580275 0.81956571
-3.624423 -10.537361 0.82023627
-3.6243639 -10.497836 0.8205595
-3.6243052 -10.459224 0.81955677
-3.6242423 -10.417263 0.82015854
-3.624182 -10.377124 0.81953043
-3.6241224 -10.338417 0.8200888
-3.6240654 -10.301478 0.82005626
-3.6240048 -10.261151 0.81936955
-3.6239409 -10.219694 0.82082188
-3.6238804 -10.179679 0.81912708
-3.623822 -10.141103 0.82048494
-3.6237617 -10.101212 0.81969613
-3.6236997 -10.060633 0.82035929
-3.6236396 -10.021127 0.81996572
-3.62358 -9.981513 0.81981319
-3.6138947 -9.9549341 0.81972009
-3.5797808 -9.9545317 0.81968498
-3.5395782 -9.9545918 0.81960011
-6.4113026 -12.580714 0.86079311
-6.4112411 -12.545894 0.85837799
-6.4111719 -12.50397 0.85689145
-3.6273785 -12.483361 0.86129922
-6.4111114 -12.461451 0.8577038
-6.4110513 -12.41986 0.85849833
-3.6273088 -12.437475 0.85684699
-6.4109921 -12.379165 0.85927582
-3.6272407 -12.392656 0.85770327
-6.4109354 -12.33934 0.86003661
-3.6271741 -12.348866 0.85853982
-6.4108787 -12.300356 0.86078131
-3.6271093 -12.306069 0.85935748
-6.4108229 -12.262184 0.86151057
-3.6270456 -12.264234 0.86015666
-6.4107699 -12.224804 0.8622247
-3.6269836 -12.223326 0.86093819
-6.4107041 -12.179191 0.86309624
-3.6269228 -12.183317 0.86170256
-6.4106283 -12.133656 0.86132884
-3.6268635 -12.144176 0.86245024
-6.410573 -12.099815 0.85990107
-3.6268053 -12.105877 0.86318195
-6.410512 -12.057312 0.86077094
-3.6267483 -12.068391 0.85913551
-6.4104452 -12.016674 0.85956466
-3.626693 -12.031693 0.85988665
-6.410388 -11.983265 0.85773396
-3.6266112 -11.978162 0.86098242
-6.4103317 -11.943565 0.8586008
-3.6265323 -11.92609 0.85747993
-6.4102645 -11.89712 0.85961485
-3.6264811 -11.892309 0.85821742
-6.4102111 -11.859373 0.860439
-3.6264307 -11.859204 0.85894024
-6.4101577 -11.822551 0.86124301
-3.6263814 -11.826754 0.8596487
-6.4100809 -11.779402 0.85791081
-3.6263094 -11.77934 0.86068392
-6.4100208 -11.737437 0.85888416
-3.6262393 -11.733143 0.85738754
-6.4099631 -11.696583 0.85983199
-3.6261935 -11.703127 0.85808384
-6.4099054 -11.656794 0.86075497
-3.6261268 -11.659225 0.85910225
-6.4098501 -11.618029 0.86165428
-3.6260619 -11.616409 0.8600955
-6.4097967 -11.58025 0.86253077
-3.625999 -11.574894 0.86105859
-6.4097371 -11.542656 0.86192697
-3.6259377 -11.534376 0.86199856
-3.6258779 -11.495056 0.86291063
-3.6258194 -11.456656 0.85987371
-3.6257646 -11.420479 0.85900766
-3.6257076 -11.382917 0.8578577
-3.6256535 -11.347497 0.85877609
-3.6255841 -11.301575 0.85996675
-3.6255164 -11.257149 0.86111861
-3.6254508 -11.214149 0.85863662
-3.6253884 -11.172509 0.85977298
-3.6253269 -11.132164 0.86087412
-3.6252673 -11.093056 0.86194152
-3.6252112 -11.055974 0.86142296
-3.6251543 -11.018325 0.8573218
-3.6250999 -10.9826 0.85839432
-3.6250343 -10.939438 0.85968995
-3.6249707 -10.897701 0.86094302
-3.6249084 -10.856717 0.86000377
-3.624851 -10.818596 0.86026078
-3.6247935 -10.781074 0.86143827
-3.624728 -10.737628 0.85985547
-3.6246648 -10.695858 0.85833359
-3.6246037 -10.655677 0.85970443
-3.6245451 -10.616989 0.8610242
-3.6244869 -10.579187 0.86041981
-3.6244252 -10.538527 0.86042762
-3.6243639 -10.497835 0.85985041
-3.6243048 -10.458872 0.85930455
-3.6242414 -10.417262 0.86030966
-3.6241806 -10.376397 0.86057878
-3.6241226 -10.338846 0.85916126
-3.6240654 -10.301476 0.86003089
-3.6240058 -10.261766 0.85935932
-3.6239414 -10.219695 0.86113882
-3.6238809 -10.180019 0.85892564
-3.6238225 -10.141569 0.86017776
-3.6237631 -10.101715 0.85989338
-3.6236992 -10.06052 0.86013782
-3.6236398 -10.021384 0.85968196
-3.6235783 -9.9809427 0.8602708
-3.6138947 -9.9549341 0.86105543
-3.5797811 -9.9545364 0.8610335
-3.5395772 -9.9545908 0.86098021
-6.4121714 -12.5781 0.90159881
-6.4116464 -12.546737 0.89636105
-6.4118066 -12.505277 0.89899004
-3.6269093 -12.485407 0.89859283
-6.4117622 -12.462777 0.89933819
-3.6253552 -12.445895 0.91474098
-6.4117174 -12.421204 0.89967859
-3.6267848 -12.428431 0.89901388
-6.411674 -12.380527 0.90001184
-3.6272404 -12.392657 0.89413881
-6.4116321 -12.340716 0.90033782
-3.6266487 -12.351078 0.89969325
-6.4115901 -12.301746 0.90065694
-3.6265659 -12.308331 0.90004349
-6.4115505 -12.26359 0.90096939
-3.6264846 -12.266541 0.90038586
-6.4117174 -12.223561 0.90291381
-3.6264055 -12.225677 0.9007206
-6.4112883 -12.178657 0.90034217
-3.626328 -12.185711 0.901048
-6.4114156 -12.136098 0.90201348
-3.6262522 -12.146608 0.90136832
-6.4113784 -12.101306 0.90229839
-3.6261778 -12.108346 0.90168172
-6.4113331 -12.058814 0.90264648
-3.6256957 -12.065084 0.90486985
-6.4112024 -12.016223 0.90044689
-3.6260054 -12.025278 0.90232551
-6.4113083 -11.982733 0.90036386
-3.6262143 -11.977133 0.90075344
-6.4108839 -11.943419 0.89780051
-3.6259701 -11.928189 0.89858687
-6.4109998 -11.8984 0.89952374
-3.6259072 -11.894429 0.89890945
-6.4111819 -11.859027 0.90148509
-3.6258457 -11.861342 0.89922559
-6.4107337 -11.82249 0.89900339
-3.6253712 -11.825061 0.90250635
-6.4108653 -11.780722 0.90064788
-3.6259639 -11.778823 0.89805794
-6.4108181 -11.738759 0.90104878
-3.6256118 -11.735348 0.90042955
-6.4107718 -11.697906 0.90143913
-3.6251156 -11.701927 0.9035728
-6.4107261 -11.658117 0.90181929
-3.6257591 -11.658867 0.89927745
-6.4106946 -11.619375 0.90218931
-3.6253953 -11.618666 0.90154427
-6.4108496 -11.580366 0.90355593
-3.6253066 -11.577204 0.90194064
-3.6252091 -11.536774 0.90232694
-3.625114 -11.497534 0.90270203
-3.6245403 -11.456548 0.905698
-3.6252923 -11.418375 0.89957887
-3.6246052 -11.380378 0.90380102
-3.6248841 -11.344552 0.8993271
-3.6250803 -11.302064 0.8991524
-3.6247027 -11.259572 0.90131849
-3.6246049 -11.216629 0.90178758
-3.624511 -11.175038 0.90224171
-3.6250682 -11.132898 0.89920413
-3.6249871 -11.093839 0.89968413
-3.6249342 -11.05503 0.89832401
-3.6248853 -11.019052 0.89727259
-3.624696 -10.981652 0.89903343
-3.6248145 -10.939007 0.89740932
-3.6246459 -10.898538 0.89891785
-3.6245663 -10.858377 0.8994661
-3.6243422 -10.818101 0.90118217
-3.6245222 -10.780861 0.89963245
-3.6243832 -10.738451 0.89815575
-3.624284 -10.69675 0.89878207
-3.6241844 -10.65664 0.89938462
-3.6240892 -10.61802 0.89996481
-3.6238847 -10.579951 0.90127444
-3.6239946 -10.537637 0.89983481
-3.6237586 -10.498227 0.89987147
-3.623857 -10.4598 0.89918762
-3.6236751 -10.418416 0.90045202
-3.6235807 -10.37817 0.9011113
-3.6234577 -10.338659 0.90042347
-3.6234374 -10.301085 0.90038979
-3.6234057 -10.261502 0.90039825
-3.6232662 -10.220005 0.90145266
-3.6231794 -10.179353 0.9006896
-3.6231885 -10.141171 0.90054351
-3.6234035 -10.10118 0.89916164
-3.6233144 -10.059859 0.89918965
-3.6232255 -10.021059 0.89929575
-3.6231558 -9.9811258 0.8997488
-3.6134658 -9.9553289 0.90026253
-3.5798426 -9.9549551 0.90021962
-3.5396357 -9.9550848 0.90076941
-6.4612246 -12.542231 0.94120264
-6.4611607 -12.499998 0.94108737
-6.4610982 -12.458669 0.94097453
-3.5773466 -12.468713 0.94119549
-6.4610372 -12.418219 0.94086409
-3.5772815 -12.425522 0.94107765
-6.4609766 -12.378617 0.94075608
-3.5772173 -12.383278 0.94096231
-6.4609184 -12.339841 0.94065022
-3.5771551 -12.341951 0.94084954
-6.4608617 -12.301862 0.94054651
-3.5770938 -12.301514 0.94073915
-6.4608059 -12.264656 0.94044501
-3.577034 -12.261935 0.94063115
-6.4607368 -12.219238 0.94032103
-3.5769753 -12.223188 0.94052541
-6.4606695 -12.174875 0.94019991
-3.5769181 -12.185248 0.94042182
-6.460618 -12.140198 0.94010526
-3.5768619 -12.14809 0.94032043
-6.4605536 -12.097833 0.93998981
-3.576807 -12.111689 0.94022107
-6.4604907 -12.056418 0.93987668
-3.5767264 -12.058545 0.94007605
-6.4604301 -12.016049 0.93976647
-3.5766478 -12.006808 0.93993479
-6.4603696 -11.976564 0.93965864
-3.576597 -11.973217 0.93984312
-6.4603119 -11.938052 0.93955356
-3.5765469 -11.940277 0.93975323
-6.4602547 -11.900365 0.93945074
-3.576498 -11.907971 0.93966502
-6.4601979 -11.863587 0.93935037
-3.5764265 -11.860733 0.93953609
-6.4601331 -11.820506 0.93923277
-3.5763566 -11.814672 0.93941045
-6.4600697 -11.778561 0.93911833
-3.5763111 -11.784723 0.93932867
-6.4600058 -11.736679 0.9406184
-3.5762448 -11.740891 0.93920904
-6.4599471 -11.697915 0.94305974
-3.57618 -11.698111 0.93909228
-6.4598875 -11.65913 0.9429009
-3.5761147 -11.655077 0.94129914
-6.4598303 -11.621322 0.9427461
-3.5760555 -11.616053 0.94301528
-3.5759959 -11.576678 0.94285411
-3.5759373 -11.538198 0.94269657
-3.5758808 -11.500801 0.94254351
-3.5758071 -11.452313 0.94234502
-3.5757537 -11.416945 0.94220018
-3.5757012 -11.382526 0.94205934
-3.5756333 -11.337855 0.94187641
-3.575568 -11.294582 0.94169921
-3.5755043 -11.252645 0.94152749
-3.5754428 -11.211983 0.94136107
-3.5753829 -11.172538 0.94119966
-3.6211753 -11.143944 0.92007059
-3.575325 -11.134256 0.94104278
-3.6210494 -11.104837 0.92023063
-3.5752685 -11.097088 0.94089067
-3.6209278 -11.066904 0.92038596
-3.5752139 -11.060985 0.94074285
-3.6207485 -11.021202 0.920573
-3.5751481 -11.017334 0.94056416
-3.6203325 -10.977686 0.92075109
-3.5750823 -10.974342 0.94216692
-3.6199498 -10.944172 0.9208883
-3.5750344 -10.94238 0.94348508
-3.6194868 -10.903619 0.9210543
-3.5749736 -10.902765 0.94326866
-3.6189511 -10.8567 0.92124629
-3.5749049 -10.856892 0.94301838
-3.6185205 -10.818981 0.92140067
-3.5748484 -10.819984 0.94281703
-3.6181047 -10.782571 0.92154974
-3.5747938 -10.78433 0.94262218
-3.6176231 -10.740364 0.92172241
-3.5747311 -10.74297 0.9423967
-3.6171589 -10.699742 0.92188865
-3.5746715 -10.703129 0.94217914
-3.6167123 -10.660619 0.92204881
-3.5746126 -10.664729 0.94196945
-3.6162815 -10.622911 0.92220306
-3.574548 -10.621685 0.94173455
-3.6157994 -10.580651 0.9223761
-3.5744848 -10.580304 0.94150859
-3.6153352 -10.540023 0.92254233
-3.5744236 -10.539782 0.94272208
-3.6148906 -10.501083 0.92270172
-3.5743585 -10.497146 0.94367486
-3.6144032 -10.458392 0.92287648
-3.5742953 -10.455538 0.94339097
-3.6139369 -10.417555 0.92304355
-3.5742347 -10.415695 0.94311917
-3.6134906 -10.378452 0.92320359
-3.5741775 -10.37751 0.94285858
-3.6130626 -10.340979 0.92335701
-3.5741217 -10.340876 0.94260848
-3.6126022 -10.300673 0.92352188
-3.5740623 -10.301437 0.94233942
-3.6121147 -10.257963 0.9236967
-3.5739987 -10.259601 0.94205397
-3.6116509 -10.217319 0.92386305
-3.5739379 -10.219745 0.94402373
-3.6112087 -10.178594 0.92402154
-3.5738807 -10.181738 0.94371253
-3.6120183 -10.136435 0.92359054
-3.5738204 -10.141936 0.94338673
-3.6153448 -10.100717 0.92207283
-3.5737579 -10.100679 0.94304878
-3.6142426 -10.060196 0.92263901
-3.573698 -10.061542 0.94272822
-3.6145048 -10.01908 0.92255694
-3.5708003 -10.015798 0.9433865
-3.5391662 -10.004595 0.94421828
-3.611522 -9.9748106 0.92265433
-3.5794594 -9.9645414 0.92291749
-3.5399284 -9.9648037 0.92300081
-3.5160654 -9.9670944 0.92393303
-6.4612899 -12.585402 0.97892851
-6.461225 -12.542233 0.98371196
-6.4611611 -12.499999 0.98313558
-6.4610982 -12.45867 0.9825716
-3.5773466 -12.468713 0.98367995
-6.4610372 -12.418221 0.98201966
-3.5772812 -12.425522 0.98309058
-6.4609766 -12.378617 0.98147923
-3.5772173 -12.383278 0.98251414
-6.4609184 -12.339841 0.98095012
-3.5771551 -12.341951 0.98195016
-6.4608612 -12.301862 0.98043185
-3.5770938 -12.301514 0.98139834
-6.4608059 -12.264656 0.9799242
-3.577034 -12.261935 0.98085821
-6.4607358 -12.219238 0.97930431
-3.5769753 -12.223188 0.98032951
-6.460669 -12.174876 0.97869891
-3.5769181 -12.185248 0.97981173
-6.4606175 -12.140198 0.97822577
-3.5768619 -12.14809 0.97930467
-6.4605536 -12.097833 0.9776476
-3.576807 -12.111689 0.97880793
-6.4604912 -12.056418 0.97708249
-3.5767267 -12.058545 0.97808278
-6.4604306 -12.01605 0.9811272
-3.576648 -12.006807 0.9773767
-6.4603701 -11.976563 0.98053443
-3.5765972 -11.973216 0.97691834
-6.4603119 -11.938051 0.97995639
-3.5765471 -11.940277 0.9810583
-6.4602547 -11.900366 0.97939074
-3.5764985 -11.90797 0.9805733
-6.4601979 -11.863586 0.97883862
-3.5764267 -11.860732 0.97986424
-6.4601336 -11.820502 0.97819197
-3.5763569 -11.814672 0.97917283
-6.4600687 -11.778561 0.97756231
-3.5763116 -11.784722 0.97872335
-6.4600081 -11.738669 0.97816283
-3.5762451 -11.74089 0.97806531
-6.4599471 -11.697914 0.98051327
-3.57618 -11.698111 0.97742319
-6.459888 -11.65913 0.97987819
-3.5761194 -11.658115 0.97868222
-6.4598298 -11.621321 0.98331606
-3.5760555 -11.616053 0.98033839
-3.5759938 -11.575236 0.98193425
-3.5759377 -11.538198 0.98310435
-3.5758808 -11.500799 0.98244083
-3.5758071 -11.452313 0.98158062
-3.5757537 -11.416945 0.98095322
-3.5757012 -11.382526 0.98034269
-3.5756335 -11.337854 0.97955024
-3.5755684 -11.294581 0.97878253
-3.5755033 -11.251706 0.98000568
-3.575443 -11.211982 0.98091286
-3.5753829 -11.172539 0.98015928
-3.575325 -11.134255 0.97942787
-3.575269 -11.097088 0.9787178
-3.5752137 -11.060983 0.978028
-3.5751479 -11.017334 0.97719413
-3.5750844 -10.975733 0.98117763
-3.5750341 -10.94238 0.98221755
-3.5749741 -10.902765 0.98135257
-3.5749049 -10.856892 0.98035103
-3.5748484 -10.819984 0.97954512
-3.5747929 -10.783627 0.98085296
-3.5747321 -10.742968 0.98081917
-3.5746717 -10.70313 0.979895
-3.5746126 -10.664727 0.9790042
-3.5745473 -10.621065 0.9787541
-3.5744851 -10.580305 0.97977924
-3.5744262 -10.541377 0.98006654
-3.5743587 -10.497147 0.98035681
-3.5742946 -10.455044 0.98124444
-3.5742347 -10.415695 0.9807539
-3.574178 -10.377508 0.97971183
-3.574121 -10.340469 0.9793523
-3.5740621 -10.301436 0.97998887
-3.5739987 -10.259601 0.97878969
-3.5739372 -10.219191 0.98082662
-3.5738809 -10.181737 0.98093778
-3.5738206 -10.141936 0.9796887
-3.5737572 -10.100678 0.98047298
-3.5736988 -10.061541 0.97919136
-3.5710361 -10.016582 0.9802447
-3.5391653 -10.004594 0.98125237
-6.4612899 -12.585403 1.0165366
-6.461225 -12.542233 1.0209075
-6.4611607 -12.499997 1.019928
-6.4610963 -12.45721 1.0218986
-3.5773466 -12.468713 1.0208539
-6.4610372 -12.418219 1.0231751
-3.5772812 -12.425522 1.0198518
-6.4609766 -12.378618 1.0222025
-3.5772173 -12.383278 1.024066
-6.4609184 -12.339841 1.0212499
-3.5771551 -12.341951 1.0230508
-6.4608617 -12.301862 1.0203172
-3.5770938 -12.301514 1.0220575
-6.4608054 -12.264656 1.0194032
-3.577034 -12.261935 1.0210854
-6.4607368 -12.219238 1.0182875
-3.5769753 -12.223188 1.0201336
-6.4606695 -12.174875 1.0171978
-3.5769181 -12.185248 1.0192016
-6.4606161 -12.139244 1.0189633
-3.5768619 -12.148089 1.018289
-6.4605536 -12.097833 1.0200127
-3.576807 -12.111689 1.0173948
-6.4604912 -12.056418 1.0189389
-3.5767238 -12.056603 1.0186677
-6.4604297 -12.016049 1.022488
-3.5766482 -12.006806 1.0194988
-6.4603696 -11.976563 1.0214103
-3.5765972 -11.973216 1.0186279
-6.4603119 -11.938052 1.0203592
-3.5765474 -11.940276 1.0223633
-6.4602547 -11.900366 1.0193307
-3.5764985 -11.90797 1.0214815
-6.4601965 -11.862471 1.0199764
-3.5764265 -11.860732 1.0201924
-6.4601336 -11.820505 1.02148
-3.5763569 -11.814671 1.0189352
-6.4600697 -11.778561 1.0202779
-3.5763116 -11.784722 1.0181178
-6.4600067 -11.737711 1.0191072
-3.5762455 -11.74089 1.0212389
-6.4599471 -11.697916 1.0179669
-3.57618 -11.69811 1.020013
-6.4598875 -11.659132 1.0168554
-3.576117 -11.656595 1.0188234
-6.4598289 -11.620365 1.0213541
-3.576056 -11.616051 1.0176615
-3.5759981 -11.578116 1.0183858
-3.5759377 -11.538198 1.023512
-3.5758812 -11.5008 1.0223382
-3.5758076 -11.452312 1.0208163
-3.5757537 -11.416944 1.0197062
-3.5757012 -11.382526 1.018626
-3.5756326 -11.336855 1.0192393
-3.5755684 -11.294581 1.019574
-3.575506 -11.253583 1.0198845
-3.5754433 -11.211982 1.0204645
-3.5753815 -11.171655 1.0210133
-3.5753253 -11.134255 1.0213025
-3.575269 -11.097088 1.0199836
-3.5752141 -11.060983 1.0187027
-3.5751467 -11.016432 1.0183402
-3.575084 -10.975095 1.0222002
-3.5750344 -10.942379 1.0209501
-3.5749741 -10.902764 1.0194364
-3.574904 -10.85614 1.0198256
-3.5748484 -10.819984 1.0193341
-3.5747957 -10.785072 1.0198487
-3.5747306 -10.742289 1.0212767
-3.5746715 -10.703129 1.0205122
-3.5746126 -10.664726 1.0188875
-3.5745482 -10.621682 1.0198454
-3.5744853 -10.580305 1.0207834
-3.574424 -10.540063 1.0197043
-3.5743585 -10.497147 1.0196588
-3.5742953 -10.455542 1.0202808
-3.5742347 -10.415695 1.0208979
-3.5741782 -10.377506 1.019022
-3.574122 -10.341257 1.0201943
-3.5740628 -10.301435 1.0199912
-3.5739989 -10.259601 1.0201174
-3.5739377 -10.219744 1.0197769
-3.5738807 -10.181738 1.0203528
-3.5738201 -10.141447 1.0195647
-3.5737572 -10.100375 1.0203321
-3.5736988 -10.06154 1.0197054
-3.5709848 -10.016608 1.0203289
-3.5391662 -10.004594 1.0202351
-6.4612899 -12.585402 1.0595171
-6.4612246 -12.542232 1.0581034
-6.4611607 -12.499998 1.0567203
-6.4611006 -12.460129 1.0576369
-3.5773466 -12.468713 1.0580277
-6.4610353 -12.416789 1.0620694
-3.5772812 -12.425522 1.0566132
-6.4609771 -12.378618 1.0629258
-3.5772173 -12.383278 1.0604237
-6.4609184 -12.339841 1.0615499
-3.5771551 -12.341952 1.0641514
-6.4608612 -12.301862 1.0602025
-3.5770938 -12.301514 1.0627167
-6.4608059 -12.264656 1.0588824
-3.577034 -12.261935 1.0613124
-6.4607368 -12.219239 1.0572709
-3.5769753 -12.223188 1.0599377
-6.4606681 -12.173903 1.0583292
-3.5769181 -12.185248 1.0585916
-6.4606194 -12.141151 1.0613793
-3.5768619 -12.148089 1.0572731
-6.4605536 -12.097833 1.0623779
-3.5768068 -12.111689 1.0559818
-6.4604912 -12.056418 1.0607955
-3.5767298 -12.060487 1.0610194
-6.4604301 -12.016049 1.0592531
-3.5766482 -12.006806 1.061621
-6.4603696 -11.976564 1.0577444
-3.5765972 -11.973215 1.0603374
-6.4603119 -11.93805 1.060762
-3.5765476 -11.940275 1.0590788
-6.4602547 -11.900365 1.0592706
-3.5764985 -11.907969 1.0578445
-6.4601998 -11.864626 1.0591042
-3.576427 -11.860731 1.0605204
-6.4601331 -11.820503 1.060439
-3.5763569 -11.814671 1.0586975
-6.4600682 -11.7775 1.0603143
-3.5763116 -11.784721 1.0575124
-6.4600072 -11.737711 1.0612656
-3.5762453 -11.74089 1.0600952
-6.4599471 -11.697915 1.059582
-3.5761802 -11.698109 1.0626028
-6.4598875 -11.65913 1.0579413
-3.576117 -11.656593 1.0608466
-6.4598312 -11.622209 1.0575336
-3.576056 -11.616051 1.0591314
-3.5759959 -11.576675 1.0574658
-3.5759377 -11.538198 1.0598789
-3.5758812 -11.500799 1.0622355
-3.5758076 -11.452312 1.0600522
-3.5757542 -11.416943 1.0584593
-3.5757003 -11.381494 1.0589427
-3.5756354 -11.338852 1.0604171
-3.5755684 -11.29458 1.0603657
-3.5755033 -11.251706 1.0603017
-3.5754433 -11.211982 1.0600163
-3.5753844 -11.17342 1.0597256
-3.5753255 -11.134255 1.0596874
-3.5752695 -11.097087 1.0612496
-3.5752137 -11.060983 1.0593774
-3.5751483 -11.017334 1.0593183
-3.575084 -10.975095 1.0614684
-3.5750344 -10.942379 1.0596826
-3.5749733 -10.901983 1.0596915
-3.5749061 -10.857682 1.06013
-3.5748491 -10.819983 1.059123
-3.5747945 -10.78433 1.0600916
-3.574733 -10.743679 1.0595672
-3.5746722 -10.703128 1.0611292
-3.5746133 -10.664726 1.0587713
-3.5745494 -10.622311 1.0609719
-3.5744851 -10.580305 1.059054
-3.5744262 -10.541171 1.0598247
-3.5743577 -10.496436 1.0603032
-3.5742962 -10.456029 1.0593498
-3.5742347 -10.415694 1.0610417
-3.5741773 -10.377083 1.0589669
-3.5741217 -10.340874 1.0605462
-3.5740616 -10.301044 1.0595318
-3.5739985 -10.25903 1.0605403
-3.5739386 -10.219921 1.0596731
-3.5738809 -10.181737 1.0597682
-3.573822 -10.14244 1.0601072
-3.5737588 -10.100962 1.059817
-3.5736983 -10.061269 1.0598836
-3.5709581 -10.016441 1.0598159
-3.5391653 -10.004593 1.0592188
-6.4612899 -12.585403 1.1024979
-6.4612241 -12.542233 1.1006128
-6.4611602 -12.499998 1.0987685
-6.4610982 -12.45867 1.0969638
-3.5773466 -12.468713 1.1005123
-6.4610395 -12.419648 1.0974587
-3.5772812 -12.425522 1.0986261
-6.460978 -12.378618 1.1036489
-3.5772173 -12.383278 1.0967815
-6.4609184 -12.339841 1.1018498
-3.5771549 -12.341952 1.1001145
-6.4608612 -12.301862 1.1000878
-3.5770938 -12.301514 1.1033758
-6.4608059 -12.264656 1.0983615
-3.577034 -12.261935 1.1015395
-6.4607339 -12.21786 1.0980551
-3.5769753 -12.223188 1.0997418
-6.4606705 -12.175848 1.1011882
-3.5769181 -12.185248 1.0979815
-6.4606171 -12.140198 1.1021171
-3.5768619 -12.148089 1.0962574
-6.4605536 -12.097833 1.1000359
-3.5768065 -12.111689 1.0993918
-6.4604912 -12.056418 1.0980012
-3.5767267 -12.058545 1.1016045
-6.4604306 -12.016049 1.100614
-3.5766482 -12.006806 1.0990628
-6.4603701 -11.976564 1.0986202
-3.5765975 -11.973215 1.0974126
-6.4603119 -11.938052 1.1011648
-3.5765476 -11.940275 1.1003839
-6.4602547 -11.900365 1.0992107
-3.5764985 -11.907969 1.0987526
-6.4601965 -11.862546 1.1003764
-3.5764267 -11.860731 1.1008484
-6.4601336 -11.820504 1.0993983
-3.5763574 -11.81467 1.09846
-6.4600711 -11.779544 1.0984334
-3.5763118 -11.78472 1.1012843
-6.4600058 -11.736679 1.1007658
-3.5762455 -11.740887 1.0989515
-6.4599471 -11.697915 1.101197
-3.5761805 -11.698109 1.1009337
-6.4598875 -11.659131 1.0990273
-3.5761156 -11.655074 1.1009089
-6.4598298 -11.621321 1.0969117
-3.5760562 -11.616051 1.1006014
-3.5759964 -11.576675 1.0983986
-3.5759385 -11.538197 1.0962458
-3.5758815 -11.500798 1.1021328
-3.575808 -11.452312 1.0992877
-3.5757542 -11.416943 1.0972123
-3.5757034 -11.383557 1.100816
-3.575634 -11.337852 1.1001061
-3.575567 -11.293613 1.0994042
-3.5755064 -11.25358 1.1002368
-3.5754433 -11.21198 1.0995679
-3.5753832 -11.172538 1.1005796
-3.5753253 -11.134254 1.0980724
-3.575268 -11.096254 1.1008898
-3.5752146 -11.060982 1.100052
-3.5751483 -11.017333 1.0992783
-3.5750844 -10.975094 1.1007365
-3.5750349 -10.942379 1.098415
-3.5749757 -10.903586 1.1008346
-3.5749042 -10.856104 1.0996516
-3.5748487 -10.819983 1.098912
-3.5747941 -10.783591 1.1002944
-3.5747328 -10.742965 1.0990428
-3.5746713 -10.702475 1.100818
-3.574614 -10.664727 1.0986547
-3.5745487 -10.621686 1.1007694
-3.5744851 -10.5798 1.0991789
-3.5744243 -10.540063 1.1000656
-3.5743604 -10.497854 1.0995408
-3.5742955 -10.455538 1.0997559
-3.5742342 -10.415222 1.1005704
-3.5741789 -10.377363 1.0994791
-3.5741212 -10.340466 1.0996691
-3.5740628 -10.301439 1.0999856
-3.5739999 -10.259793 1.100004
-3.5739386 -10.219743 1.0995822
-3.5738807 -10.181415 1.0996212
-3.5738204 -10.141432 1.0999737
-3.5737579 -10.10015 1.1000112
-3.5736992 -10.061378 1.0997101
-3.5708036 -10.015982 1.0998869
-3.5391655 -10.004597 1.1001511
-6.4612899 -12.585403 1.140106
-6.4612241 -12.542233 1.1431222
-6.4611607 -12.499999 1.1408168
-6.4610982 -12.45867 1.1385609
-3.5773466 -12.468713 1.1429968
-6.4610372 -12.418221 1.136353
-3.5772812 -12.425522 1.1406391
-6.4609752 -12.377219 1.1421047
-3.5772173 -12.383278 1.1383333
-6.4609184 -12.339841 1.1421497
-3.5771549 -12.341952 1.1360775
-6.4608612 -12.301862 1.139973
-3.5770936 -12.301514 1.1440351
-6.4608054 -12.264656 1.1378405
-3.577034 -12.261935 1.1417665
-6.4607368 -12.219234 1.1400952
-3.5769753 -12.223188 1.1395459
-6.460669 -12.174876 1.1423197
-3.5769181 -12.185248 1.1373714
-6.460618 -12.140198 1.1402376
-3.5768619 -12.148089 1.1401148
-6.4605527 -12.097833 1.1376938
-3.5768068 -12.111689 1.1428021
-6.4604912 -12.056418 1.1398579
-3.5767267 -12.058545 1.1396112
-6.4604306 -12.016049 1.1419746
-3.5766482 -12.006806 1.141185
-6.4603696 -11.976564 1.139496
-3.5765977 -11.973215 1.1391222
-6.4603105 -11.93696 1.1402093
-3.5765476 -11.940275 1.1416889
-6.4602547 -11.900366 1.1391509
-3.576499 -11.907969 1.1396608
-6.4601998 -11.86471 1.1395576
-3.5764248 -11.859002 1.1390648
-6.4601316 -11.81949 1.1413759
-3.5763574 -11.814669 1.1382223
-6.4600697 -11.778561 1.1398816
-3.5763121 -11.78472 1.1406788
-6.4600077 -11.73867 1.1384135
-3.5762432 -11.739283 1.1400902
-6.4599457 -11.696979 1.1415528
-3.5761807 -11.698108 1.1392645
-6.4598875 -11.659131 1.1401131
-3.5761197 -11.658112 1.1384494
-6.4598303 -11.621321 1.1374816
-3.5760562 -11.61605 1.1420715
-3.5759964 -11.576674 1.1393312
-3.5759385 -11.538197 1.1366533
-3.5758815 -11.500798 1.1420302
-3.575808 -11.452312 1.1385233
-3.5757544 -11.416943 1.1398406
-3.5757022 -11.382525 1.1411326
-3.5756333 -11.336851 1.1397516
-3.5755701 -11.295547 1.1399934
-3.5755036 -11.251702 1.1405975
-3.5754435 -11.21198 1.1391196
-3.5753822 -11.171653 1.1413929
-3.5753257 -11.134254 1.1399469
-3.5752707 -11.097918 1.1385292
-3.5752151 -11.060982 1.1407268
-3.5751486 -11.017333 1.1392381
-3.5750847 -10.975094 1.1400048
-3.5750339 -10.941758 1.1388253
-3.5749745 -10.902763 1.140035
-3.5749066 -10.857639 1.1400101
-3.5748479 -10.819426 1.1402919
-3.5747967 -10.785028 1.1393682
-3.5747321 -10.742966 1.1404209
-3.5746722 -10.703128 1.1404175
-3.5746133 -10.664155 1.1395111
-3.5745485 -10.621684 1.1398307
-3.5744865 -10.580829 1.140118
-3.5744252 -10.540632 1.1395631
-3.5743587 -10.496627 1.1395323
-3.5742948 -10.455044 1.1401308
-3.5742352 -10.415695 1.1400648
-3.5741794 -10.377645 1.1400099
-3.5741231 -10.340869 1.1399646
-3.574064 -10.301432 1.1399884
-3.5739999 -10.259597 1.1394998
-3.5739386 -10.219743 1.139931
-3.5738811 -10.181575 1.1399001
-3.5738215 -10.141932 1.1398319
-3.5737588 -10.100736 1.1402074
-3.5736995 -10.061539 1.139886
-3.5709851 -10.01637 1.1401355
-3.539165 -10.004594 1.1410836
-6.4612899 -12.585402 1.1777141
-6.461225 -12.542233 1.1803179
-6.4611602 -12.499998 1.1828651
-6.4610982 -12.458669 1.1801581
-3.5773466 -12.468713 1.1801705
-6.4610372 -12.418221 1.1775085
-3.5772812 -12.425522 1.182652
-6.4609776 -12.378618 1.1799917
-3.5772173 -12.383278 1.1798851
-6.4609184 -12.339841 1.1824496
-3.5771549 -12.341952 1.1771781
-6.4608612 -12.301862 1.1798582
-3.5770936 -12.301514 1.1846943
-6.4608054 -12.264656 1.1773196
-3.577034 -12.261935 1.1819937
-6.4607396 -12.220621 1.1821812
-3.5769753 -12.223188 1.1793501
-6.4606695 -12.174875 1.1808186
-3.5769181 -12.185248 1.1767614
-6.4606171 -12.140198 1.178358
-3.5768619 -12.148089 1.1839721
-6.4605517 -12.096635 1.1786209
-3.5768068 -12.111689 1.1813891
-6.4604912 -12.056419 1.1817144
-3.5767267 -12.058545 1.177618
-6.4604306 -12.016049 1.1787397
-3.5766482 -12.006806 1.1833069
-6.4603701 -11.976564 1.1803718
-3.5765975 -11.973215 1.1808318
-6.4603138 -11.939225 1.1803257
-3.5765476 -11.940275 1.1784045
-6.4602547 -11.900366 1.1790906
-3.5764987 -11.907969 1.1805693
-6.4601979 -11.863588 1.1806676
-3.5764301 -11.862457 1.1791354
-6.460134 -11.821596 1.1800593
-3.5763576 -11.814669 1.1779847
-6.4600677 -11.777574 1.1812919
-3.5763123 -11.784719 1.1800733
-6.4600077 -11.737713 1.1793083
-3.5762482 -11.74249 1.1786987
-6.4599471 -11.697917 1.1802533
-3.5761809 -11.698107 1.1818542
-6.4598875 -11.659131 1.1811987
-3.576118 -11.656592 1.1785119
-6.4598298 -11.621321 1.1780514
-3.5760565 -11.616049 1.1793946
-3.5759964 -11.576673 1.1802639
-3.5759385 -11.538196 1.1770611
-3.575882 -11.500797 1.1819273
-3.5758083 -11.452312 1.1777589
-3.5757546 -11.416942 1.1824688
-3.5757022 -11.382524 1.1794159
-3.5756357 -11.338848 1.1810164
-3.5755687 -11.294579 1.179032
-3.5755064 -11.253579 1.1805891
-3.5754423 -11.211069 1.1805393
-3.5753851 -11.173417 1.1801871
-3.5753243 -11.133396 1.1801451
-3.5752695 -11.097084 1.1781694
-3.5752151 -11.060982 1.1814014
-3.5751491 -11.017333 1.1791979
-3.5750844 -10.975093 1.179273
-3.5750356 -10.942999 1.1806576
-3.5749733 -10.901945 1.1791928
-3.5749042 -10.856103 1.1805108
-3.5748498 -10.820541 1.1799594
-3.5747943 -10.783623 1.1795837
-3.5747318 -10.742286 1.1808287
-3.5746722 -10.703131 1.1800672
-3.5746143 -10.664724 1.1803095
-3.5745482 -10.621061 1.1795793
-3.5744855 -10.579776 1.1802561
-3.5744252 -10.540639 1.1797549
-3.5743594 -10.496975 1.1801283
-3.5742958 -10.455374 1.1798475
-3.5742352 -10.415693 1.1802087
-3.5741792 -10.377505 1.1799381
-3.5741236 -10.341282 1.1802875
-3.5740633 -10.301238 1.1804516
-3.5739996 -10.259416 1.1794409
-3.5739386 -10.219742 1.1802796
-3.5738811 -10.181737 1.1801908
-3.5738211 -10.141625 1.1800519
-3.5737591 -10.100385 1.180405
-3.5737 -10.061488 1.1800582
-3.5710111 -10.016655 1.1800145
-3.539165 -10.004595 1.1800668
-6.4612899 -12.585403 1.2206948
-6.4612246 -12.542231 1.2175136
-6.4611583 -12.498507 1.2225407
-6.4610982 -12.45867 1.2217551
-3.5773466 -12.468713 1.2173445
-6.4610372 -12.418221 1.2186641
-3.5772812 -12.425522 1.2194134
-6.4609799 -12.380018 1.2179207
-3.5772173 -12.383278 1.2214369
-6.4609189 -12.339841 1.2227495
-3.5771549 -12.341952 1.2182788
-6.4608612 -12.301862 1.2197437
-3.5770938 -12.301514 1.220271
-6.4608059 -12.264657 1.2167989
-3.577034 -12.261935 1.2222208
-6.4607372 -12.219239 1.2229499
-3.5769753 -12.223188 1.2191541
-6.4606695 -12.174875 1.2193177
-3.5769181 -12.185248 1.2161512
-6.4606166 -12.139244 1.219041
-3.5768619 -12.148089 1.2229563
-6.4605556 -12.099125 1.2207141
-3.5768068 -12.111689 1.2199759
-6.4604912 -12.056418 1.2189202
-3.5767238 -12.056603 1.2180918
-6.4604287 -12.016049 1.2201004
-3.5766482 -12.006806 1.2207489
-6.4603696 -11.976564 1.2212477
-3.5765975 -11.973215 1.217907
-6.46031 -11.936881 1.2195007
-3.5765476 -11.940275 1.2197095
-6.4602547 -11.900366 1.2190307
-3.5764987 -11.907969 1.2214774
-6.4601979 -11.863586 1.220156
-3.5764248 -11.859002 1.2196785
-6.4601336 -11.820505 1.2206044
-3.5763581 -11.814668 1.217747
-6.4600706 -11.779623 1.2194897
-3.5763125 -11.784719 1.2194678
-6.4600077 -11.737711 1.2214665
-3.5762458 -11.740886 1.2198373
-6.4599485 -11.69885 1.2189913
-3.5761809 -11.698107 1.220185
-6.4598856 -11.658216 1.2210172
-3.576118 -11.656592 1.220535
-6.4598298 -11.621322 1.2186215
-3.5760567 -11.616049 1.2167175
-3.5759969 -11.576673 1.2211964
-3.5759387 -11.538196 1.2174685
-3.575882 -11.500797 1.2218246
-3.5758066 -11.451228 1.219018
-3.5757546 -11.416941 1.2212217
-3.5757005 -11.381492 1.2196733
-3.5756352 -11.33785 1.2206619
-3.5755692 -11.294579 1.2198235
-3.5755041 -11.251702 1.2208934
-3.5754449 -11.21289 1.2199503
-3.5753841 -11.172534 1.2210003
-3.575326 -11.134254 1.2201933
-3.5752697 -11.097084 1.2194352
-3.5752137 -11.060173 1.2204348
-3.5751491 -11.017332 1.2191578
-3.5750847 -10.975091 1.218541
-3.5750351 -10.942378 1.2210678
-3.5749748 -10.902759 1.2193621
-3.5749054 -10.856885 1.2198883
-3.5748484 -10.819426 1.2198497
-3.574796 -10.78433 1.2197161
-3.5747325 -10.742967 1.2202091
-3.5746725 -10.703127 1.2197176
-3.5746143 -10.664725 1.2201929
-3.5745485 -10.62147 1.2200258
-3.574486 -10.580299 1.2203269
-3.5744257 -10.54063 1.2199473
-3.5743601 -10.497316 1.2207463
-3.574296 -10.455536 1.2202199
-3.5742354 -10.415692 1.2203524
-3.5741796 -10.377504 1.2192479
-3.5741229 -10.340466 1.2199857
-3.5740635 -10.301433 1.219988
-3.5739999 -10.259602 1.2198545
-3.5739381 -10.219387 1.2201742
-3.5738816 -10.181737 1.2200439
-3.5738218 -10.142187 1.220257
-3.57376 -10.100909 1.2202436
-3.5736997 -10.061539 1.2202377
-3.5709851 -10.016488 1.219898
-3.5391648 -10.004595 1.2190498
-6.4612875 -12.583845 1.2612345
-6.4612241 -12.542233 1.2600229
-6.461163 -12.501491 1.2588223
-6.4610982 -12.458671 1.2633523
-3.5773463 -12.468713 1.259829
-6.4610372 -12.418221 1.2598196
-3.5772812 -12.425522 1.2561747
-6.4609771 -12.378618 1.2563611
-3.5772171 -12.383278 1.2629886
-6.4609184 -12.339841 1.2630495
-3.5771546 -12.341952 1.2593794
-6.4608612 -12.301862 1.2596289
-3.5770936 -12.301514 1.2558477
-6.4608054 -12.264656 1.2562779
-3.5770338 -12.261935 1.2624478
-6.4607372 -12.219239 1.2619333
-3.5769753 -12.223188 1.2589582
-6.4606695 -12.174875 1.2578166
-3.5769179 -12.185249 1.2555411
-6.460619 -12.141151 1.2615663
-3.5768619 -12.148089 1.2619405
-6.4605536 -12.097833 1.2600821
-3.5768068 -12.111689 1.2585628
-6.4604897 -12.055511 1.2586169
-3.5767298 -12.060487 1.260666
-6.4604297 -12.016049 1.2614611
-3.5766482 -12.006806 1.2581909
-6.4603682 -11.975697 1.2600139
-3.5765972 -11.973215 1.2596166
-6.4603133 -11.939139 1.259672
-3.5765476 -11.940275 1.2610145
-6.4602547 -11.900366 1.2589707
-3.5764987 -11.907969 1.2578403
-6.4601979 -11.863586 1.2596443
-3.5764301 -11.862456 1.2598341
-6.4601316 -11.819416 1.2611084
-3.5763581 -11.814668 1.2619275
-6.4600697 -11.778561 1.2594854
-3.5763125 -11.784719 1.2588623
-6.4600067 -11.736679 1.2609134
-3.5762434 -11.739283 1.2609148
-6.4599471 -11.697915 1.2593346
-3.5761809 -11.698106 1.2585158
-6.4598875 -11.659131 1.2606199
-3.5761158 -11.655071 1.2605186
-6.4598303 -11.621321 1.2591912
-3.5760567 -11.616048 1.2581875
-3.5759947 -11.57523 1.2601428
-3.5759387 -11.538195 1.2578762
-3.575882 -11.500797 1.2617218
-3.5758088 -11.452311 1.2601374
-3.5757549 -11.416941 1.2599747
-3.5757027 -11.382523 1.2597954
-3.5756338 -11.33685 1.2602637
-3.5755692 -11.294577 1.2606149
-3.5755074 -11.253578 1.2609413
-3.5754423 -11.211068 1.2596151
-3.5753829 -11.17165 1.2617723
-3.5753274 -11.13511 1.2602814
-3.5752697 -11.097084 1.2607011
-3.5752153 -11.060982 1.2593489
-3.5751491 -11.017332 1.2591176
-3.5750842 -10.974453 1.2594782
-3.5750351 -10.942378 1.2598003
-3.5749764 -10.903584 1.259573
-3.5749054 -10.856893 1.2603314
-3.5748496 -10.820539 1.259557
-3.5747972 -10.785028 1.2598875
-3.5747337 -10.743638 1.2596278
-3.5746725 -10.703126 1.2603346
-3.5746143 -10.664723 1.2600763
-3.574549 -10.621682 1.2597878
-3.5744867 -10.580828 1.2604288
-3.5744262 -10.540637 1.2601396
-3.5743597 -10.496956 1.2600347
-3.5742965 -10.455701 1.2606026
-3.5742354 -10.415537 1.2598593
-3.5741796 -10.377507 1.2597864
-3.5741234 -10.340732 1.2596985
-3.574064 -10.301436 1.2599902
-3.5740001 -10.259409 1.2598078
-3.5739393 -10.219742 1.2600719
-3.5738811 -10.181416 1.2599026
-3.5738213 -10.141684 1.2601198
-3.5737593 -10.100266 1.2600971
-3.5736992 -10.06132 1.2600715
-3.5708041 -10.015982 1.2601422
-3.5391641 -10.004596 1.2599821
-6.4612923 -12.586962 1.2983516
-6.4612241 -12.542233 1.3025322
-6.4611611 -12.499999 1.2984979
-6.4610963 -12.45721 1.3025717
-3.5773463 -12.468713 1.3023134
-6.4610372 -12.418219 1.3009752
-3.5772812 -12.425522 1.2981877
-6.460978 -12.378618 1.2970843
-3.5772171 -12.383278 1.2993464
-6.4609189 -12.339841 1.3033495
-3.5771546 -12.341952 1.30048
-6.4608617 -12.301862 1.2995143
-3.5770936 -12.301514 1.2965069
-6.460804 -12.263634 1.2983885
-3.5770338 -12.261935 1.302675
-6.4607372 -12.219238 1.3009167
-3.5769753 -12.223188 1.2987624
-6.4606681 -12.173903 1.2988816
-3.5769181 -12.185249 1.299855
-6.4606175 -12.140198 1.3022493
-3.5768616 -12.14809 1.3009249
-6.4605513 -12.096546 1.2994049
-3.5768068 -12.111689 1.2971497
-6.4604926 -12.057327 1.3001426
-3.5767264 -12.058546 1.30114
-6.4604287 -12.014823 1.2998517
-3.5766482 -12.006806 1.3003129
-6.460371 -11.97743 1.300567
-3.5765972 -11.973215 1.301326
-6.46031 -11.936881 1.3002776
-3.5765476 -11.940275 1.2977301
-6.4602547 -11.900366 1.2989106
-3.5764987 -11.907969 1.2987486
-6.4601965 -11.862468 1.3006842
-3.5764248 -11.859001 1.3002924
-6.4601355 -11.821515 1.2998714
-3.5763578 -11.814668 1.3016899
-6.4600677 -11.777574 1.3008579
-3.5763125 -11.784719 1.2982569
-6.4600091 -11.73867 1.2986643
-3.5762486 -11.742488 1.2996458
-6.4599476 -11.697916 1.3009496
-3.5761814 -11.698105 1.3011055
-6.4598885 -11.659134 1.3003358
-3.576118 -11.65659 1.3003606
-6.4598308 -11.621322 1.2997612
-3.576057 -11.616047 1.2996576
-3.5759971 -11.576672 1.2989509
-3.5759387 -11.538195 1.2982838
-3.575882 -11.500797 1.3016193
-3.5758088 -11.452311 1.2993731
-3.5757554 -11.41694 1.2987276
-3.5757048 -11.383554 1.2999625
-3.5756352 -11.33785 1.2997618
-3.5755682 -11.293609 1.299582
-3.5755045 -11.251701 1.3011893
-3.5754449 -11.212887 1.2990808
-3.575386 -11.173416 1.3006486
-3.5753262 -11.134252 1.3004656
-3.5752687 -11.096251 1.3002754
-3.5752156 -11.060981 1.3000234
-3.5751491 -11.01733 1.2990774
-3.5750854 -10.975091 1.3003383
-3.5750349 -10.941756 1.3001682
-3.5749741 -10.901942 1.2997489
-3.5749059 -10.856884 1.3007753
-3.5748494 -10.819424 1.2994075
-3.5747948 -10.783623 1.3000262
-3.5747318 -10.742285 1.2990147
-3.5746729 -10.703125 1.3009517
-3.5746148 -10.664724 1.2999597
-3.5745499 -10.621886 1.2995619
-3.5744858 -10.579776 1.3005036
-3.5744264 -10.54044 1.2996471
-3.5743599 -10.497143 1.2999989
-3.5742958 -10.455042 1.3003291
-3.5742357 -10.415692 1.2993822
-3.5741796 -10.377505 1.3003248
-3.5741231 -10.340605 1.3000318
-3.5740633 -10.301026 1.3004602
-3.5739999 -10.259415 1.2997487
-3.5739396 -10.219565 1.2999709
-3.5738816 -10.181896 1.3001808
-3.573822 -10.141932 1.2999802
-3.5737596 -10.100794 1.2999451
-3.5736995 -10.061539 1.2999097
-3.5709853 -10.01637 1.3004106
-3.539165 -10.004594 1.3009146
-6.4612899 -12.585403 1.3388916
-6.4612222 -12.540709 1.3425959
-6.4611607 -12.499999 1.3405463
-6.4611006 -12.46013 1.3385254
-3.5773461 -12.468713 1.3394874
-6.4610372 -12.418219 1.3421308
-3.5772812 -12.425522 1.3402007
-6.4609771 -12.378618 1.3378077
-3.5772171 -12.383278 1.3357042
-6.4609184 -12.339841 1.3436493
-3.5771546 -12.341952 1.3415807
-6.4608617 -12.301862 1.3393996
-3.5770936 -12.301514 1.3371661
-6.4608059 -12.264655 1.3401587
-3.5770338 -12.261935 1.3429022
-6.4607368 -12.219239 1.3398999
-3.5769753 -12.223188 1.3385664
-6.4606705 -12.175848 1.3418733
-3.5769179 -12.185249 1.3441685
-6.460618 -12.140198 1.3403699
-3.5768616 -12.14809 1.3399091
-6.4605532 -12.097829 1.3400909
-3.5768065 -12.111689 1.3405597
-6.4604912 -12.056418 1.3398393
-3.5767262 -12.058545 1.3391466
-6.4604316 -12.017189 1.3410323
-3.5766482 -12.006806 1.3424351
-6.4603701 -11.976564 1.3393333
-3.5765972 -11.973215 1.3384013
-6.4603133 -11.939139 1.3405044
-3.5765476 -11.940275 1.3390352
-6.4602547 -11.900366 1.3388506
-3.5764987 -11.907969 1.3396568
-6.4601998 -11.864626 1.3400007
-3.5764301 -11.862456 1.3405328
-6.4601321 -11.81949 1.3404371
-3.5763581 -11.814668 1.3414522
-6.4600711 -11.779623 1.3391341
-3.5763125 -11.784719 1.3376514
-6.4600077 -11.737712 1.3395096
-3.5762463 -11.740886 1.3407233
-6.4599452 -11.696978 1.341244
-3.5761814 -11.698105 1.3394362
-6.4598889 -11.660041 1.3386171
-3.5761211 -11.658109 1.3402605
-6.4598298 -11.62132 1.3403312
-3.576057 -11.616047 1.3411275
-3.5759971 -11.576672 1.3398836
-3.5759392 -11.538194 1.3386912
-3.5758824 -11.500796 1.3415164
-3.575809 -11.452311 1.3386087
-3.5757554 -11.416939 1.3374805
-3.5757031 -11.382521 1.3402057
-3.5756369 -11.338848 1.3393033
-3.5755713 -11.295544 1.3403138
-3.5755074 -11.253578 1.3412932
-3.575443 -11.211066 1.3386911
-3.5753829 -11.171649 1.3396648
-3.5753253 -11.133395 1.3406099
-3.5752699 -11.097084 1.3397814
-3.5752161 -11.060981 1.3406981
-3.5751491 -11.01733 1.3390371
-3.5750854 -10.975091 1.3396064
-3.5750353 -10.942376 1.3404818
-3.5749753 -10.902758 1.3399602
-3.5749071 -10.857678 1.340221
-3.574851 -10.820538 1.3391544
-3.5747962 -10.78433 1.3401972
-3.5747335 -10.742963 1.3394179
-3.5746741 -10.703774 1.3406365
-3.574615 -10.664723 1.3398432
-3.574549 -10.62106 1.3399956
-3.5744865 -10.580298 1.3406056
-3.5744259 -10.540264 1.3391889
-3.5743601 -10.496787 1.3406187
-3.5742974 -10.456026 1.3400587
-3.5742364 -10.415692 1.3395262
-3.5741796 -10.37736 1.3402337
-3.5741241 -10.341278 1.3403369
-3.5740633 -10.301432 1.3399851
-3.5740011 -10.259968 1.3401661
-3.5739398 -10.219742 1.3398683
-3.5738816 -10.181574 1.3404694
-3.5738213 -10.141557 1.3398391
-3.57376 -10.100674 1.3401384
-3.5736995 -10.061378 1.3400794
-3.5709586 -10.016441 1.339896
-3.5391648 -10.004595 1.3398983
-6.4612899 -12.585402 1.3818723
-6.4612265 -12.543757 1.3793696
-6.4611611 -12.499999 1.3825946
-6.4610982 -12.458669 1.3777444
-3.5773463 -12.468713 1.3766613
-6.4610372 -12.418221 1.3832864
-3.5772812 -12.425522 1.3822136
-6.4609766 -12.378618 1.3785309
-3.5772171 -12.383278 1.377256
-6.460917 -12.338471 1.3816165
-3.5771546 -12.341952 1.3826814
-6.4608612 -12.301862 1.3792847
-3.5770936 -12.301514 1.3778254
-6.4608059 -12.264656 1.3796377
-3.5770338 -12.261935 1.3831292
-6.4607368 -12.219238 1.3788832
-3.5769753 -12.223188 1.3783706
-6.4606695 -12.174875 1.3829384
-3.5769179 -12.185249 1.3835585
-6.4606175 -12.140199 1.3784903
-3.5768616 -12.14809 1.3788934
-6.4605556 -12.099125 1.3808205
-3.5768065 -12.111689 1.3839703
-6.4604897 -12.05551 1.3795036
-3.5767238 -12.056605 1.3795304
-6.4604301 -12.016051 1.3809479
-3.5766482 -12.006806 1.3798769
-6.4603701 -11.976563 1.3802092
-3.5765972 -11.973215 1.3801109
-6.46031 -11.936881 1.3810545
-3.5765476 -11.940275 1.3803402
-6.4602547 -11.900366 1.3787906
-3.5764987 -11.907969 1.380565
-6.4601965 -11.862469 1.3796335
-3.5764248 -11.859002 1.3809059
-6.4601345 -11.821596 1.3792526
-3.5763578 -11.814668 1.3812146
-6.4600687 -11.77856 1.3790891
-3.5763125 -11.784719 1.3814232
-6.4600062 -11.736751 1.3803177
-3.5762439 -11.739282 1.3817394
-6.4599466 -11.697917 1.380006
-3.5761814 -11.698105 1.377767
-6.4598875 -11.659131 1.3784108
-3.5761185 -11.65659 1.3802234
-6.4598303 -11.621322 1.3809011
-3.5760574 -11.616047 1.3825976
-3.5759976 -11.576671 1.3808162
-3.5759392 -11.538193 1.3790988
-3.5758824 -11.500795 1.3814137
-3.5758104 -11.453393 1.3798051
-3.5757554 -11.416939 1.3801088
-3.5757017 -11.381488 1.3804039
-3.575634 -11.336849 1.3807758
-3.5755684 -11.293608 1.3811359
-3.5755043 -11.2517 1.381485
-3.5754445 -11.211976 1.3800111
-3.5753851 -11.172531 1.3803668
-3.5753269 -11.134251 1.3807119
-3.5752704 -11.097083 1.3810471
-3.5752172 -11.06179 1.3796761
-3.5751495 -11.01733 1.378997
-3.5750856 -10.97509 1.3788747
-3.5750358 -10.942376 1.3792142
-3.5749753 -10.902761 1.379102
-3.5749047 -10.856101 1.3795487
-3.5748494 -10.819423 1.3789655
-3.5747962 -10.784324 1.3793535
-3.5747333 -10.742965 1.3798109
-3.5746722 -10.702471 1.3792495
-3.574615 -10.664723 1.3797266
-3.5745499 -10.621682 1.3797529
-3.574487 -10.5803 1.3797872
-3.5744271 -10.541003 1.3793643
-3.574362 -10.497496 1.3799046
-3.5742965 -10.455374 1.3797719
-3.5742364 -10.415692 1.3796698
-3.5741799 -10.377503 1.3801701
-3.5741236 -10.340732 1.3800335
-3.574064 -10.301435 1.379987
-3.5740006 -10.259218 1.3800935
-3.57394 -10.219742 1.3802168
-3.5738816 -10.181736 1.3803236
-3.5738223 -10.142121 1.3800477
-3.57376 -10.100563 1.3803229
-3.5737 -10.061539 1.3802583
-3.5710111 -10.016536 1.3795817
-3.539165 -10.004595 1.3788813
-6.4612875 -12.583844 1.4223484
-6.4612246 -12.542232 1.4194331
-6.4611583 -12.498507 1.4221929
-6.4610982 -12.458669 1.4193417
-3.5773463 -12.468714 1.4191458
-6.4610353 -12.416789 1.4220439
-3.5772812 -12.425522 1.4242265
-6.4609766 -12.378618 1.4192542
-3.5772171 -12.383278 1.4188077
-6.4609189 -12.339842 1.4191986
-3.5771546 -12.341952 1.423782
-6.4608612 -12.301863 1.41917
-3.5770936 -12.301514 1.4184844
-6.4608059 -12.264656 1.4191167
-3.5770338 -12.261935 1.4233563
-6.4607344 -12.21786 1.4195431
-3.5769753 -12.223188 1.4181747
-6.4606695 -12.174875 1.4214374
-3.5769179 -12.185249 1.4229484
-6.4606161 -12.139245 1.4191186
-3.5768616 -12.14809 1.4178777
-6.4605536 -12.097833 1.4201285
-3.5768065 -12.111689 1.4225571
-6.4604931 -12.057326 1.4210936
-3.5767262 -12.058545 1.4198869
-6.4604282 -12.014823 1.4192946
-3.5766482 -12.006806 1.4173188
-6.4603696 -11.976564 1.4210849
-3.5765972 -11.973215 1.4218204
-6.4603119 -11.938049 1.4198852
-3.5765476 -11.940275 1.4170557
-6.4602532 -11.89954 1.4210663
-3.5764987 -11.907969 1.4214733
-6.4601998 -11.864626 1.4190025
-3.5764301 -11.862456 1.4212312
-6.4601336 -11.820506 1.4197291
-3.5763581 -11.814668 1.420977
-6.4600673 -11.777573 1.4204239
-3.5763125 -11.784719 1.4208176
-6.4600067 -11.737714 1.4195973
-3.5762486 -11.742489 1.4205929
-6.4599485 -11.69885 1.418805
-3.5761814 -11.698105 1.4203569
-6.4598875 -11.659131 1.4194968
-3.5761163 -11.65507 1.4201281
-6.4598303 -11.621322 1.4214709
-3.5760574 -11.616046 1.4199204
-3.5759997 -11.578112 1.4197186
-3.5759397 -11.538193 1.4195064
-3.5758827 -11.500795 1.4213107
-3.5758088 -11.452309 1.4210196
-3.5757556 -11.416938 1.4227369
-3.5757034 -11.38252 1.420585
-3.5756354 -11.337849 1.4203173
-3.5755699 -11.294576 1.4200579
-3.5755062 -11.252639 1.4198065
-3.5754461 -11.212885 1.4213735
-3.5753863 -11.173415 1.4211097
-3.5753286 -11.135108 1.4208537
-3.5752718 -11.097915 1.4206052
-3.5752161 -11.060981 1.4186697
-3.5751495 -11.01733 1.4189568
-3.5750868 -10.975728 1.4197888
-3.5750365 -10.942995 1.4195701
-3.574976 -10.902763 1.4193012
-3.5749059 -10.856884 1.4189947
-3.5748508 -10.820539 1.4187516
-3.5747964 -10.784326 1.4195138
-3.5747335 -10.742962 1.4202039
-3.5746737 -10.703122 1.4189342
-3.5746148 -10.664723 1.4196098
-3.5745497 -10.621469 1.4195321
-3.5744867 -10.580301 1.4198803
-3.5744259 -10.540263 1.419558
-3.5743604 -10.496786 1.4192082
-3.574297 -10.455536 1.4201612
-3.5742364 -10.415692 1.4198134
-3.5741801 -10.377504 1.4194798
-3.5741234 -10.340605 1.4203578
-3.574064 -10.301431 1.419989
-3.5740006 -10.2596 1.4195955
-3.57394 -10.219742 1.4205655
-3.5738816 -10.181736 1.4197385
-3.573822 -10.141556 1.420274
-3.5737603 -10.1005 1.420177
-3.5736995 -10.061209 1.4201005
-3.5708034 -10.015983 1.4200156
-3.5391643 -10.004594 1.4198134
-6.4612923 -12.586962 1.4595931
-6.4612241 -12.542233 1.4619426
-6.461163 -12.50149 1.4586294
-6.4610982 -12.45867 1.4609388
-3.5773463 -12.468714 1.4616303
-6.4610372 -12.418221 1.4604394
-3.577281 -12.425522 1.4609877
-6.4609776 -12.378617 1.4599773
-3.5772171 -12.383278 1.4603596
-6.4609194 -12.339842 1.4594984
-3.5771549 -12.341952 1.459745
-6.4608617 -12.301862 1.4590554
-3.5770936 -12.301514 1.4591436
-6.4608068 -12.265679 1.4609456
-3.5770338 -12.261935 1.4635834
-6.4607368 -12.219238 1.4600822
-3.5769751 -12.223188 1.457979
-6.4606695 -12.174875 1.4599363
-3.5769176 -12.185249 1.4623382
-6.4606194 -12.141152 1.4617532
-3.5768616 -12.14809 1.456862
-6.4605517 -12.096546 1.4593914
-3.5768065 -12.111689 1.461144
-6.4604912 -12.056418 1.4607581
-3.5767293 -12.060489 1.4603125
-6.4604292 -12.016047 1.4590596
-3.5766482 -12.006806 1.4594409
-6.4603686 -11.975698 1.4597993
-3.5765972 -11.973215 1.4588957
-6.4603138 -11.939226 1.458756
-3.5765476 -11.940275 1.4583608
-6.4602561 -11.901194 1.4607729
-3.5764987 -11.907969 1.4578362
-6.4601965 -11.862546 1.460042
-3.5764246 -11.859001 1.4615197
-6.4601312 -11.819416 1.4601648
-3.5763576 -11.814668 1.4607394
-6.4600687 -11.778563 1.4602357
-3.5763123 -11.784719 1.4602122
-6.4600091 -11.738669 1.4589151
-3.5762434 -11.739282 1.4594125
-6.4599466 -11.697915 1.4590873
-3.5761814 -11.698105 1.4629467
-6.4598875 -11.659131 1.4605827
-3.5761185 -11.65659 1.4600489
-6.4598284 -11.620431 1.4607176
-3.5760574 -11.616046 1.4572433
-3.5759978 -11.57667 1.4586058
-3.5759397 -11.538193 1.459914
-3.5758827 -11.500793 1.461208
-3.575809 -11.452307 1.4602551
-3.5757556 -11.416937 1.4614899
-3.5757034 -11.38252 1.4588683
-3.5756376 -11.338847 1.4599023
-3.5755713 -11.295543 1.459022
-3.5755069 -11.252639 1.4599684
-3.5754435 -11.211066 1.460899
-3.5753839 -11.171648 1.460044
-3.5753257 -11.133391 1.4592143
-3.5752704 -11.097081 1.4601523
-3.5752161 -11.060978 1.4593443
-3.5751495 -11.017329 1.4589167
-3.5750856 -10.97509 1.4606943
-3.575036 -10.942375 1.4599177
-3.574976 -10.902757 1.4605585
-3.5749061 -10.85689 1.4594383
-3.5748496 -10.819422 1.458523
-3.5747967 -10.784328 1.4606783
-3.5747325 -10.742284 1.4606221
-3.5746732 -10.703122 1.4595511
-3.5746148 -10.664723 1.4594934
-3.5745516 -10.622306 1.4599627
-3.5744872 -10.580299 1.459973
-3.5744274 -10.541003 1.4597636
-3.5743623 -10.497142 1.4598194
-3.5742965 -10.455196 1.4598796
-3.5742371 -10.415692 1.4599574
-3.5741794 -10.377227 1.4600065
-3.5741241 -10.340869 1.460071
-3.5740645 -10.301435 1.4599915
-3.5740004 -10.259225 1.4595497
-3.5739403 -10.219387 1.4604695
-3.5738828 -10.181415 1.4595951
-3.5738225 -10.141932 1.4601215
-3.5737603 -10.100563 1.4600322
-3.5737004 -10.061699 1.4595866
-3.5709848 -10.01637 1.4602928
-3.5391648 -10.004595 1.4607458
-6.4612899 -12.585403 1.5000691
-6.4612222 -12.540709 1.5019437
-6.4611607 -12.499999 1.4982276
-6.4610982 -12.458671 1.5025361
-3.5773461 -12.468715 1.4988041
-6.4610395 -12.419649 1.4988776
-3.577281 -12.425522 1.4977493
-6.4609771 -12.378618 1.5007006
-3.5772171 -12.383278 1.5019114
-6.4609189 -12.339842 1.4997984
-3.5771546 -12.341952 1.495708
-6.4608612 -12.301862 1.4989407
-3.5770936 -12.301514 1.4998028
-6.4608059 -12.264656 1.5030227
-3.5770338 -12.261935 1.5038105
-6.4607358 -12.219238 1.4990655
-3.5769751 -12.223188 1.4977828
-6.4606695 -12.174875 1.4984353
-3.5769176 -12.185249 1.5017282
-6.4606171 -12.140198 1.5023817
-3.5768616 -12.14809 1.4958462
-6.4605532 -12.097829 1.5001367
-3.5768065 -12.111689 1.4997308
-6.4604897 -12.055511 1.5003904
-3.5767264 -12.058546 1.5006752
-6.4604316 -12.01728 1.4988668
-3.576648 -12.006806 1.5015631
-6.460371 -11.97743 1.5004565
-3.5765972 -11.973215 1.5006051
-6.4603105 -11.936961 1.4992267
-3.5765476 -11.940275 1.4996657
-6.4602532 -11.899539 1.5009259
-3.5764987 -11.907969 1.4987445
-6.4601998 -11.86471 1.4994652
-3.5764275 -11.860729 1.4996271
-6.460134 -11.821515 1.4990594
-3.5763576 -11.814668 1.5005016
-6.4600711 -11.779544 1.5000865
-3.5763123 -11.784719 1.4996068
-6.4600072 -11.737712 1.4997106
-3.5762458 -11.740885 1.5004456
-6.4599466 -11.697916 1.5007023
-3.5761814 -11.698105 1.5012776
-6.4598861 -11.658218 1.5003165
-3.5761206 -11.658109 1.5000277
-6.4598303 -11.621321 1.4998947
-3.5760574 -11.616046 1.4987135
-3.5759978 -11.57667 1.4995387
-3.5759397 -11.538191 1.5003214
-3.5758827 -11.500793 1.5011051
-3.5758095 -11.452307 1.4994907
-3.5757556 -11.416937 1.5002427
-3.5757058 -11.383551 1.4991084
-3.5756342 -11.336849 1.5012878
-3.5755689 -11.293607 1.4997596
-3.5755067 -11.252638 1.5001304
-3.5754468 -11.212885 1.5005039
-3.5753853 -11.172531 1.5007869
-3.5753272 -11.134248 1.4993559
-3.5752695 -11.09625 1.4996606
-3.5752163 -11.060978 1.5000187
-3.57515 -11.017324 1.4999859
-3.5750859 -10.97509 1.4999627
-3.5750351 -10.941755 1.5002329
-3.5749762 -10.90276 1.4997
-3.5749061 -10.856882 1.4998815
-3.5748513 -10.819979 1.499851
-3.5747967 -10.784322 1.4998344
-3.5747349 -10.743636 1.499979
-3.5746732 -10.703122 1.5001681
-3.5746155 -10.664723 1.4993765
-3.5745492 -10.621059 1.5004203
-3.5744867 -10.580297 1.4991547
-3.5744264 -10.540262 1.4999269
-3.5743628 -10.497496 1.5004529
-3.574297 -10.455534 1.4996183
-3.5742371 -10.415692 1.5001009
-3.5741799 -10.377503 1.5005504
-3.5741241 -10.341133 1.499802
-3.5740643 -10.301431 1.499993
-3.5740011 -10.2596 1.4999454
-3.573941 -10.219743 1.4999089
-3.5738823 -10.181733 1.4998742
-3.573822 -10.141683 1.4999892
-3.573761 -10.100616 1.4998685
-3.5737 -10.061538 1.4997705
-3.5709848 -10.016489 1.4999721
-3.5391641 -10.004595 1.4997293
-6.4612875 -12.583845 1.5404984
-6.4612274 -12.543757 1.5388422
-6.4611607 -12.499999 1.5402759
-6.4610963 -12.457209 1.5416635
-3.5773463 -12.468714 1.5359781
-6.4610372 -12.418219 1.5376198
-3.577281 -12.425522 1.5397623
-6.4609776 -12.378618 1.5414238
-3.5772171 -12.383278 1.5434632
-6.4609189 -12.339841 1.5400984
-3.5771546 -12.341952 1.5368087
-6.4608617 -12.301862 1.538826
-3.5770936 -12.301514 1.540462
-6.4608054 -12.264656 1.5425016
-3.5770338 -12.261935 1.5440376
-6.4607368 -12.219234 1.5396736
-3.5769751 -12.223188 1.537587
-6.4606681 -12.173903 1.539434
-3.5769176 -12.185249 1.5411181
-6.4606171 -12.140198 1.5405021
-3.5768616 -12.14809 1.5397035
-6.4605556 -12.099123 1.5409265
-3.5768065 -12.111689 1.5383178
-6.4604926 -12.057327 1.5420449
-3.5767238 -12.056605 1.5409688
-6.4604282 -12.014823 1.538738
-3.576648 -12.006806 1.539005
-6.4603696 -11.976563 1.5391706
-3.5765972 -11.973215 1.5423148
-6.4603138 -11.939225 1.5395904
-3.5765476 -11.940275 1.5409708
-6.4602561 -11.901194 1.540673
-3.5764987 -11.907969 1.5396526
-6.4601965 -11.862546 1.5389931
-3.5764275 -11.86073 1.5399551
-6.4601316 -11.81949 1.5394982
-3.5763576 -11.814668 1.5402641
-6.4600677 -11.777574 1.5399898
-3.5763123 -11.784719 1.5390013
-6.4600058 -11.736751 1.5404688
-3.5762482 -11.742489 1.5415404
-6.4599457 -11.696979 1.5409353
-3.5761814 -11.698105 1.5396082
-6.4598875 -11.659131 1.5400037
-3.5761185 -11.65659 1.5399117
-6.4598298 -11.621321 1.5404646
-3.5760574 -11.616046 1.5401834
-3.5759976 -11.57667 1.5404712
-3.5759397 -11.538191 1.5407289
-3.5758832 -11.500793 1.5410024
-3.575808 -11.451221 1.5406283
-3.5757561 -11.416936 1.5389955
-3.5757027 -11.381487 1.5411344
-3.5756359 -11.337848 1.5408728
-3.575572 -11.295543 1.540634
-3.5755072 -11.252639 1.5402923
-3.5754442 -11.211065 1.5399749
-3.575387 -11.173413 1.5415708
-3.5753272 -11.134248 1.5412303
-3.5752709 -11.09708 1.5392323
-3.5752163 -11.060975 1.5406933
-3.5751495 -11.017329 1.5410559
-3.5750849 -10.974452 1.5408247
-3.5750363 -10.942374 1.5405989
-3.574976 -10.902761 1.5398996
-3.5749049 -10.856097 1.5392891
-3.5748513 -10.81998 1.5396396
-3.5747972 -10.784328 1.5389907
-3.5747337 -10.742964 1.5394124
-3.5746739 -10.703125 1.5398183
-3.5746155 -10.664723 1.5392599
-3.5745504 -10.62168 1.5401779
-3.5744865 -10.579772 1.539248
-3.5744264 -10.540438 1.5394715
-3.5743616 -10.496785 1.5397116
-3.5742967 -10.455373 1.5399982
-3.5742373 -10.415218 1.5395977
-3.5741801 -10.377502 1.5398604
-3.5741243 -10.340462 1.5400879
-3.574064 -10.301024 1.5395105
-3.5740013 -10.259787 1.5399026
-3.5739408 -10.219741 1.5398093
-3.5738828 -10.181733 1.5397273
-3.5738232 -10.142183 1.5398368
-3.573761 -10.100677 1.539721
-3.5737004 -10.061377 1.5399415
-3.5708032 -10.015983 1.5402362
-3.5394747 -10.004595 1.5391295
-6.4612923 -12.586962 1.5778368
-6.4612246 -12.542233 1.5788434
-6.4611607 -12.499999 1.5823241
-6.4610982 -12.45867 1.5805167
-3.5773463 -12.468714 1.5784625
-6.4610372 -12.418219 1.5787753
-3.577281 -12.425522 1.5817752
-6.4609776 -12.378618 1.582147
-3.5772171 -12.383278 1.5798211
-6.4609189 -12.339841 1.5803981
-3.5771546 -12.341952 1.5779094
-6.4608612 -12.301862 1.5787113
-3.5770936 -12.301514 1.5811211
-6.4608054 -12.264656 1.5819806
-3.5770338 -12.261935 1.5842646
-6.4607372 -12.219238 1.5802807
-3.5769751 -12.223188 1.5773911
-6.4606695 -12.174875 1.5802337
-3.5769176 -12.185249 1.580508
-6.460618 -12.140199 1.5786226
-3.5768616 -12.14809 1.5835607
-6.4605536 -12.097835 1.5801746
-3.5768065 -12.111689 1.5769045
-6.4604912 -12.056418 1.5816771
-3.5767264 -12.058546 1.5814157
-6.4604306 -12.016047 1.5785463
-3.576648 -12.006806 1.5811272
-6.4603701 -11.976564 1.5800464
-3.5765972 -11.973215 1.57939
-6.4603105 -11.936963 1.5800056
-3.5765474 -11.940275 1.5822759
-6.4602532 -11.899539 1.5807855
-3.5764987 -11.907969 1.5805609
-6.4601979 -11.863589 1.5799247
-3.576427 -11.860729 1.5802833
-6.4601331 -11.820508 1.5798817
-3.5763576 -11.814668 1.5800264
-6.4600701 -11.778563 1.5798395
-3.5763123 -11.784719 1.578396
-6.4600067 -11.737716 1.5797986
-3.5762434 -11.739281 1.5802373
-6.4599471 -11.697917 1.5797586
-3.5761814 -11.698105 1.582198
-6.459888 -11.659134 1.5797197
-3.5761163 -11.655071 1.5797377
-6.4598298 -11.621321 1.5810344
-3.576057 -11.616046 1.5816534
-3.5759954 -11.57523 1.5792639
-3.5759397 -11.538191 1.5811366
-3.5758827 -11.500793 1.5808995
-3.57581 -11.452305 1.581869
-3.5757561 -11.416936 1.5777483
-3.5757041 -11.382519 1.5813744
-3.5756364 -11.337847 1.5785463
-3.5755692 -11.293606 1.5813134
-3.5755074 -11.252638 1.580454
-3.5754471 -11.212885 1.5796342
-3.5753844 -11.171647 1.5804232
-3.5753288 -11.135105 1.5814258
-3.5752716 -11.097081 1.5804981
-3.5752151 -11.060166 1.5796096
-3.57515 -11.017328 1.5810157
-3.5750864 -10.97509 1.5817595
-3.575037 -10.942374 1.5793313
-3.5749767 -10.902759 1.5800986
-3.5749073 -10.857631 1.5797305
-3.5748515 -10.819979 1.5794283
-3.5747962 -10.783621 1.5791385
-3.5747347 -10.742961 1.5798051
-3.5746737 -10.703122 1.579468
-3.574616 -10.664722 1.5791432
-3.5745509 -10.621885 1.5799325
-3.5744889 -10.580822 1.57934
-3.5744274 -10.540812 1.5796486
-3.5743623 -10.496971 1.5796937
-3.574297 -10.455535 1.5803604
-3.5742383 -10.41569 1.5791235
-3.5741799 -10.377359 1.5797876
-3.5741253 -10.341002 1.579807
-3.5740647 -10.301435 1.5799884
-3.5740013 -10.259407 1.5793794
-3.573941 -10.219742 1.580158
-3.5738833 -10.181572 1.579589
-3.573822 -10.141626 1.5800586
-3.5737605 -10.100446 1.5799112
-3.5737004 -10.061266 1.5797803
-3.570986 -10.016428 1.5804894
-3.5388684 -10.004598 1.5800097
-6.4612899 -12.585402 1.618266
-6.4612241 -12.542233 1.6213527
-6.4611583 -12.498507 1.6218451
-6.4611006 -12.46013 1.6194136
-3.5773463 -12.468714 1.6209469
-6.4610372 -12.418219 1.6199309
-3.577281 -12.425522 1.6237881
-6.4609776 -12.378618 1.6228702
-3.5772171 -12.383278 1.6161789
-6.4609189 -12.339841 1.6206981
-3.5771546 -12.341952 1.6190101
-6.4608612 -12.301862 1.6185966
-3.5770936 -12.301514 1.6217804
-6.4608054 -12.264656 1.62146
-3.5770338 -12.261935 1.6244917
-6.4607368 -12.219238 1.619264
-3.5769751 -12.223188 1.6171951
-6.4606705 -12.175849 1.6210679
-3.5769176 -12.185249 1.619898
-6.4606161 -12.139245 1.6191962
-3.5768616 -12.14809 1.622545
-6.4605513 -12.096548 1.619378
-3.5768065 -12.111689 1.6203148
-6.4604912 -12.056419 1.6188828
-3.5767264 -12.058546 1.6194224
-6.4604311 -12.016052 1.6199063
-3.576648 -12.006806 1.6232492
-6.4603696 -11.976563 1.6209224
-3.5765972 -11.973215 1.6210995
-6.4603138 -11.939226 1.6204249
-3.5765474 -11.940275 1.6189916
-6.4602561 -11.901195 1.6205734
-3.5764985 -11.907969 1.6214693
-6.4601979 -11.863585 1.6194136
-3.5764275 -11.860729 1.6206114
-6.460135 -11.821516 1.6203043
-3.5763576 -11.814668 1.6197889
-6.4600711 -11.779544 1.6197277
-3.5763123 -11.784719 1.6177905
-6.4600072 -11.737713 1.6205517
-3.5762463 -11.740885 1.6213316
-6.4599471 -11.697916 1.6199871
-3.5761814 -11.698105 1.6205289
-6.459888 -11.659131 1.6194364
-3.5761189 -11.65659 1.6197373
-6.4598303 -11.621323 1.6202517
-3.576057 -11.616046 1.6231234
-3.5759978 -11.57667 1.6182255
-3.5759397 -11.538191 1.6215441
-3.5758827 -11.500793 1.6207969
-3.57581 -11.452305 1.6211046
-3.5757563 -11.416935 1.6203765
-3.5757041 -11.382519 1.6196575
-3.5756361 -11.337845 1.6199874
-3.5755711 -11.294573 1.6203064
-3.5755074 -11.252635 1.620616
-3.5754442 -11.211064 1.6190505
-3.5753858 -11.17253 1.6212069
-3.5753267 -11.13339 1.6196786
-3.5752714 -11.09708 1.6217636
-3.5752165 -11.060975 1.6186404
-3.57515 -11.017328 1.6209753
-3.5750864 -10.975089 1.6210278
-3.5750377 -10.942994 1.6197395
-3.5749755 -10.901976 1.6202711
-3.5749049 -10.856097 1.6201481
-3.5748522 -10.820535 1.6208063
-3.5747974 -10.784324 1.6203021
-3.5747337 -10.742284 1.6201732
-3.5746737 -10.703121 1.6200849
-3.5746162 -10.66472 1.6199757
-3.5745502 -10.621469 1.6203966
-3.5744872 -10.579791 1.6203241
-3.5744262 -10.53989 1.6205178
-3.574362 -10.496624 1.620298
-3.5742965 -10.455041 1.6207328
-3.5742378 -10.415249 1.6198944
-3.5741796 -10.377079 1.6203196
-3.5741246 -10.34034 1.6201283
-3.5740647 -10.301226 1.6204664
-3.5740018 -10.259598 1.6197954
-3.5739417 -10.219565 1.6200637
-3.573884 -10.181735 1.6194289
-3.5738227 -10.141995 1.6199098
-3.5737612 -10.100734 1.6197696
-3.5737016 -10.061592 1.61961
-3.5709591 -10.016439 1.6199737
-3.5391626 -10.004595 1.6205773
-6.4612899 -12.585403 1.6612468
-6.4612226 -12.540708 1.6612914
-6.4611626 -12.50149 1.6584361
-6.4610982 -12.45867 1.6585253
-3.5773463 -12.468714 1.6634314
-6.4610372 -12.418219 1.6610863
-3.577281 -12.425522 1.6605495
-6.4609756 -12.377219 1.6611311
-3.5772171 -12.383278 1.6577307
-6.4609189 -12.339841 1.6609981
-3.5771546 -12.341952 1.6601106
-6.4608612 -12.301862 1.6584818
-3.5770934 -12.301514 1.6624396
-6.4608054 -12.264657 1.6609392
-3.5770335 -12.261936 1.6647189
-6.4607387 -12.220622 1.6599116
-3.5769751 -12.223188 1.6569992
-6.460669 -12.174875 1.662056
-3.5769176 -12.185249 1.6592879
-6.460618 -12.140199 1.6596167
-3.5768616 -12.14809 1.6615293
-6.4605541 -12.097829 1.660183
-3.5768065 -12.111689 1.6637249
-6.4604897 -12.05551 1.6584727
-3.5767267 -12.058545 1.657429
-6.4604306 -12.016046 1.6612676
-3.576648 -12.006806 1.660691
-6.4603686 -11.975698 1.6595845
-3.5765972 -11.973215 1.6628091
-6.46031 -11.936883 1.6592863
-3.5765471 -11.940275 1.6602962
-6.4602532 -11.899539 1.6606451
-3.5764985 -11.907969 1.6578321
-6.4601979 -11.863591 1.6589013
-3.5764275 -11.86073 1.6609395
-6.4601316 -11.81949 1.6606658
-3.5763576 -11.814668 1.6595513
-6.4600682 -11.777574 1.659556
-3.5763123 -11.784719 1.661562
-6.4600072 -11.737708 1.6598996
-3.5762455 -11.740885 1.6601878
-6.459949 -11.69885 1.6602466
-3.5761814 -11.698105 1.6588598
-6.4598875 -11.659131 1.6605222
-3.576118 -11.65659 1.6617606
-6.4598303 -11.621322 1.6594696
-3.5760572 -11.616046 1.6604464
-3.5759978 -11.57667 1.6591583
-3.5759397 -11.538191 1.6619518
-3.5758827 -11.500793 1.6606941
-3.57581 -11.452305 1.6603403
-3.5757565 -11.416935 1.6630046
-3.5757041 -11.382518 1.6579409
-3.5756364 -11.337845 1.6614281
-3.5755727 -11.295541 1.6593418
-3.5755074 -11.252635 1.6607777
-3.5754459 -11.211974 1.6604673
-3.575386 -11.172529 1.6601664
-3.5753281 -11.134247 1.6598743
-3.5752726 -11.097912 1.6614013
-3.5752165 -11.060975 1.659315
-3.57515 -11.017328 1.6609349
-3.5750866 -10.975089 1.6602955
-3.5750368 -10.942372 1.6600347
-3.5749769 -10.902757 1.6604832
-3.5749083 -10.857674 1.6596086
-3.5748508 -10.819418 1.6604772
-3.5747986 -10.785063 1.6605022
-3.5747349 -10.742961 1.6605783
-3.5746732 -10.702467 1.6596985
-3.5746162 -10.664721 1.6608088
-3.5745506 -10.62168 1.6601512
-3.5744884 -10.580296 1.6604267
-3.5744288 -10.541207 1.6600366
-3.5743637 -10.497849 1.660259
-3.5742996 -10.456025 1.6604648
-3.574239 -10.41569 1.6606555
-3.5741806 -10.377502 1.6602339
-3.5741255 -10.341277 1.6604407
-3.574065 -10.301437 1.6599878
-3.5740016 -10.25941 1.660205
-3.5739417 -10.219741 1.6599542
-3.5738847 -10.181737 1.6597197
-3.5738227 -10.141993 1.6597863
-3.573761 -10.100558 1.6596023
-3.5737016 -10.061538 1.6597904
-3.5710108 -10.016537 1.659655
-6.4612875 -12.583845 1.7016124
-6.4612269 -12.543756 1.6983149
-6.4611607 -12.499998 1.697957
-6.4610982 -12.458671 1.7001226
-3.5773461 -12.468715 1.7006054
-6.4610372 -12.418219 1.702242
-3.577281 -12.425522 1.6973108
-6.460978 -12.378618 1.6992131
-3.5772171 -12.383278 1.6992824
-6.4609189 -12.339841 1.701298
-3.5771546 -12.341952 1.7012115
-6.4608612 -12.301863 1.6983672
-3.5770934 -12.301514 1.7030987
-6.4608059 -12.264657 1.7004182
-3.5770333 -12.261936 1.6999178
-6.4607368 -12.219238 1.7004957
-3.5769751 -12.223188 1.6968036
-6.4606695 -12.174875 1.7005551
-3.5769176 -12.185249 1.6986778
-6.460619 -12.141152 1.700071
-3.5768616 -12.14809 1.7005136
-6.4605536 -12.097835 1.6994098
-3.5768065 -12.111689 1.702312
-6.4604921 -12.057328 1.7002119
-3.5767262 -12.058546 1.7001867
-6.4604301 -12.016049 1.6995645
-3.576648 -12.006806 1.6981331
-6.460371 -11.97743 1.700346
-3.5765972 -11.973215 1.6998843
-6.4603133 -11.939139 1.6997594
-3.5765474 -11.940275 1.7016016
-6.4602561 -11.901194 1.7004737
-3.5764985 -11.907969 1.6987404
-6.4601998 -11.864626 1.6998991
-3.576427 -11.86073 1.7012678
-6.460134 -11.820508 1.701088
-3.5763574 -11.814669 1.6993138
-6.4600701 -11.778563 1.6994435
-3.5763123 -11.784719 1.7009567
-6.4600067 -11.737712 1.699247
-3.5762458 -11.740885 1.6990442
-6.4599457 -11.696978 1.6990242
-3.5761814 -11.698105 1.7014496
-6.4598894 -11.660041 1.700282
-3.5761206 -11.658109 1.7018391
-6.4598298 -11.621321 1.7000395
-3.576057 -11.616046 1.6977695
-3.5759976 -11.57667 1.700091
-3.5759397 -11.538191 1.7023594
-3.5758827 -11.500793 1.7005917
-3.57581 -11.452306 1.6995757
-3.5757565 -11.416935 1.7017577
-3.5757043 -11.382518 1.7000524
-3.5756366 -11.337845 1.6991017
-3.5755699 -11.293603 1.6999367
-3.5755074 -11.252633 1.7009395
-3.5754459 -11.211974 1.7000189
-3.575386 -11.172528 1.6991258
-3.5753279 -11.134248 1.7017485
-3.5752702 -11.096247 1.6990455
-3.5752165 -11.060975 1.6999893
-3.5751505 -11.017327 1.7008947
-3.5750866 -10.975087 1.6995635
-3.5750363 -10.941751 1.7002975
-3.5749786 -10.903579 1.6996807
-3.5749061 -10.856132 1.6999722
-3.5748525 -10.820535 1.7004037
-3.5747962 -10.783618 1.6995808
-3.5747361 -10.743635 1.7010206
-3.5746744 -10.70312 1.6993728
-3.574616 -10.664721 1.7006922
-3.5745497 -10.621058 1.6998856
-3.5744894 -10.580822 1.6996497
-3.5744264 -10.540092 1.7002062
-3.5743616 -10.496431 1.6995318
-3.5743005 -10.455698 1.7002037
-3.5742397 -10.415689 1.7007995
-3.5741804 -10.377501 1.6995438
-3.5741255 -10.341002 1.7001598
-3.5740654 -10.301428 1.6999893
-3.5740013 -10.259225 1.7001427
-3.5739405 -10.219384 1.6998473
-3.573884 -10.181734 1.7000107
-3.5738227 -10.141808 1.6999815
-3.5737612 -10.100678 1.6998047
-3.5737019 -10.061484 1.6999674
-6.4612923 -12.586962 1.7390782
-6.4612241 -12.542233 1.7382536
-6.4611607 -12.499998 1.7400054
-6.4610982 -12.458671 1.7417196
-3.5773461 -12.468714 1.7377794
-6.4610353 -12.416789 1.7408788
-3.577281 -12.425522 1.7393237
-6.4609776 -12.378618 1.7399362
-3.5772171 -12.383278 1.7408342
-6.4609189 -12.339841 1.7415979
-3.5771546 -12.341952 1.742312
-6.4608612 -12.301863 1.7382526
-3.5770934 -12.301514 1.7437578
-6.4608054 -12.264657 1.7398974
-3.5770335 -12.261936 1.7351165
-6.4607344 -12.217859 1.7410312
-3.5769751 -12.223189 1.7366076
-6.460669 -12.174875 1.7390541
-3.5769176 -12.185249 1.7380679
-6.4606175 -12.140199 1.7406344
-3.5768616 -12.14809 1.7394979
-6.4605536 -12.097837 1.7402056
-3.5768065 -12.111689 1.7408988
-6.4604912 -12.056419 1.7398018
-3.5767262 -12.058545 1.7429441
-6.4604301 -12.016053 1.739393
-3.576648 -12.006806 1.7402551
-6.4603686 -11.975698 1.741315
-3.5765972 -11.973215 1.7369595
-6.46031 -11.936881 1.7400633
-3.5765474 -11.940275 1.7383171
-6.4602532 -11.899539 1.7405049
-3.5764985 -11.907969 1.7396487
-6.4601965 -11.862546 1.7407571
-3.576427 -11.860728 1.7415957
-6.4601336 -11.820502 1.7400476
-3.5763574 -11.814669 1.7390763
-6.4600687 -11.778561 1.7407354
-3.5763123 -11.784719 1.7403513
-6.4600077 -11.737716 1.7399998
-3.5762482 -11.742489 1.7402394
-6.4599476 -11.697916 1.7392837
-3.5761814 -11.698105 1.7397803
-6.4598875 -11.659131 1.7399666
-3.5761163 -11.65507 1.7393475
-6.4598303 -11.621321 1.7406095
-3.576057 -11.616046 1.7392395
-3.5759978 -11.57667 1.7410237
-3.5759397 -11.538191 1.7427671
-3.5758827 -11.500793 1.7404888
-3.57581 -11.452305 1.7388113
-3.5757565 -11.416935 1.7405106
-3.5757041 -11.382518 1.742164
-3.5756366 -11.337845 1.7405425
-3.5755711 -11.294572 1.7389721
-3.5755076 -11.252633 1.7411015
-3.5754461 -11.211974 1.7395703
-3.575386 -11.172528 1.7416267
-3.5753284 -11.134247 1.7401333
-3.5752716 -11.097079 1.7386829
-3.5752165 -11.060975 1.740664
-3.5751507 -11.017326 1.7408543
-3.5750866 -10.975086 1.7388315
-3.5750372 -10.942371 1.7407159
-3.5749767 -10.901973 1.7408285
-3.5749083 -10.856881 1.7394176
-3.574851 -10.819419 1.7400349
-3.5747979 -10.78432 1.7407826
-3.574734 -10.74225 1.7393414
-3.5746744 -10.70312 1.7399896
-3.5746162 -10.664721 1.7405753
-3.5745506 -10.621679 1.7396557
-3.5744874 -10.57979 1.7405722
-3.5744283 -10.540631 1.7397393
-3.5743628 -10.497137 1.7401581
-3.5742991 -10.454852 1.7392486
-3.5742397 -10.41569 1.7409428
-3.5741806 -10.377501 1.7388538
-3.5741243 -10.34034 1.7404361
-3.574065 -10.301014 1.7395039
-3.5740023 -10.259967 1.7405663
-3.5739419 -10.21974 1.7397461
-3.5738847 -10.181894 1.7398704
-3.5738227 -10.141743 1.7402024
-3.5737603 -10.100213 1.739988
-3.5737021 -10.061376 1.7398003
-6.4612899 -12.585402 1.7794436
-6.461225 -12.542233 1.780763
-6.4611588 -12.498507 1.7794653
-6.4610963 -12.45721 1.7807558
-3.5773461 -12.468714 1.7802639
-6.4610372 -12.418219 1.779395
-3.577281 -12.425522 1.7813368
-6.4609776 -12.378618 1.7806596
-3.5772171 -12.383278 1.7823861
-6.4609189 -12.339842 1.7818978
-3.5771546 -12.341952 1.7834125
-6.4608612 -12.301863 1.7781379
-3.5770934 -12.301514 1.784417
-6.4608054 -12.264657 1.7793765
-3.5770335 -12.261936 1.7753434
-6.4607368 -12.219238 1.7816944
-3.5769751 -12.223189 1.7764118
-6.4606681 -12.173903 1.7799865
-3.5769176 -12.185249 1.7774577
-6.460618 -12.140198 1.7787549
-3.5768614 -12.14809 1.7784822
-6.4605536 -12.097835 1.7810017
-3.5768065 -12.111689 1.7794857
-6.4604897 -12.05551 1.7793596
-3.5767264 -12.058546 1.7809509
-6.4604306 -12.016047 1.7807542
-3.576648 -12.006806 1.7823775
-6.4603701 -11.976564 1.7798733
-3.5765972 -11.973215 1.7786691
-6.4603119 -11.938048 1.7790211
-3.5765471 -11.940275 1.7796223
-6.4602561 -11.901194 1.7803741
-3.5764985 -11.907969 1.780557
-6.4601979 -11.863592 1.7817539
-3.5764296 -11.862457 1.7798917
-6.4601336 -11.820508 1.7790062
-3.5763574 -11.814669 1.7788384
-6.4600697 -11.778558 1.7806034
-3.5763121 -11.784719 1.7797459
-6.4600072 -11.737712 1.7807527
-3.5762432 -11.739282 1.778735
-6.4599471 -11.697919 1.7795115
-3.5761814 -11.698105 1.7781112
-6.4598861 -11.658218 1.7796156
-3.5761189 -11.65659 1.7794259
-6.4598303 -11.621321 1.7811793
-3.576057 -11.616046 1.7807095
-3.5759978 -11.576671 1.7819564
-3.5759397 -11.538191 1.7831748
-3.5758827 -11.500792 1.7803862
-3.5758095 -11.452306 1.7780472
-3.5757565 -11.416935 1.7792635
-3.5757041 -11.382518 1.7804472
-3.5756366 -11.337845 1.7819837
-3.5755711 -11.294571 1.7797636
-3.5755081 -11.252633 1.7812632
-3.5754466 -11.211973 1.7791218
-3.5753865 -11.172526 1.780586
-3.5753281 -11.134247 1.7785178
-3.5752723 -11.097077 1.7799486
-3.575217 -11.060974 1.7813382
-3.5751507 -11.017325 1.7808138
-3.5750868 -10.975086 1.7780995
-3.5750372 -10.942371 1.779448
-3.5749774 -10.902754 1.7810811
-3.574908 -10.856881 1.7798609
-3.5748529 -10.820533 1.7800008
-3.5747976 -10.784321 1.7799388
-3.5747349 -10.742961 1.7788012
-3.5746744 -10.70312 1.7806066
-3.5746155 -10.664148 1.7813426
-3.5745509 -10.621678 1.7787169
-3.5744886 -10.580294 1.7807049
-3.5744283 -10.54063 1.7799311
-3.5743637 -10.49769 1.7801605
-3.5743008 -10.455531 1.779009
-3.57424 -10.41569 1.7810864
-3.5741816 -10.377928 1.7788154
-3.5741255 -10.340867 1.7801733
-3.5740654 -10.301431 1.779984
-3.5740025 -10.259601 1.7800498
-3.5739417 -10.21974 1.7800947
-3.573885 -10.181731 1.7801582
-3.5738225 -10.141614 1.7800472
-6.4612875 -12.583845 1.8197623
-6.4612226 -12.540708 1.8206393
-6.4611607 -12.499999 1.8188319
-6.4610982 -12.458671 1.8197004
-3.5773461 -12.468714 1.8227482
-6.4610372 -12.418221 1.8205506
-3.577281 -12.425522 1.8233497
-6.4609776 -12.378618 1.8213829
-3.5772171 -12.383278 1.8239378
-6.4609189 -12.339842 1.8221977
-3.5771546 -12.341952 1.8245132
-6.4608622 -12.301863 1.8180232
-3.5770934 -12.301514 1.819994
-6.4608054 -12.264657 1.8188558
-3.5770335 -12.261936 1.8155706
-6.4607368 -12.219238 1.8206778
-3.5769751 -12.223188 1.8162159
-6.4606695 -12.174876 1.8208526
-3.5769176 -12.185249 1.8168477
-6.4606156 -12.139244 1.8192741
-3.5768614 -12.14809 1.8174665
-6.4605536 -12.09783 1.8202288
-3.5768065 -12.11169 1.8180726
-6.4604931 -12.057327 1.8211629
-3.5767262 -12.058545 1.8189576
-6.4604301 -12.016051 1.8190513
-3.576648 -12.006806 1.8198193
-6.460371 -11.97743 1.8184626
-3.5765972 -11.973215 1.8203785
-6.4603119 -11.938055 1.8194239
-3.5765474 -11.940275 1.8209273
-6.4602532 -11.899539 1.8203646
-3.5764985 -11.907969 1.8214653
-6.4601979 -11.863585 1.8212425
-3.5764246 -11.859002 1.819803
-6.460134 -11.820504 1.8208516
-3.5763574 -11.814669 1.8186009
-6.4600692 -11.778563 1.8190473
-3.5763123 -11.784719 1.8191407
-6.4600077 -11.737708 1.8201007
-3.5762458 -11.740885 1.8199304
-6.4599471 -11.697916 1.8197397
-3.5761814 -11.698105 1.820701
-6.4598875 -11.659131 1.8193876
-3.5761185 -11.65659 1.821449
-6.4598298 -11.62132 1.8217493
-3.576057 -11.616046 1.8221794
-3.5759978 -11.57667 1.8228891
-3.5759397 -11.538191 1.8235823
-3.5758808 -11.499424 1.818086
-3.57581 -11.452306 1.8172827
-3.5757561 -11.416936 1.8180164
-3.5757041 -11.382518 1.8187306
-3.5756366 -11.337845 1.8196573
-3.5755711 -11.294572 1.8205553
-3.5755081 -11.252633 1.8214251
-3.5754468 -11.211972 1.8186733
-3.5753863 -11.172524 1.8195454
-3.5753281 -11.134247 1.8203921
-3.5752723 -11.097077 1.8212143
-3.5752172 -11.060974 1.8220128
-3.57515 -11.016423 1.8217797
-3.5750868 -10.975086 1.8173674
-3.5750372 -10.942371 1.8181804
-3.5749779 -10.902754 1.8191648
-3.5749083 -10.856883 1.8203043
-3.574851 -10.819417 1.8195924
-3.5747979 -10.784319 1.819095
-3.5747349 -10.742961 1.8201792
-3.5746746 -10.703119 1.8212233
-3.5746167 -10.66472 1.8222299
-3.5745523 -10.622482 1.8192513
-3.5744886 -10.580294 1.8189752
-3.5744283 -10.540629 1.820123
-3.5743625 -10.496621 1.8193738
-3.5743008 -10.45553 1.8200223
-3.5742397 -10.415689 1.8212299
-3.5741804 -10.377099 1.820509
-3.5741253 -10.340867 1.8186833
-3.5740666 -10.30143 1.819986
-3.574002 -10.259225 1.8195065
-3.5739415 -10.219739 1.820443
-6.4612899 -12.585403 1.8600175
-6.461225 -12.542233 1.8604534
-6.4611611 -12.499999 1.8608803
-6.4610982 -12.458671 1.8612976
-3.5773461 -12.468715 1.8599221
-6.4610372 -12.418219 1.8617061
-3.5772808 -12.425522 1.8601109
-6.460978 -12.37862 1.862106
-3.5772171 -12.383278 1.8602957
-6.4609213 -12.341211 1.8599709
-3.5771549 -12.341952 1.8604761
-6.4608622 -12.301863 1.8579084
-3.5770934 -12.301514 1.8555706
-6.4608059 -12.264657 1.8583348
-3.5770335 -12.261936 1.8557976
-6.4607368 -12.219239 1.8596611
-3.5769749 -12.223188 1.85602
-6.4606705 -12.174876 1.8593514
-3.5769176 -12.185249 1.8562376
-6.4606175 -12.140199 1.8597491
-3.5768614 -12.14809 1.8564508
-6.4605536 -12.097833 1.8594559
-3.5768063 -12.11169 1.8566594
-6.4604912 -12.056419 1.8607208
-3.576726 -12.058545 1.8569643
-6.4604306 -12.016054 1.85888
-3.5766478 -12.006806 1.8572612
-6.4603686 -11.975697 1.8593699
-3.5765972 -11.973215 1.8574538
-6.4603119 -11.938048 1.8598269
-3.5765471 -11.940275 1.8576428
-6.4602561 -11.901195 1.8602742
-3.5764985 -11.907969 1.857828
-6.4601979 -11.863591 1.8607305
-3.576427 -11.86073 1.858099
-6.4601331 -11.8205 1.8612537
-3.5763574 -11.814669 1.8583633
-6.4600687 -11.778561 1.8603389
-3.5763121 -11.784719 1.8585351
-6.4600072 -11.737712 1.8594481
-3.5762455 -11.740887 1.8587865
-6.4599471 -11.697916 1.8613546
-3.5761812 -11.698105 1.8590319
-6.459888 -11.659133 1.8604734
-3.5761185 -11.65659 1.85927
-6.4598298 -11.621321 1.8623194
-3.5760572 -11.616046 1.8595026
-3.5759976 -11.57667 1.8597283
-3.5759397 -11.538191 1.8599491
-3.5758827 -11.500793 1.8561739
-3.57581 -11.452305 1.8565181
-3.5757561 -11.416936 1.8567696
-3.5757043 -11.382518 1.8608421
-3.5756366 -11.337845 1.8610982
-3.5755713 -11.294571 1.8613466
-3.5755079 -11.252633 1.861587
-3.5754468 -11.211971 1.8618203
-3.5753868 -11.172524 1.8620467
-3.5753286 -11.134246 1.8622665
-3.5752723 -11.097076 1.8624798
-3.5752172 -11.060974 1.862687
-3.5751512 -11.017323 1.8629377
-3.5750868 -10.975087 1.8599079
-3.5750377 -10.942369 1.8601401
-3.5749774 -10.902754 1.8604217
-3.574908 -10.85688 1.8607476
-3.574852 -10.819975 1.8610096
-3.5747981 -10.784319 1.8612629
-3.5747349 -10.742961 1.861557
-3.5746751 -10.703118 1.8618402
-3.5746167 -10.66472 1.8621126
-3.5745502 -10.620874 1.8609452
-3.5744886 -10.580293 1.8599792
-3.5744286 -10.540629 1.8603152
-3.5743632 -10.497138 1.8606833
-3.5743008 -10.45553 1.8610361
-3.5742402 -10.415689 1.8613734
-3.5741811 -10.377501 1.8616968
-3.5741255 -10.340867 1.8596003
-3.5740654 -10.30143 1.8599881
-6.4612923 -12.586962 1.9003195
-6.4612274 -12.543757 1.9003137
-6.461163 -12.501491 1.9003078
-6.4611006 -12.460131 1.9003021
-3.5773461 -12.468714 1.897096
-6.4610395 -12.419649 1.9002963
-3.5772808 -12.425522 1.8968723
-6.4609799 -12.380018 1.9002912
-3.5772171 -12.383278 1.8966534
-6.4609189 -12.339842 1.8977731
-3.5771546 -12.341952 1.8964393
-6.4608622 -12.301863 1.8977938
-3.5770934 -12.301514 1.8962297
-6.460804 -12.263634 1.9002749
-3.5770335 -12.261936 1.8960247
-6.4607368 -12.219233 1.9002687
-3.5769749 -12.223188 1.8958241
-6.4606714 -12.175849 1.9002628
-3.5769176 -12.185249 1.8956275
-6.460619 -12.141151 1.9002582
-3.5768616 -12.14809 1.900308
-6.4605532 -12.097838 1.9002521
-3.5768063 -12.11169 1.9000698
-6.4604897 -12.055511 1.9002463
-3.5767257 -12.058546 1.8997221
-6.4604297 -12.016047 1.9002407
-3.576648 -12.006806 1.8993833
-6.460371 -11.977429 1.9002353
-3.5765972 -11.973215 1.8991632
-6.4603119 -11.938055 1.9002297
-3.5765471 -11.940275 1.8989477
-6.4602532 -11.89954 1.9002242
-3.5764985 -11.907969 1.8987364
-6.4601979 -11.863585 1.9002191
-3.5764267 -11.86073 1.8984272
-6.4601331 -11.820506 1.900213
-3.5763574 -11.814669 1.8981256
-6.4600687 -11.778558 1.9002069
-3.5763123 -11.784719 1.8979295
-6.4600077 -11.737715 1.9002011
-3.5762455 -11.740885 1.8976429
-6.4599476 -11.697912 1.9001954
-3.5761809 -11.698105 1.8973627
-6.459888 -11.659134 1.9001901
-3.5761185 -11.65659 1.8970912
-6.4598303 -11.621318 1.9001845
-3.576057 -11.616046 1.8968256
-3.5759978 -11.57667 1.8965677
-3.5759397 -11.538191 1.8963159
-3.575881 -11.499671 1.898231
-3.5758097 -11.452306 1.8996774
-3.5757561 -11.416936 1.8993977
-3.5757041 -11.382518 1.9029537
-3.5756366 -11.337845 1.9025395
-3.5755711 -11.294572 1.902138
-3.5755076 -11.252633 1.901749
-3.5754466 -11.211971 1.901372
-3.5753868 -11.172525 1.901006
-3.5753288 -11.134246 1.900651
-3.5752728 -11.097076 1.9003067
-3.5752177 -11.060974 1.8999717
-3.5751517 -11.017323 1.9028974
-3.5750873 -10.975085 1.9024478
-3.5750382 -10.942371 1.9021001
-3.5749779 -10.902754 1.9016787
-3.5749087 -10.85688 1.9011909
-3.574852 -10.819974 1.9007984
-3.5747981 -10.784319 1.9004192
-3.5747354 -10.742961 1.8999795
-3.5746746 -10.702466 1.9015732
-3.5746167 -10.664719 1.9019959
-3.5745511 -10.621678 1.9014797
-3.5744886 -10.580294 1.900983
-3.5744286 -10.540629 1.9005071
-3.5743635 -10.497137 1.8999853
-3.5742996 -10.454853 1.9008375
-3.5742402 -10.415689 1.901517
-3.5741813 -10.377499 1.9010065
-3.5741262 -10.340867 1.900517
-6.4612899 -12.585403 1.9406211
-6.4612246 -12.542232 1.9401734
-6.4611611 -12.499999 1.9397349
-6.4610982 -12.45867 1.9393061
-3.5773461 -12.468714 1.9395804
-6.4610372 -12.418219 1.9388865
-3.5772808 -12.425522 1.9388852
-6.460978 -12.37862 1.9384754
-3.5772171 -12.383278 1.9382054
-6.4609189 -12.339841 1.9380732
-3.5771546 -12.341952 1.9375399
-6.4608603 -12.300818 1.940154
-3.5770934 -12.301514 1.9368889
-6.4608054 -12.264657 1.9422153
-3.5770335 -12.261936 1.9362519
-6.4607372 -12.219239 1.9408766
-3.5769749 -12.223188 1.9356282
-6.46067 -12.174876 1.9411739
-3.5769176 -12.185249 1.9399412
-6.460618 -12.140199 1.9407667
-3.5768614 -12.14809 1.9441653
-6.4605536 -12.097835 1.9410481
-3.5768063 -12.11169 1.9434801
-6.4604912 -12.056419 1.939772
-3.576726 -12.058545 1.9424795
-6.4604282 -12.014823 1.9401656
-3.5766478 -12.006807 1.9415054
-6.4603686 -11.975698 1.9411002
-3.5765972 -11.973215 1.9408729
-6.4603119 -11.938048 1.9406325
-3.5765471 -11.940275 1.9402528
-6.4602561 -11.901194 1.9401746
-3.5764985 -11.907969 1.9396446
-6.4601979 -11.863592 1.9397074
-3.5764267 -11.86073 1.9387553
-6.4601336 -11.820502 1.939172
-3.5763574 -11.814669 1.9423062
-6.4600687 -11.778563 1.938651
-3.5763123 -11.784719 1.9417013
-6.4600072 -11.737712 1.9409541
-3.5762458 -11.740885 1.9408163
-6.4599471 -11.697915 1.9390361
-3.5761809 -11.698105 1.9399525
-6.4598875 -11.659131 1.9399065
-3.5761185 -11.65659 1.9391142
-6.4598303 -11.621321 1.9380499
-3.576057 -11.616046 1.9382956
-3.5759971 -11.57667 1.9375006
-3.5759397 -11.538191 1.9367235
-3.5758827 -11.500792 1.9399414
-3.5758095 -11.452305 1.9428365
-3.5757561 -11.416936 1.9420259
-3.5757041 -11.382518 1.9412371
-3.5756366 -11.337845 1.940213
-3.5755711 -11.29457 1.9392211
-3.5755067 -11.251695 1.9402223
-3.5754468 -11.211971 1.9409236
-3.5753863 -11.172524 1.9399657
-3.5753288 -11.134246 1.939036
-3.5752728 -11.097076 1.9381332
-3.5752175 -11.060973 1.9372567
-3.5751507 -11.016313 1.9418429
-3.5750873 -10.975085 1.9417158
-3.5750382 -10.94237 1.940832
-3.5749779 -10.902753 1.9397621
-3.5749073 -10.856091 1.9396406
-3.5748522 -10.819974 1.9405868
-3.5747986 -10.784319 1.9395754
-3.5747354 -10.74296 1.9384017
-3.5746751 -10.703122 1.94016
-3.5746167 -10.664719 1.941879
-3.5745518 -10.621678 1.9405406
-3.5744891 -10.580293 1.9392534
-3.5744276 -10.54009 1.9400715
-3.5743635 -10.497136 1.9392867
-3.574302 -10.456207 1.9391477
-3.5742404 -10.415689 1.9416606
-6.461288 -12.583845 1.980876
-6.4612226 -12.540708 1.9799871
-6.4611588 -12.498507 1.9791175
-6.4610982 -12.458671 1.9809033
-3.5773461 -12.468714 1.9820651
-6.4610372 -12.418221 1.9800419
-3.5772808 -12.425522 1.9808983
-6.4609776 -12.37862 1.9791988
-3.5772171 -12.383278 1.9797571
-6.4609189 -12.339842 1.9783732
-3.5771546 -12.341952 1.9786406
-6.4608622 -12.301863 1.9825372
-3.5770934 -12.301514 1.9775481
-6.4608059 -12.264658 1.9816946
-3.5770335 -12.261936 1.9764791
-6.4607368 -12.219239 1.9798598
-3.5769749 -12.223188 1.9754324
-6.4606705 -12.174876 1.9796729
-3.5769176 -12.185249 1.984255
-6.460618 -12.140198 1.9788871
-3.5768614 -12.14809 1.9831496
-6.4605536 -12.09783 1.9802754
-3.5768063 -12.11169 1.9820669
-6.4604926 -12.057328 1.9793298
-3.576726 -12.058545 1.9804863
-6.4604321 -12.01728 1.9798026
-3.5766478 -12.006807 1.9789473
-6.4603701 -11.976564 1.9797106
-3.576597 -11.973215 1.9779482
-6.4603119 -11.938055 1.9810355
-3.5765471 -11.940275 1.9815578
-6.4602532 -11.899539 1.9800839
-3.5764985 -11.907969 1.9805529
-6.4601979 -11.863585 1.9791955
-3.576427 -11.86073 1.9790833
-6.4601336 -11.820505 1.9795741
-3.5763574 -11.814669 1.9820684
-6.4600697 -11.778561 1.9799428
-3.5763121 -11.784719 1.981096
-6.4600072 -11.737708 1.9803015
-3.5762455 -11.740885 1.9796724
-6.4599471 -11.697919 1.9792644
-3.5761809 -11.698105 1.9825424
-6.4598875 -11.659133 1.9809921
-3.5761185 -11.65659 1.9811375
-6.4598308 -11.621322 1.9786197
-3.576057 -11.616046 1.9797657
-3.5759976 -11.57667 1.9784333
-3.5759397 -11.538191 1.9771311
-3.5758832 -11.500793 1.9798387
-3.5758095 -11.452305 1.9820721
-3.5757561 -11.416936 1.9807789
-3.5757041 -11.382518 1.9795202
-3.575635 -11.336844 1.9798969
-3.5755713 -11.294571 1.9800125
-3.5755095 -11.253572 1.9801106
-3.5754466 -11.211972 1.9804751
-3.5753851 -11.171642 1.9808148
-3.5753288 -11.134246 1.9809103
-3.5752728 -11.097076 1.9793992
-3.5752189 -11.060973 1.977931
-3.5751524 -11.017323 1.9805807
-3.5750878 -10.975082 1.9809837
-3.5750382 -10.942369 1.9795642
-3.5749769 -10.901934 1.9789716
-3.5749097 -10.857627 1.9799267
-3.5748527 -10.819973 1.9803754
-3.5747974 -10.783614 1.9808006
-3.5747356 -10.74296 1.9797794
-3.5746772 -10.703769 1.9787842
-3.5746176 -10.664718 1.9817626
-3.5745521 -10.621675 1.9796013
-3.5744882 -10.579788 1.9793946
-3.5744298 -10.541206 1.9801761
-3.5743628 -10.496619 1.9805845
-6.4612899 -12.585403 2.0211952
-6.4612246 -12.542233 2.0198638
-6.4611607 -12.499999 2.0185614
-6.4610963 -12.45721 2.0198476
-3.5773461 -12.468715 2.0192389
-6.4610372 -12.418222 2.0211976
-3.5772808 -12.425522 2.0229113
-6.4609785 -12.37862 2.019922
-3.5772171 -12.383278 2.0213089
-6.4609189 -12.339841 2.0186729
-3.5771546 -12.341952 2.0197411
-6.4608622 -12.301863 2.0224226
-3.5770934 -12.301514 2.0182073
-6.4608059 -12.264658 2.0211737
-3.5770335 -12.261935 2.016706
-6.4607372 -12.219239 2.0188429
-3.5769749 -12.223188 2.0152364
-6.4606681 -12.173903 2.020539
-3.5769176 -12.185249 2.0236449
-6.4606156 -12.139244 2.0193515
-3.5768614 -12.14809 2.0221341
-6.4605541 -12.097833 2.0195022
-3.5768063 -12.11169 2.0206537
-6.4604897 -12.055511 2.0211329
-3.5767257 -12.058546 2.0184929
-6.4604306 -12.016047 2.0197272
-3.576648 -12.006807 2.0210695
-6.460371 -11.97743 2.0183518
-3.5765967 -11.973215 2.0196576
-6.4603119 -11.938048 2.0214379
-3.5765471 -11.940275 2.0228629
-6.4602561 -11.901194 2.0200748
-3.5764985 -11.907969 2.021461
-6.4601979 -11.863593 2.0186841
-3.5764267 -11.860729 2.0194113
-6.4601336 -11.820508 2.0214193
-3.5763574 -11.814668 2.0218308
-6.4600701 -11.778558 2.0198109
-3.5763123 -11.784719 2.0204906
-6.4600072 -11.737711 2.019649
-3.5762458 -11.740886 2.0185285
-6.4599476 -11.697916 2.0194919
-3.5761812 -11.698105 2.0208731
-6.459887 -11.658218 2.0207639
-3.5761158 -11.65507 2.0212126
-6.4598308 -11.621322 2.0191894
-3.576057 -11.616046 2.0212357
-3.5759971 -11.57667 2.0193658
-3.5759397 -11.538191 2.0175385
-3.5758827 -11.500793 2.0197361
-3.57581 -11.452305 2.0213077
-3.5757561 -11.416936 2.0195317
-3.5757041 -11.382518 2.0178037
-3.5756378 -11.338845 2.0210848
-3.5755711 -11.294571 2.0208039
-3.5755064 -11.251695 2.0205178
-3.5754468 -11.211971 2.0200267
-3.5753877 -11.173409 2.0195365
-3.5753274 -11.133389 2.0211439
-3.5752726 -11.097076 2.0206645
-3.5752182 -11.060973 2.0186055
-3.5751524 -11.017323 2.0205405
-3.5750878 -10.975083 2.0202515
-3.5750382 -10.942369 2.0182962
-3.5749798 -10.903531 2.0200956
-3.5749087 -10.856879 2.0194097
-3.5748525 -10.819972 2.020164
-3.5747998 -10.785059 2.0198307
-3.5747361 -10.74296 2.0211575
-3.5746753 -10.703118 2.0185051
-3.5746176 -10.664719 2.0216458
-3.5745509 -10.621054 2.019382
-3.5744903 -10.580819 2.0202992
-6.4612923 -12.586962 2.0615611
-6.4612265 -12.543757 2.0597863
-6.4611607 -12.499999 2.0606098
-6.4610982 -12.458671 2.0588839
-3.5773458 -12.468714 2.0564127
-6.4610353 -12.416792 2.0597134
-3.5772808 -12.425522 2.0596726
-6.4609776 -12.37862 2.0606453
-3.5772169 -12.383279 2.0628607
-6.4609189 -12.339842 2.0589728
-3.5771546 -12.341953 2.060842
-6.4608622 -12.301863 2.0623078
-3.5770934 -12.301514 2.0588665
-6.4608059 -12.264658 2.060653
-3.5770335 -12.261935 2.0569332
-6.4607344 -12.21786 2.0595055
-3.5769749 -12.223188 2.0600162
-6.46067 -12.174876 2.0614712
-3.5769176 -12.185249 2.0630348
-6.460618 -12.140199 2.0598812
-3.5768614 -12.14809 2.0611181
-6.4605513 -12.096547 2.0587831
-3.5768063 -12.11169 2.0592408
-6.4604917 -12.056418 2.0606909
-3.5767229 -12.056604 2.0590258
-6.4604282 -12.014825 2.0596087
-3.5766478 -12.006807 2.0631917
-6.4603686 -11.975698 2.0591555
-3.576597 -11.973215 2.0613675
-6.46031 -11.936881 2.0603957
-3.5765471 -11.940275 2.0595784
-6.4602532 -11.899539 2.0599434
-3.5764983 -11.907969 2.0578241
-6.4601965 -11.862546 2.0596809
-3.576427 -11.860729 2.0597394
-6.4601336 -11.820502 2.0603786
-3.5763574 -11.814668 2.0615933
-6.4600692 -11.778561 2.0596786
-3.5763121 -11.784719 2.059885
-6.4600072 -11.737715 2.0604024
-3.5762458 -11.740885 2.0617023
-6.4599476 -11.697917 2.0611069
-3.5761809 -11.698105 2.0592041
-6.4598899 -11.660041 2.0589998
-3.5761211 -11.658109 2.0587275
-6.4598308 -11.621322 2.0597596
-3.576057 -11.616046 2.0627058
-3.5759971 -11.57667 2.0602984
-3.5759397 -11.538192 2.0579464
-3.5758827 -11.500792 2.0596333
-3.57581 -11.452306 2.0605435
-3.5757561 -11.416936 2.0582848
-3.5757043 -11.382518 2.0599153
-3.5756366 -11.337845 2.0607686
-3.5755692 -11.293603 2.0598376
-3.5755091 -11.253572 2.0604627
-3.5754466 -11.211971 2.0595784
-3.5753868 -11.172524 2.0603857
-3.5753298 -11.135102 2.0593207
-3.5752728 -11.097076 2.0619304
-3.5752175 -11.060973 2.0592802
-3.5751522 -11.017323 2.0605001
-3.5750883 -10.975082 2.0595193
-3.5750377 -10.941749 2.0587137
-3.5749784 -10.902752 2.0603595
-3.574909 -10.856879 2.0598531
-3.5748527 -10.819973 2.0599525
-3.5747991 -10.784318 2.0600557
-3.5747352 -10.742248 2.0606022
-3.5746765 -10.703117 2.0591216
-3.5746181 -10.664718 2.0615287
-6.461288 -12.583845 2.099026
-6.4612246 -12.542233 2.0995834
-6.461163 -12.501491 2.1001146
-6.4610982 -12.458671 2.1004813
-3.5773458 -12.468714 2.0988975
-6.4610372 -12.418222 2.0983505
-3.5772805 -12.425522 2.0964339
-6.460978 -12.37862 2.1013687
-3.5772169 -12.383279 2.1044126
-6.4609189 -12.339842 2.099273
-3.5771544 -12.341953 2.1019425
-6.4608622 -12.301863 2.1021934
-3.5770931 -12.301514 2.0995257
-6.4608059 -12.264658 2.100132
-3.5770335 -12.261935 2.0971603
-6.4607372 -12.219239 2.1000416
-3.5769749 -12.223188 2.1047957
-6.4606705 -12.174876 2.0999703
-3.5769174 -12.185249 2.1024246
-6.4606194 -12.141152 2.100445
-3.5768614 -12.14809 2.1001024
-6.4605556 -12.099125 2.0994718
-3.5768063 -12.11169 2.0978274
-6.4604926 -12.057328 2.100281
-3.5767288 -12.060488 2.1014819
-6.4604316 -12.017282 2.099333
-3.5766478 -12.006807 2.1006334
-6.460371 -11.97743 2.1001248
-3.576597 -11.973215 2.0984426
-6.4603138 -11.939226 2.0992002
-3.5765471 -11.940275 2.1008835
-6.4602561 -11.901194 2.0999753
-3.5764985 -11.907969 2.0987322
-6.4601998 -11.864626 2.1005394
-3.5764267 -11.86073 2.1000676
-6.4601331 -11.820509 2.0993381
-3.5763574 -11.814668 2.1013556
-6.4600687 -11.778563 2.1009707
-3.5763123 -11.784719 2.0992796
-6.4600062 -11.736751 2.0997818
-3.5762455 -11.740885 2.1005585
-6.4599457 -11.696979 2.1013663
-3.5761809 -11.698105 2.1017938
-6.4598889 -11.659131 2.0987718
-3.5761185 -11.65659 2.0988028
-6.4598312 -11.621322 2.1003292
-3.576057 -11.616046 2.1000285
-3.5759976 -11.576671 2.1012316
-3.5759397 -11.538192 2.0983539
-3.5758827 -11.500792 2.0995305
-3.5758095 -11.452305 2.0997791
-3.5757561 -11.416936 2.0970376
-3.5757041 -11.382518 2.1020267
-3.5756366 -11.337845 2.0984423
-3.5755727 -11.29554 2.1004369
-3.5755064 -11.251695 2.1008139
-3.5754468 -11.211971 2.0991299
-3.5753853 -11.171642 2.1011941
-3.5753288 -11.134246 2.0995543
-3.5752716 -11.096244 2.1015527
-3.5752175 -11.060973 2.0999544
-3.5751522 -11.017323 2.1004598
-3.5750883 -10.975082 2.0987875
-3.5750399 -10.942988 2.1005313
-3.5749772 -10.901932 2.0995266
-3.5749092 -10.856878 2.1002965
-3.5748527 -10.819972 2.099741
-3.5747981 -10.783579 2.1002395
-3.574738 -10.743632 2.0989523
-3.574676 -10.703117 2.0997381
-6.4612899 -12.585404 2.1393919
-6.4612226 -12.540708 2.1393349
-6.4611611 -12.499999 2.1394644
-6.4610982 -12.458672 2.1420784
-3.5773458 -12.468714 2.1413817
-6.4610372 -12.418221 2.1395063
-3.5772805 -12.425522 2.1384468
-6.4609756 -12.377221 2.1394501
-3.5772169 -12.383279 2.1407704
-6.4609189 -12.339842 2.1395729
-3.5771544 -12.341953 2.143043
-6.4608612 -12.301863 2.1420786
-3.5770931 -12.301515 2.1401851
-6.4608059 -12.264658 2.139611
-3.5770335 -12.261935 2.1373875
-6.4607387 -12.220622 2.140626
-3.5769749 -12.223188 2.1445997
-6.4606705 -12.174876 2.1384692
-3.5769174 -12.185249 2.1418145
-6.460618 -12.140199 2.1408992
-3.5768614 -12.14809 2.1390867
-6.4605532 -12.097829 2.1403213
-3.5768063 -12.11169 2.1364145
-6.4604917 -12.056418 2.1397643
-3.5767262 -12.058546 2.1420147
-6.4604306 -12.016047 2.1392138
-3.5766478 -12.006807 2.1380754
-6.4603686 -11.975698 2.1408856
-3.5765967 -11.973215 2.140152
-6.4603105 -11.936961 2.1396744
-3.5765471 -11.940275 2.1421885
-6.4602532 -11.89954 2.1398032
-3.5764983 -11.907969 2.1396406
-6.460197 -11.862469 2.1400964
-3.576427 -11.860729 2.1403956
-6.4601321 -11.819491 2.1397598
-3.5763574 -11.814669 2.141118
-6.4600677 -11.777574 2.1408575
-3.5763121 -11.784719 2.1386743
-6.4600091 -11.73867 2.139065
-3.5762458 -11.740886 2.1394145
-6.459949 -11.69885 2.1401446
-3.5761809 -11.698105 2.1401246
-6.4598875 -11.659131 2.1398575
-3.576118 -11.65659 2.1408262
-6.4598303 -11.621321 2.1408992
-3.576057 -11.616046 2.1373515
-3.5759976 -11.57667 2.142164
-3.5759397 -11.538192 2.1387615
-3.5758827 -11.500793 2.1394279
-3.5758095 -11.452306 2.1390145
-3.5757561 -11.416936 2.1396658
-3.5757041 -11.382518 2.1403098
-3.5756366 -11.337845 2.1398835
-3.5755711 -11.294571 2.1394703
-3.5755091 -11.253572 2.1408148
-3.5754454 -11.211061 2.1405449
-3.5753877 -11.173408 2.1399977
-3.5753288 -11.134246 2.1414287
-3.575274 -11.097909 2.1392279
-3.5752175 -11.060973 2.1406291
-3.5751522 -11.017323 2.14042
-3.5750873 -10.974445 2.1397421
-3.5750389 -10.942369 2.1409488
-3.5749786 -10.902747 2.1396861
-3.5749085 -10.856127 2.1397128
-3.5748532 -10.819973 2.1395297
-3.5748005 -10.785018 2.1393485
-6.4612918 -12.586963 2.1798046
-6.4612241 -12.542233 2.1792738
-6.4611588 -12.498507 2.1787698
-6.4611006 -12.460132 2.1811907
-3.5773458 -12.468714 2.1838663
-6.4610372 -12.418221 2.1806617
-3.5772805 -12.425522 2.18046
-6.460978 -12.37862 2.1777112
-3.5772169 -12.383279 2.1771281
-6.4609189 -12.339842 2.1798728
-3.5771544 -12.341952 2.184144
-6.4608622 -12.301863 2.1819639
-3.5770931 -12.301515 2.1808441
-6.4608059 -12.264658 2.1790905
-3.5770335 -12.261936 2.1776147
-6.4607372 -12.219238 2.1812737
-3.5769749 -12.223189 2.1844041
-6.4606714 -12.175849 2.1794577
-3.5769174 -12.185249 2.1812046
-6.4606171 -12.139244 2.1813192
-3.5768614 -12.14809 2.1780708
-6.4605536 -12.097835 2.1795485
-3.5768063 -12.111689 2.1798248
-6.4604897 -12.055511 2.1792154
-3.576726 -12.058545 2.1800215
-6.4604287 -12.014825 2.1790519
-3.576648 -12.006807 2.1801975
-6.4603701 -11.976564 2.179548
-3.576597 -11.973215 2.1818616
-6.4603138 -11.939226 2.1800349
-3.5765471 -11.940275 2.1789041
-6.4602561 -11.901194 2.1798754
-3.5764985 -11.907969 2.1805487
-6.4602003 -11.864627 2.1795413
-3.5764267 -11.860729 2.1807239
-6.460135 -11.821516 2.1801219
-3.5763574 -11.814669 2.1808803
-6.4600716 -11.779544 2.1806865
-3.5763123 -11.784719 2.1780686
-6.4600072 -11.737713 2.1798503
-3.5762432 -11.739282 2.1805058
-6.4599471 -11.697916 2.1804039
-3.5761809 -11.698105 2.1784554
-6.459888 -11.659134 2.179574
-3.5761158 -11.65507 2.1808224
-6.4598303 -11.621324 2.1801169
-3.576057 -11.616046 2.1788218
-3.5759952 -11.575229 2.1811223
-3.5759397 -11.538192 2.1791692
-3.5758827 -11.500793 2.1793249
-3.5758095 -11.452306 2.1782503
-3.5757561 -11.416936 2.1822941
-3.5757041 -11.382518 2.1785932
-3.5756366 -11.337845 2.1813245
-3.5755694 -11.293603 2.1784613
-3.5755064 -11.251695 2.1811094
-3.575448 -11.212882 2.1799653
-3.5753863 -11.172524 2.1808059
-3.5753274 -11.133389 2.1816084
-3.5752728 -11.097076 2.1788499
-3.5752175 -11.060973 2.1813037
-3.5751517 -11.017322 2.1803792
-3.5750883 -10.975082 2.1805847
-3.5750389 -10.942369 2.1796811
-3.5749798 -10.903573 2.1798878
-3.5749106 -10.857669 2.1801345
-3.5748534 -10.819971 2.1793182
-6.4612899 -12.585403 2.2199955
-6.4612241 -12.542233 2.2217834
-6.4611616 -12.499999 2.218291
-6.4610982 -12.458672 2.2200871
-3.5773458 -12.468715 2.2210402
-6.4610372 -12.418221 2.2218173
-3.5772805 -12.425522 2.2224729
-6.460978 -12.37862 2.2184346
-3.5772169 -12.383279 2.2186799
-6.4609189 -12.339841 2.2201729
-3.5771544 -12.341952 2.2201068
-6.4608612 -12.301863 2.2218492
-3.5770931 -12.301515 2.2215035
-6.4608054 -12.264658 2.2185693
-3.5770335 -12.261936 2.2178416
-6.4607372 -12.219238 2.220257
-3.5769749 -12.223189 2.2242081
-6.4606695 -12.174876 2.2202919
-3.5769174 -12.185249 2.2205944
-6.4606185 -12.140199 2.2218931
-3.5768614 -12.14809 2.2170551
-6.4605513 -12.096547 2.2187696
-3.5768063 -12.111689 2.2232349
-6.4604917 -12.056418 2.2188158
-3.5767229 -12.056604 2.220464
-6.460433 -12.017282 2.2188635
-3.5766478 -12.006807 2.2223196
-6.460371 -11.97743 2.2182415
-3.576597 -11.973215 2.2189369
-6.4603105 -11.936964 2.2204535
-3.5765471 -11.940275 2.2202091
-6.4602532 -11.89954 2.2196629
-3.5764983 -11.907969 2.221457
-6.4601979 -11.863592 2.2205133
-3.5764241 -11.859002 2.2188699
-6.4601336 -11.820509 2.2205441
-3.5763574 -11.814669 2.2206428
-6.4600692 -11.778563 2.2205746
-3.5763123 -11.784719 2.2218406
-6.4600072 -11.737715 2.2206035
-3.5762482 -11.742489 2.2192097
-6.4599471 -11.697919 2.2206321
-3.5761809 -11.698105 2.2210453
-6.4598875 -11.659131 2.21929
-3.5761206 -11.658109 2.2184949
-6.4598303 -11.621322 2.2193346
-3.576057 -11.616046 2.2202919
-3.5759976 -11.57667 2.2199183
-3.5759397 -11.538192 2.2195768
-3.5758827 -11.500793 2.2192225
-3.5758078 -11.451221 2.2194886
-3.5757561 -11.416936 2.2210469
-3.5757027 -11.381486 2.2188315
-3.5756366 -11.337845 2.2189984
-3.5755727 -11.295539 2.2191451
-3.5755095 -11.253572 2.2211668
-3.5754454 -11.211061 2.2196207
-3.5753851 -11.171642 2.2215738
-3.5753303 -11.135103 2.2198932
-3.5752728 -11.097076 2.2201157
-3.5752165 -11.060164 2.2203195
-3.5751517 -11.017323 2.2203388
-3.5750883 -10.975082 2.2198527
-3.575038 -10.941749 2.2200556
-3.5749772 -10.901933 2.220082
-6.4612875 -12.583845 2.2601397
-6.4612274 -12.543757 2.261785
-6.4611611 -12.5 2.2603395
-6.4610963 -12.457211 2.25894
-3.5773458 -12.468714 2.258214
-6.4610372 -12.418221 2.2629728
-3.5772808 -12.425522 2.2592342
-6.4609776 -12.37862 2.2591579
-3.5772169 -12.383279 2.2602317
-6.4609189 -12.339842 2.2604725
-3.5771542 -12.341952 2.2560701
-6.4608622 -12.301863 2.2617345
-3.5770931 -12.301515 2.2621624
-6.4608059 -12.264658 2.2580485
-3.5770333 -12.261936 2.2580688
-6.4607372 -12.219238 2.2592402
-3.5769749 -12.223189 2.2640121
-6.4606686 -12.173903 2.2610912
-3.5769174 -12.185249 2.2599845
-6.460618 -12.140198 2.2600136
-3.5768611 -12.14809 2.2560396
-6.4605556 -12.099123 2.259578
-3.5768063 -12.111689 2.2618217
-6.4604926 -12.057328 2.2584481
-3.5767257 -12.058546 2.2607617
-6.4604278 -12.014908 2.2602127
-3.5766478 -12.006807 2.2597613
-6.4603686 -11.975698 2.2589405
-3.5765967 -11.973215 2.2606463
-6.4603138 -11.939228 2.2608695
-3.5765471 -11.940275 2.2615142
-6.4602561 -11.901195 2.2597759
-3.5764983 -11.907969 2.2578199
-6.4601984 -11.863585 2.2600012
-3.5764291 -11.862457 2.2590811
-6.4601321 -11.819493 2.2609274
-3.5763574 -11.814669 2.2604051
-6.4600673 -11.777574 2.2604239
-3.5763121 -11.784719 2.2612352
-6.4600058 -11.736751 2.2599332
-3.5762455 -11.740885 2.2603009
-6.4599457 -11.696979 2.2594552
-3.5761809 -11.698105 2.259376
-6.4598875 -11.659131 2.2603762
-3.576118 -11.65659 2.258491
-6.4598298 -11.621321 2.2599041
-3.576057 -11.616046 2.2617617
-3.5759971 -11.57667 2.2608509
-3.5759397 -11.538192 2.2599843
-3.5758827 -11.500792 2.2591195
-3.575809 -11.452306 2.2606289
-3.5757561 -11.416936 2.2598
-3.5757058 -11.38355 2.2608619
-3.575635 -11.336846 2.2585809
-3.5755694 -11.293603 2.2600152
-3.5755064 -11.251695 2.2614052
-3.575448 -11.212882 2.2590959
-3.5753877 -11.173408 2.2604587
-3.5753286 -11.134246 2.2600729
-3.5752714 -11.096244 2.2596858
-3.5752175 -11.060973 2.2592509
-3.5751522 -11.017323 2.2602985
-3.5750883 -10.975083 2.2591207
-6.4612899 -12.585403 2.3005695
-6.4612222 -12.540709 2.2986827
-6.4611616 -12.5 2.3023875
-6.4610982 -12.458672 2.2980678
-3.5773458 -12.468714 2.3006988
-6.4610395 -12.419649 2.3017154
-3.5772805 -12.425522 2.2959955
-6.4609776 -12.37862 2.2998812
-3.5772166 -12.383279 2.3017836
-6.4609189 -12.339842 2.3007724
-3.5771542 -12.341952 2.2971706
-6.4608622 -12.301863 2.30162
-3.5770931 -12.301515 2.3028219
-6.4608054 -12.264658 2.2975276
-3.5770333 -12.261936 2.298296
-6.4607368 -12.219234 2.2998474
-3.5769749 -12.223189 2.3038163
-6.46067 -12.174876 2.3020902
-3.5769174 -12.185249 2.2993746
-6.4606185 -12.140199 2.2981341
-3.5768611 -12.14809 2.299897
-6.4605541 -12.097829 2.3003674
-3.5768061 -12.11169 2.3004088
-6.4604897 -12.055511 2.3001022
-3.576726 -12.058545 2.2987685
-6.4604301 -12.016051 2.3000469
-3.5766478 -12.006807 2.2972033
-6.460371 -11.97743 2.300014
-3.5765967 -11.973215 2.3023558
-6.4603119 -11.938049 2.2997687
-3.5765471 -11.940275 2.2982297
-6.4602532 -11.89954 2.2995229
-3.5764985 -11.907969 2.2987282
-6.4601979 -11.863593 2.29949
-3.5764241 -11.859002 2.2994835
-6.4601355 -11.821599 2.2999256
-3.5763574 -11.814669 2.3001676
-6.4600711 -11.779544 2.3003278
-3.5763118 -11.784719 2.3006296
-6.4600067 -11.737712 2.3006921
-3.5762432 -11.739282 2.3013308
-6.4599471 -11.697916 2.2996888
-3.5761809 -11.698105 2.2977071
-6.4598861 -11.658218 2.3000629
-3.5761185 -11.65659 2.3005142
-6.4598303 -11.621323 2.3004744
-3.576057 -11.616046 2.3032317
-3.5759993 -11.578112 2.2997217
-3.5759397 -11.538192 2.3003922
-3.5758827 -11.500793 2.299017
-3.5758095 -11.452306 2.2998643
-3.5757561 -11.416936 2.298553
-3.5757041 -11.382518 2.3010998
-3.5756378 -11.338843 2.2999709
-3.5755723 -11.295539 2.3007572
-3.5755091 -11.253572 2.3015192
-3.5754449 -11.211061 2.2986965
-3.5753851 -11.171642 2.2994661
-3.5753272 -11.133389 2.3002129
-3.5752728 -11.097076 2.299196
-3.5752175 -11.060973 2.2999256
-6.4612923 -12.586962 2.3410459
-6.4612241 -12.542234 2.3386846
-6.4611635 -12.501491 2.3419862
-6.4610982 -12.458672 2.3396647
-3.5773458 -12.468714 2.343183
-6.4610372 -12.418221 2.3401535
-3.5772805 -12.425522 2.3380084
-6.4609776 -12.37862 2.3406043
-3.5772166 -12.383279 2.3433354
-6.4609189 -12.339842 2.3410726
-3.5771542 -12.341952 2.3382711
-6.4608622 -12.301865 2.3415053
-3.5770931 -12.301515 2.3434808
-6.4608054 -12.264658 2.3370068
-3.5770333 -12.261936 2.3385231
-6.4607377 -12.219239 2.3404555
-3.5769749 -12.223189 2.3436205
-6.4606695 -12.174876 2.3405893
-3.5769174 -12.185249 2.3387642
-6.4606194 -12.141152 2.338763
-3.5768611 -12.14809 2.3437543
-6.4605513 -12.096548 2.3411124
-3.5768061 -12.11169 2.3389957
-6.4604912 -12.056419 2.3397346
-3.5767288 -12.060489 2.3391566
-6.4604325 -12.01719 2.3399224
-3.576648 -12.006807 2.3393254
-6.4603686 -11.975698 2.3406711
-3.5765967 -11.973215 2.3394313
-6.46031 -11.936883 2.3386273
-3.5765471 -11.940275 2.3395348
-6.4602561 -11.901195 2.3396764
-3.5764983 -11.907969 2.3396363
-6.460197 -11.862548 2.3403957
-3.5764296 -11.862456 2.3397796
-6.4601321 -11.819493 2.3388209
-3.5763574 -11.814669 2.3399301
-6.4600692 -11.778563 2.3401783
-3.5763118 -11.784719 2.3400242
-6.4600091 -11.73867 2.3414874
-3.5762482 -11.742489 2.340157
-6.459949 -11.698851 2.3399584
-3.5761809 -11.698105 2.3402967
-6.459888 -11.659131 2.3397973
-3.5761158 -11.65507 2.3404319
-6.4598289 -11.620432 2.3396511
-3.576057 -11.616046 2.3405547
-3.5759971 -11.57667 2.3386407
-3.5759397 -11.538192 2.3407996
-3.5758824 -11.500793 2.3389142
-3.5758095 -11.452306 2.3390996
-3.5757561 -11.416936 2.3373058
-3.5757041 -11.382518 2.3393831
-3.5756364 -11.337845 2.3395536
-3.5755711 -11.294571 2.3397193
-3.5755064 -11.251695 2.3417008
-3.5754464 -11.211971 2.3400214
-3.5753863 -11.172524 2.3401725
-3.5753286 -11.134246 2.3403194
-6.4612875 -12.583845 2.3782899
-6.4612241 -12.542234 2.3811936
-6.4611588 -12.498507 2.3784218
-6.4610982 -12.458672 2.3812623
-3.5773458 -12.468715 2.3803568
-6.4610353 -12.416792 2.3785481
-3.5772805 -12.425522 2.3800213
-6.460978 -12.37862 2.3813276
-3.5772164 -12.383279 2.379693
-6.460917 -12.338471 2.3786693
-3.5771542 -12.341952 2.3793719
-6.4608622 -12.301863 2.3813906
-3.5770931 -12.301515 2.38414
-6.4608073 -12.265681 2.3790953
-3.5770333 -12.261936 2.3787501
-6.4607348 -12.217861 2.3809943
-3.5769749 -12.223189 2.3834248
-6.46067 -12.174876 2.3790879
-3.5769174 -12.185249 2.3781543
-6.4606171 -12.139244 2.3813968
-3.5768611 -12.14809 2.3827384
-6.4605536 -12.097835 2.3803756
-3.5768061 -12.11169 2.3775826
-6.4604931 -12.057328 2.3793993
-3.5767255 -12.058546 2.3795569
-6.4604287 -12.014823 2.3811865
-3.5766478 -12.006807 2.3814478
-6.4603701 -11.976564 2.3793855
-3.5765967 -11.973215 2.3811407
-6.4603133 -11.939141 2.379123
-3.5765471 -11.940275 2.3808398
-6.4602532 -11.89954 2.3793821
-3.5764985 -11.907969 2.3805447
-6.4602003 -11.86471 2.3799772
-3.5764241 -11.859002 2.3800974
-6.460135 -11.821517 2.3793099
-3.5763574 -11.814669 2.3796923
-6.4600677 -11.777574 2.3799896
-3.5763118 -11.784719 2.3794186
-6.4600077 -11.737716 2.3808048
-3.5762432 -11.739282 2.3790035
-6.4599471 -11.697916 2.3801563
-3.5761809 -11.698105 2.3828864
-6.459888 -11.659133 2.3808832
-3.576118 -11.65659 2.3803401
-6.4598308 -11.621323 2.3788981
-3.576057 -11.616046 2.377878
-3.5759976 -11.57667 2.3795733
-3.5759397 -11.538192 2.3812072
-3.5758827 -11.500793 2.3788116
-3.5758095 -11.452306 2.3783355
-3.5757561 -11.416936 2.3799341
-3.5757027 -11.381486 2.3795621
-3.5756347 -11.336846 2.3790929
-3.5755694 -11.293603 2.378639
-3.5755076 -11.252633 2.3800273
-3.5754478 -11.212882 2.3813887
-6.4612899 -12.585403 2.4187665
-6.4612265 -12.543759 2.4212575
-6.4611611 -12.499999 2.4180205
-6.4610982 -12.458671 2.4228594
-3.5773458 -12.468714 2.417531
-6.4610372 -12.418221 2.4173064
-3.5772805 -12.425522 2.4220343
-6.4609771 -12.37862 2.422051
-3.5772166 -12.383279 2.4160509
-6.4609189 -12.339842 2.4166217
-3.5771542 -12.341952 2.4204726
-6.4608622 -12.301863 2.4212759
-3.5770931 -12.301515 2.4197168
-6.4608059 -12.264658 2.4209127
-3.5770333 -12.261936 2.4189773
-6.4607372 -12.219239 2.4216547
-3.5769749 -12.223189 2.4232287
-6.4606695 -12.174876 2.4175873
-3.5769174 -12.185249 2.4175441
-6.460618 -12.140198 2.4220257
-3.5768611 -12.14809 2.4217227
-6.4605556 -12.099126 2.4196842
-3.5768061 -12.11169 2.4161696
-6.4604897 -12.055511 2.420989
-3.5767224 -12.056604 2.419888
-6.4604306 -12.016049 2.4195337
-3.5766475 -12.006807 2.4188898
-6.4603701 -11.976564 2.4202616
-3.5765967 -11.973215 2.4228504
-6.46031 -11.936883 2.4194045
-3.5765471 -11.940275 2.4175553
-6.4602561 -11.901195 2.4195764
-3.5764983 -11.907969 2.421453
-6.460197 -11.862548 2.419347
-3.5764291 -11.862457 2.4204781
-6.4601336 -11.820509 2.4196694
-3.5763574 -11.814669 2.4194551
-6.4600711 -11.779546 2.4199693
-3.5763118 -11.784719 2.4188132
-6.4600062 -11.736751 2.4200845
-3.5762458 -11.740885 2.4200234
-6.4599471 -11.697917 2.4203849
-3.5761809 -11.698105 2.4212174
-6.4598889 -11.660043 2.4206645
-3.5761206 -11.658109 2.420306
-6.4598308 -11.621322 2.4194682
-3.576057 -11.616046 2.4193478
-3.5759971 -11.57667 2.4205065
-3.5759392 -11.538192 2.4216149
-3.5758827 -11.500793 2.4187083
-3.5758109 -11.453389 2.4195671
-3.5757561 -11.416936 2.4225624
-3.5757041 -11.382518 2.4197624
-3.5756378 -11.338843 2.4205704
-3.5755723 -11.295539 2.4194655
-6.4612899 -12.585403 2.4617472
-6.4612222 -12.540709 2.4580305
-6.4611616 -12.5 2.4600687
-6.4611006 -12.460132 2.4620788
-3.5773458 -12.468714 2.4600155
-6.4610372 -12.418222 2.458462
-3.5772805 -12.425522 2.4640474
-6.4609771 -12.37862 2.462774
-3.5772166 -12.383279 2.4576027
-6.4609189 -12.339841 2.4569218
-3.5771542 -12.341952 2.4615731
-6.4608622 -12.301863 2.4611611
-3.5770931 -12.301515 2.4552939
-6.4608059 -12.264658 2.460392
-3.5770333 -12.261936 2.4592044
-6.4607372 -12.219241 2.460638
-3.5769749 -12.223189 2.463033
-6.4606714 -12.175849 2.4586525
-3.5769174 -12.185249 2.456934
-6.460618 -12.140198 2.4601464
-3.5768611 -12.14809 2.4607072
-6.4605541 -12.097829 2.4604137
-3.5768058 -12.11169 2.4595799
-6.4604917 -12.056419 2.4606535
-3.5767255 -12.058546 2.4602976
-6.4604316 -12.017189 2.4594498
-3.5766475 -12.006807 2.4610119
-6.4603701 -11.976564 2.4611371
-3.5765967 -11.973215 2.4599257
-6.4603133 -11.939141 2.4599555
-3.5765469 -11.940276 2.4588609
-6.4602532 -11.89954 2.4592426
-3.5764983 -11.907969 2.4578161
-6.4601998 -11.864626 2.460438
-3.5764241 -11.859003 2.4607112
-6.4601321 -11.819493 2.4599888
-3.5763574 -11.814669 2.4592171
-6.4600701 -11.778563 2.4597821
-3.5763118 -11.784719 2.4582081
-6.4600072 -11.737712 2.4608929
-3.5762482 -11.742489 2.4611044
-6.4599462 -11.69698 2.4591467
-3.5761809 -11.698105 2.4595482
-6.4598889 -11.659131 2.4603274
-3.576118 -11.65659 2.4602032
-6.4598312 -11.621323 2.4600382
-3.576057 -11.616046 2.4608181
-3.5759952 -11.575229 2.4593313
-3.5759392 -11.538192 2.4620228
-3.5758827 -11.500795 2.4586062
-3.575809 -11.452306 2.4607468
-3.5757561 -11.416936 2.4613156
-3.5757058 -11.38355 2.4600079
-3.5756364 -11.337845 2.4601097
-6.4612923 -12.586962 2.5022874
-6.4612246 -12.542233 2.4980946
-6.4611616 -12.499999 2.5021174
-6.4610963 -12.457211 2.4980319
-3.5773458 -12.468714 2.5025001
-6.4610372 -12.418221 2.4996176
-3.5772808 -12.425522 2.500809
-6.4609776 -12.37862 2.5034976
-3.5772166 -12.383279 2.4991546
-6.4609189 -12.339841 2.4972217
-3.5771542 -12.341952 2.5026739
-6.4608622 -12.301863 2.5010467
-3.5770931 -12.301515 2.4959528
-6.4608059 -12.264658 2.499871
-3.5770333 -12.261936 2.4994316
-6.4607368 -12.219241 2.4996214
-3.5769746 -12.223189 2.5028372
-6.4606686 -12.173903 2.5016437
-3.5769172 -12.185249 2.4963241
-6.4606185 -12.140199 2.4982667
-3.5768611 -12.14809 2.4996915
-6.4605517 -12.096548 2.5010989
-3.5768061 -12.11169 2.5029902
-6.4604912 -12.056419 2.4978595
-3.5767255 -12.058546 2.4983041
-6.4604287 -12.014825 2.5006297
-3.5766475 -12.006807 2.503134
-6.460371 -11.97743 2.4999037
-3.5765967 -11.973215 2.4970007
-6.46031 -11.936883 2.5001814
-3.5765469 -11.940276 2.5001657
-6.4602561 -11.901195 2.4994769
-3.576498 -11.907969 2.4987242
-6.460197 -11.862471 2.4997537
-3.5764291 -11.862457 2.5011771
-6.460135 -11.821517 2.5005548
-3.5763574 -11.814669 2.4989796
-6.4600677 -11.777575 2.4995558
-3.5763118 -11.784719 2.5019796
-6.4600096 -11.73867 2.5017383
-3.5762432 -11.739284 2.4998283
-6.4599471 -11.697915 2.4994419
-3.5761809 -11.698105 2.5021381
-6.4598885 -11.659134 2.5000443
-3.5761158 -11.655071 2.500042
-6.4598303 -11.621322 2.500608
-3.576057 -11.616046 2.5022881
-3.5759971 -11.57667 2.498261
-3.5759392 -11.538192 2.5024304
-3.5758824 -11.500793 2.4985037
-3.575809 -11.452306 2.4999824
-3.5757556 -11.416936 2.5000682
-6.4612875 -12.583845 2.5394039
-6.4612246 -12.542233 2.5406041
-6.461163 -12.501491 2.5417933
-6.4610982 -12.458671 2.5372515
-3.5773458 -12.468715 2.5396738
-6.4610372 -12.418221 2.5407734
-3.5772805 -12.425523 2.5375702
-6.4609795 -12.38002 2.541923
-3.5772166 -12.383279 2.5407066
-6.4609189 -12.339842 2.5375218
-3.5771542 -12.341952 2.5437746
-6.4608622 -12.301863 2.5409322
-3.5770931 -12.301515 2.536612
-6.4608045 -12.263635 2.5416298
-3.5770333 -12.261936 2.5396588
-6.4607368 -12.219238 2.5386045
-3.5769746 -12.223189 2.5426412
-6.46067 -12.174876 2.5427089
-3.5769172 -12.185249 2.5357139
-6.4606194 -12.141151 2.5389502
-3.5768611 -12.14809 2.5386755
-6.4605536 -12.097835 2.5404222
-3.5768061 -12.11169 2.5415769
-6.4604912 -12.056419 2.539716
-3.5767283 -12.060488 2.5388036
-6.4604306 -12.016049 2.5390205
-3.5766475 -12.006807 2.540576
-6.4603686 -11.975698 2.5404563
-3.5765967 -11.973215 2.5387106
-6.4603138 -11.939228 2.5393
-3.5765469 -11.940276 2.5414708
-6.4602532 -11.89954 2.5391016
-3.576498 -11.907969 2.5396326
-6.4601979 -11.863588 2.5407944
-3.5764241 -11.859002 2.5413253
-6.4601316 -11.819418 2.5393171
-3.5763571 -11.814669 2.5387421
-6.4600697 -11.778561 2.5409291
-3.5763118 -11.784719 2.5413742
-6.4600058 -11.73668 2.5394893
-3.5762455 -11.740886 2.5409095
-6.4599471 -11.697917 2.5410566
-3.5761809 -11.698105 2.5404687
-6.4598875 -11.658218 2.5382888
-3.576118 -11.65659 2.5400286
-6.4598308 -11.621322 2.5411782
-3.576057 -11.616046 2.5396109
-3.5759971 -11.57667 2.5391936
-3.5759392 -11.538192 2.5428381
-3.5758824 -11.500793 2.5384009
-6.4612899 -12.585403 2.5799441
-6.4612246 -12.542233 2.5831137
-6.4611592 -12.498507 2.5780742
-6.4610982 -12.458671 2.5788486
-3.5773458 -12.468714 2.5768478
-6.4610372 -12.418221 2.581929
-3.5772805 -12.425523 2.5795832
-6.4609771 -12.37862 2.5798669
-3.5772166 -12.383279 2.5822585
-6.4609189 -12.339842 2.5778215
-3.5771542 -12.341953 2.5797379
-6.4608622 -12.301863 2.580817
-3.5770931 -12.301515 2.5772712
-6.4608059 -12.264658 2.5837517
-3.5770333 -12.261936 2.579886
-6.4607372 -12.219238 2.5775878
-3.5769746 -12.223189 2.5824451
-6.4606705 -12.174876 2.581208
-3.5769172 -12.185249 2.5800278
-6.4606166 -12.139244 2.5814748
-3.5768611 -12.14809 2.5776598
-6.4605541 -12.097835 2.5780804
-3.5768061 -12.11169 2.580164
-6.4604912 -12.056419 2.5815728
-3.5767224 -12.056604 2.5813267
-6.460433 -12.01719 2.5789771
-3.5766475 -12.006807 2.5780177
-6.4603701 -11.976564 2.5792232
-3.5765967 -11.973215 2.58042
-6.4603105 -11.936963 2.5794711
-3.5765469 -11.940276 2.5827758
-6.4602547 -11.900368 2.5814185
-3.576498 -11.907969 2.5805409
-6.4601989 -11.863589 2.5802822
-3.5764265 -11.86073 2.5795028
-6.460134 -11.820506 2.5798216
-3.5763574 -11.814669 2.5785046
-6.4600711 -11.779623 2.580925
-3.5763118 -11.784719 2.5807688
-6.4600072 -11.737712 2.5789359
-3.5762455 -11.740885 2.5797658
-6.459949 -11.698851 2.5814002
-3.5761809 -11.698105 2.5787997
-6.459888 -11.659131 2.5780952
-3.5761178 -11.65659 2.5820518
-3.576057 -11.616046 2.5769341
-3.5759971 -11.57667 2.580126
-6.4612899 -12.585403 2.6229248
-6.4612241 -12.542233 2.6203091
-6.4611607 -12.5 2.6177502
-6.4610982 -12.458672 2.620446
-3.5773458 -12.468714 2.6193323
-6.4610372 -12.418222 2.6230845
-3.5772805 -12.425523 2.6215961
-6.4609756 -12.377221 2.617769
-3.5772166 -12.383279 2.6238103
-6.4609189 -12.339842 2.6181216
-3.5771542 -12.341953 2.6157007
-6.4608622 -12.301863 2.6207025
-3.5770929 -12.301515 2.6179307
-6.4608059 -12.264658 2.6232307
-3.5770333 -12.261936 2.6201129
-6.4607391 -12.220622 2.6183572
-3.5769746 -12.223189 2.6222494
-6.4606705 -12.174876 2.6197071
-3.5769172 -12.185249 2.6243412
-6.4606185 -12.140199 2.6221581
-3.5768611 -12.14809 2.6166441
-6.4605556 -12.099029 2.6190207
-3.5768061 -12.11169 2.6187506
-6.4604912 -12.056419 2.6187782
-3.5767255 -12.058546 2.6218262
-6.4604282 -12.014825 2.6200728
-3.5766475 -12.006807 2.6201398
-6.4603701 -11.976564 2.6200988
-3.5765967 -11.973215 2.6174951
-6.4603138 -11.939228 2.6201348
-3.5765469 -11.940276 2.6194913
-6.4602547 -11.900368 2.6213584
-3.576498 -11.907969 2.621449
-6.4601984 -11.863588 2.6197708
-3.5764267 -11.860729 2.6198308
-6.4601355 -11.821598 2.6203673
-3.5763571 -11.814669 2.6182668
-6.4600673 -11.777574 2.619122
-3.5763118 -11.784719 2.6201634
-6.4600077 -11.737713 2.621094
-3.5762455 -11.740885 2.6186221
-6.4599481 -11.697919 2.6201379
-3.5761809 -11.698105 2.6213894
-3.5761182 -11.65659 2.6198728
-3.576057 -11.616046 2.6184039
-6.4612899 -12.585403 2.660533
-6.4612246 -12.542233 2.657505
-6.4611616 -12.5 2.6597989
-6.4610982 -12.458672 2.6620431
-3.5773458 -12.468714 2.6618166
-6.4610395 -12.419652 2.6619632
-3.5772805 -12.425523 2.6636093
-6.4609776 -12.37862 2.6562095
-3.5772164 -12.383279 2.6601679
-6.4609189 -12.339842 2.6584218
-3.5771542 -12.341953 2.6568015
-6.4608622 -12.301863 2.6605878
-3.5770929 -12.301515 2.6585898
-6.4608059 -12.264658 2.6627102
-3.577033 -12.261936 2.6603401
-6.4607368 -12.219236 2.6604428
-3.5769744 -12.22319 2.6620536
-6.46067 -12.174876 2.658206
-3.5769172 -12.185249 2.6637311
-6.460618 -12.140199 2.6602786
-3.5768609 -12.14809 2.6605015
-6.4605513 -12.096548 2.6610858
-3.5768061 -12.11169 2.6573377
-6.4604912 -12.056419 2.660635
-3.5767255 -12.058546 2.6598327
-6.4604301 -12.016051 2.6585073
-3.5766475 -12.006807 2.662262
-6.4603701 -11.976564 2.660975
-3.5765967 -11.973215 2.659205
-6.4603105 -11.936964 2.6602499
-3.5765469 -11.940276 2.6607966
-6.4602547 -11.900367 2.6612983
-3.576498 -11.907969 2.6578119
-6.4601989 -11.863587 2.6592591
-3.5764265 -11.860729 2.6601591
-6.4601321 -11.819493 2.65905
-3.5763574 -11.814669 2.6580291
-6.4600692 -11.778561 2.6605327
-3.5763118 -11.784719 2.6595581
-6.4600091 -11.738749 2.6605947
-3.5762455 -11.740886 2.6617959
-3.5761809 -11.698105 2.6597204
-6.4612899 -12.585403 2.6981411
-6.4612246 -12.542233 2.7000141
-6.4611616 -12.5 2.7018471
-6.4610982 -12.458672 2.7036402
-3.5773458 -12.468715 2.6989908
-6.4610353 -12.416792 2.6973834
-3.5772803 -12.425523 2.7003706
-6.4609776 -12.37862 2.696933
-3.5772164 -12.383279 2.6965261
-6.4609189 -12.339844 2.6987216
-3.5771542 -12.341953 2.6979022
-6.4608622 -12.301863 2.7004728
-3.5770929 -12.301515 2.699249
-6.4608059 -12.264658 2.7021892
-3.577033 -12.261936 2.7005672
-6.4607348 -12.217861 2.7024827
-3.5769744 -12.22319 2.7018576
-6.46067 -12.174876 2.6967051
-3.5769172 -12.185249 2.7031214
-6.460618 -12.140199 2.6983988
-3.5768609 -12.14809 2.7043588
-6.4605541 -12.097835 2.7004683
-3.5768061 -12.11169 2.6959245
-6.4604912 -12.056419 2.7024918
-3.5767255 -12.058546 2.6978393
-6.4604311 -12.016051 2.6998677
-3.5766475 -12.006807 2.6997039
-6.460371 -11.97743 2.6997931
-3.5765967 -11.973215 2.7009144
-6.4603119 -11.938053 2.6992948
-3.5765469 -11.940276 2.7021015
-6.4602547 -11.900368 2.7012382
-3.576498 -11.907969 2.6987202
-6.4601984 -11.863587 2.6987472
-3.5764267 -11.86073 2.7004871
-6.4601345 -11.820507 2.7010279
-3.5763569 -11.814669 2.7022099
-3.5763116 -11.784719 2.6989527
-6.4612899 -12.585403 2.7411218
-6.4612241 -12.542234 2.7425237
-6.4611621 -12.5 2.7438955
-6.4610982 -12.458672 2.7400377
-3.5773458 -12.468714 2.7361646
-6.4610372 -12.418221 2.7362623
-3.5772803 -12.425523 2.7371318
-6.4609776 -12.37862 2.7376561
-3.5772164 -12.383279 2.7380774
-6.4609189 -12.339843 2.7390213
-3.5771542 -12.341953 2.7390027
-6.4608622 -12.301863 2.7403584
-3.5770929 -12.301515 2.7399082
-6.4608059 -12.264658 2.7416682
-3.577033 -12.261936 2.7407944
-6.4607368 -12.219241 2.7432673
-3.5769744 -12.22319 2.741662
-6.4606695 -12.174876 2.7400165
-3.5769172 -12.185249 2.7425115
-6.4606185 -12.140199 2.7365193
-3.5768609 -12.148091 2.7433434
-6.4605541 -12.097835 2.7381265
-3.5768058 -12.11169 2.7393348
-6.4604912 -12.056419 2.7396977
-3.5767255 -12.058546 2.7405972
-6.4604316 -12.016051 2.7412288
-3.5766475 -12.006807 2.7371459
-6.4603686 -11.975698 2.740242
-3.5765967 -11.973215 2.7379897
-6.4603119 -11.938052 2.7396977
-3.5765469 -11.940276 2.7388172
-6.4602547 -11.900367 2.7411783
-3.576498 -11.907969 2.7396283
-3.5764265 -11.860729 2.7408152
-6.4612899 -12.585403 2.7787297
-6.461225 -12.542233 2.7797196
-6.4611611 -12.499999 2.7806876
-6.4610982 -12.458671 2.7764351
-3.5773458 -12.468714 2.7786489
-6.4610372 -12.418221 2.7774174
-3.5772803 -12.425523 2.7791448
-6.4609785 -12.37862 2.7783797
-3.5772164 -12.383279 2.7796295
-6.4609189 -12.339843 2.7793217
-3.5771542 -12.341953 2.7801032
-6.4608622 -12.301863 2.7802439
-3.5770929 -12.301515 2.7805672
-6.4608059 -12.264658 2.7811475
-3.577033 -12.261936 2.7810214
-6.4607377 -12.219241 2.7822506
-3.5769744 -12.22319 2.781466
-6.4606705 -12.174876 2.7833281
-3.5769172 -12.185249 2.7819014
-6.460618 -12.140198 2.7794051
-3.5768609 -12.148091 2.7823277
-6.4605541 -12.097834 2.7804916
-3.5768061 -12.11169 2.7827454
-6.4604926 -12.057328 2.779469
-3.5767255 -12.058546 2.7833548
-6.4604301 -12.016051 2.7779939
-3.5766475 -12.006807 2.7792678
-6.4603701 -11.976564 2.7790604
-3.5765967 -11.973215 2.7796993
-3.5765469 -11.940276 2.7801223
-3.576498 -11.907969 2.7805367
-6.46134 -12.618384 2.8213146
-6.4612899 -12.585403 2.8163381
-6.4612246 -12.542233 2.8169153
-6.4611616 -12.499999 2.8174801
-6.4610982 -12.458672 2.8180325
-3.5773458 -12.468714 2.8211336
-6.4610376 -12.418222 2.8185732
-3.5772803 -12.425523 2.8211575
-6.4609785 -12.37862 2.819103
-3.5772164 -12.383279 2.8211813
-6.4609189 -12.339842 2.8196213
-3.5771542 -12.341953 2.8212042
-6.4608622 -12.301863 2.8201289
-3.5770929 -12.301515 2.8212266
-6.4608059 -12.264658 2.8206267
-3.577033 -12.261936 2.8212485
-6.4607372 -12.219239 2.821234
-3.5769744 -12.223189 2.8212702
-6.46067 -12.174876 2.8218269
-3.5769172 -12.185249 2.8212912
-6.4606185 -12.140199 2.8222904
-3.5768609 -12.148091 2.821312
-6.4605536 -12.097835 2.8228569
-3.5768061 -12.11169 2.821332
-6.4604897 -12.055511 2.8208451
-3.5767255 -12.058545 2.8213613
-6.4604306 -12.01605 2.8193545
-3.5766475 -12.006807 2.8213902
-3.5765967 -11.973215 2.8214087
-6.46134 -12.618384 2.8592381
-6.4612904 -12.585403 2.8593187
-6.4612246 -12.542233 2.8594246
-6.4611621 -12.5 2.8595285
-3.5774124 -12.512886 2.8587048
-6.4610982 -12.458672 2.8596296
-3.5773458 -12.468714 2.8636181
-6.4610372 -12.418222 2.8597288
-3.5772803 -12.425523 2.8631706
-6.4609785 -12.37862 2.8598261
-3.5772164 -12.383279 2.8627329
-6.4609189 -12.339842 2.8599215
-3.5771542 -12.341953 2.8623047
-6.4608622 -12.301863 2.8600144
-3.5770929 -12.301515 2.8618858
-6.4608059 -12.264658 2.8601062
-3.577033 -12.261936 2.8614755
-6.4607372 -12.219239 2.8602173
-3.5769744 -12.223189 2.8610744
-6.4606705 -12.174876 2.8603261
-3.5769172 -12.185249 2.8606813
-6.4606185 -12.140199 2.8604112
-3.5768609 -12.148091 2.8602962
-6.4605536 -12.097835 2.8605149
-3.5768061 -12.11169 2.8599191
-3.5767255 -12.058546 2.8593681
-6.4612904 -12.585404 2.9022994
-6.4612241 -12.542234 2.9019341
-6.4611616 -12.499999 2.9015768
-3.5774124 -12.512886 2.8963013
-6.4610982 -12.458671 2.901227
-3.5773456 -12.468715 2.9007921
-6.4610372 -12.418221 2.9008844
-3.5772803 -12.425523 2.8999319
-6.460978 -12.37862 2.9005494
-3.5772164 -12.383279 2.9042847
-6.4609189 -12.339843 2.9002213
-3.5771539 -12.341953 2.9034054
-6.4608612 -12.301863 2.8998995
-3.5770929 -12.301515 2.902545
-6.4608059 -12.264658 2.899585
-3.577033 -12.261936 2.9017029
-6.4607372 -12.219239 2.8992004
-3.5769744 -12.223189 2.9008784
-6.4606695 -12.174876 2.8988249
-3.5769172 -12.185249 2.9000711
-6.4606185 -12.1402 2.8985314
-3.5768609 -12.148091 2.8992805
-3.5768058 -12.11169 2.8985057
-3.5767252 -12.058545 2.8973751
-6.4582844 -12.58468 2.9422603
-6.4230642 -12.583158 2.9499855
-6.3801103 -12.582098 2.9499855
-6.3371572 -12.581036 2.9499855
-5.1406159 -12.571017 2.9499867
-5.0999913 -12.571526 2.9499869
-6.456604 -12.541127 2.9427481
-6.4219427 -12.543167 2.9499853
-6.3817544 -12.540709 2.9499855
-6.3392534 -12.53966 2.9499855
-6.2967525 -12.53861 2.9499855
-6.2595634 -12.537692 2.9499855
-6.2223754 -12.536774 2.9499855
-6.1798744 -12.535723 2.9499855
-6.1373734 -12.534674 2.9499857
-6.0973206 -12.53222 2.9499857
-6.0605469 -12.534241 2.9499857
-6.020494 -12.531787 2.9499857
-5.9779935 -12.530737 2.9499857
-5.9392376 -12.540028 2.9499862
-5.8982148 -12.547891 2.9499857
-5.8600936 -12.546949 2.9499857
-5.8201714 -12.547443 2.9499857
-5.7802038 -12.547935 2.9499857
-5.7400455 -12.545465 2.949986
-5.6999316 -12.542994 2.949986
-5.6599488 -12.543486 2.949986
-5.6199203 -12.543976 2.9499857
-5.579823 -12.541507 2.9499857
-5.5397692 -12.539039 2.949986
-5.4997253 -12.539529 2.949986
-5.4596376 -12.540018 2.949986
-5.4196005 -12.53755 2.949986
-5.3796072 -12.535082 2.949986
-5.3395028 -12.535572 2.9499862
-5.2993541 -12.536059 2.9499867
-5.2621546 -12.532181 2.9499867
-5.2220058 -12.53267 2.9499865
-5.1792798 -12.531613 2.9499865
-5.13907 -12.532099 2.9499867
-5.1007071 -12.540029 2.9499865
-5.0606041 -12.546017 2.9499867
-5.0217247 -12.548547 2.9499869
-4.9787717 -12.547484 2.9499869
-4.9382715 -12.54798 2.9499869
-3.699173 -12.535416 2.9499874
-3.6615193 -12.537506 2.9499874
-6.4552774 -12.500696 2.9430153
-6.420166 -12.501092 2.9499853
-6.3833656 -12.500183 2.9499853
-6.3413062 -12.499145 2.9499855
-6.2992482 -12.498106 2.9499855
-6.2571893 -12.497068 2.9499855
-6.2175097 -12.494654 2.9499855
-6.1812096 -12.496625 2.9499855
-6.1415291 -12.49421 2.9499855
-6.0994701 -12.493172 2.9499857
-6.0574121 -12.492133 2.9499857
-6.0178061 -12.489722 2.9499857
-5.9833298 -12.493649 2.9499857
-5.9386377 -12.509377 2.9499857
-5.8988695 -12.506944 2.9499857
-5.8593798 -12.507419 2.9499857
-5.8198462 -12.50789 2.9499857
-5.7800937 -12.505461 2.9499857
-5.7403841 -12.50303 2.9499857
-5.7008343 -12.503504 2.949986
-5.661242 -12.503973 2.949986
-5.6215477 -12.501545 2.9499857
-5.5792689 -12.500499 2.9499857
-5.5396347 -12.498073 2.9499857
-5.5000105 -12.498541 2.9499857
-5.4603429 -12.499011 2.949986
-5.4207244 -12.496584 2.949986
-5.3811493 -12.494158 2.949986
-5.341466 -12.494626 2.949986
-5.2991862 -12.493581 2.949986
-5.2594428 -12.494049 2.949986
-5.2199001 -12.491624 2.9499865
-5.1804004 -12.489199 2.9499867
-5.1422729 -12.499847 2.9499865
-5.1014194 -12.509086 2.9499865
-5.0589185 -12.508036 2.9499867
-5.0188756 -12.508512 2.9499869
-4.9820828 -12.504675 2.9499869
-4.94204 -12.50515 2.9499869
-4.8995385 -12.504099 2.9499869
-4.8570375 -12.50305 2.9499869
-4.819849 -12.502131 2.9499867
-4.7826605 -12.501213 2.9499869
-4.7401595 -12.500163 2.9499869
-4.6976581 -12.499113 2.9499869
-4.6604695 -12.498195 2.9499867
-4.6232805 -12.497275 2.9499869
-4.5807791 -12.496226 2.9499872
-4.5382781 -12.495177 2.9499872
-4.5010896 -12.494258 2.9499872
-4.463901 -12.49334 2.9499872
-4.4214001 -12.492289 2.9499872
-4.3788981 -12.491241 2.9499872
-4.3437371 -12.492421 2.9499872
-4.3005209 -12.503695 2.9499872
-4.2606678 -12.508924 2.9499872
-4.2179418 -12.507869 2.9499874
-4.17764 -12.505394 2.9499874
-4.1407466 -12.507442 2.9499874
-4.1004448 -12.504968 2.9499874
-4.0577188 -12.503911 2.9499874
-4.0174775 -12.501439 2.9499874
-3.9804633 -12.503484 2.9499874
-3.940222 -12.501009 2.9499874
-3.9000247 -12.498537 2.9499874
-3.8601241 -12.499031 2.9499874
-3.8201792 -12.499525 2.9499874
-3.7799988 -12.497052 2.9499874
-3.739862 -12.494582 2.9499876
-3.6999009 -12.495074 2.9499876
-3.6598954 -12.495565 2.9499876
-3.6197755 -12.493094 2.9499876
-3.5833087 -12.501123 2.9430916
-6.4556108 -12.460017 2.9425688
-6.4161601 -12.461265 2.9499853
-6.3797393 -12.460365 2.9499853
-6.343317 -12.459467 2.9499853
-6.3016925 -12.458439 2.9499853
-6.2600675 -12.45741 2.9499855
-6.2184429 -12.456382 2.9499855
-6.1768169 -12.455354 2.9499855
-6.1375766 -12.45298 2.9499855
-6.1015906 -12.4549 2.9499855
-6.0623488 -12.452527 2.9499855
-6.0207248 -12.451498 2.9499857
-5.978035 -12.453744 2.9499857
-5.9412789 -12.466008 2.9499857
-5.9005208 -12.469709 2.9499857
-5.8611507 -12.467318 2.9499857
-5.8193102 -12.466286 2.949986
-5.7799978 -12.463896 2.949986
-5.7408729 -12.464348 2.949986
-5.6990323 -12.463313 2.949986
-5.6598487 -12.463765 2.949986
-5.6205678 -12.461376 2.949986
-5.5787268 -12.460343 2.949986
-5.5395036 -12.457954 2.949986
-5.5002894 -12.458405 2.949986
-5.4584484 -12.457371 2.949986
-5.4191771 -12.45782 2.949986
-5.3799839 -12.455434 2.949986
-5.3408346 -12.453047 2.949986
-5.3015471 -12.453496 2.949986
-5.259706 -12.452463 2.949986
-5.2178655 -12.451429 2.9499862
-5.1785045 -12.451876 2.9499867
-5.1397595 -12.466146 2.9499865
-5.0977998 -12.469864 2.9499867
-5.0613317 -12.466096 2.9499867
-5.0217352 -12.466552 2.9499865
-4.9796767 -12.465513 2.9499869
-4.9376183 -12.464476 2.9499869
-4.8979478 -12.464929 2.9499869
-4.8616281 -12.461164 2.9499869
-4.8219576 -12.461617 2.9499867
-4.7798986 -12.460579 2.9499867
-4.7378407 -12.459539 2.9499869
-4.6980948 -12.459992 2.9499869
-4.6619239 -12.456231 2.9499869
-4.622179 -12.456684 2.9499869
-4.5801206 -12.455644 2.9499869
-4.5380621 -12.454606 2.9499872
-4.4960036 -12.453568 2.9499872
-4.4592023 -12.452659 2.9499872
-4.4224014 -12.451748 2.9499872
-4.3803425 -12.45071 2.9499872
-4.3369002 -12.462601 2.9499872
-4.3003516 -12.468911 2.9499872
-4.2633576 -12.467997 2.9499872
-4.2210789 -12.466953 2.9499872
-4.1788001 -12.465909 2.9499874
-4.1389351 -12.463475 2.9499874
-4.1023993 -12.465469 2.9499874
-4.0625339 -12.463037 2.9499874
-4.0202551 -12.461993 2.9499874
-3.9779758 -12.460949 2.9499872
-3.9381859 -12.458517 2.9499874
-3.9014995 -12.460508 2.9499874
-3.8617096 -12.458076 2.9499874
-3.8194308 -12.457032 2.9499874
-3.7796993 -12.454603 2.9499874
-3.7401719 -12.455074 2.9499874
-3.7006009 -12.455545 2.9499876
-3.6608853 -12.453116 2.9499876
-3.6186063 -12.452072 2.9499876
-3.5828037 -12.458755 2.9425597
-6.4559374 -12.42019 2.9421318
-6.4173865 -12.422377 2.9499855
-6.3761868 -12.42136 2.9499855
-6.3372726 -12.419024 2.9499855
-6.3018003 -12.420897 2.9499855
-6.2628865 -12.418562 2.9499855
-6.2216864 -12.417542 2.9499855
-6.1804862 -12.416526 2.9499855
-6.139286 -12.415509 2.9499855
-6.0980859 -12.414491 2.9499855
-6.0568857 -12.413473 2.9499855
-6.0180879 -12.411139 2.9499855
-5.9796481 -12.411566 2.9499857
-5.9389658 -12.42025 2.9499857
-5.902163 -12.423212 2.9499857
-5.8577223 -12.427913 2.9499857
-5.8187995 -12.425561 2.9499857
-5.7800903 -12.425996 2.949986
-5.7386785 -12.424973 2.949986
-5.6999121 -12.425406 2.949986
-5.6610184 -12.423055 2.949986
-5.619607 -12.422032 2.9499857
-5.5781956 -12.421008 2.949986
-5.5393744 -12.418661 2.949986
-5.5005622 -12.419092 2.949986
-5.4591508 -12.418067 2.9499857
-5.4202819 -12.4185 2.9499857
-5.3814917 -12.41615 2.949986
-5.3400803 -12.415128 2.9499865
-5.3013463 -12.412782 2.9499867
-5.2624469 -12.413211 2.949986
-5.221036 -12.412187 2.9499865
-5.1796241 -12.411164 2.949986
-5.1397977 -12.41997 2.9499862
-5.0997868 -12.428752 2.9499865
-5.0581617 -12.427723 2.9499865
-5.0189447 -12.428159 2.9499867
-4.9801021 -12.425795 2.9499867
-4.9413004 -12.423432 2.9499867
-4.9020691 -12.423867 2.9499869
-4.8604436 -12.422839 2.9499869
-4.8188186 -12.42181 2.9499865
-4.777194 -12.420782 2.9499865
-4.7378736 -12.421216 2.9499867
-4.7020459 -12.417524 2.9499869
-4.6627254 -12.417955 2.9499869
-4.6211004 -12.416929 2.9499869
-4.5794759 -12.415899 2.9499869
-4.5378504 -12.414872 2.9499869
-4.4962258 -12.413844 2.9499872
-4.4598041 -12.412944 2.9499872
-4.4233818 -12.412045 2.9499872
-4.3817568 -12.411016 2.9499872
-4.3396554 -12.419867 2.9499872
-4.2973723 -12.428695 2.9499872
-4.2578759 -12.4263 2.9499872
-4.2218065 -12.428246 2.9499872
-4.1823106 -12.425852 2.9499872
-4.14047 -12.424818 2.9499872
-4.098629 -12.423784 2.9499874
-4.0592065 -12.421392 2.9499874
-4.0201917 -12.421847 2.9499874
-3.9811342 -12.422301 2.9499874
-3.9417267 -12.419909 2.9499874
-3.8998859 -12.418876 2.9499874
-3.8580456 -12.417843 2.9499874
-3.8187118 -12.415452 2.9499874
-3.7796078 -12.415905 2.9499874
-3.7404616 -12.416357 2.9499874
-3.7011433 -12.413967 2.9499874
-3.6593025 -12.412933 2.9499876
-3.6200426 -12.410545 2.9499876
-3.5844455 -12.417807 2.943033
-6.4562578 -12.381183 2.9417036
-6.4185877 -12.384274 2.9499853
-6.3778043 -12.383268 2.9499853
-6.3370204 -12.382261 2.9499855
-6.296236 -12.381252 2.9499855
-6.2577438 -12.378954 2.9499855
-6.219779 -12.379365 2.9499855
-6.1817741 -12.379774 2.9499855
-6.1432962 -12.377476 2.9499855
-6.1025128 -12.376469 2.9499857
-6.0617285 -12.375462 2.9499857
-6.0209451 -12.374453 2.9499857
-5.9801607 -12.373446 2.9499857
-5.9393773 -12.372439 2.9499857
-5.8976202 -12.377108 2.9499857
-5.8595085 -12.379967 2.9499857
-5.8229146 -12.383278 2.9499857
-5.78263 -12.387537 2.9499857
-5.7416391 -12.386523 2.9499857
-5.7006483 -12.385511 2.949986
-5.6596575 -12.384499 2.9499857
-5.6186666 -12.383487 2.9499857
-5.580224 -12.381175 2.9499857
-5.541821 -12.381588 2.9499857
-5.5008307 -12.380576 2.9499857
-5.4598389 -12.379563 2.9499857
-5.4188485 -12.378551 2.9499857
-5.3778572 -12.377539 2.9499857
-5.339354 -12.37795 2.9499857
-5.3009863 -12.375639 2.949986
-5.2599955 -12.374627 2.949986
-5.2190037 -12.373614 2.949986
-5.180707 -12.371306 2.949986
-5.1398225 -12.374859 2.949986
-5.1009803 -12.378552 2.9499862
-5.0641603 -12.383215 2.9499862
-5.0217452 -12.387906 2.9499865
-4.980545 -12.386888 2.9499865
-4.9393449 -12.385869 2.9499865
-4.8981447 -12.384852 2.9499867
-4.856945 -12.383834 2.9499869
-4.8180547 -12.38425 2.9499867
-4.7825341 -12.380622 2.9499867
-4.7436442 -12.381037 2.9499865
-4.7024441 -12.380019 2.9499867
-4.6612439 -12.379002 2.9499869
-4.6200438 -12.377983 2.9499869
-4.5788431 -12.376966 2.9499869
-4.537643 -12.375947 2.9499869
-4.4964428 -12.37493 2.9499869
-4.4603925 -12.37404 2.9499872
-4.4243426 -12.37315 2.9499872
-4.3831425 -12.372132 2.9499872
-4.3400621 -12.3743 2.9499872
-4.3001847 -12.37978 2.9499872
-4.2582188 -12.388407 2.9499874
-4.2168074 -12.387383 2.9499874
-4.1777453 -12.38503 2.9499874
-4.1419878 -12.386925 2.9499874
-4.1029258 -12.38457 2.9499874
-4.0615144 -12.383548 2.9499874
-4.0201025 -12.382524 2.9499874
-3.9786911 -12.381502 2.9499872
-3.9372797 -12.380479 2.9499872
-3.8983204 -12.378127 2.9499872
-3.8596463 -12.378562 2.9499874
-3.820931 -12.378995 2.9499874
-3.7819865 -12.376643 2.9499874
-3.7405751 -12.375621 2.9499874
-3.6991634 -12.374599 2.9499874
-3.660291 -12.372247 2.9499874
-3.6215303 -12.37268 2.9499876
-3.5848601 -12.376505 2.9458337
-6.4555907 -12.339172 2.9427347
-6.4197659 -12.346934 2.9499853
-6.3793893 -12.345939 2.9499853
-6.3390141 -12.34494 2.9499853
-6.2986379 -12.343944 2.9499855
-6.2582607 -12.342947 2.9499855
-6.217885 -12.341949 2.9499855
-6.1775088 -12.340952 2.9499855
-6.1371326 -12.339954 2.9499855
-6.0967565 -12.338958 2.9499855
-6.0563807 -12.33796 2.9499857
-6.0183592 -12.3357 2.9499857
-5.9806886 -12.33609 2.9499857
-5.9403114 -12.335093 2.9499857
-5.8999357 -12.334095 2.9499857
-5.8595595 -12.333099 2.9499857
-5.817081 -12.337636 2.9499857
-5.7785916 -12.340408 2.9499857
-5.7381139 -12.33941 2.9499857
-5.7001591 -12.344659 2.9499857
-5.6583233 -12.346719 2.949986
-5.6177444 -12.345716 2.9499857
-5.579689 -12.343442 2.9499857
-5.5416713 -12.343838 2.9499857
-5.501092 -12.342834 2.9499857
-5.4605136 -12.341833 2.949986
-5.4199347 -12.340832 2.949986
-5.3793554 -12.339828 2.949986
-5.3387761 -12.338825 2.949986
-5.2981977 -12.337824 2.9499857
-5.2576184 -12.336823 2.9499865
-5.2170391 -12.335819 2.9499865
-5.178865 -12.33621 2.9499867
-5.1409411 -12.33394 2.9499865
-5.1003613 -12.332936 2.9499865
-5.0575418 -12.337522 2.9499867
-5.0187736 -12.340327 2.9499865
-4.9797859 -12.33937 2.9499865
-4.9420657 -12.344682 2.9499867
-4.9021659 -12.345471 2.9499867
-4.8637123 -12.34587 2.9499869
-4.8229284 -12.344863 2.9499869
-4.7821441 -12.343855 2.9499869
-4.7413602 -12.342848 2.9499869
-4.7005763 -12.341841 2.9499869
-4.6597919 -12.340833 2.9499869
-4.6190081 -12.339827 2.9499869
-4.5782237 -12.33882 2.9499869
-4.5374403 -12.337811 2.9499869
-4.4966559 -12.336803 2.9499869
-4.4558721 -12.335797 2.9499869
-4.417315 -12.333497 2.9499872
-4.3822727 -12.335327 2.9499872
-4.3437157 -12.333027 2.9499872
-4.3029323 -12.332019 2.9499872
-4.2614985 -12.340496 2.9499872
-4.2206106 -12.339488 2.9499872
-4.1788697 -12.347924 2.9499872
-4.1378784 -12.346911 2.9499872
-4.0968871 -12.345899 2.9499872
-4.0582652 -12.343584 2.9499872
-4.0200419 -12.344001 2.9499874
-3.9817779 -12.344417 2.9499872
-3.9431708 -12.342103 2.9499872
-3.9021797 -12.34109 2.9499872
-3.8611887 -12.340077 2.9499872
-3.8201973 -12.339066 2.9499874
-3.7792065 -12.338053 2.9499874
-3.7382154 -12.33704 2.9499874
-3.6997235 -12.334727 2.9499874
-3.6613703 -12.335141 2.9499874
-3.620379 -12.334129 2.9499874
-3.5842862 -12.337047 2.9454365
-6.4570465 -12.298335 2.9408736
-6.4212031 -12.301335 2.9499853
-6.3813252 -12.300351 2.9499853
-6.3414478 -12.299363 2.9499853
-6.3015695 -12.298379 2.9499853
-6.261014 -12.306384 2.9499853
-6.2210379 -12.305398 2.9499855
-6.1810617 -12.30441 2.9499855
-6.1410856 -12.303422 2.9499855
-6.101109 -12.302435 2.9499855
-6.0611329 -12.301448 2.9499855
-6.0211558 -12.300461 2.9499855
-5.9811802 -12.299474 2.9499857
-5.9412036 -12.298486 2.9499857
-5.901227 -12.297498 2.9499857
-5.8612509 -12.296511 2.9499857
-5.8212748 -12.295523 2.9499857
-5.7812986 -12.294538 2.9499857
-5.741322 -12.293549 2.9499857
-5.6982703 -12.299953 2.9499857
-5.6609588 -12.299032 2.9499857
-5.6224694 -12.29974 2.9499857
-5.5823936 -12.298749 2.9499857
-5.5415249 -12.306836 2.9499857
-5.5013499 -12.305845 2.9499857
-5.4611745 -12.304852 2.9499857
-5.4209991 -12.303861 2.949986
-5.3808236 -12.302867 2.949986
-5.3406491 -12.301875 2.949986
-5.3004732 -12.300883 2.949986
-5.2602978 -12.299891 2.949986
-5.2201228 -12.298899 2.9499865
-5.1799474 -12.297906 2.9499865
-5.1397724 -12.296913 2.9499865
-5.099597 -12.295921 2.9499865
-5.059422 -12.29493 2.9499865
-5.0192466 -12.293937 2.9499865
-4.9790711 -12.292946 2.9499869
-4.9383788 -12.299481 2.9499865
-4.8996749 -12.300201 2.9499867
-4.8593993 -12.299206 2.9499865
-4.8212938 -12.304391 2.9499867
-4.7794981 -12.306421 2.9499867
-4.7391219 -12.305424 2.9499867
-4.6987453 -12.304426 2.9499867
-4.6583695 -12.303429 2.9499865
-4.6179934 -12.302431 2.9499867
-4.5776172 -12.301435 2.9499872
-4.5372415 -12.300438 2.9499872
-4.4968648 -12.299439 2.9499872
-4.4564891 -12.298444 2.9499872
-4.4161124 -12.297446 2.9499872
-4.3757362 -12.296448 2.9499872
-4.3375936 -12.294185 2.9499872
-4.3000436 -12.294579 2.9499872
-4.2596674 -12.293581 2.9499872
-4.2220631 -12.293974 2.9499872
-4.1831098 -12.301003 2.9499872
-4.142632 -12.300002 2.9499872
-4.1021543 -12.299003 2.9499872
-4.0605359 -12.307254 2.9499872
-4.0199571 -12.306252 2.9499872
-3.9793775 -12.305249 2.9499872
-3.9387984 -12.304247 2.9499872
-3.8982193 -12.303246 2.9499872
-3.8576405 -12.302242 2.9499872
-3.8170614 -12.301239 2.9499872
-3.7789273 -12.298965 2.9499874
-3.7409883 -12.299361 2.9499874
-3.7004089 -12.298359 2.9499874
-3.6598299 -12.297356 2.9499874
-3.6192508 -12.296354 2.9499874
-3.5837922 -12.298136 2.9449024
-6.4573441 -12.261795 2.9404716
-6.4226084 -12.256773 2.9499853
-6.3832173 -12.255799 2.9499853
-6.3438258 -12.254827 2.9499855
-6.3017688 -12.25281 2.9499855
-6.2611027 -12.261643 2.9499855
-6.2199688 -12.260622 2.9499855
-6.1788363 -12.25961 2.9499855
-6.1393485 -12.258636 2.9499855
-6.102057 -12.261248 2.9499855
-6.0608554 -12.26553 2.9499855
-6.0189252 -12.265481 2.9499855
-5.976727 -12.263453 2.9499857
-5.9371419 -12.262475 2.9499857
-5.8975573 -12.261497 2.9499857
-5.8579731 -12.26052 2.9499857
-5.8183885 -12.259541 2.9499857
-5.7788043 -12.258563 2.9499857
-5.7392201 -12.257586 2.9499857
-5.699636 -12.256609 2.9499857
-5.6600513 -12.25563 2.9499857
-5.6204667 -12.254653 2.9499857
-5.5808825 -12.253674 2.9499857
-5.5421662 -12.261666 2.9499857
-5.5024838 -12.260686 2.9499857
-5.4610543 -12.258291 2.9499857
-5.4198298 -12.258645 2.9499857
-5.3832026 -12.263685 2.949986
-5.342484 -12.265654 2.949986
-5.3027043 -12.264671 2.949986
-5.2629247 -12.263689 2.949986
-5.2231455 -12.262705 2.949986
-5.1807785 -12.262657 2.949986
-5.1386018 -12.260617 2.9499865
-5.0988226 -12.259636 2.9499865
-5.0590429 -12.258653 2.9499865
-5.0192637 -12.257669 2.9499865
-4.9794841 -12.256687 2.9499865
-4.9397049 -12.255705 2.9499867
-4.8999248 -12.254723 2.9499869
-4.8601456 -12.25374 2.9499869
-4.8182511 -12.260098 2.9499862
-4.7780757 -12.259364 2.9499865
-4.7363882 -12.259721 2.9499867
-4.6965108 -12.258736 2.9499867
-4.658514 -12.263801 2.9499869
-4.6169987 -12.265779 2.9499869
-4.5770216 -12.264791 2.9499869
-4.537046 -12.263803 2.9499869
-4.4970694 -12.262816 2.9499869
-4.4570928 -12.261828 2.9499869
-4.4171162 -12.260841 2.9499869
-4.37714 -12.259853 2.9499869
-4.3371639 -12.258867 2.9499872
-4.2971869 -12.257879 2.9499872
-4.2572112 -12.256891 2.9499872
-4.2172346 -12.255903 2.9499872
-4.177258 -12.254917 2.9499872
-4.1372814 -12.25393 2.9499874
-4.0973048 -12.252942 2.9499874
-4.0595384 -12.261136 2.9499874
-4.0194626 -12.260146 2.9499874
-3.9793866 -12.259156 2.9499872
-3.9413991 -12.261856 2.9499872
-3.8993726 -12.266277 2.9499872
-3.8591971 -12.265284 2.9499872
-3.8190219 -12.264291 2.9499872
-3.7788465 -12.2633 2.9499874
-3.7386711 -12.262307 2.9499874
-3.6984959 -12.261314 2.9499874
-3.6583202 -12.260323 2.9499874
-3.618145 -12.259331 2.9499874
-3.5833075 -12.26002 2.9443791
-6.4583459 -12.22029 2.9384413
-6.423707 -12.221929 2.9499853
-6.3820353 -12.219937 2.9499853
-6.3385949 -12.220784 2.9499853
-6.2969227 -12.218796 2.9499855
-6.2579117 -12.217833 2.9499855
-6.2189012 -12.216869 2.9499855
-6.1798906 -12.215906 2.9499855
-6.1408796 -12.214941 2.9499855
-6.0992708 -12.219127 2.9499855
-6.061707 -12.221675 2.9499855
-6.0209217 -12.219336 2.9499855
-5.9802527 -12.219663 2.9499857
-5.9411469 -12.218698 2.9499855
-5.9017787 -12.219165 2.9499857
-5.8596716 -12.225348 2.9499857
-5.8204713 -12.22438 2.9499857
-5.781271 -12.223411 2.9499857
-5.7396722 -12.223351 2.9499857
-5.6979589 -12.221352 2.949986
-5.6587591 -12.220386 2.949986
-5.6195588 -12.219417 2.9499857
-5.5803585 -12.218449 2.9499857
-5.5411587 -12.217481 2.9499857
-5.4995217 -12.215483 2.9499857
-5.4578705 -12.215423 2.949986
-5.4186702 -12.214455 2.949986
-5.3771544 -12.220609 2.9499857
-5.3389888 -12.221261 2.9499857
-5.2996936 -12.22029 2.9499857
-5.2603974 -12.219318 2.9499857
-5.2211018 -12.218349 2.9499857
-5.1816401 -12.22055 2.9499857
-5.1374788 -12.225031 2.9499865
-5.0980873 -12.224057 2.9499865
-5.0586958 -12.223083 2.9499865
-5.0193043 -12.222111 2.9499865
-4.9799132 -12.221138 2.9499865
-4.9405222 -12.220164 2.9499865
-4.9011307 -12.219193 2.9499869
-4.8617392 -12.21822 2.9499869
-4.8223476 -12.217246 2.9499865
-4.7829566 -12.216272 2.9499865
-4.7435651 -12.215301 2.9499865
-4.7041736 -12.214329 2.9499867
-4.6593065 -12.220599 2.9499867
-4.6176357 -12.219692 2.9499867
-4.5762954 -12.220029 2.9499867
-4.5368075 -12.219054 2.9499867
-4.4973187 -12.218079 2.9499867
-4.4576855 -12.225933 2.9499869
-4.4181008 -12.224955 2.9499869
-4.3785167 -12.223976 2.9499869
-4.338932 -12.222999 2.9499872
-4.2993479 -12.22202 2.9499872
-4.2597628 -12.221045 2.9499872
-4.2201786 -12.220066 2.9499872
-4.1805944 -12.219088 2.9499872
-4.1410098 -12.21811 2.9499872
-4.1014252 -12.217133 2.9499874
-4.0618405 -12.216154 2.9499874
-4.0222564 -12.215176 2.9499874
-3.9826717 -12.2142 2.9499872
-3.9402432 -12.21852 2.9499872
-3.900322 -12.219743 2.9499869
-3.8590147 -12.220093 2.9499874
-3.8193331 -12.219115 2.9499872
-3.7812676 -12.219794 2.9499872
-3.7413602 -12.226107 2.9499872
-3.7015805 -12.225124 2.9499874
-3.6618011 -12.224142 2.9499874
-3.6220212 -12.223158 2.9499874
-3.5849071 -12.221549 2.9446323
-6.457315 -12.177464 2.9412482
-6.4202323 -12.17922 2.9499853
-6.3768678 -12.17815 2.9499853
-6.3383231 -12.177197 2.9499853
-5.4197111 -12.179944 2.9499857
-5.3808875 -12.178986 2.9499857
-5.3420639 -12.178026 2.9499857
-5.3007488 -12.177957 2.9499857
-5.2595534 -12.175988 2.949986
-5.2207303 -12.175029 2.949986
-5.178215 -12.177896 2.9499857
-5.1397443 -12.181636 2.9499857
-5.1008277 -12.180673 2.9499857
-5.0602322 -12.180995 2.949986
-5.0197349 -12.17867 2.9499862
-4.9808173 -12.177709 2.9499862
-4.9390254 -12.184298 2.9499865
-4.8974242 -12.184229 2.9499865
-4.8584137 -12.183265 2.9499869
-4.8194027 -12.182301 2.9499865
-4.7803917 -12.181338 2.9499865
-4.7413812 -12.180374 2.9499865
-4.7023702 -12.17941 2.9499865
-4.6633596 -12.178447 2.9499869
-4.6216617 -12.178376 2.9499869
-4.5782728 -12.175386 2.9499869
-4.5365748 -12.175316 2.9499869
-4.4975638 -12.174352 2.9499869
-4.4584098 -12.182075 2.9499867
-4.4193039 -12.181108 2.9499872
-4.380199 -12.180144 2.9499872
-4.3410926 -12.179176 2.9499872
-4.3019872 -12.178212 2.9499872
-4.2645812 -12.180753 2.9499872
-4.2230659 -12.184924 2.9499872
-4.1812401 -12.182921 2.9499872
-4.1397772 -12.182867 2.9499872
-4.1005774 -12.181898 2.9499872
-4.0590696 -12.181841 2.9499874
-4.0172648 -12.17984 2.9499872
-3.9780648 -12.178872 2.9499872
-3.9388645 -12.177903 2.9499872
-3.8996644 -12.176936 2.9499872
-3.8604641 -12.175968 2.9499874
-3.821264 -12.174998 2.9499874
-3.7798195 -12.1769 2.9499874
-3.7393813 -12.180406 2.9499876
-3.6984165 -12.18074 2.9499874
-3.6591203 -12.17977 2.9499874
-3.6198244 -12.178798 2.9499874
-3.5851758 -12.18019 2.9453526
-6.4165592 -12.145679 2.949985
-3.7794299 -12.139428 2.9499874
-3.7406065 -12.13847 2.9499874
-3.7017832 -12.13751 2.9499874
-3.6604986 -12.135542 2.9499874
-3.6192956 -12.135474 2.9499874
-3.5836875 -12.140788 2.943764
-3.6614857 -12.102637 2.9499872
-3.6206045 -12.100695 2.9499874
-3.5831926 -12.10593 2.9433432
0 0 0 1 0 0 0 1 0 0 0 1 0 0 0 0 0 10114 1 0 0
