ply
format ascii 1.0
comment PCL generated
element vertex 9386
property float x
property float y
property float z
element face 0
element camera 1
property float view_px
property float view_py
property float view_pz
property float x_axisx
property float x_axisy
property float x_axisz
property float y_axisx
property float y_axisy
property float y_axisz
property float z_axisx
property float z_axisy
property float z_axisz
property float focal
property float scalex
property float scaley
property float centerx
property float centery
property int viewportx
property int viewporty
property float k1
property float k2
end_header
-0.26332855 -7.0761375 0.1507144
-0.21441865 -7.0742903 0.1525988
-0.29204464 -7.0723515 0.18014854
-0.26195669 -7.0723534 0.17876124
-0.21835777 -7.0723562 0.17905606
-0.38037682 -7.0723457 0.22066879
-0.33442524 -7.0723486 0.22186653
-0.29204464 -7.0723515 0.22248149
-0.26195645 -7.0723534 0.2213254
-0.21616101 -7.0723562 0.21956575
-0.16968727 -7.0723591 0.21777993
-0.46592045 -7.0723405 0.25990969
-0.42345154 -7.0723438 0.25852287
-0.38037682 -7.0723457 0.25711596
-0.33863136 -7.0723486 0.2580083
-0.29204464 -7.0723515 0.25952291
-0.26195621 -7.0723534 0.26388955
-0.21616101 -7.0723562 0.2624822
-0.16968727 -7.0723591 0.26105362
-0.57586282 -7.0723338 0.30365115
-0.53513479 -7.0723362 0.30263436
-0.49383759 -7.0723391 0.3016029
-0.46592045 -7.0723405 0.30090588
-0.42345154 -7.0723433 0.29984552
-0.38037682 -7.0723457 0.29876983
-0.33652806 -7.0723486 0.29767501
-0.29204464 -7.0723515 0.29656428
-0.26195621 -7.0723534 0.30113339
-0.21616101 -7.0723557 0.30003405
-0.61589754 -7.072331 0.34449404
-0.57586265 -7.0723338 0.34380203
-0.53513479 -7.0723362 0.34309846
-0.49383759 -7.0723391 0.34238458
-0.46592045 -7.0723405 0.34190214
-0.42345127 -7.0723433 0.34116814
-0.38037682 -7.0723457 0.34042376
-0.33652806 -7.0723486 0.33966595
-0.29204464 -7.0723515 0.33889729
-0.26195621 -7.0723534 0.33837718
-0.21616101 -7.0723562 0.33758578
-0.69421971 -7.0723267 0.38018358
-0.65538979 -7.0723281 0.37977359
-0.61589748 -7.072331 0.38433731
-0.57586253 -7.0723338 0.38395306
-0.53513449 -7.0723362 0.38356251
-0.49383748 -7.0723391 0.3831661
-0.46592045 -7.0723405 0.38289839
-0.42345119 -7.0723433 0.38249087
-0.38037682 -7.0723457 0.38207763
-0.33652806 -7.0723495 0.38165694
-0.29204392 -7.0723515 0.38123015
-0.26195621 -7.0723534 0.38094142
-0.21616089 -7.0723562 0.3805021
-0.85608292 -7.0723162 0.41988865
-0.8196249 -7.072319 0.41978416
-0.78268576 -7.0723205 0.41967812
-0.74513221 -7.0723228 0.41957045
-0.69421959 -7.0723267 0.42432976
-0.65538979 -7.0723286 0.42425567
-0.61589742 -7.072331 0.42418045
-0.57586241 -7.0723338 0.42410406
-0.5351342 -7.0723362 0.42402652
-0.49383736 -7.0723391 0.42394775
-0.46592045 -7.0723405 0.42389464
-0.42345119 -7.0723433 0.42381364
-0.38037682 -7.0723457 0.42373154
-0.33652806 -7.0723486 0.423648
-0.29204369 -7.0723515 0.42356306
-0.26195621 -7.0723534 0.42350578
-0.21616077 -7.0723562 0.42341843
-0.93901551 -7.0723109 0.46215528
-0.89195311 -7.0723143 0.4624275
-0.85608292 -7.0723162 0.46263483
-0.81962454 -7.0723186 0.46284556
-0.78268576 -7.0723209 0.46305919
-0.74513221 -7.0723228 0.46327627
-0.69421959 -7.0723267 0.46357083
-0.65538979 -7.0723286 0.46379524
-0.61589742 -7.072331 0.46402362
-0.57586241 -7.0723338 0.46425503
-0.5351342 -7.0723362 0.46449065
-0.49383736 -7.0723395 0.45963168
-0.46592045 -7.0723405 0.45976636
-0.42345119 -7.0723433 0.45997104
-0.38037682 -7.0723457 0.46017858
-0.33652806 -7.0723481 0.46039009
-0.29204369 -7.0723515 0.46060443
-0.26195621 -7.0723534 0.4607496
-0.21616077 -7.0723557 0.46097031
-1.0192652 -7.0723062 0.49843344
-0.98518372 -7.0723081 0.49889243
-0.93901551 -7.0723114 0.49951431
-0.89195287 -7.0723143 0.50014824
-0.85608292 -7.0723162 0.50063145
-0.81962454 -7.0723186 0.50112253
-0.78268576 -7.0723209 0.50162005
-0.74513221 -7.0723228 0.50212592
-0.69421947 -7.0723267 0.50281167
-0.65538979 -7.0723286 0.50333482
-0.61589742 -7.072331 0.50386679
-0.57586241 -7.0723338 0.50440603
-0.53708708 -7.0723357 0.50275511
-0.49383736 -7.0723391 0.49531555
-0.46592009 -7.0723405 0.49563792
-0.42345119 -7.0723433 0.49612838
-0.38037682 -7.0723457 0.49662575
-0.33652806 -7.0723486 0.49713224
-0.29204369 -7.0723515 0.49764583
-0.26195621 -7.0723534 0.49799335
-0.21616077 -7.0723562 0.49852204
-1.1400867 -7.0722985 0.54157239
-1.0956434 -7.0723019 0.5400821
-1.0528144 -7.0723038 0.53902602
-1.0192652 -7.0723062 0.53976828
-0.98518372 -7.0723085 0.54052204
-0.94031018 -7.0723109 0.53943408
-0.89195287 -7.0723147 0.5378691
-0.85608292 -7.0723162 0.5386281
-0.81962454 -7.0723186 0.53939939
-0.78268576 -7.0723209 0.54018104
-0.74513209 -7.0723228 0.54097551
-0.69421947 -7.0723267 0.54205275
-0.65538979 -7.0723286 0.5428744
-0.61589742 -7.072331 0.54370999
-0.57586241 -7.0723338 0.54455698
-0.53318125 -7.0723367 0.53750241
-0.49383736 -7.0723391 0.53609717
-0.46591997 -7.0723405 0.53663415
-0.42345119 -7.0723433 0.53745115
-0.38037682 -7.0723457 0.53827965
-0.33652788 -7.0723486 0.53912318
-0.29204369 -7.0723515 0.53997886
-0.26195621 -7.0723534 0.54055768
-0.21616077 -7.0723562 0.54143846
-1.2242063 -7.0722933 0.57919306
-1.1825297 -7.0722961 0.5805155
-1.1412765 -7.0722985 0.57983029
-1.0968554 -7.0723009 0.57871568
-1.0528145 -7.0723038 0.58007067
-1.0192649 -7.0723062 0.58110297
-0.98518372 -7.0723081 0.58215165
-0.9377206 -7.0723114 0.58101135
-0.89195287 -7.0723138 0.58030498
-0.85608292 -7.0723162 0.57662475
-0.81962454 -7.0723186 0.5776763
-0.78268576 -7.0723209 0.57874191
-0.74513197 -7.0723228 0.57982516
-0.69421947 -7.0723267 0.58129388
-0.65538979 -7.0723286 0.58241397
-0.6158973 -7.0723314 0.58355314
-0.57586241 -7.0723338 0.58470798
-0.53513408 -7.0723362 0.5757668
-0.49383736 -7.0723391 0.57687879
-0.46591997 -7.0723405 0.5776304
-0.42345107 -7.0723433 0.57877386
-0.38037682 -7.0723457 0.57993352
-0.33652782 -7.0723486 0.58111417
-0.29204369 -7.0723515 0.58231187
-0.26195621 -7.0723534 0.58312201
-0.21835749 -7.0723562 0.58199024
-1.34484 -7.0722857 0.61816418
-1.3053421 -7.0722885 0.61979705
-1.2651372 -7.0722909 0.62145913
-1.2242063 -7.0722928 0.6187554
-1.1825297 -7.0722961 0.62043822
-1.1388968 -7.072299 0.61970729
-1.0968554 -7.0723009 0.61937934
-1.0528145 -7.0723038 0.62111539
-1.0192647 -7.0723062 0.61784494
-0.98518372 -7.0723081 0.61915576
-0.93901539 -7.0723114 0.62093109
-0.89195287 -7.0723143 0.62274098
-0.85608292 -7.0723162 0.61937094
-0.82098365 -7.0723186 0.61855513
-0.78268576 -7.0723209 0.61730283
-0.74513197 -7.0723228 0.61867481
-0.69421947 -7.0723267 0.62053484
-0.65538979 -7.0723286 0.62195355
-0.61589718 -7.072331 0.62339628
-0.57586241 -7.0723338 0.62485898
-0.53513408 -7.0723362 0.61623096
-0.4938373 -7.0723391 0.61766028
-0.46591997 -7.0723405 0.61862659
-0.42345095 -7.0723429 0.62009656
-0.38037682 -7.0723457 0.62158746
-0.33652782 -7.0723486 0.62310517
-0.29204369 -7.0723515 0.61935323
-0.26195621 -7.0723534 0.6203658
-0.21396406 -7.0723562 0.61890668
-1.4207385 -7.0722809 0.65896124
-1.3836498 -7.0722833 0.65898561
-1.34484 -7.0722857 0.66096294
-1.3064491 -7.0722885 0.66099572
-1.2651372 -7.0722904 0.6606673
-1.2242063 -7.0722933 0.65831769
-1.1825298 -7.0722961 0.66036093
-1.1412764 -7.0722985 0.66038936
-1.0968553 -7.0723014 0.66004306
-1.0528144 -7.0723038 0.66216004
-1.0192647 -7.0723062 0.65917975
-0.98518372 -7.0723085 0.66078532
-0.93901539 -7.0723114 0.65829015
-0.89195287 -7.0723143 0.66046184
-0.85608292 -7.0723162 0.66211712
-0.81826538 -7.0723186 0.66119742
-0.78268564 -7.0723205 0.66068387
-0.74513197 -7.0723228 0.65752441
-0.69421935 -7.0723267 0.65977579
-0.65538979 -7.0723286 0.66149312
-0.61589718 -7.072331 0.66323948
-0.57586241 -7.0723338 0.65999109
-0.53513408 -7.0723362 0.65669507
-0.49383712 -7.0723386 0.65844178
-0.46591997 -7.0723405 0.65962291
-0.42345095 -7.0723429 0.66141921
-0.38037682 -7.0723457 0.66324133
-0.33652782 -7.0723481 0.65984732
-0.29204369 -7.0723515 0.6563946
-0.26195574 -7.0723534 0.65760934
-0.21616077 -7.0723562 0.65945858
-1.4971381 -7.0722766 0.70096421
-1.4582419 -7.072279 0.6987434
-1.4217887 -7.0722809 0.69910175
-1.3836497 -7.0722837 0.70141137
-1.34484 -7.0722852 0.69948184
-1.304235 -7.0722885 0.69949776
-1.2651372 -7.0722909 0.69987559
-1.2253536 -7.0722928 0.70025033
-1.1825297 -7.0722961 0.70028365
-1.1388965 -7.0722985 0.70030755
-1.0968552 -7.0723009 0.70070684
-1.0528144 -7.0723038 0.69864422
-1.0192647 -7.0723062 0.70051461
-0.98518348 -7.0723081 0.70241487
-0.93901539 -7.0723104 0.70031911
-0.89195287 -7.0723138 0.6981827
-0.85608292 -7.0723162 0.70011377
-0.81962454 -7.0723186 0.70207632
-0.78268528 -7.0723209 0.70406473
-0.74653208 -7.0723233 0.69899249
-0.69421935 -7.0723262 0.69901693
-0.65538979 -7.0723286 0.70103264
-0.61589718 -7.072331 0.70308262
-0.57586241 -7.0723333 0.69512314
-0.53513408 -7.0723362 0.69715923
-0.49383712 -7.0723386 0.6992234
-0.46591997 -7.0723405 0.7006191
-0.42345095 -7.0723429 0.70274204
-0.38037682 -7.0723457 0.69968849
-0.33652765 -7.0723486 0.69658941
-0.29204369 -7.0723515 0.69872761
-0.26195574 -7.0723534 0.70017374
-1.5591438 -7.0722723 0.72337496
-1.4869895 -7.0722771 0.7200129
-1.4592743 -7.0722785 0.72185099
-1.431241 -7.0722799 0.72371042
-1.34484 -7.0722857 0.72088122
-1.305342 -7.072288 0.72342503
-1.213881 -7.0722938 0.72050393
-1.1825297 -7.0722961 0.72246295
-1.0528142 -7.0723038 0.72144669
-1.0192647 -7.0723062 0.72347844
-0.89195275 -7.0723143 0.72175825
-0.85608244 -7.0723162 0.72386146
-0.73253107 -7.0723238 0.72136974
-0.7070756 -7.0723252 0.72281337
-0.57586241 -7.0723333 0.72021747
-0.53513408 -7.0723362 0.72244924
-0.38037682 -7.0723457 0.72051549
-0.33652759 -7.0723486 0.72283375
-1.7795019 -7.122263 0.79499072
-1.7387875 -7.1222653 0.79411238
-1.6964647 -7.121923 0.79280394
-1.6576023 -7.1222711 0.79472113
-1.6157039 -7.1215596 0.79142636
-1.5842307 -7.1219511 0.79281235
-1.5445621 -7.1222787 0.79397142
-1.4898233 -7.1216874 0.79215574
-1.4564152 -7.1220956 0.79359382
-1.4219809 -7.1222873 0.79477787
-1.3800435 -7.1222897 0.79479241
-1.3395951 -7.1218572 0.7926482
-1.3038268 -7.1222954 0.7941494
-1.2595556 -7.1222982 0.79415822
-1.2160463 -7.1215334 0.79156196
-1.1790372 -7.1223035 0.79348564
-1.1322315 -7.1223068 0.79348785
-1.0992901 -7.1223087 0.79554641
-1.0644066 -7.1217523 0.79246408
-1.0242919 -7.1223145 0.79417545
-0.97424459 -7.1223173 0.7941854
-0.9390018 -7.1223202 0.79631996
-0.90228748 -7.1219869 0.79342997
-0.85460901 -7.1223259 0.7920264
-0.81757164 -7.1223283 0.79419851
-0.77385074 -7.1216645 0.79265898
-0.74061596 -7.1219349 0.79335493
-0.7028861 -7.1223364 0.79122782
-0.6635077 -7.1223388 0.7934612
-0.62344027 -7.1223416 0.79573417
-0.580549 -7.1215658 0.79213613
-0.54578334 -7.1222458 0.79332858
-0.49950504 -7.1223502 0.79267669
-0.45679903 -7.1223531 0.79501706
-0.41347122 -7.1223559 0.79739165
-0.38251925 -7.1218195 0.79319364
-0.33955026 -7.1223612 0.79104751
-0.29427338 -7.122364 0.79344177
-0.26363754 -7.122366 0.79506183
-0.21698737 -7.1223698 0.79752851
-0.18154049 -7.121141 0.78701907
-0.13757038 -7.122375 0.79094493
-1.7400538 -7.1188354 0.78168851
-1.6299189 -7.1186624 0.78125215
-1.5054412 -7.1189833 0.78201008
-1.3732307 -7.1193237 0.78281492
-1.2507644 -7.1186171 0.78108346
-1.1019483 -7.1189671 0.78190774
-0.94297934 -7.1193409 0.78278828
-0.80571818 -7.1179771 0.77946162
-0.78382158 -7.1191492 0.7823
-0.61370182 -7.1189475 0.78178412
-0.41893435 -7.1193609 0.78275597
-0.22245884 -7.1191492 0.78221071
-3.6211243 -5.2509651 0.79591274
-3.6199312 -5.2092147 0.79048163
-3.6211195 -5.1858845 0.7934885
-3.6211169 -5.1476598 0.79433042
-3.6211133 -5.0989561 0.79540342
-3.6211114 -5.0691433 0.79606009
-1.9394993 -7.1222515 0.83575702
-1.9029734 -7.1222544 0.82733917
-1.8576419 -7.1222577 0.82028538
-1.8194511 -7.1222601 0.81849897
-1.7795022 -7.1222625 0.82168651
-1.7395359 -7.1222658 0.81926823
-1.6971714 -7.1222682 0.82046986
-1.6547419 -7.1222711 0.81983173
-1.6201286 -7.1222734 0.81853515
-1.5849247 -7.1222763 0.8212086
-1.5400345 -7.1222787 0.81921446
-1.4942313 -7.1222825 0.81992042
-1.4568381 -7.1222849 0.82268846
-1.4177147 -7.1222873 0.81910664
-1.3800436 -7.1222901 0.81997794
-1.3417114 -7.1222925 0.8208549
-1.2993243 -7.1222949 0.81914258
-1.2595556 -7.1222982 0.82003844
-1.2190695 -7.1223011 0.82094014
-1.1742783 -7.1223044 0.81918067
-1.1322314 -7.1223059 0.8201021
-1.0992901 -7.1223087 0.81788325
-1.0658219 -7.1223111 0.82013559
-1.0192046 -7.1223145 0.82074249
-0.97554135 -7.1223178 0.81958079
-0.9390018 -7.1223202 0.81942701
-0.90317577 -7.1223221 0.82176906
-0.85460901 -7.1223249 0.82024157
-0.81757164 -7.1223283 0.81788903
-0.77990568 -7.1223307 0.820279
-0.74172497 -7.1223335 0.82270157
-0.7043345 -7.1223364 0.81806684
-0.6635077 -7.1223388 0.81789207
-0.62344027 -7.1223412 0.82035744
-0.58280802 -7.1223445 0.82285762
-0.54145253 -7.1223474 0.82038528
-0.49950504 -7.1223502 0.81789553
-0.45679903 -7.1223531 0.82044113
-0.41347122 -7.1223559 0.8230238
-0.3841629 -7.1223578 0.81961602
-0.33955026 -7.1223612 0.8170349
-0.29427338 -7.122364 0.81964672
-0.26363754 -7.122366 0.82141399
-0.21922554 -7.1223693 0.82169133
-0.16962719 -7.1223726 0.8161152
-0.13757038 -7.122375 0.81790292
-0.10514259 -7.1223769 0.81971097
-3.6211381 -5.4509578 0.83528048
-3.6211357 -5.4115877 0.82499665
-3.6211326 -5.3751569 0.81921846
-3.6211302 -5.3348651 0.8204186
-3.6211274 -5.2962542 0.82156867
-3.6211247 -5.2555313 0.82086146
-3.6211212 -5.2140532 0.82012331
-3.6211197 -5.1858845 0.8170141
-3.6211162 -5.1428308 0.82018721
-3.6211133 -5.0989561 0.8234399
-3.6211114 -5.0691433 0.82026482
-2.0501051 -7.1222439 0.87827563
-2.0198083 -7.1222458 0.87108308
-1.9767442 -7.1222477 0.86344302
-1.941972 -7.122251 0.85992908
-1.9035995 -7.1222534 0.86089468
-1.8585523 -7.1222568 0.86023176
-1.819451 -7.1222606 0.86002725
-1.7795022 -7.122262 0.85982347
-1.738039 -7.1222658 0.86142421
-1.6971714 -7.1222682 0.85939789
-1.6539619 -7.1222706 0.86102766
-1.6201286 -7.1222734 0.85820359
-1.5849248 -7.1222754 0.86121541
-1.5400345 -7.1222782 0.85965264
-1.4942313 -7.1222825 0.86079895
-1.457886 -7.1222839 0.86200172
-1.4187814 -7.1222868 0.85878837
-1.3800435 -7.1222901 0.86195356
-1.3395005 -7.1222925 0.85867131
-1.30045 -7.1222963 0.85990906
-1.2607019 -7.1222982 0.86115903
-1.2167339 -7.1223011 0.85980988
-1.175468 -7.122304 0.86109275
-1.1322314 -7.1223068 0.86002362
-1.0992901 -7.1223083 0.85808963
-1.0658219 -7.1223116 0.86063147
-1.0204765 -7.1223145 0.859532
-0.97294784 -7.1223178 0.86054093
-0.93900186 -7.1223207 0.86101979
-0.90317571 -7.1223221 0.85901576
-0.85460901 -7.1223259 0.86256421
-0.81757164 -7.1223283 0.86053199
-0.77990568 -7.1223307 0.85847342
-0.74172497 -7.1223335 0.8611896
-0.70143771 -7.1223364 0.86135525
-0.6635077 -7.1223388 0.8569814
-0.62344027 -7.1223416 0.85975486
-0.58280802 -7.1223445 0.86256731
-0.54145253 -7.1223474 0.86041296
-0.49950504 -7.1223502 0.85824573
-0.45679903 -7.1223526 0.86111963
-0.41347122 -7.1223559 0.86403543
-0.3841629 -7.1223578 0.85569835
-0.33955026 -7.1223612 0.85861492
-0.29427338 -7.122364 0.86157477
-0.26363754 -7.122366 0.86357754
-0.2147492 -7.1223702 0.85841
-0.16962719 -7.1223726 0.85900146
-0.13757038 -7.122375 0.8610357
-0.10514259 -7.1223769 0.86309302
-3.6211441 -5.5333033 0.871126
-3.6211417 -5.4998565 0.86251926
-3.6211393 -5.4643807 0.86037213
-3.6211357 -5.4122443 0.85883003
-3.6211326 -5.3751574 0.86033022
-3.6211305 -5.3360605 0.86003035
-3.6211274 -5.2962542 0.85970783
-3.6211245 -5.2567768 0.86126637
-3.6211212 -5.2140532 0.85905945
-3.6211197 -5.1858845 0.86014432
-3.6211166 -5.1428308 0.85981399
-3.6211133 -5.0989561 0.86349189
-3.6211114 -5.0691433 0.86060584
-3.6211083 -5.0235529 0.86028564
-2.1367981 -7.1209898 0.91300476
-2.1014574 -7.1217933 0.90676624
-2.0635307 -7.1219659 0.90015596
-2.0214067 -7.1220036 0.89875472
-1.9782157 -7.121995 0.89969152
-1.9421666 -7.1219945 0.89814168
-1.9039329 -7.1219625 0.90003598
-1.8582689 -7.1221108 0.89744687
-1.8187081 -7.121882 0.90113622
-1.7791359 -7.1220794 0.89775681
-1.7392495 -7.1220417 0.89993626
-1.6981192 -7.1221437 0.89695454
-1.657328 -7.121871 0.90165663
-1.6196781 -7.1220603 0.89763582
-1.5854763 -7.1220722 0.89912063
-1.5397815 -7.12216 0.89726382
-1.4970961 -7.1219063 0.90090227
-1.4553068 -7.1220684 0.89860111
-1.4178749 -7.1218882 0.89994907
-1.3796622 -7.1221237 0.8995474
-1.339812 -7.1219511 0.89868164
-1.3002465 -7.1222091 0.89827985
-1.2576647 -7.1219873 0.89934605
-1.2184024 -7.1220245 0.89897466
-1.1748009 -7.1220322 0.90033835
-1.1329192 -7.1220951 0.89763045
-1.0989854 -7.1221876 0.89816093
-1.0649879 -7.1219826 0.90076232
-1.0210941 -7.1220593 0.89800656
-0.97565144 -7.1222177 0.89747864
-0.94208562 -7.1216989 0.90429258
-0.90305746 -7.1222777 0.89621317
-0.8560043 -7.1221929 0.89787483
-0.82056683 -7.1216063 0.90480328
-0.77970636 -7.1222582 0.89658761
-0.74091268 -7.1220417 0.89935303
-0.7040419 -7.1220846 0.90022933
-0.66335779 -7.1222863 0.89601201
-0.62263858 -7.1220632 0.89884222
-0.58133209 -7.1218362 0.90171313
-0.53928381 -7.1222839 0.89766777
-0.49871981 -7.1220856 0.8983016
-0.45812839 -7.1221123 0.89919233
-0.4189344 -7.1217623 0.90382552
-0.38364148 -7.1221867 0.8967452
-0.34111029 -7.1221728 0.89759535
-0.30032563 -7.1218719 0.90238273
-0.26333284 -7.1222692 0.90036267
-0.21880041 -7.1222353 0.89592582
-0.17349282 -7.1216002 0.90377939
-0.13757038 -7.122375 0.89877677
-0.10455354 -7.1221967 0.90085155
-2.1398709 -7.1189103 0.91803712
-2.0994375 -7.1189132 0.91804057
-2.0519433 -7.1193666 0.91695148
-2.0158234 -7.1189227 0.91802931
-1.980276 -7.119153 0.91747922
-1.9433547 -7.1190453 0.91774374
-1.8977236 -7.1186976 0.91859311
-1.8612638 -7.1196427 0.91631395
-1.8282437 -7.1187005 0.9185974
-1.7819309 -7.1194239 0.91685635
-1.7402781 -7.1189475 0.91801172
-1.6992844 -7.1191964 0.91742122
-1.6566128 -7.119081 0.9177044
-1.6131114 -7.1189585 0.91800958
-1.5781009 -7.1190886 0.91769552
-1.542478 -7.1192207 0.91738868
-1.5134869 -7.118453 0.91924286
-1.4694003 -7.1194911 0.91674626
-1.4292432 -7.1184492 0.91926366
-1.3730469 -7.1192465 0.91735369
-1.3416333 -7.1184473 0.9192822
-1.2939233 -7.1195288 0.91668433
-1.2613492 -7.1187181 0.91864359
-1.2200235 -7.1188598 0.91830808
-1.1780975 -7.118999 0.91798127
-1.1552529 -7.1184416 0.91932499
-1.1034491 -7.1195693 0.91661698
-1.0679839 -7.1187239 0.91865969
-1.002008 -7.1195927 0.91657984
-0.97734785 -7.1190176 0.91796875
-0.95242262 -7.1184354 0.91937172
-0.89596975 -7.1196136 0.91654372
-0.85721469 -7.1187305 0.91867733
-0.78516412 -7.1196389 0.91650331
-0.74451411 -7.1187329 0.91868883
-0.6831665 -7.1199675 0.91572428
-0.65503597 -7.1193566 0.91720259
-0.62658072 -7.1187372 0.91869664
-0.54757071 -7.1196895 0.91641891
-0.50287199 -7.1187401 0.91870922
-0.4044981 -7.1193943 0.91715038
-0.37313461 -7.1187449 0.91871786
-0.28610039 -7.1197448 0.91632569
-0.2533164 -7.1190829 0.91792309
-0.22012806 -7.118413 0.91954017
-0.12805319 -7.1194367 0.91709244
-0.093317032 -7.1187534 0.91874123
-2.1755292 -7.0722332 0.91340619
-2.1406476 -7.0722356 0.91217011
-2.1025259 -7.0722384 0.91156691
-2.0596709 -7.0722413 0.91196835
-2.0157979 -7.0722437 0.91238636
-1.9750175 -7.0722461 0.91177446
-1.9400988 -7.0722489 0.91094315
-1.8993489 -7.0722508 0.91212386
-1.8560044 -7.0722542 0.9114902
-1.8188683 -7.0722556 0.91062993
-1.7755018 -7.072258 0.91184485
-1.7375253 -7.0722609 0.91022843
-1.7047113 -7.0722628 0.91407633
-1.6629118 -7.0722656 0.91102916
-1.6203084 -7.0722685 0.91191947
-1.5855644 -7.0722704 0.91185308
-1.5412825 -7.0722733 0.9114092
-1.4961233 -7.0722761 0.91372812
-1.4592742 -7.072278 0.90949667
-1.4217887 -7.0722809 0.91360414
-1.3836496 -7.0722837 0.90929782
-1.3448398 -7.0722857 0.91347575
-1.3053417 -7.072288 0.90909195
-1.2651371 -7.0722909 0.91334271
-1.2242061 -7.0722933 0.90887856
-1.1825293 -7.0722957 0.91320491
-1.1365165 -7.0722985 0.91050977
-1.096855 -7.0723009 0.91306186
-1.0491096 -7.0723038 0.91031474
-1.0192647 -7.0723062 0.91178155
-0.98899394 -7.0723076 0.91326189
-0.93901503 -7.0723109 0.91046345
-0.89591247 -7.0723138 0.91311383
-0.85608244 -7.0723162 0.90909505
-0.81962442 -7.0723181 0.91259933
-0.78268528 -7.0723209 0.91132975
-0.74513173 -7.0723228 0.91004699
-0.69850463 -7.0723252 0.91279984
-0.65538907 -7.0723286 0.90861529
-0.61589694 -7.0723314 0.91225934
-0.57586241 -7.0723333 0.91093469
-0.530577 -7.0723367 0.91168898
-0.49383712 -7.0723386 0.9133268
-0.46591949 -7.07234 0.91072464
-0.41869864 -7.0723433 0.91149312
-0.38037586 -7.0723457 0.91316456
-0.33652759 -7.0723486 0.91179335
-0.29204369 -7.0723515 0.91039258
-0.26195574 -7.0723534 0.91299534
-0.21616006 -7.0723562 0.91159236
-0.16968679 -7.0723586 0.91015875
-0.13824272 -7.0723605 0.91281831
-3.6180351 -5.6579018 0.91753244
-3.5711524 -5.6518788 0.90512693
-3.620049 -5.6224837 0.91052097
-3.5711491 -5.6111622 0.90545273
-3.620527 -5.5801864 0.90206796
-3.5711472 -5.5779605 0.90285051
-3.620548 -5.5374227 0.9014535
-3.5711453 -5.5453482 0.90552944
-3.6199412 -5.5007558 0.90460461
-3.5711417 -5.4979844 0.90391499
-3.6205885 -5.4611993 0.90139753
-3.5711398 -5.4626942 0.90491807
-3.6203749 -5.416801 0.90112638
-3.5711374 -5.4266629 0.90593433
-3.6202464 -5.3781476 0.90412283
-3.5711339 -5.3776016 0.9022792
-3.6206286 -5.3376918 0.89958024
-3.5711317 -5.3400187 0.90711832
-3.6201768 -5.2991676 0.9043116
-3.5711288 -5.3016214 0.90433228
-3.6205335 -5.255908 0.90169048
-3.5711265 -5.2625542 0.90149748
-3.6201038 -5.2168789 0.90450823
-3.5711241 -5.2226238 0.90646678
-3.6200657 -5.1815615 0.90526062
-3.5711212 -5.181982 0.90359664
-3.6205819 -5.1419334 0.90072846
-3.5711184 -5.1404247 0.90468824
-3.6202071 -5.1000538 0.90495378
-3.5711155 -5.0981121 0.90578163
-3.62024 -5.0654416 0.90338045
-3.5711129 -5.0569067 0.90471303
-3.6206551 -5.0246763 0.90048379
-2.1732492 -7.1032414 0.92432588
-2.1387281 -7.1062565 0.92384696
-2.1014121 -7.1055102 0.92398041
-2.061167 -7.1066012 0.92365777
-2.021898 -7.1064968 0.92390507
-1.9832174 -7.1070409 0.92367232
-1.9410119 -7.1067352 0.92365867
-1.8992463 -7.1054688 0.92401481
-1.8604872 -7.1079788 0.92359465
-1.8203869 -7.1065869 0.9237507
-1.7799118 -7.1070299 0.92375433
-1.7398125 -7.1053376 0.92385691
-1.6997917 -7.1063108 0.92385274
-1.66043 -7.1060495 0.92383498
-1.6204455 -7.1058526 0.92390758
-1.5793843 -7.1071997 0.92378151
-1.5378927 -7.1053686 0.92394054
-1.495863 -7.1072426 0.92362994
-1.4611888 -7.1062689 0.9238528
-1.4194434 -7.1055846 0.92409706
-1.3811616 -7.1078353 0.92359471
-1.3373911 -7.1069565 0.9236173
-1.3005564 -7.1069341 0.92387861
-1.2602297 -7.105854 0.92396265
-1.2195187 -7.1074061 0.92376268
-1.1804147 -7.1046138 0.92400962
-1.1384937 -7.1072145 0.92373395
-1.1003141 -7.1061316 0.9236865
-1.0546004 -7.1070638 0.92374521
-1.0184189 -7.106596 0.92368776
-0.97907704 -7.106195 0.92374629
-0.93659782 -7.1059165 0.92397112
-0.89695752 -7.1081648 0.92364132
-0.86047852 -7.1071715 0.92371386
-0.82156748 -7.1067805 0.92343026
-0.77868295 -7.1062021 0.92401969
-0.74068177 -7.105278 0.92422563
-0.70016271 -7.1092558 0.92336285
-0.66062605 -7.1082306 0.92343605
-0.62186182 -7.1020164 0.92441571
-0.58316326 -7.1082997 0.92322373
-0.53918397 -7.1054029 0.92407531
-0.4974691 -7.1044593 0.9243269
-0.45730537 -7.1081076 0.9234103
-0.41898757 -7.1068206 0.92382222
-0.37970495 -7.1039162 0.92421162
-0.33806258 -7.1092048 0.92325175
-0.29789293 -7.1063881 0.92376423
-0.26142359 -7.1044354 0.92409313
-0.22296238 -7.1061196 0.92412537
-0.18073788 -7.1079645 0.92352325
-0.13785517 -7.1049776 0.92396939
-0.097789131 -7.1067352 0.92403668
-2.2174039 -7.0722313 0.94083965
-2.1805978 -7.0722346 0.94068855
-2.1406476 -7.0722356 0.94029087
-2.0998073 -7.072237 0.93987584
-2.0588026 -7.0722413 0.93948472
-2.0186963 -7.0722432 0.94036496
-1.9758672 -7.0722461 0.93997121
-1.93796 -7.0722489 0.94034678
-1.9014928 -7.0722504 0.93968588
-1.856962 -7.0722528 0.93930358
-1.8165928 -7.0722561 0.94095778
-1.7777839 -7.0722585 0.94028217
-1.7382649 -7.0722609 0.93957847
-1.7047113 -7.0722632 0.94161433
-1.6629118 -7.0722656 0.93884861
-1.6203083 -7.072268 0.94002551
-1.5855645 -7.0722709 0.94019288
-1.5412823 -7.0722733 0.94004673
-1.4971381 -7.0722756 0.94070816
-1.4592743 -7.0722785 0.93868607
-1.4228388 -7.0722809 0.94105023
-1.3836496 -7.0722837 0.93899596
-1.3459274 -7.0722852 0.94140404
-1.3053417 -7.0722885 0.93931675
-1.2651371 -7.0722909 0.93948162
-1.2242062 -7.0722933 0.93964922
-1.1825291 -7.0722957 0.93982005
-1.1400858 -7.072299 0.93999386
-1.096855 -7.0723009 0.94017112
-1.0528139 -7.0723038 0.94035149
-1.0192645 -7.0723057 0.93933809
-0.983913 -7.0723076 0.94049984
-0.93901503 -7.0723109 0.93848282
-0.89063263 -7.0723138 0.9408794
-0.85608244 -7.0723162 0.93759257
-0.81962442 -7.072319 0.94130701
-0.78268528 -7.0723205 0.9402504
-0.74513161 -7.0723228 0.93918407
-0.69421911 -7.0723262 0.93935591
-0.65538907 -7.0723286 0.93826997
-0.61589694 -7.072331 0.94214177
-0.57586241 -7.0723333 0.93602908
-0.53513348 -7.0723362 0.93994367
-0.49383712 -7.0723386 0.94391298
-0.46591949 -7.07234 0.93634725
-0.42345071 -7.0723429 0.94034779
-0.38037586 -7.0723457 0.93919826
-0.33652747 -7.0723486 0.93803763
-0.29204369 -7.0723515 0.94214237
-0.26195574 -7.0723534 0.93959808
-0.21616006 -7.0723557 0.93841505
-0.16968679 -7.0723586 0.94261408
-0.13824272 -7.0723605 0.94001549
-3.6042516 -5.6903009 0.92462754
-3.5758567 -5.6962748 0.93696505
-3.6094441 -5.6598377 0.92334121
-3.577702 -5.657074 0.93499619
-3.6096945 -5.6188354 0.92313755
-3.5772469 -5.6139536 0.93700695
-3.6090007 -5.5811224 0.92345691
-3.5824873 -5.5780759 0.93248028
-3.6087661 -5.5378523 0.92329538
-3.5751994 -5.5429001 0.93752307
-3.6079164 -5.4992666 0.92384863
-3.5771143 -5.4985476 0.93667656
-3.6094716 -5.4593334 0.92323345
-3.5805142 -5.4633303 0.93556589
-3.6087196 -5.4184833 0.92342597
-3.5766852 -5.4251652 0.93618834
-3.60938 -5.38135 0.92342228
-3.57743 -5.3788986 0.93632507
-3.6090198 -5.3399582 0.92327976
-3.5781987 -5.3408422 0.93677247
-3.6091385 -5.2980762 0.92338198
-3.5780652 -5.3017778 0.9350217
-3.6099942 -5.2599053 0.92301512
-3.5796089 -5.2625341 0.93528557
-3.6090829 -5.2210898 0.92348415
-3.5767653 -5.2204862 0.9379673
-3.6092288 -5.1845307 0.9234007
-3.5803151 -5.1800041 0.93395764
-3.6076877 -5.143116 0.92368031
-3.5751791 -5.1398559 0.93617433
-3.6102061 -5.0996289 0.92287451
-3.5803647 -5.0993357 0.93578076
-3.6087837 -5.0570273 0.92341614
-3.5768225 -5.0566335 0.93627959
-3.6090252 -5.0177841 0.92347246
-3.5936077 -5.0135474 0.92496574
-2.2550211 -7.072228 0.97994208
-2.2181954 -7.0722318 0.98001164
-2.1798351 -7.0722342 0.98006505
-2.1414716 -7.0722356 0.98014754
-2.1013949 -7.072238 0.98020262
-2.0604784 -7.0722418 0.97906291
-2.0169868 -7.0722432 0.98027372
-1.9741144 -7.0722466 0.98033184
-1.9386284 -7.072248 0.97937834
-1.9023752 -7.0722504 0.9796505
-1.8560069 -7.0722532 0.97967631
-1.8173039 -7.0722556 0.98121613
-1.7787797 -7.072258 0.98022836
-1.737525 -7.0722609 0.98046571
-1.7047113 -7.0722628 0.98095483
-1.6629119 -7.0722656 0.97859067
-1.6203083 -7.072268 0.98017704
-1.5855644 -7.0722709 0.98067826
-1.5400065 -7.0722733 0.9795689
-1.4961233 -7.0722761 0.97987115
-1.4592741 -7.0722785 0.98038512
-1.4207383 -7.0722809 0.97868848
-1.3836495 -7.0722837 0.98142177
-1.3437524 -7.0722852 0.97970456
-1.3064486 -7.0722885 0.98043674
-1.2651368 -7.0722909 0.97868967
-1.2253535 -7.0722928 0.98151135
-1.182529 -7.0722961 0.97974265
-1.1400858 -7.0722985 0.98028374
-1.0980669 -7.0723014 0.97868115
-1.052814 -7.0723038 0.9813962
-1.0192642 -7.0723052 0.98067284
-0.98518324 -7.0723081 0.97994548
-0.94030976 -7.0723114 0.97828555
-0.89195263 -7.0723143 0.98108912
-0.85608244 -7.0723162 0.98033875
-0.81962419 -7.0723186 0.97958386
-0.78268528 -7.0723209 0.98363143
-0.74513161 -7.0723228 0.97803372
-0.69279063 -7.0723267 0.98093629
-0.65538907 -7.0723286 0.97780955
-0.61589676 -7.072331 0.98198491
-0.57586241 -7.0723333 0.97618008
-0.53513336 -7.0723357 0.98040783
-0.49383712 -7.0723386 0.9846946
-0.46591949 -7.07234 0.97734344
-0.42345047 -7.0723429 0.98167038
-0.38037586 -7.0723457 0.97564542
-0.33652735 -7.0723486 0.98002857
-0.29204369 -7.0723515 0.97918367
-0.26195574 -7.0723534 0.97684181
-0.21616006 -7.0723557 0.98133153
-0.16968679 -7.0723586 0.98047847
-0.13824272 -7.0723605 0.97809148
-3.5711603 -5.7788005 0.97968668
-3.5711584 -5.7392731 0.97884375
-3.5711548 -5.6969414 0.98164636
-3.5711524 -5.6545587 0.97914648
-3.5711491 -5.6111627 0.98014307
-3.5711472 -5.5779605 0.98180562
-3.5711448 -5.5440831 0.97987294
-3.5711417 -5.4979844 0.98090953
-3.5711398 -5.4626942 0.97893047
-3.5711372 -5.4266624 0.98064524
-3.5711341 -5.3776016 0.98172456
-3.5711319 -5.3400187 0.97968978
-3.5711288 -5.3016214 0.97761089
-3.5711265 -5.2625542 0.98328513
-3.5711236 -5.2226233 0.9812007
-3.5711212 -5.181982 0.97907913
-3.5711181 -5.1404252 0.97690964
-3.5711155 -5.0981121 0.98280907
-3.5711129 -5.0548258 0.98063356
-2.2985542 -7.072226 1.0210098
-2.2557487 -7.072228 1.0196861
-2.217452 -7.0722318 1.0201427
-2.1790776 -7.0722342 1.0194672
-2.1398716 -7.0722356 1.0187769
-2.1005981 -7.072237 1.0204498
-2.0596638 -7.0722418 1.0197552
-2.0186961 -7.0722432 1.0202754
-1.9759178 -7.0722456 1.0195633
-1.9386283 -7.0722489 1.02018
-1.9005545 -7.0722504 1.020806
-1.8550441 -7.0722537 1.0200776
-1.8173039 -7.0722566 1.0194745
-1.7777839 -7.0722585 1.020124
-1.737525 -7.0722609 1.0194907
-1.7047113 -7.0722628 1.0202954
-1.6639651 -7.0722656 1.0196681
-1.6203082 -7.0722685 1.0203285
-1.5855644 -7.0722709 1.0211637
-1.5412822 -7.0722733 1.0191529
-1.4951085 -7.0722766 1.0190616
-1.4603063 -7.072278 1.0200869
-1.4217886 -7.0722809 1.0187523
-1.3847182 -7.0722833 1.0218151
-1.3448398 -7.0722857 1.0204726
-1.3042349 -7.0722885 1.0190961
-1.2662636 -7.0722904 1.0201678
-1.2230589 -7.0722928 1.0208697
-1.182529 -7.0722957 1.0196654
-1.1400858 -7.0722985 1.0205735
-1.0956428 -7.0723014 1.019134
-1.0540488 -7.0723038 1.0202562
-1.0192642 -7.0723057 1.0220077
-0.98645347 -7.0723076 1.0193594
-0.9377203 -7.0723109 1.0200969
-0.89195251 -7.0723138 1.0188098
-0.85608244 -7.0723162 1.0230849
-0.81962419 -7.0723186 1.0178608
-0.78268528 -7.0723209 1.0221924
-0.74653172 -7.0723228 1.019413
-0.69421893 -7.0723257 1.0227555
-0.65538907 -7.0723286 1.0173491
-0.6158967 -7.0723305 1.0218282
-0.57586241 -7.0723333 1.0163311
-0.53513336 -7.0723362 1.0208719
-0.49383703 -7.0723386 1.0203785
-0.46591949 -7.07234 1.0183398
-0.42548689 -7.0723429 1.0205505
-0.38037586 -7.0723457 1.0172993
-0.33652735 -7.0723486 1.0220196
-0.29204369 -7.0723515 1.0162251
-0.26195574 -7.0723534 1.0194062
-0.21835682 -7.0723557 1.0217102
-0.16968644 -7.0723586 1.018343
-3.5711632 -5.8183436 1.0223659
-3.5711601 -5.7788005 1.0204165
-3.5711577 -5.7383428 1.0184225
-3.5711548 -5.6969414 1.019855
-3.5711524 -5.6545587 1.0213217
-3.5711496 -5.6111627 1.0192665
-3.5711472 -5.5779605 1.0212833
-3.5711453 -5.5440836 1.0197119
-3.571142 -5.4969234 1.0195303
-3.5711396 -5.4626942 1.0196372
-3.5711372 -5.4266624 1.0217364
-3.5711339 -5.3776016 1.0195558
-3.5711319 -5.3400187 1.0178853
-3.5711288 -5.301621 1.0200354
-3.5711265 -5.2625542 1.0222315
-3.5711236 -5.2226233 1.0205342
-3.5711212 -5.181982 1.0188067
-3.5711186 -5.1404252 1.0170401
-3.5711155 -5.0981121 1.0233498
-2.4210696 -7.0722189 1.0605081
-2.381412 -7.0722203 1.0605061
-2.3410041 -7.0722237 1.0599737
-2.2985542 -7.072227 1.06137
-2.255749 -7.072228 1.0605398
-2.2181954 -7.0722303 1.0602999
-2.1798368 -7.0722342 1.0600545
-2.1406474 -7.0722351 1.0598043
-2.0998073 -7.072237 1.0607234
-2.0588551 -7.0722418 1.0604749
-2.0169868 -7.0722432 1.0602205
-1.9741696 -7.0722461 1.0599604
-1.9386284 -7.072248 1.0609815
-1.902428 -7.0722508 1.0607723
-1.8569615 -7.0722523 1.0605106
-1.8180149 -7.0722561 1.0597043
-1.7777865 -7.0722585 1.0600502
-1.7367854 -7.0722609 1.0604076
-1.7047113 -7.0722628 1.0596355
-1.6629118 -7.0722656 1.0607135
-1.6203083 -7.0722685 1.0604801
-1.5855644 -7.0722709 1.0616491
-1.5412822 -7.0722733 1.0600637
-1.4961236 -7.0722756 1.0584354
-1.4592739 -7.072278 1.0596044
-1.4217886 -7.0722809 1.0608116
-1.3825806 -7.0722833 1.0598207
-1.3459274 -7.0722852 1.0612113
-1.3053417 -7.0722885 1.0602162
-1.26401 -7.0722904 1.059193
-1.2253532 -7.0722928 1.060616
-1.182529 -7.0722961 1.0595882
-1.1400858 -7.072298 1.0608633
-1.0980669 -7.0723004 1.0599875
-1.051579 -7.0723038 1.0611098
-1.0192642 -7.0723057 1.0587498
-0.983913 -7.0723081 1.0607948
-0.93901503 -7.0723109 1.0598997
-0.8932724 -7.0723133 1.0589765
-0.85608244 -7.0723162 1.0610816
-0.82098329 -7.0723181 1.0586195
-0.7826851 -7.0723205 1.0607531
-0.74513161 -7.0723228 1.0605772
-0.69421887 -7.0723262 1.0619965
-0.65538907 -7.0723286 1.0568887
-0.6158967 -7.072331 1.0616714
-0.57586241 -7.0723333 1.056482
-0.53513336 -7.0723362 1.061336
-0.49383688 -7.0723386 1.0560623
-0.46591949 -7.07234 1.0593359
-0.42345023 -7.0723429 1.0591369
-0.38037586 -7.0723457 1.0589533
-0.33863041 -7.0723486 1.0615125
-0.29204369 -7.0723515 1.058558
-0.26195574 -7.0723534 1.0619705
-0.2139633 -7.0723562 1.058973
-0.16968632 -7.0723586 1.0616165
-3.5711677 -5.8948064 1.058952
-3.5711658 -5.8570023 1.0574549
-3.5711629 -5.8183436 1.0626358
-3.5711601 -5.7788005 1.0611465
-3.5711577 -5.7383428 1.0596231
-3.5711553 -5.6969414 1.0580637
-3.5711522 -5.6545587 1.0599823
-3.5711493 -5.6101642 1.0602993
-3.5711472 -5.5779605 1.0607606
-3.5711448 -5.5440831 1.0595506
-3.571142 -5.4990449 1.0596135
-3.5711396 -5.4626942 1.0603439
-3.5711372 -5.4266624 1.0590918
-3.5711336 -5.3764725 1.0594176
-3.5711319 -5.3400187 1.0599003
-3.5711288 -5.3016214 1.0624599
-3.5711265 -5.2625542 1.061178
-3.5711238 -5.2226238 1.0598679
-3.5711212 -5.181982 1.0585344
-3.5711181 -5.1404252 1.0571707
-3.5711155 -5.0981121 1.0598365
-2.5410461 -7.0722113 1.0999242
-2.5034177 -7.0722141 1.0990618
-2.4597757 -7.072216 1.099014
-2.4210689 -7.0722194 1.1005369
-2.38118 -7.0722203 1.1007425
-2.3403838 -7.0722227 1.1009513
-2.2985575 -7.072226 1.1000487
-2.2564785 -7.072228 1.1002516
-2.2189403 -7.0722308 1.1004323
-2.1805978 -7.0722337 1.1006169
-2.1414249 -7.0722351 1.1008059
-2.1013947 -7.072237 1.1009985
-2.0605271 -7.0722418 1.0999979
-2.0186963 -7.0722432 1.1001858
-1.9759178 -7.0722451 1.1003783
-1.9392967 -7.0722489 1.0999784
-1.9014949 -7.0722508 1.1007084
-1.8560066 -7.0722523 1.1009128
-1.8173039 -7.0722556 1.0998095
-1.7777838 -7.0722585 1.0999761
-1.737525 -7.0722609 1.101451
-1.7047113 -7.0722632 1.0989759
-1.6629115 -7.0722656 1.1004556
-1.6203083 -7.072268 1.1006315
-1.5855644 -7.0722709 1.1021345
-1.5425615 -7.0722733 1.0996004
-1.4961233 -7.0722761 1.0997803
-1.4582416 -7.0722785 1.0991496
-1.4228387 -7.0722804 1.100837
-1.3836492 -7.0722833 1.100214
-1.3437524 -7.0722852 1.0995705
-1.3064486 -7.0722885 1.1013064
-1.2651367 -7.0722909 1.1006711
-1.2230587 -7.0722928 1.1000142
-1.182529 -7.0722961 1.0995109
-1.1412756 -7.072298 1.0989887
-1.0956427 -7.0723014 1.1004825
-1.0528135 -7.0723038 1.0999696
-1.0192642 -7.0723052 1.1000847
-0.98518324 -7.0723076 1.1002088
-0.94030976 -7.0723109 1.0996702
-0.89063263 -7.0723133 1.1012361
-0.85608226 -7.0723162 1.0990782
-0.81962419 -7.0723181 1.0991875
-0.78268504 -7.0723205 1.099314
-0.74513161 -7.0723228 1.0994267
-0.69421887 -7.0723262 1.1012375
-0.65538907 -7.0723286 1.0964283
-0.6158967 -7.0723305 1.1015146
-0.57586193 -7.0723333 1.0966328
-0.53513336 -7.0723362 1.1018002
-0.49383688 -7.0723386 1.096844
-0.46591949 -7.07234 1.1003323
-0.42345023 -7.0723429 1.1004596
-0.38037586 -7.0723457 1.1006072
-0.33652699 -7.0723486 1.1007386
-0.29204369 -7.0723515 1.1008911
-0.26195574 -7.0723529 1.0992142
-0.21616006 -7.0723557 1.0993516
-3.5711763 -6.0214605 1.1001774
-3.5711744 -5.9857655 1.1008761
-3.5711708 -5.940865 1.0996203
-3.5711677 -5.8948064 1.0983323
-3.5711658 -5.8570023 1.097275
-3.5711632 -5.8183436 1.1029056
-3.5711603 -5.7788005 1.1018764
-3.5711577 -5.7383428 1.1008235
-3.5711553 -5.6969414 1.099746
-3.5711524 -5.6545587 1.0986429
-3.5711493 -5.6121602 1.099161
-3.5711472 -5.5779605 1.1002384
-3.5711448 -5.5440836 1.0993894
-3.5711422 -5.4979844 1.0982344
-3.5711396 -5.4626942 1.1010507
-3.5711372 -5.4266629 1.1001829
-3.5711343 -5.3787308 1.1007534
-3.5711319 -5.3400187 1.1019154
-3.5711293 -5.3016214 1.1010277
-3.5711265 -5.2625542 1.1001246
-3.5711236 -5.2226233 1.0992014
-3.5711212 -5.181982 1.098262
-3.5711181 -5.1404252 1.0973012
-2.6172194 -7.0722051 1.1402943
-2.5767553 -7.072207 1.1399884
-2.5399699 -7.0722117 1.1406373
-2.5036359 -7.0722132 1.1394187
-2.4599917 -7.0722175 1.1399083
-2.4210687 -7.0722194 1.1394844
-2.3811803 -7.0722203 1.1401498
-2.3403838 -7.0722227 1.1408293
-2.2985537 -7.072226 1.1387269
-2.2557492 -7.072228 1.1399699
-2.2181938 -7.0722308 1.139425
-2.1798346 -7.0722346 1.1400272
-2.1406453 -7.0722351 1.1406429
-2.1005983 -7.072237 1.1412718
-2.0588553 -7.0722418 1.1395363
-2.0169868 -7.0722432 1.1401671
-1.9750197 -7.0722461 1.1395701
-1.93796 -7.0722489 1.1406804
-1.9005544 -7.0722508 1.1406727
-1.8560041 -7.0722523 1.1400619
-1.8165928 -7.0722566 1.1399367
-1.7767853 -7.0722585 1.1399213
-1.737525 -7.0722609 1.1404761
-1.7047113 -7.0722628 1.1383164
-1.6629117 -7.0722656 1.1401978
-1.6203083 -7.0722685 1.1407831
-1.5865376 -7.0722699 1.140653
-1.5412821 -7.0722733 1.1391467
-1.4961231 -7.0722756 1.1411254
-1.4592739 -7.0722785 1.1388415
-1.4207382 -7.0722804 1.1385522
-1.3847179 -7.0722833 1.1405786
-1.3448398 -7.0722857 1.1403092
-1.3042349 -7.0722885 1.1400255
-1.2651367 -7.0722899 1.1398792
-1.2253532 -7.0722928 1.1397208
-1.182529 -7.0722961 1.1394336
-1.138896 -7.072298 1.1391311
-1.0980667 -7.0723014 1.141294
-1.0540484 -7.0723038 1.1387987
-1.0192642 -7.0723057 1.1414194
-0.98645347 -7.0723076 1.1395909
-0.93772006 -7.0723114 1.141546
-0.89195251 -7.0723133 1.1414027
-0.8560822 -7.0723162 1.1370747
-0.81826508 -7.0723186 1.1397895
-0.78268504 -7.0723205 1.137875
-0.74373138 -7.0723228 1.1406366
-0.69421887 -7.0723262 1.1404786
-0.65538907 -7.0723286 1.1359677
-0.6158967 -7.072331 1.1413577
-0.57586193 -7.0723333 1.1367838
-0.53513336 -7.0723362 1.1422642
-0.49383688 -7.0723386 1.1376256
-0.46591949 -7.07234 1.1413285
-0.42141342 -7.0723429 1.1391047
-0.38037586 -7.0723457 1.142261
-0.33442387 -7.0723486 1.1400092
-0.29204369 -7.0723515 1.1432241
-0.26195574 -7.0723529 1.136458
-0.21835682 -7.0723557 1.1396838
-3.5711818 -6.0969133 1.1410133
-3.5711784 -6.0550857 1.1403302
-3.5711765 -6.0207939 1.1397702
-3.5711739 -5.9857655 1.1391979
-3.5711708 -5.940865 1.1384646
-3.5711679 -5.8948064 1.1377126
-3.5711658 -5.8570023 1.1370952
-3.5711632 -5.8174548 1.1416416
-3.5711601 -5.7788005 1.1426064
-3.5711577 -5.7383428 1.1420242
-3.5711553 -5.6969414 1.1414281
-3.5711524 -5.6545582 1.1408182
-3.5711496 -5.6111627 1.1401936
-3.5711472 -5.5779605 1.1397159
-3.5711448 -5.5440831 1.1392282
-3.5711422 -5.4979844 1.1385647
-3.5711396 -5.4626942 1.1417575
-3.5711372 -5.4266624 1.1412739
-3.5711339 -5.3776016 1.1406153
-3.5711319 -5.3400187 1.140111
-3.5711288 -5.3016214 1.1395954
-3.5711265 -5.2625542 1.1390711
-3.5711236 -5.2226233 1.1385351
-3.5711212 -5.181982 1.1379896
-3.5711186 -5.1404252 1.1374319
-2.6995995 -7.0722022 1.1802946
-2.6566758 -7.0722046 1.1798421
-2.6172147 -7.0722051 1.1800367
-2.5769639 -7.0722075 1.1794448
-2.5410721 -7.0722117 1.1802679
-2.5038321 -7.0722146 1.1798302
-2.4602158 -7.072216 1.1807944
-2.4204757 -7.0722189 1.1795341
-2.3811798 -7.0722203 1.179557
-2.3403835 -7.0722232 1.1807067
-2.2985532 -7.0722251 1.179087
-2.2557468 -7.072228 1.1796889
-2.2181954 -7.0722303 1.1795652
-2.1798368 -7.0722342 1.1805975
-2.1398714 -7.0722356 1.1805058
-2.1006024 -7.072237 1.1803615
-2.0604782 -7.0722413 1.1802227
-2.0186961 -7.0722432 1.1800964
-1.975015 -7.0722461 1.179987
-1.9386284 -7.072248 1.1796772
-1.9024279 -7.0722504 1.1805815
-1.8550441 -7.0722523 1.1792394
-1.8173039 -7.0722566 1.1801598
-1.7787795 -7.0722585 1.1810969
-1.737525 -7.0722609 1.1795012
-1.7054631 -7.0722628 1.1796619
-1.6629115 -7.0722656 1.1799397
-1.6203082 -7.072268 1.1809345
-1.5855643 -7.0722704 1.1790483
-1.5412821 -7.0722733 1.1800575
-1.4971381 -7.0722756 1.1804521
-1.4592739 -7.072278 1.1805406
-1.4217885 -7.0722809 1.1785777
-1.3825804 -7.0722828 1.1786418
-1.3459274 -7.0722852 1.1810187
-1.3064486 -7.0722885 1.1790084
-1.2651367 -7.0722899 1.1790874
-1.2230586 -7.0722928 1.1791584
-1.1836972 -7.0722961 1.1816266
-1.1412755 -7.072298 1.1795478
-1.0956427 -7.0723009 1.1818309
-1.0515789 -7.0723038 1.179714
-1.0192642 -7.0723057 1.1781616
-0.983913 -7.0723076 1.1810899
-0.93901479 -7.0723114 1.1813166
-0.89195251 -7.0723133 1.1791236
-0.85608214 -7.0723162 1.179821
-0.81962413 -7.0723186 1.1805377
-0.78268504 -7.0723205 1.1764358
-0.74513131 -7.0723228 1.1819943
-0.69421887 -7.0723262 1.1797197
-0.65538907 -7.0723286 1.1755073
-0.6158967 -7.0723305 1.181201
-0.57586193 -7.0723333 1.1769348
-0.53513318 -7.0723362 1.1827283
-0.49383688 -7.0723386 1.1784072
-0.46591949 -7.07234 1.1823246
-0.42344999 -7.0723429 1.1779535
-0.38037586 -7.0723457 1.1839149
-0.33652687 -7.0723486 1.1794858
-0.29204369 -7.0723515 1.1802655
-0.26195574 -7.0723529 1.1790223
-0.21615982 -7.0723557 1.179805
-3.5711899 -6.2238655 1.1816015
-3.5711865 -6.177464 1.1814283
-3.5711842 -6.1377387 1.1812803
-3.5711815 -6.0969129 1.1811279
-3.5711784 -6.0550852 1.1809721
-3.5711763 -6.0207939 1.1808443
-3.5711741 -5.985765 1.1807135
-3.5711713 -5.9417763 1.1795733
-3.5711679 -5.8948064 1.1770929
-3.5711653 -5.8570023 1.1769153
-3.5711632 -5.819232 1.1782676
-3.5711606 -5.7788005 1.179942
-3.5711579 -5.7383432 1.1797912
-3.5711551 -5.6969414 1.1796368
-3.5711524 -5.6545582 1.179479
-3.5711491 -5.6111627 1.1793172
-3.5711472 -5.5779605 1.1791934
-3.5711448 -5.5440836 1.1790673
-3.5711417 -5.4979839 1.1788951
-3.5711396 -5.4626942 1.1787636
-3.5711372 -5.4266624 1.1786294
-3.5711341 -5.3776011 1.1784465
-3.5711319 -5.3400187 1.1783063
-3.5711288 -5.3016214 1.1781632
-3.5711265 -5.2625542 1.1780175
-3.5711238 -5.2226229 1.1778686
-3.5711212 -5.181982 1.1777173
-3.5711181 -5.1404252 1.1775625
-2.8183579 -7.0721917 1.2204916
-2.7779083 -7.0721946 1.2198645
-2.7417958 -7.0721993 1.2205576
-2.7004597 -7.0722022 1.2196002
-2.6568525 -7.0722041 1.219828
-2.6172194 -7.0722051 1.219779
-2.5765667 -7.0722075 1.2197267
-2.5405223 -7.0722117 1.2199384
-2.5027757 -7.0722136 1.2201705
-2.4599946 -7.072216 1.2201105
-2.4216604 -7.0722189 1.2206042
-2.3811798 -7.0722203 1.2189645
-2.3403838 -7.0722232 1.2205848
-2.2985532 -7.0722256 1.2194474
-2.2557487 -7.072228 1.2194079
-2.2181952 -7.0722313 1.220852
-2.1798384 -7.0722337 1.2200086
-2.1414247 -7.0722356 1.2202936
-2.1005983 -7.072237 1.2194507
-2.0596638 -7.0722423 1.2209591
-2.0178177 -7.0722432 1.2188681
-1.9750195 -7.0722461 1.220404
-1.9392966 -7.0722485 1.2186534
-1.9014949 -7.0722504 1.2205461
-1.8569615 -7.0722523 1.2195951
-1.8180146 -7.0722561 1.2203606
-1.7777838 -7.072258 1.2210424
-1.737525 -7.0722609 1.218526
-1.7047113 -7.0722632 1.2209232
-1.6629113 -7.0722656 1.2196816
-1.6203083 -7.072268 1.221086
-1.5855643 -7.0722709 1.2195336
-1.5412786 -7.0722733 1.2196048
-1.496123 -7.0722761 1.2196718
-1.4603063 -7.0722785 1.2201948
-1.4217882 -7.0722809 1.220637
-1.3836491 -7.0722833 1.2190063
-1.3437524 -7.0722857 1.2194363
-1.3053417 -7.0722885 1.2199665
-1.2662635 -7.0722899 1.2205157
-1.2253528 -7.0722928 1.2188253
-1.1813607 -7.0722961 1.2214447
-1.138896 -7.0722985 1.2197313
-1.0968547 -7.0723009 1.220299
-1.0540484 -7.0723038 1.2208667
-1.0192642 -7.0723052 1.2194964
-0.98518324 -7.0723081 1.220472
-0.93901485 -7.0723109 1.2186756
-0.8932724 -7.0723133 1.219247
-0.8560822 -7.0723162 1.2225672
-0.81962395 -7.0723186 1.2188146
-0.78268504 -7.0723205 1.2198169
-0.74513137 -7.0723224 1.2208439
-0.69421887 -7.0723262 1.2189608
-0.65538907 -7.0723281 1.2199893
-0.61589652 -7.0723305 1.2210441
-0.57586193 -7.0723333 1.2170858
-0.53708601 -7.0723357 1.2207263
-0.49383688 -7.0723386 1.2191888
-0.46591949 -7.07234 1.223321
-0.42344999 -7.0723429 1.2192762
-0.38037586 -7.0723457 1.2203622
-0.33652687 -7.0723486 1.2214769
-0.29204321 -7.072351 1.2173067
-0.26195574 -7.0723529 1.2215867
-0.21396303 -7.0723557 1.2199726
-3.5711975 -6.3410807 1.2219249
-3.5711946 -6.2981944 1.222347
-3.5711927 -6.261519 1.219782
-3.5711899 -6.223866 1.2201161
-3.5711865 -6.1774635 1.2205279
-3.5711839 -6.1377392 1.2208805
-3.5711818 -6.0969124 1.2212428
-3.5711784 -6.0550861 1.221614
-3.5711765 -6.0207939 1.2219185
-3.5711744 -5.9857655 1.2222292
-3.571171 -5.9399061 1.2214371
-3.5711677 -5.8948064 1.2197549
-3.5711658 -5.8577371 1.2185123
-3.5711632 -5.8183436 1.2170036
-3.5711601 -5.7788005 1.2172779
-3.5711575 -5.7383428 1.2175585
-3.5711548 -5.6969414 1.2178456
-3.571152 -5.6545582 1.2181396
-3.5711491 -5.6111627 1.2184407
-3.5711472 -5.5779605 1.218671
-3.5711448 -5.5440831 1.218906
-3.571142 -5.4979839 1.2192258
-3.5711396 -5.4626942 1.2194705
-3.5711372 -5.4266624 1.2197205
-3.5711343 -5.3776016 1.2200607
-3.5711315 -5.3400187 1.2203214
-3.5711288 -5.3027949 1.2188208
-3.5711265 -5.2625542 1.216964
-3.5711236 -5.2226233 1.2172022
-3.5711212 -5.181982 1.2174449
-3.5711186 -5.1404252 1.2176927
-2.9032731 -7.0721893 1.2597879
-2.861547 -7.0721898 1.2598958
-2.8183575 -7.0721908 1.2605852
-2.7784076 -7.0721955 1.2597772
-2.742481 -7.0721993 1.2601888
-2.6996059 -7.0722022 1.2595043
-2.6570485 -7.0722046 1.2598635
-2.6174006 -7.0722051 1.2602649
-2.5769641 -7.0722084 1.2599355
-2.54052 -7.0722113 1.2606388
-2.5036359 -7.0722132 1.2597367
-2.4597754 -7.072217 1.2594348
-2.4210687 -7.0722189 1.2606539
-2.3809509 -7.0722203 1.2592168
-2.3403835 -7.0722227 1.2604624
-2.2985532 -7.0722256 1.2598077
-2.2557487 -7.072228 1.2602619
-2.2181973 -7.0722299 1.2598453
-2.1798368 -7.0722337 1.2594194
-2.1406453 -7.0722356 1.2601563
-2.0998073 -7.072238 1.2597669
-2.0596681 -7.0722418 1.2604814
-2.0178134 -7.0722432 1.2588325
-1.975015 -7.0722461 1.2608209
-1.9379598 -7.0722489 1.2593967
-1.9005545 -7.0722508 1.2605392
-1.8560066 -7.0722523 1.2600356
-1.8173037 -7.0722556 1.2604947
-1.7777838 -7.072258 1.2596804
-1.7382648 -7.0722609 1.2595254
-1.7047112 -7.0722632 1.2602636
-1.6629115 -7.0722656 1.2594237
-1.6203082 -7.072268 1.2612374
-1.5855643 -7.0722709 1.2600189
-1.5412822 -7.0722733 1.2591522
-1.496123 -7.0722756 1.2610167
-1.4592739 -7.0722785 1.2597598
-1.4228387 -7.0722809 1.2606241
-1.3847177 -7.0722828 1.259342
-1.3448397 -7.0722857 1.2601458
-1.3042349 -7.072288 1.2609545
-1.26401 -7.0722904 1.2596405
-1.2230583 -7.0722928 1.2583028
-1.1836972 -7.0722957 1.2614518
-1.1412755 -7.072298 1.2601068
-1.0980667 -7.0723009 1.258737
-1.0515789 -7.0723038 1.2618246
-1.0192642 -7.0723057 1.2608312
-0.98645347 -7.0723076 1.2598224
-0.94030952 -7.0723114 1.2584038
-0.89195228 -7.0723133 1.2592689
-0.8560822 -7.0723162 1.2605639
-0.82098311 -7.0723186 1.2595184
-0.78268504 -7.0723205 1.2631979
-0.74513137 -7.0723233 1.2596935
-0.6942187 -7.0723257 1.2582017
-0.65538907 -7.0723286 1.2644714
-0.61589646 -7.0723305 1.2608873
-0.57586193 -7.0723333 1.2572368
-0.53513312 -7.0723357 1.2585855
-0.49383688 -7.0723386 1.2599704
-0.46591949 -7.07234 1.2643172
-0.42344999 -7.0723429 1.2605988
-0.38037586 -7.0723457 1.2568092
-0.33862987 -7.0723486 1.260893
-0.29204321 -7.072351 1.2596397
-0.26195574 -7.0723529 1.2588304
-0.21615982 -7.0723553 1.260288
-3.571203 -6.423255 1.2598869
-3.5712001 -6.3827505 1.2608353
-3.5711975 -6.3410807 1.2618113
-3.5711946 -6.2989569 1.2609677
-3.5711923 -6.2615194 1.2578222
-3.5711899 -6.223866 1.2586309
-3.5711863 -6.177464 1.2596276
-3.5711842 -6.1377387 1.2604808
-3.5711823 -6.0977402 1.2604094
-3.5711784 -6.0550857 1.2591296
-3.5711765 -6.0207939 1.259833
-3.5711739 -5.985765 1.2605513
-3.5711713 -5.940865 1.2614722
-3.5711679 -5.8948064 1.262417
-3.5711653 -5.8570023 1.2598644
-3.5711632 -5.8183436 1.2572736
-3.5711601 -5.7788005 1.2580078
-3.5711577 -5.7383428 1.2587591
-3.5711548 -5.6969414 1.2595279
-3.5711524 -5.6545582 1.2603151
-3.5711491 -5.6111627 1.2611209
-3.5711472 -5.5779605 1.2617375
-3.5711448 -5.5440836 1.258745
-3.5711422 -5.4979839 1.2595561
-3.5711396 -5.4626942 1.2601774
-3.5711372 -5.4266624 1.2608114
-3.5711341 -5.3776016 1.261675
-3.5711315 -5.3400183 1.2623364
-3.5711288 -5.3004475 1.2609224
-3.5711267 -5.2625542 1.2598052
-3.5711241 -5.2238436 1.2586552
-3.5711212 -5.181982 1.2571726
-3.5711181 -5.1404252 1.2578233
-3.0228701 -7.0721779 1.3005339
-2.9805148 -7.0721836 1.2998971
-2.9398489 -7.0721884 1.2999866
-2.9037328 -7.0721889 1.2998381
-2.861547 -7.0721898 1.2994082
-2.8183577 -7.0721922 1.3006786
-2.7785733 -7.0721951 1.2996606
-2.7414565 -7.0721993 1.2998527
-2.7001634 -7.0722027 1.2999883
-2.6562984 -7.0722046 1.2990824
-2.6176016 -7.0722051 1.3008006
-2.5771513 -7.0722075 1.2994404
-2.5405207 -7.0722117 1.3002959
-2.5038323 -7.0722146 1.300141
-2.4606526 -7.072216 1.2995018
-2.4210687 -7.0722189 1.2996011
-2.3818696 -7.0722198 1.3002298
-2.3403838 -7.0722222 1.3003404
-2.2988143 -7.0722251 1.2992971
-2.2557487 -7.072228 1.3011158
-2.2181954 -7.0722308 1.2988383
-2.1798346 -7.0722337 1.2999896
-2.1398714 -7.0722356 1.3000443
-2.1013951 -7.072237 1.2999566
-2.0596638 -7.0722418 1.3000035
-2.0178177 -7.0722432 1.2987972
-1.9750196 -7.0722456 1.3012379
-1.9392966 -7.0722489 1.3002427
-1.9024278 -7.0722504 1.3003904
-1.8560041 -7.0722523 1.2991849
-1.8165927 -7.0722561 1.3006507
-1.7777864 -7.072258 1.2996066
-1.737525 -7.0722609 1.3004709
-1.7047112 -7.0722628 1.2996039
-1.6629113 -7.0722656 1.2991658
-1.6203083 -7.072268 1.301389
-1.5855643 -7.0722709 1.3005044
-1.5412821 -7.0722733 1.300063
-1.4951081 -7.0722756 1.3002735
-1.4582416 -7.0722785 1.2993525
-1.4217882 -7.0722809 1.3005404
-1.3836491 -7.0722833 1.2996061
-1.3459271 -7.0722852 1.300826
-1.3064486 -7.0722885 1.299878
-1.2662635 -7.0722904 1.2989128
-1.2242056 -7.0722933 1.3001055
-1.1813607 -7.0722952 1.3013105
-1.1388959 -7.072298 1.3003315
-1.0956427 -7.0723014 1.2993342
-1.0528136 -7.0723033 1.3006324
-1.0192641 -7.0723057 1.2975732
-0.983913 -7.0723076 1.3013849
-0.93772 -7.0723109 1.3003643
-0.89063233 -7.0723133 1.2993239
-0.8560822 -7.0723162 1.2985605
-0.81962395 -7.0723186 1.3001415
-0.78268504 -7.0723205 1.3017589
-0.74513125 -7.0723228 1.2985432
-0.69564712 -7.0723262 1.2999194
-0.65538907 -7.0723286 1.3040111
-0.61589646 -7.0723305 1.3007305
-0.57586193 -7.0723333 1.2973878
-0.53513312 -7.0723357 1.2990495
-0.49383688 -7.0723386 1.300752
-0.46591902 -7.07234 1.3001888
-0.42344999 -7.0723429 1.3019216
-0.38037586 -7.0723457 1.2984631
-0.33652687 -7.0723486 1.3001958
-0.29204321 -7.072351 1.3019729
-0.26195574 -7.0723529 1.2960743
-0.21835653 -7.0723548 1.300557
-3.5712109 -6.5382481 1.2997204
-3.571208 -6.5003858 1.3002101
-3.5712054 -6.4626431 1.2999325
-3.5712032 -6.423255 1.2986581
-3.5711997 -6.3827505 1.3001566
-3.5711975 -6.3410807 1.3016979
-3.5711944 -6.297471 1.2983912
-3.571192 -6.2615194 1.2987884
-3.5711899 -6.223866 1.3001083
-3.5711865 -6.1782503 1.3008002
-3.5711842 -6.1377387 1.3000809
-3.5711818 -6.0960412 1.3003594
-3.5711784 -6.0550852 1.2997715
-3.5711763 -6.0214605 1.2994227
-3.5711739 -5.9857655 1.2988734
-3.5711708 -5.940865 1.3003168
-3.5711677 -5.8948064 1.301797
-3.5711656 -5.856267 1.3012441
-3.5711632 -5.8183436 1.2975434
-3.5711603 -5.7788005 1.2987376
-3.5711575 -5.7383428 1.2999597
-3.5711548 -5.6969414 1.30121
-3.5711524 -5.6555328 1.3008585
-3.5711493 -5.6111631 1.3002442
-3.5711472 -5.5779605 1.3012149
-3.5711443 -5.5440831 1.2985836
-3.571142 -5.4979839 1.2998866
-3.5711396 -5.4626942 1.3008841
-3.5711372 -5.4266624 1.298167
-3.5711339 -5.3776016 1.2995062
-3.5711315 -5.3400183 1.300532
-3.5711288 -5.3016214 1.30158
-3.5711265 -5.2625542 1.3026464
-3.5711234 -5.2214031 1.301617
-3.5711212 -5.181982 1.2969002
-3.5711181 -5.1404252 1.2979538
-3.1425116 -7.0721741 1.340145
-3.1003139 -7.0721745 1.3403686
-3.0599811 -7.0721765 1.3393613
-3.022059 -7.0721784 1.34058
-2.9797194 -7.0721836 1.3400651
-2.9404063 -7.0721879 1.3397866
-2.903502 -7.0721889 1.3393475
-2.8615484 -7.0721898 1.3400494
-2.8183577 -7.0721917 1.3407717
-2.7784076 -7.0721955 1.3395855
-2.7421374 -7.0721993 1.3394752
-2.699311 -7.0722027 1.3399222
-2.6566732 -7.0722041 1.3398569
-2.616833 -7.0722051 1.3405222
-2.576364 -7.0722075 1.3396665
-2.5405226 -7.0722117 1.3389094
-2.5034201 -7.0722122 1.3397059
-2.4595714 -7.072217 1.3404071
-2.4210699 -7.0722189 1.3396302
-2.3811796 -7.0722203 1.3404651
-2.3403838 -7.0722232 1.3402181
-2.2985532 -7.0722256 1.3388433
-2.2550209 -7.072228 1.3408917
-2.2181952 -7.0722303 1.3401252
-2.1798365 -7.0722342 1.3405597
-2.1414247 -7.0722356 1.3397815
-2.1005981 -7.072238 1.3402727
-2.0596681 -7.0722418 1.3395257
-2.0178132 -7.0722432 1.3387618
-1.9741143 -7.0722461 1.3404955
-1.93796 -7.0722489 1.3410143
-1.9014947 -7.0722504 1.3403836
-1.8560017 -7.0722523 1.3395971
-1.8173037 -7.0722556 1.3408448
-1.7777838 -7.0722585 1.3395326
-1.737525 -7.0722609 1.3394959
-1.7047112 -7.0722632 1.3389442
-1.6629115 -7.0722656 1.3389081
-1.6203082 -7.0722685 1.3415406
-1.5855643 -7.0722704 1.3409898
-1.5412821 -7.0722733 1.340974
-1.496123 -7.0722756 1.3395809
-1.4592738 -7.0722785 1.3389969
-1.420738 -7.0722809 1.3404852
-1.3825804 -7.0722828 1.3398988
-1.3437521 -7.0722857 1.3393021
-1.3042347 -7.072288 1.3386947
-1.2651366 -7.0722899 1.3402672
-1.2253528 -7.0722928 1.3418772
-1.1836971 -7.0722957 1.3412772
-1.1412755 -7.072298 1.3406661
-1.0980667 -7.0723004 1.3400434
-1.0540484 -7.0723038 1.3394094
-1.019264 -7.0723052 1.338908
-0.98518324 -7.0723076 1.3407354
-0.93901467 -7.0723109 1.3400924
-0.89195228 -7.0723133 1.3394371
-0.8560822 -7.0723162 1.3365571
-0.81826466 -7.072319 1.3407981
-0.78268504 -7.0723205 1.3403198
-0.74653113 -7.0723228 1.3398336
-0.69421864 -7.0723262 1.3415767
-0.65538907 -7.0723286 1.3435507
-0.61589646 -7.0723305 1.3405737
-0.57586193 -7.0723333 1.337539
-0.535133 -7.0723362 1.3395137
-0.49383688 -7.0723386 1.3415337
-0.46591902 -7.07234 1.3360605
-0.42548662 -7.0723429 1.3406802
-0.38037586 -7.0723457 1.340117
-0.33442381 -7.0723486 1.3395432
-0.29204321 -7.072351 1.3390142
-0.26195574 -7.0723529 1.3386385
-0.21615958 -7.0723553 1.3407415
-3.5712154 -6.6214786 1.3402925
-3.571213 -6.5810881 1.3406312
-3.5712111 -6.5382481 1.3395888
-3.5712075 -6.5015302 1.3398335
-3.5712056 -6.4626436 1.3409001
-3.5712032 -6.4238348 1.3393221
-3.5711997 -6.3827505 1.3394774
-3.5711975 -6.3410807 1.3415843
-3.5711949 -6.2981944 1.3379716
-3.5711918 -6.2615194 1.3397548
-3.5711899 -6.2246289 1.3406554
-3.5711868 -6.1766357 1.3397602
-3.5711842 -6.1377382 1.3396814
-3.5711818 -6.0977817 1.3395927
-3.5711784 -6.0550857 1.3404136
-3.5711763 -6.0201273 1.3403059
-3.5711741 -5.985765 1.3403891
-3.5711713 -5.940865 1.3391613
-3.5711679 -5.8948064 1.3411775
-3.5711658 -5.8570023 1.3428324
-3.5711629 -5.8183436 1.3378133
-3.5711601 -5.7788005 1.3394675
-3.5711577 -5.7383428 1.3411602
-3.5711553 -5.6978931 1.3412691
-3.571152 -5.653584 1.339268
-3.5711496 -5.6111622 1.3393679
-3.5711472 -5.5779605 1.3406925
-3.5711448 -5.5451183 1.3403516
-3.5711422 -5.4979839 1.340217
-3.5711396 -5.4626942 1.3415909
-3.5711372 -5.4266624 1.3392581
-3.5711341 -5.3787308 1.3393525
-3.5711315 -5.3400183 1.3387274
-3.5711293 -5.3016214 1.3401477
-3.5711265 -5.2625542 1.341593
-3.5711236 -5.2226233 1.3430699
-3.5711212 -5.181982 1.3366278
-3.5711181 -5.1404252 1.3380843
-3.2202108 -7.0721717 1.3791119
-3.1804466 -7.0721726 1.3795931
-3.1422794 -7.0721741 1.3797048
-3.099606 -7.0721745 1.3797064
-3.0599825 -7.0721765 1.3804142
-3.0228698 -7.0721779 1.3805521
-2.9802425 -7.0721836 1.3807012
-2.9405353 -7.0721879 1.3803201
-2.9035006 -7.0721884 1.3799644
-2.8615465 -7.0721898 1.3806905
-2.8183582 -7.0721917 1.3808651
-2.7784073 -7.0721946 1.3802165
-2.7419677 -7.0721998 1.3798845
-2.7004445 -7.0722017 1.3797693
-2.6570477 -7.0722041 1.3806169
-2.6176012 -7.0722051 1.3802762
-2.5771513 -7.0722075 1.3799264
-2.5405202 -7.0722113 1.3796098
-2.5030081 -7.0722127 1.3792858
-2.4599943 -7.072216 1.3805208
-2.4210684 -7.0722189 1.3796597
-2.3811798 -7.0722203 1.3798722
-2.3403835 -7.0722222 1.380096
-2.2985532 -7.0722256 1.3792034
-2.2564783 -7.072228 1.3793617
-2.2181933 -7.0722308 1.3802652
-2.1798384 -7.0722342 1.3799707
-2.1406453 -7.0722356 1.3796698
-2.1006021 -7.072237 1.3793621
-2.0596638 -7.0722418 1.3790479
-2.0178177 -7.0722432 1.3787264
-1.9759177 -7.0722461 1.379557
-1.9386284 -7.0722489 1.3799764
-1.9014924 -7.0722504 1.3790814
-1.8560041 -7.0722523 1.3800092
-1.8173037 -7.0722556 1.3791031
-1.7777838 -7.0722585 1.3781707
-1.7367852 -7.0722609 1.3804713
-1.7039592 -7.0722637 1.3802507
-1.6629142 -7.0722656 1.3799748
-1.6203082 -7.0722685 1.3816919
-1.5855643 -7.0722704 1.3814752
-1.5412819 -7.0722733 1.3818851
-1.496123 -7.0722756 1.3809259
-1.4592739 -7.0722785 1.3806961
-1.4217882 -7.0722809 1.3804622
-1.383649 -7.0722833 1.3802243
-1.3448397 -7.0722857 1.3799822
-1.3053415 -7.0722876 1.3797361
-1.2640098 -7.0722904 1.3816522
-1.2230582 -7.0722928 1.3814164
-1.1813607 -7.0722961 1.3811764
-1.1388956 -7.072298 1.3809317
-1.0956426 -7.0723004 1.3806827
-1.0515789 -7.0723038 1.3804289
-1.019264 -7.0723057 1.3802428
-0.98645347 -7.0723081 1.380054
-0.94030941 -7.0723109 1.379788
-0.89327198 -7.0723133 1.3795174
-0.85608214 -7.0723162 1.3793032
-0.81962383 -7.0723181 1.3814915
-0.78268504 -7.0723205 1.3788807
-0.74513102 -7.0723228 1.3810863
-0.69421858 -7.0723262 1.3808177
-0.65538907 -7.0723286 1.3830901
-0.61589634 -7.0723305 1.3804169
-0.57586193 -7.0723333 1.3776897
-0.535133 -7.0723362 1.3799777
-0.49383688 -7.0723386 1.3823153
-0.46591902 -7.07234 1.3770567
-0.42344993 -7.0723429 1.3793881
-0.38037586 -7.0723457 1.381771
-0.33652663 -7.0723486 1.3789431
-0.29204321 -7.072351 1.3760555
-0.26195574 -7.0723529 1.3812029
-0.21396282 -7.0723557 1.3809725
-3.5712233 -6.7373991 1.3800945
-3.5712204 -6.6998057 1.3809749
-3.5712194 -6.6606598 1.3793181
-3.5712154 -6.6219802 1.3807042
-3.5712128 -6.5799007 1.3798287
-3.5712106 -6.5388045 1.3803811
-3.571207 -6.5004115 1.380152
-3.5712056 -6.4626427 1.3791367
-3.571203 -6.4226484 1.3807676
-3.5711997 -6.3827505 1.3787985
-3.5711975 -6.3410807 1.3814708
-3.5711946 -6.2981944 1.3784401
-3.5711925 -6.2615194 1.3807214
-3.5711899 -6.2238631 1.3800904
-3.5711863 -6.177464 1.379934
-3.5711842 -6.1377392 1.3792815
-3.5711818 -6.0960875 1.3795853
-3.5711784 -6.055738 1.3795707
-3.5711765 -6.0207939 1.3798958
-3.5711739 -5.9857655 1.381905
-3.5711715 -5.9418206 1.3791388
-3.5711679 -5.8948064 1.3805577
-3.5711653 -5.8570018 1.3826524
-3.5711634 -5.8183436 1.3780832
-3.5711601 -5.7788005 1.3801974
-3.5711579 -5.7392731 1.3807459
-3.5711553 -5.6959896 1.379251
-3.5711524 -5.6545582 1.3798118
-3.5711493 -5.6121612 1.380375
-3.5711472 -5.57796 1.3801701
-3.5711448 -5.5430484 1.3799539
-3.571142 -5.4979839 1.3805474
-3.5711396 -5.4626942 1.378597
-3.5711372 -5.4266624 1.380349
-3.5711341 -5.376472 1.3807197
-3.5711315 -5.3400187 1.3807425
-3.5711293 -5.3016214 1.3787156
-3.5711265 -5.2625542 1.3805394
-3.5711243 -5.2226233 1.3824037
-3.5711212 -5.181982 1.3763555
-3.5711181 -5.1404252 1.378215
-3.2998848 -7.072165 1.4197865
-3.2623641 -7.0721679 1.4199672
-3.2206621 -7.0721722 1.419481
-3.1802733 -7.0721731 1.4193556
-3.1425116 -7.0721736 1.4192694
-3.1003032 -7.0721745 1.4198676
-3.0599828 -7.0721765 1.4209414
-3.0224686 -7.0721779 1.421122
-2.9799807 -7.0721841 1.41997
-2.9402661 -7.0721879 1.4201421
-2.9035022 -7.0721889 1.4205815
-2.861547 -7.0721898 1.4202027
-2.8183579 -7.0721917 1.4209584
-2.7784073 -7.072196 1.4208473
-2.7423222 -7.0721993 1.4195333
-2.6998835 -7.0722022 1.4196967
-2.6562984 -7.0722046 1.4198647
-2.616833 -7.0722051 1.4200164
-2.5763636 -7.072207 1.4201725
-2.5405223 -7.0722117 1.4203106
-2.5038321 -7.0722132 1.420452
-2.4604173 -7.0722156 1.4206191
-2.4210684 -7.0722189 1.4186069
-2.3811798 -7.0722203 1.4192796
-2.3403833 -7.0722218 1.4199737
-2.2985535 -7.0722256 1.4195639
-2.2557485 -7.072228 1.4191378
-2.218195 -7.0722308 1.4204054
-2.1798368 -7.0722337 1.4193816
-2.1406469 -7.0722351 1.4206791
-2.1006 -7.072237 1.419636
-2.0596678 -7.0722418 1.4185698
-2.017813 -7.0722432 1.4186908
-1.9750193 -7.0722461 1.4188147
-1.9392966 -7.0722485 1.4189179
-1.9014902 -7.0722504 1.4190272
-1.8560064 -7.0722523 1.4191587
-1.8180146 -7.0722561 1.4192685
-1.7777812 -7.072258 1.4193848
-1.737525 -7.0722609 1.4214565
-1.704711 -7.0722628 1.4215671
-1.6629115 -7.0722656 1.4210416
-1.6203079 -7.0722685 1.4218433
-1.5845912 -7.0722699 1.4199433
-1.5412859 -7.0722733 1.4200685
-1.4971377 -7.0722756 1.4201962
-1.4603062 -7.0722775 1.4203026
-1.4228382 -7.0722809 1.420411
-1.3847176 -7.0722828 1.420521
-1.3459271 -7.0722852 1.4206333
-1.3064483 -7.0722876 1.4207474
-1.2662634 -7.0722904 1.4208636
-1.2253528 -7.0722923 1.4209819
-1.183697 -7.0722952 1.4211023
-1.1412752 -7.072298 1.4212251
-1.0980664 -7.0723004 1.4213499
-1.0540484 -7.0723033 1.4214772
-1.019264 -7.0723052 1.4215777
-0.985183 -7.0723081 1.419358
-0.93901467 -7.0723109 1.4194691
-0.89195204 -7.0723133 1.4195824
-0.8560822 -7.0723162 1.4220495
-0.81962383 -7.0723181 1.4197685
-0.78268498 -7.0723205 1.4174416
-0.74513102 -7.0723228 1.4199359
-0.6942184 -7.0723257 1.4200585
-0.65538907 -7.0723286 1.4226297
-0.61589634 -7.0723305 1.42026
-0.57586193 -7.0723333 1.4178407
-0.535133 -7.0723362 1.4204417
-0.49383664 -7.0723381 1.4230967
-0.46591902 -7.07234 1.4180529
-0.42344975 -7.0723429 1.4207107
-0.38037586 -7.0723457 1.4234247
-0.33652663 -7.0723486 1.4209341
-0.29204321 -7.072351 1.4183886
-0.26195574 -7.0723529 1.4237671
-0.21835634 -7.0723548 1.4185306
-3.5712283 -6.8193526 1.4206187
-3.5712271 -6.7792001 1.4194846
-3.571223 -6.7372379 1.4201419
-3.5712206 -6.6998048 1.4209951
-3.5712192 -6.6611996 1.4193295
-3.5712154 -6.6214771 1.4201778
-3.571213 -6.5810513 1.4204295
-3.5712111 -6.5377159 1.4201744
-3.5712078 -6.5009584 1.4197096
-3.5712051 -6.4632072 1.4192239
-3.571203 -6.423254 1.4205104
-3.5711997 -6.3833723 1.4190873
-3.5711975 -6.3410807 1.4213573
-3.5711946 -6.2981954 1.4189088
-3.571193 -6.2615194 1.4216878
-3.5711899 -6.2231054 1.4195559
-3.5711863 -6.1782885 1.420076
-3.5711839 -6.1377387 1.4188818
-3.5711815 -6.0977821 1.4198005
-3.5711784 -6.0544329 1.420056
-3.5711763 -6.0214605 1.4194611
-3.5711744 -5.9857655 1.4202271
-3.571171 -5.9408684 1.420076
-3.5711677 -5.8948064 1.4199382
-3.5711653 -5.8570027 1.4224728
-3.5711632 -5.8183436 1.418353
-3.5711603 -5.7788005 1.4209274
-3.5711579 -5.7374129 1.4183095
-3.5711553 -5.6969414 1.41931
-3.5711524 -5.6555328 1.4203231
-3.5711489 -5.6101642 1.4192878
-3.5711472 -5.5779605 1.4196477
-3.5711448 -5.5451183 1.4200072
-3.5711417 -5.4979839 1.4208779
-3.5711396 -5.4626942 1.419304
-3.5711372 -5.4277639 1.4196715
-3.5711339 -5.3776016 1.4205658
-3.5711315 -5.3400183 1.4227575
-3.5711288 -5.3027949 1.4193141
-3.5711265 -5.2625542 1.4194859
-3.5711238 -5.2226233 1.4217373
-3.5711212 -5.181982 1.4200559
-3.5711186 -5.1404252 1.4183455
-3.5364413 -7.0721464 1.4702009
-3.4994814 -7.0721488 1.4621007
-3.4612567 -7.0721498 1.4602886
-3.419652 -7.0721521 1.4600121
-3.3804758 -7.0721555 1.4599096
-3.3391092 -7.0721655 1.4597747
-3.2998285 -7.072165 1.4602193
-3.2621768 -7.072166 1.4601817
-3.2200963 -7.0721722 1.4601557
-3.1802731 -7.0721726 1.4596118
-3.1425114 -7.0721736 1.4601064
-3.1003137 -7.0721745 1.4596401
-3.0599809 -7.0721774 1.4604152
-3.0226812 -7.0721784 1.4606125
-2.9797194 -7.0721836 1.4592495
-2.9399972 -7.0721874 1.4599755
-2.9037323 -7.0721889 1.4600954
-2.861547 -7.0721898 1.459715
-2.8183577 -7.0721912 1.4610521
-2.7787535 -7.0721946 1.460019
-2.7419677 -7.0721998 1.4591849
-2.6998856 -7.0722027 1.460193
-2.6570482 -7.0722046 1.4591066
-2.6176012 -7.0722051 1.4597514
-2.5771511 -7.0722075 1.4604124
-2.5410717 -7.0722117 1.4600104
-2.5034201 -7.0722141 1.4600316
-2.4599943 -7.0722165 1.4607207
-2.421067 -7.0722189 1.4597181
-2.3814118 -7.0722198 1.459536
-2.3403833 -7.0722222 1.4598516
-2.2985537 -7.0722256 1.4599239
-2.2557487 -7.072228 1.4599918
-2.2189403 -7.0722308 1.4605976
-2.1798348 -7.0722342 1.4599518
-2.1406491 -7.0722351 1.460517
-2.1005981 -7.072237 1.4610945
-2.0596657 -7.0722418 1.4592897
-2.0178175 -7.0722432 1.4586554
-1.9750148 -7.0722466 1.4592317
-1.9379598 -7.0722475 1.4597305
-1.9014946 -7.0722504 1.4602214
-1.8569611 -7.0722523 1.4596324
-1.8173037 -7.0722556 1.4594381
-1.7777836 -7.072258 1.4605987
-1.737525 -7.0722609 1.4604814
-1.704711 -7.0722628 1.4609076
-1.6629112 -7.0722656 1.4607837
-1.6203079 -7.072268 1.4619949
-1.5855641 -7.0722704 1.4584057
-1.5412819 -7.0722733 1.4582521
-1.4961226 -7.0722756 1.4594723
-1.4592738 -7.0722785 1.4599154
-1.421788 -7.0722809 1.4603657
-1.383649 -7.0722833 1.4608241
-1.3437521 -7.0722852 1.459168
-1.3042344 -7.072288 1.4596238
-1.2640097 -7.0722904 1.4600883
-1.2230582 -7.0722923 1.4605608
-1.1813605 -7.0722957 1.4610419
-1.1388956 -7.072298 1.461532
-1.0968544 -7.0723004 1.4597527
-1.0528135 -7.0723033 1.4602396
-1.019264 -7.0723057 1.4629124
-0.98391277 -7.0723076 1.4586939
-0.93772 -7.0723109 1.4591823
-0.89063209 -7.0723138 1.4596806
-0.85608184 -7.0723162 1.4600461
-0.82098293 -7.0723181 1.4604173
-0.7826848 -7.0723205 1.4560025
-0.74513102 -7.0723228 1.4587857
-0.6942184 -7.0723262 1.4592996
-0.65538907 -7.0723286 1.4621694
-0.61589634 -7.0723305 1.4601033
-0.57586181 -7.0723333 1.4579916
-0.535133 -7.0723362 1.4609059
-0.4938364 -7.0723381 1.4638783
-0.46591902 -7.07234 1.4590491
-0.42344975 -7.0723429 1.4620334
-0.38037586 -7.0723457 1.4598719
-0.33862966 -7.0723486 1.4602735
-0.29204321 -7.072351 1.4607215
-0.26195541 -7.0723529 1.4610109
-0.21615958 -7.0723553 1.4587617
-3.5712426 -7.0200009 1.466441
-3.5712397 -6.9800444 1.4603703
-3.5712359 -6.9413619 1.4603378
-3.5712337 -6.9007349 1.4600365
-3.5712311 -6.8583641 1.4598668
-3.5712283 -6.8190551 1.4599688
-3.5712268 -6.7788925 1.4594766
-3.5712228 -6.7370801 1.4601971
-3.5712206 -6.6998048 1.4610153
-3.5712192 -6.6611986 1.4599483
-3.5712154 -6.6209784 1.4596745
-3.571213 -6.5804715 1.4603184
-3.5712106 -6.5388045 1.4601017
-3.5712075 -6.5015068 1.4592438
-3.5712051 -6.4620543 1.4601307
-3.571203 -6.423254 1.4592816
-3.5711997 -6.3827529 1.4602401
-3.5711975 -6.3410807 1.461244
-3.5711946 -6.2981954 1.4593775
-3.5711925 -6.2620907 1.4612491
-3.5711899 -6.2238655 1.4600925
-3.5711865 -6.1766796 1.459098
-3.5711844 -6.1383586 1.4600657
-3.5711818 -6.0960875 1.4598359
-3.5711784 -6.0550857 1.4592133
-3.5711763 -6.0201273 1.4603934
-3.5711744 -5.9857655 1.4585491
-3.571171 -5.9399061 1.4610471
-3.5711677 -5.8948064 1.4593185
-3.5711653 -5.8570023 1.462293
-3.5711632 -5.8183436 1.4586229
-3.5711603 -5.7788005 1.4616574
-3.5711582 -5.7383428 1.4578953
-3.5711548 -5.6969414 1.4609922
-3.571152 -5.6535835 1.458797
-3.5711491 -5.6111617 1.4602951
-3.5711472 -5.57796 1.4591252
-3.5711448 -5.5430484 1.4596537
-3.571142 -5.4990444 1.4594616
-3.5711396 -5.4626942 1.4600108
-3.5711372 -5.4255614 1.4605644
-3.5711339 -5.3776016 1.458397
-3.5711315 -5.3400183 1.4609531
-3.5711288 -5.3004475 1.461534
-3.5711265 -5.2625542 1.4584326
-3.5711236 -5.2226233 1.4610708
-3.5711212 -5.181982 1.4637563
-3.5711181 -5.1404252 1.4584759
-3.5688529 -7.0640531 1.5000664
-3.5392399 -7.0721455 1.5000471
-3.5010748 -7.0721474 1.4995697
-3.4611042 -7.0721498 1.5001509
-3.4201117 -7.0721521 1.4998629
-3.3799069 -7.0721545 1.5003959
-3.3391113 -7.0721655 1.4999518
-3.2997015 -7.072165 1.5002252
-3.2623718 -7.0721679 1.499593
-3.2202106 -7.0721717 1.5001564
-3.1802735 -7.0721726 1.4998682
-3.1429656 -7.0721741 1.5000916
-3.1000745 -7.0721745 1.4998355
-3.059983 -7.0721774 1.4998896
-3.02267 -7.0721779 1.5000875
-2.9802423 -7.0721836 1.499864
-2.9406829 -7.0721874 1.5004925
-2.9032729 -7.0721889 1.5001369
-2.8615472 -7.0721898 1.4992274
-2.8188751 -7.0721912 1.5005869
-2.7784073 -7.0721955 1.4992028
-2.7419677 -7.0721998 1.5003061
-2.699887 -7.0722017 1.5000933
-2.6566732 -7.0722041 1.4998695
-2.6168327 -7.0722051 1.4995109
-2.5763631 -7.0722075 1.5006782
-2.539969 -7.0722117 1.4995816
-2.5030077 -7.0722141 1.4996266
-2.4602158 -7.072216 1.5000459
-2.4210684 -7.0722189 1.5008291
-2.3811798 -7.0722203 1.4997334
-2.3403833 -7.0722222 1.4997294
-2.2985535 -7.0722256 1.5002841
-2.2557471 -7.0722275 1.4997107
-2.2174518 -7.0722299 1.499486
-2.1798368 -7.0722346 1.5005219
-2.1406453 -7.0722356 1.4991832
-2.1006017 -7.072237 1.5001839
-2.0596638 -7.0722418 1.5012072
-2.017813 -7.0722432 1.4986199
-1.9750192 -7.0722461 1.4996485
-1.9392964 -7.0722475 1.500507
-1.9024278 -7.0722504 1.5002184
-1.8550438 -7.0722523 1.4999218
-1.8165927 -7.0722551 1.4996295
-1.7777863 -7.072258 1.500525
-1.737525 -7.0722609 1.4995064
-1.704711 -7.0722632 1.5002478
-1.6629113 -7.0722656 1.5005257
-1.6203079 -7.0722685 1.5021465
-1.5855641 -7.0722704 1.4988912
-1.5412819 -7.0722733 1.499163
-1.4961226 -7.0722756 1.5008172
-1.4582415 -7.0722785 1.4995556
-1.4207377 -7.0722809 1.5003488
-1.3825803 -7.0722828 1.501156
-1.3448393 -7.0722847 1.4998188
-1.3064485 -7.072288 1.4984493
-1.2662634 -7.0722899 1.4992604
-1.2253528 -7.0722928 1.5000865
-1.1836969 -7.0722957 1.5009276
-1.1412752 -7.072298 1.5017841
-1.0956426 -7.0723004 1.498186
-1.0515788 -7.0723038 1.4990335
-1.019264 -7.0723057 1.4996545
-0.98645329 -7.0723076 1.5002855
-0.94030929 -7.0723109 1.5011728
-0.89195204 -7.0723133 1.4997507
-0.85608149 -7.0723157 1.4980427
-0.81962389 -7.0723181 1.5010951
-0.7826848 -7.0723205 1.4993834
-0.7437309 -7.0723228 1.500095
-0.6942184 -7.0723262 1.4985409
-0.65538871 -7.0723286 1.5017087
-0.61589634 -7.0723305 1.4999464
-0.57586145 -7.0723333 1.4981427
-0.535133 -7.0723362 1.5013698
-0.4938364 -7.0723381 1.5046599
-0.46591902 -7.07234 1.5000454
-0.42141309 -7.0723429 1.5008155
-0.38037586 -7.0723457 1.4963191
-0.33652663 -7.0723486 1.4996531
-0.29204321 -7.072351 1.5030545
-0.26195478 -7.0723529 1.4982547
-0.21396282 -7.0723557 1.4990393
-3.571243 -7.0231323 1.5000961
-3.5712397 -6.9806304 1.4996148
-3.5712359 -6.9411049 1.500008
-3.5712335 -6.9000874 1.5001823
-3.5712309 -6.8572392 1.4997796
-3.5712283 -6.8183231 1.4999349
-3.5712271 -6.7785835 1.4994836
-3.571223 -6.7372375 1.5002558
-3.5712206 -6.6998057 1.5010353
-3.5712194 -6.6617422 1.4999266
-3.5712154 -6.6214786 1.5000786
-3.5712128 -6.5804777 1.4995728
-3.5712109 -6.5377159 1.4999263
-3.5712075 -6.5003848 1.4996098
-3.5712054 -6.4632306 1.5002335
-3.571203 -6.4238591 1.4989907
-3.5711997 -6.3827505 1.5004972
-3.5711975 -6.3410807 1.5011303
-3.5711946 -6.2981944 1.4998461
-3.5711923 -6.2609477 1.499173
-3.5711899 -6.2246284 1.5005997
-3.5711865 -6.1774635 1.5002404
-3.5711839 -6.1371198 1.4995449
-3.5711818 -6.0977812 1.5000082
-3.5711784 -6.0550852 1.499855
-3.5711765 -6.0207939 1.4999589
-3.5711741 -5.9864459 1.4985232
-3.5711708 -5.940865 1.5010134
-3.5711677 -5.8948064 1.4986987
-3.5711653 -5.8570018 1.502113
-3.5711632 -5.8183427 1.4988928
-3.5711603 -5.7797093 1.5007596
-3.5711575 -5.7383428 1.4990958
-3.5711553 -5.6978931 1.5010085
-3.5711524 -5.6545587 1.4993082
-3.5711493 -5.6121597 1.5012692
-3.5711472 -5.5779605 1.4986029
-3.5711448 -5.5451183 1.4996629
-3.571142 -5.4969234 1.4996194
-3.5711396 -5.4626942 1.5007175
-3.5711372 -5.4266624 1.4998868
-3.5711339 -5.3776016 1.5000111
-3.5711315 -5.3400183 1.4991486
-3.5711288 -5.301621 1.5021324
-3.5711265 -5.2625542 1.4973791
-3.5711236 -5.2226233 1.5004046
-3.5711212 -5.181982 1.5034839
-3.5711181 -5.1404252 1.4986066
-3.568939 -7.0636225 1.5402155
-3.539444 -7.072145 1.5396694
-3.5009136 -7.0721464 1.5399363
-3.4610665 -7.0721493 1.5402985
-3.4197478 -7.0721521 1.5400217
-3.3801944 -7.072156 1.540242
-3.3394139 -7.0721655 1.5397904
-3.299582 -7.072165 1.5402374
-3.2617958 -7.0721674 1.5398041
-3.2202106 -7.0721717 1.5397985
-3.1802731 -7.0721726 1.5401242
-3.1422889 -7.0721736 1.5396405
-3.1002293 -7.0721745 1.5404701
-3.0599816 -7.0721765 1.5393635
-3.0222635 -7.0721784 1.5400902
-2.9801598 -7.0721836 1.5400574
-2.9401276 -7.0721874 1.5402901
-2.9039602 -7.0721889 1.5402138
-2.8620186 -7.0721898 1.5393112
-2.8183579 -7.0721917 1.5400865
-2.7784076 -7.0721955 1.5398337
-2.7421372 -7.0721993 1.5407115
-2.7001631 -7.0722027 1.5394028
-2.6562984 -7.0722046 1.5406467
-2.6176012 -7.0722051 1.5392267
-2.5771513 -7.0722075 1.5408984
-2.5405219 -7.0722117 1.5392815
-2.5040615 -7.0722136 1.5399923
-2.4593329 -7.072217 1.5401188
-2.4210682 -7.0722184 1.5397764
-2.380487 -7.0722203 1.5399597
-2.3403833 -7.0722222 1.5396073
-2.2985528 -7.0722256 1.5406442
-2.2557487 -7.072228 1.5394298
-2.2181952 -7.0722299 1.5396786
-2.1798384 -7.0722342 1.5399328
-2.1406469 -7.0722351 1.5401925
-2.1005979 -7.072237 1.5392735
-2.0596678 -7.0722418 1.5407293
-2.018646 -7.0722432 1.5398333
-1.9750148 -7.0722466 1.5400656
-1.938628 -7.072248 1.5394666
-1.9005544 -7.0722504 1.5400622
-1.8560061 -7.0722523 1.5403951
-1.8173034 -7.0722551 1.5397881
-1.7777835 -7.0722585 1.5404509
-1.7382648 -7.0722609 1.5404547
-1.704711 -7.0722628 1.5395882
-1.6629112 -7.0722656 1.5402677
-1.6193509 -7.0722685 1.5403249
-1.5855641 -7.0722704 1.5393766
-1.5412819 -7.0722733 1.5400739
-1.4951077 -7.0722766 1.5401306
-1.4592738 -7.072278 1.5391524
-1.421788 -7.0722809 1.5402876
-1.3847175 -7.0722828 1.5392848
-1.345927 -7.0722852 1.5404408
-1.3053415 -7.0722885 1.5394863
-1.2651365 -7.0722899 1.540665
-1.2230582 -7.0722923 1.539705
-1.1813604 -7.0722957 1.5409075
-1.1400855 -7.072298 1.5398545
-1.0980664 -7.0723004 1.5387926
-1.0540483 -7.0723038 1.54002
-1.019264 -7.0723052 1.5409893
-0.98518282 -7.0723076 1.5396212
-0.93901455 -7.0723109 1.540886
-0.89327198 -7.0723133 1.5397879
-0.85608149 -7.0723162 1.5407889
-0.81962383 -7.0723181 1.5393722
-0.7826848 -7.0723205 1.5427644
-0.74513096 -7.0723228 1.5413533
-0.6942184 -7.0723262 1.5377818
-0.65538836 -7.0723286 1.5412483
-0.61589634 -7.0723305 1.5397894
-0.57586145 -7.0723333 1.5382936
-0.535133 -7.0723357 1.5418341
-0.4938364 -7.0723381 1.5403438
-0.46591902 -7.07234 1.5410416
-0.4234497 -7.0723429 1.5395273
-0.38037586 -7.0723457 1.5379729
-0.33652663 -7.0723476 1.5416442
-0.29204321 -7.072351 1.5400959
-0.26195478 -7.0723529 1.5408189
-0.21615958 -7.0723553 1.5392448
-3.5712426 -7.022953 1.5403556
-3.5712399 -6.9804349 1.5392991
-3.5712361 -6.9409785 1.540255
-3.5712337 -6.9003053 1.5403354
-3.5712309 -6.8583646 1.5396831
-3.5712283 -6.8193526 1.5398864
-3.5712271 -6.7787347 1.5400983
-3.5712228 -6.7372379 1.5396951
-3.5712206 -6.7002769 1.5402272
-3.5712194 -6.6612 1.5399089
-3.5712154 -6.6219807 1.5404602
-3.571213 -6.5806642 1.5394759
-3.5712106 -6.5388045 1.5398221
-3.5712075 -6.5015068 1.540049
-3.5712051 -6.4626451 1.5402684
-3.571203 -6.4232564 1.539585
-3.5711997 -6.3827505 1.5398182
-3.5711975 -6.3410807 1.5410167
-3.5711946 -6.2981944 1.5403147
-3.5711923 -6.2615194 1.5387346
-3.5711894 -6.2238626 1.5400749
-3.5711868 -6.1782889 1.5403504
-3.5711842 -6.1377387 1.5407288
-3.5711818 -6.0960875 1.5400862
-3.5711784 -6.0550857 1.5404973
-3.5711768 -6.0214605 1.5394998
-3.5711741 -5.9850841 1.5399282
-3.5711713 -5.940865 1.5398579
-3.5711679 -5.8948064 1.5380789
-3.5711653 -5.8570018 1.5419331
-3.5711632 -5.8183427 1.5391626
-3.5711601 -5.7788005 1.5397134
-3.5711575 -5.7383428 1.5402966
-3.5711553 -5.6959896 1.5390754
-3.5711524 -5.6555328 1.5397878
-3.5711493 -5.6101637 1.5402478
-3.5711472 -5.5779605 1.5416692
-3.5711448 -5.5430484 1.5393535
-3.5711417 -5.4990444 1.5400997
-3.5711396 -5.4626942 1.5414243
-3.5711372 -5.4277635 1.539175
-3.5711341 -5.3776016 1.5416254
-3.5711315 -5.3400183 1.5373441
-3.5711288 -5.3016214 1.5407002
-3.5711267 -5.2625542 1.5402203
-3.5711236 -5.2226233 1.5397382
-3.5711212 -5.181982 1.5432115
-3.5711186 -5.1404252 1.5387371
-3.568856 -7.0639229 1.5796338
-3.5393751 -7.072145 1.5798321
-3.5008318 -7.0721469 1.5799936
-3.461221 -7.0721498 1.5801718
-3.4202979 -7.0721521 1.5798523
-3.3804834 -7.072154 1.580073
-3.3390088 -7.0721655 1.5796286
-3.2998924 -7.0721645 1.5798702
-3.2625 -7.0721664 1.5800105
-3.2202106 -7.0721717 1.5794407
-3.1802735 -7.0721726 1.5803806
-3.1425114 -7.0721741 1.580061
-3.1000764 -7.0721745 1.5802184
-3.0603628 -7.0721755 1.5798907
-3.0226703 -7.0721779 1.5801115
-2.9800656 -7.0721836 1.5802141
-2.9404063 -7.0721874 1.5801493
-2.9035032 -7.0721889 1.5802612
-2.8615484 -7.0721898 1.579939
-2.8183579 -7.0721912 1.5801799
-2.7784076 -7.0721955 1.5804645
-2.7414565 -7.0721989 1.580348
-2.6996059 -7.0722027 1.579891
-2.6570475 -7.0722041 1.57986
-2.6174009 -7.0722051 1.5797637
-2.5769639 -7.0722075 1.5804051
-2.5405195 -7.0722113 1.5799822
-2.503207 -7.0722136 1.5795442
-2.4606528 -7.0722175 1.5802255
-2.4210694 -7.0722189 1.5798057
-2.3811798 -7.0722203 1.5801986
-2.3403833 -7.0722222 1.5794851
-2.2993431 -7.0722251 1.580157
-2.2557485 -7.072228 1.5802836
-2.2181933 -7.0722313 1.5798186
-2.179837 -7.0722342 1.5793438
-2.1406488 -7.0722351 1.5800301
-2.1013947 -7.072237 1.5795759
-2.0596638 -7.0722418 1.5802516
-2.0169327 -7.0722427 1.5797201
-1.9750192 -7.0722456 1.5804826
-1.9379597 -7.0722485 1.5784469
-1.9014946 -7.0722504 1.5800589
-1.8560036 -7.0722523 1.5795445
-1.8180145 -7.0722551 1.5799251
-1.7777836 -7.0722585 1.5790893
-1.7375247 -7.0722604 1.5814512
-1.7047106 -7.0722628 1.5789286
-1.6629113 -7.0722656 1.5800099
-1.6203079 -7.072268 1.5784427
-1.5855641 -7.0722704 1.579862
-1.5412782 -7.0722733 1.5796213
-1.4961226 -7.0722756 1.5793813
-1.4603062 -7.0722775 1.5787215
-1.4228382 -7.0722809 1.5801978
-1.3836489 -7.0722833 1.5796165
-1.3448393 -7.0722847 1.5811272
-1.3042344 -7.072288 1.5805531
-1.2640097 -7.0722904 1.5820997
-1.2253528 -7.0722923 1.5791912
-1.1836969 -7.0722957 1.5807528
-1.1400855 -7.0722985 1.5801443
-1.0956426 -7.0723004 1.5795343
-1.0515786 -7.0723038 1.5811439
-1.019264 -7.0723057 1.5823244
-0.98391259 -7.0723081 1.5789888
-0.93771976 -7.0723109 1.5806317
-0.89195204 -7.0723133 1.5798962
-0.85608149 -7.0723157 1.5835352
-0.81826448 -7.0723181 1.5800942
-0.7826848 -7.0723205 1.5813255
-0.7451309 -7.0723224 1.5802029
-0.69278991 -7.0723262 1.5795296
-0.65538836 -7.0723286 1.5807879
-0.61589634 -7.0723305 1.5796328
-0.57586145 -7.0723333 1.5784446
-0.535133 -7.0723362 1.5822983
-0.4938364 -7.0723381 1.5760276
-0.46591902 -7.07234 1.5820378
-0.42344964 -7.0723429 1.58085
-0.38037586 -7.0723457 1.5796269
-0.3344236 -7.0723481 1.5810845
-0.29204321 -7.072351 1.5771374
-0.26195478 -7.0723529 1.5833833
-0.21835634 -7.0723557 1.5794039
-3.571243 -7.0227723 1.580187
-3.5712399 -6.9804354 1.5794244
-3.5712359 -6.9408493 1.580508
-3.5712337 -6.8998747 1.5799978
-3.5712309 -6.8576636 1.5802008
-3.5712283 -6.8189073 1.579854
-3.5712268 -6.778893 1.5807059
-3.5712228 -6.7372379 1.5791346
-3.5712206 -6.6998048 1.5794011
-3.5712192 -6.6613779 1.5798856
-3.5712154 -6.6214767 1.5799642
-3.571213 -6.5802808 1.5800489
-3.5712109 -6.5377159 1.5796788
-3.5712073 -6.5003848 1.5804478
-3.5712054 -6.4620533 1.5803276
-3.571203 -6.4226489 1.5802045
-3.5711997 -6.3821273 1.5800776
-3.5711975 -6.3410807 1.5809034
-3.5711944 -6.2989206 1.5798172
-3.5711925 -6.2615194 1.5797011
-3.5711899 -6.223105 1.5795801
-3.5711861 -6.1766801 1.5794348
-3.5711842 -6.1377387 1.5803289
-3.5711818 -6.0977812 1.5802158
-3.5711784 -6.055738 1.5796139
-3.5711763 -6.0201273 1.5804811
-3.5711744 -5.985765 1.5799023
-3.5711715 -5.9418206 1.579778
-3.5711675 -5.8955255 1.5791397
-3.5711653 -5.8570023 1.5817531
-3.5711632 -5.8183422 1.5794325
-3.5711601 -5.7788005 1.5804433
-3.5711575 -5.7383428 1.5814971
-3.5711553 -5.6969414 1.5790919
-3.571152 -5.653584 1.5783257
-3.5711496 -5.6121597 1.579495
-3.5711472 -5.57796 1.581147
-3.5711448 -5.5451183 1.5793185
-3.571142 -5.4969234 1.5803028
-3.5711396 -5.4626937 1.5784304
-3.5711372 -5.4255614 1.5801361
-3.5711341 -5.3776016 1.5794566
-3.5711315 -5.3400187 1.5793592
-3.5711288 -5.3016214 1.5792679
-3.5711262 -5.2625542 1.5830612
-3.5711238 -5.2226233 1.5790718
-3.5711212 -5.181982 1.5829391
-3.5711181 -5.1404252 1.5788677
-3.5688534 -7.0637698 1.6197881
-3.5391026 -7.072145 1.6199903
-3.5008321 -7.0721459 1.6197366
-3.4610667 -7.0721498 1.6200346
-3.4198403 -7.0721521 1.6200206
-3.3800993 -7.072156 1.6199166
-3.3392105 -7.072165 1.6198016
-3.2996426 -7.072165 1.6198914
-3.2622428 -7.0721674 1.6198171
-3.2200961 -7.0721722 1.6197945
-3.1806211 -7.0721726 1.6201283
-3.1427336 -7.0721736 1.6204708
-3.0999165 -7.0721745 1.6199738
-3.0595927 -7.0721765 1.6204166
-3.0222638 -7.0721784 1.620126
-2.9799812 -7.0721836 1.6203945
-2.9398482 -7.0721874 1.6199696
-2.903502 -7.0721889 1.6197656
-2.8615472 -7.0721898 1.6200156
-2.8183579 -7.0721917 1.6202732
-2.7785733 -7.0721951 1.620384
-2.7424805 -7.0721989 1.6199906
-2.7004597 -7.0722022 1.6197889
-2.6568525 -7.0722046 1.6198969
-2.6172192 -7.0722051 1.6202512
-2.576755 -7.0722075 1.6198575
-2.5405219 -7.0722117 1.6206827
-2.5036356 -7.0722132 1.6191635
-2.4597754 -7.072217 1.6203094
-2.4210682 -7.0722189 1.6198348
-2.3818696 -7.0722198 1.6204125
-2.3403833 -7.0722222 1.6193628
-2.298553 -7.0722251 1.6196746
-2.2564783 -7.0722275 1.6200217
-2.218195 -7.0722313 1.6199589
-2.1798346 -7.0722346 1.6199141
-2.1406469 -7.0722351 1.6198682
-2.099807 -7.072237 1.6197928
-2.0596678 -7.0722418 1.6197735
-2.018646 -7.0722427 1.6197448
-1.9759175 -7.0722456 1.6196967
-1.9392964 -7.0722485 1.6191822
-1.9024277 -7.0722504 1.6200274
-1.8560014 -7.0722523 1.619957
-1.8173034 -7.0722551 1.6201233
-1.7787794 -7.072258 1.6190382
-1.7375247 -7.0722609 1.6204761
-1.7054627 -7.0722628 1.6201931
-1.6629112 -7.0722656 1.619752
-1.6203077 -7.072268 1.6185939
-1.5855641 -7.0722704 1.6203474
-1.5412819 -7.0722733 1.6191685
-1.4961226 -7.0722761 1.6207263
-1.4592738 -7.072278 1.6183716
-1.4217879 -7.0722809 1.6201912
-1.3825803 -7.0722828 1.6199769
-1.3437515 -7.0722852 1.6218429
-1.3064482 -7.072288 1.6193191
-1.2662634 -7.0722904 1.6212115
-1.2230582 -7.0722928 1.6188495
-1.1813604 -7.0722957 1.6207732
-1.1400855 -7.0722976 1.6204343
-1.0980664 -7.0723004 1.6200991
-1.0540482 -7.0723038 1.6220877
-1.019264 -7.0723057 1.6190664
-0.98645294 -7.0723071 1.620517
-0.93901443 -7.0723109 1.620285
-0.89063179 -7.0723138 1.6200374
-0.85608149 -7.0723157 1.6215318
-0.81962359 -7.0723181 1.6207223
-0.7826848 -7.0723205 1.6198864
-0.7451309 -7.0723228 1.6190526
-0.69421834 -7.0723257 1.6211815
-0.65538836 -7.0723286 1.6203275
-0.61589611 -7.0723305 1.6194761
-0.57586145 -7.0723333 1.6185956
-0.535133 -7.0723362 1.6227624
-0.4938364 -7.0723381 1.6168094
-0.46591902 -7.07234 1.623034
-0.4254863 -7.0723419 1.6195029
-0.38037586 -7.0723457 1.6212808
-0.33652663 -7.0723481 1.6203914
-0.29204321 -7.072351 1.6194704
-0.26195574 -7.0723529 1.620627
-0.21615958 -7.0723557 1.6196983
-3.571243 -7.0227728 1.6200112
-3.5712395 -6.9804354 1.6195498
-3.5712361 -6.9413614 1.6201924
-3.5712333 -6.9000874 1.6201508
-3.5712309 -6.8579483 1.6201051
-3.5712283 -6.818902 1.6204126
-3.5712268 -6.7787375 1.6201123
-3.5712233 -6.7372346 1.6198069
-3.5712204 -6.6998043 1.6194214
-3.5712194 -6.6611986 1.6198747
-3.5712154 -6.621479 1.6203402
-3.571213 -6.5804772 1.6199526
-3.5712109 -6.5387816 1.6204287
-3.5712075 -6.5015302 1.6199558
-3.5712051 -6.4632306 1.6203808
-3.571203 -6.4238591 1.6208172
-3.5712001 -6.3827505 1.6203412
-3.5711975 -6.3417854 1.6198285
-3.5711946 -6.2981944 1.6193151
-3.571192 -6.2615194 1.6206673
-3.5711899 -6.2246284 1.6190771
-3.5711861 -6.1782498 1.6195316
-3.5711842 -6.1377382 1.6199294
-3.5711818 -6.0969157 1.6192944
-3.5711787 -6.0544333 1.62018
-3.5711763 -6.0207939 1.6200218
-3.5711744 -5.9864459 1.6198516
-3.5711708 -5.940865 1.6196929
-3.5711677 -5.8948064 1.6201124
-3.5711658 -5.8570023 1.6215734
-3.5711632 -5.8183427 1.6197023
-3.5711601 -5.7778912 1.6194373
-3.5711577 -5.7392726 1.6210197
-3.5711553 -5.6969414 1.6207743
-3.571152 -5.6545582 1.6188051
-3.5711493 -5.6101637 1.6185162
-3.5711472 -5.5779605 1.6206245
-3.5711448 -5.5430484 1.619053
-3.571142 -5.4990449 1.6207383
-3.5711396 -5.4626937 1.6191373
-3.5711372 -5.4266624 1.6194245
-3.5711341 -5.3787308 1.6192219
-3.5711315 -5.3400183 1.6213744
-3.5711288 -5.3027949 1.6198071
-3.5711262 -5.2625537 1.6220077
-3.5711238 -5.2226238 1.6184053
-3.5711212 -5.181982 1.622667
-3.5711186 -5.1404252 1.6189979
-3.5689392 -7.0637689 1.6599228
-3.5393763 -7.072145 1.6601562
-3.500751 -7.0721469 1.6598001
-3.4611802 -7.0721498 1.6601833
-3.4198408 -7.0721521 1.6601868
-3.3803878 -7.0721555 1.6597421
-3.3393073 -7.0721655 1.660319
-3.2997673 -7.0721645 1.6599003
-3.2621775 -7.0721669 1.6600374
-3.2202106 -7.0721717 1.6601425
-3.1802735 -7.0721726 1.659881
-3.1428149 -7.0721736 1.6600357
-3.1003039 -7.0721745 1.6601696
-3.0603821 -7.0721774 1.6598802
-3.0226705 -7.0721779 1.6601354
-2.9803367 -7.0721836 1.6601256
-2.9406817 -7.0721865 1.6597759
-2.9032776 -7.0721889 1.6598321
-2.8615468 -7.0721898 1.6595278
-2.8183579 -7.0721917 1.6603667
-2.7784073 -7.0721941 1.660273
-2.7417955 -7.0721989 1.659636
-2.6993296 -7.0722027 1.6597031
-2.6566756 -7.0722041 1.6598842
-2.6172144 -7.0722051 1.6599935
-2.5767603 -7.072207 1.6601053
-2.5410714 -7.0722117 1.6603489
-2.5034175 -7.0722132 1.659517
-2.4599941 -7.072216 1.6596292
-2.4216599 -7.0722189 1.6598732
-2.3811796 -7.0722203 1.6606468
-2.3403833 -7.0722218 1.6592405
-2.298553 -7.0722256 1.6600345
-2.2557487 -7.072228 1.6597134
-2.2189403 -7.0722294 1.6601096
-2.1805973 -7.0722342 1.6593359
-2.140645 -7.0722351 1.6608778
-2.1005979 -7.072237 1.6600955
-2.0596635 -7.0722418 1.6592958
-2.0169325 -7.0722427 1.6596677
-1.9741694 -7.0722451 1.660071
-1.9379598 -7.0722475 1.6600642
-1.9005542 -7.0722504 1.6599289
-1.8560036 -7.0722523 1.6603692
-1.8165925 -7.0722551 1.6603435
-1.7767851 -7.072258 1.6602066
-1.7375247 -7.0722604 1.6595013
-1.7047104 -7.0722628 1.6615355
-1.6629111 -7.0722656 1.659494
-1.6203076 -7.072268 1.6587455
-1.5855641 -7.0722704 1.660833
-1.5412819 -7.0722733 1.6600796
-1.4971373 -7.0722761 1.6599402
-1.4592736 -7.072278 1.6600707
-1.4207375 -7.0722804 1.6602124
-1.3836489 -7.0722833 1.6602348
-1.3459266 -7.0722847 1.6602479
-1.3053414 -7.0722885 1.6603857
-1.2640095 -7.0722904 1.6605358
-1.2253528 -7.0722923 1.6582961
-1.1836969 -7.0722957 1.6605783
-1.1388956 -7.072298 1.6585549
-1.0956426 -7.0723004 1.6608829
-1.0528134 -7.0723033 1.6609026
-1.0192639 -7.0723052 1.6604011
-0.98518276 -7.0723076 1.6598846
-0.94030911 -7.0723104 1.6599063
-0.8919518 -7.0723138 1.6600645
-0.85608149 -7.0723157 1.6595284
-0.82098269 -7.0723181 1.6613164
-0.7826848 -7.0723205 1.6584473
-0.74653101 -7.0723228 1.6602544
-0.69421816 -7.0723262 1.6604226
-0.65538836 -7.0723286 1.659867
-0.61589611 -7.072331 1.6593194
-0.57586145 -7.0723333 1.6587467
-0.53318012 -7.0723367 1.660798
-0.4938364 -7.0723381 1.6575909
-0.46591902 -7.07234 1.6640306
-0.42344964 -7.0723429 1.6583166
-0.38037586 -7.0723457 1.6629347
-0.33862966 -7.0723486 1.659654
-0.29204321 -7.072351 1.6618034
-0.26195574 -7.0723529 1.657871
-0.21396282 -7.0723557 1.6600389
-3.5712426 -7.0231318 1.6602712
-3.5712402 -6.9804349 1.6596751
-3.5712361 -6.9405966 1.6598568
-3.5712337 -6.9003038 1.6602931
-3.5712306 -6.8576641 1.6600403
-3.5712283 -6.8190556 1.6603633
-3.5712271 -6.778583 1.6595259
-3.5712228 -6.7372384 1.6604787
-3.5712206 -6.6998057 1.6594411
-3.5712192 -6.6611996 1.6604937
-3.5712156 -6.6214795 1.6598573
-3.5712128 -6.5806642 1.6598474
-3.5712106 -6.5376897 1.6603175
-3.5712068 -6.5009608 1.6594708
-3.5712051 -6.462646 1.6604404
-3.571203 -6.423254 1.6605139
-3.5711997 -6.3833723 1.6605783
-3.5711975 -6.3410807 1.6587679
-3.5711946 -6.2981944 1.6597838
-3.5711915 -6.2620907 1.6601912
-3.5711899 -6.2238655 1.6595697
-3.5711861 -6.1774607 1.6596361
-3.5711839 -6.1383586 1.6610736
-3.5711818 -6.09691 1.6594092
-3.5711784 -6.055738 1.6608813
-3.5711763 -6.0214605 1.659538
-3.5711744 -5.9857655 1.6597315
-3.571171 -5.9408684 1.6596166
-3.5711677 -5.8948064 1.6594925
-3.5711653 -5.8570018 1.6613935
-3.5711632 -5.8183422 1.6599723
-3.5711601 -5.7788005 1.6585184
-3.5711575 -5.7383428 1.6604548
-3.5711553 -5.6978931 1.660748
-3.571152 -5.6545582 1.6609802
-3.5711496 -5.6111617 1.6594692
-3.5711472 -5.57796 1.6601021
-3.5711448 -5.5451183 1.6589741
-3.5711417 -5.4969234 1.6609864
-3.5711396 -5.4626937 1.6598442
-3.5711372 -5.4277635 1.6586785
-3.5711341 -5.376472 1.660751
-3.5711315 -5.3400183 1.6595697
-3.5711288 -5.3016214 1.6602476
-3.5711262 -5.2625537 1.6609542
-3.5711236 -5.2238436 1.6597375
-3.5711212 -5.181982 1.6623945
-3.5711181 -5.1404252 1.6591288
-3.5689394 -7.0639119 1.7000728
-3.539067 -7.0721455 1.700053
-3.5009947 -7.0721469 1.7001684
-3.4610667 -7.0721493 1.700333
-3.4202061 -7.0721521 1.7000098
-3.3802888 -7.0721555 1.6999233
-3.3390076 -7.0721645 1.7001506
-3.2997046 -7.0721645 1.6995267
-3.2621765 -7.0721664 1.6998463
-3.2202117 -7.0721722 1.7001386
-3.1802733 -7.0721726 1.7001371
-3.1425116 -7.0721736 1.7000109
-3.1003866 -7.0721745 1.7003648
-3.0599811 -7.0721765 1.6998861
-3.0222635 -7.0721784 1.7001616
-2.979624 -7.0721836 1.6998369
-2.9401278 -7.0721879 1.6996039
-2.903502 -7.0721889 1.6998903
-2.861547 -7.0721898 1.6990403
-2.8183577 -7.0721912 1.7004597
-2.7784076 -7.0721941 1.7009037
-2.7419674 -7.0721993 1.7000372
-2.7001631 -7.0722027 1.7001823
-2.656492 -7.0722046 1.6998787
-2.6172192 -7.0722046 1.6997361
-2.5767546 -7.072207 1.7003535
-2.5399687 -7.0722117 1.6999881
-2.503207 -7.0722136 1.6998781
-2.4602156 -7.0722175 1.6989412
-2.4210684 -7.0722184 1.6998861
-2.3811791 -7.0722198 1.7000542
-2.3403833 -7.0722222 1.6991183
-2.2982881 -7.0722251 1.6995409
-2.2557485 -7.072228 1.7005674
-2.2181952 -7.0722294 1.7002307
-2.1798363 -7.0722342 1.6998868
-2.1414244 -7.0722351 1.7007178
-2.1013944 -7.072237 1.7003717
-2.0604782 -7.0722418 1.7000182
-2.018646 -7.0722432 1.6996565
-1.9759173 -7.0722451 1.7005118
-1.9392964 -7.0722475 1.7007713
-1.9014945 -7.0722504 1.6998967
-1.8560061 -7.0722523 1.6995181
-1.8173034 -7.0722551 1.7004732
-1.7777835 -7.072258 1.7001554
-1.7375247 -7.0722604 1.6985264
-1.7047104 -7.0722628 1.7008759
-1.6629109 -7.0722656 1.6992362
-1.6203076 -7.072268 1.698897
-1.586537 -7.0722699 1.6992226
-1.5425613 -7.0722733 1.6996306
-1.4961224 -7.0722761 1.6992729
-1.4592736 -7.072278 1.7017698
-1.4217877 -7.0722809 1.7001129
-1.3847173 -7.0722828 1.7004638
-1.3448391 -7.0722857 1.7009637
-1.3042341 -7.072288 1.7014823
-1.2662631 -7.0722904 1.6996088
-1.2242055 -7.0722923 1.7001143
-1.1813604 -7.0722957 1.7006391
-1.1412752 -7.072298 1.6987063
-1.0980662 -7.0723004 1.7014058
-1.0515786 -7.0723038 1.6997483
-1.0192637 -7.0723057 1.701736
-0.98391259 -7.0723076 1.6992838
-0.93901432 -7.0723104 1.699662
-0.89327174 -7.0723133 1.7000586
-0.85608149 -7.0723157 1.697525
-0.81962347 -7.0723181 1.702049
-0.7826848 -7.0723205 1.6970083
-0.7451309 -7.0723228 1.701596
-0.69421816 -7.0723262 1.6996635
-0.65538836 -7.0723286 1.6994067
-0.61589611 -7.0723305 1.6991624
-0.57586145 -7.0723333 1.6988976
-0.535133 -7.0723362 1.6986457
-0.4938364 -7.0723381 1.6983726
-0.46591887 -7.07234 1.6999021
-0.42344975 -7.0723429 1.6996394
-0.38037586 -7.0723457 1.6993818
-0.33652663 -7.0723486 1.6991105
-0.29204321 -7.072351 1.6988448
-0.26195574 -7.0723529 1.7004354
-0.21615958 -7.0723557 1.7001814
-3.571243 -7.0227714 1.7000909
-3.5712402 -6.9808083 1.7002381
-3.5712361 -6.9411044 1.6995323
-3.571234 -6.9002991 1.7004291
-3.5712306 -6.8579483 1.6999354
-3.5712283 -6.8191948 1.7003423
-3.5712271 -6.7791991 1.699519
-3.571223 -6.7373981 1.7005204
-3.5712206 -6.6998048 1.6994615
-3.5712194 -6.6610169 1.7004941
-3.5712154 -6.6214786 1.6993742
-3.5712128 -6.5808706 1.6997765
-3.5712109 -6.5387816 1.7001499
-3.5712075 -6.5009561 1.6998813
-3.5712051 -6.4626427 1.6995871
-3.571203 -6.4232559 1.7002083
-3.5711997 -6.3827505 1.7008467
-3.5711975 -6.3410807 1.6986544
-3.5711946 -6.2981944 1.7002523
-3.5711918 -6.261518 1.6996666
-3.5711899 -6.2238626 1.7000593
-3.5711865 -6.1766796 1.6997715
-3.5711839 -6.1371198 1.700632
-3.5711818 -6.0969152 1.6995242
-3.5711784 -6.0550857 1.6999303
-3.5711761 -6.0201273 1.7005681
-3.5711741 -5.9850845 1.6996366
-3.5711708 -5.940865 1.69954
-3.5711677 -5.8948064 1.6988729
-3.5711653 -5.8570018 1.7012137
-3.5711629 -5.8183422 1.700242
-3.5711601 -5.7788005 1.6992484
-3.5711577 -5.7374129 1.6999208
-3.5711548 -5.6969414 1.700655
-3.571152 -5.6555333 1.7014161
-3.5711493 -5.6121597 1.7003894
-3.5711472 -5.5779605 1.6995796
-3.5711448 -5.5430484 1.6987529
-3.571142 -5.4990449 1.7013763
-3.5711396 -5.4626937 1.7005509
-3.5711372 -5.4255614 1.6997077
-3.5711339 -5.3776016 1.7005163
-3.5711315 -5.3400183 1.6977654
-3.5711288 -5.3004475 1.7007247
-3.5711262 -5.2625537 1.6999009
-3.5711236 -5.2226233 1.7009932
-3.5711212 -5.181982 1.7021221
-3.5711181 -5.1404252 1.6992592
-3.5688965 -7.0637708 1.7398587
-3.5395119 -7.072145 1.7399309
-3.5008321 -7.0721464 1.7402264
-3.46122 -7.0721498 1.7402114
-3.4198391 -7.0721521 1.7398486
-3.3801963 -7.0721564 1.7400874
-3.3395081 -7.072165 1.7400063
-3.2999506 -7.072165 1.7395445
-3.2624314 -7.0721674 1.7396528
-3.2205546 -7.0721722 1.7404721
-3.1802721 -7.0721726 1.7398899
-3.1422088 -7.0721736 1.7400001
-3.0997612 -7.0721745 1.7401228
-3.0597882 -7.0721765 1.7404243
-3.0226703 -7.0721779 1.7401596
-2.9799812 -7.0721836 1.7395682
-2.9404063 -7.0721865 1.7394477
-2.9037247 -7.0721889 1.739938
-2.8613162 -7.0721898 1.7396939
-2.8183563 -7.0721922 1.7399803
-2.7784092 -7.0721946 1.7400837
-2.7421372 -7.0721989 1.7404317
-2.7001734 -7.0722027 1.7400756
-2.6568527 -7.0722041 1.7406578
-2.6170306 -7.0722051 1.7402349
-2.5765541 -7.0722075 1.7398185
-2.5405219 -7.0722117 1.7396536
-2.5036356 -7.0722141 1.7394817
-2.4599912 -7.072217 1.7398314
-2.420475 -7.0722184 1.7399204
-2.3809505 -7.0722198 1.7402732
-2.3403833 -7.0722222 1.7389961
-2.298553 -7.0722251 1.7390763
-2.2550209 -7.072228 1.740292
-2.2174518 -7.0722299 1.7403762
-2.1790769 -7.0722337 1.7404625
-2.1398711 -7.0722356 1.7405508
-2.0998065 -7.072237 1.7406406
-2.0588551 -7.0722413 1.7407328
-2.0169325 -7.0722432 1.7396157
-1.9741137 -7.0722456 1.7396982
-1.938628 -7.072248 1.7397655
-1.9024273 -7.0722504 1.7398362
-1.8569613 -7.0722523 1.739924
-1.8180145 -7.0722561 1.7405815
-1.7777861 -7.072258 1.7400813
-1.7367851 -7.0722609 1.7395669
-1.7047104 -7.0722628 1.7402163
-1.6629109 -7.0722656 1.7389785
-1.6203076 -7.072268 1.7390486
-1.5855639 -7.0722704 1.7377466
-1.5412819 -7.0722733 1.7391624
-1.4961226 -7.0722756 1.740618
-1.4582413 -7.0722775 1.7414678
-1.422838 -7.0722804 1.739985
-1.3836486 -7.0722823 1.7408346
-1.3437515 -7.0722847 1.7417089
-1.3064477 -7.072288 1.7401886
-1.2651364 -7.0722899 1.7410628
-1.2242055 -7.0722923 1.7396765
-1.1836969 -7.0722957 1.7404034
-1.1388955 -7.072298 1.7391552
-1.0968541 -7.0723004 1.7398808
-1.0540482 -7.0723038 1.7406304
-1.0192637 -7.0723057 1.7384782
-0.98645294 -7.0723076 1.7407488
-0.93771958 -7.0723104 1.7394499
-0.89195162 -7.0723133 1.7402098
-0.85608149 -7.0723162 1.7402713
-0.81962335 -7.0723181 1.7403259
-0.7826848 -7.0723205 1.7403892
-0.74513084 -7.0723228 1.7404455
-0.69421816 -7.0723262 1.7389047
-0.65538836 -7.0723286 1.7389462
-0.61589611 -7.0723305 1.7390056
-0.57586145 -7.0723333 1.7390487
-0.535133 -7.0723362 1.73911
-0.4938364 -7.0723381 1.7391542
-0.46591902 -7.07234 1.7357738
-0.42344975 -7.0723429 1.740962
-0.38037586 -7.0723457 1.7358291
-0.33652663 -7.0723486 1.7411015
-0.29204321 -7.072351 1.7358861
-0.26195574 -7.0723529 1.7429997
-0.21835634 -7.0723557 1.7402772
-3.5712426 -7.0225921 1.7399225
-3.5712395 -6.9804354 1.7408111
-3.5712361 -6.9409785 1.7397903
-3.5712335 -6.9000897 1.7401121
-3.5712309 -6.8580828 1.7392803
-3.5712283 -6.8184547 1.7403049
-3.5712271 -6.7784371 1.7401285
-3.571223 -6.7372379 1.7405881
-3.5712204 -6.6998048 1.7394818
-3.5712192 -6.6617422 1.7398158
-3.5712154 -6.6214781 1.73975
-3.571213 -6.5799007 1.7396847
-3.5712109 -6.5382452 1.7409217
-3.5712073 -6.5009608 1.740292
-3.5712051 -6.4626417 1.7396444
-3.571203 -6.423254 1.7399023
-3.5711997 -6.3827505 1.7401677
-3.571197 -6.3410807 1.738541
-3.5711946 -6.2981944 1.740721
-3.5711918 -6.2615194 1.7406331
-3.5711899 -6.2238655 1.7405492
-3.5711865 -6.1782498 1.7398075
-3.5711846 -6.1383581 1.7402586
-3.5711815 -6.0969095 1.7396386
-3.5711784 -6.0544329 1.7390035
-3.5711765 -6.0207939 1.7400846
-3.5711739 -5.985765 1.7395778
-3.571171 -5.9399061 1.7395126
-3.5711675 -5.8940878 1.7398885
-3.5711653 -5.8570023 1.7410336
-3.5711632 -5.8183422 1.740512
-3.5711601 -5.7788005 1.7399783
-3.5711577 -5.7383428 1.7394325
-3.5711553 -5.6959891 1.740593
-3.571152 -5.6535835 1.7400413
-3.5711489 -5.6101637 1.7394763
-3.5711472 -5.57796 1.7390572
-3.5711448 -5.5451183 1.7386298
-3.5711417 -5.4969234 1.7416701
-3.5711396 -5.4626937 1.7412577
-3.5711372 -5.4277635 1.7408371
-3.5711341 -5.3787308 1.7402465
-3.5711315 -5.3400187 1.7397803
-3.5711288 -5.3016214 1.7412525
-3.5711262 -5.2625537 1.7388474
-3.5711238 -5.2226229 1.7403266
-3.5711212 -5.181982 1.7418497
-3.5711181 -5.1404252 1.7393898
-3.5688534 -7.0636292 1.7796543
-3.5392406 -7.072145 1.7801036
-3.5008318 -7.0721469 1.7799692
-3.4610672 -7.0721498 1.7800691
-3.4201114 -7.0721521 1.7800175
-3.3802905 -7.072156 1.7799262
-3.3387043 -7.0721655 1.7801627
-3.2994568 -7.0721645 1.7795709
-3.2622426 -7.0721664 1.7798737
-3.2202106 -7.0721717 1.7804788
-3.1802728 -7.0721726 1.7796431
-3.1425114 -7.0721741 1.7799875
-3.1000729 -7.0721745 1.7798848
-3.0601776 -7.0721765 1.7804022
-3.0222635 -7.0721784 1.7801975
-2.9804173 -7.0721827 1.7797438
-2.9402647 -7.0721874 1.7799523
-2.903502 -7.0721889 1.7800083
-2.8615468 -7.0721898 1.7803261
-2.8183579 -7.0721912 1.7795013
-2.7784076 -7.0721941 1.7792629
-2.7424805 -7.0721989 1.7800901
-2.6998839 -7.0722022 1.779987
-2.6566751 -7.0722041 1.7806519
-2.6174183 -7.0722051 1.7799933
-2.5769455 -7.072207 1.7800833
-2.5410712 -7.0722117 1.7792993
-2.5034175 -7.0722141 1.779843
-2.4597754 -7.072217 1.7807301
-2.4210682 -7.0722189 1.7799517
-2.3811796 -7.0722203 1.7805136
-2.3403842 -7.0722213 1.7799815
-2.2985532 -7.0722251 1.7794365
-2.2557485 -7.072228 1.7800134
-2.2181935 -7.0722299 1.7793721
-2.1798344 -7.0722337 1.7798761
-2.140645 -7.0722351 1.7803913
-2.1014419 -7.072237 1.7797177
-2.0605268 -7.0722413 1.7802422
-2.018646 -7.0722432 1.7795682
-1.9758662 -7.0722451 1.7801027
-1.9379597 -7.0722485 1.7787803
-1.9005542 -7.0722504 1.7797955
-1.8550438 -7.0722523 1.7803496
-1.8173034 -7.0722556 1.7808084
-1.7777835 -7.072258 1.7800076
-1.7375247 -7.0722609 1.7804867
-1.7047104 -7.0722628 1.7795565
-1.6639646 -7.0722656 1.7800279
-1.6203076 -7.072268 1.7792002
-1.5855639 -7.0722704 1.778232
-1.5412819 -7.0722733 1.7800734
-1.4961224 -7.0722756 1.781963
-1.4603058 -7.0722775 1.7788293
-1.4217877 -7.0722809 1.7800163
-1.38258 -7.0722828 1.7812343
-1.3459266 -7.0722847 1.7800554
-1.305341 -7.0722876 1.7812853
-1.265136 -7.0722904 1.7802711
-1.2242054 -7.0722923 1.7792387
-1.1813604 -7.0722957 1.7805048
-1.1412749 -7.072298 1.7792653
-1.0968541 -7.0723009 1.7805446
-1.0528133 -7.0723033 1.779476
-1.0192637 -7.0723052 1.7798131
-0.98518252 -7.0723076 1.7801478
-0.94030899 -7.0723104 1.7812909
-0.89195156 -7.0723133 1.7779307
-0.85608149 -7.0723157 1.7830175
-0.81962335 -7.0723181 1.7786028
-0.7826848 -7.0723205 1.7837703
-0.74513084 -7.0723228 1.7792951
-0.69564664 -7.0723262 1.7804877
-0.65538836 -7.0723286 1.7784858
-0.61589634 -7.0723305 1.7788489
-0.57586145 -7.0723333 1.7791996
-0.535133 -7.0723362 1.7795739
-0.4938364 -7.0723381 1.7799358
-0.46591902 -7.07234 1.7767701
-0.42344975 -7.0723429 1.7822849
-0.38037586 -7.0723457 1.777483
-0.3344236 -7.0723486 1.7806187
-0.29204321 -7.072351 1.7782191
-0.26195574 -7.0723529 1.7802434
-0.21615958 -7.0723553 1.780635
-3.5712426 -7.022953 1.7801697
-3.5712399 -6.9804354 1.7809368
-3.5712361 -6.9409781 1.7806042
-3.5712337 -6.9000874 1.7793328
-3.5712304 -6.8575206 1.7791913
-3.5712285 -6.8190551 1.7796456
-3.5712271 -6.7787366 1.780145
-3.5712233 -6.737237 1.7800274
-3.5712204 -6.6998048 1.7795018
-3.5712192 -6.6611996 1.7798067
-3.5712154 -6.621479 1.7801262
-3.5712128 -6.5806642 1.7802187
-3.5712106 -6.538249 1.7807899
-3.571207 -6.5009565 1.780702
-3.5712054 -6.4626451 1.7806125
-3.5712032 -6.4232531 1.7805202
-3.5711997 -6.3827505 1.7794883
-3.5711975 -6.3410807 1.7784275
-3.5711944 -6.298192 1.7802261
-3.571192 -6.2609472 1.7801386
-3.5711899 -6.2238679 1.7800518
-3.5711865 -6.1774611 1.7799428
-3.5711837 -6.1371198 1.779848
-3.5711811 -6.0969148 1.7797537
-3.5711784 -6.0557384 1.7796569
-3.5711761 -6.0214605 1.7795764
-3.5711741 -5.9864459 1.779494
-3.571171 -5.9418206 1.780417
-3.5711677 -5.8948064 1.7809242
-3.5711653 -5.8570018 1.7808539
-3.5711629 -5.8183422 1.7807819
-3.5711601 -5.7788005 1.7807082
-3.5711575 -5.7383428 1.780633
-3.5711548 -5.6969409 1.7805558
-3.571152 -5.6545582 1.780477
-3.5711496 -5.6111617 1.7803963
-3.5711472 -5.5779605 1.7785345
-3.5711448 -5.5430484 1.7784528
-3.5711417 -5.4979844 1.7801857
-3.5711396 -5.4626937 1.7782638
-3.5711372 -5.4266629 1.7800413
-3.5711341 -5.3776016 1.7799498
-3.5711315 -5.3400183 1.7817953
-3.5711288 -5.3016214 1.7798201
-3.5711262 -5.2625537 1.7777939
-3.5711236 -5.2226233 1.7796602
-3.5711212 -5.181982 1.7815773
-3.5711186 -5.1404252 1.7795204
-3.5688987 -7.0640607 1.8201475
-3.539412 -7.0721455 1.8199965
-3.5010748 -7.0721459 1.820026
-3.4610693 -7.0721498 1.8199388
-3.4201152 -7.0721521 1.8201745
-3.3803873 -7.0721545 1.8197607
-3.339514 -7.0721655 1.8200102
-3.3000057 -7.072165 1.8199832
-3.2620497 -7.0721674 1.8200868
-3.2202108 -7.0721717 1.8201208
-3.1802733 -7.0721726 1.8198992
-3.1427336 -7.0721736 1.8203992
-3.1003869 -7.0721745 1.8196326
-3.0601757 -7.0721765 1.8204246
-3.0226703 -7.0721779 1.8201834
-2.9798009 -7.0721822 1.8199207
-2.9401281 -7.0721879 1.8204628
-2.9035034 -7.0721889 1.8195122
-2.8620183 -7.0721898 1.8203958
-2.8183579 -7.0721912 1.8195947
-2.7784076 -7.0721941 1.8198944
-2.7414565 -7.0721989 1.8197111
-2.7001629 -7.0722027 1.8204969
-2.6566701 -7.0722041 1.8199017
-2.6170309 -7.0722046 1.8197244
-2.5765533 -7.072207 1.8203198
-2.5399976 -7.0722113 1.8200222
-2.503207 -7.0722136 1.8202116
-2.4599936 -7.072216 1.8200393
-2.4210694 -7.0722189 1.8199809
-2.3811793 -7.0722198 1.819921
-2.3403831 -7.0722222 1.8209673
-2.2985528 -7.0722251 1.8197967
-2.2557468 -7.072228 1.8197324
-2.218195 -7.0722299 1.819512
-2.1805973 -7.0722337 1.8192644
-2.1414244 -7.0722351 1.8202057
-2.1005995 -7.072237 1.8199983
-2.0588551 -7.0722418 1.8197941
-2.0169322 -7.0722427 1.8195635
-1.9741137 -7.0722466 1.8205513
-1.9392962 -7.0722485 1.8194464
-1.9014943 -7.0722504 1.8197343
-1.8560061 -7.0722523 1.820755
-1.8173034 -7.0722551 1.8190666
-1.7787793 -7.072258 1.8199071
-1.7375247 -7.0722609 1.8195118
-1.7047104 -7.0722628 1.8188969
-1.6629109 -7.0722656 1.8211011
-1.6203076 -7.072268 1.8193518
-1.5855637 -7.0722704 1.8187174
-1.5412819 -7.0722733 1.8209844
-1.4951077 -7.0722752 1.8213425
-1.4592736 -7.072278 1.8185272
-1.4207375 -7.0722809 1.8200762
-1.3847173 -7.0722823 1.8192272
-1.344839 -7.0722857 1.8208004
-1.305341 -7.072288 1.8201457
-1.2651359 -7.0722909 1.8194792
-1.2230581 -7.0722923 1.8211076
-1.1836969 -7.0722957 1.8202288
-1.1388955 -7.072298 1.8197553
-1.096854 -7.0723004 1.8212084
-1.0515785 -7.0723038 1.8183526
-1.0192637 -7.0723057 1.8211477
-0.98391223 -7.0723076 1.819579
-0.93901438 -7.0723104 1.8210789
-0.89063156 -7.0723133 1.818125
-0.85608149 -7.0723157 1.8210142
-0.81826425 -7.0723181 1.8193904
-0.78268456 -7.07232 1.8223312
-0.7451309 -7.0723228 1.8181449
-0.6942184 -7.0723257 1.8222796
-0.65538836 -7.0723286 1.8180256
-0.617369 -7.0723305 1.8210585
-0.57586145 -7.0723333 1.8193506
-0.535133 -7.0723357 1.8200381
-0.4938364 -7.0723381 1.8207173
-0.46591902 -7.07234 1.8177663
-0.42141309 -7.0723429 1.8211881
-0.38037586 -7.0723457 1.8191369
-0.33652663 -7.0723486 1.8198488
-0.29204321 -7.072351 1.8205522
-0.26195574 -7.0723529 1.8174872
-0.21396282 -7.0723557 1.821039
-3.571243 -7.0227728 1.8200016
-3.5712397 -6.9808288 1.8206276
-3.5712359 -6.9412408 1.820279
-3.5712335 -6.9000888 1.8199376
-3.5712306 -6.8580832 1.8191061
-3.5712283 -6.8191948 1.8196181
-3.5712268 -6.779037 1.8201466
-3.571223 -6.7372379 1.8194669
-3.5712204 -6.6998038 1.8195219
-3.5712192 -6.6611996 1.8204256
-3.5712156 -6.6214809 1.8196435
-3.571213 -6.5808706 1.8201383
-3.5712109 -6.5382452 1.8206587
-3.5712075 -6.5009599 1.8211128
-3.5712051 -6.4626436 1.8197591
-3.571203 -6.423254 1.8211374
-3.5711997 -6.3827529 1.819746
-3.5711975 -6.3417192 1.8192952
-3.5711946 -6.2981954 1.8197312
-3.5711915 -6.261518 1.819647
-3.5711894 -6.2238655 1.8195537
-3.5711865 -6.1782503 1.8200817
-3.5711839 -6.1383581 1.8194432
-3.5711815 -6.0969095 1.8198683
-3.5711784 -6.0544333 1.820304
-3.5711763 -6.0201273 1.8206557
-3.5711739 -5.985765 1.819407
-3.5711708 -5.940865 1.8203899
-3.5711677 -5.8948064 1.8203044
-3.5711653 -5.8570023 1.8206739
-3.5711629 -5.8183422 1.8210517
-3.5711601 -5.7797093 1.8197277
-3.5711577 -5.7392726 1.8201032
-3.5711553 -5.6978931 1.8204873
-3.571152 -5.6555333 1.8208808
-3.5711496 -5.6121597 1.8212837
-3.5711472 -5.5779605 1.821601
-3.5711448 -5.5451183 1.8182853
-3.5711417 -5.4990444 1.8186684
-3.5711396 -5.4626937 1.8189707
-3.5711372 -5.4255614 1.8192794
-3.5711341 -5.376472 1.8196877
-3.5711315 -5.3400183 1.8199908
-3.5711288 -5.3027949 1.8203006
-3.5711262 -5.2625537 1.8167404
-3.5711236 -5.2226233 1.8189939
-3.5711212 -5.181982 1.821305
-3.5711186 -5.1404247 1.8196507
-3.568939 -7.063622 1.8599303
-3.5394435 -7.072145 1.8598874
-3.5008318 -7.0721469 1.8600823
-3.4611034 -7.0721498 1.8595235
-3.4199305 -7.0721521 1.8603352
-3.3800063 -7.072156 1.8599327
-3.3389082 -7.0721655 1.8598504
-3.2996416 -7.0721641 1.8600003
-3.2619829 -7.0721674 1.8603021
-3.2203264 -7.0721722 1.8601142
-3.1802733 -7.0721726 1.8601553
-3.1426637 -7.0721741 1.8599477
-3.1001499 -7.0721745 1.8598387
-3.0597835 -7.0721765 1.8598769
-3.0222635 -7.0721784 1.8602329
-2.9800677 -7.0721827 1.860078
-2.9404058 -7.0721874 1.8602947
-2.9037323 -7.0721889 1.8595818
-2.8615468 -7.0721898 1.8604732
-2.8183575 -7.0721908 1.859688
-2.7782397 -7.0721946 1.8597989
-2.7419674 -7.0721993 1.860114
-2.6998889 -7.0722022 1.8603802
-2.6572149 -7.0722041 1.8599082
-2.6179852 -7.0722051 1.8602403
-2.5775454 -7.072207 1.859803
-2.5410712 -7.0722117 1.8606873
-2.5036356 -7.0722127 1.8597996
-2.4602151 -7.0722175 1.859341
-2.4210684 -7.0722189 1.8600101
-2.3814116 -7.0722203 1.8601501
-2.3403831 -7.0722218 1.860845
-2.2985525 -7.0722251 1.8601571
-2.2557485 -7.072228 1.8594513
-2.21894 -7.0722303 1.8596214
-2.1798363 -7.0722342 1.8598489
-2.1398711 -7.0722351 1.8600893
-2.099755 -7.072237 1.8603055
-2.0605268 -7.0722418 1.8592683
-2.0186458 -7.0722427 1.8594795
-1.9758662 -7.0722446 1.8609186
-1.9379596 -7.0722485 1.8603978
-1.9024274 -7.0722504 1.8596454
-1.856961 -7.0722523 1.8611312
-1.8165925 -7.0722551 1.8593224
-1.7777835 -7.072258 1.8598496
-1.7382644 -7.0722599 1.8604016
-1.7047104 -7.0722628 1.8582375
-1.6629109 -7.0722656 1.8608431
-1.6203076 -7.0722685 1.8595034
-1.5855637 -7.0722704 1.859203
-1.540006 -7.0722733 1.8605757
-1.4971373 -7.0722756 1.8583491
-1.4592733 -7.072278 1.8602263
-1.4217876 -7.0722809 1.8599383
-1.3836485 -7.0722823 1.8596268
-1.3437514 -7.0722852 1.8615748
-1.305341 -7.0722876 1.8590062
-1.264009 -7.0722904 1.8609834
-1.2253524 -7.0722923 1.8604524
-1.1813602 -7.0722952 1.8603704
-1.1412749 -7.072298 1.8598245
-1.0956419 -7.0723004 1.8597347
-1.0540481 -7.0723038 1.8591731
-1.0192637 -7.0723057 1.8578899
-0.98645276 -7.0723076 1.8609802
-0.9390142 -7.0723104 1.8584379
-0.89327157 -7.0723133 1.8603292
-0.85608149 -7.0723157 1.8590107
-0.81962359 -7.0723181 1.8599532
-0.7826848 -7.0723205 1.8608922
-0.7451309 -7.0723228 1.8569945
-0.6942184 -7.0723262 1.8615208
-0.65538836 -7.0723286 1.857565
-0.61589634 -7.0723305 1.8635029
-0.57586145 -7.0723333 1.8595016
-0.535133 -7.0723362 1.8605021
-0.4938364 -7.0723381 1.8614991
-0.46591902 -7.07234 1.8587625
-0.42344975 -7.0723429 1.8597786
-0.38037586 -7.0723457 1.8607907
-0.33862966 -7.0723486 1.8590344
-0.29204321 -7.072351 1.8628852
-0.26195574 -7.0723529 1.8600516
-0.21835634 -7.0723557 1.8582507
-3.5712426 -7.0231309 1.8598298
-3.5712399 -6.9804354 1.8602895
-3.5712361 -6.9409785 1.8599606
-3.5712337 -6.9000907 1.8600807
-3.5712309 -6.8579378 1.8596233
-3.5712283 -6.8186135 1.8601891
-3.5712271 -6.7787366 1.8601562
-3.571223 -6.7377162 1.859524
-3.5712206 -6.6998048 1.859542
-3.5712192 -6.6613789 1.860424
-3.5712154 -6.621479 1.8591604
-3.5712128 -6.5806642 1.8600631
-3.5712106 -6.5382481 1.8605263
-3.5712075 -6.5015302 1.8606471
-3.5712054 -6.4626412 1.8598168
-3.571203 -6.423254 1.8599085
-3.5711997 -6.3827505 1.8600028
-3.5711975 -6.3410807 1.8600909
-3.5711946 -6.2981944 1.8601997
-3.5711918 -6.261518 1.8606135
-3.5711899 -6.2238626 1.8600439
-3.5711868 -6.1766801 1.8601103
-3.5711844 -6.1371183 1.859064
-3.5711811 -6.0969148 1.859983
-3.5711784 -6.055738 1.8609244
-3.5711763 -6.0207939 1.8601474
-3.5711741 -5.9850841 1.8593451
-3.571171 -5.9408684 1.8603128
-3.5711677 -5.8948064 1.8596849
-3.5711653 -5.8570018 1.860494
-3.5711632 -5.819232 1.8596203
-3.5711601 -5.7788005 1.8587643
-3.5711575 -5.7383428 1.8595909
-3.5711553 -5.6969409 1.8604368
-3.5711524 -5.6535835 1.85957
-3.5711496 -5.6101637 1.8604363
-3.5711472 -5.57796 1.8610786
-3.5711448 -5.5440826 1.8599381
-3.5711417 -5.4969234 1.8590279
-3.5711396 -5.4626937 1.8596776
-3.5711372 -5.4277635 1.8603405
-3.5711341 -5.3787308 1.861271
-3.5711315 -5.3400183 1.8581864
-3.5711288 -5.3016214 1.8608001
-3.5711262 -5.2625537 1.8595815
-3.5711236 -5.2226233 1.8583275
-3.5711212 -5.181982 1.8610327
-3.5711186 -5.1404238 1.8597813
-3.5688102 -7.0639181 1.8997371
-3.5390353 -7.072145 1.9000487
-3.5008318 -7.0721464 1.899825
-3.4610667 -7.0721493 1.8996768
-3.4197493 -7.0721521 1.9005057
-3.3803914 -7.072155 1.8997623
-3.3393087 -7.0721655 1.9000186
-3.2996438 -7.072165 1.900038
-3.2625 -7.072166 1.9000956
-3.2202108 -7.0721712 1.9001111
-3.1802733 -7.0721726 1.9004116
-3.1424365 -7.0721736 1.8995106
-3.0999188 -7.0721745 1.9000362
-3.0599816 -7.0721755 1.8998883
-3.0226703 -7.0721779 1.9002073
-2.9800735 -7.0721827 1.8998202
-2.9406822 -7.0721874 1.900115
-2.9034996 -7.0721889 1.9001875
-2.8615468 -7.0721898 1.8999854
-2.8183577 -7.0721912 1.8997811
-2.7784073 -7.0721941 1.899707
-2.7417958 -7.0721989 1.900502
-2.6996059 -7.0722027 1.9002749
-2.6559231 -7.0722041 1.8999088
-2.6164486 -7.0722046 1.8999755
-2.5759692 -7.0722075 1.9000437
-2.5399687 -7.0722117 1.9003944
-2.5040612 -7.0722132 1.8993722
-2.4606521 -7.072216 1.8994352
-2.4216597 -7.0722189 1.9000063
-2.3811796 -7.0722203 1.9003748
-2.3403831 -7.0722218 1.9007227
-2.2985528 -7.0722251 1.900517
-2.2564778 -7.072228 1.899132
-2.218195 -7.0722299 1.8997841
-2.1790771 -7.0722342 1.9004582
-2.140645 -7.0722351 1.8999046
-2.1013942 -7.072237 1.8993299
-2.0596657 -7.0722413 1.9000127
-2.0169325 -7.0722427 1.8995112
-1.9750165 -7.0722451 1.900135
-1.9392962 -7.0722485 1.9010358
-1.9005537 -7.0722504 1.899662
-1.8560036 -7.0722523 1.9003067
-1.8180145 -7.0722561 1.9012378
-1.776785 -7.072258 1.8998225
-1.7375243 -7.0722604 1.9014565
-1.7047104 -7.0722628 1.8975776
-1.6629108 -7.0722656 1.9005853
-1.6203076 -7.072268 1.8996546
-1.5855637 -7.0722704 1.8996884
-1.5412818 -7.0722733 1.9000906
-1.4961221 -7.0722756 1.8977287
-1.4592733 -7.072278 1.9019254
-1.422838 -7.0722809 1.899772
-1.3825798 -7.0722828 1.9000552
-1.3459265 -7.0722852 1.8998628
-1.304234 -7.072288 1.9001517
-1.2662628 -7.0722904 1.8999566
-1.2230579 -7.0722928 1.9002519
-1.1836967 -7.0722957 1.9000541
-1.1388955 -7.072298 1.9003558
-1.0980659 -7.0723004 1.9001549
-1.0515785 -7.0723038 1.9004636
-1.0192637 -7.0723052 1.8992246
-0.98518246 -7.0723076 1.9004112
-0.93771946 -7.0723104 1.8982683
-0.8919518 -7.0723133 1.9005237
-0.85608149 -7.0723157 1.8970075
-0.82098269 -7.0723181 1.9004819
-0.7826848 -7.0723205 1.899453
-0.74373078 -7.0723228 1.898414
-0.6942184 -7.0723262 1.9007616
-0.65538836 -7.0723286 1.8971047
-0.61589634 -7.0723305 1.9033461
-0.57586145 -7.0723333 1.8996527
-0.535133 -7.0723362 1.9009663
-0.4938364 -7.0723381 1.9022807
-0.46591902 -7.07234 1.8997588
-0.42548642 -7.0723429 1.8983259
-0.38037586 -7.0723457 1.9024447
-0.33652663 -7.0723486 1.8985679
-0.29204321 -7.072351 1.8999267
-0.26195574 -7.0723529 1.9026159
-0.21615958 -7.0723553 1.8986551
-3.5712426 -7.0227728 1.9000815
-3.5712397 -6.9804339 1.8999686
-3.5712361 -6.9411049 1.9002167
-3.5712335 -6.9002986 1.8997613
-3.5712306 -6.8578038 1.9001144
-3.5712283 -6.8193521 1.9001389
-3.5712268 -6.7788925 1.8995684
-3.5712233 -6.7370801 1.9001769
-3.5712204 -6.6998043 1.8995625
-3.5712194 -6.6611996 1.9003916
-3.5712154 -6.6214771 1.8995368
-3.5712125 -6.5804772 1.8999544
-3.5712111 -6.5382452 1.9003952
-3.5712073 -6.5003848 1.9001167
-3.5712051 -6.4626446 1.9007846
-3.571203 -6.4232564 1.8996028
-3.5711997 -6.3827505 1.8993239
-3.5711975 -6.3410807 1.8999772
-3.5711946 -6.2981944 1.9006681
-3.571192 -6.2620897 1.9000918
-3.5711899 -6.2238655 1.9005336
-3.5711865 -6.1774616 1.9002491
-3.5711844 -6.1383572 1.8986284
-3.5711811 -6.0969095 1.9000981
-3.5711784 -6.0550857 1.9000138
-3.5711768 -6.0214605 1.8996146
-3.5711741 -5.9864459 1.9008224
-3.5711708 -5.940865 1.9002366
-3.5711677 -5.8948064 1.8990651
-3.5711653 -5.8570018 1.900314
-3.5711632 -5.8183436 1.8982263
-3.5711603 -5.7787995 1.8994941
-3.5711577 -5.7383428 1.9007913
-3.5711548 -5.6959891 1.9004173
-3.5711524 -5.6545582 1.8999738
-3.5711493 -5.6121597 1.8995091
-3.5711472 -5.5779605 1.9005562
-3.5711448 -5.5440831 1.8997771
-3.5711417 -5.4990444 1.8993065
-3.5711396 -5.4626937 1.9003843
-3.5711372 -5.4266629 1.8995788
-3.5711339 -5.3776016 1.9010092
-3.5711315 -5.3400187 1.9002013
-3.5711288 -5.3016214 1.8993677
-3.5711262 -5.2625537 1.9024227
-3.5711234 -5.2214031 1.8996681
-3.5711212 -5.181982 1.9007603
-3.5711181 -5.1404238 1.8999119
-3.5689394 -7.0637703 1.9402164
-3.5393438 -7.0721455 1.9399437
-3.5008323 -7.0721469 1.9398836
-3.4610667 -7.0721493 1.9401076
-3.4202116 -7.0721521 1.9400066
-3.3801944 -7.0721545 1.9399365
-3.339215 -7.0721645 1.9398688
-3.2998266 -7.072165 1.9404367
-3.2621131 -7.0721655 1.939913
-3.2204409 -7.0721722 1.9401078
-3.1804466 -7.0721726 1.9401667
-3.1425114 -7.0721741 1.939927
-3.1002309 -7.0721745 1.9397745
-3.0601842 -7.0721755 1.9398913
-3.0230856 -7.0721784 1.9402494
-2.9799778 -7.0721831 1.939991
-2.9398482 -7.0721865 1.9399489
-2.903502 -7.0721889 1.9402474
-2.861311 -7.0721898 1.9400597
-2.8183575 -7.0721912 1.9398746
-2.778573 -7.0721946 1.9396088
-2.742137 -7.0721989 1.9401518
-2.7001698 -7.0722022 1.9401885
-2.6568522 -7.0722041 1.9399133
-2.617985 -7.0722046 1.9397061
-2.5775452 -7.072207 1.9402795
-2.5405216 -7.0722117 1.9400259
-2.5025957 -7.0722141 1.9397582
-2.4593325 -7.072217 1.9395475
-2.4210682 -7.0722189 1.9400616
-2.3818691 -7.0722203 1.9405898
-2.3403831 -7.0722218 1.9406008
-2.2988136 -7.0722251 1.9400318
-2.2557483 -7.072228 1.9388812
-2.218195 -7.0722294 1.941071
-2.1798344 -7.0722342 1.9398386
-2.1414242 -7.0722351 1.9396939
-2.0998065 -7.072237 1.9396843
-2.0588021 -7.0722418 1.9407851
-2.0186458 -7.0722427 1.9393914
-1.9741689 -7.0722456 1.9393775
-1.9386278 -7.072248 1.9400648
-1.9023747 -7.0722504 1.9407685
-1.8550436 -7.0722523 1.9395115
-1.8173034 -7.0722556 1.9414933
-1.7777833 -7.072258 1.939712
-1.7375243 -7.0722604 1.9404814
-1.7039586 -7.0722628 1.9389867
-1.6629111 -7.0722656 1.9403273
-1.6203073 -7.072268 1.9398063
-1.5855637 -7.0722704 1.9401737
-1.5412782 -7.0722733 1.9396381
-1.4961224 -7.0722761 1.9390738
-1.458241 -7.0722775 1.9416709
-1.4217877 -7.0722809 1.9398419
-1.3847171 -7.0722823 1.937991
-1.344839 -7.0722857 1.940637
-1.3064476 -7.072288 1.9387603
-1.265136 -7.0722909 1.9414608
-1.2253522 -7.0722923 1.9395574
-1.1813602 -7.0722957 1.9402362
-1.1412748 -7.072298 1.9403837
-1.0968539 -7.0723004 1.9386815
-1.0540481 -7.0723038 1.9412411
-1.0192637 -7.0723057 1.9405596
-0.98391259 -7.0723076 1.9398741
-0.94030887 -7.0723104 1.9400247
-0.8919518 -7.0723133 1.9382445
-0.85608149 -7.0723162 1.9397538
-0.81962359 -7.0723181 1.9412799
-0.7826848 -7.0723205 1.938014
-0.74513084 -7.0723228 1.939562
-0.6942184 -7.0723262 1.9400028
-0.65538836 -7.0723286 1.9366443
-0.61589634 -7.0723305 1.9431894
-0.57586145 -7.0723333 1.9398037
-0.53708589 -7.0723357 1.9386978
-0.4938364 -7.0723381 1.9430622
-0.46591902 -7.07234 1.9407551
-0.42344975 -7.0723429 1.9372451
-0.38037586 -7.0723457 1.9440985
-0.33652663 -7.0723486 1.9405589
-0.29204321 -7.072351 1.9369681
-0.26195478 -7.0723529 1.9398597
-0.21615958 -7.0723553 1.9415715
-3.5712426 -7.0227714 1.9399056
-3.5712399 -6.9804349 1.9396484
-3.5712361 -6.9409781 1.9404528
-3.5712337 -6.9003038 1.9398978
-3.5712304 -6.8577995 1.9400316
-3.5712283 -6.8187561 1.9394959
-3.5712271 -6.7787337 1.9401703
-3.571223 -6.7372379 1.9402454
-3.5712206 -6.6998043 1.9395823
-3.5712192 -6.6606593 1.9403913
-3.5712154 -6.6214786 1.9399127
-3.5712128 -6.5802808 1.939854
-3.5712106 -6.5382481 1.9402633
-3.5712073 -6.5009608 1.9396507
-3.5712051 -6.4626422 1.9399316
-3.571203 -6.4238586 1.9402256
-3.5711997 -6.3833728 1.9395868
-3.5711975 -6.3410807 1.9398638
-3.5711944 -6.2989206 1.9401798
-3.5711918 -6.261518 1.9396127
-3.5711899 -6.224628 1.9410298
-3.5711868 -6.1782503 1.9403574
-3.5711842 -6.1377378 1.9397695
-3.5711815 -6.0969157 1.9402126
-3.5711784 -6.0544329 1.9391274
-3.5711765 -6.0207939 1.9391278
-3.5711739 -5.9857655 1.9407605
-3.5711715 -5.9418206 1.9401668
-3.5711675 -5.8955255 1.9400491
-3.5711658 -5.8570018 1.9401344
-3.5711632 -5.8183436 1.9384961
-3.5711601 -5.7788005 1.9402238
-3.5711577 -5.7374125 1.9403205
-3.5711548 -5.6969409 1.940338
-3.5711524 -5.6555328 1.9403453
-3.5711491 -5.6111617 1.9404364
-3.5711472 -5.57796 1.9400337
-3.5711448 -5.5440831 1.9396157
-3.5711417 -5.4969234 1.9397111
-3.5711396 -5.4626937 1.9410909
-3.5711372 -5.4255614 1.9388512
-3.5711341 -5.3776011 1.9388403
-3.5711315 -5.3400183 1.9422165
-3.5711288 -5.3004475 1.9399151
-3.5711262 -5.2625537 1.9413693
-3.5711236 -5.2226233 1.9409411
-3.5711212 -5.1819816 1.9404881
-3.5711181 -5.1404238 1.9400425
-3.568939 -7.0636215 1.9803731
-3.5392394 -7.072145 1.9798338
-3.5008318 -7.0721469 1.9799422
-3.46118 -7.0721498 1.9802568
-3.4198403 -7.0721521 1.9798392
-3.3801959 -7.0721545 1.9804496
-3.3391075 -7.072165 1.9797006
-3.2996421 -7.0721645 1.9800645
-3.2622426 -7.072166 1.979727
-3.2202106 -7.0721717 1.9800997
-3.1802728 -7.0721726 1.9799149
-3.1425843 -7.0721736 1.9803402
-3.0999963 -7.0721745 1.9799768
-3.059792 -7.0721765 1.979887
-3.0218697 -7.0721779 1.9802507
-2.9798911 -7.0721841 1.9801648
-2.9401274 -7.0721865 1.9797767
-2.9032729 -7.0721889 1.9797521
-2.8615465 -7.0721898 1.9801422
-2.8183579 -7.0721917 1.9799683
-2.7784076 -7.0721941 1.9795157
-2.7424805 -7.0721989 1.9797882
-2.7004442 -7.0722027 1.9800807
-2.6572154 -7.0722041 1.9806552
-2.6166632 -7.0722051 1.9802374
-2.5761414 -7.072207 1.9797797
-2.5410712 -7.0722108 1.979638
-2.5036354 -7.0722132 1.9801177
-2.4597754 -7.072217 1.9796518
-2.421068 -7.0722189 1.9790086
-2.3811793 -7.0722198 1.9808234
-2.3403828 -7.0722218 1.9804785
-2.2985528 -7.0722251 1.9795531
-2.2557483 -7.0722275 1.9797355
-2.2174516 -7.0722303 1.9812665
-2.1805973 -7.0722337 1.9791931
-2.1406469 -7.0722351 1.9807432
-2.1005974 -7.072237 1.9799184
-2.060478 -7.0722418 1.9802051
-2.0169864 -7.0722427 1.9806669
-1.9759171 -7.0722451 1.9796906
-1.9379596 -7.0722485 1.9791142
-1.9014916 -7.0722504 1.980757
-1.856006 -7.0722523 1.9798778
-1.8173034 -7.0722556 1.9797518
-1.777786 -7.072258 1.9796377
-1.7375244 -7.0722604 1.9795065
-1.7047104 -7.0722628 1.9802005
-1.6629108 -7.0722656 1.9800694
-1.6203076 -7.0722685 1.9799579
-1.5855639 -7.0722704 1.9806591
-1.5412816 -7.0722733 1.9791851
-1.4961224 -7.0722756 1.9804186
-1.4603056 -7.0722775 1.9789371
-1.4217873 -7.0722799 1.9819012
-1.3836485 -7.0722823 1.9784193
-1.3437514 -7.0722847 1.9814407
-1.3053408 -7.0722876 1.9799058
-1.265136 -7.0722899 1.980669
-1.224205 -7.0722923 1.981446
-1.1836964 -7.0722957 1.9798794
-1.1400851 -7.072298 1.9785663
-1.0968541 -7.0723009 1.9793453
-1.0528134 -7.0723038 1.980139
-1.0192637 -7.0723057 1.9773018
-0.98645294 -7.0723076 1.981212
-0.93901432 -7.0723104 1.9798548
-0.89063179 -7.0723133 1.9784821
-0.85608149 -7.0723157 1.9824998
-0.81962359 -7.0723181 1.9795568
-0.7826848 -7.0723205 1.9765749
-0.74653095 -7.0723228 1.9806752
-0.6942184 -7.0723262 1.9792436
-0.65538836 -7.0723286 1.9761839
-0.61589622 -7.0723305 1.9830326
-0.57586145 -7.0723333 1.9799547
-0.535133 -7.0723362 1.9768234
-0.4938364 -7.0723381 1.9838439
-0.46591902 -7.07234 1.9817513
-0.42344964 -7.0723419 1.9785677
-0.38037586 -7.0723457 1.9805456
-0.33652663 -7.0723476 1.98255
-0.29204321 -7.072351 1.979301
-0.26195478 -7.0723529 1.9771035
-0.21396282 -7.0723557 1.9820387
-3.5712426 -7.0229526 1.9797418
-3.5712399 -6.9804354 1.9797738
-3.5712359 -6.9409809 1.9801328
-3.5712335 -6.9000869 1.9800422
-3.5712309 -6.8578038 1.979949
-3.5712283 -6.8190446 1.9800692
-3.5712268 -6.7787371 1.9801782
-3.5712225 -6.737237 1.9796846
-3.5712206 -6.6998038 1.9796027
-3.5712192 -6.6617422 1.9797102
-3.5712154 -6.6219802 1.9802858
-3.571213 -6.5806642 1.9804345
-3.5712109 -6.5382452 1.9801315
-3.571207 -6.5009575 1.9800613
-3.5712051 -6.4632306 1.9790757
-3.571203 -6.423254 1.9799058
-3.5711997 -6.3827505 1.9798293
-3.5711975 -6.3410807 1.9797505
-3.5711946 -6.2981944 1.9796691
-3.5711915 -6.261518 1.9805793
-3.5711894 -6.2231045 1.9805197
-3.5711865 -6.1766801 1.9804471
-3.5711844 -6.1371183 1.980935
-3.5711811 -6.0969095 1.9803276
-3.5711784 -6.055738 1.9797
-3.5711763 -6.0201273 1.9786655
-3.5711739 -5.985765 1.9790826
-3.5711708 -5.940865 1.9800715
-3.5711677 -5.8948064 1.9810983
-3.5711658 -5.8570023 1.9799544
-3.5711632 -5.8183436 1.978766
-3.5711603 -5.7788005 1.9809542
-3.5711582 -5.7383428 1.9797691
-3.5711553 -5.6978931 1.9802269
-3.571152 -5.6545587 1.9807993
-3.5711489 -5.6101637 1.9813964
-3.5711472 -5.5779605 1.9795113
-3.5711448 -5.5440831 1.9794546
-3.571142 -5.4990444 1.9799449
-3.5711396 -5.4626937 1.9780972
-3.5711372 -5.4277635 1.9798439
-3.5711341 -5.376472 1.9786245
-3.5711315 -5.3400183 1.9804119
-3.5711288 -5.301621 1.9803727
-3.5711262 -5.2625537 1.9803158
-3.5711236 -5.2226229 1.9802748
-3.5711207 -5.1819811 1.9802154
-3.5711186 -5.1404238 1.9801729
-3.5688107 -7.0639181 2.0201697
-3.5393755 -7.072145 2.0199895
-3.5008318 -7.0721469 2.019685
-3.4612563 -7.0721498 2.0201252
-3.4200215 -7.0721517 2.0200105
-3.3801956 -7.072156 2.0202658
-3.3391123 -7.0721655 2.0198777
-3.2999518 -7.0721645 2.0196888
-3.2626841 -7.0721669 2.0199432
-3.2205546 -7.0721722 2.020092
-3.1806209 -7.0721726 2.0196614
-3.1427333 -7.0721736 2.0203249
-3.1003845 -7.0721745 2.0201743
-3.0605817 -7.0721755 2.0198796
-3.0230856 -7.0721784 2.0202615
-2.9807644 -7.0721836 2.0198972
-2.9408031 -7.0721874 2.0202596
-2.9035029 -7.0721889 2.0198152
-2.8615482 -7.0721898 2.0202188
-2.8183579 -7.0721917 2.0200615
-2.7789083 -7.0721946 2.0193968
-2.7419674 -7.0721993 2.0201857
-2.6990247 -7.0722017 2.0199893
-2.6559234 -7.0722041 2.0207057
-2.617815 -7.0722051 2.0199416
-2.5773273 -7.072207 2.0199888
-2.5399685 -7.0722108 2.0193856
-2.5040612 -7.0722132 2.0196748
-2.46084 -7.0722165 2.0205152
-2.4204748 -7.0722189 2.0190921
-2.3811796 -7.0722198 2.0202308
-2.3403831 -7.0722218 2.0203564
-2.2993429 -7.0722251 2.0190399
-2.2557483 -7.072228 2.0205889
-2.2181926 -7.0722303 2.0202122
-2.1798363 -7.0722337 2.0198112
-2.1398203 -7.0722351 2.0206506
-2.1013939 -7.072237 2.0201256
-2.0588021 -7.0722413 2.0198479
-2.0186956 -7.0722427 2.02051
-1.9741689 -7.0722451 2.0202293
-1.939296 -7.0722485 2.019711
-1.9005537 -7.0722504 2.0195286
-1.8569609 -7.0722523 2.0202155
-1.8173034 -7.0722556 2.0180104
-1.7787793 -7.072258 2.0207756
-1.7375243 -7.0722604 2.0185318
-1.7054623 -7.0722628 2.0213912
-1.6629109 -7.0722651 2.0198114
-1.6203076 -7.0722685 2.0201092
-1.5855634 -7.0722704 2.0211444
-1.5425609 -7.0722733 2.0186403
-1.4961224 -7.0722756 2.0217638
-1.4592731 -7.072278 2.018683
-1.4217873 -7.0722804 2.0197546
-1.3836485 -7.0722823 2.0208452
-1.3459265 -7.0722847 2.01967
-1.3042339 -7.0722876 2.021081
-1.265136 -7.0722899 2.0198772
-1.2242053 -7.0722923 2.0210083
-1.1813602 -7.0722957 2.020102
-1.1400852 -7.0722976 2.018856
-1.0968541 -7.0723004 2.020009
-1.0515786 -7.0723038 2.0190678
-1.0192637 -7.0723052 2.0186365
-0.98518276 -7.0723076 2.0206747
-0.93771958 -7.0723104 2.0197175
-0.89327174 -7.0723133 2.0205994
-0.85608149 -7.0723157 2.0204966
-0.81962347 -7.0723181 2.0178337
-0.7826848 -7.0723205 2.0199561
-0.7451309 -7.0723228 2.0221057
-0.69421816 -7.0723262 2.0184848
-0.65538836 -7.0723286 2.0157235
-0.61589611 -7.0723305 2.0228755
-0.57586145 -7.0723333 2.0201056
-0.535133 -7.0723362 2.0172875
-0.4938364 -7.0723381 2.0246255
-0.46591902 -7.07234 2.0227475
-0.42344964 -7.0723429 2.0198905
-0.38037586 -7.0723457 2.016993
-0.3344236 -7.0723481 2.0221601
-0.29204321 -7.072351 2.0216341
-0.26195478 -7.0723529 2.0196679
-0.21835634 -7.0723557 2.0191243
-3.5712426 -7.022409 2.0199912
-3.5712399 -6.9804354 2.0198996
-3.5712361 -6.9409781 2.0198131
-3.5712337 -6.8998747 2.0201974
-3.5712304 -6.8577995 2.0198665
-3.5712283 -6.8187551 2.0206175
-3.5712271 -6.7785835 2.0195777
-3.5712225 -6.7373981 2.0197432
-3.5712204 -6.6998038 2.019623
-3.5712194 -6.6611996 2.0197103
-3.5712154 -6.6209784 2.0198083
-3.5712128 -6.5804772 2.0203338
-3.5712106 -6.5382481 2.02
-3.5712073 -6.5009599 2.0204718
-3.5712051 -6.4620533 2.0191386
-3.571203 -6.4226484 2.0196116
-3.5711997 -6.3827505 2.0191503
-3.5711975 -6.3410807 2.0196369
-3.5711946 -6.2981944 2.0201378
-3.571192 -6.261519 2.0215454
-3.5711894 -6.2238626 2.0200284
-3.5711865 -6.1774607 2.0205557
-3.5711844 -6.1383572 2.0204511
-3.5711811 -6.0969148 2.0204422
-3.5711784 -6.0544329 2.0204279
-3.5711768 -6.0214605 2.0196528
-3.5711741 -5.9850841 2.0190535
-3.571171 -5.9399061 2.0200112
-3.5711677 -5.8948064 2.0204785
-3.5711653 -5.8570018 2.0197747
-3.5711632 -5.8183427 2.0190358
-3.5711601 -5.7788005 2.0216839
-3.5711579 -5.7392731 2.0191872
-3.5711553 -5.6969414 2.0202186
-3.571152 -5.653584 2.0212855
-3.5711496 -5.6121597 2.0204034
-3.5711472 -5.57796 2.0189891
-3.5711448 -5.5440826 2.0192935
-3.5711417 -5.4969234 2.020395
-3.5711396 -5.4626937 2.0188043
-3.571137 -5.4266624 2.0191164
-3.5711336 -5.3787308 2.0201163
-3.5711315 -5.3400183 2.0186074
-3.5711288 -5.3027949 2.0207937
-3.5711262 -5.2625537 2.0192623
-3.5711238 -5.2226229 2.0196085
-3.5711207 -5.1819811 2.0199432
-3.5711181 -5.1404238 2.0203035
-3.5688987 -7.0640607 2.0602939
-3.5392058 -7.0721455 2.0598874
-3.5009139 -7.0721464 2.0597446
-3.4613338 -7.0721498 2.0599897
-3.4201109 -7.0721521 2.0601702
-3.380482 -7.0721564 2.0601172
-3.3391075 -7.0721655 2.0600553
-3.2997015 -7.072165 2.0597041
-3.261852 -7.072166 2.0601501
-3.2202108 -7.0721717 2.0600858
-3.1802733 -7.0721726 2.0594158
-3.1428833 -7.0721736 2.060303
-3.1000772 -7.0721745 2.0599277
-3.0596035 -7.0721755 2.0598943
-3.0218523 -7.0721784 2.0597644
-2.9792669 -7.0721822 2.0600629
-2.9402657 -7.0721869 2.0601056
-2.9041717 -7.0721889 2.0604124
-2.8615468 -7.0721898 2.0602961
-2.8183577 -7.0721912 2.0601549
-2.7784073 -7.0721941 2.05932
-2.7414563 -7.0721989 2.0606039
-2.6998835 -7.0722022 2.0598879
-2.6574221 -7.0722041 2.0598857
-2.616663 -7.0722046 2.0597358
-2.5761406 -7.072207 2.0602906
-2.5410447 -7.0722108 2.0599847
-2.5027754 -7.0722141 2.0593126
-2.4599941 -7.072216 2.0606441
-2.4210694 -7.0722189 2.0601561
-2.3811791 -7.0722198 2.0596378
-2.3403828 -7.0722222 2.0602343
-2.2985528 -7.0722251 2.058583
-2.2557483 -7.0722275 2.0614429
-2.2189395 -7.0722303 2.0591333
-2.1790767 -7.0722337 2.0604541
-2.1414242 -7.0722351 2.0591817
-2.0998065 -7.072237 2.0605321
-2.060478 -7.0722413 2.0592327
-2.0169859 -7.0722432 2.0606134
-1.9759171 -7.0722456 2.0605059
-1.9386278 -7.072248 2.0587606
-1.9023743 -7.0722504 2.0605793
-1.8560035 -7.0722523 2.0594296
-1.8173035 -7.0722561 2.0600941
-1.7777833 -7.072258 2.0607681
-1.7375243 -7.0722604 2.0575569
-1.7047104 -7.0722628 2.0628076
-1.6629107 -7.0722651 2.0595536
-1.6203076 -7.0722685 2.0602608
-1.5855634 -7.0722694 2.0616298
-1.5412816 -7.0722733 2.0582681
-1.4951074 -7.0722761 2.0611997
-1.4592731 -7.072278 2.0603819
-1.4217875 -7.0722799 2.0576081
-1.3825798 -7.0722828 2.0613124
-1.344839 -7.0722847 2.0604737
-1.3064479 -7.0722876 2.0596297
-1.265136 -7.0722904 2.0590854
-1.2242053 -7.0722923 2.0605702
-1.1836967 -7.0722952 2.0597048
-1.1400852 -7.0722976 2.0591457
-1.0968541 -7.0723009 2.060673
-1.0540482 -7.0723038 2.0597837
-1.0192637 -7.0723057 2.0599713
-0.98518264 -7.0723076 2.0576787
-0.94030911 -7.0723104 2.061409
-0.89195156 -7.0723133 2.0608373
-0.85608149 -7.0723157 2.0584931
-0.81826425 -7.0723181 2.0586863
-0.7826848 -7.0723205 2.0633371
-0.7451309 -7.0723228 2.060955
-0.69421816 -7.0723262 2.0577259
-0.65538836 -7.0723281 2.0602055
-0.61589611 -7.0723305 2.0627191
-0.57586145 -7.0723333 2.0602567
-0.535133 -7.0723357 2.0577517
-0.4938364 -7.0723381 2.0603096
-0.46591902 -7.07234 2.0637438
-0.42344964 -7.0723429 2.0612133
-0.38037586 -7.0723457 2.0586469
-0.33862966 -7.0723481 2.0584152
-0.29204321 -7.072351 2.0639668
-0.26195478 -7.0723529 2.062232
-0.21615958 -7.0723557 2.0595915
-3.571243 -7.0231318 2.0602486
-3.5712402 -6.9804339 2.0600247
-3.5712359 -6.9408498 2.0600603
-3.5712337 -6.9003038 2.0598552
-3.5712311 -6.8578043 2.0597839
-3.571228 -6.8190536 2.059989
-3.5712271 -6.7788925 2.0595908
-3.5712225 -6.7372375 2.0597935
-3.5712204 -6.6998043 2.059643
-3.5712194 -6.6610174 2.0596938
-3.5712149 -6.6214776 2.0601816
-3.5712128 -6.5802808 2.0602424
-3.5712109 -6.5382452 2.0598681
-3.5712073 -6.5015302 2.0599649
-3.5712051 -6.4632063 2.0600846
-3.571203 -6.4232559 2.0602264
-3.5711997 -6.3821273 2.0594277
-3.571197 -6.3410797 2.0595233
-3.5711946 -6.2981944 2.0606065
-3.571192 -6.2609472 2.0611043
-3.5711899 -6.224628 2.0595069
-3.5711868 -6.1782494 2.0606334
-3.5711839 -6.1371183 2.0601513
-3.5711815 -6.0977817 2.0595028
-3.5711787 -6.055738 2.060967
-3.5711765 -6.0207939 2.0591905
-3.5711741 -5.9864454 2.0604646
-3.5711708 -5.940865 2.0599306
-3.5711677 -5.8948064 2.0598588
-3.5711658 -5.8570023 2.0595949
-3.5711629 -5.8183422 2.0593059
-3.5711601 -5.7778912 2.0607927
-3.5711577 -5.7383428 2.058727
-3.5711548 -5.6959891 2.0602417
-3.5711524 -5.6555328 2.0598097
-3.5711496 -5.6101627 2.0596642
-3.5711472 -5.5779605 2.0584664
-3.5711448 -5.5430484 2.0610247
-3.571142 -5.4990449 2.0605831
-3.5711396 -5.4626937 2.0595107
-3.5711367 -5.4266624 2.0602076
-3.5711339 -5.3776016 2.0599
-3.5711315 -5.3400187 2.0606227
-3.5711288 -5.3016214 2.0613523
-3.5711262 -5.2625537 2.0582087
-3.5711236 -5.2238431 2.0608196
-3.5711207 -5.1819811 2.0596709
-3.5711181 -5.1404238 2.0604341
-3.568939 -7.0634756 2.1000898
-3.5393772 -7.072145 2.0997837
-3.5009947 -7.0721464 2.1001146
-3.4608772 -7.0721502 2.0998552
-3.4199331 -7.0721521 2.1003284
-3.3800051 -7.0721545 2.0999494
-3.339112 -7.0721655 2.1002326
-3.299458 -7.0721645 2.0997307
-3.2619832 -7.072166 2.0999663
-3.21998 -7.0721722 2.1000838
-3.1802731 -7.0721726 2.0996714
-3.1421421 -7.0721736 2.1002958
-3.0998437 -7.0721745 2.1001265
-3.0599802 -7.0721765 2.0998886
-3.0230706 -7.0721779 2.0997405
-2.9802454 -7.0721827 2.1002364
-2.9398477 -7.0721874 2.0992785
-2.903502 -7.0721889 2.1004837
-2.8617837 -7.0721898 2.1003623
-2.8186142 -7.0721912 2.0996647
-2.7784073 -7.0721941 2.0999506
-2.7417955 -7.0721989 2.1002443
-2.7007477 -7.0722022 2.0997529
-2.6561327 -7.0722041 2.0999632
-2.617815 -7.0722046 2.0994112
-2.577327 -7.072207 2.1004705
-2.5405207 -7.0722113 2.0996907
-2.5040164 -7.0722132 2.1004069
-2.4599936 -7.0722165 2.0991426
-2.4216595 -7.0722189 2.1011992
-2.3811791 -7.0722203 2.0990453
-2.3410032 -7.0722213 2.1011498
-2.2985525 -7.0722251 2.0989432
-2.2550201 -7.072228 2.1012416
-2.2181945 -7.0722299 2.0993376
-2.1798341 -7.0722342 2.0998006
-2.1406467 -7.0722351 2.1002564
-2.1014419 -7.072237 2.0994675
-2.0588551 -7.0722413 2.1001029
-2.0186954 -7.0722427 2.1004205
-1.9741137 -7.0722456 2.0998619
-1.9386278 -7.0722485 2.0995624
-1.9014915 -7.0722504 2.1005948
-1.8550435 -7.0722523 2.0986733
-1.8173034 -7.0722556 2.1021788
-1.777783 -7.072258 2.0994062
-1.7367845 -7.0722599 2.0986629
-1.7047104 -7.0722628 2.1021478
-1.6629108 -7.0722651 2.0992956
-1.6203076 -7.072268 2.1004126
-1.5855637 -7.0722704 2.1021154
-1.5412816 -7.0722733 2.099179
-1.4971371 -7.0722756 2.0980933
-1.4592733 -7.072278 2.1020808
-1.4217877 -7.0722799 2.0996673
-1.3847171 -7.0722828 2.0991702
-1.3437514 -7.0722852 2.1013064
-1.3053409 -7.0722885 2.100805
-1.265136 -7.0722899 2.0982938
-1.2242051 -7.0722923 2.1001329
-1.1813602 -7.0722957 2.0999677
-1.1400853 -7.0722985 2.0994356
-1.0968537 -7.0723004 2.1013365
-1.0528133 -7.0723038 2.0987124
-1.0192637 -7.0723052 2.1013062
-0.98518246 -7.0723076 2.0993085
-0.93901432 -7.0723104 2.1012719
-0.89195156 -7.0723133 2.0985582
-0.85608149 -7.0723157 2.0964899
-0.82098252 -7.0723181 2.1013811
-0.7826848 -7.0723205 2.101898
-0.74513084 -7.0723228 2.0998049
-0.69421816 -7.0723262 2.096967
-0.65538836 -7.0723286 2.1046877
-0.61589611 -7.0723305 2.1025622
-0.57586145 -7.0723333 2.1004076
-0.535133 -7.0723362 2.0982158
-0.4938364 -7.0723381 2.0959933
-0.46591902 -7.07234 2.0996156
-0.42344964 -7.0723429 2.102536
-0.38037586 -7.0723457 2.1003008
-0.33652663 -7.0723481 2.0980253
-0.29204321 -7.072351 2.1010084
-0.26195478 -7.0723529 2.0994759
-0.21615958 -7.0723553 2.1025078
-3.571243 -7.0227709 2.100075
-3.5712399 -6.9804349 2.1001501
-3.5712359 -6.9411044 2.099741
-3.5712335 -6.9000874 2.1000104
-3.5712306 -6.8577995 2.0997019
-3.571228 -6.8189006 2.0999479
-3.5712268 -6.7791991 2.0995901
-3.5712228 -6.7377162 2.0998423
-3.5712206 -6.7002387 2.1004741
-3.571219 -6.6612 2.0996811
-3.5712152 -6.6220016 2.0996726
-3.5712128 -6.5812664 2.1001437
-3.5712109 -6.5387807 2.100596
-3.5712073 -6.5003848 2.0995162
-3.5712051 -6.4626427 2.1001525
-3.571203 -6.4238572 2.1008151
-3.5711997 -6.3827505 2.0996733
-3.571197 -6.3410807 2.0994101
-3.5711946 -6.2981944 2.1010752
-3.5711923 -6.2620897 2.0990336
-3.5711894 -6.2238646 2.1000106
-3.5711865 -6.1766791 2.1007838
-3.5711844 -6.1383572 2.0996356
-3.5711811 -6.0960875 2.0996673
-3.5711784 -6.0550857 2.1000977
-3.5711765 -6.0207939 2.1002648
-3.5711739 -5.985765 2.100436
-3.571171 -5.9408684 2.099854
-3.5711677 -5.8948064 2.0992393
-3.5711653 -5.8570008 2.0994148
-3.5711629 -5.8183422 2.0995753
-3.5711601 -5.7788005 2.0997591
-3.5711582 -5.7383428 2.0999274
-3.5711548 -5.6978931 2.0982952
-3.5711524 -5.6545587 2.100296
-3.5711496 -5.6121597 2.0986292
-3.5711472 -5.5779605 2.1015327
-3.5711448 -5.5451179 2.1007006
-3.5711417 -5.4979839 2.0991516
-3.5711396 -5.4626937 2.1002178
-3.5711372 -5.4266624 2.1012986
-3.5711336 -5.376472 2.099719
-3.5711315 -5.3400183 2.1026378
-3.5711288 -5.3016214 2.09992
-3.5711262 -5.2625537 2.0971551
-3.5711236 -5.2226229 2.1021962
-3.5711207 -5.1819811 2.0993984
-3.5711186 -5.1404238 2.1005645
-3.568939 -7.0636225 2.139529
-3.5396464 -7.072145 2.1399393
-3.501075 -7.0721464 2.1404815
-3.4610667 -7.0721493 2.1400096
-3.4196563 -7.0721517 2.1401722
-3.380193 -7.0721564 2.1397893
-3.3396225 -7.072165 2.1397226
-3.3002474 -7.0721645 2.1401265
-3.2621789 -7.072166 2.1401803
-3.2202098 -7.0721717 2.1400819
-3.1802735 -7.0721726 2.1399276
-3.1422892 -7.0721736 2.1402867
-3.1003106 -7.0721745 2.1398764
-3.0603628 -7.0721755 2.1398652
-3.021852 -7.0721784 2.139812
-2.9804339 -7.0721831 2.1399474
-2.9406569 -7.0721874 2.1404147
-2.9035015 -7.0721889 2.139432
-2.8620179 -7.0721898 2.1409833
-2.8183575 -7.0721917 2.1391928
-2.7784073 -7.0721941 2.1405816
-2.7426763 -7.0721989 2.139091
-2.6998854 -7.0722022 2.1402738
-2.6572559 -7.0722041 2.1391325
-2.6172168 -7.0722046 2.1399529
-2.5767572 -7.072207 2.139977
-2.5405207 -7.0722098 2.1403916
-2.5034196 -7.0722127 2.1408126
-2.4591479 -7.072217 2.1393125
-2.4210677 -7.0722189 2.1412897
-2.3811791 -7.0722203 2.1384528
-2.3403826 -7.0722218 2.1421976
-2.2985523 -7.0722251 2.1393034
-2.2557466 -7.072228 2.1397543
-2.2181942 -7.0722308 2.140624
-2.1805973 -7.0722342 2.1391213
-2.1398203 -7.0722351 2.1401908
-2.1005993 -7.072237 2.1398208
-2.0605266 -7.0722408 2.1394517
-2.0169857 -7.0722432 2.1405602
-1.9758662 -7.0722456 2.1401012
-1.9386276 -7.072248 2.1403639
-1.9005535 -7.0722504 2.1393955
-1.856907 -7.0722523 2.1401653
-1.8173034 -7.0722556 2.1404366
-1.777783 -7.072258 2.1380441
-1.7382641 -7.0722609 2.141331
-1.7047104 -7.0722628 2.1414883
-1.6629108 -7.0722656 2.1390378
-1.6212646 -7.072268 2.1383848
-1.5855633 -7.0722694 2.142601
-1.5412816 -7.0722733 2.14009
-1.4961221 -7.0722756 2.1375296
-1.458241 -7.072278 2.1418743
-1.4217875 -7.0722799 2.1417263
-1.3836485 -7.0722823 2.1396377
-1.3459265 -7.0722847 2.1394775
-1.3053408 -7.072288 2.1396656
-1.2651358 -7.0722899 2.1418586
-1.224205 -7.0722933 2.1396952
-1.1836967 -7.0722952 2.1395297
-1.1400852 -7.072298 2.1397257
-1.0956419 -7.0723004 2.1399353
-1.0528133 -7.0723038 2.1397572
-1.0192637 -7.0723057 2.1426411
-0.98518252 -7.0723076 2.1409378
-0.93901438 -7.0723104 2.1386306
-0.89063156 -7.0723133 2.1388388
-0.85608149 -7.0723162 2.139236
-0.81962335 -7.0723181 2.1422336
-0.7826848 -7.0723205 2.1404588
-0.7451309 -7.0723224 2.1386545
-0.69421816 -7.0723262 2.1362081
-0.65538836 -7.0723286 2.1442273
-0.61589611 -7.0723305 2.1424055
-0.57586145 -7.0723333 2.1405587
-0.535133 -7.0723362 2.13868
-0.4938364 -7.0723381 2.136775
-0.46591902 -7.07234 2.1354871
-0.42344964 -7.0723429 2.1438587
-0.38037586 -7.0723457 2.1419547
-0.33652663 -7.0723476 2.1400161
-0.29204321 -7.072351 2.1380501
-0.26195478 -7.0723529 2.1367197
-0.21615958 -7.0723557 2.1400599
-3.571243 -7.022593 2.1399004
-3.5712402 -6.9804335 2.1402762
-3.5712359 -6.9413614 2.1394088
-3.5712337 -6.9007335 2.1401498
-3.5712306 -6.8582129 2.1401935
-3.571228 -6.8187542 2.1399145
-3.5712268 -6.7782717 2.1396115
-3.5712221 -6.737237 2.1398976
-3.5712206 -6.6998038 2.1413441
-3.5712194 -6.6613784 2.1396608
-3.5712149 -6.6214786 2.1392081
-3.5712128 -6.5799007 2.1400673
-3.5712106 -6.5376887 2.1405184
-3.571207 -6.5015068 2.1398728
-3.5712051 -6.4620533 2.1393361
-3.571203 -6.4232535 2.1405294
-3.5711997 -6.3827529 2.1399305
-3.5711975 -6.3410807 2.1392965
-3.5711946 -6.2981944 2.1415436
-3.5711918 -6.261518 2.1385925
-3.5711894 -6.2231045 2.1405442
-3.5711863 -6.178288 2.1398134
-3.5711839 -6.1377378 2.1408172
-3.5711815 -6.0977807 2.1397107
-3.5711784 -6.0544333 2.1392517
-3.5711765 -6.0207939 2.1413388
-3.5711739 -5.985765 2.1387582
-3.571171 -5.9418206 2.1408062
-3.5711677 -5.8948064 2.1386194
-3.5711653 -5.8577366 2.1408136
-3.5711629 -5.8183427 2.1398456
-3.5711601 -5.7797093 2.1386957
-3.5711577 -5.7383428 2.1411278
-3.5711553 -5.6969414 2.1383183
-3.571152 -5.653584 2.1408143
-3.5711491 -5.6111622 2.1396105
-3.5711472 -5.57796 2.1410105
-3.5711448 -5.5430484 2.1407242
-3.571142 -5.4979844 2.1394818
-3.5711396 -5.4626932 2.1409245
-3.571137 -5.4266624 2.138654
-3.5711341 -5.3787308 2.1411407
-3.5711315 -5.3400183 2.1408331
-3.5711288 -5.3016214 2.1384881
-3.5711267 -5.2625537 2.1399963
-3.5711238 -5.2226229 2.1415296
-3.5711207 -5.1819811 2.1391261
-3.5711186 -5.1419773 2.1385498
-3.5688152 -7.0641932 2.1800048
-3.5389972 -7.0721455 2.1798358
-3.5008318 -7.0721469 2.1805415
-3.460952 -7.0721498 2.1801634
-3.4202087 -7.0721521 2.1796691
-3.3806694 -7.0721545 2.1799402
-3.3386223 -7.072165 2.1799221
-3.2997036 -7.0721641 2.1797607
-3.2626841 -7.072166 2.1807733
-3.2202108 -7.0721717 2.179724
-3.1802728 -7.0721726 2.1801841
-3.1425095 -7.0721736 2.1798425
-3.1004577 -7.0721745 2.1796215
-3.0593984 -7.0721765 2.1804543
-3.0230706 -7.0721779 2.1797531
-2.9791965 -7.0721836 2.1797221
-2.9402661 -7.0721865 2.180959
-2.9030409 -7.0721889 2.1789687
-2.8615468 -7.0721898 2.1810811
-2.8183575 -7.0721912 2.1792865
-2.7784073 -7.0721941 2.1812124
-2.7419674 -7.0721993 2.1787961
-2.6990247 -7.0722027 2.1808281
-2.6566727 -7.0722041 2.1791787
-2.6172168 -7.0722051 2.1796951
-2.5767572 -7.0722075 2.1802254
-2.5405207 -7.0722117 2.1810925
-2.5034196 -7.0722127 2.1788104
-2.4608397 -7.072217 2.1808848
-2.421068 -7.0722189 2.1802363
-2.3804862 -7.0722198 2.1787429
-2.3403828 -7.0722218 2.182076
-2.2985523 -7.0722251 2.1796639
-2.2564776 -7.072228 2.1782424
-2.2181945 -7.0722299 2.1819115
-2.1798358 -7.0722337 2.1797731
-2.1414242 -7.0722351 2.1786702
-2.0997548 -7.072237 2.1802015
-2.0596654 -7.0722408 2.1802609
-2.0186949 -7.0722427 2.180331
-1.9750162 -7.0722442 2.1793797
-1.9379593 -7.0722475 2.1794481
-1.9023743 -7.0722504 2.1803896
-1.8560033 -7.0722523 2.1806664
-1.8173034 -7.0722551 2.1786952
-1.7768459 -7.072258 2.1793675
-1.737524 -7.0722604 2.1824367
-1.7047104 -7.0722628 2.1808286
-1.6629106 -7.0722656 2.1787798
-1.6203076 -7.072268 2.176692
-1.5855634 -7.0722694 2.1830864
-1.5412813 -7.0722733 2.1810007
-1.4961224 -7.0722756 2.1788745
-1.4603055 -7.0722775 2.179045
-1.4217873 -7.0722804 2.17958
-1.3836485 -7.0722823 2.1820633
-1.344839 -7.0722847 2.1803102
-1.3053408 -7.0722876 2.1785262
-1.2651359 -7.0722904 2.1810668
-1.224205 -7.0722928 2.1792574
-1.1813602 -7.0722961 2.1798334
-1.1400852 -7.0722985 2.1800153
-1.0980659 -7.0723004 2.1802111
-1.0528133 -7.0723038 2.1808019
-1.0192637 -7.0723057 2.1793833
-0.98518252 -7.0723076 2.177942
-0.93901426 -7.0723104 2.1806598
-0.89327157 -7.0723133 2.1808703
-0.85608149 -7.0723157 2.1819823
-0.81962335 -7.0723181 2.1805108
-0.7826848 -7.0723205 2.1790199
-0.74513084 -7.0723228 2.1775041
-0.69278967 -7.0723262 2.1781235
-0.65538836 -7.0723286 2.1837668
-0.61589611 -7.0723305 2.1822486
-0.57586145 -7.0723333 2.1807096
-0.535133 -7.0723362 2.1791441
-0.4938364 -7.0723381 2.1775565
-0.46591902 -7.07234 2.1764834
-0.42344964 -7.0723433 2.1800163
-0.38037586 -7.0723457 2.1836085
-0.33652663 -7.0723476 2.1820073
-0.29204321 -7.072351 2.1803827
-0.26195478 -7.0723529 2.1792841
-0.21615958 -7.0723557 2.1776116
-3.5712426 -7.0227742 2.1801648
-3.5712402 -6.9806294 2.179951
-3.5712357 -6.9409776 2.1796618
-3.5712335 -6.8996701 2.1802964
-3.5712309 -6.8573661 2.1801369
-3.5712283 -6.8194842 2.1798472
-3.5712268 -6.7787385 2.1802185
-3.5712223 -6.737237 2.1793373
-3.5712206 -6.6998043 2.1813643
-3.5712192 -6.6617427 2.1789887
-3.5712147 -6.6214786 2.1804435
-3.5712128 -6.5804701 2.1799686
-3.5712109 -6.5387807 2.1803169
-3.5712073 -6.5009584 2.1794116
-3.5712051 -6.4632063 2.1802328
-3.5712025 -6.423254 2.1793008
-3.5711992 -6.3833723 2.1810777
-3.571197 -6.3410797 2.1791832
-3.5711942 -6.2974706 2.1811008
-3.571192 -6.261518 2.1795592
-3.5711894 -6.2238626 2.1800129
-3.5711858 -6.1774626 2.1799517
-3.5711842 -6.1377378 2.1804173
-3.5711815 -6.0960875 2.1799176
-3.5711787 -6.055738 2.1797428
-3.5711763 -6.0207939 2.1792533
-3.5711741 -5.9857645 2.1802738
-3.5711708 -5.9408646 2.180768
-3.5711677 -5.8948064 2.1779997
-3.5711653 -5.8570008 2.1823642
-3.5711632 -5.8183422 2.1801155
-3.5711601 -5.7788005 2.1778152
-3.5711577 -5.7374129 2.1807199
-3.5711553 -5.6969414 2.1800005
-3.5711524 -5.6555328 2.1792746
-3.5711493 -5.6101637 2.1806247
-3.5711472 -5.5779605 2.1804881
-3.5711448 -5.5451179 2.1803565
-3.5711417 -5.4979839 2.1798124
-3.5711396 -5.4626932 2.1779306
-3.5711372 -5.4266624 2.179745
-3.5711341 -5.3776011 2.1809599
-3.5711315 -5.3400183 2.1790287
-3.5711288 -5.3004475 2.179106
-3.5711265 -5.2625532 2.1828375
-3.5711236 -5.2226229 2.1808631
-3.5711207 -5.1819811 2.1788538
-3.5711186 -5.1404238 2.1767991
-3.5688963 -7.0637703 2.2201655
-3.5389676 -7.072145 2.2197385
-3.5008314 -7.0721469 2.2202845
-3.4610276 -7.0721498 2.2200336
-3.4202025 -7.0721521 2.2194965
-3.3796186 -7.0721569 2.2201536
-3.3396232 -7.072165 2.2200599
-3.2992308 -7.0721655 2.219816
-3.2621772 -7.0721664 2.2206028
-3.2200963 -7.0721722 2.2197258
-3.1802733 -7.0721726 2.2204404
-3.1431172 -7.0721736 2.2189355
-3.1000736 -7.0721745 2.2206938
-3.0605819 -7.0721755 2.2198381
-3.0218527 -7.0721784 2.2198598
-2.9807642 -7.0721836 2.2202697
-2.9402657 -7.0721865 2.2194121
-2.9035041 -7.0721884 2.2201152
-2.861547 -7.0721898 2.2205932
-2.8188744 -7.0721922 2.2187638
-2.7784069 -7.0721941 2.2218435
-2.7419674 -7.0721993 2.2199173
-2.7007728 -7.0722013 2.21942
-2.6561325 -7.0722041 2.2207522
-2.6172163 -7.0722051 2.2194378
-2.576757 -7.072207 2.2204731
-2.5405207 -7.0722113 2.2186623
-2.5034196 -7.0722127 2.2199745
-2.4599938 -7.0722165 2.2210543
-2.421068 -7.0722179 2.2191842
-2.3811793 -7.0722198 2.2189176
-2.3403828 -7.0722218 2.2219534
-2.2985525 -7.0722256 2.2200236
-2.2557478 -7.0722275 2.2180493
-2.2174027 -7.0722303 2.2210166
-2.1798358 -7.0722337 2.2215025
-2.1406467 -7.0722351 2.2197702
-2.1013942 -7.072237 2.2190838
-2.0596654 -7.0722413 2.2197831
-2.0169859 -7.0722427 2.2205067
-1.9750165 -7.0722446 2.2197969
-1.939296 -7.0722475 2.2199755
-1.9014915 -7.0722504 2.2204325
-1.8560033 -7.0722523 2.2185531
-1.8165925 -7.0722561 2.2190154
-1.778779 -7.072258 2.2216444
-1.737524 -7.0722609 2.221462
-1.7047104 -7.0722628 2.2201691
-1.6629107 -7.0722651 2.2185221
-1.6203073 -7.072268 2.2168434
-1.5845903 -7.0722694 2.2217395
-1.5412816 -7.0722733 2.2219119
-1.4961224 -7.0722761 2.2202194
-1.4592732 -7.072278 2.2188382
-1.4217875 -7.0722809 2.2174332
-1.3836484 -7.0722828 2.2202463
-1.3437514 -7.0722847 2.2211726
-1.3053408 -7.0722876 2.2217047
-1.265136 -7.0722909 2.2202752
-1.224205 -7.0722933 2.2188196
-1.1836967 -7.0722957 2.2193556
-1.1400851 -7.0722976 2.2203052
-1.096854 -7.0723004 2.2188096
-1.0515785 -7.0723038 2.2197828
-1.0192637 -7.0723052 2.2207179
-0.98518258 -7.0723076 2.2195716
-0.93901438 -7.0723104 2.2226887
-0.89195156 -7.0723133 2.2211511
-0.85608149 -7.0723157 2.219979
-0.81962335 -7.0723181 2.2187877
-0.7826848 -7.0723205 2.2175808
-0.74513084 -7.0723228 2.2163537
-0.69564664 -7.0723257 2.2218261
-0.65538836 -7.0723286 2.2233062
-0.61589611 -7.0723305 2.2220917
-0.57586145 -7.0723333 2.2208605
-0.535133 -7.0723362 2.2196083
-0.4938364 -7.0723381 2.2183383
-0.46591902 -7.07234 2.2174797
-0.42344964 -7.0723429 2.2161736
-0.38037586 -7.0723457 2.2200558
-0.3344236 -7.0723481 2.2216942
-0.29204321 -7.072351 2.2227159
-0.26195478 -7.0723529 2.2218485
-0.21615958 -7.0723557 2.2205281
-3.5712426 -7.0229526 2.2204187
-3.5712395 -6.9804363 2.2196319
-3.5712361 -6.9409785 2.2204759
-3.5712337 -6.9000864 2.2199762
-3.5712309 -6.8582129 2.2200143
-3.571228 -6.8184519 2.2198553
-3.5712268 -6.7791991 2.2208042
-3.5712225 -6.7372379 2.2187765
-3.5712206 -6.6998043 2.2213843
-3.5712192 -6.6611996 2.2189887
-3.5712152 -6.6209779 2.2208674
-3.5712128 -6.5810509 2.2198431
-3.5712106 -6.5376887 2.2202718
-3.571207 -6.5009589 2.2198224
-3.5712051 -6.4626427 2.220325
-3.571203 -6.4226484 2.2190492
-3.5711997 -6.38275 2.2213724
-3.571197 -6.3410797 2.2190697
-3.5711946 -6.2981944 2.2205632
-3.5711918 -6.261518 2.2205253
-3.5711899 -6.224628 2.2194514
-3.5711868 -6.1766348 2.2201216
-3.5711842 -6.1377378 2.2200177
-3.5711811 -6.0977807 2.2199187
-3.5711784 -6.0550857 2.2188971
-3.5711761 -6.0207939 2.2203279
-3.5711739 -5.985765 2.2217896
-3.5711708 -5.940865 2.2196128
-3.5711675 -5.8940878 2.2191172
-3.5711653 -5.8570023 2.2221842
-3.5711632 -5.8183422 2.2203853
-3.5711601 -5.7788005 2.2185452
-3.5711579 -5.7392731 2.218271
-3.5711548 -5.6969409 2.2216828
-3.5711524 -5.6545582 2.2197928
-3.5711496 -5.6121597 2.2195234
-3.5711472 -5.57796 2.2199657
-3.5711448 -5.5430484 2.2204242
-3.5711415 -5.4979839 2.2201431
-3.5711396 -5.4626927 2.2186377
-3.5711372 -5.4266624 2.2208362
-3.5711334 -5.3776016 2.2187908
-3.5711315 -5.3400183 2.2172241
-3.5711291 -5.3027949 2.2212868
-3.5711265 -5.2625532 2.2217841
-3.5711236 -5.2226229 2.220197
-3.5711207 -5.1819811 2.2185814
-3.5711186 -5.1404238 2.2169297
-3.568939 -7.0634756 2.2592568
-3.5395067 -7.072145 2.2604208
-3.5008318 -7.0721474 2.2600276
-3.4612191 -7.0721498 2.2596116
-3.4199309 -7.0721517 2.2603223
-3.3807814 -7.0721545 2.2595942
-3.3385139 -7.072165 2.2599635
-3.3001966 -7.072165 2.2605662
-3.2621765 -7.072166 2.2595999
-3.2202117 -7.0721712 2.2600713
-3.1802728 -7.0721726 2.2606959
-3.1425111 -7.0721736 2.2589543
-3.0994194 -7.0721745 2.2605081
-3.0599823 -7.0721765 2.2604108
-3.0230706 -7.0721779 2.2597661
-2.9799805 -7.0721836 2.259583
-2.9398758 -7.0721874 2.2599778
-2.90396 -7.0721889 2.2612436
-2.8615468 -7.0721898 2.2601051
-2.8183575 -7.0721917 2.2583201
-2.777715 -7.0721946 2.2611113
-2.7419677 -7.0721993 2.2610385
-2.6998851 -7.0722022 2.2593806
-2.6572559 -7.0722041 2.2598777
-2.6172168 -7.0722051 2.2591803
-2.576757 -7.072206 2.2607207
-2.5405204 -7.0722103 2.2593629
-2.5034196 -7.0722127 2.2611384
-2.4599938 -7.072216 2.2595527
-2.4210677 -7.0722189 2.2581315
-2.3811822 -7.0722198 2.2599661
-2.3403828 -7.0722218 2.261831
-2.2985525 -7.0722251 2.2603843
-2.255748 -7.0722275 2.2589035
-2.2189393 -7.0722299 2.2586451
-2.179836 -7.0722342 2.2597542
-2.1406469 -7.0722356 2.2619512
-2.1005993 -7.072237 2.2606425
-2.0596654 -7.0722413 2.2593052
-2.0186951 -7.0722427 2.2602417
-1.9750165 -7.0722456 2.2602136
-1.9386275 -7.0722475 2.2590594
-1.9005535 -7.0722504 2.2592618
-1.8560033 -7.0722523 2.2602282
-1.8180145 -7.0722551 2.260802
-1.7777829 -7.072258 2.2616861
-1.7375243 -7.0722604 2.2604871
-1.7047104 -7.0722628 2.2595096
-1.6629107 -7.0722651 2.2582641
-1.6203076 -7.072268 2.256995
-1.5865366 -7.0722699 2.2577922
-1.5412816 -7.0722733 2.2628229
-1.4961224 -7.0722761 2.2615643
-1.4592731 -7.072278 2.2605374
-1.4217873 -7.0722809 2.2594924
-1.3836485 -7.0722823 2.25843
-1.3459265 -7.0722847 2.2592847
-1.3053408 -7.072288 2.2605653
-1.265136 -7.0722904 2.2594836
-1.224205 -7.0722923 2.2583818
-1.1825285 -7.0722952 2.2616963
-1.1400852 -7.0722976 2.2605953
-1.0968537 -7.0723009 2.2594733
-1.0540481 -7.0723038 2.2603943
-1.0192637 -7.0723057 2.262053
-0.98518252 -7.0723076 2.2612014
-0.93901438 -7.0723104 2.2600477
-0.89195156 -7.0723128 2.2588718
-0.85608149 -7.0723157 2.2579756
-0.81962335 -7.0723181 2.2570646
-0.7826848 -7.0723205 2.2561417
-0.74513084 -7.0723228 2.2600596
-0.69421816 -7.0723262 2.2637415
-0.65538836 -7.0723286 2.262846
-0.61589611 -7.072331 2.2619348
-0.57586145 -7.0723333 2.2610116
-0.535133 -7.0723357 2.2600722
-0.4938364 -7.0723381 2.25912
-0.46591902 -7.07234 2.2584758
-0.42344964 -7.0723429 2.2574964
-0.38037586 -7.0723457 2.2565031
-0.33862966 -7.0723481 2.2577956
-0.29204321 -7.072351 2.2597573
-0.26195478 -7.0723529 2.2590921
-0.21615958 -7.0723557 2.2634447
-3.571243 -7.0231318 2.2606633
-3.5712402 -6.9808288 2.2592885
-3.5712359 -6.9405966 2.2607548
-3.5712335 -6.9005098 2.2596335
-3.5712309 -6.8573656 2.2599864
-3.5712283 -6.8193274 2.260359
-3.5712268 -6.7787375 2.2602279
-3.5712228 -6.7367573 2.2588694
-3.5712206 -6.6998043 2.261404
-3.5712192 -6.6611991 2.2596076
-3.5712152 -6.6220012 2.2594275
-3.5712128 -6.5799007 2.2604723
-3.5712109 -6.5387807 2.2600381
-3.5712078 -6.5009584 2.2602329
-3.5712051 -6.4620533 2.2595334
-3.5712032 -6.4238334 2.260484
-3.5711997 -6.3827491 2.2606936
-3.571197 -6.3410797 2.258956
-3.5711942 -6.298192 2.2600687
-3.571192 -6.261519 2.2614918
-3.5711894 -6.2238655 2.259995
-3.5711861 -6.1782494 2.2590888
-3.5711839 -6.1377378 2.2596176
-3.5711811 -6.096087 2.2601686
-3.5711784 -6.0550852 2.2595389
-3.5711763 -6.0207939 2.2614019
-3.5711739 -5.985765 2.2601111
-3.5711713 -5.9408636 2.2584572
-3.5711677 -5.8948064 2.2600513
-3.5711653 -5.8570008 2.2620044
-3.5711629 -5.8183427 2.2606552
-3.5711601 -5.7787995 2.259275
-3.5711582 -5.7383428 2.257863
-3.5711548 -5.6969409 2.2598917
-3.571152 -5.6545587 2.2619681
-3.5711496 -5.6111617 2.2605374
-3.5711472 -5.5779605 2.2594433
-3.5711448 -5.5451183 2.2600117
-3.5711417 -5.4979839 2.2604735
-3.5711396 -5.4626932 2.2593443
-3.5711372 -5.4266624 2.2581916
-3.5711336 -5.3776016 2.2604053
-3.5711315 -5.3400187 2.259239
-3.5711288 -5.301621 2.2619047
-3.5711265 -5.2625532 2.2607307
-3.5711236 -5.2226229 2.2595305
-3.5711207 -5.1819811 2.2583091
-3.5711186 -5.1404238 2.2570601
-3.5688567 -7.0640469 2.3000786
-3.5394802 -7.0721455 2.3008499
-3.5008318 -7.0721459 2.2997708
-3.46153 -7.0721498 2.2988904
-3.4194748 -7.0721517 2.3008537
-3.3801951 -7.072154 2.3001289
-3.339716 -7.0721645 2.3000543
-3.2997036 -7.0721641 2.2998223
-3.2621768 -7.0721664 2.2985966
-3.2208772 -7.0721722 2.3010731
-3.1802728 -7.0721726 2.3009517
-3.1425107 -7.0721741 2.2997911
-3.1006994 -7.0721745 2.299299
-3.0599821 -7.0721765 2.2998848
-3.021852 -7.0721784 2.299907
-2.9799802 -7.0721822 2.3002098
-2.9406822 -7.0721874 2.3010688
-2.9035013 -7.0721884 2.3007872
-2.8615468 -7.0721898 2.2996178
-2.8183577 -7.0721917 2.2984142
-2.7790999 -7.0721946 2.2986636
-2.7414563 -7.0721989 2.3014965
-2.6998856 -7.0722027 2.3010674
-2.6566727 -7.0722041 2.2999463
-2.6172166 -7.0722046 2.2989228
-2.5767567 -7.0722079 2.3009689
-2.5405207 -7.0722108 2.3000636
-2.5034196 -7.0722127 2.2991366
-2.4599936 -7.072216 2.2980514
-2.4205055 -7.0722189 2.2993405
-2.3818688 -7.0722198 2.3017511
-2.3403831 -7.0722222 2.3017092
-2.2985525 -7.0722251 2.3007443
-2.2557478 -7.0722275 2.299757
-2.2181942 -7.0722299 2.2988906
-2.179836 -7.0722342 2.2980063
-2.1406469 -7.0722356 2.3006172
-2.1005993 -7.072237 2.2997324
-2.0596652 -7.0722413 2.2988274
-2.0178146 -7.0722427 2.3015354
-1.9750165 -7.0722451 2.3006308
-1.9386276 -7.072248 2.2998612
-1.902374 -7.0722504 2.3002007
-1.8560034 -7.0722523 2.3019032
-1.8173034 -7.0722556 2.301122
-1.7777828 -7.072258 2.3003244
-1.7375243 -7.0722604 2.2995119
-1.7047104 -7.0722628 2.2988498
-1.6629107 -7.0722656 2.2980065
-1.6203076 -7.0722685 2.2971466
-1.5855637 -7.0722704 2.2964454
-1.5399038 -7.0722733 2.3011963
-1.4961224 -7.0722761 2.3029091
-1.4592731 -7.072278 2.3022363
-1.4217873 -7.0722809 2.3015521
-1.3836485 -7.0722823 2.3008554
-1.344839 -7.0722857 2.3001468
-1.3053408 -7.0722876 2.2994256
-1.265136 -7.0722899 2.2986915
-1.224205 -7.0722933 2.2979445
-1.1825285 -7.0722957 2.3016193
-1.1400852 -7.0722976 2.3008847
-1.0968537 -7.0723004 2.3001373
-1.0528133 -7.0723038 2.2993753
-1.0192637 -7.0723057 2.298795
-0.98518252 -7.0723076 2.2982054
-0.93901432 -7.0723104 2.2974067
-0.89195156 -7.0723133 2.2965927
-0.85608149 -7.0723162 2.3007219
-0.81962335 -7.0723181 2.3001261
-0.7826848 -7.0723205 2.2995226
-0.7451309 -7.0723228 2.3037653
-0.69421816 -7.0723262 2.3029826
-0.65538836 -7.0723286 2.3023856
-0.61589611 -7.0723305 2.3017781
-0.57586145 -7.0723333 2.3011627
-0.535133 -7.0723362 2.3005364
-0.4938364 -7.0723381 2.2999015
-0.46591902 -7.07234 2.2994723
-0.42344964 -7.0723429 2.2988188
-0.38037586 -7.0723457 2.2981567
-0.33652663 -7.0723481 2.2974827
-0.29204321 -7.072351 2.2967987
-0.26195478 -7.0723529 2.2963359
-0.21615958 -7.0723553 2.3009965
-3.5712426 -7.0227714 2.300503
-3.5712395 -6.9804354 2.2989845
-3.5712361 -6.9409752 2.2998433
-3.571233 -6.9000883 2.3007166
-3.5712309 -6.8582129 2.2998357
-3.5712283 -6.818903 2.3003476
-3.5712268 -6.7787366 2.2990236
-3.5712223 -6.7372398 2.3001277
-3.5712206 -6.6998038 2.3014245
-3.5712192 -6.6611986 2.3002267
-3.5712147 -6.6214776 2.2989943
-3.571213 -6.5810871 2.2996402
-3.5712101 -6.5382466 2.2990699
-3.571207 -6.500958 2.3006437
-3.5712051 -6.4632063 2.3003805
-3.5712032 -6.423254 2.3011532
-3.5711997 -6.3827491 2.300014
-3.571197 -6.3410797 2.2988427
-3.5711944 -6.2989206 2.2985287
-3.5711915 -6.2609463 2.301096
-3.5711894 -6.2238655 2.3014727
-3.5711865 -6.1774626 2.3002582
-3.5711839 -6.1377378 2.2992184
-3.5711815 -6.0977802 2.3001263
-3.5711784 -6.0550857 2.3001807
-3.5711763 -6.0207939 2.2993166
-3.5711739 -5.985765 2.2984333
-3.5711713 -5.9399576 2.299551
-3.5711675 -5.8955255 2.3009589
-3.5711651 -5.8570018 2.3018246
-3.5711629 -5.8183422 2.300925
-3.5711603 -5.7787991 2.3000047
-3.5711575 -5.7383428 2.2990634
-3.5711553 -5.6969409 2.2981002
-3.5711522 -5.6545587 2.3006289
-3.5711493 -5.6111617 2.2996612
-3.5711472 -5.57796 2.2989206
-3.5711448 -5.5430484 2.3001237
-3.571142 -5.4979839 2.3008039
-3.5711396 -5.4626927 2.3000512
-3.5711367 -5.4266624 2.2992828
-3.5711339 -5.3776011 2.3020194
-3.5711315 -5.3400183 2.3012543
-3.5711288 -5.301621 2.3004727
-3.5711265 -5.2625532 2.2996771
-3.5711236 -5.2226229 2.2988644
-3.5711207 -5.1819811 2.2980368
-3.5711186 -5.1404238 2.2971907
-3.5688963 -7.0637708 2.3406024
-3.5392394 -7.0721445 2.3402154
-3.5008318 -7.0721459 2.3395138
-3.4610665 -7.0721493 2.3387878
-3.4204116 -7.0721526 2.3396249
-3.3801956 -7.0721536 2.3396342
-3.3391097 -7.0721641 2.3389239
-3.2997041 -7.072165 2.3406439
-3.2621768 -7.0721669 2.3400304
-3.2202103 -7.0721717 2.3418221
-3.1802728 -7.0721726 2.3412089
-3.1425111 -7.0721741 2.3406279
-3.1000738 -7.0721745 2.3399751
-3.0599821 -7.0721765 2.3393588
-3.0230706 -7.0721779 2.3397784
-2.9799809 -7.0721836 2.3408372
-2.9402657 -7.0721865 2.3402648
-2.9035015 -7.0721889 2.339735
-2.8615468 -7.0721898 2.3391299
-2.8183577 -7.0721917 2.3385074
-2.7784073 -7.0721941 2.3379312
-2.7425196 -7.0721984 2.3395321
-2.6998851 -7.0722022 2.3397772
-2.6566727 -7.0722041 2.339196
-2.6166162 -7.0722051 2.3395171
-2.5767567 -7.072206 2.3412168
-2.5405202 -7.0722103 2.340764
-2.5034199 -7.0722122 2.3403008
-2.4599936 -7.072217 2.3397577
-2.4216595 -7.0722184 2.3413327
-2.3811791 -7.0722198 2.3420575
-2.3403828 -7.0722218 2.3415868
-2.2985525 -7.0722251 2.3411045
-2.2557478 -7.072228 2.3406107
-2.2181942 -7.0722294 2.3401778
-2.179836 -7.0722342 2.3397355
-2.1406467 -7.0722351 2.3392835
-2.1005991 -7.072237 2.3388216
-2.059665 -7.0722408 2.3383493
-2.0178144 -7.0722427 2.3415
-1.9750165 -7.0722451 2.341048
-1.9386276 -7.072248 2.340663
-1.9014914 -7.0722504 2.3402705
-1.8560033 -7.0722523 2.3397896
-1.8173034 -7.0722556 2.3393805
-1.7777829 -7.072258 2.3389626
-1.7375243 -7.0722604 2.338537
-1.7047104 -7.0722628 2.3381901
-1.6629108 -7.0722651 2.3377483
-1.6203076 -7.072268 2.3372982
-1.5855634 -7.0722704 2.3369308
-1.5425608 -7.0722733 2.3376498
-1.4961224 -7.0722752 2.3401198
-1.4592733 -7.0722775 2.3397655
-1.4217875 -7.0722809 2.3394053
-1.3836484 -7.0722823 2.3390388
-1.344839 -7.0722852 2.338666
-1.3053408 -7.0722876 2.3426042
-1.265136 -7.0722899 2.3422563
-1.224205 -7.0722923 2.3419023
-1.1825285 -7.0722952 2.3415418
-1.1400852 -7.0722976 2.3411746
-1.096854 -7.0723009 2.3408008
-1.0528133 -7.0723038 2.3404198
-1.0192637 -7.0723052 2.3401299
-0.98518246 -7.0723076 2.3398352
-0.93901432 -7.0723104 2.3394358
-0.89195156 -7.0723138 2.3390286
-0.85608149 -7.0723157 2.3434682
-0.81962335 -7.0723181 2.3431878
-0.7826848 -7.0723205 2.3429036
-0.74513084 -7.0723228 2.3426151
-0.69421816 -7.0723257 2.3422236
-0.65538836 -7.0723286 2.3419251
-0.61589611 -7.0723305 2.3416214
-0.57586145 -7.0723333 2.3413136
-0.535133 -7.0723357 2.3410006
-0.4938364 -7.0723381 2.340683
-0.46591878 -7.07234 2.3404684
-0.42344964 -7.0723429 2.340142
-0.38037515 -7.0723457 2.3398108
-0.33652663 -7.0723481 2.3394737
-0.29204273 -7.072351 2.3391316
-0.26195478 -7.0723529 2.3389003
-0.21615934 -7.0723553 2.3385482
-3.5712426 -7.0227714 2.3398898
-3.5712399 -6.9804354 2.3391099
-3.5712361 -6.9413619 2.3389118
-3.5712337 -6.9000883 2.3399377
-3.5712306 -6.8578014 2.3391993
-3.5712283 -6.8183217 2.3397784
-3.5712268 -6.7787371 2.3402443
-3.5712223 -6.7377152 2.3413649
-3.5712206 -6.6998043 2.3414447
-3.5712192 -6.6611986 2.3408456
-3.5712147 -6.6214786 2.3402295
-3.5712128 -6.5804739 2.3395934
-3.5712106 -6.5382466 2.3389385
-3.5712073 -6.5009584 2.341054
-3.5712056 -6.4626427 2.3404968
-3.571203 -6.4232535 2.3399239
-3.5711997 -6.3827491 2.3393352
-3.571197 -6.3410797 2.3387294
-3.5711942 -6.2981944 2.3381054
-3.571192 -6.2620902 2.3389344
-3.5711894 -6.2238646 2.3399873
-3.5711861 -6.1774626 2.3393576
-3.5711842 -6.1377378 2.3388188
-3.5711811 -6.0969124 2.3413501
-3.5711784 -6.0550852 2.3408229
-3.5711763 -6.0207939 2.3403907
-3.5711741 -5.9857645 2.3399489
-3.571171 -5.9418197 2.3414452
-3.5711677 -5.8948064 2.3420846
-3.5711658 -5.8570008 2.3416443
-3.5711629 -5.8183422 2.3411949
-3.5711601 -5.7787995 2.3407347
-3.5711575 -5.7383428 2.3402641
-3.5711553 -5.6969409 2.3397825
-3.571152 -5.6545587 2.3392897
-3.5711491 -5.6111617 2.3387845
-3.5711472 -5.5779605 2.3383982
-3.5711448 -5.5451183 2.3396676
-3.5711417 -5.4979844 2.3411343
-3.5711396 -5.4626932 2.3407581
-3.571137 -5.4266624 2.3403735
-3.5711339 -5.3776016 2.3398507
-3.5711312 -5.3400178 2.3394496
-3.5711288 -5.3016205 2.3390403
-3.5711265 -5.2625532 2.3386235
-3.5711238 -5.2226229 2.3381979
-3.5711207 -5.1819811 2.3377643
-3.5711186 -5.1404238 2.3373213
-3.5688963 -7.0637703 2.3793142
-3.5392394 -7.072145 2.379293
-3.5008318 -7.0721459 2.379257
-3.4610662 -7.0721493 2.3792191
-3.4199312 -7.0721517 2.379179
-3.3801951 -7.0721521 2.3791409
-3.3391106 -7.0721655 2.3791018
-3.2997036 -7.0721641 2.3814647
-3.2621768 -7.072166 2.381465
-3.2202106 -7.0721717 2.3814652
-3.1802728 -7.0721726 2.3814645
-3.1425111 -7.0721736 2.3814647
-3.1000738 -7.0721745 2.381465
-3.0599823 -7.0721755 2.3814647
-3.0224695 -7.0721779 2.3787971
-2.9799802 -7.0721836 2.3787568
-2.9402657 -7.0721869 2.3787186
-2.903502 -7.0721889 2.3786829
-2.8615468 -7.0721898 2.3786428
-2.8183579 -7.0721912 2.3786016
-2.7784069 -7.0721941 2.3785627
-2.7419674 -7.0721993 2.3785269
-2.6998856 -7.0722022 2.3784869
-2.6566727 -7.0722041 2.3784451
-2.6177728 -7.0722051 2.3790905
-2.576757 -7.0722065 2.3814645
-2.5405207 -7.0722113 2.3814647
-2.5034196 -7.0722127 2.3814647
-2.4599936 -7.072216 2.381465
-2.4210677 -7.0722184 2.381465
-2.3811791 -7.0722203 2.3814647
-2.3403828 -7.0722218 2.3814647
-2.2985525 -7.0722251 2.3814647
-2.2557478 -7.072228 2.3814647
-2.2181942 -7.0722294 2.3814647
-2.1798358 -7.0722337 2.3814647
-2.1406467 -7.0722351 2.381465
-2.1005991 -7.072237 2.381465
-2.0596654 -7.0722408 2.381465
-2.0178144 -7.0722432 2.3814647
-1.9750165 -7.0722451 2.381465
-1.939296 -7.0722475 2.3797753
-1.9014914 -7.0722504 2.3777199
-1.8560034 -7.0722523 2.3776762
-1.8173034 -7.0722551 2.3776388
-1.777783 -7.072258 2.3776009
-1.7375243 -7.0722604 2.377562
-1.7047104 -7.0722628 2.3775306
-1.6629109 -7.0722651 2.3774908
-1.6203073 -7.072268 2.3774495
-1.5855637 -7.0722704 2.3774161
-1.5412816 -7.0722733 2.3773735
-1.4961224 -7.0722756 2.3773303
-1.4592731 -7.072278 2.377295
-1.4217873 -7.0722809 2.3772588
-1.3836485 -7.0722823 2.3772223
-1.344839 -7.0722847 2.3771846
-1.3053408 -7.072288 2.3814647
-1.2651359 -7.0722899 2.3814647
-1.224205 -7.0722923 2.3814645
-1.1825285 -7.0722957 2.3814647
-1.1400852 -7.072298 2.3814647
-1.0968539 -7.0723004 2.3814647
-1.0528133 -7.0723038 2.3814647
-1.0192637 -7.0723057 2.3814645
-0.98518252 -7.0723076 2.3814647
-0.9390142 -7.0723104 2.3814647
-0.89195156 -7.0723133 2.3814645
-0.85608149 -7.0723157 2.3814647
-0.81962335 -7.0723181 2.3814647
-0.78268456 -7.07232 2.3814647
-0.7451309 -7.0723228 2.381465
-0.69421798 -7.0723257 2.3814647
-0.65538836 -7.0723286 2.3814645
-0.61589575 -7.0723305 2.3814647
-0.57586145 -7.0723333 2.3814647
-0.53513288 -7.0723362 2.3814647
-0.4938364 -7.0723381 2.3814647
-0.46591854 -7.07234 2.3814647
-0.42344964 -7.0723429 2.3814647
-0.38037491 -7.0723453 2.3814647
-0.33652663 -7.0723476 2.3814647
-0.29204273 -7.072351 2.3814647
-0.26195478 -7.0723529 2.3814647
-0.21615934 -7.0723557 2.3814647
-3.5712426 -7.0227709 2.3792765
-3.5712399 -6.9804354 2.3792355
-3.5712361 -6.9409776 2.3791971
-3.5712335 -6.9000883 2.3791578
-3.5712306 -6.8578019 2.3791165
-3.5712283 -6.8194842 2.3802068
-3.5712271 -6.7787366 2.3814647
-3.5712221 -6.737237 2.3814647
-3.5712204 -6.6998043 2.3814645
-3.5712194 -6.6611981 2.3814647
-3.5712149 -6.6214786 2.3814647
-3.5712128 -6.5804744 2.3814647
-3.5712104 -6.5388036 2.3797693
-3.571207 -6.5009584 2.3787706
-3.5712051 -6.4626427 2.3787334
-3.571203 -6.423254 2.3786952
-3.5711997 -6.3827491 2.3786561
-3.571197 -6.3410797 2.3786159
-3.5711939 -6.2981944 2.3785739
-3.5711918 -6.261518 2.3785384
-3.5711894 -6.2238646 2.3785021
-3.5711865 -6.1774626 2.3784568
-3.5711842 -6.1377378 2.3784182
-3.5711811 -6.0969119 2.381465
-3.5711784 -6.0550857 2.3814647
-3.5711765 -6.0207934 2.3814647
-3.5711739 -5.985765 2.3814647
-3.5711708 -5.9408646 2.3814647
-3.5711677 -5.8948064 2.3814647
-3.5711653 -5.8570008 2.3814647
-3.5711629 -5.8183422 2.381465
-3.5711601 -5.7787991 2.3814647
-3.5711577 -5.7383428 2.3814647
-3.5711548 -5.6969409 2.3814647
-3.571152 -5.6545582 2.3814647
-3.5711491 -5.6111617 2.3814647
-3.5711472 -5.5779605 2.3814647
-3.5711448 -5.5440831 2.3814647
-3.571142 -5.4979839 2.3814647
-3.5711396 -5.4626937 2.3814647
-3.571137 -5.4266624 2.3777289
-3.5711339 -5.3776011 2.377682
-3.5711312 -5.3400178 2.3776453
-3.5711288 -5.301621 2.3776078
-3.5711265 -5.2625532 2.3775699
-3.5711238 -5.2226229 2.3775315
-3.5711207 -5.1819811 2.3774922
-3.5711181 -5.1404238 2.3774519
-3.5688963 -7.0637708 2.4201763
-3.5397425 -7.0721445 2.4192276
-3.5008321 -7.0721459 2.4189997
-3.4610662 -7.0721493 2.4196494
-3.4199312 -7.0721517 2.4203215
-3.3801949 -7.0721521 2.4209707
-3.3391099 -7.0721641 2.4192786
-3.2997043 -7.0721645 2.4198844
-3.2621763 -7.072166 2.4204614
-3.2202106 -7.0721712 2.4211068
-3.1802728 -7.0721726 2.4217207
-3.1431427 -7.0721736 2.4206636
-3.1000733 -7.072175 2.4203608
-3.0599821 -7.072176 2.420939
-3.0224695 -7.0721769 2.4188118
-2.9799807 -7.0721822 2.419384
-2.9402659 -7.0721874 2.4199181
-2.9041553 -7.0721884 2.4193745
-2.8615468 -7.0721893 2.4181547
-2.8183579 -7.0721912 2.418694
-2.7784069 -7.0721941 2.4191933
-2.7419677 -7.0721993 2.4196486
-2.6998851 -7.0722017 2.4201739
-2.6566722 -7.0722041 2.4207141
-2.6172163 -7.0722051 2.421207
-2.5767572 -7.0722079 2.4186168
-2.5405204 -7.0722113 2.4190347
-2.5034199 -7.0722122 2.4194622
-2.4599936 -7.072216 2.4199631
-2.4210677 -7.0722184 2.4204121
-2.3811791 -7.0722198 2.420872
-2.3403828 -7.0722218 2.4213421
-2.2985523 -7.0722251 2.4218249
-2.2557478 -7.072228 2.4223187
-2.2189393 -7.0722299 2.4217277
-2.1798358 -7.0722337 2.4197166
-2.1406467 -7.0722351 2.420131
-2.1005993 -7.072237 2.4205542
-2.0596654 -7.0722413 2.4209869
-2.0178144 -7.0722432 2.4214292
-1.9750165 -7.0722446 2.4218822
-1.9379593 -7.0722475 2.4202464
-1.9014914 -7.0722504 2.4189141
-1.8560034 -7.0722523 2.4193511
-1.8173035 -7.0722556 2.419723
-1.777783 -7.072258 2.4201026
-1.7382641 -7.0722609 2.418705
-1.7047104 -7.0722628 2.4168708
-1.6629107 -7.0722651 2.4172325
-1.6203073 -7.072268 2.4176011
-1.5855637 -7.0722704 2.4179015
-1.5412816 -7.0722733 2.4182847
-1.4961224 -7.0722761 2.4186752
-1.4592731 -7.072278 2.4189937
-1.4217875 -7.0722809 2.419318
-1.3836485 -7.0722823 2.4196479
-1.344839 -7.0722847 2.4199836
-1.3053408 -7.0722876 2.4203253
-1.265136 -7.0722909 2.4206729
-1.224205 -7.0722923 2.4210269
-1.1825283 -7.0722952 2.4213874
-1.140085 -7.0722976 2.4217546
-1.0968539 -7.0723004 2.4176104
-1.0528131 -7.0723038 2.4179487
-1.0192637 -7.0723057 2.4182069
-0.98518229 -7.0723076 2.4184687
-0.93901408 -7.0723104 2.4188237
-0.89195156 -7.0723128 2.4191854
-0.85608149 -7.0723157 2.4194613
-0.81962335 -7.0723181 2.4197416
-0.78268433 -7.07232 2.4200256
-0.7451309 -7.0723224 2.4203143
-0.69421792 -7.0723257 2.4207058
-0.65538836 -7.0723286 2.4210043
-0.61589575 -7.0723305 2.421308
-0.57586145 -7.0723333 2.4216156
-0.53513288 -7.0723362 2.4219284
-0.4938364 -7.0723381 2.4222462
-0.46591854 -7.07234 2.422461
-0.42344964 -7.0723429 2.4227877
-0.38037491 -7.0723453 2.4231186
-0.33652663 -7.0723481 2.4234557
-0.29204273 -7.072351 2.4237976
-0.26195478 -7.0723529 2.4240289
-0.21615934 -7.0723557 2.4190166
-3.5712426 -7.0227704 2.4186633
-3.5712395 -6.9804354 2.4193606
-3.5712361 -6.9409785 2.4200118
-3.571233 -6.9000888 2.4206853
-3.5712311 -6.8582354 2.4196639
-3.5712283 -6.818903 2.4196372
-3.5712268 -6.7787371 2.4202604
-3.5712225 -6.7372375 2.4209042
-3.5712206 -6.6998043 2.4214852
-3.5712192 -6.6617422 2.4214985
-3.5712149 -6.6214781 2.4201229
-3.5712128 -6.5804744 2.4207187
-3.5712104 -6.5377135 2.4194877
-3.571207 -6.500958 2.4191811
-3.5712051 -6.4626427 2.4197013
-3.5712032 -6.4232545 2.4202359
-3.5711997 -6.3827491 2.4179771
-3.5711975 -6.3410797 2.4185023
-3.5711942 -6.2981944 2.4190428
-3.5711918 -6.2615175 2.4195049
-3.5711894 -6.2238646 2.4199796
-3.5711865 -6.1774635 2.4205647
-3.5711839 -6.1377378 2.4210649
-3.5711811 -6.0977802 2.4196146
-3.5711784 -6.0550857 2.4189804
-3.5711765 -6.0207939 2.4193792
-3.5711739 -5.985765 2.4197869
-3.5711703 -5.9408641 2.4203093
-3.5711679 -5.8948064 2.420845
-3.5711653 -5.8570008 2.4212849
-3.5711632 -5.8183422 2.4217346
-3.5711601 -5.7787991 2.4221947
-3.5711579 -5.7392726 2.4210894
-3.5711548 -5.6969409 2.4196734
-3.5711522 -5.6545587 2.4201255
-3.5711493 -5.6111617 2.4205883
-3.5711472 -5.57796 2.4209423
-3.5711448 -5.5440831 2.4213035
-3.5711417 -5.4979844 2.4217951
-3.5711396 -5.4626937 2.4221718
-3.5711372 -5.4266624 2.4188204
-3.5711339 -5.3776016 2.419296
-3.571131 -5.3400178 2.4196603
-3.5711288 -5.301621 2.4200327
-3.5711267 -5.2625537 2.4204113
-3.5711236 -5.2226229 2.4168651
-3.5711207 -5.1819811 2.4172196
-3.5711186 -5.1404238 2.4175823
-3.5688963 -7.0637708 2.4610393
-3.5387495 -7.072145 2.460397
-3.5008321 -7.0721459 2.4587429
-3.461066 -7.0721493 2.4600806
-3.4203897 -7.0721521 2.4608459
-3.3801954 -7.0721536 2.4604766
-3.3391097 -7.0721655 2.4594562
-3.3002479 -7.0721645 2.4595537
-3.2621758 -7.072165 2.4594586
-3.2202106 -7.0721712 2.4607484
-3.1806209 -7.0721726 2.4615121
-3.141907 -7.0721736 2.4588239
-3.1000741 -7.0721745 2.4592571
-3.0599818 -7.0721765 2.460413
-3.0230856 -7.0721774 2.4599588
-2.9799802 -7.0721836 2.4600108
-2.9402657 -7.0721869 2.4611175
-2.9028301 -7.0721889 2.4609532
-2.8622363 -7.0721898 2.458864
-2.8183577 -7.0721917 2.4587874
-2.7784069 -7.0721936 2.4598241
-2.741967 -7.0721993 2.4607697
-2.7007475 -7.0722017 2.4607515
-2.6566725 -7.0722041 2.4599636
-2.6172168 -7.0722051 2.4609497
-2.5767567 -7.072207 2.4588645
-2.5405202 -7.0722103 2.4597349
-2.5040162 -7.0722127 2.4599049
-2.4599936 -7.072216 2.4584615
-2.4210677 -7.0722189 2.4593592
-2.3811789 -7.0722198 2.4602797
-2.3403828 -7.0722218 2.4612203
-2.2985523 -7.0722251 2.4621851
-2.2565212 -7.0722275 2.4610231
-2.2174027 -7.0722303 2.459321
-2.179836 -7.0722337 2.4579687
-2.1406467 -7.0722356 2.4587965
-2.1005993 -7.072237 2.4596436
-2.0596654 -7.0722413 2.4605091
-2.0178146 -7.0722427 2.4613941
-1.9750165 -7.0722451 2.4586244
-1.9386278 -7.072248 2.4593587
-1.9014915 -7.0722504 2.4601083
-1.8560034 -7.0722523 2.4610264
-1.8173034 -7.0722551 2.4618075
-1.777783 -7.072258 2.4626048
-1.7367845 -7.0722609 2.4612994
-1.7054622 -7.0722628 2.458339
-1.6629109 -7.0722656 2.4569747
-1.6203073 -7.072268 2.4577527
-1.5855635 -7.0722704 2.4583871
-1.5412813 -7.0722733 2.4591954
-1.4961221 -7.0722756 2.4600201
-1.4592731 -7.072278 2.4606931
-1.4217875 -7.0722799 2.4613774
-1.3836485 -7.0722823 2.4620738
-1.3459265 -7.0722852 2.4608562
-1.3053408 -7.0722876 2.4591858
-1.2651359 -7.0722895 2.4598811
-1.224205 -7.0722928 2.4605892
-1.1825281 -7.0722957 2.4613104
-1.1400849 -7.072298 2.4620445
-1.0968539 -7.0723009 2.4582741
-1.0528132 -7.0723038 2.4589934
-1.0192637 -7.0723052 2.4595416
-0.98518229 -7.0723076 2.4600983
-0.93901408 -7.0723104 2.4608529
-0.89195156 -7.0723133 2.4569063
-0.85608149 -7.0723157 2.457458
-0.81962335 -7.0723181 2.4580183
-0.78268433 -7.07232 2.4585865
-0.7451309 -7.0723228 2.4591639
-0.69421792 -7.0723257 2.4599469
-0.65538836 -7.0723286 2.4605439
-0.61589575 -7.0723305 2.4611511
-0.57586145 -7.0723333 2.4617667
-0.53513288 -7.0723357 2.462393
-0.4938364 -7.0723381 2.463028
-0.46591854 -7.07234 2.4634571
-0.42344964 -7.0723429 2.4641099
-0.38037491 -7.0723453 2.4595659
-0.33652663 -7.0723476 2.4601977
-0.29204273 -7.072351 2.4608393
-0.26195478 -7.0723529 2.4612727
-0.21615934 -7.0723553 2.4565682
-3.5712426 -7.0232902 2.4593945
-3.5712392 -6.9804354 2.4594865
-3.5712361 -6.9409785 2.4608252
-3.571234 -6.9005375 2.4603934
-3.5712304 -6.8573933 2.4594977
-3.571228 -6.818903 2.4601958
-3.5712268 -6.7787371 2.4590564
-3.5712233 -6.7372379 2.4603436
-3.5712204 -6.6998043 2.4615052
-3.5712192 -6.6611958 2.4601555
-3.5712147 -6.6214776 2.4587805
-3.5712128 -6.5804739 2.4599731
-3.5712109 -6.5387807 2.4603734
-3.5712078 -6.5009584 2.4595919
-3.5712051 -6.4626427 2.4606688
-3.571203 -6.4232535 2.4617763
-3.5711994 -6.3833461 2.4592316
-3.571197 -6.3410797 2.4583886
-3.5711942 -6.2981944 2.4595115
-3.571192 -6.261518 2.4604714
-3.5711894 -6.2238646 2.4614573
-3.5711865 -6.1774631 2.4596643
-3.5711842 -6.1377378 2.4606655
-3.5711811 -6.096087 2.4595497
-3.5711784 -6.0550852 2.4596226
-3.5711758 -6.0207934 2.4604535
-3.5711739 -5.985764 2.4581089
-3.5711708 -5.9408646 2.4591539
-3.5711677 -5.8948064 2.4602253
-3.5711653 -5.8570008 2.4611051
-3.5711632 -5.8183422 2.4620044
-3.5711601 -5.7797084 2.4613562
-3.5711572 -5.7374125 2.4585752
-3.5711548 -5.6969409 2.4578822
-3.571152 -5.6545582 2.4587862
-3.5711496 -5.6111617 2.459712
-3.5711472 -5.5779605 2.4604199
-3.5711448 -5.5440826 2.4611423
-3.5711417 -5.4979839 2.4584594
-3.5711396 -5.4626937 2.4591775
-3.5711372 -5.4266624 2.4599113
-3.5711339 -5.3776016 2.4609103
-3.5711312 -5.3400178 2.4616752
-3.5711288 -5.301621 2.4624572
-3.5711265 -5.2625532 2.4632525
-3.5711236 -5.2238431 2.4583147
-3.5711207 -5.1819811 2.4569473
-3.5711186 -5.1404238 2.4577127
-3.5688963 -7.0637708 2.4997509
-3.5392394 -7.072145 2.5008719
-3.5012314 -7.0721459 2.4991412
-3.461066 -7.0721493 2.5005116
-3.4197395 -7.0721521 2.4999752
-3.3801949 -7.0721521 2.4999831
-3.3394229 -7.0721645 2.4999886
-3.2991595 -7.072165 2.5002766
-3.2626841 -7.072166 2.4993043
-3.2202108 -7.0721717 2.500391
-3.1804461 -7.0721717 2.5007346
-3.1425114 -7.0721736 2.4988706
-3.1000738 -7.0721745 2.5007465
-3.0599816 -7.072176 2.4998872
-3.0218694 -7.0721779 2.4998455
-2.9806631 -7.0721831 2.4997807
-2.9402654 -7.0721869 2.4995711
-2.903502 -7.0721889 2.5010905
-2.8615479 -7.0721898 2.4999921
-2.8183572 -7.0721912 2.4988813
-2.7784069 -7.0721936 2.5004551
-2.7424805 -7.0721989 2.501215
-2.6989961 -7.0722022 2.4992967
-2.6566722 -7.0722041 2.4992137
-2.6172166 -7.0722051 2.5006924
-2.576757 -7.072207 2.4991124
-2.5405204 -7.0722113 2.5004356
-2.5027757 -7.0722117 2.5009234
-2.4606061 -7.072216 2.4994299
-2.4210677 -7.0722189 2.498307
-2.3811791 -7.0722198 2.499687
-2.3403831 -7.0722218 2.5010982
-2.2993426 -7.0722251 2.5017829
-2.2550204 -7.072228 2.498239
-2.2181942 -7.0722299 2.4984446
-2.179836 -7.0722337 2.4996977
-2.1406467 -7.0722351 2.5009782
-2.1014416 -7.072237 2.5000341
-2.0596654 -7.0722413 2.5000312
-2.0178146 -7.0722427 2.5013585
-1.9750162 -7.0722446 2.4990416
-1.9386274 -7.072248 2.5001607
-1.902427 -7.0722499 2.4989288
-1.8560033 -7.0722523 2.4989128
-1.8173034 -7.0722556 2.5000656
-1.7777829 -7.072258 2.5012429
-1.7375243 -7.0722604 2.5024421
-1.7039585 -7.0722628 2.5012922
-1.663964 -7.0722656 2.4981713
-1.6203076 -7.072268 2.4979041
-1.5855633 -7.0722694 2.4988725
-1.5412813 -7.0722733 2.5001068
-1.4961221 -7.0722761 2.5013652
-1.4592731 -7.072278 2.5023921
-1.4228376 -7.0722804 2.5015342
-1.3836484 -7.0722828 2.500257
-1.3437514 -7.0722847 2.4989476
-1.3053408 -7.0722876 2.4980464
-1.2651358 -7.0722895 2.4990897
-1.224205 -7.0722933 2.5001514
-1.1825281 -7.0722952 2.5012331
-1.1412746 -7.0722976 2.5003095
-1.096854 -7.0723004 2.4989378
-1.0528131 -7.0723038 2.5000384
-1.0192637 -7.0723057 2.5008764
-0.98518229 -7.0723076 2.5017278
-0.93901408 -7.0723104 2.5028815
-0.89195156 -7.0723128 2.4993424
-0.85608149 -7.0723162 2.5002041
-0.82098252 -7.0723181 2.4989157
-0.78268433 -7.07232 2.4971476
-0.7451309 -7.0723228 2.4980135
-0.69421792 -7.0723257 2.4991877
-0.65538836 -7.0723286 2.5000834
-0.61589575 -7.0723305 2.5009942
-0.57586145 -7.0723333 2.5019176
-0.53513288 -7.0723357 2.5028572
-0.4938364 -7.0723381 2.5038095
-0.46591854 -7.07234 2.5044532
-0.42344964 -7.0723433 2.5002675
-0.38037491 -7.0723453 2.4960129
-0.33652663 -7.0723476 2.4969399
-0.29204273 -7.072351 2.4978805
-0.26195478 -7.0723529 2.4985166
-0.21615934 -7.0723553 2.4994848
-3.5712426 -7.0225902 2.5004826
-3.5712399 -6.9804354 2.4996119
-3.5712359 -6.941503 2.5005412
-3.5712335 -6.8996701 2.4995635
-3.5712306 -6.8583641 2.5000803
-3.571228 -6.818903 2.5007544
-3.5712268 -6.7791748 2.4996984
-3.5712223 -6.7372379 2.4997835
-3.5712204 -6.6998043 2.5015252
-3.5712192 -6.6606588 2.4988379
-3.5712149 -6.6214786 2.5000157
-3.5712128 -6.5812669 2.5005827
-3.5712104 -6.5376887 2.5001237
-3.5712068 -6.500958 2.5000024
-3.5712051 -6.4626427 2.4989057
-3.571203 -6.423254 2.5005479
-3.5711997 -6.3821259 2.5012362
-3.571197 -6.3410797 2.4982753
-3.5711942 -6.2981944 2.49998
-3.5711918 -6.261518 2.5014377
-3.5711894 -6.2238646 2.4999716
-3.5711863 -6.1774626 2.4987633
-3.5711842 -6.1377378 2.5002656
-3.5711811 -6.0977802 2.4998224
-3.5711784 -6.0550857 2.5002644
-3.5711758 -6.0207934 2.5015275
-3.5711739 -5.985764 2.4996245
-3.571171 -5.9418192 2.499151
-3.5711677 -5.8948064 2.4996054
-3.5711653 -5.8570008 2.5009253
-3.5711632 -5.8183422 2.5022743
-3.5711601 -5.7778907 2.4984345
-3.5711577 -5.7383428 2.4981997
-3.5711553 -5.6969409 2.4995644
-3.571152 -5.6545582 2.5009615
-3.5711493 -5.6121597 2.5007374
-3.5711472 -5.57796 2.4998975
-3.5711448 -5.5440831 2.5009811
-3.5711415 -5.4979839 2.4987898
-3.5711396 -5.4626937 2.4998844
-3.5711372 -5.4277635 2.4992647
-3.5711339 -5.3776016 2.4987414
-3.5711312 -5.3400178 2.4998708
-3.5711288 -5.301621 2.501025
-3.5711265 -5.2625532 2.5021987
-3.5711236 -5.2214017 2.5012832
-3.5711207 -5.1819811 2.496675
-3.5711181 -5.1404233 2.4978435
-3.5688152 -7.0641923 2.5399187
-3.5392396 -7.072145 2.5399506
-3.5009136 -7.0721459 2.539803
-3.461333 -7.0721498 2.5406687
-3.419662 -7.0721521 2.5394886
-3.3807814 -7.0721531 2.5405085
-3.3391123 -7.072165 2.5398054
-3.2997038 -7.0721645 2.5399468
-3.2621777 -7.072166 2.5398817
-3.220211 -7.0721712 2.5400333
-3.1802723 -7.0721726 2.5399654
-3.1425107 -7.0721741 2.5397072
-3.1007257 -7.0721745 2.5405424
-3.0599816 -7.0721755 2.539361
-3.0230856 -7.0721774 2.5399711
-2.9792662 -7.0721831 2.5403154
-2.9408033 -7.0721869 2.5394557
-2.9035015 -7.0721884 2.5400379
-2.861311 -7.0721893 2.540616
-2.8183575 -7.0721912 2.5389745
-2.7784073 -7.0721936 2.5410862
-2.7419651 -7.0721989 2.5400674
-2.6998849 -7.0722022 2.5392809
-2.6572149 -7.0722041 2.5407803
-2.6172168 -7.0722051 2.5404344
-2.576757 -7.072207 2.5393605
-2.5410447 -7.0722108 2.5401685
-2.5034196 -7.0722141 2.5397882
-2.4593322 -7.072216 2.5410039
-2.4216313 -7.0722184 2.5394959
-2.3811791 -7.0722203 2.539094
-2.3403831 -7.0722218 2.5409763
-2.2988133 -7.0722251 2.5403972
-2.2557478 -7.072228 2.5380714
-2.2181942 -7.0722294 2.5397313
-2.1798358 -7.0722337 2.5414267
-2.1406467 -7.0722351 2.5396445
-2.0998063 -7.072237 2.5388975
-2.0596652 -7.0722413 2.5395534
-2.0186453 -7.0722427 2.5402153
-1.9750165 -7.0722451 2.5394585
-1.9386276 -7.072248 2.5409622
-1.9006109 -7.0722504 2.5398846
-1.8569068 -7.0722523 2.5394325
-1.8173034 -7.0722556 2.5383241
-1.7777829 -7.072258 2.5398812
-1.737524 -7.0722604 2.5414672
-1.7047104 -7.0722628 2.5427604
-1.6629107 -7.0722656 2.5390978
-1.6203073 -7.072268 2.5380559
-1.5855633 -7.0722694 2.5393579
-1.5412813 -7.0722733 2.5410173
-1.4961221 -7.0722761 2.5427098
-1.4592731 -7.0722775 2.5399213
-1.4207371 -7.0722799 2.5389867
-1.3836485 -7.0722823 2.5384407
-1.344839 -7.0722847 2.5398202
-1.3053408 -7.0722876 2.5412247
-1.2662628 -7.0722895 2.5406737
-1.224205 -7.0722923 2.5397139
-1.1825281 -7.0722957 2.5411558
-1.1388949 -7.072298 2.5401726
-1.0968539 -7.0723009 2.5396013
-1.0528132 -7.0723038 2.5410831
-1.0192637 -7.0723057 2.5376186
-0.98518229 -7.0723076 2.5387321
-0.93901408 -7.0723104 2.5402408
-0.89195156 -7.0723133 2.5417786
-0.85608149 -7.0723157 2.5429504
-0.81826425 -7.0723181 2.5415215
-0.78268433 -7.07232 2.5405285
-0.7451309 -7.0723228 2.5368633
-0.69421792 -7.0723257 2.538429
-0.65538836 -7.0723286 2.539623
-0.61589575 -7.0723305 2.5408375
-0.57586145 -7.0723333 2.5420685
-0.53513288 -7.0723357 2.5433211
-0.4938364 -7.0723381 2.5445912
-0.46591854 -7.07234 2.5403252
-0.42344964 -7.0723429 2.5364251
-0.38037491 -7.0723453 2.5376668
-0.33652663 -7.0723476 2.5389309
-0.29204273 -7.072351 2.5402136
-0.26195478 -7.0723529 2.541081
-0.21615934 -7.0723553 2.5424013
-3.571243 -7.0227704 2.5403178
-3.5712402 -6.9804335 2.5397377
-3.5712359 -6.9408493 2.5396039
-3.5712333 -6.9005108 2.5402029
-3.5712304 -6.8572383 2.5399232
-3.5712283 -6.8193507 2.5395453
-3.5712266 -6.7782712 2.5408616
-3.571223 -6.7372375 2.5392232
-3.5712204 -6.6998029 2.5415454
-3.5712192 -6.6611986 2.5388629
-3.5712152 -6.6219807 2.5404332
-3.5712128 -6.5796814 2.5397437
-3.5712104 -6.5387807 2.5400944
-3.571207 -6.5009584 2.5404134
-3.5712051 -6.4626427 2.5398734
-3.571203 -6.4232535 2.5393193
-3.5711997 -6.3827491 2.5415568
-3.571197 -6.3410797 2.5381618
-3.5711942 -6.2981944 2.5404484
-3.5711915 -6.2620897 2.5410197
-3.5711894 -6.2238646 2.538487
-3.5711865 -6.1774626 2.5408709
-3.5711842 -6.1377378 2.5398657
-3.5711811 -6.096087 2.5398002
-3.5711784 -6.055738 2.5394273
-3.5711758 -6.0207934 2.5394423
-3.5711739 -5.985764 2.5411403
-3.571171 -5.9408684 2.5400684
-3.5711677 -5.8948064 2.538986
-3.5711653 -5.8570008 2.540745
-3.5711629 -5.8183422 2.5425444
-3.5711603 -5.7787995 2.537596
-3.5711575 -5.7383428 2.5394003
-3.5711553 -5.6969409 2.5412469
-3.5711517 -5.6545587 2.5396221
-3.5711493 -5.6101637 2.539613
-3.5711472 -5.5779605 2.5393751
-3.5711448 -5.5440826 2.5408201
-3.5711415 -5.4979844 2.5391202
-3.5711396 -5.4626937 2.5405915
-3.5711372 -5.4255619 2.5400953
-3.5711339 -5.3776016 2.5403554
-3.5711315 -5.3400183 2.5380664
-3.5711288 -5.301621 2.5395925
-3.5711265 -5.2625532 2.5411453
-3.5711236 -5.2226229 2.5427327
-3.5711207 -5.1819811 2.5364027
-3.5711181 -5.1404233 2.5379739
-3.568939 -7.0636215 2.5803854
-3.5396469 -7.072145 2.5795765
-3.5008314 -7.0721459 2.5798562
-3.4613738 -7.0721498 2.5802493
-3.4202027 -7.0721521 2.5800006
-3.3796186 -7.0721526 2.5799668
-3.339107 -7.0721645 2.579982
-3.3002474 -7.0721645 2.5795898
-3.2616682 -7.0721655 2.5804815
-3.2202103 -7.0721712 2.579675
-3.1802731 -7.0721726 2.5797186
-3.1425107 -7.0721736 2.580544
-3.0994499 -7.0721745 2.5793693
-3.0605659 -7.0721755 2.5804505
-3.0218689 -7.0721779 2.5798929
-2.9806914 -7.0721831 2.5801141
-2.939728 -7.0721869 2.5805395
-2.9039598 -7.0721884 2.5795691
-2.8615465 -7.0721898 2.580713
-2.8183575 -7.0721908 2.5790679
-2.778908 -7.0721936 2.5810361
-2.7414563 -7.0721993 2.5789413
-2.7004445 -7.0722022 2.580404
-2.6560864 -7.0722041 2.5799193
-2.6172166 -7.0722051 2.5801773
-2.5767572 -7.072207 2.5796087
-2.5399685 -7.0722108 2.5807137
-2.5042441 -7.0722117 2.5794363
-2.4599936 -7.072216 2.5803738
-2.4204745 -7.0722184 2.5815284
-2.3811791 -7.0722203 2.5785015
-2.3403828 -7.0722218 2.5808537
-2.2985523 -7.0722251 2.579891
-2.2557478 -7.072228 2.5789251
-2.218194 -7.0722299 2.5810182
-2.1806424 -7.0722337 2.580934
-2.1406467 -7.0722351 2.5783105
-2.1005993 -7.072237 2.5804656
-2.0605261 -7.0722408 2.5803723
-2.016932 -7.0722427 2.5799665
-1.9750165 -7.0722446 2.5798755
-1.9392959 -7.0722475 2.58004
-1.9014913 -7.0722504 2.579946
-1.8550434 -7.0722523 2.5808856
-1.8173035 -7.0722561 2.5804083
-1.7777829 -7.072258 2.5785196
-1.737524 -7.0722609 2.5804925
-1.7047104 -7.0722628 2.5821009
-1.6629107 -7.0722656 2.5788395
-1.6203073 -7.072268 2.5782073
-1.5855633 -7.0722704 2.5798433
-1.5412813 -7.0722733 2.5819285
-1.4961221 -7.0722756 2.5799203
-1.4592731 -7.072278 2.5774503
-1.4217873 -7.0722809 2.5791435
-1.3836485 -7.0722833 2.5808661
-1.3459265 -7.0722847 2.5806634
-1.3053408 -7.0722876 2.5800853
-1.264009 -7.0722895 2.5794868
-1.224205 -7.0722933 2.5792763
-1.182528 -7.0722961 2.5810788
-1.1400849 -7.0722976 2.5784373
-1.096854 -7.0723004 2.580265
-1.0528131 -7.0723038 2.5821276
-1.0192637 -7.0723052 2.5789533
-0.98518229 -7.0723076 2.5803618
-0.93901414 -7.0723104 2.5775995
-0.89195156 -7.0723133 2.5794995
-0.85608149 -7.0723157 2.5809469
-0.81962335 -7.0723181 2.5824187
-0.78268433 -7.07232 2.5839095
-0.74653101 -7.0723228 2.5783501
-0.69421792 -7.0723257 2.5776699
-0.65538836 -7.0723286 2.5791626
-0.61589575 -7.0723305 2.5806808
-0.57586145 -7.0723333 2.5822196
-0.53513288 -7.0723357 2.5837853
-0.4938364 -7.0723381 2.5802751
-0.46591854 -7.07234 2.5761969
-0.42344964 -7.0723429 2.5777478
-0.38037491 -7.0723453 2.5793207
-0.33652663 -7.0723476 2.5809221
-0.29204273 -7.072351 2.5825465
-0.26195478 -7.0723529 2.5836453
-0.21615934 -7.0723553 2.579953
-3.5712426 -7.022408 2.5801394
-3.571239 -6.9804363 2.5798631
-3.5712359 -6.9405961 2.5792801
-3.5712337 -6.900301 2.5803297
-3.5712309 -6.8583641 2.5798965
-3.5712283 -6.8184805 2.5800622
-3.5712268 -6.7787371 2.5802932
-3.5712225 -6.7377162 2.5792937
-3.5712206 -6.6998038 2.5815656
-3.5712192 -6.6611986 2.5794826
-3.5712147 -6.6214771 2.5799015
-3.5712128 -6.5810509 2.5797153
-3.5712104 -6.5376887 2.5798759
-3.571207 -6.5015068 2.5799608
-3.5712056 -6.4626427 2.5808413
-3.5712035 -6.4238586 2.5790508
-3.5711997 -6.3827491 2.580878
-3.5711973 -6.3417192 2.5790367
-3.5711946 -6.2981944 2.5809174
-3.5711915 -6.2609463 2.5789027
-3.5711894 -6.2238646 2.5799642
-3.5711868 -6.178288 2.5810196
-3.5711842 -6.1377378 2.5794663
-3.5711811 -6.0977802 2.5800304
-3.5711784 -6.0544329 2.579901
-3.5711758 -6.0214605 2.5790138
-3.5711739 -5.985764 2.5794625
-3.5711706 -5.9399056 2.5810199
-3.5711677 -5.8948064 2.5783663
-3.5711653 -5.8570008 2.5805652
-3.5711629 -5.8192306 2.581233
-3.5711601 -5.7787986 2.578326
-3.5711577 -5.7383428 2.580601
-3.5711548 -5.6978931 2.5812919
-3.5711517 -5.6545587 2.5782831
-3.5711491 -5.6111617 2.5806389
-3.5711472 -5.57796 2.5788529
-3.5711448 -5.5440831 2.5806589
-3.571142 -5.4979844 2.5794508
-3.5711396 -5.4626937 2.5812981
-3.5711372 -5.4266629 2.5794487
-3.5711341 -5.3776016 2.5819697
-3.5711315 -5.3400187 2.5800812
-3.5711288 -5.301621 2.5781605
-3.5711265 -5.2625532 2.580092
-3.5711236 -5.2226229 2.5820663
-3.571121 -5.1819806 2.5801032
-3.5711181 -5.1404233 2.5781043
-3.568939 -7.0634742 2.6198211
-3.5393763 -7.072145 2.6197276
-3.5008326 -7.0721459 2.6199148
-3.4611032 -7.0721498 2.6198289
-3.4202056 -7.0721517 2.6201539
-3.3807726 -7.0721526 2.6198325
-3.3393118 -7.072165 2.6198239
-3.2991595 -7.072165 2.6203647
-3.2621765 -7.072166 2.6203206
-3.2205544 -7.0721712 2.619673
-3.1802733 -7.0721726 2.6199751
-3.1431174 -7.0721736 2.6205454
-3.1000738 -7.0721745 2.6200283
-3.0593805 -7.0721755 2.6198516
-3.0230851 -7.0721774 2.6199825
-2.9797213 -7.0721827 2.6202474
-2.9402657 -7.0721869 2.620424
-2.9037321 -7.0721889 2.619607
-2.8610721 -7.0721898 2.6207688
-2.8183577 -7.0721917 2.6191614
-2.7785726 -7.0721936 2.620177
-2.7419674 -7.0721993 2.6193798
-2.70017 -7.0722013 2.6202784
-2.6566727 -7.0722041 2.6199813
-2.6172168 -7.0722046 2.6199195
-2.5767567 -7.072206 2.6198564
-2.5405202 -7.0722113 2.6194067
-2.5025957 -7.0722127 2.6204665
-2.4599936 -7.072216 2.6188722
-2.4210677 -7.0722184 2.6216402
-2.3818688 -7.0722203 2.6187758
-2.3403826 -7.0722218 2.6207316
-2.2985523 -7.0722251 2.6202509
-2.255748 -7.0722275 2.6197786
-2.2189393 -7.0722299 2.6212397
-2.1790767 -7.0722337 2.6189995
-2.1406467 -7.0722351 2.6204915
-2.1014419 -7.072237 2.6208286
-2.0588546 -7.0722413 2.6197019
-2.0186453 -7.0722427 2.6201267
-1.9750165 -7.0722446 2.6202924
-1.9379592 -7.0722485 2.6205802
-1.902374 -7.0722504 2.6199803
-1.8560033 -7.0722523 2.6201491
-1.8173034 -7.0722551 2.6224923
-1.7787788 -7.072258 2.6185424
-1.737524 -7.0722604 2.6195176
-1.7047104 -7.0722628 2.6214414
-1.6629134 -7.0722651 2.6199071
-1.6203076 -7.0722685 2.6183586
-1.5855633 -7.0722704 2.6203284
-1.5425608 -7.0722733 2.6215932
-1.4961221 -7.0722756 2.6171308
-1.4592731 -7.072278 2.6191494
-1.4217873 -7.0722809 2.6212029
-1.3847171 -7.0722828 2.6213439
-1.3437514 -7.0722852 2.6188135
-1.3053408 -7.0722876 2.6189456
-1.2651359 -7.0722895 2.6210709
-1.224205 -7.0722923 2.6188383
-1.1825281 -7.0722957 2.6210012
-1.1400849 -7.0722976 2.6187272
-1.0968539 -7.0723009 2.6209292
-1.0528131 -7.0723038 2.6186118
-1.0192637 -7.0723057 2.6202884
-0.98518229 -7.0723076 2.6219914
-0.93901414 -7.0723104 2.6196284
-0.89195156 -7.0723133 2.6172202
-0.85608149 -7.0723157 2.6189437
-0.81962335 -7.0723181 2.6206956
-0.78268433 -7.07232 2.6224704
-0.74373078 -7.0723228 2.6216376
-0.69421792 -7.0723257 2.6169109
-0.65538836 -7.0723286 2.6187022
-0.61589575 -7.0723305 2.6205239
-0.57586145 -7.0723333 2.6223707
-0.53708571 -7.0723357 2.6219862
-0.4938364 -7.0723381 2.6159589
-0.46591854 -7.07234 2.617193
-0.42344964 -7.0723429 2.6190705
-0.38037491 -7.0723453 2.6209745
-0.33652663 -7.0723476 2.6229129
-0.29204273 -7.072351 2.6195879
-0.26195478 -7.0723529 2.6208889
-0.21615934 -7.0723553 2.6175048
-3.571243 -7.0231304 2.6204073
-3.5712395 -6.9804349 2.6199884
-3.5712361 -6.9409776 2.6195464
-3.5712333 -6.8994446 2.6200128
-3.5712302 -6.8572388 2.6197774
-3.5712283 -6.8193507 2.6206477
-3.5712268 -6.7791991 2.6197019
-3.5712225 -6.7373986 2.6199455
-3.5712204 -6.7002769 2.6207774
-3.571219 -6.6611986 2.6201017
-3.5712152 -6.6209779 2.6193924
-3.5712125 -6.5806637 2.6202555
-3.5712104 -6.5387807 2.6198156
-3.5712068 -6.5003848 2.6202993
-3.5712051 -6.4632297 2.6200171
-3.5712028 -6.4232564 2.6196222
-3.5711997 -6.3827491 2.6201994
-3.5711975 -6.3410797 2.6198251
-3.5711939 -6.2981944 2.6213858
-3.5711918 -6.2615175 2.6184847
-3.5711894 -6.2246275 2.6204884
-3.5711861 -6.1766787 2.6200278
-3.5711839 -6.1383572 2.6206555
-3.5711811 -6.0960875 2.6200504
-3.5711784 -6.0550857 2.6190639
-3.5711758 -6.0201273 2.6199341
-3.5711737 -5.986445 2.6194508
-3.5711708 -5.940865 2.6210055
-3.5711677 -5.8948064 2.6177466
-3.5711651 -5.8570008 2.6203856
-3.5711632 -5.8183422 2.6197188
-3.5711601 -5.7787986 2.619056
-3.5711572 -5.7383428 2.6218016
-3.5711553 -5.6959891 2.6193011
-3.571152 -5.6545582 2.6204584
-3.5711493 -5.6111617 2.6197627
-3.5711472 -5.5779605 2.6183302
-3.5711448 -5.5440831 2.6204979
-3.5711415 -5.4979844 2.619781
-3.5711396 -5.4626937 2.622005
-3.5711372 -5.4277635 2.6187685
-3.5711339 -5.3776016 2.6198013
-3.5711315 -5.3400183 2.6220963
-3.5711288 -5.3027949 2.6187556
-3.5711265 -5.2625532 2.6190383
-3.5711238 -5.2226224 2.6213999
-3.5711207 -5.1819811 2.6238034
-3.5711181 -5.1404233 2.6182351
-3.5688984 -7.0640607 2.6596284
-3.5391045 -7.072145 2.6598945
-3.5008318 -7.0721459 2.6599731
-3.4610662 -7.0721493 2.6599789
-3.4198377 -7.0721517 2.6599844
-3.3800988 -7.0721526 2.6599898
-3.3389049 -7.0721655 2.6599977
-3.3000174 -7.0721641 2.6604116
-3.2624991 -7.0721655 2.6597266
-3.2204406 -7.0721712 2.6600139
-3.180099 -7.0721726 2.6597214
-3.1425843 -7.0721736 2.6600826
-3.1007924 -7.0721745 2.6602283
-3.0603621 -7.0721765 2.6599019
-3.0218689 -7.0721774 2.6599405
-2.9795229 -7.0721841 2.659977
-2.9406817 -7.0721874 2.6595917
-2.9032798 -7.0721889 2.6602039
-2.8615465 -7.0721898 2.6608737
-2.8183572 -7.0721912 2.6592548
-2.7784073 -7.0721941 2.6600678
-2.7419674 -7.0721993 2.660501
-2.6990247 -7.0722017 2.6595426
-2.6574221 -7.0722041 2.6607852
-2.6172166 -7.0722046 2.659662
-2.5767567 -7.072207 2.6601043
-2.5405202 -7.0722103 2.6601079
-2.5034196 -7.0722127 2.6601145
-2.4608397 -7.072217 2.6590223
-2.4210677 -7.0722184 2.6605875
-2.3814111 -7.0722198 2.6597838
-2.3403828 -7.0722222 2.6606095
-2.2982874 -7.0722251 2.6597562
-2.2557478 -7.0722275 2.6606328
-2.2181926 -7.0722299 2.6601429
-2.179836 -7.0722337 2.6596596
-2.1414709 -7.0722351 2.6604085
-2.0998061 -7.072237 2.6597455
-2.0604777 -7.0722408 2.6605914
-2.0169318 -7.0722427 2.6599145
-1.9758662 -7.0722456 2.6595628
-1.9386272 -7.0722475 2.659658
-1.9005533 -7.0722504 2.6609926
-1.8569607 -7.0722523 2.659384
-1.8173034 -7.0722556 2.6607509
-1.7777857 -7.072258 2.6596498
-1.737524 -7.0722609 2.6585424
-1.7047104 -7.0722628 2.6607816
-1.6629107 -7.0722656 2.6609733
-1.6203073 -7.072268 2.6585104
-1.5855633 -7.0722704 2.6608138
-1.5412778 -7.0722728 2.6596472
-1.4961221 -7.0722756 2.6584759
-1.4592731 -7.072278 2.6608486
-1.4228376 -7.0722804 2.6613212
-1.3825798 -7.0722828 2.6591806
-1.344839 -7.0722857 2.659657
-1.3064476 -7.0722885 2.6601317
-1.2651358 -7.0722895 2.660279
-1.224205 -7.0722933 2.6584008
-1.182528 -7.0722952 2.6609242
-1.1400849 -7.072298 2.6590171
-1.0968539 -7.0723004 2.6615927
-1.0528132 -7.0723038 2.6596563
-1.0192637 -7.0723052 2.661623
-0.98518229 -7.0723076 2.6589956
-0.93901414 -7.0723104 2.6616576
-0.89195156 -7.0723128 2.659656
-0.85608149 -7.0723157 2.6569405
-0.81962335 -7.0723181 2.6589725
-0.78268433 -7.07232 2.6610315
-0.74513084 -7.0723228 2.6631246
-0.69564641 -7.0723257 2.6587934
-0.65538836 -7.0723286 2.6582417
-0.61589575 -7.0723305 2.660367
-0.57586145 -7.0723333 2.6625216
-0.53513288 -7.0723362 2.6596425
-0.4938364 -7.0723381 2.6567407
-0.46591854 -7.07234 2.6581893
-0.42344964 -7.0723429 2.6603932
-0.38037491 -7.0723453 2.6626287
-0.33862966 -7.0723472 2.6625392
-0.29204273 -7.072351 2.6566293
-0.26195478 -7.0723529 2.6581328
-0.21615934 -7.0723553 2.6604216
-3.5712426 -7.0227704 2.6602285
-3.5712395 -6.9808278 2.6596572
-3.5712359 -6.9413614 2.6597936
-3.5712333 -6.9007325 2.659683
-3.5712304 -6.8583641 2.6597128
-3.5712283 -6.8190536 2.6599994
-3.5712268 -6.7788925 2.6596956
-3.5712228 -6.7372379 2.6599965
-3.5712204 -6.6998048 2.6599314
-3.5712192 -6.6617422 2.6600859
-3.5712149 -6.621479 2.6598017
-3.5712128 -6.5796814 2.6601593
-3.5712104 -6.5376878 2.6596291
-3.5712073 -6.5015302 2.659869
-3.5712051 -6.4626451 2.6600378
-3.5712028 -6.4226475 2.660219
-3.5711997 -6.3827491 2.6595204
-3.5711975 -6.3410797 2.6597118
-3.5711942 -6.2989206 2.6609149
-3.571192 -6.261518 2.659451
-3.5711894 -6.2238622 2.6599464
-3.5711865 -6.1782489 2.6601996
-3.5711837 -6.1371183 2.6601233
-3.5711811 -6.0977802 2.660238
-3.5711784 -6.0550852 2.6597061
-3.5711758 -6.0207939 2.6595049
-3.5711737 -5.9850836 2.6608276
-3.5711708 -5.9408636 2.6598501
-3.5711679 -5.8955255 2.6588304
-3.5711653 -5.8570008 2.6602056
-3.5711629 -5.8183417 2.6599886
-3.5711601 -5.7787986 2.6597855
-3.5711579 -5.7392726 2.6613629
-3.5711548 -5.6969409 2.6593466
-3.5711517 -5.6555333 2.6609557
-3.5711496 -5.6111617 2.6588857
-3.5711472 -5.5779605 2.6613967
-3.5711448 -5.5440826 2.6603367
-3.571142 -5.4979839 2.6601117
-3.5711396 -5.4626932 2.6590114
-3.5711367 -5.4255614 2.659667
-3.5711343 -5.3787303 2.6596091
-3.5711315 -5.3400183 2.6602921
-3.5711286 -5.3004475 2.6609819
-3.5711262 -5.2625537 2.6579852
-3.5711238 -5.2226224 2.6607337
-3.5711207 -5.1819811 2.6635311
-3.5711181 -5.1404233 2.6583655
-3.56881 -7.0639176 2.6997476
-3.5393062 -7.072145 2.7000625
-3.5008318 -7.0721459 2.6997161
-3.4610271 -7.0721498 2.7001307
-3.4197509 -7.0721517 2.7001526
-3.3801973 -7.0721531 2.6998286
-3.3394144 -7.0721645 2.699832
-3.2999508 -7.072165 2.7000227
-3.2624316 -7.0721655 2.6999319
-3.2202103 -7.0721717 2.7000084
-3.1802733 -7.0721731 2.6994832
-3.142436 -7.0721736 2.7000668
-3.0999956 -7.0721745 2.6999717
-3.059979 -7.0721765 2.6998839
-3.0230854 -7.0721774 2.6999946
-2.9807644 -7.0721836 2.6997087
-2.9402673 -7.0721865 2.7000721
-2.9035017 -7.0721884 2.7002747
-2.8615465 -7.0721898 2.700386
-2.8183572 -7.0721917 2.6993482
-2.7782393 -7.0721936 2.699965
-2.7424805 -7.0721989 2.7009134
-2.700444 -7.0722017 2.6994886
-2.6559231 -7.0722041 2.699945
-2.617815 -7.0722046 2.7001965
-2.5773268 -7.072207 2.6996047
-2.5405202 -7.0722108 2.7008085
-2.5042441 -7.0722132 2.6997325
-2.4591475 -7.0722165 2.700633
-2.4210677 -7.0722189 2.6995344
-2.3811791 -7.0722198 2.6999962
-2.3403828 -7.0722218 2.7004876
-2.298552 -7.0722251 2.6992929
-2.2557478 -7.072228 2.7014866
-2.2174511 -7.0722294 2.6990719
-2.179836 -7.0722337 2.7013893
-2.1398709 -7.0722351 2.698921
-2.1013942 -7.072237 2.70017
-2.0588017 -7.0722413 2.6999567
-2.018645 -7.0722427 2.7000387
-1.9741136 -7.0722451 2.6998186
-1.9386276 -7.072248 2.7004597
-1.9014914 -7.0722504 2.6997838
-1.8551021 -7.0722523 2.7008934
-1.8173034 -7.0722551 2.6990092
-1.7767845 -7.072258 2.7007866
-1.737524 -7.0722609 2.6975677
-1.7047104 -7.0722628 2.7001221
-1.6629106 -7.0722656 2.7007155
-1.6203073 -7.0722685 2.6986618
-1.5855633 -7.0722704 2.7012994
-1.5412813 -7.0722728 2.6991951
-1.4961221 -7.0722756 2.6998208
-1.459273 -7.072278 2.7025476
-1.4207371 -7.0722804 2.6988506
-1.3836485 -7.0722823 2.6996584
-1.3459265 -7.0722847 2.7004709
-1.3042339 -7.0722876 2.6986592
-1.2651359 -7.0722895 2.6994872
-1.2253522 -7.0722923 2.7003202
-1.182528 -7.0722957 2.7008467
-1.1400849 -7.0722985 2.699307
-1.0980659 -7.0723004 2.7001615
-1.0528131 -7.0723038 2.700701
-1.0192637 -7.0723057 2.7029581
-0.98518229 -7.0723076 2.7006249
-0.93901408 -7.0723104 2.6990166
-0.89195156 -7.0723133 2.7020922
-0.85608149 -7.0723162 2.6996868
-0.81962335 -7.0723181 2.6972494
-0.78268433 -7.07232 2.6995921
-0.7451309 -7.0723228 2.7019742
-0.69421792 -7.0723257 2.7002859
-0.65538836 -7.0723286 2.6977813
-0.61589575 -7.0723305 2.7002103
-0.57586145 -7.0723333 2.702673
-0.53513288 -7.0723362 2.7001064
-0.4938364 -7.0723381 2.6975222
-0.46591854 -7.07234 2.6991856
-0.42344964 -7.0723429 2.7017159
-0.38037491 -7.0723453 2.7042825
-0.3344236 -7.0723481 2.6987622
-0.29204273 -7.072351 2.6989622
-0.26195478 -7.0723529 2.7006972
-0.21835606 -7.0723557 2.7009056
-3.5712426 -7.0229511 2.7000451
-3.5712397 -6.9808083 2.6997895
-3.5712361 -6.9409781 2.7000344
-3.5712333 -6.9000859 2.699832
-3.5712306 -6.8576636 2.7002103
-3.571228 -6.8183217 2.6999688
-3.5712268 -6.7785835 2.6997037
-3.5712221 -6.7370796 2.7000544
-3.5712204 -6.6998038 2.6999519
-3.5712187 -6.6611981 2.7000618
-3.5712152 -6.6219792 2.7001891
-3.5712128 -6.5810509 2.7000699
-3.5712104 -6.5387807 2.6995368
-3.5712068 -6.5004115 2.7002404
-3.5712051 -6.4620533 2.7000828
-3.5712032 -6.423254 2.6999428
-3.5711997 -6.3833714 2.6997898
-3.571197 -6.3410788 2.6995983
-3.5711942 -6.2981944 2.700387
-3.571192 -6.261518 2.7004173
-3.5711894 -6.223104 2.6994345
-3.5711868 -6.1774602 2.7002668
-3.5711844 -6.1383572 2.6998403
-3.5711811 -6.096087 2.7003009
-3.5711787 -6.0550857 2.7003479
-3.5711758 -6.0214605 2.6990519
-3.5711739 -5.985764 2.7008159
-3.571171 -5.9418197 2.69979
-3.5711677 -5.8948064 2.6997797
-3.5711648 -5.8570008 2.7000258
-3.5711629 -5.8183417 2.7002585
-3.5711601 -5.7787986 2.7005157
-3.5711577 -5.7374125 2.6989748
-3.5711548 -5.6969409 2.7010286
-3.5711517 -5.653584 2.6994574
-3.5711493 -5.6121597 2.6998575
-3.5711472 -5.57796 2.7008741
-3.5711448 -5.5440826 2.7001755
-3.5711415 -5.4979839 2.7004418
-3.5711396 -5.4626927 2.6997178
-3.5711372 -5.4266624 2.6989865
-3.5711336 -5.376472 2.7010524
-3.5711315 -5.3400183 2.6984875
-3.5711288 -5.3016214 2.7015772
-3.5711262 -5.2625537 2.6969314
-3.5711236 -5.2226224 2.700067
-3.5711207 -5.1819811 2.7032588
-3.5711181 -5.1404233 2.6984961
-3.568939 -7.0636225 2.7395413
-3.5391705 -7.072145 2.7402172
-3.5007508 -7.0721459 2.7397785
-3.4610662 -7.0721493 2.7402799
-3.4201195 -7.0721517 2.73998
-3.3802876 -7.0721526 2.7396629
-3.3388095 -7.0721655 2.7400236
-3.2994578 -7.072165 2.7400455
-3.2621121 -7.072166 2.7401462
-3.2203259 -7.0721722 2.7399998
-3.1802726 -7.0721726 2.7397389
-3.142288 -7.0721736 2.7400584
-3.0994499 -7.0721745 2.7401779
-3.0596032 -7.0721765 2.7398829
-3.0218689 -7.0721774 2.7399871
-2.9796255 -7.0721822 2.7398844
-2.9398477 -7.072186 2.7405691
-2.9030409 -7.0721889 2.7397766
-2.8615465 -7.0721898 2.7398982
-2.8183577 -7.0721912 2.7394412
-2.7784069 -7.0721936 2.739881
-2.742137 -7.0721989 2.7405398
-2.7001629 -7.0722022 2.73997
-2.6572146 -7.0722041 2.7400129
-2.6166627 -7.0722051 2.7398853
-2.5761411 -7.0722075 2.7397976
-2.5410712 -7.0722108 2.7394669
-2.5032067 -7.0722113 2.7400503
-2.4599936 -7.0722156 2.7407837
-2.4216595 -7.0722184 2.7396114
-2.38095 -7.0722198 2.7402179
-2.3403828 -7.0722218 2.740365
-2.2985523 -7.0722251 2.7396529
-2.2564774 -7.072228 2.7412612
-2.2181942 -7.0722299 2.7392848
-2.1806426 -7.0722337 2.7408605
-2.1406467 -7.0722351 2.7400048
-2.0997548 -7.072237 2.7391212
-2.0604775 -7.0722408 2.7396185
-2.0169318 -7.0722427 2.7398624
-1.9758662 -7.0722451 2.7403789
-1.9386272 -7.0722475 2.741261
-1.902374 -7.0722504 2.7397907
-1.8560033 -7.0722523 2.7413862
-1.8180145 -7.0722551 2.7392867
-1.7777829 -7.072258 2.7407994
-1.738264 -7.0722609 2.7386522
-1.7047104 -7.0722628 2.7394624
-1.6629106 -7.0722656 2.7404573
-1.6203076 -7.0722685 2.7388134
-1.5855633 -7.0722704 2.7417848
-1.5400056 -7.0722728 2.7386608
-1.4961221 -7.0722756 2.7411659
-1.4592731 -7.0722775 2.7400768
-1.4217875 -7.0722799 2.7389691
-1.3836485 -7.0722823 2.7420843
-1.3437514 -7.0722852 2.7386794
-1.3053408 -7.0722876 2.739845
-1.2662627 -7.0722895 2.7410219
-1.2230577 -7.0722928 2.7395639
-1.182528 -7.0722952 2.7407696
-1.1400849 -7.072298 2.7395968
-1.0956419 -7.0723009 2.7404976
-1.0540479 -7.0723038 2.7396204
-1.0192636 -7.0723057 2.7397003
-0.98518229 -7.0723076 2.7422547
-0.94030869 -7.0723104 2.7388692
-0.89195156 -7.0723133 2.7398131
-0.85608149 -7.0723157 2.7424326
-0.82098252 -7.0723181 2.7380815
-0.78268433 -7.07232 2.7381535
-0.74513084 -7.0723228 2.7408237
-0.69421792 -7.0723257 2.7395272
-0.655388 -7.0723286 2.7373209
-0.61589575 -7.0723305 2.7400537
-0.57586074 -7.0723333 2.7428236
-0.53513288 -7.0723357 2.7405705
-0.49383587 -7.0723381 2.7383039
-0.46591854 -7.07234 2.7401819
-0.42344964 -7.0723429 2.7430387
-0.38037491 -7.0723453 2.7407296
-0.33652639 -7.0723481 2.7383881
-0.29204273 -7.072351 2.7412953
-0.26195478 -7.0723529 2.7432616
-0.21396235 -7.0723557 2.7379572
-3.5712426 -7.0227704 2.7398744
-3.5712395 -6.9804339 2.7403512
-3.5712359 -6.9411044 2.7402768
-3.5712337 -6.9003024 2.7399843
-3.5712304 -6.8579473 2.740123
-3.571228 -6.8193507 2.7399158
-3.5712268 -6.7787347 2.7403183
-3.5712221 -6.737237 2.7401106
-3.5712204 -6.6998038 2.7399719
-3.5712192 -6.6613774 2.7400403
-3.5712152 -6.6214767 2.7396874
-3.5712128 -6.5804706 2.7399778
-3.5712104 -6.5382452 2.7402718
-3.5712073 -6.5015306 2.7406733
-3.5712051 -6.4632306 2.740164
-3.5712035 -6.4238586 2.7396402
-3.5711997 -6.3827491 2.7400258
-3.571197 -6.3410797 2.7394848
-3.5711942 -6.298192 2.7398915
-3.571192 -6.261518 2.741384
-3.5711894 -6.2238646 2.7399483
-3.5711865 -6.1766791 2.740365
-3.5711839 -6.1371183 2.7393396
-3.5711811 -6.0977802 2.7404456
-3.5711784 -6.055738 2.7394705
-3.5711758 -6.0201273 2.7400212
-3.5711739 -5.985764 2.7391379
-3.5711708 -5.9408636 2.7396858
-3.5711675 -5.8940878 2.7407558
-3.5711653 -5.8570008 2.7398462
-3.5711629 -5.8183417 2.7405283
-3.5711601 -5.7787986 2.7412455
-3.5711577 -5.7383428 2.7385366
-3.5711553 -5.6978931 2.7410314
-3.5711517 -5.6545582 2.7399549
-3.5711489 -5.6101627 2.7388415
-3.5711472 -5.5779605 2.7403517
-3.5711448 -5.5440826 2.7400146
-3.5711417 -5.4990444 2.7390001
-3.5711396 -5.4626932 2.7404249
-3.5711367 -5.4266624 2.7400777
-3.5711339 -5.3776011 2.7408605
-3.5711315 -5.3400187 2.7405024
-3.5711288 -5.301621 2.7401452
-3.5711262 -5.2625537 2.7397728
-3.5711238 -5.2226229 2.7394006
-3.5711207 -5.1819811 2.7429864
-3.5711181 -5.1404233 2.7386265
-3.5689394 -7.0637693 2.7797015
-3.5393767 -7.072145 2.7803755
-3.5008318 -7.0721459 2.779834
-3.461221 -7.0721498 2.780153
-3.4200208 -7.0721517 2.7798154
-3.3801956 -7.0721526 2.779846
-3.3394146 -7.0721645 2.7801757
-3.2997019 -7.072165 2.7800646
-3.2619812 -7.0721655 2.7799621
-3.2202103 -7.0721717 2.7799988
-3.1802731 -7.0721726 2.7799962
-3.1428831 -7.0721736 2.7800481
-3.1006994 -7.0721745 2.7799134
-3.0605664 -7.0721765 2.7804112
-3.0230849 -7.0721784 2.7800066
-2.9802389 -7.0721827 2.7800498
-2.9406817 -7.0721865 2.7804267
-2.9039595 -7.0721889 2.7798412
-2.8620179 -7.0721898 2.7799702
-2.8188431 -7.0721912 2.7801027
-2.7779081 -7.0721946 2.7797749
-2.7417955 -7.0721989 2.7801802
-2.6995955 -7.0722022 2.7798684
-2.6566701 -7.0722041 2.7799914
-2.617985 -7.0722046 2.7804341
-2.5775452 -7.0722065 2.7793164
-2.5399971 -7.0722108 2.7800789
-2.5027757 -7.0722136 2.7796273
-2.4606521 -7.0722156 2.7800977
-2.4210677 -7.0722184 2.7795858
-2.3811789 -7.0722203 2.7804563
-2.3403828 -7.0722218 2.7802432
-2.2985523 -7.0722251 2.7800133
-2.2557464 -7.072228 2.7797811
-2.2181942 -7.0722299 2.7805717
-2.1790767 -7.0722337 2.7789953
-2.1414242 -7.0722351 2.7810636
-2.1005993 -7.072237 2.7794664
-2.0588017 -7.0722413 2.7790189
-2.018645 -7.0722427 2.7799504
-1.9741137 -7.0722456 2.7806721
-1.9392956 -7.0722485 2.7803042
-1.9005533 -7.0722504 2.7808588
-1.8560032 -7.0722523 2.7792728
-1.8165923 -7.0722551 2.7811584
-1.777783 -7.072258 2.7794378
-1.7367843 -7.0722599 2.7813632
-1.7047104 -7.0722628 2.7788029
-1.6629105 -7.0722656 2.7801998
-1.6203076 -7.072268 2.7789648
-1.5855633 -7.0722694 2.7822704
-1.5412813 -7.0722733 2.778301
-1.4961221 -7.0722761 2.7825108
-1.459273 -7.072278 2.7776058
-1.4217875 -7.0722809 2.7810283
-1.3836482 -7.0722823 2.7802677
-1.3448389 -7.0722857 2.7794938
-1.3064476 -7.0722876 2.7810016
-1.2640089 -7.0722895 2.7799346
-1.225352 -7.0722923 2.7794249
-1.1825281 -7.0722957 2.7806923
-1.1400847 -7.0722985 2.7798865
-1.096854 -7.0723 2.7790658
-1.0515783 -7.0723038 2.7803552
-1.0192633 -7.0723052 2.7810349
-0.98518229 -7.0723076 2.779259
-0.93771923 -7.0723109 2.7805808
-0.89195156 -7.0723133 2.777534
-0.85608149 -7.0723157 2.7804294
-0.81826425 -7.0723181 2.7808175
-0.78268433 -7.07232 2.7767141
-0.74513078 -7.0723228 2.7796733
-0.69278944 -7.0723257 2.7810664
-0.65538788 -7.0723281 2.7768607
-0.61589575 -7.0723305 2.7798967
-0.57586074 -7.0723333 2.7829747
-0.53318006 -7.0723357 2.7782981
-0.49383569 -7.0723381 2.7790854
-0.46591854 -7.07234 2.781178
-0.4254863 -7.0723429 2.7819893
-0.38037491 -7.0723453 2.7771769
-0.33652639 -7.0723481 2.7803793
-0.29204273 -7.072351 2.7836285
-0.26195478 -7.0723529 2.7805052
-0.21615911 -7.0723557 2.7784414
-3.571243 -7.0227714 2.7796986
-3.5712395 -6.9804349 2.7804773
-3.5712359 -6.9408493 2.7799666
-3.5712337 -6.8998733 2.7796483
-3.5712304 -6.8576636 2.78005
-3.5712283 -6.8189049 2.7798858
-3.5712266 -6.7787361 2.7803266
-3.5712228 -6.7372365 2.7795498
-3.5712204 -6.6998043 2.7799919
-3.5712192 -6.6611986 2.7800281
-3.5712147 -6.6214786 2.7800636
-3.5712128 -6.5804777 2.7792325
-3.5712099 -6.5382481 2.7801404
-3.5712073 -6.5009608 2.7801745
-3.5712051 -6.4626446 2.7802098
-3.571203 -6.4232554 2.7802458
-3.5711997 -6.382751 2.7802827
-3.571197 -6.3410797 2.779371
-3.5711942 -6.2981944 2.779397
-3.571192 -6.2620897 2.7809207
-3.5711899 -6.2246275 2.7804332
-3.5711861 -6.1782494 2.7804756
-3.5711842 -6.1377378 2.7805138
-3.5711811 -6.0969148 2.7795165
-3.5711784 -6.0544329 2.780025
-3.5711758 -6.0207939 2.779568
-3.5711741 -5.986445 2.7790933
-3.5711701 -5.9408674 2.7796092
-3.5711677 -5.8948064 2.781831
-3.5711651 -5.8570008 2.7796662
-3.5711629 -5.8183417 2.7807987
-3.5711601 -5.7797074 2.7803245
-3.5711575 -5.7383428 2.7797368
-3.5711548 -5.6959887 2.7791257
-3.5711517 -5.6555333 2.7804201
-3.5711489 -5.6111608 2.7798131
-3.5711472 -5.57796 2.7798293
-3.5711448 -5.5440826 2.7798531
-3.5711417 -5.4969234 2.7792089
-3.5711396 -5.4626927 2.7811317
-3.571137 -5.4266624 2.7811687
-3.5711341 -5.3776011 2.7786918
-3.5711315 -5.3400183 2.7825177
-3.5711288 -5.3016214 2.7787127
-3.5711262 -5.2625537 2.7826138
-3.5711236 -5.2226233 2.7787344
-3.5711212 -5.181982 2.7827137
-3.5711181 -5.1404233 2.7787571
-3.5688102 -7.0639181 2.8201809
-3.5392394 -7.072145 2.8200049
-3.501075 -7.0721459 2.8198936
-3.461256 -7.0721498 2.8197336
-3.4199305 -7.0721517 2.8203092
-3.3801954 -7.0721526 2.8196619
-3.3391089 -7.0721645 2.820039
-3.2999504 -7.0721645 2.8200717
-3.2624981 -7.072166 2.819767
-3.2202113 -7.0721722 2.8199947
-3.1802726 -7.0721717 2.8202522
-3.1423609 -7.0721736 2.8195875
-3.1001489 -7.0721745 2.8201149
-3.0597856 -7.0721774 2.8204138
-3.0222652 -7.0721784 2.8194909
-2.9799833 -7.0721836 2.8202312
-2.9404051 -7.0721865 2.8202393
-2.9037318 -7.0721884 2.8198943
-2.8615465 -7.0721893 2.8200455
-2.8183572 -7.0721912 2.8207672
-2.7784069 -7.0721936 2.8196976
-2.741456 -7.0721989 2.8198347
-2.6993294 -7.0722022 2.8197827
-2.6561322 -7.0722041 2.8199909
-2.6164484 -7.0722051 2.8201437
-2.5759687 -7.072207 2.819531
-2.5405204 -7.0722113 2.8197792
-2.5042441 -7.0722117 2.8200281
-2.4602149 -7.072216 2.8201809
-2.4210691 -7.0722189 2.8196156
-2.3811789 -7.0722198 2.8198636
-2.3403828 -7.0722218 2.820121
-2.2985523 -7.0722251 2.8203733
-2.2557478 -7.072228 2.8195009
-2.2189393 -7.0722294 2.8207514
-2.179836 -7.0722332 2.8196218
-2.1398203 -7.0722351 2.8196282
-2.1013942 -7.072237 2.8209658
-2.0596652 -7.0722413 2.8198018
-2.0169318 -7.0722427 2.8198102
-1.9759171 -7.0722451 2.8199728
-1.937959 -7.0722475 2.820914
-1.9014913 -7.0722504 2.8196216
-1.8569068 -7.0722523 2.8197284
-1.8173031 -7.0722551 2.8214362
-1.7787788 -7.072258 2.819411
-1.737524 -7.0722604 2.822448
-1.7047104 -7.0722628 2.8181434
-1.6629105 -7.0722656 2.8199418
-1.6203073 -7.0722685 2.8191161
-1.5855633 -7.0722694 2.8227558
-1.5412813 -7.0722728 2.8192117
-1.4971371 -7.0722752 2.8219099
-1.4592729 -7.072278 2.8193049
-1.4228376 -7.0722799 2.8211083
-1.3836483 -7.0722823 2.8184509
-1.3459264 -7.0722852 2.8202784
-1.3042339 -7.0722876 2.8195887
-1.2651358 -7.0722895 2.8214688
-1.2230574 -7.0722928 2.8187084
-1.182528 -7.0722952 2.8206153
-1.1400847 -7.072298 2.8201766
-1.096854 -7.0723 2.8197296
-1.0528131 -7.0723038 2.8192747
-1.0192633 -7.0723052 2.8223698
-0.98645252 -7.0723076 2.818712
-0.93901396 -7.0723109 2.8204336
-0.89195156 -7.0723138 2.8199699
-0.85608149 -7.0723157 2.8184261
-0.81962335 -7.0723181 2.8216496
-0.78268433 -7.07232 2.8200953
-0.74513078 -7.0723228 2.8185229
-0.69421792 -7.0723257 2.8229268
-0.65538788 -7.0723281 2.8164001
-0.61589575 -7.0723305 2.8197401
-0.57586074 -7.0723333 2.8231256
-0.53513288 -7.0723357 2.8164539
-0.49383569 -7.0723381 2.8198669
-0.46591854 -7.07234 2.8221743
-0.42344964 -7.0723429 2.8205054
-0.38037491 -7.0723453 2.8188307
-0.33652639 -7.0723476 2.8223703
-0.29204273 -7.072351 2.8206699
-0.26195478 -7.0723529 2.817749
-0.21615911 -7.0723553 2.821358
-0.16968584 -7.0723586 2.8196108
-3.5712426 -7.0231304 2.8199632
-3.5712395 -6.980629 2.8201587
-3.5712361 -6.9409785 2.8202085
-3.5712335 -6.9000859 2.8198011
-3.5712299 -6.8579478 2.8199534
-3.5712283 -6.8189006 2.8204439
-3.5712268 -6.7788925 2.8197188
-3.5712225 -6.7377143 2.8196125
-3.5712204 -6.6998048 2.8200123
-3.571219 -6.6611991 2.8206468
-3.5712152 -6.6209779 2.8204517
-3.5712128 -6.5806637 2.8191295
-3.5712104 -6.5382447 2.8200083
-3.5712073 -6.5003848 2.8196995
-3.5712054 -6.4620533 2.8202798
-3.5712032 -6.423254 2.8199399
-3.5711994 -6.3827491 2.8205402
-3.571197 -6.3410797 2.819258
-3.5711939 -6.2981944 2.8198657
-3.5711915 -6.261518 2.8203833
-3.5711894 -6.2238622 2.8199308
-3.5711865 -6.1774607 2.8205733
-3.5711842 -6.1377378 2.8201141
-3.5711811 -6.0969095 2.8196311
-3.5711782 -6.055738 2.8207381
-3.5711758 -6.0214605 2.8190904
-3.5711737 -5.9850836 2.8205361
-3.5711703 -5.9408636 2.8195326
-3.5711679 -5.8948064 2.8212116
-3.5711651 -5.8570008 2.8194864
-3.5711629 -5.8183417 2.8210685
-3.5711601 -5.7787986 2.8193018
-3.5711577 -5.7383423 2.8209379
-3.5711548 -5.6969409 2.8191283
-3.5711517 -5.6535835 2.8189867
-3.5711489 -5.6121588 2.8207519
-3.5711472 -5.5779605 2.8193071
-3.5711448 -5.5440826 2.8196921
-3.5711417 -5.4990444 2.8196385
-3.5711396 -5.4626932 2.8218384
-3.5711367 -5.4277635 2.8204305
-3.5711336 -5.3787308 2.818454
-3.5711315 -5.3400183 2.820713
-3.5711288 -5.3027949 2.8192489
-3.5711262 -5.2625537 2.8215604
-3.5711236 -5.2226233 2.818068
-3.5711207 -5.1819816 2.8224416
-3.5711186 -5.1404238 2.8188877
-3.5711155 -5.0981112 2.823359
-3.5689387 -7.0636225 2.8599839
-3.539444 -7.072145 2.8596261
-3.5008311 -7.0721459 2.8599467
-3.461066 -7.0721493 2.8598828
-3.4201145 -7.0721521 2.8604767
-3.3804793 -7.0721526 2.8598495
-3.3391087 -7.0721645 2.8598568
-3.2996416 -7.0721641 2.8597064
-3.262048 -7.0721655 2.8599701
-3.2202108 -7.0721712 2.8599904
-3.1802731 -7.0721717 2.8605082
-3.1425107 -7.0721736 2.8595865
-3.1003859 -7.0721745 2.8603277
-3.060183 -7.0721755 2.8598783
-3.0226674 -7.0721774 2.8594956
-2.9801569 -7.0721822 2.8599641
-2.9401271 -7.0721865 2.8600626
-2.9035029 -7.0721889 2.8599577
-2.8617837 -7.0721898 2.8601129
-2.818357 -7.0721908 2.8608606
-2.7784069 -7.0721936 2.8603292
-2.7424803 -7.0721989 2.8594966
-2.7007475 -7.0722022 2.859648
-2.6574216 -7.0722041 2.8600044
-2.6179848 -7.0722046 2.8599
-2.5775447 -7.072207 2.8597932
-2.5410445 -7.0722108 2.8594608
-2.5032067 -7.0722127 2.8603842
-2.459775 -7.072216 2.8602798
-2.4204745 -7.0722189 2.8607004
-2.380486 -7.0722198 2.8600941
-2.3403826 -7.0722218 2.8599987
-2.2977655 -7.0722251 2.8598957
-2.2550201 -7.072228 2.8591888
-2.2181923 -7.0722299 2.8596966
-2.1805971 -7.0722337 2.8602238
-2.1406467 -7.0722351 2.8595185
-2.0997546 -7.072237 2.859971
-2.0605264 -7.0722413 2.8605564
-2.018645 -7.0722427 2.8598616
-1.9741689 -7.0722451 2.8603027
-1.9386272 -7.0722475 2.8599572
-1.902374 -7.0722504 2.8596017
-1.8550433 -7.0722523 2.8613141
-1.8173029 -7.0722556 2.859694
-1.7777857 -7.072258 2.860568
-1.737524 -7.0722604 2.8614733
-1.7047104 -7.0722628 2.8574834
-1.6629108 -7.0722656 2.859684
-1.6203073 -7.0722685 2.8592677
-1.5865364 -7.0722699 2.8613269
-1.5412811 -7.0722733 2.8601232
-1.4951072 -7.0722756 2.8588774
-1.4592729 -7.072278 2.8610044
-1.4207371 -7.0722809 2.8587141
-1.3836483 -7.0722823 2.8608768
-1.3437514 -7.0722852 2.8585455
-1.3053408 -7.0722876 2.8607447
-1.2651358 -7.0722895 2.860677
-1.2242048 -7.0722923 2.8606076
-1.182528 -7.0722957 2.8605378
-1.1400847 -7.0722976 2.8604662
-1.0968539 -7.0723004 2.860393
-1.0528132 -7.0723038 2.8603194
-1.0192633 -7.0723052 2.859112
-0.98391205 -7.0723076 2.8600695
-0.94030869 -7.0723109 2.8602538
-0.89195156 -7.0723128 2.862406
-0.85608149 -7.0723157 2.8564229
-0.81962335 -7.0723181 2.8599265
-0.78268433 -7.07232 2.8634763
-0.74513078 -7.0723228 2.8573728
-0.69421792 -7.0723257 2.8621678
-0.65538788 -7.0723281 2.8559399
-0.61589575 -7.0723305 2.8595834
-0.57586074 -7.0723333 2.8632767
-0.53513288 -7.0723362 2.8569181
-0.49383569 -7.0723381 2.8606486
-0.46591854 -7.07234 2.8631706
-0.42141297 -7.0723429 2.8590643
-0.38037491 -7.0723453 2.8604846
-0.33862945 -7.0723472 2.8619199
-0.29204273 -7.072351 2.8577111
-0.26195478 -7.0723529 2.8603134
-0.21835586 -7.0723557 2.8617787
-0.16968584 -7.0723586 2.8574753
-3.5712426 -7.0225902 2.8602176
-3.5712395 -6.9804349 2.859833
-3.5712361 -6.9413619 2.8604555
-3.5712337 -6.9003024 2.859942
-3.5712297 -6.8576636 2.8598897
-3.5712283 -6.8190536 2.8603935
-3.5712268 -6.7785835 2.8597469
-3.5712225 -6.737236 2.8596539
-3.5712204 -6.6998043 2.8600323
-3.5712192 -6.6610165 2.8606455
-3.5712152 -6.6219792 2.8599453
-3.5712125 -6.5802803 2.8597157
-3.5712106 -6.5382481 2.8598766
-3.571207 -6.5015068 2.8600852
-3.5712051 -6.4632306 2.860311
-3.571203 -6.4226475 2.8596556
-3.5711994 -6.3827491 2.8598609
-3.571197 -6.3410797 2.8591447
-3.5711939 -6.2981944 2.8603339
-3.571192 -6.2609458 2.8598685
-3.5711899 -6.2238646 2.8604207
-3.5711863 -6.1774659 2.8596725
-3.5711839 -6.1377378 2.859714
-3.5711815 -6.0969148 2.859746
-3.5711782 -6.0544329 2.8613253
-3.5711758 -6.0201268 2.8601089
-3.5711739 -5.985764 2.8604915
-3.5711706 -5.9399042 2.8594856
-3.5711677 -5.8948064 2.8605919
-3.5711651 -5.8570008 2.8593063
-3.5711629 -5.8174529 2.8596354
-3.5711601 -5.7787986 2.8600318
-3.5711577 -5.7392726 2.8604469
-3.5711548 -5.6969409 2.8608105
-3.571152 -5.6545582 2.8594515
-3.5711493 -5.6101627 2.8598015
-3.5711472 -5.57796 2.8587844
-3.5711448 -5.5440826 2.8595307
-3.5711417 -5.4969234 2.8598926
-3.5711396 -5.4626932 2.8588448
-3.5711372 -5.4255614 2.8614447
-3.5711341 -5.376472 2.8599892
-3.5711315 -5.3400183 2.8589084
-3.5711288 -5.301621 2.8596926
-3.5711262 -5.2625532 2.8605068
-3.5711236 -5.2238431 2.8593969
-3.5711207 -5.1819811 2.8621693
-3.5711186 -5.1404238 2.8590183
-3.5711155 -5.0981112 2.8598456
-3.5688984 -7.0640607 2.8997748
-3.5393074 -7.072145 2.8997858
-3.5009944 -7.0721459 2.900008
-3.4611793 -7.0721498 2.900034
-3.4199312 -7.0721517 2.9003053
-3.3800979 -7.0721526 2.9000077
-3.3393126 -7.0721645 2.8997099
-3.3000042 -7.0721645 2.8997295
-3.2622416 -7.0721664 2.9001901
-3.2205546 -7.0721712 2.8999889
-3.1806204 -7.0721726 2.9002669
-3.1425843 -7.0721736 2.8999922
-3.1000731 -7.0721745 2.9000661
-3.0599804 -7.0721755 2.899884
-3.0222652 -7.0721774 2.8995271
-2.9798927 -7.0721827 2.9001153
-2.9398477 -7.0721874 2.8998988
-2.9032724 -7.0721884 2.9000301
-2.861546 -7.0721898 2.9001954
-2.8188744 -7.0721912 2.900389
-2.7789078 -7.0721936 2.9002256
-2.7419674 -7.0721993 2.899879
-2.6998835 -7.0722017 2.8995676
-2.6564908 -7.0722041 2.9000049
-2.6164484 -7.0722046 2.8996482
-2.5759687 -7.072207 2.9000471
-2.5399685 -7.0722108 2.9001114
-2.5027752 -7.0722141 2.8999767
-2.4593322 -7.072216 2.9003942
-2.4210677 -7.0722184 2.9007626
-2.3811786 -7.0722198 2.9003286
-2.3403831 -7.0722218 2.8998766
-2.2985523 -7.0722251 2.8994205
-2.2557478 -7.072228 2.8989468
-2.218194 -7.0722289 2.8998365
-2.1798344 -7.0722337 2.8995948
-2.1414242 -7.0722351 2.9005513
-2.1013942 -7.072237 2.8991277
-2.0588546 -7.0722413 2.9000111
-2.0169315 -7.0722427 2.8997581
-1.975917 -7.0722446 2.9007881
-1.9392956 -7.0722475 2.8989794
-1.9005533 -7.0722504 2.9007256
-1.8560033 -7.0722523 2.9005089
-1.818014 -7.0722551 2.8999434
-1.7777829 -7.072258 2.9004939
-1.737524 -7.0722604 2.9004979
-1.7054622 -7.0722628 2.8988707
-1.6629107 -7.0722656 2.8994257
-1.6203073 -7.072268 2.8994193
-1.5855633 -7.0722694 2.8996692
-1.5412811 -7.0722728 2.9010341
-1.4961221 -7.0722756 2.8982768
-1.4603053 -7.0722775 2.900722
-1.4217875 -7.0722809 2.8987942
-1.3847169 -7.0722828 2.9012864
-1.3448387 -7.0722847 2.8993299
-1.3064476 -7.0722876 2.9018712
-1.2651358 -7.0722895 2.8998852
-1.2242048 -7.0722923 2.9001703
-1.1825281 -7.0722961 2.9004605
-1.1400847 -7.072298 2.9007564
-1.0980659 -7.0723004 2.8989105
-1.0528131 -7.0723038 2.9013638
-1.0192633 -7.0723052 2.9004467
-0.98518229 -7.0723071 2.8995221
-0.93771923 -7.0723109 2.90203
-0.89195156 -7.0723133 2.9001265
-0.85608149 -7.0723162 2.899169
-0.81962335 -7.0723181 2.8982034
-0.78268433 -7.07232 2.9020374
-0.74653089 -7.0723224 2.898771
-0.69421792 -7.0723257 2.9014087
-0.65538788 -7.0723281 2.8954794
-0.61589575 -7.0723305 2.8994265
-0.57586074 -7.0723333 2.9034278
-0.53513288 -7.0723362 2.8973823
-0.49383569 -7.0723381 2.9014301
-0.46591854 -7.07234 2.9041667
-0.42344964 -7.0723429 2.897999
-0.38037491 -7.0723453 2.9021385
-0.33442333 -7.0723481 2.8982964
-0.29204273 -7.072351 2.9000442
-0.26195478 -7.0723529 2.9028778
-0.21396235 -7.0723557 2.898957
-0.16968584 -7.0723586 2.9007492
-3.5712426 -7.0229521 2.9004755
-3.5712399 -6.9804349 2.8999586
-3.5712359 -6.9405966 2.9001377
-3.5712335 -6.9002976 2.9000785
-3.5712299 -6.8579483 2.8997834
-3.5712283 -6.8191934 2.9003725
-3.5712266 -6.7791986 2.8997371
-3.5712221 -6.7367563 2.8997178
-3.5712204 -6.6998038 2.9000523
-3.5712187 -6.6617413 2.8999743
-3.5712152 -6.6214757 2.8994741
-3.5712128 -6.5810509 2.9002573
-3.5712104 -6.5382447 2.8997455
-3.5712073 -6.5009584 2.89961
-3.5712051 -6.4626446 2.9003818
-3.571203 -6.4238582 2.9002302
-3.5711997 -6.3827486 2.8991818
-3.5711973 -6.3410816 2.8999805
-3.5711942 -6.2981944 2.9008026
-3.5711918 -6.2615175 2.8993974
-3.5711899 -6.2238674 2.8999236
-3.5711865 -6.1774626 2.899775
-3.5711837 -6.1383572 2.9008482
-3.5711811 -6.096909 2.8998606
-3.5711784 -6.0550857 2.9004316
-3.5711758 -6.0207934 2.8996313
-3.5711741 -5.986445 2.9004214
-3.571171 -5.9418182 2.9004295
-3.5711677 -5.8948064 2.8999722
-3.5711648 -5.8570008 2.8991268
-3.5711629 -5.8183422 2.8982613
-3.5711601 -5.7787986 2.9007616
-3.5711575 -5.7383423 2.8998954
-3.5711548 -5.6978927 2.9007709
-3.571152 -5.6555328 2.8998847
-3.5711489 -5.6121593 2.8989775
-3.5711472 -5.5779605 2.898262
-3.5711448 -5.5451174 2.9011953
-3.571142 -5.4990444 2.9002764
-3.5711396 -5.4626927 2.8995514
-3.5711372 -5.4266624 2.9007061
-3.5711334 -5.3776011 2.8997517
-3.5711312 -5.3400178 2.8971043
-3.5711288 -5.3004475 2.9001727
-3.5711265 -5.2625532 2.8994536
-3.5711236 -5.2226229 2.9006557
-3.5711207 -5.1819811 2.901897
-3.5711181 -5.1404238 2.8991487
-3.5711155 -5.0981116 2.8963323
-3.5711129 -5.0548253 2.9016621
-3.2599385 -8.1402426 2.9499793
-3.2202005 -8.1401033 2.9499788
-3.1806262 -8.1401472 2.9499788
-3.1404305 -8.1404552 2.9499786
-3.1003366 -8.1403494 2.9499784
-3.0601912 -8.1404619 2.9499776
-3.0202568 -8.1398973 2.9499774
-2.9799702 -8.1400499 2.9499772
-3.3002007 -8.1004505 2.9499793
-3.2604079 -8.1000814 2.9499791
-3.2206621 -8.1001234 2.9499788
-3.1808257 -8.1005001 2.9499786
-3.1402998 -8.1003132 2.9499784
-3.1002157 -8.1000957 2.9499779
-3.0600035 -8.1003609 2.9499774
-3.0194786 -8.1001654 2.9499769
-2.9803336 -8.0998173 2.9499767
-2.9405901 -8.1003714 2.9499764
-2.8999965 -8.1010008 2.949976
-2.8600802 -8.0998535 2.9499757
-2.819998 -8.1002102 2.9499748
-2.7797754 -8.1004848 2.9499745
-3.3402421 -8.0606995 2.9499793
-3.3003628 -8.0606594 2.9499791
-3.260186 -8.0604382 2.9499788
-3.2208364 -8.0609493 2.9499784
-3.180603 -8.0603571 2.9499784
-3.1402385 -8.0607319 2.9499776
-3.1002767 -8.0603151 2.9499772
-3.0604155 -8.060523 2.9499769
-3.020489 -8.0606604 2.9499769
-2.9800575 -8.0602579 2.9499762
-2.9402487 -8.0605545 2.9499757
-2.9002509 -8.0607338 2.9499755
-2.8601539 -8.060092 2.9499748
-2.8203404 -8.0602684 2.9499745
-2.7807605 -8.0610065 2.9499743
-2.7409649 -8.0595903 2.9499743
-2.7003045 -8.0598783 2.9499743
-2.66043 -8.060564 2.9499743
-2.6199682 -8.060276 2.9499743
-2.58038 -8.0598803 2.9499741
-3.380245 -8.0209732 2.9499793
-3.3401337 -8.0204401 2.9499791
-3.300333 -8.0207729 2.9499788
-3.2601929 -8.0205145 2.9499786
-3.2204278 -8.0208769 2.9499784
-3.1802633 -8.0204868 2.9499781
-3.1402855 -8.0206871 2.9499774
-3.0999115 -8.0204248 2.9499772
-3.0602889 -8.0204687 2.9499767
-3.0201774 -8.0205421 2.9499764
-2.9801562 -8.0203466 2.949976
-2.9406869 -8.0204239 2.9499755
-2.9003313 -8.0205717 2.9499748
-2.8604531 -8.0196896 2.9499748
-2.8208699 -8.0209141 2.9499743
-2.7803557 -8.0205393 2.9499743
-2.7399411 -8.0200987 2.9499743
-2.7002244 -8.0198288 2.9499743
-2.6602602 -8.0203714 2.9499743
-2.6198595 -8.0202198 2.9499741
-2.5802586 -8.0205355 2.9499741
-2.5401528 -8.0189714 2.9499738
-2.5001605 -8.0202065 2.9499738
-2.4604921 -8.0205126 2.9499738
-2.4210515 -8.0199394 2.9499738
-2.3811364 -8.0195589 2.9499738
-3.4202697 -7.9802122 2.9499793
-3.3799276 -7.9805927 2.9499791
-3.3402622 -7.9799485 2.9499788
-3.3001215 -7.9804764 2.9499786
-3.2605083 -7.9799232 2.9499784
-3.2207906 -7.9805584 2.9499776
-3.180892 -7.9798808 2.9499774
-3.1402731 -7.9807181 2.9499772
-3.1001241 -7.9800177 2.9499767
-3.0600901 -7.98035 2.9499764
-3.0202038 -7.9805646 2.9499762
-2.9797373 -7.9795856 2.9499755
-2.9394937 -7.9803948 2.9499748
-2.9000947 -7.9803977 2.9499748
-2.8596141 -7.9798822 2.9499743
-2.8196919 -7.9804802 2.9499743
-2.7796168 -7.9799161 2.9499743
-2.7403893 -7.9808249 2.9499743
-2.7002087 -7.9793468 2.9499743
-2.6592908 -7.9811292 2.9499741
-2.6197479 -7.980094 2.9499741
-2.5800858 -7.9805784 2.9499741
-2.5402081 -7.9790945 2.9499738
-2.5005345 -7.9805117 2.9499738
-2.4607105 -7.9806228 2.9499738
-2.4214556 -7.9795861 2.9499738
-2.381355 -7.9802794 2.9499738
-2.3406034 -7.9809208 2.9499736
-2.3010874 -7.9791989 2.9499733
-2.2598603 -7.980433 2.9499731
-2.2201998 -7.9802423 2.9499731
-2.1805344 -7.980762 2.9499731
-2.1398883 -7.9796858 2.9499726
-3.4602721 -7.9401007 2.9499793
-3.420104 -7.9402509 2.9499791
-3.3800726 -7.9402022 2.9499788
-3.3403618 -7.940434 2.9499786
-3.3003912 -7.9401965 2.9499784
-3.259846 -7.9405146 2.9499776
-3.2200654 -7.9401617 2.9499772
-3.1800663 -7.9401045 2.9499772
-3.1400044 -7.9403124 2.9499767
-3.1007342 -7.9400868 2.9499764
-3.0604076 -7.9402723 2.9499762
-3.0194356 -7.9404807 2.9499755
-2.9799638 -7.9396582 2.9499748
-2.9407282 -7.9406261 2.9499745
-2.9006748 -7.9398346 2.9499743
-2.8606884 -7.9405394 2.9499743
-2.8196151 -7.9395485 2.9499743
-2.7801101 -7.9404454 2.9499743
-2.7400861 -7.9407372 2.9499741
-2.7007191 -7.9392982 2.9499741
-2.6611352 -7.9412851 2.9499741
-2.6202312 -7.939539 2.9499741
-2.5795887 -7.9404035 2.9499738
-2.5394406 -7.9395189 2.9499738
-2.4992282 -7.9399743 2.9499738
-2.459831 -7.9406934 2.9499738
-2.4205098 -7.93994 2.9499736
-2.381443 -7.941505 2.9499733
-2.3398352 -7.9397721 2.9499733
-2.2991052 -7.9382796 2.9499731
-2.2601709 -7.9406161 2.9499731
-2.2210932 -7.9405527 2.9499731
-2.1796513 -7.9392557 2.9499726
-2.1405969 -7.9418683 2.9499726
-2.0990312 -7.9387898 2.9499717
-2.0595195 -7.9418459 2.9499714
-2.0206585 -7.9413128 2.9499717
-1.9804062 -7.9393578 2.9499714
-1.9388131 -7.9389133 2.9499714
-3.5003772 -7.9004097 2.9499793
-3.4604487 -7.9001098 2.9499791
-3.4206324 -7.900167 2.9499788
-3.3805904 -7.9002261 2.9499786
-3.3401637 -7.9004426 2.9499784
-3.300343 -7.9003549 2.9499776
-3.2608812 -7.900444 2.9499774
-3.220505 -7.9000144 2.9499772
-3.1806059 -7.900229 2.9499767
-3.1405177 -7.9001017 2.9499764
-3.1001215 -7.9001269 2.9499757
-3.0603113 -7.9004254 2.9499753
-3.0205734 -7.9000726 2.949975
-2.9799457 -7.8999805 2.9499745
-2.9403138 -7.9008007 2.9499743
-2.9001522 -7.9000373 2.9499743
-2.8601303 -7.9002347 2.9499743
-2.8210499 -7.899858 2.9499743
-2.7810247 -7.9001751 2.9499743
-2.7405801 -7.8996983 2.9499741
-2.7002745 -7.9008269 2.9499741
-2.65959 -7.9005375 2.9499741
-2.6194472 -7.899344 2.9499738
-2.5797524 -7.899991 2.9499738
-2.5402458 -7.9001174 2.9499738
-2.5001643 -7.9007087 2.9499738
-2.4597692 -7.900641 2.9499738
-2.4212348 -7.9008765 2.9499733
-2.3804653 -7.9004636 2.9499733
-2.338527 -7.8991971 2.9499731
-2.2993417 -7.8998594 2.9499729
-2.2616525 -7.9003425 2.9499731
-2.2205143 -7.9002523 2.9499726
-2.18118 -7.8998375 2.9499726
-2.1410289 -7.9001822 2.9499714
-2.100668 -7.8995585 2.9499714
-2.0602555 -7.9020562 2.9499717
-2.0205798 -7.8995309 2.9499714
-1.9795605 -7.8985157 2.9499714
-1.9402711 -7.901227 2.9499707
-1.8983079 -7.8998213 2.9499707
-1.8569751 -7.9002213 2.949971
-1.8181809 -7.8999677 2.9499705
-1.780356 -7.899025 2.9499705
-1.7409152 -7.9025192 2.9499705
-1.7013195 -7.9008484 2.9499705
-3.5402739 -7.8603597 2.9499793
-3.5001135 -7.8600283 2.9499791
-3.4599895 -7.8601303 2.9499788
-3.4201028 -7.859673 2.9499786
-3.3805861 -7.8606839 2.9499784
-3.3407238 -7.8604493 2.9499776
-3.3006167 -7.8607821 2.9499774
-3.2601373 -7.8599963 2.9499772
-3.2203205 -7.8604064 2.9499767
-3.1804276 -7.8603029 2.9499764
-3.1402309 -7.8601942 2.9499757
-3.1000586 -7.8605447 2.9499755
-3.0597689 -7.8601642 2.949975
-3.0204484 -7.8602343 2.9499743
-2.9810994 -7.8601656 2.9499743
-2.9401636 -7.8607125 2.9499743
-2.8999763 -7.8595185 2.9499743
-2.8600037 -7.8601251 2.9499743
-2.8197474 -7.8603678 2.9499741
-2.7799118 -7.8599439 2.9499741
-2.7406273 -7.8603988 2.9499741
-2.6997898 -7.8595262 2.9499738
-2.6594357 -7.860395 2.9499738
-2.6204121 -7.8592458 2.9499738
-2.580297 -7.8599567 2.9499738
-2.540498 -7.8607216 2.9499738
-2.5007651 -7.8600001 2.9499738
-2.4610786 -7.8605914 2.9499733
-2.4209371 -7.8593707 2.9499731
-2.3786585 -7.8590536 2.9499731
-2.3393421 -7.8602028 2.9499729
-2.301091 -7.8599491 2.9499731
-2.2593346 -7.8587809 2.9499726
-2.2196269 -7.8617225 2.9499722
-2.1796439 -7.8606796 2.9499717
-2.1388743 -7.8595243 2.9499714
-2.1000993 -7.8612914 2.9499719
-2.0613811 -7.8610282 2.9499714
-2.0203087 -7.8581195 2.9499714
-1.9807752 -7.8620505 2.949971
-1.9412456 -7.8598976 2.949971
-1.9010314 -7.8599343 2.9499705
-1.8604618 -7.8610673 2.9499705
-1.8212625 -7.8603196 2.9499705
-1.7800022 -7.8615646 2.9499705
-1.7413816 -7.8611321 2.9499705
-1.7013384 -7.8615699 2.9499702
-1.6634334 -7.8618097 2.9499702
-1.6210291 -7.8579788 2.94997
-1.5793357 -7.8604727 2.94997
-1.539022 -7.8601246 2.94997
-1.5003047 -7.8629966 2.94997
-3.5801899 -7.8204079 2.9499793
-3.5403311 -7.8201218 2.9499791
-3.5001876 -7.8201241 2.9499788
-3.4600971 -7.8197603 2.9499786
-3.4204082 -7.8199706 2.9499781
-3.3803344 -7.8204222 2.9499779
-3.3403242 -7.8208766 2.9499774
-3.2999978 -7.8202829 2.9499772
-3.2594728 -7.8202486 2.9499767
-3.2199683 -7.8204827 2.949976
-3.1801345 -7.8205323 2.949976
-3.1399574 -7.8200355 2.9499755
-3.1000578 -7.8202209 2.949975
-3.0601568 -7.8198776 2.9499745
-3.0204251 -7.8204579 2.9499743
-2.9802661 -7.8205671 2.9499743
-2.9396598 -7.819757 2.9499743
-2.9000051 -7.8209391 2.9499743
-2.8599586 -7.8196125 2.9499741
-2.819762 -7.8201671 2.9499741
-2.7801311 -7.8199811 2.9499741
-2.7398183 -7.8203044 2.9499738
-2.7000377 -7.8194489 2.9499738
-2.6599555 -7.8200426 2.9499738
-2.6196392 -7.8197784 2.9499738
-2.5804734 -7.8198838 2.9499738
-2.5396662 -7.81988 2.9499738
-2.4997094 -7.8209176 2.9499736
-2.4595752 -7.8199501 2.9499733
-2.4201322 -7.8184924 2.9499731
-2.3832104 -7.8209147 2.9499729
-2.3416696 -7.8197207 2.9499731
-2.2997396 -7.8190908 2.9499726
-2.2614019 -7.8203068 2.9499717
-2.2198734 -7.8203235 2.9499714
-2.180604 -7.8218045 2.9499714
-2.141866 -7.8202205 2.9499717
-2.1015279 -7.8212271 2.9499714
-2.0603087 -7.8194232 2.9499714
-2.0220084 -7.8211727 2.949971
-1.9805931 -7.8203363 2.9499707
-1.9375305 -7.8203597 2.9499705
-1.8997489 -7.8191023 2.9499705
-1.8603535 -7.8215656 2.9499705
-1.82066 -7.820312 2.9499705
-1.781444 -7.821414 2.9499705
-1.7398002 -7.8193359 2.9499702
-1.7004427 -7.8213334 2.9499702
-1.6566616 -7.8192101 2.94997
-1.6190652 -7.8205342 2.94997
-1.5792195 -7.820837 2.94997
-1.5384266 -7.8200083 2.94997
-1.4992399 -7.8224955 2.9499698
-1.4589995 -7.8198256 2.9499693
-1.4152949 -7.8195453 2.9499691
-1.3783714 -7.8178434 2.9499688
-1.3399563 -7.8189988 2.9499691
-1.299839 -7.8200073 2.9499686
-1.2627369 -7.8236589 2.9499688
-3.6199429 -7.7805171 2.9499793
-3.580117 -7.7803788 2.9499791
-3.5401042 -7.7802825 2.9499788
-3.5000353 -7.780138 2.9499786
-3.4601753 -7.7801437 2.9499779
-3.4202805 -7.7804623 2.9499776
-3.3803601 -7.7798066 2.9499774
-3.3400488 -7.7804356 2.9499772
-3.3000414 -7.779727 2.9499767
-3.2606812 -7.7806959 2.949976
-3.2203603 -7.7802172 2.949976
-3.1801531 -7.7803941 2.9499753
-3.1399813 -7.7798371 2.949975
-3.099901 -7.780354 2.9499743
-3.060415 -7.7801609 2.9499743
-3.0204961 -7.780272 2.9499743
-2.9803874 -7.7801123 2.9499743
-2.9404621 -7.780365 2.9499743
-2.9005203 -7.7807584 2.9499741
-2.8601127 -7.7799006 2.9499741
-2.8203025 -7.7801547 2.9499738
-2.7797818 -7.7801366 2.9499738
-2.7392511 -7.7798891 2.9499738
-2.6998322 -7.7801833 2.9499738
-2.6601684 -7.7799964 2.9499738
-2.6195791 -7.7802162 2.9499738
-2.5804272 -7.7807007 2.9499736
-2.5416601 -7.7805581 2.9499736
-2.5002706 -7.7807231 2.9499733
-2.4603767 -7.7783976 2.9499731
-2.4231472 -7.781321 2.9499729
-2.3812904 -7.7805114 2.9499731
-2.3393469 -7.7794576 2.9499726
-2.3002703 -7.7801423 2.9499719
-2.2593002 -7.7795739 2.9499714
-2.2207024 -7.7817831 2.9499717
-2.1814761 -7.780952 2.9499717
-2.1397207 -7.7794909 2.9499714
-2.0979896 -7.7797651 2.9499707
-2.0598657 -7.7810969 2.949971
-2.0196402 -7.7795343 2.9499707
-1.9783043 -7.7779689 2.9499705
-1.9383866 -7.780798 2.9499705
-1.8994248 -7.7809815 2.9499705
-1.8602543 -7.7810593 2.9499705
-1.8204054 -7.7796421 2.9499702
-1.778558 -7.7809191 2.9499702
-1.7394298 -7.7785592 2.9499702
-1.6995686 -7.7801151 2.94997
-1.6605428 -7.7794137 2.94997
-1.6194146 -7.7804251 2.94997
-1.5815285 -7.7824731 2.9499698
-1.5427556 -7.7793546 2.9499698
-1.4981489 -7.7810135 2.9499693
-1.4574015 -7.777801 2.9499693
-1.4184234 -7.7781367 2.9499691
-1.3775179 -7.7795792 2.9499686
-1.3379517 -7.7788663 2.9499686
-1.3002049 -7.7800879 2.9499686
-1.2630595 -7.7847819 2.9499686
-1.2192148 -7.7787938 2.9499683
-1.1759633 -7.779367 2.9499683
-1.1379241 -7.7773409 2.9499683
-1.1063175 -7.7878237 2.9499681
-1.0612974 -7.7789087 2.9499681
-3.6603582 -7.7402163 2.9499793
-3.6203377 -7.7402444 2.9499791
-3.5801322 -7.7403808 2.9499788
-3.5404899 -7.7398405 2.9499786
-3.5004382 -7.7404385 2.9499779
-3.4605067 -7.7404213 2.9499776
-3.4203396 -7.7402954 2.9499774
-3.3802621 -7.7399964 2.9499769
-3.3404381 -7.7398081 2.9499767
-3.3006539 -7.7404332 2.949976
-3.2611189 -7.7402916 2.9499757
-3.2205858 -7.7401266 2.9499755
-3.1797943 -7.7403703 2.949975
-3.1403985 -7.7402039 2.9499743
-3.1001174 -7.7399287 2.9499743
-3.060143 -7.7409682 2.9499743
-3.0203912 -7.7397189 2.9499743
-2.9807799 -7.7406301 2.9499741
-2.9404626 -7.7398028 2.9499741
-2.9002059 -7.7404208 2.9499741
-2.8600736 -7.7403383 2.9499738
-2.820673 -7.7395997 2.9499738
-2.7804561 -7.7409153 2.9499738
-2.7413068 -7.7393928 2.9499738
-2.7010887 -7.7402043 2.9499738
-2.6599467 -7.7401958 2.9499738
-2.6208782 -7.7402682 2.9499738
-2.5804832 -7.7420697 2.9499736
-2.5397639 -7.7394366 2.9499733
-2.4997988 -7.7393141 2.9499731
-2.4598799 -7.7400079 2.9499731
-2.419817 -7.7408228 2.9499731
-2.3805702 -7.7385893 2.9499726
-2.3411541 -7.7412419 2.9499726
-2.2995505 -7.7396698 2.9499717
-2.2601142 -7.7393289 2.9499714
-2.221086 -7.7416825 2.9499717
-2.1799212 -7.7396374 2.9499712
-2.1384761 -7.7409692 2.9499712
-2.1011338 -7.7401848 2.949971
-2.0593841 -7.7401404 2.9499705
-2.019166 -7.7385406 2.9499707
-1.9793541 -7.7401829 2.9499705
-1.9392754 -7.740242 2.9499705
-1.9018379 -7.7407775 2.9499705
-1.8624512 -7.7411056 2.9499702
-1.8207604 -7.742775 2.9499702
-1.7805392 -7.7378039 2.9499702
-1.7411482 -7.7388935 2.94997
-1.7008457 -7.7400088 2.94997
-1.6595988 -7.7411499 2.94997
-1.62214 -7.7422104 2.9499698
-1.5814362 -7.7410083 2.9499698
-1.5397453 -7.7397757 2.9499693
-1.4995085 -7.7360573 2.9499691
-1.4591827 -7.7377281 2.9499691
-1.4180003 -7.7394457 2.9499686
-1.3790549 -7.7414737 2.9499686
-1.3415262 -7.7391219 2.9499686
-1.3047346 -7.7434659 2.9499686
-1.2587961 -7.739553 2.9499683
-1.2143142 -7.7328858 2.9499681
-1.1794266 -7.7414088 2.9499681
-1.1469612 -7.7475295 2.9499681
-1.0997475 -7.7407899 2.9499681
-1.0540155 -7.7311034 2.9499676
-1.020717 -7.7414904 2.9499676
-0.98441809 -7.7435379 2.9499674
-0.93575305 -7.7336149 2.9499674
-0.90570241 -7.7434602 2.9499671
-0.86535627 -7.7435641 2.9499667
-0.81353205 -7.7333531 2.9499669
-3.7003455 -7.7002106 2.9499793
-3.6600273 -7.7001023 2.9499791
-3.6196089 -7.700388 2.9499788
-3.5795004 -7.7003365 2.9499786
-3.540149 -7.6999798 2.9499779
-3.500737 -7.7005739 2.9499776
-3.4603543 -7.7005014 2.9499774
-3.4201312 -7.6998339 2.9499772
-3.3796179 -7.7004962 2.9499767
-3.3397424 -7.6996984 2.9499762
-3.3003533 -7.7004542 2.949976
-3.2594814 -7.7003613 2.9499755
-3.2194369 -7.7000399 2.9499748
-3.180115 -7.7002044 2.9499748
-3.1397564 -7.700202 2.9499743
-3.1005883 -7.700438 2.9499743
-3.0594578 -7.7005835 2.9499743
-3.0200391 -7.6992216 2.9499741
-2.9800677 -7.7005372 2.9499741
-2.9398389 -7.700026 2.9499741
-2.8995824 -7.6999283 2.9499738
-2.8608966 -7.7003279 2.9499738
-2.8205826 -7.6995053 2.9499738
-2.780355 -7.7006793 2.9499738
-2.7404234 -7.7000351 2.9499738
-2.6999145 -7.7014732 2.9499738
-2.6601527 -7.6995158 2.9499738
-2.6202431 -7.6995382 2.9499736
-2.5804467 -7.7012343 2.9499733
-2.540344 -7.6991191 2.9499731
-2.4998903 -7.7003412 2.9499731
-2.4593837 -7.7015967 2.9499731
-2.4174011 -7.6990905 2.9499726
-2.3792398 -7.6997066 2.9499726
-2.340291 -7.6992807 2.9499714
-2.3013544 -7.7002511 2.9499714
-2.2608736 -7.7009993 2.9499717
-2.2201211 -7.6997833 2.9499714
-2.179224 -7.700573 2.9499712
-2.1399312 -7.7008901 2.9499707
-2.0997708 -7.7000942 2.9499705
-2.0589106 -7.6980567 2.9499705
-2.0199544 -7.6999331 2.9499705
-1.9819695 -7.7009969 2.9499705
-1.9427297 -7.7002387 2.9499705
-1.9025131 -7.7013884 2.9499702
-1.8613141 -7.7025704 2.9499702
-1.8193353 -7.6997633 2.9499702
-1.7798659 -7.6999722 2.94997
-1.7384084 -7.6983643 2.94997
-1.6998069 -7.7007251 2.94997
-1.6604323 -7.6996307 2.9499698
-1.6201169 -7.7026596 2.9499695
-1.5813416 -7.6985373 2.9499693
-1.5391382 -7.6967688 2.9499691
-1.4992346 -7.6980214 2.9499691
-1.458483 -7.6993108 2.9499688
-1.4199405 -7.7009406 2.9499686
-1.3841705 -7.7048774 2.9499686
-1.3464102 -7.7021499 2.9499686
-1.2983773 -7.7003131 2.9499683
-1.2517459 -7.6957769 2.9499681
-1.2187811 -7.6971803 2.9499679
-1.1830326 -7.7028451 2.9499681
-1.138198 -7.7026706 2.9499681
-1.092996 -7.6924591 2.9499676
-1.0586064 -7.6982703 2.9499676
-1.023944 -7.7043524 2.9499674
-0.97583961 -7.6938734 2.9499671
-0.93962157 -7.6998596 2.9499669
-0.9031148 -7.706131 2.9499669
-0.85184193 -7.6953735 2.9499669
-0.83121359 -7.7158237 2.9499669
-0.78110683 -7.702086 2.9499664
-0.72645718 -7.6909428 2.9499664
-0.70824385 -7.7089996 2.9499664
-0.65472955 -7.6947374 2.9499662
-3.7404714 -7.6603317 2.9499793
-3.7002294 -7.6598773 2.9499791
-3.6602027 -7.6602263 2.9499788
-3.6201425 -7.6599278 2.9499786
-3.5805757 -7.659905 2.9499781
-3.5403621 -7.6596255 2.9499779
-3.4996943 -7.6600099 2.9499774
-3.4600246 -7.659976 2.9499772
-3.4197588 -7.6592555 2.9499769
-3.3801925 -7.660151 2.9499764
-3.3406818 -7.6594243 2.949976
-3.2999156 -7.6591458 2.9499755
-3.2602592 -7.6607733 2.9499748
-3.2203407 -7.6609502 2.9499743
-3.1804051 -7.6605053 2.9499743
-3.1407335 -7.6610718 2.9499743
-3.0999329 -7.6612549 2.9499743
-3.0607607 -7.6608944 2.9499743
-3.0208004 -7.6600723 2.9499741
-2.9799805 -7.6610646 2.9499741
-2.9396472 -7.6607971 2.9499738
-2.8999887 -7.6608748 2.9499738
-2.8592477 -7.6599598 2.9499738
-2.8195381 -7.6603742 2.9499738
-2.7801371 -7.6606641 2.9499738
-2.7402675 -7.6614666 2.9499738
-2.7000332 -7.6608939 2.9499738
-2.6606596 -7.6611223 2.9499733
-2.62096 -7.6599565 2.9499733
-2.5797663 -7.6600375 2.9499731
-2.5399017 -7.660675 2.9499731
-2.4999838 -7.6613474 2.9499731
-2.4592688 -7.6605692 2.9499726
-2.4204342 -7.6610131 2.9499726
-2.3787177 -7.65974 2.9499714
-2.3394878 -7.6601105 2.9499717
-2.3005006 -7.6617131 2.9499717
-2.2603214 -7.6599302 2.9499712
-2.2199714 -7.6601768 2.9499712
-2.1810775 -7.6624956 2.9499707
-2.1403222 -7.6598926 2.9499707
-2.0979548 -7.6583638 2.9499705
-2.0590081 -7.6597075 2.9499705
-2.0211122 -7.6603422 2.9499705
-1.9823122 -7.6609979 2.9499705
-1.9425752 -7.6616716 2.9499702
-1.8999417 -7.6605816 2.9499702
-1.8581903 -7.6608224 2.9499702
-1.819688 -7.6610312 2.94997
-1.7802947 -7.6612449 2.94997
-1.7417704 -7.6591229 2.94997
-1.7005126 -7.6593189 2.9499695
-1.6612151 -7.6619158 2.9499691
-1.6204915 -7.6597257 2.9499693
-1.578768 -7.6574798 2.9499691
-1.5392864 -7.6583142 2.9499688
-1.4989659 -7.6591773 2.9499686
-1.4608263 -7.6604066 2.9499686
-1.4219325 -7.6617041 2.9499686
-1.3828758 -7.665998 2.9499686
-1.3405974 -7.6584558 2.9499683
-1.2986857 -7.657702 2.9499683
-1.2601757 -7.6613545 2.9499681
-1.2282488 -7.6669421 2.9499679
-1.1821412 -7.6591063 2.9499681
-1.131977 -7.6538138 2.9499676
-1.0978599 -7.6593552 2.9499674
-1.0634696 -7.6651673 2.9499674
-1.015926 -7.6541338 2.9499671
-0.97999638 -7.659833 2.9499671
-0.94377822 -7.6658187 2.9499669
-0.89309901 -7.6544714 2.9499669
-0.86195296 -7.6642113 2.9499667
-0.8199842 -7.6635432 2.9499664
-0.76895475 -7.6488113 2.9499664
-0.74770594 -7.669878 2.9499664
-0.6947943 -7.6550179 2.9499662
-0.67322087 -7.6764054 2.9499662
-0.62146372 -7.6583142 2.9499662
-0.56489754 -7.6428046 2.9499657
-0.54582369 -7.6617141 2.9499657
-0.48714232 -7.6460109 2.9499655
-0.46776354 -7.6652226 2.9499655
-0.40685877 -7.6493211 2.9499652
-3.7802145 -7.6199784 2.9499791
-3.7402976 -7.6202416 2.9499791
-3.7004819 -7.6199551 2.9499788
-3.6604528 -7.6200809 2.9499784
-3.6208808 -7.6194625 2.9499779
-3.5804718 -7.6203918 2.9499776
-3.5401061 -7.6192036 2.9499772
-3.5003643 -7.6201382 2.9499769
-3.4600539 -7.6198993 2.9499767
-3.4204328 -7.6195111 2.9499762
-3.379941 -7.6201549 2.9499755
-3.3399811 -7.6189427 2.9499753
-3.3006022 -7.6195817 2.9499748
-3.2603707 -7.620677 2.9499743
-3.2203586 -7.6206651 2.9499745
-3.18028 -7.6209226 2.9499743
-3.1401424 -7.6213932 2.9499743
-3.1002569 -7.620676 2.9499741
-3.0600145 -7.6204214 2.9499741
-3.020406 -7.6202121 2.9499741
-2.9804761 -7.6213613 2.9499738
-2.9403052 -7.6209965 2.9499738
-2.9006019 -7.6201754 2.9499738
-2.8602338 -7.6200171 2.9499738
-2.8198507 -7.6212926 2.9499738
-2.7797973 -7.6209378 2.9499738
-2.740154 -7.6207409 2.9499733
-2.7010195 -7.6207194 2.9499733
-2.6606481 -7.6207018 2.9499731
-2.6191881 -7.620955 2.9499731
-2.5799124 -7.6210079 2.9499731
-2.5405838 -7.6210961 2.9499729
-2.5004926 -7.6197 2.9499726
-2.4614756 -7.6207132 2.9499717
-2.4189317 -7.6192646 2.9499712
-2.3786047 -7.6213303 2.9499717
-2.3401277 -7.6224279 2.9499717
-2.3005214 -7.6200767 2.9499712
-2.2591624 -7.6199818 2.9499712
-2.2208116 -7.6215377 2.949971
-2.180716 -7.6198535 2.9499707
-2.1395175 -7.6181445 2.9499705
-2.0995595 -7.6210141 2.9499705
-2.0602257 -7.6215668 2.9499705
-2.0218947 -7.6217561 2.9499705
-1.9826374 -7.6219544 2.9499702
-1.9405408 -7.6203313 2.9499702
-1.8992999 -7.6200662 2.94997
-1.859216 -7.6183996 2.94997
-1.8179603 -7.6194973 2.94997
-1.7780325 -7.6192265 2.94997
-1.7415867 -7.6237936 2.9499698
-1.7023133 -7.621172 2.9499693
-1.6596409 -7.6209126 2.9499693
-1.6183981 -7.6181922 2.9499688
-1.5793381 -7.618608 2.9499686
-1.5394484 -7.6190438 2.9499686
-1.498703 -7.6195002 2.9499686
-1.4603249 -7.621347 2.9499683
-1.4245511 -7.6246815 2.9499683
-1.3801787 -7.6192164 2.9499683
-1.3346306 -7.6136069 2.9499681
-1.3005505 -7.6213284 2.9499679
-1.2688929 -7.6266494 2.9499679
-1.2205914 -7.6209869 2.9499681
-1.1737418 -7.6124086 2.9499676
-1.1470841 -7.6246958 2.9499674
-1.1058191 -7.6231828 2.9499674
-1.0560126 -7.6143923 2.9499671
-1.0203712 -7.6198058 2.9499671
-0.9844414 -7.625505 2.9499669
-0.93435574 -7.6135702 2.9499669
-0.90341371 -7.6231079 2.9499667
-0.86185235 -7.622036 2.9499664
-0.81145239 -7.6066799 2.9499664
-0.79020357 -7.6277456 2.9499664
-0.73794067 -7.6122437 2.9499662
-0.7163676 -7.6336308 2.9499662
-0.65901977 -7.6210823 2.9499662
-0.60304499 -7.6049862 2.9499655
-0.58397096 -7.6238952 2.9499657
-0.52590001 -7.6075869 2.9499655
-0.50652111 -7.6267991 2.9499655
-0.44952893 -7.6070185 2.949965
-0.42983508 -7.626543 2.949965
-0.3672967 -7.6097393 2.9499648
-0.34727684 -7.6295867 2.9499648
-0.28908491 -7.6058245 2.9499645
-3.820709 -7.5805631 2.9499793
-3.7805276 -7.5801334 2.9499791
-3.740365 -7.5804162 2.9499788
-3.7000692 -7.5803065 2.9499781
-3.6602015 -7.5800476 2.9499779
-3.6205988 -7.5799208 2.9499774
-3.5810652 -7.5805459 2.9499774
-3.5405416 -7.5801492 2.9499769
-3.5003397 -7.5804257 2.9499767
-3.4606438 -7.5803175 2.949976
-3.4197857 -7.5801859 2.949976
-3.379817 -7.5803361 2.9499755
-3.3404355 -7.5800915 2.9499748
-3.3001165 -7.5796347 2.9499745
-3.2603462 -7.5804443 2.9499743
-3.2199154 -7.5801048 2.9499743
-3.1791823 -7.5803437 2.9499743
-3.1394923 -7.5801992 2.9499741
-3.1001065 -7.5809617 2.9499741
-3.0606759 -7.5794582 2.9499741
-3.0203574 -7.5802488 2.9499738
-2.9805312 -7.5800014 2.9499738
-2.9400742 -7.5807962 2.9499738
-2.8993657 -7.5797601 2.9499738
-2.8599801 -7.5793791 2.9499738
-2.8201725 -7.5809112 2.9499738
-2.7794466 -7.579865 2.9499738
-2.739522 -7.5809722 2.9499733
-2.7001059 -7.5803642 2.9499733
-2.6591833 -7.5788102 2.9499731
-2.6199234 -7.5813422 2.9499731
-2.5800693 -7.580801 2.9499729
-2.5383747 -7.578999 2.9499729
-2.4994028 -7.5805798 2.9499714
-2.4597499 -7.5794067 2.9499714
-2.4202042 -7.5787754 2.9499714
-2.3783498 -7.581707 2.9499717
-2.3393385 -7.581449 2.9499714
-2.2999282 -7.5795665 2.9499714
-2.2620795 -7.580626 2.949971
-2.220453 -7.580452 2.9499707
-2.1785874 -7.5784259 2.9499705
-2.1406152 -7.5788031 2.9499705
-2.1017826 -7.5809326 2.9499705
-2.0614769 -7.5825148 2.9499705
-2.0226996 -7.5822372 2.9499702
-1.9811403 -7.5800824 2.9499702
-1.9384609 -7.577877 2.94997
-1.9000047 -7.5808678 2.94997
-1.8615344 -7.5801535 2.94997
-1.822163 -7.579423 2.94997
-1.7818581 -7.5786748 2.9499698
-1.7387515 -7.580318 2.9499693
-1.6987903 -7.5821004 2.9499693
-1.6580279 -7.5789037 2.9499688
-1.6193901 -7.5789018 2.9499686
-1.579931 -7.5789099 2.9499686
-1.5396254 -7.5789299 2.9499686
-1.5016464 -7.5803814 2.9499683
-1.4662262 -7.5833659 2.9499683
-1.41976 -7.5799761 2.9499683
-1.3747362 -7.5738459 2.9499681
-1.3395102 -7.5774908 2.9499679
-1.3025247 -7.5843825 2.9499681
-1.2590419 -7.5828676 2.9499679
-1.2127228 -7.5737638 2.9499676
-1.1862011 -7.585916 2.9499676
-1.1453446 -7.5839977 2.9499674
-1.0960991 -7.5746512 2.9499671
-1.0607462 -7.5797791 2.9499671
-1.0251048 -7.5851927 2.9499669
-0.97561246 -7.572669 2.9499669
-0.95498419 -7.5931201 2.9499669
-0.90372056 -7.5805283 2.9499664
-0.84787899 -7.5705676 2.9499664
-0.82966584 -7.5886245 2.9499664
-0.77492326 -7.5755796 2.9499662
-0.75643182 -7.5939112 2.9499662
-0.69970524 -7.5807467 2.9499662
-0.64437127 -7.5640154 2.9499655
-0.62211865 -7.5860763 2.9499655
-0.56465793 -7.5691633 2.9499655
-0.54527873 -7.5883751 2.9499655
-0.48891664 -7.5679703 2.949965
-0.46922284 -7.5874939 2.949965
-0.40733561 -7.5700455 2.9499648
-0.38731623 -7.5898919 2.9499648
-0.32979727 -7.5654631 2.9499645
-0.30944109 -7.5856438 2.9499645
-0.24615741 -7.564146 2.9499643
-3.8602498 -7.5401225 2.9499793
-3.8202083 -7.5404987 2.9499791
-3.7802548 -7.5401087 2.9499788
-3.7402487 -7.5404682 2.9499781
-3.7002385 -7.5403504 2.9499779
-3.6601424 -7.5401764 2.9499776
-3.6203701 -7.5401955 2.9499772
-3.5801454 -7.5401397 2.9499772
-3.5400815 -7.5403605 2.9499767
-3.5005269 -7.5403981 2.949976
-3.4601631 -7.540154 2.949976
-3.420521 -7.5398393 2.9499753
-3.3806639 -7.5402894 2.9499753
-3.3401763 -7.540359 2.9499743
-3.3009367 -7.5402637 2.9499743
-3.2600422 -7.5401011 2.9499743
-3.2199366 -7.5399065 2.9499743
-3.1805174 -7.5401263 2.9499741
-3.1410503 -7.5404329 2.9499741
-3.1007864 -7.5405245 2.9499741
-3.059886 -7.5398593 2.9499738
-3.0205114 -7.5408649 2.9499738
-2.980186 -7.5389771 2.9499738
-2.9399981 -7.5409327 2.9499738
-2.9005473 -7.5404701 2.9499738
-2.8600719 -7.5400376 2.9499738
-2.8210196 -7.5400357 2.9499738
-2.7812178 -7.5396361 2.9499733
-2.7418036 -7.5412669 2.9499731
-2.7006526 -7.5388451 2.9499731
-2.6605315 -7.5403819 2.9499729
-2.6206865 -7.5405335 2.9499729
-2.5792277 -7.5404377 2.9499726
-2.5412352 -7.5391068 2.9499719
-2.500576 -7.5400867 2.9499714
-2.4607508 -7.5398917 2.9499717
-2.4202642 -7.5396199 2.9499714
-2.3795407 -7.5415931 2.9499714
-2.3406942 -7.5391521 2.9499714
-2.3005872 -7.5424495 2.949971
-2.2593024 -7.5395398 2.9499707
-2.2204282 -7.5398998 2.9499705
-2.1811273 -7.5401487 2.9499705
-2.1408384 -7.5404148 2.9499705
-2.1016264 -7.539247 2.9499702
-2.0627618 -7.542521 2.9499702
-2.02174 -7.5398326 2.9499702
-1.981006 -7.5390649 2.94997
-1.9392027 -7.5382419 2.94997
-1.8975122 -7.5406308 2.94997
-1.8599946 -7.5419173 2.94997
-1.8201383 -7.5407238 2.9499695
-1.7820921 -7.5420804 2.9499691
-1.7428335 -7.5384369 2.9499693
-1.6976578 -7.5396156 2.9499688
-1.6594418 -7.5391946 2.9499686
-1.6204137 -7.5387759 2.9499686
-1.580548 -7.5383601 2.9499686
-1.5412312 -7.5411377 2.9499683
-1.5052968 -7.544632 2.9499683
-1.459341 -7.5407357 2.9499683
-1.4148418 -7.5340862 2.9499681
-1.3772436 -7.5400834 2.9499679
-1.3474706 -7.548748 2.9499679
-1.3029851 -7.5393033 2.9499679
-1.2544878 -7.5323586 2.9499676
-1.2253182 -7.5471363 2.9499676
-1.1848706 -7.5448132 2.9499674
-1.1361854 -7.5349107 2.9499671
-1.1011209 -7.539752 2.9499669
-1.0657681 -7.5448799 2.9499669
-1.0168695 -7.5317678 2.9499667
-0.9843412 -7.5428777 2.9499664
-0.9396072 -7.5449505 2.9499664
-0.89037657 -7.5284362 2.9499664
-0.86912775 -7.5495014 2.9499664
-0.81806993 -7.532805 2.949966
-0.79649687 -7.5541925 2.949966
-0.74039096 -7.5404115 2.9499662
-0.68569756 -7.5230455 2.9499655
-0.66662389 -7.541955 2.9499655
-0.60664582 -7.5275369 2.9499652
-0.58403713 -7.5499516 2.9499652
-0.52830493 -7.5289216 2.949965
-0.50861067 -7.5484457 2.949965
-0.44737449 -7.5303512 2.9499648
-0.42735505 -7.550199 2.9499648
-0.3671163 -7.5284657 2.9499645
-0.3467606 -7.5486465 2.9499645
-0.28411484 -7.526516 2.949964
-0.26686156 -7.5436201 2.949964
-3.9004436 -7.500298 2.9499793
-3.8605337 -7.500001 2.9499791
-3.8203068 -7.5006514 2.9499788
-3.7802665 -7.5001206 2.9499781
-3.740252 -7.5002899 2.9499779
-3.7002065 -7.5005732 2.9499776
-3.6605372 -7.5002303 2.9499772
-3.6208026 -7.5002818 2.9499772
-3.5804543 -7.4999633 2.9499767
-3.5403113 -7.5001664 2.949976
-3.5001972 -7.5000401 2.949976
-3.4601774 -7.5003633 2.9499753
-3.4202874 -7.4999647 2.9499748
-3.3803625 -7.5002103 2.9499743
-3.3401916 -7.5003405 2.9499743
-3.2995439 -7.5004592 2.9499743
-3.2601912 -7.4999986 2.9499743
-3.2193959 -7.4999781 2.9499741
-3.1796153 -7.5002041 2.9499741
-3.1394415 -7.5001149 2.9499741
-3.0994601 -7.5006304 2.9499738
-3.0597975 -7.4999061 2.9499738
-3.0202346 -7.4999685 2.9499738
-2.9811277 -7.4997978 2.9499738
-2.9410589 -7.5007386 2.9499738
-2.899621 -7.4996018 2.9499738
-2.8607953 -7.5007253 2.9499736
-2.8209033 -7.500608 2.9499733
-2.7812791 -7.4998908 2.9499731
-2.7400947 -7.4997435 2.9499731
-2.6994216 -7.4998608 2.9499731
-2.6602557 -7.5010858 2.9499729
-2.6193228 -7.4989085 2.9499726
-2.5805023 -7.5023241 2.9499714
-2.5395501 -7.4983816 2.9499714
-2.5001433 -7.5008383 2.9499717
-2.4613616 -7.4994111 2.9499717
-2.4189768 -7.5006876 2.9499712
-2.3798907 -7.4991417 2.949971
-2.3402438 -7.4999533 2.9499707
-2.2999468 -7.5016432 2.9499705
-2.2592196 -7.4984889 2.9499705
-2.2200749 -7.5000286 2.9499705
-2.1799676 -7.5016232 2.9499705
-2.1412516 -7.4999628 2.9499705
-2.0994852 -7.4989524 2.9499702
-2.0600753 -7.5018206 2.9499702
-2.0198359 -7.5000429 2.94997
-1.9794586 -7.4991937 2.94997
-1.9409961 -7.5013771 2.94997
-1.9000653 -7.4982462 2.94997
-1.8584183 -7.5027738 2.9499695
-1.8207728 -7.5037332 2.9499691
-1.7819831 -7.4996243 2.9499693
-1.7397645 -7.4978709 2.9499688
-1.6994938 -7.4994879 2.9499686
-1.6608963 -7.4986429 2.9499686
-1.6217967 -7.5008235 2.9499686
-1.5825524 -7.5001731 2.9499683
-1.5408911 -7.5022788 2.9499683
-1.4989222 -7.5014958 2.9499683
-1.4549471 -7.4943266 2.9499681
-1.4203672 -7.4973311 2.9499679
-1.3881146 -7.5084548 2.9499679
-1.3414353 -7.501184 2.9499679
-1.2934682 -7.4937143 2.9499676
-1.2604802 -7.498136 2.9499676
-1.2243966 -7.5056272 2.9499674
-1.1762722 -7.4951692 2.9499671
-1.1414959 -7.4997253 2.9499669
-1.1064312 -7.5045671 2.9499669
-1.0522325 -7.4967093 2.9499667
-1.0184803 -7.4984641 2.9499664
-0.98147541 -7.5034442 2.9499664
-0.92983878 -7.4893141 2.9499664
-0.90858984 -7.5103798 2.9499664
-0.85505259 -7.496141 2.949966
-0.8365612 -7.514473 2.949966
-0.78107721 -7.5000768 2.949966
-0.72384524 -7.4852266 2.9499655
-0.70477122 -7.5041361 2.9499655
-0.64863324 -7.4859118 2.9499652
-0.62925446 -7.5051236 2.9499652
-0.57097524 -7.4866195 2.9499652
-0.54799891 -7.5093975 2.949965
-0.48741364 -7.4906573 2.9499648
-0.46739396 -7.5105042 2.9499648
-0.407828 -7.4881043 2.9499645
-0.38747215 -7.5082855 2.9499645
-0.32552242 -7.485465 2.949964
-0.30481863 -7.5059905 2.949964
-0.24035406 -7.4827332 2.9499638
-0.21928978 -7.5036154 2.9499638
-3.9404573 -7.460238 2.9499793
-3.9003906 -7.4604769 2.9499791
-3.8602016 -7.4602389 2.9499788
-3.8199542 -7.4606781 2.9499781
-3.7799816 -7.460515 2.9499779
-3.7403142 -7.4603386 2.9499776
-3.7003846 -7.4603281 2.9499774
-3.6602142 -7.4602733 2.9499772
-3.6200817 -7.4601674 2.9499764
-3.5800884 -7.4599342 2.949976
-3.5399718 -7.4603829 2.9499757
-3.4998045 -7.4598517 2.9499753
-3.4601402 -7.4604545 2.9499748
-3.4205818 -7.4599156 2.9499745
-3.3802867 -7.4602661 2.9499743
-3.3398356 -7.4601579 2.9499743
-3.3004463 -7.4600887 2.9499743
-3.2608562 -7.4598808 2.9499741
-3.2208934 -7.4599485 2.9499741
-3.1797154 -7.4596696 2.9499741
-3.140327 -7.4601111 2.9499738
-3.1000299 -7.4595823 2.9499738
-3.0602841 -7.4595704 2.9499738
-3.0202861 -7.4598823 2.9499738
-2.9800308 -7.4597378 2.9499738
-2.940038 -7.4595332 2.9499738
-2.9005587 -7.460762 2.9499733
-2.8599708 -7.4608388 2.9499733
-2.8201003 -7.4614038 2.9499731
-2.7794883 -7.4595962 2.9499731
-2.7394724 -7.4601541 2.9499729
-2.7008457 -7.46205 2.9499726
-2.6600106 -7.4600782 2.9499722
-2.6210964 -7.4599328 2.9499717
-2.5793936 -7.4603534 2.9499714
-2.5400593 -7.4606571 2.9499717
-2.5010281 -7.4600863 2.9499717
-2.4592032 -7.4608073 2.9499712
-2.4186234 -7.4607434 2.949971
-2.3815589 -7.4603252 2.949971
-2.3402374 -7.459434 2.9499707
-2.2974143 -7.4606233 2.9499705
-2.2590494 -7.4598813 2.9499705
-2.2207537 -7.4601612 2.9499705
-2.1825964 -7.461494 2.9499705
-2.1396363 -7.4591475 2.9499702
-2.1006749 -7.4615698 2.9499702
-2.0573418 -7.4600205 2.94997
-2.0201435 -7.4617643 2.94997
-1.9806943 -7.4581661 2.94997
-1.940387 -7.4622173 2.94997
-1.9014835 -7.4600792 2.9499698
-1.8618709 -7.4629898 2.9499693
-1.8211329 -7.4608126 2.9499693
-1.7793945 -7.4585829 2.9499688
-1.7366191 -7.4562974 2.9499686
-1.6987157 -7.4595127 2.9499686
-1.6560178 -7.4590664 2.9499686
-1.6204449 -7.4626064 2.9499683
-1.5860428 -7.464582 2.9499683
-1.5411423 -7.4596395 2.9499683
-1.4950527 -7.454567 2.9499681
-1.4581006 -7.4599228 2.9499679
-1.4233782 -7.4627852 2.9499679
-1.3798856 -7.4630651 2.9499679
-1.3324488 -7.4550695 2.9499674
-1.2997336 -7.4592209 2.9499674
-1.2667453 -7.4636431 2.9499674
-1.2163585 -7.4554281 2.9499671
-1.1818707 -7.4596982 2.9499669
-1.1470946 -7.4642539 2.9499669
-1.0934894 -7.4558082 2.9499667
-1.0633329 -7.4645667 2.9499664
-1.0233434 -7.4619365 2.9499664
-0.96930081 -7.450192 2.9499662
-0.95108771 -7.4682484 2.9499662
-0.89819896 -7.4533663 2.949966
-0.87662554 -7.4747534 2.949966
-0.82176274 -7.4597416 2.9499657
-0.76517153 -7.4442563 2.9499655
-0.74291897 -7.4663177 2.9499655
-0.68739104 -7.4474878 2.9499652
-0.66801208 -7.4667006 2.9499652
-0.61036301 -7.4475703 2.9499652
-0.5906691 -7.4670944 2.9499652
-0.52745253 -7.4509635 2.9499648
-0.50743312 -7.4708104 2.9499648
-0.44854054 -7.4477439 2.9499645
-0.42818394 -7.4679241 2.9499645
-0.36347961 -7.447835 2.949964
-0.3427757 -7.4683599 2.949964
-0.28248167 -7.4409685 2.9499638
-0.26141787 -7.4618506 2.9499638
-3.9803371 -7.4199424 2.9499793
-3.939724 -7.4205179 2.9499791
-3.9000993 -7.4203639 2.9499788
-3.8604066 -7.4205747 2.9499781
-3.8206038 -7.4204884 2.9499779
-3.7801657 -7.4202161 2.9499776
-3.7399471 -7.4205437 2.9499774
-3.7002809 -7.420692 2.9499769
-3.6599984 -7.420073 2.9499769
-3.6198382 -7.4200134 2.949976
-3.5804119 -7.4205117 2.9499757
-3.5401325 -7.4199739 2.9499755
-3.4999998 -7.4201317 2.9499748
-3.4601882 -7.4200678 2.9499745
-3.4202123 -7.4200025 2.9499743
-3.380343 -7.4202151 2.9499743
-3.3406165 -7.4202666 2.9499741
-3.2996073 -7.4200306 2.9499741
-3.2598403 -7.4200487 2.9499741
-3.2196205 -7.4201069 2.9499738
-3.179857 -7.4203572 2.9499738
-3.1399484 -7.4191756 2.9499738
-3.1000001 -7.4195123 2.9499738
-3.0597034 -7.4203606 2.9499738
-3.0200882 -7.419497 2.9499738
-2.980294 -7.4199662 2.9499738
-2.9407015 -7.4195194 2.9499733
-2.9010742 -7.4204235 2.9499731
-2.8605614 -7.4214029 2.9499731
-2.8198853 -7.4194918 2.9499731
-2.7801216 -7.4193726 2.9499729
-2.7402568 -7.4217725 2.9499729
-2.6990745 -7.4196854 2.9499726
-2.6593757 -7.4219837 2.9499714
-2.6200264 -7.4202943 2.9499714
-2.580658 -7.4197035 2.9499714
-2.540694 -7.4207616 2.9499717
-2.4994309 -7.420927 2.949971
-2.4594052 -7.4203129 2.949971
-2.419791 -7.4205923 2.9499707
-2.378386 -7.4212737 2.9499705
-2.3398523 -7.4185505 2.9499705
-2.3013327 -7.420979 2.9499705
-2.2625732 -7.4197292 2.9499705
-2.2221906 -7.4222412 2.9499705
-2.1797872 -7.419343 2.9499702
-2.1412747 -7.4213204 2.9499702
-2.0984929 -7.4192247 2.94997
-2.0594759 -7.4190044 2.94997
-2.020458 -7.4225998 2.94997
-1.9805499 -7.4184546 2.9499698
-1.9397635 -7.4221296 2.9499695
-1.9003861 -7.4194856 2.9499693
-1.8602822 -7.4220004 2.9499693
-1.8190243 -7.4192944 2.9499688
-1.7767415 -7.4165215 2.9499686
-1.7392163 -7.4193611 2.9499686
-1.6969895 -7.4184475 2.9499686
-1.6587626 -7.4200282 2.9499683
-1.6251129 -7.4258485 2.9499683
-1.5807235 -7.4203997 2.9499683
-1.535158 -7.4148073 2.9499679
-1.497727 -7.4171624 2.9499681
-1.4614156 -7.4250746 2.9499679
-1.4210825 -7.422224 2.9499676
-1.3714292 -7.4164248 2.9499674
-1.3389868 -7.4203057 2.9499674
-1.3062717 -7.4244576 2.9499674
-1.2564452 -7.4156876 2.9499671
-1.2222455 -7.4196711 2.9499669
-1.1877577 -7.4239411 2.9499669
-1.1347463 -7.414907 2.9499667
-1.1028001 -7.4254398 2.9499664
-1.0622207 -7.4233932 2.9499664
-1.0117984 -7.4080606 2.9499662
-0.99054956 -7.4291258 2.9499662
-0.93518174 -7.4167023 2.949966
-0.89895844 -7.4179125 2.949966
-0.85931873 -7.4225097 2.9499657
-0.80331886 -7.4064379 2.9499655
-0.78424519 -7.4253473 2.9499655
-0.72614872 -7.4090638 2.9499652
-0.70676976 -7.4282761 2.9499652
-0.64975119 -7.4085217 2.9499652
-0.63005686 -7.4280457 2.9499652
-0.56749135 -7.4112687 2.9499648
-0.54747194 -7.4311166 2.9499648
-0.48925218 -7.407383 2.9499645
-0.46889639 -7.4275632 2.9499645
-0.40488768 -7.4067841 2.949964
-0.38418365 -7.427309 2.949964
-0.30354556 -7.4200859 2.9499638
-4.0204139 -7.3802414 2.9499793
-3.9805408 -7.3800516 2.9499791
-3.9404557 -7.380352 2.9499786
-3.9002409 -7.3805022 2.9499781
-3.8599999 -7.3801284 2.9499779
-3.8200293 -7.3801866 2.9499776
-3.7803886 -7.3801999 2.9499774
-3.7403114 -7.3806863 2.9499769
-3.699928 -7.3803163 2.9499769
-3.6604037 -7.3800874 2.949976
-3.6207156 -7.3801332 2.949976
-3.5803564 -7.3799934 2.9499753
-3.5402691 -7.3804746 2.9499748
-3.5000691 -7.3802314 2.9499745
-3.4596431 -7.3794546 2.9499743
-3.4199817 -7.380918 2.9499743
-3.3803248 -7.3805399 2.9499743
-3.3397067 -7.3798547 2.9499741
-3.3002181 -7.3805127 2.9499741
-3.2597651 -7.3806748 2.9499738
-3.2194402 -7.3799715 2.9499738
-3.1796741 -7.3797922 2.9499738
-3.1403952 -7.3808432 2.9499738
-3.1004748 -7.37919 2.9499738
-3.0606439 -7.3805943 2.9499738
-3.0207055 -7.3799043 2.9499738
-2.9799857 -7.3801045 2.9499733
-2.9404004 -7.3811026 2.9499731
-2.8999438 -7.3800111 2.9499731
-2.859345 -7.3803701 2.9499731
-2.819207 -7.3784866 2.9499729
-2.7802894 -7.3804145 2.9499726
-2.7393763 -7.3798885 2.9499726
-2.7012079 -7.3805118 2.9499714
-2.6604388 -7.3800068 2.9499714
-2.6200509 -7.3806515 2.9499714
-2.5802824 -7.3799639 2.9499714
-2.5396581 -7.3810458 2.949971
-2.5001869 -7.3798823 2.949971
-2.4600489 -7.3811808 2.9499707
-2.4187365 -7.3790326 2.9499705
-2.3780465 -7.3806858 2.9499705
-2.3406963 -7.3789372 2.9499705
-2.3017023 -7.3809371 2.9499705
-2.2610004 -7.3812461 2.9499702
-2.2199378 -7.3795371 2.9499702
-2.1818738 -7.3810716 2.9499702
-2.1408758 -7.3805718 2.94997
-2.101109 -7.3777294 2.94997
-2.0602465 -7.3792996 2.94997
-2.0207796 -7.3825173 2.94997
-1.9822243 -7.3800344 2.9499698
-1.9391253 -7.3810797 2.9499693
-1.9018785 -7.3807626 2.9499691
-1.8586539 -7.3800058 2.9499688
-1.8168634 -7.3767447 2.9499686
-1.7797167 -7.3792095 2.9499686
-1.7379616 -7.3778286 2.9499686
-1.701351 -7.3823967 2.9499683
-1.6625594 -7.3804817 2.9499683
-1.6203048 -7.3811593 2.9499681
-1.5752635 -7.3750463 2.9499681
-1.5389575 -7.3797622 2.9499679
-1.510046 -7.3875732 2.9499679
-1.4622794 -7.3813815 2.9499679
-1.4159789 -7.3722587 2.9499674
-1.3824465 -7.3828764 2.9499674
-1.3457973 -7.385273 2.9499674
-1.2965316 -7.375946 2.9499669
-1.2581042 -7.3781371 2.9499669
-1.2255164 -7.3865075 2.9499669
-1.1760032 -7.3740058 2.9499667
-1.1442605 -7.3843369 2.9499664
-1.1010982 -7.384851 2.9499664
-1.0482253 -7.3719482 2.9499662
-1.0300117 -7.3900046 2.9499662
-0.97832793 -7.3739281 2.949966
-0.9567548 -7.3953152 2.949966
-0.90313411 -7.3790717 2.9499657
-0.8446455 -7.3654675 2.9499655
-0.82557166 -7.3843765 2.9499655
-0.76813608 -7.3674378 2.9499652
-0.74552745 -7.389852 2.9499652
-0.68913913 -7.369473 2.9499652
-0.66944504 -7.3889976 2.9499652
-0.60753065 -7.3715758 2.9499645
-0.58751082 -7.3914223 2.9499648
-0.52996397 -7.3670216 2.9499645
-0.50960821 -7.3872018 2.9499645
-0.4462955 -7.3657331 2.949964
-0.42559147 -7.3862581 2.949964
-0.34216294 -7.3818016 2.9499638
-4.0601993 -7.3400674 2.9499793
-4.0201063 -7.3404517 2.9499791
-3.9801533 -7.3404417 2.9499788
-3.9405019 -7.3400993 2.9499781
-3.9002788 -7.3405924 2.9499781
-3.8602531 -7.3399286 2.9499776
-3.8204277 -7.3402324 2.9499774
-3.7801914 -7.3399229 2.9499772
-3.7403789 -7.3409052 2.9499764
-3.7004752 -7.3400044 2.949976
-3.6599426 -7.3401484 2.9499757
-3.6200788 -7.3406124 2.9499753
-3.5797701 -7.3398805 2.949975
-3.5398066 -7.3403244 2.9499743
-3.500387 -7.3403711 2.9499743
-3.4602649 -7.3398795 2.9499743
-3.4205868 -7.3406258 2.9499741
-3.3797295 -7.3397427 2.9499741
-3.3399565 -7.3402753 2.9499741
-3.3001246 -7.3397713 2.9499738
-3.2603467 -7.3405714 2.9499738
-3.219275 -7.3405337 2.9499738
-3.1798196 -7.3393087 2.9499738
-3.1403284 -7.3408737 2.9499738
-3.0998957 -7.3403764 2.9499738
-3.0602474 -7.3395104 2.9499733
-3.0197356 -7.3411655 2.9499733
-2.980655 -7.3395305 2.9499731
-2.9407942 -7.3417497 2.9499731
-2.899694 -7.3403702 2.9499731
-2.859298 -7.3387418 2.9499729
-2.8209357 -7.3401179 2.9499726
-2.7788975 -7.340548 2.9499719
-2.7402129 -7.3401031 2.9499714
-2.6998851 -7.3393359 2.9499714
-2.6598561 -7.3405271 2.9499717
-2.6189101 -7.3391538 2.9499714
-2.579885 -7.3411646 2.9499707
-2.5409689 -7.3394513 2.949971
-2.5028009 -7.3419776 2.949971
-2.4616606 -7.339057 2.9499705
-2.4188178 -7.3385429 2.9499705
-2.3793714 -7.3405957 2.9499705
-2.3404756 -7.3403411 2.9499705
-2.3006256 -7.3419619 2.9499702
-2.2582674 -7.3415456 2.9499702
-2.2184699 -7.3374681 2.9499702
-2.1776342 -7.3399224 2.94997
-2.1381164 -7.3410416 2.94997
-2.1016054 -7.3414431 2.9499698
-2.0610349 -7.3386631 2.9499698
-2.0211086 -7.341485 2.9499698
-1.9802876 -7.3408637 2.9499693
-1.9410278 -7.3419504 2.9499691
-1.8982838 -7.3407178 2.9499688
-1.8569857 -7.3369689 2.9499686
-1.8202176 -7.3390579 2.9499686
-1.7789334 -7.3372097 2.9499686
-1.7426724 -7.3414321 2.9499683
-1.7058588 -7.345798 2.9499683
-1.6625249 -7.339303 2.9499681
-1.6153692 -7.3352866 2.9499679
-1.5786558 -7.3369312 2.9499681
-1.5429243 -7.3442688 2.9499679
-1.5007294 -7.3432627 2.9499679
-1.4549595 -7.3336143 2.9499674
-1.4202776 -7.3397155 2.9499674
-1.3853229 -7.3460875 2.9499674
-1.3366181 -7.3362055 2.9499669
-1.2985365 -7.3380532 2.9499669
-1.2661796 -7.3461947 2.9499669
-1.2172601 -7.3331046 2.9499667
-1.1857209 -7.3432331 2.9499664
-1.1429662 -7.3433442 2.9499664
-1.0907226 -7.3298163 2.9499662
-1.069474 -7.3508825 2.9499662
-1.0153106 -7.3372636 2.949966
-0.97970843 -7.3378577 2.949966
-0.94068998 -7.3418388 2.9499657
-0.88597167 -7.3244972 2.9499655
-0.86371917 -7.3465586 2.9499655
-0.80689406 -7.3290143 2.9499652
-0.78751493 -7.3482265 2.9499652
-0.72852707 -7.3304248 2.9499652
-0.70883304 -7.3499489 2.9499652
-0.6475696 -7.331881 2.9499645
-0.62755013 -7.3517284 2.9499645
-0.56728315 -7.3300238 2.9499645
-0.55031991 -7.3468413 2.9499645
-0.48770308 -7.3246818 2.949964
-0.46699929 -7.3452077 2.949964
-0.40184402 -7.3226347 2.9499638
-0.3807804 -7.3435173 2.9499638
-4.1003919 -7.3002925 2.9499793
-4.0601192 -7.2999926 2.9499791
-4.0200315 -7.3005586 2.9499788
-3.9801958 -7.3000898 2.9499781
-3.9402382 -7.3004971 2.9499779
-3.8998895 -7.3000474 2.9499776
-3.8601332 -7.3002844 2.9499774
-3.8203068 -7.3004065 2.9499769
-3.7802386 -7.2996521 2.9499764
-3.7400429 -7.3003187 2.9499762
-3.6999161 -7.3007178 2.9499757
-3.6596596 -7.3000302 2.9499755
-3.6196642 -7.3003306 2.949975
-3.5799184 -7.3003654 2.9499743
-3.5401585 -7.3002872 2.9499743
-3.5002294 -7.2997217 2.9499743
-3.460933 -7.3001833 2.9499741
-3.4200091 -7.3002429 2.9499741
-3.3804147 -7.300364 2.9499741
-3.3405278 -7.2995934 2.9499738
-3.3006299 -7.3000422 2.9499738
-3.2602355 -7.2999244 2.9499738
-3.2197583 -7.3011312 2.9499738
-3.1790757 -7.2997279 2.9499738
-3.1394567 -7.2998881 2.9499738
-3.0998375 -7.2996674 2.9499733
-3.0598984 -7.2999225 2.9499733
-3.0203395 -7.3018517 2.9499733
-2.9810808 -7.3005204 2.9499731
-2.9389942 -7.3002434 2.9499731
-2.8993888 -7.298995 2.9499729
-2.8615818 -7.2998219 2.9499726
-2.8201685 -7.2996335 2.9499729
-2.7810695 -7.3013391 2.9499714
-2.7393999 -7.3001623 2.9499714
-2.6991024 -7.3000126 2.9499714
-2.6600463 -7.2999873 2.9499712
-2.6211815 -7.2999396 2.9499707
-2.5800917 -7.2995148 2.9499707
-2.5392947 -7.3002706 2.9499705
-2.4983563 -7.300097 2.9499705
-2.459429 -7.2988219 2.9499705
-2.4199879 -7.3003297 2.9499705
-2.3796313 -7.3015227 2.9499705
-2.3384421 -7.3006229 2.9499702
-2.298418 -7.3017406 2.9499702
-2.2591605 -7.2971292 2.9499702
-2.2187958 -7.2991171 2.94997
-2.1797497 -7.2997675 2.94997
-2.1397984 -7.3004327 2.94997
-2.0989101 -7.3011146 2.9499698
-2.061106 -7.3010902 2.9499695
-2.0238464 -7.3024096 2.9499691
-1.9826242 -7.3007126 2.9499693
-1.9379137 -7.3014293 2.9499688
-1.897108 -7.2971921 2.9499686
-1.8607184 -7.2989063 2.9499686
-1.8199053 -7.2965908 2.9499683
-1.7806457 -7.2991958 2.9499683
-1.7408706 -7.302845 2.9499683
-1.6994674 -7.3026786 2.9499681
-1.6554747 -7.295527 2.9499681
-1.6198145 -7.2996025 2.9499679
-1.5852972 -7.3022614 2.9499679
-1.5419264 -7.3024211 2.9499676
-1.4939401 -7.2949691 2.9499674
-1.4595308 -7.3008003 2.9499674
-1.4248488 -7.3069015 2.9499674
-1.3767048 -7.296464 2.9499669
-1.3404655 -7.3024693 2.9499669
-1.3068427 -7.305882 2.9499669
-1.2555699 -7.2951241 2.9499667
-1.2203549 -7.2983294 2.9499664
-1.1848342 -7.3018365 2.9499664
-1.1301847 -7.2906942 2.9499662
-1.1089358 -7.3117604 2.9499662
-1.0584571 -7.2944894 2.949966
-1.0246404 -7.3048801 2.9499657
-0.98137569 -7.3015037 2.9499657
-0.92411911 -7.2866783 2.9499655
-0.90504539 -7.3055878 2.9499655
-0.84888148 -7.2873888 2.9499652
-0.8295027 -7.3066006 2.9499652
-0.76791519 -7.2913761 2.9499652
-0.74822092 -7.3109002 2.9499652
-0.68760848 -7.2921882 2.9499645
-0.66758895 -7.3120346 2.9499645
-0.60799503 -7.2896633 2.9499645
-0.58763915 -7.309844 2.9499645
-0.52911115 -7.2836308 2.949964
-0.508407 -7.3041563 2.949964
-0.44397211 -7.2808695 2.9499638
-0.42290816 -7.3017516 2.9499638
-4.100194 -7.2603559 2.9499791
-4.0603642 -7.2603669 2.9499784
-4.0200934 -7.2606769 2.9499784
-3.9800432 -7.2601004 2.9499779
-3.9403522 -7.2601833 2.9499776
-3.9003332 -7.2601357 2.9499774
-3.8599331 -7.2602015 2.9499769
-3.8197296 -7.2606912 2.9499767
-3.78001 -7.2596698 2.949976
-3.7403352 -7.2600164 2.9499757
-3.7003901 -7.2603688 2.9499755
-3.6605847 -7.260282 2.949975
-3.6197398 -7.2598314 2.9499745
-3.5798237 -7.2599816 2.9499743
-3.5405478 -7.2604513 2.9499743
-3.5003414 -7.2595081 2.9499741
-3.4599409 -7.2597952 2.9499741
-3.4199958 -7.260118 2.9499741
-3.3800693 -7.2603941 2.9499738
-3.3396676 -7.2590442 2.9499738
-3.2997794 -7.2594342 2.9499738
-3.2607121 -7.2601833 2.9499738
-3.2202611 -7.2603674 2.9499738
-3.1794498 -7.2596588 2.9499738
-3.1396577 -7.2586317 2.9499733
-3.10008 -7.2597165 2.9499733
-3.0602124 -7.2592082 2.9499733
-3.0209682 -7.2613029 2.9499731
-2.9803514 -7.259244 2.9499731
-2.9408088 -7.2592306 2.9499729
-2.9009938 -7.2597036 2.9499729
-2.860347 -7.258482 2.9499726
-2.8215892 -7.2600827 2.9499714
-2.7809753 -7.2589455 2.9499714
-2.7413695 -7.2603774 2.9499712
-2.700666 -7.2593703 2.9499712
-2.6614127 -7.2600551 2.9499707
-2.6208894 -7.259069 2.9499707
-2.5806389 -7.2592821 2.9499705
-2.540262 -7.2585535 2.9499705
-2.4994953 -7.2585602 2.9499705
-2.4610181 -7.2596531 2.9499705
-2.4215312 -7.2611136 2.9499705
-2.3796217 -7.259541 2.9499702
-2.3403907 -7.2601233 2.9499702
-2.2998505 -7.2567892 2.94997
-2.2599573 -7.2583094 2.94997
-2.2192578 -7.2575865 2.94997
-2.1774614 -7.2586889 2.94997
-2.1392021 -7.2600422 2.9499698
-2.1001666 -7.259069 2.9499698
-2.0601854 -7.2610626 2.9499693
-2.0217736 -7.2618999 2.9499693
-1.9800205 -7.259686 2.9499688
-1.9397376 -7.2549295 2.9499686
-1.9001647 -7.261436 2.9499686
-1.8574482 -7.2593713 2.9499686
-1.8201616 -7.2613974 2.9499683
-1.7866043 -7.265748 2.9499683
-1.7416872 -7.2608228 2.9499681
-1.6955799 -7.2557669 2.9499679
-1.6596867 -7.2600737 2.9499679
-1.6292678 -7.2693791 2.9499679
-1.5831231 -7.261579 2.9499679
-1.5329208 -7.2563248 2.9499674
-1.4987842 -7.2618856 2.9499674
-1.4643743 -7.2677169 2.9499674
-1.4167911 -7.2567229 2.9499669
-1.3808405 -7.2624426 2.9499669
-1.3446016 -7.2684493 2.9499669
-1.2938797 -7.2571449 2.9499667
-1.2589267 -7.2600894 2.9499664
-1.2237117 -7.2632942 2.9499664
-1.1696469 -7.2515731 2.9499662
-1.1514336 -7.269629 2.9499662
-1.0954397 -7.2578249 2.949966
-1.0769484 -7.2761569 2.949966
-1.0220612 -7.261169 2.9499657
-0.96544552 -7.2457085 2.9499655
-0.94637185 -7.2646179 2.9499655
-0.88763928 -7.2489648 2.9499652
-0.86826032 -7.2681766 2.9499652
-0.80730295 -7.2523274 2.9499652
-0.7876091 -7.271852 2.9499652
-0.7276476 -7.2524934 2.9499645
-0.70762783 -7.2723408 2.9499645
-0.64870679 -7.2493019 2.9499645
-0.62835091 -7.2694826 2.9499645
-0.56361747 -7.2494221 2.949964
-0.54636431 -7.2665267 2.9499638
-0.46503597 -7.2599869 2.9499638
-4.1404595 -7.220396 2.9499791
-4.1002946 -7.2202811 2.9499786
-4.0607772 -7.2204723 2.9499781
-4.0198178 -7.2204475 2.9499781
-3.9795234 -7.2201695 2.9499776
-3.9398017 -7.2205381 2.9499772
-3.9002047 -7.2198577 2.9499772
-3.8605986 -7.220665 2.9499764
-3.8202963 -7.2201791 2.9499762
-3.7802885 -7.2199864 2.9499757
-3.739965 -7.22016 2.9499753
-3.7001915 -7.2203083 2.9499748
-3.6604688 -7.2194519 2.9499745
-3.6197751 -7.2203746 2.9499743
-3.5791423 -7.2198181 2.9499743
-3.5401006 -7.219985 2.9499741
-3.5007944 -7.2197976 2.9499741
-3.4605043 -7.2206097 2.9499741
-3.4201694 -7.2197309 2.9499738
-3.37995 -7.2191091 2.9499738
-3.3403878 -7.2198248 2.9499738
-3.2999241 -7.2202396 2.9499738
-3.2599621 -7.2195377 2.9499738
-3.2195096 -7.219945 2.9499738
-3.1801245 -7.218514 2.9499733
-3.1402023 -7.2203107 2.9499733
-3.0992889 -7.2199469 2.9499731
-3.0601776 -7.2209177 2.9499731
-3.0197031 -7.2190771 2.9499731
-2.9787245 -7.2176743 2.9499729
-2.9405534 -7.2200785 2.9499726
-2.8987603 -7.2204003 2.9499722
-2.8589978 -7.2197647 2.9499717
-2.8192592 -7.21942 2.9499714
-2.7799063 -7.2186642 2.9499714
-2.7402036 -7.2186413 2.9499712
-2.6992016 -7.2184434 2.9499707
-2.6595373 -7.2205443 2.949971
-2.6204331 -7.2202187 2.9499705
-2.5795228 -7.2192192 2.9499705
-2.5382757 -7.2188826 2.9499705
-2.4997876 -7.2194076 2.9499705
-2.4622934 -7.2195725 2.9499705
-2.4200251 -7.2194858 2.9499702
-2.3783009 -7.2185955 2.9499702
-2.339695 -7.2200642 2.94997
-2.3000932 -7.2185192 2.94997
-2.2596233 -7.2195053 2.94997
-2.2205851 -7.2192402 2.9499698
-2.1806312 -7.2189703 2.9499695
-2.1397285 -7.2186928 2.9499695
-2.1006711 -7.2201662 2.9499691
-2.06337 -7.2206621 2.9499688
-2.0221272 -7.2179413 2.9499688
-1.9798599 -7.2151527 2.9499686
-1.9382912 -7.2181835 2.9499686
-1.899874 -7.2217855 2.9499686
-1.8614712 -7.2236571 2.9499683
-1.8256751 -7.2270141 2.9499683
-1.7812682 -7.2215824 2.9499681
-1.7356853 -7.2160068 2.9499681
-1.6973511 -7.2192588 2.9499681
-1.6624706 -7.2257528 2.9499679
-1.6215733 -7.2234602 2.9499676
-1.5746857 -7.2149196 2.9499674
-1.5368567 -7.2184854 2.9499671
-1.5039009 -7.2285318 2.9499671
-1.4568774 -7.2169824 2.9499669
-1.4212153 -7.2224159 2.9499669
-1.3852648 -7.2281356 2.9499669
-1.3351367 -7.2162428 2.9499664
-1.3041798 -7.2257953 2.9499664
-1.262589 -7.224751 2.9499664
-1.2091088 -7.2124505 2.9499662
-1.18786 -7.2335167 2.9499662
-1.1355041 -7.2181058 2.9499662
-1.0977279 -7.2208552 2.949966
-1.0596172 -7.2239366 2.9499657
-1.0067718 -7.2047377 2.9499655
-0.9845193 -7.226799 2.9499655
-0.92962736 -7.2073388 2.9499652
-0.90701813 -7.2297535 2.9499652
-0.84997296 -7.2100248 2.949965
-0.8269968 -7.2328033 2.9499652
-0.76768655 -7.2127995 2.9499645
-0.74766701 -7.2326469 2.9499645
-0.68941927 -7.2089405 2.9499643
-0.66906261 -7.2291212 2.9499645
-0.60502505 -7.2083707 2.949964
-0.58432126 -7.2288961 2.949964
-0.52120662 -7.2043009 2.9499638
-0.50014269 -7.225183 2.9499638
-0.41655716 -7.2177963 2.9499636
-0.39512062 -7.239048 2.9499636
-0.32996002 -7.2101436 2.9499633
-4.1399541 -7.1803427 2.9499784
-4.1005859 -7.1802015 2.9499781
-4.0598297 -7.1801677 2.9499781
-4.0202856 -7.1800666 2.9499774
-3.9808426 -7.1800971 2.9499774
-3.9407949 -7.180707 2.9499769
-3.9006338 -7.1799073 2.9499764
-3.8599021 -7.180284 2.9499762
-3.8201458 -7.1803617 2.9499755
-3.78038 -7.1802373 2.9499753
-3.7405007 -7.1805344 2.949975
-3.7004056 -7.1798606 2.9499745
-3.6603668 -7.1792984 2.9499743
-3.620204 -7.1807556 2.9499741
-3.5804045 -7.1800318 2.9499741
-3.5401938 -7.1802335 2.9499741
-3.5003202 -7.1801548 2.9499741
-3.4603407 -7.1808138 2.9499738
-3.4199722 -7.180017 2.9499738
-3.3795335 -7.1794257 2.9499738
-3.3397624 -7.1797633 2.9499738
-3.3007059 -7.1814342 2.9499738
-3.2600875 -7.1802955 2.9499738
-3.2191212 -7.1796551 2.9499733
-3.1793842 -7.1791787 2.9499731
-3.1411071 -7.1804609 2.9499731
-3.1020722 -7.1818609 2.9499731
-3.060153 -7.1801286 2.9499731
-3.0188563 -7.1778893 2.9499729
-2.9810352 -7.1810312 2.9499726
-2.9400508 -7.1794658 2.9499714
-2.9014821 -7.1808786 2.9499714
-2.8602195 -7.1803002 2.9499712
-2.8190901 -7.1798182 2.9499717
-2.7799294 -7.1792579 2.9499712
-2.7396753 -7.1799264 2.9499707
-2.7003386 -7.1800952 2.949971
-2.6606109 -7.1818476 2.9499705
-2.6198823 -7.1796188 2.9499705
-2.5801957 -7.1802783 2.9499705
-2.5403097 -7.1810441 2.9499705
-2.5014493 -7.1807542 2.9499705
-2.4597011 -7.1801515 2.9499702
-2.4185007 -7.1787434 2.9499702
-2.378602 -7.1820068 2.94997
-2.3399043 -7.1798925 2.94997
-2.3000231 -7.1805301 2.94997
-2.2593527 -7.1788244 2.94997
-2.2185187 -7.1814089 2.9499695
-2.180757 -7.1824708 2.9499691
-2.1418946 -7.1800575 2.9499693
-2.1025195 -7.18185 2.9499688
-2.0617571 -7.1786532 2.9499686
-2.0199819 -7.1753769 2.9499686
-1.9788338 -7.17799 2.9499686
-1.9407967 -7.1812158 2.9499683
-1.8995898 -7.1812768 2.9499683
-1.8609477 -7.1838021 2.9499683
-1.8208495 -7.1823425 2.9499681
-1.7784647 -7.1735969 2.9499681
-1.7405434 -7.1799135 2.9499679
-1.7048433 -7.1837449 2.9499679
-1.6627699 -7.1826186 2.9499674
-1.6164507 -7.1735144 2.9499674
-1.5783918 -7.1773081 2.9499671
-1.5462499 -7.1865478 2.9499671
-1.499827 -7.1744022 2.9499667
-1.4615902 -7.1823893 2.9499667
-1.4259279 -7.1878233 2.9499669
-1.3763936 -7.1753416 2.9499664
-1.3456405 -7.1846924 2.9499664
-1.3044573 -7.1832442 2.9499664
-1.2516065 -7.1703196 2.9499662
-1.2303576 -7.1913848 2.9499662
-1.1786505 -7.1753311 2.9499662
-1.1570773 -7.1967182 2.949966
-1.1034329 -7.1804986 2.9499655
-1.0449193 -7.1669192 2.9499655
-1.0258455 -7.1858287 2.9499655
-0.9683848 -7.1689153 2.9499652
-0.94900608 -7.1881275 2.9499652
-0.89264345 -7.1677227 2.9499652
-0.87294936 -7.1872463 2.9499652
-0.80772525 -7.1731057 2.9499645
-0.78770584 -7.1929526 2.9499645
-0.73013103 -7.1685801 2.9499643
-0.70977503 -7.1887603 2.9499643
-0.64643312 -7.1673198 2.949964
-0.62572885 -7.1878452 2.949964
-0.56333447 -7.1625357 2.9499638
-0.54227048 -7.1834183 2.9499638
-0.45943087 -7.175292 2.9499633
-0.43799424 -7.1965446 2.9499633
-0.36996865 -7.1704793 2.9499631
-0.35178295 -7.1885085 2.9499633
-0.26240808 -7.1801782 2.9499626
-4.1405115 -7.1405549 2.9499781
-4.1002278 -7.1402469 2.9499779
-4.0605011 -7.1398911 2.9499776
-4.020822 -7.1402164 2.9499772
-3.9802308 -7.1398745 2.9499772
-3.9399405 -7.1407557 2.9499764
-3.9002876 -7.1403441 2.949976
-3.8605893 -7.139874 2.9499757
-3.8207254 -7.1403522 2.9499755
-3.7800386 -7.140274 2.949975
-3.7398362 -7.1405277 2.9499743
-3.6996617 -7.140276 2.9499743
-3.6599236 -7.1395998 2.9499741
-3.6197641 -7.1407084 2.9499741
-3.5799668 -7.1395698 2.9499741
-3.5405436 -7.1404319 2.9499741
-3.500114 -7.1403861 2.9499738
-3.4602439 -7.1400919 2.9499738
-3.419399 -7.1398869 2.9499738
-3.3800826 -7.1407709 2.9499738
-3.3409436 -7.1400299 2.9499738
-3.299876 -7.1408496 2.9499738
-3.2595909 -7.1395345 2.9499733
-3.2184739 -7.1395955 2.9499733
-3.1793427 -7.140583 2.9499731
-3.1414289 -7.1403656 2.9499731
-3.0996304 -7.1409922 2.9499729
-3.0595815 -7.1391687 2.9499726
-3.021687 -7.140729 2.9499726
-2.980427 -7.1392636 2.9499714
-2.9403598 -7.1416812 2.9499714
-2.9003944 -7.1389852 2.9499714
-2.8598218 -7.1403489 2.9499714
-2.8196552 -7.1398754 2.949971
-2.7799413 -7.1400075 2.9499712
-2.739203 -7.1417751 2.9499707
-2.6991212 -7.1392622 2.9499705
-2.6591535 -7.1402745 2.9499705
-2.6189849 -7.1388688 2.9499705
-2.5795853 -7.1408486 2.9499705
-2.5406051 -7.1419349 2.9499705
-2.4993775 -7.1408172 2.9499702
-2.4587007 -7.1388898 2.9499702
-2.4173999 -7.1402521 2.94997
-2.3788683 -7.1404233 2.94997
-2.3406191 -7.1402841 2.94997
-2.3001628 -7.1403494 2.9499698
-2.2611423 -7.1391525 2.9499698
-2.2199309 -7.1403351 2.9499693
-2.1806338 -7.1416516 2.9499691
-2.141669 -7.1430383 2.9499688
-2.1013868 -7.1393642 2.9499686
-2.0575962 -7.1380858 2.9499686
-2.0127041 -7.136776 2.9499686
-1.9786707 -7.1391931 2.9499683
-1.9409616 -7.1402612 2.9499683
-1.9064207 -7.1469641 2.9499683
-1.8630694 -7.1404862 2.9499681
-1.8158964 -7.1364875 2.9499681
-1.775569 -7.1347642 2.9499679
-1.7428806 -7.1460357 2.9499679
-1.7012202 -7.1444993 2.9499674
-1.6554312 -7.1348701 2.9499674
-1.6221514 -7.1395817 2.9499674
-1.5885988 -7.1445632 2.9499671
-1.5399135 -7.1346612 2.9499667
-1.4979054 -7.1364136 2.9499667
-1.4665912 -7.1475105 2.9499667
-1.4176502 -7.1344404 2.9499664
-1.3806452 -7.1394196 2.9499664
-1.3433346 -7.144702 2.9499664
-1.2910684 -7.131197 2.9499657
-1.2728553 -7.1492538 2.9499657
-1.2156329 -7.1386666 2.9499662
-1.1628966 -7.1215472 2.9499655
-1.1409889 -7.1432667 2.9499655
-1.0862458 -7.1259489 2.9499655
-1.0671721 -7.1448579 2.9499655
-1.0071425 -7.1304913 2.9499652
-0.9877637 -7.1497035 2.9499652
-0.93203139 -7.1286736 2.9499652
-0.91233736 -7.1481986 2.9499652
-0.85110104 -7.1301041 2.9499645
-0.82774472 -7.1532588 2.9499645
-0.76744992 -7.1315823 2.9499643
-0.74709415 -7.1517625 2.9499643
-0.6878407 -7.1262689 2.949964
-0.66713691 -7.1467943 2.949964
-0.60546279 -7.1207709 2.9499636
-0.58439821 -7.1416535 2.9499638
-0.49515861 -7.1398721 2.9499633
-0.409978 -7.1308155 2.9499633
-0.38815513 -7.1524506 2.9499633
-0.32167053 -7.1214261 2.9499626
-0.29944706 -7.1434584 2.9499626
-0.2111969 -7.1303892 2.9499624
-0.19233148 -7.1490922 2.9499624
-4.1401539 -7.1005483 2.9499779
-4.1003585 -7.100039 2.9499776
-4.0605907 -7.1002254 2.9499772
-4.0208697 -7.1002364 2.9499772
-3.9809608 -7.1000876 2.9499764
-3.9407294 -7.1001606 2.9499762
-3.9002106 -7.1006002 2.9499757
-3.8605621 -7.1000037 2.9499753
-3.8201632 -7.1002841 2.9499748
-3.7803206 -7.1003923 2.9499743
-3.7404866 -7.1000438 2.9499743
-3.7004902 -7.1004434 2.9499741
-3.6602259 -7.100596 2.9499741
-3.6191216 -7.1002526 2.9499741
-3.5790954 -7.1000462 2.9499738
-3.5398676 -7.1005449 2.9499738
-3.4992704 -7.0991068 2.9499738
-3.4599462 -7.1003804 2.9499738
-3.4202688 -7.0997076 2.9499738
-3.379884 -7.1004477 2.9499738
-3.3390844 -7.100625 2.9499738
-3.2993701 -7.100296 2.9499733
-3.2599497 -7.0996966 2.9499733
-3.2197826 -7.0999765 2.9499731
-3.1793082 -7.1007781 2.9499731
-3.1388988 -7.1009092 2.9499729
-3.0996878 -7.0994072 2.9499726
-3.0603514 -7.1017199 2.9499729
-3.019968 -7.1001573 2.9499712
-2.9808812 -7.0989313 2.9499717
-2.9401934 -7.1010976 2.9499714
-2.8999002 -7.0986414 2.9499714
-2.8593805 -7.100492 2.949971
-2.8202074 -7.1000891 2.9499707
-2.7800004 -7.1013293 2.9499707
-2.7415593 -7.0997477 2.9499705
-2.7010648 -7.0987244 2.9499705
-2.6608279 -7.1003404 2.9499705
-2.6219561 -7.1001005 2.9499705
-2.5821068 -7.0998669 2.9499702
-2.5408094 -7.0999985 2.9499702
-2.5009847 -7.100913 2.9499702
-2.4580903 -7.0999122 2.94997
-2.4181056 -7.0985785 2.94997
-2.3799353 -7.1002297 2.94997
-2.3389771 -7.0998869 2.94997
-2.2990298 -7.1015911 2.9499695
-2.2595327 -7.0999212 2.9499693
-2.2210577 -7.1008162 2.9499691
-2.1808186 -7.1042256 2.9499688
-2.1410167 -7.1000762 2.9499686
-2.0977182 -7.0983095 2.9499686
-2.0533309 -7.096499 2.9499686
-2.0168507 -7.0991054 2.9499683
-1.9804186 -7.1025214 2.9499683
-1.9436003 -7.101862 2.9499683
-1.9000121 -7.1038623 2.9499681
-1.8586754 -7.0940762 2.9499681
-1.8214003 -7.0997529 2.9499679
-1.7863522 -7.1029387 2.9499676
-1.7424172 -7.1036577 2.9499676
-1.6944116 -7.0962248 2.9499674
-1.6614044 -7.100666 2.9499671
-1.6281246 -7.1053782 2.9499671
-1.5799999 -7.0949206 2.9499667
-1.5383762 -7.0962906 2.9499667
-1.5072544 -7.1071978 2.9499667
-1.4559602 -7.0964603 2.9499664
-1.419239 -7.1011591 2.9499664
-1.3852026 -7.1031952 2.9499664
-1.3305304 -7.0920753 2.949966
-1.3092816 -7.1131406 2.9499657
-1.2587799 -7.0958924 2.9499662
-1.2188295 -7.1007977 2.9499657
-1.1816744 -7.102931 2.9499655
-1.1275719 -7.0849786 2.9499655
-1.1053194 -7.107039 2.9499655
-1.0491302 -7.0888658 2.949965
-1.0297512 -7.1080775 2.949965
-0.97141933 -7.0896249 2.9499652
-0.9517253 -7.1091499 2.9499652
-0.89113998 -7.0904102 2.9499645
-0.87112057 -7.1102571 2.9499645
-0.80816174 -7.0912209 2.9499643
-0.78780597 -7.1114011 2.9499643
-0.72924829 -7.085218 2.949964
-0.70854449 -7.1057434 2.949964
-0.64056921 -7.0859666 2.9499636
-0.62301606 -7.1033688 2.9499636
-0.538032 -7.0973678 2.9499633
-0.51659536 -7.1186204 2.9499633
-0.45362377 -7.0875454 2.9499633
-0.43180084 -7.1091805 2.9499633
-0.34389392 -7.0993943 2.9499626
-0.25270128 -7.0892425 2.9499624
-0.23006265 -7.1116862 2.9499624
-4.0998373 -7.060112 2.9499774
-4.0596442 -7.0602317 2.9499769
-4.0201039 -7.0603428 2.9499762
-3.9801495 -7.0599365 2.9499762
-3.9395697 -7.0598121 2.9499757
-3.9002869 -7.0606213 2.9499753
-3.8605497 -7.0599351 2.949975
-3.8205986 -7.060112 2.9499745
-3.7803323 -7.0598235 2.9499741
-3.7400577 -7.0597925 2.9499741
-3.700536 -7.0606341 2.9499741
-3.6602235 -7.059505 2.9499741
-3.6200521 -7.0601711 2.9499738
-3.5745459 -7.062449 2.9406571
-3.5391066 -7.0725145 2.936286
-3.5006583 -7.0724859 2.9364536
-3.4610784 -7.072494 2.9363904
-3.4203739 -7.0724568 2.9364228
-3.3806937 -7.0725112 2.9363782
-3.3396692 -7.0725751 2.9363327
-3.3001246 -7.0726805 2.9367216
-3.2624598 -7.0725946 2.936583
-3.220175 -7.072608 2.9366121
-3.179877 -7.0726171 2.9367404
-3.1423986 -7.072444 2.9360757
-3.1000845 -7.0726662 2.9365954
-3.0597179 -7.0726132 2.9370182
-3.0223014 -7.0724955 2.9356995
-2.9797416 -7.0726666 2.9369378
-2.9406245 -7.0725169 2.9361517
-2.9032164 -7.0724344 2.9365642
-2.8614547 -7.0726247 2.9362147
-2.8181856 -7.0725598 2.9363027
-2.7782152 -7.0726666 2.9369342
-2.7407727 -7.0725942 2.9364748
-2.6997814 -7.0723948 2.9358354
-2.6572685 -7.0726657 2.9367974
-2.6185184 -7.0725064 2.9361811
-2.5778389 -7.0724711 2.9362934
-2.5407543 -7.0728369 2.9373078
-2.5027807 -7.0726695 2.9362311
-2.4604144 -7.0725083 2.9363623
-2.4213898 -7.0724387 2.9363725
-2.3817296 -7.0725884 2.9362981
-2.3407967 -7.0724945 2.9363184
-2.2992492 -7.0726738 2.9362311
-2.2562749 -7.0725608 2.9362581
-2.2168014 -7.072938 2.9373336
-2.1779644 -7.0726719 2.93645
-2.138248 -7.0724993 2.936671
-2.0995598 -7.0722375 2.9346085
-2.0616622 -7.0728292 2.9369462
-2.019392 -7.0725679 2.9360104
-1.9752637 -7.0729589 2.9371777
-1.9367098 -7.0728149 2.9373019
-1.9014913 -7.0722504 2.9357147
-1.8576484 -7.072504 2.9357886
-1.8180016 -7.0730805 2.9376857
-1.7771752 -7.0725789 2.936399
-1.737524 -7.0722609 2.9356205
-1.705834 -7.0732937 2.9376042
-1.6624064 -7.07266 2.9363301
-1.6180558 -7.072577 2.9371572
-1.5843122 -7.0722699 2.9339614
-1.5424236 -7.0728145 2.9376285
-1.4961221 -7.0722766 2.935487
-1.460276 -7.0727444 2.9358594
-1.4206889 -7.0732207 2.9380693
-1.3822744 -7.0722833 2.9349861
-1.3461709 -7.0728779 2.9376025
-1.3009721 -7.0725651 2.9378941
-1.2651358 -7.0722899 2.934737
-1.2222611 -7.0729389 2.9369624
-1.1825281 -7.0722957 2.9359477
-1.1410513 -7.072701 2.9364018
-1.0952955 -7.0723004 2.9347992
-1.0551221 -7.0732422 2.9374568
-1.0192633 -7.0723052 2.9371889
-0.98653209 -7.072845 2.9363027
-0.93901396 -7.0723109 2.9371805
-0.89421886 -7.072536 2.9355371
-0.85608149 -7.0723157 2.9371655
-0.82141602 -7.072999 2.9361966
-0.78268433 -7.0723205 2.9357784
-0.74434072 -7.0726981 2.9371891
-0.69421792 -7.0723252 2.935745
-0.65382844 -7.0736632 2.9380078
-0.61589575 -7.0723305 2.9342892
-0.57586074 -7.0723329 2.9385598
-0.5386095 -7.072876 2.9352417
-0.49383569 -7.0723381 2.9371145
-0.46666989 -7.0726008 2.9399307
-0.42344964 -7.0723433 2.9341564
-0.37681055 -7.0735998 2.9414299
-0.33652639 -7.0723476 2.9325969
-0.29204273 -7.072351 2.9370854
-0.26390108 -7.0729957 2.9398549
-0.21615911 -7.0723557 2.9340136
-4.1004348 -7.0205946 2.9499767
-4.0606656 -7.0202222 2.9499764
-4.0201073 -7.019958 2.9499762
-3.9799991 -7.0203195 2.9499755
-3.9409249 -7.0196919 2.9499753
-3.9008179 -7.0202694 2.949975
-3.8599212 -7.0199566 2.9499745
-3.8193581 -7.0195627 2.9499743
-3.7794247 -7.0195298 2.9499741
-3.740577 -7.0207067 2.9499741
-3.6999869 -7.0196624 2.9499741
-3.6598392 -7.0199919 2.9499738
-3.6213813 -7.0198159 2.9499738
-3.5773199 -7.0217552 2.94102
-4.1001115 -6.9808044 2.9499764
-4.0598702 -6.9799662 2.949976
-4.0200868 -6.9799867 2.9499757
-3.9802315 -6.980382 2.9499753
-3.9401305 -6.9808283 2.9499748
-3.9004188 -6.9798613 2.9499743
-3.8607287 -6.9798684 2.9499743
-3.8203301 -6.9794989 2.9499741
-3.7803273 -6.9805827 2.9499741
-3.740171 -6.9806566 2.9499741
-3.7002115 -6.9799728 2.9499738
-3.6602924 -6.9800982 2.9499738
-3.6205659 -6.9804401 2.9499738
-3.5770617 -6.9807339 2.9408412
-4.1000643 -6.9403019 2.949976
-4.0607858 -6.9401431 2.9499755
-4.0205884 -6.9404569 2.9499755
-3.979815 -6.9406643 2.9499748
-3.9396708 -6.9400153 2.9499745
-3.8996623 -6.9403119 2.9499743
-3.8599613 -6.9398623 2.9499741
-3.8196657 -6.9403548 2.9499741
-3.7804947 -6.9398513 2.9499738
-3.739959 -6.9403119 2.9499738
-3.7001178 -6.9395895 2.9499738
-3.6595316 -6.9403634 2.9499738
-3.6205096 -6.9398627 2.9499738
-3.5776825 -6.9412432 2.9415231
-4.1000714 -6.9001293 2.9499757
-4.0597677 -6.9005055 2.9499755
-4.0196605 -6.9006386 2.9499748
-3.9800003 -6.9000292 2.9499743
-3.9405303 -6.8994336 2.9499743
-3.9002872 -6.9005852 2.9499741
-3.8601084 -6.9009395 2.9499741
-3.820502 -6.899755 2.9499738
-3.7803347 -6.8998032 2.9499738
-3.7404423 -6.9001217 2.9499738
-3.6995018 -6.9004183 2.9499738
-3.6596596 -6.9000969 2.9499738
-3.6206894 -6.8993955 2.9499738
-3.577038 -6.9001346 2.9408503
-4.060102 -6.8610682 2.9499748
-4.0194173 -6.8609552 2.9499745
-3.9793429 -6.8599715 2.9499741
-3.9392555 -6.8603249 2.9499741
-3.8998823 -6.8608294 2.9499741
-3.8600187 -6.8610125 2.9499738
-3.8206782 -6.8602819 2.9499738
-3.7802696 -6.8601289 2.9499738
-3.7398179 -6.8604488 2.9499738
-3.7005284 -6.8608694 2.9499738
-3.6608827 -6.860724 2.9499738
-3.6205318 -6.8599238 2.9499738
-3.5772529 -6.8587661 2.9407907
-4.0602007 -6.8205218 2.9499745
-4.0195761 -6.8200784 2.9499743
-3.9798436 -6.8204689 2.9499741
-3.9402273 -6.8203535 2.9499741
-3.8995051 -6.8205962 2.9499738
-3.8599 -6.8204355 2.9499738
-3.8198738 -6.8208652 2.9499738
-3.7801344 -6.8204803 2.9499738
-3.7408199 -6.8199916 2.9499738
-3.7008934 -6.8201714 2.9499738
-3.6611829 -6.8208389 2.9499738
-3.6207387 -6.8207364 2.9499733
-3.5773816 -6.8193111 2.9413917
-4.0603027 -6.7803793 2.9499741
-4.0211511 -6.7791352 2.9499741
-3.9806623 -6.7802672 2.9499741
-3.9409115 -6.7803822 2.9499738
-3.9001839 -6.7795024 2.9499738
-3.8597503 -6.7808104 2.9499738
-3.8197942 -6.780179 2.9499738
-3.780668 -6.7807798 2.9499738
-3.7406938 -6.7804232 2.9499738
-3.7005539 -6.7796063 2.9499736
-3.6598103 -6.7804432 2.9499733
-3.6209517 -6.7802429 2.9499733
-3.5772858 -6.7792053 2.9407909
-4.0602288 -6.7395682 2.9499741
-4.0209613 -6.740612 2.9499741
-3.9807315 -6.7400694 2.9499738
-3.9399562 -6.7402835 2.9499738
-3.9007411 -6.7396512 2.9499738
-3.8601282 -6.7401929 2.9499738
-3.8204954 -6.7406468 2.9499738
-3.7799816 -6.7404561 2.9499738
-3.7397475 -6.7407498 2.9499736
-3.700557 -6.7391906 2.9499733
-3.6614389 -6.7401042 2.9499731
-3.6206934 -6.7401295 2.9499731
-3.5767817 -6.7388053 2.9408879
-4.0596685 -6.700367 2.9499738
-4.0199676 -6.7006221 2.9499738
-3.9809487 -6.7004313 2.9499738
-3.9405391 -6.6996846 2.9499738
-3.8996797 -6.6998343 2.9499738
-3.8600936 -6.7001204 2.9499738
-3.8201921 -6.700736 2.9499738
-3.7806861 -6.6994867 2.9499733
-3.7412155 -6.7004781 2.9499733
-3.6995323 -6.6997619 2.9499731
-3.6581962 -6.699121 2.9499731
-3.6192956 -6.7000608 2.9499729
-3.5775874 -6.7004943 2.9415901
-4.0597796 -6.6603098 2.9499738
-4.0203128 -6.6608095 2.9499738
-3.9808359 -6.6602468 2.9499738
-3.9396145 -6.660243 2.9499738
-3.8998501 -6.6602764 2.9499738
-3.8605342 -6.6609063 2.9499738
-3.8206408 -6.6605539 2.9499736
-3.7802804 -6.6601534 2.9499731
-3.7401192 -6.6604176 2.9499731
-3.6995828 -6.659152 2.9499731
-3.6596582 -6.6597385 2.9499731
-3.6205685 -6.660604 2.9499729
-3.5769231 -6.6608558 2.9406865
-4.0204587 -6.6209645 2.9499738
-3.979969 -6.6202364 2.9499738
-3.9406178 -6.6202917 2.9499738
-3.900713 -6.6209087 2.9499738
-3.8607202 -6.62082 2.9499736
-3.8201323 -6.6205688 2.9499731
-3.7797861 -6.6202798 2.9499731
-3.7397938 -6.6191039 2.9499731
-3.6996593 -6.6203904 2.9499731
-3.6601152 -6.6201406 2.9499729
-3.6203938 -6.6210575 2.9499729
-3.5773005 -6.620564 2.9411018
-4.0203233 -6.5802302 2.9499738
-3.9797273 -6.5806737 2.9499738
-3.9395144 -6.5804739 2.9499738
-3.9007573 -6.5803933 2.9499736
-3.8600099 -6.5802445 2.9499731
-3.8194683 -6.5800424 2.9499731
-3.7784147 -6.5799389 2.9499731
-3.7390046 -6.5792236 2.9499729
-3.6999476 -6.5795774 2.9499729
-3.6607471 -6.5808434 2.9499729
-3.6194386 -6.5797477 2.9499722
-3.5763764 -6.5802383 2.9405153
-4.0209074 -6.5406938 2.9499738
-3.9818223 -6.5398135 2.9499738
-3.9416132 -6.5406237 2.9499736
-3.8998852 -6.5407109 2.9499731
-3.8600113 -6.5398483 2.9499731
-3.8197498 -6.54002 2.9499731
-3.7801027 -6.5392761 2.9499731
-3.7402325 -6.5401726 2.9499729
-3.700876 -6.5410609 2.9499729
-3.6596117 -6.5399208 2.9499717
-3.6208172 -6.5398674 2.9499714
-3.5775456 -6.5391221 2.9413242
-4.0212984 -6.5012178 2.9499736
-3.9801569 -6.5002189 2.9499733
-3.9390459 -6.4995718 2.9499736
-3.8997092 -6.5004902 2.9499731
-3.8600619 -6.4989944 2.9499731
-3.8202252 -6.500555 2.9499729
-3.7806015 -6.5001516 2.9499729
-3.740412 -6.5018649 2.9499717
-3.699784 -6.5000944 2.9499712
-3.6615732 -6.4994621 2.9499714
-3.6209869 -6.5000749 2.9499712
-3.5767462 -6.5007443 2.9404507
-4.0187578 -6.4597063 2.9499736
-3.9789598 -6.460001 2.9499736
-3.9402237 -6.4593935 2.9499731
-3.9003837 -6.4589815 2.9499731
-3.8602273 -6.4577847 2.9499729
-3.8207223 -6.4598432 2.9499729
-3.7810814 -6.4607735 2.9499722
-3.7409141 -6.45926 2.9499712
-3.7000175 -6.4588099 2.9499712
-3.6600904 -6.4593711 2.9499714
-3.6200941 -6.4582591 2.9499712
-3.5770833 -6.4612584 2.9414201
-3.9798532 -6.4201055 2.9499731
-3.9390328 -6.4197426 2.9499731
-3.8987198 -6.4186859 2.9499729
-3.8592637 -6.4192142 2.9499729
-3.8208957 -6.4194999 2.9499722
-3.7802064 -6.4191122 2.9499712
-3.7386231 -6.4197125 2.9499714
-3.7002916 -6.4195175 2.9499712
-3.6594744 -6.4182892 2.9499712
-3.6204238 -6.4197645 2.9499707
-3.5768433 -6.4214606 2.9409614
-3.9802802 -6.3798113 2.9499731
-3.9407938 -6.3807464 2.9499731
-3.9003689 -6.3796511 2.9499729
-3.8614776 -6.3808208 2.9499719
-3.8203983 -6.3792672 2.9499712
-3.7791679 -6.380547 2.9499714
-3.7412961 -6.3808036 2.9499712
-3.7011335 -6.3799601 2.9499712
-3.6603708 -6.3805041 2.9499707
-3.6191802 -6.3795967 2.9499707
-3.5768092 -6.3813105 2.940393
-3.9790502 -6.3390479 2.9499729
-3.9400985 -6.3397918 2.9499729
-3.9010291 -6.3416095 2.9499729
-3.8605897 -6.3394222 2.9499712
-3.8188369 -6.3391986 2.9499714
-3.7804646 -6.3418007 2.9499712
-3.7384801 -6.3396425 2.9499712
-3.6994684 -6.3396273 2.9499707
-3.6598706 -6.3405757 2.9499707
-3.6194651 -6.339365 2.9499705
-3.5759592 -6.3406811 2.9406884
-3.9788768 -6.2990718 2.9499724
-3.9400156 -6.3014069 2.9499714
-3.9007814 -6.2995758 2.9499712
-3.8593109 -6.3005514 2.9499714
-3.8206856 -6.3001599 2.9499714
-3.7800145 -6.2997165 2.9499712
-3.7404249 -6.300797 2.949971
-3.6991336 -6.3003311 2.9499707
-3.6592953 -6.2998786 2.9499705
-3.6195014 -6.2998314 2.9499705
-3.5771868 -6.2990184 2.9412827
-3.9791408 -6.2599988 2.9499714
-3.939913 -6.260777 2.9499712
-3.9001105 -6.2601037 2.9499714
-3.8599825 -6.2603183 2.9499712
-3.8187037 -6.2601089 2.9499712
-3.7795105 -6.2602744 2.949971
-3.7406642 -6.2591586 2.9499707
-3.7004116 -6.2611217 2.9499705
-3.6598756 -6.2598057 2.9499705
-3.6205227 -6.2606077 2.9499705
-3.5775497 -6.260438 2.9418342
-3.9801052 -6.220932 2.9499712
-3.9398074 -6.2188687 2.9499712
-3.9001591 -6.2213712 2.9499712
-3.8602428 -6.2189283 2.9499707
-3.8203921 -6.2201676 2.949971
-3.7799442 -6.2202177 2.9499707
-3.7394812 -6.2203832 2.9499705
-3.7002497 -6.2197785 2.9499705
-3.6614225 -6.2200599 2.9499705
-3.6193316 -6.220047 2.9499705
-3.5755794 -6.2221313 2.9396765
-3.9786689 -6.1796513 2.9499714
-3.9402902 -6.180366 2.9499714
-3.8989275 -6.1805773 2.9499707
-3.8608534 -6.1796331 2.9499707
-3.8195317 -6.1785684 2.9499707
-3.7793112 -6.1808963 2.9499705
-3.7406235 -6.1797528 2.9499705
-3.7012675 -6.1810479 2.9499705
-3.6608064 -6.1789298 2.9499705
-3.6192725 -6.1805282 2.9499702
-3.5763845 -6.1778502 2.9407721
-3.9404659 -6.1393967 2.9499707
-3.9017067 -6.1409054 2.9499707
-3.858845 -6.1395941 2.9499707
-3.8201993 -6.1400819 2.9499705
-3.7809973 -6.1397266 2.9499705
-3.7402921 -6.1418691 2.9499705
-3.6988382 -6.1388278 2.9499705
-3.6595347 -6.1394076 2.9499702
-3.6208298 -6.1414719 2.9499702
-3.5776029 -6.1378441 2.9416702
-3.9395626 -6.0997944 2.9499707
-3.9003444 -6.1003308 2.9499707
-3.8613579 -6.0995564 2.9499705
-3.8197401 -6.1001902 2.9499705
-3.7797334 -6.1009569 2.9499705
-3.7396085 -6.1008062 2.9499705
-3.6996496 -6.0996385 2.9499702
-3.6609654 -6.1011405 2.9499702
-3.6207743 -6.099854 2.9499702
-3.5762596 -6.0976043 2.9403505
-3.9395373 -6.0600257 2.9499705
-3.9003658 -6.0585928 2.9499705
-3.8601294 -6.0601492 2.9499705
-3.820658 -6.0603843 2.9499705
-3.7795856 -6.0592933 2.9499705
-3.7394037 -6.0602264 2.9499702
-3.7016485 -6.0613494 2.9499702
-3.6612232 -6.0601749 2.9499702
-3.6190538 -6.0593915 2.94997
-3.5764825 -6.0574551 2.9405017
-3.9415433 -6.020061 2.9499705
-3.9005189 -6.0201082 2.9499705
-3.8601398 -6.0187373 2.9499705
-3.8195262 -6.0191803 2.9499702
-3.7795184 -6.0204573 2.9499702
-3.7398727 -6.0217314 2.9499702
-3.7012997 -6.0216098 2.9499702
-3.6601279 -6.0189385 2.94997
-3.6175237 -6.0188594 2.94997
-3.5762198 -6.0215802 2.9408031
-3.9409082 -5.9800663 2.9499705
-3.90219 -5.9795551 2.9499705
-3.8614247 -5.9796357 2.9499702
-3.8215547 -5.9787831 2.9499702
-3.7824678 -5.9812274 2.9499702
-3.7430189 -5.9819093 2.9499702
-3.6994464 -5.9799595 2.94997
-3.6573663 -5.9793596 2.94997
-3.6180825 -5.9790387 2.9499698
-3.5766749 -5.9830308 2.9418433
-3.8968503 -5.9393744 2.9499705
-3.8597031 -5.9395175 2.9499702
-3.8207366 -5.9415646 2.9499702
-3.7795575 -5.9400945 2.94997
-3.7388916 -5.9403386 2.94997
-3.6992719 -5.9387813 2.94997
-3.6584122 -5.9390564 2.9499698
-3.6186469 -5.9403057 2.9499693
-3.5753584 -5.9409218 2.9397185
-3.8996451 -5.899919 2.9499702
-3.8596742 -5.9000087 2.9499702
-3.8200982 -5.9001493 2.9499702
-3.7819366 -5.9010539 2.94997
-3.7391021 -5.8992934 2.94997
-3.6987405 -5.899075 2.9499698
-3.6594489 -5.8998556 2.9499695
-3.6187809 -5.9006758 2.9499695
-3.5763657 -5.898767 2.9406505
-3.9016006 -5.8613973 2.94997
-3.8611641 -5.8591919 2.94997
-3.8200312 -5.8601456 2.94997
-3.778933 -5.8598065 2.94997
-3.7390702 -5.8590937 2.9499698
-3.7002513 -5.8594055 2.9499693
-3.6600723 -5.8597398 2.9499695
-3.6189058 -5.8600979 2.9499693
-3.5765741 -5.8593311 2.940974
-3.899992 -5.8206978 2.94997
-3.8575611 -5.8192267 2.94997
-3.8198256 -5.8182998 2.9499698
-3.7793994 -5.8191118 2.9499698
-3.7410533 -5.818954 2.9499693
-3.7012994 -5.8209715 2.9499693
-3.6606991 -5.8186646 2.9499693
-3.6190333 -5.8207288 2.9499688
-3.5761185 -5.8188529 2.9400916
-3.8989775 -5.7787976 2.94997
-3.859668 -5.778801 2.9499698
-3.8200176 -5.7812567 2.9499698
-3.7796893 -5.7785945 2.9499695
-3.7381439 -5.7802372 2.9499693
-3.7001171 -5.7817378 2.9499691
-3.6613126 -5.7788129 2.9499688
-3.619163 -5.7804317 2.9499686
-3.5760152 -5.7796144 2.9405696
-3.8995106 -5.7393017 2.9499698
-3.8603168 -5.7413049 2.9499693
-3.8202095 -5.7401066 2.9499695
-3.7794621 -5.739275 2.9499691
-3.7396419 -5.7404017 2.9499691
-3.6988945 -5.7415552 2.9499688
-3.6592345 -5.7400618 2.9499686
-3.6192961 -5.7391758 2.9499686
-3.5762787 -5.7402391 2.9409487
-3.858927 -5.7020969 2.9499693
-3.82078 -5.6983132 2.9499693
-3.7814343 -5.6989689 2.9499688
-3.7411737 -5.6996398 2.9499686
-3.6999648 -5.7003269 2.9499686
-3.6601501 -5.7009826 2.9499686
-3.6221931 -5.6995926 2.9499683
-3.5779557 -5.6997819 2.9406502
-3.8596363 -5.6618953 2.9499688
-3.8181682 -5.6598625 2.9499688
-3.7783022 -5.6600776 2.9499688
-3.740051 -5.6599417 2.9499686
-3.7009909 -5.6604939 2.9499686
-3.6610744 -5.6610465 2.9499683
-3.6230533 -5.6619577 2.9499683
-3.5776925 -5.6584411 2.9409854
-3.8603771 -5.620707 2.9499688
-3.8210347 -5.6204672 2.9499688
-3.7807655 -5.6202216 2.9499686
-3.7395375 -5.6199698 2.9499686
-3.6996937 -5.619719 2.9499683
-3.6623399 -5.6230097 2.9499683
-3.6239436 -5.6235423 2.9499683
-3.5775895 -5.6146097 2.9406927
-3.8582273 -5.580842 2.9499686
-3.8183639 -5.5801287 2.9499686
-3.7801092 -5.5790896 2.9499686
-3.7410262 -5.578743 2.9499683
-3.7010765 -5.5783772 2.9499683
-3.6636434 -5.5841837 2.9499683
-3.6248643 -5.5843215 2.9499681
-3.580653 -5.576817 2.9436412
-3.8615668 -5.5401168 2.9499686
-3.8211524 -5.5413675 2.9499683
-3.7799411 -5.5401635 2.9499683
-3.740432 -5.539361 2.9499683
-3.7013471 -5.540421 2.9499683
-3.659312 -5.5436258 2.9499681
-3.6199992 -5.5433297 2.9499681
-3.5761476 -5.539391 2.9411111
-3.8188558 -5.5015841 2.9499683
-3.7797871 -5.5003448 2.9499683
-3.7411175 -5.5009933 2.9499681
-3.6995065 -5.503778 2.9499681
-3.6606259 -5.5030527 2.9499681
-3.6201532 -5.4961929 2.9499681
-3.5753853 -5.4973278 2.9400427
-3.8217216 -5.4611082 2.9499683
-3.7795651 -5.4588871 2.9499681
-3.7397003 -5.4639306 2.9499681
-3.7012525 -5.4627762 2.9499681
-3.658726 -5.4579535 2.9499681
-3.6151016 -5.4530058 2.9499676
-3.5798421 -5.4619064 2.9440074
-3.8193796 -5.4194155 2.9499681
-3.7814925 -5.4214077 2.9499681
-3.7418792 -5.4224992 2.9499681
-3.6972988 -5.4197135 2.9499679
-3.6541722 -5.4142723 2.9499676
-3.6192844 -5.4191861 2.9499674
-3.5779068 -5.4267755 2.9395399
-3.8216984 -5.3815479 2.9499681
-3.7825058 -5.3822227 2.9499681
-3.7384427 -5.3789229 2.9499679
-3.6989932 -5.3767219 2.9499676
-3.6580029 -5.3775039 2.9499674
-3.623631 -5.3849411 2.9499674
-3.5774541 -5.3793807 2.9407287
-3.8231328 -5.3419461 2.9499681
-3.7795868 -5.3381338 2.9499679
-3.7389336 -5.3382735 2.9499674
-3.7001221 -5.339045 2.9499674
-3.6619737 -5.3401604 2.9499674
-3.6233127 -5.3446441 2.9499671
-3.5776563 -5.3358994 2.9417503
-3.8181596 -5.2998934 2.9499679
-3.7739878 -5.2954884 2.9499674
-3.7368243 -5.2993617 2.9499674
-3.7030025 -5.3062539 2.9499674
-3.6660917 -5.3022337 2.9499671
-3.6181004 -5.2976832 2.9499667
-3.5745628 -5.3015871 2.9394374
-3.7788622 -5.2576861 2.9499674
-3.7414849 -5.2613339 2.9499671
-3.7035236 -5.2651248 2.9499671
-3.6587443 -5.2573895 2.9499667
-3.6176105 -5.2553315 2.9499667
-3.5809507 -5.26689 2.9422362
-3.7865968 -5.2233796 2.9499671
-3.7463028 -5.2227139 2.9499671
-3.6966779 -5.2197828 2.9499667
-3.6511965 -5.2113256 2.9499667
-3.6250935 -5.2234478 2.9499664
-3.5775197 -5.2213054 2.9414062
-3.7837343 -5.1856046 2.9499671
-3.7400315 -5.1768031 2.9499667
-3.6953881 -5.1782236 2.9499669
-3.6636763 -5.1851974 2.9499664
-3.62395 -5.1833134 2.9499664
-3.5757084 -5.176208 2.9429297
-3.7779655 -5.1391954 2.9499667
-3.7335896 -5.1296425 2.9499667
-3.7057786 -5.1462088 2.9499667
-3.6629303 -5.1446686 2.9499664
-3.6157043 -5.1349244 2.9499664
-3.5760834 -5.1432424 2.9382062
-3.77756 -5.0967598 2.9499667
-3.7413628 -5.099926 2.9499664
-3.7019107 -5.1060238 2.9499664
-3.65523 -5.0957394 2.9499662
-3.621346 -5.1002479 2.949966
-3.5800412 -5.1019573 2.9423451
-3.780025 -5.0615969 2.9499664
-3.7436759 -5.0646191 2.9499664
-3.694756 -5.0565543 2.9499662
-3.6611521 -5.0607848 2.949966
-3.6272683 -5.0652924 2.949966
-3.5741012 -5.0552073 2.9405332
-3.7371047 -5.0145707 2.9499662
-3.700958 -5.0213213 2.949966
-3.6673546 -5.0255523 2.949966
-3.6159286 -5.0166936 2.9499657
-3.5866964 -5.0251441 2.9499655
-3.7372782 -4.9756198 2.9499657
-3.7074406 -4.9858108 2.949966
-3.6565914 -4.9763803 2.9499657
-3.6217322 -4.9801445 2.9499655
-3.7475269 -4.9460702 2.949966
-3.6972549 -4.9360681 2.9499657
-3.6664536 -4.9460735 2.9499655
-3.6278329 -4.9433022 2.9499655
-3.7350132 -4.8986344 2.9499657
-3.6941099 -4.8981261 2.9499655
-3.6631958 -4.9082441 2.9499655
-3.6131754 -4.8944201 2.9499655
-3.7351685 -4.8574214 2.9499655
-3.7044525 -4.8673429 2.9499655
-3.6520526 -4.8558779 2.9499655
-3.6311185 -4.8766317 2.9499655
-3.5828991 -4.8591151 2.9499648
-3.6939206 -4.8143716 2.9499652
-3.6621826 -4.8240623 2.9499652
-3.6193254 -4.8230023 2.9499648
-3.5671074 -4.8074551 2.9499652
-3.7148542 -4.7936172 2.9499652
-3.6618226 -4.7808714 2.9499648
-3.607172 -4.7677364 2.9499648
-3.5886807 -4.7860684 2.9499648
-3.7012844 -4.7417498 2.9499648
-3.6472361 -4.7280164 2.9499648
-3.625663 -4.749404 2.9499648
-3.5727341 -4.7324743 2.9499645
-3.6873007 -4.6882982 2.9499648
-3.6688094 -4.7066298 2.9499648
-3.6134195 -4.6921401 2.9499645
-3.5946417 -4.7107563 2.9499645
-3.705792 -4.6699662 2.9499648
-3.6509752 -4.6549077 2.9499645
-3.6321976 -4.6735239 2.9499645
-3.5785382 -4.6551328 2.9499643
-3.5594642 -4.6740422 2.9499643
-3.672883 -4.6331887 2.9499645
-3.6166854 -4.6173143 2.9499643
-3.5976117 -4.6362238 2.9499643
-3.6357589 -4.5984054 2.9499643
-3.563735 -4.4408455 2.9499633
-3.5837543 -4.4209986 2.9499633
-3.5629921 -4.3601298 2.9499631
-3.5426364 -4.3803101 2.9499631
-3.5320246 -4.1291771 2.9499619
-3.4870117 -4.0802979 2.9499617
-3.5233831 -4.04424 2.9499617
-3.5051975 -4.0622692 2.9499617
-3.4959049 -3.9745462 2.9499614
-3.4773855 -3.9929061 2.9499614
0 0 0 1 0 0 0 1 0 0 0 1 0 0 0 0 0 9386 1 0 0
